kind,judge_id,judge_name,corps_key,corps_name,caption,division,n,mean_residual,raw_mean_residual,shrinkage_mean_residual,se,ci95_low,ci95_high,mean_abs_residual,positive_pct,z,seasons
judge_caption,g-oliviero-1,George Oliviero,,,VP,,56,-1.5671,,-1.3712,0.1869,-1.9335,-1.2007,1.703,0.1786,-8.3825,"2015,2016,2017,2018,2019,2022"
judge_caption,g-markham-1,Garland Markham,,,MB,,38,-1.6248,,-1.3422,0.3876,-2.3844,-0.8651,2.1109,0.4737,-4.192,"2014,2015,2016"
judge_caption,j-webb-1,Jay Webb,,,MP,,66,-1.3854,,-1.2356,0.2217,-1.82,-0.9508,1.5389,0.2273,-6.2481,"2015,2016,2017,2019,2023,2024,2025"
judge_caption,r-greenwell-1,Randy Greenwell,,,MB,,86,-1.2521,,-1.1456,0.2383,-1.7191,-0.7851,1.8165,0.3605,-5.2554,"2014,2016,2018,2019,2022"
judge_caption,m-hoskins-1,Mark Hoskins,,,MA,,48,-1.2199,,-1.0457,0.2552,-1.7201,-0.7198,1.6052,0.3333,-4.7809,"2015,2016,2017,2018,2022,2023"
judge_caption,j-howell-1,John Howell,,,VA,,53,-1.2029,,-1.0451,0.3245,-1.8389,-0.5669,1.7799,0.5849,-3.7069,"2016,2018,2022,2024"
judge_caption,p-mcgarr-1,Paul McGarr,,,GE2,,41,-1.2,,-1.0041,0.3165,-1.8204,-0.5796,1.5125,0.3415,-3.7911,"2015,2016,2019,2023"
judge_caption,g-llacer-1,Greg Llacer,,,VP,,30,-1.2664,,-0.9998,0.1706,-1.6009,-0.932,1.3045,0.1,-7.4217,"2024,2025"
judge_caption,m-hoskins-1,Mark Hoskins,,,GE2,,50,-1.147,,-0.9888,0.2254,-1.5888,-0.7052,1.6405,0.28,-5.0883,"2015,2018,2019,2022,2025"
judge_caption,j-queen-1,Jeff Queen,,,MP,,89,-1.0357,,-0.9503,0.2367,-1.4996,-0.5718,1.615,0.4494,-4.376,"2014,2015,2016,2017,2018"
judge_caption,g-llacer-1,Greg Llacer,,,CG,,42,-1.1301,,-0.9493,0.3034,-1.7247,-0.5355,1.6565,0.5,-3.7252,"2023,2024,2025"
judge_caption,n-jones-1,Nola Jones,,,MB,,69,-1.0365,,-0.9288,0.2174,-1.4626,-0.6105,1.4427,0.3623,-4.7684,"2013,2015,2016,2017,2019,2024,2025"
judge_caption,c-costanza-1,Curtis Costanza,,,VA,,52,-1.0691,,-0.9266,0.2847,-1.6272,-0.5111,1.8091,0.3654,-3.7549,"2013,2016,2017,2019,2022,2024"
judge_caption,s-bertelle-1,Sandra Bertelle,,,GE1,,64,1.0049,,0.8932,0.0951,0.8185,1.1913,1.0909,0.9375,10.566,"2014,2015,2016,2017"
judge_caption,r-overvliet-1,Robby Overvliet,,,CG,,39,0.9657,,0.8014,0.1216,0.7274,1.204,1.0035,0.9487,7.9428,2015
judge_caption,k-weirich-1,Kyle Weirich,,,MB,,76,-0.8264,,-0.7477,0.1936,-1.2058,-0.447,1.2507,0.4079,-4.2693,"2014,2015,2016,2017,2022,2024"
judge_caption,g-oliviero-1,George Oliviero,,,CG,,205,-0.7708,,-0.7419,0.1356,-1.0366,-0.505,1.3373,0.5659,-5.6833,"2013,2014,2015,2016,2017,2018,2019,2022,2025"
judge_caption,g-oliviero-1,George Oliviero,,,GE1,,132,-0.7524,,-0.7094,0.1435,-1.0336,-0.4712,1.1219,0.5303,-5.2435,"2013,2014,2015,2017,2018,2019,2022,2023,2024"
judge_caption,w-whaley-1,WL Whaley,,,MB,,53,0.8141,,0.7074,0.0913,0.6352,0.9931,0.8928,0.8679,8.9176,"2013,2014,2015,2016,2018"
judge_caption,j-kennedy-1,Jay Kennedy,,,MP,,58,0.8049,,0.7073,0.1612,0.4889,1.1209,1.1117,0.8103,4.9922,"2013,2016,2019"
judge_caption,c-quamme-1,Chad Quamme,,,GE1,,32,-0.8815,,-0.7052,0.3335,-1.5352,-0.2277,1.3878,0.5,-2.6428,"2019,2022"
judge_caption,t-hudnall-1,Tim Hudnall,,,CG,,57,-0.7943,,-0.6966,0.1902,-1.1672,-0.4215,1.3431,0.3684,-4.1758,"2022,2023,2024,2025"
judge_caption,k-miller-1,Kyle Miller,,,CG,,118,-0.7433,,-0.6961,0.1593,-1.0555,-0.4311,1.2506,0.4661,-4.6666,"2013,2015,2018,2019,2022,2023,2024"
judge_caption,j-sterrett-1,Jeffrey Sterrett,,,VA,,38,0.8101,,0.6692,0.1879,0.4417,1.1784,0.9978,0.8421,4.3105,2013
judge_caption,l-appel-1,Luther Appel,,,MB,,40,0.799,,0.6658,0.1091,0.5851,1.0129,0.8859,0.9,7.3215,"2013,2014,2016,2017"
judge_caption,e-martinez-1,Ed Martinez,,,GE1,,58,0.756,,0.6644,0.0612,0.6362,0.8759,0.8098,0.9655,12.3617,"2018,2019"
judge_caption,m-mcgahey-1,Mark McGahey,,,MB,,170,-0.6676,,-0.6376,0.1217,-0.9061,-0.429,1.0881,0.5118,-5.4846,"2013,2014,2015,2016,2017,2022,2023,2025"
judge_caption,c-dillon-1,Christine Dillon,,,GE1,,114,0.6793,,0.6348,0.0671,0.5478,0.8108,0.8336,0.8509,10.1234,"2013,2015,2016,2017,2019,2023,2025"
judge_caption,d-deems-1,Don Deems,,,CG,,211,0.6579,,0.6338,0.0836,0.494,0.8217,1.0555,0.8626,7.8694,"2014,2015,2016,2017,2018,2019,2022,2023,2024,2025"
judge_caption,c-nelson-1,Carl Nelson,,,VA,,226,-0.6315,,-0.6099,0.114,-0.8549,-0.4082,1.3025,0.5133,-5.5418,"2013,2014,2015,2016,2017,2018,2019,2022,2023,2024,2025"
judge_caption,r-solomon-1,Robert Solomon,,,GE1,,89,-0.6416,,-0.5887,0.1532,-0.9419,-0.3414,1.141,0.4494,-4.1881,"2017,2018,2019,2022,2024,2025"
judge_caption,t-ochran-1,Timothy Ochran,,,GE1,,153,-0.6159,,-0.5853,0.1075,-0.8266,-0.4052,1.0607,0.4379,-5.7284,"2013,2015,2016,2017,2018,2019,2023,2024,2025"
judge_caption,r-isoda-1,Randolph Isoda,,,MA,,70,-0.6508,,-0.5841,0.171,-0.986,-0.3156,1.102,0.4143,-3.8049,"2013,2014,2015,2016,2017"
judge_caption,j-sturgeon-1,Jim Sturgeon,,,CG,,98,-0.6298,,-0.5822,0.2434,-1.1068,-0.1528,1.5707,0.6327,-2.5878,"2016,2017,2018,2019,2022,2023,2025"
judge_caption,s-chumley-1,Shirl Chumley,,,GE1,,46,-0.671,,-0.5716,0.2055,-1.0738,-0.2682,1.1525,0.4565,-3.2647,"2018,2019,2022,2023,2025"
judge_caption,w-whaley-1,WL Whaley,,,GE2,,121,0.6082,,0.5705,0.0626,0.4856,0.7308,0.7324,0.876,9.7217,"2013,2014,2015,2016,2018,2019"
judge_caption,r-ellis-1,Ron Ellis,,,MB,,34,0.7021,,0.5684,0.0501,0.6039,0.8004,0.7085,0.9706,14.0102,"2017,2018,2019"
judge_caption,s-page-1,Steven Page,,,GE2,,81,0.6234,,0.5674,0.0759,0.4747,0.7722,0.7358,0.8519,8.2135,"2013,2014,2015,2016,2017,2024"
judge_caption,g-boulden-1,George Boulden,,,GE2,,65,0.6335,,0.5641,0.1128,0.4124,0.8546,0.8867,0.8923,5.6168,"2013,2014,2015,2016,2017"
judge_caption,b-spidel-1,Brandon Spidel,,,GE1,,64,-0.6337,,-0.5633,0.1461,-0.92,-0.3474,0.9383,0.375,-4.3386,"2018,2022,2023,2024,2025"
judge_caption,c-nelson-1,Carl Nelson,,,CG,,35,0.6911,,0.5625,0.1488,0.3994,0.9828,0.9557,0.8571,4.6433,"2013,2016,2022,2024"
judge_caption,e-argenziano-1,Ed Argenziano,,,MP,,88,0.6089,,0.5582,0.077,0.4581,0.7598,0.7809,0.8523,7.9105,"2015,2016,2017,2018"
judge_caption,k-weirich-1,Kyle Weirich,,,MA,,148,0.5868,,0.5567,0.0624,0.4645,0.709,0.7978,0.8176,9.405,"2016,2017,2018,2019,2022,2023,2025"
judge_caption,a-kristensen-1,Allan Kristensen,,,MP,,402,-0.5642,,-0.5532,0.0922,-0.7449,-0.3835,1.2993,0.5498,-6.1202,"2013,2014,2015,2016,2017,2018,2019,2022,2023,2024"
judge_caption,j-mills-1,Jeff Mills,,,MB,,102,0.5896,,0.5467,0.0796,0.4336,0.7456,0.8285,0.8431,7.4062,"2017,2018,2019,2022,2023,2024"
judge_caption,s-chumley-1,Shirl Chumley,,,VP,,60,0.618,,0.5453,0.1365,0.3504,0.8855,0.9996,0.7833,4.5276,"2019,2022,2023,2024,2025"
judge_caption,j-mills-1,Jeff Mills,,,GE2,,35,0.6659,,0.542,0.159,0.3542,0.9776,0.8676,0.8857,4.1874,"2017,2022,2023,2025"
judge_caption,d-argul-1,Dennis Argul,,,MB,,281,0.5481,,0.5329,0.0325,0.4844,0.6118,0.6505,0.8719,16.8532,"2014,2015,2016,2017,2019,2024,2025"
judge_caption,j-gilley-1,Jackie Gilley,,,VA,,97,0.576,,0.5321,0.093,0.3938,0.7582,0.8563,0.7732,6.1966,"2014,2015,2016,2017,2022,2023"
judge_caption,p-hinman-1,Paul Hinman,,,MB,,37,0.6458,,0.531,0.1256,0.3996,0.8921,0.848,0.8649,5.1401,"2013,2014,2016,2017"
judge_caption,p-furnari-1,Peter Furnari,,,MA,,137,0.5593,,0.5285,0.0561,0.4495,0.6692,0.7156,0.8978,9.9792,"2016,2017,2018,2019,2025"
judge_caption,m-calima-1,Mark Calima,,,GE2,,63,0.5941,,0.5272,0.0486,0.4988,0.6894,0.6266,0.9524,12.2165,"2016,2017,2018"
judge_caption,b-fabrizio-1,Beth Fabrizio,,,MA,,150,0.549,,0.5212,0.0832,0.3859,0.7121,0.9671,0.8267,6.5962,"2013,2014,2016,2017,2018,2022,2023,2024,2025"
judge_caption,m-anderson-1,Mike Anderson,,,VP,,38,-0.6299,,-0.5204,0.2223,-1.0656,-0.1942,1.046,0.3947,-2.8335,"2014,2019"
judge_caption,k-turner-1,Ken Turner,,,MB,,34,-0.6403,,-0.5183,0.3247,-1.2767,-0.0039,1.6456,0.5588,-1.9719,"2013,2015,2018,2019,2023"
judge_caption,m-czapinksi-1,Marie Czapinksi,,,CG,,79,-0.5672,,-0.5151,0.1935,-0.9464,-0.1881,1.3092,0.5823,-2.932,"2013,2014,2015,2022"
judge_caption,m-kelly-1,Mickey Kelly,,,CG,,85,-0.5632,,-0.5147,0.1992,-0.9537,-0.1727,1.2895,0.6118,-2.8268,"2013,2014,2015,2016,2017,2018"
judge_caption,j-orefice-1,Juno Orefice,,,GE1,,57,0.5762,,0.5053,0.0637,0.4514,0.701,0.6294,0.9298,9.0482,"2013,2014,2016,2017,2019,2022,2024"
judge_caption,j-denton-1,Joel Denton,,,MB,,96,0.5445,,0.5026,0.064,0.419,0.6699,0.7146,0.8646,8.5067,"2014,2015,2016,2018,2022,2023,2024"
judge_caption,s-chumley-1,Shirl Chumley,,,CG,,57,0.57,,0.4998,0.1263,0.3224,0.8176,0.8889,0.807,4.5117,"2018,2019,2022,2023,2024"
judge_caption,m-tarr-1,Mike Tarr,,,VA,,31,-0.6265,,-0.498,0.3035,-1.2215,-0.0316,1.3854,0.5806,-2.0642,"2022,2023,2024"
judge_caption,c-dillon-1,Christine Dillon,,,CG,,280,0.5122,,0.4979,0.0799,0.3556,0.6687,1.1168,0.8179,6.413,"2013,2014,2015,2016,2017,2018,2019,2022,2023,2025"
judge_caption,m-waymire-1,Mark Waymire,,,MA,,102,0.536,,0.497,0.0771,0.3849,0.687,0.7294,0.8824,6.9537,"2016,2017,2018,2019,2022,2023"
judge_caption,j-gilley-1,Jackie Gilley,,,GE1,,141,0.5221,,0.4941,0.0786,0.368,0.6761,0.8138,0.8014,6.6421,"2013,2014,2015,2017,2018,2019,2023,2024,2025"
judge_caption,c-raichle-1,Chris Raichle,,,VP,,38,-0.5806,,-0.4796,0.3226,-1.2128,0.0517,1.3694,0.6579,-1.7998,"2022,2023,2024,2025"
judge_caption,g-fugett-1,Glenn Fugett,,,MP,,180,-0.5008,,-0.4795,0.1037,-0.7041,-0.2975,1.0472,0.5,-4.8287,"2013,2014,2015,2016,2017,2018,2019,2023,2025"
judge_caption,n-jones-1,Nola Jones,,,MA,,217,-0.4971,,-0.4794,0.092,-0.6775,-0.3167,0.9283,0.4332,-5.4006,"2013,2014,2015,2016,2017,2018,2019,2022,2023,2024,2025"
judge_caption,g-fugett-1,Glenn Fugett,,,MA,,148,-0.5026,,-0.4768,0.1178,-0.7335,-0.2717,0.9049,0.5,-4.2657,"2014,2015,2017,2018,2019,2022,2023,2024,2025"
judge_caption,c-nelson-1,Carl Nelson,,,GE1,,124,0.5057,,0.4751,0.0613,0.3855,0.6259,0.7008,0.8306,8.2445,"2014,2015,2016,2017,2018,2019,2022,2024,2025"
judge_caption,j-mills-1,Jeff Mills,,,MA,,57,0.5258,,0.4611,0.1084,0.3133,0.7383,0.8089,0.8421,4.8492,"2017,2018,2019,2023,2025"
judge_caption,t-wingate-1,Travis Wingate,,,CG,,66,0.5162,,0.4604,0.0747,0.3698,0.6627,0.6807,0.8788,6.9087,"2019,2022,2023,2024"
judge_caption,k-lejeune-1,Kendall LeJeune,,,GE1,,41,0.5431,,0.4544,0.0647,0.4162,0.6699,0.6015,0.9512,8.3926,"2024,2025"
judge_caption,j-denton-1,Joel Denton,,,GE2,,223,0.4668,,0.4506,0.0434,0.3816,0.5519,0.6346,0.8744,10.7446,"2013,2014,2015,2016,2017,2018,2022,2023,2024,2025"
judge_caption,r-saucedo-1,Richard Saucedo,,,GE2,,152,-0.4737,,-0.45,0.1396,-0.7473,-0.2002,0.9814,0.6053,-3.394,"2017,2018,2019"
judge_caption,c-church-1,CHRIS CHURCH,,,VP,,52,0.5081,,0.4404,0.1393,0.2351,0.7812,0.9123,0.8462,3.6476,"2017,2019,2023,2024,2025"
judge_caption,f-miller-1,Frank Miller,,,CG,,32,0.5491,,0.4393,0.087,0.3786,0.7196,0.6102,0.8438,6.3106,"2013,2014"
judge_caption,p-mcgarr-1,Paul McGarr,,,MA,,132,-0.4654,,-0.4388,0.1002,-0.6618,-0.269,0.8689,0.4015,-4.6449,"2013,2014,2015,2016,2017,2019,2022,2024"
judge_caption,j-gilley-1,Jackie Gilley,,,VP,,177,0.4571,,0.4374,0.076,0.3083,0.606,0.8488,0.8362,6.0181,"2013,2016,2017,2018,2019,2022,2023,2024,2025"
judge_caption,d-henderson-1,Doug Henderson,,,CG,,31,0.548,,0.4356,0.091,0.3697,0.7263,0.652,0.8387,6.0229,"2024,2025"
judge_caption,p-hinman-1,Paul Hinman,,,GE2,,74,0.476,,0.4295,0.0504,0.3771,0.5748,0.516,0.8919,9.4373,"2013,2014,2015,2016,2017"
judge_caption,l-eubanks-1,Lynda Eubanks,,,MB,,31,0.5402,,0.4294,0.1067,0.3309,0.7494,0.6729,0.8065,5.0605,"2013,2014,2015"
judge_caption,k-miller-1,Kyle Miller,,,VA,,39,-0.5168,,-0.4289,0.2697,-1.0455,0.0118,1.0503,0.6667,-1.9162,"2016,2018,2023,2024,2025"
judge_caption,c-marra-1,Chris Marra,,,MB,,106,-0.461,,-0.4286,0.1937,-0.8407,-0.0813,1.5024,0.6038,-2.3798,"2016,2018,2019,2022,2023,2024,2025"
judge_caption,c-crotts-1,Cameron Crotts,,,MB,,31,0.5382,,0.4278,0.0475,0.445,0.6314,0.5487,0.9677,11.3224,2013
judge_caption,j-loyde-1,Jager Loyde,,,MA,,52,-0.492,,-0.4264,0.1933,-0.8709,-0.1131,1.115,0.4808,-2.5448,"2022,2023,2024,2025"
judge_caption,j-campbell-1,Jackie Campbell,,,VP,,30,0.5344,,0.4219,0.052,0.4325,0.6363,0.5383,0.9667,10.2802,"2023,2024,2025"
judge_caption,m-griffin-1,Marty Griffin,,,GE2,,33,0.5211,,0.4195,0.0835,0.3575,0.6848,0.6063,0.8485,6.2408,"2013,2016,2017,2023"
judge_caption,b-williams-1,Blair Williams,,,MP,,95,0.4537,,0.4185,0.1078,0.2424,0.6651,0.9509,0.7368,4.2072,"2018,2019,2022,2023,2024,2025"
judge_caption,m-brown-1,Michael Brown,,,MB,,34,0.5162,,0.4179,0.0834,0.3527,0.6798,0.6011,0.8529,6.1875,"2023,2024"
judge_caption,t-pierce-1,Tim Pierce,,,CG,,30,0.5264,,0.4156,0.1019,0.3267,0.7261,0.6587,0.9,5.1671,"2019,2022"
judge_caption,j-bell-1,John Bell,,,MA,,124,0.4409,,0.4141,0.0668,0.3099,0.5718,0.6962,0.7903,6.5991,"2013,2014,2015,2016,2017,2018,2019,2022,2024"
judge_caption,t-hall-1,Troy Hall,,,MP,,161,0.4325,,0.412,0.0562,0.3222,0.5427,0.6878,0.8075,7.6909,"2015,2016,2017,2018,2019,2022,2023"
judge_caption,s-calhoun-1,Steve Calhoun,,,GE2,,72,0.4577,,0.4119,0.0899,0.2815,0.6339,0.6944,0.8056,5.0904,"2015,2016,2017,2018"
judge_caption,c-dillon-1,Christine Dillon,,,VA,,89,0.4436,,0.407,0.1115,0.2251,0.6621,0.8727,0.7079,3.9795,"2013,2014,2015,2016,2017,2022,2023,2024"
judge_caption,r-overvliet-1,Robby Overvliet,,,VP,,76,0.4493,,0.4065,0.1037,0.2461,0.6525,0.8509,0.7237,4.3335,"2014,2015,2019"
judge_caption,g-boulden-1,George Boulden,,,MA,,88,0.4409,,0.4042,0.0784,0.2872,0.5945,0.6718,0.8636,5.6242,"2015,2016,2017,2018"
judge_caption,j-harper-1,Jeff Harper,,,GE2,,198,-0.4196,,-0.4033,0.0799,-0.5763,-0.2629,0.7787,0.4899,-5.2488,"2013,2014,2015,2016,2017,2018,2022,2023"
judge_caption,t-landess-1,Tim Landess,,,CG,,128,-0.4271,,-0.402,0.1401,-0.7017,-0.1526,1.2036,0.625,-3.049,"2019,2022,2023,2024"
judge_caption,m-czapinksi-1,Marie Czapinksi,,,GE1,,203,-0.4159,,-0.4002,0.1334,-0.6774,-0.1545,1.0831,0.6108,-3.1182,"2013,2014,2015,2022"
judge_caption,k-shuttlesworth-1,Kim Shuttlesworth,,,MB,,88,0.4362,,0.3998,0.112,0.2167,0.6556,0.8726,0.8182,3.8952,"2019,2022,2024,2025"
judge_caption,l-eubanks-1,Lynda Eubanks,,,MA,,40,0.4784,,0.3987,0.1373,0.2093,0.7475,0.7915,0.825,3.4847,"2013,2014,2015"
judge_caption,j-campbell-1,Jackie Campbell,,,CG,,117,0.4209,,0.394,0.0757,0.2726,0.5693,0.7105,0.8462,5.5609,"2023,2024,2025"
judge_caption,c-clayton-fisher-1,Christine Clayton Fisher,,,GE1,,42,0.4573,,0.3841,0.1265,0.2092,0.7053,0.7315,0.7857,3.6133,"2014,2023,2024"
judge_caption,b-huneycutt-1,Brad Huneycutt,,,MA,,41,0.4584,,0.3836,0.078,0.3055,0.6114,0.5673,0.878,5.8755,"2019,2022,2023"
judge_caption,t-wingate-1,Travis Wingate,,,VA,,221,0.3927,,0.379,0.0325,0.329,0.4564,0.5091,0.8462,12.0851,"2019,2022,2023,2024,2025"
judge_caption,b-spidel-1,Brandon Spidel,,,VA,,30,0.4792,,0.3783,0.1734,0.1393,0.8191,0.9605,0.8333,2.7632,"2019,2022,2024"
judge_caption,j-pursifull-1,Jack Pursifull,,,VA,,146,0.3985,,0.3778,0.0357,0.3285,0.4685,0.4838,0.863,11.1577,"2022,2023,2024,2025"
judge_caption,t-slaughter-1,Tom Slaughter,,,GE1,,30,0.4777,,0.3772,0.052,0.3758,0.5797,0.4928,0.9333,9.1812,"2022,2023,2024,2025"
judge_caption,t-johnston-1,Tim Johnston,,,MA,,35,-0.4611,,-0.3753,0.2154,-0.8832,-0.0389,0.9053,0.5429,-2.1406,"2016,2017,2018,2019"
judge_caption,d-orser-1,David Orser,,,MB,,114,0.4005,,0.3742,0.0591,0.2846,0.5163,0.6091,0.8246,6.7737,"2017,2018,2019,2022,2023,2024,2025"
judge_caption,s-calhoun-1,Steve Calhoun,,,MA,,68,0.4161,,0.3723,0.0968,0.2265,0.6058,0.6832,0.7941,4.2999,"2013,2015,2016,2017,2018"
judge_caption,j-rhodes-1,Jodie Rhodes,,,MA,,46,-0.4345,,-0.3702,0.189,-0.805,-0.0641,0.9053,0.587,-2.2992,"2019,2022,2023,2025"
judge_caption,a-cook-1,Andrew Cook,,,MA,,161,-0.3851,,-0.3669,0.1387,-0.657,-0.1133,1.2309,0.6522,-2.7765,"2013,2014,2015,2016,2017,2018,2022,2024,2025"
judge_caption,j-denton-1,Joel Denton,,,MA,,42,0.4353,,0.3657,0.059,0.3197,0.5509,0.5285,0.9524,7.3819,"2013,2015,2016,2024"
judge_caption,l-carlson-1,Lee Carlson,,,VA,,44,-0.4305,,-0.3642,0.2371,-0.8952,0.0342,1.0821,0.5909,-1.8156,"2013,2014,2016"
judge_caption,c-rothe-1,Caleb Rothe,,,MA,,121,-0.387,,-0.363,0.133,-0.6477,-0.1263,1.0402,0.5289,-2.9099,"2013,2014,2015,2016,2017,2019,2023,2024"
judge_caption,m-anderson-1,Mike Anderson,,,CG,,49,0.4212,,0.3621,0.1353,0.156,0.6864,0.8501,0.7959,3.1129,"2014,2015,2018"
judge_caption,c-costanza-1,Curtis Costanza,,,GE1,,274,0.3724,,0.3618,0.0747,0.2259,0.5189,0.9685,0.7044,4.9822,"2013,2014,2015,2016,2018,2019,2022,2023,2024,2025"
judge_caption,j-rhodes-1,Jodie Rhodes,,,GE2,,274,0.371,,0.3604,0.055,0.2632,0.4787,0.6875,0.8139,6.7496,"2022,2023,2024,2025"
judge_caption,w-rickart-1,Warren Rickart,,,CG,,185,0.369,,0.3537,0.0577,0.2558,0.4821,0.6157,0.8054,6.3914,"2019,2022,2023,2024,2025"
judge_caption,k-baker-1,Keith Baker,,,VP,,153,0.3655,,0.3474,0.0616,0.2447,0.4864,0.6767,0.7582,5.9305,"2013,2014,2015,2016,2017,2018,2022"
judge_caption,t-cole-1,Tim Cole,,,VP,,37,0.4222,,0.3472,0.1162,0.1944,0.65,0.6814,0.7568,3.6333,"2014,2015"
judge_caption,a-snipes-1,Aaron Snipes,,,GE2,,68,0.3864,,0.3457,0.0881,0.2137,0.5591,0.6372,0.8824,4.3859,"2024,2025"
judge_caption,w-whaley-1,WL Whaley,,,MA,,44,0.4083,,0.3455,0.1295,0.1545,0.6621,0.7338,0.8864,3.1529,"2013,2014,2015,2018"
judge_caption,m-mcgahey-1,Mark McGahey,,,MA,,122,-0.3679,,-0.3453,0.132,-0.6266,-0.1093,0.949,0.5902,-2.7883,"2014,2015,2016,2017,2024"
judge_caption,m-tarr-1,Mike Tarr,,,GE1,,59,-0.3836,,-0.3378,0.1893,-0.7547,-0.0126,1.0296,0.6102,-2.0267,"2022,2023,2024,2025"
judge_caption,k-giese-1,Ken Giese,,,VP,,100,-0.3627,,-0.3359,0.1791,-0.7137,-0.0117,1.1881,0.61,-2.0255,"2013,2014,2015,2016"
judge_caption,m-davis-1,Mike Davis,,,MP,,497,0.3408,,0.3354,0.0428,0.2569,0.4247,0.7683,0.7807,7.9627,"2013,2014,2015,2016,2017,2018,2019,2022,2023,2024,2025"
judge_caption,m-kelly-1,Mickey Kelly,,,GE1,,433,-0.3408,,-0.3346,0.0708,-0.4796,-0.2019,0.8726,0.6513,-4.8107,"2013,2014,2015,2016,2017,2018,2019"
judge_caption,b-fabrizio-1,Beth Fabrizio,,,GE2,,65,0.3757,,0.3346,0.1289,0.1231,0.6283,0.8866,0.7385,2.9154,"2013,2016,2018,2019,2022,2023"
judge_caption,b-brahan-1,Beverly Brahan,,,CG,,116,0.356,,0.3331,0.0584,0.2415,0.4705,0.5697,0.8362,6.0949,"2022,2023,2024,2025"
judge_caption,t-hall-1,Troy Hall,,,MA,,61,0.3747,,0.3313,0.0713,0.235,0.5144,0.5137,0.7213,5.2579,"2016,2017,2018,2022"
judge_caption,k-turner-1,Ken Turner,,,GE2,,384,0.3377,,0.3308,0.0467,0.2461,0.4293,0.7339,0.7734,7.2253,"2013,2014,2015,2016,2017,2018,2019,2022,2023,2024,2025"
judge_caption,t-slaughter-1,Tom Slaughter,,,VA,,217,0.3412,,0.329,0.0541,0.2351,0.4473,0.6132,0.8525,6.303,"2019,2022,2023,2024,2025"
judge_caption,r-isoda-1,Randolph Isoda,,,GE2,,108,0.3527,,0.3283,0.1098,0.1374,0.5679,0.9831,0.6759,3.2109,"2013,2016,2017,2018"
judge_caption,s-adamo-1,Sal Adamo,,,GE1,,89,0.3559,,0.3265,0.0399,0.2777,0.434,0.4336,0.8989,8.9259,"2013,2014,2016,2017,2018,2019,2022,2024,2025"
judge_caption,t-wemhoff-1,Ted Wemhoff,,,CG,,32,0.4067,,0.3253,0.0968,0.217,0.5963,0.6197,0.7813,4.2027,2018
judge_caption,k-baker-1,Keith Baker,,,GE1,,163,0.3404,,0.3245,0.0584,0.226,0.4548,0.6243,0.7607,5.832,"2013,2016,2017,2019,2022,2023,2024,2025"
judge_caption,r-kemp-1,Richard Kemp,,,GE1,,424,-0.3255,,-0.3194,0.0699,-0.4624,-0.1885,0.8873,0.559,-4.658,"2013,2014,2015,2016,2017,2018,2019"
judge_caption,k-kuhn-1,Kim Kuhn,,,CG,,71,-0.3553,,-0.3193,0.1592,-0.6674,-0.0432,0.9981,0.493,-2.2316,"2016,2017,2018,2019,2022,2023"
judge_caption,j-tate-1,Jeremy Tate,,,VA,,51,0.3678,,0.318,0.0922,0.1871,0.5486,0.6505,0.7059,3.9895,"2022,2023,2024,2025"
judge_caption,j-webb-1,Jay Webb,,,GE2,,234,-0.3261,,-0.3153,0.0781,-0.4791,-0.1731,0.7292,0.5043,-4.1768,"2013,2014,2015,2018,2019,2022,2023,2024,2025"
judge_caption,t-wemhoff-1,Ted Wemhoff,,,VA,,44,0.3722,,0.315,0.0852,0.2052,0.5392,0.5638,0.8182,4.3685,"2018,2022,2023"
judge_caption,j-orefice-1,Juno Orefice,,,VA,,166,0.3292,,0.3141,0.0883,0.1561,0.5024,0.9415,0.7651,3.7267,"2013,2014,2015,2016,2017,2018,2019,2022,2023,2025"
judge_caption,f-morris-1,Frank Morris,,,VP,,57,0.3581,,0.314,0.1242,0.1146,0.6015,0.7973,0.7719,2.883,"2013,2014,2015"
judge_caption,j-allison-dma-1,Joseph Allison DMA,,,GE2,,80,-0.343,,-0.3118,0.1421,-0.6215,-0.0644,0.8291,0.5375,-2.4129,2013
judge_caption,k-baker-1,Keith Baker,,,CG,,48,0.3628,,0.311,0.1515,0.066,0.6597,0.8019,0.75,2.3955,"2013,2014,2015,2018,2023,2024"
judge_caption,t-hall-1,Troy Hall,,,GE2,,40,0.3731,,0.3109,0.2053,-0.0292,0.7755,0.9835,0.675,1.8176,"2016,2017,2018,2019"
judge_caption,m-waymire-1,Mark Waymire,,,GE2,,234,0.3208,,0.3102,0.0457,0.2313,0.4104,0.5863,0.7778,7.019,"2015,2016,2017,2018,2019,2022,2023"
judge_caption,s-page-1,Steven Page,,,MA,,59,0.3513,,0.3094,0.0822,0.1901,0.5125,0.5734,0.8305,4.2713,"2014,2015,2019,2022,2023,2024"
judge_caption,t-fox-1,Todd Fox,,,MP,,278,0.3164,,0.3076,0.0388,0.2403,0.3925,0.5643,0.7734,8.1482,"2013,2014,2016,2017,2019,2022,2023,2024"
judge_caption,j-brooks-1,Jeff Brooks,,,MP,,396,0.3114,,0.3053,0.0578,0.1982,0.4247,0.9213,0.7828,5.3908,"2018,2019,2022,2023,2024,2025"
judge_caption,m-bowers-1,Michele Bowers,,,CG,,223,0.3161,,0.3051,0.0781,0.1629,0.4692,0.8837,0.8565,4.0458,"2014,2015,2016,2017,2018,2019,2022,2023,2024"
judge_caption,m-rubino-1,Mike Rubino,,,GE2,,58,0.3466,,0.3045,0.0953,0.1598,0.5333,0.547,0.7414,3.6368,"2013,2015,2016,2017"
judge_caption,d-argul-1,Dennis Argul,,,MA,,67,0.3399,,0.3037,0.1122,0.12,0.5599,0.7846,0.7015,3.0287,"2014,2016,2024,2025"
judge_caption,m-thompson-1,Michael Thompson,,,CG,,364,0.3089,,0.3023,0.0481,0.2146,0.4032,0.7216,0.7527,6.4197,"2013,2014,2015,2016,2017,2018,2019,2022,2023,2024,2025"
judge_caption,a-dunn-1,Al Dunn,,,MA,,93,0.3263,,0.3005,0.0425,0.2431,0.4096,0.4495,0.871,7.6857,"2013,2015,2017,2018,2019"
judge_caption,g-llacer-1,Greg Llacer,,,GE1,,134,0.3162,,0.2984,0.0522,0.214,0.4185,0.5358,0.8433,6.0626,"2022,2023,2024,2025"
judge_caption,r-isoda-1,Randolph Isoda,,,MB,,94,-0.3236,,-0.2982,0.157,-0.6314,-0.0158,0.9402,0.6809,-2.0607,"2014,2015,2016,2017,2018"
judge_caption,c-guard-1,Color Guard,,,GE1,,77,0.3285,,0.2976,0.0704,0.1905,0.4665,0.5686,0.7922,4.6662,"2014,2015,2016,2017,2018,2023"
judge_caption,r-rios-1,Ronnie Rios,,,MB,,248,0.3071,,0.2975,0.0576,0.1941,0.4201,0.7891,0.7782,5.3275,"2013,2014,2015,2016,2017,2018,2019,2022,2023,2024,2025"
judge_caption,s-halquist-1,Shawn Halquist,,,MB,,77,0.3263,,0.2956,0.1151,0.1008,0.5518,0.7922,0.8442,2.836,"2018,2019,2022,2023,2024,2025"
judge_caption,t-wemhoff-1,Ted Wemhoff,,,GE2,,67,0.3299,,0.2947,0.04,0.2515,0.4083,0.3898,0.8507,8.2465,"2017,2019,2022"
judge_caption,w-rickart-1,Warren Rickart,,,GE1,,190,0.3053,,0.2929,0.0507,0.2059,0.4047,0.5804,0.8105,6.0199,"2019,2022,2023,2024,2025"
judge_caption,b-huneycutt-1,Brad Huneycutt,,,MB,,64,0.3291,,0.2925,0.1192,0.0954,0.5628,0.8191,0.75,2.7596,"2019,2022,2023,2024,2025"
judge_caption,t-pierce-1,Tim Pierce,,,GE1,,41,0.3452,,0.2888,0.1245,0.1012,0.5892,0.7186,0.7317,2.7726,"2019,2022,2023,2025"
judge_caption,c-guard-1,Color Guard,,,VP,,128,-0.306,,-0.288,0.1349,-0.5705,-0.0416,1.0595,0.6094,-2.2681,"2014,2015,2016,2017,2018,2019,2023"
judge_caption,d-deems-1,Don Deems,,,VA,,105,0.3076,,0.2858,0.1276,0.0575,0.5577,1.0444,0.7429,2.4111,"2013,2014,2015,2016,2017,2018,2022,2025"
judge_caption,t-fox-1,Todd Fox,,,MA,,163,0.2912,,0.2775,0.0712,0.1516,0.4307,0.7334,0.7546,4.0897,"2013,2015,2016,2017,2018,2019,2023,2024,2025"
judge_caption,b-thomas-1,Bob Thomas,,,GE1,,41,-0.3278,,-0.2743,0.1407,-0.6037,-0.052,0.6708,0.3659,-2.3297,"2013,2016,2017,2018"
judge_caption,d-torchia-1,Debbie Torchia,,,CG,,243,-0.2828,,-0.2738,0.1062,-0.4909,-0.0747,1.039,0.6914,-2.6633,"2013,2014,2015,2016,2017,2018,2019,2022,2023,2025"
judge_caption,t-west-1,Tom West,,,GE2,,43,-0.3234,,-0.2727,0.1944,-0.7044,0.0576,0.9102,0.5581,-1.6639,"2016,2018,2019"
judge_caption,m-anderson-1,Mike Anderson,,,GE1,,218,0.2824,,0.2724,0.0407,0.2026,0.3621,0.5381,0.8211,6.94,"2014,2015,2018,2019,2022"
judge_caption,c-church-1,CHRIS CHURCH,,,VA,,84,0.2961,,0.2703,0.0905,0.1187,0.4735,0.6746,0.7381,3.2711,"2014,2016,2018,2019,2022,2023,2024"
judge_caption,b-jones-1,Bruce Jones,,,VA,,63,0.3032,,0.2691,0.0844,0.1377,0.4687,0.5896,0.8413,3.5911,"2014,2015,2016,2019,2024,2025"
judge_caption,g-oliviero-1,George Oliviero,,,VA,,336,-0.2748,,-0.2684,0.0762,-0.4242,-0.1253,0.847,0.6012,-3.604,"2013,2014,2015,2016,2018,2019,2022,2023,2024,2025"
judge_caption,b-jones-1,Bruce Jones,,,GE1,,93,0.2894,,0.2665,0.0688,0.1545,0.4243,0.4971,0.828,4.2051,"2013,2014,2015,2017,2018,2022,2023,2024,2025"
judge_caption,d-niebauer-1,Dan Niebauer,,,VA,,88,0.2905,,0.2663,0.1009,0.0928,0.4883,0.7694,0.6705,2.8794,"2013,2015,2016,2017"
judge_caption,t-mengel-1,Tim Mengel,,,MP,,116,0.2845,,0.2661,0.0925,0.1032,0.4657,0.7779,0.7845,3.0763,"2017,2018,2019,2022,2023,2024"
judge_caption,t-slaughter-1,Tom Slaughter,,,VP,,76,0.294,,0.266,0.1085,0.0813,0.5066,0.7765,0.8289,2.7093,"2019,2022,2023,2024,2025"
judge_caption,j-kennedy-1,Jay Kennedy,,,MA,,618,0.269,,0.2656,0.0396,0.1914,0.3465,0.7439,0.7751,6.7993,"2013,2014,2015,2016,2017,2018,2019,2022,2023,2024,2025"
judge_caption,l-carlson-1,Lee Carlson,,,GE1,,204,0.2754,,0.265,0.0514,0.1745,0.3762,0.6338,0.7794,5.3532,"2013,2014,2015,2016"
judge_caption,b-brahan-1,Beverly Brahan,,,GE1,,86,0.2894,,0.2647,0.0452,0.2008,0.378,0.3973,0.7907,6.4024,"2023,2024"
judge_caption,b-kuhn-1,Blair Kuhn,,,GE1,,99,0.2847,,0.2634,0.0706,0.1463,0.423,0.6374,0.7778,4.0321,"2016,2017,2018,2019,2022,2024,2025"
judge_caption,j-kennedy-1,Jay Kennedy,,,GE2,,278,-0.2703,,-0.2628,0.0953,-0.4572,-0.0834,1.073,0.6331,-2.8351,"2013,2014,2015,2016,2017,2018,2019,2022,2023,2024,2025"
judge_caption,j-myers-1,J. Myers,,,MP,,32,0.3226,,0.258,0.0954,0.1355,0.5096,0.5491,0.8125,3.3806,2025
judge_caption,m-lentz-1,Michael Lentz,,,CG,,139,0.2725,,0.2577,0.0758,0.1239,0.4212,0.6634,0.7914,3.5938,"2013,2016,2017"
judge_caption,m-stone-1,Michael Stone,,,CG,,276,-0.264,,-0.2565,0.08,-0.4208,-0.1071,0.8838,0.5906,-3.2982,"2013,2014,2015,2016,2017,2018,2019,2022"
judge_caption,j-wilson-1,Jeff Wilson,,,MA,,119,0.2727,,0.2555,0.0851,0.1059,0.4395,0.7944,0.7059,3.2052,"2013,2016,2017,2018,2019,2023,2025"
judge_caption,r-comfort-1,Ron Comfort,,,VA,,43,0.2968,,0.2503,0.1885,-0.0727,0.6664,1.0379,0.7907,1.5744,"2016,2017,2018,2019,2022"
judge_caption,s-page-1,Steven Page,,,MB,,599,0.2531,,0.2497,0.0388,0.1771,0.3291,0.6618,0.7646,6.526,"2013,2014,2015,2016,2017,2018,2019,2022,2023,2024,2025"
judge_caption,j-davila-1,Julie Davila,,,MA,,191,-0.2535,,-0.2433,0.0793,-0.409,-0.098,0.6597,0.4974,-3.196,"2016,2018,2019,2022,2023,2025"
judge_caption,m-teal-1,Mark Teal,,,MP,,177,0.2541,,0.2431,0.0708,0.1154,0.3928,0.731,0.7627,3.5905,"2016,2017,2018,2019,2022,2023,2024,2025"
judge_caption,t-west-1,Tom West,,,MA,,43,0.2877,,0.2426,0.1711,-0.0476,0.623,0.8536,0.8372,1.6815,"2016,2017,2018,2019"
judge_caption,t-ochran-1,Timothy Ochran,,,CG,,32,0.303,,0.2424,0.158,-0.0066,0.6127,0.7224,0.6563,1.918,"2013,2017,2018"
judge_caption,j-sturgeon-1,Jim Sturgeon,,,VP,,321,0.2441,,0.2382,0.065,0.1168,0.3715,0.8118,0.8255,3.7584,"2013,2014,2015,2016,2018,2019,2022,2023,2024,2025"
judge_caption,g-fugett-1,Glenn Fugett,,,GE2,,634,-0.24,,-0.237,0.0496,-0.3372,-0.1428,0.766,0.5773,-4.8387,"2013,2014,2015,2016,2017,2018,2019,2022,2023,2024,2025"
judge_caption,m-mast-1,Monte Mast,,,MB,,48,0.2744,,0.2352,0.1191,0.041,0.5077,0.7208,0.7917,2.3044,"2013,2014,2017"
judge_caption,b-huneycutt-1,Brad Huneycutt,,,GE2,,30,-0.2973,,-0.2347,0.3258,-0.9359,0.3412,1.2711,0.7,-0.9126,"2019,2022,2023,2025"
judge_caption,s-halquist-1,Shawn Halquist,,,GE2,,41,0.2804,,0.2346,0.1461,-0.006,0.5668,0.7722,0.8537,1.9191,"2017,2019,2022,2024,2025"
judge_caption,h-bassett-1,Helen Bassett,,,VP,,113,0.2509,,0.2343,0.0399,0.1727,0.3292,0.3957,0.7168,6.2869,"2015,2016,2017,2018"
judge_caption,c-rothe-1,Caleb Rothe,,,MP,,262,-0.2361,,-0.2291,0.0676,-0.3687,-0.1036,0.765,0.5878,-3.4917,"2013,2014,2015,2016,2017,2022,2023,2024,2025"
judge_caption,c-nelson-1,Carl Nelson,,,VP,,598,0.2314,,0.2283,0.0484,0.1364,0.3263,0.8277,0.786,4.7772,"2013,2014,2015,2016,2017,2018,2019,2022,2023,2024,2025"
judge_caption,g-howarth-1,Gifford Howarth,,,MP,,399,0.2328,,0.2283,0.0509,0.1332,0.3325,0.7057,0.787,4.5785,"2013,2014,2015,2016,2017,2018,2019,2022,2023,2024,2025"
judge_caption,j-barton-1,Jen Barton,,,CG,,82,0.2499,,0.2277,0.0745,0.104,0.3959,0.5547,0.7927,3.3564,"2024,2025"
judge_caption,g-markham-1,Garland Markham,,,MA,,180,0.2373,,0.2272,0.0785,0.0834,0.3912,0.6749,0.8667,3.0215,"2013,2014,2015,2016,2017,2018,2019"
judge_caption,b-thomas-1,Bob Thomas,,,VA,,30,0.2867,,0.2263,0.1599,-0.0268,0.6002,0.6995,0.8,1.7923,"2016,2017,2018,2022"
judge_caption,t-wingate-1,Travis Wingate,,,GE1,,66,0.2536,,0.2262,0.0585,0.139,0.3682,0.4223,0.803,4.3382,"2019,2022,2023,2025"
judge_caption,e-martinez-1,Ed Martinez,,,VP,,94,0.2452,,0.226,0.1208,0.0086,0.4819,0.9579,0.7128,2.031,"2018,2019,2022,2023,2024"
judge_caption,t-wemhoff-1,Ted Wemhoff,,,GE1,,539,0.2251,,0.2218,0.0284,0.1694,0.2807,0.4454,0.7792,7.9308,"2015,2016,2017,2018,2019,2022,2023,2024,2025"
judge_caption,f-miller-1,Frank Miller,,,GE1,,87,0.2421,,0.2217,0.0736,0.0979,0.3864,0.5546,0.7701,3.2901,"2014,2015,2016,2017"
judge_caption,b-crisp-1,Bryan Crisp,,,MA,,35,-0.2723,,-0.2217,0.1822,-0.6295,0.0849,0.8703,0.4857,-1.4942,"2018,2022,2023,2024,2025"
judge_caption,k-turner-1,Ken Turner,,,MA,,162,-0.2325,,-0.2215,0.1102,-0.4484,-0.0165,0.9162,0.5556,-2.1101,"2013,2014,2016,2017,2018,2019,2022,2023,2024,2025"
judge_caption,b-mascaro-1,Bret Mascaro,,,VA,,325,0.2269,,0.2214,0.0485,0.1318,0.322,0.6565,0.7846,4.6759,"2013,2014,2015,2016,2017,2018,2019,2022,2023"
judge_caption,m-leitzke-1,Mike Leitzke,,,GE2,,51,-0.2545,,-0.22,0.084,-0.4192,-0.0899,0.5084,0.3529,-3.0301,"2016,2017,2018,2022,2023,2025"
judge_caption,d-mcgrath-1,David McGrath,,,MA,,41,0.2624,,0.2195,0.0592,0.1464,0.3784,0.3832,0.878,4.434,2013
judge_caption,c-guard-1,Color Guard,,,VA,,81,0.2403,,0.2187,0.0946,0.055,0.4256,0.6226,0.7531,2.5412,"2014,2016,2017,2018,2019"
judge_caption,m-mullinix-1,Max Mullinix,,,MA,,32,0.2729,,0.2183,0.1633,-0.0472,0.593,0.7953,0.6875,1.6709,"2014,2015,2017"
judge_caption,e-martinez-1,Ed Martinez,,,VA,,76,0.2413,,0.2183,0.159,-0.0704,0.553,1.0382,0.7763,1.5172,"2018,2019,2022,2023"
judge_caption,c-armbruster-1,Chad Armbruster,,,GE2,,65,-0.2438,,-0.2171,0.1402,-0.5186,0.031,0.7675,0.6154,-1.7388,"2016,2018,2019,2022,2023,2024,2025"
judge_caption,c-raichle-1,Chris Raichle,,,GE1,,42,0.2554,,0.2145,0.1341,-0.0074,0.5181,0.5782,0.9048,1.905,"2022,2023,2024,2025"
judge_caption,e-warren-1,Ed Warren,,,VA,,44,0.2531,,0.2142,0.2307,-0.199,0.7053,1.0961,0.7955,1.0974,"2013,2014"
judge_caption,b-fabrizio-1,Beth Fabrizio,,,MB,,297,0.2199,,0.2141,0.0741,0.0747,0.3651,0.9204,0.8182,2.968,"2013,2014,2016,2017,2018,2019,2022,2023,2024,2025"
judge_caption,m-mccourt-1,Meghan McCourt,,,GE1,,139,0.2258,,0.2135,0.0526,0.1226,0.3289,0.4773,0.777,4.2909,"2019,2022,2023,2025"
judge_caption,p-madden-1,Phil Madden,,,VA,,182,0.2226,,0.2132,0.0698,0.0858,0.3595,0.7505,0.7198,3.1882,"2015,2016,2017,2018,2019,2022,2023,2024,2025"
judge_caption,c-raichle-1,Chris Raichle,,,CG,,202,0.2216,,0.2132,0.0542,0.1153,0.328,0.5623,0.8614,4.0862,"2016,2017,2018,2019,2022,2023,2024,2025"
judge_caption,w-chumley-1,William Chumley,,,CG,,188,0.2153,,0.2065,0.0596,0.0984,0.3321,0.6046,0.7872,3.6098,"2013,2014,2016,2017,2018,2019,2022,2023,2024,2025"
judge_caption,m-howard-1,Mike Howard,,,GE2,,141,0.2178,,0.2061,0.0534,0.1131,0.3224,0.471,0.8369,4.0789,"2023,2024,2025"
judge_caption,s-halquist-1,Shawn Halquist,,,MA,,43,0.2439,,0.2057,0.1245,-0.0001,0.488,0.6326,0.814,1.9593,"2018,2019,2022,2023"
judge_caption,m-teal-1,Mark Teal,,,MA,,47,0.2394,,0.2046,0.1243,-0.0042,0.4831,0.6588,0.7872,1.926,"2016,2017,2018,2019,2023,2024"
judge_caption,d-deems-1,Don Deems,,,GE1,,212,0.2081,,0.2006,0.0758,0.0596,0.3567,0.7836,0.7925,2.7459,"2013,2016,2017,2018,2019,2022,2023,2024,2025"
judge_caption,c-phillips-1,Chester Phillips,,,MA,,90,0.2184,,0.2006,0.0944,0.0334,0.4034,0.678,0.7333,2.3133,"2014,2015,2016,2017,2022,2025"
judge_caption,s-sybilski-1,Sly Sybilski,,,GE1,,77,-0.2205,,-0.1997,0.0998,-0.4161,-0.0248,0.6641,0.5844,-2.2082,2014
judge_caption,w-dillon-1,Wayne Dillon,,,MB,,244,-0.2049,,-0.1984,0.0827,-0.367,-0.0428,0.9451,0.5861,-2.4779,"2013,2014,2015,2016,2017,2018,2019,2023,2024,2025"
judge_caption,f-morris-1,Frank Morris,,,GE1,,208,0.2042,,0.1966,0.0651,0.0766,0.3317,0.7007,0.726,3.1365,"2013,2014,2015,2016"
judge_caption,j-sturgeon-1,Jim Sturgeon,,,VA,,326,0.1972,,0.1925,0.0698,0.0604,0.3339,0.919,0.7914,2.8261,"2013,2014,2015,2016,2017,2018,2019,2023,2024,2025"
judge_caption,t-pierce-1,Tim Pierce,,,VA,,138,0.2007,,0.1897,0.0548,0.0932,0.3082,0.5084,0.7319,3.6592,"2019,2022,2023,2024,2025"
judge_caption,c-church-1,CHRIS CHURCH,,,GE1,,101,0.2044,,0.1894,0.1079,-0.0071,0.416,0.811,0.703,1.8941,"2014,2015,2016,2017,2018,2019,2022,2023"
judge_caption,c-phillips-1,Chester Phillips,,,GE2,,150,0.1952,,0.1853,0.051,0.0952,0.2952,0.4775,0.72,3.8273,"2013,2014,2015,2018,2019,2022,2023,2024,2025"
judge_caption,p-haines-1,Phillip Haines,,,GE2,,90,0.1994,,0.1831,0.0762,0.05,0.3488,0.5859,0.7111,2.6163,"2013,2016,2017,2018,2023,2024"
judge_caption,m-lentz-1,Michael Lentz,,,VA,,91,0.1963,,0.1804,0.0846,0.0304,0.3621,0.585,0.8242,2.3198,"2013,2016,2017"
judge_caption,g-howarth-1,Gifford Howarth,,,MA,,47,-0.2064,,-0.1764,0.1491,-0.4987,0.0858,0.7673,0.5745,-1.3844,"2016,2017,2018,2019,2024"
judge_caption,r-solomon-1,Robert Solomon,,,VA,,83,-0.1915,,-0.1747,0.1158,-0.4184,0.0353,0.7291,0.5301,-1.6547,"2015,2016,2017,2023,2025"
judge_caption,c-romanowski-1,Chris Romanowski,,,MA,,416,0.1775,,0.1742,0.0371,0.1048,0.2502,0.5448,0.7428,4.7851,"2013,2014,2016,2018,2019,2023,2024,2025"
judge_caption,m-hoskins-1,Mark Hoskins,,,MB,,507,0.1763,,0.1735,0.0465,0.0852,0.2674,0.7601,0.787,3.7936,"2013,2015,2016,2017,2018,2019,2022,2023,2024,2025"
judge_caption,t-ochran-1,Timothy Ochran,,,VA,,574,-0.1744,,-0.172,0.0684,-0.3085,-0.0404,1.0536,0.6969,-2.55,"2013,2014,2015,2016,2017,2018,2019,2022,2023,2024,2025"
judge_caption,k-giese-1,Ken Giese,,,GE1,,51,-0.1973,,-0.1705,0.2057,-0.6005,0.206,1.055,0.5294,-0.9589,"2014,2018,2019,2022"
judge_caption,g-miller-1,Gerry Miller,,,GE2,,254,0.1739,,0.1685,0.049,0.0777,0.27,0.5434,0.748,3.5455,"2018,2019,2022,2023,2024,2025"
judge_caption,b-spidel-1,Brandon Spidel,,,CG,,73,0.1868,,0.1684,0.1041,-0.0172,0.3909,0.7081,0.7397,1.7945,"2018,2019,2022,2023,2024,2025"
judge_caption,r-rodriguez-1,Rick Rodriguez,,,MP,,113,-0.1802,,-0.1683,0.1017,-0.3796,0.0191,0.6506,0.5044,-1.7723,2014
judge_caption,s-alia-1,Stephen Alia,,,VA,,40,0.2019,,0.1682,0.1228,-0.0387,0.4424,0.6564,0.8,1.6444,"2017,2018"
judge_caption,m-mullinix-1,Max Mullinix,,,MP,,196,0.1745,,0.1677,0.0785,0.0207,0.3283,0.8089,0.6888,2.2234,"2013,2014,2015,2017"
judge_caption,k-miller-1,Kyle Miller,,,VP,,242,-0.1733,,-0.1677,0.091,-0.3517,0.0051,0.9177,0.7025,-1.9041,"2013,2014,2015,2016,2017,2018,2019,2022,2023,2024,2025"
judge_caption,j-webb-1,Jay Webb,,,MA,,228,-0.1727,,-0.1668,0.0877,-0.3446,-0.0007,0.7352,0.5965,-1.9683,"2013,2014,2018,2022,2023,2024,2025"
judge_caption,m-griffin-1,Marty Griffin,,,MP,,665,0.168,,0.166,0.0378,0.0939,0.2421,0.6984,0.7444,4.4461,"2013,2014,2015,2016,2017,2018,2019,2022,2023,2024,2025"
judge_caption,j-davila-1,Julie Davila,,,MP,,328,-0.1695,,-0.1655,0.0658,-0.2984,-0.0406,0.78,0.6037,-2.5779,"2016,2017,2018,2019,2022,2023,2024,2025"
judge_caption,a-dunn-1,Al Dunn,,,MP,,330,0.1693,,0.1653,0.041,0.0888,0.2497,0.5063,0.7273,4.1238,"2013,2014,2015,2016,2017,2019"
judge_caption,w-dillon-1,Wayne Dillon,,,MA,,268,-0.17,,-0.1651,0.0866,-0.3397,-0.0004,0.84,0.6604,-1.9646,"2013,2014,2015,2016,2017,2018,2019,2022,2023,2024,2025"
judge_caption,c-moss-1,Chris Moss,,,VP,,427,0.1675,,0.1644,0.0403,0.0886,0.2465,0.5992,0.7026,4.1581,"2013,2014,2015,2016,2017,2018,2019,2022,2023,2024,2025"
judge_caption,w-chumley-1,William Chumley,,,GE1,,222,0.17,,0.164,0.035,0.1014,0.2386,0.3745,0.7387,4.8559,"2016,2017,2018,2019,2022,2023,2024,2025"
judge_caption,m-stone-1,Michael Stone,,,GE1,,550,-0.1652,,-0.1629,0.0594,-0.2817,-0.0488,0.7755,0.68,-2.7811,"2013,2014,2015,2016,2017,2018,2019,2022"
judge_caption,c-clayton-fisher-1,Christine Clayton Fisher,,,CG,,110,0.1741,,0.1623,0.126,-0.0729,0.4212,0.8322,0.7909,1.3815,"2019,2022,2023,2024"
judge_caption,t-moddison-1,Travis Moddison,,,MA,,103,0.1742,,0.1617,0.0811,0.0153,0.3331,0.5818,0.7087,2.149,"2016,2017,2018"
judge_caption,r-greenwell-1,Randy Greenwell,,,GE2,,246,-0.165,,-0.1598,0.0914,-0.3442,0.0141,0.8747,0.6992,-1.8052,"2013,2014,2015,2016,2017,2018,2019,2022"
judge_caption,a-combites-1,Andy Combites,,,CG,,32,0.1982,,0.1585,0.2079,-0.2092,0.6055,0.826,0.75,0.9534,"2017,2018,2019,2022,2024"
judge_caption,j-gilley-1,Jackie Gilley,,,CG,,196,0.1649,,0.1584,0.0626,0.0422,0.2875,0.6675,0.6429,2.6346,"2013,2014,2015,2017,2018,2019,2022,2023,2024,2025"
judge_caption,m-rubino-1,Mike Rubino,,,MB,,133,-0.1678,,-0.1583,0.1185,-0.4,0.0644,1.1391,0.5414,-1.4167,"2013,2014,2015,2016,2017,2018,2019,2022,2023,2025"
judge_caption,c-hestin-1,Chris Hestin,,,GE2,,166,0.1649,,0.1573,0.0844,-0.0006,0.3304,0.7449,0.7048,1.9532,"2017,2018,2019,2022"
judge_caption,d-davis-1,Darrin Davis,,,GE2,,429,-0.1594,,-0.1565,0.0549,-0.2671,-0.0518,0.6367,0.5851,-2.9032,"2013,2014,2015,2016,2017,2018,2019,2022,2023,2024,2025"
judge_caption,r-saucedo-1,Richard Saucedo,,,MA,,77,-0.1683,,-0.1525,0.0573,-0.2807,-0.056,0.376,0.3766,-2.9371,"2017,2019"
judge_caption,d-carbone-1,Dave Carbone,,,MP,,122,-0.1624,,-0.1524,0.1176,-0.393,0.0681,0.884,0.6311,-1.3808,"2013,2014,2016,2017,2019,2022,2023,2024,2025"
judge_caption,c-hestin-1,Chris Hestin,,,GE1,,52,0.1743,,0.1511,0.052,0.0723,0.2763,0.3252,0.7115,3.3505,2017
judge_caption,j-wilson-1,Jeff Wilson,,,GE2,,40,0.1795,,0.1496,0.1459,-0.1065,0.4655,0.7166,0.7,1.23,"2016,2018,2019"
judge_caption,c-phillips-1,Chester Phillips,,,MB,,377,0.1519,,0.1487,0.0427,0.0682,0.2356,0.62,0.7268,3.5569,"2013,2014,2015,2016,2017,2018,2019,2022,2023,2024,2025"
judge_caption,s-adamo-1,Sal Adamo,,,CG,,77,0.1624,,0.1471,0.0976,-0.0288,0.3536,0.5375,0.8052,1.6648,"2013,2014,2015,2017,2018"
judge_caption,a-kristensen-1,Allan Kristensen,,,GE2,,101,0.1557,,0.1443,0.1177,-0.0749,0.3864,0.9441,0.6634,1.3232,"2013,2015,2017,2018,2019,2024"
judge_caption,d-bryan-1,Dan Bryan,,,MA,,50,-0.1652,,-0.1424,0.1945,-0.5464,0.2161,0.9544,0.56,-0.8492,"2013,2014,2015,2016,2017"
judge_caption,j-tate-1,Jeremy Tate,,,VP,,48,0.1661,,0.1424,0.1328,-0.0942,0.4265,0.7053,0.7292,1.2508,"2022,2023,2024,2025"
judge_caption,d-solomonson-1,Drew Solomonson,,,VA,,30,-0.1792,,-0.1415,0.176,-0.5242,0.1658,0.7516,0.5333,-1.0182,"2024,2025"
judge_caption,a-kristensen-1,Allan Kristensen,,,MA,,107,-0.1501,,-0.1396,0.134,-0.4127,0.1126,1.082,0.7009,-1.12,"2014,2015,2016,2018,2019,2022,2023,2024"
judge_caption,m-davis-1,Mike Davis,,,MA,,58,0.1581,,0.139,0.2435,-0.3191,0.6353,1.3517,0.7759,0.6495,"2013,2014,2015,2016,2017,2022,2023"
judge_caption,d-deems-1,Don Deems,,,VP,,70,-0.1543,,-0.1385,0.1921,-0.531,0.2223,1.2118,0.7143,-0.8033,"2013,2014,2017,2018,2019,2022,2023,2024"
judge_caption,j-bell-1,John Bell,,,GE2,,450,0.1408,,0.1383,0.0522,0.0384,0.2432,0.6938,0.7378,2.6952,"2013,2014,2015,2016,2017,2018,2019,2022,2024"
judge_caption,f-miller-1,Frank Miller,,,VA,,218,0.1424,,0.1373,0.0551,0.0343,0.2505,0.5464,0.7431,2.5814,"2013,2014,2015,2016,2017"
judge_caption,g-markham-1,Garland Markham,,,GE2,,104,-0.1473,,-0.1368,0.091,-0.3256,0.0309,0.6099,0.6346,-1.62,"2014,2016,2017,2018,2019"
judge_caption,a-lo-1,Albert Lo,,,MA,,116,0.1443,,0.135,0.0966,-0.045,0.3336,0.7731,0.7845,1.4939,"2013,2014,2015,2018,2019"
judge_caption,t-west-1,Tom West,,,MB,,34,-0.1638,,-0.1326,0.2655,-0.6842,0.3566,1.0898,0.6471,-0.617,"2016,2017,2018"
judge_caption,m-thompson-1,Michael Thompson,,,VP,,190,0.1359,,0.1304,0.084,-0.0288,0.3006,0.8419,0.7579,1.617,"2013,2014,2017,2018,2019,2022,2024,2025"
judge_caption,r-comfort-1,Ron Comfort,,,CG,,64,0.1459,,0.1297,0.1294,-0.1078,0.3996,0.7889,0.6875,1.1272,"2016,2017,2019,2022,2023"
judge_caption,d-aydelott-1,David Aydelott,,,MB,,40,-0.155,,-0.1291,0.1522,-0.4532,0.1433,0.7188,0.6,-1.0184,"2016,2017,2018"
judge_caption,j-ausdemore-1,Jeff Ausdemore,,,MP,,456,-0.1275,,-0.1253,0.0549,-0.2352,-0.0199,0.7924,0.5702,-2.3218,"2014,2015,2016,2017,2018,2019,2022"
judge_caption,d-davis-1,Darrin Davis,,,MA,,284,-0.1275,,-0.124,0.0452,-0.2161,-0.0388,0.501,0.5387,-2.8176,"2013,2014,2015,2016,2017,2018,2019,2022,2023,2024,2025"
judge_caption,c-armbruster-1,Chad Armbruster,,,MB,,144,-0.1302,,-0.1233,0.0974,-0.3212,0.0608,0.8556,0.5972,-1.3362,"2016,2017,2018,2019,2022,2023,2024,2025"
judge_caption,c-guard-1,Color Guard,,,MB,,33,0.153,,0.1232,0.0842,-0.0121,0.3181,0.4232,0.6364,1.8167,"2017,2018"
judge_caption,g-miller-1,Gerry Miller,,,MA,,35,0.1495,,0.1217,0.1631,-0.1703,0.4692,0.7216,0.7429,0.9162,"2018,2019,2023"
judge_caption,h-nguyen-1,Hieu Nguyen,,,CG,,425,0.1237,,0.1214,0.0486,0.0285,0.2189,0.7245,0.7153,2.547,"2014,2015,2016,2017,2018,2019,2022,2024,2025"
judge_caption,b-dacy-1,Brittany Dacy,,,MB,,48,0.1416,,0.1213,0.1412,-0.1352,0.4183,0.8228,0.6667,1.0027,"2024,2025"
judge_caption,b-kuhn-1,Blair Kuhn,,,VA,,329,-0.1233,,-0.1203,0.0852,-0.2902,0.0437,1.0188,0.7204,-1.4468,"2017,2018,2019,2022,2023,2024,2025"
judge_caption,g-boulden-1,George Boulden,,,MB,,172,0.1241,,0.1186,0.063,0.0007,0.2475,0.5796,0.7267,1.9708,"2013,2014,2015,2016,2017,2018"
judge_caption,j-howell-1,John Howell,,,CG,,208,-0.1226,,-0.1181,0.0929,-0.3047,0.0595,0.7851,0.7308,-1.3195,"2013,2014,2015,2017,2018,2019,2022,2023,2024,2025"
judge_caption,a-cook-1,Andrew Cook,,,MB,,349,-0.1198,,-0.1171,0.0783,-0.2733,0.0337,0.9337,0.6877,-1.5293,"2013,2014,2015,2016,2017,2018,2019,2022,2023,2024,2025"
judge_caption,c-dillon-1,Christine Dillon,,,VP,,54,0.1337,,0.1164,0.1333,-0.1276,0.395,0.7814,0.6296,1.0029,"2013,2014,2016,2017,2025"
judge_caption,t-johnston-1,Tim Johnston,,,MB,,40,-0.1397,,-0.1164,0.1486,-0.431,0.1516,0.7109,0.5,-0.94,"2016,2018,2019"
judge_caption,t-dempsey-1,Tyler Dempsey,,,MP,,67,0.1303,,0.1164,0.081,-0.0284,0.289,0.5438,0.6716,1.6093,"2018,2019,2022,2023"
judge_caption,k-young-1,Kyle Young,,,GE2,,108,0.1247,,0.1161,0.0653,-0.0033,0.2526,0.4739,0.75,1.9095,"2019,2022,2024"
judge_caption,e-argenziano-1,Ed Argenziano,,,GE2,,39,0.1376,,0.1142,0.1424,-0.1414,0.4167,0.6096,0.7179,0.9667,"2016,2017,2018"
judge_caption,m-turner-1,Michael Turner,,,VP,,470,0.1157,,0.1138,0.0534,0.011,0.2204,0.7473,0.734,2.1664,"2013,2014,2015,2016,2017,2018,2022,2023,2024,2025"
judge_caption,j-harper-1,Jeff Harper,,,MA,,238,-0.1165,,-0.1127,0.0763,-0.2661,0.033,0.6231,0.7101,-1.527,"2015,2016,2017,2018,2019,2022,2023,2024,2025"
judge_caption,c-rapacki-1,Chris Rapacki,,,MP,,260,0.1159,,0.1125,0.062,-0.0056,0.2374,0.686,0.7385,1.8695,"2018,2019,2022,2023,2024,2025"
judge_caption,k-weirich-1,Kyle Weirich,,,GE2,,42,0.1318,,0.1107,0.2898,-0.4363,0.6998,1.2639,0.8095,0.4546,"2018,2019,2022,2023,2024,2025"
judge_caption,m-anderson-1,Mike Anderson,,,VA,,91,-0.1196,,-0.1099,0.1668,-0.4465,0.2074,0.9957,0.7253,-0.7168,"2015,2018,2019,2022"
judge_caption,k-baker-1,Keith Baker,,,VA,,377,0.1119,,0.1096,0.0603,-0.0062,0.2301,0.8256,0.6844,1.8577,"2013,2014,2015,2016,2017,2018,2019,2022,2023,2024,2025"
judge_caption,p-haines-1,Phillip Haines,,,MB,,161,-0.1132,,-0.1079,0.1136,-0.3358,0.1094,0.916,0.7019,-0.9969,"2013,2014,2015,2017,2018,2019,2022,2023,2024,2025"
judge_caption,d-carbone-1,Dave Carbone,,,MA,,457,0.1097,,0.1078,0.0432,0.0251,0.1943,0.5357,0.7637,2.5412,"2013,2014,2015,2016,2017,2018,2019,2022,2023,2024,2025"
judge_caption,m-mcgahey-1,Mark McGahey,,,GE2,,284,-0.1099,,-0.1069,0.0635,-0.2343,0.0144,0.666,0.6514,-1.7327,"2013,2014,2017,2018,2019,2022,2023,2024,2025"
judge_caption,r-solomon-1,Robert Solomon,,,VP,,475,-0.1056,,-0.1038,0.0571,-0.2176,0.0064,0.8057,0.6421,-1.8476,"2013,2014,2015,2016,2017,2018,2019,2022,2023,2024,2025"
judge_caption,c-romanowski-1,Chris Romanowski,,,MP,,289,0.1063,,0.1034,0.058,-0.0075,0.2201,0.6977,0.6609,1.8311,"2013,2014,2015,2016,2017,2019,2022,2023,2024,2025"
judge_caption,r-greenwell-1,Randy Greenwell,,,MA,,269,0.1061,,0.103,0.0703,-0.0317,0.2439,0.6659,0.7807,1.509,"2013,2014,2015,2016,2018,2019,2022"
judge_caption,d-solomonson-1,Drew Solomonson,,,VP,,41,0.1226,,0.1026,0.1263,-0.1249,0.3701,0.6605,0.7561,0.9711,"2023,2024,2025"
judge_caption,d-niebauer-1,Dan Niebauer,,,GE1,,123,-0.1079,,-0.1013,0.1,-0.3039,0.0882,0.7416,0.5447,-1.0786,"2013,2014,2015,2016"
judge_caption,c-rapacki-1,Chris Rapacki,,,MA,,39,-0.1215,,-0.1008,0.1931,-0.5,0.2569,0.8065,0.6667,-0.6293,"2019,2023,2024"
judge_caption,t-fox-1,Todd Fox,,,GE2,,65,0.1129,,0.1005,0.1199,-0.1222,0.3479,0.7001,0.6462,0.9411,"2015,2017,2018,2019,2023,2024"
judge_caption,d-aydelott-1,David Aydelott,,,MA,,74,-0.1094,,-0.0988,0.1259,-0.3562,0.1373,0.7877,0.7027,-0.8695,"2016,2017,2018,2019"
judge_caption,m-gray-1,Michael Gray,,,CG,,71,0.1065,,0.0957,0.0763,-0.0431,0.2561,0.5284,0.6479,1.3953,"2015,2017,2018,2019"
judge_caption,g-miller-1,Gerry Miller,,,MB,,45,0.1128,,0.0957,0.1153,-0.1133,0.3388,0.5674,0.6667,0.9777,"2018,2022,2023,2025"
judge_caption,d-padilla-1,Damon Padilla,,,CG,,115,-0.1014,,-0.0948,0.1052,-0.3076,0.1048,0.737,0.6261,-0.9637,"2019,2022,2023,2024,2025"
judge_caption,c-raichle-1,Chris Raichle,,,VA,,110,-0.1014,,-0.0946,0.1337,-0.3634,0.1605,0.9616,0.6909,-0.759,"2015,2016,2017,2018,2019,2023,2024,2025"
judge_caption,d-bryan-1,Dan Bryan,,,MP,,184,0.0976,,0.0935,0.1015,-0.1014,0.2965,0.8753,0.7663,0.9613,"2013,2014,2015,2016,2017,2018"
judge_caption,b-mascaro-1,Bret Mascaro,,,GE1,,31,-0.1174,,-0.0933,0.1549,-0.421,0.1862,0.6064,0.5484,-0.7577,"2015,2022,2023"
judge_caption,k-young-1,Kyle Young,,,MA,,171,-0.0972,,-0.0929,0.0834,-0.2606,0.0662,0.6058,0.7018,-1.166,"2019,2022,2023,2024,2025"
judge_caption,b-jones-1,Bruce Jones,,,VP,,270,0.0954,,0.0927,0.056,-0.0144,0.2052,0.6353,0.7111,1.7038,"2013,2014,2015,2016,2018,2019,2022,2023,2024,2025"
judge_caption,r-overvliet-1,Robby Overvliet,,,VA,,30,0.1149,,0.0907,0.1439,-0.1672,0.3969,0.5866,0.6667,0.7982,"2014,2015,2019"
judge_caption,m-mast-1,Monte Mast,,,GE2,,60,0.1022,,0.0901,0.1279,-0.1486,0.3529,0.7464,0.55,0.7984,"2013,2014,2015,2016,2017"
judge_caption,w-chumley-1,William Chumley,,,VA,,247,0.092,,0.0891,0.0562,-0.0182,0.2022,0.6447,0.7368,1.6362,"2013,2014,2016,2017,2018,2019,2022,2023,2024,2025"
judge_caption,s-adamo-1,Sal Adamo,,,VP,,179,0.0928,,0.0889,0.0763,-0.0567,0.2424,0.68,0.7318,1.2167,"2013,2014,2015,2016,2017,2019,2022,2023,2024"
judge_caption,a-lo-1,Albert Lo,,,GE2,,95,0.0955,,0.0881,0.0774,-0.0562,0.2473,0.5398,0.7895,1.2337,"2013,2014,2015,2018,2019,2022"
judge_caption,j-howell-1,John Howell,,,GE2,,39,0.1054,,0.0875,0.0514,0.0047,0.2061,0.2816,0.7179,2.051,2017
judge_caption,b-thomas-1,Bob Thomas,,,VP,,48,-0.1015,,-0.087,0.1154,-0.3277,0.1248,0.5145,0.5625,-0.8789,"2013,2016,2017,2018"
judge_caption,b-mascaro-1,Bret Mascaro,,,VP,,183,-0.0892,,-0.0855,0.1089,-0.3026,0.1242,0.8762,0.7104,-0.8192,"2013,2014,2015,2016,2017,2018,2019,2022,2023"
judge_caption,p-haines-1,Phillip Haines,,,MA,,122,0.0897,,0.0842,0.0682,-0.0439,0.2233,0.5565,0.6885,1.3158,"2013,2014,2015,2016,2018,2019,2022,2023,2024,2025"
judge_caption,m-gray-1,Michael Gray,,,GE1,,285,0.0861,,0.0837,0.0531,-0.018,0.1902,0.481,0.7368,1.6207,"2016,2017,2018,2019,2024"
judge_caption,j-ausdemore-1,Jeff Ausdemore,,,MA,,35,0.1021,,0.0831,0.2446,-0.3772,0.5815,1.1651,0.6857,0.4176,"2016,2017,2018,2019"
judge_caption,d-torchia-1,Debbie Torchia,,,GE1,,136,-0.0859,,-0.0811,0.0939,-0.27,0.0982,0.744,0.7132,-0.9145,"2014,2015,2017,2018,2022,2023,2024"
judge_caption,c-guard-1,Color Guard,,,CG,,202,-0.0839,,-0.0807,0.0762,-0.2333,0.0655,0.7374,0.6337,-1.1005,"2015,2017,2018,2019,2022,2023"
judge_caption,l-carlson-1,Lee Carlson,,,CG,,185,-0.0833,,-0.0798,0.1097,-0.2982,0.1316,0.887,0.6757,-0.7595,"2013,2014,2015,2016"
judge_caption,s-calhoun-1,Steve Calhoun,,,MB,,62,0.0842,,0.0746,0.1274,-0.1655,0.334,0.7295,0.6935,0.6611,"2013,2014,2016,2017,2018"
judge_caption,j-carlisle-1,JR Carlisle,,,VP,,32,-0.0889,,-0.0711,0.145,-0.3731,0.1953,0.5478,0.5,-0.6131,"2013,2017"
judge_caption,p-furnari-1,Peter Furnari,,,MP,,245,0.0695,,0.0673,0.0822,-0.0916,0.2306,0.9188,0.7265,0.8457,"2013,2014,2015,2016,2017,2018,2019,2022,2023,2024,2025"
judge_caption,k-miller-1,Kyle Miller,,,GE1,,544,-0.068,,-0.067,0.0416,-0.1495,0.0136,0.5827,0.6121,-1.6333,"2013,2014,2015,2016,2017,2018,2019,2022,2023,2024,2025"
judge_caption,m-leitzke-1,Mike Leitzke,,,MP,,710,-0.0659,,-0.0651,0.0461,-0.1563,0.0245,0.729,0.6408,-1.4284,"2015,2016,2017,2018,2019,2022,2023,2024,2025"
judge_caption,d-thomas-1,Durand Thomas,,,MB,,78,0.0716,,0.065,0.1501,-0.2226,0.3658,0.9727,0.6538,0.4772,"2019,2022,2023,2024,2025"
judge_caption,s-sybilski-1,Sly Sybilski,,,VA,,46,0.0757,,0.0645,0.1194,-0.1584,0.3098,0.6145,0.5652,0.6339,"2014,2015"
judge_caption,c-moss-1,Chris Moss,,,GE1,,136,-0.0677,,-0.064,0.0719,-0.2086,0.0731,0.5981,0.6103,-0.9424,"2014,2016,2017,2018,2019,2023,2024,2025"
judge_caption,j-bell-1,John Bell,,,MB,,86,0.0679,,0.0621,0.1082,-0.1442,0.28,0.7027,0.7093,0.6277,"2013,2014,2015,2016,2017"
judge_caption,s-clark-1,Shannon Clark,,,VP,,32,0.0771,,0.0617,0.1782,-0.272,0.4263,0.8249,0.6563,0.433,"2024,2025"
judge_caption,m-griffin-1,Marty Griffin,,,MA,,157,-0.063,,-0.06,0.0995,-0.258,0.132,0.8175,0.6497,-0.6334,"2013,2014,2016,2017,2018,2022,2023,2024,2025"
judge_caption,n-jones-1,Nola Jones,,,GE2,,705,-0.0602,,-0.0595,0.0413,-0.1411,0.0208,0.6427,0.6738,-1.4568,"2013,2014,2015,2016,2017,2018,2019,2022,2023,2024,2025"
judge_caption,j-sturgeon-1,Jim Sturgeon,,,GE1,,111,0.0631,,0.0589,0.105,-0.1427,0.2689,0.7998,0.7027,0.6013,"2015,2016,2017,2022,2023"
judge_caption,j-harper-1,Jeff Harper,,,MB,,300,-0.0604,,-0.0588,0.0677,-0.1931,0.0724,0.7042,0.7233,-0.8912,"2013,2014,2015,2016,2017,2018,2019,2022,2023,2025"
judge_caption,j-rinehart-1,Jason Rinehart,,,MB,,36,0.0706,,0.0578,0.1347,-0.1935,0.3347,0.6455,0.5556,0.5243,"2014,2016"
judge_caption,j-prosperie-1,Jeff Prosperie,,,MP,,480,0.0577,,0.0568,0.0374,-0.0156,0.131,0.5374,0.6625,1.5425,"2013,2014,2015,2016,2017,2018,2019,2024,2025"
judge_caption,j-wilson-1,Jeff Wilson,,,MP,,263,-0.0577,,-0.056,0.078,-0.2106,0.0952,0.9361,0.6312,-0.74,"2013,2015,2016,2017,2018,2019,2022,2023,2024,2025"
judge_caption,e-beens-1,Edwin Beens,,,VA,,34,-0.0689,,-0.0557,0.1031,-0.271,0.1333,0.3964,0.4706,-0.6677,"2024,2025"
judge_caption,r-rios-1,Ronnie Rios,,,MA,,185,0.0557,,0.0534,0.0825,-0.106,0.2175,0.7208,0.7676,0.6753,"2013,2014,2016,2017,2018,2019,2022,2023,2024,2025"
judge_caption,a-cook-1,Andrew Cook,,,GE2,,79,-0.0576,,-0.0523,0.12,-0.2929,0.1777,0.764,0.5823,-0.4796,"2014,2015,2016,2017,2018,2019,2022,2023,2024"
judge_caption,c-costanza-1,Curtis Costanza,,,CG,,58,0.0585,,0.0514,0.1596,-0.2542,0.3713,0.8929,0.6034,0.3668,"2013,2014,2015,2016,2024,2025"
judge_caption,d-torchia-1,Debbie Torchia,,,VA,,398,0.051,,0.05,0.0492,-0.0454,0.1474,0.6447,0.6734,1.0376,"2013,2014,2015,2016,2017,2018,2019,2022,2023,2024,2025"
judge_caption,j-orefice-1,Juno Orefice,,,VP,,615,-0.0504,,-0.0497,0.064,-0.1758,0.075,0.9893,0.7772,-0.7871,"2013,2014,2015,2016,2017,2018,2019,2022,2023,2024,2025"
judge_caption,c-moss-1,Chris Moss,,,VA,,120,0.0517,,0.0484,0.0825,-0.1101,0.2134,0.6665,0.6333,0.6261,"2013,2014,2015,2016,2017,2018,2022,2023"
judge_caption,r-kemp-1,Richard Kemp,,,VA,,33,0.0587,,0.0473,0.1405,-0.2166,0.334,0.5927,0.6364,0.4181,"2016,2017,2018,2019"
judge_caption,m-turner-1,Michael Turner,,,CG,,368,0.0471,,0.0461,0.0598,-0.0701,0.1642,0.8378,0.6603,0.7873,"2013,2014,2015,2016,2017,2018,2022,2023,2024,2025"
judge_caption,j-oswald-1,J. Oswald,,,CG,,74,0.0496,,0.0448,0.1003,-0.1469,0.2461,0.5871,0.6081,0.4946,2025
judge_caption,a-combites-1,Andy Combites,,,GE1,,69,0.0481,,0.0431,0.2003,-0.3444,0.4407,1.2621,0.7536,0.2404,"2016,2017,2018,2019,2022,2023,2025"
judge_caption,c-quamme-1,Chad Quamme,,,CG,,61,0.0483,,0.0427,0.2153,-0.3737,0.4704,1.1476,0.8033,0.2245,"2018,2019,2022"
judge_caption,d-davis-1,Darrin Davis,,,MB,,93,-0.0456,,-0.042,0.1229,-0.2864,0.1953,0.7619,0.7419,-0.3708,"2013,2014,2015,2016,2019,2022,2023"
judge_caption,m-turner-1,Michael Turner,,,GE1,,118,-0.0447,,-0.0418,0.0966,-0.234,0.1446,0.6971,0.6356,-0.4626,"2013,2014,2015,2016,2017,2018,2023"
judge_caption,p-madden-1,Phil Madden,,,GE1,,187,0.0385,,0.0369,0.0896,-0.137,0.2141,0.8996,0.6952,0.4302,"2015,2016,2017,2018,2019,2022,2023,2024,2025"
judge_caption,m-mccourt-1,Meghan McCourt,,,CG,,47,0.0423,,0.0361,0.1351,-0.2225,0.307,0.7254,0.7447,0.3128,"2019,2022,2023,2025"
judge_caption,r-solomon-1,Robert Solomon,,,CG,,471,0.0354,,0.0348,0.0539,-0.0703,0.1411,0.7273,0.7197,0.6565,"2013,2014,2015,2016,2017,2018,2019,2022,2023,2024,2025"
judge_caption,d-carbone-1,Dave Carbone,,,GE2,,209,0.0339,,0.0326,0.0555,-0.0748,0.1425,0.5462,0.7129,0.6105,"2013,2014,2015,2016,2017,2018,2019,2023,2024,2025"
judge_caption,j-carlisle-1,JR Carlisle,,,GE1,,56,0.0357,,0.0312,0.0997,-0.1598,0.2312,0.5441,0.5,0.3578,"2013,2016,2017"
judge_caption,j-howell-1,John Howell,,,GE1,,478,-0.0305,,-0.03,0.0467,-0.122,0.0611,0.6294,0.6757,-0.6526,"2013,2014,2015,2016,2017,2018,2019,2022,2023,2024,2025"
judge_caption,b-crisp-1,Bryan Crisp,,,MB,,256,-0.0309,,-0.03,0.058,-0.1447,0.0829,0.6462,0.6328,-0.5323,"2018,2019,2022,2023,2024,2025"
judge_caption,w-chumley-1,William Chumley,,,VP,,251,-0.029,,-0.0281,0.0846,-0.1948,0.1368,0.8917,0.7171,-0.3426,"2013,2014,2015,2017,2018,2019,2022,2023,2024,2025"
judge_caption,c-moss-1,Chris Moss,,,CG,,31,0.0344,,0.0274,0.2005,-0.3586,0.4274,0.7983,0.5484,0.1717,"2015,2016,2018,2024"
judge_caption,t-moddison-1,Travis Moddison,,,MB,,30,-0.0343,,-0.0271,0.2775,-0.5783,0.5096,1.1241,0.7,-0.1238,"2016,2017,2018"
judge_caption,a-lo-1,Albert Lo,,,MB,,255,0.027,,0.0262,0.0838,-0.1372,0.1912,0.7935,0.7608,0.3221,"2013,2014,2015,2018,2019,2022"
judge_caption,w-dillon-1,Wayne Dillon,,,GE2,,451,-0.0264,,-0.0259,0.0519,-0.1281,0.0753,0.7158,0.6741,-0.5086,"2013,2014,2015,2016,2017,2018,2019,2022,2023,2024,2025"
judge_caption,r-kemp-1,Richard Kemp,,,CG,,170,0.0267,,0.0255,0.107,-0.1829,0.2364,0.8145,0.7353,0.2499,"2013,2014,2015,2016,2017,2018,2019"
judge_caption,p-mcgarr-1,Paul McGarr,,,MB,,598,-0.0249,,-0.0246,0.0424,-0.1081,0.0582,0.6058,0.6756,-0.5878,"2013,2014,2015,2016,2017,2018,2019,2022,2023,2024,2025"
judge_caption,c-costanza-1,Curtis Costanza,,,VP,,50,-0.0279,,-0.0241,0.1064,-0.2365,0.1806,0.5787,0.52,-0.2627,"2016,2018,2019,2022,2023"
judge_caption,d-padilla-1,Damon Padilla,,,GE1,,208,-0.0249,,-0.024,0.0639,-0.1502,0.1004,0.5543,0.7115,-0.3895,"2019,2022,2023,2024,2025"
judge_caption,a-brown-1,Andrea Brown,,,MB,,60,-0.0272,,-0.024,0.1605,-0.3417,0.2874,0.8218,0.7167,-0.1692,"2022,2023,2024,2025"
judge_caption,m-mast-1,Monte Mast,,,MA,,124,0.0254,,0.0238,0.1036,-0.1778,0.2285,0.788,0.6935,0.2446,"2013,2014,2015,2016,2017"
judge_caption,c-armbruster-1,Chad Armbruster,,,MA,,115,0.0243,,0.0227,0.1105,-0.1922,0.2408,0.7884,0.6783,0.2201,"2016,2018,2019,2022,2023,2024,2025"
judge_caption,d-aydelott-1,David Aydelott,,,GE2,,32,-0.0278,,-0.0222,0.205,-0.4296,0.3741,0.7863,0.5938,-0.1355,"2015,2018,2022"
judge_caption,a-combites-1,Andy Combites,,,VP,,90,-0.0237,,-0.0218,0.1539,-0.3253,0.2779,1.03,0.6667,-0.154,"2016,2017,2018,2022,2023"
judge_caption,j-pipitone-1,JJ Pipitone,,,MP,,110,-0.0221,,-0.0206,0.107,-0.2318,0.1876,0.796,0.6909,-0.2065,"2013,2014,2015"
judge_caption,k-kuhn-1,Kim Kuhn,,,VP,,118,-0.0219,,-0.0205,0.0907,-0.1996,0.1559,0.7109,0.6102,-0.241,"2016,2017,2018,2019,2022,2023"
judge_caption,m-rubino-1,Mike Rubino,,,MA,,59,-0.0227,,-0.02,0.1732,-0.3622,0.3168,0.9595,0.5932,-0.131,"2015,2016,2017,2024"
judge_caption,r-comfort-1,Ron Comfort,,,VP,,58,0.0226,,0.0198,0.1664,-0.3037,0.3488,0.9954,0.6724,0.1356,"2016,2018,2019,2022,2023"
judge_caption,c-marra-1,Chris Marra,,,MA,,45,-0.0218,,-0.0185,0.2162,-0.4455,0.4019,0.9658,0.7111,-0.1007,"2016,2017,2019,2024,2025"
judge_caption,d-niebauer-1,Dan Niebauer,,,CG,,84,0.02,,0.0183,0.1245,-0.2241,0.2641,0.7288,0.6429,0.1607,"2013,2014,2015,2016"
judge_caption,m-stone-1,Michael Stone,,,VA,,35,0.0214,,0.0174,0.1423,-0.2576,0.3003,0.5663,0.6286,0.15,"2013,2014,2017"
judge_caption,m-tarr-1,Mike Tarr,,,VP,,116,0.0177,,0.0166,0.0966,-0.1716,0.2071,0.6916,0.6552,0.1835,"2022,2023,2024,2025"
judge_caption,j-howell-1,John Howell,,,VP,,124,-0.0175,,-0.0164,0.1005,-0.2144,0.1795,0.7621,0.7016,-0.1738,"2013,2014,2015,2016,2018,2019,2022,2023,2025"
judge_caption,h-nguyen-1,Hieu Nguyen,,,VP,,227,-0.0152,,-0.0147,0.0663,-0.1451,0.1147,0.6538,0.6784,-0.2291,"2014,2015,2016,2017,2018,2019,2022,2023,2024,2025"
judge_caption,c-poole-1,Charles Poole,,,MP,,60,0.0149,,0.0132,0.1747,-0.3274,0.3573,1.0535,0.7167,0.0854,"2019,2022,2023,2024"
judge_caption,m-gray-1,Michael Gray,,,VA,,108,-0.0089,,-0.0082,0.0862,-0.1777,0.16,0.6128,0.6667,-0.1027,"2015,2016,2017,2018,2019,2024,2025"
judge_caption,c-rothe-1,Caleb Rothe,,,GE2,,344,0.0081,,0.0079,0.048,-0.086,0.1021,0.5263,0.7238,0.1679,"2014,2016,2017,2018,2019,2022,2023,2024,2025"
judge_caption,k-giese-1,Ken Giese,,,VA,,542,-0.0047,,-0.0047,0.0625,-0.1272,0.1177,0.9814,0.703,-0.0758,"2013,2014,2015,2016,2017,2018,2019,2022"
judge_caption,s-adamo-1,Sal Adamo,,,VA,,225,0.0031,,0.003,0.0686,-0.1313,0.1375,0.6612,0.7156,0.0448,"2013,2014,2015,2016,2017,2018,2019,2022,2023,2024,2025"
judge_caption,d-orser-1,David Orser,,,MA,,46,0.0022,,0.0019,0.114,-0.2213,0.2257,0.5864,0.5652,0.0191,"2017,2018,2019,2023,2024"
judge_caption,j-carlisle-1,JR Carlisle,,,VA,,118,0.0019,,0.0018,0.0975,-0.1892,0.193,0.7235,0.661,0.0195,"2013,2015,2016,2017"
judge_caption,t-landess-1,Tim Landess,,,VP,,56,0.0007,,0.0006,0.1558,-0.3048,0.3061,0.8451,0.6964,0.0043,"2019,2022,2024"
judge_corps_caption,t-ochran-1,Timothy Ochran,001j000000iwxakaa1,Vanguard Cadets,VA,Open Class,14,-1.8437,-1.8809,-1.1733,0.7131,-3.2415,-0.446,2.4985,0.2857,-2.5854,"2013,2015,2016,2017,2018,2019"
judge_corps_caption,t-ochran-1,Timothy Ochran,001j000000i6jmbaaf,Blue Devils B,VA,Open Class,15,-1.5425,-1.6312,-1.006,0.6121,-2.7421,-0.3429,2.1876,0.4,-2.5203,"2013,2015,2016,2017,2018,2019,2023,2024"
judge_corps_caption,a-kristensen-1,Allan Kristensen,001j000000i6i9saav,Blue Devils,MP,World Class,24,-1.1942,-1.809,-0.8956,0.4947,-2.1638,-0.2245,2.0254,0.4583,-2.4137,"2013,2014,2015,2016,2017,2018,2019,2022,2023,2024"
judge_corps_caption,c-rothe-1,Caleb Rothe,001j000000iwx9paad,Gold,MP,Open Class,12,-1.4784,-1.8178,-0.887,0.4976,-2.4536,-0.5031,1.8254,0.25,-2.9711,"2013,2014,2015,2016,2017,2023,2024,2025"
judge_corps_caption,m-stone-1,Michael Stone,001j000000iwx9paad,Gold,CG,Open Class,7,-1.8201,-2.7809,-0.8494,0.7706,-3.3305,-0.3097,2.2066,0.1429,-2.362,"2013,2014,2015,2016,2017,2018"
judge_corps_caption,k-giese-1,Ken Giese,001j000000iwxa2aal,Louisiana Stars,VA,Open Class,7,1.7901,0.8728,0.8354,0.3131,1.1764,2.4038,1.7901,1,5.7174,"2014,2015,2016,2017,2018,2019"
judge_corps_caption,j-orefice-1,Juno Orefice,001j000000iwwsqaal,Blue Stars,VP,World Class,32,-0.9777,-1.1635,-0.7821,0.3971,-1.756,-0.1994,1.6618,0.5938,-2.462,"2013,2014,2015,2016,2017,2018,2019,2022,2023,2024,2025"
judge_corps_caption,a-kristensen-1,Allan Kristensen,001j000000iwxakaa1,Vanguard Cadets,MP,Open Class,18,-1.0705,-1.449,-0.7411,0.6408,-2.3265,0.1855,2.4329,0.4444,-1.6705,"2013,2014,2015,2016,2018,2019,2022"
judge_corps_caption,m-kelly-1,Mickey Kelly,001j000000iwxaaaa1,Raiders,GE1,Open Class,6,-1.7067,-3.3381,-0.7314,0.8658,-3.4036,-0.0097,2.2306,0.3333,-1.9712,"2013,2015,2016,2017,2018,2019"
judge_corps_caption,c-armbruster-1,Chad Armbruster,001j000000iwxa0aal,Legends,MB,Open Class,5,-1.8651,-1.9333,-0.7173,0.8138,-3.4602,-0.27,2.207,0.2,-2.2918,"2017,2018,2019"
judge_corps_caption,t-ochran-1,Timothy Ochran,001j000000i6i9saav,Blue Devils,GE1,World Class,9,-1.3445,-1.8859,-0.7118,0.5172,-2.3582,-0.3308,1.705,0.2222,-2.5996,"2015,2016,2018,2019,2023,2024,2025"
judge_corps_caption,a-kristensen-1,Allan Kristensen,001j000000i6jmbaaf,Blue Devils B,MP,Open Class,21,-0.9721,-1.3927,-0.7039,0.5732,-2.0956,0.1514,2.2584,0.4286,-1.6959,"2013,2014,2015,2016,2018,2019,2022,2023,2024"
judge_corps_caption,m-czapinksi-1,Marie Czapinksi,001j000000i6jmbaaf,Blue Devils B,GE1,Open Class,5,-1.8259,-1.8621,-0.7023,1.6545,-5.0687,1.4169,2.8368,0.4,-1.1036,"2014,2015,2022"
judge_corps_caption,m-stone-1,Michael Stone,001j000000iwxakaa1,Vanguard Cadets,GE1,Open Class,5,-1.7936,-1.8437,-0.6898,1.1296,-4.0077,0.4205,1.8907,0.4,-1.5878,"2016,2018,2019"
judge_corps_caption,h-nguyen-1,Hieu Nguyen,001j000000iwxacaa1,Spartans,VP,Open Class,8,-1.3754,-1.9256,-0.6877,0.6118,-2.5744,-0.1763,1.7643,0.375,-2.2482,"2014,2016,2019,2023,2025"
judge_corps_caption,c-quamme-1,Chad Quamme,001j000000qzs1qaaf,River City Rhythm,CG,Open Class,6,-1.5822,-1.4499,-0.6781,1.1417,-3.8198,0.6555,2.1471,0.5,-1.3859,"2019,2022"
judge_corps_caption,k-giese-1,Ken Giese,001j000000iwxa0aal,Legends,VA,Open Class,10,-1.2198,-2.111,-0.6777,0.8105,-2.8084,0.3688,2.1403,0.4,-1.505,"2013,2014,2015,2016,2017,2018,2019"
judge_corps_caption,k-baker-1,Keith Baker,001j000000qzs1qaaf,River City Rhythm,VA,Open Class,11,-1.1531,-0.7997,-0.6676,0.6822,-2.4903,0.1841,1.5873,0.3636,-1.6901,"2017,2018,2019,2022,2023,2024"
judge_corps_caption,h-nguyen-1,Hieu Nguyen,001j000000iwwslaal,7th Regiment,VP,Open Class,5,-1.7199,-2.2707,-0.6615,0.7999,-3.2876,-0.1522,2.2398,0.2,-2.1502,"2014,2016,2019,2023"
judge_corps_caption,g-oliviero-1,George Oliviero,001j000000iwxakaa1,Vanguard Cadets,VA,Open Class,8,-1.3134,-2.3961,-0.6567,0.9762,-3.2268,0.6,2.5142,0.375,-1.3454,"2013,2014,2015,2018,2019,2022"
judge_corps_caption,p-madden-1,Phil Madden,001j000000iwx93aad,Seattle Cascades,GE1,World Class,11,-1.1288,-1.0345,-0.6535,0.4475,-2.0059,-0.2518,1.6658,0.2727,-2.5228,"2016,2017,2018,2019,2024,2025"
judge_corps_caption,c-rothe-1,Caleb Rothe,001j000000iwx9paad,Gold,MA,Open Class,7,-1.3982,-1.8791,-0.6525,0.918,-3.1974,0.401,2.3089,0.4286,-1.5232,"2013,2014,2015,2017,2019,2023"
judge_corps_caption,j-ausdemore-1,Jeff Ausdemore,001j000000iwx93aad,Seattle Cascades,MP,World Class,8,-1.2922,-1.4027,-0.6461,0.4084,-2.0927,-0.4918,1.2991,0.125,-3.1642,"2015,2016,2018"
judge_corps_caption,a-kristensen-1,Allan Kristensen,001j000000h3xwcaav,Santa Clara Vanguard,MP,World Class,23,-0.8677,-1.4811,-0.6438,0.4827,-1.8139,0.0784,1.8588,0.5652,-1.7975,"2013,2014,2015,2016,2018,2019,2022,2024"
judge_corps_caption,j-gilley-1,Jackie Gilley,001j000000qzs1qaaf,River City Rhythm,VP,Open Class,6,-1.491,-0.7459,-0.639,1.1256,-3.6971,0.7152,2.1232,0.3333,-1.3246,"2017,2018,2019,2022,2025"
judge_corps_caption,m-stone-1,Michael Stone,001j000000iwx9uaad,Impulse,CG,Open Class,7,-1.3571,-2.3229,-0.6333,0.6595,-2.6497,-0.0644,1.6923,0.2857,-2.0576,"2013,2014,2015,2016,2017,2018"
judge_corps_caption,w-dillon-1,Wayne Dillon,001j000000iwxa3aal,Mandarins,MA,World Class,9,-1.1961,-1.2102,-0.6332,0.8116,-2.7868,0.3946,1.7425,0.5556,-1.4738,"2014,2017,2018,2022,2024,2025"
judge_corps_caption,g-howarth-1,Gifford Howarth,001j000000iwxaaaa1,Raiders,MP,Open Class,14,-0.9942,-0.7288,-0.6327,0.4629,-1.9014,-0.087,1.2022,0.2857,-2.1479,"2015,2016,2017,2018,2022,2023,2024,2025"
judge_corps_caption,p-furnari-1,Peter Furnari,001j000000iwx9waad,Jersey Surf,MP,World Class,11,-1.0814,-0.895,-0.6261,0.5964,-2.2503,0.0875,1.4721,0.3636,-1.8133,"2013,2014,2016,2017,2022,2023,2024"
judge_corps_caption,p-madden-1,Phil Madden,001j000000iwxa6aal,Oregon Crusaders,GE1,World Class,6,-1.4472,-1.3591,-0.6202,0.848,-3.1092,0.2149,2.0481,0.3333,-1.7066,"2016,2017,2018"
judge_corps_caption,b-kuhn-1,Blair Kuhn,001j000000iwwsqaal,Blue Stars,VA,World Class,18,-0.8849,-1.1116,-0.6126,0.4933,-1.8517,0.0819,1.6214,0.4444,-1.7939,"2017,2018,2019,2022,2023,2024,2025"
judge_corps_caption,m-bowers-1,Michele Bowers,001j000000iwxa0aal,Legends,CG,Open Class,6,-1.429,-0.8357,-0.6124,0.7506,-2.9001,0.0422,1.732,0.3333,-1.9038,"2016,2017,2018,2022"
judge_corps_caption,m-czapinksi-1,Marie Czapinksi,001j000000iwxakaa1,Vanguard Cadets,GE1,Open Class,5,-1.5863,-1.5891,-0.6101,1.5333,-4.5915,1.4189,2.6481,0.6,-1.0346,"2014,2015,2022"
judge_corps_caption,m-thompson-1,Michael Thompson,001j000000iwwslaal,7th Regiment,CG,Open Class,12,-1.0159,-0.5384,-0.6095,0.5566,-2.1068,0.075,1.4608,0.25,-1.8252,"2013,2016,2017,2018,2022,2023"
judge_corps_caption,t-ochran-1,Timothy Ochran,001j000000i6jmbaaf,Blue Devils B,GE1,Open Class,7,-1.3036,-2.0098,-0.6084,0.4246,-2.1358,-0.4715,1.4464,0.1429,-3.0706,"2015,2016,2018,2019,2023,2024,2025"
judge_corps_caption,c-moss-1,Chris Moss,001j000000iwx9taad,Heat Wave,VP,Open Class,9,-1.149,-1.1362,-0.6083,0.5014,-2.1318,-0.1663,1.4036,0.2222,-2.2916,"2015,2016,2018,2019,2022,2025"
judge_corps_caption,r-comfort-1,Ron Comfort,001j000000iwxa6aal,Oregon Crusaders,VP,World Class,5,-1.578,-1.4934,-0.6069,0.8658,-3.275,0.119,2.0199,0.2,-1.8225,"2016,2018"
judge_corps_caption,d-thomas-1,Durand Thomas,001j000000iwxaaaa1,Raiders,MB,Open Class,5,-1.5763,-1.8541,-0.6063,1.4815,-4.4801,1.3274,2.6516,0.4,-1.064,"2022,2023,2025"
judge_corps_caption,g-oliviero-1,George Oliviero,001j000000iwwsoaal,Blue Knights,GE1,World Class,5,-1.5455,-2.0913,-0.5944,1.0028,-3.511,0.4201,1.9857,0.4,-1.5411,"2014,2017,2018,2019,2024"
judge_corps_caption,a-kristensen-1,Allan Kristensen,001j0000012y6bqaac,The Battalion,MP,Open Class,6,1.3817,1.1371,0.5921,0.2588,0.8744,1.8889,1.3817,1,5.3385,"2017,2018,2019,2022,2024"
judge_corps_caption,r-greenwell-1,Randy Greenwell,001j000000i6jmbaaf,Blue Devils B,MB,Open Class,6,-1.3762,-1.9842,-0.5898,1.2186,-3.7647,1.0123,2.4581,0.3333,-1.1293,"2016,2018,2019,2022"
judge_corps_caption,g-oliviero-1,George Oliviero,001j000000iwxaeaa1,The Academy,CG,World Class,10,-1.0606,-1.4923,-0.5892,0.7115,-2.4553,0.334,1.8515,0.6,-1.4906,"2013,2014,2015,2016,2017,2018,2019"
judge_corps_caption,j-sturgeon-1,Jim Sturgeon,001j000000iwx9uaad,Impulse,VP,Open Class,5,-1.5259,-1.2188,-0.5869,1.2088,-3.8951,0.8433,2.2283,0.4,-1.2623,"2014,2015,2018,2025"
judge_corps_caption,m-stone-1,Michael Stone,001j000000iwx9qaad,Golden Empire,CG,Open Class,6,1.3673,0.3829,0.586,0.3378,0.7051,2.0294,1.3673,1,4.0472,"2014,2015,2016,2017,2018"
judge_corps_caption,m-bowers-1,Michele Bowers,001j000000iwx9oaad,Genesis,CG,Open Class,8,-1.1571,-0.8277,-0.5786,0.6863,-2.5023,0.188,1.2571,0.25,-1.6861,"2015,2016,2017,2018"
judge_corps_caption,p-furnari-1,Peter Furnari,001j000000iwxadaa1,Spirit of Atlanta,MP,World Class,9,-1.0911,-0.8931,-0.5777,0.3902,-1.856,-0.3263,1.2214,0.2222,-2.7963,"2014,2016,2017,2018,2024"
judge_corps_caption,m-stone-1,Michael Stone,001j000000iwx9uaad,Impulse,GE1,Open Class,8,-1.1529,-1.2742,-0.5765,0.6354,-2.3982,0.0924,1.4098,0.25,-1.8146,"2013,2015,2016,2017,2018,2022"
judge_corps_caption,j-orefice-1,Juno Orefice,001j000000iwx93aad,Seattle Cascades,VP,World Class,11,0.9955,0.7978,0.5763,0.1614,0.6791,1.3118,0.9955,1,6.1681,"2013,2014,2015,2016,2017,2018,2019,2025"
judge_corps_caption,j-rhodes-1,Jodie Rhodes,001j000000iwx97aad,Colt Cadets,GE2,Open Class,7,-1.2232,-0.9127,-0.5708,0.9522,-3.0896,0.6432,1.8178,0.4286,-1.2845,"2022,2023,2024,2025"
judge_corps_caption,t-fox-1,Todd Fox,001j000000iwxa1aal,Les Stentors,MA,Open Class,9,-1.0757,-0.5641,-0.5695,0.3866,-1.8335,-0.318,1.0886,0.1111,-2.7826,"2015,2017,2023,2024,2025"
judge_corps_caption,m-leitzke-1,Mike Leitzke,001j000000h3xrnaav,Phantom Regiment,MP,World Class,20,-0.7944,-0.9795,-0.5674,0.5024,-1.7792,0.1904,1.4932,0.7,-1.581,"2016,2017,2018,2019,2022,2023,2024,2025"
judge_corps_caption,p-madden-1,Phil Madden,001j000000iwx99aad,Columbians,GE1,Open Class,7,-1.2148,-1.0926,-0.5669,0.6453,-2.4796,0.05,1.3883,0.2857,-1.8825,"2016,2017,2018,2019,2024,2025"
judge_corps_caption,j-orefice-1,Juno Orefice,001j000000iwx97aad,Colt Cadets,VP,Open Class,13,-0.9137,-0.5258,-0.5657,0.6055,-2.1004,0.2729,1.4535,0.3846,-1.5092,"2013,2014,2016,2019,2023,2024,2025"
judge_corps_caption,g-oliviero-1,George Oliviero,001j000000h3xwcaav,Santa Clara Vanguard,CG,World Class,10,-1.0105,-1.4157,-0.5614,0.8525,-2.6815,0.6604,2.0799,0.6,-1.1853,"2013,2014,2015,2016,2018,2019,2022"
judge_corps_caption,d-deems-1,Don Deems,001j000000iwxa1aal,Les Stentors,CG,Open Class,11,-0.9681,-0.0727,-0.5605,0.4378,-1.8262,-0.1101,1.3468,0.2727,-2.2114,"2014,2017,2022,2023,2025"
judge_corps_caption,c-guard-1,Color Guard,001j000000iwxadaa1,Spirit of Atlanta,VP,World Class,5,-1.4549,-1.7128,-0.5596,0.6921,-2.8115,-0.0984,1.6269,0.2,-2.1021,"2015,2016,2017,2018,2023"
judge_corps_caption,t-ochran-1,Timothy Ochran,001j000000h3xwcaav,Santa Clara Vanguard,VA,World Class,24,-0.7442,-0.919,-0.5581,0.396,-1.5203,0.0319,1.404,0.5417,-1.8795,"2013,2014,2015,2016,2017,2018,2019,2024,2025"
judge_corps_caption,w-chumley-1,William Chumley,001j0000012y6bqaac,The Battalion,GE1,Open Class,7,-1.1936,-0.8956,-0.557,0.5865,-2.3431,-0.0441,1.4458,0.2857,-2.0351,"2018,2022,2023,2024"
judge_corps_caption,a-cook-1,Andrew Cook,001j000000iwwssaal,Boston Crusaders,MA,World Class,5,-1.4466,-1.7083,-0.5564,1.3675,-4.127,1.2337,2.3814,0.6,-1.0578,"2013,2014,2015,2024"
judge_corps_caption,c-rothe-1,Caleb Rothe,001j000000iwxaeaa1,The Academy,MA,World Class,6,-1.297,-1.583,-0.5559,0.6783,-2.6264,0.0324,1.6962,0.3333,-1.9122,"2014,2015,2017,2023"
judge_corps_caption,j-orefice-1,Juno Orefice,001j000000i6i9saav,Blue Devils,VP,World Class,24,0.7406,0.5582,0.5555,0.0509,0.6408,0.8405,0.7406,1,14.5391,"2013,2014,2015,2016,2017,2018,2019,2024,2025"
judge_corps_caption,g-oliviero-1,George Oliviero,001j000000iwxakaa1,Vanguard Cadets,VP,Open Class,5,-1.4402,-2.879,-0.5539,0.4903,-2.4011,-0.4793,1.4402,0,-2.9377,"2015,2016,2017,2019,2022"
judge_corps_caption,f-morris-1,Frank Morris,001j000000iwxacaa1,Spartans,GE1,Open Class,6,-1.2841,-1.696,-0.5503,0.5012,-2.2664,-0.3018,1.4346,0.1667,-2.5621,"2013,2014,2015,2016"
judge_corps_caption,b-kuhn-1,Blair Kuhn,001j000000h3xwcaav,Santa Clara Vanguard,VA,World Class,11,0.9484,0.7253,0.5491,0.0981,0.7561,1.1407,0.9484,1,9.6651,"2017,2018,2019,2022,2025"
judge_corps_caption,r-solomon-1,Robert Solomon,001j000000iwxakaa1,Vanguard Cadets,VP,Open Class,6,1.2789,0.9272,0.5481,0.4608,0.3757,2.1822,1.2789,1,2.7752,"2013,2015,2018,2022"
judge_corps_caption,r-solomon-1,Robert Solomon,001j000000iwx9paad,Gold,CG,Open Class,15,-0.8401,-1.0784,-0.5479,0.536,-1.8906,0.2105,1.724,0.4667,-1.5672,"2013,2015,2018,2019,2022,2023,2024,2025"
judge_corps_caption,m-mcgahey-1,Mark McGahey,001j000000iwxaeaa1,The Academy,MB,World Class,7,-1.1736,-1.577,-0.5477,0.8068,-2.7549,0.4077,1.729,0.4286,-1.4547,"2013,2014,2017,2022,2023,2025"
judge_corps_caption,g-oliviero-1,George Oliviero,001j000000iwxakaa1,Vanguard Cadets,CG,Open Class,7,-1.1667,-3.1095,-0.5444,0.9098,-2.9498,0.6165,2.3137,0.2857,-1.2824,"2013,2014,2015,2016,2018,2019,2022"
judge_corps_caption,p-madden-1,Phil Madden,001j000000iwx93aad,Seattle Cascades,VA,World Class,10,-0.9736,-0.7365,-0.5409,0.4065,-1.7703,-0.1769,1.3611,0.2,-2.3951,"2015,2016,2018,2019,2023,2024,2025"
judge_corps_caption,t-ochran-1,Timothy Ochran,001j000000iwx9saad,Guardians,VA,Open Class,10,0.9698,0.7588,0.5388,0.3415,0.3005,1.6391,1.2003,0.8,2.8399,"2015,2016,2018,2019,2024"
judge_corps_caption,t-landess-1,Tim Landess,001j000000iwx91aad,Carolina Crown,CG,World Class,6,-1.2535,-2.0698,-0.5372,0.9073,-3.0318,0.5247,2.1535,0.3333,-1.3816,"2019,2022,2023,2024"
judge_corps_caption,d-bryan-1,Dan Bryan,001j000000iwxakaa1,Vanguard Cadets,MP,Open Class,9,-1.0124,-0.4794,-0.536,0.5702,-2.1299,0.1052,1.2069,0.2222,-1.7755,"2014,2016,2017,2018"
judge_corps_caption,a-kristensen-1,Allan Kristensen,001j000000iwx98aad,Colts,MP,World Class,7,1.1486,0.507,0.536,0.0697,1.0121,1.2852,1.1486,1,16.4873,"2014,2015,2016,2018,2019,2023"
judge_corps_caption,a-kristensen-1,Allan Kristensen,001j000000iwx91aad,Carolina Crown,MP,World Class,10,0.9599,0.3289,0.5333,0.1023,0.7594,1.1604,0.9599,1,9.3817,"2013,2014,2015,2016,2018"
judge_corps_caption,j-howell-1,John Howell,001j000000iwxa7aal,Pacific Crest,CG,World Class,9,-1.0066,-0.9563,-0.5329,0.6993,-2.3773,0.364,1.4148,0.6667,-1.4394,"2015,2018,2019,2022,2025"
judge_corps_caption,j-sturgeon-1,Jim Sturgeon,001j000000h3xwcaav,Santa Clara Vanguard,CG,World Class,5,1.3834,0.5802,0.5321,0.0905,1.206,1.5608,1.3834,1,15.2833,"2017,2018,2019,2022"
judge_corps_caption,b-mascaro-1,Bret Mascaro,001j000000iwxajaa1,Troopers,VP,World Class,7,-1.1383,-1.2993,-0.5312,0.8948,-2.8921,0.6154,1.499,0.4286,-1.2722,"2014,2015,2016,2017,2023"
judge_corps_caption,g-oliviero-1,George Oliviero,001j000000iwwsoaal,Blue Knights,CG,World Class,11,-0.9164,-1.334,-0.5305,0.7769,-2.4391,0.6063,2.0226,0.6364,-1.1796,"2013,2014,2015,2016,2017,2018,2025"
judge_corps_caption,m-turner-1,Michael Turner,001j000000iwxakaa1,Vanguard Cadets,VP,Open Class,8,-1.0606,-1.0937,-0.5303,1.0831,-3.1835,1.0622,2.6211,0.5,-0.9793,"2016,2017,2018,2022"
judge_corps_caption,m-davis-1,Mike Davis,001j000000iwx9saad,Guardians,MP,Open Class,11,-0.915,-0.4803,-0.5297,0.4705,-1.8372,0.0072,1.1731,0.4545,-1.9447,"2017,2018,2019,2022,2023,2024"
judge_corps_caption,j-sturgeon-1,Jim Sturgeon,001j000000iwx9paad,Gold,VP,Open Class,9,-0.9903,-0.6633,-0.5243,0.7424,-2.4455,0.4649,1.4165,0.5556,-1.3339,"2014,2015,2018,2022,2025"
judge_corps_caption,b-mascaro-1,Bret Mascaro,001j000000iwwssaal,Boston Crusaders,VP,World Class,9,-0.9881,-1.1335,-0.5231,0.9131,-2.7778,0.8016,1.9628,0.5556,-1.0821,"2014,2015,2016,2017,2018"
judge_corps_caption,r-solomon-1,Robert Solomon,001j000000iwxa7aal,Pacific Crest,CG,World Class,22,-0.7113,-0.5651,-0.5216,0.3565,-1.4101,-0.0125,1.1553,0.4545,-1.9951,"2013,2014,2015,2016,2017,2018,2019,2022,2023,2024,2025"
judge_corps_caption,w-dillon-1,Wayne Dillon,001j000000h3xwcaav,Santa Clara Vanguard,MA,World Class,13,-0.8426,-0.8682,-0.5216,0.6376,-2.0922,0.4071,1.4184,0.5385,-1.3215,"2013,2014,2017,2018,2019,2022,2024,2025"
judge_corps_caption,c-church-1,CHRIS CHURCH,001j000000iwxa5aal,Music City,GE1,Open Class,6,-1.2122,-1.1918,-0.5195,0.7967,-2.7738,0.3494,1.7907,0.1667,-1.5214,"2014,2015,2016,2017,2022"
judge_corps_caption,j-kennedy-1,Jay Kennedy,001j000000iwxa5aal,Music City,GE2,Open Class,6,1.2049,0.7434,0.5164,0.4489,0.325,2.0848,1.2961,0.6667,2.684,"2013,2014,2015,2017,2019"
judge_corps_caption,t-ochran-1,Timothy Ochran,001j000000iwx9waad,Jersey Surf,VA,World Class,15,0.791,0.5703,0.5159,0.1068,0.5816,1.0003,0.7939,0.9333,7.4054,"2013,2014,2015,2016,2017,2019,2023,2024"
judge_corps_caption,p-haines-1,Phillip Haines,001j000000iwx93aad,Seattle Cascades,MB,World Class,8,-1.0293,-1.1764,-0.5146,0.3764,-1.767,-0.2915,1.1188,0.125,-2.7344,"2015,2017,2018,2019,2023"
judge_corps_caption,r-saucedo-1,Richard Saucedo,001j000000iwxakaa1,Vanguard Cadets,GE2,Open Class,5,-1.3361,-1.0779,-0.5139,1.2638,-3.8131,1.1409,1.4986,0.4,-1.0572,"2017,2018"
judge_corps_caption,w-dillon-1,Wayne Dillon,001j000000iwx9qaad,Golden Empire,MB,Open Class,5,1.327,0.5727,0.5104,0.3678,0.6061,2.0478,1.327,1,3.6081,"2014,2017,2018,2023"
judge_corps_caption,c-marra-1,Chris Marra,001j000000iwxa0aal,Legends,MB,Open Class,5,-1.3242,-0.95,-0.5093,1.2554,-3.7848,1.1363,2.3908,0.4,-1.0548,"2016,2018,2022"
judge_corps_caption,j-queen-1,Jeff Queen,001j000000iwx91aad,Carolina Crown,MP,World Class,5,-1.3214,-2.2661,-0.5082,1.4951,-4.2517,1.609,2.6335,0.6,-0.8838,"2015,2016,2018"
judge_corps_caption,p-furnari-1,Peter Furnari,001j000000iwwslaal,7th Regiment,MP,Open Class,14,-0.7976,-1.0863,-0.5075,0.6811,-2.1326,0.5374,2.2152,0.5,-1.171,"2013,2017,2018,2019,2022,2023,2024,2025"
judge_corps_caption,c-dillon-1,Christine Dillon,001j000000iwxaaaa1,Raiders,CG,Open Class,13,-0.8169,-0.0197,-0.5057,0.5095,-1.8155,0.1817,1.2226,0.5385,-1.6034,"2013,2014,2015,2016,2018"
judge_corps_caption,j-ausdemore-1,Jeff Ausdemore,001j000000iwxa8aal,Pioneer,MP,World Class,8,-1.0053,-1.1893,-0.5026,0.8936,-2.7567,0.7462,1.8977,0.5,-1.125,"2014,2015,2016,2017,2018"
judge_corps_caption,m-mcgahey-1,Mark McGahey,001j000000i6i9saav,Blue Devils,MB,World Class,7,-1.074,-1.4682,-0.5012,0.9207,-2.8785,0.7306,2.0038,0.5714,-1.1665,"2013,2014,2017,2023"
judge_corps_caption,g-oliviero-1,George Oliviero,001j000000iwxa3aal,Mandarins,CG,World Class,10,-0.9017,-1.2848,-0.501,0.7374,-2.3471,0.5436,2.0635,0.5,-1.2229,"2013,2014,2015,2016,2017,2018,2019,2022"
judge_corps_caption,r-greenwell-1,Randy Greenwell,001j000000iwx9oaad,Genesis,MA,Open Class,10,-0.8978,-0.7285,-0.4988,0.5249,-1.9266,0.1311,1.0155,0.3,-1.7103,"2013,2014,2015,2016,2018,2019,2022"
judge_corps_caption,a-kristensen-1,Allan Kristensen,001j000000iwxadaa1,Spirit of Atlanta,MP,World Class,6,1.1591,0.5112,0.4967,0.1785,0.8093,1.5089,1.1591,1,6.4948,"2014,2015,2016,2018,2023"
judge_corps_caption,a-cook-1,Andrew Cook,001j000000h3xwcaav,Santa Clara Vanguard,MA,World Class,5,1.2903,0.9899,0.4963,0.2899,0.7221,1.8586,1.2903,1,4.4505,"2013,2014,2018"
judge_corps_caption,g-oliviero-1,George Oliviero,001j000000i6jmbaaf,Blue Devils B,CG,Open Class,7,-1.0597,-3.0682,-0.4945,0.8081,-2.6435,0.5242,1.9203,0.2857,-1.3113,"2013,2014,2015,2016,2018,2019,2022"
judge_corps_caption,m-kelly-1,Mickey Kelly,001j000000iwwslaal,7th Regiment,GE1,Open Class,9,-0.9313,-2.5882,-0.493,0.5435,-1.9966,0.134,1.5648,0.2222,-1.7134,"2013,2015,2016,2017,2018,2019"
judge_corps_caption,b-mascaro-1,Bret Mascaro,001j000000iwx9waad,Jersey Surf,VP,World Class,7,1.0538,0.8549,0.4918,0.1595,0.7413,1.3664,1.0538,1,6.6083,"2013,2014,2016,2023"
judge_corps_caption,a-kristensen-1,Allan Kristensen,001j000000iwwsqaal,Blue Stars,MP,World Class,9,0.929,0.2825,0.4918,0.1195,0.6948,1.1632,0.929,1,7.7741,"2014,2015,2016,2018,2019,2023"
judge_corps_caption,n-jones-1,Nola Jones,001j000000iwxakaa1,Vanguard Cadets,GE2,Open Class,8,-0.9834,-0.8568,-0.4917,0.6983,-2.352,0.3853,1.3632,0.375,-1.4083,"2013,2015,2016,2017,2018"
judge_corps_caption,a-kristensen-1,Allan Kristensen,001j000000iwxa3aal,Mandarins,MP,World Class,26,-0.6418,-1.2387,-0.4908,0.3578,-1.343,0.0594,1.4639,0.5,-1.7941,"2013,2014,2015,2016,2018,2019,2022,2023,2024"
judge_corps_caption,p-haines-1,Phillip Haines,001j000000h3xwcaav,Santa Clara Vanguard,MB,World Class,6,-1.145,-1.2921,-0.4907,1.0379,-3.1794,0.8894,1.7785,0.5,-1.1032,"2017,2018,2022,2024"
judge_corps_caption,k-baker-1,Keith Baker,001j000000i6jmbaaf,Blue Devils B,VA,Open Class,14,0.7704,1.0552,0.4903,0.1355,0.5048,1.0361,0.7704,1,5.6845,"2013,2014,2016,2017,2018,2024"
judge_corps_caption,k-turner-1,Ken Turner,001j000000i6i9saav,Blue Devils,MA,World Class,6,-1.1435,-1.33,-0.4901,0.7699,-2.6526,0.3655,1.2181,0.3333,-1.4852,"2013,2014,2018,2019,2025"
judge_corps_caption,g-oliviero-1,George Oliviero,001j000000iwxadaa1,Spirit of Atlanta,CG,World Class,7,1.0462,0.5893,0.4882,0.1502,0.7517,1.3406,1.0462,1,6.963,"2013,2015,2019"
judge_corps_caption,b-jones-1,Bruce Jones,001j000000iwxa0aal,Legends,VP,Open Class,5,-1.264,-1.8217,-0.4862,0.5459,-2.334,-0.1939,1.2701,0.2,-2.3153,"2013,2014,2015,2018,2022"
judge_corps_caption,r-solomon-1,Robert Solomon,001j000000iwx9paad,Gold,GE1,Open Class,7,-1.041,-1.3895,-0.4858,0.7118,-2.4362,0.3542,1.6806,0.2857,-1.4624,"2017,2018,2019,2022,2024,2025"
judge_corps_caption,b-fabrizio-1,Beth Fabrizio,001j000000iwx91aad,Carolina Crown,MB,World Class,10,-0.8681,-0.7918,-0.4823,0.7051,-2.2501,0.5138,1.5264,0.6,-1.2313,"2014,2018,2022,2023"
judge_corps_caption,t-ochran-1,Timothy Ochran,001j000000iwx9aaat,Crossmen,VA,World Class,18,0.6957,0.4776,0.4817,0.1308,0.4393,0.9522,0.7958,0.9444,5.3172,"2013,2015,2016,2017,2018,2019,2022,2024"
judge_corps_caption,d-bryan-1,Dan Bryan,001j000000i6jmbaaf,Blue Devils B,MP,Open Class,10,-0.867,-0.3761,-0.4817,0.6962,-2.2316,0.4975,1.3388,0.4,-1.2454,"2013,2014,2016,2017,2018"
judge_corps_caption,f-miller-1,Frank Miller,001j000000iwx9waad,Jersey Surf,VA,World Class,6,-1.1237,-0.871,-0.4816,0.708,-2.5115,0.264,1.2973,0.5,-1.5871,"2014,2015,2016"
judge_corps_caption,j-orefice-1,Juno Orefice,001j000000iwxa6aal,Oregon Crusaders,VP,World Class,11,0.8297,0.5882,0.4804,0.1601,0.5159,1.1436,0.8297,1,5.1819,"2013,2014,2015,2016,2017,2018"
judge_corps_caption,j-wilson-1,Jeff Wilson,001j000000i6i9saav,Blue Devils,MP,World Class,6,-1.1092,-1.3443,-0.4754,0.659,-2.4008,0.1824,1.5173,0.3333,-1.6833,"2015,2017,2018,2019,2024"
judge_corps_caption,a-kristensen-1,Allan Kristensen,001j000000iwwsraal,Bluecoats,MP,World Class,9,0.8971,0.2533,0.4749,0.0768,0.7466,1.0475,0.8971,1,11.6874,"2014,2015,2016,2018,2019"
judge_corps_caption,w-dillon-1,Wayne Dillon,001j000000iwxa3aal,Mandarins,GE2,World Class,15,-0.7281,-0.6895,-0.4748,0.3816,-1.476,0.0198,1.0518,0.4,-1.9082,"2014,2015,2017,2018,2019,2022,2023,2024,2025"
judge_corps_caption,g-oliviero-1,George Oliviero,001j000000iwwsraal,Bluecoats,CG,World Class,9,0.8926,0.4571,0.4725,0.0768,0.742,1.0431,0.8926,1,11.6198,"2013,2014,2015,2016,2025"
judge_corps_caption,j-orefice-1,Juno Orefice,001j000000iwxa7aal,Pacific Crest,VP,World Class,13,0.7615,0.5868,0.4714,0.1351,0.4967,1.0264,0.7618,0.9231,5.6356,"2013,2014,2015,2016,2017,2018,2023,2025"
judge_corps_caption,d-deems-1,Don Deems,001j000000iwxa5aal,Music City,GE1,Open Class,9,-0.8867,-0.5273,-0.4694,0.702,-2.2626,0.4892,1.3225,0.5556,-1.2631,"2013,2016,2017,2018,2019,2022,2024,2025"
judge_corps_caption,a-kristensen-1,Allan Kristensen,001j000000i6kfgaan,The Cadets,MP,World Class,7,1.002,0.3527,0.4676,0.0783,0.8484,1.1556,1.002,1,12.7893,"2014,2015,2016,2018"
judge_corps_caption,c-rothe-1,Caleb Rothe,001j000000iwx9uaad,Impulse,MP,Open Class,12,-0.7784,-1.1763,-0.4671,0.4475,-1.6555,0.0986,1.3567,0.3333,-1.7397,"2013,2014,2015,2016,2017,2022,2023,2024,2025"
judge_corps_caption,n-jones-1,Nola Jones,001j000000iwxa5aal,Music City,MA,Open Class,6,1.089,0.6258,0.4667,0.2225,0.653,1.5251,1.089,1,4.8947,"2014,2015,2018,2022,2023,2024"
judge_corps_caption,r-comfort-1,Ron Comfort,001j000000iwx93aad,Seattle Cascades,VP,World Class,7,-0.9964,-0.8949,-0.465,0.6383,-2.2474,0.2546,1.6174,0.2857,-1.5611,"2016,2018,2019,2023"
judge_corps_caption,h-nguyen-1,Hieu Nguyen,001j000000iwxadaa1,Spirit of Atlanta,CG,World Class,17,-0.6834,-0.5435,-0.4647,0.3168,-1.3044,-0.0625,0.8965,0.3529,-2.1571,"2014,2015,2016,2017,2018,2019"
judge_corps_caption,c-phillips-1,Chester Phillips,001j000000iwxakaa1,Vanguard Cadets,MB,Open Class,6,1.084,1.0662,0.4646,0.217,0.6588,1.5092,1.084,1,4.9964,"2013,2016,2017,2022"
judge_corps_caption,c-nelson-1,Carl Nelson,001j000000iwxajaa1,Troopers,VA,World Class,6,1.0825,-0.0621,0.4639,0.2823,0.5291,1.6358,1.1436,0.8333,3.8342,"2018,2019,2025"
judge_corps_caption,j-rhodes-1,Jodie Rhodes,001j000000qzs1qaaf,River City Rhythm,GE2,Open Class,6,-1.0816,-0.6828,-0.4635,1.1842,-3.4026,1.2394,1.6429,0.5,-0.9134,"2022,2023,2024,2025"
judge_corps_caption,a-kristensen-1,Allan Kristensen,001j000000i6jmbaaf,Blue Devils B,MA,Open Class,6,-1.0791,-0.964,-0.4625,0.7691,-2.5865,0.4283,1.6467,0.5,-1.4031,"2014,2016,2022,2023"
judge_corps_caption,m-thompson-1,Michael Thompson,001j000000iwwslaal,7th Regiment,VP,Open Class,5,-1.1999,-1.9452,-0.4615,0.9576,-3.0768,0.677,2.127,0.2,-1.2531,"2013,2019,2022,2025"
judge_corps_caption,j-ausdemore-1,Jeff Ausdemore,001j000000iwxa0aal,Legends,MP,Open Class,5,-1.1972,-1.3209,-0.4605,0.8237,-2.8117,0.4172,1.6357,0.4,-1.4535,"2016,2018,2019"
judge_corps_caption,w-dillon-1,Wayne Dillon,001j000000iwx9uaad,Impulse,GE2,Open Class,6,-1.0712,-1.2401,-0.4591,0.4424,-1.9383,-0.2041,1.3482,0.1667,-2.4214,"2014,2015,2017,2018,2023,2024"
judge_corps_caption,j-sturgeon-1,Jim Sturgeon,001j000000iwwssaal,Boston Crusaders,CG,World Class,5,-1.1936,-1.9514,-0.4591,1.629,-4.3865,1.9994,2.9029,0.6,-0.7327,"2016,2018,2019"
judge_corps_caption,m-mullinix-1,Max Mullinix,001j000000i6jmbaaf,Blue Devils B,MP,Open Class,6,1.0678,1.2601,0.4576,0.2221,0.6324,1.5032,1.0678,1,4.807,"2015,2017"
judge_corps_caption,j-harper-1,Jeff Harper,001j000000iwwsraal,Bluecoats,MA,World Class,15,-0.7002,-0.8258,-0.4566,0.4559,-1.5938,0.1935,1.0622,0.6667,-1.5356,"2015,2016,2018,2022,2023,2024,2025"
judge_corps_caption,c-guard-1,Color Guard,001j000000iwxa2aal,Louisiana Stars,CG,Open Class,8,-0.9121,-1.604,-0.4561,0.3952,-1.6866,-0.1376,1.0538,0.25,-2.3082,"2015,2017,2018,2019,2022"
judge_corps_caption,j-sturgeon-1,Jim Sturgeon,001j000000iwx91aad,Carolina Crown,CG,World Class,5,-1.1856,-1.9579,-0.456,1.4465,-4.0208,1.6495,2.5781,0.6,-0.8196,"2016,2018,2019"
judge_corps_caption,m-stone-1,Michael Stone,001j000000i6jmbaaf,Blue Devils B,GE1,Open Class,5,-1.1809,-1.2785,-0.4542,0.9798,-3.1012,0.7394,1.6326,0.6,-1.2053,"2016,2018,2019"
judge_corps_caption,w-dillon-1,Wayne Dillon,001j000000iwx97aad,Colt Cadets,MA,Open Class,5,1.1756,0.5185,0.4522,0.2524,0.6809,1.6703,1.1756,1,4.6574,"2013,2017,2019,2022,2023"
judge_corps_caption,w-dillon-1,Wayne Dillon,001j000000iwxacaa1,Spartans,MB,Open Class,5,-1.1731,-1.9523,-0.4512,0.955,-3.0449,0.6986,1.8122,0.2,-1.2284,"2014,2015,2018,2023,2025"
judge_corps_caption,d-torchia-1,Debbie Torchia,001j000000iwxa6aal,Oregon Crusaders,CG,World Class,5,1.1725,1.0355,0.451,0.2774,0.6289,1.7161,1.1725,1,4.2275,"2013,2015,2016,2018"
judge_corps_caption,b-mascaro-1,Bret Mascaro,001j000000iwx9aaat,Crossmen,VP,World Class,8,0.9016,0.7104,0.4508,0.1397,0.6277,1.1755,0.9016,1,6.4518,"2013,2014,2016,2017,2018"
judge_corps_caption,k-giese-1,Ken Giese,001j000000iwx93aad,Seattle Cascades,VA,World Class,13,0.726,0.9685,0.4494,0.1622,0.4081,1.0439,0.7953,0.8462,4.4756,"2013,2014,2015,2016,2017,2019"
judge_corps_caption,j-wilson-1,Jeff Wilson,001j000000iwxajaa1,Troopers,MP,World Class,6,-1.0476,-1.2881,-0.449,0.8225,-2.6597,0.5646,1.8102,0.5,-1.2736,"2018,2019,2022,2024"
judge_corps_caption,g-oliviero-1,George Oliviero,001j000000i6kalaa3,Blue Devils C,VP,Open Class,5,1.1665,-0.4906,0.4487,0.1508,0.871,1.4621,1.1665,1,7.736,"2015,2016,2017,2019,2022"
judge_corps_caption,s-adamo-1,Sal Adamo,001j000000iwwslaal,7th Regiment,VA,Open Class,5,-1.1655,-2.2498,-0.4483,1.0283,-3.181,0.8499,2.1497,0.4,-1.1335,"2016,2017,2018,2022,2025"
judge_corps_caption,g-howarth-1,Gifford Howarth,001j000000iwx9aaat,Crossmen,MP,World Class,14,-0.7031,-0.5026,-0.4474,0.5091,-1.7009,0.2947,1.1134,0.4286,-1.3811,"2013,2014,2015,2016,2017,2018,2019"
judge_corps_caption,m-czapinksi-1,Marie Czapinksi,001j000000iwxafaa1,The Cavaliers,CG,World Class,6,1.0431,0.5702,0.447,0.2788,0.4966,1.5896,1.1189,0.8333,3.7411,"2013,2014,2015"
judge_corps_caption,a-kristensen-1,Allan Kristensen,001j000000i6kalaa3,Blue Devils C,MP,Open Class,16,-0.6689,-1.0632,-0.446,0.4625,-1.5754,0.2375,1.5705,0.3125,-1.4464,"2013,2014,2015,2016,2018,2019,2022,2023,2024"
judge_corps_caption,a-kristensen-1,Allan Kristensen,001j000000iwx9uaad,Impulse,MP,Open Class,7,0.9551,0.4436,0.4457,0.684,-0.3854,2.2957,1.7077,0.7143,1.3965,"2013,2018,2019,2022,2023,2024"
judge_corps_caption,a-kristensen-1,Allan Kristensen,001j000000iwwsoaal,Blue Knights,MP,World Class,22,-0.6067,-1.2267,-0.4449,0.465,-1.5181,0.3048,1.8199,0.5,-1.3045,"2013,2014,2015,2016,2017,2018,2019,2022,2023"
judge_corps_caption,g-oliviero-1,George Oliviero,001j000000i6i9saav,Blue Devils,CG,World Class,11,-0.7682,-1.1845,-0.4447,0.8826,-2.4981,0.9617,2.2147,0.6364,-0.8704,"2013,2014,2015,2016,2018,2019,2022"
judge_corps_caption,j-kennedy-1,Jay Kennedy,001j000000iwxacaa1,Spartans,MA,Open Class,11,-0.7605,-0.8083,-0.4403,0.426,-1.5955,0.0745,1.0707,0.2727,-1.7851,"2013,2017,2018,2019,2022,2023,2025"
judge_corps_caption,m-mcgahey-1,Mark McGahey,001j000000iwxa3aal,Mandarins,MB,World Class,9,-0.8219,-1.1848,-0.4351,0.7115,-2.2164,0.5726,1.7342,0.5556,-1.1552,"2013,2014,2016,2017,2022,2023,2025"
judge_corps_caption,j-sturgeon-1,Jim Sturgeon,001j000000iwwsraal,Bluecoats,CG,World Class,5,-1.1286,-1.8982,-0.4341,1.5304,-4.1283,1.8711,2.7579,0.6,-0.7374,"2016,2018,2019"
judge_corps_caption,c-dillon-1,Christine Dillon,001j000000iwxa1aal,Les Stentors,CG,Open Class,14,-0.6748,0.0611,-0.4294,0.3371,-1.3355,-0.0141,0.9021,0.3571,-2.0018,"2013,2014,2015,2016,2025"
judge_corps_caption,r-solomon-1,Robert Solomon,001j000000iwxakaa1,Vanguard Cadets,CG,Open Class,6,1.0018,0.7979,0.4294,0.2388,0.5337,1.4699,1.0018,1,4.1948,"2017,2018,2019,2022"
judge_corps_caption,j-orefice-1,Juno Orefice,racine-scouts,Racine Scouts,VP,Open Class,5,-1.1151,-0.7809,-0.4289,1.3447,-3.7508,1.5206,1.7449,0.6,-0.8292,"2013,2014,2015"
judge_corps_caption,c-dillon-1,Christine Dillon,racine-scouts,Racine Scouts,CG,Open Class,7,0.9145,1.5409,0.4267,0.2526,0.4194,1.4095,1.0075,0.8571,3.6208,"2013,2014,2015"
judge_corps_caption,c-costanza-1,Curtis Costanza,001j000000iwx93aad,Seattle Cascades,GE1,World Class,7,-0.9143,-1.1647,-0.4267,0.3731,-1.6456,-0.1831,0.9661,0.1429,-2.4507,"2016,2018,2019,2023,2024"
judge_corps_caption,b-kuhn-1,Blair Kuhn,001j000000iwwsoaal,Blue Knights,VA,World Class,9,0.8055,0.5762,0.4264,0.1033,0.6031,1.0079,0.8055,1,7.8009,"2017,2018,2022,2023,2025"
judge_corps_caption,t-wemhoff-1,Ted Wemhoff,001j000000iwx9saad,Guardians,GE1,Open Class,9,-0.804,-0.6488,-0.4256,0.3273,-1.4454,-0.1625,0.921,0.1111,-2.4567,"2015,2016,2017,2018,2019,2022,2023"
judge_corps_caption,k-turner-1,Ken Turner,001j000000iwwsoaal,Blue Knights,MA,World Class,7,0.9112,0.7005,0.4252,0.1651,0.5876,1.2348,0.9112,1,5.519,"2013,2016,2018,2019,2022"
judge_corps_caption,p-madden-1,Phil Madden,001j000000iwx99aad,Columbians,VA,Open Class,6,-0.9907,-0.5113,-0.4246,0.3436,-1.6641,-0.3172,0.9907,0,-2.8831,"2016,2019,2024,2025"
judge_corps_caption,a-cook-1,Andrew Cook,001j000000i6kfgaan,The Cadets,MB,World Class,9,-0.801,-0.9226,-0.4241,0.84,-2.4475,0.8454,1.5263,0.7778,-0.9536,"2013,2014,2015,2016,2017,2018,2019"
judge_corps_caption,j-gilley-1,Jackie Gilley,001j000000iwx9saad,Guardians,CG,Open Class,5,-1.1027,-0.8531,-0.4241,0.7601,-2.5925,0.3872,1.5584,0.4,-1.4506,"2017,2018,2019,2023,2024"
judge_corps_caption,a-kristensen-1,Allan Kristensen,001j000000iwwssaal,Boston Crusaders,MP,World Class,7,0.9075,0.2824,0.4235,0.1626,0.5887,1.2263,0.9075,1,5.5795,"2014,2015,2018"
judge_corps_caption,j-mills-1,Jeff Mills,001j000000iwx9waad,Jersey Surf,MB,World Class,6,-0.9882,-0.2988,-0.4235,0.1922,-1.365,-0.6115,0.9882,0,-5.1413,"2017,2018,2019,2023"
judge_corps_caption,n-jones-1,Nola Jones,001j000000iwwsqaal,Blue Stars,MA,World Class,5,-1.0975,-1.5961,-0.4221,1.0565,-3.1682,0.9732,1.6136,0.6,-1.0388,"2013,2017,2022,2023"
judge_corps_caption,d-niebauer-1,Dan Niebauer,001j000000iwxa0aal,Legends,GE1,Open Class,5,1.0931,0.7476,0.4204,0.7112,-0.3009,2.487,1.7625,0.8,1.537,"2013,2014,2016"
judge_corps_caption,j-orefice-1,Juno Orefice,001j000000h3xwcaav,Santa Clara Vanguard,VP,World Class,19,0.5944,0.4235,0.4183,0.0517,0.493,0.6958,0.5944,1,11.4936,"2013,2014,2015,2016,2017,2018,2019,2025"
judge_corps_caption,c-rothe-1,Caleb Rothe,001j000000iwx9paad,Gold,GE2,Open Class,11,-0.7225,-0.9882,-0.4183,0.4546,-1.6135,0.1686,1.017,0.2727,-1.5892,"2014,2016,2017,2018,2019,2022,2023,2024,2025"
judge_corps_caption,c-marra-1,Chris Marra,001j000000iwxa1aal,Les Stentors,MB,Open Class,5,-1.0849,-0.7766,-0.4173,0.6614,-2.3813,0.2116,1.3629,0.4,-1.6401,"2016,2023,2024,2025"
judge_corps_caption,r-solomon-1,Robert Solomon,001j000000iwx9uaad,Impulse,GE1,Open Class,6,-0.9733,-1.3186,-0.4171,0.5676,-2.0858,0.1391,1.4113,0.1667,-1.7149,"2017,2018,2019,2022,2024,2025"
judge_corps_caption,m-davis-1,Mike Davis,001j000000iwx9uaad,Impulse,MP,Open Class,6,0.9686,1.3375,0.4151,0.3594,0.2642,1.6731,0.9686,1,2.6951,"2013,2015,2016,2017"
judge_corps_caption,s-adamo-1,Sal Adamo,001j000000iwxaaaa1,Raiders,VA,Open Class,7,-0.8884,-1.9632,-0.4146,0.7282,-2.3158,0.5389,1.8043,0.4286,-1.22,"2016,2017,2018,2022"
judge_corps_caption,b-mascaro-1,Bret Mascaro,001j000000h3xwcaav,Santa Clara Vanguard,VP,World Class,8,0.8289,0.6726,0.4145,0.0666,0.6983,0.9595,0.8289,1,12.438,"2013,2014,2016,2018"
judge_corps_caption,b-kuhn-1,Blair Kuhn,001j000000iwx9oaad,Genesis,VA,World Class,8,0.829,0.6503,0.4145,0.1645,0.5065,1.1515,0.829,1,5.0386,"2018,2019,2022,2023,2025"
judge_corps_caption,a-cook-1,Andrew Cook,001j000000iwxa5aal,Music City,MB,Open Class,10,-0.744,-0.816,-0.4133,0.5112,-1.746,0.258,1.2229,0.6,-1.4553,"2014,2015,2017,2018,2019,2022,2023"
judge_corps_caption,t-ochran-1,Timothy Ochran,001j000000iwx98aad,Colts,VA,World Class,15,0.6332,0.426,0.4129,0.1127,0.4124,0.854,0.7282,0.9333,5.6206,"2013,2015,2016,2017,2018,2019,2024"
judge_corps_caption,w-dillon-1,Wayne Dillon,001j000000iwx9paad,Gold,MB,Open Class,6,-0.9627,-1.7223,-0.4126,0.9139,-2.7539,0.8285,1.7763,0.1667,-1.0534,"2014,2017,2018,2023,2024"
judge_corps_caption,m-turner-1,Michael Turner,001j000000iwxakaa1,Vanguard Cadets,CG,Open Class,5,-1.0719,-1.3686,-0.4123,0.9419,-2.9181,0.7743,2.0382,0.4,-1.1379,"2014,2015,2016,2017,2018"
judge_corps_caption,s-adamo-1,Sal Adamo,001j000000iwx9waad,Jersey Surf,VA,World Class,12,-0.6863,-0.5359,-0.4118,0.4376,-1.544,0.1714,1.0552,0.5,-1.5683,"2014,2015,2016,2017,2022,2023,2024"
judge_corps_caption,k-baker-1,Keith Baker,001j000000iwxa5aal,Music City,VA,Open Class,13,-0.6647,-0.4439,-0.4115,0.5421,-1.7271,0.3978,1.3444,0.4615,-1.2262,"2013,2014,2015,2016,2017,2023,2024"
judge_corps_caption,g-oliviero-1,George Oliviero,001j000000iwwsoaal,Blue Knights,VA,World Class,18,-0.5943,-0.6795,-0.4114,0.4544,-1.4849,0.2963,1.2074,0.6667,-1.3079,"2013,2014,2015,2018,2019,2022,2023,2025"
judge_corps_caption,t-landess-1,Tim Landess,001j000000iwx98aad,Colts,CG,World Class,9,-0.777,-1.6043,-0.4114,0.6819,-2.1136,0.5595,1.9369,0.4444,-1.1395,"2019,2022,2023,2024"
judge_corps_caption,t-ochran-1,Timothy Ochran,001j000000iwx93aad,Seattle Cascades,VA,World Class,9,0.7769,0.5938,0.4113,0.133,0.5162,1.0376,0.7769,1,5.8404,"2013,2014,2016,2018,2019,2025"
judge_corps_caption,j-orefice-1,Juno Orefice,001j000000iwxa3aal,Mandarins,VP,World Class,14,0.6463,0.4899,0.4113,0.1245,0.4024,0.8903,0.6652,0.9286,5.1928,"2013,2014,2015,2016,2017,2018,2019,2024,2025"
judge_corps_caption,r-greenwell-1,Randy Greenwell,001j000000iwxakaa1,Vanguard Cadets,MB,Open Class,7,-0.879,-1.4562,-0.4102,1.3042,-3.4353,1.6772,2.8268,0.4286,-0.674,"2014,2016,2018,2019,2022"
judge_corps_caption,c-nelson-1,Carl Nelson,001j000000iwxa7aal,Pacific Crest,VP,World Class,26,-0.5352,-0.2831,-0.4093,0.3205,-1.1634,0.093,1.1296,0.5,-1.6699,"2013,2014,2015,2016,2017,2018,2019,2022,2023,2025"
judge_corps_caption,m-rubino-1,Mike Rubino,001j000000iwxakaa1,Vanguard Cadets,MB,Open Class,9,-0.7731,-0.6246,-0.4093,0.6524,-2.0519,0.5056,1.7464,0.4444,-1.1851,"2013,2014,2015,2017,2018,2019,2022"
judge_corps_caption,n-jones-1,Nola Jones,001j0000012tpxmaa2,Shadow,GE2,Open Class,5,-1.064,-0.8532,-0.4092,0.4825,-2.0097,-0.1182,1.064,0,-2.2051,"2017,2018,2019"
judge_corps_caption,j-ausdemore-1,Jeff Ausdemore,001j000000h3xwcaav,Santa Clara Vanguard,MP,World Class,17,0.6017,0.4801,0.4091,0.0884,0.4283,0.775,0.6057,0.9412,6.8025,"2015,2016,2017,2018,2019,2022"
judge_corps_caption,k-giese-1,Ken Giese,001j000000iwwssaal,Boston Crusaders,VA,World Class,18,-0.5905,-0.3386,-0.4088,0.4507,-1.4739,0.2928,0.9567,0.5556,-1.3102,"2013,2014,2015,2016,2017,2018,2019"
judge_corps_caption,d-bryan-1,Dan Bryan,001j000000i6i9saav,Blue Devils,MP,World Class,5,-1.0629,-1.4382,-0.4088,1.0572,-3.1351,1.0093,1.7755,0.6,-1.0053,"2013,2015,2017"
judge_corps_caption,m-mcgahey-1,Mark McGahey,001j000000iwxa7aal,Pacific Crest,MB,World Class,6,-0.9538,-1.334,-0.4088,0.9109,-2.7391,0.8315,1.9994,0.5,-1.0471,"2013,2014,2016,2017,2023"
judge_corps_caption,r-comfort-1,Ron Comfort,001j000000iwx93aad,Seattle Cascades,CG,World Class,5,-1.0621,-0.8493,-0.4085,0.2897,-1.63,-0.4942,1.0621,0,-3.6657,"2016,2017,2019"
judge_corps_caption,a-cook-1,Andrew Cook,001j000000iwx91aad,Carolina Crown,MB,World Class,13,-0.6586,-0.7566,-0.4077,0.6304,-1.8942,0.5771,1.5065,0.6154,-1.0446,"2013,2014,2015,2017,2018,2019,2023"
judge_corps_caption,g-miller-1,Gerry Miller,001j000000iwwsoaal,Blue Knights,GE2,World Class,9,-0.77,-0.5478,-0.4077,0.6019,-1.9499,0.4098,0.9365,0.4444,-1.2793,"2022,2023,2024,2025"
judge_corps_caption,m-mcgahey-1,Mark McGahey,001j000000iwxa7aal,Pacific Crest,MA,World Class,5,-1.0596,-1.2253,-0.4075,0.6577,-2.3487,0.2296,1.1268,0.4,-1.611,"2014,2015,2016,2017"
judge_corps_caption,j-gilley-1,Jackie Gilley,001j000000iwwsoaal,Blue Knights,CG,World Class,9,0.7696,0.885,0.4074,0.2227,0.3331,1.206,0.7718,0.8889,3.4559,"2013,2014,2015,2024"
judge_corps_caption,a-cook-1,Andrew Cook,001j000000iwxa3aal,Mandarins,MB,World Class,12,0.6786,0.6006,0.4072,0.1391,0.406,0.9512,0.6908,0.9167,4.8788,"2013,2014,2015,2017,2019,2022,2023,2024"
judge_corps_caption,m-leitzke-1,Mike Leitzke,001j000000iwwsqaal,Blue Stars,MP,World Class,28,-0.5234,-0.7134,-0.4071,0.3865,-1.2809,0.234,1.2978,0.75,-1.3545,"2015,2016,2017,2018,2019,2022,2023,2024,2025"
judge_corps_caption,n-jones-1,Nola Jones,001j000000iwwsoaal,Blue Knights,MB,World Class,6,-0.9482,-2.0358,-0.4064,0.7827,-2.4824,0.586,1.4448,0.3333,-1.2114,"2015,2016,2017,2019,2024,2025"
judge_corps_caption,j-kennedy-1,Jay Kennedy,001j000000iwxakaa1,Vanguard Cadets,MA,Open Class,6,-0.9455,-0.9448,-0.4052,0.7369,-2.3899,0.4988,1.511,0.3333,-1.2831,"2013,2015,2018,2019,2022"
judge_corps_caption,j-orefice-1,Juno Orefice,001j000000iwwsoaal,Blue Knights,VP,World Class,17,0.5952,0.4095,0.4047,0.0677,0.4625,0.7279,0.5952,1,8.7925,"2013,2014,2015,2016,2017,2018,2019,2025"
judge_corps_caption,g-howarth-1,Gifford Howarth,001j000000iwwslaal,7th Regiment,MP,Open Class,14,-0.6349,-0.388,-0.404,0.4813,-1.5782,0.3085,1.1532,0.5714,-1.3191,"2015,2016,2017,2018,2023,2024,2025"
judge_corps_caption,p-haines-1,Phillip Haines,001j000000iwx93aad,Seattle Cascades,GE2,World Class,6,-0.942,-0.8052,-0.4037,0.3543,-1.6365,-0.2476,1.06,0.1667,-2.6587,"2016,2017,2018,2023,2024"
judge_corps_caption,k-baker-1,Keith Baker,001j000000iwxa1aal,Les Stentors,GE1,Open Class,7,-0.8638,-0.5015,-0.4031,0.3257,-1.5022,-0.2255,0.9046,0.1429,-2.6524,"2013,2016,2022,2023,2024"
judge_corps_caption,c-moss-1,Chris Moss,001j000000iwxakaa1,Vanguard Cadets,VP,Open Class,5,1.0455,1.1255,0.4021,0.3752,0.3101,1.7809,1.0455,1,2.7863,"2016,2018,2022"
judge_corps_caption,r-isoda-1,Randolph Isoda,001j000000iwxa8aal,Pioneer,MB,World Class,5,-1.043,-1.2404,-0.4012,0.9569,-2.9184,0.8324,1.7428,0.4,-1.09,"2014,2017,2018"
judge_corps_caption,b-kuhn-1,Blair Kuhn,001j000000iwxaeaa1,The Academy,VA,World Class,7,0.8595,0.6101,0.4011,0.2162,0.4358,1.2832,0.8595,1,3.9758,"2018,2019,2022,2023,2025"
judge_corps_caption,j-orefice-1,Juno Orefice,001j000000iwwsraal,Bluecoats,VP,World Class,29,-0.5107,-0.6976,-0.4003,0.4127,-1.3195,0.2981,1.4433,0.7586,-1.2376,"2013,2014,2015,2016,2017,2018,2019,2022,2024,2025"
judge_corps_caption,g-fugett-1,Glenn Fugett,001j000000iwxa0aal,Legends,GE2,Open Class,8,-0.7987,-1.3774,-0.3994,0.4695,-1.7189,0.1215,1.0602,0.25,-1.7012,"2014,2015,2016,2018"
judge_corps_caption,m-waymire-1,Mark Waymire,001j000000iwxa5aal,Music City,GE2,Open Class,6,0.9312,1.1994,0.3991,0.2483,0.4444,1.4179,0.9312,1,3.7497,"2016,2017,2022,2023"
judge_corps_caption,k-baker-1,Keith Baker,001j000000iwx97aad,Colt Cadets,VA,Open Class,16,-0.5985,-0.365,-0.399,0.4614,-1.5027,0.3058,1.3492,0.375,-1.2971,"2014,2015,2016,2017,2018,2019,2022,2024,2025"
judge_corps_caption,g-oliviero-1,George Oliviero,001j000000i6i9saav,Blue Devils,VA,World Class,16,-0.5983,-0.6769,-0.3988,0.4838,-1.5465,0.35,1.3194,0.625,-1.2366,"2013,2014,2015,2018,2019,2022,2024,2025"
judge_corps_caption,r-kemp-1,Richard Kemp,001j000000i6i9saav,Blue Devils,GE1,World Class,14,0.6263,0.4671,0.3986,0.0957,0.4387,0.8139,0.6263,1,6.5436,"2013,2014,2015,2016,2017,2018"
judge_corps_caption,d-padilla-1,Damon Padilla,001j000000iwx9taad,Heat Wave,GE1,Open Class,5,1.0313,0.3752,0.3966,0.3984,0.2503,1.8122,1.183,0.8,2.5882,"2019,2023,2025"
judge_corps_caption,b-kuhn-1,Blair Kuhn,001j000000i6i9saav,Blue Devils,VA,World Class,10,0.7116,0.4893,0.3953,0.0977,0.52,0.9032,0.7116,1,7.2811,"2017,2018,2019,2022"
judge_corps_caption,g-fugett-1,Glenn Fugett,001j000000iwx9uaad,Impulse,GE2,Open Class,5,-1.0267,-1.6512,-0.3949,0.9482,-2.8853,0.8318,1.6831,0.4,-1.0828,"2016,2022,2023,2024"
judge_corps_caption,r-kemp-1,Richard Kemp,001j000000iwx98aad,Colts,GE1,World Class,21,-0.544,-0.7022,-0.3939,0.4285,-1.3839,0.2959,1.178,0.5714,-1.2695,"2013,2014,2015,2016,2017,2018,2019"
judge_corps_caption,t-ochran-1,Timothy Ochran,001j000000iwxaeaa1,The Academy,VA,World Class,24,-0.5252,-0.7285,-0.3939,0.3604,-1.2315,0.1811,1.4136,0.5833,-1.4575,"2013,2014,2016,2017,2018,2019,2022,2023,2024,2025"
judge_corps_caption,j-sturgeon-1,Jim Sturgeon,001j000000iwxaaaa1,Raiders,VP,Open Class,7,0.8439,1.1519,0.3938,0.5217,-0.1786,1.8665,1.1514,0.5714,1.6176,"2013,2015,2025"
judge_corps_caption,g-oliviero-1,George Oliviero,001j000000iwx91aad,Carolina Crown,CG,World Class,8,0.7871,0.3489,0.3936,0.0896,0.6116,0.9627,0.7871,1,8.7876,"2013,2014,2015,2016"
judge_corps_caption,c-nelson-1,Carl Nelson,001j000000iwxafaa1,The Cavaliers,VA,World Class,5,1.0227,-0.1413,0.3933,0.4336,0.1728,1.8726,1.2945,0.8,2.3584,"2018,2019,2025"
judge_corps_caption,r-rios-1,Ronnie Rios,001j000000iwx93aad,Seattle Cascades,MB,World Class,8,-0.7856,-0.311,-0.3928,0.3581,-1.4875,-0.0838,0.9745,0.25,-2.1941,"2014,2016,2019,2023,2024,2025"
judge_corps_caption,r-saucedo-1,Richard Saucedo,001j000000i6jmbaaf,Blue Devils B,GE2,Open Class,5,-1.0123,-0.8137,-0.3894,1.0858,-3.1405,1.1158,1.4197,0.6,-0.9324,"2017,2018"
judge_corps_caption,c-phillips-1,Chester Phillips,001j000000i6jmbaaf,Blue Devils B,MB,Open Class,7,0.8331,0.7764,0.3888,0.2297,0.3829,1.2833,0.8331,1,3.627,"2013,2016,2017,2022,2025"
judge_corps_caption,d-carbone-1,Dave Carbone,001j000000iwx9waad,Jersey Surf,GE2,World Class,6,-0.9056,-0.8965,-0.3881,0.3917,-1.6732,-0.1379,1.0251,0.1667,-2.312,"2013,2015,2016,2018,2023"
judge_corps_caption,h-nguyen-1,Hieu Nguyen,001j000000i6jmbaaf,Blue Devils B,CG,Open Class,7,0.8317,0.8649,0.3881,0.3359,0.1734,1.4899,1.056,0.8571,2.4763,"2017,2018,2024"
judge_corps_caption,b-mascaro-1,Bret Mascaro,001j000000iwx98aad,Colts,VA,World Class,11,-0.6682,-0.3425,-0.3869,0.5428,-1.7322,0.3957,1.127,0.4545,-1.231,"2013,2015,2016,2017,2018,2022"
judge_corps_caption,c-dillon-1,Christine Dillon,001j000000iwxakaa1,Vanguard Cadets,CG,Open Class,13,0.6236,1.4635,0.3861,0.2163,0.1997,1.0476,0.7739,0.7692,2.8832,"2013,2014,2015,2016,2017,2018"
judge_corps_caption,b-kuhn-1,Blair Kuhn,001j000000iwxa3aal,Mandarins,VA,World Class,8,0.7716,0.5729,0.3858,0.0508,0.6721,0.8711,0.7716,1,15.1983,"2017,2018,2022,2023,2025"
judge_corps_caption,c-rothe-1,Caleb Rothe,001j000000iwxaeaa1,The Academy,MP,World Class,10,-0.6942,-0.8756,-0.3856,0.4487,-1.5736,0.1852,1.2672,0.3,-1.5471,"2013,2014,2015,2016,2017,2023,2025"
judge_corps_caption,b-mascaro-1,Bret Mascaro,001j000000iwx91aad,Carolina Crown,VP,World Class,12,-0.6424,-0.798,-0.3854,0.5462,-1.7129,0.4281,1.1792,0.75,-1.1761,"2014,2015,2016,2017,2018,2023"
judge_corps_caption,c-armbruster-1,Chad Armbruster,001j000000qzs1qaaf,River City Rhythm,MA,Open Class,9,-0.7277,-0.3046,-0.3852,0.5236,-1.7538,0.2985,1.284,0.4444,-1.3898,"2016,2019,2022,2023,2024"
judge_corps_caption,d-bryan-1,Dan Bryan,001j000000h3xwcaav,Santa Clara Vanguard,MP,World Class,6,-0.8984,-1.2725,-0.385,0.8974,-2.6573,0.8606,1.5777,0.5,-1.001,"2013,2016,2017"
judge_corps_caption,j-pipitone-1,JJ Pipitone,001j000000iwxadaa1,Spirit of Atlanta,MP,World Class,7,-0.8248,-0.6367,-0.3849,0.5388,-1.8808,0.2312,1.0974,0.2857,-1.5309,"2013,2014,2015"
judge_corps_caption,j-wilson-1,Jeff Wilson,001j000000h3xwcaav,Santa Clara Vanguard,MP,World Class,11,-0.6647,-0.9012,-0.3848,0.4505,-1.5477,0.2183,1.2588,0.4545,-1.4755,"2015,2016,2017,2018,2019,2024,2025"
judge_corps_caption,r-rios-1,Ronnie Rios,001j000000iwx98aad,Colts,MA,World Class,11,-0.6645,-0.5779,-0.3847,0.5912,-1.8232,0.4943,1.2866,0.7273,-1.1239,"2014,2017,2018,2019,2022,2023,2025"
judge_corps_caption,g-oliviero-1,George Oliviero,001j000000i6jmbaaf,Blue Devils B,VP,Open Class,5,-0.9994,-2.524,-0.3844,0.5203,-2.0191,0.0203,1.1161,0.2,-1.921,"2015,2016,2017,2019,2022"
judge_corps_caption,b-fabrizio-1,Beth Fabrizio,001j000000iwxa7aal,Pacific Crest,MB,World Class,5,0.9988,1.0663,0.3842,0.2102,0.5869,1.4107,0.9988,1,4.7526,"2013,2017,2022"
judge_corps_caption,j-prosperie-1,Jeff Prosperie,001j000000iwxabaa1,Southwind,MP,Open Class,5,-0.9986,-1.2776,-0.3841,0.4504,-1.8815,-0.1158,1.1997,0.2,-2.2171,"2015,2016,2018"
judge_corps_caption,c-nelson-1,Carl Nelson,001j000000iwxa2aal,Louisiana Stars,VP,Open Class,6,0.896,1.1796,0.384,0.4142,0.0841,1.7079,1.0149,0.8333,2.163,"2016,2017,2019"
judge_corps_caption,b-fabrizio-1,Beth Fabrizio,001j000000iwx9oaad,Genesis,MB,Open Class,7,0.8219,0.964,0.3836,0.3808,0.0756,1.5683,1.0557,0.8571,2.1584,"2013,2014,2017,2022,2023"
judge_corps_caption,a-cook-1,Andrew Cook,001j000000iwxafaa1,The Cavaliers,MA,World Class,6,-0.8933,-1.1863,-0.3828,1.0528,-2.9567,1.1702,1.906,0.6667,-0.8485,"2013,2014,2022,2024,2025"
judge_corps_caption,a-kristensen-1,Allan Kristensen,001j000000i6i9saav,Blue Devils,MA,World Class,5,-0.9947,-1.3655,-0.3826,0.7848,-2.5328,0.5435,1.6764,0.4,-1.2674,"2014,2016,2019,2023"
judge_corps_caption,j-brooks-1,Jeff Brooks,001j000000iwxadaa1,Spirit of Atlanta,MP,World Class,14,-0.5984,-0.2708,-0.3808,0.4368,-1.4545,0.2577,1.1221,0.6429,-1.3701,"2019,2023,2024,2025"
judge_corps_caption,j-bell-1,John Bell,001j000000iwx9aaat,Crossmen,GE2,World Class,14,-0.5975,-0.4475,-0.3802,0.5375,-1.6509,0.456,1.1725,0.5,-1.1116,"2013,2015,2016,2018,2019,2022"
judge_corps_caption,j-sturgeon-1,Jim Sturgeon,001j000000iwxa5aal,Music City,VA,Open Class,12,0.6321,0.9619,0.3792,0.118,0.4007,0.8634,0.668,0.9167,5.3552,"2013,2014,2015,2016,2018,2023,2024"
judge_corps_caption,m-mcgahey-1,Mark McGahey,001j000000iwwsqaal,Blue Stars,MB,World Class,6,0.8783,0.4579,0.3764,0.084,0.7137,1.0429,0.8783,1,10.4594,"2013,2014,2016,2022"
judge_corps_caption,a-cook-1,Andrew Cook,001j000000h3xwcaav,Santa Clara Vanguard,MB,World Class,11,0.6493,0.5509,0.3759,0.054,0.5435,0.7551,0.6493,1,12.0273,"2013,2014,2015,2016,2017,2025"
judge_corps_caption,c-armbruster-1,Chad Armbruster,001j000000qzs1qaaf,River City Rhythm,GE2,Open Class,8,-0.7516,-1.1646,-0.3758,0.4993,-1.7304,0.2271,1.1232,0.375,-1.5052,"2016,2018,2023,2024,2025"
judge_corps_caption,g-oliviero-1,George Oliviero,001j000000i6kfgaan,The Cadets,CG,World Class,7,0.8043,0.3523,0.3753,0.1406,0.5287,1.0799,0.8043,1,5.72,"2013,2014,2015,2016,2018"
judge_corps_caption,b-mascaro-1,Bret Mascaro,001j000000h3xrnaav,Phantom Regiment,VP,World Class,8,-0.7498,-0.9235,-0.3749,0.661,-2.0454,0.5457,0.9946,0.375,-1.1344,"2014,2016,2017,2018,2022"
judge_corps_caption,d-davis-1,Darrin Davis,001j000000iwwsoaal,Blue Knights,MA,World Class,13,-0.6037,-0.5892,-0.3737,0.3768,-1.3422,0.1348,0.9103,0.3846,-1.6023,"2014,2015,2016,2018,2019,2022,2024,2025"
judge_corps_caption,b-kuhn-1,Blair Kuhn,001j000000iwx98aad,Colts,VA,World Class,16,-0.5599,-0.7952,-0.3733,0.5834,-1.7033,0.5835,1.8753,0.625,-0.9598,"2017,2018,2019,2022,2023,2024,2025"
judge_corps_caption,j-howell-1,John Howell,001j000000iwxa3aal,Mandarins,CG,World Class,9,-0.705,-0.6395,-0.3732,0.8387,-2.3488,0.9389,1.5248,0.6667,-0.8406,"2014,2015,2019,2022,2025"
judge_corps_caption,p-madden-1,Phil Madden,001j000000iwxadaa1,Spirit of Atlanta,GE1,World Class,5,0.9702,1.0281,0.3732,0.2065,0.5654,1.375,0.9702,1,4.6973,"2016,2018"
judge_corps_caption,l-carlson-1,Lee Carlson,001j000000iwx9oaad,Genesis,CG,Open Class,5,0.9689,0.0829,0.3726,0.7937,-0.5869,2.5246,1.5799,0.8,1.2206,"2013,2014"
judge_corps_caption,g-fugett-1,Glenn Fugett,001j0000012y6bqaac,The Battalion,GE2,Open Class,7,0.798,0.3435,0.3724,0.3693,0.0742,1.5217,1.0143,0.8571,2.161,"2022,2023,2024,2025"
judge_corps_caption,c-hestin-1,Chris Hestin,001j000000i6kfgaan,The Cadets,GE2,World Class,8,-0.7441,-0.5869,-0.372,0.6847,-2.0862,0.598,1.2057,0.5,-1.0867,"2017,2018,2019,2022"
judge_corps_caption,k-miller-1,Kyle Miller,001j000000iwx91aad,Carolina Crown,CG,World Class,6,0.8653,0.3901,0.3708,0.2874,0.3019,1.4287,1.0099,0.8333,3.0103,"2013,2019,2022,2023,2024"
judge_corps_caption,g-oliviero-1,George Oliviero,001j000000iwwsraal,Bluecoats,GE1,World Class,6,0.8648,0.2888,0.3706,0.1304,0.6092,1.1204,0.8648,1,6.6308,"2013,2014,2015,2018,2019,2023"
judge_corps_caption,c-phillips-1,Chester Phillips,001j000000iwxa2aal,Louisiana Stars,MB,Open Class,5,-0.9636,-0.9526,-0.3706,0.9362,-2.7986,0.8713,1.6615,0.4,-1.0293,"2016,2017,2018"
judge_corps_caption,j-howell-1,John Howell,001j000000iwwsraal,Bluecoats,GE1,World Class,22,-0.505,-0.5208,-0.3704,0.3371,-1.1657,0.1556,1.0155,0.6818,-1.4983,"2013,2015,2016,2017,2018,2019,2022,2023,2024,2025"
judge_corps_caption,d-torchia-1,Debbie Torchia,001j000000iwwssaal,Boston Crusaders,CG,World Class,7,0.7931,0.6906,0.3701,0.2207,0.3604,1.2257,0.7931,1,3.5926,"2013,2015,2016,2018,2019"
judge_corps_caption,c-hestin-1,Chris Hestin,001j000000iwxadaa1,Spirit of Atlanta,GE2,World Class,8,-0.74,-0.5782,-0.37,0.5571,-1.8319,0.3519,1.1562,0.625,-1.3283,"2017,2018,2019"
judge_corps_caption,r-kemp-1,Richard Kemp,001j000000iwx9oaad,Genesis,GE1,Open Class,10,0.6632,-0.3717,0.3684,0.5071,-0.3306,1.657,1.4619,0.7,1.3079,"2013,2014,2015,2016,2017,2018"
judge_corps_caption,d-torchia-1,Debbie Torchia,001j000000iwxacaa1,Spartans,VA,Open Class,8,-0.7366,-0.9142,-0.3683,1.0597,-2.8135,1.3404,2.3917,0.625,-0.6951,"2013,2015,2017,2018,2019,2022,2025"
judge_corps_caption,r-saucedo-1,Richard Saucedo,001j000000iwwsraal,Bluecoats,GE2,World Class,5,-0.9521,-2.3982,-0.3662,0.939,-2.7925,0.8883,1.979,0.4,-1.014,"2017,2018,2019"
judge_corps_caption,b-kuhn-1,Blair Kuhn,001j000000iwx97aad,Colt Cadets,VA,Open Class,9,-0.6915,-0.4476,-0.3661,0.5651,-1.799,0.416,1.396,0.5556,-1.2237,"2017,2018,2019,2022,2024,2025"
judge_corps_caption,r-solomon-1,Robert Solomon,001j000000iwx9paad,Gold,VP,Open Class,18,-0.5287,-0.904,-0.366,0.4899,-1.4889,0.4315,1.6189,0.5,-1.0793,"2013,2015,2016,2017,2018,2019,2022,2023,2024,2025"
judge_corps_caption,n-jones-1,Nola Jones,001j000000iwxafaa1,The Cavaliers,MA,World Class,9,-0.6912,-1.2032,-0.3659,0.6308,-1.9276,0.5452,1.2236,0.6667,-1.0957,"2013,2014,2015,2017,2019,2022,2023,2024"
judge_corps_caption,m-czapinksi-1,Marie Czapinksi,001j000000iwxa7aal,Pacific Crest,GE1,World Class,6,-0.8537,-1.3828,-0.3659,1.0708,-2.9524,1.245,1.8852,0.6667,-0.7973,"2013,2014,2015"
judge_corps_caption,r-kemp-1,Richard Kemp,001j000000iwwsqaal,Blue Stars,CG,World Class,10,-0.6581,-0.5289,-0.3656,0.7436,-2.1156,0.7993,1.0476,0.5,-0.8851,"2013,2014,2015,2016,2017,2018"
judge_corps_caption,g-oliviero-1,George Oliviero,001j000000iwx91aad,Carolina Crown,VA,World Class,14,0.5744,0.4757,0.3655,0.1055,0.3675,0.7812,0.5744,1,5.4421,"2013,2014,2015,2016,2018,2019,2022,2023,2024"
judge_corps_caption,m-leitzke-1,Mike Leitzke,001j000000iwx98aad,Colts,MP,World Class,20,-0.5115,-0.6949,-0.3654,0.4475,-1.3886,0.3655,1.1267,0.55,-1.1432,"2015,2016,2017,2018,2019,2022,2023,2024,2025"
judge_corps_caption,m-stone-1,Michael Stone,001j000000iwxaeaa1,The Academy,CG,World Class,12,-0.6077,-0.6219,-0.3646,0.3857,-1.3637,0.1483,1.0572,0.5833,-1.5755,"2013,2014,2015,2016,2017,2019"
judge_corps_caption,m-mullinix-1,Max Mullinix,001j000000iwx9oaad,Genesis,MP,Open Class,8,-0.729,-0.5397,-0.3645,0.5856,-1.8769,0.4188,1.3292,0.375,-1.2448,"2014,2015"
judge_corps_caption,b-kuhn-1,Blair Kuhn,001j000000iwxafaa1,The Cavaliers,VA,World Class,15,-0.559,-0.8046,-0.3645,0.5825,-1.7006,0.5827,1.7446,0.6667,-0.9597,"2017,2018,2019,2022,2023,2024,2025"
judge_corps_caption,a-cook-1,Andrew Cook,001j000000h3xrnaav,Phantom Regiment,MB,World Class,15,0.5581,0.4242,0.364,0.1079,0.3467,0.7695,0.6298,0.8,5.175,"2013,2014,2015,2017,2018,2019,2022,2024,2025"
judge_corps_caption,m-mcgahey-1,Mark McGahey,001j000000i6i9saav,Blue Devils,MA,World Class,5,-0.9464,-1.1155,-0.364,0.9363,-2.7815,0.8888,1.6307,0.6,-1.0108,"2014,2015,2016,2017"
judge_corps_caption,w-chumley-1,William Chumley,001j000000iwxa7aal,Pacific Crest,VP,World Class,8,0.7258,0.669,0.3629,0.121,0.4885,0.963,0.7258,1,5.9966,"2014,2017,2018,2023,2024"
judge_corps_caption,j-orefice-1,Juno Orefice,001j000000iwx98aad,Colts,VP,World Class,25,-0.4777,-0.6722,-0.3619,0.3573,-1.1779,0.2226,1.2732,0.56,-1.337,"2013,2014,2015,2016,2017,2018,2019,2023,2024,2025"
judge_corps_caption,t-landess-1,Tim Landess,001j000000iwxafaa1,The Cavaliers,CG,World Class,5,-0.9411,-1.7785,-0.3619,0.9435,-2.7903,0.9082,2.0323,0.4,-0.9974,"2022,2023,2024"
judge_corps_caption,b-spidel-1,Brandon Spidel,001j000000iwwsraal,Bluecoats,CG,World Class,5,-0.9406,-0.7547,-0.3618,0.5656,-2.0492,0.1681,1.1012,0.4,-1.6629,"2018,2019,2022,2024"
judge_corps_caption,g-howarth-1,Gifford Howarth,001j000000iwxacaa1,Spartans,MP,Open Class,16,-0.5413,-0.2801,-0.3608,0.3858,-1.2975,0.215,1.0259,0.375,-1.4028,"2015,2016,2017,2018,2022,2023,2024"
judge_corps_caption,c-costanza-1,Curtis Costanza,001j0000012y6bqaac,The Battalion,GE1,Open Class,7,-0.7722,-0.0523,-0.3604,0.2924,-1.3452,-0.1992,0.8714,0.1429,-2.6412,"2016,2018,2019,2023,2024,2025"
judge_corps_caption,m-leitzke-1,Mike Leitzke,001j000000iwxafaa1,The Cavaliers,MP,World Class,21,-0.4975,-0.6888,-0.3603,0.4418,-1.3634,0.3683,1.2254,0.7143,-1.1262,"2016,2017,2018,2019,2022,2023,2024"
judge_corps_caption,m-stone-1,Michael Stone,001j000000iwx9paad,Gold,GE1,Open Class,13,-0.5807,-0.7136,-0.3595,0.4763,-1.5142,0.3529,1.1958,0.3846,-1.219,"2013,2015,2016,2017,2018,2019,2022"
judge_corps_caption,s-adamo-1,Sal Adamo,001j000000iwxadaa1,Spirit of Atlanta,VA,World Class,12,-0.5987,-0.4421,-0.3592,0.303,-1.1926,-0.0049,0.8168,0.3333,-1.9761,"2014,2015,2016,2017,2018,2025"
judge_corps_caption,j-orefice-1,Juno Orefice,001j000000iwwslaal,7th Regiment,VP,Open Class,9,0.6781,1.0369,0.359,0.2709,0.1472,1.209,0.7126,0.8889,2.5035,"2013,2014,2016,2018,2023,2024,2025"
judge_corps_caption,n-jones-1,Nola Jones,001j000000iwxa3aal,Mandarins,MB,World Class,5,-0.9331,-1.9913,-0.3589,0.8538,-2.6066,0.7403,1.7403,0.4,-1.0929,"2015,2016,2017,2019,2025"
judge_corps_caption,j-ausdemore-1,Jeff Ausdemore,001j000000iwx9waad,Jersey Surf,MP,World Class,12,-0.598,-0.7421,-0.3588,0.3252,-1.2353,0.0393,0.9658,0.3333,-1.839,"2014,2015,2016,2017,2018,2019,2022"
judge_corps_caption,m-mcgahey-1,Mark McGahey,001j000000h3xwcaav,Santa Clara Vanguard,MA,World Class,5,-0.9321,-1.089,-0.3585,1.0629,-3.0153,1.1511,1.8653,0.6,-0.877,"2014,2015,2016,2017"
judge_corps_caption,j-kennedy-1,Jay Kennedy,001j000000i6jmbaaf,Blue Devils B,MA,Open Class,7,-0.7668,-0.8185,-0.3579,0.6739,-2.0876,0.5539,1.5285,0.2857,-1.138,"2013,2015,2018,2019,2022,2025"
judge_corps_caption,m-rubino-1,Mike Rubino,001j000000i6jmbaaf,Blue Devils B,MB,Open Class,11,-0.6175,-0.517,-0.3575,0.5538,-1.703,0.4681,1.6001,0.3636,-1.1149,"2013,2014,2015,2017,2018,2019,2022,2023,2025"
judge_corps_caption,b-mascaro-1,Bret Mascaro,001j000000i6kfgaan,The Cadets,VP,World Class,10,-0.6431,-0.8202,-0.3573,0.7206,-2.0555,0.7694,1.5932,0.7,-0.8924,"2014,2015,2016,2017,2018"
judge_corps_caption,j-orefice-1,Juno Orefice,001j000000iwwsoaal,Blue Knights,VA,World Class,7,0.7637,0.9766,0.3564,0.2287,0.3154,1.212,0.7637,1,3.3388,"2013,2014,2016,2017,2022"
judge_corps_caption,k-turner-1,Ken Turner,001j000000iwxa7aal,Pacific Crest,MA,World Class,5,0.9252,0.7166,0.3558,0.166,0.5997,1.2506,0.9252,1,5.5717,"2014,2016,2018"
judge_corps_caption,m-tarr-1,Mike Tarr,001j000000iwxafaa1,The Cavaliers,VP,World Class,6,-0.83,-0.9355,-0.3557,0.9317,-2.6561,0.9961,1.3025,0.6667,-0.8909,"2023,2024"
judge_corps_caption,j-kennedy-1,Jay Kennedy,001j000000iwwsraal,Bluecoats,GE2,World Class,13,0.5734,0.3839,0.355,0.1016,0.3742,0.7726,0.6071,0.9231,5.6414,"2013,2014,2015,2017,2018,2019,2025"
judge_corps_caption,a-kristensen-1,Allan Kristensen,001j000000iwx93aad,Seattle Cascades,MP,World Class,6,0.8281,0.1987,0.3549,0.4009,0.0423,1.6139,1.0697,0.8333,2.0655,"2014,2015,2017,2018,2023"
judge_corps_caption,r-solomon-1,Robert Solomon,001j000000iwx95aad,Vessel,VP,Open Class,5,-0.9226,-1.1317,-0.3548,0.8311,-2.5514,0.7063,1.7162,0.4,-1.1101,"2018,2019,2023,2024"
judge_corps_caption,c-rothe-1,Caleb Rothe,001j000000f17bwaaa,Watchmen,MP,Open Class,5,-0.9217,-1.0668,-0.3545,0.385,-1.6763,-0.167,0.9217,0,-2.3937,"2014,2015,2016,2017"
judge_corps_caption,c-hestin-1,Chris Hestin,001j000000iwxaeaa1,The Academy,GE2,World Class,7,0.7594,0.9067,0.3544,0.2766,0.2173,1.3016,0.8987,0.8571,2.7455,"2017,2018,2019,2022"
judge_corps_caption,j-webb-1,Jay Webb,001j000000iwwsqaal,Blue Stars,MA,World Class,10,-0.6373,-0.6957,-0.3541,0.6794,-1.9689,0.6944,1.1748,0.7,-0.938,"2014,2022,2023,2024"
judge_corps_caption,n-jones-1,Nola Jones,001j000000iwwssaal,Boston Crusaders,MA,World Class,7,0.7572,0.2552,0.3534,0.1058,0.5499,0.9646,0.7572,1,7.1585,"2013,2014,2016,2018,2022,2023,2024"
judge_corps_caption,f-miller-1,Frank Miller,001j000000iwxadaa1,Spirit of Atlanta,VA,World Class,7,-0.7567,-0.5009,-0.3531,0.6447,-2.0203,0.507,0.8982,0.2857,-1.1736,"2013,2014,2015,2016"
judge_corps_caption,r-rios-1,Ronnie Rios,001j000000i6lenaa3,Madison Scouts,MB,World Class,11,-0.6087,-0.1737,-0.3524,0.3632,-1.3206,0.1032,0.8968,0.3636,-1.6758,"2014,2015,2016,2017,2018,2022,2023,2025"
judge_corps_caption,n-jones-1,Nola Jones,001j000000iwx91aad,Carolina Crown,MA,World Class,7,-0.7549,-1.2528,-0.3523,0.91,-2.5386,1.0287,1.607,0.7143,-0.8295,"2014,2015,2017,2022,2023,2024"
judge_corps_caption,c-nelson-1,Carl Nelson,001j000000iwx9paad,Gold,VA,Open Class,15,-0.5399,-0.757,-0.3521,0.5622,-1.6418,0.562,1.7549,0.5333,-0.9604,"2013,2015,2018,2019,2022,2023,2024"
judge_corps_caption,m-mullinix-1,Max Mullinix,001j000000iwxakaa1,Vanguard Cadets,MP,Open Class,6,0.8213,1.0558,0.352,0.1013,0.6227,1.0199,0.8213,1,8.1051,"2015,2017"
judge_corps_caption,w-dillon-1,Wayne Dillon,001j000000i6i9saav,Blue Devils,GE2,World Class,21,-0.4856,-0.4615,-0.3517,0.3138,-1.1007,0.1295,0.8504,0.619,-1.5474,"2013,2014,2015,2017,2018,2019,2023,2024"
judge_corps_caption,j-bell-1,John Bell,001j000000iwwsqaal,Blue Stars,GE2,World Class,20,-0.4923,-0.3318,-0.3517,0.3778,-1.2329,0.2483,0.9431,0.45,-1.303,"2013,2015,2016,2017,2018,2019,2022"
judge_corps_caption,r-kemp-1,Richard Kemp,001j000000iwx9waad,Jersey Surf,GE1,World Class,9,0.6616,0.489,0.3502,0.2174,0.2354,1.0878,0.7609,0.8889,3.0424,"2013,2014,2015,2018"
judge_corps_caption,t-hudnall-1,Tim Hudnall,001j000000iwxafaa1,The Cavaliers,CG,World Class,5,0.9105,0.1732,0.3502,0.4442,0.0399,1.7812,1.0474,0.6,2.0498,"2022,2023,2024"
judge_corps_caption,g-oliviero-1,George Oliviero,001j000000iwxa3aal,Mandarins,VA,World Class,17,-0.5141,-0.5692,-0.3496,0.4086,-1.3149,0.2867,1.1211,0.5882,-1.2583,"2013,2014,2015,2016,2018,2019,2022,2023,2024,2025"
judge_corps_caption,j-kennedy-1,Jay Kennedy,001j000000iwx9paad,Gold,MA,Open Class,11,0.6032,0.5216,0.3492,0.5595,-0.4933,1.6998,1.1563,0.5455,1.0782,"2013,2016,2018,2019,2022,2025"
judge_corps_caption,k-baker-1,Keith Baker,001j000000iwxabaa1,Southwind,VA,Open Class,7,0.7483,1.0761,0.3492,0.1711,0.413,1.0836,0.7483,1,4.3744,"2017,2018"
judge_corps_caption,j-harper-1,Jeff Harper,001j000000f17bwaaa,Watchmen,GE2,Open Class,5,0.9078,-0.1726,0.3491,0.308,0.3041,1.5115,1.017,0.8,2.9472,"2014,2017,2018"
judge_corps_caption,d-deems-1,Don Deems,001j000000iwx91aad,Carolina Crown,GE1,World Class,10,-0.6283,-0.5659,-0.3491,0.5,-1.6084,0.3518,0.9851,0.6,-1.2565,"2019,2022,2023,2024,2025"
judge_corps_caption,t-landess-1,Tim Landess,001j000000iwx9saad,Guardians,CG,Open Class,5,-0.9069,-0.4612,-0.3488,0.7166,-2.3113,0.4976,1.3025,0.4,-1.2656,"2019,2022,2023"
judge_corps_caption,c-armbruster-1,Chad Armbruster,001j000000iwx9aaat,Crossmen,GE2,World Class,5,-0.9062,-1.0187,-0.3485,0.8832,-2.6373,0.8249,1.2312,0.4,-1.0261,"2018,2019,2023,2025"
judge_corps_caption,m-davis-1,Mike Davis,001j000000iwx97aad,Colt Cadets,MA,Open Class,5,-0.9056,-0.2467,-0.3483,1.1645,-3.188,1.3769,1.344,0.6,-0.7776,"2013,2016,2022,2023"
judge_corps_caption,d-bryan-1,Dan Bryan,001j000000iwx9oaad,Genesis,MP,Open Class,7,0.7463,0.9441,0.3483,0.276,0.2054,1.2872,0.8582,0.7143,2.7043,"2013,2016,2017,2018"
judge_corps_caption,w-dillon-1,Wayne Dillon,001j000000iwx9qaad,Golden Empire,GE2,Open Class,7,0.7463,0.6215,0.3483,0.4393,-0.1147,1.6073,1.1458,0.7143,1.6988,"2014,2015,2017,2018,2023"
judge_corps_caption,j-orefice-1,Juno Orefice,001j000000iwxaeaa1,The Academy,VP,World Class,14,0.547,0.3408,0.3481,0.1022,0.3467,0.7473,0.5665,0.9286,5.3534,"2013,2014,2015,2016,2017,2018,2019,2023,2025"
judge_corps_caption,j-brooks-1,Jeff Brooks,001j000000iwwssaal,Boston Crusaders,MP,World Class,18,-0.5027,-0.1554,-0.348,0.3577,-1.2037,0.1984,1.0253,0.5556,-1.4054,"2018,2019,2022,2023,2024,2025"
judge_corps_caption,g-miller-1,Gerry Miller,001j000000iwxa0aal,Legends,GE2,Open Class,6,-0.8101,-0.7306,-0.3472,0.8424,-2.4612,0.841,1.3815,0.5,-0.9616,"2018,2019,2022"
judge_corps_caption,n-jones-1,Nola Jones,001j000000i6jmbaaf,Blue Devils B,GE2,Open Class,11,-0.5996,-0.5319,-0.3471,0.5726,-1.7218,0.5226,1.1815,0.6364,-1.0473,"2013,2015,2016,2017,2018,2024,2025"
judge_corps_caption,r-greenwell-1,Randy Greenwell,001j000000i6lenaa3,Madison Scouts,GE2,World Class,8,-0.6923,-1.0268,-0.3462,0.8053,-2.2708,0.8861,1.4308,0.75,-0.8597,"2013,2014,2015,2016,2017"
judge_corps_caption,j-queen-1,Jeff Queen,001j000000iwxafaa1,The Cavaliers,MP,World Class,8,-0.6923,-1.6642,-0.3462,0.8982,-2.4527,1.0681,1.6928,0.625,-0.7708,"2014,2015,2016,2017,2018"
judge_corps_caption,j-sturgeon-1,Jim Sturgeon,001j000000h3xrnaav,Phantom Regiment,CG,World Class,6,-0.8077,-1.6014,-0.3462,1.2895,-3.3352,1.7197,2.4263,0.6667,-0.6264,"2016,2017,2018,2019"
judge_corps_caption,g-oliviero-1,George Oliviero,001j000000iwwssaal,Boston Crusaders,CG,World Class,6,0.8073,0.3827,0.346,0.0886,0.6336,0.981,0.8073,1,9.1082,"2013,2014,2015"
judge_corps_caption,c-rapacki-1,Chris Rapacki,001j000000iwxafaa1,The Cavaliers,MP,World Class,7,-0.7407,-0.676,-0.3456,0.698,-2.1086,0.6273,1.1923,0.7143,-1.0612,"2019,2023,2025"
judge_corps_caption,m-turner-1,Michael Turner,001j000000iwwsoaal,Blue Knights,VP,World Class,25,-0.4548,-0.2824,-0.3446,0.3168,-1.0758,0.1662,0.9919,0.52,-1.4356,"2013,2015,2016,2017,2018,2022,2023,2024,2025"
judge_corps_caption,m-davis-1,Mike Davis,001j000000iwx9paad,Gold,MP,Open Class,14,0.5402,0.974,0.3437,0.2135,0.1216,0.9587,0.7669,0.7143,2.5296,"2013,2014,2015,2016,2017,2018,2022,2025"
judge_corps_caption,j-howell-1,John Howell,001j000000iwxacaa1,Spartans,GE1,Open Class,10,0.6187,0.5197,0.3437,0.1341,0.3558,0.8815,0.6187,1,4.6133,"2015,2017,2018,2019,2022,2023,2025"
judge_corps_caption,b-crisp-1,Bryan Crisp,001j000000iwx97aad,Colt Cadets,MB,Open Class,5,0.893,0.5217,0.3434,0.1277,0.6427,1.1432,0.893,1,6.9935,"2023,2025"
judge_corps_caption,m-leitzke-1,Mike Leitzke,001j000000h3xwcaav,Santa Clara Vanguard,MP,World Class,23,0.4607,0.2853,0.3418,0.0741,0.3155,0.6058,0.4999,0.9565,6.2208,"2015,2016,2017,2018,2019,2022,2024,2025"
judge_corps_caption,b-mascaro-1,Bret Mascaro,001j000000iwxajaa1,Troopers,VA,World Class,9,-0.6443,-0.3086,-0.3411,0.5786,-1.7784,0.4899,1.0295,0.4444,-1.1134,"2013,2014,2015,2016,2017"
judge_corps_caption,j-orefice-1,Juno Orefice,001j000000iwxa7aal,Pacific Crest,VA,World Class,7,0.7307,0.9514,0.341,0.1796,0.3786,1.0827,0.7307,1,4.0679,"2014,2016,2017,2019,2022,2023"
judge_corps_caption,k-giese-1,Ken Giese,001j000000iwxaeaa1,The Academy,VP,World Class,6,-0.7955,-0.9687,-0.3409,0.7169,-2.2007,0.6097,1.2982,0.5,-1.1096,"2013,2014,2015,2016"
judge_corps_caption,g-fugett-1,Glenn Fugett,001j000000iwxafaa1,The Cavaliers,MA,World Class,7,0.7304,0.2006,0.3409,0.1437,0.4487,1.0121,0.7304,1,5.0818,"2015,2023,2024,2025"
judge_corps_caption,j-gilley-1,Jackie Gilley,001j000000iwx97aad,Colt Cadets,VP,Open Class,8,-0.6811,-0.0458,-0.3406,0.4575,-1.5778,0.2155,0.9015,0.25,-1.4888,"2013,2017,2018,2019,2022,2025"
judge_corps_caption,t-ochran-1,Timothy Ochran,001j000000h3xwcaav,Santa Clara Vanguard,GE1,World Class,9,-0.6432,-1.1809,-0.3405,0.539,-1.6996,0.4132,1.3968,0.4444,-1.1933,"2015,2016,2017,2018,2019,2024,2025"
judge_corps_caption,j-gilley-1,Jackie Gilley,001j000000iwxa0aal,Legends,VA,Open Class,5,0.8829,1.5023,0.3396,0.1796,0.5309,1.2349,0.8829,1,4.9163,"2014,2016"
judge_corps_caption,n-jones-1,Nola Jones,001j000000iwwslaal,7th Regiment,GE2,Open Class,5,0.8828,0.9011,0.3395,0.183,0.5242,1.2414,0.8828,1,4.8247,"2018,2024,2025"
judge_corps_caption,j-carlisle-1,JR Carlisle,001j000000iwxa5aal,Music City,VA,Open Class,7,0.7264,0.1898,0.339,0.5911,-0.4322,1.885,1.4245,0.8571,1.2288,"2013,2016,2017"
judge_corps_caption,c-nelson-1,Carl Nelson,001j000000iwxa7aal,Pacific Crest,VA,World Class,13,-0.5467,-1.6548,-0.3384,0.5493,-1.6233,0.5299,1.5722,0.3846,-0.9953,"2013,2014,2015,2017,2018,2019,2022,2023,2024"
judge_corps_caption,j-bell-1,John Bell,001j000000iwxaeaa1,The Academy,MB,World Class,5,-0.8794,-0.6056,-0.3382,0.6147,-2.0841,0.3254,1.1857,0.4,-1.4306,"2014,2015,2016"
judge_corps_caption,t-fox-1,Todd Fox,001j000000iwx9paad,Gold,MP,Open Class,10,0.6086,0.8168,0.3381,0.2551,0.1087,1.1085,0.7838,0.9,2.3861,"2014,2016,2017,2022,2023,2024"
judge_corps_caption,m-stone-1,Michael Stone,001j000000iwx9waad,Jersey Surf,GE1,World Class,13,0.5455,0.3561,0.3377,0.1034,0.3428,0.7481,0.5752,0.9231,5.2751,"2013,2014,2015,2016,2017,2018,2019"
judge_corps_caption,g-oliviero-1,George Oliviero,001j000000i6kalaa3,Blue Devils C,CG,Open Class,5,0.8774,-1.1514,0.3375,0.515,-0.1319,1.8867,1.1821,0.8,1.7039,"2014,2016,2018,2019,2022"
judge_corps_caption,j-carlisle-1,JR Carlisle,001j000000iwx9waad,Jersey Surf,VA,World Class,5,-0.8773,-0.5855,-0.3374,0.2758,-1.4179,-0.3366,0.8773,0,-3.1804,"2013,2016"
judge_corps_caption,k-giese-1,Ken Giese,001j000000i6lenaa3,Madison Scouts,GE1,World Class,6,-0.7869,-0.6687,-0.3372,0.7709,-2.2978,0.724,1.3937,0.3333,-1.0208,"2018,2019,2022"
judge_corps_caption,j-ausdemore-1,Jeff Ausdemore,001j000000i6i9saav,Blue Devils,MP,World Class,19,0.4786,0.3544,0.3368,0.1169,0.2495,0.7077,0.5915,0.8421,4.0945,"2014,2015,2016,2017,2018,2019,2022"
judge_corps_caption,g-oliviero-1,George Oliviero,001j000000iwwsqaal,Blue Stars,CG,World Class,5,0.8746,0.4327,0.3364,0.1466,0.5872,1.162,0.8746,1,5.9645,"2013,2015,2018"
judge_corps_caption,j-orefice-1,Juno Orefice,001j000000iwwssaal,Boston Crusaders,VP,World Class,21,-0.4643,-0.6372,-0.3362,0.4817,-1.4083,0.4798,1.5957,0.7143,-0.9639,"2013,2014,2015,2016,2018,2019,2022,2024,2025"
judge_corps_caption,c-dillon-1,Christine Dillon,001j000000iwxa0aal,Legends,CG,Open Class,13,0.5412,1.3087,0.335,0.1386,0.2696,0.8129,0.571,0.8462,3.9053,"2013,2014,2015,2016"
judge_corps_caption,w-chumley-1,William Chumley,001j000000iwxakaa1,Vanguard Cadets,VP,Open Class,5,-0.8702,-0.7138,-0.3347,1.2582,-3.3363,1.5959,2.0341,0.6,-0.6916,"2013,2017,2019"
judge_corps_caption,d-padilla-1,Damon Padilla,001j000000i6i9saav,Blue Devils,CG,World Class,5,-0.8701,-0.9111,-0.3346,0.9289,-2.6907,0.9506,1.4652,0.6,-0.9367,"2019,2023,2024,2025"
judge_corps_caption,c-clayton-fisher-1,Christine Clayton Fisher,001j000000iwx9aaat,Crossmen,CG,World Class,6,-0.7802,-1.0164,-0.3344,0.8337,-2.4143,0.8539,1.0433,0.3333,-0.9359,"2019,2022,2023,2024"
judge_corps_caption,b-fabrizio-1,Beth Fabrizio,001j000000iwx98aad,Colts,MB,World Class,9,-0.6312,-0.5643,-0.3342,0.5421,-1.6936,0.4312,1.0611,0.5556,-1.1645,"2013,2014,2017,2022,2023"
judge_corps_caption,c-costanza-1,Curtis Costanza,001j000000i6jmbaaf,Blue Devils B,GE1,Open Class,17,0.4899,1.0766,0.3332,0.268,-0.0354,1.0153,0.8788,0.7647,1.8279,"2013,2014,2015,2016,2024"
judge_corps_caption,p-mcgarr-1,Paul McGarr,001j000000iwxa8aal,Pioneer,MB,World Class,9,-0.6281,-0.663,-0.3325,0.3674,-1.3482,0.0921,0.8088,0.3333,-1.7095,"2013,2014,2015,2017,2018"
judge_corps_caption,m-bowers-1,Michele Bowers,001j000000iwxaeaa1,The Academy,CG,World Class,5,0.8638,0.894,0.3322,0.1764,0.5181,1.2095,0.8638,1,4.8976,"2015,2016,2018,2023"
judge_corps_caption,r-rios-1,Ronnie Rios,001j000000iwxa3aal,Mandarins,MA,World Class,9,0.6269,0.7192,0.3319,0.1726,0.2886,0.9651,0.6393,0.8889,3.6322,"2013,2016,2017,2018,2022,2023,2025"
judge_corps_caption,c-moss-1,Chris Moss,001j000000iwxadaa1,Spirit of Atlanta,GE1,World Class,11,-0.5731,-0.5854,-0.3318,0.3403,-1.2401,0.0939,0.8385,0.4545,-1.6841,"2014,2016,2017,2018,2019,2025"
judge_corps_caption,j-webb-1,Jay Webb,001j000000iwxajaa1,Troopers,GE2,World Class,11,-0.5726,-0.7283,-0.3315,0.5358,-1.6228,0.4777,0.9258,0.4545,-1.0685,"2015,2018,2019,2022,2023,2024"
judge_corps_caption,j-rhodes-1,Jodie Rhodes,001j000000i6lenaa3,Madison Scouts,GE2,World Class,11,-0.5726,-0.1991,-0.3315,0.5582,-1.6666,0.5214,1.0424,0.7273,-1.0258,"2022,2023,2024,2025"
judge_corps_caption,t-ochran-1,Timothy Ochran,001j000000i6i9saav,Blue Devils,VA,World Class,29,-0.4229,-0.601,-0.3314,0.351,-1.1109,0.2651,1.4092,0.6552,-1.2047,"2013,2014,2015,2016,2017,2018,2019,2023,2024,2025"
judge_corps_caption,j-harper-1,Jeff Harper,001j000000iwx9paad,Gold,MB,Open Class,6,-0.7732,-0.7037,-0.3314,0.6333,-2.0146,0.4681,1.3654,0.5,-1.2209,"2014,2017,2018"
judge_corps_caption,c-romanowski-1,Chris Romanowski,001j000000iwxakaa1,Vanguard Cadets,MP,Open Class,9,0.6258,0.8001,0.3313,0.1945,0.2446,1.007,0.6409,0.8889,3.218,"2013,2014,2016,2017"
judge_corps_caption,j-wilson-1,Jeff Wilson,001j000000iwwsqaal,Blue Stars,MP,World Class,5,0.8607,0.5866,0.3311,0.0962,0.6723,1.0492,0.8607,1,8.9501,"2018,2019,2022,2024"
judge_corps_caption,m-leitzke-1,Mike Leitzke,001j000000iwxa3aal,Mandarins,MP,World Class,19,0.4698,0.3125,0.3306,0.1105,0.2532,0.6864,0.5673,0.7895,4.2515,"2015,2016,2017,2018,2019,2022,2024,2025"
judge_corps_caption,j-gilley-1,Jackie Gilley,001j000000iwxaaaa1,Raiders,GE1,Open Class,6,-0.7696,-0.0395,-0.3298,0.7073,-2.1559,0.6168,0.8578,0.3333,-1.088,"2015,2019,2024,2025"
judge_corps_caption,b-jones-1,Bruce Jones,001j000000iwwsraal,Bluecoats,VP,World Class,11,-0.5682,-0.3359,-0.329,0.523,-1.5934,0.457,0.9418,0.6364,-1.0863,"2013,2014,2015,2023,2024"
judge_corps_caption,n-jones-1,Nola Jones,001j000000iwxaeaa1,The Academy,MA,World Class,6,0.7676,0.236,0.329,0.1788,0.4172,1.118,0.7898,0.8333,4.2935,"2014,2015,2016,2018,2022"
judge_corps_caption,t-ochran-1,Timothy Ochran,001j000000i6kalaa3,Blue Devils C,GE1,Open Class,7,0.7051,-0.0462,0.329,0.3641,-0.0086,1.4188,0.997,0.7143,1.9363,"2015,2016,2018,2019,2023,2024,2025"
judge_corps_caption,w-dillon-1,Wayne Dillon,001j000000iwxadaa1,Spirit of Atlanta,MB,World Class,6,-0.7673,-0.7739,-0.3288,0.605,-1.9531,0.4185,0.9526,0.3333,-1.2683,"2014,2016,2018,2023,2025"
judge_corps_caption,r-solomon-1,Robert Solomon,001j000000iwxa3aal,Mandarins,CG,World Class,19,-0.4669,-0.3042,-0.3286,0.3634,-1.1791,0.2453,0.8915,0.5789,-1.285,"2013,2014,2015,2016,2017,2018,2019,2022,2023,2024"
judge_corps_caption,w-dillon-1,Wayne Dillon,001j000000iwxa5aal,Music City,MB,Open Class,7,0.7037,0.5007,0.3284,0.4853,-0.2475,1.6548,0.9828,0.5714,1.45,"2015,2016,2018,2019,2023,2024,2025"
judge_corps_caption,g-fugett-1,Glenn Fugett,001j000000iwx93aad,Seattle Cascades,GE2,World Class,14,0.5155,0.4031,0.3281,0.1363,0.2484,0.7826,0.6149,0.8571,3.7829,"2013,2014,2016,2017,2018,2019,2023,2024,2025"
judge_corps_caption,m-waymire-1,Mark Waymire,001j000000iwx93aad,Seattle Cascades,GE2,World Class,8,-0.6559,-0.2753,-0.328,0.2866,-1.2177,-0.0941,0.6868,0.125,-2.2884,"2015,2016,2017,2018,2019,2023"
judge_corps_caption,j-webb-1,Jay Webb,001j000000iwxa7aal,Pacific Crest,MA,World Class,8,0.6557,0.5871,0.3278,0.2922,0.083,1.2283,0.7638,0.875,2.2441,"2013,2014,2018,2022,2023,2025"
judge_corps_caption,c-romanowski-1,Chris Romanowski,001j000000iwxakaa1,Vanguard Cadets,MA,Open Class,6,0.7644,1.0134,0.3276,0.1719,0.4275,1.1013,0.7644,1,4.4468,"2013,2014,2016"
judge_corps_caption,g-oliviero-1,George Oliviero,001j000000iwx91aad,Carolina Crown,GE1,World Class,5,0.8501,0.2709,0.327,0.1337,0.588,1.1122,0.8501,1,6.3573,"2013,2014,2015,2018,2019"
judge_corps_caption,t-ochran-1,Timothy Ochran,001j000000iwxabaa1,Southwind,VA,Open Class,5,0.8494,0.7753,0.3267,0.2174,0.4234,1.2755,0.8494,1,3.908,"2018,2019,2023"
judge_corps_caption,j-sturgeon-1,Jim Sturgeon,001j000000i6kfgaan,The Cadets,CG,World Class,6,-0.7609,-1.5531,-0.3261,1.3087,-3.3259,1.8041,2.4861,0.6667,-0.5814,"2016,2017,2018,2019"
judge_corps_caption,j-sturgeon-1,Jim Sturgeon,001j000000iwx9waad,Jersey Surf,VP,World Class,6,0.7602,0.9283,0.3258,0.2317,0.3061,1.2143,0.7602,1,3.2809,"2014,2019,2022,2024"
judge_corps_caption,c-rothe-1,Caleb Rothe,001j000000iwxa7aal,Pacific Crest,GE2,World Class,15,-0.4992,-0.4001,-0.3256,0.3651,-1.2148,0.2164,0.8015,0.6,-1.3673,"2014,2016,2017,2018,2019,2022,2023,2024,2025"
judge_corps_caption,d-torchia-1,Debbie Torchia,001j000000iwxa5aal,Music City,CG,Open Class,5,-0.8463,-1.2003,-0.3255,0.6015,-2.0252,0.3326,1.0067,0.2,-1.4071,"2013,2015,2018,2019"
judge_corps_caption,m-mcgahey-1,Mark McGahey,001j000000iwxa3aal,Mandarins,MA,World Class,5,-0.8452,-0.9946,-0.3251,0.8168,-2.446,0.7557,1.2045,0.6,-1.0348,"2014,2015,2016,2017"
judge_corps_caption,c-marra-1,Chris Marra,001j000000iwxacaa1,Spartans,MB,Open Class,7,0.6966,1.0192,0.3251,0.1295,0.4427,0.9504,0.6966,1,5.3783,"2016,2018,2022,2023,2024"
judge_corps_caption,c-moss-1,Chris Moss,001j000000iwxabaa1,Southwind,VP,Open Class,6,-0.7575,-0.6208,-0.3247,0.3985,-1.5387,0.0236,0.7575,0,-1.9007,"2015,2018,2019,2022"
judge_corps_caption,c-romanowski-1,Chris Romanowski,001j000000iwxa1aal,Les Stentors,MP,Open Class,7,-0.6941,-0.6021,-0.3239,0.4637,-1.6031,0.2148,0.8564,0.2857,-1.4968,"2013,2014,2016,2017"
judge_corps_caption,a-cook-1,Andrew Cook,001j000000iwxaeaa1,The Academy,MB,World Class,9,0.6117,0.4894,0.3238,0.077,0.4607,0.7626,0.6117,1,7.9433,"2013,2014,2015,2016,2017,2019,2023"
judge_corps_caption,m-leitzke-1,Mike Leitzke,001j000000qzs1qaaf,River City Rhythm,MP,Open Class,17,-0.4755,-0.2934,-0.3233,0.3273,-1.117,0.166,1.0355,0.4118,-1.4527,"2015,2016,2017,2018,2019,2023"
judge_corps_caption,s-page-1,Steven Page,001j000000iwx9taad,Heat Wave,MB,Open Class,5,0.8398,1.0843,0.323,0.3381,0.177,1.5025,0.8398,1,2.4835,"2017,2018,2019,2022"
judge_corps_caption,g-oliviero-1,George Oliviero,001j000000h3xwcaav,Santa Clara Vanguard,VA,World Class,17,-0.4747,-0.553,-0.3228,0.4768,-1.4092,0.4598,1.2768,0.6471,-0.9956,"2013,2014,2015,2018,2019,2022,2024,2025"
judge_corps_caption,j-harper-1,Jeff Harper,001j000000iwx9paad,Gold,GE2,Open Class,5,-0.8393,-2.0064,-0.3228,0.8455,-2.4966,0.8179,1.6357,0.4,-0.9927,"2013,2014,2017,2018,2022"
judge_corps_caption,c-dillon-1,Christine Dillon,001j000000qzs1qaaf,River City Rhythm,CG,Open Class,5,0.8385,1.6974,0.3225,0.4169,0.0213,1.6557,0.9792,0.8,2.0111,"2015,2016,2022,2025"
judge_corps_caption,a-cook-1,Andrew Cook,001j000000iwwsqaal,Blue Stars,MB,World Class,17,-0.4739,-0.5818,-0.3223,0.4771,-1.4091,0.4612,1.3001,0.6471,-0.9933,"2013,2014,2015,2016,2017,2019,2022,2023,2024"
judge_corps_caption,c-dillon-1,Christine Dillon,001j000000i6jmbaaf,Blue Devils B,CG,Open Class,14,0.5062,1.2905,0.3221,0.1985,0.1172,0.8953,0.5799,0.9286,2.5503,"2013,2014,2015,2016,2017"
judge_corps_caption,c-costanza-1,Curtis Costanza,001j000000qzs1qaaf,River City Rhythm,GE1,Open Class,9,0.6082,1.232,0.322,0.4409,-0.2561,1.4724,1.0584,0.6667,1.3793,"2015,2016,2024,2025"
judge_corps_caption,j-davila-1,Julie Davila,001j000000iwxaeaa1,The Academy,MP,World Class,12,0.5356,0.3763,0.3214,0.1239,0.2927,0.7785,0.5935,0.9167,4.3223,"2016,2017,2018,2019,2022,2023"
judge_corps_caption,c-nelson-1,Carl Nelson,001j000000iwx91aad,Carolina Crown,VP,World Class,15,0.4926,0.7258,0.3213,0.096,0.3045,0.6807,0.4926,1,5.1323,"2013,2016,2017,2018,2019,2022,2023"
judge_corps_caption,m-howard-1,Mike Howard,001j000000iwwsraal,Bluecoats,GE2,World Class,7,-0.6882,-0.4898,-0.3212,0.5717,-1.8087,0.4323,0.8869,0.7143,-1.2038,"2024,2025"
judge_corps_caption,k-baker-1,Keith Baker,001j000000h3xwcaav,Santa Clara Vanguard,VA,World Class,7,0.6874,0.6284,0.3208,0.0803,0.53,0.8447,0.6874,1,8.5605,"2018,2019,2022,2024,2025"
judge_corps_caption,s-page-1,Steven Page,racine-scouts,Racine Scouts,MB,Open Class,5,-0.8329,-0.5551,-0.3204,0.8979,-2.5929,0.927,1.4448,0.4,-0.9276,"2013,2014,2015"
judge_corps_caption,g-howarth-1,Gifford Howarth,001j000000iwxa0aal,Legends,MP,Open Class,8,0.6408,0.8711,0.3204,0.2436,0.1633,1.1182,0.7199,0.875,2.6305,"2015,2016,2017,2018"
judge_corps_caption,g-fugett-1,Glenn Fugett,001j000000iwx98aad,Colts,MA,World Class,6,0.7468,0.2278,0.3201,0.0379,0.6726,0.821,0.7468,1,19.7214,"2015,2019,2023,2024"
judge_corps_caption,d-deems-1,Don Deems,001j000000iwwsraal,Bluecoats,VA,World Class,6,-0.7466,-0.8542,-0.32,0.7791,-2.2735,0.7804,1.6443,0.5,-0.9583,"2013,2017,2018,2022,2025"
judge_corps_caption,p-mcgarr-1,Paul McGarr,001j000000iwx9paad,Gold,MB,Open Class,11,-0.5522,-0.6257,-0.3197,0.5498,-1.6298,0.5253,1.277,0.6364,-1.0045,"2014,2015,2016,2017,2018,2019,2023"
judge_corps_caption,j-webb-1,Jay Webb,001j000000iwxafaa1,The Cavaliers,MP,World Class,5,-0.8313,-2.3741,-0.3197,1.0953,-2.978,1.3154,1.9638,0.6,-0.759,"2016,2017,2019,2023,2025"
judge_corps_caption,b-kuhn-1,Blair Kuhn,001j000000iwxa7aal,Pacific Crest,VA,World Class,5,0.8313,0.6094,0.3197,0.1849,0.4688,1.1937,0.8313,1,4.4955,"2018,2022,2025"
judge_corps_caption,r-rios-1,Ronnie Rios,001j000000iwx97aad,Colt Cadets,MA,Open Class,6,-0.7456,-0.7614,-0.3195,0.6523,-2.0241,0.533,1.1184,0.6667,-1.1429,"2018,2022,2023,2024"
judge_corps_caption,g-fugett-1,Glenn Fugett,001j000000iwxacaa1,Spartans,GE2,Open Class,9,0.6032,0.0051,0.3193,0.199,0.2131,0.9933,0.7379,0.8889,3.0309,"2014,2016,2018,2023,2024,2025"
judge_corps_caption,j-prosperie-1,Jeff Prosperie,001j000000i6i9saav,Blue Devils,MP,World Class,17,0.4693,0.617,0.3191,0.0863,0.3001,0.6386,0.4693,1,5.4356,"2013,2014,2015,2016,2017,2019,2024"
judge_corps_caption,p-madden-1,Phil Madden,001j000000iwwsoaal,Blue Knights,GE1,World Class,10,-0.5744,-0.4853,-0.3191,0.5055,-1.5653,0.4164,1.33,0.4,-1.1364,"2016,2017,2018,2019,2023,2024,2025"
judge_corps_caption,r-solomon-1,Robert Solomon,001j000000iwxa7aal,Pacific Crest,GE1,World Class,6,-0.7442,-1.7462,-0.3189,0.6383,-1.9953,0.507,1.25,0.3333,-1.1658,"2017,2018,2019,2022,2024"
judge_corps_caption,g-oliviero-1,George Oliviero,001j000000iwwsraal,Bluecoats,VA,World Class,14,0.5003,0.4048,0.3184,0.0663,0.3703,0.6303,0.5003,1,7.5413,"2013,2014,2015,2016,2018,2019,2022,2023"
judge_corps_caption,p-madden-1,Phil Madden,001j0000012y6bqaac,The Battalion,VA,Open Class,6,-0.743,-0.2976,-0.3184,0.6079,-1.9345,0.4484,1.1503,0.1667,-1.2223,"2016,2019,2023,2024"
judge_corps_caption,r-greenwell-1,Randy Greenwell,001j000000iwwslaal,7th Regiment,MA,Open Class,5,0.8273,0.9967,0.3182,0.3208,0.1984,1.4561,0.8273,1,2.5784,"2013,2016,2018,2022"
judge_corps_caption,g-fugett-1,Glenn Fugett,001j000000iwwsoaal,Blue Knights,MA,World Class,5,-0.8259,-1.33,-0.3176,0.9179,-2.6249,0.9731,1.3065,0.4,-0.8998,"2014,2015,2017,2023"
judge_corps_caption,h-nguyen-1,Hieu Nguyen,001j000000iwxadaa1,Spirit of Atlanta,VP,World Class,5,-0.8258,-0.6884,-0.3176,0.7369,-2.2701,0.6186,1.1915,0.6,-1.1206,"2014,2017,2023,2025"
judge_corps_caption,c-rothe-1,Caleb Rothe,001j000000iwx9uaad,Impulse,MA,Open Class,8,-0.6348,-1.1712,-0.3174,0.7342,-2.0738,0.8041,1.756,0.5,-0.8647,"2013,2014,2015,2016,2017,2019,2023"
judge_corps_caption,k-baker-1,Keith Baker,001j000000iwxa3aal,Mandarins,VA,World Class,8,0.6344,0.5989,0.3172,0.1223,0.3946,0.8741,0.6344,1,5.1859,"2013,2015,2016,2018,2019,2024"
judge_corps_caption,m-teal-1,Mark Teal,001j000000iwxajaa1,Troopers,MP,World Class,7,0.6798,0.9958,0.3172,0.1107,0.4628,0.8968,0.6798,1,6.1405,"2016,2023,2024,2025"
judge_corps_caption,m-turner-1,Michael Turner,001j000000h3xrnaav,Phantom Regiment,GE1,World Class,6,-0.74,-0.7039,-0.3171,0.6687,-2.0506,0.5707,1.132,0.6667,-1.1066,"2013,2014,2015,2016,2017,2018"
judge_corps_caption,r-greenwell-1,Randy Greenwell,001j000000h3xwcaav,Santa Clara Vanguard,MB,World Class,5,-0.8245,-2.6311,-0.3171,1.0667,-2.9153,1.2663,1.8515,0.6,-0.7729,"2016,2019"
judge_corps_caption,d-davis-1,Darrin Davis,001j000000iwwsoaal,Blue Knights,MB,World Class,7,-0.6789,-0.6423,-0.3168,0.6596,-1.9718,0.614,1.2784,0.5714,-1.0292,"2014,2015,2016,2019,2022,2023"
judge_corps_caption,j-orefice-1,Juno Orefice,001j000000iwx9waad,Jersey Surf,VP,World Class,10,0.5698,0.3596,0.3165,0.2475,0.0847,1.0549,0.8348,0.9,2.3021,"2013,2014,2015,2016,2017,2018"
judge_corps_caption,m-turner-1,Michael Turner,001j000000i6jmbaaf,Blue Devils B,VP,Open Class,10,-0.5691,-0.6721,-0.3162,0.687,-1.9156,0.7773,1.6638,0.5,-0.8284,"2016,2017,2018,2022,2024,2025"
judge_corps_caption,t-wemhoff-1,Ted Wemhoff,001j000000qzs1qaaf,River City Rhythm,GE1,Open Class,7,-0.677,-0.429,-0.3159,0.7212,-2.0904,0.7365,1.2159,0.4286,-0.9387,"2018,2019,2022,2024,2025"
judge_corps_caption,a-cook-1,Andrew Cook,001j000000iwwsraal,Bluecoats,MB,World Class,19,-0.448,-0.5636,-0.3152,0.4329,-1.2964,0.4005,1.0647,0.6842,-1.0348,"2013,2014,2015,2016,2017,2018,2019,2022,2023,2024"
judge_corps_caption,a-cook-1,Andrew Cook,001j000000iwxa0aal,Legends,MB,Open Class,8,-0.6304,-0.7846,-0.3152,0.4996,-1.6096,0.3487,1.1767,0.375,-1.2619,"2014,2015,2016,2017,2018,2022"
judge_corps_caption,c-guard-1,Color Guard,001j000000i6kfgaan,The Cadets,VP,World Class,7,0.6752,0.3828,0.3151,0.2114,0.2608,1.0896,0.697,0.8571,3.1937,"2015,2016,2017,2018,2019,2023"
judge_corps_caption,g-oliviero-1,George Oliviero,001j000000iwxajaa1,Troopers,CG,World Class,7,-0.675,-1.101,-0.315,0.8358,-2.3131,0.9632,1.5279,0.7143,-0.8076,"2013,2015,2018,2019"
judge_corps_caption,l-carlson-1,Lee Carlson,001j000000iwx9aaat,Crossmen,CG,World Class,8,-0.6298,-0.5496,-0.3149,0.7477,-2.0953,0.8357,1.336,0.75,-0.8423,"2013,2014,2015,2016"
judge_corps_caption,c-romanowski-1,Chris Romanowski,001j000000iwxa2aal,Louisiana Stars,MA,Open Class,7,-0.6719,-0.4136,-0.3136,0.5868,-1.8221,0.4782,1.0987,0.2857,-1.145,"2016,2018,2019"
judge_corps_caption,c-armbruster-1,Chad Armbruster,001j000000iwx97aad,Colt Cadets,GE2,Open Class,7,0.6696,0.0901,0.3125,0.3917,-0.0981,1.4373,1.1031,0.7143,1.7095,"2016,2018,2019,2022,2023,2024"
judge_corps_caption,j-davila-1,Julie Davila,001j000000iwxafaa1,The Cavaliers,MP,World Class,11,-0.5398,-0.6832,-0.3125,0.4404,-1.4031,0.3234,1.0606,0.5455,-1.2257,"2016,2017,2019,2022,2023,2024"
judge_corps_caption,m-mullinix-1,Max Mullinix,001j000000iwx97aad,Colt Cadets,MP,Open Class,8,-0.6248,-0.3981,-0.3124,0.5018,-1.6083,0.3587,1.0518,0.375,-1.2451,"2013,2014,2015,2017"
judge_corps_caption,r-rios-1,Ronnie Rios,001j000000qzs1qaaf,River City Rhythm,MA,Open Class,5,-0.8122,-0.742,-0.3124,0.5778,-1.9448,0.3204,0.9905,0.4,-1.4056,"2018,2022,2023,2024"
judge_corps_caption,m-czapinksi-1,Marie Czapinksi,001j000000iwx91aad,Carolina Crown,CG,World Class,5,0.8114,0.3597,0.3121,0.0882,0.6384,0.9843,0.8114,1,9.1969,"2013,2014,2015"
judge_corps_caption,w-dillon-1,Wayne Dillon,001j000000iwx9paad,Gold,GE2,Open Class,13,-0.5041,-0.6387,-0.3121,0.4346,-1.3559,0.3477,1.2753,0.5385,-1.1599,"2014,2015,2017,2018,2019,2023,2024"
judge_corps_caption,m-turner-1,Michael Turner,001j000000iwxacaa1,Spartans,VP,Open Class,5,0.8105,0.6823,0.3117,0.3355,0.153,1.4681,0.8105,1,2.416,"2016,2022,2023,2024"
judge_corps_caption,r-kemp-1,Richard Kemp,001j000000iwxa5aal,Music City,GE1,Open Class,5,0.8094,0.0306,0.3113,0.6166,-0.3992,2.018,1.3408,0.8,1.3126,"2013,2014,2015,2018"
judge_corps_caption,r-isoda-1,Randolph Isoda,001j000000i6lenaa3,Madison Scouts,MB,World Class,6,-0.7264,-0.9254,-0.3113,0.9147,-2.5192,1.0664,1.5599,0.5,-0.7941,"2014,2015,2017,2018"
judge_corps_caption,c-clayton-fisher-1,Christine Clayton Fisher,001j000000i6lenaa3,Madison Scouts,CG,World Class,5,0.8088,0.5306,0.3111,0.0754,0.6611,0.9565,0.8088,1,10.7312,"2019,2023"
judge_corps_caption,k-baker-1,Keith Baker,001j000000iwxakaa1,Vanguard Cadets,VA,Open Class,12,0.5175,0.8497,0.3105,0.1395,0.2441,0.791,0.5419,0.8333,3.7094,"2013,2014,2015,2016,2017,2018"
judge_corps_caption,a-cook-1,Andrew Cook,001j000000i6lenaa3,Madison Scouts,MB,World Class,17,-0.4566,-0.5842,-0.3105,0.4653,-1.3685,0.4554,1.3057,0.6471,-0.9812,"2013,2014,2015,2016,2018,2019,2022,2023,2024"
judge_corps_caption,b-mascaro-1,Bret Mascaro,001j000000iwxa8aal,Pioneer,VA,World Class,12,-0.5171,-0.2329,-0.3102,0.2916,-1.0885,0.0544,0.6916,0.4167,-1.7734,"2013,2014,2015,2016,2017,2018"
judge_corps_caption,b-fabrizio-1,Beth Fabrizio,001j000000i6jmbaaf,Blue Devils B,MB,Open Class,7,0.6643,1.0363,0.31,0.3531,-0.0278,1.3564,0.9938,0.8571,1.8813,"2013,2014,2016,2017,2022,2024"
judge_corps_caption,m-davis-1,Mike Davis,racine-scouts,Racine Scouts,MP,Open Class,6,0.7233,0.9936,0.31,0.3974,-0.0557,1.5022,1.0099,0.6667,1.82,"2013,2014,2015"
judge_corps_caption,k-miller-1,Kyle Miller,001j000000iwxafaa1,The Cavaliers,CG,World Class,7,0.664,0.1754,0.3099,0.2078,0.2568,1.0712,0.806,0.8571,3.1958,"2013,2019,2022,2023,2024"
judge_corps_caption,p-haines-1,Phillip Haines,001j000000iwx91aad,Carolina Crown,MB,World Class,5,0.8055,0.6211,0.3098,0.236,0.3429,1.2682,0.8055,1,3.4125,"2013,2014,2025"
judge_corps_caption,t-mengel-1,Tim Mengel,001j000000iwxaaaa1,Raiders,MP,Open Class,6,-0.7228,-0.7561,-0.3098,0.6376,-1.9725,0.5269,1.2296,0.5,-1.1337,"2018,2022,2023,2024"
judge_corps_caption,c-dillon-1,Christine Dillon,001j000000iwx9uaad,Impulse,VA,Open Class,5,-0.8048,-0.1879,-0.3096,0.9167,-2.6015,0.9918,1.1297,0.4,-0.878,"2013,2014,2015,2016,2017"
judge_corps_caption,r-greenwell-1,Randy Greenwell,001j000000iwxafaa1,The Cavaliers,GE2,World Class,8,-0.6189,-0.9463,-0.3095,0.8252,-2.2364,0.9985,1.5074,0.75,-0.75,"2014,2015,2017,2018,2019"
judge_corps_caption,j-sturgeon-1,Jim Sturgeon,001j000000i6kfgaan,The Cadets,VA,World Class,10,-0.556,-0.6082,-0.3089,0.5362,-1.6069,0.4949,1.3101,0.6,-1.0369,"2014,2016,2018,2019,2023"
judge_corps_caption,b-mascaro-1,Bret Mascaro,001j000000iwxaeaa1,The Academy,VP,World Class,6,0.72,0.5295,0.3086,0.2385,0.2525,1.1875,0.8488,0.8333,3.0189,"2013,2014,2016"
judge_corps_caption,m-bowers-1,Michele Bowers,001j000000iwwsoaal,Blue Knights,CG,World Class,6,0.7193,0.7678,0.3083,0.214,0.2998,1.1389,0.7201,0.8333,3.3606,"2014,2015,2016,2018,2023"
judge_corps_caption,t-hudnall-1,Tim Hudnall,001j000000iwx91aad,Carolina Crown,CG,World Class,5,-0.8015,-1.4817,-0.3083,0.536,-1.852,0.249,1.1803,0.2,-1.4954,"2023,2024,2025"
judge_corps_caption,b-fabrizio-1,Beth Fabrizio,001j000000iwwslaal,7th Regiment,MB,Open Class,13,-0.4975,-0.1662,-0.308,0.577,-1.6284,0.6333,1.151,0.6923,-0.8623,"2013,2014,2019,2022,2024,2025"
judge_corps_caption,m-kelly-1,Mickey Kelly,001j000000iwxacaa1,Spartans,GE1,Open Class,8,-0.6159,-2.2677,-0.3079,0.4631,-1.5236,0.2918,1.1716,0.125,-1.3299,"2013,2015,2016,2018,2019"
judge_corps_caption,j-brooks-1,Jeff Brooks,001j000000iwxa7aal,Pacific Crest,MP,World Class,13,0.497,0.8387,0.3077,0.1372,0.2282,0.7659,0.5649,0.9231,3.6235,"2018,2019,2022,2023,2024,2025"
judge_corps_caption,m-mcgahey-1,Mark McGahey,001j000000iwx91aad,Carolina Crown,MB,World Class,6,0.7176,0.3073,0.3076,0.1378,0.4475,0.9878,0.7176,1,5.2073,"2013,2014,2015,2023"
judge_corps_caption,m-czapinksi-1,Marie Czapinksi,001j000000iwxajaa1,Troopers,GE1,World Class,5,0.799,0.2425,0.3073,0.1378,0.5289,1.0691,0.799,1,5.7977,"2013,2014"
judge_corps_caption,m-leitzke-1,Mike Leitzke,001j000000i6i9saav,Blue Devils,MP,World Class,23,0.4141,0.2355,0.3073,0.0635,0.2897,0.5385,0.4369,0.913,6.5256,"2016,2017,2018,2019,2022,2023,2024,2025"
judge_corps_caption,t-landess-1,Tim Landess,001j000000iwwsqaal,Blue Stars,CG,World Class,8,-0.6131,-1.4417,-0.3065,0.6518,-1.8905,0.6644,1.7281,0.375,-0.9406,"2019,2022,2023,2024"
judge_corps_caption,a-kristensen-1,Allan Kristensen,001j000000i6lenaa3,Madison Scouts,MP,World Class,11,0.5292,-0.1316,0.3064,0.4739,-0.3997,1.4581,1.3151,0.8182,1.1165,"2014,2015,2016,2018,2019,2023"
judge_corps_caption,c-moss-1,Chris Moss,001j000000iwx9waad,Jersey Surf,GE1,World Class,7,-0.6566,-0.6646,-0.3064,0.2553,-1.157,-0.1563,0.6831,0.1429,-2.5721,"2016,2017,2018,2019,2023"
judge_corps_caption,g-howarth-1,Gifford Howarth,001j000000qzs1qaaf,River City Rhythm,MP,Open Class,11,0.5281,0.8294,0.3058,0.4513,-0.3564,1.4126,1.1423,0.8182,1.1703,"2015,2017,2018,2023,2024"
judge_corps_caption,k-miller-1,Kyle Miller,001j000000iwxa7aal,Pacific Crest,CG,World Class,7,-0.6549,-1.0869,-0.3056,0.8688,-2.3577,1.048,1.7134,0.5714,-0.7537,"2015,2019,2022,2023,2024"
judge_corps_caption,t-hudnall-1,Tim Hudnall,001j000000iwx98aad,Colts,CG,World Class,6,0.712,-0.0084,0.3051,0.4211,-0.1134,1.5373,1.0566,0.6667,1.6908,"2022,2023,2024"
judge_corps_caption,m-thompson-1,Michael Thompson,001j000000i6kfgaan,The Cadets,CG,World Class,12,-0.5084,-0.2787,-0.305,0.3452,-1.185,0.1682,0.8096,0.4167,-1.4728,"2013,2015,2016,2017,2018,2019,2022"
judge_corps_caption,g-oliviero-1,George Oliviero,001j000000iwx98aad,Colts,CG,World Class,5,0.7931,0.3507,0.305,0.191,0.4188,1.1674,0.7931,1,4.1533,"2013,2015,2018,2025"
judge_corps_caption,p-madden-1,Phil Madden,001j000000iwxaeaa1,The Academy,GE1,World Class,7,0.6528,0.7163,0.3046,0.1607,0.3378,0.9678,0.6528,1,4.0621,"2016,2018,2023"
judge_corps_caption,j-howell-1,John Howell,001j000000iwwssaal,Boston Crusaders,GE1,World Class,20,-0.4263,-0.4326,-0.3045,0.3002,-1.0148,0.1621,0.826,0.6,-1.4201,"2013,2014,2015,2016,2017,2018,2019,2023,2025"
judge_corps_caption,j-wilson-1,Jeff Wilson,001j000000iwx95aad,Vessel,MP,Open Class,5,0.7917,0.9764,0.3045,0.2209,0.3587,1.2246,0.7917,1,3.5837,"2018,2019,2023,2024"
judge_corps_caption,m-thompson-1,Michael Thompson,001j000000iwwssaal,Boston Crusaders,CG,World Class,12,-0.507,-0.25,-0.3042,0.2941,-1.0833,0.0694,0.6602,0.25,-1.724,"2016,2018,2019,2022,2023"
judge_corps_caption,c-armbruster-1,Chad Armbruster,001j000000iwwsraal,Bluecoats,MB,World Class,5,-0.788,-0.9382,-0.3031,0.7712,-2.2995,0.7235,1.2115,0.4,-1.0218,"2017,2019,2025"
judge_corps_caption,c-nelson-1,Carl Nelson,001j000000iwxakaa1,Vanguard Cadets,GE1,Open Class,8,0.6058,1.2773,0.3029,0.2335,0.148,1.0636,0.737,0.875,2.5939,"2014,2015,2017,2018,2019,2022"
judge_corps_caption,t-ochran-1,Timothy Ochran,001j000000iwx97aad,Colt Cadets,VA,Open Class,7,0.6485,0.4662,0.3026,0.3456,-0.0289,1.3259,0.9822,0.8571,1.8764,"2013,2015,2018,2019"
judge_corps_caption,j-bell-1,John Bell,001j000000iwxa0aal,Legends,GE2,Open Class,5,-0.7849,-0.7531,-0.3019,0.8877,-2.5247,0.955,1.1153,0.4,-0.8842,"2013,2015,2017,2018"
judge_corps_caption,a-kristensen-1,Allan Kristensen,001j000000iwxakaa1,Vanguard Cadets,MA,Open Class,6,-0.704,-0.5493,-0.3017,0.8794,-2.4277,1.0197,1.5964,0.6667,-0.8005,"2014,2016,2022"
judge_corps_caption,m-stone-1,Michael Stone,001j000000iwxa5aal,Music City,GE1,Open Class,8,0.6026,0.4703,0.3013,0.1369,0.3344,0.8709,0.6449,0.875,4.4027,"2015,2018,2019,2022"
judge_corps_caption,n-jones-1,Nola Jones,001j000000iwxa5aal,Music City,GE2,Open Class,14,0.4728,0.4717,0.3009,0.2101,0.061,0.8847,0.6932,0.8571,2.2502,"2013,2016,2017,2018,2019,2022,2024,2025"
judge_corps_caption,j-harper-1,Jeff Harper,001j000000iwxajaa1,Troopers,MB,World Class,6,0.7004,0.6069,0.3002,0.123,0.4594,0.9414,0.7004,1,5.6958,"2013,2016,2017,2019,2022,2023"
judge_corps_caption,r-greenwell-1,Randy Greenwell,001j000000iwxakaa1,Vanguard Cadets,GE2,Open Class,6,-0.7003,-0.5588,-0.3001,0.945,-2.5525,1.1519,1.7327,0.6667,-0.7411,"2013,2014,2016,2018,2019"
judge_corps_caption,c-rothe-1,Caleb Rothe,001j000000iwxa3aal,Mandarins,MP,World Class,15,-0.4598,-0.5962,-0.2999,0.305,-1.0577,0.1381,0.9015,0.4667,-1.5074,"2013,2014,2015,2016,2017,2023,2024,2025"
judge_corps_caption,c-romanowski-1,Chris Romanowski,001j000000iwxa2aal,Louisiana Stars,MP,Open Class,5,-0.7796,-0.5559,-0.2999,0.6959,-2.1436,0.5844,1.3323,0.4,-1.1203,"2016,2017,2019"
judge_corps_caption,j-sturgeon-1,Jim Sturgeon,001j000000iwxa0aal,Legends,VP,Open Class,6,0.6987,0.9725,0.2995,0.1967,0.3132,1.0843,0.6987,1,3.5524,"2013,2015"
judge_corps_caption,c-romanowski-1,Chris Romanowski,001j000000iwxabaa1,Southwind,MA,Open Class,7,-0.6418,-0.3551,-0.2995,0.5926,-1.8033,0.5198,1.1314,0.5714,-1.0829,"2018,2019,2023"
judge_corps_caption,c-nelson-1,Carl Nelson,001j000000iwx9qaad,Golden Empire,VA,Open Class,13,-0.4832,-0.6466,-0.2991,0.3731,-1.2144,0.2481,0.9544,0.3846,-1.295,"2015,2016,2017,2018,2019,2022,2023,2024"
judge_corps_caption,j-harper-1,Jeff Harper,001j000000iwwsqaal,Blue Stars,MA,World Class,9,-0.5648,-0.6835,-0.299,0.6461,-1.8313,0.7016,1.1553,0.7778,-0.8742,"2015,2023,2024,2025"
judge_corps_caption,m-mullinix-1,Max Mullinix,racine-scouts,Racine Scouts,MP,Open Class,6,-0.6975,-0.6144,-0.2989,0.6835,-2.037,0.6421,1.187,0.3333,-1.0205,"2014,2015"
judge_corps_caption,w-dillon-1,Wayne Dillon,001j000000iwxa3aal,Mandarins,MB,World Class,10,-0.5378,-0.5025,-0.2988,0.3626,-1.2485,0.1728,1.0682,0.3,-1.4834,"2014,2016,2017,2018,2023,2024,2025"
judge_corps_caption,k-miller-1,Kyle Miller,001j000000iwxa5aal,Music City,GE1,Open Class,19,0.4237,0.1835,0.2982,0.1654,0.0996,0.7479,0.6125,0.7368,2.562,"2013,2015,2016,2018,2019,2022,2023,2024,2025"
judge_corps_caption,w-dillon-1,Wayne Dillon,001j000000iwx9taad,Heat Wave,GE2,Open Class,5,0.7751,0.6335,0.2981,0.2276,0.329,1.2212,0.7751,1,3.4054,"2015,2018,2019,2023"
judge_corps_caption,m-czapinksi-1,Marie Czapinksi,001j000000i6kfgaan,The Cadets,CG,World Class,5,0.7746,0.3103,0.2979,0.1189,0.5415,1.0076,0.7746,1,6.5144,"2013,2014,2015"
judge_corps_caption,m-mullinix-1,Max Mullinix,001j000000iwxa8aal,Pioneer,MP,World Class,7,-0.6377,-0.5608,-0.2976,0.4775,-1.5737,0.2983,0.8638,0.5714,-1.3354,"2013,2014,2015"
judge_corps_caption,j-brooks-1,Jeff Brooks,001j000000iwxa3aal,Mandarins,MP,World Class,16,0.4457,0.8036,0.2971,0.0883,0.2725,0.6188,0.4513,0.9375,5.0451,"2018,2019,2022,2023,2024,2025"
judge_corps_caption,t-ochran-1,Timothy Ochran,001j000000qzs1qaaf,River City Rhythm,VA,Open Class,5,0.7714,0.6961,0.2967,0.5355,-0.2781,1.821,1.0763,0.8,1.4406,"2018,2019"
judge_corps_caption,j-wilson-1,Jeff Wilson,001j000000iwx98aad,Colts,MP,World Class,7,0.6355,0.3703,0.2966,0.2136,0.2168,1.0542,0.7259,0.7143,2.9748,"2016,2018,2019,2022,2023,2024"
judge_corps_caption,p-haines-1,Phillip Haines,001j000000iwx9paad,Gold,MB,Open Class,8,-0.5931,-0.5896,-0.2965,0.9357,-2.427,1.2409,1.771,0.75,-0.6338,"2013,2019,2022,2024,2025"
judge_corps_caption,m-howard-1,Mike Howard,001j0000012y6bqaac,The Battalion,GE2,Open Class,6,-0.6914,-0.2573,-0.2963,0.4626,-1.5981,0.2153,0.9322,0.1667,-1.4945,"2023,2024,2025"
judge_corps_caption,k-miller-1,Kyle Miller,001j000000iwxaeaa1,The Academy,VP,World Class,11,-0.5114,-0.5363,-0.2961,0.5418,-1.5734,0.5505,1.0413,0.5455,-0.9439,"2013,2015,2016,2017,2018,2022,2023,2024"
judge_corps_caption,j-gilley-1,Jackie Gilley,001j000000i6lenaa3,Madison Scouts,VP,World Class,7,-0.6342,-0.4391,-0.296,0.6001,-1.8104,0.542,0.9676,0.4286,-1.0569,"2013,2016,2018,2019,2022,2023,2025"
judge_corps_caption,d-deems-1,Don Deems,001j000000iwx97aad,Colt Cadets,CG,Open Class,9,0.5591,1.4516,0.296,0.1864,0.1938,0.9244,0.7095,0.7778,2.9995,"2014,2017,2018,2022,2023"
judge_corps_caption,t-fox-1,Todd Fox,001j000000iwwslaal,7th Regiment,MP,Open Class,6,-0.689,-0.4655,-0.2953,0.3366,-1.3489,-0.0292,0.689,0,-2.0468,"2014,2016,2017"
judge_corps_caption,k-giese-1,Ken Giese,001j000000iwwsoaal,Blue Knights,VP,World Class,5,-0.7676,-0.9213,-0.2952,1.4717,-3.652,2.1169,2.3026,0.6,-0.5216,"2013,2014,2016"
judge_corps_caption,c-rothe-1,Caleb Rothe,001j000000iwxa3aal,Mandarins,GE2,World Class,15,-0.4525,-0.343,-0.2951,0.4042,-1.2448,0.3398,0.7357,0.7333,-1.1194,"2014,2016,2017,2018,2022,2023,2024,2025"
judge_corps_caption,j-sturgeon-1,Jim Sturgeon,001j000000i6lenaa3,Madison Scouts,VA,World Class,11,-0.5087,-0.5803,-0.2945,0.6325,-1.7485,0.7311,1.4625,0.7273,-0.8042,"2014,2017,2018,2019,2024,2025"
judge_corps_caption,c-nelson-1,Carl Nelson,001j000000i6i9saav,Blue Devils,VP,World Class,20,-0.4122,-0.1691,-0.2944,0.4474,-1.2891,0.4646,1.2163,0.75,-0.9214,"2013,2014,2015,2016,2017,2018,2019,2022,2023"
judge_corps_caption,m-leitzke-1,Mike Leitzke,001j000000iwx9waad,Jersey Surf,MP,World Class,14,0.4626,0.2552,0.2944,0.216,0.0394,0.8859,0.8312,0.7143,2.1422,"2015,2016,2017,2019,2022"
judge_corps_caption,a-cook-1,Andrew Cook,001j000000iwxakaa1,Vanguard Cadets,MB,Open Class,5,0.7653,0.6482,0.2944,0.2692,0.2377,1.293,0.7653,1,2.8429,"2015,2017,2022"
judge_corps_caption,a-cook-1,Andrew Cook,001j000000iwxa7aal,Pacific Crest,MB,World Class,7,0.6305,0.5334,0.2942,0.241,0.1581,1.1029,0.654,0.8571,2.616,"2013,2015,2017,2019,2025"
judge_corps_caption,g-fugett-1,Glenn Fugett,001j000000iwx9oaad,Genesis,GE2,Open Class,15,-0.4508,-0.6953,-0.294,0.3367,-1.1107,0.2091,0.9947,0.4667,-1.3389,"2014,2015,2016,2017,2018,2019,2022,2023,2024,2025"
judge_corps_caption,g-fugett-1,Glenn Fugett,001j000000iwxadaa1,Spirit of Atlanta,GE2,World Class,19,0.4176,0.2764,0.2939,0.1343,0.1544,0.6809,0.6303,0.8421,3.1095,"2013,2014,2016,2017,2018,2019,2023,2024,2025"
judge_corps_caption,n-jones-1,Nola Jones,001j000000iwxa3aal,Mandarins,MA,World Class,10,0.5289,0.035,0.2938,0.2306,0.0768,0.981,0.7329,0.8,2.2932,"2014,2015,2016,2018,2019,2022,2024"
judge_corps_caption,d-davis-1,Darrin Davis,001j000000i6jmbaaf,Blue Devils B,GE2,Open Class,5,-0.7639,-1.2236,-0.2938,0.9951,-2.7144,1.1865,1.3492,0.6,-0.7677,"2015,2016,2023"
judge_corps_caption,k-giese-1,Ken Giese,001j000000iwx91aad,Carolina Crown,VA,World Class,20,-0.411,-0.1749,-0.2936,0.3739,-1.1439,0.322,0.9574,0.6,-1.099,"2013,2014,2015,2016,2017,2018,2019"
judge_corps_caption,s-page-1,Steven Page,001j000000iwxa1aal,Les Stentors,MB,Open Class,9,-0.5544,-0.2569,-0.2935,0.3761,-1.2915,0.1827,0.9475,0.4444,-1.4742,"2013,2014,2016,2017"
judge_corps_caption,j-harper-1,Jeff Harper,001j000000i6lenaa3,Madison Scouts,MB,World Class,13,-0.4738,-0.5884,-0.2933,0.5026,-1.4589,0.5113,1.0356,0.6923,-0.9427,"2013,2014,2015,2016,2017,2019,2022,2023"
judge_corps_caption,m-leitzke-1,Mike Leitzke,001j000000iwwssaal,Boston Crusaders,MP,World Class,26,-0.3833,-0.5525,-0.2931,0.3723,-1.1131,0.3465,1.2092,0.6538,-1.0294,"2015,2016,2017,2018,2019,2022,2023,2024,2025"
judge_corps_caption,c-moss-1,Chris Moss,001j000000iwx9paad,Gold,VP,Open Class,6,0.6835,0.7233,0.2929,0.4987,-0.2939,1.661,1.1393,0.6667,1.3706,"2016,2018,2022,2024"
judge_corps_caption,t-slaughter-1,Tom Slaughter,001j000000iwx9saad,Guardians,VA,Open Class,5,-0.7612,-0.5603,-0.2928,0.3352,-1.4182,-0.1041,0.8429,0.2,-2.2706,"2019,2022,2023"
judge_corps_caption,c-moss-1,Chris Moss,001j000000iwxadaa1,Spirit of Atlanta,VP,World Class,19,-0.416,-0.2264,-0.2927,0.2346,-0.8757,0.0438,0.8237,0.4737,-1.7734,"2014,2015,2016,2017,2018,2019,2024,2025"
judge_corps_caption,m-griffin-1,Marty Griffin,001j000000iwx9paad,Gold,MP,Open Class,13,-0.472,-0.5451,-0.2922,0.4529,-1.3598,0.4157,1.2854,0.5385,-1.0421,"2013,2014,2015,2016,2018,2019,2022,2025"
judge_corps_caption,j-howell-1,John Howell,001j000000iwwsqaal,Blue Stars,CG,World Class,7,0.6253,0.6375,0.2918,0.114,0.4019,0.8486,0.6253,1,5.4868,"2013,2014,2017,2019,2023"
judge_corps_caption,h-nguyen-1,Hieu Nguyen,001j000000iwxacaa1,Spartans,CG,Open Class,7,-0.6254,-0.5754,-0.2918,0.7106,-2.0182,0.7675,1.0682,0.4286,-0.88,"2017,2018,2019,2022,2024"
judge_corps_caption,g-fugett-1,Glenn Fugett,001j000000iwxaeaa1,The Academy,MA,World Class,7,-0.6242,-1.1432,-0.2913,0.6637,-1.925,0.6766,1.29,0.4286,-0.9406,"2015,2017,2022,2023,2024"
judge_corps_caption,m-czapinksi-1,Marie Czapinksi,001j000000iwwsoaal,Blue Knights,GE1,World Class,7,-0.6232,-1.1629,-0.2908,1.0772,-2.7346,1.4882,2.0931,0.7143,-0.5785,"2013,2014,2015"
judge_corps_caption,b-kuhn-1,Blair Kuhn,001j000000iwwssaal,Boston Crusaders,VA,World Class,14,-0.4564,-0.6667,-0.2904,0.4785,-1.3943,0.4815,1.2619,0.5714,-0.9538,"2017,2018,2019,2022,2023,2024"
judge_corps_caption,b-mascaro-1,Bret Mascaro,001j000000iwwsoaal,Blue Knights,VP,World Class,8,0.5806,0.4121,0.2903,0.1731,0.2412,0.9199,0.663,0.875,3.3531,"2013,2014,2016,2018"
judge_corps_caption,m-hoskins-1,Mark Hoskins,001j000000iwxa0aal,Legends,MB,Open Class,7,0.6219,0.8785,0.2902,0.1368,0.3537,0.8901,0.6219,1,4.5447,"2015,2017,2019"
judge_corps_caption,m-mast-1,Monte Mast,001j000000iwxa2aal,Louisiana Stars,MA,Open Class,5,0.7543,0.7539,0.2901,0.4081,-0.0455,1.554,0.7803,0.6,1.8484,"2016,2017"
judge_corps_caption,b-fabrizio-1,Beth Fabrizio,001j000000iwxacaa1,Spartans,MB,Open Class,13,-0.4683,-0.1043,-0.2899,0.6954,-1.8314,0.8947,1.4267,0.7692,-0.6734,"2013,2014,2019,2022,2023,2024"
judge_corps_caption,a-kristensen-1,Allan Kristensen,001j000000iwxakaa1,Vanguard Cadets,GE2,Open Class,5,-0.7531,0.0059,-0.2897,0.9373,-2.5902,1.084,1.622,0.6,-0.8035,"2013,2015,2018,2019"
judge_corps_caption,g-fugett-1,Glenn Fugett,001j000000iwx9qaad,Golden Empire,GE2,Open Class,6,-0.6754,-1.2307,-0.2895,0.8073,-2.2577,0.9069,1.3773,0.6667,-0.8366,"2014,2017,2018,2022,2023"
judge_corps_caption,s-halquist-1,Shawn Halquist,001j000000iwxacaa1,Spartans,MB,Open Class,6,0.6755,1.0196,0.2895,0.138,0.405,0.9459,0.6755,1,4.8947,"2018,2022,2023,2025"
judge_corps_caption,d-davis-1,Darrin Davis,001j000000iwwsoaal,Blue Knights,GE2,World Class,21,-0.3996,-0.5162,-0.2894,0.3777,-1.14,0.3408,1.0019,0.619,-1.0579,"2013,2014,2015,2016,2017,2023,2024,2025"
judge_corps_caption,j-sturgeon-1,Jim Sturgeon,001j000000iwxadaa1,Spirit of Atlanta,VA,World Class,5,0.7524,0.6834,0.2894,0.1956,0.369,1.1357,0.7524,1,3.8467,"2014,2017,2018,2024"
judge_corps_caption,t-landess-1,Tim Landess,001j000000iwxa5aal,Music City,VP,World Class,5,-0.7524,-1.4428,-0.2894,0.8801,-2.4774,0.9725,1.5539,0.6,-0.8549,"2019,2022,2024"
judge_corps_caption,r-greenwell-1,Randy Greenwell,001j000000iwxa0aal,Legends,MA,Open Class,7,-0.619,-0.4077,-0.2888,0.7726,-2.1333,0.8954,0.9558,0.4286,-0.8011,"2013,2014,2015,2016,2018,2022"
judge_corps_caption,s-page-1,Steven Page,001j000000iwxabaa1,Southwind,MB,Open Class,6,-0.6738,-0.2246,-0.2888,0.2624,-1.1881,-0.1594,0.8211,0.1667,-2.5674,"2017,2018,2019"
judge_corps_caption,k-baker-1,Keith Baker,001j000000iwx98aad,Colts,VA,World Class,14,-0.4531,-0.5252,-0.2883,0.3669,-1.1723,0.2661,0.8401,0.5714,-1.2348,"2013,2015,2018,2019,2022,2024,2025"
judge_corps_caption,j-sturgeon-1,Jim Sturgeon,001j000000h3xrnaav,Phantom Regiment,VA,World Class,10,-0.5188,-0.5702,-0.2882,0.5492,-1.5953,0.5577,1.2311,0.6,-0.9445,"2014,2016,2018,2019,2023,2024"
judge_corps_caption,r-solomon-1,Robert Solomon,001j000000iwwssaal,Boston Crusaders,CG,World Class,15,0.4415,0.5737,0.288,0.0723,0.2998,0.5833,0.4415,1,6.1056,"2013,2014,2015,2016,2017,2018,2022,2023,2024,2025"
judge_corps_caption,j-howell-1,John Howell,001j000000iwwsoaal,Blue Knights,GE1,World Class,18,0.4157,0.396,0.2878,0.0812,0.2566,0.5748,0.4254,0.9444,5.1217,"2013,2015,2016,2017,2018,2019,2022,2023,2025"
judge_corps_caption,m-mcgahey-1,Mark McGahey,001j000000iwwssaal,Boston Crusaders,MB,World Class,6,0.6705,0.262,0.2874,0.2883,0.1054,1.2357,0.8884,0.8333,2.3254,"2013,2014,2016,2025"
judge_corps_caption,j-webb-1,Jay Webb,001j000000iwxa7aal,Pacific Crest,GE2,World Class,8,-0.5746,-0.7288,-0.2873,0.3914,-1.3417,0.1925,0.8138,0.375,-1.4682,"2013,2015,2019,2023,2025"
judge_corps_caption,m-czapinksi-1,Marie Czapinksi,001j000000iwxa3aal,Mandarins,GE1,World Class,6,-0.67,-1.1832,-0.2871,1.0072,-2.6441,1.3041,1.837,0.5,-0.6652,"2013,2014,2015"
judge_corps_caption,w-dillon-1,Wayne Dillon,001j000000qzs1qaaf,River City Rhythm,GE2,Open Class,6,0.6694,0.5907,0.2869,0.235,0.2089,1.13,0.7747,0.8333,2.8489,"2015,2018,2019,2023"
judge_corps_caption,c-moss-1,Chris Moss,001j000000iwxa2aal,Louisiana Stars,VP,Open Class,7,-0.6145,-0.4741,-0.2868,0.5031,-1.6006,0.3717,1.1564,0.2857,-1.2213,"2016,2018,2019,2022"
judge_corps_caption,j-webb-1,Jay Webb,001j000000iwxajaa1,Troopers,MA,World Class,9,-0.5407,-0.6037,-0.2863,0.5901,-1.6974,0.6159,1.0527,0.4444,-0.9163,"2014,2018,2022,2023,2024"
judge_corps_caption,m-stone-1,Michael Stone,001j000000iwxa5aal,Music City,CG,Open Class,5,0.7432,-0.0546,0.2858,0.6809,-0.5914,2.0778,1.2623,0.6,1.0914,"2014,2015,2016,2022"
judge_corps_caption,m-mcgahey-1,Mark McGahey,001j000000iwwsraal,Bluecoats,MA,World Class,5,0.7425,0.5424,0.2856,0.1202,0.5069,0.9781,0.7425,1,6.1777,"2014,2015,2016"
judge_corps_caption,n-jones-1,Nola Jones,001j000000iwx97aad,Colt Cadets,GE2,Open Class,10,0.5139,0.5445,0.2855,0.2096,0.1032,0.9247,0.6821,0.8,2.4524,"2016,2017,2018,2019,2023,2024,2025"
judge_corps_caption,m-turner-1,Michael Turner,001j000000iwx9paad,Gold,VP,Open Class,7,0.6117,0.4982,0.2855,0.4228,-0.2169,1.4404,0.8794,0.5714,1.4469,"2022,2023,2024,2025"
judge_corps_caption,m-mast-1,Monte Mast,001j000000iwx97aad,Colt Cadets,MA,Open Class,6,-0.6658,-0.6705,-0.2854,0.6772,-1.9931,0.6615,1.3626,0.5,-0.9832,"2014,2015,2016,2017"
judge_corps_caption,m-turner-1,Michael Turner,001j000000iwx9qaad,Golden Empire,CG,Open Class,7,0.6117,0.2555,0.2854,0.3888,-0.1504,1.3737,1.0137,0.7143,1.5732,"2016,2017,2022,2023,2025"
judge_corps_caption,c-guard-1,Color Guard,001j000000iwx98aad,Colts,VP,World Class,9,-0.5382,-0.8034,-0.2849,0.6607,-1.8332,0.7568,1.4358,0.6667,-0.8146,"2014,2015,2017,2018,2019"
judge_corps_caption,j-kennedy-1,Jay Kennedy,001j000000i6i9saav,Blue Devils,GE2,World Class,11,-0.4915,-0.6642,-0.2846,0.6427,-1.7513,0.7682,1.2809,0.7273,-0.7647,"2013,2014,2015,2017,2018,2019"
judge_corps_caption,m-davis-1,Mike Davis,001j000000iwxa0aal,Legends,MP,Open Class,14,-0.4471,-0.0085,-0.2845,0.4043,-1.2396,0.3454,0.8433,0.5714,-1.1058,"2013,2014,2015,2016,2017,2018"
judge_corps_caption,k-baker-1,Keith Baker,001j000000iwx9aaat,Crossmen,VA,World Class,9,-0.537,-0.6186,-0.2843,0.5997,-1.7124,0.6384,1.0308,0.4444,-0.8955,"2013,2018,2019,2023,2024"
judge_corps_caption,c-costanza-1,Curtis Costanza,001j000000iwxakaa1,Vanguard Cadets,GE1,Open Class,14,0.4464,1.0696,0.284,0.2864,-0.1151,1.0078,0.8953,0.7857,1.5582,"2013,2014,2015,2016"
judge_corps_caption,j-kennedy-1,Jay Kennedy,001j000000iwxa3aal,Mandarins,GE2,World Class,9,-0.5358,-0.6953,-0.2837,0.7084,-1.9244,0.8527,1.4979,0.5556,-0.7564,"2014,2015,2016,2017,2018,2019,2022,2025"
judge_corps_caption,m-bowers-1,Michele Bowers,001j000000iwxa7aal,Pacific Crest,CG,World Class,6,0.6616,0.7264,0.2836,0.105,0.4557,0.8675,0.6616,1,6.2987,"2014,2015,2016,2017,2018"
judge_corps_caption,m-turner-1,Michael Turner,001j000000iwx97aad,Colt Cadets,CG,Open Class,6,0.6612,0.2245,0.2834,0.5067,-0.3319,1.6543,1.2751,0.6667,1.3049,"2013,2015,2017,2023,2025"
judge_corps_caption,m-stone-1,Michael Stone,001j000000iwwsoaal,Blue Knights,GE1,World Class,24,0.3779,0.2009,0.2834,0.0958,0.1901,0.5657,0.522,0.7917,3.9433,"2013,2014,2015,2016,2017,2018,2019,2022"
judge_corps_caption,k-miller-1,Kyle Miller,001j000000i6kfgaan,The Cadets,GE1,World Class,17,0.4165,0.4852,0.2832,0.0801,0.2594,0.5735,0.439,0.9412,5.1975,"2013,2015,2016,2017,2018,2019,2022,2023"
judge_corps_caption,m-lentz-1,Michael Lentz,001j000000iwxajaa1,Troopers,CG,World Class,5,-0.7361,-0.4071,-0.2831,0.9348,-2.5684,1.0962,1.1718,0.6,-0.7874,"2013,2016,2017"
judge_corps_caption,m-teal-1,Mark Teal,001j000000iwx93aad,Seattle Cascades,MP,World Class,7,-0.6063,-0.2712,-0.2829,0.4044,-1.3989,0.1864,0.656,0.2857,-1.4991,"2017,2023,2024,2025"
judge_corps_caption,j-sturgeon-1,Jim Sturgeon,001j000000iwx97aad,Colt Cadets,VP,Open Class,6,0.6598,0.9434,0.2828,0.2205,0.2277,1.092,0.7293,0.8333,2.9928,"2013,2015,2025"
judge_corps_caption,m-kelly-1,Mickey Kelly,001j000000iwx9waad,Jersey Surf,GE1,World Class,14,-0.4441,-0.5371,-0.2826,0.3855,-1.1996,0.3114,1.0178,0.5714,-1.1521,"2013,2014,2015,2016,2017,2019"
judge_corps_caption,r-solomon-1,Robert Solomon,001j000000h3xwcaav,Santa Clara Vanguard,CG,World Class,19,-0.4013,-0.2626,-0.2824,0.3356,-1.0591,0.2565,0.7649,0.6316,-1.1958,"2014,2015,2016,2017,2018,2019,2022,2024"
judge_corps_caption,w-dillon-1,Wayne Dillon,001j000000i6jmbaaf,Blue Devils B,GE2,Open Class,8,-0.5647,-0.692,-0.2824,0.6511,-1.8409,0.7115,1.3224,0.5,-0.8673,"2014,2015,2018,2023,2024"
judge_corps_caption,a-combites-1,Andy Combites,001j000000qzs1qaaf,River City Rhythm,VP,Open Class,8,-0.5648,-0.4229,-0.2824,0.7875,-2.1082,0.9786,1.845,0.5,-0.7172,"2016,2017,2018,2022"
judge_corps_caption,g-howarth-1,Gifford Howarth,001j000000iwwsoaal,Blue Knights,MP,World Class,13,0.4552,0.6685,0.2818,0.0914,0.276,0.6345,0.4712,0.8462,4.9789,"2013,2014,2015,2016,2017,2018,2019,2023"
judge_corps_caption,w-chumley-1,William Chumley,001j000000iwxa5aal,Music City,VP,Open Class,7,0.6038,0.6454,0.2818,0.2737,0.0674,1.1403,0.6963,0.8571,2.2061,"2013,2014,2017,2018,2019,2023"
judge_corps_caption,j-harper-1,Jeff Harper,001j000000iwx9qaad,Golden Empire,MB,Open Class,6,0.6576,0.7541,0.2818,0.1981,0.2693,1.046,0.6576,1,3.3193,"2014,2017,2018"
judge_corps_caption,j-sturgeon-1,Jim Sturgeon,001j000000iwx9vaad,Incognito,VP,Open Class,5,-0.7325,-0.2603,-0.2817,0.5717,-1.853,0.388,0.9136,0.4,-1.2812,"2014,2015,2016,2018"
judge_corps_caption,t-ochran-1,Timothy Ochran,001j000000iwxaeaa1,The Academy,GE1,World Class,11,-0.4859,-1.0508,-0.2813,0.4158,-1.3009,0.3292,1.0932,0.2727,-1.1684,"2013,2016,2017,2018,2019,2023,2024,2025"
judge_corps_caption,g-fugett-1,Glenn Fugett,001j000000i6i9saav,Blue Devils,MA,World Class,8,-0.5626,-1.0684,-0.2813,0.7329,-1.9991,0.874,1.5461,0.625,-0.7675,"2014,2015,2017,2022,2023,2025"
judge_corps_caption,c-moss-1,Chris Moss,001j000000qzs1qaaf,River City Rhythm,VP,Open Class,5,0.7314,0.8407,0.2813,0.4555,-0.1613,1.6241,0.9056,0.6,1.6059,"2016,2018,2022"
judge_corps_caption,b-fabrizio-1,Beth Fabrizio,001j000000iwxafaa1,The Cavaliers,MB,World Class,11,-0.4854,-0.4393,-0.281,0.5333,-1.5306,0.5598,1.2166,0.6364,-0.9103,"2014,2017,2018,2022,2023"
judge_corps_caption,h-nguyen-1,Hieu Nguyen,001j000000iwwslaal,7th Regiment,CG,Open Class,8,-0.5619,-0.5016,-0.2809,0.7673,-2.0659,0.9421,1.4517,0.75,-0.7323,"2017,2018,2022,2024,2025"
judge_corps_caption,r-solomon-1,Robert Solomon,001j000000iwwsqaal,Blue Stars,CG,World Class,15,0.4305,0.5461,0.2808,0.0855,0.2629,0.5981,0.4305,1,5.0334,"2014,2015,2016,2017,2018,2019,2022,2023,2024"
judge_corps_caption,d-deems-1,Don Deems,001j000000iwxajaa1,Troopers,GE1,World Class,8,0.5616,0.6151,0.2808,0.0597,0.4446,0.6786,0.5616,1,9.4093,"2016,2023,2024,2025"
judge_corps_caption,f-morris-1,Frank Morris,001j000000iwxa6aal,Oregon Crusaders,GE1,World Class,6,0.655,0.9471,0.2807,0.3572,-0.0452,1.3552,0.7228,0.8333,1.8336,"2013,2015,2016"
judge_corps_caption,r-solomon-1,Robert Solomon,001j000000iwxa6aal,Oregon Crusaders,CG,World Class,7,-0.6011,-0.4824,-0.2805,0.5481,-1.6754,0.4733,0.6864,0.4286,-1.0966,"2014,2015,2016,2017,2018"
judge_corps_caption,w-chumley-1,William Chumley,001j000000iwxajaa1,Troopers,VP,World Class,9,-0.5296,-0.5977,-0.2804,0.6335,-1.7713,0.7121,1.3007,0.6667,-0.8359,"2014,2017,2018,2019,2024"
judge_corps_caption,m-thompson-1,Michael Thompson,001j000000iwxaeaa1,The Academy,CG,World Class,11,0.4841,0.707,0.2803,0.1396,0.2105,0.7577,0.5062,0.8182,3.4678,"2014,2016,2017,2018,2019,2025"
judge_corps_caption,a-combites-1,Andy Combites,001j000000iwx98aad,Colts,VP,World Class,5,-0.728,-0.7911,-0.28,0.9248,-2.5405,1.0845,1.3426,0.4,-0.7872,"2016,2018,2022"
judge_corps_caption,j-ausdemore-1,Jeff Ausdemore,001j000000iwx97aad,Colt Cadets,MP,Open Class,8,-0.5597,-0.6733,-0.2798,0.8562,-2.2379,1.1185,1.4485,0.375,-0.6537,"2016,2018,2019"
judge_corps_caption,c-dillon-1,Christine Dillon,001j000000h3xrnaav,Phantom Regiment,CG,World Class,6,0.6529,0.3579,0.2798,0.1485,0.3618,0.9441,0.6529,1,4.3958,"2016,2017,2018,2019,2022"
judge_corps_caption,m-turner-1,Michael Turner,001j000000i6i9saav,Blue Devils,CG,World Class,16,-0.4196,-0.2573,-0.2797,0.3149,-1.0367,0.1976,0.8648,0.5,-1.3325,"2014,2015,2016,2017,2018,2023,2024"
judge_corps_caption,w-dillon-1,Wayne Dillon,001j000000iwx98aad,Colts,MA,World Class,10,0.5033,0.4567,0.2796,0.0873,0.3323,0.6744,0.5033,1,5.7667,"2013,2017,2019,2022,2023,2025"
judge_corps_caption,j-davila-1,Julie Davila,001j000000iwx97aad,Colt Cadets,MP,Open Class,8,-0.559,-0.8271,-0.2795,0.5328,-1.6034,0.4853,1.1676,0.375,-1.0491,"2017,2022,2023,2024"
judge_corps_caption,r-kemp-1,Richard Kemp,001j000000h3xwcaav,Santa Clara Vanguard,GE1,World Class,17,0.4107,0.2645,0.2793,0.1084,0.1982,0.6233,0.5076,0.8824,3.7883,"2013,2014,2015,2016,2017"
judge_corps_caption,r-greenwell-1,Randy Greenwell,001j000000iwwssaal,Boston Crusaders,GE2,World Class,7,0.5978,0.2766,0.279,0.1297,0.3436,0.852,0.5978,1,4.6087,"2013,2014,2015,2017"
judge_corps_caption,b-kuhn-1,Blair Kuhn,001j000000iwxa8aal,Pioneer,VA,World Class,6,-0.651,-0.9229,-0.279,0.7178,-2.0579,0.7559,1.1954,0.6667,-0.9069,"2017,2018"
judge_corps_caption,w-chumley-1,William Chumley,001j000000iwxaeaa1,The Academy,VP,World Class,9,-0.5263,-0.604,-0.2787,0.548,-1.6003,0.5476,1.216,0.6667,-0.9606,"2014,2017,2018,2019,2023,2024,2025"
judge_corps_caption,c-dillon-1,Christine Dillon,001j000000iwx9paad,Gold,VA,Open Class,5,-0.7237,-0.1104,-0.2783,0.8996,-2.4869,1.0396,1.3629,0.2,-0.8044,"2013,2014,2015,2016,2017"
judge_corps_caption,j-gilley-1,Jackie Gilley,001j000000iwx97aad,Colt Cadets,CG,Open Class,6,-0.6495,-0.4395,-0.2783,0.7371,-2.0943,0.7953,1.5004,0.5,-0.8811,"2017,2018,2019,2022,2023"
judge_corps_caption,a-kristensen-1,Allan Kristensen,001j000000iwxafaa1,The Cavaliers,MP,World Class,12,0.4633,-0.181,0.278,0.4488,-0.4162,1.3429,1.1816,0.9167,1.0325,"2014,2015,2016,2018,2019,2023"
judge_corps_caption,j-gilley-1,Jackie Gilley,001j000000i6lenaa3,Madison Scouts,CG,World Class,6,-0.6483,-0.5516,-0.2779,0.5709,-1.7673,0.4707,0.9484,0.3333,-1.1356,"2013,2014,2015,2022"
judge_corps_caption,j-orefice-1,Juno Orefice,001j000000iwx91aad,Carolina Crown,VP,World Class,33,-0.3453,-0.5254,-0.2779,0.3536,-1.0384,0.3477,1.349,0.7879,-0.9766,"2013,2014,2015,2016,2017,2018,2019,2024,2025"
judge_corps_caption,m-mcgahey-1,Mark McGahey,001j000000i6lenaa3,Madison Scouts,MB,World Class,5,0.7217,0.2831,0.2776,0.0926,0.5402,0.9031,0.7217,1,7.796,"2013,2014,2022"
judge_corps_caption,j-sturgeon-1,Jim Sturgeon,001j000000iwx9paad,Gold,VA,Open Class,10,-0.4994,0.1695,-0.2775,0.4412,-1.3642,0.3654,1.1562,0.3,-1.1319,"2013,2014,2015,2016,2018,2024,2025"
judge_corps_caption,c-guard-1,Color Guard,001j000000iwxabaa1,Southwind,CG,Open Class,8,-0.5546,-1.2012,-0.2773,0.2098,-0.9658,-0.1435,0.623,0.25,-2.6438,"2017,2018,2019,2022,2023"
judge_corps_caption,k-miller-1,Kyle Miller,001j000000iwx9oaad,Genesis,GE1,Open Class,12,-0.462,-0.4906,-0.2772,0.2137,-0.881,-0.0431,0.6279,0.3333,-2.1616,"2013,2015,2017,2018,2019,2022,2023,2024,2025"
judge_corps_caption,r-kemp-1,Richard Kemp,001j000000iwwsqaal,Blue Stars,GE1,World Class,23,-0.373,-0.5281,-0.2768,0.342,-1.0434,0.2973,0.997,0.5652,-1.0907,"2013,2014,2015,2016,2017,2018,2019"
judge_corps_caption,c-rothe-1,Caleb Rothe,001j000000i6kalaa3,Blue Devils C,MP,Open Class,7,0.5927,0.2509,0.2766,0.3068,-0.0086,1.194,0.8074,0.7143,1.9319,"2013,2022,2023,2024,2025"
judge_corps_caption,p-haines-1,Phillip Haines,001j000000iwxajaa1,Troopers,MB,World Class,8,0.5524,0.3742,0.2762,0.074,0.4072,0.6975,0.5524,1,7.4601,"2013,2015,2018,2019,2023"
judge_corps_caption,p-haines-1,Phillip Haines,001j000000iwwsoaal,Blue Knights,MB,World Class,7,0.591,0.4101,0.2758,0.147,0.3028,0.8792,0.6101,0.8571,4.0199,"2015,2017,2018,2019,2023"
judge_corps_caption,g-oliviero-1,George Oliviero,001j000000iwx98aad,Colts,VA,World Class,10,0.4963,0.3871,0.2757,0.1044,0.2918,0.7008,0.4976,0.9,4.7563,"2013,2014,2018,2019,2022,2023"
judge_corps_caption,c-rothe-1,Caleb Rothe,001j000000iwx9qaad,Golden Empire,GE2,Open Class,9,0.5206,0.26,0.2756,0.2455,0.0395,1.0017,0.7036,0.8889,2.1209,"2014,2016,2017,2018,2019,2022,2023,2025"
judge_corps_caption,p-madden-1,Phil Madden,001j000000iwwsoaal,Blue Knights,VA,World Class,10,-0.4959,-0.2752,-0.2755,0.2796,-1.044,0.0521,0.7149,0.4,-1.7736,"2019,2023,2024,2025"
judge_corps_caption,h-nguyen-1,Hieu Nguyen,001j000000iwwsqaal,Blue Stars,CG,World Class,12,0.4591,0.603,0.2754,0.0548,0.3516,0.5665,0.4591,1,8.3745,"2015,2017,2018,2019,2022"
judge_corps_caption,m-stone-1,Michael Stone,001j0000012tpxmaa2,Shadow,GE1,Open Class,6,0.6427,0.6646,0.2754,0.2151,0.2211,1.0643,0.7078,0.8333,2.9878,"2018,2019"
judge_corps_caption,c-romanowski-1,Chris Romanowski,001j000000iwx9oaad,Genesis,MP,Open Class,11,0.4745,0.5738,0.2747,0.1576,0.1657,0.7833,0.5569,0.6364,3.0115,"2013,2014,2016,2017,2024"
judge_corps_caption,r-kemp-1,Richard Kemp,001j000000i6lenaa3,Madison Scouts,CG,World Class,7,-0.5878,-0.4873,-0.2743,0.8128,-2.1809,1.0054,0.9977,0.7143,-0.7231,"2015,2016,2017,2018"
judge_corps_caption,d-deems-1,Don Deems,001j000000iwx9aaat,Crossmen,GE1,World Class,9,-0.5181,-0.4737,-0.2743,0.4325,-1.3658,0.3296,0.945,0.5556,-1.198,"2016,2017,2019,2022,2024,2025"
judge_corps_caption,j-ausdemore-1,Jeff Ausdemore,001j000000iwx9oaad,Genesis,MP,Open Class,12,-0.4567,-0.5683,-0.274,0.564,-1.5621,0.6487,1.0962,0.4167,-0.8098,"2015,2016,2018,2022"
judge_corps_caption,w-dillon-1,Wayne Dillon,001j000000i6i9saav,Blue Devils,MA,World Class,12,-0.4557,-0.497,-0.2734,0.5784,-1.5895,0.678,1.1233,0.75,-0.7879,"2013,2014,2015,2017,2018,2022,2024,2025"
judge_corps_caption,w-chumley-1,William Chumley,001j000000iwx99aad,Columbians,VA,Open Class,7,0.5854,0.995,0.2732,0.1621,0.2678,0.903,0.6397,0.8571,3.6123,"2016,2022,2025"
judge_corps_caption,m-mcgahey-1,Mark McGahey,001j000000iwxaeaa1,The Academy,GE2,World Class,10,-0.4911,-0.5504,-0.2729,0.3985,-1.2723,0.29,0.8626,0.7,-1.2324,"2014,2017,2019,2023,2025"
judge_corps_caption,r-solomon-1,Robert Solomon,001j000000iwxafaa1,The Cavaliers,CG,World Class,19,0.3878,0.4899,0.2729,0.0894,0.2127,0.563,0.4294,0.7895,4.3397,"2014,2015,2016,2017,2018,2019,2022,2023,2024,2025"
judge_corps_caption,r-isoda-1,Randolph Isoda,001j000000iwx9aaat,Crossmen,MB,World Class,5,0.7093,0.4927,0.2728,0.1622,0.3914,1.0273,0.7093,1,4.3725,"2015,2017,2018"
judge_corps_caption,m-bowers-1,Michele Bowers,001j000000iwx9aaat,Crossmen,CG,World Class,7,-0.5828,-0.5448,-0.272,0.8799,-2.3074,1.1417,1.5973,0.7143,-0.6624,"2015,2017,2018"
judge_corps_caption,m-stone-1,Michael Stone,001j000000iwxa0aal,Legends,GE1,Open Class,8,0.5433,0.3817,0.2717,0.1318,0.285,0.8017,0.5546,0.875,4.1225,"2015,2016,2018,2019"
judge_corps_caption,j-bell-1,John Bell,001j000000iwwssaal,Boston Crusaders,GE2,World Class,18,-0.3923,-0.2226,-0.2716,0.384,-1.145,0.3604,0.8486,0.5,-1.0216,"2013,2015,2016,2017,2018,2019,2022"
judge_corps_caption,p-mcgarr-1,Paul McGarr,001j000000iwxa6aal,Oregon Crusaders,MB,World Class,11,0.4691,0.4217,0.2716,0.0996,0.2739,0.6642,0.4691,1,4.7106,"2013,2014,2015,2016,2017,2018"
judge_corps_caption,j-webb-1,Jay Webb,001j000000iwx9waad,Jersey Surf,MA,World Class,7,0.5816,0.5082,0.2714,0.2161,0.158,1.0051,0.5948,0.8571,2.6912,"2014,2018,2022,2023,2024"
judge_corps_caption,t-fox-1,Todd Fox,001j000000iwxaaaa1,Raiders,MP,Open Class,7,-0.5811,-0.3456,-0.2712,0.2756,-1.1212,-0.0409,0.7766,0.1429,-2.1086,"2014,2016,2017,2022"
judge_corps_caption,c-nelson-1,Carl Nelson,001j000000iwx9uaad,Impulse,VA,Open Class,13,-0.4378,-0.6522,-0.271,0.4043,-1.2302,0.3546,1.0963,0.5385,-1.0828,"2013,2015,2016,2018,2019,2022,2023,2024"
judge_corps_caption,k-baker-1,Keith Baker,001j000000i6i9saav,Blue Devils,VA,World Class,5,0.7033,0.6431,0.2705,0.2485,0.2163,1.1903,0.7033,1,2.8306,"2014,2015,2022,2024"
judge_corps_caption,m-stone-1,Michael Stone,001j000000iwxadaa1,Spirit of Atlanta,GE1,World Class,13,0.4363,0.2452,0.2701,0.0704,0.2983,0.5743,0.4584,0.9231,6.1955,"2014,2015,2016,2017,2018,2019"
judge_corps_caption,j-howell-1,John Howell,001j000000iwx97aad,Colt Cadets,GE1,Open Class,8,-0.5391,-0.6413,-0.2695,0.6725,-1.8571,0.7789,1.0146,0.375,-0.8016,"2013,2014,2015,2016,2018,2024,2025"
judge_corps_caption,j-sturgeon-1,Jim Sturgeon,001j000000iwwslaal,7th Regiment,VP,Open Class,8,0.539,0.8165,0.2695,0.1281,0.2879,0.79,0.5565,0.875,4.2075,"2013,2014,2015,2025"
judge_corps_caption,t-ochran-1,Timothy Ochran,001j000000iwxa6aal,Oregon Crusaders,VA,World Class,10,0.4849,0.2497,0.2694,0.1538,0.1835,0.7863,0.5712,0.8,3.1531,"2013,2014,2015,2016,2017,2018"
judge_corps_caption,w-dillon-1,Wayne Dillon,001j000000iwx9uaad,Impulse,MB,Open Class,7,-0.577,-1.3661,-0.2693,0.771,-2.0883,0.9342,1.4364,0.4286,-0.7484,"2014,2017,2018,2023,2024,2025"
judge_corps_caption,j-kennedy-1,Jay Kennedy,001j000000iwxajaa1,Troopers,GE2,World Class,7,-0.5767,-0.748,-0.2691,0.7613,-2.0688,0.9154,1.5185,0.4286,-0.7575,"2014,2015,2017,2019,2022"
judge_corps_caption,l-carlson-1,Lee Carlson,001j000000h3xwcaav,Santa Clara Vanguard,CG,World Class,6,-0.626,-0.5083,-0.2683,0.9734,-2.534,1.2819,1.1987,0.8333,-0.6431,"2013,2014,2015,2016"
judge_corps_caption,d-bryan-1,Dan Bryan,001j000000iwxafaa1,The Cavaliers,MP,World Class,5,0.6974,0.2771,0.2682,0.0854,0.5301,0.8648,0.6974,1,8.1696,"2013,2017"
judge_corps_caption,b-fabrizio-1,Beth Fabrizio,001j000000iwx97aad,Colt Cadets,MA,Open Class,7,-0.5745,0.0682,-0.2681,0.6681,-1.8839,0.7349,1.141,0.7143,-0.8599,"2013,2014,2016,2023,2025"
judge_corps_caption,r-kemp-1,Richard Kemp,001j000000i6kfgaan,The Cadets,GE1,World Class,17,-0.3937,-0.5611,-0.2677,0.3879,-1.154,0.3666,0.9496,0.7059,-1.0149,"2013,2014,2015,2016,2017,2018"
judge_corps_caption,m-stone-1,Michael Stone,001j000000qzs1qaaf,River City Rhythm,GE1,Open Class,5,0.696,0.6131,0.2677,0.2462,0.2134,1.1785,0.7878,0.8,2.827,"2018,2019"
judge_corps_caption,m-stone-1,Michael Stone,001j000000i6lenaa3,Madison Scouts,GE1,World Class,20,0.3746,0.1713,0.2676,0.0646,0.2479,0.5013,0.4011,0.95,5.7969,"2014,2015,2016,2017,2018,2019"
judge_corps_caption,a-cook-1,Andrew Cook,001j000000iwxafaa1,The Cavaliers,MB,World Class,13,-0.432,-0.5581,-0.2674,0.6214,-1.6499,0.7859,1.3012,0.6923,-0.6952,"2013,2014,2015,2016,2017,2018,2019,2022,2023"
judge_corps_caption,t-ochran-1,Timothy Ochran,001j000000iwxadaa1,Spirit of Atlanta,VA,World Class,13,0.4317,0.2217,0.2672,0.196,0.0475,0.8159,0.7022,0.8462,2.2021,"2013,2014,2015,2016,2017,2018,2019,2023"
judge_corps_caption,d-davis-1,Darrin Davis,001j000000iwx9aaat,Crossmen,GE2,World Class,19,0.3796,0.2466,0.2671,0.1283,0.1282,0.631,0.5225,0.7895,2.9591,"2013,2014,2015,2016,2017,2018,2022,2023,2024"
judge_corps_caption,c-nelson-1,Carl Nelson,001j000000i6jmbaaf,Blue Devils B,GE1,Open Class,8,0.534,1.1712,0.267,0.1367,0.2661,0.802,0.5606,0.875,3.9066,"2014,2017,2018,2019,2022,2024"
judge_corps_caption,t-landess-1,Tim Landess,001j000000h3xrnaav,Phantom Regiment,CG,World Class,8,-0.534,-1.3758,-0.267,0.5996,-1.7091,0.6411,1.6214,0.375,-0.8906,"2019,2022,2023,2024"
judge_corps_caption,p-madden-1,Phil Madden,001j000000iwx9oaad,Genesis,GE1,Open Class,5,0.6935,0.7162,0.2667,0.168,0.3642,1.0227,0.6935,1,4.1275,"2016,2018,2019"
judge_corps_caption,g-fugett-1,Glenn Fugett,001j000000h3xwcaav,Santa Clara Vanguard,MA,World Class,7,-0.5714,-1.0646,-0.2666,0.7439,-2.0295,0.8867,1.4773,0.5714,-0.7681,"2014,2015,2017,2022"
judge_corps_caption,g-fugett-1,Glenn Fugett,001j000000iwxa3aal,Mandarins,GE2,World Class,21,-0.368,-0.4836,-0.2665,0.3594,-1.0724,0.3363,1.0102,0.619,-1.0242,"2013,2014,2016,2017,2018,2019,2022,2023,2024,2025"
judge_corps_caption,m-stone-1,Michael Stone,001j000000iwxafaa1,The Cavaliers,GE1,World Class,20,-0.373,-0.562,-0.2664,0.4147,-1.1858,0.4398,1.0934,0.75,-0.8994,"2014,2015,2016,2017,2018,2019,2022"
judge_corps_caption,k-weirich-1,Kyle Weirich,001j000000iwxa0aal,Legends,MA,Open Class,9,-0.5025,0.1607,-0.266,0.3767,-1.2408,0.2358,0.7105,0.4444,-1.334,"2016,2017,2018,2019,2022"
judge_corps_caption,m-turner-1,Michael Turner,001j000000iwx98aad,Colts,VP,World Class,15,0.4078,0.5595,0.2659,0.0855,0.2402,0.5753,0.4194,0.9333,4.7699,"2013,2015,2016,2018,2023,2024"
judge_corps_caption,m-anderson-1,Mike Anderson,001j000000i6i9saav,Blue Devils,VA,World Class,5,0.6904,0.5513,0.2655,0.1819,0.3338,1.0469,0.6904,1,3.795,"2018,2019"
judge_corps_caption,m-leitzke-1,Mike Leitzke,001j0000012y6bqaac,The Battalion,MP,Open Class,6,-0.6193,-0.2746,-0.2654,0.5177,-1.634,0.3953,1.1527,0.3333,-1.1964,"2019,2022,2023,2024"
judge_corps_caption,h-nguyen-1,Hieu Nguyen,001j000000iwx93aad,Seattle Cascades,VP,World Class,6,-0.6193,-0.4667,-0.2654,0.3867,-1.3773,0.1387,0.756,0.3333,-1.6014,"2019,2023,2024,2025"
judge_corps_caption,m-thompson-1,Michael Thompson,001j000000i6kfgaan,The Cadets,VP,World Class,10,-0.4776,-0.1128,-0.2653,0.269,-1.0048,0.0496,0.6065,0.2,-1.7756,"2013,2014,2018,2019,2022"
judge_corps_caption,m-turner-1,Michael Turner,001j000000h3xwcaav,Santa Clara Vanguard,VP,World Class,20,-0.3713,-0.1843,-0.2652,0.3973,-1.1499,0.4074,0.9998,0.65,-0.9345,"2013,2014,2015,2016,2017,2018,2022,2024,2025"
judge_corps_caption,t-wingate-1,Travis Wingate,001j000000iwwslaal,7th Regiment,VA,Open Class,7,0.5683,0.8589,0.2652,0.167,0.2409,0.8957,0.5758,0.8571,3.4024,"2022,2023,2025"
judge_corps_caption,m-czapinksi-1,Marie Czapinksi,001j000000iwwssaal,Boston Crusaders,GE1,World Class,5,0.6894,0.1455,0.2651,0.2353,0.2281,1.1506,0.6894,1,2.9295,"2013,2014"
judge_corps_caption,j-orefice-1,Juno Orefice,001j000000iwx9aaat,Crossmen,VP,World Class,24,-0.3533,-0.5525,-0.265,0.3543,-1.0477,0.341,1.143,0.7083,-0.9974,"2013,2014,2015,2016,2017,2018,2019,2022,2023,2025"
judge_corps_caption,j-howell-1,John Howell,001j000000i6i9saav,Blue Devils,CG,World Class,11,-0.4568,-0.4255,-0.2645,0.5367,-1.5089,0.5952,1.0592,0.7273,-0.8511,"2013,2014,2015,2018,2019,2023,2025"
judge_corps_caption,a-cook-1,Andrew Cook,001j000000iwx97aad,Colt Cadets,MB,Open Class,8,-0.5289,-0.6982,-0.2645,0.6591,-1.8208,0.763,1.517,0.5,-0.8025,"2015,2019,2022,2023,2024"
judge_corps_caption,j-harper-1,Jeff Harper,001j000000i6kfgaan,The Cadets,MA,World Class,11,-0.4567,-0.5875,-0.2644,0.5556,-1.5456,0.6323,1.2051,0.6364,-0.8219,"2015,2016,2017,2018,2019,2023"
judge_corps_caption,c-poole-1,Charles Poole,001j000000iwwslaal,7th Regiment,MP,Open Class,5,-0.6876,-0.5033,-0.2644,0.91,-2.4711,1.096,1.6424,0.6,-0.7556,"2019,2022,2023"
judge_corps_caption,j-sturgeon-1,Jim Sturgeon,001j000000iwxa3aal,Mandarins,VA,World Class,10,0.4755,0.46,0.2642,0.1277,0.2252,0.7258,0.5513,0.9,3.7232,"2014,2018,2023,2024"
judge_corps_caption,k-giese-1,Ken Giese,001j000000iwxa8aal,Pioneer,VA,World Class,18,0.3812,0.5574,0.2639,0.218,-0.046,0.8085,0.7803,0.8333,1.7488,"2013,2014,2015,2016,2017,2018"
judge_corps_caption,a-lo-1,Albert Lo,001j000000i6i9saav,Blue Devils,MA,World Class,5,-0.6862,-0.3431,-0.2639,0.7351,-2.127,0.7545,0.792,0.6,-0.9335,"2014,2018"
judge_corps_caption,m-turner-1,Michael Turner,001j000000iwxa6aal,Oregon Crusaders,CG,World Class,8,-0.5277,-0.3783,-0.2638,0.2503,-1.0182,-0.0371,0.609,0.25,-2.1081,"2014,2015,2016"
judge_corps_caption,m-leitzke-1,Mike Leitzke,001j000000iwx9aaat,Crossmen,MP,World Class,19,0.3749,0.1738,0.2638,0.2708,-0.1558,0.9056,0.8073,0.8421,1.3846,"2015,2016,2017,2019,2022,2025"
judge_corps_caption,g-oliviero-1,George Oliviero,001j000000iwxafaa1,The Cavaliers,GE1,World Class,5,0.6856,0.0971,0.2637,0.1017,0.4863,0.885,0.6856,1,6.7421,"2013,2015,2018,2019,2023"
judge_corps_caption,l-carlson-1,Lee Carlson,001j000000iwwsqaal,Blue Stars,CG,World Class,9,0.4973,0.5855,0.2633,0.2292,0.048,0.9465,0.6155,0.6667,2.1696,"2013,2014,2015,2016"
judge_corps_caption,j-harper-1,Jeff Harper,001j000000h3xwcaav,Santa Clara Vanguard,MB,World Class,16,0.3942,0.3102,0.2628,0.114,0.1706,0.6177,0.5214,0.875,3.4562,"2013,2014,2015,2016,2017,2019,2022,2025"
judge_corps_caption,m-mast-1,Monte Mast,001j000000iwx98aad,Colts,MA,World Class,5,-0.6832,-0.6164,-0.2628,0.5816,-1.8232,0.4568,0.9644,0.2,-1.1746,"2014,2015,2016"
judge_corps_caption,b-fabrizio-1,Beth Fabrizio,001j000000h3xwcaav,Santa Clara Vanguard,MB,World Class,5,0.6831,0.753,0.2627,0.102,0.4833,0.883,0.6831,1,6.6987,"2014,2017,2018,2022"
judge_corps_caption,m-hoskins-1,Mark Hoskins,001j000000iwxakaa1,Vanguard Cadets,MB,Open Class,10,0.4729,0.7953,0.2627,0.1189,0.2398,0.706,0.5015,0.9,3.9757,"2015,2017,2022"
judge_corps_caption,b-fabrizio-1,Beth Fabrizio,001j000000iwxacaa1,Spartans,MA,Open Class,11,0.4536,1.0918,0.2626,0.1633,0.1336,0.7736,0.5276,0.9091,2.7784,"2013,2014,2016,2017,2018,2022,2025"
judge_corps_caption,b-mascaro-1,Bret Mascaro,001j000000iwxafaa1,The Cavaliers,VP,World Class,9,-0.4959,-0.6789,-0.2625,0.6687,-1.8065,0.8147,1.2531,0.7778,-0.7416,"2014,2015,2016,2017,2018"
judge_corps_caption,k-miller-1,Kyle Miller,001j0000012y6bqaac,The Battalion,GE1,Open Class,5,0.6819,0.0574,0.2623,0.2918,0.11,1.2539,0.8222,0.8,2.3369,"2016,2023,2024,2025"
judge_corps_caption,c-costanza-1,Curtis Costanza,001j000000iwx9uaad,Impulse,GE1,Open Class,7,-0.5619,0.007,-0.2622,0.5826,-1.7037,0.58,1.0428,0.4286,-0.9645,"2013,2014,2015,2016,2024"
judge_corps_caption,r-rios-1,Ronnie Rios,001j000000iwxa3aal,Mandarins,MB,World Class,14,0.412,0.8963,0.2622,0.1399,0.1378,0.6863,0.5386,0.7143,2.9448,"2013,2015,2016,2017,2018,2019,2022,2023"
judge_corps_caption,g-fugett-1,Glenn Fugett,001j000000iwx91aad,Carolina Crown,MP,World Class,9,0.4949,0.0357,0.262,0.2966,-0.0863,1.0762,0.8407,0.8889,1.6689,"2013,2014,2015,2016,2019,2023"
judge_corps_caption,m-davis-1,Mike Davis,001j000000iwxa5aal,Music City,MP,Open Class,24,-0.349,0.0237,-0.2618,0.2471,-0.8334,0.1354,0.9399,0.4167,-1.4122,"2013,2014,2015,2016,2017,2018,2019,2023,2024,2025"
judge_corps_caption,d-thomas-1,Durand Thomas,001j000000iwxacaa1,Spartans,MB,Open Class,6,0.6107,0.2159,0.2617,0.5967,-0.5588,1.7801,1.3706,0.6667,1.0234,"2019,2022,2023"
judge_corps_caption,t-ochran-1,Timothy Ochran,001j000000iwxacaa1,Spartans,VA,Open Class,10,0.4705,0.3168,0.2614,0.2865,-0.091,1.032,0.8817,0.9,1.6424,"2013,2017,2018,2019,2022,2023"
judge_corps_caption,r-solomon-1,Robert Solomon,001j000000iwxa7aal,Pacific Crest,VP,World Class,23,-0.3516,-0.3162,-0.2609,0.345,-1.0279,0.3247,1.1272,0.4783,-1.019,"2013,2014,2015,2016,2017,2018,2019,2023,2024,2025"
judge_corps_caption,g-oliviero-1,George Oliviero,001j000000i6jmbaaf,Blue Devils B,VA,Open Class,11,-0.4502,-1.6018,-0.2606,0.7779,-1.9749,1.0745,1.9162,0.5455,-0.5787,"2013,2014,2015,2018,2019,2022,2024,2025"
judge_corps_caption,p-mcgarr-1,Paul McGarr,001j000000i6i9saav,Blue Devils,MB,World Class,23,0.3509,0.3413,0.2604,0.0858,0.1828,0.519,0.4594,0.8696,4.0918,"2013,2014,2015,2016,2017,2018,2019,2023,2025"
judge_corps_caption,g-fugett-1,Glenn Fugett,001j000000qzs1qaaf,River City Rhythm,GE2,Open Class,7,0.558,0.0259,0.2604,0.3914,-0.209,1.325,0.9364,0.8571,1.4258,"2015,2016,2018,2023,2024,2025"
judge_corps_caption,w-dillon-1,Wayne Dillon,001j000000iwxaeaa1,The Academy,MB,World Class,10,-0.4684,-0.4783,-0.2602,0.4456,-1.3417,0.4049,1.1149,0.6,-1.0512,"2013,2014,2016,2017,2018,2023"
judge_corps_caption,c-phillips-1,Chester Phillips,001j000000iwx93aad,Seattle Cascades,MB,World Class,5,0.676,0.9274,0.26,0.2607,0.165,1.187,0.676,1,2.5928,"2013,2017,2018,2025"
judge_corps_caption,a-cook-1,Andrew Cook,001j000000h3xrnaav,Phantom Regiment,MA,World Class,7,-0.5566,-0.8555,-0.2598,0.9247,-2.3691,1.2559,1.8062,0.7143,-0.6019,"2013,2014,2018,2024,2025"
judge_corps_caption,j-orefice-1,Juno Orefice,001j000000iwxadaa1,Spirit of Atlanta,VP,World Class,19,0.3684,0.1584,0.2593,0.1458,0.0827,0.6542,0.5936,0.7368,2.5269,"2013,2014,2015,2016,2017,2018,2019,2025"
judge_corps_caption,j-davila-1,Julie Davila,001j000000iwx91aad,Carolina Crown,MP,World Class,13,-0.4186,-0.546,-0.2592,0.5381,-1.4733,0.636,1.2563,0.6923,-0.778,"2017,2019,2022,2023,2024"
judge_corps_caption,k-young-1,Kyle Young,001j000000iwx91aad,Carolina Crown,MA,World Class,8,-0.5181,-0.5361,-0.2591,0.5164,-1.5302,0.494,0.92,0.75,-1.0033,"2019,2023,2024,2025"
judge_corps_caption,m-hoskins-1,Mark Hoskins,001j000000iwx93aad,Seattle Cascades,MB,World Class,8,0.5179,0.6563,0.259,0.1841,0.1571,0.8788,0.6529,0.75,2.8134,"2013,2016,2019,2023,2024"
judge_corps_caption,j-prosperie-1,Jeff Prosperie,001j000000iwx9waad,Jersey Surf,MP,World Class,17,-0.3809,-0.2558,-0.259,0.3909,-1.1472,0.3853,0.8309,0.5294,-0.9744,"2013,2014,2015,2016,2017,2018,2019,2024"
judge_corps_caption,b-mascaro-1,Bret Mascaro,001j000000i6lenaa3,Madison Scouts,VP,World Class,7,0.5547,0.3483,0.2588,0.2176,0.1281,0.9812,0.6591,0.7143,2.5487,"2014,2016,2022,2023"
judge_corps_caption,c-romanowski-1,Chris Romanowski,001j000000iwxacaa1,Spartans,MP,Open Class,8,0.5172,0.6573,0.2586,0.3266,-0.123,1.1574,0.9179,0.75,1.5835,"2013,2014,2016,2017,2022"
judge_corps_caption,k-giese-1,Ken Giese,001j000000iwx97aad,Colt Cadets,VA,Open Class,14,0.406,-0.5329,0.2584,0.3597,-0.299,1.1111,1.1551,0.7143,1.1288,"2013,2014,2015,2016,2017,2018,2019,2022"
judge_corps_caption,j-davila-1,Julie Davila,001j000000iwwsraal,Bluecoats,MP,World Class,13,0.4174,0.2707,0.2584,0.0684,0.2832,0.5515,0.4174,1,6.0994,"2016,2017,2023,2024"
judge_corps_caption,k-baker-1,Keith Baker,001j0000012y6bqaac,The Battalion,VA,Open Class,6,-0.603,-0.1505,-0.2584,0.347,-1.2832,0.0771,0.7966,0.3333,-1.7377,"2018,2024,2025"
judge_corps_caption,p-furnari-1,Peter Furnari,001j000000iwwsraal,Bluecoats,MP,World Class,11,0.4462,0.6313,0.2583,0.0614,0.3259,0.5665,0.4462,1,7.2692,"2013,2014,2016,2017,2018,2019,2024"
judge_corps_caption,t-ochran-1,Timothy Ochran,001j000000iwx9qaad,Golden Empire,VA,Open Class,13,-0.4173,-0.4915,-0.2583,0.3965,-1.1944,0.3598,1.0654,0.6154,-1.0525,"2015,2016,2017,2018,2019,2023,2024,2025"
judge_corps_caption,g-fugett-1,Glenn Fugett,001j000000iwxa3aal,Mandarins,MA,World Class,6,-0.6022,-1.0864,-0.2581,0.7068,-1.9875,0.7831,1.2976,0.5,-0.852,"2014,2015,2017,2022,2023"
judge_corps_caption,b-fabrizio-1,Beth Fabrizio,001j000000i6i9saav,Blue Devils,MB,World Class,5,0.671,0.7276,0.2581,0.1957,0.2875,1.0545,0.671,1,3.4292,"2014,2022,2023"
judge_corps_caption,j-denton-1,Joel Denton,001j000000iwxa1aal,Les Stentors,GE2,Open Class,14,-0.4054,0.1212,-0.258,0.1186,-0.6379,-0.173,0.4502,0.2143,-3.4192,"2014,2015,2017,2022,2025"
judge_corps_caption,j-kennedy-1,Jay Kennedy,001j0000012y6bqaac,The Battalion,MA,Open Class,6,-0.6017,-0.5059,-0.2579,0.5166,-1.6143,0.4109,1.0312,0.3333,-1.1647,"2022,2023,2024,2025"
judge_corps_caption,d-carbone-1,Dave Carbone,001j000000i6lenaa3,Madison Scouts,MP,World Class,6,-0.6005,-0.6599,-0.2574,0.8694,-2.3045,1.1035,1.5064,0.5,-0.6907,"2013,2014,2016,2022,2023"
judge_corps_caption,b-mascaro-1,Bret Mascaro,001j000000h3xwcaav,Santa Clara Vanguard,VA,World Class,11,0.4443,0.7855,0.2572,0.1108,0.2271,0.6615,0.4623,0.9091,4.0092,"2013,2014,2015,2016,2017,2022"
judge_corps_caption,r-kemp-1,Richard Kemp,001j000000iwxa0aal,Legends,GE1,Open Class,7,-0.5508,-1.7819,-0.2571,0.7804,-2.0803,0.9787,1.5699,0.4286,-0.7059,"2013,2014,2015,2016,2018"
judge_corps_caption,m-gray-1,Michael Gray,001j000000iwxa0aal,Legends,VA,Open Class,6,0.5993,0.0352,0.2569,0.455,-0.2925,1.4911,0.9269,0.5,1.3172,"2015,2016,2017,2018,2019"
judge_corps_caption,c-romanowski-1,Chris Romanowski,001j000000iwwslaal,7th Regiment,MA,Open Class,10,0.4623,0.6501,0.2568,0.2373,-0.0029,0.9274,0.5899,0.6,1.9478,"2013,2019,2023,2024"
judge_corps_caption,j-orefice-1,Juno Orefice,001j000000iwxa5aal,Music City,VA,Open Class,7,-0.5501,-0.1691,-0.2567,0.5034,-1.5367,0.4366,1.0783,0.5714,-1.0927,"2015,2017,2018,2019,2022,2023"
judge_corps_caption,r-kemp-1,Richard Kemp,001j000000h3xrnaav,Phantom Regiment,CG,World Class,9,0.4839,0.589,0.2562,0.1348,0.2198,0.748,0.5062,0.8889,3.5909,"2014,2015,2016,2017,2018"
judge_corps_caption,w-dillon-1,Wayne Dillon,001j000000iwxaeaa1,The Academy,GE2,World Class,19,-0.364,-0.3482,-0.2561,0.3067,-0.9652,0.2372,0.9292,0.5789,-1.1867,"2013,2014,2015,2016,2017,2018,2019,2022,2023,2024,2025"
judge_corps_caption,j-kennedy-1,Jay Kennedy,001j000000iwx93aad,Seattle Cascades,MA,World Class,16,0.3841,0.7279,0.2561,0.1745,0.0421,0.7261,0.6464,0.875,2.201,"2013,2014,2015,2017,2018,2019,2023,2024,2025"
judge_corps_caption,m-kelly-1,Mickey Kelly,001j000000iwx98aad,Colts,GE1,World Class,10,0.4609,0.3685,0.256,0.0817,0.3008,0.6209,0.4656,0.9,5.6442,"2013,2014,2015,2016,2017,2019"
judge_corps_caption,r-kemp-1,Richard Kemp,001j000000i6kfgaan,The Cadets,CG,World Class,7,-0.5484,-0.4308,-0.2559,0.9101,-2.3322,1.2354,1.2136,0.7143,-0.6026,"2013,2014,2015,2016,2017"
judge_corps_caption,m-thompson-1,Michael Thompson,001j000000iwx9oaad,Genesis,CG,Open Class,14,0.4017,0.7349,0.2556,0.1638,0.0806,0.7228,0.5412,0.7857,2.4521,"2013,2015,2016,2017,2019,2023,2025"
judge_corps_caption,n-jones-1,Nola Jones,001j000000iwx9paad,Gold,MA,Open Class,8,-0.5105,-0.9805,-0.2553,0.623,-1.7315,0.7105,1.3432,0.5,-0.8195,"2016,2018,2019,2022,2025"
judge_corps_caption,m-griffin-1,Marty Griffin,001j000000iwxaeaa1,The Academy,MA,World Class,6,-0.5954,-0.5395,-0.2552,0.6505,-1.8703,0.6795,1.2049,0.5,-0.9154,"2018,2022,2024,2025"
judge_corps_caption,c-armbruster-1,Chad Armbruster,001j000000i6lenaa3,Madison Scouts,MB,World Class,10,-0.4581,-0.6254,-0.2545,0.4338,-1.3085,0.3922,0.9814,0.6,-1.056,"2016,2017,2018,2019,2022,2023,2024,2025"
judge_corps_caption,k-baker-1,Keith Baker,001j000000iwxadaa1,Spirit of Atlanta,VA,World Class,7,-0.5445,-0.6189,-0.2541,0.3961,-1.3209,0.2319,0.6419,0.1429,-1.3747,"2014,2015,2019,2023,2024"
judge_corps_caption,m-bowers-1,Michele Bowers,001j000000iwwsraal,Bluecoats,CG,World Class,5,-0.6607,-0.5955,-0.2541,0.6131,-1.8623,0.5409,0.9914,0.6,-1.0777,"2017,2018,2019"
judge_corps_caption,a-kristensen-1,Allan Kristensen,001j000000i6jmbaaf,Blue Devils B,GE2,Open Class,5,-0.66,0.0439,-0.2539,0.7908,-2.21,0.89,1.3492,0.6,-0.8346,"2013,2015,2018,2019"
judge_corps_caption,a-kristensen-1,Allan Kristensen,001j000000iwx9aaat,Crossmen,MP,World Class,10,0.4571,-0.1921,0.2539,0.3561,-0.2409,1.1551,0.9734,0.8,1.2835,"2014,2015,2016,2018"
judge_corps_caption,b-kuhn-1,Blair Kuhn,001j000000iwx9paad,Gold,VA,Open Class,7,0.5434,0.8044,0.2536,0.2811,-0.0074,1.0943,0.6045,0.8571,1.9335,"2018,2019,2022,2023,2025"
judge_corps_caption,m-stone-1,Michael Stone,001j000000iwwssaal,Boston Crusaders,GE1,World Class,16,-0.3802,-0.5444,-0.2535,0.477,-1.3151,0.5547,1.0822,0.8125,-0.7971,"2014,2015,2016,2017,2018,2019,2022"
judge_corps_caption,r-isoda-1,Randolph Isoda,001j000000iwx98aad,Colts,MB,World Class,7,-0.5426,-0.7236,-0.2532,0.8886,-2.2843,1.199,1.6948,0.5714,-0.6106,"2014,2015,2017,2018"
judge_corps_caption,m-hoskins-1,Mark Hoskins,001j000000i6kfgaan,The Cadets,MB,World Class,18,-0.3655,-0.2544,-0.253,0.3179,-0.9887,0.2577,0.8792,0.6667,-1.1495,"2013,2017,2018,2019,2022,2023"
judge_corps_caption,m-mcgahey-1,Mark McGahey,001j000000iwx9aaat,Crossmen,GE2,World Class,12,-0.421,-0.4889,-0.2526,0.5186,-1.4374,0.5954,1.1545,0.75,-0.8119,"2013,2014,2017,2018,2019,2022,2023"
judge_corps_caption,c-rothe-1,Caleb Rothe,001j000000i6kalaa3,Blue Devils C,GE2,Open Class,5,0.6562,0.3887,0.2524,0.5404,-0.4029,1.7153,1.2366,0.8,1.2143,"2019,2022,2023,2024,2025"
judge_corps_caption,c-nelson-1,Carl Nelson,001j000000iwwsoaal,Blue Knights,VP,World Class,21,-0.3483,-0.1099,-0.2522,0.3203,-0.9761,0.2795,0.9274,0.619,-1.0875,"2013,2014,2015,2016,2017,2018,2019,2022,2025"
judge_corps_caption,m-lentz-1,Michael Lentz,001j000000h3xrnaav,Phantom Regiment,CG,World Class,5,0.6553,0.955,0.2521,0.2624,0.141,1.1697,0.7037,0.8,2.4973,"2013,2016,2017"
judge_corps_caption,f-morris-1,Frank Morris,001j000000iwxaeaa1,The Academy,GE1,World Class,6,-0.5876,-0.2761,-0.2518,0.5797,-1.7238,0.5485,0.8342,0.1667,-1.0137,"2013,2015,2016"
judge_corps_caption,b-jones-1,Bruce Jones,001j000000iwx93aad,Seattle Cascades,VP,World Class,11,-0.4342,-0.2031,-0.2514,0.279,-0.981,0.1127,0.7553,0.4545,-1.5562,"2013,2014,2015,2016,2019,2023,2025"
judge_corps_caption,m-davis-1,Mike Davis,001j000000iwwslaal,7th Regiment,MP,Open Class,11,0.4341,0.8635,0.2513,0.1165,0.2058,0.6623,0.4632,0.9091,3.727,"2013,2014,2015,2017,2025"
judge_corps_caption,m-stone-1,Michael Stone,001j000000i6kfgaan,The Cadets,GE1,World Class,18,-0.363,-0.5486,-0.2513,0.4347,-1.215,0.489,1.058,0.7778,-0.835,"2014,2015,2016,2017,2018,2019,2022"
judge_corps_caption,r-greenwell-1,Randy Greenwell,001j000000iwx91aad,Carolina Crown,MA,World Class,8,-0.5027,-0.4355,-0.2513,0.7507,-1.974,0.9687,1.0342,0.75,-0.6696,"2015,2016,2019,2022"
judge_corps_caption,m-turner-1,Michael Turner,001j000000iwx9aaat,Crossmen,VP,World Class,21,0.3468,0.4947,0.2511,0.0889,0.1725,0.5211,0.4611,0.7143,3.8991,"2013,2015,2016,2017,2018,2023,2024"
judge_corps_caption,m-waymire-1,Mark Waymire,001j000000iwxajaa1,Troopers,GE2,World Class,10,-0.4518,-0.0936,-0.251,0.2718,-0.9846,0.081,0.6943,0.3,-1.662,"2016,2017,2018,2022,2023"
judge_corps_caption,j-davila-1,Julie Davila,001j000000i6i9saav,Blue Devils,MP,World Class,10,0.4514,0.3185,0.2508,0.1005,0.2543,0.6484,0.4927,0.9,4.4893,"2016,2017,2018,2023,2024"
judge_corps_caption,t-fox-1,Todd Fox,001j000000iwxadaa1,Spirit of Atlanta,MA,World Class,7,-0.5372,-0.5468,-0.2507,0.5655,-1.6456,0.5713,1.0043,0.7143,-0.9499,"2016,2018,2019,2023"
judge_corps_caption,j-kennedy-1,Jay Kennedy,001j000000iwwsqaal,Blue Stars,MA,World Class,20,-0.3504,0.0016,-0.2503,0.2407,-0.8221,0.1212,0.7015,0.4,-1.4562,"2013,2014,2015,2017,2018,2019,2023,2025"
judge_corps_caption,m-teal-1,Mark Teal,001j000000iwxadaa1,Spirit of Atlanta,MP,World Class,5,0.6504,0.9557,0.2502,0.1733,0.3107,0.9901,0.6504,1,3.753,"2018,2024,2025"
judge_corps_caption,s-page-1,Steven Page,001j000000iwx9uaad,Impulse,MB,Open Class,7,0.5357,0.8732,0.25,0.2059,0.1321,0.9392,0.6061,0.7143,2.6018,"2013,2016,2017,2019,2024"
judge_corps_caption,j-sturgeon-1,Jim Sturgeon,001j000000iwx9waad,Jersey Surf,VA,World Class,5,0.6493,0.5732,0.2497,0.1708,0.3145,0.9841,0.6493,1,3.8007,"2014,2017,2018,2024"
judge_corps_caption,r-solomon-1,Robert Solomon,001j000000iwx9vaad,Incognito,CG,Open Class,7,0.5344,0.4328,0.2494,0.4315,-0.3114,1.3802,0.9898,0.5714,1.2384,"2015,2018,2019"
judge_corps_caption,p-furnari-1,Peter Furnari,001j000000h3xwcaav,Santa Clara Vanguard,MP,World Class,9,0.4709,0.6732,0.2493,0.2352,0.0099,0.9319,0.6052,0.7778,2.002,"2013,2016,2017,2019,2024,2025"
judge_corps_caption,m-stone-1,Michael Stone,001j000000iwxabaa1,Southwind,GE1,Open Class,7,0.5338,0.4436,0.2491,0.1855,0.1703,0.8974,0.5644,0.8571,2.8781,"2015,2016,2018,2019"
judge_corps_caption,r-rios-1,Ronnie Rios,001j000000i6lenaa3,Madison Scouts,MA,World Class,10,-0.4485,-0.3937,-0.2491,0.5536,-1.5335,0.6366,1.0528,0.7,-0.8101,"2016,2017,2018,2022,2023,2024,2025"
judge_corps_caption,a-lo-1,Albert Lo,001j000000iwxa7aal,Pacific Crest,MB,World Class,7,0.5335,0.6776,0.249,0.1272,0.2842,0.7828,0.5393,0.8571,4.1943,"2013,2014,2015,2018"
judge_corps_caption,r-rodriguez-1,Rick Rodriguez,001j000000iwx9aaat,Crossmen,MP,World Class,6,0.581,0.5929,0.249,0.4224,-0.2469,1.4088,0.857,0.5,1.3755,2014
judge_corps_caption,p-mcgarr-1,Paul McGarr,001j000000iwxa0aal,Legends,MB,Open Class,5,0.6469,0.5327,0.2488,0.5753,-0.4806,1.7745,1.1407,0.6,1.1245,"2013,2014,2015,2016,2017"
judge_corps_caption,k-baker-1,Keith Baker,001j000000iwxafaa1,The Cavaliers,VA,World Class,11,0.4295,0.3394,0.2487,0.3053,-0.1688,1.0278,0.87,0.7273,1.4071,"2017,2018,2019,2022,2024,2025"
judge_corps_caption,j-howell-1,John Howell,001j000000iwwslaal,7th Regiment,GE1,Open Class,7,0.5321,0.4174,0.2483,0.28,-0.0167,1.0809,0.781,0.8571,1.9003,"2015,2017,2018,2019,2025"
judge_corps_caption,a-kristensen-1,Allan Kristensen,001j000000iwx9qaad,Golden Empire,MP,Open Class,16,-0.3721,-0.7938,-0.2481,0.4089,-1.1735,0.4293,1.4977,0.4375,-0.91,"2014,2015,2016,2017,2018,2019,2022,2023,2024"
judge_corps_caption,k-baker-1,Keith Baker,racine-scouts,Racine Scouts,VP,Open Class,5,0.6443,0.927,0.2478,0.1199,0.4094,0.8792,0.6443,1,5.3758,"2013,2015"
judge_corps_caption,j-wilson-1,Jeff Wilson,001j000000iwxakaa1,Vanguard Cadets,MP,Open Class,9,-0.4673,-0.3145,-0.2474,0.6398,-1.7213,0.7868,1.4556,0.5556,-0.7303,"2013,2015,2017,2018,2019,2022"
judge_corps_caption,m-thompson-1,Michael Thompson,001j000000iwx9waad,Jersey Surf,CG,World Class,14,-0.388,-0.1492,-0.2469,0.3742,-1.1215,0.3455,0.9876,0.5714,-1.0367,"2014,2015,2016,2017,2018,2019,2022,2023,2024"
judge_corps_caption,j-harper-1,Jeff Harper,001j000000iwxaeaa1,The Academy,GE2,World Class,9,-0.4652,-0.6209,-0.2463,0.4201,-1.2885,0.3582,0.7921,0.4444,-1.1074,"2013,2014,2017,2022"
judge_corps_caption,s-page-1,Steven Page,001j000000iwx9paad,Gold,MB,Open Class,16,0.3694,0.7419,0.2463,0.2691,-0.1581,0.8969,0.9253,0.625,1.3725,"2013,2014,2016,2017,2018,2019,2022,2024"
judge_corps_caption,m-czapinksi-1,Marie Czapinksi,001j000000i6lenaa3,Madison Scouts,GE1,World Class,6,-0.5746,-1.1408,-0.2462,0.8869,-2.313,1.1638,1.3363,0.6667,-0.6478,"2013,2014,2015"
judge_corps_caption,p-mcgarr-1,Paul McGarr,001j000000iwxa7aal,Pacific Crest,MA,World Class,5,0.6402,0.1887,0.2462,0.3363,-0.0189,1.2993,0.8811,0.8,1.9037,"2013,2015,2017,2019,2022"
judge_corps_caption,m-bowers-1,Michele Bowers,001j000000iwx9paad,Gold,CG,Open Class,9,0.4651,1.0383,0.2462,0.1444,0.1822,0.7481,0.4651,1,3.222,"2017,2022,2023,2024"
judge_corps_caption,k-giese-1,Ken Giese,001j000000iwx9paad,Gold,VA,Open Class,5,-0.6399,-1.522,-0.2461,1.2228,-3.0367,1.7569,1.9256,0.6,-0.5233,"2013,2014,2016,2019"
judge_corps_caption,b-fabrizio-1,Beth Fabrizio,001j000000iwx9paad,Gold,MB,Open Class,12,0.4098,0.7891,0.2459,0.0976,0.2186,0.6011,0.448,0.9167,4.2002,"2013,2014,2019,2022,2023,2024,2025"
judge_corps_caption,p-haines-1,Phillip Haines,001j000000iwx93aad,Seattle Cascades,MA,World Class,5,-0.6395,-0.6566,-0.2459,0.4686,-1.5579,0.279,0.7933,0.4,-1.3646,"2014,2016,2018,2019,2025"
judge_corps_caption,c-rothe-1,Caleb Rothe,001j000000iwxa7aal,Pacific Crest,MP,World Class,14,-0.3863,-0.5388,-0.2458,0.2863,-0.9474,0.1749,0.8504,0.4286,-1.3492,"2013,2014,2015,2016,2017,2023,2024,2025"
judge_corps_caption,c-raichle-1,Chris Raichle,001j000000i6kfgaan,The Cadets,CG,World Class,7,-0.5257,-0.2831,-0.2453,0.3832,-1.2769,0.2254,0.6455,0.4286,-1.3718,"2017,2018,2022"
judge_corps_caption,m-stone-1,Michael Stone,001j000000h3xwcaav,Santa Clara Vanguard,GE1,World Class,20,-0.3431,-0.503,-0.2451,0.4305,-1.187,0.5007,1.0679,0.75,-0.797,"2013,2014,2015,2016,2017,2018,2019,2022"
judge_corps_caption,t-fox-1,Todd Fox,001j000000iwx9oaad,Genesis,MA,Open Class,5,0.6371,0.9568,0.2451,0.1148,0.4122,0.8621,0.6371,1,5.5511,"2015,2019,2025"
judge_corps_caption,r-greenwell-1,Randy Greenwell,001j000000h3xrnaav,Phantom Regiment,GE2,World Class,5,0.6368,0.299,0.2449,0.1096,0.4219,0.8516,0.6368,1,5.8082,"2014,2016,2017"
judge_corps_caption,m-griffin-1,Marty Griffin,001j000000iwx97aad,Colt Cadets,MP,Open Class,10,0.4406,0.3746,0.2448,0.3947,-0.333,1.2143,1.1272,0.7,1.1163,"2013,2014,2015,2016,2017,2019"
judge_corps_caption,j-orefice-1,Juno Orefice,001j000000i6jmbaaf,Blue Devils B,VP,Open Class,9,0.4622,0.8415,0.2447,0.3614,-0.2461,1.1704,0.9553,0.8889,1.279,"2013,2014,2015,2016,2018,2023,2024"
judge_corps_caption,e-argenziano-1,Ed Argenziano,001j000000iwxadaa1,Spirit of Atlanta,MP,World Class,5,-0.6361,0.043,-0.2446,0.5804,-1.7737,0.5016,1.16,0.4,-1.0958,"2016,2017,2018"
judge_corps_caption,j-sturgeon-1,Jim Sturgeon,001j000000iwxaaaa1,Raiders,VA,Open Class,5,0.6349,1.259,0.2442,0.234,0.1763,1.0935,0.6349,1,2.7132,"2013,2016"
judge_corps_caption,c-rapacki-1,Chris Rapacki,001j000000iwwsqaal,Blue Stars,MP,World Class,8,-0.4883,-0.4248,-0.2442,0.6676,-1.7969,0.8202,1.2153,0.75,-0.7314,"2018,2022,2023,2025"
judge_corps_caption,c-romanowski-1,Chris Romanowski,001j000000iwxaaaa1,Raiders,MP,Open Class,8,-0.488,-0.3372,-0.244,0.468,-1.4052,0.4292,0.855,0.375,-1.0428,"2013,2014,2016,2017"
judge_corps_caption,g-howarth-1,Gifford Howarth,001j000000i6kfgaan,The Cadets,MP,World Class,15,-0.374,-0.1721,-0.2439,0.3539,-1.0677,0.3196,0.6473,0.4667,-1.0569,"2013,2014,2015,2016,2017,2018,2022"
judge_corps_caption,t-wingate-1,Travis Wingate,001j000000iwxabaa1,Southwind,VA,Open Class,7,-0.5226,-0.0944,-0.2439,0.2492,-1.011,-0.0342,0.665,0.2857,-2.0974,"2019,2022,2023"
judge_corps_caption,d-torchia-1,Debbie Torchia,001j000000iwx9waad,Jersey Surf,VA,World Class,10,-0.4388,-0.3567,-0.2438,0.5372,-1.4917,0.6142,1.1131,0.6,-0.8167,"2013,2014,2015,2016,2017,2018,2019,2022"
judge_corps_caption,c-nelson-1,Carl Nelson,001j000000i6jmbaaf,Blue Devils B,VA,Open Class,13,-0.3937,-0.5874,-0.2437,0.6099,-1.5891,0.8018,1.6967,0.6154,-0.6454,"2014,2015,2016,2017,2018,2022,2023,2024"
judge_corps_caption,j-howell-1,John Howell,001j000000i6kfgaan,The Cadets,CG,World Class,9,0.4599,0.4627,0.2435,0.0626,0.3372,0.5826,0.4599,1,7.3466,"2013,2014,2015,2019,2022,2023"
judge_corps_caption,b-crisp-1,Bryan Crisp,001j000000iwx91aad,Carolina Crown,MB,World Class,12,-0.4054,-0.351,-0.2433,0.4248,-1.238,0.4272,0.8309,0.5833,-0.9544,"2018,2023,2024,2025"
judge_corps_caption,g-markham-1,Garland Markham,001j000000iwxa7aal,Pacific Crest,MA,World Class,6,-0.5669,-0.2832,-0.243,0.7026,-1.9441,0.8103,0.9081,0.5,-0.8068,"2013,2014,2015,2016,2017,2019"
judge_corps_caption,t-fox-1,Todd Fox,001j000000iwxaaaa1,Raiders,MA,Open Class,8,-0.486,0.0594,-0.243,0.3888,-1.248,0.2761,0.6726,0.375,-1.2498,"2015,2023,2024,2025"
judge_corps_caption,r-rios-1,Ronnie Rios,001j000000iwxaeaa1,The Academy,MA,World Class,8,0.4855,0.5439,0.2427,0.163,0.1661,0.8049,0.5091,0.875,2.9791,"2013,2016,2017,2022,2023"
judge_corps_caption,k-turner-1,Ken Turner,001j000000h3xwcaav,Santa Clara Vanguard,MA,World Class,7,-0.5193,-0.7004,-0.2424,0.7859,-2.0596,1.021,1.3129,0.7143,-0.6608,"2013,2014,2016,2019,2022"
judge_corps_caption,r-kemp-1,Richard Kemp,001j000000iwx91aad,Carolina Crown,CG,World Class,9,-0.4575,-0.3277,-0.2422,0.6062,-1.6456,0.7307,1.0088,0.6667,-0.7547,"2013,2014,2015,2016,2017"
judge_corps_caption,h-nguyen-1,Hieu Nguyen,001j000000i6i9saav,Blue Devils,CG,World Class,13,0.3912,0.5449,0.2422,0.1156,0.1646,0.6179,0.505,0.8462,3.3834,"2017,2018,2019,2022,2024"
judge_corps_caption,a-cook-1,Andrew Cook,001j000000i6i9saav,Blue Devils,MB,World Class,10,0.4358,0.3256,0.2421,0.0776,0.2837,0.5879,0.4358,1,5.6168,"2013,2014,2015,2016,2024"
judge_corps_caption,g-fugett-1,Glenn Fugett,001j000000iwx99aad,Columbians,GE2,Open Class,5,0.6295,0.1675,0.2421,0.1559,0.3238,0.9352,0.6295,1,4.0366,"2023,2024,2025"
judge_corps_caption,t-slaughter-1,Tom Slaughter,001j000000iwwsoaal,Blue Knights,VA,World Class,8,-0.484,-0.1135,-0.242,0.5395,-1.5414,0.5734,0.8786,0.375,-0.8971,"2022,2023,2025"
judge_corps_caption,j-sturgeon-1,Jim Sturgeon,001j000000i6lenaa3,Madison Scouts,VP,World Class,7,0.5159,0.6738,0.2408,0.128,0.2651,0.7668,0.5159,1,4.0314,"2014,2019,2022,2023,2025"
judge_corps_caption,a-cook-1,Andrew Cook,001j000000iwx93aad,Seattle Cascades,MB,World Class,6,0.5606,0.4617,0.2402,0.1337,0.2986,0.8225,0.5606,1,4.1937,"2013,2015,2016"
judge_corps_caption,t-ochran-1,Timothy Ochran,001j000000iwxa3aal,Mandarins,VA,World Class,28,-0.3088,-0.4634,-0.2402,0.3272,-0.9502,0.3326,1.2981,0.5714,-0.9436,"2013,2014,2015,2016,2017,2018,2019,2023,2024,2025"
judge_corps_caption,c-rapacki-1,Chris Rapacki,001j000000iwxajaa1,Troopers,MP,World Class,9,-0.4535,-0.3789,-0.2401,0.3903,-1.2185,0.3114,0.8275,0.6667,-1.1621,"2019,2023,2024,2025"
judge_corps_caption,b-mascaro-1,Bret Mascaro,001j000000iwwsqaal,Blue Stars,VA,World Class,7,-0.514,-0.183,-0.2399,0.5571,-1.6059,0.578,0.9064,0.4286,-0.9225,"2013,2015,2016,2017,2018"
judge_corps_caption,j-webb-1,Jay Webb,001j000000iwx9oaad,Genesis,MA,Open Class,7,0.5138,0.3657,0.2398,0.3664,-0.2044,1.232,0.9673,0.8571,1.4022,"2013,2018,2022,2023,2024"
judge_corps_caption,c-moss-1,Chris Moss,001j000000iwwslaal,7th Regiment,VP,Open Class,6,0.559,0.5728,0.2396,0.8357,-1.079,2.1971,1.76,0.8333,0.6689,"2016,2018,2022"
judge_corps_caption,t-ochran-1,Timothy Ochran,001j000000iwxaaaa1,Raiders,VA,Open Class,5,0.6229,0.457,0.2396,0.0525,0.5199,0.7259,0.6229,1,11.8543,"2018,2019,2023"
judge_corps_caption,g-oliviero-1,George Oliviero,001j000000iwwsqaal,Blue Stars,VA,World Class,8,0.4784,0.3758,0.2392,0.1219,0.2395,0.7174,0.4819,0.875,3.9241,"2013,2014,2018,2019,2022"
judge_corps_caption,l-carlson-1,Lee Carlson,001j000000iwwsraal,Bluecoats,CG,World Class,7,0.5127,0.6073,0.2392,0.1066,0.3037,0.7216,0.5127,1,4.8088,"2013,2014,2015,2016"
judge_corps_caption,c-rapacki-1,Chris Rapacki,001j000000h3xrnaav,Phantom Regiment,MP,World Class,13,-0.3864,-0.3206,-0.2392,0.4173,-1.2043,0.4314,0.9102,0.6923,-0.9261,"2018,2019,2022,2023,2025"
judge_corps_caption,m-czapinksi-1,Marie Czapinksi,001j000000iwx98aad,Colts,GE1,World Class,5,0.6214,0.0654,0.239,0.2496,0.1321,1.1107,0.6533,0.8,2.4893,"2013,2014"
judge_corps_caption,c-nelson-1,Carl Nelson,001j000000iwwssaal,Boston Crusaders,VP,World Class,17,0.3514,0.5915,0.2389,0.0585,0.2367,0.466,0.3524,0.9412,6.0088,"2013,2017,2018,2019,2022,2023,2025"
judge_corps_caption,k-weirich-1,Kyle Weirich,001j000000iwx97aad,Colt Cadets,MA,Open Class,7,0.5114,1.1579,0.2386,0.2694,-0.0166,1.0393,0.724,0.7143,1.8984,"2018,2019,2022,2023"
judge_corps_caption,m-turner-1,Michael Turner,001j000000iwx93aad,Seattle Cascades,CG,World Class,9,0.4504,0.6166,0.2385,0.2809,-0.1002,1.001,0.8351,0.6667,1.6034,"2013,2014,2015,2016,2024,2025"
judge_corps_caption,m-rubino-1,Mike Rubino,001j000000h3xwcaav,Santa Clara Vanguard,MB,World Class,7,-0.5107,-0.9194,-0.2383,0.4621,-1.4164,0.3949,1.1137,0.4286,-1.1053,"2014,2015,2016,2017,2022"
judge_corps_caption,k-turner-1,Ken Turner,001j000000iwwsraal,Bluecoats,GE2,World Class,18,-0.344,0.0535,-0.2382,0.1717,-0.6806,-0.0075,0.4858,0.2222,-2.0034,"2013,2014,2015,2016,2017,2019,2024,2025"
judge_corps_caption,j-sturgeon-1,Jim Sturgeon,001j000000i6i9saav,Blue Devils,VA,World Class,12,0.3968,0.3579,0.2381,0.093,0.2145,0.5791,0.4596,0.9167,4.2672,"2014,2018,2023,2024"
judge_corps_caption,g-fugett-1,Glenn Fugett,001j000000iwx9waad,Jersey Surf,GE2,World Class,18,0.3437,0.1862,0.238,0.1392,0.0709,0.6165,0.53,0.7222,2.4692,"2013,2014,2015,2016,2017,2018,2019,2022,2023,2024"
judge_corps_caption,r-kemp-1,Richard Kemp,001j000000h3xrnaav,Phantom Regiment,GE1,World Class,24,0.3171,0.1491,0.2378,0.2199,-0.1138,0.748,0.7073,0.8333,1.4424,"2013,2014,2015,2016,2017,2018,2019"
judge_corps_caption,j-kennedy-1,Jay Kennedy,001j000000iwx97aad,Colt Cadets,MA,Open Class,5,0.618,0.5422,0.2377,0.1456,0.3326,0.9033,0.618,1,4.2452,"2014,2019,2022,2025"
judge_corps_caption,w-dillon-1,Wayne Dillon,001j000000iwxa6aal,Oregon Crusaders,GE2,World Class,5,-0.6169,-0.5959,-0.2373,0.8639,-2.3101,1.0762,1.2401,0.4,-0.7142,"2014,2015,2016"
judge_corps_caption,r-greenwell-1,Randy Greenwell,001j000000iwx9aaat,Crossmen,GE2,World Class,9,0.4477,0.107,0.237,0.2585,-0.0589,0.9543,0.7957,0.8889,1.732,"2014,2015,2016,2017,2019"
judge_corps_caption,r-kemp-1,Richard Kemp,001j000000i6lenaa3,Madison Scouts,GE1,World Class,21,-0.3272,-0.5087,-0.2369,0.3398,-0.9931,0.3388,0.9785,0.6667,-0.9629,"2013,2014,2015,2016,2017,2018,2019"
judge_corps_caption,m-mcgahey-1,Mark McGahey,001j000000i6kfgaan,The Cadets,MA,World Class,5,0.6158,0.4136,0.2369,0.1127,0.3949,0.8367,0.6158,1,5.4638,"2014,2015,2016"
judge_corps_caption,j-denton-1,Joel Denton,001j000000iwxakaa1,Vanguard Cadets,GE2,Open Class,10,0.4263,1.0423,0.2369,0.108,0.2147,0.638,0.4731,0.9,3.9475,"2014,2015,2017,2022"
judge_corps_caption,m-kelly-1,Mickey Kelly,001j000000iwx9aaat,Crossmen,GE1,World Class,16,0.355,0.2457,0.2367,0.0905,0.1776,0.5325,0.4377,0.9375,3.9212,"2013,2014,2015,2016,2017,2018,2019"
judge_corps_caption,g-oliviero-1,George Oliviero,001j000000i6kfgaan,The Cadets,GE1,World Class,8,-0.4733,-1.0443,-0.2366,0.6974,-1.8403,0.8937,1.3531,0.625,-0.6786,"2013,2014,2015,2018,2019,2022,2023"
judge_corps_caption,r-comfort-1,Ron Comfort,001j0000012y6bqaac,The Battalion,VP,Open Class,6,-0.5521,-0.4597,-0.2366,0.5985,-1.7251,0.621,1.3199,0.5,-0.9224,"2016,2018,2019,2022"
judge_corps_caption,m-leitzke-1,Mike Leitzke,001j000000iwwsoaal,Blue Knights,MP,World Class,22,0.3222,0.1433,0.2363,0.0825,0.1605,0.4839,0.4494,0.7727,3.9059,"2015,2016,2017,2018,2019,2022,2024,2025"
judge_corps_caption,t-ochran-1,Timothy Ochran,001j000000iwxa2aal,Louisiana Stars,VA,Open Class,6,0.5511,0.415,0.2362,0.8227,-1.0614,2.1635,1.6177,0.8333,0.6699,"2015,2016,2018,2019"
judge_corps_caption,r-kemp-1,Richard Kemp,001j000000iwxa8aal,Pioneer,GE1,World Class,17,-0.3472,-0.5225,-0.2361,0.4126,-1.1558,0.4615,1.1972,0.5882,-0.8415,"2013,2015,2016,2017,2018"
judge_corps_caption,c-nelson-1,Carl Nelson,001j000000iwxa0aal,Legends,VP,Open Class,10,0.4251,0.6176,0.2361,0.1269,0.1763,0.6738,0.4505,0.7,3.349,"2014,2016,2017,2018,2019"
judge_corps_caption,g-fugett-1,Glenn Fugett,001j000000iwxa7aal,Pacific Crest,GE2,World Class,20,-0.3305,-0.4569,-0.236,0.4004,-1.1152,0.4543,1.2058,0.65,-0.8253,"2013,2014,2016,2017,2018,2019,2022,2023,2024,2025"
judge_corps_caption,c-nelson-1,Carl Nelson,001j000000iwxakaa1,Vanguard Cadets,VA,Open Class,8,-0.4718,-0.6183,-0.2359,0.7954,-2.0308,1.0871,1.8163,0.625,-0.5932,"2014,2015,2016,2017,2018,2022"
judge_corps_caption,r-greenwell-1,Randy Greenwell,001j000000iwxa3aal,Mandarins,MA,World Class,9,0.445,0.5205,0.2356,0.1464,0.1581,0.7319,0.4788,0.7778,3.0396,"2015,2016,2019,2022"
judge_corps_caption,j-harper-1,Jeff Harper,001j000000iwxa2aal,Louisiana Stars,MB,Open Class,5,-0.6124,-0.511,-0.2355,0.5097,-1.6113,0.3866,1.031,0.4,-1.2015,"2016,2018,2019"
judge_corps_caption,c-nelson-1,Carl Nelson,001j000000iwxa6aal,Oregon Crusaders,VP,World Class,6,-0.5492,-0.3572,-0.2354,0.6194,-1.7631,0.6648,0.7752,0.5,-0.8867,"2015,2016,2017,2018"
judge_corps_caption,g-oliviero-1,George Oliviero,001j000000iwwssaal,Boston Crusaders,VA,World Class,17,0.3457,0.2633,0.2351,0.1856,-0.018,0.7095,0.6896,0.8235,1.863,"2013,2014,2015,2016,2018,2019,2022,2023,2024,2025"
judge_corps_caption,d-padilla-1,Damon Padilla,001j000000h3xwcaav,Santa Clara Vanguard,GE1,World Class,7,-0.5038,-0.3665,-0.2351,0.7035,-1.8827,0.875,0.9568,0.5714,-0.7162,"2022,2024,2025"
judge_corps_caption,m-griffin-1,Marty Griffin,001j000000iwxa7aal,Pacific Crest,MP,World Class,20,-0.329,-0.0656,-0.235,0.2768,-0.8716,0.2136,0.6635,0.4,-1.1884,"2013,2014,2015,2017,2018,2019,2022,2025"
judge_corps_caption,c-nelson-1,Carl Nelson,001j000000i6kalaa3,Blue Devils C,VP,Open Class,12,-0.3916,-0.1859,-0.235,0.5358,-1.4419,0.6586,1.1442,0.5833,-0.7309,"2013,2014,2016,2017,2019,2022,2023"
judge_corps_caption,m-turner-1,Michael Turner,001j000000iwwsoaal,Blue Knights,GE1,World Class,8,-0.4695,-0.4277,-0.2348,0.5117,-1.4725,0.5335,1.0398,0.5,-0.9174,"2013,2014,2015,2016,2017,2018,2023"
judge_corps_caption,m-czapinksi-1,Marie Czapinksi,001j000000iwxadaa1,Spirit of Atlanta,GE1,World Class,6,0.5473,-0.0173,0.2346,0.1101,0.3315,0.7632,0.5473,1,4.9696,"2013,2014"
judge_corps_caption,c-hestin-1,Chris Hestin,001j000000h3xwcaav,Santa Clara Vanguard,GE2,World Class,5,0.6092,0.7723,0.2343,0.2373,0.144,1.0743,0.6092,1,2.5669,"2017,2018,2022"
judge_corps_caption,m-czapinksi-1,Marie Czapinksi,001j000000h3xwcaav,Santa Clara Vanguard,GE1,World Class,8,-0.4682,-0.9959,-0.2341,1.0151,-2.4578,1.5215,2.0567,0.75,-0.4612,"2013,2014,2015"
judge_corps_caption,b-kuhn-1,Blair Kuhn,001j000000iwx93aad,Seattle Cascades,VA,World Class,5,0.6088,0.39,0.2341,0.1789,0.2581,0.9594,0.6088,1,3.4028,"2017,2018,2025"
judge_corps_caption,m-rubino-1,Mike Rubino,001j000000i6i9saav,Blue Devils,MB,World Class,9,-0.4419,-0.8654,-0.234,0.4869,-1.3962,0.5123,1.2028,0.3333,-0.9077,"2014,2015,2016,2017,2018,2022,2023"
judge_corps_caption,k-kuhn-1,Kim Kuhn,001j000000iwxafaa1,The Cavaliers,CG,World Class,5,-0.6077,-1.2084,-0.2337,0.7147,-2.0086,0.7931,1.2481,0.2,-0.8503,"2016,2018,2019,2023"
judge_corps_caption,j-howell-1,John Howell,001j000000h3xwcaav,Santa Clara Vanguard,CG,World Class,9,-0.4405,-0.4009,-0.2332,0.5667,-1.5512,0.6702,1.01,0.6667,-0.7773,"2013,2014,2015,2018,2019,2025"
judge_corps_caption,b-fabrizio-1,Beth Fabrizio,001j000000iwxakaa1,Vanguard Cadets,MA,Open Class,5,0.6061,1.2834,0.2331,0.2157,0.1834,1.0288,0.6061,1,2.8103,"2013,2014,2016"
judge_corps_caption,w-chumley-1,William Chumley,001j000000iwwsraal,Bluecoats,VP,World Class,10,0.4196,0.3462,0.2331,0.1072,0.2096,0.6297,0.4535,0.8,3.9157,"2014,2017,2018,2019,2022"
judge_corps_caption,m-turner-1,Michael Turner,001j000000iwxa3aal,Mandarins,VP,World Class,14,-0.3662,-0.1645,-0.233,0.4416,-1.2317,0.4994,0.988,0.6429,-0.8291,"2013,2016,2017,2018,2022,2023,2024,2025"
judge_corps_caption,n-jones-1,Nola Jones,001j000000i6i9saav,Blue Devils,MA,World Class,7,0.4989,-0.0158,0.2328,0.391,-0.2676,1.2653,0.9415,0.8571,1.2757,"2014,2015,2018,2022,2024"
judge_corps_caption,k-turner-1,Ken Turner,001j000000h3xrnaav,Phantom Regiment,MA,World Class,6,0.542,0.3263,0.2323,0.1396,0.2684,0.8157,0.542,1,3.8825,"2013,2014,2016,2019,2022"
judge_corps_caption,j-orefice-1,Juno Orefice,001j000000i6lenaa3,Madison Scouts,VP,World Class,24,-0.3095,-0.5281,-0.2321,0.3338,-0.9638,0.3447,1.1053,0.625,-0.9273,"2013,2014,2015,2016,2018,2019,2024,2025"
judge_corps_caption,r-greenwell-1,Randy Greenwell,001j000000iwxa0aal,Legends,GE2,Open Class,8,0.4642,0.5339,0.2321,0.2482,-0.0222,0.9506,0.6985,0.875,1.8705,"2013,2014,2015,2016"
judge_corps_caption,d-torchia-1,Debbie Torchia,001j000000iwxacaa1,Spartans,CG,Open Class,5,-0.603,-1.4563,-0.2319,1.0622,-2.6849,1.4788,1.979,0.4,-0.5677,"2013,2019"
judge_corps_caption,d-carbone-1,Dave Carbone,001j000000iwxadaa1,Spirit of Atlanta,MP,World Class,5,-0.6026,-0.6435,-0.2318,0.5556,-1.6916,0.4864,1.0802,0.4,-1.0846,"2016,2017,2019,2023,2025"
judge_corps_caption,j-howell-1,John Howell,001j000000i6i9saav,Blue Devils,GE1,World Class,16,0.3476,0.3296,0.2317,0.0815,0.1878,0.5073,0.3764,0.875,4.2635,"2015,2016,2017,2018,2019,2023,2024,2025"
judge_corps_caption,w-dillon-1,Wayne Dillon,001j000000iwwsraal,Bluecoats,MB,World Class,12,0.3855,0.3662,0.2313,0.1327,0.1255,0.6456,0.5413,0.8333,2.9057,"2013,2014,2015,2016,2018,2019,2024"
judge_corps_caption,k-miller-1,Kyle Miller,001j000000iwxafaa1,The Cavaliers,VP,World Class,11,0.3995,0.3617,0.2313,0.1259,0.1527,0.6463,0.4876,0.9091,3.1731,"2013,2014,2015,2016,2017,2019,2022,2023,2024,2025"
judge_corps_caption,h-nguyen-1,Hieu Nguyen,001j000000iwx9paad,Gold,CG,Open Class,9,0.4367,0.4721,0.2312,0.2609,-0.0746,0.948,0.7744,0.7778,1.6741,"2017,2018,2019,2022,2024"
judge_corps_caption,m-teal-1,Mark Teal,001j000000iwwsraal,Bluecoats,MP,World Class,9,-0.4365,-0.1178,-0.2311,0.4297,-1.2787,0.4058,0.6059,0.4444,-1.0157,"2017,2018,2019,2024,2025"
judge_corps_caption,j-wilson-1,Jeff Wilson,001j000000i6kalaa3,Blue Devils C,MA,Open Class,8,-0.462,-0.068,-0.231,0.2513,-0.9545,0.0306,0.5815,0.25,-1.8382,"2013,2017,2018,2019,2025"
judge_corps_caption,g-oliviero-1,George Oliviero,001j000000h3xwcaav,Santa Clara Vanguard,VP,World Class,5,-0.6004,-2.1165,-0.2309,0.5822,-1.7414,0.5406,1.1452,0.4,-1.0314,"2015,2016,2017,2019,2022"
judge_corps_caption,b-mascaro-1,Bret Mascaro,001j000000iwwsraal,Bluecoats,VP,World Class,13,-0.3727,-0.5388,-0.2307,0.5312,-1.4138,0.6684,1.2163,0.6923,-0.7017,"2013,2014,2015,2016,2017,2018,2022"
judge_corps_caption,m-teal-1,Mark Teal,001j000000iwx9oaad,Genesis,MP,World Class,6,-0.538,-0.1662,-0.2306,0.2502,-1.0285,-0.0476,0.6046,0.3333,-2.15,"2018,2024,2025"
judge_corps_caption,t-wemhoff-1,Ted Wemhoff,001j000000iwx98aad,Colts,GE1,World Class,19,-0.3275,-0.0929,-0.2305,0.239,-0.796,0.141,0.4052,0.2632,-1.3702,"2015,2016,2018,2019,2022,2023,2025"
judge_corps_caption,k-kuhn-1,Kim Kuhn,001j000000i6lenaa3,Madison Scouts,CG,World Class,5,-0.5991,-1.2139,-0.2304,0.9725,-2.5052,1.3071,1.6521,0.4,-0.616,"2018,2019,2023"
judge_corps_caption,j-davila-1,Julie Davila,001j000000iwwsqaal,Blue Stars,MP,World Class,17,-0.3385,-0.4822,-0.2302,0.3602,-1.0446,0.3676,1.0396,0.5882,-0.9396,"2017,2022,2023,2024"
judge_corps_caption,a-lo-1,Albert Lo,001j000000iwwssaal,Boston Crusaders,MB,World Class,7,-0.4931,-0.3498,-0.2301,0.7785,-2.019,1.0328,0.9866,0.7143,-0.6334,"2013,2014,2018"
judge_corps_caption,c-nelson-1,Carl Nelson,001j000000h3xwcaav,Santa Clara Vanguard,VP,World Class,20,-0.3214,-0.0681,-0.2295,0.3827,-1.0714,0.4287,0.9323,0.75,-0.8398,"2014,2015,2016,2017,2018,2019,2022"
judge_corps_caption,c-romanowski-1,Chris Romanowski,001j000000iwxa0aal,Legends,MP,Open Class,10,0.4127,0.5368,0.2293,0.2086,0.0038,0.8217,0.6813,0.7,1.978,"2013,2014,2016,2017"
judge_corps_caption,d-torchia-1,Debbie Torchia,001j000000iwwslaal,7th Regiment,VA,Open Class,8,-0.4583,-0.6692,-0.2291,0.9284,-2.278,1.3614,2.2229,0.5,-0.4936,"2013,2017,2018,2019,2022"
judge_corps_caption,j-kennedy-1,Jay Kennedy,001j000000h3xrnaav,Phantom Regiment,MA,World Class,25,-0.3025,0.0383,-0.2291,0.1876,-0.6702,0.0653,0.4864,0.32,-1.6119,"2013,2014,2015,2016,2017,2018,2019,2022,2023,2024,2025"
judge_corps_caption,c-romanowski-1,Chris Romanowski,001j000000iwxa3aal,Mandarins,MP,World Class,6,-0.5342,-0.436,-0.229,0.8139,-2.1295,1.061,1.0534,0.6667,-0.6564,"2015,2016,2017,2023,2024"
judge_corps_caption,c-guard-1,Color Guard,001j000000iwxa0aal,Legends,CG,Open Class,5,-0.5949,-1.3359,-0.2288,0.417,-1.4122,0.2225,0.7301,0.2,-1.4265,"2017,2019,2022"
judge_corps_caption,j-pipitone-1,JJ Pipitone,001j000000iwx98aad,Colts,MP,World Class,7,-0.49,-0.3015,-0.2287,0.4677,-1.4068,0.4267,0.9607,0.5714,-1.0477,"2013,2014,2015"
judge_corps_caption,m-stone-1,Michael Stone,001j000000iwx9taad,Heat Wave,GE1,Open Class,6,0.5337,0.3773,0.2287,0.3409,-0.1344,1.2018,0.82,0.8333,1.5658,"2016,2018,2019,2022"
judge_corps_caption,r-kemp-1,Richard Kemp,001j000000iwxa8aal,Pioneer,CG,World Class,10,0.4116,0.4682,0.2286,0.1139,0.1883,0.6348,0.465,0.9,3.6131,"2013,2014,2015,2016,2017,2018"
judge_corps_caption,j-webb-1,Jay Webb,001j000000iwxafaa1,The Cavaliers,MA,World Class,13,-0.3691,-0.4392,-0.2285,0.4879,-1.3255,0.5872,0.8256,0.6923,-0.7565,"2013,2014,2018,2022,2023,2024,2025"
judge_corps_caption,f-miller-1,Frank Miller,001j000000iwxa5aal,Music City,VA,Open Class,5,0.5941,0.0143,0.2285,0.175,0.2511,0.9371,0.5949,0.8,3.3951,"2014,2015,2017"
judge_corps_caption,c-moss-1,Chris Moss,001j000000iwwssaal,Boston Crusaders,GE1,World Class,9,0.4316,0.4287,0.2285,0.1798,0.0793,0.784,0.6272,0.8889,2.4009,"2014,2016,2017,2018,2019,2023"
judge_corps_caption,w-chumley-1,William Chumley,001j000000i6lenaa3,Madison Scouts,VP,World Class,6,-0.5331,-0.6284,-0.2285,0.8822,-2.2622,1.196,1.2287,0.5,-0.6043,"2014,2017,2018,2022"
judge_corps_caption,j-harper-1,Jeff Harper,001j000000iwx91aad,Carolina Crown,MA,World Class,15,-0.3503,-0.4666,-0.2285,0.4251,-1.1835,0.4829,0.9613,0.6667,-0.824,"2015,2017,2018,2019,2023,2024,2025"
judge_corps_caption,a-cook-1,Andrew Cook,001j000000i6jmbaaf,Blue Devils B,MB,Open Class,5,0.594,0.4367,0.2285,0.3072,-0.0081,1.1962,0.6878,0.6,1.9335,"2015,2017,2022"
judge_corps_caption,d-deems-1,Don Deems,001j000000iwxa3aal,Mandarins,GE1,World Class,9,0.4314,0.5148,0.2284,0.1313,0.174,0.6889,0.4536,0.8889,3.2846,"2013,2016,2022,2024,2025"
judge_corps_caption,m-thompson-1,Michael Thompson,001j000000iwxajaa1,Troopers,CG,World Class,11,0.3943,0.6275,0.2283,0.1712,0.0587,0.73,0.5392,0.7273,2.3028,"2015,2016,2018,2023,2024"
judge_corps_caption,d-carbone-1,Dave Carbone,001j000000iwxa5aal,Music City,MA,World Class,12,-0.3805,-0.1535,-0.2283,0.3086,-0.9853,0.2243,0.6665,0.5,-1.2332,"2018,2019,2022,2024,2025"
judge_corps_caption,m-mcgahey-1,Mark McGahey,001j000000iwxafaa1,The Cavaliers,MB,World Class,5,0.5934,0.1582,0.2282,0.1193,0.3597,0.8271,0.5934,1,4.9761,"2013,2014,2015"
judge_corps_caption,c-dillon-1,Christine Dillon,001j000000i6kalaa3,Blue Devils C,VA,Open Class,5,0.5933,1.2116,0.2282,0.2726,0.059,1.1277,0.5933,1,2.1764,"2013,2014,2015,2016,2017"
judge_corps_caption,m-hoskins-1,Mark Hoskins,001j000000i6jmbaaf,Blue Devils B,MB,Open Class,10,0.4104,0.6906,0.228,0.1384,0.1392,0.6816,0.4894,0.9,2.9662,"2013,2015,2017,2022,2024"
judge_corps_caption,g-howarth-1,Gifford Howarth,001j000000iwxa7aal,Pacific Crest,MP,World Class,9,0.4307,0.6507,0.228,0.171,0.0955,0.7659,0.5081,0.7778,2.5185,"2014,2015,2016,2017,2018,2019"
judge_corps_caption,b-fabrizio-1,Beth Fabrizio,001j000000h3xrnaav,Phantom Regiment,MB,World Class,8,-0.4558,-0.4104,-0.2279,0.44,-1.3182,0.4066,0.9368,0.625,-1.036,"2014,2018,2022,2023"
judge_corps_caption,g-fugett-1,Glenn Fugett,001j000000iwxakaa1,Vanguard Cadets,GE2,Open Class,5,-0.592,-1.1211,-0.2277,0.9474,-2.449,1.2649,1.63,0.6,-0.6249,"2014,2016,2017,2018"
judge_corps_caption,m-griffin-1,Marty Griffin,001j000000h3xrnaav,Phantom Regiment,MP,World Class,22,0.3104,0.551,0.2276,0.0784,0.1568,0.464,0.3564,0.8182,3.9611,"2013,2014,2015,2017,2018,2019,2025"
judge_corps_caption,s-adamo-1,Sal Adamo,001j000000iwx9waad,Jersey Surf,VP,World Class,8,-0.4546,-0.1995,-0.2273,0.4923,-1.4195,0.5104,0.9419,0.625,-0.9233,"2013,2015,2016,2017,2019,2023,2024"
judge_corps_caption,m-turner-1,Michael Turner,001j000000iwx9waad,Jersey Surf,CG,World Class,7,0.487,0.6313,0.2273,0.2228,0.0504,0.9236,0.6772,0.8571,2.1861,"2013,2014,2015"
judge_corps_caption,b-kuhn-1,Blair Kuhn,001j000000iwx91aad,Carolina Crown,VA,World Class,16,-0.341,-0.5669,-0.2273,0.4953,-1.3118,0.6299,1.3951,0.625,-0.6884,"2017,2018,2019,2022,2023,2025"
judge_corps_caption,d-carbone-1,Dave Carbone,001j000000h3xrnaav,Phantom Regiment,MP,World Class,6,0.5301,0.4766,0.2272,0.0897,0.3543,0.706,0.5301,1,5.9092,"2013,2014,2016,2023"
judge_corps_caption,m-mcgahey-1,Mark McGahey,001j000000iwwssaal,Boston Crusaders,GE2,World Class,11,0.3924,0.3394,0.2272,0.1857,0.0285,0.7562,0.6014,0.7273,2.1134,"2013,2014,2017,2019,2022,2023,2025"
judge_corps_caption,m-stone-1,Michael Stone,001j000000h3xrnaav,Phantom Regiment,GE1,World Class,19,-0.3229,-0.5054,-0.2272,0.3969,-1.1008,0.4549,1.0245,0.6842,-0.8137,"2014,2015,2016,2017,2018,2019,2022"
judge_corps_caption,k-young-1,Kyle Young,001j000000i6lenaa3,Madison Scouts,MA,World Class,10,-0.409,-0.4601,-0.2272,0.5063,-1.4013,0.5832,0.8983,0.8,-0.8079,"2019,2022,2023,2024,2025"
judge_corps_caption,g-fugett-1,Glenn Fugett,001j000000iwxafaa1,The Cavaliers,MP,World Class,9,0.429,-0.0463,0.2271,0.4883,-0.5281,1.386,1.3177,0.7778,0.8785,"2013,2014,2015,2016,2018"
judge_corps_caption,m-stone-1,Michael Stone,001j000000iwx97aad,Colt Cadets,GE1,Open Class,8,0.454,0.2812,0.227,0.4333,-0.3952,1.3032,1.0548,0.875,1.0478,"2015,2018,2019"
judge_corps_caption,k-baker-1,Keith Baker,001j000000iwxa1aal,Les Stentors,VA,Open Class,8,-0.4536,-0.226,-0.2268,0.1982,-0.8421,-0.0651,0.5634,0.25,-2.2885,"2013,2014,2016,2017,2024"
judge_corps_caption,s-halquist-1,Shawn Halquist,001j000000iwxaaaa1,Raiders,MB,Open Class,6,-0.5292,-0.1166,-0.2268,0.5836,-1.6731,0.6146,0.8456,0.3333,-0.9069,"2018,2022,2023,2025"
judge_corps_caption,m-czapinksi-1,Marie Czapinksi,001j000000iwxa8aal,Pioneer,GE1,World Class,6,0.529,-0.0439,0.2267,0.179,0.1782,0.8797,0.529,1,2.956,"2013,2014"
judge_corps_caption,j-howell-1,John Howell,001j000000iwxajaa1,Troopers,CG,World Class,10,0.4081,0.4222,0.2267,0.1386,0.1365,0.6797,0.4625,0.8,2.9453,"2013,2015,2017,2018,2019,2022"
judge_corps_caption,m-waymire-1,Mark Waymire,001j000000iwxabaa1,Southwind,GE2,Open Class,5,-0.5891,-0.2635,-0.2266,0.1307,-0.8454,-0.3329,0.5891,0,-4.5062,"2016,2017,2019"
judge_corps_caption,j-harper-1,Jeff Harper,001j000000iwxaeaa1,The Academy,MA,World Class,8,0.4528,0.3112,0.2264,0.1547,0.1495,0.7561,0.5146,0.875,2.9265,"2016,2017,2023,2024,2025"
judge_corps_caption,r-kemp-1,Richard Kemp,001j000000iwx9aaat,Crossmen,CG,World Class,7,0.4847,0.5816,0.2262,0.1843,0.1236,0.8459,0.5143,0.8571,2.6306,"2013,2014,2015,2016"
judge_corps_caption,f-miller-1,Frank Miller,001j000000iwwsoaal,Blue Knights,GE1,World Class,7,0.4846,0.7596,0.2262,0.1893,0.1136,0.8557,0.512,0.8571,2.56,"2014,2015,2016,2017"
judge_corps_caption,r-greenwell-1,Randy Greenwell,001j000000i6kfgaan,The Cadets,MA,World Class,10,-0.4069,-0.356,-0.2261,0.6276,-1.6369,0.8231,0.8434,0.6,-0.6484,"2015,2016,2019,2022"
judge_corps_caption,j-wilson-1,Jeff Wilson,001j000000iwxafaa1,The Cavaliers,MP,World Class,6,0.5272,0.2557,0.2259,0.6453,-0.7375,1.7919,1.4149,0.8333,0.817,"2016,2019,2023,2024"
judge_corps_caption,g-fugett-1,Glenn Fugett,001j000000h3xwcaav,Santa Clara Vanguard,GE2,World Class,28,-0.2902,-0.4123,-0.2257,0.3266,-0.9303,0.35,1.0733,0.7143,-0.8884,"2013,2014,2015,2016,2017,2018,2019,2022,2024,2025"
judge_corps_caption,j-denton-1,Joel Denton,001j000000iwx9paad,Gold,GE2,Open Class,9,0.4263,0.9854,0.2257,0.1206,0.19,0.6626,0.4489,0.8889,3.5362,"2015,2017,2022,2025"
judge_corps_caption,c-nelson-1,Carl Nelson,001j000000i6i9saav,Blue Devils,VA,World Class,11,-0.3892,-1.5016,-0.2253,0.6023,-1.5697,0.7913,1.6676,0.4545,-0.6462,"2013,2014,2015,2017,2018,2019,2022,2023,2024"
judge_corps_caption,d-carbone-1,Dave Carbone,001j000000iwx91aad,Carolina Crown,MP,World Class,7,0.4825,0.442,0.2252,0.0931,0.3001,0.6649,0.4825,1,5.1847,"2013,2014,2017,2023,2025"
judge_corps_caption,c-guard-1,Color Guard,001j000000h3xrnaav,Phantom Regiment,VP,World Class,5,0.5856,0.2977,0.2252,0.2881,0.021,1.1502,0.7647,0.8,2.0329,"2014,2015,2018,2019"
judge_corps_caption,d-deems-1,Don Deems,001j000000iwxaeaa1,The Academy,GE1,World Class,5,0.5844,0.6284,0.2248,0.282,0.0316,1.1372,0.5844,0.8,2.072,"2013,2018,2024,2025"
judge_corps_caption,p-mcgarr-1,Paul McGarr,001j000000iwxacaa1,Spartans,MB,Open Class,11,-0.3877,-0.4893,-0.2245,0.2663,-0.9096,0.1342,0.6188,0.2727,-1.4561,"2014,2016,2017,2018,2022,2023,2025"
judge_corps_caption,j-bell-1,John Bell,001j000000iwx93aad,Seattle Cascades,MA,World Class,7,-0.4808,-0.0389,-0.2244,0.0988,-0.6744,-0.2871,0.4808,0,-4.8661,"2013,2014,2017,2018,2024"
judge_corps_caption,a-kristensen-1,Allan Kristensen,001j000000iwxaeaa1,The Academy,MP,World Class,20,-0.3142,-0.9609,-0.2244,0.4027,-1.1035,0.4752,1.3554,0.55,-0.7801,"2014,2015,2016,2018,2019,2022,2023,2024"
judge_corps_caption,p-furnari-1,Peter Furnari,001j000000iwxacaa1,Spartans,MP,Open Class,12,-0.3739,-0.6575,-0.2243,0.6176,-1.5844,0.8367,1.796,0.5,-0.6053,"2013,2017,2018,2019,2022,2023,2024"
judge_corps_caption,r-solomon-1,Robert Solomon,001j000000iwxajaa1,Troopers,VP,World Class,12,0.3738,0.3807,0.2243,0.237,-0.0907,0.8384,0.7986,0.75,1.5772,"2013,2015,2017,2018,2019,2023,2025"
judge_corps_caption,c-phillips-1,Chester Phillips,001j000000iwx9oaad,Genesis,MB,Open Class,13,0.3618,0.4829,0.224,0.2855,-0.1978,0.9214,0.7727,0.7692,1.2672,"2013,2016,2017,2018,2022,2023"
judge_corps_caption,j-sturgeon-1,Jim Sturgeon,001j000000iwxacaa1,Spartans,VA,Open Class,7,0.4801,1.119,0.224,0.1673,0.1521,0.808,0.5643,0.7143,2.8694,"2013,2015,2016,2024"
judge_corps_caption,d-carbone-1,Dave Carbone,001j000000iwx93aad,Seattle Cascades,MP,World Class,6,0.5222,0.4813,0.2238,0.5355,-0.5274,1.5717,1.1334,0.8333,0.9751,"2013,2014,2016,2019,2025"
judge_corps_caption,m-stone-1,Michael Stone,001j000000iwwsraal,Bluecoats,GE1,World Class,19,-0.318,-0.4925,-0.2238,0.4349,-1.1705,0.5345,1.0815,0.8421,-0.7312,"2013,2014,2015,2016,2017,2018,2019,2022"
judge_corps_caption,j-prosperie-1,Jeff Prosperie,001j000000h3xwcaav,Santa Clara Vanguard,MP,World Class,17,0.329,0.481,0.2237,0.0954,0.142,0.516,0.3992,0.8824,3.4485,"2013,2014,2015,2016,2017,2019,2025"
judge_corps_caption,j-bell-1,John Bell,001j000000i6i9saav,Blue Devils,GE2,World Class,21,0.3086,0.4693,0.2235,0.0749,0.1617,0.4555,0.3834,0.7619,4.1185,"2013,2014,2015,2016,2017,2018,2019,2024"
judge_corps_caption,p-mcgarr-1,Paul McGarr,001j000000iwx93aad,Seattle Cascades,MA,World Class,5,-0.5805,-1.0159,-0.2233,0.3128,-1.1935,0.0325,0.6628,0.4,-1.856,"2013,2015,2016"
judge_corps_caption,n-jones-1,Nola Jones,001j000000iwxa7aal,Pacific Crest,GE2,World Class,21,-0.3083,-0.3977,-0.2232,0.2843,-0.8654,0.2489,0.8777,0.5714,-1.0845,"2013,2014,2015,2016,2017,2018,2019,2023,2024,2025"
judge_corps_caption,g-howarth-1,Gifford Howarth,001j000000iwx9oaad,Genesis,MP,Open Class,9,-0.4212,-0.1839,-0.223,0.475,-1.3521,0.5097,0.6319,0.5556,-0.8868,"2014,2015,2017,2018,2024,2025"
judge_corps_caption,j-brooks-1,Jeff Brooks,001j000000iwxaeaa1,The Academy,MP,World Class,13,0.36,0.6709,0.2228,0.1704,0.0259,0.694,0.5478,0.7692,2.1123,"2019,2022,2023,2024,2025"
judge_corps_caption,g-oliviero-1,George Oliviero,001j000000iwx9aaat,Crossmen,CG,World Class,8,0.4453,-0.0123,0.2226,0.3512,-0.243,1.1336,0.9338,0.875,1.268,"2013,2014,2015,2018"
judge_corps_caption,j-bell-1,John Bell,001j000000h3xwcaav,Santa Clara Vanguard,GE2,World Class,22,0.3034,0.4707,0.2225,0.0706,0.165,0.4418,0.3706,0.9091,4.2967,"2013,2015,2016,2017,2018,2019,2022,2024"
judge_corps_caption,m-stone-1,Michael Stone,001j000000iwx9aaat,Crossmen,CG,World Class,9,0.4203,0.3863,0.2225,0.2325,-0.0353,0.8759,0.6834,0.7778,1.808,"2013,2014,2015,2016,2017,2022"
judge_corps_caption,s-adamo-1,Sal Adamo,001j000000i6i9saav,Blue Devils,VA,World Class,6,0.5191,0.6917,0.2225,0.2007,0.1259,0.9124,0.5198,0.8333,2.5872,"2013,2014,2016,2023,2024"
judge_corps_caption,r-kemp-1,Richard Kemp,001j000000iwwsoaal,Blue Knights,CG,World Class,9,0.4201,0.5447,0.2224,0.1313,0.1627,0.6775,0.5176,0.8889,3.199,"2013,2014,2015,2016,2017"
judge_corps_caption,d-deems-1,Don Deems,001j000000iwx93aad,Seattle Cascades,GE1,World Class,7,0.4762,0.5304,0.2222,0.1855,0.1126,0.8398,0.5948,0.7143,2.5671,"2013,2017,2018,2023,2024,2025"
judge_corps_caption,w-dillon-1,Wayne Dillon,001j000000iwwslaal,7th Regiment,MA,Open Class,5,-0.5774,-1.2047,-0.2221,0.7197,-1.988,0.8332,1.2673,0.6,-0.8023,"2013,2015,2017,2018,2022"
judge_corps_caption,s-page-1,Steven Page,001j000000iwxakaa1,Vanguard Cadets,GE2,Open Class,5,0.5774,1.4748,0.2221,0.2992,-0.0089,1.1638,0.7474,0.8,1.9301,"2013,2016"
judge_corps_caption,w-dillon-1,Wayne Dillon,001j000000iwxa8aal,Pioneer,MA,World Class,5,0.5771,0.5121,0.222,0.3585,-0.1256,1.2798,0.7515,0.8,1.6096,"2013,2016,2017"
judge_corps_caption,j-davila-1,Julie Davila,001j000000i6i9saav,Blue Devils,MA,World Class,9,0.4189,0.2412,0.2218,0.1274,0.1692,0.6685,0.4286,0.8889,3.2888,"2018,2019"
judge_corps_caption,c-romanowski-1,Chris Romanowski,001j000000iwx9taad,Heat Wave,MA,Open Class,7,-0.4751,-0.2773,-0.2217,0.4313,-1.3204,0.3703,0.7112,0.2857,-1.1015,"2019,2023,2025"
judge_corps_caption,g-oliviero-1,George Oliviero,001j000000iwxaeaa1,The Academy,GE1,World Class,6,-0.517,-1.0871,-0.2216,0.6524,-1.7956,0.7617,1.1629,0.5,-0.7925,"2017,2018,2019,2023,2024"
judge_corps_caption,c-phillips-1,Chester Phillips,001j000000iwwslaal,7th Regiment,MB,Open Class,5,0.5757,0.4652,0.2214,0.1057,0.3686,0.7828,0.5757,1,5.4485,"2013,2016"
judge_corps_caption,c-armbruster-1,Chad Armbruster,001j000000iwx98aad,Colts,GE2,World Class,6,0.5167,0.3812,0.2214,0.1894,0.1455,0.8879,0.535,0.6667,2.7281,"2018,2019,2022,2024,2025"
judge_corps_caption,c-phillips-1,Chester Phillips,001j000000iwx97aad,Colt Cadets,MB,Open Class,8,-0.4424,-0.5118,-0.2212,0.4453,-1.3151,0.4304,0.9528,0.625,-0.9935,"2013,2014,2016,2017"
judge_corps_caption,j-howell-1,John Howell,001j000000iwx91aad,Carolina Crown,CG,World Class,8,0.4424,0.4589,0.2212,0.0714,0.3024,0.5823,0.4424,1,6.1962,"2013,2014,2015,2018,2019,2023"
judge_corps_caption,m-thompson-1,Michael Thompson,001j000000iwxadaa1,Spirit of Atlanta,VP,World Class,7,-0.4738,-0.1123,-0.2211,0.3104,-1.0821,0.1346,0.6062,0.4286,-1.5264,"2013,2014,2018,2019"
judge_corps_caption,k-baker-1,Keith Baker,001j000000iwx9paad,Gold,VP,Open Class,5,0.5741,0.98,0.2208,0.419,-0.2471,1.3952,0.7996,0.6,1.3702,"2013,2015"
judge_corps_caption,t-ochran-1,Timothy Ochran,001j000000iwwssaal,Boston Crusaders,GE1,World Class,5,0.5729,0.016,0.2203,0.0844,0.4074,0.7384,0.5729,1,6.7866,"2013,2015,2018,2025"
judge_corps_caption,r-rios-1,Ronnie Rios,001j000000iwxafaa1,The Cavaliers,MA,World Class,7,-0.4714,-0.3979,-0.22,0.4341,-1.3222,0.3794,0.7211,0.4286,-1.086,"2017,2018,2022,2023,2024"
judge_corps_caption,g-oliviero-1,George Oliviero,001j000000iwx9waad,Jersey Surf,VA,World Class,10,0.3958,0.2753,0.2199,0.327,-0.2451,1.0366,0.8492,0.8,1.2103,"2013,2014,2016,2019,2022"
judge_corps_caption,d-deems-1,Don Deems,001j000000iwxa0aal,Legends,CG,Open Class,7,0.4709,1.3923,0.2198,0.1438,0.1891,0.7527,0.4837,0.8571,3.2756,"2014,2015,2017,2018,2022"
judge_corps_caption,m-anderson-1,Mike Anderson,001j000000iwxafaa1,The Cavaliers,VA,World Class,5,-0.5714,-0.7209,-0.2198,1.4078,-3.3307,2.188,1.888,0.8,-0.4058,"2015,2018,2019"
judge_corps_caption,m-davis-1,Mike Davis,001j000000iwx9aaat,Crossmen,MP,World Class,12,-0.3662,-0.1637,-0.2197,0.3811,-1.1131,0.3807,0.9216,0.4167,-0.961,"2013,2014,2015,2017,2018,2019,2023,2024,2025"
judge_corps_caption,m-gray-1,Michael Gray,001j000000iwwsqaal,Blue Stars,GE1,World Class,9,-0.4149,-0.3004,-0.2197,0.604,-1.5988,0.7689,0.7827,0.5556,-0.687,"2016,2017,2018,2019"
judge_corps_caption,g-howarth-1,Gifford Howarth,001j000000iwwsqaal,Blue Stars,MP,World Class,9,0.4148,0.6126,0.2196,0.1154,0.1886,0.6409,0.4837,0.8889,3.5944,"2013,2015,2016,2017,2019,2024,2025"
judge_corps_caption,w-dillon-1,Wayne Dillon,001j000000i6lenaa3,Madison Scouts,GE2,World Class,15,0.3366,0.3352,0.2195,0.0954,0.1496,0.5236,0.3832,0.8667,3.5277,"2013,2014,2015,2016,2019,2024"
judge_corps_caption,c-nelson-1,Carl Nelson,001j000000iwwsraal,Bluecoats,VP,World Class,19,0.3118,0.5385,0.2194,0.0651,0.1843,0.4393,0.3361,0.8947,4.792,"2013,2016,2017,2018,2019,2022,2023"
judge_corps_caption,p-mcgarr-1,Paul McGarr,001j000000iwxa3aal,Mandarins,MA,World Class,5,0.5702,0.1395,0.2193,0.1937,0.1906,0.9499,0.6372,0.8,2.9438,"2013,2015,2017,2019,2022"
judge_corps_caption,k-kuhn-1,Kim Kuhn,001j000000iwx97aad,Colt Cadets,CG,Open Class,7,-0.4696,-0.4985,-0.2192,0.5882,-1.6225,0.6833,1.1032,0.4286,-0.7984,"2016,2018,2019,2023"
judge_corps_caption,k-miller-1,Kyle Miller,001j000000iwx99aad,Columbians,GE1,Open Class,7,0.4693,-0.1465,0.219,0.4315,-0.3764,1.315,0.9372,0.7143,1.0876,"2016,2023,2024,2025"
judge_corps_caption,p-furnari-1,Peter Furnari,001j000000iwx93aad,Seattle Cascades,MP,World Class,8,-0.4378,-0.2303,-0.2189,0.515,-1.4472,0.5716,1.0641,0.5,-0.8502,"2013,2016,2017,2019,2024"
judge_corps_caption,w-dillon-1,Wayne Dillon,001j000000iwxabaa1,Southwind,GE2,Open Class,8,0.4379,0.3856,0.2189,0.2497,-0.0516,0.9274,0.7066,0.875,1.7534,"2015,2016,2018,2019,2023"
judge_corps_caption,r-solomon-1,Robert Solomon,001j000000iwxaeaa1,The Academy,VA,World Class,7,-0.4687,-0.4002,-0.2187,0.4069,-1.2663,0.3289,0.742,0.2857,-1.1517,"2015,2016,2017,2023,2025"
judge_corps_caption,j-webb-1,Jay Webb,001j000000i6i9saav,Blue Devils,GE2,World Class,9,0.4117,0.2472,0.218,0.1318,0.1535,0.67,0.4341,0.7778,3.1246,"2014,2015,2019,2023"
judge_corps_caption,m-rubino-1,Mike Rubino,001j000000i6kalaa3,Blue Devils C,MB,Open Class,8,0.4358,0.5014,0.2179,0.4155,-0.3786,1.2502,1.0204,0.875,1.0489,"2013,2014,2015,2017,2018,2019,2025"
judge_corps_caption,j-harper-1,Jeff Harper,001j000000iwxafaa1,The Cavaliers,MA,World Class,13,-0.352,-0.4818,-0.2179,0.4707,-1.2746,0.5705,0.9574,0.6923,-0.7479,"2015,2017,2018,2019,2023,2024,2025"
judge_corps_caption,c-moss-1,Chris Moss,001j000000i6jmbaaf,Blue Devils B,VP,Open Class,6,0.5081,0.539,0.2178,0.3804,-0.2375,1.2537,0.8434,0.8333,1.3356,"2016,2018,2022,2024"
judge_corps_caption,f-morris-1,Frank Morris,001j000000h3xwcaav,Santa Clara Vanguard,GE1,World Class,9,0.4108,0.7389,0.2175,0.2932,-0.1639,0.9855,0.6648,0.6667,1.4009,"2013,2014,2015,2016"
judge_corps_caption,j-sturgeon-1,Jim Sturgeon,001j000000iwxacaa1,Spartans,VP,Open Class,9,0.4108,0.7075,0.2175,0.1349,0.1463,0.6752,0.4967,0.7778,3.0443,"2013,2014,2015,2022,2025"
judge_corps_caption,b-fabrizio-1,Beth Fabrizio,001j000000iwxa1aal,Les Stentors,MA,Open Class,8,-0.4349,0.1635,-0.2175,0.2489,-0.9228,0.0529,0.6464,0.25,-1.7474,"2013,2014,2016,2025"
judge_corps_caption,c-church-1,CHRIS CHURCH,001j000000iwx9oaad,Genesis,GE1,Open Class,5,-0.5654,-0.4662,-0.2175,0.5512,-1.6457,0.5149,0.8589,0.4,-1.0258,"2015,2016,2017,2018"
judge_corps_caption,b-crisp-1,Bryan Crisp,001j000000iwxajaa1,Troopers,MB,World Class,8,0.4349,0.4848,0.2175,0.1113,0.2169,0.653,0.4349,1,3.9095,"2018,2019,2023,2024,2025"
judge_corps_caption,t-hudnall-1,Tim Hudnall,001j000000iwxa5aal,Music City,CG,World Class,7,-0.4658,-1.1067,-0.2174,0.6072,-1.656,0.7244,1.4021,0.2857,-0.7671,"2022,2023,2024,2025"
judge_corps_caption,j-davila-1,Julie Davila,001j000000iwwsoaal,Blue Knights,MP,World Class,14,-0.3415,-0.4694,-0.2173,0.2914,-0.9126,0.2296,0.6751,0.5,-1.172,"2016,2017,2018,2019,2022,2023,2025"
judge_corps_caption,m-gray-1,Michael Gray,001j000000iwxafaa1,The Cavaliers,GE1,World Class,11,-0.3753,-0.2768,-0.2173,0.5108,-1.3764,0.6259,0.699,0.5455,-0.7347,"2016,2017,2018,2019"
judge_corps_caption,n-jones-1,Nola Jones,001j000000iwxa6aal,Oregon Crusaders,GE2,World Class,12,0.3616,0.259,0.217,0.1649,0.0385,0.6848,0.5742,0.6667,2.1933,"2013,2014,2015,2016,2017,2018"
judge_corps_caption,w-dillon-1,Wayne Dillon,001j000000iwx9aaat,Crossmen,MA,World Class,9,0.4099,0.3438,0.217,0.1355,0.1443,0.6756,0.4812,0.8889,3.0243,"2013,2014,2017,2019,2022,2023,2025"
judge_corps_caption,p-furnari-1,Peter Furnari,001j000000iwx9oaad,Genesis,MP,World Class,5,-0.5641,-0.3173,-0.217,0.715,-1.9655,0.8373,1.0224,0.6,-0.789,"2017,2024"
judge_corps_caption,j-harper-1,Jeff Harper,001j000000iwxa7aal,Pacific Crest,MB,World Class,8,0.4338,0.3507,0.2169,0.1333,0.1726,0.695,0.4943,0.875,3.2551,"2014,2016,2017,2019,2022,2025"
judge_corps_caption,c-armbruster-1,Chad Armbruster,001j000000iwx9saad,Guardians,MA,Open Class,5,0.5637,0.8419,0.2168,0.1795,0.2119,0.9155,0.573,0.8,3.1405,"2019,2022"
judge_corps_caption,m-mcgahey-1,Mark McGahey,001j000000iwx98aad,Colts,MB,World Class,7,0.4644,0.0498,0.2167,0.1511,0.1683,0.7604,0.514,0.8571,3.0741,"2013,2014,2015,2022"
judge_corps_caption,h-nguyen-1,Hieu Nguyen,001j000000iwx97aad,Colt Cadets,CG,Open Class,6,0.505,0.4985,0.2164,0.3384,-0.1582,1.1682,0.7277,0.6667,1.4925,"2017,2018,2024"
judge_corps_caption,a-dunn-1,Al Dunn,001j000000iwx9waad,Jersey Surf,MP,World Class,10,0.3893,0.5499,0.2163,0.1293,0.1359,0.6428,0.4424,0.8,3.0105,"2013,2014,2015,2016,2017"
judge_corps_caption,g-fugett-1,Glenn Fugett,001j000000iwxabaa1,Southwind,GE2,Open Class,6,0.5046,-0.0024,0.2163,0.5002,-0.4758,1.4849,0.847,0.6667,1.0088,"2016,2018,2023"
judge_corps_caption,j-bell-1,John Bell,001j000000iwxa7aal,Pacific Crest,GE2,World Class,17,0.3178,0.4802,0.2161,0.1389,0.0455,0.5901,0.5698,0.8235,2.2873,"2013,2015,2016,2017,2018,2019,2022,2024"
judge_corps_caption,d-davis-1,Darrin Davis,001j000000iwx91aad,Carolina Crown,MA,World Class,12,0.3602,0.3736,0.2161,0.1122,0.1404,0.5801,0.4255,0.6667,3.2117,"2014,2018,2019,2023,2024,2025"
judge_corps_caption,c-poole-1,Charles Poole,001j000000iwxacaa1,Spartans,MP,Open Class,7,-0.4625,-0.2719,-0.2158,0.6525,-1.7413,0.8163,1.4455,0.5714,-0.7089,"2019,2022,2023,2024"
judge_corps_caption,g-fugett-1,Glenn Fugett,001j000000iwxa8aal,Pioneer,MP,World Class,5,-0.5606,-1.0776,-0.2156,0.5898,-1.7167,0.5954,1.0442,0.4,-0.9505,"2013,2014,2016,2018"
judge_corps_caption,m-hoskins-1,Mark Hoskins,001j000000iwxafaa1,The Cavaliers,MB,World Class,24,0.2875,0.393,0.2156,0.1316,0.0296,0.5454,0.5637,0.875,2.1852,"2013,2016,2017,2018,2019,2022,2023,2024,2025"
judge_corps_caption,c-nelson-1,Carl Nelson,001j000000iwwsqaal,Blue Stars,VP,World Class,17,0.3165,0.5414,0.2152,0.069,0.1813,0.4516,0.3287,0.8235,4.59,"2015,2016,2017,2018,2019,2022,2023"
judge_corps_caption,j-davila-1,Julie Davila,001j000000iwx9aaat,Crossmen,MA,World Class,6,0.502,0.3058,0.2152,0.2319,0.0475,0.9566,0.5788,0.8333,2.1648,"2018,2019,2023"
judge_corps_caption,c-guard-1,Color Guard,001j000000iwx98aad,Colts,CG,World Class,6,0.5017,0.6419,0.215,0.1547,0.1986,0.8049,0.5017,1,3.2444,"2017,2019,2022,2023"
judge_corps_caption,p-haines-1,Phillip Haines,001j0000012y6bqaac,The Battalion,MA,Open Class,5,-0.559,-0.1815,-0.215,0.4056,-1.3539,0.236,0.8352,0.4,-1.3781,"2018,2019,2024,2025"
judge_corps_caption,b-fabrizio-1,Beth Fabrizio,001j000000iwxaaaa1,Raiders,MA,Open Class,13,-0.3471,0.2958,-0.2149,0.2996,-0.9344,0.2402,0.77,0.3846,-1.1583,"2013,2014,2016,2017,2018,2022,2024,2025"
judge_corps_caption,j-sturgeon-1,Jim Sturgeon,001j000000iwwssaal,Boston Crusaders,VA,World Class,14,-0.3376,-0.3673,-0.2149,0.4669,-1.2527,0.5775,1.2248,0.7143,-0.7231,"2014,2016,2017,2018,2019,2023,2024,2025"
judge_corps_caption,d-padilla-1,Damon Padilla,001j000000iwxadaa1,Spirit of Atlanta,CG,World Class,5,-0.5586,-0.6251,-0.2148,0.8213,-2.1683,1.0511,1.3848,0.6,-0.6802,"2023,2025"
judge_corps_caption,m-griffin-1,Marty Griffin,001j000000qzs1qaaf,River City Rhythm,MP,Open Class,5,0.558,0.5389,0.2146,0.2944,-0.0192,1.1351,0.7278,0.8,1.895,"2015,2016,2019,2025"
judge_corps_caption,m-davis-1,Mike Davis,001j000000iwxakaa1,Vanguard Cadets,MP,Open Class,18,0.3097,0.7936,0.2144,0.0912,0.1309,0.4885,0.3887,0.7222,3.3942,"2013,2014,2015,2016,2017,2018,2022"
judge_corps_caption,p-furnari-1,Peter Furnari,001j000000i6i9saav,Blue Devils,MP,World Class,5,0.5564,0.7545,0.214,0.1016,0.3572,0.7556,0.5564,1,5.475,"2013,2017,2024"
judge_corps_caption,j-gilley-1,Jackie Gilley,001j000000iwxa5aal,Music City,VA,Open Class,5,0.5565,1.2013,0.214,0.4971,-0.4178,1.5308,1.0474,0.6,1.1195,"2014,2016"
judge_corps_caption,t-ochran-1,Timothy Ochran,001j000000iwx9oaad,Genesis,VA,Open Class,14,0.3361,0.2014,0.2139,0.354,-0.3576,1.0299,1.043,0.7857,0.9497,"2013,2015,2016,2017,2018,2019,2024"
judge_corps_caption,h-nguyen-1,Hieu Nguyen,001j000000iwxakaa1,Vanguard Cadets,CG,Open Class,5,0.5546,0.65,0.2133,0.1391,0.282,0.8272,0.5546,1,3.9872,"2017,2018"
judge_corps_caption,t-mengel-1,Tim Mengel,001j000000iwwslaal,7th Regiment,MP,Open Class,5,-0.5541,-0.6065,-0.2131,0.8321,-2.185,1.0768,1.2852,0.4,-0.6659,"2018,2022,2024"
judge_corps_caption,a-lo-1,Albert Lo,001j000000h3xrnaav,Phantom Regiment,MA,World Class,5,0.5535,0.869,0.2129,0.2257,0.1112,0.9958,0.624,0.8,2.4527,"2013,2014,2015,2019"
judge_corps_caption,p-mcgarr-1,Paul McGarr,001j000000iwx9waad,Jersey Surf,MB,World Class,14,-0.3344,-0.3559,-0.2128,0.183,-0.693,0.0243,0.5769,0.2857,-1.8271,"2013,2014,2015,2016,2017,2018,2019,2022,2023,2024"
judge_corps_caption,m-anderson-1,Mike Anderson,001j000000iwxajaa1,Troopers,GE1,World Class,11,-0.3672,-0.0233,-0.2126,0.3146,-0.9839,0.2495,0.6394,0.4545,-1.167,"2014,2018,2019,2022"
judge_corps_caption,j-webb-1,Jay Webb,001j000000iwxaeaa1,The Academy,MA,World Class,9,0.4013,0.3194,0.2125,0.0996,0.2061,0.5966,0.4013,1,4.0295,"2013,2014,2018,2022,2023"
judge_corps_caption,c-rothe-1,Caleb Rothe,001j000000h3xwcaav,Santa Clara Vanguard,GE2,World Class,17,-0.3119,-0.2095,-0.2121,0.3499,-0.9977,0.3739,0.8009,0.7647,-0.8915,"2014,2016,2017,2018,2022,2024,2025"
judge_corps_caption,b-crisp-1,Bryan Crisp,001j000000i6lenaa3,Madison Scouts,MB,World Class,12,0.3535,0.3732,0.2121,0.1491,0.0612,0.6458,0.4931,0.8333,2.3706,"2018,2019,2022,2023,2024,2025"
judge_corps_caption,a-lo-1,Albert Lo,001j000000iwx9waad,Jersey Surf,MB,World Class,9,0.4003,0.5133,0.2119,0.219,-0.029,0.8296,0.6062,0.7778,1.8275,"2013,2014,2015,2018"
judge_corps_caption,g-fugett-1,Glenn Fugett,001j000000iwxa6aal,Oregon Crusaders,GE2,World Class,8,0.4235,0.2832,0.2118,0.1535,0.1227,0.7244,0.4965,0.875,2.7595,"2013,2014,2016,2017,2018"
judge_corps_caption,r-solomon-1,Robert Solomon,001j000000iwxa3aal,Mandarins,VP,World Class,23,-0.2853,-0.2331,-0.2117,0.3117,-0.8963,0.3257,0.8468,0.5217,-0.9153,"2013,2014,2015,2016,2017,2018,2019,2023,2024,2025"
judge_corps_caption,j-sturgeon-1,Jim Sturgeon,001j000000iwxa3aal,Mandarins,CG,World Class,5,0.5493,-0.2156,0.2113,0.7731,-0.966,2.0646,1.5439,0.8,0.7104,"2016,2018,2019,2022,2023"
judge_corps_caption,m-mcgahey-1,Mark McGahey,001j000000iwxajaa1,Troopers,GE2,World Class,11,0.3648,0.3074,0.2112,0.1195,0.1306,0.599,0.3927,0.9091,3.0529,"2013,2014,2017,2019,2023"
judge_corps_caption,r-isoda-1,Randolph Isoda,001j000000iwxafaa1,The Cavaliers,MA,World Class,5,0.5485,-0.4491,0.211,0.6931,-0.81,1.907,1.2648,0.8,0.7913,"2013,2014,2016,2017"
judge_corps_caption,m-turner-1,Michael Turner,001j000000iwx9paad,Gold,CG,Open Class,6,0.4923,0.0994,0.211,0.3821,-0.2567,1.2413,0.748,0.6667,1.2881,"2015,2016,2023,2024,2025"
judge_corps_caption,c-phillips-1,Chester Phillips,001j000000iwx9waad,Jersey Surf,MB,World Class,8,-0.4215,-0.1893,-0.2108,0.2325,-0.8772,0.0341,0.6302,0.375,-1.8131,"2014,2016,2017,2018,2019,2023"
judge_corps_caption,j-harper-1,Jeff Harper,001j000000iwx98aad,Colts,MA,World Class,9,0.3981,0.2736,0.2108,0.1079,0.1866,0.6097,0.3981,1,3.6886,"2016,2017,2023,2024,2025"
judge_corps_caption,d-torchia-1,Debbie Torchia,001j000000iwwsqaal,Blue Stars,CG,World Class,10,-0.3792,-0.4877,-0.2107,0.5909,-1.5374,0.7789,1.049,0.7,-0.6418,"2013,2014,2015,2017,2018,2022,2023,2025"
judge_corps_caption,m-rubino-1,Mike Rubino,001j000000iwxa3aal,Mandarins,MB,World Class,12,0.3504,-0.0545,0.2102,0.3312,-0.2987,0.9995,1.0198,0.5,1.058,"2013,2014,2015,2017,2018,2019,2022,2023"
judge_corps_caption,j-davila-1,Julie Davila,001j000000iwwssaal,Boston Crusaders,MP,World Class,13,0.3393,0.212,0.21,0.2584,-0.1671,0.8457,0.765,0.7692,1.3133,"2016,2017,2019,2023,2024"
judge_corps_caption,j-sturgeon-1,Jim Sturgeon,001j000000i6i9saav,Blue Devils,CG,World Class,6,0.49,-0.3054,0.21,0.692,-0.8663,1.8462,1.4755,0.8333,0.7081,"2018,2019,2022,2023"
judge_corps_caption,r-solomon-1,Robert Solomon,001j000000iwx98aad,Colts,VP,World Class,13,0.3391,0.3422,0.2099,0.1152,0.1132,0.565,0.432,0.9231,2.9424,"2013,2014,2015,2016,2017,2019,2024,2025"
judge_corps_caption,m-mcgahey-1,Mark McGahey,001j000000h3xrnaav,Phantom Regiment,MB,World Class,5,-0.5453,-0.9683,-0.2097,1.1216,-2.7437,1.6531,1.4613,0.8,-0.4862,"2013,2014,2017,2022"
judge_corps_caption,t-ochran-1,Timothy Ochran,001j000000iwx9uaad,Impulse,VA,Open Class,7,0.4489,0.3102,0.2095,0.3159,-0.1702,1.068,0.8199,0.7143,1.4212,"2017,2018,2019,2023,2024"
judge_corps_caption,c-armbruster-1,Chad Armbruster,001j000000iwx9paad,Gold,MA,Open Class,5,0.5443,0.8542,0.2093,0.2304,0.0926,0.9959,0.5443,1,2.3618,"2019,2022"
judge_corps_caption,t-wemhoff-1,Ted Wemhoff,001j000000iwxajaa1,Troopers,GE1,World Class,17,-0.3077,-0.0718,-0.2092,0.2914,-0.8788,0.2634,0.51,0.3529,-1.0559,"2015,2016,2017,2019,2022,2023,2025"
judge_corps_caption,m-griffin-1,Marty Griffin,001j000000iwwsraal,Bluecoats,MA,World Class,6,0.488,0.5391,0.2091,0.2623,-0.0261,1.0021,0.6062,0.8333,1.8605,"2014,2022,2024,2025"
judge_corps_caption,g-oliviero-1,George Oliviero,001j000000iwxaeaa1,The Academy,VA,World Class,16,-0.3133,-0.4199,-0.2089,0.2192,-0.7429,0.1163,0.6504,0.5,-1.4293,"2013,2014,2015,2018,2019,2022,2023,2024,2025"
judge_corps_caption,k-baker-1,Keith Baker,001j000000i6lenaa3,Madison Scouts,VA,World Class,13,-0.3371,-0.4279,-0.2087,0.4729,-1.2639,0.5897,1.1589,0.6923,-0.7129,"2015,2017,2019,2022,2023,2024,2025"
judge_corps_caption,w-chumley-1,William Chumley,001j000000iwx9oaad,Genesis,GE1,World Class,9,-0.3937,-0.1763,-0.2084,0.4102,-1.1976,0.4102,0.8674,0.4444,-0.9599,"2022,2023,2024,2025"
judge_corps_caption,j-prosperie-1,Jeff Prosperie,001j000000iwxaaaa1,Raiders,MP,Open Class,6,-0.486,-0.8889,-0.2083,0.6637,-1.7869,0.8148,1.0216,0.5,-0.7323,"2014,2016,2018,2019,2025"
judge_corps_caption,c-rapacki-1,Chris Rapacki,001j000000iwxaeaa1,The Academy,MP,World Class,7,0.4464,0.492,0.2083,0.2107,0.0335,0.8593,0.5619,0.7143,2.1189,"2022,2023,2025"
judge_corps_caption,m-lentz-1,Michael Lentz,001j000000iwx9aaat,Crossmen,VA,World Class,5,-0.5414,-0.3749,-0.2082,0.5955,-1.7086,0.6258,0.6796,0.2,-0.9092,"2013,2016,2017"
judge_corps_caption,n-jones-1,Nola Jones,001j000000h3xrnaav,Phantom Regiment,GE2,World Class,33,-0.2584,-0.3614,-0.208,0.2513,-0.7509,0.2342,0.8643,0.6667,-1.0282,"2013,2014,2015,2016,2017,2018,2019,2022,2023,2024,2025"
judge_corps_caption,m-turner-1,Michael Turner,001j000000iwxajaa1,Troopers,VP,World Class,24,-0.2773,-0.1169,-0.2079,0.2467,-0.7608,0.2063,0.7458,0.4167,-1.1239,"2013,2015,2016,2017,2018,2022,2023,2024"
judge_corps_caption,m-griffin-1,Marty Griffin,001j000000iwwsqaal,Blue Stars,MA,World Class,6,0.4846,0.5436,0.2077,0.3278,-0.1579,1.127,0.5754,0.6667,1.4782,"2014,2022,2023,2024"
judge_corps_caption,w-dillon-1,Wayne Dillon,001j000000iwx9aaat,Crossmen,GE2,World Class,12,0.346,0.3492,0.2076,0.126,0.0991,0.5929,0.4822,0.75,2.7465,"2013,2014,2015,2016,2019"
judge_corps_caption,k-giese-1,Ken Giese,001j000000i6i9saav,Blue Devils,VP,World Class,6,-0.484,-0.638,-0.2074,1.0565,-2.5548,1.5868,1.8241,0.6667,-0.4581,"2013,2014,2015,2016"
judge_corps_caption,c-guard-1,Color Guard,001j000000iwx9taad,Heat Wave,CG,Open Class,9,0.3918,-0.3782,0.2074,0.404,-0.4002,1.1837,1.08,0.5556,0.9696,"2017,2019,2022,2023"
judge_corps_caption,t-ochran-1,Timothy Ochran,001j000000iwwsraal,Bluecoats,VA,World Class,17,-0.3047,-0.4926,-0.2072,0.5009,-1.2864,0.677,1.1074,0.7059,-0.6084,"2013,2014,2015,2016,2017,2018,2019,2023,2025"
judge_corps_caption,w-chumley-1,William Chumley,001j000000iwwsoaal,Blue Knights,VP,World Class,11,0.3577,0.2923,0.2071,0.191,-0.0165,0.732,0.5775,0.8182,1.8735,"2014,2017,2018,2022,2024,2025"
judge_corps_caption,b-mascaro-1,Bret Mascaro,001j000000i6i9saav,Blue Devils,VP,World Class,5,0.5382,0.3743,0.207,0.0688,0.4033,0.673,0.5382,1,7.8204,"2014,2016,2018"
judge_corps_caption,r-saucedo-1,Richard Saucedo,001j000000iwwssaal,Boston Crusaders,GE2,World Class,6,-0.483,-1.9243,-0.207,0.8906,-2.2285,1.2625,1.9359,0.5,-0.5423,"2017,2018,2019"
judge_corps_caption,j-denton-1,Joel Denton,001j000000iwwsoaal,Blue Knights,GE2,World Class,6,0.4827,0.7508,0.2069,0.3349,-0.1737,1.1391,0.5008,0.6667,1.4412,"2014,2015,2016"
judge_corps_caption,j-webb-1,Jay Webb,001j000000i6lenaa3,Madison Scouts,MA,World Class,11,0.3572,0.2624,0.2068,0.2538,-0.1401,0.8546,0.7601,0.7273,1.4078,"2014,2018,2022,2023,2024,2025"
judge_corps_caption,t-slaughter-1,Tom Slaughter,001j000000i6i9saav,Blue Devils,VA,World Class,9,-0.3907,-0.0146,-0.2068,0.5523,-1.4732,0.6918,0.8031,0.5556,-0.7074,"2022,2023,2025"
judge_corps_caption,m-turner-1,Michael Turner,001j000000iwwsqaal,Blue Stars,VP,World Class,18,0.2986,0.4571,0.2067,0.1304,0.043,0.5542,0.469,0.6667,2.2897,"2013,2015,2016,2017,2018,2023,2024"
judge_corps_caption,k-miller-1,Kyle Miller,001j000000i6kfgaan,The Cadets,VP,World Class,12,-0.3443,-0.3719,-0.2066,0.3668,-1.0632,0.3747,0.829,0.75,-0.9385,"2013,2014,2015,2016,2017,2019,2023"
judge_corps_caption,a-cook-1,Andrew Cook,001j000000iwwsoaal,Blue Knights,MB,World Class,8,0.4129,0.3073,0.2065,0.146,0.1269,0.699,0.5139,0.875,2.8291,"2013,2014,2015,2016,2023"
judge_corps_caption,p-mcgarr-1,Paul McGarr,001j000000i6jmbaaf,Blue Devils B,MB,Open Class,8,0.413,0.3225,0.2065,0.1764,0.0672,0.7587,0.5927,0.875,2.3411,"2014,2016,2017,2018,2019"
judge_corps_caption,m-lentz-1,Michael Lentz,001j000000iwx9waad,Jersey Surf,CG,World Class,5,-0.5362,-0.2103,-0.2062,0.2017,-0.9316,-0.1408,0.5362,0,-2.6582,"2013,2016,2017"
judge_corps_caption,d-carbone-1,Dave Carbone,001j000000iwxaeaa1,The Academy,MP,World Class,6,-0.4804,-0.5335,-0.2059,0.8114,-2.0708,1.1099,1.5344,0.6667,-0.5921,"2013,2014,2016,2024,2025"
judge_corps_caption,w-chumley-1,William Chumley,001j000000iwxajaa1,Troopers,CG,World Class,11,-0.3557,-0.1129,-0.2059,0.2788,-0.9021,0.1907,0.5811,0.2727,-1.276,"2016,2017,2018,2019,2022,2023,2024"
judge_corps_caption,m-turner-1,Michael Turner,001j000000iwx9aaat,Crossmen,CG,World Class,10,0.3704,0.4974,0.2058,0.2776,-0.1737,0.9145,0.6135,0.9,1.3342,"2014,2015,2017,2018,2024"
judge_corps_caption,g-markham-1,Garland Markham,001j000000iwxa3aal,Mandarins,MA,World Class,6,-0.4786,-0.1761,-0.2051,0.609,-1.6722,0.715,0.8894,0.6667,-0.786,"2013,2015,2016,2017,2019"
judge_corps_caption,w-chumley-1,William Chumley,001j000000iwx91aad,Carolina Crown,VP,World Class,9,0.3875,0.322,0.2051,0.0946,0.2022,0.5728,0.3875,1,4.0981,"2014,2015,2017,2018,2019,2022"
judge_corps_caption,c-quamme-1,Chad Quamme,001j000000iwx97aad,Colt Cadets,CG,Open Class,5,-0.5332,-0.5672,-0.2051,1.1815,-2.849,1.7826,1.5301,0.6,-0.4513,"2019,2022"
judge_corps_caption,k-miller-1,Kyle Miller,001j000000iwxaeaa1,The Academy,GE1,World Class,20,-0.2871,-0.2139,-0.205,0.2878,-0.8512,0.2771,0.6933,0.45,-0.9972,"2013,2014,2015,2016,2017,2018,2019,2022,2023,2024,2025"
judge_corps_caption,w-dillon-1,Wayne Dillon,001j000000iwx91aad,Carolina Crown,MA,World Class,11,0.3537,0.3106,0.2048,0.0741,0.2085,0.4988,0.3832,0.9091,4.7754,"2013,2015,2017,2022,2025"
judge_corps_caption,r-isoda-1,Randolph Isoda,001j000000iwxafaa1,The Cavaliers,MB,World Class,5,-0.5326,-0.733,-0.2048,0.686,-1.8771,0.8119,1.1604,0.6,-0.7764,"2014,2015,2017,2018"
judge_corps_caption,d-torchia-1,Debbie Torchia,001j000000iwx9aaat,Crossmen,VA,World Class,16,0.3071,0.3843,0.2047,0.1622,-0.0108,0.625,0.5194,0.9375,1.8932,"2013,2014,2015,2016,2017,2023,2025"
judge_corps_caption,g-markham-1,Garland Markham,001j000000iwwsoaal,Blue Knights,MA,World Class,9,-0.3865,-0.1073,-0.2046,0.5714,-1.5064,0.7334,0.8407,0.7778,-0.6765,"2013,2014,2015,2016,2017,2018,2019"
judge_corps_caption,k-turner-1,Ken Turner,001j000000iwxa3aal,Mandarins,GE2,World Class,15,0.3137,0.7286,0.2046,0.1513,0.0172,0.6102,0.5524,0.6667,2.0735,"2013,2014,2015,2016,2017,2018,2019,2022,2024"
judge_corps_caption,t-ochran-1,Timothy Ochran,001j000000iwxafaa1,The Cavaliers,VA,World Class,17,-0.3009,-0.5127,-0.2046,0.511,-1.3025,0.7007,1.2874,0.8235,-0.5889,"2013,2014,2015,2016,2017,2018,2019,2024"
judge_corps_caption,c-rothe-1,Caleb Rothe,001j000000iwwsraal,Bluecoats,MP,World Class,7,0.4384,0.2578,0.2046,0.0958,0.2506,0.6262,0.4384,1,4.5749,"2013,2014,2015,2017"
judge_corps_caption,j-queen-1,Jeff Queen,001j000000iwwsraal,Bluecoats,MP,World Class,7,-0.4385,-1.411,-0.2046,1.2727,-2.933,2.056,2.5508,0.7143,-0.3445,"2014,2015,2016,2017"
judge_corps_caption,k-turner-1,Ken Turner,001j000000iwxafaa1,The Cavaliers,MA,World Class,8,-0.4084,-0.612,-0.2042,0.6151,-1.614,0.7972,1.0251,0.5,-0.664,"2013,2014,2016,2018,2019"
judge_corps_caption,r-rios-1,Ronnie Rios,001j000000iwx9waad,Jersey Surf,MA,World Class,5,0.531,0.599,0.2042,0.1055,0.3243,0.7377,0.531,1,5.0355,"2013,2014,2023"
judge_corps_caption,d-torchia-1,Debbie Torchia,001j000000iwxajaa1,Troopers,GE1,World Class,7,0.4376,0.4847,0.2042,0.2061,0.0337,0.8415,0.4975,0.7143,2.1235,"2014,2015,2017,2023,2024"
judge_corps_caption,d-davis-1,Darrin Davis,001j000000iwwsqaal,Blue Stars,MA,World Class,11,0.3525,0.362,0.2041,0.0748,0.2059,0.4992,0.3853,0.8182,4.7123,"2017,2018,2019,2023,2024,2025"
judge_corps_caption,r-kemp-1,Richard Kemp,001j000000iwxa7aal,Pacific Crest,GE1,World Class,12,0.34,0.1886,0.204,0.168,0.0108,0.6692,0.5687,0.75,2.0245,"2013,2014,2015,2016"
judge_corps_caption,b-fabrizio-1,Beth Fabrizio,001j000000iwx9paad,Gold,MA,Open Class,6,0.4761,1.0983,0.204,0.1663,0.1502,0.8021,0.5382,0.8333,2.8629,"2013,2014,2016,2025"
judge_corps_caption,j-kennedy-1,Jay Kennedy,001j000000h3xwcaav,Santa Clara Vanguard,GE2,World Class,11,-0.3521,-0.5191,-0.2038,0.6543,-1.6346,0.9304,1.4189,0.7273,-0.5381,"2013,2014,2015,2017,2019,2025"
judge_corps_caption,w-chumley-1,William Chumley,001j000000i6jmbaaf,Blue Devils B,VP,Open Class,5,-0.5299,-0.4411,-0.2038,1.2996,-3.077,2.0172,2.1939,0.6,-0.4078,"2013,2017,2019"
judge_corps_caption,j-gilley-1,Jackie Gilley,001j000000iwx98aad,Colts,VP,World Class,6,-0.4753,-0.26,-0.2037,0.4135,-1.2858,0.3351,0.6875,0.3333,-1.1495,"2013,2019,2022,2023,2025"
judge_corps_caption,j-wilson-1,Jeff Wilson,001j000000iwx9uaad,Impulse,MA,Open Class,8,-0.4072,-0.0407,-0.2036,0.3652,-1.1229,0.3086,0.7235,0.5,-1.115,"2013,2017,2018,2019,2025"
judge_corps_caption,d-deems-1,Don Deems,001j000000i6jmbaaf,Blue Devils B,CG,Open Class,10,0.3664,1.3056,0.2036,0.2069,-0.0391,0.772,0.5013,0.6,1.771,"2014,2015,2017,2018,2023"
judge_corps_caption,s-adamo-1,Sal Adamo,001j000000iwx9aaat,Crossmen,VP,World Class,7,-0.4362,-0.1773,-0.2036,0.4553,-1.3286,0.4562,0.8954,0.5714,-0.9581,"2015,2016,2017,2022,2023"
judge_corps_caption,m-davis-1,Mike Davis,001j000000i6jmbaaf,Blue Devils B,MP,Open Class,15,0.3121,0.7572,0.2035,0.1271,0.063,0.5612,0.4249,0.6667,2.4554,"2013,2014,2015,2017"
judge_corps_caption,j-bell-1,John Bell,001j000000iwwsoaal,Blue Knights,GE2,World Class,23,0.2741,0.4313,0.2034,0.0857,0.1062,0.442,0.4354,0.7391,3.2004,"2013,2014,2015,2016,2017,2018,2022,2024"
judge_corps_caption,p-mcgarr-1,Paul McGarr,001j000000iwxakaa1,Vanguard Cadets,MB,Open Class,8,0.4068,0.36,0.2034,0.178,0.0579,0.7556,0.535,0.75,2.2856,"2013,2014,2016,2017,2018,2019"
judge_corps_caption,b-fabrizio-1,Beth Fabrizio,001j000000iwxacaa1,Spartans,GE2,Open Class,8,0.4062,0.9329,0.2031,0.4535,-0.4826,1.2949,1.0731,0.875,0.8957,"2016,2018,2019,2022,2023"
judge_corps_caption,b-kuhn-1,Blair Kuhn,001j000000iwx9waad,Jersey Surf,VA,World Class,6,0.4738,0.2189,0.203,0.2637,-0.0431,0.9906,0.6365,0.8333,1.7965,"2017,2018,2019,2022"
judge_corps_caption,p-haines-1,Phillip Haines,001j000000iwxa3aal,Mandarins,MB,World Class,7,-0.4346,-0.5715,-0.2028,1.0158,-2.4257,1.5564,2.0533,0.7143,-0.4278,"2013,2015,2022,2023,2024"
judge_corps_caption,c-rothe-1,Caleb Rothe,001j000000iwwsqaal,Blue Stars,MP,World Class,5,0.5273,0.3433,0.2028,0.1293,0.2738,0.7807,0.5273,1,4.0774,"2013,2014,2015"
judge_corps_caption,j-bell-1,John Bell,001j000000iwxajaa1,Troopers,MA,World Class,5,-0.5273,-0.0856,-0.2028,0.4458,-1.4012,0.3466,0.72,0.6,-1.1827,"2014,2017,2018,2024"
judge_corps_caption,m-stone-1,Michael Stone,001j000000iwxa2aal,Louisiana Stars,GE1,Open Class,9,0.3827,0.2472,0.2026,0.1709,0.0476,0.7177,0.5213,0.7778,2.2386,"2015,2018,2019"
judge_corps_caption,p-madden-1,Phil Madden,001j000000iwx9waad,Jersey Surf,VA,World Class,5,0.5265,0.7071,0.2025,0.2692,-0.0011,1.0541,0.7387,0.8,1.9561,"2015,2018,2019,2024"
judge_corps_caption,j-orefice-1,Juno Orefice,001j000000iwx9oaad,Genesis,VA,Open Class,5,-0.526,-0.0562,-0.2023,0.7555,-2.0067,0.9548,1.1593,0.4,-0.6962,"2014,2016,2018"
judge_corps_caption,j-ausdemore-1,Jeff Ausdemore,001j000000iwwsoaal,Blue Knights,MP,World Class,15,0.3102,0.1862,0.2023,0.1312,0.0531,0.5673,0.5081,0.8,2.3646,"2015,2016,2017,2018,2019,2022"
judge_corps_caption,j-harper-1,Jeff Harper,001j000000h3xwcaav,Santa Clara Vanguard,MA,World Class,8,0.4041,0.2894,0.2021,0.1077,0.1929,0.6153,0.4434,0.875,3.7509,"2017,2018,2019,2024,2025"
judge_corps_caption,w-dillon-1,Wayne Dillon,001j000000iwxafaa1,The Cavaliers,MB,World Class,7,0.4327,0.4026,0.2019,0.0694,0.2967,0.5688,0.4327,1,6.2343,"2013,2014,2015,2016,2019,2023"
judge_corps_caption,s-page-1,Steven Page,001j000000iwwsraal,Bluecoats,MB,World Class,16,-0.3027,-0.1327,-0.2018,0.374,-1.0358,0.4304,0.5432,0.6875,-0.8092,"2014,2015,2016,2017,2018,2022,2024"
judge_corps_caption,d-carbone-1,Dave Carbone,001j000000i6lenaa3,Madison Scouts,MA,World Class,20,-0.2822,-0.1372,-0.2016,0.2669,-0.8053,0.2409,0.4686,0.45,-1.0574,"2013,2014,2016,2017,2022,2023,2024,2025"
judge_corps_caption,c-armbruster-1,Chad Armbruster,001j000000iwx97aad,Colt Cadets,MA,Open Class,10,-0.3629,-0.0304,-0.2016,0.3202,-0.9904,0.2646,0.5966,0.4,-1.1336,"2016,2018,2019,2022,2023,2024,2025"
judge_corps_caption,m-teal-1,Mark Teal,001j000000iwxafaa1,The Cavaliers,MA,World Class,5,0.5238,0.8457,0.2015,0.266,0.0024,1.0452,0.5977,0.8,1.969,"2016,2017,2019,2023,2024"
judge_corps_caption,m-griffin-1,Marty Griffin,001j000000iwx91aad,Carolina Crown,MA,World Class,9,0.3805,0.4446,0.2014,0.116,0.153,0.6079,0.449,0.8889,3.279,"2013,2014,2022,2023,2024,2025"
judge_corps_caption,c-rapacki-1,Chris Rapacki,001j000000iwxa7aal,Pacific Crest,MP,World Class,8,0.4026,0.4803,0.2013,0.1979,0.0148,0.7904,0.5775,0.875,2.0347,"2019,2022,2023,2025"
judge_corps_caption,k-baker-1,Keith Baker,001j000000iwxa7aal,Pacific Crest,VA,World Class,6,0.4695,0.4129,0.2012,0.1318,0.2112,0.7279,0.4695,1,3.5621,"2013,2015,2018,2024,2025"
judge_corps_caption,j-kennedy-1,Jay Kennedy,001j000000iwwslaal,7th Regiment,MA,Open Class,8,-0.4024,-0.4755,-0.2012,0.6633,-1.7024,0.8977,1.3445,0.5,-0.6066,"2017,2019,2022,2023,2025"
judge_corps_caption,m-mcgahey-1,Mark McGahey,001j000000iwxa3aal,Mandarins,GE2,World Class,10,-0.362,-0.4018,-0.2011,0.378,-1.1029,0.3789,0.8965,0.6,-0.9576,"2014,2017,2019,2023,2025"
judge_corps_caption,c-rapacki-1,Chris Rapacki,001j000000iwx9paad,Gold,MP,Open Class,9,0.3799,0.5627,0.2011,0.1712,0.0443,0.7155,0.506,0.6667,2.2189,"2022,2023,2025"
judge_corps_caption,j-harper-1,Jeff Harper,001j000000iwx9aaat,Crossmen,MA,World Class,9,0.3796,0.235,0.201,0.1053,0.1732,0.5861,0.3796,1,3.6041,"2016,2022,2023,2024,2025"
judge_corps_caption,b-fabrizio-1,Beth Fabrizio,001j000000iwwsraal,Bluecoats,MB,World Class,7,0.4304,0.4775,0.2009,0.1309,0.1739,0.687,0.4304,1,3.2883,"2014,2018,2022,2023"
judge_corps_caption,c-costanza-1,Curtis Costanza,001j000000iwx99aad,Columbians,GE1,Open Class,9,-0.3794,0.3374,-0.2009,0.2818,-0.9317,0.1728,0.5888,0.2222,-1.3466,"2016,2019,2022,2024,2025"
judge_corps_caption,c-marra-1,Chris Marra,001j000000iwwslaal,7th Regiment,MB,Open Class,5,0.5223,0.8141,0.2009,0.2318,0.068,0.9766,0.5927,0.8,2.2535,"2016,2018,2023,2024"
judge_corps_caption,m-stone-1,Michael Stone,001j000000iwxaeaa1,The Academy,GE1,World Class,22,-0.2738,-0.4594,-0.2008,0.3164,-0.8939,0.3463,0.8716,0.6818,-0.8653,"2013,2014,2015,2016,2017,2018,2019,2022"
judge_corps_caption,b-fabrizio-1,Beth Fabrizio,001j000000i6jmbaaf,Blue Devils B,MA,Open Class,5,0.5221,1.1537,0.2008,0.1566,0.2153,0.829,0.5221,1,3.3347,"2013,2014,2016"
judge_corps_caption,w-dillon-1,Wayne Dillon,001j000000iwxa7aal,Pacific Crest,MA,World Class,7,-0.43,-0.4699,-0.2007,0.7071,-1.816,0.956,0.9912,0.7143,-0.6081,"2014,2017,2022,2024,2025"
judge_corps_caption,k-giese-1,Ken Giese,001j000000iwxa6aal,Oregon Crusaders,VA,World Class,9,0.379,0.5686,0.2006,0.178,0.0301,0.7279,0.5471,0.7778,2.1289,"2013,2014,2016,2017,2018"
judge_corps_caption,d-carbone-1,Dave Carbone,001j000000iwxafaa1,The Cavaliers,MP,World Class,5,0.5211,0.4634,0.2004,0.1468,0.2334,0.8088,0.5211,1,3.5503,"2013,2014,2016,2017"
judge_corps_caption,r-rodriguez-1,Rick Rodriguez,001j000000iwxaeaa1,The Academy,MP,World Class,7,-0.4295,-0.4063,-0.2004,0.5109,-1.4309,0.572,0.9303,0.5714,-0.8406,2014
judge_corps_caption,g-oliviero-1,George Oliviero,001j000000i6i9saav,Blue Devils,VP,World Class,5,-0.5208,-2.0502,-0.2003,0.5808,-1.6592,0.6176,1.1122,0.4,-0.8966,"2015,2016,2017,2019,2022"
judge_corps_caption,k-young-1,Kyle Young,001j000000i6i9saav,Blue Devils,MA,World Class,6,0.4673,0.4348,0.2003,0.0581,0.3534,0.5812,0.4673,1,8.0419,"2023,2024,2025"
judge_corps_caption,m-kelly-1,Mickey Kelly,001j000000iwx9oaad,Genesis,GE1,Open Class,6,0.4671,-0.4004,0.2002,0.4706,-0.4552,1.3894,0.998,0.8333,0.9927,"2013,2015,2016,2017,2019"
judge_corps_caption,m-thompson-1,Michael Thompson,001j000000iwx9saad,Guardians,CG,Open Class,5,0.5199,0.942,0.2,0.5205,-0.5003,1.5402,0.768,0.8,0.9988,"2015,2016,2017"
judge_corps_caption,t-fox-1,Todd Fox,001j000000iwx93aad,Seattle Cascades,MA,World Class,5,0.52,0.4947,0.2,0.3076,-0.0829,1.1228,0.5223,0.8,1.6906,"2016,2018,2019,2023"
judge_corps_caption,g-howarth-1,Gifford Howarth,001j000000i6jmbaaf,Blue Devils B,MP,Open Class,9,0.3776,0.6257,0.1999,0.2182,-0.05,0.8053,0.5825,0.6667,1.7309,"2015,2016,2017,2018"
judge_corps_caption,r-rios-1,Ronnie Rios,001j000000iwwsoaal,Blue Knights,MB,World Class,9,-0.3774,0.0842,-0.1998,0.3096,-0.9842,0.2293,0.6142,0.5556,-1.2192,"2014,2016,2022,2023,2024,2025"
judge_corps_caption,a-kristensen-1,Allan Kristensen,001j000000h3xrnaav,Phantom Regiment,MP,World Class,11,0.3452,-0.2939,0.1998,0.5426,-0.7183,1.4086,1.4391,0.7273,0.6362,"2014,2015,2016,2018,2023"
judge_corps_caption,j-sturgeon-1,Jim Sturgeon,001j000000iwwssaal,Boston Crusaders,VP,World Class,8,-0.399,-0.1883,-0.1995,0.5193,-1.4169,0.6189,0.6453,0.5,-0.7683,"2014,2019,2022,2023,2025"
judge_corps_caption,k-giese-1,Ken Giese,001j000000i6i9saav,Blue Devils,VA,World Class,19,0.2834,0.5269,0.1994,0.2103,-0.1288,0.6956,0.6341,0.9474,1.3476,"2013,2014,2015,2016,2017,2018,2019"
judge_corps_caption,a-kristensen-1,Allan Kristensen,001j000000h3xwcaav,Santa Clara Vanguard,GE2,World Class,5,-0.5182,-0.6537,-0.1993,0.5734,-1.642,0.6056,1.069,0.4,-0.9038,"2015,2017,2019,2024"
judge_corps_caption,m-leitzke-1,Mike Leitzke,001j000000iwxa8aal,Pioneer,MP,World Class,9,0.3762,0.1227,0.1992,0.3986,-0.4051,1.1575,0.954,0.7778,0.9438,"2015,2016,2017,2018"
judge_corps_caption,m-mcgahey-1,Mark McGahey,001j000000i6kfgaan,The Cadets,MB,World Class,7,0.4266,-0.0056,0.1991,0.2055,0.0239,0.8293,0.6132,0.8571,2.0763,"2013,2014,2015,2016,2023"
judge_corps_caption,f-miller-1,Frank Miller,001j000000iwx91aad,Carolina Crown,VA,World Class,11,0.3438,0.604,0.199,0.0692,0.2081,0.4794,0.3438,1,4.9668,"2015,2016,2017"
judge_corps_caption,g-oliviero-1,George Oliviero,001j000000iwxa7aal,Pacific Crest,CG,World Class,9,-0.3757,-0.7821,-0.1989,0.6276,-1.6058,0.8543,1.4725,0.5556,-0.5987,"2013,2014,2015,2016,2017,2018,2019,2022"
judge_corps_caption,g-fugett-1,Glenn Fugett,001j000000iwx9saad,Guardians,GE2,Open Class,6,0.464,-0.1994,0.1989,0.2766,-0.078,1.0061,0.6199,0.6667,1.6778,"2016,2018,2019,2023,2024"
judge_corps_caption,p-furnari-1,Peter Furnari,001j000000iwxa3aal,Mandarins,MP,World Class,5,0.5172,0.7372,0.1989,0.1408,0.2412,0.7933,0.5265,0.8,3.6731,"2017,2019,2024"
judge_corps_caption,r-kemp-1,Richard Kemp,001j000000iwxafaa1,The Cavaliers,CG,World Class,9,-0.3753,-0.2628,-0.1987,0.8838,-2.1076,1.357,1.3142,0.7778,-0.4246,"2013,2014,2015,2016,2017"
judge_corps_caption,g-fugett-1,Glenn Fugett,001j000000iwwsqaal,Blue Stars,GE2,World Class,25,0.2623,0.1262,0.1987,0.1279,0.0117,0.5129,0.5514,0.72,2.0518,"2013,2014,2015,2016,2017,2018,2019,2022,2023,2024,2025"
judge_corps_caption,s-adamo-1,Sal Adamo,001j000000i6i9saav,Blue Devils,VP,World Class,5,0.5166,0.7891,0.1987,0.0656,0.388,0.6453,0.5166,1,7.8725,"2014,2015,2016,2017"
judge_corps_caption,t-fox-1,Todd Fox,001j000000qzs1qaaf,River City Rhythm,MA,Open Class,5,0.5167,1.1219,0.1987,0.4991,-0.4615,1.4949,0.7705,0.6,1.0353,"2015,2017,2024,2025"
judge_corps_caption,m-mccourt-1,Meghan McCourt,001j000000i6i9saav,Blue Devils,GE1,World Class,5,0.5162,0.7648,0.1986,0.2302,0.0651,0.9674,0.5162,1,2.2426,"2022,2025"
judge_corps_caption,j-wilson-1,Jeff Wilson,001j000000iwx9uaad,Impulse,MP,Open Class,10,-0.3573,-0.3081,-0.1985,0.5298,-1.3957,0.6811,1.1309,0.6,-0.6745,"2013,2017,2018,2019,2023,2024"
judge_corps_caption,w-whaley-1,WL Whaley,001j000000i6jmbaaf,Blue Devils B,GE2,Open Class,6,0.4619,1.1304,0.198,0.2196,0.0315,0.8924,0.4619,1,2.1035,"2014,2016"
judge_corps_caption,m-stone-1,Michael Stone,001j000000iwx9qaad,Golden Empire,GE1,Open Class,12,-0.33,-0.414,-0.198,0.4768,-1.2646,0.6046,1.0174,0.6667,-0.6921,"2015,2016,2017,2018,2019,2022"
judge_corps_caption,s-page-1,Steven Page,001j000000i6jmbaaf,Blue Devils B,GE2,Open Class,6,0.461,1.3106,0.1976,0.2292,0.0118,0.9102,0.6045,0.8333,2.0116,"2013,2016,2024"
judge_corps_caption,j-gilley-1,Jackie Gilley,001j000000iwx98aad,Colts,CG,World Class,6,-0.461,-0.3398,-0.1976,0.2715,-0.9931,0.071,0.6241,0.3333,-1.6983,"2013,2015,2022,2023"
judge_corps_caption,c-raichle-1,Chris Raichle,001j000000iwx9aaat,Crossmen,CG,World Class,7,-0.4235,-0.1912,-0.1976,0.6682,-1.7332,0.8862,0.8958,0.7143,-0.6338,"2017,2018,2024,2025"
judge_corps_caption,k-turner-1,Ken Turner,001j000000iwx9oaad,Genesis,GE2,Open Class,7,-0.4228,-0.2351,-0.1973,0.2234,-0.8606,0.015,0.5459,0.2857,-1.8928,"2013,2015,2016,2017,2022,2024"
judge_corps_caption,m-kelly-1,Mickey Kelly,001j000000iwwssaal,Boston Crusaders,CG,World Class,5,-0.5127,-0.8436,-0.1972,1.2122,-2.8887,1.8633,1.6279,0.8,-0.423,"2013,2014,2017,2018"
judge_corps_caption,k-turner-1,Ken Turner,001j000000iwx93aad,Seattle Cascades,GE2,World Class,8,0.3945,0.816,0.1972,0.2648,-0.1246,0.9136,0.7192,0.625,1.4895,"2013,2014,2015,2016,2017,2018"
judge_corps_caption,r-solomon-1,Robert Solomon,001j000000iwxaeaa1,The Academy,CG,World Class,22,-0.2688,-0.1581,-0.1971,0.268,-0.7942,0.2566,0.8067,0.5909,-1.0028,"2014,2015,2016,2017,2018,2019,2022,2023,2024"
judge_corps_caption,d-deems-1,Don Deems,001j000000iwx98aad,Colts,GE1,World Class,10,-0.3548,-0.2944,-0.1971,0.5654,-1.4629,0.7534,1.0716,0.8,-0.6275,"2017,2019,2022,2024,2025"
judge_corps_caption,w-dillon-1,Wayne Dillon,001j000000iwwsqaal,Blue Stars,GE2,World Class,10,0.3547,0.3693,0.197,0.1207,0.1182,0.5912,0.3902,0.8,2.9391,"2013,2014,2015,2019,2024"
judge_corps_caption,s-page-1,Steven Page,001j000000iwxaaaa1,Raiders,MB,Open Class,10,-0.3546,0.0224,-0.197,0.1928,-0.7326,0.0233,0.4907,0.3,-1.8391,"2013,2014,2016,2017,2018"
judge_corps_caption,j-kennedy-1,Jay Kennedy,001j000000iwx91aad,Carolina Crown,MA,World Class,24,0.2625,0.6154,0.1969,0.0853,0.0952,0.4298,0.3559,0.7917,3.0758,"2013,2014,2015,2016,2017,2018,2019,2022,2023,2024,2025"
judge_corps_caption,j-bell-1,John Bell,001j000000iwxa3aal,Mandarins,GE2,World Class,16,0.295,0.4685,0.1967,0.1016,0.0958,0.4942,0.401,0.625,2.902,"2013,2014,2015,2016,2018,2019,2024"
judge_corps_caption,p-furnari-1,Peter Furnari,001j000000iwxajaa1,Troopers,MP,World Class,11,-0.339,-0.1381,-0.1962,0.41,-1.1426,0.4647,0.8963,0.5455,-0.8267,"2013,2014,2015,2016,2017,2024"
judge_corps_caption,c-rothe-1,Caleb Rothe,001j000000iwxa3aal,Mandarins,MA,World Class,6,-0.4572,-0.7238,-0.1959,0.7009,-1.831,0.9166,1.06,0.3333,-0.6522,"2013,2014,2015,2017,2019,2023"
judge_corps_caption,r-kemp-1,Richard Kemp,001j000000iwx97aad,Colt Cadets,GE1,Open Class,14,0.3078,-0.9564,0.1959,0.5847,-0.8382,1.4539,1.7734,0.6429,0.5265,"2014,2015,2016,2017,2018,2019"
judge_corps_caption,j-bell-1,John Bell,001j000000iwx93aad,Seattle Cascades,GE2,World Class,13,0.3163,0.4972,0.1958,0.2043,-0.0842,0.7167,0.6437,0.6154,1.548,"2013,2015,2016,2017,2018,2024"
judge_corps_caption,k-turner-1,Ken Turner,001j000000iwxa6aal,Oregon Crusaders,GE2,World Class,11,0.3383,0.7303,0.1958,0.3161,-0.2813,0.9579,0.8522,0.6364,1.07,"2013,2014,2015,2016,2017,2018"
judge_corps_caption,m-stone-1,Michael Stone,001j000000f17bwaaa,Watchmen,GE1,Open Class,5,-0.509,-0.4535,-0.1958,0.2944,-1.086,0.068,0.6766,0.4,-1.729,"2015,2016,2017,2018"
judge_corps_caption,j-harper-1,Jeff Harper,001j000000iwxa5aal,Music City,MB,Open Class,5,0.5082,0.5036,0.1955,0.5567,-0.583,1.5994,0.6418,0.6,0.9129,"2013,2016,2019"
judge_corps_caption,j-gilley-1,Jackie Gilley,001j000000iwx9oaad,Genesis,CG,Open Class,7,-0.4185,-0.2369,-0.1953,0.2847,-0.9766,0.1396,0.6004,0.2857,-1.4699,"2013,2015,2018,2024,2025"
judge_corps_caption,j-harper-1,Jeff Harper,001j000000iwxajaa1,Troopers,MA,World Class,6,-0.4557,-0.579,-0.1953,0.8053,-2.0341,1.1227,1.0357,0.8333,-0.5659,"2015,2023,2024,2025"
judge_corps_caption,a-cook-1,Andrew Cook,001j000000iwx9aaat,Crossmen,MB,World Class,13,-0.3151,-0.4384,-0.1951,0.5058,-1.3064,0.6762,1.0275,0.6154,-0.623,"2013,2015,2016,2017,2018,2019,2022,2024"
judge_corps_caption,j-howell-1,John Howell,001j000000i6kfgaan,The Cadets,VP,World Class,10,0.3507,0.4325,0.1949,0.0902,0.174,0.5275,0.3683,0.9,3.889,"2014,2016,2018,2019,2022,2023"
judge_corps_caption,c-guard-1,Color Guard,001j000000iwwsqaal,Blue Stars,CG,World Class,8,-0.3898,-0.239,-0.1949,0.4615,-1.2943,0.5147,0.6416,0.625,-0.8447,"2015,2019,2022,2023"
judge_corps_caption,n-jones-1,Nola Jones,001j000000iwwsoaal,Blue Knights,GE2,World Class,30,-0.2468,-0.3425,-0.1948,0.2506,-0.738,0.2445,0.7902,0.6667,-0.9847,"2013,2014,2015,2016,2017,2018,2019,2022,2023,2024,2025"
judge_corps_caption,s-adamo-1,Sal Adamo,001j000000iwxafaa1,The Cavaliers,VA,World Class,9,0.3677,0.5091,0.1947,0.101,0.1697,0.5657,0.3991,0.8889,3.6394,"2013,2014,2016,2019,2023,2024"
judge_corps_caption,t-ochran-1,Timothy Ochran,001j000000iwx9paad,Gold,VA,Open Class,15,0.2985,0.1622,0.1947,0.3021,-0.2936,0.8906,1.0237,0.8,0.9881,"2017,2018,2019,2023,2024,2025"
judge_corps_caption,j-webb-1,Jay Webb,001j000000iwxa5aal,Music City,GE2,Open Class,6,-0.4534,-0.8521,-0.1943,0.799,-2.0194,1.1126,1.4625,0.3333,-0.5675,"2013,2014,2019,2023"
judge_corps_caption,k-miller-1,Kyle Miller,001j000000iwx9waad,Jersey Surf,VP,World Class,5,-0.5047,-0.5316,-0.1941,0.1783,-0.8542,-0.1552,0.5047,0,-2.8303,"2013,2015,2023"
judge_corps_caption,j-gilley-1,Jackie Gilley,001j000000iwwssaal,Boston Crusaders,VP,World Class,5,0.5046,0.7252,0.1941,0.1377,0.2348,0.7745,0.5046,1,3.6654,"2016,2018,2023,2024"
judge_corps_caption,r-solomon-1,Robert Solomon,001j000000iwxa5aal,Music City,VP,Open Class,10,-0.3493,-0.5256,-0.194,0.3944,-1.1223,0.4238,0.8609,0.4,-0.8855,"2013,2014,2015,2016,2018,2019,2025"
judge_corps_caption,a-kristensen-1,Allan Kristensen,001j000000iwx95aad,Vessel,MP,Open Class,5,0.5045,0.1748,0.194,0.7237,-0.914,1.923,1.271,0.6,0.6971,"2018,2019,2023,2024"
judge_corps_caption,t-wemhoff-1,Ted Wemhoff,001j000000iwwslaal,7th Regiment,GE1,Open Class,5,0.504,0.6424,0.1939,0.2439,0.026,0.982,0.5046,0.8,2.0667,"2018,2019,2022,2024"
judge_corps_caption,h-nguyen-1,Hieu Nguyen,001j000000iwx9aaat,Crossmen,CG,World Class,19,-0.275,-0.146,-0.1936,0.2749,-0.8138,0.2637,0.6445,0.5263,-1.0006,"2015,2016,2017,2018,2019,2022,2024"
judge_corps_caption,r-rios-1,Ronnie Rios,001j000000iwx98aad,Colts,MB,World Class,10,0.3482,0.7958,0.1934,0.1266,0.1001,0.5963,0.4357,0.8,2.7509,"2013,2014,2016,2017,2018,2019,2025"
judge_corps_caption,a-cook-1,Andrew Cook,001j000000i6kfgaan,The Cadets,MA,World Class,5,-0.5023,-0.802,-0.1932,1.0188,-2.4992,1.4947,1.3789,0.6,-0.493,"2013,2014,2017"
judge_corps_caption,c-clayton-fisher-1,Christine Clayton Fisher,001j000000qzs1qaaf,River City Rhythm,CG,Open Class,7,-0.4139,0.2766,-0.1932,0.4487,-1.2933,0.4655,0.79,0.5714,-0.9226,"2019,2022,2023,2024"
judge_corps_caption,w-chumley-1,William Chumley,001j000000i6kfgaan,The Cadets,VP,World Class,9,0.3647,0.2771,0.1931,0.0925,0.1834,0.5459,0.3955,0.8889,3.9435,"2014,2015,2017,2018,2019"
judge_corps_caption,j-webb-1,Jay Webb,001j000000iwx9aaat,Crossmen,MA,World Class,9,-0.3645,-0.4435,-0.193,0.679,-1.6953,0.9662,1.0639,0.5556,-0.5369,"2013,2014,2018,2022,2023,2024"
judge_corps_caption,r-solomon-1,Robert Solomon,001j000000i6i9saav,Blue Devils,CG,World Class,24,-0.2572,-0.1279,-0.1929,0.2328,-0.7134,0.1991,0.6919,0.7083,-1.1048,"2013,2014,2015,2016,2017,2018,2019,2022,2023,2024"
judge_corps_caption,p-mcgarr-1,Paul McGarr,001j000000i6i9saav,Blue Devils,MA,World Class,7,0.4131,-0.0363,0.1928,0.1562,0.1069,0.7193,0.49,0.8571,2.6443,"2013,2014,2015,2016,2019"
judge_corps_caption,j-orefice-1,Juno Orefice,001j000000iwxa3aal,Mandarins,VA,World Class,6,0.449,0.6959,0.1924,0.1557,0.1438,0.7542,0.449,1,2.8833,"2014,2016,2017,2022"
judge_corps_caption,t-ochran-1,Timothy Ochran,001j000000h3xrnaav,Phantom Regiment,VA,World Class,19,-0.273,-0.4722,-0.1921,0.4648,-1.184,0.6379,1.2202,0.7895,-0.5875,"2013,2014,2015,2016,2017,2018,2019"
judge_corps_caption,c-romanowski-1,Chris Romanowski,001j000000qzs1qaaf,River City Rhythm,MA,Open Class,7,-0.4117,-0.1172,-0.1921,0.2574,-0.9162,0.0928,0.6358,0.2857,-1.5994,"2019,2023,2024,2025"
judge_corps_caption,j-denton-1,Joel Denton,001j000000iwx9aaat,Crossmen,GE2,World Class,5,0.499,0.7548,0.1919,0.286,-0.0615,1.0596,0.499,1,1.7449,"2014,2015,2016,2023"
judge_corps_caption,j-ausdemore-1,Jeff Ausdemore,001j000000iwx9qaad,Golden Empire,MP,Open Class,5,0.4988,0.3647,0.1918,0.5136,-0.5078,1.5054,1.0927,0.8,0.9712,"2018,2019"
judge_corps_caption,r-kemp-1,Richard Kemp,001j000000iwwsraal,Bluecoats,CG,World Class,7,-0.4106,-0.2775,-0.1916,0.8468,-2.0703,1.2491,1.2757,0.7143,-0.4849,"2014,2015,2016,2017"
judge_corps_caption,m-turner-1,Michael Turner,001j000000i6i9saav,Blue Devils,VP,World Class,24,-0.2554,-0.0799,-0.1915,0.3281,-0.8985,0.3877,0.8271,0.75,-0.7784,"2013,2014,2015,2016,2017,2018,2022,2023,2024"
judge_corps_caption,j-davila-1,Julie Davila,001j000000i6lenaa3,Madison Scouts,MP,World Class,17,-0.2815,-0.4426,-0.1914,0.3631,-0.9932,0.4302,1.0107,0.6471,-0.7753,"2016,2017,2022,2023,2024"
judge_corps_caption,w-chumley-1,William Chumley,001j000000iwxafaa1,The Cavaliers,CG,World Class,9,-0.3611,-0.1322,-0.1912,0.3622,-1.071,0.3488,0.5512,0.4444,-0.997,"2013,2016,2017,2018,2019,2025"
judge_corps_caption,a-dunn-1,Al Dunn,001j000000iwxaeaa1,The Academy,MP,World Class,10,0.3441,0.5081,0.1912,0.0992,0.1496,0.5386,0.374,0.8,3.4676,"2013,2014,2015,2016,2017"
judge_corps_caption,w-dillon-1,Wayne Dillon,001j000000iwxa7aal,Pacific Crest,GE2,World Class,14,-0.3005,-0.2754,-0.1912,0.3696,-1.0249,0.4239,0.9122,0.5714,-0.8131,"2014,2015,2016,2017,2019,2023,2024,2025"
judge_corps_caption,k-young-1,Kyle Young,001j000000iwwssaal,Boston Crusaders,MA,World Class,8,-0.3824,-0.3911,-0.1912,0.5841,-1.5272,0.7624,1.0449,0.75,-0.6547,"2023,2024,2025"
judge_corps_caption,j-rhodes-1,Jodie Rhodes,001j000000iwx98aad,Colts,GE2,World Class,11,-0.33,0.0594,-0.1911,0.3481,-1.0123,0.3522,0.6964,0.5455,-0.9482,"2022,2023,2024,2025"
judge_corps_caption,s-page-1,Steven Page,001j000000i6jmbaaf,Blue Devils B,MB,Open Class,18,0.2755,0.6453,0.1907,0.1868,-0.0907,0.6417,0.6251,0.7222,1.4745,"2013,2014,2015,2016,2017,2018,2022,2024"
judge_corps_caption,d-carbone-1,Dave Carbone,001j000000iwxa3aal,Mandarins,MA,World Class,15,-0.2924,-0.0986,-0.1907,0.316,-0.9119,0.327,0.5869,0.4667,-0.9253,"2013,2014,2016,2017,2022,2024,2025"
judge_corps_caption,r-greenwell-1,Randy Greenwell,001j000000iwx98aad,Colts,GE2,World Class,5,0.4957,0.1675,0.1906,0.0546,0.3887,0.6026,0.4957,1,9.0845,"2013,2014,2015,2017"
judge_corps_caption,k-baker-1,Keith Baker,001j000000iwwslaal,7th Regiment,VA,Open Class,11,0.3291,0.5488,0.1905,0.1975,-0.0579,0.7161,0.567,0.8182,1.6667,"2013,2014,2016,2017,2018,2024"
judge_corps_caption,j-denton-1,Joel Denton,001j000000iwx93aad,Seattle Cascades,GE2,World Class,5,-0.4954,-0.188,-0.1905,0.2528,-0.9909,0.0001,0.4954,0,-1.9597,"2014,2018,2023"
judge_corps_caption,c-rapacki-1,Chris Rapacki,001j000000i6lenaa3,Madison Scouts,MP,World Class,11,-0.3291,-0.284,-0.1905,0.4223,-1.1569,0.4987,0.868,0.5455,-0.7792,"2018,2019,2022,2023,2025"
judge_corps_caption,m-davis-1,Mike Davis,001j000000iwx9waad,Jersey Surf,MP,World Class,6,0.4441,0.6338,0.1903,0.1891,0.0734,0.8148,0.4822,0.8333,2.3484,"2014,2018,2019"
judge_corps_caption,w-chumley-1,William Chumley,001j000000iwx93aad,Seattle Cascades,GE1,World Class,7,-0.4078,-0.2254,-0.1903,0.2787,-0.9541,0.1385,0.5859,0.4286,-1.4631,"2016,2023,2024,2025"
judge_corps_caption,k-miller-1,Kyle Miller,001j000000i6i9saav,Blue Devils,CG,World Class,8,-0.3805,-0.8305,-0.1902,0.69,-1.7329,0.972,1.2044,0.75,-0.5514,"2013,2015,2018,2019,2022"
judge_corps_caption,c-phillips-1,Chester Phillips,001j000000iwxa7aal,Pacific Crest,MB,World Class,11,-0.3286,-0.066,-0.1902,0.3064,-0.9291,0.2718,0.7706,0.5455,-1.0726,"2016,2017,2018,2019,2025"
judge_corps_caption,d-argul-1,Dennis Argul,001j000000iwxaaaa1,Raiders,MB,Open Class,7,-0.4074,0.2392,-0.1901,0.2943,-0.9843,0.1695,0.5749,0.2857,-1.3842,"2015,2017,2019,2025"
judge_corps_caption,d-argul-1,Dennis Argul,001j000000qzs1qaaf,River City Rhythm,MB,Open Class,5,0.4943,1.1954,0.1901,0.4743,-0.4352,1.4239,0.9458,0.6,1.0423,"2015,2017,2019,2025"
judge_corps_caption,r-solomon-1,Robert Solomon,001j000000iwxadaa1,Spirit of Atlanta,VP,World Class,10,0.3419,0.3344,0.19,0.1306,0.086,0.5979,0.4757,0.9,2.6181,"2014,2015,2016,2017,2019,2024,2025"
judge_corps_caption,a-kristensen-1,Allan Kristensen,001j000000iwxa6aal,Oregon Crusaders,MP,World Class,5,0.4935,-0.1623,0.1898,0.4162,-0.3223,1.3093,0.9501,0.8,1.1856,"2014,2015,2017,2018"
judge_corps_caption,r-solomon-1,Robert Solomon,001j000000iwx98aad,Colts,CG,World Class,18,0.2734,0.3886,0.1893,0.0834,0.1099,0.4369,0.3691,0.8889,3.2767,"2013,2014,2015,2016,2017,2018,2019,2022,2023,2024,2025"
judge_corps_caption,m-bowers-1,Michele Bowers,001j000000iwx98aad,Colts,CG,World Class,7,0.4056,0.4498,0.1893,0.1217,0.1671,0.6442,0.4298,0.8571,3.3332,"2015,2017,2018,2019,2023"
judge_corps_caption,j-gilley-1,Jackie Gilley,001j000000iwxafaa1,The Cavaliers,VP,World Class,6,-0.4415,-0.2373,-0.1892,0.4533,-1.3301,0.447,0.6212,0.3333,-0.9739,"2013,2016,2018,2022,2025"
judge_corps_caption,c-church-1,CHRIS CHURCH,001j000000i6lenaa3,Madison Scouts,VA,World Class,5,-0.492,-0.1135,-0.1892,0.3238,-1.1265,0.1426,0.5655,0.2,-1.5196,"2014,2022,2023,2024"
judge_corps_caption,c-nelson-1,Carl Nelson,001j000000iwxa3aal,Mandarins,VP,World Class,27,-0.2452,0.0223,-0.1891,0.2809,-0.7958,0.3054,0.9238,0.6667,-0.8727,"2013,2014,2015,2016,2017,2018,2019,2022,2023,2025"
judge_corps_caption,j-gilley-1,Jackie Gilley,001j000000iwxa6aal,Oregon Crusaders,CG,World Class,5,-0.4917,-0.3731,-0.1891,0.444,-1.362,0.3785,0.9362,0.2,-1.1076,"2013,2014"
judge_corps_caption,j-webb-1,Jay Webb,001j000000iwwsraal,Bluecoats,MA,World Class,10,-0.3403,-0.4092,-0.189,0.62,-1.5555,0.875,0.8828,0.7,-0.5488,"2013,2014,2018,2022,2023,2024"
judge_corps_caption,j-howell-1,John Howell,001j000000iwx9aaat,Crossmen,GE1,World Class,15,-0.2895,-0.327,-0.1888,0.3469,-0.9694,0.3905,0.7348,0.4667,-0.8344,"2013,2014,2015,2016,2017,2018,2019,2023,2025"
judge_corps_caption,c-nelson-1,Carl Nelson,001j000000iwx98aad,Colts,VP,World Class,14,0.2967,0.5157,0.1888,0.1114,0.0783,0.5151,0.3576,0.6429,2.6623,"2015,2017,2018,2019,2022,2023"
judge_corps_caption,m-mcgahey-1,Mark McGahey,001j000000iwxa5aal,Music City,GE2,Open Class,8,0.3772,0.3304,0.1886,0.3633,-0.3349,1.0892,0.7679,0.75,1.0383,"2013,2019,2022,2023"
judge_corps_caption,j-webb-1,Jay Webb,001j000000iwx93aad,Seattle Cascades,GE2,World Class,7,0.4041,0.2602,0.1886,0.2645,-0.1144,0.9226,0.663,0.7143,1.5276,"2013,2015,2019,2023,2024,2025"
judge_corps_caption,m-turner-1,Michael Turner,001j000000iwxaeaa1,The Academy,CG,World Class,15,-0.2891,-0.1465,-0.1885,0.4202,-1.1127,0.5345,1.2361,0.6,-0.688,"2013,2014,2015,2016,2017,2018,2022,2023,2024,2025"
judge_corps_caption,r-solomon-1,Robert Solomon,001j000000iwx91aad,Carolina Crown,CG,World Class,17,0.2768,0.3961,0.1882,0.0678,0.1439,0.4096,0.3042,0.8235,4.0823,"2013,2014,2015,2016,2017,2018,2019,2022,2023,2024"
judge_corps_caption,r-greenwell-1,Randy Greenwell,001j000000i6jmbaaf,Blue Devils B,GE2,Open Class,7,-0.4034,-0.3202,-0.1882,0.7363,-1.8465,1.0398,1.4298,0.7143,-0.5478,"2013,2014,2016,2018,2019"
judge_corps_caption,j-gilley-1,Jackie Gilley,001j000000iwxa1aal,Les Stentors,VA,Open Class,5,-0.4892,0.1307,-0.1881,0.3752,-1.2245,0.2462,0.8697,0.2,-1.3038,"2014,2016,2022"
judge_corps_caption,m-rubino-1,Mike Rubino,001j000000iwxa7aal,Pacific Crest,MB,World Class,6,-0.4387,-0.8473,-0.188,0.5988,-1.6123,0.7348,1.2561,0.3333,-0.7327,"2014,2015,2017,2019,2022"
judge_corps_caption,r-rios-1,Ronnie Rios,001j000000iwx9oaad,Genesis,MB,Open Class,5,0.4882,0.4694,0.1878,0.2105,0.0756,0.9009,0.5038,0.8,2.3189,"2014,2016,2018,2024"
judge_corps_caption,j-harper-1,Jeff Harper,001j000000iwxajaa1,Troopers,GE2,World Class,6,0.4376,0.2812,0.1876,0.1012,0.2394,0.6359,0.4376,1,4.3262,"2013,2014,2015,2023"
judge_corps_caption,g-fugett-1,Glenn Fugett,001j000000iwwsqaal,Blue Stars,MP,World Class,9,-0.3543,-0.8206,-0.1876,0.4878,-1.3104,0.6018,1.051,0.4444,-0.7263,"2013,2014,2016,2018,2019"
judge_corps_caption,b-jones-1,Bruce Jones,001j000000iwxaeaa1,The Academy,VP,World Class,10,-0.3375,-0.12,-0.1875,0.3565,-1.0363,0.3612,0.6678,0.6,-0.9468,"2013,2014,2015,2019,2023"
judge_corps_caption,j-harper-1,Jeff Harper,001j000000iwx9waad,Jersey Surf,GE2,World Class,5,-0.4876,-0.6595,-0.1875,0.3032,-1.0819,0.1067,0.5391,0.2,-1.608,"2013,2014,2016,2018"
judge_corps_caption,j-ausdemore-1,Jeff Ausdemore,001j000000iwwsqaal,Blue Stars,MP,World Class,15,0.2875,0.1479,0.1875,0.17,-0.0457,0.6206,0.5893,0.6,1.6912,"2014,2015,2016,2018,2022"
judge_corps_caption,d-torchia-1,Debbie Torchia,001j000000iwxadaa1,Spirit of Atlanta,GE1,World Class,6,0.4374,0.4735,0.1875,0.1566,0.1305,0.7443,0.447,0.8333,2.7938,"2014,2015,2017,2018"
judge_corps_caption,k-turner-1,Ken Turner,001j000000iwxa3aal,Mandarins,MA,World Class,7,-0.4019,-0.5755,-0.1875,0.6353,-1.647,0.8432,1.1047,0.7143,-0.6326,"2014,2018,2019,2025"
judge_corps_caption,j-howell-1,John Howell,001j000000iwxa5aal,Music City,GE1,Open Class,14,-0.2944,-0.2943,-0.1873,0.349,-0.9785,0.3897,0.8577,0.4286,-0.8434,"2013,2014,2015,2016,2018,2022,2023,2025"
judge_corps_caption,d-torchia-1,Debbie Torchia,001j000000iwxa3aal,Mandarins,CG,World Class,8,-0.3744,-0.4417,-0.1872,0.5491,-1.4507,0.7018,1.0539,0.5,-0.6819,"2013,2016,2017,2018"
judge_corps_caption,j-kennedy-1,Jay Kennedy,001j000000qzs1qaaf,River City Rhythm,MA,Open Class,6,0.4364,0.4452,0.187,0.6055,-0.7503,1.6231,1.2602,0.8333,0.7208,"2019,2022,2025"
judge_corps_caption,j-sturgeon-1,Jim Sturgeon,001j000000iwxaeaa1,The Academy,VA,World Class,8,0.3734,0.3088,0.1867,0.2203,-0.0584,0.8053,0.6228,0.875,1.695,"2014,2018,2024"
judge_corps_caption,d-davis-1,Darrin Davis,001j000000iwxa8aal,Pioneer,GE2,World Class,9,0.3525,0.216,0.1866,0.0814,0.1929,0.5121,0.3525,1,4.3282,"2013,2014,2015,2016,2017"
judge_corps_caption,b-fabrizio-1,Beth Fabrizio,001j000000iwxa0aal,Legends,MB,Open Class,8,0.3731,0.7285,0.1866,0.1621,0.0555,0.6908,0.4537,0.875,2.3023,"2013,2014,2017,2019,2022"
judge_corps_caption,r-rios-1,Ronnie Rios,001j000000iwwssaal,Boston Crusaders,MA,World Class,9,-0.3522,-0.2558,-0.1865,0.6311,-1.5892,0.8848,1.2477,0.7778,-0.5581,"2014,2017,2018,2022,2023,2024,2025"
judge_corps_caption,m-leitzke-1,Mike Leitzke,001j000000iwxaeaa1,The Academy,MP,World Class,20,0.2611,0.0575,0.1865,0.1209,0.0242,0.498,0.5213,0.7,2.1605,"2015,2016,2017,2018,2019,2022,2024,2025"
judge_corps_caption,k-giese-1,Ken Giese,001j000000iwwsraal,Bluecoats,VA,World Class,21,-0.2575,-0.0197,-0.1864,0.3131,-0.8711,0.3562,0.7044,0.6667,-0.8223,"2013,2014,2015,2016,2017,2018,2019"
judge_corps_caption,k-turner-1,Ken Turner,001j000000iwwsqaal,Blue Stars,MA,World Class,7,0.3993,0.1961,0.1863,0.206,-0.0045,0.8031,0.5922,0.7143,1.9379,"2013,2014,2018,2022,2025"
judge_corps_caption,b-fabrizio-1,Beth Fabrizio,001j000000iwwsoaal,Blue Knights,MB,World Class,7,-0.3991,-0.3272,-0.1863,0.55,-1.4771,0.6788,0.8465,0.5714,-0.7257,"2013,2017,2018,2022,2024"
judge_corps_caption,f-morris-1,Frank Morris,001j000000iwxadaa1,Spirit of Atlanta,GE1,World Class,7,-0.3991,-0.0905,-0.1862,0.4173,-1.2171,0.4189,0.6185,0.2857,-0.9563,"2013,2014,2015,2016"
judge_corps_caption,g-fugett-1,Glenn Fugett,001j000000iwxajaa1,Troopers,GE2,World Class,17,0.2737,0.1426,0.1861,0.1777,-0.0746,0.622,0.6005,0.7647,1.5404,"2013,2014,2016,2018,2019,2022,2023,2024,2025"
judge_corps_caption,c-guard-1,Color Guard,001j000000iwx97aad,Colt Cadets,VA,Open Class,5,0.4839,0.3123,0.1861,0.3599,-0.2216,1.1894,0.8129,0.8,1.3445,"2016,2019"
judge_corps_caption,d-carbone-1,Dave Carbone,001j000000iwxadaa1,Spirit of Atlanta,GE2,World Class,9,-0.3514,-0.3322,-0.186,0.3724,-1.0813,0.3785,0.6784,0.4444,-0.9436,"2014,2015,2016,2018,2023"
judge_corps_caption,b-crisp-1,Bryan Crisp,001j000000iwxa5aal,Music City,MB,World Class,12,-0.31,-0.193,-0.186,0.3386,-0.9735,0.3536,0.7779,0.4167,-0.9155,"2018,2019,2022,2023,2024,2025"
judge_corps_caption,r-greenwell-1,Randy Greenwell,001j000000iwwsqaal,Blue Stars,MA,World Class,10,0.3346,0.3907,0.1859,0.1534,0.034,0.6352,0.5102,0.8,2.1818,"2015,2016,2018,2019,2022"
judge_corps_caption,m-kelly-1,Mickey Kelly,001j000000iwxa3aal,Mandarins,GE1,World Class,12,-0.3096,-0.3674,-0.1858,0.4171,-1.1271,0.5078,0.8902,0.5833,-0.7424,"2013,2014,2015,2016,2017,2018,2019"
judge_corps_caption,c-costanza-1,Curtis Costanza,001j000000iwx9oaad,Genesis,GE1,Open Class,13,0.2999,0.6576,0.1856,0.1839,-0.0605,0.6603,0.6095,0.6923,1.6309,"2013,2014,2015,2016,2019,2023"
judge_corps_caption,k-miller-1,Kyle Miller,001j000000iwx93aad,Seattle Cascades,VP,World Class,6,0.4328,0.4116,0.1855,0.3289,-0.2119,1.0775,0.6846,0.6667,1.3159,"2013,2015,2016,2023"
judge_corps_caption,m-stone-1,Michael Stone,001j000000iwxa6aal,Oregon Crusaders,GE1,World Class,11,0.3205,0.1265,0.1855,0.1751,-0.0227,0.6637,0.5258,0.8182,1.8303,"2014,2015,2016,2017,2018"
judge_corps_caption,t-ochran-1,Timothy Ochran,001j000000iwwssaal,Boston Crusaders,VA,World Class,16,-0.278,-0.4538,-0.1853,0.5504,-1.3568,0.8008,1.2753,0.75,-0.5051,"2013,2015,2016,2017,2018,2019,2022,2025"
judge_corps_caption,d-bryan-1,Dan Bryan,001j000000iwxaaaa1,Raiders,MP,Open Class,5,0.4817,0.95,0.1853,0.577,-0.6492,1.6126,0.8517,0.6,0.8348,"2013,2016,2018"
judge_corps_caption,m-davis-1,Mike Davis,001j000000iwwsoaal,Blue Knights,MP,World Class,6,0.4324,0.6507,0.1853,0.1733,0.0926,0.7722,0.4948,0.6667,2.4945,"2015,2018,2019,2023,2024"
judge_corps_caption,b-fabrizio-1,Beth Fabrizio,001j000000iwxa5aal,Music City,MA,Open Class,7,0.3969,1.0141,0.1852,0.1832,0.0377,0.756,0.3969,1,2.1659,"2013,2014,2016,2024"
judge_corps_caption,t-hall-1,Troy Hall,001j000000iwx9oaad,Genesis,MP,Open Class,6,-0.4322,0.0749,-0.1852,0.267,-0.9555,0.0911,0.5578,0.3333,-1.6187,"2016,2018,2019,2022"
judge_corps_caption,c-nelson-1,Carl Nelson,001j000000iwxafaa1,The Cavaliers,VP,World Class,17,0.2722,0.481,0.1851,0.0638,0.1472,0.3972,0.309,0.8235,4.2687,"2013,2016,2017,2018,2019,2022"
judge_corps_caption,c-nelson-1,Carl Nelson,001j000000iwxa1aal,Les Stentors,VP,Open Class,8,-0.3702,-0.2304,-0.1851,0.2252,-0.8116,0.0713,0.547,0.375,-1.6434,"2014,2016,2017,2019,2022,2024"
judge_corps_caption,t-wemhoff-1,Ted Wemhoff,001j000000iwxa6aal,Oregon Crusaders,GE1,World Class,9,-0.3496,-0.1269,-0.1851,0.2955,-0.9288,0.2296,0.4439,0.4444,-1.1832,"2015,2016,2017"
judge_corps_caption,c-romanowski-1,Chris Romanowski,001j000000i6jmbaaf,Blue Devils B,MP,Open Class,9,0.3494,0.4887,0.185,0.3457,-0.3281,1.027,0.8115,0.6667,1.0108,"2013,2014,2016,2017,2024"
judge_corps_caption,m-thompson-1,Michael Thompson,001j000000h3xwcaav,Santa Clara Vanguard,VP,World Class,7,0.3961,0.7883,0.1848,0.1691,0.0647,0.7275,0.4361,0.8571,2.3426,"2013,2014,2018,2024"
judge_corps_caption,m-stone-1,Michael Stone,001j000000iwx9vaad,Incognito,GE1,Open Class,5,-0.4806,-0.4769,-0.1848,0.3234,-1.1144,0.1533,0.7036,0.2,-1.486,"2015,2016,2017,2018"
judge_corps_caption,w-chumley-1,William Chumley,001j000000h3xwcaav,Santa Clara Vanguard,VA,World Class,13,0.2983,0.3592,0.1846,0.1133,0.0761,0.5204,0.3884,0.8462,2.6316,"2013,2016,2017,2018,2019,2025"
judge_corps_caption,c-hestin-1,Chris Hestin,001j000000iwxa7aal,Pacific Crest,GE2,World Class,6,0.4308,0.591,0.1846,0.3029,-0.1628,1.0244,0.5622,0.6667,1.4226,"2017,2018,2022"
judge_corps_caption,a-kristensen-1,Allan Kristensen,001j000000iwxa7aal,Pacific Crest,MP,World Class,20,-0.2583,-0.8734,-0.1845,0.3866,-1.016,0.4994,1.3953,0.6,-0.6681,"2013,2014,2015,2016,2018,2019,2022,2023,2024"
judge_corps_caption,c-phillips-1,Chester Phillips,001j000000iwxa5aal,Music City,GE2,Open Class,6,0.4304,0.681,0.1845,0.1775,0.0824,0.7783,0.5088,0.6667,2.4244,"2014,2018,2019,2022,2025"
judge_corps_caption,d-padilla-1,Damon Padilla,001j000000iwxaeaa1,The Academy,GE1,World Class,6,0.43,0.5335,0.1843,0.0837,0.2661,0.594,0.43,1,5.1406,"2022,2024,2025"
judge_corps_caption,r-isoda-1,Randolph Isoda,001j000000iwx97aad,Colt Cadets,GE2,Open Class,6,-0.4298,0.2348,-0.1842,0.5354,-1.4793,0.6196,0.9967,0.5,-0.8027,"2013,2016,2017"
judge_corps_caption,n-jones-1,Nola Jones,001j000000h3xwcaav,Santa Clara Vanguard,MA,World Class,9,0.3479,-0.153,0.1842,0.2607,-0.163,0.8589,0.6859,0.6667,1.3346,"2014,2015,2018,2019,2022"
judge_corps_caption,m-gray-1,Michael Gray,001j000000iwx98aad,Colts,GE1,World Class,10,0.3315,0.4366,0.1842,0.0701,0.194,0.4689,0.3315,1,4.7275,"2016,2017,2018,2019,2024"
judge_corps_caption,m-leitzke-1,Mike Leitzke,001j000000iwx93aad,Seattle Cascades,MP,World Class,11,0.318,0.1399,0.1841,0.2142,-0.1019,0.7379,0.6187,0.5455,1.4843,"2015,2016,2017,2019,2024,2025"
judge_corps_caption,k-miller-1,Kyle Miller,001j000000iwxa3aal,Mandarins,VP,World Class,11,-0.3169,-0.2933,-0.1835,0.5986,-1.4902,0.8564,1.1995,0.8182,-0.5294,"2013,2015,2016,2017,2018,2022,2023,2024"
judge_corps_caption,j-kennedy-1,Jay Kennedy,001j000000iwx9saad,Guardians,MA,Open Class,9,0.3461,0.2394,0.1833,0.3638,-0.367,1.0593,0.9317,0.5556,0.9514,"2014,2016,2017,2018,2019,2022"
judge_corps_caption,t-wingate-1,Travis Wingate,001j000000iwx9saad,Guardians,VA,Open Class,6,0.4277,0.7009,0.1833,0.1742,0.0863,0.7691,0.5301,0.8333,2.4555,"2022,2023"
judge_corps_caption,m-mcgahey-1,Mark McGahey,001j000000iwx9aaat,Crossmen,MB,World Class,8,0.3665,-0.0628,0.1832,0.3983,-0.4143,1.1472,0.9377,0.875,0.92,"2013,2014,2016"
judge_corps_caption,g-miller-1,Gerry Miller,001j000000iwwssaal,Boston Crusaders,GE2,World Class,8,0.366,0.5875,0.183,0.1494,0.0732,0.6588,0.3776,0.75,2.4503,"2022,2024,2025"
judge_corps_caption,d-davis-1,Darrin Davis,001j000000iwwsraal,Bluecoats,GE2,World Class,18,0.2639,0.1389,0.1827,0.1474,-0.0251,0.5528,0.4923,0.8889,1.7899,"2014,2015,2016,2017,2019,2022,2023,2024"
judge_corps_caption,m-lentz-1,Michael Lentz,001j000000iwwssaal,Boston Crusaders,CG,World Class,7,-0.3913,-0.0501,-0.1826,0.6049,-1.5768,0.7943,0.8661,0.7143,-0.6469,"2013,2016,2017"
judge_corps_caption,b-fabrizio-1,Beth Fabrizio,001j000000iwxakaa1,Vanguard Cadets,MB,Open Class,6,0.426,0.8443,0.1826,0.3278,-0.2164,1.0685,0.7939,0.8333,1.2999,"2013,2014,2016,2017,2022"
judge_corps_caption,j-pipitone-1,JJ Pipitone,001j000000iwxa8aal,Pioneer,MP,World Class,6,0.4261,0.5354,0.1826,0.0987,0.2327,0.6195,0.4261,1,4.318,"2013,2014,2015"
judge_corps_caption,s-page-1,Steven Page,001j000000iwx9saad,Guardians,MB,Open Class,10,-0.3287,0.0022,-0.1826,0.314,-0.9441,0.2868,0.8414,0.4,-1.0467,"2015,2016,2017,2018,2024"
judge_corps_caption,w-dillon-1,Wayne Dillon,001j000000iwwsqaal,Blue Stars,MA,World Class,11,0.3154,0.2687,0.1826,0.2175,-0.1109,0.7418,0.6164,0.8182,1.45,"2017,2019,2022,2023,2025"
judge_corps_caption,c-clayton-fisher-1,Christine Clayton Fisher,001j000000iwwsqaal,Blue Stars,CG,World Class,5,-0.4748,-0.6981,-0.1826,1.1057,-2.642,1.6924,1.4835,0.8,-0.4294,"2019,2022,2023,2024"
judge_corps_caption,d-davis-1,Darrin Davis,001j000000iwx93aad,Seattle Cascades,GE2,World Class,13,0.2947,0.1988,0.1825,0.1154,0.0686,0.5208,0.3977,0.7692,2.555,"2013,2014,2015,2016,2017,2023,2024"
judge_corps_caption,a-lo-1,Albert Lo,001j000000iwxajaa1,Troopers,MA,World Class,5,-0.4746,-0.1377,-0.1825,0.6171,-1.6842,0.735,0.7566,0.6,-0.769,"2014,2015,2018"
judge_corps_caption,j-howell-1,John Howell,001j000000iwxa8aal,Pioneer,GE1,World Class,9,-0.3445,-0.3807,-0.1824,0.4533,-1.233,0.544,0.7195,0.5556,-0.7599,"2013,2014,2015,2017,2018"
judge_corps_caption,m-mullinix-1,Max Mullinix,001j000000iwx98aad,Colts,MP,World Class,8,-0.3646,-0.2298,-0.1823,0.4335,-1.2144,0.4851,0.7921,0.625,-0.8411,"2013,2014,2015"
judge_corps_caption,m-thompson-1,Michael Thompson,001j000000iwxa6aal,Oregon Crusaders,CG,World Class,9,0.3443,0.5668,0.1823,0.2049,-0.0573,0.7459,0.572,0.6667,1.6802,"2014,2015,2016,2018"
judge_corps_caption,j-bell-1,John Bell,001j000000iwwsraal,Bluecoats,GE2,World Class,23,-0.2456,-0.0903,-0.1822,0.3208,-0.8744,0.3832,0.7024,0.6957,-0.7655,"2013,2015,2016,2017,2018,2019,2022"
judge_corps_caption,d-niebauer-1,Dan Niebauer,001j000000iwxa1aal,Les Stentors,VA,Open Class,6,-0.4252,0.0832,-0.1822,0.1656,-0.7499,-0.1006,0.4313,0.1667,-2.5673,"2015,2017"
judge_corps_caption,t-slaughter-1,Tom Slaughter,001j000000iwx9paad,Gold,VA,Open Class,5,0.4736,0.6904,0.1822,0.3101,-0.1342,1.0813,0.4932,0.8,1.5273,"2019,2022,2024,2025"
judge_corps_caption,j-webb-1,Jay Webb,001j000000iwxa3aal,Mandarins,GE2,World Class,11,0.3142,0.1632,0.1819,0.1547,0.011,0.6174,0.5134,0.8182,2.0313,"2015,2018,2019,2023"
judge_corps_caption,s-chumley-1,Shirl Chumley,001j0000012y6bqaac,The Battalion,CG,Open Class,6,-0.4242,0.4784,-0.1818,0.6662,-1.7299,0.8815,0.9071,0.6667,-0.6368,"2019,2023,2024"
judge_corps_caption,s-adamo-1,Sal Adamo,001j000000iwx9oaad,Genesis,GE1,World Class,5,-0.4727,-0.085,-0.1818,0.3059,-1.0722,0.1268,0.582,0.4,-1.5456,"2022,2024,2025"
judge_corps_caption,c-nelson-1,Carl Nelson,001j000000iwxaeaa1,The Academy,VP,World Class,17,-0.267,-0.0496,-0.1816,0.3125,-0.8795,0.3454,0.9009,0.5882,-0.8545,"2013,2016,2017,2018,2019,2022,2023,2025"
judge_corps_caption,c-dillon-1,Christine Dillon,001j000000iwx9paad,Gold,CG,Open Class,10,0.3265,1.1096,0.1814,0.3699,-0.3986,1.0516,0.9193,0.7,0.8825,"2013,2014,2015,2016,2017,2018,2025"
judge_corps_caption,a-lo-1,Albert Lo,001j000000iwwsoaal,Blue Knights,MA,World Class,5,-0.4717,-0.1329,-0.1814,0.7335,-1.9093,0.9659,0.9366,0.6,-0.6431,"2014,2015,2018"
judge_corps_caption,f-miller-1,Frank Miller,001j000000iwxadaa1,Spirit of Atlanta,GE1,World Class,5,-0.4717,-0.1959,-0.1814,0.3901,-1.2363,0.2929,0.5994,0.2,-1.2091,"2015,2016,2017"
judge_corps_caption,j-gilley-1,Jackie Gilley,001j000000i6i9saav,Blue Devils,CG,World Class,5,0.4715,0.5926,0.1813,0.0604,0.3532,0.5898,0.4715,1,7.8107,"2013,2014,2015,2018"
judge_corps_caption,m-czapinksi-1,Marie Czapinksi,001j000000i6i9saav,Blue Devils,CG,World Class,7,-0.3885,-0.8083,-0.1813,0.833,-2.0212,1.2442,1.6519,0.7143,-0.4664,"2014,2015"
judge_corps_caption,j-wilson-1,Jeff Wilson,001j000000iwxa7aal,Pacific Crest,MP,World Class,9,0.3424,0.0966,0.1813,0.2514,-0.1504,0.8352,0.7349,0.6667,1.3618,"2015,2017,2018,2023,2024"
judge_corps_caption,t-pierce-1,Tim Pierce,001j000000iwwssaal,Boston Crusaders,VA,World Class,7,0.3886,0.6672,0.1813,0.1906,0.0151,0.7621,0.496,0.7143,2.0391,"2019,2022,2023,2024,2025"
judge_corps_caption,j-howell-1,John Howell,001j000000iwwsraal,Bluecoats,CG,World Class,10,0.3261,0.3476,0.1812,0.086,0.1576,0.4947,0.3772,0.9,3.7932,"2013,2014,2015,2018,2019,2022,2023"
judge_corps_caption,k-turner-1,Ken Turner,001j000000iwxaeaa1,The Academy,GE2,World Class,10,0.3259,0.7202,0.1811,0.2706,-0.2045,0.8563,0.7531,0.7,1.2044,"2013,2014,2015,2016,2017,2018"
judge_corps_caption,d-argul-1,Dennis Argul,001j000000iwxa7aal,Pacific Crest,MB,World Class,8,-0.3622,0.1531,-0.1811,0.3853,-1.1173,0.3929,0.7105,0.625,-0.9401,"2016,2019,2025"
judge_corps_caption,j-harper-1,Jeff Harper,001j000000iwx9oaad,Genesis,MA,World Class,7,0.3876,0.2968,0.1809,0.1785,0.0377,0.7375,0.5332,0.8571,2.171,"2023,2024,2025"
judge_corps_caption,c-rothe-1,Caleb Rothe,001j000000h3xwcaav,Santa Clara Vanguard,MP,World Class,14,-0.284,-0.4402,-0.1808,0.2948,-0.8619,0.2938,0.8025,0.5714,-0.9634,"2013,2014,2015,2017,2024,2025"
judge_corps_caption,s-adamo-1,Sal Adamo,001j000000h3xwcaav,Santa Clara Vanguard,VA,World Class,7,0.3873,0.562,0.1807,0.0863,0.2182,0.5563,0.3873,1,4.4896,"2013,2014,2016,2017,2019,2024"
judge_corps_caption,r-solomon-1,Robert Solomon,001j000000iwx9qaad,Golden Empire,VP,Open Class,10,0.3253,-0.0127,0.1807,0.2997,-0.2622,0.9128,0.7936,0.8,1.0852,"2015,2016,2017,2018,2019,2022,2023,2025"
judge_corps_caption,j-howell-1,John Howell,001j000000iwxa1aal,Les Stentors,GE1,Open Class,5,-0.4699,-0.6111,-0.1807,0.505,-1.4597,0.5198,0.846,0.6,-0.9307,"2015,2019,2023,2025"
judge_corps_caption,k-giese-1,Ken Giese,001j000000iwxa5aal,Music City,VA,Open Class,15,-0.277,-0.6011,-0.1806,0.3741,-1.0101,0.4562,1.1048,0.4,-0.7404,"2013,2014,2015,2016,2017,2018,2019"
judge_corps_caption,d-davis-1,Darrin Davis,001j000000i6kfgaan,The Cadets,GE2,World Class,17,0.2655,0.136,0.1806,0.1173,0.0356,0.4955,0.4595,0.7059,2.263,"2013,2014,2015,2016,2017,2019,2022,2023"
judge_corps_caption,m-davis-1,Mike Davis,001j000000iwxa2aal,Louisiana Stars,MP,Open Class,9,-0.3412,0.1755,-0.1806,0.2324,-0.7966,0.1143,0.638,0.2222,-1.468,"2014,2015,2016,2017,2018,2019"
judge_corps_caption,j-wilson-1,Jeff Wilson,001j000000iwxaeaa1,The Academy,MP,World Class,14,-0.2838,-0.554,-0.1806,0.4015,-1.0707,0.5032,1.1812,0.5714,-0.7067,"2016,2017,2018,2019,2022,2023,2024,2025"
judge_corps_caption,a-lo-1,Albert Lo,001j000000i6kfgaan,The Cadets,MB,World Class,10,0.3248,0.4346,0.1805,0.0868,0.1546,0.4951,0.3602,0.9,3.7404,"2013,2014,2015,2018,2019"
judge_corps_caption,h-nguyen-1,Hieu Nguyen,001j000000iwxa8aal,Pioneer,CG,World Class,7,-0.3868,-0.2944,-0.1805,0.4062,-1.183,0.4093,0.6902,0.4286,-0.9523,"2015,2017,2018"
judge_corps_caption,k-turner-1,Ken Turner,001j000000iwwsoaal,Blue Knights,GE2,World Class,17,0.2653,0.6641,0.1804,0.1246,0.0211,0.5096,0.4128,0.6471,2.1296,"2013,2014,2015,2016,2017,2018,2019,2022,2025"
judge_corps_caption,m-griffin-1,Marty Griffin,001j000000iwx93aad,Seattle Cascades,MP,World Class,16,-0.2706,-0.0133,-0.1804,0.242,-0.745,0.2038,0.6524,0.375,-1.1178,"2013,2014,2015,2017,2018,2025"
judge_corps_caption,w-dillon-1,Wayne Dillon,001j000000h3xrnaav,Phantom Regiment,MB,World Class,11,0.3114,0.2819,0.1803,0.2165,-0.113,0.7357,0.5934,0.7273,1.4381,"2014,2015,2016,2017,2019,2024,2025"
judge_corps_caption,m-bowers-1,Michele Bowers,001j000000iwxa3aal,Mandarins,CG,World Class,6,0.4208,0.5071,0.1803,0.0822,0.2598,0.5818,0.4208,1,5.1224,"2015,2016,2017,2018,2019,2023"
judge_corps_caption,j-brooks-1,Jeff Brooks,001j000000i6lenaa3,Madison Scouts,MP,World Class,13,-0.2912,0.0163,-0.1803,0.4246,-1.1234,0.5409,1.0912,0.6154,-0.686,"2018,2019,2022,2023,2024,2025"
judge_corps_caption,m-turner-1,Michael Turner,001j000000iwxajaa1,Troopers,CG,World Class,12,-0.3004,-0.1482,-0.1802,0.4475,-1.1774,0.5766,1.032,0.5,-0.6714,"2014,2015,2016,2018,2022,2024,2025"
judge_corps_caption,r-solomon-1,Robert Solomon,001j000000iwx9qaad,Golden Empire,GE1,Open Class,6,-0.4204,-0.7308,-0.1802,0.7853,-1.9596,1.1189,1.4603,0.5,-0.5353,"2017,2018,2019,2022,2025"
judge_corps_caption,s-page-1,Steven Page,001j000000iwxadaa1,Spirit of Atlanta,MB,World Class,17,-0.2649,-0.0938,-0.1801,0.3242,-0.9002,0.3705,0.7298,0.6471,-0.8171,"2014,2015,2016,2017,2018,2019,2023,2024,2025"
judge_corps_caption,c-dillon-1,Christine Dillon,001j000000h3xwcaav,Santa Clara Vanguard,CG,World Class,5,-0.4676,-0.7142,-0.1798,0.7509,-1.9394,1.0042,1.2668,0.4,-0.6227,"2016,2017,2019,2025"
judge_corps_caption,k-baker-1,Keith Baker,001j000000iwx9paad,Gold,VA,Open Class,13,0.2899,0.5561,0.1795,0.1764,-0.0559,0.6357,0.511,0.6923,1.6432,"2013,2014,2017,2018,2024,2025"
judge_corps_caption,d-torchia-1,Debbie Torchia,001j000000i6lenaa3,Madison Scouts,CG,World Class,9,-0.3391,-0.476,-0.1795,0.4189,-1.1601,0.482,0.7394,0.6667,-0.8095,"2013,2014,2015,2016,2018,2023,2025"
judge_corps_caption,c-nelson-1,Carl Nelson,001j000000iwxadaa1,Spirit of Atlanta,VP,World Class,9,0.3391,0.547,0.1795,0.0703,0.2014,0.4769,0.3391,1,4.8252,"2016,2017,2018,2019"
judge_corps_caption,m-teal-1,Mark Teal,001j000000iwx9waad,Jersey Surf,MP,World Class,5,-0.4662,-0.1608,-0.1793,0.4195,-1.2884,0.356,0.6157,0.2,-1.1113,"2016,2018,2019,2024"
judge_corps_caption,d-torchia-1,Debbie Torchia,001j000000iwx9oaad,Genesis,VA,Open Class,11,0.3095,0.3385,0.1792,0.2597,-0.1995,0.8186,0.6364,0.5455,1.1919,"2013,2015,2017,2018,2019,2022,2023,2025"
judge_corps_caption,h-nguyen-1,Hieu Nguyen,001j000000iwx98aad,Colts,VP,World Class,9,0.3384,0.474,0.1792,0.2333,-0.1189,0.7958,0.566,0.7778,1.4503,"2015,2018,2019,2023,2025"
judge_corps_caption,m-turner-1,Michael Turner,001j000000iwx91aad,Carolina Crown,VP,World Class,17,0.2633,0.4314,0.1791,0.109,0.0498,0.4769,0.3791,0.7059,2.4166,"2013,2014,2015,2016,2017,2018,2023,2024"
judge_corps_caption,d-torchia-1,Debbie Torchia,001j000000i6lenaa3,Madison Scouts,GE1,World Class,7,-0.3837,-0.3502,-0.1791,0.5627,-1.4866,0.7191,0.8665,0.4286,-0.682,"2015,2017,2023,2024"
judge_corps_caption,d-davis-1,Darrin Davis,001j000000iwx98aad,Colts,GE2,World Class,25,-0.2362,-0.3527,-0.179,0.2596,-0.745,0.2725,0.8843,0.56,-0.9101,"2013,2014,2015,2016,2017,2018,2019,2022,2023,2024,2025"
judge_corps_caption,d-davis-1,Darrin Davis,001j000000iwxa7aal,Pacific Crest,MA,World Class,8,-0.3579,-0.3423,-0.179,0.2697,-0.8865,0.1706,0.4397,0.375,-1.3272,"2015,2016,2018,2019,2024,2025"
judge_corps_caption,j-pursifull-1,Jack Pursifull,001j000000qzs1qaaf,River City Rhythm,VA,Open Class,8,-0.3574,0.1683,-0.1787,0.1799,-0.71,-0.0047,0.4401,0.25,-1.9861,"2022,2023,2024,2025"
judge_corps_caption,b-kuhn-1,Blair Kuhn,001j000000iwxajaa1,Troopers,VA,World Class,14,-0.2807,-0.5079,-0.1786,0.4687,-1.1994,0.638,1.2325,0.7143,-0.5989,"2017,2018,2019,2022,2023,2025"
judge_corps_caption,b-crisp-1,Bryan Crisp,001j000000iwxadaa1,Spirit of Atlanta,MB,World Class,11,-0.3082,-0.269,-0.1784,0.3671,-1.0277,0.4113,0.8015,0.6364,-0.8396,"2018,2019,2023,2024,2025"
judge_corps_caption,d-deems-1,Don Deems,001j000000i6jmbaaf,Blue Devils B,VA,Open Class,6,0.4161,1.1533,0.1783,0.2827,-0.1381,0.9702,0.6632,0.6667,1.4717,"2013,2014,2015,2017,2022"
judge_corps_caption,w-rickart-1,Warren Rickart,001j000000iwxadaa1,Spirit of Atlanta,GE1,World Class,6,-0.4161,-0.1239,-0.1783,0.4528,-1.3037,0.4715,0.6959,0.5,-0.9189,"2019,2023,2024"
judge_corps_caption,r-isoda-1,Randolph Isoda,001j000000iwwsqaal,Blue Stars,MB,World Class,7,-0.3818,-0.5667,-0.1782,0.7054,-1.7645,1.0008,1.3824,0.7143,-0.5413,"2014,2015,2017,2018"
judge_corps_caption,j-rhodes-1,Jodie Rhodes,001j000000iwwslaal,7th Regiment,GE2,Open Class,5,0.463,0.7329,0.1781,0.511,-0.5386,1.4646,0.8784,0.8,0.9061,"2022,2023,2025"
judge_corps_caption,c-rapacki-1,Chris Rapacki,001j000000iwwslaal,7th Regiment,MP,Open Class,5,0.4624,0.639,0.1779,0.1947,0.0807,0.8441,0.5118,0.8,2.3746,"2022,2025"
judge_corps_caption,c-romanowski-1,Chris Romanowski,001j000000iwx93aad,Seattle Cascades,MA,World Class,10,0.32,0.4649,0.1778,0.1824,-0.0376,0.6776,0.5616,0.7,1.754,"2018,2019,2023,2024,2025"
judge_corps_caption,k-weirich-1,Kyle Weirich,001j000000iwxacaa1,Spartans,MA,Open Class,10,-0.3196,0.3481,-0.1776,0.2042,-0.7198,0.0806,0.5493,0.3,-1.5654,"2016,2018,2019,2022,2025"
judge_corps_caption,r-comfort-1,Ron Comfort,001j000000i6i9saav,Blue Devils,CG,World Class,5,0.4618,0.623,0.1776,0.2116,0.047,0.8766,0.6156,0.8,2.1821,"2017,2019,2022"
judge_corps_caption,r-rios-1,Ronnie Rios,001j000000i6kfgaan,The Cadets,MA,World Class,5,0.4618,0.5236,0.1776,0.192,0.0855,0.8381,0.5142,0.8,2.4053,"2017,2022,2023"
judge_corps_caption,c-rothe-1,Caleb Rothe,001j000000iwx91aad,Carolina Crown,MP,World Class,6,0.4141,0.2468,0.1775,0.0643,0.288,0.5401,0.4141,1,6.4402,"2013,2014,2015"
judge_corps_caption,r-solomon-1,Robert Solomon,001j000000iwxadaa1,Spirit of Atlanta,CG,World Class,10,0.3195,0.4227,0.1775,0.1079,0.108,0.531,0.3829,0.8,2.961,"2014,2015,2016,2017,2018,2019,2023"
judge_corps_caption,j-bell-1,John Bell,001j000000iwxa7aal,Pacific Crest,MA,World Class,5,0.4613,0.8943,0.1774,0.1112,0.2434,0.6792,0.4613,1,4.1491,"2013,2014,2017,2018"
judge_corps_caption,k-turner-1,Ken Turner,001j000000iwxadaa1,Spirit of Atlanta,MA,World Class,5,-0.4609,-0.66,-0.1773,0.8374,-2.1022,1.1805,1.1074,0.6,-0.5503,"2013,2014,2016,2024"
judge_corps_caption,t-slaughter-1,Tom Slaughter,001j000000iwx98aad,Colts,VA,World Class,11,-0.3062,0.0466,-0.1773,0.4175,-1.1245,0.5121,0.642,0.4545,-0.7334,"2022,2023,2024,2025"
judge_corps_caption,k-miller-1,Kyle Miller,001j000000iwx9paad,Gold,GE1,Open Class,7,-0.3798,-1.1338,-0.1772,0.3016,-0.9708,0.2113,0.6261,0.2857,-1.2594,"2015,2016,2019,2022,2023,2024,2025"
judge_corps_caption,m-thompson-1,Michael Thompson,001j000000i6jmbaaf,Blue Devils B,CG,Open Class,6,0.4132,0.8624,0.1771,0.2397,-0.0566,0.883,0.6392,0.8333,1.7239,"2013,2016,2017"
judge_corps_caption,s-page-1,Steven Page,001j000000iwxacaa1,Spartans,MB,Open Class,14,-0.2781,0.0745,-0.177,0.187,-0.6445,0.0883,0.6087,0.3571,-1.4875,"2013,2014,2015,2016,2017,2018,2024"
judge_corps_caption,d-deems-1,Don Deems,001j000000iwxa7aal,Pacific Crest,GE1,World Class,6,0.4126,0.4779,0.1768,0.112,0.193,0.6322,0.4126,1,3.6825,"2013,2016,2017,2024,2025"
judge_corps_caption,a-dunn-1,Al Dunn,001j000000iwwsoaal,Blue Knights,MP,World Class,12,0.2946,0.4841,0.1768,0.1292,0.0413,0.5479,0.4428,0.6667,2.2797,"2014,2015,2016,2017,2019"
judge_corps_caption,r-isoda-1,Randolph Isoda,001j000000iwx9paad,Gold,GE2,Open Class,5,0.4596,1.1262,0.1768,0.2014,0.0649,0.8543,0.5299,0.8,2.282,"2016,2017"
judge_corps_caption,c-guard-1,Color Guard,001j000000iwxaeaa1,The Academy,CG,World Class,5,0.4596,0.592,0.1768,0.1307,0.2034,0.7158,0.4629,0.8,3.5159,"2019,2022"
judge_corps_caption,t-ochran-1,Timothy Ochran,001j0000012tpxmaa2,Shadow,VA,Open Class,5,0.459,0.4593,0.1765,0.3041,-0.137,1.0549,0.7523,0.8,1.5095,"2018,2019"
judge_corps_caption,m-stone-1,Michael Stone,001j000000iwx98aad,Colts,GE1,World Class,16,0.2644,0.0838,0.1763,0.2025,-0.1325,0.6614,0.6232,0.8125,1.3058,"2014,2015,2016,2017,2018,2019"
judge_corps_caption,r-rios-1,Ronnie Rios,001j000000h3xwcaav,Santa Clara Vanguard,MB,World Class,5,0.4583,0.9216,0.1763,0.2439,-0.0197,0.9364,0.4929,0.8,1.8791,"2015,2016,2022"
judge_corps_caption,k-miller-1,Kyle Miller,001j000000iwwssaal,Boston Crusaders,VP,World Class,8,-0.3525,-0.3518,-0.1762,0.5391,-1.4092,0.7042,1.0441,0.75,-0.6538,"2013,2014,2015,2017,2019,2023"
judge_corps_caption,k-miller-1,Kyle Miller,001j000000iwxaeaa1,The Academy,CG,World Class,7,-0.3774,-0.8459,-0.1761,0.481,-1.3201,0.5652,1.0045,0.2857,-0.7848,"2013,2015,2018,2019,2022,2024"
judge_corps_caption,g-fugett-1,Glenn Fugett,001j000000i6i9saav,Blue Devils,MP,World Class,6,0.4109,-0.0467,0.1761,0.7052,-0.9713,1.7931,1.3996,0.8333,0.5826,"2013,2014,2015,2018"
judge_corps_caption,w-chumley-1,William Chumley,001j000000iwx98aad,Colts,VP,World Class,5,-0.4578,-0.5309,-0.1761,0.8744,-2.1717,1.2561,1.1099,0.6,-0.5235,"2014,2017,2018,2022"
judge_corps_caption,c-nelson-1,Carl Nelson,001j000000i6kfgaan,The Cadets,VP,World Class,16,0.2641,0.4764,0.1761,0.0737,0.1197,0.4085,0.3331,0.875,3.585,"2015,2016,2017,2018,2019,2022,2023"
judge_corps_caption,t-fox-1,Todd Fox,001j000000iwwsraal,Bluecoats,MA,World Class,5,-0.4572,-0.4704,-0.1758,0.3925,-1.2265,0.3121,0.8154,0.4,-1.1648,"2013,2016,2018,2019"
judge_corps_caption,j-sturgeon-1,Jim Sturgeon,001j000000iwxafaa1,The Cavaliers,VA,World Class,12,-0.293,-0.359,-0.1758,0.4,-1.077,0.491,0.7954,0.6667,-0.7326,"2014,2017,2018,2023,2024,2025"
judge_corps_caption,j-davila-1,Julie Davila,001j000000iwx98aad,Colts,MP,World Class,15,-0.2694,-0.4069,-0.1757,0.4142,-1.0813,0.5425,1.1389,0.6,-0.6504,"2017,2019,2022,2023,2024"
judge_corps_caption,j-webb-1,Jay Webb,001j000000i6i9saav,Blue Devils,MA,World Class,8,0.3513,0.2841,0.1757,0.1442,0.0687,0.6339,0.4326,0.75,2.4367,"2018,2022,2023,2024"
judge_corps_caption,b-mascaro-1,Bret Mascaro,001j000000iwx9aaat,Crossmen,VA,World Class,9,0.3311,0.639,0.1753,0.1469,0.0432,0.619,0.3718,0.7778,2.2538,"2013,2015,2016,2017,2018"
judge_corps_caption,w-rickart-1,Warren Rickart,001j000000iwwssaal,Boston Crusaders,GE1,World Class,12,0.2918,0.5994,0.1751,0.116,0.0644,0.5193,0.3672,0.75,2.5148,"2019,2022,2023,2024,2025"
judge_corps_caption,j-davila-1,Julie Davila,001j000000iwx98aad,Colts,MA,World Class,6,0.4084,0.2332,0.175,0.1766,0.0623,0.7546,0.4084,1,2.3127,"2016,2018,2019"
judge_corps_caption,g-howarth-1,Gifford Howarth,001j0000012y6bqaac,The Battalion,MP,Open Class,6,0.4084,0.8655,0.175,0.1703,0.0746,0.7422,0.4084,1,2.3981,"2017,2018,2023,2024"
judge_corps_caption,c-nelson-1,Carl Nelson,001j000000iwxacaa1,Spartans,VP,Open Class,9,0.3304,0.5423,0.1749,0.1541,0.0285,0.6324,0.4342,0.8889,2.1448,"2014,2016,2017,2019,2024"
judge_corps_caption,d-davis-1,Darrin Davis,001j000000i6i9saav,Blue Devils,GE2,World Class,18,-0.2525,-0.3661,-0.1748,0.3959,-1.0283,0.5234,0.8591,0.7778,-0.6378,"2013,2014,2015,2016,2017,2023,2024,2025"
judge_corps_caption,m-hoskins-1,Mark Hoskins,001j000000iwx98aad,Colts,MB,World Class,22,-0.2384,-0.1102,-0.1748,0.2699,-0.7674,0.2906,0.8287,0.5909,-0.8833,"2016,2017,2018,2019,2022,2023,2024,2025"
judge_corps_caption,w-dillon-1,Wayne Dillon,001j000000iwx9oaad,Genesis,GE2,Open Class,5,0.4538,0.4345,0.1746,0.135,0.1892,0.7185,0.4538,1,3.3613,"2014,2015,2019,2024"
judge_corps_caption,p-furnari-1,Peter Furnari,001j000000i6lenaa3,Madison Scouts,MP,World Class,7,0.3734,0.5396,0.1743,0.1886,0.0037,0.7431,0.4277,0.7143,1.9797,"2013,2014,2016,2017,2024,2025"
judge_corps_caption,g-oliviero-1,George Oliviero,001j000000iwxafaa1,The Cavaliers,VA,World Class,14,0.2739,0.1562,0.1743,0.1539,-0.0276,0.5755,0.5243,0.7143,1.7804,"2013,2014,2015,2018,2019,2022,2023,2024"
judge_corps_caption,j-harper-1,Jeff Harper,001j000000iwxa3aal,Mandarins,MB,World Class,8,0.3486,0.2856,0.1743,0.1701,0.0151,0.6821,0.4221,0.75,2.0488,"2014,2016,2017,2019"
judge_corps_caption,d-davis-1,Darrin Davis,001j000000iwxaeaa1,The Academy,MA,World Class,12,-0.2906,-0.2912,-0.1743,0.2031,-0.6886,0.1074,0.5218,0.4167,-1.431,"2014,2016,2017,2018,2019,2022,2024,2025"
judge_corps_caption,j-denton-1,Joel Denton,001j000000iwxa5aal,Music City,GE2,Open Class,5,-0.4533,0.0822,-0.1743,0.5834,-1.5968,0.6902,0.8337,0.4,-0.7769,"2015,2017,2025"
judge_corps_caption,m-davis-1,Mike Davis,001j000000h3xwcaav,Santa Clara Vanguard,MP,World Class,8,0.3483,0.5714,0.1742,0.1198,0.1135,0.5831,0.3801,0.875,2.9076,"2013,2017,2018,2019,2022"
judge_corps_caption,r-greenwell-1,Randy Greenwell,001j000000i6jmbaaf,Blue Devils B,MA,Open Class,6,0.4064,0.601,0.1742,0.2329,-0.0501,0.8629,0.4616,0.6667,1.7449,"2013,2015,2016,2018,2022"
judge_corps_caption,w-rickart-1,Warren Rickart,001j000000iwx9aaat,Crossmen,GE1,World Class,6,-0.4065,-0.1227,-0.1742,0.4335,-1.2562,0.4432,0.6956,0.5,-0.9377,"2022,2023,2024"
judge_corps_caption,c-rapacki-1,Chris Rapacki,001j000000iwxaaaa1,Raiders,MP,Open Class,5,0.453,0.6426,0.1742,0.2965,-0.1282,1.0342,0.663,0.8,1.5276,"2022,2025"
judge_corps_caption,m-turner-1,Michael Turner,001j000000iwx97aad,Colt Cadets,VP,Open Class,5,-0.4526,-0.5678,-0.1741,0.3756,-1.1887,0.2834,0.7745,0.4,-1.2053,"2016,2017,2022"
judge_corps_caption,p-furnari-1,Peter Furnari,001j000000iwwssaal,Boston Crusaders,MP,World Class,15,0.2668,0.4722,0.174,0.2589,-0.2406,0.7742,0.8052,0.8667,1.0306,"2013,2014,2015,2016,2017,2018,2019,2022,2023,2024,2025"
judge_corps_caption,k-turner-1,Ken Turner,001j000000iwwssaal,Boston Crusaders,GE2,World Class,16,-0.2608,0.1499,-0.1739,0.2343,-0.72,0.1984,0.5875,0.375,-1.113,"2013,2014,2015,2016,2017,2019,2022,2024,2025"
judge_corps_caption,s-calhoun-1,Steve Calhoun,001j000000i6jmbaaf,Blue Devils B,MA,Open Class,6,0.4052,0.7983,0.1737,0.1867,0.0393,0.7712,0.5307,0.8333,2.1703,"2013,2016,2017"
judge_corps_caption,j-bell-1,John Bell,001j000000iwxa8aal,Pioneer,GE2,World Class,11,0.2999,0.4402,0.1736,0.2363,-0.1632,0.763,0.725,0.7273,1.2694,"2013,2015,2016,2017,2018"
judge_corps_caption,c-phillips-1,Chester Phillips,001j000000iwxaaaa1,Raiders,MB,Open Class,5,0.4512,0.3993,0.1735,0.2406,-0.0204,0.9227,0.5447,0.8,1.8753,"2013,2016,2023"
judge_corps_caption,m-davis-1,Mike Davis,001j000000qzs1qaaf,River City Rhythm,MP,Open Class,13,-0.28,0.2275,-0.1733,0.2668,-0.8029,0.2429,0.6986,0.4615,-1.0496,"2015,2017,2018,2022,2023,2024,2025"
judge_corps_caption,k-miller-1,Kyle Miller,001j000000iwx91aad,Carolina Crown,VP,World Class,11,0.2991,0.2879,0.1731,0.1899,-0.0732,0.6713,0.5725,0.9091,1.5744,"2013,2014,2015,2016,2017,2019,2023"
judge_corps_caption,c-raichle-1,Chris Raichle,001j000000iwwsqaal,Blue Stars,CG,World Class,6,-0.404,-0.152,-0.1731,0.4705,-1.3262,0.5181,0.5758,0.3333,-0.8587,"2016,2017,2018,2025"
judge_corps_caption,w-dillon-1,Wayne Dillon,001j000000iwxafaa1,The Cavaliers,GE2,World Class,17,0.2544,0.2616,0.173,0.0746,0.1082,0.4006,0.3327,0.8235,3.4096,"2013,2014,2015,2016,2019,2024"
judge_corps_caption,g-howarth-1,Gifford Howarth,001j000000iwxa1aal,Les Stentors,MP,Open Class,13,-0.2792,-0.0859,-0.1729,0.215,-0.7006,0.1421,0.6231,0.5385,-1.2989,"2014,2015,2016,2017,2023,2024"
judge_corps_caption,m-turner-1,Michael Turner,001j000000i6lenaa3,Madison Scouts,GE1,World Class,5,0.449,0.4532,0.1727,0.1644,0.1267,0.7712,0.4678,0.8,2.7306,"2013,2014,2017"
judge_corps_caption,a-cook-1,Andrew Cook,001j000000iwxabaa1,Southwind,MB,Open Class,5,-0.4489,-0.5177,-0.1727,1.0338,-2.4752,1.5773,1.9271,0.6,-0.4343,"2015,2019,2022"
judge_corps_caption,w-dillon-1,Wayne Dillon,001j000000h3xrnaav,Phantom Regiment,GE2,World Class,16,0.2589,0.2674,0.1726,0.1095,0.0444,0.4734,0.4066,0.8125,2.3654,"2013,2014,2015,2017,2019,2022,2024"
judge_corps_caption,w-chumley-1,William Chumley,001j000000h3xwcaav,Santa Clara Vanguard,GE1,World Class,7,0.3699,0.5608,0.1726,0.1269,0.1212,0.6186,0.3699,1,2.915,"2019,2022,2024,2025"
judge_corps_caption,r-greenwell-1,Randy Greenwell,001j000000iwwsraal,Bluecoats,MA,World Class,8,-0.3449,-0.2911,-0.1725,0.7503,-1.8154,1.1256,1.0528,0.875,-0.4597,"2015,2016,2019,2022"
judge_corps_caption,j-harper-1,Jeff Harper,001j000000iwx98aad,Colts,MB,World Class,8,-0.3447,-0.4393,-0.1724,0.64,-1.5991,0.9096,0.99,0.75,-0.5387,"2013,2016,2017,2019,2022,2023"
judge_corps_caption,g-markham-1,Garland Markham,001j000000h3xrnaav,Phantom Regiment,MA,World Class,12,-0.2867,-0.0176,-0.172,0.3814,-1.0343,0.4608,0.5838,0.5,-0.7518,"2013,2014,2015,2016,2017,2018,2019"
judge_corps_caption,d-argul-1,Dennis Argul,001j000000i6kfgaan,The Cadets,MB,World Class,9,-0.3249,0.1539,-0.172,0.104,-0.5288,-0.1211,0.3447,0.2222,-3.1239,"2014,2016,2017,2019"
judge_corps_caption,j-davila-1,Julie Davila,001j000000h3xrnaav,Phantom Regiment,MA,World Class,6,-0.401,-0.5814,-0.1719,0.7679,-1.9062,1.1042,1.0119,0.8333,-0.5222,"2018,2019"
judge_corps_caption,c-nelson-1,Carl Nelson,001j000000i6lenaa3,Madison Scouts,VP,World Class,13,0.2775,0.4736,0.1718,0.138,0.007,0.548,0.4267,0.6923,2.0106,"2016,2017,2018,2019,2022,2023"
judge_corps_caption,j-kennedy-1,Jay Kennedy,001j000000iwxacaa1,Spartans,GE2,Open Class,12,-0.2861,-0.7877,-0.1717,0.538,-1.3407,0.7684,1.5134,0.5,-0.5318,"2013,2014,2015,2016,2017,2018,2019,2023,2024"
judge_corps_caption,w-dillon-1,Wayne Dillon,001j000000iwxafaa1,The Cavaliers,MA,World Class,10,0.3091,0.2531,0.1717,0.1864,-0.0563,0.6746,0.522,0.7,1.658,"2013,2016,2017,2022"
judge_corps_caption,c-guard-1,Color Guard,001j000000iwx9saad,Guardians,VP,Open Class,5,0.4459,0.0259,0.1715,0.6047,-0.7392,1.6311,1.2167,0.8,0.7375,"2017,2018,2019"
judge_corps_caption,d-davis-1,Darrin Davis,001j000000iwxajaa1,Troopers,GE2,World Class,18,-0.2476,-0.3607,-0.1714,0.325,-0.8845,0.3893,0.7679,0.6111,-0.762,"2013,2014,2015,2016,2017,2023,2024,2025"
judge_corps_caption,e-martinez-1,Ed Martinez,001j000000iwx9paad,Gold,VP,Open Class,6,-0.3991,0.2788,-0.1711,0.5515,-1.4801,0.6818,0.957,0.3333,-0.7237,"2018,2019,2022,2023,2024"
judge_corps_caption,c-dillon-1,Christine Dillon,001j000000i6jmbaaf,Blue Devils B,GE1,Open Class,5,0.4447,1.3604,0.171,0.2908,-0.1254,1.0147,0.612,0.8,1.5289,"2013,2015,2016,2017"
judge_corps_caption,m-griffin-1,Marty Griffin,001j000000iwxa6aal,Oregon Crusaders,MP,World Class,15,-0.2622,-0.0348,-0.171,0.2477,-0.7477,0.2233,0.6342,0.4,-1.0586,"2013,2014,2015,2017,2018"
judge_corps_caption,a-dunn-1,Al Dunn,001j000000i6kfgaan,The Cadets,MP,World Class,13,-0.2762,-0.1005,-0.171,0.2736,-0.8124,0.26,0.4006,0.3846,-1.0096,"2014,2015,2016,2017"
judge_corps_caption,k-baker-1,Keith Baker,001j000000iwxa2aal,Louisiana Stars,VA,Open Class,5,0.4442,0.7094,0.1709,0.2081,0.0364,0.8521,0.4961,0.8,2.1348,"2017,2018"
judge_corps_caption,j-orefice-1,Juno Orefice,001j000000i6lenaa3,Madison Scouts,VA,World Class,9,0.3226,0.507,0.1708,0.1777,-0.0257,0.6709,0.4328,0.7778,1.8155,"2013,2014,2015,2016,2017,2018,2019,2022"
judge_corps_caption,t-fox-1,Todd Fox,001j000000i6jmbaaf,Blue Devils B,MP,Open Class,9,0.3226,0.5442,0.1708,0.169,-0.0087,0.6538,0.4831,0.6667,1.9087,"2013,2014,2016,2017,2024"
judge_corps_caption,k-miller-1,Kyle Miller,001j000000iwxa3aal,Mandarins,GE1,World Class,23,-0.23,-0.1191,-0.1707,0.2598,-0.7393,0.2792,0.7068,0.5217,-0.8853,"2013,2014,2015,2016,2018,2019,2022,2023,2024,2025"
judge_corps_caption,c-guard-1,Color Guard,001j000000h3xwcaav,Santa Clara Vanguard,CG,World Class,6,0.398,0.5581,0.1706,0.0914,0.2189,0.5771,0.398,1,4.3552,"2019,2022"
judge_corps_caption,k-baker-1,Keith Baker,001j000000i6jmbaaf,Blue Devils B,GE1,Open Class,6,0.3977,0.8343,0.1705,0.6021,-0.7824,1.5779,0.9872,0.6667,0.6606,"2013,2016,2017,2022"
judge_corps_caption,s-page-1,Steven Page,001j000000iwxa3aal,Mandarins,MB,World Class,20,0.2385,0.4512,0.1704,0.1268,-0.0101,0.4871,0.4505,0.7,1.8806,"2013,2014,2015,2016,2017,2018,2022,2024,2025"
judge_corps_caption,j-kennedy-1,Jay Kennedy,001j000000iwx9oaad,Genesis,MA,Open Class,14,-0.2677,0.0588,-0.1704,0.2854,-0.8271,0.2917,0.8378,0.4286,-0.938,"2013,2014,2017,2018,2019,2023,2024,2025"
judge_corps_caption,a-cook-1,Andrew Cook,001j000000iwx9paad,Gold,MB,Open Class,5,0.4424,0.2911,0.1702,0.4717,-0.4821,1.3669,0.8388,0.6,0.9379,"2015,2016,2022,2025"
judge_corps_caption,r-isoda-1,Randolph Isoda,001j000000iwwsqaal,Blue Stars,MA,World Class,5,0.4417,-0.5435,0.1699,0.5517,-0.6396,1.523,0.9923,0.8,0.8007,"2013,2014,2016,2017"
judge_corps_caption,r-kemp-1,Richard Kemp,001j000000iwxa6aal,Oregon Crusaders,GE1,World Class,8,0.3398,0.1633,0.1699,0.2235,-0.0983,0.778,0.6129,0.625,1.5202,"2013,2014,2015,2016"
judge_corps_caption,r-rodriguez-1,Rick Rodriguez,001j000000iwwsoaal,Blue Knights,MP,World Class,7,0.3638,0.4006,0.1698,0.2239,-0.0751,0.8027,0.4793,0.5714,1.6248,2014
judge_corps_caption,m-gray-1,Michael Gray,001j000000iwxajaa1,Troopers,VA,World Class,6,0.3962,0.5089,0.1698,0.1956,0.0129,0.7795,0.4341,0.8333,2.026,"2015,2016,2017,2025"
judge_corps_caption,r-solomon-1,Robert Solomon,001j000000iwx9qaad,Golden Empire,CG,Open Class,12,-0.2827,-0.4866,-0.1696,0.6012,-1.461,0.8956,1.3195,0.5833,-0.4703,"2015,2018,2019,2022,2023"
judge_corps_caption,j-howell-1,John Howell,001j000000iwxa6aal,Oregon Crusaders,GE1,World Class,6,0.3957,0.3577,0.1696,0.2557,-0.1054,0.8968,0.5683,0.8333,1.5476,"2015,2017,2018"
judge_corps_caption,c-moss-1,Chris Moss,001j000000iwx91aad,Carolina Crown,GE1,World Class,6,0.3949,0.3794,0.1693,0.095,0.2087,0.5812,0.3949,1,4.1558,"2017,2018,2023,2025"
judge_corps_caption,r-greenwell-1,Randy Greenwell,001j000000i6i9saav,Blue Devils,MA,World Class,9,0.3192,0.3747,0.169,0.2651,-0.2005,0.8389,0.6893,0.8889,1.2038,"2015,2016,2019,2022"
judge_corps_caption,f-miller-1,Frank Miller,001j000000iwwsraal,Bluecoats,VA,World Class,11,0.2917,0.555,0.1689,0.1267,0.0433,0.5401,0.3862,0.6364,2.3014,"2013,2015,2016,2017"
judge_corps_caption,r-greenwell-1,Randy Greenwell,001j000000iwx9aaat,Crossmen,MA,World Class,9,0.319,0.3566,0.1689,0.1171,0.0895,0.5485,0.3991,0.7778,2.7241,"2015,2016,2019,2022"
judge_corps_caption,j-ausdemore-1,Jeff Ausdemore,001j000000iwx9paad,Gold,MP,Open Class,9,0.3191,0.1764,0.1689,0.2351,-0.1417,0.7799,0.6146,0.7778,1.3571,"2018,2019,2022"
judge_corps_caption,j-rhodes-1,Jodie Rhodes,001j000000iwx9paad,Gold,GE2,Open Class,7,0.3619,0.6595,0.1689,0.3418,-0.308,1.0318,0.715,0.5714,1.059,"2022,2023,2024,2025"
judge_corps_caption,d-torchia-1,Debbie Torchia,001j000000iwwsoaal,Blue Knights,CG,World Class,10,-0.3038,-0.4062,-0.1688,0.6083,-1.4961,0.8885,1.0524,0.8,-0.4994,"2013,2016,2017,2018"
judge_corps_caption,j-orefice-1,Juno Orefice,001j000000h3xrnaav,Phantom Regiment,VP,World Class,32,-0.211,-0.4112,-0.1688,0.3447,-0.8867,0.4646,1.3515,0.7813,-0.6122,"2013,2014,2015,2016,2017,2018,2019,2022,2023,2024,2025"
judge_corps_caption,j-davila-1,Julie Davila,001j000000iwwssaal,Boston Crusaders,MA,World Class,9,-0.3189,-0.4745,-0.1688,0.4918,-1.283,0.6451,0.6218,0.6667,-0.6484,"2018,2019"
judge_corps_caption,j-howell-1,John Howell,001j000000h3xwcaav,Santa Clara Vanguard,GE1,World Class,14,0.265,0.2593,0.1687,0.1179,0.0339,0.4962,0.4202,0.9286,2.2472,"2015,2016,2017,2018,2019,2025"
judge_corps_caption,k-baker-1,Keith Baker,001j000000qzs1qaaf,River City Rhythm,GE1,Open Class,8,-0.3371,0.1506,-0.1685,0.4308,-1.1814,0.5073,0.8458,0.625,-0.7824,"2016,2022,2023,2024"
judge_corps_caption,w-chumley-1,William Chumley,001j000000iwx98aad,Colts,CG,World Class,9,0.3179,0.5525,0.1683,0.1206,0.0814,0.5544,0.3683,0.7778,2.635,"2013,2014,2016,2017,2018,2025"
judge_corps_caption,m-mcgahey-1,Mark McGahey,001j000000iwxajaa1,Troopers,MB,World Class,5,0.4376,0.0332,0.1683,0.1852,0.0745,0.8007,0.5528,0.8,2.3624,"2013,2014,2016,2022"
judge_corps_caption,r-greenwell-1,Randy Greenwell,001j000000iwx9oaad,Genesis,GE2,Open Class,11,0.2906,0.2628,0.1682,0.321,-0.3385,0.9197,0.8516,0.7273,0.9054,"2013,2014,2015,2017,2019"
judge_corps_caption,w-chumley-1,William Chumley,001j000000h3xrnaav,Phantom Regiment,VP,World Class,8,0.3364,0.2521,0.1682,0.114,0.1129,0.5599,0.361,0.875,2.9499,"2014,2017,2018,2022"
judge_corps_caption,j-sturgeon-1,Jim Sturgeon,001j000000i6kfgaan,The Cadets,VP,World Class,8,-0.3361,-0.1543,-0.1681,0.6455,-1.6014,0.9292,0.8723,0.75,-0.5207,"2014,2018,2019,2022,2023"
judge_corps_caption,m-griffin-1,Marty Griffin,001j000000iwxa3aal,Mandarins,MA,World Class,8,-0.336,-0.2477,-0.168,0.5188,-1.3527,0.6808,0.8933,0.625,-0.6477,"2013,2016,2022,2024,2025"
judge_corps_caption,n-jones-1,Nola Jones,001j000000i6lenaa3,Madison Scouts,MA,World Class,5,0.4364,-0.1051,0.1679,0.3363,-0.2228,1.0956,0.7928,0.8,1.2975,"2013,2014,2016,2022,2023"
judge_corps_caption,w-dillon-1,Wayne Dillon,001j000000iwwsraal,Bluecoats,MA,World Class,13,0.2712,0.2168,0.1679,0.0813,0.1118,0.4305,0.3441,0.7692,3.3356,"2013,2017,2018,2019,2022,2025"
judge_corps_caption,e-argenziano-1,Ed Argenziano,001j000000iwx9waad,Jersey Surf,MP,World Class,6,-0.3917,0.2707,-0.1679,0.6584,-1.6822,0.8987,1.1543,0.3333,-0.595,"2016,2017,2018"
judge_corps_caption,d-deems-1,Don Deems,001j000000iwxabaa1,Southwind,CG,Open Class,9,-0.3172,0.7037,-0.1679,0.2399,-0.7874,0.153,0.565,0.3333,-1.3223,"2017,2018,2019,2022,2023"
judge_corps_caption,g-fugett-1,Glenn Fugett,001j000000iwx9aaat,Crossmen,GE2,World Class,22,-0.2288,-0.3736,-0.1678,0.2751,-0.768,0.3105,0.795,0.7273,-0.8314,"2013,2014,2015,2016,2017,2018,2019,2022,2023,2024,2025"
judge_corps_caption,j-brooks-1,Jeff Brooks,001j000000iwxafaa1,The Cavaliers,MP,World Class,18,0.2421,0.5622,0.1676,0.1842,-0.119,0.6032,0.5927,0.7778,1.314,"2019,2022,2023,2024,2025"
judge_corps_caption,l-appel-1,Luther Appel,001j000000i6jmbaaf,Blue Devils B,MB,Open Class,6,0.3909,1.1716,0.1675,0.1969,0.0049,0.7769,0.4168,0.6667,1.9848,"2014,2016,2017"
judge_corps_caption,s-page-1,Steven Page,001j000000iwxakaa1,Vanguard Cadets,MB,Open Class,15,0.2567,0.6701,0.1674,0.2588,-0.2506,0.764,0.7091,0.6,0.9918,"2013,2014,2015,2016,2017,2018,2022"
judge_corps_caption,c-nelson-1,Carl Nelson,001j000000iwx9paad,Gold,GE1,Open Class,7,-0.3584,0.269,-0.1672,0.3349,-1.0148,0.298,0.6885,0.4286,-1.0701,"2014,2016,2017,2018,2019,2024"
judge_corps_caption,c-rothe-1,Caleb Rothe,001j000000iwwssaal,Boston Crusaders,MP,World Class,7,0.3578,0.1967,0.167,0.0862,0.1888,0.5269,0.3578,1,4.1494,"2013,2014,2015,2025"
judge_corps_caption,g-markham-1,Garland Markham,001j000000h3xwcaav,Santa Clara Vanguard,MA,World Class,12,-0.2782,0.0135,-0.1669,0.3918,-1.0462,0.4897,0.5442,0.6667,-0.7102,"2013,2014,2015,2016,2017,2018,2019"
judge_corps_caption,c-hestin-1,Chris Hestin,001j000000iwwsraal,Bluecoats,GE2,World Class,9,-0.3153,-0.158,-0.1669,0.4121,-1.123,0.4924,0.8579,0.5556,-0.7651,"2017,2018,2019,2022"
judge_corps_caption,d-deems-1,Don Deems,001j000000h3xrnaav,Phantom Regiment,GE1,World Class,7,-0.3577,-0.3022,-0.1669,0.4204,-1.1817,0.4664,0.8085,0.5714,-0.8507,"2019,2022,2024,2025"
judge_corps_caption,r-solomon-1,Robert Solomon,001j000000f17bwaaa,Watchmen,VP,Open Class,7,-0.3575,-0.582,-0.1668,0.2735,-0.8935,0.1785,0.6697,0.4286,-1.3073,"2015,2016,2017,2018,2019"
judge_corps_caption,t-wemhoff-1,Ted Wemhoff,001j000000iwx93aad,Seattle Cascades,GE1,World Class,12,-0.278,-0.0417,-0.1668,0.0961,-0.4664,-0.0896,0.3344,0.25,-2.8923,"2015,2016,2017,2019,2023,2025"
judge_corps_caption,j-harper-1,Jeff Harper,001j000000iwxacaa1,Spartans,MA,Open Class,5,-0.4335,-0.466,-0.1667,0.2385,-0.9011,0.034,0.5082,0.2,-1.8176,"2016,2023,2024"
judge_corps_caption,d-bryan-1,Dan Bryan,001j000000iwwsraal,Bluecoats,MP,World Class,5,0.4329,0.0202,0.1665,0.1752,0.0895,0.7763,0.5026,0.8,2.4708,"2013,2015,2017"
judge_corps_caption,w-dillon-1,Wayne Dillon,001j000000iwx97aad,Colt Cadets,GE2,Open Class,7,0.3566,0.1935,0.1664,0.3547,-0.3386,1.0517,0.8376,0.7143,1.0053,"2015,2018,2019,2023"
judge_corps_caption,c-costanza-1,Curtis Costanza,001j000000iwx99aad,Columbians,VA,Open Class,5,-0.4326,-0.713,-0.1664,0.6501,-1.7068,0.8416,1.2449,0.4,-0.6654,"2016,2017,2019,2022,2024"
judge_corps_caption,c-romanowski-1,Chris Romanowski,001j000000iwxa7aal,Pacific Crest,MA,World Class,13,-0.2686,-0.1147,-0.1663,0.265,-0.788,0.2507,0.566,0.5385,-1.0138,"2018,2019,2023,2024,2025"
judge_corps_caption,l-carlson-1,Lee Carlson,001j000000iwx9waad,Jersey Surf,CG,World Class,8,-0.3323,-0.2357,-0.1662,0.4169,-1.1494,0.4847,0.6426,0.75,-0.7972,"2013,2014,2015,2016"
judge_corps_caption,c-dillon-1,Christine Dillon,001j000000iwx9oaad,Genesis,GE1,Open Class,6,0.3873,0.8597,0.166,0.1588,0.0761,0.6985,0.4566,0.6667,2.4389,"2013,2017,2019,2023"
judge_corps_caption,m-anderson-1,Mike Anderson,001j000000iwx93aad,Seattle Cascades,GE1,World Class,5,-0.4315,-0.0864,-0.1659,0.2903,-1.0004,0.1375,0.4702,0.2,-1.4864,"2014,2018,2019"
judge_corps_caption,j-kennedy-1,Jay Kennedy,001j000000iwwslaal,7th Regiment,GE2,Open Class,11,-0.2862,-0.8165,-0.1657,0.5811,-1.4252,0.8528,1.5305,0.4545,-0.4925,"2013,2014,2015,2016,2017,2018,2019,2023,2024"
judge_corps_caption,j-harper-1,Jeff Harper,001j000000iwxadaa1,Spirit of Atlanta,MB,World Class,8,-0.3313,-0.4332,-0.1657,0.5181,-1.3469,0.6843,0.8498,0.625,-0.6394,"2013,2016,2019,2025"
judge_corps_caption,d-padilla-1,Damon Padilla,001j000000i6kfgaan,The Cadets,CG,World Class,7,0.3551,0.2767,0.1657,0.186,-0.0094,0.7196,0.4917,0.8571,1.9095,"2019,2022,2023"
judge_corps_caption,w-chumley-1,William Chumley,001j000000iwxa8aal,Pioneer,VA,World Class,6,-0.3863,-0.3827,-0.1656,0.4471,-1.2626,0.4899,0.8262,0.5,-0.8642,"2013,2017,2018"
judge_corps_caption,m-stone-1,Michael Stone,001j000000i6lenaa3,Madison Scouts,CG,World Class,9,0.3126,0.2715,0.1655,0.2207,-0.1199,0.7451,0.5225,0.5556,1.4166,"2014,2015,2016,2017,2022"
judge_corps_caption,d-davis-1,Darrin Davis,001j000000h3xrnaav,Phantom Regiment,GE2,World Class,20,0.2314,0.1039,0.1653,0.1762,-0.1139,0.5767,0.5903,0.85,1.3133,"2014,2015,2016,2017,2018,2022,2023,2024"
judge_corps_caption,c-raichle-1,Chris Raichle,001j000000iwwsoaal,Blue Knights,CG,World Class,7,0.354,0.6059,0.1652,0.0926,0.1726,0.5354,0.354,1,3.8254,"2017,2018,2022"
judge_corps_caption,j-howell-1,John Howell,001j000000iwx93aad,Seattle Cascades,GE1,World Class,16,0.2475,0.2261,0.165,0.1534,-0.0533,0.5482,0.5079,0.5625,1.6129,"2013,2014,2015,2016,2017,2018,2019,2023,2025"
judge_corps_caption,m-mullinix-1,Max Mullinix,001j000000iwx93aad,Seattle Cascades,MP,World Class,6,-0.385,-0.2393,-0.165,0.3597,-1.09,0.32,0.6523,0.3333,-1.0704,"2013,2014,2015,2017"
judge_corps_caption,g-llacer-1,Greg Llacer,001j000000iwx9oaad,Genesis,GE1,World Class,5,-0.4289,-0.0092,-0.165,0.1476,-0.7182,-0.1396,0.4429,0.2,-2.9057,"2022,2023,2024"
judge_corps_caption,c-rothe-1,Caleb Rothe,001j000000iwx9vaad,Incognito,MP,Open Class,5,-0.4288,-0.6525,-0.1649,0.4466,-1.3042,0.4465,0.883,0.4,-0.9602,"2014,2015,2016,2017"
judge_corps_caption,r-solomon-1,Robert Solomon,001j000000i6i9saav,Blue Devils,VP,World Class,22,-0.2245,-0.1981,-0.1646,0.3146,-0.8412,0.3922,0.8688,0.6818,-0.7134,"2013,2014,2015,2016,2017,2018,2019,2023,2024,2025"
judge_corps_caption,k-miller-1,Kyle Miller,001j000000i6i9saav,Blue Devils,GE1,World Class,27,-0.2134,-0.127,-0.1646,0.2563,-0.7157,0.289,0.6309,0.5556,-0.8324,"2013,2014,2015,2016,2017,2018,2019,2022,2023,2024,2025"
judge_corps_caption,g-oliviero-1,George Oliviero,001j000000iwxa7aal,Pacific Crest,VP,World Class,5,0.4281,-1.1228,0.1646,0.6923,-0.9288,1.7849,1.362,0.6,0.6183,"2015,2016,2017,2018,2022"
judge_corps_caption,b-crisp-1,Bryan Crisp,001j000000iwxacaa1,Spartans,MB,Open Class,6,-0.3837,-0.715,-0.1645,0.4477,-1.2613,0.4938,0.8494,0.5,-0.8571,"2022,2023,2024,2025"
judge_corps_caption,k-miller-1,Kyle Miller,001j000000iwwsoaal,Blue Knights,VP,World Class,11,0.2839,0.2728,0.1644,0.3585,-0.4187,0.9865,0.8682,0.9091,0.7921,"2013,2014,2015,2016,2017,2018,2019,2023,2024"
judge_corps_caption,m-thompson-1,Michael Thompson,001j000000iwxacaa1,Spartans,CG,Open Class,13,-0.2655,0.1892,-0.1644,0.3851,-1.0203,0.4892,0.935,0.4615,-0.6896,"2013,2016,2017,2018,2022,2023"
judge_corps_caption,j-denton-1,Joel Denton,001j000000i6jmbaaf,Blue Devils B,GE2,Open Class,6,0.3835,0.948,0.1644,0.0787,0.2293,0.5377,0.3835,1,4.8745,"2015,2017,2022"
judge_corps_caption,a-combites-1,Andy Combites,001j000000qzs1qaaf,River City Rhythm,GE1,Open Class,8,0.3281,1.0327,0.1641,0.2163,-0.0958,0.752,0.6077,0.75,1.5172,"2018,2019,2022,2023,2025"
judge_corps_caption,k-giese-1,Ken Giese,001j000000i6kfgaan,The Cadets,VA,World Class,19,-0.233,-0.0079,-0.164,0.4003,-1.0176,0.5515,0.8852,0.7368,-0.5822,"2013,2014,2015,2016,2017,2018,2019"
judge_corps_caption,d-niebauer-1,Dan Niebauer,001j000000iwwsoaal,Blue Knights,GE1,World Class,5,0.4263,0.4518,0.164,0.1362,0.1593,0.6933,0.4518,0.8,3.1298,"2013,2014,2015"
judge_corps_caption,k-baker-1,Keith Baker,001j000000iwxa1aal,Les Stentors,VP,Open Class,5,-0.4264,-0.096,-0.164,0.2546,-0.9254,0.0726,0.4512,0.2,-1.6748,"2013,2015,2017,2022"
judge_corps_caption,j-harper-1,Jeff Harper,001j000000h3xrnaav,Phantom Regiment,MA,World Class,12,0.2733,0.137,0.164,0.0942,0.0887,0.458,0.3644,0.8333,2.9009,"2016,2017,2018,2022,2023,2024,2025"
judge_corps_caption,m-mcgahey-1,Mark McGahey,001j000000iwwsoaal,Blue Knights,MB,World Class,8,-0.3278,-0.7261,-0.1639,0.6862,-1.6728,1.0172,1.2756,0.75,-0.4777,"2013,2014,2017,2022,2025"
judge_corps_caption,j-webb-1,Jay Webb,001j000000iwx91aad,Carolina Crown,MA,World Class,7,0.3507,0.2881,0.1637,0.1399,0.0765,0.6249,0.4486,0.8571,2.5069,"2018,2022,2023,2024"
judge_corps_caption,m-turner-1,Michael Turner,001j000000iwwssaal,Boston Crusaders,VP,World Class,13,0.2642,0.4384,0.1636,0.1084,0.0517,0.4767,0.3508,0.7692,2.4374,"2013,2016,2017,2018,2023,2024,2025"
judge_corps_caption,j-denton-1,Joel Denton,001j000000iwwslaal,7th Regiment,GE2,Open Class,9,0.309,0.8433,0.1636,0.2007,-0.0843,0.7023,0.4705,0.5556,1.5398,"2015,2017,2022,2025"
judge_corps_caption,m-anderson-1,Mike Anderson,001j000000iwwssaal,Boston Crusaders,GE1,World Class,5,0.4238,0.7726,0.163,0.2867,-0.1382,0.9858,0.4576,0.6,1.478,"2014,2018,2019"
judge_corps_caption,m-kelly-1,Mickey Kelly,001j000000iwxa8aal,Pioneer,GE1,World Class,9,0.3077,0.1974,0.1629,0.1425,0.0285,0.5869,0.4645,0.7778,2.16,"2013,2014,2015,2016,2017,2018"
judge_corps_caption,b-williams-1,Blair Williams,001j000000iwxafaa1,The Cavaliers,MP,World Class,5,-0.4235,-0.2085,-0.1629,0.3504,-1.1102,0.2632,0.5922,0.4,-1.2088,"2022,2023,2024"
judge_corps_caption,m-thompson-1,Michael Thompson,001j000000h3xwcaav,Santa Clara Vanguard,CG,World Class,7,0.3487,0.5998,0.1627,0.1433,0.0679,0.6296,0.4642,0.8571,2.4338,"2013,2015,2016,2017,2018,2024"
judge_corps_caption,j-orefice-1,Juno Orefice,001j000000iwxafaa1,The Cavaliers,VP,World Class,33,-0.202,-0.4089,-0.1626,0.3622,-0.9119,0.5078,1.4279,0.7879,-0.5579,"2013,2014,2015,2016,2017,2018,2019,2022,2023,2024,2025"
judge_corps_caption,m-thompson-1,Michael Thompson,001j000000iwx9waad,Jersey Surf,VP,World Class,5,-0.4228,-0.0602,-0.1626,0.4662,-1.3365,0.4909,0.6345,0.4,-0.907,"2013,2014,2019,2022"
judge_corps_caption,j-webb-1,Jay Webb,001j000000iwx9aaat,Crossmen,GE2,World Class,7,0.3479,0.1682,0.1624,0.17,0.0148,0.6811,0.4462,0.7143,2.0468,"2013,2015,2019,2022"
judge_corps_caption,d-torchia-1,Debbie Torchia,001j000000i6lenaa3,Madison Scouts,VA,World Class,18,-0.2345,-0.1609,-0.1624,0.1867,-0.6005,0.1315,0.5844,0.5556,-1.2558,"2013,2014,2015,2016,2018,2019,2022,2023,2024,2025"
judge_corps_caption,a-dunn-1,Al Dunn,001j000000iwwssaal,Boston Crusaders,MP,World Class,14,-0.2549,-0.056,-0.1622,0.289,-0.8212,0.3115,0.5107,0.5,-0.8819,"2013,2014,2015,2016,2017"
judge_corps_caption,c-moss-1,Chris Moss,001j000000iwxa5aal,Music City,GE1,Open Class,5,0.4215,0.381,0.1621,0.2866,-0.1403,0.9833,0.551,0.6,1.4706,"2017,2018,2019,2025"
judge_corps_caption,k-baker-1,Keith Baker,001j000000h3xrnaav,Phantom Regiment,VA,World Class,9,0.3062,0.2297,0.1621,0.2163,-0.1176,0.7301,0.5471,0.7778,1.416,"2018,2019,2022,2024,2025"
judge_corps_caption,c-costanza-1,Curtis Costanza,001j000000iwx9paad,Gold,GE1,Open Class,12,0.2699,0.833,0.162,0.5238,-0.7567,1.2965,1.3494,0.5833,0.5154,"2013,2014,2015,2016,2024,2025"
judge_corps_caption,j-denton-1,Joel Denton,001j000000iwxa2aal,Louisiana Stars,GE2,Open Class,5,-0.4211,0.1865,-0.162,0.2879,-0.9853,0.1432,0.636,0.2,-1.4626,"2017,2022"
judge_corps_caption,d-torchia-1,Debbie Torchia,001j000000iwx91aad,Carolina Crown,VA,World Class,16,-0.2428,-0.1403,-0.1619,0.2519,-0.7365,0.2508,0.5773,0.5625,-0.9641,"2013,2014,2015,2017,2018,2019,2022,2023,2024,2025"
judge_corps_caption,d-deems-1,Don Deems,001j000000h3xrnaav,Phantom Regiment,CG,World Class,5,-0.4205,-0.5431,-0.1617,1.0651,-2.5081,1.667,1.4363,0.6,-0.3949,"2015,2019,2023,2024,2025"
judge_corps_caption,t-pierce-1,Tim Pierce,001j000000iwxadaa1,Spirit of Atlanta,VA,World Class,6,-0.3774,-0.1181,-0.1617,0.3022,-0.9697,0.215,0.4607,0.5,-1.2487,"2019,2023,2024,2025"
judge_corps_caption,w-dillon-1,Wayne Dillon,001j000000iwx98aad,Colts,GE2,World Class,12,0.2694,0.2862,0.1616,0.1196,0.0349,0.5039,0.3751,0.75,2.2514,"2013,2014,2015,2019,2022,2024"
judge_corps_caption,g-oliviero-1,George Oliviero,001j000000h3xwcaav,Santa Clara Vanguard,GE1,World Class,10,-0.2907,-0.8383,-0.1615,0.6125,-1.4912,0.9099,1.4432,0.7,-0.4746,"2013,2014,2015,2017,2018,2019,2024"
judge_corps_caption,c-rothe-1,Caleb Rothe,001j000000iwxafaa1,The Cavaliers,MP,World Class,6,0.3766,0.193,0.1614,0.056,0.2669,0.4863,0.3766,1,6.728,"2013,2014,2015,2016"
judge_corps_caption,f-morris-1,Frank Morris,001j000000iwx9waad,Jersey Surf,GE1,World Class,9,-0.3047,0.0057,-0.1613,0.4903,-1.2657,0.6563,0.9753,0.5556,-0.6214,"2013,2014,2015,2016"
judge_corps_caption,d-carbone-1,Dave Carbone,001j000000iwx93aad,Seattle Cascades,GE2,World Class,6,-0.3765,-0.3273,-0.1613,0.181,-0.7313,-0.0216,0.4152,0.1667,-2.0793,"2014,2015,2019,2023,2025"
judge_corps_caption,c-romanowski-1,Chris Romanowski,001j000000iwxadaa1,Spirit of Atlanta,MP,World Class,10,0.2899,0.3422,0.1611,0.1594,-0.0225,0.6023,0.412,0.6,1.819,"2013,2015,2016,2017,2019"
judge_corps_caption,p-furnari-1,Peter Furnari,001j000000iwxafaa1,The Cavaliers,MP,World Class,6,0.3759,0.558,0.1611,0.1618,0.0587,0.693,0.4873,0.8333,2.3229,"2014,2017,2019,2024"
judge_corps_caption,j-sturgeon-1,Jim Sturgeon,001j000000iwxa7aal,Pacific Crest,VP,World Class,11,0.2781,0.4884,0.161,0.2523,-0.2165,0.7727,0.6326,0.9091,1.1022,"2014,2018,2019,2022,2023,2025"
judge_corps_caption,j-davila-1,Julie Davila,001j000000iwxa7aal,Pacific Crest,MA,World Class,7,-0.345,-0.5139,-0.161,0.3718,-1.0737,0.3837,0.7753,0.4286,-0.928,"2016,2018,2019"
judge_corps_caption,c-rapacki-1,Chris Rapacki,001j000000iwwssaal,Boston Crusaders,MP,World Class,5,0.4186,0.495,0.161,0.1294,0.1649,0.6723,0.4186,1,3.2336,"2022,2023,2025"
judge_corps_caption,c-guard-1,Color Guard,001j000000iwwssaal,Boston Crusaders,CG,World Class,11,-0.2779,-0.1115,-0.1609,0.5642,-1.3837,0.828,0.9007,0.8182,-0.4925,"2015,2017,2018,2019,2022,2023"
judge_corps_caption,d-carbone-1,Dave Carbone,001j000000iwx91aad,Carolina Crown,GE2,World Class,8,0.3218,0.3388,0.1609,0.0988,0.1282,0.5154,0.385,0.875,3.2582,"2015,2016,2018,2023"
judge_corps_caption,r-rios-1,Ronnie Rios,001j000000iwx9aaat,Crossmen,MA,World Class,6,0.3752,0.4312,0.1608,0.1844,0.0138,0.7367,0.5032,0.8333,2.0346,"2017,2022,2023,2024"
judge_corps_caption,c-romanowski-1,Chris Romanowski,001j000000iwwsoaal,Blue Knights,MA,World Class,14,-0.2527,-0.1017,-0.1608,0.2756,-0.7928,0.2874,0.479,0.5714,-0.917,"2018,2019,2023,2024,2025"
judge_corps_caption,j-mills-1,Jeff Mills,001j000000iwxabaa1,Southwind,MB,Open Class,6,-0.375,0.1623,-0.1607,0.169,-0.7063,-0.0437,0.4504,0.1667,-2.2188,"2018,2023"
judge_corps_caption,m-griffin-1,Marty Griffin,001j000000iwxadaa1,Spirit of Atlanta,MP,World Class,21,0.2218,0.46,0.1606,0.1114,0.0034,0.4403,0.4458,0.7619,1.9907,"2013,2014,2015,2017,2018,2019,2025"
judge_corps_caption,k-turner-1,Ken Turner,001j000000i6kfgaan,The Cadets,GE2,World Class,16,-0.2407,0.1517,-0.1604,0.1498,-0.5343,0.0529,0.4824,0.25,-1.6067,"2013,2014,2015,2016,2017,2022"
judge_corps_caption,c-moss-1,Chris Moss,001j000000iwxa7aal,Pacific Crest,VP,World Class,7,0.3435,0.565,0.1603,0.1919,-0.0327,0.7196,0.4774,0.5714,1.7898,"2013,2018,2019,2022,2024"
judge_corps_caption,c-phillips-1,Chester Phillips,001j000000iwxa8aal,Pioneer,MB,World Class,10,0.288,0.4937,0.16,0.1515,-0.0088,0.5849,0.4555,0.6,1.9017,"2013,2014,2015,2016,2017,2018"
judge_corps_caption,j-sturgeon-1,Jim Sturgeon,001j000000iwx93aad,Seattle Cascades,VA,World Class,9,0.3022,0.267,0.16,0.3088,-0.303,0.9075,0.7079,0.8889,0.9787,"2014,2017,2018,2023,2024,2025"
judge_corps_caption,j-ausdemore-1,Jeff Ausdemore,001j000000iwxa3aal,Mandarins,MP,World Class,13,0.2582,0.1571,0.1599,0.2034,-0.1404,0.6568,0.635,0.6154,1.2697,"2015,2016,2017,2018,2019,2022"
judge_corps_caption,k-giese-1,Ken Giese,001j000000h3xwcaav,Santa Clara Vanguard,VP,World Class,6,-0.3728,-0.5178,-0.1598,1.1088,-2.5461,1.8005,1.9642,0.6667,-0.3362,"2013,2014,2015,2016"
judge_corps_caption,j-pipitone-1,JJ Pipitone,001j000000iwxaeaa1,The Academy,MP,World Class,6,0.3729,0.5336,0.1598,0.1855,0.0093,0.7366,0.4499,0.6667,2.0099,"2013,2015"
judge_corps_caption,m-thompson-1,Michael Thompson,001j000000iwxaaaa1,Raiders,CG,Open Class,9,-0.3018,0.1559,-0.1598,0.4843,-1.251,0.6475,1.0099,0.5556,-0.623,"2013,2017,2018,2022,2023"
judge_corps_caption,j-sturgeon-1,Jim Sturgeon,001j000000iwxaeaa1,The Academy,VP,World Class,10,-0.2877,-0.1049,-0.1598,0.3813,-1.035,0.4596,0.8339,0.7,-0.7546,"2014,2018,2019,2022,2023"
judge_corps_caption,c-rothe-1,Caleb Rothe,001j000000i6i9saav,Blue Devils,MP,World Class,13,-0.258,-0.4181,-0.1597,0.3127,-0.871,0.3549,0.8856,0.6154,-0.8251,"2013,2014,2015,2017,2023,2024"
judge_corps_caption,m-davis-1,Mike Davis,001j000000iwx91aad,Carolina Crown,MP,World Class,16,-0.2393,-0.0161,-0.1595,0.2315,-0.6931,0.2145,0.6367,0.5,-1.0334,"2014,2016,2018,2019,2022,2023,2024,2025"
judge_corps_caption,t-slaughter-1,Tom Slaughter,001j000000iwxajaa1,Troopers,VA,World Class,9,-0.3013,0.0615,-0.1595,0.5082,-1.2974,0.6948,0.7537,0.6667,-0.5928,"2022,2023,2025"
judge_corps_caption,b-brahan-1,Beverly Brahan,001j000000iwwsoaal,Blue Knights,CG,World Class,6,-0.3722,0.0164,-0.1595,0.3635,-1.0847,0.3403,0.6311,0.3333,-1.0238,"2023,2024,2025"
judge_corps_caption,m-turner-1,Michael Turner,001j000000i6kfgaan,The Cadets,CG,World Class,12,0.2657,0.4029,0.1594,0.142,-0.0126,0.5441,0.4491,0.8333,1.8711,"2014,2015,2016,2018,2023"
judge_corps_caption,j-sturgeon-1,Jim Sturgeon,001j000000iwxajaa1,Troopers,VA,World Class,7,0.3415,0.2906,0.1594,0.1402,0.0667,0.6164,0.4316,0.8571,2.4353,"2014,2018,2024,2025"
judge_corps_caption,m-bowers-1,Michele Bowers,001j000000iwx93aad,Seattle Cascades,CG,World Class,6,0.3719,0.4376,0.1594,0.0901,0.1954,0.5485,0.3719,1,4.1291,"2014,2017,2018,2019"
judge_corps_caption,m-gray-1,Michael Gray,001j000000iwx9aaat,Crossmen,VA,World Class,6,-0.372,-0.2678,-0.1594,0.2906,-0.9416,0.1976,0.5151,0.5,-1.2801,"2015,2016,2017,2018,2019,2024"
judge_corps_caption,m-leitzke-1,Mike Leitzke,001j000000i6jmbaaf,Blue Devils B,MP,Open Class,15,0.2443,0.3616,0.1593,0.1345,-0.0193,0.5079,0.4193,0.6667,1.8163,"2015,2016,2017,2018,2022,2025"
judge_corps_caption,c-nelson-1,Carl Nelson,001j000000h3xrnaav,Phantom Regiment,VP,World Class,18,0.2298,0.4454,0.1591,0.2188,-0.1991,0.6586,0.6154,0.7778,1.0502,"2016,2017,2018,2019,2022,2023"
judge_corps_caption,c-hestin-1,Chris Hestin,001j000000i6i9saav,Blue Devils,GE2,World Class,6,0.3712,0.5301,0.1591,0.1948,-0.0106,0.7529,0.3712,1,1.9057,"2017,2018,2019,2022"
judge_corps_caption,r-rios-1,Ronnie Rios,001j000000i6i9saav,Blue Devils,MB,World Class,10,0.2862,0.7376,0.159,0.2018,-0.1094,0.6817,0.5343,0.9,1.4181,"2013,2015,2016,2017,2018,2022,2023"
judge_corps_caption,r-overvliet-1,Robby Overvliet,001j000000iwx97aad,Colt Cadets,VP,Open Class,6,0.371,0.7618,0.159,0.4835,-0.5766,1.3186,1.0743,0.6667,0.7673,"2014,2015"
judge_corps_caption,m-mcgahey-1,Mark McGahey,001j000000iwx98aad,Colts,GE2,World Class,8,0.318,0.2577,0.159,0.0972,0.1275,0.5086,0.318,1,3.2713,"2014,2017,2019,2023"
judge_corps_caption,m-turner-1,Michael Turner,001j000000iwxaeaa1,The Academy,VP,World Class,23,-0.2138,-0.0634,-0.1587,0.2981,-0.7981,0.3704,0.736,0.7391,-0.7173,"2013,2015,2016,2017,2018,2022,2023,2024,2025"
judge_corps_caption,j-webb-1,Jay Webb,001j000000h3xwcaav,Santa Clara Vanguard,GE2,World Class,9,0.2997,0.1427,0.1586,0.2005,-0.0933,0.6926,0.5256,0.8889,1.4945,"2015,2019,2025"
judge_corps_caption,r-kemp-1,Richard Kemp,001j000000iwwsoaal,Blue Knights,GE1,World Class,15,0.243,0.0845,0.1585,0.1334,-0.0185,0.5046,0.3792,0.6667,1.8211,"2013,2014,2015,2016"
judge_corps_caption,r-solomon-1,Robert Solomon,001j000000i6kfgaan,The Cadets,CG,World Class,11,0.2736,0.3793,0.1584,0.0853,0.1063,0.4408,0.2736,1,3.2062,"2014,2015,2016,2017,2018,2019,2023"
judge_corps_caption,d-aydelott-1,David Aydelott,001j000000iwxafaa1,The Cavaliers,MA,World Class,5,0.4115,0.268,0.1583,0.287,-0.1509,0.974,0.6618,0.8,1.4341,"2016,2018,2019"
judge_corps_caption,c-dillon-1,Christine Dillon,001j000000i6jmbaaf,Blue Devils B,VA,Open Class,5,0.4112,1.0212,0.1582,0.5571,-0.6807,1.5031,1.0048,0.6,0.7381,"2013,2014,2015,2016,2017"
judge_corps_caption,w-rickart-1,Warren Rickart,001j000000iwxa7aal,Pacific Crest,GE1,World Class,7,-0.3391,-0.0265,-0.1582,0.5102,-1.339,0.6609,1.0032,0.5714,-0.6646,"2022,2023,2025"
judge_corps_caption,j-bell-1,John Bell,001j000000iwxa3aal,Mandarins,MB,World Class,5,0.4109,0.7061,0.158,0.3224,-0.2211,1.0428,0.5202,0.6,1.2743,"2013,2015,2016,2017"
judge_corps_caption,b-fabrizio-1,Beth Fabrizio,001j000000iwxa3aal,Mandarins,MB,World Class,7,0.3386,0.4326,0.158,0.1176,0.1081,0.5691,0.3605,0.8571,2.8789,"2013,2016,2017,2022,2023"
judge_corps_caption,m-thompson-1,Michael Thompson,001j000000iwwsoaal,Blue Knights,VP,World Class,5,0.4105,0.788,0.1579,0.2141,-0.0092,0.8302,0.4105,1,1.9169,"2013,2018,2022"
judge_corps_caption,k-baker-1,Keith Baker,001j000000iwwssaal,Boston Crusaders,VA,World Class,10,0.2842,0.231,0.1579,0.2454,-0.1968,0.7651,0.7263,0.8,1.158,"2014,2015,2017,2018,2019,2022,2024,2025"
judge_corps_caption,g-oliviero-1,George Oliviero,001j000000iwxacaa1,Spartans,VA,Open Class,6,0.3684,-0.8433,0.1579,0.5297,-0.6698,1.4066,1.1117,0.6667,0.6955,"2014,2018,2022,2023,2025"
judge_corps_caption,m-turner-1,Michael Turner,001j000000iwx9oaad,Genesis,VP,Open Class,11,0.2725,0.395,0.1578,0.2599,-0.2369,0.7818,0.6317,0.6364,1.0485,"2016,2017,2018,2023,2024"
judge_corps_caption,j-carlisle-1,JR Carlisle,001j000000iwwsoaal,Blue Knights,VA,World Class,5,0.4099,0.7061,0.1577,0.2342,-0.0491,0.869,0.498,0.8,1.7502,"2013,2015,2016"
judge_corps_caption,j-harper-1,Jeff Harper,001j000000iwwsoaal,Blue Knights,GE2,World Class,8,-0.3152,-0.4686,-0.1576,0.4054,-1.1097,0.4793,0.7368,0.625,-0.7775,"2013,2014,2017,2022,2023"
judge_corps_caption,g-miller-1,Gerry Miller,001j000000iwwsqaal,Blue Stars,GE2,World Class,9,0.2977,0.5102,0.1576,0.1037,0.0944,0.5011,0.3354,0.7778,2.8699,"2019,2022,2024,2025"
judge_corps_caption,d-padilla-1,Damon Padilla,001j000000i6i9saav,Blue Devils,GE1,World Class,9,-0.2976,-0.1739,-0.1575,0.517,-1.3108,0.7157,0.6843,0.8889,-0.5756,"2022,2023,2024,2025"
judge_corps_caption,c-romanowski-1,Chris Romanowski,001j000000iwx93aad,Seattle Cascades,MP,World Class,6,0.3673,0.4343,0.1574,0.1246,0.1231,0.6114,0.3913,0.8333,2.9481,"2013,2015,2017"
judge_corps_caption,j-davila-1,Julie Davila,001j000000iwx9aaat,Crossmen,MP,World Class,15,0.2411,0.0872,0.1572,0.29,-0.3273,0.8095,0.868,0.8,0.8314,"2016,2017,2019,2022,2023,2024"
judge_corps_caption,k-miller-1,Kyle Miller,001j000000iwwsraal,Bluecoats,GE1,World Class,22,0.2142,0.2959,0.1571,0.0562,0.104,0.3244,0.2799,0.8182,3.8109,"2013,2014,2015,2016,2017,2018,2019,2022,2023,2024,2025"
judge_corps_caption,t-ochran-1,Timothy Ochran,001j000000iwxa3aal,Mandarins,GE1,World Class,13,-0.2532,-0.7831,-0.1568,0.3654,-0.9693,0.4629,1.054,0.4615,-0.693,"2013,2015,2016,2017,2018,2019,2023,2024,2025"
judge_corps_caption,c-guard-1,Color Guard,001j000000h3xrnaav,Phantom Regiment,CG,World Class,8,0.3136,0.4452,0.1568,0.0817,0.1534,0.4738,0.3136,1,3.8373,"2017,2019,2022,2023"
judge_corps_caption,r-greenwell-1,Randy Greenwell,001j000000h3xwcaav,Santa Clara Vanguard,MA,World Class,9,0.296,0.3638,0.1567,0.2101,-0.1159,0.7078,0.5104,0.8889,1.4086,"2015,2016,2019,2022"
judge_corps_caption,t-wemhoff-1,Ted Wemhoff,001j000000h3xwcaav,Santa Clara Vanguard,GE1,World Class,23,0.211,0.4601,0.1566,0.0505,0.1121,0.3099,0.2285,0.8696,4.1822,"2015,2016,2017,2019,2022,2024,2025"
judge_corps_caption,m-thompson-1,Michael Thompson,001j000000iwxa0aal,Legends,CG,Open Class,8,0.3129,0.7483,0.1565,0.3237,-0.3216,0.9474,0.6858,0.625,0.9666,"2013,2016,2017,2018"
judge_corps_caption,r-greenwell-1,Randy Greenwell,001j000000iwwsqaal,Blue Stars,GE2,World Class,6,-0.3653,-0.687,-0.1565,0.9879,-2.3015,1.5709,1.3953,0.8333,-0.3698,"2014,2015,2017"
judge_corps_caption,m-griffin-1,Marty Griffin,001j000000iwx93aad,Seattle Cascades,MA,World Class,7,-0.3354,-0.2704,-0.1565,0.1838,-0.6957,0.0249,0.4561,0.2857,-1.8245,"2017,2018,2023,2024,2025"
judge_corps_caption,m-thompson-1,Michael Thompson,001j000000iwx93aad,Seattle Cascades,CG,World Class,7,0.335,0.5883,0.1563,0.1454,0.05,0.6199,0.3834,0.7143,2.3041,"2016,2018,2019,2025"
judge_corps_caption,k-miller-1,Kyle Miller,001j000000iwx91aad,Carolina Crown,GE1,World Class,21,0.2157,0.2939,0.1562,0.0702,0.078,0.3533,0.3138,0.8571,3.07,"2013,2014,2015,2016,2017,2018,2019,2022,2023,2024,2025"
judge_corps_caption,c-nelson-1,Carl Nelson,001j000000iwx97aad,Colt Cadets,VP,Open Class,10,0.2812,0.4838,0.1562,0.1464,-0.0057,0.5682,0.3938,0.9,1.9208,"2014,2016,2017,2018,2019,2023"
judge_corps_caption,m-griffin-1,Marty Griffin,001j000000iwxajaa1,Troopers,MA,World Class,5,0.4059,0.4617,0.1561,0.1609,0.0906,0.7212,0.4059,1,2.5234,"2018,2022,2023,2024"
judge_corps_caption,t-landess-1,Tim Landess,001j000000iwx97aad,Colt Cadets,CG,Open Class,5,0.4058,0.7845,0.1561,0.1417,0.1279,0.6836,0.4058,1,2.8627,"2019,2023,2024"
judge_corps_caption,j-ausdemore-1,Jeff Ausdemore,001j000000iwxakaa1,Vanguard Cadets,MP,Open Class,6,0.3638,0.2691,0.1559,0.2967,-0.2177,0.9452,0.6273,0.6667,1.2261,"2016,2018,2019,2022"
judge_corps_caption,k-young-1,Kyle Young,001j000000iwx9aaat,Crossmen,MA,World Class,7,-0.3339,-0.376,-0.1558,0.6158,-1.5408,0.8729,0.8194,0.7143,-0.5423,"2019,2023,2024,2025"
judge_corps_caption,g-markham-1,Garland Markham,001j000000iwwsraal,Bluecoats,GE2,World Class,5,0.4049,0.358,0.1557,0.087,0.2345,0.5754,0.4049,1,4.6562,"2014,2016,2017,2019"
judge_corps_caption,j-howell-1,John Howell,001j000000iwx9oaad,Genesis,VP,Open Class,5,-0.4049,-0.664,-0.1557,0.8162,-2.0046,1.1949,1.0267,0.8,-0.496,"2015,2016,2018,2019,2022"
judge_corps_caption,c-romanowski-1,Chris Romanowski,001j000000iwxajaa1,Troopers,MA,World Class,10,0.28,0.4251,0.1556,0.0764,0.1302,0.4298,0.2967,0.9,3.6634,"2018,2019,2023,2024,2025"
judge_corps_caption,m-davis-1,Mike Davis,001j000000iwxa3aal,Mandarins,MP,World Class,7,0.3331,0.5745,0.1555,0.2222,-0.1024,0.7687,0.5527,0.7143,1.4992,"2013,2018,2019,2023,2024"
judge_corps_caption,l-carlson-1,Lee Carlson,001j000000i6lenaa3,Madison Scouts,GE1,World Class,7,0.3333,0.6783,0.1555,0.2043,-0.0671,0.7337,0.4954,0.7143,1.6314,"2013,2015,2016"
judge_corps_caption,r-greenwell-1,Randy Greenwell,001j000000iwxa5aal,Music City,GE2,Open Class,8,0.3106,0.3028,0.1553,0.4339,-0.5399,1.1611,0.9046,0.75,0.7158,"2013,2014,2015,2016,2018,2022"
judge_corps_caption,n-jones-1,Nola Jones,001j000000iwx9paad,Gold,GE2,Open Class,11,-0.268,-0.2105,-0.1552,0.314,-0.8835,0.3475,0.6068,0.5455,-0.8534,"2016,2018,2019,2024,2025"
judge_corps_caption,m-waymire-1,Mark Waymire,001j000000iwx9waad,Jersey Surf,GE2,World Class,6,0.3619,0.6862,0.1551,0.3051,-0.2361,0.96,0.5656,0.6667,1.1861,"2016,2017,2022"
judge_corps_caption,m-mcgahey-1,Mark McGahey,001j000000iwxadaa1,Spirit of Atlanta,GE2,World Class,10,0.2788,0.2127,0.1549,0.1003,0.0822,0.4754,0.369,0.8,2.7795,"2014,2017,2019,2023"
judge_corps_caption,k-giese-1,Ken Giese,001j000000qzs1qaaf,River City Rhythm,VA,Open Class,6,0.3615,-0.4644,0.1549,0.6078,-0.8299,1.5528,1.368,0.6667,0.5947,"2016,2017,2019,2022"
judge_corps_caption,g-howarth-1,Gifford Howarth,001j000000iwx9saad,Guardians,MP,Open Class,5,0.4025,0.6228,0.1548,0.28,-0.1462,0.9512,0.4723,0.6,1.4378,"2017,2018,2023"
judge_corps_caption,c-guard-1,Color Guard,001j000000qzs1qaaf,River City Rhythm,VP,Open Class,6,0.3608,0.0559,0.1546,0.636,-0.8858,1.6073,1.3517,0.6667,0.5673,"2016,2018,2019"
judge_corps_caption,m-griffin-1,Marty Griffin,001j000000iwxa1aal,Les Stentors,MP,Open Class,8,-0.3089,-0.435,-0.1545,0.4836,-1.2568,0.639,0.9689,0.375,-0.6388,"2013,2014,2015,2016,2019"
judge_corps_caption,j-howell-1,John Howell,001j000000iwwssaal,Boston Crusaders,CG,World Class,8,0.3091,0.3408,0.1545,0.1297,0.0549,0.5633,0.3763,0.75,2.3829,"2014,2015,2018,2019,2022,2025"
judge_corps_caption,j-harper-1,Jeff Harper,001j000000iwxa3aal,Mandarins,MA,World Class,10,0.2781,0.1733,0.1545,0.0355,0.2085,0.3478,0.2781,1,7.8268,"2017,2019,2023,2024,2025"
judge_corps_caption,b-williams-1,Blair Williams,001j000000iwxaeaa1,The Academy,MP,World Class,7,0.3308,0.5225,0.1544,0.1111,0.1129,0.5486,0.3729,0.8571,2.9762,"2018,2023,2024,2025"
judge_corps_caption,p-haines-1,Phillip Haines,001j000000iwx99aad,Columbians,MA,Open Class,6,-0.3602,0.0045,-0.1544,0.2593,-0.8684,0.1481,0.5978,0.3333,-1.389,"2018,2019,2022,2024"
judge_corps_caption,j-ausdemore-1,Jeff Ausdemore,001j0000012tpxmaa2,Shadow,MP,Open Class,6,0.36,0.3678,0.1543,0.7568,-1.1233,1.8433,1.513,0.6667,0.4757,"2018,2019"
judge_corps_caption,r-saucedo-1,Richard Saucedo,001j000000iwxa0aal,Legends,GE2,Open Class,6,0.3595,0.5357,0.1541,0.1284,0.1078,0.6112,0.3595,1,2.799,"2017,2019"
judge_corps_caption,m-davis-1,Mike Davis,001j000000iwx97aad,Colt Cadets,MP,Open Class,27,-0.1996,0.2578,-0.154,0.2423,-0.6745,0.2753,0.7941,0.5185,-0.8239,"2013,2014,2015,2016,2017,2018,2019,2022,2023,2024,2025"
judge_corps_caption,a-cook-1,Andrew Cook,001j000000iwwslaal,7th Regiment,MA,Open Class,5,-0.4005,-0.9502,-0.154,1.1821,-2.7175,1.9165,2.1878,0.6,-0.3388,"2013,2016,2017,2025"
judge_corps_caption,r-comfort-1,Ron Comfort,001j000000iwxajaa1,Troopers,CG,World Class,5,0.3999,0.5535,0.1538,0.4699,-0.521,1.3208,0.9411,0.8,0.8511,"2019,2022"
judge_corps_caption,g-miller-1,Gerry Miller,001j000000iwx9saad,Guardians,GE2,Open Class,5,-0.3994,-0.3949,-0.1536,1.07,-2.4966,1.6978,1.8434,0.4,-0.3733,"2019,2022,2023,2024"
judge_corps_caption,m-leitzke-1,Mike Leitzke,001j000000iwx9qaad,Golden Empire,MP,Open Class,8,-0.307,-0.1804,-0.1535,0.5197,-1.3255,0.7116,1.0562,0.625,-0.5907,"2018,2019,2022,2025"
judge_corps_caption,r-greenwell-1,Randy Greenwell,001j000000iwwsoaal,Blue Knights,MA,World Class,11,-0.2649,-0.2057,-0.1534,0.5247,-1.2934,0.7635,0.7647,0.7273,-0.5049,"2015,2016,2019,2022"
judge_corps_caption,c-rothe-1,Caleb Rothe,001j000000i6kfgaan,The Cadets,MP,World Class,6,0.3576,0.1731,0.1533,0.0563,0.2472,0.468,0.3576,1,6.3507,"2013,2014,2015"
judge_corps_caption,d-carbone-1,Dave Carbone,001j000000i6kfgaan,The Cadets,MA,World Class,17,0.225,0.3835,0.153,0.0716,0.0847,0.3653,0.2619,0.8824,3.1441,"2013,2014,2015,2016,2017,2018,2019,2022"
judge_corps_caption,j-sturgeon-1,Jim Sturgeon,001j000000iwxa0aal,Legends,VA,Open Class,6,0.357,0.9904,0.153,0.1737,0.0165,0.6975,0.5013,0.8333,2.0551,"2013,2015,2016"
judge_corps_caption,j-harper-1,Jeff Harper,001j000000iwwsoaal,Blue Knights,MA,World Class,8,0.3054,0.178,0.1527,0.0559,0.1959,0.415,0.3054,1,5.4631,"2017,2023,2024,2025"
judge_corps_caption,g-oliviero-1,George Oliviero,001j000000h3xrnaav,Phantom Regiment,VA,World Class,9,-0.2881,-0.3892,-0.1525,0.5347,-1.3361,0.76,0.81,0.6667,-0.5388,"2013,2014,2015,2018,2019,2022"
judge_corps_caption,b-kuhn-1,Blair Kuhn,001j000000h3xwcaav,Santa Clara Vanguard,GE1,World Class,5,0.3966,0.6493,0.1525,0.071,0.2574,0.5357,0.3966,1,5.5869,"2016,2017,2019,2022"
judge_corps_caption,m-turner-1,Michael Turner,001j000000iwxacaa1,Spartans,CG,Open Class,5,-0.3963,-0.7726,-0.1524,0.8003,-1.965,1.1724,1.0854,0.4,-0.4952,"2014,2015,2024,2025"
judge_corps_caption,r-kemp-1,Richard Kemp,001j000000h3xwcaav,Santa Clara Vanguard,CG,World Class,7,0.3264,0.4626,0.1523,0.1187,0.0938,0.5591,0.4134,0.8571,2.7502,"2013,2014,2016,2017"
judge_corps_caption,a-dunn-1,Al Dunn,001j000000iwwsraal,Bluecoats,MP,World Class,13,-0.246,-0.0661,-0.1523,0.2672,-0.7698,0.2778,0.4397,0.4615,-0.9205,"2014,2015,2016,2017"
judge_corps_caption,d-davis-1,Darrin Davis,001j000000iwwsqaal,Blue Stars,GE2,World Class,22,0.2075,0.0868,0.1522,0.1879,-0.1608,0.5758,0.6393,0.7273,1.1045,"2013,2014,2015,2016,2017,2018,2022,2023,2024"
judge_corps_caption,j-prosperie-1,Jeff Prosperie,001j000000iwxa8aal,Pioneer,MP,World Class,12,0.2537,0.3266,0.1522,0.1306,-0.0023,0.5097,0.4315,0.6667,1.9425,"2013,2014,2015,2016,2017,2018"
judge_corps_caption,g-fugett-1,Glenn Fugett,001j000000iwx91aad,Carolina Crown,GE2,World Class,28,-0.1957,-0.3295,-0.1522,0.2615,-0.7083,0.3169,0.8132,0.7143,-0.7483,"2013,2014,2015,2016,2017,2018,2019,2022,2023,2024,2025"
judge_corps_caption,m-rubino-1,Mike Rubino,001j000000iwwsoaal,Blue Knights,MB,World Class,7,-0.3261,-0.7477,-0.1522,0.6167,-1.5348,0.8825,1.3839,0.4286,-0.5288,"2014,2015,2016,2017,2022"
judge_corps_caption,m-stone-1,Michael Stone,001j000000iwx9oaad,Genesis,GE1,Open Class,10,-0.2739,-0.4156,-0.1522,0.4778,-1.2104,0.6627,1.0886,0.7,-0.5732,"2016,2017,2018,2019,2022"
judge_corps_caption,m-stone-1,Michael Stone,001j000000i6i9saav,Blue Devils,CG,World Class,12,0.2532,0.25,0.1519,0.2373,-0.2119,0.7182,0.6652,0.8333,1.067,"2013,2014,2015,2016,2018,2019"
judge_corps_caption,g-fugett-1,Glenn Fugett,001j000000i6lenaa3,Madison Scouts,GE2,World Class,16,0.2278,0.0758,0.1519,0.138,-0.0427,0.4982,0.4803,0.6875,1.6509,"2013,2014,2015,2016,2017,2018,2019,2022,2023,2024"
judge_corps_caption,j-webb-1,Jay Webb,001j000000iwwsoaal,Blue Knights,GE2,World Class,10,-0.2732,-0.4359,-0.1518,0.4621,-1.1789,0.6325,0.9844,0.6,-0.5911,"2015,2019,2022,2023,2024"
judge_corps_caption,d-padilla-1,Damon Padilla,001j000000iwxa3aal,Mandarins,GE1,World Class,10,-0.2731,-0.1252,-0.1517,0.4429,-1.1411,0.595,0.6634,0.6,-0.6166,"2019,2022,2024,2025"
judge_corps_caption,j-sturgeon-1,Jim Sturgeon,001j000000iwx9uaad,Impulse,VA,Open Class,9,-0.2863,0.3785,-0.1516,0.4957,-1.2578,0.6852,1.2868,0.4444,-0.5776,"2014,2015,2016,2018,2025"
judge_corps_caption,b-kuhn-1,Blair Kuhn,001j000000iwx97aad,Colt Cadets,GE1,Open Class,6,-0.3535,-0.012,-0.1515,0.4378,-1.2116,0.5046,0.8491,0.3333,-0.8075,"2016,2019,2024"
judge_corps_caption,c-guard-1,Color Guard,001j000000iwxa5aal,Music City,CG,Open Class,12,0.2525,0.2838,0.1515,0.1355,-0.0131,0.518,0.4375,0.6667,1.8631,"2017,2018,2019,2022,2023"
judge_corps_caption,g-oliviero-1,George Oliviero,001j000000iwxa8aal,Pioneer,VA,World Class,5,0.3933,0.2423,0.1513,0.104,0.1896,0.5971,0.3933,1,3.7833,"2013,2014,2015,2016"
judge_corps_caption,j-pipitone-1,JJ Pipitone,001j000000iwxajaa1,Troopers,MP,World Class,6,-0.3526,-0.1612,-0.1511,0.2831,-0.9074,0.2022,0.5535,0.3333,-1.2458,"2013,2014,2015"
judge_corps_caption,k-kuhn-1,Kim Kuhn,001j000000iwxa0aal,Legends,VP,Open Class,9,0.2854,0.4204,0.1511,0.1952,-0.0972,0.668,0.4972,0.6667,1.4619,"2016,2017,2018,2019,2022"
judge_corps_caption,j-harper-1,Jeff Harper,001j000000iwx93aad,Seattle Cascades,MA,World Class,8,0.3023,0.1733,0.1511,0.1159,0.075,0.5295,0.4034,0.75,2.6069,"2019,2023,2024,2025"
judge_corps_caption,j-howell-1,John Howell,001j000000iwxa3aal,Mandarins,VP,World Class,6,-0.3524,-0.21,-0.151,0.4694,-1.2723,0.5676,0.7323,0.6667,-0.7508,"2015,2018,2019,2023"
judge_corps_caption,j-wilson-1,Jeff Wilson,001j000000i6kalaa3,Blue Devils C,MP,Open Class,9,-0.285,-0.1515,-0.1509,0.3968,-1.0628,0.4928,0.9633,0.4444,-0.7182,"2013,2015,2017,2018,2019,2024"
judge_corps_caption,a-cook-1,Andrew Cook,001j000000iwwssaal,Boston Crusaders,MB,World Class,10,0.2716,0.1679,0.1509,0.2056,-0.1314,0.6747,0.6137,0.8,1.3208,"2013,2014,2015,2016,2018,2023,2024,2025"
judge_corps_caption,m-davis-1,Mike Davis,001j000000iwxacaa1,Spartans,MP,Open Class,17,-0.2219,0.2312,-0.1509,0.2654,-0.7421,0.2983,0.7257,0.4118,-0.836,"2013,2014,2015,2017,2024,2025"
judge_corps_caption,k-miller-1,Kyle Miller,001j000000iwxa8aal,Pioneer,GE1,World Class,10,0.2714,0.3302,0.1508,0.1488,-0.0202,0.563,0.4309,0.7,1.8239,"2013,2014,2015,2017,2018"
judge_corps_caption,c-costanza-1,Curtis Costanza,001j000000iwxakaa1,Vanguard Cadets,CG,Open Class,5,0.392,0.7035,0.1508,0.3817,-0.3561,1.14,0.7243,0.6,1.0271,"2013,2014,2015,2016"
judge_corps_caption,p-mcgarr-1,Paul McGarr,001j000000iwx9aaat,Crossmen,MB,World Class,18,0.2178,0.1897,0.1508,0.0656,0.0892,0.3464,0.3046,0.7222,3.3197,"2014,2015,2016,2017,2018,2023,2025"
judge_corps_caption,k-turner-1,Ken Turner,001j000000iwwssaal,Boston Crusaders,MA,World Class,5,-0.3916,-0.5713,-0.1506,0.5513,-1.4721,0.6889,0.6426,0.8,-0.7104,"2013,2017,2018,2019,2022"
judge_corps_caption,w-dillon-1,Wayne Dillon,001j000000i6i9saav,Blue Devils,MB,World Class,11,-0.2599,-0.2612,-0.1505,0.3287,-0.9043,0.3844,0.8331,0.6364,-0.7906,"2014,2015,2016,2017,2018,2023,2024"
judge_corps_caption,j-howell-1,John Howell,001j000000iwx9aaat,Crossmen,CG,World Class,5,0.3912,0.3853,0.1505,0.1362,0.1243,0.6581,0.3912,1,2.8731,"2014,2015,2019,2022"
judge_corps_caption,d-niebauer-1,Dan Niebauer,001j000000iwxakaa1,Vanguard Cadets,GE1,Open Class,5,0.3911,0.1406,0.1504,0.8048,-1.1863,1.9685,1.5046,0.8,0.486,"2013,2014,2016"
judge_corps_caption,b-kuhn-1,Blair Kuhn,001j000000i6lenaa3,Madison Scouts,VA,World Class,13,-0.2428,-0.4982,-0.1503,0.5261,-1.2739,0.7883,1.3902,0.6923,-0.4615,"2017,2018,2019,2022,2024,2025"
judge_corps_caption,d-deems-1,Don Deems,001j000000h3xwcaav,Santa Clara Vanguard,GE1,World Class,5,0.3907,0.4618,0.1503,0.1236,0.1485,0.6329,0.3907,1,3.1613,"2024,2025"
judge_corps_caption,j-brooks-1,Jeff Brooks,001j000000qzs1qaaf,River City Rhythm,MP,Open Class,5,-0.3897,-0.1256,-0.1499,0.5499,-1.4675,0.6882,0.8099,0.4,-0.7086,"2019,2022,2023,2024"
judge_corps_caption,m-davis-1,Mike Davis,001j000000iwx9oaad,Genesis,MP,Open Class,20,0.2097,0.5415,0.1498,0.2227,-0.2268,0.6462,0.7974,0.7,0.9415,"2013,2014,2015,2016,2017,2018,2019,2023,2024,2025"
judge_corps_caption,t-ochran-1,Timothy Ochran,001j000000iwwsoaal,Blue Knights,GE1,World Class,9,-0.2829,-0.8383,-0.1498,0.5386,-1.3385,0.7727,1.2468,0.5556,-0.5252,"2013,2015,2016,2017,2018,2024,2025"
judge_corps_caption,m-stone-1,Michael Stone,001j000000iwxacaa1,Spartans,GE1,Open Class,5,0.3889,0.237,0.1496,0.1443,0.1062,0.6716,0.3889,1,2.6961,"2016,2018,2019"
judge_corps_caption,r-kemp-1,Richard Kemp,001j000000iwxa7aal,Pacific Crest,CG,World Class,6,0.3488,0.4899,0.1495,0.1002,0.1524,0.5452,0.3488,1,3.4813,"2014,2015,2016,2017"
judge_corps_caption,r-kemp-1,Richard Kemp,001j000000i6i9saav,Blue Devils,CG,World Class,6,0.3485,0.4763,0.1494,0.2371,-0.1161,0.8132,0.5546,0.8333,1.4701,"2013,2014,2016,2017"
judge_corps_caption,r-comfort-1,Ron Comfort,001j0000012y6bqaac,The Battalion,CG,Open Class,5,0.3885,0.6097,0.1494,0.4691,-0.5309,1.3078,0.7763,0.8,0.8282,"2016,2017,2019"
judge_corps_caption,c-guard-1,Color Guard,001j000000iwwsraal,Bluecoats,VP,World Class,5,0.388,0.1148,0.1492,0.3266,-0.2521,1.0281,0.6093,0.6,1.1881,"2015,2016,2019,2023"
judge_corps_caption,j-sturgeon-1,Jim Sturgeon,001j000000iwwsraal,Bluecoats,VA,World Class,14,-0.2341,-0.2767,-0.149,0.3815,-0.9818,0.5136,0.8944,0.7857,-0.6136,"2014,2016,2017,2018,2019,2023,2024"
judge_corps_caption,p-haines-1,Phillip Haines,001j000000iwx9paad,Gold,MA,Open Class,6,-0.3474,-0.1333,-0.1489,0.4721,-1.2728,0.578,0.8583,0.6667,-0.7358,"2013,2018,2023,2024,2025"
judge_corps_caption,d-davis-1,Darrin Davis,001j000000iwxa2aal,Louisiana Stars,GE2,Open Class,5,0.3872,-0.0678,0.1489,0.2813,-0.1641,0.9386,0.5735,0.6,1.3765,"2014,2015,2016"
judge_corps_caption,j-orefice-1,Juno Orefice,001j000000iwxajaa1,Troopers,VP,World Class,16,0.2232,0.0286,0.1488,0.3533,-0.4693,0.9158,0.9977,0.875,0.6318,"2013,2014,2015,2016,2017,2018,2019,2023,2025"
judge_corps_caption,d-torchia-1,Debbie Torchia,001j000000iwxa8aal,Pioneer,VA,World Class,5,0.386,0.4297,0.1485,0.2564,-0.1166,0.8886,0.6184,0.8,1.5053,"2013,2014,2015,2016"
judge_corps_caption,s-page-1,Steven Page,001j000000iwxaeaa1,The Academy,MB,World Class,17,0.2184,0.3863,0.1485,0.1499,-0.0755,0.5122,0.5012,0.8235,1.4564,"2014,2015,2017,2018,2022,2024,2025"
judge_corps_caption,w-rickart-1,Warren Rickart,001j000000iwxa5aal,Music City,CG,World Class,5,-0.3862,0.0724,-0.1485,0.4593,-1.2864,0.514,0.6998,0.4,-0.8408,"2019,2024"
judge_corps_caption,w-rickart-1,Warren Rickart,001j000000iwxadaa1,Spirit of Atlanta,CG,World Class,5,-0.3861,0.015,-0.1485,0.4362,-1.2411,0.4688,0.6709,0.4,-0.8852,"2019,2024"
judge_corps_caption,m-stone-1,Michael Stone,001j000000i6kfgaan,The Cadets,CG,World Class,9,0.2803,0.2569,0.1484,0.1172,0.0507,0.51,0.4001,0.7778,2.3929,"2013,2014,2015,2016,2018"
judge_corps_caption,j-wilson-1,Jeff Wilson,001j000000i6jmbaaf,Blue Devils B,MA,Open Class,8,-0.2967,0.1237,-0.1484,0.3748,-1.0313,0.4378,0.7101,0.625,-0.7918,"2013,2017,2018,2019,2025"
judge_corps_caption,k-baker-1,Keith Baker,001j000000iwxajaa1,Troopers,VA,World Class,8,0.2968,0.2278,0.1484,0.0962,0.1082,0.4853,0.3342,0.875,3.0849,"2013,2015,2017,2018,2023,2024,2025"
judge_corps_caption,w-rickart-1,Warren Rickart,001j000000iwx9waad,Jersey Surf,CG,World Class,6,-0.3464,0.0661,-0.1484,0.3261,-0.9855,0.2928,0.6204,0.3333,-1.0621,"2019,2022,2023,2024"
judge_corps_caption,w-dillon-1,Wayne Dillon,001j000000h3xrnaav,Phantom Regiment,MA,World Class,11,0.2562,0.1988,0.1483,0.1224,0.0162,0.4961,0.3762,0.7273,2.0927,"2013,2016,2017,2022,2023,2025"
judge_corps_caption,b-jones-1,Bruce Jones,001j000000iwx9aaat,Crossmen,VP,World Class,11,0.2562,0.47,0.1483,0.164,-0.0651,0.5775,0.3435,0.7273,1.5626,"2013,2014,2015,2016,2018,2023"
judge_corps_caption,p-madden-1,Phil Madden,001j000000i6i9saav,Blue Devils,GE1,World Class,9,0.2802,0.3615,0.1483,0.1209,0.0433,0.5171,0.3886,0.6667,2.3184,"2015,2016,2017,2018,2019,2022,2023"
judge_corps_caption,d-davis-1,Darrin Davis,001j000000iwxa3aal,Mandarins,MB,World Class,5,-0.3851,-0.3239,-0.1481,0.7201,-1.7965,1.0263,0.9863,0.6,-0.5348,"2014,2015,2016,2023"
judge_corps_caption,j-wilson-1,Jeff Wilson,001j000000iwxa3aal,Mandarins,MA,World Class,6,0.3452,0.2857,0.1479,0.4163,-0.4708,1.1612,0.8567,0.6667,0.8291,"2013,2017,2018,2023,2025"
judge_corps_caption,h-nguyen-1,Hieu Nguyen,001j000000iwxafaa1,The Cavaliers,CG,World Class,14,0.2324,0.3642,0.1479,0.1686,-0.0981,0.5629,0.4853,0.8571,1.3784,"2015,2017,2018,2019,2022"
judge_corps_caption,d-carbone-1,Dave Carbone,001j000000i6jmbaaf,Blue Devils B,MA,Open Class,5,-0.384,-0.7361,-0.1477,1.0783,-2.4974,1.7294,1.4705,0.8,-0.3561,"2014,2016,2022,2024"
judge_corps_caption,m-gray-1,Michael Gray,001j000000i6i9saav,Blue Devils,GE1,World Class,10,0.2657,0.3769,0.1476,0.0764,0.1159,0.4154,0.2657,1,3.4769,"2016,2017,2018,2019"
judge_corps_caption,d-torchia-1,Debbie Torchia,001j000000iwx9oaad,Genesis,CG,Open Class,5,-0.3835,-0.9425,-0.1475,1.0273,-2.3971,1.6301,1.4642,0.6,-0.3733,"2013,2015,2016,2018,2022"
judge_corps_caption,t-wemhoff-1,Ted Wemhoff,001j000000iwxa3aal,Mandarins,GE1,World Class,22,0.2011,0.463,0.1475,0.0838,0.0368,0.3653,0.2901,0.5909,2.3996,"2015,2016,2017,2019,2022,2023,2024,2025"
judge_corps_caption,c-romanowski-1,Chris Romanowski,001j000000iwx9waad,Jersey Surf,MA,World Class,12,-0.2458,-0.0966,-0.1475,0.1723,-0.5836,0.092,0.4908,0.25,-1.4264,"2018,2019,2023,2024"
judge_corps_caption,n-jones-1,Nola Jones,001j000000h3xrnaav,Phantom Regiment,MA,World Class,7,0.316,-0.2073,0.1474,0.3644,-0.3983,1.0302,0.9302,0.7143,0.867,"2013,2014,2015,2022,2023,2024"
judge_corps_caption,r-greenwell-1,Randy Greenwell,001j000000iwxaeaa1,The Academy,GE2,World Class,6,-0.3438,-0.6687,-0.1474,0.7034,-1.7225,1.0348,1.3358,0.6667,-0.4888,"2013,2014,2016,2017,2018,2019"
judge_corps_caption,m-thompson-1,Michael Thompson,001j000000iwxa7aal,Pacific Crest,CG,World Class,10,0.2652,0.5221,0.1474,0.1725,-0.073,0.6034,0.4914,0.6,1.5372,"2014,2015,2016,2017,2018,2019"
judge_corps_caption,c-phillips-1,Chester Phillips,001j000000iwxadaa1,Spirit of Atlanta,MB,World Class,13,-0.2379,-0.0018,-0.1473,0.2561,-0.74,0.2641,0.6801,0.6154,-0.9289,"2013,2014,2017,2018,2019,2023,2024"
judge_corps_caption,j-ausdemore-1,Jeff Ausdemore,001j000000iwx98aad,Colts,MP,World Class,17,-0.2167,-0.3465,-0.1473,0.3719,-0.9456,0.5122,0.9306,0.6471,-0.5827,"2015,2016,2017,2018,2022"
judge_corps_caption,f-morris-1,Frank Morris,001j000000iwx98aad,Colts,GE1,World Class,6,-0.3435,-0.0262,-0.1472,0.1434,-0.6246,-0.0624,0.3759,0.1667,-2.3953,"2013,2014,2015"
judge_corps_caption,l-carlson-1,Lee Carlson,001j000000iwwsoaal,Blue Knights,CG,World Class,7,-0.3155,-0.2121,-0.1472,0.9418,-2.1615,1.5305,1.3795,0.8571,-0.335,"2013,2014,2016"
judge_corps_caption,m-anderson-1,Mike Anderson,001j000000iwx9oaad,Genesis,GE1,Open Class,7,-0.3151,-0.066,-0.1471,0.3294,-0.9608,0.3305,0.5903,0.2857,-0.9566,"2014,2015,2018,2019"
judge_corps_caption,j-brooks-1,Jeff Brooks,001j000000h3xwcaav,Santa Clara Vanguard,MP,World Class,10,0.2648,0.6058,0.1471,0.1749,-0.078,0.6076,0.3441,0.6,1.514,"2019,2022,2024,2025"
judge_corps_caption,h-nguyen-1,Hieu Nguyen,001j000000iwxa7aal,Pacific Crest,CG,World Class,9,0.2776,0.4455,0.147,0.2049,-0.124,0.6793,0.5311,0.6667,1.3548,"2015,2017,2019,2022,2024"
judge_corps_caption,c-raichle-1,Chris Raichle,001j000000h3xrnaav,Phantom Regiment,CG,World Class,6,-0.3427,-0.1033,-0.1469,0.4298,-1.1852,0.4998,0.6083,0.3333,-0.7973,"2017,2018,2023,2025"
judge_corps_caption,d-carbone-1,Dave Carbone,001j000000iwxafaa1,The Cavaliers,GE2,World Class,10,0.2642,0.2737,0.1468,0.0647,0.1374,0.391,0.2642,1,4.084,"2013,2014,2015,2018,2023,2025"
judge_corps_caption,m-thompson-1,Michael Thompson,001j000000iwx9aaat,Crossmen,CG,World Class,19,-0.2085,0.0093,-0.1467,0.185,-0.5712,0.1542,0.5123,0.6316,-1.1269,"2015,2016,2017,2019,2023,2024,2025"
judge_corps_caption,r-greenwell-1,Randy Greenwell,001j000000iwwssaal,Boston Crusaders,MA,World Class,9,-0.2771,-0.2013,-0.1467,0.6376,-1.5268,0.9726,0.9111,0.8889,-0.4346,"2015,2016,2019,2022"
judge_corps_caption,j-howell-1,John Howell,001j000000h3xrnaav,Phantom Regiment,CG,World Class,10,-0.2638,-0.2556,-0.1466,0.4877,-1.2197,0.692,0.9222,0.8,-0.541,"2013,2014,2015,2018,2019,2024"
judge_corps_caption,g-oliviero-1,George Oliviero,001j000000iwx93aad,Seattle Cascades,CG,World Class,7,0.3138,-0.1016,0.1465,0.2253,-0.1279,0.7555,0.5313,0.7143,1.3926,"2013,2014,2015,2019"
judge_corps_caption,r-solomon-1,Robert Solomon,001j000000i6kalaa3,Blue Devils C,CG,Open Class,6,0.3419,0.1191,0.1465,0.3792,-0.4013,1.085,0.8408,0.6667,0.9016,"2018,2019,2022,2023,2024"
judge_corps_caption,k-weirich-1,Kyle Weirich,001j000000i6jmbaaf,Blue Devils B,MA,Open Class,5,0.3806,1.0331,0.1464,0.2254,-0.0612,0.8225,0.4282,0.8,1.6883,"2018,2022"
judge_corps_caption,m-stone-1,Michael Stone,001j000000iwxafaa1,The Cavaliers,CG,World Class,12,-0.2438,-0.2657,-0.1463,0.4678,-1.1607,0.6731,0.9832,0.75,-0.5212,"2013,2014,2015,2016,2018,2019,2022"
judge_corps_caption,m-rubino-1,Mike Rubino,001j000000iwx9qaad,Golden Empire,MB,Open Class,9,-0.2763,-0.1221,-0.1463,0.4021,-1.0644,0.5117,0.9606,0.4444,-0.6872,"2015,2016,2017,2019,2022,2023,2025"
judge_corps_caption,j-pipitone-1,JJ Pipitone,001j000000iwxa7aal,Pacific Crest,MP,World Class,5,0.38,0.5721,0.1462,0.2494,-0.1088,0.8689,0.5779,0.8,1.5236,"2013,2015"
judge_corps_caption,h-nguyen-1,Hieu Nguyen,001j000000i6i9saav,Blue Devils,VP,World Class,6,0.3412,0.4961,0.1462,0.142,0.0629,0.6195,0.429,0.8333,2.4028,"2017,2023,2024,2025"
judge_corps_caption,g-howarth-1,Gifford Howarth,001j000000iwx9waad,Jersey Surf,MP,World Class,13,-0.236,-0.0446,-0.1461,0.3235,-0.87,0.398,0.6714,0.6923,-0.7296,"2013,2014,2015,2016,2017,2022,2023,2024"
judge_corps_caption,k-giese-1,Ken Giese,001j000000iwxadaa1,Spirit of Atlanta,VA,World Class,18,0.211,0.428,0.146,0.1113,-0.0073,0.4292,0.4415,0.7222,1.8947,"2013,2014,2015,2016,2017,2018,2019"
judge_corps_caption,n-jones-1,Nola Jones,001j000000iwx9saad,Guardians,GE2,Open Class,6,-0.3408,-0.3425,-0.146,0.5208,-1.3616,0.68,1.0439,0.5,-0.6543,"2014,2018,2019,2023"
judge_corps_caption,c-dillon-1,Christine Dillon,001j000000iwx9uaad,Impulse,CG,Open Class,6,-0.3403,0.4391,-0.1458,0.7054,-1.7228,1.0422,1.2696,0.6667,-0.4824,"2013,2016,2017,2025"
judge_corps_caption,r-solomon-1,Robert Solomon,001j000000iwwsqaal,Blue Stars,VP,World Class,16,0.2187,0.2286,0.1458,0.0846,0.0529,0.3845,0.3352,0.6875,2.5848,"2013,2014,2015,2016,2017,2018,2019,2024,2025"
judge_corps_caption,s-page-1,Steven Page,001j000000iwwssaal,Boston Crusaders,MB,World Class,19,-0.2072,-0.0205,-0.1458,0.3437,-0.8809,0.4664,0.735,0.6842,-0.603,"2014,2015,2016,2017,2018,2019,2022,2024,2025"
judge_corps_caption,b-spidel-1,Brandon Spidel,001j000000h3xrnaav,Phantom Regiment,CG,World Class,6,0.3399,0.4745,0.1457,0.159,0.0282,0.6515,0.4381,0.8333,2.1376,"2018,2019,2022,2024,2025"
judge_corps_caption,f-morris-1,Frank Morris,001j000000iwx9aaat,Crossmen,GE1,World Class,10,-0.2622,0.037,-0.1456,0.3078,-0.8655,0.3411,0.5761,0.4,-0.8517,"2013,2014,2015,2016"
judge_corps_caption,m-hoskins-1,Mark Hoskins,001j000000iwx91aad,Carolina Crown,MB,World Class,20,-0.2038,-0.0688,-0.1456,0.2642,-0.7217,0.3141,0.7452,0.75,-0.7713,"2013,2016,2017,2019,2022,2023,2024,2025"
judge_corps_caption,m-teal-1,Mark Teal,001j000000iwwsoaal,Blue Knights,MP,World Class,9,-0.275,0.0553,-0.1456,0.571,-1.3941,0.8441,0.9744,0.6667,-0.4817,"2019,2022,2023,2024,2025"
judge_corps_caption,m-kelly-1,Mickey Kelly,001j000000h3xrnaav,Phantom Regiment,GE1,World Class,19,0.2066,0.1108,0.1454,0.3171,-0.4148,0.8281,0.8438,0.8421,0.6517,"2013,2014,2015,2016,2017,2019"
judge_corps_caption,b-jones-1,Bruce Jones,001j000000iwx97aad,Colt Cadets,VP,Open Class,5,0.3781,-0.2226,0.1454,0.5966,-0.7912,1.5473,1.057,0.8,0.6337,"2014,2018,2023,2025"
judge_corps_caption,h-nguyen-1,Hieu Nguyen,001j000000h3xrnaav,Phantom Regiment,CG,World Class,13,0.2349,0.3683,0.1454,0.228,-0.2119,0.6817,0.5918,0.9231,1.0304,"2016,2017,2018,2019,2022,2024"
judge_corps_caption,j-webb-1,Jay Webb,001j000000iwwsraal,Bluecoats,GE2,World Class,11,-0.2509,-0.4185,-0.1453,0.3911,-1.0174,0.5156,0.7853,0.8182,-0.6415,"2014,2015,2018,2019,2022,2023"
judge_corps_caption,d-torchia-1,Debbie Torchia,001j000000iwwsraal,Bluecoats,VA,World Class,13,0.2346,0.3365,0.1452,0.0771,0.0834,0.3857,0.3168,0.8462,3.0419,"2013,2014,2015,2017,2018,2019,2023,2025"
judge_corps_caption,j-webb-1,Jay Webb,001j000000iwwssaal,Boston Crusaders,GE2,World Class,14,-0.2281,-0.3823,-0.1452,0.4519,-1.1138,0.6575,0.851,0.7143,-0.5049,"2013,2014,2015,2019,2022,2023,2025"
judge_corps_caption,d-carbone-1,Dave Carbone,001j000000iwwsqaal,Blue Stars,GE2,World Class,6,0.3388,0.3555,0.1452,0.084,0.1742,0.5035,0.3435,0.8333,4.0334,"2014,2015,2017,2023"
judge_corps_caption,j-wilson-1,Jeff Wilson,001j000000iwxa7aal,Pacific Crest,MA,World Class,5,0.3772,0.2973,0.1451,0.2232,-0.0603,0.8147,0.5029,0.6,1.6897,"2017,2023,2025"
judge_corps_caption,a-cook-1,Andrew Cook,001j000000iwx9aaat,Crossmen,MA,World Class,5,0.3771,0.0588,0.145,0.4663,-0.5369,1.291,0.9435,0.8,0.8087,"2013,2014,2015,2017"
judge_corps_caption,r-overvliet-1,Robby Overvliet,racine-scouts,Racine Scouts,VP,Open Class,5,0.377,0.6741,0.145,0.3001,-0.2113,0.9652,0.6243,0.8,1.2561,"2014,2015"
judge_corps_caption,m-gray-1,Michael Gray,001j000000iwwssaal,Boston Crusaders,GE1,World Class,15,-0.2222,-0.1002,-0.1449,0.3805,-0.9678,0.5235,0.6509,0.6,-0.5839,"2016,2017,2018,2019"
judge_corps_caption,r-saucedo-1,Richard Saucedo,001j000000iwxa2aal,Louisiana Stars,GE2,Open Class,6,0.3379,0.544,0.1448,0.173,-0.0012,0.6769,0.4392,0.8333,1.9533,"2017,2019"
judge_corps_caption,r-greenwell-1,Randy Greenwell,001j000000h3xrnaav,Phantom Regiment,MA,World Class,10,-0.2605,-0.2104,-0.1447,0.5426,-1.324,0.803,0.9031,0.5,-0.4801,"2014,2015,2016,2018,2019,2022"
judge_corps_caption,j-webb-1,Jay Webb,001j000000iwxadaa1,Spirit of Atlanta,MA,World Class,7,0.3096,0.2367,0.1445,0.1313,0.0522,0.5669,0.384,0.8571,2.3579,"2014,2018,2023,2024"
judge_corps_caption,l-carlson-1,Lee Carlson,001j000000h3xwcaav,Santa Clara Vanguard,GE1,World Class,8,-0.2885,0.1014,-0.1443,0.2443,-0.7675,0.1904,0.4052,0.5,-1.1808,"2013,2014,2015,2016"
judge_corps_caption,j-kennedy-1,Jay Kennedy,001j000000i6i9saav,Blue Devils,MA,World Class,26,-0.1885,0.1621,-0.1442,0.1858,-0.5528,0.1757,0.5305,0.4615,-1.0144,"2013,2014,2015,2016,2017,2018,2019,2022,2023,2024,2025"
judge_corps_caption,j-orefice-1,Juno Orefice,001j000000iwx9paad,Gold,VP,Open Class,10,0.2596,0.6533,0.1442,0.1249,0.0149,0.5043,0.3464,0.7,2.0791,"2014,2016,2018,2019,2023,2024,2025"
judge_corps_caption,c-rapacki-1,Chris Rapacki,001j000000iwx93aad,Seattle Cascades,MP,World Class,5,-0.3747,-0.295,-0.1441,0.1701,-0.7082,-0.0413,0.3747,0,-2.2025,"2023,2024,2025"
judge_corps_caption,j-howell-1,John Howell,001j000000iwx9paad,Gold,GE1,Open Class,6,-0.336,-0.4141,-0.144,0.5399,-1.3941,0.7222,0.8672,0.6667,-0.6223,"2015,2018,2022,2025"
judge_corps_caption,k-young-1,Kyle Young,001j000000h3xrnaav,Phantom Regiment,MA,World Class,9,0.2718,0.2309,0.1439,0.2603,-0.2385,0.7821,0.6402,0.8889,1.0439,"2022,2023,2024,2025"
judge_corps_caption,p-mcgarr-1,Paul McGarr,001j000000h3xwcaav,Santa Clara Vanguard,MB,World Class,19,0.2043,0.2091,0.1438,0.1389,-0.0679,0.4766,0.4808,0.6842,1.4713,"2013,2014,2015,2016,2017,2018,2019,2024,2025"
judge_corps_caption,a-lo-1,Albert Lo,001j000000iwx9aaat,Crossmen,MB,World Class,7,0.3081,0.4203,0.1438,0.1799,-0.0445,0.6608,0.4811,0.8571,1.7127,"2013,2014,2015,2018"
judge_corps_caption,j-gilley-1,Jackie Gilley,001j000000iwxaaaa1,Raiders,VP,Open Class,5,-0.3738,0.2865,-0.1438,0.478,-1.3106,0.563,0.7273,0.6,-0.7821,"2016,2017,2018,2024"
judge_corps_caption,c-rapacki-1,Chris Rapacki,001j000000iwxa3aal,Mandarins,MP,World Class,9,0.2715,0.3661,0.1437,0.1438,-0.0104,0.5534,0.4469,0.7778,1.8875,"2022,2023,2024,2025"
judge_corps_caption,g-howarth-1,Gifford Howarth,001j000000iwxajaa1,Troopers,MP,World Class,8,-0.2873,-0.0727,-0.1436,0.3328,-0.9395,0.365,0.5465,0.625,-0.8633,"2013,2014,2015,2016,2017,2018"
judge_corps_caption,c-guard-1,Color Guard,001j000000i6lenaa3,Madison Scouts,CG,World Class,6,0.3348,0.45,0.1435,0.1819,-0.0217,0.6913,0.4477,0.6667,1.8408,"2019,2022,2023"
judge_corps_caption,p-mcgarr-1,Paul McGarr,001j000000i6lenaa3,Madison Scouts,MB,World Class,21,0.1981,0.1649,0.1434,0.0728,0.0554,0.3408,0.3373,0.8095,2.721,"2013,2014,2015,2016,2017,2018,2019,2023,2024,2025"
judge_corps_caption,s-adamo-1,Sal Adamo,001j000000h3xwcaav,Santa Clara Vanguard,VP,World Class,8,0.2864,0.5718,0.1432,0.1135,0.0639,0.5089,0.3652,0.75,2.5232,"2014,2015,2016,2017,2022"
judge_corps_caption,b-mascaro-1,Bret Mascaro,001j000000i6kfgaan,The Cadets,VA,World Class,18,-0.2067,0.1167,-0.1431,0.2464,-0.6897,0.2763,0.6782,0.6667,-0.8387,"2013,2015,2016,2017,2018,2019"
judge_corps_caption,t-fox-1,Todd Fox,001j000000iwxacaa1,Spartans,MA,Open Class,8,0.2861,0.8247,0.1431,0.1642,-0.0358,0.608,0.4177,0.625,1.7419,"2015,2023,2024,2025"
judge_corps_caption,s-calhoun-1,Steve Calhoun,001j000000iwxakaa1,Vanguard Cadets,MA,Open Class,6,0.3336,0.7756,0.143,0.1954,-0.0494,0.7167,0.3946,0.6667,1.7071,"2015,2016,2017"
judge_corps_caption,a-dunn-1,Al Dunn,001j000000iwxa8aal,Pioneer,MP,World Class,11,-0.2466,-0.1265,-0.1428,0.2186,-0.6751,0.1819,0.5093,0.5455,-1.128,"2013,2014,2015,2016,2017"
judge_corps_caption,r-rios-1,Ronnie Rios,001j000000iwxajaa1,Troopers,MA,World Class,9,-0.2697,-0.1926,-0.1428,0.4448,-1.1414,0.6021,0.6772,0.6667,-0.6063,"2017,2018,2019,2022,2023,2025"
judge_corps_caption,c-armbruster-1,Chad Armbruster,001j000000h3xrnaav,Phantom Regiment,MB,World Class,5,0.3712,0.1926,0.1428,0.1814,0.0158,0.7267,0.504,0.8,2.0469,"2018,2019,2022,2023"
judge_corps_caption,j-orefice-1,Juno Orefice,001j000000iwxa0aal,Legends,VP,Open Class,10,0.2568,0.621,0.1427,0.5333,-0.7884,1.302,1.2375,0.7,0.4816,"2013,2014,2015,2016,2018"
judge_corps_caption,j-webb-1,Jay Webb,001j000000iwxa5aal,Music City,MA,World Class,5,0.3706,0.3552,0.1425,0.118,0.1394,0.6018,0.3785,0.8,3.1415,"2018,2022,2023"
judge_corps_caption,f-miller-1,Frank Miller,001j000000h3xrnaav,Phantom Regiment,VA,World Class,13,0.23,0.4827,0.1424,0.0454,0.141,0.3191,0.2518,0.8462,5.0636,"2013,2015,2016,2017"
judge_corps_caption,h-nguyen-1,Hieu Nguyen,001j000000iwxa5aal,Music City,CG,Open Class,10,-0.2561,-0.1024,-0.1423,0.0807,-0.4143,-0.098,0.2882,0.1,-3.1744,"2016,2017,2018,2019,2022,2024"
judge_corps_caption,j-orefice-1,Juno Orefice,001j000000iwxa5aal,Music City,VP,Open Class,14,0.2235,0.3627,0.1422,0.2598,-0.2858,0.7328,0.6642,0.7857,0.8602,"2013,2014,2015,2016,2017,2018,2023,2025"
judge_corps_caption,j-orefice-1,Juno Orefice,001j000000i6kfgaan,The Cadets,VP,World Class,21,-0.1962,-0.3991,-0.1421,0.4628,-1.1032,0.7108,1.2959,0.8571,-0.424,"2013,2014,2015,2016,2017,2018,2019"
judge_corps_caption,p-madden-1,Phil Madden,001j000000iwx91aad,Carolina Crown,VA,World Class,7,0.3045,0.5114,0.1421,0.0857,0.1365,0.4726,0.3289,0.8571,3.5515,"2015,2016,2018,2024"
judge_corps_caption,g-fugett-1,Glenn Fugett,001j000000h3xwcaav,Santa Clara Vanguard,MP,World Class,7,0.3043,-0.1486,0.142,0.5159,-0.7069,1.3154,1.0824,0.8571,0.5898,"2013,2014,2015,2016,2025"
judge_corps_caption,j-carlisle-1,JR Carlisle,001j000000iwxabaa1,Southwind,VA,Open Class,6,-0.3312,-0.7631,-0.1419,0.7602,-1.8212,1.1588,1.3834,0.6667,-0.4357,"2016,2017"
judge_corps_caption,j-harper-1,Jeff Harper,001j000000iwxafaa1,The Cavaliers,MB,World Class,14,-0.2229,-0.3378,-0.1418,0.4045,-1.0158,0.57,0.8596,0.7857,-0.5509,"2013,2014,2016,2017,2019,2022,2023"
judge_corps_caption,c-church-1,CHRIS CHURCH,001j000000iwx98aad,Colts,GE1,World Class,6,-0.3308,0.0768,-0.1418,0.3605,-1.0374,0.3757,0.6919,0.3333,-0.9178,"2014,2015,2016,2017,2019,2022"
judge_corps_caption,g-miller-1,Gerry Miller,001j000000iwxa5aal,Music City,GE2,World Class,9,-0.2678,0.0143,-0.1418,0.1619,-0.5851,0.0495,0.4031,0.3333,-1.6545,"2022,2023,2024,2025"
judge_corps_caption,d-davis-1,Darrin Davis,001j000000iwxa5aal,Music City,GE2,Open Class,9,-0.2677,-0.4553,-0.1417,0.211,-0.6814,0.1459,0.5004,0.3333,-1.2686,"2014,2017,2018,2019,2022,2023,2024"
judge_corps_caption,r-greenwell-1,Randy Greenwell,001j000000i6i9saav,Blue Devils,MB,World Class,6,-0.3303,-2.164,-0.1416,1.088,-2.4628,1.8022,2.0233,0.6667,-0.3036,"2016,2019"
judge_corps_caption,g-howarth-1,Gifford Howarth,001j000000iwx97aad,Colt Cadets,MP,Open Class,12,0.2358,0.4928,0.1415,0.2009,-0.158,0.6295,0.6291,0.5833,1.1735,"2015,2017,2018,2019,2023,2024"
judge_corps_caption,m-rubino-1,Mike Rubino,001j000000iwxaeaa1,The Academy,MB,World Class,5,-0.3679,-0.8032,-0.1415,0.3738,-1.1006,0.3648,0.7511,0.4,-0.9841,"2017,2018,2022,2023"
judge_corps_caption,b-jones-1,Bruce Jones,001j000000i6lenaa3,Madison Scouts,VP,World Class,14,0.222,0.4172,0.1413,0.1002,0.0256,0.4184,0.3309,0.6429,2.215,"2013,2014,2015,2018,2019,2022,2023,2025"
judge_corps_caption,j-sturgeon-1,Jim Sturgeon,001j000000iwwsoaal,Blue Knights,VP,World Class,15,-0.2166,-0.0141,-0.1413,0.2847,-0.7746,0.3413,0.6348,0.6,-0.7609,"2014,2018,2019,2022,2023,2024,2025"
judge_corps_caption,m-griffin-1,Marty Griffin,001j000000iwxakaa1,Vanguard Cadets,MP,Open Class,10,0.2541,0.2221,0.1412,0.4217,-0.5725,1.0808,0.9395,0.6,0.6026,"2013,2014,2015,2016,2017,2018"
judge_corps_caption,m-mcgahey-1,Mark McGahey,001j000000h3xwcaav,Santa Clara Vanguard,MB,World Class,8,-0.2821,-0.6715,-0.141,0.7349,-1.7225,1.1583,1.5877,0.625,-0.3838,"2013,2014,2015,2017,2025"
judge_corps_caption,j-sturgeon-1,Jim Sturgeon,001j000000iwx9aaat,Crossmen,VP,World Class,10,-0.2539,-0.0701,-0.141,0.4959,-1.2259,0.7182,0.7592,0.7,-0.5119,"2014,2018,2019,2022,2023,2024"
judge_corps_caption,a-lo-1,Albert Lo,001j000000iwxa6aal,Oregon Crusaders,MB,World Class,5,-0.3663,-0.2614,-0.1409,0.5027,-1.3517,0.619,0.8286,0.4,-0.7286,"2013,2014,2015,2018"
judge_corps_caption,c-raichle-1,Chris Raichle,001j000000iwwssaal,Boston Crusaders,VA,World Class,5,0.3662,0.489,0.1409,0.1526,0.0672,0.6653,0.4627,0.8,2.4001,"2015,2017,2018,2019"
judge_corps_caption,b-mascaro-1,Bret Mascaro,001j000000iwwsoaal,Blue Knights,VA,World Class,16,0.211,0.5466,0.1407,0.0919,0.031,0.3911,0.3326,0.6875,2.2972,"2013,2014,2015,2016,2017,2018,2022,2023"
judge_corps_caption,a-dunn-1,Al Dunn,001j000000h3xwcaav,Santa Clara Vanguard,MP,World Class,12,0.2339,0.428,0.1403,0.107,0.0241,0.4437,0.2833,0.8333,2.1852,"2014,2015,2016,2017"
judge_corps_caption,k-baker-1,Keith Baker,001j000000iwx9paad,Gold,GE1,Open Class,9,0.2649,0.6774,0.1402,0.2082,-0.1433,0.673,0.5089,0.6667,1.272,"2013,2016,2022,2023,2024,2025"
judge_corps_caption,j-harper-1,Jeff Harper,001j000000iwxabaa1,Southwind,MB,Open Class,5,-0.3642,-0.2367,-0.1401,0.4857,-1.3162,0.5878,0.924,0.4,-0.7499,"2016,2018,2019"
judge_corps_caption,t-ochran-1,Timothy Ochran,001j000000iwxa0aal,Legends,VA,Open Class,7,0.3,0.142,0.14,0.4753,-0.6317,1.2316,0.9677,0.8571,0.6311,"2013,2017,2018,2019"
judge_corps_caption,f-morris-1,Frank Morris,001j000000iwxa7aal,Pacific Crest,GE1,World Class,7,0.3,0.6236,0.14,0.3227,-0.3325,0.9326,0.6962,0.7143,0.9298,"2013,2015,2016"
judge_corps_caption,c-raichle-1,Chris Raichle,001j000000iwx91aad,Carolina Crown,VA,World Class,5,0.3641,0.4725,0.14,0.1874,-0.0032,0.7314,0.4717,0.8,1.943,"2015,2016,2017,2018"
judge_corps_caption,g-fugett-1,Glenn Fugett,001j000000iwx98aad,Colts,MP,World Class,9,-0.2642,-0.7247,-0.1399,0.4503,-1.1468,0.6183,1.1358,0.5556,-0.5868,"2013,2014,2016,2018,2019"
judge_corps_caption,d-aydelott-1,David Aydelott,001j000000iwx98aad,Colts,MA,World Class,5,-0.3638,-0.4824,-0.1399,0.6122,-1.5637,0.8361,0.9466,0.6,-0.5942,"2018,2019"
judge_corps_caption,g-fugett-1,Glenn Fugett,001j000000iwwslaal,7th Regiment,GE2,Open Class,6,0.3261,-0.2986,0.1398,0.2591,-0.1818,0.8341,0.5729,0.6667,1.2585,"2014,2016,2018,2023,2024,2025"
judge_corps_caption,j-orefice-1,Juno Orefice,001j000000iwxacaa1,Spartans,VA,Open Class,5,0.3634,0.9184,0.1398,0.0508,0.2638,0.463,0.3634,1,7.1526,"2017,2019,2022,2025"
judge_corps_caption,d-carbone-1,Dave Carbone,001j000000iwwssaal,Boston Crusaders,GE2,World Class,7,0.2994,0.3261,0.1397,0.0865,0.13,0.4689,0.3028,0.8571,3.4638,"2013,2016,2018,2023,2025"
judge_corps_caption,j-pursifull-1,Jack Pursifull,001j000000iwxaaaa1,Raiders,VA,Open Class,5,0.3632,0.7786,0.1397,0.205,-0.0386,0.765,0.4501,0.8,1.7717,"2022,2023,2024,2025"
judge_corps_caption,g-howarth-1,Gifford Howarth,001j000000iwxaeaa1,The Academy,MP,World Class,10,0.2512,0.4409,0.1396,0.1087,0.0382,0.4642,0.3222,0.7,2.3113,"2013,2014,2015,2016,2017,2018,2019,2024"
judge_corps_caption,s-adamo-1,Sal Adamo,001j000000iwwsraal,Bluecoats,VA,World Class,13,0.2252,0.3915,0.1394,0.0923,0.0443,0.406,0.326,0.6923,2.4401,"2013,2014,2016,2018,2019,2022,2024"
judge_corps_caption,g-howarth-1,Gifford Howarth,001j000000iwx9paad,Gold,MP,Open Class,11,0.2407,0.4809,0.1394,0.148,-0.0494,0.5308,0.4543,0.6364,1.6263,"2015,2016,2017,2018,2023,2024"
judge_corps_caption,c-rothe-1,Caleb Rothe,001j000000i6lenaa3,Madison Scouts,GE2,World Class,13,0.2252,0.2967,0.1394,0.0869,0.0549,0.3955,0.2522,0.8462,2.5916,"2016,2018,2019,2022,2023,2024,2025"
judge_corps_caption,j-davila-1,Julie Davila,001j000000h3xwcaav,Santa Clara Vanguard,MA,World Class,11,0.2408,0.077,0.1394,0.2358,-0.2214,0.7029,0.6099,0.8182,1.0211,"2018,2019,2025"
judge_corps_caption,m-griffin-1,Marty Griffin,001j000000iwwssaal,Boston Crusaders,MP,World Class,26,-0.1822,0.0791,-0.1393,0.2603,-0.6924,0.328,0.6572,0.5769,-0.6999,"2013,2014,2015,2017,2018,2023,2025"
judge_corps_caption,c-raichle-1,Chris Raichle,001j000000iwxa3aal,Mandarins,CG,World Class,11,0.2406,0.5277,0.1393,0.0619,0.1192,0.3619,0.2538,0.8182,3.8849,"2016,2017,2018,2019,2022,2023,2024"
judge_corps_caption,c-raichle-1,Chris Raichle,001j000000iwwslaal,7th Regiment,VA,Open Class,6,-0.3245,-1.222,-0.1391,0.7761,-1.8457,1.1968,1.6111,0.3333,-0.418,"2015,2016,2017,2018,2019"
judge_corps_caption,k-turner-1,Ken Turner,001j000000iwxa7aal,Pacific Crest,GE2,World Class,16,0.2085,0.613,0.139,0.2098,-0.2027,0.6196,0.573,0.75,0.9938,"2013,2014,2015,2016,2017,2018,2019,2022,2025"
judge_corps_caption,j-sturgeon-1,Jim Sturgeon,001j000000h3xwcaav,Santa Clara Vanguard,VA,World Class,7,0.2977,0.2607,0.1389,0.2184,-0.1305,0.7258,0.578,0.8571,1.3628,"2014,2018,2024"
judge_corps_caption,r-solomon-1,Robert Solomon,001j000000iwx9waad,Jersey Surf,VP,World Class,9,-0.2623,-0.263,-0.1389,0.3779,-1.0031,0.4784,0.5685,0.5556,-0.6941,"2014,2015,2016,2017,2019"
judge_corps_caption,g-howarth-1,Gifford Howarth,001j000000iwxakaa1,Vanguard Cadets,MP,Open Class,10,0.2499,0.5384,0.1389,0.1505,-0.045,0.5449,0.4126,0.6,1.661,"2015,2016,2017,2018"
judge_corps_caption,r-comfort-1,Ron Comfort,001j000000h3xwcaav,Santa Clara Vanguard,VP,World Class,5,0.3608,0.4459,0.1388,0.4215,-0.4653,1.1869,0.8106,0.8,0.8561,"2016,2018,2022"
judge_corps_caption,r-solomon-1,Robert Solomon,001j000000iwx95aad,Vessel,CG,Open Class,7,0.2974,0.1087,0.1388,0.501,-0.6845,1.2793,1.1863,0.5714,0.5936,"2018,2019,2023,2024"
judge_corps_caption,r-kemp-1,Richard Kemp,001j000000iwxafaa1,The Cavaliers,GE1,World Class,27,-0.1794,-0.3514,-0.1384,0.2664,-0.7014,0.3427,0.9112,0.6667,-0.6734,"2013,2014,2015,2016,2017,2018"
judge_corps_caption,w-dillon-1,Wayne Dillon,001j000000iwx91aad,Carolina Crown,MB,World Class,11,0.2391,0.237,0.1384,0.2162,-0.1847,0.6628,0.6326,0.8182,1.1058,"2014,2015,2016,2017,2018,2024"
judge_corps_caption,m-leitzke-1,Mike Leitzke,001j000000iwwslaal,7th Regiment,MP,Open Class,15,0.2122,0.316,0.1384,0.1892,-0.1587,0.5831,0.6082,0.4667,1.1215,"2015,2016,2017,2018,2019,2023,2024"
judge_corps_caption,m-mullinix-1,Max Mullinix,001j000000iwwsoaal,Blue Knights,MP,World Class,7,0.296,0.4314,0.1381,0.1788,-0.0543,0.6464,0.3992,0.7143,1.656,"2013,2014,2015,2017"
judge_corps_caption,s-page-1,Steven Page,001j000000i6kfgaan,The Cadets,MB,World Class,13,-0.2231,-0.0628,-0.1381,0.5364,-1.2745,0.8283,0.7948,0.9231,-0.4158,"2014,2015,2016,2017,2018,2022"
judge_corps_caption,g-oliviero-1,George Oliviero,001j000000iwwssaal,Boston Crusaders,GE1,World Class,6,-0.3222,-0.874,-0.1381,0.7716,-1.8345,1.1901,1.4496,0.6667,-0.4176,"2014,2018,2019,2022,2023"
judge_corps_caption,j-davila-1,Julie Davila,001j000000iwxadaa1,Spirit of Atlanta,MP,World Class,8,0.2763,0.1289,0.1381,0.1024,0.0757,0.4769,0.2924,0.625,2.6991,"2016,2017,2023,2024"
judge_corps_caption,g-miller-1,Gerry Miller,001j000000iwx9paad,Gold,GE2,Open Class,8,0.2759,0.3276,0.138,0.1853,-0.0872,0.639,0.5105,0.625,1.4892,"2019,2022,2023,2024"
judge_corps_caption,c-phillips-1,Chester Phillips,001j000000iwxa0aal,Legends,MB,Open Class,10,0.2482,0.1804,0.1379,0.186,-0.1164,0.6127,0.5371,0.7,1.3343,"2013,2016,2017"
judge_corps_caption,w-dillon-1,Wayne Dillon,001j000000iwwsraal,Bluecoats,GE2,World Class,19,0.1957,0.2072,0.1377,0.0562,0.0854,0.3059,0.2635,0.7895,3.4796,"2013,2014,2015,2016,2018,2019,2022,2024"
judge_corps_caption,m-kelly-1,Mickey Kelly,001j000000i6lenaa3,Madison Scouts,GE1,World Class,14,-0.2164,-0.327,-0.1377,0.4254,-1.0502,0.6174,0.9991,0.7857,-0.5087,"2013,2014,2015,2016,2017,2018,2019"
judge_corps_caption,m-stone-1,Michael Stone,001j000000iwwsqaal,Blue Stars,CG,World Class,7,-0.295,-0.3027,-0.1377,0.8137,-1.8897,1.2998,1.1548,0.8571,-0.3625,"2014,2015,2016,2017,2018"
judge_corps_caption,r-saucedo-1,Richard Saucedo,001j000000iwx9saad,Guardians,GE2,Open Class,5,0.358,0.4645,0.1377,0.288,-0.2064,0.9223,0.5666,0.8,1.2431,"2017,2019"
judge_corps_caption,j-kennedy-1,Jay Kennedy,001j000000iwx9aaat,Crossmen,GE2,World Class,7,0.2948,0.1002,0.1376,0.5333,-0.7504,1.3401,1.0758,0.8571,0.5529,"2013,2014,2015,2016,2017,2019"
judge_corps_caption,g-markham-1,Garland Markham,001j000000iwwsqaal,Blue Stars,MA,World Class,7,0.2949,0.5697,0.1376,0.0632,0.171,0.4188,0.2949,1,4.6656,"2014,2015,2016,2017"
judge_corps_caption,j-sturgeon-1,Jim Sturgeon,001j000000iwxa3aal,Mandarins,VP,World Class,13,0.2222,0.4504,0.1375,0.1301,-0.0329,0.4772,0.4064,0.7692,1.7074,"2014,2016,2018,2019,2022,2023"
judge_corps_caption,g-oliviero-1,George Oliviero,001j000000h3xrnaav,Phantom Regiment,CG,World Class,6,0.3204,-0.128,0.1373,0.5256,-0.7098,1.3507,1.0654,0.8333,0.6096,"2013,2015,2016,2017"
judge_corps_caption,j-campbell-1,Jackie Campbell,001j000000iwx9paad,Gold,CG,Open Class,5,0.3571,0.5327,0.1373,0.2779,-0.1876,0.9018,0.561,0.6,1.2849,"2023,2024,2025"
judge_corps_caption,w-dillon-1,Wayne Dillon,001j000000iwxajaa1,Troopers,MB,World Class,6,-0.3197,-0.3137,-0.137,0.4105,-1.1243,0.4848,0.7367,0.5,-0.779,"2014,2015,2016,2017,2018"
judge_corps_caption,m-griffin-1,Marty Griffin,001j000000iwxafaa1,The Cavaliers,MA,World Class,6,0.3194,0.3709,0.1369,0.2427,-0.1563,0.7952,0.6024,0.8333,1.3161,"2014,2022,2024"
judge_corps_caption,k-turner-1,Ken Turner,001j000000iwxajaa1,Troopers,MA,World Class,9,-0.2581,-0.4577,-0.1366,0.6537,-1.5394,1.0232,1.4459,0.6667,-0.3948,"2013,2016,2017,2018,2019,2022,2025"
judge_corps_caption,k-turner-1,Ken Turner,001j000000iwxa5aal,Music City,GE2,Open Class,6,-0.3187,-0.1577,-0.1366,0.5763,-1.4483,0.8109,0.8495,0.6667,-0.5529,"2013,2016,2017,2018,2019,2024"
judge_corps_caption,g-miller-1,Gerry Miller,001j000000iwxa3aal,Mandarins,GE2,World Class,9,0.258,0.488,0.1366,0.0992,0.0635,0.4525,0.3237,0.7778,2.5994,"2022,2023,2024,2025"
judge_corps_caption,f-miller-1,Frank Miller,001j000000iwx98aad,Colts,VA,World Class,11,0.2358,0.4859,0.1365,0.061,0.1162,0.3555,0.2642,0.8182,3.8642,"2013,2014,2015,2016,2017"
judge_corps_caption,k-baker-1,Keith Baker,001j000000iwxa0aal,Legends,VA,Open Class,13,-0.2204,0.0298,-0.1364,0.3585,-0.9231,0.4823,1.0224,0.6923,-0.6148,"2013,2014,2015,2016,2017,2018,2019"
judge_corps_caption,j-bell-1,John Bell,001j000000iwxafaa1,The Cavaliers,GE2,World Class,20,-0.1909,-0.0399,-0.1363,0.2827,-0.745,0.3632,0.5356,0.55,-0.6751,"2013,2015,2016,2017,2018,2019,2022"
judge_corps_caption,d-torchia-1,Debbie Torchia,001j000000i6i9saav,Blue Devils,VA,World Class,15,0.209,0.32,0.1363,0.1067,-0.0002,0.4182,0.3487,0.8,1.9584,"2013,2014,2015,2016,2017,2018,2019,2025"
judge_corps_caption,l-carlson-1,Lee Carlson,001j000000iwxafaa1,The Cavaliers,CG,World Class,6,0.3181,0.3945,0.1363,0.1514,0.0215,0.6148,0.3914,0.8333,2.1018,"2013,2014,2015,2016"
judge_corps_caption,p-madden-1,Phil Madden,001j000000i6i9saav,Blue Devils,VA,World Class,10,0.2454,0.4643,0.1363,0.1573,-0.0628,0.5536,0.4829,0.8,1.5605,"2015,2016,2019,2022,2023"
judge_corps_caption,m-hoskins-1,Mark Hoskins,001j000000iwxajaa1,Troopers,MB,World Class,17,-0.2,-0.062,-0.136,0.413,-1.0095,0.6095,0.9661,0.7059,-0.4842,"2016,2017,2019,2022,2023,2024,2025"
judge_corps_caption,m-mccourt-1,Meghan McCourt,001j000000iwwsoaal,Blue Knights,GE1,World Class,6,-0.3174,-0.0607,-0.136,0.1522,-0.6157,-0.019,0.358,0.1667,-2.0849,"2019,2022,2025"
judge_corps_caption,m-tarr-1,Mike Tarr,001j000000iwx9paad,Gold,VP,Open Class,5,0.3535,0.5372,0.136,0.3295,-0.2923,0.9993,0.6538,0.8,1.0729,"2022,2023,2024"
judge_corps_caption,c-phillips-1,Chester Phillips,001j000000iwwsoaal,Blue Knights,MB,World Class,14,0.2135,0.4615,0.1359,0.1342,-0.0495,0.4765,0.4181,0.7143,1.5908,"2013,2016,2017,2018,2019,2022,2025"
judge_corps_caption,l-carlson-1,Lee Carlson,001j000000iwx93aad,Seattle Cascades,GE1,World Class,6,0.3172,0.6854,0.1359,0.2278,-0.1293,0.7637,0.4898,0.6667,1.3925,"2013,2015,2016"
judge_corps_caption,m-davis-1,Mike Davis,001j000000iwwsraal,Bluecoats,MP,World Class,11,-0.2345,-0.0246,-0.1358,0.3384,-0.8977,0.4287,0.5284,0.5455,-0.6931,"2013,2017,2018,2019,2023,2024"
judge_corps_caption,c-nelson-1,Carl Nelson,001j000000iwxaeaa1,The Academy,VA,World Class,11,-0.2346,-1.3746,-0.1358,0.5941,-1.3992,0.9299,1.5827,0.5455,-0.3949,"2015,2017,2018,2019,2022,2023"
judge_corps_caption,p-furnari-1,Peter Furnari,001j000000iwwslaal,7th Regiment,MA,Open Class,6,-0.3167,0.1552,-0.1357,0.4355,-1.1702,0.5368,0.7382,0.5,-0.7273,"2018,2025"
judge_corps_caption,m-turner-1,Michael Turner,001j000000iwxafaa1,The Cavaliers,VP,World Class,18,0.1959,0.3385,0.1356,0.1171,-0.0337,0.4255,0.4554,0.6111,1.6724,"2013,2014,2015,2016,2017,2018,2023,2024"
judge_corps_caption,r-solomon-1,Robert Solomon,001j000000i6lenaa3,Madison Scouts,VP,World Class,11,-0.2342,-0.2502,-0.1356,0.4763,-1.1677,0.6994,0.7543,0.7273,-0.4917,"2014,2015,2016,2017,2019,2025"
judge_corps_caption,m-anderson-1,Mike Anderson,001j000000i6i9saav,Blue Devils,GE1,World Class,12,0.2259,0.5691,0.1356,0.0759,0.0772,0.3747,0.2818,0.8333,2.9771,"2014,2015,2018,2019"
judge_corps_caption,b-fabrizio-1,Beth Fabrizio,001j000000iwwsqaal,Blue Stars,MB,World Class,9,-0.2561,-0.1944,-0.1356,0.4778,-1.1925,0.6803,0.9643,0.7778,-0.536,"2014,2017,2018,2022,2023"
judge_corps_caption,b-jones-1,Bruce Jones,001j000000iwxa7aal,Pacific Crest,GE1,World Class,5,-0.3523,0.0333,-0.1355,0.1428,-0.6321,-0.0725,0.3523,0,-2.4676,"2013,2014,2022,2023,2025"
judge_corps_caption,c-nelson-1,Carl Nelson,001j000000iwx9vaad,Incognito,VA,Open Class,5,-0.3522,-0.4564,-0.1355,0.3067,-0.9534,0.249,0.5909,0.2,-1.1483,"2015,2016,2018,2019"
judge_corps_caption,j-sturgeon-1,Jim Sturgeon,001j000000iwxafaa1,The Cavaliers,VP,World Class,8,0.2709,0.4435,0.1354,0.0932,0.0882,0.4536,0.3241,0.875,2.9059,"2014,2019,2022,2023"
judge_corps_caption,c-guard-1,Color Guard,001j000000iwxaeaa1,The Academy,VA,World Class,5,0.3514,0.7051,0.1351,0.1311,0.0944,0.6084,0.3595,0.8,2.6801,"2014,2016,2017,2019"
judge_corps_caption,r-solomon-1,Robert Solomon,001j000000iwxacaa1,Spartans,VP,Open Class,5,-0.3512,-0.7386,-0.1351,0.8708,-2.0579,1.3556,1.2125,0.6,-0.4033,"2015,2019,2022"
judge_corps_caption,d-padilla-1,Damon Padilla,001j000000iwx98aad,Colts,CG,World Class,5,-0.3511,-0.4101,-0.135,0.9674,-2.2471,1.545,1.3207,0.6,-0.3629,"2022,2023,2025"
judge_corps_caption,k-giese-1,Ken Giese,001j000000i6lenaa3,Madison Scouts,VA,World Class,27,-0.1749,0.031,-0.1349,0.203,-0.5728,0.223,0.6896,0.5556,-0.8614,"2013,2014,2015,2016,2017,2018,2019,2022"
judge_corps_caption,j-gilley-1,Jackie Gilley,001j000000iwxakaa1,Vanguard Cadets,CG,Open Class,5,0.3508,0.642,0.1349,0.2713,-0.1809,0.8825,0.5736,0.6,1.2931,"2013,2015,2018,2019,2022"
judge_corps_caption,k-miller-1,Kyle Miller,001j000000iwwsqaal,Blue Stars,VP,World Class,8,0.2695,0.2493,0.1348,0.2409,-0.2026,0.7417,0.6512,0.75,1.1189,"2013,2015,2016,2019,2023,2024"
judge_corps_caption,s-adamo-1,Sal Adamo,001j000000iwwsoaal,Blue Knights,VA,World Class,6,0.3146,0.4826,0.1348,0.0789,0.1599,0.4693,0.3146,1,3.9858,"2014,2016,2019,2022,2023"
judge_corps_caption,w-chumley-1,William Chumley,001j000000iwxaeaa1,The Academy,CG,World Class,10,-0.2426,-0.0105,-0.1348,0.3075,-0.8454,0.3601,0.5099,0.4,-0.789,"2016,2017,2018,2019,2022,2023"
judge_corps_caption,m-mcgahey-1,Mark McGahey,001j000000i6lenaa3,Madison Scouts,GE2,World Class,10,0.2425,0.165,0.1347,0.1473,-0.0462,0.5313,0.4034,0.7,1.6461,"2014,2017,2019,2023"
judge_corps_caption,j-gilley-1,Jackie Gilley,001j000000iwxa1aal,Les Stentors,GE1,Open Class,5,0.3503,1.0076,0.1347,0.2827,-0.2039,0.9045,0.5544,0.6,1.239,"2015,2019,2024"
judge_corps_caption,r-comfort-1,Ron Comfort,001j000000iwx99aad,Columbians,VP,Open Class,6,0.3143,0.3384,0.1347,0.2823,-0.239,0.8675,0.5618,0.8333,1.1133,"2016,2018,2019,2022"
judge_corps_caption,g-miller-1,Gerry Miller,001j000000iwxaeaa1,The Academy,GE2,World Class,8,-0.2695,-0.0554,-0.1347,0.1633,-0.5896,0.0507,0.3557,0.25,-1.6498,"2022,2023,2024,2025"
judge_corps_caption,p-mcgarr-1,Paul McGarr,001j000000iwxaeaa1,The Academy,MB,World Class,21,0.1858,0.1663,0.1345,0.169,-0.1455,0.5171,0.5854,0.8095,1.099,"2013,2014,2015,2016,2017,2018,2019,2023,2024,2025"
judge_corps_caption,j-wilson-1,Jeff Wilson,001j000000iwx9vaad,Incognito,MA,Open Class,5,-0.3497,0.1679,-0.1345,0.1291,-0.6026,-0.0967,0.3551,0.2,-2.7091,"2017,2018,2019"
judge_corps_caption,w-chumley-1,William Chumley,001j000000iwxa7aal,Pacific Crest,VA,World Class,6,0.3138,0.375,0.1345,0.0727,0.1714,0.4562,0.3138,1,4.3189,"2017,2018,2019,2023,2025"
judge_corps_caption,j-gilley-1,Jackie Gilley,001j000000iwxaeaa1,The Academy,GE1,World Class,5,-0.3493,-0.2368,-0.1344,0.2137,-0.7681,0.0695,0.3493,0,-1.6348,"2014,2019,2023,2024,2025"
judge_corps_caption,g-markham-1,Garland Markham,001j000000iwx9aaat,Crossmen,MA,World Class,8,0.2689,0.5252,0.1344,0.1185,0.0366,0.5012,0.3354,0.875,2.2685,"2014,2016,2017,2019"
judge_corps_caption,m-griffin-1,Marty Griffin,001j000000i6i9saav,Blue Devils,MP,World Class,28,0.1727,0.4273,0.1343,0.1397,-0.1012,0.4466,0.5033,0.8571,1.2359,"2013,2014,2015,2017,2018,2022,2023,2025"
judge_corps_caption,m-thompson-1,Michael Thompson,001j000000iwxakaa1,Vanguard Cadets,CG,Open Class,7,0.2877,0.7966,0.1343,0.2526,-0.2073,0.7828,0.5884,0.7143,1.1392,"2013,2016,2017"
judge_corps_caption,f-miller-1,Frank Miller,001j000000iwx9aaat,Crossmen,VA,World Class,7,-0.2877,-0.0433,-0.1343,0.399,-1.0698,0.4944,0.6085,0.5714,-0.721,"2013,2015,2016"
judge_corps_caption,w-chumley-1,William Chumley,001j000000iwxadaa1,Spirit of Atlanta,VP,World Class,5,0.3493,0.2583,0.1343,0.1432,0.0687,0.6299,0.3493,1,2.4396,"2014,2017,2018,2023"
judge_corps_caption,j-howell-1,John Howell,001j000000iwxa3aal,Mandarins,GE1,World Class,15,0.2058,0.2131,0.1342,0.1694,-0.1262,0.5378,0.4976,0.6667,1.2148,"2015,2016,2017,2018,2019,2023,2024,2025"
judge_corps_caption,r-greenwell-1,Randy Greenwell,001j000000iwxacaa1,Spartans,MA,Open Class,6,-0.3128,-0.1007,-0.1341,0.1172,-0.5425,-0.0832,0.3151,0.1667,-2.6697,"2013,2015,2016,2018,2022"
judge_corps_caption,b-fabrizio-1,Beth Fabrizio,001j000000iwxaaaa1,Raiders,MB,Open Class,9,-0.2534,0.131,-0.1341,0.1917,-0.6291,0.1224,0.3569,0.5556,-1.3215,"2014,2019,2022,2023,2024"
judge_corps_caption,h-nguyen-1,Hieu Nguyen,001j000000iwx9waad,Jersey Surf,CG,World Class,19,-0.1905,-0.0428,-0.1341,0.2052,-0.5928,0.2118,0.6277,0.6316,-0.9282,"2015,2016,2017,2018,2019,2022"
judge_corps_caption,m-hoskins-1,Mark Hoskins,001j000000qzs1qaaf,River City Rhythm,MB,Open Class,10,-0.2415,0.1203,-0.1341,0.5794,-1.377,0.8941,1.4338,0.5,-0.4168,"2015,2016,2017,2019,2022,2024"
judge_corps_caption,k-young-1,Kyle Young,001j000000iwx98aad,Colts,MA,World Class,11,-0.2317,-0.2548,-0.1341,0.4402,-1.0944,0.631,0.7752,0.7273,-0.5264,"2019,2022,2023,2024,2025"
judge_corps_caption,r-greenwell-1,Randy Greenwell,001j000000iwx97aad,Colt Cadets,GE2,Open Class,6,0.3126,0.3606,0.134,0.2492,-0.1758,0.801,0.5833,0.8333,1.2544,"2013,2014,2019"
judge_corps_caption,j-pipitone-1,JJ Pipitone,001j000000iwwsraal,Bluecoats,MP,World Class,5,0.3478,0.5207,0.1338,0.1612,0.0319,0.6637,0.4503,0.8,2.1581,"2013,2015"
judge_corps_caption,a-cook-1,Andrew Cook,001j000000iwx98aad,Colts,MA,World Class,6,-0.3122,-0.6016,-0.1338,0.8954,-2.0672,1.4428,1.2501,0.8333,-0.3487,"2013,2015,2017,2018,2022,2024"
judge_corps_caption,t-fox-1,Todd Fox,001j000000iwx9paad,Gold,MA,Open Class,8,0.2676,0.7907,0.1338,0.2342,-0.1914,0.7265,0.4948,0.5,1.1427,"2015,2024,2025"
judge_corps_caption,l-carlson-1,Lee Carlson,001j000000iwx9waad,Jersey Surf,GE1,World Class,5,0.3471,0.7062,0.1335,0.1534,0.0464,0.6477,0.356,0.8,2.2624,"2015,2016"
judge_corps_caption,d-torchia-1,Debbie Torchia,001j000000iwxafaa1,The Cavaliers,CG,World Class,11,-0.2305,-0.3541,-0.1334,0.5345,-1.2782,0.8172,0.8176,0.7273,-0.4312,"2013,2014,2015,2016,2017,2018,2025"
judge_corps_caption,t-fox-1,Todd Fox,001j000000iwxa3aal,Mandarins,MP,World Class,7,0.2859,0.6825,0.1334,0.1546,-0.0171,0.5889,0.3321,0.7143,1.8492,"2013,2014,2016,2022"
judge_corps_caption,a-lo-1,Albert Lo,001j000000iwxajaa1,Troopers,MB,World Class,8,-0.2665,-0.1236,-0.1333,0.6648,-1.5696,1.0366,0.9424,0.75,-0.4009,"2013,2014,2015,2018"
judge_corps_caption,h-nguyen-1,Hieu Nguyen,001j000000iwwsraal,Bluecoats,CG,World Class,17,-0.1961,-0.041,-0.1333,0.196,-0.5802,0.188,0.4954,0.7059,-1.0006,"2014,2016,2017,2018,2019,2022,2024"
judge_corps_caption,j-gilley-1,Jackie Gilley,001j000000iwxa5aal,Music City,CG,Open Class,5,0.3464,0.5477,0.1332,0.3175,-0.2758,0.9687,0.5518,0.6,1.0912,"2013,2015,2017,2023,2024"
judge_corps_caption,a-dunn-1,Al Dunn,001j000000iwxajaa1,Troopers,MP,World Class,11,-0.2301,-0.0414,-0.1332,0.4175,-1.0483,0.5882,0.7054,0.5455,-0.5511,"2014,2015,2016,2017,2019"
judge_corps_caption,w-dillon-1,Wayne Dillon,001j000000iwwssaal,Boston Crusaders,MB,World Class,11,0.2299,0.2292,0.1331,0.3013,-0.3607,0.8205,0.8404,0.8182,0.7628,"2013,2014,2015,2016,2017,2018,2019,2024"
judge_corps_caption,c-raichle-1,Chris Raichle,001j000000i6kfgaan,The Cadets,VA,World Class,6,0.3105,0.4095,0.1331,0.0417,0.2287,0.3922,0.3105,1,7.4412,"2015,2016,2017,2018,2019"
judge_corps_caption,j-bell-1,John Bell,001j000000iwxa7aal,Pacific Crest,MB,World Class,6,0.31,0.5877,0.1329,0.2062,-0.0942,0.7142,0.4356,0.8333,1.5032,"2013,2015,2016,2017"
judge_corps_caption,c-costanza-1,Curtis Costanza,001j000000iwwsoaal,Blue Knights,VP,World Class,6,-0.3098,-0.4048,-0.1328,0.3655,-1.0261,0.4066,0.7063,0.3333,-0.8476,"2018,2019,2022,2023"
judge_corps_caption,j-howell-1,John Howell,001j000000iwxafaa1,The Cavaliers,GE1,World Class,18,0.1917,0.1573,0.1327,0.1508,-0.104,0.4873,0.4902,0.8333,1.2705,"2014,2015,2016,2017,2018,2019,2023,2024,2025"
judge_corps_caption,t-slaughter-1,Tom Slaughter,001j000000iwx9aaat,Crossmen,VA,World Class,7,0.2843,0.6211,0.1327,0.0941,0.0999,0.4687,0.3069,0.8571,3.0217,"2022,2023,2025"
judge_corps_caption,d-carbone-1,Dave Carbone,001j000000i6i9saav,Blue Devils,MP,World Class,7,-0.2842,-0.3142,-0.1326,0.6376,-1.5339,0.9656,1.0003,0.7143,-0.4456,"2013,2014,2016,2019,2024"
judge_corps_caption,j-prosperie-1,Jeff Prosperie,001j000000iwxadaa1,Spirit of Atlanta,MP,World Class,24,-0.1768,-0.041,-0.1326,0.1895,-0.5483,0.1946,0.6303,0.5,-0.9331,"2013,2014,2015,2016,2017,2018,2019,2024,2025"
judge_corps_caption,k-young-1,Kyle Young,001j000000iwx93aad,Seattle Cascades,MA,World Class,5,0.3446,0.3103,0.1326,0.3829,-0.4058,1.095,0.5438,0.4,0.9002,"2023,2024,2025"
judge_corps_caption,d-torchia-1,Debbie Torchia,001j000000h3xwcaav,Santa Clara Vanguard,VA,World Class,13,0.214,0.326,0.1325,0.0887,0.0401,0.3878,0.3093,0.7692,2.4127,"2013,2014,2015,2016,2017,2018,2025"
judge_corps_caption,t-hall-1,Troy Hall,001j000000iwxa7aal,Pacific Crest,MP,World Class,8,-0.265,0.2769,-0.1325,0.1924,-0.6421,0.1121,0.5326,0.25,-1.3773,"2015,2016,2017,2018,2019,2022,2023"
judge_corps_caption,c-rothe-1,Caleb Rothe,001j000000iwx93aad,Seattle Cascades,GE2,World Class,9,-0.2503,-0.1339,-0.1325,0.2534,-0.7471,0.2464,0.4834,0.3333,-0.9878,"2016,2018,2023,2024,2025"
judge_corps_caption,r-solomon-1,Robert Solomon,001j000000iwx97aad,Colt Cadets,VP,Open Class,5,0.3442,-0.0627,0.1324,0.4147,-0.4686,1.157,0.8132,0.8,0.8299,"2015,2016,2019,2022"
judge_corps_caption,k-kuhn-1,Kim Kuhn,001j000000iwxa1aal,Les Stentors,VP,Open Class,7,-0.2838,-0.1995,-0.1324,0.1916,-0.6594,0.0917,0.394,0.4286,-1.4812,"2016,2017,2019,2023"
judge_corps_caption,c-rothe-1,Caleb Rothe,001j000000iwx9aaat,Crossmen,MP,World Class,6,0.3085,0.1206,0.1322,0.1525,0.0096,0.6075,0.4135,0.8333,2.0229,"2013,2014,2015"
judge_corps_caption,k-miller-1,Kyle Miller,001j000000iwxajaa1,Troopers,VP,World Class,9,-0.2497,-0.2673,-0.1322,0.468,-1.167,0.6675,0.9249,0.6667,-0.5336,"2013,2015,2017,2018,2019,2022,2023"
judge_corps_caption,c-nelson-1,Carl Nelson,001j000000iwx9paad,Gold,VP,Open Class,20,-0.1849,0.0432,-0.1321,0.3719,-0.9139,0.544,1.148,0.55,-0.4972,"2013,2014,2016,2017,2019,2022,2023,2024"
judge_corps_caption,j-harper-1,Jeff Harper,001j000000i6kfgaan,The Cadets,GE2,World Class,7,0.283,0.1146,0.1321,0.1628,-0.0361,0.6021,0.452,0.8571,1.7385,"2013,2014,2016,2018,2023"
judge_corps_caption,g-fugett-1,Glenn Fugett,001j000000iwxa1aal,Les Stentors,GE2,Open Class,7,0.283,-0.3582,0.1321,0.2827,-0.2711,0.8371,0.6158,0.7143,1.001,"2014,2016,2023,2024,2025"
judge_corps_caption,t-wemhoff-1,Ted Wemhoff,001j000000iwxaaaa1,Raiders,GE1,Open Class,5,0.3432,0.4908,0.132,0.3746,-0.3911,1.0775,0.6611,0.6,0.9161,"2018,2019,2022,2024"
judge_corps_caption,k-giese-1,Ken Giese,001j000000iwx9waad,Jersey Surf,VA,World Class,13,0.2131,0.4222,0.1319,0.2728,-0.3216,0.7479,0.7889,0.6923,0.7813,"2013,2014,2016,2017,2018,2019"
judge_corps_caption,d-davis-1,Darrin Davis,001j000000iwxa7aal,Pacific Crest,GE2,World Class,14,-0.2072,-0.3189,-0.1318,0.2891,-0.7737,0.3594,0.5595,0.4286,-0.7168,"2013,2014,2015,2016,2017,2023,2024"
judge_corps_caption,w-rickart-1,Warren Rickart,001j000000iwx9aaat,Crossmen,CG,World Class,5,-0.3427,0.0506,-0.1318,0.4215,-1.1689,0.4834,0.618,0.6,-0.8132,"2019,2024"
judge_corps_caption,n-jones-1,Nola Jones,001j000000h3xwcaav,Santa Clara Vanguard,MB,World Class,5,-0.3425,-1.4349,-0.1317,1.1036,-2.5055,1.8206,1.9723,0.6,-0.3103,"2013,2015,2019,2025"
judge_corps_caption,c-armbruster-1,Chad Armbruster,001j000000iwxaeaa1,The Academy,MB,World Class,5,0.3421,0.176,0.1316,0.1996,-0.0492,0.7334,0.4355,0.8,1.7137,"2016,2017,2019,2024"
judge_corps_caption,k-shuttlesworth-1,Kim Shuttlesworth,001j000000i6lenaa3,Madison Scouts,MB,World Class,6,0.3071,0.5665,0.1316,0.181,-0.0477,0.662,0.3896,0.8333,1.6964,"2019,2022,2024,2025"
judge_corps_caption,m-czapinksi-1,Marie Czapinksi,001j000000i6kfgaan,The Cadets,GE1,World Class,8,0.263,-0.2979,0.1315,0.6503,-1.0117,1.5377,1.3182,0.875,0.4044,"2013,2014,2015"
judge_corps_caption,p-mcgarr-1,Paul McGarr,001j000000iwxajaa1,Troopers,MB,World Class,21,0.1814,0.1794,0.1314,0.0864,0.0122,0.3507,0.3567,0.7143,2.1008,"2013,2014,2015,2016,2017,2018,2019,2023,2025"
judge_corps_caption,j-wilson-1,Jeff Wilson,001j000000iwwsoaal,Blue Knights,MP,World Class,10,-0.2365,-0.4826,-0.1314,0.4965,-1.2096,0.7365,1.2498,0.6,-0.4765,"2015,2017,2018,2022,2024,2025"
judge_corps_caption,k-weirich-1,Kyle Weirich,001j000000iwxaaaa1,Raiders,MA,Open Class,6,0.3067,0.9575,0.1314,0.0842,0.1416,0.4717,0.3184,0.8333,3.6424,"2016,2019,2022"
judge_corps_caption,r-greenwell-1,Randy Greenwell,001j000000iwxafaa1,The Cavaliers,MA,World Class,11,-0.2268,-0.1754,-0.1313,0.5131,-1.2324,0.7789,0.8609,0.8182,-0.442,"2014,2015,2016,2018,2019,2022"
judge_corps_caption,k-giese-1,Ken Giese,001j000000iwwsqaal,Blue Stars,GE1,World Class,5,0.3414,0.4524,0.1313,0.543,-0.723,1.4057,1.0478,0.6,0.6286,"2018,2019,2022"
judge_corps_caption,e-martinez-1,Ed Martinez,001j000000iwx9paad,Gold,VA,Open Class,6,-0.3062,0.2044,-0.1312,0.7885,-1.8517,1.2393,1.1959,0.5,-0.3883,"2018,2019,2022,2023"
judge_corps_caption,k-miller-1,Kyle Miller,001j000000iwxa8aal,Pioneer,VP,World Class,7,0.2809,0.2216,0.1311,0.371,-0.4462,1.0081,0.8021,0.7143,0.7572,"2013,2015,2016,2017"
judge_corps_caption,g-fugett-1,Glenn Fugett,001j000000i6kfgaan,The Cadets,MP,World Class,8,-0.2621,-0.731,-0.1311,0.5885,-1.4155,0.8913,1.3756,0.625,-0.4454,"2013,2014,2015,2016,2018,2019"
judge_corps_caption,b-fabrizio-1,Beth Fabrizio,001j000000iwxa0aal,Legends,GE2,Open Class,6,0.3056,0.8343,0.131,0.2624,-0.2087,0.82,0.5375,0.5,1.1646,"2016,2018,2019"
judge_corps_caption,j-barton-1,Jen Barton,001j000000iwx9oaad,Genesis,CG,World Class,5,0.3407,0.6379,0.131,0.3046,-0.2564,0.9378,0.6772,0.8,1.1183,"2024,2025"
judge_corps_caption,k-weirich-1,Kyle Weirich,001j000000iwwsqaal,Blue Stars,MB,World Class,5,0.3402,-0.7163,0.1309,0.8627,-1.3505,2.031,1.5433,0.8,0.3944,"2014,2015,2017,2022,2024"
judge_corps_caption,n-jones-1,Nola Jones,001j000000iwxa0aal,Legends,GE2,Open Class,9,-0.2462,-0.1817,-0.1304,0.2515,-0.7392,0.2467,0.6582,0.3333,-0.9791,"2013,2015,2016,2017,2018"
judge_corps_caption,r-greenwell-1,Randy Greenwell,001j000000i6lenaa3,Madison Scouts,MA,World Class,7,0.2795,0.3078,0.1304,0.0797,0.1232,0.4358,0.2795,1,3.5052,"2015,2016,2019,2022"
judge_corps_caption,t-dempsey-1,Tyler Dempsey,001j000000iwx9aaat,Crossmen,MP,World Class,5,-0.339,-0.1562,-0.1304,0.4032,-1.1292,0.4513,0.6798,0.4,-0.8407,"2018,2022,2023"
judge_corps_caption,p-hinman-1,Paul Hinman,001j000000iwx98aad,Colts,GE2,World Class,5,0.3386,0.7763,0.1302,0.1023,0.1381,0.5391,0.3395,0.8,3.3095,"2013,2014,2016,2017"
judge_corps_caption,c-nelson-1,Carl Nelson,001j000000i6jmbaaf,Blue Devils B,VP,Open Class,19,-0.185,0.0322,-0.1302,0.5287,-1.2213,0.8513,1.4262,0.7368,-0.3499,"2013,2014,2016,2017,2019,2022,2023,2024"
judge_corps_caption,a-cook-1,Andrew Cook,001j000000iwxadaa1,Spirit of Atlanta,MB,World Class,11,0.2248,0.1053,0.1302,0.2127,-0.192,0.6417,0.6185,0.8182,1.0571,"2013,2014,2015,2016,2018,2019,2024"
judge_corps_caption,j-howell-1,John Howell,001j000000iwxafaa1,The Cavaliers,CG,World Class,6,0.3037,0.3051,0.1302,0.0403,0.2247,0.3828,0.3037,1,7.5284,"2013,2014,2015,2018,2019,2023"
judge_corps_caption,m-turner-1,Michael Turner,001j000000iwxa7aal,Pacific Crest,GE1,World Class,7,-0.2791,-0.2319,-0.1302,0.3955,-1.0542,0.4961,0.7574,0.5714,-0.7057,"2013,2014,2015,2017,2018,2023"
judge_corps_caption,j-rhodes-1,Jodie Rhodes,001j000000i6i9saav,Blue Devils,GE2,World Class,9,0.246,0.6337,0.1302,0.1373,-0.023,0.515,0.3265,0.6667,1.7923,"2022,2023,2024,2025"
judge_corps_caption,a-kristensen-1,Allan Kristensen,001j000000iwxa7aal,Pacific Crest,MA,World Class,6,-0.3037,-0.6879,-0.1301,0.6881,-1.6523,1.0449,1.4617,0.5,-0.4414,"2014,2016,2019,2023"
judge_corps_caption,r-solomon-1,Robert Solomon,001j000000iwxa7aal,Pacific Crest,VA,World Class,5,-0.3384,-0.2457,-0.1301,0.4139,-1.1497,0.4729,0.7122,0.4,-0.8175,"2015,2016,2017,2023,2025"
judge_corps_caption,m-mullinix-1,Max Mullinix,001j000000iwx9aaat,Crossmen,MP,World Class,5,0.3381,0.451,0.13,0.1645,0.0156,0.6606,0.3701,0.8,2.0546,"2013,2014,2015"
judge_corps_caption,g-howarth-1,Gifford Howarth,001j000000iwxa6aal,Oregon Crusaders,MP,World Class,9,0.2453,0.4291,0.1299,0.3159,-0.3738,0.8645,0.7952,0.7778,0.7767,"2013,2014,2015,2016,2017,2018"
judge_corps_caption,j-harper-1,Jeff Harper,001j000000iwxaeaa1,The Academy,MB,World Class,8,-0.2596,-0.3623,-0.1298,0.363,-0.9711,0.4519,0.8123,0.625,-0.7152,"2013,2014,2016,2017,2019"
judge_corps_caption,b-kuhn-1,Blair Kuhn,001j000000iwxaeaa1,The Academy,GE1,World Class,6,0.3025,0.5318,0.1296,0.152,0.0046,0.6004,0.3578,0.6667,1.9901,"2016,2017,2019,2022"
judge_corps_caption,j-prosperie-1,Jeff Prosperie,001j000000iwxa5aal,Music City,MP,Open Class,14,-0.2035,-0.1685,-0.1295,0.2584,-0.7099,0.303,0.5216,0.5,-0.7874,"2014,2016,2018,2019,2024,2025"
judge_corps_caption,j-kennedy-1,Jay Kennedy,001j000000iwxaeaa1,The Academy,GE2,World Class,9,-0.2444,-0.4266,-0.1294,0.4782,-1.1816,0.6929,1.0016,0.6667,-0.5111,"2014,2016,2017,2018,2019,2022,2025"
judge_corps_caption,a-dunn-1,Al Dunn,001j000000iwxa7aal,Pacific Crest,MP,World Class,11,0.2234,0.42,0.1293,0.1339,-0.0391,0.4858,0.4045,0.7273,1.6679,"2013,2014,2015,2016,2017,2019"
judge_corps_caption,w-dillon-1,Wayne Dillon,001j000000iwx9aaat,Crossmen,MB,World Class,10,0.2328,0.2078,0.1293,0.3875,-0.5268,0.9923,0.9035,0.8,0.6007,"2013,2014,2015,2016,2017,2019,2024"
judge_corps_caption,n-jones-1,Nola Jones,001j000000iwxa7aal,Pacific Crest,MA,World Class,10,-0.2327,-0.7385,-0.1293,0.4325,-1.0804,0.615,0.9729,0.6,-0.5381,"2014,2015,2016,2018,2019,2022,2023"
judge_corps_caption,j-rhodes-1,Jodie Rhodes,001j000000i6kfgaan,The Cadets,GE2,World Class,5,0.3361,0.7099,0.1293,0.1146,0.1115,0.5608,0.3361,1,2.9324,"2022,2023"
judge_corps_caption,m-mcgahey-1,Mark McGahey,001j000000iwwsoaal,Blue Knights,MA,World Class,6,-0.3015,-0.481,-0.1292,0.7049,-1.683,1.08,1.3361,0.6667,-0.4278,"2014,2015,2016,2017"
judge_corps_caption,p-mcgarr-1,Paul McGarr,001j000000iwx9uaad,Impulse,MB,Open Class,7,0.2769,0.1622,0.1292,0.5596,-0.8199,1.3736,1.2444,0.7143,0.4948,"2015,2016,2017,2019"
judge_corps_caption,m-leitzke-1,Mike Leitzke,001j000000i6kfgaan,The Cadets,MP,World Class,18,0.1865,-0.0095,0.1291,0.2651,-0.3332,0.7062,0.6643,0.8889,0.7034,"2015,2016,2017,2018,2019,2022,2023"
judge_corps_caption,m-hoskins-1,Mark Hoskins,001j000000iwxa5aal,Music City,MB,Open Class,20,0.1804,0.3898,0.1289,0.1857,-0.1836,0.5444,0.5517,0.85,0.9715,"2015,2017,2019,2022,2023,2024,2025"
judge_corps_caption,d-thomas-1,Durand Thomas,001j000000iwxajaa1,Troopers,MB,World Class,5,0.3351,0.6555,0.1289,0.527,-0.6978,1.368,1.0206,0.8,0.6358,"2022,2023,2024"
judge_corps_caption,b-fabrizio-1,Beth Fabrizio,001j000000iwx97aad,Colt Cadets,MB,Open Class,11,0.2225,0.5694,0.1288,0.2805,-0.3272,0.7722,0.6741,0.7273,0.7934,"2013,2014,2017,2019,2022,2023,2024,2025"
judge_corps_caption,m-mcgahey-1,Mark McGahey,001j000000iwx91aad,Carolina Crown,GE2,World Class,9,-0.2432,-0.3012,-0.1288,0.5855,-1.3908,0.9043,0.8377,0.8889,-0.4155,"2014,2017,2018,2019,2023"
judge_corps_caption,j-sturgeon-1,Jim Sturgeon,001j000000iwx98aad,Colts,GE1,World Class,5,0.3349,0.2348,0.1288,0.4419,-0.5313,1.2011,0.8747,0.8,0.7578,"2017,2022"
judge_corps_caption,t-slaughter-1,Tom Slaughter,001j000000iwxa7aal,Pacific Crest,VA,World Class,8,0.2576,0.6291,0.1288,0.1538,-0.0437,0.559,0.3748,0.625,1.6755,"2022,2023,2024,2025"
judge_corps_caption,c-moss-1,Chris Moss,001j000000iwwsraal,Bluecoats,VP,World Class,19,0.1829,0.3859,0.1287,0.0714,0.0429,0.3229,0.2852,0.8947,2.5605,"2015,2016,2018,2019,2022,2024,2025"
judge_corps_caption,r-saucedo-1,Richard Saucedo,001j000000iwxaaaa1,Raiders,GE2,Open Class,5,0.3347,0.5007,0.1287,0.1606,0.0199,0.6496,0.3347,1,2.0839,"2017,2019"
judge_corps_caption,m-stone-1,Michael Stone,001j000000iwxa7aal,Pacific Crest,GE1,World Class,22,0.1754,0.0072,0.1286,0.3025,-0.4174,0.7682,0.8429,0.8636,0.58,"2013,2014,2015,2016,2017,2018,2019,2022"
judge_corps_caption,b-fabrizio-1,Beth Fabrizio,001j000000iwxa0aal,Legends,MA,Open Class,8,0.2573,0.89,0.1286,0.3407,-0.4105,0.9251,0.689,0.375,0.7551,"2013,2014,2016,2018"
judge_corps_caption,r-kemp-1,Richard Kemp,001j000000iwxa3aal,Mandarins,GE1,World Class,10,0.2315,0.099,0.1286,0.2044,-0.1691,0.6322,0.5334,0.6,1.1326,"2013,2014,2015,2016,2017"
judge_corps_caption,j-bell-1,John Bell,001j000000iwx98aad,Colts,GE2,World Class,16,-0.1927,-0.032,-0.1285,0.3674,-0.9129,0.5274,0.7224,0.625,-0.5246,"2013,2015,2016,2018,2019,2022"
judge_corps_caption,k-giese-1,Ken Giese,001j000000iwwsqaal,Blue Stars,VA,World Class,30,0.1628,0.3908,0.1285,0.171,-0.1724,0.498,0.7365,0.7,0.9518,"2013,2014,2015,2016,2017,2018,2019,2022"
judge_corps_caption,k-weirich-1,Kyle Weirich,001j000000iwxabaa1,Southwind,MA,Open Class,8,-0.2569,0.4687,-0.1285,0.181,-0.6116,0.0978,0.446,0.25,-1.4197,"2018,2019,2022"
judge_corps_caption,p-furnari-1,Peter Furnari,001j000000iwx9aaat,Crossmen,MP,World Class,11,0.2217,0.4001,0.1283,0.1394,-0.0515,0.4949,0.4405,0.7273,1.5902,"2013,2014,2016,2017,2024"
judge_corps_caption,c-romanowski-1,Chris Romanowski,001j000000iwwsraal,Bluecoats,MA,World Class,13,0.2072,0.3489,0.1283,0.0689,0.0722,0.3421,0.2338,0.7692,3.0089,"2018,2019,2023,2024,2025"
judge_corps_caption,c-costanza-1,Curtis Costanza,001j000000iwx97aad,Colt Cadets,GE1,Open Class,13,-0.2068,0.3336,-0.128,0.2453,-0.6877,0.2741,0.7198,0.4615,-0.8429,"2013,2014,2015,2016,2023,2024,2025"
judge_corps_caption,d-deems-1,Don Deems,001j000000iwxa5aal,Music City,CG,Open Class,8,0.256,0.8091,0.128,0.2557,-0.2452,0.7572,0.6112,0.5,1.0012,"2014,2015,2017,2019,2022,2024"
judge_corps_caption,n-jones-1,Nola Jones,001j000000iwx99aad,Columbians,GE2,Open Class,7,-0.2743,-0.0719,-0.128,0.4453,-1.1471,0.5986,0.6596,0.5714,-0.6158,"2017,2022,2024,2025"
judge_corps_caption,h-nguyen-1,Hieu Nguyen,001j000000iwx9oaad,Genesis,VP,World Class,5,-0.3329,-0.1593,-0.128,0.2238,-0.7715,0.1057,0.4152,0.2,-1.4878,"2017,2018,2023,2025"
judge_corps_caption,k-miller-1,Kyle Miller,001j000000i6lenaa3,Madison Scouts,VP,World Class,12,-0.2131,-0.2582,-0.1279,0.2443,-0.6919,0.2657,0.5998,0.4167,-0.8724,"2013,2015,2017,2019,2022,2023,2024,2025"
judge_corps_caption,g-howarth-1,Gifford Howarth,001j000000h3xwcaav,Santa Clara Vanguard,MP,World Class,10,0.2302,0.4494,0.1279,0.0625,0.1077,0.3528,0.2302,1,3.6828,"2013,2014,2015,2016,2017,2018,2024,2025"
judge_corps_caption,m-anderson-1,Mike Anderson,001j000000iwx9waad,Jersey Surf,GE1,World Class,5,-0.3323,0.0033,-0.1278,0.2227,-0.7687,0.1041,0.3677,0.2,-1.4923,"2014,2015,2019"
judge_corps_caption,b-mascaro-1,Bret Mascaro,001j000000iwx9oaad,Genesis,VA,Open Class,5,-0.332,-0.269,-0.1277,0.5816,-1.4719,0.8079,0.912,0.2,-0.5709,"2013,2016,2017,2023"
judge_corps_caption,b-jones-1,Bruce Jones,001j000000h3xwcaav,Santa Clara Vanguard,VP,World Class,11,0.2204,0.4686,0.1276,0.1236,-0.0219,0.4627,0.3721,0.7273,1.7825,"2013,2014,2015,2016,2019,2025"
judge_corps_caption,k-giese-1,Ken Giese,001j000000iwxafaa1,The Cavaliers,VA,World Class,25,-0.1683,0.0452,-0.1275,0.2576,-0.6732,0.3366,0.7428,0.64,-0.6534,"2013,2014,2015,2016,2017,2018,2019"
judge_corps_caption,t-fox-1,Todd Fox,001j000000iwxa5aal,Music City,MP,Open Class,10,-0.2296,0.0801,-0.1275,0.2129,-0.6469,0.1877,0.3878,0.4,-1.0784,"2014,2016,2017,2019,2022"
judge_corps_caption,p-furnari-1,Peter Furnari,001j000000iwx98aad,Colts,MP,World Class,12,0.2124,0.4035,0.1275,0.1969,-0.1734,0.5983,0.5917,0.75,1.0791,"2014,2015,2016,2017,2019,2024,2025"
judge_corps_caption,p-mcgarr-1,Paul McGarr,001j000000h3xrnaav,Phantom Regiment,MB,World Class,25,-0.1682,-0.1978,-0.1274,0.2833,-0.7235,0.3872,0.6462,0.76,-0.5935,"2013,2014,2015,2016,2017,2018,2019,2023,2024,2025"
judge_corps_caption,m-mcgahey-1,Mark McGahey,001j000000iwwsraal,Bluecoats,MB,World Class,6,0.2972,-0.1244,0.1274,0.3659,-0.4199,1.0143,0.7854,0.8333,0.8123,"2013,2014,2015,2016,2023"
judge_corps_caption,c-nelson-1,Carl Nelson,001j000000iwxaaaa1,Raiders,VP,Open Class,9,-0.2406,-0.0013,-0.1274,0.3149,-0.8579,0.3766,0.7059,0.4444,-0.764,"2014,2016,2017,2019,2024"
judge_corps_caption,m-gray-1,Michael Gray,001j000000iwxajaa1,Troopers,GE1,World Class,9,0.2406,0.3476,0.1274,0.1765,-0.1053,0.5864,0.4665,0.7778,1.3632,"2016,2017,2018,2019,2024"
judge_corps_caption,k-young-1,Kyle Young,001j000000iwx9oaad,Genesis,MA,World Class,6,0.2971,0.3022,0.1273,0.0529,0.1935,0.4007,0.2971,1,5.6192,"2023,2024,2025"
judge_corps_caption,a-dunn-1,Al Dunn,001j000000iwx91aad,Carolina Crown,MP,World Class,16,-0.1907,0.002,-0.1272,0.2575,-0.6954,0.3139,0.5368,0.6875,-0.7409,"2014,2015,2016,2017"
judge_corps_caption,j-queen-1,Jeff Queen,001j000000i6lenaa3,Madison Scouts,MP,World Class,6,-0.2969,-1.2908,-0.1272,0.9903,-2.2378,1.6441,1.8219,0.6667,-0.2998,"2015,2016,2017,2018"
judge_corps_caption,m-davis-1,Mike Davis,001j0000012tpxmaa2,Shadow,MP,Open Class,6,-0.296,0.2983,-0.1269,0.5024,-1.2807,0.6887,0.9525,0.5,-0.5892,"2016,2017,2018"
judge_corps_caption,b-crisp-1,Bryan Crisp,001j000000iwwsqaal,Blue Stars,MB,World Class,11,0.2191,0.2599,0.1269,0.3162,-0.4006,0.8388,0.7207,0.9091,0.6931,"2019,2022,2023,2024,2025"
judge_corps_caption,w-dillon-1,Wayne Dillon,001j000000i6kfgaan,The Cadets,GE2,World Class,17,-0.1865,-0.1771,-0.1268,0.2548,-0.6859,0.3128,0.4993,0.6471,-0.732,"2013,2014,2015,2018,2019,2022"
judge_corps_caption,c-rothe-1,Caleb Rothe,001j000000h3xrnaav,Phantom Regiment,MP,World Class,9,0.2393,0.0614,0.1267,0.165,-0.0841,0.5627,0.4717,0.6667,1.4504,"2013,2014,2015,2017"
judge_corps_caption,j-ausdemore-1,Jeff Ausdemore,001j000000iwxadaa1,Spirit of Atlanta,MP,World Class,11,-0.2189,-0.354,-0.1267,0.2409,-0.691,0.2532,0.6303,0.4545,-0.9088,"2015,2016,2017,2018,2019"
judge_corps_caption,f-morris-1,Frank Morris,001j000000iwwsoaal,Blue Knights,GE1,World Class,8,0.2532,0.5697,0.1266,0.2259,-0.1895,0.6959,0.4479,0.75,1.121,"2013,2015,2016"
judge_corps_caption,j-kennedy-1,Jay Kennedy,001j000000iwxa6aal,Oregon Crusaders,MA,World Class,10,0.2278,0.5526,0.1266,0.21,-0.1838,0.6395,0.4672,0.6,1.0848,"2013,2014,2015,2017,2018"
judge_corps_caption,m-thompson-1,Michael Thompson,001j000000iwxa3aal,Mandarins,VP,World Class,8,0.2531,0.6616,0.1265,0.1556,-0.052,0.5581,0.3265,0.5,1.626,"2013,2014,2017,2019,2022"
judge_corps_caption,t-hall-1,Troy Hall,001j000000iwwsoaal,Blue Knights,MP,World Class,9,0.239,0.7683,0.1265,0.198,-0.1491,0.6271,0.4465,0.5556,1.2072,"2015,2016,2018,2019,2022,2023"
judge_corps_caption,w-chumley-1,William Chumley,001j000000iwx93aad,Seattle Cascades,VA,World Class,14,-0.1985,-0.1307,-0.1263,0.3101,-0.8062,0.4092,0.8492,0.5,-0.6403,"2013,2016,2017,2018,2019,2023,2024,2025"
judge_corps_caption,m-mullinix-1,Max Mullinix,001j000000i6i9saav,Blue Devils,MP,World Class,5,0.3283,0.4639,0.1263,0.1433,0.0474,0.6093,0.3528,0.8,2.2907,"2014,2015,2017"
judge_corps_caption,t-fox-1,Todd Fox,001j000000iwxa7aal,Pacific Crest,MP,World Class,8,-0.2523,0.1338,-0.1262,0.2059,-0.6559,0.1512,0.4568,0.25,-1.2255,"2013,2014,2016,2022"
judge_corps_caption,m-tarr-1,Mike Tarr,001j000000h3xrnaav,Phantom Regiment,GE1,World Class,5,-0.328,-0.9697,-0.1262,0.7657,-1.8288,1.1728,1.0744,0.6,-0.4283,"2023,2024,2025"
judge_corps_caption,s-page-1,Steven Page,001j000000h3xwcaav,Santa Clara Vanguard,MB,World Class,22,0.172,0.3645,0.1261,0.0793,0.0165,0.3275,0.3301,0.6818,2.1674,"2014,2015,2016,2017,2018,2022,2024,2025"
judge_corps_caption,j-wilson-1,Jeff Wilson,001j000000iwx9paad,Gold,MP,Open Class,12,-0.2101,-0.1102,-0.1261,0.4879,-1.1664,0.7462,1.1486,0.75,-0.4306,"2017,2018,2019,2023,2024,2025"
judge_corps_caption,p-furnari-1,Peter Furnari,001j000000iwx91aad,Carolina Crown,MP,World Class,10,0.2268,0.427,0.126,0.1056,0.0198,0.4338,0.325,0.8,2.1479,"2013,2014,2017,2018,2019,2024"
judge_corps_caption,j-orefice-1,Juno Orefice,001j000000iwwsqaal,Blue Stars,VA,World Class,9,0.2379,0.4474,0.1259,0.2907,-0.3319,0.8077,0.6948,0.5556,0.8184,"2013,2015,2016,2017,2018,2022"
judge_corps_caption,d-davis-1,Darrin Davis,001j000000iwwsraal,Bluecoats,MA,World Class,15,0.1931,0.1957,0.1259,0.1031,-0.009,0.3951,0.3795,0.8667,1.8727,"2014,2018,2019,2023,2024,2025"
judge_corps_caption,m-gray-1,Michael Gray,001j000000iwx93aad,Seattle Cascades,GE1,World Class,8,0.2519,0.359,0.1259,0.1505,-0.0432,0.547,0.4319,0.625,1.6731,"2016,2017,2018,2019"
judge_corps_caption,j-webb-1,Jay Webb,001j000000iwxadaa1,Spirit of Atlanta,GE2,World Class,8,0.2516,0.0797,0.1258,0.2261,-0.1916,0.6948,0.5325,0.75,1.1127,"2013,2014,2015,2018,2019"
judge_corps_caption,t-fox-1,Todd Fox,001j000000iwx9aaat,Crossmen,MP,World Class,10,-0.2264,0.131,-0.1258,0.1868,-0.5925,0.1398,0.4092,0.3,-1.2117,"2013,2016,2022,2023"
judge_corps_caption,w-chumley-1,William Chumley,001j000000iwxafaa1,The Cavaliers,VP,World Class,14,-0.1977,-0.2838,-0.1258,0.4278,-1.0362,0.6407,1.028,0.7143,-0.4622,"2014,2017,2018,2019,2022,2023"
judge_corps_caption,c-rapacki-1,Chris Rapacki,001j000000iwx99aad,Columbians,MP,Open Class,5,0.327,0.6879,0.1258,0.3814,-0.4207,1.0746,0.7461,0.6,0.8572,"2023,2025"
judge_corps_caption,g-oliviero-1,George Oliviero,001j000000iwxa7aal,Pacific Crest,VA,World Class,14,-0.1972,-0.2771,-0.1255,0.4434,-1.0662,0.6718,1.0896,0.7143,-0.4447,"2013,2014,2015,2016,2018,2022,2023,2024,2025"
judge_corps_caption,c-moss-1,Chris Moss,001j000000iwx91aad,Carolina Crown,VA,World Class,5,0.3264,0.4528,0.1255,0.1254,0.0805,0.5723,0.3328,0.8,2.6018,"2013,2017,2022"
judge_corps_caption,c-phillips-1,Chester Phillips,001j000000iwxadaa1,Spirit of Atlanta,GE2,World Class,6,0.2928,0.5195,0.1255,0.1054,0.0863,0.4994,0.3016,0.8333,2.7794,"2015,2018,2024,2025"
judge_corps_caption,d-bryan-1,Dan Bryan,001j000000h3xrnaav,Phantom Regiment,MP,World Class,7,-0.2686,-0.6696,-0.1254,0.7786,-1.7946,1.2574,1.4297,0.7143,-0.345,"2013,2017,2018"
judge_corps_caption,g-fugett-1,Glenn Fugett,001j000000iwx97aad,Colt Cadets,GE2,Open Class,11,0.2163,-0.4016,0.1252,0.3634,-0.4959,0.9285,0.9877,0.6364,0.5953,"2014,2015,2016,2018,2023,2024,2025"
judge_corps_caption,j-davila-1,Julie Davila,001j000000iwx93aad,Seattle Cascades,MA,World Class,5,0.3254,0.1459,0.1252,0.4196,-0.4971,1.1479,0.8103,0.8,0.7755,"2016,2018,2019,2023,2025"
judge_corps_caption,d-bryan-1,Dan Bryan,001j000000iwxa0aal,Legends,MP,Open Class,6,0.2918,0.7505,0.1251,0.1886,-0.0778,0.6615,0.4247,0.8333,1.5475,"2013,2016,2018"
judge_corps_caption,w-chumley-1,William Chumley,001j000000iwxa3aal,Mandarins,VP,World Class,9,-0.236,-0.2664,-0.125,0.53,-1.2749,0.8028,1.1787,0.6667,-0.4453,"2014,2017,2018,2019,2023,2024,2025"
judge_corps_caption,c-romanowski-1,Chris Romanowski,001j000000h3xrnaav,Phantom Regiment,MA,World Class,11,0.2159,0.3544,0.125,0.1092,0.0019,0.4299,0.3216,0.8182,1.977,"2018,2019,2023,2024,2025"
judge_corps_caption,r-greenwell-1,Randy Greenwell,001j000000iwxakaa1,Vanguard Cadets,MA,Open Class,6,0.2912,0.5357,0.1248,0.1597,-0.0218,0.6043,0.325,0.8333,1.8235,"2013,2015,2016,2018,2022"
judge_corps_caption,r-solomon-1,Robert Solomon,001j000000iwwsoaal,Blue Knights,CG,World Class,21,-0.1722,-0.0459,-0.1247,0.2713,-0.704,0.3597,0.6023,0.619,-0.6345,"2013,2014,2015,2016,2017,2018,2019,2022,2023,2024"
judge_corps_caption,d-davis-1,Darrin Davis,001j000000iwxa3aal,Mandarins,GE2,World Class,15,-0.1912,-0.2923,-0.1247,0.315,-0.8086,0.4262,0.6089,0.6,-0.6069,"2013,2014,2015,2016,2017,2023,2024"
judge_corps_caption,g-boulden-1,George Boulden,001j000000iwxadaa1,Spirit of Atlanta,MB,World Class,6,-0.2909,0.0187,-0.1247,0.2393,-0.76,0.1781,0.3581,0.1667,-1.2158,"2013,2015,2016"
judge_corps_caption,d-davis-1,Darrin Davis,001j000000i6kfgaan,The Cadets,MA,World Class,11,0.2154,0.214,0.1247,0.1109,-0.002,0.4327,0.3485,0.7273,1.9422,"2014,2015,2017,2018,2019,2023"
judge_corps_caption,r-greenwell-1,Randy Greenwell,001j000000iwxaeaa1,The Academy,MA,World Class,7,0.2671,0.3088,0.1247,0.2859,-0.2932,0.8275,0.6402,0.7143,0.9344,"2015,2016,2019,2022"
judge_corps_caption,d-torchia-1,Debbie Torchia,001j000000iwx98aad,Colts,VA,World Class,17,0.1831,0.2717,0.1245,0.14,-0.0913,0.4576,0.5252,0.7059,1.3079,"2013,2014,2015,2016,2017,2019,2022,2023,2024,2025"
judge_corps_caption,r-rodriguez-1,Rick Rodriguez,001j000000h3xwcaav,Santa Clara Vanguard,MP,World Class,6,0.2896,0.3316,0.1241,0.2863,-0.2716,0.8507,0.5237,0.6667,1.0113,2014
judge_corps_caption,r-rios-1,Ronnie Rios,001j000000iwxaeaa1,The Academy,MB,World Class,8,0.2481,0.689,0.124,0.0994,0.0533,0.4428,0.279,0.75,2.4966,"2014,2015,2016,2022,2023"
judge_corps_caption,c-raichle-1,Chris Raichle,001j000000iwxaeaa1,The Academy,CG,World Class,6,0.2894,0.5255,0.124,0.1115,0.0709,0.508,0.3155,0.8333,2.5957,"2016,2017,2018,2024"
judge_corps_caption,b-fabrizio-1,Beth Fabrizio,001j000000iwxajaa1,Troopers,MB,World Class,8,-0.2479,-0.175,-0.124,0.6669,-1.555,1.0592,1.4795,0.625,-0.3717,"2017,2018,2022,2023,2024"
judge_corps_caption,c-dillon-1,Christine Dillon,001j000000iwxa5aal,Music City,CG,Open Class,13,0.2001,0.6722,0.1239,0.1582,-0.11,0.5102,0.4624,0.7692,1.2647,"2013,2014,2015,2016,2018,2019,2023"
judge_corps_caption,d-carbone-1,Dave Carbone,001j000000iwx9saad,Guardians,GE2,Open Class,5,0.3221,0.3091,0.1239,0.4234,-0.5077,1.1519,0.7489,0.8,0.7607,"2015,2023"
judge_corps_caption,n-jones-1,Nola Jones,001j000000iwwsraal,Bluecoats,GE2,World Class,28,0.1591,0.0569,0.1238,0.1643,-0.1628,0.4811,0.4809,0.8571,0.9689,"2013,2014,2015,2016,2017,2018,2019,2022,2023,2024,2025"
judge_corps_caption,m-czapinksi-1,Marie Czapinksi,001j000000i6i9saav,Blue Devils,GE1,World Class,11,-0.2136,-0.7558,-0.1237,0.7204,-1.6256,1.1984,1.6152,0.8182,-0.2965,"2013,2014,2015"
judge_corps_caption,t-slaughter-1,Tom Slaughter,001j000000iwwsraal,Bluecoats,VA,World Class,8,0.2471,0.6085,0.1236,0.1073,0.0368,0.4575,0.2986,0.75,2.3028,"2022,2023,2025"
judge_corps_caption,m-mcgahey-1,Mark McGahey,001j000000iwxa7aal,Pacific Crest,GE2,World Class,11,-0.2134,-0.265,-0.1235,0.3962,-0.9898,0.5631,0.9633,0.5455,-0.5387,"2014,2017,2019,2023"
judge_corps_caption,r-overvliet-1,Robby Overvliet,001j000000iwwspaal,Blue Saints,VP,Open Class,5,-0.3211,-0.2887,-0.1235,0.5289,-1.3578,0.7155,0.7811,0.6,-0.6072,"2014,2015"
judge_corps_caption,j-harper-1,Jeff Harper,001j000000i6lenaa3,Madison Scouts,MA,World Class,7,-0.2647,-0.4138,-0.1235,0.6627,-1.5636,1.0342,1.0213,0.5714,-0.3994,"2015,2016,2023,2024,2025"
judge_corps_caption,b-crisp-1,Bryan Crisp,001j000000iwwsoaal,Blue Knights,MB,World Class,7,0.2647,0.3139,0.1235,0.1662,-0.061,0.5904,0.3949,0.7143,1.5931,"2018,2019,2023,2024,2025"
judge_corps_caption,c-rapacki-1,Chris Rapacki,001j000000iwxadaa1,Spirit of Atlanta,MP,World Class,7,0.2647,0.3218,0.1235,0.1553,-0.0396,0.5691,0.4044,0.7143,1.7047,"2019,2023,2025"
judge_corps_caption,g-howarth-1,Gifford Howarth,001j000000iwxafaa1,The Cavaliers,MP,World Class,8,0.2468,0.4448,0.1234,0.0603,0.1286,0.3649,0.2468,1,4.0924,"2013,2015,2016,2017,2023,2024"
judge_corps_caption,k-weirich-1,Kyle Weirich,001j0000012tpxmaa2,Shadow,MA,Open Class,6,-0.2878,0.5397,-0.1233,0.4932,-1.2544,0.6788,1.0113,0.3333,-0.5836,"2017,2018,2019"
judge_corps_caption,j-davila-1,Julie Davila,001j000000i6kfgaan,The Cadets,MA,World Class,7,-0.2642,-0.4463,-0.1233,0.7275,-1.6901,1.1617,1.0314,0.8571,-0.3631,"2018,2019,2023"
judge_corps_caption,b-fabrizio-1,Beth Fabrizio,001j000000iwx93aad,Seattle Cascades,MB,World Class,5,-0.3204,-0.2399,-0.1232,0.6421,-1.5789,0.9381,1.0313,0.6,-0.4989,"2013,2017,2023,2024"
judge_corps_caption,g-fugett-1,Glenn Fugett,001j000000i6kfgaan,The Cadets,MA,World Class,5,-0.3204,-0.8397,-0.1232,1.0762,-2.4297,1.7889,1.5254,0.8,-0.2977,"2015,2018,2023"
judge_corps_caption,m-mcgahey-1,Mark McGahey,001j000000iwx9waad,Jersey Surf,MB,World Class,5,0.3202,-0.1059,0.1231,0.2076,-0.0867,0.727,0.413,0.8,1.5424,"2013,2014,2015,2016"
judge_corps_caption,d-torchia-1,Debbie Torchia,001j000000i6kfgaan,The Cadets,VA,World Class,15,-0.1885,-0.0963,-0.1229,0.3104,-0.797,0.42,0.5659,0.4667,-0.6072,"2013,2014,2015,2016,2017,2018,2019,2022"
judge_corps_caption,c-moss-1,Chris Moss,001j000000iwx9saad,Guardians,VP,Open Class,7,-0.2633,-0.2484,-0.1229,0.3545,-0.958,0.4315,0.6363,0.7143,-0.7427,"2015,2016,2018,2022"
judge_corps_caption,m-leitzke-1,Mike Leitzke,001j000000iwx9uaad,Impulse,MP,Open Class,9,-0.2322,-0.1735,-0.1229,0.3272,-0.8735,0.4092,0.7077,0.5556,-0.7095,"2016,2017,2018,2022,2025"
judge_corps_caption,m-stone-1,Michael Stone,001j000000iwxadaa1,Spirit of Atlanta,CG,World Class,5,0.3193,0.2933,0.1228,0.1765,-0.0266,0.6651,0.4603,0.8,1.8092,"2014,2016,2017"
judge_corps_caption,b-mascaro-1,Bret Mascaro,001j000000h3xrnaav,Phantom Regiment,VA,World Class,11,0.2119,0.5338,0.1227,0.0995,0.0168,0.407,0.3056,0.8182,2.1283,"2013,2014,2015,2016,2017,2019,2022,2023"
judge_corps_caption,b-mascaro-1,Bret Mascaro,001j000000iwx93aad,Seattle Cascades,VP,World Class,6,0.2862,0.1126,0.1227,0.1105,0.0696,0.5029,0.3269,0.8333,2.5894,"2014,2016,2023"
judge_corps_caption,k-kuhn-1,Kim Kuhn,001j000000iwx98aad,Colts,CG,World Class,5,-0.319,-0.9152,-0.1227,0.8721,-2.0283,1.3904,1.452,0.4,-0.3658,"2016,2018,2019,2023"
judge_corps_caption,f-miller-1,Frank Miller,001j000000iwwssaal,Boston Crusaders,VA,World Class,10,-0.2206,0.0592,-0.1226,0.1895,-0.5921,0.1508,0.3331,0.3,-1.1641,"2013,2014,2015,2016"
judge_corps_caption,p-mcgarr-1,Paul McGarr,001j000000iwwssaal,Boston Crusaders,MB,World Class,26,-0.1601,-0.1616,-0.1225,0.294,-0.7363,0.4161,0.8085,0.7692,-0.5447,"2013,2014,2015,2016,2017,2018,2019,2022,2023,2024,2025"
judge_corps_caption,j-pipitone-1,JJ Pipitone,001j000000i6lenaa3,Madison Scouts,MP,World Class,5,0.3185,0.4723,0.1225,0.1387,0.0466,0.5904,0.3426,0.8,2.2956,"2013,2015"
judge_corps_caption,a-dunn-1,Al Dunn,001j000000i6i9saav,Blue Devils,MP,World Class,15,0.1879,0.3788,0.1225,0.0652,0.0602,0.3156,0.2149,0.8,2.883,"2014,2015,2016,2017,2019"
judge_corps_caption,h-nguyen-1,Hieu Nguyen,001j000000i6lenaa3,Madison Scouts,CG,World Class,11,0.2115,0.3289,0.1224,0.1365,-0.056,0.479,0.3888,0.7273,1.5493,"2015,2017,2018,2019,2022"
judge_corps_caption,m-anderson-1,Mike Anderson,001j000000iwxafaa1,The Cavaliers,GE1,World Class,11,0.2112,0.5373,0.1223,0.0514,0.1104,0.312,0.2154,0.9091,4.1084,"2014,2015,2018,2019"
judge_corps_caption,j-brooks-1,Jeff Brooks,001j000000iwx9aaat,Crossmen,MP,World Class,14,-0.1922,0.1256,-0.1223,0.4019,-0.9799,0.5956,1.1467,0.6429,-0.4782,"2018,2019,2022,2023,2024,2025"
judge_corps_caption,l-carlson-1,Lee Carlson,001j000000iwxaeaa1,The Academy,CG,World Class,6,0.2852,0.3661,0.1222,0.1524,-0.0134,0.5838,0.3713,0.6667,1.8722,"2013,2014"
judge_corps_caption,a-combites-1,Andy Combites,001j000000iwxafaa1,The Cavaliers,VP,World Class,5,-0.3177,-0.4002,-0.1222,0.6846,-1.6596,1.0242,0.9455,0.6,-0.464,"2016,2018,2022"
judge_corps_caption,d-padilla-1,Damon Padilla,001j000000iwwssaal,Boston Crusaders,GE1,World Class,8,-0.2443,-0.1139,-0.1222,0.35,-0.9303,0.4417,0.5291,0.625,-0.6981,"2022,2023,2024,2025"
judge_corps_caption,d-carbone-1,Dave Carbone,001j000000h3xrnaav,Phantom Regiment,MA,World Class,22,0.1665,0.3261,0.1221,0.0569,0.055,0.2779,0.2485,0.8182,2.9277,"2013,2014,2015,2016,2017,2022,2023,2024,2025"
judge_corps_caption,p-furnari-1,Peter Furnari,001j000000iwxaaaa1,Raiders,MA,Open Class,5,-0.3175,0.1699,-0.1221,0.5844,-1.4629,0.828,0.8435,0.6,-0.5432,"2018,2025"
judge_corps_caption,c-moss-1,Chris Moss,001j000000iwxa0aal,Legends,VA,Open Class,5,-0.317,-0.4122,-0.1219,0.4857,-1.2689,0.6349,0.8957,0.4,-0.6527,"2013,2014,2017,2018"
judge_corps_caption,c-raichle-1,Chris Raichle,001j000000iwxa8aal,Pioneer,CG,World Class,6,0.2844,0.4688,0.1219,0.1159,0.0573,0.5115,0.3287,0.8333,2.4546,"2016,2017,2018"
judge_corps_caption,r-solomon-1,Robert Solomon,001j000000i6jmbaaf,Blue Devils B,CG,Open Class,9,0.23,-0.0197,0.1218,0.3846,-0.5238,0.9838,0.9419,0.6667,0.598,"2017,2018,2019,2022,2023,2024"
judge_corps_caption,k-weirich-1,Kyle Weirich,001j000000iwxa2aal,Louisiana Stars,MA,Open Class,9,-0.23,0.4647,-0.1218,0.274,-0.767,0.3069,0.6506,0.3333,-0.8396,"2018,2019,2022"
judge_corps_caption,c-hestin-1,Chris Hestin,001j000000iwx9aaat,Crossmen,GE2,World Class,6,-0.2839,-0.1341,-0.1217,0.8579,-1.9653,1.3975,1.215,0.8333,-0.3309,"2017,2018,2022"
judge_corps_caption,b-mascaro-1,Bret Mascaro,001j000000iwx91aad,Carolina Crown,VA,World Class,16,0.1824,0.5131,0.1216,0.0841,0.0175,0.3473,0.3339,0.8125,2.1683,"2013,2014,2015,2016,2017,2022,2023"
judge_corps_caption,k-miller-1,Kyle Miller,001j000000iwxa7aal,Pacific Crest,VP,World Class,9,-0.2296,-0.224,-0.1216,0.7224,-1.6455,1.1863,1.0549,0.7778,-0.3178,"2013,2015,2016,2017,2022,2023,2025"
judge_corps_caption,j-kennedy-1,Jay Kennedy,001j000000iwxabaa1,Southwind,MA,Open Class,5,0.316,0.3137,0.1216,0.2671,-0.2074,0.8395,0.489,0.6,1.1833,"2015,2019,2022"
judge_corps_caption,a-lo-1,Albert Lo,001j000000h3xrnaav,Phantom Regiment,MB,World Class,12,-0.2026,-0.0898,-0.1215,0.4557,-1.0957,0.6906,0.7316,0.5833,-0.4445,"2013,2014,2015,2018,2019,2022"
judge_corps_caption,b-mascaro-1,Bret Mascaro,001j000000iwxaeaa1,The Academy,VA,World Class,13,0.1963,0.5123,0.1215,0.0913,0.0173,0.3753,0.3195,0.7692,2.15,"2013,2014,2015,2016,2017,2018"
judge_corps_caption,w-chumley-1,William Chumley,001j000000h3xwcaav,Santa Clara Vanguard,VP,World Class,13,-0.1961,-0.2416,-0.1214,0.4643,-1.1061,0.7138,1.02,0.7692,-0.4224,"2014,2017,2018,2019,2022,2024,2025"
judge_corps_caption,t-fox-1,Todd Fox,001j000000iwwsraal,Bluecoats,MP,World Class,7,-0.2596,0.1066,-0.1211,0.3144,-0.8757,0.3566,0.55,0.7143,-0.8257,"2013,2016,2019,2022"
judge_corps_caption,m-kelly-1,Mickey Kelly,001j000000iwwsoaal,Blue Knights,GE1,World Class,16,-0.1814,-0.2659,-0.1209,0.4518,-1.0669,0.7042,0.8853,0.6875,-0.4014,"2013,2014,2015,2016,2017,2018,2019"
judge_corps_caption,g-oliviero-1,George Oliviero,001j000000iwxajaa1,Troopers,VA,World Class,16,0.1814,0.0846,0.1209,0.201,-0.2126,0.5755,0.644,0.6875,0.9024,"2013,2014,2016,2018,2019,2022,2023,2024,2025"
judge_corps_caption,l-carlson-1,Lee Carlson,001j000000i6i9saav,Blue Devils,VA,World Class,5,0.314,0.0053,0.1208,0.7538,-1.1634,1.7913,1.2993,0.8,0.4165,"2013,2014,2016"
judge_corps_caption,a-cook-1,Andrew Cook,001j000000iwxa8aal,Pioneer,MB,World Class,7,0.2589,0.1148,0.1208,0.4341,-0.592,1.1097,0.8825,0.7143,0.5964,"2013,2015,2017,2018"
judge_corps_caption,j-webb-1,Jay Webb,001j000000iwx93aad,Seattle Cascades,MA,World Class,5,-0.3141,-0.3778,-0.1208,0.5749,-1.4409,0.8127,0.8484,0.4,-0.5463,"2018,2023,2024"
judge_corps_caption,k-miller-1,Kyle Miller,001j000000h3xrnaav,Phantom Regiment,GE1,World Class,21,0.1663,0.2401,0.1204,0.0674,0.0342,0.2983,0.2434,0.7619,2.4678,"2013,2014,2015,2017,2018,2019,2022,2023,2024,2025"
judge_corps_caption,j-brooks-1,Jeff Brooks,001j000000iwwsraal,Bluecoats,MP,World Class,19,-0.1711,0.1552,-0.1204,0.2156,-0.5937,0.2515,0.6513,0.7368,-0.7934,"2018,2019,2022,2023,2024,2025"
judge_corps_caption,j-gilley-1,Jackie Gilley,001j000000iwxa0aal,Legends,GE1,Open Class,5,0.3128,1.0257,0.1203,0.2286,-0.1353,0.7609,0.4117,0.8,1.3681,"2013,2015,2019"
judge_corps_caption,m-davis-1,Mike Davis,001j000000h3xrnaav,Phantom Regiment,MP,World Class,15,0.1844,0.3921,0.1203,0.0674,0.0523,0.3166,0.2673,0.8667,2.735,"2016,2017,2018,2019,2022,2024,2025"
judge_corps_caption,g-miller-1,Gerry Miller,001j000000iwx98aad,Colts,GE2,World Class,9,0.2273,0.4421,0.1203,0.1404,-0.0478,0.5024,0.3574,0.5556,1.6194,"2018,2019,2022,2024,2025"
judge_corps_caption,d-davis-1,Darrin Davis,001j000000iwxa5aal,Music City,MA,World Class,10,-0.2165,-0.1498,-0.1203,0.2474,-0.7014,0.2684,0.3665,0.5,-0.8752,"2018,2019,2024,2025"
judge_corps_caption,d-carbone-1,Dave Carbone,001j000000h3xrnaav,Phantom Regiment,GE2,World Class,6,0.2803,0.2909,0.1201,0.1313,0.023,0.5375,0.2857,0.8333,2.135,"2013,2014,2015,2018,2023"
judge_corps_caption,c-phillips-1,Chester Phillips,001j000000iwxa5aal,Music City,MB,Open Class,14,0.1888,0.2797,0.1201,0.2622,-0.3251,0.7026,0.8168,0.5,0.72,"2013,2016,2017,2018,2019,2022,2023,2024"
judge_corps_caption,h-bassett-1,Helen Bassett,001j000000iwxaeaa1,The Academy,VP,World Class,5,0.3123,0.5844,0.1201,0.2704,-0.2176,0.8423,0.4782,0.8,1.1552,"2015,2016,2017,2018"
judge_corps_caption,m-thompson-1,Michael Thompson,001j000000iwwsraal,Bluecoats,CG,World Class,11,-0.2073,0.0372,-0.12,0.2074,-0.6138,0.1992,0.5245,0.3636,-0.9995,"2013,2016,2017,2018,2019,2024,2025"
judge_corps_caption,c-guard-1,Color Guard,001j000000iwx97aad,Colt Cadets,VP,Open Class,10,-0.216,-0.5989,-0.12,0.585,-1.3627,0.9307,1.5229,0.5,-0.3692,"2014,2015,2016,2017,2018,2019"
judge_corps_caption,g-fugett-1,Glenn Fugett,001j000000iwxa7aal,Pacific Crest,MA,World Class,8,-0.2395,-0.7475,-0.1198,0.5236,-1.2659,0.7868,1.1723,0.625,-0.4575,"2014,2015,2017,2022,2023,2024"
judge_corps_caption,r-solomon-1,Robert Solomon,001j000000iwxa0aal,Legends,VP,Open Class,10,-0.2156,-0.621,-0.1198,0.1985,-0.6047,0.1735,0.5059,0.4,-1.0859,"2014,2015,2016,2019,2022"
judge_corps_caption,m-davis-1,Mike Davis,001j000000iwxadaa1,Spirit of Atlanta,MP,World Class,11,-0.2067,0.0015,-0.1197,0.1956,-0.59,0.1766,0.4823,0.4545,-1.0568,"2013,2014,2018,2019,2023,2024,2025"
judge_corps_caption,c-romanowski-1,Chris Romanowski,001j000000iwx9oaad,Genesis,MA,Open Class,13,-0.1932,0.0035,-0.1196,0.2738,-0.7298,0.3434,0.6825,0.4615,-0.7057,"2013,2016,2018,2019,2023,2024,2025"
judge_corps_caption,n-jones-1,Nola Jones,001j000000iwxadaa1,Spirit of Atlanta,MA,World Class,6,-0.2787,-0.7907,-0.1195,0.4095,-1.0813,0.5238,0.818,0.3333,-0.6807,"2013,2015,2016,2018,2023"
judge_corps_caption,m-gray-1,Michael Gray,001j000000i6kfgaan,The Cadets,GE1,World Class,13,0.193,0.2905,0.1195,0.0638,0.0679,0.3181,0.2432,0.7692,3.023,"2016,2017,2018,2019"
judge_corps_caption,k-giese-1,Ken Giese,001j000000iwxa7aal,Pacific Crest,VA,World Class,17,0.1756,0.4211,0.1194,0.2337,-0.2824,0.6336,0.702,0.7647,0.7514,"2013,2014,2015,2016,2017,2018,2019"
judge_corps_caption,j-davila-1,Julie Davila,001j000000iwwsoaal,Blue Knights,MA,World Class,11,-0.2063,-0.3795,-0.1194,0.3038,-0.8017,0.389,0.6771,0.6364,-0.6792,"2018,2019,2022,2025"
judge_corps_caption,m-turner-1,Michael Turner,001j000000iwxa3aal,Mandarins,GE1,World Class,6,-0.278,-0.2128,-0.1192,0.4437,-1.1477,0.5917,0.7935,0.6667,-0.6265,"2013,2014,2015,2017,2018,2023"
judge_corps_caption,g-miller-1,Gerry Miller,001j000000h3xrnaav,Phantom Regiment,GE2,World Class,11,0.2058,0.4125,0.1192,0.1134,-0.0165,0.4282,0.3265,0.5455,1.8143,"2018,2019,2022,2024,2025"
judge_corps_caption,b-fabrizio-1,Beth Fabrizio,001j000000iwxa1aal,Les Stentors,MB,Open Class,11,-0.2057,0.0953,-0.1191,0.2042,-0.606,0.1945,0.459,0.3636,-1.0075,"2014,2017,2019,2022,2023,2024,2025"
judge_corps_caption,c-rapacki-1,Chris Rapacki,001j000000iwx97aad,Colt Cadets,MP,Open Class,8,-0.2382,-0.0286,-0.1191,0.5782,-1.3714,0.895,0.965,0.625,-0.4119,"2022,2025"
judge_corps_caption,t-ochran-1,Timothy Ochran,001j000000iwxa5aal,Music City,VA,Open Class,9,0.2248,0.0992,0.119,0.2628,-0.2902,0.7398,0.6249,0.8889,0.8556,"2013,2017,2019,2022,2023,2024,2025"
judge_corps_caption,r-saucedo-1,Richard Saucedo,001j000000iwx97aad,Colt Cadets,GE2,Open Class,5,0.3094,0.4625,0.119,0.2156,-0.1132,0.732,0.4109,0.8,1.4351,"2017,2019"
judge_corps_caption,w-dillon-1,Wayne Dillon,001j000000iwx91aad,Carolina Crown,GE2,World Class,17,0.1748,0.1906,0.1189,0.1167,-0.0539,0.4036,0.3848,0.7059,1.498,"2013,2014,2015,2019,2022,2024"
judge_corps_caption,m-teal-1,Mark Teal,001j000000iwxa5aal,Music City,MP,World Class,6,0.2774,0.6639,0.1189,0.2831,-0.2775,0.8323,0.6134,0.6667,0.9799,"2018,2019,2024,2025"
judge_corps_caption,m-mast-1,Monte Mast,001j000000iwxajaa1,Troopers,MA,World Class,5,-0.3088,-0.2544,-0.1188,0.0862,-0.4778,-0.1399,0.3088,0,-3.5824,"2013,2014,2015,2017"
judge_corps_caption,b-kuhn-1,Blair Kuhn,001j000000i6kfgaan,The Cadets,VA,World Class,13,0.1916,-0.0482,0.1186,0.5246,-0.8366,1.2199,1.393,0.8462,0.3653,"2017,2018,2019,2022,2023"
judge_corps_caption,d-carbone-1,Dave Carbone,001j000000iwwsqaal,Blue Stars,MA,World Class,17,0.1742,0.3448,0.1184,0.0791,0.0192,0.3292,0.3308,0.7647,2.2025,"2013,2014,2016,2017,2019,2022,2024,2025"
judge_corps_caption,k-kuhn-1,Kim Kuhn,001j000000iwx98aad,Colts,VP,World Class,6,-0.2762,-0.7318,-0.1184,0.5124,-1.2805,0.7281,1.1133,0.5,-0.5391,"2018,2019,2022,2023"
judge_corps_caption,r-solomon-1,Robert Solomon,001j000000iwx9oaad,Genesis,VP,Open Class,8,0.2366,0.1031,0.1183,0.5356,-0.8132,1.2865,1.1196,0.75,0.4418,"2013,2015,2016,2017,2019,2025"
judge_corps_caption,w-dillon-1,Wayne Dillon,001j000000h3xwcaav,Santa Clara Vanguard,MB,World Class,14,-0.1859,-0.1744,-0.1183,0.3558,-0.8833,0.5114,1.1295,0.5,-0.5226,"2014,2015,2016,2017,2018,2019,2024,2025"
judge_corps_caption,r-solomon-1,Robert Solomon,001j000000iwx93aad,Seattle Cascades,VP,World Class,9,0.2234,0.2339,0.1183,0.2426,-0.252,0.6988,0.6245,0.6667,0.921,"2014,2015,2017,2019,2023,2025"
judge_corps_caption,g-fugett-1,Glenn Fugett,001j000000iwxaaaa1,Raiders,GE2,Open Class,7,0.2534,-0.3493,0.1183,0.2584,-0.2531,0.7599,0.5927,0.7143,0.9806,"2014,2016,2018,2023,2024,2025"
judge_corps_caption,m-leitzke-1,Mike Leitzke,001j000000iwwsraal,Bluecoats,MP,World Class,24,-0.1577,-0.3473,-0.1183,0.3459,-0.8357,0.5203,0.9638,0.75,-0.4559,"2016,2017,2018,2019,2022,2024,2025"
judge_corps_caption,j-webb-1,Jay Webb,001j000000i6lenaa3,Madison Scouts,GE2,World Class,6,0.2757,0.0918,0.1182,0.1175,0.0455,0.5059,0.3074,0.6667,2.3471,"2013,2015,2018,2019"
judge_corps_caption,g-fugett-1,Glenn Fugett,001j000000i6lenaa3,Madison Scouts,MP,World Class,8,0.2364,-0.2528,0.1182,0.5309,-0.8041,1.277,1.1958,0.625,0.4454,"2013,2014,2018,2019,2023"
judge_corps_caption,c-nelson-1,Carl Nelson,001j000000f17bwaaa,Watchmen,VA,Open Class,6,-0.2759,-0.3645,-0.1182,0.5396,-1.3335,0.7818,0.9993,0.3333,-0.5113,"2015,2016,2018,2019"
judge_corps_caption,m-waymire-1,Mark Waymire,001j000000i6i9saav,Blue Devils,GE2,World Class,8,0.2364,0.5881,0.1182,0.1091,0.0225,0.4503,0.3368,0.75,2.1666,"2016,2017,2022,2023"
judge_corps_caption,j-gilley-1,Jackie Gilley,001j000000iwx91aad,Carolina Crown,CG,World Class,5,0.307,0.4235,0.1181,0.1229,0.0662,0.5478,0.307,1,2.4986,"2013,2014,2015,2018"
judge_corps_caption,w-chumley-1,William Chumley,001j000000iwx9oaad,Genesis,VP,Open Class,6,0.2754,0.2704,0.118,0.3919,-0.4927,1.0436,0.7729,0.8333,0.7028,"2013,2017,2018,2024"
judge_corps_caption,m-mccourt-1,Meghan McCourt,001j000000iwxa5aal,Music City,GE1,World Class,6,-0.2754,0.0259,-0.118,0.2635,-0.792,0.2411,0.4182,0.5,-1.0452,"2019,2022,2023,2025"
judge_corps_caption,m-mullinix-1,Max Mullinix,001j000000iwxafaa1,The Cavaliers,MP,World Class,6,0.275,0.3939,0.1179,0.1254,0.0294,0.5207,0.3628,0.8333,2.1942,"2014,2015"
judge_corps_caption,j-howell-1,John Howell,001j000000h3xwcaav,Santa Clara Vanguard,VP,World Class,6,-0.2752,-0.1485,-0.1179,0.6048,-1.4606,0.9103,0.8163,0.8333,-0.455,"2014,2015,2016,2018,2019"
judge_corps_caption,w-dillon-1,Wayne Dillon,001j000000iwxaeaa1,The Academy,MA,World Class,11,-0.2034,-0.2609,-0.1178,0.4577,-1.1005,0.6936,0.8747,0.7273,-0.4445,"2013,2014,2016,2017,2018,2019,2022,2025"
judge_corps_caption,m-tarr-1,Mike Tarr,001j000000qzs1qaaf,River City Rhythm,VP,Open Class,5,-0.3063,-0.0319,-0.1178,0.5217,-1.3289,0.7163,0.9125,0.6,-0.587,"2023,2024"
judge_corps_caption,j-webb-1,Jay Webb,001j000000iwx98aad,Colts,MA,World Class,9,-0.2224,-0.2826,-0.1177,0.3797,-0.9665,0.5217,0.7058,0.4444,-0.5858,"2014,2018,2022,2023,2024,2025"
judge_corps_caption,j-brooks-1,Jeff Brooks,001j000000iwxajaa1,Troopers,MP,World Class,16,0.1766,0.5093,0.1177,0.3575,-0.5242,0.8773,0.8052,0.875,0.4939,"2019,2022,2023,2024,2025"
judge_corps_caption,d-deems-1,Don Deems,001j000000iwxacaa1,Spartans,CG,Open Class,9,-0.2221,0.7199,-0.1176,0.16,-0.5357,0.0915,0.4629,0.2222,-1.3883,"2014,2015,2018,2022,2023,2025"
judge_corps_caption,r-rios-1,Ronnie Rios,001j000000i6i9saav,Blue Devils,MA,World Class,7,-0.2517,-0.1716,-0.1175,0.6198,-1.4666,0.9632,0.9189,0.7143,-0.4061,"2016,2017,2019,2023,2025"
judge_corps_caption,t-landess-1,Tim Landess,001j000000iwwsraal,Bluecoats,CG,World Class,5,0.3054,-0.5306,0.1174,0.7163,-1.0986,1.7093,1.3435,0.6,0.4263,"2019,2022,2024"
judge_corps_caption,b-crisp-1,Bryan Crisp,001j000000h3xwcaav,Santa Clara Vanguard,MB,World Class,7,-0.2515,-0.1886,-0.1174,0.4954,-1.2225,0.7194,0.8366,0.5714,-0.5078,"2019,2024,2025"
judge_corps_caption,p-haines-1,Phillip Haines,001j000000iwx98aad,Colts,MB,World Class,6,0.2731,0.0891,0.117,0.1708,-0.0616,0.6078,0.4098,0.6667,1.5995,"2014,2015,2017,2022,2025"
judge_corps_caption,j-davila-1,Julie Davila,001j000000iwxajaa1,Troopers,MA,World Class,9,-0.2208,-0.3957,-0.1169,0.4823,-1.1662,0.7245,0.9684,0.5556,-0.4579,"2018,2019,2022,2023"
judge_corps_caption,m-czapinksi-1,Marie Czapinksi,001j000000iwwsqaal,Blue Stars,GE1,World Class,9,-0.2207,-0.7644,-0.1168,0.7267,-1.6451,1.2037,1.3008,0.7778,-0.3037,"2013,2014,2015"
judge_corps_caption,m-davis-1,Mike Davis,001j000000iwx98aad,Colts,MP,World Class,19,-0.1659,0.0476,-0.1168,0.2507,-0.6573,0.3255,0.6489,0.6842,-0.6619,"2013,2014,2016,2017,2018,2019,2022,2024,2025"
judge_corps_caption,r-rios-1,Ronnie Rios,001j000000h3xrnaav,Phantom Regiment,MB,World Class,8,-0.2336,0.1996,-0.1168,0.316,-0.853,0.3859,0.4977,0.375,-0.739,"2013,2015,2016,2018,2019,2023"
judge_corps_caption,d-davis-1,Darrin Davis,001j000000iwx9waad,Jersey Surf,GE2,World Class,11,0.2015,0.06,0.1167,0.1488,-0.0901,0.4931,0.3582,0.5455,1.3544,"2014,2015,2016,2017,2019,2023,2024"
judge_corps_caption,j-webb-1,Jay Webb,001j000000iwxajaa1,Troopers,MP,World Class,6,0.2722,-1.2833,0.1167,0.6855,-1.0714,1.6159,1.4601,0.5,0.3971,"2016,2019,2023,2024,2025"
judge_corps_caption,j-gilley-1,Jackie Gilley,001j000000iwx9saad,Guardians,VP,Open Class,5,-0.303,0.3041,-0.1165,0.2572,-0.8072,0.2012,0.4384,0.2,-1.178,"2016,2017,2018,2019"
judge_corps_caption,h-nguyen-1,Hieu Nguyen,001j000000iwxa0aal,Legends,CG,Open Class,11,0.201,0.2291,0.1164,0.2998,-0.3866,0.7886,0.7756,0.5455,0.6704,"2016,2017,2018,2019,2022"
judge_corps_caption,j-harper-1,Jeff Harper,001j000000i6i9saav,Blue Devils,MA,World Class,10,0.2096,0.0842,0.1164,0.1182,-0.022,0.4412,0.3454,0.9,1.7736,"2017,2018,2023,2024,2025"
judge_corps_caption,t-pierce-1,Tim Pierce,001j000000iwwsoaal,Blue Knights,VA,World Class,7,-0.2492,0.0281,-0.1163,0.3951,-1.0236,0.5251,0.7029,0.4286,-0.6308,"2019,2022,2023,2024"
judge_corps_caption,c-phillips-1,Chester Phillips,001j000000h3xwcaav,Santa Clara Vanguard,MB,World Class,16,0.1744,0.4317,0.1162,0.1069,-0.0352,0.384,0.3246,0.6875,1.6304,"2013,2016,2017,2018,2019,2022,2025"
judge_corps_caption,m-hoskins-1,Mark Hoskins,001j000000iwx97aad,Colt Cadets,MB,Open Class,14,-0.1826,0.0739,-0.1162,0.2997,-0.7701,0.4048,0.8389,0.6429,-0.6094,"2015,2016,2017,2018,2019,2022,2024,2025"
judge_corps_caption,j-rhodes-1,Jodie Rhodes,001j000000iwx9aaat,Crossmen,GE2,World Class,11,0.2008,0.573,0.1162,0.1653,-0.1233,0.5249,0.4241,0.8182,1.2144,"2022,2023,2024,2025"
judge_corps_caption,k-miller-1,Kyle Miller,001j000000h3xwcaav,Santa Clara Vanguard,VP,World Class,13,-0.1876,-0.1798,-0.1161,0.5158,-1.1985,0.8234,1.1175,0.8462,-0.3637,"2013,2014,2015,2016,2017,2018,2022,2025"
judge_corps_caption,f-morris-1,Frank Morris,001j000000i6i9saav,Blue Devils,GE1,World Class,10,0.2089,0.5272,0.116,0.0897,0.033,0.3847,0.2769,0.8,2.3281,"2013,2014,2015,2016"
judge_corps_caption,m-waymire-1,Mark Waymire,001j000000iwwsoaal,Blue Knights,MA,World Class,5,0.301,0.9346,0.1158,0.1569,-0.0065,0.6084,0.3496,0.8,1.9187,"2016,2017,2018,2019"
judge_corps_caption,m-howard-1,Mike Howard,001j000000iwx91aad,Carolina Crown,GE2,World Class,6,-0.2702,-0.073,-0.1158,0.3376,-0.9319,0.3914,0.4133,0.5,-0.8006,"2024,2025"
judge_corps_caption,j-prosperie-1,Jeff Prosperie,001j000000iwxafaa1,The Cavaliers,MP,World Class,20,0.162,0.2939,0.1157,0.0772,0.0106,0.3134,0.2782,0.8,2.0972,"2013,2014,2015,2016,2017,2018,2019,2024,2025"
judge_corps_caption,b-crisp-1,Bryan Crisp,001j000000iwxaeaa1,The Academy,MB,World Class,9,0.2186,0.2531,0.1157,0.2261,-0.2245,0.6617,0.5351,0.6667,0.9669,"2018,2019,2023,2024,2025"
judge_corps_caption,k-weirich-1,Kyle Weirich,001j000000iwxa1aal,Les Stentors,MA,Open Class,6,-0.2697,0.3444,-0.1156,0.3327,-0.9218,0.3823,0.5859,0.5,-0.8108,"2016,2019,2022"
judge_corps_caption,d-argul-1,Dennis Argul,001j000000iwxajaa1,Troopers,MB,World Class,5,0.3007,0.8015,0.1156,0.2059,-0.1029,0.7042,0.443,0.8,1.4603,"2016,2019,2025"
judge_corps_caption,b-kuhn-1,Blair Kuhn,001j000000iwwslaal,7th Regiment,VA,Open Class,5,0.3006,0.5209,0.1156,0.2491,-0.1877,0.7888,0.4435,0.8,1.2064,"2018,2022,2024,2025"
judge_corps_caption,k-young-1,Kyle Young,001j000000iwxajaa1,Troopers,MA,World Class,7,0.2478,0.2142,0.1156,0.135,-0.0168,0.5124,0.3147,0.5714,1.8356,"2023,2024,2025"
judge_corps_caption,c-nelson-1,Carl Nelson,001j000000iwxa8aal,Pioneer,VP,World Class,7,0.2474,0.4325,0.1155,0.1663,-0.0786,0.5735,0.4314,0.5714,1.4875,"2017,2018"
judge_corps_caption,a-lo-1,Albert Lo,001j000000iwx91aad,Carolina Crown,MB,World Class,14,-0.1813,-0.042,-0.1154,0.4208,-1.006,0.6434,0.6626,0.7143,-0.4309,"2013,2014,2015,2018,2019"
judge_corps_caption,m-mullinix-1,Max Mullinix,001j000000h3xwcaav,Santa Clara Vanguard,MP,World Class,5,0.2999,0.4394,0.1154,0.0903,0.123,0.4769,0.2999,1,3.3219,"2014,2015"
judge_corps_caption,w-dillon-1,Wayne Dillon,001j000000iwx9waad,Jersey Surf,MA,World Class,5,-0.2998,-0.3449,-0.1153,0.7707,-1.8103,1.2107,1.4337,0.6,-0.389,"2013,2015,2017,2022"
judge_corps_caption,j-bell-1,John Bell,001j000000i6lenaa3,Madison Scouts,GE2,World Class,19,0.1639,0.3048,0.1153,0.175,-0.1791,0.5069,0.5107,0.7895,0.9365,"2013,2014,2015,2016,2017,2018,2019"
judge_corps_caption,j-ausdemore-1,Jeff Ausdemore,001j000000iwx9aaat,Crossmen,MP,World Class,16,-0.1729,-0.3155,-0.1153,0.401,-0.9589,0.6132,1.0057,0.5625,-0.4311,"2015,2016,2017,2018,2019,2022"
judge_corps_caption,w-dillon-1,Wayne Dillon,001j000000iwxaaaa1,Raiders,GE2,Open Class,6,-0.2689,-0.4085,-0.1152,0.5485,-1.344,0.8062,0.935,0.5,-0.4901,"2015,2018,2019,2023"
judge_corps_caption,r-greenwell-1,Randy Greenwell,001j000000iwxa1aal,Les Stentors,GE2,Open Class,7,0.2466,0.2709,0.1151,0.313,-0.3669,0.8601,0.6581,0.5714,0.7878,"2013,2014,2016"
judge_corps_caption,m-mccourt-1,Meghan McCourt,001j000000iwwsraal,Bluecoats,GE1,World Class,9,-0.2174,0.037,-0.1151,0.3701,-0.9428,0.508,0.7043,0.7778,-0.5874,"2019,2022,2023,2025"
judge_corps_caption,w-chumley-1,William Chumley,001j000000iwxafaa1,The Cavaliers,VA,World Class,11,0.1987,0.2268,0.115,0.1897,-0.173,0.5704,0.5254,0.8182,1.0477,"2014,2016,2017,2018,2019,2023,2025"
judge_corps_caption,m-thompson-1,Michael Thompson,001j000000iwxa1aal,Les Stentors,CG,Open Class,6,-0.2681,0.1298,-0.1149,0.4462,-1.1426,0.6064,0.9047,0.3333,-0.6008,"2013,2017,2023"
judge_corps_caption,t-wemhoff-1,Ted Wemhoff,001j000000iwxafaa1,The Cavaliers,GE1,World Class,24,0.1531,0.3736,0.1149,0.0534,0.0484,0.2579,0.2501,0.7083,2.8656,"2015,2016,2017,2018,2019,2022,2023,2024,2025"
judge_corps_caption,p-madden-1,Phil Madden,001j000000iwx91aad,Carolina Crown,GE1,World Class,5,0.2985,0.3737,0.1148,0.1562,-0.0076,0.6046,0.361,0.8,1.9114,"2015,2016,2018"
judge_corps_caption,m-anderson-1,Mike Anderson,001j000000iwxaeaa1,The Academy,GE1,World Class,11,0.1979,0.5276,0.1146,0.1266,-0.0503,0.4461,0.3201,0.7273,1.5628,"2014,2018,2019,2022"
judge_corps_caption,r-solomon-1,Robert Solomon,001j000000i6kalaa3,Blue Devils C,VP,Open Class,5,-0.2977,-0.6962,-0.1145,0.5726,-1.4201,0.8246,1.0103,0.6,-0.52,"2013,2018,2023,2024,2025"
judge_corps_caption,r-solomon-1,Robert Solomon,001j000000iwx9uaad,Impulse,CG,Open Class,12,0.1908,-0.0706,0.1145,0.8387,-1.4531,1.8347,2.1959,0.5833,0.2275,"2013,2015,2018,2019,2022,2023,2024"
judge_corps_caption,w-whaley-1,WL Whaley,001j000000iwx9oaad,Genesis,GE2,Open Class,7,0.2454,0.8414,0.1145,0.1709,-0.0896,0.5804,0.3286,0.7143,1.4359,"2013,2014,2016,2018,2019"
judge_corps_caption,j-harper-1,Jeff Harper,001j000000iwx9waad,Jersey Surf,MA,World Class,8,0.2289,0.0999,0.1145,0.116,0.0015,0.4563,0.3419,0.75,1.9733,"2017,2019,2023,2024"
judge_corps_caption,j-bell-1,John Bell,001j000000h3xrnaav,Phantom Regiment,GE2,World Class,21,-0.158,-0.0059,-0.1144,0.3161,-0.7776,0.4615,0.7285,0.619,-0.4999,"2013,2015,2016,2017,2018,2019,2022"
judge_corps_caption,b-mascaro-1,Bret Mascaro,001j000000iwwssaal,Boston Crusaders,VA,World Class,14,0.1798,0.525,0.1144,0.1049,-0.0259,0.3854,0.3735,0.7143,1.7135,"2013,2015,2016,2017,2018,2019"
judge_corps_caption,g-markham-1,Garland Markham,001j000000iwxafaa1,The Cavaliers,GE2,World Class,5,0.2972,0.248,0.1143,0.0423,0.2143,0.3802,0.2972,1,7.0262,"2014,2016,2017,2019"
judge_corps_caption,m-gray-1,Michael Gray,001j000000h3xrnaav,Phantom Regiment,GE1,World Class,15,-0.1752,-0.0714,-0.1143,0.364,-0.8886,0.5382,0.6063,0.6667,-0.4814,"2016,2017,2018,2019,2024"
judge_corps_caption,j-tate-1,Jeremy Tate,001j000000iwxadaa1,Spirit of Atlanta,VP,World Class,5,-0.2973,-0.0504,-0.1143,0.64,-1.5516,0.9571,0.85,0.6,-0.4645,"2023,2025"
judge_corps_caption,j-harper-1,Jeff Harper,001j000000iwx97aad,Colt Cadets,MB,Open Class,5,-0.2969,-0.2705,-0.1142,0.4678,-1.2139,0.62,0.6478,0.4,-0.6347,"2013,2016,2017,2018,2022"
judge_corps_caption,k-turner-1,Ken Turner,001j000000iwwsraal,Bluecoats,MA,World Class,7,-0.2447,-0.4487,-0.1142,0.4459,-1.1188,0.6293,0.7879,0.4286,-0.5487,"2013,2016,2017,2018,2019,2022,2025"
judge_corps_caption,n-jones-1,Nola Jones,001j000000iwxacaa1,Spartans,GE2,Open Class,8,-0.2281,-0.1648,-0.1141,0.2162,-0.6518,0.1955,0.4576,0.5,-1.0554,"2013,2015,2016,2018,2024,2025"
judge_corps_caption,n-jones-1,Nola Jones,001j000000iwxafaa1,The Cavaliers,GE2,World Class,28,-0.1465,-0.2515,-0.114,0.2174,-0.5727,0.2796,0.6517,0.7143,-0.674,"2013,2014,2015,2016,2017,2018,2019,2022,2023,2024,2025"
judge_corps_caption,j-harper-1,Jeff Harper,001j000000h3xrnaav,Phantom Regiment,GE2,World Class,7,0.2442,0.0781,0.114,0.1605,-0.0703,0.5588,0.4111,0.7143,1.5217,"2013,2014,2016,2017,2023"
judge_corps_caption,j-prosperie-1,Jeff Prosperie,001j000000iwxa7aal,Pacific Crest,MP,World Class,15,0.1748,0.3301,0.114,0.0896,-0.0008,0.3504,0.2891,0.6,1.9509,"2013,2014,2015,2016,2017,2018,2019,2025"
judge_corps_caption,w-dillon-1,Wayne Dillon,001j000000iwxa8aal,Pioneer,GE2,World Class,5,0.2963,0.2958,0.1139,0.152,-0.0017,0.5943,0.3258,0.8,1.9485,"2013,2014,2015,2016"
judge_corps_caption,m-turner-1,Michael Turner,001j000000iwxadaa1,Spirit of Atlanta,VP,World Class,14,0.1789,0.3215,0.1138,0.1184,-0.0531,0.4108,0.362,0.6429,1.5112,"2013,2014,2016,2017,2018,2023,2024"
judge_corps_caption,s-page-1,Steven Page,001j000000iwx97aad,Colt Cadets,MB,Open Class,15,0.1744,0.5142,0.1138,0.1483,-0.1163,0.4652,0.4486,0.7333,1.1759,"2013,2014,2015,2016,2017,2018,2022,2024,2025"
judge_corps_caption,s-adamo-1,Sal Adamo,001j000000iwxa5aal,Music City,VA,Open Class,6,0.2655,0.2658,0.1138,0.4639,-0.6438,1.1748,0.8302,0.8333,0.5723,"2014,2018,2024,2025"
judge_corps_caption,d-argul-1,Dennis Argul,001j000000iwxa0aal,Legends,MB,Open Class,5,0.2956,0.91,0.1137,0.2416,-0.1779,0.7691,0.4029,0.8,1.2235,"2015,2017,2019"
judge_corps_caption,g-oliviero-1,George Oliviero,001j000000i6i9saav,Blue Devils,GE1,World Class,10,-0.2044,-0.765,-0.1136,0.6211,-1.4219,1.013,1.5024,0.7,-0.3291,"2013,2014,2015,2017,2018,2019,2024"
judge_corps_caption,j-webb-1,Jay Webb,001j000000h3xrnaav,Phantom Regiment,MA,World Class,11,-0.1963,-0.2694,-0.1136,0.5088,-1.1935,0.801,1.0193,0.8182,-0.3858,"2014,2018,2022,2023,2024,2025"
judge_corps_caption,j-wilson-1,Jeff Wilson,001j000000f17bwaaa,Watchmen,MP,Open Class,7,0.2433,0.5134,0.1136,0.2472,-0.2412,0.7279,0.5878,0.7143,0.9843,"2017,2018,2019"
judge_corps_caption,s-adamo-1,Sal Adamo,001j000000iwwsqaal,Blue Stars,VA,World Class,8,0.227,0.3861,0.1135,0.1072,0.0169,0.4372,0.3226,0.75,2.1179,"2014,2016,2017,2023"
judge_corps_caption,m-turner-1,Michael Turner,001j000000iwxa6aal,Oregon Crusaders,VP,World Class,11,0.1958,0.3117,0.1134,0.1227,-0.0447,0.4364,0.36,0.7273,1.5957,"2013,2015,2016,2017,2018"
judge_corps_caption,b-jones-1,Bruce Jones,001j000000i6i9saav,Blue Devils,VP,World Class,9,0.2139,0.4516,0.1133,0.0984,0.0211,0.4067,0.2877,0.7778,2.1749,"2013,2014,2015,2016,2018,2023"
judge_corps_caption,c-romanowski-1,Chris Romanowski,001j000000iwxa3aal,Mandarins,MA,World Class,17,-0.1666,0.0063,-0.1133,0.2226,-0.6029,0.2697,0.4654,0.7059,-0.7484,"2018,2019,2023,2024,2025"
judge_corps_caption,w-rickart-1,Warren Rickart,001j000000iwx93aad,Seattle Cascades,GE1,World Class,7,-0.2428,0.0587,-0.1133,0.127,-0.4917,0.0061,0.269,0.2857,-1.9122,"2019,2023,2025"
judge_corps_caption,j-howell-1,John Howell,001j000000iwwsoaal,Blue Knights,CG,World Class,13,-0.1827,-0.1564,-0.1131,0.4628,-1.0897,0.7244,0.9641,0.6923,-0.3947,"2013,2015,2017,2018,2019,2022,2023,2025"
judge_corps_caption,d-argul-1,Dennis Argul,001j000000h3xwcaav,Santa Clara Vanguard,MB,World Class,10,0.2034,0.7121,0.113,0.1494,-0.0894,0.4962,0.3636,0.5,1.3615,"2016,2017,2019,2025"
judge_corps_caption,j-prosperie-1,Jeff Prosperie,001j000000iwwslaal,7th Regiment,MP,Open Class,5,-0.2935,-0.7142,-0.1129,0.945,-2.1456,1.5587,1.3249,0.4,-0.3106,"2014,2016,2019,2025"
judge_corps_caption,d-argul-1,Dennis Argul,001j000000iwwsoaal,Blue Knights,MB,World Class,8,0.2257,0.7253,0.1129,0.0809,0.0671,0.3844,0.2974,0.875,2.7893,"2016,2019,2025"
judge_corps_caption,g-boulden-1,George Boulden,001j000000iwx93aad,Seattle Cascades,MB,World Class,7,0.2416,0.5685,0.1128,0.1434,-0.0395,0.5227,0.3562,0.8571,1.6846,"2013,2014,2015"
judge_corps_caption,m-turner-1,Michael Turner,001j000000iwwsqaal,Blue Stars,CG,World Class,14,0.1771,0.3258,0.1127,0.2036,-0.2218,0.5761,0.5895,0.7143,0.8702,"2014,2015,2017,2018,2023,2024,2025"
judge_corps_caption,l-carlson-1,Lee Carlson,001j000000iwxa6aal,Oregon Crusaders,GE1,World Class,5,0.293,0.645,0.1127,0.1466,0.0056,0.5803,0.3405,0.8,1.9983,"2015,2016"
judge_corps_caption,m-leitzke-1,Mike Leitzke,001j000000iwxaaaa1,Raiders,MP,Open Class,13,0.1821,0.2994,0.1127,0.1459,-0.1039,0.4681,0.5037,0.6154,1.248,"2015,2016,2017,2018,2019,2023"
judge_corps_caption,p-haines-1,Phillip Haines,001j0000012y6bqaac,The Battalion,GE2,Open Class,7,-0.2415,0.2159,-0.1127,0.5302,-1.2808,0.7978,0.8449,0.7143,-0.4555,"2017,2018,2023"
judge_corps_caption,m-howard-1,Mike Howard,001j000000iwxajaa1,Troopers,GE2,World Class,7,0.2414,0.437,0.1127,0.0917,0.0616,0.4212,0.2577,0.7143,2.6312,"2023,2024,2025"
judge_corps_caption,r-rodriguez-1,Rick Rodriguez,001j000000iwxa3aal,Mandarins,MP,World Class,5,0.2928,0.3528,0.1126,0.3273,-0.3487,0.9343,0.5888,0.6,0.8945,2014
judge_corps_caption,m-griffin-1,Marty Griffin,001j000000iwxa7aal,Pacific Crest,MA,World Class,6,-0.2624,-0.1945,-0.1125,0.6577,-1.5515,1.0266,0.9804,0.5,-0.3991,"2013,2018,2022,2024,2025"
judge_corps_caption,j-ausdemore-1,Jeff Ausdemore,001j000000iwxafaa1,The Cavaliers,MP,World Class,22,0.1534,0.0136,0.1125,0.2183,-0.2745,0.5814,0.8055,0.7273,0.7027,"2014,2015,2016,2017,2018,2022"
judge_corps_caption,j-orefice-1,Juno Orefice,001j000000iwx9aaat,Crossmen,VA,World Class,7,-0.2409,-0.0424,-0.1124,0.7988,-1.8065,1.3246,1.238,0.7143,-0.3016,"2013,2014,2016,2017,2023"
judge_corps_caption,r-solomon-1,Robert Solomon,001j000000i6lenaa3,Madison Scouts,CG,World Class,19,0.1597,0.2488,0.1124,0.0714,0.0198,0.2996,0.3026,0.7368,2.2369,"2013,2014,2015,2016,2017,2018,2019,2022,2023,2024,2025"
judge_corps_caption,s-adamo-1,Sal Adamo,001j000000iwwssaal,Boston Crusaders,VA,World Class,13,0.1814,0.3601,0.1123,0.1292,-0.0719,0.4347,0.3928,0.7692,1.4038,"2014,2016,2018,2019,2022,2023,2024,2025"
judge_corps_caption,d-deems-1,Don Deems,001j000000iwwsraal,Bluecoats,GE1,World Class,8,-0.2245,-0.1621,-0.1122,0.4586,-1.1233,0.6744,0.6274,0.75,-0.4894,"2017,2018,2024,2025"
judge_corps_caption,k-baker-1,Keith Baker,001j000000iwx9oaad,Genesis,VP,Open Class,5,0.2915,0.6633,0.1121,0.2979,-0.2925,0.8754,0.6354,0.8,0.9783,"2013,2014,2015"
judge_corps_caption,d-deems-1,Don Deems,001j000000iwwsoaal,Blue Knights,GE1,World Class,7,0.2403,0.2996,0.1121,0.1338,-0.022,0.5026,0.2943,0.5714,1.7953,"2018,2024,2025"
judge_corps_caption,s-adamo-1,Sal Adamo,001j000000iwx91aad,Carolina Crown,VP,World Class,11,0.1934,0.4652,0.112,0.1005,-0.0036,0.3904,0.2948,0.7273,1.924,"2014,2015,2016,2017,2019,2022,2024"
judge_corps_caption,g-fugett-1,Glenn Fugett,001j000000iwxa5aal,Music City,GE2,Open Class,18,-0.1618,-0.3414,-0.112,0.2718,-0.6945,0.3709,0.7261,0.6111,-0.5953,"2014,2015,2016,2018,2019,2022,2023,2024,2025"
judge_corps_caption,m-davis-1,Mike Davis,001j000000iwx93aad,Seattle Cascades,MP,World Class,8,0.2238,0.4439,0.1119,0.2494,-0.265,0.7126,0.6088,0.75,0.8973,"2013,2014,2017,2018,2019,2023,2024,2025"
judge_corps_caption,n-jones-1,Nola Jones,001j000000iwxa3aal,Mandarins,GE2,World Class,25,-0.1477,-0.2272,-0.1119,0.2215,-0.5819,0.2864,0.5906,0.68,-0.6669,"2013,2014,2015,2016,2017,2018,2019,2023,2025"
judge_corps_caption,r-solomon-1,Robert Solomon,001j000000iwx9waad,Jersey Surf,CG,World Class,11,0.1933,0.309,0.1119,0.1369,-0.075,0.4616,0.3607,0.6364,1.4121,"2014,2015,2016,2017,2018,2023"
judge_corps_caption,j-howell-1,John Howell,001j000000iwxa7aal,Pacific Crest,GE1,World Class,13,0.1807,0.17,0.1119,0.2,-0.2113,0.5727,0.522,0.6923,0.9036,"2015,2016,2017,2018,2019,2022,2023,2025"
judge_corps_caption,d-carbone-1,Dave Carbone,001j000000iwx9waad,Jersey Surf,MA,World Class,10,-0.2013,-0.0323,-0.1118,0.3794,-0.9449,0.5423,0.6503,0.3,-0.5305,"2013,2014,2016,2017,2018,2022"
judge_corps_caption,k-baker-1,Keith Baker,001j000000iwxacaa1,Spartans,GE1,Open Class,10,0.2012,0.6074,0.1118,0.1965,-0.184,0.5864,0.5483,0.6,1.0238,"2013,2016,2017,2023,2024"
judge_corps_caption,a-lo-1,Albert Lo,001j000000iwwssaal,Boston Crusaders,MA,World Class,5,0.2902,0.6348,0.1116,0.3029,-0.3035,0.8839,0.6111,0.8,0.9581,"2013,2014,2015"
judge_corps_caption,c-nelson-1,Carl Nelson,001j000000i6kalaa3,Blue Devils C,VA,Open Class,9,0.2108,0.0296,0.1116,0.3171,-0.4108,0.8324,0.8277,0.6667,0.6646,"2014,2016,2017,2018,2022,2023,2024"
judge_corps_caption,r-solomon-1,Robert Solomon,001j000000iwwsoaal,Blue Knights,VA,World Class,5,-0.2901,-0.2065,-0.1116,0.278,-0.8349,0.2547,0.5348,0.4,-1.0438,"2015,2016,2017,2023,2025"
judge_corps_caption,p-haines-1,Phillip Haines,001j000000iwx9uaad,Impulse,MB,Open Class,6,-0.2602,-0.2906,-0.1115,0.7346,-1.7,1.1796,1.4054,0.6667,-0.3542,"2013,2019,2022,2024"
judge_corps_caption,m-mullinix-1,Max Mullinix,001j000000iwxa5aal,Music City,MP,Open Class,6,-0.2601,-0.0536,-0.1115,0.6947,-1.6217,1.1016,1.1005,0.6667,-0.3743,"2015,2017"
judge_corps_caption,c-moss-1,Chris Moss,001j000000iwxa3aal,Mandarins,VP,World Class,13,-0.1799,0.0628,-0.1114,0.1663,-0.5059,0.1461,0.4743,0.5385,-1.0818,"2013,2015,2016,2018,2019,2022,2024"
judge_corps_caption,f-miller-1,Frank Miller,001j000000iwxajaa1,Troopers,VA,World Class,8,-0.2227,0.0416,-0.1114,0.2375,-0.6882,0.2428,0.3202,0.5,-0.9377,"2013,2014,2015,2016"
judge_corps_caption,f-miller-1,Frank Miller,001j000000i6i9saav,Blue Devils,VA,World Class,10,0.2003,0.4732,0.1113,0.1145,-0.0241,0.4247,0.3037,0.7,1.7495,"2013,2014,2015,2016,2017"
judge_corps_caption,a-lo-1,Albert Lo,001j000000i6lenaa3,Madison Scouts,MB,World Class,8,0.2227,0.3304,0.1113,0.0972,0.0322,0.4132,0.3119,0.75,2.291,"2013,2014,2015,2018,2022"
judge_corps_caption,c-nelson-1,Carl Nelson,001j000000iwxabaa1,Southwind,VP,Open Class,7,0.2386,0.5295,0.1113,0.1798,-0.1138,0.591,0.4286,0.7143,1.3272,"2016,2017,2018,2019"
judge_corps_caption,j-carlisle-1,JR Carlisle,001j000000iwx9aaat,Crossmen,VA,World Class,5,-0.2891,-0.0075,-0.1112,0.1637,-0.6099,0.0318,0.292,0.2,-1.7658,"2013,2016"
judge_corps_caption,k-turner-1,Ken Turner,001j000000iwxa8aal,Pioneer,GE2,World Class,9,-0.21,0.1759,-0.1112,0.3818,-0.9583,0.5383,0.7085,0.5556,-0.55,"2013,2014,2015,2016,2017"
judge_corps_caption,d-carbone-1,Dave Carbone,001j000000iwx93aad,Seattle Cascades,MA,World Class,12,-0.1849,-0.0154,-0.1109,0.2812,-0.7361,0.3664,0.6118,0.5,-0.6573,"2013,2014,2016,2017,2019,2025"
judge_corps_caption,d-torchia-1,Debbie Torchia,001j000000iwxajaa1,Troopers,CG,World Class,7,0.2377,0.1237,0.1109,0.319,-0.3875,0.8629,0.743,0.7143,0.7451,"2013,2015,2016,2018,2023,2025"
judge_corps_caption,k-baker-1,Keith Baker,001j000000iwxacaa1,Spartans,VA,Open Class,13,0.1792,0.431,0.1109,0.2559,-0.3223,0.6807,0.7021,0.5385,0.7003,"2013,2014,2016,2017,2018,2023,2024,2025"
judge_corps_caption,w-dillon-1,Wayne Dillon,001j000000iwwsoaal,Blue Knights,MB,World Class,13,0.1791,0.178,0.1108,0.2531,-0.3171,0.6752,0.7744,0.6154,0.7074,"2013,2014,2015,2016,2017,2018,2019,2025"
judge_corps_caption,s-adamo-1,Sal Adamo,001j000000iwxaeaa1,The Academy,VA,World Class,8,0.2214,0.3706,0.1107,0.0639,0.0961,0.3466,0.2477,0.875,3.4643,"2014,2015,2016,2017,2022,2024,2025"
judge_corps_caption,j-pipitone-1,JJ Pipitone,001j000000h3xrnaav,Phantom Regiment,MP,World Class,6,0.2581,0.433,0.1106,0.1968,-0.1275,0.6438,0.4157,0.8333,1.3118,"2013,2014,2015"
judge_corps_caption,b-brahan-1,Beverly Brahan,001j000000i6i9saav,Blue Devils,CG,World Class,7,0.2371,0.6204,0.1106,0.0719,0.0961,0.3781,0.2371,1,3.2959,"2022,2023,2025"
judge_corps_caption,j-prosperie-1,Jeff Prosperie,001j000000iwx98aad,Colts,MP,World Class,15,-0.1695,-0.028,-0.1105,0.1097,-0.3845,0.0456,0.3109,0.5333,-1.5444,"2013,2014,2015,2016,2017,2018,2019,2024"
judge_corps_caption,k-baker-1,Keith Baker,001j000000iwxa5aal,Music City,GE1,Open Class,5,-0.2874,0.0511,-0.1105,0.3304,-0.9351,0.3603,0.4004,0.4,-0.8698,"2016,2017,2023,2025"
judge_corps_caption,f-morris-1,Frank Morris,001j000000iwxa3aal,Mandarins,GE1,World Class,7,0.2366,0.5789,0.1104,0.2616,-0.2762,0.7494,0.5531,0.7143,0.9043,"2013,2015,2016"
judge_corps_caption,n-jones-1,Nola Jones,001j000000iwx9aaat,Crossmen,MA,World Class,5,-0.2872,-0.8117,-0.1104,1.1818,-2.6035,2.0291,1.6903,0.8,-0.243,"2014,2016,2017,2022,2023"
judge_corps_caption,m-leitzke-1,Mike Leitzke,001j000000iwx9paad,Gold,MP,Open Class,20,-0.1545,-0.0433,-0.1104,0.2355,-0.6161,0.3071,0.7333,0.5,-0.6561,"2015,2016,2017,2018,2019,2022,2023,2025"
judge_corps_caption,c-rothe-1,Caleb Rothe,001j000000iwxajaa1,Troopers,GE2,World Class,12,0.184,0.2769,0.1104,0.1052,-0.0221,0.3901,0.3299,0.5833,1.7495,"2016,2018,2019,2022,2023,2024,2025"
judge_corps_caption,w-dillon-1,Wayne Dillon,001j000000iwwslaal,7th Regiment,GE2,Open Class,7,-0.2359,-0.3972,-0.1101,0.7854,-1.7752,1.3034,1.1754,0.7143,-0.3004,"2014,2015,2018,2019,2022,2023"
judge_corps_caption,j-denton-1,Joel Denton,001j000000iwx97aad,Colt Cadets,GE2,Open Class,11,-0.1901,0.3581,-0.1101,0.0855,-0.3577,-0.0226,0.2523,0.1818,-2.2248,"2015,2017,2022,2024,2025"
judge_corps_caption,m-griffin-1,Marty Griffin,001j000000iwxajaa1,Troopers,MP,World Class,22,-0.1501,0.101,-0.11,0.2614,-0.6624,0.3623,0.6046,0.6818,-0.5741,"2013,2014,2015,2017,2018,2025"
judge_corps_caption,s-page-1,Steven Page,001j000000i6i9saav,Blue Devils,MB,World Class,17,0.1617,0.3408,0.1099,0.087,-0.0087,0.3321,0.3317,0.7647,1.8595,"2014,2015,2016,2017,2018,2022,2024"
judge_corps_caption,a-kristensen-1,Allan Kristensen,001j000000iwxajaa1,Troopers,MP,World Class,10,-0.1978,-0.8247,-0.1099,0.7171,-1.6033,1.2077,1.676,0.7,-0.2758,"2014,2015,2016,2018,2019"
judge_corps_caption,m-anderson-1,Mike Anderson,001j000000iwwsraal,Bluecoats,GE1,World Class,9,0.2072,0.5481,0.1097,0.0827,0.0451,0.3693,0.2545,0.7778,2.505,"2014,2015,2018,2019"
judge_corps_caption,p-madden-1,Phil Madden,001j0000012y6bqaac,The Battalion,GE1,Open Class,6,-0.2559,-0.1661,-0.1097,0.6103,-1.4521,0.9403,1.205,0.5,-0.4193,"2016,2017,2018,2019,2024"
judge_corps_caption,c-armbruster-1,Chad Armbruster,001j000000iwwsqaal,Blue Stars,GE2,World Class,8,0.2195,0.0897,0.1097,0.359,-0.4842,0.9232,0.7777,0.875,0.6114,"2016,2018,2019,2022,2023,2025"
judge_corps_caption,t-pierce-1,Tim Pierce,001j000000i6kfgaan,The Cadets,VA,World Class,6,0.2558,0.5115,0.1096,0.1602,-0.0582,0.5698,0.3222,0.6667,1.5968,"2019,2022,2023"
judge_corps_caption,j-prosperie-1,Jeff Prosperie,001j000000iwx9aaat,Crossmen,MP,World Class,17,-0.1611,-0.0323,-0.1095,0.184,-0.5216,0.1995,0.4058,0.5882,-0.8755,"2013,2014,2015,2016,2017,2018,2019"
judge_corps_caption,l-carlson-1,Lee Carlson,001j000000iwxa3aal,Mandarins,GE1,World Class,8,-0.2187,0.1832,-0.1093,0.2754,-0.7585,0.3211,0.6069,0.5,-0.794,"2013,2014,2015,2016"
judge_corps_caption,g-fugett-1,Glenn Fugett,001j000000iwwsraal,Bluecoats,MP,World Class,8,0.2186,-0.2511,0.1093,0.3869,-0.5398,0.977,0.8176,0.875,0.5649,"2013,2014,2015,2016,2019,2023"
judge_corps_caption,d-carbone-1,Dave Carbone,001j000000iwxacaa1,Spartans,MA,Open Class,7,0.234,-0.1288,0.1092,0.34,-0.4323,0.9004,0.7449,0.7143,0.6884,"2014,2016,2022,2023,2025"
judge_corps_caption,b-mascaro-1,Bret Mascaro,001j000000iwxa3aal,Mandarins,VA,World Class,11,0.1884,0.5546,0.1091,0.1352,-0.0766,0.4535,0.3851,0.6364,1.3933,"2013,2014,2015,2016,2017,2018"
judge_corps_caption,m-anderson-1,Mike Anderson,001j000000i6lenaa3,Madison Scouts,GE1,World Class,8,-0.2182,0.101,-0.1091,0.0721,-0.3595,-0.077,0.2401,0.125,-3.0276,"2014,2018,2019"
judge_corps_caption,m-waymire-1,Mark Waymire,001j000000iwx97aad,Colt Cadets,GE2,Open Class,5,-0.2837,-0.0793,-0.1091,0.7423,-1.7386,1.1712,1.1222,0.6,-0.3822,"2016,2017,2019,2022"
judge_corps_caption,b-crisp-1,Bryan Crisp,001j000000iwx9oaad,Genesis,MB,World Class,8,-0.2183,-0.1466,-0.1091,0.2286,-0.6664,0.2298,0.4354,0.25,-0.9548,"2023,2024,2025"
judge_corps_caption,g-fugett-1,Glenn Fugett,001j000000i6i9saav,Blue Devils,GE2,World Class,27,-0.1412,-0.2708,-0.1089,0.3049,-0.7387,0.4564,0.9478,0.8519,-0.463,"2013,2014,2015,2016,2017,2018,2019,2022,2023,2024,2025"
judge_corps_caption,p-furnari-1,Peter Furnari,001j000000iwxaaaa1,Raiders,MP,Open Class,5,0.2832,-0.0166,0.1089,0.4071,-0.5147,1.0811,0.7568,0.8,0.6957,"2017,2018,2023,2024"
judge_corps_caption,d-davis-1,Darrin Davis,001j000000iwxafaa1,The Cavaliers,GE2,World Class,16,-0.1631,-0.2898,-0.1088,0.3106,-0.7719,0.4456,0.6685,0.625,-0.5252,"2013,2014,2015,2016,2017,2018,2023,2024"
judge_corps_caption,m-waymire-1,Mark Waymire,001j000000iwxafaa1,The Cavaliers,GE2,World Class,8,0.2176,0.5571,0.1088,0.1304,-0.0379,0.4732,0.3566,0.75,1.669,"2016,2022,2023"
judge_corps_caption,m-howard-1,Mike Howard,001j000000iwxa3aal,Mandarins,GE2,World Class,6,0.2538,0.4614,0.1088,0.1347,-0.0102,0.5178,0.2974,0.6667,1.8844,"2023,2024,2025"
judge_corps_caption,k-turner-1,Ken Turner,001j000000iwx9aaat,Crossmen,GE2,World Class,12,-0.1812,0.2081,-0.1087,0.2605,-0.6918,0.3294,0.59,0.5833,-0.6955,"2013,2014,2015,2016,2017,2024,2025"
judge_corps_caption,s-adamo-1,Sal Adamo,001j000000iwx98aad,Colts,VA,World Class,10,0.1957,0.3486,0.1087,0.1465,-0.0914,0.4828,0.4121,0.7,1.3361,"2014,2016,2017,2023,2025"
judge_corps_caption,p-haines-1,Phillip Haines,001j000000iwwsoaal,Blue Knights,MA,World Class,8,0.2175,0.185,0.1087,0.0925,0.0361,0.3989,0.2622,0.75,2.3501,"2014,2015,2016,2018,2019,2022,2025"
judge_corps_caption,m-howard-1,Mike Howard,001j000000iwxa7aal,Pacific Crest,GE2,World Class,5,0.2825,0.4789,0.1087,0.1351,0.0178,0.5472,0.3114,0.8,2.0918,"2023,2024,2025"
judge_corps_caption,c-dillon-1,Christine Dillon,001j000000iwxacaa1,Spartans,GE1,Open Class,5,0.2824,1.169,0.1086,0.2482,-0.204,0.7688,0.5024,0.8,1.1379,"2013,2015,2017,2023"
judge_corps_caption,g-howarth-1,Gifford Howarth,001j000000iwwssaal,Boston Crusaders,MP,World Class,9,-0.205,0.0189,-0.1085,0.3484,-0.8878,0.4778,0.6769,0.3333,-0.5884,"2014,2015,2016,2017,2022"
judge_corps_caption,j-rhodes-1,Jodie Rhodes,001j000000iwx9oaad,Genesis,GE2,World Class,10,-0.1953,0.2424,-0.1085,0.198,-0.5833,0.1927,0.5811,0.4,-0.9865,"2023,2024,2025"
judge_corps_caption,m-gray-1,Michael Gray,001j000000iwwsqaal,Blue Stars,VA,World Class,6,0.2528,0.3642,0.1084,0.0998,0.0572,0.4485,0.2866,0.8333,2.5324,"2015,2016,2017,2018,2019"
judge_corps_caption,c-rapacki-1,Chris Rapacki,001j000000iwx91aad,Carolina Crown,MP,World Class,9,0.2048,0.2777,0.1084,0.0722,0.0634,0.3463,0.2487,0.6667,2.838,"2019,2022,2023,2025"
judge_corps_caption,m-waymire-1,Mark Waymire,001j000000h3xwcaav,Santa Clara Vanguard,GE2,World Class,8,0.2165,0.5748,0.1082,0.1381,-0.0542,0.4871,0.3555,0.625,1.5678,"2016,2017,2018,2019,2022"
judge_corps_caption,m-teal-1,Mark Teal,001j000000iwwsqaal,Blue Stars,MP,World Class,6,0.2525,0.5619,0.1082,0.1947,-0.129,0.6341,0.386,0.5,1.2972,"2018,2024,2025"
judge_corps_caption,s-page-1,Steven Page,001j000000h3xrnaav,Phantom Regiment,MB,World Class,18,-0.156,0.0023,-0.108,0.369,-0.8792,0.5672,0.8154,0.7222,-0.4228,"2014,2015,2016,2017,2018,2019,2022,2024"
judge_corps_caption,h-nguyen-1,Hieu Nguyen,001j000000iwxa2aal,Louisiana Stars,CG,Open Class,6,0.252,0.3077,0.108,0.3716,-0.4764,0.9804,0.7896,0.6667,0.678,"2016,2017,2018"
judge_corps_caption,c-moss-1,Chris Moss,001j000000iwx9oaad,Genesis,VP,Open Class,10,-0.194,-0.0046,-0.1078,0.5127,-1.1989,0.8109,1.1171,0.4,-0.3783,"2014,2016,2017,2018,2022,2023,2024"
judge_corps_caption,m-mullinix-1,Max Mullinix,001j000000iwxa0aal,Legends,MP,Open Class,6,0.2516,0.443,0.1078,0.674,-1.0695,1.5727,1.267,0.6667,0.3733,"2014,2015,2017"
judge_corps_caption,d-padilla-1,Damon Padilla,001j000000iwxa5aal,Music City,CG,World Class,6,0.2513,0.229,0.1077,0.3334,-0.4022,0.9048,0.6606,0.6667,0.7538,"2019,2022,2023"
judge_corps_caption,d-torchia-1,Debbie Torchia,001j000000iwxadaa1,Spirit of Atlanta,VA,World Class,13,-0.1736,-0.0863,-0.1074,0.1386,-0.4452,0.0981,0.3953,0.4615,-1.2524,"2013,2014,2015,2017,2018,2019,2023,2025"
judge_corps_caption,d-carbone-1,Dave Carbone,001j000000iwx91aad,Carolina Crown,MA,World Class,22,0.1464,0.3212,0.1074,0.1598,-0.1667,0.4595,0.4493,0.7727,0.9164,"2013,2014,2015,2016,2017,2018,2019,2022,2023,2024,2025"
judge_corps_caption,c-romanowski-1,Chris Romanowski,001j000000iwxa7aal,Pacific Crest,MP,World Class,5,-0.2791,-0.1991,-0.1074,0.8193,-1.885,1.3268,1.1876,0.6,-0.3407,"2017,2023,2024"
judge_corps_caption,j-brooks-1,Jeff Brooks,001j000000iwwsqaal,Blue Stars,MP,World Class,16,0.1611,0.4828,0.1074,0.2006,-0.232,0.5542,0.62,0.8125,0.8033,"2019,2022,2023,2024,2025"
judge_corps_caption,t-west-1,Tom West,001j000000i6kfgaan,The Cadets,GE2,World Class,5,0.2791,0.1753,0.1073,0.3033,-0.3154,0.8736,0.6345,0.8,0.9201,"2016,2018,2019"
judge_corps_caption,m-thompson-1,Michael Thompson,001j000000i6i9saav,Blue Devils,CG,World Class,6,0.2501,0.4937,0.1072,0.063,0.1266,0.3736,0.2501,1,3.9696,"2013,2015,2016,2024"
judge_corps_caption,j-kennedy-1,Jay Kennedy,001j000000iwxa8aal,Pioneer,MA,World Class,7,0.2296,0.5622,0.1071,0.1042,0.0253,0.4339,0.2642,0.8571,2.2023,"2013,2014,2015,2017,2018"
judge_corps_caption,b-dacy-1,Brittany Dacy,001j000000iwwsqaal,Blue Stars,MB,World Class,5,0.2785,0.4528,0.1071,0.342,-0.3919,0.9489,0.7133,0.8,0.8143,"2024,2025"
judge_corps_caption,m-lentz-1,Michael Lentz,001j000000h3xwcaav,Santa Clara Vanguard,VA,World Class,6,0.2497,0.4376,0.107,0.1607,-0.0653,0.5647,0.2965,0.6667,1.5537,"2013,2016,2017"
judge_corps_caption,j-harper-1,Jeff Harper,001j000000iwxadaa1,Spirit of Atlanta,GE2,World Class,7,0.2292,0.0657,0.107,0.3334,-0.4242,0.8826,0.6724,0.5714,0.6875,"2013,2014,2018,2023"
judge_corps_caption,c-rapacki-1,Chris Rapacki,001j000000iwx98aad,Colts,MP,World Class,10,-0.1924,-0.1251,-0.1069,0.2993,-0.779,0.3941,0.5039,0.6,-0.643,"2018,2019,2022,2023,2025"
judge_corps_caption,t-slaughter-1,Tom Slaughter,001j000000iwwsqaal,Blue Stars,VA,World Class,10,0.1924,0.547,0.1069,0.1203,-0.0433,0.4281,0.3024,0.7,1.5999,"2022,2023,2024,2025"
judge_corps_caption,c-rothe-1,Caleb Rothe,001j000000iwxafaa1,The Cavaliers,GE2,World Class,13,0.1724,0.2524,0.1068,0.0944,-0.0125,0.3574,0.2796,0.7692,1.8277,"2016,2018,2022,2023,2024,2025"
judge_corps_caption,b-fabrizio-1,Beth Fabrizio,001j000000iwx9aaat,Crossmen,MB,World Class,6,0.2488,0.2907,0.1066,0.6318,-0.9896,1.4872,1.158,0.8333,0.3938,"2013,2022,2023"
judge_corps_caption,j-brooks-1,Jeff Brooks,001j000000iwxacaa1,Spartans,MP,Open Class,9,-0.2014,0.0046,-0.1066,0.3548,-0.8969,0.4941,0.7531,0.4444,-0.5675,"2019,2022,2023,2024,2025"
judge_corps_caption,d-carbone-1,Dave Carbone,001j000000iwxaeaa1,The Academy,GE2,World Class,8,-0.213,-0.1943,-0.1065,0.4144,-1.0251,0.5992,0.8187,0.625,-0.514,"2013,2014,2016,2017,2023,2024"
judge_corps_caption,d-davis-1,Darrin Davis,001j000000iwxajaa1,Troopers,MA,World Class,7,0.2283,0.2347,0.1065,0.166,-0.0971,0.5537,0.3404,0.5714,1.3752,"2015,2018,2019,2024,2025"
judge_corps_caption,m-teal-1,Mark Teal,001j000000iwxa3aal,Mandarins,MP,World Class,8,0.2127,0.5605,0.1064,0.0742,0.0673,0.3582,0.2692,0.875,2.8668,"2016,2017,2023,2024,2025"
judge_corps_caption,d-carbone-1,Dave Carbone,001j000000iwx9aaat,Crossmen,GE2,World Class,6,0.2481,0.2543,0.1063,0.2174,-0.1781,0.6743,0.3158,0.6667,1.141,"2013,2014,2016,2017,2023"
judge_corps_caption,a-combites-1,Andy Combites,001j000000iwwsqaal,Blue Stars,VP,World Class,6,-0.248,-0.3157,-0.1063,0.8129,-1.8413,1.3452,1.1627,0.8333,-0.3051,"2016,2017,2018,2022"
judge_corps_caption,g-fugett-1,Glenn Fugett,001j000000iwx91aad,Carolina Crown,MA,World Class,7,0.2272,-0.2834,0.106,0.5746,-0.899,1.3534,1.117,0.8571,0.3954,"2015,2018,2023,2024,2025"
judge_corps_caption,e-martinez-1,Ed Martinez,001j000000iwx95aad,Vessel,GE1,Open Class,5,0.2756,1.1516,0.106,0.1829,-0.083,0.6341,0.4232,0.8,1.5064,"2018,2019"
judge_corps_caption,m-howard-1,Mike Howard,001j000000i6i9saav,Blue Devils,GE2,World Class,6,0.2474,0.4425,0.106,0.121,0.0102,0.4846,0.2784,0.8333,2.0446,"2023,2024,2025"
judge_corps_caption,t-pierce-1,Tim Pierce,001j000000i6i9saav,Blue Devils,VA,World Class,8,0.2118,0.4896,0.1059,0.0816,0.0518,0.3718,0.2488,0.75,2.5944,"2019,2022,2023,2024"
judge_corps_caption,j-sturgeon-1,Jim Sturgeon,001j000000iwxa5aal,Music City,VP,Open Class,6,0.2468,0.5149,0.1058,0.0668,0.1158,0.3777,0.2468,1,3.6941,"2015,2019,2022,2023"
judge_corps_caption,r-kemp-1,Richard Kemp,001j000000iwwsraal,Bluecoats,GE1,World Class,18,-0.1526,-0.31,-0.1057,0.3285,-0.7966,0.4913,0.7919,0.7778,-0.4646,"2013,2014,2015,2016,2017"
judge_corps_caption,p-madden-1,Phil Madden,001j000000iwxa7aal,Pacific Crest,VA,World Class,11,0.1826,0.4037,0.1057,0.1266,-0.0656,0.4308,0.3519,0.8182,1.442,"2016,2018,2019,2022,2023"
judge_corps_caption,m-lentz-1,Michael Lentz,001j000000iwxa7aal,Pacific Crest,CG,World Class,5,0.2743,0.613,0.1055,0.1048,0.0688,0.4797,0.2743,1,2.6168,"2013,2016,2017"
judge_corps_caption,j-davila-1,Julie Davila,001j000000iwwsqaal,Blue Stars,MA,World Class,8,-0.211,-0.3822,-0.1055,0.6071,-1.4009,0.9789,0.9141,0.75,-0.3475,"2016,2018,2019"
judge_corps_caption,r-solomon-1,Robert Solomon,001j000000iwx9uaad,Impulse,VP,Open Class,12,-0.1755,-0.5856,-0.1053,0.3863,-0.9325,0.5816,1.1101,0.5,-0.4543,"2013,2015,2016,2017,2018,2019,2023,2024,2025"
judge_corps_caption,c-phillips-1,Chester Phillips,001j000000iwx9oaad,Genesis,GE2,Open Class,5,-0.2739,-0.0709,-0.1053,0.5364,-1.3252,0.7774,0.924,0.4,-0.5106,"2013,2014,2025"
judge_corps_caption,c-church-1,CHRIS CHURCH,001j000000qzs1qaaf,River City Rhythm,VA,Open Class,5,-0.2738,-0.1734,-0.1053,0.93,-2.0966,1.5491,1.4155,0.6,-0.2944,"2016,2018,2023,2024"
judge_corps_caption,c-rothe-1,Caleb Rothe,001j000000h3xrnaav,Phantom Regiment,GE2,World Class,12,0.1754,0.2568,0.1053,0.072,0.0343,0.3166,0.2581,0.8333,2.4367,"2016,2017,2018,2022,2023,2024,2025"
judge_corps_caption,g-oliviero-1,George Oliviero,001j000000i6kalaa3,Blue Devils C,VA,Open Class,8,0.2104,-0.9295,0.1052,0.6683,-1.0994,1.5202,1.4327,0.5,0.3148,"2013,2014,2015,2018,2019,2024,2025"
judge_corps_caption,d-carbone-1,Dave Carbone,001j000000iwxafaa1,The Cavaliers,MA,World Class,19,0.1495,0.3109,0.1052,0.0659,0.0204,0.2786,0.2275,0.6842,2.2697,"2013,2014,2015,2016,2017,2019,2022,2024,2025"
judge_corps_caption,c-rothe-1,Caleb Rothe,001j000000h3xrnaav,Phantom Regiment,MA,World Class,5,0.2734,-0.0379,0.1052,0.2519,-0.2203,0.7672,0.5256,0.8,1.0855,"2014,2015,2016,2017"
judge_corps_caption,m-leitzke-1,Mike Leitzke,001j000000iwxa5aal,Music City,MP,Open Class,22,0.1432,0.121,0.105,0.1702,-0.1905,0.4768,0.5358,0.7273,0.8409,"2015,2016,2017,2018,2019,2022,2023,2024,2025"
judge_corps_caption,c-armbruster-1,Chad Armbruster,001j000000iwx98aad,Colts,MA,World Class,5,0.2727,-0.2806,0.1049,0.6808,-1.0616,1.6069,1.1856,0.8,0.4005,"2016,2018,2023,2024,2025"
judge_corps_caption,b-brahan-1,Beverly Brahan,001j000000i6kfgaan,The Cadets,CG,World Class,7,0.2247,0.588,0.1049,0.0577,0.1117,0.3377,0.2274,0.8571,3.896,"2022,2023"
judge_corps_caption,r-solomon-1,Robert Solomon,001j000000h3xwcaav,Santa Clara Vanguard,GE1,World Class,6,0.2445,-0.7821,0.1048,0.5801,-0.8924,1.3814,1.1377,0.6667,0.4215,"2017,2018,2019,2022,2024"
judge_corps_caption,b-fabrizio-1,Beth Fabrizio,001j000000iwx9oaad,Genesis,MA,Open Class,7,0.2244,0.8059,0.1047,0.1986,-0.165,0.6137,0.4528,0.5714,1.1295,"2013,2014,2016,2024"
judge_corps_caption,c-costanza-1,Curtis Costanza,001j000000iwwspaal,Blue Saints,GE1,Open Class,5,0.2722,0.5565,0.1047,0.578,-0.8607,1.4051,1.0987,0.6,0.4709,"2013,2014,2015"
judge_corps_caption,w-rickart-1,Warren Rickart,001j000000iwxaeaa1,The Academy,CG,World Class,9,0.1978,0.596,0.1047,0.1312,-0.0593,0.4549,0.3366,0.6667,1.508,"2019,2022,2023,2024,2025"
judge_corps_caption,k-miller-1,Kyle Miller,001j000000iwxajaa1,Troopers,CG,World Class,6,0.2442,-0.2243,0.1046,0.3683,-0.4777,0.9661,0.8264,0.6667,0.6629,"2013,2018,2019,2023"
judge_corps_caption,f-miller-1,Frank Miller,001j000000i6lenaa3,Madison Scouts,VA,World Class,8,0.2093,0.4419,0.1046,0.1676,-0.1193,0.5378,0.4256,0.625,1.2483,"2014,2015,2016,2017"
judge_corps_caption,j-howell-1,John Howell,001j000000iwxadaa1,Spirit of Atlanta,CG,World Class,8,0.2092,0.2123,0.1046,0.1899,-0.1629,0.5813,0.4665,0.875,1.102,"2014,2015,2017,2018,2019,2023"
judge_corps_caption,w-chumley-1,William Chumley,001j000000iwwssaal,Boston Crusaders,CG,World Class,7,0.2236,0.4772,0.1044,0.1191,-0.0099,0.4571,0.2512,0.7143,1.8768,"2014,2016,2017,2018,2023"
judge_corps_caption,d-torchia-1,Debbie Torchia,001j000000i6i9saav,Blue Devils,CG,World Class,13,0.1684,0.0643,0.1043,0.4763,-0.7652,1.102,1.0074,0.9231,0.3536,"2013,2014,2016,2017,2018"
judge_corps_caption,a-lo-1,Albert Lo,001j000000iwwsqaal,Blue Stars,MB,World Class,11,-0.1801,-0.0493,-0.1043,0.5255,-1.2101,0.8498,0.8562,0.7273,-0.3428,"2013,2014,2015,2018,2019,2022"
judge_corps_caption,j-howell-1,John Howell,001j000000iwxafaa1,The Cavaliers,VA,World Class,5,-0.2709,-1.641,-0.1042,1.2953,-2.8097,2.2678,2.3892,0.6,-0.2091,"2016,2018,2022,2024"
judge_corps_caption,w-chumley-1,William Chumley,001j000000i6i9saav,Blue Devils,CG,World Class,8,-0.2085,0.042,-0.1042,0.4784,-1.1462,0.7292,0.6724,0.875,-0.4357,"2016,2017,2018,2019,2022,2023"
judge_corps_caption,j-gilley-1,Jackie Gilley,001j000000iwxajaa1,Troopers,CG,World Class,8,-0.2083,-0.0884,-0.1041,0.1879,-0.5766,0.1601,0.4518,0.375,-1.1081,"2013,2014,2015,2018,2023"
judge_corps_caption,m-lentz-1,Michael Lentz,001j000000iwx91aad,Carolina Crown,CG,World Class,8,-0.2082,0.1168,-0.1041,0.5707,-1.3268,0.9103,0.8443,0.75,-0.3648,"2013,2016,2017"
judge_corps_caption,c-moss-1,Chris Moss,001j000000iwxacaa1,Spartans,VP,Open Class,7,-0.2228,-0.1799,-0.104,0.6575,-1.5116,1.066,1.2532,0.7143,-0.3388,"2016,2018,2022"
judge_corps_caption,b-fabrizio-1,Beth Fabrizio,001j000000iwwslaal,7th Regiment,GE2,Open Class,7,-0.2227,0.2898,-0.1039,0.6177,-1.4333,0.9879,0.9947,0.7143,-0.3606,"2016,2018,2019,2022"
judge_corps_caption,j-orefice-1,Juno Orefice,001j000000iwx9waad,Jersey Surf,VA,World Class,6,-0.2421,-0.0444,-0.1038,0.4424,-1.1092,0.625,0.7731,0.3333,-0.5472,"2013,2014,2015,2016,2017,2019"
judge_corps_caption,m-griffin-1,Marty Griffin,001j000000iwwsoaal,Blue Knights,MA,World Class,5,0.2699,0.3293,0.1038,0.1176,0.0393,0.5004,0.3118,0.8,2.2944,"2017,2018,2024,2025"
judge_corps_caption,k-giese-1,Ken Giese,001j000000iwx9oaad,Genesis,VA,Open Class,12,-0.1726,-0.3637,-0.1036,0.4719,-1.0976,0.7523,1.3071,0.6667,-0.3658,"2013,2014,2015,2016,2017,2018,2019"
judge_corps_caption,g-markham-1,Garland Markham,001j000000iwxajaa1,Troopers,MA,World Class,6,0.2418,0.513,0.1036,0.1701,-0.0915,0.5752,0.4128,0.6667,1.4219,"2014,2016,2017,2019"
judge_corps_caption,m-rubino-1,Mike Rubino,001j000000iwx9uaad,Impulse,MB,Open Class,6,0.2415,0.2973,0.1035,0.5177,-0.7733,1.2563,0.9764,0.8333,0.4665,"2013,2019,2022,2023,2025"
judge_corps_caption,m-gray-1,Michael Gray,001j000000i6lenaa3,Madison Scouts,VA,World Class,8,0.2071,0.2952,0.1035,0.1941,-0.1733,0.5875,0.4751,0.875,1.0671,"2015,2017,2018,2019,2025"
judge_corps_caption,w-rickart-1,Warren Rickart,001j000000iwwsraal,Bluecoats,GE1,World Class,8,0.207,0.5057,0.1035,0.0612,0.0869,0.327,0.229,0.75,3.3793,"2022,2023,2024"
judge_corps_caption,b-crisp-1,Bryan Crisp,001j000000iwwssaal,Boston Crusaders,MB,World Class,9,-0.1956,-0.1415,-0.1035,0.3492,-0.8799,0.4888,0.5411,0.4444,-0.5601,"2023,2024,2025"
judge_corps_caption,m-stone-1,Michael Stone,001j000000iwwsraal,Bluecoats,CG,World Class,13,-0.167,-0.1692,-0.1034,0.4128,-0.9761,0.6421,0.7811,0.7692,-0.4045,"2013,2014,2015,2016,2017,2018"
judge_corps_caption,h-nguyen-1,Hieu Nguyen,001j000000h3xrnaav,Phantom Regiment,VP,World Class,9,0.1953,0.3284,0.1034,0.1844,-0.166,0.5566,0.4554,0.7778,1.0594,"2016,2017,2018,2023,2025"
judge_corps_caption,c-hestin-1,Chris Hestin,001j000000iwx91aad,Carolina Crown,GE2,World Class,7,-0.2216,-0.0612,-0.1034,0.5257,-1.252,0.8088,0.792,0.7143,-0.4215,"2017,2018,2022"
judge_corps_caption,c-guard-1,Color Guard,001j000000i6lenaa3,Madison Scouts,VP,World Class,5,-0.2685,-0.561,-0.1033,1.1333,-2.4898,1.9528,1.6397,0.8,-0.2369,"2015,2017,2018,2019"
judge_corps_caption,w-dillon-1,Wayne Dillon,001j000000i6lenaa3,Madison Scouts,MA,World Class,11,0.1783,0.1044,0.1032,0.1576,-0.1306,0.4871,0.4539,0.6364,1.1314,"2013,2017,2019,2022,2023,2025"
judge_corps_caption,w-dillon-1,Wayne Dillon,001j000000iwxajaa1,Troopers,MA,World Class,8,-0.2064,-0.2529,-0.1032,0.5712,-1.326,0.9133,0.9328,0.625,-0.3612,"2016,2017,2018,2022,2025"
judge_corps_caption,p-hinman-1,Paul Hinman,001j000000iwxaeaa1,The Academy,GE2,World Class,5,-0.268,0.1765,-0.1031,0.183,-0.6267,0.0907,0.3424,0.4,-1.4644,"2013,2014,2016,2017"
judge_corps_caption,p-madden-1,Phil Madden,001j000000iwxajaa1,Troopers,GE1,World Class,8,-0.206,-0.1237,-0.103,0.6341,-1.4488,1.0367,1.2718,0.75,-0.3249,"2016,2018,2019,2024"
judge_corps_caption,m-gray-1,Michael Gray,001j000000h3xwcaav,Santa Clara Vanguard,GE1,World Class,12,0.1716,0.2953,0.103,0.0429,0.0875,0.2558,0.1968,0.9167,3.9982,"2016,2017,2018,2019"
judge_corps_caption,m-davis-1,Mike Davis,001j000000i6kfgaan,The Cadets,MP,World Class,6,0.2401,0.4418,0.1029,0.1458,-0.0456,0.5259,0.3502,0.6667,1.6473,"2017,2018,2019,2023"
judge_corps_caption,w-chumley-1,William Chumley,001j000000h3xrnaav,Phantom Regiment,VA,World Class,11,0.1774,0.2183,0.1027,0.1331,-0.0834,0.4382,0.3804,0.8182,1.3331,"2014,2017,2018,2019,2023,2025"
judge_corps_caption,r-greenwell-1,Randy Greenwell,001j000000iwwsraal,Bluecoats,GE2,World Class,7,-0.2202,-0.5472,-0.1027,0.7539,-1.6978,1.2575,1.1244,0.8571,-0.292,"2014,2015,2016,2017,2018"
judge_corps_caption,c-rapacki-1,Chris Rapacki,001j000000iwx9oaad,Genesis,MP,World Class,7,0.2199,0.3295,0.1026,0.1548,-0.0835,0.5234,0.3449,0.8571,1.4207,"2018,2019,2023,2025"
judge_corps_caption,j-gilley-1,Jackie Gilley,001j000000iwx93aad,Seattle Cascades,CG,World Class,11,-0.177,-0.0369,-0.1025,0.2125,-0.5935,0.2395,0.4948,0.4545,-0.833,"2013,2014,2015,2018,2023,2024"
judge_corps_caption,m-kelly-1,Mickey Kelly,001j000000iwxaeaa1,The Academy,GE1,World Class,11,-0.1771,-0.2738,-0.1025,0.4818,-1.1215,0.7673,0.8819,0.8182,-0.3676,"2013,2014,2015,2016,2017,2019"
judge_corps_caption,w-chumley-1,William Chumley,001j000000iwwssaal,Boston Crusaders,VP,World Class,10,-0.1845,-0.2386,-0.1025,0.3404,-0.8517,0.4826,0.7552,0.7,-0.5421,"2014,2015,2017,2018,2019,2022,2025"
judge_corps_caption,j-ausdemore-1,Jeff Ausdemore,001j000000qzs1qaaf,River City Rhythm,MP,Open Class,6,-0.239,-0.3063,-0.1024,0.4108,-1.0443,0.5663,0.7678,0.5,-0.5817,"2016,2018,2019"
judge_corps_caption,k-giese-1,Ken Giese,racine-scouts,Racine Scouts,VA,Open Class,5,-0.266,-1.2363,-0.1023,1.1289,-2.4787,1.9467,1.8246,0.4,-0.2356,"2013,2014,2015"
judge_corps_caption,m-leitzke-1,Mike Leitzke,001j000000iwx91aad,Carolina Crown,MP,World Class,21,-0.1411,-0.3175,-0.1022,0.3756,-0.8774,0.5952,1.0838,0.6667,-0.3756,"2016,2017,2018,2019,2022,2023,2024,2025"
judge_corps_caption,j-orefice-1,Juno Orefice,001j000000qzs1qaaf,River City Rhythm,VP,Open Class,6,0.2384,0.7033,0.1022,0.1054,0.0318,0.445,0.2384,1,2.2617,"2016,2019,2023,2024,2025"
judge_corps_caption,m-turner-1,Michael Turner,001j000000iwwsraal,Bluecoats,CG,World Class,16,0.153,0.3085,0.102,0.0895,-0.0223,0.3283,0.3083,0.8125,1.7106,"2013,2014,2015,2016,2017,2018,2023,2024,2025"
judge_corps_caption,d-deems-1,Don Deems,001j000000iwxaaaa1,Raiders,CG,Open Class,6,-0.2379,0.705,-0.102,0.1991,-0.6282,0.1524,0.3583,0.3333,-1.1946,"2014,2017,2018,2022,2023,2025"
judge_corps_caption,t-fox-1,Todd Fox,001j000000iwx9waad,Jersey Surf,MP,World Class,6,0.238,0.5845,0.102,0.1903,-0.1349,0.611,0.3138,0.6667,1.2509,"2016,2017"
judge_corps_caption,c-raichle-1,Chris Raichle,001j000000iwxa6aal,Oregon Crusaders,CG,World Class,5,0.2651,0.5003,0.102,0.2813,-0.2863,0.8164,0.585,0.8,0.9424,"2017,2018"
judge_corps_caption,c-rapacki-1,Chris Rapacki,001j000000iwwsraal,Bluecoats,MP,World Class,9,0.1926,0.2523,0.102,0.1291,-0.0604,0.4456,0.3697,0.6667,1.4921,"2019,2022,2023,2025"
judge_corps_caption,m-waymire-1,Mark Waymire,001j000000iwxa0aal,Legends,GE2,Open Class,7,0.2184,0.436,0.1019,0.542,-0.844,1.2808,0.9797,0.7143,0.4029,"2016,2017,2019"
judge_corps_caption,k-young-1,Kyle Young,001j000000iwx97aad,Colt Cadets,MA,Open Class,6,-0.2377,-0.702,-0.1019,0.7524,-1.7124,1.2369,1.3173,0.6667,-0.316,"2019,2023,2024,2025"
judge_corps_caption,a-dunn-1,Al Dunn,001j000000iwx9oaad,Genesis,MP,Open Class,9,0.1923,0.2731,0.1018,0.285,-0.3663,0.7509,0.5622,0.4444,0.6747,"2013,2014,2015,2016,2017,2019"
judge_corps_caption,c-costanza-1,Curtis Costanza,001j000000i6jmbaaf,Blue Devils B,CG,Open Class,6,0.2375,0.4956,0.1018,0.37,-0.4877,0.9627,0.6665,0.8333,0.6419,"2013,2014,2015,2016,2025"
judge_corps_caption,p-furnari-1,Peter Furnari,001j000000iwwssaal,Boston Crusaders,MA,World Class,5,0.2647,0.8843,0.1018,0.1791,-0.0862,0.6157,0.296,0.8,1.4785,"2016,2017,2018"
judge_corps_caption,t-ochran-1,Timothy Ochran,001j000000i6lenaa3,Madison Scouts,VA,World Class,17,0.1495,-0.0724,0.1017,0.3229,-0.4834,0.7824,0.8576,0.8824,0.4631,"2013,2014,2015,2016,2017,2018,2019,2024"
judge_corps_caption,s-page-1,Steven Page,001j000000iwx9oaad,Genesis,MB,Open Class,18,0.147,0.4077,0.1017,0.1172,-0.0828,0.3767,0.4149,0.5556,1.2539,"2013,2014,2015,2016,2017,2018,2022,2024"
judge_corps_caption,j-bell-1,John Bell,001j000000iwxa3aal,Mandarins,MA,World Class,7,0.2177,0.6738,0.1016,0.154,-0.0843,0.5196,0.3672,0.5714,1.413,"2013,2014,2017,2018,2024"
judge_corps_caption,k-turner-1,Ken Turner,001j000000iwx9aaat,Crossmen,MA,World Class,6,0.237,0.0173,0.1016,0.5815,-0.9028,1.3768,1.0577,0.8333,0.4076,"2013,2016,2019,2022,2024"
judge_corps_caption,j-ausdemore-1,Jeff Ausdemore,001j000000iwxa6aal,Oregon Crusaders,MP,World Class,9,-0.1919,-0.3398,-0.1016,0.3176,-0.8144,0.4306,0.7439,0.3333,-0.6042,"2015,2016,2018"
judge_corps_caption,a-lo-1,Albert Lo,001j000000iwx98aad,Colts,MB,World Class,10,0.1828,0.312,0.1015,0.1218,-0.056,0.4216,0.3463,0.7,1.5001,"2013,2014,2015,2018,2019,2022"
judge_corps_caption,m-hoskins-1,Mark Hoskins,001j000000iwx9saad,Guardians,MB,Open Class,10,-0.1826,0.0594,-0.1014,0.2341,-0.6415,0.2763,0.5275,0.4,-0.7799,"2016,2017,2018,2019,2022,2023"
judge_corps_caption,g-fugett-1,Glenn Fugett,001j000000iwwsoaal,Blue Knights,MP,World Class,6,-0.2364,-0.6882,-0.1013,0.5899,-1.3927,0.9198,1.1418,0.6667,-0.4008,"2013,2014,2016,2017"
judge_corps_caption,j-harper-1,Jeff Harper,001j000000iwwsoaal,Blue Knights,MB,World Class,11,0.1751,0.0838,0.1013,0.1057,-0.032,0.3821,0.3073,0.7273,1.6569,"2014,2016,2017,2019,2022"
judge_corps_caption,m-bowers-1,Michele Bowers,001j000000iwwsqaal,Blue Stars,CG,World Class,6,-0.2365,-0.183,-0.1013,0.8471,-1.8969,1.4239,1.247,0.8333,-0.2791,"2015,2016,2017,2018"
judge_corps_caption,g-boulden-1,George Boulden,001j000000iwxa7aal,Pacific Crest,MB,World Class,6,-0.2362,0.0984,-0.1012,0.2762,-0.7776,0.3052,0.3269,0.3333,-0.8551,"2013,2014,2015,2016"
judge_corps_caption,s-page-1,Steven Page,001j000000iwx91aad,Carolina Crown,MB,World Class,19,-0.1438,0.0411,-0.1012,0.3368,-0.804,0.5164,0.6474,0.8421,-0.4269,"2014,2015,2016,2017,2018,2019,2022,2024,2025"
judge_corps_caption,c-rothe-1,Caleb Rothe,001j000000iwwsraal,Bluecoats,GE2,World Class,12,0.1685,0.2525,0.1011,0.0396,0.0909,0.2461,0.1722,0.8333,4.2542,"2016,2018,2022,2023,2024,2025"
judge_corps_caption,k-kuhn-1,Kim Kuhn,001j000000iwxaaaa1,Raiders,VP,Open Class,6,-0.2358,-0.052,-0.101,0.3066,-0.8366,0.3651,0.4764,0.5,-0.7691,"2016,2017,2018,2019,2022"
judge_corps_caption,m-stone-1,Michael Stone,001j000000iwxa0aal,Legends,CG,Open Class,5,0.2625,-0.7471,0.1009,0.2293,-0.1869,0.7119,0.4145,0.6,1.1447,"2014,2015,2017"
judge_corps_caption,j-orefice-1,Juno Orefice,001j000000iwx9oaad,Genesis,VP,Open Class,16,0.1512,0.2168,0.1008,0.2799,-0.3974,0.6998,0.8745,0.75,0.5402,"2013,2014,2015,2016,2017,2018,2019,2025"
judge_corps_caption,k-baker-1,Keith Baker,001j000000iwxakaa1,Vanguard Cadets,GE1,Open Class,6,0.235,0.7104,0.1007,0.4504,-0.6478,1.1179,0.6484,0.5,0.5218,"2013,2016,2017,2022"
judge_corps_caption,j-prosperie-1,Jeff Prosperie,001j000000h3xrnaav,Phantom Regiment,MP,World Class,19,-0.1431,-0.005,-0.1007,0.126,-0.39,0.1039,0.3762,0.4211,-1.1354,"2013,2014,2015,2016,2017,2019,2025"
judge_corps_caption,m-czapinksi-1,Marie Czapinksi,001j000000h3xwcaav,Santa Clara Vanguard,CG,World Class,6,-0.2349,-0.6496,-0.1007,0.9399,-2.0771,1.6073,1.8444,0.6667,-0.2499,"2014,2015"
judge_corps_caption,c-armbruster-1,Chad Armbruster,001j000000iwxajaa1,Troopers,MB,World Class,8,-0.2014,-0.3417,-0.1007,0.2935,-0.7767,0.3738,0.6593,0.5,-0.6863,"2017,2019,2023,2024,2025"
judge_corps_caption,m-turner-1,Michael Turner,001j000000iwx9oaad,Genesis,CG,Open Class,7,-0.2156,-0.2856,-0.1006,0.4431,-1.084,0.6529,0.7665,0.2857,-0.4865,"2013,2014,2015,2017,2018,2023,2024"
judge_corps_caption,m-bowers-1,Michele Bowers,001j000000iwxakaa1,Vanguard Cadets,CG,Open Class,7,0.2156,0.8535,0.1006,0.2303,-0.2357,0.6669,0.4938,0.5714,0.9363,"2014,2015,2017"
judge_corps_caption,m-gray-1,Michael Gray,001j000000iwx91aad,Carolina Crown,GE1,World Class,13,-0.1624,-0.0541,-0.1006,0.4522,-1.0487,0.7239,0.7137,0.8462,-0.3592,"2016,2017,2018,2019"
judge_corps_caption,b-dacy-1,Brittany Dacy,001j000000iwx91aad,Carolina Crown,MB,World Class,5,-0.2615,-0.0651,-0.1006,0.7772,-1.7847,1.2617,1.0618,0.8,-0.3365,"2024,2025"
judge_corps_caption,w-dillon-1,Wayne Dillon,001j000000iwwsoaal,Blue Knights,GE2,World Class,17,0.1477,0.1642,0.1004,0.1981,-0.2407,0.536,0.5267,0.7647,0.7453,"2013,2014,2015,2016,2017,2018,2019,2022,2024,2025"
judge_corps_caption,d-torchia-1,Debbie Torchia,001j000000iwwsoaal,Blue Knights,GE1,World Class,6,-0.2343,-0.1764,-0.1004,0.4504,-1.117,0.6484,0.5844,0.6667,-0.5203,"2014,2017,2023"
judge_corps_caption,j-howell-1,John Howell,001j000000iwx9waad,Jersey Surf,GE1,World Class,10,-0.1804,-0.2073,-0.1002,0.1838,-0.5406,0.1798,0.4531,0.5,-0.9816,"2014,2015,2017,2018,2023"
judge_corps_caption,g-howarth-1,Gifford Howarth,001j000000iwxa5aal,Music City,MP,Open Class,6,0.2337,0.4794,0.1002,0.2095,-0.177,0.6443,0.4755,0.6667,1.1154,"2015,2017,2024"
judge_corps_caption,m-turner-1,Michael Turner,001j000000iwxa8aal,Pioneer,CG,World Class,6,0.2335,0.3212,0.1001,0.2078,-0.1737,0.6408,0.4419,0.6667,1.124,"2013,2014,2015,2017"
judge_corps_caption,l-carlson-1,Lee Carlson,001j000000iwx98aad,Colts,CG,World Class,7,-0.2143,-0.1201,-0.1,0.2695,-0.7426,0.3139,0.5423,0.2857,-0.7953,"2013,2014,2016"
judge_corps_caption,j-davila-1,Julie Davila,001j000000i6kfgaan,The Cadets,MP,World Class,7,0.2142,0.0645,0.1,0.1802,-0.139,0.5674,0.4423,0.7143,1.1887,"2017,2019,2023"
judge_corps_caption,t-slaughter-1,Tom Slaughter,001j000000h3xrnaav,Phantom Regiment,VA,World Class,11,0.1727,0.5236,0.1,0.0644,0.0464,0.299,0.2144,0.6364,2.6802,"2019,2022,2023,2024,2025"
judge_corps_caption,b-mascaro-1,Bret Mascaro,001j000000iwxa6aal,Oregon Crusaders,VA,World Class,10,0.1797,0.4692,0.0998,0.1006,-0.0176,0.377,0.3196,0.7,1.7854,"2013,2014,2015,2016,2017"
judge_corps_caption,m-griffin-1,Marty Griffin,001j000000iwwslaal,7th Regiment,MP,Open Class,12,0.1661,0.0824,0.0997,0.4045,-0.6267,0.959,0.972,0.75,0.4107,"2013,2014,2015,2016,2018,2019"
judge_corps_caption,a-combites-1,Andy Combites,001j000000iwx9paad,Gold,GE1,Open Class,6,-0.2327,0.4213,-0.0997,0.1412,-0.5095,0.0441,0.2879,0.1667,-1.6481,"2017,2018,2019"
judge_corps_caption,c-rapacki-1,Chris Rapacki,001j000000i6i9saav,Blue Devils,MP,World Class,10,0.1794,0.2533,0.0997,0.063,0.0558,0.303,0.2456,0.8,2.8456,"2018,2019,2022,2023,2025"
judge_corps_caption,r-solomon-1,Robert Solomon,001j000000iwx97aad,Colt Cadets,CG,Open Class,5,0.2591,-0.036,0.0996,0.4642,-0.6507,1.1689,0.8679,0.6,0.5582,"2013,2015,2016,2022,2023"
judge_corps_caption,d-padilla-1,Damon Padilla,001j000000h3xwcaav,Santa Clara Vanguard,CG,World Class,6,0.2324,0.1839,0.0996,0.3047,-0.3649,0.8296,0.653,0.8333,0.7626,"2019,2022,2024,2025"
judge_corps_caption,g-fugett-1,Glenn Fugett,001j000000iwx9paad,Gold,GE2,Open Class,12,-0.1659,-0.7614,-0.0995,0.4533,-1.0543,0.7225,1.0981,0.75,-0.366,"2014,2016,2018,2022,2023,2024,2025"
judge_corps_caption,d-carbone-1,Dave Carbone,001j000000iwxacaa1,Spartans,GE2,Open Class,5,-0.2588,-0.1892,-0.0995,0.3039,-0.8544,0.3368,0.4348,0.4,-0.8516,2023
judge_corps_caption,j-howell-1,John Howell,001j000000iwwsqaal,Blue Stars,GE1,World Class,18,0.1436,0.1254,0.0994,0.2284,-0.3041,0.5914,0.5714,0.6667,0.6288,"2013,2014,2015,2016,2018,2019,2023,2024,2025"
judge_corps_caption,a-lo-1,Albert Lo,001j000000iwwsoaal,Blue Knights,MB,World Class,10,-0.179,-0.0392,-0.0994,0.5703,-1.2967,0.9388,0.897,0.7,-0.3138,"2013,2014,2015,2018"
judge_corps_caption,r-rios-1,Ronnie Rios,001j000000iwx97aad,Colt Cadets,MB,Open Class,5,0.2583,-0.0632,0.0994,0.5401,-0.8003,1.317,0.947,0.8,0.4783,"2016,2018,2022,2025"
judge_corps_caption,m-kelly-1,Mickey Kelly,001j000000iwwsraal,Bluecoats,CG,World Class,7,0.2126,-0.141,0.0992,0.6498,-1.0611,1.4863,1.2541,0.8571,0.3272,"2013,2014,2015,2017,2018"
judge_corps_caption,n-jones-1,Nola Jones,001j000000iwx9qaad,Golden Empire,GE2,Open Class,9,-0.1874,-0.1022,-0.0992,0.2176,-0.614,0.2392,0.506,0.3333,-0.8611,"2015,2016,2017,2018,2019,2025"
judge_corps_caption,c-nelson-1,Carl Nelson,001j000000f17bwaaa,Watchmen,VP,Open Class,7,-0.2123,0.157,-0.0991,0.4268,-1.0489,0.6243,0.8417,0.7143,-0.4974,"2014,2016,2017,2019"
judge_corps_caption,g-howarth-1,Gifford Howarth,001j000000iwxa3aal,Mandarins,MP,World Class,6,0.2309,0.4682,0.099,0.2045,-0.1699,0.6317,0.4331,0.5,1.1291,"2014,2015,2016,2017,2019"
judge_corps_caption,d-carbone-1,Dave Carbone,001j000000iwwsraal,Bluecoats,MP,World Class,8,0.1978,0.1477,0.0989,0.2074,-0.2087,0.6044,0.5048,0.75,0.9538,"2013,2014,2016,2023"
judge_corps_caption,m-griffin-1,Marty Griffin,001j000000iwx9aaat,Crossmen,MP,World Class,17,0.1455,0.3775,0.0989,0.0878,-0.0266,0.3176,0.3083,0.6471,1.6567,"2013,2014,2015,2017,2018,2019,2025"
judge_corps_caption,r-greenwell-1,Randy Greenwell,001j000000i6i9saav,Blue Devils,GE2,World Class,8,-0.1976,-0.5164,-0.0988,0.6473,-1.4662,1.071,1.3729,0.75,-0.3053,"2014,2015,2016,2017,2019"
judge_corps_caption,c-nelson-1,Carl Nelson,001j000000iwxajaa1,Troopers,VP,World Class,13,0.1594,0.3834,0.0987,0.1521,-0.1387,0.4576,0.4588,0.6154,1.048,"2015,2016,2017,2018,2019,2022"
judge_corps_caption,h-nguyen-1,Hieu Nguyen,001j000000iwxa3aal,Mandarins,CG,World Class,12,0.1645,0.3517,0.0987,0.2235,-0.2736,0.6027,0.5891,0.6667,0.7361,"2015,2017,2018,2019,2022,2024,2025"
judge_corps_caption,m-waymire-1,Mark Waymire,001j000000iwxa3aal,Mandarins,GE2,World Class,9,0.1865,0.5513,0.0987,0.1562,-0.1196,0.4926,0.3621,0.6667,1.1942,"2016,2017,2019,2022"
judge_corps_caption,d-davis-1,Darrin Davis,001j000000iwxadaa1,Spirit of Atlanta,GE2,World Class,15,-0.151,-0.2736,-0.0985,0.2626,-0.6657,0.3637,0.6638,0.5333,-0.575,"2013,2014,2015,2016,2017,2019,2023,2024"
judge_corps_caption,m-gray-1,Michael Gray,001j000000i6lenaa3,Madison Scouts,GE1,World Class,10,0.1771,0.2613,0.0984,0.1296,-0.0768,0.431,0.3624,0.8,1.3669,"2016,2017,2018,2019,2024"
judge_corps_caption,m-teal-1,Mark Teal,001j000000h3xrnaav,Phantom Regiment,MP,World Class,9,0.1858,0.4991,0.0984,0.163,-0.1337,0.5053,0.436,0.6667,1.1396,"2017,2018,2019,2024,2025"
judge_corps_caption,c-rapacki-1,Chris Rapacki,001j000000iwxa1aal,Les Stentors,MP,Open Class,5,0.2555,0.3865,0.0983,0.266,-0.2659,0.777,0.4517,0.6,0.9606,"2022,2025"
judge_corps_caption,b-mascaro-1,Bret Mascaro,001j000000i6i9saav,Blue Devils,VA,World Class,12,0.1636,0.5059,0.0982,0.0883,-0.0095,0.3368,0.3042,0.75,1.8527,"2013,2014,2015,2016,2017,2018,2023"
judge_corps_caption,c-romanowski-1,Chris Romanowski,001j000000i6i9saav,Blue Devils,MP,World Class,6,-0.2288,-0.1554,-0.0981,0.7357,-1.6709,1.2132,1.065,0.8333,-0.311,"2013,2017,2023,2024"
judge_corps_caption,m-lentz-1,Michael Lentz,001j000000iwwsraal,Bluecoats,CG,World Class,9,-0.1853,0.1432,-0.0981,0.4231,-1.0146,0.644,0.6145,0.5556,-0.438,"2013,2016,2017"
judge_corps_caption,k-miller-1,Kyle Miller,001j000000iwwsqaal,Blue Stars,GE1,World Class,21,0.1355,0.2186,0.0981,0.0686,0.0011,0.2699,0.2725,0.6667,1.9761,"2013,2014,2015,2016,2017,2018,2019,2022,2023,2024,2025"
judge_corps_caption,d-argul-1,Dennis Argul,001j000000iwx91aad,Carolina Crown,MB,World Class,10,-0.1766,0.326,-0.0981,0.1131,-0.3982,0.0451,0.266,0.4,-1.5614,"2014,2016,2017,2019,2025"
judge_corps_caption,d-padilla-1,Damon Padilla,001j000000h3xrnaav,Phantom Regiment,GE1,World Class,10,0.1766,0.2855,0.0981,0.0785,0.0227,0.3305,0.2503,0.9,2.2493,"2019,2022,2023,2024,2025"
judge_corps_caption,r-saucedo-1,Richard Saucedo,001j000000iwwslaal,7th Regiment,GE2,Open Class,5,0.2548,0.4018,0.098,0.1926,-0.1227,0.6323,0.3655,0.6,1.323,"2017,2019"
judge_corps_caption,d-carbone-1,Dave Carbone,001j000000iwxaeaa1,The Academy,MA,World Class,21,-0.1351,0.0223,-0.0979,0.2888,-0.7012,0.4309,0.6597,0.7143,-0.4679,"2013,2014,2016,2017,2022,2024,2025"
judge_corps_caption,d-deems-1,Don Deems,001j000000iwxafaa1,The Cavaliers,CG,World Class,6,-0.2284,-0.3566,-0.0979,1.0098,-2.2077,1.7509,1.5291,0.8333,-0.2262,"2016,2022,2024,2025"
judge_corps_caption,k-baker-1,Keith Baker,001j000000iwx9saad,Guardians,GE1,Open Class,5,0.2542,0.6346,0.0978,0.2392,-0.2146,0.7231,0.4023,0.6,1.0629,"2016,2017,2022,2023"
judge_corps_caption,a-lo-1,Albert Lo,001j000000iwxa7aal,Pacific Crest,MA,World Class,5,0.254,0.5852,0.0977,0.1236,0.0117,0.4963,0.3074,0.8,2.0544,"2013,2014,2015"
judge_corps_caption,g-llacer-1,Greg Llacer,001j000000iwwssaal,Boston Crusaders,GE1,World Class,7,-0.2094,0.1839,-0.0977,0.4765,-1.1433,0.7246,0.7118,0.7143,-0.4393,"2022,2023,2024"
judge_corps_caption,s-calhoun-1,Steve Calhoun,001j000000i6jmbaaf,Blue Devils B,GE2,Open Class,5,0.2537,0.9526,0.0976,0.1039,0.0501,0.4572,0.285,0.8,2.4425,"2015,2016"
judge_corps_caption,n-jones-1,Nola Jones,001j000000i6kfgaan,The Cadets,GE2,World Class,23,0.1314,0.0247,0.0975,0.1999,-0.2604,0.5232,0.5058,0.8696,0.6574,"2013,2014,2015,2016,2017,2018,2019,2023"
judge_corps_caption,g-howarth-1,Gifford Howarth,001j000000i6lenaa3,Madison Scouts,MP,World Class,13,0.1576,0.3403,0.0975,0.1359,-0.1089,0.424,0.4343,0.6923,1.159,"2013,2014,2015,2016,2017,2019,2024"
judge_corps_caption,p-mcgarr-1,Paul McGarr,001j000000h3xwcaav,Santa Clara Vanguard,MA,World Class,6,0.2276,-0.2068,0.0975,0.2204,-0.2045,0.6596,0.5298,0.6667,1.0323,"2014,2015,2016,2019"
judge_corps_caption,t-wemhoff-1,Ted Wemhoff,001j000000iwxa7aal,Pacific Crest,GE1,World Class,18,0.1408,0.3848,0.0975,0.063,0.0174,0.2643,0.2009,0.6667,2.2359,"2015,2016,2017,2019,2022,2023,2024,2025"
judge_corps_caption,d-padilla-1,Damon Padilla,001j000000iwx98aad,Colts,GE1,World Class,8,0.195,0.3086,0.0975,0.0871,0.0242,0.3657,0.2532,0.875,2.2381,"2022,2024,2025"
judge_corps_caption,k-baker-1,Keith Baker,001j000000iwwsoaal,Blue Knights,VA,World Class,6,0.2267,0.1645,0.0972,0.1269,-0.0221,0.4755,0.2508,0.8333,1.786,"2015,2018,2022,2024"
judge_corps_caption,j-prosperie-1,Jeff Prosperie,001j000000iwx93aad,Seattle Cascades,MP,World Class,13,0.1569,0.3062,0.0971,0.1794,-0.1947,0.5085,0.5042,0.5385,0.8746,"2013,2014,2015,2016,2017,2018,2019,2024,2025"
judge_corps_caption,k-turner-1,Ken Turner,001j000000iwxafaa1,The Cavaliers,GE2,World Class,18,0.1403,0.5311,0.0971,0.1339,-0.1221,0.4027,0.419,0.7222,1.0482,"2013,2014,2015,2016,2017,2019,2022,2024,2025"
judge_corps_caption,w-rickart-1,Warren Rickart,001j000000iwx98aad,Colts,GE1,World Class,5,0.2524,0.5475,0.0971,0.2193,-0.1774,0.6823,0.402,0.8,1.151,"2019,2022,2023"
judge_corps_caption,r-solomon-1,Robert Solomon,001j000000i6jmbaaf,Blue Devils B,VP,Open Class,8,0.1941,-0.201,0.097,0.7889,-1.3521,1.7402,1.6585,0.75,0.246,"2013,2015,2018,2022,2023,2024,2025"
judge_corps_caption,d-davis-1,Darrin Davis,001j000000iwx91aad,Carolina Crown,GE2,World Class,21,0.1339,0.0137,0.097,0.229,-0.315,0.5828,0.6037,0.9048,0.5846,"2013,2014,2015,2016,2017,2018,2019,2022,2023,2024"
judge_corps_caption,k-miller-1,Kyle Miller,001j000000iwxa6aal,Oregon Crusaders,GE1,World Class,9,-0.1832,-0.1147,-0.097,0.248,-0.6693,0.3029,0.4332,0.6667,-0.7387,"2013,2014,2015,2016,2017,2018"
judge_corps_caption,t-wemhoff-1,Ted Wemhoff,001j000000iwwsraal,Bluecoats,GE1,World Class,28,0.1247,0.3601,0.097,0.0451,0.0362,0.2132,0.2231,0.6786,2.7621,"2015,2016,2017,2019,2022,2023,2024,2025"
judge_corps_caption,m-anderson-1,Mike Anderson,001j000000iwx91aad,Carolina Crown,GE1,World Class,9,0.1831,0.5207,0.0969,0.0907,0.0053,0.3609,0.283,0.6667,2.0184,"2014,2015,2018,2019"
judge_corps_caption,b-mascaro-1,Bret Mascaro,001j000000iwx9waad,Jersey Surf,VA,World Class,16,0.1452,0.4527,0.0968,0.1152,-0.0806,0.3711,0.4002,0.6875,1.2601,"2013,2014,2015,2016,2017,2018,2019,2023"
judge_corps_caption,b-mascaro-1,Bret Mascaro,001j000000iwxafaa1,The Cavaliers,VA,World Class,14,-0.152,0.1599,-0.0967,0.1977,-0.5396,0.2356,0.4127,0.5714,-0.7686,"2013,2014,2015,2016,2017,2018,2023"
judge_corps_caption,r-greenwell-1,Randy Greenwell,001j000000iwx91aad,Carolina Crown,GE2,World Class,10,0.1741,-0.1526,0.0967,0.5607,-0.9249,1.273,1.1267,0.9,0.3105,"2014,2015,2016,2017"
judge_corps_caption,b-jones-1,Bruce Jones,001j000000iwx98aad,Colts,GE1,World Class,6,0.2254,0.5897,0.0966,0.107,0.0158,0.4351,0.2562,0.6667,2.1074,"2013,2014,2018,2022,2023,2024"
judge_corps_caption,p-mcgarr-1,Paul McGarr,001j000000iwxa7aal,Pacific Crest,MB,World Class,19,-0.1372,-0.1291,-0.0965,0.2316,-0.591,0.3167,0.5457,0.6842,-0.5923,"2014,2015,2016,2017,2018,2019,2023,2025"
judge_corps_caption,g-fugett-1,Glenn Fugett,001j000000h3xrnaav,Phantom Regiment,MA,World Class,8,-0.1929,-0.7136,-0.0965,0.8028,-1.7665,1.3806,1.6456,0.75,-0.2403,"2015,2017,2018,2019,2023,2025"
judge_corps_caption,m-gray-1,Michael Gray,001j000000iwx98aad,Colts,VA,World Class,7,-0.2067,-0.0947,-0.0965,0.1979,-0.5946,0.1812,0.3607,0.4286,-1.0444,"2015,2016,2017,2018,2025"
judge_corps_caption,m-hoskins-1,Mark Hoskins,001j000000iwwsqaal,Blue Stars,MB,World Class,17,-0.1419,-0.0157,-0.0965,0.2234,-0.5797,0.2959,0.6372,0.6471,-0.6354,"2016,2018,2019,2022,2023,2024"
judge_corps_caption,c-armbruster-1,Chad Armbruster,001j000000iwx98aad,Colts,MB,World Class,8,0.1929,0.0366,0.0965,0.3123,-0.4191,0.805,0.7368,0.75,0.6178,"2018,2019,2022,2023,2024,2025"
judge_corps_caption,k-young-1,Kyle Young,001j000000iwxa3aal,Mandarins,MA,World Class,6,0.2251,0.2161,0.0965,0.1362,-0.0419,0.4921,0.2834,0.8333,1.6521,"2023,2024,2025"
judge_corps_caption,p-furnari-1,Peter Furnari,001j000000i6kfgaan,The Cadets,MP,World Class,13,-0.1557,0.0302,-0.0964,0.4447,-1.0273,0.716,1.0572,0.6154,-0.35,"2013,2014,2016,2017,2018,2019,2022,2023"
judge_corps_caption,g-miller-1,Gerry Miller,001j000000iwxafaa1,The Cavaliers,GE2,World Class,12,0.1607,0.3664,0.0964,0.0856,-0.0071,0.3285,0.2766,0.6667,1.877,"2018,2022,2023,2024,2025"
judge_corps_caption,j-orefice-1,Juno Orefice,001j000000iwxa8aal,Pioneer,VP,World Class,12,0.1605,-0.0694,0.0963,0.3231,-0.4727,0.7937,0.8884,0.75,0.4968,"2013,2014,2015,2016,2017,2018"
judge_corps_caption,a-dunn-1,Al Dunn,001j000000iwxa3aal,Mandarins,MA,World Class,5,0.2504,0.6602,0.0963,0.1005,0.0535,0.4474,0.2613,0.8,2.4923,"2013,2015,2017,2018,2019"
judge_corps_caption,k-miller-1,Kyle Miller,001j000000iwxa3aal,Mandarins,CG,World Class,7,-0.2062,-0.6271,-0.0962,0.4872,-1.1612,0.7488,0.9831,0.5714,-0.4232,"2015,2018,2019,2022"
judge_corps_caption,r-comfort-1,Ron Comfort,001j000000iwwsoaal,Blue Knights,CG,World Class,8,-0.1924,-0.017,-0.0962,0.3723,-0.9221,0.5374,0.6816,0.375,-0.5167,"2017,2019,2022,2023"
judge_corps_caption,d-deems-1,Don Deems,001j000000iwx9waad,Jersey Surf,GE1,World Class,5,0.2498,0.2977,0.0961,0.1614,-0.0664,0.5661,0.3489,0.8,1.5483,"2013,2016,2024"
judge_corps_caption,m-thompson-1,Michael Thompson,001j000000i6i9saav,Blue Devils,VP,World Class,9,0.1813,0.5653,0.096,0.0885,0.0078,0.3548,0.2641,0.7778,2.0484,"2013,2014,2019,2022"
judge_corps_caption,l-carlson-1,Lee Carlson,001j000000i6i9saav,Blue Devils,CG,World Class,7,-0.2058,-0.101,-0.096,0.7593,-1.694,1.2825,1.1532,0.8571,-0.271,"2013,2014,2015"
judge_corps_caption,b-jones-1,Bruce Jones,001j000000iwxa7aal,Pacific Crest,VP,World Class,9,0.1813,0.4271,0.096,0.2622,-0.3327,0.6953,0.5621,0.5556,0.6913,"2014,2015,2019,2022,2023,2025"
judge_corps_caption,k-young-1,Kyle Young,001j000000iwxadaa1,Spirit of Atlanta,MA,World Class,5,0.2495,0.2133,0.096,0.1574,-0.059,0.558,0.3466,0.8,1.5854,"2023,2024,2025"
judge_corps_caption,j-howell-1,John Howell,001j000000iwx98aad,Colts,GE1,World Class,21,0.1324,0.11,0.0959,0.2161,-0.2911,0.5559,0.6,0.8095,0.6128,"2013,2014,2015,2016,2018,2022,2023,2024,2025"
judge_corps_caption,j-harper-1,Jeff Harper,001j000000iwx9aaat,Crossmen,MB,World Class,15,-0.1471,-0.259,-0.0959,0.3471,-0.8274,0.5333,0.8049,0.7333,-0.4238,"2013,2014,2016,2017,2019,2022,2023"
judge_corps_caption,t-fox-1,Todd Fox,001j000000iwxajaa1,Troopers,MP,World Class,9,0.1812,0.5519,0.0959,0.1827,-0.1768,0.5392,0.4247,0.5556,0.992,"2013,2016,2017,2022,2023"
judge_corps_caption,d-argul-1,Dennis Argul,001j000000h3xrnaav,Phantom Regiment,MB,World Class,8,0.1918,0.6644,0.0959,0.1862,-0.1732,0.5568,0.3879,0.625,1.0298,"2016,2017,2019,2024,2025"
judge_corps_caption,j-harper-1,Jeff Harper,001j000000i6i9saav,Blue Devils,GE2,World Class,7,0.2053,0.0506,0.0958,0.1404,-0.0699,0.4805,0.3712,0.8571,1.4619,"2013,2014,2015,2022,2023"
judge_corps_caption,n-jones-1,Nola Jones,001j000000iwxa8aal,Pioneer,GE2,World Class,9,0.1809,0.0681,0.0958,0.2928,-0.3929,0.7547,0.7636,0.4444,0.6181,"2013,2014,2015,2016,2017,2018"
judge_corps_caption,c-nelson-1,Carl Nelson,001j000000iwwsoaal,Blue Knights,VA,World Class,8,-0.1917,-1.3133,-0.0958,0.6479,-1.4616,1.0783,1.4033,0.375,-0.2958,"2014,2015,2017,2018,2019"
judge_corps_caption,m-thompson-1,Michael Thompson,001j000000iwwsoaal,Blue Knights,CG,World Class,10,0.1725,0.4143,0.0958,0.1129,-0.0489,0.3938,0.2711,0.7,1.5271,"2014,2015,2016,2018,2019,2024"
judge_corps_caption,c-nelson-1,Carl Nelson,001j000000i6kalaa3,Blue Devils C,GE1,Open Class,6,0.2233,0.8741,0.0957,0.1248,-0.0212,0.4679,0.3176,0.8333,1.7898,"2014,2017,2018,2019,2022"
judge_corps_caption,j-bell-1,John Bell,001j000000iwxaeaa1,The Academy,GE2,World Class,18,0.1379,0.2918,0.0955,0.1397,-0.1358,0.4116,0.4599,0.7778,0.9875,"2013,2014,2015,2016,2017,2018,2019,2024"
judge_corps_caption,w-chumley-1,William Chumley,001j000000iwxa7aal,Pacific Crest,CG,World Class,7,0.2047,0.4644,0.0955,0.1405,-0.0707,0.48,0.3882,0.7143,1.4568,"2014,2016,2017,2018,2023,2025"
judge_corps_caption,b-brahan-1,Beverly Brahan,001j000000iwwsoaal,Blue Knights,GE1,World Class,5,-0.2484,0.1209,-0.0955,0.1167,-0.4772,-0.0196,0.3189,0.2,-2.128,"2023,2024"
judge_corps_caption,j-harper-1,Jeff Harper,001j000000iwwssaal,Boston Crusaders,MB,World Class,15,-0.1462,-0.234,-0.0954,0.3469,-0.8261,0.5336,0.6391,0.8,-0.4216,"2013,2014,2016,2017,2019,2022,2023,2025"
judge_corps_caption,p-mcgarr-1,Paul McGarr,001j000000iwxadaa1,Spirit of Atlanta,MB,World Class,19,0.1354,0.1159,0.0953,0.1045,-0.0694,0.3402,0.4015,0.6842,1.2956,"2013,2014,2015,2016,2017,2018,2023,2025"
judge_corps_caption,s-adamo-1,Sal Adamo,001j000000h3xrnaav,Phantom Regiment,VA,World Class,9,0.18,0.3356,0.0953,0.1483,-0.1106,0.4707,0.3711,0.4444,1.214,"2013,2014,2016,2019,2023,2024"
judge_corps_caption,w-chumley-1,William Chumley,001j000000iwxaeaa1,The Academy,GE1,World Class,11,0.1646,0.3319,0.0953,0.139,-0.1078,0.4369,0.3963,0.5455,1.1845,"2022,2023,2024,2025"
judge_corps_caption,f-morris-1,Frank Morris,001j000000iwx91aad,Carolina Crown,GE1,World Class,10,-0.1714,0.1441,-0.0952,0.1636,-0.4922,0.1493,0.3304,0.4,-1.0476,"2013,2014,2015,2016"
judge_corps_caption,m-turner-1,Michael Turner,001j000000iwwsoaal,Blue Knights,CG,World Class,20,-0.1332,0.0244,-0.0952,0.3849,-0.8876,0.6211,1.3545,0.5,-0.3461,"2013,2014,2015,2016,2017,2018,2022,2023,2024,2025"
judge_corps_caption,m-griffin-1,Marty Griffin,001j000000iwx9aaat,Crossmen,MA,World Class,6,0.222,0.2654,0.0951,0.2118,-0.1932,0.6372,0.4509,0.6667,1.048,"2013,2014,2022,2024"
judge_corps_caption,s-adamo-1,Sal Adamo,001j000000iwwsoaal,Blue Knights,GE1,World Class,6,-0.222,0.1292,-0.0951,0.0876,-0.3938,-0.0502,0.2273,0.1667,-2.5331,"2016,2018,2022,2024,2025"
judge_corps_caption,l-carlson-1,Lee Carlson,001j000000h3xrnaav,Phantom Regiment,CG,World Class,6,0.2218,0.3008,0.095,0.191,-0.1527,0.5962,0.449,0.6667,1.1609,"2013,2014,2015"
judge_corps_caption,r-rios-1,Ronnie Rios,001j000000i6kfgaan,The Cadets,MB,World Class,10,0.1708,0.6016,0.0949,0.0746,0.0247,0.3169,0.2132,0.9,2.2907,"2014,2015,2016,2017,2018,2019"
judge_corps_caption,m-bowers-1,Michele Bowers,001j000000iwx9waad,Jersey Surf,CG,World Class,6,0.2214,0.2679,0.0949,0.5226,-0.8029,1.2458,1.0106,0.8333,0.4237,"2014,2018,2019,2023,2024"
judge_corps_caption,j-orefice-1,Juno Orefice,001j000000h3xrnaav,Phantom Regiment,VA,World Class,5,-0.2468,-0.0353,-0.0949,0.6567,-1.534,1.0403,0.8788,0.6,-0.3758,"2016,2018"
judge_corps_caption,g-fugett-1,Glenn Fugett,001j000000iwx98aad,Colts,GE2,World Class,19,-0.1347,-0.2671,-0.0948,0.233,-0.5914,0.3219,0.7009,0.7368,-0.5783,"2013,2014,2015,2016,2017,2018,2019,2022,2023,2024"
judge_corps_caption,c-romanowski-1,Chris Romanowski,001j000000iwxafaa1,The Cavaliers,MP,World Class,7,0.203,0.2545,0.0947,0.1917,-0.1727,0.5787,0.4114,0.7143,1.0589,"2013,2016,2017,2024"
judge_corps_caption,l-carlson-1,Lee Carlson,001j000000iwwsoaal,Blue Knights,GE1,World Class,8,-0.1894,0.1864,-0.0947,0.3684,-0.9115,0.5327,0.7349,0.625,-0.5141,"2013,2014,2015,2016"
judge_corps_caption,b-thomas-1,Bob Thomas,001j000000iwxadaa1,Spirit of Atlanta,VP,World Class,5,0.2459,0.1263,0.0946,0.2083,-0.1624,0.6542,0.4098,0.6,1.1804,"2013,2017,2018"
judge_corps_caption,m-hoskins-1,Mark Hoskins,001j000000iwxaaaa1,Raiders,MB,Open Class,7,-0.2027,0.0856,-0.0946,0.1506,-0.4979,0.0925,0.2761,0.5714,-1.3461,"2015,2017,2019,2024,2025"
judge_corps_caption,m-tarr-1,Mike Tarr,001j000000iwx9oaad,Genesis,VP,World Class,5,-0.2461,-0.3193,-0.0946,0.1252,-0.4915,-0.0006,0.2534,0.4,-1.9648,"2024,2025"
judge_corps_caption,m-turner-1,Michael Turner,001j000000iwxaeaa1,The Academy,GE1,World Class,7,0.2025,0.2237,0.0945,0.4619,-0.7029,1.1078,0.8869,0.8571,0.4383,"2013,2014,2016,2017,2023"
judge_corps_caption,m-griffin-1,Marty Griffin,001j000000iwx9waad,Jersey Surf,MP,World Class,14,-0.1483,0.0799,-0.0944,0.2596,-0.657,0.3605,0.683,0.6429,-0.5712,"2013,2014,2015,2017,2018,2019,2024"
judge_corps_caption,c-raichle-1,Chris Raichle,001j000000iwx93aad,Seattle Cascades,CG,World Class,7,-0.2024,0.0684,-0.0944,0.1162,-0.4301,0.0253,0.2423,0.2857,-1.7423,"2016,2017,2018,2019"
judge_corps_caption,c-phillips-1,Chester Phillips,001j000000iwx9paad,Gold,MB,Open Class,7,-0.202,-0.2406,-0.0943,0.6517,-1.4793,1.0752,1.2697,0.5714,-0.31,"2013,2016,2018,2025"
judge_corps_caption,j-howell-1,John Howell,001j000000i6lenaa3,Madison Scouts,CG,World Class,6,0.2201,0.2078,0.0943,0.0989,0.0263,0.4139,0.23,0.8333,2.2259,"2017,2019,2023,2024"
judge_corps_caption,g-llacer-1,Greg Llacer,001j000000i6lenaa3,Madison Scouts,GE1,World Class,7,0.2021,0.5557,0.0943,0.119,-0.031,0.4353,0.2688,0.5714,1.6991,"2022,2023,2024"
judge_corps_caption,j-pursifull-1,Jack Pursifull,001j000000iwx9aaat,Crossmen,VA,World Class,6,-0.2199,0.1186,-0.0943,0.1248,-0.4645,0.0247,0.248,0.3333,-1.7621,"2024,2025"
judge_corps_caption,k-baker-1,Keith Baker,001j000000iwxa0aal,Legends,VP,Open Class,6,0.2193,0.6012,0.094,0.1798,-0.1331,0.5718,0.4356,0.6667,1.2197,"2013,2015,2017"
judge_corps_caption,j-harper-1,Jeff Harper,001j000000iwwssaal,Boston Crusaders,GE2,World Class,5,0.2445,0.0946,0.094,0.1742,-0.0969,0.5859,0.4063,0.8,1.4035,"2013,2014,2016,2023"
judge_corps_caption,c-nelson-1,Carl Nelson,001j000000iwx93aad,Seattle Cascades,VP,World Class,9,-0.1773,0.0519,-0.0939,0.2873,-0.7403,0.3857,0.6023,0.5556,-0.6172,"2017,2018,2019,2025"
judge_corps_caption,m-griffin-1,Marty Griffin,001j000000iwxa3aal,Mandarins,MP,World Class,22,-0.1278,0.1501,-0.0938,0.2224,-0.5637,0.308,0.5806,0.5455,-0.5749,"2013,2014,2015,2016,2017,2018,2022,2025"
judge_corps_caption,p-madden-1,Phil Madden,001j000000h3xwcaav,Santa Clara Vanguard,GE1,World Class,9,-0.1773,-0.0793,-0.0938,0.4022,-0.9655,0.611,0.6799,0.7778,-0.4408,"2015,2016,2018,2022,2025"
judge_corps_caption,d-argul-1,Dennis Argul,001j000000i6lenaa3,Madison Scouts,MB,World Class,9,0.1771,0.6483,0.0938,0.0839,0.0127,0.3416,0.2643,0.6667,2.1113,"2016,2017,2019,2024,2025"
judge_corps_caption,r-greenwell-1,Randy Greenwell,001j000000iwxajaa1,Troopers,MA,World Class,9,0.1769,0.2303,0.0937,0.2097,-0.2341,0.5879,0.4838,0.8889,0.8437,"2014,2015,2016,2019,2022"
judge_corps_caption,p-furnari-1,Peter Furnari,001j000000i6lenaa3,Madison Scouts,MA,World Class,5,-0.2437,0.3417,-0.0937,0.2053,-0.6461,0.1587,0.4302,0.4,-1.1872,"2016,2017,2018,2019"
judge_corps_caption,r-saucedo-1,Richard Saucedo,001j000000iwxacaa1,Spartans,GE2,Open Class,5,0.2434,0.4216,0.0936,0.0873,0.0723,0.4144,0.274,0.8,2.7888,"2017,2019"
judge_corps_caption,j-orefice-1,Juno Orefice,001j000000iwxakaa1,Vanguard Cadets,VP,Open Class,6,0.2181,0.6592,0.0935,0.5308,-0.8222,1.2585,0.9711,0.8333,0.4109,"2013,2014,2016,2018"
judge_corps_caption,l-carlson-1,Lee Carlson,001j000000iwx91aad,Carolina Crown,CG,World Class,9,0.1765,0.2708,0.0934,0.123,-0.0645,0.4175,0.3198,0.7778,1.4353,"2013,2014,2015,2016"
judge_corps_caption,m-czapinksi-1,Marie Czapinksi,001j000000iwwsraal,Bluecoats,GE1,World Class,8,-0.1866,-0.7317,-0.0933,0.8148,-1.7836,1.4104,1.2749,0.875,-0.2291,"2013,2014,2015"
judge_corps_caption,m-teal-1,Mark Teal,001j000000iwxa7aal,Pacific Crest,MP,World Class,7,-0.2,0.1363,-0.0933,0.2677,-0.7247,0.3247,0.4228,0.4286,-0.7472,"2016,2022,2023,2024,2025"
judge_corps_caption,w-dillon-1,Wayne Dillon,001j000000iwx9waad,Jersey Surf,GE2,World Class,9,-0.1759,-0.1785,-0.0931,0.4991,-1.1541,0.8023,0.9262,0.4444,-0.3524,"2013,2014,2015,2016,2019,2022"
judge_corps_caption,t-wingate-1,Travis Wingate,001j000000iwxafaa1,The Cavaliers,VA,World Class,5,-0.2422,0.1626,-0.0931,0.1622,-0.5602,0.0758,0.2897,0.4,-1.4929,"2019,2023,2024"
judge_corps_caption,a-dunn-1,Al Dunn,001j000000i6i9saav,Blue Devils,MA,World Class,7,0.1993,0.589,0.093,0.08,0.0425,0.3562,0.2615,0.8571,2.4904,"2013,2015,2017,2018,2019"
judge_corps_caption,d-padilla-1,Damon Padilla,001j000000iwwsoaal,Blue Knights,GE1,World Class,10,-0.1674,-0.0463,-0.093,0.2379,-0.6337,0.299,0.3994,0.6,-0.7034,"2022,2023,2024,2025"
judge_corps_caption,n-jones-1,Nola Jones,001j000000i6i9saav,Blue Devils,MB,World Class,5,0.2417,-0.8785,0.0929,1.1931,-2.0968,2.5801,2.0237,0.8,0.2025,"2013,2015,2016,2019"
judge_corps_caption,d-davis-1,Darrin Davis,001j000000iwx9oaad,Genesis,GE2,Open Class,14,0.146,-0.1367,0.0929,0.2149,-0.2753,0.5672,0.5795,0.5714,0.6793,"2014,2015,2016,2017,2018,2023,2024"
judge_corps_caption,p-mcgarr-1,Paul McGarr,001j000000iwx93aad,Seattle Cascades,MB,World Class,19,-0.1319,-0.1254,-0.0928,0.1827,-0.49,0.2261,0.5515,0.4211,-0.7222,"2013,2014,2015,2016,2017,2018,2019,2023,2025"
judge_corps_caption,k-miller-1,Kyle Miller,001j000000iwxajaa1,Troopers,GE1,World Class,19,-0.1319,-0.0503,-0.0928,0.2845,-0.6896,0.4257,0.663,0.5263,-0.4637,"2013,2014,2015,2017,2018,2019,2022,2023,2024,2025"
judge_corps_caption,m-thompson-1,Michael Thompson,001j000000iwxa5aal,Music City,CG,Open Class,9,0.1752,0.5493,0.0928,0.1564,-0.1312,0.4817,0.4109,0.5556,1.1207,"2013,2016,2017,2019,2025"
judge_corps_caption,l-carlson-1,Lee Carlson,001j000000iwx9aaat,Crossmen,GE1,World Class,9,-0.1751,0.1789,-0.0927,0.2832,-0.7301,0.38,0.6557,0.5556,-0.6182,"2013,2014,2015,2016"
judge_corps_caption,b-crisp-1,Bryan Crisp,001j000000iwx9paad,Gold,MB,Open Class,5,-0.2409,-0.5504,-0.0927,0.6947,-1.6025,1.1206,1.1655,0.4,-0.3468,"2022,2023,2024,2025"
judge_corps_caption,f-miller-1,Frank Miller,001j000000iwwsoaal,Blue Knights,VA,World Class,9,-0.175,0.0949,-0.0926,0.1332,-0.436,0.086,0.3245,0.3333,-1.314,"2013,2015,2016,2017"
judge_corps_caption,n-jones-1,Nola Jones,001j000000iwx9aaat,Crossmen,GE2,World Class,25,0.1221,0.0126,0.0925,0.1597,-0.191,0.4351,0.4538,0.76,0.7643,"2013,2014,2015,2016,2017,2018,2019,2022,2023,2024,2025"
judge_corps_caption,g-oliviero-1,George Oliviero,001j000000i6lenaa3,Madison Scouts,VA,World Class,10,0.1665,0.0419,0.0925,0.1042,-0.0378,0.3708,0.2812,0.7,1.5973,"2013,2014,2016,2018,2019,2022,2023"
judge_corps_caption,m-thompson-1,Michael Thompson,001j000000iwxadaa1,Spirit of Atlanta,CG,World Class,13,-0.1494,0.0753,-0.0925,0.1979,-0.5372,0.2383,0.5236,0.5385,-0.7553,"2014,2016,2017,2018,2019,2024,2025"
judge_corps_caption,m-leitzke-1,Mike Leitzke,001j000000iwxa2aal,Louisiana Stars,MP,Open Class,8,0.1849,0.3667,0.0925,0.181,-0.1699,0.5397,0.405,0.5,1.0215,"2016,2017,2018,2019"
judge_corps_caption,d-carbone-1,Dave Carbone,001j000000iwwssaal,Boston Crusaders,MA,World Class,16,0.1386,0.324,0.0924,0.0772,-0.0126,0.2899,0.2599,0.5625,1.7962,"2013,2014,2016,2017,2018,2019,2022,2023,2024,2025"
judge_corps_caption,j-wilson-1,Jeff Wilson,001j000000f17bwaaa,Watchmen,MA,Open Class,7,0.198,0.7281,0.0924,0.1768,-0.1485,0.5446,0.3712,0.5714,1.1201,"2017,2018,2019"
judge_corps_caption,j-sturgeon-1,Jim Sturgeon,001j000000iwx91aad,Carolina Crown,VA,World Class,12,-0.1537,-0.1996,-0.0922,0.4245,-0.9857,0.6783,0.8153,0.8333,-0.362,"2014,2017,2018,2019,2023,2024"
judge_corps_caption,k-baker-1,Keith Baker,001j000000iwwslaal,7th Regiment,GE1,Open Class,7,0.1974,0.5863,0.0921,0.2091,-0.2125,0.6072,0.4219,0.4286,0.944,"2013,2016,2017,2023,2024"
judge_corps_caption,g-oliviero-1,George Oliviero,001j000000iwx9aaat,Crossmen,VA,World Class,12,0.1535,0.0363,0.0921,0.3779,-0.5872,0.8941,0.8077,0.9167,0.4061,"2013,2014,2016,2018,2019,2022"
judge_corps_caption,r-rios-1,Ronnie Rios,001j000000iwxadaa1,Spirit of Atlanta,MA,World Class,6,0.2148,0.2843,0.092,0.1686,-0.1157,0.5452,0.3232,0.6667,1.2737,"2013,2014,2023,2024"
judge_corps_caption,t-wingate-1,Travis Wingate,001j000000iwxa3aal,Mandarins,VA,World Class,8,-0.184,0.2766,-0.092,0.1252,-0.4294,0.0615,0.3648,0.25,-1.4691,"2019,2023,2024,2025"
judge_corps_caption,l-carlson-1,Lee Carlson,001j000000iwxadaa1,Spirit of Atlanta,GE1,World Class,8,-0.1838,0.1784,-0.0919,0.162,-0.5013,0.1337,0.3536,0.5,-1.1344,"2013,2015,2016"
judge_corps_caption,t-wemhoff-1,Ted Wemhoff,001j000000i6jmbaaf,Blue Devils B,GE1,Open Class,6,0.2144,0.4076,0.0919,0.2615,-0.2981,0.7269,0.4446,0.5,0.82,"2016,2018,2022,2024"
judge_corps_caption,c-romanowski-1,Chris Romanowski,001j000000iwx9aaat,Crossmen,MP,World Class,8,-0.1835,-0.1331,-0.0918,0.2483,-0.6703,0.3032,0.4673,0.625,-0.7391,"2013,2016,2017,2022,2025"
judge_corps_caption,d-carbone-1,Dave Carbone,001j000000iwx98aad,Colts,MA,World Class,17,0.135,0.3075,0.0918,0.049,0.039,0.2309,0.202,0.7059,2.7556,"2013,2014,2016,2017,2022,2024,2025"
judge_corps_caption,d-bryan-1,Dan Bryan,001j000000iwxacaa1,Spartans,MP,Open Class,5,-0.2384,0.2456,-0.0917,0.2545,-0.7373,0.2605,0.4756,0.4,-0.9367,"2013,2016,2018"
judge_corps_caption,c-rothe-1,Caleb Rothe,001j000000iwx9uaad,Impulse,GE2,Open Class,9,-0.1732,-0.4932,-0.0917,0.5389,-1.2294,0.883,1.4171,0.4444,-0.3214,"2014,2017,2018,2019,2022,2023,2024,2025"
judge_corps_caption,m-lentz-1,Michael Lentz,001j000000i6kfgaan,The Cadets,VA,World Class,5,0.2381,0.4037,0.0916,0.1366,-0.0297,0.5059,0.2679,0.6,1.7425,"2013,2016"
judge_corps_caption,k-turner-1,Ken Turner,001j000000h3xrnaav,Phantom Regiment,GE2,World Class,19,-0.1302,0.2634,-0.0916,0.2593,-0.6384,0.378,0.6298,0.5789,-0.5023,"2013,2014,2015,2016,2017,2018,2019,2023,2024,2025"
judge_corps_caption,w-dillon-1,Wayne Dillon,001j000000iwwsoaal,Blue Knights,MA,World Class,11,-0.1581,-0.2031,-0.0915,0.4907,-1.1198,0.8036,0.9299,0.7273,-0.3223,"2013,2014,2016,2017,2018,2022,2025"
judge_corps_caption,b-jones-1,Bruce Jones,001j000000iwwsoaal,Blue Knights,VP,World Class,12,0.1525,0.3865,0.0915,0.1555,-0.1524,0.4573,0.3775,0.5,0.9804,"2013,2014,2015,2016,2022,2023"
judge_corps_caption,b-crisp-1,Bryan Crisp,001j000000iwxafaa1,The Cavaliers,MB,World Class,10,0.1647,0.1879,0.0915,0.3408,-0.5033,0.8327,0.736,0.9,0.4832,"2018,2022,2023,2024,2025"
judge_corps_caption,j-orefice-1,Juno Orefice,001j000000iwx93aad,Seattle Cascades,VA,World Class,5,-0.2378,-0.003,-0.0914,0.1668,-0.5647,0.0892,0.2748,0.2,-1.4253,"2014,2017,2019"
judge_corps_caption,c-rothe-1,Caleb Rothe,001j000000i6kfgaan,The Cadets,GE2,World Class,7,0.1957,0.2749,0.0913,0.0504,0.097,0.2944,0.2048,0.8571,3.8861,"2016,2018,2022,2023"
judge_corps_caption,h-nguyen-1,Hieu Nguyen,001j000000i6lenaa3,Madison Scouts,VP,World Class,8,0.182,0.2961,0.091,0.1115,-0.0365,0.4005,0.2445,0.625,1.6328,"2014,2017,2023,2025"
judge_corps_caption,j-bell-1,John Bell,001j000000iwwsoaal,Blue Knights,MB,World Class,6,0.2118,0.4812,0.0908,0.1555,-0.093,0.5166,0.3593,0.6667,1.3621,"2014,2015,2016"
judge_corps_caption,r-solomon-1,Robert Solomon,001j000000f17bwaaa,Watchmen,CG,Open Class,5,-0.2361,-0.2944,-0.0908,0.7397,-1.686,1.2137,1.3017,0.4,-0.3192,"2015,2018,2019"
judge_corps_caption,g-boulden-1,George Boulden,001j000000iwxa8aal,Pioneer,MB,World Class,5,0.2358,0.5134,0.0907,0.4461,-0.6384,1.1101,0.6445,0.6,0.5287,"2013,2015,2017"
judge_corps_caption,m-hoskins-1,Mark Hoskins,001j000000iwx9waad,Jersey Surf,MB,World Class,10,0.1632,0.2748,0.0907,0.0769,0.0125,0.3139,0.248,0.7,2.1232,"2013,2016,2017,2019,2022,2023,2024"
judge_corps_caption,g-fugett-1,Glenn Fugett,001j000000iwxafaa1,The Cavaliers,GE2,World Class,28,0.1165,-0.0269,0.0906,0.1756,-0.2276,0.4607,0.6125,0.7143,0.6636,"2013,2014,2015,2016,2017,2018,2019,2022,2023,2024,2025"
judge_corps_caption,m-turner-1,Michael Turner,001j000000iwwssaal,Boston Crusaders,GE1,World Class,5,0.2353,0.277,0.0905,0.3509,-0.4526,0.9231,0.5575,0.8,0.6704,"2013,2014,2017"
judge_corps_caption,d-davis-1,Darrin Davis,001j000000iwwssaal,Boston Crusaders,MA,World Class,13,-0.146,-0.1183,-0.0904,0.2106,-0.5589,0.2668,0.4125,0.5385,-0.6934,"2013,2018,2019,2023,2024,2025"
judge_corps_caption,p-mcgarr-1,Paul McGarr,001j000000iwx97aad,Colt Cadets,MB,Open Class,6,0.2107,0.092,0.0903,0.2314,-0.2429,0.6643,0.4612,0.5,0.9105,"2014,2017,2024"
judge_corps_caption,j-rhodes-1,Jodie Rhodes,001j000000iwx9waad,Jersey Surf,GE2,World Class,5,0.2348,0.5964,0.0903,0.2181,-0.1927,0.6623,0.412,0.6,1.0767,"2023,2024"
judge_corps_caption,p-mcgarr-1,Paul McGarr,001j000000iwwsqaal,Blue Stars,MB,World Class,24,-0.1203,-0.1318,-0.0902,0.3063,-0.7206,0.4801,0.7537,0.7917,-0.3927,"2013,2014,2015,2016,2017,2018,2019,2023,2024,2025"
judge_corps_caption,t-slaughter-1,Tom Slaughter,001j000000iwwssaal,Boston Crusaders,VA,World Class,11,-0.1558,0.2212,-0.0902,0.4313,-1.0012,0.6896,0.644,0.9091,-0.3612,"2019,2022,2023,2025"
judge_corps_caption,l-carlson-1,Lee Carlson,001j000000iwxaeaa1,The Academy,GE1,World Class,8,-0.1802,0.1833,-0.0901,0.2897,-0.7481,0.3876,0.5671,0.625,-0.6221,"2013,2015,2016"
judge_corps_caption,a-cook-1,Andrew Cook,001j000000iwx9waad,Jersey Surf,MB,World Class,9,-0.1703,-0.2918,-0.0901,0.3656,-0.8868,0.5463,0.6767,0.6667,-0.4657,"2013,2014,2015,2016,2018,2019"
judge_corps_caption,j-webb-1,Jay Webb,001j000000h3xrnaav,Phantom Regiment,GE2,World Class,7,0.1928,0.019,0.09,0.1061,-0.0151,0.4008,0.2658,0.7143,1.8175,"2015,2019,2023,2025"
judge_corps_caption,c-romanowski-1,Chris Romanowski,001j000000iwx99aad,Columbians,MA,Open Class,5,-0.234,0.1196,-0.09,0.2225,-0.67,0.2021,0.4276,0.4,-1.0515,"2023,2024"
judge_corps_caption,f-miller-1,Frank Miller,001j000000iwxa8aal,Pioneer,VA,World Class,9,-0.1698,0.0423,-0.0899,0.1241,-0.413,0.0733,0.3611,0.2222,-1.369,"2013,2014,2015,2016,2017"
judge_corps_caption,j-queen-1,Jeff Queen,001j000000iwwsqaal,Blue Stars,MP,World Class,7,0.1927,-0.7926,0.0899,0.9738,-1.7159,2.1014,2.0195,0.7143,0.1979,"2014,2015,2017,2018"
judge_corps_caption,h-nguyen-1,Hieu Nguyen,001j000000iwxaaaa1,Raiders,CG,Open Class,5,0.2337,0.2729,0.0899,0.2676,-0.2908,0.7581,0.5062,0.6,0.8733,"2017,2018,2022,2024"
judge_corps_caption,m-mccourt-1,Meghan McCourt,001j000000iwwsraal,Bluecoats,CG,World Class,5,0.2338,0.3259,0.0899,0.2652,-0.286,0.7536,0.5053,0.8,0.8816,"2019,2022,2025"
judge_corps_caption,f-miller-1,Frank Miller,001j000000i6kfgaan,The Cadets,VA,World Class,12,0.1496,0.4014,0.0898,0.1333,-0.1116,0.4108,0.3793,0.5833,1.1224,"2013,2015,2016,2017"
judge_corps_caption,j-howell-1,John Howell,001j000000iwxaeaa1,The Academy,CG,World Class,11,-0.1551,-0.1452,-0.0898,0.2432,-0.6317,0.3215,0.5147,0.6364,-0.6378,"2013,2014,2015,2017,2019,2022,2025"
judge_corps_caption,k-baker-1,Keith Baker,001j000000iwxakaa1,Vanguard Cadets,VP,Open Class,8,0.1796,0.6383,0.0898,0.2621,-0.334,0.6933,0.6083,0.5,0.6854,"2013,2015,2016,2017"
judge_corps_caption,m-stone-1,Michael Stone,001j000000h3xrnaav,Phantom Regiment,CG,World Class,13,-0.1448,-0.1659,-0.0897,0.4001,-0.9291,0.6394,0.7675,0.6923,-0.362,"2013,2014,2015,2016,2017,2018"
judge_corps_caption,d-padilla-1,Damon Padilla,001j000000iwx91aad,Carolina Crown,CG,World Class,7,0.1922,0.1296,0.0897,0.0944,0.0071,0.3773,0.2729,0.8571,2.0357,"2019,2022,2023,2025"
judge_corps_caption,g-markham-1,Garland Markham,001j000000iwx91aad,Carolina Crown,MA,World Class,12,0.1493,0.4293,0.0896,0.0829,-0.0133,0.3118,0.2553,0.5833,1.8002,"2013,2014,2015,2016,2017,2018,2019"
judge_corps_caption,b-jones-1,Bruce Jones,001j000000iwxafaa1,The Cavaliers,VP,World Class,14,0.1407,0.3491,0.0895,0.0644,0.0144,0.267,0.2357,0.7143,2.1833,"2013,2014,2015,2016,2018,2022,2023,2025"
judge_corps_caption,m-leitzke-1,Mike Leitzke,001j000000iwxacaa1,Spartans,MP,Open Class,19,0.1272,0.2484,0.0895,0.0991,-0.067,0.3214,0.3658,0.5789,1.2836,"2015,2016,2017,2018,2019,2022,2023,2024"
judge_corps_caption,g-miller-1,Gerry Miller,001j000000iwx9oaad,Genesis,GE2,World Class,7,-0.1919,0.0762,-0.0895,0.1246,-0.4361,0.0523,0.3006,0.2857,-1.54,"2022,2024,2025"
judge_corps_caption,j-rhodes-1,Jodie Rhodes,001j000000iwwsoaal,Blue Knights,GE2,World Class,10,0.161,0.5457,0.0895,0.1302,-0.0942,0.4163,0.3596,0.6,1.2365,"2023,2024,2025"
judge_corps_caption,m-turner-1,Michael Turner,001j000000iwxa3aal,Mandarins,CG,World Class,19,0.127,0.3172,0.0894,0.2092,-0.283,0.5369,0.7011,0.6842,0.6071,"2014,2015,2016,2017,2018,2023,2024,2025"
judge_corps_caption,m-mast-1,Monte Mast,001j000000iwxa0aal,Legends,MA,Open Class,7,-0.1913,-0.2029,-0.0893,0.7824,-1.7248,1.3421,1.6139,0.7143,-0.2446,"2015,2016,2017"
judge_corps_caption,j-wilson-1,Jeff Wilson,001j000000i6jmbaaf,Blue Devils B,MP,Open Class,12,-0.1486,-0.0397,-0.0892,0.486,-1.1012,0.8039,1.2631,0.6667,-0.3058,"2013,2015,2017,2018,2019,2022,2023,2024"
judge_corps_caption,m-hoskins-1,Mark Hoskins,001j000000iwxaeaa1,The Academy,MB,World Class,14,0.1399,0.2581,0.0891,0.2375,-0.3256,0.6055,0.5494,0.9286,0.5891,"2016,2019,2022,2023,2024"
judge_corps_caption,m-hoskins-1,Mark Hoskins,001j000000h3xrnaav,Phantom Regiment,MB,World Class,17,0.1309,0.237,0.089,0.2047,-0.2704,0.5321,0.5013,0.8235,0.6392,"2013,2016,2017,2019,2022,2023,2024"
judge_corps_caption,e-martinez-1,Ed Martinez,001j000000iwxa7aal,Pacific Crest,VP,World Class,6,-0.2077,-0.3698,-0.089,0.6197,-1.4223,1.0068,1.0848,0.6667,-0.3352,"2018,2019,2022,2024"
judge_corps_caption,d-davis-1,Darrin Davis,001j000000i6lenaa3,Madison Scouts,GE2,World Class,21,-0.1227,-0.2577,-0.0889,0.2889,-0.689,0.4435,0.8035,0.6667,-0.4249,"2014,2015,2016,2017,2018,2019,2022,2023,2024"
judge_corps_caption,t-slaughter-1,Tom Slaughter,001j000000iwxaeaa1,The Academy,VA,World Class,7,0.1905,0.5352,0.0889,0.1291,-0.0625,0.4435,0.3621,0.7143,1.4755,"2022,2023,2024,2025"
judge_corps_caption,m-hoskins-1,Mark Hoskins,001j000000iwx9taad,Heat Wave,MB,Open Class,7,-0.1902,-0.0063,-0.0888,0.3408,-0.8581,0.4777,0.7005,0.4286,-0.5583,"2016,2018,2019,2022,2023,2025"
judge_corps_caption,m-thompson-1,Michael Thompson,001j000000iwxafaa1,The Cavaliers,VP,World Class,9,0.1675,0.5218,0.0887,0.0776,0.0153,0.3197,0.2425,0.7778,2.1573,"2013,2014,2018,2022,2024"
judge_corps_caption,w-dillon-1,Wayne Dillon,001j000000i6kfgaan,The Cadets,MB,World Class,10,0.1596,0.1331,0.0887,0.1901,-0.2129,0.5322,0.4136,0.7,0.84,"2014,2015,2016,2018,2023"
judge_corps_caption,w-chumley-1,William Chumley,001j000000i6kfgaan,The Cadets,CG,World Class,5,0.2306,0.4566,0.0887,0.2098,-0.1807,0.6418,0.3872,0.6,1.0989,"2016,2017,2018,2019"
judge_corps_caption,m-mcgahey-1,Mark McGahey,001j000000iwx9waad,Jersey Surf,GE2,World Class,9,0.1669,0.0851,0.0884,0.1703,-0.1669,0.5008,0.3665,0.8889,0.9802,"2014,2017,2019,2023"
judge_corps_caption,d-padilla-1,Damon Padilla,001j000000iwwsraal,Bluecoats,GE1,World Class,9,0.1671,0.2841,0.0884,0.1276,-0.0829,0.4171,0.2292,0.5556,1.3098,"2022,2023,2024,2025"
judge_corps_caption,c-moss-1,Chris Moss,001j000000iwx98aad,Colts,VP,World Class,15,0.1352,0.3308,0.0881,0.1308,-0.1213,0.3916,0.4125,0.6,1.033,"2013,2014,2015,2017,2018,2022,2023,2024"
judge_corps_caption,m-griffin-1,Marty Griffin,001j000000h3xwcaav,Santa Clara Vanguard,MA,World Class,8,-0.1762,-0.0984,-0.0881,0.5307,-1.2164,0.8641,1.0416,0.75,-0.3319,"2018,2022,2024,2025"
judge_corps_caption,w-rickart-1,Warren Rickart,001j000000iwwsqaal,Blue Stars,CG,World Class,5,0.229,0.6364,0.0881,0.177,-0.118,0.5759,0.3778,0.8,1.2933,"2019,2022,2024"
judge_corps_caption,w-chumley-1,William Chumley,001j000000iwwsraal,Bluecoats,CG,World Class,6,0.2054,0.4491,0.088,0.0783,0.0518,0.359,0.2114,0.8333,2.6216,"2016,2017,2018"
judge_corps_caption,j-rhodes-1,Jodie Rhodes,001j000000h3xwcaav,Santa Clara Vanguard,GE2,World Class,6,0.2053,0.5998,0.088,0.25,-0.2848,0.6954,0.4969,0.5,0.821,"2024,2025"
judge_corps_caption,f-miller-1,Frank Miller,001j000000iwxa7aal,Pacific Crest,VA,World Class,7,0.1884,0.4628,0.0879,0.1974,-0.1985,0.5753,0.3342,0.7143,0.9546,"2013,2014,2015,2016"
judge_corps_caption,d-torchia-1,Debbie Torchia,001j000000iwwssaal,Boston Crusaders,GE1,World Class,8,0.1758,0.2376,0.0879,0.21,-0.2358,0.5875,0.489,0.875,0.8372,"2017,2018,2022,2024"
judge_corps_caption,t-ochran-1,Timothy Ochran,001j000000i6kfgaan,The Cadets,VA,World Class,16,0.1317,-0.0713,0.0878,0.3859,-0.6247,0.8881,0.8591,0.875,0.3412,"2013,2014,2015,2016,2017,2019,2022,2023"
judge_corps_caption,f-miller-1,Frank Miller,001j000000iwx93aad,Seattle Cascades,VA,World Class,6,-0.2048,0.075,-0.0878,0.1629,-0.5241,0.1146,0.392,0.3333,-1.2568,"2013,2015,2016,2017"
judge_corps_caption,r-solomon-1,Robert Solomon,001j000000iwwsraal,Bluecoats,CG,World Class,15,0.1346,0.2587,0.0878,0.0578,0.0212,0.248,0.202,0.7333,2.3267,"2014,2015,2017,2018,2019,2022,2023,2024"
judge_corps_caption,w-chumley-1,William Chumley,001j000000iwx93aad,Seattle Cascades,CG,World Class,7,-0.1882,0.0733,-0.0878,0.3908,-0.9541,0.5777,0.841,0.5714,-0.4816,"2014,2016,2017,2023,2024"
judge_corps_caption,p-haines-1,Phillip Haines,001j000000iwxajaa1,Troopers,MA,World Class,7,0.188,0.1541,0.0877,0.2476,-0.2973,0.6733,0.5507,0.8571,0.7592,"2014,2015,2016,2018,2019,2022"
judge_corps_caption,j-gilley-1,Jackie Gilley,001j000000iwx9paad,Gold,CG,Open Class,5,0.2276,0.46,0.0875,0.3194,-0.3985,0.8537,0.5598,0.6,0.7124,"2015,2018,2019,2024"
judge_corps_caption,m-stone-1,Michael Stone,001j000000iwwsqaal,Blue Stars,GE1,World Class,18,-0.1262,-0.3006,-0.0874,0.4418,-0.9922,0.7398,1.1442,0.8333,-0.2856,"2014,2015,2016,2017,2018,2019,2022"
judge_corps_caption,j-harper-1,Jeff Harper,001j000000iwwsqaal,Blue Stars,GE2,World Class,5,-0.2269,-0.3819,-0.0873,0.5893,-1.3818,0.9281,0.7805,0.6,-0.385,"2013,2014,2015,2017"
judge_corps_caption,c-dillon-1,Christine Dillon,001j000000iwxakaa1,Vanguard Cadets,VA,Open Class,5,0.2265,0.8849,0.0871,0.4266,-0.6097,1.0627,0.6795,0.6,0.5309,"2013,2014,2015,2016,2017"
judge_corps_caption,m-bowers-1,Michele Bowers,001j000000iwxacaa1,Spartans,CG,Open Class,8,0.1743,0.7504,0.0871,0.1124,-0.0461,0.3947,0.2656,0.625,1.5502,"2017,2022,2023,2024"
judge_corps_caption,p-mcgarr-1,Paul McGarr,001j000000i6kfgaan,The Cadets,MB,World Class,21,-0.1201,-0.1483,-0.087,0.2943,-0.6969,0.4567,0.7164,0.7143,-0.408,"2013,2014,2015,2016,2017,2018,2019,2022,2023"
judge_corps_caption,j-howell-1,John Howell,001j000000iwx91aad,Carolina Crown,GE1,World Class,24,-0.116,-0.1373,-0.087,0.2696,-0.6444,0.4124,0.8537,0.75,-0.4302,"2013,2014,2015,2016,2017,2018,2019,2022,2023,2024,2025"
judge_corps_caption,c-rapacki-1,Chris Rapacki,001j000000iwxa5aal,Music City,MP,World Class,6,0.2031,0.3394,0.087,0.1816,-0.1528,0.559,0.4069,0.6667,1.1184,"2019,2023,2025"
judge_corps_caption,c-moss-1,Chris Moss,001j000000i6lenaa3,Madison Scouts,VP,World Class,15,0.1333,0.3059,0.0869,0.0792,-0.0219,0.2884,0.2396,0.7333,1.6836,"2013,2014,2015,2016,2017,2018,2019,2022,2023,2024"
judge_corps_caption,e-beens-1,Edwin Beens,001j000000iwxaeaa1,The Academy,VA,World Class,5,-0.2256,-0.2059,-0.0868,0.2307,-0.6777,0.2265,0.2949,0.4,-0.9779,"2024,2025"
judge_corps_caption,j-campbell-1,Jackie Campbell,001j000000iwwsraal,Bluecoats,CG,World Class,5,-0.2258,0.3299,-0.0868,0.2021,-0.6218,0.1703,0.3335,0.2,-1.1173,"2024,2025"
judge_corps_caption,c-nelson-1,Carl Nelson,001j000000iwxa5aal,Music City,VP,Open Class,12,0.1446,0.4052,0.0867,0.2467,-0.3389,0.6281,0.6765,0.4167,0.5861,"2014,2016,2017,2018,2019,2022"
judge_corps_caption,b-kuhn-1,Blair Kuhn,001j000000iwxa5aal,Music City,VA,World Class,10,-0.156,-0.3138,-0.0867,0.5547,-1.2433,0.9313,1.2238,0.7,-0.2812,"2018,2019,2022,2023,2025"
judge_corps_caption,m-griffin-1,Marty Griffin,001j000000iwwsqaal,Blue Stars,MP,World Class,22,0.1181,0.3565,0.0866,0.1687,-0.2124,0.4487,0.5074,0.8182,0.7005,"2013,2014,2015,2017,2018,2019,2023,2025"
judge_corps_caption,k-miller-1,Kyle Miller,001j000000i6lenaa3,Madison Scouts,GE1,World Class,17,0.1273,0.1842,0.0866,0.0951,-0.0591,0.3138,0.3149,0.6471,1.339,"2013,2014,2015,2016,2017,2018,2022,2023,2024,2025"
judge_corps_caption,d-niebauer-1,Dan Niebauer,001j000000iwxakaa1,Vanguard Cadets,VA,Open Class,7,0.1856,0.7978,0.0866,0.1943,-0.1953,0.5665,0.3179,0.5714,0.9551,"2015,2016,2017"
judge_corps_caption,j-kennedy-1,Jay Kennedy,001j000000h3xrnaav,Phantom Regiment,GE2,World Class,13,-0.1397,-0.3263,-0.0865,0.4654,-1.0519,0.7725,1.0556,0.6923,-0.3002,"2013,2014,2015,2016,2017,2019,2024"
judge_corps_caption,k-kuhn-1,Kim Kuhn,001j000000iwx97aad,Colt Cadets,VP,Open Class,7,-0.1853,-0.0336,-0.0865,0.5351,-1.2342,0.8635,1.0291,0.7143,-0.3463,"2017,2018,2019,2023"
judge_corps_caption,p-haines-1,Phillip Haines,001j000000iwxa7aal,Pacific Crest,MA,World Class,6,-0.2016,-0.2236,-0.0864,0.3919,-0.9698,0.5666,0.512,0.6667,-0.5144,"2013,2014,2015,2016,2018,2025"
judge_corps_caption,e-martinez-1,Ed Martinez,001j000000f17bwaaa,Watchmen,GE1,Open Class,6,-0.2017,0.785,-0.0864,0.1409,-0.4779,0.0745,0.2947,0.5,-1.4312,"2018,2019"
judge_corps_caption,c-phillips-1,Chester Phillips,001j000000h3xrnaav,Phantom Regiment,MB,World Class,12,0.1438,0.3651,0.0863,0.1035,-0.0591,0.3467,0.3127,0.6667,1.3889,"2013,2014,2016,2017,2018,2019,2023"
judge_corps_caption,m-kelly-1,Mickey Kelly,001j000000iwxa6aal,Oregon Crusaders,GE1,World Class,8,0.1725,0.069,0.0863,0.1977,-0.2149,0.56,0.5179,0.75,0.8727,"2013,2014,2015,2016,2017"
judge_corps_caption,j-davila-1,Julie Davila,001j000000iwwsraal,Bluecoats,MA,World Class,10,-0.1554,-0.3351,-0.0863,0.5336,-1.2013,0.8905,0.855,0.7,-0.2912,"2018,2019"
judge_corps_caption,d-carbone-1,Dave Carbone,001j000000iwxa5aal,Music City,GE2,World Class,5,-0.2242,-0.1369,-0.0862,0.5071,-1.218,0.7697,0.6754,0.8,-0.4421,"2018,2023"
judge_corps_caption,a-kristensen-1,Allan Kristensen,001j000000i6kalaa3,Blue Devils C,GE2,Open Class,5,-0.2238,0.4814,-0.0861,0.3491,-0.908,0.4604,0.5952,0.6,-0.6411,"2013,2015,2018,2019"
judge_corps_caption,p-furnari-1,Peter Furnari,001j000000iwxa0aal,Legends,MA,Open Class,8,-0.1722,0.3109,-0.0861,0.3618,-0.8815,0.537,0.7159,0.5,-0.476,"2016,2018,2019"
judge_corps_caption,r-greenwell-1,Randy Greenwell,001j000000iwxa3aal,Mandarins,GE2,World Class,8,-0.172,-0.4781,-0.086,0.535,-1.2205,0.8766,1.1297,0.75,-0.3214,"2013,2014,2015,2016,2017,2019"
judge_corps_caption,a-cook-1,Andrew Cook,001j000000i6lenaa3,Madison Scouts,MA,World Class,6,-0.2006,-0.521,-0.086,0.8913,-1.9475,1.5463,1.4429,0.6667,-0.2251,"2013,2014,2015,2018,2022"
judge_corps_caption,l-carlson-1,Lee Carlson,001j000000i6kfgaan,The Cadets,CG,World Class,10,0.1548,0.2358,0.086,0.1302,-0.1003,0.41,0.3363,0.7,1.1893,"2013,2014,2015,2016"
judge_corps_caption,j-sturgeon-1,Jim Sturgeon,001j000000iwwsqaal,Blue Stars,VA,World Class,9,-0.1624,-0.2129,-0.086,0.4261,-0.9975,0.6727,0.8534,0.7778,-0.3812,"2014,2017,2018,2019,2023,2024"
judge_corps_caption,s-page-1,Steven Page,001j000000iwx93aad,Seattle Cascades,MB,World Class,12,0.1434,0.3352,0.086,0.2287,-0.3048,0.5916,0.6386,0.5833,0.6271,"2014,2015,2017,2018,2023,2024,2025"
judge_corps_caption,f-miller-1,Frank Miller,001j000000iwxa3aal,Mandarins,GE1,World Class,5,0.2233,0.5277,0.0859,0.2571,-0.2806,0.7271,0.4816,0.8,0.8686,"2014,2015,2016,2017"
judge_corps_caption,m-turner-1,Michael Turner,001j000000iwxafaa1,The Cavaliers,CG,World Class,18,0.124,0.2593,0.0858,0.1526,-0.1751,0.423,0.5372,0.6111,0.8127,"2013,2014,2015,2016,2017,2018,2025"
judge_corps_caption,g-markham-1,Garland Markham,001j000000h3xwcaav,Santa Clara Vanguard,GE2,World Class,6,-0.2001,-0.2229,-0.0858,0.5989,-1.374,0.9738,0.8551,0.6667,-0.3341,"2014,2016,2017,2019"
judge_corps_caption,j-gilley-1,Jackie Gilley,001j000000iwxa7aal,Pacific Crest,CG,World Class,9,0.162,0.3001,0.0857,0.2516,-0.3311,0.655,0.6336,0.6667,0.6438,"2013,2014,2015,2023,2024,2025"
judge_corps_caption,k-miller-1,Kyle Miller,001j000000iwxa0aal,Legends,GE1,Open Class,6,-0.2,-0.9691,-0.0857,0.4415,-1.0653,0.6654,0.8224,0.5,-0.453,"2015,2016,2017"
judge_corps_caption,p-furnari-1,Peter Furnari,001j000000iwwsoaal,Blue Knights,MP,World Class,6,-0.1998,0.0042,-0.0856,0.806,-1.7795,1.38,1.3432,0.6667,-0.2479,"2013,2017,2024"
judge_corps_caption,a-lo-1,Albert Lo,001j000000i6lenaa3,Madison Scouts,MA,World Class,6,0.1997,0.5031,0.0856,0.1215,-0.0385,0.4378,0.3155,0.6667,1.6432,"2013,2014,2015,2019"
judge_corps_caption,m-griffin-1,Marty Griffin,001j000000i6i9saav,Blue Devils,MA,World Class,7,-0.1834,-0.1179,-0.0856,0.8207,-1.7921,1.4252,1.2417,0.8571,-0.2235,"2013,2017,2022,2024"
judge_corps_caption,m-hoskins-1,Mark Hoskins,001j000000i6i9saav,Blue Devils,MB,World Class,16,-0.1284,0.0024,-0.0856,0.4194,-0.9504,0.6936,0.9561,0.875,-0.3061,"2019,2022,2023,2024,2025"
judge_corps_caption,m-thompson-1,Michael Thompson,001j000000iwxafaa1,The Cavaliers,CG,World Class,8,0.171,0.3923,0.0855,0.0632,0.0471,0.295,0.1999,0.75,2.705,"2013,2014,2016,2019,2023,2025"
judge_corps_caption,b-brahan-1,Beverly Brahan,001j000000iwwssaal,Boston Crusaders,CG,World Class,10,0.1539,0.5456,0.0855,0.0756,0.0058,0.302,0.2309,0.7,2.0367,"2022,2023,2024,2025"
judge_corps_caption,j-howell-1,John Howell,001j000000iwxadaa1,Spirit of Atlanta,GE1,World Class,12,0.1424,0.1105,0.0854,0.122,-0.0968,0.3815,0.3551,0.6667,1.1666,"2014,2015,2016,2017,2018,2019,2023,2025"
judge_corps_caption,d-deems-1,Don Deems,001j000000iwx91aad,Carolina Crown,VA,World Class,5,-0.2222,-0.3442,-0.0854,0.7492,-1.6906,1.2463,1.3503,0.6,-0.2965,"2016,2017,2018,2022"
judge_corps_caption,c-rothe-1,Caleb Rothe,001j000000iwxa5aal,Music City,GE2,World Class,7,0.183,0.3348,0.0854,0.1177,-0.0478,0.4138,0.2591,0.7143,1.5544,"2018,2022,2023,2024,2025"
judge_corps_caption,c-romanowski-1,Chris Romanowski,001j000000iwx9aaat,Crossmen,MA,World Class,11,0.1476,0.2791,0.0854,0.1139,-0.0757,0.3709,0.3327,0.7273,1.2953,"2018,2019,2023,2024,2025"
judge_corps_caption,a-cook-1,Andrew Cook,001j000000iwwsraal,Bluecoats,MA,World Class,5,-0.2214,-0.5217,-0.0852,1.0683,-2.3153,1.8724,1.5607,0.8,-0.2073,"2013,2014,2017"
judge_corps_caption,k-young-1,Kyle Young,001j000000iwxa7aal,Pacific Crest,MA,World Class,5,0.2215,0.1928,0.0852,0.1113,0.0033,0.4397,0.2709,0.8,1.9896,"2023,2024,2025"
judge_corps_caption,m-thompson-1,Michael Thompson,001j000000iwxa7aal,Pacific Crest,VP,World Class,8,0.1703,0.5622,0.0851,0.0501,0.0721,0.2685,0.1893,0.75,3.3978,"2013,2014,2017,2018,2019"
judge_corps_caption,k-miller-1,Kyle Miller,001j000000h3xwcaav,Santa Clara Vanguard,GE1,World Class,28,-0.1094,-0.0118,-0.0851,0.2513,-0.6018,0.3831,0.6766,0.6786,-0.4353,"2013,2014,2015,2016,2017,2018,2019,2022,2024,2025"
judge_corps_caption,r-solomon-1,Robert Solomon,001j000000h3xrnaav,Phantom Regiment,CG,World Class,14,0.1337,0.2391,0.0851,0.0946,-0.0517,0.3191,0.3355,0.7143,1.4135,"2014,2015,2016,2017,2018,2019,2022,2023,2024"
judge_corps_caption,m-kelly-1,Mickey Kelly,001j000000iwx93aad,Seattle Cascades,GE1,World Class,9,0.1606,0.0717,0.085,0.1087,-0.0525,0.3737,0.2698,0.5556,1.4768,"2013,2014,2015,2016,2017,2019"
judge_corps_caption,c-church-1,CHRIS CHURCH,001j000000iwx98aad,Colts,VA,World Class,7,-0.1822,0.2076,-0.085,0.205,-0.5841,0.2196,0.3813,0.4286,-0.8888,"2014,2016,2018,2019,2022,2024"
judge_corps_caption,t-ochran-1,Timothy Ochran,001j000000iwx9paad,Gold,GE1,Open Class,5,-0.2209,-0.9867,-0.085,0.6991,-1.5911,1.1492,1.1763,0.4,-0.3161,"2017,2023,2024,2025"
judge_corps_caption,r-kemp-1,Richard Kemp,001j000000iwxadaa1,Spirit of Atlanta,GE1,World Class,10,0.1528,-0.0187,0.0849,0.161,-0.1627,0.4683,0.399,0.6,0.9491,"2013,2014,2015,2018"
judge_corps_caption,m-kelly-1,Mickey Kelly,001j000000iwxadaa1,Spirit of Atlanta,GE1,World Class,15,-0.1302,-0.2284,-0.0849,0.2668,-0.6532,0.3927,0.6613,0.6,-0.4881,"2013,2014,2015,2016,2017,2018,2019"
judge_corps_caption,p-madden-1,Phil Madden,001j000000iwxa3aal,Mandarins,GE1,World Class,6,-0.1981,-0.0872,-0.0849,0.8059,-1.7777,1.3815,1.2104,0.6667,-0.2458,"2016,2018,2022,2023,2025"
judge_corps_caption,c-hestin-1,Chris Hestin,001j000000iwx9oaad,Genesis,GE2,World Class,9,-0.1602,0.0511,-0.0848,0.6008,-1.3377,1.0174,1.1907,0.4444,-0.2666,"2017,2018,2019,2022"
judge_corps_caption,t-slaughter-1,Tom Slaughter,001j000000iwxafaa1,The Cavaliers,VA,World Class,12,0.1412,0.4798,0.0847,0.0946,-0.0442,0.3265,0.2656,0.6667,1.493,"2022,2023,2024,2025"
judge_corps_caption,c-dillon-1,Christine Dillon,001j000000iwx9oaad,Genesis,CG,Open Class,13,0.1367,0.7713,0.0846,0.1743,-0.2049,0.4782,0.4793,0.3846,0.7841,"2013,2014,2015,2016,2019"
judge_corps_caption,r-rios-1,Ronnie Rios,001j000000iwwssaal,Boston Crusaders,MB,World Class,10,-0.1522,0.3082,-0.0846,0.3136,-0.7668,0.4623,0.6977,0.6,-0.4855,"2016,2017,2018,2019,2023,2025"
judge_corps_caption,j-kennedy-1,Jay Kennedy,001j000000iwwsoaal,Blue Knights,MA,World Class,28,0.1086,0.4564,0.0845,0.1598,-0.2046,0.4219,0.524,0.6429,0.6797,"2013,2014,2015,2016,2017,2018,2019,2022,2023,2024,2025"
judge_corps_caption,d-argul-1,Dennis Argul,001j000000iwx9aaat,Crossmen,MB,World Class,6,0.1971,0.6731,0.0845,0.1312,-0.06,0.4542,0.2512,0.6667,1.5025,"2014,2017,2019,2025"
judge_corps_caption,r-rios-1,Ronnie Rios,001j000000iwxa7aal,Pacific Crest,MB,World Class,9,0.1596,0.6267,0.0845,0.1879,-0.2086,0.5279,0.4404,0.5556,0.8496,"2016,2018,2023,2024"
judge_corps_caption,k-young-1,Kyle Young,001j000000iwwsraal,Bluecoats,MA,World Class,8,0.169,0.1321,0.0845,0.2688,-0.358,0.6959,0.5513,0.875,0.6286,"2022,2023,2024,2025"
judge_corps_caption,d-davis-1,Darrin Davis,001j000000iwx9aaat,Crossmen,MA,World Class,9,0.1594,0.1517,0.0844,0.1613,-0.1567,0.4755,0.3882,0.6667,0.9881,"2014,2018,2019,2024,2025"
judge_corps_caption,c-hestin-1,Chris Hestin,001j000000iwwssaal,Boston Crusaders,GE2,World Class,8,0.1687,0.3348,0.0844,0.1225,-0.0713,0.4088,0.3518,0.75,1.3776,"2017,2018,2019,2022"
judge_corps_caption,c-costanza-1,Curtis Costanza,001j000000iwxa7aal,Pacific Crest,GE1,World Class,7,-0.1806,-0.4354,-0.0843,0.6363,-1.4277,1.0665,0.9551,0.8571,-0.2839,"2018,2019,2023,2024,2025"
judge_corps_caption,c-rothe-1,Caleb Rothe,001j000000iwx98aad,Colts,GE2,World Class,13,0.1356,0.2256,0.084,0.0856,-0.0321,0.3033,0.285,0.6923,1.585,"2016,2018,2019,2022,2023,2024,2025"
judge_corps_caption,d-padilla-1,Damon Padilla,001j000000iwxa5aal,Music City,GE1,World Class,7,0.18,0.342,0.084,0.1034,-0.0228,0.3827,0.2258,0.5714,1.74,"2019,2022,2023,2024,2025"
judge_corps_caption,c-romanowski-1,Chris Romanowski,001j000000h3xwcaav,Santa Clara Vanguard,MP,World Class,6,-0.1959,-0.1192,-0.0839,0.8108,-1.785,1.3933,1.2027,0.8333,-0.2416,"2013,2017,2024"
judge_corps_caption,p-furnari-1,Peter Furnari,001j000000iwwsraal,Bluecoats,MA,World Class,5,0.2181,0.8162,0.0839,0.1751,-0.1251,0.5613,0.2592,0.6,1.2455,"2016,2018,2019"
judge_corps_caption,j-rhodes-1,Jodie Rhodes,001j000000iwxa5aal,Music City,GE2,World Class,9,-0.1585,0.2918,-0.0839,0.1805,-0.5124,0.1953,0.3589,0.3333,-0.878,"2022,2023,2024,2025"
judge_corps_caption,l-carlson-1,Lee Carlson,001j000000iwxafaa1,The Cavaliers,GE1,World Class,7,0.1795,0.5364,0.0838,0.1348,-0.0846,0.4436,0.3102,0.5714,1.3321,"2013,2014,2015,2016"
judge_corps_caption,g-llacer-1,Greg Llacer,001j000000iwwsoaal,Blue Knights,GE1,World Class,5,0.2179,0.5975,0.0838,0.1247,-0.0265,0.4623,0.287,0.6,1.7477,"2022,2023,2024"
judge_corps_caption,j-rhodes-1,Jodie Rhodes,001j000000iwxa3aal,Mandarins,GE2,World Class,10,0.1508,0.552,0.0838,0.0993,-0.0437,0.3454,0.2599,0.7,1.5195,"2022,2023,2024,2025"
judge_corps_caption,d-deems-1,Don Deems,001j000000i6jmbaaf,Blue Devils B,GE1,Open Class,5,0.2173,1.0118,0.0836,0.4222,-0.6102,1.0448,0.6452,0.6,0.5147,"2013,2016,2017,2023,2024"
judge_corps_caption,c-dillon-1,Christine Dillon,001j000000iwwspaal,Blue Saints,CG,Open Class,6,0.1952,0.6445,0.0836,0.1553,-0.1093,0.4996,0.316,0.8333,1.2566,"2013,2014,2015"
judge_corps_caption,n-jones-1,Nola Jones,001j000000iwx9waad,Jersey Surf,GE2,World Class,13,0.1349,0.0159,0.0835,0.2513,-0.3576,0.6274,0.6001,0.6923,0.5369,"2013,2014,2015,2016,2017,2018,2019,2023"
judge_corps_caption,j-orefice-1,Juno Orefice,001j000000iwxa1aal,Les Stentors,VP,Open Class,6,-0.1949,0.1127,-0.0835,0.2547,-0.6941,0.3043,0.5112,0.3333,-0.7651,"2014,2016,2023,2024,2025"
judge_corps_caption,c-romanowski-1,Chris Romanowski,001j000000iwwssaal,Boston Crusaders,MA,World Class,12,0.1391,0.3038,0.0835,0.0679,0.0061,0.2722,0.1953,0.75,2.0492,"2018,2019,2023,2024,2025"
judge_corps_caption,e-martinez-1,Ed Martinez,001j000000iwx9qaad,Golden Empire,VP,Open Class,5,-0.217,0.5011,-0.0835,0.6026,-1.398,0.9641,0.8871,0.6,-0.3601,"2018,2019,2022,2024"
judge_corps_caption,g-llacer-1,Greg Llacer,001j000000iwx98aad,Colts,GE1,World Class,5,0.2172,0.5925,0.0835,0.1618,-0.0999,0.5343,0.2952,0.6,1.3427,"2022,2023,2024"
judge_corps_caption,m-leitzke-1,Mike Leitzke,001j0000012tpxmaa2,Shadow,MP,Open Class,10,0.1499,0.4096,0.0833,0.2774,-0.3939,0.6936,0.7203,0.5,0.5402,"2016,2017,2018,2019"
judge_corps_caption,c-romanowski-1,Chris Romanowski,001j000000iwx9paad,Gold,MP,Open Class,10,-0.1497,-0.0137,-0.0832,0.4692,-1.0693,0.77,0.9661,0.7,-0.319,"2013,2014,2016,2017,2023,2024"
judge_corps_caption,c-rothe-1,Caleb Rothe,001j000000iwx9aaat,Crossmen,GE2,World Class,10,0.1496,0.2264,0.0831,0.0747,0.0031,0.2961,0.256,0.8,2.0012,"2014,2016,2018,2022,2023,2024,2025"
judge_corps_caption,c-phillips-1,Chester Phillips,001j000000i6lenaa3,Madison Scouts,MB,World Class,10,-0.1494,0.0726,-0.083,0.1315,-0.4072,0.1083,0.3216,0.3,-1.1364,"2016,2017,2018,2019,2023"
judge_corps_caption,j-kennedy-1,Jay Kennedy,001j000000h3xwcaav,Santa Clara Vanguard,MA,World Class,24,0.1106,0.4718,0.0829,0.226,-0.3323,0.5534,0.7086,0.75,0.4893,"2013,2014,2015,2016,2017,2018,2019,2022,2024,2025"
judge_corps_caption,c-nelson-1,Carl Nelson,001j000000iwx9vaad,Incognito,VP,Open Class,7,0.1774,0.5363,0.0828,0.3741,-0.5559,0.9108,0.7059,0.5714,0.4742,"2014,2016,2017,2019"
judge_corps_caption,j-howell-1,John Howell,001j000000iwxajaa1,Troopers,GE1,World Class,17,-0.1217,-0.1412,-0.0827,0.3695,-0.8458,0.6025,0.8506,0.8235,-0.3294,"2013,2014,2015,2016,2017,2018,2019,2023,2025"
judge_corps_caption,s-page-1,Steven Page,001j000000i6lenaa3,Madison Scouts,MB,World Class,18,0.1194,0.2744,0.0827,0.0948,-0.0664,0.3052,0.3347,0.7778,1.2598,"2014,2015,2016,2017,2018,2022,2024,2025"
judge_corps_caption,j-rhodes-1,Jodie Rhodes,001j000000iwxajaa1,Troopers,GE2,World Class,9,0.1561,0.5449,0.0827,0.3463,-0.5226,0.8349,0.7054,0.7778,0.4508,"2023,2024,2025"
judge_corps_caption,g-fugett-1,Glenn Fugett,001j000000iwxaeaa1,The Academy,GE2,World Class,20,-0.1156,-0.253,-0.0826,0.3064,-0.7161,0.4848,0.8654,0.75,-0.3774,"2013,2014,2016,2017,2018,2019,2022,2023,2024,2025"
judge_corps_caption,c-rothe-1,Caleb Rothe,001j000000iwx99aad,Columbians,GE2,Open Class,5,-0.2148,-0.343,-0.0826,0.9168,-2.0118,1.5822,1.3173,0.8,-0.2343,"2016,2022,2025"
judge_corps_caption,w-dillon-1,Wayne Dillon,001j000000iwwssaal,Boston Crusaders,GE2,World Class,13,0.1332,0.1588,0.0825,0.2648,-0.3858,0.6522,0.6908,0.7692,0.5031,"2013,2014,2015,2016,2019,2022,2024"
judge_corps_caption,t-wemhoff-1,Ted Wemhoff,001j000000iwxadaa1,Spirit of Atlanta,GE1,World Class,15,-0.1264,0.0977,-0.0825,0.1056,-0.3334,0.0805,0.3141,0.4,-1.1978,"2015,2016,2017,2019,2023,2025"
judge_corps_caption,a-combites-1,Andy Combites,001j000000iwxa2aal,Louisiana Stars,GE1,Open Class,5,0.2144,0.8622,0.0825,0.169,-0.1169,0.5457,0.3974,0.8,1.2684,"2018,2019"
judge_corps_caption,g-llacer-1,Greg Llacer,001j000000iwwsqaal,Blue Stars,GE1,World Class,6,0.1925,0.5724,0.0825,0.1735,-0.1475,0.5325,0.3679,0.6667,1.11,"2022,2023,2024"
judge_corps_caption,j-kennedy-1,Jay Kennedy,001j000000i6kfgaan,The Cadets,GE2,World Class,17,0.1211,-0.0694,0.0823,0.2596,-0.3877,0.6299,0.7186,0.8235,0.4665,"2013,2014,2015,2016,2017,2018,2019,2023"
judge_corps_caption,m-griffin-1,Marty Griffin,001j000000iwxa5aal,Music City,MP,Open Class,14,0.1293,0.2492,0.0823,0.2275,-0.3167,0.5753,0.6183,0.6429,0.5681,"2013,2014,2015,2016,2017,2018,2019,2025"
judge_corps_caption,b-mascaro-1,Bret Mascaro,001j000000iwxa7aal,Pacific Crest,VA,World Class,16,0.1235,0.4675,0.0823,0.0839,-0.041,0.288,0.2911,0.5625,1.4716,"2013,2014,2015,2016,2017,2018,2019,2022"
judge_corps_caption,c-costanza-1,Curtis Costanza,001j000000iwxajaa1,Troopers,VP,World Class,6,-0.192,-0.3013,-0.0823,0.5402,-1.2508,0.8669,1.0053,0.6667,-0.3553,"2018,2019,2022,2023"
judge_corps_caption,p-madden-1,Phil Madden,001j000000iwx9oaad,Genesis,VA,World Class,6,0.192,0.4566,0.0823,0.2695,-0.3362,0.7203,0.5034,0.6667,0.7126,"2019,2024"
judge_corps_caption,k-miller-1,Kyle Miller,001j000000iwx98aad,Colts,VP,World Class,9,0.1553,0.1301,0.0822,0.3687,-0.5673,0.8778,0.7813,0.6667,0.4212,"2013,2015,2016,2017,2019,2023,2024,2025"
judge_corps_caption,c-moss-1,Chris Moss,001j000000iwx98aad,Colts,GE1,World Class,6,0.1918,0.179,0.0822,0.4475,-0.6854,1.069,0.8154,0.8333,0.4286,"2017,2019,2023,2025"
judge_corps_caption,w-chumley-1,William Chumley,001j000000iwxa3aal,Mandarins,CG,World Class,10,-0.1478,0.1339,-0.0821,0.3308,-0.7961,0.5006,0.551,0.7,-0.4467,"2014,2016,2017,2018,2019,2022,2023"
judge_corps_caption,p-furnari-1,Peter Furnari,001j000000iwxaeaa1,The Academy,MP,World Class,7,0.1756,0.3512,0.082,0.1239,-0.0672,0.4185,0.2455,0.7143,1.4175,"2013,2016,2017,2019,2024"
judge_corps_caption,s-page-1,Steven Page,001j000000iwxa8aal,Pioneer,MB,World Class,6,0.1914,0.3338,0.082,0.1918,-0.1846,0.5674,0.4128,0.6667,0.9977,"2014,2015,2017,2018"
judge_corps_caption,l-carlson-1,Lee Carlson,001j000000iwwsqaal,Blue Stars,GE1,World Class,9,0.1548,0.5276,0.0819,0.1448,-0.1291,0.4386,0.3677,0.5556,1.0686,"2013,2015,2016"
judge_corps_caption,j-kennedy-1,Jay Kennedy,001j000000iwxadaa1,Spirit of Atlanta,MA,World Class,22,-0.1116,0.2326,-0.0819,0.1746,-0.4538,0.2306,0.6139,0.5,-0.6393,"2013,2014,2015,2017,2018,2019,2023,2025"
judge_corps_caption,g-markham-1,Garland Markham,001j000000iwxaeaa1,The Academy,MA,World Class,5,0.2129,0.4734,0.0819,0.1524,-0.0858,0.5116,0.2987,0.8,1.3971,"2016,2017,2019"
judge_corps_caption,t-wingate-1,Travis Wingate,001j000000iwxa1aal,Les Stentors,VA,Open Class,8,-0.1638,0.1368,-0.0819,0.1078,-0.3751,0.0475,0.2643,0.375,-1.5197,"2022,2023,2025"
judge_corps_caption,d-argul-1,Dennis Argul,001j000000iwxadaa1,Spirit of Atlanta,MB,World Class,8,-0.1635,0.3239,-0.0818,0.297,-0.7456,0.4185,0.5231,0.5,-0.5507,"2014,2017,2019,2025"
judge_corps_caption,j-prosperie-1,Jeff Prosperie,001j000000iwx91aad,Carolina Crown,MP,World Class,22,0.1114,0.2604,0.0817,0.0982,-0.081,0.3039,0.3353,0.6364,1.1347,"2013,2014,2015,2016,2017,2018,2019,2024,2025"
judge_corps_caption,j-harper-1,Jeff Harper,001j000000iwxa7aal,Pacific Crest,GE2,World Class,6,-0.1907,-0.3394,-0.0817,0.2297,-0.641,0.2595,0.4444,0.3333,-0.8302,"2013,2014,2017,2023"
judge_corps_caption,b-mascaro-1,Bret Mascaro,001j000000iwwsraal,Bluecoats,VA,World Class,15,0.1252,0.4589,0.0816,0.1011,-0.073,0.3233,0.2881,0.7333,1.2383,"2013,2014,2015,2016,2017,2018,2019"
judge_corps_caption,c-phillips-1,Chester Phillips,001j000000iwxa3aal,Mandarins,GE2,World Class,6,-0.1905,0.0636,-0.0816,0.1407,-0.4662,0.0853,0.2545,0.3333,-1.3538,"2015,2019,2023,2025"
judge_corps_caption,d-carbone-1,Dave Carbone,001j000000iwxadaa1,Spirit of Atlanta,MA,World Class,13,-0.1316,0.0344,-0.0815,0.1377,-0.4015,0.1383,0.3149,0.5385,-0.9558,"2013,2014,2016,2017,2018,2025"
judge_corps_caption,s-adamo-1,Sal Adamo,001j000000iwx98aad,Colts,VP,World Class,10,0.1468,0.4037,0.0815,0.1539,-0.1548,0.4483,0.3691,0.7,0.9538,"2015,2016,2017,2019,2022,2023"
judge_corps_caption,m-hoskins-1,Mark Hoskins,001j000000iwwslaal,7th Regiment,MB,Open Class,6,-0.1902,0.041,-0.0815,0.1972,-0.5768,0.1963,0.4074,0.3333,-0.9647,"2015,2017,2019,2024"
judge_corps_caption,t-landess-1,Tim Landess,001j000000iwx9aaat,Crossmen,CG,World Class,5,-0.2119,-1.066,-0.0815,0.7555,-1.6927,1.2689,1.3781,0.6,-0.2805,"2019,2022"
judge_corps_caption,b-brahan-1,Beverly Brahan,001j000000iwwsqaal,Blue Stars,CG,World Class,5,-0.2116,0.1683,-0.0814,0.0887,-0.3854,-0.0377,0.2293,0.2,-2.3856,"2023,2025"
judge_corps_caption,m-waymire-1,Mark Waymire,001j000000iwx98aad,Colts,GE2,World Class,10,-0.1461,0.2061,-0.0812,0.1439,-0.4282,0.136,0.31,0.5,-1.0153,"2016,2017,2019,2022,2023"
judge_corps_caption,j-carlisle-1,JR Carlisle,001j000000iwwssaal,Boston Crusaders,VA,World Class,6,-0.1892,0.1264,-0.0811,0.0587,-0.3042,-0.0742,0.1892,0,-3.2244,"2013,2015,2016"
judge_corps_caption,b-crisp-1,Bryan Crisp,001j000000iwx9aaat,Crossmen,MB,World Class,8,-0.1623,-0.1327,-0.0811,0.31,-0.7699,0.4453,0.5442,0.625,-0.5235,"2019,2023,2024,2025"
judge_corps_caption,m-czapinksi-1,Marie Czapinksi,001j000000h3xrnaav,Phantom Regiment,CG,World Class,6,0.189,-0.2642,0.081,0.7617,-1.3039,1.6819,1.5481,0.6667,0.2481,"2014,2015"
judge_corps_caption,m-leitzke-1,Mike Leitzke,001j000000iwxakaa1,Vanguard Cadets,MP,Open Class,12,0.135,0.2926,0.081,0.1199,-0.0999,0.3699,0.3309,0.75,1.1266,"2015,2016,2017,2018,2022"
judge_corps_caption,s-adamo-1,Sal Adamo,001j000000iwx9aaat,Crossmen,VA,World Class,13,-0.1306,0.0147,-0.0809,0.2293,-0.58,0.3187,0.4951,0.6923,-0.5698,"2014,2016,2017,2019,2022,2023,2025"
judge_corps_caption,p-mcgarr-1,Paul McGarr,001j000000i6kfgaan,The Cadets,MA,World Class,6,0.1889,-0.2679,0.0809,0.4175,-0.6294,1.0071,0.7989,0.8333,0.4524,"2014,2015,2016,2022"
judge_corps_caption,e-argenziano-1,Ed Argenziano,001j000000i6kfgaan,The Cadets,GE2,World Class,5,0.2104,0.3654,0.0809,0.1475,-0.0788,0.4995,0.2603,0.8,1.426,"2016,2017,2018"
judge_corps_caption,j-kennedy-1,Jay Kennedy,001j000000iwxaeaa1,The Academy,MA,World Class,23,0.1089,0.4436,0.0808,0.1463,-0.1778,0.3956,0.4931,0.6957,0.7444,"2013,2014,2015,2016,2017,2018,2019,2022,2023,2024,2025"
judge_corps_caption,g-howarth-1,Gifford Howarth,001j000000iwwsraal,Bluecoats,MP,World Class,12,-0.1347,0.0698,-0.0808,0.3111,-0.7444,0.4751,0.6131,0.75,-0.4328,"2013,2014,2015,2016,2017,2018"
judge_corps_caption,j-gilley-1,Jackie Gilley,001j000000iwxakaa1,Vanguard Cadets,VA,Open Class,8,0.1617,0.8858,0.0808,0.2393,-0.3074,0.6307,0.53,0.75,0.6755,"2014,2015,2016,2017,2022"
judge_corps_caption,p-madden-1,Phil Madden,001j000000h3xwcaav,Santa Clara Vanguard,VA,World Class,7,-0.1731,0.0516,-0.0808,0.3301,-0.8202,0.474,0.5164,0.7143,-0.5243,"2015,2016,2022,2025"
judge_corps_caption,c-armbruster-1,Chad Armbruster,001j000000qzs1qaaf,River City Rhythm,MB,Open Class,9,-0.1527,-0.1713,-0.0808,0.6714,-1.4687,1.1634,1.4699,0.4444,-0.2273,"2017,2018,2019,2022,2024"
judge_corps_caption,k-weirich-1,Kyle Weirich,001j000000iwx9qaad,Golden Empire,MA,Open Class,5,0.21,0.9088,0.0808,0.5137,-0.7969,1.2169,0.8289,0.6,0.4089,"2018,2019,2022"
judge_corps_caption,j-harper-1,Jeff Harper,001j000000iwx9aaat,Crossmen,GE2,World Class,8,-0.1614,-0.3282,-0.0807,0.3238,-0.796,0.4731,0.6921,0.625,-0.4987,"2013,2014,2015,2016,2017"
judge_corps_caption,j-davila-1,Julie Davila,001j000000iwx9oaad,Genesis,MP,Open Class,9,0.1525,0.0321,0.0807,0.6097,-1.0425,1.3474,1.2046,0.7778,0.2501,"2016,2017,2019,2023"
judge_corps_caption,d-deems-1,Don Deems,001j000000i6i9saav,Blue Devils,GE1,World Class,5,0.2099,0.271,0.0807,0.1109,-0.0075,0.4273,0.2995,0.8,1.8926,"2024,2025"
judge_corps_caption,j-bell-1,John Bell,001j000000iwwsraal,Bluecoats,MA,World Class,5,-0.2096,0.2239,-0.0806,0.2544,-0.7081,0.289,0.4197,0.4,-0.824,"2014,2015,2016,2017,2018"
judge_corps_caption,a-dunn-1,Al Dunn,001j000000iwxa3aal,Mandarins,MP,World Class,11,0.139,0.352,0.0805,0.0943,-0.0457,0.3238,0.2769,0.8182,1.4751,"2013,2014,2015,2016,2017"
judge_corps_caption,j-kennedy-1,Jay Kennedy,001j000000iwx97aad,Colt Cadets,GE2,Open Class,5,-0.2094,-0.7366,-0.0805,0.7828,-1.7438,1.3249,1.1147,0.6,-0.2675,"2014,2017,2018,2024"
judge_corps_caption,g-howarth-1,Gifford Howarth,001j000000i6i9saav,Blue Devils,MP,World Class,11,0.1389,0.3553,0.0804,0.0689,0.0039,0.274,0.2136,0.6364,2.0163,"2013,2014,2015,2016,2017,2023"
judge_corps_caption,m-hoskins-1,Mark Hoskins,001j000000iwxa7aal,Pacific Crest,MB,World Class,13,0.1299,0.2736,0.0804,0.296,-0.4503,0.7101,0.6636,0.8462,0.4387,"2016,2019,2022,2023,2024"
judge_corps_caption,m-bowers-1,Michele Bowers,001j000000iwxabaa1,Southwind,CG,Open Class,7,0.1723,0.8252,0.0804,0.1257,-0.0742,0.4188,0.2828,0.8571,1.3702,"2017,2022,2023"
judge_corps_caption,j-prosperie-1,Jeff Prosperie,001j000000iwxa6aal,Oregon Crusaders,MP,World Class,8,0.1607,0.2791,0.0803,0.1211,-0.0767,0.3981,0.3133,0.75,1.3265,"2013,2014,2015,2016,2017,2018"
judge_corps_caption,s-page-1,Steven Page,001j000000iwx98aad,Colts,MB,World Class,17,0.1181,0.2942,0.0803,0.1531,-0.1819,0.4181,0.4945,0.7059,0.7714,"2014,2015,2017,2018,2022,2023,2024,2025"
judge_corps_caption,j-kennedy-1,Jay Kennedy,001j000000iwxa7aal,Pacific Crest,GE2,World Class,6,-0.1873,-0.3603,-0.0803,0.904,-1.9592,1.5846,1.3202,0.8333,-0.2072,"2014,2015,2016,2017,2019,2025"
judge_corps_caption,c-rothe-1,Caleb Rothe,001j000000iwwssaal,Boston Crusaders,GE2,World Class,10,0.1444,0.2421,0.0802,0.0588,0.029,0.2597,0.2037,0.9,2.4533,"2016,2018,2022,2023,2024,2025"
judge_corps_caption,j-harper-1,Jeff Harper,001j000000iwx98aad,Colts,GE2,World Class,6,-0.187,-0.3406,-0.0801,0.6459,-1.453,1.079,0.9339,0.8333,-0.2895,"2013,2014,2015,2017"
judge_corps_caption,m-gray-1,Michael Gray,001j000000iwxaeaa1,The Academy,GE1,World Class,7,0.1717,0.2699,0.0801,0.0648,0.0446,0.2988,0.1898,0.7143,2.6476,"2016,2017,2018,2019"
judge_corps_caption,k-kuhn-1,Kim Kuhn,001j000000iwxacaa1,Spartans,VP,Open Class,7,0.1716,0.3265,0.0801,0.1995,-0.2195,0.5627,0.4102,0.5714,0.8599,"2016,2017,2018,2019,2023"
judge_corps_caption,j-sturgeon-1,Jim Sturgeon,001j000000iwx98aad,Colts,VA,World Class,11,-0.1381,-0.1951,-0.08,0.4701,-1.0595,0.7833,1.0165,0.8182,-0.2938,"2014,2017,2018,2019,2023,2024,2025"
judge_corps_caption,g-miller-1,Gerry Miller,001j000000iwxa7aal,Pacific Crest,GE2,World Class,8,-0.16,0.0628,-0.08,0.1847,-0.522,0.202,0.2905,0.5,-0.8663,"2022,2023,2024,2025"
judge_corps_caption,j-rhodes-1,Jodie Rhodes,001j000000iwxadaa1,Spirit of Atlanta,GE2,World Class,10,0.1438,0.5232,0.0799,0.0717,0.0034,0.2843,0.2298,0.7,2.0074,"2023,2024,2025"
judge_corps_caption,g-llacer-1,Greg Llacer,001j000000i6i9saav,Blue Devils,GE1,World Class,5,0.2075,0.5886,0.0798,0.2263,-0.236,0.651,0.4201,0.6,0.917,"2022,2023,2024"
judge_corps_caption,d-carbone-1,Dave Carbone,001j000000iwxajaa1,Troopers,MA,World Class,16,0.1195,0.2865,0.0797,0.0612,-0.0004,0.2395,0.2085,0.75,1.9537,"2013,2014,2016,2017,2019,2022,2024,2025"
judge_corps_caption,m-czapinksi-1,Marie Czapinksi,001j000000h3xrnaav,Phantom Regiment,GE1,World Class,6,-0.1859,-0.7389,-0.0797,0.9,-1.9499,1.5781,1.3619,0.8333,-0.2066,"2013,2014,2015"
judge_corps_caption,g-markham-1,Garland Markham,001j000000i6i9saav,Blue Devils,GE2,World Class,5,-0.2073,-0.2366,-0.0797,0.6602,-1.5012,1.0866,0.9203,0.8,-0.314,"2014,2016,2017,2019"
judge_corps_caption,c-guard-1,Color Guard,001j000000iwx9waad,Jersey Surf,CG,World Class,8,-0.1593,-0.0116,-0.0797,0.2757,-0.6997,0.381,0.5639,0.375,-0.578,"2015,2017,2018,2019,2022"
judge_corps_caption,m-lentz-1,Michael Lentz,001j000000iwwsqaal,Blue Stars,VA,World Class,5,-0.2066,-0.0288,-0.0795,0.6131,-1.4083,0.9951,0.8721,0.6,-0.337,"2013,2016,2017"
judge_corps_caption,t-fox-1,Todd Fox,001j000000iwxa0aal,Legends,MP,Open Class,7,-0.17,0.0449,-0.0793,0.3071,-0.7718,0.4319,0.505,0.4286,-0.5535,"2014,2016,2017,2022"
judge_corps_caption,d-argul-1,Dennis Argul,001j000000iwwsqaal,Blue Stars,MB,World Class,9,0.1496,0.641,0.0792,0.111,-0.0679,0.3671,0.2681,0.6667,1.3485,"2014,2016,2017,2019,2024,2025"
judge_corps_caption,r-rios-1,Ronnie Rios,001j000000iwwsraal,Bluecoats,MA,World Class,5,0.2058,0.2741,0.0792,0.1126,-0.0148,0.4265,0.2543,0.6,1.8287,"2017,2019,2023"
judge_corps_caption,p-haines-1,Phillip Haines,001j000000iwxajaa1,Troopers,GE2,World Class,5,0.2057,0.2932,0.0791,0.2299,-0.2448,0.6563,0.4677,0.8,0.895,"2013,2016,2018,2024"
judge_corps_caption,p-furnari-1,Peter Furnari,001j000000iwwsqaal,Blue Stars,MP,World Class,6,0.1844,0.3693,0.079,0.1017,-0.0149,0.3837,0.2369,0.8333,1.8133,"2014,2016,2017,2019,2024"
judge_corps_caption,c-armbruster-1,Chad Armbruster,001j000000iwwsqaal,Blue Stars,MA,World Class,7,0.1693,-0.3828,0.079,0.6543,-1.1132,1.4518,1.2169,0.8571,0.2587,"2016,2018,2023,2024,2025"
judge_corps_caption,e-beens-1,Edwin Beens,001j000000iwxa7aal,Pacific Crest,VA,World Class,5,-0.2054,-0.1598,-0.079,0.1846,-0.5673,0.1564,0.3815,0.4,-1.1129,"2024,2025"
judge_corps_caption,b-jones-1,Bruce Jones,001j000000iwxa6aal,Oregon Crusaders,VP,World Class,6,-0.184,0.0025,-0.0789,0.3864,-0.9415,0.5734,0.6442,0.5,-0.4763,"2014,2015,2016"
judge_corps_caption,j-webb-1,Jay Webb,001j000000h3xwcaav,Santa Clara Vanguard,MA,World Class,6,0.184,0.1304,0.0789,0.1667,-0.1427,0.5107,0.3449,0.8333,1.1041,"2022,2024,2025"
judge_corps_caption,j-howell-1,John Howell,001j000000iwxajaa1,Troopers,VP,World Class,5,-0.2048,-0.1048,-0.0788,0.5295,-1.2427,0.8331,0.7774,0.6,-0.3867,"2014,2015,2016,2018,2022"
judge_corps_caption,j-pipitone-1,JJ Pipitone,001j000000i6i9saav,Blue Devils,MP,World Class,5,0.2043,0.393,0.0786,0.1052,-0.0018,0.4104,0.281,0.8,1.9431,"2013,2014,2015"
judge_corps_caption,m-stone-1,Michael Stone,001j000000h3xwcaav,Santa Clara Vanguard,CG,World Class,13,-0.127,-0.1185,-0.0786,0.2314,-0.5805,0.3265,0.6717,0.5385,-0.5491,"2014,2015,2016,2017,2018,2019"
judge_corps_caption,s-adamo-1,Sal Adamo,001j000000iwxafaa1,The Cavaliers,VP,World Class,7,0.1684,0.4146,0.0786,0.0394,0.0912,0.2456,0.1684,1,4.2757,"2014,2015,2017,2019,2023"
judge_corps_caption,c-hestin-1,Chris Hestin,001j000000iwxa5aal,Music City,GE2,World Class,5,-0.2043,0.0206,-0.0786,0.7111,-1.5981,1.1894,1.1122,0.6,-0.2873,"2018,2019,2022"
judge_corps_caption,j-campbell-1,Jackie Campbell,001j000000iwxacaa1,Spartans,CG,Open Class,5,-0.2044,-0.0135,-0.0786,0.6029,-1.386,0.9772,0.8293,0.4,-0.3391,"2023,2024,2025"
judge_corps_caption,r-saucedo-1,Richard Saucedo,001j000000iwxabaa1,Southwind,GE2,Open Class,6,0.1831,0.4491,0.0785,0.1379,-0.0872,0.4533,0.3204,0.8333,1.3278,"2017,2019"
judge_corps_caption,m-griffin-1,Marty Griffin,001j000000iwxaeaa1,The Academy,MP,World Class,24,-0.1046,0.1257,-0.0784,0.2024,-0.5013,0.2922,0.6139,0.5833,-0.5166,"2013,2014,2015,2017,2018,2019,2022,2025"
judge_corps_caption,w-chumley-1,William Chumley,001j000000iwxa6aal,Oregon Crusaders,VA,World Class,7,-0.168,-0.153,-0.0784,0.1938,-0.5478,0.2118,0.3979,0.4286,-0.8669,"2016,2017,2018"
judge_corps_caption,m-mccourt-1,Meghan McCourt,001j000000iwx9aaat,Crossmen,GE1,World Class,6,0.183,0.4122,0.0784,0.2136,-0.2357,0.6017,0.4324,0.6667,0.8567,"2019,2022,2023,2025"
judge_corps_caption,j-harper-1,Jeff Harper,001j000000iwwsraal,Bluecoats,MB,World Class,16,0.1172,0.01,0.0782,0.3068,-0.4841,0.7185,0.6724,0.9375,0.3821,"2013,2014,2015,2016,2017,2019,2022,2025"
judge_corps_caption,j-denton-1,Joel Denton,001j0000012y6bqaac,The Battalion,GE2,Open Class,7,-0.1677,0.5493,-0.0782,0.0957,-0.3553,0.02,0.2285,0.2857,-1.7515,"2022,2024,2025"
judge_corps_caption,r-solomon-1,Robert Solomon,001j000000iwx9aaat,Crossmen,CG,World Class,15,0.1197,0.2172,0.0781,0.0913,-0.0592,0.2987,0.3048,0.6667,1.3112,"2013,2014,2015,2016,2017,2018,2019,2023"
judge_corps_caption,g-boulden-1,George Boulden,001j000000iwx9waad,Jersey Surf,MB,World Class,5,0.2031,0.5007,0.0781,0.1833,-0.1562,0.5624,0.2847,0.6,1.1078,"2013,2014,2015"
judge_corps_caption,j-webb-1,Jay Webb,001j000000iwx9waad,Jersey Surf,GE2,World Class,6,0.1819,-0.0059,0.078,0.3239,-0.453,0.8168,0.5946,0.6667,0.5615,"2014,2015,2018,2019,2022"
judge_corps_caption,m-turner-1,Michael Turner,001j000000iwx98aad,Colts,CG,World Class,12,0.1299,0.2775,0.0779,0.185,-0.2327,0.4925,0.4977,0.6667,0.7022,"2013,2014,2015,2018,2023,2024,2025"
judge_corps_caption,t-fox-1,Todd Fox,001j000000iwx91aad,Carolina Crown,MP,World Class,5,-0.2026,0.1763,-0.0779,0.184,-0.5631,0.158,0.3019,0.6,-1.1011,"2016,2017"
judge_corps_caption,c-moss-1,Chris Moss,001j000000h3xrnaav,Phantom Regiment,VA,World Class,5,0.2023,0.3223,0.0778,0.1565,-0.1045,0.5091,0.3629,0.8,1.2923,"2013,2014,2023"
judge_corps_caption,s-page-1,Steven Page,001j000000iwxa6aal,Oregon Crusaders,MB,World Class,9,0.147,0.2902,0.0778,0.2649,-0.3722,0.6661,0.6411,0.5556,0.5549,"2014,2015,2016,2017,2018"
judge_corps_caption,j-bell-1,John Bell,001j000000iwxadaa1,Spirit of Atlanta,GE2,World Class,12,0.1294,0.2821,0.0776,0.12,-0.1058,0.3646,0.3678,0.6667,1.078,"2013,2015,2016,2017,2018"
judge_corps_caption,d-bryan-1,Dan Bryan,001j000000iwx9qaad,Golden Empire,MP,Open Class,5,0.2017,0.6764,0.0776,0.4374,-0.6555,1.0589,0.7201,0.6,0.4612,"2014,2017,2018"
judge_corps_caption,m-griffin-1,Marty Griffin,001j000000iwxa8aal,Pioneer,MP,World Class,9,0.1463,0.325,0.0775,0.2683,-0.3795,0.6721,0.6011,0.6667,0.5454,"2013,2014,2015,2017,2018"
judge_corps_caption,h-nguyen-1,Hieu Nguyen,001j000000h3xwcaav,Santa Clara Vanguard,CG,World Class,14,0.1217,0.2855,0.0775,0.2112,-0.2923,0.5357,0.5834,0.8571,0.5763,"2017,2019,2022,2024,2025"
judge_corps_caption,t-hall-1,Troy Hall,001j000000iwxajaa1,Troopers,MP,World Class,8,0.1548,0.6804,0.0774,0.1385,-0.1166,0.4262,0.3103,0.875,1.1179,"2015,2016,2019,2022,2023"
judge_corps_caption,k-turner-1,Ken Turner,001j000000iwxajaa1,Troopers,GE2,World Class,18,-0.1116,0.2936,-0.0773,0.2646,-0.6303,0.4071,0.6986,0.6667,-0.4217,"2013,2014,2015,2016,2017,2018,2022,2023,2024,2025"
judge_corps_caption,r-solomon-1,Robert Solomon,001j000000iwwsraal,Bluecoats,VP,World Class,18,0.1117,0.124,0.0773,0.2732,-0.4238,0.6472,0.6061,0.9444,0.4088,"2014,2015,2016,2017,2018,2019,2024,2025"
judge_corps_caption,j-davila-1,Julie Davila,001j000000iwxafaa1,The Cavaliers,MA,World Class,9,0.1459,-0.0379,0.0773,0.1265,-0.102,0.3938,0.2941,0.7778,1.1538,"2018,2019"
judge_corps_caption,b-crisp-1,Bryan Crisp,001j000000qzs1qaaf,River City Rhythm,MB,Open Class,5,0.2009,-0.0493,0.0773,0.2902,-0.3678,0.7697,0.5149,0.4,0.6925,"2019,2023,2025"
judge_corps_caption,m-kelly-1,Mickey Kelly,001j000000iwxakaa1,Vanguard Cadets,GE1,Open Class,5,-0.2008,-1.7866,-0.0772,1.1671,-2.4883,2.0867,1.9919,0.4,-0.172,"2013,2016"
judge_corps_caption,k-giese-1,Ken Giese,001j000000iwwsoaal,Blue Knights,VA,World Class,14,0.1211,0.3592,0.0771,0.3343,-0.5341,0.7763,0.8471,0.7143,0.3623,"2013,2014,2016,2017,2019"
judge_corps_caption,c-armbruster-1,Chad Armbruster,001j000000iwwsqaal,Blue Stars,MB,World Class,11,-0.1332,-0.2859,-0.0771,0.2161,-0.5568,0.2904,0.5627,0.5455,-0.6163,"2016,2017,2018,2019,2023,2024,2025"
judge_corps_caption,k-baker-1,Keith Baker,001j000000iwx97aad,Colt Cadets,GE1,Open Class,11,-0.1329,0.2578,-0.077,0.2339,-0.5914,0.3255,0.5158,0.6364,-0.5683,"2013,2016,2017,2019,2022,2023,2024"
judge_corps_caption,j-sturgeon-1,Jim Sturgeon,001j000000iwxa1aal,Les Stentors,VA,Open Class,5,-0.2001,0.4152,-0.077,0.2581,-0.706,0.3058,0.508,0.4,-0.7753,"2013,2016"
judge_corps_caption,t-slaughter-1,Tom Slaughter,001j000000iwx93aad,Seattle Cascades,VA,World Class,5,0.1998,0.5729,0.0769,0.1799,-0.1528,0.5525,0.3803,0.8,1.1108,"2023,2024,2025"
judge_corps_caption,c-moss-1,Chris Moss,001j000000iwx97aad,Colt Cadets,VP,Open Class,7,-0.1646,-0.1326,-0.0768,0.3283,-0.808,0.4789,0.6925,0.4286,-0.5013,"2013,2014,2016,2018,2022"
judge_corps_caption,m-waymire-1,Mark Waymire,001j000000i6kfgaan,The Cadets,GE2,World Class,9,0.145,0.4843,0.0768,0.0966,-0.0443,0.3344,0.2396,0.7778,1.5011,"2016,2017,2022"
judge_corps_caption,m-thompson-1,Michael Thompson,001j000000iwx91aad,Carolina Crown,CG,World Class,11,-0.1325,0.1076,-0.0767,0.1653,-0.4566,0.1916,0.4154,0.4545,-0.8012,"2013,2016,2017,2019,2025"
judge_corps_caption,h-nguyen-1,Hieu Nguyen,001j000000iwwsqaal,Blue Stars,VP,World Class,7,0.1644,0.3076,0.0767,0.1706,-0.1699,0.4987,0.3839,0.7143,0.9639,"2015,2018,2023,2025"
judge_corps_caption,r-kemp-1,Richard Kemp,001j000000iwxaeaa1,The Academy,GE1,World Class,15,0.1173,-0.0527,0.0765,0.2139,-0.3019,0.5365,0.5826,0.5333,0.5485,"2013,2014,2015,2016,2017"
judge_corps_caption,j-gilley-1,Jackie Gilley,001j000000iwwssaal,Boston Crusaders,CG,World Class,5,0.199,0.3307,0.0765,0.0938,0.0151,0.3829,0.2514,0.8,2.1211,"2013,2015,2023,2025"
judge_corps_caption,k-miller-1,Kyle Miller,001j000000iwxacaa1,Spartans,GE1,Open Class,5,0.1988,-0.5708,0.0765,0.3564,-0.4997,0.8973,0.6509,0.8,0.5578,"2013,2015,2023,2024,2025"
judge_corps_caption,m-anderson-1,Mike Anderson,001j000000i6kfgaan,The Cadets,GE1,World Class,10,-0.1378,0.1942,-0.0765,0.0648,-0.2647,-0.0108,0.1863,0.2,-2.1272,"2014,2015,2018,2019"
judge_corps_caption,s-page-1,Steven Page,001j000000iwxajaa1,Troopers,MB,World Class,15,-0.1173,0.0704,-0.0765,0.228,-0.5641,0.3295,0.4759,0.6667,-0.5145,"2014,2015,2017,2018,2022,2023,2024"
judge_corps_caption,m-hoskins-1,Mark Hoskins,001j000000iwx9oaad,Genesis,MB,Open Class,14,0.1202,0.2942,0.0765,0.2085,-0.2886,0.529,0.4792,0.8571,0.5764,"2015,2018,2019,2022,2023,2024"
judge_corps_caption,c-rothe-1,Caleb Rothe,001j000000i6i9saav,Blue Devils,GE2,World Class,20,-0.1069,-0.0126,-0.0764,0.2383,-0.5741,0.3602,0.4969,0.75,-0.4487,"2014,2016,2017,2018,2022,2023,2024,2025"
judge_corps_caption,c-nelson-1,Carl Nelson,001j0000012tpxmaa2,Shadow,VP,Open Class,5,-0.1987,0.2098,-0.0764,0.2508,-0.6902,0.2928,0.4741,0.4,-0.7924,"2017,2018,2019"
judge_corps_caption,d-torchia-1,Debbie Torchia,001j000000h3xrnaav,Phantom Regiment,VA,World Class,18,-0.1102,-0.0171,-0.0763,0.2172,-0.536,0.3156,0.6154,0.6111,-0.5072,"2013,2014,2015,2016,2017,2018,2022,2023,2024,2025"
judge_corps_caption,t-landess-1,Tim Landess,001j000000iwxajaa1,Troopers,CG,World Class,6,0.178,-0.6622,0.0763,0.7642,-1.3198,1.6758,1.6137,0.6667,0.2329,"2022,2023,2024"
judge_corps_caption,j-gilley-1,Jackie Gilley,001j000000iwxaaaa1,Raiders,VA,Open Class,5,-0.1982,0.4388,-0.0762,0.2489,-0.686,0.2896,0.4783,0.2,-0.7963,"2014,2016"
judge_corps_caption,c-nelson-1,Carl Nelson,001j000000iwx95aad,Vessel,VA,Open Class,7,-0.1631,-0.3439,-0.0761,0.4406,-1.0267,0.7004,1.0024,0.4286,-0.3703,"2018,2019,2023,2024"
judge_corps_caption,k-young-1,Kyle Young,001j000000h3xwcaav,Santa Clara Vanguard,GE2,World Class,5,0.1978,0.4872,0.0761,0.0353,0.1287,0.2669,0.1978,1,5.6077,"2019,2022,2024"
judge_corps_caption,d-padilla-1,Damon Padilla,001j000000iwwsoaal,Blue Knights,CG,World Class,5,-0.1979,-0.251,-0.0761,0.9424,-2.045,1.6492,1.3669,0.8,-0.21,"2022,2023,2025"
judge_corps_caption,p-madden-1,Phil Madden,001j000000iwxajaa1,Troopers,VA,World Class,5,0.1976,0.4046,0.076,0.2083,-0.2107,0.606,0.3823,0.8,0.9486,"2019,2024"
judge_corps_caption,j-harper-1,Jeff Harper,001j000000iwxa3aal,Mandarins,GE2,World Class,6,-0.1771,-0.3152,-0.0759,0.2227,-0.6136,0.2595,0.3409,0.3333,-0.7949,"2013,2014,2017,2022"
judge_corps_caption,j-kennedy-1,Jay Kennedy,001j000000iwxa3aal,Mandarins,MA,World Class,25,0.1001,0.4703,0.0758,0.1999,-0.2918,0.492,0.5989,0.8,0.5005,"2013,2014,2015,2016,2017,2018,2019,2022,2023,2024,2025"
judge_corps_caption,r-isoda-1,Randolph Isoda,001j000000iwxa0aal,Legends,GE2,Open Class,6,0.1763,0.8533,0.0756,0.2116,-0.2384,0.591,0.469,0.6667,0.8333,"2013,2016,2017"
judge_corps_caption,a-dunn-1,Al Dunn,001j000000iwx9aaat,Crossmen,MP,World Class,14,-0.1188,0.0517,-0.0756,0.1848,-0.481,0.2434,0.4303,0.5,-0.6428,"2013,2014,2015,2016,2017"
judge_corps_caption,j-gilley-1,Jackie Gilley,001j000000qzs1qaaf,River City Rhythm,GE1,Open Class,5,-0.1966,0.606,-0.0756,1.0074,-2.1711,1.778,1.6196,0.2,-0.1951,"2015,2019,2025"
judge_corps_caption,d-padilla-1,Damon Padilla,001j000000iwxajaa1,Troopers,GE1,World Class,8,0.1512,0.2665,0.0756,0.0813,-0.0082,0.3106,0.2361,0.75,1.8593,"2022,2023,2024,2025"
judge_corps_caption,t-wingate-1,Travis Wingate,001j000000iwx9paad,Gold,VA,Open Class,8,-0.1513,0.1971,-0.0756,0.2995,-0.7383,0.4358,0.7265,0.25,-0.505,"2022,2023,2025"
judge_corps_caption,r-kemp-1,Richard Kemp,001j000000iwxa3aal,Mandarins,CG,World Class,5,0.1963,0.3575,0.0755,0.1388,-0.0757,0.4684,0.2707,0.6,1.4144,"2013,2014,2015,2016,2017"
judge_corps_caption,c-church-1,CHRIS CHURCH,001j000000i6kfgaan,The Cadets,GE1,World Class,5,0.1963,0.5855,0.0755,0.1719,-0.1405,0.5332,0.2743,0.8,1.1423,"2014,2015,2016,2017,2018"
judge_corps_caption,b-jones-1,Bruce Jones,001j000000iwxajaa1,Troopers,VP,World Class,11,0.1302,0.3533,0.0754,0.1321,-0.1287,0.3892,0.3473,0.7273,0.9858,"2013,2014,2015,2016,2022,2023,2025"
judge_corps_caption,c-rothe-1,Caleb Rothe,001j000000iwwsoaal,Blue Knights,MP,World Class,13,0.1217,-0.0427,0.0754,0.1724,-0.2161,0.4596,0.5093,0.6923,0.7064,"2013,2014,2015,2016,2017,2025"
judge_corps_caption,g-oliviero-1,George Oliviero,001j000000iwxadaa1,Spirit of Atlanta,VA,World Class,9,0.1425,0.032,0.0754,0.1187,-0.0901,0.375,0.2797,0.5556,1.2006,"2013,2014,2016,2018,2019,2023"
judge_corps_caption,c-romanowski-1,Chris Romanowski,001j000000iwxafaa1,The Cavaliers,MA,World Class,10,0.1358,0.2766,0.0754,0.052,0.0339,0.2376,0.1784,0.9,2.6134,"2018,2019,2023,2024,2025"
judge_corps_caption,p-haines-1,Phillip Haines,001j000000i6i9saav,Blue Devils,MA,World Class,5,0.1954,0.1646,0.0752,0.412,-0.6122,1.003,0.7126,0.8,0.4742,"2013,2016,2019,2023"
judge_corps_caption,c-phillips-1,Chester Phillips,001j000000iwwsqaal,Blue Stars,MB,World Class,13,0.1215,0.3613,0.0752,0.0954,-0.0654,0.3085,0.2652,0.7692,1.2742,"2013,2015,2016,2017,2018,2019,2023"
judge_corps_caption,w-chumley-1,William Chumley,001j000000iwwsqaal,Blue Stars,VP,World Class,9,0.142,0.0693,0.0752,0.3698,-0.5828,0.8668,0.7592,0.8889,0.3841,"2014,2017,2018,2019,2022"
judge_corps_caption,c-nelson-1,Carl Nelson,001j000000qzs1qaaf,River City Rhythm,VP,Open Class,5,-0.1956,0.1061,-0.0752,0.2238,-0.6343,0.2431,0.3714,0.4,-0.8738,"2016,2017,2019"
judge_corps_caption,p-haines-1,Phillip Haines,001j000000iwwsoaal,Blue Knights,GE2,World Class,5,0.1955,0.2791,0.0752,0.2741,-0.3418,0.7329,0.5665,0.6,0.7133,"2017,2018,2023,2024"
judge_corps_caption,g-boulden-1,George Boulden,001j000000iwwssaal,Boston Crusaders,MB,World Class,6,-0.1753,0.1491,-0.0751,0.1732,-0.5148,0.1643,0.3721,0.5,-1.0117,"2013,2015,2018"
judge_corps_caption,w-rickart-1,Warren Rickart,001j000000iwwsraal,Bluecoats,CG,World Class,8,0.1503,0.5651,0.0751,0.1087,-0.0628,0.3634,0.2486,0.625,1.3822,"2019,2022,2024,2025"
judge_corps_caption,d-deems-1,Don Deems,001j000000iwx9oaad,Genesis,GE1,Open Class,5,0.195,0.5509,0.075,0.5102,-0.8049,1.195,0.8238,0.6,0.3822,"2013,2024,2025"
judge_corps_caption,j-prosperie-1,Jeff Prosperie,001j000000iwwssaal,Boston Crusaders,MP,World Class,26,-0.0981,0.0578,-0.075,0.1811,-0.4531,0.2569,0.5921,0.5385,-0.5414,"2013,2014,2015,2016,2017,2018,2019,2025"
judge_corps_caption,r-overvliet-1,Robby Overvliet,001j000000iwxa5aal,Music City,VP,Open Class,5,-0.1949,0.259,-0.075,0.4094,-0.9973,0.6074,0.7194,0.6,-0.4762,"2014,2015"
judge_corps_caption,r-comfort-1,Ron Comfort,001j000000iwx99aad,Columbians,CG,Open Class,7,0.1606,0.4327,0.075,0.1921,-0.2158,0.5371,0.3781,0.7143,0.8364,"2016,2017,2019,2022"
judge_corps_caption,m-hoskins-1,Mark Hoskins,001j000000iwxa3aal,Mandarins,MB,World Class,13,0.1212,0.2843,0.075,0.2897,-0.4466,0.6889,0.6684,0.7692,0.4183,"2016,2019,2022,2023,2024"
judge_corps_caption,s-adamo-1,Sal Adamo,001j000000iwwssaal,Boston Crusaders,CG,World Class,7,0.1605,0.4916,0.0749,0.1495,-0.1325,0.4535,0.3613,0.7143,1.0738,"2013,2014,2015,2017,2018"
judge_corps_caption,j-sturgeon-1,Jim Sturgeon,001j000000iwx91aad,Carolina Crown,VP,World Class,8,-0.1498,0.0523,-0.0749,0.4665,-1.0642,0.7646,0.6798,0.875,-0.3211,"2014,2018,2019,2022,2023,2025"
judge_corps_caption,c-armbruster-1,Chad Armbruster,001j000000h3xrnaav,Phantom Regiment,MA,World Class,5,-0.1947,-0.7476,-0.0749,0.8895,-1.9381,1.5487,1.2933,0.8,-0.2188,"2018,2023,2024,2025"
judge_corps_caption,s-adamo-1,Sal Adamo,001j000000i6kfgaan,The Cadets,VA,World Class,13,-0.1208,0.0359,-0.0748,0.1413,-0.3979,0.1562,0.3877,0.4615,-0.8549,"2013,2014,2016,2017,2018,2022,2023"
judge_corps_caption,d-torchia-1,Debbie Torchia,001j000000iwx91aad,Carolina Crown,GE1,World Class,5,0.1946,0.243,0.0748,0.1144,-0.0296,0.4187,0.2097,0.8,1.7013,"2015,2017,2023,2024"
judge_corps_caption,b-jones-1,Bruce Jones,001j000000i6kfgaan,The Cadets,VP,World Class,9,0.141,0.353,0.0747,0.0693,0.0052,0.2769,0.1943,0.7778,2.0344,"2013,2014,2015,2016,2022"
judge_corps_caption,m-griffin-1,Marty Griffin,001j000000iwxafaa1,The Cavaliers,MP,World Class,27,0.0968,0.3342,0.0747,0.1434,-0.1843,0.3779,0.4585,0.7037,0.6752,"2013,2014,2015,2017,2018,2019,2025"
judge_corps_caption,b-brahan-1,Beverly Brahan,001j000000iwxafaa1,The Cavaliers,GE1,World Class,5,-0.1943,0.1583,-0.0747,0.048,-0.2885,-0.1001,0.1943,0,-4.0443,"2023,2024"
judge_corps_caption,t-ochran-1,Timothy Ochran,001j000000iwxajaa1,Troopers,VA,World Class,23,0.1006,-0.0932,0.0746,0.3304,-0.547,0.7481,1.1552,0.8261,0.3044,"2013,2014,2015,2016,2017,2018,2019,2024,2025"
judge_corps_caption,w-chumley-1,William Chumley,001j000000iwwssaal,Boston Crusaders,VA,World Class,11,-0.1288,-0.062,-0.0746,0.1798,-0.4811,0.2235,0.4332,0.5455,-0.7164,"2014,2018,2019,2023,2025"
judge_corps_caption,m-turner-1,Michael Turner,001j000000h3xwcaav,Santa Clara Vanguard,CG,World Class,18,-0.1077,0.0606,-0.0746,0.2838,-0.664,0.4486,0.8278,0.6667,-0.3796,"2014,2015,2016,2017,2018,2024"
judge_corps_caption,c-raichle-1,Chris Raichle,001j000000iwxa7aal,Pacific Crest,CG,World Class,7,0.1599,0.4293,0.0746,0.1165,-0.0686,0.3883,0.2261,0.8571,1.3716,"2016,2017,2018,2022,2024"
judge_corps_caption,c-moss-1,Chris Moss,001j000000iwxaeaa1,The Academy,VP,World Class,12,-0.1239,0.0681,-0.0744,0.3069,-0.7255,0.4776,0.5725,0.75,-0.4039,"2013,2014,2015,2018,2022,2024,2025"
judge_corps_caption,m-mccourt-1,Meghan McCourt,001j000000iwxajaa1,Troopers,GE1,World Class,5,0.1935,0.4414,0.0744,0.1045,-0.0114,0.3984,0.2118,0.8,1.8508,"2022,2025"
judge_corps_caption,m-czapinksi-1,Marie Czapinksi,001j000000iwx9waad,Jersey Surf,GE1,World Class,5,0.1932,-0.3647,0.0743,0.4188,-0.6276,1.014,0.7858,0.8,0.4613,"2013,2014"
judge_corps_caption,b-fabrizio-1,Beth Fabrizio,001j000000iwxabaa1,Southwind,MB,Open Class,7,0.1593,0.6019,0.0743,0.1447,-0.1244,0.4429,0.341,0.7143,1.1006,"2017,2019,2022,2023"
judge_corps_caption,m-stone-1,Michael Stone,001j000000iwx93aad,Seattle Cascades,GE1,World Class,12,0.1237,-0.0542,0.0742,0.1087,-0.0894,0.3367,0.3027,0.75,1.1374,"2014,2015,2016,2017,2018,2019"
judge_corps_caption,c-phillips-1,Chester Phillips,001j000000iwwsoaal,Blue Knights,GE2,World Class,7,0.1589,0.3925,0.0742,0.0971,-0.0314,0.3493,0.2362,0.7143,1.6364,"2015,2019,2024,2025"
judge_corps_caption,m-czapinksi-1,Marie Czapinksi,001j000000iwxafaa1,The Cavaliers,GE1,World Class,9,0.1399,-0.4231,0.0741,0.7181,-1.2675,1.5473,1.376,0.8889,0.1949,"2013,2014,2015"
judge_corps_caption,r-greenwell-1,Randy Greenwell,001j000000iwxaaaa1,Raiders,GE2,Open Class,8,-0.1481,-0.0782,-0.0741,0.8804,-1.8737,1.5774,1.593,0.75,-0.1683,"2013,2014,2015,2016"
judge_corps_caption,m-gray-1,Michael Gray,001j000000iwwsraal,Bluecoats,GE1,World Class,15,-0.1137,-0.0022,-0.0741,0.3587,-0.8168,0.5895,0.5962,0.8667,-0.3169,"2016,2017,2018,2019"
judge_corps_caption,k-weirich-1,Kyle Weirich,001j000000qzs1qaaf,River City Rhythm,MA,Open Class,8,0.1482,0.8807,0.0741,0.2951,-0.4302,0.7266,0.7006,0.75,0.5022,"2018,2019,2022,2023"
judge_corps_caption,j-kennedy-1,Jay Kennedy,001j000000iwwssaal,Boston Crusaders,GE2,World Class,18,0.1068,-0.0655,0.0739,0.2777,-0.4376,0.6512,0.8815,0.7222,0.3845,"2013,2014,2015,2016,2017,2018,2019,2023,2024,2025"
judge_corps_caption,k-young-1,Kyle Young,001j000000iwxaeaa1,The Academy,MA,World Class,5,0.1918,0.1478,0.0738,0.1325,-0.068,0.4515,0.2778,0.8,1.4471,"2023,2024,2025"
judge_corps_caption,j-sturgeon-1,Jim Sturgeon,001j000000i6jmbaaf,Blue Devils B,VA,Open Class,7,0.158,0.8413,0.0737,0.2094,-0.2524,0.5684,0.4319,0.7143,0.7545,"2013,2015,2016,2024"
judge_corps_caption,c-guard-1,Color Guard,001j000000iwx97aad,Colt Cadets,GE1,Open Class,8,-0.1475,0.1781,-0.0737,0.1993,-0.538,0.2431,0.4293,0.5,-0.7401,"2014,2016,2017,2018,2023"
judge_corps_caption,w-dillon-1,Wayne Dillon,001j000000iwxacaa1,Spartans,MA,Open Class,5,-0.1916,-0.8085,-0.0737,0.6544,-1.4742,1.0909,1.1669,0.4,-0.2928,"2015,2017,2018,2022"
judge_corps_caption,c-dillon-1,Christine Dillon,001j000000iwwslaal,7th Regiment,CG,Open Class,14,0.1156,0.9074,0.0736,0.2232,-0.3218,0.553,0.6582,0.7143,0.5181,"2013,2014,2015,2016,2025"
judge_corps_caption,m-hoskins-1,Mark Hoskins,001j000000iwwssaal,Boston Crusaders,MB,World Class,20,-0.1031,0.0327,-0.0736,0.3186,-0.7276,0.5214,0.9786,0.8,-0.3235,"2016,2017,2018,2019,2022,2023,2024,2025"
judge_corps_caption,n-jones-1,Nola Jones,001j000000iwxaeaa1,The Academy,GE2,World Class,28,0.0945,-0.0067,0.0735,0.1861,-0.2703,0.4593,0.5242,0.7143,0.5077,"2013,2014,2015,2016,2017,2018,2019,2022,2023,2025"
judge_corps_caption,m-howard-1,Mike Howard,001j000000iwxaeaa1,The Academy,GE2,World Class,5,0.1911,0.3791,0.0735,0.1141,-0.0325,0.4147,0.2569,0.6,1.6752,"2023,2024,2025"
judge_corps_caption,m-lentz-1,Michael Lentz,001j000000iwx93aad,Seattle Cascades,CG,World Class,5,0.1908,0.5277,0.0734,0.349,-0.4933,0.8749,0.6586,0.6,0.5467,"2013,2016,2017"
judge_corps_caption,p-mcgarr-1,Paul McGarr,001j000000iwx9oaad,Genesis,MB,Open Class,16,-0.1101,-0.1404,-0.0734,0.2808,-0.6604,0.4402,0.7429,0.625,-0.3922,"2014,2015,2016,2017,2018,2019,2023,2024,2025"
judge_corps_caption,c-raichle-1,Chris Raichle,001j000000i6i9saav,Blue Devils,CG,World Class,5,0.1909,0.4466,0.0734,0.0815,0.0312,0.3506,0.2213,0.8,2.3428,"2017,2018"
judge_corps_caption,h-nguyen-1,Hieu Nguyen,001j000000iwx91aad,Carolina Crown,CG,World Class,12,0.1222,0.2712,0.0733,0.1664,-0.2039,0.4483,0.4405,0.8333,0.7344,"2014,2017,2018,2019,2022,2024"
judge_corps_caption,j-howell-1,John Howell,001j000000i6i9saav,Blue Devils,VP,World Class,8,-0.1467,-0.0323,-0.0733,0.4855,-1.0983,0.8049,0.7328,0.875,-0.3021,"2014,2015,2016,2018,2019,2022,2023"
judge_corps_caption,c-rothe-1,Caleb Rothe,001j000000iwx91aad,Carolina Crown,GE2,World Class,10,0.1319,0.2202,0.0733,0.0436,0.0464,0.2175,0.1368,0.9,3.0224,"2016,2018,2022,2023,2024,2025"
judge_corps_caption,r-solomon-1,Robert Solomon,001j000000iwwsoaal,Blue Knights,VP,World Class,19,0.1041,0.1239,0.0732,0.1446,-0.1793,0.3874,0.5502,0.5263,0.7199,"2013,2014,2015,2016,2017,2018,2019,2025"
judge_corps_caption,p-haines-1,Phillip Haines,001j000000iwxa7aal,Pacific Crest,MB,World Class,10,-0.1318,-0.292,-0.0732,0.6762,-1.4572,1.1936,1.5018,0.8,-0.1949,"2013,2015,2018,2019,2022,2023,2024"
judge_corps_caption,m-turner-1,Michael Turner,001j000000h3xrnaav,Phantom Regiment,CG,World Class,13,-0.1183,0.0204,-0.0732,0.2022,-0.5146,0.2781,0.4886,0.5385,-0.5848,"2013,2014,2015,2017,2018,2023,2024"
judge_corps_caption,f-morris-1,Frank Morris,001j000000h3xrnaav,Phantom Regiment,GE1,World Class,11,0.1262,0.4347,0.0731,0.1147,-0.0986,0.3511,0.2903,0.9091,1.1004,"2013,2014,2015,2016"
judge_corps_caption,m-anderson-1,Mike Anderson,001j000000h3xwcaav,Santa Clara Vanguard,GE1,World Class,12,0.1218,0.4775,0.0731,0.063,-0.0017,0.2453,0.1624,0.4167,1.9326,"2014,2015,2018,2019"
judge_corps_caption,d-argul-1,Dennis Argul,001j000000iwwsraal,Bluecoats,MB,World Class,13,-0.118,0.3682,-0.073,0.0726,-0.2603,0.0243,0.2155,0.3077,-1.6247,"2014,2016,2019,2024,2025"
judge_corps_caption,d-deems-1,Don Deems,001j0000012y6bqaac,The Battalion,CG,Open Class,6,-0.1703,0.9426,-0.073,0.2701,-0.6998,0.3591,0.5761,0.3333,-0.6305,"2022,2023,2025"
judge_corps_caption,k-baker-1,Keith Baker,001j000000iwxaeaa1,The Academy,VA,World Class,6,0.17,0.0889,0.0729,0.2241,-0.2692,0.6093,0.5025,0.6667,0.7587,"2013,2018,2019,2024"
judge_corps_caption,c-costanza-1,Curtis Costanza,001j000000iwx9paad,Gold,CG,Open Class,5,-0.1894,0.0752,-0.0729,0.2791,-0.7364,0.3576,0.3971,0.4,-0.6787,"2014,2015,2016,2025"
judge_corps_caption,j-pursifull-1,Jack Pursifull,001j000000iwx9paad,Gold,VA,Open Class,5,0.1895,0.6354,0.0729,0.2677,-0.3351,0.7141,0.3551,0.4,0.7081,"2022,2023,2024,2025"
judge_corps_caption,w-dillon-1,Wayne Dillon,001j000000iwxajaa1,Troopers,GE2,World Class,12,0.1214,0.1424,0.0728,0.2533,-0.375,0.6178,0.5704,0.5833,0.4794,"2013,2014,2015,2016,2018,2019,2024"
judge_corps_caption,j-wilson-1,Jeff Wilson,001j000000iwxakaa1,Vanguard Cadets,MA,Open Class,8,-0.1453,0.3204,-0.0727,0.4267,-0.9817,0.6911,0.6371,0.625,-0.3405,"2013,2017,2018,2019"
judge_corps_caption,c-moss-1,Chris Moss,001j000000iwx9waad,Jersey Surf,VP,World Class,17,-0.1069,0.0817,-0.0727,0.2175,-0.5333,0.3194,0.6657,0.4706,-0.4916,"2013,2014,2015,2016,2017,2018,2019,2022,2024"
judge_corps_caption,d-davis-1,Darrin Davis,001j000000iwx9oaad,Genesis,MA,Open Class,11,0.1256,0.0845,0.0727,0.1193,-0.1082,0.3594,0.3112,0.6364,1.0529,"2015,2017,2018,2019,2024,2025"
judge_corps_caption,j-sturgeon-1,Jim Sturgeon,001j000000iwx98aad,Colts,VP,World Class,10,-0.1305,0.0562,-0.0725,0.4693,-1.0504,0.7894,0.7598,0.8,-0.278,"2014,2019,2022,2023,2025"
judge_corps_caption,d-carbone-1,Dave Carbone,001j000000iwxa7aal,Pacific Crest,GE2,World Class,10,0.1304,0.1554,0.0724,0.2544,-0.3684,0.6291,0.5322,0.8,0.5123,"2013,2014,2016,2019,2023,2024,2025"
judge_corps_caption,d-davis-1,Darrin Davis,001j000000h3xrnaav,Phantom Regiment,MA,World Class,11,0.125,0.125,0.0724,0.092,-0.0554,0.3053,0.2685,0.7273,1.3582,"2017,2018,2019,2024,2025"
judge_corps_caption,m-anderson-1,Mike Anderson,001j000000iwxadaa1,Spirit of Atlanta,GE1,World Class,6,0.1688,0.4971,0.0723,0.0733,0.0251,0.3125,0.2081,0.8333,2.3022,"2014,2018,2019"
judge_corps_caption,f-miller-1,Frank Miller,001j000000iwxaeaa1,The Academy,GE1,World Class,6,0.1685,0.4359,0.0722,0.1477,-0.121,0.458,0.3154,0.6667,1.1408,"2014,2015,2016,2017"
judge_corps_caption,d-bryan-1,Dan Bryan,001j000000iwwslaal,7th Regiment,MP,Open Class,6,0.1683,0.6292,0.0721,0.1756,-0.1758,0.5124,0.3333,0.5,0.9586,"2013,2016,2018"
judge_corps_caption,t-ochran-1,Timothy Ochran,001j000000iwx91aad,Carolina Crown,VA,World Class,19,-0.1024,-0.294,-0.072,0.4519,-0.9881,0.7834,1.1278,0.7895,-0.2265,"2013,2014,2015,2016,2017,2018,2019,2022,2024,2025"
judge_corps_caption,b-kuhn-1,Blair Kuhn,001j000000iwxafaa1,The Cavaliers,GE1,World Class,5,0.1872,0.415,0.072,0.3881,-0.5734,0.9478,0.6888,0.8,0.4824,"2016,2017,2018,2024"
judge_corps_caption,j-pursifull-1,Jack Pursifull,001j000000iwwsraal,Bluecoats,VA,World Class,5,-0.1869,0.175,-0.0719,0.2597,-0.696,0.3222,0.3406,0.6,-0.7197,"2023,2024,2025"
judge_corps_caption,a-lo-1,Albert Lo,001j000000h3xwcaav,Santa Clara Vanguard,MB,World Class,15,0.1101,0.2566,0.0718,0.3645,-0.6044,0.8245,0.7627,0.9333,0.302,"2013,2014,2015,2018,2019"
judge_corps_caption,c-guard-1,Color Guard,001j000000iwx9aaat,Crossmen,VA,World Class,6,0.1674,0.518,0.0717,0.1953,-0.2155,0.5502,0.403,0.5,0.8569,"2014,2016,2017,2018,2019"
judge_corps_caption,m-anderson-1,Mike Anderson,001j000000iwwsoaal,Blue Knights,GE1,World Class,12,-0.1194,0.2252,-0.0717,0.2628,-0.6346,0.3957,0.6088,0.75,-0.4544,"2014,2015,2018,2019,2022"
judge_corps_caption,d-davis-1,Darrin Davis,001j000000i6i9saav,Blue Devils,MB,World Class,5,-0.1863,-0.1624,-0.0717,0.8419,-1.8364,1.4638,1.205,0.8,-0.2213,"2016,2019,2022,2023"
judge_corps_caption,k-giese-1,Ken Giese,001j000000iwxajaa1,Troopers,VA,World Class,18,-0.1034,0.1299,-0.0716,0.383,-0.8541,0.6472,1.0281,0.7222,-0.2701,"2013,2014,2015,2016,2017,2019"
judge_corps_caption,c-phillips-1,Chester Phillips,001j000000iwx98aad,Colts,MB,World Class,6,-0.1671,0.0762,-0.0716,0.2443,-0.6458,0.3117,0.3613,0.3333,-0.684,"2015,2016,2017,2018,2019"
judge_corps_caption,w-whaley-1,WL Whaley,001j000000iwxacaa1,Spartans,GE2,Open Class,5,0.1858,0.8599,0.0715,0.3811,-0.5611,0.9327,0.6479,0.6,0.4875,"2013,2014,2016"
judge_corps_caption,a-lo-1,Albert Lo,001j000000iwwsqaal,Blue Stars,GE2,World Class,7,0.153,0.3876,0.0714,0.0879,-0.0193,0.3252,0.1977,0.8571,1.7403,"2013,2014,2018,2019,2022"
judge_corps_caption,c-phillips-1,Chester Phillips,001j000000iwx9aaat,Crossmen,MB,World Class,12,-0.1189,0.1081,-0.0713,0.1523,-0.4175,0.1796,0.3397,0.5833,-0.7807,"2013,2015,2017,2018,2019,2022,2024"
judge_corps_caption,m-turner-1,Michael Turner,001j000000iwxadaa1,Spirit of Atlanta,GE1,World Class,7,0.1528,0.1732,0.0713,0.3226,-0.4795,0.7851,0.6385,0.7143,0.4736,"2013,2014,2017,2018"
judge_corps_caption,d-torchia-1,Debbie Torchia,001j000000iwxajaa1,Troopers,VA,World Class,16,0.107,0.2061,0.0713,0.1426,-0.1726,0.3865,0.461,0.625,0.7499,"2013,2014,2015,2016,2018,2019,2022,2025"
judge_corps_caption,j-ausdemore-1,Jeff Ausdemore,001j000000iwwssaal,Boston Crusaders,MP,World Class,17,-0.1047,-0.2205,-0.0712,0.2768,-0.6474,0.4379,0.6961,0.5882,-0.3784,"2014,2015,2016,2017,2018,2019,2022"
judge_corps_caption,m-leitzke-1,Mike Leitzke,001j000000iwxa6aal,Oregon Crusaders,MP,World Class,7,-0.1526,-0.3559,-0.0712,0.3187,-0.7772,0.472,0.6135,0.5714,-0.4788,"2015,2016,2017"
judge_corps_caption,r-kemp-1,Richard Kemp,001j000000iwx9aaat,Crossmen,GE1,World Class,23,0.0958,-0.0836,0.0711,0.2322,-0.3592,0.5509,0.7787,0.7391,0.4128,"2013,2014,2015,2016,2017,2018,2019"
judge_corps_caption,m-turner-1,Michael Turner,001j000000iwwssaal,Boston Crusaders,CG,World Class,12,-0.1184,0.0491,-0.071,0.154,-0.4202,0.1835,0.3804,0.5,-0.7688,"2013,2014,2015,2017,2018,2023,2024,2025"
judge_corps_caption,t-fox-1,Todd Fox,001j000000iwx98aad,Colts,MP,World Class,7,0.1521,0.5184,0.071,0.2748,-0.3866,0.6907,0.5473,0.5714,0.5533,"2013,2014,2016,2017,2023"
judge_corps_caption,e-martinez-1,Ed Martinez,001j000000iwx9paad,Gold,GE1,Open Class,6,0.1656,0.9758,0.071,0.1701,-0.1677,0.4989,0.3915,0.6667,0.9737,"2018,2019"
judge_corps_caption,r-solomon-1,Robert Solomon,001j000000iwx9aaat,Crossmen,VP,World Class,13,0.1146,0.1151,0.0709,0.2381,-0.3522,0.5813,0.5748,0.8462,0.4811,"2013,2015,2016,2017,2018,2019,2024,2025"
judge_corps_caption,w-chumley-1,William Chumley,001j000000i6i9saav,Blue Devils,GE1,World Class,14,0.1114,0.2928,0.0709,0.0635,-0.0131,0.2359,0.1601,0.6429,1.7545,"2017,2019,2022,2023,2024,2025"
judge_corps_caption,p-mcgarr-1,Paul McGarr,001j000000iwxafaa1,The Cavaliers,MB,World Class,25,-0.0935,-0.1231,-0.0708,0.2145,-0.5139,0.327,0.5344,0.56,-0.4358,"2013,2014,2015,2016,2017,2018,2019,2023,2024,2025"
judge_corps_caption,g-boulden-1,George Boulden,001j000000i6lenaa3,Madison Scouts,MB,World Class,9,-0.1335,0.1611,-0.0707,0.0906,-0.311,0.0441,0.2132,0.4444,-1.4732,"2013,2014,2015,2016,2018"
judge_corps_caption,j-mills-1,Jeff Mills,001j000000iwwssaal,Boston Crusaders,MB,World Class,5,0.1837,0.8694,0.0707,0.1315,-0.0739,0.4414,0.2715,0.6,1.3976,"2017,2018,2019,2022"
judge_corps_caption,j-sturgeon-1,Jim Sturgeon,001j000000iwx9oaad,Genesis,VA,Open Class,10,0.127,0.5251,0.0706,0.1999,-0.2649,0.5189,0.4379,0.6,0.6352,"2013,2014,2016,2018,2024"
judge_corps_caption,c-moss-1,Chris Moss,001j000000h3xwcaav,Santa Clara Vanguard,VP,World Class,13,0.1141,0.3399,0.0706,0.1391,-0.1586,0.3868,0.3583,0.5385,0.8201,"2015,2016,2017,2018,2019,2022,2024"
judge_corps_caption,w-chumley-1,William Chumley,001j000000iwwsqaal,Blue Stars,CG,World Class,9,0.1331,0.371,0.0705,0.1027,-0.0682,0.3344,0.2923,0.7778,1.2961,"2013,2014,2016,2017,2018"
judge_corps_caption,m-kelly-1,Mickey Kelly,001j000000i6kfgaan,The Cadets,GE1,World Class,30,-0.0893,-0.187,-0.0705,0.2172,-0.515,0.3364,0.6342,0.7,-0.4111,"2013,2014,2015,2016,2017,2018,2019"
judge_corps_caption,m-turner-1,Michael Turner,001j000000i6jmbaaf,Blue Devils B,CG,Open Class,9,-0.1332,-0.5094,-0.0705,0.4731,-1.0604,0.794,1.2216,0.5556,-0.2816,"2014,2015,2016,2017,2018,2022,2023,2025"
judge_corps_caption,s-adamo-1,Sal Adamo,001j000000iwxaeaa1,The Academy,VP,World Class,6,0.1645,0.4158,0.0705,0.2068,-0.2407,0.5698,0.3525,0.6667,0.7957,"2015,2016,2017,2023"
judge_corps_caption,r-solomon-1,Robert Solomon,001j000000iwxa3aal,Mandarins,GE1,World Class,5,0.1832,-0.8293,0.0705,0.5753,-0.9443,1.3107,1.0893,0.6,0.3185,"2017,2018,2019,2022,2024"
judge_corps_caption,c-hestin-1,Chris Hestin,001j000000iwxafaa1,The Cavaliers,GE2,World Class,5,0.1833,0.3318,0.0705,0.1148,-0.0418,0.4084,0.2569,0.6,1.5962,"2018,2022"
judge_corps_caption,j-prosperie-1,Jeff Prosperie,001j000000iwxa1aal,Les Stentors,MP,Open Class,5,0.1827,-0.2961,0.0703,0.3675,-0.5377,0.903,0.6882,0.6,0.497,"2014,2016,2025"
judge_corps_caption,p-madden-1,Phil Madden,001j000000iwxafaa1,The Cavaliers,GE1,World Class,6,0.1641,0.2295,0.0703,0.098,-0.0278,0.3561,0.226,0.6667,1.6757,"2015,2018,2023"
judge_corps_caption,n-jones-1,Nola Jones,001j000000iwx91aad,Carolina Crown,GE2,World Class,30,-0.0887,-0.1858,-0.0701,0.2838,-0.6451,0.4676,0.9156,0.7667,-0.3126,"2013,2014,2015,2016,2017,2018,2019,2022,2023,2024,2025"
judge_corps_caption,d-bryan-1,Dan Bryan,001j000000iwx9paad,Gold,MP,Open Class,5,0.1822,0.6477,0.0701,0.218,-0.2452,0.6095,0.4149,0.6,0.8355,"2014,2016,2018"
judge_corps_caption,m-waymire-1,Mark Waymire,001j000000i6i9saav,Blue Devils,MA,World Class,5,0.1822,0.8188,0.0701,0.165,-0.1412,0.5057,0.3228,0.6,1.1043,"2016,2017,2018,2019"
judge_corps_caption,g-markham-1,Garland Markham,001j000000iwx9aaat,Crossmen,GE2,World Class,6,-0.1634,-0.2089,-0.07,0.4949,-1.1333,0.8066,0.8104,0.6667,-0.3301,"2014,2016,2017,2019"
judge_corps_caption,d-argul-1,Dennis Argul,001j000000i6i9saav,Blue Devils,MB,World Class,5,-0.1819,0.317,-0.07,0.1128,-0.403,0.0392,0.2079,0.2,-1.6124,"2019,2025"
judge_corps_caption,j-gilley-1,Jackie Gilley,001j000000iwxafaa1,The Cavaliers,CG,World Class,5,-0.1818,-0.0761,-0.0699,0.2201,-0.6131,0.2495,0.3196,0.4,-0.8261,"2013,2018,2022,2023"
judge_corps_caption,m-waymire-1,Mark Waymire,001j000000iwwsoaal,Blue Knights,GE2,World Class,7,0.1498,0.4985,0.0699,0.1833,-0.2096,0.5091,0.419,0.5714,0.8168,"2015,2016,2018,2022,2023"
judge_corps_caption,d-padilla-1,Damon Padilla,001j000000iwwsqaal,Blue Stars,GE1,World Class,7,0.1497,0.2679,0.0699,0.0573,0.0375,0.262,0.1869,0.7143,2.6143,"2022,2024,2025"
judge_corps_caption,w-rickart-1,Warren Rickart,001j000000i6i9saav,Blue Devils,GE1,World Class,9,0.132,0.4338,0.0699,0.1385,-0.1394,0.4034,0.3289,0.6667,0.9532,"2022,2023,2024,2025"
judge_corps_caption,r-isoda-1,Randolph Isoda,001j000000iwxa0aal,Legends,MA,Open Class,6,-0.163,-0.4071,-0.0698,0.5654,-1.2712,0.9452,1.1201,0.5,-0.2882,"2013,2014,2015,2016,2017"
judge_corps_caption,m-gray-1,Michael Gray,001j000000iwx91aad,Carolina Crown,CG,World Class,5,0.1812,0.34,0.0697,0.1853,-0.182,0.5445,0.4019,0.8,0.978,"2015,2017,2018,2019"
judge_corps_caption,m-griffin-1,Marty Griffin,001j000000iwwsoaal,Blue Knights,MP,World Class,22,0.0949,0.3492,0.0696,0.0861,-0.0739,0.2638,0.3239,0.6364,1.1017,"2013,2014,2015,2017,2018,2025"
judge_corps_caption,a-combites-1,Andy Combites,001j000000i6lenaa3,Madison Scouts,VP,World Class,5,0.1809,0.0754,0.0696,0.4007,-0.6044,0.9662,0.8078,0.6,0.4514,"2016,2018,2022"
judge_corps_caption,m-kelly-1,Mickey Kelly,001j000000iwwsqaal,Blue Stars,GE1,World Class,14,0.1093,0.0231,0.0695,0.2376,-0.3564,0.575,0.5581,0.5714,0.46,"2013,2014,2015,2016,2017,2019"
judge_corps_caption,j-wilson-1,Jeff Wilson,001j000000iwx97aad,Colt Cadets,MP,Open Class,6,0.1623,0.2745,0.0695,0.1269,-0.0865,0.411,0.2631,0.6667,1.2786,"2013,2016,2019,2022"
judge_corps_caption,k-young-1,Kyle Young,001j000000iwwsqaal,Blue Stars,MA,World Class,10,-0.1252,-0.1511,-0.0695,0.3635,-0.8377,0.5873,0.735,0.6,-0.3443,"2019,2022,2023,2024,2025"
judge_corps_caption,g-llacer-1,Greg Llacer,001j000000h3xrnaav,Phantom Regiment,GE1,World Class,6,0.1621,0.5332,0.0695,0.0922,-0.0187,0.3428,0.2332,0.6667,1.7575,"2022,2023,2024"
judge_corps_caption,d-davis-1,Darrin Davis,001j000000iwxa7aal,Pacific Crest,MB,World Class,7,-0.1487,-0.1107,-0.0694,0.5131,-1.1544,0.8569,0.8254,0.5714,-0.2899,"2013,2014,2015,2016,2019,2023"
judge_corps_caption,f-miller-1,Frank Miller,001j000000iwxafaa1,The Cavaliers,VA,World Class,8,0.1388,0.3797,0.0694,0.1184,-0.0934,0.3709,0.317,0.625,1.1716,"2015,2016,2017"
judge_corps_caption,c-romanowski-1,Chris Romanowski,001j000000h3xrnaav,Phantom Regiment,MP,World Class,8,0.1388,0.1954,0.0694,0.1522,-0.1595,0.4372,0.3566,0.75,0.912,"2015,2017,2019,2022"
judge_corps_caption,b-williams-1,Blair Williams,001j000000iwxa7aal,Pacific Crest,MP,World Class,6,0.1619,0.3884,0.0694,0.2082,-0.2463,0.57,0.4072,0.8333,0.7774,"2023,2024,2025"
judge_corps_caption,c-costanza-1,Curtis Costanza,001j000000iwxaaaa1,Raiders,GE1,Open Class,12,0.1155,0.6619,0.0693,0.1758,-0.229,0.46,0.5334,0.5833,0.6569,"2013,2014,2015,2016,2024,2025"
judge_corps_caption,d-carbone-1,Dave Carbone,001j000000iwxa6aal,Oregon Crusaders,MA,World Class,7,0.1483,0.2963,0.0692,0.1581,-0.1616,0.4582,0.3653,0.5714,0.9378,"2013,2014,2016,2017"
judge_corps_caption,r-solomon-1,Robert Solomon,001j000000iwxajaa1,Troopers,CG,World Class,16,0.1037,0.2214,0.0692,0.0951,-0.0826,0.2901,0.3314,0.625,1.0912,"2014,2015,2016,2017,2018,2019,2023,2024,2025"
judge_corps_caption,c-romanowski-1,Chris Romanowski,001j000000iwwssaal,Boston Crusaders,MP,World Class,5,0.1798,0.2539,0.0692,0.1628,-0.1393,0.499,0.3454,0.6,1.1045,"2015,2017,2019,2022"
judge_corps_caption,g-miller-1,Gerry Miller,001j000000iwx9waad,Jersey Surf,GE2,World Class,6,-0.1615,0.0341,-0.0692,0.1295,-0.4154,0.0924,0.287,0.1667,-1.2469,"2022,2024"
judge_corps_caption,b-brahan-1,Beverly Brahan,001j000000iwxadaa1,Spirit of Atlanta,CG,World Class,5,-0.18,0.1867,-0.0692,0.2489,-0.6679,0.3079,0.3753,0.4,-0.723,"2023,2024,2025"
judge_corps_caption,m-lentz-1,Michael Lentz,001j000000iwxafaa1,The Cavaliers,VA,World Class,5,-0.1793,-0.0183,-0.069,0.084,-0.344,-0.0147,0.2081,0.2,-2.1351,"2013,2016"
judge_corps_caption,j-carlisle-1,JR Carlisle,001j000000iwxadaa1,Spirit of Atlanta,VA,World Class,8,-0.138,0.1475,-0.069,0.1696,-0.4703,0.1943,0.3785,0.5,-0.8139,"2013,2016"
judge_corps_caption,b-fabrizio-1,Beth Fabrizio,001j000000iwxa5aal,Music City,MB,Open Class,5,0.1791,0.3992,0.0689,0.4263,-0.6566,1.0147,0.7059,0.6,0.42,"2014,2022"
judge_corps_caption,t-hall-1,Troy Hall,001j000000i6lenaa3,Madison Scouts,MP,World Class,10,-0.1239,0.377,-0.0688,0.2016,-0.519,0.2713,0.4365,0.4,-0.6143,"2015,2016,2022,2023"
judge_corps_caption,c-romanowski-1,Chris Romanowski,001j000000iwwsoaal,Blue Knights,MP,World Class,8,-0.1374,-0.0657,-0.0687,0.3885,-0.8989,0.6242,0.6668,0.625,-0.3535,"2013,2015,2016,2017,2023,2024"
judge_corps_caption,t-fox-1,Todd Fox,001j000000i6lenaa3,Madison Scouts,MA,World Class,5,-0.1784,-0.2161,-0.0686,0.6373,-1.4276,1.0707,1.1539,0.6,-0.28,"2016,2018,2019"
judge_corps_caption,t-wingate-1,Travis Wingate,001j000000i6jmbaaf,Blue Devils B,VA,Open Class,5,0.1785,0.5458,0.0686,0.236,-0.2841,0.641,0.4921,0.6,0.7561,"2022,2025"
judge_corps_caption,d-torchia-1,Debbie Torchia,001j000000iwwsqaal,Blue Stars,VA,World Class,14,-0.1076,-0.0107,-0.0685,0.0877,-0.2794,0.0642,0.2897,0.2143,-1.2274,"2013,2014,2015,2022,2023,2024,2025"
judge_corps_caption,m-davis-1,Mike Davis,001j000000iwxaaaa1,Raiders,MP,Open Class,11,-0.1184,0.3303,-0.0685,0.1406,-0.394,0.1572,0.366,0.2727,-0.842,"2013,2014,2015,2017,2025"
judge_corps_caption,k-baker-1,Keith Baker,001j000000h3xrnaav,Phantom Regiment,GE1,World Class,5,0.1782,0.2904,0.0685,0.1112,-0.0398,0.3961,0.2238,0.8,1.6019,"2019,2023,2024,2025"
judge_corps_caption,a-dunn-1,Al Dunn,001j000000iwxa6aal,Oregon Crusaders,MP,World Class,11,0.1181,0.2785,0.0684,0.1052,-0.0881,0.3243,0.283,0.6364,1.1223,"2013,2014,2015,2016,2017"
judge_corps_caption,c-nelson-1,Carl Nelson,001j000000iwxakaa1,Vanguard Cadets,VP,Open Class,15,-0.1047,0.171,-0.0683,0.6515,-1.3816,1.1722,1.5758,0.7333,-0.1607,"2013,2014,2016,2017,2019,2022"
judge_corps_caption,g-markham-1,Garland Markham,001j000000h3xrnaav,Phantom Regiment,GE2,World Class,6,0.1593,0.1134,0.0683,0.2919,-0.4129,0.7315,0.5727,0.8333,0.5456,"2014,2016,2017,2019"
judge_corps_caption,t-wemhoff-1,Ted Wemhoff,001j000000iwx9paad,Gold,GE1,Open Class,10,0.123,0.2912,0.0683,0.1459,-0.163,0.409,0.4098,0.6,0.8428,"2016,2018,2019,2022,2024,2025"
judge_corps_caption,j-ausdemore-1,Jeff Ausdemore,001j000000i6jmbaaf,Blue Devils B,MP,Open Class,5,0.1775,0.0465,0.0683,0.3051,-0.4204,0.7754,0.5261,0.6,0.5818,"2016,2018,2019,2022"
judge_corps_caption,m-howard-1,Mike Howard,001j000000iwxa5aal,Music City,GE2,World Class,5,-0.1776,0.0828,-0.0683,0.1018,-0.3771,0.0219,0.1987,0.2,-1.7445,"2024,2025"
judge_corps_caption,c-romanowski-1,Chris Romanowski,001j000000iwxajaa1,Troopers,MP,World Class,6,0.1591,0.2234,0.0682,0.2052,-0.243,0.5613,0.4433,0.6667,0.7756,"2013,2017,2024,2025"
judge_corps_caption,m-griffin-1,Marty Griffin,001j000000iwx98aad,Colts,MP,World Class,16,0.1023,0.3472,0.0682,0.1125,-0.1182,0.3228,0.3614,0.5625,0.9095,"2013,2014,2015,2017,2018,2019,2025"
judge_corps_caption,f-morris-1,Frank Morris,001j000000iwxafaa1,The Cavaliers,GE1,World Class,8,0.1362,0.4379,0.0681,0.1093,-0.0779,0.3504,0.2747,0.625,1.2467,"2013,2014,2015,2016"
judge_corps_caption,j-davila-1,Julie Davila,001j000000iwxa5aal,Music City,MP,Open Class,6,-0.159,-0.3336,-0.0681,0.3718,-0.8877,0.5697,0.5749,0.6667,-0.4277,"2017,2023,2024"
judge_corps_caption,g-fugett-1,Glenn Fugett,001j000000i6kfgaan,The Cadets,GE2,World Class,21,0.094,-0.0498,0.068,0.2614,-0.4185,0.6064,0.6869,0.8095,0.3594,"2013,2014,2015,2016,2017,2018,2019,2022,2023"
judge_corps_caption,m-turner-1,Michael Turner,001j000000i6lenaa3,Madison Scouts,VP,World Class,14,0.1068,0.2375,0.068,0.178,-0.2421,0.4557,0.5256,0.7143,0.6001,"2013,2016,2017,2018,2023,2024"
judge_corps_caption,w-rickart-1,Warren Rickart,001j000000iwx98aad,Colts,CG,World Class,6,0.1587,0.5655,0.068,0.1029,-0.0429,0.3604,0.26,0.8333,1.5429,"2019,2022,2024,2025"
judge_corps_caption,t-slaughter-1,Tom Slaughter,001j000000i6kfgaan,The Cadets,VA,World Class,6,0.1586,0.508,0.068,0.0929,-0.0235,0.3406,0.1886,0.6667,1.707,"2022,2023"
judge_corps_caption,j-sturgeon-1,Jim Sturgeon,001j000000f17bwaaa,Watchmen,VP,Open Class,5,-0.1765,0.2778,-0.0679,0.3063,-0.7769,0.4238,0.563,0.4,-0.5763,"2014,2015,2016,2018"
judge_corps_caption,c-hestin-1,Chris Hestin,001j000000iwxajaa1,Troopers,GE2,World Class,8,0.1358,0.2975,0.0679,0.3736,-0.5966,0.8681,0.7207,0.75,0.3633,"2017,2018,2019,2022"
judge_corps_caption,t-mengel-1,Tim Mengel,001j000000iwxacaa1,Spartans,MP,Open Class,7,0.1455,0.0863,0.0679,0.6769,-1.1812,1.4721,1.3855,0.7143,0.2149,"2018,2022,2023,2024"
judge_corps_caption,j-webb-1,Jay Webb,001j000000iwx98aad,Colts,GE2,World Class,6,0.1582,-0.007,0.0678,0.1351,-0.1066,0.423,0.2429,0.6667,1.1711,"2014,2015,2019"
judge_corps_caption,k-turner-1,Ken Turner,001j000000iwxaeaa1,The Academy,MA,World Class,8,-0.1354,-0.3473,-0.0677,0.531,-1.1761,0.9053,1.0651,0.625,-0.255,"2013,2016,2018,2019,2022"
judge_corps_caption,d-argul-1,Dennis Argul,001j000000iwx9waad,Jersey Surf,MB,World Class,6,-0.1581,0.3233,-0.0677,0.1256,-0.4043,0.0882,0.2799,0.1667,-1.2582,"2014,2017,2019"
judge_corps_caption,j-prosperie-1,Jeff Prosperie,001j000000iwxajaa1,Troopers,MP,World Class,13,-0.1092,0.0367,-0.0676,0.1161,-0.3368,0.1184,0.2958,0.3846,-0.9407,"2013,2014,2015,2016,2017,2018,2019,2025"
judge_corps_caption,c-rothe-1,Caleb Rothe,001j000000iwx9qaad,Golden Empire,MA,Open Class,6,0.1576,-0.2996,0.0676,0.43,-0.6852,1.0004,0.761,0.5,0.3666,"2014,2015,2016,2017,2023"
judge_corps_caption,a-cook-1,Andrew Cook,001j000000iwx91aad,Carolina Crown,MA,World Class,7,-0.1446,-0.4338,-0.0675,0.8042,-1.7208,1.4317,1.2559,0.8571,-0.1798,"2013,2014,2015,2017"
judge_corps_caption,m-mcgahey-1,Mark McGahey,001j000000h3xwcaav,Santa Clara Vanguard,GE2,World Class,8,0.1349,0.0853,0.0675,0.3083,-0.4694,0.7392,0.6846,0.75,0.4376,"2014,2017,2018,2019,2025"
judge_corps_caption,m-leitzke-1,Mike Leitzke,001j000000iwxajaa1,Troopers,MP,World Class,21,0.0932,-0.0888,0.0675,0.2755,-0.4466,0.6331,0.7165,0.7619,0.3385,"2015,2016,2017,2018,2019,2022,2023,2024,2025"
judge_corps_caption,g-oliviero-1,George Oliviero,001j000000i6lenaa3,Madison Scouts,CG,World Class,8,0.1348,-0.3278,0.0674,0.6187,-1.0778,1.3474,1.1575,0.875,0.2179,"2013,2015,2016,2025"
judge_corps_caption,c-moss-1,Chris Moss,001j000000i6kfgaan,The Cadets,VA,World Class,7,0.1442,0.2637,0.0673,0.1131,-0.0775,0.3658,0.2531,0.5714,1.2751,"2013,2014,2017,2022"
judge_corps_caption,e-argenziano-1,Ed Argenziano,001j000000i6kfgaan,The Cadets,MP,World Class,5,-0.1749,0.4936,-0.0673,0.134,-0.4376,0.0877,0.2158,0.4,-1.3056,"2015,2016,2017,2018"
judge_corps_caption,p-haines-1,Phillip Haines,001j000000iwxaeaa1,The Academy,MB,World Class,8,-0.1344,-0.32,-0.0672,0.5965,-1.3035,1.0347,0.9213,0.875,-0.2253,"2013,2014,2015,2017,2018,2022,2023"
judge_corps_caption,m-waymire-1,Mark Waymire,001j000000h3xrnaav,Phantom Regiment,GE2,World Class,6,0.1569,0.4982,0.0672,0.1954,-0.2261,0.5399,0.4285,0.5,0.8029,"2016,2022,2023"
judge_corps_caption,h-nguyen-1,Hieu Nguyen,001j000000iwx9saad,Guardians,CG,Open Class,5,0.1742,0.1961,0.067,0.3445,-0.5009,0.8494,0.6784,0.6,0.5058,"2017,2018,2019"
judge_corps_caption,c-moss-1,Chris Moss,001j000000iwxa0aal,Legends,VP,Open Class,10,0.1204,0.1405,0.0669,0.265,-0.399,0.6399,0.6279,0.5,0.4544,"2013,2016,2018,2019,2022"
judge_corps_caption,c-hestin-1,Chris Hestin,001j000000iwwsqaal,Blue Stars,GE2,World Class,6,0.156,0.3126,0.0669,0.1006,-0.0411,0.3531,0.2476,0.6667,1.551,"2017,2018,2022"
judge_corps_caption,c-raichle-1,Chris Raichle,001j000000iwx98aad,Colts,VA,World Class,6,-0.1558,-0.0506,-0.0668,0.6309,-1.3925,1.0808,0.9849,0.6667,-0.247,"2015,2016,2017,2025"
judge_corps_caption,j-gilley-1,Jackie Gilley,001j000000iwx9oaad,Genesis,VA,Open Class,5,0.1735,0.8228,0.0667,0.3714,-0.5545,0.9015,0.6134,0.6,0.4671,"2014,2016"
judge_corps_caption,r-rios-1,Ronnie Rios,001j000000h3xrnaav,Phantom Regiment,MA,World Class,6,0.1555,0.2212,0.0667,0.1052,-0.0506,0.3617,0.2403,0.8333,1.4785,"2017,2018,2023,2024"
judge_corps_caption,w-rickart-1,Warren Rickart,001j000000iwwssaal,Boston Crusaders,CG,World Class,9,0.1261,0.5512,0.0667,0.1721,-0.2113,0.4634,0.3775,0.6667,0.7324,"2019,2022,2024,2025"
judge_corps_caption,w-whaley-1,WL Whaley,001j000000iwxa0aal,Legends,GE2,Open Class,7,-0.1422,0.537,-0.0664,0.5263,-1.1738,0.8894,0.9446,0.5714,-0.2701,"2013,2014,2016,2018"
judge_corps_caption,m-teal-1,Mark Teal,001j000000h3xwcaav,Santa Clara Vanguard,MP,World Class,8,0.1321,0.4626,0.0661,0.1813,-0.2232,0.4874,0.397,0.875,0.7289,"2016,2017,2019,2022,2024"
judge_corps_caption,w-dillon-1,Wayne Dillon,001j000000iwxa5aal,Music City,GE2,Open Class,7,0.1415,0.1638,0.066,0.2452,-0.3392,0.6221,0.4836,0.8571,0.5769,"2013,2015,2018,2019,2024"
judge_corps_caption,j-webb-1,Jay Webb,001j000000iwwssaal,Boston Crusaders,MA,World Class,13,-0.1063,-0.1545,-0.0658,0.4927,-1.0719,0.8594,0.811,0.9231,-0.2157,"2013,2014,2018,2022,2023,2024,2025"
judge_corps_caption,a-dunn-1,Al Dunn,001j000000iwxa0aal,Legends,MP,Open Class,8,0.1314,0.1949,0.0657,0.3717,-0.5971,0.86,0.5994,0.5,0.3536,"2013,2014,2015,2016"
judge_corps_caption,g-boulden-1,George Boulden,001j000000iwx98aad,Colts,MB,World Class,5,0.1709,0.4833,0.0657,0.1916,-0.2047,0.5465,0.3129,0.4,0.892,"2013,2016,2018"
judge_corps_caption,t-fox-1,Todd Fox,001j000000iwwssaal,Boston Crusaders,MP,World Class,11,-0.1134,0.2702,-0.0657,0.1501,-0.4077,0.1809,0.3775,0.4545,-0.7553,"2013,2014,2016,2017,2019,2022,2023"
judge_corps_caption,t-fox-1,Todd Fox,001j000000iwxafaa1,The Cavaliers,MP,World Class,6,0.153,0.5119,0.0656,0.0552,0.0449,0.2611,0.153,1,2.7748,"2013,2016,2022"
judge_corps_caption,c-rothe-1,Caleb Rothe,001j000000f17bwaaa,Watchmen,GE2,Open Class,5,-0.1706,-0.3135,-0.0656,0.5098,-1.1698,0.8287,0.7909,0.4,-0.3346,"2014,2016,2017,2018,2019"
judge_corps_caption,j-rhodes-1,Jodie Rhodes,001j000000i6lenaa3,Madison Scouts,MA,World Class,5,-0.1707,-0.7487,-0.0656,0.607,-1.3603,1.019,1.0448,0.4,-0.2812,"2019,2022,2023,2025"
judge_corps_caption,d-argul-1,Dennis Argul,001j000000iwx97aad,Colt Cadets,MB,Open Class,7,-0.1403,0.4711,-0.0655,0.2334,-0.5977,0.3172,0.4293,0.5714,-0.6009,"2015,2016,2017,2019"
judge_corps_caption,m-mast-1,Monte Mast,001j000000iwwsraal,Bluecoats,MA,World Class,6,0.1523,0.1943,0.0653,0.1608,-0.1628,0.4675,0.3127,0.6667,0.9474,"2014,2015,2016,2017"
judge_corps_caption,b-williams-1,Blair Williams,001j000000iwx93aad,Seattle Cascades,MP,World Class,5,-0.1698,0.0577,-0.0653,0.4099,-0.9731,0.6335,0.7264,0.6,-0.4143,"2023,2024,2025"
judge_corps_caption,b-fabrizio-1,Beth Fabrizio,001j000000i6lenaa3,Madison Scouts,MB,World Class,6,0.1522,0.1899,0.0652,0.4173,-0.6657,0.9701,0.7664,0.8333,0.3648,"2013,2018,2022,2023"
judge_corps_caption,d-torchia-1,Debbie Torchia,001j000000iwwsraal,Bluecoats,CG,World Class,12,-0.1086,-0.2129,-0.0652,0.492,-1.073,0.8558,0.861,0.75,-0.2207,"2013,2015,2016,2017,2018,2019"
judge_corps_caption,m-waymire-1,Mark Waymire,001j000000iwxa2aal,Louisiana Stars,GE2,Open Class,5,-0.1695,0.0893,-0.0652,0.4306,-1.0133,0.6744,0.724,0.6,-0.3936,"2016,2017,2019"
judge_corps_caption,r-greenwell-1,Randy Greenwell,001j000000iwxajaa1,Troopers,GE2,World Class,7,0.1394,-0.1819,0.0651,0.476,-0.7935,1.0723,0.8972,0.8571,0.293,"2014,2015,2017,2019,2022"
judge_corps_caption,c-nelson-1,Carl Nelson,001j000000iwx9waad,Jersey Surf,VP,World Class,10,-0.1172,0.0959,-0.0651,0.1981,-0.5055,0.2711,0.4329,0.6,-0.5915,"2015,2016,2017,2018,2019,2022"
judge_corps_caption,g-howarth-1,Gifford Howarth,001j000000iwxadaa1,Spirit of Atlanta,MP,World Class,5,0.1691,0.3692,0.065,0.1851,-0.1938,0.5319,0.3914,0.6,0.9132,"2015,2016,2017,2019,2023"
judge_corps_caption,m-stone-1,Michael Stone,001j000000iwxa3aal,Mandarins,CG,World Class,10,0.1169,0.1468,0.0649,0.2698,-0.4119,0.6456,0.5415,0.6,0.4332,"2013,2014,2015,2016,2017,2018,2019"
judge_corps_caption,r-solomon-1,Robert Solomon,001j000000iwxa3aal,Mandarins,VA,World Class,5,-0.1683,-0.0573,-0.0647,0.326,-0.8073,0.4706,0.576,0.4,-0.5164,"2015,2016,2017,2023,2025"
judge_corps_caption,k-weirich-1,Kyle Weirich,001j000000iwxa5aal,Music City,MB,Open Class,5,-0.1682,-0.7672,-0.0647,0.9082,-1.9483,1.6118,1.5147,0.4,-0.1853,"2015,2016,2017,2022"
judge_corps_caption,t-wemhoff-1,Ted Wemhoff,001j000000iwxakaa1,Vanguard Cadets,GE1,Open Class,5,-0.168,0.068,-0.0646,0.1803,-0.5213,0.1853,0.348,0.4,-0.9318,"2016,2018,2022"
judge_corps_caption,g-markham-1,Garland Markham,001j000000i6i9saav,Blue Devils,MA,World Class,11,-0.1115,0.1664,-0.0645,0.4718,-1.0361,0.8132,0.7557,0.9091,-0.2363,"2013,2014,2015,2016,2017"
judge_corps_caption,d-niebauer-1,Dan Niebauer,001j000000iwxacaa1,Spartans,VA,Open Class,5,0.1677,0.6968,0.0645,0.2346,-0.2922,0.6276,0.3981,0.8,0.7147,"2015,2017"
judge_corps_caption,t-fox-1,Todd Fox,001j000000iwxajaa1,Troopers,MA,World Class,5,0.1676,0.1482,0.0645,0.1584,-0.1428,0.478,0.3254,0.8,1.0583,"2016,2018,2019,2025"
judge_corps_caption,w-chumley-1,William Chumley,001j000000i6kfgaan,The Cadets,VA,World Class,9,-0.1216,-0.0794,-0.0644,0.359,-0.8252,0.5821,0.5513,0.6667,-0.3386,"2014,2017,2018,2019"
judge_corps_caption,t-wemhoff-1,Ted Wemhoff,001j000000iwxa5aal,Music City,GE1,Open Class,16,-0.0966,0.1596,-0.0644,0.094,-0.2808,0.0875,0.3172,0.3125,-1.0285,"2015,2017,2019,2022,2023,2024,2025"
judge_corps_caption,t-wingate-1,Travis Wingate,001j000000iwx93aad,Seattle Cascades,VA,World Class,6,0.1499,0.585,0.0643,0.2725,-0.3842,0.684,0.497,0.5,0.5502,"2023,2024,2025"
judge_corps_caption,m-davis-1,Mike Davis,001j000000iwxafaa1,The Cavaliers,MP,World Class,14,0.1009,0.3048,0.0642,0.1176,-0.1297,0.3315,0.3057,0.7143,0.8573,"2013,2016,2018,2019,2022,2023,2024,2025"
judge_corps_caption,f-miller-1,Frank Miller,001j000000iwxaeaa1,The Academy,VA,World Class,6,0.1498,0.3972,0.0642,0.1044,-0.0548,0.3544,0.2327,0.6667,1.4354,"2015,2016"
judge_corps_caption,p-madden-1,Phil Madden,001j000000iwx9qaad,Golden Empire,GE1,Open Class,5,0.167,0.1509,0.0642,0.2289,-0.2816,0.6156,0.4169,0.6,0.7298,"2017,2018,2023,2025"
judge_corps_caption,h-nguyen-1,Hieu Nguyen,001j000000iwxafaa1,The Cavaliers,VP,World Class,8,0.1285,0.2556,0.0642,0.1433,-0.1524,0.4093,0.3268,0.75,0.8967,"2017,2018,2023,2025"
judge_corps_caption,k-weirich-1,Kyle Weirich,001j000000iwxakaa1,Vanguard Cadets,MA,Open Class,5,0.167,0.8701,0.0642,0.2174,-0.2591,0.5932,0.3742,0.6,0.7682,"2018,2022"
judge_corps_caption,w-rickart-1,Warren Rickart,001j000000i6i9saav,Blue Devils,CG,World Class,10,0.1156,0.5334,0.0642,0.1379,-0.1546,0.3859,0.2955,0.4,0.8386,"2019,2022,2023,2024,2025"
judge_corps_caption,j-allison-dma-1,Joseph Allison DMA,001j000000iwx91aad,Carolina Crown,GE2,World Class,5,0.1666,0.3295,0.0641,0.1529,-0.1331,0.4663,0.2619,0.6,1.0895,2013
judge_corps_caption,k-miller-1,Kyle Miller,001j000000iwxa2aal,Louisiana Stars,GE1,Open Class,6,-0.1493,-0.8884,-0.064,0.5887,-1.3031,1.0045,1.0432,0.5,-0.2536,"2014,2015,2016,2022"
judge_corps_caption,w-chumley-1,William Chumley,001j000000iwxa5aal,Music City,GE1,World Class,7,-0.1371,0.09,-0.064,0.1326,-0.3969,0.1227,0.2836,0.5714,-1.0346,"2022,2023,2024,2025"
judge_corps_caption,n-jones-1,Nola Jones,001j000000iwxadaa1,Spirit of Atlanta,GE2,World Class,16,0.0958,-0.0064,0.0639,0.2321,-0.3592,0.5507,0.5606,0.8125,0.4127,"2013,2014,2015,2016,2017,2018,2019,2025"
judge_corps_caption,j-webb-1,Jay Webb,001j000000iwwsoaal,Blue Knights,MA,World Class,12,-0.1064,-0.1712,-0.0639,0.3565,-0.8051,0.5923,0.6085,0.6667,-0.2985,"2013,2014,2018,2022,2023,2024"
judge_corps_caption,c-moss-1,Chris Moss,001j000000iwxa5aal,Music City,VP,Open Class,13,-0.103,0.1194,-0.0638,0.2496,-0.5922,0.3862,0.5859,0.4615,-0.4127,"2016,2018,2019,2022,2024,2025"
judge_corps_caption,m-davis-1,Mike Davis,001j000000iwwsqaal,Blue Stars,MP,World Class,17,-0.0937,0.1128,-0.0637,0.3047,-0.6909,0.5035,0.7047,0.7059,-0.3074,"2013,2014,2015,2016,2017,2018,2019,2022,2023,2025"
judge_corps_caption,m-turner-1,Michael Turner,001j000000iwxafaa1,The Cavaliers,GE1,World Class,5,0.1657,0.1838,0.0637,0.1828,-0.1926,0.524,0.3553,0.6,0.9062,"2013,2014,2016,2017"
judge_corps_caption,f-morris-1,Frank Morris,001j000000iwxajaa1,Troopers,GE1,World Class,9,-0.1201,0.1967,-0.0636,0.1854,-0.4835,0.2433,0.3779,0.4444,-0.6477,"2013,2014,2015,2016"
judge_corps_caption,k-baker-1,Keith Baker,001j000000iwx93aad,Seattle Cascades,VA,World Class,5,0.1653,0.1133,0.0636,0.1923,-0.2115,0.5422,0.368,0.6,0.8599,"2015,2018,2023,2024"
judge_corps_caption,j-gilley-1,Jackie Gilley,001j000000iwx9paad,Gold,GE1,Open Class,7,0.1362,0.8679,0.0635,0.2012,-0.2581,0.5305,0.4443,0.7143,0.6769,"2015,2019,2024"
judge_corps_caption,w-chumley-1,William Chumley,001j000000iwx9aaat,Crossmen,CG,World Class,8,0.1268,0.3446,0.0634,0.1024,-0.074,0.3275,0.2492,0.625,1.2377,"2013,2016,2017,2018,2019"
judge_corps_caption,j-howell-1,John Howell,001j000000iwxa0aal,Legends,GE1,Open Class,7,-0.1354,-0.2302,-0.0632,0.4019,-0.9232,0.6523,0.8901,0.4286,-0.3369,"2013,2015,2018,2019,2022"
judge_corps_caption,j-harper-1,Jeff Harper,001j000000iwx91aad,Carolina Crown,GE2,World Class,8,0.1262,-0.0321,0.0631,0.2786,-0.4199,0.6722,0.5739,0.875,0.4528,"2013,2014,2017,2018,2023"
judge_corps_caption,c-costanza-1,Curtis Costanza,001j000000iwxa0aal,Legends,GE1,Open Class,10,0.1135,0.6626,0.0631,0.1374,-0.1559,0.3829,0.3255,0.7,0.8259,"2013,2014,2015,2016"
judge_corps_caption,t-mengel-1,Tim Mengel,001j000000iwxajaa1,Troopers,MP,World Class,6,0.1473,0.5994,0.0631,0.2028,-0.2501,0.5448,0.3664,0.5,0.7264,"2017,2018,2019,2022,2023"
judge_corps_caption,s-calhoun-1,Steve Calhoun,001j000000iwwsqaal,Blue Stars,MB,World Class,5,-0.1636,-0.1157,-0.0629,0.5265,-1.1955,0.8683,0.8444,0.6,-0.3107,"2014,2017,2018"
judge_corps_caption,c-moss-1,Chris Moss,001j000000iwx9aaat,Crossmen,GE1,World Class,5,-0.1636,-0.1895,-0.0629,0.2141,-0.5832,0.2561,0.4106,0.4,-0.764,"2014,2016,2023,2025"
judge_corps_caption,m-bowers-1,Michele Bowers,001j000000i6lenaa3,Madison Scouts,CG,World Class,7,0.1349,0.1557,0.0629,0.5,-0.8451,1.1149,0.9247,0.8571,0.2698,"2014,2015,2016,2018,2023"
judge_corps_caption,m-bowers-1,Michele Bowers,001j000000qzs1qaaf,River City Rhythm,CG,Open Class,5,-0.1633,0.5048,-0.0628,0.5176,-1.1779,0.8512,0.9714,0.6,-0.3156,"2016,2017,2018,2024"
judge_corps_caption,d-torchia-1,Debbie Torchia,001j000000iwxaeaa1,The Academy,VA,World Class,13,0.1014,0.1871,0.0627,0.293,-0.473,0.6757,0.6342,0.7692,0.3459,"2013,2014,2015,2016,2017,2018,2019,2025"
judge_corps_caption,c-costanza-1,Curtis Costanza,001j000000iwxa1aal,Les Stentors,GE1,Open Class,13,-0.1011,0.3964,-0.0626,0.2387,-0.569,0.3668,0.709,0.4615,-0.4234,"2013,2014,2015,2016,2024,2025"
judge_corps_caption,j-davila-1,Julie Davila,001j000000qzs1qaaf,River City Rhythm,MP,Open Class,5,-0.1623,-0.3871,-0.0624,0.2664,-0.6844,0.3598,0.3957,0.4,-0.6094,"2017,2022,2023,2024"
judge_corps_caption,r-saucedo-1,Richard Saucedo,001j000000qzs1qaaf,River City Rhythm,GE2,Open Class,5,0.1622,0.406,0.0624,0.108,-0.0495,0.374,0.1919,0.6,1.5017,"2017,2019"
judge_corps_caption,d-padilla-1,Damon Padilla,001j000000iwx93aad,Seattle Cascades,GE1,World Class,7,-0.1338,-0.0153,-0.0624,0.4264,-0.9695,0.702,0.6893,0.5714,-0.3137,"2019,2023,2024,2025"
judge_corps_caption,j-rhodes-1,Jodie Rhodes,001j000000iwxacaa1,Spartans,GE2,Open Class,5,0.1623,0.4698,0.0624,0.3639,-0.551,0.8756,0.6288,0.4,0.446,"2022,2023,2024,2025"
judge_corps_caption,m-stone-1,Michael Stone,001j000000iwx91aad,Carolina Crown,CG,World Class,11,-0.1075,-0.1141,-0.0623,0.5087,-1.1046,0.8895,0.8449,0.8182,-0.2114,"2013,2014,2015,2016,2017,2018"
judge_corps_caption,w-rickart-1,Warren Rickart,001j000000h3xrnaav,Phantom Regiment,GE1,World Class,5,0.162,0.4531,0.0623,0.2414,-0.3111,0.6352,0.4111,0.4,0.6713,"2022,2023,2024"
judge_corps_caption,f-morris-1,Frank Morris,001j000000i6kfgaan,The Cadets,GE1,World Class,14,0.0977,0.4027,0.0622,0.1487,-0.1937,0.3892,0.4029,0.5714,0.6572,"2013,2014,2015,2016"
judge_corps_caption,t-wemhoff-1,Ted Wemhoff,001j000000iwxaeaa1,The Academy,GE1,World Class,15,0.0954,0.3197,0.0622,0.0657,-0.0334,0.2241,0.2113,0.6667,1.452,"2015,2016,2017,2019,2022,2023,2025"
judge_corps_caption,c-costanza-1,Curtis Costanza,001j000000i6kalaa3,Blue Devils C,GE1,Open Class,6,-0.145,0.4596,-0.0621,0.7114,-1.5393,1.2492,1.2927,0.6667,-0.2039,"2013,2014,2015,2016,2024"
judge_corps_caption,g-oliviero-1,George Oliviero,001j000000i6kfgaan,The Cadets,VA,World Class,13,-0.1003,-0.204,-0.0621,0.229,-0.5491,0.3485,0.4918,0.6923,-0.438,"2013,2014,2016,2018,2019,2022,2023"
judge_corps_caption,l-carlson-1,Lee Carlson,001j000000iwwssaal,Boston Crusaders,CG,World Class,6,0.1444,0.2529,0.0619,0.2653,-0.3756,0.6644,0.492,0.8333,0.5442,"2013,2014,2015,2016"
judge_corps_caption,c-armbruster-1,Chad Armbruster,001j000000iwx9oaad,Genesis,GE2,Open Class,5,0.161,-0.0993,0.0619,0.2136,-0.2577,0.5796,0.4211,0.6,0.7536,"2016,2018,2023"
judge_corps_caption,d-torchia-1,Debbie Torchia,001j000000iwxa3aal,Mandarins,VA,World Class,14,-0.0972,0.04,-0.0618,0.1935,-0.4763,0.282,0.5133,0.4286,-0.5022,"2013,2014,2015,2016,2017,2019,2022,2023,2025"
judge_corps_caption,j-wilson-1,Jeff Wilson,001j000000iwx9paad,Gold,MA,Open Class,6,-0.1441,0.2625,-0.0618,0.4097,-0.9471,0.6589,0.5847,0.8333,-0.3517,"2017,2018,2019,2025"
judge_corps_caption,t-ochran-1,Timothy Ochran,001j000000iwxa7aal,Pacific Crest,GE1,World Class,9,0.1166,-0.4357,0.0617,0.4234,-0.7133,0.9464,1.0402,0.6667,0.2753,"2013,2015,2016,2017,2018,2023,2024"
judge_corps_caption,c-armbruster-1,Chad Armbruster,001j000000iwx9aaat,Crossmen,MB,World Class,7,-0.1322,-0.2992,-0.0617,0.4217,-0.9588,0.6944,0.8327,0.7143,-0.3136,"2017,2018,2019,2023,2025"
judge_corps_caption,g-fugett-1,Glenn Fugett,001j000000iwwsraal,Bluecoats,MA,World Class,5,0.16,-0.3618,0.0615,0.6441,-1.1025,1.4225,1.1177,0.8,0.2484,"2015,2018,2023,2025"
judge_corps_caption,t-fox-1,Todd Fox,001j000000iwx9oaad,Genesis,MP,Open Class,7,0.1316,0.382,0.0614,0.2893,-0.4353,0.6985,0.6118,0.5714,0.4549,"2013,2014,2016,2023"
judge_corps_caption,j-howell-1,John Howell,001j000000iwx98aad,Colts,CG,World Class,7,0.1316,0.1469,0.0614,0.2612,-0.3803,0.6435,0.5218,0.8571,0.5038,"2014,2015,2017,2019,2024"
judge_corps_caption,k-young-1,Kyle Young,001j000000iwwsoaal,Blue Knights,MA,World Class,6,0.1432,0.1126,0.0614,0.1084,-0.0693,0.3556,0.238,0.8333,1.3207,"2023,2024,2025"
judge_corps_caption,f-miller-1,Frank Miller,001j000000h3xwcaav,Santa Clara Vanguard,VA,World Class,11,0.1058,0.3806,0.0612,0.0908,-0.0722,0.2837,0.266,0.7273,1.1651,"2015,2016,2017"
judge_corps_caption,c-phillips-1,Chester Phillips,001j000000iwx9uaad,Impulse,MB,Open Class,6,-0.1429,-0.2098,-0.0612,0.6216,-1.3613,1.0755,1.2239,0.5,-0.2298,"2016,2018,2022,2025"
judge_corps_caption,m-griffin-1,Marty Griffin,001j000000iwxaaaa1,Raiders,MP,Open Class,12,-0.1018,-0.1686,-0.0611,0.4198,-0.9245,0.721,1.0567,0.5,-0.2424,"2013,2014,2015,2016,2018,2019,2025"
judge_corps_caption,m-lentz-1,Michael Lentz,001j000000i6lenaa3,Madison Scouts,CG,World Class,5,0.1589,0.4486,0.0611,0.1598,-0.1544,0.4722,0.3117,0.6,0.9944,"2013,2016,2017"
judge_corps_caption,s-adamo-1,Sal Adamo,001j000000iwxacaa1,Spartans,VA,Open Class,6,-0.1425,-1.2438,-0.0611,0.8058,-1.7218,1.4369,1.6464,0.5,-0.1768,"2016,2018,2022"
judge_corps_caption,c-romanowski-1,Chris Romanowski,001j000000iwxaeaa1,The Academy,MA,World Class,11,0.1055,0.2409,0.0611,0.144,-0.1768,0.3878,0.303,0.3636,0.7323,"2018,2019,2023,2024,2025"
judge_corps_caption,s-adamo-1,Sal Adamo,001j000000iwwsraal,Bluecoats,VP,World Class,12,-0.1017,0.1654,-0.061,0.1792,-0.453,0.2496,0.3822,0.5,-0.5673,"2013,2014,2015,2016,2017,2019,2023"
judge_corps_caption,j-kennedy-1,Jay Kennedy,001j000000iwxafaa1,The Cavaliers,MA,World Class,21,0.0841,0.4246,0.0609,0.1484,-0.2068,0.375,0.462,0.7619,0.5667,"2013,2014,2015,2016,2017,2018,2019,2023,2025"
judge_corps_caption,t-hall-1,Troy Hall,001j000000iwx97aad,Colt Cadets,MP,Open Class,7,-0.1305,0.053,-0.0609,0.3453,-0.8072,0.5462,0.6406,0.5714,-0.3781,"2016,2018,2019,2022,2023"
judge_corps_caption,d-davis-1,Darrin Davis,001j000000iwx93aad,Seattle Cascades,MA,World Class,10,-0.1094,-0.0997,-0.0608,0.2911,-0.68,0.4611,0.5316,0.6,-0.3759,"2013,2014,2015,2017,2018,2019,2025"
judge_corps_caption,m-mast-1,Monte Mast,001j000000iwwsqaal,Blue Stars,MA,World Class,5,0.1582,0.2079,0.0608,0.2433,-0.3186,0.635,0.3811,0.6,0.6502,"2014,2015,2016,2017"
judge_corps_caption,j-harper-1,Jeff Harper,001j000000iwx9waad,Jersey Surf,MB,World Class,6,0.1419,0.0299,0.0608,0.2503,-0.3487,0.6325,0.4937,0.8333,0.5668,"2016,2019,2022"
judge_corps_caption,g-llacer-1,Greg Llacer,001j000000iwx91aad,Carolina Crown,GE1,World Class,6,0.1418,0.5178,0.0608,0.1211,-0.0954,0.3791,0.255,0.6667,1.1716,"2022,2023,2024"
judge_corps_caption,j-gilley-1,Jackie Gilley,001j000000iwwslaal,7th Regiment,VA,Open Class,5,0.1577,0.7678,0.0607,0.1609,-0.1577,0.4732,0.3382,0.6,0.9801,"2014,2016"
judge_corps_caption,p-mcgarr-1,Paul McGarr,001j000000iwwsoaal,Blue Knights,MB,World Class,24,0.0809,0.0771,0.0606,0.2325,-0.3748,0.5365,0.6368,0.7083,0.3478,"2013,2014,2015,2016,2017,2018,2019,2023,2025"
judge_corps_caption,d-deems-1,Don Deems,001j000000iwxakaa1,Vanguard Cadets,CG,Open Class,9,0.1144,1.1142,0.0606,0.1044,-0.0903,0.3191,0.244,0.4444,1.0952,"2014,2017,2018,2022"
judge_corps_caption,p-madden-1,Phil Madden,001j000000iwwsraal,Bluecoats,VA,World Class,5,0.1577,0.3688,0.0606,0.1163,-0.0702,0.3855,0.209,0.6,1.356,"2015,2016,2018"
judge_corps_caption,s-bertelle-1,Sandra Bertelle,001j000000iwx97aad,Colt Cadets,GE1,Open Class,7,0.1294,1.2591,0.0604,0.1162,-0.0985,0.3572,0.2638,0.7143,1.1128,"2014,2015,2016,2017"
judge_corps_caption,c-rothe-1,Caleb Rothe,001j000000iwx9oaad,Genesis,GE2,Open Class,9,0.114,0.2061,0.0604,0.1343,-0.1492,0.3773,0.3166,0.5556,0.849,"2016,2018,2019,2022,2023,2024,2025"
judge_corps_caption,t-wemhoff-1,Ted Wemhoff,001j000000iwx9aaat,Crossmen,GE1,World Class,19,-0.0857,0.13,-0.0603,0.0784,-0.2394,0.068,0.2999,0.3158,-1.0924,"2015,2016,2017,2018,2019,2022,2023,2024,2025"
judge_corps_caption,w-chumley-1,William Chumley,001j000000i6kfgaan,The Cadets,GE1,World Class,5,0.1568,0.3236,0.0603,0.0744,0.0109,0.3027,0.1803,0.8,2.1069,"2019,2022,2023"
judge_corps_caption,k-baker-1,Keith Baker,001j000000iwxa5aal,Music City,VP,Open Class,10,0.1082,0.5125,0.0601,0.2808,-0.4422,0.6586,0.6958,0.7,0.3853,"2013,2014,2015,2017,2018,2022"
judge_corps_caption,h-nguyen-1,Hieu Nguyen,001j000000i6kfgaan,The Cadets,VP,World Class,8,-0.1202,0.013,-0.0601,0.1336,-0.382,0.1416,0.2615,0.25,-0.9001,"2014,2016,2017,2019,2022,2023"
judge_corps_caption,t-ochran-1,Timothy Ochran,001j000000i6kalaa3,Blue Devils C,VA,Open Class,12,-0.1002,-0.184,-0.0601,0.3102,-0.7082,0.5077,0.8449,0.5,-0.3232,"2015,2016,2018,2019,2023,2024"
judge_corps_caption,g-boulden-1,George Boulden,001j000000iwxa3aal,Mandarins,MB,World Class,5,0.156,0.5056,0.06,0.1246,-0.0882,0.4001,0.1907,0.6,1.252,"2013,2014,2015"
judge_corps_caption,c-moss-1,Chris Moss,001j000000i6i9saav,Blue Devils,VP,World Class,12,0.1001,0.3153,0.06,0.0942,-0.0846,0.2848,0.2456,0.6667,1.0617,"2013,2014,2018,2022,2024,2025"
judge_corps_caption,h-nguyen-1,Hieu Nguyen,001j000000h3xwcaav,Santa Clara Vanguard,VP,World Class,6,-0.14,0.0302,-0.06,0.5652,-1.2477,0.9677,0.8388,0.8333,-0.2477,"2015,2017,2024,2025"
judge_corps_caption,w-chumley-1,William Chumley,001j000000iwx9aaat,Crossmen,VA,World Class,7,-0.1285,-0.0978,-0.06,0.3604,-0.8349,0.5779,0.5345,0.7143,-0.3564,"2017,2018,2019,2023"
judge_corps_caption,g-oliviero-1,George Oliviero,001j000000iwxa5aal,Music City,VA,World Class,5,0.156,0.1277,0.06,0.2289,-0.2927,0.6047,0.3988,0.4,0.6814,"2018,2019,2022,2023"
judge_corps_caption,c-moss-1,Chris Moss,001j000000iwxafaa1,The Cavaliers,VA,World Class,8,-0.1195,-0.0065,-0.0598,0.1293,-0.3729,0.1339,0.3311,0.375,-0.9243,"2013,2017,2018,2022,2023"
judge_corps_caption,b-kuhn-1,Blair Kuhn,001j000000iwx9aaat,Crossmen,VA,World Class,13,0.0965,-0.1541,0.0598,0.4245,-0.7355,0.9286,1.1177,0.7692,0.2274,"2017,2018,2019,2022,2025"
judge_corps_caption,k-miller-1,Kyle Miller,001j000000iwwsraal,Bluecoats,VP,World Class,13,0.0964,0.0793,0.0597,0.3209,-0.5326,0.7254,0.8143,0.8462,0.3003,"2013,2014,2015,2016,2017,2019,2023"
judge_corps_caption,p-madden-1,Phil Madden,001j000000i6kfgaan,The Cadets,VA,World Class,5,0.1552,0.3536,0.0597,0.1455,-0.1301,0.4404,0.2498,0.8,1.0661,"2015,2016"
judge_corps_caption,j-mills-1,Jeff Mills,001j000000i6kfgaan,The Cadets,MB,World Class,5,0.1553,0.8151,0.0597,0.086,-0.0133,0.3239,0.222,0.8,1.8051,"2017,2018,2019,2022"
judge_corps_caption,j-gilley-1,Jackie Gilley,001j000000iwx9paad,Gold,VP,Open Class,8,0.1194,0.7626,0.0597,0.0485,0.0244,0.2144,0.1612,0.875,2.4642,"2017,2018,2019,2024"
judge_corps_caption,g-llacer-1,Greg Llacer,001j000000iwwsraal,Bluecoats,GE1,World Class,6,0.1393,0.5187,0.0597,0.1133,-0.0827,0.3613,0.2322,0.6667,1.2295,"2022,2023,2024"
judge_corps_caption,m-kelly-1,Mickey Kelly,001j000000i6i9saav,Blue Devils,GE1,World Class,20,0.0834,-0.0012,0.0596,0.3322,-0.5677,0.7345,0.8293,0.9,0.2511,"2013,2014,2015,2016,2017,2019"
judge_corps_caption,k-giese-1,Ken Giese,001j000000h3xwcaav,Santa Clara Vanguard,VA,World Class,18,-0.0861,0.1607,-0.0596,0.2272,-0.5314,0.3592,0.5408,0.5556,-0.3789,"2013,2014,2015,2016,2017,2018,2019"
judge_corps_caption,l-carlson-1,Lee Carlson,001j000000i6kfgaan,The Cadets,GE1,World Class,8,-0.1192,0.2432,-0.0596,0.0715,-0.2594,0.021,0.1448,0.375,-1.6667,"2013,2015,2016"
judge_corps_caption,d-torchia-1,Debbie Torchia,001j000000i6kfgaan,The Cadets,GE1,World Class,6,-0.139,-0.0948,-0.0596,0.3854,-0.8943,0.6163,0.6383,0.5,-0.3607,"2014,2017,2018,2022,2023"
judge_corps_caption,j-ausdemore-1,Jeff Ausdemore,001j000000iwxacaa1,Spartans,MP,Open Class,5,-0.1546,-0.2782,-0.0595,0.3353,-0.8117,0.5025,0.5157,0.6,-0.4611,"2016,2018,2019"
judge_corps_caption,d-deems-1,Don Deems,001j000000iwx9saad,Guardians,CG,Open Class,6,0.1389,1.0549,0.0595,0.2732,-0.3966,0.6745,0.5099,0.3333,0.5085,"2017,2018,2022,2023"
judge_corps_caption,a-combites-1,Andy Combites,001j000000iwx97aad,Colt Cadets,VP,Open Class,7,-0.1272,-0.0942,-0.0593,0.663,-1.4267,1.1723,1.2649,0.5714,-0.1918,"2016,2017,2022"
judge_corps_caption,b-brahan-1,Beverly Brahan,001j000000iwx91aad,Carolina Crown,CG,World Class,7,-0.1271,0.2544,-0.0593,0.1043,-0.3315,0.0774,0.2573,0.2857,-1.2183,"2023,2025"
judge_corps_caption,c-moss-1,Chris Moss,001j000000iwx93aad,Seattle Cascades,VP,World Class,9,0.1119,0.3143,0.0592,0.2146,-0.3088,0.5326,0.4659,0.6667,0.5214,"2013,2015,2017,2018,2024,2025"
judge_corps_caption,j-harper-1,Jeff Harper,001j000000iwxa7aal,Pacific Crest,MA,World Class,6,0.1382,0.0148,0.0592,0.0952,-0.0483,0.3247,0.2072,0.8333,1.4524,"2017,2023,2024,2025"
judge_corps_caption,j-harper-1,Jeff Harper,001j000000iwwsraal,Bluecoats,GE2,World Class,8,0.1182,-0.044,0.0591,0.1455,-0.167,0.4034,0.3279,0.625,0.8122,"2013,2014,2015,2016,2023"
judge_corps_caption,d-argul-1,Dennis Argul,001j000000iwx9paad,Gold,MB,Open Class,9,-0.1116,0.5338,-0.0591,0.2766,-0.6538,0.4306,0.6686,0.3333,-0.4034,"2015,2017,2019,2025"
judge_corps_caption,d-padilla-1,Damon Padilla,001j000000iwwsraal,Bluecoats,CG,World Class,5,-0.1537,-0.2076,-0.0591,0.3797,-0.8979,0.5906,0.6407,0.6,-0.4047,"2019,2023"
judge_corps_caption,w-dillon-1,Wayne Dillon,001j000000iwwssaal,Boston Crusaders,MA,World Class,12,0.098,0.0675,0.0588,0.2346,-0.3618,0.5578,0.6324,0.75,0.4177,"2013,2015,2017,2018,2022,2025"
judge_corps_caption,k-miller-1,Kyle Miller,001j000000iwx98aad,Colts,GE1,World Class,17,0.0863,0.1654,0.0587,0.0777,-0.066,0.2386,0.2507,0.5882,1.1105,"2013,2014,2015,2016,2017,2018,2019,2022,2023,2024,2025"
judge_corps_caption,j-howell-1,John Howell,001j000000iwwsraal,Bluecoats,VP,World Class,5,0.1527,0.2516,0.0587,0.1743,-0.1889,0.4943,0.3508,0.6,0.8762,"2014,2016,2019,2022"
judge_corps_caption,m-hoskins-1,Mark Hoskins,001j000000iwx9paad,Gold,MB,Open Class,10,0.1056,0.3931,0.0587,0.447,-0.7704,0.9816,0.9397,0.6,0.2363,"2015,2017,2019,2022,2024"
judge_corps_caption,m-rubino-1,Mike Rubino,001j000000iwx9paad,Gold,MB,Open Class,6,-0.1369,-0.0435,-0.0587,0.5394,-1.1942,0.9204,1.1249,0.5,-0.2538,"2016,2019,2022,2023"
judge_corps_caption,r-isoda-1,Randolph Isoda,001j000000iwxakaa1,Vanguard Cadets,GE2,Open Class,8,-0.1173,0.6171,-0.0587,0.3532,-0.8096,0.5749,0.5904,0.625,-0.3322,"2016,2017"
judge_corps_caption,b-spidel-1,Brandon Spidel,001j000000h3xrnaav,Phantom Regiment,GE1,World Class,5,0.1527,-1.0017,0.0587,0.5529,-0.931,1.2363,1.0288,0.6,0.2761,"2018,2024,2025"
judge_corps_caption,j-howell-1,John Howell,001j000000i6kfgaan,The Cadets,GE1,World Class,16,-0.0879,-0.1175,-0.0586,0.3081,-0.6918,0.516,0.7162,0.8125,-0.2852,"2013,2015,2016,2017,2018,2019,2023"
judge_corps_caption,n-jones-1,Nola Jones,001j000000iwwsraal,Bluecoats,MA,World Class,9,0.1106,-0.4077,0.0586,0.6464,-1.1564,1.3776,1.2214,0.8889,0.1711,"2013,2014,2015,2016,2017,2018,2022,2024"
judge_corps_caption,c-romanowski-1,Chris Romanowski,001j000000iwx91aad,Carolina Crown,MP,World Class,7,0.1256,0.1947,0.0586,0.1694,-0.2064,0.4577,0.3582,0.7143,0.7416,"2013,2015,2017,2019,2022"
judge_corps_caption,j-wilson-1,Jeff Wilson,001j000000iwx9qaad,Golden Empire,MA,Open Class,6,-0.1367,0.3265,-0.0586,0.1632,-0.4565,0.1831,0.3306,0.5,-0.8377,"2017,2018,2019,2025"
judge_corps_caption,j-brooks-1,Jeff Brooks,001j000000iwxa5aal,Music City,MP,World Class,14,-0.0921,0.3108,-0.0586,0.2814,-0.6436,0.4595,0.7366,0.5714,-0.3272,"2019,2022,2023,2024,2025"
judge_corps_caption,n-jones-1,Nola Jones,001j000000iwx93aad,Seattle Cascades,GE2,World Class,19,-0.0831,-0.1546,-0.0585,0.2221,-0.5185,0.3522,0.6565,0.5789,-0.3741,"2013,2014,2015,2016,2017,2018,2019,2023,2024,2025"
judge_corps_caption,j-kennedy-1,Jay Kennedy,001j000000iwx98aad,Colts,MA,World Class,20,-0.0819,0.2705,-0.0585,0.2283,-0.5293,0.3656,0.5398,0.65,-0.3586,"2013,2014,2015,2017,2018,2019,2022,2023,2025"
judge_corps_caption,l-carlson-1,Lee Carlson,001j000000iwwssaal,Boston Crusaders,GE1,World Class,9,0.1103,0.4922,0.0584,0.1301,-0.1447,0.3653,0.3342,0.5556,0.8477,"2013,2015,2016"
judge_corps_caption,k-miller-1,Kyle Miller,001j000000i6i9saav,Blue Devils,VP,World Class,11,0.1009,0.0955,0.0584,0.3548,-0.5946,0.7964,0.7193,0.9091,0.2844,"2013,2014,2015,2017,2018,2019,2023"
judge_corps_caption,t-hall-1,Troy Hall,001j000000iwxa2aal,Louisiana Stars,MP,Open Class,5,0.1519,0.3829,0.0584,0.1923,-0.225,0.5288,0.3273,0.4,0.7898,"2017,2019,2022"
judge_corps_caption,m-thompson-1,Michael Thompson,001j000000iwx98aad,Colts,VP,World Class,6,-0.136,0.232,-0.0583,0.1533,-0.4364,0.1645,0.3145,0.3333,-0.887,"2013,2014,2019"
judge_corps_caption,m-turner-1,Michael Turner,001j000000iwx9waad,Jersey Surf,VP,World Class,12,0.0972,0.242,0.0583,0.1054,-0.1094,0.3038,0.3115,0.5,0.9223,"2013,2015,2016,2017,2018,2023,2024"
judge_corps_caption,m-gray-1,Michael Gray,001j000000iwx9waad,Jersey Surf,GE1,World Class,11,-0.1007,0.0008,-0.0583,0.2933,-0.6756,0.4741,0.6325,0.5455,-0.3435,"2016,2017,2018,2019"
judge_corps_caption,d-carbone-1,Dave Carbone,001j000000iwx9oaad,Genesis,MA,Open Class,16,0.0873,0.1846,0.0582,0.1755,-0.2568,0.4313,0.3906,0.5,0.4972,"2013,2014,2016,2017,2019,2022,2024,2025"
judge_corps_caption,c-rothe-1,Caleb Rothe,001j000000i6jmbaaf,Blue Devils B,MP,Open Class,8,0.1161,-0.2376,0.0581,0.4718,-0.8087,1.0409,1.0711,0.5,0.2461,"2013,2022,2023,2024,2025"
judge_corps_caption,c-armbruster-1,Chad Armbruster,001j000000iwx97aad,Colt Cadets,MB,Open Class,11,-0.1003,-0.2247,-0.0581,0.3689,-0.8233,0.6227,0.9853,0.5455,-0.2719,"2017,2018,2019,2022,2023,2024,2025"
judge_corps_caption,j-sturgeon-1,Jim Sturgeon,001j000000h3xwcaav,Santa Clara Vanguard,VP,World Class,10,0.1043,0.3188,0.0579,0.1474,-0.1847,0.3932,0.3442,0.6,0.7074,"2014,2018,2019,2022,2024"
judge_corps_caption,c-phillips-1,Chester Phillips,001j000000iwx9aaat,Crossmen,GE2,World Class,7,0.124,0.3459,0.0579,0.0753,-0.0237,0.2717,0.179,0.7143,1.6461,"2015,2019,2022,2024,2025"
judge_corps_caption,j-orefice-1,Juno Orefice,001j000000iwx99aad,Columbians,VP,Open Class,5,0.1505,0.7109,0.0579,0.227,-0.2943,0.5954,0.3863,0.6,0.6633,"2023,2024,2025"
judge_corps_caption,t-hall-1,Troy Hall,001j000000iwx98aad,Colts,MP,World Class,10,0.104,0.6256,0.0578,0.1909,-0.2702,0.4781,0.442,0.6,0.5447,"2015,2016,2018,2019,2022,2023"
judge_corps_caption,c-hestin-1,Chris Hestin,001j000000iwwsoaal,Blue Knights,GE2,World Class,6,0.1347,0.2923,0.0577,0.159,-0.1769,0.4463,0.3428,0.6667,0.8472,"2018,2022"
judge_corps_caption,w-chumley-1,William Chumley,001j000000iwxadaa1,Spirit of Atlanta,GE1,World Class,5,-0.1498,0.0189,-0.0576,0.0473,-0.2426,-0.057,0.1624,0.2,-3.1636,"2017,2019,2023,2025"
judge_corps_caption,t-slaughter-1,Tom Slaughter,001j000000h3xwcaav,Santa Clara Vanguard,VA,World Class,5,0.1497,0.5218,0.0576,0.2275,-0.2962,0.5955,0.4032,0.4,0.658,"2022,2025"
judge_corps_caption,m-stone-1,Michael Stone,001j000000iwxa3aal,Mandarins,GE1,World Class,21,-0.0793,-0.228,-0.0574,0.378,-0.8203,0.6616,1.0752,0.7619,-0.2098,"2013,2014,2015,2016,2017,2018,2019,2022"
judge_corps_caption,f-morris-1,Frank Morris,001j000000iwwsqaal,Blue Stars,GE1,World Class,6,0.1338,0.4512,0.0573,0.2796,-0.4143,0.6818,0.5074,0.5,0.4785,"2013,2014,2015,2016"
judge_corps_caption,s-page-1,Steven Page,001j000000iwxa0aal,Legends,MB,Open Class,15,0.0879,0.4396,0.0573,0.1363,-0.1792,0.355,0.4338,0.6,0.6451,"2013,2014,2015,2016,2017,2018,2019"
judge_corps_caption,j-kennedy-1,Jay Kennedy,001j000000i6kfgaan,The Cadets,MA,World Class,25,-0.0757,0.2632,-0.0573,0.1113,-0.2939,0.1425,0.331,0.44,-0.6799,"2013,2014,2015,2016,2017,2018,2019,2022,2023"
judge_corps_caption,d-aydelott-1,David Aydelott,001j000000i6lenaa3,Madison Scouts,MA,World Class,5,-0.1488,-0.3007,-0.0572,0.7135,-1.5473,1.2497,1.2128,0.6,-0.2085,"2016,2018,2019"
judge_corps_caption,j-rhodes-1,Jodie Rhodes,001j000000iwwsqaal,Blue Stars,GE2,World Class,13,-0.0923,0.2935,-0.0572,0.2402,-0.5631,0.3784,0.5636,0.6154,-0.3845,"2022,2023,2024,2025"
judge_corps_caption,j-kennedy-1,Jay Kennedy,001j000000iwxa5aal,Music City,MA,Open Class,16,-0.0857,0.1877,-0.0571,0.3028,-0.6791,0.5077,0.835,0.375,-0.2831,"2013,2014,2016,2017,2018,2019,2023,2024,2025"
judge_corps_caption,p-haines-1,Phillip Haines,001j000000iwx99aad,Columbians,MB,Open Class,7,0.1223,0.2952,0.0571,0.2584,-0.3843,0.6288,0.5042,0.7143,0.4731,"2017,2018,2019,2022,2025"
judge_corps_caption,c-hestin-1,Chris Hestin,001j000000h3xrnaav,Phantom Regiment,GE2,World Class,5,-0.1484,0.0046,-0.0571,0.6263,-1.3759,1.079,0.8955,0.6,-0.237,"2017,2018,2022"
judge_corps_caption,k-baker-1,Keith Baker,001j000000iwx9aaat,Crossmen,VP,World Class,5,0.1482,0.3602,0.057,0.1773,-0.1993,0.4958,0.3101,0.6,0.836,"2013,2014,2017,2018,2022"
judge_corps_caption,w-dillon-1,Wayne Dillon,001j000000iwx93aad,Seattle Cascades,MA,World Class,5,0.1479,0.0991,0.0569,0.4087,-0.6531,0.9489,0.6742,0.6,0.3619,"2013,2017,2025"
judge_corps_caption,k-kuhn-1,Kim Kuhn,001j000000qzs1qaaf,River City Rhythm,VP,Open Class,5,0.148,0.386,0.0569,0.1699,-0.1851,0.481,0.3073,0.8,0.8708,"2017,2018,2019"
judge_corps_caption,w-rickart-1,Warren Rickart,001j000000iwwsoaal,Blue Knights,CG,World Class,9,-0.1076,0.3101,-0.0569,0.2619,-0.621,0.4058,0.4166,0.7778,-0.4106,"2019,2022,2023,2024,2025"
judge_corps_caption,h-nguyen-1,Hieu Nguyen,001j000000iwxa5aal,Music City,VP,World Class,6,-0.1326,0.0609,-0.0568,0.1993,-0.5231,0.258,0.3782,0.5,-0.6652,"2019,2023,2025"
judge_corps_caption,j-harper-1,Jeff Harper,001j000000i6kfgaan,The Cadets,MB,World Class,14,0.0891,-0.0271,0.0567,0.3667,-0.6297,0.8079,0.7457,0.8571,0.243,"2014,2015,2016,2017,2019,2022"
judge_corps_caption,j-bell-1,John Bell,001j000000h3xrnaav,Phantom Regiment,MA,World Class,5,0.1473,0.5731,0.0567,0.1348,-0.1169,0.4115,0.2838,0.8,1.093,"2014,2015,2018,2022"
judge_corps_caption,p-madden-1,Phil Madden,001j000000iwxafaa1,The Cavaliers,VA,World Class,7,0.1213,0.3091,0.0566,0.1204,-0.1147,0.3572,0.2266,0.4286,1.0074,"2015,2016,2023,2024"
judge_corps_caption,w-rickart-1,Warren Rickart,001j000000iwwsqaal,Blue Stars,GE1,World Class,5,-0.1469,0.156,-0.0565,0.1556,-0.452,0.1581,0.2501,0.4,-0.9441,"2022,2023"
judge_corps_caption,m-davis-1,Mike Davis,001j000000iwxaeaa1,The Academy,MP,World Class,8,0.1129,0.3084,0.0564,0.0952,-0.0737,0.2995,0.2274,0.625,1.1858,"2013,2015,2016,2017,2018,2019,2023"
judge_corps_caption,m-turner-1,Michael Turner,001j000000i6lenaa3,Madison Scouts,CG,World Class,15,0.0865,0.2076,0.0564,0.2465,-0.3967,0.5697,0.7541,0.8,0.3509,"2013,2014,2015,2016,2017,2018,2023,2024,2025"
judge_corps_caption,c-costanza-1,Curtis Costanza,001j000000iwxa5aal,Music City,GE1,Open Class,9,0.1066,0.6916,0.0564,0.2704,-0.4235,0.6366,0.6875,0.6667,0.3941,"2013,2014,2015,2016"
judge_corps_caption,t-hall-1,Troy Hall,001j000000iwxaeaa1,The Academy,MP,World Class,5,0.1467,0.652,0.0564,0.1667,-0.1801,0.4735,0.3342,0.6,0.8799,"2015,2016,2018,2023"
judge_corps_caption,j-gilley-1,Jackie Gilley,001j000000i6jmbaaf,Blue Devils B,VP,Open Class,5,0.1465,0.7776,0.0564,0.1686,-0.1839,0.4769,0.2976,0.6,0.8691,"2017,2018,2019,2022"
judge_corps_caption,b-brahan-1,Beverly Brahan,001j000000iwx93aad,Seattle Cascades,CG,World Class,5,-0.1467,0.2524,-0.0564,0.6412,-1.4035,1.11,0.9347,0.8,-0.2288,"2023,2024,2025"
judge_corps_caption,a-lo-1,Albert Lo,001j000000iwxaeaa1,The Academy,MA,World Class,7,-0.1207,0.2003,-0.0563,0.4859,-1.0732,0.8317,0.7444,0.5714,-0.2484,"2013,2014,2015,2018"
judge_corps_caption,k-miller-1,Kyle Miller,001j000000h3xrnaav,Phantom Regiment,VP,World Class,12,0.0939,0.0652,0.0563,0.3231,-0.5394,0.7272,0.6769,0.75,0.2905,"2013,2014,2015,2017,2019,2023,2024"
judge_corps_caption,c-romanowski-1,Chris Romanowski,001j000000iwx9saad,Guardians,MA,Open Class,8,-0.1126,0.0609,-0.0563,0.381,-0.8593,0.634,0.8719,0.5,-0.2957,"2018,2019,2023,2024"
judge_corps_caption,g-llacer-1,Greg Llacer,001j000000iwxa5aal,Music City,GE1,World Class,5,-0.1463,0.2817,-0.0563,0.1499,-0.4401,0.1476,0.2806,0.4,-0.9756,"2022,2023,2024"
judge_corps_caption,m-kelly-1,Mickey Kelly,001j000000iwxafaa1,The Cavaliers,CG,World Class,6,0.1312,-0.2412,0.0562,0.8002,-1.4371,1.6995,1.4157,0.8333,0.164,"2014,2015,2016,2017,2018"
judge_corps_caption,d-carbone-1,Dave Carbone,001j000000iwxa7aal,Pacific Crest,MA,World Class,19,-0.0797,0.0931,-0.0561,0.2772,-0.6231,0.4636,0.6292,0.6842,-0.2876,"2013,2014,2016,2017,2022,2023,2024,2025"
judge_corps_caption,m-griffin-1,Marty Griffin,001j000000iwwssaal,Boston Crusaders,MA,World Class,9,0.1059,0.1835,0.0561,0.4597,-0.7951,1.0068,1.061,0.7778,0.2304,"2013,2022,2024,2025"
judge_corps_caption,j-denton-1,Joel Denton,001j000000iwxajaa1,Troopers,MB,World Class,5,0.1459,0.5021,0.0561,0.0675,0.0136,0.2782,0.1772,0.8,2.1609,"2014,2016,2018,2023"
judge_corps_caption,d-padilla-1,Damon Padilla,001j000000iwxadaa1,Spirit of Atlanta,GE1,World Class,8,0.1121,0.217,0.0561,0.177,-0.2348,0.459,0.4011,0.625,0.6335,"2019,2023,2024,2025"
judge_corps_caption,t-ochran-1,Timothy Ochran,001j000000iwwsoaal,Blue Knights,VA,World Class,23,-0.0755,-0.2622,-0.056,0.3704,-0.8015,0.6506,1.3166,0.7391,-0.2037,"2013,2014,2015,2016,2017,2018,2019,2024,2025"
judge_corps_caption,w-chumley-1,William Chumley,001j000000iwwsqaal,Blue Stars,GE1,World Class,8,0.1121,0.292,0.056,0.1041,-0.0919,0.3161,0.2683,0.5,1.0768,"2017,2019,2022,2023,2024,2025"
judge_corps_caption,d-padilla-1,Damon Padilla,001j000000iwx9oaad,Genesis,GE1,World Class,6,0.1306,0.2808,0.056,0.2066,-0.2743,0.5355,0.3737,0.5,0.632,"2019,2022,2024,2025"
judge_corps_caption,m-howard-1,Mike Howard,001j000000iwwssaal,Boston Crusaders,GE2,World Class,6,0.1307,0.3323,0.056,0.2095,-0.28,0.5414,0.4226,0.6667,0.6236,"2023,2024,2025"
judge_corps_caption,s-adamo-1,Sal Adamo,001j000000i6lenaa3,Madison Scouts,VA,World Class,6,-0.1303,0.0077,-0.0559,0.183,-0.489,0.2284,0.3754,0.5,-0.7122,"2015,2016,2023,2024"
judge_corps_caption,j-howell-1,John Howell,001j000000qzs1qaaf,River City Rhythm,GE1,Open Class,5,-0.1453,-0.1583,-0.0559,0.2371,-0.6101,0.3194,0.422,0.4,-0.6129,"2015,2018,2024,2025"
judge_corps_caption,r-kemp-1,Richard Kemp,001j000000iwx91aad,Carolina Crown,GE1,World Class,18,-0.0807,-0.2419,-0.0558,0.3802,-0.8259,0.6646,1.0233,0.7778,-0.2121,"2013,2014,2015,2016,2017,2018"
judge_corps_caption,t-fox-1,Todd Fox,001j000000iwwsqaal,Blue Stars,MP,World Class,10,-0.1003,0.2619,-0.0557,0.1573,-0.4085,0.2079,0.3424,0.5,-0.638,"2013,2014,2016,2017,2022,2023"
judge_corps_caption,k-turner-1,Ken Turner,001j000000iwx91aad,Carolina Crown,MA,World Class,8,0.1108,-0.0851,0.0554,0.4171,-0.7067,0.9283,0.8664,0.75,0.2657,"2013,2016,2017,2019,2022,2024,2025"
judge_corps_caption,j-kennedy-1,Jay Kennedy,001j000000i6i9saav,Blue Devils,MP,World Class,5,-0.1437,0.5609,-0.0553,0.6249,-1.3685,1.0811,0.9144,0.4,-0.2299,"2013,2016,2019"
judge_corps_caption,w-chumley-1,William Chumley,001j000000iwx97aad,Colt Cadets,VA,Open Class,5,0.1439,0.336,0.0553,0.6306,-1.0921,1.3799,1.0793,0.8,0.2282,"2013,2018,2025"
judge_corps_caption,d-davis-1,Darrin Davis,001j000000iwxaeaa1,The Academy,GE2,World Class,17,0.0814,-0.0418,0.0553,0.294,-0.4949,0.6576,0.6317,0.8235,0.2768,"2013,2014,2015,2016,2017,2019,2023,2024"
judge_corps_caption,k-miller-1,Kyle Miller,001j000000iwxa5aal,Music City,VP,Open Class,6,0.1287,-0.6192,0.0552,0.3246,-0.5075,0.765,0.6623,0.5,0.3966,"2015,2017,2022,2023,2024"
judge_corps_caption,b-kuhn-1,Blair Kuhn,001j000000iwxa1aal,Les Stentors,VA,Open Class,5,-0.143,0.0842,-0.055,0.2272,-0.5884,0.3023,0.3636,0.4,-0.6295,"2022,2023,2024,2025"
judge_corps_caption,m-teal-1,Mark Teal,001j000000iwwssaal,Boston Crusaders,MP,World Class,7,0.1174,0.4493,0.0548,0.1807,-0.2368,0.4717,0.3759,0.8571,0.6499,"2016,2017,2018,2019,2024"
judge_corps_caption,m-davis-1,Mike Davis,001j000000iwxa7aal,Pacific Crest,MP,World Class,5,0.1423,0.3694,0.0547,0.3158,-0.4766,0.7612,0.5521,0.6,0.4506,"2016,2019,2022,2024,2025"
judge_corps_caption,m-stone-1,Michael Stone,001j000000i6i9saav,Blue Devils,GE1,World Class,24,0.0728,-0.1011,0.0546,0.2886,-0.4928,0.6384,0.8892,0.7917,0.2524,"2013,2014,2015,2016,2017,2018,2019"
judge_corps_caption,j-harper-1,Jeff Harper,001j000000iwwsqaal,Blue Stars,MB,World Class,11,-0.0943,-0.1923,-0.0546,0.3272,-0.7356,0.547,0.5634,0.6364,-0.2881,"2013,2014,2016,2017,2019,2022,2023"
judge_corps_caption,a-lo-1,Albert Lo,001j000000iwxaeaa1,The Academy,MB,World Class,12,0.091,0.2135,0.0546,0.3983,-0.6897,0.8717,0.7842,0.9167,0.2285,"2013,2014,2015,2018,2019"
judge_corps_caption,c-raichle-1,Chris Raichle,001j000000iwxacaa1,Spartans,VA,Open Class,7,-0.1171,-0.9985,-0.0546,0.6865,-1.4626,1.2284,1.5222,0.4286,-0.1706,"2015,2016,2017,2018,2019,2023"
judge_corps_caption,j-gilley-1,Jackie Gilley,001j000000iwxakaa1,Vanguard Cadets,GE1,Open Class,5,0.142,0.9355,0.0546,0.2722,-0.3915,0.6756,0.4624,0.8,0.5217,"2015,2017,2019"
judge_corps_caption,m-mccourt-1,Meghan McCourt,001j000000iwx91aad,Carolina Crown,GE1,World Class,8,0.1093,0.3565,0.0546,0.1539,-0.1925,0.411,0.3289,0.625,0.7097,"2019,2022,2023,2025"
judge_corps_caption,j-davila-1,Julie Davila,001j000000iwxa3aal,Mandarins,MP,World Class,11,0.0941,-0.0144,0.0545,0.4234,-0.7356,0.9239,1.0373,0.7273,0.2224,"2016,2017,2018,2019,2023,2024,2025"
judge_corps_caption,m-mccourt-1,Meghan McCourt,001j000000i6lenaa3,Madison Scouts,GE1,World Class,5,0.1415,0.3667,0.0544,0.1136,-0.0811,0.3641,0.2003,0.6,1.2457,"2022,2023,2025"
judge_corps_caption,m-howard-1,Mike Howard,001j000000iwx99aad,Columbians,GE2,Open Class,5,0.1413,0.5342,0.0544,0.2542,-0.3569,0.6395,0.4905,0.6,0.556,"2023,2024,2025"
judge_corps_caption,d-torchia-1,Debbie Torchia,001j000000iwxa7aal,Pacific Crest,CG,World Class,8,-0.1086,-0.1965,-0.0543,0.526,-1.1396,0.9224,0.9716,0.625,-0.2064,"2013,2015,2016,2017,2018"
judge_corps_caption,b-kuhn-1,Blair Kuhn,001j000000iwxadaa1,Spirit of Atlanta,VA,World Class,6,0.1266,-0.1175,0.0543,0.6891,-1.224,1.4772,1.2044,0.8333,0.1837,"2018,2019,2025"
judge_corps_caption,w-dillon-1,Wayne Dillon,001j000000h3xwcaav,Santa Clara Vanguard,GE2,World Class,19,-0.0767,-0.0484,-0.054,0.2877,-0.6406,0.4871,0.8091,0.7368,-0.2668,"2013,2014,2015,2016,2017,2018,2019,2022,2024"
judge_corps_caption,g-fugett-1,Glenn Fugett,001j000000iwxa8aal,Pioneer,GE2,World Class,13,-0.0873,-0.2349,-0.054,0.3621,-0.7969,0.6223,0.9051,0.6923,-0.2411,"2013,2014,2015,2016,2017,2018"
judge_corps_caption,j-davila-1,Julie Davila,001j000000iwx9uaad,Impulse,MP,Open Class,5,-0.1403,-0.4842,-0.054,0.6229,-1.3612,1.0806,0.9232,0.6,-0.2252,"2016,2018,2019,2024,2025"
judge_corps_caption,e-martinez-1,Ed Martinez,001j000000iwx9uaad,Impulse,GE1,Open Class,6,-0.1257,0.6856,-0.0539,0.0617,-0.2467,-0.0048,0.1643,0.3333,-2.0373,"2018,2019"
judge_corps_caption,g-miller-1,Gerry Miller,001j000000qzs1qaaf,River City Rhythm,GE2,Open Class,5,-0.1401,-0.0095,-0.0539,0.4623,-1.0461,0.766,0.7579,0.6,-0.303,"2019,2022,2025"
judge_corps_caption,b-brahan-1,Beverly Brahan,001j000000iwx9aaat,Crossmen,CG,World Class,7,0.1155,0.471,0.0539,0.2021,-0.2807,0.5116,0.4183,0.8571,0.5712,"2022,2023,2024,2025"
judge_corps_caption,g-howarth-1,Gifford Howarth,001j000000iwx98aad,Colts,MA,World Class,5,-0.1398,-0.4219,-0.0538,0.5576,-1.2326,0.953,0.8117,0.6,-0.2507,"2017,2018,2019,2024"
judge_corps_caption,r-kemp-1,Richard Kemp,001j000000iwxaeaa1,The Academy,CG,World Class,5,0.1393,0.2506,0.0536,0.6156,-1.0672,1.3458,1.0005,0.4,0.2263,"2014,2015,2016,2017"
judge_corps_caption,d-davis-1,Darrin Davis,001j000000iwxa6aal,Oregon Crusaders,GE2,World Class,8,0.1072,-0.015,0.0536,0.2697,-0.4214,0.6358,0.5434,0.625,0.3975,"2014,2015,2016,2017"
judge_corps_caption,k-weirich-1,Kyle Weirich,001j000000iwwslaal,7th Regiment,MA,Open Class,7,0.1149,0.7537,0.0536,0.079,-0.0399,0.2697,0.184,0.7143,1.4545,"2016,2018,2019,2022"
judge_corps_caption,c-moss-1,Chris Moss,001j000000iwxa8aal,Pioneer,VP,World Class,7,-0.1146,0.0506,-0.0535,0.2544,-0.6131,0.3839,0.4951,0.7143,-0.4506,"2013,2014,2017,2018"
judge_corps_caption,l-carlson-1,Lee Carlson,001j000000iwxajaa1,Troopers,GE1,World Class,8,-0.1068,0.2655,-0.0534,0.1736,-0.4471,0.2335,0.3441,0.5,-0.615,"2013,2015,2016"
judge_corps_caption,d-niebauer-1,Dan Niebauer,001j000000iwx97aad,Colt Cadets,VA,Open Class,6,0.1246,0.6283,0.0534,0.1594,-0.1878,0.437,0.3015,0.6667,0.7817,"2015,2017"
judge_corps_caption,b-brahan-1,Beverly Brahan,001j000000iwxa7aal,Pacific Crest,GE1,World Class,5,0.1387,0.5082,0.0533,0.1077,-0.0724,0.3498,0.2236,0.8,1.2876,"2023,2024"
judge_corps_caption,h-nguyen-1,Hieu Nguyen,001j000000iwx98aad,Colts,CG,World Class,16,0.0798,0.225,0.0532,0.2178,-0.347,0.5067,0.6401,0.8125,0.3667,"2015,2017,2018,2019,2022"
judge_corps_caption,r-saucedo-1,Richard Saucedo,001j000000iwx9paad,Gold,GE2,Open Class,6,0.1241,0.2982,0.0532,0.1769,-0.2225,0.4708,0.3172,0.6667,0.7018,"2017,2019"
judge_corps_caption,d-orser-1,David Orser,001j000000iwwslaal,7th Regiment,MB,Open Class,5,0.1382,0.4371,0.0532,0.4355,-0.7154,0.9919,0.7812,0.6,0.3174,"2018,2019"
judge_corps_caption,j-sturgeon-1,Jim Sturgeon,001j000000iwx97aad,Colt Cadets,VA,Open Class,7,-0.1138,0.5077,-0.0531,0.5865,-1.2633,1.0357,0.919,0.8571,-0.194,"2013,2016,2017"
judge_corps_caption,s-calhoun-1,Steve Calhoun,001j000000iwx97aad,Colt Cadets,MA,Open Class,6,0.1237,0.5184,0.053,0.3715,-0.6044,0.8518,0.8002,0.5,0.333,"2015,2016,2017,2018"
judge_corps_caption,c-dillon-1,Christine Dillon,001j000000iwxa2aal,Louisiana Stars,CG,Open Class,5,-0.1378,0.6648,-0.053,0.4437,-1.0074,0.7319,0.8099,0.4,-0.3105,"2016,2018"
judge_corps_caption,m-stone-1,Michael Stone,001j000000iwwsoaal,Blue Knights,CG,World Class,12,0.0881,0.0839,0.0529,0.1564,-0.2185,0.3947,0.4764,0.5,0.5633,"2013,2014,2015,2016,2017,2018"
judge_corps_caption,r-rodriguez-1,Rick Rodriguez,001j000000i6lenaa3,Madison Scouts,MP,World Class,5,-0.1374,-0.1262,-0.0529,0.2779,-0.6821,0.4072,0.4173,0.4,-0.4946,2014
judge_corps_caption,h-nguyen-1,Hieu Nguyen,001j000000iwwsoaal,Blue Knights,VP,World Class,8,-0.1058,0.0492,-0.0529,0.3002,-0.6941,0.4825,0.614,0.75,-0.3524,"2015,2017,2022,2023,2024,2025"
judge_corps_caption,k-young-1,Kyle Young,001j000000iwxaeaa1,The Academy,GE2,World Class,5,0.1376,0.4135,0.0529,0.1378,-0.1324,0.4076,0.2501,0.6,0.9987,"2019,2022,2024"
judge_corps_caption,g-oliviero-1,George Oliviero,001j000000h3xrnaav,Phantom Regiment,GE1,World Class,7,-0.1131,-0.6853,-0.0528,0.71,-1.5047,1.2785,1.1343,0.7143,-0.1593,"2013,2014,2015,2017,2018,2019,2023"
judge_corps_caption,p-mcgarr-1,Paul McGarr,001j000000iwwsraal,Bluecoats,MB,World Class,26,-0.0689,-0.0882,-0.0527,0.2667,-0.5916,0.4539,0.7517,0.8462,-0.2582,"2013,2014,2015,2016,2017,2018,2019,2022,2023,2024,2025"
judge_corps_caption,h-nguyen-1,Hieu Nguyen,001j000000iwxa3aal,Mandarins,VP,World Class,10,-0.0948,0.0897,-0.0527,0.3634,-0.807,0.6174,0.6026,0.7,-0.2608,"2015,2017,2019,2023,2024,2025"
judge_corps_caption,t-wingate-1,Travis Wingate,001j000000iwxajaa1,Troopers,VA,World Class,5,0.1371,0.5574,0.0527,0.0712,-0.0024,0.2766,0.1731,0.8,1.9259,"2023,2024,2025"
judge_corps_caption,g-markham-1,Garland Markham,001j000000i6lenaa3,Madison Scouts,MA,World Class,6,0.1227,0.3708,0.0526,0.1966,-0.2626,0.5079,0.4157,0.6667,0.6241,"2014,2016,2017"
judge_corps_caption,m-thompson-1,Michael Thompson,001j000000iwwsraal,Bluecoats,VP,World Class,7,0.1125,0.4855,0.0525,0.1027,-0.0887,0.3137,0.2297,0.8571,1.0957,"2013,2014,2018,2022"
judge_corps_caption,h-nguyen-1,Hieu Nguyen,001j000000iwwsraal,Bluecoats,VP,World Class,12,0.0876,0.2332,0.0525,0.1146,-0.1371,0.3123,0.3447,0.6667,0.7639,"2014,2016,2017,2019,2022,2023,2025"
judge_corps_caption,j-webb-1,Jay Webb,001j000000i6kfgaan,The Cadets,GE2,World Class,8,0.105,-0.07,0.0525,0.4099,-0.6985,0.9085,0.769,0.75,0.256,"2015,2019,2022,2023"
judge_corps_caption,t-pierce-1,Tim Pierce,001j000000iwwsraal,Bluecoats,VA,World Class,6,0.1225,0.3926,0.0525,0.1116,-0.0961,0.3412,0.2395,0.6667,1.0981,"2022,2023,2024,2025"
judge_corps_caption,g-boulden-1,George Boulden,001j000000iwwsqaal,Blue Stars,MB,World Class,8,-0.1047,0.2093,-0.0524,0.0839,-0.2691,0.0596,0.1763,0.375,-1.249,"2013,2015,2016,2017,2018"
judge_corps_caption,c-nelson-1,Carl Nelson,001j000000iwx9uaad,Impulse,VP,Open Class,16,0.0785,0.2692,0.0523,0.2726,-0.4557,0.6127,0.8567,0.625,0.288,"2013,2014,2016,2017,2019,2022,2023,2024"
judge_corps_caption,j-rhodes-1,Jodie Rhodes,001j000000iwwssaal,Boston Crusaders,GE2,World Class,11,0.0903,0.4843,0.0523,0.0955,-0.0969,0.2775,0.2184,0.4545,0.9456,"2022,2023,2024,2025"
judge_corps_caption,m-griffin-1,Marty Griffin,001j000000i6lenaa3,Madison Scouts,MP,World Class,19,0.0742,0.2957,0.0522,0.1371,-0.1945,0.3428,0.3979,0.5789,0.5412,"2013,2014,2015,2017,2018,2019,2025"
judge_corps_caption,m-turner-1,Michael Turner,001j000000iwxa7aal,Pacific Crest,CG,World Class,15,-0.0801,0.0932,-0.0522,0.1612,-0.396,0.2358,0.5114,0.4,-0.497,"2013,2014,2015,2016,2017,2018,2023,2024,2025"
judge_corps_caption,p-furnari-1,Peter Furnari,001j000000iwx99aad,Columbians,MP,Open Class,5,0.1355,0.0141,0.0521,0.4406,-0.7281,0.9991,0.7383,0.8,0.3075,"2017,2024,2025"
judge_corps_caption,c-raichle-1,Chris Raichle,001j000000iwx91aad,Carolina Crown,CG,World Class,11,0.09,0.3402,0.0521,0.0513,-0.0106,0.1906,0.1401,0.7273,1.7536,"2017,2018,2019,2022,2024"
judge_corps_caption,j-kennedy-1,Jay Kennedy,001j000000i6lenaa3,Madison Scouts,GE2,World Class,9,0.0983,-0.0996,0.052,0.3304,-0.5493,0.7459,0.8486,0.6667,0.2975,"2013,2014,2016,2017,2018,2024"
judge_corps_caption,j-howell-1,John Howell,001j000000iwwsoaal,Blue Knights,VP,World Class,6,-0.1214,-0.0115,-0.052,0.6927,-1.479,1.2363,1.057,0.8333,-0.1752,"2015,2016,2018,2023"
judge_corps_caption,c-romanowski-1,Chris Romanowski,001j000000i6i9saav,Blue Devils,MA,World Class,16,-0.0779,0.0731,-0.052,0.2123,-0.494,0.3381,0.4744,0.6875,-0.3671,"2018,2019,2023,2024,2025"
judge_corps_caption,m-teal-1,Mark Teal,001j000000iwx9aaat,Crossmen,MP,World Class,7,0.1112,0.4158,0.0519,0.1955,-0.2719,0.4944,0.4333,0.7143,0.5691,"2017,2018,2019,2024,2025"
judge_corps_caption,w-chumley-1,William Chumley,001j000000iwwsoaal,Blue Knights,GE1,World Class,10,-0.0933,0.0884,-0.0519,0.1353,-0.3585,0.1719,0.3348,0.5,-0.6898,"2019,2022,2023,2024,2025"
judge_corps_caption,m-thompson-1,Michael Thompson,001j000000iwx93aad,Seattle Cascades,VP,World Class,6,-0.1209,0.2535,-0.0518,0.1533,-0.4214,0.1796,0.3179,0.1667,-0.7885,"2013,2018,2019"
judge_corps_caption,r-greenwell-1,Randy Greenwell,001j000000iwx9waad,Jersey Surf,GE2,World Class,8,0.1037,-0.2427,0.0518,0.2718,-0.4291,0.6364,0.668,0.625,0.3813,"2013,2014,2015,2017,2022"
judge_corps_caption,g-markham-1,Garland Markham,001j000000iwxafaa1,The Cavaliers,MA,World Class,10,0.0929,0.3601,0.0516,0.093,-0.0894,0.2752,0.2305,0.5,0.9985,"2013,2014,2015,2016,2017,2018,2019"
judge_corps_caption,a-lo-1,Albert Lo,001j000000iwx98aad,Colts,GE2,World Class,6,0.1204,0.3572,0.0516,0.1295,-0.1335,0.3742,0.2501,0.6667,0.9293,"2014,2018,2019,2022"
judge_corps_caption,a-combites-1,Andy Combites,001j000000iwx9saad,Guardians,GE1,Open Class,5,0.1342,0.747,0.0516,0.1818,-0.2222,0.4906,0.3709,0.8,0.7381,"2017,2018,2019,2022"
judge_corps_caption,a-lo-1,Albert Lo,001j000000iwxafaa1,The Cavaliers,MB,World Class,14,-0.0809,0.0313,-0.0515,0.4019,-0.8686,0.7068,0.6979,0.7857,-0.2012,"2013,2014,2015,2018,2019"
judge_corps_caption,m-mullinix-1,Max Mullinix,001j000000iwwsqaal,Blue Stars,MP,World Class,5,0.134,0.2557,0.0515,0.2723,-0.3997,0.6676,0.5378,0.6,0.492,"2014,2015"
judge_corps_caption,m-waymire-1,Mark Waymire,001j000000iwwsqaal,Blue Stars,MA,World Class,5,0.134,0.772,0.0515,0.0945,-0.0512,0.3192,0.1959,0.8,1.418,"2016,2017,2018,2019"
judge_corps_caption,m-waymire-1,Mark Waymire,001j000000iwx9aaat,Crossmen,GE2,World Class,9,0.0973,0.4343,0.0515,0.0978,-0.0944,0.289,0.2229,0.6667,0.995,"2016,2017,2022,2023"
judge_corps_caption,m-turner-1,Michael Turner,001j000000i6kalaa3,Blue Devils C,VP,Open Class,5,-0.134,-0.2581,-0.0515,0.6692,-1.4456,1.1775,1.2346,0.4,-0.2003,"2017,2018,2022,2025"
judge_corps_caption,d-padilla-1,Damon Padilla,001j000000iwxa7aal,Pacific Crest,GE1,World Class,9,-0.0973,0.0308,-0.0515,0.4861,-1.05,0.8553,0.7807,0.8889,-0.2002,"2019,2022,2023,2024,2025"
judge_corps_caption,j-bell-1,John Bell,001j000000i6kfgaan,The Cadets,GE2,World Class,18,-0.0742,0.0756,-0.0514,0.2647,-0.593,0.4446,0.5554,0.6667,-0.2803,"2013,2015,2016,2017,2018,2019,2022"
judge_corps_caption,m-turner-1,Michael Turner,001j000000i6kfgaan,The Cadets,VP,World Class,16,0.0768,0.2239,0.0512,0.0909,-0.1014,0.2551,0.2477,0.5625,0.8452,"2013,2014,2015,2016,2017,2018,2023"
judge_corps_caption,c-phillips-1,Chester Phillips,001j000000iwwsraal,Bluecoats,GE2,World Class,6,-0.1195,0.1126,-0.0512,0.0819,-0.2801,0.0411,0.2023,0.1667,-1.4579,"2013,2018,2019,2023,2025"
judge_corps_caption,c-phillips-1,Chester Phillips,001j000000iwxacaa1,Spartans,MB,Open Class,7,-0.1098,-0.1757,-0.0512,0.2785,-0.6556,0.4361,0.5736,0.4286,-0.3943,"2013,2016,2017,2022,2023,2024"
judge_corps_caption,j-prosperie-1,Jeff Prosperie,001j000000iwxa2aal,Louisiana Stars,MP,Open Class,8,-0.1023,-0.4457,-0.0512,0.514,-1.1097,0.9051,1.1085,0.5,-0.1991,"2014,2015,2016,2018"
judge_corps_caption,g-llacer-1,Greg Llacer,001j000000iwxafaa1,The Cavaliers,GE1,World Class,7,0.1097,0.4748,0.0512,0.1493,-0.183,0.4023,0.3012,0.5714,0.7343,"2022,2023,2024"
judge_corps_caption,k-giese-1,Ken Giese,001j000000iwxa3aal,Mandarins,VA,World Class,16,0.0766,0.3455,0.0511,0.2522,-0.4178,0.571,0.6697,0.8125,0.3037,"2013,2014,2015,2016,2017,2018,2019"
judge_corps_caption,m-anderson-1,Mike Anderson,001j000000iwx9aaat,Crossmen,GE1,World Class,9,-0.0964,0.2262,-0.051,0.2621,-0.6102,0.4173,0.5125,0.4444,-0.3678,"2014,2015,2018,2019"
judge_corps_caption,j-ausdemore-1,Jeff Ausdemore,001j000000iwxa2aal,Louisiana Stars,MP,Open Class,8,-0.102,-0.1618,-0.051,0.3862,-0.859,0.6551,0.9204,0.5,-0.264,"2015,2016,2018,2019"
judge_corps_caption,c-armbruster-1,Chad Armbruster,001j000000i6lenaa3,Madison Scouts,GE2,World Class,7,-0.1092,-0.2465,-0.051,0.4016,-0.8963,0.6779,0.6615,0.5714,-0.2719,"2016,2019,2022,2023,2024,2025"
judge_corps_caption,b-brahan-1,Beverly Brahan,001j000000h3xrnaav,Phantom Regiment,CG,World Class,5,-0.1326,0.2342,-0.051,0.1527,-0.4318,0.1667,0.2703,0.4,-0.8683,"2023,2025"
judge_corps_caption,k-young-1,Kyle Young,001j000000iwx98aad,Colts,GE2,World Class,5,0.1324,0.4134,0.0509,0.1825,-0.2253,0.49,0.353,0.8,0.7253,"2019,2022,2024"
judge_corps_caption,w-rickart-1,Warren Rickart,001j000000h3xwcaav,Santa Clara Vanguard,GE1,World Class,7,0.109,0.4228,0.0509,0.1393,-0.1641,0.3822,0.2873,0.4286,0.7826,"2019,2022,2024,2025"
judge_corps_caption,j-gilley-1,Jackie Gilley,001j000000iwwslaal,7th Regiment,GE1,Open Class,6,0.1185,0.8256,0.0508,0.323,-0.5145,0.7516,0.6127,0.3333,0.3669,"2015,2019,2024,2025"
judge_corps_caption,j-pursifull-1,Jack Pursifull,001j000000iwx91aad,Carolina Crown,VA,World Class,5,-0.1321,0.2264,-0.0508,0.238,-0.5986,0.3343,0.4335,0.4,-0.5553,"2023,2024,2025"
judge_corps_caption,n-jones-1,Nola Jones,001j000000iwx9oaad,Genesis,GE2,Open Class,15,-0.0778,-0.0807,-0.0507,0.2395,-0.5473,0.3917,0.6296,0.6667,-0.3248,"2013,2014,2015,2016,2017,2018,2019,2023,2025"
judge_corps_caption,m-waymire-1,Mark Waymire,001j000000iwxaeaa1,The Academy,GE2,World Class,10,0.0913,0.4364,0.0507,0.1388,-0.1808,0.3634,0.3716,0.5,0.6573,"2015,2016,2017,2018,2019,2022,2023"
judge_corps_caption,r-greenwell-1,Randy Greenwell,001j000000iwwsoaal,Blue Knights,GE2,World Class,9,-0.0956,-0.4191,-0.0506,0.4611,-0.9994,0.8081,0.7687,0.6667,-0.2074,"2013,2014,2015,2016,2017,2018,2019,2022"
judge_corps_caption,j-gilley-1,Jackie Gilley,001j000000iwxacaa1,Spartans,VP,Open Class,7,0.1084,0.7404,0.0506,0.2035,-0.2905,0.5072,0.3879,0.5714,0.5325,"2016,2017,2018,2024"
judge_corps_caption,m-thompson-1,Michael Thompson,001j000000iwxajaa1,Troopers,VP,World Class,7,0.1082,0.4775,0.0505,0.1419,-0.17,0.3864,0.3072,0.5714,0.7622,"2013,2014,2018,2019,2024"
judge_corps_caption,b-jones-1,Bruce Jones,001j000000iwwsqaal,Blue Stars,VP,World Class,9,0.0953,0.3206,0.0505,0.141,-0.181,0.3716,0.3654,0.7778,0.676,"2013,2014,2015,2018,2022,2023,2025"
judge_corps_caption,j-kennedy-1,Jay Kennedy,001j000000iwwsraal,Bluecoats,MA,World Class,26,0.066,0.408,0.0505,0.0609,-0.0533,0.1854,0.2395,0.5385,1.085,"2013,2014,2015,2016,2017,2018,2019,2022,2023,2024,2025"
judge_corps_caption,m-turner-1,Michael Turner,001j000000i6kalaa3,Blue Devils C,CG,Open Class,6,-0.1178,-0.4617,-0.0505,0.5157,-1.1285,0.8929,1.0419,0.3333,-0.2285,"2016,2017,2018,2022,2023,2025"
judge_corps_caption,t-slaughter-1,Tom Slaughter,001j000000iwx9oaad,Genesis,VA,World Class,7,-0.1082,0.311,-0.0505,0.2138,-0.5272,0.3109,0.4506,0.4286,-0.506,"2022,2023,2024,2025"
judge_corps_caption,l-carlson-1,Lee Carlson,001j000000iwx93aad,Seattle Cascades,CG,World Class,5,0.1307,0.2429,0.0503,0.137,-0.1379,0.3993,0.183,0.4,0.9539,"2013,2014,2016"
judge_corps_caption,m-mcgahey-1,Mark McGahey,001j000000iwx9oaad,Genesis,GE2,Open Class,10,-0.0905,-0.1325,-0.0503,0.3412,-0.7593,0.5782,0.7171,0.6,-0.2653,"2014,2017,2019,2023"
judge_corps_caption,t-wemhoff-1,Ted Wemhoff,001j000000iwx9oaad,Genesis,GE1,Open Class,15,0.0771,0.314,0.0503,0.1263,-0.1705,0.3247,0.3384,0.4667,0.6102,"2015,2016,2017,2018,2019,2022,2023,2025"
judge_corps_caption,j-campbell-1,Jackie Campbell,001j000000iwwslaal,7th Regiment,CG,Open Class,5,-0.1307,0.0678,-0.0503,0.5347,-1.1787,0.9174,0.7595,0.6,-0.2444,"2023,2024,2025"
judge_corps_caption,t-fox-1,Todd Fox,001j000000iwxaeaa1,The Academy,MP,World Class,7,0.1073,0.4582,0.0501,0.2205,-0.3249,0.5395,0.4753,0.4286,0.4864,"2013,2016,2017"
judge_corps_caption,w-chumley-1,William Chumley,001j000000iwwsqaal,Blue Stars,VA,World Class,8,0.1002,0.1456,0.0501,0.1722,-0.2374,0.4378,0.3563,0.875,0.5817,"2014,2017,2018,2019,2023"
judge_corps_caption,a-lo-1,Albert Lo,001j000000i6i9saav,Blue Devils,MB,World Class,12,-0.0833,0.0514,-0.05,0.4807,-1.0254,0.8589,0.806,0.8333,-0.1733,"2013,2014,2015,2018,2019"
judge_corps_caption,w-whaley-1,WL Whaley,001j000000iwxakaa1,Vanguard Cadets,GE2,Open Class,6,0.1164,0.8426,0.0499,0.135,-0.1482,0.3809,0.2843,0.6667,0.8619,"2014,2016"
judge_corps_caption,k-miller-1,Kyle Miller,001j000000iwwsoaal,Blue Knights,GE1,World Class,20,-0.0696,0.0146,-0.0497,0.3004,-0.6583,0.5192,0.8047,0.7,-0.2315,"2013,2014,2015,2016,2017,2018,2019,2022,2023,2024,2025"
judge_corps_caption,m-anderson-1,Mike Anderson,001j000000iwx98aad,Colts,GE1,World Class,6,0.116,0.4545,0.0497,0.091,-0.0623,0.2944,0.1632,0.6667,1.2753,"2014,2018,2019"
judge_corps_caption,h-bassett-1,Helen Bassett,001j000000iwwssaal,Boston Crusaders,VP,World Class,5,0.1293,0.4314,0.0497,0.0636,0.0046,0.2541,0.1531,0.8,2.0329,"2015,2016,2017,2018"
judge_corps_caption,j-sturgeon-1,Jim Sturgeon,001j000000h3xrnaav,Phantom Regiment,VP,World Class,9,0.0936,0.2744,0.0496,0.4164,-0.7225,0.9098,0.7936,0.8889,0.2248,"2014,2018,2019,2022,2023,2025"
judge_corps_caption,c-dillon-1,Christine Dillon,001j000000iwxa5aal,Music City,GE1,Open Class,7,0.1063,0.7349,0.0496,0.2132,-0.3115,0.5242,0.416,0.5714,0.4988,"2015,2017,2019,2023"
judge_corps_caption,m-davis-1,Mike Davis,001j000000iwwssaal,Boston Crusaders,MP,World Class,11,0.0855,0.3119,0.0495,0.2091,-0.3244,0.4954,0.5067,0.8182,0.4088,"2013,2014,2018,2019,2023,2024,2025"
judge_corps_caption,m-mcgahey-1,Mark McGahey,001j000000iwxafaa1,The Cavaliers,GE2,World Class,12,-0.0825,-0.1497,-0.0495,0.3583,-0.7848,0.6198,0.6788,0.8333,-0.2304,"2013,2014,2017,2018,2019,2023"
judge_corps_caption,m-davis-1,Mike Davis,001j000000iwxa1aal,Les Stentors,MP,Open Class,13,-0.08,0.3054,-0.0495,0.2443,-0.5589,0.3989,0.6363,0.3846,-0.3273,"2013,2014,2015,2017,2022,2023,2025"
judge_corps_caption,n-jones-1,Nola Jones,001j000000iwx9uaad,Impulse,GE2,Open Class,6,0.1154,0.1201,0.0495,0.1534,-0.1852,0.4161,0.3146,0.6667,0.7526,"2016,2018,2019,2025"
judge_corps_caption,j-howell-1,John Howell,001j000000iwxa6aal,Oregon Crusaders,CG,World Class,5,-0.1282,-0.1154,-0.0493,0.3597,-0.8332,0.5767,0.5023,0.6,-0.3565,"2013,2014,2015,2018"
judge_corps_caption,c-dillon-1,Christine Dillon,001j000000iwx9saad,Guardians,CG,Open Class,5,-0.1281,0.6396,-0.0493,0.3289,-0.7726,0.5165,0.5798,0.4,-0.3894,"2016,2018"
judge_corps_caption,m-turner-1,Michael Turner,001j000000iwxa7aal,Pacific Crest,VP,World Class,17,0.0723,0.2536,0.0492,0.2736,-0.464,0.6086,0.752,0.7059,0.2642,"2013,2015,2016,2017,2018,2023,2024,2025"
judge_corps_caption,m-teal-1,Mark Teal,001j000000iwxadaa1,Spirit of Atlanta,MA,World Class,5,0.1279,0.4624,0.0492,0.1865,-0.2376,0.4934,0.3402,0.6,0.6858,"2017,2018,2019,2023,2024"
judge_corps_caption,m-bowers-1,Michele Bowers,001j000000iwxafaa1,The Cavaliers,CG,World Class,6,0.1146,0.15,0.0491,0.3297,-0.5317,0.7609,0.6074,0.8333,0.3476,"2016,2017,2018,2019,2023"
judge_corps_caption,m-kelly-1,Mickey Kelly,001j000000iwxajaa1,Troopers,GE1,World Class,9,-0.0926,-0.1804,-0.049,0.5215,-1.1148,0.9295,0.9177,0.7778,-0.1776,"2013,2014,2015,2016,2017,2019"
judge_corps_caption,p-haines-1,Phillip Haines,001j000000i6i9saav,Blue Devils,MB,World Class,8,0.0978,-0.0805,0.0489,0.6279,-1.1329,1.3286,1.1595,0.875,0.1558,"2013,2014,2017,2019,2023,2024"
judge_corps_caption,w-chumley-1,William Chumley,001j000000iwwsraal,Bluecoats,GE1,World Class,11,0.0845,0.2636,0.0489,0.0441,-0.0019,0.1709,0.1331,0.7273,1.9162,"2017,2019,2022,2023,2024,2025"
judge_corps_caption,j-sturgeon-1,Jim Sturgeon,001j000000iwxa1aal,Les Stentors,VP,Open Class,8,-0.0976,0.1256,-0.0488,0.3988,-0.8793,0.6841,0.7536,0.625,-0.2447,"2013,2015,2025"
judge_corps_caption,d-carbone-1,Dave Carbone,001j000000i6kfgaan,The Cadets,MP,World Class,6,0.1136,0.06,0.0487,0.1945,-0.2676,0.4948,0.3765,0.5,0.5841,"2013,2014,2016,2017,2023"
judge_corps_caption,m-turner-1,Michael Turner,001j000000iwx93aad,Seattle Cascades,VP,World Class,14,0.0765,0.2371,0.0487,0.1662,-0.2493,0.4023,0.5221,0.5,0.4603,"2013,2015,2016,2018,2023,2024,2025"
judge_corps_caption,d-torchia-1,Debbie Torchia,001j000000iwxafaa1,The Cavaliers,VA,World Class,17,-0.0715,0.0086,-0.0486,0.1962,-0.456,0.313,0.5339,0.7059,-0.3647,"2013,2014,2015,2016,2017,2018,2022,2023,2024,2025"
judge_corps_caption,t-fox-1,Todd Fox,001j000000iwxakaa1,Vanguard Cadets,MP,Open Class,8,0.0972,0.361,0.0486,0.2073,-0.309,0.5034,0.4831,0.5,0.469,"2013,2014,2016,2017"
judge_corps_caption,j-kennedy-1,Jay Kennedy,001j000000iwx9paad,Gold,GE2,Open Class,6,-0.1133,-0.6243,-0.0486,0.6304,-1.3489,1.1223,1.2257,0.6667,-0.1797,"2016,2017,2018,2024,2025"
judge_corps_caption,c-church-1,CHRIS CHURCH,001j000000iwx97aad,Colt Cadets,VA,Open Class,9,0.0916,0.0668,0.0485,0.3804,-0.654,0.8372,0.8643,0.6667,0.2407,"2014,2016,2018,2019,2022,2023,2024"
judge_corps_caption,c-guard-1,Color Guard,001j000000iwxadaa1,Spirit of Atlanta,CG,World Class,7,0.104,0.2368,0.0485,0.1995,-0.287,0.495,0.4046,0.8571,0.5211,"2017,2018,2019,2023"
judge_corps_caption,j-pursifull-1,Jack Pursifull,001j000000iwx97aad,Colt Cadets,VA,Open Class,9,0.0916,0.4981,0.0485,0.1545,-0.2113,0.3945,0.3697,0.5556,0.5927,"2022,2023,2024,2025"
judge_corps_caption,t-wingate-1,Travis Wingate,001j000000iwxaeaa1,The Academy,VA,World Class,5,0.126,0.5331,0.0485,0.0995,-0.069,0.3211,0.1948,0.8,1.2665,"2023,2024,2025"
judge_corps_caption,s-page-1,Steven Page,001j0000012tpxmaa2,Shadow,MB,Open Class,5,0.1258,0.6702,0.0484,0.4505,-0.7573,1.0089,0.7707,0.4,0.2792,"2016,2017,2018"
judge_corps_caption,a-lo-1,Albert Lo,001j000000iwxa5aal,Music City,MB,Open Class,5,0.1255,-0.206,0.0483,0.3487,-0.558,0.809,0.6044,0.6,0.3598,"2013,2014,2015,2018"
judge_corps_caption,c-moss-1,Chris Moss,001j000000iwwssaal,Boston Crusaders,VP,World Class,19,0.0686,0.2862,0.0483,0.1126,-0.1522,0.2893,0.3872,0.6316,0.6089,"2013,2015,2016,2017,2018,2019,2022,2023,2024"
judge_corps_caption,j-orefice-1,Juno Orefice,001j000000iwxaaaa1,Raiders,VA,Open Class,5,-0.1255,0.432,-0.0483,0.7332,-1.5626,1.3115,1.0768,0.6,-0.1712,"2014,2017,2019,2025"
judge_corps_caption,k-young-1,Kyle Young,001j000000iwwsqaal,Blue Stars,GE2,World Class,6,0.1128,0.3924,0.0483,0.1049,-0.0928,0.3183,0.2167,0.5,1.0753,"2019,2022,2024"
judge_corps_caption,l-carlson-1,Lee Carlson,001j000000i6i9saav,Blue Devils,GE1,World Class,11,-0.0832,0.2932,-0.0482,0.2064,-0.4877,0.3213,0.4664,0.6364,-0.4031,"2013,2014,2015,2016"
judge_corps_caption,j-denton-1,Joel Denton,001j000000iwxa3aal,Mandarins,GE2,World Class,7,0.1032,0.3933,0.0482,0.1331,-0.1577,0.3642,0.2553,0.5714,0.7752,"2013,2014,2016,2018,2023"
judge_corps_caption,t-wemhoff-1,Ted Wemhoff,001j000000i6lenaa3,Madison Scouts,GE1,World Class,14,-0.0757,0.1354,-0.0482,0.0766,-0.226,0.0745,0.2285,0.3571,-0.9881,"2016,2017,2018,2019,2022,2023,2025"
judge_corps_caption,l-carlson-1,Lee Carlson,001j000000h3xrnaav,Phantom Regiment,GE1,World Class,10,0.0867,0.451,0.0481,0.1704,-0.2473,0.4206,0.3963,0.5,0.5086,"2013,2014,2015,2016"
judge_corps_caption,c-moss-1,Chris Moss,001j000000iwxajaa1,Troopers,VP,World Class,9,0.0908,0.2908,0.0481,0.1214,-0.1471,0.3288,0.297,0.6667,0.7484,"2014,2018,2022,2023,2024,2025"
judge_corps_caption,w-rickart-1,Warren Rickart,001j000000i6kfgaan,The Cadets,GE1,World Class,7,0.103,0.3909,0.0481,0.1032,-0.0993,0.3054,0.2442,0.7143,0.9979,"2019,2022,2023"
judge_corps_caption,t-wingate-1,Travis Wingate,001j000000iwx99aad,Columbians,VA,Open Class,5,-0.125,0.4176,-0.0481,0.1457,-0.4106,0.1605,0.2777,0.4,-0.8583,"2022,2023,2025"
judge_corps_caption,j-sturgeon-1,Jim Sturgeon,001j000000iwwsqaal,Blue Stars,VP,World Class,8,0.096,0.2866,0.048,0.0552,-0.0123,0.2042,0.1279,0.75,1.7381,"2014,2019,2022,2023"
judge_corps_caption,d-argul-1,Dennis Argul,001j000000iwxa3aal,Mandarins,MB,World Class,7,0.1028,0.633,0.048,0.1497,-0.1905,0.3962,0.3064,0.5714,0.6872,"2019,2025"
judge_corps_caption,j-harper-1,Jeff Harper,001j000000i6i9saav,Blue Devils,MB,World Class,11,0.0825,-0.0124,0.0478,0.2194,-0.3475,0.5125,0.571,0.8182,0.376,"2014,2015,2017,2019"
judge_corps_caption,e-argenziano-1,Ed Argenziano,001j000000iwwsqaal,Blue Stars,MP,World Class,6,0.1114,0.7776,0.0477,0.1539,-0.1902,0.4129,0.3232,0.5,0.7239,"2015,2016,2017,2018"
judge_corps_caption,j-davila-1,Julie Davila,001j000000iwx91aad,Carolina Crown,MA,World Class,9,-0.09,-0.2583,-0.0476,0.5549,-1.1776,0.9977,0.9134,0.7778,-0.1621,"2016,2018,2019,2023"
judge_corps_caption,t-wemhoff-1,Ted Wemhoff,001j000000iwx97aad,Colt Cadets,GE1,Open Class,6,0.1108,0.252,0.0475,0.2961,-0.4696,0.6912,0.5782,0.5,0.3742,"2017,2018,2019,2022,2024"
judge_corps_caption,f-morris-1,Frank Morris,001j000000iwwssaal,Boston Crusaders,GE1,World Class,11,-0.0819,0.2461,-0.0474,0.2947,-0.6595,0.4956,0.693,0.6364,-0.278,"2013,2014,2015,2016"
judge_corps_caption,r-greenwell-1,Randy Greenwell,001j000000iwxa2aal,Louisiana Stars,MA,Open Class,5,0.1229,0.3565,0.0473,0.2524,-0.3718,0.6176,0.4357,0.4,0.4869,"2016,2018,2022"
judge_corps_caption,c-rapacki-1,Chris Rapacki,001j000000i6jmbaaf,Blue Devils B,MP,Open Class,5,-0.1231,0.0776,-0.0473,0.3481,-0.8054,0.5593,0.5439,0.6,-0.3535,"2022,2023"
judge_corps_caption,d-argul-1,Dennis Argul,001j000000iwwssaal,Boston Crusaders,MB,World Class,11,-0.0815,0.4215,-0.0472,0.1319,-0.34,0.1769,0.3712,0.4545,-0.6182,"2014,2017,2019,2025"
judge_corps_caption,b-brahan-1,Beverly Brahan,001j000000iwxafaa1,The Cavaliers,CG,World Class,5,0.1226,0.4845,0.0472,0.1373,-0.1465,0.3917,0.2615,0.8,0.8929,"2022,2023,2025"
judge_corps_caption,m-stone-1,Michael Stone,001j000000iwx9aaat,Crossmen,GE1,World Class,22,0.0642,-0.1329,0.0471,0.3225,-0.5678,0.6962,0.9147,0.8636,0.1992,"2013,2014,2015,2016,2017,2018,2019,2022"
judge_corps_caption,m-kelly-1,Mickey Kelly,001j000000iwwsraal,Bluecoats,GE1,World Class,29,0.06,-0.0269,0.0471,0.2056,-0.343,0.4631,0.6098,0.8966,0.292,"2013,2014,2015,2016,2017,2018,2019"
judge_corps_caption,g-fugett-1,Glenn Fugett,001j000000iwx9aaat,Crossmen,MA,World Class,7,-0.101,-0.6299,-0.0471,0.8501,-1.7671,1.5652,1.6505,0.7143,-0.1188,"2014,2015,2018,2019,2023,2025"
judge_corps_caption,j-wilson-1,Jeff Wilson,001j000000iwwsoaal,Blue Knights,MA,World Class,5,-0.1225,-0.1899,-0.0471,0.4947,-1.0922,0.8472,0.8167,0.6,-0.2476,"2016,2017,2018,2023,2025"
judge_corps_caption,k-shuttlesworth-1,Kim Shuttlesworth,001j000000iwxafaa1,The Cavaliers,MB,World Class,5,0.1223,0.3882,0.047,0.2127,-0.2945,0.5391,0.3858,0.6,0.5751,"2022,2024,2025"
judge_corps_caption,k-baker-1,Keith Baker,001j000000iwx9oaad,Genesis,VA,Open Class,11,-0.081,0.0871,-0.0469,0.2385,-0.5483,0.3864,0.6562,0.4545,-0.3395,"2013,2014,2015,2016,2018,2023,2024"
judge_corps_caption,s-page-1,Steven Page,001j000000iwwsoaal,Blue Knights,MB,World Class,16,0.0703,0.2544,0.0469,0.1407,-0.2055,0.3462,0.3772,0.6875,0.4997,"2014,2015,2016,2017,2018,2022,2023,2024"
judge_corps_caption,j-denton-1,Joel Denton,001j000000iwx9saad,Guardians,GE2,Open Class,7,-0.1006,0.401,-0.0469,0.1122,-0.3205,0.1193,0.2312,0.2857,-0.8967,"2016,2017,2022"
judge_corps_caption,j-howell-1,John Howell,001j000000iwxaeaa1,The Academy,GE1,World Class,18,0.0676,0.0376,0.0468,0.1808,-0.2868,0.422,0.4797,0.7778,0.3738,"2013,2015,2016,2017,2018,2019,2023,2025"
judge_corps_caption,l-carlson-1,Lee Carlson,001j000000i6lenaa3,Madison Scouts,CG,World Class,7,0.1002,0.1644,0.0468,0.2059,-0.3034,0.5039,0.4446,0.7143,0.4867,"2013,2014,2016"
judge_corps_caption,w-chumley-1,William Chumley,001j000000iwxa8aal,Pioneer,CG,World Class,5,0.1214,0.2991,0.0467,0.274,-0.4155,0.6584,0.4276,0.6,0.4432,"2013,2016,2017"
judge_corps_caption,a-lo-1,Albert Lo,001j000000iwxa8aal,Pioneer,MB,World Class,7,-0.1,0.0001,-0.0467,0.3995,-0.8831,0.683,0.7669,0.7143,-0.2504,"2013,2014,2015,2018"
judge_corps_caption,p-furnari-1,Peter Furnari,001j000000i6kfgaan,The Cadets,MA,World Class,5,0.1215,0.7171,0.0467,0.0423,0.0386,0.2044,0.1289,0.8,2.8729,"2016,2018,2019"
judge_corps_caption,k-turner-1,Ken Turner,001j000000iwwsqaal,Blue Stars,GE2,World Class,19,-0.0662,0.3337,-0.0466,0.2844,-0.6235,0.4912,0.6854,0.5263,-0.2328,"2013,2014,2015,2016,2017,2019,2023,2024,2025"
judge_corps_caption,j-ausdemore-1,Jeff Ausdemore,001j000000iwxaeaa1,The Academy,MP,World Class,11,0.0804,-0.0671,0.0466,0.297,-0.5016,0.6625,0.704,0.6364,0.2709,"2015,2016,2017,2018,2022"
judge_corps_caption,k-baker-1,Keith Baker,001j000000iwx98aad,Colts,GE1,World Class,5,-0.1212,0.0028,-0.0466,0.0931,-0.3036,0.0613,0.186,0.4,-1.3018,"2019,2024,2025"
judge_corps_caption,j-gilley-1,Jackie Gilley,001j000000i6kfgaan,The Cadets,CG,World Class,5,0.121,0.2262,0.0465,0.1837,-0.2391,0.4811,0.3553,0.8,0.6588,"2013,2014,2015"
judge_corps_caption,t-ochran-1,Timothy Ochran,001j000000iwxa7aal,Pacific Crest,VA,World Class,20,0.0652,-0.1143,0.0465,0.305,-0.5327,0.663,0.9569,0.65,0.2136,"2013,2014,2015,2016,2017,2018,2019,2023,2024"
judge_corps_caption,d-torchia-1,Debbie Torchia,001j000000iwx98aad,Colts,CG,World Class,8,-0.0927,-0.2051,-0.0464,0.4294,-0.9343,0.7489,0.8741,0.75,-0.2159,"2013,2015,2018,2022,2023,2025"
judge_corps_caption,j-kennedy-1,Jay Kennedy,001j000000iwx91aad,Carolina Crown,GE2,World Class,12,0.0771,-0.1045,0.0463,0.2814,-0.4745,0.6287,0.7397,0.75,0.274,"2013,2014,2015,2017,2018,2019,2024,2025"
judge_corps_caption,j-ausdemore-1,Jeff Ausdemore,001j000000i6kfgaan,The Cadets,MP,World Class,18,-0.0669,-0.2062,-0.0463,0.2691,-0.5942,0.4605,0.7093,0.6667,-0.2485,"2014,2015,2016,2017,2018,2019,2022"
judge_corps_caption,t-fox-1,Todd Fox,001j000000iwx97aad,Colt Cadets,MA,Open Class,7,0.0991,0.631,0.0463,0.2575,-0.4055,0.6038,0.5687,0.4286,0.3851,"2015,2017,2024,2025"
judge_corps_caption,g-markham-1,Garland Markham,001j000000iwx98aad,Colts,GE2,World Class,5,-0.1205,-0.1539,-0.0463,0.2294,-0.5702,0.3292,0.3214,0.4,-0.5253,"2016,2017,2019"
judge_corps_caption,c-romanowski-1,Chris Romanowski,001j000000i6kfgaan,The Cadets,MP,World Class,7,0.0992,0.1507,0.0463,0.156,-0.2065,0.4048,0.3336,0.7143,0.6358,"2017,2022"
judge_corps_caption,e-martinez-1,Ed Martinez,001j0000012y6bqaac,The Battalion,GE1,Open Class,6,-0.108,0.8481,-0.0463,0.1591,-0.4199,0.2038,0.3164,0.1667,-0.6789,"2018,2019"
judge_corps_caption,w-chumley-1,William Chumley,001j000000iwxadaa1,Spirit of Atlanta,CG,World Class,7,0.099,0.3242,0.0462,0.2782,-0.4463,0.6443,0.5536,0.7143,0.3558,"2013,2016,2017,2018"
judge_corps_caption,m-bowers-1,Michele Bowers,001j000000iwxajaa1,Troopers,CG,World Class,8,0.0922,0.1416,0.0461,0.4983,-0.8846,1.0689,0.9453,0.75,0.185,"2014,2015,2016,2017,2018,2019"
judge_corps_caption,s-adamo-1,Sal Adamo,001j000000iwx91aad,Carolina Crown,VA,World Class,15,-0.0705,0.0958,-0.046,0.2361,-0.5332,0.3922,0.5028,0.6667,-0.2985,"2013,2014,2015,2016,2017,2018,2019,2024,2025"
judge_corps_caption,a-dunn-1,Al Dunn,001j000000iwx9aaat,Crossmen,MA,World Class,5,-0.1197,0.2575,-0.046,0.3161,-0.7392,0.4999,0.5102,0.4,-0.3786,"2015,2018"
judge_corps_caption,k-miller-1,Kyle Miller,001j000000iwxadaa1,Spirit of Atlanta,VP,World Class,9,0.0866,0.0517,0.0459,0.216,-0.3367,0.5099,0.4701,0.7778,0.4011,"2013,2015,2016,2019,2023,2024"
judge_corps_caption,j-brooks-1,Jeff Brooks,001j000000iwx98aad,Colts,MP,World Class,18,-0.0663,0.2633,-0.0459,0.3827,-0.8163,0.6837,0.9922,0.7778,-0.1733,"2018,2019,2022,2023,2024,2025"
judge_corps_caption,b-williams-1,Blair Williams,001j000000iwx98aad,Colts,MP,World Class,5,0.1194,0.3311,0.0459,0.3145,-0.4971,0.736,0.5833,0.6,0.3797,"2022,2023,2024"
judge_corps_caption,c-raichle-1,Chris Raichle,001j000000iwxadaa1,Spirit of Atlanta,VA,World Class,5,-0.119,-0.018,-0.0458,0.2994,-0.7059,0.468,0.4941,0.4,-0.3973,"2016,2017,2018"
judge_corps_caption,c-quamme-1,Chad Quamme,001j000000iwx98aad,Colts,CG,World Class,5,-0.1192,-0.0009,-0.0458,0.6921,-1.4756,1.2372,1.0279,0.8,-0.1722,"2018,2019,2022"
judge_corps_caption,k-baker-1,Keith Baker,001j000000iwwsqaal,Blue Stars,GE1,World Class,5,0.1186,0.2411,0.0456,0.1107,-0.0984,0.3355,0.1994,0.6,1.0713,"2019,2023,2024,2025"
judge_corps_caption,w-rickart-1,Warren Rickart,001j000000iwxa5aal,Music City,GE1,World Class,7,-0.0977,0.2493,-0.0456,0.4197,-0.9203,0.7249,0.6439,0.8571,-0.2328,"2019,2022,2023,2024"
judge_corps_caption,l-carlson-1,Lee Carlson,001j000000iwwsraal,Bluecoats,GE1,World Class,8,0.0905,0.4629,0.0452,0.0941,-0.0939,0.2749,0.2092,0.75,0.9619,"2013,2014,2015,2016"
judge_corps_caption,g-boulden-1,George Boulden,001j000000h3xwcaav,Santa Clara Vanguard,MB,World Class,7,0.0969,0.4267,0.0452,0.1226,-0.1433,0.3372,0.3065,0.5714,0.7908,"2013,2014,2015,2018"
judge_corps_caption,j-gilley-1,Jackie Gilley,001j000000i6jmbaaf,Blue Devils B,GE1,Open Class,5,-0.1175,0.6443,-0.0452,0.1958,-0.5012,0.2663,0.3427,0.2,-0.5999,"2015,2017,2019"
judge_corps_caption,g-miller-1,Gerry Miller,001j000000iwxacaa1,Spartans,GE2,Open Class,6,-0.1055,-0.0407,-0.0452,0.3952,-0.8802,0.6692,0.8443,0.5,-0.2669,"2019,2022,2024"
judge_corps_caption,k-baker-1,Keith Baker,001j0000012y6bqaac,The Battalion,GE1,Open Class,5,-0.1175,0.4434,-0.0452,0.0993,-0.3122,0.0772,0.202,0.4,-1.1831,"2022,2023,2024"
judge_corps_caption,j-prosperie-1,Jeff Prosperie,001j000000iwxaeaa1,The Academy,MP,World Class,13,-0.0728,0.0523,-0.0451,0.1465,-0.36,0.2144,0.442,0.5385,-0.4967,"2013,2014,2015,2016,2017,2018,2019,2024,2025"
judge_corps_caption,h-nguyen-1,Hieu Nguyen,001j000000iwxajaa1,Troopers,CG,World Class,11,-0.0778,0.0699,-0.0451,0.3557,-0.775,0.6193,0.8249,0.6364,-0.2188,"2015,2017,2019,2022,2024"
judge_corps_caption,m-mcgahey-1,Mark McGahey,001j000000h3xrnaav,Phantom Regiment,MA,World Class,5,0.1171,-0.0774,0.045,0.5058,-0.8743,1.1085,0.8659,0.8,0.2314,"2015,2016,2017"
judge_corps_caption,c-moss-1,Chris Moss,001j000000iwwsoaal,Blue Knights,VP,World Class,11,0.0776,0.2888,0.0449,0.1846,-0.2842,0.4394,0.3772,0.5455,0.4203,"2013,2016,2018,2019,2022,2024,2025"
judge_corps_caption,t-wemhoff-1,Ted Wemhoff,001j000000iwx91aad,Carolina Crown,GE1,World Class,24,0.0598,0.2921,0.0449,0.0627,-0.0631,0.1827,0.2679,0.6667,0.9541,"2015,2016,2017,2019,2022,2023,2024,2025"
judge_corps_caption,m-lentz-1,Michael Lentz,001j000000i6kfgaan,The Cadets,CG,World Class,8,-0.0896,0.2204,-0.0448,0.3364,-0.749,0.5697,0.5381,0.75,-0.2664,"2013,2016,2017"
judge_corps_caption,a-lo-1,Albert Lo,001j000000iwwsraal,Bluecoats,GE2,World Class,5,0.1165,0.3478,0.0448,0.0281,0.0615,0.1715,0.1165,1,4.1529,"2013,2014,2018"
judge_corps_caption,m-waymire-1,Mark Waymire,001j000000iwx91aad,Carolina Crown,GE2,World Class,7,-0.0961,0.254,-0.0448,0.1292,-0.3493,0.1571,0.2901,0.2857,-0.7439,"2016,2017,2022"
judge_corps_caption,c-phillips-1,Chester Phillips,001j000000iwx93aad,Seattle Cascades,GE2,World Class,6,-0.1044,0.1566,-0.0447,0.1048,-0.3098,0.1011,0.2137,0.1667,-0.9956,"2013,2019,2025"
judge_corps_caption,c-rothe-1,Caleb Rothe,001j000000iwwsoaal,Blue Knights,MA,World Class,5,-0.1162,-0.4114,-0.0447,0.2435,-0.5935,0.3612,0.4424,0.4,-0.477,"2014,2015,2016,2017,2024"
judge_corps_caption,c-romanowski-1,Chris Romanowski,001j000000iwxadaa1,Spirit of Atlanta,MA,World Class,11,0.0772,0.2213,0.0447,0.134,-0.1855,0.3399,0.3353,0.8182,0.5762,"2018,2019,2023,2024,2025"
judge_corps_caption,j-brooks-1,Jeff Brooks,001j000000i6i9saav,Blue Devils,MP,World Class,18,0.0646,0.4034,0.0447,0.3185,-0.5597,0.6889,0.6628,0.8889,0.2029,"2018,2019,2022,2023,2024,2025"
judge_corps_caption,c-raichle-1,Chris Raichle,001j000000iwxajaa1,Troopers,VA,World Class,6,-0.104,0.0105,-0.0446,0.4821,-1.0488,0.8409,0.7211,0.8333,-0.2157,"2015,2016,2018,2024,2025"
judge_corps_caption,j-denton-1,Joel Denton,001j000000iwxaaaa1,Raiders,GE2,Open Class,9,-0.0843,0.4761,-0.0446,0.2417,-0.558,0.3893,0.4642,0.5556,-0.3489,"2015,2017,2022,2025"
judge_corps_caption,j-kennedy-1,Jay Kennedy,001j000000iwxaaaa1,Raiders,MA,Open Class,5,0.1161,0.0509,0.0446,0.6374,-1.1332,1.3654,1.0666,0.8,0.1821,"2018,2019,2022,2025"
judge_corps_caption,m-anderson-1,Mike Anderson,001j000000iwxajaa1,Troopers,VA,World Class,5,0.1159,-0.0254,0.0446,0.5238,-0.9107,1.1426,0.9774,0.6,0.2214,"2018,2019,2022"
judge_corps_caption,m-stone-1,Michael Stone,001j000000iwx9saad,Guardians,GE1,Open Class,8,0.089,-0.0809,0.0445,0.4941,-0.8794,1.0573,0.8841,0.75,0.1801,"2017,2018,2019,2022"
judge_corps_caption,g-howarth-1,Gifford Howarth,001j000000iwx91aad,Carolina Crown,MP,World Class,14,-0.0698,0.1474,-0.0444,0.257,-0.5736,0.4339,0.4679,0.6429,-0.2717,"2013,2014,2015,2016,2017,2018,2019,2023"
judge_corps_caption,t-slaughter-1,Tom Slaughter,001j000000iwx91aad,Carolina Crown,VA,World Class,9,0.0836,0.4439,0.0443,0.0854,-0.0838,0.251,0.1913,0.6667,0.9787,"2019,2022,2023,2024,2025"
judge_corps_caption,j-pursifull-1,Jack Pursifull,001j000000iwxa5aal,Music City,VA,World Class,6,-0.1033,0.3207,-0.0443,0.2075,-0.5101,0.3034,0.4183,0.5,-0.4979,"2022,2024,2025"
judge_corps_caption,j-sturgeon-1,Jim Sturgeon,001j000000iwwslaal,7th Regiment,VA,Open Class,5,0.115,0.7287,0.0442,0.15,-0.1789,0.409,0.2924,0.8,0.7669,"2013,2016"
judge_corps_caption,g-oliviero-1,George Oliviero,001j000000iwxa7aal,Pacific Crest,GE1,World Class,7,-0.0947,-0.6501,-0.0442,0.6179,-1.3058,1.1164,1.2982,0.7143,-0.1533,"2014,2017,2018,2019,2023,2024"
judge_corps_caption,d-davis-1,Darrin Davis,001j000000iwwssaal,Boston Crusaders,GE2,World Class,16,0.0663,-0.0439,0.0442,0.3094,-0.5402,0.6728,0.6238,0.75,0.2143,"2014,2015,2016,2017,2022,2023,2024,2025"
judge_corps_caption,t-fox-1,Todd Fox,001j000000iwxacaa1,Spartans,MP,Open Class,11,-0.0763,0.1538,-0.0442,0.1663,-0.4023,0.2496,0.348,0.6364,-0.459,"2014,2016,2017,2022,2023"
judge_corps_caption,m-leitzke-1,Mike Leitzke,001j000000i6lenaa3,Madison Scouts,MP,World Class,18,-0.0639,-0.2734,-0.0442,0.3009,-0.6535,0.5258,0.6655,0.7222,-0.2122,"2015,2016,2017,2018,2019,2022,2024,2025"
judge_corps_caption,b-crisp-1,Bryan Crisp,001j000000iwwsraal,Bluecoats,MB,World Class,9,0.0835,0.1179,0.0442,0.1616,-0.2332,0.4003,0.3334,0.7778,0.517,"2018,2019,2023,2024,2025"
judge_corps_caption,w-chumley-1,William Chumley,001j000000iwx9waad,Jersey Surf,VA,World Class,5,-0.1146,-0.0848,-0.0441,0.3103,-0.7227,0.4936,0.5948,0.4,-0.3693,"2014,2017,2018,2019"
judge_corps_caption,d-argul-1,Dennis Argul,001j000000iwxafaa1,The Cavaliers,MB,World Class,9,0.0833,0.5573,0.0441,0.1149,-0.1419,0.3086,0.2858,0.5556,0.725,"2014,2016,2017,2019,2024,2025"
judge_corps_caption,c-romanowski-1,Chris Romanowski,001j000000i6lenaa3,Madison Scouts,MA,World Class,9,0.0833,0.2057,0.0441,0.0928,-0.0987,0.2653,0.1833,0.8889,0.8974,"2018,2019,2023,2024,2025"
judge_corps_caption,m-bowers-1,Michele Bowers,001j000000iwxaaaa1,Raiders,CG,Open Class,8,-0.088,0.4935,-0.044,0.1124,-0.3083,0.1322,0.2347,0.375,-0.7834,"2017,2022,2023,2024"
judge_corps_caption,m-bowers-1,Michele Bowers,001j000000iwxa1aal,Les Stentors,CG,Open Class,6,-0.1021,0.4202,-0.0438,0.1283,-0.3536,0.1494,0.2921,0.3333,-0.7956,"2017,2023,2024"
judge_corps_caption,c-rapacki-1,Chris Rapacki,001j0000012y6bqaac,The Battalion,MP,Open Class,5,0.1138,0.5215,0.0438,0.1683,-0.2161,0.4437,0.3139,0.6,0.6762,"2022,2025"
judge_corps_caption,c-nelson-1,Carl Nelson,001j000000iwx9oaad,Genesis,VP,Open Class,16,0.0655,0.2928,0.0437,0.2092,-0.3445,0.4755,0.5194,0.4375,0.3133,"2013,2014,2015,2016,2017,2018,2019,2022,2023"
judge_corps_caption,m-turner-1,Michael Turner,001j000000iwxadaa1,Spirit of Atlanta,CG,World Class,8,-0.0872,0.0507,-0.0436,0.4035,-0.8781,0.7036,0.7171,0.625,-0.2161,"2014,2015,2017,2024"
judge_corps_caption,d-carbone-1,Dave Carbone,001j000000iwx98aad,Colts,GE2,World Class,5,0.1134,0.1339,0.0436,0.1454,-0.1715,0.3984,0.303,0.6,0.7801,"2014,2015,2023,2025"
judge_corps_caption,w-whaley-1,WL Whaley,001j000000iwxaaaa1,Raiders,GE2,Open Class,6,-0.1016,0.5662,-0.0435,0.5357,-1.1517,0.9484,1.038,0.5,-0.1897,"2013,2014,2016"
judge_corps_caption,c-phillips-1,Chester Phillips,001j000000iwwssaal,Boston Crusaders,MB,World Class,11,0.0752,0.325,0.0435,0.0641,-0.0504,0.2008,0.1711,0.6364,1.1732,"2016,2017,2018,2019,2022,2023,2024,2025"
judge_corps_caption,b-crisp-1,Bryan Crisp,001j000000iwxa7aal,Pacific Crest,MB,World Class,8,-0.0869,-0.0242,-0.0435,0.3722,-0.8164,0.6425,0.6913,0.625,-0.2336,"2018,2023,2024,2025"
judge_corps_caption,c-moss-1,Chris Moss,001j000000iwwsraal,Bluecoats,GE1,World Class,8,0.0867,0.0784,0.0434,0.2369,-0.3777,0.5512,0.4872,0.75,0.366,"2014,2016,2018,2019,2023,2025"
judge_corps_caption,m-tarr-1,Mike Tarr,001j000000iwx97aad,Colt Cadets,VP,Open Class,6,0.1013,0.2715,0.0434,0.4703,-0.8205,1.0232,0.8314,0.5,0.2155,"2023,2024"
judge_corps_caption,j-sturgeon-1,Jim Sturgeon,001j000000iwx9qaad,Golden Empire,VP,Open Class,5,0.1126,0.4704,0.0433,0.2056,-0.2903,0.5155,0.4018,0.6,0.5478,"2014,2015,2018,2025"
judge_corps_caption,t-wemhoff-1,Ted Wemhoff,001j000000iwwssaal,Boston Crusaders,GE1,World Class,22,-0.0591,0.187,-0.0433,0.2132,-0.4769,0.3588,0.437,0.5455,-0.277,"2015,2016,2017,2019,2022,2023,2024,2025"
judge_corps_caption,g-boulden-1,George Boulden,001j000000h3xrnaav,Phantom Regiment,MB,World Class,9,0.0816,0.3753,0.0432,0.1362,-0.1855,0.3486,0.3639,0.5556,0.5986,"2013,2015,2018"
judge_corps_caption,t-fox-1,Todd Fox,001j000000iwxa1aal,Les Stentors,MP,Open Class,5,0.1123,0.2738,0.0432,0.3454,-0.5646,0.7892,0.5686,0.4,0.3252,"2014,2016,2017"
judge_corps_caption,m-waymire-1,Mark Waymire,001j000000iwxajaa1,Troopers,MA,World Class,6,-0.1009,0.5366,-0.0432,0.151,-0.3969,0.1951,0.2799,0.3333,-0.6681,"2016,2017,2018,2019"
judge_corps_caption,j-brooks-1,Jeff Brooks,001j000000i6kfgaan,The Cadets,MP,World Class,16,-0.0649,0.2561,-0.0432,0.2364,-0.5282,0.3985,0.599,0.6875,-0.2744,"2018,2019,2022,2023"
judge_corps_caption,s-calhoun-1,Steve Calhoun,001j000000iwx97aad,Colt Cadets,GE2,Open Class,5,-0.1122,0.5727,-0.0431,0.4364,-0.9675,0.7431,0.778,0.4,-0.257,"2015,2016,2018"
judge_corps_caption,d-carbone-1,Dave Carbone,001j000000iwwsraal,Bluecoats,MA,World Class,26,0.0561,0.2194,0.0429,0.1233,-0.1855,0.2977,0.3034,0.8462,0.4552,"2013,2014,2015,2016,2017,2018,2019,2022,2023,2024,2025"
judge_corps_caption,r-greenwell-1,Randy Greenwell,001j000000iwx9waad,Jersey Surf,MA,World Class,6,0.1002,0.154,0.0429,0.2612,-0.4117,0.6121,0.4847,0.8333,0.3836,"2015,2016,2019,2022"
judge_corps_caption,f-miller-1,Frank Miller,001j000000iwx9waad,Jersey Surf,GE1,World Class,5,-0.1113,0.1614,-0.0428,0.1664,-0.4375,0.215,0.2969,0.6,-0.6685,"2014,2016,2017"
judge_corps_caption,h-nguyen-1,Hieu Nguyen,001j000000iwxajaa1,Troopers,VP,World Class,7,0.0917,0.2337,0.0428,0.1798,-0.2608,0.4442,0.3636,0.5714,0.5099,"2014,2015,2017,2022,2023,2024,2025"
judge_corps_caption,j-gilley-1,Jackie Gilley,001j000000iwwslaal,7th Regiment,VP,Open Class,5,0.1113,0.7262,0.0428,0.1518,-0.1862,0.4089,0.3004,0.6,0.7334,"2016,2017,2018,2024"
judge_corps_caption,m-teal-1,Mark Teal,001j000000iwxafaa1,The Cavaliers,MP,World Class,7,0.0917,0.4016,0.0428,0.222,-0.3434,0.5268,0.4785,0.7143,0.413,"2018,2019,2024,2025"
judge_corps_caption,w-rickart-1,Warren Rickart,001j000000iwx9waad,Jersey Surf,GE1,World Class,7,-0.0916,0.1997,-0.0428,0.3369,-0.7519,0.5687,0.5315,0.5714,-0.272,"2019,2022,2023,2024"
judge_corps_caption,t-slaughter-1,Tom Slaughter,001j000000i6lenaa3,Madison Scouts,VA,World Class,10,0.077,0.4086,0.0428,0.1615,-0.2395,0.3936,0.4392,0.6,0.4771,"2022,2023,2024,2025"
judge_corps_caption,j-bell-1,John Bell,001j000000iwx91aad,Carolina Crown,GE2,World Class,20,-0.0598,0.0985,-0.0427,0.2667,-0.5825,0.4629,0.6502,0.8,-0.2243,"2013,2015,2016,2017,2018,2019,2022"
judge_corps_caption,m-davis-1,Mike Davis,001j000000iwxajaa1,Troopers,MP,World Class,13,0.0689,0.2854,0.0427,0.2606,-0.4418,0.5797,0.6189,0.6923,0.2645,"2013,2015,2016,2018,2023,2024,2025"
judge_corps_caption,m-thompson-1,Michael Thompson,001j000000iwwssaal,Boston Crusaders,VP,World Class,9,-0.0807,0.3081,-0.0427,0.3035,-0.6757,0.5142,0.5948,0.7778,-0.266,"2013,2014,2018,2022,2024"
judge_corps_caption,m-turner-1,Michael Turner,001j000000iwxa5aal,Music City,VP,World Class,6,-0.0997,0.1086,-0.0427,0.1426,-0.3792,0.1798,0.2523,0.5,-0.6995,"2018,2023,2024"
judge_corps_caption,w-rickart-1,Warren Rickart,001j000000iwx91aad,Carolina Crown,CG,World Class,8,0.0854,0.497,0.0427,0.1164,-0.1427,0.3134,0.2377,0.375,0.7336,"2019,2022,2024,2025"
judge_corps_caption,j-sturgeon-1,Jim Sturgeon,001j000000iwx9oaad,Genesis,VP,Open Class,13,-0.0688,0.1802,-0.0426,0.3769,-0.8076,0.67,0.6857,0.8462,-0.1825,"2013,2014,2015,2018,2019,2022,2023"
judge_corps_caption,w-chumley-1,William Chumley,001j000000i6i9saav,Blue Devils,VA,World Class,10,0.0767,0.1385,0.0426,0.231,-0.376,0.5294,0.5142,0.8,0.332,"2014,2016,2017,2018,2019,2023,2025"
judge_corps_caption,d-torchia-1,Debbie Torchia,001j000000iwx91aad,Carolina Crown,CG,World Class,11,-0.0735,-0.1819,-0.0425,0.5866,-1.2231,1.0762,0.9957,0.9091,-0.1252,"2013,2014,2016,2017,2018,2022"
judge_corps_caption,n-jones-1,Nola Jones,001j000000i6kfgaan,The Cadets,MA,World Class,8,-0.0851,-0.6048,-0.0425,0.7571,-1.5689,1.3988,1.2576,0.875,-0.1124,"2013,2014,2015,2016,2017,2018,2022,2023"
judge_corps_caption,k-baker-1,Keith Baker,001j000000iwx91aad,Carolina Crown,VA,World Class,11,-0.0734,-0.1379,-0.0425,0.3498,-0.7589,0.6121,0.7989,0.7273,-0.2099,"2013,2015,2018,2019,2022,2023,2024"
judge_corps_caption,k-baker-1,Keith Baker,001j000000iwwsqaal,Blue Stars,VA,World Class,17,0.0623,-0.0081,0.0424,0.2588,-0.445,0.5696,0.7585,0.7647,0.2408,"2013,2017,2018,2019,2022,2023,2024,2025"
judge_corps_caption,p-mcgarr-1,Paul McGarr,001j000000iwxafaa1,The Cavaliers,MA,World Class,6,-0.0989,-0.5494,-0.0424,0.2395,-0.5684,0.3705,0.4038,0.6667,-0.413,"2014,2015,2016,2019"
judge_corps_caption,t-hall-1,Troy Hall,001j000000iwwsqaal,Blue Stars,MP,World Class,9,-0.0802,0.4372,-0.0424,0.1842,-0.4411,0.2808,0.4199,0.5556,-0.4352,"2015,2016,2018,2022,2023"
judge_corps_caption,s-page-1,Steven Page,001j000000qzs1qaaf,River City Rhythm,MB,Open Class,11,-0.0731,0.373,-0.0423,0.392,-0.8415,0.6953,1.0336,0.5455,-0.1865,"2015,2016,2017,2018,2022,2024,2025"
judge_corps_caption,c-moss-1,Chris Moss,001j000000i6kfgaan,The Cadets,GE1,World Class,8,-0.0846,-0.1025,-0.0423,0.151,-0.3807,0.2114,0.3753,0.5,-0.5603,"2016,2017,2018,2019,2023"
judge_corps_caption,g-boulden-1,George Boulden,001j000000iwxa6aal,Oregon Crusaders,MB,World Class,5,-0.1092,0.1743,-0.042,0.2035,-0.508,0.2896,0.3943,0.4,-0.5367,"2013,2014,2015,2018"
judge_corps_caption,t-wemhoff-1,Ted Wemhoff,001j000000iwwsoaal,Blue Knights,GE1,World Class,20,-0.0588,0.1787,-0.042,0.2505,-0.5498,0.4323,0.5281,0.55,-0.2345,"2015,2016,2017,2019,2022,2023,2025"
judge_corps_caption,d-niebauer-1,Dan Niebauer,001j000000i6jmbaaf,Blue Devils B,VA,Open Class,5,-0.1093,0.4647,-0.042,0.312,-0.7208,0.5022,0.5095,0.4,-0.3504,"2015,2016,2017"
judge_corps_caption,k-miller-1,Kyle Miller,001j000000iwwssaal,Boston Crusaders,GE1,World Class,21,-0.0579,0.035,-0.0419,0.1119,-0.2772,0.1615,0.3597,0.381,-0.5172,"2013,2015,2016,2018,2019,2022,2023,2024,2025"
judge_corps_caption,j-davila-1,Julie Davila,001j000000iwxa7aal,Pacific Crest,MP,World Class,11,0.0723,-0.0517,0.0419,0.305,-0.5255,0.6702,0.7046,0.5455,0.2372,"2016,2017,2018,2019,2023,2024"
judge_corps_caption,b-jones-1,Bruce Jones,001j000000iwx91aad,Carolina Crown,VP,World Class,12,0.0697,0.3045,0.0418,0.2442,-0.4089,0.5484,0.6296,0.6667,0.2854,"2013,2014,2015,2019,2023,2024"
judge_corps_caption,r-greenwell-1,Randy Greenwell,001j000000i6kfgaan,The Cadets,GE2,World Class,8,-0.0836,-0.4162,-0.0418,0.6931,-1.442,1.2749,1.1451,0.875,-0.1206,"2014,2015,2016,2017,2019,2022"
judge_corps_caption,l-carlson-1,Lee Carlson,001j000000iwxa7aal,Pacific Crest,CG,World Class,5,-0.1084,0.0089,-0.0417,1.0765,-2.2183,2.0015,1.6534,0.8,-0.1007,"2013,2014,2016"
judge_corps_caption,d-davis-1,Darrin Davis,001j000000h3xwcaav,Santa Clara Vanguard,MA,World Class,13,-0.0674,-0.0432,-0.0417,0.1785,-0.4174,0.2825,0.4013,0.5385,-0.3776,"2016,2017,2018,2019,2022,2024,2025"
judge_corps_caption,m-davis-1,Mike Davis,001j000000iwxabaa1,Southwind,MP,Open Class,7,-0.0893,0.4664,-0.0417,0.2911,-0.6599,0.4814,0.4831,0.7143,-0.3067,"2017,2018,2023"
judge_corps_caption,w-chumley-1,William Chumley,001j000000iwxaeaa1,The Academy,VA,World Class,9,-0.0785,-0.0412,-0.0416,0.2657,-0.5993,0.4422,0.4873,0.6667,-0.2956,"2013,2017,2018,2019,2022,2023,2025"
judge_corps_caption,t-fox-1,Todd Fox,001j000000i6i9saav,Blue Devils,MP,World Class,5,0.1082,0.485,0.0416,0.0949,-0.0777,0.2942,0.1716,0.8,1.1412,"2013,2016"
judge_corps_caption,m-davis-1,Mike Davis,001j000000iwxa8aal,Pioneer,MP,World Class,6,0.0971,0.2431,0.0416,0.2028,-0.3005,0.4946,0.3812,0.5,0.4786,"2014,2017,2018"
judge_corps_caption,c-dillon-1,Christine Dillon,001j000000iwx91aad,Carolina Crown,CG,World Class,5,0.1081,-0.1632,0.0416,0.7031,-1.27,1.4862,1.173,0.8,0.1537,"2016,2018,2019"
judge_corps_caption,w-rickart-1,Warren Rickart,001j000000i6kfgaan,The Cadets,CG,World Class,6,-0.097,0.303,-0.0416,0.3072,-0.6991,0.5052,0.49,0.3333,-0.3156,"2019,2022,2023"
judge_corps_caption,j-kennedy-1,Jay Kennedy,001j000000iwwssaal,Boston Crusaders,MA,World Class,27,-0.0538,0.3113,-0.0415,0.1237,-0.2963,0.1886,0.4253,0.5185,-0.4351,"2013,2014,2015,2017,2018,2019,2022,2023,2024,2025"
judge_corps_caption,t-wemhoff-1,Ted Wemhoff,001j000000h3xrnaav,Phantom Regiment,GE1,World Class,25,0.0548,0.2825,0.0415,0.0516,-0.0463,0.1558,0.2222,0.48,1.0623,"2016,2017,2018,2019,2022,2023,2024,2025"
judge_corps_caption,m-mccourt-1,Meghan McCourt,001j000000iwxafaa1,The Cavaliers,GE1,World Class,7,0.089,0.3252,0.0415,0.1768,-0.2575,0.4354,0.2887,0.5714,0.5033,"2019,2022,2025"
judge_corps_caption,p-furnari-1,Peter Furnari,001j000000iwxafaa1,The Cavaliers,MA,World Class,5,0.1075,0.7061,0.0414,0.1683,-0.2223,0.4374,0.2637,0.6,0.6391,"2016,2018,2019"
judge_corps_caption,m-turner-1,Michael Turner,001j000000iwxa8aal,Pioneer,VP,World Class,9,-0.0779,0.0449,-0.0412,0.0487,-0.1733,0.0175,0.1296,0.3333,-1.5996,"2013,2015,2017,2018"
judge_corps_caption,h-nguyen-1,Hieu Nguyen,001j000000iwwssaal,Boston Crusaders,VP,World Class,14,0.0648,0.2245,0.0412,0.1834,-0.2947,0.4242,0.4692,0.7143,0.3531,"2014,2015,2016,2017,2019,2022,2023,2025"
judge_corps_caption,r-greenwell-1,Randy Greenwell,001j000000qzs1qaaf,River City Rhythm,MA,Open Class,5,-0.1071,0.1742,-0.0412,0.3414,-0.7762,0.562,0.6563,0.4,-0.3138,"2016,2018,2022"
judge_corps_caption,m-czapinksi-1,Marie Czapinksi,001j000000iwx91aad,Carolina Crown,GE1,World Class,10,0.074,-0.477,0.0411,0.569,-1.0412,1.1892,1.0719,0.9,0.1301,"2013,2014,2015"
judge_corps_caption,j-webb-1,Jay Webb,001j000000iwxa3aal,Mandarins,MA,World Class,9,0.0777,0.0339,0.0411,0.1266,-0.1706,0.3259,0.3037,0.5556,0.6133,"2014,2018,2022,2023,2024"
judge_corps_caption,j-davila-1,Julie Davila,001j000000iwx9paad,Gold,MP,Open Class,7,-0.088,-0.3818,-0.0411,0.668,-1.3973,1.2213,1.2001,0.5714,-0.1318,"2016,2018,2019,2024"
judge_corps_caption,b-jones-1,Bruce Jones,001j000000iwxafaa1,The Cavaliers,VA,World Class,7,0.0881,0.4686,0.0411,0.0729,-0.0547,0.2309,0.1417,0.7143,1.209,"2016,2019,2024,2025"
judge_corps_caption,j-denton-1,Joel Denton,001j000000iwxabaa1,Southwind,GE2,Open Class,5,0.1069,0.7611,0.0411,0.1241,-0.1363,0.3501,0.2272,0.6,0.8613,"2017,2022"
judge_corps_caption,g-llacer-1,Greg Llacer,001j000000iwxajaa1,Troopers,GE1,World Class,5,0.1067,0.4846,0.0411,0.1385,-0.1647,0.3781,0.1986,0.4,0.7708,"2022,2023,2024"
judge_corps_caption,c-raichle-1,Chris Raichle,001j000000iwxafaa1,The Cavaliers,CG,World Class,10,-0.0738,0.1614,-0.041,0.2111,-0.4876,0.3399,0.4067,0.5,-0.3498,"2017,2018,2022,2024,2025"
judge_corps_caption,d-deems-1,Don Deems,001j000000iwxadaa1,Spirit of Atlanta,GE1,World Class,7,-0.0877,-0.0389,-0.0409,0.5784,-1.2212,1.0459,0.9185,0.7143,-0.1516,"2013,2018,2019,2024,2025"
judge_corps_caption,s-adamo-1,Sal Adamo,001j000000iwx91aad,Carolina Crown,GE1,World Class,5,-0.1062,0.2387,-0.0409,0.116,-0.3337,0.1212,0.2003,0.4,-0.9154,"2013,2014,2016,2022"
judge_corps_caption,c-romanowski-1,Chris Romanowski,001j000000iwx9paad,Gold,MA,Open Class,14,-0.0643,0.1363,-0.0409,0.3037,-0.6596,0.531,0.8193,0.5714,-0.2117,"2013,2014,2016,2019,2023,2024"
judge_corps_caption,r-rios-1,Ronnie Rios,001j000000iwxa5aal,Music City,MA,Open Class,7,0.0877,0.2036,0.0409,0.2303,-0.3636,0.5391,0.5137,0.7143,0.381,"2014,2019,2022,2023,2024"
judge_corps_caption,g-llacer-1,Greg Llacer,001j000000iwxacaa1,Spartans,GE1,Open Class,5,0.1062,0.068,0.0408,0.5105,-0.8944,1.1067,0.8475,0.8,0.208,"2022,2023,2024,2025"
judge_corps_caption,w-whaley-1,WL Whaley,001j000000iwx9paad,Gold,GE2,Open Class,5,0.1058,0.7751,0.0407,0.249,-0.3822,0.5937,0.3784,0.4,0.4248,"2014,2016,2019"
judge_corps_caption,j-webb-1,Jay Webb,001j000000iwx91aad,Carolina Crown,GE2,World Class,9,-0.0768,-0.2418,-0.0407,0.4123,-0.885,0.7313,0.8671,0.6667,-0.1863,"2014,2015,2019,2023"
judge_corps_caption,j-campbell-1,Jackie Campbell,001j000000iwxafaa1,The Cavaliers,CG,World Class,5,-0.1059,0.4276,-0.0407,0.0501,-0.2041,-0.0077,0.1243,0.2,-2.1147,"2024,2025"
judge_corps_caption,c-nelson-1,Carl Nelson,001j000000iwxaeaa1,The Academy,GE1,World Class,5,0.1055,0.3711,0.0406,0.0994,-0.0893,0.3003,0.1834,0.6,1.0616,"2016,2017,2018,2025"
judge_corps_caption,w-chumley-1,William Chumley,001j000000iwwsoaal,Blue Knights,VA,World Class,10,0.0728,0.1283,0.0405,0.3713,-0.655,0.8006,0.6835,0.9,0.1961,"2013,2016,2017,2019,2022,2023,2024,2025"
judge_corps_caption,f-morris-1,Frank Morris,001j000000i6lenaa3,Madison Scouts,GE1,World Class,7,-0.0868,0.2064,-0.0405,0.1309,-0.3432,0.1697,0.2852,0.2857,-0.663,"2013,2014,2015,2016"
judge_corps_caption,f-miller-1,Frank Miller,001j000000i6lenaa3,Madison Scouts,GE1,World Class,6,-0.0946,0.1628,-0.0405,0.1198,-0.3294,0.1402,0.2416,0.3333,-0.7894,"2014,2016,2017"
judge_corps_caption,j-davila-1,Julie Davila,001j000000iwxa3aal,Mandarins,MA,World Class,11,0.0699,-0.0833,0.0405,0.2917,-0.5018,0.6417,0.7185,0.7273,0.2398,"2018,2019,2023,2025"
judge_corps_caption,d-davis-1,Darrin Davis,001j000000iwx98aad,Colts,MA,World Class,11,0.0697,0.0829,0.0404,0.0751,-0.0775,0.217,0.1858,0.5455,0.9282,"2015,2017,2018,2019,2024,2025"
judge_corps_caption,j-wilson-1,Jeff Wilson,001j000000iwx99aad,Columbians,MP,Open Class,5,-0.1051,0.1781,-0.0404,0.4127,-0.914,0.7037,0.7228,0.6,-0.2547,"2016,2022,2023"
judge_corps_caption,m-hoskins-1,Mark Hoskins,001j000000iwxacaa1,Spartans,MB,Open Class,12,-0.0671,0.196,-0.0403,0.1321,-0.326,0.1917,0.3733,0.5,-0.5082,"2015,2017,2019,2022,2023,2024,2025"
judge_corps_caption,c-hestin-1,Chris Hestin,001j000000i6lenaa3,Madison Scouts,GE2,World Class,7,-0.0863,0.0567,-0.0403,0.4058,-0.8817,0.709,0.6663,0.5714,-0.2128,"2017,2018,2019,2022"
judge_corps_caption,m-thompson-1,Michael Thompson,001j000000iwxa8aal,Pioneer,CG,World Class,7,0.0861,0.2615,0.0402,0.3272,-0.5551,0.7273,0.6407,0.5714,0.2632,"2016,2017,2018"
judge_corps_caption,j-rhodes-1,Jodie Rhodes,001j000000iwwsraal,Bluecoats,GE2,World Class,11,-0.0695,0.3123,-0.0402,0.0935,-0.2528,0.1138,0.2488,0.3636,-0.7428,"2022,2023,2024,2025"
judge_corps_caption,r-rios-1,Ronnie Rios,001j000000iwwsoaal,Blue Knights,MA,World Class,7,-0.086,-0.0087,-0.0401,0.5392,-1.1427,0.9708,0.8505,0.8571,-0.1594,"2016,2022,2023,2025"
judge_corps_caption,c-rothe-1,Caleb Rothe,001j000000iwxadaa1,Spirit of Atlanta,GE2,World Class,5,0.1035,0.1876,0.0398,0.0435,0.0182,0.1888,0.1089,0.8,2.3777,"2016,2018,2023,2024,2025"
judge_corps_caption,a-dunn-1,Al Dunn,001j000000i6lenaa3,Madison Scouts,MP,World Class,12,-0.0662,0.093,-0.0397,0.2747,-0.6046,0.4722,0.5263,0.5833,-0.2409,"2013,2014,2015,2016,2017"
judge_corps_caption,b-fabrizio-1,Beth Fabrizio,001j000000iwx9waad,Jersey Surf,MB,World Class,9,0.0751,0.121,0.0397,0.5723,-1.0466,1.1967,1.0524,0.8889,0.1312,"2014,2017,2018,2022,2023"
judge_corps_caption,j-wilson-1,Jeff Wilson,001j000000iwx9vaad,Incognito,MP,Open Class,6,0.0927,0.3026,0.0397,0.1975,-0.2944,0.4798,0.3246,0.5,0.4693,"2017,2018,2019"
judge_corps_caption,p-mcgarr-1,Paul McGarr,001j000000iwxa5aal,Music City,MB,Open Class,18,0.0572,0.0688,0.0396,0.2951,-0.5211,0.6356,0.743,0.7778,0.194,"2014,2015,2017,2018,2019,2022,2023,2024,2025"
judge_corps_caption,j-howell-1,John Howell,001j000000h3xrnaav,Phantom Regiment,VP,World Class,6,-0.0925,-0.002,-0.0396,0.6382,-1.3433,1.1583,0.9983,0.8333,-0.1449,"2015,2016,2019,2023"
judge_corps_caption,b-crisp-1,Bryan Crisp,001j000000iwx93aad,Seattle Cascades,MB,World Class,9,-0.0748,-0.0139,-0.0396,0.2549,-0.5744,0.4247,0.5883,0.4444,-0.2936,"2018,2023,2024,2025"
judge_corps_caption,j-denton-1,Joel Denton,001j000000iwxajaa1,Troopers,GE2,World Class,7,0.0847,0.363,0.0395,0.0725,-0.0573,0.2268,0.1398,0.4286,1.1689,"2013,2014,2015,2016,2023"
judge_corps_caption,w-chumley-1,William Chumley,001j000000iwxacaa1,Spartans,VP,Open Class,5,0.1026,0.1775,0.0395,0.5758,-1.0259,1.2311,1.0683,0.6,0.1782,"2013,2015,2017"
judge_corps_caption,r-solomon-1,Robert Solomon,001j000000h3xrnaav,Phantom Regiment,VP,World Class,16,-0.0593,-0.0575,-0.0395,0.306,-0.659,0.5404,0.6182,0.6875,-0.1939,"2014,2015,2016,2017,2018,2019,2024,2025"
judge_corps_caption,c-moss-1,Chris Moss,001j000000h3xrnaav,Phantom Regiment,VP,World Class,15,0.0606,0.2528,0.0395,0.1002,-0.1359,0.257,0.3192,0.6,0.6042,"2014,2016,2017,2018,2019,2022,2023,2024"
judge_corps_caption,c-guard-1,Color Guard,001j000000iwx91aad,Carolina Crown,CG,World Class,10,-0.0711,0.0791,-0.0395,0.2834,-0.6265,0.4843,0.5733,0.6,-0.251,"2015,2017,2019,2022"
judge_corps_caption,j-harper-1,Jeff Harper,001j000000h3xwcaav,Santa Clara Vanguard,GE2,World Class,10,0.0709,-0.0757,0.0394,0.2197,-0.3597,0.5015,0.5482,0.7,0.3229,"2013,2014,2016,2017,2022"
judge_corps_caption,r-rios-1,Ronnie Rios,001j000000iwx9waad,Jersey Surf,MB,World Class,9,0.0744,0.51,0.0394,0.1609,-0.241,0.3898,0.4058,0.5556,0.462,"2014,2015,2016,2017,2018,2019"
judge_corps_caption,m-thompson-1,Michael Thompson,001j000000iwxa3aal,Mandarins,CG,World Class,9,0.0744,0.3513,0.0394,0.1283,-0.177,0.3258,0.2886,0.5556,0.5801,"2015,2016,2017,2019,2025"
judge_corps_caption,w-chumley-1,William Chumley,001j000000h3xrnaav,Phantom Regiment,GE1,World Class,8,0.0788,0.25,0.0394,0.0433,-0.0061,0.1637,0.1206,0.75,1.8195,"2017,2019,2022,2023,2024,2025"
judge_corps_caption,r-greenwell-1,Randy Greenwell,001j000000iwx97aad,Colt Cadets,MA,Open Class,7,-0.084,0.1143,-0.0392,0.5443,-1.1508,0.9828,0.8277,0.5714,-0.1544,"2013,2014,2016,2018,2022"
judge_corps_caption,m-waymire-1,Mark Waymire,001j000000iwwssaal,Boston Crusaders,GE2,World Class,10,0.0706,0.4288,0.0392,0.0948,-0.1152,0.2565,0.2544,0.6,0.7448,"2015,2016,2017,2022,2023"
judge_corps_caption,j-barton-1,Jen Barton,001j000000iwwsqaal,Blue Stars,CG,World Class,5,-0.102,0.1481,-0.0392,0.3372,-0.7628,0.5588,0.4767,0.6,-0.3025,2025
judge_corps_caption,c-romanowski-1,Chris Romanowski,001j000000i6jmbaaf,Blue Devils B,MA,Open Class,9,0.0739,0.284,0.0391,0.2612,-0.438,0.5858,0.6136,0.6667,0.2828,"2013,2014,2016,2023,2024"
judge_corps_caption,c-romanowski-1,Chris Romanowski,001j000000iwx98aad,Colts,MP,World Class,5,0.1017,0.1618,0.0391,0.3266,-0.5385,0.7419,0.5779,0.8,0.3114,"2017,2025"
judge_corps_caption,m-teal-1,Mark Teal,001j000000iwxaeaa1,The Academy,MP,World Class,6,-0.0912,0.2123,-0.0391,0.4485,-0.9702,0.7878,0.6659,0.8333,-0.2034,"2017,2022,2023,2024"
judge_corps_caption,d-carbone-1,Dave Carbone,001j000000h3xwcaav,Santa Clara Vanguard,MP,World Class,6,-0.0909,-0.1199,-0.039,0.7361,-1.5336,1.3517,1.2314,0.6667,-0.1236,"2013,2014,2016,2024"
judge_corps_caption,g-howarth-1,Gifford Howarth,001j000000iwx98aad,Colts,MP,World Class,5,0.1015,0.3082,0.039,0.1487,-0.1899,0.3928,0.275,0.6,0.6826,"2014,2015,2016,2017,2019"
judge_corps_caption,c-guard-1,Color Guard,001j000000iwx9aaat,Crossmen,CG,World Class,10,-0.0702,0.0574,-0.039,0.3837,-0.8222,0.6819,0.801,0.7,-0.1829,"2015,2017,2019,2022,2023"
judge_corps_caption,t-wingate-1,Travis Wingate,001j000000iwx98aad,Colts,VA,World Class,5,-0.1013,0.3119,-0.039,0.0997,-0.2967,0.094,0.1715,0.6,-1.0168,"2019,2023,2024"
judge_corps_caption,d-deems-1,Don Deems,001j000000iwxafaa1,The Cavaliers,GE1,World Class,10,-0.0701,-0.0238,-0.0389,0.3486,-0.7533,0.6131,0.6793,0.7,-0.201,"2013,2017,2018,2022,2024,2025"
judge_corps_caption,j-harper-1,Jeff Harper,001j000000iwxafaa1,The Cavaliers,GE2,World Class,6,0.0908,-0.0752,0.0389,0.3725,-0.6393,0.8208,0.6513,0.8333,0.2437,"2013,2014,2016,2017,2023"
judge_corps_caption,m-gray-1,Michael Gray,001j000000iwwsraal,Bluecoats,VA,World Class,5,0.1011,0.222,0.0389,0.2521,-0.3931,0.5953,0.4321,0.6,0.4009,"2015,2016,2017,2025"
judge_corps_caption,m-gray-1,Michael Gray,001j000000iwx91aad,Carolina Crown,VA,World Class,5,-0.1012,0.0202,-0.0389,0.186,-0.4657,0.2633,0.2726,0.6,-0.5441,"2016,2017,2018,2019,2025"
judge_corps_caption,t-mengel-1,Tim Mengel,001j000000iwwssaal,Boston Crusaders,MP,World Class,6,0.0908,0.5538,0.0389,0.1581,-0.2191,0.4007,0.2983,0.6667,0.5743,"2017,2018,2022,2023,2024"
judge_corps_caption,c-nelson-1,Carl Nelson,001j000000iwx9qaad,Golden Empire,GE1,Open Class,9,0.0734,0.739,0.0388,0.1354,-0.1919,0.3387,0.3331,0.6667,0.542,"2014,2016,2017,2018,2019,2022,2024"
judge_corps_caption,m-leitzke-1,Mike Leitzke,001j000000iwx9saad,Guardians,MP,Open Class,13,0.0626,0.1563,0.0388,0.1777,-0.2857,0.4109,0.4917,0.6154,0.3524,"2016,2017,2018,2019,2022,2023"
judge_corps_caption,k-kuhn-1,Kim Kuhn,001j000000iwxabaa1,Southwind,VP,Open Class,7,-0.0831,0.1565,-0.0388,0.3043,-0.6796,0.5134,0.6682,0.4286,-0.2732,"2017,2019,2022,2023"
judge_corps_caption,k-giese-1,Ken Giese,001j000000iwx98aad,Colts,GE1,World Class,6,0.0904,0.2046,0.0388,0.3962,-0.6861,0.867,0.7137,0.6667,0.2283,"2018,2019,2022"
judge_corps_caption,c-rapacki-1,Chris Rapacki,001j000000iwx9aaat,Crossmen,MP,World Class,7,-0.0832,-0.0294,-0.0388,0.5724,-1.205,1.0386,0.8904,0.8571,-0.1454,"2019,2023,2025"
judge_corps_caption,d-deems-1,Don Deems,001j000000iwwssaal,Boston Crusaders,GE1,World Class,10,-0.0697,0.001,-0.0387,0.2163,-0.4936,0.3542,0.5165,0.6,-0.3223,"2013,2016,2017,2019,2024,2025"
judge_corps_caption,m-anderson-1,Mike Anderson,001j000000iwxa7aal,Pacific Crest,GE1,World Class,8,-0.0774,0.2745,-0.0387,0.2194,-0.5074,0.3527,0.4085,0.625,-0.3526,"2014,2018,2019"
judge_corps_caption,d-argul-1,Dennis Argul,001j000000iwx9oaad,Genesis,MB,Open Class,9,-0.073,0.4792,-0.0387,0.2032,-0.4712,0.3252,0.4539,0.4444,-0.3594,"2015,2016,2019,2025"
judge_corps_caption,a-dunn-1,Al Dunn,001j000000iwxafaa1,The Cavaliers,MP,World Class,16,-0.058,0.1171,-0.0386,0.1708,-0.3928,0.2768,0.3271,0.625,-0.3393,"2013,2014,2015,2016,2017"
judge_corps_caption,m-hoskins-1,Mark Hoskins,001j000000iwwsraal,Bluecoats,MB,World Class,21,0.0534,0.1708,0.0386,0.2417,-0.4204,0.5271,0.7397,0.8095,0.2207,"2013,2017,2019,2022,2023,2024,2025"
judge_corps_caption,m-leitzke-1,Mike Leitzke,001j000000iwxa0aal,Legends,MP,Open Class,14,0.0607,0.1657,0.0386,0.2398,-0.4093,0.5307,0.727,0.5,0.2532,"2015,2016,2017,2018,2019"
judge_corps_caption,c-clayton-fisher-1,Christine Clayton Fisher,001j000000h3xrnaav,Phantom Regiment,CG,World Class,5,-0.1004,-0.3435,-0.0386,0.8903,-1.8455,1.6446,1.3551,0.8,-0.1128,"2019,2022,2024"
judge_corps_caption,c-nelson-1,Carl Nelson,001j000000iwwslaal,7th Regiment,VP,Open Class,9,-0.0727,0.1279,-0.0385,0.198,-0.4608,0.3153,0.4973,0.4444,-0.3672,"2014,2016,2017,2019,2024"
judge_corps_caption,m-lentz-1,Michael Lentz,001j000000iwxaeaa1,The Academy,CG,World Class,6,-0.0896,0.2217,-0.0384,0.0869,-0.2599,0.0806,0.1847,0.1667,-1.0319,"2013,2016,2017"
judge_corps_caption,g-boulden-1,George Boulden,001j000000iwxajaa1,Troopers,MB,World Class,8,0.0768,0.3999,0.0384,0.1074,-0.1338,0.2873,0.2562,0.625,0.7147,"2013,2014,2015,2018"
judge_corps_caption,c-rothe-1,Caleb Rothe,001j000000f17bwaaa,Watchmen,MA,Open Class,5,-0.0998,-0.4634,-0.0384,0.3966,-0.8772,0.6775,0.7586,0.4,-0.2517,"2014,2015,2016,2017,2019"
judge_corps_caption,c-romanowski-1,Chris Romanowski,001j000000iwwsqaal,Blue Stars,MA,World Class,11,0.0664,0.2171,0.0384,0.0837,-0.0976,0.2304,0.2352,0.5455,0.7937,"2018,2019,2023,2024,2025"
judge_corps_caption,j-pursifull-1,Jack Pursifull,001j000000iwxacaa1,Spartans,VA,Open Class,5,0.0999,0.5324,0.0384,0.0592,-0.016,0.2159,0.1204,0.8,1.6892,"2022,2023,2024,2025"
judge_corps_caption,w-dillon-1,Wayne Dillon,001j000000iwxakaa1,Vanguard Cadets,GE2,Open Class,6,-0.0893,-0.1695,-0.0383,0.706,-1.473,1.2943,1.0567,0.6667,-0.1266,"2014,2015,2018"
judge_corps_caption,t-wingate-1,Travis Wingate,001j000000iwwssaal,Boston Crusaders,VA,World Class,6,0.0893,0.5258,0.0383,0.1159,-0.1379,0.3165,0.2071,0.6667,0.7706,"2019,2023,2024,2025"
judge_corps_caption,m-stone-1,Michael Stone,001j000000iwxa7aal,Pacific Crest,CG,World Class,12,0.0636,0.0756,0.0382,0.3907,-0.7021,0.8293,0.8185,0.75,0.1629,"2013,2014,2015,2016,2017,2018,2022"
judge_corps_caption,c-romanowski-1,Chris Romanowski,001j000000iwwsqaal,Blue Stars,MP,World Class,7,-0.0816,-0.0262,-0.0381,0.245,-0.5618,0.3986,0.4647,0.4286,-0.3331,"2013,2017,2024,2025"
judge_corps_caption,t-wemhoff-1,Ted Wemhoff,001j000000iwx9waad,Jersey Surf,GE1,World Class,10,-0.0683,0.158,-0.038,0.1096,-0.283,0.1464,0.2368,0.4,-0.6236,"2015,2016,2019,2022,2023"
judge_corps_caption,m-mccourt-1,Meghan McCourt,001j000000iwxa3aal,Mandarins,GE1,World Class,6,-0.0887,0.1911,-0.038,0.1465,-0.3759,0.1985,0.2876,0.1667,-0.6052,"2019,2022,2025"
judge_corps_caption,p-mcgarr-1,Paul McGarr,001j000000iwx91aad,Carolina Crown,MB,World Class,29,0.0482,0.0441,0.0378,0.2333,-0.409,0.5055,0.6616,0.8621,0.2067,"2013,2014,2015,2016,2017,2018,2019,2022,2023,2025"
judge_corps_caption,g-boulden-1,George Boulden,001j000000iwwsraal,Bluecoats,MB,World Class,7,-0.0809,0.2253,-0.0378,0.1357,-0.3469,0.185,0.2962,0.4286,-0.5963,"2013,2015,2017,2018"
judge_corps_caption,m-turner-1,Michael Turner,001j000000iwxajaa1,Troopers,GE1,World Class,5,-0.0984,-0.064,-0.0378,0.2791,-0.6453,0.4486,0.3942,0.6,-0.3525,"2013,2014,2016,2017,2018"
judge_corps_caption,c-moss-1,Chris Moss,001j000000iwxa3aal,Mandarins,GE1,World Class,5,0.0983,0.1166,0.0378,0.2085,-0.3104,0.507,0.3788,0.8,0.4714,"2014,2018,2023,2024,2025"
judge_corps_caption,c-nelson-1,Carl Nelson,001j000000iwx9vaad,Incognito,GE1,Open Class,6,0.088,0.8203,0.0377,0.2122,-0.3278,0.5039,0.4208,0.6667,0.415,"2014,2016,2017,2018,2019"
judge_corps_caption,m-hoskins-1,Mark Hoskins,001j000000iwxabaa1,Southwind,MB,Open Class,6,0.088,0.4372,0.0377,0.1519,-0.2097,0.3857,0.3024,0.6667,0.5794,"2016,2017,2018,2019"
judge_corps_caption,t-wingate-1,Travis Wingate,001j000000iwx91aad,Carolina Crown,VA,World Class,8,0.0751,0.4973,0.0376,0.101,-0.1228,0.2731,0.1857,0.625,0.7439,"2019,2023,2024,2025"
judge_corps_caption,a-lo-1,Albert Lo,001j000000iwwsraal,Bluecoats,MB,World Class,16,-0.0562,0.0662,-0.0374,0.3166,-0.6767,0.5644,0.5642,0.8125,-0.1774,"2013,2014,2015,2018,2019,2022"
judge_corps_caption,f-morris-1,Frank Morris,001j000000iwwsraal,Bluecoats,GE1,World Class,9,0.0706,0.3876,0.0374,0.1244,-0.1732,0.3145,0.2715,0.6667,0.5677,"2013,2014,2015,2016"
judge_corps_caption,k-weirich-1,Kyle Weirich,001j000000iwx9paad,Gold,MA,Open Class,7,-0.0801,0.5685,-0.0374,0.1704,-0.414,0.2539,0.343,0.4286,-0.47,"2018,2019,2022"
judge_corps_caption,c-raichle-1,Chris Raichle,001j000000h3xwcaav,Santa Clara Vanguard,CG,World Class,6,-0.087,0.1796,-0.0373,0.0858,-0.2551,0.0811,0.1908,0.3333,-1.0144,"2016,2017,2018,2024"
judge_corps_caption,k-weirich-1,Kyle Weirich,001j000000iwx9saad,Guardians,MA,Open Class,7,-0.08,0.5386,-0.0373,0.2489,-0.5678,0.4077,0.4304,0.5714,-0.3215,"2018,2019,2022"
judge_corps_caption,g-miller-1,Gerry Miller,001j000000h3xwcaav,Santa Clara Vanguard,GE2,World Class,9,-0.0704,0.1563,-0.0372,0.1861,-0.4351,0.2944,0.3926,0.5556,-0.3781,"2022,2024,2025"
judge_corps_caption,n-jones-1,Nola Jones,001j000000iwwsqaal,Blue Stars,GE2,World Class,27,0.048,-0.0498,0.0371,0.1552,-0.2561,0.3521,0.5744,0.7407,0.3095,"2013,2014,2015,2016,2017,2018,2019,2022,2023,2024,2025"
judge_corps_caption,c-armbruster-1,Chad Armbruster,001j000000h3xrnaav,Phantom Regiment,GE2,World Class,5,-0.0962,-0.2246,-0.037,0.589,-1.2506,1.0582,0.8756,0.8,-0.1633,"2016,2019,2022,2024,2025"
judge_corps_caption,j-gilley-1,Jackie Gilley,001j000000iwx9aaat,Crossmen,CG,World Class,5,0.096,0.1922,0.0369,0.2871,-0.4668,0.6588,0.4481,0.4,0.3342,"2013,2014,2024"
judge_corps_caption,b-fabrizio-1,Beth Fabrizio,001j000000iwwslaal,7th Regiment,MA,Open Class,11,-0.0637,0.5592,-0.0369,0.2395,-0.5331,0.4057,0.5697,0.2727,-0.266,"2013,2014,2016,2017,2018,2022,2024,2025"
judge_corps_caption,b-kuhn-1,Blair Kuhn,001j000000h3xrnaav,Phantom Regiment,VA,World Class,16,-0.0553,-0.2919,-0.0369,0.4568,-0.9506,0.84,1.372,0.75,-0.121,"2017,2018,2019,2022,2023,2024,2025"
judge_corps_caption,c-rapacki-1,Chris Rapacki,001j000000iwxacaa1,Spartans,MP,Open Class,5,0.0958,0.2956,0.0369,0.2642,-0.422,0.6137,0.501,0.6,0.3628,"2022,2023,2025"
judge_corps_caption,j-prosperie-1,Jeff Prosperie,001j000000iwwsqaal,Blue Stars,MP,World Class,21,-0.0508,0.0834,-0.0368,0.0791,-0.2058,0.1042,0.3194,0.4286,-0.6419,"2013,2014,2015,2016,2017,2018,2019,2024,2025"
judge_corps_caption,m-bowers-1,Michele Bowers,001j000000i6jmbaaf,Blue Devils B,CG,Open Class,5,-0.0957,0.4896,-0.0368,0.2416,-0.5693,0.3779,0.402,0.6,-0.396,2017
judge_corps_caption,n-jones-1,Nola Jones,001j000000h3xwcaav,Santa Clara Vanguard,GE2,World Class,30,0.0463,-0.0403,0.0366,0.2257,-0.3961,0.4887,0.7143,0.7667,0.2052,"2013,2014,2015,2016,2017,2018,2019,2024,2025"
judge_corps_caption,m-mcgahey-1,Mark McGahey,001j000000i6kfgaan,The Cadets,GE2,World Class,12,-0.0609,-0.1287,-0.0366,0.3919,-0.829,0.7072,0.6808,0.75,-0.1555,"2014,2017,2018,2019,2022,2023"
judge_corps_caption,s-adamo-1,Sal Adamo,001j000000i6lenaa3,Madison Scouts,VP,World Class,6,0.0853,0.3199,0.0366,0.123,-0.1558,0.3265,0.2172,0.6667,0.6937,"2015,2016,2023,2024"
judge_corps_caption,t-fox-1,Todd Fox,001j000000i6kfgaan,The Cadets,MP,World Class,8,-0.0733,0.2866,-0.0366,0.169,-0.4044,0.2579,0.3816,0.375,-0.4335,"2016,2019,2022"
judge_corps_caption,w-rickart-1,Warren Rickart,001j000000iwxa3aal,Mandarins,GE1,World Class,11,-0.0633,0.2648,-0.0366,0.0848,-0.2295,0.103,0.2188,0.3636,-0.7456,"2019,2022,2023,2024,2025"
judge_corps_caption,m-davis-1,Mike Davis,001j0000012y6bqaac,The Battalion,MP,Open Class,8,0.0732,0.7316,0.0366,0.2728,-0.4615,0.6079,0.5738,0.625,0.2684,"2022,2023,2024,2025"
judge_corps_caption,t-wingate-1,Travis Wingate,001j000000qzs1qaaf,River City Rhythm,VA,Open Class,6,0.0851,0.4967,0.0365,0.1683,-0.2447,0.415,0.2977,0.5,0.5058,"2022,2023,2025"
judge_corps_caption,w-chumley-1,William Chumley,001j000000iwx98aad,Colts,VA,World Class,8,-0.0728,-0.0322,-0.0364,0.3937,-0.8445,0.6988,0.6489,0.75,-0.185,"2013,2014,2018,2019,2023,2025"
judge_corps_caption,t-wingate-1,Travis Wingate,001j000000iwx97aad,Colt Cadets,VA,Open Class,6,0.0849,0.3878,0.0364,0.0714,-0.055,0.2248,0.1295,0.5,1.1896,"2022,2023,2025"
judge_corps_caption,t-fox-1,Todd Fox,001j000000iwx97aad,Colt Cadets,MP,Open Class,6,0.0848,0.3171,0.0363,0.3066,-0.5161,0.6856,0.4834,0.5,0.2765,"2014,2016,2017"
judge_corps_caption,b-jones-1,Bruce Jones,001j000000iwwssaal,Boston Crusaders,VP,World Class,11,0.0624,0.3034,0.0361,0.2341,-0.3965,0.5212,0.5687,0.6364,0.2664,"2013,2014,2015,2016,2019,2023,2024,2025"
judge_corps_caption,c-rothe-1,Caleb Rothe,001j000000iwx93aad,Seattle Cascades,MP,World Class,6,-0.0842,-0.2452,-0.0361,0.309,-0.6898,0.5215,0.6026,0.6667,-0.2723,"2013,2014,2015,2016,2025"
judge_corps_caption,c-rothe-1,Caleb Rothe,001j000000iwwsoaal,Blue Knights,GE2,World Class,20,0.0505,0.14,0.0361,0.1153,-0.1754,0.2764,0.3689,0.65,0.4382,"2014,2016,2017,2018,2019,2022,2023,2024,2025"
judge_corps_caption,r-rios-1,Ronnie Rios,001j000000iwxafaa1,The Cavaliers,MB,World Class,8,-0.0723,0.3599,-0.0361,0.0971,-0.2626,0.1181,0.1994,0.625,-0.7441,"2015,2016,2019,2025"
judge_corps_caption,d-carbone-1,Dave Carbone,001j000000h3xwcaav,Santa Clara Vanguard,MA,World Class,22,0.0491,0.2321,0.036,0.2676,-0.4753,0.5736,0.6139,0.8182,0.1837,"2013,2014,2015,2016,2017,2019,2022,2024,2025"
judge_corps_caption,b-mascaro-1,Bret Mascaro,001j000000iwwsqaal,Blue Stars,VP,World Class,7,0.0771,-0.0953,0.036,0.5428,-0.9867,1.141,0.9613,0.8571,0.1421,"2014,2015,2016,2022,2023"
judge_corps_caption,r-greenwell-1,Randy Greenwell,001j000000h3xwcaav,Santa Clara Vanguard,GE2,World Class,10,-0.0646,-0.3779,-0.0359,0.5283,-1.1001,0.9708,1.2013,0.8,-0.1224,"2014,2015,2016,2017,2019,2022"
judge_corps_caption,t-pierce-1,Tim Pierce,001j000000iwx9aaat,Crossmen,VA,World Class,6,-0.0837,0.165,-0.0359,0.345,-0.7598,0.5925,0.615,0.5,-0.2425,"2019,2022,2023,2024"
judge_corps_caption,m-teal-1,Mark Teal,001j000000i6i9saav,Blue Devils,MP,World Class,7,-0.0767,0.2524,-0.0358,0.3486,-0.7599,0.6066,0.5773,0.7143,-0.2199,"2016,2022,2023,2024,2025"
judge_corps_caption,h-bassett-1,Helen Bassett,001j000000iwxadaa1,Spirit of Atlanta,VP,World Class,6,-0.0833,0.1909,-0.0357,0.1476,-0.3727,0.206,0.2717,0.3333,-0.5645,"2015,2016,2017"
judge_corps_caption,k-young-1,Kyle Young,001j000000i6lenaa3,Madison Scouts,GE2,World Class,5,-0.0929,0.1736,-0.0357,0.2077,-0.4999,0.3141,0.3372,0.6,-0.4476,"2019,2022,2024"
judge_corps_caption,j-ausdemore-1,Jeff Ausdemore,001j000000h3xrnaav,Phantom Regiment,MP,World Class,20,0.0499,-0.0849,0.0356,0.2253,-0.3918,0.4916,0.7445,0.65,0.2214,"2014,2015,2016,2017,2018,2019,2022"
judge_corps_caption,b-jones-1,Bruce Jones,001j000000iwx9waad,Jersey Surf,VP,World Class,5,-0.0922,0.1199,-0.0355,0.2528,-0.5877,0.4033,0.4726,0.4,-0.3647,"2014,2016,2019"
judge_corps_caption,t-wemhoff-1,Ted Wemhoff,001j000000iwwsqaal,Blue Stars,GE1,World Class,19,0.0504,0.2872,0.0355,0.0686,-0.084,0.1848,0.2578,0.5263,0.7348,"2015,2016,2017,2018,2019,2022,2023,2025"
judge_corps_caption,j-orefice-1,Juno Orefice,001j000000iwxa0aal,Legends,VA,Open Class,8,-0.0707,0.4888,-0.0354,0.5468,-1.1424,1.0009,1.0861,0.75,-0.1294,"2013,2014,2015,2016,2017,2019"
judge_corps_caption,c-romanowski-1,Chris Romanowski,001j000000iwxaaaa1,Raiders,MA,Open Class,9,0.0669,0.2755,0.0354,0.1902,-0.3058,0.4396,0.4801,0.4444,0.3519,"2013,2019,2023,2024"
judge_corps_caption,m-griffin-1,Marty Griffin,001j000000iwx9saad,Guardians,MP,Open Class,6,-0.0825,-0.1736,-0.0354,0.4585,-0.9812,0.8162,0.9635,0.3333,-0.1799,"2014,2016,2017,2018"
judge_corps_caption,p-madden-1,Phil Madden,001j000000iwxaeaa1,The Academy,VA,World Class,6,0.0825,0.2774,0.0354,0.2013,-0.3121,0.477,0.4182,0.6667,0.4098,"2015,2016,2023,2024"
judge_corps_caption,k-turner-1,Ken Turner,001j000000iwx9waad,Jersey Surf,GE2,World Class,12,-0.0584,0.3202,-0.0351,0.2739,-0.5953,0.4784,0.556,0.6667,-0.2133,"2013,2014,2015,2016,2017,2019,2022,2024"
judge_corps_caption,k-miller-1,Kyle Miller,001j000000qzs1qaaf,River City Rhythm,GE1,Open Class,6,0.0818,-0.6099,0.0351,0.5003,-0.8989,1.0625,0.8493,0.8333,0.1635,"2015,2023,2024,2025"
judge_corps_caption,b-jones-1,Bruce Jones,001j000000iwwssaal,Boston Crusaders,GE1,World Class,6,-0.0817,0.3004,-0.035,0.1131,-0.3033,0.1399,0.2417,0.3333,-0.7224,"2013,2014,2015,2017,2025"
judge_corps_caption,g-markham-1,Garland Markham,001j000000iwwssaal,Boston Crusaders,MA,World Class,8,0.07,0.3613,0.035,0.0901,-0.1066,0.2465,0.2182,0.625,0.7768,"2014,2016,2017,2018,2019"
judge_corps_caption,m-howard-1,Mike Howard,001j000000i6lenaa3,Madison Scouts,GE2,World Class,5,-0.0909,0.088,-0.035,0.2489,-0.5788,0.3969,0.3403,0.8,-0.3653,"2024,2025"
judge_corps_caption,d-torchia-1,Debbie Torchia,001j000000iwx93aad,Seattle Cascades,VA,World Class,11,0.0602,0.1753,0.0349,0.0945,-0.125,0.2455,0.2322,0.5455,0.6373,"2013,2014,2015,2016,2018,2019,2025"
judge_corps_caption,d-deems-1,Don Deems,001j000000iwwsqaal,Blue Stars,GE1,World Class,15,-0.0535,0.0083,-0.0349,0.2528,-0.549,0.442,0.7023,0.6667,-0.2117,"2013,2016,2017,2019,2022,2023,2024,2025"
judge_corps_caption,c-phillips-1,Chester Phillips,001j000000iwwsraal,Bluecoats,MB,World Class,13,-0.0564,0.1772,-0.0349,0.1127,-0.2773,0.1645,0.2018,0.6154,-0.5004,"2013,2015,2016,2017,2018,2019,2023"
judge_corps_caption,c-raichle-1,Chris Raichle,001j000000i6lenaa3,Madison Scouts,CG,World Class,12,-0.0582,0.1624,-0.0349,0.2723,-0.5919,0.4755,0.5567,0.6667,-0.2139,"2016,2017,2018,2022,2024,2025"
judge_corps_caption,t-wingate-1,Travis Wingate,001j000000iwwsqaal,Blue Stars,VA,World Class,7,0.0747,0.4922,0.0349,0.0686,-0.0598,0.2092,0.1472,0.7143,1.0887,"2019,2023,2024,2025"
judge_corps_caption,c-phillips-1,Chester Phillips,001j000000iwxaeaa1,The Academy,MB,World Class,11,0.06,0.294,0.0347,0.1109,-0.1574,0.2774,0.2741,0.5455,0.5409,"2013,2016,2017,2018,2022,2025"
judge_corps_caption,m-thompson-1,Michael Thompson,001j000000iwwsqaal,Blue Stars,VP,World Class,7,0.0741,0.4458,0.0346,0.1074,-0.1364,0.2846,0.2174,0.7143,0.6897,"2013,2014,2019,2022"
judge_corps_caption,t-slaughter-1,Tom Slaughter,001j000000iwxa5aal,Music City,VA,World Class,8,-0.0692,0.3586,-0.0346,0.1278,-0.3198,0.1814,0.3187,0.375,-0.5413,"2019,2022,2023,2025"
judge_corps_caption,c-romanowski-1,Chris Romanowski,001j000000iwx9uaad,Impulse,MP,Open Class,6,-0.0806,0.0005,-0.0345,0.4533,-0.9691,0.8079,0.8804,0.5,-0.1778,"2014,2016,2017,2023,2024"
judge_corps_caption,d-deems-1,Don Deems,001j000000iwx9paad,Gold,GE1,Open Class,5,-0.0897,0.6881,-0.0345,0.3641,-0.8032,0.6239,0.5616,0.2,-0.2463,"2017,2023,2024,2025"
judge_corps_caption,d-padilla-1,Damon Padilla,001j000000i6lenaa3,Madison Scouts,GE1,World Class,7,0.0739,0.1666,0.0345,0.0582,-0.0402,0.1879,0.1297,0.5714,1.2688,"2022,2023,2024,2025"
judge_corps_caption,j-harper-1,Jeff Harper,001j000000i6lenaa3,Madison Scouts,GE2,World Class,7,-0.0736,-0.246,-0.0344,0.4229,-0.9024,0.7552,0.6643,0.8571,-0.1741,"2013,2014,2016,2017,2023"
judge_corps_caption,g-howarth-1,Gifford Howarth,001j000000h3xrnaav,Phantom Regiment,MP,World Class,13,-0.0555,0.1492,-0.0344,0.2595,-0.5641,0.4531,0.6078,0.6154,-0.214,"2013,2014,2015,2016,2017,2018,2019,2024"
judge_corps_caption,j-kennedy-1,Jay Kennedy,001j000000iwwsqaal,Blue Stars,GE2,World Class,6,-0.0802,-0.2607,-0.0344,0.4927,-1.0459,0.8855,0.8146,0.5,-0.1628,"2014,2017,2018,2024"
judge_corps_caption,r-greenwell-1,Randy Greenwell,001j000000iwxa7aal,Pacific Crest,MA,World Class,9,0.065,0.124,0.0344,0.1679,-0.2641,0.394,0.375,0.7778,0.3871,"2015,2016,2019,2022"
judge_corps_caption,d-carbone-1,Dave Carbone,001j000000i6lenaa3,Madison Scouts,GE2,World Class,6,-0.0801,-0.0756,-0.0343,0.4345,-0.9317,0.7715,0.6537,0.8333,-0.1844,"2013,2014,2016,2023,2025"
judge_corps_caption,m-thompson-1,Michael Thompson,001j000000iwx98aad,Colts,CG,World Class,14,0.0539,0.2884,0.0343,0.2201,-0.3776,0.4854,0.6091,0.7143,0.2448,"2014,2015,2016,2017,2019,2023,2024"
judge_corps_caption,j-gilley-1,Jackie Gilley,001j000000iwx97aad,Colt Cadets,GE1,Open Class,6,-0.0799,0.6282,-0.0342,0.3233,-0.7136,0.5539,0.5691,0.3333,-0.247,"2013,2015,2018,2019"
judge_corps_caption,r-kemp-1,Richard Kemp,001j000000iwx93aad,Seattle Cascades,GE1,World Class,7,0.0732,-0.0865,0.0342,0.0858,-0.095,0.2413,0.1786,0.4286,0.853,"2013,2014,2015"
judge_corps_caption,d-torchia-1,Debbie Torchia,001j000000iwxa3aal,Mandarins,GE1,World Class,6,0.0797,0.1597,0.0342,0.3131,-0.534,0.6934,0.5562,0.8333,0.2546,"2014,2017,2023"
judge_corps_caption,m-stone-1,Michael Stone,001j000000iwxajaa1,Troopers,CG,World Class,8,-0.0683,-0.0778,-0.0342,0.3028,-0.6618,0.5252,0.6093,0.375,-0.2256,"2014,2016,2017,2018,2019,2022"
judge_corps_caption,w-chumley-1,William Chumley,001j000000iwx93aad,Seattle Cascades,VP,World Class,9,-0.0645,-0.1339,-0.0341,0.2487,-0.5518,0.4229,0.5496,0.3333,-0.2593,"2014,2017,2018,2023,2024,2025"
judge_corps_caption,r-solomon-1,Robert Solomon,001j000000iwx93aad,Seattle Cascades,CG,World Class,9,-0.0642,0.0752,-0.034,0.4505,-0.9473,0.8189,0.8476,0.6667,-0.1425,"2013,2014,2015,2018,2023,2025"
judge_corps_caption,j-carlisle-1,JR Carlisle,001j000000iwwsqaal,Blue Stars,VA,World Class,5,0.0885,0.3804,0.034,0.1678,-0.2405,0.4174,0.2793,0.4,0.5271,"2013,2016"
judge_corps_caption,m-gray-1,Michael Gray,001j000000iwx9aaat,Crossmen,GE1,World Class,11,0.0586,0.1481,0.0339,0.0719,-0.0824,0.1996,0.2112,0.5455,0.8147,"2016,2017,2018,2019"
judge_corps_caption,b-crisp-1,Bryan Crisp,001j000000iwx98aad,Colts,MB,World Class,11,0.0585,0.1019,0.0339,0.317,-0.5629,0.6798,0.7322,0.8182,0.1845,"2019,2023,2024,2025"
judge_corps_caption,t-wemhoff-1,Ted Wemhoff,001j000000iwxa0aal,Legends,GE1,Open Class,8,-0.0676,0.0888,-0.0338,0.194,-0.4479,0.3126,0.4698,0.5,-0.3485,"2015,2016,2017,2018,2019,2022"
judge_corps_caption,b-kuhn-1,Blair Kuhn,001j000000iwwsraal,Bluecoats,VA,World Class,18,-0.0489,-0.2744,-0.0338,0.3948,-0.8227,0.725,1.1211,0.8333,-0.1237,"2017,2018,2019,2022,2023,2025"
judge_corps_caption,g-miller-1,Gerry Miller,001j000000iwx91aad,Carolina Crown,GE2,World Class,10,0.0608,0.2753,0.0338,0.0983,-0.1318,0.2534,0.255,0.5,0.6186,"2022,2023,2024,2025"
judge_corps_caption,g-llacer-1,Greg Llacer,001j000000iwxa7aal,Pacific Crest,GE1,World Class,6,0.079,0.4677,0.0338,0.1564,-0.2275,0.3855,0.2056,0.3333,0.5051,"2022,2023,2024"
judge_corps_caption,m-davis-1,Mike Davis,001j000000i6lenaa3,Madison Scouts,MP,World Class,17,-0.0496,0.1395,-0.0337,0.2481,-0.5359,0.4367,0.5723,0.6471,-0.1998,"2013,2017,2018,2019,2022,2023,2024,2025"
judge_corps_caption,m-griffin-1,Marty Griffin,001j000000iwwsraal,Bluecoats,MP,World Class,30,-0.0426,0.1991,-0.0336,0.1289,-0.2951,0.21,0.4417,0.6,-0.3303,"2013,2014,2015,2017,2018,2019,2023,2025"
judge_corps_caption,h-nguyen-1,Hieu Nguyen,001j000000iwx9aaat,Crossmen,VP,World Class,10,0.0601,0.1943,0.0334,0.1356,-0.2056,0.3258,0.3532,0.5,0.4435,"2014,2015,2016,2017,2018,2022,2023,2025"
judge_corps_caption,c-guard-1,Color Guard,001j000000iwwsraal,Bluecoats,CG,World Class,12,0.0556,0.2084,0.0334,0.2662,-0.4662,0.5774,0.5957,0.75,0.2088,"2015,2017,2018,2019,2022,2023"
judge_corps_caption,j-wilson-1,Jeff Wilson,001j000000h3xrnaav,Phantom Regiment,MP,World Class,6,0.0779,-0.1841,0.0334,0.4458,-0.796,0.9517,0.899,0.6667,0.1747,"2015,2017,2018,2019,2022"
judge_corps_caption,d-torchia-1,Debbie Torchia,001j000000iwxaeaa1,The Academy,CG,World Class,6,-0.0777,-0.1982,-0.0333,0.8487,-1.741,1.5857,1.3311,0.8333,-0.0915,"2013,2016,2017,2018"
judge_corps_caption,s-page-1,Steven Page,001j000000iwxa5aal,Music City,MB,Open Class,19,-0.0474,0.2541,-0.0333,0.1961,-0.4317,0.337,0.4522,0.5263,-0.2416,"2013,2014,2015,2016,2017,2018,2019,2022,2024,2025"
judge_corps_caption,m-howard-1,Mike Howard,001j000000iwx97aad,Colt Cadets,GE2,Open Class,5,-0.0864,0.1589,-0.0332,0.2983,-0.6711,0.4983,0.4687,0.4,-0.2897,"2024,2025"
judge_corps_caption,e-martinez-1,Ed Martinez,001j000000iwx9uaad,Impulse,VP,Open Class,5,0.0859,0.7144,0.0331,0.557,-1.0058,1.1777,0.9381,0.8,0.1543,"2018,2019,2022,2024"
judge_corps_caption,b-jones-1,Bruce Jones,001j000000h3xrnaav,Phantom Regiment,VP,World Class,10,0.0594,0.2751,0.033,0.153,-0.2405,0.3593,0.3565,0.5,0.3882,"2013,2014,2015,2018,2019,2024"
judge_corps_caption,r-solomon-1,Robert Solomon,001j000000h3xwcaav,Santa Clara Vanguard,VP,World Class,19,-0.0467,-0.0109,-0.0329,0.2739,-0.5836,0.4902,0.6637,0.7368,-0.1705,"2013,2015,2017,2018,2019,2024,2025"
judge_corps_caption,j-prosperie-1,Jeff Prosperie,001j000000i6kfgaan,The Cadets,MP,World Class,27,0.0426,0.1742,0.0329,0.13,-0.2122,0.2974,0.421,0.6667,0.3278,"2013,2014,2015,2016,2017,2018,2019"
judge_corps_caption,a-lo-1,Albert Lo,001j000000iwwssaal,Boston Crusaders,GE2,World Class,6,0.0767,0.3221,0.0329,0.0697,-0.0599,0.2133,0.1497,0.8333,1.1008,"2013,2014,2015,2018"
judge_corps_caption,l-carlson-1,Lee Carlson,001j000000iwxadaa1,Spirit of Atlanta,CG,World Class,8,0.0657,0.1457,0.0329,0.2218,-0.369,0.5004,0.476,0.5,0.2964,"2013,2014,2016"
judge_corps_caption,s-adamo-1,Sal Adamo,001j000000iwx98aad,Colts,GE1,World Class,5,-0.0855,0.2593,-0.0329,0.1618,-0.4027,0.2317,0.2905,0.4,-0.5285,"2014,2016,2018,2022,2025"
judge_corps_caption,s-adamo-1,Sal Adamo,001j000000i6kfgaan,The Cadets,VP,World Class,14,0.0514,0.3024,0.0327,0.1656,-0.2732,0.3759,0.4018,0.7143,0.3102,"2013,2014,2015,2016,2017,2019,2022,2023"
judge_corps_caption,m-stone-1,Michael Stone,001j000000iwxa8aal,Pioneer,GE1,World Class,12,0.0545,-0.1424,0.0327,0.3125,-0.558,0.6671,0.7674,0.75,0.1745,"2014,2015,2016,2017,2018"
judge_corps_caption,t-ochran-1,Timothy Ochran,001j000000iwwsqaal,Blue Stars,VA,World Class,18,-0.0471,-0.2438,-0.0326,0.5323,-1.0904,0.9962,1.3127,0.8889,-0.0885,"2013,2015,2016,2017,2018,2019,2024,2025"
judge_corps_caption,g-oliviero-1,George Oliviero,001j000000iwxa6aal,Oregon Crusaders,VA,World Class,5,0.0846,-0.0487,0.0325,0.1311,-0.1723,0.3415,0.2471,0.8,0.6455,"2013,2014,2018"
judge_corps_caption,j-rhodes-1,Jodie Rhodes,001j000000iwxafaa1,The Cavaliers,GE2,World Class,9,-0.0615,0.3162,-0.0325,0.2118,-0.4765,0.3536,0.4296,0.5556,-0.2903,"2022,2023,2024,2025"
judge_corps_caption,j-pursifull-1,Jack Pursifull,001j000000iwxadaa1,Spirit of Atlanta,VA,World Class,5,-0.0844,0.2584,-0.0325,0.1607,-0.3995,0.2306,0.2899,0.6,-0.5251,"2024,2025"
judge_corps_caption,a-dunn-1,Al Dunn,001j000000iwxajaa1,Troopers,MA,World Class,5,0.084,0.4722,0.0323,0.1455,-0.2012,0.3691,0.2031,0.8,0.5772,"2013,2015,2017,2018,2019"
judge_corps_caption,j-brooks-1,Jeff Brooks,001j000000iwx9waad,Jersey Surf,MP,World Class,10,0.0581,0.3682,0.0323,0.2951,-0.5203,0.6365,0.6638,0.6,0.1967,"2018,2019,2022,2023,2024"
judge_corps_caption,j-gilley-1,Jackie Gilley,001j000000iwxa3aal,Mandarins,CG,World Class,5,0.0838,0.2412,0.0322,0.4411,-0.7808,0.9484,0.7352,0.8,0.19,"2013,2014,2015,2023"
judge_corps_caption,c-rothe-1,Caleb Rothe,001j000000iwx9qaad,Golden Empire,MP,Open Class,8,0.0642,-0.2843,0.0321,0.2997,-0.5233,0.6517,0.6742,0.5,0.2142,"2014,2015,2016,2017,2022,2023"
judge_corps_caption,m-mccourt-1,Meghan McCourt,001j000000iwwsqaal,Blue Stars,GE1,World Class,7,0.0687,0.3209,0.0321,0.1663,-0.2573,0.3948,0.2781,0.5714,0.4132,"2019,2022,2023,2025"
judge_corps_caption,d-aydelott-1,David Aydelott,001j000000iwwsraal,Bluecoats,MA,World Class,5,-0.0832,-0.2165,-0.032,0.649,-1.3553,1.1889,0.9877,0.8,-0.1282,"2016,2019"
judge_corps_caption,c-phillips-1,Chester Phillips,001j000000iwwssaal,Boston Crusaders,GE2,World Class,7,0.0685,0.312,0.032,0.1005,-0.1284,0.2655,0.25,0.5714,0.6821,"2018,2019,2023,2025"
judge_corps_caption,m-mullinix-1,Max Mullinix,001j000000iwxajaa1,Troopers,MP,World Class,5,0.0828,0.2165,0.0319,0.1363,-0.1843,0.3499,0.194,0.4,0.6078,"2013,2014,2015"
judge_corps_caption,j-kennedy-1,Jay Kennedy,001j000000iwxafaa1,The Cavaliers,GE2,World Class,11,0.0551,-0.1344,0.0319,0.4158,-0.7599,0.87,0.9947,0.7273,0.1324,"2013,2014,2015,2017,2018,2019,2024"
judge_corps_caption,j-kennedy-1,Jay Kennedy,001j000000i6lenaa3,Madison Scouts,MA,World Class,21,-0.044,0.2782,-0.0319,0.0841,-0.2089,0.1209,0.3055,0.5238,-0.5229,"2013,2014,2015,2016,2017,2018,2019,2023,2025"
judge_corps_caption,j-sturgeon-1,Jim Sturgeon,001j000000i6i9saav,Blue Devils,VP,World Class,14,-0.05,0.1553,-0.0318,0.3321,-0.7008,0.6008,0.6621,0.7143,-0.1506,"2014,2018,2019,2022,2023,2024,2025"
judge_corps_caption,h-nguyen-1,Hieu Nguyen,001j000000iwxa7aal,Pacific Crest,VP,World Class,7,-0.0682,0.0986,-0.0318,0.195,-0.4505,0.3141,0.3762,0.4286,-0.3498,"2015,2017,2023,2024,2025"
judge_corps_caption,m-teal-1,Mark Teal,001j000000i6lenaa3,Madison Scouts,MP,World Class,7,-0.0681,0.2274,-0.0318,0.4473,-0.9448,0.8085,0.948,0.5714,-0.1523,"2016,2018,2024,2025"
judge_corps_caption,j-brooks-1,Jeff Brooks,001j000000iwwsoaal,Blue Knights,MP,World Class,18,-0.0459,0.2929,-0.0318,0.2923,-0.6189,0.5271,0.7784,0.6667,-0.1569,"2019,2022,2023,2024,2025"
judge_corps_caption,g-howarth-1,Gifford Howarth,001j000000iwx93aad,Seattle Cascades,MP,World Class,13,0.0513,0.2682,0.0317,0.1904,-0.322,0.4245,0.5392,0.6154,0.2692,"2013,2014,2015,2016,2017,2018,2019,2023,2025"
judge_corps_caption,g-fugett-1,Glenn Fugett,001j000000iwx9aaat,Crossmen,MP,World Class,9,-0.0598,-0.5349,-0.0316,0.4824,-1.0054,0.8858,1.114,0.5556,-0.1239,"2013,2014,2015,2018,2019,2023"
judge_corps_caption,m-hoskins-1,Mark Hoskins,001j000000iwxa1aal,Les Stentors,MB,Open Class,8,0.0629,0.2643,0.0315,0.2056,-0.3401,0.4659,0.4434,0.625,0.306,"2015,2017,2019,2024"
judge_corps_caption,g-oliviero-1,George Oliviero,001j000000iwx93aad,Seattle Cascades,VA,World Class,8,0.0628,-0.0173,0.0314,0.1528,-0.2367,0.3624,0.3535,0.625,0.4111,"2013,2014,2015,2023,2024,2025"
judge_corps_caption,w-dillon-1,Wayne Dillon,001j000000i6kfgaan,The Cadets,MA,World Class,12,-0.0522,-0.1077,-0.0313,0.2392,-0.5211,0.4167,0.3967,0.75,-0.2182,"2013,2015,2017,2018,2019,2022"
judge_corps_caption,m-mcgahey-1,Mark McGahey,001j000000iwxadaa1,Spirit of Atlanta,MB,World Class,8,-0.0626,-0.4784,-0.0313,0.4328,-0.9108,0.7857,0.8721,0.75,-0.1446,"2013,2014,2015,2016,2023"
judge_corps_caption,c-phillips-1,Chester Phillips,001j000000h3xrnaav,Phantom Regiment,GE2,World Class,5,-0.0813,0.1477,-0.0313,0.1171,-0.3108,0.1482,0.2068,0.2,-0.6944,"2013,2019,2023,2025"
judge_corps_caption,p-madden-1,Phil Madden,001j000000iwxa7aal,Pacific Crest,GE1,World Class,7,0.0669,0.1567,0.0312,0.1849,-0.2956,0.4294,0.3873,0.7143,0.3618,"2016,2018,2022,2023"
judge_corps_caption,j-harper-1,Jeff Harper,001j000000iwxadaa1,Spirit of Atlanta,MA,World Class,10,0.0562,-0.0736,0.0312,0.3061,-0.5437,0.6561,0.6542,0.7,0.1836,"2017,2019,2023,2024,2025"
judge_corps_caption,c-clayton-fisher-1,Christine Clayton Fisher,001j000000iwx97aad,Colt Cadets,CG,Open Class,7,0.0669,0.6195,0.0312,0.1996,-0.3243,0.458,0.3516,0.7143,0.3351,"2019,2022,2023,2024"
judge_corps_caption,p-madden-1,Phil Madden,001j000000iwx98aad,Colts,VA,World Class,6,-0.0725,0.1275,-0.0311,0.3066,-0.6734,0.5285,0.4407,0.6667,-0.2364,"2015,2016,2018,2019,2023,2024"
judge_corps_caption,b-crisp-1,Bryan Crisp,001j000000h3xrnaav,Phantom Regiment,MB,World Class,12,0.0518,0.0756,0.0311,0.2593,-0.4565,0.56,0.5862,0.75,0.1996,"2018,2023,2024,2025"
judge_corps_caption,d-aydelott-1,David Aydelott,001j000000h3xrnaav,Phantom Regiment,MA,World Class,7,-0.0663,-0.2029,-0.031,0.4545,-0.9571,0.8244,0.8116,0.7143,-0.146,"2016,2017,2018,2019"
judge_corps_caption,d-torchia-1,Debbie Torchia,001j000000iwwssaal,Boston Crusaders,VA,World Class,19,0.0439,0.1592,0.0309,0.2003,-0.3486,0.4365,0.545,0.6842,0.2194,"2013,2014,2015,2016,2018,2019,2022,2023,2024,2025"
judge_corps_caption,n-jones-1,Nola Jones,001j000000i6i9saav,Blue Devils,GE2,World Class,33,0.0383,-0.0549,0.0309,0.2017,-0.357,0.4337,0.6369,0.7273,0.1901,"2013,2014,2015,2016,2017,2018,2019,2023,2025"
judge_corps_caption,c-nelson-1,Carl Nelson,001j000000iwx9qaad,Golden Empire,VP,Open Class,18,-0.0446,0.2292,-0.0309,0.3047,-0.6419,0.5526,0.9312,0.5,-0.1465,"2014,2016,2017,2019,2022,2023,2024"
judge_corps_caption,d-argul-1,Dennis Argul,001j000000iwxa5aal,Music City,MB,Open Class,13,0.0499,0.6307,0.0309,0.18,-0.3029,0.4026,0.4601,0.6154,0.2771,"2015,2016,2017,2019,2025"
judge_corps_caption,m-kelly-1,Mickey Kelly,001j000000iwxafaa1,The Cavaliers,GE1,World Class,19,0.0438,-0.0579,0.0308,0.3143,-0.5723,0.6599,0.831,0.8947,0.1394,"2013,2014,2015,2016,2017,2018,2019"
judge_corps_caption,g-fugett-1,Glenn Fugett,001j000000h3xrnaav,Phantom Regiment,GE2,World Class,24,-0.0411,-0.1823,-0.0308,0.2558,-0.5424,0.4602,0.7336,0.75,-0.1606,"2013,2014,2015,2016,2017,2018,2019,2022,2023,2024,2025"
judge_corps_caption,k-weirich-1,Kyle Weirich,001j000000iwxafaa1,The Cavaliers,MB,World Class,7,0.0661,-1.0011,0.0308,0.7603,-1.424,1.5561,1.3206,0.7143,0.0869,"2014,2015,2017,2022,2024"
judge_corps_caption,k-turner-1,Ken Turner,001j000000i6i9saav,Blue Devils,GE2,World Class,17,0.0452,0.4489,0.0307,0.0998,-0.1504,0.2409,0.2765,0.5294,0.4529,"2013,2014,2015,2016,2017,2024,2025"
judge_corps_caption,m-hoskins-1,Mark Hoskins,001j000000iwx9aaat,Crossmen,MB,World Class,16,0.046,0.1564,0.0307,0.1858,-0.3181,0.4101,0.4647,0.875,0.2477,"2013,2016,2017,2019,2022,2023,2024"
judge_corps_caption,p-madden-1,Phil Madden,001j000000iwxa3aal,Mandarins,VA,World Class,9,-0.0579,0.1885,-0.0306,0.2943,-0.6348,0.519,0.5511,0.6667,-0.1966,"2015,2018,2019,2022,2023,2025"
judge_corps_caption,j-denton-1,Joel Denton,001j000000iwxa0aal,Legends,GE2,Open Class,7,-0.0655,0.5054,-0.0306,0.1703,-0.3992,0.2682,0.354,0.5714,-0.3847,"2015,2017,2022"
judge_corps_caption,c-phillips-1,Chester Phillips,001j000000iwxafaa1,The Cavaliers,MB,World Class,10,0.0549,0.2773,0.0305,0.0817,-0.1052,0.215,0.1928,0.7,0.6722,"2013,2016,2017,2018,2019"
judge_corps_caption,t-pierce-1,Tim Pierce,001j000000iwxa3aal,Mandarins,VA,World Class,6,0.0713,0.3748,0.0305,0.0882,-0.1016,0.2441,0.1709,0.5,0.8083,"2019,2023,2025"
judge_corps_caption,r-solomon-1,Robert Solomon,001j000000iwxa8aal,Pioneer,CG,World Class,6,0.0707,0.129,0.0303,0.3493,-0.614,0.7554,0.6753,0.5,0.2024,"2014,2015,2017,2018"
judge_corps_caption,j-brooks-1,Jeff Brooks,001j000000iwx93aad,Seattle Cascades,MP,World Class,11,-0.0524,0.2869,-0.0303,0.4016,-0.8396,0.7348,0.8925,0.6364,-0.1305,"2019,2023,2024,2025"
judge_corps_caption,a-lo-1,Albert Lo,001j000000iwx93aad,Seattle Cascades,MB,World Class,7,-0.0645,0.083,-0.0301,0.3945,-0.8378,0.7087,0.6973,0.5714,-0.1636,"2013,2014,2015,2018"
judge_corps_caption,j-bell-1,John Bell,001j000000iwx9paad,Gold,GE2,Open Class,5,0.0779,0.0837,0.03,1.1425,-2.1615,2.3173,1.8378,0.6,0.0682,"2013,2015,2018"
judge_corps_caption,j-bell-1,John Bell,001j000000i6i9saav,Blue Devils,MA,World Class,5,0.0779,0.5149,0.03,0.185,-0.2847,0.4405,0.3171,0.6,0.4213,"2013,2014,2015,2017"
judge_corps_caption,m-griffin-1,Marty Griffin,001j000000iwxacaa1,Spartans,MP,Open Class,17,0.0441,-0.0221,0.03,0.2683,-0.4818,0.5699,0.8742,0.6471,0.1642,"2013,2014,2015,2016,2017,2018,2019,2025"
judge_corps_caption,m-kelly-1,Mickey Kelly,001j000000iwwssaal,Boston Crusaders,GE1,World Class,24,-0.0398,-0.1164,-0.0299,0.3462,-0.7184,0.6388,0.9208,0.875,-0.115,"2013,2014,2015,2016,2017,2018,2019"
judge_corps_caption,c-phillips-1,Chester Phillips,001j000000iwx98aad,Colts,GE2,World Class,7,0.064,0.2997,0.0299,0.2501,-0.4262,0.5543,0.5032,0.5714,0.2561,"2014,2015,2019,2024,2025"
judge_corps_caption,s-adamo-1,Sal Adamo,001j000000iwxa3aal,Mandarins,CG,World Class,5,0.0774,0.4341,0.0298,0.1312,-0.1798,0.3346,0.2478,0.6,0.5901,"2013,2017,2018"
judge_corps_caption,r-solomon-1,Robert Solomon,001j000000i6kfgaan,The Cadets,VP,World Class,14,-0.0468,-0.0478,-0.0298,0.325,-0.6837,0.5902,0.6292,0.8571,-0.1439,"2014,2015,2016,2017,2018,2019"
judge_corps_caption,d-orser-1,David Orser,001j000000iwxa0aal,Legends,MB,Open Class,6,0.0695,0.4071,0.0298,0.4654,-0.8427,0.9817,0.8003,0.8333,0.1494,"2018,2019,2022"
judge_corps_caption,r-greenwell-1,Randy Greenwell,001j000000iwx98aad,Colts,MA,World Class,10,0.0535,0.1136,0.0297,0.2489,-0.4344,0.5413,0.6309,0.7,0.2149,"2014,2015,2016,2018,2019,2022"
judge_corps_caption,t-wemhoff-1,Ted Wemhoff,001j000000iwxacaa1,Spartans,GE1,Open Class,7,-0.0637,0.1,-0.0297,0.1923,-0.4406,0.3132,0.3805,0.4286,-0.3312,"2016,2018,2019,2022,2024,2025"
judge_corps_caption,r-kemp-1,Richard Kemp,001j000000iwxajaa1,Troopers,GE1,World Class,15,-0.0453,-0.205,-0.0296,0.3845,-0.799,0.7083,0.9384,0.7333,-0.1179,"2013,2014,2015,2016,2017"
judge_corps_caption,t-dempsey-1,Tyler Dempsey,001j000000iwwsqaal,Blue Stars,MP,World Class,5,0.0768,0.2565,0.0296,0.287,-0.4858,0.6395,0.4504,0.8,0.2677,"2018,2019,2023"
judge_corps_caption,t-mengel-1,Tim Mengel,001j000000iwx9waad,Jersey Surf,MP,World Class,6,0.0692,0.4992,0.0296,0.2084,-0.3393,0.4776,0.3126,0.6667,0.332,"2018,2019,2022,2023,2024"
judge_corps_caption,d-bryan-1,Dan Bryan,001j000000iwxa5aal,Music City,MP,Open Class,5,-0.0768,0.2334,-0.0295,0.2762,-0.6182,0.4646,0.4967,0.4,-0.2781,"2013,2016,2018"
judge_corps_caption,g-fugett-1,Glenn Fugett,001j000000iwxaeaa1,The Academy,MP,World Class,6,-0.0688,-0.547,-0.0295,0.497,-1.0428,0.9053,0.9024,0.5,-0.1383,"2013,2016,2017"
judge_corps_caption,t-pierce-1,Tim Pierce,001j000000iwxafaa1,The Cavaliers,VA,World Class,5,0.0766,0.3237,0.0295,0.1302,-0.1787,0.3318,0.1855,0.6,0.588,"2022,2023,2025"
judge_corps_caption,c-costanza-1,Curtis Costanza,001j000000i6kalaa3,Blue Devils C,CG,Open Class,5,-0.0764,0.2171,-0.0294,0.4605,-0.9789,0.8261,0.8623,0.6,-0.166,"2014,2015,2016,2025"
judge_corps_caption,j-pipitone-1,JJ Pipitone,001j000000i6kfgaan,The Cadets,MP,World Class,5,-0.0763,0.0979,-0.0293,0.2205,-0.5085,0.356,0.3855,0.6,-0.346,"2013,2014,2015"
judge_corps_caption,r-solomon-1,Robert Solomon,001j000000iwx9oaad,Genesis,CG,Open Class,10,0.0527,0.18,0.0293,0.3316,-0.5972,0.7027,0.7303,0.8,0.1591,"2015,2017,2018,2019,2023,2024"
judge_corps_caption,w-rickart-1,Warren Rickart,001j000000iwxafaa1,The Cavaliers,GE1,World Class,7,0.0627,0.348,0.0293,0.1187,-0.1699,0.2954,0.2306,0.7143,0.5285,"2019,2022,2023,2024"
judge_corps_caption,c-raichle-1,Chris Raichle,001j000000iwxadaa1,Spirit of Atlanta,CG,World Class,7,-0.0625,0.1736,-0.0292,0.2633,-0.5785,0.4536,0.4228,0.5714,-0.2373,"2016,2017,2018"
judge_corps_caption,k-baker-1,Keith Baker,001j000000iwx9saad,Guardians,VA,Open Class,9,0.0551,0.2602,0.0292,0.3545,-0.6397,0.7499,0.7596,0.6667,0.1554,"2017,2018,2019,2024"
judge_corps_caption,s-adamo-1,Sal Adamo,001j000000iwx9aaat,Crossmen,CG,World Class,5,0.0755,0.3715,0.029,0.0522,-0.0269,0.1778,0.0794,0.8,1.4444,"2013,2015,2017,2018"
judge_corps_caption,w-dillon-1,Wayne Dillon,001j000000iwxacaa1,Spartans,GE2,Open Class,10,0.0519,-0.0832,0.0288,0.4131,-0.7579,0.8616,0.76,0.9,0.1255,"2014,2015,2018,2019,2022,2023"
judge_corps_caption,w-rickart-1,Warren Rickart,001j000000iwx91aad,Carolina Crown,GE1,World Class,9,0.0543,0.351,0.0288,0.1752,-0.289,0.3977,0.3322,0.3333,0.3101,"2019,2022,2023,2024"
judge_corps_caption,c-phillips-1,Chester Phillips,001j000000i6i9saav,Blue Devils,MB,World Class,14,0.0451,0.29,0.0287,0.0939,-0.1389,0.2292,0.2621,0.5,0.4807,"2013,2015,2016,2017,2018,2019,2022,2023,2025"
judge_corps_caption,g-fugett-1,Glenn Fugett,001j000000iwwssaal,Boston Crusaders,GE2,World Class,25,-0.0378,-0.1628,-0.0287,0.2368,-0.5021,0.4264,0.7045,0.76,-0.1598,"2013,2014,2015,2016,2017,2018,2019,2022,2023,2024"
judge_corps_caption,b-kuhn-1,Blair Kuhn,001j000000iwx98aad,Colts,GE1,World Class,7,-0.0616,0.1821,-0.0287,0.2349,-0.5219,0.3988,0.4543,0.7143,-0.2621,"2016,2017,2019,2024"
judge_corps_caption,r-solomon-1,Robert Solomon,001j000000iwxaeaa1,The Academy,VP,World Class,20,-0.04,-0.0397,-0.0286,0.2098,-0.4513,0.3713,0.6559,0.7,-0.1906,"2013,2015,2016,2017,2019,2023,2025"
judge_corps_caption,d-argul-1,Dennis Argul,001j000000iwwslaal,7th Regiment,MB,Open Class,6,0.0668,0.6478,0.0286,0.1869,-0.2995,0.433,0.3414,0.6667,0.3572,"2015,2017,2019"
judge_corps_caption,c-rothe-1,Caleb Rothe,001j000000iwwsqaal,Blue Stars,GE2,World Class,10,0.0514,0.1402,0.0286,0.0707,-0.0872,0.19,0.1819,0.6,0.7271,"2016,2018,2022,2023,2024,2025"
judge_corps_caption,s-page-1,Steven Page,001j000000iwwslaal,7th Regiment,MB,Open Class,11,-0.0493,0.2668,-0.0285,0.1953,-0.4321,0.3336,0.5375,0.4545,-0.2523,"2013,2014,2016,2017,2018"
judge_corps_caption,k-miller-1,Kyle Miller,001j000000iwx9aaat,Crossmen,GE1,World Class,18,0.0412,0.103,0.0285,0.1333,-0.22,0.3024,0.3222,0.5,0.3091,"2013,2014,2015,2016,2018,2019,2022,2023,2024,2025"
judge_corps_caption,j-brooks-1,Jeff Brooks,001j000000iwx91aad,Carolina Crown,MP,World Class,17,-0.0419,0.2968,-0.0285,0.1682,-0.3715,0.2878,0.4558,0.5882,-0.2489,"2018,2019,2022,2023,2024,2025"
judge_corps_caption,j-webb-1,Jay Webb,001j000000iwwsqaal,Blue Stars,GE2,World Class,11,0.049,-0.1171,0.0284,0.3346,-0.6068,0.7048,0.6471,0.7273,0.1465,"2013,2014,2015,2019,2023,2025"
judge_corps_caption,j-bell-1,John Bell,001j000000iwx97aad,Colt Cadets,GE2,Open Class,7,-0.0608,-0.0701,-0.0284,0.5885,-1.2143,1.0927,1.1359,0.5714,-0.1033,"2013,2015,2018,2019"
judge_corps_caption,c-rothe-1,Caleb Rothe,001j000000i6lenaa3,Madison Scouts,MP,World Class,6,0.0662,-0.1304,0.0284,0.2808,-0.4842,0.6166,0.4939,0.8333,0.2357,"2013,2014,2015,2016"
judge_corps_caption,w-rickart-1,Warren Rickart,001j000000iwxa7aal,Pacific Crest,CG,World Class,9,0.0536,0.4854,0.0284,0.2788,-0.4928,0.6,0.5622,0.6667,0.1923,"2019,2023,2024,2025"
judge_corps_caption,j-pursifull-1,Jack Pursifull,001j0000012y6bqaac,The Battalion,VA,Open Class,5,0.0737,0.6912,0.0284,0.1513,-0.2228,0.3702,0.2556,0.8,0.4874,"2023,2024,2025"
judge_corps_caption,g-fugett-1,Glenn Fugett,001j000000iwwssaal,Boston Crusaders,MP,World Class,7,0.0607,-0.3884,0.0283,0.5565,-1.03,1.1514,1.1883,0.7143,0.109,"2013,2014,2018,2019,2023,2025"
judge_corps_caption,j-prosperie-1,Jeff Prosperie,001j000000iwwsoaal,Blue Knights,MP,World Class,16,-0.0425,0.1074,-0.0283,0.0855,-0.21,0.125,0.292,0.5,-0.4973,"2013,2014,2015,2016,2017,2018,2019,2024"
judge_corps_caption,j-sturgeon-1,Jim Sturgeon,001j000000iwxakaa1,Vanguard Cadets,VA,Open Class,5,0.0736,0.8025,0.0283,0.2462,-0.4088,0.5561,0.4542,0.4,0.2991,"2013,2015,2016"
judge_corps_caption,d-torchia-1,Debbie Torchia,001j000000iwwsoaal,Blue Knights,VA,World Class,22,0.0385,0.1442,0.0282,0.2037,-0.3608,0.4378,0.6054,0.6364,0.189,"2013,2014,2015,2016,2017,2018,2022,2023,2025"
judge_corps_caption,j-bell-1,John Bell,001j000000iwxajaa1,Troopers,GE2,World Class,16,0.0422,0.2049,0.0281,0.0882,-0.1307,0.2151,0.2969,0.625,0.4785,"2013,2014,2015,2016,2017,2018,2019,2022,2024"
judge_corps_caption,t-fox-1,Todd Fox,001j000000h3xrnaav,Phantom Regiment,MP,World Class,7,0.0603,0.4244,0.0281,0.1847,-0.3017,0.4223,0.4244,0.5714,0.3265,"2014,2016,2023"
judge_corps_caption,c-marra-1,Chris Marra,001j000000iwxaaaa1,Raiders,MB,Open Class,8,0.0562,0.4158,0.0281,0.2059,-0.3473,0.4597,0.4666,0.375,0.273,"2016,2018,2022,2023,2024,2025"
judge_corps_caption,k-baker-1,Keith Baker,001j000000i6jmbaaf,Blue Devils B,VP,Open Class,8,-0.056,0.3481,-0.028,0.2545,-0.5549,0.4428,0.6195,0.5,-0.22,"2013,2015,2016,2017"
judge_corps_caption,c-nelson-1,Carl Nelson,001j000000h3xwcaav,Santa Clara Vanguard,VA,World Class,13,-0.0453,-1.161,-0.028,0.5736,-1.1696,1.079,1.6846,0.5385,-0.079,"2014,2015,2017,2018,2019,2022,2024"
judge_corps_caption,t-fox-1,Todd Fox,001j000000i6lenaa3,Madison Scouts,MP,World Class,8,0.0559,0.3997,0.028,0.1076,-0.1549,0.2668,0.256,0.5,0.5199,"2016,2017,2022,2023"
judge_corps_caption,k-turner-1,Ken Turner,001j000000iwx98aad,Colts,GE2,World Class,20,-0.039,0.3624,-0.0279,0.2839,-0.5955,0.5175,0.828,0.55,-0.1375,"2013,2014,2015,2016,2017,2019,2022,2023,2024,2025"
judge_corps_caption,c-hestin-1,Chris Hestin,001j000000iwx98aad,Colts,GE2,World Class,6,0.065,0.2242,0.0279,0.1863,-0.3003,0.4302,0.326,0.5,0.3488,"2017,2018,2022"
judge_corps_caption,j-ausdemore-1,Jeff Ausdemore,001j000000i6lenaa3,Madison Scouts,MP,World Class,16,-0.0418,-0.1963,-0.0278,0.2166,-0.4663,0.3828,0.6685,0.5625,-0.1928,"2014,2015,2016,2017,2018,2022"
judge_corps_caption,c-rapacki-1,Chris Rapacki,001j000000iwwsoaal,Blue Knights,MP,World Class,10,-0.0501,0.0251,-0.0278,0.2102,-0.462,0.3619,0.4435,0.5,-0.2382,"2019,2022,2023,2024,2025"
judge_corps_caption,d-deems-1,Don Deems,001j000000iwwslaal,7th Regiment,CG,Open Class,5,0.0719,1.0178,0.0277,0.3119,-0.5395,0.6833,0.5477,0.6,0.2305,"2014,2018,2022,2023,2025"
judge_corps_caption,c-church-1,CHRIS CHURCH,001j000000iwxafaa1,The Cavaliers,GE1,World Class,5,0.0721,0.4607,0.0277,0.1724,-0.2657,0.4099,0.3443,0.6,0.4183,"2015,2016,2019,2022"
judge_corps_caption,w-chumley-1,William Chumley,001j000000iwxadaa1,Spirit of Atlanta,VA,World Class,5,0.0718,0.1072,0.0276,0.3381,-0.591,0.7345,0.5718,0.8,0.2123,"2013,2014,2017,2019,2023"
judge_corps_caption,j-denton-1,Joel Denton,001j000000iwxacaa1,Spartans,GE2,Open Class,10,0.0496,0.6192,0.0276,0.1109,-0.1678,0.267,0.2435,0.6,0.4472,"2015,2017,2022,2025"
judge_corps_caption,a-combites-1,Andy Combites,001j000000iwx97aad,Colt Cadets,GE1,Open Class,9,0.052,0.6725,0.0275,0.468,-0.8653,0.9694,1.0614,0.7778,0.1112,"2016,2017,2018,2019,2022,2023"
judge_corps_caption,h-nguyen-1,Hieu Nguyen,001j000000iwxaeaa1,The Academy,VP,World Class,6,-0.0639,0.0702,-0.0274,0.4046,-0.8568,0.729,0.6314,0.6667,-0.1579,"2017,2022,2023,2024,2025"
judge_corps_caption,w-chumley-1,William Chumley,001j000000iwxa7aal,Pacific Crest,GE1,World Class,10,-0.0492,0.1397,-0.0274,0.0985,-0.2422,0.1437,0.2681,0.4,-0.5002,"2017,2022,2023,2024,2025"
judge_corps_caption,j-oswald-1,J. Oswald,001j000000iwwssaal,Boston Crusaders,CG,World Class,5,-0.0711,-0.0271,-0.0274,0.6693,-1.3831,1.2408,1.0209,0.8,-0.1063,2025
judge_corps_caption,d-argul-1,Dennis Argul,001j000000iwx93aad,Seattle Cascades,MB,World Class,6,0.0637,0.5723,0.0273,0.1923,-0.3132,0.4406,0.395,0.5,0.3312,"2019,2025"
judge_corps_caption,c-church-1,CHRIS CHURCH,001j000000iwwsqaal,Blue Stars,GE1,World Class,6,0.0634,0.4678,0.0272,0.0901,-0.1131,0.24,0.1789,0.6667,0.7041,"2015,2016,2017,2019"
judge_corps_caption,k-baker-1,Keith Baker,001j000000iwx97aad,Colt Cadets,VP,Open Class,8,-0.0542,0.3403,-0.0271,0.3038,-0.6497,0.5413,0.5278,0.75,-0.1785,"2013,2015,2022"
judge_corps_caption,a-cook-1,Andrew Cook,001j000000iwxa6aal,Oregon Crusaders,MB,World Class,6,0.0631,-0.0776,0.027,0.1424,-0.2161,0.3423,0.2931,0.5,0.443,"2013,2014,2015,2016"
judge_corps_caption,w-rickart-1,Warren Rickart,001j000000h3xwcaav,Santa Clara Vanguard,CG,World Class,6,0.0629,0.4895,0.027,0.1324,-0.1967,0.3225,0.2212,0.5,0.4752,"2019,2022,2024,2025"
judge_corps_caption,k-giese-1,Ken Giese,001j000000iwxaeaa1,The Academy,VA,World Class,15,-0.0412,0.1783,-0.0269,0.3103,-0.6494,0.567,0.8767,0.6667,-0.1327,"2013,2014,2015,2016,2017,2018,2019"
judge_corps_caption,b-mascaro-1,Bret Mascaro,001j000000iwxadaa1,Spirit of Atlanta,VA,World Class,12,-0.0448,0.2723,-0.0269,0.2628,-0.56,0.4703,0.4337,0.5833,-0.1706,"2013,2015,2017,2018,2019,2023"
judge_corps_caption,r-solomon-1,Robert Solomon,001j000000iwxafaa1,The Cavaliers,VP,World Class,12,0.0449,0.0394,0.0269,0.3894,-0.7184,0.8082,0.7531,0.8333,0.1153,"2014,2015,2017,2018,2019,2025"
judge_corps_caption,h-bassett-1,Helen Bassett,001j000000i6lenaa3,Madison Scouts,VP,World Class,7,-0.0576,0.2037,-0.0269,0.1387,-0.3295,0.2143,0.3155,0.5714,-0.4152,"2015,2016,2017,2018"
judge_corps_caption,j-harper-1,Jeff Harper,001j000000h3xrnaav,Phantom Regiment,MB,World Class,15,0.0411,-0.0763,0.0268,0.3335,-0.6126,0.6948,0.6944,0.7333,0.1233,"2014,2015,2016,2017,2019,2023"
judge_corps_caption,d-davis-1,Darrin Davis,001j000000iwxa3aal,Mandarins,MA,World Class,11,-0.0463,-0.0134,-0.0268,0.276,-0.5872,0.4946,0.6374,0.6364,-0.1678,"2015,2016,2018,2019,2022,2024,2025"
judge_corps_caption,j-brooks-1,Jeff Brooks,001j000000h3xrnaav,Phantom Regiment,MP,World Class,15,0.0411,0.3668,0.0268,0.2599,-0.4683,0.5504,0.7538,0.6667,0.158,"2018,2019,2022,2023,2024,2025"
judge_corps_caption,d-thomas-1,Durand Thomas,001j000000iwx9waad,Jersey Surf,MB,World Class,6,-0.0626,0.2441,-0.0268,0.4095,-0.8653,0.74,0.7526,0.5,-0.1529,"2022,2023,2024"
judge_corps_caption,m-kelly-1,Mickey Kelly,001j000000iwxa7aal,Pacific Crest,GE1,World Class,12,-0.0446,-0.1221,-0.0267,0.3997,-0.8279,0.7388,0.9032,0.6667,-0.1115,"2013,2014,2015,2016,2017,2019"
judge_corps_caption,j-sturgeon-1,Jim Sturgeon,001j000000iwx9aaat,Crossmen,VA,World Class,11,-0.0462,-0.1143,-0.0267,0.4248,-0.8788,0.7865,1.1419,0.7273,-0.1086,"2014,2016,2017,2018,2019,2024"
judge_corps_caption,j-ausdemore-1,Jeff Ausdemore,001j000000iwxa7aal,Pacific Crest,MP,World Class,9,0.0505,-0.065,0.0267,0.2152,-0.3714,0.4724,0.5089,0.5556,0.2345,"2015,2016,2018,2022"
judge_corps_caption,c-raichle-1,Chris Raichle,001j000000iwwsraal,Bluecoats,CG,World Class,8,0.0533,0.3077,0.0267,0.0741,-0.0919,0.1986,0.1694,0.625,0.7199,"2017,2018,2023"
judge_corps_caption,d-torchia-1,Debbie Torchia,001j000000h3xwcaav,Santa Clara Vanguard,CG,World Class,12,-0.0444,-0.1382,-0.0266,0.4895,-1.0037,0.915,0.861,0.8333,-0.0906,"2013,2014,2015,2016,2017,2018,2022"
judge_corps_caption,b-mascaro-1,Bret Mascaro,001j000000iwx93aad,Seattle Cascades,VA,World Class,11,-0.0456,0.3011,-0.0264,0.1028,-0.2471,0.1559,0.2633,0.5455,-0.4435,"2013,2014,2015,2017,2023"
judge_corps_caption,t-wingate-1,Travis Wingate,001j000000iwxaaaa1,Raiders,VA,Open Class,7,0.0566,0.3762,0.0264,0.115,-0.1689,0.282,0.2423,0.5714,0.4917,"2022,2023,2025"
judge_corps_caption,c-dillon-1,Christine Dillon,001j000000iwxa3aal,Mandarins,CG,World Class,5,0.0683,-0.1642,0.0263,1.2337,-2.3498,2.4863,1.9505,0.8,0.0553,"2013,2017,2019,2025"
judge_corps_caption,c-moss-1,Chris Moss,001j000000iwxafaa1,The Cavaliers,VP,World Class,16,0.0394,0.2252,0.0263,0.0916,-0.1402,0.2191,0.2785,0.5625,0.4303,"2013,2014,2015,2016,2018,2019,2022,2023,2024"
judge_corps_caption,d-carbone-1,Dave Carbone,001j000000i6i9saav,Blue Devils,GE2,World Class,8,-0.0527,-0.0279,-0.0263,0.2854,-0.612,0.5067,0.5119,0.75,-0.1845,"2014,2015,2016,2018,2019,2023,2024"
judge_corps_caption,t-hall-1,Troy Hall,001j000000iwxa3aal,Mandarins,MP,World Class,8,-0.0526,0.5023,-0.0263,0.0986,-0.246,0.1407,0.2507,0.375,-0.5337,"2015,2016,2017,2018,2022,2023"
judge_corps_caption,g-markham-1,Garland Markham,001j000000iwwsraal,Bluecoats,MA,World Class,9,0.0494,0.3185,0.0262,0.057,-0.0622,0.1611,0.1451,0.6667,0.8681,"2013,2014,2015,2016,2017,2018"
judge_corps_caption,j-howell-1,John Howell,001j000000iwx91aad,Carolina Crown,VP,World Class,6,0.061,0.1687,0.0262,0.3471,-0.6194,0.7414,0.6031,0.8333,0.1758,"2014,2016,2019,2023"
judge_corps_caption,c-raichle-1,Chris Raichle,001j000000iwx98aad,Colts,CG,World Class,7,0.0561,0.3024,0.0262,0.1081,-0.1559,0.268,0.25,0.4286,0.5184,"2016,2017,2018,2019,2022,2024"
judge_corps_caption,a-lo-1,Albert Lo,001j000000iwxadaa1,Spirit of Atlanta,MB,World Class,9,0.0492,0.1717,0.0261,0.2126,-0.3675,0.4659,0.4696,0.5556,0.2316,"2013,2014,2015,2018"
judge_corps_caption,d-carbone-1,Dave Carbone,001j000000iwxa8aal,Pioneer,MA,World Class,9,0.0491,0.2058,0.026,0.1927,-0.3285,0.4268,0.5113,0.5556,0.2549,"2013,2014,2016,2017"
judge_corps_caption,j-rhodes-1,Jodie Rhodes,001j000000iwxa1aal,Les Stentors,GE2,Open Class,6,0.0603,0.321,0.0259,0.2775,-0.4835,0.6042,0.5252,0.5,0.2175,"2022,2023,2024,2025"
judge_corps_caption,j-wilson-1,Jeff Wilson,001j000000iwxa3aal,Mandarins,MP,World Class,14,0.0405,-0.1862,0.0258,0.3522,-0.6498,0.7308,1.0376,0.5714,0.1149,"2013,2015,2017,2018,2019,2022,2024,2025"
judge_corps_caption,m-griffin-1,Marty Griffin,001j000000i6jmbaaf,Blue Devils B,MP,Open Class,11,-0.0444,-0.1122,-0.0257,0.4866,-0.9981,0.9093,1.0772,0.6364,-0.0913,"2013,2014,2015,2016,2017,2018,2025"
judge_corps_caption,d-torchia-1,Debbie Torchia,001j000000iwxa6aal,Oregon Crusaders,VA,World Class,7,-0.0549,0.0078,-0.0256,0.2108,-0.468,0.3582,0.4132,0.4286,-0.2606,"2014,2015,2016"
judge_corps_caption,d-carbone-1,Dave Carbone,001j000000iwxajaa1,Troopers,GE2,World Class,5,0.0665,0.0907,0.0256,0.1069,-0.143,0.2759,0.2101,0.6,0.622,"2017,2019,2023,2025"
judge_corps_caption,d-carbone-1,Dave Carbone,001j000000iwxa3aal,Mandarins,GE2,World Class,6,-0.0595,-0.0219,-0.0255,0.4128,-0.8687,0.7496,0.7052,0.6667,-0.1442,"2014,2016,2023,2024"
judge_corps_caption,r-solomon-1,Robert Solomon,001j000000iwxa5aal,Music City,CG,Open Class,9,0.0481,0.0781,0.0255,0.2723,-0.4856,0.5818,0.5327,0.7778,0.1767,"2015,2016,2017,2018,2023,2024"
judge_corps_caption,m-leitzke-1,Mike Leitzke,001j000000iwxadaa1,Spirit of Atlanta,MP,World Class,12,0.0426,-0.1495,0.0255,0.2938,-0.5333,0.6185,0.7877,0.5833,0.1449,"2015,2016,2017,2019,2023,2025"
judge_corps_caption,m-turner-1,Michael Turner,001j000000iwxa0aal,Legends,VP,Open Class,5,-0.0664,-0.1952,-0.0255,0.7904,-1.6156,1.4829,1.4704,0.6,-0.0839,"2016,2017,2022"
judge_corps_caption,m-mcgahey-1,Mark McGahey,001j000000h3xrnaav,Phantom Regiment,GE2,World Class,12,0.0422,-0.0245,0.0253,0.3127,-0.5706,0.6551,0.6474,0.6667,0.1351,"2014,2017,2018,2019,2023"
judge_corps_caption,w-rickart-1,Warren Rickart,001j000000iwxajaa1,Troopers,CG,World Class,6,-0.0586,0.3517,-0.0251,0.1352,-0.3236,0.2064,0.2387,0.1667,-0.4334,"2019,2023,2024,2025"
judge_corps_caption,g-miller-1,Gerry Miller,001j000000i6i9saav,Blue Devils,GE2,World Class,9,-0.0474,0.1725,-0.0251,0.2621,-0.5611,0.4663,0.4306,0.5556,-0.1807,"2022,2023,2024,2025"
judge_corps_caption,p-mcgarr-1,Paul McGarr,001j000000iwx98aad,Colts,MB,World Class,23,-0.0336,-0.0443,-0.025,0.2458,-0.5154,0.4481,0.5732,0.6957,-0.1369,"2013,2014,2015,2016,2017,2018,2019,2023,2024,2025"
judge_corps_caption,m-hoskins-1,Mark Hoskins,001j000000i6lenaa3,Madison Scouts,MB,World Class,19,0.0355,0.1408,0.025,0.1997,-0.3559,0.4269,0.5669,0.7895,0.1778,"2013,2019,2022,2023,2024,2025"
judge_corps_caption,a-lo-1,Albert Lo,001j000000iwxa3aal,Mandarins,MB,World Class,7,-0.0536,0.1149,-0.025,0.6807,-1.3879,1.2806,1.1836,0.7143,-0.0788,"2013,2014,2015,2018"
judge_corps_caption,w-chumley-1,William Chumley,001j000000iwwssaal,Boston Crusaders,GE1,World Class,7,-0.0535,0.1366,-0.025,0.0945,-0.2388,0.1318,0.2173,0.2857,-0.5658,"2019,2022,2023,2024,2025"
judge_corps_caption,d-torchia-1,Debbie Torchia,001j000000iwxa7aal,Pacific Crest,VA,World Class,13,-0.0402,0.074,-0.0249,0.2435,-0.5175,0.4371,0.52,0.6923,-0.165,"2013,2014,2015,2016,2017,2022,2023,2025"
judge_corps_caption,t-fox-1,Todd Fox,001j000000iwwsoaal,Blue Knights,MP,World Class,10,-0.0449,0.3326,-0.0249,0.1012,-0.2432,0.1535,0.2417,0.3,-0.4433,"2013,2014,2016,2017,2022"
judge_corps_caption,m-stone-1,Michael Stone,001j000000iwxajaa1,Troopers,GE1,World Class,17,0.0366,-0.1414,0.0249,0.3437,-0.6371,0.7102,0.8677,0.8235,0.1064,"2014,2015,2016,2017,2018,2019,2022"
judge_corps_caption,b-brahan-1,Beverly Brahan,001j000000iwxa5aal,Music City,CG,World Class,6,0.0581,0.4773,0.0249,0.2871,-0.5045,0.6208,0.5382,0.5,0.2025,"2022,2023,2024,2025"
judge_corps_caption,m-thompson-1,Michael Thompson,001j000000iwxa8aal,Pioneer,VP,World Class,5,-0.0644,0.2695,-0.0248,0.2149,-0.4857,0.3568,0.3454,0.6,-0.2998,"2013,2014"
judge_corps_caption,j-howell-1,John Howell,001j000000iwwsqaal,Blue Stars,VP,World Class,6,-0.0578,0.0421,-0.0248,0.2755,-0.5978,0.4822,0.4254,0.6667,-0.2098,"2015,2016,2019,2023"
judge_corps_caption,c-phillips-1,Chester Phillips,001j000000i6kfgaan,The Cadets,MB,World Class,12,-0.0412,0.183,-0.0247,0.0956,-0.2285,0.1462,0.2156,0.5,-0.4306,"2013,2014,2016,2017,2018,2022,2023"
judge_corps_caption,j-kennedy-1,Jay Kennedy,001j000000iwx98aad,Colts,GE2,World Class,7,-0.0529,-0.2318,-0.0247,0.6526,-1.332,1.2262,1.0747,0.7143,-0.081,"2014,2017,2018,2019,2024"
judge_corps_caption,c-rothe-1,Caleb Rothe,001j000000iwx9waad,Jersey Surf,GE2,World Class,6,0.0573,0.1251,0.0246,0.1139,-0.166,0.2805,0.2308,0.6667,0.503,"2016,2018,2019,2022,2023,2024"
judge_corps_caption,d-deems-1,Don Deems,001j000000i6lenaa3,Madison Scouts,CG,World Class,5,0.0639,-0.0845,0.0246,0.4662,-0.8498,0.9776,0.7748,0.6,0.1371,"2016,2019,2022,2023"
judge_corps_caption,m-mcgahey-1,Mark McGahey,001j000000iwx93aad,Seattle Cascades,GE2,World Class,8,0.049,0.0143,0.0245,0.1798,-0.3033,0.4014,0.4138,0.5,0.2728,"2014,2017,2019,2023,2025"
judge_corps_caption,h-nguyen-1,Hieu Nguyen,001j000000iwxaeaa1,The Academy,CG,World Class,13,-0.0395,0.0984,-0.0245,0.2499,-0.5292,0.4502,0.5826,0.6923,-0.1581,"2015,2017,2019,2022,2024"
judge_corps_caption,d-orser-1,David Orser,001j000000iwxabaa1,Southwind,MB,Open Class,5,0.0638,0.4853,0.0245,0.1183,-0.168,0.2956,0.2029,0.6,0.5396,"2019,2022"
judge_corps_caption,r-rios-1,Ronnie Rios,001j000000iwwsqaal,Blue Stars,MB,World Class,10,0.0438,0.4929,0.0244,0.206,-0.36,0.4477,0.5044,0.7,0.2128,"2013,2014,2016,2018,2019,2022,2025"
judge_corps_caption,m-mcgahey-1,Mark McGahey,001j000000i6i9saav,Blue Devils,GE2,World Class,12,-0.0406,-0.0956,-0.0244,0.3045,-0.6373,0.5561,0.7987,0.75,-0.1333,"2014,2017,2018,2019,2023,2025"
judge_corps_caption,w-dillon-1,Wayne Dillon,001j000000iwxa5aal,Music City,MA,Open Class,6,-0.057,-0.2361,-0.0244,0.5651,-1.1645,1.0505,0.8968,0.6667,-0.1009,"2017,2022,2025"
judge_corps_caption,d-davis-1,Darrin Davis,001j000000i6i9saav,Blue Devils,MA,World Class,14,-0.0381,-0.0265,-0.0243,0.1782,-0.3873,0.311,0.4079,0.6429,-0.2141,"2013,2016,2018,2019,2022,2023,2024,2025"
judge_corps_caption,g-fugett-1,Glenn Fugett,001j000000i6jmbaaf,Blue Devils B,GE2,Open Class,8,0.0486,-0.5428,0.0243,0.6735,-1.2714,1.3686,1.4652,0.625,0.0722,"2014,2016,2017,2018,2023,2024"
judge_corps_caption,g-fugett-1,Glenn Fugett,001j000000iwxa2aal,Louisiana Stars,GE2,Open Class,5,-0.0632,-0.6149,-0.0243,0.254,-0.561,0.4347,0.4603,0.6,-0.2486,"2014,2015,2016,2018"
judge_corps_caption,m-leitzke-1,Mike Leitzke,001j000000iwxa7aal,Pacific Crest,MP,World Class,18,0.0351,-0.1352,0.0243,0.2117,-0.3797,0.45,0.6573,0.5556,0.166,"2015,2016,2017,2018,2019,2022,2024,2025"
judge_corps_caption,c-rothe-1,Caleb Rothe,001j000000i6jmbaaf,Blue Devils B,GE2,Open Class,7,0.052,-0.221,0.0242,0.3613,-0.6561,0.76,0.6144,0.7143,0.1438,"2019,2022,2023,2024,2025"
judge_corps_caption,w-dillon-1,Wayne Dillon,001j000000iwxa7aal,Pacific Crest,MB,World Class,9,-0.0455,-0.0339,-0.0241,0.3941,-0.8179,0.727,0.9575,0.4444,-0.1154,"2013,2014,2016,2017,2023,2024"
judge_corps_caption,c-romanowski-1,Chris Romanowski,001j000000iwx97aad,Colt Cadets,MA,Open Class,9,0.0456,0.251,0.0241,0.2093,-0.3647,0.4558,0.4832,0.5556,0.2178,"2013,2016,2019,2023,2024,2025"
judge_corps_caption,t-wemhoff-1,Ted Wemhoff,001j000000i6i9saav,Blue Devils,GE1,World Class,24,-0.0321,0.2066,-0.0241,0.1986,-0.4213,0.3571,0.4085,0.7083,-0.1616,"2015,2016,2017,2019,2022,2023,2024,2025"
judge_corps_caption,e-martinez-1,Ed Martinez,001j000000iwx9uaad,Impulse,VA,Open Class,5,0.0625,0.5618,0.0241,0.3722,-0.667,0.7921,0.6336,0.6,0.168,"2018,2019,2022,2023"
judge_corps_caption,w-chumley-1,William Chumley,001j000000iwx91aad,Carolina Crown,GE1,World Class,8,0.0481,0.2241,0.0241,0.0679,-0.0849,0.1811,0.147,0.625,0.7092,"2019,2022,2023,2024,2025"
judge_corps_caption,l-carlson-1,Lee Carlson,001j000000iwx91aad,Carolina Crown,GE1,World Class,9,0.0453,0.4146,0.024,0.1197,-0.1893,0.2798,0.2795,0.4444,0.3783,"2013,2014,2015,2016"
judge_corps_caption,n-jones-1,Nola Jones,001j000000i6lenaa3,Madison Scouts,GE2,World Class,28,0.0307,-0.0831,0.0239,0.2068,-0.3746,0.4359,0.6654,0.7143,0.1484,"2013,2014,2015,2016,2017,2018,2019,2023,2025"
judge_corps_caption,g-boulden-1,George Boulden,001j000000i6kfgaan,The Cadets,MB,World Class,7,0.051,0.3464,0.0238,0.151,-0.245,0.347,0.321,0.5714,0.3374,"2013,2015,2018"
judge_corps_caption,j-howell-1,John Howell,001j000000iwx9waad,Jersey Surf,CG,World Class,6,0.0556,0.072,0.0238,0.184,-0.305,0.4161,0.3752,0.6667,0.302,"2013,2017,2019,2022,2023"
judge_corps_caption,r-isoda-1,Randolph Isoda,001j000000i6jmbaaf,Blue Devils B,GE2,Open Class,6,0.0556,0.7346,0.0238,0.3635,-0.6568,0.768,0.6402,0.6667,0.153,"2016,2017"
judge_corps_caption,c-costanza-1,Curtis Costanza,001j000000iwwsoaal,Blue Knights,GE1,World Class,6,0.0556,-0.2111,0.0238,0.2087,-0.3535,0.4647,0.4291,0.5,0.2662,"2018,2019,2022,2024"
judge_corps_caption,t-fox-1,Todd Fox,001j000000iwx93aad,Seattle Cascades,MP,World Class,6,0.0552,0.432,0.0237,0.3555,-0.6416,0.752,0.6755,0.6667,0.1552,"2013,2014,2016,2023"
judge_corps_caption,j-ausdemore-1,Jeff Ausdemore,001j000000iwxajaa1,Troopers,MP,World Class,15,0.0363,-0.0903,0.0237,0.3122,-0.5756,0.6482,0.7365,0.6667,0.1162,"2014,2015,2016,2017,2018,2022"
judge_corps_caption,d-argul-1,Dennis Argul,001j000000iwx98aad,Colts,MB,World Class,11,0.0409,0.5344,0.0237,0.1636,-0.2798,0.3616,0.4193,0.5455,0.25,"2014,2016,2017,2019,2024,2025"
judge_corps_caption,m-anderson-1,Mike Anderson,001j000000iwxa3aal,Mandarins,GE1,World Class,6,0.055,0.4239,0.0236,0.122,-0.1841,0.294,0.2175,0.6667,0.4505,"2014,2018,2019"
judge_corps_caption,t-west-1,Tom West,001j000000iwwsraal,Bluecoats,GE2,World Class,5,0.0615,-0.0306,0.0236,0.1562,-0.2446,0.3676,0.2854,0.8,0.3937,"2016,2018,2019"
judge_corps_caption,k-young-1,Kyle Young,001j000000iwxa3aal,Mandarins,GE2,World Class,6,-0.0551,0.2439,-0.0236,0.1226,-0.2955,0.1852,0.256,0.3333,-0.4498,"2022,2024"
judge_corps_caption,c-nelson-1,Carl Nelson,001j000000iwxa3aal,Mandarins,VA,World Class,13,0.038,-1.0561,0.0235,0.5637,-1.0669,1.1429,1.5578,0.4615,0.0674,"2013,2014,2015,2017,2018,2019,2022,2023,2024"
judge_corps_caption,s-adamo-1,Sal Adamo,001j000000iwxa3aal,Mandarins,VA,World Class,6,0.0548,0.2556,0.0235,0.127,-0.1941,0.3037,0.2072,0.3333,0.4318,"2014,2016,2019,2023,2024"
judge_corps_caption,r-kemp-1,Richard Kemp,001j000000iwwssaal,Boston Crusaders,GE1,World Class,13,-0.0374,-0.1856,-0.0232,0.42,-0.8605,0.7857,0.8378,0.6923,-0.0891,"2013,2014,2015,2016,2017"
judge_corps_caption,w-dillon-1,Wayne Dillon,001j000000iwxa0aal,Legends,GE2,Open Class,7,0.0497,-0.0846,0.0232,0.308,-0.5539,0.6533,0.6748,0.7143,0.1613,"2013,2015,2018,2019"
judge_corps_caption,j-sturgeon-1,Jim Sturgeon,001j000000i6jmbaaf,Blue Devils B,VP,Open Class,9,-0.0436,0.2594,-0.0231,0.292,-0.616,0.5287,0.6942,0.5556,-0.1495,"2014,2015,2016,2022,2025"
judge_corps_caption,m-mast-1,Monte Mast,001j000000iwxabaa1,Southwind,MA,Open Class,5,0.06,0.1094,0.0231,0.2707,-0.4705,0.5905,0.4679,0.6,0.2217,"2016,2017"
judge_corps_caption,g-boulden-1,George Boulden,001j000000iwx91aad,Carolina Crown,MB,World Class,9,0.0434,0.3641,0.023,0.0979,-0.1486,0.2353,0.2514,0.5556,0.4428,"2013,2015,2016,2018"
judge_corps_caption,d-niebauer-1,Dan Niebauer,001j000000iwxajaa1,Troopers,GE1,World Class,5,-0.0595,-0.0286,-0.0229,0.0764,-0.2092,0.0901,0.1299,0.4,-0.7797,"2013,2015"
judge_corps_caption,m-thompson-1,Michael Thompson,001j000000h3xrnaav,Phantom Regiment,VP,World Class,6,0.0535,0.4156,0.0229,0.1012,-0.1448,0.2518,0.2079,0.5,0.529,"2013,2014,2018,2019"
judge_corps_caption,t-fox-1,Todd Fox,001j000000iwxadaa1,Spirit of Atlanta,MP,World Class,9,0.0432,0.4045,0.0229,0.2448,-0.4366,0.5229,0.5507,0.6667,0.1764,"2013,2016,2017,2019,2023"
judge_corps_caption,s-page-1,Steven Page,001j000000iwxa2aal,Louisiana Stars,MB,Open Class,10,0.0413,0.4438,0.0229,0.202,-0.3546,0.4372,0.4904,0.4,0.2042,"2015,2016,2017,2018,2019"
judge_corps_caption,d-argul-1,Dennis Argul,001j000000iwxacaa1,Spartans,MB,Open Class,8,-0.0457,0.5719,-0.0229,0.1351,-0.3106,0.2192,0.2548,0.625,-0.3384,"2015,2017,2019,2024,2025"
judge_corps_caption,m-gray-1,Michael Gray,001j000000iwx9oaad,Genesis,GE1,Open Class,6,0.0532,0.1604,0.0228,0.196,-0.3309,0.4373,0.3144,0.6667,0.2715,"2016,2017,2018,2019"
judge_corps_caption,d-orser-1,David Orser,001j000000iwxacaa1,Spartans,MB,Open Class,6,0.0532,0.3881,0.0228,0.1621,-0.2646,0.371,0.3342,0.5,0.328,"2018,2019,2022"
judge_corps_caption,m-tarr-1,Mike Tarr,001j000000iwx98aad,Colts,VP,World Class,5,0.0591,-0.0517,0.0227,0.7422,-1.3955,1.5138,1.2024,0.8,0.0797,"2022,2023,2024"
judge_corps_caption,k-baker-1,Keith Baker,001j000000iwwsraal,Bluecoats,VA,World Class,11,-0.0391,-0.1014,-0.0226,0.4528,-0.9267,0.8485,1.0042,0.8182,-0.0863,"2014,2017,2018,2019,2022,2023,2024"
judge_corps_caption,t-pierce-1,Tim Pierce,001j000000iwxa7aal,Pacific Crest,VA,World Class,6,0.0527,0.334,0.0226,0.1443,-0.2302,0.3356,0.2807,0.6667,0.3653,"2023,2025"
judge_corps_caption,m-mullinix-1,Max Mullinix,001j000000i6lenaa3,Madison Scouts,MP,World Class,5,-0.0586,0.0488,-0.0225,0.3465,-0.7378,0.6206,0.548,0.6,-0.169,"2013,2014,2015"
judge_corps_caption,d-orser-1,David Orser,001j000000iwxaaaa1,Raiders,MB,Open Class,5,0.0585,0.4155,0.0225,0.2569,-0.445,0.562,0.3931,0.4,0.2279,"2018,2019,2022"
judge_corps_caption,j-bell-1,John Bell,001j000000iwx9waad,Jersey Surf,GE2,World Class,9,0.0422,0.1788,0.0224,0.1654,-0.2819,0.3664,0.3706,0.6667,0.2553,"2013,2015,2016,2017,2018,2022"
judge_corps_caption,g-oliviero-1,George Oliviero,001j000000iwxa3aal,Mandarins,GE1,World Class,9,0.0422,-0.4969,0.0224,0.5048,-0.9472,1.0316,1.2222,0.6667,0.0836,"2014,2017,2018,2019,2023,2024"
judge_corps_caption,w-chumley-1,William Chumley,001j000000iwx9oaad,Genesis,VA,Open Class,6,0.052,0.1783,0.0223,0.3973,-0.7266,0.8306,0.6592,0.5,0.1309,"2013,2017,2018,2019"
judge_corps_caption,t-ochran-1,Timothy Ochran,001j000000iwx9qaad,Golden Empire,GE1,Open Class,6,0.0521,-0.6692,0.0223,0.4875,-0.9034,1.0075,0.9106,0.6667,0.1068,"2015,2016,2017,2023,2024,2025"
judge_corps_caption,j-ausdemore-1,Jeff Ausdemore,001j000000iwx9saad,Guardians,MP,Open Class,9,-0.0422,-0.1935,-0.0223,0.4497,-0.9235,0.8392,1.1303,0.5556,-0.0938,"2015,2016,2018,2019,2022"
judge_corps_caption,w-rickart-1,Warren Rickart,001j000000h3xrnaav,Phantom Regiment,CG,World Class,7,0.0477,0.445,0.0223,0.0857,-0.1203,0.2157,0.1268,0.4286,0.5569,"2019,2022,2024,2025"
judge_corps_caption,m-waymire-1,Mark Waymire,001j000000iwwsraal,Bluecoats,GE2,World Class,9,0.042,0.3869,0.0222,0.0609,-0.0774,0.1613,0.1432,0.6667,0.6892,"2016,2017,2019,2022"
judge_corps_caption,t-wingate-1,Travis Wingate,001j000000iwxa5aal,Music City,VA,World Class,6,-0.0517,0.4375,-0.0222,0.156,-0.3574,0.254,0.3196,0.5,-0.3315,"2019,2023,2024,2025"
judge_corps_caption,s-adamo-1,Sal Adamo,001j000000h3xrnaav,Phantom Regiment,VP,World Class,12,-0.0368,0.2181,-0.0221,0.2781,-0.582,0.5083,0.6423,0.6667,-0.1325,"2013,2014,2015,2016,2017,2019,2022,2023"
judge_corps_caption,t-wingate-1,Travis Wingate,001j000000h3xrnaav,Phantom Regiment,VA,World Class,7,0.0473,0.4613,0.0221,0.0889,-0.1269,0.2216,0.1977,0.5714,0.5322,"2019,2023,2024"
judge_corps_caption,p-mcgarr-1,Paul McGarr,001j000000iwxajaa1,Troopers,MA,World Class,8,-0.0439,-0.4896,-0.022,0.393,-0.8143,0.7264,0.813,0.75,-0.1118,"2014,2015,2016,2019,2022,2024"
judge_corps_caption,w-chumley-1,William Chumley,001j000000iwxafaa1,The Cavaliers,GE1,World Class,10,-0.0396,0.1258,-0.022,0.0773,-0.1911,0.1118,0.2061,0.6,-0.5128,"2016,2019,2022,2023,2024,2025"
judge_corps_caption,j-brooks-1,Jeff Brooks,001j000000iwx9paad,Gold,MP,Open Class,5,-0.0571,0.1336,-0.022,0.1854,-0.4205,0.3062,0.342,0.4,-0.3082,"2019,2022,2023"
judge_corps_caption,a-dunn-1,Al Dunn,001j000000iwxadaa1,Spirit of Atlanta,MP,World Class,16,0.0328,0.209,0.0219,0.1091,-0.181,0.2466,0.3564,0.5625,0.3007,"2013,2014,2015,2016,2017"
judge_corps_caption,m-lentz-1,Michael Lentz,001j000000iwwsraal,Bluecoats,VA,World Class,8,0.0438,0.225,0.0219,0.3133,-0.5702,0.6578,0.5727,0.75,0.1398,"2013,2016,2017"
judge_corps_caption,c-romanowski-1,Chris Romanowski,001j000000i6lenaa3,Madison Scouts,MP,World Class,5,0.0569,0.094,0.0219,0.1281,-0.1941,0.308,0.2192,0.6,0.4444,"2015,2017,2025"
judge_corps_caption,j-ausdemore-1,Jeff Ausdemore,001j000000iwxa5aal,Music City,MP,Open Class,9,0.0414,-0.025,0.0219,0.504,-0.9464,1.0293,1.1369,0.6667,0.0822,"2016,2018,2019,2022"
judge_corps_caption,c-rothe-1,Caleb Rothe,001j000000iwxa6aal,Oregon Crusaders,MP,World Class,5,0.0568,-0.1352,0.0218,0.2772,-0.4866,0.6001,0.4439,0.4,0.2047,"2013,2014,2015,2016,2017"
judge_corps_caption,j-gilley-1,Jackie Gilley,001j000000iwx9aaat,Crossmen,VP,World Class,5,-0.0567,0.1477,-0.0218,0.2873,-0.6198,0.5063,0.398,0.8,-0.1975,"2016,2019,2023,2024,2025"
judge_corps_caption,w-chumley-1,William Chumley,001j000000iwx9paad,Gold,GE1,Open Class,5,0.0567,0.1689,0.0218,0.2556,-0.4444,0.5578,0.4781,0.4,0.2217,"2018,2022,2023"
judge_corps_caption,j-prosperie-1,Jeff Prosperie,001j000000iwwsraal,Bluecoats,MP,World Class,25,0.0286,0.1649,0.0217,0.1479,-0.2613,0.3186,0.4645,0.76,0.1937,"2013,2014,2015,2016,2017,2018,2019,2024,2025"
judge_corps_caption,m-howard-1,Mike Howard,001j000000h3xrnaav,Phantom Regiment,GE2,World Class,5,0.0563,0.2428,0.0217,0.2645,-0.4621,0.5748,0.472,0.6,0.2129,"2024,2025"
judge_corps_caption,j-pursifull-1,Jack Pursifull,001j000000iwx98aad,Colts,VA,World Class,6,-0.0505,0.2959,-0.0216,0.0908,-0.2285,0.1275,0.188,0.3333,-0.556,"2022,2023,2024,2025"
judge_corps_caption,w-chumley-1,William Chumley,001j000000i6lenaa3,Madison Scouts,CG,World Class,9,0.0406,0.2512,0.0215,0.0795,-0.1152,0.1964,0.1785,0.4444,0.5106,"2013,2016,2017,2018,2025"
judge_corps_caption,c-guard-1,Color Guard,001j000000iwxafaa1,The Cavaliers,VP,World Class,5,0.056,-0.2297,0.0215,0.6063,-1.1323,1.2443,0.9696,0.8,0.0923,"2014,2017,2019"
judge_corps_caption,m-mccourt-1,Meghan McCourt,001j000000iwx98aad,Colts,GE1,World Class,6,0.0502,0.2984,0.0215,0.1742,-0.2913,0.3918,0.3196,0.5,0.2883,"2019,2022,2023,2025"
judge_corps_caption,d-davis-1,Darrin Davis,001j000000i6lenaa3,Madison Scouts,MA,World Class,12,0.0357,0.0193,0.0214,0.1549,-0.268,0.3394,0.3426,0.5833,0.2304,"2013,2015,2016,2018,2019,2024,2025"
judge_corps_caption,s-adamo-1,Sal Adamo,001j000000iwx93aad,Seattle Cascades,VA,World Class,5,-0.0556,0.1252,-0.0214,0.1357,-0.3215,0.2103,0.2363,0.4,-0.4099,"2014,2015,2016,2025"
judge_corps_caption,a-cook-1,Andrew Cook,001j000000iwxajaa1,Troopers,MB,World Class,13,0.0343,-0.066,0.0213,0.2343,-0.425,0.4936,0.6408,0.6923,0.1465,"2013,2014,2015,2016,2017,2019,2023"
judge_corps_caption,s-sybilski-1,Sly Sybilski,001j000000i6i9saav,Blue Devils,VA,World Class,5,0.0554,0.3461,0.0213,0.1743,-0.2863,0.397,0.3073,0.6,0.3175,"2014,2015"
judge_corps_caption,j-harper-1,Jeff Harper,001j000000iwxa5aal,Music City,MA,World Class,7,0.0457,-0.0251,0.0213,0.2508,-0.4459,0.5374,0.4462,0.8571,0.1824,"2019,2022,2023,2024,2025"
judge_corps_caption,p-haines-1,Phillip Haines,001j0000012y6bqaac,The Battalion,MB,Open Class,8,0.0425,0.244,0.0212,0.3638,-0.6706,0.7555,0.8227,0.625,0.1168,"2017,2018,2019,2023,2025"
judge_corps_caption,j-denton-1,Joel Denton,001j000000iwx9waad,Jersey Surf,GE2,World Class,5,0.0547,0.3074,0.0211,0.0678,-0.0781,0.1876,0.1169,0.6,0.8075,"2013,2014,2016,2018"
judge_corps_caption,k-miller-1,Kyle Miller,001j000000iwx93aad,Seattle Cascades,GE1,World Class,15,-0.0324,0.0492,-0.0211,0.1816,-0.3884,0.3236,0.5874,0.4667,-0.1785,"2014,2015,2016,2017,2018,2023,2024,2025"
judge_corps_caption,c-guard-1,Color Guard,001j000000i6kfgaan,The Cadets,CG,World Class,13,-0.0341,0.1024,-0.0211,0.2681,-0.5596,0.4914,0.5158,0.7692,-0.1271,"2015,2017,2018,2019,2022,2023"
judge_corps_caption,m-gray-1,Michael Gray,001j000000iwxa5aal,Music City,GE1,Open Class,9,0.0398,0.1739,0.0211,0.1378,-0.2303,0.3098,0.3109,0.6667,0.2886,"2016,2018,2019"
judge_corps_caption,m-waymire-1,Mark Waymire,001j000000i6kfgaan,The Cadets,MA,World Class,7,-0.0452,0.5836,-0.0211,0.1274,-0.2949,0.2044,0.2957,0.2857,-0.3551,"2018,2019,2022,2023"
judge_corps_caption,c-phillips-1,Chester Phillips,001j000000iwxajaa1,Troopers,MB,World Class,13,0.0339,0.2855,0.021,0.1116,-0.1847,0.2526,0.3097,0.4615,0.3041,"2013,2015,2016,2017,2018,2019,2022"
judge_corps_caption,n-jones-1,Nola Jones,001j000000iwwssaal,Boston Crusaders,GE2,World Class,27,0.0272,-0.0608,0.021,0.224,-0.4119,0.4663,0.6302,0.6667,0.1213,"2013,2014,2015,2016,2017,2018,2019,2023,2024,2025"
judge_corps_caption,t-wingate-1,Travis Wingate,001j000000iwx9oaad,Genesis,VA,World Class,5,-0.0542,0.426,-0.0209,0.1032,-0.2566,0.1481,0.1714,0.2,-0.5252,"2023,2024,2025"
judge_corps_caption,j-harper-1,Jeff Harper,001j000000iwxa8aal,Pioneer,GE2,World Class,6,-0.0485,-0.2185,-0.0208,0.408,-0.8482,0.7511,0.661,0.6667,-0.119,"2013,2014,2015,2017"
judge_corps_caption,j-sturgeon-1,Jim Sturgeon,001j000000iwxakaa1,Vanguard Cadets,VP,Open Class,8,0.0417,0.4022,0.0208,0.2488,-0.446,0.5293,0.6119,0.5,0.1675,"2014,2015,2016,2022"
judge_corps_caption,e-argenziano-1,Ed Argenziano,001j000000iwxa8aal,Pioneer,MP,World Class,5,-0.0542,0.5548,-0.0208,0.1067,-0.2632,0.1549,0.1811,0.2,-0.5081,"2015,2017,2018"
judge_corps_caption,j-pursifull-1,Jack Pursifull,001j000000iwwsqaal,Blue Stars,VA,World Class,6,0.0486,0.3999,0.0208,0.1407,-0.2271,0.3243,0.2597,0.3333,0.3458,"2023,2024,2025"
judge_corps_caption,k-kuhn-1,Kim Kuhn,001j000000iwwsqaal,Blue Stars,VP,World Class,5,-0.0539,-0.5106,-0.0207,0.4609,-0.9572,0.8495,0.8906,0.6,-0.1168,"2018,2019,2023"
judge_corps_caption,k-turner-1,Ken Turner,001j000000h3xwcaav,Santa Clara Vanguard,GE2,World Class,17,0.0303,0.4407,0.0206,0.0849,-0.1362,0.1968,0.2866,0.5294,0.3566,"2013,2014,2015,2016,2017,2018,2022,2024"
judge_corps_caption,l-carlson-1,Lee Carlson,001j000000iwxa8aal,Pioneer,CG,World Class,7,0.0441,0.0779,0.0206,0.1807,-0.31,0.3982,0.3791,0.5714,0.2441,"2013,2014"
judge_corps_caption,g-oliviero-1,George Oliviero,001j000000iwx9oaad,Genesis,VA,Open Class,5,0.0536,-0.2149,0.0206,0.291,-0.5167,0.6239,0.5064,0.6,0.1843,"2014,2018,2022,2024,2025"
judge_corps_caption,j-pipitone-1,JJ Pipitone,001j000000iwx9waad,Jersey Surf,MP,World Class,5,-0.0532,0.1111,-0.0205,0.4923,-1.0181,0.9117,0.7369,0.8,-0.1081,"2013,2014,2015"
judge_corps_caption,j-howell-1,John Howell,001j000000iwxafaa1,The Cavaliers,VP,World Class,5,-0.0533,0.0301,-0.0205,0.2238,-0.4919,0.3853,0.3297,0.6,-0.2382,"2014,2016,2019"
judge_corps_caption,e-argenziano-1,Ed Argenziano,001j000000iwx9oaad,Genesis,MP,Open Class,5,0.0534,0.4926,0.0205,0.1503,-0.2411,0.3479,0.2733,0.4,0.3553,"2015,2017,2018"
judge_corps_caption,m-griffin-1,Marty Griffin,001j000000iwx98aad,Colts,MA,World Class,6,0.0476,0.1129,0.0204,0.2506,-0.4435,0.5387,0.4172,0.8333,0.1898,"2013,2014,2022,2024"
judge_corps_caption,j-kennedy-1,Jay Kennedy,001j000000iwxa7aal,Pacific Crest,MA,World Class,22,0.0277,0.3784,0.0203,0.2081,-0.3801,0.4355,0.5032,0.5455,0.133,"2013,2014,2015,2016,2017,2018,2019,2023,2024,2025"
judge_corps_caption,j-bell-1,John Bell,001j000000iwx91aad,Carolina Crown,MB,World Class,5,0.0528,0.3245,0.0203,0.2551,-0.4471,0.5528,0.357,0.8,0.2072,"2013,2014,2016,2017"
judge_corps_caption,r-rios-1,Ronnie Rios,001j000000iwxadaa1,Spirit of Atlanta,MB,World Class,8,-0.0403,0.4027,-0.0202,0.1895,-0.4116,0.331,0.3839,0.75,-0.2128,"2013,2015,2016,2017,2019"
judge_corps_caption,w-chumley-1,William Chumley,001j000000iwxajaa1,Troopers,VA,World Class,9,-0.0381,0.0123,-0.0202,0.4264,-0.8739,0.7977,0.8628,0.7778,-0.0893,"2016,2017,2018,2019,2022,2023,2024"
judge_corps_caption,w-chumley-1,William Chumley,001j000000i6i9saav,Blue Devils,VP,World Class,13,-0.0323,-0.0899,-0.02,0.4399,-0.8945,0.83,0.9546,0.7692,-0.0734,"2014,2015,2017,2018,2019,2022,2024"
judge_corps_caption,w-chumley-1,William Chumley,001j000000iwwsoaal,Blue Knights,CG,World Class,10,-0.0359,0.2104,-0.02,0.1492,-0.3283,0.2565,0.3841,0.4,-0.2408,"2014,2016,2018,2019,2022,2023,2024"
judge_corps_caption,k-young-1,Kyle Young,001j000000iwx91aad,Carolina Crown,GE2,World Class,5,-0.0519,0.23,-0.02,0.0997,-0.2474,0.1435,0.1488,0.6,-0.5208,"2019,2022,2024"
judge_corps_caption,t-fox-1,Todd Fox,001j000000iwwslaal,7th Regiment,MA,Open Class,7,0.0427,0.5628,0.0199,0.1981,-0.3456,0.4311,0.3813,0.4286,0.2157,"2015,2024,2025"
judge_corps_caption,m-gray-1,Michael Gray,001j000000iwxa6aal,Oregon Crusaders,GE1,World Class,6,0.0465,0.1406,0.0199,0.1027,-0.1548,0.2479,0.1907,0.8333,0.4529,"2016,2017,2018"
judge_corps_caption,j-pursifull-1,Jack Pursifull,001j000000h3xrnaav,Phantom Regiment,VA,World Class,5,0.0517,0.399,0.0199,0.0771,-0.0994,0.2028,0.1203,0.8,0.6705,"2022,2023,2025"
judge_corps_caption,m-anderson-1,Mike Anderson,001j000000h3xrnaav,Phantom Regiment,GE1,World Class,9,0.0373,0.3716,0.0198,0.0974,-0.1535,0.2282,0.2265,0.5556,0.3836,"2014,2015,2018,2019"
judge_corps_caption,j-denton-1,Joel Denton,001j000000qzs1qaaf,River City Rhythm,GE2,Open Class,10,0.0356,0.6691,0.0198,0.3934,-0.7355,0.8068,0.8335,0.6,0.0905,"2015,2017,2022,2024,2025"
judge_corps_caption,b-brahan-1,Beverly Brahan,001j000000iwxajaa1,Troopers,CG,World Class,7,-0.0424,0.3352,-0.0198,0.3252,-0.6798,0.595,0.6174,0.5714,-0.1304,"2023,2024,2025"
judge_corps_caption,c-romanowski-1,Chris Romanowski,001j000000iwxa5aal,Music City,MA,Open Class,14,0.031,0.2402,0.0197,0.1793,-0.3205,0.3824,0.4528,0.5714,0.1727,"2013,2018,2019,2023,2024,2025"
judge_corps_caption,a-cook-1,Andrew Cook,001j000000iwwsqaal,Blue Stars,MA,World Class,6,0.046,-0.2497,0.0197,0.858,-1.6356,1.7276,1.445,0.8333,0.0536,"2013,2015,2017,2018,2022,2024"
judge_corps_caption,j-kennedy-1,Jay Kennedy,001j000000iwx9waad,Jersey Surf,MA,World Class,16,-0.0293,0.3166,-0.0196,0.2905,-0.5987,0.54,0.8114,0.5625,-0.101,"2013,2014,2015,2017,2018,2019,2023"
judge_corps_caption,c-romanowski-1,Chris Romanowski,001j000000iwx9uaad,Impulse,MA,Open Class,6,-0.0458,0.1088,-0.0196,0.4975,-1.021,0.9293,0.7947,0.5,-0.0921,"2014,2016,2023,2024"
judge_corps_caption,m-leitzke-1,Mike Leitzke,001j000000iwxabaa1,Southwind,MP,Open Class,15,-0.0301,0.1981,-0.0196,0.2821,-0.583,0.5229,0.7856,0.6667,-0.1066,"2015,2016,2017,2018,2019,2023"
judge_corps_caption,w-rickart-1,Warren Rickart,001j000000iwxajaa1,Troopers,GE1,World Class,6,0.0457,0.344,0.0196,0.1581,-0.2641,0.3555,0.2868,0.5,0.2889,"2022,2023,2024"
judge_corps_caption,j-howell-1,John Howell,001j000000h3xrnaav,Phantom Regiment,GE1,World Class,23,-0.0262,-0.0526,-0.0195,0.2351,-0.487,0.4345,0.7434,0.7826,-0.1116,"2013,2014,2015,2016,2017,2018,2019,2022,2023,2024,2025"
judge_corps_caption,m-mullinix-1,Max Mullinix,001j000000iwwsraal,Bluecoats,MP,World Class,5,0.0503,0.1757,0.0194,0.0965,-0.1388,0.2395,0.184,0.6,0.5217,"2014,2015"
judge_corps_caption,c-nelson-1,Carl Nelson,001j000000iwx9saad,Guardians,VP,Open Class,9,-0.0366,0.1481,-0.0194,0.179,-0.3875,0.3144,0.4248,0.4444,-0.2042,"2015,2016,2017,2019,2023"
judge_corps_caption,b-fabrizio-1,Beth Fabrizio,001j000000qzs1qaaf,River City Rhythm,MB,Open Class,6,-0.0452,0.4085,-0.0194,0.1613,-0.3613,0.2708,0.3145,0.5,-0.2806,"2019,2022,2024,2025"
judge_corps_caption,k-young-1,Kyle Young,001j000000i6i9saav,Blue Devils,GE2,World Class,5,0.0504,0.3353,0.0194,0.0812,-0.1087,0.2095,0.1415,0.4,0.6213,"2022,2024"
judge_corps_caption,m-lentz-1,Michael Lentz,001j000000iwx91aad,Carolina Crown,VA,World Class,6,-0.045,0.135,-0.0193,0.3948,-0.8189,0.7289,0.6198,0.6667,-0.1139,"2013,2016"
judge_corps_caption,d-carbone-1,Dave Carbone,001j000000iwwsoaal,Blue Knights,MP,World Class,6,-0.045,-0.0789,-0.0193,0.8047,-1.6223,1.5323,1.2812,0.6667,-0.0559,"2013,2014,2016,2019"
judge_corps_caption,j-howell-1,John Howell,001j000000iwx9saad,Guardians,GE1,Open Class,5,0.0503,-0.0621,0.0193,0.5001,-0.93,1.0305,0.8714,0.6,0.1005,"2015,2016,2018,2024"
judge_corps_caption,k-young-1,Kyle Young,001j000000iwxafaa1,The Cavaliers,MA,World Class,8,0.0386,0.0017,0.0193,0.2981,-0.5457,0.6229,0.5401,0.75,0.1296,"2023,2024,2025"
judge_corps_caption,k-turner-1,Ken Turner,001j000000iwxadaa1,Spirit of Atlanta,GE2,World Class,13,-0.031,0.3642,-0.0192,0.1332,-0.2921,0.23,0.3724,0.3846,-0.2328,"2013,2014,2015,2016,2017,2018,2019,2024"
judge_corps_caption,c-phillips-1,Chester Phillips,001j000000iwx9qaad,Golden Empire,MB,Open Class,5,0.0498,0.0652,0.0192,0.5491,-1.0265,1.1262,0.964,0.4,0.0907,"2018,2022,2025"
judge_corps_caption,k-young-1,Kyle Young,001j000000iwxafaa1,The Cavaliers,GE2,World Class,5,0.05,0.3226,0.0192,0.132,-0.2086,0.3086,0.2415,0.6,0.3789,"2019,2022,2024"
judge_corps_caption,b-crisp-1,Bryan Crisp,001j000000i6i9saav,Blue Devils,MB,World Class,11,-0.0331,0.0144,-0.0191,0.3458,-0.7107,0.6446,0.7819,0.7273,-0.0956,"2018,2019,2023,2024,2025"
judge_corps_caption,d-torchia-1,Debbie Torchia,001j000000iwwsqaal,Blue Stars,GE1,World Class,5,-0.0494,0.0063,-0.019,0.4049,-0.843,0.7443,0.5716,0.8,-0.122,"2015,2017,2023,2024"
judge_corps_caption,j-bell-1,John Bell,001j000000i6lenaa3,Madison Scouts,MA,World Class,6,-0.0442,0.3671,-0.0189,0.2948,-0.6219,0.5336,0.5675,0.5,-0.1499,"2013,2017,2018,2019,2022"
judge_corps_caption,r-rios-1,Ronnie Rios,001j000000iwx9aaat,Crossmen,MB,World Class,12,0.0314,0.4658,0.0188,0.3028,-0.5622,0.6249,0.6544,0.8333,0.1036,"2014,2016,2017,2018,2023,2024,2025"
judge_corps_caption,n-jones-1,Nola Jones,001j000000iwx9qaad,Golden Empire,MA,Open Class,5,0.0489,-0.3726,0.0188,0.4509,-0.8348,0.9327,0.7109,0.6,0.1085,"2015,2016,2018,2019"
judge_corps_caption,m-gray-1,Michael Gray,001j000000iwxa3aal,Mandarins,GE1,World Class,9,0.0352,0.1725,0.0187,0.0889,-0.1391,0.2096,0.2077,0.5556,0.3962,"2016,2017,2018,2019"
judge_corps_caption,c-phillips-1,Chester Phillips,001j000000iwx91aad,Carolina Crown,MB,World Class,16,-0.0278,0.2215,-0.0186,0.1338,-0.2902,0.2345,0.3544,0.6875,-0.2079,"2013,2016,2017,2018,2019,2022,2023"
judge_corps_caption,g-boulden-1,George Boulden,001j000000iwxaeaa1,The Academy,MB,World Class,6,-0.0433,0.2638,-0.0186,0.1058,-0.2506,0.164,0.2082,0.5,-0.4093,"2013,2015,2016,2017"
judge_corps_caption,j-gilley-1,Jackie Gilley,001j000000i6jmbaaf,Blue Devils B,VA,Open Class,8,-0.0373,0.6464,-0.0186,0.3131,-0.651,0.5764,0.7693,0.5,-0.1191,"2014,2015,2016,2017,2022"
judge_corps_caption,m-mast-1,Monte Mast,001j000000iwxa5aal,Music City,MA,Open Class,6,0.0434,0.0767,0.0186,0.7885,-1.5021,1.5889,1.2996,0.8333,0.055,"2015,2016,2017"
judge_corps_caption,m-tarr-1,Mike Tarr,001j000000h3xrnaav,Phantom Regiment,VP,World Class,7,0.0399,-0.0746,0.0186,0.3833,-0.7113,0.7911,0.7066,0.7143,0.104,"2022,2023,2024,2025"
judge_corps_caption,m-kelly-1,Mickey Kelly,001j000000iwx91aad,Carolina Crown,GE1,World Class,26,0.0242,-0.066,0.0185,0.2522,-0.47,0.5185,0.6659,0.8846,0.0962,"2013,2014,2015,2016,2017,2018,2019"
judge_corps_caption,j-kennedy-1,Jay Kennedy,001j000000iwwsoaal,Blue Knights,GE2,World Class,11,-0.0319,-0.212,-0.0185,0.5834,-1.1754,1.1115,1.1118,0.8182,-0.0547,"2014,2015,2016,2017,2018,2019,2022,2025"
judge_corps_caption,m-leitzke-1,Mike Leitzke,001j000000iwx9taad,Heat Wave,MP,Open Class,11,0.0319,0.1056,0.0185,0.3759,-0.7049,0.7687,0.7942,0.7273,0.0849,"2015,2016,2018,2019,2022,2023,2025"
judge_corps_caption,g-howarth-1,Gifford Howarth,001j000000iwxabaa1,Southwind,MP,Open Class,5,0.0482,0.4068,0.0185,0.163,-0.2713,0.3677,0.2863,0.4,0.2956,"2017,2018,2023"
judge_corps_caption,k-young-1,Kyle Young,001j000000iwxa5aal,Music City,MA,World Class,5,0.0479,0.0725,0.0184,0.0427,-0.0358,0.1316,0.0879,0.8,1.1215,"2023,2024,2025"
judge_corps_caption,j-kennedy-1,Jay Kennedy,001j000000iwxajaa1,Troopers,MA,World Class,22,0.0249,0.371,0.0183,0.2213,-0.4089,0.4587,0.6252,0.7273,0.1126,"2013,2014,2015,2017,2018,2019,2022,2023,2024,2025"
judge_corps_caption,m-leitzke-1,Mike Leitzke,001j000000iwxa1aal,Les Stentors,MP,Open Class,13,0.0296,0.086,0.0183,0.2508,-0.4621,0.5212,0.6262,0.5385,0.1178,"2015,2016,2017,2019,2022,2023,2024"
judge_corps_caption,m-waymire-1,Mark Waymire,001j000000iwwsqaal,Blue Stars,GE2,World Class,8,-0.0365,0.313,-0.0183,0.1497,-0.3299,0.2569,0.3017,0.5,-0.2439,"2016,2019,2022,2023"
judge_corps_caption,c-romanowski-1,Chris Romanowski,001j000000i6kfgaan,The Cadets,MA,World Class,8,-0.0366,0.1031,-0.0183,0.0779,-0.1893,0.1161,0.1711,0.375,-0.4695,"2018,2019,2023"
judge_corps_caption,m-gray-1,Michael Gray,001j000000iwxa8aal,Pioneer,GE1,World Class,5,-0.0474,0.0423,-0.0182,0.1082,-0.2595,0.1648,0.1844,0.2,-0.4376,"2016,2017,2018"
judge_corps_caption,h-bassett-1,Helen Bassett,001j000000iwwsqaal,Blue Stars,VP,World Class,6,-0.0424,0.2474,-0.0182,0.1993,-0.4331,0.3483,0.404,0.3333,-0.2126,"2016,2017,2018"
judge_corps_caption,r-rios-1,Ronnie Rios,001j000000iwwsraal,Bluecoats,MB,World Class,11,0.0312,0.4729,0.0181,0.1986,-0.3581,0.4206,0.3924,0.7273,0.1573,"2014,2015,2016,2017,2018,2019,2023"
judge_corps_caption,k-giese-1,Ken Giese,001j000000iwx9aaat,Crossmen,VA,World Class,21,-0.0248,0.1874,-0.018,0.154,-0.3267,0.2771,0.5621,0.5238,-0.1611,"2013,2014,2015,2016,2017,2018,2019"
judge_corps_caption,g-fugett-1,Glenn Fugett,001j000000h3xrnaav,Phantom Regiment,MP,World Class,12,-0.0299,-0.4961,-0.0179,0.4594,-0.9304,0.8706,1.259,0.75,-0.065,"2013,2014,2015,2016,2017,2018,2019,2023,2025"
judge_corps_caption,j-davila-1,Julie Davila,001j000000iwxajaa1,Troopers,MP,World Class,13,0.029,-0.106,0.0179,0.2856,-0.5308,0.5887,0.7741,0.7692,0.1014,"2016,2017,2018,2019,2022,2023"
judge_corps_caption,s-adamo-1,Sal Adamo,001j000000iwwssaal,Boston Crusaders,VP,World Class,11,-0.0307,0.2495,-0.0178,0.1859,-0.395,0.3336,0.4287,0.6364,-0.1652,"2013,2015,2016,2017,2019,2023,2024"
judge_corps_caption,j-gilley-1,Jackie Gilley,001j000000iwxaeaa1,The Academy,CG,World Class,10,-0.0321,0.0762,-0.0178,0.1467,-0.3195,0.2554,0.3585,0.4,-0.2186,"2013,2014,2018,2023,2025"
judge_corps_caption,s-adamo-1,Sal Adamo,001j000000i6lenaa3,Madison Scouts,GE1,World Class,8,0.0356,0.3566,0.0178,0.0873,-0.1356,0.2067,0.208,0.5,0.4071,"2013,2016,2017,2018,2022,2025"
judge_corps_caption,s-page-1,Steven Page,001j000000iwwspaal,Blue Saints,MB,Open Class,5,0.0462,0.3188,0.0178,0.4453,-0.8266,0.919,0.8015,0.6,0.1037,"2013,2014,2015"
judge_corps_caption,c-moss-1,Chris Moss,001j000000iwx9taad,Heat Wave,VA,Open Class,5,-0.0464,-0.1569,-0.0178,0.1969,-0.4324,0.3396,0.3595,0.6,-0.2354,"2017,2018,2022,2023"
judge_corps_caption,c-rothe-1,Caleb Rothe,001j000000iwxa7aal,Pacific Crest,MA,World Class,7,0.038,-0.2572,0.0177,0.5836,-1.1058,1.1818,1.1093,0.5714,0.0651,"2013,2014,2015,2017,2019,2023,2024"
judge_corps_caption,k-weirich-1,Kyle Weirich,001j000000iwxa0aal,Legends,MB,Open Class,5,0.0457,-0.474,0.0176,1.306,-2.5141,2.6054,2.0368,0.8,0.035,"2014,2015,2016"
judge_corps_caption,n-jones-1,Nola Jones,001j000000iwx98aad,Colts,GE2,World Class,21,-0.0242,-0.1199,-0.0175,0.2473,-0.5089,0.4606,0.6218,0.8095,-0.0977,"2013,2014,2015,2016,2017,2018,2019,2022,2023,2024,2025"
judge_corps_caption,b-mascaro-1,Bret Mascaro,001j000000i6lenaa3,Madison Scouts,VA,World Class,12,-0.0292,0.2742,-0.0175,0.187,-0.3957,0.3374,0.5593,0.5,-0.156,"2013,2014,2015,2016,2017,2018,2023"
judge_corps_caption,m-leitzke-1,Mike Leitzke,001j000000iwx9oaad,Genesis,MP,Open Class,17,-0.0257,-0.1243,-0.0175,0.2071,-0.4316,0.3801,0.6108,0.5294,-0.1243,"2015,2016,2017,2019,2022,2024"
judge_corps_caption,k-baker-1,Keith Baker,001j000000iwwsqaal,Blue Stars,VP,World Class,5,-0.0453,0.1815,-0.0174,0.2561,-0.5474,0.4567,0.3506,0.6,-0.177,"2013,2014,2017,2022"
judge_corps_caption,a-dunn-1,Al Dunn,001j000000iwx93aad,Seattle Cascades,MP,World Class,12,0.029,0.221,0.0174,0.2106,-0.3838,0.4418,0.5239,0.4167,0.1378,"2013,2014,2015,2016,2017,2019"
judge_corps_caption,m-griffin-1,Marty Griffin,001j000000iwxa5aal,Music City,MA,World Class,5,0.0452,0.1608,0.0174,0.3969,-0.7327,0.8232,0.6327,0.6,0.114,"2022,2024"
judge_corps_caption,j-harper-1,Jeff Harper,001j000000iwx91aad,Carolina Crown,MB,World Class,11,0.0298,-0.0608,0.0173,0.4708,-0.893,0.9526,0.8676,0.9091,0.0633,"2014,2015,2016,2017,2019,2025"
judge_corps_caption,n-jones-1,Nola Jones,001j000000iwx98aad,Colts,MA,World Class,5,-0.0448,-0.5519,-0.0172,0.4185,-0.8651,0.7756,0.7556,0.4,-0.107,"2013,2015,2022,2023"
judge_corps_caption,m-thompson-1,Michael Thompson,001j000000iwwsqaal,Blue Stars,CG,World Class,17,-0.0253,0.2112,-0.0172,0.087,-0.1958,0.1451,0.3013,0.5294,-0.2915,"2014,2015,2016,2017,2018,2019,2023"
judge_corps_caption,d-argul-1,Dennis Argul,001j000000i6jmbaaf,Blue Devils B,MB,Open Class,6,-0.0402,0.6005,-0.0172,0.246,-0.5224,0.442,0.398,0.5,-0.1633,"2015,2017,2025"
judge_corps_caption,c-romanowski-1,Chris Romanowski,001j000000iwx98aad,Colts,MA,World Class,11,0.0296,0.1822,0.0172,0.088,-0.1429,0.2022,0.2157,0.5455,0.3365,"2018,2019,2023,2024,2025"
judge_corps_caption,t-fox-1,Todd Fox,001j000000iwxa5aal,Music City,MA,Open Class,5,0.044,0.4093,0.0169,0.1943,-0.3369,0.4248,0.338,0.4,0.2263,"2015,2017,2019,2025"
judge_corps_caption,j-harper-1,Jeff Harper,001j000000iwxa0aal,Legends,MB,Open Class,5,-0.044,-0.0107,-0.0169,0.4474,-0.9209,0.8329,0.6659,0.8,-0.0984,"2016,2018"
judge_corps_caption,m-turner-1,Michael Turner,001j000000iwwsraal,Bluecoats,VP,World Class,16,0.0252,0.1871,0.0168,0.1036,-0.1778,0.2282,0.3305,0.5625,0.2434,"2013,2015,2016,2017,2023,2024"
judge_corps_caption,a-kristensen-1,Allan Kristensen,001j000000iwxa7aal,Pacific Crest,GE2,World Class,6,0.0393,-0.1112,0.0168,0.2985,-0.5458,0.6243,0.6061,0.5,0.1315,"2013,2015,2017,2018,2024"
judge_corps_caption,m-thompson-1,Michael Thompson,001j000000i6lenaa3,Madison Scouts,CG,World Class,11,-0.029,0.1793,-0.0168,0.1444,-0.3121,0.2541,0.3054,0.6364,-0.2009,"2016,2017,2018,2019,2023,2024"
judge_corps_caption,k-baker-1,Keith Baker,001j000000i6lenaa3,Madison Scouts,GE1,World Class,6,0.0391,0.1377,0.0168,0.1109,-0.1782,0.2565,0.2413,0.6667,0.3529,"2019,2023,2024,2025"
judge_corps_caption,c-raichle-1,Chris Raichle,001j000000iwxajaa1,Troopers,CG,World Class,10,0.0301,0.2781,0.0167,0.1889,-0.3401,0.4004,0.4245,0.6,0.1595,"2016,2017,2018,2022,2024,2025"
judge_corps_caption,c-nelson-1,Carl Nelson,001j000000iwx9aaat,Crossmen,VP,World Class,18,0.0239,0.2406,0.0166,0.326,-0.615,0.6629,0.8082,0.8333,0.0733,"2013,2014,2015,2016,2017,2018,2019,2022,2023"
judge_corps_caption,h-nguyen-1,Hieu Nguyen,001j000000iwwssaal,Boston Crusaders,CG,World Class,18,-0.024,0.14,-0.0166,0.2328,-0.4804,0.4324,0.6802,0.6667,-0.103,"2014,2015,2016,2017,2018,2019,2022,2024"
judge_corps_caption,w-chumley-1,William Chumley,001j000000iwx91aad,Carolina Crown,VA,World Class,8,-0.0332,0.0181,-0.0166,0.2166,-0.4577,0.3913,0.4088,0.75,-0.1532,"2014,2017,2018,2019"
judge_corps_caption,b-jones-1,Bruce Jones,001j000000iwxa8aal,Pioneer,VP,World Class,5,0.0428,0.2294,0.0165,0.1097,-0.1721,0.2578,0.1868,0.6,0.3905,"2014,2015"
judge_corps_caption,j-webb-1,Jay Webb,001j000000iwxaeaa1,The Academy,GE2,World Class,7,-0.0351,-0.2037,-0.0164,0.1456,-0.3204,0.2501,0.3018,0.4286,-0.2415,"2014,2015,2019,2022,2023"
judge_corps_caption,d-carbone-1,Dave Carbone,001j000000iwwsoaal,Blue Knights,GE2,World Class,6,-0.0381,-0.0172,-0.0163,0.588,-1.1906,1.1145,0.843,0.6667,-0.0648,"2013,2014,2016,2019,2023"
judge_corps_caption,p-furnari-1,Peter Furnari,001j000000iwxacaa1,Spartans,MA,Open Class,5,0.0424,0.5282,0.0163,0.1384,-0.2288,0.3137,0.2385,0.6,0.3067,2018
judge_corps_caption,w-rickart-1,Warren Rickart,001j000000i6lenaa3,Madison Scouts,CG,World Class,6,0.038,0.4192,0.0163,0.0983,-0.1548,0.2307,0.1745,0.6667,0.3863,"2019,2024,2025"
judge_corps_caption,m-mccourt-1,Meghan McCourt,001j000000iwwssaal,Boston Crusaders,GE1,World Class,5,0.0421,0.3033,0.0162,0.1218,-0.1967,0.281,0.211,0.4,0.3458,"2019,2022,2025"
judge_corps_caption,f-miller-1,Frank Miller,001j000000iwwsqaal,Blue Stars,VA,World Class,8,0.0322,0.2905,0.0161,0.1555,-0.2726,0.3369,0.374,0.375,0.2068,"2013,2015,2016,2017"
judge_corps_caption,j-brooks-1,Jeff Brooks,001j000000iwx97aad,Colt Cadets,MP,Open Class,6,0.0373,0.2429,0.016,0.4791,-0.9018,0.9764,0.7605,0.5,0.0779,"2019,2022,2023,2024,2025"
judge_corps_caption,a-kristensen-1,Allan Kristensen,001j000000iwxa3aal,Mandarins,GE2,World Class,6,-0.0371,-0.1755,-0.0159,0.4042,-0.8293,0.7551,0.8145,0.6667,-0.0918,"2013,2015,2017,2019,2024"
judge_corps_caption,a-lo-1,Albert Lo,001j000000h3xrnaav,Phantom Regiment,GE2,World Class,6,0.0372,0.267,0.0159,0.0919,-0.1429,0.2173,0.1866,0.5,0.4048,"2013,2014,2015,2022"
judge_corps_caption,d-davis-1,Darrin Davis,001j000000h3xwcaav,Santa Clara Vanguard,GE2,World Class,12,-0.0266,-0.1347,-0.0159,0.4886,-0.9843,0.9312,0.9115,0.8333,-0.0543,"2013,2014,2015,2016,2017,2024"
judge_corps_caption,m-hoskins-1,Mark Hoskins,001j000000iwxadaa1,Spirit of Atlanta,MB,World Class,13,0.0256,0.1442,0.0158,0.2051,-0.3765,0.4276,0.5587,0.6154,0.1247,"2016,2017,2019,2023,2024,2025"
judge_corps_caption,j-pursifull-1,Jack Pursifull,001j000000i6lenaa3,Madison Scouts,VA,World Class,5,-0.041,0.2876,-0.0158,0.171,-0.3762,0.2941,0.2751,0.6,-0.24,"2022,2023,2025"
judge_corps_caption,m-kelly-1,Mickey Kelly,001j000000i6jmbaaf,Blue Devils B,GE1,Open Class,5,-0.0407,-1.6688,-0.0157,1.1454,-2.2857,2.2042,1.8621,0.4,-0.0356,"2013,2016"
judge_corps_caption,k-miller-1,Kyle Miller,001j000000iwxadaa1,Spirit of Atlanta,GE1,World Class,18,-0.0226,0.0477,-0.0157,0.0797,-0.1789,0.1336,0.2829,0.5,-0.284,"2013,2014,2015,2016,2017,2018,2023,2024,2025"
judge_corps_caption,d-torchia-1,Debbie Torchia,001j000000iwx98aad,Colts,GE1,World Class,5,-0.0405,0.0109,-0.0156,0.5093,-1.0388,0.9578,0.7776,0.8,-0.0796,"2015,2017,2023,2024"
judge_corps_caption,h-nguyen-1,Hieu Nguyen,001j000000qzs1qaaf,River City Rhythm,CG,Open Class,6,-0.0365,0.0929,-0.0156,0.9807,-1.9585,1.8856,1.5893,0.8333,-0.0372,"2017,2018,2024"
judge_corps_caption,r-greenwell-1,Randy Greenwell,001j000000i6kalaa3,Blue Devils C,MB,Open Class,5,-0.0403,-0.6919,-0.0155,0.6089,-1.2337,1.1531,1.1025,0.6,-0.0662,"2016,2018,2019"
judge_corps_caption,g-markham-1,Garland Markham,001j000000iwx91aad,Carolina Crown,GE2,World Class,6,-0.036,-0.0723,-0.0154,0.1576,-0.345,0.2729,0.307,0.6667,-0.2286,"2014,2016,2017,2019"
judge_corps_caption,c-dillon-1,Christine Dillon,001j000000iwxacaa1,Spartans,CG,Open Class,16,0.023,0.8079,0.0153,0.1312,-0.2341,0.2801,0.379,0.5,0.1755,"2013,2014,2015,2016,2018,2023"
judge_corps_caption,g-markham-1,Garland Markham,001j000000iwx98aad,Colts,MA,World Class,6,0.0357,0.3145,0.0153,0.0825,-0.126,0.1974,0.1703,0.5,0.4327,"2014,2016,2017,2019"
judge_corps_caption,j-brooks-1,Jeff Brooks,001j000000iwx9saad,Guardians,MP,Open Class,6,-0.0354,0.1395,-0.0152,0.4898,-0.9955,0.9246,0.8462,0.6667,-0.0723,"2019,2022,2023"
judge_corps_caption,c-phillips-1,Chester Phillips,001j000000i6lenaa3,Madison Scouts,GE2,World Class,6,0.0353,0.2535,0.0151,0.2333,-0.4221,0.4926,0.4303,0.5,0.1512,"2013,2014,2015,2024,2025"
judge_corps_caption,p-haines-1,Phillip Haines,001j000000iwxaeaa1,The Academy,MA,World Class,6,-0.0353,-0.0759,-0.0151,0.3061,-0.6353,0.5647,0.6181,0.6667,-0.1154,"2015,2016,2018,2022,2023,2025"
judge_corps_caption,w-rickart-1,Warren Rickart,001j000000iwx93aad,Seattle Cascades,CG,World Class,7,0.0323,0.4615,0.0151,0.1911,-0.3422,0.4068,0.3219,0.8571,0.1691,"2019,2023,2024,2025"
judge_corps_caption,h-nguyen-1,Hieu Nguyen,001j000000i6kfgaan,The Cadets,CG,World Class,23,-0.0202,0.1163,-0.015,0.1445,-0.3035,0.2631,0.4277,0.6957,-0.1399,"2014,2015,2016,2017,2018,2019,2022"
judge_corps_caption,c-phillips-1,Chester Phillips,001j000000iwxajaa1,Troopers,GE2,World Class,5,0.0388,0.2779,0.0149,0.1418,-0.2392,0.3167,0.2513,0.6,0.2733,"2014,2015,2024,2025"
judge_corps_caption,n-jones-1,Nola Jones,001j000000iwxajaa1,Troopers,MA,World Class,9,0.0282,-0.4851,0.0149,0.3012,-0.5622,0.6187,0.7907,0.5556,0.0937,"2014,2015,2018,2019,2022,2023,2024"
judge_corps_caption,w-chumley-1,William Chumley,001j000000iwwsraal,Bluecoats,VA,World Class,10,0.0266,0.08,0.0148,0.1165,-0.2018,0.255,0.2991,0.7,0.2284,"2014,2017,2018,2019"
judge_corps_caption,c-phillips-1,Chester Phillips,001j000000iwxafaa1,The Cavaliers,GE2,World Class,6,-0.0343,0.1928,-0.0147,0.1155,-0.2606,0.192,0.2149,0.3333,-0.297,"2013,2014,2015,2019,2025"
judge_corps_caption,c-romanowski-1,Chris Romanowski,001j000000iwwslaal,7th Regiment,MP,Open Class,8,0.0293,0.1591,0.0146,0.3307,-0.6188,0.6774,0.78,0.625,0.0886,"2013,2014,2016,2017"
judge_corps_caption,j-sturgeon-1,Jim Sturgeon,001j000000iwxa7aal,Pacific Crest,VA,World Class,10,-0.0261,-0.0599,-0.0145,0.4107,-0.8311,0.7789,0.8414,0.7,-0.0636,"2014,2017,2018,2024,2025"
judge_corps_caption,m-thompson-1,Michael Thompson,001j000000h3xrnaav,Phantom Regiment,CG,World Class,14,0.0224,0.2465,0.0143,0.0958,-0.1653,0.2101,0.3,0.6429,0.2342,"2013,2016,2017,2019,2023,2025"
judge_corps_caption,s-page-1,Steven Page,001j000000iwx9waad,Jersey Surf,MB,World Class,14,0.0222,0.1853,0.0142,0.1711,-0.3132,0.3577,0.5219,0.4286,0.13,"2014,2015,2016,2017,2018,2024"
judge_corps_caption,a-lo-1,Albert Lo,001j000000iwxa3aal,Mandarins,GE2,World Class,5,-0.0369,0.2177,-0.0142,0.3927,-0.8066,0.7328,0.5888,0.6,-0.094,"2014,2015,2018"
judge_corps_caption,c-costanza-1,Curtis Costanza,001j000000iwxajaa1,Troopers,GE1,World Class,8,-0.0284,-0.2964,-0.0142,0.4018,-0.816,0.7592,0.7986,0.625,-0.0707,"2018,2019,2022,2023,2024"
judge_corps_caption,m-kelly-1,Mickey Kelly,001j000000i6kfgaan,The Cadets,CG,World Class,5,-0.0366,-0.4028,-0.0141,0.8743,-1.7503,1.677,1.3714,0.8,-0.0419,"2013,2014,2015,2017"
judge_corps_caption,j-webb-1,Jay Webb,001j000000iwxafaa1,The Cavaliers,GE2,World Class,11,-0.0244,-0.1979,-0.0141,0.3975,-0.8036,0.7548,0.8111,0.8182,-0.0613,"2013,2014,2015,2018,2019"
judge_corps_caption,j-ausdemore-1,Jeff Ausdemore,001j000000iwx91aad,Carolina Crown,MP,World Class,22,-0.0192,-0.1412,-0.0141,0.264,-0.5367,0.4982,0.7912,0.7727,-0.0728,"2014,2015,2016,2017,2018,2022"
judge_corps_caption,w-chumley-1,William Chumley,001j0000012y6bqaac,The Battalion,VA,Open Class,5,0.0368,0.4433,0.0141,0.5352,-1.0122,1.0857,0.8263,0.8,0.0687,"2016,2023,2025"
judge_corps_caption,m-bowers-1,Michele Bowers,001j000000iwx9uaad,Impulse,CG,Open Class,5,-0.0367,0.5327,-0.0141,0.0899,-0.2129,0.1394,0.1758,0.4,-0.4085,2017
judge_corps_caption,m-tarr-1,Mike Tarr,001j000000i6lenaa3,Madison Scouts,VP,World Class,5,0.0367,-0.0966,0.0141,0.1606,-0.2781,0.3514,0.2932,0.6,0.2282,"2023,2024"
judge_corps_caption,m-howard-1,Mike Howard,001j000000iwxafaa1,The Cavaliers,GE2,World Class,6,0.0328,0.2182,0.0141,0.1472,-0.2557,0.3214,0.2773,0.6667,0.2229,"2024,2025"
judge_corps_caption,r-greenwell-1,Randy Greenwell,001j000000iwwslaal,7th Regiment,GE2,Open Class,8,0.028,0.074,0.014,0.3491,-0.6563,0.7122,0.6412,0.75,0.0802,"2013,2014,2015,2016"
judge_corps_caption,m-stone-1,Michael Stone,001j000000iwx9vaad,Incognito,CG,Open Class,6,-0.0327,-0.8487,-0.014,0.3327,-0.6848,0.6194,0.6768,0.5,-0.0983,"2014,2015,2016,2017,2018"
judge_corps_caption,t-pierce-1,Tim Pierce,001j000000iwxa5aal,Music City,VA,World Class,8,0.0278,0.3624,0.0139,0.2537,-0.4694,0.5251,0.4557,0.875,0.1097,"2019,2022,2023,2024,2025"
judge_corps_caption,m-mcgahey-1,Mark McGahey,001j000000iwwsraal,Bluecoats,GE2,World Class,11,-0.0239,-0.0875,-0.0138,0.4481,-0.9021,0.8543,0.7815,0.7273,-0.0534,"2013,2014,2017,2018,2019,2023"
judge_corps_caption,w-chumley-1,William Chumley,001j000000iwx98aad,Colts,GE1,World Class,8,0.0274,0.2039,0.0137,0.106,-0.1803,0.2351,0.2256,0.5,0.2589,"2017,2022,2023,2024,2025"
judge_corps_caption,m-czapinksi-1,Marie Czapinksi,001j000000iwx9aaat,Crossmen,GE1,World Class,7,0.0292,-0.5383,0.0136,0.8593,-1.6551,1.7136,1.431,0.8571,0.034,"2013,2014"
judge_corps_caption,k-giese-1,Ken Giese,001j000000iwx98aad,Colts,VA,World Class,21,-0.0187,0.204,-0.0136,0.2679,-0.5439,0.5064,0.8133,0.7143,-0.0699,"2013,2014,2015,2016,2017,2018,2019,2022"
judge_corps_caption,d-deems-1,Don Deems,001j000000iwxakaa1,Vanguard Cadets,VA,Open Class,5,0.0354,0.8261,0.0136,0.219,-0.3938,0.4646,0.3646,0.4,0.1617,"2014,2017,2018,2022"
judge_corps_caption,j-wilson-1,Jeff Wilson,001j000000iwx9qaad,Golden Empire,MP,Open Class,13,-0.022,0.0881,-0.0136,0.2461,-0.5043,0.4602,0.7323,0.6154,-0.0895,"2015,2017,2018,2019,2022,2023,2024,2025"
judge_corps_caption,g-oliviero-1,George Oliviero,001j000000iwx9qaad,Golden Empire,VA,Open Class,5,0.0351,-1.0981,0.0135,0.2653,-0.4849,0.5552,0.4625,0.4,0.1324,"2014,2015,2022,2024,2025"
judge_corps_caption,c-rapacki-1,Chris Rapacki,001j000000qzs1qaaf,River City Rhythm,MP,Open Class,7,0.029,0.2831,0.0135,0.2093,-0.3812,0.4391,0.4619,0.7143,0.1384,"2022,2025"
judge_corps_caption,m-griffin-1,Marty Griffin,001j000000iwx91aad,Carolina Crown,MP,World Class,27,0.0173,0.272,0.0134,0.1145,-0.207,0.2417,0.366,0.7037,0.1514,"2013,2014,2015,2017,2018,2023,2025"
judge_corps_caption,h-nguyen-1,Hieu Nguyen,001j000000iwx9oaad,Genesis,CG,World Class,12,0.0223,0.2268,0.0134,0.3312,-0.627,0.6715,0.7632,0.5833,0.0673,"2017,2018,2019,2022"
judge_corps_caption,m-kelly-1,Mickey Kelly,001j000000h3xwcaav,Santa Clara Vanguard,GE1,World Class,19,-0.0189,-0.091,-0.0133,0.331,-0.6677,0.6299,0.7582,0.8421,-0.057,"2013,2014,2015,2016,2017,2018,2019"
judge_corps_caption,j-denton-1,Joel Denton,001j000000iwxajaa1,Troopers,MA,World Class,5,-0.0343,0.4429,-0.0132,0.0768,-0.1848,0.1162,0.1247,0.6,-0.4469,"2013,2015,2016,2024"
judge_corps_caption,j-sturgeon-1,Jim Sturgeon,001j000000iwwsraal,Bluecoats,VP,World Class,10,0.0237,0.2166,0.0132,0.3403,-0.6432,0.6906,0.6276,0.8,0.0696,"2014,2018,2019,2022,2023,2024,2025"
judge_corps_caption,t-wingate-1,Travis Wingate,001j000000iwwsoaal,Blue Knights,VA,World Class,6,0.0305,0.4583,0.0131,0.0567,-0.0806,0.1417,0.1033,0.5,0.5387,"2019,2023,2024,2025"
judge_corps_caption,l-carlson-1,Lee Carlson,001j000000iwxa7aal,Pacific Crest,GE1,World Class,8,-0.0261,0.3559,-0.013,0.3315,-0.6758,0.6236,0.7166,0.5,-0.0787,"2013,2014,2015,2016"
judge_corps_caption,j-kennedy-1,Jay Kennedy,001j000000iwx9qaad,Golden Empire,MA,Open Class,5,-0.0339,-0.0487,-0.013,0.4103,-0.8381,0.7703,0.7576,0.6,-0.0826,"2015,2016,2019,2025"
judge_corps_caption,d-aydelott-1,David Aydelott,001j000000iwwsqaal,Blue Stars,MA,World Class,5,-0.0336,-0.1598,-0.0129,0.4425,-0.9009,0.8337,0.7142,0.6,-0.0759,"2018,2019"
judge_corps_caption,d-thomas-1,Durand Thomas,001j000000iwwslaal,7th Regiment,MB,Open Class,5,-0.0336,-0.4337,-0.0129,0.5637,-1.1385,1.0713,0.8927,0.6,-0.0596,"2019,2022,2023,2025"
judge_corps_caption,m-tarr-1,Mike Tarr,001j000000iwxa5aal,Music City,VP,World Class,5,0.0334,-0.0237,0.0129,0.1496,-0.2599,0.3267,0.2259,0.6,0.2233,"2024,2025"
judge_corps_caption,j-orefice-1,Juno Orefice,001j000000iwxacaa1,Spartans,VP,Open Class,14,0.0201,0.4057,0.0128,0.2431,-0.4563,0.4965,0.4981,0.5714,0.0827,"2013,2014,2015,2016,2018,2019,2023,2024,2025"
judge_corps_caption,b-kuhn-1,Blair Kuhn,001j000000iwxacaa1,Spartans,VA,Open Class,5,-0.0333,0.2239,-0.0128,0.2808,-0.5837,0.5171,0.4967,0.4,-0.1186,"2018,2019,2022,2023,2024"
judge_corps_caption,a-dunn-1,Al Dunn,001j000000iwwsqaal,Blue Stars,MP,World Class,14,0.0199,0.1955,0.0127,0.2044,-0.3806,0.4205,0.5116,0.5714,0.0975,"2013,2014,2015,2016,2017"
judge_corps_caption,m-griffin-1,Marty Griffin,001j000000i6kfgaan,The Cadets,MP,World Class,28,0.0164,0.2531,0.0127,0.1287,-0.2359,0.2686,0.4226,0.7143,0.1271,"2013,2014,2015,2017,2018,2019,2023"
judge_corps_caption,r-greenwell-1,Randy Greenwell,001j000000iwxacaa1,Spartans,GE2,Open Class,7,-0.0271,0.0503,-0.0126,0.4621,-0.9328,0.8786,0.8237,0.7143,-0.0586,"2013,2014,2015,2016"
judge_corps_caption,f-miller-1,Frank Miller,001j000000iwxajaa1,Troopers,GE1,World Class,6,-0.0294,0.2502,-0.0126,0.1014,-0.2282,0.1693,0.217,0.5,-0.2905,"2014,2015,2016,2017"
judge_corps_caption,d-torchia-1,Debbie Torchia,001j000000iwxaeaa1,The Academy,GE1,World Class,8,0.0251,0.0678,0.0126,0.4161,-0.7905,0.8407,0.7248,0.875,0.0604,"2014,2015,2017,2023"
judge_corps_caption,w-dillon-1,Wayne Dillon,001j000000iwxadaa1,Spirit of Atlanta,GE2,World Class,14,-0.0196,-0.0069,-0.0125,0.2437,-0.4972,0.458,0.6145,0.6429,-0.0805,"2013,2014,2015,2016,2018,2019"
judge_corps_caption,e-argenziano-1,Ed Argenziano,001j000000i6lenaa3,Madison Scouts,MP,World Class,5,0.0326,0.6832,0.0125,0.2743,-0.505,0.5703,0.4464,0.6,0.1189,"2015,2017,2018"
judge_corps_caption,m-waymire-1,Mark Waymire,001j000000i6lenaa3,Madison Scouts,GE2,World Class,5,-0.0324,0.3011,-0.0125,0.2664,-0.5546,0.4899,0.5116,0.4,-0.1215,"2016,2022,2023"
judge_corps_caption,j-rhodes-1,Jodie Rhodes,001j000000h3xrnaav,Phantom Regiment,GE2,World Class,9,-0.0236,0.3551,-0.0125,0.1183,-0.2554,0.2082,0.2589,0.5556,-0.1999,"2023,2024,2025"
judge_corps_caption,k-miller-1,Kyle Miller,001j000000h3xwcaav,Santa Clara Vanguard,CG,World Class,7,0.0266,-0.4211,0.0124,0.7497,-1.4429,1.4961,1.5118,0.5714,0.0355,"2013,2015,2018,2019,2022"
judge_corps_caption,m-leitzke-1,Mike Leitzke,001j000000iwx97aad,Colt Cadets,MP,Open Class,19,0.0176,0.1443,0.0124,0.2267,-0.4267,0.462,0.6641,0.5789,0.0778,"2015,2016,2017,2018,2019,2023"
judge_corps_caption,c-hestin-1,Chris Hestin,001j000000iwxa3aal,Mandarins,GE2,World Class,6,-0.0287,0.147,-0.0123,0.3015,-0.6197,0.5623,0.6028,0.3333,-0.0952,"2017,2018,2022"
judge_corps_caption,j-harper-1,Jeff Harper,001j000000iwwssaal,Boston Crusaders,MA,World Class,14,0.0191,-0.0895,0.0122,0.4321,-0.8278,0.866,0.8722,0.8571,0.0442,"2015,2016,2017,2018,2019,2023,2024,2025"
judge_corps_caption,w-chumley-1,William Chumley,001j000000iwxa3aal,Mandarins,GE1,World Class,10,0.0218,0.2283,0.0121,0.0895,-0.1536,0.1972,0.2367,0.5,0.2436,"2017,2022,2023,2024,2025"
judge_corps_caption,j-sturgeon-1,Jim Sturgeon,001j000000iwwsoaal,Blue Knights,VA,World Class,12,-0.02,-0.0619,-0.012,0.2382,-0.4869,0.4468,0.5104,0.8333,-0.0841,"2014,2018,2024,2025"
judge_corps_caption,a-lo-1,Albert Lo,001j000000iwxa3aal,Mandarins,MA,World Class,5,0.0311,0.3852,0.012,0.6441,-1.2313,1.2935,1.0423,0.8,0.0483,"2014,2015,2018"
judge_corps_caption,m-waymire-1,Mark Waymire,001j000000iwxa7aal,Pacific Crest,GE2,World Class,9,0.0228,0.3781,0.012,0.1497,-0.2707,0.3162,0.3241,0.4444,0.152,"2016,2018,2019,2022,2023"
judge_corps_caption,d-davis-1,Darrin Davis,001j000000iwxafaa1,The Cavaliers,MA,World Class,10,-0.0216,-0.0188,-0.012,0.113,-0.2431,0.2,0.3082,0.4,-0.1907,"2018,2019,2024,2025"
judge_corps_caption,k-miller-1,Kyle Miller,001j000000iwxafaa1,The Cavaliers,GE1,World Class,25,0.0157,0.0835,0.0119,0.0694,-0.1204,0.1517,0.295,0.48,0.2259,"2013,2014,2015,2016,2017,2018,2019,2022,2023,2024,2025"
judge_corps_caption,j-prosperie-1,Jeff Prosperie,001j000000i6lenaa3,Madison Scouts,MP,World Class,16,0.0178,0.1345,0.0119,0.0987,-0.1756,0.2112,0.3097,0.5625,0.1802,"2013,2014,2015,2016,2017,2018,2019,2024"
judge_corps_caption,m-kelly-1,Mickey Kelly,001j000000iwxa5aal,Music City,GE1,Open Class,8,-0.0238,-0.6599,-0.0119,0.3879,-0.784,0.7365,0.8203,0.375,-0.0613,"2013,2014,2016,2018,2019"
judge_corps_caption,k-giese-1,Ken Giese,001j000000iwx9saad,Guardians,VA,Open Class,6,-0.0277,-0.9735,-0.0119,0.7424,-1.4829,1.4275,1.3388,0.6667,-0.0373,"2016,2017,2018,2019"
judge_corps_caption,t-fox-1,Todd Fox,001j000000h3xwcaav,Santa Clara Vanguard,MP,World Class,5,0.0307,0.4117,0.0118,0.1008,-0.1669,0.2283,0.173,0.4,0.3047,"2013,2016"
judge_corps_caption,d-carbone-1,Dave Carbone,001j000000i6kfgaan,The Cadets,GE2,World Class,9,0.0224,0.0335,0.0118,0.1985,-0.3667,0.4114,0.3758,0.7778,0.1127,"2015,2016,2018,2023"
judge_corps_caption,r-solomon-1,Robert Solomon,001j000000iwx91aad,Carolina Crown,VP,World Class,18,0.0169,0.0374,0.0117,0.3011,-0.5734,0.6071,0.662,0.7222,0.056,"2013,2014,2015,2016,2017,2018,2019,2025"
judge_corps_caption,m-stone-1,Michael Stone,001j000000iwx91aad,Carolina Crown,GE1,World Class,21,0.0162,-0.1635,0.0117,0.3176,-0.6063,0.6387,0.8137,0.9048,0.051,"2013,2014,2015,2016,2017,2018,2019,2022"
judge_corps_caption,t-hall-1,Troy Hall,001j000000iwxafaa1,The Cavaliers,MP,World Class,8,0.0232,0.5383,0.0116,0.2712,-0.5084,0.5547,0.5432,0.625,0.0854,"2015,2016,2018,2022,2023"
judge_corps_caption,t-mengel-1,Tim Mengel,001j000000i6lenaa3,Madison Scouts,MP,World Class,5,-0.0301,0.3969,-0.0116,0.1255,-0.276,0.2158,0.1739,0.8,-0.2399,"2017,2019,2023,2024"
judge_corps_caption,m-mcgahey-1,Mark McGahey,001j000000iwwsqaal,Blue Stars,GE2,World Class,12,-0.0192,-0.0788,-0.0115,0.4048,-0.8126,0.7742,0.7668,0.75,-0.0474,"2013,2014,2017,2019,2023"
judge_corps_caption,k-miller-1,Kyle Miller,001j000000iwx9waad,Jersey Surf,GE1,World Class,16,0.0172,0.0899,0.0115,0.1461,-0.2692,0.3036,0.4679,0.625,0.1177,"2013,2014,2015,2016,2017,2018,2019,2022,2023,2024"
judge_corps_caption,m-mcgahey-1,Mark McGahey,001j000000iwwsoaal,Blue Knights,GE2,World Class,13,-0.0185,-0.0774,-0.0115,0.282,-0.5711,0.5341,0.6504,0.7692,-0.0656,"2014,2017,2018,2019,2023,2025"
judge_corps_caption,m-waymire-1,Mark Waymire,001j000000iwxadaa1,Spirit of Atlanta,GE2,World Class,7,-0.0247,0.3203,-0.0115,0.2842,-0.5818,0.5324,0.5283,0.4286,-0.0869,"2015,2016,2019,2023"
judge_corps_caption,g-howarth-1,Gifford Howarth,001j000000iwx99aad,Columbians,MP,Open Class,6,-0.0268,0.3983,-0.0115,0.1073,-0.2371,0.1835,0.2285,0.5,-0.2498,"2017,2018,2023,2024"
judge_corps_caption,j-rhodes-1,Jodie Rhodes,001j000000iwxaeaa1,The Academy,GE2,World Class,9,-0.0217,0.3603,-0.0115,0.0991,-0.2159,0.1726,0.2527,0.5556,-0.2186,"2022,2023,2024,2025"
judge_corps_caption,j-gilley-1,Jackie Gilley,001j000000iwxakaa1,Vanguard Cadets,VP,Open Class,6,-0.0267,0.6656,-0.0114,0.1594,-0.3391,0.2857,0.3504,0.5,-0.1673,"2017,2018,2019,2022"
judge_corps_caption,d-torchia-1,Debbie Torchia,001j000000i6kfgaan,The Cadets,CG,World Class,11,-0.0196,-0.1418,-0.0113,0.4966,-0.993,0.9538,0.8647,0.9091,-0.0394,"2013,2014,2016,2017,2018,2019"
judge_corps_caption,w-chumley-1,William Chumley,001j000000h3xrnaav,Phantom Regiment,CG,World Class,6,0.0264,0.2533,0.0113,0.1028,-0.1751,0.2279,0.1849,0.3333,0.2569,"2014,2016,2017,2018"
judge_corps_caption,w-chumley-1,William Chumley,001j000000h3xwcaav,Santa Clara Vanguard,CG,World Class,9,0.0213,0.2778,0.0113,0.4097,-0.7817,0.8244,0.7264,0.8889,0.0521,"2016,2017,2018,2019,2022,2025"
judge_corps_caption,c-costanza-1,Curtis Costanza,001j000000iwwslaal,7th Regiment,GE1,Open Class,12,-0.0187,0.5227,-0.0112,0.1536,-0.3198,0.2824,0.3946,0.4167,-0.1215,"2013,2014,2015,2016,2024,2025"
judge_corps_caption,c-phillips-1,Chester Phillips,001j000000iwxa3aal,Mandarins,MB,World Class,10,-0.0202,0.2592,-0.0112,0.1352,-0.2852,0.2447,0.3001,0.7,-0.1497,"2016,2017,2018,2022,2025"
judge_corps_caption,c-romanowski-1,Chris Romanowski,001j000000iwx91aad,Carolina Crown,MA,World Class,15,0.0172,0.1722,0.0112,0.1475,-0.2719,0.3062,0.3506,0.7333,0.1163,"2018,2019,2023,2024,2025"
judge_corps_caption,w-chumley-1,William Chumley,001j000000i6lenaa3,Madison Scouts,GE1,World Class,8,0.0223,0.1768,0.0112,0.1335,-0.2394,0.2841,0.2667,0.375,0.1671,"2022,2023,2024,2025"
judge_corps_caption,m-griffin-1,Marty Griffin,001j000000iwx9oaad,Genesis,MP,Open Class,16,-0.0166,0.0776,-0.0111,0.2851,-0.5754,0.5422,0.6779,0.5,-0.0583,"2013,2014,2015,2016,2017,2018,2025"
judge_corps_caption,g-boulden-1,George Boulden,001j000000iwxafaa1,The Cavaliers,MB,World Class,6,0.026,0.3207,0.0111,0.2514,-0.4667,0.5187,0.5099,0.5,0.1035,"2013,2015,2018"
judge_corps_caption,g-miller-1,Gerry Miller,001j000000i6lenaa3,Madison Scouts,GE2,World Class,8,0.0222,0.221,0.0111,0.0782,-0.131,0.1755,0.174,0.375,0.2845,"2018,2019,2022,2024,2025"
judge_corps_caption,m-lentz-1,Michael Lentz,001j000000iwwssaal,Boston Crusaders,VA,World Class,5,-0.0287,0.1656,-0.011,0.5776,-1.1608,1.1035,0.9339,0.6,-0.0496,"2013,2016"
judge_corps_caption,j-kennedy-1,Jay Kennedy,001j000000iwx9aaat,Crossmen,MA,World Class,21,-0.0153,0.3165,-0.011,0.1716,-0.3516,0.3211,0.504,0.619,-0.0889,"2013,2014,2015,2017,2018,2019,2023,2024,2025"
judge_corps_caption,j-howell-1,John Howell,001j000000iwx9oaad,Genesis,GE1,Open Class,13,-0.0174,-0.0382,-0.0108,0.1627,-0.3363,0.3015,0.4732,0.5385,-0.1072,"2013,2014,2015,2018,2019,2023,2025"
judge_corps_caption,g-boulden-1,George Boulden,001j000000iwx9aaat,Crossmen,MB,World Class,6,-0.0253,0.2732,-0.0108,0.1145,-0.2496,0.199,0.1642,0.5,-0.2211,"2013,2015,2017"
judge_corps_caption,c-moss-1,Chris Moss,001j000000iwwsqaal,Blue Stars,VP,World Class,12,0.0178,0.2202,0.0107,0.0804,-0.1397,0.1753,0.2235,0.4167,0.2211,"2014,2015,2017,2018,2019,2022,2023,2024,2025"
judge_corps_caption,s-page-1,Steven Page,001j000000iwxafaa1,The Cavaliers,MB,World Class,20,-0.015,0.1428,-0.0107,0.3008,-0.6045,0.5745,0.6265,0.75,-0.0498,"2014,2015,2016,2017,2018,2022,2023,2024,2025"
judge_corps_caption,w-whaley-1,WL Whaley,001j000000iwx97aad,Colt Cadets,GE2,Open Class,5,-0.0279,0.6256,-0.0107,0.5081,-1.0238,0.968,0.8096,0.4,-0.0549,"2014,2016,2018"
judge_corps_caption,j-davila-1,Julie Davila,001j000000h3xwcaav,Santa Clara Vanguard,MP,World Class,11,-0.0185,-0.1443,-0.0107,0.434,-0.8691,0.8322,0.8966,0.7273,-0.0426,"2017,2018,2019,2024,2025"
judge_corps_caption,j-gilley-1,Jackie Gilley,001j000000iwxacaa1,Spartans,GE1,Open Class,5,-0.027,0.7002,-0.0104,0.1895,-0.3985,0.3445,0.3097,0.6,-0.1425,"2015,2019,2024"
judge_corps_caption,m-hoskins-1,Mark Hoskins,001j000000iwwsoaal,Blue Knights,MB,World Class,18,0.015,0.1491,0.0104,0.2349,-0.4454,0.4754,0.5034,0.7222,0.0639,"2016,2019,2022,2023,2024,2025"
judge_corps_caption,g-oliviero-1,George Oliviero,001j000000iwxa3aal,Mandarins,VP,World Class,5,-0.0267,-1.5466,-0.0103,0.5866,-1.1765,1.123,1.0103,0.4,-0.0456,"2015,2016,2017,2019,2022"
judge_corps_caption,g-fugett-1,Glenn Fugett,001j000000iwwsoaal,Blue Knights,GE2,World Class,21,0.0141,-0.12,0.0102,0.2494,-0.4747,0.5029,0.6327,0.8095,0.0566,"2013,2014,2015,2016,2017,2018,2019,2022,2023,2024,2025"
judge_corps_caption,c-guard-1,Color Guard,001j000000iwxafaa1,The Cavaliers,CG,World Class,10,-0.0184,0.1148,-0.0102,0.3426,-0.6899,0.6531,0.6854,0.8,-0.0537,"2015,2017,2019,2022,2023"
judge_corps_caption,d-davis-1,Darrin Davis,001j000000iwx93aad,Seattle Cascades,MB,World Class,5,-0.0262,0.008,-0.0101,0.1259,-0.2729,0.2205,0.2022,0.4,-0.2082,"2013,2014,2015,2016,2019"
judge_corps_caption,s-halquist-1,Shawn Halquist,001j000000iwxa5aal,Music City,MB,World Class,5,-0.0261,0.3171,-0.0101,0.0846,-0.192,0.1398,0.1665,0.4,-0.3088,"2018,2019,2023,2024,2025"
judge_corps_caption,c-guard-1,Color Guard,001j000000iwwsqaal,Blue Stars,VP,World Class,6,0.0233,-0.2455,0.01,0.6432,-1.2374,1.2839,1.0601,0.8333,0.0362,"2017,2018,2019"
judge_corps_caption,c-romanowski-1,Chris Romanowski,001j000000iwxaeaa1,The Academy,MP,World Class,8,-0.0199,0.0257,-0.0099,0.1004,-0.2166,0.1769,0.2194,0.5,-0.1978,"2013,2015,2017,2023"
judge_corps_caption,a-kristensen-1,Allan Kristensen,001j000000iwx9paad,Gold,MP,Open Class,10,-0.0178,-0.4611,-0.0099,0.4842,-0.9668,0.9311,1.0957,0.7,-0.0369,"2013,2018,2019,2022,2023,2024"
judge_corps_caption,d-carbone-1,Dave Carbone,001j000000iwwsraal,Bluecoats,GE2,World Class,11,0.0172,0.0329,0.0099,0.2067,-0.388,0.4224,0.3889,0.7273,0.0831,"2013,2015,2016,2017,2018,2023"
judge_corps_caption,b-brahan-1,Beverly Brahan,001j000000iwxa3aal,Mandarins,CG,World Class,5,0.0257,0.4434,0.0099,0.1443,-0.2571,0.3085,0.2328,0.4,0.1781,"2022,2023,2025"
judge_corps_caption,c-church-1,CHRIS CHURCH,001j000000iwxafaa1,The Cavaliers,VA,World Class,5,0.0256,0.4013,0.0098,0.1903,-0.3475,0.3987,0.2501,0.4,0.1345,"2014,2019,2022,2024"
judge_corps_caption,w-rickart-1,Warren Rickart,001j000000iwxa3aal,Mandarins,CG,World Class,11,-0.0167,0.4342,-0.0097,0.0873,-0.1878,0.1543,0.2354,0.5455,-0.1919,"2019,2022,2023,2024,2025"
judge_corps_caption,d-padilla-1,Damon Padilla,001j000000iwx91aad,Carolina Crown,GE1,World Class,10,0.0175,0.1324,0.0097,0.072,-0.1235,0.1586,0.1729,0.6,0.2438,"2022,2023,2024,2025"
judge_corps_caption,w-rickart-1,Warren Rickart,001j000000iwx9paad,Gold,GE1,Open Class,6,-0.0227,0.2887,-0.0097,0.4905,-0.984,0.9386,0.8265,0.5,-0.0463,"2022,2023,2025"
judge_corps_caption,m-thompson-1,Michael Thompson,001j000000i6lenaa3,Madison Scouts,VP,World Class,6,0.0223,0.3656,0.0096,0.1388,-0.2498,0.2944,0.2764,0.5,0.1606,"2013,2014,2019"
judge_corps_caption,t-fox-1,Todd Fox,001j000000iwxabaa1,Southwind,MP,Open Class,6,0.0224,0.3551,0.0096,0.1376,-0.2473,0.2921,0.2347,0.3333,0.1627,"2016,2017,2022"
judge_corps_caption,k-miller-1,Kyle Miller,001j000000iwxa7aal,Pacific Crest,GE1,World Class,20,0.0133,0.1048,0.0095,0.2212,-0.4203,0.447,0.6654,0.75,0.0603,"2013,2014,2015,2016,2017,2018,2019,2022,2023,2024,2025"
judge_corps_caption,t-wingate-1,Travis Wingate,001j000000i6i9saav,Blue Devils,VA,World Class,7,-0.0204,0.4143,-0.0095,0.0803,-0.1778,0.1371,0.152,0.5714,-0.2537,"2023,2024,2025"
judge_corps_caption,g-markham-1,Garland Markham,001j000000i6kfgaan,The Cadets,MA,World Class,9,0.0175,0.2831,0.0093,0.0656,-0.1111,0.1462,0.1425,0.4444,0.2672,"2013,2014,2015,2016,2017,2018,2019"
judge_corps_caption,c-romanowski-1,Chris Romanowski,001j000000iwxacaa1,Spartans,MA,Open Class,10,-0.0167,0.1994,-0.0093,0.3603,-0.7229,0.6895,0.7153,0.7,-0.0463,"2013,2019,2023,2024,2025"
judge_corps_caption,c-nelson-1,Carl Nelson,001j000000iwx9uaad,Impulse,GE1,Open Class,8,-0.0185,0.5975,-0.0093,0.2138,-0.4376,0.4006,0.4357,0.5,-0.0866,"2014,2016,2017,2018,2019,2022,2024"
judge_corps_caption,r-rios-1,Ronnie Rios,001j000000iwx91aad,Carolina Crown,MB,World Class,11,-0.0161,0.4418,-0.0093,0.2114,-0.4304,0.3982,0.4124,0.7273,-0.0762,"2014,2015,2016,2017,2018,2023"
judge_corps_caption,m-teal-1,Mark Teal,001j000000iwx91aad,Carolina Crown,MP,World Class,7,-0.0199,0.3078,-0.0093,0.2611,-0.5316,0.4918,0.4644,0.7143,-0.0764,"2017,2018,2024,2025"
judge_corps_caption,m-thompson-1,Michael Thompson,001j000000iwx91aad,Carolina Crown,VP,World Class,9,-0.0174,0.3646,-0.0092,0.1401,-0.292,0.2572,0.2661,0.6667,-0.1242,"2013,2014,2018,2022,2024"
judge_corps_caption,d-carbone-1,Dave Carbone,001j000000iwx9aaat,Crossmen,MA,World Class,19,-0.0131,0.1401,-0.0092,0.0446,-0.1005,0.0744,0.1487,0.4211,-0.2926,"2013,2014,2016,2017,2022,2023,2025"
judge_corps_caption,d-torchia-1,Debbie Torchia,001j000000iwx9aaat,Crossmen,CG,World Class,8,-0.0183,-0.15,-0.0092,0.7544,-1.497,1.4603,1.2989,0.875,-0.0243,"2013,2016,2017,2018,2025"
judge_corps_caption,c-dillon-1,Christine Dillon,001j000000f17bwaaa,Watchmen,VA,Open Class,6,-0.0215,0.6898,-0.0092,0.4556,-0.9145,0.8715,0.8277,0.6667,-0.0471,"2014,2015,2016,2017"
judge_corps_caption,m-mcgahey-1,Mark McGahey,001j000000iwxaeaa1,The Academy,MA,World Class,5,-0.0239,-0.2201,-0.0092,0.5277,-1.0582,1.0103,0.8259,0.6,-0.0453,"2014,2015,2016,2017"
judge_corps_caption,j-kennedy-1,Jay Kennedy,001j000000iwxa0aal,Legends,MA,Open Class,6,0.0212,-0.0436,0.0091,0.4716,-0.9031,0.9455,0.7754,0.8333,0.045,"2014,2019,2022"
judge_corps_caption,a-dunn-1,Al Dunn,001j000000h3xrnaav,Phantom Regiment,MP,World Class,11,0.0158,0.1948,0.0091,0.1008,-0.1818,0.2134,0.2904,0.5455,0.1567,"2014,2015,2016,2017"
judge_corps_caption,m-teal-1,Mark Teal,001j000000iwx98aad,Colts,MP,World Class,7,0.0196,0.3377,0.0091,0.1819,-0.3369,0.3761,0.3832,0.5714,0.1078,"2016,2017,2018,2019,2024,2025"
judge_corps_caption,t-wingate-1,Travis Wingate,001j000000iwxacaa1,Spartans,VA,Open Class,7,0.0195,0.3498,0.0091,0.1482,-0.271,0.31,0.2988,0.4286,0.1315,"2022,2023,2025"
judge_corps_caption,n-jones-1,Nola Jones,001j000000iwxajaa1,Troopers,GE2,World Class,27,0.0116,-0.0809,0.009,0.1892,-0.3593,0.3825,0.6192,0.6667,0.0614,"2013,2014,2015,2016,2017,2018,2019,2022,2023,2024,2025"
judge_corps_caption,k-kuhn-1,Kim Kuhn,001j000000iwwslaal,7th Regiment,VP,Open Class,5,0.0233,0.1654,0.009,0.2487,-0.4642,0.5108,0.3604,0.4,0.0936,"2016,2017,2018,2019"
judge_corps_caption,j-mills-1,Jeff Mills,001j000000iwxa5aal,Music City,MB,World Class,6,0.021,0.7668,0.009,0.1883,-0.3481,0.39,0.3409,0.3333,0.1113,"2018,2019,2022,2024"
judge_corps_caption,f-morris-1,Frank Morris,001j000000h3xrnaav,Phantom Regiment,VP,World Class,5,0.023,0.523,0.0089,0.1075,-0.1878,0.2338,0.1705,0.6,0.2141,"2013,2014,2015"
judge_corps_caption,b-jones-1,Bruce Jones,001j000000iwx98aad,Colts,VP,World Class,11,0.0153,0.2352,0.0089,0.1252,-0.2301,0.2607,0.3338,0.5455,0.1221,"2013,2014,2015,2018,2023,2025"
judge_corps_caption,r-greenwell-1,Randy Greenwell,001j000000iwx9saad,Guardians,MA,Open Class,5,0.0231,0.1854,0.0089,0.1631,-0.2965,0.3427,0.2883,0.4,0.1415,"2016,2018,2022"
judge_corps_caption,b-brahan-1,Beverly Brahan,001j000000iwwsraal,Bluecoats,CG,World Class,6,-0.0207,0.3633,-0.0089,0.1503,-0.3153,0.2739,0.2511,0.3333,-0.1375,"2023,2025"
judge_corps_caption,m-lentz-1,Michael Lentz,001j000000iwx98aad,Colts,CG,World Class,6,-0.0204,0.2981,-0.0088,0.2113,-0.4345,0.3937,0.3623,0.6667,-0.0967,"2013,2016,2017"
judge_corps_caption,c-costanza-1,Curtis Costanza,001j000000h3xwcaav,Santa Clara Vanguard,GE1,World Class,5,0.0229,-0.2301,0.0088,0.7723,-1.4908,1.5366,1.2259,0.8,0.0297,"2016,2018,2024,2025"
judge_corps_caption,c-romanowski-1,Chris Romanowski,001j000000iwxa1aal,Les Stentors,MA,Open Class,7,-0.0186,0.1452,-0.0087,0.2029,-0.4164,0.3791,0.3936,0.4286,-0.0918,"2013,2019,2023,2024"
judge_corps_caption,d-carbone-1,Dave Carbone,001j000000h3xwcaav,Santa Clara Vanguard,GE2,World Class,7,-0.0184,0.0127,-0.0086,0.3529,-0.7101,0.6732,0.6734,0.7143,-0.0522,"2013,2014,2015,2016,2018,2024"
judge_corps_caption,j-denton-1,Joel Denton,001j000000i6lenaa3,Madison Scouts,GE2,World Class,5,0.0225,0.2808,0.0086,0.1569,-0.2851,0.33,0.2397,0.8,0.1431,"2014,2018,2024"
judge_corps_caption,g-miller-1,Gerry Miller,001j000000iwx9aaat,Crossmen,GE2,World Class,10,-0.0153,0.1885,-0.0085,0.122,-0.2544,0.2237,0.3172,0.5,-0.1257,"2018,2019,2022,2024,2025"
judge_corps_caption,t-ochran-1,Timothy Ochran,001j000000iwxajaa1,Troopers,GE1,World Class,5,-0.0219,-0.5831,-0.0084,0.5413,-1.0829,1.039,0.9593,0.6,-0.0405,"2015,2018,2019,2024"
judge_corps_caption,t-wingate-1,Travis Wingate,001j0000012y6bqaac,The Battalion,VA,Open Class,7,-0.0181,0.4997,-0.0084,0.1011,-0.2162,0.18,0.2127,0.5714,-0.1789,"2022,2023,2025"
judge_corps_caption,m-lentz-1,Michael Lentz,001j000000iwx9aaat,Crossmen,CG,World Class,5,0.0214,0.3208,0.0082,0.1507,-0.274,0.3168,0.259,0.4,0.142,"2013,2016,2017"
judge_corps_caption,j-ausdemore-1,Jeff Ausdemore,001j000000iwwsraal,Bluecoats,MP,World Class,19,-0.0117,-0.1469,-0.0082,0.2788,-0.5581,0.5348,0.832,0.7368,-0.0419,"2014,2015,2016,2017,2018,2022"
judge_corps_caption,j-kennedy-1,Jay Kennedy,001j000000iwxadaa1,Spirit of Atlanta,GE2,World Class,6,-0.0191,-0.204,-0.0082,0.5634,-1.1233,1.0851,1.0843,0.5,-0.034,"2014,2017,2018,2025"
judge_corps_caption,j-wilson-1,Jeff Wilson,001j000000iwx93aad,Seattle Cascades,MP,World Class,5,0.0213,-0.2262,0.0082,0.7912,-1.5295,1.5721,1.3035,0.6,0.0269,"2016,2018,2024,2025"
judge_corps_caption,k-giese-1,Ken Giese,001j000000h3xrnaav,Phantom Regiment,VA,World Class,23,0.011,0.236,0.0081,0.2886,-0.5547,0.5767,0.7595,0.6087,0.0381,"2013,2014,2015,2016,2017,2018,2019,2022"
judge_corps_caption,r-kemp-1,Richard Kemp,001j000000iwx98aad,Colts,CG,World Class,5,0.021,0.1416,0.0081,0.5945,-1.1442,1.1862,0.9612,0.8,0.0354,"2013,2014,2016,2018"
judge_corps_caption,c-romanowski-1,Chris Romanowski,001j000000iwxa8aal,Pioneer,MP,World Class,5,-0.0208,-0.0236,-0.008,0.2339,-0.4793,0.4377,0.3831,0.4,-0.0889,"2013,2017"
judge_corps_caption,t-pierce-1,Tim Pierce,001j000000iwx91aad,Carolina Crown,VA,World Class,5,-0.0207,0.2486,-0.008,0.1399,-0.2949,0.2535,0.232,0.2,-0.1482,"2022,2023,2025"
judge_corps_caption,g-boulden-1,George Boulden,001j000000i6i9saav,Blue Devils,MB,World Class,6,0.0185,0.3357,0.0079,0.1105,-0.198,0.235,0.2046,0.3333,0.1674,"2013,2015,2018"
judge_corps_caption,g-boulden-1,George Boulden,001j000000iwwsoaal,Blue Knights,MB,World Class,7,0.017,0.3386,0.0079,0.1233,-0.2248,0.2587,0.2668,0.4286,0.1376,"2013,2014,2015"
judge_corps_caption,h-nguyen-1,Hieu Nguyen,001j000000iwx91aad,Carolina Crown,VP,World Class,8,-0.0158,0.1385,-0.0079,0.1905,-0.3891,0.3575,0.3442,0.625,-0.083,"2014,2017,2019,2023,2025"
judge_corps_caption,d-carbone-1,Dave Carbone,001j000000iwwsoaal,Blue Knights,MA,World Class,20,-0.011,0.1588,-0.0078,0.3012,-0.6014,0.5795,0.6111,0.8,-0.0364,"2013,2014,2015,2016,2017,2019,2022,2024,2025"
judge_corps_caption,b-jones-1,Bruce Jones,001j000000iwxa3aal,Mandarins,VP,World Class,8,-0.0156,0.2493,-0.0078,0.0966,-0.2049,0.1736,0.2246,0.625,-0.1618,"2014,2015,2016,2019,2022"
judge_corps_caption,a-lo-1,Albert Lo,001j000000iwwsraal,Bluecoats,MA,World Class,5,0.02,0.346,0.0077,0.1544,-0.2827,0.3226,0.2396,0.4,0.1293,"2013,2014"
judge_corps_caption,b-fabrizio-1,Beth Fabrizio,001j000000iwxaaaa1,Raiders,GE2,Open Class,5,-0.0201,0.507,-0.0077,0.5406,-1.0796,1.0395,0.952,0.6,-0.0372,"2016,2018,2023"
judge_corps_caption,j-rhodes-1,Jodie Rhodes,001j000000iwxa7aal,Pacific Crest,GE2,World Class,9,0.0145,0.4058,0.0077,0.137,-0.2541,0.283,0.3248,0.5556,0.1057,"2023,2024,2025"
judge_corps_caption,b-fabrizio-1,Beth Fabrizio,001j000000iwx9saad,Guardians,MB,Open Class,6,-0.0177,0.3161,-0.0076,0.3698,-0.7426,0.7072,0.5795,0.8333,-0.0479,"2017,2019,2022"
judge_corps_caption,w-rickart-1,Warren Rickart,001j000000iwxaeaa1,The Academy,GE1,World Class,6,-0.0177,0.2719,-0.0076,0.2203,-0.4496,0.4141,0.4113,0.5,-0.0804,"2022,2023,2025"
judge_corps_caption,b-jones-1,Bruce Jones,001j000000iwxadaa1,Spirit of Atlanta,VP,World Class,10,-0.0135,0.1963,-0.0075,0.2559,-0.515,0.488,0.6456,0.6,-0.0527,"2013,2014,2015,2019,2023"
judge_corps_caption,c-rothe-1,Caleb Rothe,001j000000iwxaeaa1,The Academy,GE2,World Class,14,-0.0117,0.0742,-0.0075,0.1134,-0.234,0.2105,0.3112,0.4286,-0.1035,"2014,2016,2017,2018,2022,2023,2024,2025"
judge_corps_caption,k-baker-1,Keith Baker,001j000000iwxaaaa1,Raiders,VA,Open Class,10,0.0132,0.2571,0.0073,0.2099,-0.3982,0.4246,0.5052,0.4,0.0628,"2013,2014,2016,2017,2018,2024"
judge_corps_caption,k-baker-1,Keith Baker,001j000000iwx9oaad,Genesis,GE1,Open Class,6,-0.0167,0.2982,-0.0072,0.1272,-0.2661,0.2326,0.2072,0.5,-0.1317,"2013,2016,2023"
judge_corps_caption,t-slaughter-1,Tom Slaughter,001j000000iwxa3aal,Mandarins,VA,World Class,10,0.013,0.4095,0.0072,0.0471,-0.0793,0.1054,0.1173,0.5,0.2767,"2022,2023,2024,2025"
judge_corps_caption,j-rhodes-1,Jodie Rhodes,001j000000iwx93aad,Seattle Cascades,GE2,World Class,8,0.0144,0.4243,0.0072,0.1672,-0.3133,0.3421,0.3629,0.375,0.0863,"2023,2024,2025"
judge_corps_caption,w-whaley-1,WL Whaley,001j000000iwwslaal,7th Regiment,GE2,Open Class,6,-0.0165,0.6294,-0.0071,0.2661,-0.538,0.5051,0.5218,0.5,-0.0618,"2013,2014,2016"
judge_corps_caption,r-greenwell-1,Randy Greenwell,001j000000iwx93aad,Seattle Cascades,MA,World Class,5,-0.0184,0.0373,-0.0071,0.3573,-0.7187,0.6819,0.5855,0.6,-0.0515,"2015,2016,2019"
judge_corps_caption,m-gray-1,Michael Gray,001j000000iwwsoaal,Blue Knights,GE1,World Class,10,0.0127,0.1244,0.0071,0.1011,-0.1853,0.2108,0.2525,0.6,0.126,"2016,2017,2018,2019"
judge_corps_caption,b-fabrizio-1,Beth Fabrizio,001j000000iwwssaal,Boston Crusaders,MB,World Class,7,0.0148,0.0834,0.0069,0.3967,-0.7628,0.7923,0.6819,0.8571,0.0373,"2013,2014,2017,2018,2022"
judge_corps_caption,j-bell-1,John Bell,001j000000iwx9oaad,Genesis,GE2,Open Class,10,0.0125,0.16,0.0069,0.243,-0.4638,0.4888,0.4878,0.6,0.0514,"2013,2015,2017,2018,2022,2024"
judge_corps_caption,c-moss-1,Chris Moss,001j000000iwx9aaat,Crossmen,VP,World Class,16,-0.0103,0.1822,-0.0069,0.215,-0.4317,0.4111,0.4806,0.625,-0.048,"2013,2016,2018,2019,2022,2023,2024,2025"
judge_corps_caption,r-rios-1,Ronnie Rios,001j000000iwxa8aal,Pioneer,MB,World Class,6,-0.0157,0.4016,-0.0067,0.3656,-0.7322,0.7008,0.6173,0.3333,-0.043,"2013,2014,2016,2017,2018"
judge_corps_caption,d-deems-1,Don Deems,001j000000i6lenaa3,Madison Scouts,GE1,World Class,11,-0.0116,0.0237,-0.0067,0.3582,-0.7137,0.6905,0.8792,0.7273,-0.0324,"2017,2019,2022,2023,2024,2025"
judge_corps_caption,t-wemhoff-1,Ted Wemhoff,001j000000iwxa8aal,Pioneer,GE1,World Class,5,-0.017,0.1971,-0.0065,0.2421,-0.4916,0.4575,0.3869,0.6,-0.0703,"2015,2017"
judge_corps_caption,s-adamo-1,Sal Adamo,001j000000iwwsqaal,Blue Stars,VP,World Class,7,-0.0139,0.2507,-0.0065,0.1289,-0.2664,0.2387,0.2653,0.5714,-0.1075,"2015,2016,2017,2019,2022,2023"
judge_corps_caption,r-solomon-1,Robert Solomon,001j000000h3xwcaav,Santa Clara Vanguard,VA,World Class,5,-0.0166,0.0684,-0.0064,0.2393,-0.4857,0.4525,0.3932,0.4,-0.0694,"2015,2017,2025"
judge_corps_caption,s-alia-1,Stephen Alia,001j000000iwxadaa1,Spirit of Atlanta,VA,World Class,5,-0.0167,0.3477,-0.0064,0.0772,-0.168,0.1346,0.1257,0.6,-0.2161,"2017,2018"
judge_corps_caption,s-calhoun-1,Steve Calhoun,001j000000iwx9oaad,Genesis,MA,Open Class,6,0.0145,0.4308,0.0062,0.0697,-0.1221,0.151,0.1139,0.5,0.2076,"2015,2016,2018"
judge_corps_caption,c-raichle-1,Chris Raichle,001j000000iwx9waad,Jersey Surf,CG,World Class,9,-0.0117,0.2354,-0.0062,0.3698,-0.7365,0.713,0.6961,0.6667,-0.0317,"2016,2017,2018,2022,2024"
judge_corps_caption,b-crisp-1,Bryan Crisp,001j000000iwxa3aal,Mandarins,MB,World Class,10,0.0112,0.0923,0.0062,0.2931,-0.5633,0.5857,0.5817,0.7,0.0382,"2019,2022,2023,2024,2025"
judge_corps_caption,m-howard-1,Mike Howard,001j000000iwx93aad,Seattle Cascades,GE2,World Class,5,-0.0162,0.2027,-0.0062,0.2791,-0.5632,0.5308,0.5065,0.6,-0.0581,"2023,2024,2025"
judge_corps_caption,j-orefice-1,Juno Orefice,001j000000iwxafaa1,The Cavaliers,VA,World Class,6,0.0143,0.2101,0.0061,0.2705,-0.5159,0.5445,0.5625,0.5,0.053,"2013,2015,2016,2018,2022,2023"
judge_corps_caption,l-carlson-1,Lee Carlson,001j000000iwxajaa1,Troopers,CG,World Class,6,0.0142,0.1075,0.0061,0.4501,-0.868,0.8964,0.8825,0.6667,0.0316,"2013,2014,2015"
judge_corps_caption,r-solomon-1,Robert Solomon,001j000000iwwssaal,Boston Crusaders,VP,World Class,18,0.0089,0.0358,0.0061,0.3003,-0.5798,0.5975,0.708,0.8333,0.0295,"2014,2015,2016,2017,2018,2019,2024,2025"
judge_corps_caption,m-howard-1,Mike Howard,001j000000iwx98aad,Colts,GE2,World Class,5,0.0158,0.2111,0.0061,0.0678,-0.1171,0.1487,0.1351,0.6,0.2332,"2024,2025"
judge_corps_caption,m-stone-1,Michael Stone,001j000000iwx9waad,Jersey Surf,CG,World Class,9,-0.0113,-0.0221,-0.006,0.2231,-0.4485,0.4259,0.492,0.7778,-0.0505,"2013,2014,2015,2016,2017"
judge_corps_caption,r-rodriguez-1,Rick Rodriguez,001j000000iwxa7aal,Pacific Crest,MP,World Class,7,0.0129,0.0614,0.006,0.2024,-0.3839,0.4097,0.4065,0.4286,0.0639,2014
judge_corps_caption,r-rodriguez-1,Rick Rodriguez,001j000000i6i9saav,Blue Devils,MP,World Class,5,0.0155,0.0579,0.006,0.1444,-0.2676,0.2985,0.2534,0.6,0.1072,2014
judge_corps_caption,d-deems-1,Don Deems,001j000000iwxa2aal,Louisiana Stars,CG,Open Class,6,-0.0139,0.9389,-0.006,0.3917,-0.7817,0.7538,0.7827,0.3333,-0.0356,"2017,2018,2019,2022"
judge_corps_caption,j-prosperie-1,Jeff Prosperie,001j000000iwxa3aal,Mandarins,MP,World Class,16,-0.0089,0.1634,-0.0059,0.119,-0.2421,0.2244,0.3795,0.5,-0.0744,"2013,2014,2015,2016,2017,2019,2024,2025"
judge_corps_caption,j-sturgeon-1,Jim Sturgeon,001j000000iwxajaa1,Troopers,VP,World Class,11,0.0102,0.1997,0.0059,0.3264,-0.6296,0.65,0.5785,0.9091,0.0313,"2014,2018,2019,2022,2023,2024,2025"
judge_corps_caption,s-adamo-1,Sal Adamo,001j000000iwxajaa1,Troopers,VP,World Class,5,0.0153,0.2776,0.0059,0.2413,-0.4576,0.4883,0.3937,0.6,0.0635,"2015,2016,2017,2023"
judge_corps_caption,r-isoda-1,Randolph Isoda,001j000000iwx9oaad,Genesis,GE2,Open Class,5,-0.0153,0.6564,-0.0059,0.4627,-0.9222,0.8916,0.8778,0.6,-0.033,2016
judge_corps_caption,r-rios-1,Ronnie Rios,001j000000iwwsqaal,Blue Stars,MA,World Class,10,-0.0104,0.068,-0.0058,0.3546,-0.7053,0.6846,0.7562,0.7,-0.0292,"2013,2018,2022,2023,2024,2025"
judge_corps_caption,d-padilla-1,Damon Padilla,001j000000iwxafaa1,The Cavaliers,GE1,World Class,10,-0.0105,0.0934,-0.0058,0.0732,-0.1539,0.1329,0.1977,0.4,-0.1431,"2022,2023,2024,2025"
judge_corps_caption,b-brahan-1,Beverly Brahan,001j000000iwx98aad,Colts,GE1,World Class,5,-0.0148,0.3459,-0.0057,0.1654,-0.3391,0.3095,0.2973,0.4,-0.0895,"2023,2024"
judge_corps_caption,w-chumley-1,William Chumley,001j000000iwxa6aal,Oregon Crusaders,VP,World Class,6,0.013,-0.0988,0.0056,0.2565,-0.4897,0.5157,0.4433,0.6667,0.0506,"2014,2017,2018"
judge_corps_caption,r-isoda-1,Randolph Isoda,001j000000iwxa1aal,Les Stentors,GE2,Open Class,5,0.0145,0.645,0.0056,0.6649,-1.2888,1.3177,1.0183,0.8,0.0217,"2016,2017"
judge_corps_caption,j-rhodes-1,Jodie Rhodes,001j000000iwx91aad,Carolina Crown,GE2,World Class,11,0.0097,0.3948,0.0056,0.0832,-0.1534,0.1727,0.2262,0.6364,0.1161,"2022,2023,2024,2025"
judge_corps_caption,j-howell-1,John Howell,001j000000iwx93aad,Seattle Cascades,CG,World Class,10,-0.0099,0.0288,-0.0055,0.2121,-0.4256,0.4059,0.4486,0.5,-0.0464,"2013,2015,2018,2019,2023,2025"
judge_corps_caption,c-phillips-1,Chester Phillips,001j000000iwxaeaa1,The Academy,MA,World Class,5,-0.0142,0.239,-0.0055,0.1706,-0.3487,0.3202,0.259,0.4,-0.0832,"2014,2016,2017,2025"
judge_corps_caption,s-page-1,Steven Page,001j000000iwx9aaat,Crossmen,MB,World Class,19,0.0078,0.1688,0.0055,0.1562,-0.2983,0.3139,0.4955,0.5789,0.0501,"2014,2015,2016,2017,2018,2019,2022,2023,2024,2025"
judge_corps_caption,s-adamo-1,Sal Adamo,001j000000iwxaeaa1,The Academy,GE1,World Class,6,0.0125,0.3478,0.0053,0.0704,-0.1255,0.1504,0.138,0.3333,0.1769,"2014,2016,2017,2018,2022,2024"
judge_corps_caption,w-chumley-1,William Chumley,001j000000iwxajaa1,Troopers,GE1,World Class,10,0.0095,0.1874,0.0053,0.1163,-0.2185,0.2375,0.277,0.4,0.0816,"2016,2017,2022,2023,2024,2025"
judge_corps_caption,d-deems-1,Don Deems,001j000000qzs1qaaf,River City Rhythm,CG,Open Class,8,0.0105,1.0348,0.0053,0.247,-0.4736,0.4946,0.5423,0.5,0.0426,"2017,2018,2019,2022,2023"
judge_corps_caption,t-hall-1,Troy Hall,001j000000h3xrnaav,Phantom Regiment,MP,World Class,5,-0.0135,0.5064,-0.0052,0.4146,-0.8261,0.799,0.624,0.8,-0.0327,"2016,2022,2023"
judge_corps_caption,c-costanza-1,Curtis Costanza,001j000000iwxacaa1,Spartans,GE1,Open Class,12,0.0085,0.5669,0.0051,0.1295,-0.2453,0.2623,0.3607,0.4167,0.0657,"2013,2014,2015,2016,2024,2025"
judge_corps_caption,g-fugett-1,Glenn Fugett,001j000000iwwsraal,Bluecoats,GE2,World Class,27,-0.0066,-0.1454,-0.0051,0.2649,-0.5258,0.5125,0.9275,0.8148,-0.025,"2013,2014,2015,2016,2017,2018,2019,2022,2023,2024,2025"
judge_corps_caption,k-miller-1,Kyle Miller,001j000000iwwsoaal,Blue Knights,CG,World Class,7,0.0107,-0.4478,0.005,0.6915,-1.3446,1.366,1.4048,0.5714,0.0154,"2013,2015,2018,2019,2022,2023"
judge_corps_caption,h-nguyen-1,Hieu Nguyen,001j000000iwwsoaal,Blue Knights,CG,World Class,9,0.0094,0.1633,0.005,0.1864,-0.356,0.3748,0.4605,0.5556,0.0505,"2017,2019,2022,2024,2025"
judge_corps_caption,b-kuhn-1,Blair Kuhn,001j000000qzs1qaaf,River City Rhythm,VA,Open Class,6,0.0116,0.3503,0.005,0.3595,-0.693,0.7161,0.6843,0.5,0.0322,"2018,2019,2022,2025"
judge_corps_caption,j-gilley-1,Jackie Gilley,001j000000iwxadaa1,Spirit of Atlanta,CG,World Class,6,-0.0115,0.0933,-0.0049,0.3326,-0.6635,0.6404,0.653,0.5,-0.0347,"2013,2014,2015,2018,2023"
judge_corps_caption,m-turner-1,Michael Turner,001j000000iwx91aad,Carolina Crown,CG,World Class,14,0.0078,0.1604,0.0049,0.1803,-0.3456,0.3611,0.4829,0.6429,0.043,"2014,2015,2016,2017,2018,2023"
judge_corps_caption,k-miller-1,Kyle Miller,001j000000iwx9aaat,Crossmen,VP,World Class,9,0.0091,-0.0189,0.0048,0.3112,-0.6008,0.619,0.6064,0.7778,0.0293,"2013,2014,2015,2016,2017,2019,2022,2023"
judge_corps_caption,m-thompson-1,Michael Thompson,001j000000iwx97aad,Colt Cadets,CG,Open Class,7,0.0103,0.4211,0.0048,0.4091,-0.7916,0.8122,0.7944,0.7143,0.0252,"2013,2016,2017,2019,2023"
judge_corps_caption,w-rickart-1,Warren Rickart,001j000000iwwsoaal,Blue Knights,GE1,World Class,8,-0.0095,0.2923,-0.0048,0.32,-0.6367,0.6177,0.592,0.75,-0.0297,"2022,2023,2024,2025"
judge_corps_caption,t-moddison-1,Travis Moddison,001j000000i6kfgaan,The Cadets,MA,World Class,5,-0.0123,0.0972,-0.0047,0.1452,-0.2968,0.2723,0.2439,0.4,-0.0844,"2017,2018"
judge_corps_caption,m-griffin-1,Marty Griffin,001j000000iwx9uaad,Impulse,MP,Open Class,7,-0.0099,-0.1413,-0.0046,0.5637,-1.1149,1.095,1.1993,0.5714,-0.0176,"2013,2016,2022,2025"
judge_corps_caption,j-howell-1,John Howell,001j000000iwxaaaa1,Raiders,GE1,Open Class,10,-0.0083,-0.107,-0.0046,0.286,-0.5687,0.5522,0.6797,0.5,-0.0289,"2013,2015,2017,2018,2019,2022,2023,2025"
judge_corps_caption,c-moss-1,Chris Moss,001j000000i6kfgaan,The Cadets,VP,World Class,18,-0.0066,0.1832,-0.0046,0.1028,-0.2081,0.1949,0.3524,0.6111,-0.0642,"2013,2014,2015,2016,2017,2018,2019,2022"
judge_corps_caption,s-page-1,Steven Page,001j000000iwwsqaal,Blue Stars,MB,World Class,16,-0.007,0.1687,-0.0046,0.1249,-0.2517,0.2378,0.366,0.625,-0.0557,"2014,2015,2017,2018,2019,2022,2024"
judge_corps_caption,l-carlson-1,Lee Carlson,001j000000iwx98aad,Colts,GE1,World Class,8,-0.009,0.361,-0.0045,0.1777,-0.3573,0.3392,0.346,0.5,-0.0509,"2013,2015,2016"
judge_corps_caption,d-carbone-1,Dave Carbone,001j000000i6i9saav,Blue Devils,MA,World Class,20,0.0063,0.1772,0.0045,0.2852,-0.5527,0.5653,0.5795,0.75,0.0221,"2013,2014,2016,2017,2019,2022,2024,2025"
judge_corps_caption,m-mcgahey-1,Mark McGahey,001j000000iwx9aaat,Crossmen,MA,World Class,5,0.0115,-0.1888,0.0044,0.7833,-1.5238,1.5467,1.2025,0.8,0.0147,"2014,2015,2016"
judge_corps_caption,k-kuhn-1,Kim Kuhn,001j000000iwxa5aal,Music City,VP,Open Class,7,0.0095,0.033,0.0044,0.3059,-0.5901,0.6092,0.5645,0.4286,0.0311,"2016,2017,2018,2022"
judge_corps_caption,c-romanowski-1,Chris Romanowski,001j000000iwx9qaad,Golden Empire,MA,Open Class,6,-0.0101,0.2472,-0.0043,0.3147,-0.627,0.6068,0.5044,0.5,-0.0321,"2014,2016,2019,2023"
judge_corps_caption,g-fugett-1,Glenn Fugett,001j000000iwxa7aal,Pacific Crest,MP,World Class,8,-0.0084,-0.4554,-0.0042,0.4539,-0.8981,0.8812,1.0092,0.625,-0.0186,"2013,2014,2016,2017,2023,2025"
judge_corps_caption,m-waymire-1,Mark Waymire,001j000000iwx9aaat,Crossmen,MA,World Class,5,-0.011,0.6106,-0.0042,0.1657,-0.3358,0.3137,0.2617,0.2,-0.0665,"2018,2019,2022"
judge_corps_caption,j-bell-1,John Bell,001j000000iwxadaa1,Spirit of Atlanta,MA,World Class,5,-0.0107,0.4214,-0.0041,0.3025,-0.6037,0.5823,0.5001,0.4,-0.0355,"2013,2014,2016,2018"
judge_corps_caption,j-prosperie-1,Jeff Prosperie,001j000000iwx9oaad,Genesis,MP,Open Class,9,-0.0077,0.0369,-0.0041,0.3201,-0.635,0.6196,0.663,0.5556,-0.0241,"2014,2016,2017,2018,2019,2024,2025"
judge_corps_caption,m-gray-1,Michael Gray,001j000000iwxa7aal,Pacific Crest,GE1,World Class,7,-0.0087,0.1107,-0.0041,0.1431,-0.2893,0.2718,0.3196,0.4286,-0.061,"2016,2017,2018,2019"
judge_corps_caption,p-madden-1,Phil Madden,001j000000iwx9paad,Gold,VA,Open Class,5,0.0106,0.261,0.0041,0.4589,-0.8888,0.91,0.8605,0.6,0.0231,"2017,2022,2023"
judge_corps_caption,t-slaughter-1,Tom Slaughter,001j000000iwxadaa1,Spirit of Atlanta,VA,World Class,6,0.0094,0.3551,0.004,0.1254,-0.2365,0.2552,0.2582,0.3333,0.0747,"2019,2023,2024,2025"
judge_corps_caption,k-young-1,Kyle Young,001j000000iwwsraal,Bluecoats,GE2,World Class,5,0.01,0.2871,0.0038,0.0502,-0.0883,0.1083,0.0861,0.6,0.1993,"2019,2022,2024"
judge_corps_caption,c-armbruster-1,Chad Armbruster,001j000000iwxa2aal,Louisiana Stars,MA,Open Class,5,-0.0095,0.3553,-0.0037,0.0588,-0.1248,0.1057,0.0993,0.4,-0.162,"2019,2022"
judge_corps_caption,d-torchia-1,Debbie Torchia,001j000000h3xrnaav,Phantom Regiment,CG,World Class,12,0.006,-0.118,0.0036,0.4868,-0.9482,0.9601,0.919,0.8333,0.0123,"2013,2014,2015,2016,2017,2018,2022"
judge_corps_caption,b-fabrizio-1,Beth Fabrizio,001j000000i6kfgaan,The Cadets,MB,World Class,9,0.0069,0.0491,0.0036,0.5247,-1.0216,1.0354,0.9304,0.8889,0.0131,"2014,2017,2018,2022,2023"
judge_corps_caption,d-deems-1,Don Deems,001j000000iwx9paad,Gold,CG,Open Class,15,0.0056,0.9462,0.0036,0.1768,-0.3409,0.3521,0.5826,0.4667,0.0316,"2014,2017,2018,2022,2023,2025"
judge_corps_caption,m-howard-1,Mike Howard,001j000000iwwsqaal,Blue Stars,GE2,World Class,5,-0.0094,0.1844,-0.0036,0.0946,-0.1949,0.1761,0.1717,0.6,-0.0997,"2024,2025"
judge_corps_caption,a-dunn-1,Al Dunn,001j000000iwx98aad,Colts,MP,World Class,10,-0.0064,0.1759,-0.0035,0.3048,-0.6037,0.5909,0.6125,0.6,-0.021,"2013,2014,2015,2016,2017"
judge_corps_caption,d-argul-1,Dennis Argul,001j000000iwxaeaa1,The Academy,MB,World Class,11,-0.006,0.4804,-0.0035,0.0966,-0.1954,0.1834,0.2347,0.4545,-0.0621,"2016,2017,2019,2025"
judge_corps_caption,c-romanowski-1,Chris Romanowski,001j000000h3xwcaav,Santa Clara Vanguard,MA,World Class,10,-0.0061,0.1567,-0.0034,0.3208,-0.6348,0.6226,0.5462,0.7,-0.0189,"2018,2019,2024,2025"
judge_corps_caption,j-howell-1,John Howell,001j000000i6lenaa3,Madison Scouts,GE1,World Class,15,-0.0051,-0.0488,-0.0033,0.1512,-0.3015,0.2913,0.3913,0.6667,-0.0339,"2013,2014,2015,2016,2017,2018,2019,2023,2025"
judge_corps_caption,c-dillon-1,Christine Dillon,001j000000iwx97aad,Colt Cadets,CG,Open Class,16,0.0049,0.7503,0.0033,0.3074,-0.5976,0.6075,0.5988,0.6875,0.0161,"2013,2014,2015,2016,2018,2019,2022,2025"
judge_corps_caption,h-nguyen-1,Hieu Nguyen,001j000000iwx9waad,Jersey Surf,VP,World Class,6,-0.0076,0.1225,-0.0033,0.4029,-0.7973,0.782,0.7082,0.6667,-0.019,"2014,2015,2016,2017,2022,2023"
judge_corps_caption,k-baker-1,Keith Baker,001j000000iwxaaaa1,Raiders,GE1,Open Class,6,-0.0074,0.3915,-0.0032,0.2613,-0.5195,0.5047,0.5307,0.5,-0.0283,"2013,2016,2023,2024"
judge_corps_caption,s-adamo-1,Sal Adamo,001j000000iwx9oaad,Genesis,VA,Open Class,6,-0.0075,-0.2367,-0.0032,0.6001,-1.1838,1.1687,1.099,0.6667,-0.0125,"2014,2016,2017,2023,2024"
judge_corps_caption,t-wingate-1,Travis Wingate,001j000000iwwsraal,Bluecoats,VA,World Class,7,-0.0068,0.4189,-0.0032,0.0391,-0.0833,0.0697,0.0794,0.4286,-0.1741,"2019,2023,2024,2025"
judge_corps_caption,w-chumley-1,William Chumley,001j000000i6lenaa3,Madison Scouts,VA,World Class,7,-0.0066,0.0157,-0.0031,0.4371,-0.8634,0.8502,0.7397,0.8571,-0.0151,"2013,2018,2019,2023,2025"
judge_corps_caption,d-torchia-1,Debbie Torchia,001j000000iwx9waad,Jersey Surf,GE1,World Class,7,0.0064,0.0506,0.003,0.3613,-0.7017,0.7145,0.6203,0.7143,0.0178,"2014,2015,2017,2018,2022"
judge_corps_caption,g-miller-1,Gerry Miller,001j000000iwx97aad,Colt Cadets,GE2,Open Class,5,-0.0079,0.031,-0.003,0.2615,-0.5204,0.5047,0.4997,0.6,-0.0301,"2019,2022,2025"
judge_corps_caption,m-hoskins-1,Mark Hoskins,001j000000h3xwcaav,Santa Clara Vanguard,MB,World Class,7,0.0064,0.1498,0.003,0.5551,-1.0816,1.0944,0.9195,0.8571,0.0116,"2019,2022,2024"
judge_corps_caption,g-miller-1,Gerry Miller,001j000000iwxajaa1,Troopers,GE2,World Class,7,-0.0065,0.2135,-0.003,0.0996,-0.2017,0.1888,0.2011,0.4286,-0.0651,"2022,2024,2025"
judge_corps_caption,w-dillon-1,Wayne Dillon,001j000000iwx93aad,Seattle Cascades,GE2,World Class,7,0.006,0.0481,0.0028,0.5123,-0.9982,1.0102,0.8458,0.7143,0.0118,"2013,2014,2015,2016,2019,2025"
judge_corps_caption,m-turner-1,Michael Turner,001j000000h3xrnaav,Phantom Regiment,VP,World Class,16,0.0041,0.1546,0.0027,0.3335,-0.6495,0.6577,0.6637,0.75,0.0123,"2013,2014,2015,2016,2017,2023,2024"
judge_corps_caption,d-niebauer-1,Dan Niebauer,001j000000iwwsqaal,Blue Stars,GE1,World Class,5,0.0071,0.0397,0.0027,0.2411,-0.4655,0.4798,0.3968,0.4,0.0297,"2013,2015"
judge_corps_caption,d-davis-1,Darrin Davis,001j000000iwxadaa1,Spirit of Atlanta,MA,World Class,10,0.0049,0.0106,0.0027,0.1505,-0.2901,0.3,0.3079,0.5,0.0328,"2013,2018,2019,2024,2025"
judge_corps_caption,c-romanowski-1,Chris Romanowski,001j000000iwxa5aal,Music City,MP,Open Class,12,0.0046,0.1394,0.0027,0.2164,-0.4195,0.4286,0.5044,0.5,0.0212,"2013,2014,2016,2017,2019,2022"
judge_corps_caption,h-nguyen-1,Hieu Nguyen,001j000000iwx93aad,Seattle Cascades,CG,World Class,7,0.0055,0.173,0.0026,0.3222,-0.626,0.637,0.6359,0.5714,0.017,"2015,2017,2018,2019,2024,2025"
judge_corps_caption,w-rickart-1,Warren Rickart,001j000000iwxafaa1,The Cavaliers,CG,World Class,5,-0.0067,0.3895,-0.0026,0.1425,-0.2859,0.2726,0.2467,0.6,-0.0468,"2019,2022,2024"
judge_corps_caption,g-llacer-1,Greg Llacer,001j000000iwx9aaat,Crossmen,GE1,World Class,6,0.006,0.3663,0.0026,0.1693,-0.3259,0.3379,0.2894,0.3333,0.0354,"2022,2023,2024"
judge_corps_caption,r-kemp-1,Richard Kemp,001j000000iwxadaa1,Spirit of Atlanta,CG,World Class,6,-0.0059,0.1037,-0.0025,0.2486,-0.4932,0.4813,0.4403,0.6667,-0.0238,"2013,2016,2017"
judge_corps_caption,a-cook-1,Andrew Cook,001j000000iwxa1aal,Les Stentors,MB,Open Class,5,-0.0066,-0.2344,-0.0025,0.545,-1.0748,1.0617,0.9796,0.4,-0.0121,"2015,2022"
judge_corps_caption,m-gray-1,Michael Gray,001j000000iwxadaa1,Spirit of Atlanta,GE1,World Class,11,-0.0043,0.0938,-0.0025,0.1355,-0.27,0.2614,0.3355,0.6364,-0.0316,"2016,2017,2018,2019"
judge_corps_caption,g-oliviero-1,George Oliviero,001j000000iwxafaa1,The Cavaliers,CG,World Class,6,-0.0056,-0.4526,-0.0024,0.8997,-1.769,1.7579,1.4745,0.8333,-0.0062,"2013,2015,2016,2019"
judge_corps_caption,t-wingate-1,Travis Wingate,001j000000iwxadaa1,Spirit of Atlanta,VA,World Class,6,-0.0056,0.4023,-0.0024,0.1748,-0.3482,0.337,0.3243,0.3333,-0.0319,"2019,2023,2024,2025"
judge_corps_caption,k-turner-1,Ken Turner,001j000000i6lenaa3,Madison Scouts,GE2,World Class,14,0.0036,0.387,0.0023,0.0884,-0.1698,0.1769,0.2453,0.5,0.0405,"2013,2014,2015,2016,2017,2022,2024,2025"
judge_corps_caption,m-anderson-1,Mike Anderson,001j000000iwwsqaal,Blue Stars,GE1,World Class,8,-0.0047,0.339,-0.0023,0.0825,-0.1664,0.1571,0.1942,0.5,-0.0563,"2014,2018,2019"
judge_corps_caption,n-jones-1,Nola Jones,001j000000iwwsoaal,Blue Knights,MA,World Class,12,-0.0039,-0.515,-0.0023,0.3648,-0.7188,0.7111,0.9058,0.5,-0.0106,"2014,2015,2016,2018,2019,2022,2023,2024"
judge_corps_caption,k-miller-1,Kyle Miller,001j000000iwx97aad,Colt Cadets,GE1,Open Class,5,0.0058,-0.7811,0.0022,0.4925,-0.9596,0.9712,0.7829,0.6,0.0117,"2015,2023,2024,2025"
judge_corps_caption,m-anderson-1,Mike Anderson,001j000000iwwsoaal,Blue Knights,VA,World Class,5,0.0057,-0.1277,0.0022,0.6458,-1.2601,1.2715,1.2121,0.6,0.0088,"2018,2019,2022"
judge_corps_caption,m-kelly-1,Mickey Kelly,001j000000h3xrnaav,Phantom Regiment,CG,World Class,5,0.0055,-0.3631,0.0021,1.0451,-2.0429,2.0539,1.6581,0.8,0.0053,"2013,2014,2015,2016,2017"
judge_corps_caption,h-nguyen-1,Hieu Nguyen,001j000000iwxabaa1,Southwind,CG,Open Class,9,0.004,0.1258,0.0021,0.3022,-0.5883,0.5962,0.7722,0.6667,0.0132,"2015,2016,2017,2018,2022"
judge_corps_caption,c-rothe-1,Caleb Rothe,001j000000h3xwcaav,Santa Clara Vanguard,MA,World Class,6,0.0046,-0.2793,0.002,0.3498,-0.6811,0.6902,0.6627,0.6667,0.013,"2014,2015,2016,2017"
judge_corps_caption,m-griffin-1,Marty Griffin,001j000000h3xwcaav,Santa Clara Vanguard,MP,World Class,30,0.0024,0.2614,0.0019,0.2112,-0.4116,0.4163,0.5681,0.6667,0.0112,"2013,2014,2015,2017,2018,2019,2022,2025"
judge_corps_caption,m-griffin-1,Marty Griffin,001j000000iwxa0aal,Legends,MP,Open Class,13,-0.0031,-0.0851,-0.0019,0.3182,-0.6267,0.6205,0.9138,0.5385,-0.0096,"2013,2014,2015,2016,2017,2018,2019"
judge_corps_caption,j-bell-1,John Bell,001j000000iwxafaa1,The Cavaliers,MA,World Class,5,0.005,0.4344,0.0019,0.1898,-0.367,0.3771,0.2933,0.4,0.0266,"2014,2015,2017,2018,2019"
judge_corps_caption,c-raichle-1,Chris Raichle,001j000000iwwssaal,Boston Crusaders,CG,World Class,12,-0.003,0.262,-0.0018,0.2,-0.395,0.389,0.3889,0.75,-0.0149,"2016,2017,2018,2019,2022,2023,2024"
judge_corps_caption,j-brooks-1,Jeff Brooks,001j000000iwx9oaad,Genesis,MP,World Class,12,0.003,0.3781,0.0018,0.3941,-0.7695,0.7754,1.0106,0.5833,0.0075,"2019,2022,2023,2024,2025"
judge_corps_caption,s-adamo-1,Sal Adamo,001j000000iwx98aad,Colts,CG,World Class,5,0.0045,0.3204,0.0017,0.113,-0.2169,0.2259,0.1887,0.6,0.0397,"2013,2014,2015,2017"
judge_corps_caption,t-wemhoff-1,Ted Wemhoff,001j000000i6kfgaan,The Cadets,GE1,World Class,22,0.0023,0.2266,0.0017,0.0729,-0.1406,0.1452,0.2854,0.4545,0.0315,"2015,2016,2017,2019,2022,2023"
judge_corps_caption,p-mcgarr-1,Paul McGarr,001j000000iwxa3aal,Mandarins,MB,World Class,20,0.0022,0.0287,0.0016,0.1066,-0.2067,0.2111,0.2884,0.55,0.0206,"2014,2015,2016,2017,2018,2019,2023,2025"
judge_corps_caption,m-stone-1,Michael Stone,001j000000f17bwaaa,Watchmen,CG,Open Class,6,-0.0034,-0.8028,-0.0014,0.412,-0.8109,0.8041,0.7521,0.5,-0.0082,"2014,2015,2016,2017,2018"
judge_corps_caption,s-page-1,Steven Page,001j000000iwxa7aal,Pacific Crest,MB,World Class,14,-0.0021,0.1928,-0.0014,0.1092,-0.2162,0.2119,0.3076,0.5,-0.0195,"2014,2015,2017,2018,2022,2023,2024,2025"
judge_corps_caption,m-mccourt-1,Meghan McCourt,001j000000h3xrnaav,Phantom Regiment,GE1,World Class,7,-0.0031,0.2409,-0.0014,0.0863,-0.1722,0.1661,0.1816,0.5714,-0.0357,"2019,2022,2023,2025"
judge_corps_caption,s-adamo-1,Sal Adamo,001j000000iwxajaa1,Troopers,VA,World Class,6,0.0029,0.1675,0.0012,0.1097,-0.2121,0.2178,0.1841,0.3333,0.0262,"2014,2016,2022,2023"
judge_corps_caption,j-webb-1,Jay Webb,001j000000iwx9oaad,Genesis,GE2,Open Class,6,-0.0027,-0.2728,-0.0011,0.602,-1.1827,1.1773,1.0889,0.6667,-0.0044,"2013,2019,2025"
judge_corps_caption,c-romanowski-1,Chris Romanowski,001j000000iwx97aad,Colt Cadets,MP,Open Class,6,-0.0023,0.1487,-0.001,0.5288,-1.0388,1.0341,0.997,0.6667,-0.0044,"2013,2014,2016,2017,2025"
judge_corps_caption,b-jones-1,Bruce Jones,001j000000iwxa5aal,Music City,VP,Open Class,6,-0.0022,-0.0151,-0.001,0.8081,-1.586,1.5816,1.5686,0.5,-0.0028,"2013,2019,2022,2023"
judge_corps_caption,a-cook-1,Andrew Cook,001j000000iwx98aad,Colts,MB,World Class,17,-0.0015,-0.1116,-0.001,0.3353,-0.6588,0.6557,0.9888,0.7647,-0.0045,"2013,2015,2016,2018,2019,2022,2023,2024"
judge_corps_caption,c-romanowski-1,Chris Romanowski,001j000000iwx9waad,Jersey Surf,MP,World Class,9,0.0019,0.045,0.001,0.1837,-0.3581,0.362,0.3759,0.4444,0.0105,"2015,2016,2017,2019,2024"
judge_corps_caption,k-baker-1,Keith Baker,001j000000qzs1qaaf,River City Rhythm,VP,Open Class,5,0.0022,0.4883,0.0009,0.9776,-1.914,1.9184,1.5165,0.8,0.0023,"2015,2022"
judge_corps_caption,g-miller-1,Gerry Miller,001j000000iwwsraal,Bluecoats,GE2,World Class,9,0.0016,0.2127,0.0009,0.051,-0.0983,0.1015,0.1125,0.3333,0.0319,"2022,2023,2024,2025"
judge_corps_caption,k-turner-1,Ken Turner,001j000000iwx91aad,Carolina Crown,GE2,World Class,19,0.0011,0.4007,0.0008,0.1249,-0.2436,0.2458,0.378,0.4737,0.0086,"2013,2014,2015,2016,2017,2019,2022,2024,2025"
judge_corps_caption,m-lentz-1,Michael Lentz,001j000000iwxadaa1,Spirit of Atlanta,CG,World Class,7,-0.0017,0.3051,-0.0008,0.1724,-0.3395,0.3361,0.3111,0.4286,-0.0098,"2013,2016,2017"
judge_corps_caption,c-moss-1,Chris Moss,001j000000iwx91aad,Carolina Crown,VP,World Class,23,-0.0011,0.2108,-0.0008,0.0663,-0.131,0.1287,0.2401,0.5217,-0.0171,"2013,2014,2015,2017,2018,2019,2022,2024,2025"
judge_corps_caption,a-dunn-1,Al Dunn,001j000000iwwsraal,Bluecoats,MA,World Class,5,-0.0022,0.3835,-0.0008,0.0798,-0.1586,0.1542,0.116,0.4,-0.0277,"2015,2017,2018,2019"
judge_corps_caption,r-greenwell-1,Randy Greenwell,001j000000iwxa5aal,Music City,MA,Open Class,6,-0.0017,0.1318,-0.0007,0.332,-0.6524,0.6489,0.5202,0.8333,-0.0052,"2016,2018,2019,2022"
judge_corps_caption,j-davila-1,Julie Davila,001j000000iwxaeaa1,The Academy,MA,World Class,10,-0.0012,-0.1891,-0.0007,0.2028,-0.3987,0.3963,0.4929,0.5,-0.006,"2018,2019,2022,2023"
judge_corps_caption,d-thomas-1,Durand Thomas,001j000000iwwssaal,Boston Crusaders,MB,World Class,5,-0.0018,0.3254,-0.0007,0.2962,-0.5824,0.5788,0.5031,0.6,-0.006,"2019,2022,2023,2024"
judge_corps_caption,m-howard-1,Mike Howard,001j000000iwx9paad,Gold,GE2,Open Class,5,-0.0018,0.2587,-0.0007,0.1409,-0.2781,0.2745,0.2488,0.4,-0.0127,"2023,2024,2025"
judge_corps_caption,j-orefice-1,Juno Orefice,001j000000iwxaaaa1,Raiders,VP,Open Class,8,0.0011,0.4068,0.0005,0.1499,-0.2927,0.2948,0.3733,0.5,0.0071,"2014,2016,2018,2023,2024,2025"
judge_corps_caption,j-davila-1,Julie Davila,001j000000h3xrnaav,Phantom Regiment,MP,World Class,18,-0.0008,-0.1436,-0.0005,0.2357,-0.4627,0.4611,0.7183,0.7222,-0.0034,"2016,2017,2019,2022,2023,2024"
judge_corps_caption,r-rios-1,Ronnie Rios,001j000000iwxajaa1,Troopers,MB,World Class,6,0.0007,0.4612,0.0003,0.2169,-0.4244,0.4258,0.4154,0.6667,0.0033,"2013,2016,2017,2022,2025"
judge_corps_caption,c-church-1,CHRIS CHURCH,001j000000iwwsqaal,Blue Stars,VA,World Class,7,0.0007,0.3932,0.0003,0.0758,-0.1479,0.1493,0.1534,0.4286,0.0095,"2014,2016,2018,2022,2023,2024"
judge_corps_caption,r-solomon-1,Robert Solomon,001j000000iwx9vaad,Incognito,VP,Open Class,7,-0.0006,-0.2342,-0.0003,0.2723,-0.5343,0.5332,0.5592,0.4286,-0.0021,"2015,2016,2017,2018,2019"
judge_corps_caption,m-stone-1,Michael Stone,001j000000iwwssaal,Boston Crusaders,CG,World Class,12,-0.0004,0.0062,-0.0002,0.4674,-0.9165,0.9158,0.8511,0.8333,-0.0008,"2013,2014,2015,2017,2018"
judge_corps_caption,j-bell-1,John Bell,001j000000iwxa6aal,Oregon Crusaders,GE2,World Class,10,-0.0003,0.1547,-0.0002,0.1626,-0.319,0.3183,0.4081,0.6,-0.0021,"2013,2014,2015,2016,2017,2018"
judge_corps_caption,n-jones-1,Nola Jones,001j000000qzs1qaaf,River City Rhythm,GE2,Open Class,11,0.0003,0.1262,0.0002,0.2989,-0.5855,0.5861,0.7833,0.6364,0.001,"2016,2017,2018,2019,2024,2025"
judge_corps_caption,j-bell-1,John Bell,001j000000iwwsoaal,Blue Knights,MA,World Class,6,-0.0003,0.4365,-0.0001,0.2451,-0.4806,0.4801,0.3524,0.1667,-0.0012,"2014,2017,2018,2022,2024"