trial_id,epoch,train_loss,val_loss,train_mae,val_mae,learning_rate,elapsed_sec,lstm1_units,lstm2_units,dropout,batch_size
default,0,15.808698,3.290389,6.204015,3.699023,0.000100,122.92,64,32,0.3,32
default,1,3.583490,0.963433,3.026865,2.378154,0.000200,243.18,64,32,0.3,32
default,2,2.299180,0.945349,2.442071,2.315873,0.000300,349.26,64,32,0.3,32
default,3,1.986301,0.656940,2.409788,2.289208,0.000400,437.92,64,32,0.3,32
default,4,1.849466,0.740553,2.352803,2.201982,0.000500,548.83,64,32,0.3,32
default,5,1.878096,0.643653,2.324532,2.127057,0.000500,674.06,64,32,0.3,32
default,6,2.016711,0.635305,2.253990,2.150476,0.000500,797.20,64,32,0.3,32
default,7,1.841895,0.662522,2.270121,2.117442,0.000500,923.26,64,32,0.3,32
default,8,1.529943,0.635000,2.204508,2.063157,0.000499,1046.24,64,32,0.3,32
default,9,1.523409,0.710770,2.178964,2.073967,0.000499,1165.84,64,32,0.3,32
default,10,1.607138,0.641753,2.166529,2.077769,0.000498,1286.08,64,32,0.3,32
default,11,1.427348,0.588758,2.155877,2.033063,0.000497,1406.48,64,32,0.3,32
default,12,1.417942,0.608421,2.126022,2.018409,0.000496,1524.59,64,32,0.3,32
default,13,1.378758,0.764274,2.094655,2.028254,0.000495,1644.06,64,32,0.3,32
default,14,1.307328,0.584641,2.276702,2.262324,0.000493,1764.35,64,32,0.3,32
default,15,1.416103,0.766469,2.347678,2.281591,0.000492,1883.49,64,32,0.3,32
default,16,1.278661,0.733297,2.292413,2.231219,0.000490,2004.08,64,32,0.3,32
default,17,1.312011,0.550967,2.307141,2.257002,0.000488,2123.15,64,32,0.3,32
default,18,1.275291,0.534230,2.276723,2.224253,0.000486,2239.56,64,32,0.3,32
default,19,1.272846,0.608916,2.261684,2.215070,0.000484,2346.00,64,32,0.3,32
default,20,1.205048,0.761741,2.267142,2.234920,0.000481,2437.83,64,32,0.3,32
default,21,1.199903,0.605147,2.259638,2.179818,0.000479,2534.02,64,32,0.3,32
default,22,1.199002,0.581374,2.246525,2.226651,0.000476,2637.95,64,32,0.3,32
default,0,32.606261,1.994557,2.094019,0.747542,0.000100,71.95,64,32,0.3,32
default,1,3.139638,0.881781,0.956451,0.470429,0.000200,142.91,64,32,0.3,32
default,2,2.031285,0.738639,0.628484,0.342697,0.000300,213.48,64,32,0.3,32
default,3,1.912639,0.638342,0.510311,0.289109,0.000400,285.88,64,32,0.3,32
default,4,1.564443,0.488706,0.463101,0.240480,0.000500,384.58,64,32,0.3,32
default,5,1.327857,0.432157,0.393023,0.230560,0.000500,500.17,64,32,0.3,32
default,6,1.427652,0.474412,0.354017,0.238705,0.000500,611.90,64,32,0.3,32
default,7,1.370328,0.538125,0.366392,0.215500,0.000500,713.06,64,32,0.3,32
default,8,1.069278,0.586219,0.321857,0.198731,0.000499,791.66,64,32,0.3,32
default,9,1.110516,0.372752,0.321093,0.186111,0.000499,862.20,64,32,0.3,32
default,10,1.060384,0.386824,0.304948,0.217733,0.000498,932.68,64,32,0.3,32
default,11,1.505869,0.349393,0.295434,0.183411,0.000497,1008.29,64,32,0.3,32
default,12,0.922801,0.407345,0.278046,0.172585,0.000496,1089.72,64,32,0.3,32
default,13,1.061743,0.477585,0.275356,0.203968,0.000495,1208.24,64,32,0.3,32
default,14,0.960342,0.326595,0.271758,0.171703,0.000493,1286.98,64,32,0.3,32
default,15,1.364707,0.452913,0.266216,0.169011,0.000492,1361.22,64,32,0.3,32
default,0,62.063974,3.080918,3.335567,0.913223,0.000100,84.70,64,32,0.3,32
default,1,4.267037,0.873636,1.067593,0.437120,0.000200,202.33,64,32,0.3,32
default,2,2.129657,0.754304,0.664623,0.353263,0.000300,320.08,64,32,0.3,32
default,3,1.596133,0.645713,0.487788,0.298983,0.000400,435.83,64,32,0.3,32
default,4,1.443529,0.632218,0.413016,0.257476,0.000500,530.30,64,32,0.3,32
default,5,1.543893,0.482848,0.389664,0.246343,0.000500,647.38,64,32,0.3,32
default,6,1.335710,0.480879,0.370097,0.248982,0.000500,752.60,64,32,0.3,32
default,7,1.086933,0.506613,0.334511,0.255008,0.000500,863.42,64,32,0.3,32
default,8,1.130657,0.473224,0.328818,0.259992,0.000499,981.52,64,32,0.3,32
default,9,1.061460,0.395518,0.317168,0.250737,0.000499,1095.33,64,32,0.3,32
default,10,1.565127,0.453243,0.317669,0.196461,0.000498,1208.79,64,32,0.3,32
default,11,1.171148,0.369219,0.304749,0.213520,0.000497,1322.31,64,32,0.3,32
default,12,1.094506,0.567987,0.288289,0.195101,0.000496,1439.81,64,32,0.3,32
default,13,1.046214,0.467428,0.296210,0.209698,0.000495,1534.17,64,32,0.3,32
default,14,0.932251,0.336710,0.270051,0.186442,0.000493,1623.41,64,32,0.3,32
default,15,1.135120,0.477374,0.276892,0.250913,0.000492,1710.12,64,32,0.3,32
default,0,103.779847,1.879099,2.493755,0.792980,0.000100,80.52,64,32,0.3,32,2.9656,0.3837,3.3362,1.5105,0.5773,5.4813,0.7506,0.4548,0.833,0.748,0.905,0.365,0.896,0.918,0.926,0.868,12.244,1.485,10.534,1.225,2.443,12.585,1.849,2.049
default,16,0.980751,0.502531,0.264907,0.211794,0.000490,1787.93,64,32,0.3,32
default,1,2.952922,0.916450,1.039680,0.508788,0.000200,159.84,64,32,0.3,32,2.4503,0.3778,2.0019,0.5471,0.4184,4.8796,0.3116,0.3108,0.870,0.901,0.931,0.860,0.925,0.921,0.971,0.860,13.268,1.312,9.679,1.209,2.104,8.841,1.721,1.276
default,17,0.928484,0.562448,0.261397,0.168539,0.000488,1865.13,64,32,0.3,32
default,2,2.243541,1.016306,0.694110,0.393665,0.000300,238.62,64,32,0.3,32,2.1890,0.2221,1.7913,0.3379,0.2643,4.0172,0.2732,0.2525,0.801,0.958,0.901,0.956,0.910,0.935,0.872,0.797,8.992,1.297,7.279,1.137,1.664,8.368,1.222,0.813
default,18,0.908843,0.343574,0.255099,0.174036,0.000486,1942.15,64,32,0.3,32
default,3,1.613779,0.579262,0.534005,0.312549,0.000400,316.61,64,32,0.3,32,1.9695,0.1977,1.7904,0.2137,0.1699,3.1146,0.1531,0.2228,0.689,0.942,0.901,0.947,0.947,0.935,0.934,0.827,6.862,0.947,6.783,0.845,1.723,7.609,0.849,0.814
default,19,0.860516,0.412636,0.240161,0.180373,0.000484,2018.53,64,32,0.3,32
default,4,1.764758,0.648486,0.443231,0.316207,0.000500,394.69,64,32,0.3,32,2.0449,0.1724,1.6572,0.4075,0.1844,2.5209,0.1695,0.2123,0.771,0.968,0.926,0.827,0.929,0.839,0.790,0.572,9.106,1.122,7.860,0.745,1.113,5.454,0.574,0.364
default,20,0.960214,0.623476,0.262199,0.163602,0.000481,2095.54,64,32,0.3,32
default,5,1.322278,0.489722,0.389211,0.255307,0.000500,474.25,64,32,0.3,32,1.8004,0.1676,1.3916,0.1053,0.2280,1.9623,0.2012,0.1998,0.790,0.919,0.762,0.783,0.949,0.940,0.597,0.905,7.308,0.724,4.975,0.619,1.033,7.042,0.542,0.576
default,21,0.916977,0.528271,0.240093,0.177071,0.000479,2172.58,64,32,0.3,32
default,6,1.191318,0.417226,0.344792,0.234094,0.000500,551.48,64,32,0.3,32,1.8990,0.1310,1.4295,0.1531,0.1541,1.6650,0.1000,0.2370,0.773,0.707,0.862,0.894,0.880,0.967,0.479,0.651,7.460,0.398,5.631,0.491,0.545,8.314,0.414,0.315
default,22,0.896795,0.401395,0.238648,0.157997,0.000476,2248.62,64,32,0.3,32
default,7,4.588965,0.591100,0.358231,0.223332,0.000500,629.12,64,32,0.3,32,2.0000,0.1274,1.3939,0.0810,0.1190,1.6387,0.1224,0.2353,0.803,0.502,0.835,0.972,0.806,0.906,0.841,0.488,7.117,0.374,5.874,0.784,0.353,6.877,0.457,0.265
default,23,0.877473,0.308249,0.255840,0.155194,0.000473,2327.72,64,32,0.3,32
default,8,1.045599,0.487944,0.301328,0.235161,0.000499,712.06,64,32,0.3,32,1.7205,0.1530,1.5619,0.1756,0.1145,1.5123,0.2339,0.1443,0.802,0.960,0.885,0.946,0.905,0.870,0.898,0.918,6.380,0.853,5.780,0.630,0.561,5.067,0.498,0.439
default,24,0.856277,0.453053,0.237687,0.227933,0.000470,2409.66,64,32,0.3,32
default,9,1.033707,0.399369,0.294473,0.225312,0.000499,792.25,64,32,0.3,32,1.6763,0.0877,1.3749,0.1105,0.0978,1.6637,0.0853,0.3789,0.708,0.969,0.901,0.663,0.916,0.892,0.979,0.946,5.838,0.909,6.836,0.443,0.592,5.992,0.706,0.458
default,25,0.836783,0.381811,0.227826,0.149709,0.000467,2487.56,64,32,0.3,32
default,10,1.294915,0.385200,0.285168,0.202743,0.000498,870.84,64,32,0.3,32,1.6782,0.0838,1.3642,0.2629,0.1047,1.4398,0.0680,0.1157,0.558,0.939,0.790,0.940,0.908,0.750,0.612,0.888,6.096,0.761,4.992,0.563,0.459,5.621,0.215,1.022
default,26,0.946463,0.361079,0.228766,0.166982,0.000464,2565.27,64,32,0.3,32
default,11,1.010223,0.339867,0.276698,0.173672,0.000497,978.18,64,32,0.3,32,1.7059,0.0579,1.3411,0.0413,0.0968,1.5879,0.0752,0.0965,0.698,0.832,0.841,0.916,0.952,0.802,0.978,0.975,4.821,0.549,4.903,0.492,0.655,4.523,0.596,0.512
default,27,0.847696,0.473441,0.224826,0.155251,0.000461,2684.42,64,32,0.3,32
default,12,1.219437,0.433552,0.274920,0.189150,0.000496,1071.82,64,32,0.3,32,1.6143,0.0608,1.4442,0.0444,0.1667,1.4219,0.0706,0.1809,0.901,0.773,0.841,0.557,0.966,0.886,0.879,0.980,8.190,0.323,5.093,0.212,0.630,5.417,0.553,0.480
default,28,0.882797,0.322611,0.216842,0.159908,0.000457,2763.95,64,32,0.3,32
default,13,1.019657,0.475259,0.268620,0.184927,0.000495,1150.61,64,32,0.3,32,1.6036,0.1417,1.3379,0.0437,0.0980,1.5219,0.0817,0.1282,0.810,0.931,0.906,0.207,0.717,0.850,0.995,0.996,6.000,0.499,5.868,0.185,0.316,4.748,0.962,0.841
default,29,0.922356,0.334370,0.252065,0.157254,0.000453,2841.57,64,32,0.3,32
default,14,1.686797,0.406010,0.291035,0.195335,0.000493,1229.24,64,32,0.3,32,1.6355,0.1809,1.3098,0.0456,0.0734,1.4386,0.2129,0.0846,0.498,0.449,0.809,0.524,0.979,0.730,0.157,0.746,4.344,0.244,5.330,0.375,0.732,3.614,0.171,0.356
default,30,0.783732,0.350508,0.220424,0.161948,0.000450,2918.94,64,32,0.3,32
default,15,0.993176,0.426981,0.244635,0.164170,0.000492,1307.82,64,32,0.3,32,1.5852,0.0691,1.3657,0.0666,0.0645,1.3276,0.0862,0.0840,0.746,0.896,0.893,0.822,0.995,0.784,0.623,0.995,5.492,0.319,5.831,0.289,1.055,4.385,0.429,0.591
default,31,0.825473,0.300056,0.229150,0.166226,0.000446,2997.08,64,32,0.3,32
default,16,1.166129,0.573252,0.249317,0.210703,0.000490,1400.52,64,32,0.3,32,1.6206,0.0576,1.3393,0.2832,0.1071,1.3994,0.1683,0.1089,0.822,0.886,0.859,0.998,0.475,0.892,0.925,0.994,5.869,0.326,5.310,0.849,0.248,5.133,0.337,0.531
default,32,0.759009,0.358328,0.213071,0.158382,0.000442,3098.28,64,32,0.3,32
default,17,1.074934,0.413513,0.253085,0.171428,0.000488,1506.43,64,32,0.3,32,1.5441,0.1283,1.4755,0.0630,0.0899,1.2936,0.0724,0.0640,0.910,0.974,0.835,0.678,0.921,0.800,0.920,0.982,8.295,0.956,4.720,0.787,0.634,4.205,0.315,0.375
default,33,0.699847,0.296953,0.213918,0.144919,0.000437,3201.04,64,32,0.3,32
default,18,0.908460,0.319313,0.230744,0.155602,0.000486,1613.93,64,32,0.3,32,1.5409,0.0462,1.2870,0.0594,0.0646,1.4267,0.0592,0.0761,0.939,0.980,0.927,0.441,0.988,0.888,0.965,0.642,7.837,0.886,6.435,0.173,0.654,5.284,0.391,0.305
default,34,0.734888,0.304669,0.210898,0.142742,0.000433,3309.11,64,32,0.3,32
default,19,0.948754,0.394698,0.234386,0.150612,0.000484,1715.99,64,32,0.3,32,1.5415,0.0427,1.3255,0.0340,0.0408,1.3434,0.0732,0.0853,0.842,0.892,0.908,0.903,0.819,0.887,0.684,0.926,5.907,0.318,5.858,0.479,0.529,5.375,0.167,0.499
default,35,0.689777,0.408704,0.206469,0.169765,0.000429,3401.07,64,32,0.3,32
default,20,0.853368,0.633854,0.245682,0.161408,0.000481,1830.89,64,32,0.3,32,1.5115,0.0697,1.3294,0.0556,0.1060,1.3587,0.0753,0.0568,0.774,0.909,0.870,0.961,0.981,0.808,0.966,0.868,4.993,0.394,5.187,0.442,0.560,4.096,0.620,0.334
default,36,0.689552,0.300959,0.208705,0.137823,0.000424,3522.69,64,32,0.3,32
default,21,0.946870,0.453046,0.229883,0.185931,0.000479,1933.97,64,32,0.3,32,1.8223,0.0423,1.2950,0.1492,0.0473,1.3152,0.1889,0.0924,0.614,0.978,0.829,0.909,0.370,0.814,0.868,0.901,3.882,0.471,4.749,0.670,0.535,4.101,0.240,0.202
default,37,0.881299,0.305713,0.217960,0.160096,0.000419,3625.24,64,32,0.3,32
default,22,1.738011,0.365491,0.227153,0.156263,0.000476,2059.27,64,32,0.3,32,1.5968,0.0570,1.3333,0.0542,0.0455,1.2599,0.0753,0.0968,0.881,0.503,0.846,0.965,0.863,0.961,0.834,0.991,6.162,0.122,4.967,0.427,0.621,6.762,0.213,0.616
default,38,0.690307,0.436842,0.205551,0.152927,0.000415,3744.51,64,32,0.3,32
default,23,0.842515,0.338936,0.230205,0.151847,0.000473,2153.02,64,32,0.3,32,1.5299,0.0406,1.3494,0.0323,0.0401,1.4680,0.0867,0.0529,0.870,0.954,0.919,0.571,0.792,0.933,0.916,0.821,5.991,0.498,5.820,0.147,0.827,5.718,0.497,0.246
default,39,0.723649,0.329366,0.200910,0.170238,0.000410,3838.05,64,32,0.3,32
default,24,1.000914,0.384041,0.223133,0.159138,0.000470,2270.66,64,32,0.3,32,1.5156,0.0394,1.2688,0.0314,0.0350,1.9968,0.0480,0.0534,0.598,0.947,0.843,0.814,0.764,0.842,0.760,0.830,3.578,0.349,5.074,0.317,0.291,4.617,0.423,0.352
default,40,0.808194,0.346383,0.195930,0.140782,0.000405,3949.34,64,32,0.3,32
default,25,0.848004,0.450305,0.217617,0.177447,0.000467,2371.78,64,32,0.3,32,1.4946,0.1020,1.2564,0.0282,0.0361,1.5513,0.0931,0.2073,0.727,0.840,0.837,0.547,0.417,0.834,0.555,0.715,4.398,0.302,5.361,0.121,0.235,4.365,0.112,0.101
default,41,0.734931,0.290365,0.199079,0.147749,0.000400,4049.84,64,32,0.3,32
default,26,0.813024,0.350865,0.221367,0.154803,0.000464,2478.38,64,32,0.3,32,1.4943,0.0521,1.3504,0.0475,0.0390,1.3770,0.0464,0.1193,0.889,0.850,0.865,0.986,0.544,0.949,0.938,0.668,6.596,0.487,5.072,0.481,0.111,6.463,0.412,0.107
default,42,0.629831,0.300477,0.202978,0.161386,0.000395,4155.24,64,32,0.3,32
default,27,1.363765,0.376851,0.228896,0.203598,0.000461,2590.95,64,32,0.3,32,1.5923,0.2002,1.3567,0.1960,0.0401,1.2138,0.2056,0.0717,0.756,0.948,0.934,0.978,0.861,0.849,0.994,0.991,4.691,0.804,6.279,0.475,0.523,4.566,1.030,0.550
default,43,0.626920,0.264561,0.194232,0.133755,0.000389,4269.09,64,32,0.3,32
default,28,0.867720,0.408111,0.233484,0.204967,0.000457,2683.60,64,32,0.3,32,2.4972,0.0670,1.2712,0.0770,0.1471,1.3360,0.1504,0.1054,0.827,0.978,0.980,0.984,0.722,0.878,0.996,0.995,9.990,0.854,8.292,0.604,0.335,4.735,0.730,0.465
default,44,0.620082,0.318104,0.196269,0.163166,0.000384,4357.26,64,32,0.3,32
default,29,0.761782,0.640068,0.215528,0.207388,0.000453,2783.79,64,32,0.3,32,1.6563,0.1870,1.6121,0.0275,0.1041,1.7136,0.0672,0.1655,0.554,0.763,0.890,0.561,0.994,0.853,0.603,0.232,3.843,0.530,5.888,0.139,0.649,6.215,0.288,0.130
default,45,0.591755,0.285330,0.186494,0.129705,0.000379,4458.05,64,32,0.3,32
default,30,0.858475,0.363163,0.223130,0.168437,0.000450,2906.44,64,32,0.3,32,1.4718,0.0377,1.3443,0.0843,0.0383,1.6313,0.1504,0.0479,0.715,0.821,0.843,0.954,0.926,0.846,0.829,0.976,4.077,0.236,4.899,0.524,0.357,4.557,0.271,0.295
default,46,0.684861,0.286355,0.195063,0.134571,0.000373,4579.84,64,32,0.3,32
default,31,1.038784,0.308673,0.228352,0.157356,0.000446,3013.25,64,32,0.3,32,1.5905,0.0418,1.3208,0.0291,0.0510,1.2139,0.0944,0.1365,0.690,0.946,0.913,0.935,0.869,0.948,0.954,0.941,4.030,0.270,5.644,0.458,0.479,5.985,0.296,0.218
default,47,0.644925,0.346937,0.190330,0.155490,0.000367,4684.93,64,32,0.3,32
default,32,0.772552,0.419697,0.216600,0.190591,0.000442,3134.38,64,32,0.3,32,1.9231,0.0873,1.2753,0.1813,0.1015,1.1826,0.0509,0.1539,0.708,0.994,0.843,0.922,0.837,0.799,0.954,0.996,4.138,1.039,4.583,0.255,0.250,3.947,0.646,0.371
default,48,0.604819,0.360986,0.187952,0.136485,0.000362,4805.55,64,32,0.3,32
default,49,0.645649,0.362893,0.186244,0.145672,0.000356,4904.73,64,32,0.3,32
default,33,0.798385,0.371362,0.217523,0.155278,0.000437,3235.36,64,32,0.3,32,1.6409,0.0529,1.3762,0.0983,0.0374,1.2263,0.0718,0.0499,0.869,0.801,0.865,0.921,0.496,0.812,0.822,0.941,6.192,0.246,4.914,0.654,0.179,4.340,0.263,0.179
default,50,0.638074,0.435792,0.193856,0.189540,0.000350,4995.49,64,32,0.3,32
default,34,0.827999,0.348416,0.208755,0.153863,0.000433,3327.39,64,32,0.3,32,1.5116,0.0768,1.2456,0.0280,0.0807,1.3913,0.0745,0.0555,0.840,0.963,0.850,0.989,0.438,0.941,0.855,0.910,5.285,0.244,4.822,0.854,0.453,5.809,0.511,0.322
default,51,0.649908,0.335423,0.193350,0.132691,0.000345,5080.51,64,32,0.3,32
default,35,0.723900,0.312715,0.211721,0.145178,0.000429,3414.01,64,32,0.3,32,1.4496,0.0684,1.3719,0.0467,0.0291,1.2004,0.0655,0.0629,0.706,0.909,0.860,0.992,0.843,0.829,0.873,0.775,3.970,0.368,5.046,0.732,0.191,4.260,0.209,0.116
default,52,0.598472,0.334237,0.183434,0.142245,0.000339,5200.71,64,32,0.3,32
default,36,0.820549,0.308472,0.213789,0.168739,0.000424,3536.52,64,32,0.3,32,1.4976,0.1237,1.2565,0.0938,0.1112,1.1928,0.1026,0.0505,0.747,0.695,0.801,0.989,0.729,0.873,0.994,0.936,4.516,0.173,4.912,0.552,0.175,4.636,0.526,0.326
default,53,0.558239,0.374056,0.183632,0.150333,0.000333,5309.50,64,32,0.3,32
default,37,0.937763,0.310443,0.214113,0.160387,0.000419,3644.99,64,32,0.3,32,1.4615,0.1584,1.2358,0.1045,0.0353,1.1905,0.0760,0.0530,0.815,0.850,0.898,0.926,0.988,0.836,0.979,0.999,4.866,0.166,5.438,0.261,0.522,4.290,0.362,0.891
default,54,0.612308,0.472246,0.187262,0.141479,0.000327,5427.78,64,32,0.3,32
default,38,0.794588,0.325997,0.207329,0.142755,0.000415,3766.77,64,32,0.3,32,1.4468,0.0584,1.2187,0.0265,0.0885,1.2346,0.0630,0.0462,0.650,0.926,0.926,0.986,0.203,0.902,0.512,0.973,3.678,0.339,5.933,0.436,0.094,5.223,0.095,0.294
default,55,0.578890,0.297735,0.183439,0.138164,0.000321,5525.97,64,32,0.3,32
default,39,0.744797,0.299155,0.204404,0.146446,0.000410,3866.70,64,32,0.3,32,1.6626,0.0442,1.2654,0.0505,0.0563,1.2514,0.0605,0.0449,0.749,0.966,0.796,0.813,0.552,0.918,0.799,0.978,4.320,0.262,4.184,0.168,0.274,5.432,0.147,0.248
default,56,0.530144,0.349401,0.178385,0.134097,0.000315,5627.87,64,32,0.3,32
default,40,0.804993,0.335360,0.205333,0.157147,0.000405,3975.32,64,32,0.3,32,1.4858,0.0440,1.2243,0.0254,0.0658,1.6056,0.0903,0.0752,0.607,0.512,0.881,0.847,0.974,0.810,0.303,0.998,3.272,0.201,5.003,0.173,0.354,4.307,0.092,0.309
default,57,0.564490,0.349757,0.174037,0.126089,0.000309,5726.70,64,32,0.3,32
default,41,0.699549,0.292956,0.206123,0.143790,0.000400,4068.23,64,32,0.3,32,1.5314,0.0352,1.2557,0.0804,0.0311,1.2527,0.0485,0.0666,0.717,0.459,0.883,0.975,0.703,0.781,0.934,0.940,4.186,0.091,5.028,0.375,0.126,3.780,0.241,0.164
default,58,0.541688,0.324746,0.176120,0.139289,0.000303,5815.33,64,32,0.3,32
default,42,0.726392,0.302683,0.199742,0.145243,0.000395,4157.31,64,32,0.3,32,1.6392,0.0458,1.2622,0.0665,0.0366,1.1671,0.0421,0.0810,0.852,0.967,0.910,0.960,0.936,0.874,0.797,0.998,5.308,0.497,6.089,0.259,0.466,4.791,0.228,0.364
default,59,0.542301,0.311096,0.180483,0.134026,0.000296,5917.90,64,32,0.3,32
default,43,0.806235,0.308685,0.193543,0.143645,0.000389,4261.84,64,32,0.3,32,1.4557,0.0870,1.2101,0.0783,0.0507,1.1594,0.0453,0.0467,0.895,0.471,0.898,0.835,0.975,0.867,0.949,0.635,5.827,0.092,5.115,0.200,0.334,4.593,0.317,0.153
default,60,0.534905,0.291000,0.171076,0.133027,0.000290,6027.98,64,32,0.3,32
default,44,0.686681,0.292673,0.198051,0.138811,0.000384,4371.41,64,32,0.3,32,1.4111,0.0302,1.2530,0.0509,0.0427,1.1630,0.0920,0.0507,0.832,0.961,0.860,0.741,0.802,0.837,0.955,0.797,4.758,0.205,4.752,0.134,0.145,4.273,0.191,0.102
default,61,0.502110,0.447393,0.168926,0.153995,0.000284,6125.14,64,32,0.3,32
default,45,0.685287,0.317434,0.211884,0.132287,0.000379,4471.24,64,32,0.3,32,1.5227,0.0289,1.1831,0.0239,0.0368,1.2773,0.0469,0.0466,0.667,0.605,0.959,0.667,0.989,0.938,0.940,0.981,3.707,0.081,6.657,0.126,0.605,5.511,0.214,0.367
default,62,0.512485,0.305472,0.172768,0.137197,0.000278,6239.82,64,32,0.3,32
default,46,0.700854,0.331822,0.209048,0.143566,0.000373,4593.17,64,32,0.3,32,1.4574,0.0720,1.2297,0.0370,0.0299,1.1566,0.0706,0.0936,0.804,0.918,0.888,0.965,0.960,0.784,0.946,0.263,4.625,0.221,4.961,0.297,0.530,3.985,0.195,0.125
default,63,0.546003,0.298583,0.175159,0.142490,0.000272,6364.59,64,32,0.3,32
default,47,0.721767,0.304335,0.193824,0.128061,0.000367,4718.56,64,32,0.3,32,1.4079,0.0294,1.1977,0.0248,0.0503,1.2135,0.0356,0.0425,0.743,0.963,0.821,0.993,0.870,0.893,0.787,0.991,4.009,0.309,4.668,0.678,0.156,4.879,0.181,0.419
default,48,0.690483,0.411407,0.185610,0.130887,0.000362,4822.90,64,32,0.3,32,1.4359,0.0713,1.2094,0.0353,0.0261,1.1347,0.0420,0.0410,0.847,0.995,0.892,0.955,0.819,0.878,0.963,0.968,4.927,0.547,4.986,0.197,0.365,4.573,0.365,0.196
default,49,0.629202,0.304096,0.197027,0.142102,0.000356,4918.20,64,32,0.3,32,1.5322,0.0322,1.2009,0.0547,0.0720,1.1626,0.0430,0.0809,0.695,0.829,0.815,0.954,0.981,0.828,0.995,0.834,3.648,0.398,4.458,0.219,0.521,4.232,0.467,0.352
default,50,0.758649,0.286616,0.196076,0.148098,0.000350,5042.80,64,32,0.3,32,1.4830,0.1306,1.2410,0.0381,0.0285,1.1637,0.0644,0.0684,0.711,0.943,0.879,0.931,0.988,0.925,0.508,0.681,3.763,0.166,4.923,0.179,0.492,5.285,0.124,0.115
default,51,0.641996,0.330404,0.184236,0.132092,0.000345,5156.81,64,32,0.3,32,1.4237,0.0508,1.1779,0.0236,0.0344,1.2990,0.0452,0.0421,0.746,0.934,0.870,0.694,0.925,0.929,0.823,0.753,4.032,0.145,4.702,0.147,0.218,5.382,0.131,0.076
default,52,0.642027,0.292065,0.193698,0.125871,0.000339,5257.18,64,32,0.3,32,1.4100,0.0287,1.2167,0.0363,0.0262,1.1723,0.0329,0.0456,0.731,0.689,0.799,0.985,0.984,0.862,0.901,0.918,3.889,0.118,4.702,0.608,0.476,4.416,0.167,0.172
default,53,0.640029,0.505227,0.184206,0.132021,0.000333,5378.22,64,32,0.3,32,1.4116,0.0528,1.2033,0.0343,0.0287,1.2652,0.0420,0.0420,0.702,0.793,0.935,0.714,0.865,0.903,0.677,0.479,3.840,0.324,5.650,0.199,0.176,5.029,0.096,0.056
default,54,0.630198,0.514170,0.193438,0.165554,0.000327,5478.77,64,32,0.3,32,1.6563,0.0596,1.2381,0.0693,0.1210,1.2737,0.1166,0.0452,0.527,0.271,0.972,0.989,0.955,0.902,0.217,0.998,3.150,0.065,7.064,0.421,0.230,5.481,0.114,0.548
default,0,28.951830,1.883291,2.349488,0.747138,0.000100,80.22,64,32,0.3,32,0.5,0.05,3.257,0.004,4.7385,0.5975,2.7582,0.7578,0.9969,3.8870,0.6184,0.5272,0.744,0.750,0.698,0.782,0.843,0.902,0.603,0.872,35.918,1.141,12.356,1.691,6.782,15.338,0.961,2.119
default,55,0.589048,0.281775,0.187500,0.123849,0.000321,5558.81,64,32,0.3,32,1.3977,0.0277,1.2487,0.0215,0.0284,1.1388,0.0365,0.0420,0.539,0.912,0.967,0.972,0.810,0.873,0.740,0.747,2.690,0.168,6.720,0.253,0.244,4.509,0.123,0.143
default,1,3.239491,0.701107,1.075407,0.476743,0.000200,159.45,64,32,0.3,32,0.5,0.05,1.486,0.001,3.9352,0.3905,1.9019,0.2904,0.5371,2.6796,0.3684,0.3933,0.855,0.908,0.859,0.890,0.885,0.824,0.790,0.501,9.708,1.318,8.255,1.223,1.373,9.424,1.061,0.860
default,56,0.572097,0.485944,0.186992,0.127099,0.000315,5638.63,64,32,0.3,32,1.4152,0.0286,1.2031,0.0212,0.0232,1.1563,0.0741,0.0386,0.802,0.392,0.954,0.283,0.690,0.926,0.991,0.455,4.331,0.081,6.169,0.067,0.319,5.455,0.489,0.162
default,2,2.283957,0.555427,0.660701,0.379938,0.000300,264.36,64,32,0.3,32,0.5,0.05,1.218,0.025,3.2189,0.2800,1.7850,0.2397,0.3550,2.2874,0.2897,0.2965,0.824,0.873,0.762,0.888,0.914,0.815,0.803,0.425,7.979,0.902,6.657,0.999,1.156,8.861,0.780,0.696
default,57,0.631116,0.325168,0.180272,0.125654,0.000309,5752.05,64,32,0.3,32,1.4083,0.0364,1.1918,0.0265,0.0345,1.1317,0.0508,0.0358,0.820,0.565,0.821,0.647,0.888,0.913,0.524,0.987,4.683,0.173,4.297,0.177,0.158,5.096,0.086,0.214
default,3,1.517458,0.384034,0.499425,0.274808,0.000400,384.44,64,32,0.3,32,0.5,0.05,1.122,0.242,2.5599,0.2348,1.6979,0.1524,0.1716,1.7915,0.1512,0.1723,0.796,0.868,0.776,0.888,0.880,0.822,0.914,0.627,7.788,0.712,5.694,0.686,0.645,12.329,0.735,0.430
default,58,0.530100,0.436622,0.179272,0.147442,0.000303,5874.18,64,32,0.3,32,1.5089,0.1271,1.2767,0.0224,0.0335,1.1136,0.1012,0.0390,0.656,0.953,0.910,0.939,0.936,0.901,0.816,0.951,3.407,0.212,6.235,0.303,0.230,4.934,0.420,0.295
default,4,1.150349,0.366833,0.399464,0.260596,0.000500,481.77,64,32,0.3,32,0.5,0.05,0.725,0.534,2.8134,0.2103,1.6957,0.1488,0.1266,1.6890,0.1458,0.1146,0.559,0.733,0.674,0.624,0.713,0.667,0.814,0.808,5.215,0.461,4.477,0.384,0.338,7.211,0.461,0.384
default,59,0.632664,0.313695,0.179795,0.127756,0.000296,5971.22,64,32,0.3,32,1.3987,0.0254,1.2096,0.0336,0.0238,1.2390,0.0418,0.0481,0.651,0.800,0.912,0.346,0.730,0.839,0.908,0.998,3.777,0.094,5.288,0.125,0.097,4.629,0.152,0.362
default,5,0.924394,0.347498,0.364598,0.247126,0.000500,586.39,64,32,0.3,32,0.5,0.05,0.879,0.533,2.1209,0.2485,1.5902,0.1115,0.1160,1.4012,0.2047,0.1813,0.839,0.665,0.824,0.743,0.767,0.846,0.212,0.312,7.706,0.503,4.869,0.404,0.394,9.899,0.407,0.344
default,60,0.604717,0.326624,0.177776,0.127432,0.000290,6069.45,64,32,0.3,32,1.4734,0.0253,1.1804,0.0212,0.0574,1.1079,0.0430,0.0476,0.768,0.961,0.796,0.841,0.928,0.960,0.931,0.958,4.162,0.186,4.267,0.153,0.306,6.470,0.215,0.241
default,6,1.043692,0.316136,0.343068,0.219107,0.000500,671.25,64,32,0.3,32,0.5,0.05,0.710,0.559,2.0151,0.1863,1.5372,0.1195,0.0954,1.4921,0.1562,0.0913,0.764,0.634,0.771,0.770,0.886,0.761,0.562,0.693,5.396,0.426,5.300,0.327,0.376,6.735,0.398,0.256
default,61,0.618949,0.283520,0.181402,0.137806,0.000284,6158.65,64,32,0.3,32,1.5523,0.0265,1.2655,0.0288,0.0486,1.2050,0.0390,0.0761,0.737,0.511,0.922,0.458,0.967,0.882,0.879,0.972,4.233,0.065,5.475,0.066,0.241,4.646,0.179,0.185
default,7,0.838627,0.454306,0.311387,0.207504,0.000500,774.72,64,32,0.3,32,0.5,0.05,0.689,0.525,1.9674,0.1501,1.5649,0.1229,0.0990,1.5355,0.0945,0.0813,0.780,0.674,0.777,0.595,0.976,0.740,0.834,0.968,5.473,0.367,4.210,0.321,0.429,6.356,0.322,0.514
default,62,0.560351,0.269923,0.187308,0.127623,0.000278,6259.53,64,32,0.3,32,1.5125,0.0450,1.1440,0.0226,0.0341,1.1326,0.0449,0.0449,0.709,0.651,0.922,0.989,0.809,0.828,0.814,0.656,3.520,0.083,5.502,0.364,0.150,3.971,0.105,0.062
default,8,1.006446,0.247090,0.315107,0.207898,0.000499,875.86,64,32,0.3,32,0.5,0.05,0.748,0.555,1.9286,0.1722,1.4706,0.0932,0.1142,1.3228,0.1171,0.1349,0.878,0.780,0.810,0.941,0.978,0.906,0.649,0.698,6.730,0.477,4.587,0.353,0.438,6.797,0.352,0.379
default,63,0.517603,0.289091,0.174831,0.123192,0.000272,6370.00,64,32,0.3,32,1.4001,0.0326,1.1705,0.0195,0.0238,1.1451,0.0560,0.0358,0.608,0.928,0.839,0.987,0.746,0.827,0.748,0.966,3.454,0.141,4.268,0.303,0.097,3.986,0.148,0.188
default,9,0.757030,0.276690,0.293268,0.202756,0.000499,995.83,64,32,0.3,32,0.5,0.05,0.605,0.586,1.9689,0.1595,1.4756,0.0599,0.0714,1.4756,0.1788,0.0758,0.744,0.426,0.803,0.899,0.902,0.847,0.318,0.832,4.801,0.323,4.398,0.281,0.286,6.023,0.325,0.230
default,64,0.522441,0.283906,0.177252,0.125363,0.000266,6493.22,64,32,0.3,32,1.3985,0.0377,1.1675,0.0219,0.0256,1.1331,0.0342,0.0696,0.747,0.746,0.852,0.667,0.966,0.879,0.651,0.564,3.775,0.101,4.389,0.087,0.294,4.588,0.144,0.054
default,10,3.332104,0.214661,0.280788,0.199416,0.000498,1111.97,64,32,0.3,32,0.5,0.05,0.702,0.566,1.9087,0.0982,1.4895,0.0677,0.1146,1.2884,0.2238,0.0668,0.836,0.913,0.830,0.962,0.800,0.866,0.410,0.860,6.504,0.347,4.771,0.351,0.345,6.222,0.455,0.267
default,65,0.569601,0.272368,0.177566,0.127964,0.000260,6601.19,64,32,0.3,32,1.4107,0.0407,1.3224,0.0355,0.0260,1.1301,0.0299,0.0388,0.642,0.987,0.792,0.971,0.710,0.902,0.955,0.954,4.143,0.215,3.887,0.199,0.128,5.070,0.175,0.154
default,11,0.666697,0.248161,0.275194,0.201233,0.000497,1220.19,64,32,0.3,32,0.5,0.05,0.557,0.599,1.8858,0.1091,1.4308,0.1368,0.0655,1.4453,0.0703,0.1852,0.709,0.700,0.824,0.152,0.909,0.903,0.942,0.176,4.459,0.228,4.464,0.198,0.239,5.623,0.301,0.240
default,66,0.539988,0.278474,0.170141,0.127090,0.000254,6707.29,64,32,0.3,32,1.5060,0.0373,1.1313,0.0538,0.0234,1.1325,0.0373,0.0398,0.723,0.783,0.905,0.949,0.976,0.902,0.874,0.862,3.730,0.090,5.084,0.156,0.333,4.902,0.124,0.181
default,12,0.761500,0.218720,0.269786,0.188022,0.000496,1301.73,64,32,0.3,32,0.5,0.05,0.566,0.600,1.8481,0.1556,1.8986,0.0581,0.0496,1.3401,0.0653,0.0515,0.812,0.274,0.828,0.814,0.819,0.867,0.953,0.926,5.429,0.265,4.673,0.163,0.187,4.936,0.314,0.281
default,67,0.567828,0.342024,0.172634,0.128338,0.000247,6789.08,64,32,0.3,32,1.3993,0.0476,1.1474,0.0234,0.0254,1.2940,0.0334,0.0495,0.875,0.965,0.922,0.721,0.631,0.874,0.940,0.085,5.198,0.150,5.420,0.160,0.170,4.527,0.211,0.076
default,13,0.781861,0.210985,0.261591,0.168887,0.000495,1406.95,64,32,0.3,32,0.5,0.05,0.623,0.592,1.8214,0.0820,1.4294,0.0771,0.0797,1.3091,0.0580,0.0561,0.762,0.824,0.876,0.834,0.984,0.933,0.967,0.635,4.791,0.267,5.322,0.243,0.363,6.142,0.290,0.174
default,68,0.538436,0.297376,0.168139,0.125014,0.000241,6906.47,64,32,0.3,32,1.3864,0.0602,1.1753,0.0191,0.0217,1.0950,0.0282,0.0665,0.532,0.987,0.855,0.671,0.710,0.876,0.975,0.585,2.715,0.259,4.471,0.161,0.239,4.593,0.245,0.111
default,14,0.750487,0.193942,0.261118,0.160889,0.000493,1527.70,64,32,0.3,32,0.5,0.05,0.521,0.605,1.8231,0.0632,1.4452,0.0325,0.0485,1.3145,0.0764,0.0628,0.721,0.890,0.786,0.952,0.926,0.892,0.670,0.820,4.415,0.241,4.258,0.184,0.233,5.190,0.218,0.203
default,69,0.496981,0.362190,0.170067,0.145756,0.000235,7027.70,64,32,0.3,32,1.4006,0.0293,1.1770,0.0187,0.0539,1.4485,0.1354,0.0372,0.714,0.597,0.949,0.899,0.976,0.901,0.608,0.641,4.170,0.058,6.033,0.124,0.287,5.009,0.077,0.062
default,15,0.795205,0.178627,0.256566,0.164425,0.000492,1650.15,64,32,0.3,32,0.5,0.05,0.495,0.606,1.8914,0.0892,1.4052,0.0441,0.0389,1.2953,0.0968,0.0442,0.691,0.724,0.766,0.691,0.962,0.869,0.663,0.933,3.984,0.271,3.787,0.188,0.209,4.844,0.259,0.222
default,70,0.533141,0.292351,0.173005,0.134741,0.000229,7152.48,64,32,0.3,32,1.4240,0.0506,1.1662,0.0262,0.0401,1.1932,0.0794,0.0490,0.728,0.984,0.899,0.936,0.781,0.801,0.943,0.998,3.833,0.230,5.031,0.157,0.121,3.795,0.187,0.363
default,16,0.593143,0.243896,0.246199,0.187061,0.000490,1775.26,64,32,0.3,32,0.5,0.05,0.586,0.610,2.0558,0.1079,1.4069,0.0656,0.0421,1.3392,0.1786,0.0584,0.715,0.439,0.845,0.973,0.915,0.901,0.148,0.867,5.543,0.222,4.951,0.265,0.208,5.509,0.235,0.209
default,71,0.493627,0.316747,0.167682,0.138855,0.000223,7275.97,64,32,0.3,32,1.5820,0.0424,1.3870,0.0300,0.0218,1.1970,0.0642,0.0359,0.784,0.594,0.790,0.952,0.865,0.808,0.880,0.998,4.291,0.084,4.382,0.257,0.218,4.181,0.129,0.427
default,17,0.650213,0.184936,0.245158,0.160776,0.000488,1895.81,64,32,0.3,32,0.5,0.05,0.473,0.617,1.7343,0.0663,1.3648,0.1055,0.0461,1.3059,0.0548,0.0480,0.702,0.832,0.796,0.314,0.700,0.859,0.978,0.878,3.978,0.183,4.173,0.175,0.164,4.348,0.286,0.187
default,72,0.505243,0.331299,0.167508,0.126555,0.000217,7399.03,64,32,0.3,32,1.3848,0.0594,1.1567,0.0507,0.0251,1.1148,0.0270,0.0460,0.607,0.717,0.816,0.867,0.982,0.836,0.948,0.962,3.206,0.115,4.082,0.127,0.365,4.299,0.184,0.180
default,18,0.681694,0.189843,0.247979,0.181262,0.000486,2008.48,64,32,0.3,32,0.5,0.05,0.636,0.588,1.8077,0.0932,1.3966,0.1335,0.0421,1.2720,0.1407,0.0617,0.759,0.880,0.856,0.704,0.980,0.920,0.735,0.908,4.855,0.247,4.841,0.310,0.247,6.285,0.489,0.219
default,73,0.539983,0.322879,0.172037,0.118013,0.000211,7510.23,64,32,0.3,32,1.3735,0.0248,1.1348,0.0252,0.0216,1.1151,0.0427,0.0328,0.845,0.422,0.832,0.969,0.576,0.868,0.681,0.815,4.806,0.083,4.408,0.271,0.144,4.472,0.072,0.079
default,19,0.750447,0.207479,0.246214,0.176538,0.000484,2129.33,64,32,0.3,32,0.5,0.05,0.533,0.621,2.0276,0.1180,1.3679,0.0489,0.0498,1.4649,0.0481,0.0884,0.779,0.359,0.881,0.946,0.508,0.863,0.890,0.443,4.910,0.193,4.838,0.235,0.151,4.913,0.187,0.237
default,74,0.485707,0.345641,0.164947,0.124324,0.000205,7631.28,64,32,0.3,32,1.4734,0.0420,1.1542,0.0238,0.0385,1.1312,0.0275,0.0386,0.656,0.441,0.870,0.826,0.764,0.883,0.770,0.882,3.474,0.080,4.932,0.097,0.184,4.871,0.090,0.154
default,20,0.585736,0.210624,0.231122,0.171384,0.000481,2250.67,64,32,0.3,32,0.5,0.05,0.529,0.619,1.7376,0.0566,1.3313,0.0526,0.0560,1.5219,0.1499,0.0465,0.769,0.909,0.867,0.968,0.955,0.822,0.821,0.922,4.678,0.225,4.608,0.235,0.176,4.702,0.320,0.167
default,75,0.506971,0.327487,0.169280,0.128350,0.000200,7752.99,64,32,0.3,32,1.4071,0.0460,1.1764,0.0196,0.0365,1.2888,0.0375,0.0325,0.618,0.709,0.883,0.584,0.952,0.845,0.925,0.740,3.488,0.087,4.976,0.065,0.249,4.421,0.165,0.077
default,21,0.630341,0.261823,0.244340,0.174391,0.000479,2373.62,64,32,0.3,32,0.5,0.05,0.657,0.503,1.7704,0.0695,1.3663,0.1076,0.0989,1.3471,0.0928,0.0439,0.704,0.939,0.857,0.912,0.581,0.812,0.999,0.896,4.466,0.204,4.885,0.203,0.284,5.094,1.132,0.201
default,76,0.478992,0.313152,0.164770,0.119506,0.000194,7876.30,64,32,0.3,32,1.3796,0.0340,1.2038,0.0243,0.0205,1.0886,0.0294,0.0394,0.761,0.780,0.817,0.981,0.913,0.837,0.886,0.963,3.880,0.094,3.960,0.333,0.136,4.046,0.164,0.118
default,22,0.561441,0.306472,0.236078,0.155299,0.000476,2495.29,64,32,0.3,32,0.5,0.05,0.573,0.619,1.6721,0.0994,1.3284,0.0640,0.0354,1.2495,0.0664,0.0455,0.837,0.793,0.898,0.962,0.967,0.913,0.815,0.771,5.171,0.309,5.038,0.216,0.250,5.107,0.254,0.153
default,77,0.451719,0.278699,0.162747,0.119079,0.000188,7995.51,64,32,0.3,32,1.3887,0.0250,1.1292,0.0181,0.0310,1.1445,0.0273,0.0457,0.701,0.753,0.892,0.618,0.590,0.839,0.750,0.799,3.607,0.093,5.008,0.111,0.218,4.502,0.118,0.068
default,23,0.591533,0.177322,0.226973,0.153073,0.000473,2617.26,64,32,0.3,32,0.5,0.05,0.492,0.622,1.6693,0.0868,1.3166,0.0482,0.0545,1.3822,0.0390,0.0362,0.756,0.481,0.868,0.542,0.962,0.849,0.974,0.896,4.388,0.187,4.507,0.136,0.188,4.636,0.244,0.165
default,78,0.492352,0.307083,0.165786,0.124938,0.000183,8121.01,64,32,0.3,32,1.3801,0.0229,1.1397,0.0355,0.0328,1.2580,0.0389,0.0360,0.687,0.948,0.839,0.724,0.833,0.810,0.989,0.448,3.467,0.163,4.697,0.087,0.115,4.296,0.332,0.094
default,24,0.567713,0.251237,0.232450,0.151128,0.000470,2741.59,64,32,0.3,32,0.5,0.05,0.473,0.622,1.7546,0.0422,1.3871,0.0253,0.0520,1.3181,0.0407,0.0712,0.753,0.919,0.845,0.980,0.919,0.869,0.909,0.504,4.311,0.164,4.370,0.173,0.183,4.496,0.186,0.141
default,79,0.476287,0.312573,0.164086,0.147171,0.000177,8248.59,64,32,0.3,32,1.6265,0.0248,1.2432,0.0274,0.0254,1.5079,0.0317,0.1041,0.572,0.893,0.674,0.668,0.680,0.848,0.568,0.393,3.500,0.126,3.602,0.132,0.098,4.512,0.051,0.046
default,25,0.605600,0.207671,0.226710,0.158500,0.000467,2867.75,64,32,0.3,32,0.5,0.05,0.577,0.618,1.7764,0.0933,1.3736,0.0746,0.0306,1.3196,0.0519,0.0388,0.787,0.726,0.914,0.664,0.936,0.852,0.807,0.973,4.878,0.247,6.167,0.201,0.163,4.473,0.199,0.336
default,80,0.459825,0.391625,0.165391,0.123135,0.000171,8375.09,64,32,0.3,32,1.4587,0.0278,1.2113,0.0166,0.0242,1.2046,0.0262,0.0375,0.830,0.711,0.920,0.894,0.932,0.859,0.792,0.751,4.757,0.075,5.595,0.132,0.269,4.813,0.131,0.066
default,26,1.291747,0.169253,0.239689,0.161106,0.000464,2993.70,64,32,0.3,32,0.5,0.05,0.510,0.622,1.7515,0.0526,1.3573,0.0886,0.0343,1.4520,0.0691,0.0425,0.690,0.905,0.850,0.703,0.980,0.841,0.963,0.906,4.463,0.167,4.481,0.171,0.249,5.031,0.208,0.171
default,81,0.656139,0.341936,0.162316,0.125542,0.000166,8497.79,64,32,0.3,32,1.4147,0.0352,1.1793,0.0294,0.0204,1.1419,0.0253,0.0722,0.617,0.779,0.866,0.963,0.889,0.898,0.453,0.575,3.156,0.107,4.727,0.178,0.179,5.200,0.073,0.098
default,27,0.627336,0.265532,0.224087,0.167983,0.000461,3116.24,64,32,0.3,32,0.5,0.05,0.443,0.623,1.6655,0.0340,1.4418,0.1107,0.0897,1.4127,0.0652,0.0476,0.737,0.913,0.878,0.170,0.251,0.762,0.583,0.808,4.436,0.144,4.655,0.161,0.146,3.549,0.151,0.143
default,82,0.503531,0.291875,0.155844,0.119789,0.000161,8620.29,64,32,0.3,32,1.4083,0.0254,1.1668,0.0287,0.0283,1.1212,0.0263,0.0370,0.645,0.893,0.815,0.819,0.942,0.861,0.325,0.901,3.660,0.126,4.340,0.137,0.236,4.579,0.069,0.091
default,28,0.579917,0.238899,0.216985,0.167649,0.000457,3240.33,64,32,0.3,32,0.5,0.05,0.463,0.623,1.7090,0.0731,1.3135,0.1163,0.0932,1.3208,0.0417,0.0649,0.733,0.676,0.865,0.183,0.250,0.853,0.960,0.581,4.055,0.147,4.454,0.175,0.165,4.228,0.237,0.137
default,29,0.551932,0.181517,0.227450,0.176679,0.000453,3356.25,64,32,0.3,32,0.5,0.05,0.443,0.624,1.8732,0.0652,1.7037,0.0787,0.0627,1.3818,0.0458,0.0695,0.707,0.782,0.833,0.551,0.852,0.828,0.848,0.840,3.962,0.152,4.479,0.149,0.125,4.054,0.146,0.183
default,30,0.483609,0.205786,0.213352,0.151413,0.000450,3434.03,64,32,0.3,32,0.5,0.05,0.481,0.623,1.6684,0.0887,1.2815,0.0292,0.0485,1.2602,0.0782,0.0445,0.780,0.258,0.878,0.919,0.925,0.866,0.484,0.940,4.497,0.174,4.596,0.173,0.207,4.173,0.161,0.187
default,31,0.723267,0.151208,0.224717,0.150779,0.000446,3553.93,64,32,0.3,32,0.5,0.05,0.443,0.624,1.7099,0.0658,1.4560,0.0277,0.0299,1.3133,0.0307,0.0672,0.770,0.378,0.830,0.863,0.929,0.848,0.936,0.842,4.493,0.150,4.295,0.114,0.145,3.976,0.139,0.165
default,32,0.463926,0.161750,0.210528,0.141064,0.000442,3675.31,64,32,0.3,32,0.5,0.05,0.525,0.621,1.6516,0.0336,1.3046,0.0294,0.0603,1.2425,0.0330,0.0519,0.809,0.989,0.867,0.982,0.972,0.893,0.993,0.951,4.810,0.264,4.719,0.201,0.205,4.588,0.225,0.173
default,33,0.506792,0.156462,0.207105,0.153858,0.000437,3796.68,64,32,0.3,32,0.5,0.05,0.426,0.623,1.6539,0.0747,1.2959,0.0747,0.0610,1.3220,0.0271,0.0557,0.727,0.645,0.830,0.252,0.863,0.807,0.942,0.713,4.013,0.149,4.121,0.132,0.227,3.734,0.132,0.132
default,34,0.589156,0.170683,0.218781,0.150912,0.000433,3872.74,64,32,0.3,32,0.5,0.05,0.635,0.600,1.6424,0.0946,1.3541,0.0239,0.0279,1.2623,0.0712,0.0543,0.835,0.973,0.934,0.927,0.969,0.935,0.694,0.966,5.019,0.323,6.499,0.139,0.168,5.565,0.173,0.442
default,35,0.512701,0.160026,0.219939,0.136177,0.000429,3994.75,64,32,0.3,32,0.5,0.05,0.516,0.623,1.6207,0.0302,1.3062,0.0273,0.0281,1.2543,0.0500,0.0359,0.769,0.941,0.909,0.922,0.976,0.893,0.979,0.958,4.243,0.159,5.263,0.141,0.169,4.717,0.293,0.172
default,36,0.422276,0.153030,0.203817,0.145213,0.000424,4078.89,64,32,0.3,32,0.5,0.05,0.516,0.624,1.6371,0.0261,1.3838,0.0232,0.0693,1.2543,0.0392,0.0643,0.767,0.948,0.876,0.989,0.804,0.902,0.966,0.753,4.348,0.147,5.523,0.195,0.198,4.713,0.137,0.178
default,37,0.512374,0.149501,0.205360,0.138211,0.000419,4158.82,64,32,0.3,32,0.5,0.05,0.464,0.624,1.6312,0.0277,1.3715,0.0564,0.0291,1.2588,0.0252,0.0305,0.777,0.968,0.836,0.868,0.982,0.860,0.958,0.976,4.436,0.150,4.466,0.175,0.201,4.095,0.129,0.171
default,38,0.438987,0.192615,0.212093,0.163780,0.000415,4236.17,64,32,0.3,32,0.5,0.05,0.461,0.624,1.6424,0.0408,1.2718,0.0744,0.1337,1.2472,0.1083,0.0411,0.774,0.836,0.880,0.378,0.087,0.869,0.220,0.905,4.347,0.140,4.406,0.178,0.166,4.173,0.189,0.145
default,39,0.498627,0.168005,0.203333,0.151117,0.000410,4314.50,64,32,0.3,32,0.5,0.05,0.490,0.622,1.6330,0.0412,1.2563,0.0292,0.0643,1.2640,0.0582,0.1057,0.781,0.938,0.903,0.952,0.921,0.875,0.976,0.170,4.526,0.187,4.709,0.175,0.139,4.422,0.233,0.148
default,40,0.424314,0.160792,0.206430,0.143294,0.000405,4407.99,64,32,0.3,32,0.5,0.05,0.415,0.624,1.6376,0.0406,1.2628,0.0360,0.0233,1.3550,0.0640,0.0479,0.733,0.900,0.830,0.948,0.940,0.823,0.808,0.888,3.894,0.142,3.983,0.149,0.122,3.845,0.160,0.143
default,41,0.499125,0.149903,0.201890,0.131029,0.000400,4487.14,64,32,0.3,32,0.5,0.05,0.445,0.625,1.6144,0.0226,1.2796,0.0300,0.0264,1.2557,0.0239,0.0348,0.753,0.974,0.835,0.946,0.971,0.893,0.942,0.860,4.207,0.136,4.121,0.117,0.129,4.794,0.124,0.126
default,42,0.473122,0.163666,0.196373,0.140797,0.000395,4566.05,64,32,0.3,32,0.5,0.05,0.450,0.625,1.6193,0.0318,1.2504,0.0608,0.0198,1.4432,0.0401,0.0248,0.749,0.919,0.863,0.461,0.974,0.902,0.722,0.935,4.315,0.125,4.401,0.110,0.126,4.832,0.096,0.122
default,43,0.687689,0.146463,0.203072,0.141268,0.000389,4643.39,64,32,0.3,32,0.5,0.05,0.416,0.625,1.6933,0.0375,1.2514,0.0324,0.0373,1.3120,0.0546,0.0364,0.629,0.883,0.828,0.694,0.774,0.874,0.645,0.836,4.028,0.134,4.031,0.085,0.108,4.379,0.117,0.114
default,44,0.420403,0.153573,0.203898,0.133050,0.000384,4728.27,64,32,0.3,32,0.5,0.05,0.571,0.621,1.6245,0.0479,1.2578,0.0218,0.0194,1.2982,0.0187,0.0393,0.784,0.998,0.912,0.941,0.987,0.832,0.978,0.989,4.741,0.319,6.424,0.109,0.183,4.623,0.129,0.290
default,45,0.386469,0.153708,0.197996,0.142328,0.000379,4806.39,64,32,0.3,32,0.5,0.05,0.436,0.625,1.7105,0.0249,1.3026,0.0287,0.0408,1.3232,0.0731,0.0210,0.760,0.894,0.866,0.946,0.947,0.880,0.640,0.951,4.221,0.110,4.278,0.134,0.126,4.400,0.142,0.108
default,46,0.395170,0.180723,0.196962,0.146643,0.000373,4892.70,64,32,0.3,32,0.5,0.05,0.412,0.625,1.6443,0.0619,1.2791,0.0410,0.0310,1.3210,0.0240,0.0838,0.708,0.224,0.856,0.828,0.926,0.860,0.960,0.176,3.834,0.097,4.307,0.115,0.122,4.064,0.120,0.115
default,47,0.394662,0.192598,0.199773,0.147189,0.000367,4969.11,64,32,0.3,32,0.5,0.05,0.435,0.625,2.0648,0.0309,1.3455,0.0258,0.0544,1.2686,0.0277,0.0249,0.731,0.921,0.870,0.961,0.675,0.866,0.941,0.945,4.475,0.118,4.471,0.107,0.116,4.133,0.103,0.136
default,48,0.362610,0.184319,0.191051,0.131124,0.000362,5044.97,64,32,0.3,32,0.5,0.05,0.473,0.625,1.6988,0.0188,1.2541,0.0389,0.0199,1.2881,0.0172,0.0263,0.803,0.968,0.914,0.906,0.980,0.893,0.971,0.931,4.737,0.111,5.063,0.118,0.114,4.588,0.118,0.116
default,49,0.385862,0.158104,0.199805,0.147825,0.000356,5120.79,64,32,0.3,32,0.5,0.05,0.442,0.625,1.6357,0.0606,1.2939,0.0215,0.1005,1.4075,0.0206,0.0253,0.733,0.663,0.859,0.992,0.267,0.861,0.873,0.914,3.999,0.143,4.484,0.168,0.139,4.438,0.084,0.111
default,50,0.430560,0.152702,0.191838,0.135877,0.000350,5198.16,64,32,0.3,32,0.5,0.05,0.445,0.625,1.6033,0.0444,1.2532,0.0281,0.0343,1.2976,0.0346,0.0334,0.734,0.537,0.903,0.892,0.724,0.907,0.885,0.720,3.981,0.094,4.726,0.098,0.096,4.997,0.099,0.092
default,51,0.382864,0.198413,0.188007,0.136976,0.000345,5274.99,64,32,0.3,32,0.5,0.05,0.437,0.625,1.6304,0.0210,1.2536,0.0500,0.0177,1.3940,0.0466,0.0204,0.782,0.965,0.865,0.297,0.959,0.876,0.703,0.963,4.352,0.103,4.461,0.093,0.096,4.550,0.117,0.114
default,52,0.440158,0.145887,0.196922,0.130615,0.000339,5350.94,64,32,0.3,32,0.5,0.05,0.413,0.625,1.6306,0.0222,1.2706,0.0379,0.0321,1.2260,0.0271,0.0213,0.733,0.946,0.846,0.781,0.958,0.833,0.810,0.959,4.212,0.095,4.207,0.114,0.118,4.071,0.090,0.115
default,53,0.371070,0.191595,0.189944,0.138537,0.000333,5428.11,64,32,0.3,32,0.5,0.05,0.466,0.624,1.6685,0.0407,1.2531,0.0319,0.0805,1.2202,0.0199,0.0294,0.794,0.780,0.890,0.820,0.991,0.901,0.967,0.886,4.569,0.099,4.735,0.095,0.221,4.648,0.100,0.105
default,54,0.407539,0.188876,0.194299,0.138119,0.000327,5515.92,64,32,0.3,32,0.5,0.05,0.398,0.625,1.6014,0.0298,1.2442,0.0326,0.0711,1.2224,0.0268,0.0529,0.716,0.741,0.870,0.751,0.674,0.828,0.958,0.260,3.870,0.089,4.312,0.093,0.144,3.816,0.099,0.082
default,55,0.358045,0.158767,0.189452,0.126823,0.000321,5593.59,64,32,0.3,32,0.5,0.05,0.446,0.625,1.5771,0.0318,1.2577,0.0227,0.0163,1.2640,0.0187,0.0248,0.750,0.927,0.869,0.946,0.979,0.882,0.947,0.961,4.056,0.162,4.552,0.109,0.117,4.482,0.100,0.152
default,56,0.333709,0.180913,0.188150,0.139294,0.000315,5672.42,64,32,0.3,32,0.5,0.05,0.396,0.625,1.6847,0.0349,1.3118,0.0456,0.0550,1.2512,0.0164,0.0320,0.748,0.867,0.857,0.240,0.274,0.836,0.961,0.595,4.172,0.110,4.220,0.074,0.088,3.779,0.105,0.091
default,57,0.380752,0.141877,0.188675,0.129326,0.000309,5743.02,64,32,0.3,32,0.5,0.05,0.510,0.622,1.6651,0.0245,1.2473,0.0177,0.0232,1.2410,0.0218,0.0388,0.768,0.992,0.885,0.989,0.978,0.905,0.995,0.932,4.841,0.208,4.949,0.125,0.114,5.024,0.185,0.147
default,58,0.362158,0.146292,0.187858,0.128791,0.000303,5818.68,64,32,0.3,32,0.5,0.05,0.413,0.624,1.6296,0.0239,1.2471,0.0158,0.0219,1.2917,0.0290,0.0255,0.737,0.899,0.853,0.933,0.955,0.857,0.980,0.770,4.082,0.090,4.235,0.079,0.126,4.148,0.158,0.078
default,59,0.355458,0.143703,0.184850,0.134359,0.000296,5895.68,64,32,0.3,32,0.5,0.05,0.465,0.625,1.6298,0.0317,1.2533,0.0254,0.0190,1.3799,0.0156,0.0465,0.724,0.980,0.908,0.922,0.909,0.914,0.955,0.708,3.940,0.143,4.991,0.086,0.088,5.203,0.093,0.125
default,60,0.348109,0.256684,0.188709,0.132883,0.000290,5980.21,64,32,0.3,32,0.5,0.05,0.481,0.625,1.7840,0.0166,1.2453,0.0323,0.0273,1.2161,0.0352,0.0272,0.726,0.978,0.921,0.968,0.969,0.916,0.948,0.800,4.717,0.119,5.134,0.134,0.112,4.908,0.099,0.090
default,61,0.356614,0.139759,0.188952,0.131598,0.000284,6057.85,64,32,0.3,32,0.5,0.05,0.431,0.625,1.5837,0.0307,1.2537,0.0200,0.0158,1.3015,0.0335,0.0434,0.740,0.644,0.910,0.880,0.960,0.887,0.570,0.465,4.071,0.083,5.094,0.076,0.078,4.457,0.078,0.079
default,62,0.415187,0.177878,0.184366,0.138768,0.000278,6140.55,64,32,0.3,32,0.5,0.05,0.401,0.625,1.6929,0.0567,1.2428,0.0822,0.0163,1.2514,0.0180,0.0217,0.742,0.230,0.854,0.091,0.951,0.873,0.939,0.828,4.058,0.081,4.268,0.066,0.090,4.340,0.081,0.068
default,63,0.348985,0.132138,0.189009,0.125928,0.000272,6234.60,64,32,0.3,32,0.5,0.05,0.440,0.625,1.6089,0.0327,1.2462,0.0230,0.0154,1.2375,0.0213,0.0178,0.777,0.848,0.885,0.945,0.974,0.886,0.994,0.973,4.406,0.099,4.547,0.080,0.088,4.506,0.157,0.102
default,64,0.343208,0.143796,0.184240,0.136012,0.000266,6322.77,64,32,0.3,32,0.5,0.05,0.480,0.625,1.6162,0.0198,1.2951,0.0500,0.0336,1.2279,0.0282,0.0485,0.776,0.958,0.914,0.357,0.963,0.899,0.940,0.310,4.500,0.091,5.538,0.087,0.121,4.999,0.084,0.081
default,65,0.323096,0.134177,0.184211,0.135110,0.000260,6405.09,64,32,0.3,32,0.5,0.05,0.434,0.625,1.8335,0.0198,1.3391,0.0156,0.0156,1.3970,0.0158,0.0145,0.787,0.854,0.900,0.860,0.960,0.901,0.972,0.919,4.516,0.066,4.696,0.059,0.072,4.783,0.089,0.063
default,66,0.472699,0.145292,0.185541,0.128737,0.000254,6488.57,64,32,0.3,32,0.5,0.05,0.388,0.625,1.5899,0.0314,1.2550,0.0211,0.0452,1.2383,0.0145,0.0219,0.718,0.541,0.850,0.940,0.913,0.849,0.933,0.775,3.846,0.077,4.210,0.072,0.113,4.038,0.069,0.072
default,67,0.320415,0.164100,0.185500,0.126604,0.000247,6562.52,64,32,0.3,32,0.5,0.05,0.396,0.625,1.5926,0.0513,1.2588,0.0241,0.0140,1.2244,0.0140,0.0155,0.688,0.371,0.849,0.790,0.963,0.836,0.953,0.958,3.700,0.086,4.354,0.076,0.074,4.314,0.075,0.087
default,68,0.333006,0.152155,0.180226,0.129342,0.000241,6641.35,64,32,0.3,32,0.5,0.05,0.448,0.625,1.5873,0.0197,1.2415,0.0199,0.0569,1.2235,0.0301,0.0195,0.777,0.935,0.893,0.901,0.389,0.903,0.946,0.943,4.351,0.092,4.784,0.090,0.101,4.774,0.106,0.087
default,69,0.332712,0.154071,0.179144,0.134445,0.000235,6721.10,64,32,0.3,32,0.5,0.05,0.457,0.625,1.6146,0.0304,1.2794,0.0193,0.0142,1.3320,0.0217,0.0612,0.782,0.819,0.894,0.972,0.949,0.889,0.733,0.112,4.446,0.091,5.140,0.086,0.082,4.938,0.068,0.079
default,70,0.336354,0.138038,0.181486,0.124668,0.000229,6794.31,64,32,0.3,32,0.5,0.05,0.417,0.625,1.5847,0.0188,1.2455,0.0173,0.0170,1.2218,0.0317,0.0238,0.748,0.899,0.859,0.952,0.945,0.893,0.837,0.893,4.083,0.076,4.266,0.089,0.091,4.686,0.083,0.087
default,71,0.311117,0.154448,0.181054,0.141775,0.000223,6875.94,64,32,0.3,32,0.5,0.05,0.450,0.625,1.6082,0.0181,1.2445,0.0425,0.0703,1.2563,0.0532,0.0491,0.795,0.958,0.873,0.583,0.079,0.875,0.218,0.473,4.590,0.090,4.820,0.097,0.098,4.550,0.084,0.121
default,72,0.325474,0.155098,0.181273,0.143096,0.000217,6950.80,64,32,0.3,32,0.5,0.05,0.451,0.625,1.6417,0.0392,1.2383,0.0509,0.0329,1.3396,0.0335,0.0627,0.774,0.415,0.909,0.198,0.913,0.876,0.634,0.170,4.446,0.085,5.033,0.087,0.109,4.731,0.080,0.074
default,73,0.289473,0.163812,0.179812,0.128099,0.000211,7029.91,64,32,0.3,32,0.5,0.05,0.413,0.625,1.5805,0.0348,1.2544,0.0129,0.0165,1.2310,0.0402,0.0282,0.757,0.600,0.859,0.938,0.969,0.893,0.211,0.764,4.184,0.087,4.338,0.066,0.090,4.628,0.061,0.070
default,74,0.285530,0.144713,0.176303,0.128370,0.000205,7112.57,64,32,0.3,32,0.5,0.05,0.434,0.625,1.6240,0.0366,1.2700,0.0380,0.0143,1.2474,0.0127,0.0173,0.747,0.779,0.876,0.571,0.975,0.906,0.947,0.953,4.190,0.094,4.709,0.086,0.091,4.764,0.067,0.073
default,75,0.334120,0.174720,0.178305,0.135923,0.000200,7196.57,64,32,0.3,32,0.5,0.05,0.413,0.625,1.6717,0.0161,1.3116,0.0385,0.0258,1.4561,0.0141,0.0162,0.737,0.923,0.874,0.331,0.900,0.843,0.938,0.850,4.134,0.072,4.620,0.069,0.084,4.450,0.074,0.058
default,76,0.305663,0.162016,0.183468,0.124637,0.000194,7277.00,64,32,0.3,32,0.5,0.05,0.425,0.625,1.5835,0.0197,1.2388,0.0204,0.0138,1.2273,0.0231,0.0320,0.755,0.931,0.872,0.896,0.962,0.908,0.755,0.781,4.157,0.083,4.552,0.063,0.075,4.804,0.076,0.076
default,77,0.275763,0.136526,0.175575,0.131238,0.000188,7361.09,64,32,0.3,32,0.5,0.05,0.452,0.625,1.5870,0.0616,1.2304,0.0128,0.0212,1.3117,0.0136,0.0339,0.773,0.130,0.908,0.943,0.881,0.908,0.919,0.618,4.309,0.078,5.065,0.061,0.064,5.119,0.059,0.102
default,78,0.310821,0.174854,0.178494,0.133827,0.000183,7434.99,64,32,0.3,32,0.5,0.05,0.427,0.625,1.6181,0.0317,1.2950,0.0281,0.0394,1.3527,0.0136,0.0197,0.763,0.596,0.867,0.695,0.377,0.910,0.943,0.754,4.168,0.066,4.593,0.076,0.072,4.979,0.066,0.056
default,79,0.276297,0.141904,0.176691,0.135015,0.000177,7508.73,64,32,0.3,32,0.5,0.05,0.416,0.625,1.7048,0.0159,1.4511,0.0130,0.0140,1.3313,0.0362,0.0141,0.767,0.920,0.812,0.941,0.932,0.879,0.233,0.939,4.349,0.072,4.483,0.064,0.064,4.664,0.057,0.066
default,80,0.262741,0.148021,0.174078,0.127542,0.000171,7585.68,64,32,0.3,32,0.5,0.05,0.408,0.625,1.6871,0.0174,1.2777,0.0130,0.0346,1.2689,0.0145,0.0140,0.739,0.845,0.850,0.922,0.404,0.887,0.963,0.914,4.070,0.058,4.432,0.058,0.063,4.666,0.087,0.056
default,81,0.392484,0.170981,0.177273,0.122862,0.000166,7659.77,64,32,0.3,32,0.5,0.05,0.435,0.625,1.5918,0.0279,1.2491,0.0137,0.0154,1.2335,0.0145,0.0177,0.776,0.673,0.880,0.928,0.967,0.908,0.935,0.913,4.312,0.073,4.770,0.060,0.085,4.862,0.066,0.082
default,82,0.304297,0.169081,0.173078,0.123749,0.000161,7733.14,64,32,0.3,32,0.5,0.05,0.435,0.625,1.5597,0.0172,1.2398,0.0224,0.0176,1.2826,0.0149,0.0208,0.773,0.889,0.898,0.768,0.926,0.899,0.880,0.776,4.335,0.064,5.014,0.063,0.066,4.864,0.051,0.057
default,83,0.256794,0.143910,0.172430,0.126098,0.000155,7806.79,64,32,0.3,32,0.5,0.05,0.410,0.625,1.6236,0.0167,1.2272,0.0157,0.0295,1.3105,0.0164,0.0179,0.777,0.888,0.873,0.902,0.589,0.878,0.886,0.868,4.317,0.066,4.460,0.063,0.063,4.551,0.060,0.059
default,84,0.287338,0.201119,0.177267,0.126602,0.000150,7880.22,64,32,0.3,32,0.5,0.05,0.412,0.625,1.6477,0.0265,1.2503,0.0168,0.0155,1.3058,0.0126,0.0197,0.759,0.654,0.887,0.876,0.921,0.856,0.947,0.781,4.230,0.062,4.760,0.059,0.066,4.425,0.059,0.055
default,85,0.275032,0.136098,0.174518,0.122813,0.000145,7954.45,64,32,0.3,32,0.5,0.05,0.429,0.625,1.5758,0.0143,1.2358,0.0202,0.0131,1.3057,0.0129,0.0173,0.755,0.901,0.894,0.761,0.938,0.901,0.895,0.834,4.155,0.060,4.945,0.057,0.059,4.937,0.052,0.054
default,86,0.270499,0.151007,0.172815,0.122669,0.000140,8028.50,64,32,0.3,32,0.5,0.05,0.456,0.625,1.5513,0.0154,1.2351,0.0295,0.0196,1.2278,0.0159,0.0197,0.784,0.843,0.919,0.403,0.827,0.910,0.821,0.746,4.451,0.051,5.435,0.050,0.056,5.202,0.050,0.054
default,87,0.248586,0.166240,0.172264,0.126050,0.000135,8102.29,64,32,0.3,32,0.5,0.05,0.428,0.625,1.5927,0.0180,1.2350,0.0343,0.0307,1.2384,0.0149,0.0189,0.808,0.887,0.881,0.245,0.674,0.886,0.918,0.863,4.671,0.069,4.740,0.056,0.070,4.565,0.063,0.061
default,88,0.239750,0.227909,0.169358,0.129462,0.000131,8176.22,64,32,0.3,32,0.5,0.05,0.446,0.625,1.5933,0.0228,1.2872,0.0189,0.0413,1.2987,0.0122,0.0218,0.813,0.701,0.856,0.744,0.198,0.915,0.879,0.618,4.765,0.060,4.772,0.052,0.058,5.253,0.047,0.050
default,89,0.252464,0.139412,0.174314,0.125473,0.000126,8249.48,64,32,0.3,32,0.5,0.05,0.405,0.625,1.5985,0.0281,1.2238,0.0197,0.0132,1.2768,0.0177,0.0260,0.760,0.637,0.867,0.706,0.961,0.885,0.754,0.655,4.140,0.067,4.480,0.056,0.065,4.587,0.046,0.057
default,90,0.244220,0.150549,0.170755,0.120304,0.000121,8323.30,64,32,0.3,32,0.5,0.05,0.437,0.625,1.5570,0.0151,1.2204,0.0146,0.0171,1.2314,0.0206,0.0154,0.781,0.933,0.880,0.912,0.931,0.907,0.826,0.889,4.421,0.065,4.877,0.060,0.067,4.940,0.065,0.054
default,0,34.036783,38.203398,3.702870,3.981877,0.000500,3.73,64,32,0.3,32,0.5,0.05,4.179,0.055,13.6584,4.4341,5.8585,12.2483,3.3445,7.9984,9.7150,2.8682,0.080,0.040,0.080,0.040,0.830,0.690,0.000,0.600,3.256,2.521,1.299,1.471,12.417,42.038,5.417,11.520
default,0,7.353002,2.128806,2.689092,1.246053,0.000100,64.79,64,32,0.3,32,0.5,0.05,2.798,0.002,3.2729,2.5926,12.7087,0.5747,4.5728,3.6360,2.5687,1.4425,0.703,0.936,0.618,0.662,0.810,0.812,0.651,0.584,9.321,9.929,15.664,2.048,8.849,10.270,7.425,3.717
default,1,2.797686,1.156911,0.989517,0.562814,0.000200,165.08,64,32,0.3,32,0.5,0.05,1.978,0.001,2.8932,1.3444,3.3424,0.2526,1.7130,2.2356,1.1977,1.3261,0.737,0.701,0.845,0.895,0.915,0.630,0.889,0.711,7.229,2.781,12.898,1.265,9.183,6.078,4.435,4.290
default,2,2.074112,1.078815,0.706657,0.418761,0.000300,262.66,64,32,0.3,32,0.5,0.05,1.381,0.053,2.1936,1.0425,2.6679,0.1438,0.8953,1.7666,0.9082,1.2089,0.898,0.642,0.817,0.874,0.890,0.614,0.807,0.773,8.984,2.178,7.842,0.718,4.589,4.564,2.899,3.446
default,3,1.820815,0.923331,0.589965,0.372155,0.000400,340.08,64,32,0.3,32,0.5,0.05,1.060,0.094,1.9712,0.9553,2.2590,0.1637,0.7580,1.5403,0.8174,1.0518,0.817,0.651,0.771,0.723,0.780,0.706,0.740,0.730,6.404,2.141,6.049,0.518,2.670,4.281,2.157,2.917
default,4,1.666591,0.786613,0.518101,0.341972,0.000500,418.30,64,32,0.3,32,0.5,0.05,0.852,0.115,1.7483,0.9104,2.0100,0.1091,0.6629,1.4310,1.0113,0.9298,0.766,0.574,0.676,0.756,0.766,0.581,0.496,0.715,4.955,1.772,4.530,0.390,2.027,3.632,1.989,2.482
default,5,1.589703,0.758336,0.466129,0.318200,0.000500,486.07,64,32,0.3,32,0.5,0.05,0.894,0.110,1.6808,0.7908,1.8292,0.1929,0.6268,1.3503,0.6613,0.8657,0.833,0.608,0.769,0.406,0.789,0.767,0.723,0.747,5.726,1.709,5.122,0.375,1.945,4.221,1.752,2.432
default,6,1.513038,1.102746,0.435248,0.300228,0.000500,566.20,64,32,0.3,32,0.5,0.05,0.873,0.108,1.6959,0.6872,1.7329,0.0766,0.6745,1.3249,0.7657,0.8834,0.773,0.669,0.710,0.900,0.713,0.890,0.497,0.676,5.545,1.545,4.455,0.394,1.736,5.740,1.456,2.027
default,7,1.454589,0.710889,0.411329,0.286397,0.000500,673.26,64,32,0.3,32,0.5,0.05,0.789,0.113,1.5061,0.7313,1.7774,0.0810,0.5737,1.3016,0.6475,0.8403,0.830,0.664,0.701,0.802,0.783,0.761,0.676,0.499,5.175,1.596,4.569,0.314,1.691,4.191,1.511,1.705
default,8,1.430536,0.697384,0.396792,0.269518,0.000499,745.11,64,32,0.3,32,0.5,0.05,0.826,0.094,1.4985,0.6256,1.6379,0.0780,0.6038,1.2482,0.6092,0.7384,0.860,0.709,0.743,0.933,0.787,0.867,0.742,0.651,5.469,1.455,4.465,0.443,1.661,4.492,1.625,1.829
default,9,1.403637,0.670751,0.383447,0.268152,0.000498,821.40,64,32,0.3,32,0.5,0.05,0.770,0.114,1.4780,0.8200,1.5920,0.0919,0.5465,1.2283,0.5477,0.6545,0.829,0.584,0.729,0.709,0.753,0.856,0.753,0.674,5.046,1.525,4.497,0.306,1.467,4.400,1.463,1.620
default,10,1.351718,0.834843,0.370571,0.274246,0.000497,927.22,64,32,0.3,32,0.5,0.05,0.727,0.113,1.4931,0.7823,1.6179,0.0679,0.5446,1.2232,0.7596,0.6748,0.804,0.675,0.693,0.920,0.776,0.830,0.403,0.569,4.792,1.600,3.996,0.329,1.501,4.211,1.225,1.426
default,11,1.348780,0.661588,0.362247,0.270264,0.000496,1016.94,64,32,0.3,32,0.5,0.05,0.676,0.115,1.4194,0.8315,1.5148,0.1418,0.5388,1.2426,0.5392,0.6294,0.808,0.492,0.706,0.371,0.793,0.714,0.718,0.598,4.599,1.366,3.538,0.264,1.606,3.771,1.347,1.308
default,12,1.311682,0.719695,0.357143,0.248263,0.000494,1126.91,64,32,0.3,32,0.5,0.05,0.744,0.104,1.4145,0.5899,1.5559,0.0709,0.5193,1.2215,0.5377,0.6153,0.777,0.730,0.769,0.945,0.820,0.816,0.702,0.691,4.249,1.437,4.509,0.386,1.559,4.505,1.282,1.379
default,13,1.279587,0.684842,0.350655,0.263032,0.000492,1196.77,64,32,0.3,32,0.5,0.05,0.696,0.116,1.4476,0.6420,1.5154,0.0854,0.5300,1.2603,0.5899,0.7658,0.782,0.551,0.760,0.757,0.777,0.820,0.637,0.478,4.405,1.214,4.068,0.284,1.370,4.187,1.297,1.533
default,14,1.291650,0.734938,0.345769,0.255940,0.000490,1262.70,64,32,0.3,32,0.5,0.05,0.671,0.117,1.5127,0.5618,1.4426,0.0902,0.6587,1.1748,0.5230,0.6862,0.754,0.724,0.750,0.677,0.717,0.803,0.693,0.582,4.342,1.286,3.937,0.244,1.553,3.671,1.172,1.508
default,15,1.250696,0.662599,0.338541,0.252889,0.000488,1343.29,64,32,0.3,32,0.5,0.05,0.698,0.114,1.4067,0.6707,1.4996,0.0635,0.5223,1.1760,0.5623,0.7219,0.800,0.555,0.746,0.879,0.796,0.835,0.676,0.564,4.349,1.234,4.067,0.314,1.419,3.956,1.265,1.641
default,16,1.244590,0.680760,0.334697,0.243316,0.000485,1425.73,64,32,0.3,32,0.5,0.05,0.733,0.105,1.3999,0.6260,1.4108,0.0733,0.5146,1.2538,0.5094,0.5925,0.812,0.618,0.829,0.881,0.845,0.766,0.747,0.724,4.274,1.251,4.451,0.373,1.587,4.242,1.267,1.565
default,17,1.234474,0.684333,0.330763,0.242915,0.000483,1510.21,64,32,0.3,32,0.5,0.05,0.702,0.115,1.3952,0.5662,1.4338,0.0682,0.5207,1.1840,0.5381,0.6631,0.773,0.768,0.774,0.835,0.804,0.819,0.715,0.608,4.275,1.361,4.213,0.287,1.467,4.135,1.250,1.454
default,18,1.211660,0.616294,0.328237,0.237928,0.000480,1575.15,64,32,0.3,32,0.5,0.05,0.608,0.114,1.3729,0.6050,1.3798,0.0507,0.6020,1.1323,0.5151,0.6089,0.734,0.607,0.764,0.952,0.740,0.711,0.658,0.634,3.653,1.095,3.677,0.339,1.541,2.963,1.062,1.283
default,19,1.183291,0.619394,0.320960,0.241058,0.000476,1642.59,64,32,0.3,32,0.5,0.05,0.674,0.117,1.3720,0.6401,1.3627,0.0648,0.5918,1.1137,0.5711,0.5817,0.783,0.595,0.777,0.787,0.716,0.863,0.667,0.714,4.228,1.253,3.765,0.276,1.464,4.106,1.251,1.379
default,20,1.175890,0.665405,0.318492,0.244799,0.000473,1708.16,64,32,0.3,32,0.5,0.05,0.662,0.106,1.3765,0.5435,1.4854,0.0765,0.5224,1.1665,0.6447,0.5791,0.727,0.743,0.718,0.934,0.787,0.833,0.575,0.731,3.502,1.266,4.016,0.352,1.356,3.910,1.241,1.390
default,21,1.167170,0.670039,0.316555,0.247732,0.000469,1806.45,64,32,0.3,32,0.5,0.05,0.650,0.115,1.4217,0.6635,1.3995,0.0572,0.5091,1.1170,0.5961,0.7285,0.802,0.615,0.693,0.900,0.853,0.780,0.682,0.465,4.323,1.358,3.610,0.277,1.537,3.310,1.260,1.335
default,22,1.130136,0.652944,0.311184,0.247270,0.000465,1872.09,64,32,0.3,32,0.5,0.05,0.628,0.116,1.3415,0.6155,1.4231,0.1356,0.5209,1.1694,0.5237,0.5582,0.799,0.592,0.694,0.375,0.786,0.724,0.721,0.708,4.207,1.141,3.586,0.262,1.355,3.461,1.170,1.341
default,23,1.115721,0.699233,0.309174,0.263939,0.000461,1935.09,64,32,0.3,32,0.5,0.05,0.689,0.116,1.3878,0.8304,1.3580,0.1223,0.5933,1.1654,0.5703,0.6709,0.781,0.435,0.829,0.439,0.724,0.841,0.635,0.518,4.019,1.354,4.231,0.261,1.616,4.016,1.218,1.401
default,24,1.125032,1.008560,0.305131,0.268456,0.000457,2000.37,64,32,0.3,32,0.5,0.05,0.683,0.111,1.3684,0.8855,1.3756,0.1669,0.5163,1.1850,0.5172,0.6844,0.797,0.404,0.794,0.280,0.822,0.801,0.589,0.515,4.180,1.362,4.274,0.311,1.504,3.928,1.029,1.323
default,25,1.125230,0.981428,0.310611,0.250614,0.000453,2068.00,64,32,0.3,32,0.5,0.05,0.659,0.110,1.4592,0.8072,1.4661,0.0569,0.5602,1.1416,0.5076,0.5936,0.789,0.481,0.727,0.889,0.727,0.761,0.723,0.668,4.019,1.302,4.101,0.317,1.411,3.461,1.169,1.363
default,0,14.557968,1.786266,2.696815,0.838930,0.000160,69.63,64,32,0.3,32,0.5,0.05,3.045,0.007,3.6972,2.4037,4.4688,0.3177,1.9326,2.5229,2.7119,2.9225,0.859,0.881,0.815,0.664,0.367,0.530,0.669,0.583,14.640,9.018,10.698,1.145,13.372,12.672,7.271,7.296
default,26,1.109182,0.791875,0.305426,0.239019,0.000448,2137.91,64,32,0.3,32,0.5,0.05,0.691,0.109,1.4090,0.5299,1.3628,0.0917,0.5288,1.1029,0.5448,0.6281,0.793,0.867,0.787,0.605,0.782,0.808,0.759,0.665,4.198,1.807,3.827,0.305,1.364,3.571,1.336,1.532
default,1,2.573835,1.056585,0.854636,0.481868,0.000320,147.69,64,32,0.3,32,0.5,0.05,1.627,0.038,2.6215,1.1597,2.2854,0.2284,1.3047,1.9053,0.9963,1.6433,0.894,0.846,0.810,0.687,0.391,0.810,0.894,0.775,10.910,3.780,5.870,0.788,2.232,8.680,3.636,5.936
default,27,1.097503,0.763263,0.300551,0.243980,0.000443,2239.24,64,32,0.3,32,0.5,0.05,0.681,0.107,1.3578,0.5691,1.4057,0.0759,0.5150,1.1185,0.5387,0.7607,0.802,0.731,0.797,0.830,0.822,0.757,0.687,0.518,4.137,1.345,4.265,0.338,1.465,3.260,1.260,1.547
default,2,2.022003,1.066875,0.609650,0.391093,0.000480,239.85,64,32,0.3,32,0.5,0.05,1.285,0.008,2.1194,1.1796,1.7505,0.2002,1.0600,1.8111,0.7752,0.9668,0.826,0.653,0.779,0.824,0.750,0.843,0.896,0.612,7.586,2.759,4.944,0.961,3.337,6.518,3.181,2.584
default,28,1.063153,0.941063,0.296893,0.250295,0.000438,2330.30,64,32,0.3,32,0.5,0.05,0.681,0.114,1.3320,0.6558,1.3187,0.1409,0.5199,1.1536,0.4949,0.6987,0.828,0.576,0.830,0.403,0.740,0.832,0.687,0.503,4.311,1.242,4.116,0.288,1.305,4.210,1.116,1.400
default,3,1.829729,0.729651,0.516124,0.330716,0.000640,344.38,64,32,0.3,32,0.5,0.05,1.067,0.057,1.9887,0.7061,1.5625,0.1544,1.0878,1.4021,0.7042,0.8181,0.801,0.808,0.835,0.874,0.806,0.840,0.753,0.706,6.382,2.177,4.943,0.676,2.901,5.507,2.314,2.054
default,29,1.048837,0.730906,0.295538,0.237504,0.000433,2421.24,64,32,0.3,32,0.5,0.05,0.638,0.112,1.3692,0.5233,1.3877,0.0897,0.5272,1.2232,0.5040,0.5626,0.774,0.769,0.687,0.597,0.748,0.741,0.761,0.702,4.002,1.300,3.531,0.281,1.284,3.722,1.241,1.341
default,4,1.680854,0.725252,0.479582,0.316116,0.000800,437.98,64,32,0.3,32,0.5,0.05,0.962,0.073,1.9110,0.6853,1.5403,0.1663,0.9369,1.4014,0.7013,0.6956,0.808,0.854,0.773,0.691,0.714,0.790,0.775,0.734,6.278,2.167,4.598,0.566,2.599,4.296,2.173,1.805
default,30,1.034954,0.879171,0.293176,0.254665,0.000427,2517.01,64,32,0.3,32,0.5,0.05,0.653,0.105,1.3429,0.6227,1.4780,0.1302,0.5126,1.1742,0.5350,0.6845,0.726,0.587,0.747,0.266,0.808,0.744,0.605,0.485,3.809,1.165,4.336,0.333,1.408,3.598,1.027,1.295
default,5,1.583593,0.727142,0.433128,0.351209,0.000800,517.29,64,32,0.3,32,0.5,0.05,1.022,0.080,1.9031,0.6370,1.4579,0.1202,1.8398,1.3047,0.8172,0.8012,0.810,0.733,0.813,0.744,0.534,0.865,0.662,0.645,6.025,1.715,4.664,0.505,3.106,5.135,2.151,2.757
default,31,1.045416,0.848374,0.291470,0.256863,0.000422,2601.51,64,32,0.3,32,0.5,0.05,0.658,0.112,1.3957,0.8257,1.3762,0.0508,0.5545,1.1469,0.6419,0.7170,0.756,0.413,0.793,0.916,0.707,0.808,0.565,0.473,3.693,1.315,4.071,0.293,1.383,3.746,1.194,1.441
default,6,1.507379,1.013866,0.406738,0.311655,0.000800,601.17,64,32,0.3,32,0.5,0.05,0.969,0.094,1.7508,0.7719,1.3603,0.1360,1.1206,1.2908,0.5686,0.8869,0.863,0.443,0.883,0.876,0.489,0.868,0.895,0.707,6.790,1.656,5.125,0.413,2.051,5.009,2.165,2.231
default,32,1.019157,0.760655,0.290231,0.240774,0.000416,2672.48,64,32,0.3,32,0.5,0.05,0.616,0.111,1.3220,0.5272,1.5229,0.0579,0.5017,1.2834,0.5207,0.6248,0.703,0.700,0.668,0.756,0.814,0.614,0.583,0.558,3.663,1.135,4.032,0.273,1.358,3.397,0.971,1.295
default,7,1.460289,0.856293,0.392586,0.293161,0.000800,684.48,64,32,0.3,32,0.5,0.05,0.832,0.106,1.9163,0.7201,1.5426,0.1081,0.7527,1.2795,0.6122,0.7018,0.684,0.696,0.718,0.830,0.842,0.810,0.846,0.747,4.821,2.117,4.328,0.343,2.220,4.044,1.713,1.851
default,33,1.004319,0.745221,0.288332,0.235641,0.000410,2756.97,64,32,0.3,32,0.5,0.05,0.661,0.110,1.3538,0.6003,1.2997,0.0639,0.5705,1.1073,0.5685,0.5923,0.782,0.694,0.780,0.716,0.757,0.819,0.656,0.722,4.109,1.233,3.878,0.268,1.450,3.766,1.179,1.470
default,8,1.457676,0.678262,0.380956,0.304682,0.000800,755.00,64,32,0.3,32,0.5,0.05,0.819,0.095,1.6445,0.8285,1.5460,0.0755,0.7234,1.2644,1.0189,0.7773,0.722,0.678,0.819,0.915,0.843,0.769,0.406,0.604,4.375,2.180,4.887,0.393,2.060,3.790,1.665,1.612
default,34,1.000101,0.959866,0.285338,0.233807,0.000404,2826.40,64,32,0.3,32,0.5,0.05,0.743,0.113,1.3209,0.6544,1.2938,0.0579,0.5174,1.2004,0.4990,0.5943,0.835,0.609,0.845,0.855,0.835,0.866,0.799,0.733,4.607,1.353,4.491,0.255,1.492,4.405,1.363,1.716
default,9,1.400621,0.664770,0.363404,0.267894,0.000800,824.65,64,32,0.3,32,0.5,0.05,0.750,0.086,1.5921,0.6008,1.2971,0.1374,0.7350,1.2229,0.5471,0.6842,0.733,0.782,0.840,0.640,0.701,0.754,0.774,0.637,4.380,1.600,4.441,0.450,1.751,3.670,1.385,1.461
default,35,1.001692,0.927339,0.286711,0.242997,0.000398,2905.19,64,32,0.3,32,0.5,0.05,0.648,0.109,1.3653,0.5184,1.5112,0.0728,0.5944,1.2574,0.4958,0.5662,0.703,0.741,0.701,0.680,0.718,0.663,0.786,0.780,3.644,1.181,3.768,0.296,1.534,3.472,1.265,1.594
default,10,1.351351,0.705826,0.356355,0.254431,0.000800,905.32,64,32,0.3,32,0.5,0.05,0.775,0.104,1.5934,0.5792,1.3107,0.0717,0.6318,1.1965,0.6544,0.6285,0.799,0.792,0.755,0.894,0.872,0.830,0.635,0.802,4.994,1.679,3.740,0.347,2.070,4.264,1.306,1.723
default,36,0.979665,0.697301,0.286068,0.234695,0.000392,2980.28,64,32,0.3,32,0.5,0.05,0.593,0.117,1.4348,0.5723,1.2713,0.0444,0.5984,1.1039,0.5204,0.6545,0.704,0.668,0.770,0.889,0.614,0.770,0.581,0.510,3.904,1.151,3.505,0.218,1.300,3.341,0.989,1.294
default,11,1.350220,0.643892,0.352575,0.257971,0.000800,977.92,64,32,0.3,32,0.5,0.05,0.809,0.109,1.5622,0.6546,1.5441,0.0616,0.6160,1.1841,0.5475,0.6357,0.809,0.660,0.721,0.914,0.846,0.813,0.781,0.763,5.002,1.459,5.642,0.320,1.847,3.944,1.426,1.658
default,37,0.968512,0.869049,0.281444,0.230318,0.000385,3054.45,64,32,0.3,32,0.5,0.05,0.578,0.114,1.3869,0.5203,1.3645,0.0476,0.5571,1.1875,0.4997,0.5523,0.701,0.731,0.669,0.868,0.736,0.676,0.781,0.737,3.282,1.157,3.214,0.251,1.318,3.116,1.260,1.352
default,12,1.313887,0.760035,0.344049,0.254839,0.000800,1054.91,64,32,0.3,32,0.5,0.05,0.783,0.102,1.6041,0.5672,1.3634,0.1235,0.6164,1.1766,0.5114,0.6012,0.748,0.794,0.822,0.359,0.852,0.802,0.790,0.846,4.567,1.559,4.560,0.338,1.854,4.050,1.397,1.987
default,38,0.946803,0.790798,0.276659,0.224928,0.000379,3141.73,64,32,0.3,32,0.5,0.05,0.584,0.115,1.3715,0.5290,1.3126,0.0484,0.5127,1.1425,0.4896,0.5603,0.695,0.662,0.742,0.881,0.789,0.730,0.751,0.689,3.665,1.048,3.442,0.241,1.280,3.312,1.076,1.279
default,13,1.296793,0.658427,0.341213,0.282864,0.000800,1139.68,64,32,0.3,32,0.5,0.05,0.721,0.113,1.7698,0.9662,1.4745,0.0623,0.6202,1.1833,0.7537,0.5997,0.740,0.570,0.649,0.857,0.824,0.764,0.473,0.762,4.909,1.930,3.580,0.277,1.874,3.419,1.296,1.550
default,39,0.945585,0.818309,0.277230,0.240108,0.000372,3214.80,64,32,0.3,32,0.5,0.05,0.610,0.114,1.4415,0.5311,1.4948,0.0661,0.5545,1.1923,0.5005,0.5600,0.618,0.718,0.611,0.660,0.649,0.709,0.749,0.688,3.475,1.173,3.676,0.260,1.263,3.698,1.137,1.276
default,14,1.279555,0.721794,0.337651,0.257613,0.000799,1215.19,64,32,0.3,32,0.5,0.05,0.761,0.111,1.5364,0.5602,1.6762,0.0539,0.5851,1.2885,0.5035,0.6523,0.734,0.903,0.674,0.920,0.872,0.636,0.776,0.664,4.111,1.921,4.784,0.292,1.943,3.779,1.358,1.577
default,40,0.973120,0.979035,0.280790,0.251352,0.000365,3298.88,64,32,0.3,32,0.5,0.05,0.683,0.107,1.3650,0.6975,1.5332,0.0701,0.5225,1.2750,0.5209,0.6044,0.759,0.499,0.728,0.762,0.820,0.717,0.804,0.707,3.812,1.138,4.587,0.336,1.456,3.582,1.324,1.459
default,15,1.250423,0.646671,0.330013,0.260416,0.000799,1297.63,64,32,0.3,32,0.5,0.05,0.775,0.106,1.5306,0.8322,1.3708,0.0547,0.6445,1.2169,0.5980,0.5923,0.819,0.536,0.748,0.899,0.921,0.853,0.843,0.717,4.807,1.567,4.212,0.322,2.098,4.152,1.686,1.347
default,41,0.932222,1.096795,0.276045,0.239058,0.000359,3384.04,64,32,0.3,32,0.5,0.05,0.668,0.106,1.3650,0.6232,1.3884,0.0668,0.4860,1.2459,0.5239,0.5825,0.749,0.569,0.795,0.808,0.833,0.748,0.733,0.740,3.605,1.132,4.051,0.386,1.462,3.765,1.192,1.508
default,16,1.268332,0.670629,0.331604,0.252234,0.000799,1380.93,64,32,0.3,32,0.5,0.05,0.797,0.113,1.4995,0.5777,1.3765,0.0595,0.5567,1.2263,0.5440,0.7917,0.790,0.915,0.845,0.766,0.892,0.788,0.700,0.576,4.431,2.357,4.790,0.271,2.037,3.735,1.213,1.882
default,42,0.911026,0.965403,0.276482,0.229977,0.000352,3467.36,64,32,0.3,32,0.5,0.05,0.659,0.111,1.3279,0.5451,1.3318,0.0714,0.4961,1.1819,0.4891,0.5819,0.771,0.680,0.801,0.694,0.806,0.779,0.761,0.780,3.809,1.208,3.947,0.314,1.312,3.612,1.205,1.676
default,17,1.249086,0.717537,0.332718,0.247936,0.000799,1463.88,64,32,0.3,32,0.5,0.05,0.851,0.107,1.6025,0.5869,1.2594,0.0740,0.6627,1.1833,0.5133,0.6200,0.788,0.875,0.886,0.680,0.949,0.853,0.794,0.840,4.806,2.091,4.950,0.311,2.499,4.161,1.346,1.921
default,43,0.908156,1.140570,0.272041,0.250699,0.000345,3545.22,64,32,0.3,32,0.5,0.05,0.670,0.105,1.3832,0.7171,1.4351,0.0757,0.4970,1.3558,0.5068,0.5942,0.671,0.444,0.775,0.773,0.840,0.662,0.771,0.669,3.671,1.148,4.176,0.392,1.494,3.645,1.233,1.395
default,18,1.268983,0.611652,0.330702,0.260024,0.000799,1540.88,64,32,0.3,32,0.5,0.05,0.673,0.109,1.5151,0.6548,1.2916,0.0471,0.7243,1.1737,0.6193,0.7860,0.680,0.774,0.717,0.954,0.797,0.675,0.728,0.473,3.581,1.693,3.797,0.300,1.852,3.314,1.326,1.394
default,44,0.895813,1.021567,0.272637,0.236974,0.000337,3629.73,64,32,0.3,32,0.5,0.05,0.689,0.112,1.3185,0.5469,1.3677,0.0686,0.5197,1.2346,0.5129,0.6359,0.777,0.703,0.841,0.696,0.763,0.787,0.784,0.687,3.827,1.243,4.580,0.297,1.336,3.855,1.292,1.572
default,19,1.175103,0.715097,0.320099,0.263765,0.000799,1625.21,64,32,0.3,32,0.5,0.05,0.709,0.111,1.4614,0.6883,1.2308,0.0451,0.8503,1.4308,0.5861,0.6336,0.779,0.653,0.827,0.953,0.641,0.654,0.762,0.690,4.329,1.510,4.038,0.283,1.811,3.648,1.419,1.447
default,45,0.892591,1.044340,0.269042,0.252732,0.000330,3717.28,64,32,0.3,32,0.5,0.05,0.682,0.112,1.3499,0.6585,1.4104,0.0649,0.5533,1.2817,0.5235,0.7578,0.760,0.616,0.751,0.689,0.769,0.731,0.707,0.497,3.836,1.314,4.243,0.282,1.460,3.904,1.164,1.608
default,20,1.195246,0.633285,0.321588,0.233111,0.000798,1718.52,64,32,0.3,32,0.5,0.05,0.733,0.115,1.4702,0.5449,1.2939,0.0418,0.5947,1.1658,0.5051,0.5844,0.726,0.827,0.804,0.932,0.819,0.802,0.756,0.849,3.926,1.611,4.497,0.249,1.638,4.160,1.319,1.789
default,46,0.878185,0.983691,0.270929,0.233149,0.000323,3819.66,64,32,0.3,32,0.5,0.05,0.644,0.112,1.3471,0.5371,1.3326,0.0638,0.5155,1.2401,0.5093,0.5885,0.746,0.707,0.759,0.742,0.784,0.748,0.733,0.670,3.909,1.203,3.671,0.291,1.436,3.719,1.162,1.405
default,21,1.148742,0.669993,0.313359,0.256351,0.000798,1819.75,64,32,0.3,32,0.5,0.05,0.630,0.109,1.4806,0.5401,1.2265,0.0486,0.7058,1.1848,0.6025,0.9111,0.757,0.771,0.775,0.881,0.736,0.730,0.596,0.338,4.148,1.355,3.618,0.272,1.613,3.028,1.111,1.304
default,47,0.853059,1.062720,0.268569,0.244814,0.000316,3919.01,64,32,0.3,32,0.5,0.05,0.650,0.112,1.5433,0.5307,1.4187,0.0537,0.5247,1.3805,0.5108,0.5750,0.615,0.663,0.729,0.816,0.739,0.656,0.747,0.720,3.842,1.119,3.760,0.296,1.260,3.974,1.275,1.456
default,22,1.106471,0.584290,0.308584,0.229420,0.000798,1919.05,64,32,0.3,32,0.5,0.05,0.621,0.120,1.4479,0.5245,1.2119,0.0463,0.6184,1.1080,0.5226,0.5894,0.741,0.746,0.776,0.901,0.737,0.790,0.780,0.661,4.008,1.195,3.550,0.223,1.531,3.335,1.252,1.273
default,48,0.852170,0.922484,0.267685,0.237427,0.000308,4018.21,64,32,0.3,32,0.5,0.05,0.647,0.114,1.3581,0.5452,1.4285,0.0617,0.5167,1.2562,0.4912,0.6050,0.793,0.700,0.723,0.729,0.800,0.727,0.786,0.653,3.958,1.167,3.948,0.274,1.350,3.713,1.176,1.388
default,23,1.121151,0.654842,0.306355,0.246807,0.000798,2015.38,64,32,0.3,32,0.5,0.05,0.716,0.112,1.4504,0.6119,1.3008,0.0665,0.5615,1.1377,0.7250,0.5907,0.781,0.713,0.814,0.799,0.853,0.849,0.490,0.680,4.189,1.794,4.136,0.247,1.740,4.021,1.292,1.369
default,24,1.097705,0.857654,0.301884,0.253938,0.000797,2103.19,64,32,0.3,32,0.5,0.05,0.753,0.104,1.4461,0.6191,1.3224,0.0429,0.6345,1.4325,0.6099,0.6192,0.817,0.726,0.812,0.959,0.861,0.742,0.654,0.638,4.446,1.619,4.121,0.371,1.746,3.813,1.706,1.562
default,25,1.083376,0.651830,0.302882,0.230456,0.000797,2191.27,64,32,0.3,32,0.5,0.05,0.647,0.113,1.4518,0.5351,1.1976,0.0609,0.5666,1.1359,0.5598,0.5567,0.753,0.874,0.767,0.715,0.882,0.727,0.702,0.754,4.028,1.652,3.491,0.257,1.801,2.923,1.216,1.395
default,26,1.092190,0.705376,0.301724,0.233768,0.000797,2279.69,64,32,0.3,32,0.5,0.05,0.662,0.110,1.4409,0.5521,1.2611,0.0399,0.5332,1.1674,0.4996,0.7094,0.753,0.902,0.763,0.906,0.828,0.734,0.744,0.508,4.070,2.247,3.589,0.249,1.493,3.154,1.156,1.279
default,27,1.115763,0.604190,0.306153,0.224817,0.000796,2392.86,64,32,0.3,32,0.5,0.05,0.571,0.114,1.4002,0.5108,1.1999,0.0371,0.5318,1.1113,0.5362,0.6415,0.634,0.673,0.723,0.953,0.777,0.678,0.567,0.615,3.413,1.005,3.734,0.259,1.305,2.877,0.943,1.331
default,28,1.056973,0.840462,0.299302,0.226791,0.000796,2491.11,64,32,0.3,32,0.5,0.05,0.779,0.108,1.3786,0.5171,1.1828,0.0384,0.6299,1.1966,0.4737,0.5998,0.804,0.913,0.914,0.946,0.813,0.824,0.802,0.754,4.325,1.892,4.981,0.341,1.780,4.000,1.303,1.581
default,29,1.021385,0.657241,0.298861,0.232161,0.000796,2589.08,64,32,0.3,32,0.5,0.05,0.684,0.115,1.3698,0.5089,1.2243,0.0360,0.5583,1.0980,0.6191,0.7145,0.821,0.823,0.728,0.841,0.918,0.827,0.623,0.516,4.299,1.377,3.298,0.229,2.059,3.870,1.323,1.478
default,30,1.028282,0.958287,0.295647,0.247437,0.000795,2708.32,64,32,0.3,32,0.5,0.05,0.754,0.095,1.5156,0.5343,1.2510,0.0909,0.6174,1.1836,0.5958,0.6318,0.762,0.779,0.830,0.624,0.809,0.824,0.649,0.629,4.517,1.329,4.478,0.457,1.560,4.102,1.361,1.544
default,31,1.015051,0.726491,0.292689,0.234369,0.000795,2810.21,64,32,0.3,32,0.5,0.05,0.678,0.111,1.3783,0.5039,1.2252,0.0401,0.5262,1.2239,0.6604,0.6434,0.773,0.837,0.797,0.959,0.872,0.731,0.530,0.596,3.923,1.589,3.820,0.322,1.681,3.516,1.221,1.404
default,32,1.004703,0.691975,0.294917,0.243891,0.000795,2916.55,64,32,0.3,32,0.5,0.05,0.664,0.114,1.3399,0.5108,1.2963,0.0632,0.5870,1.3173,0.6277,0.6419,0.780,0.797,0.734,0.695,0.734,0.678,0.577,0.580,4.038,1.357,4.065,0.269,1.431,3.677,1.223,1.365
default,33,0.994356,0.663442,0.290280,0.236929,0.000794,3014.81,64,32,0.3,32,0.5,0.05,0.646,0.113,1.3535,0.8515,1.2259,0.0466,0.5288,1.0943,0.5135,0.5974,0.794,0.372,0.711,0.875,0.869,0.781,0.739,0.713,4.138,1.334,3.513,0.294,1.607,3.200,1.226,1.453
default,34,0.984906,1.284069,0.290528,0.226337,0.000794,3120.23,64,32,0.3,32,0.5,0.05,0.863,0.099,1.3029,0.5666,1.1889,0.0421,0.5440,1.2003,0.4944,0.6368,0.845,0.658,0.874,0.988,0.859,0.874,0.874,0.737,4.743,1.730,4.710,0.468,1.886,4.567,1.867,2.044
default,35,0.968494,0.721471,0.288747,0.248723,0.000793,3230.90,64,32,0.3,32,0.5,0.05,0.661,0.111,1.3821,0.7299,1.2213,0.0918,0.6316,1.1938,0.5566,0.5933,0.731,0.696,0.720,0.339,0.677,0.728,0.792,0.709,3.835,1.615,3.739,0.304,1.487,3.336,1.383,1.367
default,36,0.955751,0.635731,0.286348,0.229680,0.000793,3337.01,64,32,0.3,32,0.5,0.05,0.656,0.116,1.3607,0.6372,1.1676,0.0446,0.5999,1.1416,0.5143,0.5828,0.769,0.564,0.856,0.829,0.757,0.769,0.718,0.680,3.842,1.359,4.402,0.231,1.445,3.349,1.173,1.449
default,37,0.962244,0.753542,0.284367,0.241295,0.000792,3440.09,64,32,0.3,32,0.5,0.05,0.631,0.116,1.3055,0.5339,1.1936,0.0426,0.5552,1.4315,0.5153,0.7864,0.715,0.782,0.763,0.905,0.720,0.550,0.771,0.435,3.308,1.423,3.511,0.255,1.334,4.035,1.257,1.301
default,38,0.915655,0.761208,0.280910,0.244042,0.000792,3538.39,64,32,0.3,32,0.5,0.05,0.663,0.118,1.2897,0.6304,1.2812,0.0447,0.6263,1.1221,0.6140,0.7583,0.747,0.544,0.734,0.881,0.711,0.793,0.698,0.598,3.741,1.385,3.687,0.217,1.586,3.353,1.468,1.830
default,39,0.927233,0.771834,0.280421,0.223899,0.000791,3636.24,64,32,0.3,32,0.5,0.05,0.607,0.117,1.3624,0.5021,1.1904,0.0381,0.5871,1.1844,0.4875,0.5940,0.682,0.767,0.669,0.926,0.729,0.680,0.730,0.656,3.730,1.274,3.240,0.249,1.396,3.453,1.174,1.331
default,40,0.925139,0.851456,0.282606,0.251639,0.000791,3739.56,64,32,0.3,32,0.5,0.05,0.700,0.108,1.2992,0.5951,1.4357,0.0481,0.6586,1.2515,0.6674,0.6396,0.746,0.736,0.651,0.941,0.760,0.746,0.674,0.711,3.727,1.442,3.946,0.355,1.491,3.908,1.574,1.507
default,41,0.897540,0.939731,0.277679,0.237859,0.000790,3831.08,64,32,0.3,32,0.5,0.05,0.669,0.114,1.4421,0.5197,1.2809,0.0475,0.5672,1.3630,0.4714,0.6338,0.643,0.829,0.731,0.919,0.813,0.660,0.819,0.706,3.357,1.448,3.909,0.282,1.515,3.806,1.361,1.587
default,42,0.886682,1.104212,0.276843,0.237200,0.000790,3945.80,64,32,0.3,32,0.5,0.05,0.767,0.111,1.3446,0.5597,1.2156,0.0551,0.5593,1.2348,0.5544,0.6948,0.815,0.671,0.833,0.955,0.835,0.807,0.689,0.601,4.548,1.507,4.366,0.375,1.667,4.081,1.447,1.831
default,43,0.888086,0.714564,0.280053,0.241435,0.000789,4052.67,64,32,0.3,32,0.5,0.05,0.756,0.115,1.4011,0.5963,1.2156,0.0540,0.6143,1.2535,0.5409,0.6641,0.810,0.824,0.766,0.674,0.829,0.753,0.853,0.797,4.428,1.866,3.688,0.250,1.753,3.604,1.974,2.028
default,44,0.849630,0.871683,0.275283,0.237648,0.000789,4163.36,64,32,0.3,32,0.5,0.05,0.733,0.114,1.2923,0.6093,1.2420,0.0966,0.5573,1.2272,0.5070,0.5869,0.830,0.742,0.779,0.370,0.876,0.793,0.822,0.717,4.444,1.546,3.764,0.278,1.897,3.849,1.576,1.721
default,45,0.862842,1.543188,0.276557,0.296166,0.000788,4280.61,64,32,0.3,32,0.5,0.05,0.872,0.112,1.3825,0.9527,1.6964,0.0612,0.7313,1.4586,0.8008,0.6216,0.842,0.264,0.647,0.901,0.788,0.755,0.448,0.661,4.917,1.871,4.791,0.323,2.131,4.936,1.796,1.966
default,46,0.867070,0.864342,0.274406,0.254636,0.000787,4374.36,64,32,0.3,32,0.5,0.05,0.659,0.117,1.5798,0.5621,1.2917,0.0633,0.5558,1.4691,0.4778,0.7414,0.636,0.747,0.647,0.651,0.822,0.585,0.746,0.554,3.966,1.670,3.103,0.240,1.588,3.422,1.348,1.766
default,47,0.840297,0.844776,0.270306,0.246798,0.000787,4467.93,64,32,0.3,32,0.5,0.05,0.722,0.116,1.5581,0.5604,1.2658,0.0856,0.5899,1.3447,0.5138,0.5546,0.681,0.645,0.786,0.517,0.836,0.737,0.845,0.813,4.329,1.406,4.266,0.265,1.785,3.559,1.597,1.642
default,48,0.822555,0.791621,0.269271,0.257080,0.000786,4565.59,64,32,0.3,32,0.5,0.05,0.624,0.116,1.4850,0.5534,1.3946,0.0621,0.6882,1.3252,0.5301,0.7155,0.637,0.769,0.650,0.802,0.605,0.640,0.636,0.522,3.977,1.329,3.548,0.225,1.439,3.382,1.155,1.368
default,49,0.782371,1.120908,0.267113,0.243841,0.000785,4661.76,64,32,0.3,32,0.5,0.05,0.785,0.113,1.3017,0.5333,1.1808,0.0987,0.5568,1.2285,0.5710,0.7714,0.814,0.784,0.826,0.584,0.802,0.859,0.826,0.628,4.457,1.600,4.132,0.314,1.720,4.346,1.843,1.952
default,50,0.820906,1.360529,0.269431,0.256425,0.000785,4779.95,64,32,0.3,32,0.5,0.05,0.738,0.110,1.3659,0.6004,1.3324,0.0731,0.6572,1.3197,0.6269,0.6853,0.739,0.589,0.706,0.742,0.594,0.702,0.598,0.570,4.443,1.515,4.094,0.338,1.633,3.682,1.538,1.832
default,51,0.802677,0.692683,0.267222,0.231497,0.000784,4893.94,64,32,0.3,32,0.5,0.05,0.697,0.113,1.2987,0.5145,1.1896,0.0955,0.5956,1.1851,0.4902,0.5926,0.829,0.701,0.754,0.523,0.711,0.784,0.885,0.783,4.375,1.237,3.413,0.291,1.624,3.716,1.789,1.661
default,52,0.756279,1.056020,0.263848,0.247821,0.000783,5011.01,64,32,0.3,32,0.5,0.05,0.758,0.108,1.3023,0.5240,1.3531,0.1309,0.5759,1.2255,0.5703,0.6115,0.790,0.863,0.769,0.484,0.759,0.854,0.595,0.741,4.212,1.688,3.993,0.404,1.667,4.272,1.437,1.740
default,53,0.767941,0.831800,0.267605,0.235006,0.000783,5129.46,64,32,0.3,32,0.5,0.05,0.689,0.116,1.3057,0.5310,1.3147,0.0547,0.5472,1.2500,0.6290,0.5498,0.801,0.830,0.733,0.894,0.849,0.717,0.734,0.782,4.058,1.706,3.790,0.248,1.706,3.093,1.741,1.526
default,54,0.753108,0.674556,0.265128,0.253902,0.000782,5248.14,64,32,0.3,32,0.5,0.05,0.594,0.119,1.3340,0.7376,1.3017,0.0448,0.6030,1.2029,0.7365,0.6700,0.723,0.499,0.650,0.812,0.730,0.683,0.534,0.519,3.541,1.384,3.208,0.172,1.519,2.990,1.372,1.375
default,55,0.713051,0.697598,0.263461,0.227777,0.000781,5344.60,64,32,0.3,32,0.5,0.05,0.622,0.120,1.4362,0.5089,1.2001,0.0444,0.5915,1.1919,0.4953,0.5801,0.610,0.830,0.717,0.756,0.677,0.700,0.810,0.675,3.545,1.555,3.426,0.183,1.442,3.354,1.437,1.351
default,56,0.763678,0.959604,0.260298,0.240871,0.000781,5439.00,64,32,0.3,32,0.5,0.05,0.614,0.114,1.3393,0.5108,1.4844,0.0581,0.5619,1.3113,0.5088,0.5906,0.645,0.695,0.608,0.824,0.755,0.709,0.676,0.630,3.017,1.235,3.837,0.257,1.422,3.498,1.229,1.394
default,57,0.683198,0.882160,0.257026,0.253817,0.000780,5556.33,64,32,0.3,32,0.5,0.05,0.643,0.118,1.2835,0.8834,1.3941,0.0525,0.6803,1.1432,0.5740,0.5887,0.747,0.271,0.614,0.711,0.722,0.769,0.680,0.665,3.728,1.448,3.470,0.184,1.678,3.533,1.399,1.448
default,58,0.680825,0.796622,0.254834,0.244900,0.000779,5672.27,64,32,0.3,32,0.5,0.05,0.637,0.113,1.2821,0.5071,1.3234,0.1143,0.5851,1.2324,0.5396,0.6692,0.742,0.769,0.696,0.629,0.835,0.746,0.782,0.691,3.444,1.364,3.011,0.324,1.612,3.183,1.499,1.707
default,59,0.688776,0.742119,0.256533,0.233064,0.000778,5788.22,64,32,0.3,32,0.5,0.05,0.569,0.117,1.3004,0.5178,1.1897,0.1090,0.6112,1.1429,0.5206,0.5658,0.703,0.669,0.677,0.352,0.717,0.698,0.621,0.643,3.352,1.196,3.059,0.231,1.554,3.179,0.994,1.237
default,60,0.660277,1.007624,0.254788,0.247924,0.000777,5898.05,64,32,0.3,32,0.5,0.05,0.671,0.115,1.4066,0.6060,1.2323,0.0653,0.5966,1.2041,0.5579,0.7850,0.674,0.664,0.711,0.807,0.885,0.764,0.724,0.404,3.840,1.509,3.363,0.245,2.043,3.590,1.394,1.419
default,61,0.634524,1.323448,0.247919,0.274923,0.000777,6015.08,64,32,0.3,32,0.5,0.05,0.701,0.114,1.3956,0.7887,1.3229,0.0576,0.6446,1.3299,0.8618,0.7290,0.681,0.445,0.736,0.936,0.723,0.683,0.355,0.775,3.776,1.386,3.812,0.271,1.778,3.540,1.437,2.071
default,62,0.645294,0.634861,0.251294,0.223528,0.000776,6131.16,64,32,0.3,32,0.5,0.05,0.582,0.118,1.2720,0.4832,1.2631,0.0493,0.5413,1.1501,0.4922,0.6369,0.750,0.784,0.721,0.800,0.744,0.723,0.730,0.641,3.622,1.200,3.357,0.196,1.323,3.166,1.125,1.341
default,63,0.690832,0.863766,0.246687,0.242661,0.000775,6225.97,64,32,0.3,32,0.5,0.05,0.640,0.115,1.3322,0.5062,1.3000,0.0621,0.5827,1.3660,0.5408,0.6766,0.720,0.816,0.726,0.870,0.801,0.642,0.784,0.604,3.593,1.449,3.617,0.211,1.599,3.408,1.390,1.432
default,64,0.574481,0.789643,0.241966,0.238458,0.000774,6342.96,64,32,0.3,32,0.5,0.05,0.598,0.117,1.2754,0.5195,1.2519,0.0655,0.6338,1.2299,0.5871,0.6407,0.771,0.741,0.713,0.648,0.681,0.739,0.616,0.702,3.608,1.226,3.250,0.166,1.504,3.266,1.179,1.562
default,65,0.569726,1.620523,0.242379,0.302161,0.000773,6460.24,64,32,0.3,32,0.5,0.05,0.693,0.114,1.5240,0.9216,1.4657,0.0852,0.7918,1.4369,0.7107,0.8399,0.677,0.486,0.667,0.802,0.667,0.669,0.693,0.585,3.754,1.688,3.356,0.238,1.900,3.489,1.642,1.782
default,66,0.583660,0.935549,0.239799,0.241146,0.000772,6568.74,64,32,0.3,32,0.5,0.05,0.606,0.114,1.2808,0.5309,1.2981,0.1100,0.5678,1.2865,0.5164,0.5953,0.748,0.706,0.701,0.263,0.689,0.723,0.736,0.729,3.505,1.348,3.322,0.253,1.335,3.351,1.147,1.474
default,67,0.538477,0.830470,0.234994,0.227557,0.000771,6685.73,64,32,0.3,32,0.5,0.05,0.556,0.116,1.3502,0.4984,1.2786,0.0434,0.5498,1.2302,0.5033,0.5876,0.648,0.774,0.667,0.892,0.769,0.669,0.764,0.671,3.344,1.114,3.202,0.188,1.319,3.076,1.114,1.253
default,68,0.516087,0.872149,0.228991,0.238592,0.000770,6779.25,64,32,0.3,32,0.5,0.05,0.574,0.115,1.3459,0.5126,1.3013,0.0650,0.5757,1.2578,0.5327,0.6582,0.611,0.728,0.660,0.808,0.773,0.715,0.792,0.588,2.871,1.183,3.136,0.241,1.448,3.242,1.333,1.303
default,69,0.565480,1.014498,0.232280,0.239598,0.000769,6867.21,64,32,0.3,32,0.5,0.05,0.607,0.114,1.2968,0.5330,1.3302,0.0866,0.5443,1.3356,0.5171,0.5856,0.711,0.680,0.708,0.550,0.753,0.718,0.764,0.751,3.195,1.117,3.488,0.270,1.380,3.386,1.369,1.441
default,70,0.494052,1.094120,0.230035,0.243527,0.000769,6953.60,64,32,0.3,32,0.5,0.05,0.703,0.112,1.3284,0.5938,1.3191,0.0563,0.6085,1.2547,0.5471,0.6708,0.787,0.707,0.730,0.919,0.783,0.806,0.813,0.744,4.002,1.326,3.613,0.279,1.607,4.043,1.557,1.822
default,71,0.536271,0.868162,0.230786,0.233004,0.000768,7043.00,64,32,0.3,32,0.5,0.05,0.575,0.115,1.2461,0.5949,1.2885,0.0656,0.5550,1.2331,0.5176,0.5803,0.724,0.575,0.711,0.862,0.787,0.733,0.771,0.716,3.183,1.078,3.236,0.216,1.419,3.231,1.240,1.368
default,72,0.480843,0.683186,0.226180,0.222562,0.000767,7130.75,64,32,0.3,32,0.5,0.05,0.506,0.118,1.2631,0.5071,1.1498,0.0386,0.5360,1.1120,0.5700,0.6802,0.671,0.759,0.694,0.938,0.809,0.656,0.680,0.450,3.002,1.107,2.786,0.178,1.416,2.507,1.119,1.069
default,73,0.461896,0.807494,0.222061,0.224457,0.000766,7219.59,64,32,0.3,32,0.5,0.05,0.554,0.116,1.2747,0.4786,1.2461,0.0583,0.5339,1.2396,0.4755,0.5989,0.743,0.789,0.741,0.711,0.786,0.721,0.709,0.595,3.506,1.168,3.310,0.179,1.311,3.057,0.998,1.141
default,74,0.459973,0.780762,0.220611,0.230545,0.000765,7306.74,64,32,0.3,32,0.5,0.05,0.567,0.115,1.3227,0.5022,1.2385,0.0506,0.6392,1.2157,0.5168,0.5843,0.706,0.708,0.660,0.936,0.647,0.728,0.688,0.720,3.659,1.094,2.796,0.235,1.374,3.218,1.080,1.350
default,75,0.465303,0.991509,0.217894,0.255375,0.000764,7394.73,64,32,0.3,32,0.5,0.05,0.593,0.117,1.3884,0.7105,1.2438,0.0511,0.7183,1.2471,0.5918,0.7107,0.697,0.582,0.730,0.900,0.697,0.693,0.762,0.577,3.385,1.263,3.322,0.193,1.561,3.010,1.386,1.340
default,76,0.444101,0.813893,0.217427,0.222860,0.000763,7482.13,64,32,0.3,32,0.5,0.05,0.574,0.117,1.2664,0.4933,1.2259,0.0521,0.5228,1.2539,0.4779,0.5883,0.749,0.709,0.728,0.921,0.824,0.714,0.727,0.676,3.495,1.144,3.178,0.197,1.507,3.125,1.081,1.339
default,77,0.481504,1.020455,0.221521,0.263364,0.000762,7570.33,64,32,0.3,32,0.5,0.05,0.662,0.115,1.4504,0.5103,1.8170,0.0637,0.5474,1.4154,0.5949,0.5931,0.740,0.809,0.570,0.902,0.822,0.693,0.657,0.742,4.013,1.342,3.907,0.222,1.547,3.712,1.272,1.425
default,78,0.477114,1.433022,0.216551,0.257213,0.000760,7660.56,64,32,0.3,32,0.5,0.05,0.656,0.108,1.3641,0.5556,1.4426,0.0601,0.5741,1.5082,0.6402,0.6295,0.696,0.689,0.721,0.922,0.767,0.713,0.567,0.754,3.489,1.189,3.786,0.296,1.472,3.876,1.246,1.610
default,79,0.470532,0.837901,0.219033,0.238850,0.000759,7748.54,64,32,0.3,32,0.5,0.05,0.546,0.117,1.4675,0.4964,1.3109,0.0531,0.5821,1.2725,0.5227,0.6247,0.595,0.741,0.618,0.671,0.711,0.704,0.703,0.686,3.224,1.137,2.682,0.176,1.357,3.196,1.084,1.431
default,80,0.454866,0.890709,0.216139,0.251979,0.000758,7837.28,64,32,0.3,32,0.5,0.05,0.572,0.119,1.2980,0.6706,1.2617,0.0562,0.6640,1.2500,0.5705,0.7749,0.718,0.567,0.686,0.900,0.680,0.698,0.707,0.598,3.481,1.277,2.835,0.163,1.477,2.920,1.275,1.541
default,81,0.453994,0.979542,0.213657,0.240397,0.000757,7931.81,64,32,0.3,32,0.5,0.05,0.551,0.115,1.2943,0.5033,1.3401,0.0615,0.5581,1.3813,0.5945,0.5843,0.707,0.726,0.706,0.872,0.759,0.683,0.582,0.671,3.234,1.120,3.197,0.197,1.347,3.136,1.036,1.196
default,82,0.443134,0.778777,0.213529,0.225209,0.000756,8023.21,64,32,0.3,32,0.5,0.05,0.586,0.118,1.2412,0.4677,1.1459,0.0839,0.5313,1.2019,0.4969,0.6528,0.782,0.843,0.755,0.327,0.830,0.726,0.800,0.621,3.666,1.331,3.169,0.167,1.558,2.913,1.233,1.380
default,83,0.392404,1.244867,0.211055,0.258313,0.000755,8115.10,64,32,0.3,32,0.5,0.05,0.623,0.112,1.2570,0.5318,1.3736,0.0695,0.5945,1.5867,0.6446,0.6848,0.783,0.693,0.730,0.736,0.756,0.583,0.761,0.600,3.946,1.042,3.439,0.230,1.412,3.592,1.382,1.367
default,84,0.401264,0.774730,0.213126,0.227339,0.000754,8204.34,64,32,0.3,32,0.5,0.05,0.538,0.120,1.2419,0.5165,1.2093,0.0498,0.6342,1.1598,0.5006,0.6407,0.741,0.761,0.711,0.812,0.681,0.691,0.735,0.608,3.346,1.260,2.885,0.119,1.438,2.715,1.144,1.315
default,85,0.371372,0.804839,0.204628,0.229532,0.000753,8293.76,64,32,0.3,32,0.5,0.05,0.500,0.117,1.2646,0.5299,1.1997,0.0618,0.5465,1.1633,0.4988,0.7171,0.694,0.627,0.644,0.790,0.671,0.686,0.717,0.461,3.142,1.010,2.574,0.196,1.169,2.765,1.040,1.168
default,86,0.416121,0.745907,0.210013,0.223763,0.000752,8384.18,64,32,0.3,32,0.5,0.05,0.585,0.118,1.2822,0.5088,1.2195,0.0583,0.5619,1.2311,0.4666,0.5568,0.759,0.835,0.703,0.759,0.806,0.735,0.810,0.704,3.674,1.475,2.844,0.190,1.526,2.994,1.252,1.342
default,87,0.345391,0.731419,0.202159,0.212820,0.000750,8479.66,64,32,0.3,32,0.5,0.05,0.548,0.117,1.2470,0.4692,1.1776,0.0422,0.5150,1.1509,0.4839,0.5518,0.749,0.769,0.703,0.939,0.775,0.741,0.770,0.678,3.469,1.134,2.858,0.199,1.288,3.071,1.165,1.193
default,88,0.338559,0.678797,0.198159,0.218427,0.000749,8584.28,64,32,0.3,32,0.5,0.05,0.537,0.120,1.2515,0.4888,1.1467,0.0702,0.4977,1.1601,0.5130,0.5687,0.730,0.757,0.694,0.395,0.830,0.750,0.643,0.767,3.221,1.134,2.774,0.151,1.399,3.019,1.018,1.413
default,89,0.336060,0.775583,0.196828,0.234697,0.000748,8680.55,64,32,0.3,32,0.5,0.05,0.563,0.119,1.3383,0.4764,1.3340,0.0398,0.5145,1.2368,0.6083,0.6725,0.726,0.795,0.650,0.895,0.764,0.674,0.635,0.663,3.619,1.169,3.169,0.153,1.311,2.835,1.167,1.459
default,90,0.345498,0.899723,0.200842,0.245732,0.000747,8798.69,64,32,0.3,32,0.5,0.05,0.516,0.115,1.5183,0.5185,1.3150,0.0586,0.5119,1.4459,0.4797,0.6819,0.538,0.727,0.651,0.888,0.777,0.550,0.735,0.472,3.137,1.163,2.821,0.214,1.270,2.528,1.089,1.166
default,91,0.340614,0.786510,0.201455,0.219434,0.000746,8907.90,64,32,0.3,32,0.5,0.05,0.520,0.117,1.2876,0.4817,1.2278,0.0472,0.5040,1.2041,0.4929,0.5666,0.682,0.726,0.680,0.935,0.779,0.693,0.746,0.701,3.212,1.002,2.778,0.205,1.246,2.791,1.101,1.225
default,92,0.343546,0.812406,0.197771,0.248477,0.000744,9006.47,64,32,0.3,32,0.5,0.05,0.497,0.118,1.3545,0.4893,1.2953,0.0608,0.6542,1.2177,0.7462,0.6572,0.598,0.762,0.605,0.841,0.565,0.674,0.393,0.580,2.884,1.083,2.631,0.164,1.254,2.780,1.025,1.183
default,93,0.377084,1.237185,0.201393,0.261179,0.000743,9104.11,64,32,0.3,32,0.5,0.05,0.525,0.114,1.4065,0.5819,1.4294,0.1140,0.5640,1.4089,0.5653,0.6577,0.601,0.665,0.642,0.227,0.726,0.643,0.609,0.592,3.172,1.096,2.862,0.208,1.246,2.843,0.958,1.296
default,94,0.350076,0.821149,0.197679,0.230029,0.000742,9201.50,64,32,0.3,32,0.5,0.05,0.505,0.119,1.2704,0.5454,1.2286,0.0588,0.5337,1.2375,0.5897,0.5629,0.762,0.688,0.628,0.355,0.717,0.686,0.596,0.700,3.569,1.099,2.450,0.138,1.166,2.694,1.035,1.265
default,95,0.332142,0.940590,0.196058,0.246116,0.000740,9307.89,64,32,0.3,32,0.5,0.05,0.587,0.115,1.2779,0.4961,1.3504,0.0642,0.5996,1.3381,0.6332,0.6662,0.779,0.741,0.720,0.910,0.581,0.747,0.637,0.472,3.620,1.221,3.155,0.223,1.290,3.285,1.312,1.254
default,96,0.334151,0.904576,0.194691,0.241747,0.000739,9428.64,64,32,0.3,32,0.5,0.05,0.482,0.121,1.3925,0.5312,1.3044,0.0471,0.5663,1.3215,0.5715,0.6593,0.583,0.686,0.584,0.839,0.688,0.598,0.629,0.598,3.136,1.021,2.587,0.114,1.150,2.578,1.034,1.186
default,97,0.315618,0.734337,0.192238,0.234469,0.000738,9541.14,64,32,0.3,32,0.5,0.05,0.535,0.118,1.2860,0.5271,1.1933,0.0443,0.5529,1.2272,0.7125,0.6136,0.720,0.763,0.670,0.900,0.671,0.704,0.633,0.610,3.240,1.240,2.684,0.171,1.215,2.857,1.352,1.233
default,98,0.297643,0.972985,0.187150,0.239374,0.000737,9655.65,64,32,0.3,32,0.5,0.05,0.509,0.118,1.2720,0.5631,1.2749,0.0670,0.6093,1.3673,0.5221,0.5806,0.693,0.636,0.660,0.799,0.826,0.609,0.680,0.680,3.138,0.979,2.759,0.152,1.515,2.574,1.016,1.219
default,99,0.323327,0.861963,0.193250,0.235568,0.000735,9775.14,64,32,0.3,32,0.5,0.05,0.501,0.118,1.3096,0.4700,1.2795,0.0595,0.6215,1.3228,0.4840,0.6427,0.684,0.760,0.618,0.839,0.545,0.693,0.777,0.531,3.050,1.085,2.450,0.142,1.206,2.874,1.153,1.212
default,100,0.294767,1.089240,0.188671,0.257933,0.000734,9895.29,64,32,0.3,32,0.5,0.05,0.581,0.116,1.5214,0.5944,1.3196,0.0907,0.5688,1.3133,0.5820,0.7137,0.633,0.627,0.671,0.183,0.750,0.701,0.682,0.453,3.856,1.148,3.344,0.205,1.302,3.341,1.081,1.136
default,101,0.306049,0.899801,0.185612,0.241656,0.000733,9998.55,64,32,0.3,32,0.5,0.05,0.486,0.119,1.3752,0.7020,1.3221,0.0439,0.5844,1.2461,0.5177,0.5910,0.591,0.370,0.565,0.907,0.620,0.614,0.747,0.602,3.104,0.940,2.702,0.172,1.127,2.551,1.071,1.106
default,102,0.307199,0.854111,0.188788,0.222446,0.000731,10103.24,64,32,0.3,32,0.5,0.05,0.502,0.118,1.2805,0.5137,1.1897,0.0426,0.5259,1.2030,0.5130,0.6113,0.687,0.776,0.696,0.927,0.718,0.661,0.743,0.548,3.043,1.173,2.753,0.157,1.241,2.574,1.098,1.121
default,103,0.302879,0.877951,0.183708,0.239521,0.000730,10200.26,64,32,0.3,32,0.5,0.05,0.513,0.117,1.4263,0.5575,1.3474,0.0544,0.5599,1.3192,0.5173,0.5654,0.616,0.667,0.595,0.827,0.717,0.633,0.661,0.689,3.268,1.053,2.872,0.168,1.256,2.639,1.010,1.223
default,104,0.299127,0.815226,0.187430,0.231317,0.000728,10315.57,64,32,0.3,32,0.5,0.05,0.506,0.119,1.2631,0.5408,1.1788,0.0759,0.5937,1.1726,0.5529,0.6092,0.706,0.693,0.665,0.578,0.647,0.696,0.718,0.662,3.095,1.038,2.642,0.160,1.223,2.736,1.095,1.290
default,105,0.282648,0.915408,0.183811,0.243772,0.000727,10413.48,64,32,0.3,32,0.5,0.05,0.518,0.117,1.2956,0.6164,1.3198,0.0761,0.5247,1.3201,0.6185,0.5735,0.678,0.624,0.647,0.412,0.706,0.656,0.561,0.749,3.125,1.137,2.797,0.160,1.156,2.736,1.079,1.404
default,106,0.277698,0.855477,0.184663,0.235705,0.000726,10521.34,64,32,0.3,32,0.5,0.05,0.493,0.118,1.2878,0.5286,1.2887,0.0523,0.5727,1.3689,0.5345,0.5832,0.676,0.660,0.655,0.821,0.645,0.624,0.709,0.645,3.150,1.043,2.566,0.122,1.190,2.697,1.123,1.173
default,107,0.272149,0.766641,0.185166,0.229429,0.000724,10640.65,64,32,0.3,32,0.5,0.05,0.522,0.119,1.2774,0.4771,1.1967,0.0616,0.5581,1.3380,0.5646,0.5500,0.716,0.761,0.671,0.349,0.759,0.600,0.743,0.617,3.237,1.098,2.663,0.122,1.473,2.767,1.321,1.102
default,108,0.271469,0.893374,0.179961,0.230912,0.000723,10759.95,64,32,0.3,32,0.5,0.05,0.497,0.117,1.2527,0.4545,1.2211,0.0684,0.5099,1.2410,0.5459,0.7216,0.721,0.763,0.658,0.318,0.731,0.676,0.568,0.466,3.227,1.059,2.659,0.137,1.127,2.597,1.029,1.303
default,109,0.294218,0.828689,0.186643,0.220559,0.000721,10868.63,64,32,0.3,32,0.5,0.05,0.516,0.117,1.2655,0.5137,1.1770,0.0502,0.4990,1.2091,0.4847,0.6141,0.709,0.694,0.642,0.902,0.817,0.698,0.774,0.683,3.117,1.009,2.506,0.181,1.392,2.751,1.156,1.320
default,110,0.271445,0.855375,0.179022,0.226371,0.000720,10972.59,64,32,0.3,32,0.5,0.05,0.462,0.118,1.2745,0.4851,1.2181,0.0885,0.5017,1.2302,0.5249,0.5488,0.621,0.706,0.612,0.181,0.751,0.637,0.605,0.650,2.689,1.062,2.363,0.170,1.213,2.422,0.965,1.109
default,111,0.282177,0.906782,0.183234,0.239652,0.000718,11084.92,64,32,0.3,32,0.5,0.05,0.562,0.117,1.3375,0.5653,1.2731,0.0751,0.5521,1.3909,0.4847,0.5929,0.676,0.609,0.693,0.697,0.819,0.663,0.762,0.634,3.192,1.105,3.243,0.190,1.471,3.136,1.154,1.232
default,112,0.250327,0.975705,0.175866,0.237490,0.000717,11200.58,64,32,0.3,32,0.5,0.05,0.513,0.117,1.2822,0.5144,1.3537,0.0800,0.5304,1.3545,0.4895,0.5961,0.680,0.716,0.678,0.316,0.804,0.662,0.759,0.621,3.093,1.090,2.808,0.140,1.390,2.671,1.146,1.167
default,113,0.264605,0.810379,0.175348,0.225295,0.000715,11313.12,64,32,0.3,32,0.5,0.05,0.488,0.122,1.2568,0.5310,1.1938,0.0612,0.5082,1.1852,0.4839,0.6695,0.701,0.590,0.648,0.367,0.734,0.680,0.686,0.528,3.280,0.890,2.586,0.162,1.123,2.856,0.940,1.105
default,114,0.272386,0.800605,0.180024,0.230818,0.000714,11432.51,64,32,0.3,32,0.5,0.05,0.453,0.125,1.2858,0.5040,1.2294,0.0530,0.4928,1.2767,0.6912,0.5406,0.642,0.670,0.610,0.882,0.711,0.587,0.306,0.686,2.795,0.932,2.438,0.168,1.078,2.462,0.811,1.159
default,115,0.278634,0.927765,0.177360,0.231244,0.000712,11555.66,64,32,0.3,32,0.5,0.05,0.531,0.117,1.2989,0.5121,1.2233,0.0798,0.5331,1.2553,0.5265,0.5880,0.676,0.751,0.709,0.709,0.744,0.696,0.714,0.708,3.113,1.120,3.051,0.177,1.251,2.814,1.097,1.292
default,116,0.240446,0.710738,0.174136,0.217134,0.000711,11678.06,64,32,0.3,32,0.5,0.05,0.482,0.120,1.2797,0.5644,1.1670,0.0465,0.4972,1.1493,0.4808,0.5503,0.678,0.563,0.635,0.894,0.720,0.700,0.746,0.694,2.935,1.039,2.414,0.151,1.138,2.678,1.059,1.222
default,117,0.240618,0.847585,0.173604,0.238242,0.000709,11804.68,64,32,0.3,32,0.5,0.05,0.569,0.118,1.3012,0.5096,1.2326,0.1042,0.5461,1.1704,0.5201,0.7164,0.756,0.807,0.702,0.216,0.720,0.744,0.743,0.450,3.662,1.292,3.002,0.182,1.312,3.031,1.174,1.338
default,118,0.233076,0.880177,0.168983,0.233944,0.000708,11928.47,64,32,0.3,32,0.5,0.05,0.461,0.118,1.3725,0.5327,1.2708,0.0478,0.5472,1.2531,0.5309,0.6321,0.575,0.691,0.582,0.900,0.750,0.624,0.641,0.568,2.806,0.978,2.354,0.154,1.228,2.489,0.907,1.140
default,119,0.226259,0.793390,0.167015,0.229376,0.000706,12057.56,64,32,0.3,32,0.5,0.05,0.508,0.119,1.4177,0.4549,1.2960,0.0434,0.4916,1.2299,0.6079,0.5695,0.681,0.843,0.643,0.837,0.757,0.681,0.609,0.663,3.419,1.198,2.621,0.120,1.175,2.636,1.119,1.211
default,120,0.238388,0.959080,0.170586,0.250944,0.000704,12187.57,64,32,0.3,32,0.5,0.05,0.613,0.118,1.4246,0.5474,1.4267,0.0825,0.6300,1.2733,0.5579,0.6022,0.704,0.760,0.645,0.402,0.781,0.746,0.756,0.740,3.732,1.181,3.341,0.170,1.550,3.454,1.296,1.473
default,121,0.241951,0.782614,0.172031,0.222699,0.000703,12310.94,64,32,0.3,32,0.5,0.05,0.445,0.119,1.2492,0.5473,1.1779,0.0623,0.5161,1.1926,0.5177,0.5620,0.627,0.592,0.611,0.622,0.684,0.621,0.690,0.625,2.712,0.912,2.307,0.148,1.071,2.380,1.018,1.106
default,122,0.267788,0.933258,0.176153,0.231334,0.000701,12433.20,64,32,0.3,32,0.5,0.05,0.528,0.118,1.3184,0.5546,1.2420,0.0509,0.5568,1.2530,0.5258,0.5951,0.723,0.629,0.642,0.850,0.761,0.722,0.770,0.687,3.431,1.009,2.576,0.149,1.306,3.026,1.197,1.261
default,123,0.240305,0.769944,0.173568,0.223993,0.000700,12556.48,64,32,0.3,32,0.5,0.05,0.519,0.120,1.2445,0.5638,1.1637,0.0566,0.5166,1.1675,0.5680,0.5775,0.744,0.604,0.671,0.761,0.757,0.724,0.640,0.796,3.442,1.016,2.561,0.128,1.205,2.819,1.068,1.529
default,124,0.251882,0.843256,0.168738,0.230247,0.000698,12672.09,64,32,0.3,32,0.5,0.05,0.475,0.119,1.3110,0.4811,1.2705,0.0563,0.5424,1.2355,0.5820,0.5798,0.677,0.702,0.627,0.908,0.674,0.638,0.562,0.627,3.149,0.999,2.538,0.144,1.101,2.475,1.001,1.151
default,125,0.267479,1.060066,0.174285,0.255453,0.000696,12794.03,64,32,0.3,32,0.5,0.05,0.506,0.116,1.3205,0.5848,1.3405,0.0731,0.6558,1.3207,0.6587,0.6710,0.649,0.676,0.624,0.608,0.580,0.678,0.603,0.660,2.888,1.057,2.593,0.175,1.200,2.770,1.125,1.347
default,126,0.302584,0.844178,0.177032,0.231829,0.000695,12915.95,64,32,0.3,32,0.5,0.05,0.536,0.118,1.2944,0.5861,1.2210,0.0537,0.5630,1.2247,0.5703,0.5702,0.724,0.604,0.687,0.723,0.594,0.690,0.832,0.688,3.319,1.100,2.805,0.134,1.192,2.792,1.499,1.290
default,127,0.245417,0.795910,0.168896,0.222247,0.000693,13026.16,64,32,0.3,32,0.5,0.05,0.485,0.118,1.2566,0.4758,1.2159,0.0560,0.5454,1.2551,0.4853,0.5619,0.674,0.787,0.641,0.913,0.728,0.670,0.773,0.734,2.892,1.097,2.404,0.139,1.226,2.492,1.124,1.314
default,128,0.230029,0.902607,0.168157,0.235752,0.000691,13144.30,64,32,0.3,32,0.5,0.05,0.492,0.116,1.3362,0.5129,1.2478,0.0997,0.5196,1.2880,0.4907,0.6024,0.634,0.744,0.607,0.496,0.645,0.638,0.743,0.614,3.021,1.132,2.406,0.206,1.119,2.504,1.108,1.241
default,129,0.226460,1.098284,0.164867,0.248318,0.000690,13263.60,64,32,0.3,32,0.5,0.05,0.450,0.119,1.3282,0.5603,1.3420,0.0630,0.6039,1.3562,0.6227,0.6230,0.615,0.695,0.549,0.722,0.653,0.603,0.582,0.614,2.699,0.996,2.286,0.162,1.108,2.388,0.966,1.106
default,130,0.238632,0.862417,0.167242,0.235881,0.000688,13391.02,64,32,0.3,32,0.5,0.05,0.470,0.118,1.3648,0.5102,1.3411,0.0778,0.5179,1.3017,0.4860,0.5842,0.629,0.671,0.563,0.563,0.727,0.622,0.678,0.642,3.006,0.956,2.389,0.169,1.147,2.544,0.925,1.173
default,131,0.216910,0.926848,0.166357,0.239453,0.000686,13504.49,64,32,0.3,32,0.5,0.05,0.464,0.118,1.2709,0.4886,1.2931,0.0757,0.6458,1.2866,0.5735,0.5877,0.648,0.721,0.617,0.691,0.497,0.676,0.464,0.668,2.836,1.027,2.442,0.145,1.094,2.551,0.885,1.221
default,132,0.201465,0.824333,0.157064,0.223046,0.000685,13613.19,64,32,0.3,32,0.5,0.05,0.469,0.120,1.3257,0.5158,1.2027,0.0471,0.5070,1.2611,0.4804,0.5745,0.620,0.693,0.645,0.847,0.713,0.687,0.722,0.737,2.774,1.001,2.423,0.100,1.073,2.712,0.990,1.348
default,133,0.216233,0.857411,0.162795,0.238362,0.000683,13692.69,64,32,0.3,32,0.5,0.05,0.482,0.120,1.3908,0.4947,1.2272,0.0920,0.5356,1.3071,0.5297,0.6156,0.627,0.753,0.656,0.325,0.669,0.633,0.697,0.617,3.126,1.036,2.631,0.128,1.068,2.567,1.038,1.187
default,134,0.262698,0.885829,0.159857,0.227142,0.000681,13773.70,64,32,0.3,32,0.5,0.05,0.464,0.118,1.2626,0.6275,1.2089,0.0460,0.5267,1.2352,0.5074,0.5705,0.650,0.544,0.631,0.833,0.691,0.592,0.657,0.690,2.835,1.009,2.415,0.145,1.090,2.456,0.952,1.270
default,135,0.224667,0.784521,0.161526,0.219761,0.000679,13863.91,64,32,0.3,32,0.5,0.05,0.441,0.119,1.2651,0.4691,1.1890,0.0485,0.5290,1.2015,0.5027,0.5941,0.622,0.702,0.610,0.828,0.689,0.577,0.637,0.610,2.740,1.048,2.328,0.113,1.135,2.170,0.929,1.147
default,136,0.215343,0.841015,0.161806,0.237906,0.000678,13950.16,64,32,0.3,32,0.5,0.05,0.431,0.120,1.3467,0.4950,1.3246,0.0576,0.5762,1.2781,0.5758,0.6071,0.589,0.673,0.545,0.833,0.682,0.630,0.561,0.550,2.590,0.886,2.186,0.108,1.140,2.478,0.925,1.065
default,137,0.208189,0.753145,0.157416,0.224963,0.000676,14023.53,64,32,0.3,32,0.5,0.05,0.472,0.118,1.3036,0.5159,1.1709,0.0483,0.6068,1.2087,0.5020,0.5716,0.645,0.708,0.642,0.846,0.623,0.686,0.706,0.569,2.875,1.043,2.378,0.144,1.236,2.558,1.043,1.086
default,138,0.222455,0.836390,0.162337,0.225296,0.000674,14105.36,64,32,0.3,32,0.5,0.05,0.487,0.119,1.2901,0.4659,1.2229,0.0625,0.5064,1.2756,0.5360,0.5652,0.647,0.743,0.658,0.711,0.794,0.667,0.608,0.660,2.935,1.021,2.565,0.109,1.322,2.717,1.036,1.188
default,139,0.230388,0.899037,0.164358,0.235196,0.000672,14213.74,64,32,0.3,32,0.5,0.05,0.472,0.118,1.3286,0.5380,1.2585,0.0515,0.5280,1.2113,0.5295,0.7341,0.662,0.662,0.609,0.860,0.715,0.648,0.760,0.425,2.992,0.987,2.460,0.138,1.127,2.448,1.125,1.142
default,140,0.209026,0.731163,0.158738,0.223906,0.000671,14313.00,64,32,0.3,32,0.5,0.05,0.456,0.121,1.3595,0.5142,1.3066,0.0408,0.4799,1.2229,0.5026,0.5478,0.601,0.729,0.549,0.859,0.794,0.617,0.714,0.627,2.773,1.068,2.422,0.095,1.188,2.447,1.033,1.056
default,141,0.213633,0.853914,0.155578,0.235160,0.000669,14428.50,64,32,0.3,32,0.5,0.05,0.464,0.119,1.2916,0.5202,1.2333,0.0872,0.6027,1.2353,0.4858,0.6253,0.640,0.701,0.597,0.172,0.581,0.645,0.727,0.633,2.840,1.041,2.294,0.139,1.129,2.442,1.001,1.253
default,142,0.216828,0.808244,0.156005,0.226713,0.000667,14546.84,64,32,0.3,32,0.5,0.05,0.458,0.120,1.3735,0.5120,1.2111,0.0469,0.5153,1.2774,0.5072,0.5762,0.584,0.743,0.604,0.893,0.746,0.641,0.610,0.651,2.697,1.054,2.358,0.118,1.164,2.583,0.893,1.182
default,143,0.204956,0.968344,0.156188,0.239286,0.000665,14625.51,64,32,0.3,32,0.5,0.05,0.495,0.117,1.3430,0.5532,1.2432,0.0601,0.5626,1.2833,0.5384,0.6857,0.658,0.695,0.633,0.892,0.680,0.665,0.694,0.473,3.096,1.052,2.619,0.160,1.172,2.743,1.014,1.159
default,144,0.219487,0.692017,0.157352,0.224723,0.000663,14723.52,64,32,0.3,32,0.5,0.05,0.441,0.122,1.2738,0.5292,1.1521,0.0448,0.5656,1.1698,0.5570,0.6160,0.642,0.597,0.604,0.690,0.676,0.616,0.647,0.600,2.746,0.927,2.228,0.092,1.186,2.209,1.079,1.184
default,145,0.250759,0.769949,0.161988,0.227910,0.000661,14825.33,64,32,0.3,32,0.5,0.05,0.426,0.120,1.2762,0.5006,1.1873,0.0477,0.5753,1.1899,0.6403,0.5697,0.595,0.658,0.597,0.922,0.648,0.577,0.518,0.620,2.564,0.884,2.261,0.156,1.099,2.060,0.984,1.060
default,146,0.206843,0.753297,0.156312,0.214104,0.000660,14929.94,64,32,0.3,32,0.5,0.05,0.452,0.120,1.2576,0.4629,1.1496,0.0474,0.5037,1.1862,0.4825,0.5699,0.668,0.690,0.624,0.915,0.756,0.635,0.689,0.697,2.835,0.919,2.224,0.150,1.194,2.251,0.986,1.227
default,147,0.193115,0.847982,0.153135,0.234557,0.000658,15023.27,64,32,0.3,32,0.5,0.05,0.456,0.119,1.3118,0.5386,1.2824,0.0550,0.5304,1.2818,0.4994,0.6725,0.621,0.635,0.588,0.854,0.730,0.655,0.657,0.457,2.711,0.994,2.402,0.127,1.166,2.539,0.957,1.089
default,148,0.194966,0.750433,0.151882,0.216757,0.000656,15106.51,64,32,0.3,32,0.5,0.05,0.452,0.121,1.2684,0.4770,1.1693,0.0543,0.5106,1.1701,0.4908,0.5677,0.665,0.744,0.625,0.837,0.720,0.665,0.702,0.655,2.892,1.020,2.302,0.103,1.102,2.397,1.041,1.117
default,149,0.194903,0.801135,0.152042,0.227740,0.000654,15180.53,64,32,0.3,32,0.5,0.05,0.427,0.120,1.3102,0.4881,1.2987,0.0466,0.5474,1.2456,0.4518,0.6425,0.605,0.664,0.528,0.869,0.664,0.582,0.737,0.508,2.625,0.948,2.130,0.112,1.109,2.161,0.984,1.142
default,150,0.187774,0.873608,0.150247,0.236400,0.000652,15256.44,64,32,0.3,32,0.5,0.05,0.440,0.121,1.2660,0.5092,1.1923,0.0548,0.5138,1.2125,0.5896,0.8249,0.653,0.636,0.602,0.852,0.722,0.617,0.511,0.350,2.709,0.933,2.190,0.127,1.162,2.313,0.937,1.158
default,151,0.188468,0.752446,0.148220,0.222218,0.000650,15340.30,64,32,0.3,32,0.5,0.05,0.435,0.120,1.2907,0.4961,1.2123,0.0536,0.5159,1.2213,0.4939,0.5777,0.611,0.696,0.614,0.769,0.737,0.578,0.711,0.615,2.630,0.973,2.309,0.119,1.127,2.146,1.005,1.100
default,152,0.193046,0.904809,0.150428,0.235934,0.000648,15425.78,64,32,0.3,32,0.5,0.05,0.455,0.118,1.3204,0.5555,1.2656,0.0682,0.5143,1.3481,0.4779,0.6368,0.596,0.608,0.607,0.808,0.757,0.608,0.744,0.568,2.650,1.011,2.298,0.111,1.196,2.471,1.037,1.184
default,153,0.214668,0.868234,0.154041,0.234105,0.000646,15499.61,64,32,0.3,32,0.5,0.05,0.440,0.119,1.3673,0.5276,1.2581,0.0534,0.5744,1.2561,0.5315,0.6052,0.584,0.645,0.621,0.885,0.624,0.614,0.634,0.623,2.631,0.883,2.442,0.134,1.085,2.334,0.918,1.120
default,154,0.208193,0.786879,0.153479,0.223783,0.000644,15605.89,64,32,0.3,32,0.5,0.05,0.472,0.120,1.3159,0.4783,1.2435,0.0511,0.5278,1.2249,0.4965,0.5801,0.643,0.747,0.612,0.833,0.718,0.645,0.677,0.729,2.940,1.066,2.340,0.097,1.185,2.495,1.000,1.366
default,155,0.271329,0.793468,0.165816,0.232127,0.000643,15704.47,64,32,0.3,32,0.5,0.05,0.438,0.121,1.4224,0.5167,1.2905,0.0476,0.5233,1.2329,0.5318,0.5987,0.557,0.735,0.564,0.807,0.729,0.584,0.655,0.665,2.790,1.026,2.282,0.102,1.107,2.140,0.968,1.152
default,156,0.245045,0.801401,0.163779,0.226170,0.000641,15797.88,64,32,0.3,32,0.5,0.05,0.435,0.120,1.3442,0.4932,1.2796,0.0470,0.5053,1.2615,0.4843,0.5922,0.584,0.707,0.550,0.795,0.695,0.600,0.727,0.550,2.663,0.987,2.250,0.108,1.060,2.330,1.039,1.035
default,157,0.207082,0.845161,0.153651,0.241357,0.000639,15904.90,64,32,0.3,32,0.5,0.05,0.440,0.120,1.3965,0.4899,1.3027,0.0603,0.5963,1.3326,0.5658,0.6127,0.577,0.694,0.575,0.814,0.671,0.633,0.552,0.468,2.721,0.963,2.235,0.099,1.222,2.464,0.958,1.002
default,158,0.218067,0.808166,0.155522,0.228571,0.000637,16008.45,64,32,0.3,32,0.5,0.05,0.465,0.122,1.3175,0.4945,1.2473,0.0486,0.5205,1.1921,0.6184,0.5886,0.616,0.637,0.618,0.889,0.718,0.649,0.563,0.618,2.816,0.889,2.596,0.125,1.160,2.485,1.046,1.144
default,159,0.190985,0.826952,0.149362,0.221776,0.000635,16081.31,64,32,0.3,32,0.5,0.05,0.468,0.118,1.2656,0.4956,1.2622,0.0459,0.4994,1.2908,0.4771,0.5504,0.636,0.715,0.628,0.861,0.742,0.602,0.701,0.714,2.721,1.019,2.535,0.143,1.192,2.351,0.987,1.259
default,160,0.209744,0.886385,0.153900,0.231562,0.000633,16162.36,64,32,0.3,32,0.5,0.05,0.455,0.119,1.3162,0.4542,1.2978,0.0731,0.5437,1.3263,0.4853,0.5789,0.583,0.754,0.608,0.519,0.656,0.620,0.678,0.711,2.531,1.030,2.346,0.127,1.094,2.430,0.967,1.340
default,161,0.216832,0.964993,0.157507,0.240680,0.000631,16244.26,64,32,0.3,32,0.5,0.05,0.494,0.119,1.2828,0.5486,1.2586,0.0488,0.6919,1.2848,0.5713,0.6217,0.720,0.675,0.662,0.875,0.636,0.631,0.667,0.562,3.193,0.984,2.778,0.133,1.340,2.413,1.044,1.164
default,162,0.223637,0.710192,0.159637,0.217167,0.000629,16317.94,64,32,0.3,32,0.5,0.05,0.443,0.121,1.2693,0.4974,1.1920,0.0448,0.5064,1.1842,0.4888,0.5654,0.636,0.616,0.636,0.908,0.689,0.664,0.733,0.642,2.704,0.897,2.412,0.111,1.045,2.413,1.033,1.103
default,163,0.213759,0.780950,0.153394,0.217800,0.000627,16388.24,64,32,0.3,32,0.5,0.05,0.413,0.120,1.2588,0.4774,1.2015,0.0508,0.5022,1.2091,0.4811,0.5712,0.547,0.676,0.577,0.817,0.673,0.627,0.703,0.634,2.313,0.985,2.130,0.097,1.009,2.278,0.974,1.066
default,164,0.230873,0.849733,0.153027,0.236823,0.000625,16455.15,64,32,0.3,32,0.5,0.05,0.466,0.119,1.2795,0.5743,1.2508,0.0574,0.6101,1.2972,0.5616,0.5727,0.643,0.668,0.622,0.908,0.643,0.624,0.590,0.655,2.839,1.111,2.295,0.126,1.262,2.395,1.027,1.149
default,165,0.189827,0.982691,0.149021,0.237001,0.000623,16521.21,64,32,0.3,32,0.5,0.05,0.477,0.118,1.3047,0.5283,1.2834,0.0573,0.5242,1.2811,0.5513,0.6890,0.655,0.682,0.650,0.857,0.763,0.655,0.628,0.477,2.926,1.038,2.546,0.133,1.278,2.462,0.990,1.172
default,166,0.193384,0.881987,0.148354,0.229204,0.000621,16586.98,64,32,0.3,32,0.5,0.05,0.418,0.121,1.2959,0.5157,1.2269,0.0588,0.5902,1.2197,0.4890,0.6142,0.628,0.716,0.581,0.691,0.592,0.618,0.698,0.479,2.704,1.027,2.054,0.088,1.089,2.204,0.943,0.980
default,167,0.179982,0.901037,0.141389,0.228237,0.000619,16653.26,64,32,0.3,32,0.5,0.05,0.471,0.118,1.2645,0.4933,1.2646,0.0709,0.5336,1.2579,0.4910,0.5908,0.669,0.671,0.582,0.792,0.708,0.663,0.730,0.680,2.953,0.945,2.488,0.131,1.127,2.414,1.056,1.294
default,168,0.187078,0.838800,0.143714,0.224647,0.000617,16723.76,64,32,0.3,32,0.5,0.05,0.425,0.122,1.2607,0.6156,1.1632,0.0479,0.5130,1.1827,0.4970,0.6218,0.600,0.448,0.581,0.802,0.674,0.655,0.658,0.511,2.611,0.909,2.184,0.091,1.106,2.361,0.934,1.060
default,169,0.180302,0.852086,0.145426,0.233817,0.000615,16791.14,64,32,0.3,32,0.5,0.05,0.414,0.121,1.2685,0.4947,1.2529,0.0496,0.5519,1.2636,0.4961,0.7636,0.577,0.688,0.555,0.886,0.731,0.571,0.644,0.396,2.510,0.928,2.091,0.103,1.149,2.109,0.883,1.090
default,170,0.173313,0.850866,0.140338,0.228086,0.000613,16857.09,64,32,0.3,32,0.5,0.05,0.432,0.120,1.3002,0.5064,1.2495,0.0581,0.5223,1.2772,0.5219,0.5716,0.602,0.651,0.592,0.881,0.693,0.596,0.678,0.664,2.651,0.890,2.327,0.140,1.033,2.176,0.957,1.131
default,171,0.176087,0.792006,0.140802,0.218591,0.000610,16933.56,64,32,0.3,32,0.5,0.05,0.445,0.120,1.2485,0.4680,1.1772,0.0490,0.5081,1.1999,0.5384,0.5743,0.643,0.728,0.647,0.894,0.727,0.615,0.592,0.676,2.766,0.947,2.391,0.121,1.123,2.210,0.929,1.214
default,172,0.178626,0.838041,0.141331,0.230420,0.000608,17017.57,64,32,0.3,32,0.5,0.05,0.409,0.126,1.3022,0.4961,1.2547,0.0533,0.6268,1.2743,0.4958,0.5670,0.600,0.657,0.524,0.863,0.492,0.574,0.676,0.633,2.689,0.877,2.079,0.081,0.987,2.126,0.945,1.090
default,173,0.169404,0.840656,0.138544,0.231621,0.000606,17086.77,64,32,0.3,32,0.5,0.05,0.456,0.121,1.3648,0.5117,1.2528,0.0617,0.5207,1.2863,0.5134,0.5921,0.589,0.654,0.598,0.801,0.724,0.658,0.682,0.590,2.827,0.997,2.284,0.101,1.113,2.639,1.027,1.105
default,174,0.176998,0.766607,0.141450,0.220419,0.000604,17153.51,64,32,0.3,32,0.5,0.05,0.466,0.122,1.3151,0.4710,1.2659,0.0437,0.4838,1.2462,0.5011,0.5426,0.633,0.742,0.590,0.878,0.804,0.647,0.648,0.753,2.852,1.038,2.364,0.085,1.274,2.329,1.016,1.357
default,175,0.180282,0.748930,0.142487,0.222578,0.000602,17221.91,64,32,0.3,32,0.5,0.05,0.454,0.121,1.2860,0.4714,1.2140,0.0531,0.5745,1.2193,0.4731,0.5759,0.640,0.746,0.624,0.861,0.637,0.660,0.709,0.628,2.805,1.034,2.312,0.099,1.143,2.452,0.984,1.177
default,176,0.185025,0.858062,0.140643,0.229157,0.000600,17289.80,64,32,0.3,32,0.5,0.05,0.420,0.120,1.2906,0.5045,1.2846,0.0624,0.5395,1.2622,0.4855,0.5921,0.588,0.635,0.557,0.846,0.673,0.596,0.662,0.634,2.650,0.916,2.085,0.101,1.064,2.164,0.923,1.169
default,177,0.179708,0.801390,0.141758,0.228759,0.000598,17361.08,64,32,0.3,32,0.5,0.05,0.417,0.121,1.2694,0.6423,1.2035,0.0420,0.5526,1.2199,0.5320,0.5670,0.581,0.473,0.536,0.889,0.651,0.604,0.571,0.663,2.442,0.919,2.097,0.128,1.070,2.261,0.848,1.139
default,178,0.180543,0.811173,0.143542,0.224507,0.000596,17464.30,64,32,0.3,32,0.5,0.05,0.425,0.120,1.2920,0.4821,1.2071,0.0696,0.5062,1.2198,0.5476,0.5509,0.589,0.711,0.624,0.342,0.687,0.556,0.653,0.661,2.629,0.943,2.387,0.097,1.014,2.051,0.996,1.110
default,179,0.175332,0.755788,0.138029,0.229029,0.000594,17533.55,64,32,0.3,32,0.5,0.05,0.436,0.121,1.2901,0.4640,1.2024,0.0418,0.5886,1.2000,0.6191,0.6285,0.584,0.724,0.580,0.908,0.600,0.605,0.499,0.538,2.585,0.979,2.247,0.103,1.165,2.234,0.994,1.141
default,180,0.193777,0.840032,0.143399,0.251591,0.000592,17602.49,64,32,0.3,32,0.5,0.05,0.446,0.120,1.3473,0.7445,1.2395,0.0425,0.8151,1.2129,0.5494,0.6218,0.572,0.355,0.611,0.887,0.400,0.611,0.578,0.630,2.587,0.981,2.406,0.111,1.227,2.211,0.935,1.228
default,181,0.179104,0.844206,0.141345,0.230213,0.000589,17689.39,64,32,0.3,32,0.5,0.05,0.439,0.120,1.3223,0.4662,1.3138,0.0620,0.4959,1.3057,0.5234,0.5840,0.569,0.731,0.532,0.402,0.757,0.594,0.653,0.610,2.612,0.991,2.248,0.114,1.156,2.274,0.975,1.142
default,182,0.182686,0.888083,0.142924,0.231074,0.000587,17760.47,64,32,0.3,32,0.5,0.05,0.461,0.122,1.3468,0.5177,1.2441,0.0574,0.5477,1.2359,0.5315,0.6005,0.607,0.704,0.636,0.588,0.735,0.634,0.673,0.687,2.867,0.989,2.459,0.098,1.199,2.397,0.966,1.226
default,183,0.178029,0.819141,0.138954,0.227980,0.000585,17863.70,64,32,0.3,32,0.5,0.05,0.408,0.121,1.3118,0.5550,1.2285,0.0635,0.5254,1.2449,0.4869,0.5690,0.565,0.568,0.541,0.615,0.624,0.582,0.706,0.638,2.520,0.885,2.019,0.124,0.988,2.072,0.942,1.120
default,184,0.174889,0.809080,0.136819,0.228952,0.000583,17965.27,64,32,0.3,32,0.5,0.05,0.385,0.122,1.3640,0.4906,1.3106,0.0502,0.5113,1.2802,0.5044,0.5692,0.501,0.678,0.472,0.842,0.686,0.497,0.683,0.644,2.326,0.903,1.911,0.089,1.017,1.849,0.922,1.075
default,185,0.177015,0.863967,0.139882,0.235598,0.000581,18066.69,64,32,0.3,32,0.5,0.05,0.425,0.119,1.3357,0.5549,1.2265,0.0787,0.5778,1.2530,0.5145,0.5891,0.563,0.640,0.575,0.158,0.590,0.574,0.656,0.636,2.483,1.049,2.183,0.129,1.093,2.071,0.918,1.150
default,186,0.182747,0.736031,0.136246,0.220148,0.000579,18161.58,64,32,0.3,32,0.5,0.05,0.389,0.123,1.2659,0.4798,1.1855,0.0562,0.5000,1.1905,0.5097,0.6001,0.542,0.648,0.565,0.795,0.703,0.554,0.649,0.544,2.259,0.848,2.062,0.094,1.034,1.954,0.924,1.040
default,187,0.176279,0.722018,0.137805,0.226586,0.000576,18230.49,64,32,0.3,32,0.5,0.05,0.465,0.121,1.2997,0.5669,1.1609,0.0359,0.4982,1.1849,0.6873,0.5551,0.611,0.600,0.636,0.881,0.754,0.620,0.415,0.653,2.788,1.052,2.399,0.107,1.230,2.375,1.066,1.218
default,188,0.171756,0.784718,0.136919,0.220708,0.000574,18297.21,64,32,0.3,32,0.5,0.05,0.409,0.121,1.2972,0.4814,1.1923,0.0521,0.5148,1.2215,0.4985,0.5710,0.551,0.709,0.567,0.859,0.750,0.542,0.684,0.638,2.403,0.984,2.045,0.108,1.167,1.981,0.923,1.060
default,189,0.176715,0.729307,0.137934,0.219488,0.000572,18371.20,64,32,0.3,32,0.5,0.05,0.402,0.124,1.3028,0.5313,1.1667,0.0368,0.4954,1.1668,0.4964,0.6257,0.585,0.514,0.545,0.667,0.662,0.565,0.731,0.490,2.639,0.817,2.044,0.084,1.000,2.015,1.010,1.059
default,190,0.203502,0.843406,0.141896,0.227217,0.000570,18444.36,64,32,0.3,32,0.5,0.05,0.431,0.121,1.3248,0.4689,1.2547,0.0562,0.5052,1.2943,0.4892,0.6111,0.584,0.755,0.570,0.628,0.706,0.588,0.742,0.545,2.677,1.043,2.186,0.077,1.088,2.236,1.042,1.071
default,191,0.175725,0.793819,0.135641,0.221620,0.000568,18513.21,64,32,0.3,32,0.5,0.05,0.389,0.125,1.2817,0.4878,1.1767,0.0569,0.5239,1.2267,0.5301,0.5472,0.515,0.631,0.542,0.629,0.660,0.549,0.600,0.665,2.219,0.867,1.973,0.097,1.016,1.962,0.900,1.126
default,192,0.162939,0.848682,0.130952,0.233805,0.000565,18579.82,64,32,0.3,32,0.5,0.05,0.412,0.122,1.2676,0.6756,1.2001,0.0524,0.5975,1.2191,0.5126,0.5915,0.567,0.483,0.572,0.789,0.557,0.591,0.662,0.564,2.439,0.997,2.112,0.081,1.092,2.123,0.947,1.064
default,193,0.173279,0.711042,0.134294,0.219954,0.000563,18663.65,64,32,0.3,32,0.5,0.05,0.404,0.125,1.2803,0.4816,1.1274,0.0456,0.5149,1.1596,0.6033,0.5819,0.574,0.630,0.592,0.886,0.684,0.576,0.518,0.567,2.448,0.871,2.172,0.087,1.036,2.017,0.959,1.077
default,194,0.186741,0.721855,0.137332,0.218447,0.000561,18737.89,64,32,0.3,32,0.5,0.05,0.433,0.122,1.2532,0.4956,1.1467,0.0613,0.5015,1.1562,0.5006,0.6021,0.612,0.641,0.638,0.501,0.681,0.637,0.688,0.622,2.604,0.903,2.385,0.103,1.037,2.265,0.963,1.181
default,195,0.179614,1.044187,0.136589,0.260789,0.000559,18805.30,64,32,0.3,32,0.5,0.05,0.395,0.122,1.3772,0.6179,1.3607,0.0594,0.6421,1.3639,0.6553,0.7349,0.525,0.661,0.530,0.621,0.620,0.570,0.576,0.505,2.277,0.949,1.985,0.098,1.009,2.069,0.904,1.051
default,196,0.205763,0.773208,0.143781,0.224243,0.000557,18872.04,64,32,0.3,32,0.5,0.05,0.426,0.121,1.3117,0.5199,1.2222,0.0494,0.5284,1.2271,0.5138,0.5553,0.584,0.682,0.589,0.662,0.687,0.582,0.678,0.655,2.572,0.998,2.278,0.084,1.037,2.173,0.997,1.124
default,197,0.200212,0.713831,0.142144,0.231499,0.000554,18938.89,64,32,0.3,32,0.5,0.05,0.405,0.122,1.2949,0.5183,1.1936,0.0505,0.6628,1.2052,0.5494,0.5955,0.603,0.624,0.554,0.854,0.442,0.565,0.615,0.531,2.605,0.926,1.999,0.101,1.047,1.993,0.952,1.035
default,198,0.167976,0.839992,0.134015,0.235357,0.000552,19007.24,64,32,0.3,32,0.5,0.05,0.391,0.121,1.3457,0.4894,1.2751,0.0498,0.5269,1.3442,0.5678,0.6274,0.516,0.711,0.482,0.841,0.662,0.504,0.577,0.544,2.332,0.951,1.852,0.088,1.030,1.927,0.944,1.122
default,199,0.160791,0.770377,0.130539,0.227053,0.000550,19087.78,64,32,0.3,32,0.5,0.05,0.404,0.124,1.2893,0.5227,1.2450,0.0555,0.5662,1.2606,0.4854,0.5560,0.564,0.638,0.542,0.660,0.657,0.525,0.658,0.650,2.507,0.937,2.065,0.075,1.102,2.061,0.862,1.091
default,200,0.162738,0.749008,0.127559,0.233724,0.000548,19155.70,64,32,0.3,32,0.5,0.05,0.395,0.126,1.3308,0.4776,1.2070,0.0585,0.5724,1.2409,0.5873,0.6513,0.535,0.636,0.529,0.494,0.584,0.551,0.587,0.524,2.400,0.836,1.919,0.081,1.072,1.946,1.003,1.121
default,201,0.157813,0.789074,0.127565,0.222146,0.000545,19221.99,64,32,0.3,32,0.5,0.05,0.391,0.125,1.2681,0.4903,1.2186,0.0526,0.5287,1.2237,0.4757,0.5980,0.539,0.649,0.545,0.689,0.596,0.589,0.708,0.587,2.280,0.893,2.012,0.072,0.982,2.023,0.948,1.102
default,202,0.157853,0.802975,0.128282,0.222665,0.000543,19289.14,64,32,0.3,32,0.5,0.05,0.413,0.122,1.2628,0.4972,1.2114,0.0568,0.5366,1.2044,0.4789,0.6015,0.580,0.655,0.572,0.612,0.741,0.595,0.703,0.569,2.429,0.936,2.023,0.090,1.154,2.119,0.961,1.125
default,203,0.154291,0.850282,0.128121,0.239092,0.000541,19361.98,64,32,0.3,32,0.5,0.05,0.375,0.126,1.3916,0.5216,1.2760,0.0513,0.5245,1.4246,0.5738,0.5785,0.481,0.600,0.488,0.788,0.634,0.463,0.504,0.645,2.243,0.842,1.771,0.075,0.909,2.144,0.807,1.106
default,204,0.153526,0.786798,0.125672,0.222991,0.000539,19430.57,64,32,0.3,32,0.5,0.05,0.403,0.124,1.2971,0.4756,1.2384,0.0516,0.5110,1.2715,0.4991,0.5579,0.558,0.708,0.537,0.870,0.706,0.584,0.621,0.647,2.441,0.946,1.988,0.077,1.063,2.171,0.878,1.093
default,205,0.160223,0.800700,0.128293,0.228420,0.000536,19496.50,64,32,0.3,32,0.5,0.05,0.441,0.122,1.2875,0.5128,1.2078,0.0513,0.5289,1.2130,0.6081,0.5944,0.577,0.706,0.643,0.690,0.747,0.601,0.534,0.597,2.571,1.016,2.410,0.087,1.196,2.132,1.051,1.163
default,206,0.159842,0.914078,0.129851,0.248026,0.000534,19561.74,64,32,0.3,32,0.5,0.05,0.383,0.126,1.3093,0.6500,1.2712,0.0698,0.6457,1.2936,0.5682,0.6337,0.536,0.464,0.509,0.333,0.486,0.523,0.571,0.521,2.422,0.900,1.904,0.074,1.007,1.850,0.912,1.053
default,207,0.160597,0.853146,0.128015,0.238239,0.000532,19626.91,64,32,0.3,32,0.5,0.05,0.404,0.125,1.3948,0.5510,1.2594,0.0502,0.5274,1.2612,0.6158,0.6272,0.525,0.618,0.523,0.835,0.726,0.559,0.548,0.595,2.506,0.878,2.047,0.097,1.126,1.959,0.921,1.086
default,208,0.154964,0.940875,0.127239,0.238900,0.000530,19692.60,64,32,0.3,32,0.5,0.05,0.408,0.123,1.3876,0.5339,1.2783,0.0601,0.5618,1.2925,0.5755,0.5967,0.516,0.658,0.536,0.800,0.592,0.562,0.582,0.623,2.511,0.945,2.094,0.068,1.022,2.077,0.959,1.151
default,209,0.249528,0.907005,0.146752,0.236998,0.000527,19757.35,64,32,0.3,32,0.5,0.05,0.407,0.122,1.3144,0.5742,1.2843,0.0705,0.5525,1.3040,0.5129,0.5852,0.548,0.592,0.525,0.655,0.623,0.559,0.664,0.675,2.361,0.915,2.013,0.111,1.029,2.082,0.942,1.182
default,210,0.179166,0.802422,0.138084,0.238589,0.000525,19822.13,64,32,0.3,32,0.5,0.05,0.452,0.121,1.3447,0.4592,1.2909,0.0501,0.5874,1.2756,0.7342,0.5450,0.596,0.741,0.554,0.768,0.708,0.572,0.585,0.715,2.726,1.014,2.126,0.063,1.391,2.087,1.291,1.213
default,211,0.176963,0.791756,0.129689,0.228374,0.000523,19887.12,64,32,0.3,32,0.5,0.05,0.403,0.122,1.3139,0.4970,1.2854,0.0657,0.5152,1.2929,0.4686,0.5725,0.580,0.614,0.542,0.856,0.656,0.554,0.690,0.562,2.593,0.865,2.111,0.114,0.982,2.063,0.880,1.019
default,212,0.154368,0.835884,0.127651,0.227373,0.000520,19951.84,64,32,0.3,32,0.5,0.05,0.375,0.123,1.3233,0.4787,1.2698,0.0597,0.5115,1.2578,0.5071,0.5868,0.501,0.718,0.486,0.764,0.681,0.531,0.621,0.571,2.234,0.963,1.798,0.078,0.990,1.885,0.856,1.054
default,213,0.157633,0.799397,0.124550,0.227128,0.000518,20016.67,64,32,0.3,32,0.5,0.05,0.397,0.125,1.3073,0.4928,1.2214,0.0563,0.5207,1.2568,0.5451,0.5813,0.525,0.633,0.532,0.789,0.701,0.561,0.589,0.684,2.326,0.884,1.931,0.060,1.078,2.026,0.939,1.232
default,214,0.158796,0.802647,0.125872,0.232159,0.000516,20082.25,64,32,0.3,32,0.5,0.05,0.380,0.123,1.2833,0.5447,1.2237,0.0574,0.5090,1.2165,0.5687,0.6731,0.547,0.563,0.492,0.257,0.624,0.548,0.559,0.558,2.296,0.905,1.762,0.063,0.952,1.947,0.906,1.192
default,215,0.152818,0.852890,0.123774,0.233080,0.000513,20147.15,64,32,0.3,32,0.5,0.05,0.387,0.123,1.3027,0.5458,1.2310,0.0609,0.5682,1.2459,0.5522,0.5965,0.524,0.541,0.543,0.402,0.643,0.544,0.568,0.524,2.273,0.831,1.986,0.080,1.093,1.984,0.885,1.050
default,216,0.147642,0.850117,0.125186,0.240896,0.000511,20211.99,64,32,0.3,32,0.5,0.05,0.416,0.124,1.3093,0.5485,1.2550,0.0556,0.6300,1.2471,0.6266,0.6273,0.557,0.588,0.557,0.521,0.610,0.548,0.522,0.568,2.531,0.859,2.192,0.095,1.185,2.004,0.950,1.132
default,217,0.151043,0.822207,0.121987,0.228780,0.000509,20277.20,64,32,0.3,32,0.5,0.05,0.389,0.123,1.2978,0.5217,1.2865,0.0562,0.5132,1.3045,0.5010,0.5597,0.547,0.603,0.502,0.802,0.724,0.510,0.657,0.630,2.315,0.910,1.885,0.081,1.129,1.808,0.958,1.107
default,218,0.152646,0.784544,0.120480,0.227504,0.000506,20342.49,64,32,0.3,32,0.5,0.05,0.343,0.139,1.3265,0.4759,1.2319,0.0532,0.5009,1.2483,0.4939,0.6726,0.443,0.610,0.478,0.756,0.631,0.497,0.625,0.492,1.938,0.768,1.716,0.067,0.885,1.773,0.821,1.047
default,219,0.152211,0.836268,0.120268,0.232045,0.000504,20407.87,64,32,0.3,32,0.5,0.05,0.377,0.125,1.3729,0.5206,1.2776,0.0583,0.5221,1.2634,0.5339,0.5755,0.472,0.618,0.488,0.704,0.696,0.510,0.582,0.588,2.117,0.910,1.892,0.106,1.067,1.796,0.845,1.050
default,220,0.154444,0.784322,0.118837,0.225902,0.000502,20472.69,64,32,0.3,32,0.5,0.05,0.367,0.126,1.2837,0.5092,1.2073,0.0601,0.5340,1.2204,0.5387,0.5727,0.505,0.597,0.496,0.100,0.558,0.514,0.648,0.618,2.131,0.852,1.769,0.058,0.935,1.822,0.984,1.101
default,221,0.148850,0.811627,0.120979,0.237374,0.000499,20537.49,64,32,0.3,32,0.5,0.05,0.378,0.124,1.3147,0.5845,1.2451,0.0596,0.5908,1.2588,0.5419,0.6178,0.508,0.545,0.514,0.717,0.551,0.552,0.609,0.544,2.216,0.919,1.875,0.089,0.980,1.913,0.883,1.029
default,222,0.154766,0.825405,0.123000,0.232622,0.000497,20602.97,64,32,0.3,32,0.5,0.05,0.364,0.128,1.3437,0.5829,1.2305,0.0536,0.5281,1.2341,0.5539,0.5958,0.441,0.536,0.508,0.853,0.647,0.502,0.574,0.557,1.986,0.848,1.852,0.110,0.959,1.775,0.860,1.023
default,223,0.145248,0.803502,0.120922,0.229907,0.000495,20668.65,64,32,0.3,32,0.5,0.05,0.367,0.127,1.3193,0.5372,1.2113,0.0505,0.5768,1.2357,0.5326,0.5914,0.494,0.618,0.501,0.616,0.635,0.504,0.651,0.595,2.178,0.858,1.793,0.062,1.047,1.760,0.923,1.025
default,224,0.145452,0.786043,0.120554,0.225961,0.000492,20733.32,64,32,0.3,32,0.5,0.05,0.380,0.128,1.3238,0.5177,1.2127,0.0511,0.5156,1.2460,0.5044,0.5975,0.541,0.578,0.541,0.314,0.706,0.538,0.653,0.644,2.359,0.813,1.958,0.057,1.032,1.837,0.874,1.152
default,225,0.142861,0.967969,0.116873,0.250499,0.000490,20798.32,64,32,0.3,32,0.5,0.05,0.363,0.126,1.3547,0.6719,1.2981,0.0639,0.6391,1.3296,0.5748,0.6090,0.478,0.465,0.456,0.137,0.524,0.455,0.614,0.634,2.108,0.890,1.768,0.063,1.003,1.693,0.909,1.088
default,226,0.146036,0.823086,0.118203,0.232548,0.000488,20863.18,64,32,0.3,32,0.5,0.05,0.363,0.127,1.3109,0.5596,1.2121,0.0575,0.5824,1.2779,0.5393,0.5655,0.492,0.554,0.501,0.739,0.589,0.488,0.550,0.611,2.080,0.874,1.807,0.093,1.033,1.725,0.820,1.030
default,227,0.178312,0.735383,0.128009,0.224179,0.000485,20927.85,64,32,0.3,32,0.5,0.05,0.405,0.122,1.3799,0.4674,1.1985,0.0416,0.5005,1.2072,0.5494,0.6138,0.511,0.713,0.532,0.854,0.709,0.577,0.653,0.562,2.506,0.940,1.965,0.076,1.032,1.999,1.029,1.125
default,228,0.181502,0.822502,0.135314,0.236262,0.000483,20992.98,64,32,0.3,32,0.5,0.05,0.423,0.123,1.3592,0.5127,1.2858,0.0639,0.6012,1.2478,0.5239,0.6038,0.574,0.711,0.574,0.267,0.539,0.568,0.640,0.610,2.623,0.984,2.271,0.081,1.042,2.089,0.909,1.201
default,229,0.157630,0.871281,0.125453,0.238890,0.000481,21057.76,64,32,0.3,32,0.5,0.05,0.383,0.128,1.3393,0.5745,1.2505,0.0601,0.5766,1.2673,0.5478,0.6418,0.531,0.547,0.534,0.391,0.595,0.530,0.630,0.508,2.304,0.847,2.013,0.078,1.019,1.910,0.899,1.035
default,230,0.151290,0.859548,0.121641,0.235923,0.000478,21122.69,64,32,0.3,32,0.5,0.05,0.380,0.124,1.3551,0.5378,1.2743,0.0635,0.5409,1.2633,0.5301,0.6276,0.509,0.559,0.497,0.642,0.647,0.535,0.616,0.557,2.179,0.835,1.880,0.094,1.019,1.927,0.890,1.102
default,231,0.151754,0.783992,0.120483,0.223237,0.000476,21187.54,64,32,0.3,32,0.5,0.05,0.366,0.122,1.2970,0.4890,1.1969,0.0477,0.5124,1.2328,0.5263,0.5978,0.483,0.671,0.486,0.869,0.680,0.510,0.622,0.536,2.014,0.881,1.740,0.121,0.984,1.821,0.868,1.019
default,232,0.145126,0.817196,0.119740,0.230549,0.000474,21252.15,64,32,0.3,32,0.5,0.05,0.372,0.124,1.3348,0.5192,1.2546,0.0505,0.5367,1.2805,0.5005,0.6170,0.501,0.653,0.497,0.819,0.643,0.519,0.611,0.592,2.146,0.922,1.803,0.082,1.016,1.823,0.816,1.122
default,233,0.142606,0.764510,0.117775,0.228281,0.000471,21317.35,64,32,0.3,32,0.5,0.05,0.347,0.127,1.3322,0.4859,1.2244,0.0704,0.4982,1.2472,0.5301,0.5934,0.486,0.603,0.469,0.229,0.638,0.510,0.550,0.581,2.053,0.775,1.609,0.098,0.898,1.760,0.792,1.043
default,234,0.140172,0.764978,0.115450,0.229397,0.000469,21382.29,64,32,0.3,32,0.5,0.05,0.365,0.125,1.3527,0.5660,1.2368,0.0476,0.5319,1.2486,0.4968,0.5904,0.470,0.523,0.481,0.840,0.641,0.535,0.641,0.582,2.077,0.832,1.761,0.085,0.981,1.896,0.851,1.065
default,235,0.141810,0.759397,0.115317,0.224705,0.000467,21447.32,64,32,0.3,32,0.5,0.05,0.376,0.124,1.2724,0.5289,1.1964,0.0456,0.5549,1.1963,0.5011,0.6248,0.510,0.641,0.527,0.794,0.594,0.537,0.687,0.495,2.133,0.921,1.893,0.062,1.003,1.898,0.948,1.038
default,236,0.141616,0.837083,0.114880,0.237675,0.000464,21513.11,64,32,0.3,32,0.5,0.05,0.386,0.125,1.4201,0.4974,1.2961,0.0554,0.5520,1.3009,0.5520,0.6118,0.462,0.637,0.497,0.704,0.578,0.523,0.612,0.544,2.217,0.878,1.996,0.074,1.012,1.936,0.948,1.098
default,237,0.138561,0.779736,0.115116,0.220343,0.000462,21577.79,64,32,0.3,32,0.5,0.05,0.353,0.129,1.2939,0.5004,1.2013,0.0454,0.5115,1.2308,0.5028,0.5534,0.461,0.578,0.482,0.843,0.662,0.486,0.615,0.658,1.948,0.798,1.721,0.080,0.978,1.693,0.865,1.105
default,238,0.141307,0.864940,0.114076,0.234439,0.000459,21642.06,64,32,0.3,32,0.5,0.05,0.372,0.125,1.3461,0.5353,1.2962,0.0566,0.5571,1.2947,0.5155,0.5819,0.471,0.635,0.457,0.807,0.545,0.511,0.637,0.592,2.150,0.947,1.742,0.068,0.967,1.848,0.945,1.096
default,239,0.140856,0.696732,0.115557,0.225821,0.000457,21707.12,64,32,0.3,32,0.5,0.05,0.386,0.125,1.3402,0.5365,1.2251,0.0506,0.5912,1.2022,0.4893,0.5300,0.504,0.528,0.502,0.704,0.587,0.528,0.689,0.693,2.266,0.870,1.902,0.071,1.104,1.819,0.934,1.156
default,240,0.139019,0.733450,0.114233,0.222665,0.000455,21771.71,64,32,0.3,32,0.5,0.05,0.326,0.135,1.2874,0.5224,1.2120,0.0412,0.5052,1.2376,0.5345,0.5637,0.449,0.551,0.464,0.761,0.673,0.475,0.556,0.596,1.850,0.771,1.611,0.048,0.949,1.555,0.796,0.991
default,241,0.140244,0.878731,0.113323,0.234046,0.000452,21836.33,64,32,0.3,32,0.5,0.05,0.345,0.138,1.3265,0.5030,1.2737,0.0577,0.5365,1.2847,0.5518,0.6242,0.437,0.564,0.429,0.806,0.577,0.455,0.558,0.552,1.960,0.758,1.618,0.084,0.926,1.654,0.857,1.105
default,242,0.136807,0.789895,0.111630,0.222967,0.000450,21901.35,64,32,0.3,32,0.5,0.05,0.350,0.132,1.2961,0.4900,1.2055,0.0512,0.5077,1.2022,0.5670,0.5611,0.466,0.615,0.464,0.508,0.605,0.485,0.515,0.697,1.962,0.814,1.661,0.052,0.925,1.687,0.864,1.206
default,243,0.136796,0.812440,0.112868,0.233737,0.000448,21966.03,64,32,0.3,32,0.5,0.05,0.366,0.124,1.3594,0.5242,1.2491,0.0507,0.5431,1.2740,0.5355,0.6351,0.441,0.664,0.481,0.817,0.665,0.481,0.701,0.562,2.015,0.888,1.760,0.066,0.995,1.730,0.991,1.107
default,244,0.137443,0.841320,0.113795,0.234824,0.000445,22031.24,64,32,0.3,32,0.5,0.05,0.347,0.127,1.3813,0.5070,1.3356,0.0524,0.5492,1.2933,0.5408,0.5623,0.424,0.591,0.425,0.756,0.645,0.477,0.569,0.551,1.948,0.832,1.639,0.061,1.053,1.699,0.862,0.979
default,245,0.137714,0.790578,0.113706,0.230037,0.000443,22096.45,64,32,0.3,32,0.5,0.05,0.366,0.125,1.2937,0.5787,1.2276,0.0535,0.5134,1.2452,0.5266,0.6105,0.485,0.555,0.497,0.551,0.684,0.519,0.617,0.456,2.168,0.914,1.835,0.063,1.025,1.840,0.869,0.941
default,246,0.148756,0.763579,0.112386,0.224268,0.000440,22162.23,64,32,0.3,32,0.5,0.05,0.339,0.131,1.3052,0.5108,1.2049,0.0527,0.5132,1.2346,0.5367,0.5588,0.431,0.577,0.459,0.804,0.645,0.430,0.598,0.600,1.899,0.788,1.646,0.076,0.978,1.573,0.852,1.001
default,247,0.141656,0.821582,0.112432,0.232862,0.000438,22227.33,64,32,0.3,32,0.5,0.05,0.338,0.127,1.3392,0.5217,1.2542,0.0528,0.5351,1.2660,0.5758,0.5946,0.415,0.660,0.450,0.807,0.683,0.478,0.525,0.552,1.816,0.883,1.627,0.057,1.010,1.659,0.801,0.986
default,248,0.131190,0.780885,0.110162,0.232055,0.000436,22292.21,64,32,0.3,32,0.5,0.05,0.342,0.131,1.3278,0.5246,1.2321,0.0554,0.5536,1.2671,0.5162,0.6292,0.441,0.528,0.442,0.441,0.557,0.435,0.624,0.505,1.916,0.794,1.698,0.071,0.939,1.619,0.863,1.036
default,249,0.132755,0.866622,0.108314,0.238783,0.000433,22356.88,64,32,0.3,32,0.5,0.05,0.338,0.135,1.3414,0.6178,1.2502,0.0518,0.5840,1.2514,0.5592,0.6170,0.442,0.490,0.439,0.855,0.527,0.441,0.607,0.577,1.914,0.768,1.571,0.086,0.920,1.627,0.842,1.057
default,250,0.133228,0.751514,0.111254,0.226148,0.000431,22420.24,64,32,0.3,32,0.5,0.05,0.342,0.129,1.3187,0.5279,1.2330,0.0420,0.5391,1.2463,0.5155,0.5744,0.452,0.577,0.484,0.830,0.551,0.464,0.581,0.570,1.943,0.845,1.773,0.066,0.894,1.633,0.805,1.003
