2026-05-22 17:05:30.912729: I tensorflow/core/platform/cpu_feature_guard.cc:193] This TensorFlow binary is optimized with oneAPI Deep Neural Network Library (oneDNN) to use the following CPU instructions in performance-critical operations:  AVX2
To enable them in other operations, rebuild TensorFlow with the appropriate compiler flags.
Console log file: models\v9_subcaption_fixed\v9fix_shared_datefwd_best_only_1779483930970\training.log
coverage-sharpness=4 is aggressive; if training gets unstable, retry with --coverage-sharpness 3.0
Loading V9 sequence data...
Validation split (date-forward) grouped by show/date: 6906 train rows, 363 validation rows.
Saved normalization stats to ./results/v9-subcaption-target-norm.json

AUDIT SUCCESS: Leakage prevention verified for caption blocks
V10 Splits -> Train: 6906, Val: 363, Test: 52 
Baselines(monitoring forecast MAE): zero = 16.4356, mean = 2.0004, ema = 1.1564, quad = 0.6462
Orthogonal initializer is being called on a matrix with more than 2000 (65536) elements: Slowness may result.
Orthogonal initializer is being called on a matrix with more than 2000 (65536) elements: Slowness may result.
Orthogonal initializer is being called on a matrix with more than 2000 (16384) elements: Slowness may result.
Orthogonal initializer is being called on a matrix with more than 2000 (16384) elements: Slowness may result.
___________________________________________________________________________________________________________________
Layer (type)               Input Shape                 Output shape             Param #     Receives inputs        
===================================================================================================================
sequence (InputLayer)      [[null,15,101]]             [null,15,101]            0                                  
___________________________________________________________________________________________________________________
bidirectional_Bidirectiona [[null,15,101]]             [null,15,256]            235520      sequence[0][0]         
___________________________________________________________________________________________________________________
layer_normalization_LayerN [[null,15,256]]             [null,15,256]            512         bidirectional_Bidirecti
___________________________________________________________________________________________________________________
bidirectional_Bidirectiona [[null,15,256]]             [null,15,128]            164352      layer_normalization_Lay
___________________________________________________________________________________________________________________
layer_normalization_LayerN [[null,15,128]]             [null,15,128]            256         bidirectional_Bidirecti
___________________________________________________________________________________________________________________
dense_Dense1 (Dense)       [[null,15,128]]             [null,15,1]              129         layer_normalization_Lay
___________________________________________________________________________________________________________________
reshape_Reshape1 (Reshape) [[null,15,1]]               [null,15]                0           dense_Dense1[0][0]     
___________________________________________________________________________________________________________________
mask (InputLayer)          [[null,15]]                 [null,15]                0                                  
___________________________________________________________________________________________________________________
masked_softmax_MaskedSoftm [[null,15],[null,15]]       [null,15]                0           reshape_Reshape1[0][0] 
                                                                                            mask[0][0]             
___________________________________________________________________________________________________________________
judge_ids (InputLayer)     [[null,8]]                  [null,8]                 0                                  
___________________________________________________________________________________________________________________
agnostic_show_id (InputLay [[null,1]]                  [null,1]                 0                                  
___________________________________________________________________________________________________________________
reshape_Reshape2 (Reshape) [[null,15]]                 [null,15,1]              0           masked_softmax_MaskedSo
___________________________________________________________________________________________________________________
judge_embedding (Embedding [[null,8]]                  [null,8,24]              5880        judge_ids[0][0]        
___________________________________________________________________________________________________________________
agnostic_show_embedding (E [[null,1]]                  [null,1,12]              4188        agnostic_show_id[0][0] 
___________________________________________________________________________________________________________________
attention_pool (AttentionP [[null,15,1],[null,15,128]] [null,128]               0           reshape_Reshape2[0][0] 
                                                                                            layer_normalization_Lay
___________________________________________________________________________________________________________________
static (InputLayer)        [[null,177]]                [null,177]               0                                  
___________________________________________________________________________________________________________________
flatten_Flatten1 (Flatten) [[null,8,24]]               [null,192]               0           judge_embedding[0][0]  
___________________________________________________________________________________________________________________
baseline_recap (InputLayer [[null,8]]                  [null,8]                 0                                  
___________________________________________________________________________________________________________________
last_step (LastStepLayer)  [[null,15,101]]             [null,101]               0           sequence[0][0]         
___________________________________________________________________________________________________________________
flatten_Flatten3 (Flatten) [[null,1,12]]               [null,12]                0           agnostic_show_embedding
___________________________________________________________________________________________________________________
concatenate_Concatenate1 ( [[null,128],[null,177],[nul [null,618]               0           attention_pool[0][0]   
                                                                                            static[0][0]           
                                                                                            flatten_Flatten1[0][0] 
                                                                                            baseline_recap[0][0]   
                                                                                            last_step[0][0]        
                                                                                            flatten_Flatten3[0][0] 
___________________________________________________________________________________________________________________
dense_Dense2 (Dense)       [[null,618]]                [null,512]               316928      concatenate_Concatenate
___________________________________________________________________________________________________________________
dropout_Dropout1 (Dropout) [[null,512]]                [null,512]               0           dense_Dense2[0][0]     
___________________________________________________________________________________________________________________
dense_Dense3 (Dense)       [[null,512]]                [null,256]               131328      dropout_Dropout1[0][0] 
___________________________________________________________________________________________________________________
dropout_Dropout2 (Dropout) [[null,256]]                [null,256]               0           dense_Dense3[0][0]     
___________________________________________________________________________________________________________________
strength (Dense)           [[null,128]]                [null,24]                3096        attention_pool[0][0]   
___________________________________________________________________________________________________________________
corps_id (InputLayer)      [[null,1]]                  [null,1]                 0                                  
___________________________________________________________________________________________________________________
concatenate_Concatenate2 ( [[null,256],[null,177],[nul [null,457]               0           dropout_Dropout2[0][0] 
                                                                                            static[0][0]           
                                                                                            strength[0][0]         
___________________________________________________________________________________________________________________
corps_embedding (Embedding [[null,1]]                  [null,1,20]              14180       corps_id[0][0]         
___________________________________________________________________________________________________________________
accuracy_trunk (Dense)     [[null,457]]                [null,128]               58624       concatenate_Concatenate
___________________________________________________________________________________________________________________
flatten_Flatten2 (Flatten) [[null,1,20]]               [null,20]                0           corps_embedding[0][0]  
___________________________________________________________________________________________________________________
dropout_Dropout3 (Dropout) [[null,128]]                [null,128]               0           accuracy_trunk[0][0]   
___________________________________________________________________________________________________________________
judge_bias_raw (Dense)     [[null,192]]                [null,8]                 1544        flatten_Flatten1[0][0] 
___________________________________________________________________________________________________________________
judge_bias_scale (InputLay [[null,1]]                  [null,1]                 0                                  
___________________________________________________________________________________________________________________
corps_corr_raw (Dense)     [[null,20]]                 [null,8]                 168         flatten_Flatten2[0][0] 
___________________________________________________________________________________________________________________
corps_scale (InputLayer)   [[null,1]]                  [null,1]                 0                                  
___________________________________________________________________________________________________________________
history_len (InputLayer)   [[null,1]]                  [null,1]                 0                                  
___________________________________________________________________________________________________________________
delta_q50_base (Dense)     [[null,128]]                [null,8]                 1032        dropout_Dropout3[0][0] 
___________________________________________________________________________________________________________________
judge_bias_gated (LambdaSc [[null,8],[null,1]]         [null,8]                 0           judge_bias_raw[0][0]   
                                                                                            judge_bias_scale[0][0] 
___________________________________________________________________________________________________________________
corps_corr_gated (LambdaSc [[null,8],[null,1]]         [null,8]                 0           corps_corr_raw[0][0]   
                                                                                            corps_scale[0][0]      
___________________________________________________________________________________________________________________
width_concat (Concatenate) [[null,457],[null,192],[nul [null,650]               0           concatenate_Concatenate
                                                                                            flatten_Flatten1[0][0] 
                                                                                            history_len[0][0]      
___________________________________________________________________________________________________________________
delta_q50 (Add)            [[null,8],[null,8],[null,8] [null,8]                 0           delta_q50_base[0][0]   
                                                                                            judge_bias_gated[0][0] 
                                                                                            corps_corr_gated[0][0] 
___________________________________________________________________________________________________________________
q10_width_raw (Dense)      [[null,650]]                [null,8]                 5208        width_concat[0][0]     
___________________________________________________________________________________________________________________
q10_width (Activation)     [[null,8]]                  [null,8]                 0           q10_width_raw[0][0]    
___________________________________________________________________________________________________________________
q90_width_raw (Dense)      [[null,650]]                [null,8]                 5208        width_concat[0][0]     
___________________________________________________________________________________________________________________
recap_head (RecapLayer)    [[null,8],[null,8]]         [null,8]                 0           delta_q50[0][0]        
                                                                                            baseline_recap[0][0]   
___________________________________________________________________________________________________________________
q10_width_neg (NegationLay [[null,8]]                  [null,8]                 0           q10_width[0][0]        
___________________________________________________________________________________________________________________
q90_width (Activation)     [[null,8]]                  [null,8]                 0           q90_width_raw[0][0]    
___________________________________________________________________________________________________________________
category_head (CategoryLay [[null,8]]                  [null,3]                 0           recap_head[0][0]       
___________________________________________________________________________________________________________________
q10_delta (Add)            [[null,8],[null,8]]         [null,8]                 0           delta_q50[0][0]        
                                                                                            q10_width_neg[0][0]    
___________________________________________________________________________________________________________________
q90_delta (Add)            [[null,8],[null,8]]         [null,8]                 0           delta_q50[0][0]        
                                                                                            q90_width[0][0]        
___________________________________________________________________________________________________________________
total_head (TotalLayer)    [[null,3]]                  [null,1]                 0           category_head[0][0]    
___________________________________________________________________________________________________________________
output (Concatenate)       [[null,8],[null,8],[null,8] [null,36]                0           q10_delta[0][0]        
                                                                                            delta_q50[0][0]        
                                                                                            q90_delta[0][0]        
                                                                                            recap_head[0][0]       
                                                                                            category_head[0][0]    
                                                                                            total_head[0][0]       
===================================================================================================================
Total params: 948153
Trainable params: 948153
Non-trainable params: 0
___________________________________________________________________________________________________________________

--- DERIVATION EXACTNESS CHECK ---
MaskedSoftmax shapes: [ 1, 15 ] [ 1, 15 ] [ 1, 15 ] [ 1, 15 ]
Recap Points: [
  '14.90', '15.22',
  '14.98', '15.01',
  '14.75', '14.99',
  '15.09', '15.11'
]
GE: Derived = 30.12, Expected = 30.12 
Visual: Derived = 22.37, Expected = 22.37 
Music: Derived = 22.60, Expected = 22.60 
Total: Derived = 75.09, Expected = 75.09 
DERIVATION CHECK SUCCESS

--- SCALE SANITY TEST ---
Sample Row Total: 71.15 (expecting DCI scale, not sum - of - 8)
Sum - of - 8: 113.60 
SCALE SANITY SUCCESS: target total is on DCI scale.


=== V9-IMPROVED: Enhanced Model for 0.2 MAE Target ===
Hyperparameters: lstm1=128, lstm2=64, dropout=0.2, lr=0.00075, batch=128, width_floor_pts=0.5, width_target_pts=2.5, width_penalty=0.5, coverage_target=0.8-0.85, over_coverage_weight=2, width_floor_schedule=0.1->1.5, baseline_dropout=0.1, baseline_noise_std=0.25
Curriculum: phaseAEnd=10, phaseBEnd=40, phaseCRamp=80, judgeScaleRamp=40, corpsScaleStart=25, corpsScaleRamp=35, auto=true, autoPatience=6, autoMinCoverage=0.9, autoMinDeltaGain=0.002
Model Capacity: 256→128 BiLSTM, Dense 512→256, AccuracyTrunk 128, Judge Emb 24, Corps Emb 20, Show Emb 12
Cached 363 validation samples(seqLen = 15, identityDropout = 0.0)

Epoch 0: Phase A (A_end=10, B_end=40, C_ramp=80) Weights {"totalWeight":0.05,"recapWeight":1,"deltaWeight":0.2,"categoryWeight":0.05,"quantileWeight":0.02,"consistencyWeight":0,"identityDropoutRate":0.95}, Scales {"judgeBias":0,"corps":0}, SeqLen 5, ID_Drop 0.948, WFW 0.100 
Epoch 0 memory(start): tensors=102, buffers=102, bytes=3.6MB

History Bucket Diagnostics (Avg Abs Error per sample, normalized units):
Hist | Count | MAE_Pred | MAE_Base | PredDevFromBase
-----|-------|----------|----------|----------------
0    | 8     | 3.7480   | 3.7696   | 0.5123 
1    | 9     | 1.0376   | 0.9160   | 0.6372 
2    | 11    | 0.7495   | 0.5551   | 0.6284 
3-5  | 59    | 0.6046   | 0.3926   | 0.5038 
6+   | 276   | 0.5089   | 0.2990   | 0.4461 

Epoch 0: loss = 0.814226 phase = A val_loss = 0.370742 delta_mae_pts = 0.6162 recap_mae_pts = 0.6162 cat_mae_pts = 0.7457 total_mae_pts = 1.6178 vs_inertia_pts = -0.2025 vs_quad_pts = 0.0299 lr_base = 0.000075 lr_mult = 1.0000 lr_eff = 0.000075 mon_cov = 0.318 mon_score = 2.2340 progress = 1/400 epoch_sec = 131.6 avg_epoch_sec = 131.6 elapsed = 00:02:12 eta = 14:35:25
Epoch 0 memory(end): tensors=180, buffers=180, bytes=11.1MB

-- - CAPTION STATS(Epoch 0)-- - 
GE1: delta_pts = 0.6535, recap_pts = 0.6535, cov = 0.298, width = 0.7806 
GE2: delta_pts = 0.5571, recap_pts = 0.5571, cov = 0.212, width = 0.3604 
VP: delta_pts = 0.5411, recap_pts = 0.5411, cov = 0.264, width = 0.3801 
VA: delta_pts = 0.4833, recap_pts = 0.4833, cov = 0.449, width = 0.6368 
CG: delta_pts = 0.7181, recap_pts = 0.7181, cov = 0.204, width = 0.2954 
MB: delta_pts = 0.5872, recap_pts = 0.5872, cov = 0.565, width = 1.0464 
MA: delta_pts = 0.6109, recap_pts = 0.6109, cov = 0.287, width = 0.5250 
MP: delta_pts = 0.7786, recap_pts = 0.7786, cov = 0.267, width = 1.2059 
----------------------------------

Saved BEST-DELTA checkpoint @epoch 0 delta_mae_pts = 0.6162 monitor_score = 2.2340 -> models\v9_subcaption_fixed\v9fix_shared_datefwd_best_only_1779483930970\best 
Saved BEST-LOSS checkpoint @epoch 0 val_loss = 0.370742 delta_mae_pts = 0.6162 -> models\v9_subcaption_fixed\v9fix_shared_datefwd_best_only_1779483930970\best_loss 
Saved BEST-PHASE-A checkpoint @epoch 0 delta_mae_pts = 0.6162 -> models\v9_subcaption_fixed\v9fix_shared_datefwd_best_only_1779483930970\best_phase_a 
[curriculum] phase=A age=1/10 delta=0.6162 phase_best=0.6162 stall=0/6 cov=0.318/0.900 min=wait cov_gate=wait next=hold

Epoch 1: Phase A (A_end=10, B_end=40, C_ramp=80) Weights {"totalWeight":0.05,"recapWeight":1,"deltaWeight":0.2,"categoryWeight":0.05,"quantileWeight":0.02,"consistencyWeight":0,"identityDropoutRate":0.95}, Scales {"judgeBias":0.025,"corps":0}, SeqLen 5, ID_Drop 0.951, WFW 0.100 
Epoch 1 memory(start): tensors=258, buffers=180, bytes=18.3MB

History Bucket Diagnostics (Avg Abs Error per sample, normalized units):
Hist | Count | MAE_Pred | MAE_Base | PredDevFromBase
-----|-------|----------|----------|----------------
0    | 8     | 3.3387   | 3.7696   | 0.7010 
1    | 9     | 0.9183   | 0.9160   | 0.5315 
2    | 11    | 0.6321   | 0.5551   | 0.4649 
3-5  | 59    | 0.4890   | 0.3926   | 0.3821 
6+   | 276   | 0.4437   | 0.2990   | 0.3269 

Epoch 1: loss = 0.564455 phase = A val_loss = 0.297955 delta_mae_pts = 0.5323 recap_mae_pts = 0.5323 cat_mae_pts = 0.6729 total_mae_pts = 1.6126 vs_inertia_pts = -0.1186 vs_quad_pts = 0.1138 lr_base = 0.000150 lr_mult = 1.0000 lr_eff = 0.000150 mon_cov = 0.778 mon_score = 2.1449 progress = 2/400 epoch_sec = 134.0 avg_epoch_sec = 132.8 elapsed = 00:04:26 eta = 14:40:53
Epoch 1 memory(end): tensors=258, buffers=219, bytes=18.3MB
Saved BEST-DELTA checkpoint @epoch 1 delta_mae_pts = 0.5323 monitor_score = 2.1449 -> models\v9_subcaption_fixed\v9fix_shared_datefwd_best_only_1779483930970\best 
Saved BEST-LOSS checkpoint @epoch 1 val_loss = 0.297955 delta_mae_pts = 0.5323 -> models\v9_subcaption_fixed\v9fix_shared_datefwd_best_only_1779483930970\best_loss 
Saved BEST-PHASE-A checkpoint @epoch 1 delta_mae_pts = 0.5323 -> models\v9_subcaption_fixed\v9fix_shared_datefwd_best_only_1779483930970\best_phase_a 
[curriculum] phase=A age=2/10 delta=0.5323 phase_best=0.5323 stall=0/6 cov=0.778/0.900 min=wait cov_gate=wait next=hold

Epoch 2: Phase A (A_end=10, B_end=40, C_ramp=80) Weights {"totalWeight":0.05,"recapWeight":1,"deltaWeight":0.2,"categoryWeight":0.05,"quantileWeight":0.02,"consistencyWeight":0,"identityDropoutRate":0.95}, Scales {"judgeBias":0.05,"corps":0}, SeqLen 5, ID_Drop 0.951, WFW 0.100 
Epoch 2 memory(start): tensors=258, buffers=180, bytes=18.3MB

History Bucket Diagnostics (Avg Abs Error per sample, normalized units):
Hist | Count | MAE_Pred | MAE_Base | PredDevFromBase
-----|-------|----------|----------|----------------
0    | 8     | 2.1429   | 3.7696   | 1.8608 
1    | 9     | 0.8398   | 0.9160   | 0.6896 
2    | 11    | 0.6235   | 0.5551   | 0.5097 
3-5  | 59    | 0.4874   | 0.3926   | 0.3725 
6+   | 276   | 0.4526   | 0.2990   | 0.3334 

Epoch 2: loss = 0.371105 phase = A val_loss = 0.197203 delta_mae_pts = 0.5103 recap_mae_pts = 0.5103 cat_mae_pts = 0.6548 total_mae_pts = 1.6191 vs_inertia_pts = -0.0965 vs_quad_pts = 0.1359 lr_base = 0.000225 lr_mult = 1.0000 lr_eff = 0.000225 mon_cov = 0.824 mon_score = 2.1294 progress = 3/400 epoch_sec = 131.8 avg_epoch_sec = 132.4 elapsed = 00:06:37 eta = 14:36:22
Epoch 2 memory(end): tensors=258, buffers=219, bytes=18.3MB
Saved BEST-DELTA checkpoint @epoch 2 delta_mae_pts = 0.5103 monitor_score = 2.1294 -> models\v9_subcaption_fixed\v9fix_shared_datefwd_best_only_1779483930970\best 
Saved BEST-LOSS checkpoint @epoch 2 val_loss = 0.197203 delta_mae_pts = 0.5103 -> models\v9_subcaption_fixed\v9fix_shared_datefwd_best_only_1779483930970\best_loss 
Saved BEST-PHASE-A checkpoint @epoch 2 delta_mae_pts = 0.5103 -> models\v9_subcaption_fixed\v9fix_shared_datefwd_best_only_1779483930970\best_phase_a 
[curriculum] phase=A age=3/10 delta=0.5103 phase_best=0.5103 stall=0/6 cov=0.824/0.900 min=wait cov_gate=wait next=hold

Epoch 3: Phase A (A_end=10, B_end=40, C_ramp=80) Weights {"totalWeight":0.05,"recapWeight":1,"deltaWeight":0.2,"categoryWeight":0.05,"quantileWeight":0.02,"consistencyWeight":0,"identityDropoutRate":0.95}, Scales {"judgeBias":0.075,"corps":0}, SeqLen 5, ID_Drop 0.952, WFW 0.100 
Epoch 3 memory(start): tensors=258, buffers=180, bytes=18.3MB

History Bucket Diagnostics (Avg Abs Error per sample, normalized units):
Hist | Count | MAE_Pred | MAE_Base | PredDevFromBase
-----|-------|----------|----------|----------------
0    | 8     | 1.1049   | 3.7696   | 3.1606 
1    | 9     | 0.9220   | 0.9160   | 0.4409 
2    | 11    | 0.7678   | 0.5551   | 0.4073 
3-5  | 59    | 0.6165   | 0.3926   | 0.3961 
6+   | 276   | 0.4891   | 0.2990   | 0.3529 

Epoch 3: loss = 0.250962 phase = A val_loss = 0.169147 delta_mae_pts = 0.5425 recap_mae_pts = 0.5425 cat_mae_pts = 0.6899 total_mae_pts = 1.8428 vs_inertia_pts = -0.1288 vs_quad_pts = 0.1036 lr_base = 0.000300 lr_mult = 1.0000 lr_eff = 0.000300 mon_cov = 0.840 mon_score = 2.3853 progress = 4/400 epoch_sec = 133.8 avg_epoch_sec = 132.8 elapsed = 00:08:51 eta = 14:36:25
Epoch 3 memory(end): tensors=258, buffers=219, bytes=18.3MB
Saved BEST-LOSS checkpoint @epoch 3 val_loss = 0.169147 delta_mae_pts = 0.5425 -> models\v9_subcaption_fixed\v9fix_shared_datefwd_best_only_1779483930970\best_loss 
[curriculum] phase=A age=4/10 delta=0.5425 phase_best=0.5103 stall=1/6 cov=0.840/0.900 min=wait cov_gate=wait next=hold

Epoch 4: Phase A (A_end=10, B_end=40, C_ramp=80) Weights {"totalWeight":0.05,"recapWeight":1,"deltaWeight":0.2,"categoryWeight":0.05,"quantileWeight":0.02,"consistencyWeight":0,"identityDropoutRate":0.95}, Scales {"judgeBias":0.1,"corps":0}, SeqLen 5, ID_Drop 0.949, WFW 0.100 
Epoch 4 memory(start): tensors=258, buffers=219, bytes=18.3MB

History Bucket Diagnostics (Avg Abs Error per sample, normalized units):
Hist | Count | MAE_Pred | MAE_Base | PredDevFromBase
-----|-------|----------|----------|----------------
0    | 8     | 0.9658   | 3.7696   | 3.7786 
1    | 9     | 1.0691   | 0.9160   | 0.4966 
2    | 11    | 0.8455   | 0.5551   | 0.5079 
3-5  | 59    | 0.6244   | 0.3926   | 0.4134 
6+   | 276   | 0.4554   | 0.2990   | 0.3440 

Epoch 4: loss = 0.218613 phase = A val_loss = 0.166731 delta_mae_pts = 0.5212 recap_mae_pts = 0.5212 cat_mae_pts = 0.7219 total_mae_pts = 1.9572 vs_inertia_pts = -0.1074 vs_quad_pts = 0.1250 lr_base = 0.000375 lr_mult = 1.0000 lr_eff = 0.000375 mon_cov = 0.862 mon_score = 2.4783 progress = 5/400 epoch_sec = 132.2 avg_epoch_sec = 132.7 elapsed = 00:11:03 eta = 14:33:27
Epoch 4 memory(end): tensors=258, buffers=258, bytes=18.3MB
Saved BEST-LOSS checkpoint @epoch 4 val_loss = 0.166731 delta_mae_pts = 0.5212 -> models\v9_subcaption_fixed\v9fix_shared_datefwd_best_only_1779483930970\best_loss 
[curriculum] phase=A age=5/10 delta=0.5212 phase_best=0.5103 stall=2/6 cov=0.862/0.900 min=wait cov_gate=wait next=hold

Epoch 5: Phase A (A_end=10, B_end=40, C_ramp=80) Weights {"totalWeight":0.05,"recapWeight":1,"deltaWeight":0.2,"categoryWeight":0.05,"quantileWeight":0.02,"consistencyWeight":0,"identityDropoutRate":0.95}, Scales {"judgeBias":0.125,"corps":0}, SeqLen 5, ID_Drop 0.952, WFW 0.100 
Epoch 5 memory(start): tensors=258, buffers=219, bytes=18.3MB

History Bucket Diagnostics (Avg Abs Error per sample, normalized units):
Hist | Count | MAE_Pred | MAE_Base | PredDevFromBase
-----|-------|----------|----------|----------------
0    | 8     | 0.8413   | 3.7696   | 3.7933 
1    | 9     | 0.7890   | 0.9160   | 0.6463 
2    | 11    | 0.5910   | 0.5551   | 0.4487 
3-5  | 59    | 0.4590   | 0.3926   | 0.4103 
6+   | 276   | 0.4215   | 0.2990   | 0.3470 

Epoch 5: loss = 0.192740 phase = A val_loss = 0.136410 delta_mae_pts = 0.4511 recap_mae_pts = 0.4511 cat_mae_pts = 0.5755 total_mae_pts = 1.5184 vs_inertia_pts = -0.0374 vs_quad_pts = 0.1951 lr_base = 0.000450 lr_mult = 1.0000 lr_eff = 0.000450 mon_cov = 0.892 mon_score = 1.9694 progress = 6/400 epoch_sec = 133.3 avg_epoch_sec = 132.8 elapsed = 00:13:17 eta = 14:31:58
Epoch 5 memory(end): tensors=258, buffers=258, bytes=18.3MB
Saved BEST-DELTA checkpoint @epoch 5 delta_mae_pts = 0.4511 monitor_score = 1.9694 -> models\v9_subcaption_fixed\v9fix_shared_datefwd_best_only_1779483930970\best 
Saved BEST-LOSS checkpoint @epoch 5 val_loss = 0.136410 delta_mae_pts = 0.4511 -> models\v9_subcaption_fixed\v9fix_shared_datefwd_best_only_1779483930970\best_loss 
Saved BEST-PHASE-A checkpoint @epoch 5 delta_mae_pts = 0.4511 -> models\v9_subcaption_fixed\v9fix_shared_datefwd_best_only_1779483930970\best_phase_a 
[curriculum] phase=A age=6/10 delta=0.4511 phase_best=0.4511 stall=0/6 cov=0.892/0.900 min=ok cov_gate=wait next=hold

Epoch 6: Phase A (A_end=10, B_end=40, C_ramp=80) Weights {"totalWeight":0.05,"recapWeight":1,"deltaWeight":0.2,"categoryWeight":0.05,"quantileWeight":0.02,"consistencyWeight":0,"identityDropoutRate":0.95}, Scales {"judgeBias":0.15,"corps":0}, SeqLen 5, ID_Drop 0.949, WFW 0.100 
Epoch 6 memory(start): tensors=258, buffers=180, bytes=18.3MB

History Bucket Diagnostics (Avg Abs Error per sample, normalized units):
Hist | Count | MAE_Pred | MAE_Base | PredDevFromBase
-----|-------|----------|----------|----------------
0    | 8     | 0.9959   | 3.7696   | 4.1407 
1    | 9     | 0.7443   | 0.9160   | 0.7249 
2    | 11    | 0.6062   | 0.5551   | 0.4476 
3-5  | 59    | 0.4464   | 0.3926   | 0.4140 
6+   | 276   | 0.4371   | 0.2990   | 0.4005 

Epoch 6: loss = 0.178945 phase = A val_loss = 0.137555 delta_mae_pts = 0.4636 recap_mae_pts = 0.4636 cat_mae_pts = 0.6114 total_mae_pts = 1.5888 vs_inertia_pts = -0.0499 vs_quad_pts = 0.1825 lr_base = 0.000525 lr_mult = 1.0000 lr_eff = 0.000525 mon_cov = 0.867 mon_score = 2.0525 progress = 7/400 epoch_sec = 131.4 avg_epoch_sec = 132.6 elapsed = 00:15:28 eta = 14:28:29
Epoch 6 memory(end): tensors=258, buffers=219, bytes=18.3MB
[curriculum] phase=A age=7/10 delta=0.4636 phase_best=0.4511 stall=1/6 cov=0.867/0.900 min=ok cov_gate=wait next=hold

Epoch 7: Phase A (A_end=10, B_end=40, C_ramp=80) Weights {"totalWeight":0.05,"recapWeight":1,"deltaWeight":0.2,"categoryWeight":0.05,"quantileWeight":0.02,"consistencyWeight":0,"identityDropoutRate":0.95}, Scales {"judgeBias":0.175,"corps":0}, SeqLen 5, ID_Drop 0.946, WFW 0.100 
Epoch 7 memory(start): tensors=258, buffers=219, bytes=18.3MB

History Bucket Diagnostics (Avg Abs Error per sample, normalized units):
Hist | Count | MAE_Pred | MAE_Base | PredDevFromBase
-----|-------|----------|----------|----------------
0    | 8     | 0.8704   | 3.7696   | 3.4259 
1    | 9     | 0.8263   | 0.9160   | 0.6001 
2    | 11    | 0.6080   | 0.5551   | 0.4396 
3-5  | 59    | 0.4759   | 0.3926   | 0.4305 
6+   | 276   | 0.4862   | 0.2990   | 0.4807 

Epoch 7: loss = 0.179500 phase = A val_loss = 0.148625 delta_mae_pts = 0.5051 recap_mae_pts = 0.5051 cat_mae_pts = 0.7255 total_mae_pts = 1.9359 vs_inertia_pts = -0.0914 vs_quad_pts = 0.1411 lr_base = 0.000600 lr_mult = 1.0000 lr_eff = 0.000600 mon_cov = 0.865 mon_score = 2.4410 progress = 8/400 epoch_sec = 133.1 avg_epoch_sec = 132.7 elapsed = 00:17:41 eta = 14:26:41
Epoch 7 memory(end): tensors=258, buffers=219, bytes=18.3MB
[curriculum] phase=A age=8/10 delta=0.5051 phase_best=0.4511 stall=2/6 cov=0.865/0.900 min=ok cov_gate=wait next=hold

Epoch 8: Phase A (A_end=10, B_end=40, C_ramp=80) Weights {"totalWeight":0.05,"recapWeight":1,"deltaWeight":0.2,"categoryWeight":0.05,"quantileWeight":0.02,"consistencyWeight":0,"identityDropoutRate":0.95}, Scales {"judgeBias":0.2,"corps":0}, SeqLen 5, ID_Drop 0.951, WFW 0.100 
Epoch 8 memory(start): tensors=258, buffers=219, bytes=18.3MB

History Bucket Diagnostics (Avg Abs Error per sample, normalized units):
Hist | Count | MAE_Pred | MAE_Base | PredDevFromBase
-----|-------|----------|----------|----------------
0    | 8     | 0.7358   | 3.7696   | 4.0616 
1    | 9     | 0.8101   | 0.9160   | 0.8175 
2    | 11    | 0.5939   | 0.5551   | 0.5591 
3-5  | 59    | 0.4787   | 0.3926   | 0.3726 
6+   | 276   | 0.4797   | 0.2990   | 0.4291 

Epoch 8: loss = 0.186165 phase = A val_loss = 0.149398 delta_mae_pts = 0.4968 recap_mae_pts = 0.4968 cat_mae_pts = 0.6517 total_mae_pts = 1.6546 vs_inertia_pts = -0.0831 vs_quad_pts = 0.1494 lr_base = 0.000675 lr_mult = 1.0000 lr_eff = 0.000675 mon_cov = 0.889 mon_score = 2.1514 progress = 9/400 epoch_sec = 131.9 avg_epoch_sec = 132.6 elapsed = 00:19:53 eta = 14:23:57
Epoch 8 memory(end): tensors=258, buffers=219, bytes=18.3MB
[curriculum] phase=A age=9/10 delta=0.4968 phase_best=0.4511 stall=3/6 cov=0.889/0.900 min=ok cov_gate=wait next=hold

Epoch 9: Phase A (A_end=10, B_end=40, C_ramp=80) Weights {"totalWeight":0.05,"recapWeight":1,"deltaWeight":0.2,"categoryWeight":0.05,"quantileWeight":0.02,"consistencyWeight":0,"identityDropoutRate":0.95}, Scales {"judgeBias":0.225,"corps":0}, SeqLen 5, ID_Drop 0.950, WFW 0.100 
Epoch 9 memory(start): tensors=258, buffers=219, bytes=18.3MB

History Bucket Diagnostics (Avg Abs Error per sample, normalized units):
Hist | Count | MAE_Pred | MAE_Base | PredDevFromBase
-----|-------|----------|----------|----------------
0    | 8     | 0.6937   | 3.7696   | 3.7785 
1    | 9     | 0.6468   | 0.9160   | 0.7437 
2    | 11    | 0.5625   | 0.5551   | 0.4516 
3-5  | 59    | 0.4376   | 0.3926   | 0.3326 
6+   | 276   | 0.3937   | 0.2990   | 0.3113 

Epoch 9: loss = 0.168177 phase = A val_loss = 0.123123 delta_mae_pts = 0.4189 recap_mae_pts = 0.4189 cat_mae_pts = 0.5009 total_mae_pts = 1.1931 vs_inertia_pts = -0.0051 vs_quad_pts = 0.2273 lr_base = 0.000750 lr_mult = 1.0000 lr_eff = 0.000750 mon_cov = 0.926 mon_score = 1.6119 progress = 10/400 epoch_sec = 131.7 avg_epoch_sec = 132.5 elapsed = 00:22:05 eta = 14:21:10
Epoch 9 memory(end): tensors=258, buffers=219, bytes=18.3MB
Saved BEST-DELTA checkpoint @epoch 9 delta_mae_pts = 0.4189 monitor_score = 1.6119 -> models\v9_subcaption_fixed\v9fix_shared_datefwd_best_only_1779483930970\best 
Saved BEST-LOSS checkpoint @epoch 9 val_loss = 0.123123 delta_mae_pts = 0.4189 -> models\v9_subcaption_fixed\v9fix_shared_datefwd_best_only_1779483930970\best_loss 
Saved BEST-PHASE-A checkpoint @epoch 9 delta_mae_pts = 0.4189 -> models\v9_subcaption_fixed\v9fix_shared_datefwd_best_only_1779483930970\best_phase_a 
[curriculum] phase=A age=10/10 delta=0.4189 phase_best=0.4189 stall=0/6 cov=0.926/0.900 min=ok cov_gate=ok next=advance:max

--- AUTO CURRICULUM: A -> B at next epoch 10 (reason=max_epoch, delta=0.4189, coverage=0.926) ---

Epoch 10: Phase B (A_end=10, B_end=40, C_ramp=80) Weights {"totalWeight":0,"recapWeight":1,"deltaWeight":0.2,"categoryWeight":0.05,"quantileWeight":0.02,"consistencyWeight":0,"identityDropoutRate":0.95}, Scales {"judgeBias":0.25,"corps":0}, SeqLen 15, ID_Drop 0.948, WFW 0.100 
Epoch 10 memory(start): tensors=258, buffers=180, bytes=18.3MB

History Bucket Diagnostics (Avg Abs Error per sample, normalized units):
Hist | Count | MAE_Pred | MAE_Base | PredDevFromBase
-----|-------|----------|----------|----------------
0    | 8     | 1.2324   | 3.7696   | 4.3000 
1    | 9     | 0.7512   | 0.9160   | 0.5744 
2    | 11    | 0.8030   | 0.5551   | 0.4449 
3-5  | 59    | 0.7183   | 0.3926   | 0.4520 
6+   | 276   | 0.4943   | 0.2990   | 0.3466 

Epoch 10: loss = 0.172331 phase = B val_loss = 0.168420 delta_mae_pts = 0.5627 recap_mae_pts = 0.5627 cat_mae_pts = 0.8313 total_mae_pts = 2.3790 vs_inertia_pts = -0.1489 vs_quad_pts = 0.0835 lr_base = 0.000750 lr_mult = 1.0000 lr_eff = 0.000750 mon_cov = 0.858 mon_score = 2.9417 progress = 11/400 epoch_sec = 132.6 avg_epoch_sec = 132.5 elapsed = 00:24:17 eta = 14:19:02
Epoch 10 memory(end): tensors=258, buffers=219, bytes=18.3MB
Saved BEST-PHASE-B checkpoint @epoch 10 delta_mae_pts = 0.5627 -> models\v9_subcaption_fixed\v9fix_shared_datefwd_best_only_1779483930970\best_phase_b 
[curriculum] phase=B age=1/30 delta=0.5627 phase_best=0.5627 stall=0/6 cov=0.858/0.900 min=wait cov_gate=wait next=hold

Epoch 11: Phase B (A_end=10, B_end=40, C_ramp=80) Weights {"totalWeight":0,"recapWeight":0.9766666666666667,"deltaWeight":0.22666666666666668,"categoryWeight":0.05,"quantileWeight":0.02266666666666667,"consistencyWeight":0,"identityDropoutRate":0.95}, Scales {"judgeBias":0.275,"corps":0}, SeqLen 15, ID_Drop 0.956, WFW 0.105 
Epoch 11 memory(start): tensors=258, buffers=219, bytes=18.3MB

History Bucket Diagnostics (Avg Abs Error per sample, normalized units):
Hist | Count | MAE_Pred | MAE_Base | PredDevFromBase
-----|-------|----------|----------|----------------
0    | 8     | 0.4823   | 3.7696   | 3.8018 
1    | 9     | 0.6576   | 0.9160   | 0.6973 
2    | 11    | 0.6058   | 0.5551   | 0.4125 
3-5  | 59    | 0.5309   | 0.3926   | 0.3062 
6+   | 276   | 0.4235   | 0.2990   | 0.2771 

Epoch 11: loss = 0.164179 phase = B val_loss = 0.132653 delta_mae_pts = 0.4536 recap_mae_pts = 0.4536 cat_mae_pts = 0.5765 total_mae_pts = 1.5298 vs_inertia_pts = -0.0399 vs_quad_pts = 0.1926 lr_base = 0.000750 lr_mult = 1.0000 lr_eff = 0.000750 mon_cov = 0.913 mon_score = 1.9834 progress = 12/400 epoch_sec = 131.8 avg_epoch_sec = 132.4 elapsed = 00:26:29 eta = 14:16:28
Epoch 11 memory(end): tensors=258, buffers=219, bytes=18.3MB
Saved BEST-PHASE-B checkpoint @epoch 11 delta_mae_pts = 0.4536 -> models\v9_subcaption_fixed\v9fix_shared_datefwd_best_only_1779483930970\best_phase_b 
[curriculum] phase=B age=2/30 delta=0.4536 phase_best=0.4536 stall=0/6 cov=0.913/0.900 min=wait cov_gate=ok next=hold

Epoch 12: Phase B (A_end=10, B_end=40, C_ramp=80) Weights {"totalWeight":0,"recapWeight":0.9533333333333334,"deltaWeight":0.25333333333333335,"categoryWeight":0.05,"quantileWeight":0.025333333333333333,"consistencyWeight":0,"identityDropoutRate":0.95}, Scales {"judgeBias":0.3,"corps":0}, SeqLen 15, ID_Drop 0.949, WFW 0.118 
Epoch 12 memory(start): tensors=258, buffers=219, bytes=18.3MB

History Bucket Diagnostics (Avg Abs Error per sample, normalized units):
Hist | Count | MAE_Pred | MAE_Base | PredDevFromBase
-----|-------|----------|----------|----------------
0    | 8     | 0.7313   | 3.7696   | 3.6133 
1    | 9     | 0.7641   | 0.9160   | 0.4659 
2    | 11    | 0.6164   | 0.5551   | 0.3440 
3-5  | 59    | 0.4925   | 0.3926   | 0.3496 
6+   | 276   | 0.3886   | 0.2990   | 0.3214 

Epoch 12: loss = 0.168283 phase = B val_loss = 0.132617 delta_mae_pts = 0.4292 recap_mae_pts = 0.4292 cat_mae_pts = 0.5616 total_mae_pts = 1.3745 vs_inertia_pts = -0.0155 vs_quad_pts = 0.2169 lr_base = 0.000750 lr_mult = 1.0000 lr_eff = 0.000750 mon_cov = 0.907 mon_score = 1.8037 progress = 13/400 epoch_sec = 131.5 avg_epoch_sec = 132.4 elapsed = 00:28:41 eta = 14:13:48
Epoch 12 memory(end): tensors=258, buffers=219, bytes=18.3MB
Saved BEST-PHASE-B checkpoint @epoch 12 delta_mae_pts = 0.4292 -> models\v9_subcaption_fixed\v9fix_shared_datefwd_best_only_1779483930970\best_phase_b 
[curriculum] phase=B age=3/30 delta=0.4292 phase_best=0.4292 stall=0/6 cov=0.907/0.900 min=wait cov_gate=ok next=hold

Epoch 13: Phase B (A_end=10, B_end=40, C_ramp=80) Weights {"totalWeight":0,"recapWeight":0.93,"deltaWeight":0.28,"categoryWeight":0.05,"quantileWeight":0.028,"consistencyWeight":0,"identityDropoutRate":0.95}, Scales {"judgeBias":0.325,"corps":0}, SeqLen 15, ID_Drop 0.950, WFW 0.139 
Epoch 13 memory(start): tensors=258, buffers=219, bytes=18.3MB

History Bucket Diagnostics (Avg Abs Error per sample, normalized units):
Hist | Count | MAE_Pred | MAE_Base | PredDevFromBase
-----|-------|----------|----------|----------------
0    | 8     | 0.6653   | 3.7696   | 3.7336 
1    | 9     | 0.7999   | 0.9160   | 0.7416 
2    | 11    | 0.5626   | 0.5551   | 0.4787 
3-5  | 59    | 0.4398   | 0.3926   | 0.4078 
6+   | 276   | 0.3929   | 0.2990   | 0.3739 

Epoch 13: loss = 0.164462 phase = B val_loss = 0.130492 delta_mae_pts = 0.4217 recap_mae_pts = 0.4217 cat_mae_pts = 0.5749 total_mae_pts = 1.4881 vs_inertia_pts = -0.0080 vs_quad_pts = 0.2244 lr_base = 0.000750 lr_mult = 1.0000 lr_eff = 0.000750 mon_cov = 0.914 mon_score = 1.9099 progress = 14/400 epoch_sec = 131.1 avg_epoch_sec = 132.3 elapsed = 00:30:52 eta = 14:11:00
Epoch 13 memory(end): tensors=258, buffers=219, bytes=18.3MB
Saved BEST-PHASE-B checkpoint @epoch 13 delta_mae_pts = 0.4217 -> models\v9_subcaption_fixed\v9fix_shared_datefwd_best_only_1779483930970\best_phase_b 
[curriculum] phase=B age=4/30 delta=0.4217 phase_best=0.4217 stall=0/6 cov=0.914/0.900 min=wait cov_gate=ok next=hold

Epoch 14: Phase B (A_end=10, B_end=40, C_ramp=80) Weights {"totalWeight":0,"recapWeight":0.9066666666666667,"deltaWeight":0.3066666666666667,"categoryWeight":0.05,"quantileWeight":0.03066666666666667,"consistencyWeight":0,"identityDropoutRate":0.95}, Scales {"judgeBias":0.35,"corps":0}, SeqLen 15, ID_Drop 0.949, WFW 0.168 
Epoch 14 memory(start): tensors=258, buffers=219, bytes=18.3MB

History Bucket Diagnostics (Avg Abs Error per sample, normalized units):
Hist | Count | MAE_Pred | MAE_Base | PredDevFromBase
-----|-------|----------|----------|----------------
0    | 8     | 0.6570   | 3.7696   | 3.5741 
1    | 9     | 0.7085   | 0.9160   | 0.5646 
2    | 11    | 0.5501   | 0.5551   | 0.3896 
3-5  | 59    | 0.5552   | 0.3926   | 0.3743 
6+   | 276   | 0.3970   | 0.2990   | 0.3178 

Epoch 14: loss = 0.150991 phase = B val_loss = 0.137763 delta_mae_pts = 0.4408 recap_mae_pts = 0.4408 cat_mae_pts = 0.5750 total_mae_pts = 1.5260 vs_inertia_pts = -0.0271 vs_quad_pts = 0.2054 lr_base = 0.000750 lr_mult = 1.0000 lr_eff = 0.000750 mon_cov = 0.908 mon_score = 1.9668 progress = 15/400 epoch_sec = 131.8 avg_epoch_sec = 132.2 elapsed = 00:33:04 eta = 14:08:35
Epoch 14 memory(end): tensors=258, buffers=219, bytes=18.3MB
[curriculum] phase=B age=5/30 delta=0.4408 phase_best=0.4217 stall=1/6 cov=0.908/0.900 min=wait cov_gate=ok next=hold

Epoch 15: Phase B (A_end=10, B_end=40, C_ramp=80) Weights {"totalWeight":0,"recapWeight":0.8833333333333333,"deltaWeight":0.33333333333333337,"categoryWeight":0.05,"quantileWeight":0.03333333333333333,"consistencyWeight":0,"identityDropoutRate":0.95}, Scales {"judgeBias":0.375,"corps":0}, SeqLen 15, ID_Drop 0.951, WFW 0.204 
Epoch 15 memory(start): tensors=258, buffers=219, bytes=18.3MB

History Bucket Diagnostics (Avg Abs Error per sample, normalized units):
Hist | Count | MAE_Pred | MAE_Base | PredDevFromBase
-----|-------|----------|----------|----------------
0    | 8     | 0.5861   | 3.7696   | 3.9864 
1    | 9     | 0.7783   | 0.9160   | 0.9707 
2    | 11    | 0.4780   | 0.5551   | 0.5731 
3-5  | 59    | 0.3990   | 0.3926   | 0.3325 
6+   | 276   | 0.3574   | 0.2990   | 0.2976 

Epoch 15: loss = 0.152105 phase = B val_loss = 0.123261 delta_mae_pts = 0.3833 recap_mae_pts = 0.3833 cat_mae_pts = 0.4935 total_mae_pts = 1.1555 vs_inertia_pts = 0.0304 vs_quad_pts = 0.2629 lr_base = 0.000750 lr_mult = 1.0000 lr_eff = 0.000750 mon_cov = 0.942 mon_score = 1.5387 progress = 16/400 epoch_sec = 132.5 avg_epoch_sec = 132.3 elapsed = 00:35:16 eta = 14:06:30
Epoch 15 memory(end): tensors=258, buffers=219, bytes=18.3MB
Saved BEST-DELTA checkpoint @epoch 15 delta_mae_pts = 0.3833 monitor_score = 1.5387 -> models\v9_subcaption_fixed\v9fix_shared_datefwd_best_only_1779483930970\best 
Saved BEST-PHASE-B checkpoint @epoch 15 delta_mae_pts = 0.3833 -> models\v9_subcaption_fixed\v9fix_shared_datefwd_best_only_1779483930970\best_phase_b 
[curriculum] phase=B age=6/30 delta=0.3833 phase_best=0.3833 stall=0/6 cov=0.942/0.900 min=wait cov_gate=ok next=hold

Epoch 16: Phase B (A_end=10, B_end=40, C_ramp=80) Weights {"totalWeight":0,"recapWeight":0.86,"deltaWeight":0.36000000000000004,"categoryWeight":0.05,"quantileWeight":0.036000000000000004,"consistencyWeight":0,"identityDropoutRate":0.95}, Scales {"judgeBias":0.4,"corps":0}, SeqLen 15, ID_Drop 0.949, WFW 0.246 
Epoch 16 memory(start): tensors=258, buffers=219, bytes=18.3MB

History Bucket Diagnostics (Avg Abs Error per sample, normalized units):
Hist | Count | MAE_Pred | MAE_Base | PredDevFromBase
-----|-------|----------|----------|----------------
0    | 8     | 0.7801   | 3.7696   | 3.6823 
1    | 9     | 0.8064   | 0.9160   | 0.4007 
2    | 11    | 0.6293   | 0.5551   | 0.3024 
3-5  | 59    | 0.6357   | 0.3926   | 0.3913 
6+   | 276   | 0.4168   | 0.2990   | 0.2754 

Epoch 16: loss = 0.154022 phase = B val_loss = 0.156810 delta_mae_pts = 0.4764 recap_mae_pts = 0.4764 cat_mae_pts = 0.6651 total_mae_pts = 1.8296 vs_inertia_pts = -0.0627 vs_quad_pts = 0.1697 lr_base = 0.000750 lr_mult = 1.0000 lr_eff = 0.000750 mon_cov = 0.891 mon_score = 2.3060 progress = 17/400 epoch_sec = 133.7 avg_epoch_sec = 132.3 elapsed = 00:37:30 eta = 14:04:50
Epoch 16 memory(end): tensors=258, buffers=258, bytes=18.3MB
[curriculum] phase=B age=7/30 delta=0.4764 phase_best=0.3833 stall=1/6 cov=0.891/0.900 min=wait cov_gate=wait next=hold

Epoch 17: Phase B (A_end=10, B_end=40, C_ramp=80) Weights {"totalWeight":0,"recapWeight":0.8366666666666667,"deltaWeight":0.3866666666666667,"categoryWeight":0.05,"quantileWeight":0.03866666666666667,"consistencyWeight":0,"identityDropoutRate":0.95}, Scales {"judgeBias":0.425,"corps":0}, SeqLen 15, ID_Drop 0.954, WFW 0.293 
Epoch 17 memory(start): tensors=258, buffers=258, bytes=18.3MB

History Bucket Diagnostics (Avg Abs Error per sample, normalized units):
Hist | Count | MAE_Pred | MAE_Base | PredDevFromBase
-----|-------|----------|----------|----------------
0    | 8     | 0.7680   | 3.7696   | 3.9098 
1    | 9     | 0.7893   | 0.9160   | 0.5418 
2    | 11    | 0.5474   | 0.5551   | 0.3767 
3-5  | 59    | 0.4888   | 0.3926   | 0.3824 
6+   | 276   | 0.3952   | 0.2990   | 0.3843 

Epoch 17: loss = 0.153269 phase = B val_loss = 0.144650 delta_mae_pts = 0.4330 recap_mae_pts = 0.4330 cat_mae_pts = 0.5993 total_mae_pts = 1.6368 vs_inertia_pts = -0.0193 vs_quad_pts = 0.2131 lr_base = 0.000749 lr_mult = 1.0000 lr_eff = 0.000749 mon_cov = 0.921 mon_score = 2.0698 progress = 18/400 epoch_sec = 134.7 avg_epoch_sec = 132.5 elapsed = 00:39:45 eta = 14:03:27
Epoch 17 memory(end): tensors=258, buffers=258, bytes=18.3MB
[curriculum] phase=B age=8/30 delta=0.4330 phase_best=0.3833 stall=2/6 cov=0.921/0.900 min=wait cov_gate=ok next=hold

Epoch 18: Phase B (A_end=10, B_end=40, C_ramp=80) Weights {"totalWeight":0,"recapWeight":0.8133333333333334,"deltaWeight":0.41333333333333333,"categoryWeight":0.05,"quantileWeight":0.04133333333333333,"consistencyWeight":0,"identityDropoutRate":0.95}, Scales {"judgeBias":0.45,"corps":0}, SeqLen 15, ID_Drop 0.951, WFW 0.346 
Epoch 18 memory(start): tensors=258, buffers=258, bytes=18.3MB

History Bucket Diagnostics (Avg Abs Error per sample, normalized units):
Hist | Count | MAE_Pred | MAE_Base | PredDevFromBase
-----|-------|----------|----------|----------------
0    | 8     | 0.6291   | 3.7696   | 3.7923 
1    | 9     | 0.7449   | 0.9160   | 0.6047 
2    | 11    | 0.4870   | 0.5551   | 0.3622 
3-5  | 59    | 0.4387   | 0.3926   | 0.2912 
6+   | 276   | 0.3282   | 0.2990   | 0.2453 

Epoch 18: loss = 0.153075 phase = B val_loss = 0.127270 delta_mae_pts = 0.3679 recap_mae_pts = 0.3679 cat_mae_pts = 0.4568 total_mae_pts = 1.1050 vs_inertia_pts = 0.0458 vs_quad_pts = 0.2782 lr_base = 0.000749 lr_mult = 1.0000 lr_eff = 0.000749 mon_cov = 0.948 mon_score = 1.4729 progress = 19/400 epoch_sec = 132.5 avg_epoch_sec = 132.5 elapsed = 00:41:57 eta = 14:01:15
Epoch 18 memory(end): tensors=258, buffers=258, bytes=18.3MB
Saved BEST-DELTA checkpoint @epoch 18 delta_mae_pts = 0.3679 monitor_score = 1.4729 -> models\v9_subcaption_fixed\v9fix_shared_datefwd_best_only_1779483930970\best 
Saved BEST-PHASE-B checkpoint @epoch 18 delta_mae_pts = 0.3679 -> models\v9_subcaption_fixed\v9fix_shared_datefwd_best_only_1779483930970\best_phase_b 
[curriculum] phase=B age=9/30 delta=0.3679 phase_best=0.3679 stall=0/6 cov=0.948/0.900 min=wait cov_gate=ok next=hold

Epoch 19: Phase B (A_end=10, B_end=40, C_ramp=80) Weights {"totalWeight":0,"recapWeight":0.79,"deltaWeight":0.44,"categoryWeight":0.05,"quantileWeight":0.044,"consistencyWeight":0,"identityDropoutRate":0.95}, Scales {"judgeBias":0.475,"corps":0}, SeqLen 15, ID_Drop 0.952, WFW 0.402 
Epoch 19 memory(start): tensors=258, buffers=219, bytes=18.3MB

History Bucket Diagnostics (Avg Abs Error per sample, normalized units):
Hist | Count | MAE_Pred | MAE_Base | PredDevFromBase
-----|-------|----------|----------|----------------
0    | 8     | 1.0544   | 3.7696   | 4.2109 
1    | 9     | 0.8048   | 0.9160   | 0.5515 
2    | 11    | 0.5225   | 0.5551   | 0.3196 
3-5  | 59    | 0.4875   | 0.3926   | 0.3173 
6+   | 276   | 0.3395   | 0.2990   | 0.2558 

Epoch 19: loss = 0.151768 phase = B val_loss = 0.139969 delta_mae_pts = 0.3964 recap_mae_pts = 0.3964 cat_mae_pts = 0.5287 total_mae_pts = 1.3657 vs_inertia_pts = 0.0173 vs_quad_pts = 0.2498 lr_base = 0.000749 lr_mult = 1.0000 lr_eff = 0.000749 mon_cov = 0.926 mon_score = 1.7621 progress = 20/400 epoch_sec = 131.4 avg_epoch_sec = 132.4 elapsed = 00:44:09 eta = 13:58:43
Epoch 19 memory(end): tensors=258, buffers=258, bytes=18.3MB
[curriculum] phase=B age=10/30 delta=0.3964 phase_best=0.3679 stall=1/6 cov=0.926/0.900 min=wait cov_gate=ok next=hold

Epoch 20: Phase B (A_end=10, B_end=40, C_ramp=80) Weights {"totalWeight":0,"recapWeight":0.7666666666666667,"deltaWeight":0.4666666666666667,"categoryWeight":0.05,"quantileWeight":0.04666666666666666,"consistencyWeight":0,"identityDropoutRate":0.95}, Scales {"judgeBias":0.5,"corps":0}, SeqLen 15, ID_Drop 0.947, WFW 0.463 
Epoch 20 memory(start): tensors=258, buffers=258, bytes=18.3MB

History Bucket Diagnostics (Avg Abs Error per sample, normalized units):
Hist | Count | MAE_Pred | MAE_Base | PredDevFromBase
-----|-------|----------|----------|----------------
0    | 8     | 0.7189   | 3.7696   | 3.8686 
1    | 9     | 0.7335   | 0.9160   | 0.5246 
2    | 11    | 0.5216   | 0.5551   | 0.2861 
3-5  | 59    | 0.4586   | 0.3926   | 0.3061 
6+   | 276   | 0.3427   | 0.2990   | 0.2769 

Epoch 20: loss = 0.153097 phase = B val_loss = 0.137023 delta_mae_pts = 0.3849 recap_mae_pts = 0.3849 cat_mae_pts = 0.4988 total_mae_pts = 1.2845 vs_inertia_pts = 0.0288 vs_quad_pts = 0.2612 lr_base = 0.000749 lr_mult = 1.0000 lr_eff = 0.000749 mon_cov = 0.940 mon_score = 1.6694 progress = 21/400 epoch_sec = 133.2 avg_epoch_sec = 132.5 elapsed = 00:46:22 eta = 13:56:44
Epoch 20 memory(end): tensors=258, buffers=258, bytes=18.3MB
[curriculum] phase=B age=11/30 delta=0.3849 phase_best=0.3679 stall=2/6 cov=0.940/0.900 min=wait cov_gate=ok next=hold

Epoch 21: Phase B (A_end=10, B_end=40, C_ramp=80) Weights {"totalWeight":0,"recapWeight":0.7433333333333334,"deltaWeight":0.49333333333333335,"categoryWeight":0.05,"quantileWeight":0.04933333333333333,"consistencyWeight":0,"identityDropoutRate":0.95}, Scales {"judgeBias":0.525,"corps":0}, SeqLen 15, ID_Drop 0.948, WFW 0.527 
Epoch 21 memory(start): tensors=258, buffers=258, bytes=18.3MB

History Bucket Diagnostics (Avg Abs Error per sample, normalized units):
Hist | Count | MAE_Pred | MAE_Base | PredDevFromBase
-----|-------|----------|----------|----------------
0    | 8     | 0.9763   | 3.7696   | 4.1363 
1    | 9     | 0.7551   | 0.9160   | 0.5122 
2    | 11    | 0.5955   | 0.5551   | 0.3187 
3-5  | 59    | 0.6301   | 0.3926   | 0.3833 
6+   | 276   | 0.4017   | 0.2990   | 0.2670 

Epoch 21: loss = 0.153945 phase = B val_loss = 0.167359 delta_mae_pts = 0.4661 recap_mae_pts = 0.4661 cat_mae_pts = 0.6581 total_mae_pts = 1.8281 vs_inertia_pts = -0.0524 vs_quad_pts = 0.1800 lr_base = 0.000749 lr_mult = 1.0000 lr_eff = 0.000749 mon_cov = 0.901 mon_score = 2.2942 progress = 22/400 epoch_sec = 131.4 avg_epoch_sec = 132.4 elapsed = 00:48:33 eta = 13:54:14
Epoch 21 memory(end): tensors=258, buffers=258, bytes=18.3MB
[curriculum] phase=B age=12/30 delta=0.4661 phase_best=0.3679 stall=3/6 cov=0.901/0.900 min=wait cov_gate=ok next=hold

Epoch 22: Phase B (A_end=10, B_end=40, C_ramp=80) Weights {"totalWeight":0,"recapWeight":0.72,"deltaWeight":0.52,"categoryWeight":0.05,"quantileWeight":0.052000000000000005,"consistencyWeight":0,"identityDropoutRate":0.95}, Scales {"judgeBias":0.55,"corps":0}, SeqLen 15, ID_Drop 0.952, WFW 0.593 
Epoch 22 memory(start): tensors=258, buffers=258, bytes=18.3MB

History Bucket Diagnostics (Avg Abs Error per sample, normalized units):
Hist | Count | MAE_Pred | MAE_Base | PredDevFromBase
-----|-------|----------|----------|----------------
0    | 8     | 0.5736   | 3.7696   | 3.8157 
1    | 9     | 0.7780   | 0.9160   | 0.9191 
2    | 11    | 0.5538   | 0.5551   | 0.6178 
3-5  | 59    | 0.3823   | 0.3926   | 0.3748 
6+   | 276   | 0.3194   | 0.2990   | 0.2654 

Epoch 22: loss = 0.154558 phase = B val_loss = 0.131560 delta_mae_pts = 0.3537 recap_mae_pts = 0.3537 cat_mae_pts = 0.4381 total_mae_pts = 1.0622 vs_inertia_pts = 0.0600 vs_quad_pts = 0.2924 lr_base = 0.000748 lr_mult = 1.0000 lr_eff = 0.000748 mon_cov = 0.948 mon_score = 1.4159 progress = 23/400 epoch_sec = 131.6 avg_epoch_sec = 132.4 elapsed = 00:50:45 eta = 13:51:48
Epoch 22 memory(end): tensors=258, buffers=258, bytes=18.3MB
Saved BEST-DELTA checkpoint @epoch 22 delta_mae_pts = 0.3537 monitor_score = 1.4159 -> models\v9_subcaption_fixed\v9fix_shared_datefwd_best_only_1779483930970\best 
Saved BEST-PHASE-B checkpoint @epoch 22 delta_mae_pts = 0.3537 -> models\v9_subcaption_fixed\v9fix_shared_datefwd_best_only_1779483930970\best_phase_b 
[curriculum] phase=B age=13/30 delta=0.3537 phase_best=0.3537 stall=0/6 cov=0.948/0.900 min=wait cov_gate=ok next=hold

Epoch 23: Phase B (A_end=10, B_end=40, C_ramp=80) Weights {"totalWeight":0,"recapWeight":0.6966666666666667,"deltaWeight":0.5466666666666666,"categoryWeight":0.05,"quantileWeight":0.05466666666666667,"consistencyWeight":0,"identityDropoutRate":0.95}, Scales {"judgeBias":0.575,"corps":0}, SeqLen 15, ID_Drop 0.953, WFW 0.661 
Epoch 23 memory(start): tensors=258, buffers=219, bytes=18.3MB

History Bucket Diagnostics (Avg Abs Error per sample, normalized units):
Hist | Count | MAE_Pred | MAE_Base | PredDevFromBase
-----|-------|----------|----------|----------------
0    | 8     | 0.7969   | 3.7696   | 4.1922 
1    | 9     | 0.6723   | 0.9160   | 0.7477 
2    | 11    | 0.4827   | 0.5551   | 0.4598 
3-5  | 59    | 0.4142   | 0.3926   | 0.2900 
6+   | 276   | 0.3230   | 0.2990   | 0.2574 

Epoch 23: loss = 0.154546 phase = B val_loss = 0.135936 delta_mae_pts = 0.3618 recap_mae_pts = 0.3618 cat_mae_pts = 0.4563 total_mae_pts = 1.1194 vs_inertia_pts = 0.0520 vs_quad_pts = 0.2844 lr_base = 0.000748 lr_mult = 1.0000 lr_eff = 0.000748 mon_cov = 0.957 mon_score = 1.4811 progress = 24/400 epoch_sec = 132.6 avg_epoch_sec = 132.4 elapsed = 00:52:57 eta = 13:49:38
Epoch 23 memory(end): tensors=258, buffers=258, bytes=18.3MB
[curriculum] phase=B age=14/30 delta=0.3618 phase_best=0.3537 stall=1/6 cov=0.957/0.900 min=wait cov_gate=ok next=hold

Epoch 24: Phase B (A_end=10, B_end=40, C_ramp=80) Weights {"totalWeight":0,"recapWeight":0.6733333333333333,"deltaWeight":0.5733333333333334,"categoryWeight":0.05,"quantileWeight":0.05733333333333333,"consistencyWeight":0,"identityDropoutRate":0.95}, Scales {"judgeBias":0.6,"corps":0}, SeqLen 15, ID_Drop 0.947, WFW 0.730 
Epoch 24 memory(start): tensors=258, buffers=258, bytes=18.3MB

History Bucket Diagnostics (Avg Abs Error per sample, normalized units):
Hist | Count | MAE_Pred | MAE_Base | PredDevFromBase
-----|-------|----------|----------|----------------
0    | 8     | 0.6242   | 3.7696   | 3.8675 
1    | 9     | 0.6844   | 0.9160   | 0.8792 
2    | 11    | 0.5129   | 0.5551   | 0.5144 
3-5  | 59    | 0.3916   | 0.3926   | 0.3391 
6+   | 276   | 0.3279   | 0.2990   | 0.2933 

Epoch 24: loss = 0.157985 phase = B val_loss = 0.136505 delta_mae_pts = 0.3592 recap_mae_pts = 0.3592 cat_mae_pts = 0.4410 total_mae_pts = 1.0816 vs_inertia_pts = 0.0545 vs_quad_pts = 0.2870 lr_base = 0.000748 lr_mult = 1.0000 lr_eff = 0.000748 mon_cov = 0.959 mon_score = 1.4409 progress = 25/400 epoch_sec = 132.2 avg_epoch_sec = 132.4 elapsed = 00:55:10 eta = 13:47:23
Epoch 24 memory(end): tensors=258, buffers=258, bytes=18.3MB
[curriculum] phase=B age=15/30 delta=0.3592 phase_best=0.3537 stall=2/6 cov=0.959/0.900 min=wait cov_gate=ok next=hold

Epoch 25: Phase B (A_end=10, B_end=40, C_ramp=80) Weights {"totalWeight":0,"recapWeight":0.65,"deltaWeight":0.6000000000000001,"categoryWeight":0.05,"quantileWeight":0.06,"consistencyWeight":0,"identityDropoutRate":0.95}, Scales {"judgeBias":0.625,"corps":0}, SeqLen 15, ID_Drop 0.947, WFW 0.800 
Epoch 25 memory(start): tensors=258, buffers=258, bytes=18.3MB

History Bucket Diagnostics (Avg Abs Error per sample, normalized units):
Hist | Count | MAE_Pred | MAE_Base | PredDevFromBase
-----|-------|----------|----------|----------------
0    | 8     | 0.6644   | 3.7696   | 3.8581 
1    | 9     | 0.7202   | 0.9160   | 0.5491 
2    | 11    | 0.4668   | 0.5551   | 0.2754 
3-5  | 59    | 0.4738   | 0.3926   | 0.2960 
6+   | 276   | 0.3264   | 0.2990   | 0.2471 

Epoch 25: loss = 0.160279 phase = B val_loss = 0.145090 delta_mae_pts = 0.3718 recap_mae_pts = 0.3718 cat_mae_pts = 0.4775 total_mae_pts = 1.2051 vs_inertia_pts = 0.0419 vs_quad_pts = 0.2743 lr_base = 0.000747 lr_mult = 1.0000 lr_eff = 0.000747 mon_cov = 0.943 mon_score = 1.5770 progress = 26/400 epoch_sec = 132.5 avg_epoch_sec = 132.4 elapsed = 00:57:22 eta = 13:45:12
Epoch 25 memory(end): tensors=258, buffers=258, bytes=18.3MB
[curriculum] phase=B age=16/30 delta=0.3718 phase_best=0.3537 stall=3/6 cov=0.943/0.900 min=wait cov_gate=ok next=hold

Epoch 26: Phase B (A_end=10, B_end=40, C_ramp=80) Weights {"totalWeight":0,"recapWeight":0.6266666666666667,"deltaWeight":0.6266666666666667,"categoryWeight":0.05,"quantileWeight":0.06266666666666666,"consistencyWeight":0,"identityDropoutRate":0.95}, Scales {"judgeBias":0.65,"corps":0.02857142857142857}, SeqLen 15, ID_Drop 0.946, WFW 0.870 
Epoch 26 memory(start): tensors=258, buffers=258, bytes=18.3MB

History Bucket Diagnostics (Avg Abs Error per sample, normalized units):
Hist | Count | MAE_Pred | MAE_Base | PredDevFromBase
-----|-------|----------|----------|----------------
0    | 8     | 0.6093   | 3.7696   | 3.8677 
1    | 9     | 0.6520   | 0.9160   | 0.7009 
2    | 11    | 0.4367   | 0.5551   | 0.4393 
3-5  | 59    | 0.4059   | 0.3926   | 0.2804 
6+   | 276   | 0.3210   | 0.2990   | 0.2656 

Epoch 26: loss = 0.157029 phase = B val_loss = 0.139633 delta_mae_pts = 0.3529 recap_mae_pts = 0.3529 cat_mae_pts = 0.4385 total_mae_pts = 1.0478 vs_inertia_pts = 0.0609 vs_quad_pts = 0.2933 lr_base = 0.000747 lr_mult = 1.0000 lr_eff = 0.000747 mon_cov = 0.958 mon_score = 1.4007 progress = 27/400 epoch_sec = 139.1 avg_epoch_sec = 132.6 elapsed = 00:59:41 eta = 13:44:33
Epoch 26 memory(end): tensors=258, buffers=258, bytes=18.3MB
Saved BEST-DELTA checkpoint @epoch 26 delta_mae_pts = 0.3529 monitor_score = 1.4007 -> models\v9_subcaption_fixed\v9fix_shared_datefwd_best_only_1779483930970\best 
Saved BEST-PHASE-B checkpoint @epoch 26 delta_mae_pts = 0.3529 -> models\v9_subcaption_fixed\v9fix_shared_datefwd_best_only_1779483930970\best_phase_b 
[curriculum] phase=B age=17/30 delta=0.3529 phase_best=0.3537 stall=4/6 cov=0.958/0.900 min=wait cov_gate=ok next=hold

Epoch 27: Phase B (A_end=10, B_end=40, C_ramp=80) Weights {"totalWeight":0,"recapWeight":0.6033333333333334,"deltaWeight":0.6533333333333333,"categoryWeight":0.05,"quantileWeight":0.06533333333333333,"consistencyWeight":0,"identityDropoutRate":0.95}, Scales {"judgeBias":0.675,"corps":0.05714285714285714}, SeqLen 15, ID_Drop 0.948, WFW 0.939 
Epoch 27 memory(start): tensors=258, buffers=219, bytes=18.3MB

History Bucket Diagnostics (Avg Abs Error per sample, normalized units):
Hist | Count | MAE_Pred | MAE_Base | PredDevFromBase
-----|-------|----------|----------|----------------
0    | 8     | 0.8871   | 3.7696   | 3.3536 
1    | 9     | 0.7839   | 0.9160   | 0.5222 
2    | 11    | 0.4511   | 0.5551   | 0.3499 
3-5  | 59    | 0.4513   | 0.3926   | 0.3131 
6+   | 276   | 0.3239   | 0.2990   | 0.2648 

Epoch 27: loss = 0.158943 phase = B val_loss = 0.150923 delta_mae_pts = 0.3723 recap_mae_pts = 0.3723 cat_mae_pts = 0.4717 total_mae_pts = 1.1847 vs_inertia_pts = 0.0414 vs_quad_pts = 0.2739 lr_base = 0.000747 lr_mult = 1.0000 lr_eff = 0.000747 mon_cov = 0.943 mon_score = 1.5570 progress = 28/400 epoch_sec = 143.8 avg_epoch_sec = 133.0 elapsed = 01:02:05 eta = 13:44:48
Epoch 27 memory(end): tensors=258, buffers=258, bytes=18.3MB
[curriculum] phase=B age=18/30 delta=0.3723 phase_best=0.3537 stall=5/6 cov=0.943/0.900 min=ok cov_gate=ok next=hold

Epoch 28: Phase B (A_end=10, B_end=40, C_ramp=80) Weights {"totalWeight":0,"recapWeight":0.5800000000000001,"deltaWeight":0.6799999999999999,"categoryWeight":0.05,"quantileWeight":0.068,"consistencyWeight":0,"identityDropoutRate":0.95}, Scales {"judgeBias":0.7,"corps":0.08571428571428572}, SeqLen 15, ID_Drop 0.949, WFW 1.007 
Epoch 28 memory(start): tensors=258, buffers=258, bytes=18.3MB

History Bucket Diagnostics (Avg Abs Error per sample, normalized units):
Hist | Count | MAE_Pred | MAE_Base | PredDevFromBase
-----|-------|----------|----------|----------------
0    | 8     | 0.7641   | 3.7696   | 4.1732 
1    | 9     | 0.6700   | 0.9160   | 0.9158 
2    | 11    | 0.6124   | 0.5551   | 0.6443 
3-5  | 59    | 0.5797   | 0.3926   | 0.4143 
6+   | 276   | 0.4032   | 0.2990   | 0.2815 

Epoch 28: loss = 0.166194 phase = B val_loss = 0.178422 delta_mae_pts = 0.4528 recap_mae_pts = 0.4528 cat_mae_pts = 0.6409 total_mae_pts = 1.7362 vs_inertia_pts = -0.0391 vs_quad_pts = 0.1933 lr_base = 0.000746 lr_mult = 1.0000 lr_eff = 0.000746 mon_cov = 0.902 mon_score = 2.1890 progress = 29/400 epoch_sec = 139.5 avg_epoch_sec = 133.3 elapsed = 01:04:24 eta = 13:43:58
Epoch 28 memory(end): tensors=258, buffers=258, bytes=18.3MB
[curriculum] phase=B age=19/30 delta=0.4528 phase_best=0.3537 stall=6/6 cov=0.902/0.900 min=ok cov_gate=ok next=advance:plateau

--- AUTO CURRICULUM: B -> C at next epoch 29 (reason=delta_plateau, delta=0.4528, coverage=0.902) ---

Epoch 29: Phase C (A_end=10, B_end=29, C_ramp=80) Weights {"totalWeight":0.02,"recapWeight":0.3,"deltaWeight":1,"categoryWeight":0.05,"quantileWeight":0.1,"consistencyWeight":0,"identityDropoutRate":1}, Scales {"judgeBias":0.725,"corps":0.11428571428571428}, SeqLen 15, ID_Drop 1.000, WFW 1.500 
Epoch 29 memory(start): tensors=258, buffers=258, bytes=18.3MB

History Bucket Diagnostics (Avg Abs Error per sample, normalized units):
Hist | Count | MAE_Pred | MAE_Base | PredDevFromBase
-----|-------|----------|----------|----------------
0    | 8     | 0.5268   | 3.7696   | 3.7365 
1    | 9     | 0.6712   | 0.9160   | 0.8958 
2    | 11    | 0.5579   | 0.5551   | 0.6416 
3-5  | 59    | 0.3849   | 0.3926   | 0.3694 
6+   | 276   | 0.3535   | 0.2990   | 0.3304 

Epoch 29: loss = 0.198415 phase = C val_loss = 0.181824 delta_mae_pts = 0.3765 recap_mae_pts = 0.3765 cat_mae_pts = 0.4725 total_mae_pts = 1.1377 vs_inertia_pts = 0.0372 vs_quad_pts = 0.2697 lr_base = 0.000746 lr_mult = 1.0000 lr_eff = 0.000746 mon_cov = 0.937 mon_score = 0.5358 progress = 30/400 epoch_sec = 140.2 avg_epoch_sec = 133.5 elapsed = 01:06:45 eta = 13:43:10
Epoch 29 memory(end): tensors=258, buffers=258, bytes=18.3MB
Saved BEST-PHASE-C checkpoint @epoch 29 delta_mae_pts = 0.3765 -> models\v9_subcaption_fixed\v9fix_shared_datefwd_best_only_1779483930970\best_phase_c 
[curriculum] phase=C age=1 ramp=80 delta=0.3765 cov=0.937 best_global_delta=0.3529

Epoch 30: Phase C (A_end=10, B_end=29, C_ramp=80) Weights {"totalWeight":0.021,"recapWeight":0.296875,"deltaWeight":1.109375,"categoryWeight":0.05,"quantileWeight":0.1125,"consistencyWeight":0,"identityDropoutRate":1}, Scales {"judgeBias":0.75,"corps":0.14285714285714285}, SeqLen 15, ID_Drop 1.000, WFW 1.500 
Epoch 30 memory(start): tensors=258, buffers=258, bytes=18.3MB

History Bucket Diagnostics (Avg Abs Error per sample, normalized units):
Hist | Count | MAE_Pred | MAE_Base | PredDevFromBase
-----|-------|----------|----------|----------------
0    | 8     | 0.8493   | 3.7696   | 4.0339 
1    | 9     | 0.7347   | 0.9160   | 0.6783 
2    | 11    | 0.4686   | 0.5551   | 0.3736 
3-5  | 59    | 0.4423   | 0.3926   | 0.3346 
6+   | 276   | 0.3347   | 0.2990   | 0.2604 

Epoch 30: loss = 0.210986 phase = C val_loss = 0.197695 delta_mae_pts = 0.3775 recap_mae_pts = 0.3775 cat_mae_pts = 0.4893 total_mae_pts = 1.1950 vs_inertia_pts = 0.0362 vs_quad_pts = 0.2687 lr_base = 0.000745 lr_mult = 1.0000 lr_eff = 0.000745 mon_cov = 0.945 mon_score = 0.5804 progress = 31/400 epoch_sec = 134.5 avg_epoch_sec = 133.5 elapsed = 01:08:59 eta = 13:41:09
Epoch 30 memory(end): tensors=258, buffers=258, bytes=18.3MB
[curriculum] phase=C age=2 ramp=80 delta=0.3775 cov=0.945 best_global_delta=0.3529

Epoch 31: Phase C (A_end=10, B_end=29, C_ramp=80) Weights {"totalWeight":0.022,"recapWeight":0.29375,"deltaWeight":1.21875,"categoryWeight":0.05,"quantileWeight":0.125,"consistencyWeight":0,"identityDropoutRate":1}, Scales {"judgeBias":0.775,"corps":0.17142857142857143}, SeqLen 15, ID_Drop 1.000, WFW 1.500 
Epoch 31 memory(start): tensors=258, buffers=258, bytes=18.3MB

History Bucket Diagnostics (Avg Abs Error per sample, normalized units):
Hist | Count | MAE_Pred | MAE_Base | PredDevFromBase
-----|-------|----------|----------|----------------
0    | 8     | 0.5294   | 3.7696   | 3.6834 
1    | 9     | 0.7199   | 0.9160   | 0.7315 
2    | 11    | 0.4736   | 0.5551   | 0.5552 
3-5  | 59    | 0.4048   | 0.3926   | 0.3616 
6+   | 276   | 0.3241   | 0.2990   | 0.2853 

Epoch 31: loss = 0.225707 phase = C val_loss = 0.200205 delta_mae_pts = 0.3561 recap_mae_pts = 0.3561 cat_mae_pts = 0.4385 total_mae_pts = 1.0202 vs_inertia_pts = 0.0576 vs_quad_pts = 0.2901 lr_base = 0.000745 lr_mult = 1.0000 lr_eff = 0.000745 mon_cov = 0.952 mon_score = 0.5830 progress = 32/400 epoch_sec = 131.0 avg_epoch_sec = 133.4 elapsed = 01:11:10 eta = 13:38:27
Epoch 31 memory(end): tensors=258, buffers=258, bytes=18.3MB
Saved BEST-PHASE-C checkpoint @epoch 31 delta_mae_pts = 0.3561 -> models\v9_subcaption_fixed\v9fix_shared_datefwd_best_only_1779483930970\best_phase_c 
[curriculum] phase=C age=3 ramp=80 delta=0.3561 cov=0.952 best_global_delta=0.3529

Epoch 32: Phase C (A_end=10, B_end=29, C_ramp=80) Weights {"totalWeight":0.023,"recapWeight":0.29062499999999997,"deltaWeight":1.328125,"categoryWeight":0.05,"quantileWeight":0.1375,"consistencyWeight":0,"identityDropoutRate":1}, Scales {"judgeBias":0.8,"corps":0.2}, SeqLen 15, ID_Drop 1.000, WFW 1.500 
Epoch 32 memory(start): tensors=258, buffers=258, bytes=18.3MB

History Bucket Diagnostics (Avg Abs Error per sample, normalized units):
Hist | Count | MAE_Pred | MAE_Base | PredDevFromBase
-----|-------|----------|----------|----------------
0    | 8     | 0.6570   | 3.7696   | 3.9735 
1    | 9     | 0.7362   | 0.9160   | 0.9358 
2    | 11    | 0.4696   | 0.5551   | 0.6123 
3-5  | 59    | 0.4008   | 0.3926   | 0.3302 
6+   | 276   | 0.3247   | 0.2990   | 0.2625 

Epoch 32: loss = 0.239745 phase = C val_loss = 0.216577 delta_mae_pts = 0.3590 recap_mae_pts = 0.3590 cat_mae_pts = 0.4369 total_mae_pts = 0.9660 vs_inertia_pts = 0.0547 vs_quad_pts = 0.2871 lr_base = 0.000744 lr_mult = 1.0000 lr_eff = 0.000744 mon_cov = 0.958 mon_score = 0.6252 progress = 33/400 epoch_sec = 134.2 avg_epoch_sec = 133.5 elapsed = 01:13:24 eta = 13:36:23
Epoch 32 memory(end): tensors=258, buffers=258, bytes=18.3MB
[curriculum] phase=C age=4 ramp=80 delta=0.3590 cov=0.958 best_global_delta=0.3529

Epoch 33: Phase C (A_end=10, B_end=29, C_ramp=80) Weights {"totalWeight":0.024,"recapWeight":0.2875,"deltaWeight":1.4375,"categoryWeight":0.05,"quantileWeight":0.15000000000000002,"consistencyWeight":0,"identityDropoutRate":1}, Scales {"judgeBias":0.825,"corps":0.22857142857142856}, SeqLen 15, ID_Drop 1.000, WFW 1.500 
Epoch 33 memory(start): tensors=258, buffers=258, bytes=18.3MB

History Bucket Diagnostics (Avg Abs Error per sample, normalized units):
Hist | Count | MAE_Pred | MAE_Base | PredDevFromBase
-----|-------|----------|----------|----------------
0    | 8     | 0.5677   | 3.7696   | 3.7371 
1    | 9     | 0.6279   | 0.9160   | 0.6467 
2    | 11    | 0.4887   | 0.5551   | 0.3862 
3-5  | 59    | 0.4452   | 0.3926   | 0.2969 
6+   | 276   | 0.3382   | 0.2990   | 0.2754 

Epoch 33: loss = 0.257519 phase = C val_loss = 0.232885 delta_mae_pts = 0.3724 recap_mae_pts = 0.3724 cat_mae_pts = 0.4706 total_mae_pts = 1.1429 vs_inertia_pts = 0.0413 vs_quad_pts = 0.2738 lr_base = 0.000744 lr_mult = 1.0000 lr_eff = 0.000744 mon_cov = 0.954 mon_score = 0.6933 progress = 34/400 epoch_sec = 132.6 avg_epoch_sec = 133.4 elapsed = 01:15:37 eta = 13:34:00
Epoch 33 memory(end): tensors=258, buffers=258, bytes=18.3MB
[curriculum] phase=C age=5 ramp=80 delta=0.3724 cov=0.954 best_global_delta=0.3529

Epoch 34: Phase C (A_end=10, B_end=29, C_ramp=80) Weights {"totalWeight":0.025,"recapWeight":0.284375,"deltaWeight":1.546875,"categoryWeight":0.05,"quantileWeight":0.1625,"consistencyWeight":0,"identityDropoutRate":1}, Scales {"judgeBias":0.85,"corps":0.2571428571428571}, SeqLen 15, ID_Drop 1.000, WFW 1.500 
Epoch 34 memory(start): tensors=258, buffers=258, bytes=18.3MB

History Bucket Diagnostics (Avg Abs Error per sample, normalized units):
Hist | Count | MAE_Pred | MAE_Base | PredDevFromBase
-----|-------|----------|----------|----------------
0    | 8     | 0.6617   | 3.7696   | 3.5890 
1    | 9     | 0.7023   | 0.9160   | 0.5128 
2    | 11    | 0.4667   | 0.5551   | 0.3763 
3-5  | 59    | 0.4786   | 0.3926   | 0.3347 
6+   | 276   | 0.3424   | 0.2990   | 0.2626 

Epoch 34: loss = 0.262960 phase = C val_loss = 0.256786 delta_mae_pts = 0.3843 recap_mae_pts = 0.3843 cat_mae_pts = 0.4771 total_mae_pts = 1.1488 vs_inertia_pts = 0.0294 vs_quad_pts = 0.2619 lr_base = 0.000743 lr_mult = 1.0000 lr_eff = 0.000743 mon_cov = 0.955 mon_score = 0.7563 progress = 35/400 epoch_sec = 133.2 avg_epoch_sec = 133.4 elapsed = 01:17:50 eta = 13:31:44
Epoch 34 memory(end): tensors=258, buffers=258, bytes=18.3MB
[curriculum] phase=C age=6 ramp=80 delta=0.3843 cov=0.955 best_global_delta=0.3529

Epoch 35: Phase C (A_end=10, B_end=29, C_ramp=80) Weights {"totalWeight":0.026000000000000002,"recapWeight":0.28125,"deltaWeight":1.65625,"categoryWeight":0.05,"quantileWeight":0.175,"consistencyWeight":0,"identityDropoutRate":1}, Scales {"judgeBias":0.875,"corps":0.2857142857142857}, SeqLen 15, ID_Drop 1.000, WFW 1.500 
Epoch 35 memory(start): tensors=258, buffers=258, bytes=18.3MB

History Bucket Diagnostics (Avg Abs Error per sample, normalized units):
Hist | Count | MAE_Pred | MAE_Base | PredDevFromBase
-----|-------|----------|----------|----------------
0    | 8     | 0.6162   | 3.7696   | 3.8665 
1    | 9     | 0.6481   | 0.9160   | 0.8464 
2    | 11    | 0.4735   | 0.5551   | 0.4902 
3-5  | 59    | 0.4284   | 0.3926   | 0.2861 
6+   | 276   | 0.3350   | 0.2990   | 0.2464 

Epoch 35: loss = 0.275872 phase = C val_loss = 0.259694 delta_mae_pts = 0.3683 recap_mae_pts = 0.3683 cat_mae_pts = 0.4806 total_mae_pts = 1.0773 vs_inertia_pts = 0.0454 vs_quad_pts = 0.2779 lr_base = 0.000743 lr_mult = 1.0000 lr_eff = 0.000743 mon_cov = 0.950 mon_score = 0.7656 progress = 36/400 epoch_sec = 132.6 avg_epoch_sec = 133.4 elapsed = 01:20:03 eta = 13:29:22
Epoch 35 memory(end): tensors=258, buffers=258, bytes=18.3MB
[curriculum] phase=C age=7 ramp=80 delta=0.3683 cov=0.950 best_global_delta=0.3529

Epoch 36: Phase C (A_end=10, B_end=29, C_ramp=80) Weights {"totalWeight":0.027,"recapWeight":0.278125,"deltaWeight":1.765625,"categoryWeight":0.05,"quantileWeight":0.1875,"consistencyWeight":0,"identityDropoutRate":1}, Scales {"judgeBias":0.9,"corps":0.3142857142857143}, SeqLen 15, ID_Drop 1.000, WFW 1.500 
Epoch 36 memory(start): tensors=258, buffers=258, bytes=18.3MB

History Bucket Diagnostics (Avg Abs Error per sample, normalized units):
Hist | Count | MAE_Pred | MAE_Base | PredDevFromBase
-----|-------|----------|----------|----------------
0    | 8     | 0.5310   | 3.7696   | 3.8141 
1    | 9     | 0.7385   | 0.9160   | 0.9927 
2    | 11    | 0.4814   | 0.5551   | 0.6980 
3-5  | 59    | 0.3976   | 0.3926   | 0.3818 
6+   | 276   | 0.3448   | 0.2990   | 0.3312 

Epoch 36: loss = 0.289030 phase = C val_loss = 0.274812 delta_mae_pts = 0.3714 recap_mae_pts = 0.3714 cat_mae_pts = 0.4597 total_mae_pts = 1.0610 vs_inertia_pts = 0.0423 vs_quad_pts = 0.2748 lr_base = 0.000742 lr_mult = 1.0000 lr_eff = 0.000742 mon_cov = 0.945 mon_score = 0.8107 progress = 37/400 epoch_sec = 135.8 avg_epoch_sec = 133.5 elapsed = 01:22:19 eta = 13:27:32
Epoch 36 memory(end): tensors=258, buffers=258, bytes=18.3MB
[curriculum] phase=C age=8 ramp=80 delta=0.3714 cov=0.945 best_global_delta=0.3529

Epoch 37: Phase C (A_end=10, B_end=29, C_ramp=80) Weights {"totalWeight":0.028,"recapWeight":0.27499999999999997,"deltaWeight":1.875,"categoryWeight":0.05,"quantileWeight":0.2,"consistencyWeight":0,"identityDropoutRate":1}, Scales {"judgeBias":0.925,"corps":0.34285714285714286}, SeqLen 15, ID_Drop 1.000, WFW 1.500 
Epoch 37 memory(start): tensors=258, buffers=258, bytes=18.3MB

History Bucket Diagnostics (Avg Abs Error per sample, normalized units):
Hist | Count | MAE_Pred | MAE_Base | PredDevFromBase
-----|-------|----------|----------|----------------
0    | 8     | 0.7021   | 3.7696   | 4.1797 
1    | 9     | 0.6256   | 0.9160   | 1.0262 
2    | 11    | 0.5166   | 0.5551   | 0.6140 
3-5  | 59    | 0.3934   | 0.3926   | 0.3083 
6+   | 276   | 0.3461   | 0.2990   | 0.2686 

Epoch 37: loss = 0.315338 phase = C val_loss = 0.290131 delta_mae_pts = 0.3737 recap_mae_pts = 0.3737 cat_mae_pts = 0.4625 total_mae_pts = 1.0361 vs_inertia_pts = 0.0400 vs_quad_pts = 0.2725 lr_base = 0.000742 lr_mult = 1.0000 lr_eff = 0.000742 mon_cov = 0.954 mon_score = 0.8556 progress = 38/400 epoch_sec = 131.0 avg_epoch_sec = 133.4 elapsed = 01:24:30 eta = 13:24:56
Epoch 37 memory(end): tensors=258, buffers=258, bytes=18.3MB
[curriculum] phase=C age=9 ramp=80 delta=0.3737 cov=0.954 best_global_delta=0.3529

Epoch 38: Phase C (A_end=10, B_end=29, C_ramp=80) Weights {"totalWeight":0.029,"recapWeight":0.271875,"deltaWeight":1.984375,"categoryWeight":0.05,"quantileWeight":0.21250000000000002,"consistencyWeight":0,"identityDropoutRate":1}, Scales {"judgeBias":0.95,"corps":0.37142857142857144}, SeqLen 15, ID_Drop 1.000, WFW 1.500 
Epoch 38 memory(start): tensors=258, buffers=258, bytes=18.3MB

History Bucket Diagnostics (Avg Abs Error per sample, normalized units):
Hist | Count | MAE_Pred | MAE_Base | PredDevFromBase
-----|-------|----------|----------|----------------
0    | 8     | 0.8437   | 3.7696   | 3.9759 
1    | 9     | 0.6135   | 0.9160   | 0.6203 
2    | 11    | 0.5171   | 0.5551   | 0.4772 
3-5  | 59    | 0.3934   | 0.3926   | 0.3006 
6+   | 276   | 0.3455   | 0.2990   | 0.3045 

Epoch 38: loss = 0.321280 phase = C val_loss = 0.306228 delta_mae_pts = 0.3761 recap_mae_pts = 0.3761 cat_mae_pts = 0.4790 total_mae_pts = 1.1444 vs_inertia_pts = 0.0376 vs_quad_pts = 0.2701 lr_base = 0.000741 lr_mult = 1.0000 lr_eff = 0.000741 mon_cov = 0.940 mon_score = 0.9057 progress = 39/400 epoch_sec = 130.1 avg_epoch_sec = 133.3 elapsed = 01:26:40 eta = 13:22:11
Epoch 38 memory(end): tensors=258, buffers=258, bytes=18.3MB
[curriculum] phase=C age=10 ramp=80 delta=0.3761 cov=0.940 best_global_delta=0.3529

Epoch 39: Phase C (A_end=10, B_end=29, C_ramp=80) Weights {"totalWeight":0.03,"recapWeight":0.26875,"deltaWeight":2.09375,"categoryWeight":0.05,"quantileWeight":0.225,"consistencyWeight":0,"identityDropoutRate":1}, Scales {"judgeBias":0.975,"corps":0.4}, SeqLen 15, ID_Drop 1.000, WFW 1.500 
Epoch 39 memory(start): tensors=258, buffers=258, bytes=18.3MB

History Bucket Diagnostics (Avg Abs Error per sample, normalized units):
Hist | Count | MAE_Pred | MAE_Base | PredDevFromBase
-----|-------|----------|----------|----------------
0    | 8     | 0.8251   | 3.7696   | 4.1523 
1    | 9     | 0.6953   | 0.9160   | 0.7078 
2    | 11    | 0.4170   | 0.5551   | 0.4202 
3-5  | 59    | 0.4252   | 0.3926   | 0.2606 
6+   | 276   | 0.3326   | 0.2990   | 0.2347 

Epoch 39: loss = 0.335644 phase = C val_loss = 0.316277 delta_mae_pts = 0.3701 recap_mae_pts = 0.3701 cat_mae_pts = 0.4791 total_mae_pts = 1.1914 vs_inertia_pts = 0.0436 vs_quad_pts = 0.2761 lr_base = 0.000740 lr_mult = 1.0000 lr_eff = 0.000740 mon_cov = 0.955 mon_score = 0.9340 progress = 40/400 epoch_sec = 127.8 avg_epoch_sec = 133.2 elapsed = 01:28:48 eta = 13:19:09
Epoch 39 memory(end): tensors=258, buffers=258, bytes=18.3MB
[curriculum] phase=C age=11 ramp=80 delta=0.3701 cov=0.955 best_global_delta=0.3529

Epoch 40: Phase C (A_end=10, B_end=29, C_ramp=80) Weights {"totalWeight":0.031,"recapWeight":0.265625,"deltaWeight":2.203125,"categoryWeight":0.05,"quantileWeight":0.23750000000000002,"consistencyWeight":0,"identityDropoutRate":1}, Scales {"judgeBias":1,"corps":0.42857142857142855}, SeqLen 15, ID_Drop 1.000, WFW 1.500 
Epoch 40 memory(start): tensors=258, buffers=258, bytes=18.3MB

History Bucket Diagnostics (Avg Abs Error per sample, normalized units):
Hist | Count | MAE_Pred | MAE_Base | PredDevFromBase
-----|-------|----------|----------|----------------
0    | 8     | 0.7502   | 3.7696   | 3.6943 
1    | 9     | 0.6873   | 0.9160   | 0.8107 
2    | 11    | 0.4863   | 0.5551   | 0.5877 
3-5  | 59    | 0.4018   | 0.3926   | 0.3438 
6+   | 276   | 0.3160   | 0.2990   | 0.2658 

Epoch 40: loss = 0.350686 phase = C val_loss = 0.318744 delta_mae_pts = 0.3539 recap_mae_pts = 0.3539 cat_mae_pts = 0.4370 total_mae_pts = 1.0013 vs_inertia_pts = 0.0598 vs_quad_pts = 0.2923 lr_base = 0.000740 lr_mult = 1.0000 lr_eff = 0.000740 mon_cov = 0.957 mon_score = 0.9266 progress = 41/400 epoch_sec = 127.9 avg_epoch_sec = 133.1 elapsed = 01:30:56 eta = 13:16:09
Epoch 40 memory(end): tensors=258, buffers=258, bytes=18.3MB
Saved BEST-PHASE-C checkpoint @epoch 40 delta_mae_pts = 0.3539 -> models\v9_subcaption_fixed\v9fix_shared_datefwd_best_only_1779483930970\best_phase_c 
[curriculum] phase=C age=12 ramp=80 delta=0.3539 cov=0.957 best_global_delta=0.3529

Epoch 41: Phase C (A_end=10, B_end=29, C_ramp=80) Weights {"totalWeight":0.032,"recapWeight":0.2625,"deltaWeight":2.3125,"categoryWeight":0.05,"quantileWeight":0.25,"consistencyWeight":0,"identityDropoutRate":1}, Scales {"judgeBias":1,"corps":0.45714285714285713}, SeqLen 15, ID_Drop 1.000, WFW 1.500 
Epoch 41 memory(start): tensors=258, buffers=258, bytes=18.3MB

History Bucket Diagnostics (Avg Abs Error per sample, normalized units):
Hist | Count | MAE_Pred | MAE_Base | PredDevFromBase
-----|-------|----------|----------|----------------
0    | 8     | 0.7780   | 3.7696   | 4.1634 
1    | 9     | 0.7505   | 0.9160   | 0.7617 
2    | 11    | 0.4255   | 0.5551   | 0.4893 
3-5  | 59    | 0.4430   | 0.3926   | 0.3287 
6+   | 276   | 0.3286   | 0.2990   | 0.2663 

Epoch 41: loss = 0.355122 phase = C val_loss = 0.344483 delta_mae_pts = 0.3705 recap_mae_pts = 0.3705 cat_mae_pts = 0.4734 total_mae_pts = 1.1336 vs_inertia_pts = 0.0432 vs_quad_pts = 0.2757 lr_base = 0.000739 lr_mult = 1.0000 lr_eff = 0.000739 mon_cov = 0.951 mon_score = 1.0139 progress = 42/400 epoch_sec = 129.1 avg_epoch_sec = 133.0 elapsed = 01:33:05 eta = 13:13:23
Epoch 41 memory(end): tensors=258, buffers=258, bytes=18.3MB
[curriculum] phase=C age=13 ramp=80 delta=0.3705 cov=0.951 best_global_delta=0.3529

Epoch 42: Phase C (A_end=10, B_end=29, C_ramp=80) Weights {"totalWeight":0.033,"recapWeight":0.25937499999999997,"deltaWeight":2.421875,"categoryWeight":0.05,"quantileWeight":0.2625,"consistencyWeight":0,"identityDropoutRate":1}, Scales {"judgeBias":1,"corps":0.4857142857142857}, SeqLen 15, ID_Drop 1.000, WFW 1.500 
Epoch 42 memory(start): tensors=258, buffers=258, bytes=18.3MB

History Bucket Diagnostics (Avg Abs Error per sample, normalized units):
Hist | Count | MAE_Pred | MAE_Base | PredDevFromBase
-----|-------|----------|----------|----------------
0    | 8     | 0.6538   | 3.7696   | 3.4973 
1    | 9     | 0.6613   | 0.9160   | 0.8947 
2    | 11    | 0.5729   | 0.5551   | 0.6448 
3-5  | 59    | 0.3964   | 0.3926   | 0.3332 
6+   | 276   | 0.3552   | 0.2990   | 0.3172 

Epoch 42: loss = 0.379047 phase = C val_loss = 0.367711 delta_mae_pts = 0.3827 recap_mae_pts = 0.3827 cat_mae_pts = 0.4990 total_mae_pts = 1.2441 vs_inertia_pts = 0.0311 vs_quad_pts = 0.2635 lr_base = 0.000738 lr_mult = 1.0000 lr_eff = 0.000738 mon_cov = 0.946 mon_score = 1.0920 progress = 43/400 epoch_sec = 129.1 avg_epoch_sec = 132.9 elapsed = 01:35:14 eta = 13:10:38
Epoch 42 memory(end): tensors=258, buffers=258, bytes=18.3MB
[curriculum] phase=C age=14 ramp=80 delta=0.3827 cov=0.946 best_global_delta=0.3529

Epoch 43: Phase C (A_end=10, B_end=29, C_ramp=80) Weights {"totalWeight":0.034,"recapWeight":0.25625,"deltaWeight":2.53125,"categoryWeight":0.05,"quantileWeight":0.275,"consistencyWeight":0,"identityDropoutRate":1}, Scales {"judgeBias":1,"corps":0.5142857142857142}, SeqLen 15, ID_Drop 1.000, WFW 1.500 
Epoch 43 memory(start): tensors=258, buffers=258, bytes=18.3MB

History Bucket Diagnostics (Avg Abs Error per sample, normalized units):
Hist | Count | MAE_Pred | MAE_Base | PredDevFromBase
-----|-------|----------|----------|----------------
0    | 8     | 0.5409   | 3.7696   | 3.6340 
1    | 9     | 0.6708   | 0.9160   | 0.5695 
2    | 11    | 0.4404   | 0.5551   | 0.3719 
3-5  | 59    | 0.5259   | 0.3926   | 0.3660 
6+   | 276   | 0.3543   | 0.2990   | 0.2804 

Epoch 43: loss = 0.388270 phase = C val_loss = 0.391117 delta_mae_pts = 0.3968 recap_mae_pts = 0.3968 cat_mae_pts = 0.5337 total_mae_pts = 1.3273 vs_inertia_pts = 0.0169 vs_quad_pts = 0.2494 lr_base = 0.000737 lr_mult = 1.0000 lr_eff = 0.000737 mon_cov = 0.936 mon_score = 1.1778 progress = 44/400 epoch_sec = 130.0 avg_epoch_sec = 132.8 elapsed = 01:37:24 eta = 13:08:01
Epoch 43 memory(end): tensors=258, buffers=258, bytes=18.3MB
[curriculum] phase=C age=15 ramp=80 delta=0.3968 cov=0.936 best_global_delta=0.3529

Epoch 44: Phase C (A_end=10, B_end=29, C_ramp=80) Weights {"totalWeight":0.035,"recapWeight":0.253125,"deltaWeight":2.640625,"categoryWeight":0.05,"quantileWeight":0.2875,"consistencyWeight":0,"identityDropoutRate":1}, Scales {"judgeBias":1,"corps":0.5428571428571428}, SeqLen 15, ID_Drop 1.000, WFW 1.500 
Epoch 44 memory(start): tensors=258, buffers=258, bytes=18.3MB

History Bucket Diagnostics (Avg Abs Error per sample, normalized units):
Hist | Count | MAE_Pred | MAE_Base | PredDevFromBase
-----|-------|----------|----------|----------------
0    | 8     | 0.7450   | 3.7696   | 4.0368 
1    | 9     | 0.6963   | 0.9160   | 0.7925 
2    | 11    | 0.4580   | 0.5551   | 0.5441 
3-5  | 59    | 0.3818   | 0.3926   | 0.3164 
6+   | 276   | 0.3209   | 0.2990   | 0.2763 

Epoch 44: loss = 0.399351 phase = C val_loss = 0.367399 delta_mae_pts = 0.3536 recap_mae_pts = 0.3536 cat_mae_pts = 0.4392 total_mae_pts = 0.9735 vs_inertia_pts = 0.0601 vs_quad_pts = 0.2926 lr_base = 0.000737 lr_mult = 1.0000 lr_eff = 0.000737 mon_cov = 0.960 mon_score = 1.0793 progress = 45/400 epoch_sec = 130.0 avg_epoch_sec = 132.7 elapsed = 01:39:34 eta = 13:05:26
Epoch 44 memory(end): tensors=258, buffers=258, bytes=18.3MB
Saved BEST-PHASE-C checkpoint @epoch 44 delta_mae_pts = 0.3536 -> models\v9_subcaption_fixed\v9fix_shared_datefwd_best_only_1779483930970\best_phase_c 
[curriculum] phase=C age=16 ramp=80 delta=0.3536 cov=0.960 best_global_delta=0.3529

Epoch 45: Phase C (A_end=10, B_end=29, C_ramp=80) Weights {"totalWeight":0.036000000000000004,"recapWeight":0.25,"deltaWeight":2.75,"categoryWeight":0.05,"quantileWeight":0.30000000000000004,"consistencyWeight":0,"identityDropoutRate":1}, Scales {"judgeBias":1,"corps":0.5714285714285714}, SeqLen 15, ID_Drop 1.000, WFW 1.500 
Epoch 45 memory(start): tensors=258, buffers=258, bytes=18.3MB

History Bucket Diagnostics (Avg Abs Error per sample, normalized units):
Hist | Count | MAE_Pred | MAE_Base | PredDevFromBase
-----|-------|----------|----------|----------------
0    | 8     | 0.6206   | 3.7696   | 3.7454 
1    | 9     | 0.6399   | 0.9160   | 0.5920 
2    | 11    | 0.4666   | 0.5551   | 0.3401 
3-5  | 59    | 0.4316   | 0.3926   | 0.2929 
6+   | 276   | 0.3299   | 0.2990   | 0.2406 

Epoch 45: loss = 0.410877 phase = C val_loss = 0.391751 delta_mae_pts = 0.3647 recap_mae_pts = 0.3647 cat_mae_pts = 0.4714 total_mae_pts = 1.1904 vs_inertia_pts = 0.0490 vs_quad_pts = 0.2815 lr_base = 0.000736 lr_mult = 1.0000 lr_eff = 0.000736 mon_cov = 0.947 mon_score = 1.1605 progress = 46/400 epoch_sec = 130.0 avg_epoch_sec = 132.7 elapsed = 01:41:44 eta = 13:02:52
Epoch 45 memory(end): tensors=258, buffers=258, bytes=18.3MB
[curriculum] phase=C age=17 ramp=80 delta=0.3647 cov=0.947 best_global_delta=0.3529

Epoch 46: Phase C (A_end=10, B_end=29, C_ramp=80) Weights {"totalWeight":0.037000000000000005,"recapWeight":0.24687499999999998,"deltaWeight":2.859375,"categoryWeight":0.05,"quantileWeight":0.3125,"consistencyWeight":0,"identityDropoutRate":1}, Scales {"judgeBias":1,"corps":0.6}, SeqLen 15, ID_Drop 1.000, WFW 1.500 
Epoch 46 memory(start): tensors=258, buffers=258, bytes=18.3MB

History Bucket Diagnostics (Avg Abs Error per sample, normalized units):
Hist | Count | MAE_Pred | MAE_Base | PredDevFromBase
-----|-------|----------|----------|----------------
0    | 8     | 0.6538   | 3.7696   | 3.6883 
1    | 9     | 0.7462   | 0.9160   | 0.5038 
2    | 11    | 0.4806   | 0.5551   | 0.3516 
3-5  | 59    | 0.5029   | 0.3926   | 0.3790 
6+   | 276   | 0.3440   | 0.2990   | 0.2854 

Epoch 46: loss = 0.417075 phase = C val_loss = 0.429686 delta_mae_pts = 0.3908 recap_mae_pts = 0.3908 cat_mae_pts = 0.5060 total_mae_pts = 1.2440 vs_inertia_pts = 0.0230 vs_quad_pts = 0.2554 lr_base = 0.000735 lr_mult = 1.0000 lr_eff = 0.000735 mon_cov = 0.944 mon_score = 1.2851 progress = 47/400 epoch_sec = 130.3 avg_epoch_sec = 132.6 elapsed = 01:43:54 eta = 13:00:21
Epoch 46 memory(end): tensors=258, buffers=258, bytes=18.3MB
[curriculum] phase=C age=18 ramp=80 delta=0.3908 cov=0.944 best_global_delta=0.3529

Epoch 47: Phase C (A_end=10, B_end=29, C_ramp=80) Weights {"totalWeight":0.038000000000000006,"recapWeight":0.24375,"deltaWeight":2.96875,"categoryWeight":0.05,"quantileWeight":0.325,"consistencyWeight":0,"identityDropoutRate":1}, Scales {"judgeBias":1,"corps":0.6285714285714286}, SeqLen 15, ID_Drop 1.000, WFW 1.500 
Epoch 47 memory(start): tensors=258, buffers=258, bytes=18.3MB

History Bucket Diagnostics (Avg Abs Error per sample, normalized units):
Hist | Count | MAE_Pred | MAE_Base | PredDevFromBase
-----|-------|----------|----------|----------------
0    | 8     | 0.5477   | 3.7696   | 3.9758 
1    | 9     | 0.6704   | 0.9160   | 0.8180 
2    | 11    | 0.4711   | 0.5551   | 0.5328 
3-5  | 59    | 0.4231   | 0.3926   | 0.3083 
6+   | 276   | 0.3223   | 0.2990   | 0.2432 

Epoch 47: loss = 0.424460 phase = C val_loss = 0.408765 delta_mae_pts = 0.3568 recap_mae_pts = 0.3568 cat_mae_pts = 0.4250 total_mae_pts = 0.9887 vs_inertia_pts = 0.0569 vs_quad_pts = 0.2893 lr_base = 0.000734 lr_mult = 1.0000 lr_eff = 0.000734 mon_cov = 0.957 mon_score = 1.2051 progress = 48/400 epoch_sec = 130.6 avg_epoch_sec = 132.6 elapsed = 01:46:05 eta = 12:57:54
Epoch 47 memory(end): tensors=258, buffers=258, bytes=18.3MB
[curriculum] phase=C age=19 ramp=80 delta=0.3568 cov=0.957 best_global_delta=0.3529

--- NO MONITOR IMPROVEMENT FOR 18 EPOCHS: plateau multiplier 1.0000 -> 0.5000, effective LR 0.000367 ---

Epoch 48: Phase C (A_end=10, B_end=29, C_ramp=80) Weights {"totalWeight":0.039,"recapWeight":0.24062499999999998,"deltaWeight":3.078125,"categoryWeight":0.05,"quantileWeight":0.3375,"consistencyWeight":0,"identityDropoutRate":1}, Scales {"judgeBias":1,"corps":0.6571428571428571}, SeqLen 15, ID_Drop 1.000, WFW 1.500 
Epoch 48 memory(start): tensors=258, buffers=258, bytes=18.3MB

History Bucket Diagnostics (Avg Abs Error per sample, normalized units):
Hist | Count | MAE_Pred | MAE_Base | PredDevFromBase
-----|-------|----------|----------|----------------
0    | 8     | 0.7113   | 3.7696   | 4.1230 
1    | 9     | 0.6677   | 0.9160   | 0.8877 
2    | 11    | 0.4662   | 0.5551   | 0.5915 
3-5  | 59    | 0.3841   | 0.3926   | 0.3350 
6+   | 276   | 0.3085   | 0.2990   | 0.2748 

Epoch 48: loss = 0.423457 phase = C val_loss = 0.408502 delta_mae_pts = 0.3433 recap_mae_pts = 0.3433 cat_mae_pts = 0.4205 total_mae_pts = 0.9748 vs_inertia_pts = 0.0704 vs_quad_pts = 0.3029 lr_base = 0.000733 lr_mult = 0.5000 lr_eff = 0.000367 mon_cov = 0.963 mon_score = 1.1984 progress = 49/400 epoch_sec = 129.7 avg_epoch_sec = 132.5 elapsed = 01:48:14 eta = 12:55:21
Epoch 48 memory(end): tensors=258, buffers=258, bytes=18.3MB
Saved BEST-DELTA checkpoint @epoch 48 delta_mae_pts = 0.3433 monitor_score = 0.5358 -> models\v9_subcaption_fixed\v9fix_shared_datefwd_best_only_1779483930970\best 
Saved BEST-PHASE-C checkpoint @epoch 48 delta_mae_pts = 0.3433 -> models\v9_subcaption_fixed\v9fix_shared_datefwd_best_only_1779483930970\best_phase_c 
[curriculum] phase=C age=20 ramp=80 delta=0.3433 cov=0.963 best_global_delta=0.3433

Epoch 49: Phase C (A_end=10, B_end=29, C_ramp=80) Weights {"totalWeight":0.04,"recapWeight":0.2375,"deltaWeight":3.1875,"categoryWeight":0.05,"quantileWeight":0.35,"consistencyWeight":0,"identityDropoutRate":1}, Scales {"judgeBias":1,"corps":0.6857142857142857}, SeqLen 15, ID_Drop 1.000, WFW 1.500 
Epoch 49 memory(start): tensors=258, buffers=219, bytes=18.3MB

History Bucket Diagnostics (Avg Abs Error per sample, normalized units):
Hist | Count | MAE_Pred | MAE_Base | PredDevFromBase
-----|-------|----------|----------|----------------
0    | 8     | 0.6617   | 3.7696   | 3.6054 
1    | 9     | 0.7241   | 0.9160   | 0.7309 
2    | 11    | 0.4282   | 0.5551   | 0.4428 
3-5  | 59    | 0.4421   | 0.3926   | 0.3196 
6+   | 276   | 0.3212   | 0.2990   | 0.2552 

Epoch 49: loss = 0.429945 phase = C val_loss = 0.439809 delta_mae_pts = 0.3616 recap_mae_pts = 0.3616 cat_mae_pts = 0.4542 total_mae_pts = 1.0964 vs_inertia_pts = 0.0521 vs_quad_pts = 0.2845 lr_base = 0.000732 lr_mult = 0.5000 lr_eff = 0.000366 mon_cov = 0.954 mon_score = 1.3051 progress = 50/400 epoch_sec = 130.0 avg_epoch_sec = 132.5 elapsed = 01:50:24 eta = 12:52:50
Epoch 49 memory(end): tensors=258, buffers=258, bytes=18.3MB
[curriculum] phase=C age=21 ramp=80 delta=0.3616 cov=0.954 best_global_delta=0.3433

Epoch 50: Phase C (A_end=10, B_end=29, C_ramp=80) Weights {"totalWeight":0.041,"recapWeight":0.234375,"deltaWeight":3.296875,"categoryWeight":0.05,"quantileWeight":0.36250000000000004,"consistencyWeight":0,"identityDropoutRate":1}, Scales {"judgeBias":1,"corps":0.7142857142857143}, SeqLen 15, ID_Drop 1.000, WFW 1.500 
Epoch 50 memory(start): tensors=258, buffers=258, bytes=18.3MB

History Bucket Diagnostics (Avg Abs Error per sample, normalized units):
Hist | Count | MAE_Pred | MAE_Base | PredDevFromBase
-----|-------|----------|----------|----------------
0    | 8     | 0.5471   | 3.7696   | 3.7313 
1    | 9     | 0.6324   | 0.9160   | 0.7316 
2    | 11    | 0.4444   | 0.5551   | 0.5034 
3-5  | 59    | 0.3923   | 0.3926   | 0.3189 
6+   | 276   | 0.3198   | 0.2990   | 0.2761 

Epoch 50: loss = 0.437307 phase = C val_loss = 0.438464 delta_mae_pts = 0.3481 recap_mae_pts = 0.3481 cat_mae_pts = 0.4189 total_mae_pts = 0.9176 vs_inertia_pts = 0.0656 vs_quad_pts = 0.2980 lr_base = 0.000731 lr_mult = 0.5000 lr_eff = 0.000366 mon_cov = 0.965 mon_score = 1.2879 progress = 51/400 epoch_sec = 128.8 avg_epoch_sec = 132.4 elapsed = 01:52:33 eta = 12:50:13
Epoch 50 memory(end): tensors=258, buffers=258, bytes=18.3MB

-- - CAPTION STATS(Epoch 50)-- - 
GE1: delta_pts = 0.2861, recap_pts = 0.2861, cov = 0.983, width = 1.9907 
GE2: delta_pts = 0.3159, recap_pts = 0.3159, cov = 0.981, width = 2.0043 
VP: delta_pts = 0.3593, recap_pts = 0.3593, cov = 0.967, width = 2.0201 
VA: delta_pts = 0.2991, recap_pts = 0.2991, cov = 0.983, width = 2.0631 
CG: delta_pts = 0.3994, recap_pts = 0.3994, cov = 0.945, width = 2.0339 
MB: delta_pts = 0.3232, recap_pts = 0.3232, cov = 0.981, width = 2.0014 
MA: delta_pts = 0.3717, recap_pts = 0.3717, cov = 0.956, width = 1.9723 
MP: delta_pts = 0.4303, recap_pts = 0.4303, cov = 0.926, width = 2.0039 
----------------------------------

[curriculum] phase=C age=22 ramp=80 delta=0.3481 cov=0.965 best_global_delta=0.3433

Epoch 51: Phase C (A_end=10, B_end=29, C_ramp=80) Weights {"totalWeight":0.042,"recapWeight":0.23124999999999998,"deltaWeight":3.40625,"categoryWeight":0.05,"quantileWeight":0.375,"consistencyWeight":0,"identityDropoutRate":1}, Scales {"judgeBias":1,"corps":0.7428571428571429}, SeqLen 15, ID_Drop 1.000, WFW 1.500 
Epoch 51 memory(start): tensors=258, buffers=258, bytes=18.3MB

History Bucket Diagnostics (Avg Abs Error per sample, normalized units):
Hist | Count | MAE_Pred | MAE_Base | PredDevFromBase
-----|-------|----------|----------|----------------
0    | 8     | 0.6974   | 3.7696   | 3.9157 
1    | 9     | 0.6777   | 0.9160   | 0.6799 
2    | 11    | 0.4483   | 0.5551   | 0.4281 
3-5  | 59    | 0.4558   | 0.3926   | 0.3373 
6+   | 276   | 0.3322   | 0.2990   | 0.2728 

Epoch 51: loss = 0.443691 phase = C val_loss = 0.478499 delta_mae_pts = 0.3724 recap_mae_pts = 0.3724 cat_mae_pts = 0.4727 total_mae_pts = 1.1310 vs_inertia_pts = 0.0413 vs_quad_pts = 0.2738 lr_base = 0.000731 lr_mult = 0.5000 lr_eff = 0.000365 mon_cov = 0.951 mon_score = 1.4257 progress = 52/400 epoch_sec = 127.8 avg_epoch_sec = 132.3 elapsed = 01:54:41 eta = 12:47:29
Epoch 51 memory(end): tensors=258, buffers=258, bytes=18.3MB
[curriculum] phase=C age=23 ramp=80 delta=0.3724 cov=0.951 best_global_delta=0.3433

Epoch 52: Phase C (A_end=10, B_end=29, C_ramp=80) Weights {"totalWeight":0.043,"recapWeight":0.228125,"deltaWeight":3.515625,"categoryWeight":0.05,"quantileWeight":0.38749999999999996,"consistencyWeight":0,"identityDropoutRate":1}, Scales {"judgeBias":1,"corps":0.7714285714285715}, SeqLen 15, ID_Drop 1.000, WFW 1.500 
Epoch 52 memory(start): tensors=258, buffers=258, bytes=18.3MB

History Bucket Diagnostics (Avg Abs Error per sample, normalized units):
Hist | Count | MAE_Pred | MAE_Base | PredDevFromBase
-----|-------|----------|----------|----------------
0    | 8     | 0.6653   | 3.7696   | 4.0410 
1    | 9     | 0.6899   | 0.9160   | 0.9269 
2    | 11    | 0.4766   | 0.5551   | 0.6174 
3-5  | 59    | 0.3817   | 0.3926   | 0.3571 
6+   | 276   | 0.3173   | 0.2990   | 0.2950 

Epoch 52: loss = 0.460646 phase = C val_loss = 0.465877 delta_mae_pts = 0.3495 recap_mae_pts = 0.3495 cat_mae_pts = 0.4279 total_mae_pts = 1.0003 vs_inertia_pts = 0.0643 vs_quad_pts = 0.2967 lr_base = 0.000730 lr_mult = 0.5000 lr_eff = 0.000365 mon_cov = 0.957 mon_score = 1.3727 progress = 53/400 epoch_sec = 129.0 avg_epoch_sec = 132.3 elapsed = 01:56:50 eta = 12:44:55
Epoch 52 memory(end): tensors=258, buffers=258, bytes=18.3MB
[curriculum] phase=C age=24 ramp=80 delta=0.3495 cov=0.957 best_global_delta=0.3433

Epoch 53: Phase C (A_end=10, B_end=29, C_ramp=80) Weights {"totalWeight":0.044,"recapWeight":0.22499999999999998,"deltaWeight":3.625,"categoryWeight":0.05,"quantileWeight":0.4,"consistencyWeight":0,"identityDropoutRate":1}, Scales {"judgeBias":1,"corps":0.8}, SeqLen 15, ID_Drop 1.000, WFW 1.500 
Epoch 53 memory(start): tensors=258, buffers=258, bytes=18.3MB

History Bucket Diagnostics (Avg Abs Error per sample, normalized units):
Hist | Count | MAE_Pred | MAE_Base | PredDevFromBase
-----|-------|----------|----------|----------------
0    | 8     | 0.5637   | 3.7696   | 3.7197 
1    | 9     | 0.6610   | 0.9160   | 0.8076 
2    | 11    | 0.4345   | 0.5551   | 0.5236 
3-5  | 59    | 0.4225   | 0.3926   | 0.3292 
6+   | 276   | 0.3236   | 0.2990   | 0.2564 

Epoch 53: loss = 0.469153 phase = C val_loss = 0.486217 delta_mae_pts = 0.3567 recap_mae_pts = 0.3567 cat_mae_pts = 0.4525 total_mae_pts = 1.0772 vs_inertia_pts = 0.0571 vs_quad_pts = 0.2895 lr_base = 0.000729 lr_mult = 0.5000 lr_eff = 0.000364 mon_cov = 0.955 mon_score = 1.4432 progress = 54/400 epoch_sec = 128.7 avg_epoch_sec = 132.2 elapsed = 01:58:59 eta = 12:42:20
Epoch 53 memory(end): tensors=258, buffers=258, bytes=18.3MB
[curriculum] phase=C age=25 ramp=80 delta=0.3567 cov=0.955 best_global_delta=0.3433

Epoch 54: Phase C (A_end=10, B_end=29, C_ramp=80) Weights {"totalWeight":0.045,"recapWeight":0.221875,"deltaWeight":3.734375,"categoryWeight":0.05,"quantileWeight":0.4125,"consistencyWeight":0,"identityDropoutRate":1}, Scales {"judgeBias":1,"corps":0.8285714285714286}, SeqLen 15, ID_Drop 1.000, WFW 1.500 
Epoch 54 memory(start): tensors=258, buffers=258, bytes=18.3MB

History Bucket Diagnostics (Avg Abs Error per sample, normalized units):
Hist | Count | MAE_Pred | MAE_Base | PredDevFromBase
-----|-------|----------|----------|----------------
0    | 8     | 0.6917   | 3.7696   | 3.8444 
1    | 9     | 0.6690   | 0.9160   | 0.6308 
2    | 11    | 0.4450   | 0.5551   | 0.4880 
3-5  | 59    | 0.4365   | 0.3926   | 0.3615 
6+   | 276   | 0.3329   | 0.2990   | 0.2901 

Epoch 54: loss = 0.476589 phase = C val_loss = 0.515144 delta_mae_pts = 0.3693 recap_mae_pts = 0.3693 cat_mae_pts = 0.4620 total_mae_pts = 1.0519 vs_inertia_pts = 0.0444 vs_quad_pts = 0.2768 lr_base = 0.000728 lr_mult = 0.5000 lr_eff = 0.000364 mon_cov = 0.949 mon_score = 1.5317 progress = 55/400 epoch_sec = 129.5 avg_epoch_sec = 132.1 elapsed = 02:01:08 eta = 12:39:51
Epoch 54 memory(end): tensors=258, buffers=258, bytes=18.3MB
[curriculum] phase=C age=26 ramp=80 delta=0.3693 cov=0.949 best_global_delta=0.3433

Epoch 55: Phase C (A_end=10, B_end=29, C_ramp=80) Weights {"totalWeight":0.046,"recapWeight":0.21875,"deltaWeight":3.84375,"categoryWeight":0.05,"quantileWeight":0.42500000000000004,"consistencyWeight":0,"identityDropoutRate":1}, Scales {"judgeBias":1,"corps":0.8571428571428571}, SeqLen 15, ID_Drop 1.000, WFW 1.500 
Epoch 55 memory(start): tensors=258, buffers=258, bytes=18.3MB

History Bucket Diagnostics (Avg Abs Error per sample, normalized units):
Hist | Count | MAE_Pred | MAE_Base | PredDevFromBase
-----|-------|----------|----------|----------------
0    | 8     | 0.7223   | 3.7696   | 4.0670 
1    | 9     | 0.7317   | 0.9160   | 0.9607 
2    | 11    | 0.4742   | 0.5551   | 0.5449 
3-5  | 59    | 0.4307   | 0.3926   | 0.3313 
6+   | 276   | 0.3352   | 0.2990   | 0.2776 

Epoch 55: loss = 0.492131 phase = C val_loss = 0.533662 delta_mae_pts = 0.3733 recap_mae_pts = 0.3733 cat_mae_pts = 0.4601 total_mae_pts = 1.0845 vs_inertia_pts = 0.0404 vs_quad_pts = 0.2729 lr_base = 0.000727 lr_mult = 0.5000 lr_eff = 0.000363 mon_cov = 0.948 mon_score = 1.5895 progress = 56/400 epoch_sec = 131.2 avg_epoch_sec = 132.1 elapsed = 02:03:19 eta = 12:37:33
Epoch 55 memory(end): tensors=258, buffers=258, bytes=18.3MB
[curriculum] phase=C age=27 ramp=80 delta=0.3733 cov=0.948 best_global_delta=0.3433

Epoch 56: Phase C (A_end=10, B_end=29, C_ramp=80) Weights {"totalWeight":0.047,"recapWeight":0.21562499999999998,"deltaWeight":3.953125,"categoryWeight":0.05,"quantileWeight":0.4375,"consistencyWeight":0,"identityDropoutRate":1}, Scales {"judgeBias":1,"corps":0.8857142857142857}, SeqLen 15, ID_Drop 1.000, WFW 1.500 
Epoch 56 memory(start): tensors=258, buffers=258, bytes=18.3MB

History Bucket Diagnostics (Avg Abs Error per sample, normalized units):
Hist | Count | MAE_Pred | MAE_Base | PredDevFromBase
-----|-------|----------|----------|----------------
0    | 8     | 0.6346   | 3.7696   | 3.8744 
1    | 9     | 0.6842   | 0.9160   | 0.7282 
2    | 11    | 0.4197   | 0.5551   | 0.4696 
3-5  | 59    | 0.4349   | 0.3926   | 0.3225 
6+   | 276   | 0.3169   | 0.2990   | 0.2581 

Epoch 56: loss = 0.497970 phase = C val_loss = 0.525218 delta_mae_pts = 0.3553 recap_mae_pts = 0.3553 cat_mae_pts = 0.4456 total_mae_pts = 1.0690 vs_inertia_pts = 0.0584 vs_quad_pts = 0.2909 lr_base = 0.000726 lr_mult = 0.5000 lr_eff = 0.000363 mon_cov = 0.960 mon_score = 1.5536 progress = 57/400 epoch_sec = 141.3 avg_epoch_sec = 132.3 elapsed = 02:05:41 eta = 12:36:16
Epoch 56 memory(end): tensors=258, buffers=258, bytes=18.3MB
[curriculum] phase=C age=28 ramp=80 delta=0.3553 cov=0.960 best_global_delta=0.3433

Epoch 57: Phase C (A_end=10, B_end=29, C_ramp=80) Weights {"totalWeight":0.048,"recapWeight":0.2125,"deltaWeight":4.0625,"categoryWeight":0.05,"quantileWeight":0.44999999999999996,"consistencyWeight":0,"identityDropoutRate":1}, Scales {"judgeBias":1,"corps":0.9142857142857143}, SeqLen 15, ID_Drop 1.000, WFW 1.500 
Epoch 57 memory(start): tensors=258, buffers=258, bytes=18.3MB

History Bucket Diagnostics (Avg Abs Error per sample, normalized units):
Hist | Count | MAE_Pred | MAE_Base | PredDevFromBase
-----|-------|----------|----------|----------------
0    | 8     | 0.7574   | 3.7696   | 3.9787 
1    | 9     | 0.6963   | 0.9160   | 0.7888 
2    | 11    | 0.4495   | 0.5551   | 0.5070 
3-5  | 59    | 0.4509   | 0.3926   | 0.3484 
6+   | 276   | 0.3295   | 0.2990   | 0.2793 

Epoch 57: loss = 0.510618 phase = C val_loss = 0.557696 delta_mae_pts = 0.3714 recap_mae_pts = 0.3714 cat_mae_pts = 0.4701 total_mae_pts = 1.1243 vs_inertia_pts = 0.0424 vs_quad_pts = 0.2748 lr_base = 0.000725 lr_mult = 0.5000 lr_eff = 0.000362 mon_cov = 0.948 mon_score = 1.6650 progress = 58/400 epoch_sec = 134.3 avg_epoch_sec = 132.3 elapsed = 02:07:55 eta = 12:34:16
Epoch 57 memory(end): tensors=258, buffers=258, bytes=18.3MB
[curriculum] phase=C age=29 ramp=80 delta=0.3714 cov=0.948 best_global_delta=0.3433

Epoch 58: Phase C (A_end=10, B_end=29, C_ramp=80) Weights {"totalWeight":0.049,"recapWeight":0.20937499999999998,"deltaWeight":4.171875,"categoryWeight":0.05,"quantileWeight":0.4625,"consistencyWeight":0,"identityDropoutRate":1}, Scales {"judgeBias":1,"corps":0.9428571428571428}, SeqLen 15, ID_Drop 1.000, WFW 1.500 
Epoch 58 memory(start): tensors=258, buffers=258, bytes=18.3MB

History Bucket Diagnostics (Avg Abs Error per sample, normalized units):
Hist | Count | MAE_Pred | MAE_Base | PredDevFromBase
-----|-------|----------|----------|----------------
0    | 8     | 0.7322   | 3.7696   | 3.9853 
1    | 9     | 0.7060   | 0.9160   | 0.7399 
2    | 11    | 0.4477   | 0.5551   | 0.5049 
3-5  | 59    | 0.4342   | 0.3926   | 0.3473 
6+   | 276   | 0.3217   | 0.2990   | 0.2892 

Epoch 58: loss = 0.516611 phase = C val_loss = 0.560271 delta_mae_pts = 0.3624 recap_mae_pts = 0.3624 cat_mae_pts = 0.4418 total_mae_pts = 1.0138 vs_inertia_pts = 0.0513 vs_quad_pts = 0.2838 lr_base = 0.000723 lr_mult = 0.5000 lr_eff = 0.000362 mon_cov = 0.948 mon_score = 1.6595 progress = 59/400 epoch_sec = 133.2 avg_epoch_sec = 132.3 elapsed = 02:10:08 eta = 12:32:09
Epoch 58 memory(end): tensors=258, buffers=258, bytes=18.3MB
[curriculum] phase=C age=30 ramp=80 delta=0.3624 cov=0.948 best_global_delta=0.3433

Epoch 59: Phase C (A_end=10, B_end=29, C_ramp=80) Weights {"totalWeight":0.05,"recapWeight":0.20625,"deltaWeight":4.28125,"categoryWeight":0.05,"quantileWeight":0.475,"consistencyWeight":0,"identityDropoutRate":1}, Scales {"judgeBias":1,"corps":0.9714285714285714}, SeqLen 15, ID_Drop 1.000, WFW 1.500 
Epoch 59 memory(start): tensors=258, buffers=258, bytes=18.3MB

History Bucket Diagnostics (Avg Abs Error per sample, normalized units):
Hist | Count | MAE_Pred | MAE_Base | PredDevFromBase
-----|-------|----------|----------|----------------
0    | 8     | 0.5994   | 3.7696   | 3.9305 
1    | 9     | 0.6821   | 0.9160   | 0.7103 
2    | 11    | 0.4346   | 0.5551   | 0.4681 
3-5  | 59    | 0.4242   | 0.3926   | 0.3159 
6+   | 276   | 0.3294   | 0.2990   | 0.2729 

Epoch 59: loss = 0.527912 phase = C val_loss = 0.574731 delta_mae_pts = 0.3627 recap_mae_pts = 0.3627 cat_mae_pts = 0.4638 total_mae_pts = 1.0915 vs_inertia_pts = 0.0510 vs_quad_pts = 0.2835 lr_base = 0.000722 lr_mult = 0.5000 lr_eff = 0.000361 mon_cov = 0.958 mon_score = 1.7054 progress = 60/400 epoch_sec = 133.5 avg_epoch_sec = 132.4 elapsed = 02:12:22 eta = 12:30:03
Epoch 59 memory(end): tensors=258, buffers=258, bytes=18.3MB
[curriculum] phase=C age=31 ramp=80 delta=0.3627 cov=0.958 best_global_delta=0.3433

Epoch 60: Phase C (A_end=10, B_end=29, C_ramp=80) Weights {"totalWeight":0.051000000000000004,"recapWeight":0.203125,"deltaWeight":4.390625,"categoryWeight":0.05,"quantileWeight":0.48750000000000004,"consistencyWeight":0,"identityDropoutRate":1}, Scales {"judgeBias":1,"corps":1}, SeqLen 15, ID_Drop 1.000, WFW 1.500 
Epoch 60 memory(start): tensors=258, buffers=258, bytes=18.3MB

History Bucket Diagnostics (Avg Abs Error per sample, normalized units):
Hist | Count | MAE_Pred | MAE_Base | PredDevFromBase
-----|-------|----------|----------|----------------
0    | 8     | 0.6736   | 3.7696   | 4.0652 
1    | 9     | 0.7650   | 0.9160   | 0.9235 
2    | 11    | 0.4498   | 0.5551   | 0.6139 
3-5  | 59    | 0.3815   | 0.3926   | 0.3702 
6+   | 276   | 0.3321   | 0.2990   | 0.3288 

Epoch 60: loss = 0.535139 phase = C val_loss = 0.584801 delta_mae_pts = 0.3619 recap_mae_pts = 0.3619 cat_mae_pts = 0.4431 total_mae_pts = 1.0204 vs_inertia_pts = 0.0518 vs_quad_pts = 0.2842 lr_base = 0.000721 lr_mult = 0.5000 lr_eff = 0.000361 mon_cov = 0.947 mon_score = 1.7369 progress = 61/400 epoch_sec = 132.9 avg_epoch_sec = 132.4 elapsed = 02:14:35 eta = 12:27:54
Epoch 60 memory(end): tensors=258, buffers=258, bytes=18.3MB
[curriculum] phase=C age=32 ramp=80 delta=0.3619 cov=0.947 best_global_delta=0.3433

Epoch 61: Phase C (A_end=10, B_end=29, C_ramp=80) Weights {"totalWeight":0.052000000000000005,"recapWeight":0.19999999999999998,"deltaWeight":4.5,"categoryWeight":0.05,"quantileWeight":0.5,"consistencyWeight":0,"identityDropoutRate":1}, Scales {"judgeBias":1,"corps":1}, SeqLen 15, ID_Drop 1.000, WFW 1.500 
Epoch 61 memory(start): tensors=258, buffers=258, bytes=18.3MB

History Bucket Diagnostics (Avg Abs Error per sample, normalized units):
Hist | Count | MAE_Pred | MAE_Base | PredDevFromBase
-----|-------|----------|----------|----------------
0    | 8     | 0.6634   | 3.7696   | 4.0464 
1    | 9     | 0.6789   | 0.9160   | 0.8826 
2    | 11    | 0.4516   | 0.5551   | 0.6074 
3-5  | 59    | 0.3911   | 0.3926   | 0.3749 
6+   | 276   | 0.3195   | 0.2990   | 0.3115 

Epoch 61: loss = 0.547722 phase = C val_loss = 0.583545 delta_mae_pts = 0.3517 recap_mae_pts = 0.3517 cat_mae_pts = 0.4287 total_mae_pts = 0.9729 vs_inertia_pts = 0.0621 vs_quad_pts = 0.2945 lr_base = 0.000720 lr_mult = 0.5000 lr_eff = 0.000360 mon_cov = 0.954 mon_score = 1.7248 progress = 62/400 epoch_sec = 130.8 avg_epoch_sec = 132.3 elapsed = 02:16:45 eta = 12:25:33
Epoch 61 memory(end): tensors=258, buffers=258, bytes=18.3MB
[curriculum] phase=C age=33 ramp=80 delta=0.3517 cov=0.954 best_global_delta=0.3433

Epoch 62: Phase C (A_end=10, B_end=29, C_ramp=80) Weights {"totalWeight":0.053000000000000005,"recapWeight":0.196875,"deltaWeight":4.609375,"categoryWeight":0.05,"quantileWeight":0.5125,"consistencyWeight":0,"identityDropoutRate":1}, Scales {"judgeBias":1,"corps":1}, SeqLen 15, ID_Drop 1.000, WFW 1.500 
Epoch 62 memory(start): tensors=258, buffers=258, bytes=18.3MB

History Bucket Diagnostics (Avg Abs Error per sample, normalized units):
Hist | Count | MAE_Pred | MAE_Base | PredDevFromBase
-----|-------|----------|----------|----------------
0    | 8     | 0.6669   | 3.7696   | 3.7687 
1    | 9     | 0.6900   | 0.9160   | 0.6156 
2    | 11    | 0.4341   | 0.5551   | 0.4103 
3-5  | 59    | 0.4934   | 0.3926   | 0.3563 
6+   | 276   | 0.3330   | 0.2990   | 0.2735 

Epoch 62: loss = 0.554881 phase = C val_loss = 0.637276 delta_mae_pts = 0.3783 recap_mae_pts = 0.3783 cat_mae_pts = 0.5093 total_mae_pts = 1.2701 vs_inertia_pts = 0.0354 vs_quad_pts = 0.2678 lr_base = 0.000719 lr_mult = 0.5000 lr_eff = 0.000359 mon_cov = 0.951 mon_score = 1.9111 progress = 63/400 epoch_sec = 129.9 avg_epoch_sec = 132.3 elapsed = 02:18:55 eta = 12:23:08
Epoch 62 memory(end): tensors=258, buffers=258, bytes=18.3MB
[curriculum] phase=C age=34 ramp=80 delta=0.3783 cov=0.951 best_global_delta=0.3433

Epoch 63: Phase C (A_end=10, B_end=29, C_ramp=80) Weights {"totalWeight":0.054000000000000006,"recapWeight":0.19374999999999998,"deltaWeight":4.71875,"categoryWeight":0.05,"quantileWeight":0.525,"consistencyWeight":0,"identityDropoutRate":1}, Scales {"judgeBias":1,"corps":1}, SeqLen 15, ID_Drop 1.000, WFW 1.500 
Epoch 63 memory(start): tensors=258, buffers=258, bytes=18.3MB

History Bucket Diagnostics (Avg Abs Error per sample, normalized units):
Hist | Count | MAE_Pred | MAE_Base | PredDevFromBase
-----|-------|----------|----------|----------------
0    | 8     | 0.6869   | 3.7696   | 3.8570 
1    | 9     | 0.7248   | 0.9160   | 0.6874 
2    | 11    | 0.4091   | 0.5551   | 0.4601 
3-5  | 59    | 0.4180   | 0.3926   | 0.3360 
6+   | 276   | 0.3202   | 0.2990   | 0.2921 

Epoch 63: loss = 0.556587 phase = C val_loss = 0.617357 delta_mae_pts = 0.3569 recap_mae_pts = 0.3569 cat_mae_pts = 0.4509 total_mae_pts = 1.0440 vs_inertia_pts = 0.0568 vs_quad_pts = 0.2892 lr_base = 0.000718 lr_mult = 0.5000 lr_eff = 0.000359 mon_cov = 0.952 mon_score = 1.8324 progress = 64/400 epoch_sec = 132.6 avg_epoch_sec = 132.3 elapsed = 02:21:08 eta = 12:20:57
Epoch 63 memory(end): tensors=258, buffers=258, bytes=18.3MB
[curriculum] phase=C age=35 ramp=80 delta=0.3569 cov=0.952 best_global_delta=0.3433

Epoch 64: Phase C (A_end=10, B_end=29, C_ramp=80) Weights {"totalWeight":0.05500000000000001,"recapWeight":0.190625,"deltaWeight":4.828125,"categoryWeight":0.05,"quantileWeight":0.5375,"consistencyWeight":0,"identityDropoutRate":1}, Scales {"judgeBias":1,"corps":1}, SeqLen 15, ID_Drop 1.000, WFW 1.500 
Epoch 64 memory(start): tensors=258, buffers=258, bytes=18.3MB

History Bucket Diagnostics (Avg Abs Error per sample, normalized units):
Hist | Count | MAE_Pred | MAE_Base | PredDevFromBase
-----|-------|----------|----------|----------------
0    | 8     | 0.6998   | 3.7696   | 3.9833 
1    | 9     | 0.7530   | 0.9160   | 0.8011 
2    | 11    | 0.4276   | 0.5551   | 0.5601 
3-5  | 59    | 0.4238   | 0.3926   | 0.3926 
6+   | 276   | 0.3365   | 0.2990   | 0.3323 

Epoch 64: loss = 0.571933 phase = C val_loss = 0.652844 delta_mae_pts = 0.3718 recap_mae_pts = 0.3718 cat_mae_pts = 0.4558 total_mae_pts = 1.0792 vs_inertia_pts = 0.0419 vs_quad_pts = 0.2744 lr_base = 0.000716 lr_mult = 0.5000 lr_eff = 0.000358 mon_cov = 0.948 mon_score = 1.9481 progress = 65/400 epoch_sec = 129.8 avg_epoch_sec = 132.3 elapsed = 02:23:18 eta = 12:18:31
Epoch 64 memory(end): tensors=258, buffers=258, bytes=18.3MB
[curriculum] phase=C age=36 ramp=80 delta=0.3718 cov=0.948 best_global_delta=0.3433

Epoch 65: Phase C (A_end=10, B_end=29, C_ramp=80) Weights {"totalWeight":0.05600000000000001,"recapWeight":0.1875,"deltaWeight":4.9375,"categoryWeight":0.05,"quantileWeight":0.55,"consistencyWeight":0,"identityDropoutRate":1}, Scales {"judgeBias":1,"corps":1}, SeqLen 15, ID_Drop 1.000, WFW 1.500 
Epoch 65 memory(start): tensors=258, buffers=258, bytes=18.3MB

History Bucket Diagnostics (Avg Abs Error per sample, normalized units):
Hist | Count | MAE_Pred | MAE_Base | PredDevFromBase
-----|-------|----------|----------|----------------
0    | 8     | 0.7389   | 3.7696   | 3.9066 
1    | 9     | 0.7276   | 0.9160   | 0.8159 
2    | 11    | 0.4323   | 0.5551   | 0.5357 
3-5  | 59    | 0.4315   | 0.3926   | 0.3701 
6+   | 276   | 0.3212   | 0.2990   | 0.3030 

Epoch 65: loss = 0.584248 phase = C val_loss = 0.650991 delta_mae_pts = 0.3618 recap_mae_pts = 0.3618 cat_mae_pts = 0.4455 total_mae_pts = 1.0248 vs_inertia_pts = 0.0519 vs_quad_pts = 0.2844 lr_base = 0.000715 lr_mult = 0.5000 lr_eff = 0.000358 mon_cov = 0.950 mon_score = 1.9339 progress = 66/400 epoch_sec = 130.0 avg_epoch_sec = 132.2 elapsed = 02:25:28 eta = 12:16:08
Epoch 65 memory(end): tensors=258, buffers=258, bytes=18.3MB
[curriculum] phase=C age=37 ramp=80 delta=0.3618 cov=0.950 best_global_delta=0.3433

--- NO MONITOR IMPROVEMENT FOR 18 EPOCHS: plateau multiplier 0.5000 -> 0.2500, effective LR 0.000179 ---

Epoch 66: Phase C (A_end=10, B_end=29, C_ramp=80) Weights {"totalWeight":0.05700000000000001,"recapWeight":0.18437499999999998,"deltaWeight":5.046875,"categoryWeight":0.05,"quantileWeight":0.5625,"consistencyWeight":0,"identityDropoutRate":1}, Scales {"judgeBias":1,"corps":1}, SeqLen 15, ID_Drop 1.000, WFW 1.500 
Epoch 66 memory(start): tensors=258, buffers=258, bytes=18.3MB

History Bucket Diagnostics (Avg Abs Error per sample, normalized units):
Hist | Count | MAE_Pred | MAE_Base | PredDevFromBase
-----|-------|----------|----------|----------------
0    | 8     | 0.7095   | 3.7696   | 3.8414 
1    | 9     | 0.7280   | 0.9160   | 0.7045 
2    | 11    | 0.4257   | 0.5551   | 0.4562 
3-5  | 59    | 0.4365   | 0.3926   | 0.3468 
6+   | 276   | 0.3269   | 0.2990   | 0.2892 

Epoch 66: loss = 0.582765 phase = C val_loss = 0.670849 delta_mae_pts = 0.3661 recap_mae_pts = 0.3661 cat_mae_pts = 0.4726 total_mae_pts = 1.1140 vs_inertia_pts = 0.0477 vs_quad_pts = 0.2801 lr_base = 0.000714 lr_mult = 0.2500 lr_eff = 0.000178 mon_cov = 0.952 mon_score = 2.0021 progress = 67/400 epoch_sec = 130.5 avg_epoch_sec = 132.2 elapsed = 02:27:38 eta = 12:13:47
Epoch 66 memory(end): tensors=258, buffers=258, bytes=18.3MB
[curriculum] phase=C age=38 ramp=80 delta=0.3661 cov=0.952 best_global_delta=0.3433

Epoch 67: Phase C (A_end=10, B_end=29, C_ramp=80) Weights {"totalWeight":0.057999999999999996,"recapWeight":0.18125,"deltaWeight":5.15625,"categoryWeight":0.05,"quantileWeight":0.575,"consistencyWeight":0,"identityDropoutRate":1}, Scales {"judgeBias":1,"corps":1}, SeqLen 15, ID_Drop 1.000, WFW 1.500 
Epoch 67 memory(start): tensors=258, buffers=258, bytes=18.3MB

History Bucket Diagnostics (Avg Abs Error per sample, normalized units):
Hist | Count | MAE_Pred | MAE_Base | PredDevFromBase
-----|-------|----------|----------|----------------
0    | 8     | 0.6871   | 3.7696   | 3.9123 
1    | 9     | 0.7095   | 0.9160   | 0.7903 
2    | 11    | 0.4415   | 0.5551   | 0.5315 
3-5  | 59    | 0.4170   | 0.3926   | 0.3577 
6+   | 276   | 0.3238   | 0.2990   | 0.2978 

Epoch 67: loss = 0.582274 phase = C val_loss = 0.674139 delta_mae_pts = 0.3600 recap_mae_pts = 0.3600 cat_mae_pts = 0.4484 total_mae_pts = 1.0279 vs_inertia_pts = 0.0537 vs_quad_pts = 0.2861 lr_base = 0.000713 lr_mult = 0.2500 lr_eff = 0.000178 mon_cov = 0.950 mon_score = 2.0038 progress = 68/400 epoch_sec = 130.9 avg_epoch_sec = 132.2 elapsed = 02:29:49 eta = 12:11:28
Epoch 67 memory(end): tensors=258, buffers=258, bytes=18.3MB
[curriculum] phase=C age=39 ramp=80 delta=0.3600 cov=0.950 best_global_delta=0.3433

Epoch 68: Phase C (A_end=10, B_end=29, C_ramp=80) Weights {"totalWeight":0.059,"recapWeight":0.17812499999999998,"deltaWeight":5.265625,"categoryWeight":0.05,"quantileWeight":0.5875,"consistencyWeight":0,"identityDropoutRate":1}, Scales {"judgeBias":1,"corps":1}, SeqLen 15, ID_Drop 1.000, WFW 1.500 
Epoch 68 memory(start): tensors=258, buffers=258, bytes=18.3MB

History Bucket Diagnostics (Avg Abs Error per sample, normalized units):
Hist | Count | MAE_Pred | MAE_Base | PredDevFromBase
-----|-------|----------|----------|----------------
0    | 8     | 0.6554   | 3.7696   | 3.8728 
1    | 9     | 0.6996   | 0.9160   | 0.7258 
2    | 11    | 0.4309   | 0.5551   | 0.4667 
3-5  | 59    | 0.4391   | 0.3926   | 0.3568 
6+   | 276   | 0.3315   | 0.2990   | 0.3081 

Epoch 68: loss = 0.584988 phase = C val_loss = 0.700860 delta_mae_pts = 0.3682 recap_mae_pts = 0.3682 cat_mae_pts = 0.4733 total_mae_pts = 1.1137 vs_inertia_pts = 0.0455 vs_quad_pts = 0.2779 lr_base = 0.000711 lr_mult = 0.2500 lr_eff = 0.000178 mon_cov = 0.949 mon_score = 2.0940 progress = 69/400 epoch_sec = 130.3 avg_epoch_sec = 132.2 elapsed = 02:31:59 eta = 12:09:07
Epoch 68 memory(end): tensors=258, buffers=258, bytes=18.3MB
[curriculum] phase=C age=40 ramp=80 delta=0.3682 cov=0.949 best_global_delta=0.3433

Epoch 69: Phase C (A_end=10, B_end=29, C_ramp=80) Weights {"totalWeight":0.06,"recapWeight":0.175,"deltaWeight":5.375,"categoryWeight":0.05,"quantileWeight":0.6,"consistencyWeight":0,"identityDropoutRate":1}, Scales {"judgeBias":1,"corps":1}, SeqLen 15, ID_Drop 1.000, WFW 1.500 
Epoch 69 memory(start): tensors=258, buffers=258, bytes=18.3MB

History Bucket Diagnostics (Avg Abs Error per sample, normalized units):
Hist | Count | MAE_Pred | MAE_Base | PredDevFromBase
-----|-------|----------|----------|----------------
0    | 8     | 0.7173   | 3.7696   | 3.9577 
1    | 9     | 0.7130   | 0.9160   | 0.7416 
2    | 11    | 0.4091   | 0.5551   | 0.5021 
3-5  | 59    | 0.4261   | 0.3926   | 0.3527 
6+   | 276   | 0.3237   | 0.2990   | 0.2980 

Epoch 69: loss = 0.593181 phase = C val_loss = 0.703348 delta_mae_pts = 0.3613 recap_mae_pts = 0.3613 cat_mae_pts = 0.4531 total_mae_pts = 1.0673 vs_inertia_pts = 0.0524 vs_quad_pts = 0.2849 lr_base = 0.000710 lr_mult = 0.2500 lr_eff = 0.000178 mon_cov = 0.948 mon_score = 2.0918 progress = 70/400 epoch_sec = 130.9 avg_epoch_sec = 132.1 elapsed = 02:34:10 eta = 12:06:49
Epoch 69 memory(end): tensors=258, buffers=258, bytes=18.3MB
[curriculum] phase=C age=41 ramp=80 delta=0.3613 cov=0.948 best_global_delta=0.3433

Epoch 70: Phase C (A_end=10, B_end=29, C_ramp=80) Weights {"totalWeight":0.061,"recapWeight":0.171875,"deltaWeight":5.484375,"categoryWeight":0.05,"quantileWeight":0.6124999999999999,"consistencyWeight":0,"identityDropoutRate":0.988125}, Scales {"judgeBias":1,"corps":1}, SeqLen 15, ID_Drop 0.991, WFW 1.500 
Epoch 70 memory(start): tensors=258, buffers=258, bytes=18.3MB

History Bucket Diagnostics (Avg Abs Error per sample, normalized units):
Hist | Count | MAE_Pred | MAE_Base | PredDevFromBase
-----|-------|----------|----------|----------------
0    | 8     | 0.6975   | 3.7696   | 3.8981 
1    | 9     | 0.7122   | 0.9160   | 0.8105 
2    | 11    | 0.4336   | 0.5551   | 0.5410 
3-5  | 59    | 0.4345   | 0.3926   | 0.3575 
6+   | 276   | 0.3294   | 0.2990   | 0.3030 

Epoch 70: loss = 0.597181 phase = C val_loss = 0.726169 delta_mae_pts = 0.3673 recap_mae_pts = 0.3673 cat_mae_pts = 0.4769 total_mae_pts = 1.1313 vs_inertia_pts = 0.0464 vs_quad_pts = 0.2789 lr_base = 0.000709 lr_mult = 0.2500 lr_eff = 0.000177 mon_cov = 0.948 mon_score = 2.1703 progress = 71/400 epoch_sec = 130.2 avg_epoch_sec = 132.1 elapsed = 02:36:20 eta = 12:04:27
Epoch 70 memory(end): tensors=258, buffers=258, bytes=18.3MB
[curriculum] phase=C age=42 ramp=80 delta=0.3673 cov=0.948 best_global_delta=0.3433

Epoch 71: Phase C (A_end=10, B_end=29, C_ramp=80) Weights {"totalWeight":0.062,"recapWeight":0.16874999999999998,"deltaWeight":5.59375,"categoryWeight":0.05,"quantileWeight":0.625,"consistencyWeight":0,"identityDropoutRate":0.97625}, Scales {"judgeBias":1,"corps":1}, SeqLen 15, ID_Drop 0.976, WFW 1.500 
Epoch 71 memory(start): tensors=258, buffers=258, bytes=18.3MB

History Bucket Diagnostics (Avg Abs Error per sample, normalized units):
Hist | Count | MAE_Pred | MAE_Base | PredDevFromBase
-----|-------|----------|----------|----------------
0    | 8     | 0.7294   | 3.7696   | 3.9248 
1    | 9     | 0.7328   | 0.9160   | 0.7262 
2    | 11    | 0.4407   | 0.5551   | 0.4812 
3-5  | 59    | 0.4399   | 0.3926   | 0.3724 
6+   | 276   | 0.3249   | 0.2990   | 0.3131 

Epoch 71: loss = 0.611454 phase = C val_loss = 0.738063 delta_mae_pts = 0.3661 recap_mae_pts = 0.3661 cat_mae_pts = 0.4626 total_mae_pts = 1.1025 vs_inertia_pts = 0.0476 vs_quad_pts = 0.2800 lr_base = 0.000707 lr_mult = 0.2500 lr_eff = 0.000177 mon_cov = 0.947 mon_score = 2.2013 progress = 72/400 epoch_sec = 78.3 avg_epoch_sec = 131.4 elapsed = 02:37:39 eta = 11:58:10
Epoch 71 memory(end): tensors=258, buffers=258, bytes=18.3MB
[curriculum] phase=C age=43 ramp=80 delta=0.3661 cov=0.947 best_global_delta=0.3433

Epoch 72: Phase C (A_end=10, B_end=29, C_ramp=80) Weights {"totalWeight":0.063,"recapWeight":0.165625,"deltaWeight":5.703125,"categoryWeight":0.05,"quantileWeight":0.6375,"consistencyWeight":0,"identityDropoutRate":0.964375}, Scales {"judgeBias":1,"corps":1}, SeqLen 15, ID_Drop 0.966, WFW 1.500 
Epoch 72 memory(start): tensors=258, buffers=258, bytes=18.3MB

History Bucket Diagnostics (Avg Abs Error per sample, normalized units):
Hist | Count | MAE_Pred | MAE_Base | PredDevFromBase
-----|-------|----------|----------|----------------
0    | 8     | 0.7626   | 3.7696   | 3.9944 
1    | 9     | 0.7318   | 0.9160   | 0.8167 
2    | 11    | 0.4451   | 0.5551   | 0.5318 
3-5  | 59    | 0.4177   | 0.3926   | 0.3611 
6+   | 276   | 0.3179   | 0.2990   | 0.3003 

Epoch 72: loss = 0.618923 phase = C val_loss = 0.736731 delta_mae_pts = 0.3580 recap_mae_pts = 0.3580 cat_mae_pts = 0.4526 total_mae_pts = 1.0581 vs_inertia_pts = 0.0557 vs_quad_pts = 0.2881 lr_base = 0.000706 lr_mult = 0.2500 lr_eff = 0.000177 mon_cov = 0.959 mon_score = 2.1905 progress = 73/400 epoch_sec = 69.4 avg_epoch_sec = 130.5 elapsed = 02:38:48 eta = 11:51:21
Epoch 72 memory(end): tensors=258, buffers=258, bytes=18.3MB
[curriculum] phase=C age=44 ramp=80 delta=0.3580 cov=0.959 best_global_delta=0.3433

Epoch 73: Phase C (A_end=10, B_end=29, C_ramp=80) Weights {"totalWeight":0.064,"recapWeight":0.16249999999999998,"deltaWeight":5.8125,"categoryWeight":0.05,"quantileWeight":0.65,"consistencyWeight":0,"identityDropoutRate":0.9525}, Scales {"judgeBias":1,"corps":1}, SeqLen 15, ID_Drop 0.950, WFW 1.500 
Epoch 73 memory(start): tensors=258, buffers=258, bytes=18.3MB

History Bucket Diagnostics (Avg Abs Error per sample, normalized units):
Hist | Count | MAE_Pred | MAE_Base | PredDevFromBase
-----|-------|----------|----------|----------------
0    | 8     | 0.7126   | 3.7696   | 3.7999 
1    | 9     | 0.6976   | 0.9160   | 0.7388 
2    | 11    | 0.4323   | 0.5551   | 0.5078 
3-5  | 59    | 0.4223   | 0.3926   | 0.3561 
6+   | 276   | 0.3154   | 0.2990   | 0.2935 

Epoch 73: loss = 0.627122 phase = C val_loss = 0.743725 delta_mae_pts = 0.3545 recap_mae_pts = 0.3545 cat_mae_pts = 0.4387 total_mae_pts = 1.0391 vs_inertia_pts = 0.0592 vs_quad_pts = 0.2916 lr_base = 0.000705 lr_mult = 0.2500 lr_eff = 0.000176 mon_cov = 0.957 mon_score = 2.2068 progress = 74/400 epoch_sec = 71.1 avg_epoch_sec = 129.7 elapsed = 02:39:59 eta = 11:44:49
Epoch 73 memory(end): tensors=258, buffers=258, bytes=18.3MB
[curriculum] phase=C age=45 ramp=80 delta=0.3545 cov=0.957 best_global_delta=0.3433

Epoch 74: Phase C (A_end=10, B_end=29, C_ramp=80) Weights {"totalWeight":0.065,"recapWeight":0.159375,"deltaWeight":5.921875,"categoryWeight":0.05,"quantileWeight":0.6625,"consistencyWeight":0,"identityDropoutRate":0.940625}, Scales {"judgeBias":1,"corps":1}, SeqLen 15, ID_Drop 0.940, WFW 1.500 
Epoch 74 memory(start): tensors=258, buffers=258, bytes=18.3MB

History Bucket Diagnostics (Avg Abs Error per sample, normalized units):
Hist | Count | MAE_Pred | MAE_Base | PredDevFromBase
-----|-------|----------|----------|----------------
0    | 8     | 0.7146   | 3.7696   | 3.9350 
1    | 9     | 0.7348   | 0.9160   | 0.7929 
2    | 11    | 0.4377   | 0.5551   | 0.5165 
3-5  | 59    | 0.4014   | 0.3926   | 0.3586 
6+   | 276   | 0.3147   | 0.2990   | 0.3128 

Epoch 74: loss = 0.635735 phase = C val_loss = 0.751834 delta_mae_pts = 0.3518 recap_mae_pts = 0.3518 cat_mae_pts = 0.4387 total_mae_pts = 1.0450 vs_inertia_pts = 0.0620 vs_quad_pts = 0.2944 lr_base = 0.000703 lr_mult = 0.2500 lr_eff = 0.000176 mon_cov = 0.958 mon_score = 2.2291 progress = 75/400 epoch_sec = 67.4 avg_epoch_sec = 128.9 elapsed = 02:41:07 eta = 11:38:09
Epoch 74 memory(end): tensors=258, buffers=258, bytes=18.3MB
[curriculum] phase=C age=46 ramp=80 delta=0.3518 cov=0.958 best_global_delta=0.3433

Epoch 75: Phase C (A_end=10, B_end=29, C_ramp=80) Weights {"totalWeight":0.066,"recapWeight":0.15625,"deltaWeight":6.03125,"categoryWeight":0.05,"quantileWeight":0.6749999999999999,"consistencyWeight":0,"identityDropoutRate":0.92875}, Scales {"judgeBias":1,"corps":1}, SeqLen 15, ID_Drop 0.937, WFW 1.500 
Epoch 75 memory(start): tensors=258, buffers=258, bytes=18.3MB

History Bucket Diagnostics (Avg Abs Error per sample, normalized units):
Hist | Count | MAE_Pred | MAE_Base | PredDevFromBase
-----|-------|----------|----------|----------------
0    | 8     | 0.6820   | 3.7696   | 3.7776 
1    | 9     | 0.7378   | 0.9160   | 0.7788 
2    | 11    | 0.4481   | 0.5551   | 0.5048 
3-5  | 59    | 0.4149   | 0.3926   | 0.3576 
6+   | 276   | 0.3138   | 0.2990   | 0.3001 

Epoch 75: loss = 0.647114 phase = C val_loss = 0.766254 delta_mae_pts = 0.3530 recap_mae_pts = 0.3530 cat_mae_pts = 0.4471 total_mae_pts = 1.0572 vs_inertia_pts = 0.0608 vs_quad_pts = 0.2932 lr_base = 0.000702 lr_mult = 0.2500 lr_eff = 0.000175 mon_cov = 0.955 mon_score = 2.2761 progress = 76/400 epoch_sec = 68.1 avg_epoch_sec = 128.1 elapsed = 02:42:15 eta = 11:31:41
Epoch 75 memory(end): tensors=258, buffers=258, bytes=18.3MB
[curriculum] phase=C age=47 ramp=80 delta=0.3530 cov=0.955 best_global_delta=0.3433

Epoch 76: Phase C (A_end=10, B_end=29, C_ramp=80) Weights {"totalWeight":0.067,"recapWeight":0.15312499999999998,"deltaWeight":6.140625,"categoryWeight":0.05,"quantileWeight":0.6875,"consistencyWeight":0,"identityDropoutRate":0.916875}, Scales {"judgeBias":1,"corps":1}, SeqLen 15, ID_Drop 0.924, WFW 1.500 
Epoch 76 memory(start): tensors=258, buffers=258, bytes=18.3MB

History Bucket Diagnostics (Avg Abs Error per sample, normalized units):
Hist | Count | MAE_Pred | MAE_Base | PredDevFromBase
-----|-------|----------|----------|----------------
0    | 8     | 0.7801   | 3.7696   | 4.0425 
1    | 9     | 0.7382   | 0.9160   | 0.7948 
2    | 11    | 0.4366   | 0.5551   | 0.5299 
3-5  | 59    | 0.4228   | 0.3926   | 0.3551 
6+   | 276   | 0.3191   | 0.2990   | 0.3033 

Epoch 76: loss = 0.652163 phase = C val_loss = 0.793135 delta_mae_pts = 0.3600 recap_mae_pts = 0.3600 cat_mae_pts = 0.4543 total_mae_pts = 1.0760 vs_inertia_pts = 0.0537 vs_quad_pts = 0.2861 lr_base = 0.000700 lr_mult = 0.2500 lr_eff = 0.000175 mon_cov = 0.951 mon_score = 2.3608 progress = 77/400 epoch_sec = 69.1 avg_epoch_sec = 127.3 elapsed = 02:43:24 eta = 11:25:25
Epoch 76 memory(end): tensors=258, buffers=258, bytes=18.3MB
[curriculum] phase=C age=48 ramp=80 delta=0.3600 cov=0.951 best_global_delta=0.3433

Epoch 77: Phase C (A_end=10, B_end=29, C_ramp=80) Weights {"totalWeight":0.068,"recapWeight":0.15,"deltaWeight":6.25,"categoryWeight":0.05,"quantileWeight":0.7,"consistencyWeight":0,"identityDropoutRate":0.905}, Scales {"judgeBias":1,"corps":1}, SeqLen 15, ID_Drop 0.906, WFW 1.500 
Epoch 77 memory(start): tensors=258, buffers=258, bytes=18.3MB

History Bucket Diagnostics (Avg Abs Error per sample, normalized units):
Hist | Count | MAE_Pred | MAE_Base | PredDevFromBase
-----|-------|----------|----------|----------------
0    | 8     | 0.7367   | 3.7696   | 3.9199 
1    | 9     | 0.7191   | 0.9160   | 0.7205 
2    | 11    | 0.4389   | 0.5551   | 0.4935 
3-5  | 59    | 0.4387   | 0.3926   | 0.3697 
6+   | 276   | 0.3239   | 0.2990   | 0.3048 

Epoch 77: loss = 0.660821 phase = C val_loss = 0.816462 delta_mae_pts = 0.3650 recap_mae_pts = 0.3650 cat_mae_pts = 0.4676 total_mae_pts = 1.1174 vs_inertia_pts = 0.0488 vs_quad_pts = 0.2812 lr_base = 0.000699 lr_mult = 0.2500 lr_eff = 0.000175 mon_cov = 0.950 mon_score = 2.4351 progress = 78/400 epoch_sec = 67.0 avg_epoch_sec = 126.5 elapsed = 02:44:31 eta = 11:19:09
Epoch 77 memory(end): tensors=258, buffers=258, bytes=18.3MB
[curriculum] phase=C age=49 ramp=80 delta=0.3650 cov=0.950 best_global_delta=0.3433

Epoch 78: Phase C (A_end=10, B_end=29, C_ramp=80) Weights {"totalWeight":0.069,"recapWeight":0.14687499999999998,"deltaWeight":6.359375,"categoryWeight":0.05,"quantileWeight":0.7125,"consistencyWeight":0,"identityDropoutRate":0.893125}, Scales {"judgeBias":1,"corps":1}, SeqLen 15, ID_Drop 0.895, WFW 1.500 
Epoch 78 memory(start): tensors=258, buffers=258, bytes=18.3MB

History Bucket Diagnostics (Avg Abs Error per sample, normalized units):
Hist | Count | MAE_Pred | MAE_Base | PredDevFromBase
-----|-------|----------|----------|----------------
0    | 8     | 0.7625   | 3.7696   | 3.9234 
1    | 9     | 0.7335   | 0.9160   | 0.8038 
2    | 11    | 0.4466   | 0.5551   | 0.5240 
3-5  | 59    | 0.4242   | 0.3926   | 0.3675 
6+   | 276   | 0.3210   | 0.2990   | 0.3140 

Epoch 78: loss = 0.659949 phase = C val_loss = 0.822552 delta_mae_pts = 0.3616 recap_mae_pts = 0.3616 cat_mae_pts = 0.4565 total_mae_pts = 1.1027 vs_inertia_pts = 0.0521 vs_quad_pts = 0.2846 lr_base = 0.000697 lr_mult = 0.2500 lr_eff = 0.000174 mon_cov = 0.953 mon_score = 2.4514 progress = 79/400 epoch_sec = 67.1 avg_epoch_sec = 125.8 elapsed = 02:45:38 eta = 11:13:01
Epoch 78 memory(end): tensors=258, buffers=258, bytes=18.3MB
[curriculum] phase=C age=50 ramp=80 delta=0.3616 cov=0.953 best_global_delta=0.3433

Epoch 79: Phase C (A_end=10, B_end=29, C_ramp=80) Weights {"totalWeight":0.07,"recapWeight":0.14375,"deltaWeight":6.46875,"categoryWeight":0.05,"quantileWeight":0.725,"consistencyWeight":0,"identityDropoutRate":0.88125}, Scales {"judgeBias":1,"corps":1}, SeqLen 15, ID_Drop 0.875, WFW 1.500 
Epoch 79 memory(start): tensors=258, buffers=258, bytes=18.3MB

History Bucket Diagnostics (Avg Abs Error per sample, normalized units):
Hist | Count | MAE_Pred | MAE_Base | PredDevFromBase
-----|-------|----------|----------|----------------
0    | 8     | 0.6797   | 3.7696   | 3.8675 
1    | 9     | 0.7082   | 0.9160   | 0.7647 
2    | 11    | 0.4445   | 0.5551   | 0.4802 
3-5  | 59    | 0.4399   | 0.3926   | 0.3572 
6+   | 276   | 0.3248   | 0.2990   | 0.3003 

Epoch 79: loss = 0.670317 phase = C val_loss = 0.841433 delta_mae_pts = 0.3645 recap_mae_pts = 0.3645 cat_mae_pts = 0.4770 total_mae_pts = 1.1365 vs_inertia_pts = 0.0492 vs_quad_pts = 0.2817 lr_base = 0.000696 lr_mult = 0.2500 lr_eff = 0.000174 mon_cov = 0.951 mon_score = 2.5135 progress = 80/400 epoch_sec = 68.2 avg_epoch_sec = 125.1 elapsed = 02:46:46 eta = 11:07:05
Epoch 79 memory(end): tensors=258, buffers=258, bytes=18.3MB
[curriculum] phase=C age=51 ramp=80 delta=0.3645 cov=0.951 best_global_delta=0.3433

Epoch 80: Phase C (A_end=10, B_end=29, C_ramp=80) Weights {"totalWeight":0.071,"recapWeight":0.140625,"deltaWeight":6.578125,"categoryWeight":0.05,"quantileWeight":0.7374999999999999,"consistencyWeight":0,"identityDropoutRate":0.869375}, Scales {"judgeBias":1,"corps":1}, SeqLen 15, ID_Drop 0.866, WFW 1.500 
Epoch 80 memory(start): tensors=258, buffers=258, bytes=18.3MB

History Bucket Diagnostics (Avg Abs Error per sample, normalized units):
Hist | Count | MAE_Pred | MAE_Base | PredDevFromBase
-----|-------|----------|----------|----------------
0    | 8     | 0.7375   | 3.7696   | 3.8817 
1    | 9     | 0.7312   | 0.9160   | 0.7816 
2    | 11    | 0.4571   | 0.5551   | 0.5366 
3-5  | 59    | 0.4235   | 0.3926   | 0.3739 
6+   | 276   | 0.3214   | 0.2990   | 0.3183 

Epoch 80: loss = 0.675589 phase = C val_loss = 0.848464 delta_mae_pts = 0.3614 recap_mae_pts = 0.3614 cat_mae_pts = 0.4463 total_mae_pts = 1.0663 vs_inertia_pts = 0.0523 vs_quad_pts = 0.2847 lr_base = 0.000694 lr_mult = 0.2500 lr_eff = 0.000174 mon_cov = 0.945 mon_score = 2.5264 progress = 81/400 epoch_sec = 67.1 avg_epoch_sec = 124.4 elapsed = 02:47:53 eta = 11:01:12
Epoch 80 memory(end): tensors=258, buffers=258, bytes=18.3MB
[curriculum] phase=C age=52 ramp=80 delta=0.3614 cov=0.945 best_global_delta=0.3433

Epoch 81: Phase C (A_end=10, B_end=29, C_ramp=80) Weights {"totalWeight":0.07200000000000001,"recapWeight":0.13749999999999998,"deltaWeight":6.6875,"categoryWeight":0.05,"quantileWeight":0.75,"consistencyWeight":0,"identityDropoutRate":0.8575}, Scales {"judgeBias":1,"corps":1}, SeqLen 15, ID_Drop 0.848, WFW 1.500 
Epoch 81 memory(start): tensors=258, buffers=258, bytes=18.3MB

History Bucket Diagnostics (Avg Abs Error per sample, normalized units):
Hist | Count | MAE_Pred | MAE_Base | PredDevFromBase
-----|-------|----------|----------|----------------
0    | 8     | 0.7436   | 3.7696   | 3.9367 
1    | 9     | 0.7058   | 0.9160   | 0.8022 
2    | 11    | 0.4328   | 0.5551   | 0.5373 
3-5  | 59    | 0.4200   | 0.3926   | 0.3781 
6+   | 276   | 0.3213   | 0.2990   | 0.3198 

Epoch 81: loss = 0.682794 phase = C val_loss = 0.857477 delta_mae_pts = 0.3596 recap_mae_pts = 0.3596 cat_mae_pts = 0.4449 total_mae_pts = 1.0972 vs_inertia_pts = 0.0542 vs_quad_pts = 0.2866 lr_base = 0.000693 lr_mult = 0.2500 lr_eff = 0.000173 mon_cov = 0.951 mon_score = 2.5553 progress = 82/400 epoch_sec = 68.3 avg_epoch_sec = 123.7 elapsed = 02:49:02 eta = 10:55:30
Epoch 81 memory(end): tensors=258, buffers=258, bytes=18.3MB
[curriculum] phase=C age=53 ramp=80 delta=0.3596 cov=0.951 best_global_delta=0.3433

Epoch 82: Phase C (A_end=10, B_end=29, C_ramp=80) Weights {"totalWeight":0.073,"recapWeight":0.134375,"deltaWeight":6.796875,"categoryWeight":0.05,"quantileWeight":0.7625,"consistencyWeight":0,"identityDropoutRate":0.8456250000000001}, Scales {"judgeBias":1,"corps":1}, SeqLen 15, ID_Drop 0.844, WFW 1.500 
Epoch 82 memory(start): tensors=258, buffers=258, bytes=18.3MB

History Bucket Diagnostics (Avg Abs Error per sample, normalized units):
Hist | Count | MAE_Pred | MAE_Base | PredDevFromBase
-----|-------|----------|----------|----------------
0    | 8     | 0.7576   | 3.7696   | 4.0309 
1    | 9     | 0.7067   | 0.9160   | 0.8051 
2    | 11    | 0.4593   | 0.5551   | 0.5335 
3-5  | 59    | 0.4204   | 0.3926   | 0.3590 
6+   | 276   | 0.3194   | 0.2990   | 0.3114 

Epoch 82: loss = 0.696388 phase = C val_loss = 0.870979 delta_mae_pts = 0.3593 recap_mae_pts = 0.3593 cat_mae_pts = 0.4444 total_mae_pts = 1.0674 vs_inertia_pts = 0.0544 vs_quad_pts = 0.2868 lr_base = 0.000691 lr_mult = 0.2500 lr_eff = 0.000173 mon_cov = 0.954 mon_score = 2.5910 progress = 83/400 epoch_sec = 67.8 avg_epoch_sec = 123.0 elapsed = 02:50:09 eta = 10:49:53
Epoch 82 memory(end): tensors=258, buffers=258, bytes=18.3MB
[curriculum] phase=C age=54 ramp=80 delta=0.3593 cov=0.954 best_global_delta=0.3433

Epoch 83: Phase C (A_end=10, B_end=29, C_ramp=80) Weights {"totalWeight":0.07400000000000001,"recapWeight":0.13124999999999998,"deltaWeight":6.90625,"categoryWeight":0.05,"quantileWeight":0.775,"consistencyWeight":0,"identityDropoutRate":0.83375}, Scales {"judgeBias":1,"corps":1}, SeqLen 15, ID_Drop 0.838, WFW 1.500 
Epoch 83 memory(start): tensors=258, buffers=258, bytes=18.3MB

History Bucket Diagnostics (Avg Abs Error per sample, normalized units):
Hist | Count | MAE_Pred | MAE_Base | PredDevFromBase
-----|-------|----------|----------|----------------
0    | 8     | 0.7105   | 3.7696   | 3.8987 
1    | 9     | 0.7019   | 0.9160   | 0.7836 
2    | 11    | 0.4366   | 0.5551   | 0.5253 
3-5  | 59    | 0.4143   | 0.3926   | 0.3628 
6+   | 276   | 0.3182   | 0.2990   | 0.3164 

Epoch 83: loss = 0.697621 phase = C val_loss = 0.876263 delta_mae_pts = 0.3556 recap_mae_pts = 0.3556 cat_mae_pts = 0.4343 total_mae_pts = 1.0468 vs_inertia_pts = 0.0581 vs_quad_pts = 0.2906 lr_base = 0.000690 lr_mult = 0.2500 lr_eff = 0.000172 mon_cov = 0.953 mon_score = 2.6019 progress = 84/400 epoch_sec = 68.8 avg_epoch_sec = 122.4 elapsed = 02:51:18 eta = 10:44:26
Epoch 83 memory(end): tensors=258, buffers=258, bytes=18.3MB
[curriculum] phase=C age=55 ramp=80 delta=0.3556 cov=0.953 best_global_delta=0.3433

--- NO MONITOR IMPROVEMENT FOR 18 EPOCHS: plateau multiplier 0.2500 -> 0.1250, effective LR 0.000086 ---

Epoch 84: Phase C (A_end=10, B_end=29, C_ramp=80) Weights {"totalWeight":0.075,"recapWeight":0.128125,"deltaWeight":7.015625,"categoryWeight":0.05,"quantileWeight":0.7875,"consistencyWeight":0,"identityDropoutRate":0.821875}, Scales {"judgeBias":1,"corps":1}, SeqLen 15, ID_Drop 0.810, WFW 1.500 
Epoch 84 memory(start): tensors=258, buffers=258, bytes=18.3MB

History Bucket Diagnostics (Avg Abs Error per sample, normalized units):
Hist | Count | MAE_Pred | MAE_Base | PredDevFromBase
-----|-------|----------|----------|----------------
0    | 8     | 0.7252   | 3.7696   | 3.8858 
1    | 9     | 0.7019   | 0.9160   | 0.7165 
2    | 11    | 0.4468   | 0.5551   | 0.4861 
3-5  | 59    | 0.4387   | 0.3926   | 0.3658 
6+   | 276   | 0.3251   | 0.2990   | 0.3124 

Epoch 84: loss = 0.695517 phase = C val_loss = 0.909786 delta_mae_pts = 0.3654 recap_mae_pts = 0.3654 cat_mae_pts = 0.4611 total_mae_pts = 1.1236 vs_inertia_pts = 0.0484 vs_quad_pts = 0.2808 lr_base = 0.000688 lr_mult = 0.1250 lr_eff = 0.000086 mon_cov = 0.947 mon_score = 2.7178 progress = 85/400 epoch_sec = 68.6 avg_epoch_sec = 121.7 elapsed = 02:52:27 eta = 10:39:04
Epoch 84 memory(end): tensors=258, buffers=258, bytes=18.3MB
[curriculum] phase=C age=56 ramp=80 delta=0.3654 cov=0.947 best_global_delta=0.3433

Epoch 85: Phase C (A_end=10, B_end=29, C_ramp=80) Weights {"totalWeight":0.076,"recapWeight":0.125,"deltaWeight":7.125,"categoryWeight":0.05,"quantileWeight":0.7999999999999999,"consistencyWeight":0,"identityDropoutRate":0.81}, Scales {"judgeBias":1,"corps":1}, SeqLen 15, ID_Drop 0.814, WFW 1.500 
Epoch 85 memory(start): tensors=258, buffers=258, bytes=18.3MB

History Bucket Diagnostics (Avg Abs Error per sample, normalized units):
Hist | Count | MAE_Pred | MAE_Base | PredDevFromBase
-----|-------|----------|----------|----------------
0    | 8     | 0.7144   | 3.7696   | 3.8799 
1    | 9     | 0.7093   | 0.9160   | 0.7582 
2    | 11    | 0.4386   | 0.5551   | 0.5173 
3-5  | 59    | 0.4384   | 0.3926   | 0.3705 
6+   | 276   | 0.3214   | 0.2990   | 0.3153 

Epoch 85: loss = 0.695900 phase = C val_loss = 0.916138 delta_mae_pts = 0.3623 recap_mae_pts = 0.3623 cat_mae_pts = 0.4579 total_mae_pts = 1.1225 vs_inertia_pts = 0.0514 vs_quad_pts = 0.2839 lr_base = 0.000686 lr_mult = 0.1250 lr_eff = 0.000086 mon_cov = 0.947 mon_score = 2.7353 progress = 86/400 epoch_sec = 68.1 avg_epoch_sec = 121.1 elapsed = 02:53:35 eta = 10:33:47
Epoch 85 memory(end): tensors=258, buffers=258, bytes=18.3MB
[curriculum] phase=C age=57 ramp=80 delta=0.3623 cov=0.947 best_global_delta=0.3433

Epoch 86: Phase C (A_end=10, B_end=29, C_ramp=80) Weights {"totalWeight":0.077,"recapWeight":0.12187499999999998,"deltaWeight":7.234375,"categoryWeight":0.05,"quantileWeight":0.8125,"consistencyWeight":0,"identityDropoutRate":0.798125}, Scales {"judgeBias":1,"corps":1}, SeqLen 15, ID_Drop 0.795, WFW 1.500 
Epoch 86 memory(start): tensors=258, buffers=258, bytes=18.3MB

History Bucket Diagnostics (Avg Abs Error per sample, normalized units):
Hist | Count | MAE_Pred | MAE_Base | PredDevFromBase
-----|-------|----------|----------|----------------
0    | 8     | 0.6922   | 3.7696   | 3.9076 
1    | 9     | 0.7219   | 0.9160   | 0.7740 
2    | 11    | 0.4467   | 0.5551   | 0.5332 
3-5  | 59    | 0.4266   | 0.3926   | 0.3657 
6+   | 276   | 0.3217   | 0.2990   | 0.3122 

Epoch 86: loss = 0.705331 phase = C val_loss = 0.925627 delta_mae_pts = 0.3607 recap_mae_pts = 0.3607 cat_mae_pts = 0.4539 total_mae_pts = 1.0841 vs_inertia_pts = 0.0531 vs_quad_pts = 0.2855 lr_base = 0.000685 lr_mult = 0.1250 lr_eff = 0.000086 mon_cov = 0.951 mon_score = 2.7602 progress = 87/400 epoch_sec = 67.5 avg_epoch_sec = 120.5 elapsed = 02:54:42 eta = 10:28:33
Epoch 86 memory(end): tensors=258, buffers=258, bytes=18.3MB
[curriculum] phase=C age=58 ramp=80 delta=0.3607 cov=0.951 best_global_delta=0.3433

Epoch 87: Phase C (A_end=10, B_end=29, C_ramp=80) Weights {"totalWeight":0.078,"recapWeight":0.11875,"deltaWeight":7.34375,"categoryWeight":0.05,"quantileWeight":0.825,"consistencyWeight":0,"identityDropoutRate":0.78625}, Scales {"judgeBias":1,"corps":1}, SeqLen 15, ID_Drop 0.794, WFW 1.500 
Epoch 87 memory(start): tensors=258, buffers=258, bytes=18.3MB

History Bucket Diagnostics (Avg Abs Error per sample, normalized units):
Hist | Count | MAE_Pred | MAE_Base | PredDevFromBase
-----|-------|----------|----------|----------------
0    | 8     | 0.6933   | 3.7696   | 3.9214 
1    | 9     | 0.7008   | 0.9160   | 0.7528 
2    | 11    | 0.4585   | 0.5551   | 0.5120 
3-5  | 59    | 0.4413   | 0.3926   | 0.3652 
6+   | 276   | 0.3203   | 0.2990   | 0.3143 

Epoch 87: loss = 0.708817 phase = C val_loss = 0.941706 delta_mae_pts = 0.3618 recap_mae_pts = 0.3618 cat_mae_pts = 0.4512 total_mae_pts = 1.0977 vs_inertia_pts = 0.0519 vs_quad_pts = 0.2844 lr_base = 0.000683 lr_mult = 0.1250 lr_eff = 0.000085 mon_cov = 0.946 mon_score = 2.8092 progress = 88/400 epoch_sec = 67.4 avg_epoch_sec = 119.9 elapsed = 02:55:50 eta = 10:23:24
Epoch 87 memory(end): tensors=258, buffers=258, bytes=18.3MB
[curriculum] phase=C age=59 ramp=80 delta=0.3618 cov=0.946 best_global_delta=0.3433

Epoch 88: Phase C (A_end=10, B_end=29, C_ramp=80) Weights {"totalWeight":0.079,"recapWeight":0.11562499999999998,"deltaWeight":7.453125,"categoryWeight":0.05,"quantileWeight":0.8375,"consistencyWeight":0,"identityDropoutRate":0.774375}, Scales {"judgeBias":1,"corps":1}, SeqLen 15, ID_Drop 0.771, WFW 1.500 
Epoch 88 memory(start): tensors=258, buffers=258, bytes=18.3MB

History Bucket Diagnostics (Avg Abs Error per sample, normalized units):
Hist | Count | MAE_Pred | MAE_Base | PredDevFromBase
-----|-------|----------|----------|----------------
0    | 8     | 0.6957   | 3.7696   | 3.9106 
1    | 9     | 0.7128   | 0.9160   | 0.8029 
2    | 11    | 0.4435   | 0.5551   | 0.5579 
3-5  | 59    | 0.4273   | 0.3926   | 0.3696 
6+   | 276   | 0.3189   | 0.2990   | 0.3167 

Epoch 88: loss = 0.718545 phase = C val_loss = 0.946261 delta_mae_pts = 0.3584 recap_mae_pts = 0.3584 cat_mae_pts = 0.4450 total_mae_pts = 1.0616 vs_inertia_pts = 0.0554 vs_quad_pts = 0.2878 lr_base = 0.000681 lr_mult = 0.1250 lr_eff = 0.000085 mon_cov = 0.949 mon_score = 2.8199 progress = 89/400 epoch_sec = 67.5 avg_epoch_sec = 119.3 elapsed = 02:56:57 eta = 10:18:21
Epoch 88 memory(end): tensors=258, buffers=258, bytes=18.3MB
[curriculum] phase=C age=60 ramp=80 delta=0.3584 cov=0.949 best_global_delta=0.3433

Epoch 89: Phase C (A_end=10, B_end=29, C_ramp=80) Weights {"totalWeight":0.08,"recapWeight":0.11249999999999999,"deltaWeight":7.5625,"categoryWeight":0.05,"quantileWeight":0.85,"consistencyWeight":0,"identityDropoutRate":0.7625}, Scales {"judgeBias":1,"corps":1}, SeqLen 15, ID_Drop 0.748, WFW 1.500 
Epoch 89 memory(start): tensors=258, buffers=258, bytes=18.3MB

History Bucket Diagnostics (Avg Abs Error per sample, normalized units):
Hist | Count | MAE_Pred | MAE_Base | PredDevFromBase
-----|-------|----------|----------|----------------
0    | 8     | 0.7357   | 3.7696   | 3.9312 
1    | 9     | 0.7246   | 0.9160   | 0.7517 
2    | 11    | 0.4475   | 0.5551   | 0.5242 
3-5  | 59    | 0.4420   | 0.3926   | 0.3893 
6+   | 276   | 0.3266   | 0.2990   | 0.3288 

Epoch 89: loss = 0.727862 phase = C val_loss = 0.982480 delta_mae_pts = 0.3679 recap_mae_pts = 0.3679 cat_mae_pts = 0.4631 total_mae_pts = 1.1263 vs_inertia_pts = 0.0458 vs_quad_pts = 0.2782 lr_base = 0.000680 lr_mult = 0.1250 lr_eff = 0.000085 mon_cov = 0.944 mon_score = 2.9387 progress = 90/400 epoch_sec = 68.1 avg_epoch_sec = 118.7 elapsed = 02:58:05 eta = 10:13:25
Epoch 89 memory(end): tensors=258, buffers=258, bytes=18.3MB
[curriculum] phase=C age=61 ramp=80 delta=0.3679 cov=0.944 best_global_delta=0.3433

Epoch 90: Phase C (A_end=10, B_end=29, C_ramp=80) Weights {"totalWeight":0.081,"recapWeight":0.109375,"deltaWeight":7.671875,"categoryWeight":0.05,"quantileWeight":0.8624999999999999,"consistencyWeight":0,"identityDropoutRate":0.750625}, Scales {"judgeBias":1,"corps":1}, SeqLen 15, ID_Drop 0.751, WFW 1.500 
Epoch 90 memory(start): tensors=258, buffers=258, bytes=18.3MB

History Bucket Diagnostics (Avg Abs Error per sample, normalized units):
Hist | Count | MAE_Pred | MAE_Base | PredDevFromBase
-----|-------|----------|----------|----------------
0    | 8     | 0.7508   | 3.7696   | 3.9569 
1    | 9     | 0.7073   | 0.9160   | 0.7789 
2    | 11    | 0.4337   | 0.5551   | 0.5218 
3-5  | 59    | 0.4239   | 0.3926   | 0.3617 
6+   | 276   | 0.3157   | 0.2990   | 0.3116 

Epoch 90: loss = 0.738243 phase = C val_loss = 0.967390 delta_mae_pts = 0.3562 recap_mae_pts = 0.3562 cat_mae_pts = 0.4503 total_mae_pts = 1.0924 vs_inertia_pts = 0.0576 vs_quad_pts = 0.2900 lr_base = 0.000678 lr_mult = 0.1250 lr_eff = 0.000085 mon_cov = 0.953 mon_score = 2.8844 progress = 91/400 epoch_sec = 67.9 avg_epoch_sec = 118.2 elapsed = 02:59:13 eta = 10:08:34
Epoch 90 memory(end): tensors=258, buffers=258, bytes=18.3MB
[curriculum] phase=C age=62 ramp=80 delta=0.3562 cov=0.953 best_global_delta=0.3433

Epoch 91: Phase C (A_end=10, B_end=29, C_ramp=80) Weights {"totalWeight":0.082,"recapWeight":0.10624999999999998,"deltaWeight":7.78125,"categoryWeight":0.05,"quantileWeight":0.875,"consistencyWeight":0,"identityDropoutRate":0.73875}, Scales {"judgeBias":1,"corps":1}, SeqLen 15, ID_Drop 0.732, WFW 1.500 
Epoch 91 memory(start): tensors=258, buffers=258, bytes=18.3MB

History Bucket Diagnostics (Avg Abs Error per sample, normalized units):
Hist | Count | MAE_Pred | MAE_Base | PredDevFromBase
-----|-------|----------|----------|----------------
0    | 8     | 0.7149   | 3.7696   | 3.9090 
1    | 9     | 0.6904   | 0.9160   | 0.7684 
2    | 11    | 0.4472   | 0.5551   | 0.5356 
3-5  | 59    | 0.4400   | 0.3926   | 0.3690 
6+   | 276   | 0.3205   | 0.2990   | 0.3168 

Epoch 91: loss = 0.735688 phase = C val_loss = 0.993813 delta_mae_pts = 0.3616 recap_mae_pts = 0.3616 cat_mae_pts = 0.4461 total_mae_pts = 1.0855 vs_inertia_pts = 0.0521 vs_quad_pts = 0.2846 lr_base = 0.000676 lr_mult = 0.1250 lr_eff = 0.000085 mon_cov = 0.942 mon_score = 2.9655 progress = 92/400 epoch_sec = 68.1 avg_epoch_sec = 117.6 elapsed = 03:00:21 eta = 10:03:48
Epoch 91 memory(end): tensors=258, buffers=258, bytes=18.3MB
[curriculum] phase=C age=63 ramp=80 delta=0.3616 cov=0.942 best_global_delta=0.3433

Epoch 92: Phase C (A_end=10, B_end=29, C_ramp=80) Weights {"totalWeight":0.083,"recapWeight":0.103125,"deltaWeight":7.890625,"categoryWeight":0.05,"quantileWeight":0.8875,"consistencyWeight":0,"identityDropoutRate":0.726875}, Scales {"judgeBias":1,"corps":1}, SeqLen 15, ID_Drop 0.730, WFW 1.500 
Epoch 92 memory(start): tensors=258, buffers=258, bytes=18.3MB

History Bucket Diagnostics (Avg Abs Error per sample, normalized units):
Hist | Count | MAE_Pred | MAE_Base | PredDevFromBase
-----|-------|----------|----------|----------------
0    | 8     | 0.7047   | 3.7696   | 3.8728 
1    | 9     | 0.7111   | 0.9160   | 0.7754 
2    | 11    | 0.4459   | 0.5551   | 0.5465 
3-5  | 59    | 0.4379   | 0.3926   | 0.3788 
6+   | 276   | 0.3198   | 0.2990   | 0.3160 

Epoch 92: loss = 0.751885 phase = C val_loss = 1.005476 delta_mae_pts = 0.3610 recap_mae_pts = 0.3610 cat_mae_pts = 0.4498 total_mae_pts = 1.0957 vs_inertia_pts = 0.0527 vs_quad_pts = 0.2852 lr_base = 0.000674 lr_mult = 0.1250 lr_eff = 0.000084 mon_cov = 0.944 mon_score = 3.0015 progress = 93/400 epoch_sec = 67.9 avg_epoch_sec = 117.1 elapsed = 03:01:29 eta = 09:59:07
Epoch 92 memory(end): tensors=258, buffers=258, bytes=18.3MB
[curriculum] phase=C age=64 ramp=80 delta=0.3610 cov=0.944 best_global_delta=0.3433

Epoch 93: Phase C (A_end=10, B_end=29, C_ramp=80) Weights {"totalWeight":0.084,"recapWeight":0.09999999999999998,"deltaWeight":8,"categoryWeight":0.05,"quantileWeight":0.9,"consistencyWeight":0,"identityDropoutRate":0.7150000000000001}, Scales {"judgeBias":1,"corps":1}, SeqLen 15, ID_Drop 0.708, WFW 1.500 
Epoch 93 memory(start): tensors=258, buffers=258, bytes=18.3MB

History Bucket Diagnostics (Avg Abs Error per sample, normalized units):
Hist | Count | MAE_Pred | MAE_Base | PredDevFromBase
-----|-------|----------|----------|----------------
0    | 8     | 0.7294   | 3.7696   | 3.9158 
1    | 9     | 0.7040   | 0.9160   | 0.7573 
2    | 11    | 0.4390   | 0.5551   | 0.5258 
3-5  | 59    | 0.4538   | 0.3926   | 0.3767 
6+   | 276   | 0.3210   | 0.2990   | 0.3153 

Epoch 93: loss = 0.754195 phase = C val_loss = 1.028446 delta_mae_pts = 0.3647 recap_mae_pts = 0.3647 cat_mae_pts = 0.4567 total_mae_pts = 1.1088 vs_inertia_pts = 0.0491 vs_quad_pts = 0.2815 lr_base = 0.000672 lr_mult = 0.1250 lr_eff = 0.000084 mon_cov = 0.940 mon_score = 3.0722 progress = 94/400 epoch_sec = 67.9 avg_epoch_sec = 116.6 elapsed = 03:02:37 eta = 09:54:29
Epoch 93 memory(end): tensors=258, buffers=258, bytes=18.3MB
[curriculum] phase=C age=65 ramp=80 delta=0.3647 cov=0.940 best_global_delta=0.3433

Epoch 94: Phase C (A_end=10, B_end=29, C_ramp=80) Weights {"totalWeight":0.085,"recapWeight":0.09687499999999999,"deltaWeight":8.109375,"categoryWeight":0.05,"quantileWeight":0.9125,"consistencyWeight":0,"identityDropoutRate":0.703125}, Scales {"judgeBias":1,"corps":1}, SeqLen 15, ID_Drop 0.696, WFW 1.500 
Epoch 94 memory(start): tensors=258, buffers=258, bytes=18.3MB

History Bucket Diagnostics (Avg Abs Error per sample, normalized units):
Hist | Count | MAE_Pred | MAE_Base | PredDevFromBase
-----|-------|----------|----------|----------------
0    | 8     | 0.7241   | 3.7696   | 3.8889 
1    | 9     | 0.7178   | 0.9160   | 0.7730 
2    | 11    | 0.4498   | 0.5551   | 0.5401 
3-5  | 59    | 0.4401   | 0.3926   | 0.3780 
6+   | 276   | 0.3230   | 0.2990   | 0.3209 

Epoch 94: loss = 0.753460 phase = C val_loss = 1.041064 delta_mae_pts = 0.3645 recap_mae_pts = 0.3645 cat_mae_pts = 0.4545 total_mae_pts = 1.0955 vs_inertia_pts = 0.0492 vs_quad_pts = 0.2817 lr_base = 0.000671 lr_mult = 0.1250 lr_eff = 0.000084 mon_cov = 0.941 mon_score = 3.1094 progress = 95/400 epoch_sec = 68.2 avg_epoch_sec = 116.1 elapsed = 03:03:45 eta = 09:49:57
Epoch 94 memory(end): tensors=258, buffers=258, bytes=18.3MB
[curriculum] phase=C age=66 ramp=80 delta=0.3645 cov=0.941 best_global_delta=0.3433

Epoch 95: Phase C (A_end=10, B_end=29, C_ramp=80) Weights {"totalWeight":0.08600000000000001,"recapWeight":0.09375,"deltaWeight":8.21875,"categoryWeight":0.05,"quantileWeight":0.9249999999999999,"consistencyWeight":0,"identityDropoutRate":0.69125}, Scales {"judgeBias":1,"corps":1}, SeqLen 15, ID_Drop 0.694, WFW 1.500 
Epoch 95 memory(start): tensors=258, buffers=258, bytes=18.3MB

History Bucket Diagnostics (Avg Abs Error per sample, normalized units):
Hist | Count | MAE_Pred | MAE_Base | PredDevFromBase
-----|-------|----------|----------|----------------
0    | 8     | 0.6908   | 3.7696   | 3.8954 
1    | 9     | 0.7093   | 0.9160   | 0.7656 
2    | 11    | 0.4509   | 0.5551   | 0.5686 
3-5  | 59    | 0.4339   | 0.3926   | 0.3743 
6+   | 276   | 0.3202   | 0.2990   | 0.3208 

Epoch 95: loss = 0.766642 phase = C val_loss = 1.043474 delta_mae_pts = 0.3605 recap_mae_pts = 0.3605 cat_mae_pts = 0.4462 total_mae_pts = 1.0866 vs_inertia_pts = 0.0532 vs_quad_pts = 0.2857 lr_base = 0.000669 lr_mult = 0.1250 lr_eff = 0.000084 mon_cov = 0.942 mon_score = 3.1151 progress = 96/400 epoch_sec = 67.5 avg_epoch_sec = 115.6 elapsed = 03:04:53 eta = 09:45:28
Epoch 95 memory(end): tensors=258, buffers=258, bytes=18.3MB
[curriculum] phase=C age=67 ramp=80 delta=0.3605 cov=0.942 best_global_delta=0.3433

Epoch 96: Phase C (A_end=10, B_end=29, C_ramp=80) Weights {"totalWeight":0.08700000000000001,"recapWeight":0.09062499999999998,"deltaWeight":8.328125,"categoryWeight":0.05,"quantileWeight":0.9375,"consistencyWeight":0,"identityDropoutRate":0.6793750000000001}, Scales {"judgeBias":1,"corps":1}, SeqLen 15, ID_Drop 0.679, WFW 1.500 
Epoch 96 memory(start): tensors=258, buffers=258, bytes=18.3MB

History Bucket Diagnostics (Avg Abs Error per sample, normalized units):
Hist | Count | MAE_Pred | MAE_Base | PredDevFromBase
-----|-------|----------|----------|----------------
0    | 8     | 0.7216   | 3.7696   | 3.9248 
1    | 9     | 0.7259   | 0.9160   | 0.7607 
2    | 11    | 0.4437   | 0.5551   | 0.5516 
3-5  | 59    | 0.4332   | 0.3926   | 0.3813 
6+   | 276   | 0.3202   | 0.2990   | 0.3210 

Epoch 96: loss = 0.769315 phase = C val_loss = 1.058475 delta_mae_pts = 0.3612 recap_mae_pts = 0.3612 cat_mae_pts = 0.4498 total_mae_pts = 1.0880 vs_inertia_pts = 0.0525 vs_quad_pts = 0.2850 lr_base = 0.000667 lr_mult = 0.1250 lr_eff = 0.000083 mon_cov = 0.944 mon_score = 3.1610 progress = 97/400 epoch_sec = 67.8 avg_epoch_sec = 115.1 elapsed = 03:06:01 eta = 09:41:03
Epoch 96 memory(end): tensors=258, buffers=258, bytes=18.3MB
[curriculum] phase=C age=68 ramp=80 delta=0.3612 cov=0.944 best_global_delta=0.3433

Epoch 97: Phase C (A_end=10, B_end=29, C_ramp=80) Weights {"totalWeight":0.08800000000000001,"recapWeight":0.0875,"deltaWeight":8.4375,"categoryWeight":0.05,"quantileWeight":0.95,"consistencyWeight":0,"identityDropoutRate":0.6675}, Scales {"judgeBias":1,"corps":1}, SeqLen 15, ID_Drop 0.653, WFW 1.500 
Epoch 97 memory(start): tensors=258, buffers=258, bytes=18.3MB

History Bucket Diagnostics (Avg Abs Error per sample, normalized units):
Hist | Count | MAE_Pred | MAE_Base | PredDevFromBase
-----|-------|----------|----------|----------------
0    | 8     | 0.6827   | 3.7696   | 3.9136 
1    | 9     | 0.7084   | 0.9160   | 0.8067 
2    | 11    | 0.4560   | 0.5551   | 0.5696 
3-5  | 59    | 0.4256   | 0.3926   | 0.3745 
6+   | 276   | 0.3195   | 0.2990   | 0.3218 

Epoch 97: loss = 0.777407 phase = C val_loss = 1.064505 delta_mae_pts = 0.3585 recap_mae_pts = 0.3585 cat_mae_pts = 0.4404 total_mae_pts = 1.0673 vs_inertia_pts = 0.0552 vs_quad_pts = 0.2877 lr_base = 0.000665 lr_mult = 0.1250 lr_eff = 0.000083 mon_cov = 0.946 mon_score = 3.1757 progress = 98/400 epoch_sec = 68.5 avg_epoch_sec = 114.6 elapsed = 03:07:09 eta = 09:36:44
Epoch 97 memory(end): tensors=258, buffers=258, bytes=18.3MB
[curriculum] phase=C age=69 ramp=80 delta=0.3585 cov=0.946 best_global_delta=0.3433

Epoch 98: Phase C (A_end=10, B_end=29, C_ramp=80) Weights {"totalWeight":0.08900000000000001,"recapWeight":0.08437499999999998,"deltaWeight":8.546875,"categoryWeight":0.05,"quantileWeight":0.9625,"consistencyWeight":0,"identityDropoutRate":0.655625}, Scales {"judgeBias":1,"corps":1}, SeqLen 15, ID_Drop 0.661, WFW 1.500 
Epoch 98 memory(start): tensors=258, buffers=258, bytes=18.3MB

History Bucket Diagnostics (Avg Abs Error per sample, normalized units):
Hist | Count | MAE_Pred | MAE_Base | PredDevFromBase
-----|-------|----------|----------|----------------
0    | 8     | 0.7610   | 3.7696   | 3.9542 
1    | 9     | 0.7354   | 0.9160   | 0.8001 
2    | 11    | 0.4589   | 0.5551   | 0.5620 
3-5  | 59    | 0.4363   | 0.3926   | 0.3841 
6+   | 276   | 0.3191   | 0.2990   | 0.3263 

Epoch 98: loss = 0.791287 phase = C val_loss = 1.089127 delta_mae_pts = 0.3624 recap_mae_pts = 0.3624 cat_mae_pts = 0.4505 total_mae_pts = 1.0863 vs_inertia_pts = 0.0513 vs_quad_pts = 0.2837 lr_base = 0.000663 lr_mult = 0.1250 lr_eff = 0.000083 mon_cov = 0.945 mon_score = 3.2509 progress = 99/400 epoch_sec = 67.8 avg_epoch_sec = 114.1 elapsed = 03:08:17 eta = 09:32:28
Epoch 98 memory(end): tensors=258, buffers=258, bytes=18.3MB
[curriculum] phase=C age=70 ramp=80 delta=0.3624 cov=0.945 best_global_delta=0.3433

Epoch 99: Phase C (A_end=10, B_end=29, C_ramp=80) Weights {"totalWeight":0.09000000000000001,"recapWeight":0.08124999999999999,"deltaWeight":8.65625,"categoryWeight":0.05,"quantileWeight":0.975,"consistencyWeight":0,"identityDropoutRate":0.64375}, Scales {"judgeBias":1,"corps":1}, SeqLen 15, ID_Drop 0.647, WFW 1.500 
Epoch 99 memory(start): tensors=258, buffers=258, bytes=18.3MB

History Bucket Diagnostics (Avg Abs Error per sample, normalized units):
Hist | Count | MAE_Pred | MAE_Base | PredDevFromBase
-----|-------|----------|----------|----------------
0    | 8     | 0.7256   | 3.7696   | 3.8881 
1    | 9     | 0.7171   | 0.9160   | 0.7435 
2    | 11    | 0.4406   | 0.5551   | 0.5260 
3-5  | 59    | 0.4427   | 0.3926   | 0.3733 
6+   | 276   | 0.3280   | 0.2990   | 0.3260 

Epoch 99: loss = 0.796787 phase = C val_loss = 1.118068 delta_mae_pts = 0.3685 recap_mae_pts = 0.3685 cat_mae_pts = 0.4587 total_mae_pts = 1.1013 vs_inertia_pts = 0.0452 vs_quad_pts = 0.2777 lr_base = 0.000661 lr_mult = 0.1250 lr_eff = 0.000083 mon_cov = 0.938 mon_score = 3.3449 progress = 100/400 epoch_sec = 67.9 avg_epoch_sec = 113.6 elapsed = 03:09:25 eta = 09:28:15
Epoch 99 memory(end): tensors=258, buffers=258, bytes=18.3MB
[curriculum] phase=C age=71 ramp=80 delta=0.3685 cov=0.938 best_global_delta=0.3433

Epoch 100: Phase C (A_end=10, B_end=29, C_ramp=80) Weights {"totalWeight":0.091,"recapWeight":0.078125,"deltaWeight":8.765625,"categoryWeight":0.05,"quantileWeight":0.9874999999999999,"consistencyWeight":0,"identityDropoutRate":0.631875}, Scales {"judgeBias":1,"corps":1}, SeqLen 15, ID_Drop 0.638, WFW 1.500 
Epoch 100 memory(start): tensors=258, buffers=258, bytes=18.3MB

History Bucket Diagnostics (Avg Abs Error per sample, normalized units):
Hist | Count | MAE_Pred | MAE_Base | PredDevFromBase
-----|-------|----------|----------|----------------
0    | 8     | 0.7717   | 3.7696   | 3.9469 
1    | 9     | 0.7175   | 0.9160   | 0.7739 
2    | 11    | 0.4484   | 0.5551   | 0.5554 
3-5  | 59    | 0.4318   | 0.3926   | 0.3831 
6+   | 276   | 0.3264   | 0.2990   | 0.3300 

Epoch 100: loss = 0.811548 phase = C val_loss = 1.127224 delta_mae_pts = 0.3667 recap_mae_pts = 0.3667 cat_mae_pts = 0.4548 total_mae_pts = 1.0770 vs_inertia_pts = 0.0470 vs_quad_pts = 0.2794 lr_base = 0.000659 lr_mult = 0.1250 lr_eff = 0.000082 mon_cov = 0.938 mon_score = 3.3670 progress = 101/400 epoch_sec = 68.5 avg_epoch_sec = 113.2 elapsed = 03:10:33 eta = 09:24:07
Epoch 100 memory(end): tensors=258, buffers=258, bytes=18.3MB

-- - CAPTION STATS(Epoch 100)-- - 
GE1: delta_pts = 0.3405, recap_pts = 0.3405, cov = 0.967, width = 1.9295 
GE2: delta_pts = 0.3198, recap_pts = 0.3198, cov = 0.956, width = 1.9675 
VP: delta_pts = 0.3691, recap_pts = 0.3691, cov = 0.964, width = 1.9737 
VA: delta_pts = 0.3403, recap_pts = 0.3403, cov = 0.953, width = 1.9846 
CG: delta_pts = 0.3930, recap_pts = 0.3930, cov = 0.931, width = 2.0133 
MB: delta_pts = 0.3406, recap_pts = 0.3406, cov = 0.972, width = 1.9715 
MA: delta_pts = 0.3790, recap_pts = 0.3790, cov = 0.909, width = 1.9422 
MP: delta_pts = 0.4515, recap_pts = 0.4515, cov = 0.854, width = 1.9770 
----------------------------------

[curriculum] phase=C age=72 ramp=80 delta=0.3667 cov=0.938 best_global_delta=0.3433

Epoch 101: Phase C (A_end=10, B_end=29, C_ramp=80) Weights {"totalWeight":0.09200000000000001,"recapWeight":0.07499999999999998,"deltaWeight":8.875,"categoryWeight":0.05,"quantileWeight":1,"consistencyWeight":0,"identityDropoutRate":0.62}, Scales {"judgeBias":1,"corps":1}, SeqLen 15, ID_Drop 0.620, WFW 1.500 
Epoch 101 memory(start): tensors=258, buffers=258, bytes=18.3MB

History Bucket Diagnostics (Avg Abs Error per sample, normalized units):
Hist | Count | MAE_Pred | MAE_Base | PredDevFromBase
-----|-------|----------|----------|----------------
0    | 8     | 0.6964   | 3.7696   | 3.8924 
1    | 9     | 0.7163   | 0.9160   | 0.7804 
2    | 11    | 0.4442   | 0.5551   | 0.5443 
3-5  | 59    | 0.4368   | 0.3926   | 0.3762 
6+   | 276   | 0.3240   | 0.2990   | 0.3257 

Epoch 101: loss = 0.814087 phase = C val_loss = 1.131643 delta_mae_pts = 0.3639 recap_mae_pts = 0.3639 cat_mae_pts = 0.4478 total_mae_pts = 1.0769 vs_inertia_pts = 0.0498 vs_quad_pts = 0.2823 lr_base = 0.000658 lr_mult = 0.1250 lr_eff = 0.000082 mon_cov = 0.945 mon_score = 3.3819 progress = 102/400 epoch_sec = 67.6 avg_epoch_sec = 112.8 elapsed = 03:11:41 eta = 09:20:01
Epoch 101 memory(end): tensors=258, buffers=258, bytes=18.3MB
[curriculum] phase=C age=73 ramp=80 delta=0.3639 cov=0.945 best_global_delta=0.3433

--- NO MONITOR IMPROVEMENT FOR 18 EPOCHS: plateau multiplier 0.1250 -> 0.0625, effective LR 0.000041 ---

Epoch 102: Phase C (A_end=10, B_end=29, C_ramp=80) Weights {"totalWeight":0.093,"recapWeight":0.071875,"deltaWeight":8.984375,"categoryWeight":0.05,"quantileWeight":1.0125,"consistencyWeight":0,"identityDropoutRate":0.608125}, Scales {"judgeBias":1,"corps":1}, SeqLen 15, ID_Drop 0.598, WFW 1.500 
Epoch 102 memory(start): tensors=258, buffers=258, bytes=18.3MB

History Bucket Diagnostics (Avg Abs Error per sample, normalized units):
Hist | Count | MAE_Pred | MAE_Base | PredDevFromBase
-----|-------|----------|----------|----------------
0    | 8     | 0.7477   | 3.7696   | 3.9372 
1    | 9     | 0.7078   | 0.9160   | 0.7698 
2    | 11    | 0.4425   | 0.5551   | 0.5523 
3-5  | 59    | 0.4321   | 0.3926   | 0.3798 
6+   | 276   | 0.3221   | 0.2990   | 0.3296 

Epoch 102: loss = 0.812620 phase = C val_loss = 1.142008 delta_mae_pts = 0.3626 recap_mae_pts = 0.3626 cat_mae_pts = 0.4492 total_mae_pts = 1.0949 vs_inertia_pts = 0.0512 vs_quad_pts = 0.2836 lr_base = 0.000656 lr_mult = 0.0625 lr_eff = 0.000041 mon_cov = 0.942 mon_score = 3.4110 progress = 103/400 epoch_sec = 67.9 avg_epoch_sec = 112.3 elapsed = 03:12:49 eta = 09:15:59
Epoch 102 memory(end): tensors=258, buffers=258, bytes=18.3MB
[curriculum] phase=C age=74 ramp=80 delta=0.3626 cov=0.942 best_global_delta=0.3433

Epoch 103: Phase C (A_end=10, B_end=29, C_ramp=80) Weights {"totalWeight":0.09400000000000001,"recapWeight":0.06874999999999998,"deltaWeight":9.09375,"categoryWeight":0.05,"quantileWeight":1.0250000000000001,"consistencyWeight":0,"identityDropoutRate":0.59625}, Scales {"judgeBias":1,"corps":1}, SeqLen 15, ID_Drop 0.594, WFW 1.500 
Epoch 103 memory(start): tensors=258, buffers=258, bytes=18.3MB

History Bucket Diagnostics (Avg Abs Error per sample, normalized units):
Hist | Count | MAE_Pred | MAE_Base | PredDevFromBase
-----|-------|----------|----------|----------------
0    | 8     | 0.7478   | 3.7696   | 3.9384 
1    | 9     | 0.7116   | 0.9160   | 0.7690 
2    | 11    | 0.4456   | 0.5551   | 0.5491 
3-5  | 59    | 0.4389   | 0.3926   | 0.3794 
6+   | 276   | 0.3232   | 0.2990   | 0.3278 

Epoch 103: loss = 0.821823 phase = C val_loss = 1.161394 delta_mae_pts = 0.3647 recap_mae_pts = 0.3647 cat_mae_pts = 0.4516 total_mae_pts = 1.0955 vs_inertia_pts = 0.0490 vs_quad_pts = 0.2815 lr_base = 0.000654 lr_mult = 0.0625 lr_eff = 0.000041 mon_cov = 0.941 mon_score = 3.4706 progress = 104/400 epoch_sec = 68.6 avg_epoch_sec = 111.9 elapsed = 03:13:58 eta = 09:12:02
Epoch 103 memory(end): tensors=258, buffers=258, bytes=18.3MB
[curriculum] phase=C age=75 ramp=80 delta=0.3647 cov=0.941 best_global_delta=0.3433

Epoch 104: Phase C (A_end=10, B_end=29, C_ramp=80) Weights {"totalWeight":0.095,"recapWeight":0.06562499999999999,"deltaWeight":9.203125,"categoryWeight":0.05,"quantileWeight":1.0375,"consistencyWeight":0,"identityDropoutRate":0.5843750000000001}, Scales {"judgeBias":1,"corps":1}, SeqLen 15, ID_Drop 0.592, WFW 1.500 
Epoch 104 memory(start): tensors=258, buffers=258, bytes=18.3MB

History Bucket Diagnostics (Avg Abs Error per sample, normalized units):
Hist | Count | MAE_Pred | MAE_Base | PredDevFromBase
-----|-------|----------|----------|----------------
0    | 8     | 0.7372   | 3.7696   | 3.9068 
1    | 9     | 0.7048   | 0.9160   | 0.7590 
2    | 11    | 0.4437   | 0.5551   | 0.5360 
3-5  | 59    | 0.4331   | 0.3926   | 0.3777 
6+   | 276   | 0.3207   | 0.2990   | 0.3269 

Epoch 104: loss = 0.837771 phase = C val_loss = 1.164827 delta_mae_pts = 0.3614 recap_mae_pts = 0.3614 cat_mae_pts = 0.4453 total_mae_pts = 1.0883 vs_inertia_pts = 0.0523 vs_quad_pts = 0.2848 lr_base = 0.000652 lr_mult = 0.0625 lr_eff = 0.000041 mon_cov = 0.946 mon_score = 3.4791 progress = 105/400 epoch_sec = 67.9 avg_epoch_sec = 111.5 elapsed = 03:15:05 eta = 09:08:07
Epoch 104 memory(end): tensors=258, buffers=258, bytes=18.3MB
[curriculum] phase=C age=76 ramp=80 delta=0.3614 cov=0.946 best_global_delta=0.3433

Epoch 105: Phase C (A_end=10, B_end=29, C_ramp=80) Weights {"totalWeight":0.096,"recapWeight":0.0625,"deltaWeight":9.3125,"categoryWeight":0.05,"quantileWeight":1.05,"consistencyWeight":0,"identityDropoutRate":0.5725}, Scales {"judgeBias":1,"corps":1}, SeqLen 15, ID_Drop 0.564, WFW 1.500 
Epoch 105 memory(start): tensors=258, buffers=258, bytes=18.3MB

History Bucket Diagnostics (Avg Abs Error per sample, normalized units):
Hist | Count | MAE_Pred | MAE_Base | PredDevFromBase
-----|-------|----------|----------|----------------
0    | 8     | 0.7450   | 3.7696   | 3.9651 
1    | 9     | 0.7115   | 0.9160   | 0.8009 
2    | 11    | 0.4483   | 0.5551   | 0.5582 
3-5  | 59    | 0.4294   | 0.3926   | 0.3795 
6+   | 276   | 0.3230   | 0.2990   | 0.3317 

Epoch 105: loss = 0.834584 phase = C val_loss = 1.182560 delta_mae_pts = 0.3630 recap_mae_pts = 0.3630 cat_mae_pts = 0.4455 total_mae_pts = 1.0837 vs_inertia_pts = 0.0507 vs_quad_pts = 0.2832 lr_base = 0.000650 lr_mult = 0.0625 lr_eff = 0.000041 mon_cov = 0.944 mon_score = 3.5328 progress = 106/400 epoch_sec = 67.0 avg_epoch_sec = 111.1 elapsed = 03:16:13 eta = 09:04:12
Epoch 105 memory(end): tensors=258, buffers=258, bytes=18.3MB
[curriculum] phase=C age=77 ramp=80 delta=0.3630 cov=0.944 best_global_delta=0.3433

Epoch 106: Phase C (A_end=10, B_end=29, C_ramp=80) Weights {"totalWeight":0.097,"recapWeight":0.05937499999999998,"deltaWeight":9.421875,"categoryWeight":0.05,"quantileWeight":1.0625,"consistencyWeight":0,"identityDropoutRate":0.5606249999999999}, Scales {"judgeBias":1,"corps":1}, SeqLen 15, ID_Drop 0.562, WFW 1.500 
Epoch 106 memory(start): tensors=258, buffers=258, bytes=18.3MB

History Bucket Diagnostics (Avg Abs Error per sample, normalized units):
Hist | Count | MAE_Pred | MAE_Base | PredDevFromBase
-----|-------|----------|----------|----------------
0    | 8     | 0.7576   | 3.7696   | 3.9539 
1    | 9     | 0.7187   | 0.9160   | 0.7809 
2    | 11    | 0.4474   | 0.5551   | 0.5543 
3-5  | 59    | 0.4269   | 0.3926   | 0.3805 
6+   | 276   | 0.3215   | 0.2990   | 0.3302 

Epoch 106: loss = 0.838667 phase = C val_loss = 1.193269 delta_mae_pts = 0.3619 recap_mae_pts = 0.3619 cat_mae_pts = 0.4478 total_mae_pts = 1.0847 vs_inertia_pts = 0.0518 vs_quad_pts = 0.2843 lr_base = 0.000648 lr_mult = 0.0625 lr_eff = 0.000040 mon_cov = 0.945 mon_score = 3.5623 progress = 107/400 epoch_sec = 68.0 avg_epoch_sec = 110.7 elapsed = 03:17:21 eta = 09:00:23
Epoch 106 memory(end): tensors=258, buffers=258, bytes=18.3MB
[curriculum] phase=C age=78 ramp=80 delta=0.3619 cov=0.945 best_global_delta=0.3433

Epoch 107: Phase C (A_end=10, B_end=29, C_ramp=80) Weights {"totalWeight":0.098,"recapWeight":0.056249999999999994,"deltaWeight":9.53125,"categoryWeight":0.05,"quantileWeight":1.075,"consistencyWeight":0,"identityDropoutRate":0.5487500000000001}, Scales {"judgeBias":1,"corps":1}, SeqLen 15, ID_Drop 0.549, WFW 1.500 
Epoch 107 memory(start): tensors=258, buffers=258, bytes=18.3MB

History Bucket Diagnostics (Avg Abs Error per sample, normalized units):
Hist | Count | MAE_Pred | MAE_Base | PredDevFromBase
-----|-------|----------|----------|----------------
0    | 8     | 0.7467   | 3.7696   | 3.9415 
1    | 9     | 0.7102   | 0.9160   | 0.7991 
2    | 11    | 0.4574   | 0.5551   | 0.5727 
3-5  | 59    | 0.4307   | 0.3926   | 0.3845 
6+   | 276   | 0.3222   | 0.2990   | 0.3300 

Epoch 107: loss = 0.850664 phase = C val_loss = 1.209501 delta_mae_pts = 0.3629 recap_mae_pts = 0.3629 cat_mae_pts = 0.4471 total_mae_pts = 1.0824 vs_inertia_pts = 0.0508 vs_quad_pts = 0.2833 lr_base = 0.000646 lr_mult = 0.0625 lr_eff = 0.000040 mon_cov = 0.940 mon_score = 3.6108 progress = 108/400 epoch_sec = 67.9 avg_epoch_sec = 110.3 elapsed = 03:18:28 eta = 08:56:37
Epoch 107 memory(end): tensors=258, buffers=258, bytes=18.3MB
[curriculum] phase=C age=79 ramp=80 delta=0.3629 cov=0.940 best_global_delta=0.3433

Epoch 108: Phase C (A_end=10, B_end=29, C_ramp=80) Weights {"totalWeight":0.099,"recapWeight":0.05312499999999998,"deltaWeight":9.640625,"categoryWeight":0.05,"quantileWeight":1.0875000000000001,"consistencyWeight":0,"identityDropoutRate":0.536875}, Scales {"judgeBias":1,"corps":1}, SeqLen 15, ID_Drop 0.547, WFW 1.500 
Epoch 108 memory(start): tensors=258, buffers=258, bytes=18.3MB

History Bucket Diagnostics (Avg Abs Error per sample, normalized units):
Hist | Count | MAE_Pred | MAE_Base | PredDevFromBase
-----|-------|----------|----------|----------------
0    | 8     | 0.7355   | 3.7696   | 3.9059 
1    | 9     | 0.7089   | 0.9160   | 0.7585 
2    | 11    | 0.4514   | 0.5551   | 0.5559 
3-5  | 59    | 0.4315   | 0.3926   | 0.3872 
6+   | 276   | 0.3218   | 0.2990   | 0.3314 

Epoch 108: loss = 0.851095 phase = C val_loss = 1.221325 delta_mae_pts = 0.3623 recap_mae_pts = 0.3623 cat_mae_pts = 0.4469 total_mae_pts = 1.0793 vs_inertia_pts = 0.0514 vs_quad_pts = 0.2839 lr_base = 0.000644 lr_mult = 0.0625 lr_eff = 0.000040 mon_cov = 0.940 mon_score = 3.6445 progress = 109/400 epoch_sec = 68.0 avg_epoch_sec = 109.9 elapsed = 03:19:37 eta = 08:52:54
Epoch 108 memory(end): tensors=258, buffers=258, bytes=18.3MB
[curriculum] phase=C age=80 ramp=80 delta=0.3623 cov=0.940 best_global_delta=0.3433

Epoch 109: Phase C (A_end=10, B_end=29, C_ramp=80) Weights {"totalWeight":0.1,"recapWeight":0.04999999999999999,"deltaWeight":9.75,"categoryWeight":0.05,"quantileWeight":1.1,"consistencyWeight":0,"identityDropoutRate":0.525}, Scales {"judgeBias":1,"corps":1}, SeqLen 15, ID_Drop 0.517, WFW 1.500 
Epoch 109 memory(start): tensors=258, buffers=258, bytes=18.3MB

History Bucket Diagnostics (Avg Abs Error per sample, normalized units):
Hist | Count | MAE_Pred | MAE_Base | PredDevFromBase
-----|-------|----------|----------|----------------
0    | 8     | 0.7469   | 3.7696   | 3.9219 
1    | 9     | 0.7042   | 0.9160   | 0.7662 
2    | 11    | 0.4517   | 0.5551   | 0.5527 
3-5  | 59    | 0.4402   | 0.3926   | 0.3897 
6+   | 276   | 0.3256   | 0.2990   | 0.3304 

Epoch 109: loss = 0.862981 phase = C val_loss = 1.247597 delta_mae_pts = 0.3668 recap_mae_pts = 0.3668 cat_mae_pts = 0.4556 total_mae_pts = 1.1116 vs_inertia_pts = 0.0470 vs_quad_pts = 0.2794 lr_base = 0.000641 lr_mult = 0.0625 lr_eff = 0.000040 mon_cov = 0.937 mon_score = 3.7311 progress = 110/400 epoch_sec = 68.4 avg_epoch_sec = 109.5 elapsed = 03:20:45 eta = 08:49:15
Epoch 109 memory(end): tensors=258, buffers=258, bytes=18.3MB
[curriculum] phase=C age=81 ramp=80 delta=0.3668 cov=0.937 best_global_delta=0.3433

Epoch 110: Phase C (A_end=10, B_end=29, C_ramp=80) Weights {"totalWeight":0.1,"recapWeight":0.04999999999999999,"deltaWeight":9.75,"categoryWeight":0.05,"quantileWeight":1.1,"consistencyWeight":0,"identityDropoutRate":0.513125}, Scales {"judgeBias":1,"corps":1}, SeqLen 15, ID_Drop 0.510, WFW 1.500 
Epoch 110 memory(start): tensors=258, buffers=258, bytes=18.3MB

History Bucket Diagnostics (Avg Abs Error per sample, normalized units):
Hist | Count | MAE_Pred | MAE_Base | PredDevFromBase
-----|-------|----------|----------|----------------
0    | 8     | 0.7665   | 3.7696   | 3.9658 
1    | 9     | 0.7133   | 0.9160   | 0.7962 
2    | 11    | 0.4500   | 0.5551   | 0.5710 
3-5  | 59    | 0.4270   | 0.3926   | 0.3850 
6+   | 276   | 0.3225   | 0.2990   | 0.3328 

Epoch 110: loss = 0.862769 phase = C val_loss = 1.236192 delta_mae_pts = 0.3628 recap_mae_pts = 0.3628 cat_mae_pts = 0.4503 total_mae_pts = 1.0914 vs_inertia_pts = 0.0509 vs_quad_pts = 0.2833 lr_base = 0.000639 lr_mult = 0.0625 lr_eff = 0.000040 mon_cov = 0.939 mon_score = 3.6904 progress = 111/400 epoch_sec = 69.2 avg_epoch_sec = 109.1 elapsed = 03:21:54 eta = 08:45:40
Epoch 110 memory(end): tensors=258, buffers=258, bytes=18.3MB
[curriculum] phase=C age=82 ramp=80 delta=0.3628 cov=0.939 best_global_delta=0.3433

Epoch 111: Phase C (A_end=10, B_end=29, C_ramp=80) Weights {"totalWeight":0.1,"recapWeight":0.04999999999999999,"deltaWeight":9.75,"categoryWeight":0.05,"quantileWeight":1.1,"consistencyWeight":0,"identityDropoutRate":0.50125}, Scales {"judgeBias":1,"corps":1}, SeqLen 15, ID_Drop 0.489, WFW 1.500 
Epoch 111 memory(start): tensors=258, buffers=258, bytes=18.3MB

History Bucket Diagnostics (Avg Abs Error per sample, normalized units):
Hist | Count | MAE_Pred | MAE_Base | PredDevFromBase
-----|-------|----------|----------|----------------
0    | 8     | 0.7488   | 3.7696   | 3.9592 
1    | 9     | 0.7215   | 0.9160   | 0.7950 
2    | 11    | 0.4518   | 0.5551   | 0.5734 
3-5  | 59    | 0.4280   | 0.3926   | 0.3897 
6+   | 276   | 0.3229   | 0.2990   | 0.3354 

Epoch 111: loss = 0.861985 phase = C val_loss = 1.237388 delta_mae_pts = 0.3632 recap_mae_pts = 0.3632 cat_mae_pts = 0.4488 total_mae_pts = 1.0779 vs_inertia_pts = 0.0505 vs_quad_pts = 0.2830 lr_base = 0.000637 lr_mult = 0.0625 lr_eff = 0.000040 mon_cov = 0.937 mon_score = 3.6925 progress = 112/400 epoch_sec = 68.1 avg_epoch_sec = 108.8 elapsed = 03:23:02 eta = 08:42:06
Epoch 111 memory(end): tensors=258, buffers=258, bytes=18.3MB
[curriculum] phase=C age=83 ramp=80 delta=0.3632 cov=0.937 best_global_delta=0.3433

Epoch 112: Phase C (A_end=10, B_end=29, C_ramp=80) Weights {"totalWeight":0.1,"recapWeight":0.04999999999999999,"deltaWeight":9.75,"categoryWeight":0.05,"quantileWeight":1.1,"consistencyWeight":0,"identityDropoutRate":0.489375}, Scales {"judgeBias":1,"corps":1}, SeqLen 15, ID_Drop 0.484, WFW 1.500 
Epoch 112 memory(start): tensors=258, buffers=258, bytes=18.3MB

History Bucket Diagnostics (Avg Abs Error per sample, normalized units):
Hist | Count | MAE_Pred | MAE_Base | PredDevFromBase
-----|-------|----------|----------|----------------
0    | 8     | 0.7300   | 3.7696   | 3.9202 
1    | 9     | 0.7112   | 0.9160   | 0.7589 
2    | 11    | 0.4578   | 0.5551   | 0.5545 
3-5  | 59    | 0.4354   | 0.3926   | 0.3873 
6+   | 276   | 0.3256   | 0.2990   | 0.3368 

Epoch 112: loss = 0.861359 phase = C val_loss = 1.245364 delta_mae_pts = 0.3659 recap_mae_pts = 0.3659 cat_mae_pts = 0.4536 total_mae_pts = 1.0977 vs_inertia_pts = 0.0478 vs_quad_pts = 0.2802 lr_base = 0.000635 lr_mult = 0.0625 lr_eff = 0.000040 mon_cov = 0.934 mon_score = 3.7213 progress = 113/400 epoch_sec = 68.2 avg_epoch_sec = 108.4 elapsed = 03:24:10 eta = 08:38:34
Epoch 112 memory(end): tensors=258, buffers=258, bytes=18.3MB
[curriculum] phase=C age=84 ramp=80 delta=0.3659 cov=0.934 best_global_delta=0.3433

Epoch 113: Phase C (A_end=10, B_end=29, C_ramp=80) Weights {"totalWeight":0.1,"recapWeight":0.04999999999999999,"deltaWeight":9.75,"categoryWeight":0.05,"quantileWeight":1.1,"consistencyWeight":0,"identityDropoutRate":0.47750000000000004}, Scales {"judgeBias":1,"corps":1}, SeqLen 15, ID_Drop 0.485, WFW 1.500 
Epoch 113 memory(start): tensors=258, buffers=258, bytes=18.3MB

History Bucket Diagnostics (Avg Abs Error per sample, normalized units):
Hist | Count | MAE_Pred | MAE_Base | PredDevFromBase
-----|-------|----------|----------|----------------
0    | 8     | 0.7386   | 3.7696   | 3.9420 
1    | 9     | 0.7251   | 0.9160   | 0.7897 
2    | 11    | 0.4585   | 0.5551   | 0.5777 
3-5  | 59    | 0.4325   | 0.3926   | 0.3903 
6+   | 276   | 0.3243   | 0.2990   | 0.3341 

Epoch 113: loss = 0.863132 phase = C val_loss = 1.242973 delta_mae_pts = 0.3650 recap_mae_pts = 0.3650 cat_mae_pts = 0.4522 total_mae_pts = 1.0932 vs_inertia_pts = 0.0487 vs_quad_pts = 0.2811 lr_base = 0.000633 lr_mult = 0.0625 lr_eff = 0.000040 mon_cov = 0.935 mon_score = 3.7122 progress = 114/400 epoch_sec = 67.7 avg_epoch_sec = 108.1 elapsed = 03:25:18 eta = 08:35:03
Epoch 113 memory(end): tensors=258, buffers=258, bytes=18.3MB
[curriculum] phase=C age=85 ramp=80 delta=0.3650 cov=0.935 best_global_delta=0.3433

Epoch 114: Phase C (A_end=10, B_end=29, C_ramp=80) Weights {"totalWeight":0.1,"recapWeight":0.04999999999999999,"deltaWeight":9.75,"categoryWeight":0.05,"quantileWeight":1.1,"consistencyWeight":0,"identityDropoutRate":0.46562500000000007}, Scales {"judgeBias":1,"corps":1}, SeqLen 15, ID_Drop 0.462, WFW 1.500 
Epoch 114 memory(start): tensors=258, buffers=258, bytes=18.3MB

History Bucket Diagnostics (Avg Abs Error per sample, normalized units):
Hist | Count | MAE_Pred | MAE_Base | PredDevFromBase
-----|-------|----------|----------|----------------
0    | 8     | 0.7441   | 3.7696   | 3.9229 
1    | 9     | 0.7169   | 0.9160   | 0.7570 
2    | 11    | 0.4542   | 0.5551   | 0.5380 
3-5  | 59    | 0.4343   | 0.3926   | 0.3838 
6+   | 276   | 0.3238   | 0.2990   | 0.3310 

Epoch 114: loss = 0.860269 phase = C val_loss = 1.242030 delta_mae_pts = 0.3647 recap_mae_pts = 0.3647 cat_mae_pts = 0.4513 total_mae_pts = 1.0888 vs_inertia_pts = 0.0490 vs_quad_pts = 0.2815 lr_base = 0.000631 lr_mult = 0.0625 lr_eff = 0.000039 mon_cov = 0.936 mon_score = 3.7084 progress = 115/400 epoch_sec = 67.7 avg_epoch_sec = 107.7 elapsed = 03:26:26 eta = 08:31:35
Epoch 114 memory(end): tensors=258, buffers=258, bytes=18.3MB
[curriculum] phase=C age=86 ramp=80 delta=0.3647 cov=0.936 best_global_delta=0.3433

Epoch 115: Phase C (A_end=10, B_end=29, C_ramp=80) Weights {"totalWeight":0.1,"recapWeight":0.04999999999999999,"deltaWeight":9.75,"categoryWeight":0.05,"quantileWeight":1.1,"consistencyWeight":0,"identityDropoutRate":0.4537500000000001}, Scales {"judgeBias":1,"corps":1}, SeqLen 15, ID_Drop 0.461, WFW 1.500 
Epoch 115 memory(start): tensors=258, buffers=258, bytes=18.3MB

History Bucket Diagnostics (Avg Abs Error per sample, normalized units):
Hist | Count | MAE_Pred | MAE_Base | PredDevFromBase
-----|-------|----------|----------|----------------
0    | 8     | 0.7444   | 3.7696   | 3.9062 
1    | 9     | 0.7214   | 0.9160   | 0.7392 
2    | 11    | 0.4528   | 0.5551   | 0.5274 
3-5  | 59    | 0.4448   | 0.3926   | 0.3845 
6+   | 276   | 0.3245   | 0.2990   | 0.3334 

Epoch 115: loss = 0.859249 phase = C val_loss = 1.249160 delta_mae_pts = 0.3670 recap_mae_pts = 0.3670 cat_mae_pts = 0.4574 total_mae_pts = 1.1161 vs_inertia_pts = 0.0467 vs_quad_pts = 0.2792 lr_base = 0.000629 lr_mult = 0.0625 lr_eff = 0.000039 mon_cov = 0.934 mon_score = 3.7341 progress = 116/400 epoch_sec = 68.4 avg_epoch_sec = 107.4 elapsed = 03:27:34 eta = 08:28:11
Epoch 115 memory(end): tensors=258, buffers=258, bytes=18.3MB
[curriculum] phase=C age=87 ramp=80 delta=0.3670 cov=0.934 best_global_delta=0.3433

Epoch 116: Phase C (A_end=10, B_end=29, C_ramp=80) Weights {"totalWeight":0.1,"recapWeight":0.04999999999999999,"deltaWeight":9.75,"categoryWeight":0.05,"quantileWeight":1.1,"consistencyWeight":0,"identityDropoutRate":0.441875}, Scales {"judgeBias":1,"corps":1}, SeqLen 15, ID_Drop 0.449, WFW 1.500 
Epoch 116 memory(start): tensors=258, buffers=258, bytes=18.3MB

History Bucket Diagnostics (Avg Abs Error per sample, normalized units):
Hist | Count | MAE_Pred | MAE_Base | PredDevFromBase
-----|-------|----------|----------|----------------
0    | 8     | 0.7585   | 3.7696   | 3.9605 
1    | 9     | 0.7087   | 0.9160   | 0.7856 
2    | 11    | 0.4596   | 0.5551   | 0.5580 
3-5  | 59    | 0.4317   | 0.3926   | 0.3822 
6+   | 276   | 0.3230   | 0.2990   | 0.3309 

Epoch 116: loss = 0.844980 phase = C val_loss = 1.239779 delta_mae_pts = 0.3640 recap_mae_pts = 0.3640 cat_mae_pts = 0.4490 total_mae_pts = 1.0823 vs_inertia_pts = 0.0497 vs_quad_pts = 0.2822 lr_base = 0.000627 lr_mult = 0.0625 lr_eff = 0.000039 mon_cov = 0.937 mon_score = 3.7009 progress = 117/400 epoch_sec = 68.3 avg_epoch_sec = 107.0 elapsed = 03:28:42 eta = 08:24:49
Epoch 116 memory(end): tensors=258, buffers=258, bytes=18.3MB
[curriculum] phase=C age=88 ramp=80 delta=0.3640 cov=0.937 best_global_delta=0.3433

Epoch 117: Phase C (A_end=10, B_end=29, C_ramp=80) Weights {"totalWeight":0.1,"recapWeight":0.04999999999999999,"deltaWeight":9.75,"categoryWeight":0.05,"quantileWeight":1.1,"consistencyWeight":0,"identityDropoutRate":0.43000000000000005}, Scales {"judgeBias":1,"corps":1}, SeqLen 15, ID_Drop 0.424, WFW 1.500 
Epoch 117 memory(start): tensors=258, buffers=258, bytes=18.3MB

History Bucket Diagnostics (Avg Abs Error per sample, normalized units):
Hist | Count | MAE_Pred | MAE_Base | PredDevFromBase
-----|-------|----------|----------|----------------
0    | 8     | 0.7379   | 3.7696   | 3.9366 
1    | 9     | 0.7202   | 0.9160   | 0.7922 
2    | 11    | 0.4636   | 0.5551   | 0.5701 
3-5  | 59    | 0.4305   | 0.3926   | 0.3879 
6+   | 276   | 0.3251   | 0.2990   | 0.3391 

Epoch 117: loss = 0.854437 phase = C val_loss = 1.243325 delta_mae_pts = 0.3653 recap_mae_pts = 0.3653 cat_mae_pts = 0.4515 total_mae_pts = 1.1000 vs_inertia_pts = 0.0484 vs_quad_pts = 0.2809 lr_base = 0.000624 lr_mult = 0.0625 lr_eff = 0.000039 mon_cov = 0.936 mon_score = 3.7153 progress = 118/400 epoch_sec = 67.8 avg_epoch_sec = 106.7 elapsed = 03:29:50 eta = 08:21:29
Epoch 117 memory(end): tensors=258, buffers=258, bytes=18.3MB
[curriculum] phase=C age=89 ramp=80 delta=0.3653 cov=0.936 best_global_delta=0.3433

Epoch 118: Phase C (A_end=10, B_end=29, C_ramp=80) Weights {"totalWeight":0.1,"recapWeight":0.04999999999999999,"deltaWeight":9.75,"categoryWeight":0.05,"quantileWeight":1.1,"consistencyWeight":0,"identityDropoutRate":0.41812499999999997}, Scales {"judgeBias":1,"corps":1}, SeqLen 15, ID_Drop 0.423, WFW 1.500 
Epoch 118 memory(start): tensors=258, buffers=258, bytes=18.3MB

History Bucket Diagnostics (Avg Abs Error per sample, normalized units):
Hist | Count | MAE_Pred | MAE_Base | PredDevFromBase
-----|-------|----------|----------|----------------
0    | 8     | 0.7246   | 3.7696   | 3.9227 
1    | 9     | 0.7119   | 0.9160   | 0.7883 
2    | 11    | 0.4643   | 0.5551   | 0.5687 
3-5  | 59    | 0.4373   | 0.3926   | 0.3873 
6+   | 276   | 0.3247   | 0.2990   | 0.3333 

Epoch 118: loss = 0.855260 phase = C val_loss = 1.244864 delta_mae_pts = 0.3656 recap_mae_pts = 0.3656 cat_mae_pts = 0.4522 total_mae_pts = 1.0946 vs_inertia_pts = 0.0481 vs_quad_pts = 0.2805 lr_base = 0.000622 lr_mult = 0.0625 lr_eff = 0.000039 mon_cov = 0.935 mon_score = 3.7181 progress = 119/400 epoch_sec = 68.0 avg_epoch_sec = 106.4 elapsed = 03:30:58 eta = 08:18:11
Epoch 118 memory(end): tensors=258, buffers=258, bytes=18.3MB
[curriculum] phase=C age=90 ramp=80 delta=0.3656 cov=0.935 best_global_delta=0.3433

Epoch 119: Phase C (A_end=10, B_end=29, C_ramp=80) Weights {"totalWeight":0.1,"recapWeight":0.04999999999999999,"deltaWeight":9.75,"categoryWeight":0.05,"quantileWeight":1.1,"consistencyWeight":0,"identityDropoutRate":0.40625}, Scales {"judgeBias":1,"corps":1}, SeqLen 15, ID_Drop 0.403, WFW 1.500 
Epoch 119 memory(start): tensors=258, buffers=258, bytes=18.3MB

History Bucket Diagnostics (Avg Abs Error per sample, normalized units):
Hist | Count | MAE_Pred | MAE_Base | PredDevFromBase
-----|-------|----------|----------|----------------
0    | 8     | 0.7362   | 3.7696   | 3.9387 
1    | 9     | 0.7066   | 0.9160   | 0.7658 
2    | 11    | 0.4658   | 0.5551   | 0.5528 
3-5  | 59    | 0.4435   | 0.3926   | 0.3854 
6+   | 276   | 0.3284   | 0.2990   | 0.3369 

Epoch 119: loss = 0.848918 phase = C val_loss = 1.257351 delta_mae_pts = 0.3697 recap_mae_pts = 0.3697 cat_mae_pts = 0.4614 total_mae_pts = 1.1155 vs_inertia_pts = 0.0441 vs_quad_pts = 0.2765 lr_base = 0.000620 lr_mult = 0.0625 lr_eff = 0.000039 mon_cov = 0.930 mon_score = 3.7598 progress = 120/400 epoch_sec = 67.9 avg_epoch_sec = 106.1 elapsed = 03:32:06 eta = 08:14:55
Epoch 119 memory(end): tensors=258, buffers=258, bytes=18.3MB
[curriculum] phase=C age=91 ramp=80 delta=0.3697 cov=0.930 best_global_delta=0.3433

--- NO MONITOR IMPROVEMENT FOR 18 EPOCHS: plateau multiplier 0.0625 -> 0.0313, effective LR 0.000030 ---
Early stopping at epoch 119 
Selecting final weights: best-delta-checkpoint (delta_mae_pts = 0.3433)
Saving final production model to models\v9_subcaption_fixed\v9fix_shared_datefwd_best_only_1779483930970...

--- EVALUATION: validation (363 rows) ---
validation: delta_mae_pts=0.3472, recap_mae_pts=0.3472, total_mae_pts=0.9880, coverage=0.962, width=1.9868

--- EVALUATION: test_all (52 rows) ---
test_all: delta_mae_pts=0.2964, recap_mae_pts=0.2964, total_mae_pts=0.6973, coverage=0.981, width=1.8930

--- EVALUATION: test_world_class (33 rows) ---
test_world_class: delta_mae_pts=0.2783, recap_mae_pts=0.2783, total_mae_pts=0.6150, coverage=0.989, width=1.8739

--- EVALUATION: test_open_class (19 rows) ---
test_open_class: delta_mae_pts=0.3311, recap_mae_pts=0.3311, total_mae_pts=0.8760, coverage=0.967, width=1.9264

--- EVALUATION: test_championship_week (47 rows) ---
test_championship_week: delta_mae_pts=0.2972, recap_mae_pts=0.2972, total_mae_pts=0.6860, coverage=0.981, width=1.8874
Production training complete.
