2026-05-21 14:57:09.408863: I tensorflow/core/platform/cpu_feature_guard.cc:193] This TensorFlow binary is optimized with oneAPI Deep Neural Network Library (oneDNN) to use the following CPU instructions in performance-critical operations:  AVX2
To enable them in other operations, rebuild TensorFlow with the appropriate compiler flags.
Loading V9 sequence data...
Validation split (date-forward) grouped by show/date: 6906 train rows, 363 validation rows.
Saved normalization stats to ./results/v9-subcaption-target-norm.json

AUDIT SUCCESS: Leakage prevention verified for caption blocks
V10 Splits -> Train: 6906, Val: 363, Test: 52 
Baselines(monitoring forecast MAE): zero = 16.4356, mean = 2.0004, ema = 1.1564, quad = 0.6462
Orthogonal initializer is being called on a matrix with more than 2000 (65536) elements: Slowness may result.
Orthogonal initializer is being called on a matrix with more than 2000 (65536) elements: Slowness may result.
Orthogonal initializer is being called on a matrix with more than 2000 (16384) elements: Slowness may result.
Orthogonal initializer is being called on a matrix with more than 2000 (16384) elements: Slowness may result.
___________________________________________________________________________________________________________________
Layer (type)               Input Shape                 Output shape             Param #     Receives inputs        
===================================================================================================================
sequence (InputLayer)      [[null,15,101]]             [null,15,101]            0                                  
___________________________________________________________________________________________________________________
bidirectional_Bidirectiona [[null,15,101]]             [null,15,256]            235520      sequence[0][0]         
___________________________________________________________________________________________________________________
layer_normalization_LayerN [[null,15,256]]             [null,15,256]            512         bidirectional_Bidirecti
___________________________________________________________________________________________________________________
bidirectional_Bidirectiona [[null,15,256]]             [null,15,128]            164352      layer_normalization_Lay
___________________________________________________________________________________________________________________
layer_normalization_LayerN [[null,15,128]]             [null,15,128]            256         bidirectional_Bidirecti
___________________________________________________________________________________________________________________
dense_Dense1 (Dense)       [[null,15,128]]             [null,15,1]              129         layer_normalization_Lay
___________________________________________________________________________________________________________________
reshape_Reshape1 (Reshape) [[null,15,1]]               [null,15]                0           dense_Dense1[0][0]     
___________________________________________________________________________________________________________________
mask (InputLayer)          [[null,15]]                 [null,15]                0                                  
___________________________________________________________________________________________________________________
masked_softmax_MaskedSoftm [[null,15],[null,15]]       [null,15]                0           reshape_Reshape1[0][0] 
                                                                                            mask[0][0]             
___________________________________________________________________________________________________________________
judge_ids (InputLayer)     [[null,8]]                  [null,8]                 0                                  
___________________________________________________________________________________________________________________
agnostic_show_id (InputLay [[null,1]]                  [null,1]                 0                                  
___________________________________________________________________________________________________________________
reshape_Reshape2 (Reshape) [[null,15]]                 [null,15,1]              0           masked_softmax_MaskedSo
___________________________________________________________________________________________________________________
judge_embedding (Embedding [[null,8]]                  [null,8,24]              5880        judge_ids[0][0]        
___________________________________________________________________________________________________________________
agnostic_show_embedding (E [[null,1]]                  [null,1,12]              4188        agnostic_show_id[0][0] 
___________________________________________________________________________________________________________________
attention_pool (AttentionP [[null,15,1],[null,15,128]] [null,128]               0           reshape_Reshape2[0][0] 
                                                                                            layer_normalization_Lay
___________________________________________________________________________________________________________________
static (InputLayer)        [[null,177]]                [null,177]               0                                  
___________________________________________________________________________________________________________________
flatten_Flatten1 (Flatten) [[null,8,24]]               [null,192]               0           judge_embedding[0][0]  
___________________________________________________________________________________________________________________
baseline_recap (InputLayer [[null,8]]                  [null,8]                 0                                  
___________________________________________________________________________________________________________________
last_step (LastStepLayer)  [[null,15,101]]             [null,101]               0           sequence[0][0]         
___________________________________________________________________________________________________________________
flatten_Flatten3 (Flatten) [[null,1,12]]               [null,12]                0           agnostic_show_embedding
___________________________________________________________________________________________________________________
concatenate_Concatenate1 ( [[null,128],[null,177],[nul [null,618]               0           attention_pool[0][0]   
                                                                                            static[0][0]           
                                                                                            flatten_Flatten1[0][0] 
                                                                                            baseline_recap[0][0]   
                                                                                            last_step[0][0]        
                                                                                            flatten_Flatten3[0][0] 
___________________________________________________________________________________________________________________
dense_Dense2 (Dense)       [[null,618]]                [null,512]               316928      concatenate_Concatenate
___________________________________________________________________________________________________________________
dropout_Dropout1 (Dropout) [[null,512]]                [null,512]               0           dense_Dense2[0][0]     
___________________________________________________________________________________________________________________
dense_Dense3 (Dense)       [[null,512]]                [null,256]               131328      dropout_Dropout1[0][0] 
___________________________________________________________________________________________________________________
dropout_Dropout2 (Dropout) [[null,256]]                [null,256]               0           dense_Dense3[0][0]     
___________________________________________________________________________________________________________________
strength (Dense)           [[null,128]]                [null,24]                3096        attention_pool[0][0]   
___________________________________________________________________________________________________________________
corps_id (InputLayer)      [[null,1]]                  [null,1]                 0                                  
___________________________________________________________________________________________________________________
concatenate_Concatenate2 ( [[null,256],[null,177],[nul [null,457]               0           dropout_Dropout2[0][0] 
                                                                                            static[0][0]           
                                                                                            strength[0][0]         
___________________________________________________________________________________________________________________
corps_embedding (Embedding [[null,1]]                  [null,1,20]              14180       corps_id[0][0]         
___________________________________________________________________________________________________________________
accuracy_trunk (Dense)     [[null,457]]                [null,128]               58624       concatenate_Concatenate
___________________________________________________________________________________________________________________
flatten_Flatten2 (Flatten) [[null,1,20]]               [null,20]                0           corps_embedding[0][0]  
___________________________________________________________________________________________________________________
dropout_Dropout3 (Dropout) [[null,128]]                [null,128]               0           accuracy_trunk[0][0]   
___________________________________________________________________________________________________________________
judge_bias_raw (Dense)     [[null,192]]                [null,8]                 1544        flatten_Flatten1[0][0] 
___________________________________________________________________________________________________________________
judge_bias_scale (InputLay [[null,1]]                  [null,1]                 0                                  
___________________________________________________________________________________________________________________
corps_corr_raw (Dense)     [[null,20]]                 [null,8]                 168         flatten_Flatten2[0][0] 
___________________________________________________________________________________________________________________
corps_scale (InputLayer)   [[null,1]]                  [null,1]                 0                                  
___________________________________________________________________________________________________________________
history_len (InputLayer)   [[null,1]]                  [null,1]                 0                                  
___________________________________________________________________________________________________________________
delta_q50_base (Dense)     [[null,128]]                [null,8]                 1032        dropout_Dropout3[0][0] 
___________________________________________________________________________________________________________________
judge_bias_gated (LambdaSc [[null,8],[null,1]]         [null,8]                 0           judge_bias_raw[0][0]   
                                                                                            judge_bias_scale[0][0] 
___________________________________________________________________________________________________________________
corps_corr_gated (LambdaSc [[null,8],[null,1]]         [null,8]                 0           corps_corr_raw[0][0]   
                                                                                            corps_scale[0][0]      
___________________________________________________________________________________________________________________
width_concat (Concatenate) [[null,457],[null,192],[nul [null,650]               0           concatenate_Concatenate
                                                                                            flatten_Flatten1[0][0] 
                                                                                            history_len[0][0]      
___________________________________________________________________________________________________________________
delta_q50 (Add)            [[null,8],[null,8],[null,8] [null,8]                 0           delta_q50_base[0][0]   
                                                                                            judge_bias_gated[0][0] 
                                                                                            corps_corr_gated[0][0] 
___________________________________________________________________________________________________________________
q10_width_raw (Dense)      [[null,650]]                [null,8]                 5208        width_concat[0][0]     
___________________________________________________________________________________________________________________
q10_width (Activation)     [[null,8]]                  [null,8]                 0           q10_width_raw[0][0]    
___________________________________________________________________________________________________________________
q90_width_raw (Dense)      [[null,650]]                [null,8]                 5208        width_concat[0][0]     
___________________________________________________________________________________________________________________
recap_head (RecapLayer)    [[null,8],[null,8]]         [null,8]                 0           delta_q50[0][0]        
                                                                                            baseline_recap[0][0]   
___________________________________________________________________________________________________________________
q10_width_neg (NegationLay [[null,8]]                  [null,8]                 0           q10_width[0][0]        
___________________________________________________________________________________________________________________
q90_width (Activation)     [[null,8]]                  [null,8]                 0           q90_width_raw[0][0]    
___________________________________________________________________________________________________________________
category_head (CategoryLay [[null,8]]                  [null,3]                 0           recap_head[0][0]       
___________________________________________________________________________________________________________________
q10_delta (Add)            [[null,8],[null,8]]         [null,8]                 0           delta_q50[0][0]        
                                                                                            q10_width_neg[0][0]    
___________________________________________________________________________________________________________________
q90_delta (Add)            [[null,8],[null,8]]         [null,8]                 0           delta_q50[0][0]        
                                                                                            q90_width[0][0]        
___________________________________________________________________________________________________________________
total_head (TotalLayer)    [[null,3]]                  [null,1]                 0           category_head[0][0]    
___________________________________________________________________________________________________________________
output (Concatenate)       [[null,8],[null,8],[null,8] [null,36]                0           q10_delta[0][0]        
                                                                                            delta_q50[0][0]        
                                                                                            q90_delta[0][0]        
                                                                                            recap_head[0][0]       
                                                                                            category_head[0][0]    
                                                                                            total_head[0][0]       
===================================================================================================================
Total params: 948153
Trainable params: 948153
Non-trainable params: 0
___________________________________________________________________________________________________________________

--- DERIVATION EXACTNESS CHECK ---
MaskedSoftmax shapes: [ 1, 15 ] [ 1, 15 ] [ 1, 15 ] [ 1, 15 ]
Recap Points: [
  '15.10', '14.98',
  '15.01', '15.02',
  '14.83', '14.95',
  '15.02', '15.00'
]
GE: Derived = 30.08, Expected = 30.08 
Visual: Derived = 22.43, Expected = 22.43 
Music: Derived = 22.48, Expected = 22.48 
Total: Derived = 75.00, Expected = 75.00 
DERIVATION CHECK SUCCESS

--- SCALE SANITY TEST ---
Sample Row Total: 71.15 (expecting DCI scale, not sum - of - 8)
Sum - of - 8: 113.60 
SCALE SANITY SUCCESS: target total is on DCI scale.


=== V9-IMPROVED: Enhanced Model for 0.2 MAE Target ===
Hyperparameters: lstm1=128, lstm2=64, dropout=0.2, lr=0.00075, batch=128, width_floor_pts=0.5, width_floor_schedule=0.1->1.5, baseline_dropout=0.1, baseline_noise_std=0.25
Model Capacity: 256→128 BiLSTM, Dense 512→256, AccuracyTrunk 128, Judge Emb 24, Corps Emb 20, Show Emb 12
Cached 363 validation samples(seqLen = 15, identityDropout = 0.0)

Epoch 0: Weights {"totalWeight":0.05,"recapWeight":1,"deltaWeight":0.2,"categoryWeight":0.05,"quantileWeight":0.02,"consistencyWeight":0,"identityDropoutRate":0.95}, Scales {"judgeBias":0,"corps":0}, SeqLen 5, ID_Drop 0.948, WFW 0.100 
Epoch 0 memory(start): tensors=102, buffers=102, bytes=3.6MB

History Bucket Diagnostics (Avg Abs Error per sample, normalized units):
Hist | Count | MAE_Pred | MAE_Base | PredDevFromBase
-----|-------|----------|----------|----------------
0    | 8     | 3.7961   | 3.7696   | 0.4796 
1    | 9     | 1.0520   | 0.9160   | 0.5782 
2    | 11    | 0.7084   | 0.5551   | 0.5226 
3-5  | 59    | 0.5566   | 0.3926   | 0.4648 
6+   | 276   | 0.5226   | 0.2990   | 0.4382 

Epoch 0: loss = 0.772473 delta_mae_pts = 0.6191 recap_mae_pts = 0.6191 cat_mae_pts = 0.7740 total_mae_pts = 1.5789 vs_inertia_pts = -0.2053 vs_quad_pts = 0.0271 lr_base = 0.000075 lr_mult = 1.0000 lr_eff = 0.000075 mon_cov = 0.291 mon_score = 2.1979 time = 68.35 s
Epoch 0 memory(end): tensors=180, buffers=180, bytes=11.1MB

-- - CAPTION STATS(Epoch 0)-- - 
GE1: delta_pts = 0.6816, recap_pts = 0.6816, cov = 0.253, width = 0.7081 
GE2: delta_pts = 0.6604, recap_pts = 0.6604, cov = 0.287, width = 0.5296 
VP: delta_pts = 0.6131, recap_pts = 0.6131, cov = 0.281, width = 0.6872 
VA: delta_pts = 0.5990, recap_pts = 0.5990, cov = 0.526, width = 1.0233 
CG: delta_pts = 0.5997, recap_pts = 0.5997, cov = 0.187, width = 0.3008 
MB: delta_pts = 0.4929, recap_pts = 0.4929, cov = 0.231, width = 0.2967 
MA: delta_pts = 0.6575, recap_pts = 0.6575, cov = 0.427, width = 0.9813 
MP: delta_pts = 0.6482, recap_pts = 0.6482, cov = 0.138, width = 0.2376 
----------------------------------

Saved BEST checkpoint @epoch 0 score = 2.1979 -> models\v9_subcaption_fixed\v9fix_shared_datefwd_ctrl_1779389830762\best 

Epoch 1: Weights {"totalWeight":0.05,"recapWeight":1,"deltaWeight":0.2,"categoryWeight":0.05,"quantileWeight":0.02,"consistencyWeight":0,"identityDropoutRate":0.95}, Scales {"judgeBias":0.016666666666666666,"corps":0}, SeqLen 5, ID_Drop 0.951, WFW 0.100 
Epoch 1 memory(start): tensors=219, buffers=180, bytes=14.7MB

History Bucket Diagnostics (Avg Abs Error per sample, normalized units):
Hist | Count | MAE_Pred | MAE_Base | PredDevFromBase
-----|-------|----------|----------|----------------
0    | 8     | 3.5046   | 3.7696   | 0.8047 
1    | 9     | 0.8763   | 0.9160   | 0.4490 
2    | 11    | 0.6401   | 0.5551   | 0.4420 
3-5  | 59    | 0.4866   | 0.3926   | 0.3913 
6+   | 276   | 0.4242   | 0.2990   | 0.3300 

Epoch 1: loss = 0.563202 delta_mae_pts = 0.5200 recap_mae_pts = 0.5200 cat_mae_pts = 0.6245 total_mae_pts = 1.3767 vs_inertia_pts = -0.1063 vs_quad_pts = 0.1262 lr_base = 0.000150 lr_mult = 1.0000 lr_eff = 0.000150 mon_cov = 0.782 mon_score = 1.8967 time = 132.70 s
Epoch 1 memory(end): tensors=219, buffers=219, bytes=14.7MB
Saved BEST checkpoint @epoch 1 score = 1.8967 -> models\v9_subcaption_fixed\v9fix_shared_datefwd_ctrl_1779389830762\best 

Epoch 2: Weights {"totalWeight":0.05,"recapWeight":1,"deltaWeight":0.2,"categoryWeight":0.05,"quantileWeight":0.02,"consistencyWeight":0,"identityDropoutRate":0.95}, Scales {"judgeBias":0.03333333333333333,"corps":0}, SeqLen 5, ID_Drop 0.951, WFW 0.100 
Epoch 2 memory(start): tensors=219, buffers=180, bytes=14.7MB

History Bucket Diagnostics (Avg Abs Error per sample, normalized units):
Hist | Count | MAE_Pred | MAE_Base | PredDevFromBase
-----|-------|----------|----------|----------------
0    | 8     | 2.2238   | 3.7696   | 1.8373 
1    | 9     | 0.7708   | 0.9160   | 0.5547 
2    | 11    | 0.5649   | 0.5551   | 0.4345 
3-5  | 59    | 0.4590   | 0.3926   | 0.4205 
6+   | 276   | 0.4337   | 0.2990   | 0.3515 

Epoch 2: loss = 0.375218 delta_mae_pts = 0.4896 recap_mae_pts = 0.4896 cat_mae_pts = 0.6063 total_mae_pts = 1.4260 vs_inertia_pts = -0.0759 vs_quad_pts = 0.1566 lr_base = 0.000225 lr_mult = 1.0000 lr_eff = 0.000225 mon_cov = 0.827 mon_score = 1.9156 time = 198.53 s
Epoch 2 memory(end): tensors=219, buffers=219, bytes=14.7MB

Epoch 3: Weights {"totalWeight":0.05,"recapWeight":1,"deltaWeight":0.2,"categoryWeight":0.05,"quantileWeight":0.02,"consistencyWeight":0,"identityDropoutRate":0.95}, Scales {"judgeBias":0.05,"corps":0}, SeqLen 5, ID_Drop 0.952, WFW 0.100 
Epoch 3 memory(start): tensors=219, buffers=219, bytes=14.7MB

History Bucket Diagnostics (Avg Abs Error per sample, normalized units):
Hist | Count | MAE_Pred | MAE_Base | PredDevFromBase
-----|-------|----------|----------|----------------
0    | 8     | 0.9064   | 3.7696   | 3.2552 
1    | 9     | 0.9112   | 0.9160   | 0.4817 
2    | 11    | 0.7210   | 0.5551   | 0.3311 
3-5  | 59    | 0.6046   | 0.3926   | 0.3767 
6+   | 276   | 0.5324   | 0.2990   | 0.3895 

Epoch 3: loss = 0.257032 delta_mae_pts = 0.5675 recap_mae_pts = 0.5675 cat_mae_pts = 0.7463 total_mae_pts = 2.0022 vs_inertia_pts = -0.1538 vs_quad_pts = 0.0787 lr_base = 0.000300 lr_mult = 1.0000 lr_eff = 0.000300 mon_cov = 0.829 mon_score = 2.5697 time = 266.22 s
Epoch 3 memory(end): tensors=219, buffers=219, bytes=14.7MB

Epoch 4: Weights {"totalWeight":0.05,"recapWeight":1,"deltaWeight":0.2,"categoryWeight":0.05,"quantileWeight":0.02,"consistencyWeight":0,"identityDropoutRate":0.95}, Scales {"judgeBias":0.06666666666666667,"corps":0}, SeqLen 5, ID_Drop 0.949, WFW 0.100 
Epoch 4 memory(start): tensors=219, buffers=219, bytes=14.7MB

History Bucket Diagnostics (Avg Abs Error per sample, normalized units):
Hist | Count | MAE_Pred | MAE_Base | PredDevFromBase
-----|-------|----------|----------|----------------
0    | 8     | 0.7613   | 3.7696   | 3.8316 
1    | 9     | 0.7505   | 0.9160   | 0.4985 
2    | 11    | 0.6395   | 0.5551   | 0.3985 
3-5  | 59    | 0.4674   | 0.3926   | 0.4209 
6+   | 276   | 0.4097   | 0.2990   | 0.3385 

Epoch 4: loss = 0.233713 delta_mae_pts = 0.4422 recap_mae_pts = 0.4422 cat_mae_pts = 0.5562 total_mae_pts = 1.3384 vs_inertia_pts = -0.0285 vs_quad_pts = 0.2039 lr_base = 0.000375 lr_mult = 1.0000 lr_eff = 0.000375 mon_cov = 0.848 mon_score = 1.7807 time = 332.30 s
Epoch 4 memory(end): tensors=219, buffers=219, bytes=14.7MB
Saved BEST checkpoint @epoch 4 score = 1.7807 -> models\v9_subcaption_fixed\v9fix_shared_datefwd_ctrl_1779389830762\best 

Epoch 5: Weights {"totalWeight":0.05,"recapWeight":1,"deltaWeight":0.2,"categoryWeight":0.05,"quantileWeight":0.02,"consistencyWeight":0,"identityDropoutRate":0.95}, Scales {"judgeBias":0.08333333333333333,"corps":0}, SeqLen 5, ID_Drop 0.952, WFW 0.100 
Epoch 5 memory(start): tensors=219, buffers=180, bytes=14.7MB

History Bucket Diagnostics (Avg Abs Error per sample, normalized units):
Hist | Count | MAE_Pred | MAE_Base | PredDevFromBase
-----|-------|----------|----------|----------------
0    | 8     | 0.6183   | 3.7696   | 3.8519 
1    | 9     | 0.8306   | 0.9160   | 0.9173 
2    | 11    | 0.6992   | 0.5551   | 0.7924 
3-5  | 59    | 0.6133   | 0.3926   | 0.7363 
6+   | 276   | 0.5689   | 0.2990   | 0.5994 

Epoch 5: loss = 0.202864 delta_mae_pts = 0.5876 recap_mae_pts = 0.5876 cat_mae_pts = 0.8467 total_mae_pts = 2.3269 vs_inertia_pts = -0.1739 vs_quad_pts = 0.0585 lr_base = 0.000450 lr_mult = 1.0000 lr_eff = 0.000450 mon_cov = 0.755 mon_score = 2.9146 time = 401.48 s
Epoch 5 memory(end): tensors=219, buffers=219, bytes=14.7MB

Epoch 6: Weights {"totalWeight":0.05,"recapWeight":1,"deltaWeight":0.2,"categoryWeight":0.05,"quantileWeight":0.02,"consistencyWeight":0,"identityDropoutRate":0.95}, Scales {"judgeBias":0.1,"corps":0}, SeqLen 5, ID_Drop 0.949, WFW 0.100 
Epoch 6 memory(start): tensors=219, buffers=219, bytes=14.7MB

History Bucket Diagnostics (Avg Abs Error per sample, normalized units):
Hist | Count | MAE_Pred | MAE_Base | PredDevFromBase
-----|-------|----------|----------|----------------
0    | 8     | 1.2877   | 3.7696   | 4.1892 
1    | 9     | 0.8972   | 0.9160   | 0.5141 
2    | 11    | 0.8216   | 0.5551   | 0.4270 
3-5  | 59    | 0.5815   | 0.3926   | 0.3652 
6+   | 276   | 0.4472   | 0.2990   | 0.3320 

Epoch 6: loss = 0.201869 delta_mae_pts = 0.5100 recap_mae_pts = 0.5100 cat_mae_pts = 0.6898 total_mae_pts = 1.8986 vs_inertia_pts = -0.0963 vs_quad_pts = 0.1361 lr_base = 0.000525 lr_mult = 1.0000 lr_eff = 0.000525 mon_cov = 0.872 mon_score = 2.4087 time = 468.97 s
Epoch 6 memory(end): tensors=219, buffers=219, bytes=14.7MB

Epoch 7: Weights {"totalWeight":0.05,"recapWeight":1,"deltaWeight":0.2,"categoryWeight":0.05,"quantileWeight":0.02,"consistencyWeight":0,"identityDropoutRate":0.95}, Scales {"judgeBias":0.11666666666666667,"corps":0}, SeqLen 5, ID_Drop 0.946, WFW 0.100 
Epoch 7 memory(start): tensors=219, buffers=219, bytes=14.7MB

History Bucket Diagnostics (Avg Abs Error per sample, normalized units):
Hist | Count | MAE_Pred | MAE_Base | PredDevFromBase
-----|-------|----------|----------|----------------
0    | 8     | 0.8348   | 3.7696   | 3.5081 
1    | 9     | 0.7704   | 0.9160   | 0.5759 
2    | 11    | 0.7304   | 0.5551   | 0.5191 
3-5  | 59    | 0.5800   | 0.3926   | 0.6027 
6+   | 276   | 0.4544   | 0.2990   | 0.4406 

Epoch 7: loss = 0.190176 delta_mae_pts = 0.4994 recap_mae_pts = 0.4994 cat_mae_pts = 0.7260 total_mae_pts = 1.9006 vs_inertia_pts = -0.0857 vs_quad_pts = 0.1468 lr_base = 0.000600 lr_mult = 1.0000 lr_eff = 0.000600 mon_cov = 0.816 mon_score = 2.4000 time = 536.08 s
Epoch 7 memory(end): tensors=219, buffers=219, bytes=14.7MB

Epoch 8: Weights {"totalWeight":0.05,"recapWeight":1,"deltaWeight":0.2,"categoryWeight":0.05,"quantileWeight":0.02,"consistencyWeight":0,"identityDropoutRate":0.95}, Scales {"judgeBias":0.13333333333333333,"corps":0}, SeqLen 5, ID_Drop 0.951, WFW 0.100 
Epoch 8 memory(start): tensors=219, buffers=219, bytes=14.7MB

History Bucket Diagnostics (Avg Abs Error per sample, normalized units):
Hist | Count | MAE_Pred | MAE_Base | PredDevFromBase
-----|-------|----------|----------|----------------
0    | 8     | 0.7688   | 3.7696   | 4.1931 
1    | 9     | 0.7722   | 0.9160   | 0.8719 
2    | 11    | 0.6096   | 0.5551   | 0.5226 
3-5  | 59    | 0.4446   | 0.3926   | 0.4450 
6+   | 276   | 0.4551   | 0.2990   | 0.4494 

Epoch 8: loss = 0.190390 delta_mae_pts = 0.4728 recap_mae_pts = 0.4728 cat_mae_pts = 0.6566 total_mae_pts = 1.7528 vs_inertia_pts = -0.0591 vs_quad_pts = 0.1733 lr_base = 0.000675 lr_mult = 1.0000 lr_eff = 0.000675 mon_cov = 0.893 mon_score = 2.2257 time = 603.58 s
Epoch 8 memory(end): tensors=219, buffers=219, bytes=14.7MB

Epoch 9: Weights {"totalWeight":0.05,"recapWeight":1,"deltaWeight":0.2,"categoryWeight":0.05,"quantileWeight":0.02,"consistencyWeight":0,"identityDropoutRate":0.95}, Scales {"judgeBias":0.15,"corps":0}, SeqLen 5, ID_Drop 0.950, WFW 0.100 
Epoch 9 memory(start): tensors=219, buffers=219, bytes=14.7MB

History Bucket Diagnostics (Avg Abs Error per sample, normalized units):
Hist | Count | MAE_Pred | MAE_Base | PredDevFromBase
-----|-------|----------|----------|----------------
0    | 8     | 0.7273   | 3.7696   | 4.0270 
1    | 9     | 0.7168   | 0.9160   | 0.8639 
2    | 11    | 0.5752   | 0.5551   | 0.5277 
3-5  | 59    | 0.4309   | 0.3926   | 0.3570 
6+   | 276   | 0.3959   | 0.2990   | 0.2839 

Epoch 9: loss = 0.177801 delta_mae_pts = 0.4222 recap_mae_pts = 0.4222 cat_mae_pts = 0.4845 total_mae_pts = 1.1553 vs_inertia_pts = -0.0085 vs_quad_pts = 0.2239 lr_base = 0.000750 lr_mult = 1.0000 lr_eff = 0.000750 mon_cov = 0.933 mon_score = 1.5775 time = 679.42 s
Epoch 9 memory(end): tensors=219, buffers=219, bytes=14.7MB
Saved BEST checkpoint @epoch 9 score = 1.5775 -> models\v9_subcaption_fixed\v9fix_shared_datefwd_ctrl_1779389830762\best 

Epoch 10: Weights {"totalWeight":0.05,"recapWeight":1,"deltaWeight":0.2,"categoryWeight":0.05,"quantileWeight":0.02,"consistencyWeight":0,"identityDropoutRate":0.95}, Scales {"judgeBias":0.16666666666666666,"corps":0}, SeqLen 5, ID_Drop 0.948, WFW 0.100 
Epoch 10 memory(start): tensors=219, buffers=180, bytes=14.7MB

History Bucket Diagnostics (Avg Abs Error per sample, normalized units):
Hist | Count | MAE_Pred | MAE_Base | PredDevFromBase
-----|-------|----------|----------|----------------
0    | 8     | 1.1827   | 3.7696   | 4.3231 
1    | 9     | 0.6449   | 0.9160   | 0.6880 
2    | 11    | 0.6450   | 0.5551   | 0.3998 
3-5  | 59    | 0.6105   | 0.3926   | 0.3946 
6+   | 276   | 0.5343   | 0.2990   | 0.3952 

Epoch 10: loss = 0.170375 delta_mae_pts = 0.5670 recap_mae_pts = 0.5670 cat_mae_pts = 0.8013 total_mae_pts = 2.1825 vs_inertia_pts = -0.1533 vs_quad_pts = 0.0791 lr_base = 0.000750 lr_mult = 1.0000 lr_eff = 0.000750 mon_cov = 0.873 mon_score = 2.7496 time = 749.62 s
Epoch 10 memory(end): tensors=219, buffers=219, bytes=14.7MB

Epoch 11: Weights {"totalWeight":0.05,"recapWeight":1,"deltaWeight":0.2,"categoryWeight":0.05,"quantileWeight":0.02,"consistencyWeight":0,"identityDropoutRate":0.95}, Scales {"judgeBias":0.18333333333333332,"corps":0}, SeqLen 5, ID_Drop 0.956, WFW 0.100 
Epoch 11 memory(start): tensors=219, buffers=219, bytes=14.7MB

History Bucket Diagnostics (Avg Abs Error per sample, normalized units):
Hist | Count | MAE_Pred | MAE_Base | PredDevFromBase
-----|-------|----------|----------|----------------
0    | 8     | 0.8575   | 3.7696   | 3.9212 
1    | 9     | 0.7498   | 0.9160   | 0.5727 
2    | 11    | 0.7249   | 0.5551   | 0.3977 
3-5  | 59    | 0.5753   | 0.3926   | 0.4006 
6+   | 276   | 0.4700   | 0.2990   | 0.3545 

Epoch 11: loss = 0.163587 delta_mae_pts = 0.5103 recap_mae_pts = 0.5103 cat_mae_pts = 0.7802 total_mae_pts = 2.1596 vs_inertia_pts = -0.0966 vs_quad_pts = 0.1359 lr_base = 0.000750 lr_mult = 1.0000 lr_eff = 0.000750 mon_cov = 0.917 mon_score = 2.6699 time = 824.18 s
Epoch 11 memory(end): tensors=219, buffers=219, bytes=14.7MB

Epoch 12: Weights {"totalWeight":0.05,"recapWeight":1,"deltaWeight":0.2,"categoryWeight":0.05,"quantileWeight":0.02,"consistencyWeight":0,"identityDropoutRate":0.95}, Scales {"judgeBias":0.2,"corps":0}, SeqLen 5, ID_Drop 0.949, WFW 0.100 
Epoch 12 memory(start): tensors=219, buffers=219, bytes=14.7MB

History Bucket Diagnostics (Avg Abs Error per sample, normalized units):
Hist | Count | MAE_Pred | MAE_Base | PredDevFromBase
-----|-------|----------|----------|----------------
0    | 8     | 1.0285   | 3.7696   | 3.9595 
1    | 9     | 0.9509   | 0.9160   | 0.5524 
2    | 11    | 0.9423   | 0.5551   | 0.5955 
3-5  | 59    | 0.6526   | 0.3926   | 0.4754 
6+   | 276   | 0.4615   | 0.2990   | 0.3664 

Epoch 12: loss = 0.162199 delta_mae_pts = 0.5318 recap_mae_pts = 0.5318 cat_mae_pts = 0.7145 total_mae_pts = 1.8758 vs_inertia_pts = -0.1180 vs_quad_pts = 0.1144 lr_base = 0.000750 lr_mult = 1.0000 lr_eff = 0.000750 mon_cov = 0.884 mon_score = 2.4076 time = 899.47 s
Epoch 12 memory(end): tensors=219, buffers=219, bytes=14.7MB

Epoch 13: Weights {"totalWeight":0.05,"recapWeight":1,"deltaWeight":0.2,"categoryWeight":0.05,"quantileWeight":0.02,"consistencyWeight":0,"identityDropoutRate":0.95}, Scales {"judgeBias":0.21666666666666667,"corps":0}, SeqLen 5, ID_Drop 0.950, WFW 0.100 
Epoch 13 memory(start): tensors=219, buffers=219, bytes=14.7MB

History Bucket Diagnostics (Avg Abs Error per sample, normalized units):
Hist | Count | MAE_Pred | MAE_Base | PredDevFromBase
-----|-------|----------|----------|----------------
0    | 8     | 0.9305   | 3.7696   | 3.4044 
1    | 9     | 0.7433   | 0.9160   | 0.5182 
2    | 11    | 0.5874   | 0.5551   | 0.3591 
3-5  | 59    | 0.4650   | 0.3926   | 0.3250 
6+   | 276   | 0.3739   | 0.2990   | 0.2668 

Epoch 13: loss = 0.158585 delta_mae_pts = 0.4166 recap_mae_pts = 0.4166 cat_mae_pts = 0.5228 total_mae_pts = 1.3195 vs_inertia_pts = -0.0029 vs_quad_pts = 0.2296 lr_base = 0.000750 lr_mult = 1.0000 lr_eff = 0.000750 mon_cov = 0.938 mon_score = 1.7361 time = 972.74 s
Epoch 13 memory(end): tensors=219, buffers=219, bytes=14.7MB

Epoch 14: Weights {"totalWeight":0.05,"recapWeight":1,"deltaWeight":0.2,"categoryWeight":0.05,"quantileWeight":0.02,"consistencyWeight":0,"identityDropoutRate":0.95}, Scales {"judgeBias":0.23333333333333334,"corps":0}, SeqLen 5, ID_Drop 0.949, WFW 0.100 
Epoch 14 memory(start): tensors=219, buffers=219, bytes=14.7MB

History Bucket Diagnostics (Avg Abs Error per sample, normalized units):
Hist | Count | MAE_Pred | MAE_Base | PredDevFromBase
-----|-------|----------|----------|----------------
0    | 8     | 0.7589   | 3.7696   | 3.5217 
1    | 9     | 0.7213   | 0.9160   | 0.5766 
2    | 11    | 0.6963   | 0.5551   | 0.4496 
3-5  | 59    | 0.7199   | 0.3926   | 0.4846 
6+   | 276   | 0.5362   | 0.2990   | 0.4210 

Epoch 14: loss = 0.144833 delta_mae_pts = 0.5804 recap_mae_pts = 0.5804 cat_mae_pts = 0.8163 total_mae_pts = 2.3165 vs_inertia_pts = -0.1667 vs_quad_pts = 0.0658 lr_base = 0.000750 lr_mult = 1.0000 lr_eff = 0.000750 mon_cov = 0.837 mon_score = 2.8969 time = 1047.40 s
Epoch 14 memory(end): tensors=219, buffers=219, bytes=14.7MB

Epoch 15: Weights {"totalWeight":0.05,"recapWeight":1,"deltaWeight":0.2,"categoryWeight":0.05,"quantileWeight":0.02,"consistencyWeight":0,"identityDropoutRate":0.95}, Scales {"judgeBias":0.25,"corps":0}, SeqLen 5, ID_Drop 0.951, WFW 0.100 
Epoch 15 memory(start): tensors=219, buffers=219, bytes=14.7MB

History Bucket Diagnostics (Avg Abs Error per sample, normalized units):
Hist | Count | MAE_Pred | MAE_Base | PredDevFromBase
-----|-------|----------|----------|----------------
0    | 8     | 0.6400   | 3.7696   | 3.7397 
1    | 9     | 0.6253   | 0.9160   | 0.6953 
2    | 11    | 0.4774   | 0.5551   | 0.4074 
3-5  | 59    | 0.4434   | 0.3926   | 0.3238 
6+   | 276   | 0.3944   | 0.2990   | 0.2918 

Epoch 15: loss = 0.139023 delta_mae_pts = 0.4160 recap_mae_pts = 0.4160 cat_mae_pts = 0.4879 total_mae_pts = 1.0964 vs_inertia_pts = -0.0023 vs_quad_pts = 0.2302 lr_base = 0.000750 lr_mult = 1.0000 lr_eff = 0.000750 mon_cov = 0.944 mon_score = 1.5124 time = 1122.23 s
Epoch 15 memory(end): tensors=219, buffers=219, bytes=14.7MB
Saved BEST checkpoint @epoch 15 score = 1.5124 -> models\v9_subcaption_fixed\v9fix_shared_datefwd_ctrl_1779389830762\best 

Epoch 16: Weights {"totalWeight":0.05,"recapWeight":1,"deltaWeight":0.2,"categoryWeight":0.05,"quantileWeight":0.02,"consistencyWeight":0,"identityDropoutRate":0.95}, Scales {"judgeBias":0.26666666666666666,"corps":0}, SeqLen 5, ID_Drop 0.949, WFW 0.100 
Epoch 16 memory(start): tensors=219, buffers=180, bytes=14.7MB

History Bucket Diagnostics (Avg Abs Error per sample, normalized units):
Hist | Count | MAE_Pred | MAE_Base | PredDevFromBase
-----|-------|----------|----------|----------------
0    | 8     | 0.8772   | 3.7696   | 3.7282 
1    | 9     | 0.8771   | 0.9160   | 0.4518 
2    | 11    | 0.7757   | 0.5551   | 0.4127 
3-5  | 59    | 0.7143   | 0.3926   | 0.4794 
6+   | 276   | 0.4932   | 0.2990   | 0.3610 

Epoch 16: loss = 0.139249 delta_mae_pts = 0.5556 recap_mae_pts = 0.5556 cat_mae_pts = 0.8045 total_mae_pts = 2.2134 vs_inertia_pts = -0.1419 vs_quad_pts = 0.0905 lr_base = 0.000750 lr_mult = 1.0000 lr_eff = 0.000750 mon_cov = 0.864 mon_score = 2.7690 time = 1197.38 s
Epoch 16 memory(end): tensors=219, buffers=219, bytes=14.7MB

Epoch 17: Weights {"totalWeight":0.05,"recapWeight":1,"deltaWeight":0.2,"categoryWeight":0.05,"quantileWeight":0.02,"consistencyWeight":0,"identityDropoutRate":0.95}, Scales {"judgeBias":0.2833333333333333,"corps":0}, SeqLen 5, ID_Drop 0.954, WFW 0.100 
Epoch 17 memory(start): tensors=219, buffers=219, bytes=14.7MB

History Bucket Diagnostics (Avg Abs Error per sample, normalized units):
Hist | Count | MAE_Pred | MAE_Base | PredDevFromBase
-----|-------|----------|----------|----------------
0    | 8     | 0.6998   | 3.7696   | 3.6794 
1    | 9     | 0.6942   | 0.9160   | 0.4774 
2    | 11    | 0.6049   | 0.5551   | 0.4179 
3-5  | 59    | 0.5247   | 0.3926   | 0.4004 
6+   | 276   | 0.4039   | 0.2990   | 0.3271 

Epoch 17: loss = 0.141324 delta_mae_pts = 0.4433 recap_mae_pts = 0.4433 cat_mae_pts = 0.5701 total_mae_pts = 1.5007 vs_inertia_pts = -0.0296 vs_quad_pts = 0.2028 lr_base = 0.000749 lr_mult = 1.0000 lr_eff = 0.000749 mon_cov = 0.931 mon_score = 1.9441 time = 1298.88 s
Epoch 17 memory(end): tensors=219, buffers=219, bytes=14.7MB

Epoch 18: Weights {"totalWeight":0.05,"recapWeight":1,"deltaWeight":0.2,"categoryWeight":0.05,"quantileWeight":0.02,"consistencyWeight":0,"identityDropoutRate":0.95}, Scales {"judgeBias":0.3,"corps":0}, SeqLen 5, ID_Drop 0.951, WFW 0.100 
Epoch 18 memory(start): tensors=219, buffers=219, bytes=14.7MB

History Bucket Diagnostics (Avg Abs Error per sample, normalized units):
Hist | Count | MAE_Pred | MAE_Base | PredDevFromBase
-----|-------|----------|----------|----------------
0    | 8     | 0.8571   | 3.7696   | 3.9033 
1    | 9     | 0.6459   | 0.9160   | 0.5215 
2    | 11    | 0.5414   | 0.5551   | 0.2996 
3-5  | 59    | 0.4427   | 0.3926   | 0.2996 
6+   | 276   | 0.3479   | 0.2990   | 0.2459 

Epoch 18: loss = 0.133209 delta_mae_pts = 0.3878 recap_mae_pts = 0.3878 cat_mae_pts = 0.4895 total_mae_pts = 1.2255 vs_inertia_pts = 0.0259 vs_quad_pts = 0.2584 lr_base = 0.000749 lr_mult = 1.0000 lr_eff = 0.000749 mon_cov = 0.957 mon_score = 1.6133 time = 1383.42 s
Epoch 18 memory(end): tensors=219, buffers=219, bytes=14.7MB

Epoch 19: Weights {"totalWeight":0.05,"recapWeight":1,"deltaWeight":0.2,"categoryWeight":0.05,"quantileWeight":0.02,"consistencyWeight":0,"identityDropoutRate":0.95}, Scales {"judgeBias":0.31666666666666665,"corps":0}, SeqLen 5, ID_Drop 0.952, WFW 0.100 
Epoch 19 memory(start): tensors=219, buffers=219, bytes=14.7MB

History Bucket Diagnostics (Avg Abs Error per sample, normalized units):
Hist | Count | MAE_Pred | MAE_Base | PredDevFromBase
-----|-------|----------|----------|----------------
0    | 8     | 1.0328   | 3.7696   | 4.1097 
1    | 9     | 0.6744   | 0.9160   | 0.5090 
2    | 11    | 0.5987   | 0.5551   | 0.3414 
3-5  | 59    | 0.5662   | 0.3926   | 0.3828 
6+   | 276   | 0.3849   | 0.2990   | 0.2879 

Epoch 19: loss = 0.127592 delta_mae_pts = 0.4423 recap_mae_pts = 0.4423 cat_mae_pts = 0.6046 total_mae_pts = 1.6263 vs_inertia_pts = -0.0285 vs_quad_pts = 0.2039 lr_base = 0.000749 lr_mult = 1.0000 lr_eff = 0.000749 mon_cov = 0.921 mon_score = 2.0685 time = 1459.32 s
Epoch 19 memory(end): tensors=219, buffers=219, bytes=14.7MB

Epoch 20: Weights {"totalWeight":0,"recapWeight":1,"deltaWeight":0.2,"categoryWeight":0.05,"quantileWeight":0.02,"consistencyWeight":0,"identityDropoutRate":0.95}, Scales {"judgeBias":0.3333333333333333,"corps":0}, SeqLen 15, ID_Drop 0.947, WFW 0.100 
Epoch 20 memory(start): tensors=219, buffers=219, bytes=14.7MB

History Bucket Diagnostics (Avg Abs Error per sample, normalized units):
Hist | Count | MAE_Pred | MAE_Base | PredDevFromBase
-----|-------|----------|----------|----------------
0    | 8     | 0.6382   | 3.7696   | 3.7625 
1    | 9     | 0.6227   | 0.9160   | 0.6095 
2    | 11    | 0.4829   | 0.5551   | 0.3551 
3-5  | 59    | 0.4218   | 0.3926   | 0.2990 
6+   | 276   | 0.3382   | 0.2990   | 0.2669 

Epoch 20: loss = 0.127320 delta_mae_pts = 0.3699 recap_mae_pts = 0.3699 cat_mae_pts = 0.4518 total_mae_pts = 1.0611 vs_inertia_pts = 0.0438 vs_quad_pts = 0.2763 lr_base = 0.000749 lr_mult = 1.0000 lr_eff = 0.000749 mon_cov = 0.957 mon_score = 1.4310 time = 1537.08 s
Epoch 20 memory(end): tensors=219, buffers=219, bytes=14.7MB
Saved BEST checkpoint @epoch 20 score = 1.4310 -> models\v9_subcaption_fixed\v9fix_shared_datefwd_ctrl_1779389830762\best 

Epoch 21: Weights {"totalWeight":0,"recapWeight":0.9825,"deltaWeight":0.22000000000000003,"categoryWeight":0.05,"quantileWeight":0.022,"consistencyWeight":0,"identityDropoutRate":0.95}, Scales {"judgeBias":0.35,"corps":0}, SeqLen 15, ID_Drop 0.948, WFW 0.103 
Epoch 21 memory(start): tensors=219, buffers=180, bytes=14.7MB

History Bucket Diagnostics (Avg Abs Error per sample, normalized units):
Hist | Count | MAE_Pred | MAE_Base | PredDevFromBase
-----|-------|----------|----------|----------------
0    | 8     | 1.1585   | 3.7696   | 4.3175 
1    | 9     | 0.6631   | 0.9160   | 0.5979 
2    | 11    | 0.5326   | 0.5551   | 0.4008 
3-5  | 59    | 0.4998   | 0.3926   | 0.3705 
6+   | 276   | 0.3482   | 0.2990   | 0.2973 

Epoch 21: loss = 0.128304 delta_mae_pts = 0.4041 recap_mae_pts = 0.4041 cat_mae_pts = 0.5238 total_mae_pts = 1.3391 vs_inertia_pts = 0.0097 vs_quad_pts = 0.2421 lr_base = 0.000749 lr_mult = 1.0000 lr_eff = 0.000749 mon_cov = 0.921 mon_score = 1.7431 time = 1623.07 s
Epoch 21 memory(end): tensors=219, buffers=219, bytes=14.7MB

Epoch 22: Weights {"totalWeight":0,"recapWeight":0.965,"deltaWeight":0.24000000000000002,"categoryWeight":0.05,"quantileWeight":0.024,"consistencyWeight":0,"identityDropoutRate":0.95}, Scales {"judgeBias":0.36666666666666664,"corps":0}, SeqLen 15, ID_Drop 0.952, WFW 0.110 
Epoch 22 memory(start): tensors=219, buffers=219, bytes=14.7MB

History Bucket Diagnostics (Avg Abs Error per sample, normalized units):
Hist | Count | MAE_Pred | MAE_Base | PredDevFromBase
-----|-------|----------|----------|----------------
0    | 8     | 0.5833   | 3.7696   | 3.8942 
1    | 9     | 0.7576   | 0.9160   | 1.0611 
2    | 11    | 0.5768   | 0.5551   | 0.7309 
3-5  | 59    | 0.4475   | 0.3926   | 0.5348 
6+   | 276   | 0.4440   | 0.2990   | 0.4817 

Epoch 22: loss = 0.129824 delta_mae_pts = 0.4595 recap_mae_pts = 0.4595 cat_mae_pts = 0.6842 total_mae_pts = 1.9087 vs_inertia_pts = -0.0457 vs_quad_pts = 0.1867 lr_base = 0.000748 lr_mult = 1.0000 lr_eff = 0.000748 mon_cov = 0.903 mon_score = 2.3681 time = 1715.04 s
Epoch 22 memory(end): tensors=219, buffers=219, bytes=14.7MB

Epoch 23: Weights {"totalWeight":0,"recapWeight":0.9475,"deltaWeight":0.26,"categoryWeight":0.05,"quantileWeight":0.026000000000000002,"consistencyWeight":0,"identityDropoutRate":0.95}, Scales {"judgeBias":0.38333333333333336,"corps":0}, SeqLen 15, ID_Drop 0.953, WFW 0.122 
Epoch 23 memory(start): tensors=219, buffers=219, bytes=14.7MB

History Bucket Diagnostics (Avg Abs Error per sample, normalized units):
Hist | Count | MAE_Pred | MAE_Base | PredDevFromBase
-----|-------|----------|----------|----------------
0    | 8     | 0.8018   | 3.7696   | 3.9048 
1    | 9     | 0.6898   | 0.9160   | 0.6038 
2    | 11    | 0.4719   | 0.5551   | 0.3838 
3-5  | 59    | 0.4021   | 0.3926   | 0.3193 
6+   | 276   | 0.3361   | 0.2990   | 0.3138 

Epoch 23: loss = 0.131772 delta_mae_pts = 0.3699 recap_mae_pts = 0.3699 cat_mae_pts = 0.4672 total_mae_pts = 1.1227 vs_inertia_pts = 0.0438 vs_quad_pts = 0.2762 lr_base = 0.000748 lr_mult = 1.0000 lr_eff = 0.000748 mon_cov = 0.955 mon_score = 1.4926 time = 1807.10 s
Epoch 23 memory(end): tensors=219, buffers=219, bytes=14.7MB

Epoch 24: Weights {"totalWeight":0,"recapWeight":0.93,"deltaWeight":0.28,"categoryWeight":0.05,"quantileWeight":0.028,"consistencyWeight":0,"identityDropoutRate":0.95}, Scales {"judgeBias":0.4,"corps":0}, SeqLen 15, ID_Drop 0.947, WFW 0.139 
Epoch 24 memory(start): tensors=219, buffers=219, bytes=14.7MB

History Bucket Diagnostics (Avg Abs Error per sample, normalized units):
Hist | Count | MAE_Pred | MAE_Base | PredDevFromBase
-----|-------|----------|----------|----------------
0    | 8     | 0.6162   | 3.7696   | 3.7601 
1    | 9     | 0.6523   | 0.9160   | 0.6760 
2    | 11    | 0.5299   | 0.5551   | 0.3559 
3-5  | 59    | 0.4499   | 0.3926   | 0.3104 
6+   | 276   | 0.3293   | 0.2990   | 0.2425 

Epoch 24: loss = 0.129537 delta_mae_pts = 0.3693 recap_mae_pts = 0.3693 cat_mae_pts = 0.4528 total_mae_pts = 1.1075 vs_inertia_pts = 0.0444 vs_quad_pts = 0.2768 lr_base = 0.000748 lr_mult = 1.0000 lr_eff = 0.000748 mon_cov = 0.954 mon_score = 1.4768 time = 1899.64 s
Epoch 24 memory(end): tensors=219, buffers=219, bytes=14.7MB

Epoch 25: Weights {"totalWeight":0,"recapWeight":0.9125,"deltaWeight":0.30000000000000004,"categoryWeight":0.05,"quantileWeight":0.03,"consistencyWeight":0,"identityDropoutRate":0.95}, Scales {"judgeBias":0.4166666666666667,"corps":0}, SeqLen 15, ID_Drop 0.947, WFW 0.160 
Epoch 25 memory(start): tensors=219, buffers=219, bytes=14.7MB

History Bucket Diagnostics (Avg Abs Error per sample, normalized units):
Hist | Count | MAE_Pred | MAE_Base | PredDevFromBase
-----|-------|----------|----------|----------------
0    | 8     | 0.6869   | 3.7696   | 3.7995 
1    | 9     | 0.6101   | 0.9160   | 0.6391 
2    | 11    | 0.4586   | 0.5551   | 0.3655 
3-5  | 59    | 0.4263   | 0.3926   | 0.2685 
6+   | 276   | 0.3221   | 0.2990   | 0.2364 

Epoch 25: loss = 0.131117 delta_mae_pts = 0.3584 recap_mae_pts = 0.3584 cat_mae_pts = 0.4273 total_mae_pts = 1.0011 vs_inertia_pts = 0.0553 vs_quad_pts = 0.2878 lr_base = 0.000747 lr_mult = 1.0000 lr_eff = 0.000747 mon_cov = 0.959 mon_score = 1.3595 time = 1991.88 s
Epoch 25 memory(end): tensors=219, buffers=219, bytes=14.7MB
Saved BEST checkpoint @epoch 25 score = 1.3595 -> models\v9_subcaption_fixed\v9fix_shared_datefwd_ctrl_1779389830762\best 

Epoch 26: Weights {"totalWeight":0,"recapWeight":0.895,"deltaWeight":0.32,"categoryWeight":0.05,"quantileWeight":0.032,"consistencyWeight":0,"identityDropoutRate":0.95}, Scales {"judgeBias":0.43333333333333335,"corps":0}, SeqLen 15, ID_Drop 0.946, WFW 0.185 
Epoch 26 memory(start): tensors=219, buffers=180, bytes=14.7MB

History Bucket Diagnostics (Avg Abs Error per sample, normalized units):
Hist | Count | MAE_Pred | MAE_Base | PredDevFromBase
-----|-------|----------|----------|----------------
0    | 8     | 0.6976   | 3.7696   | 4.0262 
1    | 9     | 0.6054   | 0.9160   | 0.7319 
2    | 11    | 0.4622   | 0.5551   | 0.3906 
3-5  | 59    | 0.4035   | 0.3926   | 0.2809 
6+   | 276   | 0.3243   | 0.2990   | 0.2655 

Epoch 26: loss = 0.128826 delta_mae_pts = 0.3566 recap_mae_pts = 0.3566 cat_mae_pts = 0.4262 total_mae_pts = 1.0165 vs_inertia_pts = 0.0572 vs_quad_pts = 0.2896 lr_base = 0.000747 lr_mult = 1.0000 lr_eff = 0.000747 mon_cov = 0.968 mon_score = 1.3731 time = 2119.97 s
Epoch 26 memory(end): tensors=219, buffers=219, bytes=14.7MB

Epoch 27: Weights {"totalWeight":0,"recapWeight":0.8775000000000001,"deltaWeight":0.33999999999999997,"categoryWeight":0.05,"quantileWeight":0.034,"consistencyWeight":0,"identityDropoutRate":0.95}, Scales {"judgeBias":0.45,"corps":0}, SeqLen 15, ID_Drop 0.948, WFW 0.214 
Epoch 27 memory(start): tensors=219, buffers=219, bytes=14.7MB

History Bucket Diagnostics (Avg Abs Error per sample, normalized units):
Hist | Count | MAE_Pred | MAE_Base | PredDevFromBase
-----|-------|----------|----------|----------------
0    | 8     | 0.9261   | 3.7696   | 3.3929 
1    | 9     | 0.7315   | 0.9160   | 0.6008 
2    | 11    | 0.4597   | 0.5551   | 0.4033 
3-5  | 59    | 0.4143   | 0.3926   | 0.3689 
6+   | 276   | 0.3488   | 0.2990   | 0.3417 

Epoch 27: loss = 0.128743 delta_mae_pts = 0.3850 recap_mae_pts = 0.3850 cat_mae_pts = 0.5106 total_mae_pts = 1.2380 vs_inertia_pts = 0.0287 vs_quad_pts = 0.2612 lr_base = 0.000747 lr_mult = 1.0000 lr_eff = 0.000747 mon_cov = 0.947 mon_score = 1.6229 time = 2248.42 s
Epoch 27 memory(end): tensors=219, buffers=219, bytes=14.7MB

Epoch 28: Weights {"totalWeight":0,"recapWeight":0.86,"deltaWeight":0.36000000000000004,"categoryWeight":0.05,"quantileWeight":0.036000000000000004,"consistencyWeight":0,"identityDropoutRate":0.95}, Scales {"judgeBias":0.4666666666666667,"corps":0}, SeqLen 15, ID_Drop 0.949, WFW 0.246 
Epoch 28 memory(start): tensors=219, buffers=219, bytes=14.7MB

History Bucket Diagnostics (Avg Abs Error per sample, normalized units):
Hist | Count | MAE_Pred | MAE_Base | PredDevFromBase
-----|-------|----------|----------|----------------
0    | 8     | 0.6975   | 3.7696   | 3.8405 
1    | 9     | 0.7122   | 0.9160   | 0.6094 
2    | 11    | 0.6170   | 0.5551   | 0.3531 
3-5  | 59    | 0.6129   | 0.3926   | 0.4003 
6+   | 276   | 0.3919   | 0.2990   | 0.2926 

Epoch 28: loss = 0.134484 delta_mae_pts = 0.4494 recap_mae_pts = 0.4494 cat_mae_pts = 0.6048 total_mae_pts = 1.6078 vs_inertia_pts = -0.0356 vs_quad_pts = 0.1968 lr_base = 0.000746 lr_mult = 1.0000 lr_eff = 0.000746 mon_cov = 0.919 mon_score = 2.0571 time = 2375.19 s
Epoch 28 memory(end): tensors=219, buffers=219, bytes=14.7MB

Epoch 29: Weights {"totalWeight":0,"recapWeight":0.8425,"deltaWeight":0.38,"categoryWeight":0.05,"quantileWeight":0.038000000000000006,"consistencyWeight":0,"identityDropoutRate":0.95}, Scales {"judgeBias":0.48333333333333334,"corps":0}, SeqLen 15, ID_Drop 0.945, WFW 0.281 
Epoch 29 memory(start): tensors=219, buffers=219, bytes=14.7MB

History Bucket Diagnostics (Avg Abs Error per sample, normalized units):
Hist | Count | MAE_Pred | MAE_Base | PredDevFromBase
-----|-------|----------|----------|----------------
0    | 8     | 0.7571   | 3.7696   | 3.3077 
1    | 9     | 0.6692   | 0.9160   | 0.5963 
2    | 11    | 0.4677   | 0.5551   | 0.3754 
3-5  | 59    | 0.3819   | 0.3926   | 0.3268 
6+   | 276   | 0.3245   | 0.2990   | 0.2891 

Epoch 29: loss = 0.133067 delta_mae_pts = 0.3562 recap_mae_pts = 0.3562 cat_mae_pts = 0.4605 total_mae_pts = 1.0149 vs_inertia_pts = 0.0575 vs_quad_pts = 0.2899 lr_base = 0.000746 lr_mult = 1.0000 lr_eff = 0.000746 mon_cov = 0.960 mon_score = 1.3711 time = 2502.55 s
Epoch 29 memory(end): tensors=219, buffers=219, bytes=14.7MB

Epoch 30: Weights {"totalWeight":0,"recapWeight":0.825,"deltaWeight":0.4,"categoryWeight":0.05,"quantileWeight":0.04,"consistencyWeight":0,"identityDropoutRate":0.95}, Scales {"judgeBias":0.5,"corps":0}, SeqLen 15, ID_Drop 0.949, WFW 0.319 
Epoch 30 memory(start): tensors=219, buffers=219, bytes=14.7MB

History Bucket Diagnostics (Avg Abs Error per sample, normalized units):
Hist | Count | MAE_Pred | MAE_Base | PredDevFromBase
-----|-------|----------|----------|----------------
0    | 8     | 0.7461   | 3.7696   | 3.9450 
1    | 9     | 0.6647   | 0.9160   | 0.6128 
2    | 11    | 0.5124   | 0.5551   | 0.3445 
3-5  | 59    | 0.4646   | 0.3926   | 0.3275 
6+   | 276   | 0.3438   | 0.2990   | 0.2728 

Epoch 30: loss = 0.137061 delta_mae_pts = 0.3854 recap_mae_pts = 0.3854 cat_mae_pts = 0.4826 total_mae_pts = 1.1435 vs_inertia_pts = 0.0283 vs_quad_pts = 0.2608 lr_base = 0.000745 lr_mult = 1.0000 lr_eff = 0.000745 mon_cov = 0.955 mon_score = 1.5289 time = 2630.74 s
Epoch 30 memory(end): tensors=219, buffers=219, bytes=14.7MB

Epoch 31: Weights {"totalWeight":0,"recapWeight":0.8075,"deltaWeight":0.42000000000000004,"categoryWeight":0.05,"quantileWeight":0.042,"consistencyWeight":0,"identityDropoutRate":0.95}, Scales {"judgeBias":0.5166666666666667,"corps":0}, SeqLen 15, ID_Drop 0.955, WFW 0.359 
Epoch 31 memory(start): tensors=219, buffers=219, bytes=14.7MB

History Bucket Diagnostics (Avg Abs Error per sample, normalized units):
Hist | Count | MAE_Pred | MAE_Base | PredDevFromBase
-----|-------|----------|----------|----------------
0    | 8     | 0.5535   | 3.7696   | 3.5632 
1    | 9     | 0.6803   | 0.9160   | 0.6486 
2    | 11    | 0.4756   | 0.5551   | 0.4467 
3-5  | 59    | 0.4219   | 0.3926   | 0.3365 
6+   | 276   | 0.3236   | 0.2990   | 0.2780 

Epoch 31: loss = 0.136701 delta_mae_pts = 0.3581 recap_mae_pts = 0.3581 cat_mae_pts = 0.4407 total_mae_pts = 0.9624 vs_inertia_pts = 0.0556 vs_quad_pts = 0.2881 lr_base = 0.000745 lr_mult = 1.0000 lr_eff = 0.000745 mon_cov = 0.962 mon_score = 1.3205 time = 2758.13 s
Epoch 31 memory(end): tensors=219, buffers=219, bytes=14.7MB
Saved BEST checkpoint @epoch 31 score = 1.3205 -> models\v9_subcaption_fixed\v9fix_shared_datefwd_ctrl_1779389830762\best 

Epoch 32: Weights {"totalWeight":0,"recapWeight":0.79,"deltaWeight":0.44,"categoryWeight":0.05,"quantileWeight":0.044,"consistencyWeight":0,"identityDropoutRate":0.95}, Scales {"judgeBias":0.5333333333333333,"corps":0}, SeqLen 15, ID_Drop 0.947, WFW 0.402 
Epoch 32 memory(start): tensors=219, buffers=180, bytes=14.7MB

History Bucket Diagnostics (Avg Abs Error per sample, normalized units):
Hist | Count | MAE_Pred | MAE_Base | PredDevFromBase
-----|-------|----------|----------|----------------
0    | 8     | 0.7199   | 3.7696   | 3.9655 
1    | 9     | 0.6477   | 0.9160   | 0.7980 
2    | 11    | 0.4750   | 0.5551   | 0.5066 
3-5  | 59    | 0.3836   | 0.3926   | 0.3159 
6+   | 276   | 0.3280   | 0.2990   | 0.2919 

Epoch 32: loss = 0.138080 delta_mae_pts = 0.3581 recap_mae_pts = 0.3581 cat_mae_pts = 0.4401 total_mae_pts = 0.9876 vs_inertia_pts = 0.0556 vs_quad_pts = 0.2881 lr_base = 0.000744 lr_mult = 1.0000 lr_eff = 0.000744 mon_cov = 0.958 mon_score = 1.3457 time = 2887.76 s
Epoch 32 memory(end): tensors=219, buffers=219, bytes=14.7MB

Epoch 33: Weights {"totalWeight":0,"recapWeight":0.7725,"deltaWeight":0.46,"categoryWeight":0.05,"quantileWeight":0.046,"consistencyWeight":0,"identityDropoutRate":0.95}, Scales {"judgeBias":0.55,"corps":0}, SeqLen 15, ID_Drop 0.950, WFW 0.448 
Epoch 33 memory(start): tensors=219, buffers=219, bytes=14.7MB

History Bucket Diagnostics (Avg Abs Error per sample, normalized units):
Hist | Count | MAE_Pred | MAE_Base | PredDevFromBase
-----|-------|----------|----------|----------------
0    | 8     | 0.6309   | 3.7696   | 3.7867 
1    | 9     | 0.5979   | 0.9160   | 0.7106 
2    | 11    | 0.4735   | 0.5551   | 0.4511 
3-5  | 59    | 0.3997   | 0.3926   | 0.3259 
6+   | 276   | 0.3275   | 0.2990   | 0.2888 

Epoch 33: loss = 0.140654 delta_mae_pts = 0.3570 recap_mae_pts = 0.3570 cat_mae_pts = 0.4224 total_mae_pts = 0.9256 vs_inertia_pts = 0.0567 vs_quad_pts = 0.2891 lr_base = 0.000744 lr_mult = 1.0000 lr_eff = 0.000744 mon_cov = 0.958 mon_score = 1.2826 time = 3013.55 s
Epoch 33 memory(end): tensors=219, buffers=219, bytes=14.7MB
Saved BEST checkpoint @epoch 33 score = 1.2826 -> models\v9_subcaption_fixed\v9fix_shared_datefwd_ctrl_1779389830762\best 

Epoch 34: Weights {"totalWeight":0,"recapWeight":0.755,"deltaWeight":0.48,"categoryWeight":0.05,"quantileWeight":0.048,"consistencyWeight":0,"identityDropoutRate":0.95}, Scales {"judgeBias":0.5666666666666667,"corps":0}, SeqLen 15, ID_Drop 0.954, WFW 0.494 
Epoch 34 memory(start): tensors=219, buffers=180, bytes=14.7MB

History Bucket Diagnostics (Avg Abs Error per sample, normalized units):
Hist | Count | MAE_Pred | MAE_Base | PredDevFromBase
-----|-------|----------|----------|----------------
0    | 8     | 0.6483   | 3.7696   | 3.6484 
1    | 9     | 0.6705   | 0.9160   | 0.4715 
2    | 11    | 0.4777   | 0.5551   | 0.3813 
3-5  | 59    | 0.4706   | 0.3926   | 0.3921 
6+   | 276   | 0.3432   | 0.2990   | 0.3199 

Epoch 34: loss = 0.136709 delta_mae_pts = 0.3828 recap_mae_pts = 0.3828 cat_mae_pts = 0.5008 total_mae_pts = 1.1930 vs_inertia_pts = 0.0309 vs_quad_pts = 0.2633 lr_base = 0.000743 lr_mult = 1.0000 lr_eff = 0.000743 mon_cov = 0.931 mon_score = 1.5758 time = 3146.57 s
Epoch 34 memory(end): tensors=219, buffers=219, bytes=14.7MB

Epoch 35: Weights {"totalWeight":0,"recapWeight":0.7375,"deltaWeight":0.5,"categoryWeight":0.05,"quantileWeight":0.05,"consistencyWeight":0,"identityDropoutRate":0.95}, Scales {"judgeBias":0.5833333333333334,"corps":0}, SeqLen 15, ID_Drop 0.951, WFW 0.543 
Epoch 35 memory(start): tensors=219, buffers=219, bytes=14.7MB

History Bucket Diagnostics (Avg Abs Error per sample, normalized units):
Hist | Count | MAE_Pred | MAE_Base | PredDevFromBase
-----|-------|----------|----------|----------------
0    | 8     | 0.6854   | 3.7696   | 3.8044 
1    | 9     | 0.6224   | 0.9160   | 0.7601 
2    | 11    | 0.4660   | 0.5551   | 0.4238 
3-5  | 59    | 0.4296   | 0.3926   | 0.3100 
6+   | 276   | 0.3068   | 0.2990   | 0.2590 

Epoch 35: loss = 0.136597 delta_mae_pts = 0.3477 recap_mae_pts = 0.3477 cat_mae_pts = 0.4204 total_mae_pts = 1.0030 vs_inertia_pts = 0.0660 vs_quad_pts = 0.2984 lr_base = 0.000743 lr_mult = 1.0000 lr_eff = 0.000743 mon_cov = 0.963 mon_score = 1.3507 time = 3272.32 s
Epoch 35 memory(end): tensors=219, buffers=219, bytes=14.7MB

Epoch 36: Weights {"totalWeight":0,"recapWeight":0.72,"deltaWeight":0.52,"categoryWeight":0.05,"quantileWeight":0.052000000000000005,"consistencyWeight":0,"identityDropoutRate":0.95}, Scales {"judgeBias":0.6,"corps":0}, SeqLen 15, ID_Drop 0.950, WFW 0.593 
Epoch 36 memory(start): tensors=219, buffers=219, bytes=14.7MB

History Bucket Diagnostics (Avg Abs Error per sample, normalized units):
Hist | Count | MAE_Pred | MAE_Base | PredDevFromBase
-----|-------|----------|----------|----------------
0    | 8     | 0.5388   | 3.7696   | 3.8101 
1    | 9     | 0.6803   | 0.9160   | 0.8541 
2    | 11    | 0.4613   | 0.5551   | 0.5192 
3-5  | 59    | 0.4061   | 0.3926   | 0.3506 
6+   | 276   | 0.3114   | 0.2990   | 0.2755 

Epoch 36: loss = 0.138856 delta_mae_pts = 0.3455 recap_mae_pts = 0.3455 cat_mae_pts = 0.4152 total_mae_pts = 0.9693 vs_inertia_pts = 0.0682 vs_quad_pts = 0.3007 lr_base = 0.000742 lr_mult = 1.0000 lr_eff = 0.000742 mon_cov = 0.960 mon_score = 1.3148 time = 3397.51 s
Epoch 36 memory(end): tensors=219, buffers=219, bytes=14.7MB

Epoch 37: Weights {"totalWeight":0,"recapWeight":0.7025,"deltaWeight":0.54,"categoryWeight":0.05,"quantileWeight":0.054000000000000006,"consistencyWeight":0,"identityDropoutRate":0.95}, Scales {"judgeBias":0.6166666666666667,"corps":0}, SeqLen 15, ID_Drop 0.945, WFW 0.644 
Epoch 37 memory(start): tensors=219, buffers=219, bytes=14.7MB

History Bucket Diagnostics (Avg Abs Error per sample, normalized units):
Hist | Count | MAE_Pred | MAE_Base | PredDevFromBase
-----|-------|----------|----------|----------------
0    | 8     | 0.6664   | 3.7696   | 4.0687 
1    | 9     | 0.7074   | 0.9160   | 1.0919 
2    | 11    | 0.5470   | 0.5551   | 0.6261 
3-5  | 59    | 0.3756   | 0.3926   | 0.3626 
6+   | 276   | 0.3093   | 0.2990   | 0.2658 

Epoch 37: loss = 0.142493 delta_mae_pts = 0.3450 recap_mae_pts = 0.3450 cat_mae_pts = 0.4054 total_mae_pts = 0.9594 vs_inertia_pts = 0.0687 vs_quad_pts = 0.3011 lr_base = 0.000742 lr_mult = 1.0000 lr_eff = 0.000742 mon_cov = 0.956 mon_score = 1.3044 time = 3523.28 s
Epoch 37 memory(end): tensors=219, buffers=219, bytes=14.7MB

Epoch 38: Weights {"totalWeight":0,"recapWeight":0.685,"deltaWeight":0.56,"categoryWeight":0.05,"quantileWeight":0.05600000000000001,"consistencyWeight":0,"identityDropoutRate":0.95}, Scales {"judgeBias":0.6333333333333333,"corps":0}, SeqLen 15, ID_Drop 0.954, WFW 0.695 
Epoch 38 memory(start): tensors=219, buffers=219, bytes=14.7MB

History Bucket Diagnostics (Avg Abs Error per sample, normalized units):
Hist | Count | MAE_Pred | MAE_Base | PredDevFromBase
-----|-------|----------|----------|----------------
0    | 8     | 0.5927   | 3.7696   | 3.7609 
1    | 9     | 0.6878   | 0.9160   | 0.6917 
2    | 11    | 0.4836   | 0.5551   | 0.4675 
3-5  | 59    | 0.3857   | 0.3926   | 0.3280 
6+   | 276   | 0.3174   | 0.2990   | 0.2845 

Epoch 38: loss = 0.147184 delta_mae_pts = 0.3488 recap_mae_pts = 0.3488 cat_mae_pts = 0.4114 total_mae_pts = 0.9086 vs_inertia_pts = 0.0649 vs_quad_pts = 0.2974 lr_base = 0.000741 lr_mult = 1.0000 lr_eff = 0.000741 mon_cov = 0.963 mon_score = 1.2574 time = 3648.22 s
Epoch 38 memory(end): tensors=219, buffers=219, bytes=14.7MB
Saved BEST checkpoint @epoch 38 score = 1.2574 -> models\v9_subcaption_fixed\v9fix_shared_datefwd_ctrl_1779389830762\best 

Epoch 39: Weights {"totalWeight":0,"recapWeight":0.6675,"deltaWeight":0.5800000000000001,"categoryWeight":0.05,"quantileWeight":0.057999999999999996,"consistencyWeight":0,"identityDropoutRate":0.95}, Scales {"judgeBias":0.65,"corps":0}, SeqLen 15, ID_Drop 0.943, WFW 0.748 
Epoch 39 memory(start): tensors=219, buffers=180, bytes=14.7MB

History Bucket Diagnostics (Avg Abs Error per sample, normalized units):
Hist | Count | MAE_Pred | MAE_Base | PredDevFromBase
-----|-------|----------|----------|----------------
0    | 8     | 0.7601   | 3.7696   | 3.9029 
1    | 9     | 0.6332   | 0.9160   | 0.5870 
2    | 11    | 0.4572   | 0.5551   | 0.3892 
3-5  | 59    | 0.4387   | 0.3926   | 0.3024 
6+   | 276   | 0.3228   | 0.2990   | 0.2652 

Epoch 39: loss = 0.145407 delta_mae_pts = 0.3630 recap_mae_pts = 0.3630 cat_mae_pts = 0.4552 total_mae_pts = 1.0473 vs_inertia_pts = 0.0507 vs_quad_pts = 0.2831 lr_base = 0.000740 lr_mult = 1.0000 lr_eff = 0.000740 mon_cov = 0.952 mon_score = 1.4104 time = 3773.24 s
Epoch 39 memory(end): tensors=219, buffers=219, bytes=14.7MB

Epoch 40: Weights {"totalWeight":0,"recapWeight":0.65,"deltaWeight":0.6000000000000001,"categoryWeight":0.05,"quantileWeight":0.06,"consistencyWeight":0,"identityDropoutRate":0.95}, Scales {"judgeBias":0.6666666666666666,"corps":0}, SeqLen 15, ID_Drop 0.949, WFW 0.800 
Epoch 40 memory(start): tensors=219, buffers=219, bytes=14.7MB

History Bucket Diagnostics (Avg Abs Error per sample, normalized units):
Hist | Count | MAE_Pred | MAE_Base | PredDevFromBase
-----|-------|----------|----------|----------------
0    | 8     | 0.6088   | 3.7696   | 3.6264 
1    | 9     | 0.6567   | 0.9160   | 0.7702 
2    | 11    | 0.4700   | 0.5551   | 0.5078 
3-5  | 59    | 0.4143   | 0.3926   | 0.3226 
6+   | 276   | 0.3209   | 0.2990   | 0.2590 


--- PHASE TRANSITION (Epoch 40): Resetting Best Score & Patience ---
Epoch 40: loss = 0.146721 delta_mae_pts = 0.3553 recap_mae_pts = 0.3553 cat_mae_pts = 0.4276 total_mae_pts = 0.9626 vs_inertia_pts = 0.0584 vs_quad_pts = 0.2909 lr_base = 0.000740 lr_mult = 1.0000 lr_eff = 0.000740 mon_cov = 0.961 mon_score = 0.4655 time = 3898.01 s
Epoch 40 memory(end): tensors=219, buffers=219, bytes=14.7MB
Saved BEST checkpoint @epoch 40 score = 0.4655 -> models\v9_subcaption_fixed\v9fix_shared_datefwd_ctrl_1779389830762\best 

Epoch 41: Weights {"totalWeight":0,"recapWeight":0.6325000000000001,"deltaWeight":0.6200000000000001,"categoryWeight":0.05,"quantileWeight":0.062,"consistencyWeight":0,"identityDropoutRate":0.95}, Scales {"judgeBias":0.6833333333333333,"corps":0.02}, SeqLen 15, ID_Drop 0.948, WFW 0.852 
Epoch 41 memory(start): tensors=219, buffers=180, bytes=14.7MB

History Bucket Diagnostics (Avg Abs Error per sample, normalized units):
Hist | Count | MAE_Pred | MAE_Base | PredDevFromBase
-----|-------|----------|----------|----------------
0    | 8     | 0.6364   | 3.7696   | 3.9386 
1    | 9     | 0.7130   | 0.9160   | 0.7315 
2    | 11    | 0.4287   | 0.5551   | 0.4728 
3-5  | 59    | 0.4160   | 0.3926   | 0.3479 
6+   | 276   | 0.3101   | 0.2990   | 0.2806 

Epoch 41: loss = 0.146312 delta_mae_pts = 0.3481 recap_mae_pts = 0.3481 cat_mae_pts = 0.4366 total_mae_pts = 1.0260 vs_inertia_pts = 0.0657 vs_quad_pts = 0.2981 lr_base = 0.000739 lr_mult = 1.0000 lr_eff = 0.000739 mon_cov = 0.965 mon_score = 0.4578 time = 4023.70 s
Epoch 41 memory(end): tensors=219, buffers=219, bytes=14.7MB
Saved BEST checkpoint @epoch 41 score = 0.4578 -> models\v9_subcaption_fixed\v9fix_shared_datefwd_ctrl_1779389830762\best 

Epoch 42: Weights {"totalWeight":0,"recapWeight":0.615,"deltaWeight":0.6400000000000001,"categoryWeight":0.05,"quantileWeight":0.064,"consistencyWeight":0,"identityDropoutRate":0.95}, Scales {"judgeBias":0.7,"corps":0.04}, SeqLen 15, ID_Drop 0.948, WFW 0.905 
Epoch 42 memory(start): tensors=219, buffers=180, bytes=14.7MB

History Bucket Diagnostics (Avg Abs Error per sample, normalized units):
Hist | Count | MAE_Pred | MAE_Base | PredDevFromBase
-----|-------|----------|----------|----------------
0    | 8     | 0.9474   | 3.7696   | 3.1221 
1    | 9     | 0.6625   | 0.9160   | 0.8717 
2    | 11    | 0.5111   | 0.5551   | 0.5803 
3-5  | 59    | 0.4024   | 0.3926   | 0.4027 
6+   | 276   | 0.3497   | 0.2990   | 0.3490 

Epoch 42: loss = 0.148687 delta_mae_pts = 0.3841 recap_mae_pts = 0.3841 cat_mae_pts = 0.4645 total_mae_pts = 1.1313 vs_inertia_pts = 0.0296 vs_quad_pts = 0.2620 lr_base = 0.000738 lr_mult = 1.0000 lr_eff = 0.000738 mon_cov = 0.938 mon_score = 0.5053 time = 4148.78 s
Epoch 42 memory(end): tensors=219, buffers=219, bytes=14.7MB

Epoch 43: Weights {"totalWeight":0,"recapWeight":0.5975,"deltaWeight":0.6599999999999999,"categoryWeight":0.05,"quantileWeight":0.066,"consistencyWeight":0,"identityDropoutRate":0.95}, Scales {"judgeBias":0.7166666666666667,"corps":0.06}, SeqLen 15, ID_Drop 0.947, WFW 0.956 
Epoch 43 memory(start): tensors=219, buffers=219, bytes=14.7MB

History Bucket Diagnostics (Avg Abs Error per sample, normalized units):
Hist | Count | MAE_Pred | MAE_Base | PredDevFromBase
-----|-------|----------|----------|----------------
0    | 8     | 0.5393   | 3.7696   | 3.6182 
1    | 9     | 0.7099   | 0.9160   | 0.5502 
2    | 11    | 0.5368   | 0.5551   | 0.3654 
3-5  | 59    | 0.5967   | 0.3926   | 0.4368 
6+   | 276   | 0.3705   | 0.2990   | 0.2978 

Epoch 43: loss = 0.155800 delta_mae_pts = 0.4244 recap_mae_pts = 0.4244 cat_mae_pts = 0.5671 total_mae_pts = 1.4952 vs_inertia_pts = -0.0107 vs_quad_pts = 0.2217 lr_base = 0.000737 lr_mult = 1.0000 lr_eff = 0.000737 mon_cov = 0.923 mon_score = 0.5621 time = 4273.88 s
Epoch 43 memory(end): tensors=219, buffers=219, bytes=14.7MB

Epoch 44: Weights {"totalWeight":0,"recapWeight":0.5800000000000001,"deltaWeight":0.6799999999999999,"categoryWeight":0.05,"quantileWeight":0.068,"consistencyWeight":0,"identityDropoutRate":0.95}, Scales {"judgeBias":0.7333333333333333,"corps":0.08}, SeqLen 15, ID_Drop 0.952, WFW 1.007 
Epoch 44 memory(start): tensors=219, buffers=219, bytes=14.7MB

History Bucket Diagnostics (Avg Abs Error per sample, normalized units):
Hist | Count | MAE_Pred | MAE_Base | PredDevFromBase
-----|-------|----------|----------|----------------
0    | 8     | 0.8074   | 3.7696   | 4.0310 
1    | 9     | 0.6127   | 0.9160   | 0.6606 
2    | 11    | 0.4602   | 0.5551   | 0.4187 
3-5  | 59    | 0.4098   | 0.3926   | 0.3166 
6+   | 276   | 0.3108   | 0.2990   | 0.2674 

Epoch 44: loss = 0.152366 delta_mae_pts = 0.3499 recap_mae_pts = 0.3499 cat_mae_pts = 0.4221 total_mae_pts = 0.9731 vs_inertia_pts = 0.0638 vs_quad_pts = 0.2963 lr_base = 0.000737 lr_mult = 1.0000 lr_eff = 0.000737 mon_cov = 0.954 mon_score = 0.4620 time = 4399.15 s
Epoch 44 memory(end): tensors=219, buffers=219, bytes=14.7MB

Epoch 45: Weights {"totalWeight":0,"recapWeight":0.5625,"deltaWeight":0.7,"categoryWeight":0.05,"quantileWeight":0.07,"consistencyWeight":0,"identityDropoutRate":0.95}, Scales {"judgeBias":0.75,"corps":0.1}, SeqLen 15, ID_Drop 0.955, WFW 1.057 
Epoch 45 memory(start): tensors=219, buffers=219, bytes=14.7MB

History Bucket Diagnostics (Avg Abs Error per sample, normalized units):
Hist | Count | MAE_Pred | MAE_Base | PredDevFromBase
-----|-------|----------|----------|----------------
0    | 8     | 0.5526   | 3.7696   | 3.8198 
1    | 9     | 0.6516   | 0.9160   | 0.7322 
2    | 11    | 0.4836   | 0.5551   | 0.5078 
3-5  | 59    | 0.3755   | 0.3926   | 0.3514 
6+   | 276   | 0.3179   | 0.2990   | 0.3047 

Epoch 45: loss = 0.150832 delta_mae_pts = 0.3457 recap_mae_pts = 0.3457 cat_mae_pts = 0.4120 total_mae_pts = 0.9181 vs_inertia_pts = 0.0680 vs_quad_pts = 0.3004 lr_base = 0.000736 lr_mult = 1.0000 lr_eff = 0.000736 mon_cov = 0.959 mon_score = 0.4571 time = 4524.95 s
Epoch 45 memory(end): tensors=219, buffers=219, bytes=14.7MB
Saved BEST checkpoint @epoch 45 score = 0.4571 -> models\v9_subcaption_fixed\v9fix_shared_datefwd_ctrl_1779389830762\best 

Epoch 46: Weights {"totalWeight":0,"recapWeight":0.545,"deltaWeight":0.72,"categoryWeight":0.05,"quantileWeight":0.07200000000000001,"consistencyWeight":0,"identityDropoutRate":0.95}, Scales {"judgeBias":0.7666666666666667,"corps":0.12}, SeqLen 15, ID_Drop 0.950, WFW 1.106 
Epoch 46 memory(start): tensors=219, buffers=180, bytes=14.7MB

History Bucket Diagnostics (Avg Abs Error per sample, normalized units):
Hist | Count | MAE_Pred | MAE_Base | PredDevFromBase
-----|-------|----------|----------|----------------
0    | 8     | 0.5769   | 3.7696   | 3.6530 
1    | 9     | 0.6179   | 0.9160   | 0.6461 
2    | 11    | 0.4660   | 0.5551   | 0.3939 
3-5  | 59    | 0.4511   | 0.3926   | 0.3444 
6+   | 276   | 0.3336   | 0.2990   | 0.2850 

Epoch 46: loss = 0.149060 delta_mae_pts = 0.3691 recap_mae_pts = 0.3691 cat_mae_pts = 0.4623 total_mae_pts = 1.0727 vs_inertia_pts = 0.0446 vs_quad_pts = 0.2770 lr_base = 0.000735 lr_mult = 1.0000 lr_eff = 0.000735 mon_cov = 0.952 mon_score = 0.4901 time = 4651.88 s
Epoch 46 memory(end): tensors=219, buffers=219, bytes=14.7MB

Epoch 47: Weights {"totalWeight":0,"recapWeight":0.5275000000000001,"deltaWeight":0.74,"categoryWeight":0.05,"quantileWeight":0.07400000000000001,"consistencyWeight":0,"identityDropoutRate":0.95}, Scales {"judgeBias":0.7833333333333333,"corps":0.14}, SeqLen 15, ID_Drop 0.944, WFW 1.152 
Epoch 47 memory(start): tensors=219, buffers=219, bytes=14.7MB

History Bucket Diagnostics (Avg Abs Error per sample, normalized units):
Hist | Count | MAE_Pred | MAE_Base | PredDevFromBase
-----|-------|----------|----------|----------------
0    | 8     | 0.6501   | 3.7696   | 3.8298 
1    | 9     | 0.6005   | 0.9160   | 0.6937 
2    | 11    | 0.4577   | 0.5551   | 0.4816 
3-5  | 59    | 0.4087   | 0.3926   | 0.3454 
6+   | 276   | 0.3286   | 0.2990   | 0.2973 

Epoch 47: loss = 0.147759 delta_mae_pts = 0.3594 recap_mae_pts = 0.3594 cat_mae_pts = 0.4098 total_mae_pts = 0.8963 vs_inertia_pts = 0.0543 vs_quad_pts = 0.2868 lr_base = 0.000734 lr_mult = 1.0000 lr_eff = 0.000734 mon_cov = 0.957 mon_score = 0.4760 time = 4777.98 s
Epoch 47 memory(end): tensors=219, buffers=219, bytes=14.7MB

Epoch 48: Weights {"totalWeight":0,"recapWeight":0.51,"deltaWeight":0.76,"categoryWeight":0.05,"quantileWeight":0.076,"consistencyWeight":0,"identityDropoutRate":0.95}, Scales {"judgeBias":0.8,"corps":0.16}, SeqLen 15, ID_Drop 0.951, WFW 1.198 
Epoch 48 memory(start): tensors=219, buffers=219, bytes=14.7MB

History Bucket Diagnostics (Avg Abs Error per sample, normalized units):
Hist | Count | MAE_Pred | MAE_Base | PredDevFromBase
-----|-------|----------|----------|----------------
0    | 8     | 0.6210   | 3.7696   | 3.5682 
1    | 9     | 0.6432   | 0.9160   | 0.5086 
2    | 11    | 0.4591   | 0.5551   | 0.3671 
3-5  | 59    | 0.4693   | 0.3926   | 0.3790 
6+   | 276   | 0.3443   | 0.2990   | 0.3123 

Epoch 48: loss = 0.150688 delta_mae_pts = 0.3816 recap_mae_pts = 0.3816 cat_mae_pts = 0.4629 total_mae_pts = 1.0688 vs_inertia_pts = 0.0321 vs_quad_pts = 0.2646 lr_base = 0.000733 lr_mult = 1.0000 lr_eff = 0.000733 mon_cov = 0.946 mon_score = 0.5078 time = 4902.54 s
Epoch 48 memory(end): tensors=219, buffers=219, bytes=14.7MB

Epoch 49: Weights {"totalWeight":0,"recapWeight":0.49250000000000005,"deltaWeight":0.78,"categoryWeight":0.05,"quantileWeight":0.078,"consistencyWeight":0,"identityDropoutRate":0.95}, Scales {"judgeBias":0.8166666666666667,"corps":0.18}, SeqLen 15, ID_Drop 0.950, WFW 1.241 
Epoch 49 memory(start): tensors=219, buffers=219, bytes=14.7MB

History Bucket Diagnostics (Avg Abs Error per sample, normalized units):
Hist | Count | MAE_Pred | MAE_Base | PredDevFromBase
-----|-------|----------|----------|----------------
0    | 8     | 0.7138   | 3.7696   | 3.3465 
1    | 9     | 0.6505   | 0.9160   | 0.6000 
2    | 11    | 0.4383   | 0.5551   | 0.4123 
3-5  | 59    | 0.4396   | 0.3926   | 0.3517 
6+   | 276   | 0.3462   | 0.2990   | 0.3049 

Epoch 49: loss = 0.154644 delta_mae_pts = 0.3798 recap_mae_pts = 0.3798 cat_mae_pts = 0.4630 total_mae_pts = 1.0861 vs_inertia_pts = 0.0339 vs_quad_pts = 0.2663 lr_base = 0.000732 lr_mult = 1.0000 lr_eff = 0.000732 mon_cov = 0.954 mon_score = 0.5065 time = 5029.38 s
Epoch 49 memory(end): tensors=219, buffers=219, bytes=14.7MB

Epoch 50: Weights {"totalWeight":0,"recapWeight":0.4750000000000001,"deltaWeight":0.8,"categoryWeight":0.05,"quantileWeight":0.08,"consistencyWeight":0,"identityDropoutRate":0.95}, Scales {"judgeBias":0.8333333333333334,"corps":0.2}, SeqLen 15, ID_Drop 0.947, WFW 1.281 
Epoch 50 memory(start): tensors=219, buffers=219, bytes=14.7MB

History Bucket Diagnostics (Avg Abs Error per sample, normalized units):
Hist | Count | MAE_Pred | MAE_Base | PredDevFromBase
-----|-------|----------|----------|----------------
0    | 8     | 0.5464   | 3.7696   | 3.5627 
1    | 9     | 0.6377   | 0.9160   | 0.7159 
2    | 11    | 0.4622   | 0.5551   | 0.5142 
3-5  | 59    | 0.4067   | 0.3926   | 0.3581 
6+   | 276   | 0.3112   | 0.2990   | 0.2908 

Epoch 50: loss = 0.153056 delta_mae_pts = 0.3446 recap_mae_pts = 0.3446 cat_mae_pts = 0.4035 total_mae_pts = 0.8779 vs_inertia_pts = 0.0691 vs_quad_pts = 0.3016 lr_base = 0.000731 lr_mult = 1.0000 lr_eff = 0.000731 mon_cov = 0.958 mon_score = 0.4595 time = 5154.20 s
Epoch 50 memory(end): tensors=219, buffers=219, bytes=14.7MB

-- - CAPTION STATS(Epoch 50)-- - 
GE1: delta_pts = 0.2917, recap_pts = 0.2917, cov = 0.981, width = 2.0071 
GE2: delta_pts = 0.2893, recap_pts = 0.2893, cov = 0.983, width = 1.9479 
VP: delta_pts = 0.3670, recap_pts = 0.3670, cov = 0.972, width = 2.0261 
VA: delta_pts = 0.2981, recap_pts = 0.2981, cov = 0.975, width = 1.9652 
CG: delta_pts = 0.3538, recap_pts = 0.3538, cov = 0.964, width = 2.0157 
MB: delta_pts = 0.3191, recap_pts = 0.3191, cov = 0.970, width = 1.9679 
MA: delta_pts = 0.3665, recap_pts = 0.3665, cov = 0.948, width = 1.9715 
MP: delta_pts = 0.4714, recap_pts = 0.4714, cov = 0.871, width = 2.0031 
----------------------------------


Epoch 51: Weights {"totalWeight":0,"recapWeight":0.4575,"deltaWeight":0.8200000000000001,"categoryWeight":0.05,"quantileWeight":0.082,"consistencyWeight":0,"identityDropoutRate":0.95}, Scales {"judgeBias":0.85,"corps":0.22}, SeqLen 15, ID_Drop 0.949, WFW 1.319 
Epoch 51 memory(start): tensors=219, buffers=219, bytes=14.7MB

History Bucket Diagnostics (Avg Abs Error per sample, normalized units):
Hist | Count | MAE_Pred | MAE_Base | PredDevFromBase
-----|-------|----------|----------|----------------
0    | 8     | 0.6083   | 3.7696   | 3.7704 
1    | 9     | 0.6040   | 0.9160   | 0.7411 
2    | 11    | 0.4717   | 0.5551   | 0.4873 
3-5  | 59    | 0.4043   | 0.3926   | 0.3828 
6+   | 276   | 0.3142   | 0.2990   | 0.2957 

Epoch 51: loss = 0.152698 delta_mae_pts = 0.3473 recap_mae_pts = 0.3473 cat_mae_pts = 0.4189 total_mae_pts = 0.9347 vs_inertia_pts = 0.0664 vs_quad_pts = 0.2989 lr_base = 0.000731 lr_mult = 1.0000 lr_eff = 0.000731 mon_cov = 0.960 mon_score = 0.4646 time = 5278.87 s
Epoch 51 memory(end): tensors=219, buffers=219, bytes=14.7MB

Epoch 52: Weights {"totalWeight":0,"recapWeight":0.44000000000000006,"deltaWeight":0.8400000000000001,"categoryWeight":0.05,"quantileWeight":0.084,"consistencyWeight":0,"identityDropoutRate":0.95}, Scales {"judgeBias":0.8666666666666667,"corps":0.24}, SeqLen 15, ID_Drop 0.951, WFW 1.354 
Epoch 52 memory(start): tensors=219, buffers=219, bytes=14.7MB

History Bucket Diagnostics (Avg Abs Error per sample, normalized units):
Hist | Count | MAE_Pred | MAE_Base | PredDevFromBase
-----|-------|----------|----------|----------------
0    | 8     | 0.5156   | 3.7696   | 3.7358 
1    | 9     | 0.6063   | 0.9160   | 0.7134 
2    | 11    | 0.4323   | 0.5551   | 0.4088 
3-5  | 59    | 0.4469   | 0.3926   | 0.3659 
6+   | 276   | 0.3302   | 0.2990   | 0.2848 

Epoch 52: loss = 0.156678 delta_mae_pts = 0.3632 recap_mae_pts = 0.3632 cat_mae_pts = 0.4422 total_mae_pts = 1.0396 vs_inertia_pts = 0.0506 vs_quad_pts = 0.2830 lr_base = 0.000730 lr_mult = 1.0000 lr_eff = 0.000730 mon_cov = 0.935 mon_score = 0.4870 time = 5404.20 s
Epoch 52 memory(end): tensors=219, buffers=219, bytes=14.7MB

Epoch 53: Weights {"totalWeight":0,"recapWeight":0.4225000000000001,"deltaWeight":0.8600000000000001,"categoryWeight":0.05,"quantileWeight":0.08600000000000001,"consistencyWeight":0,"identityDropoutRate":0.95}, Scales {"judgeBias":0.8833333333333333,"corps":0.26}, SeqLen 15, ID_Drop 0.954, WFW 1.386 
Epoch 53 memory(start): tensors=219, buffers=219, bytes=14.7MB

History Bucket Diagnostics (Avg Abs Error per sample, normalized units):
Hist | Count | MAE_Pred | MAE_Base | PredDevFromBase
-----|-------|----------|----------|----------------
0    | 8     | 0.6033   | 3.7696   | 3.6573 
1    | 9     | 0.6068   | 0.9160   | 0.7457 
2    | 11    | 0.4655   | 0.5551   | 0.4808 
3-5  | 59    | 0.4445   | 0.3926   | 0.3729 
6+   | 276   | 0.3599   | 0.2990   | 0.3096 

Epoch 53: loss = 0.157830 delta_mae_pts = 0.3883 recap_mae_pts = 0.3883 cat_mae_pts = 0.4376 total_mae_pts = 0.9988 vs_inertia_pts = 0.0254 vs_quad_pts = 0.2579 lr_base = 0.000729 lr_mult = 1.0000 lr_eff = 0.000729 mon_cov = 0.941 mon_score = 0.5199 time = 5530.34 s
Epoch 53 memory(end): tensors=219, buffers=219, bytes=14.7MB

Epoch 54: Weights {"totalWeight":0,"recapWeight":0.405,"deltaWeight":0.8800000000000001,"categoryWeight":0.05,"quantileWeight":0.08800000000000001,"consistencyWeight":0,"identityDropoutRate":0.95}, Scales {"judgeBias":0.9,"corps":0.28}, SeqLen 15, ID_Drop 0.948, WFW 1.415 
Epoch 54 memory(start): tensors=219, buffers=219, bytes=14.7MB

History Bucket Diagnostics (Avg Abs Error per sample, normalized units):
Hist | Count | MAE_Pred | MAE_Base | PredDevFromBase
-----|-------|----------|----------|----------------
0    | 8     | 0.5895   | 3.7696   | 3.4926 
1    | 9     | 0.6575   | 0.9160   | 0.5203 
2    | 11    | 0.4840   | 0.5551   | 0.3478 
3-5  | 59    | 0.4762   | 0.3926   | 0.3730 
6+   | 276   | 0.3600   | 0.2990   | 0.2957 

Epoch 54: loss = 0.161966 delta_mae_pts = 0.3951 recap_mae_pts = 0.3951 cat_mae_pts = 0.4651 total_mae_pts = 1.1542 vs_inertia_pts = 0.0186 vs_quad_pts = 0.2511 lr_base = 0.000728 lr_mult = 1.0000 lr_eff = 0.000728 mon_cov = 0.931 mon_score = 0.5309 time = 5655.46 s
Epoch 54 memory(end): tensors=219, buffers=219, bytes=14.7MB

Epoch 55: Weights {"totalWeight":0,"recapWeight":0.38750000000000007,"deltaWeight":0.9000000000000001,"categoryWeight":0.05,"quantileWeight":0.09000000000000001,"consistencyWeight":0,"identityDropoutRate":0.95}, Scales {"judgeBias":0.9166666666666666,"corps":0.3}, SeqLen 15, ID_Drop 0.948, WFW 1.440 
Epoch 55 memory(start): tensors=219, buffers=219, bytes=14.7MB

History Bucket Diagnostics (Avg Abs Error per sample, normalized units):
Hist | Count | MAE_Pred | MAE_Base | PredDevFromBase
-----|-------|----------|----------|----------------
0    | 8     | 0.6896   | 3.7696   | 3.6631 
1    | 9     | 0.6759   | 0.9160   | 0.6347 
2    | 11    | 0.5144   | 0.5551   | 0.4058 
3-5  | 59    | 0.5002   | 0.3926   | 0.4097 
6+   | 276   | 0.3497   | 0.2990   | 0.3188 

Epoch 55: loss = 0.165588 delta_mae_pts = 0.3947 recap_mae_pts = 0.3947 cat_mae_pts = 0.5006 total_mae_pts = 1.1380 vs_inertia_pts = 0.0190 vs_quad_pts = 0.2514 lr_base = 0.000727 lr_mult = 1.0000 lr_eff = 0.000727 mon_cov = 0.941 mon_score = 0.5332 time = 5781.83 s
Epoch 55 memory(end): tensors=219, buffers=219, bytes=14.7MB

Epoch 56: Weights {"totalWeight":0,"recapWeight":0.37,"deltaWeight":0.9200000000000002,"categoryWeight":0.05,"quantileWeight":0.09200000000000001,"consistencyWeight":0,"identityDropoutRate":0.95}, Scales {"judgeBias":0.9333333333333333,"corps":0.32}, SeqLen 15, ID_Drop 0.952, WFW 1.461 
Epoch 56 memory(start): tensors=219, buffers=219, bytes=14.7MB

History Bucket Diagnostics (Avg Abs Error per sample, normalized units):
Hist | Count | MAE_Pred | MAE_Base | PredDevFromBase
-----|-------|----------|----------|----------------
0    | 8     | 0.6536   | 3.7696   | 3.5851 
1    | 9     | 0.5669   | 0.9160   | 0.7265 
2    | 11    | 0.4537   | 0.5551   | 0.4238 
3-5  | 59    | 0.4517   | 0.3926   | 0.3600 
6+   | 276   | 0.3290   | 0.2990   | 0.2928 

Epoch 56: loss = 0.168865 delta_mae_pts = 0.3658 recap_mae_pts = 0.3658 cat_mae_pts = 0.4287 total_mae_pts = 1.0272 vs_inertia_pts = 0.0480 vs_quad_pts = 0.2804 lr_base = 0.000726 lr_mult = 1.0000 lr_eff = 0.000726 mon_cov = 0.952 mon_score = 0.4933 time = 5906.40 s
Epoch 56 memory(end): tensors=219, buffers=219, bytes=14.7MB

Epoch 57: Weights {"totalWeight":0,"recapWeight":0.35250000000000004,"deltaWeight":0.9400000000000002,"categoryWeight":0.05,"quantileWeight":0.09400000000000001,"consistencyWeight":0,"identityDropoutRate":0.95}, Scales {"judgeBias":0.95,"corps":0.34}, SeqLen 15, ID_Drop 0.953, WFW 1.478 
Epoch 57 memory(start): tensors=219, buffers=219, bytes=14.7MB

History Bucket Diagnostics (Avg Abs Error per sample, normalized units):
Hist | Count | MAE_Pred | MAE_Base | PredDevFromBase
-----|-------|----------|----------|----------------
0    | 8     | 0.6767   | 3.7696   | 3.7988 
1    | 9     | 0.6252   | 0.9160   | 0.7505 
2    | 11    | 0.4665   | 0.5551   | 0.5247 
3-5  | 59    | 0.4139   | 0.3926   | 0.4216 
6+   | 276   | 0.3185   | 0.2990   | 0.3192 

Epoch 57: loss = 0.163570 delta_mae_pts = 0.3540 recap_mae_pts = 0.3540 cat_mae_pts = 0.4303 total_mae_pts = 0.9933 vs_inertia_pts = 0.0597 vs_quad_pts = 0.2921 lr_base = 0.000725 lr_mult = 1.0000 lr_eff = 0.000725 mon_cov = 0.962 mon_score = 0.4791 time = 6030.95 s
Epoch 57 memory(end): tensors=219, buffers=219, bytes=14.7MB

Epoch 58: Weights {"totalWeight":0,"recapWeight":0.3350000000000001,"deltaWeight":0.96,"categoryWeight":0.05,"quantileWeight":0.096,"consistencyWeight":0,"identityDropoutRate":0.95}, Scales {"judgeBias":0.9666666666666667,"corps":0.36}, SeqLen 15, ID_Drop 0.946, WFW 1.490 
Epoch 58 memory(start): tensors=219, buffers=219, bytes=14.7MB

History Bucket Diagnostics (Avg Abs Error per sample, normalized units):
Hist | Count | MAE_Pred | MAE_Base | PredDevFromBase
-----|-------|----------|----------|----------------
0    | 8     | 0.6835   | 3.7696   | 3.7124 
1    | 9     | 0.6156   | 0.9160   | 0.6051 
2    | 11    | 0.4751   | 0.5551   | 0.3816 
3-5  | 59    | 0.5003   | 0.3926   | 0.3847 
6+   | 276   | 0.3660   | 0.2990   | 0.3227 

Epoch 58: loss = 0.163963 delta_mae_pts = 0.4044 recap_mae_pts = 0.4044 cat_mae_pts = 0.4888 total_mae_pts = 1.1559 vs_inertia_pts = 0.0094 vs_quad_pts = 0.2418 lr_base = 0.000723 lr_mult = 1.0000 lr_eff = 0.000723 mon_cov = 0.929 mon_score = 0.5481 time = 6156.30 s
Epoch 58 memory(end): tensors=219, buffers=219, bytes=14.7MB

Epoch 59: Weights {"totalWeight":0,"recapWeight":0.3175,"deltaWeight":0.98,"categoryWeight":0.05,"quantileWeight":0.098,"consistencyWeight":0,"identityDropoutRate":0.95}, Scales {"judgeBias":0.9833333333333333,"corps":0.38}, SeqLen 15, ID_Drop 0.951, WFW 1.497 
Epoch 59 memory(start): tensors=219, buffers=219, bytes=14.7MB

History Bucket Diagnostics (Avg Abs Error per sample, normalized units):
Hist | Count | MAE_Pred | MAE_Base | PredDevFromBase
-----|-------|----------|----------|----------------
0    | 8     | 0.7008   | 3.7696   | 3.4964 
1    | 9     | 0.7065   | 0.9160   | 0.5231 
2    | 11    | 0.5103   | 0.5551   | 0.3681 
3-5  | 59    | 0.4695   | 0.3926   | 0.3838 
6+   | 276   | 0.3457   | 0.2990   | 0.3328 

Epoch 59: loss = 0.167711 delta_mae_pts = 0.3875 recap_mae_pts = 0.3875 cat_mae_pts = 0.4782 total_mae_pts = 1.1650 vs_inertia_pts = 0.0262 vs_quad_pts = 0.2586 lr_base = 0.000722 lr_mult = 1.0000 lr_eff = 0.000722 mon_cov = 0.941 mon_score = 0.5267 time = 6282.69 s
Epoch 59 memory(end): tensors=219, buffers=219, bytes=14.7MB

Epoch 60: Weights {"totalWeight":0.1,"recapWeight":0.05,"deltaWeight":9.75,"categoryWeight":0.05,"quantileWeight":0.2,"consistencyWeight":0,"identityDropoutRate":1}, Scales {"judgeBias":1,"corps":0.4}, SeqLen 15, ID_Drop 1.000, WFW 1.500 
Epoch 60 memory(start): tensors=219, buffers=219, bytes=14.7MB

History Bucket Diagnostics (Avg Abs Error per sample, normalized units):
Hist | Count | MAE_Pred | MAE_Base | PredDevFromBase
-----|-------|----------|----------|----------------
0    | 8     | 0.6689   | 3.7696   | 3.7601 
1    | 9     | 0.7103   | 0.9160   | 0.6837 
2    | 11    | 0.5232   | 0.5551   | 0.4705 
3-5  | 59    | 0.4394   | 0.3926   | 0.4088 
6+   | 276   | 0.3606   | 0.2990   | 0.3439 

Epoch 60: loss = 1.092089 delta_mae_pts = 0.3938 recap_mae_pts = 0.3938 cat_mae_pts = 0.4653 total_mae_pts = 1.0719 vs_inertia_pts = 0.0199 vs_quad_pts = 0.2524 lr_base = 0.000721 lr_mult = 1.0000 lr_eff = 0.000721 mon_cov = 0.942 mon_score = 3.9897 time = 6408.51 s
Epoch 60 memory(end): tensors=219, buffers=219, bytes=14.7MB

Epoch 61: Weights {"totalWeight":0.1,"recapWeight":0.05,"deltaWeight":9.75,"categoryWeight":0.05,"quantileWeight":0.2036,"consistencyWeight":0,"identityDropoutRate":1}, Scales {"judgeBias":1,"corps":0.42}, SeqLen 15, ID_Drop 1.000, WFW 1.500 
Epoch 61 memory(start): tensors=219, buffers=219, bytes=14.7MB

History Bucket Diagnostics (Avg Abs Error per sample, normalized units):
Hist | Count | MAE_Pred | MAE_Base | PredDevFromBase
-----|-------|----------|----------|----------------
0    | 8     | 0.5123   | 3.7696   | 3.6208 
1    | 9     | 0.6463   | 0.9160   | 0.6819 
2    | 11    | 0.4776   | 0.5551   | 0.4488 
3-5  | 59    | 0.4199   | 0.3926   | 0.3520 
6+   | 276   | 0.3343   | 0.2990   | 0.3059 

Epoch 61: loss = 1.100946 delta_mae_pts = 0.3642 recap_mae_pts = 0.3642 cat_mae_pts = 0.4309 total_mae_pts = 0.9297 vs_inertia_pts = 0.0495 vs_quad_pts = 0.2820 lr_base = 0.000720 lr_mult = 1.0000 lr_eff = 0.000720 mon_cov = 0.954 mon_score = 3.6836 time = 6534.30 s
Epoch 61 memory(end): tensors=219, buffers=219, bytes=14.7MB

Epoch 62: Weights {"totalWeight":0.1,"recapWeight":0.05,"deltaWeight":9.75,"categoryWeight":0.05,"quantileWeight":0.20720000000000002,"consistencyWeight":0,"identityDropoutRate":1}, Scales {"judgeBias":1,"corps":0.44}, SeqLen 15, ID_Drop 1.000, WFW 1.500 
Epoch 62 memory(start): tensors=219, buffers=219, bytes=14.7MB

History Bucket Diagnostics (Avg Abs Error per sample, normalized units):
Hist | Count | MAE_Pred | MAE_Base | PredDevFromBase
-----|-------|----------|----------|----------------
0    | 8     | 0.7408   | 3.7696   | 3.7482 
1    | 9     | 0.7181   | 0.9160   | 0.6152 
2    | 11    | 0.4853   | 0.5551   | 0.4106 
3-5  | 59    | 0.4899   | 0.3926   | 0.3932 
6+   | 276   | 0.3438   | 0.2990   | 0.2910 

Epoch 62: loss = 1.091415 delta_mae_pts = 0.3898 recap_mae_pts = 0.3898 cat_mae_pts = 0.4834 total_mae_pts = 1.1579 vs_inertia_pts = 0.0239 vs_quad_pts = 0.2563 lr_base = 0.000719 lr_mult = 1.0000 lr_eff = 0.000719 mon_cov = 0.946 mon_score = 3.9605 time = 6659.18 s
Epoch 62 memory(end): tensors=219, buffers=219, bytes=14.7MB

Epoch 63: Weights {"totalWeight":0.1,"recapWeight":0.05,"deltaWeight":9.75,"categoryWeight":0.05,"quantileWeight":0.21080000000000002,"consistencyWeight":0,"identityDropoutRate":1}, Scales {"judgeBias":1,"corps":0.46}, SeqLen 15, ID_Drop 1.000, WFW 1.500 
Epoch 63 memory(start): tensors=219, buffers=219, bytes=14.7MB

History Bucket Diagnostics (Avg Abs Error per sample, normalized units):
Hist | Count | MAE_Pred | MAE_Base | PredDevFromBase
-----|-------|----------|----------|----------------
0    | 8     | 0.6679   | 3.7696   | 3.6712 
1    | 9     | 0.6154   | 0.9160   | 0.7963 
2    | 11    | 0.4737   | 0.5551   | 0.5532 
3-5  | 59    | 0.4379   | 0.3926   | 0.4006 
6+   | 276   | 0.3567   | 0.2990   | 0.3339 

Epoch 63: loss = 1.085983 delta_mae_pts = 0.3867 recap_mae_pts = 0.3867 cat_mae_pts = 0.4377 total_mae_pts = 1.0055 vs_inertia_pts = 0.0270 vs_quad_pts = 0.2595 lr_base = 0.000718 lr_mult = 1.0000 lr_eff = 0.000718 mon_cov = 0.954 mon_score = 3.9121 time = 6788.87 s
Epoch 63 memory(end): tensors=219, buffers=219, bytes=14.7MB

--- NO IMPROVEMENT FOR 18 EPOCHS: plateau multiplier 1.0000 -> 0.5000, effective LR 0.000359 ---

Epoch 64: Weights {"totalWeight":0.1,"recapWeight":0.05,"deltaWeight":9.75,"categoryWeight":0.05,"quantileWeight":0.2144,"consistencyWeight":0,"identityDropoutRate":1}, Scales {"judgeBias":1,"corps":0.48}, SeqLen 15, ID_Drop 1.000, WFW 1.500 
Epoch 64 memory(start): tensors=219, buffers=219, bytes=14.7MB

History Bucket Diagnostics (Avg Abs Error per sample, normalized units):
Hist | Count | MAE_Pred | MAE_Base | PredDevFromBase
-----|-------|----------|----------|----------------
0    | 8     | 0.6884   | 3.7696   | 3.8338 
1    | 9     | 0.5977   | 0.9160   | 0.6578 
2    | 11    | 0.4279   | 0.5551   | 0.4503 
3-5  | 59    | 0.4538   | 0.3926   | 0.3809 
6+   | 276   | 0.3370   | 0.2990   | 0.3162 

Epoch 64: loss = 1.029476 delta_mae_pts = 0.3729 recap_mae_pts = 0.3729 cat_mae_pts = 0.4516 total_mae_pts = 1.0379 vs_inertia_pts = 0.0408 vs_quad_pts = 0.2732 lr_base = 0.000716 lr_mult = 0.5000 lr_eff = 0.000358 mon_cov = 0.952 mon_score = 3.7812 time = 6917.03 s
Epoch 64 memory(end): tensors=219, buffers=219, bytes=14.7MB

Epoch 65: Weights {"totalWeight":0.1,"recapWeight":0.05,"deltaWeight":9.75,"categoryWeight":0.05,"quantileWeight":0.21800000000000003,"consistencyWeight":0,"identityDropoutRate":1}, Scales {"judgeBias":1,"corps":0.5}, SeqLen 15, ID_Drop 1.000, WFW 1.500 
Epoch 65 memory(start): tensors=219, buffers=219, bytes=14.7MB

History Bucket Diagnostics (Avg Abs Error per sample, normalized units):
Hist | Count | MAE_Pred | MAE_Base | PredDevFromBase
-----|-------|----------|----------|----------------
0    | 8     | 0.6309   | 3.7696   | 3.6665 
1    | 9     | 0.5718   | 0.9160   | 0.6780 
2    | 11    | 0.4274   | 0.5551   | 0.4797 
3-5  | 59    | 0.4563   | 0.3926   | 0.3915 
6+   | 276   | 0.3335   | 0.2990   | 0.3218 

Epoch 65: loss = 0.994071 delta_mae_pts = 0.3688 recap_mae_pts = 0.3688 cat_mae_pts = 0.4363 total_mae_pts = 0.9849 vs_inertia_pts = 0.0449 vs_quad_pts = 0.2774 lr_base = 0.000715 lr_mult = 0.5000 lr_eff = 0.000358 mon_cov = 0.946 mon_score = 3.7345 time = 7045.19 s
Epoch 65 memory(end): tensors=219, buffers=219, bytes=14.7MB

Epoch 66: Weights {"totalWeight":0.1,"recapWeight":0.05,"deltaWeight":9.75,"categoryWeight":0.05,"quantileWeight":0.22160000000000002,"consistencyWeight":0,"identityDropoutRate":1}, Scales {"judgeBias":1,"corps":0.52}, SeqLen 15, ID_Drop 1.000, WFW 1.500 
Epoch 66 memory(start): tensors=219, buffers=219, bytes=14.7MB

History Bucket Diagnostics (Avg Abs Error per sample, normalized units):
Hist | Count | MAE_Pred | MAE_Base | PredDevFromBase
-----|-------|----------|----------|----------------
0    | 8     | 0.6009   | 3.7696   | 3.6783 
1    | 9     | 0.5913   | 0.9160   | 0.6546 
2    | 11    | 0.4325   | 0.5551   | 0.4614 
3-5  | 59    | 0.4634   | 0.3926   | 0.3843 
6+   | 276   | 0.3450   | 0.2990   | 0.3198 

Epoch 66: loss = 0.968720 delta_mae_pts = 0.3787 recap_mae_pts = 0.3787 cat_mae_pts = 0.4509 total_mae_pts = 0.9958 vs_inertia_pts = 0.0351 vs_quad_pts = 0.2675 lr_base = 0.000714 lr_mult = 0.5000 lr_eff = 0.000357 mon_cov = 0.948 mon_score = 3.8330 time = 7173.84 s
Epoch 66 memory(end): tensors=219, buffers=219, bytes=14.7MB

Epoch 67: Weights {"totalWeight":0.1,"recapWeight":0.05,"deltaWeight":9.75,"categoryWeight":0.05,"quantileWeight":0.2252,"consistencyWeight":0,"identityDropoutRate":1}, Scales {"judgeBias":1,"corps":0.54}, SeqLen 15, ID_Drop 1.000, WFW 1.500 
Epoch 67 memory(start): tensors=219, buffers=219, bytes=14.7MB

History Bucket Diagnostics (Avg Abs Error per sample, normalized units):
Hist | Count | MAE_Pred | MAE_Base | PredDevFromBase
-----|-------|----------|----------|----------------
0    | 8     | 0.7327   | 3.7696   | 3.8885 
1    | 9     | 0.6107   | 0.9160   | 0.6631 
2    | 11    | 0.4562   | 0.5551   | 0.4702 
3-5  | 59    | 0.4367   | 0.3926   | 0.3634 
6+   | 276   | 0.3442   | 0.2990   | 0.3158 

Epoch 67: loss = 0.959084 delta_mae_pts = 0.3778 recap_mae_pts = 0.3778 cat_mae_pts = 0.4491 total_mae_pts = 1.0255 vs_inertia_pts = 0.0359 vs_quad_pts = 0.2683 lr_base = 0.000713 lr_mult = 0.5000 lr_eff = 0.000356 mon_cov = 0.946 mon_score = 3.8277 time = 7303.24 s
Epoch 67 memory(end): tensors=219, buffers=219, bytes=14.7MB

Epoch 68: Weights {"totalWeight":0.1,"recapWeight":0.05,"deltaWeight":9.75,"categoryWeight":0.05,"quantileWeight":0.2288,"consistencyWeight":0,"identityDropoutRate":1}, Scales {"judgeBias":1,"corps":0.56}, SeqLen 15, ID_Drop 1.000, WFW 1.500 
Epoch 68 memory(start): tensors=219, buffers=219, bytes=14.7MB

History Bucket Diagnostics (Avg Abs Error per sample, normalized units):
Hist | Count | MAE_Pred | MAE_Base | PredDevFromBase
-----|-------|----------|----------|----------------
0    | 8     | 0.5819   | 3.7696   | 3.7106 
1    | 9     | 0.6235   | 0.9160   | 0.7570 
2    | 11    | 0.4245   | 0.5551   | 0.4889 
3-5  | 59    | 0.4205   | 0.3926   | 0.3743 
6+   | 276   | 0.3209   | 0.2990   | 0.3057 

Epoch 68: loss = 0.944067 delta_mae_pts = 0.3535 recap_mae_pts = 0.3535 cat_mae_pts = 0.4265 total_mae_pts = 0.9568 vs_inertia_pts = 0.0602 vs_quad_pts = 0.2927 lr_base = 0.000711 lr_mult = 0.5000 lr_eff = 0.000356 mon_cov = 0.956 mon_score = 3.5814 time = 7432.50 s
Epoch 68 memory(end): tensors=219, buffers=219, bytes=14.7MB

Epoch 69: Weights {"totalWeight":0.1,"recapWeight":0.05,"deltaWeight":9.75,"categoryWeight":0.05,"quantileWeight":0.2324,"consistencyWeight":0,"identityDropoutRate":1}, Scales {"judgeBias":1,"corps":0.58}, SeqLen 15, ID_Drop 1.000, WFW 1.500 
Epoch 69 memory(start): tensors=219, buffers=219, bytes=14.7MB

History Bucket Diagnostics (Avg Abs Error per sample, normalized units):
Hist | Count | MAE_Pred | MAE_Base | PredDevFromBase
-----|-------|----------|----------|----------------
0    | 8     | 0.6825   | 3.7696   | 3.7960 
1    | 9     | 0.5891   | 0.9160   | 0.6844 
2    | 11    | 0.4584   | 0.5551   | 0.4946 
3-5  | 59    | 0.4270   | 0.3926   | 0.3882 
6+   | 276   | 0.3271   | 0.2990   | 0.3238 

Epoch 69: loss = 0.927341 delta_mae_pts = 0.3616 recap_mae_pts = 0.3616 cat_mae_pts = 0.4418 total_mae_pts = 1.0140 vs_inertia_pts = 0.0521 vs_quad_pts = 0.2846 lr_base = 0.000710 lr_mult = 0.5000 lr_eff = 0.000355 mon_cov = 0.958 mon_score = 3.6673 time = 7561.03 s
Epoch 69 memory(end): tensors=219, buffers=219, bytes=14.7MB

Epoch 70: Weights {"totalWeight":0.1,"recapWeight":0.05,"deltaWeight":9.75,"categoryWeight":0.05,"quantileWeight":0.23600000000000002,"consistencyWeight":0,"identityDropoutRate":1}, Scales {"judgeBias":1,"corps":0.6}, SeqLen 15, ID_Drop 1.000, WFW 1.500 
Epoch 70 memory(start): tensors=219, buffers=219, bytes=14.7MB

History Bucket Diagnostics (Avg Abs Error per sample, normalized units):
Hist | Count | MAE_Pred | MAE_Base | PredDevFromBase
-----|-------|----------|----------|----------------
0    | 8     | 0.6677   | 3.7696   | 3.6896 
1    | 9     | 0.5972   | 0.9160   | 0.6233 
2    | 11    | 0.4416   | 0.5551   | 0.4699 
3-5  | 59    | 0.4702   | 0.3926   | 0.3740 
6+   | 276   | 0.3361   | 0.2990   | 0.3086 

Epoch 70: loss = 0.928358 delta_mae_pts = 0.3748 recap_mae_pts = 0.3748 cat_mae_pts = 0.4587 total_mae_pts = 1.0247 vs_inertia_pts = 0.0389 vs_quad_pts = 0.2713 lr_base = 0.000709 lr_mult = 0.5000 lr_eff = 0.000354 mon_cov = 0.950 mon_score = 3.7989 time = 7690.40 s
Epoch 70 memory(end): tensors=219, buffers=219, bytes=14.7MB

Epoch 71: Weights {"totalWeight":0.1,"recapWeight":0.05,"deltaWeight":9.75,"categoryWeight":0.05,"quantileWeight":0.2396,"consistencyWeight":0,"identityDropoutRate":1}, Scales {"judgeBias":1,"corps":0.62}, SeqLen 15, ID_Drop 1.000, WFW 1.500 
Epoch 71 memory(start): tensors=219, buffers=219, bytes=14.7MB

History Bucket Diagnostics (Avg Abs Error per sample, normalized units):
Hist | Count | MAE_Pred | MAE_Base | PredDevFromBase
-----|-------|----------|----------|----------------
0    | 8     | 0.6396   | 3.7696   | 3.7096 
1    | 9     | 0.5965   | 0.9160   | 0.8137 
2    | 11    | 0.4754   | 0.5551   | 0.5820 
3-5  | 59    | 0.4041   | 0.3926   | 0.3918 
6+   | 276   | 0.3346   | 0.2990   | 0.3311 

Epoch 71: loss = 0.924477 delta_mae_pts = 0.3634 recap_mae_pts = 0.3634 cat_mae_pts = 0.4426 total_mae_pts = 0.9286 vs_inertia_pts = 0.0503 vs_quad_pts = 0.2828 lr_base = 0.000707 lr_mult = 0.5000 lr_eff = 0.000354 mon_cov = 0.963 mon_score = 3.6764 time = 7819.35 s
Epoch 71 memory(end): tensors=219, buffers=219, bytes=14.7MB

Epoch 72: Weights {"totalWeight":0.1,"recapWeight":0.05,"deltaWeight":9.75,"categoryWeight":0.05,"quantileWeight":0.24320000000000003,"consistencyWeight":0,"identityDropoutRate":1}, Scales {"judgeBias":1,"corps":0.64}, SeqLen 15, ID_Drop 1.000, WFW 1.500 
Epoch 72 memory(start): tensors=219, buffers=219, bytes=14.7MB

History Bucket Diagnostics (Avg Abs Error per sample, normalized units):
Hist | Count | MAE_Pred | MAE_Base | PredDevFromBase
-----|-------|----------|----------|----------------
0    | 8     | 0.7750   | 3.7696   | 3.7258 
1    | 9     | 0.5778   | 0.9160   | 0.6718 
2    | 11    | 0.4251   | 0.5551   | 0.4547 
3-5  | 59    | 0.4473   | 0.3926   | 0.3657 
6+   | 276   | 0.3370   | 0.2990   | 0.3023 

Epoch 72: loss = 0.914863 delta_mae_pts = 0.3732 recap_mae_pts = 0.3732 cat_mae_pts = 0.4574 total_mae_pts = 1.1093 vs_inertia_pts = 0.0405 vs_quad_pts = 0.2729 lr_base = 0.000706 lr_mult = 0.5000 lr_eff = 0.000353 mon_cov = 0.961 mon_score = 3.7915 time = 7947.37 s
Epoch 72 memory(end): tensors=219, buffers=219, bytes=14.7MB

Epoch 73: Weights {"totalWeight":0.1,"recapWeight":0.05,"deltaWeight":9.75,"categoryWeight":0.05,"quantileWeight":0.24680000000000002,"consistencyWeight":0,"identityDropoutRate":1}, Scales {"judgeBias":1,"corps":0.66}, SeqLen 15, ID_Drop 1.000, WFW 1.500 
Epoch 73 memory(start): tensors=219, buffers=219, bytes=14.7MB

History Bucket Diagnostics (Avg Abs Error per sample, normalized units):
Hist | Count | MAE_Pred | MAE_Base | PredDevFromBase
-----|-------|----------|----------|----------------
0    | 8     | 0.7467   | 3.7696   | 3.5655 
1    | 9     | 0.5673   | 0.9160   | 0.6911 
2    | 11    | 0.4154   | 0.5551   | 0.4896 
3-5  | 59    | 0.4309   | 0.3926   | 0.3684 
6+   | 276   | 0.3392   | 0.2990   | 0.3205 

Epoch 73: loss = 0.900569 delta_mae_pts = 0.3710 recap_mae_pts = 0.3710 cat_mae_pts = 0.4457 total_mae_pts = 0.9820 vs_inertia_pts = 0.0427 vs_quad_pts = 0.2751 lr_base = 0.000705 lr_mult = 0.5000 lr_eff = 0.000352 mon_cov = 0.956 mon_score = 3.7565 time = 8076.23 s
Epoch 73 memory(end): tensors=219, buffers=219, bytes=14.7MB

Epoch 74: Weights {"totalWeight":0.1,"recapWeight":0.05,"deltaWeight":9.75,"categoryWeight":0.05,"quantileWeight":0.2504,"consistencyWeight":0,"identityDropoutRate":1}, Scales {"judgeBias":1,"corps":0.68}, SeqLen 15, ID_Drop 1.000, WFW 1.500 
Epoch 74 memory(start): tensors=219, buffers=219, bytes=14.7MB

History Bucket Diagnostics (Avg Abs Error per sample, normalized units):
Hist | Count | MAE_Pred | MAE_Base | PredDevFromBase
-----|-------|----------|----------|----------------
0    | 8     | 0.7026   | 3.7696   | 3.7502 
1    | 9     | 0.5730   | 0.9160   | 0.7530 
2    | 11    | 0.4583   | 0.5551   | 0.5393 
3-5  | 59    | 0.4160   | 0.3926   | 0.3702 
6+   | 276   | 0.3361   | 0.2990   | 0.3190 

Epoch 74: loss = 0.894899 delta_mae_pts = 0.3668 recap_mae_pts = 0.3668 cat_mae_pts = 0.4331 total_mae_pts = 0.9930 vs_inertia_pts = 0.0470 vs_quad_pts = 0.2794 lr_base = 0.000703 lr_mult = 0.5000 lr_eff = 0.000352 mon_cov = 0.954 mon_score = 3.7152 time = 8204.21 s
Epoch 74 memory(end): tensors=219, buffers=219, bytes=14.7MB

Epoch 75: Weights {"totalWeight":0.1,"recapWeight":0.05,"deltaWeight":9.75,"categoryWeight":0.05,"quantileWeight":0.254,"consistencyWeight":0,"identityDropoutRate":1}, Scales {"judgeBias":1,"corps":0.7}, SeqLen 15, ID_Drop 1.000, WFW 1.500 
Epoch 75 memory(start): tensors=219, buffers=219, bytes=14.7MB

History Bucket Diagnostics (Avg Abs Error per sample, normalized units):
Hist | Count | MAE_Pred | MAE_Base | PredDevFromBase
-----|-------|----------|----------|----------------
0    | 8     | 0.6403   | 3.7696   | 3.6700 
1    | 9     | 0.5607   | 0.9160   | 0.7562 
2    | 11    | 0.4657   | 0.5551   | 0.5737 
3-5  | 59    | 0.4208   | 0.3926   | 0.3917 
6+   | 276   | 0.3410   | 0.2990   | 0.3395 

Epoch 75: loss = 0.887632 delta_mae_pts = 0.3698 recap_mae_pts = 0.3698 cat_mae_pts = 0.4525 total_mae_pts = 0.9746 vs_inertia_pts = 0.0440 vs_quad_pts = 0.2764 lr_base = 0.000702 lr_mult = 0.5000 lr_eff = 0.000351 mon_cov = 0.950 mon_score = 3.7438 time = 8332.67 s
Epoch 75 memory(end): tensors=219, buffers=219, bytes=14.7MB

Epoch 76: Weights {"totalWeight":0.1,"recapWeight":0.05,"deltaWeight":9.75,"categoryWeight":0.05,"quantileWeight":0.2576,"consistencyWeight":0,"identityDropoutRate":1}, Scales {"judgeBias":1,"corps":0.72}, SeqLen 15, ID_Drop 1.000, WFW 1.500 
Epoch 76 memory(start): tensors=219, buffers=219, bytes=14.7MB

History Bucket Diagnostics (Avg Abs Error per sample, normalized units):
Hist | Count | MAE_Pred | MAE_Base | PredDevFromBase
-----|-------|----------|----------|----------------
0    | 8     | 0.7265   | 3.7696   | 3.8362 
1    | 9     | 0.6074   | 0.9160   | 0.7798 
2    | 11    | 0.5017   | 0.5551   | 0.5614 
3-5  | 59    | 0.4381   | 0.3926   | 0.3913 
6+   | 276   | 0.3289   | 0.2990   | 0.3102 

Epoch 76: loss = 0.885072 delta_mae_pts = 0.3675 recap_mae_pts = 0.3675 cat_mae_pts = 0.4516 total_mae_pts = 1.0518 vs_inertia_pts = 0.0462 vs_quad_pts = 0.2786 lr_base = 0.000700 lr_mult = 0.5000 lr_eff = 0.000350 mon_cov = 0.955 mon_score = 3.7295 time = 8462.44 s
Epoch 76 memory(end): tensors=219, buffers=219, bytes=14.7MB

Epoch 77: Weights {"totalWeight":0.1,"recapWeight":0.05,"deltaWeight":9.75,"categoryWeight":0.05,"quantileWeight":0.2612,"consistencyWeight":0,"identityDropoutRate":1}, Scales {"judgeBias":1,"corps":0.74}, SeqLen 15, ID_Drop 1.000, WFW 1.500 
Epoch 77 memory(start): tensors=219, buffers=219, bytes=14.7MB

History Bucket Diagnostics (Avg Abs Error per sample, normalized units):
Hist | Count | MAE_Pred | MAE_Base | PredDevFromBase
-----|-------|----------|----------|----------------
0    | 8     | 0.6770   | 3.7696   | 3.6411 
1    | 9     | 0.5790   | 0.9160   | 0.6544 
2    | 11    | 0.4401   | 0.5551   | 0.4893 
3-5  | 59    | 0.4712   | 0.3926   | 0.3967 
6+   | 276   | 0.3382   | 0.2990   | 0.3228 

Epoch 77: loss = 0.879261 delta_mae_pts = 0.3764 recap_mae_pts = 0.3764 cat_mae_pts = 0.4613 total_mae_pts = 1.0761 vs_inertia_pts = 0.0373 vs_quad_pts = 0.2698 lr_base = 0.000699 lr_mult = 0.5000 lr_eff = 0.000349 mon_cov = 0.955 mon_score = 3.8192 time = 8590.93 s
Epoch 77 memory(end): tensors=219, buffers=219, bytes=14.7MB

Epoch 78: Weights {"totalWeight":0.1,"recapWeight":0.05,"deltaWeight":9.75,"categoryWeight":0.05,"quantileWeight":0.26480000000000004,"consistencyWeight":0,"identityDropoutRate":1}, Scales {"judgeBias":1,"corps":0.76}, SeqLen 15, ID_Drop 1.000, WFW 1.500 
Epoch 78 memory(start): tensors=219, buffers=219, bytes=14.7MB

History Bucket Diagnostics (Avg Abs Error per sample, normalized units):
Hist | Count | MAE_Pred | MAE_Base | PredDevFromBase
-----|-------|----------|----------|----------------
0    | 8     | 0.7517   | 3.7696   | 3.8815 
1    | 9     | 0.5914   | 0.9160   | 0.7536 
2    | 11    | 0.4871   | 0.5551   | 0.5196 
3-5  | 59    | 0.4434   | 0.3926   | 0.4051 
6+   | 276   | 0.3447   | 0.2990   | 0.3398 

Epoch 78: loss = 0.852440 delta_mae_pts = 0.3802 recap_mae_pts = 0.3802 cat_mae_pts = 0.4626 total_mae_pts = 1.0395 vs_inertia_pts = 0.0336 vs_quad_pts = 0.2660 lr_base = 0.000697 lr_mult = 0.5000 lr_eff = 0.000349 mon_cov = 0.946 mon_score = 3.8526 time = 8719.53 s
Epoch 78 memory(end): tensors=219, buffers=219, bytes=14.7MB

Epoch 79: Weights {"totalWeight":0.1,"recapWeight":0.05,"deltaWeight":9.75,"categoryWeight":0.05,"quantileWeight":0.2684,"consistencyWeight":0,"identityDropoutRate":1}, Scales {"judgeBias":1,"corps":0.78}, SeqLen 15, ID_Drop 1.000, WFW 1.500 
Epoch 79 memory(start): tensors=219, buffers=219, bytes=14.7MB

History Bucket Diagnostics (Avg Abs Error per sample, normalized units):
Hist | Count | MAE_Pred | MAE_Base | PredDevFromBase
-----|-------|----------|----------|----------------
0    | 8     | 0.6608   | 3.7696   | 3.7179 
1    | 9     | 0.5649   | 0.9160   | 0.7220 
2    | 11    | 0.4575   | 0.5551   | 0.5114 
3-5  | 59    | 0.4238   | 0.3926   | 0.3730 
6+   | 276   | 0.3213   | 0.2990   | 0.3149 

Epoch 79: loss = 0.867265 delta_mae_pts = 0.3556 recap_mae_pts = 0.3556 cat_mae_pts = 0.4204 total_mae_pts = 0.9580 vs_inertia_pts = 0.0581 vs_quad_pts = 0.2906 lr_base = 0.000696 lr_mult = 0.5000 lr_eff = 0.000348 mon_cov = 0.957 mon_score = 3.6015 time = 8847.87 s
Epoch 79 memory(end): tensors=219, buffers=219, bytes=14.7MB

Epoch 80: Weights {"totalWeight":0.1,"recapWeight":0.05,"deltaWeight":9.75,"categoryWeight":0.05,"quantileWeight":0.272,"consistencyWeight":0,"identityDropoutRate":1}, Scales {"judgeBias":1,"corps":0.8}, SeqLen 15, ID_Drop 1.000, WFW 1.500 
Epoch 80 memory(start): tensors=219, buffers=219, bytes=14.7MB

History Bucket Diagnostics (Avg Abs Error per sample, normalized units):
Hist | Count | MAE_Pred | MAE_Base | PredDevFromBase
-----|-------|----------|----------|----------------
0    | 8     | 0.6394   | 3.7696   | 3.6727 
1    | 9     | 0.6059   | 0.9160   | 0.7121 
2    | 11    | 0.4930   | 0.5551   | 0.5603 
3-5  | 59    | 0.4389   | 0.3926   | 0.4054 
6+   | 276   | 0.3388   | 0.2990   | 0.3407 

Epoch 80: loss = 0.856801 delta_mae_pts = 0.3730 recap_mae_pts = 0.3730 cat_mae_pts = 0.4477 total_mae_pts = 0.9978 vs_inertia_pts = 0.0408 vs_quad_pts = 0.2732 lr_base = 0.000694 lr_mult = 0.5000 lr_eff = 0.000347 mon_cov = 0.951 mon_score = 3.7771 time = 8974.96 s
Epoch 80 memory(end): tensors=219, buffers=219, bytes=14.7MB

Epoch 81: Weights {"totalWeight":0.1,"recapWeight":0.05,"deltaWeight":9.75,"categoryWeight":0.05,"quantileWeight":0.2756,"consistencyWeight":0,"identityDropoutRate":1}, Scales {"judgeBias":1,"corps":0.82}, SeqLen 15, ID_Drop 1.000, WFW 1.500 
Epoch 81 memory(start): tensors=219, buffers=219, bytes=14.7MB

History Bucket Diagnostics (Avg Abs Error per sample, normalized units):
Hist | Count | MAE_Pred | MAE_Base | PredDevFromBase
-----|-------|----------|----------|----------------
0    | 8     | 0.7079   | 3.7696   | 3.7585 
1    | 9     | 0.5758   | 0.9160   | 0.7234 
2    | 11    | 0.4790   | 0.5551   | 0.5297 
3-5  | 59    | 0.4775   | 0.3926   | 0.4103 
6+   | 276   | 0.3572   | 0.2990   | 0.3425 

Epoch 81: loss = 0.842082 delta_mae_pts = 0.3936 recap_mae_pts = 0.3936 cat_mae_pts = 0.4857 total_mae_pts = 1.1104 vs_inertia_pts = 0.0201 vs_quad_pts = 0.2526 lr_base = 0.000693 lr_mult = 0.5000 lr_eff = 0.000346 mon_cov = 0.942 mon_score = 3.9925 time = 9103.97 s
Epoch 81 memory(end): tensors=219, buffers=219, bytes=14.7MB

--- NO IMPROVEMENT FOR 18 EPOCHS: plateau multiplier 0.5000 -> 0.2500, effective LR 0.000173 ---

Epoch 82: Weights {"totalWeight":0.1,"recapWeight":0.05,"deltaWeight":9.75,"categoryWeight":0.05,"quantileWeight":0.2792,"consistencyWeight":0,"identityDropoutRate":1}, Scales {"judgeBias":1,"corps":0.84}, SeqLen 15, ID_Drop 1.000, WFW 1.500 
Epoch 82 memory(start): tensors=219, buffers=219, bytes=14.7MB

History Bucket Diagnostics (Avg Abs Error per sample, normalized units):
Hist | Count | MAE_Pred | MAE_Base | PredDevFromBase
-----|-------|----------|----------|----------------
0    | 8     | 0.6228   | 3.7696   | 3.7462 
1    | 9     | 0.5675   | 0.9160   | 0.7323 
2    | 11    | 0.4922   | 0.5551   | 0.5283 
3-5  | 59    | 0.4438   | 0.3926   | 0.3931 
6+   | 276   | 0.3325   | 0.2990   | 0.3216 

Epoch 82: loss = 0.812521 delta_mae_pts = 0.3677 recap_mae_pts = 0.3677 cat_mae_pts = 0.4496 total_mae_pts = 1.0344 vs_inertia_pts = 0.0461 vs_quad_pts = 0.2785 lr_base = 0.000691 lr_mult = 0.2500 lr_eff = 0.000173 mon_cov = 0.956 mon_score = 3.7289 time = 9232.76 s
Epoch 82 memory(end): tensors=219, buffers=219, bytes=14.7MB

Epoch 83: Weights {"totalWeight":0.1,"recapWeight":0.05,"deltaWeight":9.75,"categoryWeight":0.05,"quantileWeight":0.2828,"consistencyWeight":0,"identityDropoutRate":1}, Scales {"judgeBias":1,"corps":0.86}, SeqLen 15, ID_Drop 1.000, WFW 1.500 
Epoch 83 memory(start): tensors=219, buffers=219, bytes=14.7MB

History Bucket Diagnostics (Avg Abs Error per sample, normalized units):
Hist | Count | MAE_Pred | MAE_Base | PredDevFromBase
-----|-------|----------|----------|----------------
0    | 8     | 0.6819   | 3.7696   | 3.7506 
1    | 9     | 0.5780   | 0.9160   | 0.7179 
2    | 11    | 0.4744   | 0.5551   | 0.5220 
3-5  | 59    | 0.4439   | 0.3926   | 0.3963 
6+   | 276   | 0.3366   | 0.2990   | 0.3228 

Epoch 83: loss = 0.789979 delta_mae_pts = 0.3718 recap_mae_pts = 0.3718 cat_mae_pts = 0.4473 total_mae_pts = 1.0134 vs_inertia_pts = 0.0419 vs_quad_pts = 0.2743 lr_base = 0.000690 lr_mult = 0.2500 lr_eff = 0.000172 mon_cov = 0.954 mon_score = 3.7677 time = 9361.89 s
Epoch 83 memory(end): tensors=219, buffers=219, bytes=14.7MB

Epoch 84: Weights {"totalWeight":0.1,"recapWeight":0.05,"deltaWeight":9.75,"categoryWeight":0.05,"quantileWeight":0.2864,"consistencyWeight":0,"identityDropoutRate":1}, Scales {"judgeBias":1,"corps":0.88}, SeqLen 15, ID_Drop 1.000, WFW 1.500 
Epoch 84 memory(start): tensors=219, buffers=219, bytes=14.7MB

History Bucket Diagnostics (Avg Abs Error per sample, normalized units):
Hist | Count | MAE_Pred | MAE_Base | PredDevFromBase
-----|-------|----------|----------|----------------
0    | 8     | 0.6898   | 3.7696   | 3.7739 
1    | 9     | 0.5766   | 0.9160   | 0.7666 
2    | 11    | 0.5041   | 0.5551   | 0.5280 
3-5  | 59    | 0.4255   | 0.3926   | 0.3938 
6+   | 276   | 0.3311   | 0.2990   | 0.3249 

Epoch 84: loss = 0.783074 delta_mae_pts = 0.3657 recap_mae_pts = 0.3657 cat_mae_pts = 0.4447 total_mae_pts = 1.0223 vs_inertia_pts = 0.0480 vs_quad_pts = 0.2805 lr_base = 0.000688 lr_mult = 0.2500 lr_eff = 0.000172 mon_cov = 0.959 mon_score = 3.7085 time = 9490.45 s
Epoch 84 memory(end): tensors=219, buffers=219, bytes=14.7MB

Epoch 85: Weights {"totalWeight":0.1,"recapWeight":0.05,"deltaWeight":9.75,"categoryWeight":0.05,"quantileWeight":0.29000000000000004,"consistencyWeight":0,"identityDropoutRate":1}, Scales {"judgeBias":1,"corps":0.9}, SeqLen 15, ID_Drop 1.000, WFW 1.500 
Epoch 85 memory(start): tensors=219, buffers=219, bytes=14.7MB

History Bucket Diagnostics (Avg Abs Error per sample, normalized units):
Hist | Count | MAE_Pred | MAE_Base | PredDevFromBase
-----|-------|----------|----------|----------------
0    | 8     | 0.6451   | 3.7696   | 3.7088 
1    | 9     | 0.6012   | 0.9160   | 0.7468 
2    | 11    | 0.4562   | 0.5551   | 0.5281 
3-5  | 59    | 0.4497   | 0.3926   | 0.4110 
6+   | 276   | 0.3362   | 0.2990   | 0.3316 

Epoch 85: loss = 0.771071 delta_mae_pts = 0.3717 recap_mae_pts = 0.3717 cat_mae_pts = 0.4550 total_mae_pts = 1.0294 vs_inertia_pts = 0.0420 vs_quad_pts = 0.2745 lr_base = 0.000686 lr_mult = 0.2500 lr_eff = 0.000172 mon_cov = 0.955 mon_score = 3.7683 time = 9619.56 s
Epoch 85 memory(end): tensors=219, buffers=219, bytes=14.7MB

Epoch 86: Weights {"totalWeight":0.1,"recapWeight":0.05,"deltaWeight":9.75,"categoryWeight":0.05,"quantileWeight":0.2936,"consistencyWeight":0,"identityDropoutRate":1}, Scales {"judgeBias":1,"corps":0.92}, SeqLen 15, ID_Drop 1.000, WFW 1.500 
Epoch 86 memory(start): tensors=219, buffers=219, bytes=14.7MB

History Bucket Diagnostics (Avg Abs Error per sample, normalized units):
Hist | Count | MAE_Pred | MAE_Base | PredDevFromBase
-----|-------|----------|----------|----------------
0    | 8     | 0.6584   | 3.7696   | 3.7119 
1    | 9     | 0.5888   | 0.9160   | 0.7302 
2    | 11    | 0.4731   | 0.5551   | 0.5046 
3-5  | 59    | 0.4594   | 0.3926   | 0.4176 
6+   | 276   | 0.3391   | 0.2990   | 0.3399 

Epoch 86: loss = 0.762744 delta_mae_pts = 0.3759 recap_mae_pts = 0.3759 cat_mae_pts = 0.4619 total_mae_pts = 1.0428 vs_inertia_pts = 0.0378 vs_quad_pts = 0.2703 lr_base = 0.000685 lr_mult = 0.2500 lr_eff = 0.000171 mon_cov = 0.952 mon_score = 3.8112 time = 9748.94 s
Epoch 86 memory(end): tensors=219, buffers=219, bytes=14.7MB

Epoch 87: Weights {"totalWeight":0.1,"recapWeight":0.05,"deltaWeight":9.75,"categoryWeight":0.05,"quantileWeight":0.2972,"consistencyWeight":0,"identityDropoutRate":1}, Scales {"judgeBias":1,"corps":0.94}, SeqLen 15, ID_Drop 1.000, WFW 1.500 
Epoch 87 memory(start): tensors=219, buffers=219, bytes=14.7MB

History Bucket Diagnostics (Avg Abs Error per sample, normalized units):
Hist | Count | MAE_Pred | MAE_Base | PredDevFromBase
-----|-------|----------|----------|----------------
0    | 8     | 0.6526   | 3.7696   | 3.7908 
1    | 9     | 0.5659   | 0.9160   | 0.8058 
2    | 11    | 0.4637   | 0.5551   | 0.5458 
3-5  | 59    | 0.4425   | 0.3926   | 0.4084 
6+   | 276   | 0.3438   | 0.2990   | 0.3361 

Epoch 87: loss = 0.763212 delta_mae_pts = 0.3758 recap_mae_pts = 0.3758 cat_mae_pts = 0.4540 total_mae_pts = 0.9862 vs_inertia_pts = 0.0379 vs_quad_pts = 0.2704 lr_base = 0.000683 lr_mult = 0.2500 lr_eff = 0.000171 mon_cov = 0.957 mon_score = 3.8039 time = 9877.09 s
Epoch 87 memory(end): tensors=219, buffers=219, bytes=14.7MB

Epoch 88: Weights {"totalWeight":0.1,"recapWeight":0.05,"deltaWeight":9.75,"categoryWeight":0.05,"quantileWeight":0.3008,"consistencyWeight":0,"identityDropoutRate":1}, Scales {"judgeBias":1,"corps":0.96}, SeqLen 15, ID_Drop 1.000, WFW 1.500 
Epoch 88 memory(start): tensors=219, buffers=219, bytes=14.7MB

History Bucket Diagnostics (Avg Abs Error per sample, normalized units):
Hist | Count | MAE_Pred | MAE_Base | PredDevFromBase
-----|-------|----------|----------|----------------
0    | 8     | 0.6835   | 3.7696   | 3.7549 
1    | 9     | 0.5806   | 0.9160   | 0.7521 
2    | 11    | 0.4818   | 0.5551   | 0.5348 
3-5  | 59    | 0.4624   | 0.3926   | 0.4219 
6+   | 276   | 0.3460   | 0.2990   | 0.3374 

Epoch 88: loss = 0.750462 delta_mae_pts = 0.3823 recap_mae_pts = 0.3823 cat_mae_pts = 0.4618 total_mae_pts = 1.0444 vs_inertia_pts = 0.0315 vs_quad_pts = 0.2639 lr_base = 0.000681 lr_mult = 0.2500 lr_eff = 0.000170 mon_cov = 0.952 mon_score = 3.8738 time = 10006.87 s
Epoch 88 memory(end): tensors=219, buffers=219, bytes=14.7MB

Epoch 89: Weights {"totalWeight":0.1,"recapWeight":0.05,"deltaWeight":9.75,"categoryWeight":0.05,"quantileWeight":0.3044,"consistencyWeight":0,"identityDropoutRate":1}, Scales {"judgeBias":1,"corps":0.98}, SeqLen 15, ID_Drop 1.000, WFW 1.500 
Epoch 89 memory(start): tensors=219, buffers=219, bytes=14.7MB

History Bucket Diagnostics (Avg Abs Error per sample, normalized units):
Hist | Count | MAE_Pred | MAE_Base | PredDevFromBase
-----|-------|----------|----------|----------------
0    | 8     | 0.6500   | 3.7696   | 3.7373 
1    | 9     | 0.5742   | 0.9160   | 0.7993 
2    | 11    | 0.4843   | 0.5551   | 0.5497 
3-5  | 59    | 0.4473   | 0.3926   | 0.4195 
6+   | 276   | 0.3455   | 0.2990   | 0.3499 

Epoch 89: loss = 0.748427 delta_mae_pts = 0.3786 recap_mae_pts = 0.3786 cat_mae_pts = 0.4642 total_mae_pts = 1.0238 vs_inertia_pts = 0.0351 vs_quad_pts = 0.2675 lr_base = 0.000680 lr_mult = 0.2500 lr_eff = 0.000170 mon_cov = 0.950 mon_score = 3.8361 time = 10136.58 s
Epoch 89 memory(end): tensors=219, buffers=219, bytes=14.7MB

Epoch 90: Weights {"totalWeight":0.1,"recapWeight":0.05,"deltaWeight":9.75,"categoryWeight":0.05,"quantileWeight":0.308,"consistencyWeight":0,"identityDropoutRate":1}, Scales {"judgeBias":1,"corps":1}, SeqLen 15, ID_Drop 1.000, WFW 1.500 
Epoch 90 memory(start): tensors=219, buffers=219, bytes=14.7MB

History Bucket Diagnostics (Avg Abs Error per sample, normalized units):
Hist | Count | MAE_Pred | MAE_Base | PredDevFromBase
-----|-------|----------|----------|----------------
0    | 8     | 0.7122   | 3.7696   | 3.7890 
1    | 9     | 0.5794   | 0.9160   | 0.7398 
2    | 11    | 0.4864   | 0.5551   | 0.5316 
3-5  | 59    | 0.4770   | 0.3926   | 0.4306 
6+   | 276   | 0.3540   | 0.2990   | 0.3517 

Epoch 90: loss = 0.747476 delta_mae_pts = 0.3915 recap_mae_pts = 0.3915 cat_mae_pts = 0.4802 total_mae_pts = 1.0692 vs_inertia_pts = 0.0222 vs_quad_pts = 0.2547 lr_base = 0.000678 lr_mult = 0.2500 lr_eff = 0.000169 mon_cov = 0.944 mon_score = 3.9678 time = 10265.22 s
Epoch 90 memory(end): tensors=219, buffers=219, bytes=14.7MB

Epoch 91: Weights {"totalWeight":0.1,"recapWeight":0.05,"deltaWeight":9.75,"categoryWeight":0.05,"quantileWeight":0.3116,"consistencyWeight":0,"identityDropoutRate":1}, Scales {"judgeBias":1,"corps":1}, SeqLen 15, ID_Drop 1.000, WFW 1.500 
Epoch 91 memory(start): tensors=219, buffers=219, bytes=14.7MB

History Bucket Diagnostics (Avg Abs Error per sample, normalized units):
Hist | Count | MAE_Pred | MAE_Base | PredDevFromBase
-----|-------|----------|----------|----------------
0    | 8     | 0.6893   | 3.7696   | 3.7687 
1    | 9     | 0.5711   | 0.9160   | 0.7435 
2    | 11    | 0.4824   | 0.5551   | 0.5381 
3-5  | 59    | 0.4496   | 0.3926   | 0.4160 
6+   | 276   | 0.3406   | 0.2990   | 0.3401 

Epoch 91: loss = 0.739036 delta_mae_pts = 0.3760 recap_mae_pts = 0.3760 cat_mae_pts = 0.4517 total_mae_pts = 1.0433 vs_inertia_pts = 0.0377 vs_quad_pts = 0.2702 lr_base = 0.000676 lr_mult = 0.2500 lr_eff = 0.000169 mon_cov = 0.950 mon_score = 3.8116 time = 10395.45 s
Epoch 91 memory(end): tensors=219, buffers=219, bytes=14.7MB

Epoch 92: Weights {"totalWeight":0.1,"recapWeight":0.05,"deltaWeight":9.75,"categoryWeight":0.05,"quantileWeight":0.31520000000000004,"consistencyWeight":0,"identityDropoutRate":1}, Scales {"judgeBias":1,"corps":1}, SeqLen 15, ID_Drop 1.000, WFW 1.500 
Epoch 92 memory(start): tensors=219, buffers=219, bytes=14.7MB

History Bucket Diagnostics (Avg Abs Error per sample, normalized units):
Hist | Count | MAE_Pred | MAE_Base | PredDevFromBase
-----|-------|----------|----------|----------------
0    | 8     | 0.6493   | 3.7696   | 3.7080 
1    | 9     | 0.5820   | 0.9160   | 0.7740 
2    | 11    | 0.4939   | 0.5551   | 0.5614 
3-5  | 59    | 0.4366   | 0.3926   | 0.4257 
6+   | 276   | 0.3394   | 0.2990   | 0.3501 

Epoch 92: loss = 0.737921 delta_mae_pts = 0.3727 recap_mae_pts = 0.3727 cat_mae_pts = 0.4441 total_mae_pts = 1.0169 vs_inertia_pts = 0.0410 vs_quad_pts = 0.2734 lr_base = 0.000674 lr_mult = 0.2500 lr_eff = 0.000169 mon_cov = 0.953 mon_score = 3.7768 time = 10525.80 s
Epoch 92 memory(end): tensors=219, buffers=219, bytes=14.7MB

Epoch 93: Weights {"totalWeight":0.1,"recapWeight":0.05,"deltaWeight":9.75,"categoryWeight":0.05,"quantileWeight":0.31880000000000003,"consistencyWeight":0,"identityDropoutRate":1}, Scales {"judgeBias":1,"corps":1}, SeqLen 15, ID_Drop 1.000, WFW 1.500 
Epoch 93 memory(start): tensors=219, buffers=219, bytes=14.7MB

History Bucket Diagnostics (Avg Abs Error per sample, normalized units):
Hist | Count | MAE_Pred | MAE_Base | PredDevFromBase
-----|-------|----------|----------|----------------
0    | 8     | 0.7318   | 3.7696   | 3.8091 
1    | 9     | 0.5667   | 0.9160   | 0.7609 
2    | 11    | 0.4849   | 0.5551   | 0.5067 
3-5  | 59    | 0.4682   | 0.3926   | 0.4133 
6+   | 276   | 0.3368   | 0.2990   | 0.3251 

Epoch 93: loss = 0.729981 delta_mae_pts = 0.3771 recap_mae_pts = 0.3771 cat_mae_pts = 0.4596 total_mae_pts = 1.0741 vs_inertia_pts = 0.0366 vs_quad_pts = 0.2691 lr_base = 0.000672 lr_mult = 0.2500 lr_eff = 0.000168 mon_cov = 0.955 mon_score = 3.8257 time = 10656.22 s
Epoch 93 memory(end): tensors=219, buffers=219, bytes=14.7MB

Epoch 94: Weights {"totalWeight":0.1,"recapWeight":0.05,"deltaWeight":9.75,"categoryWeight":0.05,"quantileWeight":0.3224,"consistencyWeight":0,"identityDropoutRate":1}, Scales {"judgeBias":1,"corps":1}, SeqLen 15, ID_Drop 1.000, WFW 1.500 
Epoch 94 memory(start): tensors=219, buffers=219, bytes=14.7MB

History Bucket Diagnostics (Avg Abs Error per sample, normalized units):
Hist | Count | MAE_Pred | MAE_Base | PredDevFromBase
-----|-------|----------|----------|----------------
0    | 8     | 0.6645   | 3.7696   | 3.7195 
1    | 9     | 0.5545   | 0.9160   | 0.7390 
2    | 11    | 0.4907   | 0.5551   | 0.5159 
3-5  | 59    | 0.4537   | 0.3926   | 0.4156 
6+   | 276   | 0.3421   | 0.2990   | 0.3399 

Epoch 94: loss = 0.722658 delta_mae_pts = 0.3771 recap_mae_pts = 0.3771 cat_mae_pts = 0.4525 total_mae_pts = 1.0402 vs_inertia_pts = 0.0366 vs_quad_pts = 0.2691 lr_base = 0.000671 lr_mult = 0.2500 lr_eff = 0.000168 mon_cov = 0.955 mon_score = 3.8224 time = 10786.67 s
Epoch 94 memory(end): tensors=219, buffers=219, bytes=14.7MB

Epoch 95: Weights {"totalWeight":0.1,"recapWeight":0.05,"deltaWeight":9.75,"categoryWeight":0.05,"quantileWeight":0.32600000000000007,"consistencyWeight":0,"identityDropoutRate":1}, Scales {"judgeBias":1,"corps":1}, SeqLen 15, ID_Drop 1.000, WFW 1.500 
Epoch 95 memory(start): tensors=219, buffers=219, bytes=14.7MB

History Bucket Diagnostics (Avg Abs Error per sample, normalized units):
Hist | Count | MAE_Pred | MAE_Base | PredDevFromBase
-----|-------|----------|----------|----------------
0    | 8     | 0.6877   | 3.7696   | 3.7960 
1    | 9     | 0.5914   | 0.9160   | 0.7611 
2    | 11    | 0.4955   | 0.5551   | 0.5565 
3-5  | 59    | 0.4544   | 0.3926   | 0.4294 
6+   | 276   | 0.3500   | 0.2990   | 0.3553 

Epoch 95: loss = 0.721992 delta_mae_pts = 0.3848 recap_mae_pts = 0.3848 cat_mae_pts = 0.4676 total_mae_pts = 1.0132 vs_inertia_pts = 0.0289 vs_quad_pts = 0.2614 lr_base = 0.000669 lr_mult = 0.2500 lr_eff = 0.000167 mon_cov = 0.944 mon_score = 3.8959 time = 10914.75 s
Epoch 95 memory(end): tensors=219, buffers=219, bytes=14.7MB

Epoch 96: Weights {"totalWeight":0.1,"recapWeight":0.05,"deltaWeight":9.75,"categoryWeight":0.05,"quantileWeight":0.3296,"consistencyWeight":0,"identityDropoutRate":1}, Scales {"judgeBias":1,"corps":1}, SeqLen 15, ID_Drop 1.000, WFW 1.500 
Epoch 96 memory(start): tensors=219, buffers=219, bytes=14.7MB

History Bucket Diagnostics (Avg Abs Error per sample, normalized units):
Hist | Count | MAE_Pred | MAE_Base | PredDevFromBase
-----|-------|----------|----------|----------------
0    | 8     | 0.6956   | 3.7696   | 3.7425 
1    | 9     | 0.5891   | 0.9160   | 0.7395 
2    | 11    | 0.4941   | 0.5551   | 0.5326 
3-5  | 59    | 0.4667   | 0.3926   | 0.4258 
6+   | 276   | 0.3436   | 0.2990   | 0.3399 

Epoch 96: loss = 0.717631 delta_mae_pts = 0.3820 recap_mae_pts = 0.3820 cat_mae_pts = 0.4670 total_mae_pts = 1.0616 vs_inertia_pts = 0.0317 vs_quad_pts = 0.2642 lr_base = 0.000667 lr_mult = 0.2500 lr_eff = 0.000167 mon_cov = 0.951 mon_score = 3.8731 time = 11045.42 s
Epoch 96 memory(end): tensors=219, buffers=219, bytes=14.7MB

Epoch 97: Weights {"totalWeight":0.1,"recapWeight":0.05,"deltaWeight":9.75,"categoryWeight":0.05,"quantileWeight":0.3332,"consistencyWeight":0,"identityDropoutRate":1}, Scales {"judgeBias":1,"corps":1}, SeqLen 15, ID_Drop 1.000, WFW 1.500 
Epoch 97 memory(start): tensors=219, buffers=219, bytes=14.7MB

History Bucket Diagnostics (Avg Abs Error per sample, normalized units):
Hist | Count | MAE_Pred | MAE_Base | PredDevFromBase
-----|-------|----------|----------|----------------
0    | 8     | 0.6822   | 3.7696   | 3.8058 
1    | 9     | 0.5728   | 0.9160   | 0.8178 
2    | 11    | 0.4941   | 0.5551   | 0.5599 
3-5  | 59    | 0.4378   | 0.3926   | 0.4287 
6+   | 276   | 0.3402   | 0.2990   | 0.3483 

Epoch 97: loss = 0.710358 delta_mae_pts = 0.3740 recap_mae_pts = 0.3740 cat_mae_pts = 0.4430 total_mae_pts = 1.0086 vs_inertia_pts = 0.0397 vs_quad_pts = 0.2721 lr_base = 0.000665 lr_mult = 0.2500 lr_eff = 0.000166 mon_cov = 0.952 mon_score = 3.7886 time = 11174.67 s
Epoch 97 memory(end): tensors=219, buffers=219, bytes=14.7MB

Epoch 98: Weights {"totalWeight":0.1,"recapWeight":0.05,"deltaWeight":9.75,"categoryWeight":0.05,"quantileWeight":0.3368,"consistencyWeight":0,"identityDropoutRate":1}, Scales {"judgeBias":1,"corps":1}, SeqLen 15, ID_Drop 1.000, WFW 1.500 
Epoch 98 memory(start): tensors=219, buffers=219, bytes=14.7MB

History Bucket Diagnostics (Avg Abs Error per sample, normalized units):
Hist | Count | MAE_Pred | MAE_Base | PredDevFromBase
-----|-------|----------|----------|----------------
0    | 8     | 0.7350   | 3.7696   | 3.8218 
1    | 9     | 0.5711   | 0.9160   | 0.8044 
2    | 11    | 0.4892   | 0.5551   | 0.5682 
3-5  | 59    | 0.4643   | 0.3926   | 0.4272 
6+   | 276   | 0.3479   | 0.2990   | 0.3474 

Epoch 98: loss = 0.717635 delta_mae_pts = 0.3852 recap_mae_pts = 0.3852 cat_mae_pts = 0.4681 total_mae_pts = 1.0397 vs_inertia_pts = 0.0285 vs_quad_pts = 0.2610 lr_base = 0.000663 lr_mult = 0.2500 lr_eff = 0.000166 mon_cov = 0.947 mon_score = 3.9022 time = 11303.98 s
Epoch 98 memory(end): tensors=219, buffers=219, bytes=14.7MB

Epoch 99: Weights {"totalWeight":0.1,"recapWeight":0.05,"deltaWeight":9.75,"categoryWeight":0.05,"quantileWeight":0.34040000000000004,"consistencyWeight":0,"identityDropoutRate":1}, Scales {"judgeBias":1,"corps":1}, SeqLen 15, ID_Drop 1.000, WFW 1.500 
Epoch 99 memory(start): tensors=219, buffers=219, bytes=14.7MB

History Bucket Diagnostics (Avg Abs Error per sample, normalized units):
Hist | Count | MAE_Pred | MAE_Base | PredDevFromBase
-----|-------|----------|----------|----------------
0    | 8     | 0.7695   | 3.7696   | 3.8806 
1    | 9     | 0.5548   | 0.9160   | 0.8260 
2    | 11    | 0.4941   | 0.5551   | 0.5475 
3-5  | 59    | 0.4499   | 0.3926   | 0.4185 
6+   | 276   | 0.3413   | 0.2990   | 0.3488 

Epoch 99: loss = 0.711867 delta_mae_pts = 0.3784 recap_mae_pts = 0.3784 cat_mae_pts = 0.4630 total_mae_pts = 1.0598 vs_inertia_pts = 0.0354 vs_quad_pts = 0.2678 lr_base = 0.000661 lr_mult = 0.2500 lr_eff = 0.000165 mon_cov = 0.952 mon_score = 3.8370 time = 11434.50 s
Epoch 99 memory(end): tensors=219, buffers=219, bytes=14.7MB

--- NO IMPROVEMENT FOR 18 EPOCHS: plateau multiplier 0.2500 -> 0.1250, effective LR 0.000083 ---

Epoch 100: Weights {"totalWeight":0.1,"recapWeight":0.05,"deltaWeight":9.75,"categoryWeight":0.05,"quantileWeight":0.34400000000000003,"consistencyWeight":0,"identityDropoutRate":1}, Scales {"judgeBias":1,"corps":1}, SeqLen 15, ID_Drop 1.000, WFW 1.500 
Epoch 100 memory(start): tensors=219, buffers=219, bytes=14.7MB

History Bucket Diagnostics (Avg Abs Error per sample, normalized units):
Hist | Count | MAE_Pred | MAE_Base | PredDevFromBase
-----|-------|----------|----------|----------------
0    | 8     | 0.7147   | 3.7696   | 3.8291 
1    | 9     | 0.5712   | 0.9160   | 0.7590 
2    | 11    | 0.4720   | 0.5551   | 0.5183 
3-5  | 59    | 0.4546   | 0.3926   | 0.4132 
6+   | 276   | 0.3393   | 0.2990   | 0.3412 

Epoch 100: loss = 0.698886 delta_mae_pts = 0.3761 recap_mae_pts = 0.3761 cat_mae_pts = 0.4575 total_mae_pts = 1.0595 vs_inertia_pts = 0.0377 vs_quad_pts = 0.2701 lr_base = 0.000659 lr_mult = 0.1250 lr_eff = 0.000082 mon_cov = 0.957 mon_score = 3.8143 time = 11565.83 s
Epoch 100 memory(end): tensors=219, buffers=219, bytes=14.7MB

-- - CAPTION STATS(Epoch 100)-- - 
GE1: delta_pts = 0.3506, recap_pts = 0.3506, cov = 0.967, width = 1.9665 
GE2: delta_pts = 0.3102, recap_pts = 0.3102, cov = 0.986, width = 1.9806 
VP: delta_pts = 0.3906, recap_pts = 0.3906, cov = 0.967, width = 1.9899 
VA: delta_pts = 0.3210, recap_pts = 0.3210, cov = 0.964, width = 2.0176 
CG: delta_pts = 0.3852, recap_pts = 0.3852, cov = 0.950, width = 2.0323 
MB: delta_pts = 0.4057, recap_pts = 0.4057, cov = 0.953, width = 1.9906 
MA: delta_pts = 0.4070, recap_pts = 0.4070, cov = 0.942, width = 1.9711 
MP: delta_pts = 0.4382, recap_pts = 0.4382, cov = 0.923, width = 2.0105 
----------------------------------


Epoch 101: Weights {"totalWeight":0.1,"recapWeight":0.05,"deltaWeight":9.75,"categoryWeight":0.05,"quantileWeight":0.3476,"consistencyWeight":0,"identityDropoutRate":0.99525}, Scales {"judgeBias":1,"corps":1}, SeqLen 15, ID_Drop 0.997, WFW 1.500 
Epoch 101 memory(start): tensors=219, buffers=219, bytes=14.7MB

History Bucket Diagnostics (Avg Abs Error per sample, normalized units):
Hist | Count | MAE_Pred | MAE_Base | PredDevFromBase
-----|-------|----------|----------|----------------
0    | 8     | 0.6371   | 3.7696   | 3.7120 
1    | 9     | 0.5712   | 0.9160   | 0.7544 
2    | 11    | 0.4763   | 0.5551   | 0.5322 
3-5  | 59    | 0.4474   | 0.3926   | 0.4162 
6+   | 276   | 0.3407   | 0.2990   | 0.3438 

Epoch 101: loss = 0.683402 delta_mae_pts = 0.3744 recap_mae_pts = 0.3744 cat_mae_pts = 0.4525 total_mae_pts = 1.0358 vs_inertia_pts = 0.0393 vs_quad_pts = 0.2717 lr_base = 0.000658 lr_mult = 0.1250 lr_eff = 0.000082 mon_cov = 0.955 mon_score = 3.7956 time = 11695.99 s
Epoch 101 memory(end): tensors=219, buffers=219, bytes=14.7MB

Epoch 102: Weights {"totalWeight":0.1,"recapWeight":0.05,"deltaWeight":9.75,"categoryWeight":0.05,"quantileWeight":0.3512,"consistencyWeight":0,"identityDropoutRate":0.9905}, Scales {"judgeBias":1,"corps":1}, SeqLen 15, ID_Drop 0.990, WFW 1.500 
Epoch 102 memory(start): tensors=219, buffers=219, bytes=14.7MB

History Bucket Diagnostics (Avg Abs Error per sample, normalized units):
Hist | Count | MAE_Pred | MAE_Base | PredDevFromBase
-----|-------|----------|----------|----------------
0    | 8     | 0.7197   | 3.7696   | 3.8130 
1    | 9     | 0.5771   | 0.9160   | 0.7794 
2    | 11    | 0.4866   | 0.5551   | 0.5391 
3-5  | 59    | 0.4484   | 0.3926   | 0.4255 
6+   | 276   | 0.3427   | 0.2990   | 0.3470 

Epoch 102: loss = 0.678911 delta_mae_pts = 0.3784 recap_mae_pts = 0.3784 cat_mae_pts = 0.4627 total_mae_pts = 1.0546 vs_inertia_pts = 0.0353 vs_quad_pts = 0.2678 lr_base = 0.000656 lr_mult = 0.1250 lr_eff = 0.000082 mon_cov = 0.953 mon_score = 3.8367 time = 11826.79 s
Epoch 102 memory(end): tensors=219, buffers=219, bytes=14.7MB

Epoch 103: Weights {"totalWeight":0.1,"recapWeight":0.05,"deltaWeight":9.75,"categoryWeight":0.05,"quantileWeight":0.3548,"consistencyWeight":0,"identityDropoutRate":0.98575}, Scales {"judgeBias":1,"corps":1}, SeqLen 15, ID_Drop 0.982, WFW 1.500 
Epoch 103 memory(start): tensors=219, buffers=219, bytes=14.7MB

History Bucket Diagnostics (Avg Abs Error per sample, normalized units):
Hist | Count | MAE_Pred | MAE_Base | PredDevFromBase
-----|-------|----------|----------|----------------
0    | 8     | 0.6723   | 3.7696   | 3.7912 
1    | 9     | 0.5743   | 0.9160   | 0.7835 
2    | 11    | 0.4962   | 0.5551   | 0.5517 
3-5  | 59    | 0.4500   | 0.3926   | 0.4313 
6+   | 276   | 0.3438   | 0.2990   | 0.3522 

Epoch 103: loss = 0.676485 delta_mae_pts = 0.3787 recap_mae_pts = 0.3787 cat_mae_pts = 0.4596 total_mae_pts = 1.0430 vs_inertia_pts = 0.0351 vs_quad_pts = 0.2675 lr_base = 0.000654 lr_mult = 0.1250 lr_eff = 0.000082 mon_cov = 0.954 mon_score = 3.8381 time = 11958.62 s
Epoch 103 memory(end): tensors=219, buffers=219, bytes=14.7MB

Epoch 104: Weights {"totalWeight":0.1,"recapWeight":0.05,"deltaWeight":9.75,"categoryWeight":0.05,"quantileWeight":0.3584,"consistencyWeight":0,"identityDropoutRate":0.981}, Scales {"judgeBias":1,"corps":1}, SeqLen 15, ID_Drop 0.982, WFW 1.500 
Epoch 104 memory(start): tensors=219, buffers=219, bytes=14.7MB

History Bucket Diagnostics (Avg Abs Error per sample, normalized units):
Hist | Count | MAE_Pred | MAE_Base | PredDevFromBase
-----|-------|----------|----------|----------------
0    | 8     | 0.6422   | 3.7696   | 3.7343 
1    | 9     | 0.5855   | 0.9160   | 0.7375 
2    | 11    | 0.4920   | 0.5551   | 0.5327 
3-5  | 59    | 0.4491   | 0.3926   | 0.4292 
6+   | 276   | 0.3447   | 0.2990   | 0.3561 

Epoch 104: loss = 0.682071 delta_mae_pts = 0.3787 recap_mae_pts = 0.3787 cat_mae_pts = 0.4622 total_mae_pts = 1.0529 vs_inertia_pts = 0.0351 vs_quad_pts = 0.2675 lr_base = 0.000652 lr_mult = 0.1250 lr_eff = 0.000081 mon_cov = 0.953 mon_score = 3.8393 time = 12088.21 s
Epoch 104 memory(end): tensors=219, buffers=219, bytes=14.7MB

Epoch 105: Weights {"totalWeight":0.1,"recapWeight":0.05,"deltaWeight":9.75,"categoryWeight":0.05,"quantileWeight":0.362,"consistencyWeight":0,"identityDropoutRate":0.97625}, Scales {"judgeBias":1,"corps":1}, SeqLen 15, ID_Drop 0.975, WFW 1.500 
Epoch 105 memory(start): tensors=219, buffers=219, bytes=14.7MB

History Bucket Diagnostics (Avg Abs Error per sample, normalized units):
Hist | Count | MAE_Pred | MAE_Base | PredDevFromBase
-----|-------|----------|----------|----------------
0    | 8     | 0.6707   | 3.7696   | 3.7779 
1    | 9     | 0.5828   | 0.9160   | 0.7803 
2    | 11    | 0.5005   | 0.5551   | 0.5484 
3-5  | 59    | 0.4601   | 0.3926   | 0.4286 
6+   | 276   | 0.3484   | 0.2990   | 0.3545 

Epoch 105: loss = 0.677083 delta_mae_pts = 0.3841 recap_mae_pts = 0.3841 cat_mae_pts = 0.4708 total_mae_pts = 1.0556 vs_inertia_pts = 0.0297 vs_quad_pts = 0.2621 lr_base = 0.000650 lr_mult = 0.1250 lr_eff = 0.000081 mon_cov = 0.949 mon_score = 3.8928 time = 12216.92 s
Epoch 105 memory(end): tensors=219, buffers=219, bytes=14.7MB

Epoch 106: Weights {"totalWeight":0.1,"recapWeight":0.05,"deltaWeight":9.75,"categoryWeight":0.05,"quantileWeight":0.36560000000000004,"consistencyWeight":0,"identityDropoutRate":0.9715}, Scales {"judgeBias":1,"corps":1}, SeqLen 15, ID_Drop 0.970, WFW 1.500 
Epoch 106 memory(start): tensors=219, buffers=219, bytes=14.7MB

History Bucket Diagnostics (Avg Abs Error per sample, normalized units):
Hist | Count | MAE_Pred | MAE_Base | PredDevFromBase
-----|-------|----------|----------|----------------
0    | 8     | 0.6678   | 3.7696   | 3.7690 
1    | 9     | 0.5844   | 0.9160   | 0.7524 
2    | 11    | 0.4853   | 0.5551   | 0.5337 
3-5  | 59    | 0.4500   | 0.3926   | 0.4208 
6+   | 276   | 0.3407   | 0.2990   | 0.3445 

Epoch 106: loss = 0.672387 delta_mae_pts = 0.3761 recap_mae_pts = 0.3761 cat_mae_pts = 0.4593 total_mae_pts = 1.0458 vs_inertia_pts = 0.0377 vs_quad_pts = 0.2701 lr_base = 0.000648 lr_mult = 0.1250 lr_eff = 0.000081 mon_cov = 0.955 mon_score = 3.8130 time = 12346.43 s
Epoch 106 memory(end): tensors=219, buffers=219, bytes=14.7MB

Epoch 107: Weights {"totalWeight":0.1,"recapWeight":0.05,"deltaWeight":9.75,"categoryWeight":0.05,"quantileWeight":0.36920000000000003,"consistencyWeight":0,"identityDropoutRate":0.96675}, Scales {"judgeBias":1,"corps":1}, SeqLen 15, ID_Drop 0.970, WFW 1.500 
Epoch 107 memory(start): tensors=219, buffers=219, bytes=14.7MB

History Bucket Diagnostics (Avg Abs Error per sample, normalized units):
Hist | Count | MAE_Pred | MAE_Base | PredDevFromBase
-----|-------|----------|----------|----------------
0    | 8     | 0.6702   | 3.7696   | 3.7929 
1    | 9     | 0.5730   | 0.9160   | 0.7887 
2    | 11    | 0.5002   | 0.5551   | 0.5537 
3-5  | 59    | 0.4533   | 0.3926   | 0.4268 
6+   | 276   | 0.3471   | 0.2990   | 0.3493 

Epoch 107: loss = 0.669165 delta_mae_pts = 0.3817 recap_mae_pts = 0.3817 cat_mae_pts = 0.4677 total_mae_pts = 1.0520 vs_inertia_pts = 0.0320 vs_quad_pts = 0.2644 lr_base = 0.000646 lr_mult = 0.1250 lr_eff = 0.000081 mon_cov = 0.949 mon_score = 3.8695 time = 12476.73 s
Epoch 107 memory(end): tensors=219, buffers=219, bytes=14.7MB

Epoch 108: Weights {"totalWeight":0.1,"recapWeight":0.05,"deltaWeight":9.75,"categoryWeight":0.05,"quantileWeight":0.3728,"consistencyWeight":0,"identityDropoutRate":0.962}, Scales {"judgeBias":1,"corps":1}, SeqLen 15, ID_Drop 0.963, WFW 1.500 
Epoch 108 memory(start): tensors=219, buffers=219, bytes=14.7MB

History Bucket Diagnostics (Avg Abs Error per sample, normalized units):
Hist | Count | MAE_Pred | MAE_Base | PredDevFromBase
-----|-------|----------|----------|----------------
0    | 8     | 0.6659   | 3.7696   | 3.7566 
1    | 9     | 0.5830   | 0.9160   | 0.7637 
2    | 11    | 0.5007   | 0.5551   | 0.5594 
3-5  | 59    | 0.4555   | 0.3926   | 0.4388 
6+   | 276   | 0.3440   | 0.2990   | 0.3527 

Epoch 108: loss = 0.664592 delta_mae_pts = 0.3798 recap_mae_pts = 0.3798 cat_mae_pts = 0.4632 total_mae_pts = 1.0378 vs_inertia_pts = 0.0339 vs_quad_pts = 0.2663 lr_base = 0.000644 lr_mult = 0.1250 lr_eff = 0.000080 mon_cov = 0.950 mon_score = 3.8495 time = 12605.64 s
Epoch 108 memory(end): tensors=219, buffers=219, bytes=14.7MB

Epoch 109: Weights {"totalWeight":0.1,"recapWeight":0.05,"deltaWeight":9.75,"categoryWeight":0.05,"quantileWeight":0.3764,"consistencyWeight":0,"identityDropoutRate":0.95725}, Scales {"judgeBias":1,"corps":1}, SeqLen 15, ID_Drop 0.959, WFW 1.500 
Epoch 109 memory(start): tensors=219, buffers=219, bytes=14.7MB

History Bucket Diagnostics (Avg Abs Error per sample, normalized units):
Hist | Count | MAE_Pred | MAE_Base | PredDevFromBase
-----|-------|----------|----------|----------------
0    | 8     | 0.6477   | 3.7696   | 3.7592 
1    | 9     | 0.5846   | 0.9160   | 0.7870 
2    | 11    | 0.5017   | 0.5551   | 0.5557 
3-5  | 59    | 0.4496   | 0.3926   | 0.4286 
6+   | 276   | 0.3428   | 0.2990   | 0.3476 

Epoch 109: loss = 0.665230 delta_mae_pts = 0.3777 recap_mae_pts = 0.3777 cat_mae_pts = 0.4578 total_mae_pts = 1.0227 vs_inertia_pts = 0.0360 vs_quad_pts = 0.2685 lr_base = 0.000641 lr_mult = 0.1250 lr_eff = 0.000080 mon_cov = 0.950 mon_score = 3.8266 time = 12735.57 s
Epoch 109 memory(end): tensors=219, buffers=219, bytes=14.7MB

Epoch 110: Weights {"totalWeight":0.1,"recapWeight":0.05,"deltaWeight":9.75,"categoryWeight":0.05,"quantileWeight":0.38,"consistencyWeight":0,"identityDropoutRate":0.9525}, Scales {"judgeBias":1,"corps":1}, SeqLen 15, ID_Drop 0.950, WFW 1.500 
Epoch 110 memory(start): tensors=219, buffers=219, bytes=14.7MB

History Bucket Diagnostics (Avg Abs Error per sample, normalized units):
Hist | Count | MAE_Pred | MAE_Base | PredDevFromBase
-----|-------|----------|----------|----------------
0    | 8     | 0.6612   | 3.7696   | 3.7878 
1    | 9     | 0.5827   | 0.9160   | 0.7786 
2    | 11    | 0.5048   | 0.5551   | 0.5452 
3-5  | 59    | 0.4525   | 0.3926   | 0.4268 
6+   | 276   | 0.3418   | 0.2990   | 0.3458 

Epoch 110: loss = 0.662668 delta_mae_pts = 0.3777 recap_mae_pts = 0.3777 cat_mae_pts = 0.4613 total_mae_pts = 1.0467 vs_inertia_pts = 0.0360 vs_quad_pts = 0.2685 lr_base = 0.000639 lr_mult = 0.1250 lr_eff = 0.000080 mon_cov = 0.952 mon_score = 3.8293 time = 12866.12 s
Epoch 110 memory(end): tensors=219, buffers=219, bytes=14.7MB

Epoch 111: Weights {"totalWeight":0.1,"recapWeight":0.05,"deltaWeight":9.75,"categoryWeight":0.05,"quantileWeight":0.3836,"consistencyWeight":0,"identityDropoutRate":0.94775}, Scales {"judgeBias":1,"corps":1}, SeqLen 15, ID_Drop 0.950, WFW 1.500 
Epoch 111 memory(start): tensors=219, buffers=219, bytes=14.7MB

History Bucket Diagnostics (Avg Abs Error per sample, normalized units):
Hist | Count | MAE_Pred | MAE_Base | PredDevFromBase
-----|-------|----------|----------|----------------
0    | 8     | 0.6927   | 3.7696   | 3.8386 
1    | 9     | 0.5808   | 0.9160   | 0.7565 
2    | 11    | 0.4925   | 0.5551   | 0.5214 
3-5  | 59    | 0.4506   | 0.3926   | 0.4221 
6+   | 276   | 0.3413   | 0.2990   | 0.3460 

Epoch 111: loss = 0.659931 delta_mae_pts = 0.3773 recap_mae_pts = 0.3773 cat_mae_pts = 0.4564 total_mae_pts = 1.0483 vs_inertia_pts = 0.0364 vs_quad_pts = 0.2689 lr_base = 0.000637 lr_mult = 0.1250 lr_eff = 0.000080 mon_cov = 0.948 mon_score = 3.8253 time = 12995.93 s
Epoch 111 memory(end): tensors=219, buffers=219, bytes=14.7MB

Epoch 112: Weights {"totalWeight":0.1,"recapWeight":0.05,"deltaWeight":9.75,"categoryWeight":0.05,"quantileWeight":0.3872,"consistencyWeight":0,"identityDropoutRate":0.9430000000000001}, Scales {"judgeBias":1,"corps":1}, SeqLen 15, ID_Drop 0.943, WFW 1.500 
Epoch 112 memory(start): tensors=219, buffers=219, bytes=14.7MB

History Bucket Diagnostics (Avg Abs Error per sample, normalized units):
Hist | Count | MAE_Pred | MAE_Base | PredDevFromBase
-----|-------|----------|----------|----------------
0    | 8     | 0.6472   | 3.7696   | 3.7511 
1    | 9     | 0.5984   | 0.9160   | 0.7684 
2    | 11    | 0.5092   | 0.5551   | 0.5277 
3-5  | 59    | 0.4582   | 0.3926   | 0.4250 
6+   | 276   | 0.3442   | 0.2990   | 0.3416 

Epoch 112: loss = 0.659753 delta_mae_pts = 0.3807 recap_mae_pts = 0.3807 cat_mae_pts = 0.4628 total_mae_pts = 1.0504 vs_inertia_pts = 0.0330 vs_quad_pts = 0.2655 lr_base = 0.000635 lr_mult = 0.1250 lr_eff = 0.000079 mon_cov = 0.950 mon_score = 3.8590 time = 13126.62 s
Epoch 112 memory(end): tensors=219, buffers=219, bytes=14.7MB

Epoch 113: Weights {"totalWeight":0.1,"recapWeight":0.05,"deltaWeight":9.75,"categoryWeight":0.05,"quantileWeight":0.39080000000000004,"consistencyWeight":0,"identityDropoutRate":0.93825}, Scales {"judgeBias":1,"corps":1}, SeqLen 15, ID_Drop 0.942, WFW 1.500 
Epoch 113 memory(start): tensors=219, buffers=219, bytes=14.7MB

History Bucket Diagnostics (Avg Abs Error per sample, normalized units):
Hist | Count | MAE_Pred | MAE_Base | PredDevFromBase
-----|-------|----------|----------|----------------
0    | 8     | 0.6665   | 3.7696   | 3.7769 
1    | 9     | 0.5984   | 0.9160   | 0.7895 
2    | 11    | 0.5041   | 0.5551   | 0.5599 
3-5  | 59    | 0.4544   | 0.3926   | 0.4296 
6+   | 276   | 0.3442   | 0.2990   | 0.3484 

Epoch 113: loss = 0.661530 delta_mae_pts = 0.3804 recap_mae_pts = 0.3804 cat_mae_pts = 0.4626 total_mae_pts = 1.0354 vs_inertia_pts = 0.0334 vs_quad_pts = 0.2658 lr_base = 0.000633 lr_mult = 0.1250 lr_eff = 0.000079 mon_cov = 0.951 mon_score = 3.8543 time = 13257.35 s
Epoch 113 memory(end): tensors=219, buffers=219, bytes=14.7MB

Epoch 114: Weights {"totalWeight":0.1,"recapWeight":0.05,"deltaWeight":9.75,"categoryWeight":0.05,"quantileWeight":0.3944,"consistencyWeight":0,"identityDropoutRate":0.9335}, Scales {"judgeBias":1,"corps":1}, SeqLen 15, ID_Drop 0.935, WFW 1.500 
Epoch 114 memory(start): tensors=219, buffers=219, bytes=14.7MB

History Bucket Diagnostics (Avg Abs Error per sample, normalized units):
Hist | Count | MAE_Pred | MAE_Base | PredDevFromBase
-----|-------|----------|----------|----------------
0    | 8     | 0.6515   | 3.7696   | 3.7049 
1    | 9     | 0.5843   | 0.9160   | 0.7480 
2    | 11    | 0.4843   | 0.5551   | 0.5256 
3-5  | 59    | 0.4515   | 0.3926   | 0.4179 
6+   | 276   | 0.3446   | 0.2990   | 0.3485 

Epoch 114: loss = 0.660198 delta_mae_pts = 0.3789 recap_mae_pts = 0.3789 cat_mae_pts = 0.4574 total_mae_pts = 1.0323 vs_inertia_pts = 0.0348 vs_quad_pts = 0.2673 lr_base = 0.000631 lr_mult = 0.1250 lr_eff = 0.000079 mon_cov = 0.954 mon_score = 3.8392 time = 13387.36 s
Epoch 114 memory(end): tensors=219, buffers=219, bytes=14.7MB

Epoch 115: Weights {"totalWeight":0.1,"recapWeight":0.05,"deltaWeight":9.75,"categoryWeight":0.05,"quantileWeight":0.398,"consistencyWeight":0,"identityDropoutRate":0.92875}, Scales {"judgeBias":1,"corps":1}, SeqLen 15, ID_Drop 0.934, WFW 1.500 
Epoch 115 memory(start): tensors=219, buffers=219, bytes=14.7MB

History Bucket Diagnostics (Avg Abs Error per sample, normalized units):
Hist | Count | MAE_Pred | MAE_Base | PredDevFromBase
-----|-------|----------|----------|----------------
0    | 8     | 0.6349   | 3.7696   | 3.7647 
1    | 9     | 0.5804   | 0.9160   | 0.7622 
2    | 11    | 0.4934   | 0.5551   | 0.5341 
3-5  | 59    | 0.4546   | 0.3926   | 0.4287 
6+   | 276   | 0.3474   | 0.2990   | 0.3512 

Epoch 115: loss = 0.657088 delta_mae_pts = 0.3813 recap_mae_pts = 0.3813 cat_mae_pts = 0.4609 total_mae_pts = 1.0287 vs_inertia_pts = 0.0324 vs_quad_pts = 0.2648 lr_base = 0.000629 lr_mult = 0.1250 lr_eff = 0.000079 mon_cov = 0.951 mon_score = 3.8630 time = 13516.17 s
Epoch 115 memory(end): tensors=219, buffers=219, bytes=14.7MB

Epoch 116: Weights {"totalWeight":0.1,"recapWeight":0.05,"deltaWeight":9.75,"categoryWeight":0.05,"quantileWeight":0.4016,"consistencyWeight":0,"identityDropoutRate":0.924}, Scales {"judgeBias":1,"corps":1}, SeqLen 15, ID_Drop 0.924, WFW 1.500 
Epoch 116 memory(start): tensors=219, buffers=219, bytes=14.7MB

History Bucket Diagnostics (Avg Abs Error per sample, normalized units):
Hist | Count | MAE_Pred | MAE_Base | PredDevFromBase
-----|-------|----------|----------|----------------
0    | 8     | 0.6520   | 3.7696   | 3.7687 
1    | 9     | 0.5980   | 0.9160   | 0.7550 
2    | 11    | 0.4912   | 0.5551   | 0.5232 
3-5  | 59    | 0.4534   | 0.3926   | 0.4255 
6+   | 276   | 0.3472   | 0.2990   | 0.3499 

Epoch 116: loss = 0.647281 delta_mae_pts = 0.3818 recap_mae_pts = 0.3818 cat_mae_pts = 0.4622 total_mae_pts = 1.0464 vs_inertia_pts = 0.0319 vs_quad_pts = 0.2644 lr_base = 0.000627 lr_mult = 0.1250 lr_eff = 0.000078 mon_cov = 0.950 mon_score = 3.8693 time = 13646.29 s
Epoch 116 memory(end): tensors=219, buffers=219, bytes=14.7MB

Epoch 117: Weights {"totalWeight":0.1,"recapWeight":0.05,"deltaWeight":9.75,"categoryWeight":0.05,"quantileWeight":0.4052,"consistencyWeight":0,"identityDropoutRate":0.91925}, Scales {"judgeBias":1,"corps":1}, SeqLen 15, ID_Drop 0.919, WFW 1.500 
Epoch 117 memory(start): tensors=219, buffers=219, bytes=14.7MB

History Bucket Diagnostics (Avg Abs Error per sample, normalized units):
Hist | Count | MAE_Pred | MAE_Base | PredDevFromBase
-----|-------|----------|----------|----------------
0    | 8     | 0.6429   | 3.7696   | 3.7589 
1    | 9     | 0.5946   | 0.9160   | 0.7769 
2    | 11    | 0.4965   | 0.5551   | 0.5607 
3-5  | 59    | 0.4412   | 0.3926   | 0.4270 
6+   | 276   | 0.3421   | 0.2990   | 0.3493 

Epoch 117: loss = 0.654779 delta_mae_pts = 0.3758 recap_mae_pts = 0.3758 cat_mae_pts = 0.4504 total_mae_pts = 1.0246 vs_inertia_pts = 0.0380 vs_quad_pts = 0.2704 lr_base = 0.000624 lr_mult = 0.1250 lr_eff = 0.000078 mon_cov = 0.950 mon_score = 3.8076 time = 13776.32 s
Epoch 117 memory(end): tensors=219, buffers=219, bytes=14.7MB

--- NO IMPROVEMENT FOR 18 EPOCHS: plateau multiplier 0.1250 -> 0.0625, effective LR 0.000039 ---

Epoch 118: Weights {"totalWeight":0.1,"recapWeight":0.05,"deltaWeight":9.75,"categoryWeight":0.05,"quantileWeight":0.40880000000000005,"consistencyWeight":0,"identityDropoutRate":0.9145}, Scales {"judgeBias":1,"corps":1}, SeqLen 15, ID_Drop 0.920, WFW 1.500 
Epoch 118 memory(start): tensors=219, buffers=219, bytes=14.7MB

History Bucket Diagnostics (Avg Abs Error per sample, normalized units):
Hist | Count | MAE_Pred | MAE_Base | PredDevFromBase
-----|-------|----------|----------|----------------
0    | 8     | 0.6434   | 3.7696   | 3.7669 
1    | 9     | 0.5979   | 0.9160   | 0.7743 
2    | 11    | 0.4929   | 0.5551   | 0.5409 
3-5  | 59    | 0.4463   | 0.3926   | 0.4242 
6+   | 276   | 0.3424   | 0.2990   | 0.3486 

Epoch 118: loss = 0.649454 delta_mae_pts = 0.3769 recap_mae_pts = 0.3769 cat_mae_pts = 0.4564 total_mae_pts = 1.0320 vs_inertia_pts = 0.0369 vs_quad_pts = 0.2693 lr_base = 0.000622 lr_mult = 0.0625 lr_eff = 0.000039 mon_cov = 0.951 mon_score = 3.8192 time = 13906.26 s
Epoch 118 memory(end): tensors=219, buffers=219, bytes=14.7MB

Epoch 119: Weights {"totalWeight":0.1,"recapWeight":0.05,"deltaWeight":9.75,"categoryWeight":0.05,"quantileWeight":0.4124,"consistencyWeight":0,"identityDropoutRate":0.9097500000000001}, Scales {"judgeBias":1,"corps":1}, SeqLen 15, ID_Drop 0.909, WFW 1.500 
Epoch 119 memory(start): tensors=219, buffers=219, bytes=14.7MB

History Bucket Diagnostics (Avg Abs Error per sample, normalized units):
Hist | Count | MAE_Pred | MAE_Base | PredDevFromBase
-----|-------|----------|----------|----------------
0    | 8     | 0.6524   | 3.7696   | 3.7791 
1    | 9     | 0.5887   | 0.9160   | 0.7595 
2    | 11    | 0.4912   | 0.5551   | 0.5267 
3-5  | 59    | 0.4538   | 0.3926   | 0.4249 
6+   | 276   | 0.3431   | 0.2990   | 0.3476 

Epoch 119: loss = 0.640077 delta_mae_pts = 0.3785 recap_mae_pts = 0.3785 cat_mae_pts = 0.4615 total_mae_pts = 1.0498 vs_inertia_pts = 0.0352 vs_quad_pts = 0.2677 lr_base = 0.000620 lr_mult = 0.0625 lr_eff = 0.000039 mon_cov = 0.951 mon_score = 3.8372 time = 14036.86 s
Epoch 119 memory(end): tensors=219, buffers=219, bytes=14.7MB

Epoch 120: Weights {"totalWeight":0.1,"recapWeight":0.05,"deltaWeight":9.75,"categoryWeight":0.05,"quantileWeight":0.41600000000000004,"consistencyWeight":0,"identityDropoutRate":0.905}, Scales {"judgeBias":1,"corps":1}, SeqLen 15, ID_Drop 0.906, WFW 1.500 
Epoch 120 memory(start): tensors=219, buffers=219, bytes=14.7MB

History Bucket Diagnostics (Avg Abs Error per sample, normalized units):
Hist | Count | MAE_Pred | MAE_Base | PredDevFromBase
-----|-------|----------|----------|----------------
0    | 8     | 0.6709   | 3.7696   | 3.7908 
1    | 9     | 0.6005   | 0.9160   | 0.7780 
2    | 11    | 0.4989   | 0.5551   | 0.5474 
3-5  | 59    | 0.4505   | 0.3926   | 0.4298 
6+   | 276   | 0.3437   | 0.2990   | 0.3534 


--- PHASE TRANSITION (Epoch 120): Resetting Best Score & Patience ---
Epoch 120: loss = 0.640459 delta_mae_pts = 0.3794 recap_mae_pts = 0.3794 cat_mae_pts = 0.4632 total_mae_pts = 1.0426 vs_inertia_pts = 0.0344 vs_quad_pts = 0.2668 lr_base = 0.000618 lr_mult = 0.0625 lr_eff = 0.000039 mon_cov = 0.951 mon_score = 3.8452 time = 14165.57 s
Epoch 120 memory(end): tensors=219, buffers=219, bytes=14.7MB
Saved BEST checkpoint @epoch 120 score = 3.8452 -> models\v9_subcaption_fixed\v9fix_shared_datefwd_ctrl_1779389830762\best 

Epoch 121: Weights {"totalWeight":0.1,"recapWeight":0.05,"deltaWeight":9.75,"categoryWeight":0.05,"quantileWeight":0.4196,"consistencyWeight":0,"identityDropoutRate":0.90025}, Scales {"judgeBias":1,"corps":1}, SeqLen 15, ID_Drop 0.901, WFW 1.500 
Epoch 121 memory(start): tensors=219, buffers=180, bytes=14.7MB

History Bucket Diagnostics (Avg Abs Error per sample, normalized units):
Hist | Count | MAE_Pred | MAE_Base | PredDevFromBase
-----|-------|----------|----------|----------------
0    | 8     | 0.6647   | 3.7696   | 3.7795 
1    | 9     | 0.5961   | 0.9160   | 0.7790 
2    | 11    | 0.4967   | 0.5551   | 0.5480 
3-5  | 59    | 0.4484   | 0.3926   | 0.4297 
6+   | 276   | 0.3426   | 0.2990   | 0.3492 

Epoch 121: loss = 0.639093 delta_mae_pts = 0.3778 recap_mae_pts = 0.3778 cat_mae_pts = 0.4565 total_mae_pts = 1.0367 vs_inertia_pts = 0.0359 vs_quad_pts = 0.2683 lr_base = 0.000615 lr_mult = 0.0625 lr_eff = 0.000038 mon_cov = 0.952 mon_score = 3.8294 time = 14296.04 s
Epoch 121 memory(end): tensors=219, buffers=219, bytes=14.7MB
Saved BEST checkpoint @epoch 121 score = 3.8294 -> models\v9_subcaption_fixed\v9fix_shared_datefwd_ctrl_1779389830762\best 

Epoch 122: Weights {"totalWeight":0.1,"recapWeight":0.05,"deltaWeight":9.75,"categoryWeight":0.05,"quantileWeight":0.4232,"consistencyWeight":0,"identityDropoutRate":0.8955}, Scales {"judgeBias":1,"corps":1}, SeqLen 15, ID_Drop 0.894, WFW 1.500 
Epoch 122 memory(start): tensors=219, buffers=180, bytes=14.7MB

History Bucket Diagnostics (Avg Abs Error per sample, normalized units):
Hist | Count | MAE_Pred | MAE_Base | PredDevFromBase
-----|-------|----------|----------|----------------
0    | 8     | 0.6554   | 3.7696   | 3.7439 
1    | 9     | 0.5964   | 0.9160   | 0.7661 
2    | 11    | 0.4917   | 0.5551   | 0.5394 
3-5  | 59    | 0.4534   | 0.3926   | 0.4256 
6+   | 276   | 0.3440   | 0.2990   | 0.3466 

Epoch 122: loss = 0.635581 delta_mae_pts = 0.3794 recap_mae_pts = 0.3794 cat_mae_pts = 0.4605 total_mae_pts = 1.0530 vs_inertia_pts = 0.0343 vs_quad_pts = 0.2668 lr_base = 0.000613 lr_mult = 0.0625 lr_eff = 0.000038 mon_cov = 0.952 mon_score = 3.8465 time = 14426.19 s
Epoch 122 memory(end): tensors=219, buffers=219, bytes=14.7MB

Epoch 123: Weights {"totalWeight":0.1,"recapWeight":0.05,"deltaWeight":9.75,"categoryWeight":0.05,"quantileWeight":0.4268,"consistencyWeight":0,"identityDropoutRate":0.89075}, Scales {"judgeBias":1,"corps":1}, SeqLen 15, ID_Drop 0.891, WFW 1.500 
Epoch 123 memory(start): tensors=219, buffers=219, bytes=14.7MB

History Bucket Diagnostics (Avg Abs Error per sample, normalized units):
Hist | Count | MAE_Pred | MAE_Base | PredDevFromBase
-----|-------|----------|----------|----------------
0    | 8     | 0.6699   | 3.7696   | 3.8030 
1    | 9     | 0.5933   | 0.9160   | 0.7620 
2    | 11    | 0.4886   | 0.5551   | 0.5431 
3-5  | 59    | 0.4571   | 0.3926   | 0.4364 
6+   | 276   | 0.3445   | 0.2990   | 0.3506 

Epoch 123: loss = 0.629302 delta_mae_pts = 0.3805 recap_mae_pts = 0.3805 cat_mae_pts = 0.4654 total_mae_pts = 1.0645 vs_inertia_pts = 0.0332 vs_quad_pts = 0.2657 lr_base = 0.000611 lr_mult = 0.0625 lr_eff = 0.000038 mon_cov = 0.951 mon_score = 3.8588 time = 14554.87 s
Epoch 123 memory(end): tensors=219, buffers=219, bytes=14.7MB

Epoch 124: Weights {"totalWeight":0.1,"recapWeight":0.05,"deltaWeight":9.75,"categoryWeight":0.05,"quantileWeight":0.4304,"consistencyWeight":0,"identityDropoutRate":0.886}, Scales {"judgeBias":1,"corps":1}, SeqLen 15, ID_Drop 0.887, WFW 1.500 
Epoch 124 memory(start): tensors=219, buffers=219, bytes=14.7MB

History Bucket Diagnostics (Avg Abs Error per sample, normalized units):
Hist | Count | MAE_Pred | MAE_Base | PredDevFromBase
-----|-------|----------|----------|----------------
0    | 8     | 0.6677   | 3.7696   | 3.7885 
1    | 9     | 0.5911   | 0.9160   | 0.7640 
2    | 11    | 0.4902   | 0.5551   | 0.5506 
3-5  | 59    | 0.4561   | 0.3926   | 0.4313 
6+   | 276   | 0.3460   | 0.2990   | 0.3523 

Epoch 124: loss = 0.631722 delta_mae_pts = 0.3814 recap_mae_pts = 0.3814 cat_mae_pts = 0.4611 total_mae_pts = 1.0592 vs_inertia_pts = 0.0323 vs_quad_pts = 0.2647 lr_base = 0.000609 lr_mult = 0.0625 lr_eff = 0.000038 mon_cov = 0.950 mon_score = 3.8669 time = 14684.93 s
Epoch 124 memory(end): tensors=219, buffers=219, bytes=14.7MB

Epoch 125: Weights {"totalWeight":0.1,"recapWeight":0.05,"deltaWeight":9.75,"categoryWeight":0.05,"quantileWeight":0.43400000000000005,"consistencyWeight":0,"identityDropoutRate":0.88125}, Scales {"judgeBias":1,"corps":1}, SeqLen 15, ID_Drop 0.886, WFW 1.500 
Epoch 125 memory(start): tensors=219, buffers=219, bytes=14.7MB

History Bucket Diagnostics (Avg Abs Error per sample, normalized units):
Hist | Count | MAE_Pred | MAE_Base | PredDevFromBase
-----|-------|----------|----------|----------------
0    | 8     | 0.6626   | 3.7696   | 3.7774 
1    | 9     | 0.5963   | 0.9160   | 0.7608 
2    | 11    | 0.4925   | 0.5551   | 0.5357 
3-5  | 59    | 0.4614   | 0.3926   | 0.4298 
6+   | 276   | 0.3451   | 0.2990   | 0.3502 

Epoch 125: loss = 0.633587 delta_mae_pts = 0.3817 recap_mae_pts = 0.3817 cat_mae_pts = 0.4637 total_mae_pts = 1.0678 vs_inertia_pts = 0.0321 vs_quad_pts = 0.2645 lr_base = 0.000606 lr_mult = 0.0625 lr_eff = 0.000038 mon_cov = 0.950 mon_score = 3.8704 time = 14813.89 s
Epoch 125 memory(end): tensors=219, buffers=219, bytes=14.7MB

Epoch 126: Weights {"totalWeight":0.1,"recapWeight":0.05,"deltaWeight":9.75,"categoryWeight":0.05,"quantileWeight":0.4376,"consistencyWeight":0,"identityDropoutRate":0.8765000000000001}, Scales {"judgeBias":1,"corps":1}, SeqLen 15, ID_Drop 0.875, WFW 1.500 
Epoch 126 memory(start): tensors=219, buffers=219, bytes=14.7MB

History Bucket Diagnostics (Avg Abs Error per sample, normalized units):
Hist | Count | MAE_Pred | MAE_Base | PredDevFromBase
-----|-------|----------|----------|----------------
0    | 8     | 0.6700   | 3.7696   | 3.7916 
1    | 9     | 0.6014   | 0.9160   | 0.7698 
2    | 11    | 0.4961   | 0.5551   | 0.5454 
3-5  | 59    | 0.4501   | 0.3926   | 0.4297 
6+   | 276   | 0.3423   | 0.2990   | 0.3523 

Epoch 126: loss = 0.631929 delta_mae_pts = 0.3782 recap_mae_pts = 0.3782 cat_mae_pts = 0.4590 total_mae_pts = 1.0487 vs_inertia_pts = 0.0356 vs_quad_pts = 0.2680 lr_base = 0.000604 lr_mult = 0.0625 lr_eff = 0.000038 mon_cov = 0.950 mon_score = 3.8337 time = 14943.59 s
Epoch 126 memory(end): tensors=219, buffers=219, bytes=14.7MB

Epoch 127: Weights {"totalWeight":0.1,"recapWeight":0.05,"deltaWeight":9.75,"categoryWeight":0.05,"quantileWeight":0.44120000000000004,"consistencyWeight":0,"identityDropoutRate":0.87175}, Scales {"judgeBias":1,"corps":1}, SeqLen 15, ID_Drop 0.871, WFW 1.500 
Epoch 127 memory(start): tensors=219, buffers=219, bytes=14.7MB

History Bucket Diagnostics (Avg Abs Error per sample, normalized units):
Hist | Count | MAE_Pred | MAE_Base | PredDevFromBase
-----|-------|----------|----------|----------------
0    | 8     | 0.6456   | 3.7696   | 3.7791 
1    | 9     | 0.5853   | 0.9160   | 0.7749 
2    | 11    | 0.4916   | 0.5551   | 0.5484 
3-5  | 59    | 0.4522   | 0.3926   | 0.4282 
6+   | 276   | 0.3443   | 0.2990   | 0.3510 

Epoch 127: loss = 0.628616 delta_mae_pts = 0.3789 recap_mae_pts = 0.3789 cat_mae_pts = 0.4605 total_mae_pts = 1.0495 vs_inertia_pts = 0.0348 vs_quad_pts = 0.2673 lr_base = 0.000602 lr_mult = 0.0625 lr_eff = 0.000038 mon_cov = 0.949 mon_score = 3.8410 time = 15072.70 s
Epoch 127 memory(end): tensors=219, buffers=219, bytes=14.7MB

Epoch 128: Weights {"totalWeight":0.1,"recapWeight":0.05,"deltaWeight":9.75,"categoryWeight":0.05,"quantileWeight":0.44480000000000003,"consistencyWeight":0,"identityDropoutRate":0.867}, Scales {"judgeBias":1,"corps":1}, SeqLen 15, ID_Drop 0.866, WFW 1.500 
Epoch 128 memory(start): tensors=219, buffers=219, bytes=14.7MB

History Bucket Diagnostics (Avg Abs Error per sample, normalized units):
Hist | Count | MAE_Pred | MAE_Base | PredDevFromBase
-----|-------|----------|----------|----------------
0    | 8     | 0.6628   | 3.7696   | 3.7956 
1    | 9     | 0.5936   | 0.9160   | 0.7791 
2    | 11    | 0.4956   | 0.5551   | 0.5461 
3-5  | 59    | 0.4581   | 0.3926   | 0.4321 
6+   | 276   | 0.3459   | 0.2990   | 0.3507 

Epoch 128: loss = 0.630583 delta_mae_pts = 0.3818 recap_mae_pts = 0.3818 cat_mae_pts = 0.4624 total_mae_pts = 1.0541 vs_inertia_pts = 0.0320 vs_quad_pts = 0.2644 lr_base = 0.000599 lr_mult = 0.0625 lr_eff = 0.000037 mon_cov = 0.949 mon_score = 3.8699 time = 15209.03 s
Epoch 128 memory(end): tensors=219, buffers=219, bytes=14.7MB

Epoch 129: Weights {"totalWeight":0.1,"recapWeight":0.05,"deltaWeight":9.75,"categoryWeight":0.05,"quantileWeight":0.4484,"consistencyWeight":0,"identityDropoutRate":0.86225}, Scales {"judgeBias":1,"corps":1}, SeqLen 15, ID_Drop 0.861, WFW 1.500 
Epoch 129 memory(start): tensors=219, buffers=219, bytes=14.7MB

History Bucket Diagnostics (Avg Abs Error per sample, normalized units):
Hist | Count | MAE_Pred | MAE_Base | PredDevFromBase
-----|-------|----------|----------|----------------
0    | 8     | 0.6467   | 3.7696   | 3.7855 
1    | 9     | 0.5909   | 0.9160   | 0.7828 
2    | 11    | 0.4913   | 0.5551   | 0.5463 
3-5  | 59    | 0.4511   | 0.3926   | 0.4252 
6+   | 276   | 0.3442   | 0.2990   | 0.3514 

Epoch 129: loss = 0.631139 delta_mae_pts = 0.3788 recap_mae_pts = 0.3788 cat_mae_pts = 0.4584 total_mae_pts = 1.0381 vs_inertia_pts = 0.0349 vs_quad_pts = 0.2673 lr_base = 0.000597 lr_mult = 0.0625 lr_eff = 0.000037 mon_cov = 0.951 mon_score = 3.8393 time = 15344.07 s
Epoch 129 memory(end): tensors=219, buffers=219, bytes=14.7MB

Epoch 130: Weights {"totalWeight":0.1,"recapWeight":0.05,"deltaWeight":9.75,"categoryWeight":0.05,"quantileWeight":0.45200000000000007,"consistencyWeight":0,"identityDropoutRate":0.8575}, Scales {"judgeBias":1,"corps":1}, SeqLen 15, ID_Drop 0.860, WFW 1.500 
Epoch 130 memory(start): tensors=219, buffers=219, bytes=14.7MB

History Bucket Diagnostics (Avg Abs Error per sample, normalized units):
Hist | Count | MAE_Pred | MAE_Base | PredDevFromBase
-----|-------|----------|----------|----------------
0    | 8     | 0.6662   | 3.7696   | 3.8099 
1    | 9     | 0.5889   | 0.9160   | 0.7744 
2    | 11    | 0.4911   | 0.5551   | 0.5390 
3-5  | 59    | 0.4528   | 0.3926   | 0.4306 
6+   | 276   | 0.3461   | 0.2990   | 0.3533 

Epoch 130: loss = 0.634018 delta_mae_pts = 0.3809 recap_mae_pts = 0.3809 cat_mae_pts = 0.4659 total_mae_pts = 1.0576 vs_inertia_pts = 0.0328 vs_quad_pts = 0.2653 lr_base = 0.000595 lr_mult = 0.0625 lr_eff = 0.000037 mon_cov = 0.950 mon_score = 3.8619 time = 15477.86 s
Epoch 130 memory(end): tensors=219, buffers=219, bytes=14.7MB

Epoch 131: Weights {"totalWeight":0.1,"recapWeight":0.05,"deltaWeight":9.75,"categoryWeight":0.05,"quantileWeight":0.4556,"consistencyWeight":0,"identityDropoutRate":0.85275}, Scales {"judgeBias":1,"corps":1}, SeqLen 15, ID_Drop 0.855, WFW 1.500 
Epoch 131 memory(start): tensors=219, buffers=219, bytes=14.7MB

History Bucket Diagnostics (Avg Abs Error per sample, normalized units):
Hist | Count | MAE_Pred | MAE_Base | PredDevFromBase
-----|-------|----------|----------|----------------
0    | 8     | 0.6456   | 3.7696   | 3.7920 
1    | 9     | 0.5976   | 0.9160   | 0.7765 
2    | 11    | 0.4959   | 0.5551   | 0.5444 
3-5  | 59    | 0.4569   | 0.3926   | 0.4328 
6+   | 276   | 0.3439   | 0.2990   | 0.3517 

Epoch 131: loss = 0.621888 delta_mae_pts = 0.3798 recap_mae_pts = 0.3798 cat_mae_pts = 0.4615 total_mae_pts = 1.0632 vs_inertia_pts = 0.0339 vs_quad_pts = 0.2664 lr_base = 0.000592 lr_mult = 0.0625 lr_eff = 0.000037 mon_cov = 0.949 mon_score = 3.8516 time = 15610.27 s
Epoch 131 memory(end): tensors=219, buffers=219, bytes=14.7MB

Epoch 132: Weights {"totalWeight":0.1,"recapWeight":0.05,"deltaWeight":9.75,"categoryWeight":0.05,"quantileWeight":0.4592,"consistencyWeight":0,"identityDropoutRate":0.848}, Scales {"judgeBias":1,"corps":1}, SeqLen 15, ID_Drop 0.856, WFW 1.500 
Epoch 132 memory(start): tensors=219, buffers=219, bytes=14.7MB

History Bucket Diagnostics (Avg Abs Error per sample, normalized units):
Hist | Count | MAE_Pred | MAE_Base | PredDevFromBase
-----|-------|----------|----------|----------------
0    | 8     | 0.6782   | 3.7696   | 3.8250 
1    | 9     | 0.5984   | 0.9160   | 0.7881 
2    | 11    | 0.4960   | 0.5551   | 0.5543 
3-5  | 59    | 0.4534   | 0.3926   | 0.4321 
6+   | 276   | 0.3475   | 0.2990   | 0.3567 

Epoch 132: loss = 0.624137 delta_mae_pts = 0.3828 recap_mae_pts = 0.3828 cat_mae_pts = 0.4657 total_mae_pts = 1.0544 vs_inertia_pts = 0.0310 vs_quad_pts = 0.2634 lr_base = 0.000590 lr_mult = 0.0625 lr_eff = 0.000037 mon_cov = 0.949 mon_score = 3.8797 time = 15743.13 s
Epoch 132 memory(end): tensors=219, buffers=219, bytes=14.7MB

Epoch 133: Weights {"totalWeight":0.1,"recapWeight":0.05,"deltaWeight":9.75,"categoryWeight":0.05,"quantileWeight":0.4628,"consistencyWeight":0,"identityDropoutRate":0.84325}, Scales {"judgeBias":1,"corps":1}, SeqLen 15, ID_Drop 0.847, WFW 1.500 
Epoch 133 memory(start): tensors=219, buffers=219, bytes=14.7MB

History Bucket Diagnostics (Avg Abs Error per sample, normalized units):
Hist | Count | MAE_Pred | MAE_Base | PredDevFromBase
-----|-------|----------|----------|----------------
0    | 8     | 0.6440   | 3.7696   | 3.7779 
1    | 9     | 0.5955   | 0.9160   | 0.7864 
2    | 11    | 0.4971   | 0.5551   | 0.5549 
3-5  | 59    | 0.4503   | 0.3926   | 0.4297 
6+   | 276   | 0.3476   | 0.2990   | 0.3548 

Epoch 133: loss = 0.618950 delta_mae_pts = 0.3815 recap_mae_pts = 0.3815 cat_mae_pts = 0.4620 total_mae_pts = 1.0483 vs_inertia_pts = 0.0323 vs_quad_pts = 0.2647 lr_base = 0.000587 lr_mult = 0.0625 lr_eff = 0.000037 mon_cov = 0.950 mon_score = 3.8663 time = 15875.28 s
Epoch 133 memory(end): tensors=219, buffers=219, bytes=14.7MB

Epoch 134: Weights {"totalWeight":0.1,"recapWeight":0.05,"deltaWeight":9.75,"categoryWeight":0.05,"quantileWeight":0.4664,"consistencyWeight":0,"identityDropoutRate":0.8385}, Scales {"judgeBias":1,"corps":1}, SeqLen 15, ID_Drop 0.842, WFW 1.500 
Epoch 134 memory(start): tensors=219, buffers=219, bytes=14.7MB

History Bucket Diagnostics (Avg Abs Error per sample, normalized units):
Hist | Count | MAE_Pred | MAE_Base | PredDevFromBase
-----|-------|----------|----------|----------------
0    | 8     | 0.6665   | 3.7696   | 3.7984 
1    | 9     | 0.5988   | 0.9160   | 0.7812 
2    | 11    | 0.4902   | 0.5551   | 0.5414 
3-5  | 59    | 0.4563   | 0.3926   | 0.4297 
6+   | 276   | 0.3473   | 0.2990   | 0.3509 

Epoch 134: loss = 0.619092 delta_mae_pts = 0.3827 recap_mae_pts = 0.3827 cat_mae_pts = 0.4660 total_mae_pts = 1.0686 vs_inertia_pts = 0.0311 vs_quad_pts = 0.2635 lr_base = 0.000585 lr_mult = 0.0625 lr_eff = 0.000037 mon_cov = 0.951 mon_score = 3.8802 time = 16006.92 s
Epoch 134 memory(end): tensors=219, buffers=219, bytes=14.7MB

Epoch 135: Weights {"totalWeight":0.1,"recapWeight":0.05,"deltaWeight":9.75,"categoryWeight":0.05,"quantileWeight":0.47000000000000003,"consistencyWeight":0,"identityDropoutRate":0.83375}, Scales {"judgeBias":1,"corps":1}, SeqLen 15, ID_Drop 0.830, WFW 1.500 
Epoch 135 memory(start): tensors=219, buffers=219, bytes=14.7MB

History Bucket Diagnostics (Avg Abs Error per sample, normalized units):
Hist | Count | MAE_Pred | MAE_Base | PredDevFromBase
-----|-------|----------|----------|----------------
0    | 8     | 0.6681   | 3.7696   | 3.7927 
1    | 9     | 0.5987   | 0.9160   | 0.7787 
2    | 11    | 0.4927   | 0.5551   | 0.5320 
3-5  | 59    | 0.4565   | 0.3926   | 0.4289 
6+   | 276   | 0.3445   | 0.2990   | 0.3484 

Epoch 135: loss = 0.621893 delta_mae_pts = 0.3806 recap_mae_pts = 0.3806 cat_mae_pts = 0.4635 total_mae_pts = 1.0677 vs_inertia_pts = 0.0331 vs_quad_pts = 0.2656 lr_base = 0.000582 lr_mult = 0.0625 lr_eff = 0.000036 mon_cov = 0.952 mon_score = 3.8598 time = 16139.43 s
Epoch 135 memory(end): tensors=219, buffers=219, bytes=14.7MB

Epoch 136: Weights {"totalWeight":0.1,"recapWeight":0.05,"deltaWeight":9.75,"categoryWeight":0.05,"quantileWeight":0.4736,"consistencyWeight":0,"identityDropoutRate":0.829}, Scales {"judgeBias":1,"corps":1}, SeqLen 15, ID_Drop 0.835, WFW 1.500 
Epoch 136 memory(start): tensors=219, buffers=219, bytes=14.7MB

History Bucket Diagnostics (Avg Abs Error per sample, normalized units):
Hist | Count | MAE_Pred | MAE_Base | PredDevFromBase
-----|-------|----------|----------|----------------
0    | 8     | 0.6575   | 3.7696   | 3.7776 
1    | 9     | 0.5934   | 0.9160   | 0.7651 
2    | 11    | 0.4953   | 0.5551   | 0.5245 
3-5  | 59    | 0.4573   | 0.3926   | 0.4246 
6+   | 276   | 0.3468   | 0.2990   | 0.3509 

Epoch 136: loss = 0.618410 delta_mae_pts = 0.3822 recap_mae_pts = 0.3822 cat_mae_pts = 0.4654 total_mae_pts = 1.0692 vs_inertia_pts = 0.0315 vs_quad_pts = 0.2639 lr_base = 0.000580 lr_mult = 0.0625 lr_eff = 0.000036 mon_cov = 0.948 mon_score = 3.8762 time = 16269.73 s
Epoch 136 memory(end): tensors=219, buffers=219, bytes=14.7MB

Epoch 137: Weights {"totalWeight":0.1,"recapWeight":0.05,"deltaWeight":9.75,"categoryWeight":0.05,"quantileWeight":0.4772,"consistencyWeight":0,"identityDropoutRate":0.82425}, Scales {"judgeBias":1,"corps":1}, SeqLen 15, ID_Drop 0.827, WFW 1.500 
Epoch 137 memory(start): tensors=219, buffers=219, bytes=14.7MB

History Bucket Diagnostics (Avg Abs Error per sample, normalized units):
Hist | Count | MAE_Pred | MAE_Base | PredDevFromBase
-----|-------|----------|----------|----------------
0    | 8     | 0.6544   | 3.7696   | 3.7817 
1    | 9     | 0.5987   | 0.9160   | 0.7807 
2    | 11    | 0.4952   | 0.5551   | 0.5335 
3-5  | 59    | 0.4564   | 0.3926   | 0.4299 
6+   | 276   | 0.3456   | 0.2990   | 0.3510 

Epoch 137: loss = 0.619528 delta_mae_pts = 0.3812 recap_mae_pts = 0.3812 cat_mae_pts = 0.4640 total_mae_pts = 1.0624 vs_inertia_pts = 0.0325 vs_quad_pts = 0.2649 lr_base = 0.000577 lr_mult = 0.0625 lr_eff = 0.000036 mon_cov = 0.950 mon_score = 3.8654 time = 16400.28 s
Epoch 137 memory(end): tensors=219, buffers=219, bytes=14.7MB

Epoch 138: Weights {"totalWeight":0.1,"recapWeight":0.05,"deltaWeight":9.75,"categoryWeight":0.05,"quantileWeight":0.4808,"consistencyWeight":0,"identityDropoutRate":0.8195}, Scales {"judgeBias":1,"corps":1}, SeqLen 15, ID_Drop 0.816, WFW 1.500 
Epoch 138 memory(start): tensors=219, buffers=219, bytes=14.7MB

History Bucket Diagnostics (Avg Abs Error per sample, normalized units):
Hist | Count | MAE_Pred | MAE_Base | PredDevFromBase
-----|-------|----------|----------|----------------
0    | 8     | 0.6763   | 3.7696   | 3.7750 
1    | 9     | 0.6030   | 0.9160   | 0.7590 
2    | 11    | 0.4901   | 0.5551   | 0.5328 
3-5  | 59    | 0.4611   | 0.3926   | 0.4357 
6+   | 276   | 0.3475   | 0.2990   | 0.3542 

Epoch 138: loss = 0.617045 delta_mae_pts = 0.3839 recap_mae_pts = 0.3839 cat_mae_pts = 0.4688 total_mae_pts = 1.0707 vs_inertia_pts = 0.0298 vs_quad_pts = 0.2623 lr_base = 0.000575 lr_mult = 0.0625 lr_eff = 0.000036 mon_cov = 0.947 mon_score = 3.8925 time = 16529.85 s
Epoch 138 memory(end): tensors=219, buffers=219, bytes=14.7MB

Epoch 139: Weights {"totalWeight":0.1,"recapWeight":0.05,"deltaWeight":9.75,"categoryWeight":0.05,"quantileWeight":0.4844,"consistencyWeight":0,"identityDropoutRate":0.81475}, Scales {"judgeBias":1,"corps":1}, SeqLen 15, ID_Drop 0.805, WFW 1.500 
Epoch 139 memory(start): tensors=219, buffers=219, bytes=14.7MB

History Bucket Diagnostics (Avg Abs Error per sample, normalized units):
Hist | Count | MAE_Pred | MAE_Base | PredDevFromBase
-----|-------|----------|----------|----------------
0    | 8     | 0.6483   | 3.7696   | 3.7676 
1    | 9     | 0.6037   | 0.9160   | 0.7874 
2    | 11    | 0.4994   | 0.5551   | 0.5455 
3-5  | 59    | 0.4470   | 0.3926   | 0.4310 
6+   | 276   | 0.3434   | 0.2990   | 0.3509 

Epoch 139: loss = 0.613822 delta_mae_pts = 0.3782 recap_mae_pts = 0.3782 cat_mae_pts = 0.4573 total_mae_pts = 1.0467 vs_inertia_pts = 0.0356 vs_quad_pts = 0.2680 lr_base = 0.000573 lr_mult = 0.0625 lr_eff = 0.000036 mon_cov = 0.950 mon_score = 3.8335 time = 16661.55 s
Epoch 139 memory(end): tensors=219, buffers=219, bytes=14.7MB

--- NO IMPROVEMENT FOR 18 EPOCHS: plateau multiplier 0.0625 -> 0.0313, effective LR 0.000030 ---

Epoch 140: Weights {"totalWeight":0.1,"recapWeight":0.05,"deltaWeight":9.75,"categoryWeight":0.05,"quantileWeight":0.48800000000000004,"consistencyWeight":0,"identityDropoutRate":0.81}, Scales {"judgeBias":1,"corps":1}, SeqLen 15, ID_Drop 0.810, WFW 1.500 
Epoch 140 memory(start): tensors=219, buffers=219, bytes=14.7MB

History Bucket Diagnostics (Avg Abs Error per sample, normalized units):
Hist | Count | MAE_Pred | MAE_Base | PredDevFromBase
-----|-------|----------|----------|----------------
0    | 8     | 0.6524   | 3.7696   | 3.7555 
1    | 9     | 0.5984   | 0.9160   | 0.7769 
2    | 11    | 0.4911   | 0.5551   | 0.5375 
3-5  | 59    | 0.4587   | 0.3926   | 0.4328 
6+   | 276   | 0.3472   | 0.2990   | 0.3527 

Epoch 140: loss = 0.616907 delta_mae_pts = 0.3827 recap_mae_pts = 0.3827 cat_mae_pts = 0.4681 total_mae_pts = 1.0671 vs_inertia_pts = 0.0311 vs_quad_pts = 0.2635 lr_base = 0.000570 lr_mult = 0.0313 lr_eff = 0.000030 mon_cov = 0.950 mon_score = 3.8802 time = 16792.25 s
Epoch 140 memory(end): tensors=219, buffers=219, bytes=14.7MB

Epoch 141: Weights {"totalWeight":0.1,"recapWeight":0.05,"deltaWeight":9.75,"categoryWeight":0.05,"quantileWeight":0.49160000000000004,"consistencyWeight":0,"identityDropoutRate":0.80525}, Scales {"judgeBias":1,"corps":1}, SeqLen 15, ID_Drop 0.804, WFW 1.500 
Epoch 141 memory(start): tensors=219, buffers=219, bytes=14.7MB

History Bucket Diagnostics (Avg Abs Error per sample, normalized units):
Hist | Count | MAE_Pred | MAE_Base | PredDevFromBase
-----|-------|----------|----------|----------------
0    | 8     | 0.6629   | 3.7696   | 3.7686 
1    | 9     | 0.6011   | 0.9160   | 0.7828 
2    | 11    | 0.4967   | 0.5551   | 0.5377 
3-5  | 59    | 0.4585   | 0.3926   | 0.4333 
6+   | 276   | 0.3482   | 0.2990   | 0.3529 

Epoch 141: loss = 0.612455 delta_mae_pts = 0.3838 recap_mae_pts = 0.3838 cat_mae_pts = 0.4658 total_mae_pts = 1.0684 vs_inertia_pts = 0.0299 vs_quad_pts = 0.2624 lr_base = 0.000567 lr_mult = 0.0313 lr_eff = 0.000030 mon_cov = 0.948 mon_score = 3.8914 time = 16923.13 s
Epoch 141 memory(end): tensors=219, buffers=219, bytes=14.7MB

Epoch 142: Weights {"totalWeight":0.1,"recapWeight":0.05,"deltaWeight":9.75,"categoryWeight":0.05,"quantileWeight":0.49520000000000003,"consistencyWeight":0,"identityDropoutRate":0.8005}, Scales {"judgeBias":1,"corps":1}, SeqLen 15, ID_Drop 0.791, WFW 1.500 
Epoch 142 memory(start): tensors=219, buffers=219, bytes=14.7MB

History Bucket Diagnostics (Avg Abs Error per sample, normalized units):
Hist | Count | MAE_Pred | MAE_Base | PredDevFromBase
-----|-------|----------|----------|----------------
0    | 8     | 0.6619   | 3.7696   | 3.7711 
1    | 9     | 0.6020   | 0.9160   | 0.7668 
2    | 11    | 0.4957   | 0.5551   | 0.5319 
3-5  | 59    | 0.4537   | 0.3926   | 0.4324 
6+   | 276   | 0.3460   | 0.2990   | 0.3530 

Epoch 142: loss = 0.610328 delta_mae_pts = 0.3813 recap_mae_pts = 0.3813 cat_mae_pts = 0.4637 total_mae_pts = 1.0558 vs_inertia_pts = 0.0324 vs_quad_pts = 0.2648 lr_base = 0.000565 lr_mult = 0.0313 lr_eff = 0.000030 mon_cov = 0.949 mon_score = 3.8658 time = 17055.63 s
Epoch 142 memory(end): tensors=219, buffers=219, bytes=14.7MB

Epoch 143: Weights {"totalWeight":0.1,"recapWeight":0.05,"deltaWeight":9.75,"categoryWeight":0.05,"quantileWeight":0.4988,"consistencyWeight":0,"identityDropoutRate":0.79575}, Scales {"judgeBias":1,"corps":1}, SeqLen 15, ID_Drop 0.798, WFW 1.500 
Epoch 143 memory(start): tensors=219, buffers=219, bytes=14.7MB

History Bucket Diagnostics (Avg Abs Error per sample, normalized units):
Hist | Count | MAE_Pred | MAE_Base | PredDevFromBase
-----|-------|----------|----------|----------------
0    | 8     | 0.6686   | 3.7696   | 3.7711 
1    | 9     | 0.6051   | 0.9160   | 0.7716 
2    | 11    | 0.4990   | 0.5551   | 0.5394 
3-5  | 59    | 0.4607   | 0.3926   | 0.4367 
6+   | 276   | 0.3470   | 0.2990   | 0.3545 

Epoch 143: loss = 0.610109 delta_mae_pts = 0.3836 recap_mae_pts = 0.3836 cat_mae_pts = 0.4664 total_mae_pts = 1.0632 vs_inertia_pts = 0.0301 vs_quad_pts = 0.2626 lr_base = 0.000562 lr_mult = 0.0313 lr_eff = 0.000030 mon_cov = 0.947 mon_score = 3.8888 time = 17185.52 s
Epoch 143 memory(end): tensors=219, buffers=219, bytes=14.7MB

Epoch 144: Weights {"totalWeight":0.1,"recapWeight":0.05,"deltaWeight":9.75,"categoryWeight":0.05,"quantileWeight":0.5024,"consistencyWeight":0,"identityDropoutRate":0.791}, Scales {"judgeBias":1,"corps":1}, SeqLen 15, ID_Drop 0.786, WFW 1.500 
Epoch 144 memory(start): tensors=219, buffers=219, bytes=14.7MB

History Bucket Diagnostics (Avg Abs Error per sample, normalized units):
Hist | Count | MAE_Pred | MAE_Base | PredDevFromBase
-----|-------|----------|----------|----------------
0    | 8     | 0.6826   | 3.7696   | 3.7918 
1    | 9     | 0.6028   | 0.9160   | 0.7722 
2    | 11    | 0.4964   | 0.5551   | 0.5408 
3-5  | 59    | 0.4586   | 0.3926   | 0.4349 
6+   | 276   | 0.3466   | 0.2990   | 0.3523 

Epoch 144: loss = 0.601149 delta_mae_pts = 0.3831 recap_mae_pts = 0.3831 cat_mae_pts = 0.4663 total_mae_pts = 1.0690 vs_inertia_pts = 0.0307 vs_quad_pts = 0.2631 lr_base = 0.000560 lr_mult = 0.0313 lr_eff = 0.000030 mon_cov = 0.950 mon_score = 3.8843 time = 17315.04 s
Epoch 144 memory(end): tensors=219, buffers=219, bytes=14.7MB

Epoch 145: Weights {"totalWeight":0.1,"recapWeight":0.05,"deltaWeight":9.75,"categoryWeight":0.05,"quantileWeight":0.506,"consistencyWeight":0,"identityDropoutRate":0.78625}, Scales {"judgeBias":1,"corps":1}, SeqLen 15, ID_Drop 0.791, WFW 1.500 
Epoch 145 memory(start): tensors=219, buffers=219, bytes=14.7MB

History Bucket Diagnostics (Avg Abs Error per sample, normalized units):
Hist | Count | MAE_Pred | MAE_Base | PredDevFromBase
-----|-------|----------|----------|----------------
0    | 8     | 0.6593   | 3.7696   | 3.7695 
1    | 9     | 0.5950   | 0.9160   | 0.7622 
2    | 11    | 0.4982   | 0.5551   | 0.5363 
3-5  | 59    | 0.4550   | 0.3926   | 0.4321 
6+   | 276   | 0.3447   | 0.2990   | 0.3521 

Epoch 145: loss = 0.603009 delta_mae_pts = 0.3804 recap_mae_pts = 0.3804 cat_mae_pts = 0.4618 total_mae_pts = 1.0611 vs_inertia_pts = 0.0333 vs_quad_pts = 0.2657 lr_base = 0.000557 lr_mult = 0.0313 lr_eff = 0.000030 mon_cov = 0.950 mon_score = 3.8575 time = 17443.60 s
Epoch 145 memory(end): tensors=219, buffers=219, bytes=14.7MB

Epoch 146: Weights {"totalWeight":0.1,"recapWeight":0.05,"deltaWeight":9.75,"categoryWeight":0.05,"quantileWeight":0.5096,"consistencyWeight":0,"identityDropoutRate":0.7815}, Scales {"judgeBias":1,"corps":1}, SeqLen 15, ID_Drop 0.781, WFW 1.500 
Epoch 146 memory(start): tensors=219, buffers=219, bytes=14.7MB

History Bucket Diagnostics (Avg Abs Error per sample, normalized units):
Hist | Count | MAE_Pred | MAE_Base | PredDevFromBase
-----|-------|----------|----------|----------------
0    | 8     | 0.6745   | 3.7696   | 3.7737 
1    | 9     | 0.5929   | 0.9160   | 0.7788 
2    | 11    | 0.4996   | 0.5551   | 0.5453 
3-5  | 59    | 0.4534   | 0.3926   | 0.4348 
6+   | 276   | 0.3463   | 0.2990   | 0.3541 

Epoch 146: loss = 0.606061 delta_mae_pts = 0.3817 recap_mae_pts = 0.3817 cat_mae_pts = 0.4629 total_mae_pts = 1.0550 vs_inertia_pts = 0.0320 vs_quad_pts = 0.2645 lr_base = 0.000555 lr_mult = 0.0313 lr_eff = 0.000030 mon_cov = 0.946 mon_score = 3.8694 time = 17574.27 s
Epoch 146 memory(end): tensors=219, buffers=219, bytes=14.7MB

Epoch 147: Weights {"totalWeight":0.1,"recapWeight":0.05,"deltaWeight":9.75,"categoryWeight":0.05,"quantileWeight":0.5132,"consistencyWeight":0,"identityDropoutRate":0.77675}, Scales {"judgeBias":1,"corps":1}, SeqLen 15, ID_Drop 0.779, WFW 1.500 
Epoch 147 memory(start): tensors=219, buffers=219, bytes=14.7MB

History Bucket Diagnostics (Avg Abs Error per sample, normalized units):
Hist | Count | MAE_Pred | MAE_Base | PredDevFromBase
-----|-------|----------|----------|----------------
0    | 8     | 0.6682   | 3.7696   | 3.7564 
1    | 9     | 0.5918   | 0.9160   | 0.7717 
2    | 11    | 0.4985   | 0.5551   | 0.5410 
3-5  | 59    | 0.4577   | 0.3926   | 0.4324 
6+   | 276   | 0.3467   | 0.2990   | 0.3531 

Epoch 147: loss = 0.607994 delta_mae_pts = 0.3825 recap_mae_pts = 0.3825 cat_mae_pts = 0.4659 total_mae_pts = 1.0650 vs_inertia_pts = 0.0312 vs_quad_pts = 0.2636 lr_base = 0.000552 lr_mult = 0.0313 lr_eff = 0.000030 mon_cov = 0.949 mon_score = 3.8785 time = 17706.27 s
Epoch 147 memory(end): tensors=219, buffers=219, bytes=14.7MB

Epoch 148: Weights {"totalWeight":0.1,"recapWeight":0.05,"deltaWeight":9.75,"categoryWeight":0.05,"quantileWeight":0.5167999999999999,"consistencyWeight":0,"identityDropoutRate":0.772}, Scales {"judgeBias":1,"corps":1}, SeqLen 15, ID_Drop 0.779, WFW 1.500 
Epoch 148 memory(start): tensors=219, buffers=219, bytes=14.7MB

History Bucket Diagnostics (Avg Abs Error per sample, normalized units):
Hist | Count | MAE_Pred | MAE_Base | PredDevFromBase
-----|-------|----------|----------|----------------
0    | 8     | 0.6702   | 3.7696   | 3.7691 
1    | 9     | 0.5958   | 0.9160   | 0.7712 
2    | 11    | 0.5013   | 0.5551   | 0.5440 
3-5  | 59    | 0.4574   | 0.3926   | 0.4372 
6+   | 276   | 0.3483   | 0.2990   | 0.3557 

Epoch 148: loss = 0.604802 delta_mae_pts = 0.3839 recap_mae_pts = 0.3839 cat_mae_pts = 0.4656 total_mae_pts = 1.0526 vs_inertia_pts = 0.0298 vs_quad_pts = 0.2622 lr_base = 0.000550 lr_mult = 0.0313 lr_eff = 0.000030 mon_cov = 0.947 mon_score = 3.8910 time = 17836.94 s
Epoch 148 memory(end): tensors=219, buffers=219, bytes=14.7MB

Epoch 149: Weights {"totalWeight":0.1,"recapWeight":0.05,"deltaWeight":9.75,"categoryWeight":0.05,"quantileWeight":0.5204,"consistencyWeight":0,"identityDropoutRate":0.76725}, Scales {"judgeBias":1,"corps":1}, SeqLen 15, ID_Drop 0.766, WFW 1.500 
Epoch 149 memory(start): tensors=219, buffers=219, bytes=14.7MB

History Bucket Diagnostics (Avg Abs Error per sample, normalized units):
Hist | Count | MAE_Pred | MAE_Base | PredDevFromBase
-----|-------|----------|----------|----------------
0    | 8     | 0.6748   | 3.7696   | 3.7732 
1    | 9     | 0.5991   | 0.9160   | 0.7760 
2    | 11    | 0.5014   | 0.5551   | 0.5472 
3-5  | 59    | 0.4566   | 0.3926   | 0.4384 
6+   | 276   | 0.3471   | 0.2990   | 0.3563 

Epoch 149: loss = 0.611467 delta_mae_pts = 0.3830 recap_mae_pts = 0.3830 cat_mae_pts = 0.4666 total_mae_pts = 1.0647 vs_inertia_pts = 0.0307 vs_quad_pts = 0.2631 lr_base = 0.000547 lr_mult = 0.0313 lr_eff = 0.000030 mon_cov = 0.947 mon_score = 3.8837 time = 17967.18 s
Epoch 149 memory(end): tensors=219, buffers=219, bytes=14.7MB

Epoch 150: Weights {"totalWeight":0.1,"recapWeight":0.05,"deltaWeight":9.75,"categoryWeight":0.05,"quantileWeight":0.524,"consistencyWeight":0,"identityDropoutRate":0.7625}, Scales {"judgeBias":1,"corps":1}, SeqLen 15, ID_Drop 0.767, WFW 1.500 
Epoch 150 memory(start): tensors=219, buffers=219, bytes=14.7MB

History Bucket Diagnostics (Avg Abs Error per sample, normalized units):
Hist | Count | MAE_Pred | MAE_Base | PredDevFromBase
-----|-------|----------|----------|----------------
0    | 8     | 0.6708   | 3.7696   | 3.7894 
1    | 9     | 0.5912   | 0.9160   | 0.7863 
2    | 11    | 0.5012   | 0.5551   | 0.5411 
3-5  | 59    | 0.4584   | 0.3926   | 0.4366 
6+   | 276   | 0.3460   | 0.2990   | 0.3528 

Epoch 150: loss = 0.610666 delta_mae_pts = 0.3822 recap_mae_pts = 0.3822 cat_mae_pts = 0.4665 total_mae_pts = 1.0662 vs_inertia_pts = 0.0315 vs_quad_pts = 0.2640 lr_base = 0.000544 lr_mult = 0.0313 lr_eff = 0.000030 mon_cov = 0.949 mon_score = 3.8755 time = 18097.45 s
Epoch 150 memory(end): tensors=219, buffers=219, bytes=14.7MB

-- - CAPTION STATS(Epoch 150)-- - 
GE1: delta_pts = 0.3503, recap_pts = 0.3503, cov = 0.961, width = 1.9679 
GE2: delta_pts = 0.3097, recap_pts = 0.3097, cov = 0.986, width = 1.9872 
VP: delta_pts = 0.3820, recap_pts = 0.3820, cov = 0.964, width = 1.9941 
VA: delta_pts = 0.3348, recap_pts = 0.3348, cov = 0.961, width = 2.0159 
CG: delta_pts = 0.3815, recap_pts = 0.3815, cov = 0.956, width = 2.0364 
MB: delta_pts = 0.4081, recap_pts = 0.4081, cov = 0.939, width = 2.0029 
MA: delta_pts = 0.4269, recap_pts = 0.4269, cov = 0.934, width = 1.9775 
MP: delta_pts = 0.4642, recap_pts = 0.4642, cov = 0.890, width = 2.0272 
----------------------------------


Epoch 151: Weights {"totalWeight":0.1,"recapWeight":0.05,"deltaWeight":9.75,"categoryWeight":0.05,"quantileWeight":0.5276000000000001,"consistencyWeight":0,"identityDropoutRate":0.75775}, Scales {"judgeBias":1,"corps":1}, SeqLen 15, ID_Drop 0.765, WFW 1.500 
Epoch 151 memory(start): tensors=219, buffers=219, bytes=14.7MB

History Bucket Diagnostics (Avg Abs Error per sample, normalized units):
Hist | Count | MAE_Pred | MAE_Base | PredDevFromBase
-----|-------|----------|----------|----------------
0    | 8     | 0.6714   | 3.7696   | 3.7676 
1    | 9     | 0.6026   | 0.9160   | 0.7709 
2    | 11    | 0.5012   | 0.5551   | 0.5435 
3-5  | 59    | 0.4601   | 0.3926   | 0.4419 
6+   | 276   | 0.3487   | 0.2990   | 0.3574 

Epoch 151: loss = 0.606264 delta_mae_pts = 0.3848 recap_mae_pts = 0.3848 cat_mae_pts = 0.4685 total_mae_pts = 1.0645 vs_inertia_pts = 0.0289 vs_quad_pts = 0.2613 lr_base = 0.000542 lr_mult = 0.0313 lr_eff = 0.000030 mon_cov = 0.945 mon_score = 3.9012 time = 18226.21 s
Epoch 151 memory(end): tensors=219, buffers=219, bytes=14.7MB

Epoch 152: Weights {"totalWeight":0.1,"recapWeight":0.05,"deltaWeight":9.75,"categoryWeight":0.05,"quantileWeight":0.5312,"consistencyWeight":0,"identityDropoutRate":0.753}, Scales {"judgeBias":1,"corps":1}, SeqLen 15, ID_Drop 0.760, WFW 1.500 
Epoch 152 memory(start): tensors=219, buffers=219, bytes=14.7MB

History Bucket Diagnostics (Avg Abs Error per sample, normalized units):
Hist | Count | MAE_Pred | MAE_Base | PredDevFromBase
-----|-------|----------|----------|----------------
0    | 8     | 0.6822   | 3.7696   | 3.7827 
1    | 9     | 0.6032   | 0.9160   | 0.7638 
2    | 11    | 0.4968   | 0.5551   | 0.5370 
3-5  | 59    | 0.4629   | 0.3926   | 0.4379 
6+   | 276   | 0.3493   | 0.2990   | 0.3564 

Epoch 152: loss = 0.610891 delta_mae_pts = 0.3859 recap_mae_pts = 0.3859 cat_mae_pts = 0.4712 total_mae_pts = 1.0666 vs_inertia_pts = 0.0279 vs_quad_pts = 0.2603 lr_base = 0.000539 lr_mult = 0.0313 lr_eff = 0.000030 mon_cov = 0.946 mon_score = 3.9117 time = 18356.47 s
Epoch 152 memory(end): tensors=219, buffers=219, bytes=14.7MB

Epoch 153: Weights {"totalWeight":0.1,"recapWeight":0.05,"deltaWeight":9.75,"categoryWeight":0.05,"quantileWeight":0.5347999999999999,"consistencyWeight":0,"identityDropoutRate":0.7482500000000001}, Scales {"judgeBias":1,"corps":1}, SeqLen 15, ID_Drop 0.751, WFW 1.500 
Epoch 153 memory(start): tensors=219, buffers=219, bytes=14.7MB

History Bucket Diagnostics (Avg Abs Error per sample, normalized units):
Hist | Count | MAE_Pred | MAE_Base | PredDevFromBase
-----|-------|----------|----------|----------------
0    | 8     | 0.6685   | 3.7696   | 3.7646 
1    | 9     | 0.6004   | 0.9160   | 0.7770 
2    | 11    | 0.5041   | 0.5551   | 0.5475 
3-5  | 59    | 0.4563   | 0.3926   | 0.4332 
6+   | 276   | 0.3466   | 0.2990   | 0.3510 

Epoch 153: loss = 0.608723 delta_mae_pts = 0.3826 recap_mae_pts = 0.3826 cat_mae_pts = 0.4633 total_mae_pts = 1.0613 vs_inertia_pts = 0.0312 vs_quad_pts = 0.2636 lr_base = 0.000536 lr_mult = 0.0313 lr_eff = 0.000030 mon_cov = 0.949 mon_score = 3.8784 time = 18486.33 s
Epoch 153 memory(end): tensors=219, buffers=219, bytes=14.7MB

Epoch 154: Weights {"totalWeight":0.1,"recapWeight":0.05,"deltaWeight":9.75,"categoryWeight":0.05,"quantileWeight":0.5384,"consistencyWeight":0,"identityDropoutRate":0.7435}, Scales {"judgeBias":1,"corps":1}, SeqLen 15, ID_Drop 0.749, WFW 1.500 
Epoch 154 memory(start): tensors=219, buffers=219, bytes=14.7MB

History Bucket Diagnostics (Avg Abs Error per sample, normalized units):
Hist | Count | MAE_Pred | MAE_Base | PredDevFromBase
-----|-------|----------|----------|----------------
0    | 8     | 0.6826   | 3.7696   | 3.7820 
1    | 9     | 0.5978   | 0.9160   | 0.7629 
2    | 11    | 0.4987   | 0.5551   | 0.5408 
3-5  | 59    | 0.4543   | 0.3926   | 0.4312 
6+   | 276   | 0.3462   | 0.2990   | 0.3513 

Epoch 154: loss = 0.614398 delta_mae_pts = 0.3821 recap_mae_pts = 0.3821 cat_mae_pts = 0.4626 total_mae_pts = 1.0591 vs_inertia_pts = 0.0317 vs_quad_pts = 0.2641 lr_base = 0.000534 lr_mult = 0.0313 lr_eff = 0.000030 mon_cov = 0.947 mon_score = 3.8733 time = 18616.26 s
Epoch 154 memory(end): tensors=219, buffers=219, bytes=14.7MB

Epoch 155: Weights {"totalWeight":0.1,"recapWeight":0.05,"deltaWeight":9.75,"categoryWeight":0.05,"quantileWeight":0.542,"consistencyWeight":0,"identityDropoutRate":0.73875}, Scales {"judgeBias":1,"corps":1}, SeqLen 15, ID_Drop 0.730, WFW 1.500 
Epoch 155 memory(start): tensors=219, buffers=219, bytes=14.7MB

History Bucket Diagnostics (Avg Abs Error per sample, normalized units):
Hist | Count | MAE_Pred | MAE_Base | PredDevFromBase
-----|-------|----------|----------|----------------
0    | 8     | 0.6649   | 3.7696   | 3.7768 
1    | 9     | 0.6030   | 0.9160   | 0.7846 
2    | 11    | 0.5057   | 0.5551   | 0.5558 
3-5  | 59    | 0.4528   | 0.3926   | 0.4359 
6+   | 276   | 0.3462   | 0.2990   | 0.3516 

Epoch 155: loss = 0.607866 delta_mae_pts = 0.3818 recap_mae_pts = 0.3818 cat_mae_pts = 0.4606 total_mae_pts = 1.0538 vs_inertia_pts = 0.0320 vs_quad_pts = 0.2644 lr_base = 0.000531 lr_mult = 0.0313 lr_eff = 0.000030 mon_cov = 0.950 mon_score = 3.8696 time = 18745.63 s
Epoch 155 memory(end): tensors=219, buffers=219, bytes=14.7MB

Epoch 156: Weights {"totalWeight":0.1,"recapWeight":0.05,"deltaWeight":9.75,"categoryWeight":0.05,"quantileWeight":0.5456000000000001,"consistencyWeight":0,"identityDropoutRate":0.734}, Scales {"judgeBias":1,"corps":1}, SeqLen 15, ID_Drop 0.735, WFW 1.500 
Epoch 156 memory(start): tensors=219, buffers=219, bytes=14.7MB

History Bucket Diagnostics (Avg Abs Error per sample, normalized units):
Hist | Count | MAE_Pred | MAE_Base | PredDevFromBase
-----|-------|----------|----------|----------------
0    | 8     | 0.6822   | 3.7696   | 3.7789 
1    | 9     | 0.5968   | 0.9160   | 0.7663 
2    | 11    | 0.5000   | 0.5551   | 0.5301 
3-5  | 59    | 0.4632   | 0.3926   | 0.4300 
6+   | 276   | 0.3488   | 0.2990   | 0.3487 

Epoch 156: loss = 0.603966 delta_mae_pts = 0.3855 recap_mae_pts = 0.3855 cat_mae_pts = 0.4721 total_mae_pts = 1.0946 vs_inertia_pts = 0.0283 vs_quad_pts = 0.2607 lr_base = 0.000528 lr_mult = 0.0313 lr_eff = 0.000030 mon_cov = 0.948 mon_score = 3.9105 time = 18875.88 s
Epoch 156 memory(end): tensors=219, buffers=219, bytes=14.7MB

Epoch 157: Weights {"totalWeight":0.1,"recapWeight":0.05,"deltaWeight":9.75,"categoryWeight":0.05,"quantileWeight":0.5492,"consistencyWeight":0,"identityDropoutRate":0.72925}, Scales {"judgeBias":1,"corps":1}, SeqLen 15, ID_Drop 0.734, WFW 1.500 
Epoch 157 memory(start): tensors=219, buffers=219, bytes=14.7MB

History Bucket Diagnostics (Avg Abs Error per sample, normalized units):
Hist | Count | MAE_Pred | MAE_Base | PredDevFromBase
-----|-------|----------|----------|----------------
0    | 8     | 0.6656   | 3.7696   | 3.7448 
1    | 9     | 0.6020   | 0.9160   | 0.7702 
2    | 11    | 0.5023   | 0.5551   | 0.5330 
3-5  | 59    | 0.4556   | 0.3926   | 0.4316 
6+   | 276   | 0.3478   | 0.2990   | 0.3496 

Epoch 157: loss = 0.605987 delta_mae_pts = 0.3833 recap_mae_pts = 0.3833 cat_mae_pts = 0.4658 total_mae_pts = 1.0748 vs_inertia_pts = 0.0304 vs_quad_pts = 0.2629 lr_base = 0.000526 lr_mult = 0.0313 lr_eff = 0.000030 mon_cov = 0.947 mon_score = 3.8870 time = 19005.35 s
Epoch 157 memory(end): tensors=219, buffers=219, bytes=14.7MB

Epoch 158: Weights {"totalWeight":0.1,"recapWeight":0.05,"deltaWeight":9.75,"categoryWeight":0.05,"quantileWeight":0.5528,"consistencyWeight":0,"identityDropoutRate":0.7245}, Scales {"judgeBias":1,"corps":1}, SeqLen 15, ID_Drop 0.726, WFW 1.500 
Epoch 158 memory(start): tensors=219, buffers=219, bytes=14.7MB

History Bucket Diagnostics (Avg Abs Error per sample, normalized units):
Hist | Count | MAE_Pred | MAE_Base | PredDevFromBase
-----|-------|----------|----------|----------------
0    | 8     | 0.6973   | 3.7696   | 3.8183 
1    | 9     | 0.5927   | 0.9160   | 0.7955 
2    | 11    | 0.4979   | 0.5551   | 0.5491 
3-5  | 59    | 0.4489   | 0.3926   | 0.4379 
6+   | 276   | 0.3468   | 0.2990   | 0.3545 

Epoch 158: loss = 0.604905 delta_mae_pts = 0.3818 recap_mae_pts = 0.3818 cat_mae_pts = 0.4638 total_mae_pts = 1.0648 vs_inertia_pts = 0.0320 vs_quad_pts = 0.2644 lr_base = 0.000523 lr_mult = 0.0313 lr_eff = 0.000030 mon_cov = 0.949 mon_score = 3.8709 time = 19135.78 s
Epoch 158 memory(end): tensors=219, buffers=219, bytes=14.7MB

Epoch 159: Weights {"totalWeight":0.1,"recapWeight":0.05,"deltaWeight":9.75,"categoryWeight":0.05,"quantileWeight":0.5564,"consistencyWeight":0,"identityDropoutRate":0.71975}, Scales {"judgeBias":1,"corps":1}, SeqLen 15, ID_Drop 0.728, WFW 1.500 
Epoch 159 memory(start): tensors=219, buffers=219, bytes=14.7MB

History Bucket Diagnostics (Avg Abs Error per sample, normalized units):
Hist | Count | MAE_Pred | MAE_Base | PredDevFromBase
-----|-------|----------|----------|----------------
0    | 8     | 0.6772   | 3.7696   | 3.7642 
1    | 9     | 0.6007   | 0.9160   | 0.7617 
2    | 11    | 0.5023   | 0.5551   | 0.5314 
3-5  | 59    | 0.4639   | 0.3926   | 0.4359 
6+   | 276   | 0.3473   | 0.2990   | 0.3503 

Epoch 159: loss = 0.601692 delta_mae_pts = 0.3845 recap_mae_pts = 0.3845 cat_mae_pts = 0.4705 total_mae_pts = 1.0881 vs_inertia_pts = 0.0292 vs_quad_pts = 0.2617 lr_base = 0.000520 lr_mult = 0.0313 lr_eff = 0.000030 mon_cov = 0.948 mon_score = 3.9004 time = 19265.97 s
Epoch 159 memory(end): tensors=219, buffers=219, bytes=14.7MB

Epoch 160: Weights {"totalWeight":0.1,"recapWeight":0.05,"deltaWeight":9.75,"categoryWeight":0.05,"quantileWeight":0.56,"consistencyWeight":0,"identityDropoutRate":0.7150000000000001}, Scales {"judgeBias":1,"corps":1}, SeqLen 15, ID_Drop 0.716, WFW 1.500 
Epoch 160 memory(start): tensors=219, buffers=219, bytes=14.7MB

History Bucket Diagnostics (Avg Abs Error per sample, normalized units):
Hist | Count | MAE_Pred | MAE_Base | PredDevFromBase
-----|-------|----------|----------|----------------
0    | 8     | 0.6785   | 3.7696   | 3.7889 
1    | 9     | 0.5942   | 0.9160   | 0.7678 
2    | 11    | 0.4990   | 0.5551   | 0.5372 
3-5  | 59    | 0.4634   | 0.3926   | 0.4378 
6+   | 276   | 0.3489   | 0.2990   | 0.3534 

Epoch 160: loss = 0.607532 delta_mae_pts = 0.3854 recap_mae_pts = 0.3854 cat_mae_pts = 0.4703 total_mae_pts = 1.0822 vs_inertia_pts = 0.0283 vs_quad_pts = 0.2608 lr_base = 0.000518 lr_mult = 0.0313 lr_eff = 0.000030 mon_cov = 0.948 mon_score = 3.9085 time = 19395.41 s
Epoch 160 memory(end): tensors=219, buffers=219, bytes=14.7MB

Epoch 161: Weights {"totalWeight":0.1,"recapWeight":0.05,"deltaWeight":9.75,"categoryWeight":0.05,"quantileWeight":0.5636000000000001,"consistencyWeight":0,"identityDropoutRate":0.71025}, Scales {"judgeBias":1,"corps":1}, SeqLen 15, ID_Drop 0.713, WFW 1.500 
Epoch 161 memory(start): tensors=219, buffers=219, bytes=14.7MB

History Bucket Diagnostics (Avg Abs Error per sample, normalized units):
Hist | Count | MAE_Pred | MAE_Base | PredDevFromBase
-----|-------|----------|----------|----------------
0    | 8     | 0.6987   | 3.7696   | 3.8219 
1    | 9     | 0.5990   | 0.9160   | 0.7841 
2    | 11    | 0.5041   | 0.5551   | 0.5502 
3-5  | 59    | 0.4586   | 0.3926   | 0.4378 
6+   | 276   | 0.3478   | 0.2990   | 0.3547 

Epoch 161: loss = 0.610393 delta_mae_pts = 0.3845 recap_mae_pts = 0.3845 cat_mae_pts = 0.4683 total_mae_pts = 1.0686 vs_inertia_pts = 0.0292 vs_quad_pts = 0.2616 lr_base = 0.000515 lr_mult = 0.0313 lr_eff = 0.000030 mon_cov = 0.947 mon_score = 3.8986 time = 19524.92 s
Epoch 161 memory(end): tensors=219, buffers=219, bytes=14.7MB

Epoch 162: Weights {"totalWeight":0.1,"recapWeight":0.05,"deltaWeight":9.75,"categoryWeight":0.05,"quantileWeight":0.5671999999999999,"consistencyWeight":0,"identityDropoutRate":0.7055}, Scales {"judgeBias":1,"corps":1}, SeqLen 15, ID_Drop 0.696, WFW 1.500 
Epoch 162 memory(start): tensors=219, buffers=219, bytes=14.7MB

History Bucket Diagnostics (Avg Abs Error per sample, normalized units):
Hist | Count | MAE_Pred | MAE_Base | PredDevFromBase
-----|-------|----------|----------|----------------
0    | 8     | 0.6720   | 3.7696   | 3.7819 
1    | 9     | 0.6023   | 0.9160   | 0.7657 
2    | 11    | 0.4973   | 0.5551   | 0.5337 
3-5  | 59    | 0.4665   | 0.3926   | 0.4327 
6+   | 276   | 0.3469   | 0.2990   | 0.3479 

Epoch 162: loss = 0.603202 delta_mae_pts = 0.3844 recap_mae_pts = 0.3844 cat_mae_pts = 0.4674 total_mae_pts = 1.0884 vs_inertia_pts = 0.0293 vs_quad_pts = 0.2618 lr_base = 0.000512 lr_mult = 0.0313 lr_eff = 0.000030 mon_cov = 0.950 mon_score = 3.8994 time = 19653.74 s
Epoch 162 memory(end): tensors=219, buffers=219, bytes=14.7MB

Epoch 163: Weights {"totalWeight":0.1,"recapWeight":0.05,"deltaWeight":9.75,"categoryWeight":0.05,"quantileWeight":0.5708,"consistencyWeight":0,"identityDropoutRate":0.70075}, Scales {"judgeBias":1,"corps":1}, SeqLen 15, ID_Drop 0.708, WFW 1.500 
Epoch 163 memory(start): tensors=219, buffers=219, bytes=14.7MB

History Bucket Diagnostics (Avg Abs Error per sample, normalized units):
Hist | Count | MAE_Pred | MAE_Base | PredDevFromBase
-----|-------|----------|----------|----------------
0    | 8     | 0.6838   | 3.7696   | 3.7952 
1    | 9     | 0.6011   | 0.9160   | 0.7669 
2    | 11    | 0.5009   | 0.5551   | 0.5430 
3-5  | 59    | 0.4597   | 0.3926   | 0.4378 
6+   | 276   | 0.3481   | 0.2990   | 0.3555 

Epoch 163: loss = 0.607359 delta_mae_pts = 0.3845 recap_mae_pts = 0.3845 cat_mae_pts = 0.4687 total_mae_pts = 1.0773 vs_inertia_pts = 0.0292 vs_quad_pts = 0.2616 lr_base = 0.000509 lr_mult = 0.0313 lr_eff = 0.000030 mon_cov = 0.948 mon_score = 3.8996 time = 19783.57 s
Epoch 163 memory(end): tensors=219, buffers=219, bytes=14.7MB

Epoch 164: Weights {"totalWeight":0.1,"recapWeight":0.05,"deltaWeight":9.75,"categoryWeight":0.05,"quantileWeight":0.5744,"consistencyWeight":0,"identityDropoutRate":0.696}, Scales {"judgeBias":1,"corps":1}, SeqLen 15, ID_Drop 0.683, WFW 1.500 
Epoch 164 memory(start): tensors=219, buffers=219, bytes=14.7MB

History Bucket Diagnostics (Avg Abs Error per sample, normalized units):
Hist | Count | MAE_Pred | MAE_Base | PredDevFromBase
-----|-------|----------|----------|----------------
0    | 8     | 0.6744   | 3.7696   | 3.7798 
1    | 9     | 0.6065   | 0.9160   | 0.7651 
2    | 11    | 0.5038   | 0.5551   | 0.5386 
3-5  | 59    | 0.4607   | 0.3926   | 0.4379 
6+   | 276   | 0.3477   | 0.2990   | 0.3546 

Epoch 164: loss = 0.602545 delta_mae_pts = 0.3844 recap_mae_pts = 0.3844 cat_mae_pts = 0.4693 total_mae_pts = 1.0726 vs_inertia_pts = 0.0293 vs_quad_pts = 0.2618 lr_base = 0.000507 lr_mult = 0.0313 lr_eff = 0.000030 mon_cov = 0.948 mon_score = 3.8978 time = 19912.89 s
Epoch 164 memory(end): tensors=219, buffers=219, bytes=14.7MB

Epoch 165: Weights {"totalWeight":0.1,"recapWeight":0.05,"deltaWeight":9.75,"categoryWeight":0.05,"quantileWeight":0.5780000000000001,"consistencyWeight":0,"identityDropoutRate":0.69125}, Scales {"judgeBias":1,"corps":1}, SeqLen 15, ID_Drop 0.688, WFW 1.500 
Epoch 165 memory(start): tensors=219, buffers=219, bytes=14.7MB

History Bucket Diagnostics (Avg Abs Error per sample, normalized units):
Hist | Count | MAE_Pred | MAE_Base | PredDevFromBase
-----|-------|----------|----------|----------------
0    | 8     | 0.6966   | 3.7696   | 3.8150 
1    | 9     | 0.6021   | 0.9160   | 0.7713 
2    | 11    | 0.5016   | 0.5551   | 0.5455 
3-5  | 59    | 0.4592   | 0.3926   | 0.4338 
6+   | 276   | 0.3489   | 0.2990   | 0.3547 

Epoch 165: loss = 0.605295 delta_mae_pts = 0.3854 recap_mae_pts = 0.3854 cat_mae_pts = 0.4679 total_mae_pts = 1.0751 vs_inertia_pts = 0.0283 vs_quad_pts = 0.2607 lr_base = 0.000504 lr_mult = 0.0313 lr_eff = 0.000030 mon_cov = 0.948 mon_score = 3.9080 time = 20043.48 s
Epoch 165 memory(end): tensors=219, buffers=219, bytes=14.7MB

Epoch 166: Weights {"totalWeight":0.1,"recapWeight":0.05,"deltaWeight":9.75,"categoryWeight":0.05,"quantileWeight":0.5816,"consistencyWeight":0,"identityDropoutRate":0.6865}, Scales {"judgeBias":1,"corps":1}, SeqLen 15, ID_Drop 0.674, WFW 1.500 
Epoch 166 memory(start): tensors=219, buffers=219, bytes=14.7MB

History Bucket Diagnostics (Avg Abs Error per sample, normalized units):
Hist | Count | MAE_Pred | MAE_Base | PredDevFromBase
-----|-------|----------|----------|----------------
0    | 8     | 0.6864   | 3.7696   | 3.8033 
1    | 9     | 0.5983   | 0.9160   | 0.7715 
2    | 11    | 0.5015   | 0.5551   | 0.5503 
3-5  | 59    | 0.4589   | 0.3926   | 0.4380 
6+   | 276   | 0.3478   | 0.2990   | 0.3543 

Epoch 166: loss = 0.605228 delta_mae_pts = 0.3842 recap_mae_pts = 0.3842 cat_mae_pts = 0.4673 total_mae_pts = 1.0744 vs_inertia_pts = 0.0296 vs_quad_pts = 0.2620 lr_base = 0.000501 lr_mult = 0.0313 lr_eff = 0.000030 mon_cov = 0.947 mon_score = 3.8957 time = 20173.56 s
Epoch 166 memory(end): tensors=219, buffers=219, bytes=14.7MB

Epoch 167: Weights {"totalWeight":0.1,"recapWeight":0.05,"deltaWeight":9.75,"categoryWeight":0.05,"quantileWeight":0.5851999999999999,"consistencyWeight":0,"identityDropoutRate":0.6817500000000001}, Scales {"judgeBias":1,"corps":1}, SeqLen 15, ID_Drop 0.686, WFW 1.500 
Epoch 167 memory(start): tensors=219, buffers=219, bytes=14.7MB

History Bucket Diagnostics (Avg Abs Error per sample, normalized units):
Hist | Count | MAE_Pred | MAE_Base | PredDevFromBase
-----|-------|----------|----------|----------------
0    | 8     | 0.6967   | 3.7696   | 3.8195 
1    | 9     | 0.5993   | 0.9160   | 0.7686 
2    | 11    | 0.5029   | 0.5551   | 0.5423 
3-5  | 59    | 0.4655   | 0.3926   | 0.4378 
6+   | 276   | 0.3475   | 0.2990   | 0.3517 

Epoch 167: loss = 0.603763 delta_mae_pts = 0.3853 recap_mae_pts = 0.3853 cat_mae_pts = 0.4698 total_mae_pts = 1.0905 vs_inertia_pts = 0.0284 vs_quad_pts = 0.2609 lr_base = 0.000498 lr_mult = 0.0313 lr_eff = 0.000030 mon_cov = 0.947 mon_score = 3.9085 time = 20303.92 s
Epoch 167 memory(end): tensors=219, buffers=219, bytes=14.7MB

Epoch 168: Weights {"totalWeight":0.1,"recapWeight":0.05,"deltaWeight":9.75,"categoryWeight":0.05,"quantileWeight":0.5888,"consistencyWeight":0,"identityDropoutRate":0.677}, Scales {"judgeBias":1,"corps":1}, SeqLen 15, ID_Drop 0.687, WFW 1.500 
Epoch 168 memory(start): tensors=219, buffers=219, bytes=14.7MB

History Bucket Diagnostics (Avg Abs Error per sample, normalized units):
Hist | Count | MAE_Pred | MAE_Base | PredDevFromBase
-----|-------|----------|----------|----------------
0    | 8     | 0.6786   | 3.7696   | 3.7728 
1    | 9     | 0.5998   | 0.9160   | 0.7609 
2    | 11    | 0.5032   | 0.5551   | 0.5373 
3-5  | 59    | 0.4677   | 0.3926   | 0.4373 
6+   | 276   | 0.3505   | 0.2990   | 0.3545 

Epoch 168: loss = 0.603482 delta_mae_pts = 0.3876 recap_mae_pts = 0.3876 cat_mae_pts = 0.4703 total_mae_pts = 1.0852 vs_inertia_pts = 0.0261 vs_quad_pts = 0.2586 lr_base = 0.000496 lr_mult = 0.0313 lr_eff = 0.000030 mon_cov = 0.945 mon_score = 3.9303 time = 20434.43 s
Epoch 168 memory(end): tensors=219, buffers=219, bytes=14.7MB

Epoch 169: Weights {"totalWeight":0.1,"recapWeight":0.05,"deltaWeight":9.75,"categoryWeight":0.05,"quantileWeight":0.5924,"consistencyWeight":0,"identityDropoutRate":0.67225}, Scales {"judgeBias":1,"corps":1}, SeqLen 15, ID_Drop 0.666, WFW 1.500 
Epoch 169 memory(start): tensors=219, buffers=219, bytes=14.7MB

History Bucket Diagnostics (Avg Abs Error per sample, normalized units):
Hist | Count | MAE_Pred | MAE_Base | PredDevFromBase
-----|-------|----------|----------|----------------
0    | 8     | 0.6807   | 3.7696   | 3.7900 
1    | 9     | 0.5977   | 0.9160   | 0.7613 
2    | 11    | 0.4959   | 0.5551   | 0.5381 
3-5  | 59    | 0.4656   | 0.3926   | 0.4367 
6+   | 276   | 0.3506   | 0.2990   | 0.3550 

Epoch 169: loss = 0.598202 delta_mae_pts = 0.3871 recap_mae_pts = 0.3871 cat_mae_pts = 0.4737 total_mae_pts = 1.0874 vs_inertia_pts = 0.0266 vs_quad_pts = 0.2591 lr_base = 0.000493 lr_mult = 0.0313 lr_eff = 0.000030 mon_cov = 0.948 mon_score = 3.9261 time = 20563.15 s
Epoch 169 memory(end): tensors=219, buffers=219, bytes=14.7MB

Epoch 170: Weights {"totalWeight":0.1,"recapWeight":0.05,"deltaWeight":9.75,"categoryWeight":0.05,"quantileWeight":0.5960000000000001,"consistencyWeight":0,"identityDropoutRate":0.6675}, Scales {"judgeBias":1,"corps":1}, SeqLen 15, ID_Drop 0.668, WFW 1.500 
Epoch 170 memory(start): tensors=219, buffers=219, bytes=14.7MB

History Bucket Diagnostics (Avg Abs Error per sample, normalized units):
Hist | Count | MAE_Pred | MAE_Base | PredDevFromBase
-----|-------|----------|----------|----------------
0    | 8     | 0.7071   | 3.7696   | 3.8189 
1    | 9     | 0.6000   | 0.9160   | 0.7758 
2    | 11    | 0.4974   | 0.5551   | 0.5459 
3-5  | 59    | 0.4605   | 0.3926   | 0.4370 
6+   | 276   | 0.3473   | 0.2990   | 0.3541 

Epoch 170: loss = 0.597319 delta_mae_pts = 0.3845 recap_mae_pts = 0.3845 cat_mae_pts = 0.4669 total_mae_pts = 1.0797 vs_inertia_pts = 0.0293 vs_quad_pts = 0.2617 lr_base = 0.000490 lr_mult = 0.0313 lr_eff = 0.000030 mon_cov = 0.947 mon_score = 3.8991 time = 20694.16 s
Epoch 170 memory(end): tensors=219, buffers=219, bytes=14.7MB

Epoch 171: Weights {"totalWeight":0.1,"recapWeight":0.05,"deltaWeight":9.75,"categoryWeight":0.05,"quantileWeight":0.5996,"consistencyWeight":0,"identityDropoutRate":0.66275}, Scales {"judgeBias":1,"corps":1}, SeqLen 15, ID_Drop 0.670, WFW 1.500 
Epoch 171 memory(start): tensors=219, buffers=219, bytes=14.7MB

History Bucket Diagnostics (Avg Abs Error per sample, normalized units):
Hist | Count | MAE_Pred | MAE_Base | PredDevFromBase
-----|-------|----------|----------|----------------
0    | 8     | 0.7026   | 3.7696   | 3.8151 
1    | 9     | 0.5972   | 0.9160   | 0.7718 
2    | 11    | 0.4998   | 0.5551   | 0.5524 
3-5  | 59    | 0.4615   | 0.3926   | 0.4390 
6+   | 276   | 0.3497   | 0.2990   | 0.3559 

Epoch 171: loss = 0.596442 delta_mae_pts = 0.3863 recap_mae_pts = 0.3863 cat_mae_pts = 0.4682 total_mae_pts = 1.0745 vs_inertia_pts = 0.0274 vs_quad_pts = 0.2599 lr_base = 0.000487 lr_mult = 0.0313 lr_eff = 0.000030 mon_cov = 0.946 mon_score = 3.9167 time = 20824.26 s
Epoch 171 memory(end): tensors=219, buffers=219, bytes=14.7MB

Epoch 172: Weights {"totalWeight":0.1,"recapWeight":0.05,"deltaWeight":9.75,"categoryWeight":0.05,"quantileWeight":0.6032,"consistencyWeight":0,"identityDropoutRate":0.658}, Scales {"judgeBias":1,"corps":1}, SeqLen 15, ID_Drop 0.647, WFW 1.500 
Epoch 172 memory(start): tensors=219, buffers=219, bytes=14.7MB

History Bucket Diagnostics (Avg Abs Error per sample, normalized units):
Hist | Count | MAE_Pred | MAE_Base | PredDevFromBase
-----|-------|----------|----------|----------------
0    | 8     | 0.7007   | 3.7696   | 3.8028 
1    | 9     | 0.6059   | 0.9160   | 0.7624 
2    | 11    | 0.5005   | 0.5551   | 0.5502 
3-5  | 59    | 0.4608   | 0.3926   | 0.4437 
6+   | 276   | 0.3513   | 0.2990   | 0.3599 

Epoch 172: loss = 0.599866 delta_mae_pts = 0.3876 recap_mae_pts = 0.3876 cat_mae_pts = 0.4706 total_mae_pts = 1.0803 vs_inertia_pts = 0.0261 vs_quad_pts = 0.2586 lr_base = 0.000485 lr_mult = 0.0313 lr_eff = 0.000030 mon_cov = 0.946 mon_score = 3.9302 time = 20954.52 s
Epoch 172 memory(end): tensors=219, buffers=219, bytes=14.7MB

Epoch 173: Weights {"totalWeight":0.1,"recapWeight":0.05,"deltaWeight":9.75,"categoryWeight":0.05,"quantileWeight":0.6068,"consistencyWeight":0,"identityDropoutRate":0.65325}, Scales {"judgeBias":1,"corps":1}, SeqLen 15, ID_Drop 0.658, WFW 1.500 
Epoch 173 memory(start): tensors=219, buffers=219, bytes=14.7MB

History Bucket Diagnostics (Avg Abs Error per sample, normalized units):
Hist | Count | MAE_Pred | MAE_Base | PredDevFromBase
-----|-------|----------|----------|----------------
0    | 8     | 0.6965   | 3.7696   | 3.8227 
1    | 9     | 0.6018   | 0.9160   | 0.7818 
2    | 11    | 0.4986   | 0.5551   | 0.5532 
3-5  | 59    | 0.4598   | 0.3926   | 0.4359 
6+   | 276   | 0.3509   | 0.2990   | 0.3562 

Epoch 173: loss = 0.601626 delta_mae_pts = 0.3869 recap_mae_pts = 0.3869 cat_mae_pts = 0.4719 total_mae_pts = 1.0830 vs_inertia_pts = 0.0268 vs_quad_pts = 0.2592 lr_base = 0.000482 lr_mult = 0.0313 lr_eff = 0.000030 mon_cov = 0.947 mon_score = 3.9237 time = 21083.73 s
Epoch 173 memory(end): tensors=219, buffers=219, bytes=14.7MB

Epoch 174: Weights {"totalWeight":0.1,"recapWeight":0.05,"deltaWeight":9.75,"categoryWeight":0.05,"quantileWeight":0.6104,"consistencyWeight":0,"identityDropoutRate":0.6485000000000001}, Scales {"judgeBias":1,"corps":1}, SeqLen 15, ID_Drop 0.651, WFW 1.500 
Epoch 174 memory(start): tensors=219, buffers=219, bytes=14.7MB

History Bucket Diagnostics (Avg Abs Error per sample, normalized units):
Hist | Count | MAE_Pred | MAE_Base | PredDevFromBase
-----|-------|----------|----------|----------------
0    | 8     | 0.6788   | 3.7696   | 3.7954 
1    | 9     | 0.6032   | 0.9160   | 0.7669 
2    | 11    | 0.5030   | 0.5551   | 0.5364 
3-5  | 59    | 0.4629   | 0.3926   | 0.4379 
6+   | 276   | 0.3521   | 0.2990   | 0.3562 

Epoch 174: loss = 0.609032 delta_mae_pts = 0.3881 recap_mae_pts = 0.3881 cat_mae_pts = 0.4754 total_mae_pts = 1.0916 vs_inertia_pts = 0.0256 vs_quad_pts = 0.2581 lr_base = 0.000479 lr_mult = 0.0313 lr_eff = 0.000030 mon_cov = 0.945 mon_score = 3.9365 time = 21213.88 s
Epoch 174 memory(end): tensors=219, buffers=219, bytes=14.7MB

Epoch 175: Weights {"totalWeight":0.1,"recapWeight":0.05,"deltaWeight":9.75,"categoryWeight":0.05,"quantileWeight":0.6140000000000001,"consistencyWeight":0,"identityDropoutRate":0.64375}, Scales {"judgeBias":1,"corps":1}, SeqLen 15, ID_Drop 0.644, WFW 1.500 
Epoch 175 memory(start): tensors=219, buffers=219, bytes=14.7MB

History Bucket Diagnostics (Avg Abs Error per sample, normalized units):
Hist | Count | MAE_Pred | MAE_Base | PredDevFromBase
-----|-------|----------|----------|----------------
0    | 8     | 0.7036   | 3.7696   | 3.8042 
1    | 9     | 0.6073   | 0.9160   | 0.7678 
2    | 11    | 0.5064   | 0.5551   | 0.5443 
3-5  | 59    | 0.4610   | 0.3926   | 0.4401 
6+   | 276   | 0.3483   | 0.2990   | 0.3566 

Epoch 175: loss = 0.603943 delta_mae_pts = 0.3856 recap_mae_pts = 0.3856 cat_mae_pts = 0.4697 total_mae_pts = 1.0799 vs_inertia_pts = 0.0281 vs_quad_pts = 0.2605 lr_base = 0.000476 lr_mult = 0.0313 lr_eff = 0.000030 mon_cov = 0.947 mon_score = 3.9106 time = 21344.90 s
Epoch 175 memory(end): tensors=219, buffers=219, bytes=14.7MB

Epoch 176: Weights {"totalWeight":0.1,"recapWeight":0.05,"deltaWeight":9.75,"categoryWeight":0.05,"quantileWeight":0.6176,"consistencyWeight":0,"identityDropoutRate":0.639}, Scales {"judgeBias":1,"corps":1}, SeqLen 15, ID_Drop 0.644, WFW 1.500 
Epoch 176 memory(start): tensors=219, buffers=219, bytes=14.7MB

History Bucket Diagnostics (Avg Abs Error per sample, normalized units):
Hist | Count | MAE_Pred | MAE_Base | PredDevFromBase
-----|-------|----------|----------|----------------
0    | 8     | 0.6691   | 3.7696   | 3.7895 
1    | 9     | 0.5952   | 0.9160   | 0.7613 
2    | 11    | 0.4998   | 0.5551   | 0.5350 
3-5  | 59    | 0.4625   | 0.3926   | 0.4398 
6+   | 276   | 0.3521   | 0.2990   | 0.3593 

Epoch 176: loss = 0.607622 delta_mae_pts = 0.3875 recap_mae_pts = 0.3875 cat_mae_pts = 0.4731 total_mae_pts = 1.0810 vs_inertia_pts = 0.0262 vs_quad_pts = 0.2587 lr_base = 0.000473 lr_mult = 0.0313 lr_eff = 0.000030 mon_cov = 0.943 mon_score = 3.9294 time = 21474.90 s
Epoch 176 memory(end): tensors=219, buffers=219, bytes=14.7MB

Epoch 177: Weights {"totalWeight":0.1,"recapWeight":0.05,"deltaWeight":9.75,"categoryWeight":0.05,"quantileWeight":0.6212,"consistencyWeight":0,"identityDropoutRate":0.63425}, Scales {"judgeBias":1,"corps":1}, SeqLen 15, ID_Drop 0.639, WFW 1.500 
Epoch 177 memory(start): tensors=219, buffers=219, bytes=14.7MB

History Bucket Diagnostics (Avg Abs Error per sample, normalized units):
Hist | Count | MAE_Pred | MAE_Base | PredDevFromBase
-----|-------|----------|----------|----------------
0    | 8     | 0.6883   | 3.7696   | 3.7984 
1    | 9     | 0.6027   | 0.9160   | 0.7675 
2    | 11    | 0.5045   | 0.5551   | 0.5560 
3-5  | 59    | 0.4611   | 0.3926   | 0.4416 
6+   | 276   | 0.3524   | 0.2990   | 0.3609 

Epoch 177: loss = 0.601317 delta_mae_pts = 0.3883 recap_mae_pts = 0.3883 cat_mae_pts = 0.4708 total_mae_pts = 1.0767 vs_inertia_pts = 0.0254 vs_quad_pts = 0.2579 lr_base = 0.000471 lr_mult = 0.0313 lr_eff = 0.000030 mon_cov = 0.943 mon_score = 3.9365 time = 21606.09 s
Epoch 177 memory(end): tensors=219, buffers=219, bytes=14.7MB

Epoch 178: Weights {"totalWeight":0.1,"recapWeight":0.05,"deltaWeight":9.75,"categoryWeight":0.05,"quantileWeight":0.6248,"consistencyWeight":0,"identityDropoutRate":0.6295}, Scales {"judgeBias":1,"corps":1}, SeqLen 15, ID_Drop 0.634, WFW 1.500 
Epoch 178 memory(start): tensors=219, buffers=219, bytes=14.7MB

History Bucket Diagnostics (Avg Abs Error per sample, normalized units):
Hist | Count | MAE_Pred | MAE_Base | PredDevFromBase
-----|-------|----------|----------|----------------
0    | 8     | 0.6989   | 3.7696   | 3.8092 
1    | 9     | 0.6022   | 0.9160   | 0.7669 
2    | 11    | 0.5044   | 0.5551   | 0.5437 
3-5  | 59    | 0.4650   | 0.3926   | 0.4402 
6+   | 276   | 0.3516   | 0.2990   | 0.3566 

Epoch 178: loss = 0.598433 delta_mae_pts = 0.3885 recap_mae_pts = 0.3885 cat_mae_pts = 0.4746 total_mae_pts = 1.0951 vs_inertia_pts = 0.0252 vs_quad_pts = 0.2577 lr_base = 0.000468 lr_mult = 0.0313 lr_eff = 0.000030 mon_cov = 0.946 mon_score = 3.9405 time = 21736.43 s
Epoch 178 memory(end): tensors=219, buffers=219, bytes=14.7MB

Epoch 179: Weights {"totalWeight":0.1,"recapWeight":0.05,"deltaWeight":9.75,"categoryWeight":0.05,"quantileWeight":0.6284000000000001,"consistencyWeight":0,"identityDropoutRate":0.62475}, Scales {"judgeBias":1,"corps":1}, SeqLen 15, ID_Drop 0.625, WFW 1.500 
Epoch 179 memory(start): tensors=219, buffers=219, bytes=14.7MB

History Bucket Diagnostics (Avg Abs Error per sample, normalized units):
Hist | Count | MAE_Pred | MAE_Base | PredDevFromBase
-----|-------|----------|----------|----------------
0    | 8     | 0.6790   | 3.7696   | 3.7940 
1    | 9     | 0.6056   | 0.9160   | 0.7765 
2    | 11    | 0.5027   | 0.5551   | 0.5468 
3-5  | 59    | 0.4633   | 0.3926   | 0.4411 
6+   | 276   | 0.3520   | 0.2990   | 0.3570 

Epoch 179: loss = 0.600397 delta_mae_pts = 0.3881 recap_mae_pts = 0.3881 cat_mae_pts = 0.4734 total_mae_pts = 1.0906 vs_inertia_pts = 0.0256 vs_quad_pts = 0.2581 lr_base = 0.000465 lr_mult = 0.0313 lr_eff = 0.000030 mon_cov = 0.944 mon_score = 3.9362 time = 21866.49 s
Epoch 179 memory(end): tensors=219, buffers=219, bytes=14.7MB

Epoch 180: Weights {"totalWeight":0.1,"recapWeight":0.05,"deltaWeight":9.75,"categoryWeight":0.05,"quantileWeight":0.632,"consistencyWeight":0,"identityDropoutRate":0.62}, Scales {"judgeBias":1,"corps":1}, SeqLen 15, ID_Drop 0.621, WFW 1.500 
Epoch 180 memory(start): tensors=219, buffers=219, bytes=14.7MB

History Bucket Diagnostics (Avg Abs Error per sample, normalized units):
Hist | Count | MAE_Pred | MAE_Base | PredDevFromBase
-----|-------|----------|----------|----------------
0    | 8     | 0.6905   | 3.7696   | 3.8104 
1    | 9     | 0.6069   | 0.9160   | 0.7706 
2    | 11    | 0.5047   | 0.5551   | 0.5395 
3-5  | 59    | 0.4675   | 0.3926   | 0.4419 
6+   | 276   | 0.3516   | 0.2990   | 0.3554 

Epoch 180: loss = 0.597411 delta_mae_pts = 0.3889 recap_mae_pts = 0.3889 cat_mae_pts = 0.4752 total_mae_pts = 1.0991 vs_inertia_pts = 0.0248 vs_quad_pts = 0.2573 lr_base = 0.000462 lr_mult = 0.0313 lr_eff = 0.000030 mon_cov = 0.944 mon_score = 3.9447 time = 21996.27 s
Epoch 180 memory(end): tensors=219, buffers=219, bytes=14.7MB

Epoch 181: Weights {"totalWeight":0.1,"recapWeight":0.05,"deltaWeight":9.75,"categoryWeight":0.05,"quantileWeight":0.6355999999999999,"consistencyWeight":0,"identityDropoutRate":0.6152500000000001}, Scales {"judgeBias":1,"corps":1}, SeqLen 15, ID_Drop 0.625, WFW 1.500 
Epoch 181 memory(start): tensors=219, buffers=219, bytes=14.7MB

History Bucket Diagnostics (Avg Abs Error per sample, normalized units):
Hist | Count | MAE_Pred | MAE_Base | PredDevFromBase
-----|-------|----------|----------|----------------
0    | 8     | 0.6803   | 3.7696   | 3.8126 
1    | 9     | 0.6049   | 0.9160   | 0.7745 
2    | 11    | 0.5099   | 0.5551   | 0.5447 
3-5  | 59    | 0.4636   | 0.3926   | 0.4408 
6+   | 276   | 0.3510   | 0.2990   | 0.3546 

Epoch 181: loss = 0.597803 delta_mae_pts = 0.3877 recap_mae_pts = 0.3877 cat_mae_pts = 0.4732 total_mae_pts = 1.0943 vs_inertia_pts = 0.0260 vs_quad_pts = 0.2585 lr_base = 0.000459 lr_mult = 0.0313 lr_eff = 0.000030 mon_cov = 0.947 mon_score = 3.9324 time = 22125.88 s
Epoch 181 memory(end): tensors=219, buffers=219, bytes=14.7MB

Epoch 182: Weights {"totalWeight":0.1,"recapWeight":0.05,"deltaWeight":9.75,"categoryWeight":0.05,"quantileWeight":0.6392,"consistencyWeight":0,"identityDropoutRate":0.6105}, Scales {"judgeBias":1,"corps":1}, SeqLen 15, ID_Drop 0.608, WFW 1.500 
Epoch 182 memory(start): tensors=219, buffers=219, bytes=14.7MB

History Bucket Diagnostics (Avg Abs Error per sample, normalized units):
Hist | Count | MAE_Pred | MAE_Base | PredDevFromBase
-----|-------|----------|----------|----------------
0    | 8     | 0.6899   | 3.7696   | 3.8107 
1    | 9     | 0.6053   | 0.9160   | 0.7795 
2    | 11    | 0.5020   | 0.5551   | 0.5403 
3-5  | 59    | 0.4695   | 0.3926   | 0.4397 
6+   | 276   | 0.3521   | 0.2990   | 0.3552 

Epoch 182: loss = 0.600603 delta_mae_pts = 0.3894 recap_mae_pts = 0.3894 cat_mae_pts = 0.4764 total_mae_pts = 1.1044 vs_inertia_pts = 0.0243 vs_quad_pts = 0.2567 lr_base = 0.000456 lr_mult = 0.0313 lr_eff = 0.000030 mon_cov = 0.947 mon_score = 3.9508 time = 22254.36 s
Epoch 182 memory(end): tensors=219, buffers=219, bytes=14.7MB

Epoch 183: Weights {"totalWeight":0.1,"recapWeight":0.05,"deltaWeight":9.75,"categoryWeight":0.05,"quantileWeight":0.6428,"consistencyWeight":0,"identityDropoutRate":0.60575}, Scales {"judgeBias":1,"corps":1}, SeqLen 15, ID_Drop 0.615, WFW 1.500 
Epoch 183 memory(start): tensors=219, buffers=219, bytes=14.7MB

History Bucket Diagnostics (Avg Abs Error per sample, normalized units):
Hist | Count | MAE_Pred | MAE_Base | PredDevFromBase
-----|-------|----------|----------|----------------
0    | 8     | 0.6885   | 3.7696   | 3.8389 
1    | 9     | 0.5953   | 0.9160   | 0.7975 
2    | 11    | 0.5017   | 0.5551   | 0.5502 
3-5  | 59    | 0.4566   | 0.3926   | 0.4355 
6+   | 276   | 0.3493   | 0.2990   | 0.3567 

Epoch 183: loss = 0.597330 delta_mae_pts = 0.3849 recap_mae_pts = 0.3849 cat_mae_pts = 0.4685 total_mae_pts = 1.0811 vs_inertia_pts = 0.0288 vs_quad_pts = 0.2613 lr_base = 0.000453 lr_mult = 0.0313 lr_eff = 0.000030 mon_cov = 0.947 mon_score = 3.9037 time = 22384.60 s
Epoch 183 memory(end): tensors=219, buffers=219, bytes=14.7MB

Epoch 184: Weights {"totalWeight":0.1,"recapWeight":0.05,"deltaWeight":9.75,"categoryWeight":0.05,"quantileWeight":0.6464000000000001,"consistencyWeight":0,"identityDropoutRate":0.601}, Scales {"judgeBias":1,"corps":1}, SeqLen 15, ID_Drop 0.605, WFW 1.500 
Epoch 184 memory(start): tensors=219, buffers=219, bytes=14.7MB

History Bucket Diagnostics (Avg Abs Error per sample, normalized units):
Hist | Count | MAE_Pred | MAE_Base | PredDevFromBase
-----|-------|----------|----------|----------------
0    | 8     | 0.6609   | 3.7696   | 3.7865 
1    | 9     | 0.5964   | 0.9160   | 0.7829 
2    | 11    | 0.4993   | 0.5551   | 0.5394 
3-5  | 59    | 0.4625   | 0.3926   | 0.4372 
6+   | 276   | 0.3506   | 0.2990   | 0.3550 

Epoch 184: loss = 0.595060 delta_mae_pts = 0.3863 recap_mae_pts = 0.3863 cat_mae_pts = 0.4704 total_mae_pts = 1.0756 vs_inertia_pts = 0.0275 vs_quad_pts = 0.2599 lr_base = 0.000451 lr_mult = 0.0313 lr_eff = 0.000030 mon_cov = 0.949 mon_score = 3.9163 time = 22513.92 s
Epoch 184 memory(end): tensors=219, buffers=219, bytes=14.7MB

Epoch 185: Weights {"totalWeight":0.1,"recapWeight":0.05,"deltaWeight":9.75,"categoryWeight":0.05,"quantileWeight":0.65,"consistencyWeight":0,"identityDropoutRate":0.59625}, Scales {"judgeBias":1,"corps":1}, SeqLen 15, ID_Drop 0.600, WFW 1.500 
Epoch 185 memory(start): tensors=219, buffers=219, bytes=14.7MB

History Bucket Diagnostics (Avg Abs Error per sample, normalized units):
Hist | Count | MAE_Pred | MAE_Base | PredDevFromBase
-----|-------|----------|----------|----------------
0    | 8     | 0.6674   | 3.7696   | 3.7892 
1    | 9     | 0.5968   | 0.9160   | 0.7859 
2    | 11    | 0.5071   | 0.5551   | 0.5452 
3-5  | 59    | 0.4656   | 0.3926   | 0.4427 
6+   | 276   | 0.3513   | 0.2990   | 0.3571 

Epoch 185: loss = 0.596303 delta_mae_pts = 0.3877 recap_mae_pts = 0.3877 cat_mae_pts = 0.4727 total_mae_pts = 1.0862 vs_inertia_pts = 0.0261 vs_quad_pts = 0.2585 lr_base = 0.000448 lr_mult = 0.0313 lr_eff = 0.000030 mon_cov = 0.947 mon_score = 3.9313 time = 22643.30 s
Epoch 185 memory(end): tensors=219, buffers=219, bytes=14.7MB

Epoch 186: Weights {"totalWeight":0.1,"recapWeight":0.05,"deltaWeight":9.75,"categoryWeight":0.05,"quantileWeight":0.6536,"consistencyWeight":0,"identityDropoutRate":0.5915}, Scales {"judgeBias":1,"corps":1}, SeqLen 15, ID_Drop 0.601, WFW 1.500 
Epoch 186 memory(start): tensors=219, buffers=219, bytes=14.7MB

History Bucket Diagnostics (Avg Abs Error per sample, normalized units):
Hist | Count | MAE_Pred | MAE_Base | PredDevFromBase
-----|-------|----------|----------|----------------
0    | 8     | 0.6981   | 3.7696   | 3.8157 
1    | 9     | 0.5957   | 0.9160   | 0.7662 
2    | 11    | 0.5050   | 0.5551   | 0.5392 
3-5  | 59    | 0.4679   | 0.3926   | 0.4436 
6+   | 276   | 0.3516   | 0.2990   | 0.3560 

Epoch 186: loss = 0.596709 delta_mae_pts = 0.3888 recap_mae_pts = 0.3888 cat_mae_pts = 0.4752 total_mae_pts = 1.0911 vs_inertia_pts = 0.0249 vs_quad_pts = 0.2573 lr_base = 0.000445 lr_mult = 0.0313 lr_eff = 0.000030 mon_cov = 0.945 mon_score = 3.9435 time = 22773.01 s
Epoch 186 memory(end): tensors=219, buffers=219, bytes=14.7MB

Epoch 187: Weights {"totalWeight":0.1,"recapWeight":0.05,"deltaWeight":9.75,"categoryWeight":0.05,"quantileWeight":0.6572,"consistencyWeight":0,"identityDropoutRate":0.58675}, Scales {"judgeBias":1,"corps":1}, SeqLen 15, ID_Drop 0.606, WFW 1.500 
Epoch 187 memory(start): tensors=219, buffers=219, bytes=14.7MB

History Bucket Diagnostics (Avg Abs Error per sample, normalized units):
Hist | Count | MAE_Pred | MAE_Base | PredDevFromBase
-----|-------|----------|----------|----------------
0    | 8     | 0.6836   | 3.7696   | 3.8153 
1    | 9     | 0.5913   | 0.9160   | 0.7818 
2    | 11    | 0.5051   | 0.5551   | 0.5509 
3-5  | 59    | 0.4568   | 0.3926   | 0.4423 
6+   | 276   | 0.3509   | 0.2990   | 0.3606 

Epoch 187: loss = 0.599312 delta_mae_pts = 0.3861 recap_mae_pts = 0.3861 cat_mae_pts = 0.4704 total_mae_pts = 1.0785 vs_inertia_pts = 0.0276 vs_quad_pts = 0.2600 lr_base = 0.000442 lr_mult = 0.0313 lr_eff = 0.000030 mon_cov = 0.947 mon_score = 3.9153 time = 22902.69 s
Epoch 187 memory(end): tensors=219, buffers=219, bytes=14.7MB

Epoch 188: Weights {"totalWeight":0.1,"recapWeight":0.05,"deltaWeight":9.75,"categoryWeight":0.05,"quantileWeight":0.6608,"consistencyWeight":0,"identityDropoutRate":0.5820000000000001}, Scales {"judgeBias":1,"corps":1}, SeqLen 15, ID_Drop 0.580, WFW 1.500 
Epoch 188 memory(start): tensors=219, buffers=219, bytes=14.7MB

History Bucket Diagnostics (Avg Abs Error per sample, normalized units):
Hist | Count | MAE_Pred | MAE_Base | PredDevFromBase
-----|-------|----------|----------|----------------
0    | 8     | 0.6888   | 3.7696   | 3.8409 
1    | 9     | 0.5960   | 0.9160   | 0.7823 
2    | 11    | 0.5045   | 0.5551   | 0.5462 
3-5  | 59    | 0.4671   | 0.3926   | 0.4392 
6+   | 276   | 0.3521   | 0.2990   | 0.3558 

Epoch 188: loss = 0.592770 delta_mae_pts = 0.3888 recap_mae_pts = 0.3888 cat_mae_pts = 0.4765 total_mae_pts = 1.1049 vs_inertia_pts = 0.0249 vs_quad_pts = 0.2573 lr_base = 0.000439 lr_mult = 0.0313 lr_eff = 0.000030 mon_cov = 0.946 mon_score = 3.9450 time = 23032.70 s
Epoch 188 memory(end): tensors=219, buffers=219, bytes=14.7MB

Epoch 189: Weights {"totalWeight":0.1,"recapWeight":0.05,"deltaWeight":9.75,"categoryWeight":0.05,"quantileWeight":0.6644000000000001,"consistencyWeight":0,"identityDropoutRate":0.57725}, Scales {"judgeBias":1,"corps":1}, SeqLen 15, ID_Drop 0.580, WFW 1.500 
Epoch 189 memory(start): tensors=219, buffers=219, bytes=14.7MB

History Bucket Diagnostics (Avg Abs Error per sample, normalized units):
Hist | Count | MAE_Pred | MAE_Base | PredDevFromBase
-----|-------|----------|----------|----------------
0    | 8     | 0.6672   | 3.7696   | 3.8169 
1    | 9     | 0.5955   | 0.9160   | 0.7832 
2    | 11    | 0.5033   | 0.5551   | 0.5347 
3-5  | 59    | 0.4683   | 0.3926   | 0.4380 
6+   | 276   | 0.3538   | 0.2990   | 0.3570 

Epoch 189: loss = 0.598537 delta_mae_pts = 0.3899 recap_mae_pts = 0.3899 cat_mae_pts = 0.4758 total_mae_pts = 1.0934 vs_inertia_pts = 0.0239 vs_quad_pts = 0.2563 lr_base = 0.000436 lr_mult = 0.0313 lr_eff = 0.000030 mon_cov = 0.942 mon_score = 3.9537 time = 23162.72 s
Epoch 189 memory(end): tensors=219, buffers=219, bytes=14.7MB

Epoch 190: Weights {"totalWeight":0.1,"recapWeight":0.05,"deltaWeight":9.75,"categoryWeight":0.05,"quantileWeight":0.668,"consistencyWeight":0,"identityDropoutRate":0.5725}, Scales {"judgeBias":1,"corps":1}, SeqLen 15, ID_Drop 0.578, WFW 1.500 
Epoch 190 memory(start): tensors=219, buffers=219, bytes=14.7MB

History Bucket Diagnostics (Avg Abs Error per sample, normalized units):
Hist | Count | MAE_Pred | MAE_Base | PredDevFromBase
-----|-------|----------|----------|----------------
0    | 8     | 0.6648   | 3.7696   | 3.7836 
1    | 9     | 0.5969   | 0.9160   | 0.7711 
2    | 11    | 0.5009   | 0.5551   | 0.5365 
3-5  | 59    | 0.4691   | 0.3926   | 0.4424 
6+   | 276   | 0.3522   | 0.2990   | 0.3571 

Epoch 190: loss = 0.600196 delta_mae_pts = 0.3887 recap_mae_pts = 0.3887 cat_mae_pts = 0.4738 total_mae_pts = 1.0910 vs_inertia_pts = 0.0251 vs_quad_pts = 0.2575 lr_base = 0.000433 lr_mult = 0.0313 lr_eff = 0.000030 mon_cov = 0.947 mon_score = 3.9418 time = 23292.57 s
Epoch 190 memory(end): tensors=219, buffers=219, bytes=14.7MB

Epoch 191: Weights {"totalWeight":0.1,"recapWeight":0.05,"deltaWeight":9.75,"categoryWeight":0.05,"quantileWeight":0.6716,"consistencyWeight":0,"identityDropoutRate":0.56775}, Scales {"judgeBias":1,"corps":1}, SeqLen 15, ID_Drop 0.579, WFW 1.500 
Epoch 191 memory(start): tensors=219, buffers=219, bytes=14.7MB

History Bucket Diagnostics (Avg Abs Error per sample, normalized units):
Hist | Count | MAE_Pred | MAE_Base | PredDevFromBase
-----|-------|----------|----------|----------------
0    | 8     | 0.6768   | 3.7696   | 3.8110 
1    | 9     | 0.5906   | 0.9160   | 0.7850 
2    | 11    | 0.4982   | 0.5551   | 0.5444 
3-5  | 59    | 0.4578   | 0.3926   | 0.4404 
6+   | 276   | 0.3509   | 0.2990   | 0.3571 

Epoch 191: loss = 0.596121 delta_mae_pts = 0.3858 recap_mae_pts = 0.3858 cat_mae_pts = 0.4694 total_mae_pts = 1.0748 vs_inertia_pts = 0.0279 vs_quad_pts = 0.2603 lr_base = 0.000431 lr_mult = 0.0313 lr_eff = 0.000030 mon_cov = 0.946 mon_score = 3.9121 time = 23421.38 s
Epoch 191 memory(end): tensors=219, buffers=219, bytes=14.7MB

Epoch 192: Weights {"totalWeight":0.1,"recapWeight":0.05,"deltaWeight":9.75,"categoryWeight":0.05,"quantileWeight":0.6752,"consistencyWeight":0,"identityDropoutRate":0.563}, Scales {"judgeBias":1,"corps":1}, SeqLen 15, ID_Drop 0.567, WFW 1.500 
Epoch 192 memory(start): tensors=219, buffers=219, bytes=14.7MB

History Bucket Diagnostics (Avg Abs Error per sample, normalized units):
Hist | Count | MAE_Pred | MAE_Base | PredDevFromBase
-----|-------|----------|----------|----------------
0    | 8     | 0.6813   | 3.7696   | 3.7971 
1    | 9     | 0.5982   | 0.9160   | 0.7798 
2    | 11    | 0.5101   | 0.5551   | 0.5412 
3-5  | 59    | 0.4672   | 0.3926   | 0.4425 
6+   | 276   | 0.3557   | 0.2990   | 0.3582 

Epoch 192: loss = 0.597351 delta_mae_pts = 0.3917 recap_mae_pts = 0.3917 cat_mae_pts = 0.4756 total_mae_pts = 1.0989 vs_inertia_pts = 0.0220 vs_quad_pts = 0.2544 lr_base = 0.000428 lr_mult = 0.0313 lr_eff = 0.000030 mon_cov = 0.942 mon_score = 3.9725 time = 23550.19 s
Epoch 192 memory(end): tensors=219, buffers=219, bytes=14.7MB

Epoch 193: Weights {"totalWeight":0.1,"recapWeight":0.05,"deltaWeight":9.75,"categoryWeight":0.05,"quantileWeight":0.6788000000000001,"consistencyWeight":0,"identityDropoutRate":0.55825}, Scales {"judgeBias":1,"corps":1}, SeqLen 15, ID_Drop 0.552, WFW 1.500 
Epoch 193 memory(start): tensors=219, buffers=219, bytes=14.7MB

History Bucket Diagnostics (Avg Abs Error per sample, normalized units):
Hist | Count | MAE_Pred | MAE_Base | PredDevFromBase
-----|-------|----------|----------|----------------
0    | 8     | 0.6996   | 3.7696   | 3.8219 
1    | 9     | 0.5944   | 0.9160   | 0.7805 
2    | 11    | 0.5030   | 0.5551   | 0.5390 
3-5  | 59    | 0.4645   | 0.3926   | 0.4393 
6+   | 276   | 0.3530   | 0.2990   | 0.3577 

Epoch 193: loss = 0.595132 delta_mae_pts = 0.3893 recap_mae_pts = 0.3893 cat_mae_pts = 0.4735 total_mae_pts = 1.0904 vs_inertia_pts = 0.0244 vs_quad_pts = 0.2569 lr_base = 0.000425 lr_mult = 0.0313 lr_eff = 0.000030 mon_cov = 0.946 mon_score = 3.9479 time = 23679.05 s
Epoch 193 memory(end): tensors=219, buffers=219, bytes=14.7MB

Epoch 194: Weights {"totalWeight":0.1,"recapWeight":0.05,"deltaWeight":9.75,"categoryWeight":0.05,"quantileWeight":0.6824000000000001,"consistencyWeight":0,"identityDropoutRate":0.5535000000000001}, Scales {"judgeBias":1,"corps":1}, SeqLen 15, ID_Drop 0.546, WFW 1.500 
Epoch 194 memory(start): tensors=219, buffers=219, bytes=14.7MB

History Bucket Diagnostics (Avg Abs Error per sample, normalized units):
Hist | Count | MAE_Pred | MAE_Base | PredDevFromBase
-----|-------|----------|----------|----------------
0    | 8     | 0.6775   | 3.7696   | 3.8036 
1    | 9     | 0.5992   | 0.9160   | 0.7857 
2    | 11    | 0.5014   | 0.5551   | 0.5461 
3-5  | 59    | 0.4600   | 0.3926   | 0.4429 
6+   | 276   | 0.3521   | 0.2990   | 0.3588 

Epoch 194: loss = 0.594343 delta_mae_pts = 0.3875 recap_mae_pts = 0.3875 cat_mae_pts = 0.4702 total_mae_pts = 1.0761 vs_inertia_pts = 0.0263 vs_quad_pts = 0.2587 lr_base = 0.000422 lr_mult = 0.0313 lr_eff = 0.000030 mon_cov = 0.946 mon_score = 3.9282 time = 23808.88 s
Epoch 194 memory(end): tensors=219, buffers=219, bytes=14.7MB

Epoch 195: Weights {"totalWeight":0.1,"recapWeight":0.05,"deltaWeight":9.75,"categoryWeight":0.05,"quantileWeight":0.686,"consistencyWeight":0,"identityDropoutRate":0.5487500000000001}, Scales {"judgeBias":1,"corps":1}, SeqLen 15, ID_Drop 0.555, WFW 1.500 
Epoch 195 memory(start): tensors=219, buffers=219, bytes=14.7MB

History Bucket Diagnostics (Avg Abs Error per sample, normalized units):
Hist | Count | MAE_Pred | MAE_Base | PredDevFromBase
-----|-------|----------|----------|----------------
0    | 8     | 0.6874   | 3.7696   | 3.8192 
1    | 9     | 0.5966   | 0.9160   | 0.7777 
2    | 11    | 0.4986   | 0.5551   | 0.5287 
3-5  | 59    | 0.4682   | 0.3926   | 0.4394 
6+   | 276   | 0.3527   | 0.2990   | 0.3533 

Epoch 195: loss = 0.592611 delta_mae_pts = 0.3893 recap_mae_pts = 0.3893 cat_mae_pts = 0.4772 total_mae_pts = 1.1131 vs_inertia_pts = 0.0244 vs_quad_pts = 0.2568 lr_base = 0.000419 lr_mult = 0.0313 lr_eff = 0.000030 mon_cov = 0.948 mon_score = 3.9506 time = 23938.85 s
Epoch 195 memory(end): tensors=219, buffers=219, bytes=14.7MB

Epoch 196: Weights {"totalWeight":0.1,"recapWeight":0.05,"deltaWeight":9.75,"categoryWeight":0.05,"quantileWeight":0.6896,"consistencyWeight":0,"identityDropoutRate":0.544}, Scales {"judgeBias":1,"corps":1}, SeqLen 15, ID_Drop 0.536, WFW 1.500 
Epoch 196 memory(start): tensors=219, buffers=219, bytes=14.7MB

History Bucket Diagnostics (Avg Abs Error per sample, normalized units):
Hist | Count | MAE_Pred | MAE_Base | PredDevFromBase
-----|-------|----------|----------|----------------
0    | 8     | 0.6801   | 3.7696   | 3.8128 
1    | 9     | 0.5983   | 0.9160   | 0.7825 
2    | 11    | 0.5014   | 0.5551   | 0.5397 
3-5  | 59    | 0.4664   | 0.3926   | 0.4412 
6+   | 276   | 0.3542   | 0.2990   | 0.3566 

Epoch 196: loss = 0.592999 delta_mae_pts = 0.3902 recap_mae_pts = 0.3902 cat_mae_pts = 0.4764 total_mae_pts = 1.0966 vs_inertia_pts = 0.0236 vs_quad_pts = 0.2560 lr_base = 0.000416 lr_mult = 0.0313 lr_eff = 0.000030 mon_cov = 0.944 mon_score = 3.9570 time = 24069.83 s
Epoch 196 memory(end): tensors=219, buffers=219, bytes=14.7MB

Epoch 197: Weights {"totalWeight":0.1,"recapWeight":0.05,"deltaWeight":9.75,"categoryWeight":0.05,"quantileWeight":0.6932,"consistencyWeight":0,"identityDropoutRate":0.53925}, Scales {"judgeBias":1,"corps":1}, SeqLen 15, ID_Drop 0.532, WFW 1.500 
Epoch 197 memory(start): tensors=219, buffers=219, bytes=14.7MB

History Bucket Diagnostics (Avg Abs Error per sample, normalized units):
Hist | Count | MAE_Pred | MAE_Base | PredDevFromBase
-----|-------|----------|----------|----------------
0    | 8     | 0.6719   | 3.7696   | 3.7968 
1    | 9     | 0.6082   | 0.9160   | 0.7942 
2    | 11    | 0.5098   | 0.5551   | 0.5510 
3-5  | 59    | 0.4669   | 0.3926   | 0.4425 
6+   | 276   | 0.3520   | 0.2990   | 0.3567 

Epoch 197: loss = 0.596584 delta_mae_pts = 0.3888 recap_mae_pts = 0.3888 cat_mae_pts = 0.4738 total_mae_pts = 1.0870 vs_inertia_pts = 0.0249 vs_quad_pts = 0.2573 lr_base = 0.000413 lr_mult = 0.0313 lr_eff = 0.000030 mon_cov = 0.947 mon_score = 3.9430 time = 24201.38 s
Epoch 197 memory(end): tensors=219, buffers=219, bytes=14.7MB

Epoch 198: Weights {"totalWeight":0.1,"recapWeight":0.05,"deltaWeight":9.75,"categoryWeight":0.05,"quantileWeight":0.6968000000000001,"consistencyWeight":0,"identityDropoutRate":0.5345}, Scales {"judgeBias":1,"corps":1}, SeqLen 15, ID_Drop 0.543, WFW 1.500 
Epoch 198 memory(start): tensors=219, buffers=219, bytes=14.7MB

History Bucket Diagnostics (Avg Abs Error per sample, normalized units):
Hist | Count | MAE_Pred | MAE_Base | PredDevFromBase
-----|-------|----------|----------|----------------
0    | 8     | 0.6591   | 3.7696   | 3.7697 
1    | 9     | 0.6105   | 0.9160   | 0.7832 
2    | 11    | 0.5022   | 0.5551   | 0.5406 
3-5  | 59    | 0.4638   | 0.3926   | 0.4403 
6+   | 276   | 0.3520   | 0.2990   | 0.3559 

Epoch 198: loss = 0.599418 delta_mae_pts = 0.3879 recap_mae_pts = 0.3879 cat_mae_pts = 0.4736 total_mae_pts = 1.0886 vs_inertia_pts = 0.0258 vs_quad_pts = 0.2582 lr_base = 0.000410 lr_mult = 0.0313 lr_eff = 0.000030 mon_cov = 0.946 mon_score = 3.9342 time = 24332.24 s
Epoch 198 memory(end): tensors=219, buffers=219, bytes=14.7MB

Epoch 199: Weights {"totalWeight":0.1,"recapWeight":0.05,"deltaWeight":9.75,"categoryWeight":0.05,"quantileWeight":0.7004000000000001,"consistencyWeight":0,"identityDropoutRate":0.5297499999999999}, Scales {"judgeBias":1,"corps":1}, SeqLen 15, ID_Drop 0.523, WFW 1.500 
Epoch 199 memory(start): tensors=219, buffers=219, bytes=14.7MB

History Bucket Diagnostics (Avg Abs Error per sample, normalized units):
Hist | Count | MAE_Pred | MAE_Base | PredDevFromBase
-----|-------|----------|----------|----------------
0    | 8     | 0.6784   | 3.7696   | 3.8075 
1    | 9     | 0.5993   | 0.9160   | 0.7828 
2    | 11    | 0.5041   | 0.5551   | 0.5457 
3-5  | 59    | 0.4641   | 0.3926   | 0.4372 
6+   | 276   | 0.3533   | 0.2990   | 0.3563 

Epoch 199: loss = 0.592145 delta_mae_pts = 0.3892 recap_mae_pts = 0.3892 cat_mae_pts = 0.4744 total_mae_pts = 1.1010 vs_inertia_pts = 0.0246 vs_quad_pts = 0.2570 lr_base = 0.000407 lr_mult = 0.0313 lr_eff = 0.000030 mon_cov = 0.947 mon_score = 3.9475 time = 24463.58 s
Epoch 199 memory(end): tensors=219, buffers=219, bytes=14.7MB

Epoch 200: Weights {"totalWeight":0.1,"recapWeight":0.05,"deltaWeight":9.75,"categoryWeight":0.05,"quantileWeight":0.7040000000000002,"consistencyWeight":0,"identityDropoutRate":0.525}, Scales {"judgeBias":1,"corps":1}, SeqLen 15, ID_Drop 0.523, WFW 1.500 
Epoch 200 memory(start): tensors=219, buffers=219, bytes=14.7MB

History Bucket Diagnostics (Avg Abs Error per sample, normalized units):
Hist | Count | MAE_Pred | MAE_Base | PredDevFromBase
-----|-------|----------|----------|----------------
0    | 8     | 0.6727   | 3.7696   | 3.7883 
1    | 9     | 0.5993   | 0.9160   | 0.7815 
2    | 11    | 0.5034   | 0.5551   | 0.5422 
3-5  | 59    | 0.4674   | 0.3926   | 0.4402 
6+   | 276   | 0.3529   | 0.2990   | 0.3578 

Epoch 200: loss = 0.594610 delta_mae_pts = 0.3892 recap_mae_pts = 0.3892 cat_mae_pts = 0.4757 total_mae_pts = 1.0996 vs_inertia_pts = 0.0245 vs_quad_pts = 0.2569 lr_base = 0.000404 lr_mult = 0.0313 lr_eff = 0.000030 mon_cov = 0.945 mon_score = 3.9482 time = 24593.62 s
Epoch 200 memory(end): tensors=219, buffers=219, bytes=14.7MB

-- - CAPTION STATS(Epoch 200)-- - 
GE1: delta_pts = 0.3611, recap_pts = 0.3611, cov = 0.961, width = 1.9626 
GE2: delta_pts = 0.3161, recap_pts = 0.3161, cov = 0.983, width = 1.9812 
VP: delta_pts = 0.3859, recap_pts = 0.3859, cov = 0.953, width = 1.9859 
VA: delta_pts = 0.3455, recap_pts = 0.3455, cov = 0.964, width = 2.0066 
CG: delta_pts = 0.3951, recap_pts = 0.3951, cov = 0.945, width = 2.0186 
MB: delta_pts = 0.4104, recap_pts = 0.4104, cov = 0.931, width = 1.9856 
MA: delta_pts = 0.4323, recap_pts = 0.4323, cov = 0.926, width = 1.9625 
MP: delta_pts = 0.4673, recap_pts = 0.4673, cov = 0.895, width = 2.0084 
----------------------------------


Epoch 201: Weights {"totalWeight":0.1,"recapWeight":0.05,"deltaWeight":9.75,"categoryWeight":0.05,"quantileWeight":0.7076,"consistencyWeight":0,"identityDropoutRate":0.5202500000000001}, Scales {"judgeBias":1,"corps":1}, SeqLen 15, ID_Drop 0.512, WFW 1.500 
Epoch 201 memory(start): tensors=219, buffers=219, bytes=14.7MB

History Bucket Diagnostics (Avg Abs Error per sample, normalized units):
Hist | Count | MAE_Pred | MAE_Base | PredDevFromBase
-----|-------|----------|----------|----------------
0    | 8     | 0.6699   | 3.7696   | 3.7931 
1    | 9     | 0.5976   | 0.9160   | 0.7775 
2    | 11    | 0.5039   | 0.5551   | 0.5375 
3-5  | 59    | 0.4704   | 0.3926   | 0.4408 
6+   | 276   | 0.3536   | 0.2990   | 0.3575 

Epoch 201: loss = 0.595487 delta_mae_pts = 0.3902 recap_mae_pts = 0.3902 cat_mae_pts = 0.4789 total_mae_pts = 1.1116 vs_inertia_pts = 0.0236 vs_quad_pts = 0.2560 lr_base = 0.000402 lr_mult = 0.0313 lr_eff = 0.000030 mon_cov = 0.944 mon_score = 3.9587 time = 24723.94 s
Epoch 201 memory(end): tensors=219, buffers=219, bytes=14.7MB

Epoch 202: Weights {"totalWeight":0.1,"recapWeight":0.05,"deltaWeight":9.75,"categoryWeight":0.05,"quantileWeight":0.7112,"consistencyWeight":0,"identityDropoutRate":0.5155000000000001}, Scales {"judgeBias":1,"corps":1}, SeqLen 15, ID_Drop 0.523, WFW 1.500 
Epoch 202 memory(start): tensors=219, buffers=219, bytes=14.7MB

History Bucket Diagnostics (Avg Abs Error per sample, normalized units):
Hist | Count | MAE_Pred | MAE_Base | PredDevFromBase
-----|-------|----------|----------|----------------
0    | 8     | 0.6594   | 3.7696   | 3.7811 
1    | 9     | 0.6008   | 0.9160   | 0.7736 
2    | 11    | 0.4991   | 0.5551   | 0.5389 
3-5  | 59    | 0.4712   | 0.3926   | 0.4391 
6+   | 276   | 0.3538   | 0.2990   | 0.3548 

Epoch 202: loss = 0.596724 delta_mae_pts = 0.3901 recap_mae_pts = 0.3901 cat_mae_pts = 0.4785 total_mae_pts = 1.1166 vs_inertia_pts = 0.0236 vs_quad_pts = 0.2560 lr_base = 0.000399 lr_mult = 0.0313 lr_eff = 0.000030 mon_cov = 0.946 mon_score = 3.9589 time = 24852.19 s
Epoch 202 memory(end): tensors=219, buffers=219, bytes=14.7MB

Epoch 203: Weights {"totalWeight":0.1,"recapWeight":0.05,"deltaWeight":9.75,"categoryWeight":0.05,"quantileWeight":0.7147999999999999,"consistencyWeight":0,"identityDropoutRate":0.51075}, Scales {"judgeBias":1,"corps":1}, SeqLen 15, ID_Drop 0.508, WFW 1.500 
Epoch 203 memory(start): tensors=219, buffers=219, bytes=14.7MB

History Bucket Diagnostics (Avg Abs Error per sample, normalized units):
Hist | Count | MAE_Pred | MAE_Base | PredDevFromBase
-----|-------|----------|----------|----------------
0    | 8     | 0.6723   | 3.7696   | 3.7803 
1    | 9     | 0.6010   | 0.9160   | 0.7717 
2    | 11    | 0.5032   | 0.5551   | 0.5399 
3-5  | 59    | 0.4655   | 0.3926   | 0.4454 
6+   | 276   | 0.3546   | 0.2990   | 0.3600 

Epoch 203: loss = 0.589805 delta_mae_pts = 0.3903 recap_mae_pts = 0.3903 cat_mae_pts = 0.4782 total_mae_pts = 1.1015 vs_inertia_pts = 0.0235 vs_quad_pts = 0.2559 lr_base = 0.000396 lr_mult = 0.0313 lr_eff = 0.000030 mon_cov = 0.946 mon_score = 3.9586 time = 24982.19 s
Epoch 203 memory(end): tensors=219, buffers=219, bytes=14.7MB

Epoch 204: Weights {"totalWeight":0.1,"recapWeight":0.05,"deltaWeight":9.75,"categoryWeight":0.05,"quantileWeight":0.7183999999999999,"consistencyWeight":0,"identityDropoutRate":0.506}, Scales {"judgeBias":1,"corps":1}, SeqLen 15, ID_Drop 0.512, WFW 1.500 
Epoch 204 memory(start): tensors=219, buffers=219, bytes=14.7MB

History Bucket Diagnostics (Avg Abs Error per sample, normalized units):
Hist | Count | MAE_Pred | MAE_Base | PredDevFromBase
-----|-------|----------|----------|----------------
0    | 8     | 0.6751   | 3.7696   | 3.8045 
1    | 9     | 0.6014   | 0.9160   | 0.7926 
2    | 11    | 0.5050   | 0.5551   | 0.5578 
3-5  | 59    | 0.4621   | 0.3926   | 0.4464 
6+   | 276   | 0.3538   | 0.2990   | 0.3617 

Epoch 204: loss = 0.595686 delta_mae_pts = 0.3892 recap_mae_pts = 0.3892 cat_mae_pts = 0.4743 total_mae_pts = 1.0884 vs_inertia_pts = 0.0245 vs_quad_pts = 0.2570 lr_base = 0.000393 lr_mult = 0.0313 lr_eff = 0.000030 mon_cov = 0.944 mon_score = 3.9465 time = 25110.85 s
Epoch 204 memory(end): tensors=219, buffers=219, bytes=14.7MB

Epoch 205: Weights {"totalWeight":0.1,"recapWeight":0.05,"deltaWeight":9.75,"categoryWeight":0.05,"quantileWeight":0.722,"consistencyWeight":0,"identityDropoutRate":0.50125}, Scales {"judgeBias":1,"corps":1}, SeqLen 15, ID_Drop 0.498, WFW 1.500 
Epoch 205 memory(start): tensors=219, buffers=219, bytes=14.7MB

History Bucket Diagnostics (Avg Abs Error per sample, normalized units):
Hist | Count | MAE_Pred | MAE_Base | PredDevFromBase
-----|-------|----------|----------|----------------
0    | 8     | 0.6782   | 3.7696   | 3.7952 
1    | 9     | 0.6042   | 0.9160   | 0.7672 
2    | 11    | 0.4980   | 0.5551   | 0.5365 
3-5  | 59    | 0.4719   | 0.3926   | 0.4395 
6+   | 276   | 0.3572   | 0.2990   | 0.3583 

Epoch 205: loss = 0.588537 delta_mae_pts = 0.3933 recap_mae_pts = 0.3933 cat_mae_pts = 0.4818 total_mae_pts = 1.1235 vs_inertia_pts = 0.0204 vs_quad_pts = 0.2529 lr_base = 0.000390 lr_mult = 0.0313 lr_eff = 0.000030 mon_cov = 0.945 mon_score = 3.9908 time = 25240.47 s
Epoch 205 memory(end): tensors=219, buffers=219, bytes=14.7MB

Epoch 206: Weights {"totalWeight":0.1,"recapWeight":0.05,"deltaWeight":9.75,"categoryWeight":0.05,"quantileWeight":0.7256,"consistencyWeight":0,"identityDropoutRate":0.49650000000000005}, Scales {"judgeBias":1,"corps":1}, SeqLen 15, ID_Drop 0.498, WFW 1.500 
Epoch 206 memory(start): tensors=219, buffers=219, bytes=14.7MB

History Bucket Diagnostics (Avg Abs Error per sample, normalized units):
Hist | Count | MAE_Pred | MAE_Base | PredDevFromBase
-----|-------|----------|----------|----------------
0    | 8     | 0.6789   | 3.7696   | 3.8076 
1    | 9     | 0.6033   | 0.9160   | 0.7826 
2    | 11    | 0.5059   | 0.5551   | 0.5490 
3-5  | 59    | 0.4654   | 0.3926   | 0.4438 
6+   | 276   | 0.3541   | 0.2990   | 0.3608 

Epoch 206: loss = 0.593732 delta_mae_pts = 0.3901 recap_mae_pts = 0.3901 cat_mae_pts = 0.4763 total_mae_pts = 1.0988 vs_inertia_pts = 0.0236 vs_quad_pts = 0.2560 lr_base = 0.000387 lr_mult = 0.0313 lr_eff = 0.000030 mon_cov = 0.945 mon_score = 3.9571 time = 25369.57 s
Epoch 206 memory(end): tensors=219, buffers=219, bytes=14.7MB

Epoch 207: Weights {"totalWeight":0.1,"recapWeight":0.05,"deltaWeight":9.75,"categoryWeight":0.05,"quantileWeight":0.7292000000000001,"consistencyWeight":0,"identityDropoutRate":0.49175}, Scales {"judgeBias":1,"corps":1}, SeqLen 15, ID_Drop 0.484, WFW 1.500 
Epoch 207 memory(start): tensors=219, buffers=219, bytes=14.7MB

History Bucket Diagnostics (Avg Abs Error per sample, normalized units):
Hist | Count | MAE_Pred | MAE_Base | PredDevFromBase
-----|-------|----------|----------|----------------
0    | 8     | 0.6758   | 3.7696   | 3.8145 
1    | 9     | 0.5996   | 0.9160   | 0.7788 
2    | 11    | 0.5029   | 0.5551   | 0.5414 
3-5  | 59    | 0.4695   | 0.3926   | 0.4418 
6+   | 276   | 0.3563   | 0.2990   | 0.3608 

Epoch 207: loss = 0.593909 delta_mae_pts = 0.3922 recap_mae_pts = 0.3922 cat_mae_pts = 0.4776 total_mae_pts = 1.1084 vs_inertia_pts = 0.0215 vs_quad_pts = 0.2540 lr_base = 0.000384 lr_mult = 0.0313 lr_eff = 0.000030 mon_cov = 0.943 mon_score = 3.9782 time = 25499.15 s
Epoch 207 memory(end): tensors=219, buffers=219, bytes=14.7MB

Epoch 208: Weights {"totalWeight":0.1,"recapWeight":0.05,"deltaWeight":9.75,"categoryWeight":0.05,"quantileWeight":0.7327999999999999,"consistencyWeight":0,"identityDropoutRate":0.487}, Scales {"judgeBias":1,"corps":1}, SeqLen 15, ID_Drop 0.499, WFW 1.500 
Epoch 208 memory(start): tensors=219, buffers=219, bytes=14.7MB

History Bucket Diagnostics (Avg Abs Error per sample, normalized units):
Hist | Count | MAE_Pred | MAE_Base | PredDevFromBase
-----|-------|----------|----------|----------------
0    | 8     | 0.6760   | 3.7696   | 3.8066 
1    | 9     | 0.6031   | 0.9160   | 0.7857 
2    | 11    | 0.5024   | 0.5551   | 0.5517 
3-5  | 59    | 0.4690   | 0.3926   | 0.4447 
6+   | 276   | 0.3555   | 0.2990   | 0.3608 

Epoch 208: loss = 0.596659 delta_mae_pts = 0.3916 recap_mae_pts = 0.3916 cat_mae_pts = 0.4783 total_mae_pts = 1.1018 vs_inertia_pts = 0.0221 vs_quad_pts = 0.2545 lr_base = 0.000381 lr_mult = 0.0313 lr_eff = 0.000030 mon_cov = 0.946 mon_score = 3.9720 time = 25629.55 s
Epoch 208 memory(end): tensors=219, buffers=219, bytes=14.7MB

Epoch 209: Weights {"totalWeight":0.1,"recapWeight":0.05,"deltaWeight":9.75,"categoryWeight":0.05,"quantileWeight":0.7363999999999999,"consistencyWeight":0,"identityDropoutRate":0.48224999999999996}, Scales {"judgeBias":1,"corps":1}, SeqLen 15, ID_Drop 0.486, WFW 1.500 
Epoch 209 memory(start): tensors=219, buffers=219, bytes=14.7MB

History Bucket Diagnostics (Avg Abs Error per sample, normalized units):
Hist | Count | MAE_Pred | MAE_Base | PredDevFromBase
-----|-------|----------|----------|----------------
0    | 8     | 0.6934   | 3.7696   | 3.8260 
1    | 9     | 0.6103   | 0.9160   | 0.7923 
2    | 11    | 0.5069   | 0.5551   | 0.5579 
3-5  | 59    | 0.4663   | 0.3926   | 0.4469 
6+   | 276   | 0.3550   | 0.2990   | 0.3618 

Epoch 209: loss = 0.594090 delta_mae_pts = 0.3915 recap_mae_pts = 0.3915 cat_mae_pts = 0.4765 total_mae_pts = 1.1050 vs_inertia_pts = 0.0223 vs_quad_pts = 0.2547 lr_base = 0.000378 lr_mult = 0.0313 lr_eff = 0.000030 mon_cov = 0.946 mon_score = 3.9707 time = 25759.09 s
Epoch 209 memory(end): tensors=219, buffers=219, bytes=14.7MB

Epoch 210: Weights {"totalWeight":0.1,"recapWeight":0.05,"deltaWeight":9.75,"categoryWeight":0.05,"quantileWeight":0.74,"consistencyWeight":0,"identityDropoutRate":0.47750000000000004}, Scales {"judgeBias":1,"corps":1}, SeqLen 15, ID_Drop 0.482, WFW 1.500 
Epoch 210 memory(start): tensors=219, buffers=219, bytes=14.7MB

History Bucket Diagnostics (Avg Abs Error per sample, normalized units):
Hist | Count | MAE_Pred | MAE_Base | PredDevFromBase
-----|-------|----------|----------|----------------
0    | 8     | 0.6630   | 3.7696   | 3.7793 
1    | 9     | 0.6076   | 0.9160   | 0.7861 
2    | 11    | 0.5087   | 0.5551   | 0.5464 
3-5  | 59    | 0.4637   | 0.3926   | 0.4425 
6+   | 276   | 0.3540   | 0.2990   | 0.3598 

Epoch 210: loss = 0.594657 delta_mae_pts = 0.3896 recap_mae_pts = 0.3896 cat_mae_pts = 0.4771 total_mae_pts = 1.0983 vs_inertia_pts = 0.0241 vs_quad_pts = 0.2566 lr_base = 0.000376 lr_mult = 0.0313 lr_eff = 0.000030 mon_cov = 0.944 mon_score = 3.9517 time = 25888.65 s
Epoch 210 memory(end): tensors=219, buffers=219, bytes=14.7MB

Epoch 211: Weights {"totalWeight":0.1,"recapWeight":0.05,"deltaWeight":9.75,"categoryWeight":0.05,"quantileWeight":0.7436,"consistencyWeight":0,"identityDropoutRate":0.47275}, Scales {"judgeBias":1,"corps":1}, SeqLen 15, ID_Drop 0.472, WFW 1.500 
Epoch 211 memory(start): tensors=219, buffers=219, bytes=14.7MB

History Bucket Diagnostics (Avg Abs Error per sample, normalized units):
Hist | Count | MAE_Pred | MAE_Base | PredDevFromBase
-----|-------|----------|----------|----------------
0    | 8     | 0.6926   | 3.7696   | 3.8359 
1    | 9     | 0.6022   | 0.9160   | 0.7967 
2    | 11    | 0.5130   | 0.5551   | 0.5523 
3-5  | 59    | 0.4711   | 0.3926   | 0.4451 
6+   | 276   | 0.3561   | 0.2990   | 0.3586 

Epoch 211: loss = 0.586709 delta_mae_pts = 0.3931 recap_mae_pts = 0.3931 cat_mae_pts = 0.4814 total_mae_pts = 1.1249 vs_inertia_pts = 0.0207 vs_quad_pts = 0.2531 lr_base = 0.000373 lr_mult = 0.0313 lr_eff = 0.000030 mon_cov = 0.945 mon_score = 3.9886 time = 26018.95 s
Epoch 211 memory(end): tensors=219, buffers=219, bytes=14.7MB
Early stopping at epoch 211 
Selecting final weights: best-checkpoint
Saving final production model to models\v9_subcaption_fixed\v9fix_shared_datefwd_ctrl_1779389830762...

--- EVALUATION: validation (363 rows) ---
validation: delta_mae_pts=0.3787, recap_mae_pts=0.3787, total_mae_pts=1.0313, coverage=0.952, width=1.9915

--- EVALUATION: test_all (52 rows) ---
test_all: delta_mae_pts=0.3252, recap_mae_pts=0.3252, total_mae_pts=0.6142, coverage=0.974, width=1.8991

--- EVALUATION: test_world_class (33 rows) ---
test_world_class: delta_mae_pts=0.3004, recap_mae_pts=0.3004, total_mae_pts=0.6469, coverage=0.989, width=1.8637

--- EVALUATION: test_open_class (19 rows) ---
test_open_class: delta_mae_pts=0.3636, recap_mae_pts=0.3636, total_mae_pts=0.5972, coverage=0.947, width=1.9606

--- EVALUATION: test_championship_week (47 rows) ---
test_championship_week: delta_mae_pts=0.3286, recap_mae_pts=0.3286, total_mae_pts=0.6576, coverage=0.973, width=1.8898
Production training complete.
