2026-05-22 06:19:24.863562: I tensorflow/core/platform/cpu_feature_guard.cc:193] This TensorFlow binary is optimized with oneAPI Deep Neural Network Library (oneDNN) to use the following CPU instructions in performance-critical operations:  AVX2
To enable them in other operations, rebuild TensorFlow with the appropriate compiler flags.
coverage-sharpness=4 is aggressive; if training gets unstable, retry with --coverage-sharpness 3.0
Loading V9 sequence data...
Validation split (date-forward) grouped by show/date: 6906 train rows, 363 validation rows.
Saved normalization stats to ./results/v9-subcaption-target-norm.json

AUDIT SUCCESS: Leakage prevention verified for caption blocks
V10 Splits -> Train: 6906, Val: 363, Test: 52 
Baselines(monitoring forecast MAE): zero = 16.4356, mean = 2.0004, ema = 1.1564, quad = 0.6462
Orthogonal initializer is being called on a matrix with more than 2000 (65536) elements: Slowness may result.
Orthogonal initializer is being called on a matrix with more than 2000 (65536) elements: Slowness may result.
Orthogonal initializer is being called on a matrix with more than 2000 (16384) elements: Slowness may result.
Orthogonal initializer is being called on a matrix with more than 2000 (16384) elements: Slowness may result.
___________________________________________________________________________________________________________________
Layer (type)               Input Shape                 Output shape             Param #     Receives inputs        
===================================================================================================================
sequence (InputLayer)      [[null,15,101]]             [null,15,101]            0                                  
___________________________________________________________________________________________________________________
bidirectional_Bidirectiona [[null,15,101]]             [null,15,256]            235520      sequence[0][0]         
___________________________________________________________________________________________________________________
layer_normalization_LayerN [[null,15,256]]             [null,15,256]            512         bidirectional_Bidirecti
___________________________________________________________________________________________________________________
bidirectional_Bidirectiona [[null,15,256]]             [null,15,128]            164352      layer_normalization_Lay
___________________________________________________________________________________________________________________
layer_normalization_LayerN [[null,15,128]]             [null,15,128]            256         bidirectional_Bidirecti
___________________________________________________________________________________________________________________
dense_Dense1 (Dense)       [[null,15,128]]             [null,15,1]              129         layer_normalization_Lay
___________________________________________________________________________________________________________________
reshape_Reshape1 (Reshape) [[null,15,1]]               [null,15]                0           dense_Dense1[0][0]     
___________________________________________________________________________________________________________________
mask (InputLayer)          [[null,15]]                 [null,15]                0                                  
___________________________________________________________________________________________________________________
masked_softmax_MaskedSoftm [[null,15],[null,15]]       [null,15]                0           reshape_Reshape1[0][0] 
                                                                                            mask[0][0]             
___________________________________________________________________________________________________________________
judge_ids (InputLayer)     [[null,8]]                  [null,8]                 0                                  
___________________________________________________________________________________________________________________
agnostic_show_id (InputLay [[null,1]]                  [null,1]                 0                                  
___________________________________________________________________________________________________________________
reshape_Reshape2 (Reshape) [[null,15]]                 [null,15,1]              0           masked_softmax_MaskedSo
___________________________________________________________________________________________________________________
judge_embedding (Embedding [[null,8]]                  [null,8,24]              5880        judge_ids[0][0]        
___________________________________________________________________________________________________________________
agnostic_show_embedding (E [[null,1]]                  [null,1,12]              4188        agnostic_show_id[0][0] 
___________________________________________________________________________________________________________________
attention_pool (AttentionP [[null,15,1],[null,15,128]] [null,128]               0           reshape_Reshape2[0][0] 
                                                                                            layer_normalization_Lay
___________________________________________________________________________________________________________________
static (InputLayer)        [[null,177]]                [null,177]               0                                  
___________________________________________________________________________________________________________________
flatten_Flatten1 (Flatten) [[null,8,24]]               [null,192]               0           judge_embedding[0][0]  
___________________________________________________________________________________________________________________
baseline_recap (InputLayer [[null,8]]                  [null,8]                 0                                  
___________________________________________________________________________________________________________________
last_step (LastStepLayer)  [[null,15,101]]             [null,101]               0           sequence[0][0]         
___________________________________________________________________________________________________________________
flatten_Flatten3 (Flatten) [[null,1,12]]               [null,12]                0           agnostic_show_embedding
___________________________________________________________________________________________________________________
concatenate_Concatenate1 ( [[null,128],[null,177],[nul [null,618]               0           attention_pool[0][0]   
                                                                                            static[0][0]           
                                                                                            flatten_Flatten1[0][0] 
                                                                                            baseline_recap[0][0]   
                                                                                            last_step[0][0]        
                                                                                            flatten_Flatten3[0][0] 
___________________________________________________________________________________________________________________
dense_Dense2 (Dense)       [[null,618]]                [null,512]               316928      concatenate_Concatenate
___________________________________________________________________________________________________________________
dropout_Dropout1 (Dropout) [[null,512]]                [null,512]               0           dense_Dense2[0][0]     
___________________________________________________________________________________________________________________
dense_Dense3 (Dense)       [[null,512]]                [null,256]               131328      dropout_Dropout1[0][0] 
___________________________________________________________________________________________________________________
dropout_Dropout2 (Dropout) [[null,256]]                [null,256]               0           dense_Dense3[0][0]     
___________________________________________________________________________________________________________________
strength (Dense)           [[null,128]]                [null,24]                3096        attention_pool[0][0]   
___________________________________________________________________________________________________________________
corps_id (InputLayer)      [[null,1]]                  [null,1]                 0                                  
___________________________________________________________________________________________________________________
concatenate_Concatenate2 ( [[null,256],[null,177],[nul [null,457]               0           dropout_Dropout2[0][0] 
                                                                                            static[0][0]           
                                                                                            strength[0][0]         
___________________________________________________________________________________________________________________
corps_embedding (Embedding [[null,1]]                  [null,1,20]              14180       corps_id[0][0]         
___________________________________________________________________________________________________________________
accuracy_trunk (Dense)     [[null,457]]                [null,128]               58624       concatenate_Concatenate
___________________________________________________________________________________________________________________
flatten_Flatten2 (Flatten) [[null,1,20]]               [null,20]                0           corps_embedding[0][0]  
___________________________________________________________________________________________________________________
dropout_Dropout3 (Dropout) [[null,128]]                [null,128]               0           accuracy_trunk[0][0]   
___________________________________________________________________________________________________________________
judge_bias_raw (Dense)     [[null,192]]                [null,8]                 1544        flatten_Flatten1[0][0] 
___________________________________________________________________________________________________________________
judge_bias_scale (InputLay [[null,1]]                  [null,1]                 0                                  
___________________________________________________________________________________________________________________
corps_corr_raw (Dense)     [[null,20]]                 [null,8]                 168         flatten_Flatten2[0][0] 
___________________________________________________________________________________________________________________
corps_scale (InputLayer)   [[null,1]]                  [null,1]                 0                                  
___________________________________________________________________________________________________________________
history_len (InputLayer)   [[null,1]]                  [null,1]                 0                                  
___________________________________________________________________________________________________________________
delta_q50_base (Dense)     [[null,128]]                [null,8]                 1032        dropout_Dropout3[0][0] 
___________________________________________________________________________________________________________________
judge_bias_gated (LambdaSc [[null,8],[null,1]]         [null,8]                 0           judge_bias_raw[0][0]   
                                                                                            judge_bias_scale[0][0] 
___________________________________________________________________________________________________________________
corps_corr_gated (LambdaSc [[null,8],[null,1]]         [null,8]                 0           corps_corr_raw[0][0]   
                                                                                            corps_scale[0][0]      
___________________________________________________________________________________________________________________
width_concat (Concatenate) [[null,457],[null,192],[nul [null,650]               0           concatenate_Concatenate
                                                                                            flatten_Flatten1[0][0] 
                                                                                            history_len[0][0]      
___________________________________________________________________________________________________________________
delta_q50 (Add)            [[null,8],[null,8],[null,8] [null,8]                 0           delta_q50_base[0][0]   
                                                                                            judge_bias_gated[0][0] 
                                                                                            corps_corr_gated[0][0] 
___________________________________________________________________________________________________________________
q10_width_raw (Dense)      [[null,650]]                [null,8]                 5208        width_concat[0][0]     
___________________________________________________________________________________________________________________
q10_width (Activation)     [[null,8]]                  [null,8]                 0           q10_width_raw[0][0]    
___________________________________________________________________________________________________________________
q90_width_raw (Dense)      [[null,650]]                [null,8]                 5208        width_concat[0][0]     
___________________________________________________________________________________________________________________
recap_head (RecapLayer)    [[null,8],[null,8]]         [null,8]                 0           delta_q50[0][0]        
                                                                                            baseline_recap[0][0]   
___________________________________________________________________________________________________________________
q10_width_neg (NegationLay [[null,8]]                  [null,8]                 0           q10_width[0][0]        
___________________________________________________________________________________________________________________
q90_width (Activation)     [[null,8]]                  [null,8]                 0           q90_width_raw[0][0]    
___________________________________________________________________________________________________________________
category_head (CategoryLay [[null,8]]                  [null,3]                 0           recap_head[0][0]       
___________________________________________________________________________________________________________________
q10_delta (Add)            [[null,8],[null,8]]         [null,8]                 0           delta_q50[0][0]        
                                                                                            q10_width_neg[0][0]    
___________________________________________________________________________________________________________________
q90_delta (Add)            [[null,8],[null,8]]         [null,8]                 0           delta_q50[0][0]        
                                                                                            q90_width[0][0]        
___________________________________________________________________________________________________________________
total_head (TotalLayer)    [[null,3]]                  [null,1]                 0           category_head[0][0]    
___________________________________________________________________________________________________________________
output (Concatenate)       [[null,8],[null,8],[null,8] [null,36]                0           q10_delta[0][0]        
                                                                                            delta_q50[0][0]        
                                                                                            q90_delta[0][0]        
                                                                                            recap_head[0][0]       
                                                                                            category_head[0][0]    
                                                                                            total_head[0][0]       
===================================================================================================================
Total params: 948153
Trainable params: 948153
Non-trainable params: 0
___________________________________________________________________________________________________________________

--- DERIVATION EXACTNESS CHECK ---
MaskedSoftmax shapes: [ 1, 15 ] [ 1, 15 ] [ 1, 15 ] [ 1, 15 ]
Recap Points: [
  '15.01', '14.98',
  '15.02', '14.89',
  '14.98', '15.04',
  '15.14', '14.98'
]
GE: Derived = 29.99, Expected = 29.99 
Visual: Derived = 22.45, Expected = 22.45 
Music: Derived = 22.58, Expected = 22.58 
Total: Derived = 75.02, Expected = 75.02 
DERIVATION CHECK SUCCESS

--- SCALE SANITY TEST ---
Sample Row Total: 71.15 (expecting DCI scale, not sum - of - 8)
Sum - of - 8: 113.60 
SCALE SANITY SUCCESS: target total is on DCI scale.


=== V9-IMPROVED: Enhanced Model for 0.2 MAE Target ===
Hyperparameters: lstm1=128, lstm2=64, dropout=0.2, lr=0.00075, batch=128, width_floor_pts=0.5, width_floor_schedule=0.1->1.5, baseline_dropout=0.1, baseline_noise_std=0.25
Model Capacity: 256→128 BiLSTM, Dense 512→256, AccuracyTrunk 128, Judge Emb 24, Corps Emb 20, Show Emb 12
Cached 363 validation samples(seqLen = 15, identityDropout = 0.0)

Epoch 0: Weights {"totalWeight":0.05,"recapWeight":1,"deltaWeight":0.2,"categoryWeight":0.05,"quantileWeight":0.02,"consistencyWeight":0,"identityDropoutRate":0.95}, Scales {"judgeBias":0,"corps":0}, SeqLen 5, ID_Drop 0.948, WFW 0.100 
Epoch 0 memory(start): tensors=102, buffers=102, bytes=3.6MB

History Bucket Diagnostics (Avg Abs Error per sample, normalized units):
Hist | Count | MAE_Pred | MAE_Base | PredDevFromBase
-----|-------|----------|----------|----------------
0    | 8     | 3.7959   | 3.7696   | 0.4295 
1    | 9     | 1.0249   | 0.9160   | 0.4399 
2    | 11    | 0.8194   | 0.5551   | 0.4584 
3-5  | 59    | 0.5735   | 0.3926   | 0.4604 
6+   | 276   | 0.5129   | 0.2990   | 0.4478 

Epoch 0: loss = 0.854923 delta_mae_pts = 0.6171 recap_mae_pts = 0.6171 cat_mae_pts = 0.7591 total_mae_pts = 1.6539 vs_inertia_pts = -0.2034 vs_quad_pts = 0.0291 lr_base = 0.000075 lr_mult = 1.0000 lr_eff = 0.000075 mon_cov = 0.271 mon_score = 2.2710 progress = 1/400 epoch_sec = 130.1 avg_epoch_sec = 130.1 elapsed = 00:02:10 eta = 14:25:25
Epoch 0 memory(end): tensors=180, buffers=180, bytes=11.1MB

-- - CAPTION STATS(Epoch 0)-- - 
GE1: delta_pts = 0.4997, recap_pts = 0.4997, cov = 0.171, width = 0.3005 
GE2: delta_pts = 0.7536, recap_pts = 0.7536, cov = 0.242, width = 0.5662 
VP: delta_pts = 0.6359, recap_pts = 0.6359, cov = 0.259, width = 0.7446 
VA: delta_pts = 0.5262, recap_pts = 0.5262, cov = 0.251, width = 0.3926 
CG: delta_pts = 0.7654, recap_pts = 0.7654, cov = 0.251, width = 0.7105 
MB: delta_pts = 0.5774, recap_pts = 0.5774, cov = 0.639, width = 1.2192 
MA: delta_pts = 0.5809, recap_pts = 0.5809, cov = 0.129, width = 0.4437 
MP: delta_pts = 0.5977, recap_pts = 0.5977, cov = 0.226, width = 0.3608 
----------------------------------

Saved BEST checkpoint @epoch 0 score = 2.2710 -> models\v9_subcaption_fixed\v9fix_shared_datefwd_cov4_1779445168283\best 

Epoch 1: Weights {"totalWeight":0.05,"recapWeight":1,"deltaWeight":0.2,"categoryWeight":0.05,"quantileWeight":0.02,"consistencyWeight":0,"identityDropoutRate":0.95}, Scales {"judgeBias":0.016666666666666666,"corps":0}, SeqLen 5, ID_Drop 0.951, WFW 0.100 
Epoch 1 memory(start): tensors=219, buffers=180, bytes=14.7MB

History Bucket Diagnostics (Avg Abs Error per sample, normalized units):
Hist | Count | MAE_Pred | MAE_Base | PredDevFromBase
-----|-------|----------|----------|----------------
0    | 8     | 3.4108   | 3.7696   | 0.7706 
1    | 9     | 0.8636   | 0.9160   | 0.5154 
2    | 11    | 0.6875   | 0.5551   | 0.4472 
3-5  | 59    | 0.4613   | 0.3926   | 0.3857 
6+   | 276   | 0.4432   | 0.2990   | 0.3603 

Epoch 1: loss = 0.566520 delta_mae_pts = 0.5293 recap_mae_pts = 0.5293 cat_mae_pts = 0.6246 total_mae_pts = 1.3290 vs_inertia_pts = -0.1156 vs_quad_pts = 0.1168 lr_base = 0.000150 lr_mult = 1.0000 lr_eff = 0.000150 mon_cov = 0.726 mon_score = 1.8583 progress = 2/400 epoch_sec = 130.5 avg_epoch_sec = 130.3 elapsed = 00:04:21 eta = 14:24:30
Epoch 1 memory(end): tensors=219, buffers=219, bytes=14.7MB
Saved BEST checkpoint @epoch 1 score = 1.8583 -> models\v9_subcaption_fixed\v9fix_shared_datefwd_cov4_1779445168283\best 

Epoch 2: Weights {"totalWeight":0.05,"recapWeight":1,"deltaWeight":0.2,"categoryWeight":0.05,"quantileWeight":0.02,"consistencyWeight":0,"identityDropoutRate":0.95}, Scales {"judgeBias":0.03333333333333333,"corps":0}, SeqLen 5, ID_Drop 0.951, WFW 0.100 
Epoch 2 memory(start): tensors=219, buffers=180, bytes=14.7MB

History Bucket Diagnostics (Avg Abs Error per sample, normalized units):
Hist | Count | MAE_Pred | MAE_Base | PredDevFromBase
-----|-------|----------|----------|----------------
0    | 8     | 2.0969   | 3.7696   | 1.9226 
1    | 9     | 0.7813   | 0.9160   | 0.4753 
2    | 11    | 0.6192   | 0.5551   | 0.4045 
3-5  | 59    | 0.4179   | 0.3926   | 0.4073 
6+   | 276   | 0.4161   | 0.2990   | 0.3357 

Epoch 2: loss = 0.378321 delta_mae_pts = 0.4686 recap_mae_pts = 0.4686 cat_mae_pts = 0.5740 total_mae_pts = 1.2440 vs_inertia_pts = -0.0549 vs_quad_pts = 0.1776 lr_base = 0.000225 lr_mult = 1.0000 lr_eff = 0.000225 mon_cov = 0.806 mon_score = 1.7126 progress = 3/400 epoch_sec = 128.3 avg_epoch_sec = 129.7 elapsed = 00:06:29 eta = 14:17:55
Epoch 2 memory(end): tensors=219, buffers=219, bytes=14.7MB
Saved BEST checkpoint @epoch 2 score = 1.7126 -> models\v9_subcaption_fixed\v9fix_shared_datefwd_cov4_1779445168283\best 

Epoch 3: Weights {"totalWeight":0.05,"recapWeight":1,"deltaWeight":0.2,"categoryWeight":0.05,"quantileWeight":0.02,"consistencyWeight":0,"identityDropoutRate":0.95}, Scales {"judgeBias":0.05,"corps":0}, SeqLen 5, ID_Drop 0.952, WFW 0.100 
Epoch 3 memory(start): tensors=219, buffers=180, bytes=14.7MB

History Bucket Diagnostics (Avg Abs Error per sample, normalized units):
Hist | Count | MAE_Pred | MAE_Base | PredDevFromBase
-----|-------|----------|----------|----------------
0    | 8     | 0.8629   | 3.7696   | 3.2054 
1    | 9     | 0.8534   | 0.9160   | 0.3588 
2    | 11    | 0.6997   | 0.5551   | 0.3140 
3-5  | 59    | 0.4799   | 0.3926   | 0.2894 
6+   | 276   | 0.4227   | 0.2990   | 0.3026 

Epoch 3: loss = 0.259811 delta_mae_pts = 0.4608 recap_mae_pts = 0.4608 cat_mae_pts = 0.5844 total_mae_pts = 1.3917 vs_inertia_pts = -0.0470 vs_quad_pts = 0.1854 lr_base = 0.000300 lr_mult = 1.0000 lr_eff = 0.000300 mon_cov = 0.871 mon_score = 1.8525 progress = 4/400 epoch_sec = 127.9 avg_epoch_sec = 129.2 elapsed = 00:08:37 eta = 14:12:49
Epoch 3 memory(end): tensors=219, buffers=219, bytes=14.7MB

Epoch 4: Weights {"totalWeight":0.05,"recapWeight":1,"deltaWeight":0.2,"categoryWeight":0.05,"quantileWeight":0.02,"consistencyWeight":0,"identityDropoutRate":0.95}, Scales {"judgeBias":0.06666666666666667,"corps":0}, SeqLen 5, ID_Drop 0.949, WFW 0.100 
Epoch 4 memory(start): tensors=219, buffers=219, bytes=14.7MB

History Bucket Diagnostics (Avg Abs Error per sample, normalized units):
Hist | Count | MAE_Pred | MAE_Base | PredDevFromBase
-----|-------|----------|----------|----------------
0    | 8     | 0.8386   | 3.7696   | 3.9222 
1    | 9     | 0.7649   | 0.9160   | 0.6214 
2    | 11    | 0.6503   | 0.5551   | 0.3442 
3-5  | 59    | 0.4881   | 0.3926   | 0.2908 
6+   | 276   | 0.4249   | 0.2990   | 0.2942 

Epoch 4: loss = 0.227324 delta_mae_pts = 0.4596 recap_mae_pts = 0.4596 cat_mae_pts = 0.5895 total_mae_pts = 1.4639 vs_inertia_pts = -0.0458 vs_quad_pts = 0.1866 lr_base = 0.000375 lr_mult = 1.0000 lr_eff = 0.000375 mon_cov = 0.869 mon_score = 1.9235 progress = 5/400 epoch_sec = 129.8 avg_epoch_sec = 129.3 elapsed = 00:10:47 eta = 14:11:25
Epoch 4 memory(end): tensors=219, buffers=219, bytes=14.7MB

Epoch 5: Weights {"totalWeight":0.05,"recapWeight":1,"deltaWeight":0.2,"categoryWeight":0.05,"quantileWeight":0.02,"consistencyWeight":0,"identityDropoutRate":0.95}, Scales {"judgeBias":0.08333333333333333,"corps":0}, SeqLen 5, ID_Drop 0.952, WFW 0.100 
Epoch 5 memory(start): tensors=219, buffers=219, bytes=14.7MB

History Bucket Diagnostics (Avg Abs Error per sample, normalized units):
Hist | Count | MAE_Pred | MAE_Base | PredDevFromBase
-----|-------|----------|----------|----------------
0    | 8     | 0.7953   | 3.7696   | 3.6461 
1    | 9     | 0.8168   | 0.9160   | 0.4927 
2    | 11    | 0.6894   | 0.5551   | 0.3614 
3-5  | 59    | 0.5068   | 0.3926   | 0.3987 
6+   | 276   | 0.4074   | 0.2990   | 0.3427 

Epoch 5: loss = 0.197937 delta_mae_pts = 0.4508 recap_mae_pts = 0.4508 cat_mae_pts = 0.5842 total_mae_pts = 1.4399 vs_inertia_pts = -0.0371 vs_quad_pts = 0.1953 lr_base = 0.000450 lr_mult = 1.0000 lr_eff = 0.000450 mon_cov = 0.883 mon_score = 1.8908 progress = 6/400 epoch_sec = 128.9 avg_epoch_sec = 129.3 elapsed = 00:12:56 eta = 14:08:48
Epoch 5 memory(end): tensors=219, buffers=219, bytes=14.7MB

Epoch 6: Weights {"totalWeight":0.05,"recapWeight":1,"deltaWeight":0.2,"categoryWeight":0.05,"quantileWeight":0.02,"consistencyWeight":0,"identityDropoutRate":0.95}, Scales {"judgeBias":0.1,"corps":0}, SeqLen 5, ID_Drop 0.949, WFW 0.100 
Epoch 6 memory(start): tensors=219, buffers=219, bytes=14.7MB

History Bucket Diagnostics (Avg Abs Error per sample, normalized units):
Hist | Count | MAE_Pred | MAE_Base | PredDevFromBase
-----|-------|----------|----------|----------------
0    | 8     | 1.3060   | 3.7696   | 4.5412 
1    | 9     | 0.6836   | 0.9160   | 0.7393 
2    | 11    | 0.5705   | 0.5551   | 0.4188 
3-5  | 59    | 0.4696   | 0.3926   | 0.4310 
6+   | 276   | 0.4187   | 0.2990   | 0.3647 

Epoch 6: loss = 0.181515 delta_mae_pts = 0.4577 recap_mae_pts = 0.4577 cat_mae_pts = 0.6075 total_mae_pts = 1.5896 vs_inertia_pts = -0.0439 vs_quad_pts = 0.1885 lr_base = 0.000525 lr_mult = 1.0000 lr_eff = 0.000525 mon_cov = 0.854 mon_score = 2.0473 progress = 7/400 epoch_sec = 127.8 avg_epoch_sec = 129.1 elapsed = 00:15:03 eta = 14:05:18
Epoch 6 memory(end): tensors=219, buffers=219, bytes=14.7MB

Epoch 7: Weights {"totalWeight":0.05,"recapWeight":1,"deltaWeight":0.2,"categoryWeight":0.05,"quantileWeight":0.02,"consistencyWeight":0,"identityDropoutRate":0.95}, Scales {"judgeBias":0.11666666666666667,"corps":0}, SeqLen 5, ID_Drop 0.946, WFW 0.100 
Epoch 7 memory(start): tensors=219, buffers=219, bytes=14.7MB

History Bucket Diagnostics (Avg Abs Error per sample, normalized units):
Hist | Count | MAE_Pred | MAE_Base | PredDevFromBase
-----|-------|----------|----------|----------------
0    | 8     | 0.8288   | 3.7696   | 3.6313 
1    | 9     | 0.7485   | 0.9160   | 0.7557 
2    | 11    | 0.6164   | 0.5551   | 0.4799 
3-5  | 59    | 0.5061   | 0.3926   | 0.5295 
6+   | 276   | 0.4772   | 0.2990   | 0.4903 

Epoch 7: loss = 0.189683 delta_mae_pts = 0.5006 recap_mae_pts = 0.5006 cat_mae_pts = 0.7062 total_mae_pts = 1.9118 vs_inertia_pts = -0.0868 vs_quad_pts = 0.1456 lr_base = 0.000600 lr_mult = 1.0000 lr_eff = 0.000600 mon_cov = 0.844 mon_score = 2.4123 progress = 8/400 epoch_sec = 129.0 avg_epoch_sec = 129.0 elapsed = 00:17:12 eta = 14:03:04
Epoch 7 memory(end): tensors=219, buffers=219, bytes=14.7MB

Epoch 8: Weights {"totalWeight":0.05,"recapWeight":1,"deltaWeight":0.2,"categoryWeight":0.05,"quantileWeight":0.02,"consistencyWeight":0,"identityDropoutRate":0.95}, Scales {"judgeBias":0.13333333333333333,"corps":0}, SeqLen 5, ID_Drop 0.951, WFW 0.100 
Epoch 8 memory(start): tensors=219, buffers=219, bytes=14.7MB

History Bucket Diagnostics (Avg Abs Error per sample, normalized units):
Hist | Count | MAE_Pred | MAE_Base | PredDevFromBase
-----|-------|----------|----------|----------------
0    | 8     | 0.9171   | 3.7696   | 4.2613 
1    | 9     | 0.7679   | 0.9160   | 0.9513 
2    | 11    | 0.5449   | 0.5551   | 0.5321 
3-5  | 59    | 0.4463   | 0.3926   | 0.4853 
6+   | 276   | 0.4909   | 0.2990   | 0.5074 

Epoch 8: loss = 0.187700 delta_mae_pts = 0.5016 recap_mae_pts = 0.5016 cat_mae_pts = 0.7325 total_mae_pts = 1.9706 vs_inertia_pts = -0.0879 vs_quad_pts = 0.1446 lr_base = 0.000675 lr_mult = 1.0000 lr_eff = 0.000675 mon_cov = 0.894 mon_score = 2.4722 progress = 9/400 epoch_sec = 129.3 avg_epoch_sec = 129.1 elapsed = 00:19:22 eta = 14:01:08
Epoch 8 memory(end): tensors=219, buffers=219, bytes=14.7MB

Epoch 9: Weights {"totalWeight":0.05,"recapWeight":1,"deltaWeight":0.2,"categoryWeight":0.05,"quantileWeight":0.02,"consistencyWeight":0,"identityDropoutRate":0.95}, Scales {"judgeBias":0.15,"corps":0}, SeqLen 5, ID_Drop 0.950, WFW 0.100 
Epoch 9 memory(start): tensors=219, buffers=219, bytes=14.7MB

History Bucket Diagnostics (Avg Abs Error per sample, normalized units):
Hist | Count | MAE_Pred | MAE_Base | PredDevFromBase
-----|-------|----------|----------|----------------
0    | 8     | 0.8666   | 3.7696   | 4.0445 
1    | 9     | 0.7775   | 0.9160   | 0.8588 
2    | 11    | 0.6127   | 0.5551   | 0.5131 
3-5  | 59    | 0.4603   | 0.3926   | 0.4870 
6+   | 276   | 0.4242   | 0.2990   | 0.4094 

Epoch 9: loss = 0.180450 delta_mae_pts = 0.4543 recap_mae_pts = 0.4543 cat_mae_pts = 0.6210 total_mae_pts = 1.5887 vs_inertia_pts = -0.0406 vs_quad_pts = 0.1919 lr_base = 0.000750 lr_mult = 1.0000 lr_eff = 0.000750 mon_cov = 0.874 mon_score = 2.0430 progress = 10/400 epoch_sec = 129.1 avg_epoch_sec = 129.1 elapsed = 00:21:31 eta = 13:59:02
Epoch 9 memory(end): tensors=219, buffers=219, bytes=14.7MB

Epoch 10: Weights {"totalWeight":0.05,"recapWeight":1,"deltaWeight":0.2,"categoryWeight":0.05,"quantileWeight":0.02,"consistencyWeight":0,"identityDropoutRate":0.95}, Scales {"judgeBias":0.16666666666666666,"corps":0}, SeqLen 5, ID_Drop 0.948, WFW 0.100 
Epoch 10 memory(start): tensors=219, buffers=219, bytes=14.7MB

History Bucket Diagnostics (Avg Abs Error per sample, normalized units):
Hist | Count | MAE_Pred | MAE_Base | PredDevFromBase
-----|-------|----------|----------|----------------
0    | 8     | 1.5065   | 3.7696   | 4.8208 
1    | 9     | 0.7604   | 0.9160   | 0.9611 
2    | 11    | 0.5538   | 0.5551   | 0.4291 
3-5  | 59    | 0.4559   | 0.3926   | 0.3583 
6+   | 276   | 0.3816   | 0.2990   | 0.3144 

Epoch 10: loss = 0.165694 delta_mae_pts = 0.4331 recap_mae_pts = 0.4331 cat_mae_pts = 0.5235 total_mae_pts = 1.2866 vs_inertia_pts = -0.0193 vs_quad_pts = 0.2131 lr_base = 0.000750 lr_mult = 1.0000 lr_eff = 0.000750 mon_cov = 0.898 mon_score = 1.7196 progress = 11/400 epoch_sec = 121.8 avg_epoch_sec = 128.4 elapsed = 00:23:33 eta = 13:52:36
Epoch 10 memory(end): tensors=219, buffers=219, bytes=14.7MB

Epoch 11: Weights {"totalWeight":0.05,"recapWeight":1,"deltaWeight":0.2,"categoryWeight":0.05,"quantileWeight":0.02,"consistencyWeight":0,"identityDropoutRate":0.95}, Scales {"judgeBias":0.18333333333333332,"corps":0}, SeqLen 5, ID_Drop 0.956, WFW 0.100 
Epoch 11 memory(start): tensors=219, buffers=219, bytes=14.7MB

History Bucket Diagnostics (Avg Abs Error per sample, normalized units):
Hist | Count | MAE_Pred | MAE_Base | PredDevFromBase
-----|-------|----------|----------|----------------
0    | 8     | 0.6717   | 3.7696   | 3.8285 
1    | 9     | 0.6670   | 0.9160   | 0.5309 
2    | 11    | 0.6361   | 0.5551   | 0.3691 
3-5  | 59    | 0.5242   | 0.3926   | 0.3927 
6+   | 276   | 0.4188   | 0.2990   | 0.3130 

Epoch 11: loss = 0.163769 delta_mae_pts = 0.4543 recap_mae_pts = 0.4543 cat_mae_pts = 0.6027 total_mae_pts = 1.5624 vs_inertia_pts = -0.0405 vs_quad_pts = 0.1919 lr_base = 0.000750 lr_mult = 1.0000 lr_eff = 0.000750 mon_cov = 0.897 mon_score = 2.0167 progress = 12/400 epoch_sec = 134.9 avg_epoch_sec = 129.0 elapsed = 00:25:48 eta = 13:53:58
Epoch 11 memory(end): tensors=219, buffers=219, bytes=14.7MB

Epoch 12: Weights {"totalWeight":0.05,"recapWeight":1,"deltaWeight":0.2,"categoryWeight":0.05,"quantileWeight":0.02,"consistencyWeight":0,"identityDropoutRate":0.95}, Scales {"judgeBias":0.2,"corps":0}, SeqLen 5, ID_Drop 0.949, WFW 0.100 
Epoch 12 memory(start): tensors=219, buffers=219, bytes=14.7MB

History Bucket Diagnostics (Avg Abs Error per sample, normalized units):
Hist | Count | MAE_Pred | MAE_Base | PredDevFromBase
-----|-------|----------|----------|----------------
0    | 8     | 0.8383   | 3.7696   | 3.8097 
1    | 9     | 0.8125   | 0.9160   | 0.5799 
2    | 11    | 0.6257   | 0.5551   | 0.3346 
3-5  | 59    | 0.4820   | 0.3926   | 0.3992 
6+   | 276   | 0.3849   | 0.2990   | 0.3330 

Epoch 12: loss = 0.159588 delta_mae_pts = 0.4286 recap_mae_pts = 0.4286 cat_mae_pts = 0.5380 total_mae_pts = 1.3288 vs_inertia_pts = -0.0148 vs_quad_pts = 0.2176 lr_base = 0.000750 lr_mult = 1.0000 lr_eff = 0.000750 mon_cov = 0.909 mon_score = 1.7573 progress = 13/400 epoch_sec = 130.6 avg_epoch_sec = 129.1 elapsed = 00:27:58 eta = 13:52:37
Epoch 12 memory(end): tensors=219, buffers=219, bytes=14.7MB

Epoch 13: Weights {"totalWeight":0.05,"recapWeight":1,"deltaWeight":0.2,"categoryWeight":0.05,"quantileWeight":0.02,"consistencyWeight":0,"identityDropoutRate":0.95}, Scales {"judgeBias":0.21666666666666667,"corps":0}, SeqLen 5, ID_Drop 0.950, WFW 0.100 
Epoch 13 memory(start): tensors=219, buffers=219, bytes=14.7MB

History Bucket Diagnostics (Avg Abs Error per sample, normalized units):
Hist | Count | MAE_Pred | MAE_Base | PredDevFromBase
-----|-------|----------|----------|----------------
0    | 8     | 0.9241   | 3.7696   | 3.9081 
1    | 9     | 0.7975   | 0.9160   | 0.4801 
2    | 11    | 0.6802   | 0.5551   | 0.3649 
3-5  | 59    | 0.5317   | 0.3926   | 0.3616 
6+   | 276   | 0.3952   | 0.2990   | 0.2744 

Epoch 13: loss = 0.152358 delta_mae_pts = 0.4476 recap_mae_pts = 0.4476 cat_mae_pts = 0.6077 total_mae_pts = 1.6357 vs_inertia_pts = -0.0339 vs_quad_pts = 0.1986 lr_base = 0.000750 lr_mult = 1.0000 lr_eff = 0.000750 mon_cov = 0.921 mon_score = 2.0833 progress = 14/400 epoch_sec = 128.8 avg_epoch_sec = 129.1 elapsed = 00:30:07 eta = 13:50:21
Epoch 13 memory(end): tensors=219, buffers=219, bytes=14.7MB

Epoch 14: Weights {"totalWeight":0.05,"recapWeight":1,"deltaWeight":0.2,"categoryWeight":0.05,"quantileWeight":0.02,"consistencyWeight":0,"identityDropoutRate":0.95}, Scales {"judgeBias":0.23333333333333334,"corps":0}, SeqLen 5, ID_Drop 0.949, WFW 0.100 
Epoch 14 memory(start): tensors=219, buffers=219, bytes=14.7MB

History Bucket Diagnostics (Avg Abs Error per sample, normalized units):
Hist | Count | MAE_Pred | MAE_Base | PredDevFromBase
-----|-------|----------|----------|----------------
0    | 8     | 0.6666   | 3.7696   | 3.6396 
1    | 9     | 0.6531   | 0.9160   | 0.5968 
2    | 11    | 0.6034   | 0.5551   | 0.3574 
3-5  | 59    | 0.5558   | 0.3926   | 0.3571 
6+   | 276   | 0.4441   | 0.2990   | 0.3207 

Epoch 14: loss = 0.142266 delta_mae_pts = 0.4772 recap_mae_pts = 0.4772 cat_mae_pts = 0.6136 total_mae_pts = 1.6452 vs_inertia_pts = -0.0634 vs_quad_pts = 0.1690 lr_base = 0.000750 lr_mult = 1.0000 lr_eff = 0.000750 mon_cov = 0.892 mon_score = 2.1224 progress = 15/400 epoch_sec = 128.4 avg_epoch_sec = 129.0 elapsed = 00:32:15 eta = 13:47:56
Epoch 14 memory(end): tensors=219, buffers=219, bytes=14.7MB

Epoch 15: Weights {"totalWeight":0.05,"recapWeight":1,"deltaWeight":0.2,"categoryWeight":0.05,"quantileWeight":0.02,"consistencyWeight":0,"identityDropoutRate":0.95}, Scales {"judgeBias":0.25,"corps":0}, SeqLen 5, ID_Drop 0.951, WFW 0.100 
Epoch 15 memory(start): tensors=219, buffers=219, bytes=14.7MB

History Bucket Diagnostics (Avg Abs Error per sample, normalized units):
Hist | Count | MAE_Pred | MAE_Base | PredDevFromBase
-----|-------|----------|----------|----------------
0    | 8     | 0.6205   | 3.7696   | 3.8896 
1    | 9     | 0.6680   | 0.9160   | 0.7504 
2    | 11    | 0.5072   | 0.5551   | 0.3973 
3-5  | 59    | 0.4099   | 0.3926   | 0.2968 
6+   | 276   | 0.3748   | 0.2990   | 0.2695 

Epoch 15: loss = 0.134445 delta_mae_pts = 0.3972 recap_mae_pts = 0.3972 cat_mae_pts = 0.4868 total_mae_pts = 1.1862 vs_inertia_pts = 0.0165 vs_quad_pts = 0.2489 lr_base = 0.000750 lr_mult = 1.0000 lr_eff = 0.000750 mon_cov = 0.946 mon_score = 1.5834 progress = 16/400 epoch_sec = 128.8 avg_epoch_sec = 129.0 elapsed = 00:34:24 eta = 13:45:43
Epoch 15 memory(end): tensors=219, buffers=219, bytes=14.7MB
Saved BEST checkpoint @epoch 15 score = 1.5834 -> models\v9_subcaption_fixed\v9fix_shared_datefwd_cov4_1779445168283\best 

Epoch 16: Weights {"totalWeight":0.05,"recapWeight":1,"deltaWeight":0.2,"categoryWeight":0.05,"quantileWeight":0.02,"consistencyWeight":0,"identityDropoutRate":0.95}, Scales {"judgeBias":0.26666666666666666,"corps":0}, SeqLen 5, ID_Drop 0.949, WFW 0.100 
Epoch 16 memory(start): tensors=219, buffers=180, bytes=14.7MB

History Bucket Diagnostics (Avg Abs Error per sample, normalized units):
Hist | Count | MAE_Pred | MAE_Base | PredDevFromBase
-----|-------|----------|----------|----------------
0    | 8     | 0.7673   | 3.7696   | 3.7727 
1    | 9     | 0.7657   | 0.9160   | 0.4689 
2    | 11    | 0.6164   | 0.5551   | 0.3285 
3-5  | 59    | 0.5433   | 0.3926   | 0.3425 
6+   | 276   | 0.3997   | 0.2990   | 0.2754 

Epoch 16: loss = 0.132159 delta_mae_pts = 0.4468 recap_mae_pts = 0.4468 cat_mae_pts = 0.6218 total_mae_pts = 1.6881 vs_inertia_pts = -0.0331 vs_quad_pts = 0.1994 lr_base = 0.000750 lr_mult = 1.0000 lr_eff = 0.000750 mon_cov = 0.915 mon_score = 2.1349 progress = 17/400 epoch_sec = 129.0 avg_epoch_sec = 129.0 elapsed = 00:36:33 eta = 13:43:33
Epoch 16 memory(end): tensors=219, buffers=219, bytes=14.7MB

Epoch 17: Weights {"totalWeight":0.05,"recapWeight":1,"deltaWeight":0.2,"categoryWeight":0.05,"quantileWeight":0.02,"consistencyWeight":0,"identityDropoutRate":0.95}, Scales {"judgeBias":0.2833333333333333,"corps":0}, SeqLen 5, ID_Drop 0.954, WFW 0.100 
Epoch 17 memory(start): tensors=219, buffers=219, bytes=14.7MB

History Bucket Diagnostics (Avg Abs Error per sample, normalized units):
Hist | Count | MAE_Pred | MAE_Base | PredDevFromBase
-----|-------|----------|----------|----------------
0    | 8     | 0.8620   | 3.7696   | 3.9831 
1    | 9     | 0.7462   | 0.9160   | 0.5596 
2    | 11    | 0.5653   | 0.5551   | 0.3570 
3-5  | 59    | 0.4934   | 0.3926   | 0.4515 
6+   | 276   | 0.3730   | 0.2990   | 0.3528 

Epoch 17: loss = 0.130450 delta_mae_pts = 0.4184 recap_mae_pts = 0.4184 cat_mae_pts = 0.5545 total_mae_pts = 1.4565 vs_inertia_pts = -0.0047 vs_quad_pts = 0.2277 lr_base = 0.000749 lr_mult = 1.0000 lr_eff = 0.000749 mon_cov = 0.930 mon_score = 1.8749 progress = 18/400 epoch_sec = 128.9 avg_epoch_sec = 129.0 elapsed = 00:38:42 eta = 13:41:22
Epoch 17 memory(end): tensors=219, buffers=219, bytes=14.7MB

Epoch 18: Weights {"totalWeight":0.05,"recapWeight":1,"deltaWeight":0.2,"categoryWeight":0.05,"quantileWeight":0.02,"consistencyWeight":0,"identityDropoutRate":0.95}, Scales {"judgeBias":0.3,"corps":0}, SeqLen 5, ID_Drop 0.951, WFW 0.100 
Epoch 18 memory(start): tensors=219, buffers=219, bytes=14.7MB

History Bucket Diagnostics (Avg Abs Error per sample, normalized units):
Hist | Count | MAE_Pred | MAE_Base | PredDevFromBase
-----|-------|----------|----------|----------------
0    | 8     | 0.6998   | 3.7696   | 3.7631 
1    | 9     | 0.6876   | 0.9160   | 0.5965 
2    | 11    | 0.5299   | 0.5551   | 0.2993 
3-5  | 59    | 0.4296   | 0.3926   | 0.3019 
6+   | 276   | 0.3303   | 0.2990   | 0.2480 

Epoch 18: loss = 0.129240 delta_mae_pts = 0.3695 recap_mae_pts = 0.3695 cat_mae_pts = 0.4509 total_mae_pts = 1.1091 vs_inertia_pts = 0.0442 vs_quad_pts = 0.2767 lr_base = 0.000749 lr_mult = 1.0000 lr_eff = 0.000749 mon_cov = 0.937 mon_score = 1.4786 progress = 19/400 epoch_sec = 130.0 avg_epoch_sec = 129.1 elapsed = 00:40:52 eta = 13:39:31
Epoch 18 memory(end): tensors=219, buffers=219, bytes=14.7MB
Saved BEST checkpoint @epoch 18 score = 1.4786 -> models\v9_subcaption_fixed\v9fix_shared_datefwd_cov4_1779445168283\best 

Epoch 19: Weights {"totalWeight":0.05,"recapWeight":1,"deltaWeight":0.2,"categoryWeight":0.05,"quantileWeight":0.02,"consistencyWeight":0,"identityDropoutRate":0.95}, Scales {"judgeBias":0.31666666666666665,"corps":0}, SeqLen 5, ID_Drop 0.952, WFW 0.100 
Epoch 19 memory(start): tensors=219, buffers=180, bytes=14.7MB

History Bucket Diagnostics (Avg Abs Error per sample, normalized units):
Hist | Count | MAE_Pred | MAE_Base | PredDevFromBase
-----|-------|----------|----------|----------------
0    | 8     | 1.0863   | 3.7696   | 4.2165 
1    | 9     | 0.6898   | 0.9160   | 0.5222 
2    | 11    | 0.5746   | 0.5551   | 0.2655 
3-5  | 59    | 0.4938   | 0.3926   | 0.2922 
6+   | 276   | 0.3469   | 0.2990   | 0.2409 

Epoch 19: loss = 0.126986 delta_mae_pts = 0.4025 recap_mae_pts = 0.4025 cat_mae_pts = 0.5394 total_mae_pts = 1.4169 vs_inertia_pts = 0.0113 vs_quad_pts = 0.2437 lr_base = 0.000749 lr_mult = 1.0000 lr_eff = 0.000749 mon_cov = 0.929 mon_score = 1.8194 progress = 20/400 epoch_sec = 80.0 avg_epoch_sec = 126.6 elapsed = 00:42:12 eta = 13:21:50
Epoch 19 memory(end): tensors=219, buffers=219, bytes=14.7MB

Epoch 20: Weights {"totalWeight":0,"recapWeight":1,"deltaWeight":0.2,"categoryWeight":0.05,"quantileWeight":0.02,"consistencyWeight":0,"identityDropoutRate":0.95}, Scales {"judgeBias":0.3333333333333333,"corps":0}, SeqLen 15, ID_Drop 0.947, WFW 0.100 
Epoch 20 memory(start): tensors=219, buffers=219, bytes=14.7MB

History Bucket Diagnostics (Avg Abs Error per sample, normalized units):
Hist | Count | MAE_Pred | MAE_Base | PredDevFromBase
-----|-------|----------|----------|----------------
0    | 8     | 0.8730   | 3.7696   | 4.0832 
1    | 9     | 0.6854   | 0.9160   | 0.7031 
2    | 11    | 0.4647   | 0.5551   | 0.3898 
3-5  | 59    | 0.3944   | 0.3926   | 0.3168 
6+   | 276   | 0.3312   | 0.2990   | 0.2687 

Epoch 20: loss = 0.126193 delta_mae_pts = 0.3662 recap_mae_pts = 0.3662 cat_mae_pts = 0.4548 total_mae_pts = 1.0715 vs_inertia_pts = 0.0475 vs_quad_pts = 0.2799 lr_base = 0.000749 lr_mult = 1.0000 lr_eff = 0.000749 mon_cov = 0.948 mon_score = 1.4377 progress = 21/400 epoch_sec = 73.9 avg_epoch_sec = 124.1 elapsed = 00:43:26 eta = 13:03:52
Epoch 20 memory(end): tensors=219, buffers=219, bytes=14.7MB
Saved BEST checkpoint @epoch 20 score = 1.4377 -> models\v9_subcaption_fixed\v9fix_shared_datefwd_cov4_1779445168283\best 

Epoch 21: Weights {"totalWeight":0,"recapWeight":0.9825,"deltaWeight":0.22000000000000003,"categoryWeight":0.05,"quantileWeight":0.022,"consistencyWeight":0,"identityDropoutRate":0.95}, Scales {"judgeBias":0.35,"corps":0}, SeqLen 15, ID_Drop 0.948, WFW 0.103 
Epoch 21 memory(start): tensors=219, buffers=180, bytes=14.7MB

History Bucket Diagnostics (Avg Abs Error per sample, normalized units):
Hist | Count | MAE_Pred | MAE_Base | PredDevFromBase
-----|-------|----------|----------|----------------
0    | 8     | 1.1372   | 3.7696   | 4.3791 
1    | 9     | 0.6072   | 0.9160   | 0.6722 
2    | 11    | 0.4763   | 0.5551   | 0.3258 
3-5  | 59    | 0.3999   | 0.3926   | 0.2867 
6+   | 276   | 0.3231   | 0.2990   | 0.2484 

Epoch 21: loss = 0.124028 delta_mae_pts = 0.3652 recap_mae_pts = 0.3652 cat_mae_pts = 0.4448 total_mae_pts = 1.0856 vs_inertia_pts = 0.0485 vs_quad_pts = 0.2810 lr_base = 0.000749 lr_mult = 1.0000 lr_eff = 0.000749 mon_cov = 0.951 mon_score = 1.4508 progress = 22/400 epoch_sec = 95.3 avg_epoch_sec = 122.8 elapsed = 00:45:01 eta = 12:53:33
Epoch 21 memory(end): tensors=219, buffers=219, bytes=14.7MB

Epoch 22: Weights {"totalWeight":0,"recapWeight":0.965,"deltaWeight":0.24000000000000002,"categoryWeight":0.05,"quantileWeight":0.024,"consistencyWeight":0,"identityDropoutRate":0.95}, Scales {"judgeBias":0.36666666666666664,"corps":0}, SeqLen 15, ID_Drop 0.952, WFW 0.110 
Epoch 22 memory(start): tensors=219, buffers=219, bytes=14.7MB

History Bucket Diagnostics (Avg Abs Error per sample, normalized units):
Hist | Count | MAE_Pred | MAE_Base | PredDevFromBase
-----|-------|----------|----------|----------------
0    | 8     | 1.2029   | 3.7696   | 4.4812 
1    | 9     | 0.7674   | 0.9160   | 1.0467 
2    | 11    | 0.5762   | 0.5551   | 0.7140 
3-5  | 59    | 0.4431   | 0.3926   | 0.5007 
6+   | 276   | 0.4111   | 0.2990   | 0.4443 

Epoch 22: loss = 0.127586 delta_mae_pts = 0.4476 recap_mae_pts = 0.4476 cat_mae_pts = 0.6404 total_mae_pts = 1.7711 vs_inertia_pts = -0.0339 vs_quad_pts = 0.1986 lr_base = 0.000748 lr_mult = 1.0000 lr_eff = 0.000748 mon_cov = 0.900 mon_score = 2.2186 progress = 23/400 epoch_sec = 91.4 avg_epoch_sec = 121.4 elapsed = 00:46:33 eta = 12:42:56
Epoch 22 memory(end): tensors=219, buffers=219, bytes=14.7MB

Epoch 23: Weights {"totalWeight":0,"recapWeight":0.9475,"deltaWeight":0.26,"categoryWeight":0.05,"quantileWeight":0.026000000000000002,"consistencyWeight":0,"identityDropoutRate":0.95}, Scales {"judgeBias":0.38333333333333336,"corps":0}, SeqLen 15, ID_Drop 0.953, WFW 0.122 
Epoch 23 memory(start): tensors=219, buffers=219, bytes=14.7MB

History Bucket Diagnostics (Avg Abs Error per sample, normalized units):
Hist | Count | MAE_Pred | MAE_Base | PredDevFromBase
-----|-------|----------|----------|----------------
0    | 8     | 0.7830   | 3.7696   | 3.4752 
1    | 9     | 0.6698   | 0.9160   | 0.5286 
2    | 11    | 0.4758   | 0.5551   | 0.3525 
3-5  | 59    | 0.4160   | 0.3926   | 0.3524 
6+   | 276   | 0.3265   | 0.2990   | 0.3088 

Epoch 23: loss = 0.133932 delta_mae_pts = 0.3641 recap_mae_pts = 0.3641 cat_mae_pts = 0.4637 total_mae_pts = 1.1258 vs_inertia_pts = 0.0496 vs_quad_pts = 0.2820 lr_base = 0.000748 lr_mult = 1.0000 lr_eff = 0.000748 mon_cov = 0.951 mon_score = 1.4900 progress = 24/400 epoch_sec = 74.0 avg_epoch_sec = 119.4 elapsed = 00:47:47 eta = 12:28:32
Epoch 23 memory(end): tensors=219, buffers=219, bytes=14.7MB

Epoch 24: Weights {"totalWeight":0,"recapWeight":0.93,"deltaWeight":0.28,"categoryWeight":0.05,"quantileWeight":0.028,"consistencyWeight":0,"identityDropoutRate":0.95}, Scales {"judgeBias":0.4,"corps":0}, SeqLen 15, ID_Drop 0.947, WFW 0.139 
Epoch 24 memory(start): tensors=219, buffers=219, bytes=14.7MB

History Bucket Diagnostics (Avg Abs Error per sample, normalized units):
Hist | Count | MAE_Pred | MAE_Base | PredDevFromBase
-----|-------|----------|----------|----------------
0    | 8     | 0.5930   | 3.7696   | 3.7527 
1    | 9     | 0.6567   | 0.9160   | 0.6117 
2    | 11    | 0.5065   | 0.5551   | 0.2798 
3-5  | 59    | 0.4272   | 0.3926   | 0.2633 
6+   | 276   | 0.3220   | 0.2990   | 0.2229 

Epoch 24: loss = 0.127616 delta_mae_pts = 0.3589 recap_mae_pts = 0.3589 cat_mae_pts = 0.4483 total_mae_pts = 1.0825 vs_inertia_pts = 0.0548 vs_quad_pts = 0.2872 lr_base = 0.000748 lr_mult = 1.0000 lr_eff = 0.000748 mon_cov = 0.959 mon_score = 1.4414 progress = 25/400 epoch_sec = 94.3 avg_epoch_sec = 118.4 elapsed = 00:49:21 eta = 12:20:16
Epoch 24 memory(end): tensors=219, buffers=219, bytes=14.7MB

Epoch 25: Weights {"totalWeight":0,"recapWeight":0.9125,"deltaWeight":0.30000000000000004,"categoryWeight":0.05,"quantileWeight":0.03,"consistencyWeight":0,"identityDropoutRate":0.95}, Scales {"judgeBias":0.4166666666666667,"corps":0}, SeqLen 15, ID_Drop 0.947, WFW 0.160 
Epoch 25 memory(start): tensors=219, buffers=219, bytes=14.7MB

History Bucket Diagnostics (Avg Abs Error per sample, normalized units):
Hist | Count | MAE_Pred | MAE_Base | PredDevFromBase
-----|-------|----------|----------|----------------
0    | 8     | 0.7551   | 3.7696   | 3.8345 
1    | 9     | 0.6668   | 0.9160   | 0.6190 
2    | 11    | 0.4838   | 0.5551   | 0.3081 
3-5  | 59    | 0.4332   | 0.3926   | 0.3032 
6+   | 276   | 0.3230   | 0.2990   | 0.2534 

Epoch 25: loss = 0.128643 delta_mae_pts = 0.3638 recap_mae_pts = 0.3638 cat_mae_pts = 0.4336 total_mae_pts = 1.0309 vs_inertia_pts = 0.0499 vs_quad_pts = 0.2824 lr_base = 0.000747 lr_mult = 1.0000 lr_eff = 0.000747 mon_cov = 0.949 mon_score = 1.3947 progress = 26/400 epoch_sec = 89.8 avg_epoch_sec = 117.3 elapsed = 00:50:51 eta = 12:11:26
Epoch 25 memory(end): tensors=219, buffers=219, bytes=14.7MB
Saved BEST checkpoint @epoch 25 score = 1.3947 -> models\v9_subcaption_fixed\v9fix_shared_datefwd_cov4_1779445168283\best 

Epoch 26: Weights {"totalWeight":0,"recapWeight":0.895,"deltaWeight":0.32,"categoryWeight":0.05,"quantileWeight":0.032,"consistencyWeight":0,"identityDropoutRate":0.95}, Scales {"judgeBias":0.43333333333333335,"corps":0}, SeqLen 15, ID_Drop 0.946, WFW 0.185 
Epoch 26 memory(start): tensors=219, buffers=180, bytes=14.7MB

History Bucket Diagnostics (Avg Abs Error per sample, normalized units):
Hist | Count | MAE_Pred | MAE_Base | PredDevFromBase
-----|-------|----------|----------|----------------
0    | 8     | 0.6599   | 3.7696   | 3.9122 
1    | 9     | 0.6413   | 0.9160   | 0.6737 
2    | 11    | 0.4445   | 0.5551   | 0.3508 
3-5  | 59    | 0.3935   | 0.3926   | 0.2817 
6+   | 276   | 0.3175   | 0.2990   | 0.2727 

Epoch 26: loss = 0.129334 delta_mae_pts = 0.3492 recap_mae_pts = 0.3492 cat_mae_pts = 0.4316 total_mae_pts = 1.0147 vs_inertia_pts = 0.0645 vs_quad_pts = 0.2969 lr_base = 0.000747 lr_mult = 1.0000 lr_eff = 0.000747 mon_cov = 0.957 mon_score = 1.3640 progress = 27/400 epoch_sec = 90.9 avg_epoch_sec = 116.4 elapsed = 00:52:22 eta = 12:03:23
Epoch 26 memory(end): tensors=219, buffers=219, bytes=14.7MB
Saved BEST checkpoint @epoch 26 score = 1.3640 -> models\v9_subcaption_fixed\v9fix_shared_datefwd_cov4_1779445168283\best 

Epoch 27: Weights {"totalWeight":0,"recapWeight":0.8775000000000001,"deltaWeight":0.33999999999999997,"categoryWeight":0.05,"quantileWeight":0.034,"consistencyWeight":0,"identityDropoutRate":0.95}, Scales {"judgeBias":0.45,"corps":0}, SeqLen 15, ID_Drop 0.948, WFW 0.214 
Epoch 27 memory(start): tensors=219, buffers=180, bytes=14.7MB

History Bucket Diagnostics (Avg Abs Error per sample, normalized units):
Hist | Count | MAE_Pred | MAE_Base | PredDevFromBase
-----|-------|----------|----------|----------------
0    | 8     | 0.9446   | 3.7696   | 3.2462 
1    | 9     | 0.6492   | 0.9160   | 0.6839 
2    | 11    | 0.4878   | 0.5551   | 0.4005 
3-5  | 59    | 0.3865   | 0.3926   | 0.3256 
6+   | 276   | 0.3146   | 0.2990   | 0.2912 

Epoch 27: loss = 0.128620 delta_mae_pts = 0.3537 recap_mae_pts = 0.3537 cat_mae_pts = 0.4347 total_mae_pts = 1.0259 vs_inertia_pts = 0.0600 vs_quad_pts = 0.2925 lr_base = 0.000747 lr_mult = 1.0000 lr_eff = 0.000747 mon_cov = 0.959 mon_score = 1.3796 progress = 28/400 epoch_sec = 91.6 avg_epoch_sec = 115.5 elapsed = 00:53:53 eta = 11:55:58
Epoch 27 memory(end): tensors=219, buffers=219, bytes=14.7MB

Epoch 28: Weights {"totalWeight":0,"recapWeight":0.86,"deltaWeight":0.36000000000000004,"categoryWeight":0.05,"quantileWeight":0.036000000000000004,"consistencyWeight":0,"identityDropoutRate":0.95}, Scales {"judgeBias":0.4666666666666667,"corps":0}, SeqLen 15, ID_Drop 0.949, WFW 0.246 
Epoch 28 memory(start): tensors=219, buffers=219, bytes=14.7MB

History Bucket Diagnostics (Avg Abs Error per sample, normalized units):
Hist | Count | MAE_Pred | MAE_Base | PredDevFromBase
-----|-------|----------|----------|----------------
0    | 8     | 0.6584   | 3.7696   | 3.8433 
1    | 9     | 0.6518   | 0.9160   | 0.8381 
2    | 11    | 0.4633   | 0.5551   | 0.4224 
3-5  | 59    | 0.4441   | 0.3926   | 0.3010 
6+   | 276   | 0.3514   | 0.2990   | 0.2501 

Epoch 28: loss = 0.133717 delta_mae_pts = 0.3841 recap_mae_pts = 0.3841 cat_mae_pts = 0.4960 total_mae_pts = 1.2377 vs_inertia_pts = 0.0296 vs_quad_pts = 0.2621 lr_base = 0.000746 lr_mult = 1.0000 lr_eff = 0.000746 mon_cov = 0.952 mon_score = 1.6218 progress = 29/400 epoch_sec = 74.8 avg_epoch_sec = 114.1 elapsed = 00:55:08 eta = 11:45:22
Epoch 28 memory(end): tensors=219, buffers=219, bytes=14.7MB

Epoch 29: Weights {"totalWeight":0,"recapWeight":0.8425,"deltaWeight":0.38,"categoryWeight":0.05,"quantileWeight":0.038000000000000006,"consistencyWeight":0,"identityDropoutRate":0.95}, Scales {"judgeBias":0.48333333333333334,"corps":0}, SeqLen 15, ID_Drop 0.945, WFW 0.281 
Epoch 29 memory(start): tensors=219, buffers=219, bytes=14.7MB

History Bucket Diagnostics (Avg Abs Error per sample, normalized units):
Hist | Count | MAE_Pred | MAE_Base | PredDevFromBase
-----|-------|----------|----------|----------------
0    | 8     | 0.6177   | 3.7696   | 3.5163 
1    | 9     | 0.6331   | 0.9160   | 0.6453 
2    | 11    | 0.4793   | 0.5551   | 0.3669 
3-5  | 59    | 0.3777   | 0.3926   | 0.3023 
6+   | 276   | 0.3143   | 0.2990   | 0.2728 

Epoch 29: loss = 0.134336 delta_mae_pts = 0.3442 recap_mae_pts = 0.3442 cat_mae_pts = 0.4215 total_mae_pts = 0.9482 vs_inertia_pts = 0.0695 vs_quad_pts = 0.3019 lr_base = 0.000746 lr_mult = 1.0000 lr_eff = 0.000746 mon_cov = 0.967 mon_score = 1.2924 progress = 30/400 epoch_sec = 78.1 avg_epoch_sec = 112.9 elapsed = 00:56:26 eta = 11:36:05
Epoch 29 memory(end): tensors=219, buffers=219, bytes=14.7MB
Saved BEST checkpoint @epoch 29 score = 1.2924 -> models\v9_subcaption_fixed\v9fix_shared_datefwd_cov4_1779445168283\best 

Epoch 30: Weights {"totalWeight":0,"recapWeight":0.825,"deltaWeight":0.4,"categoryWeight":0.05,"quantileWeight":0.04,"consistencyWeight":0,"identityDropoutRate":0.95}, Scales {"judgeBias":0.5,"corps":0}, SeqLen 15, ID_Drop 0.949, WFW 0.319 
Epoch 30 memory(start): tensors=219, buffers=180, bytes=14.7MB

History Bucket Diagnostics (Avg Abs Error per sample, normalized units):
Hist | Count | MAE_Pred | MAE_Base | PredDevFromBase
-----|-------|----------|----------|----------------
0    | 8     | 0.7891   | 3.7696   | 3.9277 
1    | 9     | 0.6133   | 0.9160   | 0.7557 
2    | 11    | 0.4574   | 0.5551   | 0.3693 
3-5  | 59    | 0.3944   | 0.3926   | 0.2518 
6+   | 276   | 0.3088   | 0.2990   | 0.2272 

Epoch 30: loss = 0.133214 delta_mae_pts = 0.3453 recap_mae_pts = 0.3453 cat_mae_pts = 0.4146 total_mae_pts = 0.9562 vs_inertia_pts = 0.0684 vs_quad_pts = 0.3008 lr_base = 0.000745 lr_mult = 1.0000 lr_eff = 0.000745 mon_cov = 0.958 mon_score = 1.3015 progress = 31/400 epoch_sec = 73.3 avg_epoch_sec = 111.6 elapsed = 00:57:40 eta = 11:26:20
Epoch 30 memory(end): tensors=219, buffers=219, bytes=14.7MB

Epoch 31: Weights {"totalWeight":0,"recapWeight":0.8075,"deltaWeight":0.42000000000000004,"categoryWeight":0.05,"quantileWeight":0.042,"consistencyWeight":0,"identityDropoutRate":0.95}, Scales {"judgeBias":0.5166666666666667,"corps":0}, SeqLen 15, ID_Drop 0.955, WFW 0.359 
Epoch 31 memory(start): tensors=219, buffers=219, bytes=14.7MB

History Bucket Diagnostics (Avg Abs Error per sample, normalized units):
Hist | Count | MAE_Pred | MAE_Base | PredDevFromBase
-----|-------|----------|----------|----------------
0    | 8     | 0.5758   | 3.7696   | 3.5907 
1    | 9     | 0.6156   | 0.9160   | 0.6111 
2    | 11    | 0.4751   | 0.5551   | 0.3458 
3-5  | 59    | 0.4098   | 0.3926   | 0.2897 
6+   | 276   | 0.3185   | 0.2990   | 0.2526 

Epoch 31: loss = 0.132217 delta_mae_pts = 0.3511 recap_mae_pts = 0.3511 cat_mae_pts = 0.4214 total_mae_pts = 0.9909 vs_inertia_pts = 0.0626 vs_quad_pts = 0.2950 lr_base = 0.000745 lr_mult = 1.0000 lr_eff = 0.000745 mon_cov = 0.961 mon_score = 1.3420 progress = 32/400 epoch_sec = 70.6 avg_epoch_sec = 110.3 elapsed = 00:58:50 eta = 11:16:37
Epoch 31 memory(end): tensors=219, buffers=219, bytes=14.7MB

Epoch 32: Weights {"totalWeight":0,"recapWeight":0.79,"deltaWeight":0.44,"categoryWeight":0.05,"quantileWeight":0.044,"consistencyWeight":0,"identityDropoutRate":0.95}, Scales {"judgeBias":0.5333333333333333,"corps":0}, SeqLen 15, ID_Drop 0.947, WFW 0.402 
Epoch 32 memory(start): tensors=219, buffers=219, bytes=14.7MB

History Bucket Diagnostics (Avg Abs Error per sample, normalized units):
Hist | Count | MAE_Pred | MAE_Base | PredDevFromBase
-----|-------|----------|----------|----------------
0    | 8     | 0.7562   | 3.7696   | 4.0429 
1    | 9     | 0.6537   | 0.9160   | 0.9166 
2    | 11    | 0.4644   | 0.5551   | 0.5429 
3-5  | 59    | 0.3689   | 0.3926   | 0.3245 
6+   | 276   | 0.3134   | 0.2990   | 0.2771 

Epoch 32: loss = 0.135508 delta_mae_pts = 0.3452 recap_mae_pts = 0.3452 cat_mae_pts = 0.4188 total_mae_pts = 0.9466 vs_inertia_pts = 0.0686 vs_quad_pts = 0.3010 lr_base = 0.000744 lr_mult = 1.0000 lr_eff = 0.000744 mon_cov = 0.963 mon_score = 1.2918 progress = 33/400 epoch_sec = 90.4 avg_epoch_sec = 109.7 elapsed = 01:00:21 eta = 11:11:04
Epoch 32 memory(end): tensors=219, buffers=219, bytes=14.7MB
Saved BEST checkpoint @epoch 32 score = 1.2918 -> models\v9_subcaption_fixed\v9fix_shared_datefwd_cov4_1779445168283\best 

Epoch 33: Weights {"totalWeight":0,"recapWeight":0.7725,"deltaWeight":0.46,"categoryWeight":0.05,"quantileWeight":0.046,"consistencyWeight":0,"identityDropoutRate":0.95}, Scales {"judgeBias":0.55,"corps":0}, SeqLen 15, ID_Drop 0.950, WFW 0.448 
Epoch 33 memory(start): tensors=219, buffers=180, bytes=14.7MB

History Bucket Diagnostics (Avg Abs Error per sample, normalized units):
Hist | Count | MAE_Pred | MAE_Base | PredDevFromBase
-----|-------|----------|----------|----------------
0    | 8     | 0.6881   | 3.7696   | 3.7741 
1    | 9     | 0.5980   | 0.9160   | 0.6323 
2    | 11    | 0.4959   | 0.5551   | 0.3557 
3-5  | 59    | 0.4187   | 0.3926   | 0.3075 
6+   | 276   | 0.3210   | 0.2990   | 0.2723 

Epoch 33: loss = 0.141556 delta_mae_pts = 0.3571 recap_mae_pts = 0.3571 cat_mae_pts = 0.4268 total_mae_pts = 0.9830 vs_inertia_pts = 0.0566 vs_quad_pts = 0.2891 lr_base = 0.000744 lr_mult = 1.0000 lr_eff = 0.000744 mon_cov = 0.959 mon_score = 1.3402 progress = 34/400 epoch_sec = 90.1 avg_epoch_sec = 109.1 elapsed = 01:01:51 eta = 11:05:44
Epoch 33 memory(end): tensors=219, buffers=219, bytes=14.7MB

Epoch 34: Weights {"totalWeight":0,"recapWeight":0.755,"deltaWeight":0.48,"categoryWeight":0.05,"quantileWeight":0.048,"consistencyWeight":0,"identityDropoutRate":0.95}, Scales {"judgeBias":0.5666666666666667,"corps":0}, SeqLen 15, ID_Drop 0.954, WFW 0.494 
Epoch 34 memory(start): tensors=219, buffers=219, bytes=14.7MB

History Bucket Diagnostics (Avg Abs Error per sample, normalized units):
Hist | Count | MAE_Pred | MAE_Base | PredDevFromBase
-----|-------|----------|----------|----------------
0    | 8     | 0.5973   | 3.7696   | 3.5523 
1    | 9     | 0.6825   | 0.9160   | 0.5002 
2    | 11    | 0.5046   | 0.5551   | 0.3030 
3-5  | 59    | 0.4753   | 0.3926   | 0.3322 
6+   | 276   | 0.3381   | 0.2990   | 0.2826 

Epoch 34: loss = 0.137245 delta_mae_pts = 0.3797 recap_mae_pts = 0.3797 cat_mae_pts = 0.4807 total_mae_pts = 1.1888 vs_inertia_pts = 0.0340 vs_quad_pts = 0.2664 lr_base = 0.000743 lr_mult = 1.0000 lr_eff = 0.000743 mon_cov = 0.939 mon_score = 1.5686 progress = 35/400 epoch_sec = 92.6 avg_epoch_sec = 108.7 elapsed = 01:03:23 eta = 11:01:02
Epoch 34 memory(end): tensors=219, buffers=219, bytes=14.7MB

Epoch 35: Weights {"totalWeight":0,"recapWeight":0.7375,"deltaWeight":0.5,"categoryWeight":0.05,"quantileWeight":0.05,"consistencyWeight":0,"identityDropoutRate":0.95}, Scales {"judgeBias":0.5833333333333334,"corps":0}, SeqLen 15, ID_Drop 0.951, WFW 0.543 
Epoch 35 memory(start): tensors=219, buffers=219, bytes=14.7MB

History Bucket Diagnostics (Avg Abs Error per sample, normalized units):
Hist | Count | MAE_Pred | MAE_Base | PredDevFromBase
-----|-------|----------|----------|----------------
0    | 8     | 0.7653   | 3.7696   | 3.7731 
1    | 9     | 0.6606   | 0.9160   | 0.7301 
2    | 11    | 0.4847   | 0.5551   | 0.3442 
3-5  | 59    | 0.4062   | 0.3926   | 0.2782 
6+   | 276   | 0.3097   | 0.2990   | 0.2429 

Epoch 35: loss = 0.135933 delta_mae_pts = 0.3495 recap_mae_pts = 0.3495 cat_mae_pts = 0.4245 total_mae_pts = 1.0135 vs_inertia_pts = 0.0643 vs_quad_pts = 0.2967 lr_base = 0.000743 lr_mult = 1.0000 lr_eff = 0.000743 mon_cov = 0.953 mon_score = 1.3629 progress = 36/400 epoch_sec = 90.7 avg_epoch_sec = 108.2 elapsed = 01:04:54 eta = 10:56:12
Epoch 35 memory(end): tensors=219, buffers=219, bytes=14.7MB

Epoch 36: Weights {"totalWeight":0,"recapWeight":0.72,"deltaWeight":0.52,"categoryWeight":0.05,"quantileWeight":0.052000000000000005,"consistencyWeight":0,"identityDropoutRate":0.95}, Scales {"judgeBias":0.6,"corps":0}, SeqLen 15, ID_Drop 0.950, WFW 0.593 
Epoch 36 memory(start): tensors=219, buffers=219, bytes=14.7MB

History Bucket Diagnostics (Avg Abs Error per sample, normalized units):
Hist | Count | MAE_Pred | MAE_Base | PredDevFromBase
-----|-------|----------|----------|----------------
0    | 8     | 0.6541   | 3.7696   | 3.7952 
1    | 9     | 0.6298   | 0.9160   | 0.6868 
2    | 11    | 0.4562   | 0.5551   | 0.3943 
3-5  | 59    | 0.4020   | 0.3926   | 0.2881 
6+   | 276   | 0.3242   | 0.2990   | 0.2600 

Epoch 36: loss = 0.137808 delta_mae_pts = 0.3557 recap_mae_pts = 0.3557 cat_mae_pts = 0.4468 total_mae_pts = 1.0457 vs_inertia_pts = 0.0580 vs_quad_pts = 0.2905 lr_base = 0.000742 lr_mult = 1.0000 lr_eff = 0.000742 mon_cov = 0.965 mon_score = 1.4014 progress = 37/400 epoch_sec = 86.0 avg_epoch_sec = 107.6 elapsed = 01:06:20 eta = 10:50:47
Epoch 36 memory(end): tensors=219, buffers=219, bytes=14.7MB

Epoch 37: Weights {"totalWeight":0,"recapWeight":0.7025,"deltaWeight":0.54,"categoryWeight":0.05,"quantileWeight":0.054000000000000006,"consistencyWeight":0,"identityDropoutRate":0.95}, Scales {"judgeBias":0.6166666666666667,"corps":0}, SeqLen 15, ID_Drop 0.945, WFW 0.644 
Epoch 37 memory(start): tensors=219, buffers=219, bytes=14.7MB

History Bucket Diagnostics (Avg Abs Error per sample, normalized units):
Hist | Count | MAE_Pred | MAE_Base | PredDevFromBase
-----|-------|----------|----------|----------------
0    | 8     | 0.7028   | 3.7696   | 4.0371 
1    | 9     | 0.6682   | 0.9160   | 1.0732 
2    | 11    | 0.5163   | 0.5551   | 0.6413 
3-5  | 59    | 0.3667   | 0.3926   | 0.3666 
6+   | 276   | 0.3094   | 0.2990   | 0.2740 

Epoch 37: loss = 0.144422 delta_mae_pts = 0.3425 recap_mae_pts = 0.3425 cat_mae_pts = 0.4233 total_mae_pts = 0.9927 vs_inertia_pts = 0.0712 vs_quad_pts = 0.3036 lr_base = 0.000742 lr_mult = 1.0000 lr_eff = 0.000742 mon_cov = 0.960 mon_score = 1.3353 progress = 38/400 epoch_sec = 85.8 avg_epoch_sec = 107.0 elapsed = 01:07:46 eta = 10:45:31
Epoch 37 memory(end): tensors=219, buffers=219, bytes=14.7MB

Epoch 38: Weights {"totalWeight":0,"recapWeight":0.685,"deltaWeight":0.56,"categoryWeight":0.05,"quantileWeight":0.05600000000000001,"consistencyWeight":0,"identityDropoutRate":0.95}, Scales {"judgeBias":0.6333333333333333,"corps":0}, SeqLen 15, ID_Drop 0.954, WFW 0.695 
Epoch 38 memory(start): tensors=219, buffers=219, bytes=14.7MB

History Bucket Diagnostics (Avg Abs Error per sample, normalized units):
Hist | Count | MAE_Pred | MAE_Base | PredDevFromBase
-----|-------|----------|----------|----------------
0    | 8     | 0.8263   | 3.7696   | 3.9192 
1    | 9     | 0.6149   | 0.9160   | 0.6158 
2    | 11    | 0.4883   | 0.5551   | 0.3969 
3-5  | 59    | 0.3869   | 0.3926   | 0.2943 
6+   | 276   | 0.3283   | 0.2990   | 0.2864 

Epoch 38: loss = 0.145285 delta_mae_pts = 0.3607 recap_mae_pts = 0.3607 cat_mae_pts = 0.4565 total_mae_pts = 1.0421 vs_inertia_pts = 0.0530 vs_quad_pts = 0.2854 lr_base = 0.000741 lr_mult = 1.0000 lr_eff = 0.000741 mon_cov = 0.954 mon_score = 1.4029 progress = 39/400 epoch_sec = 90.0 avg_epoch_sec = 106.6 elapsed = 01:09:16 eta = 10:41:07
Epoch 38 memory(end): tensors=219, buffers=219, bytes=14.7MB

Epoch 39: Weights {"totalWeight":0,"recapWeight":0.6675,"deltaWeight":0.5800000000000001,"categoryWeight":0.05,"quantileWeight":0.057999999999999996,"consistencyWeight":0,"identityDropoutRate":0.95}, Scales {"judgeBias":0.65,"corps":0}, SeqLen 15, ID_Drop 0.943, WFW 0.748 
Epoch 39 memory(start): tensors=219, buffers=219, bytes=14.7MB

History Bucket Diagnostics (Avg Abs Error per sample, normalized units):
Hist | Count | MAE_Pred | MAE_Base | PredDevFromBase
-----|-------|----------|----------|----------------
0    | 8     | 1.0738   | 3.7696   | 4.1820 
1    | 9     | 0.6395   | 0.9160   | 0.6239 
2    | 11    | 0.4597   | 0.5551   | 0.3401 
3-5  | 59    | 0.4130   | 0.3926   | 0.2859 
6+   | 276   | 0.3125   | 0.2990   | 0.2559 

Epoch 39: loss = 0.146003 delta_mae_pts = 0.3582 recap_mae_pts = 0.3582 cat_mae_pts = 0.4548 total_mae_pts = 1.0731 vs_inertia_pts = 0.0556 vs_quad_pts = 0.2880 lr_base = 0.000740 lr_mult = 1.0000 lr_eff = 0.000740 mon_cov = 0.950 mon_score = 1.4312 progress = 40/400 epoch_sec = 89.7 avg_epoch_sec = 106.1 elapsed = 01:10:45 eta = 10:36:49
Epoch 39 memory(end): tensors=219, buffers=219, bytes=14.7MB

Epoch 40: Weights {"totalWeight":0,"recapWeight":0.65,"deltaWeight":0.6000000000000001,"categoryWeight":0.05,"quantileWeight":0.06,"consistencyWeight":0,"identityDropoutRate":0.95}, Scales {"judgeBias":0.6666666666666666,"corps":0}, SeqLen 15, ID_Drop 0.949, WFW 0.800 
Epoch 40 memory(start): tensors=219, buffers=219, bytes=14.7MB

History Bucket Diagnostics (Avg Abs Error per sample, normalized units):
Hist | Count | MAE_Pred | MAE_Base | PredDevFromBase
-----|-------|----------|----------|----------------
0    | 8     | 0.6825   | 3.7696   | 3.5751 
1    | 9     | 0.6258   | 0.9160   | 0.7218 
2    | 11    | 0.5023   | 0.5551   | 0.3749 
3-5  | 59    | 0.4612   | 0.3926   | 0.3369 
6+   | 276   | 0.3240   | 0.2990   | 0.2507 


--- PHASE TRANSITION (Epoch 40): Resetting Best Score & Patience ---
Epoch 40: loss = 0.145708 delta_mae_pts = 0.3670 recap_mae_pts = 0.3670 cat_mae_pts = 0.4693 total_mae_pts = 1.1515 vs_inertia_pts = 0.0467 vs_quad_pts = 0.2791 lr_base = 0.000740 lr_mult = 1.0000 lr_eff = 0.000740 mon_cov = 0.959 mon_score = 0.4823 progress = 41/400 epoch_sec = 90.3 avg_epoch_sec = 105.7 elapsed = 01:12:16 eta = 10:32:44
Epoch 40 memory(end): tensors=219, buffers=219, bytes=14.7MB
Saved BEST checkpoint @epoch 40 score = 0.4823 -> models\v9_subcaption_fixed\v9fix_shared_datefwd_cov4_1779445168283\best 

Epoch 41: Weights {"totalWeight":0,"recapWeight":0.6325000000000001,"deltaWeight":0.6200000000000001,"categoryWeight":0.05,"quantileWeight":0.062,"consistencyWeight":0,"identityDropoutRate":0.95}, Scales {"judgeBias":0.6833333333333333,"corps":0.02}, SeqLen 15, ID_Drop 0.948, WFW 0.852 
Epoch 41 memory(start): tensors=219, buffers=180, bytes=14.7MB

History Bucket Diagnostics (Avg Abs Error per sample, normalized units):
Hist | Count | MAE_Pred | MAE_Base | PredDevFromBase
-----|-------|----------|----------|----------------
0    | 8     | 0.7564   | 3.7696   | 3.9175 
1    | 9     | 0.7274   | 0.9160   | 0.8614 
2    | 11    | 0.4730   | 0.5551   | 0.4658 
3-5  | 59    | 0.3929   | 0.3926   | 0.3278 
6+   | 276   | 0.3132   | 0.2990   | 0.2860 

Epoch 41: loss = 0.142094 delta_mae_pts = 0.3510 recap_mae_pts = 0.3510 cat_mae_pts = 0.4441 total_mae_pts = 1.0612 vs_inertia_pts = 0.0627 vs_quad_pts = 0.2951 lr_base = 0.000739 lr_mult = 1.0000 lr_eff = 0.000739 mon_cov = 0.953 mon_score = 0.4619 progress = 42/400 epoch_sec = 90.5 avg_epoch_sec = 105.4 elapsed = 01:13:46 eta = 10:28:49
Epoch 41 memory(end): tensors=219, buffers=219, bytes=14.7MB
Saved BEST checkpoint @epoch 41 score = 0.4619 -> models\v9_subcaption_fixed\v9fix_shared_datefwd_cov4_1779445168283\best 

Epoch 42: Weights {"totalWeight":0,"recapWeight":0.615,"deltaWeight":0.6400000000000001,"categoryWeight":0.05,"quantileWeight":0.064,"consistencyWeight":0,"identityDropoutRate":0.95}, Scales {"judgeBias":0.7,"corps":0.04}, SeqLen 15, ID_Drop 0.948, WFW 0.905 
Epoch 42 memory(start): tensors=219, buffers=180, bytes=14.7MB

History Bucket Diagnostics (Avg Abs Error per sample, normalized units):
Hist | Count | MAE_Pred | MAE_Base | PredDevFromBase
-----|-------|----------|----------|----------------
0    | 8     | 0.9793   | 3.7696   | 3.3089 
1    | 9     | 0.6522   | 0.9160   | 0.9226 
2    | 11    | 0.5472   | 0.5551   | 0.6047 
3-5  | 59    | 0.3907   | 0.3926   | 0.3564 
6+   | 276   | 0.3227   | 0.2990   | 0.2875 

Epoch 42: loss = 0.148517 delta_mae_pts = 0.3632 recap_mae_pts = 0.3632 cat_mae_pts = 0.4587 total_mae_pts = 1.1019 vs_inertia_pts = 0.0505 vs_quad_pts = 0.2830 lr_base = 0.000738 lr_mult = 1.0000 lr_eff = 0.000738 mon_cov = 0.959 mon_score = 0.4788 progress = 43/400 epoch_sec = 90.0 avg_epoch_sec = 105.0 elapsed = 01:15:16 eta = 10:24:55
Epoch 42 memory(end): tensors=219, buffers=219, bytes=14.7MB

Epoch 43: Weights {"totalWeight":0,"recapWeight":0.5975,"deltaWeight":0.6599999999999999,"categoryWeight":0.05,"quantileWeight":0.066,"consistencyWeight":0,"identityDropoutRate":0.95}, Scales {"judgeBias":0.7166666666666667,"corps":0.06}, SeqLen 15, ID_Drop 0.947, WFW 0.956 
Epoch 43 memory(start): tensors=219, buffers=219, bytes=14.7MB

History Bucket Diagnostics (Avg Abs Error per sample, normalized units):
Hist | Count | MAE_Pred | MAE_Base | PredDevFromBase
-----|-------|----------|----------|----------------
0    | 8     | 0.6760   | 3.7696   | 3.5463 
1    | 9     | 0.7193   | 0.9160   | 0.5947 
2    | 11    | 0.5849   | 0.5551   | 0.3454 
3-5  | 59    | 0.6593   | 0.3926   | 0.4771 
6+   | 276   | 0.4017   | 0.2990   | 0.3166 

Epoch 43: loss = 0.150433 delta_mae_pts = 0.4630 recap_mae_pts = 0.4630 cat_mae_pts = 0.6614 total_mae_pts = 1.7634 vs_inertia_pts = -0.0493 vs_quad_pts = 0.1831 lr_base = 0.000737 lr_mult = 1.0000 lr_eff = 0.000737 mon_cov = 0.894 mon_score = 0.6153 progress = 44/400 epoch_sec = 89.8 avg_epoch_sec = 104.7 elapsed = 01:16:46 eta = 10:21:07
Epoch 43 memory(end): tensors=219, buffers=219, bytes=14.7MB

Epoch 44: Weights {"totalWeight":0,"recapWeight":0.5800000000000001,"deltaWeight":0.6799999999999999,"categoryWeight":0.05,"quantileWeight":0.068,"consistencyWeight":0,"identityDropoutRate":0.95}, Scales {"judgeBias":0.7333333333333333,"corps":0.08}, SeqLen 15, ID_Drop 0.952, WFW 1.007 
Epoch 44 memory(start): tensors=219, buffers=219, bytes=14.7MB

History Bucket Diagnostics (Avg Abs Error per sample, normalized units):
Hist | Count | MAE_Pred | MAE_Base | PredDevFromBase
-----|-------|----------|----------|----------------
0    | 8     | 1.0130   | 3.7696   | 4.0784 
1    | 9     | 0.7031   | 0.9160   | 0.5909 
2    | 11    | 0.4894   | 0.5551   | 0.3581 
3-5  | 59    | 0.4125   | 0.3926   | 0.3653 
6+   | 276   | 0.3314   | 0.2990   | 0.3223 

Epoch 44: loss = 0.156881 delta_mae_pts = 0.3736 recap_mae_pts = 0.3736 cat_mae_pts = 0.4670 total_mae_pts = 1.1320 vs_inertia_pts = 0.0401 vs_quad_pts = 0.2726 lr_base = 0.000737 lr_mult = 1.0000 lr_eff = 0.000737 mon_cov = 0.947 mon_score = 0.4941 progress = 45/400 epoch_sec = 89.5 avg_epoch_sec = 104.3 elapsed = 01:18:16 eta = 10:17:23
Epoch 44 memory(end): tensors=219, buffers=219, bytes=14.7MB

Epoch 45: Weights {"totalWeight":0,"recapWeight":0.5625,"deltaWeight":0.7,"categoryWeight":0.05,"quantileWeight":0.07,"consistencyWeight":0,"identityDropoutRate":0.95}, Scales {"judgeBias":0.75,"corps":0.1}, SeqLen 15, ID_Drop 0.955, WFW 1.057 
Epoch 45 memory(start): tensors=219, buffers=219, bytes=14.7MB

History Bucket Diagnostics (Avg Abs Error per sample, normalized units):
Hist | Count | MAE_Pred | MAE_Base | PredDevFromBase
-----|-------|----------|----------|----------------
0    | 8     | 0.5999   | 3.7696   | 3.6347 
1    | 9     | 0.6281   | 0.9160   | 0.6246 
2    | 11    | 0.5033   | 0.5551   | 0.4025 
3-5  | 59    | 0.4348   | 0.3926   | 0.3409 
6+   | 276   | 0.3336   | 0.2990   | 0.2652 

Epoch 45: loss = 0.152920 delta_mae_pts = 0.3683 recap_mae_pts = 0.3683 cat_mae_pts = 0.4534 total_mae_pts = 1.0950 vs_inertia_pts = 0.0454 vs_quad_pts = 0.2778 lr_base = 0.000736 lr_mult = 1.0000 lr_eff = 0.000736 mon_cov = 0.946 mon_score = 0.4877 progress = 46/400 epoch_sec = 89.4 avg_epoch_sec = 104.0 elapsed = 01:19:45 eta = 10:13:44
Epoch 45 memory(end): tensors=219, buffers=219, bytes=14.7MB

Epoch 46: Weights {"totalWeight":0,"recapWeight":0.545,"deltaWeight":0.72,"categoryWeight":0.05,"quantileWeight":0.07200000000000001,"consistencyWeight":0,"identityDropoutRate":0.95}, Scales {"judgeBias":0.7666666666666667,"corps":0.12}, SeqLen 15, ID_Drop 0.950, WFW 1.106 
Epoch 46 memory(start): tensors=219, buffers=219, bytes=14.7MB

History Bucket Diagnostics (Avg Abs Error per sample, normalized units):
Hist | Count | MAE_Pred | MAE_Base | PredDevFromBase
-----|-------|----------|----------|----------------
0    | 8     | 0.6708   | 3.7696   | 3.8058 
1    | 9     | 0.6269   | 0.9160   | 0.7056 
2    | 11    | 0.4881   | 0.5551   | 0.4017 
3-5  | 59    | 0.4289   | 0.3926   | 0.3645 
6+   | 276   | 0.3307   | 0.2990   | 0.3003 

Epoch 46: loss = 0.150522 delta_mae_pts = 0.3663 recap_mae_pts = 0.3663 cat_mae_pts = 0.4513 total_mae_pts = 1.0404 vs_inertia_pts = 0.0475 vs_quad_pts = 0.2799 lr_base = 0.000735 lr_mult = 1.0000 lr_eff = 0.000735 mon_cov = 0.954 mon_score = 0.4859 progress = 47/400 epoch_sec = 90.4 avg_epoch_sec = 103.7 elapsed = 01:21:15 eta = 10:10:17
Epoch 46 memory(end): tensors=219, buffers=219, bytes=14.7MB

Epoch 47: Weights {"totalWeight":0,"recapWeight":0.5275000000000001,"deltaWeight":0.74,"categoryWeight":0.05,"quantileWeight":0.07400000000000001,"consistencyWeight":0,"identityDropoutRate":0.95}, Scales {"judgeBias":0.7833333333333333,"corps":0.14}, SeqLen 15, ID_Drop 0.944, WFW 1.152 
Epoch 47 memory(start): tensors=219, buffers=219, bytes=14.7MB

History Bucket Diagnostics (Avg Abs Error per sample, normalized units):
Hist | Count | MAE_Pred | MAE_Base | PredDevFromBase
-----|-------|----------|----------|----------------
0    | 8     | 0.7169   | 3.7696   | 3.9232 
1    | 9     | 0.6424   | 0.9160   | 0.6912 
2    | 11    | 0.4587   | 0.5551   | 0.4519 
3-5  | 59    | 0.3952   | 0.3926   | 0.3151 
6+   | 276   | 0.3050   | 0.2990   | 0.2572 

Epoch 47: loss = 0.153546 delta_mae_pts = 0.3417 recap_mae_pts = 0.3417 cat_mae_pts = 0.4257 total_mae_pts = 0.9551 vs_inertia_pts = 0.0720 vs_quad_pts = 0.3044 lr_base = 0.000734 lr_mult = 1.0000 lr_eff = 0.000734 mon_cov = 0.964 mon_score = 0.4544 progress = 48/400 epoch_sec = 91.8 avg_epoch_sec = 103.5 elapsed = 01:22:47 eta = 10:07:06
Epoch 47 memory(end): tensors=219, buffers=219, bytes=14.7MB
Saved BEST checkpoint @epoch 47 score = 0.4544 -> models\v9_subcaption_fixed\v9fix_shared_datefwd_cov4_1779445168283\best 

Epoch 48: Weights {"totalWeight":0,"recapWeight":0.51,"deltaWeight":0.76,"categoryWeight":0.05,"quantileWeight":0.076,"consistencyWeight":0,"identityDropoutRate":0.95}, Scales {"judgeBias":0.8,"corps":0.16}, SeqLen 15, ID_Drop 0.951, WFW 1.198 
Epoch 48 memory(start): tensors=219, buffers=180, bytes=14.7MB

History Bucket Diagnostics (Avg Abs Error per sample, normalized units):
Hist | Count | MAE_Pred | MAE_Base | PredDevFromBase
-----|-------|----------|----------|----------------
0    | 8     | 0.9020   | 3.7696   | 4.0633 
1    | 9     | 0.6261   | 0.9160   | 0.6698 
2    | 11    | 0.5003   | 0.5551   | 0.4425 
3-5  | 59    | 0.4038   | 0.3926   | 0.3746 
6+   | 276   | 0.3277   | 0.2990   | 0.3219 

Epoch 48: loss = 0.154319 delta_mae_pts = 0.3654 recap_mae_pts = 0.3654 cat_mae_pts = 0.4555 total_mae_pts = 1.0992 vs_inertia_pts = 0.0483 vs_quad_pts = 0.2808 lr_base = 0.000733 lr_mult = 1.0000 lr_eff = 0.000733 mon_cov = 0.958 mon_score = 0.4868 progress = 49/400 epoch_sec = 93.0 avg_epoch_sec = 103.3 elapsed = 01:24:20 eta = 10:04:08
Epoch 48 memory(end): tensors=219, buffers=219, bytes=14.7MB

Epoch 49: Weights {"totalWeight":0,"recapWeight":0.49250000000000005,"deltaWeight":0.78,"categoryWeight":0.05,"quantileWeight":0.078,"consistencyWeight":0,"identityDropoutRate":0.95}, Scales {"judgeBias":0.8166666666666667,"corps":0.18}, SeqLen 15, ID_Drop 0.950, WFW 1.241 
Epoch 49 memory(start): tensors=219, buffers=219, bytes=14.7MB

History Bucket Diagnostics (Avg Abs Error per sample, normalized units):
Hist | Count | MAE_Pred | MAE_Base | PredDevFromBase
-----|-------|----------|----------|----------------
0    | 8     | 0.7716   | 3.7696   | 3.3606 
1    | 9     | 0.6828   | 0.9160   | 0.5743 
2    | 11    | 0.4713   | 0.5551   | 0.3574 
3-5  | 59    | 0.4531   | 0.3926   | 0.3439 
6+   | 276   | 0.3259   | 0.2990   | 0.2749 

Epoch 49: loss = 0.153369 delta_mae_pts = 0.3696 recap_mae_pts = 0.3696 cat_mae_pts = 0.4745 total_mae_pts = 1.1814 vs_inertia_pts = 0.0441 vs_quad_pts = 0.2765 lr_base = 0.000732 lr_mult = 1.0000 lr_eff = 0.000732 mon_cov = 0.955 mon_score = 0.4941 progress = 50/400 epoch_sec = 89.7 avg_epoch_sec = 103.0 elapsed = 01:25:50 eta = 10:00:50
Epoch 49 memory(end): tensors=219, buffers=219, bytes=14.7MB

Epoch 50: Weights {"totalWeight":0,"recapWeight":0.4750000000000001,"deltaWeight":0.8,"categoryWeight":0.05,"quantileWeight":0.08,"consistencyWeight":0,"identityDropoutRate":0.95}, Scales {"judgeBias":0.8333333333333334,"corps":0.2}, SeqLen 15, ID_Drop 0.947, WFW 1.281 
Epoch 50 memory(start): tensors=219, buffers=219, bytes=14.7MB

History Bucket Diagnostics (Avg Abs Error per sample, normalized units):
Hist | Count | MAE_Pred | MAE_Base | PredDevFromBase
-----|-------|----------|----------|----------------
0    | 8     | 0.6599   | 3.7696   | 3.4886 
1    | 9     | 0.6496   | 0.9160   | 0.6506 
2    | 11    | 0.4600   | 0.5551   | 0.4237 
3-5  | 59    | 0.3885   | 0.3926   | 0.3211 
6+   | 276   | 0.3157   | 0.2990   | 0.2645 

Epoch 50: loss = 0.152726 delta_mae_pts = 0.3478 recap_mae_pts = 0.3478 cat_mae_pts = 0.4318 total_mae_pts = 0.9777 vs_inertia_pts = 0.0659 vs_quad_pts = 0.2984 lr_base = 0.000731 lr_mult = 1.0000 lr_eff = 0.000731 mon_cov = 0.961 mon_score = 0.4650 progress = 51/400 epoch_sec = 88.3 avg_epoch_sec = 102.7 elapsed = 01:27:18 eta = 09:57:26
Epoch 50 memory(end): tensors=219, buffers=219, bytes=14.7MB

-- - CAPTION STATS(Epoch 50)-- - 
GE1: delta_pts = 0.3249, recap_pts = 0.3249, cov = 0.975, width = 1.9114 
GE2: delta_pts = 0.3494, recap_pts = 0.3494, cov = 0.953, width = 1.9939 
VP: delta_pts = 0.3482, recap_pts = 0.3482, cov = 0.959, width = 2.0906 
VA: delta_pts = 0.2841, recap_pts = 0.2841, cov = 0.992, width = 1.9893 
CG: delta_pts = 0.3802, recap_pts = 0.3802, cov = 0.953, width = 2.0515 
MB: delta_pts = 0.3290, recap_pts = 0.3290, cov = 0.970, width = 2.0193 
MA: delta_pts = 0.3567, recap_pts = 0.3567, cov = 0.961, width = 2.0195 
MP: delta_pts = 0.4098, recap_pts = 0.4098, cov = 0.928, width = 1.9710 
----------------------------------


Epoch 51: Weights {"totalWeight":0,"recapWeight":0.4575,"deltaWeight":0.8200000000000001,"categoryWeight":0.05,"quantileWeight":0.082,"consistencyWeight":0,"identityDropoutRate":0.95}, Scales {"judgeBias":0.85,"corps":0.22}, SeqLen 15, ID_Drop 0.949, WFW 1.319 
Epoch 51 memory(start): tensors=219, buffers=219, bytes=14.7MB

History Bucket Diagnostics (Avg Abs Error per sample, normalized units):
Hist | Count | MAE_Pred | MAE_Base | PredDevFromBase
-----|-------|----------|----------|----------------
0    | 8     | 0.7762   | 3.7696   | 3.8903 
1    | 9     | 0.6402   | 0.9160   | 0.7963 
2    | 11    | 0.4799   | 0.5551   | 0.4770 
3-5  | 59    | 0.3988   | 0.3926   | 0.3510 
6+   | 276   | 0.3030   | 0.2990   | 0.2730 

Epoch 51: loss = 0.154217 delta_mae_pts = 0.3427 recap_mae_pts = 0.3427 cat_mae_pts = 0.4273 total_mae_pts = 0.9886 vs_inertia_pts = 0.0710 vs_quad_pts = 0.3034 lr_base = 0.000731 lr_mult = 1.0000 lr_eff = 0.000731 mon_cov = 0.962 mon_score = 0.4592 progress = 52/400 epoch_sec = 76.5 avg_epoch_sec = 102.2 elapsed = 01:28:35 eta = 09:52:48
Epoch 51 memory(end): tensors=219, buffers=219, bytes=14.7MB

Epoch 52: Weights {"totalWeight":0,"recapWeight":0.44000000000000006,"deltaWeight":0.8400000000000001,"categoryWeight":0.05,"quantileWeight":0.084,"consistencyWeight":0,"identityDropoutRate":0.95}, Scales {"judgeBias":0.8666666666666667,"corps":0.24}, SeqLen 15, ID_Drop 0.951, WFW 1.354 
Epoch 52 memory(start): tensors=219, buffers=219, bytes=14.7MB

History Bucket Diagnostics (Avg Abs Error per sample, normalized units):
Hist | Count | MAE_Pred | MAE_Base | PredDevFromBase
-----|-------|----------|----------|----------------
0    | 8     | 0.6333   | 3.7696   | 3.8994 
1    | 9     | 0.6393   | 0.9160   | 0.9146 
2    | 11    | 0.5174   | 0.5551   | 0.5642 
3-5  | 59    | 0.3952   | 0.3926   | 0.3644 
6+   | 276   | 0.3117   | 0.2990   | 0.2799 

Epoch 52: loss = 0.155651 delta_mae_pts = 0.3467 recap_mae_pts = 0.3467 cat_mae_pts = 0.4390 total_mae_pts = 1.0219 vs_inertia_pts = 0.0670 vs_quad_pts = 0.2995 lr_base = 0.000730 lr_mult = 1.0000 lr_eff = 0.000730 mon_cov = 0.964 mon_score = 0.4657 progress = 53/400 epoch_sec = 86.8 avg_epoch_sec = 101.9 elapsed = 01:30:01 eta = 09:49:24
Epoch 52 memory(end): tensors=219, buffers=219, bytes=14.7MB

Epoch 53: Weights {"totalWeight":0,"recapWeight":0.4225000000000001,"deltaWeight":0.8600000000000001,"categoryWeight":0.05,"quantileWeight":0.08600000000000001,"consistencyWeight":0,"identityDropoutRate":0.95}, Scales {"judgeBias":0.8833333333333333,"corps":0.26}, SeqLen 15, ID_Drop 0.954, WFW 1.386 
Epoch 53 memory(start): tensors=219, buffers=219, bytes=14.7MB

History Bucket Diagnostics (Avg Abs Error per sample, normalized units):
Hist | Count | MAE_Pred | MAE_Base | PredDevFromBase
-----|-------|----------|----------|----------------
0    | 8     | 0.8130   | 3.7696   | 3.7920 
1    | 9     | 0.6271   | 0.9160   | 0.8415 
2    | 11    | 0.4773   | 0.5551   | 0.5033 
3-5  | 59    | 0.4302   | 0.3926   | 0.3524 
6+   | 276   | 0.3369   | 0.2990   | 0.2897 

Epoch 53: loss = 0.156441 delta_mae_pts = 0.3740 recap_mae_pts = 0.3740 cat_mae_pts = 0.4625 total_mae_pts = 1.0433 vs_inertia_pts = 0.0398 vs_quad_pts = 0.2722 lr_base = 0.000729 lr_mult = 1.0000 lr_eff = 0.000729 mon_cov = 0.948 mon_score = 0.5027 progress = 54/400 epoch_sec = 90.8 avg_epoch_sec = 101.7 elapsed = 01:31:32 eta = 09:46:31
Epoch 53 memory(end): tensors=219, buffers=219, bytes=14.7MB

Epoch 54: Weights {"totalWeight":0,"recapWeight":0.405,"deltaWeight":0.8800000000000001,"categoryWeight":0.05,"quantileWeight":0.08800000000000001,"consistencyWeight":0,"identityDropoutRate":0.95}, Scales {"judgeBias":0.9,"corps":0.28}, SeqLen 15, ID_Drop 0.948, WFW 1.415 
Epoch 54 memory(start): tensors=219, buffers=219, bytes=14.7MB

History Bucket Diagnostics (Avg Abs Error per sample, normalized units):
Hist | Count | MAE_Pred | MAE_Base | PredDevFromBase
-----|-------|----------|----------|----------------
0    | 8     | 0.6312   | 3.7696   | 3.6817 
1    | 9     | 0.5812   | 0.9160   | 0.7029 
2    | 11    | 0.4982   | 0.5551   | 0.4370 
3-5  | 59    | 0.4311   | 0.3926   | 0.3663 
6+   | 276   | 0.3256   | 0.2990   | 0.2863 

Epoch 54: loss = 0.160435 delta_mae_pts = 0.3611 recap_mae_pts = 0.3611 cat_mae_pts = 0.4358 total_mae_pts = 0.9912 vs_inertia_pts = 0.0527 vs_quad_pts = 0.2851 lr_base = 0.000728 lr_mult = 1.0000 lr_eff = 0.000728 mon_cov = 0.958 mon_score = 0.4857 progress = 55/400 epoch_sec = 90.3 avg_epoch_sec = 101.5 elapsed = 01:33:03 eta = 09:43:38
Epoch 54 memory(end): tensors=219, buffers=219, bytes=14.7MB

Epoch 55: Weights {"totalWeight":0,"recapWeight":0.38750000000000007,"deltaWeight":0.9000000000000001,"categoryWeight":0.05,"quantileWeight":0.09000000000000001,"consistencyWeight":0,"identityDropoutRate":0.95}, Scales {"judgeBias":0.9166666666666666,"corps":0.3}, SeqLen 15, ID_Drop 0.948, WFW 1.440 
Epoch 55 memory(start): tensors=219, buffers=219, bytes=14.7MB

History Bucket Diagnostics (Avg Abs Error per sample, normalized units):
Hist | Count | MAE_Pred | MAE_Base | PredDevFromBase
-----|-------|----------|----------|----------------
0    | 8     | 0.6035   | 3.7696   | 3.9376 
1    | 9     | 0.7153   | 0.9160   | 1.2357 
2    | 11    | 0.5998   | 0.5551   | 0.7409 
3-5  | 59    | 0.3988   | 0.3926   | 0.3766 
6+   | 276   | 0.3229   | 0.2990   | 0.2898 

Epoch 55: loss = 0.162422 delta_mae_pts = 0.3596 recap_mae_pts = 0.3596 cat_mae_pts = 0.4578 total_mae_pts = 1.0683 vs_inertia_pts = 0.0542 vs_quad_pts = 0.2866 lr_base = 0.000727 lr_mult = 1.0000 lr_eff = 0.000727 mon_cov = 0.964 mon_score = 0.4858 progress = 56/400 epoch_sec = 89.9 avg_epoch_sec = 101.3 elapsed = 01:34:32 eta = 09:40:45
Epoch 55 memory(end): tensors=219, buffers=219, bytes=14.7MB

Epoch 56: Weights {"totalWeight":0,"recapWeight":0.37,"deltaWeight":0.9200000000000002,"categoryWeight":0.05,"quantileWeight":0.09200000000000001,"consistencyWeight":0,"identityDropoutRate":0.95}, Scales {"judgeBias":0.9333333333333333,"corps":0.32}, SeqLen 15, ID_Drop 0.952, WFW 1.461 
Epoch 56 memory(start): tensors=219, buffers=219, bytes=14.7MB

History Bucket Diagnostics (Avg Abs Error per sample, normalized units):
Hist | Count | MAE_Pred | MAE_Base | PredDevFromBase
-----|-------|----------|----------|----------------
0    | 8     | 0.6505   | 3.7696   | 3.6733 
1    | 9     | 0.6338   | 0.9160   | 0.6851 
2    | 11    | 0.5009   | 0.5551   | 0.3994 
3-5  | 59    | 0.4025   | 0.3926   | 0.3303 
6+   | 276   | 0.3188   | 0.2990   | 0.2777 

Epoch 56: loss = 0.164904 delta_mae_pts = 0.3530 recap_mae_pts = 0.3530 cat_mae_pts = 0.4493 total_mae_pts = 1.0147 vs_inertia_pts = 0.0607 vs_quad_pts = 0.2931 lr_base = 0.000726 lr_mult = 1.0000 lr_eff = 0.000726 mon_cov = 0.970 mon_score = 0.4779 progress = 57/400 epoch_sec = 88.7 avg_epoch_sec = 101.1 elapsed = 01:36:01 eta = 09:37:48
Epoch 56 memory(end): tensors=219, buffers=219, bytes=14.7MB

Epoch 57: Weights {"totalWeight":0,"recapWeight":0.35250000000000004,"deltaWeight":0.9400000000000002,"categoryWeight":0.05,"quantileWeight":0.09400000000000001,"consistencyWeight":0,"identityDropoutRate":0.95}, Scales {"judgeBias":0.95,"corps":0.34}, SeqLen 15, ID_Drop 0.953, WFW 1.478 
Epoch 57 memory(start): tensors=219, buffers=219, bytes=14.7MB

History Bucket Diagnostics (Avg Abs Error per sample, normalized units):
Hist | Count | MAE_Pred | MAE_Base | PredDevFromBase
-----|-------|----------|----------|----------------
0    | 8     | 0.7792   | 3.7696   | 3.8723 
1    | 9     | 0.5921   | 0.9160   | 0.6977 
2    | 11    | 0.4939   | 0.5551   | 0.4133 
3-5  | 59    | 0.4383   | 0.3926   | 0.3703 
6+   | 276   | 0.3224   | 0.2990   | 0.2970 

Epoch 57: loss = 0.164466 delta_mae_pts = 0.3632 recap_mae_pts = 0.3632 cat_mae_pts = 0.4508 total_mae_pts = 1.0807 vs_inertia_pts = 0.0506 vs_quad_pts = 0.2830 lr_base = 0.000725 lr_mult = 1.0000 lr_eff = 0.000725 mon_cov = 0.956 mon_score = 0.4919 progress = 58/400 epoch_sec = 88.5 avg_epoch_sec = 100.9 elapsed = 01:37:30 eta = 09:34:53
Epoch 57 memory(end): tensors=219, buffers=219, bytes=14.7MB

Epoch 58: Weights {"totalWeight":0,"recapWeight":0.3350000000000001,"deltaWeight":0.96,"categoryWeight":0.05,"quantileWeight":0.096,"consistencyWeight":0,"identityDropoutRate":0.95}, Scales {"judgeBias":0.9666666666666667,"corps":0.36}, SeqLen 15, ID_Drop 0.946, WFW 1.490 
Epoch 58 memory(start): tensors=219, buffers=219, bytes=14.7MB

History Bucket Diagnostics (Avg Abs Error per sample, normalized units):
Hist | Count | MAE_Pred | MAE_Base | PredDevFromBase
-----|-------|----------|----------|----------------
0    | 8     | 0.6826   | 3.7696   | 3.6661 
1    | 9     | 0.6505   | 0.9160   | 0.5041 
2    | 11    | 0.5209   | 0.5551   | 0.3863 
3-5  | 59    | 0.5790   | 0.3926   | 0.4306 
6+   | 276   | 0.3890   | 0.2990   | 0.3272 

Epoch 58: loss = 0.165772 delta_mae_pts = 0.4368 recap_mae_pts = 0.4368 cat_mae_pts = 0.5869 total_mae_pts = 1.5356 vs_inertia_pts = -0.0231 vs_quad_pts = 0.2093 lr_base = 0.000723 lr_mult = 1.0000 lr_eff = 0.000723 mon_cov = 0.917 mon_score = 0.5951 progress = 59/400 epoch_sec = 88.7 avg_epoch_sec = 100.7 elapsed = 01:38:58 eta = 09:32:02
Epoch 58 memory(end): tensors=219, buffers=219, bytes=14.7MB

Epoch 59: Weights {"totalWeight":0,"recapWeight":0.3175,"deltaWeight":0.98,"categoryWeight":0.05,"quantileWeight":0.098,"consistencyWeight":0,"identityDropoutRate":0.95}, Scales {"judgeBias":0.9833333333333333,"corps":0.38}, SeqLen 15, ID_Drop 0.951, WFW 1.497 
Epoch 59 memory(start): tensors=219, buffers=219, bytes=14.7MB

History Bucket Diagnostics (Avg Abs Error per sample, normalized units):
Hist | Count | MAE_Pred | MAE_Base | PredDevFromBase
-----|-------|----------|----------|----------------
0    | 8     | 0.6163   | 3.7696   | 3.6050 
1    | 9     | 0.6628   | 0.9160   | 0.6014 
2    | 11    | 0.4817   | 0.5551   | 0.3737 
3-5  | 59    | 0.4383   | 0.3926   | 0.3526 
6+   | 276   | 0.3215   | 0.2990   | 0.2842 

Epoch 59: loss = 0.167282 delta_mae_pts = 0.3603 recap_mae_pts = 0.3603 cat_mae_pts = 0.4582 total_mae_pts = 1.1058 vs_inertia_pts = 0.0534 vs_quad_pts = 0.2859 lr_base = 0.000722 lr_mult = 1.0000 lr_eff = 0.000722 mon_cov = 0.960 mon_score = 0.4904 progress = 60/400 epoch_sec = 77.7 avg_epoch_sec = 100.3 elapsed = 01:40:16 eta = 09:28:11
Epoch 59 memory(end): tensors=219, buffers=219, bytes=14.7MB

Epoch 60: Weights {"totalWeight":0.1,"recapWeight":0.05,"deltaWeight":9.75,"categoryWeight":0.05,"quantileWeight":0.2,"consistencyWeight":0,"identityDropoutRate":1}, Scales {"judgeBias":1,"corps":0.4}, SeqLen 15, ID_Drop 1.000, WFW 1.500 
Epoch 60 memory(start): tensors=219, buffers=219, bytes=14.7MB

History Bucket Diagnostics (Avg Abs Error per sample, normalized units):
Hist | Count | MAE_Pred | MAE_Base | PredDevFromBase
-----|-------|----------|----------|----------------
0    | 8     | 0.7849   | 3.7696   | 3.4637 
1    | 9     | 0.6332   | 0.9160   | 0.7268 
2    | 11    | 0.4770   | 0.5551   | 0.5106 
3-5  | 59    | 0.4068   | 0.3926   | 0.3859 
6+   | 276   | 0.3432   | 0.2990   | 0.3444 

Epoch 60: loss = 1.107296 delta_mae_pts = 0.3745 recap_mae_pts = 0.3745 cat_mae_pts = 0.4703 total_mae_pts = 1.0830 vs_inertia_pts = 0.0392 vs_quad_pts = 0.2716 lr_base = 0.000721 lr_mult = 1.0000 lr_eff = 0.000721 mon_cov = 0.955 mon_score = 3.8021 progress = 61/400 epoch_sec = 90.2 avg_epoch_sec = 100.1 elapsed = 01:41:46 eta = 09:25:34
Epoch 60 memory(end): tensors=219, buffers=219, bytes=14.7MB

Epoch 61: Weights {"totalWeight":0.1,"recapWeight":0.05,"deltaWeight":9.75,"categoryWeight":0.05,"quantileWeight":0.2036,"consistencyWeight":0,"identityDropoutRate":1}, Scales {"judgeBias":1,"corps":0.42}, SeqLen 15, ID_Drop 1.000, WFW 1.500 
Epoch 61 memory(start): tensors=219, buffers=219, bytes=14.7MB

History Bucket Diagnostics (Avg Abs Error per sample, normalized units):
Hist | Count | MAE_Pred | MAE_Base | PredDevFromBase
-----|-------|----------|----------|----------------
0    | 8     | 0.6325   | 3.7696   | 3.6208 
1    | 9     | 0.6382   | 0.9160   | 0.7368 
2    | 11    | 0.5199   | 0.5551   | 0.5224 
3-5  | 59    | 0.4392   | 0.3926   | 0.3901 
6+   | 276   | 0.3530   | 0.2990   | 0.3350 

Epoch 61: loss = 1.141083 delta_mae_pts = 0.3853 recap_mae_pts = 0.3853 cat_mae_pts = 0.4512 total_mae_pts = 1.0537 vs_inertia_pts = 0.0284 vs_quad_pts = 0.2608 lr_base = 0.000720 lr_mult = 1.0000 lr_eff = 0.000720 mon_cov = 0.948 mon_score = 3.9042 progress = 62/400 epoch_sec = 90.0 avg_epoch_sec = 99.9 elapsed = 01:43:16 eta = 09:22:59
Epoch 61 memory(end): tensors=219, buffers=219, bytes=14.7MB

Epoch 62: Weights {"totalWeight":0.1,"recapWeight":0.05,"deltaWeight":9.75,"categoryWeight":0.05,"quantileWeight":0.20720000000000002,"consistencyWeight":0,"identityDropoutRate":1}, Scales {"judgeBias":1,"corps":0.44}, SeqLen 15, ID_Drop 1.000, WFW 1.500 
Epoch 62 memory(start): tensors=219, buffers=219, bytes=14.7MB

History Bucket Diagnostics (Avg Abs Error per sample, normalized units):
Hist | Count | MAE_Pred | MAE_Base | PredDevFromBase
-----|-------|----------|----------|----------------
0    | 8     | 0.6756   | 3.7696   | 3.9033 
1    | 9     | 0.6674   | 0.9160   | 0.6193 
2    | 11    | 0.5005   | 0.5551   | 0.3999 
3-5  | 59    | 0.4623   | 0.3926   | 0.3343 
6+   | 276   | 0.3272   | 0.2990   | 0.2620 

Epoch 62: loss = 1.155993 delta_mae_pts = 0.3705 recap_mae_pts = 0.3705 cat_mae_pts = 0.4838 total_mae_pts = 1.1504 vs_inertia_pts = 0.0432 vs_quad_pts = 0.2757 lr_base = 0.000719 lr_mult = 1.0000 lr_eff = 0.000719 mon_cov = 0.953 mon_score = 3.7700 progress = 63/400 epoch_sec = 87.6 avg_epoch_sec = 99.7 elapsed = 01:44:44 eta = 09:20:14
Epoch 62 memory(end): tensors=219, buffers=219, bytes=14.7MB

Epoch 63: Weights {"totalWeight":0.1,"recapWeight":0.05,"deltaWeight":9.75,"categoryWeight":0.05,"quantileWeight":0.21080000000000002,"consistencyWeight":0,"identityDropoutRate":1}, Scales {"judgeBias":1,"corps":0.46}, SeqLen 15, ID_Drop 1.000, WFW 1.500 
Epoch 63 memory(start): tensors=219, buffers=219, bytes=14.7MB

History Bucket Diagnostics (Avg Abs Error per sample, normalized units):
Hist | Count | MAE_Pred | MAE_Base | PredDevFromBase
-----|-------|----------|----------|----------------
0    | 8     | 0.7993   | 3.7696   | 3.7998 
1    | 9     | 0.6969   | 0.9160   | 0.7166 
2    | 11    | 0.4807   | 0.5551   | 0.4945 
3-5  | 59    | 0.3992   | 0.3926   | 0.3464 
6+   | 276   | 0.3192   | 0.2990   | 0.2813 

Epoch 63: loss = 1.133516 delta_mae_pts = 0.3571 recap_mae_pts = 0.3571 cat_mae_pts = 0.4406 total_mae_pts = 0.9920 vs_inertia_pts = 0.0567 vs_quad_pts = 0.2891 lr_base = 0.000718 lr_mult = 1.0000 lr_eff = 0.000718 mon_cov = 0.957 mon_score = 3.6203 progress = 64/400 epoch_sec = 85.2 avg_epoch_sec = 99.5 elapsed = 01:46:09 eta = 09:17:17
Epoch 63 memory(end): tensors=219, buffers=219, bytes=14.7MB

Epoch 64: Weights {"totalWeight":0.1,"recapWeight":0.05,"deltaWeight":9.75,"categoryWeight":0.05,"quantileWeight":0.2144,"consistencyWeight":0,"identityDropoutRate":1}, Scales {"judgeBias":1,"corps":0.48}, SeqLen 15, ID_Drop 1.000, WFW 1.500 
Epoch 64 memory(start): tensors=219, buffers=219, bytes=14.7MB

History Bucket Diagnostics (Avg Abs Error per sample, normalized units):
Hist | Count | MAE_Pred | MAE_Base | PredDevFromBase
-----|-------|----------|----------|----------------
0    | 8     | 0.7250   | 3.7696   | 3.8830 
1    | 9     | 0.6953   | 0.9160   | 0.6219 
2    | 11    | 0.4766   | 0.5551   | 0.4320 
3-5  | 59    | 0.4725   | 0.3926   | 0.3926 
6+   | 276   | 0.3356   | 0.2990   | 0.3011 

Epoch 64: loss = 1.129260 delta_mae_pts = 0.3796 recap_mae_pts = 0.3796 cat_mae_pts = 0.4935 total_mae_pts = 1.1647 vs_inertia_pts = 0.0341 vs_quad_pts = 0.2666 lr_base = 0.000716 lr_mult = 1.0000 lr_eff = 0.000716 mon_cov = 0.949 mon_score = 3.8614 progress = 65/400 epoch_sec = 89.5 avg_epoch_sec = 99.4 elapsed = 01:47:38 eta = 09:14:46
Epoch 64 memory(end): tensors=219, buffers=219, bytes=14.7MB

Epoch 65: Weights {"totalWeight":0.1,"recapWeight":0.05,"deltaWeight":9.75,"categoryWeight":0.05,"quantileWeight":0.21800000000000003,"consistencyWeight":0,"identityDropoutRate":1}, Scales {"judgeBias":1,"corps":0.5}, SeqLen 15, ID_Drop 1.000, WFW 1.500 
Epoch 65 memory(start): tensors=219, buffers=219, bytes=14.7MB

History Bucket Diagnostics (Avg Abs Error per sample, normalized units):
Hist | Count | MAE_Pred | MAE_Base | PredDevFromBase
-----|-------|----------|----------|----------------
0    | 8     | 0.9638   | 3.7696   | 3.9878 
1    | 9     | 0.6924   | 0.9160   | 0.6671 
2    | 11    | 0.4821   | 0.5551   | 0.4498 
3-5  | 59    | 0.5224   | 0.3926   | 0.3835 
6+   | 276   | 0.3379   | 0.2990   | 0.2878 

Epoch 65: loss = 1.115058 delta_mae_pts = 0.3948 recap_mae_pts = 0.3948 cat_mae_pts = 0.5161 total_mae_pts = 1.3201 vs_inertia_pts = 0.0189 vs_quad_pts = 0.2513 lr_base = 0.000715 lr_mult = 1.0000 lr_eff = 0.000715 mon_cov = 0.938 mon_score = 4.0273 progress = 66/400 epoch_sec = 91.2 avg_epoch_sec = 99.2 elapsed = 01:49:10 eta = 09:12:25
Epoch 65 memory(end): tensors=219, buffers=219, bytes=14.7MB

--- NO IMPROVEMENT FOR 18 EPOCHS: plateau multiplier 1.0000 -> 0.5000, effective LR 0.000358 ---

Epoch 66: Weights {"totalWeight":0.1,"recapWeight":0.05,"deltaWeight":9.75,"categoryWeight":0.05,"quantileWeight":0.22160000000000002,"consistencyWeight":0,"identityDropoutRate":1}, Scales {"judgeBias":1,"corps":0.52}, SeqLen 15, ID_Drop 1.000, WFW 1.500 
Epoch 66 memory(start): tensors=219, buffers=219, bytes=14.7MB

History Bucket Diagnostics (Avg Abs Error per sample, normalized units):
Hist | Count | MAE_Pred | MAE_Base | PredDevFromBase
-----|-------|----------|----------|----------------
0    | 8     | 0.5964   | 3.7696   | 3.5877 
1    | 9     | 0.6278   | 0.9160   | 0.6472 
2    | 11    | 0.4946   | 0.5551   | 0.3808 
3-5  | 59    | 0.4559   | 0.3926   | 0.3409 
6+   | 276   | 0.3231   | 0.2990   | 0.2715 

Epoch 66: loss = 1.089271 delta_mae_pts = 0.3634 recap_mae_pts = 0.3634 cat_mae_pts = 0.4591 total_mae_pts = 1.0941 vs_inertia_pts = 0.0503 vs_quad_pts = 0.2827 lr_base = 0.000714 lr_mult = 0.5000 lr_eff = 0.000357 mon_cov = 0.954 mon_score = 3.6941 progress = 67/400 epoch_sec = 96.5 avg_epoch_sec = 99.2 elapsed = 01:50:46 eta = 09:10:32
Epoch 66 memory(end): tensors=219, buffers=219, bytes=14.7MB

Epoch 67: Weights {"totalWeight":0.1,"recapWeight":0.05,"deltaWeight":9.75,"categoryWeight":0.05,"quantileWeight":0.2252,"consistencyWeight":0,"identityDropoutRate":1}, Scales {"judgeBias":1,"corps":0.54}, SeqLen 15, ID_Drop 1.000, WFW 1.500 
Epoch 67 memory(start): tensors=219, buffers=219, bytes=14.7MB

History Bucket Diagnostics (Avg Abs Error per sample, normalized units):
Hist | Count | MAE_Pred | MAE_Base | PredDevFromBase
-----|-------|----------|----------|----------------
0    | 8     | 0.7202   | 3.7696   | 3.8529 
1    | 9     | 0.6583   | 0.9160   | 0.8103 
2    | 11    | 0.4675   | 0.5551   | 0.4877 
3-5  | 59    | 0.3987   | 0.3926   | 0.3310 
6+   | 276   | 0.3280   | 0.2990   | 0.2945 

Epoch 67: loss = 1.017546 delta_mae_pts = 0.3606 recap_mae_pts = 0.3606 cat_mae_pts = 0.4461 total_mae_pts = 1.0440 vs_inertia_pts = 0.0532 vs_quad_pts = 0.2856 lr_base = 0.000713 lr_mult = 0.5000 lr_eff = 0.000356 mon_cov = 0.959 mon_score = 3.6603 progress = 68/400 epoch_sec = 97.2 avg_epoch_sec = 99.2 elapsed = 01:52:23 eta = 09:08:43
Epoch 67 memory(end): tensors=219, buffers=219, bytes=14.7MB

Epoch 68: Weights {"totalWeight":0.1,"recapWeight":0.05,"deltaWeight":9.75,"categoryWeight":0.05,"quantileWeight":0.2288,"consistencyWeight":0,"identityDropoutRate":1}, Scales {"judgeBias":1,"corps":0.56}, SeqLen 15, ID_Drop 1.000, WFW 1.500 
Epoch 68 memory(start): tensors=219, buffers=219, bytes=14.7MB

History Bucket Diagnostics (Avg Abs Error per sample, normalized units):
Hist | Count | MAE_Pred | MAE_Base | PredDevFromBase
-----|-------|----------|----------|----------------
0    | 8     | 0.6616   | 3.7696   | 3.7420 
1    | 9     | 0.6911   | 0.9160   | 0.6615 
2    | 11    | 0.4485   | 0.5551   | 0.3977 
3-5  | 59    | 0.4652   | 0.3926   | 0.3599 
6+   | 276   | 0.3224   | 0.2990   | 0.2830 

Epoch 68: loss = 0.992247 delta_mae_pts = 0.3661 recap_mae_pts = 0.3661 cat_mae_pts = 0.4722 total_mae_pts = 1.1362 vs_inertia_pts = 0.0477 vs_quad_pts = 0.2801 lr_base = 0.000711 lr_mult = 0.5000 lr_eff = 0.000356 mon_cov = 0.952 mon_score = 3.7247 progress = 69/400 epoch_sec = 90.1 avg_epoch_sec = 99.0 elapsed = 01:53:53 eta = 09:06:20
Epoch 68 memory(end): tensors=219, buffers=219, bytes=14.7MB

Epoch 69: Weights {"totalWeight":0.1,"recapWeight":0.05,"deltaWeight":9.75,"categoryWeight":0.05,"quantileWeight":0.2324,"consistencyWeight":0,"identityDropoutRate":1}, Scales {"judgeBias":1,"corps":0.58}, SeqLen 15, ID_Drop 1.000, WFW 1.500 
Epoch 69 memory(start): tensors=219, buffers=219, bytes=14.7MB

History Bucket Diagnostics (Avg Abs Error per sample, normalized units):
Hist | Count | MAE_Pred | MAE_Base | PredDevFromBase
-----|-------|----------|----------|----------------
0    | 8     | 0.6776   | 3.7696   | 3.8635 
1    | 9     | 0.6760   | 0.9160   | 0.6269 
2    | 11    | 0.4830   | 0.5551   | 0.3914 
3-5  | 59    | 0.4862   | 0.3926   | 0.3549 
6+   | 276   | 0.3380   | 0.2990   | 0.2866 

Epoch 69: loss = 0.977586 delta_mae_pts = 0.3824 recap_mae_pts = 0.3824 cat_mae_pts = 0.4970 total_mae_pts = 1.2122 vs_inertia_pts = 0.0314 vs_quad_pts = 0.2638 lr_base = 0.000710 lr_mult = 0.5000 lr_eff = 0.000355 mon_cov = 0.951 mon_score = 3.8932 progress = 70/400 epoch_sec = 90.6 avg_epoch_sec = 98.9 elapsed = 01:55:24 eta = 09:04:01
Epoch 69 memory(end): tensors=219, buffers=219, bytes=14.7MB

Epoch 70: Weights {"totalWeight":0.1,"recapWeight":0.05,"deltaWeight":9.75,"categoryWeight":0.05,"quantileWeight":0.23600000000000002,"consistencyWeight":0,"identityDropoutRate":1}, Scales {"judgeBias":1,"corps":0.6}, SeqLen 15, ID_Drop 1.000, WFW 1.500 
Epoch 70 memory(start): tensors=219, buffers=219, bytes=14.7MB

History Bucket Diagnostics (Avg Abs Error per sample, normalized units):
Hist | Count | MAE_Pred | MAE_Base | PredDevFromBase
-----|-------|----------|----------|----------------
0    | 8     | 0.7850   | 3.7696   | 3.8552 
1    | 9     | 0.6632   | 0.9160   | 0.6025 
2    | 11    | 0.5013   | 0.5551   | 0.3753 
3-5  | 59    | 0.4745   | 0.3926   | 0.3491 
6+   | 276   | 0.3279   | 0.2990   | 0.2748 

Epoch 70: loss = 0.973307 delta_mae_pts = 0.3753 recap_mae_pts = 0.3753 cat_mae_pts = 0.4998 total_mae_pts = 1.2307 vs_inertia_pts = 0.0384 vs_quad_pts = 0.2708 lr_base = 0.000709 lr_mult = 0.5000 lr_eff = 0.000354 mon_cov = 0.950 mon_score = 3.8264 progress = 71/400 epoch_sec = 90.4 avg_epoch_sec = 98.8 elapsed = 01:56:54 eta = 09:01:43
Epoch 70 memory(end): tensors=219, buffers=219, bytes=14.7MB

Epoch 71: Weights {"totalWeight":0.1,"recapWeight":0.05,"deltaWeight":9.75,"categoryWeight":0.05,"quantileWeight":0.2396,"consistencyWeight":0,"identityDropoutRate":1}, Scales {"judgeBias":1,"corps":0.62}, SeqLen 15, ID_Drop 1.000, WFW 1.500 
Epoch 71 memory(start): tensors=219, buffers=219, bytes=14.7MB

History Bucket Diagnostics (Avg Abs Error per sample, normalized units):
Hist | Count | MAE_Pred | MAE_Base | PredDevFromBase
-----|-------|----------|----------|----------------
0    | 8     | 0.6964   | 3.7696   | 3.8213 
1    | 9     | 0.6088   | 0.9160   | 0.6945 
2    | 11    | 0.4861   | 0.5551   | 0.4516 
3-5  | 59    | 0.4267   | 0.3926   | 0.3479 
6+   | 276   | 0.3117   | 0.2990   | 0.2785 

Epoch 71: loss = 0.953445 delta_mae_pts = 0.3516 recap_mae_pts = 0.3516 cat_mae_pts = 0.4434 total_mae_pts = 1.0406 vs_inertia_pts = 0.0622 vs_quad_pts = 0.2946 lr_base = 0.000707 lr_mult = 0.5000 lr_eff = 0.000354 mon_cov = 0.965 mon_score = 3.5715 progress = 72/400 epoch_sec = 90.9 avg_epoch_sec = 98.7 elapsed = 01:58:25 eta = 08:59:28
Epoch 71 memory(end): tensors=219, buffers=219, bytes=14.7MB

Epoch 72: Weights {"totalWeight":0.1,"recapWeight":0.05,"deltaWeight":9.75,"categoryWeight":0.05,"quantileWeight":0.24320000000000003,"consistencyWeight":0,"identityDropoutRate":1}, Scales {"judgeBias":1,"corps":0.64}, SeqLen 15, ID_Drop 1.000, WFW 1.500 
Epoch 72 memory(start): tensors=219, buffers=219, bytes=14.7MB

History Bucket Diagnostics (Avg Abs Error per sample, normalized units):
Hist | Count | MAE_Pred | MAE_Base | PredDevFromBase
-----|-------|----------|----------|----------------
0    | 8     | 0.9008   | 3.7696   | 3.9905 
1    | 9     | 0.6654   | 0.9160   | 0.7495 
2    | 11    | 0.4929   | 0.5551   | 0.4158 
3-5  | 59    | 0.4353   | 0.3926   | 0.3486 
6+   | 276   | 0.3133   | 0.2990   | 0.2746 

Epoch 72: loss = 0.954616 delta_mae_pts = 0.3602 recap_mae_pts = 0.3602 cat_mae_pts = 0.4626 total_mae_pts = 1.1107 vs_inertia_pts = 0.0535 vs_quad_pts = 0.2859 lr_base = 0.000706 lr_mult = 0.5000 lr_eff = 0.000353 mon_cov = 0.959 mon_score = 3.6645 progress = 73/400 epoch_sec = 90.1 avg_epoch_sec = 98.6 elapsed = 01:59:55 eta = 08:57:11
Epoch 72 memory(end): tensors=219, buffers=219, bytes=14.7MB

Epoch 73: Weights {"totalWeight":0.1,"recapWeight":0.05,"deltaWeight":9.75,"categoryWeight":0.05,"quantileWeight":0.24680000000000002,"consistencyWeight":0,"identityDropoutRate":1}, Scales {"judgeBias":1,"corps":0.66}, SeqLen 15, ID_Drop 1.000, WFW 1.500 
Epoch 73 memory(start): tensors=219, buffers=219, bytes=14.7MB

History Bucket Diagnostics (Avg Abs Error per sample, normalized units):
Hist | Count | MAE_Pred | MAE_Base | PredDevFromBase
-----|-------|----------|----------|----------------
0    | 8     | 0.7624   | 3.7696   | 3.6559 
1    | 9     | 0.6639   | 0.9160   | 0.6734 
2    | 11    | 0.5034   | 0.5551   | 0.4867 
3-5  | 59    | 0.4504   | 0.3926   | 0.3873 
6+   | 276   | 0.3433   | 0.2990   | 0.3151 

Epoch 73: loss = 0.937548 delta_mae_pts = 0.3827 recap_mae_pts = 0.3827 cat_mae_pts = 0.4853 total_mae_pts = 1.0456 vs_inertia_pts = 0.0310 vs_quad_pts = 0.2634 lr_base = 0.000705 lr_mult = 0.5000 lr_eff = 0.000352 mon_cov = 0.949 mon_score = 3.8795 progress = 74/400 epoch_sec = 90.0 avg_epoch_sec = 98.5 elapsed = 02:01:25 eta = 08:54:55
Epoch 73 memory(end): tensors=219, buffers=219, bytes=14.7MB

Epoch 74: Weights {"totalWeight":0.1,"recapWeight":0.05,"deltaWeight":9.75,"categoryWeight":0.05,"quantileWeight":0.2504,"consistencyWeight":0,"identityDropoutRate":1}, Scales {"judgeBias":1,"corps":0.68}, SeqLen 15, ID_Drop 1.000, WFW 1.500 
Epoch 74 memory(start): tensors=219, buffers=219, bytes=14.7MB

History Bucket Diagnostics (Avg Abs Error per sample, normalized units):
Hist | Count | MAE_Pred | MAE_Base | PredDevFromBase
-----|-------|----------|----------|----------------
0    | 8     | 0.6637   | 3.7696   | 3.7718 
1    | 9     | 0.6285   | 0.9160   | 0.6973 
2    | 11    | 0.4712   | 0.5551   | 0.4269 
3-5  | 59    | 0.4518   | 0.3926   | 0.3597 
6+   | 276   | 0.3337   | 0.2990   | 0.2977 

Epoch 74: loss = 0.946409 delta_mae_pts = 0.3717 recap_mae_pts = 0.3717 cat_mae_pts = 0.4858 total_mae_pts = 1.1715 vs_inertia_pts = 0.0420 vs_quad_pts = 0.2745 lr_base = 0.000703 lr_mult = 0.5000 lr_eff = 0.000352 mon_cov = 0.954 mon_score = 3.7839 progress = 75/400 epoch_sec = 89.6 avg_epoch_sec = 98.3 elapsed = 02:02:55 eta = 08:52:38
Epoch 74 memory(end): tensors=219, buffers=219, bytes=14.7MB

Epoch 75: Weights {"totalWeight":0.1,"recapWeight":0.05,"deltaWeight":9.75,"categoryWeight":0.05,"quantileWeight":0.254,"consistencyWeight":0,"identityDropoutRate":1}, Scales {"judgeBias":1,"corps":0.7}, SeqLen 15, ID_Drop 1.000, WFW 1.500 
Epoch 75 memory(start): tensors=219, buffers=219, bytes=14.7MB

History Bucket Diagnostics (Avg Abs Error per sample, normalized units):
Hist | Count | MAE_Pred | MAE_Base | PredDevFromBase
-----|-------|----------|----------|----------------
0    | 8     | 0.7066   | 3.7696   | 3.7700 
1    | 9     | 0.7031   | 0.9160   | 0.9510 
2    | 11    | 0.5153   | 0.5551   | 0.6006 
3-5  | 59    | 0.4039   | 0.3926   | 0.3858 
6+   | 276   | 0.3256   | 0.2990   | 0.3222 

Epoch 75: loss = 0.926635 delta_mae_pts = 0.3618 recap_mae_pts = 0.3618 cat_mae_pts = 0.4775 total_mae_pts = 1.1172 vs_inertia_pts = 0.0519 vs_quad_pts = 0.2843 lr_base = 0.000702 lr_mult = 0.5000 lr_eff = 0.000351 mon_cov = 0.960 mon_score = 3.6816 progress = 76/400 epoch_sec = 89.4 avg_epoch_sec = 98.2 elapsed = 02:04:24 eta = 08:50:22
Epoch 75 memory(end): tensors=219, buffers=219, bytes=14.7MB

Epoch 76: Weights {"totalWeight":0.1,"recapWeight":0.05,"deltaWeight":9.75,"categoryWeight":0.05,"quantileWeight":0.2576,"consistencyWeight":0,"identityDropoutRate":1}, Scales {"judgeBias":1,"corps":0.72}, SeqLen 15, ID_Drop 1.000, WFW 1.500 
Epoch 76 memory(start): tensors=219, buffers=219, bytes=14.7MB

History Bucket Diagnostics (Avg Abs Error per sample, normalized units):
Hist | Count | MAE_Pred | MAE_Base | PredDevFromBase
-----|-------|----------|----------|----------------
0    | 8     | 0.9064   | 3.7696   | 4.1097 
1    | 9     | 0.7028   | 0.9160   | 0.8217 
2    | 11    | 0.4860   | 0.5551   | 0.4903 
3-5  | 59    | 0.4538   | 0.3926   | 0.3886 
6+   | 276   | 0.3251   | 0.2990   | 0.3083 

Epoch 76: loss = 0.928794 delta_mae_pts = 0.3731 recap_mae_pts = 0.3731 cat_mae_pts = 0.4893 total_mae_pts = 1.1942 vs_inertia_pts = 0.0406 vs_quad_pts = 0.2731 lr_base = 0.000700 lr_mult = 0.5000 lr_eff = 0.000350 mon_cov = 0.948 mon_score = 3.8004 progress = 77/400 epoch_sec = 91.1 avg_epoch_sec = 98.1 elapsed = 02:05:55 eta = 08:48:14
Epoch 76 memory(end): tensors=219, buffers=219, bytes=14.7MB

Epoch 77: Weights {"totalWeight":0.1,"recapWeight":0.05,"deltaWeight":9.75,"categoryWeight":0.05,"quantileWeight":0.2612,"consistencyWeight":0,"identityDropoutRate":1}, Scales {"judgeBias":1,"corps":0.74}, SeqLen 15, ID_Drop 1.000, WFW 1.500 
Epoch 77 memory(start): tensors=219, buffers=219, bytes=14.7MB

History Bucket Diagnostics (Avg Abs Error per sample, normalized units):
Hist | Count | MAE_Pred | MAE_Base | PredDevFromBase
-----|-------|----------|----------|----------------
0    | 8     | 0.7166   | 3.7696   | 3.9086 
1    | 9     | 0.6759   | 0.9160   | 0.7110 
2    | 11    | 0.4840   | 0.5551   | 0.4261 
3-5  | 59    | 0.4599   | 0.3926   | 0.3721 
6+   | 276   | 0.3192   | 0.2990   | 0.2943 

Epoch 77: loss = 0.915713 delta_mae_pts = 0.3646 recap_mae_pts = 0.3646 cat_mae_pts = 0.4682 total_mae_pts = 1.1575 vs_inertia_pts = 0.0491 vs_quad_pts = 0.2815 lr_base = 0.000699 lr_mult = 0.5000 lr_eff = 0.000349 mon_cov = 0.957 mon_score = 3.7127 progress = 78/400 epoch_sec = 90.5 avg_epoch_sec = 98.0 elapsed = 02:07:26 eta = 08:46:04
Epoch 77 memory(end): tensors=219, buffers=219, bytes=14.7MB

Epoch 78: Weights {"totalWeight":0.1,"recapWeight":0.05,"deltaWeight":9.75,"categoryWeight":0.05,"quantileWeight":0.26480000000000004,"consistencyWeight":0,"identityDropoutRate":1}, Scales {"judgeBias":1,"corps":0.76}, SeqLen 15, ID_Drop 1.000, WFW 1.500 
Epoch 78 memory(start): tensors=219, buffers=219, bytes=14.7MB

History Bucket Diagnostics (Avg Abs Error per sample, normalized units):
Hist | Count | MAE_Pred | MAE_Base | PredDevFromBase
-----|-------|----------|----------|----------------
0    | 8     | 0.8050   | 3.7696   | 4.0591 
1    | 9     | 0.6516   | 0.9160   | 0.8087 
2    | 11    | 0.4921   | 0.5551   | 0.5068 
3-5  | 59    | 0.4163   | 0.3926   | 0.3595 
6+   | 276   | 0.3184   | 0.2990   | 0.3085 

Epoch 78: loss = 0.895437 delta_mae_pts = 0.3586 recap_mae_pts = 0.3586 cat_mae_pts = 0.4529 total_mae_pts = 1.0738 vs_inertia_pts = 0.0551 vs_quad_pts = 0.2876 lr_base = 0.000697 lr_mult = 0.5000 lr_eff = 0.000349 mon_cov = 0.959 mon_score = 3.6441 progress = 79/400 epoch_sec = 90.1 avg_epoch_sec = 97.9 elapsed = 02:08:56 eta = 08:43:54
Epoch 78 memory(end): tensors=219, buffers=219, bytes=14.7MB

Epoch 79: Weights {"totalWeight":0.1,"recapWeight":0.05,"deltaWeight":9.75,"categoryWeight":0.05,"quantileWeight":0.2684,"consistencyWeight":0,"identityDropoutRate":1}, Scales {"judgeBias":1,"corps":0.78}, SeqLen 15, ID_Drop 1.000, WFW 1.500 
Epoch 79 memory(start): tensors=219, buffers=219, bytes=14.7MB

History Bucket Diagnostics (Avg Abs Error per sample, normalized units):
Hist | Count | MAE_Pred | MAE_Base | PredDevFromBase
-----|-------|----------|----------|----------------
0    | 8     | 0.8316   | 3.7696   | 4.0131 
1    | 9     | 0.6767   | 0.9160   | 0.7749 
2    | 11    | 0.4885   | 0.5551   | 0.4567 
3-5  | 59    | 0.4529   | 0.3926   | 0.3685 
6+   | 276   | 0.3344   | 0.2990   | 0.3029 

Epoch 79: loss = 0.893869 delta_mae_pts = 0.3778 recap_mae_pts = 0.3778 cat_mae_pts = 0.4774 total_mae_pts = 1.1387 vs_inertia_pts = 0.0360 vs_quad_pts = 0.2684 lr_base = 0.000696 lr_mult = 0.5000 lr_eff = 0.000348 mon_cov = 0.950 mon_score = 3.8398 progress = 80/400 epoch_sec = 89.9 avg_epoch_sec = 97.8 elapsed = 02:10:26 eta = 08:41:44
Epoch 79 memory(end): tensors=219, buffers=219, bytes=14.7MB

Epoch 80: Weights {"totalWeight":0.1,"recapWeight":0.05,"deltaWeight":9.75,"categoryWeight":0.05,"quantileWeight":0.272,"consistencyWeight":0,"identityDropoutRate":1}, Scales {"judgeBias":1,"corps":0.8}, SeqLen 15, ID_Drop 1.000, WFW 1.500 
Epoch 80 memory(start): tensors=219, buffers=219, bytes=14.7MB

History Bucket Diagnostics (Avg Abs Error per sample, normalized units):
Hist | Count | MAE_Pred | MAE_Base | PredDevFromBase
-----|-------|----------|----------|----------------
0    | 8     | 0.6939   | 3.7696   | 3.8088 
1    | 9     | 0.7117   | 0.9160   | 0.7312 
2    | 11    | 0.5147   | 0.5551   | 0.4892 
3-5  | 59    | 0.4256   | 0.3926   | 0.3764 
6+   | 276   | 0.3224   | 0.2990   | 0.3184 

Epoch 80: loss = 0.873025 delta_mae_pts = 0.3628 recap_mae_pts = 0.3628 cat_mae_pts = 0.4667 total_mae_pts = 1.0983 vs_inertia_pts = 0.0509 vs_quad_pts = 0.2833 lr_base = 0.000694 lr_mult = 0.5000 lr_eff = 0.000347 mon_cov = 0.954 mon_score = 3.6888 progress = 81/400 epoch_sec = 89.0 avg_epoch_sec = 97.7 elapsed = 02:11:55 eta = 08:39:32
Epoch 80 memory(end): tensors=219, buffers=219, bytes=14.7MB

Epoch 81: Weights {"totalWeight":0.1,"recapWeight":0.05,"deltaWeight":9.75,"categoryWeight":0.05,"quantileWeight":0.2756,"consistencyWeight":0,"identityDropoutRate":1}, Scales {"judgeBias":1,"corps":0.82}, SeqLen 15, ID_Drop 1.000, WFW 1.500 
Epoch 81 memory(start): tensors=219, buffers=219, bytes=14.7MB

History Bucket Diagnostics (Avg Abs Error per sample, normalized units):
Hist | Count | MAE_Pred | MAE_Base | PredDevFromBase
-----|-------|----------|----------|----------------
0    | 8     | 0.7647   | 3.7696   | 3.9216 
1    | 9     | 0.6564   | 0.9160   | 0.7492 
2    | 11    | 0.4906   | 0.5551   | 0.4629 
3-5  | 59    | 0.4610   | 0.3926   | 0.3742 
6+   | 276   | 0.3441   | 0.2990   | 0.3026 

Epoch 81: loss = 0.882807 delta_mae_pts = 0.3846 recap_mae_pts = 0.3846 cat_mae_pts = 0.5006 total_mae_pts = 1.2136 vs_inertia_pts = 0.0292 vs_quad_pts = 0.2616 lr_base = 0.000693 lr_mult = 0.5000 lr_eff = 0.000346 mon_cov = 0.945 mon_score = 3.9151 progress = 82/400 epoch_sec = 89.6 avg_epoch_sec = 97.6 elapsed = 02:13:25 eta = 08:37:22
Epoch 81 memory(end): tensors=219, buffers=219, bytes=14.7MB

Epoch 82: Weights {"totalWeight":0.1,"recapWeight":0.05,"deltaWeight":9.75,"categoryWeight":0.05,"quantileWeight":0.2792,"consistencyWeight":0,"identityDropoutRate":1}, Scales {"judgeBias":1,"corps":0.84}, SeqLen 15, ID_Drop 1.000, WFW 1.500 
Epoch 82 memory(start): tensors=219, buffers=219, bytes=14.7MB

History Bucket Diagnostics (Avg Abs Error per sample, normalized units):
Hist | Count | MAE_Pred | MAE_Base | PredDevFromBase
-----|-------|----------|----------|----------------
0    | 8     | 0.7259   | 3.7696   | 3.9685 
1    | 9     | 0.6275   | 0.9160   | 0.7409 
2    | 11    | 0.4898   | 0.5551   | 0.4693 
3-5  | 59    | 0.4418   | 0.3926   | 0.3810 
6+   | 276   | 0.3344   | 0.2990   | 0.3221 

Epoch 82: loss = 0.882767 delta_mae_pts = 0.3725 recap_mae_pts = 0.3725 cat_mae_pts = 0.4723 total_mae_pts = 1.1312 vs_inertia_pts = 0.0412 vs_quad_pts = 0.2737 lr_base = 0.000691 lr_mult = 0.5000 lr_eff = 0.000346 mon_cov = 0.956 mon_score = 3.7871 progress = 83/400 epoch_sec = 90.1 avg_epoch_sec = 97.5 elapsed = 02:14:55 eta = 08:35:16
Epoch 82 memory(end): tensors=219, buffers=219, bytes=14.7MB

Epoch 83: Weights {"totalWeight":0.1,"recapWeight":0.05,"deltaWeight":9.75,"categoryWeight":0.05,"quantileWeight":0.2828,"consistencyWeight":0,"identityDropoutRate":1}, Scales {"judgeBias":1,"corps":0.86}, SeqLen 15, ID_Drop 1.000, WFW 1.500 
Epoch 83 memory(start): tensors=219, buffers=219, bytes=14.7MB

History Bucket Diagnostics (Avg Abs Error per sample, normalized units):
Hist | Count | MAE_Pred | MAE_Base | PredDevFromBase
-----|-------|----------|----------|----------------
0    | 8     | 0.7096   | 3.7696   | 3.8472 
1    | 9     | 0.6612   | 0.9160   | 0.7006 
2    | 11    | 0.4804   | 0.5551   | 0.4742 
3-5  | 59    | 0.4589   | 0.3926   | 0.3859 
6+   | 276   | 0.3285   | 0.2990   | 0.3120 

Epoch 83: loss = 0.860448 delta_mae_pts = 0.3710 recap_mae_pts = 0.3710 cat_mae_pts = 0.4724 total_mae_pts = 1.1403 vs_inertia_pts = 0.0428 vs_quad_pts = 0.2752 lr_base = 0.000690 lr_mult = 0.5000 lr_eff = 0.000345 mon_cov = 0.955 mon_score = 3.7731 progress = 84/400 epoch_sec = 89.7 avg_epoch_sec = 97.4 elapsed = 02:16:24 eta = 08:33:09
Epoch 83 memory(end): tensors=219, buffers=219, bytes=14.7MB

--- NO IMPROVEMENT FOR 18 EPOCHS: plateau multiplier 0.5000 -> 0.2500, effective LR 0.000172 ---

Epoch 84: Weights {"totalWeight":0.1,"recapWeight":0.05,"deltaWeight":9.75,"categoryWeight":0.05,"quantileWeight":0.2864,"consistencyWeight":0,"identityDropoutRate":1}, Scales {"judgeBias":1,"corps":0.88}, SeqLen 15, ID_Drop 1.000, WFW 1.500 
Epoch 84 memory(start): tensors=219, buffers=219, bytes=14.7MB

History Bucket Diagnostics (Avg Abs Error per sample, normalized units):
Hist | Count | MAE_Pred | MAE_Base | PredDevFromBase
-----|-------|----------|----------|----------------
0    | 8     | 0.8167   | 3.7696   | 4.0443 
1    | 9     | 0.6780   | 0.9160   | 0.7571 
2    | 11    | 0.4990   | 0.5551   | 0.5110 
3-5  | 59    | 0.4502   | 0.3926   | 0.3877 
6+   | 276   | 0.3286   | 0.2990   | 0.3145 

Epoch 84: loss = 0.823934 delta_mae_pts = 0.3730 recap_mae_pts = 0.3730 cat_mae_pts = 0.4811 total_mae_pts = 1.1336 vs_inertia_pts = 0.0408 vs_quad_pts = 0.2732 lr_base = 0.000688 lr_mult = 0.2500 lr_eff = 0.000172 mon_cov = 0.959 mon_score = 3.7925 progress = 85/400 epoch_sec = 91.0 avg_epoch_sec = 97.4 elapsed = 02:17:55 eta = 08:31:08
Epoch 84 memory(end): tensors=219, buffers=219, bytes=14.7MB

Epoch 85: Weights {"totalWeight":0.1,"recapWeight":0.05,"deltaWeight":9.75,"categoryWeight":0.05,"quantileWeight":0.29000000000000004,"consistencyWeight":0,"identityDropoutRate":1}, Scales {"judgeBias":1,"corps":0.9}, SeqLen 15, ID_Drop 1.000, WFW 1.500 
Epoch 85 memory(start): tensors=219, buffers=219, bytes=14.7MB

History Bucket Diagnostics (Avg Abs Error per sample, normalized units):
Hist | Count | MAE_Pred | MAE_Base | PredDevFromBase
-----|-------|----------|----------|----------------
0    | 8     | 0.7075   | 3.7696   | 3.9245 
1    | 9     | 0.6460   | 0.9160   | 0.8013 
2    | 11    | 0.5059   | 0.5551   | 0.5086 
3-5  | 59    | 0.4534   | 0.3926   | 0.3993 
6+   | 276   | 0.3463   | 0.2990   | 0.3398 

Epoch 85: loss = 0.811868 delta_mae_pts = 0.3840 recap_mae_pts = 0.3840 cat_mae_pts = 0.4786 total_mae_pts = 1.1519 vs_inertia_pts = 0.0298 vs_quad_pts = 0.2622 lr_base = 0.000686 lr_mult = 0.2500 lr_eff = 0.000172 mon_cov = 0.952 mon_score = 3.9018 progress = 86/400 epoch_sec = 93.0 avg_epoch_sec = 97.3 elapsed = 02:19:28 eta = 08:29:14
Epoch 85 memory(end): tensors=219, buffers=219, bytes=14.7MB

Epoch 86: Weights {"totalWeight":0.1,"recapWeight":0.05,"deltaWeight":9.75,"categoryWeight":0.05,"quantileWeight":0.2936,"consistencyWeight":0,"identityDropoutRate":1}, Scales {"judgeBias":1,"corps":0.92}, SeqLen 15, ID_Drop 1.000, WFW 1.500 
Epoch 86 memory(start): tensors=219, buffers=219, bytes=14.7MB

History Bucket Diagnostics (Avg Abs Error per sample, normalized units):
Hist | Count | MAE_Pred | MAE_Base | PredDevFromBase
-----|-------|----------|----------|----------------
0    | 8     | 0.6953   | 3.7696   | 3.9412 
1    | 9     | 0.6411   | 0.9160   | 0.7762 
2    | 11    | 0.5092   | 0.5551   | 0.5301 
3-5  | 59    | 0.4352   | 0.3926   | 0.3999 
6+   | 276   | 0.3294   | 0.2990   | 0.3296 

Epoch 86: loss = 0.806741 delta_mae_pts = 0.3679 recap_mae_pts = 0.3679 cat_mae_pts = 0.4600 total_mae_pts = 1.0904 vs_inertia_pts = 0.0459 vs_quad_pts = 0.2783 lr_base = 0.000685 lr_mult = 0.2500 lr_eff = 0.000171 mon_cov = 0.958 mon_score = 3.7372 progress = 87/400 epoch_sec = 93.9 avg_epoch_sec = 97.3 elapsed = 02:21:02 eta = 08:27:25
Epoch 86 memory(end): tensors=219, buffers=219, bytes=14.7MB

Epoch 87: Weights {"totalWeight":0.1,"recapWeight":0.05,"deltaWeight":9.75,"categoryWeight":0.05,"quantileWeight":0.2972,"consistencyWeight":0,"identityDropoutRate":1}, Scales {"judgeBias":1,"corps":0.94}, SeqLen 15, ID_Drop 1.000, WFW 1.500 
Epoch 87 memory(start): tensors=219, buffers=219, bytes=14.7MB

History Bucket Diagnostics (Avg Abs Error per sample, normalized units):
Hist | Count | MAE_Pred | MAE_Base | PredDevFromBase
-----|-------|----------|----------|----------------
0    | 8     | 0.6899   | 3.7696   | 3.9509 
1    | 9     | 0.6313   | 0.9160   | 0.7409 
2    | 11    | 0.5002   | 0.5551   | 0.5122 
3-5  | 59    | 0.4541   | 0.3926   | 0.3816 
6+   | 276   | 0.3325   | 0.2990   | 0.3192 

Epoch 87: loss = 0.797765 delta_mae_pts = 0.3726 recap_mae_pts = 0.3726 cat_mae_pts = 0.4670 total_mae_pts = 1.0708 vs_inertia_pts = 0.0411 vs_quad_pts = 0.2735 lr_base = 0.000683 lr_mult = 0.2500 lr_eff = 0.000171 mon_cov = 0.955 mon_score = 3.7823 progress = 88/400 epoch_sec = 92.9 avg_epoch_sec = 97.2 elapsed = 02:22:35 eta = 08:25:32
Epoch 87 memory(end): tensors=219, buffers=219, bytes=14.7MB

Epoch 88: Weights {"totalWeight":0.1,"recapWeight":0.05,"deltaWeight":9.75,"categoryWeight":0.05,"quantileWeight":0.3008,"consistencyWeight":0,"identityDropoutRate":1}, Scales {"judgeBias":1,"corps":0.96}, SeqLen 15, ID_Drop 1.000, WFW 1.500 
Epoch 88 memory(start): tensors=219, buffers=219, bytes=14.7MB

History Bucket Diagnostics (Avg Abs Error per sample, normalized units):
Hist | Count | MAE_Pred | MAE_Base | PredDevFromBase
-----|-------|----------|----------|----------------
0    | 8     | 0.7471   | 3.7696   | 3.9977 
1    | 9     | 0.6434   | 0.9160   | 0.7942 
2    | 11    | 0.4908   | 0.5551   | 0.5301 
3-5  | 59    | 0.4556   | 0.3926   | 0.4029 
6+   | 276   | 0.3319   | 0.2990   | 0.3221 

Epoch 88: loss = 0.792942 delta_mae_pts = 0.3737 recap_mae_pts = 0.3737 cat_mae_pts = 0.4751 total_mae_pts = 1.1468 vs_inertia_pts = 0.0400 vs_quad_pts = 0.2725 lr_base = 0.000681 lr_mult = 0.2500 lr_eff = 0.000170 mon_cov = 0.956 mon_score = 3.8008 progress = 89/400 epoch_sec = 91.9 avg_epoch_sec = 97.2 elapsed = 02:24:07 eta = 08:23:36
Epoch 88 memory(end): tensors=219, buffers=219, bytes=14.7MB

Epoch 89: Weights {"totalWeight":0.1,"recapWeight":0.05,"deltaWeight":9.75,"categoryWeight":0.05,"quantileWeight":0.3044,"consistencyWeight":0,"identityDropoutRate":1}, Scales {"judgeBias":1,"corps":0.98}, SeqLen 15, ID_Drop 1.000, WFW 1.500 
Epoch 89 memory(start): tensors=219, buffers=219, bytes=14.7MB

History Bucket Diagnostics (Avg Abs Error per sample, normalized units):
Hist | Count | MAE_Pred | MAE_Base | PredDevFromBase
-----|-------|----------|----------|----------------
0    | 8     | 0.7259   | 3.7696   | 3.9164 
1    | 9     | 0.6776   | 0.9160   | 0.7323 
2    | 11    | 0.4911   | 0.5551   | 0.4931 
3-5  | 59    | 0.4626   | 0.3926   | 0.3951 
6+   | 276   | 0.3336   | 0.2990   | 0.3247 

Epoch 89: loss = 0.780507 delta_mae_pts = 0.3765 recap_mae_pts = 0.3765 cat_mae_pts = 0.4719 total_mae_pts = 1.1402 vs_inertia_pts = 0.0372 vs_quad_pts = 0.2697 lr_base = 0.000680 lr_mult = 0.2500 lr_eff = 0.000170 mon_cov = 0.954 mon_score = 3.8275 progress = 90/400 epoch_sec = 91.3 avg_epoch_sec = 97.1 elapsed = 02:25:38 eta = 08:21:39
Epoch 89 memory(end): tensors=219, buffers=219, bytes=14.7MB

Epoch 90: Weights {"totalWeight":0.1,"recapWeight":0.05,"deltaWeight":9.75,"categoryWeight":0.05,"quantileWeight":0.308,"consistencyWeight":0,"identityDropoutRate":1}, Scales {"judgeBias":1,"corps":1}, SeqLen 15, ID_Drop 1.000, WFW 1.500 
Epoch 90 memory(start): tensors=219, buffers=219, bytes=14.7MB

History Bucket Diagnostics (Avg Abs Error per sample, normalized units):
Hist | Count | MAE_Pred | MAE_Base | PredDevFromBase
-----|-------|----------|----------|----------------
0    | 8     | 0.7834   | 3.7696   | 3.9831 
1    | 9     | 0.6737   | 0.9160   | 0.7262 
2    | 11    | 0.4782   | 0.5551   | 0.4685 
3-5  | 59    | 0.4852   | 0.3926   | 0.4237 
6+   | 276   | 0.3396   | 0.2990   | 0.3328 

Epoch 90: loss = 0.779492 delta_mae_pts = 0.3855 recap_mae_pts = 0.3855 cat_mae_pts = 0.4938 total_mae_pts = 1.2082 vs_inertia_pts = 0.0282 vs_quad_pts = 0.2606 lr_base = 0.000678 lr_mult = 0.2500 lr_eff = 0.000169 mon_cov = 0.942 mon_score = 3.9238 progress = 91/400 epoch_sec = 90.6 avg_epoch_sec = 97.0 elapsed = 02:27:09 eta = 08:19:40
Epoch 90 memory(end): tensors=219, buffers=219, bytes=14.7MB

Epoch 91: Weights {"totalWeight":0.1,"recapWeight":0.05,"deltaWeight":9.75,"categoryWeight":0.05,"quantileWeight":0.3116,"consistencyWeight":0,"identityDropoutRate":1}, Scales {"judgeBias":1,"corps":1}, SeqLen 15, ID_Drop 1.000, WFW 1.500 
Epoch 91 memory(start): tensors=219, buffers=219, bytes=14.7MB

History Bucket Diagnostics (Avg Abs Error per sample, normalized units):
Hist | Count | MAE_Pred | MAE_Base | PredDevFromBase
-----|-------|----------|----------|----------------
0    | 8     | 0.7007   | 3.7696   | 3.8862 
1    | 9     | 0.6403   | 0.9160   | 0.7338 
2    | 11    | 0.5055   | 0.5551   | 0.5127 
3-5  | 59    | 0.4667   | 0.3926   | 0.4200 
6+   | 276   | 0.3417   | 0.2990   | 0.3407 

Epoch 91: loss = 0.769522 delta_mae_pts = 0.3823 recap_mae_pts = 0.3823 cat_mae_pts = 0.4797 total_mae_pts = 1.1346 vs_inertia_pts = 0.0315 vs_quad_pts = 0.2639 lr_base = 0.000676 lr_mult = 0.2500 lr_eff = 0.000169 mon_cov = 0.950 mon_score = 3.8837 progress = 92/400 epoch_sec = 92.3 avg_epoch_sec = 97.0 elapsed = 02:28:41 eta = 08:17:47
Epoch 91 memory(end): tensors=219, buffers=219, bytes=14.7MB

Epoch 92: Weights {"totalWeight":0.1,"recapWeight":0.05,"deltaWeight":9.75,"categoryWeight":0.05,"quantileWeight":0.31520000000000004,"consistencyWeight":0,"identityDropoutRate":1}, Scales {"judgeBias":1,"corps":1}, SeqLen 15, ID_Drop 1.000, WFW 1.500 
Epoch 92 memory(start): tensors=219, buffers=219, bytes=14.7MB

History Bucket Diagnostics (Avg Abs Error per sample, normalized units):
Hist | Count | MAE_Pred | MAE_Base | PredDevFromBase
-----|-------|----------|----------|----------------
0    | 8     | 0.7225   | 3.7696   | 3.9462 
1    | 9     | 0.6648   | 0.9160   | 0.7814 
2    | 11    | 0.5093   | 0.5551   | 0.5340 
3-5  | 59    | 0.4703   | 0.3926   | 0.4328 
6+   | 276   | 0.3477   | 0.2990   | 0.3513 

Epoch 92: loss = 0.766864 delta_mae_pts = 0.3886 recap_mae_pts = 0.3886 cat_mae_pts = 0.4857 total_mae_pts = 1.1549 vs_inertia_pts = 0.0251 vs_quad_pts = 0.2575 lr_base = 0.000674 lr_mult = 0.2500 lr_eff = 0.000169 mon_cov = 0.947 mon_score = 3.9485 progress = 93/400 epoch_sec = 92.2 avg_epoch_sec = 96.9 elapsed = 02:30:14 eta = 08:15:54
Epoch 92 memory(end): tensors=219, buffers=219, bytes=14.7MB

Epoch 93: Weights {"totalWeight":0.1,"recapWeight":0.05,"deltaWeight":9.75,"categoryWeight":0.05,"quantileWeight":0.31880000000000003,"consistencyWeight":0,"identityDropoutRate":1}, Scales {"judgeBias":1,"corps":1}, SeqLen 15, ID_Drop 1.000, WFW 1.500 
Epoch 93 memory(start): tensors=219, buffers=219, bytes=14.7MB

History Bucket Diagnostics (Avg Abs Error per sample, normalized units):
Hist | Count | MAE_Pred | MAE_Base | PredDevFromBase
-----|-------|----------|----------|----------------
0    | 8     | 0.8046   | 3.7696   | 3.9560 
1    | 9     | 0.6372   | 0.9160   | 0.7402 
2    | 11    | 0.5008   | 0.5551   | 0.5035 
3-5  | 59    | 0.4782   | 0.3926   | 0.4112 
6+   | 276   | 0.3357   | 0.2990   | 0.3221 

Epoch 93: loss = 0.762297 delta_mae_pts = 0.3817 recap_mae_pts = 0.3817 cat_mae_pts = 0.4838 total_mae_pts = 1.1690 vs_inertia_pts = 0.0320 vs_quad_pts = 0.2645 lr_base = 0.000672 lr_mult = 0.2500 lr_eff = 0.000168 mon_cov = 0.947 mon_score = 3.8817 progress = 94/400 epoch_sec = 90.4 avg_epoch_sec = 96.9 elapsed = 02:31:44 eta = 08:13:56
Epoch 93 memory(end): tensors=219, buffers=219, bytes=14.7MB

Epoch 94: Weights {"totalWeight":0.1,"recapWeight":0.05,"deltaWeight":9.75,"categoryWeight":0.05,"quantileWeight":0.3224,"consistencyWeight":0,"identityDropoutRate":1}, Scales {"judgeBias":1,"corps":1}, SeqLen 15, ID_Drop 1.000, WFW 1.500 
Epoch 94 memory(start): tensors=219, buffers=219, bytes=14.7MB

History Bucket Diagnostics (Avg Abs Error per sample, normalized units):
Hist | Count | MAE_Pred | MAE_Base | PredDevFromBase
-----|-------|----------|----------|----------------
0    | 8     | 0.7071   | 3.7696   | 3.8302 
1    | 9     | 0.6690   | 0.9160   | 0.6686 
2    | 11    | 0.4900   | 0.5551   | 0.4686 
3-5  | 59    | 0.4923   | 0.3926   | 0.4172 
6+   | 276   | 0.3383   | 0.2990   | 0.3301 

Epoch 94: loss = 0.756653 delta_mae_pts = 0.3842 recap_mae_pts = 0.3842 cat_mae_pts = 0.4911 total_mae_pts = 1.1967 vs_inertia_pts = 0.0295 vs_quad_pts = 0.2619 lr_base = 0.000671 lr_mult = 0.2500 lr_eff = 0.000168 mon_cov = 0.946 mon_score = 3.9096 progress = 95/400 epoch_sec = 90.4 avg_epoch_sec = 96.8 elapsed = 02:33:14 eta = 08:11:59
Epoch 94 memory(end): tensors=219, buffers=219, bytes=14.7MB

Epoch 95: Weights {"totalWeight":0.1,"recapWeight":0.05,"deltaWeight":9.75,"categoryWeight":0.05,"quantileWeight":0.32600000000000007,"consistencyWeight":0,"identityDropoutRate":1}, Scales {"judgeBias":1,"corps":1}, SeqLen 15, ID_Drop 1.000, WFW 1.500 
Epoch 95 memory(start): tensors=219, buffers=219, bytes=14.7MB

History Bucket Diagnostics (Avg Abs Error per sample, normalized units):
Hist | Count | MAE_Pred | MAE_Base | PredDevFromBase
-----|-------|----------|----------|----------------
0    | 8     | 0.7646   | 3.7696   | 3.9543 
1    | 9     | 0.6503   | 0.9160   | 0.7491 
2    | 11    | 0.5025   | 0.5551   | 0.5202 
3-5  | 59    | 0.4566   | 0.3926   | 0.4079 
6+   | 276   | 0.3295   | 0.2990   | 0.3261 

Epoch 95: loss = 0.753430 delta_mae_pts = 0.3730 recap_mae_pts = 0.3730 cat_mae_pts = 0.4693 total_mae_pts = 1.1150 vs_inertia_pts = 0.0408 vs_quad_pts = 0.2732 lr_base = 0.000669 lr_mult = 0.2500 lr_eff = 0.000167 mon_cov = 0.954 mon_score = 3.7901 progress = 96/400 epoch_sec = 89.9 avg_epoch_sec = 96.7 elapsed = 02:34:44 eta = 08:10:00
Epoch 95 memory(end): tensors=219, buffers=219, bytes=14.7MB

Epoch 96: Weights {"totalWeight":0.1,"recapWeight":0.05,"deltaWeight":9.75,"categoryWeight":0.05,"quantileWeight":0.3296,"consistencyWeight":0,"identityDropoutRate":1}, Scales {"judgeBias":1,"corps":1}, SeqLen 15, ID_Drop 1.000, WFW 1.500 
Epoch 96 memory(start): tensors=219, buffers=219, bytes=14.7MB

History Bucket Diagnostics (Avg Abs Error per sample, normalized units):
Hist | Count | MAE_Pred | MAE_Base | PredDevFromBase
-----|-------|----------|----------|----------------
0    | 8     | 0.7226   | 3.7696   | 3.9695 
1    | 9     | 0.6362   | 0.9160   | 0.7540 
2    | 11    | 0.4962   | 0.5551   | 0.4932 
3-5  | 59    | 0.4775   | 0.3926   | 0.4148 
6+   | 276   | 0.3341   | 0.2990   | 0.3294 

Epoch 96: loss = 0.744379 delta_mae_pts = 0.3784 recap_mae_pts = 0.3784 cat_mae_pts = 0.4842 total_mae_pts = 1.1753 vs_inertia_pts = 0.0353 vs_quad_pts = 0.2678 lr_base = 0.000667 lr_mult = 0.2500 lr_eff = 0.000167 mon_cov = 0.949 mon_score = 3.8500 progress = 97/400 epoch_sec = 91.0 avg_epoch_sec = 96.7 elapsed = 02:36:15 eta = 08:08:05
Epoch 96 memory(end): tensors=219, buffers=219, bytes=14.7MB

Epoch 97: Weights {"totalWeight":0.1,"recapWeight":0.05,"deltaWeight":9.75,"categoryWeight":0.05,"quantileWeight":0.3332,"consistencyWeight":0,"identityDropoutRate":1}, Scales {"judgeBias":1,"corps":1}, SeqLen 15, ID_Drop 1.000, WFW 1.500 
Epoch 97 memory(start): tensors=219, buffers=219, bytes=14.7MB

History Bucket Diagnostics (Avg Abs Error per sample, normalized units):
Hist | Count | MAE_Pred | MAE_Base | PredDevFromBase
-----|-------|----------|----------|----------------
0    | 8     | 0.6927   | 3.7696   | 3.8973 
1    | 9     | 0.6109   | 0.9160   | 0.7471 
2    | 11    | 0.4905   | 0.5551   | 0.5175 
3-5  | 59    | 0.4501   | 0.3926   | 0.3995 
6+   | 276   | 0.3352   | 0.2990   | 0.3334 

Epoch 97: loss = 0.740079 delta_mae_pts = 0.3733 recap_mae_pts = 0.3733 cat_mae_pts = 0.4563 total_mae_pts = 1.0843 vs_inertia_pts = 0.0405 vs_quad_pts = 0.2729 lr_base = 0.000665 lr_mult = 0.2500 lr_eff = 0.000166 mon_cov = 0.953 mon_score = 3.7891 progress = 98/400 epoch_sec = 92.3 avg_epoch_sec = 96.6 elapsed = 02:37:48 eta = 08:06:15
Epoch 97 memory(end): tensors=219, buffers=219, bytes=14.7MB

Epoch 98: Weights {"totalWeight":0.1,"recapWeight":0.05,"deltaWeight":9.75,"categoryWeight":0.05,"quantileWeight":0.3368,"consistencyWeight":0,"identityDropoutRate":1}, Scales {"judgeBias":1,"corps":1}, SeqLen 15, ID_Drop 1.000, WFW 1.500 
Epoch 98 memory(start): tensors=219, buffers=219, bytes=14.7MB

History Bucket Diagnostics (Avg Abs Error per sample, normalized units):
Hist | Count | MAE_Pred | MAE_Base | PredDevFromBase
-----|-------|----------|----------|----------------
0    | 8     | 0.7956   | 3.7696   | 3.9970 
1    | 9     | 0.6635   | 0.9160   | 0.7546 
2    | 11    | 0.5124   | 0.5551   | 0.5165 
3-5  | 59    | 0.4823   | 0.3926   | 0.4148 
6+   | 276   | 0.3407   | 0.2990   | 0.3336 

Epoch 98: loss = 0.741268 delta_mae_pts = 0.3870 recap_mae_pts = 0.3870 cat_mae_pts = 0.4907 total_mae_pts = 1.1646 vs_inertia_pts = 0.0268 vs_quad_pts = 0.2592 lr_base = 0.000663 lr_mult = 0.2500 lr_eff = 0.000166 mon_cov = 0.953 mon_score = 3.9332 progress = 99/400 epoch_sec = 93.2 avg_epoch_sec = 96.6 elapsed = 02:39:21 eta = 08:04:28
Epoch 98 memory(end): tensors=219, buffers=219, bytes=14.7MB

Epoch 99: Weights {"totalWeight":0.1,"recapWeight":0.05,"deltaWeight":9.75,"categoryWeight":0.05,"quantileWeight":0.34040000000000004,"consistencyWeight":0,"identityDropoutRate":1}, Scales {"judgeBias":1,"corps":1}, SeqLen 15, ID_Drop 1.000, WFW 1.500 
Epoch 99 memory(start): tensors=219, buffers=219, bytes=14.7MB

History Bucket Diagnostics (Avg Abs Error per sample, normalized units):
Hist | Count | MAE_Pred | MAE_Base | PredDevFromBase
-----|-------|----------|----------|----------------
0    | 8     | 0.7687   | 3.7696   | 3.9744 
1    | 9     | 0.6378   | 0.9160   | 0.8034 
2    | 11    | 0.4881   | 0.5551   | 0.5178 
3-5  | 59    | 0.4641   | 0.3926   | 0.4047 
6+   | 276   | 0.3376   | 0.2990   | 0.3304 

Epoch 99: loss = 0.740746 delta_mae_pts = 0.3797 recap_mae_pts = 0.3797 cat_mae_pts = 0.4743 total_mae_pts = 1.1320 vs_inertia_pts = 0.0341 vs_quad_pts = 0.2665 lr_base = 0.000661 lr_mult = 0.2500 lr_eff = 0.000165 mon_cov = 0.948 mon_score = 3.8575 progress = 100/400 epoch_sec = 91.0 avg_epoch_sec = 96.5 elapsed = 02:40:52 eta = 08:02:35
Epoch 99 memory(end): tensors=219, buffers=219, bytes=14.7MB

Epoch 100: Weights {"totalWeight":0.1,"recapWeight":0.05,"deltaWeight":9.75,"categoryWeight":0.05,"quantileWeight":0.34400000000000003,"consistencyWeight":0,"identityDropoutRate":1}, Scales {"judgeBias":1,"corps":1}, SeqLen 15, ID_Drop 1.000, WFW 1.500 
Epoch 100 memory(start): tensors=219, buffers=219, bytes=14.7MB

History Bucket Diagnostics (Avg Abs Error per sample, normalized units):
Hist | Count | MAE_Pred | MAE_Base | PredDevFromBase
-----|-------|----------|----------|----------------
0    | 8     | 0.7749   | 3.7696   | 3.9818 
1    | 9     | 0.6454   | 0.9160   | 0.7846 
2    | 11    | 0.5085   | 0.5551   | 0.5457 
3-5  | 59    | 0.4738   | 0.3926   | 0.4224 
6+   | 276   | 0.3346   | 0.2990   | 0.3408 

Epoch 100: loss = 0.736573 delta_mae_pts = 0.3799 recap_mae_pts = 0.3799 cat_mae_pts = 0.4769 total_mae_pts = 1.1391 vs_inertia_pts = 0.0338 vs_quad_pts = 0.2663 lr_base = 0.000659 lr_mult = 0.2500 lr_eff = 0.000165 mon_cov = 0.954 mon_score = 3.8606 progress = 101/400 epoch_sec = 91.3 avg_epoch_sec = 96.5 elapsed = 02:42:23 eta = 08:00:43
Epoch 100 memory(end): tensors=219, buffers=219, bytes=14.7MB

-- - CAPTION STATS(Epoch 100)-- - 
GE1: delta_pts = 0.3582, recap_pts = 0.3582, cov = 0.945, width = 1.9571 
GE2: delta_pts = 0.3587, recap_pts = 0.3587, cov = 0.961, width = 1.9761 
VP: delta_pts = 0.3591, recap_pts = 0.3591, cov = 0.959, width = 2.0185 
VA: delta_pts = 0.3250, recap_pts = 0.3250, cov = 0.986, width = 2.0159 
CG: delta_pts = 0.4052, recap_pts = 0.4052, cov = 0.945, width = 2.0408 
MB: delta_pts = 0.3915, recap_pts = 0.3915, cov = 0.967, width = 1.9924 
MA: delta_pts = 0.3946, recap_pts = 0.3946, cov = 0.950, width = 1.9836 
MP: delta_pts = 0.4467, recap_pts = 0.4467, cov = 0.917, width = 1.9955 
----------------------------------


Epoch 101: Weights {"totalWeight":0.1,"recapWeight":0.05,"deltaWeight":9.75,"categoryWeight":0.05,"quantileWeight":0.3476,"consistencyWeight":0,"identityDropoutRate":0.99525}, Scales {"judgeBias":1,"corps":1}, SeqLen 15, ID_Drop 0.997, WFW 1.500 
Epoch 101 memory(start): tensors=219, buffers=219, bytes=14.7MB

History Bucket Diagnostics (Avg Abs Error per sample, normalized units):
Hist | Count | MAE_Pred | MAE_Base | PredDevFromBase
-----|-------|----------|----------|----------------
0    | 8     | 0.7163   | 3.7696   | 3.9346 
1    | 9     | 0.6745   | 0.9160   | 0.7491 
2    | 11    | 0.4948   | 0.5551   | 0.5244 
3-5  | 59    | 0.4698   | 0.3926   | 0.4230 
6+   | 276   | 0.3427   | 0.2990   | 0.3496 

Epoch 101: loss = 0.729275 delta_mae_pts = 0.3845 recap_mae_pts = 0.3845 cat_mae_pts = 0.4861 total_mae_pts = 1.1725 vs_inertia_pts = 0.0293 vs_quad_pts = 0.2617 lr_base = 0.000658 lr_mult = 0.2500 lr_eff = 0.000164 mon_cov = 0.948 mon_score = 3.9093 progress = 102/400 epoch_sec = 90.1 avg_epoch_sec = 96.4 elapsed = 02:43:53 eta = 07:58:48
Epoch 101 memory(end): tensors=219, buffers=219, bytes=14.7MB

--- NO IMPROVEMENT FOR 18 EPOCHS: plateau multiplier 0.2500 -> 0.1250, effective LR 0.000082 ---

Epoch 102: Weights {"totalWeight":0.1,"recapWeight":0.05,"deltaWeight":9.75,"categoryWeight":0.05,"quantileWeight":0.3512,"consistencyWeight":0,"identityDropoutRate":0.9905}, Scales {"judgeBias":1,"corps":1}, SeqLen 15, ID_Drop 0.990, WFW 1.500 
Epoch 102 memory(start): tensors=219, buffers=219, bytes=14.7MB

History Bucket Diagnostics (Avg Abs Error per sample, normalized units):
Hist | Count | MAE_Pred | MAE_Base | PredDevFromBase
-----|-------|----------|----------|----------------
0    | 8     | 0.8008   | 3.7696   | 3.9873 
1    | 9     | 0.6593   | 0.9160   | 0.7471 
2    | 11    | 0.5093   | 0.5551   | 0.5095 
3-5  | 59    | 0.4818   | 0.3926   | 0.4237 
6+   | 276   | 0.3447   | 0.2990   | 0.3450 

Epoch 102: loss = 0.719551 delta_mae_pts = 0.3898 recap_mae_pts = 0.3898 cat_mae_pts = 0.5004 total_mae_pts = 1.2056 vs_inertia_pts = 0.0239 vs_quad_pts = 0.2564 lr_base = 0.000656 lr_mult = 0.1250 lr_eff = 0.000082 mon_cov = 0.945 mon_score = 3.9658 progress = 103/400 epoch_sec = 91.6 avg_epoch_sec = 96.4 elapsed = 02:45:25 eta = 07:56:58
Epoch 102 memory(end): tensors=219, buffers=219, bytes=14.7MB

Epoch 103: Weights {"totalWeight":0.1,"recapWeight":0.05,"deltaWeight":9.75,"categoryWeight":0.05,"quantileWeight":0.3548,"consistencyWeight":0,"identityDropoutRate":0.98575}, Scales {"judgeBias":1,"corps":1}, SeqLen 15, ID_Drop 0.982, WFW 1.500 
Epoch 103 memory(start): tensors=219, buffers=219, bytes=14.7MB

History Bucket Diagnostics (Avg Abs Error per sample, normalized units):
Hist | Count | MAE_Pred | MAE_Base | PredDevFromBase
-----|-------|----------|----------|----------------
0    | 8     | 0.7607   | 3.7696   | 3.9580 
1    | 9     | 0.6417   | 0.9160   | 0.7319 
2    | 11    | 0.4979   | 0.5551   | 0.5120 
3-5  | 59    | 0.4805   | 0.3926   | 0.4183 
6+   | 276   | 0.3380   | 0.2990   | 0.3357 

Epoch 103: loss = 0.706045 delta_mae_pts = 0.3828 recap_mae_pts = 0.3828 cat_mae_pts = 0.4864 total_mae_pts = 1.1793 vs_inertia_pts = 0.0309 vs_quad_pts = 0.2633 lr_base = 0.000654 lr_mult = 0.1250 lr_eff = 0.000082 mon_cov = 0.950 mon_score = 3.8941 progress = 104/400 epoch_sec = 91.3 avg_epoch_sec = 96.3 elapsed = 02:46:56 eta = 07:55:07
Epoch 103 memory(end): tensors=219, buffers=219, bytes=14.7MB

Epoch 104: Weights {"totalWeight":0.1,"recapWeight":0.05,"deltaWeight":9.75,"categoryWeight":0.05,"quantileWeight":0.3584,"consistencyWeight":0,"identityDropoutRate":0.981}, Scales {"judgeBias":1,"corps":1}, SeqLen 15, ID_Drop 0.982, WFW 1.500 
Epoch 104 memory(start): tensors=219, buffers=219, bytes=14.7MB

History Bucket Diagnostics (Avg Abs Error per sample, normalized units):
Hist | Count | MAE_Pred | MAE_Base | PredDevFromBase
-----|-------|----------|----------|----------------
0    | 8     | 0.6942   | 3.7696   | 3.9113 
1    | 9     | 0.6401   | 0.9160   | 0.7460 
2    | 11    | 0.4986   | 0.5551   | 0.5123 
3-5  | 59    | 0.4655   | 0.3926   | 0.4205 
6+   | 276   | 0.3414   | 0.2990   | 0.3419 

Epoch 104: loss = 0.709355 delta_mae_pts = 0.3815 recap_mae_pts = 0.3815 cat_mae_pts = 0.4810 total_mae_pts = 1.1602 vs_inertia_pts = 0.0322 vs_quad_pts = 0.2646 lr_base = 0.000652 lr_mult = 0.1250 lr_eff = 0.000081 mon_cov = 0.951 mon_score = 3.8792 progress = 105/400 epoch_sec = 90.6 avg_epoch_sec = 96.3 elapsed = 02:48:27 eta = 07:53:15
Epoch 104 memory(end): tensors=219, buffers=219, bytes=14.7MB

Epoch 105: Weights {"totalWeight":0.1,"recapWeight":0.05,"deltaWeight":9.75,"categoryWeight":0.05,"quantileWeight":0.362,"consistencyWeight":0,"identityDropoutRate":0.97625}, Scales {"judgeBias":1,"corps":1}, SeqLen 15, ID_Drop 0.975, WFW 1.500 
Epoch 105 memory(start): tensors=219, buffers=219, bytes=14.7MB

History Bucket Diagnostics (Avg Abs Error per sample, normalized units):
Hist | Count | MAE_Pred | MAE_Base | PredDevFromBase
-----|-------|----------|----------|----------------
0    | 8     | 0.7263   | 3.7696   | 3.9330 
1    | 9     | 0.6470   | 0.9160   | 0.7771 
2    | 11    | 0.4995   | 0.5551   | 0.5239 
3-5  | 59    | 0.4733   | 0.3926   | 0.4295 
6+   | 276   | 0.3445   | 0.2990   | 0.3472 

Epoch 105: loss = 0.702680 delta_mae_pts = 0.3861 recap_mae_pts = 0.3861 cat_mae_pts = 0.4829 total_mae_pts = 1.1790 vs_inertia_pts = 0.0276 vs_quad_pts = 0.2601 lr_base = 0.000650 lr_mult = 0.1250 lr_eff = 0.000081 mon_cov = 0.949 mon_score = 3.9257 progress = 106/400 epoch_sec = 93.0 avg_epoch_sec = 96.2 elapsed = 02:50:00 eta = 07:51:30
Epoch 105 memory(end): tensors=219, buffers=219, bytes=14.7MB

Epoch 106: Weights {"totalWeight":0.1,"recapWeight":0.05,"deltaWeight":9.75,"categoryWeight":0.05,"quantileWeight":0.36560000000000004,"consistencyWeight":0,"identityDropoutRate":0.9715}, Scales {"judgeBias":1,"corps":1}, SeqLen 15, ID_Drop 0.970, WFW 1.500 
Epoch 106 memory(start): tensors=219, buffers=219, bytes=14.7MB

History Bucket Diagnostics (Avg Abs Error per sample, normalized units):
Hist | Count | MAE_Pred | MAE_Base | PredDevFromBase
-----|-------|----------|----------|----------------
0    | 8     | 0.7071   | 3.7696   | 3.9371 
1    | 9     | 0.6369   | 0.9160   | 0.7732 
2    | 11    | 0.5060   | 0.5551   | 0.5372 
3-5  | 59    | 0.4580   | 0.3926   | 0.4188 
6+   | 276   | 0.3367   | 0.2990   | 0.3414 

Epoch 106: loss = 0.698880 delta_mae_pts = 0.3771 recap_mae_pts = 0.3771 cat_mae_pts = 0.4674 total_mae_pts = 1.1080 vs_inertia_pts = 0.0366 vs_quad_pts = 0.2690 lr_base = 0.000648 lr_mult = 0.1250 lr_eff = 0.000081 mon_cov = 0.952 mon_score = 3.8302 progress = 107/400 epoch_sec = 98.2 avg_epoch_sec = 96.2 elapsed = 02:51:38 eta = 07:49:59
Epoch 106 memory(end): tensors=219, buffers=219, bytes=14.7MB

Epoch 107: Weights {"totalWeight":0.1,"recapWeight":0.05,"deltaWeight":9.75,"categoryWeight":0.05,"quantileWeight":0.36920000000000003,"consistencyWeight":0,"identityDropoutRate":0.96675}, Scales {"judgeBias":1,"corps":1}, SeqLen 15, ID_Drop 0.970, WFW 1.500 
Epoch 107 memory(start): tensors=219, buffers=219, bytes=14.7MB

History Bucket Diagnostics (Avg Abs Error per sample, normalized units):
Hist | Count | MAE_Pred | MAE_Base | PredDevFromBase
-----|-------|----------|----------|----------------
0    | 8     | 0.7412   | 3.7696   | 3.9274 
1    | 9     | 0.6434   | 0.9160   | 0.7616 
2    | 11    | 0.5057   | 0.5551   | 0.5272 
3-5  | 59    | 0.4698   | 0.3926   | 0.4316 
6+   | 276   | 0.3346   | 0.2990   | 0.3427 

Epoch 107: loss = 0.697688 delta_mae_pts = 0.3784 recap_mae_pts = 0.3784 cat_mae_pts = 0.4727 total_mae_pts = 1.1284 vs_inertia_pts = 0.0353 vs_quad_pts = 0.2678 lr_base = 0.000646 lr_mult = 0.1250 lr_eff = 0.000081 mon_cov = 0.951 mon_score = 3.8448 progress = 108/400 epoch_sec = 96.3 avg_epoch_sec = 96.2 elapsed = 02:53:14 eta = 07:48:23
Epoch 107 memory(end): tensors=219, buffers=219, bytes=14.7MB

Epoch 108: Weights {"totalWeight":0.1,"recapWeight":0.05,"deltaWeight":9.75,"categoryWeight":0.05,"quantileWeight":0.3728,"consistencyWeight":0,"identityDropoutRate":0.962}, Scales {"judgeBias":1,"corps":1}, SeqLen 15, ID_Drop 0.963, WFW 1.500 
Epoch 108 memory(start): tensors=219, buffers=219, bytes=14.7MB

History Bucket Diagnostics (Avg Abs Error per sample, normalized units):
Hist | Count | MAE_Pred | MAE_Base | PredDevFromBase
-----|-------|----------|----------|----------------
0    | 8     | 0.6903   | 3.7696   | 3.8911 
1    | 9     | 0.6313   | 0.9160   | 0.7709 
2    | 11    | 0.5034   | 0.5551   | 0.5359 
3-5  | 59    | 0.4704   | 0.3926   | 0.4299 
6+   | 276   | 0.3340   | 0.2990   | 0.3391 

Epoch 108: loss = 0.688242 delta_mae_pts = 0.3765 recap_mae_pts = 0.3765 cat_mae_pts = 0.4729 total_mae_pts = 1.1261 vs_inertia_pts = 0.0372 vs_quad_pts = 0.2697 lr_base = 0.000644 lr_mult = 0.1250 lr_eff = 0.000080 mon_cov = 0.953 mon_score = 3.8259 progress = 109/400 epoch_sec = 95.5 avg_epoch_sec = 96.2 elapsed = 02:54:50 eta = 07:46:45
Epoch 108 memory(end): tensors=219, buffers=219, bytes=14.7MB

Epoch 109: Weights {"totalWeight":0.1,"recapWeight":0.05,"deltaWeight":9.75,"categoryWeight":0.05,"quantileWeight":0.3764,"consistencyWeight":0,"identityDropoutRate":0.95725}, Scales {"judgeBias":1,"corps":1}, SeqLen 15, ID_Drop 0.959, WFW 1.500 
Epoch 109 memory(start): tensors=219, buffers=219, bytes=14.7MB

History Bucket Diagnostics (Avg Abs Error per sample, normalized units):
Hist | Count | MAE_Pred | MAE_Base | PredDevFromBase
-----|-------|----------|----------|----------------
0    | 8     | 0.6990   | 3.7696   | 3.8613 
1    | 9     | 0.6421   | 0.9160   | 0.7390 
2    | 11    | 0.5021   | 0.5551   | 0.5102 
3-5  | 59    | 0.4810   | 0.3926   | 0.4264 
6+   | 276   | 0.3346   | 0.2990   | 0.3351 

Epoch 109: loss = 0.689987 delta_mae_pts = 0.3791 recap_mae_pts = 0.3791 cat_mae_pts = 0.4769 total_mae_pts = 1.1562 vs_inertia_pts = 0.0346 vs_quad_pts = 0.2671 lr_base = 0.000641 lr_mult = 0.1250 lr_eff = 0.000080 mon_cov = 0.951 mon_score = 3.8546 progress = 110/400 epoch_sec = 95.0 avg_epoch_sec = 96.2 elapsed = 02:56:25 eta = 07:45:05
Epoch 109 memory(end): tensors=219, buffers=219, bytes=14.7MB

Epoch 110: Weights {"totalWeight":0.1,"recapWeight":0.05,"deltaWeight":9.75,"categoryWeight":0.05,"quantileWeight":0.38,"consistencyWeight":0,"identityDropoutRate":0.9525}, Scales {"judgeBias":1,"corps":1}, SeqLen 15, ID_Drop 0.950, WFW 1.500 
Epoch 110 memory(start): tensors=219, buffers=219, bytes=14.7MB

History Bucket Diagnostics (Avg Abs Error per sample, normalized units):
Hist | Count | MAE_Pred | MAE_Base | PredDevFromBase
-----|-------|----------|----------|----------------
0    | 8     | 0.7210   | 3.7696   | 3.9442 
1    | 9     | 0.6357   | 0.9160   | 0.7765 
2    | 11    | 0.5081   | 0.5551   | 0.5312 
3-5  | 59    | 0.4741   | 0.3926   | 0.4305 
6+   | 276   | 0.3361   | 0.2990   | 0.3430 

Epoch 110: loss = 0.687505 delta_mae_pts = 0.3797 recap_mae_pts = 0.3797 cat_mae_pts = 0.4755 total_mae_pts = 1.1332 vs_inertia_pts = 0.0340 vs_quad_pts = 0.2665 lr_base = 0.000639 lr_mult = 0.1250 lr_eff = 0.000080 mon_cov = 0.955 mon_score = 3.8580 progress = 111/400 epoch_sec = 94.8 avg_epoch_sec = 96.2 elapsed = 02:58:00 eta = 07:43:25
Epoch 110 memory(end): tensors=219, buffers=219, bytes=14.7MB

Epoch 111: Weights {"totalWeight":0.1,"recapWeight":0.05,"deltaWeight":9.75,"categoryWeight":0.05,"quantileWeight":0.3836,"consistencyWeight":0,"identityDropoutRate":0.94775}, Scales {"judgeBias":1,"corps":1}, SeqLen 15, ID_Drop 0.950, WFW 1.500 
Epoch 111 memory(start): tensors=219, buffers=219, bytes=14.7MB

History Bucket Diagnostics (Avg Abs Error per sample, normalized units):
Hist | Count | MAE_Pred | MAE_Base | PredDevFromBase
-----|-------|----------|----------|----------------
0    | 8     | 0.7345   | 3.7696   | 3.9794 
1    | 9     | 0.6355   | 0.9160   | 0.7820 
2    | 11    | 0.5045   | 0.5551   | 0.5246 
3-5  | 59    | 0.4690   | 0.3926   | 0.4261 
6+   | 276   | 0.3365   | 0.2990   | 0.3427 

Epoch 111: loss = 0.684213 delta_mae_pts = 0.3793 recap_mae_pts = 0.3793 cat_mae_pts = 0.4740 total_mae_pts = 1.1291 vs_inertia_pts = 0.0344 vs_quad_pts = 0.2669 lr_base = 0.000637 lr_mult = 0.1250 lr_eff = 0.000080 mon_cov = 0.951 mon_score = 3.8539 progress = 112/400 epoch_sec = 94.2 avg_epoch_sec = 96.2 elapsed = 02:59:34 eta = 07:41:44
Epoch 111 memory(end): tensors=219, buffers=219, bytes=14.7MB

Epoch 112: Weights {"totalWeight":0.1,"recapWeight":0.05,"deltaWeight":9.75,"categoryWeight":0.05,"quantileWeight":0.3872,"consistencyWeight":0,"identityDropoutRate":0.9430000000000001}, Scales {"judgeBias":1,"corps":1}, SeqLen 15, ID_Drop 0.943, WFW 1.500 
Epoch 112 memory(start): tensors=219, buffers=219, bytes=14.7MB

History Bucket Diagnostics (Avg Abs Error per sample, normalized units):
Hist | Count | MAE_Pred | MAE_Base | PredDevFromBase
-----|-------|----------|----------|----------------
0    | 8     | 0.7244   | 3.7696   | 3.9168 
1    | 9     | 0.6391   | 0.9160   | 0.7687 
2    | 11    | 0.5060   | 0.5551   | 0.5154 
3-5  | 59    | 0.4779   | 0.3926   | 0.4263 
6+   | 276   | 0.3401   | 0.2990   | 0.3402 

Epoch 112: loss = 0.685173 delta_mae_pts = 0.3834 recap_mae_pts = 0.3834 cat_mae_pts = 0.4838 total_mae_pts = 1.1645 vs_inertia_pts = 0.0304 vs_quad_pts = 0.2628 lr_base = 0.000635 lr_mult = 0.1250 lr_eff = 0.000079 mon_cov = 0.953 mon_score = 3.8976 progress = 113/400 epoch_sec = 94.5 avg_epoch_sec = 96.2 elapsed = 03:01:08 eta = 07:40:03
Epoch 112 memory(end): tensors=219, buffers=219, bytes=14.7MB

Epoch 113: Weights {"totalWeight":0.1,"recapWeight":0.05,"deltaWeight":9.75,"categoryWeight":0.05,"quantileWeight":0.39080000000000004,"consistencyWeight":0,"identityDropoutRate":0.93825}, Scales {"judgeBias":1,"corps":1}, SeqLen 15, ID_Drop 0.942, WFW 1.500 
Epoch 113 memory(start): tensors=219, buffers=219, bytes=14.7MB

History Bucket Diagnostics (Avg Abs Error per sample, normalized units):
Hist | Count | MAE_Pred | MAE_Base | PredDevFromBase
-----|-------|----------|----------|----------------
0    | 8     | 0.6985   | 3.7696   | 3.8828 
1    | 9     | 0.6448   | 0.9160   | 0.7642 
2    | 11    | 0.4996   | 0.5551   | 0.5003 
3-5  | 59    | 0.4888   | 0.3926   | 0.4285 
6+   | 276   | 0.3374   | 0.2990   | 0.3374 

Epoch 113: loss = 0.686503 delta_mae_pts = 0.3825 recap_mae_pts = 0.3825 cat_mae_pts = 0.4844 total_mae_pts = 1.1657 vs_inertia_pts = 0.0312 vs_quad_pts = 0.2637 lr_base = 0.000633 lr_mult = 0.1250 lr_eff = 0.000079 mon_cov = 0.949 mon_score = 3.8892 progress = 114/400 epoch_sec = 94.4 avg_epoch_sec = 96.2 elapsed = 03:02:43 eta = 07:38:23
Epoch 113 memory(end): tensors=219, buffers=219, bytes=14.7MB

Epoch 114: Weights {"totalWeight":0.1,"recapWeight":0.05,"deltaWeight":9.75,"categoryWeight":0.05,"quantileWeight":0.3944,"consistencyWeight":0,"identityDropoutRate":0.9335}, Scales {"judgeBias":1,"corps":1}, SeqLen 15, ID_Drop 0.935, WFW 1.500 
Epoch 114 memory(start): tensors=219, buffers=219, bytes=14.7MB

History Bucket Diagnostics (Avg Abs Error per sample, normalized units):
Hist | Count | MAE_Pred | MAE_Base | PredDevFromBase
-----|-------|----------|----------|----------------
0    | 8     | 0.7384   | 3.7696   | 3.8799 
1    | 9     | 0.6681   | 0.9160   | 0.7362 
2    | 11    | 0.5054   | 0.5551   | 0.4989 
3-5  | 59    | 0.4835   | 0.3926   | 0.4265 
6+   | 276   | 0.3391   | 0.2990   | 0.3406 

Epoch 114: loss = 0.686689 delta_mae_pts = 0.3845 recap_mae_pts = 0.3845 cat_mae_pts = 0.4822 total_mae_pts = 1.1454 vs_inertia_pts = 0.0292 vs_quad_pts = 0.2616 lr_base = 0.000631 lr_mult = 0.1250 lr_eff = 0.000079 mon_cov = 0.952 mon_score = 3.9072 progress = 115/400 epoch_sec = 93.5 avg_epoch_sec = 96.1 elapsed = 03:04:16 eta = 07:36:40
Epoch 114 memory(end): tensors=219, buffers=219, bytes=14.7MB

Epoch 115: Weights {"totalWeight":0.1,"recapWeight":0.05,"deltaWeight":9.75,"categoryWeight":0.05,"quantileWeight":0.398,"consistencyWeight":0,"identityDropoutRate":0.92875}, Scales {"judgeBias":1,"corps":1}, SeqLen 15, ID_Drop 0.934, WFW 1.500 
Epoch 115 memory(start): tensors=219, buffers=219, bytes=14.7MB

History Bucket Diagnostics (Avg Abs Error per sample, normalized units):
Hist | Count | MAE_Pred | MAE_Base | PredDevFromBase
-----|-------|----------|----------|----------------
0    | 8     | 0.6998   | 3.7696   | 3.8943 
1    | 9     | 0.6487   | 0.9160   | 0.7343 
2    | 11    | 0.5071   | 0.5551   | 0.5019 
3-5  | 59    | 0.4827   | 0.3926   | 0.4295 
6+   | 276   | 0.3386   | 0.2990   | 0.3396 

Epoch 115: loss = 0.682466 delta_mae_pts = 0.3827 recap_mae_pts = 0.3827 cat_mae_pts = 0.4813 total_mae_pts = 1.1569 vs_inertia_pts = 0.0310 vs_quad_pts = 0.2634 lr_base = 0.000629 lr_mult = 0.1250 lr_eff = 0.000079 mon_cov = 0.951 mon_score = 3.8907 progress = 116/400 epoch_sec = 89.5 avg_epoch_sec = 96.1 elapsed = 03:05:46 eta = 07:34:48
Epoch 115 memory(end): tensors=219, buffers=219, bytes=14.7MB

Epoch 116: Weights {"totalWeight":0.1,"recapWeight":0.05,"deltaWeight":9.75,"categoryWeight":0.05,"quantileWeight":0.4016,"consistencyWeight":0,"identityDropoutRate":0.924}, Scales {"judgeBias":1,"corps":1}, SeqLen 15, ID_Drop 0.924, WFW 1.500 
Epoch 116 memory(start): tensors=219, buffers=219, bytes=14.7MB

History Bucket Diagnostics (Avg Abs Error per sample, normalized units):
Hist | Count | MAE_Pred | MAE_Base | PredDevFromBase
-----|-------|----------|----------|----------------
0    | 8     | 0.7101   | 3.7696   | 3.9147 
1    | 9     | 0.6541   | 0.9160   | 0.7559 
2    | 11    | 0.5036   | 0.5551   | 0.5074 
3-5  | 59    | 0.4805   | 0.3926   | 0.4232 
6+   | 276   | 0.3409   | 0.2990   | 0.3344 

Epoch 116: loss = 0.671884 delta_mae_pts = 0.3845 recap_mae_pts = 0.3845 cat_mae_pts = 0.4861 total_mae_pts = 1.1705 vs_inertia_pts = 0.0293 vs_quad_pts = 0.2617 lr_base = 0.000627 lr_mult = 0.1250 lr_eff = 0.000078 mon_cov = 0.952 mon_score = 3.9090 progress = 117/400 epoch_sec = 88.9 avg_epoch_sec = 96.0 elapsed = 03:07:15 eta = 07:32:54
Epoch 116 memory(end): tensors=219, buffers=219, bytes=14.7MB

Epoch 117: Weights {"totalWeight":0.1,"recapWeight":0.05,"deltaWeight":9.75,"categoryWeight":0.05,"quantileWeight":0.4052,"consistencyWeight":0,"identityDropoutRate":0.91925}, Scales {"judgeBias":1,"corps":1}, SeqLen 15, ID_Drop 0.919, WFW 1.500 
Epoch 117 memory(start): tensors=219, buffers=219, bytes=14.7MB

History Bucket Diagnostics (Avg Abs Error per sample, normalized units):
Hist | Count | MAE_Pred | MAE_Base | PredDevFromBase
-----|-------|----------|----------|----------------
0    | 8     | 0.7048   | 3.7696   | 3.9097 
1    | 9     | 0.6655   | 0.9160   | 0.7683 
2    | 11    | 0.5066   | 0.5551   | 0.5263 
3-5  | 59    | 0.4725   | 0.3926   | 0.4274 
6+   | 276   | 0.3341   | 0.2990   | 0.3407 

Epoch 117: loss = 0.680211 delta_mae_pts = 0.3782 recap_mae_pts = 0.3782 cat_mae_pts = 0.4720 total_mae_pts = 1.1352 vs_inertia_pts = 0.0355 vs_quad_pts = 0.2680 lr_base = 0.000624 lr_mult = 0.1250 lr_eff = 0.000078 mon_cov = 0.951 mon_score = 3.8433 progress = 118/400 epoch_sec = 91.2 avg_epoch_sec = 96.0 elapsed = 03:08:46 eta = 07:31:07
Epoch 117 memory(end): tensors=219, buffers=219, bytes=14.7MB

Epoch 118: Weights {"totalWeight":0.1,"recapWeight":0.05,"deltaWeight":9.75,"categoryWeight":0.05,"quantileWeight":0.40880000000000005,"consistencyWeight":0,"identityDropoutRate":0.9145}, Scales {"judgeBias":1,"corps":1}, SeqLen 15, ID_Drop 0.920, WFW 1.500 
Epoch 118 memory(start): tensors=219, buffers=219, bytes=14.7MB

History Bucket Diagnostics (Avg Abs Error per sample, normalized units):
Hist | Count | MAE_Pred | MAE_Base | PredDevFromBase
-----|-------|----------|----------|----------------
0    | 8     | 0.7070   | 3.7696   | 3.9168 
1    | 9     | 0.6554   | 0.9160   | 0.7862 
2    | 11    | 0.5091   | 0.5551   | 0.5372 
3-5  | 59    | 0.4814   | 0.3926   | 0.4289 
6+   | 276   | 0.3384   | 0.2990   | 0.3414 

Epoch 118: loss = 0.677958 delta_mae_pts = 0.3828 recap_mae_pts = 0.3828 cat_mae_pts = 0.4790 total_mae_pts = 1.1452 vs_inertia_pts = 0.0309 vs_quad_pts = 0.2633 lr_base = 0.000622 lr_mult = 0.1250 lr_eff = 0.000078 mon_cov = 0.952 mon_score = 3.8902 progress = 119/400 epoch_sec = 91.1 avg_epoch_sec = 95.9 elapsed = 03:10:17 eta = 07:29:19
Epoch 118 memory(end): tensors=219, buffers=219, bytes=14.7MB

Epoch 119: Weights {"totalWeight":0.1,"recapWeight":0.05,"deltaWeight":9.75,"categoryWeight":0.05,"quantileWeight":0.4124,"consistencyWeight":0,"identityDropoutRate":0.9097500000000001}, Scales {"judgeBias":1,"corps":1}, SeqLen 15, ID_Drop 0.909, WFW 1.500 
Epoch 119 memory(start): tensors=219, buffers=219, bytes=14.7MB

History Bucket Diagnostics (Avg Abs Error per sample, normalized units):
Hist | Count | MAE_Pred | MAE_Base | PredDevFromBase
-----|-------|----------|----------|----------------
0    | 8     | 0.7128   | 3.7696   | 3.9112 
1    | 9     | 0.6617   | 0.9160   | 0.7627 
2    | 11    | 0.5231   | 0.5551   | 0.5050 
3-5  | 59    | 0.4884   | 0.3926   | 0.4324 
6+   | 276   | 0.3403   | 0.2990   | 0.3443 

Epoch 119: loss = 0.669804 delta_mae_pts = 0.3861 recap_mae_pts = 0.3861 cat_mae_pts = 0.4902 total_mae_pts = 1.1750 vs_inertia_pts = 0.0276 vs_quad_pts = 0.2601 lr_base = 0.000620 lr_mult = 0.1250 lr_eff = 0.000077 mon_cov = 0.947 mon_score = 3.9259 progress = 120/400 epoch_sec = 92.0 avg_epoch_sec = 95.9 elapsed = 03:11:49 eta = 07:27:34
Epoch 119 memory(end): tensors=219, buffers=219, bytes=14.7MB

--- NO IMPROVEMENT FOR 18 EPOCHS: plateau multiplier 0.1250 -> 0.0625, effective LR 0.000039 ---

Epoch 120: Weights {"totalWeight":0.1,"recapWeight":0.05,"deltaWeight":9.75,"categoryWeight":0.05,"quantileWeight":0.41600000000000004,"consistencyWeight":0,"identityDropoutRate":0.905}, Scales {"judgeBias":1,"corps":1}, SeqLen 15, ID_Drop 0.906, WFW 1.500 
Epoch 120 memory(start): tensors=219, buffers=219, bytes=14.7MB

History Bucket Diagnostics (Avg Abs Error per sample, normalized units):
Hist | Count | MAE_Pred | MAE_Base | PredDevFromBase
-----|-------|----------|----------|----------------
0    | 8     | 0.7304   | 3.7696   | 3.9442 
1    | 9     | 0.6656   | 0.9160   | 0.7661 
2    | 11    | 0.5197   | 0.5551   | 0.5166 
3-5  | 59    | 0.4850   | 0.3926   | 0.4316 
6+   | 276   | 0.3405   | 0.2990   | 0.3436 


--- PHASE TRANSITION (Epoch 120): Resetting Best Score & Patience ---
Epoch 120: loss = 0.662227 delta_mae_pts = 0.3861 recap_mae_pts = 0.3861 cat_mae_pts = 0.4898 total_mae_pts = 1.1722 vs_inertia_pts = 0.0277 vs_quad_pts = 0.2601 lr_base = 0.000618 lr_mult = 0.0625 lr_eff = 0.000039 mon_cov = 0.951 mon_score = 3.9251 progress = 121/400 epoch_sec = 90.2 avg_epoch_sec = 95.9 elapsed = 03:13:19 eta = 07:25:45
Epoch 120 memory(end): tensors=219, buffers=219, bytes=14.7MB
Saved BEST checkpoint @epoch 120 score = 3.9251 -> models\v9_subcaption_fixed\v9fix_shared_datefwd_cov4_1779445168283\best 

Epoch 121: Weights {"totalWeight":0.1,"recapWeight":0.05,"deltaWeight":9.75,"categoryWeight":0.05,"quantileWeight":0.4196,"consistencyWeight":0,"identityDropoutRate":0.90025}, Scales {"judgeBias":1,"corps":1}, SeqLen 15, ID_Drop 0.901, WFW 1.500 
Epoch 121 memory(start): tensors=219, buffers=180, bytes=14.7MB

History Bucket Diagnostics (Avg Abs Error per sample, normalized units):
Hist | Count | MAE_Pred | MAE_Base | PredDevFromBase
-----|-------|----------|----------|----------------
0    | 8     | 0.7179   | 3.7696   | 3.9423 
1    | 9     | 0.6647   | 0.9160   | 0.7727 
2    | 11    | 0.5090   | 0.5551   | 0.5278 
3-5  | 59    | 0.4784   | 0.3926   | 0.4327 
6+   | 276   | 0.3365   | 0.2990   | 0.3407 

Epoch 121: loss = 0.664717 delta_mae_pts = 0.3813 recap_mae_pts = 0.3813 cat_mae_pts = 0.4810 total_mae_pts = 1.1568 vs_inertia_pts = 0.0324 vs_quad_pts = 0.2648 lr_base = 0.000615 lr_mult = 0.0625 lr_eff = 0.000038 mon_cov = 0.953 mon_score = 3.8769 progress = 122/400 epoch_sec = 90.3 avg_epoch_sec = 95.8 elapsed = 03:14:49 eta = 07:23:57
Epoch 121 memory(end): tensors=219, buffers=219, bytes=14.7MB
Saved BEST checkpoint @epoch 121 score = 3.8769 -> models\v9_subcaption_fixed\v9fix_shared_datefwd_cov4_1779445168283\best 

Epoch 122: Weights {"totalWeight":0.1,"recapWeight":0.05,"deltaWeight":9.75,"categoryWeight":0.05,"quantileWeight":0.4232,"consistencyWeight":0,"identityDropoutRate":0.8955}, Scales {"judgeBias":1,"corps":1}, SeqLen 15, ID_Drop 0.894, WFW 1.500 
Epoch 122 memory(start): tensors=219, buffers=180, bytes=14.7MB

History Bucket Diagnostics (Avg Abs Error per sample, normalized units):
Hist | Count | MAE_Pred | MAE_Base | PredDevFromBase
-----|-------|----------|----------|----------------
0    | 8     | 0.7164   | 3.7696   | 3.9169 
1    | 9     | 0.6569   | 0.9160   | 0.7507 
2    | 11    | 0.5099   | 0.5551   | 0.5098 
3-5  | 59    | 0.4952   | 0.3926   | 0.4304 
6+   | 276   | 0.3391   | 0.2990   | 0.3371 

Epoch 122: loss = 0.655912 delta_mae_pts = 0.3858 recap_mae_pts = 0.3858 cat_mae_pts = 0.4924 total_mae_pts = 1.1935 vs_inertia_pts = 0.0279 vs_quad_pts = 0.2603 lr_base = 0.000613 lr_mult = 0.0625 lr_eff = 0.000038 mon_cov = 0.948 mon_score = 3.9252 progress = 123/400 epoch_sec = 90.3 avg_epoch_sec = 95.8 elapsed = 03:16:20 eta = 07:22:08
Epoch 122 memory(end): tensors=219, buffers=219, bytes=14.7MB

Epoch 123: Weights {"totalWeight":0.1,"recapWeight":0.05,"deltaWeight":9.75,"categoryWeight":0.05,"quantileWeight":0.4268,"consistencyWeight":0,"identityDropoutRate":0.89075}, Scales {"judgeBias":1,"corps":1}, SeqLen 15, ID_Drop 0.891, WFW 1.500 
Epoch 123 memory(start): tensors=219, buffers=219, bytes=14.7MB

History Bucket Diagnostics (Avg Abs Error per sample, normalized units):
Hist | Count | MAE_Pred | MAE_Base | PredDevFromBase
-----|-------|----------|----------|----------------
0    | 8     | 0.7357   | 3.7696   | 3.9435 
1    | 9     | 0.6595   | 0.9160   | 0.7582 
2    | 11    | 0.5079   | 0.5551   | 0.5088 
3-5  | 59    | 0.4903   | 0.3926   | 0.4348 
6+   | 276   | 0.3386   | 0.2990   | 0.3424 

Epoch 123: loss = 0.650752 delta_mae_pts = 0.3851 recap_mae_pts = 0.3851 cat_mae_pts = 0.4912 total_mae_pts = 1.1877 vs_inertia_pts = 0.0286 vs_quad_pts = 0.2611 lr_base = 0.000611 lr_mult = 0.0625 lr_eff = 0.000038 mon_cov = 0.949 mon_score = 3.9172 progress = 124/400 epoch_sec = 92.4 avg_epoch_sec = 95.7 elapsed = 03:17:52 eta = 07:20:25
Epoch 123 memory(end): tensors=219, buffers=219, bytes=14.7MB

Epoch 124: Weights {"totalWeight":0.1,"recapWeight":0.05,"deltaWeight":9.75,"categoryWeight":0.05,"quantileWeight":0.4304,"consistencyWeight":0,"identityDropoutRate":0.886}, Scales {"judgeBias":1,"corps":1}, SeqLen 15, ID_Drop 0.887, WFW 1.500 
Epoch 124 memory(start): tensors=219, buffers=219, bytes=14.7MB

History Bucket Diagnostics (Avg Abs Error per sample, normalized units):
Hist | Count | MAE_Pred | MAE_Base | PredDevFromBase
-----|-------|----------|----------|----------------
0    | 8     | 0.7334   | 3.7696   | 3.9412 
1    | 9     | 0.6387   | 0.9160   | 0.7657 
2    | 11    | 0.5092   | 0.5551   | 0.5268 
3-5  | 59    | 0.4827   | 0.3926   | 0.4371 
6+   | 276   | 0.3359   | 0.2990   | 0.3418 

Epoch 124: loss = 0.655170 delta_mae_pts = 0.3813 recap_mae_pts = 0.3813 cat_mae_pts = 0.4798 total_mae_pts = 1.1554 vs_inertia_pts = 0.0325 vs_quad_pts = 0.2649 lr_base = 0.000609 lr_mult = 0.0625 lr_eff = 0.000038 mon_cov = 0.953 mon_score = 3.8759 progress = 125/400 epoch_sec = 92.1 avg_epoch_sec = 95.7 elapsed = 03:19:24 eta = 07:18:41
Epoch 124 memory(end): tensors=219, buffers=219, bytes=14.7MB
Saved BEST checkpoint @epoch 124 score = 3.8759 -> models\v9_subcaption_fixed\v9fix_shared_datefwd_cov4_1779445168283\best 

Epoch 125: Weights {"totalWeight":0.1,"recapWeight":0.05,"deltaWeight":9.75,"categoryWeight":0.05,"quantileWeight":0.43400000000000005,"consistencyWeight":0,"identityDropoutRate":0.88125}, Scales {"judgeBias":1,"corps":1}, SeqLen 15, ID_Drop 0.886, WFW 1.500 
Epoch 125 memory(start): tensors=219, buffers=180, bytes=14.7MB

History Bucket Diagnostics (Avg Abs Error per sample, normalized units):
Hist | Count | MAE_Pred | MAE_Base | PredDevFromBase
-----|-------|----------|----------|----------------
0    | 8     | 0.7410   | 3.7696   | 3.9597 
1    | 9     | 0.6417   | 0.9160   | 0.7787 
2    | 11    | 0.5065   | 0.5551   | 0.5240 
3-5  | 59    | 0.4785   | 0.3926   | 0.4277 
6+   | 276   | 0.3390   | 0.2990   | 0.3420 

Epoch 125: loss = 0.655251 delta_mae_pts = 0.3831 recap_mae_pts = 0.3831 cat_mae_pts = 0.4858 total_mae_pts = 1.1730 vs_inertia_pts = 0.0307 vs_quad_pts = 0.2631 lr_base = 0.000606 lr_mult = 0.0625 lr_eff = 0.000038 mon_cov = 0.951 mon_score = 3.8957 progress = 126/400 epoch_sec = 90.7 avg_epoch_sec = 95.7 elapsed = 03:20:55 eta = 07:16:55
Epoch 125 memory(end): tensors=219, buffers=219, bytes=14.7MB

Epoch 126: Weights {"totalWeight":0.1,"recapWeight":0.05,"deltaWeight":9.75,"categoryWeight":0.05,"quantileWeight":0.4376,"consistencyWeight":0,"identityDropoutRate":0.8765000000000001}, Scales {"judgeBias":1,"corps":1}, SeqLen 15, ID_Drop 0.875, WFW 1.500 
Epoch 126 memory(start): tensors=219, buffers=219, bytes=14.7MB

History Bucket Diagnostics (Avg Abs Error per sample, normalized units):
Hist | Count | MAE_Pred | MAE_Base | PredDevFromBase
-----|-------|----------|----------|----------------
0    | 8     | 0.7194   | 3.7696   | 3.9413 
1    | 9     | 0.6523   | 0.9160   | 0.7688 
2    | 11    | 0.5079   | 0.5551   | 0.5218 
3-5  | 59    | 0.4835   | 0.3926   | 0.4335 
6+   | 276   | 0.3365   | 0.2990   | 0.3398 

Epoch 126: loss = 0.654347 delta_mae_pts = 0.3819 recap_mae_pts = 0.3819 cat_mae_pts = 0.4810 total_mae_pts = 1.1559 vs_inertia_pts = 0.0319 vs_quad_pts = 0.2643 lr_base = 0.000604 lr_mult = 0.0625 lr_eff = 0.000038 mon_cov = 0.951 mon_score = 3.8818 progress = 127/400 epoch_sec = 91.4 avg_epoch_sec = 95.6 elapsed = 03:22:26 eta = 07:15:10
Epoch 126 memory(end): tensors=219, buffers=219, bytes=14.7MB

Epoch 127: Weights {"totalWeight":0.1,"recapWeight":0.05,"deltaWeight":9.75,"categoryWeight":0.05,"quantileWeight":0.44120000000000004,"consistencyWeight":0,"identityDropoutRate":0.87175}, Scales {"judgeBias":1,"corps":1}, SeqLen 15, ID_Drop 0.871, WFW 1.500 
Epoch 127 memory(start): tensors=219, buffers=219, bytes=14.7MB

History Bucket Diagnostics (Avg Abs Error per sample, normalized units):
Hist | Count | MAE_Pred | MAE_Base | PredDevFromBase
-----|-------|----------|----------|----------------
0    | 8     | 0.7075   | 3.7696   | 3.9424 
1    | 9     | 0.6397   | 0.9160   | 0.7788 
2    | 11    | 0.5053   | 0.5551   | 0.5305 
3-5  | 59    | 0.4819   | 0.3926   | 0.4290 
6+   | 276   | 0.3385   | 0.2990   | 0.3407 

Epoch 127: loss = 0.650254 delta_mae_pts = 0.3825 recap_mae_pts = 0.3825 cat_mae_pts = 0.4821 total_mae_pts = 1.1582 vs_inertia_pts = 0.0312 vs_quad_pts = 0.2637 lr_base = 0.000602 lr_mult = 0.0625 lr_eff = 0.000038 mon_cov = 0.949 mon_score = 3.8883 progress = 128/400 epoch_sec = 90.3 avg_epoch_sec = 95.6 elapsed = 03:23:57 eta = 07:13:23
Epoch 127 memory(end): tensors=219, buffers=219, bytes=14.7MB

Epoch 128: Weights {"totalWeight":0.1,"recapWeight":0.05,"deltaWeight":9.75,"categoryWeight":0.05,"quantileWeight":0.44480000000000003,"consistencyWeight":0,"identityDropoutRate":0.867}, Scales {"judgeBias":1,"corps":1}, SeqLen 15, ID_Drop 0.866, WFW 1.500 
Epoch 128 memory(start): tensors=219, buffers=219, bytes=14.7MB

History Bucket Diagnostics (Avg Abs Error per sample, normalized units):
Hist | Count | MAE_Pred | MAE_Base | PredDevFromBase
-----|-------|----------|----------|----------------
0    | 8     | 0.7522   | 3.7696   | 3.9851 
1    | 9     | 0.6529   | 0.9160   | 0.7872 
2    | 11    | 0.5071   | 0.5551   | 0.5339 
3-5  | 59    | 0.4863   | 0.3926   | 0.4332 
6+   | 276   | 0.3379   | 0.2990   | 0.3424 

Epoch 128: loss = 0.649823 delta_mae_pts = 0.3841 recap_mae_pts = 0.3841 cat_mae_pts = 0.4864 total_mae_pts = 1.1706 vs_inertia_pts = 0.0297 vs_quad_pts = 0.2621 lr_base = 0.000599 lr_mult = 0.0625 lr_eff = 0.000037 mon_cov = 0.953 mon_score = 3.9052 progress = 129/400 epoch_sec = 91.6 avg_epoch_sec = 95.6 elapsed = 03:25:28 eta = 07:11:39
Epoch 128 memory(end): tensors=219, buffers=219, bytes=14.7MB

Epoch 129: Weights {"totalWeight":0.1,"recapWeight":0.05,"deltaWeight":9.75,"categoryWeight":0.05,"quantileWeight":0.4484,"consistencyWeight":0,"identityDropoutRate":0.86225}, Scales {"judgeBias":1,"corps":1}, SeqLen 15, ID_Drop 0.861, WFW 1.500 
Epoch 129 memory(start): tensors=219, buffers=219, bytes=14.7MB

History Bucket Diagnostics (Avg Abs Error per sample, normalized units):
Hist | Count | MAE_Pred | MAE_Base | PredDevFromBase
-----|-------|----------|----------|----------------
0    | 8     | 0.7220   | 3.7696   | 3.9435 
1    | 9     | 0.6536   | 0.9160   | 0.7743 
2    | 11    | 0.5032   | 0.5551   | 0.5174 
3-5  | 59    | 0.4836   | 0.3926   | 0.4278 
6+   | 276   | 0.3408   | 0.2990   | 0.3446 

Epoch 129: loss = 0.652588 delta_mae_pts = 0.3851 recap_mae_pts = 0.3851 cat_mae_pts = 0.4890 total_mae_pts = 1.1757 vs_inertia_pts = 0.0287 vs_quad_pts = 0.2611 lr_base = 0.000597 lr_mult = 0.0625 lr_eff = 0.000037 mon_cov = 0.949 mon_score = 3.9156 progress = 130/400 epoch_sec = 91.7 avg_epoch_sec = 95.5 elapsed = 03:27:00 eta = 07:09:55
Epoch 129 memory(end): tensors=219, buffers=219, bytes=14.7MB

Epoch 130: Weights {"totalWeight":0.1,"recapWeight":0.05,"deltaWeight":9.75,"categoryWeight":0.05,"quantileWeight":0.45200000000000007,"consistencyWeight":0,"identityDropoutRate":0.8575}, Scales {"judgeBias":1,"corps":1}, SeqLen 15, ID_Drop 0.860, WFW 1.500 
Epoch 130 memory(start): tensors=219, buffers=219, bytes=14.7MB

History Bucket Diagnostics (Avg Abs Error per sample, normalized units):
Hist | Count | MAE_Pred | MAE_Base | PredDevFromBase
-----|-------|----------|----------|----------------
0    | 8     | 0.7309   | 3.7696   | 3.9620 
1    | 9     | 0.6448   | 0.9160   | 0.7911 
2    | 11    | 0.5090   | 0.5551   | 0.5312 
3-5  | 59    | 0.4810   | 0.3926   | 0.4311 
6+   | 276   | 0.3383   | 0.2990   | 0.3416 

Epoch 130: loss = 0.658537 delta_mae_pts = 0.3829 recap_mae_pts = 0.3829 cat_mae_pts = 0.4834 total_mae_pts = 1.1578 vs_inertia_pts = 0.0308 vs_quad_pts = 0.2633 lr_base = 0.000595 lr_mult = 0.0625 lr_eff = 0.000037 mon_cov = 0.952 mon_score = 3.8925 progress = 131/400 epoch_sec = 90.6 avg_epoch_sec = 95.5 elapsed = 03:28:30 eta = 07:08:09
Epoch 130 memory(end): tensors=219, buffers=219, bytes=14.7MB

Epoch 131: Weights {"totalWeight":0.1,"recapWeight":0.05,"deltaWeight":9.75,"categoryWeight":0.05,"quantileWeight":0.4556,"consistencyWeight":0,"identityDropoutRate":0.85275}, Scales {"judgeBias":1,"corps":1}, SeqLen 15, ID_Drop 0.855, WFW 1.500 
Epoch 131 memory(start): tensors=219, buffers=219, bytes=14.7MB

History Bucket Diagnostics (Avg Abs Error per sample, normalized units):
Hist | Count | MAE_Pred | MAE_Base | PredDevFromBase
-----|-------|----------|----------|----------------
0    | 8     | 0.7303   | 3.7696   | 3.9635 
1    | 9     | 0.6434   | 0.9160   | 0.7785 
2    | 11    | 0.5018   | 0.5551   | 0.5250 
3-5  | 59    | 0.4876   | 0.3926   | 0.4316 
6+   | 276   | 0.3385   | 0.2990   | 0.3411 

Epoch 131: loss = 0.644863 delta_mae_pts = 0.3839 recap_mae_pts = 0.3839 cat_mae_pts = 0.4851 total_mae_pts = 1.1660 vs_inertia_pts = 0.0298 vs_quad_pts = 0.2623 lr_base = 0.000592 lr_mult = 0.0625 lr_eff = 0.000037 mon_cov = 0.952 mon_score = 3.9031 progress = 132/400 epoch_sec = 89.7 avg_epoch_sec = 95.5 elapsed = 03:30:00 eta = 07:06:22
Epoch 131 memory(end): tensors=219, buffers=219, bytes=14.7MB

Epoch 132: Weights {"totalWeight":0.1,"recapWeight":0.05,"deltaWeight":9.75,"categoryWeight":0.05,"quantileWeight":0.4592,"consistencyWeight":0,"identityDropoutRate":0.848}, Scales {"judgeBias":1,"corps":1}, SeqLen 15, ID_Drop 0.856, WFW 1.500 
Epoch 132 memory(start): tensors=219, buffers=219, bytes=14.7MB

History Bucket Diagnostics (Avg Abs Error per sample, normalized units):
Hist | Count | MAE_Pred | MAE_Base | PredDevFromBase
-----|-------|----------|----------|----------------
0    | 8     | 0.7202   | 3.7696   | 3.9340 
1    | 9     | 0.6402   | 0.9160   | 0.7808 
2    | 11    | 0.5088   | 0.5551   | 0.5353 
3-5  | 59    | 0.4817   | 0.3926   | 0.4317 
6+   | 276   | 0.3385   | 0.2990   | 0.3461 

Epoch 132: loss = 0.647097 delta_mae_pts = 0.3828 recap_mae_pts = 0.3828 cat_mae_pts = 0.4812 total_mae_pts = 1.1431 vs_inertia_pts = 0.0309 vs_quad_pts = 0.2634 lr_base = 0.000590 lr_mult = 0.0625 lr_eff = 0.000037 mon_cov = 0.951 mon_score = 3.8898 progress = 133/400 epoch_sec = 91.4 avg_epoch_sec = 95.4 elapsed = 03:31:32 eta = 07:04:39
Epoch 132 memory(end): tensors=219, buffers=219, bytes=14.7MB

Epoch 133: Weights {"totalWeight":0.1,"recapWeight":0.05,"deltaWeight":9.75,"categoryWeight":0.05,"quantileWeight":0.4628,"consistencyWeight":0,"identityDropoutRate":0.84325}, Scales {"judgeBias":1,"corps":1}, SeqLen 15, ID_Drop 0.847, WFW 1.500 
Epoch 133 memory(start): tensors=219, buffers=219, bytes=14.7MB

History Bucket Diagnostics (Avg Abs Error per sample, normalized units):
Hist | Count | MAE_Pred | MAE_Base | PredDevFromBase
-----|-------|----------|----------|----------------
0    | 8     | 0.7396   | 3.7696   | 3.9609 
1    | 9     | 0.6474   | 0.9160   | 0.7865 
2    | 11    | 0.5168   | 0.5551   | 0.5348 
3-5  | 59    | 0.4846   | 0.3926   | 0.4331 
6+   | 276   | 0.3389   | 0.2990   | 0.3441 

Epoch 133: loss = 0.640115 delta_mae_pts = 0.3845 recap_mae_pts = 0.3845 cat_mae_pts = 0.4861 total_mae_pts = 1.1634 vs_inertia_pts = 0.0293 vs_quad_pts = 0.2617 lr_base = 0.000587 lr_mult = 0.0625 lr_eff = 0.000037 mon_cov = 0.951 mon_score = 3.9083 progress = 134/400 epoch_sec = 91.0 avg_epoch_sec = 95.4 elapsed = 03:33:03 eta = 07:02:54
Epoch 133 memory(end): tensors=219, buffers=219, bytes=14.7MB

Epoch 134: Weights {"totalWeight":0.1,"recapWeight":0.05,"deltaWeight":9.75,"categoryWeight":0.05,"quantileWeight":0.4664,"consistencyWeight":0,"identityDropoutRate":0.8385}, Scales {"judgeBias":1,"corps":1}, SeqLen 15, ID_Drop 0.842, WFW 1.500 
Epoch 134 memory(start): tensors=219, buffers=219, bytes=14.7MB

History Bucket Diagnostics (Avg Abs Error per sample, normalized units):
Hist | Count | MAE_Pred | MAE_Base | PredDevFromBase
-----|-------|----------|----------|----------------
0    | 8     | 0.7121   | 3.7696   | 3.9367 
1    | 9     | 0.6432   | 0.9160   | 0.7709 
2    | 11    | 0.5160   | 0.5551   | 0.5297 
3-5  | 59    | 0.4867   | 0.3926   | 0.4332 
6+   | 276   | 0.3417   | 0.2990   | 0.3453 

Epoch 134: loss = 0.639759 delta_mae_pts = 0.3862 recap_mae_pts = 0.3862 cat_mae_pts = 0.4891 total_mae_pts = 1.1691 vs_inertia_pts = 0.0275 vs_quad_pts = 0.2600 lr_base = 0.000585 lr_mult = 0.0625 lr_eff = 0.000037 mon_cov = 0.950 mon_score = 3.9263 progress = 135/400 epoch_sec = 91.1 avg_epoch_sec = 95.4 elapsed = 03:34:34 eta = 07:01:11
Epoch 134 memory(end): tensors=219, buffers=219, bytes=14.7MB

Epoch 135: Weights {"totalWeight":0.1,"recapWeight":0.05,"deltaWeight":9.75,"categoryWeight":0.05,"quantileWeight":0.47000000000000003,"consistencyWeight":0,"identityDropoutRate":0.83375}, Scales {"judgeBias":1,"corps":1}, SeqLen 15, ID_Drop 0.830, WFW 1.500 
Epoch 135 memory(start): tensors=219, buffers=219, bytes=14.7MB

History Bucket Diagnostics (Avg Abs Error per sample, normalized units):
Hist | Count | MAE_Pred | MAE_Base | PredDevFromBase
-----|-------|----------|----------|----------------
0    | 8     | 0.7192   | 3.7696   | 3.9471 
1    | 9     | 0.6501   | 0.9160   | 0.7702 
2    | 11    | 0.5076   | 0.5551   | 0.5226 
3-5  | 59    | 0.4847   | 0.3926   | 0.4283 
6+   | 276   | 0.3388   | 0.2990   | 0.3397 

Epoch 135: loss = 0.645431 delta_mae_pts = 0.3837 recap_mae_pts = 0.3837 cat_mae_pts = 0.4878 total_mae_pts = 1.1813 vs_inertia_pts = 0.0300 vs_quad_pts = 0.2625 lr_base = 0.000582 lr_mult = 0.0625 lr_eff = 0.000036 mon_cov = 0.952 mon_score = 3.9028 progress = 136/400 epoch_sec = 90.5 avg_epoch_sec = 95.3 elapsed = 03:36:04 eta = 06:59:26
Epoch 135 memory(end): tensors=219, buffers=219, bytes=14.7MB

Epoch 136: Weights {"totalWeight":0.1,"recapWeight":0.05,"deltaWeight":9.75,"categoryWeight":0.05,"quantileWeight":0.4736,"consistencyWeight":0,"identityDropoutRate":0.829}, Scales {"judgeBias":1,"corps":1}, SeqLen 15, ID_Drop 0.835, WFW 1.500 
Epoch 136 memory(start): tensors=219, buffers=219, bytes=14.7MB

History Bucket Diagnostics (Avg Abs Error per sample, normalized units):
Hist | Count | MAE_Pred | MAE_Base | PredDevFromBase
-----|-------|----------|----------|----------------
0    | 8     | 0.7342   | 3.7696   | 3.9479 
1    | 9     | 0.6671   | 0.9160   | 0.7635 
2    | 11    | 0.5134   | 0.5551   | 0.5213 
3-5  | 59    | 0.5036   | 0.3926   | 0.4412 
6+   | 276   | 0.3440   | 0.2990   | 0.3452 

Epoch 136: loss = 0.638850 delta_mae_pts = 0.3917 recap_mae_pts = 0.3917 cat_mae_pts = 0.5007 total_mae_pts = 1.2213 vs_inertia_pts = 0.0220 vs_quad_pts = 0.2545 lr_base = 0.000580 lr_mult = 0.0625 lr_eff = 0.000036 mon_cov = 0.949 mon_score = 3.9858 progress = 137/400 epoch_sec = 87.7 avg_epoch_sec = 95.3 elapsed = 03:37:32 eta = 06:57:36
Epoch 136 memory(end): tensors=219, buffers=219, bytes=14.7MB

Epoch 137: Weights {"totalWeight":0.1,"recapWeight":0.05,"deltaWeight":9.75,"categoryWeight":0.05,"quantileWeight":0.4772,"consistencyWeight":0,"identityDropoutRate":0.82425}, Scales {"judgeBias":1,"corps":1}, SeqLen 15, ID_Drop 0.827, WFW 1.500 
Epoch 137 memory(start): tensors=219, buffers=219, bytes=14.7MB

History Bucket Diagnostics (Avg Abs Error per sample, normalized units):
Hist | Count | MAE_Pred | MAE_Base | PredDevFromBase
-----|-------|----------|----------|----------------
0    | 8     | 0.7232   | 3.7696   | 3.9509 
1    | 9     | 0.6566   | 0.9160   | 0.7658 
2    | 11    | 0.5051   | 0.5551   | 0.5174 
3-5  | 59    | 0.4864   | 0.3926   | 0.4300 
6+   | 276   | 0.3395   | 0.2990   | 0.3450 

Epoch 137: loss = 0.639310 delta_mae_pts = 0.3847 recap_mae_pts = 0.3847 cat_mae_pts = 0.4880 total_mae_pts = 1.1702 vs_inertia_pts = 0.0290 vs_quad_pts = 0.2614 lr_base = 0.000577 lr_mult = 0.0625 lr_eff = 0.000036 mon_cov = 0.949 mon_score = 3.9119 progress = 138/400 epoch_sec = 90.0 avg_epoch_sec = 95.2 elapsed = 03:39:02 eta = 06:55:51
Epoch 137 memory(end): tensors=219, buffers=219, bytes=14.7MB

Epoch 138: Weights {"totalWeight":0.1,"recapWeight":0.05,"deltaWeight":9.75,"categoryWeight":0.05,"quantileWeight":0.4808,"consistencyWeight":0,"identityDropoutRate":0.8195}, Scales {"judgeBias":1,"corps":1}, SeqLen 15, ID_Drop 0.816, WFW 1.500 
Epoch 138 memory(start): tensors=219, buffers=219, bytes=14.7MB

History Bucket Diagnostics (Avg Abs Error per sample, normalized units):
Hist | Count | MAE_Pred | MAE_Base | PredDevFromBase
-----|-------|----------|----------|----------------
0    | 8     | 0.7424   | 3.7696   | 3.9396 
1    | 9     | 0.6628   | 0.9160   | 0.7614 
2    | 11    | 0.5099   | 0.5551   | 0.5174 
3-5  | 59    | 0.4920   | 0.3926   | 0.4385 
6+   | 276   | 0.3417   | 0.2990   | 0.3481 

Epoch 138: loss = 0.640208 delta_mae_pts = 0.3880 recap_mae_pts = 0.3880 cat_mae_pts = 0.4952 total_mae_pts = 1.1852 vs_inertia_pts = 0.0257 vs_quad_pts = 0.2581 lr_base = 0.000575 lr_mult = 0.0625 lr_eff = 0.000036 mon_cov = 0.947 mon_score = 3.9461 progress = 139/400 epoch_sec = 90.9 avg_epoch_sec = 95.2 elapsed = 03:40:33 eta = 06:54:07
Epoch 138 memory(end): tensors=219, buffers=219, bytes=14.7MB

Epoch 139: Weights {"totalWeight":0.1,"recapWeight":0.05,"deltaWeight":9.75,"categoryWeight":0.05,"quantileWeight":0.4844,"consistencyWeight":0,"identityDropoutRate":0.81475}, Scales {"judgeBias":1,"corps":1}, SeqLen 15, ID_Drop 0.805, WFW 1.500 
Epoch 139 memory(start): tensors=219, buffers=219, bytes=14.7MB

History Bucket Diagnostics (Avg Abs Error per sample, normalized units):
Hist | Count | MAE_Pred | MAE_Base | PredDevFromBase
-----|-------|----------|----------|----------------
0    | 8     | 0.7007   | 3.7696   | 3.9080 
1    | 9     | 0.6576   | 0.9160   | 0.7639 
2    | 11    | 0.5056   | 0.5551   | 0.5160 
3-5  | 59    | 0.4857   | 0.3926   | 0.4310 
6+   | 276   | 0.3367   | 0.2990   | 0.3406 

Epoch 139: loss = 0.637308 delta_mae_pts = 0.3820 recap_mae_pts = 0.3820 cat_mae_pts = 0.4843 total_mae_pts = 1.1646 vs_inertia_pts = 0.0317 vs_quad_pts = 0.2641 lr_base = 0.000573 lr_mult = 0.0625 lr_eff = 0.000036 mon_cov = 0.953 mon_score = 3.8847 progress = 140/400 epoch_sec = 90.4 avg_epoch_sec = 95.2 elapsed = 03:42:03 eta = 06:52:23
Epoch 139 memory(end): tensors=219, buffers=219, bytes=14.7MB

Epoch 140: Weights {"totalWeight":0.1,"recapWeight":0.05,"deltaWeight":9.75,"categoryWeight":0.05,"quantileWeight":0.48800000000000004,"consistencyWeight":0,"identityDropoutRate":0.81}, Scales {"judgeBias":1,"corps":1}, SeqLen 15, ID_Drop 0.810, WFW 1.500 
Epoch 140 memory(start): tensors=219, buffers=219, bytes=14.7MB

History Bucket Diagnostics (Avg Abs Error per sample, normalized units):
Hist | Count | MAE_Pred | MAE_Base | PredDevFromBase
-----|-------|----------|----------|----------------
0    | 8     | 0.7098   | 3.7696   | 3.9231 
1    | 9     | 0.6543   | 0.9160   | 0.7639 
2    | 11    | 0.5078   | 0.5551   | 0.5186 
3-5  | 59    | 0.4970   | 0.3926   | 0.4321 
6+   | 276   | 0.3425   | 0.2990   | 0.3436 

Epoch 140: loss = 0.635971 delta_mae_pts = 0.3885 recap_mae_pts = 0.3885 cat_mae_pts = 0.4959 total_mae_pts = 1.2022 vs_inertia_pts = 0.0253 vs_quad_pts = 0.2577 lr_base = 0.000570 lr_mult = 0.0625 lr_eff = 0.000036 mon_cov = 0.951 mon_score = 3.9520 progress = 141/400 epoch_sec = 92.7 avg_epoch_sec = 95.1 elapsed = 03:43:36 eta = 06:50:44
Epoch 140 memory(end): tensors=219, buffers=219, bytes=14.7MB

Epoch 141: Weights {"totalWeight":0.1,"recapWeight":0.05,"deltaWeight":9.75,"categoryWeight":0.05,"quantileWeight":0.49160000000000004,"consistencyWeight":0,"identityDropoutRate":0.80525}, Scales {"judgeBias":1,"corps":1}, SeqLen 15, ID_Drop 0.804, WFW 1.500 
Epoch 141 memory(start): tensors=219, buffers=219, bytes=14.7MB

History Bucket Diagnostics (Avg Abs Error per sample, normalized units):
Hist | Count | MAE_Pred | MAE_Base | PredDevFromBase
-----|-------|----------|----------|----------------
0    | 8     | 0.7404   | 3.7696   | 3.9447 
1    | 9     | 0.6596   | 0.9160   | 0.7744 
2    | 11    | 0.5060   | 0.5551   | 0.5162 
3-5  | 59    | 0.4978   | 0.3926   | 0.4374 
6+   | 276   | 0.3437   | 0.2990   | 0.3468 

Epoch 141: loss = 0.634213 delta_mae_pts = 0.3903 recap_mae_pts = 0.3903 cat_mae_pts = 0.4990 total_mae_pts = 1.2098 vs_inertia_pts = 0.0235 vs_quad_pts = 0.2559 lr_base = 0.000567 lr_mult = 0.0625 lr_eff = 0.000035 mon_cov = 0.948 mon_score = 3.9705 progress = 142/400 epoch_sec = 93.7 avg_epoch_sec = 95.1 elapsed = 03:45:10 eta = 06:49:06
Epoch 141 memory(end): tensors=219, buffers=219, bytes=14.7MB

Epoch 142: Weights {"totalWeight":0.1,"recapWeight":0.05,"deltaWeight":9.75,"categoryWeight":0.05,"quantileWeight":0.49520000000000003,"consistencyWeight":0,"identityDropoutRate":0.8005}, Scales {"judgeBias":1,"corps":1}, SeqLen 15, ID_Drop 0.791, WFW 1.500 
Epoch 142 memory(start): tensors=219, buffers=219, bytes=14.7MB

History Bucket Diagnostics (Avg Abs Error per sample, normalized units):
Hist | Count | MAE_Pred | MAE_Base | PredDevFromBase
-----|-------|----------|----------|----------------
0    | 8     | 0.7231   | 3.7696   | 3.9449 
1    | 9     | 0.6585   | 0.9160   | 0.7712 
2    | 11    | 0.5127   | 0.5551   | 0.5341 
3-5  | 59    | 0.4887   | 0.3926   | 0.4414 
6+   | 276   | 0.3426   | 0.2990   | 0.3498 

Epoch 142: loss = 0.631153 delta_mae_pts = 0.3877 recap_mae_pts = 0.3877 cat_mae_pts = 0.4904 total_mae_pts = 1.1745 vs_inertia_pts = 0.0260 vs_quad_pts = 0.2584 lr_base = 0.000565 lr_mult = 0.0625 lr_eff = 0.000035 mon_cov = 0.951 mon_score = 3.9416 progress = 143/400 epoch_sec = 89.6 avg_epoch_sec = 95.1 elapsed = 03:46:39 eta = 06:47:21
Epoch 142 memory(end): tensors=219, buffers=219, bytes=14.7MB

--- NO IMPROVEMENT FOR 18 EPOCHS: plateau multiplier 0.0625 -> 0.0313, effective LR 0.000030 ---

Epoch 143: Weights {"totalWeight":0.1,"recapWeight":0.05,"deltaWeight":9.75,"categoryWeight":0.05,"quantileWeight":0.4988,"consistencyWeight":0,"identityDropoutRate":0.79575}, Scales {"judgeBias":1,"corps":1}, SeqLen 15, ID_Drop 0.798, WFW 1.500 
Epoch 143 memory(start): tensors=219, buffers=219, bytes=14.7MB

History Bucket Diagnostics (Avg Abs Error per sample, normalized units):
Hist | Count | MAE_Pred | MAE_Base | PredDevFromBase
-----|-------|----------|----------|----------------
0    | 8     | 0.7296   | 3.7696   | 3.9425 
1    | 9     | 0.6552   | 0.9160   | 0.7664 
2    | 11    | 0.5105   | 0.5551   | 0.5170 
3-5  | 59    | 0.4972   | 0.3926   | 0.4349 
6+   | 276   | 0.3422   | 0.2990   | 0.3443 

Epoch 143: loss = 0.629769 delta_mae_pts = 0.3888 recap_mae_pts = 0.3888 cat_mae_pts = 0.4954 total_mae_pts = 1.2019 vs_inertia_pts = 0.0250 vs_quad_pts = 0.2574 lr_base = 0.000562 lr_mult = 0.0313 lr_eff = 0.000030 mon_cov = 0.950 mon_score = 3.9549 progress = 144/400 epoch_sec = 89.9 avg_epoch_sec = 95.1 elapsed = 03:48:09 eta = 06:45:36
Epoch 143 memory(end): tensors=219, buffers=219, bytes=14.7MB

Epoch 144: Weights {"totalWeight":0.1,"recapWeight":0.05,"deltaWeight":9.75,"categoryWeight":0.05,"quantileWeight":0.5024,"consistencyWeight":0,"identityDropoutRate":0.791}, Scales {"judgeBias":1,"corps":1}, SeqLen 15, ID_Drop 0.786, WFW 1.500 
Epoch 144 memory(start): tensors=219, buffers=219, bytes=14.7MB

History Bucket Diagnostics (Avg Abs Error per sample, normalized units):
Hist | Count | MAE_Pred | MAE_Base | PredDevFromBase
-----|-------|----------|----------|----------------
0    | 8     | 0.7384   | 3.7696   | 3.9359 
1    | 9     | 0.6628   | 0.9160   | 0.7676 
2    | 11    | 0.5200   | 0.5551   | 0.5226 
3-5  | 59    | 0.4964   | 0.3926   | 0.4393 
6+   | 276   | 0.3423   | 0.2990   | 0.3463 

Epoch 144: loss = 0.621058 delta_mae_pts = 0.3894 recap_mae_pts = 0.3894 cat_mae_pts = 0.4968 total_mae_pts = 1.2020 vs_inertia_pts = 0.0243 vs_quad_pts = 0.2568 lr_base = 0.000560 lr_mult = 0.0313 lr_eff = 0.000030 mon_cov = 0.949 mon_score = 3.9611 progress = 145/400 epoch_sec = 97.3 avg_epoch_sec = 95.1 elapsed = 03:49:46 eta = 06:44:05
Epoch 144 memory(end): tensors=219, buffers=219, bytes=14.7MB

Epoch 145: Weights {"totalWeight":0.1,"recapWeight":0.05,"deltaWeight":9.75,"categoryWeight":0.05,"quantileWeight":0.506,"consistencyWeight":0,"identityDropoutRate":0.78625}, Scales {"judgeBias":1,"corps":1}, SeqLen 15, ID_Drop 0.791, WFW 1.500 
Epoch 145 memory(start): tensors=219, buffers=219, bytes=14.7MB

History Bucket Diagnostics (Avg Abs Error per sample, normalized units):
Hist | Count | MAE_Pred | MAE_Base | PredDevFromBase
-----|-------|----------|----------|----------------
0    | 8     | 0.7320   | 3.7696   | 3.9277 
1    | 9     | 0.6601   | 0.9160   | 0.7783 
2    | 11    | 0.5132   | 0.5551   | 0.5272 
3-5  | 59    | 0.4918   | 0.3926   | 0.4397 
6+   | 276   | 0.3408   | 0.2990   | 0.3449 

Epoch 145: loss = 0.623189 delta_mae_pts = 0.3871 recap_mae_pts = 0.3871 cat_mae_pts = 0.4910 total_mae_pts = 1.1885 vs_inertia_pts = 0.0266 vs_quad_pts = 0.2590 lr_base = 0.000557 lr_mult = 0.0313 lr_eff = 0.000030 mon_cov = 0.949 mon_score = 3.9373 progress = 146/400 epoch_sec = 92.0 avg_epoch_sec = 95.1 elapsed = 03:51:18 eta = 06:42:25
Epoch 145 memory(end): tensors=219, buffers=219, bytes=14.7MB

Epoch 146: Weights {"totalWeight":0.1,"recapWeight":0.05,"deltaWeight":9.75,"categoryWeight":0.05,"quantileWeight":0.5096,"consistencyWeight":0,"identityDropoutRate":0.7815}, Scales {"judgeBias":1,"corps":1}, SeqLen 15, ID_Drop 0.781, WFW 1.500 
Epoch 146 memory(start): tensors=219, buffers=219, bytes=14.7MB

History Bucket Diagnostics (Avg Abs Error per sample, normalized units):
Hist | Count | MAE_Pred | MAE_Base | PredDevFromBase
-----|-------|----------|----------|----------------
0    | 8     | 0.7225   | 3.7696   | 3.9212 
1    | 9     | 0.6653   | 0.9160   | 0.7816 
2    | 11    | 0.5125   | 0.5551   | 0.5246 
3-5  | 59    | 0.4937   | 0.3926   | 0.4399 
6+   | 276   | 0.3408   | 0.2990   | 0.3446 

Epoch 146: loss = 0.625962 delta_mae_pts = 0.3873 recap_mae_pts = 0.3873 cat_mae_pts = 0.4917 total_mae_pts = 1.1954 vs_inertia_pts = 0.0264 vs_quad_pts = 0.2588 lr_base = 0.000555 lr_mult = 0.0313 lr_eff = 0.000030 mon_cov = 0.951 mon_score = 3.9400 progress = 147/400 epoch_sec = 91.0 avg_epoch_sec = 95.0 elapsed = 03:52:49 eta = 06:40:43
Epoch 146 memory(end): tensors=219, buffers=219, bytes=14.7MB

Epoch 147: Weights {"totalWeight":0.1,"recapWeight":0.05,"deltaWeight":9.75,"categoryWeight":0.05,"quantileWeight":0.5132,"consistencyWeight":0,"identityDropoutRate":0.77675}, Scales {"judgeBias":1,"corps":1}, SeqLen 15, ID_Drop 0.779, WFW 1.500 
Epoch 147 memory(start): tensors=219, buffers=219, bytes=14.7MB

History Bucket Diagnostics (Avg Abs Error per sample, normalized units):
Hist | Count | MAE_Pred | MAE_Base | PredDevFromBase
-----|-------|----------|----------|----------------
0    | 8     | 0.7067   | 3.7696   | 3.9206 
1    | 9     | 0.6545   | 0.9160   | 0.7926 
2    | 11    | 0.5130   | 0.5551   | 0.5282 
3-5  | 59    | 0.4901   | 0.3926   | 0.4368 
6+   | 276   | 0.3423   | 0.2990   | 0.3464 

Epoch 147: loss = 0.625102 delta_mae_pts = 0.3873 recap_mae_pts = 0.3873 cat_mae_pts = 0.4912 total_mae_pts = 1.1775 vs_inertia_pts = 0.0265 vs_quad_pts = 0.2589 lr_base = 0.000552 lr_mult = 0.0313 lr_eff = 0.000030 mon_cov = 0.948 mon_score = 3.9376 progress = 148/400 epoch_sec = 92.1 avg_epoch_sec = 95.0 elapsed = 03:54:22 eta = 06:39:03
Epoch 147 memory(end): tensors=219, buffers=219, bytes=14.7MB

Epoch 148: Weights {"totalWeight":0.1,"recapWeight":0.05,"deltaWeight":9.75,"categoryWeight":0.05,"quantileWeight":0.5167999999999999,"consistencyWeight":0,"identityDropoutRate":0.772}, Scales {"judgeBias":1,"corps":1}, SeqLen 15, ID_Drop 0.779, WFW 1.500 
Epoch 148 memory(start): tensors=219, buffers=219, bytes=14.7MB

History Bucket Diagnostics (Avg Abs Error per sample, normalized units):
Hist | Count | MAE_Pred | MAE_Base | PredDevFromBase
-----|-------|----------|----------|----------------
0    | 8     | 0.7466   | 3.7696   | 3.9613 
1    | 9     | 0.6589   | 0.9160   | 0.7925 
2    | 11    | 0.5116   | 0.5551   | 0.5289 
3-5  | 59    | 0.4896   | 0.3926   | 0.4402 
6+   | 276   | 0.3423   | 0.2990   | 0.3484 

Epoch 148: loss = 0.624748 delta_mae_pts = 0.3882 recap_mae_pts = 0.3882 cat_mae_pts = 0.4934 total_mae_pts = 1.1819 vs_inertia_pts = 0.0256 vs_quad_pts = 0.2580 lr_base = 0.000550 lr_mult = 0.0313 lr_eff = 0.000030 mon_cov = 0.949 mon_score = 3.9468 progress = 149/400 epoch_sec = 91.6 avg_epoch_sec = 95.0 elapsed = 03:55:53 eta = 06:37:22
Epoch 148 memory(end): tensors=219, buffers=219, bytes=14.7MB

Epoch 149: Weights {"totalWeight":0.1,"recapWeight":0.05,"deltaWeight":9.75,"categoryWeight":0.05,"quantileWeight":0.5204,"consistencyWeight":0,"identityDropoutRate":0.76725}, Scales {"judgeBias":1,"corps":1}, SeqLen 15, ID_Drop 0.766, WFW 1.500 
Epoch 149 memory(start): tensors=219, buffers=219, bytes=14.7MB

History Bucket Diagnostics (Avg Abs Error per sample, normalized units):
Hist | Count | MAE_Pred | MAE_Base | PredDevFromBase
-----|-------|----------|----------|----------------
0    | 8     | 0.7339   | 3.7696   | 3.9583 
1    | 9     | 0.6702   | 0.9160   | 0.7909 
2    | 11    | 0.5113   | 0.5551   | 0.5267 
3-5  | 59    | 0.4955   | 0.3926   | 0.4430 
6+   | 276   | 0.3427   | 0.2990   | 0.3490 

Epoch 149: loss = 0.629114 delta_mae_pts = 0.3894 recap_mae_pts = 0.3894 cat_mae_pts = 0.4986 total_mae_pts = 1.2070 vs_inertia_pts = 0.0244 vs_quad_pts = 0.2568 lr_base = 0.000547 lr_mult = 0.0313 lr_eff = 0.000030 mon_cov = 0.947 mon_score = 3.9614 progress = 150/400 epoch_sec = 92.2 avg_epoch_sec = 95.0 elapsed = 03:57:25 eta = 06:35:42
Epoch 149 memory(end): tensors=219, buffers=219, bytes=14.7MB

Epoch 150: Weights {"totalWeight":0.1,"recapWeight":0.05,"deltaWeight":9.75,"categoryWeight":0.05,"quantileWeight":0.524,"consistencyWeight":0,"identityDropoutRate":0.7625}, Scales {"judgeBias":1,"corps":1}, SeqLen 15, ID_Drop 0.767, WFW 1.500 
Epoch 150 memory(start): tensors=219, buffers=219, bytes=14.7MB

History Bucket Diagnostics (Avg Abs Error per sample, normalized units):
Hist | Count | MAE_Pred | MAE_Base | PredDevFromBase
-----|-------|----------|----------|----------------
0    | 8     | 0.7359   | 3.7696   | 3.9483 
1    | 9     | 0.6727   | 0.9160   | 0.7893 
2    | 11    | 0.5117   | 0.5551   | 0.5211 
3-5  | 59    | 0.4871   | 0.3926   | 0.4334 
6+   | 276   | 0.3396   | 0.2990   | 0.3431 

Epoch 150: loss = 0.627362 delta_mae_pts = 0.3858 recap_mae_pts = 0.3858 cat_mae_pts = 0.4915 total_mae_pts = 1.1874 vs_inertia_pts = 0.0279 vs_quad_pts = 0.2604 lr_base = 0.000544 lr_mult = 0.0313 lr_eff = 0.000030 mon_cov = 0.951 mon_score = 3.9239 progress = 151/400 epoch_sec = 91.9 avg_epoch_sec = 94.9 elapsed = 03:58:57 eta = 06:34:02
Epoch 150 memory(end): tensors=219, buffers=219, bytes=14.7MB

-- - CAPTION STATS(Epoch 150)-- - 
GE1: delta_pts = 0.3716, recap_pts = 0.3716, cov = 0.948, width = 1.9516 
GE2: delta_pts = 0.3744, recap_pts = 0.3744, cov = 0.964, width = 1.9727 
VP: delta_pts = 0.3679, recap_pts = 0.3679, cov = 0.956, width = 2.0021 
VA: delta_pts = 0.3150, recap_pts = 0.3150, cov = 0.981, width = 2.0010 
CG: delta_pts = 0.4151, recap_pts = 0.4151, cov = 0.945, width = 2.0340 
MB: delta_pts = 0.4165, recap_pts = 0.4165, cov = 0.956, width = 1.9827 
MA: delta_pts = 0.3824, recap_pts = 0.3824, cov = 0.948, width = 1.9703 
MP: delta_pts = 0.4433, recap_pts = 0.4433, cov = 0.915, width = 1.9811 
----------------------------------


Epoch 151: Weights {"totalWeight":0.1,"recapWeight":0.05,"deltaWeight":9.75,"categoryWeight":0.05,"quantileWeight":0.5276000000000001,"consistencyWeight":0,"identityDropoutRate":0.75775}, Scales {"judgeBias":1,"corps":1}, SeqLen 15, ID_Drop 0.765, WFW 1.500 
Epoch 151 memory(start): tensors=219, buffers=219, bytes=14.7MB

History Bucket Diagnostics (Avg Abs Error per sample, normalized units):
Hist | Count | MAE_Pred | MAE_Base | PredDevFromBase
-----|-------|----------|----------|----------------
0    | 8     | 0.7352   | 3.7696   | 3.9320 
1    | 9     | 0.6724   | 0.9160   | 0.7810 
2    | 11    | 0.5203   | 0.5551   | 0.5208 
3-5  | 59    | 0.4907   | 0.3926   | 0.4407 
6+   | 276   | 0.3410   | 0.2990   | 0.3468 

Epoch 151: loss = 0.626541 delta_mae_pts = 0.3877 recap_mae_pts = 0.3877 cat_mae_pts = 0.4925 total_mae_pts = 1.1812 vs_inertia_pts = 0.0260 vs_quad_pts = 0.2585 lr_base = 0.000542 lr_mult = 0.0313 lr_eff = 0.000030 mon_cov = 0.950 mon_score = 3.9421 progress = 152/400 epoch_sec = 92.8 avg_epoch_sec = 94.9 elapsed = 04:00:30 eta = 06:32:24
Epoch 151 memory(end): tensors=219, buffers=219, bytes=14.7MB

Epoch 152: Weights {"totalWeight":0.1,"recapWeight":0.05,"deltaWeight":9.75,"categoryWeight":0.05,"quantileWeight":0.5312,"consistencyWeight":0,"identityDropoutRate":0.753}, Scales {"judgeBias":1,"corps":1}, SeqLen 15, ID_Drop 0.760, WFW 1.500 
Epoch 152 memory(start): tensors=219, buffers=219, bytes=14.7MB

History Bucket Diagnostics (Avg Abs Error per sample, normalized units):
Hist | Count | MAE_Pred | MAE_Base | PredDevFromBase
-----|-------|----------|----------|----------------
0    | 8     | 0.7300   | 3.7696   | 3.9465 
1    | 9     | 0.6631   | 0.9160   | 0.7923 
2    | 11    | 0.5159   | 0.5551   | 0.5178 
3-5  | 59    | 0.4976   | 0.3926   | 0.4459 
6+   | 276   | 0.3453   | 0.2990   | 0.3501 

Epoch 152: loss = 0.629891 delta_mae_pts = 0.3916 recap_mae_pts = 0.3916 cat_mae_pts = 0.5002 total_mae_pts = 1.1990 vs_inertia_pts = 0.0222 vs_quad_pts = 0.2546 lr_base = 0.000539 lr_mult = 0.0313 lr_eff = 0.000030 mon_cov = 0.946 mon_score = 3.9822 progress = 153/400 epoch_sec = 93.6 avg_epoch_sec = 94.9 elapsed = 04:02:04 eta = 06:30:47
Epoch 152 memory(end): tensors=219, buffers=219, bytes=14.7MB

Epoch 153: Weights {"totalWeight":0.1,"recapWeight":0.05,"deltaWeight":9.75,"categoryWeight":0.05,"quantileWeight":0.5347999999999999,"consistencyWeight":0,"identityDropoutRate":0.7482500000000001}, Scales {"judgeBias":1,"corps":1}, SeqLen 15, ID_Drop 0.751, WFW 1.500 
Epoch 153 memory(start): tensors=219, buffers=219, bytes=14.7MB

History Bucket Diagnostics (Avg Abs Error per sample, normalized units):
Hist | Count | MAE_Pred | MAE_Base | PredDevFromBase
-----|-------|----------|----------|----------------
0    | 8     | 0.7304   | 3.7696   | 3.9337 
1    | 9     | 0.6672   | 0.9160   | 0.7815 
2    | 11    | 0.5163   | 0.5551   | 0.5206 
3-5  | 59    | 0.4978   | 0.3926   | 0.4374 
6+   | 276   | 0.3424   | 0.2990   | 0.3429 

Epoch 153: loss = 0.630191 delta_mae_pts = 0.3895 recap_mae_pts = 0.3895 cat_mae_pts = 0.4970 total_mae_pts = 1.2041 vs_inertia_pts = 0.0242 vs_quad_pts = 0.2567 lr_base = 0.000536 lr_mult = 0.0313 lr_eff = 0.000030 mon_cov = 0.947 mon_score = 3.9623 progress = 154/400 epoch_sec = 93.8 avg_epoch_sec = 94.9 elapsed = 04:03:37 eta = 06:29:10
Epoch 153 memory(end): tensors=219, buffers=219, bytes=14.7MB

Epoch 154: Weights {"totalWeight":0.1,"recapWeight":0.05,"deltaWeight":9.75,"categoryWeight":0.05,"quantileWeight":0.5384,"consistencyWeight":0,"identityDropoutRate":0.7435}, Scales {"judgeBias":1,"corps":1}, SeqLen 15, ID_Drop 0.749, WFW 1.500 
Epoch 154 memory(start): tensors=219, buffers=219, bytes=14.7MB

History Bucket Diagnostics (Avg Abs Error per sample, normalized units):
Hist | Count | MAE_Pred | MAE_Base | PredDevFromBase
-----|-------|----------|----------|----------------
0    | 8     | 0.7468   | 3.7696   | 3.9701 
1    | 9     | 0.6622   | 0.9160   | 0.7993 
2    | 11    | 0.5097   | 0.5551   | 0.5335 
3-5  | 59    | 0.4906   | 0.3926   | 0.4389 
6+   | 276   | 0.3407   | 0.2990   | 0.3455 

Epoch 154: loss = 0.633360 delta_mae_pts = 0.3871 recap_mae_pts = 0.3871 cat_mae_pts = 0.4910 total_mae_pts = 1.1788 vs_inertia_pts = 0.0266 vs_quad_pts = 0.2590 lr_base = 0.000534 lr_mult = 0.0313 lr_eff = 0.000030 mon_cov = 0.948 mon_score = 3.9363 progress = 155/400 epoch_sec = 92.2 avg_epoch_sec = 94.9 elapsed = 04:05:10 eta = 06:27:31
Epoch 154 memory(end): tensors=219, buffers=219, bytes=14.7MB

Epoch 155: Weights {"totalWeight":0.1,"recapWeight":0.05,"deltaWeight":9.75,"categoryWeight":0.05,"quantileWeight":0.542,"consistencyWeight":0,"identityDropoutRate":0.73875}, Scales {"judgeBias":1,"corps":1}, SeqLen 15, ID_Drop 0.730, WFW 1.500 
Epoch 155 memory(start): tensors=219, buffers=219, bytes=14.7MB

History Bucket Diagnostics (Avg Abs Error per sample, normalized units):
Hist | Count | MAE_Pred | MAE_Base | PredDevFromBase
-----|-------|----------|----------|----------------
0    | 8     | 0.7315   | 3.7696   | 3.9353 
1    | 9     | 0.6675   | 0.9160   | 0.7853 
2    | 11    | 0.5117   | 0.5551   | 0.5292 
3-5  | 59    | 0.4917   | 0.3926   | 0.4452 
6+   | 276   | 0.3408   | 0.2990   | 0.3498 

Epoch 155: loss = 0.629051 delta_mae_pts = 0.3872 recap_mae_pts = 0.3872 cat_mae_pts = 0.4937 total_mae_pts = 1.1809 vs_inertia_pts = 0.0265 vs_quad_pts = 0.2589 lr_base = 0.000531 lr_mult = 0.0313 lr_eff = 0.000030 mon_cov = 0.946 mon_score = 3.9376 progress = 156/400 epoch_sec = 90.7 avg_epoch_sec = 94.9 elapsed = 04:06:40 eta = 06:25:49
Epoch 155 memory(end): tensors=219, buffers=219, bytes=14.7MB

Epoch 156: Weights {"totalWeight":0.1,"recapWeight":0.05,"deltaWeight":9.75,"categoryWeight":0.05,"quantileWeight":0.5456000000000001,"consistencyWeight":0,"identityDropoutRate":0.734}, Scales {"judgeBias":1,"corps":1}, SeqLen 15, ID_Drop 0.735, WFW 1.500 
Epoch 156 memory(start): tensors=219, buffers=219, bytes=14.7MB

History Bucket Diagnostics (Avg Abs Error per sample, normalized units):
Hist | Count | MAE_Pred | MAE_Base | PredDevFromBase
-----|-------|----------|----------|----------------
0    | 8     | 0.7392   | 3.7696   | 3.9441 
1    | 9     | 0.6616   | 0.9160   | 0.7777 
2    | 11    | 0.5123   | 0.5551   | 0.5273 
3-5  | 59    | 0.4969   | 0.3926   | 0.4382 
6+   | 276   | 0.3444   | 0.2990   | 0.3457 

Epoch 156: loss = 0.624907 delta_mae_pts = 0.3909 recap_mae_pts = 0.3909 cat_mae_pts = 0.4976 total_mae_pts = 1.2027 vs_inertia_pts = 0.0228 vs_quad_pts = 0.2553 lr_base = 0.000528 lr_mult = 0.0313 lr_eff = 0.000030 mon_cov = 0.948 mon_score = 3.9757 progress = 157/400 epoch_sec = 95.7 avg_epoch_sec = 94.9 elapsed = 04:08:16 eta = 06:24:16
Epoch 156 memory(end): tensors=219, buffers=219, bytes=14.7MB

Epoch 157: Weights {"totalWeight":0.1,"recapWeight":0.05,"deltaWeight":9.75,"categoryWeight":0.05,"quantileWeight":0.5492,"consistencyWeight":0,"identityDropoutRate":0.72925}, Scales {"judgeBias":1,"corps":1}, SeqLen 15, ID_Drop 0.734, WFW 1.500 
Epoch 157 memory(start): tensors=219, buffers=219, bytes=14.7MB

History Bucket Diagnostics (Avg Abs Error per sample, normalized units):
Hist | Count | MAE_Pred | MAE_Base | PredDevFromBase
-----|-------|----------|----------|----------------
0    | 8     | 0.7148   | 3.7696   | 3.9169 
1    | 9     | 0.6635   | 0.9160   | 0.7848 
2    | 11    | 0.5095   | 0.5551   | 0.5239 
3-5  | 59    | 0.4911   | 0.3926   | 0.4380 
6+   | 276   | 0.3401   | 0.2990   | 0.3448 

Epoch 157: loss = 0.624356 delta_mae_pts = 0.3861 recap_mae_pts = 0.3861 cat_mae_pts = 0.4898 total_mae_pts = 1.1843 vs_inertia_pts = 0.0277 vs_quad_pts = 0.2601 lr_base = 0.000526 lr_mult = 0.0313 lr_eff = 0.000030 mon_cov = 0.951 mon_score = 3.9264 progress = 158/400 epoch_sec = 96.2 avg_epoch_sec = 94.9 elapsed = 04:09:52 eta = 06:22:43
Epoch 157 memory(end): tensors=219, buffers=219, bytes=14.7MB

Epoch 158: Weights {"totalWeight":0.1,"recapWeight":0.05,"deltaWeight":9.75,"categoryWeight":0.05,"quantileWeight":0.5528,"consistencyWeight":0,"identityDropoutRate":0.7245}, Scales {"judgeBias":1,"corps":1}, SeqLen 15, ID_Drop 0.726, WFW 1.500 
Epoch 158 memory(start): tensors=219, buffers=219, bytes=14.7MB

History Bucket Diagnostics (Avg Abs Error per sample, normalized units):
Hist | Count | MAE_Pred | MAE_Base | PredDevFromBase
-----|-------|----------|----------|----------------
0    | 8     | 0.7769   | 3.7696   | 3.9698 
1    | 9     | 0.6647   | 0.9160   | 0.7835 
2    | 11    | 0.5115   | 0.5551   | 0.5209 
3-5  | 59    | 0.4919   | 0.3926   | 0.4396 
6+   | 276   | 0.3421   | 0.2990   | 0.3473 

Epoch 158: loss = 0.625183 delta_mae_pts = 0.3892 recap_mae_pts = 0.3892 cat_mae_pts = 0.4945 total_mae_pts = 1.1905 vs_inertia_pts = 0.0245 vs_quad_pts = 0.2570 lr_base = 0.000523 lr_mult = 0.0313 lr_eff = 0.000030 mon_cov = 0.947 mon_score = 3.9578 progress = 159/400 epoch_sec = 95.0 avg_epoch_sec = 94.9 elapsed = 04:11:27 eta = 06:21:08
Epoch 158 memory(end): tensors=219, buffers=219, bytes=14.7MB

Epoch 159: Weights {"totalWeight":0.1,"recapWeight":0.05,"deltaWeight":9.75,"categoryWeight":0.05,"quantileWeight":0.5564,"consistencyWeight":0,"identityDropoutRate":0.71975}, Scales {"judgeBias":1,"corps":1}, SeqLen 15, ID_Drop 0.728, WFW 1.500 
Epoch 159 memory(start): tensors=219, buffers=219, bytes=14.7MB

History Bucket Diagnostics (Avg Abs Error per sample, normalized units):
Hist | Count | MAE_Pred | MAE_Base | PredDevFromBase
-----|-------|----------|----------|----------------
0    | 8     | 0.7668   | 3.7696   | 3.9469 
1    | 9     | 0.6765   | 0.9160   | 0.7760 
2    | 11    | 0.5171   | 0.5551   | 0.5257 
3-5  | 59    | 0.5021   | 0.3926   | 0.4475 
6+   | 276   | 0.3443   | 0.2990   | 0.3497 

Epoch 159: loss = 0.620699 delta_mae_pts = 0.3928 recap_mae_pts = 0.3928 cat_mae_pts = 0.5010 total_mae_pts = 1.2053 vs_inertia_pts = 0.0210 vs_quad_pts = 0.2534 lr_base = 0.000520 lr_mult = 0.0313 lr_eff = 0.000030 mon_cov = 0.946 mon_score = 3.9946 progress = 160/400 epoch_sec = 92.0 avg_epoch_sec = 94.9 elapsed = 04:12:59 eta = 06:19:29
Epoch 159 memory(end): tensors=219, buffers=219, bytes=14.7MB

Epoch 160: Weights {"totalWeight":0.1,"recapWeight":0.05,"deltaWeight":9.75,"categoryWeight":0.05,"quantileWeight":0.56,"consistencyWeight":0,"identityDropoutRate":0.7150000000000001}, Scales {"judgeBias":1,"corps":1}, SeqLen 15, ID_Drop 0.716, WFW 1.500 
Epoch 160 memory(start): tensors=219, buffers=219, bytes=14.7MB

History Bucket Diagnostics (Avg Abs Error per sample, normalized units):
Hist | Count | MAE_Pred | MAE_Base | PredDevFromBase
-----|-------|----------|----------|----------------
0    | 8     | 0.7611   | 3.7696   | 3.9728 
1    | 9     | 0.6679   | 0.9160   | 0.7992 
2    | 11    | 0.5158   | 0.5551   | 0.5352 
3-5  | 59    | 0.4962   | 0.3926   | 0.4467 
6+   | 276   | 0.3432   | 0.2990   | 0.3499 

Epoch 160: loss = 0.625927 delta_mae_pts = 0.3905 recap_mae_pts = 0.3905 cat_mae_pts = 0.4983 total_mae_pts = 1.2017 vs_inertia_pts = 0.0232 vs_quad_pts = 0.2556 lr_base = 0.000518 lr_mult = 0.0313 lr_eff = 0.000030 mon_cov = 0.946 mon_score = 3.9723 progress = 161/400 epoch_sec = 91.8 avg_epoch_sec = 94.9 elapsed = 04:14:31 eta = 06:17:49
Epoch 160 memory(end): tensors=219, buffers=219, bytes=14.7MB

Epoch 161: Weights {"totalWeight":0.1,"recapWeight":0.05,"deltaWeight":9.75,"categoryWeight":0.05,"quantileWeight":0.5636000000000001,"consistencyWeight":0,"identityDropoutRate":0.71025}, Scales {"judgeBias":1,"corps":1}, SeqLen 15, ID_Drop 0.713, WFW 1.500 
Epoch 161 memory(start): tensors=219, buffers=219, bytes=14.7MB

History Bucket Diagnostics (Avg Abs Error per sample, normalized units):
Hist | Count | MAE_Pred | MAE_Base | PredDevFromBase
-----|-------|----------|----------|----------------
0    | 8     | 0.7560   | 3.7696   | 3.9624 
1    | 9     | 0.6627   | 0.9160   | 0.7908 
2    | 11    | 0.5102   | 0.5551   | 0.5335 
3-5  | 59    | 0.4892   | 0.3926   | 0.4453 
6+   | 276   | 0.3413   | 0.2990   | 0.3492 

Epoch 161: loss = 0.632098 delta_mae_pts = 0.3876 recap_mae_pts = 0.3876 cat_mae_pts = 0.4923 total_mae_pts = 1.1849 vs_inertia_pts = 0.0261 vs_quad_pts = 0.2586 lr_base = 0.000515 lr_mult = 0.0313 lr_eff = 0.000030 mon_cov = 0.949 mon_score = 3.9415 progress = 162/400 epoch_sec = 93.5 avg_epoch_sec = 94.8 elapsed = 04:16:04 eta = 06:16:13
Epoch 161 memory(end): tensors=219, buffers=219, bytes=14.7MB

Epoch 162: Weights {"totalWeight":0.1,"recapWeight":0.05,"deltaWeight":9.75,"categoryWeight":0.05,"quantileWeight":0.5671999999999999,"consistencyWeight":0,"identityDropoutRate":0.7055}, Scales {"judgeBias":1,"corps":1}, SeqLen 15, ID_Drop 0.696, WFW 1.500 
Epoch 162 memory(start): tensors=219, buffers=219, bytes=14.7MB

History Bucket Diagnostics (Avg Abs Error per sample, normalized units):
Hist | Count | MAE_Pred | MAE_Base | PredDevFromBase
-----|-------|----------|----------|----------------
0    | 8     | 0.7561   | 3.7696   | 3.9567 
1    | 9     | 0.6733   | 0.9160   | 0.7817 
2    | 11    | 0.5121   | 0.5551   | 0.5273 
3-5  | 59    | 0.4972   | 0.3926   | 0.4414 
6+   | 276   | 0.3451   | 0.2990   | 0.3465 

Epoch 162: loss = 0.621933 delta_mae_pts = 0.3920 recap_mae_pts = 0.3920 cat_mae_pts = 0.5001 total_mae_pts = 1.2166 vs_inertia_pts = 0.0217 vs_quad_pts = 0.2541 lr_base = 0.000512 lr_mult = 0.0313 lr_eff = 0.000030 mon_cov = 0.947 mon_score = 3.9887 progress = 163/400 epoch_sec = 90.5 avg_epoch_sec = 94.8 elapsed = 04:17:35 eta = 06:14:31
Epoch 162 memory(end): tensors=219, buffers=219, bytes=14.7MB

Epoch 163: Weights {"totalWeight":0.1,"recapWeight":0.05,"deltaWeight":9.75,"categoryWeight":0.05,"quantileWeight":0.5708,"consistencyWeight":0,"identityDropoutRate":0.70075}, Scales {"judgeBias":1,"corps":1}, SeqLen 15, ID_Drop 0.708, WFW 1.500 
Epoch 163 memory(start): tensors=219, buffers=219, bytes=14.7MB

History Bucket Diagnostics (Avg Abs Error per sample, normalized units):
Hist | Count | MAE_Pred | MAE_Base | PredDevFromBase
-----|-------|----------|----------|----------------
0    | 8     | 0.7653   | 3.7696   | 3.9656 
1    | 9     | 0.6656   | 0.9160   | 0.7838 
2    | 11    | 0.5133   | 0.5551   | 0.5320 
3-5  | 59    | 0.4947   | 0.3926   | 0.4415 
6+   | 276   | 0.3447   | 0.2990   | 0.3482 

Epoch 163: loss = 0.629592 delta_mae_pts = 0.3914 recap_mae_pts = 0.3914 cat_mae_pts = 0.4993 total_mae_pts = 1.2037 vs_inertia_pts = 0.0223 vs_quad_pts = 0.2547 lr_base = 0.000509 lr_mult = 0.0313 lr_eff = 0.000030 mon_cov = 0.947 mon_score = 3.9814 progress = 164/400 epoch_sec = 92.7 avg_epoch_sec = 94.8 elapsed = 04:19:08 eta = 06:12:53
Epoch 163 memory(end): tensors=219, buffers=219, bytes=14.7MB

Epoch 164: Weights {"totalWeight":0.1,"recapWeight":0.05,"deltaWeight":9.75,"categoryWeight":0.05,"quantileWeight":0.5744,"consistencyWeight":0,"identityDropoutRate":0.696}, Scales {"judgeBias":1,"corps":1}, SeqLen 15, ID_Drop 0.683, WFW 1.500 
Epoch 164 memory(start): tensors=219, buffers=219, bytes=14.7MB

History Bucket Diagnostics (Avg Abs Error per sample, normalized units):
Hist | Count | MAE_Pred | MAE_Base | PredDevFromBase
-----|-------|----------|----------|----------------
0    | 8     | 0.7647   | 3.7696   | 3.9633 
1    | 9     | 0.6772   | 0.9160   | 0.7825 
2    | 11    | 0.5189   | 0.5551   | 0.5278 
3-5  | 59    | 0.4992   | 0.3926   | 0.4462 
6+   | 276   | 0.3458   | 0.2990   | 0.3516 

Epoch 164: loss = 0.623532 delta_mae_pts = 0.3934 recap_mae_pts = 0.3934 cat_mae_pts = 0.5025 total_mae_pts = 1.2047 vs_inertia_pts = 0.0203 vs_quad_pts = 0.2528 lr_base = 0.000507 lr_mult = 0.0313 lr_eff = 0.000030 mon_cov = 0.946 mon_score = 4.0010 progress = 165/400 epoch_sec = 97.3 avg_epoch_sec = 94.8 elapsed = 04:20:45 eta = 06:11:22
Epoch 164 memory(end): tensors=219, buffers=219, bytes=14.7MB

Epoch 165: Weights {"totalWeight":0.1,"recapWeight":0.05,"deltaWeight":9.75,"categoryWeight":0.05,"quantileWeight":0.5780000000000001,"consistencyWeight":0,"identityDropoutRate":0.69125}, Scales {"judgeBias":1,"corps":1}, SeqLen 15, ID_Drop 0.688, WFW 1.500 
Epoch 165 memory(start): tensors=219, buffers=219, bytes=14.7MB

History Bucket Diagnostics (Avg Abs Error per sample, normalized units):
Hist | Count | MAE_Pred | MAE_Base | PredDevFromBase
-----|-------|----------|----------|----------------
0    | 8     | 0.7958   | 3.7696   | 3.9929 
1    | 9     | 0.6647   | 0.9160   | 0.7887 
2    | 11    | 0.5147   | 0.5551   | 0.5343 
3-5  | 59    | 0.4934   | 0.3926   | 0.4418 
6+   | 276   | 0.3434   | 0.2990   | 0.3484 

Epoch 165: loss = 0.626501 delta_mae_pts = 0.3909 recap_mae_pts = 0.3909 cat_mae_pts = 0.4972 total_mae_pts = 1.1928 vs_inertia_pts = 0.0228 vs_quad_pts = 0.2552 lr_base = 0.000504 lr_mult = 0.0313 lr_eff = 0.000030 mon_cov = 0.945 mon_score = 3.9753 progress = 166/400 epoch_sec = 95.2 avg_epoch_sec = 94.8 elapsed = 04:22:20 eta = 06:09:48
Epoch 165 memory(end): tensors=219, buffers=219, bytes=14.7MB

Epoch 166: Weights {"totalWeight":0.1,"recapWeight":0.05,"deltaWeight":9.75,"categoryWeight":0.05,"quantileWeight":0.5816,"consistencyWeight":0,"identityDropoutRate":0.6865}, Scales {"judgeBias":1,"corps":1}, SeqLen 15, ID_Drop 0.674, WFW 1.500 
Epoch 166 memory(start): tensors=219, buffers=219, bytes=14.7MB

History Bucket Diagnostics (Avg Abs Error per sample, normalized units):
Hist | Count | MAE_Pred | MAE_Base | PredDevFromBase
-----|-------|----------|----------|----------------
0    | 8     | 0.7850   | 3.7696   | 3.9827 
1    | 9     | 0.6626   | 0.9160   | 0.7862 
2    | 11    | 0.5119   | 0.5551   | 0.5323 
3-5  | 59    | 0.4989   | 0.3926   | 0.4435 
6+   | 276   | 0.3446   | 0.2990   | 0.3475 

Epoch 166: loss = 0.622377 delta_mae_pts = 0.3923 recap_mae_pts = 0.3923 cat_mae_pts = 0.4991 total_mae_pts = 1.2022 vs_inertia_pts = 0.0214 vs_quad_pts = 0.2538 lr_base = 0.000501 lr_mult = 0.0313 lr_eff = 0.000030 mon_cov = 0.949 mon_score = 3.9900 progress = 167/400 epoch_sec = 93.7 avg_epoch_sec = 94.8 elapsed = 04:23:54 eta = 06:08:12
Epoch 166 memory(end): tensors=219, buffers=219, bytes=14.7MB

Epoch 167: Weights {"totalWeight":0.1,"recapWeight":0.05,"deltaWeight":9.75,"categoryWeight":0.05,"quantileWeight":0.5851999999999999,"consistencyWeight":0,"identityDropoutRate":0.6817500000000001}, Scales {"judgeBias":1,"corps":1}, SeqLen 15, ID_Drop 0.686, WFW 1.500 
Epoch 167 memory(start): tensors=219, buffers=219, bytes=14.7MB

History Bucket Diagnostics (Avg Abs Error per sample, normalized units):
Hist | Count | MAE_Pred | MAE_Base | PredDevFromBase
-----|-------|----------|----------|----------------
0    | 8     | 0.7786   | 3.7696   | 3.9838 
1    | 9     | 0.6631   | 0.9160   | 0.7927 
2    | 11    | 0.5094   | 0.5551   | 0.5346 
3-5  | 59    | 0.4920   | 0.3926   | 0.4424 
6+   | 276   | 0.3445   | 0.2990   | 0.3513 

Epoch 167: loss = 0.620180 delta_mae_pts = 0.3909 recap_mae_pts = 0.3909 cat_mae_pts = 0.4981 total_mae_pts = 1.1974 vs_inertia_pts = 0.0228 vs_quad_pts = 0.2553 lr_base = 0.000498 lr_mult = 0.0313 lr_eff = 0.000030 mon_cov = 0.947 mon_score = 3.9756 progress = 168/400 epoch_sec = 93.3 avg_epoch_sec = 94.8 elapsed = 04:25:27 eta = 06:06:35
Epoch 167 memory(end): tensors=219, buffers=219, bytes=14.7MB

Epoch 168: Weights {"totalWeight":0.1,"recapWeight":0.05,"deltaWeight":9.75,"categoryWeight":0.05,"quantileWeight":0.5888,"consistencyWeight":0,"identityDropoutRate":0.677}, Scales {"judgeBias":1,"corps":1}, SeqLen 15, ID_Drop 0.687, WFW 1.500 
Epoch 168 memory(start): tensors=219, buffers=219, bytes=14.7MB

History Bucket Diagnostics (Avg Abs Error per sample, normalized units):
Hist | Count | MAE_Pred | MAE_Base | PredDevFromBase
-----|-------|----------|----------|----------------
0    | 8     | 0.7689   | 3.7696   | 3.9766 
1    | 9     | 0.6686   | 0.9160   | 0.7821 
2    | 11    | 0.5111   | 0.5551   | 0.5327 
3-5  | 59    | 0.4949   | 0.3926   | 0.4475 
6+   | 276   | 0.3448   | 0.2990   | 0.3540 

Epoch 168: loss = 0.621140 delta_mae_pts = 0.3916 recap_mae_pts = 0.3916 cat_mae_pts = 0.4988 total_mae_pts = 1.1936 vs_inertia_pts = 0.0221 vs_quad_pts = 0.2545 lr_base = 0.000496 lr_mult = 0.0313 lr_eff = 0.000030 mon_cov = 0.949 mon_score = 3.9823 progress = 169/400 epoch_sec = 102.2 avg_epoch_sec = 94.8 elapsed = 04:27:09 eta = 06:05:10
Epoch 168 memory(end): tensors=219, buffers=219, bytes=14.7MB

Epoch 169: Weights {"totalWeight":0.1,"recapWeight":0.05,"deltaWeight":9.75,"categoryWeight":0.05,"quantileWeight":0.5924,"consistencyWeight":0,"identityDropoutRate":0.67225}, Scales {"judgeBias":1,"corps":1}, SeqLen 15, ID_Drop 0.666, WFW 1.500 
Epoch 169 memory(start): tensors=219, buffers=219, bytes=14.7MB

History Bucket Diagnostics (Avg Abs Error per sample, normalized units):
Hist | Count | MAE_Pred | MAE_Base | PredDevFromBase
-----|-------|----------|----------|----------------
0    | 8     | 0.7637   | 3.7696   | 3.9713 
1    | 9     | 0.6752   | 0.9160   | 0.7799 
2    | 11    | 0.5157   | 0.5551   | 0.5363 
3-5  | 59    | 0.4915   | 0.3926   | 0.4429 
6+   | 276   | 0.3452   | 0.2990   | 0.3510 

Epoch 169: loss = 0.616715 delta_mae_pts = 0.3916 recap_mae_pts = 0.3916 cat_mae_pts = 0.4975 total_mae_pts = 1.1895 vs_inertia_pts = 0.0222 vs_quad_pts = 0.2546 lr_base = 0.000493 lr_mult = 0.0313 lr_eff = 0.000030 mon_cov = 0.946 mon_score = 3.9812 progress = 170/400 epoch_sec = 90.7 avg_epoch_sec = 94.8 elapsed = 04:28:40 eta = 06:03:29
Epoch 169 memory(end): tensors=219, buffers=219, bytes=14.7MB

Epoch 170: Weights {"totalWeight":0.1,"recapWeight":0.05,"deltaWeight":9.75,"categoryWeight":0.05,"quantileWeight":0.5960000000000001,"consistencyWeight":0,"identityDropoutRate":0.6675}, Scales {"judgeBias":1,"corps":1}, SeqLen 15, ID_Drop 0.668, WFW 1.500 
Epoch 170 memory(start): tensors=219, buffers=219, bytes=14.7MB

History Bucket Diagnostics (Avg Abs Error per sample, normalized units):
Hist | Count | MAE_Pred | MAE_Base | PredDevFromBase
-----|-------|----------|----------|----------------
0    | 8     | 0.7661   | 3.7696   | 3.9675 
1    | 9     | 0.6763   | 0.9160   | 0.7856 
2    | 11    | 0.5094   | 0.5551   | 0.5307 
3-5  | 59    | 0.4912   | 0.3926   | 0.4420 
6+   | 276   | 0.3434   | 0.2990   | 0.3502 

Epoch 170: loss = 0.619069 delta_mae_pts = 0.3900 recap_mae_pts = 0.3900 cat_mae_pts = 0.4977 total_mae_pts = 1.2028 vs_inertia_pts = 0.0237 vs_quad_pts = 0.2561 lr_base = 0.000490 lr_mult = 0.0313 lr_eff = 0.000030 mon_cov = 0.949 mon_score = 3.9674 progress = 171/400 epoch_sec = 93.6 avg_epoch_sec = 94.8 elapsed = 04:30:14 eta = 06:01:53
Epoch 170 memory(end): tensors=219, buffers=219, bytes=14.7MB

Epoch 171: Weights {"totalWeight":0.1,"recapWeight":0.05,"deltaWeight":9.75,"categoryWeight":0.05,"quantileWeight":0.5996,"consistencyWeight":0,"identityDropoutRate":0.66275}, Scales {"judgeBias":1,"corps":1}, SeqLen 15, ID_Drop 0.670, WFW 1.500 
Epoch 171 memory(start): tensors=219, buffers=219, bytes=14.7MB

History Bucket Diagnostics (Avg Abs Error per sample, normalized units):
Hist | Count | MAE_Pred | MAE_Base | PredDevFromBase
-----|-------|----------|----------|----------------
0    | 8     | 0.7867   | 3.7696   | 3.9894 
1    | 9     | 0.6825   | 0.9160   | 0.7929 
2    | 11    | 0.5163   | 0.5551   | 0.5497 
3-5  | 59    | 0.4958   | 0.3926   | 0.4487 
6+   | 276   | 0.3424   | 0.2990   | 0.3502 

Epoch 171: loss = 0.619315 delta_mae_pts = 0.3908 recap_mae_pts = 0.3908 cat_mae_pts = 0.4985 total_mae_pts = 1.2045 vs_inertia_pts = 0.0229 vs_quad_pts = 0.2554 lr_base = 0.000487 lr_mult = 0.0313 lr_eff = 0.000030 mon_cov = 0.946 mon_score = 3.9753 progress = 172/400 epoch_sec = 91.4 avg_epoch_sec = 94.8 elapsed = 04:31:45 eta = 06:00:14
Epoch 171 memory(end): tensors=219, buffers=219, bytes=14.7MB

Epoch 172: Weights {"totalWeight":0.1,"recapWeight":0.05,"deltaWeight":9.75,"categoryWeight":0.05,"quantileWeight":0.6032,"consistencyWeight":0,"identityDropoutRate":0.658}, Scales {"judgeBias":1,"corps":1}, SeqLen 15, ID_Drop 0.647, WFW 1.500 
Epoch 172 memory(start): tensors=219, buffers=219, bytes=14.7MB

History Bucket Diagnostics (Avg Abs Error per sample, normalized units):
Hist | Count | MAE_Pred | MAE_Base | PredDevFromBase
-----|-------|----------|----------|----------------
0    | 8     | 0.7884   | 3.7696   | 3.9829 
1    | 9     | 0.6865   | 0.9160   | 0.7873 
2    | 11    | 0.5125   | 0.5551   | 0.5413 
3-5  | 59    | 0.4948   | 0.3926   | 0.4473 
6+   | 276   | 0.3430   | 0.2990   | 0.3492 

Epoch 172: loss = 0.621318 delta_mae_pts = 0.3911 recap_mae_pts = 0.3911 cat_mae_pts = 0.4982 total_mae_pts = 1.2142 vs_inertia_pts = 0.0226 vs_quad_pts = 0.2551 lr_base = 0.000485 lr_mult = 0.0313 lr_eff = 0.000030 mon_cov = 0.949 mon_score = 3.9791 progress = 173/400 epoch_sec = 95.2 avg_epoch_sec = 94.8 elapsed = 04:33:20 eta = 05:58:39
Epoch 172 memory(end): tensors=219, buffers=219, bytes=14.7MB

Epoch 173: Weights {"totalWeight":0.1,"recapWeight":0.05,"deltaWeight":9.75,"categoryWeight":0.05,"quantileWeight":0.6068,"consistencyWeight":0,"identityDropoutRate":0.65325}, Scales {"judgeBias":1,"corps":1}, SeqLen 15, ID_Drop 0.658, WFW 1.500 
Epoch 173 memory(start): tensors=219, buffers=219, bytes=14.7MB

History Bucket Diagnostics (Avg Abs Error per sample, normalized units):
Hist | Count | MAE_Pred | MAE_Base | PredDevFromBase
-----|-------|----------|----------|----------------
0    | 8     | 0.7833   | 3.7696   | 3.9803 
1    | 9     | 0.6774   | 0.9160   | 0.7978 
2    | 11    | 0.5107   | 0.5551   | 0.5418 
3-5  | 59    | 0.4958   | 0.3926   | 0.4459 
6+   | 276   | 0.3468   | 0.2990   | 0.3530 

Epoch 173: loss = 0.621691 delta_mae_pts = 0.3938 recap_mae_pts = 0.3938 cat_mae_pts = 0.5004 total_mae_pts = 1.2128 vs_inertia_pts = 0.0199 vs_quad_pts = 0.2523 lr_base = 0.000482 lr_mult = 0.0313 lr_eff = 0.000030 mon_cov = 0.946 mon_score = 4.0059 progress = 174/400 epoch_sec = 95.0 avg_epoch_sec = 94.8 elapsed = 04:34:55 eta = 05:57:05
Epoch 173 memory(end): tensors=219, buffers=219, bytes=14.7MB

Epoch 174: Weights {"totalWeight":0.1,"recapWeight":0.05,"deltaWeight":9.75,"categoryWeight":0.05,"quantileWeight":0.6104,"consistencyWeight":0,"identityDropoutRate":0.6485000000000001}, Scales {"judgeBias":1,"corps":1}, SeqLen 15, ID_Drop 0.651, WFW 1.500 
Epoch 174 memory(start): tensors=219, buffers=219, bytes=14.7MB

History Bucket Diagnostics (Avg Abs Error per sample, normalized units):
Hist | Count | MAE_Pred | MAE_Base | PredDevFromBase
-----|-------|----------|----------|----------------
0    | 8     | 0.7647   | 3.7696   | 3.9573 
1    | 9     | 0.6749   | 0.9160   | 0.7831 
2    | 11    | 0.5058   | 0.5551   | 0.5287 
3-5  | 59    | 0.4929   | 0.3926   | 0.4441 
6+   | 276   | 0.3461   | 0.2990   | 0.3515 

Epoch 174: loss = 0.625889 delta_mae_pts = 0.3922 recap_mae_pts = 0.3922 cat_mae_pts = 0.5005 total_mae_pts = 1.2093 vs_inertia_pts = 0.0215 vs_quad_pts = 0.2540 lr_base = 0.000479 lr_mult = 0.0313 lr_eff = 0.000030 mon_cov = 0.947 mon_score = 3.9895 progress = 175/400 epoch_sec = 93.1 avg_epoch_sec = 94.8 elapsed = 04:36:28 eta = 05:55:28
Epoch 174 memory(end): tensors=219, buffers=219, bytes=14.7MB

Epoch 175: Weights {"totalWeight":0.1,"recapWeight":0.05,"deltaWeight":9.75,"categoryWeight":0.05,"quantileWeight":0.6140000000000001,"consistencyWeight":0,"identityDropoutRate":0.64375}, Scales {"judgeBias":1,"corps":1}, SeqLen 15, ID_Drop 0.644, WFW 1.500 
Epoch 175 memory(start): tensors=219, buffers=219, bytes=14.7MB

History Bucket Diagnostics (Avg Abs Error per sample, normalized units):
Hist | Count | MAE_Pred | MAE_Base | PredDevFromBase
-----|-------|----------|----------|----------------
0    | 8     | 0.7774   | 3.7696   | 3.9669 
1    | 9     | 0.6781   | 0.9160   | 0.7878 
2    | 11    | 0.5088   | 0.5551   | 0.5334 
3-5  | 59    | 0.4907   | 0.3926   | 0.4416 
6+   | 276   | 0.3447   | 0.2990   | 0.3501 

Epoch 175: loss = 0.623040 delta_mae_pts = 0.3912 recap_mae_pts = 0.3912 cat_mae_pts = 0.4992 total_mae_pts = 1.2094 vs_inertia_pts = 0.0225 vs_quad_pts = 0.2550 lr_base = 0.000476 lr_mult = 0.0313 lr_eff = 0.000030 mon_cov = 0.948 mon_score = 3.9797 progress = 176/400 epoch_sec = 93.2 avg_epoch_sec = 94.8 elapsed = 04:38:01 eta = 05:53:51
Epoch 175 memory(end): tensors=219, buffers=219, bytes=14.7MB

Epoch 176: Weights {"totalWeight":0.1,"recapWeight":0.05,"deltaWeight":9.75,"categoryWeight":0.05,"quantileWeight":0.6176,"consistencyWeight":0,"identityDropoutRate":0.639}, Scales {"judgeBias":1,"corps":1}, SeqLen 15, ID_Drop 0.644, WFW 1.500 
Epoch 176 memory(start): tensors=219, buffers=219, bytes=14.7MB

History Bucket Diagnostics (Avg Abs Error per sample, normalized units):
Hist | Count | MAE_Pred | MAE_Base | PredDevFromBase
-----|-------|----------|----------|----------------
0    | 8     | 0.7774   | 3.7696   | 3.9821 
1    | 9     | 0.6789   | 0.9160   | 0.7998 
2    | 11    | 0.5160   | 0.5551   | 0.5373 
3-5  | 59    | 0.4939   | 0.3926   | 0.4433 
6+   | 276   | 0.3444   | 0.2990   | 0.3505 

Epoch 176: loss = 0.629670 delta_mae_pts = 0.3917 recap_mae_pts = 0.3917 cat_mae_pts = 0.5025 total_mae_pts = 1.2238 vs_inertia_pts = 0.0220 vs_quad_pts = 0.2544 lr_base = 0.000473 lr_mult = 0.0313 lr_eff = 0.000030 mon_cov = 0.948 mon_score = 3.9865 progress = 177/400 epoch_sec = 94.3 avg_epoch_sec = 94.8 elapsed = 04:39:36 eta = 05:52:16
Epoch 176 memory(end): tensors=219, buffers=219, bytes=14.7MB

Epoch 177: Weights {"totalWeight":0.1,"recapWeight":0.05,"deltaWeight":9.75,"categoryWeight":0.05,"quantileWeight":0.6212,"consistencyWeight":0,"identityDropoutRate":0.63425}, Scales {"judgeBias":1,"corps":1}, SeqLen 15, ID_Drop 0.639, WFW 1.500 
Epoch 177 memory(start): tensors=219, buffers=219, bytes=14.7MB

History Bucket Diagnostics (Avg Abs Error per sample, normalized units):
Hist | Count | MAE_Pred | MAE_Base | PredDevFromBase
-----|-------|----------|----------|----------------
0    | 8     | 0.7747   | 3.7696   | 3.9750 
1    | 9     | 0.6776   | 0.9160   | 0.8097 
2    | 11    | 0.5107   | 0.5551   | 0.5440 
3-5  | 59    | 0.4875   | 0.3926   | 0.4460 
6+   | 276   | 0.3444   | 0.2990   | 0.3537 

Epoch 177: loss = 0.622712 delta_mae_pts = 0.3905 recap_mae_pts = 0.3905 cat_mae_pts = 0.4962 total_mae_pts = 1.1872 vs_inertia_pts = 0.0233 vs_quad_pts = 0.2557 lr_base = 0.000471 lr_mult = 0.0313 lr_eff = 0.000030 mon_cov = 0.947 mon_score = 3.9701 progress = 178/400 epoch_sec = 93.6 avg_epoch_sec = 94.8 elapsed = 04:41:09 eta = 05:50:39
Epoch 177 memory(end): tensors=219, buffers=219, bytes=14.7MB

Epoch 178: Weights {"totalWeight":0.1,"recapWeight":0.05,"deltaWeight":9.75,"categoryWeight":0.05,"quantileWeight":0.6248,"consistencyWeight":0,"identityDropoutRate":0.6295}, Scales {"judgeBias":1,"corps":1}, SeqLen 15, ID_Drop 0.634, WFW 1.500 
Epoch 178 memory(start): tensors=219, buffers=219, bytes=14.7MB

History Bucket Diagnostics (Avg Abs Error per sample, normalized units):
Hist | Count | MAE_Pred | MAE_Base | PredDevFromBase
-----|-------|----------|----------|----------------
0    | 8     | 0.7989   | 3.7696   | 4.0019 
1    | 9     | 0.6704   | 0.9160   | 0.8001 
2    | 11    | 0.5152   | 0.5551   | 0.5325 
3-5  | 59    | 0.4986   | 0.3926   | 0.4490 
6+   | 276   | 0.3457   | 0.2990   | 0.3520 

Epoch 178: loss = 0.618245 delta_mae_pts = 0.3937 recap_mae_pts = 0.3937 cat_mae_pts = 0.5036 total_mae_pts = 1.2155 vs_inertia_pts = 0.0200 vs_quad_pts = 0.2524 lr_base = 0.000468 lr_mult = 0.0313 lr_eff = 0.000030 mon_cov = 0.946 mon_score = 4.0054 progress = 179/400 epoch_sec = 91.0 avg_epoch_sec = 94.8 elapsed = 04:42:40 eta = 05:49:00
Epoch 178 memory(end): tensors=219, buffers=219, bytes=14.7MB

Epoch 179: Weights {"totalWeight":0.1,"recapWeight":0.05,"deltaWeight":9.75,"categoryWeight":0.05,"quantileWeight":0.6284000000000001,"consistencyWeight":0,"identityDropoutRate":0.62475}, Scales {"judgeBias":1,"corps":1}, SeqLen 15, ID_Drop 0.625, WFW 1.500 
Epoch 179 memory(start): tensors=219, buffers=219, bytes=14.7MB

History Bucket Diagnostics (Avg Abs Error per sample, normalized units):
Hist | Count | MAE_Pred | MAE_Base | PredDevFromBase
-----|-------|----------|----------|----------------
0    | 8     | 0.7793   | 3.7696   | 3.9856 
1    | 9     | 0.6697   | 0.9160   | 0.8041 
2    | 11    | 0.5158   | 0.5551   | 0.5474 
3-5  | 59    | 0.4911   | 0.3926   | 0.4513 
6+   | 276   | 0.3437   | 0.2990   | 0.3520 

Epoch 179: loss = 0.618247 delta_mae_pts = 0.3905 recap_mae_pts = 0.3905 cat_mae_pts = 0.4947 total_mae_pts = 1.1884 vs_inertia_pts = 0.0232 vs_quad_pts = 0.2556 lr_base = 0.000465 lr_mult = 0.0313 lr_eff = 0.000030 mon_cov = 0.947 mon_score = 3.9709 progress = 180/400 epoch_sec = 91.9 avg_epoch_sec = 94.7 elapsed = 04:44:12 eta = 05:47:22
Epoch 179 memory(end): tensors=219, buffers=219, bytes=14.7MB

Epoch 180: Weights {"totalWeight":0.1,"recapWeight":0.05,"deltaWeight":9.75,"categoryWeight":0.05,"quantileWeight":0.632,"consistencyWeight":0,"identityDropoutRate":0.62}, Scales {"judgeBias":1,"corps":1}, SeqLen 15, ID_Drop 0.621, WFW 1.500 
Epoch 180 memory(start): tensors=219, buffers=219, bytes=14.7MB

History Bucket Diagnostics (Avg Abs Error per sample, normalized units):
Hist | Count | MAE_Pred | MAE_Base | PredDevFromBase
-----|-------|----------|----------|----------------
0    | 8     | 0.7797   | 3.7696   | 3.9823 
1    | 9     | 0.6684   | 0.9160   | 0.7904 
2    | 11    | 0.5113   | 0.5551   | 0.5269 
3-5  | 59    | 0.4927   | 0.3926   | 0.4456 
6+   | 276   | 0.3437   | 0.2990   | 0.3495 

Epoch 180: loss = 0.617030 delta_mae_pts = 0.3907 recap_mae_pts = 0.3907 cat_mae_pts = 0.4981 total_mae_pts = 1.2090 vs_inertia_pts = 0.0230 vs_quad_pts = 0.2555 lr_base = 0.000462 lr_mult = 0.0313 lr_eff = 0.000030 mon_cov = 0.946 mon_score = 3.9745 progress = 181/400 epoch_sec = 89.7 avg_epoch_sec = 94.7 elapsed = 04:45:42 eta = 05:45:41
Epoch 180 memory(end): tensors=219, buffers=219, bytes=14.7MB

Epoch 181: Weights {"totalWeight":0.1,"recapWeight":0.05,"deltaWeight":9.75,"categoryWeight":0.05,"quantileWeight":0.6355999999999999,"consistencyWeight":0,"identityDropoutRate":0.6152500000000001}, Scales {"judgeBias":1,"corps":1}, SeqLen 15, ID_Drop 0.625, WFW 1.500 
Epoch 181 memory(start): tensors=219, buffers=219, bytes=14.7MB

History Bucket Diagnostics (Avg Abs Error per sample, normalized units):
Hist | Count | MAE_Pred | MAE_Base | PredDevFromBase
-----|-------|----------|----------|----------------
0    | 8     | 0.7600   | 3.7696   | 3.9760 
1    | 9     | 0.6717   | 0.9160   | 0.8082 
2    | 11    | 0.5125   | 0.5551   | 0.5395 
3-5  | 59    | 0.4904   | 0.3926   | 0.4479 
6+   | 276   | 0.3451   | 0.2990   | 0.3535 

Epoch 181: loss = 0.613766 delta_mae_pts = 0.3911 recap_mae_pts = 0.3911 cat_mae_pts = 0.4978 total_mae_pts = 1.1975 vs_inertia_pts = 0.0227 vs_quad_pts = 0.2551 lr_base = 0.000459 lr_mult = 0.0313 lr_eff = 0.000030 mon_cov = 0.946 mon_score = 3.9771 progress = 182/400 epoch_sec = 97.7 avg_epoch_sec = 94.7 elapsed = 04:47:20 eta = 05:44:10
Epoch 181 memory(end): tensors=219, buffers=219, bytes=14.7MB

Epoch 182: Weights {"totalWeight":0.1,"recapWeight":0.05,"deltaWeight":9.75,"categoryWeight":0.05,"quantileWeight":0.6392,"consistencyWeight":0,"identityDropoutRate":0.6105}, Scales {"judgeBias":1,"corps":1}, SeqLen 15, ID_Drop 0.608, WFW 1.500 
Epoch 182 memory(start): tensors=219, buffers=219, bytes=14.7MB

History Bucket Diagnostics (Avg Abs Error per sample, normalized units):
Hist | Count | MAE_Pred | MAE_Base | PredDevFromBase
-----|-------|----------|----------|----------------
0    | 8     | 0.7853   | 3.7696   | 3.9888 
1    | 9     | 0.6778   | 0.9160   | 0.8110 
2    | 11    | 0.5134   | 0.5551   | 0.5446 
3-5  | 59    | 0.4924   | 0.3926   | 0.4499 
6+   | 276   | 0.3455   | 0.2990   | 0.3546 

Epoch 182: loss = 0.617226 delta_mae_pts = 0.3924 recap_mae_pts = 0.3924 cat_mae_pts = 0.5001 total_mae_pts = 1.2067 vs_inertia_pts = 0.0214 vs_quad_pts = 0.2538 lr_base = 0.000456 lr_mult = 0.0313 lr_eff = 0.000030 mon_cov = 0.947 mon_score = 3.9908 progress = 183/400 epoch_sec = 81.1 avg_epoch_sec = 94.6 elapsed = 04:48:41 eta = 05:42:19
Epoch 182 memory(end): tensors=219, buffers=219, bytes=14.7MB

Epoch 183: Weights {"totalWeight":0.1,"recapWeight":0.05,"deltaWeight":9.75,"categoryWeight":0.05,"quantileWeight":0.6428,"consistencyWeight":0,"identityDropoutRate":0.60575}, Scales {"judgeBias":1,"corps":1}, SeqLen 15, ID_Drop 0.615, WFW 1.500 
Epoch 183 memory(start): tensors=219, buffers=219, bytes=14.7MB

History Bucket Diagnostics (Avg Abs Error per sample, normalized units):
Hist | Count | MAE_Pred | MAE_Base | PredDevFromBase
-----|-------|----------|----------|----------------
0    | 8     | 0.7726   | 3.7696   | 3.9915 
1    | 9     | 0.6723   | 0.9160   | 0.8048 
2    | 11    | 0.5105   | 0.5551   | 0.5409 
3-5  | 59    | 0.4939   | 0.3926   | 0.4456 
6+   | 276   | 0.3458   | 0.2990   | 0.3513 

Epoch 183: loss = 0.614072 delta_mae_pts = 0.3923 recap_mae_pts = 0.3923 cat_mae_pts = 0.5004 total_mae_pts = 1.2131 vs_inertia_pts = 0.0214 vs_quad_pts = 0.2538 lr_base = 0.000453 lr_mult = 0.0313 lr_eff = 0.000030 mon_cov = 0.947 mon_score = 3.9913 progress = 184/400 epoch_sec = 92.6 avg_epoch_sec = 94.6 elapsed = 04:50:13 eta = 05:40:42
Epoch 183 memory(end): tensors=219, buffers=219, bytes=14.7MB

Epoch 184: Weights {"totalWeight":0.1,"recapWeight":0.05,"deltaWeight":9.75,"categoryWeight":0.05,"quantileWeight":0.6464000000000001,"consistencyWeight":0,"identityDropoutRate":0.601}, Scales {"judgeBias":1,"corps":1}, SeqLen 15, ID_Drop 0.605, WFW 1.500 
Epoch 184 memory(start): tensors=219, buffers=219, bytes=14.7MB

History Bucket Diagnostics (Avg Abs Error per sample, normalized units):
Hist | Count | MAE_Pred | MAE_Base | PredDevFromBase
-----|-------|----------|----------|----------------
0    | 8     | 0.7713   | 3.7696   | 3.9764 
1    | 9     | 0.6718   | 0.9160   | 0.7948 
2    | 11    | 0.5066   | 0.5551   | 0.5408 
3-5  | 59    | 0.4939   | 0.3926   | 0.4465 
6+   | 276   | 0.3450   | 0.2990   | 0.3523 

Epoch 184: loss = 0.613564 delta_mae_pts = 0.3916 recap_mae_pts = 0.3916 cat_mae_pts = 0.5002 total_mae_pts = 1.2087 vs_inertia_pts = 0.0221 vs_quad_pts = 0.2545 lr_base = 0.000451 lr_mult = 0.0313 lr_eff = 0.000030 mon_cov = 0.947 mon_score = 3.9839 progress = 185/400 epoch_sec = 99.2 avg_epoch_sec = 94.7 elapsed = 04:51:53 eta = 05:39:12
Epoch 184 memory(end): tensors=219, buffers=219, bytes=14.7MB

Epoch 185: Weights {"totalWeight":0.1,"recapWeight":0.05,"deltaWeight":9.75,"categoryWeight":0.05,"quantileWeight":0.65,"consistencyWeight":0,"identityDropoutRate":0.59625}, Scales {"judgeBias":1,"corps":1}, SeqLen 15, ID_Drop 0.600, WFW 1.500 
Epoch 185 memory(start): tensors=219, buffers=219, bytes=14.7MB

History Bucket Diagnostics (Avg Abs Error per sample, normalized units):
Hist | Count | MAE_Pred | MAE_Base | PredDevFromBase
-----|-------|----------|----------|----------------
0    | 8     | 0.7608   | 3.7696   | 3.9656 
1    | 9     | 0.6757   | 0.9160   | 0.7996 
2    | 11    | 0.5148   | 0.5551   | 0.5410 
3-5  | 59    | 0.5012   | 0.3926   | 0.4526 
6+   | 276   | 0.3469   | 0.2990   | 0.3547 

Epoch 185: loss = 0.614376 delta_mae_pts = 0.3943 recap_mae_pts = 0.3943 cat_mae_pts = 0.5034 total_mae_pts = 1.2139 vs_inertia_pts = 0.0194 vs_quad_pts = 0.2518 lr_base = 0.000448 lr_mult = 0.0313 lr_eff = 0.000030 mon_cov = 0.946 mon_score = 4.0111 progress = 186/400 epoch_sec = 99.7 avg_epoch_sec = 94.7 elapsed = 04:53:32 eta = 05:37:44
Epoch 185 memory(end): tensors=219, buffers=219, bytes=14.7MB

Epoch 186: Weights {"totalWeight":0.1,"recapWeight":0.05,"deltaWeight":9.75,"categoryWeight":0.05,"quantileWeight":0.6536,"consistencyWeight":0,"identityDropoutRate":0.5915}, Scales {"judgeBias":1,"corps":1}, SeqLen 15, ID_Drop 0.601, WFW 1.500 
Epoch 186 memory(start): tensors=219, buffers=219, bytes=14.7MB

History Bucket Diagnostics (Avg Abs Error per sample, normalized units):
Hist | Count | MAE_Pred | MAE_Base | PredDevFromBase
-----|-------|----------|----------|----------------
0    | 8     | 0.8097   | 3.7696   | 4.0088 
1    | 9     | 0.6712   | 0.9160   | 0.7824 
2    | 11    | 0.5115   | 0.5551   | 0.5265 
3-5  | 59    | 0.5113   | 0.3926   | 0.4511 
6+   | 276   | 0.3492   | 0.2990   | 0.3532 

Epoch 186: loss = 0.614084 delta_mae_pts = 0.3986 recap_mae_pts = 0.3986 cat_mae_pts = 0.5137 total_mae_pts = 1.2599 vs_inertia_pts = 0.0151 vs_quad_pts = 0.2476 lr_base = 0.000445 lr_mult = 0.0313 lr_eff = 0.000030 mon_cov = 0.942 mon_score = 4.0580 progress = 187/400 epoch_sec = 100.4 avg_epoch_sec = 94.7 elapsed = 04:55:13 eta = 05:36:15
Epoch 186 memory(end): tensors=219, buffers=219, bytes=14.7MB

Epoch 187: Weights {"totalWeight":0.1,"recapWeight":0.05,"deltaWeight":9.75,"categoryWeight":0.05,"quantileWeight":0.6572,"consistencyWeight":0,"identityDropoutRate":0.58675}, Scales {"judgeBias":1,"corps":1}, SeqLen 15, ID_Drop 0.606, WFW 1.500 
Epoch 187 memory(start): tensors=219, buffers=219, bytes=14.7MB

History Bucket Diagnostics (Avg Abs Error per sample, normalized units):
Hist | Count | MAE_Pred | MAE_Base | PredDevFromBase
-----|-------|----------|----------|----------------
0    | 8     | 0.7792   | 3.7696   | 3.9849 
1    | 9     | 0.6656   | 0.9160   | 0.8026 
2    | 11    | 0.5110   | 0.5551   | 0.5345 
3-5  | 59    | 0.4942   | 0.3926   | 0.4471 
6+   | 276   | 0.3436   | 0.2990   | 0.3513 

Epoch 187: loss = 0.616338 delta_mae_pts = 0.3908 recap_mae_pts = 0.3908 cat_mae_pts = 0.5005 total_mae_pts = 1.2096 vs_inertia_pts = 0.0230 vs_quad_pts = 0.2554 lr_base = 0.000442 lr_mult = 0.0313 lr_eff = 0.000030 mon_cov = 0.947 mon_score = 3.9755 progress = 188/400 epoch_sec = 98.9 avg_epoch_sec = 94.7 elapsed = 04:56:52 eta = 05:34:45
Epoch 187 memory(end): tensors=219, buffers=219, bytes=14.7MB

Epoch 188: Weights {"totalWeight":0.1,"recapWeight":0.05,"deltaWeight":9.75,"categoryWeight":0.05,"quantileWeight":0.6608,"consistencyWeight":0,"identityDropoutRate":0.5820000000000001}, Scales {"judgeBias":1,"corps":1}, SeqLen 15, ID_Drop 0.580, WFW 1.500 
Epoch 188 memory(start): tensors=219, buffers=219, bytes=14.7MB

History Bucket Diagnostics (Avg Abs Error per sample, normalized units):
Hist | Count | MAE_Pred | MAE_Base | PredDevFromBase
-----|-------|----------|----------|----------------
0    | 8     | 0.7837   | 3.7696   | 3.9847 
1    | 9     | 0.6761   | 0.9160   | 0.7936 
2    | 11    | 0.5136   | 0.5551   | 0.5391 
3-5  | 59    | 0.5045   | 0.3926   | 0.4516 
6+   | 276   | 0.3490   | 0.2990   | 0.3547 

Epoch 188: loss = 0.611529 delta_mae_pts = 0.3969 recap_mae_pts = 0.3969 cat_mae_pts = 0.5095 total_mae_pts = 1.2360 vs_inertia_pts = 0.0168 vs_quad_pts = 0.2492 lr_base = 0.000439 lr_mult = 0.0313 lr_eff = 0.000030 mon_cov = 0.943 mon_score = 4.0390 progress = 189/400 epoch_sec = 96.8 avg_epoch_sec = 94.8 elapsed = 04:58:28 eta = 05:33:13
Epoch 188 memory(end): tensors=219, buffers=219, bytes=14.7MB

Epoch 189: Weights {"totalWeight":0.1,"recapWeight":0.05,"deltaWeight":9.75,"categoryWeight":0.05,"quantileWeight":0.6644000000000001,"consistencyWeight":0,"identityDropoutRate":0.57725}, Scales {"judgeBias":1,"corps":1}, SeqLen 15, ID_Drop 0.580, WFW 1.500 
Epoch 189 memory(start): tensors=219, buffers=219, bytes=14.7MB

History Bucket Diagnostics (Avg Abs Error per sample, normalized units):
Hist | Count | MAE_Pred | MAE_Base | PredDevFromBase
-----|-------|----------|----------|----------------
0    | 8     | 0.7669   | 3.7696   | 3.9836 
1    | 9     | 0.6745   | 0.9160   | 0.8241 
2    | 11    | 0.5127   | 0.5551   | 0.5495 
3-5  | 59    | 0.4927   | 0.3926   | 0.4517 
6+   | 276   | 0.3478   | 0.2990   | 0.3577 

Epoch 189: loss = 0.615957 delta_mae_pts = 0.3937 recap_mae_pts = 0.3937 cat_mae_pts = 0.5029 total_mae_pts = 1.1975 vs_inertia_pts = 0.0201 vs_quad_pts = 0.2525 lr_base = 0.000436 lr_mult = 0.0313 lr_eff = 0.000030 mon_cov = 0.946 mon_score = 4.0029 progress = 190/400 epoch_sec = 99.6 avg_epoch_sec = 94.8 elapsed = 05:00:08 eta = 05:31:44
Epoch 189 memory(end): tensors=219, buffers=219, bytes=14.7MB

Epoch 190: Weights {"totalWeight":0.1,"recapWeight":0.05,"deltaWeight":9.75,"categoryWeight":0.05,"quantileWeight":0.668,"consistencyWeight":0,"identityDropoutRate":0.5725}, Scales {"judgeBias":1,"corps":1}, SeqLen 15, ID_Drop 0.578, WFW 1.500 
Epoch 190 memory(start): tensors=219, buffers=219, bytes=14.7MB

History Bucket Diagnostics (Avg Abs Error per sample, normalized units):
Hist | Count | MAE_Pred | MAE_Base | PredDevFromBase
-----|-------|----------|----------|----------------
0    | 8     | 0.7659   | 3.7696   | 3.9632 
1    | 9     | 0.6746   | 0.9160   | 0.7980 
2    | 11    | 0.5107   | 0.5551   | 0.5321 
3-5  | 59    | 0.5029   | 0.3926   | 0.4482 
6+   | 276   | 0.3484   | 0.2990   | 0.3523 

Epoch 190: loss = 0.614322 delta_mae_pts = 0.3957 recap_mae_pts = 0.3957 cat_mae_pts = 0.5077 total_mae_pts = 1.2293 vs_inertia_pts = 0.0180 vs_quad_pts = 0.2505 lr_base = 0.000433 lr_mult = 0.0313 lr_eff = 0.000030 mon_cov = 0.944 mon_score = 4.0260 progress = 191/400 epoch_sec = 97.3 avg_epoch_sec = 94.8 elapsed = 05:01:45 eta = 05:30:11
Epoch 190 memory(end): tensors=219, buffers=219, bytes=14.7MB

Epoch 191: Weights {"totalWeight":0.1,"recapWeight":0.05,"deltaWeight":9.75,"categoryWeight":0.05,"quantileWeight":0.6716,"consistencyWeight":0,"identityDropoutRate":0.56775}, Scales {"judgeBias":1,"corps":1}, SeqLen 15, ID_Drop 0.579, WFW 1.500 
Epoch 191 memory(start): tensors=219, buffers=219, bytes=14.7MB

History Bucket Diagnostics (Avg Abs Error per sample, normalized units):
Hist | Count | MAE_Pred | MAE_Base | PredDevFromBase
-----|-------|----------|----------|----------------
0    | 8     | 0.7688   | 3.7696   | 3.9836 
1    | 9     | 0.6756   | 0.9160   | 0.8115 
2    | 11    | 0.5143   | 0.5551   | 0.5440 
3-5  | 59    | 0.4988   | 0.3926   | 0.4523 
6+   | 276   | 0.3462   | 0.2990   | 0.3557 

Epoch 191: loss = 0.616360 delta_mae_pts = 0.3936 recap_mae_pts = 0.3936 cat_mae_pts = 0.5019 total_mae_pts = 1.2092 vs_inertia_pts = 0.0201 vs_quad_pts = 0.2526 lr_base = 0.000431 lr_mult = 0.0313 lr_eff = 0.000030 mon_cov = 0.945 mon_score = 4.0033 progress = 192/400 epoch_sec = 96.9 avg_epoch_sec = 94.8 elapsed = 05:03:22 eta = 05:28:39
Epoch 191 memory(end): tensors=219, buffers=219, bytes=14.7MB

Epoch 192: Weights {"totalWeight":0.1,"recapWeight":0.05,"deltaWeight":9.75,"categoryWeight":0.05,"quantileWeight":0.6752,"consistencyWeight":0,"identityDropoutRate":0.563}, Scales {"judgeBias":1,"corps":1}, SeqLen 15, ID_Drop 0.567, WFW 1.500 
Epoch 192 memory(start): tensors=219, buffers=219, bytes=14.7MB

History Bucket Diagnostics (Avg Abs Error per sample, normalized units):
Hist | Count | MAE_Pred | MAE_Base | PredDevFromBase
-----|-------|----------|----------|----------------
0    | 8     | 0.7742   | 3.7696   | 3.9692 
1    | 9     | 0.6781   | 0.9160   | 0.8011 
2    | 11    | 0.5176   | 0.5551   | 0.5362 
3-5  | 59    | 0.5034   | 0.3926   | 0.4516 
6+   | 276   | 0.3475   | 0.2990   | 0.3556 

Epoch 192: loss = 0.615575 delta_mae_pts = 0.3956 recap_mae_pts = 0.3956 cat_mae_pts = 0.5072 total_mae_pts = 1.2394 vs_inertia_pts = 0.0181 vs_quad_pts = 0.2506 lr_base = 0.000428 lr_mult = 0.0313 lr_eff = 0.000030 mon_cov = 0.944 mon_score = 4.0262 progress = 193/400 epoch_sec = 76.0 avg_epoch_sec = 94.7 elapsed = 05:04:38 eta = 05:26:44
Epoch 192 memory(end): tensors=219, buffers=219, bytes=14.7MB

Epoch 193: Weights {"totalWeight":0.1,"recapWeight":0.05,"deltaWeight":9.75,"categoryWeight":0.05,"quantileWeight":0.6788000000000001,"consistencyWeight":0,"identityDropoutRate":0.55825}, Scales {"judgeBias":1,"corps":1}, SeqLen 15, ID_Drop 0.552, WFW 1.500 
Epoch 193 memory(start): tensors=219, buffers=219, bytes=14.7MB

History Bucket Diagnostics (Avg Abs Error per sample, normalized units):
Hist | Count | MAE_Pred | MAE_Base | PredDevFromBase
-----|-------|----------|----------|----------------
0    | 8     | 0.7718   | 3.7696   | 3.9719 
1    | 9     | 0.6756   | 0.9160   | 0.7967 
2    | 11    | 0.5103   | 0.5551   | 0.5342 
3-5  | 59    | 0.5055   | 0.3926   | 0.4483 
6+   | 276   | 0.3476   | 0.2990   | 0.3522 

Epoch 193: loss = 0.611486 delta_mae_pts = 0.3957 recap_mae_pts = 0.3957 cat_mae_pts = 0.5087 total_mae_pts = 1.2451 vs_inertia_pts = 0.0181 vs_quad_pts = 0.2505 lr_base = 0.000425 lr_mult = 0.0313 lr_eff = 0.000030 mon_cov = 0.944 mon_score = 4.0275 progress = 194/400 epoch_sec = 74.1 avg_epoch_sec = 94.6 elapsed = 05:05:52 eta = 05:24:47
Epoch 193 memory(end): tensors=219, buffers=219, bytes=14.7MB

Epoch 194: Weights {"totalWeight":0.1,"recapWeight":0.05,"deltaWeight":9.75,"categoryWeight":0.05,"quantileWeight":0.6824000000000001,"consistencyWeight":0,"identityDropoutRate":0.5535000000000001}, Scales {"judgeBias":1,"corps":1}, SeqLen 15, ID_Drop 0.546, WFW 1.500 
Epoch 194 memory(start): tensors=219, buffers=219, bytes=14.7MB

History Bucket Diagnostics (Avg Abs Error per sample, normalized units):
Hist | Count | MAE_Pred | MAE_Base | PredDevFromBase
-----|-------|----------|----------|----------------
0    | 8     | 0.7603   | 3.7696   | 3.9733 
1    | 9     | 0.6796   | 0.9160   | 0.8056 
2    | 11    | 0.5114   | 0.5551   | 0.5396 
3-5  | 59    | 0.4989   | 0.3926   | 0.4511 
6+   | 276   | 0.3457   | 0.2990   | 0.3543 

Epoch 194: loss = 0.610161 delta_mae_pts = 0.3930 recap_mae_pts = 0.3930 cat_mae_pts = 0.5030 total_mae_pts = 1.2182 vs_inertia_pts = 0.0207 vs_quad_pts = 0.2532 lr_base = 0.000422 lr_mult = 0.0313 lr_eff = 0.000030 mon_cov = 0.946 mon_score = 3.9984 progress = 195/400 epoch_sec = 72.7 avg_epoch_sec = 94.5 elapsed = 05:07:05 eta = 05:22:50
Epoch 194 memory(end): tensors=219, buffers=219, bytes=14.7MB

Epoch 195: Weights {"totalWeight":0.1,"recapWeight":0.05,"deltaWeight":9.75,"categoryWeight":0.05,"quantileWeight":0.686,"consistencyWeight":0,"identityDropoutRate":0.5487500000000001}, Scales {"judgeBias":1,"corps":1}, SeqLen 15, ID_Drop 0.555, WFW 1.500 
Epoch 195 memory(start): tensors=219, buffers=219, bytes=14.7MB

History Bucket Diagnostics (Avg Abs Error per sample, normalized units):
Hist | Count | MAE_Pred | MAE_Base | PredDevFromBase
-----|-------|----------|----------|----------------
0    | 8     | 0.7543   | 3.7696   | 3.9730 
1    | 9     | 0.6711   | 0.9160   | 0.8014 
2    | 11    | 0.5117   | 0.5551   | 0.5429 
3-5  | 59    | 0.4995   | 0.3926   | 0.4485 
6+   | 276   | 0.3473   | 0.2990   | 0.3521 

Epoch 195: loss = 0.606079 delta_mae_pts = 0.3940 recap_mae_pts = 0.3940 cat_mae_pts = 0.5047 total_mae_pts = 1.2278 vs_inertia_pts = 0.0197 vs_quad_pts = 0.2522 lr_base = 0.000419 lr_mult = 0.0313 lr_eff = 0.000030 mon_cov = 0.945 mon_score = 4.0093 progress = 196/400 epoch_sec = 71.7 avg_epoch_sec = 94.4 elapsed = 05:08:17 eta = 05:20:52
Epoch 195 memory(end): tensors=219, buffers=219, bytes=14.7MB

Epoch 196: Weights {"totalWeight":0.1,"recapWeight":0.05,"deltaWeight":9.75,"categoryWeight":0.05,"quantileWeight":0.6896,"consistencyWeight":0,"identityDropoutRate":0.544}, Scales {"judgeBias":1,"corps":1}, SeqLen 15, ID_Drop 0.536, WFW 1.500 
Epoch 196 memory(start): tensors=219, buffers=219, bytes=14.7MB

History Bucket Diagnostics (Avg Abs Error per sample, normalized units):
Hist | Count | MAE_Pred | MAE_Base | PredDevFromBase
-----|-------|----------|----------|----------------
0    | 8     | 0.7687   | 3.7696   | 3.9847 
1    | 9     | 0.6673   | 0.9160   | 0.7958 
2    | 11    | 0.5093   | 0.5551   | 0.5305 
3-5  | 59    | 0.4993   | 0.3926   | 0.4499 
6+   | 276   | 0.3470   | 0.2990   | 0.3531 

Epoch 196: loss = 0.607340 delta_mae_pts = 0.3939 recap_mae_pts = 0.3939 cat_mae_pts = 0.5033 total_mae_pts = 1.2206 vs_inertia_pts = 0.0198 vs_quad_pts = 0.2523 lr_base = 0.000416 lr_mult = 0.0313 lr_eff = 0.000030 mon_cov = 0.946 mon_score = 4.0073 progress = 197/400 epoch_sec = 69.9 avg_epoch_sec = 94.2 elapsed = 05:09:27 eta = 05:18:52
Epoch 196 memory(end): tensors=219, buffers=219, bytes=14.7MB

Epoch 197: Weights {"totalWeight":0.1,"recapWeight":0.05,"deltaWeight":9.75,"categoryWeight":0.05,"quantileWeight":0.6932,"consistencyWeight":0,"identityDropoutRate":0.53925}, Scales {"judgeBias":1,"corps":1}, SeqLen 15, ID_Drop 0.532, WFW 1.500 
Epoch 197 memory(start): tensors=219, buffers=219, bytes=14.7MB

History Bucket Diagnostics (Avg Abs Error per sample, normalized units):
Hist | Count | MAE_Pred | MAE_Base | PredDevFromBase
-----|-------|----------|----------|----------------
0    | 8     | 0.7505   | 3.7696   | 3.9616 
1    | 9     | 0.6691   | 0.9160   | 0.8023 
2    | 11    | 0.5108   | 0.5551   | 0.5425 
3-5  | 59    | 0.4945   | 0.3926   | 0.4477 
6+   | 276   | 0.3451   | 0.2990   | 0.3536 

Epoch 197: loss = 0.610455 delta_mae_pts = 0.3913 recap_mae_pts = 0.3913 cat_mae_pts = 0.4989 total_mae_pts = 1.2076 vs_inertia_pts = 0.0224 vs_quad_pts = 0.2548 lr_base = 0.000413 lr_mult = 0.0313 lr_eff = 0.000030 mon_cov = 0.948 mon_score = 3.9809 progress = 198/400 epoch_sec = 70.0 avg_epoch_sec = 94.1 elapsed = 05:10:37 eta = 05:16:53
Epoch 197 memory(end): tensors=219, buffers=219, bytes=14.7MB

Epoch 198: Weights {"totalWeight":0.1,"recapWeight":0.05,"deltaWeight":9.75,"categoryWeight":0.05,"quantileWeight":0.6968000000000001,"consistencyWeight":0,"identityDropoutRate":0.5345}, Scales {"judgeBias":1,"corps":1}, SeqLen 15, ID_Drop 0.543, WFW 1.500 
Epoch 198 memory(start): tensors=219, buffers=219, bytes=14.7MB

History Bucket Diagnostics (Avg Abs Error per sample, normalized units):
Hist | Count | MAE_Pred | MAE_Base | PredDevFromBase
-----|-------|----------|----------|----------------
0    | 8     | 0.7417   | 3.7696   | 3.9371 
1    | 9     | 0.6778   | 0.9160   | 0.7875 
2    | 11    | 0.5183   | 0.5551   | 0.5367 
3-5  | 59    | 0.4944   | 0.3926   | 0.4452 
6+   | 276   | 0.3470   | 0.2990   | 0.3533 

Epoch 198: loss = 0.618903 delta_mae_pts = 0.3931 recap_mae_pts = 0.3931 cat_mae_pts = 0.4998 total_mae_pts = 1.2037 vs_inertia_pts = 0.0207 vs_quad_pts = 0.2531 lr_base = 0.000410 lr_mult = 0.0313 lr_eff = 0.000030 mon_cov = 0.947 mon_score = 3.9973 progress = 199/400 epoch_sec = 69.9 avg_epoch_sec = 94.0 elapsed = 05:11:47 eta = 05:14:55
Epoch 198 memory(end): tensors=219, buffers=219, bytes=14.7MB

Epoch 199: Weights {"totalWeight":0.1,"recapWeight":0.05,"deltaWeight":9.75,"categoryWeight":0.05,"quantileWeight":0.7004000000000001,"consistencyWeight":0,"identityDropoutRate":0.5297499999999999}, Scales {"judgeBias":1,"corps":1}, SeqLen 15, ID_Drop 0.523, WFW 1.500 
Epoch 199 memory(start): tensors=219, buffers=219, bytes=14.7MB

History Bucket Diagnostics (Avg Abs Error per sample, normalized units):
Hist | Count | MAE_Pred | MAE_Base | PredDevFromBase
-----|-------|----------|----------|----------------
0    | 8     | 0.7478   | 3.7696   | 3.9717 
1    | 9     | 0.6629   | 0.9160   | 0.7984 
2    | 11    | 0.5123   | 0.5551   | 0.5333 
3-5  | 59    | 0.4986   | 0.3926   | 0.4474 
6+   | 276   | 0.3473   | 0.2990   | 0.3505 

Epoch 199: loss = 0.610220 delta_mae_pts = 0.3936 recap_mae_pts = 0.3936 cat_mae_pts = 0.5020 total_mae_pts = 1.2238 vs_inertia_pts = 0.0202 vs_quad_pts = 0.2526 lr_base = 0.000407 lr_mult = 0.0313 lr_eff = 0.000030 mon_cov = 0.946 mon_score = 4.0045 progress = 200/400 epoch_sec = 82.0 avg_epoch_sec = 93.9 elapsed = 05:13:09 eta = 05:13:09
Epoch 199 memory(end): tensors=219, buffers=219, bytes=14.7MB

Epoch 200: Weights {"totalWeight":0.1,"recapWeight":0.05,"deltaWeight":9.75,"categoryWeight":0.05,"quantileWeight":0.7040000000000002,"consistencyWeight":0,"identityDropoutRate":0.525}, Scales {"judgeBias":1,"corps":1}, SeqLen 15, ID_Drop 0.523, WFW 1.500 
Epoch 200 memory(start): tensors=219, buffers=219, bytes=14.7MB

History Bucket Diagnostics (Avg Abs Error per sample, normalized units):
Hist | Count | MAE_Pred | MAE_Base | PredDevFromBase
-----|-------|----------|----------|----------------
0    | 8     | 0.7494   | 3.7696   | 3.9662 
1    | 9     | 0.6703   | 0.9160   | 0.8043 
2    | 11    | 0.5160   | 0.5551   | 0.5491 
3-5  | 59    | 0.4996   | 0.3926   | 0.4581 
6+   | 276   | 0.3474   | 0.2990   | 0.3601 

Epoch 200: loss = 0.611721 delta_mae_pts = 0.3941 recap_mae_pts = 0.3941 cat_mae_pts = 0.5036 total_mae_pts = 1.2048 vs_inertia_pts = 0.0196 vs_quad_pts = 0.2520 lr_base = 0.000404 lr_mult = 0.0313 lr_eff = 0.000030 mon_cov = 0.943 mon_score = 4.0082 progress = 201/400 epoch_sec = 80.5 avg_epoch_sec = 93.9 elapsed = 05:14:29 eta = 05:11:21
Epoch 200 memory(end): tensors=219, buffers=219, bytes=14.7MB

-- - CAPTION STATS(Epoch 200)-- - 
GE1: delta_pts = 0.3751, recap_pts = 0.3751, cov = 0.937, width = 1.9399 
GE2: delta_pts = 0.3792, recap_pts = 0.3792, cov = 0.956, width = 1.9666 
VP: delta_pts = 0.3651, recap_pts = 0.3651, cov = 0.956, width = 1.9940 
VA: delta_pts = 0.3353, recap_pts = 0.3353, cov = 0.978, width = 1.9998 
CG: delta_pts = 0.4346, recap_pts = 0.4346, cov = 0.917, width = 2.0207 
MB: delta_pts = 0.4215, recap_pts = 0.4215, cov = 0.950, width = 1.9771 
MA: delta_pts = 0.3883, recap_pts = 0.3883, cov = 0.939, width = 1.9549 
MP: delta_pts = 0.4539, recap_pts = 0.4539, cov = 0.909, width = 1.9846 
----------------------------------


Epoch 201: Weights {"totalWeight":0.1,"recapWeight":0.05,"deltaWeight":9.75,"categoryWeight":0.05,"quantileWeight":0.7076,"consistencyWeight":0,"identityDropoutRate":0.5202500000000001}, Scales {"judgeBias":1,"corps":1}, SeqLen 15, ID_Drop 0.512, WFW 1.500 
Epoch 201 memory(start): tensors=219, buffers=219, bytes=14.7MB

History Bucket Diagnostics (Avg Abs Error per sample, normalized units):
Hist | Count | MAE_Pred | MAE_Base | PredDevFromBase
-----|-------|----------|----------|----------------
0    | 8     | 0.7644   | 3.7696   | 3.9708 
1    | 9     | 0.6727   | 0.9160   | 0.7881 
2    | 11    | 0.5172   | 0.5551   | 0.5359 
3-5  | 59    | 0.4976   | 0.3926   | 0.4465 
6+   | 276   | 0.3460   | 0.2990   | 0.3519 

Epoch 201: loss = 0.616314 delta_mae_pts = 0.3932 recap_mae_pts = 0.3932 cat_mae_pts = 0.5013 total_mae_pts = 1.2194 vs_inertia_pts = 0.0206 vs_quad_pts = 0.2530 lr_base = 0.000402 lr_mult = 0.0313 lr_eff = 0.000030 mon_cov = 0.948 mon_score = 4.0001 progress = 202/400 epoch_sec = 81.5 avg_epoch_sec = 93.8 elapsed = 05:15:51 eta = 05:09:35
Epoch 201 memory(end): tensors=219, buffers=219, bytes=14.7MB

Epoch 202: Weights {"totalWeight":0.1,"recapWeight":0.05,"deltaWeight":9.75,"categoryWeight":0.05,"quantileWeight":0.7112,"consistencyWeight":0,"identityDropoutRate":0.5155000000000001}, Scales {"judgeBias":1,"corps":1}, SeqLen 15, ID_Drop 0.523, WFW 1.500 
Epoch 202 memory(start): tensors=219, buffers=219, bytes=14.7MB

History Bucket Diagnostics (Avg Abs Error per sample, normalized units):
Hist | Count | MAE_Pred | MAE_Base | PredDevFromBase
-----|-------|----------|----------|----------------
0    | 8     | 0.7552   | 3.7696   | 3.9791 
1    | 9     | 0.6719   | 0.9160   | 0.7951 
2    | 11    | 0.5144   | 0.5551   | 0.5412 
3-5  | 59    | 0.4981   | 0.3926   | 0.4510 
6+   | 276   | 0.3466   | 0.2990   | 0.3538 

Epoch 202: loss = 0.615016 delta_mae_pts = 0.3934 recap_mae_pts = 0.3934 cat_mae_pts = 0.5017 total_mae_pts = 1.2123 vs_inertia_pts = 0.0204 vs_quad_pts = 0.2528 lr_base = 0.000399 lr_mult = 0.0313 lr_eff = 0.000030 mon_cov = 0.947 mon_score = 4.0012 progress = 203/400 epoch_sec = 69.9 avg_epoch_sec = 93.7 elapsed = 05:17:01 eta = 05:07:38
Epoch 202 memory(end): tensors=219, buffers=219, bytes=14.7MB

Epoch 203: Weights {"totalWeight":0.1,"recapWeight":0.05,"deltaWeight":9.75,"categoryWeight":0.05,"quantileWeight":0.7147999999999999,"consistencyWeight":0,"identityDropoutRate":0.51075}, Scales {"judgeBias":1,"corps":1}, SeqLen 15, ID_Drop 0.508, WFW 1.500 
Epoch 203 memory(start): tensors=219, buffers=219, bytes=14.7MB

History Bucket Diagnostics (Avg Abs Error per sample, normalized units):
Hist | Count | MAE_Pred | MAE_Base | PredDevFromBase
-----|-------|----------|----------|----------------
0    | 8     | 0.7466   | 3.7696   | 3.9637 
1    | 9     | 0.6720   | 0.9160   | 0.7877 
2    | 11    | 0.5145   | 0.5551   | 0.5440 
3-5  | 59    | 0.4973   | 0.3926   | 0.4533 
6+   | 276   | 0.3481   | 0.2990   | 0.3558 

Epoch 203: loss = 0.607045 delta_mae_pts = 0.3942 recap_mae_pts = 0.3942 cat_mae_pts = 0.5047 total_mae_pts = 1.2136 vs_inertia_pts = 0.0195 vs_quad_pts = 0.2520 lr_base = 0.000396 lr_mult = 0.0313 lr_eff = 0.000030 mon_cov = 0.946 mon_score = 4.0097 progress = 204/400 epoch_sec = 72.2 avg_epoch_sec = 93.6 elapsed = 05:18:13 eta = 05:05:44
Epoch 203 memory(end): tensors=219, buffers=219, bytes=14.7MB

Epoch 204: Weights {"totalWeight":0.1,"recapWeight":0.05,"deltaWeight":9.75,"categoryWeight":0.05,"quantileWeight":0.7183999999999999,"consistencyWeight":0,"identityDropoutRate":0.506}, Scales {"judgeBias":1,"corps":1}, SeqLen 15, ID_Drop 0.512, WFW 1.500 
Epoch 204 memory(start): tensors=219, buffers=219, bytes=14.7MB

History Bucket Diagnostics (Avg Abs Error per sample, normalized units):
Hist | Count | MAE_Pred | MAE_Base | PredDevFromBase
-----|-------|----------|----------|----------------
0    | 8     | 0.7317   | 3.7696   | 3.9560 
1    | 9     | 0.6762   | 0.9160   | 0.8032 
2    | 11    | 0.5161   | 0.5551   | 0.5479 
3-5  | 59    | 0.4963   | 0.3926   | 0.4514 
6+   | 276   | 0.3462   | 0.2990   | 0.3526 

Epoch 204: loss = 0.613223 delta_mae_pts = 0.3924 recap_mae_pts = 0.3924 cat_mae_pts = 0.5004 total_mae_pts = 1.2066 vs_inertia_pts = 0.0213 vs_quad_pts = 0.2538 lr_base = 0.000393 lr_mult = 0.0313 lr_eff = 0.000030 mon_cov = 0.945 mon_score = 3.9911 progress = 205/400 epoch_sec = 74.0 avg_epoch_sec = 93.5 elapsed = 05:19:27 eta = 05:03:52
Epoch 204 memory(end): tensors=219, buffers=219, bytes=14.7MB

Epoch 205: Weights {"totalWeight":0.1,"recapWeight":0.05,"deltaWeight":9.75,"categoryWeight":0.05,"quantileWeight":0.722,"consistencyWeight":0,"identityDropoutRate":0.50125}, Scales {"judgeBias":1,"corps":1}, SeqLen 15, ID_Drop 0.498, WFW 1.500 
Epoch 205 memory(start): tensors=219, buffers=219, bytes=14.7MB

History Bucket Diagnostics (Avg Abs Error per sample, normalized units):
Hist | Count | MAE_Pred | MAE_Base | PredDevFromBase
-----|-------|----------|----------|----------------
0    | 8     | 0.7693   | 3.7696   | 3.9737 
1    | 9     | 0.6767   | 0.9160   | 0.8000 
2    | 11    | 0.5241   | 0.5551   | 0.5329 
3-5  | 59    | 0.5037   | 0.3926   | 0.4516 
6+   | 276   | 0.3481   | 0.2990   | 0.3538 

Epoch 205: loss = 0.605323 delta_mae_pts = 0.3961 recap_mae_pts = 0.3961 cat_mae_pts = 0.5090 total_mae_pts = 1.2356 vs_inertia_pts = 0.0176 vs_quad_pts = 0.2500 lr_base = 0.000390 lr_mult = 0.0313 lr_eff = 0.000030 mon_cov = 0.948 mon_score = 4.0311 progress = 206/400 epoch_sec = 73.8 avg_epoch_sec = 93.4 elapsed = 05:20:41 eta = 05:02:00
Epoch 205 memory(end): tensors=219, buffers=219, bytes=14.7MB

Epoch 206: Weights {"totalWeight":0.1,"recapWeight":0.05,"deltaWeight":9.75,"categoryWeight":0.05,"quantileWeight":0.7256,"consistencyWeight":0,"identityDropoutRate":0.49650000000000005}, Scales {"judgeBias":1,"corps":1}, SeqLen 15, ID_Drop 0.498, WFW 1.500 
Epoch 206 memory(start): tensors=219, buffers=219, bytes=14.7MB

History Bucket Diagnostics (Avg Abs Error per sample, normalized units):
Hist | Count | MAE_Pred | MAE_Base | PredDevFromBase
-----|-------|----------|----------|----------------
0    | 8     | 0.7675   | 3.7696   | 3.9867 
1    | 9     | 0.6719   | 0.9160   | 0.8094 
2    | 11    | 0.5175   | 0.5551   | 0.5450 
3-5  | 59    | 0.4941   | 0.3926   | 0.4496 
6+   | 276   | 0.3455   | 0.2990   | 0.3541 

Epoch 206: loss = 0.609177 delta_mae_pts = 0.3923 recap_mae_pts = 0.3923 cat_mae_pts = 0.5021 total_mae_pts = 1.2112 vs_inertia_pts = 0.0215 vs_quad_pts = 0.2539 lr_base = 0.000387 lr_mult = 0.0313 lr_eff = 0.000030 mon_cov = 0.946 mon_score = 3.9903 progress = 207/400 epoch_sec = 79.3 avg_epoch_sec = 93.3 elapsed = 05:22:00 eta = 05:00:13
Epoch 206 memory(end): tensors=219, buffers=219, bytes=14.7MB

Epoch 207: Weights {"totalWeight":0.1,"recapWeight":0.05,"deltaWeight":9.75,"categoryWeight":0.05,"quantileWeight":0.7292000000000001,"consistencyWeight":0,"identityDropoutRate":0.49175}, Scales {"judgeBias":1,"corps":1}, SeqLen 15, ID_Drop 0.484, WFW 1.500 
Epoch 207 memory(start): tensors=219, buffers=219, bytes=14.7MB

History Bucket Diagnostics (Avg Abs Error per sample, normalized units):
Hist | Count | MAE_Pred | MAE_Base | PredDevFromBase
-----|-------|----------|----------|----------------
0    | 8     | 0.7672   | 3.7696   | 3.9848 
1    | 9     | 0.6736   | 0.9160   | 0.7976 
2    | 11    | 0.5151   | 0.5551   | 0.5501 
3-5  | 59    | 0.4986   | 0.3926   | 0.4488 
6+   | 276   | 0.3464   | 0.2990   | 0.3531 

Epoch 207: loss = 0.609300 delta_mae_pts = 0.3936 recap_mae_pts = 0.3936 cat_mae_pts = 0.5032 total_mae_pts = 1.2109 vs_inertia_pts = 0.0201 vs_quad_pts = 0.2525 lr_base = 0.000384 lr_mult = 0.0313 lr_eff = 0.000030 mon_cov = 0.946 mon_score = 4.0038 progress = 208/400 epoch_sec = 72.6 avg_epoch_sec = 93.2 elapsed = 05:23:13 eta = 04:58:21
Epoch 207 memory(end): tensors=219, buffers=219, bytes=14.7MB

Epoch 208: Weights {"totalWeight":0.1,"recapWeight":0.05,"deltaWeight":9.75,"categoryWeight":0.05,"quantileWeight":0.7327999999999999,"consistencyWeight":0,"identityDropoutRate":0.487}, Scales {"judgeBias":1,"corps":1}, SeqLen 15, ID_Drop 0.499, WFW 1.500 
Epoch 208 memory(start): tensors=219, buffers=219, bytes=14.7MB

History Bucket Diagnostics (Avg Abs Error per sample, normalized units):
Hist | Count | MAE_Pred | MAE_Base | PredDevFromBase
-----|-------|----------|----------|----------------
0    | 8     | 0.7382   | 3.7696   | 3.9572 
1    | 9     | 0.6703   | 0.9160   | 0.7979 
2    | 11    | 0.5191   | 0.5551   | 0.5370 
3-5  | 59    | 0.4977   | 0.3926   | 0.4496 
6+   | 276   | 0.3465   | 0.2990   | 0.3508 

Epoch 208: loss = 0.612217 delta_mae_pts = 0.3930 recap_mae_pts = 0.3930 cat_mae_pts = 0.5008 total_mae_pts = 1.2096 vs_inertia_pts = 0.0207 vs_quad_pts = 0.2532 lr_base = 0.000381 lr_mult = 0.0313 lr_eff = 0.000030 mon_cov = 0.947 mon_score = 3.9973 progress = 209/400 epoch_sec = 70.9 avg_epoch_sec = 93.1 elapsed = 05:24:23 eta = 04:56:27
Epoch 208 memory(end): tensors=219, buffers=219, bytes=14.7MB

Epoch 209: Weights {"totalWeight":0.1,"recapWeight":0.05,"deltaWeight":9.75,"categoryWeight":0.05,"quantileWeight":0.7363999999999999,"consistencyWeight":0,"identityDropoutRate":0.48224999999999996}, Scales {"judgeBias":1,"corps":1}, SeqLen 15, ID_Drop 0.486, WFW 1.500 
Epoch 209 memory(start): tensors=219, buffers=219, bytes=14.7MB

History Bucket Diagnostics (Avg Abs Error per sample, normalized units):
Hist | Count | MAE_Pred | MAE_Base | PredDevFromBase
-----|-------|----------|----------|----------------
0    | 8     | 0.7908   | 3.7696   | 4.0048 
1    | 9     | 0.6676   | 0.9160   | 0.7983 
2    | 11    | 0.5190   | 0.5551   | 0.5370 
3-5  | 59    | 0.5001   | 0.3926   | 0.4514 
6+   | 276   | 0.3487   | 0.2990   | 0.3548 

Epoch 209: loss = 0.610695 delta_mae_pts = 0.3961 recap_mae_pts = 0.3961 cat_mae_pts = 0.5076 total_mae_pts = 1.2356 vs_inertia_pts = 0.0176 vs_quad_pts = 0.2501 lr_base = 0.000378 lr_mult = 0.0313 lr_eff = 0.000030 mon_cov = 0.946 mon_score = 4.0308 progress = 210/400 epoch_sec = 69.9 avg_epoch_sec = 93.0 elapsed = 05:25:33 eta = 04:54:33
Epoch 209 memory(end): tensors=219, buffers=219, bytes=14.7MB

Epoch 210: Weights {"totalWeight":0.1,"recapWeight":0.05,"deltaWeight":9.75,"categoryWeight":0.05,"quantileWeight":0.74,"consistencyWeight":0,"identityDropoutRate":0.47750000000000004}, Scales {"judgeBias":1,"corps":1}, SeqLen 15, ID_Drop 0.482, WFW 1.500 
Epoch 210 memory(start): tensors=219, buffers=219, bytes=14.7MB

History Bucket Diagnostics (Avg Abs Error per sample, normalized units):
Hist | Count | MAE_Pred | MAE_Base | PredDevFromBase
-----|-------|----------|----------|----------------
0    | 8     | 0.7399   | 3.7696   | 3.9517 
1    | 9     | 0.6755   | 0.9160   | 0.7916 
2    | 11    | 0.5192   | 0.5551   | 0.5455 
3-5  | 59    | 0.5000   | 0.3926   | 0.4537 
6+   | 276   | 0.3465   | 0.2990   | 0.3550 

Epoch 210: loss = 0.608843 delta_mae_pts = 0.3935 recap_mae_pts = 0.3935 cat_mae_pts = 0.5031 total_mae_pts = 1.2084 vs_inertia_pts = 0.0202 vs_quad_pts = 0.2527 lr_base = 0.000376 lr_mult = 0.0313 lr_eff = 0.000030 mon_cov = 0.945 mon_score = 4.0021 progress = 211/400 epoch_sec = 70.4 avg_epoch_sec = 92.9 elapsed = 05:26:44 eta = 04:52:40
Epoch 210 memory(end): tensors=219, buffers=219, bytes=14.7MB

Epoch 211: Weights {"totalWeight":0.1,"recapWeight":0.05,"deltaWeight":9.75,"categoryWeight":0.05,"quantileWeight":0.7436,"consistencyWeight":0,"identityDropoutRate":0.47275}, Scales {"judgeBias":1,"corps":1}, SeqLen 15, ID_Drop 0.472, WFW 1.500 
Epoch 211 memory(start): tensors=219, buffers=219, bytes=14.7MB

History Bucket Diagnostics (Avg Abs Error per sample, normalized units):
Hist | Count | MAE_Pred | MAE_Base | PredDevFromBase
-----|-------|----------|----------|----------------
0    | 8     | 0.7917   | 3.7696   | 3.9969 
1    | 9     | 0.6769   | 0.9160   | 0.8065 
2    | 11    | 0.5185   | 0.5551   | 0.5495 
3-5  | 59    | 0.4926   | 0.3926   | 0.4499 
6+   | 276   | 0.3471   | 0.2990   | 0.3542 

Epoch 211: loss = 0.605611 delta_mae_pts = 0.3939 recap_mae_pts = 0.3939 cat_mae_pts = 0.5022 total_mae_pts = 1.2156 vs_inertia_pts = 0.0198 vs_quad_pts = 0.2523 lr_base = 0.000373 lr_mult = 0.0313 lr_eff = 0.000030 mon_cov = 0.944 mon_score = 4.0067 progress = 212/400 epoch_sec = 76.1 avg_epoch_sec = 92.8 elapsed = 05:28:00 eta = 04:50:52
Epoch 211 memory(end): tensors=219, buffers=219, bytes=14.7MB

Epoch 212: Weights {"totalWeight":0.1,"recapWeight":0.05,"deltaWeight":9.75,"categoryWeight":0.05,"quantileWeight":0.7472000000000001,"consistencyWeight":0,"identityDropoutRate":0.46799999999999997}, Scales {"judgeBias":1,"corps":1}, SeqLen 15, ID_Drop 0.469, WFW 1.500 
Epoch 212 memory(start): tensors=219, buffers=219, bytes=14.7MB

History Bucket Diagnostics (Avg Abs Error per sample, normalized units):
Hist | Count | MAE_Pred | MAE_Base | PredDevFromBase
-----|-------|----------|----------|----------------
0    | 8     | 0.7717   | 3.7696   | 3.9859 
1    | 9     | 0.6760   | 0.9160   | 0.8105 
2    | 11    | 0.5209   | 0.5551   | 0.5547 
3-5  | 59    | 0.4957   | 0.3926   | 0.4535 
6+   | 276   | 0.3473   | 0.2990   | 0.3546 

Epoch 212: loss = 0.608550 delta_mae_pts = 0.3942 recap_mae_pts = 0.3942 cat_mae_pts = 0.5033 total_mae_pts = 1.2085 vs_inertia_pts = 0.0196 vs_quad_pts = 0.2520 lr_base = 0.000370 lr_mult = 0.0313 lr_eff = 0.000030 mon_cov = 0.947 mon_score = 4.0088 progress = 213/400 epoch_sec = 93.7 avg_epoch_sec = 92.8 elapsed = 05:29:34 eta = 04:49:20
Epoch 212 memory(end): tensors=219, buffers=219, bytes=14.7MB

Epoch 213: Weights {"totalWeight":0.1,"recapWeight":0.05,"deltaWeight":9.75,"categoryWeight":0.05,"quantileWeight":0.7507999999999999,"consistencyWeight":0,"identityDropoutRate":0.46325000000000005}, Scales {"judgeBias":1,"corps":1}, SeqLen 15, ID_Drop 0.466, WFW 1.500 
Epoch 213 memory(start): tensors=219, buffers=219, bytes=14.7MB

History Bucket Diagnostics (Avg Abs Error per sample, normalized units):
Hist | Count | MAE_Pred | MAE_Base | PredDevFromBase
-----|-------|----------|----------|----------------
0    | 8     | 0.7727   | 3.7696   | 3.9820 
1    | 9     | 0.6777   | 0.9160   | 0.8103 
2    | 11    | 0.5203   | 0.5551   | 0.5555 
3-5  | 59    | 0.4935   | 0.3926   | 0.4562 
6+   | 276   | 0.3457   | 0.2990   | 0.3570 

Epoch 213: loss = 0.607113 delta_mae_pts = 0.3927 recap_mae_pts = 0.3927 cat_mae_pts = 0.5001 total_mae_pts = 1.1865 vs_inertia_pts = 0.0211 vs_quad_pts = 0.2535 lr_base = 0.000367 lr_mult = 0.0313 lr_eff = 0.000030 mon_cov = 0.946 mon_score = 3.9918 progress = 214/400 epoch_sec = 86.2 avg_epoch_sec = 92.8 elapsed = 05:31:00 eta = 04:47:41
Epoch 213 memory(end): tensors=219, buffers=219, bytes=14.7MB

Epoch 214: Weights {"totalWeight":0.1,"recapWeight":0.05,"deltaWeight":9.75,"categoryWeight":0.05,"quantileWeight":0.7544,"consistencyWeight":0,"identityDropoutRate":0.4585}, Scales {"judgeBias":1,"corps":1}, SeqLen 15, ID_Drop 0.457, WFW 1.500 
Epoch 214 memory(start): tensors=219, buffers=219, bytes=14.7MB

History Bucket Diagnostics (Avg Abs Error per sample, normalized units):
Hist | Count | MAE_Pred | MAE_Base | PredDevFromBase
-----|-------|----------|----------|----------------
0    | 8     | 0.7666   | 3.7696   | 3.9701 
1    | 9     | 0.6753   | 0.9160   | 0.7975 
2    | 11    | 0.5178   | 0.5551   | 0.5424 
3-5  | 59    | 0.4987   | 0.3926   | 0.4545 
6+   | 276   | 0.3498   | 0.2990   | 0.3573 

Epoch 214: loss = 0.605170 delta_mae_pts = 0.3964 recap_mae_pts = 0.3964 cat_mae_pts = 0.5081 total_mae_pts = 1.2240 vs_inertia_pts = 0.0174 vs_quad_pts = 0.2498 lr_base = 0.000364 lr_mult = 0.0313 lr_eff = 0.000030 mon_cov = 0.943 mon_score = 4.0320 progress = 215/400 epoch_sec = 79.5 avg_epoch_sec = 92.7 elapsed = 05:32:19 eta = 04:45:57
Epoch 214 memory(end): tensors=219, buffers=219, bytes=14.7MB
Early stopping at epoch 214 
Selecting final weights: best-checkpoint
Saving final production model to models\v9_subcaption_fixed\v9fix_shared_datefwd_cov4_1779445168283...

--- EVALUATION: validation (363 rows) ---
validation: delta_mae_pts=0.3811, recap_mae_pts=0.3811, total_mae_pts=1.1527, coverage=0.952, width=1.9822

--- EVALUATION: test_all (52 rows) ---
test_all: delta_mae_pts=0.3016, recap_mae_pts=0.3016, total_mae_pts=0.7191, coverage=0.976, width=1.8651

--- EVALUATION: test_world_class (33 rows) ---
test_world_class: delta_mae_pts=0.2755, recap_mae_pts=0.2755, total_mae_pts=0.6900, coverage=0.985, width=1.8367

--- EVALUATION: test_open_class (19 rows) ---
test_open_class: delta_mae_pts=0.3479, recap_mae_pts=0.3479, total_mae_pts=0.8134, coverage=0.961, width=1.9149

--- EVALUATION: test_championship_week (47 rows) ---
test_championship_week: delta_mae_pts=0.3004, recap_mae_pts=0.3004, total_mae_pts=0.6838, coverage=0.976, width=1.8641
Production training complete.
