2026-05-22 20:38:35.606916: I tensorflow/core/platform/cpu_feature_guard.cc:193] This TensorFlow binary is optimized with oneAPI Deep Neural Network Library (oneDNN) to use the following CPU instructions in performance-critical operations:  AVX2
To enable them in other operations, rebuild TensorFlow with the appropriate compiler flags.
Console log file: models\v9_subcaption_fixed\v9fix_shared_datefwd_swa_train_best_export_1779496715721\training.log
coverage-sharpness=4 is aggressive; if training gets unstable, retry with --coverage-sharpness 3.0
Loading V9 sequence data...
Validation split (date-forward) grouped by show/date: 6906 train rows, 363 validation rows.
Saved normalization stats to ./results/v9-subcaption-target-norm.json

AUDIT SUCCESS: Leakage prevention verified for caption blocks
V10 Splits -> Train: 6906, Val: 363, Test: 52 
Baselines(monitoring forecast MAE): zero = 16.4356, mean = 2.0004, ema = 1.1564, quad = 0.6462
Orthogonal initializer is being called on a matrix with more than 2000 (65536) elements: Slowness may result.
Orthogonal initializer is being called on a matrix with more than 2000 (65536) elements: Slowness may result.
Orthogonal initializer is being called on a matrix with more than 2000 (16384) elements: Slowness may result.
Orthogonal initializer is being called on a matrix with more than 2000 (16384) elements: Slowness may result.
___________________________________________________________________________________________________________________
Layer (type)               Input Shape                 Output shape             Param #     Receives inputs        
===================================================================================================================
sequence (InputLayer)      [[null,15,101]]             [null,15,101]            0                                  
___________________________________________________________________________________________________________________
bidirectional_Bidirectiona [[null,15,101]]             [null,15,256]            235520      sequence[0][0]         
___________________________________________________________________________________________________________________
layer_normalization_LayerN [[null,15,256]]             [null,15,256]            512         bidirectional_Bidirecti
___________________________________________________________________________________________________________________
bidirectional_Bidirectiona [[null,15,256]]             [null,15,128]            164352      layer_normalization_Lay
___________________________________________________________________________________________________________________
layer_normalization_LayerN [[null,15,128]]             [null,15,128]            256         bidirectional_Bidirecti
___________________________________________________________________________________________________________________
dense_Dense1 (Dense)       [[null,15,128]]             [null,15,1]              129         layer_normalization_Lay
___________________________________________________________________________________________________________________
reshape_Reshape1 (Reshape) [[null,15,1]]               [null,15]                0           dense_Dense1[0][0]     
___________________________________________________________________________________________________________________
mask (InputLayer)          [[null,15]]                 [null,15]                0                                  
___________________________________________________________________________________________________________________
masked_softmax_MaskedSoftm [[null,15],[null,15]]       [null,15]                0           reshape_Reshape1[0][0] 
                                                                                            mask[0][0]             
___________________________________________________________________________________________________________________
judge_ids (InputLayer)     [[null,8]]                  [null,8]                 0                                  
___________________________________________________________________________________________________________________
agnostic_show_id (InputLay [[null,1]]                  [null,1]                 0                                  
___________________________________________________________________________________________________________________
reshape_Reshape2 (Reshape) [[null,15]]                 [null,15,1]              0           masked_softmax_MaskedSo
___________________________________________________________________________________________________________________
judge_embedding (Embedding [[null,8]]                  [null,8,24]              5880        judge_ids[0][0]        
___________________________________________________________________________________________________________________
agnostic_show_embedding (E [[null,1]]                  [null,1,12]              4188        agnostic_show_id[0][0] 
___________________________________________________________________________________________________________________
attention_pool (AttentionP [[null,15,1],[null,15,128]] [null,128]               0           reshape_Reshape2[0][0] 
                                                                                            layer_normalization_Lay
___________________________________________________________________________________________________________________
static (InputLayer)        [[null,177]]                [null,177]               0                                  
___________________________________________________________________________________________________________________
flatten_Flatten1 (Flatten) [[null,8,24]]               [null,192]               0           judge_embedding[0][0]  
___________________________________________________________________________________________________________________
baseline_recap (InputLayer [[null,8]]                  [null,8]                 0                                  
___________________________________________________________________________________________________________________
last_step (LastStepLayer)  [[null,15,101]]             [null,101]               0           sequence[0][0]         
___________________________________________________________________________________________________________________
flatten_Flatten3 (Flatten) [[null,1,12]]               [null,12]                0           agnostic_show_embedding
___________________________________________________________________________________________________________________
concatenate_Concatenate1 ( [[null,128],[null,177],[nul [null,618]               0           attention_pool[0][0]   
                                                                                            static[0][0]           
                                                                                            flatten_Flatten1[0][0] 
                                                                                            baseline_recap[0][0]   
                                                                                            last_step[0][0]        
                                                                                            flatten_Flatten3[0][0] 
___________________________________________________________________________________________________________________
dense_Dense2 (Dense)       [[null,618]]                [null,512]               316928      concatenate_Concatenate
___________________________________________________________________________________________________________________
dropout_Dropout1 (Dropout) [[null,512]]                [null,512]               0           dense_Dense2[0][0]     
___________________________________________________________________________________________________________________
dense_Dense3 (Dense)       [[null,512]]                [null,256]               131328      dropout_Dropout1[0][0] 
___________________________________________________________________________________________________________________
dropout_Dropout2 (Dropout) [[null,256]]                [null,256]               0           dense_Dense3[0][0]     
___________________________________________________________________________________________________________________
strength (Dense)           [[null,128]]                [null,24]                3096        attention_pool[0][0]   
___________________________________________________________________________________________________________________
corps_id (InputLayer)      [[null,1]]                  [null,1]                 0                                  
___________________________________________________________________________________________________________________
concatenate_Concatenate2 ( [[null,256],[null,177],[nul [null,457]               0           dropout_Dropout2[0][0] 
                                                                                            static[0][0]           
                                                                                            strength[0][0]         
___________________________________________________________________________________________________________________
corps_embedding (Embedding [[null,1]]                  [null,1,20]              14180       corps_id[0][0]         
___________________________________________________________________________________________________________________
accuracy_trunk (Dense)     [[null,457]]                [null,128]               58624       concatenate_Concatenate
___________________________________________________________________________________________________________________
flatten_Flatten2 (Flatten) [[null,1,20]]               [null,20]                0           corps_embedding[0][0]  
___________________________________________________________________________________________________________________
dropout_Dropout3 (Dropout) [[null,128]]                [null,128]               0           accuracy_trunk[0][0]   
___________________________________________________________________________________________________________________
judge_bias_raw (Dense)     [[null,192]]                [null,8]                 1544        flatten_Flatten1[0][0] 
___________________________________________________________________________________________________________________
judge_bias_scale (InputLay [[null,1]]                  [null,1]                 0                                  
___________________________________________________________________________________________________________________
corps_corr_raw (Dense)     [[null,20]]                 [null,8]                 168         flatten_Flatten2[0][0] 
___________________________________________________________________________________________________________________
corps_scale (InputLayer)   [[null,1]]                  [null,1]                 0                                  
___________________________________________________________________________________________________________________
history_len (InputLayer)   [[null,1]]                  [null,1]                 0                                  
___________________________________________________________________________________________________________________
delta_q50_base (Dense)     [[null,128]]                [null,8]                 1032        dropout_Dropout3[0][0] 
___________________________________________________________________________________________________________________
judge_bias_gated (LambdaSc [[null,8],[null,1]]         [null,8]                 0           judge_bias_raw[0][0]   
                                                                                            judge_bias_scale[0][0] 
___________________________________________________________________________________________________________________
corps_corr_gated (LambdaSc [[null,8],[null,1]]         [null,8]                 0           corps_corr_raw[0][0]   
                                                                                            corps_scale[0][0]      
___________________________________________________________________________________________________________________
width_concat (Concatenate) [[null,457],[null,192],[nul [null,650]               0           concatenate_Concatenate
                                                                                            flatten_Flatten1[0][0] 
                                                                                            history_len[0][0]      
___________________________________________________________________________________________________________________
delta_q50 (Add)            [[null,8],[null,8],[null,8] [null,8]                 0           delta_q50_base[0][0]   
                                                                                            judge_bias_gated[0][0] 
                                                                                            corps_corr_gated[0][0] 
___________________________________________________________________________________________________________________
q10_width_raw (Dense)      [[null,650]]                [null,8]                 5208        width_concat[0][0]     
___________________________________________________________________________________________________________________
q10_width (Activation)     [[null,8]]                  [null,8]                 0           q10_width_raw[0][0]    
___________________________________________________________________________________________________________________
q90_width_raw (Dense)      [[null,650]]                [null,8]                 5208        width_concat[0][0]     
___________________________________________________________________________________________________________________
recap_head (RecapLayer)    [[null,8],[null,8]]         [null,8]                 0           delta_q50[0][0]        
                                                                                            baseline_recap[0][0]   
___________________________________________________________________________________________________________________
q10_width_neg (NegationLay [[null,8]]                  [null,8]                 0           q10_width[0][0]        
___________________________________________________________________________________________________________________
q90_width (Activation)     [[null,8]]                  [null,8]                 0           q90_width_raw[0][0]    
___________________________________________________________________________________________________________________
category_head (CategoryLay [[null,8]]                  [null,3]                 0           recap_head[0][0]       
___________________________________________________________________________________________________________________
q10_delta (Add)            [[null,8],[null,8]]         [null,8]                 0           delta_q50[0][0]        
                                                                                            q10_width_neg[0][0]    
___________________________________________________________________________________________________________________
q90_delta (Add)            [[null,8],[null,8]]         [null,8]                 0           delta_q50[0][0]        
                                                                                            q90_width[0][0]        
___________________________________________________________________________________________________________________
total_head (TotalLayer)    [[null,3]]                  [null,1]                 0           category_head[0][0]    
___________________________________________________________________________________________________________________
output (Concatenate)       [[null,8],[null,8],[null,8] [null,36]                0           q10_delta[0][0]        
                                                                                            delta_q50[0][0]        
                                                                                            q90_delta[0][0]        
                                                                                            recap_head[0][0]       
                                                                                            category_head[0][0]    
                                                                                            total_head[0][0]       
===================================================================================================================
Total params: 948153
Trainable params: 948153
Non-trainable params: 0
___________________________________________________________________________________________________________________

--- DERIVATION EXACTNESS CHECK ---
MaskedSoftmax shapes: [ 1, 15 ] [ 1, 15 ] [ 1, 15 ] [ 1, 15 ]
Recap Points: [
  '14.95', '14.95',
  '14.99', '14.87',
  '14.81', '14.95',
  '15.10', '15.23'
]
GE: Derived = 29.91, Expected = 29.91 
Visual: Derived = 22.34, Expected = 22.34 
Music: Derived = 22.64, Expected = 22.64 
Total: Derived = 74.88, Expected = 74.88 
DERIVATION CHECK SUCCESS

--- SCALE SANITY TEST ---
Sample Row Total: 71.15 (expecting DCI scale, not sum - of - 8)
Sum - of - 8: 113.60 
SCALE SANITY SUCCESS: target total is on DCI scale.


=== V9-IMPROVED: Enhanced Model for 0.2 MAE Target ===
Hyperparameters: lstm1=128, lstm2=64, dropout=0.2, lr=0.00075, batch=128, width_floor_pts=0.5, width_target_pts=2.5, width_penalty=0.5, coverage_target=0.8-0.85, over_coverage_weight=2, width_floor_schedule=0.1->1.5, baseline_dropout=0.1, baseline_noise_std=0.25
Curriculum: phaseAEnd=10, phaseBEnd=40, phaseCRamp=80, judgeScaleRamp=40, corpsScaleStart=25, corpsScaleRamp=35, auto=true, autoPatience=6, autoMinCoverage=0.9, autoMinDeltaGain=0.002
Model Capacity: 256→128 BiLSTM, Dense 512→256, AccuracyTrunk 128, Judge Emb 24, Corps Emb 20, Show Emb 12
Cached 363 validation samples(seqLen = 15, identityDropout = 0.0)

Epoch 0: Phase A (A_end=10, B_end=40, C_ramp=80) Weights {"totalWeight":0.05,"recapWeight":1,"deltaWeight":0.2,"categoryWeight":0.05,"quantileWeight":0.02,"consistencyWeight":0,"identityDropoutRate":0.95}, Scales {"judgeBias":0,"corps":0}, SeqLen 5, ID_Drop 0.948, WFW 0.100 
Epoch 0 memory(start): tensors=102, buffers=102, bytes=3.6MB

History Bucket Diagnostics (Avg Abs Error per sample, normalized units):
Hist | Count | MAE_Pred | MAE_Base | PredDevFromBase
-----|-------|----------|----------|----------------
0    | 8     | 3.7799   | 3.7696   | 0.5462 
1    | 9     | 1.3072   | 0.9160   | 0.7150 
2    | 11    | 0.8852   | 0.5551   | 0.5833 
3-5  | 59    | 0.5632   | 0.3926   | 0.4588 
6+   | 276   | 0.5473   | 0.2990   | 0.4670 

Epoch 0: loss = 0.741937 phase = A val_loss = 0.385418 delta_mae_pts = 0.6502 recap_mae_pts = 0.6502 cat_mae_pts = 0.7912 total_mae_pts = 1.5879 vs_inertia_pts = -0.2365 vs_quad_pts = -0.0040 lr_base = 0.000075 lr_mult = 1.0000 lr_eff = 0.000075 mon_cov = 0.253 mon_score = 2.2381 progress = 1/400 epoch_sec = 70.7 avg_epoch_sec = 70.7 elapsed = 00:01:11 eta = 07:50:13
Epoch 0 memory(end): tensors=180, buffers=180, bytes=11.1MB

-- - CAPTION STATS(Epoch 0)-- - 
GE1: delta_pts = 0.5269, recap_pts = 0.5269, cov = 0.463, width = 1.0454 
GE2: delta_pts = 0.6102, recap_pts = 0.6102, cov = 0.355, width = 0.8079 
VP: delta_pts = 0.7117, recap_pts = 0.7117, cov = 0.375, width = 0.7347 
VA: delta_pts = 0.7908, recap_pts = 0.7908, cov = 0.105, width = 0.3094 
CG: delta_pts = 0.7577, recap_pts = 0.7577, cov = 0.129, width = 0.3393 
MB: delta_pts = 0.4994, recap_pts = 0.4994, cov = 0.185, width = 0.2922 
MA: delta_pts = 0.6500, recap_pts = 0.6500, cov = 0.129, width = 0.2402 
MP: delta_pts = 0.6549, recap_pts = 0.6549, cov = 0.287, width = 0.6061 
----------------------------------

Saved BEST-DELTA checkpoint @epoch 0 delta_mae_pts = 0.6502 monitor_score = 2.2381 -> models\v9_subcaption_fixed\v9fix_shared_datefwd_swa_train_best_export_1779496715721\best 
Saved BEST-LOSS checkpoint @epoch 0 val_loss = 0.385418 delta_mae_pts = 0.6502 -> models\v9_subcaption_fixed\v9fix_shared_datefwd_swa_train_best_export_1779496715721\best_loss 
Saved BEST-PHASE-A checkpoint @epoch 0 delta_mae_pts = 0.6502 -> models\v9_subcaption_fixed\v9fix_shared_datefwd_swa_train_best_export_1779496715721\best_phase_a 
[curriculum] phase=A age=1/10 delta=0.6502 phase_best=0.6502 stall=0/6 cov=0.253/0.900 min=wait cov_gate=wait next=hold

Epoch 1: Phase A (A_end=10, B_end=40, C_ramp=80) Weights {"totalWeight":0.05,"recapWeight":1,"deltaWeight":0.2,"categoryWeight":0.05,"quantileWeight":0.02,"consistencyWeight":0,"identityDropoutRate":0.95}, Scales {"judgeBias":0.025,"corps":0}, SeqLen 5, ID_Drop 0.951, WFW 0.100 
Epoch 1 memory(start): tensors=258, buffers=180, bytes=18.3MB

History Bucket Diagnostics (Avg Abs Error per sample, normalized units):
Hist | Count | MAE_Pred | MAE_Base | PredDevFromBase
-----|-------|----------|----------|----------------
0    | 8     | 3.4584   | 3.7696   | 0.7306 
1    | 9     | 0.8709   | 0.9160   | 0.5987 
2    | 11    | 0.6817   | 0.5551   | 0.5230 
3-5  | 59    | 0.4938   | 0.3926   | 0.4277 
6+   | 276   | 0.4880   | 0.2990   | 0.4018 

Epoch 1: loss = 0.570952 phase = A val_loss = 0.310979 delta_mae_pts = 0.5698 recap_mae_pts = 0.5698 cat_mae_pts = 0.7233 total_mae_pts = 1.5173 vs_inertia_pts = -0.1561 vs_quad_pts = 0.0764 lr_base = 0.000150 lr_mult = 1.0000 lr_eff = 0.000150 mon_cov = 0.628 mon_score = 2.0870 progress = 2/400 epoch_sec = 68.2 avg_epoch_sec = 69.5 elapsed = 00:02:19 eta = 07:40:49
Epoch 1 memory(end): tensors=258, buffers=219, bytes=18.3MB
Saved BEST-DELTA checkpoint @epoch 1 delta_mae_pts = 0.5698 monitor_score = 2.0870 -> models\v9_subcaption_fixed\v9fix_shared_datefwd_swa_train_best_export_1779496715721\best 
Saved BEST-LOSS checkpoint @epoch 1 val_loss = 0.310979 delta_mae_pts = 0.5698 -> models\v9_subcaption_fixed\v9fix_shared_datefwd_swa_train_best_export_1779496715721\best_loss 
Saved BEST-PHASE-A checkpoint @epoch 1 delta_mae_pts = 0.5698 -> models\v9_subcaption_fixed\v9fix_shared_datefwd_swa_train_best_export_1779496715721\best_phase_a 
[curriculum] phase=A age=2/10 delta=0.5698 phase_best=0.5698 stall=0/6 cov=0.628/0.900 min=wait cov_gate=wait next=hold

Epoch 2: Phase A (A_end=10, B_end=40, C_ramp=80) Weights {"totalWeight":0.05,"recapWeight":1,"deltaWeight":0.2,"categoryWeight":0.05,"quantileWeight":0.02,"consistencyWeight":0,"identityDropoutRate":0.95}, Scales {"judgeBias":0.05,"corps":0}, SeqLen 5, ID_Drop 0.951, WFW 0.100 
Epoch 2 memory(start): tensors=258, buffers=180, bytes=18.3MB

History Bucket Diagnostics (Avg Abs Error per sample, normalized units):
Hist | Count | MAE_Pred | MAE_Base | PredDevFromBase
-----|-------|----------|----------|----------------
0    | 8     | 2.1419   | 3.7696   | 1.8363 
1    | 9     | 0.7906   | 0.9160   | 0.7535 
2    | 11    | 0.6533   | 0.5551   | 0.6102 
3-5  | 59    | 0.4771   | 0.3926   | 0.4709 
6+   | 276   | 0.4565   | 0.2990   | 0.4030 

Epoch 2: loss = 0.387624 phase = A val_loss = 0.199599 delta_mae_pts = 0.5112 recap_mae_pts = 0.5112 cat_mae_pts = 0.6278 total_mae_pts = 1.3414 vs_inertia_pts = -0.0975 vs_quad_pts = 0.1350 lr_base = 0.000225 lr_mult = 1.0000 lr_eff = 0.000225 mon_cov = 0.755 mon_score = 1.8526 progress = 3/400 epoch_sec = 67.9 avg_epoch_sec = 68.9 elapsed = 00:03:27 eta = 07:36:07
Epoch 2 memory(end): tensors=258, buffers=219, bytes=18.3MB
Saved BEST-DELTA checkpoint @epoch 2 delta_mae_pts = 0.5112 monitor_score = 1.8526 -> models\v9_subcaption_fixed\v9fix_shared_datefwd_swa_train_best_export_1779496715721\best 
Saved BEST-LOSS checkpoint @epoch 2 val_loss = 0.199599 delta_mae_pts = 0.5112 -> models\v9_subcaption_fixed\v9fix_shared_datefwd_swa_train_best_export_1779496715721\best_loss 
Saved BEST-PHASE-A checkpoint @epoch 2 delta_mae_pts = 0.5112 -> models\v9_subcaption_fixed\v9fix_shared_datefwd_swa_train_best_export_1779496715721\best_phase_a 
[curriculum] phase=A age=3/10 delta=0.5112 phase_best=0.5112 stall=0/6 cov=0.755/0.900 min=wait cov_gate=wait next=hold

Epoch 3: Phase A (A_end=10, B_end=40, C_ramp=80) Weights {"totalWeight":0.05,"recapWeight":1,"deltaWeight":0.2,"categoryWeight":0.05,"quantileWeight":0.02,"consistencyWeight":0,"identityDropoutRate":0.95}, Scales {"judgeBias":0.075,"corps":0}, SeqLen 5, ID_Drop 0.952, WFW 0.100 
Epoch 3 memory(start): tensors=258, buffers=180, bytes=18.3MB

History Bucket Diagnostics (Avg Abs Error per sample, normalized units):
Hist | Count | MAE_Pred | MAE_Base | PredDevFromBase
-----|-------|----------|----------|----------------
0    | 8     | 0.8763   | 3.7696   | 3.1822 
1    | 9     | 0.8251   | 0.9160   | 0.4413 
2    | 11    | 0.6884   | 0.5551   | 0.3540 
3-5  | 59    | 0.5242   | 0.3926   | 0.3299 
6+   | 276   | 0.4373   | 0.2990   | 0.3297 

Epoch 3: loss = 0.269512 phase = A val_loss = 0.145443 delta_mae_pts = 0.4783 recap_mae_pts = 0.4783 cat_mae_pts = 0.6082 total_mae_pts = 1.3824 vs_inertia_pts = -0.0646 vs_quad_pts = 0.1679 lr_base = 0.000300 lr_mult = 1.0000 lr_eff = 0.000300 mon_cov = 0.809 mon_score = 1.8607 progress = 4/400 epoch_sec = 68.9 avg_epoch_sec = 68.9 elapsed = 00:04:36 eta = 07:34:51
Epoch 3 memory(end): tensors=258, buffers=219, bytes=18.3MB
Saved BEST-DELTA checkpoint @epoch 3 delta_mae_pts = 0.4783 monitor_score = 1.8526 -> models\v9_subcaption_fixed\v9fix_shared_datefwd_swa_train_best_export_1779496715721\best 
Saved BEST-LOSS checkpoint @epoch 3 val_loss = 0.145443 delta_mae_pts = 0.4783 -> models\v9_subcaption_fixed\v9fix_shared_datefwd_swa_train_best_export_1779496715721\best_loss 
Saved BEST-PHASE-A checkpoint @epoch 3 delta_mae_pts = 0.4783 -> models\v9_subcaption_fixed\v9fix_shared_datefwd_swa_train_best_export_1779496715721\best_phase_a 
[curriculum] phase=A age=4/10 delta=0.4783 phase_best=0.4783 stall=0/6 cov=0.809/0.900 min=wait cov_gate=wait next=hold

Epoch 4: Phase A (A_end=10, B_end=40, C_ramp=80) Weights {"totalWeight":0.05,"recapWeight":1,"deltaWeight":0.2,"categoryWeight":0.05,"quantileWeight":0.02,"consistencyWeight":0,"identityDropoutRate":0.95}, Scales {"judgeBias":0.1,"corps":0}, SeqLen 5, ID_Drop 0.949, WFW 0.100 
Epoch 4 memory(start): tensors=258, buffers=180, bytes=18.3MB

History Bucket Diagnostics (Avg Abs Error per sample, normalized units):
Hist | Count | MAE_Pred | MAE_Base | PredDevFromBase
-----|-------|----------|----------|----------------
0    | 8     | 0.9555   | 3.7696   | 4.0063 
1    | 9     | 0.7850   | 0.9160   | 0.5945 
2    | 11    | 0.7073   | 0.5551   | 0.3990 
3-5  | 59    | 0.5654   | 0.3926   | 0.3360 
6+   | 276   | 0.4796   | 0.2990   | 0.3381 

Epoch 4: loss = 0.226698 phase = A val_loss = 0.155891 delta_mae_pts = 0.5185 recap_mae_pts = 0.5185 cat_mae_pts = 0.7211 total_mae_pts = 1.8316 vs_inertia_pts = -0.1048 vs_quad_pts = 0.1276 lr_base = 0.000375 lr_mult = 1.0000 lr_eff = 0.000375 mon_cov = 0.832 mon_score = 2.3501 progress = 5/400 epoch_sec = 68.8 avg_epoch_sec = 68.9 elapsed = 00:05:45 eta = 07:33:36
Epoch 4 memory(end): tensors=258, buffers=219, bytes=18.3MB
[curriculum] phase=A age=5/10 delta=0.5185 phase_best=0.4783 stall=1/6 cov=0.832/0.900 min=wait cov_gate=wait next=hold

Epoch 5: Phase A (A_end=10, B_end=40, C_ramp=80) Weights {"totalWeight":0.05,"recapWeight":1,"deltaWeight":0.2,"categoryWeight":0.05,"quantileWeight":0.02,"consistencyWeight":0,"identityDropoutRate":0.95}, Scales {"judgeBias":0.125,"corps":0}, SeqLen 5, ID_Drop 0.952, WFW 0.100 
Epoch 5 memory(start): tensors=258, buffers=219, bytes=18.3MB

History Bucket Diagnostics (Avg Abs Error per sample, normalized units):
Hist | Count | MAE_Pred | MAE_Base | PredDevFromBase
-----|-------|----------|----------|----------------
0    | 8     | 1.0981   | 3.7696   | 3.6007 
1    | 9     | 0.9998   | 0.9160   | 0.4367 
2    | 11    | 0.8523   | 0.5551   | 0.4389 
3-5  | 59    | 0.6000   | 0.3926   | 0.3832 
6+   | 276   | 0.4626   | 0.2990   | 0.3642 

Epoch 5: loss = 0.204423 phase = A val_loss = 0.164307 delta_mae_pts = 0.5241 recap_mae_pts = 0.5241 cat_mae_pts = 0.7293 total_mae_pts = 1.9050 vs_inertia_pts = -0.1104 vs_quad_pts = 0.1221 lr_base = 0.000450 lr_mult = 1.0000 lr_eff = 0.000450 mon_cov = 0.847 mon_score = 2.4291 progress = 6/400 epoch_sec = 79.4 avg_epoch_sec = 70.7 elapsed = 00:07:04 eta = 07:43:58
Epoch 5 memory(end): tensors=258, buffers=219, bytes=18.3MB
[curriculum] phase=A age=6/10 delta=0.5241 phase_best=0.4783 stall=2/6 cov=0.847/0.900 min=ok cov_gate=wait next=hold

Epoch 6: Phase A (A_end=10, B_end=40, C_ramp=80) Weights {"totalWeight":0.05,"recapWeight":1,"deltaWeight":0.2,"categoryWeight":0.05,"quantileWeight":0.02,"consistencyWeight":0,"identityDropoutRate":0.95}, Scales {"judgeBias":0.15,"corps":0}, SeqLen 5, ID_Drop 0.949, WFW 0.100 
Epoch 6 memory(start): tensors=258, buffers=219, bytes=18.3MB

History Bucket Diagnostics (Avg Abs Error per sample, normalized units):
Hist | Count | MAE_Pred | MAE_Base | PredDevFromBase
-----|-------|----------|----------|----------------
0    | 8     | 1.2914   | 3.7696   | 4.4211 
1    | 9     | 0.7009   | 0.9160   | 0.7365 
2    | 11    | 0.6285   | 0.5551   | 0.4545 
3-5  | 59    | 0.4899   | 0.3926   | 0.4238 
6+   | 276   | 0.4195   | 0.2990   | 0.3551 

Epoch 6: loss = 0.185442 phase = A val_loss = 0.141685 delta_mae_pts = 0.4634 recap_mae_pts = 0.4634 cat_mae_pts = 0.6054 total_mae_pts = 1.5398 vs_inertia_pts = -0.0497 vs_quad_pts = 0.1827 lr_base = 0.000525 lr_mult = 1.0000 lr_eff = 0.000525 mon_cov = 0.867 mon_score = 2.0033 progress = 7/400 epoch_sec = 91.3 avg_epoch_sec = 73.6 elapsed = 00:08:35 eta = 08:02:07
Epoch 6 memory(end): tensors=258, buffers=219, bytes=18.3MB
Saved BEST-DELTA checkpoint @epoch 6 delta_mae_pts = 0.4634 monitor_score = 1.8526 -> models\v9_subcaption_fixed\v9fix_shared_datefwd_swa_train_best_export_1779496715721\best 
Saved BEST-LOSS checkpoint @epoch 6 val_loss = 0.141685 delta_mae_pts = 0.4634 -> models\v9_subcaption_fixed\v9fix_shared_datefwd_swa_train_best_export_1779496715721\best_loss 
Saved BEST-PHASE-A checkpoint @epoch 6 delta_mae_pts = 0.4634 -> models\v9_subcaption_fixed\v9fix_shared_datefwd_swa_train_best_export_1779496715721\best_phase_a 
[curriculum] phase=A age=7/10 delta=0.4634 phase_best=0.4634 stall=0/6 cov=0.867/0.900 min=ok cov_gate=wait next=hold

Epoch 7: Phase A (A_end=10, B_end=40, C_ramp=80) Weights {"totalWeight":0.05,"recapWeight":1,"deltaWeight":0.2,"categoryWeight":0.05,"quantileWeight":0.02,"consistencyWeight":0,"identityDropoutRate":0.95}, Scales {"judgeBias":0.175,"corps":0}, SeqLen 5, ID_Drop 0.946, WFW 0.100 
Epoch 7 memory(start): tensors=258, buffers=180, bytes=18.3MB

History Bucket Diagnostics (Avg Abs Error per sample, normalized units):
Hist | Count | MAE_Pred | MAE_Base | PredDevFromBase
-----|-------|----------|----------|----------------
0    | 8     | 0.7576   | 3.7696   | 3.7112 
1    | 9     | 0.7557   | 0.9160   | 0.6618 
2    | 11    | 0.5993   | 0.5551   | 0.4557 
3-5  | 59    | 0.4950   | 0.3926   | 0.4527 
6+   | 276   | 0.4805   | 0.2990   | 0.4579 

Epoch 7: loss = 0.186632 phase = A val_loss = 0.146958 delta_mae_pts = 0.4994 recap_mae_pts = 0.4994 cat_mae_pts = 0.6668 total_mae_pts = 1.6729 vs_inertia_pts = -0.0857 vs_quad_pts = 0.1468 lr_base = 0.000600 lr_mult = 1.0000 lr_eff = 0.000600 mon_cov = 0.860 mon_score = 2.1723 progress = 8/400 epoch_sec = 92.4 avg_epoch_sec = 76.0 elapsed = 00:10:08 eta = 08:16:16
Epoch 7 memory(end): tensors=258, buffers=219, bytes=18.3MB
[curriculum] phase=A age=8/10 delta=0.4994 phase_best=0.4634 stall=1/6 cov=0.860/0.900 min=ok cov_gate=wait next=hold

Epoch 8: Phase A (A_end=10, B_end=40, C_ramp=80) Weights {"totalWeight":0.05,"recapWeight":1,"deltaWeight":0.2,"categoryWeight":0.05,"quantileWeight":0.02,"consistencyWeight":0,"identityDropoutRate":0.95}, Scales {"judgeBias":0.2,"corps":0}, SeqLen 5, ID_Drop 0.951, WFW 0.100 
Epoch 8 memory(start): tensors=258, buffers=219, bytes=18.3MB

History Bucket Diagnostics (Avg Abs Error per sample, normalized units):
Hist | Count | MAE_Pred | MAE_Base | PredDevFromBase
-----|-------|----------|----------|----------------
0    | 8     | 1.0228   | 3.7696   | 4.0859 
1    | 9     | 0.9010   | 0.9160   | 0.6828 
2    | 11    | 0.8607   | 0.5551   | 0.5367 
3-5  | 59    | 0.6636   | 0.3926   | 0.4489 
6+   | 276   | 0.4663   | 0.2990   | 0.3556 

Epoch 8: loss = 0.177815 phase = A val_loss = 0.166805 delta_mae_pts = 0.5333 recap_mae_pts = 0.5333 cat_mae_pts = 0.7357 total_mae_pts = 1.9844 vs_inertia_pts = -0.1196 vs_quad_pts = 0.1128 lr_base = 0.000675 lr_mult = 1.0000 lr_eff = 0.000675 mon_cov = 0.862 mon_score = 2.5177 progress = 9/400 epoch_sec = 91.6 avg_epoch_sec = 77.7 elapsed = 00:11:39 eta = 08:26:21
Epoch 8 memory(end): tensors=258, buffers=219, bytes=18.3MB
[curriculum] phase=A age=9/10 delta=0.5333 phase_best=0.4634 stall=2/6 cov=0.862/0.900 min=ok cov_gate=wait next=hold

Epoch 9: Phase A (A_end=10, B_end=40, C_ramp=80) Weights {"totalWeight":0.05,"recapWeight":1,"deltaWeight":0.2,"categoryWeight":0.05,"quantileWeight":0.02,"consistencyWeight":0,"identityDropoutRate":0.95}, Scales {"judgeBias":0.225,"corps":0}, SeqLen 5, ID_Drop 0.950, WFW 0.100 
Epoch 9 memory(start): tensors=258, buffers=219, bytes=18.3MB

History Bucket Diagnostics (Avg Abs Error per sample, normalized units):
Hist | Count | MAE_Pred | MAE_Base | PredDevFromBase
-----|-------|----------|----------|----------------
0    | 8     | 0.8413   | 3.7696   | 4.1240 
1    | 9     | 0.6532   | 0.9160   | 0.8992 
2    | 11    | 0.6056   | 0.5551   | 0.5409 
3-5  | 59    | 0.4405   | 0.3926   | 0.3513 
6+   | 276   | 0.4085   | 0.2990   | 0.2865 

Epoch 9: loss = 0.172596 phase = A val_loss = 0.128724 delta_mae_pts = 0.4353 recap_mae_pts = 0.4353 cat_mae_pts = 0.5410 total_mae_pts = 1.2528 vs_inertia_pts = -0.0216 vs_quad_pts = 0.2108 lr_base = 0.000750 lr_mult = 1.0000 lr_eff = 0.000750 mon_cov = 0.904 mon_score = 1.6881 progress = 10/400 epoch_sec = 92.3 avg_epoch_sec = 79.2 elapsed = 00:13:12 eta = 08:34:31
Epoch 9 memory(end): tensors=258, buffers=219, bytes=18.3MB
Saved BEST-DELTA checkpoint @epoch 9 delta_mae_pts = 0.4353 monitor_score = 1.6881 -> models\v9_subcaption_fixed\v9fix_shared_datefwd_swa_train_best_export_1779496715721\best 
Saved BEST-LOSS checkpoint @epoch 9 val_loss = 0.128724 delta_mae_pts = 0.4353 -> models\v9_subcaption_fixed\v9fix_shared_datefwd_swa_train_best_export_1779496715721\best_loss 
Saved BEST-PHASE-A checkpoint @epoch 9 delta_mae_pts = 0.4353 -> models\v9_subcaption_fixed\v9fix_shared_datefwd_swa_train_best_export_1779496715721\best_phase_a 
[curriculum] phase=A age=10/10 delta=0.4353 phase_best=0.4353 stall=0/6 cov=0.904/0.900 min=ok cov_gate=ok next=advance:max

--- AUTO CURRICULUM: A -> B at next epoch 10 (reason=max_epoch, delta=0.4353, coverage=0.904) ---

Epoch 10: Phase B (A_end=10, B_end=40, C_ramp=80) Weights {"totalWeight":0,"recapWeight":1,"deltaWeight":0.2,"categoryWeight":0.05,"quantileWeight":0.02,"consistencyWeight":0,"identityDropoutRate":0.95}, Scales {"judgeBias":0.25,"corps":0}, SeqLen 15, ID_Drop 0.948, WFW 0.100 
Epoch 10 memory(start): tensors=258, buffers=180, bytes=18.3MB

History Bucket Diagnostics (Avg Abs Error per sample, normalized units):
Hist | Count | MAE_Pred | MAE_Base | PredDevFromBase
-----|-------|----------|----------|----------------
0    | 8     | 1.4705   | 3.7696   | 4.5247 
1    | 9     | 0.7394   | 0.9160   | 0.6998 
2    | 11    | 0.7086   | 0.5551   | 0.4223 
3-5  | 59    | 0.6092   | 0.3926   | 0.4057 
6+   | 276   | 0.4319   | 0.2990   | 0.3120 

Epoch 10: loss = 0.166020 phase = B val_loss = 0.154634 delta_mae_pts = 0.4996 recap_mae_pts = 0.4996 cat_mae_pts = 0.6878 total_mae_pts = 1.7489 vs_inertia_pts = -0.0859 vs_quad_pts = 0.1466 lr_base = 0.000750 lr_mult = 1.0000 lr_eff = 0.000750 mon_cov = 0.866 mon_score = 2.2485 progress = 11/400 epoch_sec = 91.0 avg_epoch_sec = 80.2 elapsed = 00:14:43 eta = 08:40:10
Epoch 10 memory(end): tensors=258, buffers=219, bytes=18.3MB
Saved BEST-PHASE-B checkpoint @epoch 10 delta_mae_pts = 0.4996 -> models\v9_subcaption_fixed\v9fix_shared_datefwd_swa_train_best_export_1779496715721\best_phase_b 
[curriculum] phase=B age=1/30 delta=0.4996 phase_best=0.4996 stall=0/6 cov=0.866/0.900 min=wait cov_gate=wait next=hold

Epoch 11: Phase B (A_end=10, B_end=40, C_ramp=80) Weights {"totalWeight":0,"recapWeight":0.9766666666666667,"deltaWeight":0.22666666666666668,"categoryWeight":0.05,"quantileWeight":0.02266666666666667,"consistencyWeight":0,"identityDropoutRate":0.95}, Scales {"judgeBias":0.275,"corps":0}, SeqLen 15, ID_Drop 0.956, WFW 0.105 
Epoch 11 memory(start): tensors=258, buffers=219, bytes=18.3MB

History Bucket Diagnostics (Avg Abs Error per sample, normalized units):
Hist | Count | MAE_Pred | MAE_Base | PredDevFromBase
-----|-------|----------|----------|----------------
0    | 8     | 0.5922   | 3.7696   | 3.8931 
1    | 9     | 0.5914   | 0.9160   | 0.7552 
2    | 11    | 0.5560   | 0.5551   | 0.4354 
3-5  | 59    | 0.4662   | 0.3926   | 0.3370 
6+   | 276   | 0.3825   | 0.2990   | 0.2886 

Epoch 11: loss = 0.157730 phase = B val_loss = 0.120206 delta_mae_pts = 0.4112 recap_mae_pts = 0.4112 cat_mae_pts = 0.5016 total_mae_pts = 1.1123 vs_inertia_pts = 0.0025 vs_quad_pts = 0.2350 lr_base = 0.000750 lr_mult = 1.0000 lr_eff = 0.000750 mon_cov = 0.905 mon_score = 1.5235 progress = 12/400 epoch_sec = 91.4 avg_epoch_sec = 81.2 elapsed = 00:16:14 eta = 08:44:51
Epoch 11 memory(end): tensors=258, buffers=219, bytes=18.3MB
Saved BEST-DELTA checkpoint @epoch 11 delta_mae_pts = 0.4112 monitor_score = 1.5235 -> models\v9_subcaption_fixed\v9fix_shared_datefwd_swa_train_best_export_1779496715721\best 
Saved BEST-LOSS checkpoint @epoch 11 val_loss = 0.120206 delta_mae_pts = 0.4112 -> models\v9_subcaption_fixed\v9fix_shared_datefwd_swa_train_best_export_1779496715721\best_loss 
Saved BEST-PHASE-B checkpoint @epoch 11 delta_mae_pts = 0.4112 -> models\v9_subcaption_fixed\v9fix_shared_datefwd_swa_train_best_export_1779496715721\best_phase_b 
[curriculum] phase=B age=2/30 delta=0.4112 phase_best=0.4112 stall=0/6 cov=0.905/0.900 min=wait cov_gate=ok next=hold

Epoch 12: Phase B (A_end=10, B_end=40, C_ramp=80) Weights {"totalWeight":0,"recapWeight":0.9533333333333334,"deltaWeight":0.25333333333333335,"categoryWeight":0.05,"quantileWeight":0.025333333333333333,"consistencyWeight":0,"identityDropoutRate":0.95}, Scales {"judgeBias":0.3,"corps":0}, SeqLen 15, ID_Drop 0.949, WFW 0.118 
Epoch 12 memory(start): tensors=258, buffers=180, bytes=18.3MB

History Bucket Diagnostics (Avg Abs Error per sample, normalized units):
Hist | Count | MAE_Pred | MAE_Base | PredDevFromBase
-----|-------|----------|----------|----------------
0    | 8     | 0.7727   | 3.7696   | 3.8742 
1    | 9     | 0.7187   | 0.9160   | 0.6469 
2    | 11    | 0.5824   | 0.5551   | 0.3663 
3-5  | 59    | 0.4679   | 0.3926   | 0.3228 
6+   | 276   | 0.3729   | 0.2990   | 0.3007 

Epoch 12: loss = 0.158920 phase = B val_loss = 0.125505 delta_mae_pts = 0.4121 recap_mae_pts = 0.4121 cat_mae_pts = 0.5212 total_mae_pts = 1.1964 vs_inertia_pts = 0.0016 vs_quad_pts = 0.2341 lr_base = 0.000750 lr_mult = 1.0000 lr_eff = 0.000750 mon_cov = 0.923 mon_score = 1.6085 progress = 13/400 epoch_sec = 91.5 avg_epoch_sec = 82.0 elapsed = 00:17:45 eta = 08:48:36
Epoch 12 memory(end): tensors=258, buffers=219, bytes=18.3MB
[curriculum] phase=B age=3/30 delta=0.4121 phase_best=0.4112 stall=1/6 cov=0.923/0.900 min=wait cov_gate=ok next=hold

Epoch 13: Phase B (A_end=10, B_end=40, C_ramp=80) Weights {"totalWeight":0,"recapWeight":0.93,"deltaWeight":0.28,"categoryWeight":0.05,"quantileWeight":0.028,"consistencyWeight":0,"identityDropoutRate":0.95}, Scales {"judgeBias":0.325,"corps":0}, SeqLen 15, ID_Drop 0.950, WFW 0.139 
Epoch 13 memory(start): tensors=258, buffers=219, bytes=18.3MB

History Bucket Diagnostics (Avg Abs Error per sample, normalized units):
Hist | Count | MAE_Pred | MAE_Base | PredDevFromBase
-----|-------|----------|----------|----------------
0    | 8     | 1.0617   | 3.7696   | 3.2933 
1    | 9     | 0.7686   | 0.9160   | 0.5304 
2    | 11    | 0.6091   | 0.5551   | 0.4150 
3-5  | 59    | 0.5170   | 0.3926   | 0.3589 
6+   | 276   | 0.3992   | 0.2990   | 0.3005 

Epoch 13: loss = 0.154291 phase = B val_loss = 0.141066 delta_mae_pts = 0.4485 recap_mae_pts = 0.4485 cat_mae_pts = 0.5872 total_mae_pts = 1.4565 vs_inertia_pts = -0.0347 vs_quad_pts = 0.1977 lr_base = 0.000750 lr_mult = 1.0000 lr_eff = 0.000750 mon_cov = 0.902 mon_score = 1.9050 progress = 14/400 epoch_sec = 91.6 avg_epoch_sec = 82.6 elapsed = 00:19:17 eta = 08:51:40
Epoch 13 memory(end): tensors=258, buffers=219, bytes=18.3MB
[curriculum] phase=B age=4/30 delta=0.4485 phase_best=0.4112 stall=2/6 cov=0.902/0.900 min=wait cov_gate=ok next=hold

Epoch 14: Phase B (A_end=10, B_end=40, C_ramp=80) Weights {"totalWeight":0,"recapWeight":0.9066666666666667,"deltaWeight":0.3066666666666667,"categoryWeight":0.05,"quantileWeight":0.03066666666666667,"consistencyWeight":0,"identityDropoutRate":0.95}, Scales {"judgeBias":0.35,"corps":0}, SeqLen 15, ID_Drop 0.949, WFW 0.168 
Epoch 14 memory(start): tensors=258, buffers=219, bytes=18.3MB

History Bucket Diagnostics (Avg Abs Error per sample, normalized units):
Hist | Count | MAE_Pred | MAE_Base | PredDevFromBase
-----|-------|----------|----------|----------------
0    | 8     | 0.7021   | 3.7696   | 3.5795 
1    | 9     | 0.7068   | 0.9160   | 0.7026 
2    | 11    | 0.5326   | 0.5551   | 0.4433 
3-5  | 59    | 0.4450   | 0.3926   | 0.3796 
6+   | 276   | 0.4235   | 0.2990   | 0.4111 

Epoch 14: loss = 0.158166 phase = B val_loss = 0.138299 delta_mae_pts = 0.4435 recap_mae_pts = 0.4435 cat_mae_pts = 0.5772 total_mae_pts = 1.5302 vs_inertia_pts = -0.0297 vs_quad_pts = 0.2027 lr_base = 0.000750 lr_mult = 1.0000 lr_eff = 0.000750 mon_cov = 0.892 mon_score = 1.9736 progress = 15/400 epoch_sec = 91.7 avg_epoch_sec = 83.2 elapsed = 00:20:49 eta = 08:54:10
Epoch 14 memory(end): tensors=258, buffers=219, bytes=18.3MB
[curriculum] phase=B age=5/30 delta=0.4435 phase_best=0.4112 stall=3/6 cov=0.892/0.900 min=wait cov_gate=wait next=hold

Epoch 15: Phase B (A_end=10, B_end=40, C_ramp=80) Weights {"totalWeight":0,"recapWeight":0.8833333333333333,"deltaWeight":0.33333333333333337,"categoryWeight":0.05,"quantileWeight":0.03333333333333333,"consistencyWeight":0,"identityDropoutRate":0.95}, Scales {"judgeBias":0.375,"corps":0}, SeqLen 15, ID_Drop 0.951, WFW 0.204 
Epoch 15 memory(start): tensors=258, buffers=219, bytes=18.3MB

History Bucket Diagnostics (Avg Abs Error per sample, normalized units):
Hist | Count | MAE_Pred | MAE_Base | PredDevFromBase
-----|-------|----------|----------|----------------
0    | 8     | 0.6288   | 3.7696   | 3.9011 
1    | 9     | 0.6658   | 0.9160   | 0.8285 
2    | 11    | 0.4637   | 0.5551   | 0.4535 
3-5  | 59    | 0.4379   | 0.3926   | 0.3191 
6+   | 276   | 0.3821   | 0.2990   | 0.3010 

Epoch 15: loss = 0.149043 phase = B val_loss = 0.129230 delta_mae_pts = 0.4061 recap_mae_pts = 0.4061 cat_mae_pts = 0.5083 total_mae_pts = 1.1090 vs_inertia_pts = 0.0076 vs_quad_pts = 0.2400 lr_base = 0.000750 lr_mult = 1.0000 lr_eff = 0.000750 mon_cov = 0.926 mon_score = 1.5151 progress = 16/400 epoch_sec = 91.8 avg_epoch_sec = 83.8 elapsed = 00:22:21 eta = 08:56:12
Epoch 15 memory(end): tensors=258, buffers=219, bytes=18.3MB
Saved BEST-DELTA checkpoint @epoch 15 delta_mae_pts = 0.4061 monitor_score = 1.5151 -> models\v9_subcaption_fixed\v9fix_shared_datefwd_swa_train_best_export_1779496715721\best 
Saved BEST-PHASE-B checkpoint @epoch 15 delta_mae_pts = 0.4061 -> models\v9_subcaption_fixed\v9fix_shared_datefwd_swa_train_best_export_1779496715721\best_phase_b 
[curriculum] phase=B age=6/30 delta=0.4061 phase_best=0.4061 stall=0/6 cov=0.926/0.900 min=wait cov_gate=ok next=hold

Epoch 16: Phase B (A_end=10, B_end=40, C_ramp=80) Weights {"totalWeight":0,"recapWeight":0.86,"deltaWeight":0.36000000000000004,"categoryWeight":0.05,"quantileWeight":0.036000000000000004,"consistencyWeight":0,"identityDropoutRate":0.95}, Scales {"judgeBias":0.4,"corps":0}, SeqLen 15, ID_Drop 0.949, WFW 0.246 
Epoch 16 memory(start): tensors=258, buffers=219, bytes=18.3MB

History Bucket Diagnostics (Avg Abs Error per sample, normalized units):
Hist | Count | MAE_Pred | MAE_Base | PredDevFromBase
-----|-------|----------|----------|----------------
0    | 8     | 0.6615   | 3.7696   | 3.7645 
1    | 9     | 0.7457   | 0.9160   | 0.5509 
2    | 11    | 0.5236   | 0.5551   | 0.3329 
3-5  | 59    | 0.5094   | 0.3926   | 0.3154 
6+   | 276   | 0.3995   | 0.2990   | 0.2650 

Epoch 16: loss = 0.148372 phase = B val_loss = 0.140173 delta_mae_pts = 0.4355 recap_mae_pts = 0.4355 cat_mae_pts = 0.5763 total_mae_pts = 1.5098 vs_inertia_pts = -0.0218 vs_quad_pts = 0.2107 lr_base = 0.000750 lr_mult = 1.0000 lr_eff = 0.000750 mon_cov = 0.920 mon_score = 1.9453 progress = 17/400 epoch_sec = 91.5 avg_epoch_sec = 84.2 elapsed = 00:23:52 eta = 08:57:43
Epoch 16 memory(end): tensors=258, buffers=258, bytes=18.3MB
[curriculum] phase=B age=7/30 delta=0.4355 phase_best=0.4061 stall=1/6 cov=0.920/0.900 min=wait cov_gate=ok next=hold

Epoch 17: Phase B (A_end=10, B_end=40, C_ramp=80) Weights {"totalWeight":0,"recapWeight":0.8366666666666667,"deltaWeight":0.3866666666666667,"categoryWeight":0.05,"quantileWeight":0.03866666666666667,"consistencyWeight":0,"identityDropoutRate":0.95}, Scales {"judgeBias":0.425,"corps":0}, SeqLen 15, ID_Drop 0.954, WFW 0.293 
Epoch 17 memory(start): tensors=258, buffers=258, bytes=18.3MB

History Bucket Diagnostics (Avg Abs Error per sample, normalized units):
Hist | Count | MAE_Pred | MAE_Base | PredDevFromBase
-----|-------|----------|----------|----------------
0    | 8     | 0.7018   | 3.7696   | 3.8019 
1    | 9     | 0.7226   | 0.9160   | 0.5511 
2    | 11    | 0.5628   | 0.5551   | 0.4185 
3-5  | 59    | 0.5346   | 0.3926   | 0.3892 
6+   | 276   | 0.3778   | 0.2990   | 0.3095 

Epoch 17: loss = 0.148060 phase = B val_loss = 0.141684 delta_mae_pts = 0.4246 recap_mae_pts = 0.4246 cat_mae_pts = 0.5511 total_mae_pts = 1.4405 vs_inertia_pts = -0.0109 vs_quad_pts = 0.2216 lr_base = 0.000749 lr_mult = 1.0000 lr_eff = 0.000749 mon_cov = 0.917 mon_score = 1.8651 progress = 18/400 epoch_sec = 91.4 avg_epoch_sec = 84.6 elapsed = 00:25:23 eta = 08:58:51
Epoch 17 memory(end): tensors=258, buffers=258, bytes=18.3MB
[curriculum] phase=B age=8/30 delta=0.4246 phase_best=0.4061 stall=2/6 cov=0.917/0.900 min=wait cov_gate=ok next=hold

Epoch 18: Phase B (A_end=10, B_end=40, C_ramp=80) Weights {"totalWeight":0,"recapWeight":0.8133333333333334,"deltaWeight":0.41333333333333333,"categoryWeight":0.05,"quantileWeight":0.04133333333333333,"consistencyWeight":0,"identityDropoutRate":0.95}, Scales {"judgeBias":0.45,"corps":0}, SeqLen 15, ID_Drop 0.951, WFW 0.346 
Epoch 18 memory(start): tensors=258, buffers=258, bytes=18.3MB

History Bucket Diagnostics (Avg Abs Error per sample, normalized units):
Hist | Count | MAE_Pred | MAE_Base | PredDevFromBase
-----|-------|----------|----------|----------------
0    | 8     | 0.6668   | 3.7696   | 3.6091 
1    | 9     | 0.7381   | 0.9160   | 0.5495 
2    | 11    | 0.5533   | 0.5551   | 0.3328 
3-5  | 59    | 0.4807   | 0.3926   | 0.3194 
6+   | 276   | 0.3492   | 0.2990   | 0.2546 

Epoch 18: loss = 0.145005 phase = B val_loss = 0.135478 delta_mae_pts = 0.3934 recap_mae_pts = 0.3934 cat_mae_pts = 0.5127 total_mae_pts = 1.2433 vs_inertia_pts = 0.0203 vs_quad_pts = 0.2528 lr_base = 0.000749 lr_mult = 1.0000 lr_eff = 0.000749 mon_cov = 0.934 mon_score = 1.6367 progress = 19/400 epoch_sec = 91.3 avg_epoch_sec = 85.0 elapsed = 00:26:55 eta = 08:59:41
Epoch 18 memory(end): tensors=258, buffers=258, bytes=18.3MB
Saved BEST-DELTA checkpoint @epoch 18 delta_mae_pts = 0.3934 monitor_score = 1.5151 -> models\v9_subcaption_fixed\v9fix_shared_datefwd_swa_train_best_export_1779496715721\best 
Saved BEST-PHASE-B checkpoint @epoch 18 delta_mae_pts = 0.3934 -> models\v9_subcaption_fixed\v9fix_shared_datefwd_swa_train_best_export_1779496715721\best_phase_b 
[curriculum] phase=B age=9/30 delta=0.3934 phase_best=0.3934 stall=0/6 cov=0.934/0.900 min=wait cov_gate=ok next=hold

Epoch 19: Phase B (A_end=10, B_end=40, C_ramp=80) Weights {"totalWeight":0,"recapWeight":0.79,"deltaWeight":0.44,"categoryWeight":0.05,"quantileWeight":0.044,"consistencyWeight":0,"identityDropoutRate":0.95}, Scales {"judgeBias":0.475,"corps":0}, SeqLen 15, ID_Drop 0.952, WFW 0.402 
Epoch 19 memory(start): tensors=258, buffers=219, bytes=18.3MB

History Bucket Diagnostics (Avg Abs Error per sample, normalized units):
Hist | Count | MAE_Pred | MAE_Base | PredDevFromBase
-----|-------|----------|----------|----------------
0    | 8     | 0.9097   | 3.7696   | 4.1261 
1    | 9     | 0.6887   | 0.9160   | 0.5952 
2    | 11    | 0.5119   | 0.5551   | 0.3326 
3-5  | 59    | 0.4917   | 0.3926   | 0.3193 
6+   | 276   | 0.3560   | 0.2990   | 0.2654 

Epoch 19: loss = 0.152552 phase = B val_loss = 0.139372 delta_mae_pts = 0.4033 recap_mae_pts = 0.4033 cat_mae_pts = 0.5113 total_mae_pts = 1.2590 vs_inertia_pts = 0.0105 vs_quad_pts = 0.2429 lr_base = 0.000749 lr_mult = 1.0000 lr_eff = 0.000749 mon_cov = 0.937 mon_score = 1.6623 progress = 20/400 epoch_sec = 90.3 avg_epoch_sec = 85.3 elapsed = 00:28:25 eta = 08:59:57
Epoch 19 memory(end): tensors=258, buffers=258, bytes=18.3MB
[curriculum] phase=B age=10/30 delta=0.4033 phase_best=0.3934 stall=1/6 cov=0.937/0.900 min=wait cov_gate=ok next=hold

Epoch 20: Phase B (A_end=10, B_end=40, C_ramp=80) Weights {"totalWeight":0,"recapWeight":0.7666666666666667,"deltaWeight":0.4666666666666667,"categoryWeight":0.05,"quantileWeight":0.04666666666666666,"consistencyWeight":0,"identityDropoutRate":0.95}, Scales {"judgeBias":0.5,"corps":0}, SeqLen 15, ID_Drop 0.947, WFW 0.463 
Epoch 20 memory(start): tensors=258, buffers=258, bytes=18.3MB

History Bucket Diagnostics (Avg Abs Error per sample, normalized units):
Hist | Count | MAE_Pred | MAE_Base | PredDevFromBase
-----|-------|----------|----------|----------------
0    | 8     | 0.6494   | 3.7696   | 3.8544 
1    | 9     | 0.6480   | 0.9160   | 0.6342 
2    | 11    | 0.5103   | 0.5551   | 0.3848 
3-5  | 59    | 0.4516   | 0.3926   | 0.2951 
6+   | 276   | 0.3451   | 0.2990   | 0.2593 

Epoch 20: loss = 0.150102 phase = B val_loss = 0.134369 delta_mae_pts = 0.3816 recap_mae_pts = 0.3816 cat_mae_pts = 0.4778 total_mae_pts = 1.0499 vs_inertia_pts = 0.0321 vs_quad_pts = 0.2645 lr_base = 0.000749 lr_mult = 1.0000 lr_eff = 0.000749 mon_cov = 0.945 mon_score = 1.4315 progress = 21/400 epoch_sec = 93.4 avg_epoch_sec = 85.6 elapsed = 00:29:58 eta = 09:00:58
Epoch 20 memory(end): tensors=258, buffers=258, bytes=18.3MB
Saved BEST-DELTA checkpoint @epoch 20 delta_mae_pts = 0.3816 monitor_score = 1.4315 -> models\v9_subcaption_fixed\v9fix_shared_datefwd_swa_train_best_export_1779496715721\best 
Saved BEST-PHASE-B checkpoint @epoch 20 delta_mae_pts = 0.3816 -> models\v9_subcaption_fixed\v9fix_shared_datefwd_swa_train_best_export_1779496715721\best_phase_b 
[curriculum] phase=B age=11/30 delta=0.3816 phase_best=0.3816 stall=0/6 cov=0.945/0.900 min=wait cov_gate=ok next=hold

Epoch 21: Phase B (A_end=10, B_end=40, C_ramp=80) Weights {"totalWeight":0,"recapWeight":0.7433333333333334,"deltaWeight":0.49333333333333335,"categoryWeight":0.05,"quantileWeight":0.04933333333333333,"consistencyWeight":0,"identityDropoutRate":0.95}, Scales {"judgeBias":0.525,"corps":0}, SeqLen 15, ID_Drop 0.948, WFW 0.527 
Epoch 21 memory(start): tensors=258, buffers=219, bytes=18.3MB

History Bucket Diagnostics (Avg Abs Error per sample, normalized units):
Hist | Count | MAE_Pred | MAE_Base | PredDevFromBase
-----|-------|----------|----------|----------------
0    | 8     | 0.8174   | 3.7696   | 4.0081 
1    | 9     | 0.7103   | 0.9160   | 0.5309 
2    | 11    | 0.4879   | 0.5551   | 0.3319 
3-5  | 59    | 0.4905   | 0.3926   | 0.3069 
6+   | 276   | 0.3488   | 0.2990   | 0.2500 

Epoch 21: loss = 0.152903 phase = B val_loss = 0.142766 delta_mae_pts = 0.3953 recap_mae_pts = 0.3953 cat_mae_pts = 0.5090 total_mae_pts = 1.2307 vs_inertia_pts = 0.0184 vs_quad_pts = 0.2508 lr_base = 0.000749 lr_mult = 1.0000 lr_eff = 0.000749 mon_cov = 0.934 mon_score = 1.6261 progress = 22/400 epoch_sec = 91.4 avg_epoch_sec = 85.9 elapsed = 00:31:30 eta = 09:01:12
Epoch 21 memory(end): tensors=258, buffers=258, bytes=18.3MB
[curriculum] phase=B age=12/30 delta=0.3953 phase_best=0.3816 stall=1/6 cov=0.934/0.900 min=wait cov_gate=ok next=hold

Epoch 22: Phase B (A_end=10, B_end=40, C_ramp=80) Weights {"totalWeight":0,"recapWeight":0.72,"deltaWeight":0.52,"categoryWeight":0.05,"quantileWeight":0.052000000000000005,"consistencyWeight":0,"identityDropoutRate":0.95}, Scales {"judgeBias":0.55,"corps":0}, SeqLen 15, ID_Drop 0.952, WFW 0.593 
Epoch 22 memory(start): tensors=258, buffers=258, bytes=18.3MB

History Bucket Diagnostics (Avg Abs Error per sample, normalized units):
Hist | Count | MAE_Pred | MAE_Base | PredDevFromBase
-----|-------|----------|----------|----------------
0    | 8     | 0.6457   | 3.7696   | 3.5546 
1    | 9     | 0.6561   | 0.9160   | 0.7873 
2    | 11    | 0.5448   | 0.5551   | 0.5383 
3-5  | 59    | 0.3918   | 0.3926   | 0.3946 
6+   | 276   | 0.3274   | 0.2990   | 0.3054 

Epoch 22: loss = 0.151540 phase = B val_loss = 0.132967 delta_mae_pts = 0.3596 recap_mae_pts = 0.3596 cat_mae_pts = 0.4646 total_mae_pts = 1.1211 vs_inertia_pts = 0.0541 vs_quad_pts = 0.2865 lr_base = 0.000748 lr_mult = 1.0000 lr_eff = 0.000748 mon_cov = 0.959 mon_score = 1.4807 progress = 23/400 epoch_sec = 91.6 avg_epoch_sec = 86.2 elapsed = 00:33:02 eta = 09:01:20
Epoch 22 memory(end): tensors=258, buffers=258, bytes=18.3MB
Saved BEST-DELTA checkpoint @epoch 22 delta_mae_pts = 0.3596 monitor_score = 1.4315 -> models\v9_subcaption_fixed\v9fix_shared_datefwd_swa_train_best_export_1779496715721\best 
Saved BEST-PHASE-B checkpoint @epoch 22 delta_mae_pts = 0.3596 -> models\v9_subcaption_fixed\v9fix_shared_datefwd_swa_train_best_export_1779496715721\best_phase_b 
[curriculum] phase=B age=13/30 delta=0.3596 phase_best=0.3596 stall=0/6 cov=0.959/0.900 min=wait cov_gate=ok next=hold

Epoch 23: Phase B (A_end=10, B_end=40, C_ramp=80) Weights {"totalWeight":0,"recapWeight":0.6966666666666667,"deltaWeight":0.5466666666666666,"categoryWeight":0.05,"quantileWeight":0.05466666666666667,"consistencyWeight":0,"identityDropoutRate":0.95}, Scales {"judgeBias":0.575,"corps":0}, SeqLen 15, ID_Drop 0.953, WFW 0.661 
Epoch 23 memory(start): tensors=258, buffers=219, bytes=18.3MB

History Bucket Diagnostics (Avg Abs Error per sample, normalized units):
Hist | Count | MAE_Pred | MAE_Base | PredDevFromBase
-----|-------|----------|----------|----------------
0    | 8     | 0.8582   | 3.7696   | 3.8478 
1    | 9     | 0.7378   | 0.9160   | 0.5215 
2    | 11    | 0.4673   | 0.5551   | 0.3649 
3-5  | 59    | 0.4317   | 0.3926   | 0.3578 
6+   | 276   | 0.3235   | 0.2990   | 0.2892 

Epoch 23: loss = 0.155316 phase = B val_loss = 0.138913 delta_mae_pts = 0.3675 recap_mae_pts = 0.3675 cat_mae_pts = 0.4616 total_mae_pts = 1.1068 vs_inertia_pts = 0.0462 vs_quad_pts = 0.2786 lr_base = 0.000748 lr_mult = 1.0000 lr_eff = 0.000748 mon_cov = 0.957 mon_score = 1.4743 progress = 24/400 epoch_sec = 91.7 avg_epoch_sec = 86.4 elapsed = 00:34:33 eta = 09:01:20
Epoch 23 memory(end): tensors=258, buffers=258, bytes=18.3MB
[curriculum] phase=B age=14/30 delta=0.3675 phase_best=0.3596 stall=1/6 cov=0.957/0.900 min=wait cov_gate=ok next=hold

Epoch 24: Phase B (A_end=10, B_end=40, C_ramp=80) Weights {"totalWeight":0,"recapWeight":0.6733333333333333,"deltaWeight":0.5733333333333334,"categoryWeight":0.05,"quantileWeight":0.05733333333333333,"consistencyWeight":0,"identityDropoutRate":0.95}, Scales {"judgeBias":0.6,"corps":0}, SeqLen 15, ID_Drop 0.947, WFW 0.730 
Epoch 24 memory(start): tensors=258, buffers=258, bytes=18.3MB

History Bucket Diagnostics (Avg Abs Error per sample, normalized units):
Hist | Count | MAE_Pred | MAE_Base | PredDevFromBase
-----|-------|----------|----------|----------------
0    | 8     | 0.5220   | 3.7696   | 3.7871 
1    | 9     | 0.6478   | 0.9160   | 0.7971 
2    | 11    | 0.5072   | 0.5551   | 0.4657 
3-5  | 59    | 0.3872   | 0.3926   | 0.3614 
6+   | 276   | 0.3341   | 0.2990   | 0.2971 

Epoch 24: loss = 0.154223 phase = B val_loss = 0.136717 delta_mae_pts = 0.3599 recap_mae_pts = 0.3599 cat_mae_pts = 0.4168 total_mae_pts = 0.9474 vs_inertia_pts = 0.0538 vs_quad_pts = 0.2863 lr_base = 0.000748 lr_mult = 1.0000 lr_eff = 0.000748 mon_cov = 0.958 mon_score = 1.3073 progress = 25/400 epoch_sec = 91.2 avg_epoch_sec = 86.6 elapsed = 00:36:04 eta = 09:01:06
Epoch 24 memory(end): tensors=258, buffers=258, bytes=18.3MB
[curriculum] phase=B age=15/30 delta=0.3599 phase_best=0.3596 stall=2/6 cov=0.958/0.900 min=wait cov_gate=ok next=hold

Epoch 25: Phase B (A_end=10, B_end=40, C_ramp=80) Weights {"totalWeight":0,"recapWeight":0.65,"deltaWeight":0.6000000000000001,"categoryWeight":0.05,"quantileWeight":0.06,"consistencyWeight":0,"identityDropoutRate":0.95}, Scales {"judgeBias":0.625,"corps":0}, SeqLen 15, ID_Drop 0.947, WFW 0.800 
Epoch 25 memory(start): tensors=258, buffers=258, bytes=18.3MB

History Bucket Diagnostics (Avg Abs Error per sample, normalized units):
Hist | Count | MAE_Pred | MAE_Base | PredDevFromBase
-----|-------|----------|----------|----------------
0    | 8     | 0.8154   | 3.7696   | 3.9738 
1    | 9     | 0.6634   | 0.9160   | 0.6231 
2    | 11    | 0.4819   | 0.5551   | 0.3473 
3-5  | 59    | 0.4505   | 0.3926   | 0.3152 
6+   | 276   | 0.3293   | 0.2990   | 0.2693 

Epoch 25: loss = 0.156809 phase = B val_loss = 0.145781 delta_mae_pts = 0.3726 recap_mae_pts = 0.3726 cat_mae_pts = 0.4804 total_mae_pts = 1.1714 vs_inertia_pts = 0.0411 vs_quad_pts = 0.2736 lr_base = 0.000747 lr_mult = 1.0000 lr_eff = 0.000747 mon_cov = 0.948 mon_score = 1.5440 progress = 26/400 epoch_sec = 90.5 avg_epoch_sec = 86.7 elapsed = 00:37:35 eta = 09:00:37
Epoch 25 memory(end): tensors=258, buffers=258, bytes=18.3MB
[curriculum] phase=B age=16/30 delta=0.3726 phase_best=0.3596 stall=3/6 cov=0.948/0.900 min=wait cov_gate=ok next=hold

Epoch 26: Phase B (A_end=10, B_end=40, C_ramp=80) Weights {"totalWeight":0,"recapWeight":0.6266666666666667,"deltaWeight":0.6266666666666667,"categoryWeight":0.05,"quantileWeight":0.06266666666666666,"consistencyWeight":0,"identityDropoutRate":0.95}, Scales {"judgeBias":0.65,"corps":0.02857142857142857}, SeqLen 15, ID_Drop 0.946, WFW 0.870 
Epoch 26 memory(start): tensors=258, buffers=258, bytes=18.3MB

History Bucket Diagnostics (Avg Abs Error per sample, normalized units):
Hist | Count | MAE_Pred | MAE_Base | PredDevFromBase
-----|-------|----------|----------|----------------
0    | 8     | 0.6095   | 3.7696   | 3.8170 
1    | 9     | 0.6182   | 0.9160   | 0.6383 
2    | 11    | 0.4761   | 0.5551   | 0.3894 
3-5  | 59    | 0.4202   | 0.3926   | 0.2918 
6+   | 276   | 0.3411   | 0.2990   | 0.2910 

Epoch 26: loss = 0.158112 phase = B val_loss = 0.145188 delta_mae_pts = 0.3708 recap_mae_pts = 0.3708 cat_mae_pts = 0.4670 total_mae_pts = 1.1642 vs_inertia_pts = 0.0429 vs_quad_pts = 0.2754 lr_base = 0.000747 lr_mult = 1.0000 lr_eff = 0.000747 mon_cov = 0.940 mon_score = 1.5350 progress = 27/400 epoch_sec = 91.8 avg_epoch_sec = 86.9 elapsed = 00:39:07 eta = 09:00:20
Epoch 26 memory(end): tensors=258, buffers=258, bytes=18.3MB
[curriculum] phase=B age=17/30 delta=0.3708 phase_best=0.3596 stall=4/6 cov=0.940/0.900 min=wait cov_gate=ok next=hold

Epoch 27: Phase B (A_end=10, B_end=40, C_ramp=80) Weights {"totalWeight":0,"recapWeight":0.6033333333333334,"deltaWeight":0.6533333333333333,"categoryWeight":0.05,"quantileWeight":0.06533333333333333,"consistencyWeight":0,"identityDropoutRate":0.95}, Scales {"judgeBias":0.675,"corps":0.05714285714285714}, SeqLen 15, ID_Drop 0.948, WFW 0.939 
Epoch 27 memory(start): tensors=258, buffers=258, bytes=18.3MB

History Bucket Diagnostics (Avg Abs Error per sample, normalized units):
Hist | Count | MAE_Pred | MAE_Base | PredDevFromBase
-----|-------|----------|----------|----------------
0    | 8     | 0.5090   | 3.7696   | 3.9019 
1    | 9     | 0.7601   | 0.9160   | 1.0993 
2    | 11    | 0.5953   | 0.5551   | 0.7326 
3-5  | 59    | 0.4042   | 0.3926   | 0.4140 
6+   | 276   | 0.3598   | 0.2990   | 0.3501 

Epoch 27: loss = 0.161851 phase = B val_loss = 0.153837 delta_mae_pts = 0.3874 recap_mae_pts = 0.3874 cat_mae_pts = 0.4975 total_mae_pts = 1.2167 vs_inertia_pts = 0.0263 vs_quad_pts = 0.2588 lr_base = 0.000747 lr_mult = 1.0000 lr_eff = 0.000747 mon_cov = 0.929 mon_score = 1.6041 progress = 28/400 epoch_sec = 86.8 avg_epoch_sec = 86.9 elapsed = 00:40:34 eta = 08:58:52
Epoch 27 memory(end): tensors=258, buffers=258, bytes=18.3MB
[curriculum] phase=B age=18/30 delta=0.3874 phase_best=0.3596 stall=5/6 cov=0.929/0.900 min=ok cov_gate=ok next=hold

Epoch 28: Phase B (A_end=10, B_end=40, C_ramp=80) Weights {"totalWeight":0,"recapWeight":0.5800000000000001,"deltaWeight":0.6799999999999999,"categoryWeight":0.05,"quantileWeight":0.068,"consistencyWeight":0,"identityDropoutRate":0.95}, Scales {"judgeBias":0.7,"corps":0.08571428571428572}, SeqLen 15, ID_Drop 0.949, WFW 1.007 
Epoch 28 memory(start): tensors=258, buffers=258, bytes=18.3MB

History Bucket Diagnostics (Avg Abs Error per sample, normalized units):
Hist | Count | MAE_Pred | MAE_Base | PredDevFromBase
-----|-------|----------|----------|----------------
0    | 8     | 0.9638   | 3.7696   | 4.2456 
1    | 9     | 0.6344   | 0.9160   | 0.7347 
2    | 11    | 0.4874   | 0.5551   | 0.4348 
3-5  | 59    | 0.4975   | 0.3926   | 0.3486 
6+   | 276   | 0.3671   | 0.2990   | 0.2883 

Epoch 28: loss = 0.162363 phase = B val_loss = 0.165218 delta_mae_pts = 0.4117 recap_mae_pts = 0.4117 cat_mae_pts = 0.5182 total_mae_pts = 1.2100 vs_inertia_pts = 0.0020 vs_quad_pts = 0.2345 lr_base = 0.000746 lr_mult = 1.0000 lr_eff = 0.000746 mon_cov = 0.936 mon_score = 1.6217 progress = 29/400 epoch_sec = 89.9 avg_epoch_sec = 87.0 elapsed = 00:42:04 eta = 08:58:03
Epoch 28 memory(end): tensors=258, buffers=258, bytes=18.3MB
[curriculum] phase=B age=19/30 delta=0.4117 phase_best=0.3596 stall=6/6 cov=0.936/0.900 min=ok cov_gate=ok next=advance:plateau

--- AUTO CURRICULUM: B -> C at next epoch 29 (reason=delta_plateau, delta=0.4117, coverage=0.936) ---

Epoch 29: Phase C (A_end=10, B_end=29, C_ramp=80) Weights {"totalWeight":0.02,"recapWeight":0.3,"deltaWeight":1,"categoryWeight":0.05,"quantileWeight":0.1,"consistencyWeight":0,"identityDropoutRate":1}, Scales {"judgeBias":0.725,"corps":0.11428571428571428}, SeqLen 15, ID_Drop 1.000, WFW 1.500 
Epoch 29 memory(start): tensors=258, buffers=258, bytes=18.3MB

History Bucket Diagnostics (Avg Abs Error per sample, normalized units):
Hist | Count | MAE_Pred | MAE_Base | PredDevFromBase
-----|-------|----------|----------|----------------
0    | 8     | 0.6545   | 3.7696   | 3.7037 
1    | 9     | 0.6809   | 0.9160   | 0.6058 
2    | 11    | 0.4875   | 0.5551   | 0.4251 
3-5  | 59    | 0.4096   | 0.3926   | 0.3495 
6+   | 276   | 0.3357   | 0.2990   | 0.3138 

Epoch 29: loss = 0.194589 phase = C val_loss = 0.178913 delta_mae_pts = 0.3679 recap_mae_pts = 0.3679 cat_mae_pts = 0.4545 total_mae_pts = 1.0825 vs_inertia_pts = 0.0458 vs_quad_pts = 0.2783 lr_base = 0.000746 lr_mult = 1.0000 lr_eff = 0.000746 mon_cov = 0.950 mon_score = 0.5226 progress = 30/400 epoch_sec = 91.4 avg_epoch_sec = 87.2 elapsed = 00:43:35 eta = 08:57:30
Epoch 29 memory(end): tensors=258, buffers=258, bytes=18.3MB
Saved BEST-PHASE-C checkpoint @epoch 29 delta_mae_pts = 0.3679 -> models\v9_subcaption_fixed\v9fix_shared_datefwd_swa_train_best_export_1779496715721\best_phase_c 
[curriculum] phase=C age=1 ramp=80 delta=0.3679 cov=0.950 best_global_delta=0.3596

Epoch 30: Phase C (A_end=10, B_end=29, C_ramp=80) Weights {"totalWeight":0.021,"recapWeight":0.296875,"deltaWeight":1.109375,"categoryWeight":0.05,"quantileWeight":0.1125,"consistencyWeight":0,"identityDropoutRate":1}, Scales {"judgeBias":0.75,"corps":0.14285714285714285}, SeqLen 15, ID_Drop 1.000, WFW 1.500 
Epoch 30 memory(start): tensors=258, buffers=258, bytes=18.3MB

History Bucket Diagnostics (Avg Abs Error per sample, normalized units):
Hist | Count | MAE_Pred | MAE_Base | PredDevFromBase
-----|-------|----------|----------|----------------
0    | 8     | 0.6505   | 3.7696   | 3.9412 
1    | 9     | 0.6005   | 0.9160   | 0.7457 
2    | 11    | 0.5001   | 0.5551   | 0.4469 
3-5  | 59    | 0.4041   | 0.3926   | 0.3020 
6+   | 276   | 0.3370   | 0.2990   | 0.2558 

Epoch 30: loss = 0.203163 phase = C val_loss = 0.191888 delta_mae_pts = 0.3663 recap_mae_pts = 0.3663 cat_mae_pts = 0.4460 total_mae_pts = 0.9735 vs_inertia_pts = 0.0474 vs_quad_pts = 0.2799 lr_base = 0.000745 lr_mult = 1.0000 lr_eff = 0.000745 mon_cov = 0.959 mon_score = 0.5578 progress = 31/400 epoch_sec = 90.9 avg_epoch_sec = 87.3 elapsed = 00:45:06 eta = 08:56:47
Epoch 30 memory(end): tensors=258, buffers=258, bytes=18.3MB
Saved BEST-PHASE-C checkpoint @epoch 30 delta_mae_pts = 0.3663 -> models\v9_subcaption_fixed\v9fix_shared_datefwd_swa_train_best_export_1779496715721\best_phase_c 
[curriculum] phase=C age=2 ramp=80 delta=0.3663 cov=0.959 best_global_delta=0.3596

Epoch 31: Phase C (A_end=10, B_end=29, C_ramp=80) Weights {"totalWeight":0.022,"recapWeight":0.29375,"deltaWeight":1.21875,"categoryWeight":0.05,"quantileWeight":0.125,"consistencyWeight":0,"identityDropoutRate":1}, Scales {"judgeBias":0.775,"corps":0.17142857142857143}, SeqLen 15, ID_Drop 1.000, WFW 1.500 
Epoch 31 memory(start): tensors=258, buffers=258, bytes=18.3MB

History Bucket Diagnostics (Avg Abs Error per sample, normalized units):
Hist | Count | MAE_Pred | MAE_Base | PredDevFromBase
-----|-------|----------|----------|----------------
0    | 8     | 0.6595   | 3.7696   | 3.7687 
1    | 9     | 0.7257   | 0.9160   | 0.6133 
2    | 11    | 0.5433   | 0.5551   | 0.4690 
3-5  | 59    | 0.4365   | 0.3926   | 0.3756 
6+   | 276   | 0.3221   | 0.2990   | 0.2793 

Epoch 31: loss = 0.218822 phase = C val_loss = 0.204645 delta_mae_pts = 0.3649 recap_mae_pts = 0.3649 cat_mae_pts = 0.4321 total_mae_pts = 0.9785 vs_inertia_pts = 0.0489 vs_quad_pts = 0.2813 lr_base = 0.000745 lr_mult = 1.0000 lr_eff = 0.000745 mon_cov = 0.951 mon_score = 0.5950 progress = 32/400 epoch_sec = 89.9 avg_epoch_sec = 87.4 elapsed = 00:46:36 eta = 08:55:50
Epoch 31 memory(end): tensors=258, buffers=258, bytes=18.3MB
Saved BEST-PHASE-C checkpoint @epoch 31 delta_mae_pts = 0.3649 -> models\v9_subcaption_fixed\v9fix_shared_datefwd_swa_train_best_export_1779496715721\best_phase_c 
[curriculum] phase=C age=3 ramp=80 delta=0.3649 cov=0.951 best_global_delta=0.3596

Epoch 32: Phase C (A_end=10, B_end=29, C_ramp=80) Weights {"totalWeight":0.023,"recapWeight":0.29062499999999997,"deltaWeight":1.328125,"categoryWeight":0.05,"quantileWeight":0.1375,"consistencyWeight":0,"identityDropoutRate":1}, Scales {"judgeBias":0.8,"corps":0.2}, SeqLen 15, ID_Drop 1.000, WFW 1.500 
Epoch 32 memory(start): tensors=258, buffers=258, bytes=18.3MB

History Bucket Diagnostics (Avg Abs Error per sample, normalized units):
Hist | Count | MAE_Pred | MAE_Base | PredDevFromBase
-----|-------|----------|----------|----------------
0    | 8     | 0.7177   | 3.7696   | 3.9064 
1    | 9     | 0.6258   | 0.9160   | 0.7811 
2    | 11    | 0.4585   | 0.5551   | 0.5110 
3-5  | 59    | 0.4377   | 0.3926   | 0.3657 
6+   | 276   | 0.3397   | 0.2990   | 0.3062 

Epoch 32: loss = 0.234393 phase = C val_loss = 0.221480 delta_mae_pts = 0.3747 recap_mae_pts = 0.3747 cat_mae_pts = 0.4491 total_mae_pts = 1.0120 vs_inertia_pts = 0.0391 vs_quad_pts = 0.2715 lr_base = 0.000744 lr_mult = 1.0000 lr_eff = 0.000744 mon_cov = 0.960 mon_score = 0.6522 progress = 33/400 epoch_sec = 90.7 avg_epoch_sec = 87.5 elapsed = 00:48:06 eta = 08:54:59
Epoch 32 memory(end): tensors=258, buffers=258, bytes=18.3MB
[curriculum] phase=C age=4 ramp=80 delta=0.3747 cov=0.960 best_global_delta=0.3596

Epoch 33: Phase C (A_end=10, B_end=29, C_ramp=80) Weights {"totalWeight":0.024,"recapWeight":0.2875,"deltaWeight":1.4375,"categoryWeight":0.05,"quantileWeight":0.15000000000000002,"consistencyWeight":0,"identityDropoutRate":1}, Scales {"judgeBias":0.825,"corps":0.22857142857142856}, SeqLen 15, ID_Drop 1.000, WFW 1.500 
Epoch 33 memory(start): tensors=258, buffers=258, bytes=18.3MB

History Bucket Diagnostics (Avg Abs Error per sample, normalized units):
Hist | Count | MAE_Pred | MAE_Base | PredDevFromBase
-----|-------|----------|----------|----------------
0    | 8     | 0.6771   | 3.7696   | 3.8733 
1    | 9     | 0.6006   | 0.9160   | 0.6576 
2    | 11    | 0.4656   | 0.5551   | 0.4173 
3-5  | 59    | 0.4205   | 0.3926   | 0.3511 
6+   | 276   | 0.3499   | 0.2990   | 0.3221 

Epoch 33: loss = 0.250790 phase = C val_loss = 0.236816 delta_mae_pts = 0.3783 recap_mae_pts = 0.3783 cat_mae_pts = 0.4725 total_mae_pts = 1.0919 vs_inertia_pts = 0.0354 vs_quad_pts = 0.2678 lr_base = 0.000744 lr_mult = 1.0000 lr_eff = 0.000744 mon_cov = 0.945 mon_score = 0.7024 progress = 34/400 epoch_sec = 90.5 avg_epoch_sec = 87.6 elapsed = 00:49:37 eta = 08:54:05
Epoch 33 memory(end): tensors=258, buffers=258, bytes=18.3MB
[curriculum] phase=C age=5 ramp=80 delta=0.3783 cov=0.945 best_global_delta=0.3596

Epoch 34: Phase C (A_end=10, B_end=29, C_ramp=80) Weights {"totalWeight":0.025,"recapWeight":0.284375,"deltaWeight":1.546875,"categoryWeight":0.05,"quantileWeight":0.1625,"consistencyWeight":0,"identityDropoutRate":1}, Scales {"judgeBias":0.85,"corps":0.2571428571428571}, SeqLen 15, ID_Drop 1.000, WFW 1.500 
Epoch 34 memory(start): tensors=258, buffers=258, bytes=18.3MB

History Bucket Diagnostics (Avg Abs Error per sample, normalized units):
Hist | Count | MAE_Pred | MAE_Base | PredDevFromBase
-----|-------|----------|----------|----------------
0    | 8     | 0.6204   | 3.7696   | 3.6709 
1    | 9     | 0.6902   | 0.9160   | 0.5079 
2    | 11    | 0.5068   | 0.5551   | 0.3584 
3-5  | 59    | 0.4764   | 0.3926   | 0.3584 
6+   | 276   | 0.3402   | 0.2990   | 0.2878 

Epoch 34: loss = 0.260248 phase = C val_loss = 0.255133 delta_mae_pts = 0.3822 recap_mae_pts = 0.3822 cat_mae_pts = 0.4758 total_mae_pts = 1.1541 vs_inertia_pts = 0.0315 vs_quad_pts = 0.2640 lr_base = 0.000743 lr_mult = 1.0000 lr_eff = 0.000743 mon_cov = 0.946 mon_score = 0.7526 progress = 35/400 epoch_sec = 90.1 avg_epoch_sec = 87.6 elapsed = 00:51:07 eta = 08:53:04
Epoch 34 memory(end): tensors=258, buffers=258, bytes=18.3MB
[curriculum] phase=C age=6 ramp=80 delta=0.3822 cov=0.946 best_global_delta=0.3596

Epoch 35: Phase C (A_end=10, B_end=29, C_ramp=80) Weights {"totalWeight":0.026000000000000002,"recapWeight":0.28125,"deltaWeight":1.65625,"categoryWeight":0.05,"quantileWeight":0.175,"consistencyWeight":0,"identityDropoutRate":1}, Scales {"judgeBias":0.875,"corps":0.2857142857142857}, SeqLen 15, ID_Drop 1.000, WFW 1.500 
Epoch 35 memory(start): tensors=258, buffers=258, bytes=18.3MB

History Bucket Diagnostics (Avg Abs Error per sample, normalized units):
Hist | Count | MAE_Pred | MAE_Base | PredDevFromBase
-----|-------|----------|----------|----------------
0    | 8     | 0.8247   | 3.7696   | 4.0142 
1    | 9     | 0.6549   | 0.9160   | 0.8373 
2    | 11    | 0.5307   | 0.5551   | 0.5038 
3-5  | 59    | 0.4611   | 0.3926   | 0.3262 
6+   | 276   | 0.3382   | 0.2990   | 0.2581 

Epoch 35: loss = 0.270082 phase = C val_loss = 0.268111 delta_mae_pts = 0.3826 recap_mae_pts = 0.3826 cat_mae_pts = 0.4599 total_mae_pts = 1.1079 vs_inertia_pts = 0.0311 vs_quad_pts = 0.2636 lr_base = 0.000743 lr_mult = 1.0000 lr_eff = 0.000743 mon_cov = 0.947 mon_score = 0.7931 progress = 36/400 epoch_sec = 90.4 avg_epoch_sec = 87.7 elapsed = 00:52:37 eta = 08:52:05
Epoch 35 memory(end): tensors=258, buffers=258, bytes=18.3MB
[curriculum] phase=C age=7 ramp=80 delta=0.3826 cov=0.947 best_global_delta=0.3596

Epoch 36: Phase C (A_end=10, B_end=29, C_ramp=80) Weights {"totalWeight":0.027,"recapWeight":0.278125,"deltaWeight":1.765625,"categoryWeight":0.05,"quantileWeight":0.1875,"consistencyWeight":0,"identityDropoutRate":1}, Scales {"judgeBias":0.9,"corps":0.3142857142857143}, SeqLen 15, ID_Drop 1.000, WFW 1.500 
Epoch 36 memory(start): tensors=258, buffers=258, bytes=18.3MB

History Bucket Diagnostics (Avg Abs Error per sample, normalized units):
Hist | Count | MAE_Pred | MAE_Base | PredDevFromBase
-----|-------|----------|----------|----------------
0    | 8     | 0.5174   | 3.7696   | 3.7494 
1    | 9     | 0.6814   | 0.9160   | 0.8994 
2    | 11    | 0.4783   | 0.5551   | 0.6418 
3-5  | 59    | 0.4007   | 0.3926   | 0.3998 
6+   | 276   | 0.3413   | 0.2990   | 0.3159 

Epoch 36: loss = 0.292464 phase = C val_loss = 0.272164 delta_mae_pts = 0.3674 recap_mae_pts = 0.3674 cat_mae_pts = 0.4288 total_mae_pts = 0.9450 vs_inertia_pts = 0.0463 vs_quad_pts = 0.2788 lr_base = 0.000742 lr_mult = 1.0000 lr_eff = 0.000742 mon_cov = 0.951 mon_score = 0.7978 progress = 37/400 epoch_sec = 91.3 avg_epoch_sec = 87.8 elapsed = 00:54:09 eta = 08:51:13
Epoch 36 memory(end): tensors=258, buffers=258, bytes=18.3MB
[curriculum] phase=C age=8 ramp=80 delta=0.3674 cov=0.951 best_global_delta=0.3596

Epoch 37: Phase C (A_end=10, B_end=29, C_ramp=80) Weights {"totalWeight":0.028,"recapWeight":0.27499999999999997,"deltaWeight":1.875,"categoryWeight":0.05,"quantileWeight":0.2,"consistencyWeight":0,"identityDropoutRate":1}, Scales {"judgeBias":0.925,"corps":0.34285714285714286}, SeqLen 15, ID_Drop 1.000, WFW 1.500 
Epoch 37 memory(start): tensors=258, buffers=258, bytes=18.3MB

History Bucket Diagnostics (Avg Abs Error per sample, normalized units):
Hist | Count | MAE_Pred | MAE_Base | PredDevFromBase
-----|-------|----------|----------|----------------
0    | 8     | 0.6590   | 3.7696   | 3.9564 
1    | 9     | 0.6309   | 0.9160   | 0.9218 
2    | 11    | 0.5165   | 0.5551   | 0.5898 
3-5  | 59    | 0.3877   | 0.3926   | 0.3150 
6+   | 276   | 0.3265   | 0.2990   | 0.2524 

Epoch 37: loss = 0.305421 phase = C val_loss = 0.280688 delta_mae_pts = 0.3571 recap_mae_pts = 0.3571 cat_mae_pts = 0.4262 total_mae_pts = 0.9940 vs_inertia_pts = 0.0567 vs_quad_pts = 0.2891 lr_base = 0.000742 lr_mult = 1.0000 lr_eff = 0.000742 mon_cov = 0.963 mon_score = 0.8168 progress = 38/400 epoch_sec = 90.6 avg_epoch_sec = 87.9 elapsed = 00:55:39 eta = 08:50:12
Epoch 37 memory(end): tensors=258, buffers=258, bytes=18.3MB
Saved BEST-DELTA checkpoint @epoch 37 delta_mae_pts = 0.3571 monitor_score = 0.5226 -> models\v9_subcaption_fixed\v9fix_shared_datefwd_swa_train_best_export_1779496715721\best 
Saved BEST-PHASE-C checkpoint @epoch 37 delta_mae_pts = 0.3571 -> models\v9_subcaption_fixed\v9fix_shared_datefwd_swa_train_best_export_1779496715721\best_phase_c 
[curriculum] phase=C age=9 ramp=80 delta=0.3571 cov=0.963 best_global_delta=0.3571

Epoch 38: Phase C (A_end=10, B_end=29, C_ramp=80) Weights {"totalWeight":0.029,"recapWeight":0.271875,"deltaWeight":1.984375,"categoryWeight":0.05,"quantileWeight":0.21250000000000002,"consistencyWeight":0,"identityDropoutRate":1}, Scales {"judgeBias":0.95,"corps":0.37142857142857144}, SeqLen 15, ID_Drop 1.000, WFW 1.500 
Epoch 38 memory(start): tensors=258, buffers=219, bytes=18.3MB

History Bucket Diagnostics (Avg Abs Error per sample, normalized units):
Hist | Count | MAE_Pred | MAE_Base | PredDevFromBase
-----|-------|----------|----------|----------------
0    | 8     | 0.9985   | 3.7696   | 4.1524 
1    | 9     | 0.6096   | 0.9160   | 0.7650 
2    | 11    | 0.5120   | 0.5551   | 0.4579 
3-5  | 59    | 0.4120   | 0.3926   | 0.3427 
6+   | 276   | 0.3593   | 0.2990   | 0.3231 

Epoch 38: loss = 0.315699 phase = C val_loss = 0.317544 delta_mae_pts = 0.3928 recap_mae_pts = 0.3928 cat_mae_pts = 0.4850 total_mae_pts = 1.1324 vs_inertia_pts = 0.0209 vs_quad_pts = 0.2534 lr_base = 0.000741 lr_mult = 1.0000 lr_eff = 0.000741 mon_cov = 0.936 mon_score = 0.9433 progress = 39/400 epoch_sec = 91.1 avg_epoch_sec = 88.0 elapsed = 00:57:10 eta = 08:49:13
Epoch 38 memory(end): tensors=258, buffers=258, bytes=18.3MB
[curriculum] phase=C age=10 ramp=80 delta=0.3928 cov=0.936 best_global_delta=0.3571

Epoch 39: Phase C (A_end=10, B_end=29, C_ramp=80) Weights {"totalWeight":0.03,"recapWeight":0.26875,"deltaWeight":2.09375,"categoryWeight":0.05,"quantileWeight":0.225,"consistencyWeight":0,"identityDropoutRate":1}, Scales {"judgeBias":0.975,"corps":0.4}, SeqLen 15, ID_Drop 1.000, WFW 1.500 
Epoch 39 memory(start): tensors=258, buffers=258, bytes=18.3MB

History Bucket Diagnostics (Avg Abs Error per sample, normalized units):
Hist | Count | MAE_Pred | MAE_Base | PredDevFromBase
-----|-------|----------|----------|----------------
0    | 8     | 0.8310   | 3.7696   | 4.1827 
1    | 9     | 0.6337   | 0.9160   | 0.8193 
2    | 11    | 0.4759   | 0.5551   | 0.5364 
3-5  | 59    | 0.3982   | 0.3926   | 0.3329 
6+   | 276   | 0.3320   | 0.2990   | 0.3024 

Epoch 39: loss = 0.332318 phase = C val_loss = 0.313393 delta_mae_pts = 0.3656 recap_mae_pts = 0.3656 cat_mae_pts = 0.4347 total_mae_pts = 0.9903 vs_inertia_pts = 0.0481 vs_quad_pts = 0.2806 lr_base = 0.000740 lr_mult = 1.0000 lr_eff = 0.000740 mon_cov = 0.954 mon_score = 0.9152 progress = 40/400 epoch_sec = 90.2 avg_epoch_sec = 88.0 elapsed = 00:58:41 eta = 08:48:05
Epoch 39 memory(end): tensors=258, buffers=258, bytes=18.3MB
[curriculum] phase=C age=11 ramp=80 delta=0.3656 cov=0.954 best_global_delta=0.3571

Epoch 40: Phase C (A_end=10, B_end=29, C_ramp=80) Weights {"totalWeight":0.031,"recapWeight":0.265625,"deltaWeight":2.203125,"categoryWeight":0.05,"quantileWeight":0.23750000000000002,"consistencyWeight":0,"identityDropoutRate":1}, Scales {"judgeBias":1,"corps":0.42857142857142855}, SeqLen 15, ID_Drop 1.000, WFW 1.500 
Epoch 40 memory(start): tensors=258, buffers=258, bytes=18.3MB

History Bucket Diagnostics (Avg Abs Error per sample, normalized units):
Hist | Count | MAE_Pred | MAE_Base | PredDevFromBase
-----|-------|----------|----------|----------------
0    | 8     | 0.7037   | 3.7696   | 3.8576 
1    | 9     | 0.6612   | 0.9160   | 0.7191 
2    | 11    | 0.4941   | 0.5551   | 0.4892 
3-5  | 59    | 0.4845   | 0.3926   | 0.3575 
6+   | 276   | 0.3490   | 0.2990   | 0.2718 

Epoch 40: loss = 0.337308 phase = C val_loss = 0.344368 delta_mae_pts = 0.3909 recap_mae_pts = 0.3909 cat_mae_pts = 0.4738 total_mae_pts = 1.1229 vs_inertia_pts = 0.0228 vs_quad_pts = 0.2552 lr_base = 0.000740 lr_mult = 1.0000 lr_eff = 0.000740 mon_cov = 0.954 mon_score = 1.0236 progress = 41/400 epoch_sec = 90.7 avg_epoch_sec = 88.1 elapsed = 01:00:11 eta = 08:47:01
Epoch 40 memory(end): tensors=258, buffers=258, bytes=18.3MB
[curriculum] phase=C age=12 ramp=80 delta=0.3909 cov=0.954 best_global_delta=0.3571

Epoch 41: Phase C (A_end=10, B_end=29, C_ramp=80) Weights {"totalWeight":0.032,"recapWeight":0.2625,"deltaWeight":2.3125,"categoryWeight":0.05,"quantileWeight":0.25,"consistencyWeight":0,"identityDropoutRate":1}, Scales {"judgeBias":1,"corps":0.45714285714285713}, SeqLen 15, ID_Drop 1.000, WFW 1.500 
Epoch 41 memory(start): tensors=258, buffers=258, bytes=18.3MB

History Bucket Diagnostics (Avg Abs Error per sample, normalized units):
Hist | Count | MAE_Pred | MAE_Base | PredDevFromBase
-----|-------|----------|----------|----------------
0    | 8     | 0.8382   | 3.7696   | 4.1222 
1    | 9     | 0.7026   | 0.9160   | 0.7766 
2    | 11    | 0.4319   | 0.5551   | 0.4463 
3-5  | 59    | 0.4307   | 0.3926   | 0.3348 
6+   | 276   | 0.3309   | 0.2990   | 0.2875 

Epoch 41: loss = 0.360877 phase = C val_loss = 0.342700 delta_mae_pts = 0.3705 recap_mae_pts = 0.3705 cat_mae_pts = 0.4700 total_mae_pts = 1.1375 vs_inertia_pts = 0.0432 vs_quad_pts = 0.2756 lr_base = 0.000739 lr_mult = 1.0000 lr_eff = 0.000739 mon_cov = 0.951 mon_score = 1.0141 progress = 42/400 epoch_sec = 91.1 avg_epoch_sec = 88.2 elapsed = 01:01:42 eta = 08:45:58
Epoch 41 memory(end): tensors=258, buffers=258, bytes=18.3MB
[curriculum] phase=C age=13 ramp=80 delta=0.3705 cov=0.951 best_global_delta=0.3571

Epoch 42: Phase C (A_end=10, B_end=29, C_ramp=80) Weights {"totalWeight":0.033,"recapWeight":0.25937499999999997,"deltaWeight":2.421875,"categoryWeight":0.05,"quantileWeight":0.2625,"consistencyWeight":0,"identityDropoutRate":1}, Scales {"judgeBias":1,"corps":0.4857142857142857}, SeqLen 15, ID_Drop 1.000, WFW 1.500 
Epoch 42 memory(start): tensors=258, buffers=258, bytes=18.3MB

History Bucket Diagnostics (Avg Abs Error per sample, normalized units):
Hist | Count | MAE_Pred | MAE_Base | PredDevFromBase
-----|-------|----------|----------|----------------
0    | 8     | 0.8742   | 3.7696   | 3.1957 
1    | 9     | 0.6601   | 0.9160   | 0.8574 
2    | 11    | 0.5159   | 0.5551   | 0.6061 
3-5  | 59    | 0.4022   | 0.3926   | 0.3755 
6+   | 276   | 0.3443   | 0.2990   | 0.3104 

Epoch 42: loss = 0.373232 phase = C val_loss = 0.364139 delta_mae_pts = 0.3784 recap_mae_pts = 0.3784 cat_mae_pts = 0.4483 total_mae_pts = 1.0649 vs_inertia_pts = 0.0353 vs_quad_pts = 0.2677 lr_base = 0.000738 lr_mult = 1.0000 lr_eff = 0.000738 mon_cov = 0.953 mon_score = 1.0722 progress = 43/400 epoch_sec = 91.5 avg_epoch_sec = 88.2 elapsed = 01:03:14 eta = 08:44:58
Epoch 42 memory(end): tensors=258, buffers=258, bytes=18.3MB
[curriculum] phase=C age=14 ramp=80 delta=0.3784 cov=0.953 best_global_delta=0.3571

Epoch 43: Phase C (A_end=10, B_end=29, C_ramp=80) Weights {"totalWeight":0.034,"recapWeight":0.25625,"deltaWeight":2.53125,"categoryWeight":0.05,"quantileWeight":0.275,"consistencyWeight":0,"identityDropoutRate":1}, Scales {"judgeBias":1,"corps":0.5142857142857142}, SeqLen 15, ID_Drop 1.000, WFW 1.500 
Epoch 43 memory(start): tensors=258, buffers=258, bytes=18.3MB

History Bucket Diagnostics (Avg Abs Error per sample, normalized units):
Hist | Count | MAE_Pred | MAE_Base | PredDevFromBase
-----|-------|----------|----------|----------------
0    | 8     | 0.5060   | 3.7696   | 3.6349 
1    | 9     | 0.6901   | 0.9160   | 0.6607 
2    | 11    | 0.4863   | 0.5551   | 0.4455 
3-5  | 59    | 0.5249   | 0.3926   | 0.3802 
6+   | 276   | 0.3930   | 0.2990   | 0.3159 

Epoch 43: loss = 0.385262 phase = C val_loss = 0.416931 delta_mae_pts = 0.4271 recap_mae_pts = 0.4271 cat_mae_pts = 0.5925 total_mae_pts = 1.4802 vs_inertia_pts = -0.0134 vs_quad_pts = 0.2191 lr_base = 0.000737 lr_mult = 1.0000 lr_eff = 0.000737 mon_cov = 0.909 mon_score = 1.2705 progress = 44/400 epoch_sec = 91.1 avg_epoch_sec = 88.3 elapsed = 01:04:45 eta = 08:43:53
Epoch 43 memory(end): tensors=258, buffers=258, bytes=18.3MB
[curriculum] phase=C age=15 ramp=80 delta=0.4271 cov=0.909 best_global_delta=0.3571

Epoch 44: Phase C (A_end=10, B_end=29, C_ramp=80) Weights {"totalWeight":0.035,"recapWeight":0.253125,"deltaWeight":2.640625,"categoryWeight":0.05,"quantileWeight":0.2875,"consistencyWeight":0,"identityDropoutRate":1}, Scales {"judgeBias":1,"corps":0.5428571428571428}, SeqLen 15, ID_Drop 1.000, WFW 1.500 
Epoch 44 memory(start): tensors=258, buffers=258, bytes=18.3MB

History Bucket Diagnostics (Avg Abs Error per sample, normalized units):
Hist | Count | MAE_Pred | MAE_Base | PredDevFromBase
-----|-------|----------|----------|----------------
0    | 8     | 0.7381   | 3.7696   | 3.9902 
1    | 9     | 0.6404   | 0.9160   | 0.6991 
2    | 11    | 0.4770   | 0.5551   | 0.4336 
3-5  | 59    | 0.4263   | 0.3926   | 0.3519 
6+   | 276   | 0.3468   | 0.2990   | 0.3062 

Epoch 44: loss = 0.395654 phase = C val_loss = 0.389977 delta_mae_pts = 0.3796 recap_mae_pts = 0.3796 cat_mae_pts = 0.4437 total_mae_pts = 1.0183 vs_inertia_pts = 0.0341 vs_quad_pts = 0.2666 lr_base = 0.000737 lr_mult = 1.0000 lr_eff = 0.000737 mon_cov = 0.941 mon_score = 1.1563 progress = 45/400 epoch_sec = 91.1 avg_epoch_sec = 88.4 elapsed = 01:06:16 eta = 08:42:47
Epoch 44 memory(end): tensors=258, buffers=258, bytes=18.3MB
[curriculum] phase=C age=16 ramp=80 delta=0.3796 cov=0.941 best_global_delta=0.3571

Epoch 45: Phase C (A_end=10, B_end=29, C_ramp=80) Weights {"totalWeight":0.036000000000000004,"recapWeight":0.25,"deltaWeight":2.75,"categoryWeight":0.05,"quantileWeight":0.30000000000000004,"consistencyWeight":0,"identityDropoutRate":1}, Scales {"judgeBias":1,"corps":0.5714285714285714}, SeqLen 15, ID_Drop 1.000, WFW 1.500 
Epoch 45 memory(start): tensors=258, buffers=258, bytes=18.3MB

History Bucket Diagnostics (Avg Abs Error per sample, normalized units):
Hist | Count | MAE_Pred | MAE_Base | PredDevFromBase
-----|-------|----------|----------|----------------
0    | 8     | 0.6368   | 3.7696   | 3.7889 
1    | 9     | 0.6465   | 0.9160   | 0.6636 
2    | 11    | 0.4921   | 0.5551   | 0.4276 
3-5  | 59    | 0.4379   | 0.3926   | 0.3384 
6+   | 276   | 0.3566   | 0.2990   | 0.2966 

Epoch 45: loss = 0.401576 phase = C val_loss = 0.414149 delta_mae_pts = 0.3873 recap_mae_pts = 0.3873 cat_mae_pts = 0.4542 total_mae_pts = 1.0266 vs_inertia_pts = 0.0265 vs_quad_pts = 0.2589 lr_base = 0.000736 lr_mult = 1.0000 lr_eff = 0.000736 mon_cov = 0.935 mon_score = 1.2215 progress = 46/400 epoch_sec = 90.4 avg_epoch_sec = 88.4 elapsed = 01:07:46 eta = 08:41:34
Epoch 45 memory(end): tensors=258, buffers=258, bytes=18.3MB
[curriculum] phase=C age=17 ramp=80 delta=0.3873 cov=0.935 best_global_delta=0.3571

Epoch 46: Phase C (A_end=10, B_end=29, C_ramp=80) Weights {"totalWeight":0.037000000000000005,"recapWeight":0.24687499999999998,"deltaWeight":2.859375,"categoryWeight":0.05,"quantileWeight":0.3125,"consistencyWeight":0,"identityDropoutRate":1}, Scales {"judgeBias":1,"corps":0.6}, SeqLen 15, ID_Drop 1.000, WFW 1.500 
Epoch 46 memory(start): tensors=258, buffers=258, bytes=18.3MB

History Bucket Diagnostics (Avg Abs Error per sample, normalized units):
Hist | Count | MAE_Pred | MAE_Base | PredDevFromBase
-----|-------|----------|----------|----------------
0    | 8     | 0.6966   | 3.7696   | 3.8928 
1    | 9     | 0.6731   | 0.9160   | 0.6721 
2    | 11    | 0.4496   | 0.5551   | 0.4013 
3-5  | 59    | 0.4854   | 0.3926   | 0.3599 
6+   | 276   | 0.3474   | 0.2990   | 0.2879 

Epoch 46: loss = 0.408679 phase = C val_loss = 0.426671 delta_mae_pts = 0.3887 recap_mae_pts = 0.3887 cat_mae_pts = 0.4844 total_mae_pts = 1.1927 vs_inertia_pts = 0.0250 vs_quad_pts = 0.2575 lr_base = 0.000735 lr_mult = 1.0000 lr_eff = 0.000735 mon_cov = 0.950 mon_score = 1.2758 progress = 47/400 epoch_sec = 90.9 avg_epoch_sec = 88.5 elapsed = 01:09:17 eta = 08:40:24
Epoch 46 memory(end): tensors=258, buffers=258, bytes=18.3MB
[curriculum] phase=C age=18 ramp=80 delta=0.3887 cov=0.950 best_global_delta=0.3571

Epoch 47: Phase C (A_end=10, B_end=29, C_ramp=80) Weights {"totalWeight":0.038000000000000006,"recapWeight":0.24375,"deltaWeight":2.96875,"categoryWeight":0.05,"quantileWeight":0.325,"consistencyWeight":0,"identityDropoutRate":1}, Scales {"judgeBias":1,"corps":0.6285714285714286}, SeqLen 15, ID_Drop 1.000, WFW 1.500 
Epoch 47 memory(start): tensors=258, buffers=258, bytes=18.3MB

History Bucket Diagnostics (Avg Abs Error per sample, normalized units):
Hist | Count | MAE_Pred | MAE_Base | PredDevFromBase
-----|-------|----------|----------|----------------
0    | 8     | 0.5571   | 3.7696   | 3.7863 
1    | 9     | 0.6253   | 0.9160   | 0.7891 
2    | 11    | 0.4693   | 0.5551   | 0.5056 
3-5  | 59    | 0.4158   | 0.3926   | 0.3534 
6+   | 276   | 0.3387   | 0.2990   | 0.2798 

Epoch 47: loss = 0.416361 phase = C val_loss = 0.419395 delta_mae_pts = 0.3671 recap_mae_pts = 0.3671 cat_mae_pts = 0.4298 total_mae_pts = 0.9773 vs_inertia_pts = 0.0466 vs_quad_pts = 0.2790 lr_base = 0.000734 lr_mult = 1.0000 lr_eff = 0.000734 mon_cov = 0.963 mon_score = 1.2380 progress = 48/400 epoch_sec = 91.3 avg_epoch_sec = 88.5 elapsed = 01:10:49 eta = 08:39:17
Epoch 47 memory(end): tensors=258, buffers=258, bytes=18.3MB
[curriculum] phase=C age=19 ramp=80 delta=0.3671 cov=0.963 best_global_delta=0.3571

--- NO MONITOR IMPROVEMENT FOR 18 EPOCHS: plateau multiplier 1.0000 -> 0.5000, effective LR 0.000367 ---

Epoch 48: Phase C (A_end=10, B_end=29, C_ramp=80) Weights {"totalWeight":0.039,"recapWeight":0.24062499999999998,"deltaWeight":3.078125,"categoryWeight":0.05,"quantileWeight":0.3375,"consistencyWeight":0,"identityDropoutRate":1}, Scales {"judgeBias":1,"corps":0.6571428571428571}, SeqLen 15, ID_Drop 1.000, WFW 1.500 
Epoch 48 memory(start): tensors=258, buffers=258, bytes=18.3MB

History Bucket Diagnostics (Avg Abs Error per sample, normalized units):
Hist | Count | MAE_Pred | MAE_Base | PredDevFromBase
-----|-------|----------|----------|----------------
0    | 8     | 0.6110   | 3.7696   | 3.7460 
1    | 9     | 0.6172   | 0.9160   | 0.6322 
2    | 11    | 0.4846   | 0.5551   | 0.4022 
3-5  | 59    | 0.4448   | 0.3926   | 0.3175 
6+   | 276   | 0.3295   | 0.2990   | 0.2692 

Epoch 48: loss = 0.415451 phase = C val_loss = 0.431410 delta_mae_pts = 0.3663 recap_mae_pts = 0.3663 cat_mae_pts = 0.4510 total_mae_pts = 1.0542 vs_inertia_pts = 0.0474 vs_quad_pts = 0.2799 lr_base = 0.000733 lr_mult = 0.5000 lr_eff = 0.000367 mon_cov = 0.961 mon_score = 1.2793 progress = 49/400 epoch_sec = 90.1 avg_epoch_sec = 88.5 elapsed = 01:12:19 eta = 08:38:00
Epoch 48 memory(end): tensors=258, buffers=258, bytes=18.3MB
[curriculum] phase=C age=20 ramp=80 delta=0.3663 cov=0.961 best_global_delta=0.3571

Epoch 49: Phase C (A_end=10, B_end=29, C_ramp=80) Weights {"totalWeight":0.04,"recapWeight":0.2375,"deltaWeight":3.1875,"categoryWeight":0.05,"quantileWeight":0.35,"consistencyWeight":0,"identityDropoutRate":1}, Scales {"judgeBias":1,"corps":0.6857142857142857}, SeqLen 15, ID_Drop 1.000, WFW 1.500 
Epoch 49 memory(start): tensors=258, buffers=258, bytes=18.3MB

History Bucket Diagnostics (Avg Abs Error per sample, normalized units):
Hist | Count | MAE_Pred | MAE_Base | PredDevFromBase
-----|-------|----------|----------|----------------
0    | 8     | 0.5800   | 3.7696   | 3.6731 
1    | 9     | 0.6807   | 0.9160   | 0.8549 
2    | 11    | 0.4580   | 0.5551   | 0.6057 
3-5  | 59    | 0.4307   | 0.3926   | 0.3958 
6+   | 276   | 0.3371   | 0.2990   | 0.2906 

Epoch 49: loss = 0.418608 phase = C val_loss = 0.449026 delta_mae_pts = 0.3699 recap_mae_pts = 0.3699 cat_mae_pts = 0.4305 total_mae_pts = 1.0108 vs_inertia_pts = 0.0439 vs_quad_pts = 0.2763 lr_base = 0.000732 lr_mult = 0.5000 lr_eff = 0.000366 mon_cov = 0.961 mon_score = 1.3287 progress = 50/400 epoch_sec = 91.5 avg_epoch_sec = 88.6 elapsed = 01:13:50 eta = 08:36:52
Epoch 49 memory(end): tensors=258, buffers=258, bytes=18.3MB
[curriculum] phase=C age=21 ramp=80 delta=0.3699 cov=0.961 best_global_delta=0.3571

Epoch 50: Phase C (A_end=10, B_end=29, C_ramp=80) Weights {"totalWeight":0.041,"recapWeight":0.234375,"deltaWeight":3.296875,"categoryWeight":0.05,"quantileWeight":0.36250000000000004,"consistencyWeight":0,"identityDropoutRate":1}, Scales {"judgeBias":1,"corps":0.7142857142857143}, SeqLen 15, ID_Drop 1.000, WFW 1.500 
Epoch 50 memory(start): tensors=258, buffers=258, bytes=18.3MB

History Bucket Diagnostics (Avg Abs Error per sample, normalized units):
Hist | Count | MAE_Pred | MAE_Base | PredDevFromBase
-----|-------|----------|----------|----------------
0    | 8     | 0.5977   | 3.7696   | 3.7657 
1    | 9     | 0.6055   | 0.9160   | 0.7021 
2    | 11    | 0.4348   | 0.5551   | 0.4352 
3-5  | 59    | 0.4269   | 0.3926   | 0.3407 
6+   | 276   | 0.3382   | 0.2990   | 0.2956 

Epoch 50: loss = 0.424720 phase = C val_loss = 0.459418 delta_mae_pts = 0.3679 recap_mae_pts = 0.3679 cat_mae_pts = 0.4525 total_mae_pts = 1.0282 vs_inertia_pts = 0.0458 vs_quad_pts = 0.2783 lr_base = 0.000731 lr_mult = 0.5000 lr_eff = 0.000366 mon_cov = 0.958 mon_score = 1.3639 progress = 51/400 epoch_sec = 90.8 avg_epoch_sec = 88.6 elapsed = 01:15:21 eta = 08:35:38
Epoch 50 memory(end): tensors=258, buffers=258, bytes=18.3MB

-- - CAPTION STATS(Epoch 50)-- - 
GE1: delta_pts = 0.3281, recap_pts = 0.3281, cov = 0.967, width = 1.9445 
GE2: delta_pts = 0.3256, recap_pts = 0.3256, cov = 0.975, width = 1.9855 
VP: delta_pts = 0.3748, recap_pts = 0.3748, cov = 0.950, width = 1.9775 
VA: delta_pts = 0.3345, recap_pts = 0.3345, cov = 0.959, width = 1.9780 
CG: delta_pts = 0.3718, recap_pts = 0.3718, cov = 0.967, width = 2.0468 
MB: delta_pts = 0.3297, recap_pts = 0.3297, cov = 0.978, width = 1.9685 
MA: delta_pts = 0.4066, recap_pts = 0.4066, cov = 0.948, width = 1.9621 
MP: delta_pts = 0.4719, recap_pts = 0.4719, cov = 0.923, width = 1.9852 
----------------------------------

[curriculum] phase=C age=22 ramp=80 delta=0.3679 cov=0.958 best_global_delta=0.3571

Epoch 51: Phase C (A_end=10, B_end=29, C_ramp=80) Weights {"totalWeight":0.042,"recapWeight":0.23124999999999998,"deltaWeight":3.40625,"categoryWeight":0.05,"quantileWeight":0.375,"consistencyWeight":0,"identityDropoutRate":1}, Scales {"judgeBias":1,"corps":0.7428571428571429}, SeqLen 15, ID_Drop 1.000, WFW 1.500 
Epoch 51 memory(start): tensors=258, buffers=258, bytes=18.3MB

History Bucket Diagnostics (Avg Abs Error per sample, normalized units):
Hist | Count | MAE_Pred | MAE_Base | PredDevFromBase
-----|-------|----------|----------|----------------
0    | 8     | 0.6961   | 3.7696   | 3.8313 
1    | 9     | 0.6311   | 0.9160   | 0.7056 
2    | 11    | 0.4508   | 0.5551   | 0.4662 
3-5  | 59    | 0.4267   | 0.3926   | 0.3514 
6+   | 276   | 0.3378   | 0.2990   | 0.2904 

Epoch 51: loss = 0.430150 phase = C val_loss = 0.475575 delta_mae_pts = 0.3709 recap_mae_pts = 0.3709 cat_mae_pts = 0.4589 total_mae_pts = 1.0628 vs_inertia_pts = 0.0429 vs_quad_pts = 0.2753 lr_base = 0.000731 lr_mult = 0.5000 lr_eff = 0.000365 mon_cov = 0.963 mon_score = 1.4166 progress = 52/400 epoch_sec = 91.0 avg_epoch_sec = 88.7 elapsed = 01:16:52 eta = 08:34:25
Epoch 51 memory(end): tensors=258, buffers=258, bytes=18.3MB
[curriculum] phase=C age=23 ramp=80 delta=0.3709 cov=0.963 best_global_delta=0.3571

Epoch 52: Phase C (A_end=10, B_end=29, C_ramp=80) Weights {"totalWeight":0.043,"recapWeight":0.228125,"deltaWeight":3.515625,"categoryWeight":0.05,"quantileWeight":0.38749999999999996,"consistencyWeight":0,"identityDropoutRate":1}, Scales {"judgeBias":1,"corps":0.7714285714285715}, SeqLen 15, ID_Drop 1.000, WFW 1.500 
Epoch 52 memory(start): tensors=258, buffers=258, bytes=18.3MB

History Bucket Diagnostics (Avg Abs Error per sample, normalized units):
Hist | Count | MAE_Pred | MAE_Base | PredDevFromBase
-----|-------|----------|----------|----------------
0    | 8     | 0.6874   | 3.7696   | 3.8976 
1    | 9     | 0.6398   | 0.9160   | 0.6999 
2    | 11    | 0.4297   | 0.5551   | 0.4886 
3-5  | 59    | 0.4223   | 0.3926   | 0.3756 
6+   | 276   | 0.3404   | 0.2990   | 0.3326 

Epoch 52: loss = 0.443459 phase = C val_loss = 0.491142 delta_mae_pts = 0.3715 recap_mae_pts = 0.3715 cat_mae_pts = 0.4474 total_mae_pts = 1.0717 vs_inertia_pts = 0.0422 vs_quad_pts = 0.2747 lr_base = 0.000730 lr_mult = 0.5000 lr_eff = 0.000365 mon_cov = 0.961 mon_score = 1.4593 progress = 53/400 epoch_sec = 91.9 avg_epoch_sec = 88.8 elapsed = 01:18:24 eta = 08:33:18
Epoch 52 memory(end): tensors=258, buffers=258, bytes=18.3MB
[curriculum] phase=C age=24 ramp=80 delta=0.3715 cov=0.961 best_global_delta=0.3571

Epoch 53: Phase C (A_end=10, B_end=29, C_ramp=80) Weights {"totalWeight":0.044,"recapWeight":0.22499999999999998,"deltaWeight":3.625,"categoryWeight":0.05,"quantileWeight":0.4,"consistencyWeight":0,"identityDropoutRate":1}, Scales {"judgeBias":1,"corps":0.8}, SeqLen 15, ID_Drop 1.000, WFW 1.500 
Epoch 53 memory(start): tensors=258, buffers=258, bytes=18.3MB

History Bucket Diagnostics (Avg Abs Error per sample, normalized units):
Hist | Count | MAE_Pred | MAE_Base | PredDevFromBase
-----|-------|----------|----------|----------------
0    | 8     | 0.6681   | 3.7696   | 3.9095 
1    | 9     | 0.5882   | 0.9160   | 0.7626 
2    | 11    | 0.4504   | 0.5551   | 0.4999 
3-5  | 59    | 0.4184   | 0.3926   | 0.3433 
6+   | 276   | 0.3357   | 0.2990   | 0.2846 

Epoch 53: loss = 0.452426 phase = C val_loss = 0.497261 delta_mae_pts = 0.3662 recap_mae_pts = 0.3662 cat_mae_pts = 0.4458 total_mae_pts = 1.0804 vs_inertia_pts = 0.0475 vs_quad_pts = 0.2800 lr_base = 0.000729 lr_mult = 0.5000 lr_eff = 0.000364 mon_cov = 0.957 mon_score = 1.4797 progress = 54/400 epoch_sec = 92.2 avg_epoch_sec = 88.8 elapsed = 01:19:56 eta = 08:32:11
Epoch 53 memory(end): tensors=258, buffers=258, bytes=18.3MB
[curriculum] phase=C age=25 ramp=80 delta=0.3662 cov=0.957 best_global_delta=0.3571

Epoch 54: Phase C (A_end=10, B_end=29, C_ramp=80) Weights {"totalWeight":0.045,"recapWeight":0.221875,"deltaWeight":3.734375,"categoryWeight":0.05,"quantileWeight":0.4125,"consistencyWeight":0,"identityDropoutRate":1}, Scales {"judgeBias":1,"corps":0.8285714285714286}, SeqLen 15, ID_Drop 1.000, WFW 1.500 
Epoch 54 memory(start): tensors=258, buffers=258, bytes=18.3MB

History Bucket Diagnostics (Avg Abs Error per sample, normalized units):
Hist | Count | MAE_Pred | MAE_Base | PredDevFromBase
-----|-------|----------|----------|----------------
0    | 8     | 0.7094   | 3.7696   | 3.8649 
1    | 9     | 0.6752   | 0.9160   | 0.6445 
2    | 11    | 0.4416   | 0.5551   | 0.4595 
3-5  | 59    | 0.4399   | 0.3926   | 0.3594 
6+   | 276   | 0.3368   | 0.2990   | 0.2940 

Epoch 54: loss = 0.459646 phase = C val_loss = 0.519667 delta_mae_pts = 0.3734 recap_mae_pts = 0.3734 cat_mae_pts = 0.4492 total_mae_pts = 1.0718 vs_inertia_pts = 0.0404 vs_quad_pts = 0.2728 lr_base = 0.000728 lr_mult = 0.5000 lr_eff = 0.000364 mon_cov = 0.957 mon_score = 1.5478 progress = 55/400 epoch_sec = 91.1 avg_epoch_sec = 88.9 elapsed = 01:21:27 eta = 08:30:56
Epoch 54 memory(end): tensors=258, buffers=258, bytes=18.3MB
[curriculum] phase=C age=26 ramp=80 delta=0.3734 cov=0.957 best_global_delta=0.3571

Epoch 55: Phase C (A_end=10, B_end=29, C_ramp=80) Weights {"totalWeight":0.046,"recapWeight":0.21875,"deltaWeight":3.84375,"categoryWeight":0.05,"quantileWeight":0.42500000000000004,"consistencyWeight":0,"identityDropoutRate":1}, Scales {"judgeBias":1,"corps":0.8571428571428571}, SeqLen 15, ID_Drop 1.000, WFW 1.500 
Epoch 55 memory(start): tensors=258, buffers=258, bytes=18.3MB

History Bucket Diagnostics (Avg Abs Error per sample, normalized units):
Hist | Count | MAE_Pred | MAE_Base | PredDevFromBase
-----|-------|----------|----------|----------------
0    | 8     | 0.6855   | 3.7696   | 3.9288 
1    | 9     | 0.6185   | 0.9160   | 0.8387 
2    | 11    | 0.4667   | 0.5551   | 0.5565 
3-5  | 59    | 0.4456   | 0.3926   | 0.3588 
6+   | 276   | 0.3382   | 0.2990   | 0.2880 

Epoch 55: loss = 0.475885 phase = C val_loss = 0.537628 delta_mae_pts = 0.3742 recap_mae_pts = 0.3742 cat_mae_pts = 0.4525 total_mae_pts = 1.0813 vs_inertia_pts = 0.0395 vs_quad_pts = 0.2720 lr_base = 0.000727 lr_mult = 0.5000 lr_eff = 0.000363 mon_cov = 0.961 mon_score = 1.5925 progress = 56/400 epoch_sec = 91.1 avg_epoch_sec = 88.9 elapsed = 01:22:58 eta = 08:29:41
Epoch 55 memory(end): tensors=258, buffers=258, bytes=18.3MB
[curriculum] phase=C age=27 ramp=80 delta=0.3742 cov=0.961 best_global_delta=0.3571

Epoch 56: Phase C (A_end=10, B_end=29, C_ramp=80) Weights {"totalWeight":0.047,"recapWeight":0.21562499999999998,"deltaWeight":3.953125,"categoryWeight":0.05,"quantileWeight":0.4375,"consistencyWeight":0,"identityDropoutRate":1}, Scales {"judgeBias":1,"corps":0.8857142857142857}, SeqLen 15, ID_Drop 1.000, WFW 1.500 
Epoch 56 memory(start): tensors=258, buffers=258, bytes=18.3MB

History Bucket Diagnostics (Avg Abs Error per sample, normalized units):
Hist | Count | MAE_Pred | MAE_Base | PredDevFromBase
-----|-------|----------|----------|----------------
0    | 8     | 0.6181   | 3.7696   | 3.7443 
1    | 9     | 0.6605   | 0.9160   | 0.6843 
2    | 11    | 0.4438   | 0.5551   | 0.4778 
3-5  | 59    | 0.4311   | 0.3926   | 0.3552 
6+   | 276   | 0.3245   | 0.2990   | 0.2784 

Epoch 56: loss = 0.485723 phase = C val_loss = 0.531251 delta_mae_pts = 0.3602 recap_mae_pts = 0.3602 cat_mae_pts = 0.4375 total_mae_pts = 1.0479 vs_inertia_pts = 0.0535 vs_quad_pts = 0.2860 lr_base = 0.000726 lr_mult = 0.5000 lr_eff = 0.000363 mon_cov = 0.966 mon_score = 1.5727 progress = 57/400 epoch_sec = 90.0 avg_epoch_sec = 88.9 elapsed = 01:24:28 eta = 08:28:19
Epoch 56 memory(end): tensors=258, buffers=258, bytes=18.3MB
[curriculum] phase=C age=28 ramp=80 delta=0.3602 cov=0.966 best_global_delta=0.3571

Epoch 57: Phase C (A_end=10, B_end=29, C_ramp=80) Weights {"totalWeight":0.048,"recapWeight":0.2125,"deltaWeight":4.0625,"categoryWeight":0.05,"quantileWeight":0.44999999999999996,"consistencyWeight":0,"identityDropoutRate":1}, Scales {"judgeBias":1,"corps":0.9142857142857143}, SeqLen 15, ID_Drop 1.000, WFW 1.500 
Epoch 57 memory(start): tensors=258, buffers=258, bytes=18.3MB

History Bucket Diagnostics (Avg Abs Error per sample, normalized units):
Hist | Count | MAE_Pred | MAE_Base | PredDevFromBase
-----|-------|----------|----------|----------------
0    | 8     | 0.6646   | 3.7696   | 3.8419 
1    | 9     | 0.5993   | 0.9160   | 0.7881 
2    | 11    | 0.4293   | 0.5551   | 0.5046 
3-5  | 59    | 0.4236   | 0.3926   | 0.3551 
6+   | 276   | 0.3292   | 0.2990   | 0.2987 

Epoch 57: loss = 0.489652 phase = C val_loss = 0.546672 delta_mae_pts = 0.3616 recap_mae_pts = 0.3616 cat_mae_pts = 0.4500 total_mae_pts = 1.0790 vs_inertia_pts = 0.0521 vs_quad_pts = 0.2845 lr_base = 0.000725 lr_mult = 0.5000 lr_eff = 0.000362 mon_cov = 0.963 mon_score = 1.6203 progress = 58/400 epoch_sec = 90.4 avg_epoch_sec = 88.9 elapsed = 01:25:59 eta = 08:26:58
Epoch 57 memory(end): tensors=258, buffers=258, bytes=18.3MB
[curriculum] phase=C age=29 ramp=80 delta=0.3616 cov=0.963 best_global_delta=0.3571

Epoch 58: Phase C (A_end=10, B_end=29, C_ramp=80) Weights {"totalWeight":0.049,"recapWeight":0.20937499999999998,"deltaWeight":4.171875,"categoryWeight":0.05,"quantileWeight":0.4625,"consistencyWeight":0,"identityDropoutRate":1}, Scales {"judgeBias":1,"corps":0.9428571428571428}, SeqLen 15, ID_Drop 1.000, WFW 1.500 
Epoch 58 memory(start): tensors=258, buffers=258, bytes=18.3MB

History Bucket Diagnostics (Avg Abs Error per sample, normalized units):
Hist | Count | MAE_Pred | MAE_Base | PredDevFromBase
-----|-------|----------|----------|----------------
0    | 8     | 0.8225   | 3.7696   | 3.9289 
1    | 9     | 0.6229   | 0.9160   | 0.6320 
2    | 11    | 0.4020   | 0.5551   | 0.4279 
3-5  | 59    | 0.4664   | 0.3926   | 0.3538 
6+   | 276   | 0.3387   | 0.2990   | 0.2907 

Epoch 58: loss = 0.496852 phase = C val_loss = 0.582459 delta_mae_pts = 0.3791 recap_mae_pts = 0.3791 cat_mae_pts = 0.4716 total_mae_pts = 1.1415 vs_inertia_pts = 0.0346 vs_quad_pts = 0.2671 lr_base = 0.000723 lr_mult = 0.5000 lr_eff = 0.000362 mon_cov = 0.957 mon_score = 1.7405 progress = 59/400 epoch_sec = 90.5 avg_epoch_sec = 89.0 elapsed = 01:27:29 eta = 08:25:38
Epoch 58 memory(end): tensors=258, buffers=258, bytes=18.3MB
[curriculum] phase=C age=30 ramp=80 delta=0.3791 cov=0.957 best_global_delta=0.3571

Epoch 59: Phase C (A_end=10, B_end=29, C_ramp=80) Weights {"totalWeight":0.05,"recapWeight":0.20625,"deltaWeight":4.28125,"categoryWeight":0.05,"quantileWeight":0.475,"consistencyWeight":0,"identityDropoutRate":1}, Scales {"judgeBias":1,"corps":0.9714285714285714}, SeqLen 15, ID_Drop 1.000, WFW 1.500 
Epoch 59 memory(start): tensors=258, buffers=258, bytes=18.3MB

History Bucket Diagnostics (Avg Abs Error per sample, normalized units):
Hist | Count | MAE_Pred | MAE_Base | PredDevFromBase
-----|-------|----------|----------|----------------
0    | 8     | 0.5778   | 3.7696   | 3.8286 
1    | 9     | 0.6069   | 0.9160   | 0.8089 
2    | 11    | 0.4310   | 0.5551   | 0.5130 
3-5  | 59    | 0.4090   | 0.3926   | 0.3457 
6+   | 276   | 0.3332   | 0.2990   | 0.2953 

Epoch 59: loss = 0.503632 phase = C val_loss = 0.569482 delta_mae_pts = 0.3607 recap_mae_pts = 0.3607 cat_mae_pts = 0.4281 total_mae_pts = 0.9900 vs_inertia_pts = 0.0530 vs_quad_pts = 0.2855 lr_base = 0.000722 lr_mult = 0.5000 lr_eff = 0.000361 mon_cov = 0.963 mon_score = 1.6894 progress = 60/400 epoch_sec = 90.8 avg_epoch_sec = 89.0 elapsed = 01:29:00 eta = 08:24:20
Epoch 59 memory(end): tensors=258, buffers=258, bytes=18.3MB
[curriculum] phase=C age=31 ramp=80 delta=0.3607 cov=0.963 best_global_delta=0.3571

Epoch 60: Phase C (A_end=10, B_end=29, C_ramp=80) Weights {"totalWeight":0.051000000000000004,"recapWeight":0.203125,"deltaWeight":4.390625,"categoryWeight":0.05,"quantileWeight":0.48750000000000004,"consistencyWeight":0,"identityDropoutRate":1}, Scales {"judgeBias":1,"corps":1}, SeqLen 15, ID_Drop 1.000, WFW 1.500 
Epoch 60 memory(start): tensors=258, buffers=258, bytes=18.3MB

History Bucket Diagnostics (Avg Abs Error per sample, normalized units):
Hist | Count | MAE_Pred | MAE_Base | PredDevFromBase
-----|-------|----------|----------|----------------
0    | 8     | 0.6989   | 3.7696   | 3.9436 
1    | 9     | 0.6300   | 0.9160   | 0.7941 
2    | 11    | 0.4369   | 0.5551   | 0.5614 
3-5  | 59    | 0.4107   | 0.3926   | 0.3800 
6+   | 276   | 0.3263   | 0.2990   | 0.3045 

Epoch 60: loss = 0.510265 phase = C val_loss = 0.581156 delta_mae_pts = 0.3591 recap_mae_pts = 0.3591 cat_mae_pts = 0.4429 total_mae_pts = 1.0259 vs_inertia_pts = 0.0546 vs_quad_pts = 0.2871 lr_base = 0.000721 lr_mult = 0.5000 lr_eff = 0.000361 mon_cov = 0.956 mon_score = 1.7242 progress = 61/400 epoch_sec = 90.4 avg_epoch_sec = 89.0 elapsed = 01:30:30 eta = 08:22:58
Epoch 60 memory(end): tensors=258, buffers=258, bytes=18.3MB
[curriculum] phase=C age=32 ramp=80 delta=0.3591 cov=0.956 best_global_delta=0.3571

Epoch 61: Phase C (A_end=10, B_end=29, C_ramp=80) Weights {"totalWeight":0.052000000000000005,"recapWeight":0.19999999999999998,"deltaWeight":4.5,"categoryWeight":0.05,"quantileWeight":0.5,"consistencyWeight":0,"identityDropoutRate":1}, Scales {"judgeBias":1,"corps":1}, SeqLen 15, ID_Drop 1.000, WFW 1.500 
Epoch 61 memory(start): tensors=258, buffers=258, bytes=18.3MB

History Bucket Diagnostics (Avg Abs Error per sample, normalized units):
Hist | Count | MAE_Pred | MAE_Base | PredDevFromBase
-----|-------|----------|----------|----------------
0    | 8     | 0.6720   | 3.7696   | 3.9198 
1    | 9     | 0.6381   | 0.9160   | 0.7985 
2    | 11    | 0.4217   | 0.5551   | 0.5568 
3-5  | 59    | 0.4272   | 0.3926   | 0.3998 
6+   | 276   | 0.3408   | 0.2990   | 0.3398 

Epoch 61: loss = 0.513822 phase = C val_loss = 0.612539 delta_mae_pts = 0.3720 recap_mae_pts = 0.3720 cat_mae_pts = 0.4396 total_mae_pts = 1.0628 vs_inertia_pts = 0.0417 vs_quad_pts = 0.2742 lr_base = 0.000720 lr_mult = 0.5000 lr_eff = 0.000360 mon_cov = 0.961 mon_score = 1.8256 progress = 62/400 epoch_sec = 90.4 avg_epoch_sec = 89.0 elapsed = 01:32:01 eta = 08:21:37
Epoch 61 memory(end): tensors=258, buffers=258, bytes=18.3MB
[curriculum] phase=C age=33 ramp=80 delta=0.3720 cov=0.961 best_global_delta=0.3571

Epoch 62: Phase C (A_end=10, B_end=29, C_ramp=80) Weights {"totalWeight":0.053000000000000005,"recapWeight":0.196875,"deltaWeight":4.609375,"categoryWeight":0.05,"quantileWeight":0.5125,"consistencyWeight":0,"identityDropoutRate":1}, Scales {"judgeBias":1,"corps":1}, SeqLen 15, ID_Drop 1.000, WFW 1.500 
Epoch 62 memory(start): tensors=258, buffers=258, bytes=18.3MB

History Bucket Diagnostics (Avg Abs Error per sample, normalized units):
Hist | Count | MAE_Pred | MAE_Base | PredDevFromBase
-----|-------|----------|----------|----------------
0    | 8     | 0.5962   | 3.7696   | 3.8113 
1    | 9     | 0.6230   | 0.9160   | 0.7797 
2    | 11    | 0.4511   | 0.5551   | 0.5572 
3-5  | 59    | 0.4322   | 0.3926   | 0.3844 
6+   | 276   | 0.3389   | 0.2990   | 0.3180 

Epoch 62: loss = 0.527338 phase = C val_loss = 0.624201 delta_mae_pts = 0.3702 recap_mae_pts = 0.3702 cat_mae_pts = 0.4506 total_mae_pts = 1.0493 vs_inertia_pts = 0.0436 vs_quad_pts = 0.2760 lr_base = 0.000719 lr_mult = 0.5000 lr_eff = 0.000359 mon_cov = 0.962 mon_score = 1.8572 progress = 63/400 epoch_sec = 90.4 avg_epoch_sec = 89.1 elapsed = 01:33:31 eta = 08:20:15
Epoch 62 memory(end): tensors=258, buffers=258, bytes=18.3MB
[curriculum] phase=C age=34 ramp=80 delta=0.3702 cov=0.962 best_global_delta=0.3571

Epoch 63: Phase C (A_end=10, B_end=29, C_ramp=80) Weights {"totalWeight":0.054000000000000006,"recapWeight":0.19374999999999998,"deltaWeight":4.71875,"categoryWeight":0.05,"quantileWeight":0.525,"consistencyWeight":0,"identityDropoutRate":1}, Scales {"judgeBias":1,"corps":1}, SeqLen 15, ID_Drop 1.000, WFW 1.500 
Epoch 63 memory(start): tensors=258, buffers=258, bytes=18.3MB

History Bucket Diagnostics (Avg Abs Error per sample, normalized units):
Hist | Count | MAE_Pred | MAE_Base | PredDevFromBase
-----|-------|----------|----------|----------------
0    | 8     | 0.6340   | 3.7696   | 3.8059 
1    | 9     | 0.6622   | 0.9160   | 0.8807 
2    | 11    | 0.4767   | 0.5551   | 0.6126 
3-5  | 59    | 0.4223   | 0.3926   | 0.3917 
6+   | 276   | 0.3268   | 0.2990   | 0.3033 

Epoch 63: loss = 0.530817 phase = C val_loss = 0.624513 delta_mae_pts = 0.3619 recap_mae_pts = 0.3619 cat_mae_pts = 0.4357 total_mae_pts = 1.0281 vs_inertia_pts = 0.0518 vs_quad_pts = 0.2843 lr_base = 0.000718 lr_mult = 0.5000 lr_eff = 0.000359 mon_cov = 0.958 mon_score = 1.8552 progress = 64/400 epoch_sec = 90.9 avg_epoch_sec = 89.1 elapsed = 01:35:02 eta = 08:18:56
Epoch 63 memory(end): tensors=258, buffers=258, bytes=18.3MB
[curriculum] phase=C age=35 ramp=80 delta=0.3619 cov=0.958 best_global_delta=0.3571

Epoch 64: Phase C (A_end=10, B_end=29, C_ramp=80) Weights {"totalWeight":0.05500000000000001,"recapWeight":0.190625,"deltaWeight":4.828125,"categoryWeight":0.05,"quantileWeight":0.5375,"consistencyWeight":0,"identityDropoutRate":1}, Scales {"judgeBias":1,"corps":1}, SeqLen 15, ID_Drop 1.000, WFW 1.500 
Epoch 64 memory(start): tensors=258, buffers=258, bytes=18.3MB

History Bucket Diagnostics (Avg Abs Error per sample, normalized units):
Hist | Count | MAE_Pred | MAE_Base | PredDevFromBase
-----|-------|----------|----------|----------------
0    | 8     | 0.6969   | 3.7696   | 3.9261 
1    | 9     | 0.6120   | 0.9160   | 0.7370 
2    | 11    | 0.4147   | 0.5551   | 0.5322 
3-5  | 59    | 0.4350   | 0.3926   | 0.3800 
6+   | 276   | 0.3380   | 0.2990   | 0.3288 

Epoch 64: loss = 0.547585 phase = C val_loss = 0.650199 delta_mae_pts = 0.3708 recap_mae_pts = 0.3708 cat_mae_pts = 0.4534 total_mae_pts = 1.0667 vs_inertia_pts = 0.0429 vs_quad_pts = 0.2754 lr_base = 0.000716 lr_mult = 0.5000 lr_eff = 0.000358 mon_cov = 0.954 mon_score = 1.9422 progress = 65/400 epoch_sec = 90.2 avg_epoch_sec = 89.1 elapsed = 01:36:32 eta = 08:17:32
Epoch 64 memory(end): tensors=258, buffers=258, bytes=18.3MB
[curriculum] phase=C age=36 ramp=80 delta=0.3708 cov=0.954 best_global_delta=0.3571

Epoch 65: Phase C (A_end=10, B_end=29, C_ramp=80) Weights {"totalWeight":0.05600000000000001,"recapWeight":0.1875,"deltaWeight":4.9375,"categoryWeight":0.05,"quantileWeight":0.55,"consistencyWeight":0,"identityDropoutRate":1}, Scales {"judgeBias":1,"corps":1}, SeqLen 15, ID_Drop 1.000, WFW 1.500 
Epoch 65 memory(start): tensors=258, buffers=258, bytes=18.3MB

History Bucket Diagnostics (Avg Abs Error per sample, normalized units):
Hist | Count | MAE_Pred | MAE_Base | PredDevFromBase
-----|-------|----------|----------|----------------
0    | 8     | 0.6570   | 3.7696   | 3.8462 
1    | 9     | 0.6314   | 0.9160   | 0.7839 
2    | 11    | 0.4808   | 0.5551   | 0.5940 
3-5  | 59    | 0.4441   | 0.3926   | 0.3972 
6+   | 276   | 0.3457   | 0.2990   | 0.3316 

Epoch 65: loss = 0.550962 phase = C val_loss = 0.677010 delta_mae_pts = 0.3797 recap_mae_pts = 0.3797 cat_mae_pts = 0.4449 total_mae_pts = 1.0276 vs_inertia_pts = 0.0340 vs_quad_pts = 0.2664 lr_base = 0.000715 lr_mult = 0.5000 lr_eff = 0.000358 mon_cov = 0.956 mon_score = 2.0259 progress = 66/400 epoch_sec = 91.1 avg_epoch_sec = 89.1 elapsed = 01:38:03 eta = 08:16:13
Epoch 65 memory(end): tensors=258, buffers=258, bytes=18.3MB
[curriculum] phase=C age=37 ramp=80 delta=0.3797 cov=0.956 best_global_delta=0.3571

--- NO MONITOR IMPROVEMENT FOR 18 EPOCHS: plateau multiplier 0.5000 -> 0.2500, effective LR 0.000179 ---

Epoch 66: Phase C (A_end=10, B_end=29, C_ramp=80) Weights {"totalWeight":0.05700000000000001,"recapWeight":0.18437499999999998,"deltaWeight":5.046875,"categoryWeight":0.05,"quantileWeight":0.5625,"consistencyWeight":0,"identityDropoutRate":1}, Scales {"judgeBias":1,"corps":1}, SeqLen 15, ID_Drop 1.000, WFW 1.500 
Epoch 66 memory(start): tensors=258, buffers=258, bytes=18.3MB

History Bucket Diagnostics (Avg Abs Error per sample, normalized units):
Hist | Count | MAE_Pred | MAE_Base | PredDevFromBase
-----|-------|----------|----------|----------------
0    | 8     | 0.6680   | 3.7696   | 3.8452 
1    | 9     | 0.6289   | 0.9160   | 0.7720 
2    | 11    | 0.4341   | 0.5551   | 0.5487 
3-5  | 59    | 0.4374   | 0.3926   | 0.3764 
6+   | 276   | 0.3423   | 0.2990   | 0.3148 

Epoch 66: loss = 0.543811 phase = C val_loss = 0.684039 delta_mae_pts = 0.3748 recap_mae_pts = 0.3748 cat_mae_pts = 0.4627 total_mae_pts = 1.1144 vs_inertia_pts = 0.0389 vs_quad_pts = 0.2714 lr_base = 0.000714 lr_mult = 0.2500 lr_eff = 0.000178 mon_cov = 0.951 mon_score = 2.0473 progress = 67/400 epoch_sec = 91.1 avg_epoch_sec = 89.2 elapsed = 01:39:34 eta = 08:14:53
Epoch 66 memory(end): tensors=258, buffers=258, bytes=18.3MB
[curriculum] phase=C age=38 ramp=80 delta=0.3748 cov=0.951 best_global_delta=0.3571

Epoch 67: Phase C (A_end=10, B_end=29, C_ramp=80) Weights {"totalWeight":0.057999999999999996,"recapWeight":0.18125,"deltaWeight":5.15625,"categoryWeight":0.05,"quantileWeight":0.575,"consistencyWeight":0,"identityDropoutRate":1}, Scales {"judgeBias":1,"corps":1}, SeqLen 15, ID_Drop 1.000, WFW 1.500 
Epoch 67 memory(start): tensors=258, buffers=258, bytes=18.3MB

History Bucket Diagnostics (Avg Abs Error per sample, normalized units):
Hist | Count | MAE_Pred | MAE_Base | PredDevFromBase
-----|-------|----------|----------|----------------
0    | 8     | 0.6766   | 3.7696   | 3.9622 
1    | 9     | 0.6154   | 0.9160   | 0.8436 
2    | 11    | 0.4386   | 0.5551   | 0.5994 
3-5  | 59    | 0.4070   | 0.3926   | 0.3822 
6+   | 276   | 0.3344   | 0.2990   | 0.3224 

Epoch 67: loss = 0.545373 phase = C val_loss = 0.679000 delta_mae_pts = 0.3639 recap_mae_pts = 0.3639 cat_mae_pts = 0.4403 total_mae_pts = 0.9972 vs_inertia_pts = 0.0498 vs_quad_pts = 0.2823 lr_base = 0.000713 lr_mult = 0.2500 lr_eff = 0.000178 mon_cov = 0.960 mon_score = 2.0221 progress = 68/400 epoch_sec = 91.4 avg_epoch_sec = 89.2 elapsed = 01:41:06 eta = 08:13:35
Epoch 67 memory(end): tensors=258, buffers=258, bytes=18.3MB
[curriculum] phase=C age=39 ramp=80 delta=0.3639 cov=0.960 best_global_delta=0.3571

Epoch 68: Phase C (A_end=10, B_end=29, C_ramp=80) Weights {"totalWeight":0.059,"recapWeight":0.17812499999999998,"deltaWeight":5.265625,"categoryWeight":0.05,"quantileWeight":0.5875,"consistencyWeight":0,"identityDropoutRate":1}, Scales {"judgeBias":1,"corps":1}, SeqLen 15, ID_Drop 1.000, WFW 1.500 
Epoch 68 memory(start): tensors=258, buffers=258, bytes=18.3MB

History Bucket Diagnostics (Avg Abs Error per sample, normalized units):
Hist | Count | MAE_Pred | MAE_Base | PredDevFromBase
-----|-------|----------|----------|----------------
0    | 8     | 0.6457   | 3.7696   | 3.8379 
1    | 9     | 0.6209   | 0.9160   | 0.8042 
2    | 11    | 0.4415   | 0.5551   | 0.5544 
3-5  | 59    | 0.4179   | 0.3926   | 0.3846 
6+   | 276   | 0.3405   | 0.2990   | 0.3362 

Epoch 68: loss = 0.549219 phase = C val_loss = 0.702245 delta_mae_pts = 0.3698 recap_mae_pts = 0.3698 cat_mae_pts = 0.4500 total_mae_pts = 1.0496 vs_inertia_pts = 0.0439 vs_quad_pts = 0.2763 lr_base = 0.000711 lr_mult = 0.2500 lr_eff = 0.000178 mon_cov = 0.957 mon_score = 2.0976 progress = 69/400 epoch_sec = 90.6 avg_epoch_sec = 89.2 elapsed = 01:42:36 eta = 08:12:13
Epoch 68 memory(end): tensors=258, buffers=258, bytes=18.3MB
[curriculum] phase=C age=40 ramp=80 delta=0.3698 cov=0.957 best_global_delta=0.3571

Epoch 69: Phase C (A_end=10, B_end=29, C_ramp=80) Weights {"totalWeight":0.06,"recapWeight":0.175,"deltaWeight":5.375,"categoryWeight":0.05,"quantileWeight":0.6,"consistencyWeight":0,"identityDropoutRate":1}, Scales {"judgeBias":1,"corps":1}, SeqLen 15, ID_Drop 1.000, WFW 1.500 
Epoch 69 memory(start): tensors=258, buffers=258, bytes=18.3MB

History Bucket Diagnostics (Avg Abs Error per sample, normalized units):
Hist | Count | MAE_Pred | MAE_Base | PredDevFromBase
-----|-------|----------|----------|----------------
0    | 8     | 0.6951   | 3.7696   | 3.9557 
1    | 9     | 0.6181   | 0.9160   | 0.7655 
2    | 11    | 0.4308   | 0.5551   | 0.5368 
3-5  | 59    | 0.4258   | 0.3926   | 0.3744 
6+   | 276   | 0.3389   | 0.2990   | 0.3254 

Epoch 69: loss = 0.554747 phase = C val_loss = 0.717906 delta_mae_pts = 0.3705 recap_mae_pts = 0.3705 cat_mae_pts = 0.4494 total_mae_pts = 1.0619 vs_inertia_pts = 0.0432 vs_quad_pts = 0.2756 lr_base = 0.000710 lr_mult = 0.2500 lr_eff = 0.000178 mon_cov = 0.954 mon_score = 2.1427 progress = 70/400 epoch_sec = 90.9 avg_epoch_sec = 89.2 elapsed = 01:44:07 eta = 08:10:51
Epoch 69 memory(end): tensors=258, buffers=258, bytes=18.3MB
[curriculum] phase=C age=41 ramp=80 delta=0.3705 cov=0.954 best_global_delta=0.3571

Epoch 70: Phase C (A_end=10, B_end=29, C_ramp=80) Weights {"totalWeight":0.061,"recapWeight":0.171875,"deltaWeight":5.484375,"categoryWeight":0.05,"quantileWeight":0.6124999999999999,"consistencyWeight":0,"identityDropoutRate":0.988125}, Scales {"judgeBias":1,"corps":1}, SeqLen 15, ID_Drop 0.991, WFW 1.500 
Epoch 70 memory(start): tensors=258, buffers=258, bytes=18.3MB

History Bucket Diagnostics (Avg Abs Error per sample, normalized units):
Hist | Count | MAE_Pred | MAE_Base | PredDevFromBase
-----|-------|----------|----------|----------------
0    | 8     | 0.5568   | 3.7696   | 3.8105 
1    | 9     | 0.5911   | 0.9160   | 0.8449 
2    | 11    | 0.4795   | 0.5551   | 0.6111 
3-5  | 59    | 0.4031   | 0.3926   | 0.3954 
6+   | 276   | 0.3320   | 0.2990   | 0.3284 

Epoch 70: loss = 0.559137 phase = C val_loss = 0.711428 delta_mae_pts = 0.3594 recap_mae_pts = 0.3594 cat_mae_pts = 0.4364 total_mae_pts = 1.0175 vs_inertia_pts = 0.0543 vs_quad_pts = 0.2867 lr_base = 0.000709 lr_mult = 0.2500 lr_eff = 0.000177 mon_cov = 0.958 mon_score = 2.1169 progress = 71/400 epoch_sec = 91.1 avg_epoch_sec = 89.3 elapsed = 01:45:38 eta = 08:09:31
Epoch 70 memory(end): tensors=258, buffers=258, bytes=18.3MB
[curriculum] phase=C age=42 ramp=80 delta=0.3594 cov=0.958 best_global_delta=0.3571

Epoch 71: Phase C (A_end=10, B_end=29, C_ramp=80) Weights {"totalWeight":0.062,"recapWeight":0.16874999999999998,"deltaWeight":5.59375,"categoryWeight":0.05,"quantileWeight":0.625,"consistencyWeight":0,"identityDropoutRate":0.97625}, Scales {"judgeBias":1,"corps":1}, SeqLen 15, ID_Drop 0.976, WFW 1.500 
Epoch 71 memory(start): tensors=258, buffers=258, bytes=18.3MB

History Bucket Diagnostics (Avg Abs Error per sample, normalized units):
Hist | Count | MAE_Pred | MAE_Base | PredDevFromBase
-----|-------|----------|----------|----------------
0    | 8     | 0.6419   | 3.7696   | 3.8860 
1    | 9     | 0.6188   | 0.9160   | 0.8172 
2    | 11    | 0.4648   | 0.5551   | 0.5708 
3-5  | 59    | 0.4246   | 0.3926   | 0.3944 
6+   | 276   | 0.3419   | 0.2990   | 0.3420 

Epoch 71: loss = 0.569747 phase = C val_loss = 0.747483 delta_mae_pts = 0.3726 recap_mae_pts = 0.3726 cat_mae_pts = 0.4598 total_mae_pts = 1.0624 vs_inertia_pts = 0.0411 vs_quad_pts = 0.2736 lr_base = 0.000707 lr_mult = 0.2500 lr_eff = 0.000177 mon_cov = 0.953 mon_score = 2.2358 progress = 72/400 epoch_sec = 91.4 avg_epoch_sec = 89.3 elapsed = 01:47:10 eta = 08:08:11
Epoch 71 memory(end): tensors=258, buffers=258, bytes=18.3MB
[curriculum] phase=C age=43 ramp=80 delta=0.3726 cov=0.953 best_global_delta=0.3571

Epoch 72: Phase C (A_end=10, B_end=29, C_ramp=80) Weights {"totalWeight":0.063,"recapWeight":0.165625,"deltaWeight":5.703125,"categoryWeight":0.05,"quantileWeight":0.6375,"consistencyWeight":0,"identityDropoutRate":0.964375}, Scales {"judgeBias":1,"corps":1}, SeqLen 15, ID_Drop 0.966, WFW 1.500 
Epoch 72 memory(start): tensors=258, buffers=258, bytes=18.3MB

History Bucket Diagnostics (Avg Abs Error per sample, normalized units):
Hist | Count | MAE_Pred | MAE_Base | PredDevFromBase
-----|-------|----------|----------|----------------
0    | 8     | 0.6950   | 3.7696   | 3.8501 
1    | 9     | 0.6002   | 0.9160   | 0.8053 
2    | 11    | 0.4578   | 0.5551   | 0.5386 
3-5  | 59    | 0.4111   | 0.3926   | 0.3771 
6+   | 276   | 0.3338   | 0.2990   | 0.3226 

Epoch 72: loss = 0.578834 phase = C val_loss = 0.747693 delta_mae_pts = 0.3647 recap_mae_pts = 0.3647 cat_mae_pts = 0.4405 total_mae_pts = 1.0584 vs_inertia_pts = 0.0491 vs_quad_pts = 0.2815 lr_base = 0.000706 lr_mult = 0.2500 lr_eff = 0.000177 mon_cov = 0.957 mon_score = 2.2288 progress = 73/400 epoch_sec = 91.5 avg_epoch_sec = 89.3 elapsed = 01:48:41 eta = 08:06:52
Epoch 72 memory(end): tensors=258, buffers=258, bytes=18.3MB
[curriculum] phase=C age=44 ramp=80 delta=0.3647 cov=0.957 best_global_delta=0.3571

Epoch 73: Phase C (A_end=10, B_end=29, C_ramp=80) Weights {"totalWeight":0.064,"recapWeight":0.16249999999999998,"deltaWeight":5.8125,"categoryWeight":0.05,"quantileWeight":0.65,"consistencyWeight":0,"identityDropoutRate":0.9525}, Scales {"judgeBias":1,"corps":1}, SeqLen 15, ID_Drop 0.950, WFW 1.500 
Epoch 73 memory(start): tensors=258, buffers=258, bytes=18.3MB

History Bucket Diagnostics (Avg Abs Error per sample, normalized units):
Hist | Count | MAE_Pred | MAE_Base | PredDevFromBase
-----|-------|----------|----------|----------------
0    | 8     | 0.6557   | 3.7696   | 3.8477 
1    | 9     | 0.6172   | 0.9160   | 0.8077 
2    | 11    | 0.4470   | 0.5551   | 0.5600 
3-5  | 59    | 0.4296   | 0.3926   | 0.3801 
6+   | 276   | 0.3371   | 0.2990   | 0.3203 

Epoch 73: loss = 0.583482 phase = C val_loss = 0.769740 delta_mae_pts = 0.3694 recap_mae_pts = 0.3694 cat_mae_pts = 0.4580 total_mae_pts = 1.0673 vs_inertia_pts = 0.0443 vs_quad_pts = 0.2767 lr_base = 0.000705 lr_mult = 0.2500 lr_eff = 0.000176 mon_cov = 0.949 mon_score = 2.2986 progress = 74/400 epoch_sec = 91.5 avg_epoch_sec = 89.4 elapsed = 01:50:13 eta = 08:05:32
Epoch 73 memory(end): tensors=258, buffers=258, bytes=18.3MB
[curriculum] phase=C age=45 ramp=80 delta=0.3694 cov=0.949 best_global_delta=0.3571

Epoch 74: Phase C (A_end=10, B_end=29, C_ramp=80) Weights {"totalWeight":0.065,"recapWeight":0.159375,"deltaWeight":5.921875,"categoryWeight":0.05,"quantileWeight":0.6625,"consistencyWeight":0,"identityDropoutRate":0.940625}, Scales {"judgeBias":1,"corps":1}, SeqLen 15, ID_Drop 0.940, WFW 1.500 
Epoch 74 memory(start): tensors=258, buffers=258, bytes=18.3MB

History Bucket Diagnostics (Avg Abs Error per sample, normalized units):
Hist | Count | MAE_Pred | MAE_Base | PredDevFromBase
-----|-------|----------|----------|----------------
0    | 8     | 0.7060   | 3.7696   | 3.9009 
1    | 9     | 0.6153   | 0.9160   | 0.8164 
2    | 11    | 0.4695   | 0.5551   | 0.5537 
3-5  | 59    | 0.4141   | 0.3926   | 0.3822 
6+   | 276   | 0.3313   | 0.2990   | 0.3302 

Epoch 74: loss = 0.589240 phase = C val_loss = 0.774008 delta_mae_pts = 0.3643 recap_mae_pts = 0.3643 cat_mae_pts = 0.4521 total_mae_pts = 1.0787 vs_inertia_pts = 0.0495 vs_quad_pts = 0.2819 lr_base = 0.000703 lr_mult = 0.2500 lr_eff = 0.000176 mon_cov = 0.956 mon_score = 2.3080 progress = 75/400 epoch_sec = 91.2 avg_epoch_sec = 89.4 elapsed = 01:51:44 eta = 08:04:10
Epoch 74 memory(end): tensors=258, buffers=258, bytes=18.3MB
[curriculum] phase=C age=46 ramp=80 delta=0.3643 cov=0.956 best_global_delta=0.3571

Epoch 75: Phase C (A_end=10, B_end=29, C_ramp=80) Weights {"totalWeight":0.066,"recapWeight":0.15625,"deltaWeight":6.03125,"categoryWeight":0.05,"quantileWeight":0.6749999999999999,"consistencyWeight":0,"identityDropoutRate":0.92875}, Scales {"judgeBias":1,"corps":1}, SeqLen 15, ID_Drop 0.937, WFW 1.500 
Epoch 75 memory(start): tensors=258, buffers=258, bytes=18.3MB

History Bucket Diagnostics (Avg Abs Error per sample, normalized units):
Hist | Count | MAE_Pred | MAE_Base | PredDevFromBase
-----|-------|----------|----------|----------------
0    | 8     | 0.6077   | 3.7696   | 3.7508 
1    | 9     | 0.6403   | 0.9160   | 0.8443 
2    | 11    | 0.4762   | 0.5551   | 0.5856 
3-5  | 59    | 0.4071   | 0.3926   | 0.3945 
6+   | 276   | 0.3300   | 0.2990   | 0.3324 

Epoch 75: loss = 0.597980 phase = C val_loss = 0.780589 delta_mae_pts = 0.3608 recap_mae_pts = 0.3608 cat_mae_pts = 0.4436 total_mae_pts = 1.0535 vs_inertia_pts = 0.0529 vs_quad_pts = 0.2854 lr_base = 0.000702 lr_mult = 0.2500 lr_eff = 0.000175 mon_cov = 0.953 mon_score = 2.3240 progress = 76/400 epoch_sec = 92.8 avg_epoch_sec = 89.4 elapsed = 01:53:17 eta = 08:02:56
Epoch 75 memory(end): tensors=258, buffers=258, bytes=18.3MB
[curriculum] phase=C age=47 ramp=80 delta=0.3608 cov=0.953 best_global_delta=0.3571

Epoch 76: Phase C (A_end=10, B_end=29, C_ramp=80) Weights {"totalWeight":0.067,"recapWeight":0.15312499999999998,"deltaWeight":6.140625,"categoryWeight":0.05,"quantileWeight":0.6875,"consistencyWeight":0,"identityDropoutRate":0.916875}, Scales {"judgeBias":1,"corps":1}, SeqLen 15, ID_Drop 0.924, WFW 1.500 
Epoch 76 memory(start): tensors=258, buffers=258, bytes=18.3MB

History Bucket Diagnostics (Avg Abs Error per sample, normalized units):
Hist | Count | MAE_Pred | MAE_Base | PredDevFromBase
-----|-------|----------|----------|----------------
0    | 8     | 0.7536   | 3.7696   | 3.9550 
1    | 9     | 0.6133   | 0.9160   | 0.8030 
2    | 11    | 0.4584   | 0.5551   | 0.5680 
3-5  | 59    | 0.4344   | 0.3926   | 0.3993 
6+   | 276   | 0.3389   | 0.2990   | 0.3363 

Epoch 76: loss = 0.607484 phase = C val_loss = 0.819664 delta_mae_pts = 0.3740 recap_mae_pts = 0.3740 cat_mae_pts = 0.4667 total_mae_pts = 1.0895 vs_inertia_pts = 0.0397 vs_quad_pts = 0.2722 lr_base = 0.000700 lr_mult = 0.2500 lr_eff = 0.000175 mon_cov = 0.946 mon_score = 2.4503 progress = 77/400 epoch_sec = 91.3 avg_epoch_sec = 89.5 elapsed = 01:54:48 eta = 08:01:34
Epoch 76 memory(end): tensors=258, buffers=258, bytes=18.3MB
[curriculum] phase=C age=48 ramp=80 delta=0.3740 cov=0.946 best_global_delta=0.3571

Epoch 77: Phase C (A_end=10, B_end=29, C_ramp=80) Weights {"totalWeight":0.068,"recapWeight":0.15,"deltaWeight":6.25,"categoryWeight":0.05,"quantileWeight":0.7,"consistencyWeight":0,"identityDropoutRate":0.905}, Scales {"judgeBias":1,"corps":1}, SeqLen 15, ID_Drop 0.906, WFW 1.500 
Epoch 77 memory(start): tensors=258, buffers=258, bytes=18.3MB

History Bucket Diagnostics (Avg Abs Error per sample, normalized units):
Hist | Count | MAE_Pred | MAE_Base | PredDevFromBase
-----|-------|----------|----------|----------------
0    | 8     | 0.6700   | 3.7696   | 3.8704 
1    | 9     | 0.6120   | 0.9160   | 0.7974 
2    | 11    | 0.4427   | 0.5551   | 0.5255 
3-5  | 59    | 0.4258   | 0.3926   | 0.3771 
6+   | 276   | 0.3291   | 0.2990   | 0.3200 

Epoch 77: loss = 0.613960 phase = C val_loss = 0.812167 delta_mae_pts = 0.3628 recap_mae_pts = 0.3628 cat_mae_pts = 0.4585 total_mae_pts = 1.1036 vs_inertia_pts = 0.0509 vs_quad_pts = 0.2834 lr_base = 0.000699 lr_mult = 0.2500 lr_eff = 0.000175 mon_cov = 0.944 mon_score = 2.4199 progress = 78/400 epoch_sec = 90.8 avg_epoch_sec = 89.5 elapsed = 01:56:19 eta = 08:00:10
Epoch 77 memory(end): tensors=258, buffers=258, bytes=18.3MB
[curriculum] phase=C age=49 ramp=80 delta=0.3628 cov=0.944 best_global_delta=0.3571

Epoch 78: Phase C (A_end=10, B_end=29, C_ramp=80) Weights {"totalWeight":0.069,"recapWeight":0.14687499999999998,"deltaWeight":6.359375,"categoryWeight":0.05,"quantileWeight":0.7125,"consistencyWeight":0,"identityDropoutRate":0.893125}, Scales {"judgeBias":1,"corps":1}, SeqLen 15, ID_Drop 0.895, WFW 1.500 
Epoch 78 memory(start): tensors=258, buffers=258, bytes=18.3MB

History Bucket Diagnostics (Avg Abs Error per sample, normalized units):
Hist | Count | MAE_Pred | MAE_Base | PredDevFromBase
-----|-------|----------|----------|----------------
0    | 8     | 0.6681   | 3.7696   | 3.8184 
1    | 9     | 0.5884   | 0.9160   | 0.7721 
2    | 11    | 0.4338   | 0.5551   | 0.5004 
3-5  | 59    | 0.4327   | 0.3926   | 0.3659 
6+   | 276   | 0.3406   | 0.2990   | 0.3203 

Epoch 78: loss = 0.617518 phase = C val_loss = 0.842774 delta_mae_pts = 0.3718 recap_mae_pts = 0.3718 cat_mae_pts = 0.4660 total_mae_pts = 1.0935 vs_inertia_pts = 0.0420 vs_quad_pts = 0.2744 lr_base = 0.000697 lr_mult = 0.2500 lr_eff = 0.000174 mon_cov = 0.936 mon_score = 2.5175 progress = 79/400 epoch_sec = 91.4 avg_epoch_sec = 89.5 elapsed = 01:57:50 eta = 07:58:48
Epoch 78 memory(end): tensors=258, buffers=258, bytes=18.3MB
[curriculum] phase=C age=50 ramp=80 delta=0.3718 cov=0.936 best_global_delta=0.3571

Epoch 79: Phase C (A_end=10, B_end=29, C_ramp=80) Weights {"totalWeight":0.07,"recapWeight":0.14375,"deltaWeight":6.46875,"categoryWeight":0.05,"quantileWeight":0.725,"consistencyWeight":0,"identityDropoutRate":0.88125}, Scales {"judgeBias":1,"corps":1}, SeqLen 15, ID_Drop 0.875, WFW 1.500 
Epoch 79 memory(start): tensors=258, buffers=258, bytes=18.3MB

History Bucket Diagnostics (Avg Abs Error per sample, normalized units):
Hist | Count | MAE_Pred | MAE_Base | PredDevFromBase
-----|-------|----------|----------|----------------
0    | 8     | 0.6550   | 3.7696   | 3.8658 
1    | 9     | 0.5957   | 0.9160   | 0.8032 
2    | 11    | 0.4227   | 0.5551   | 0.5200 
3-5  | 59    | 0.4299   | 0.3926   | 0.3781 
6+   | 276   | 0.3385   | 0.2990   | 0.3261 

Epoch 79: loss = 0.623483 phase = C val_loss = 0.851070 delta_mae_pts = 0.3692 recap_mae_pts = 0.3692 cat_mae_pts = 0.4535 total_mae_pts = 1.0678 vs_inertia_pts = 0.0445 vs_quad_pts = 0.2769 lr_base = 0.000696 lr_mult = 0.2500 lr_eff = 0.000174 mon_cov = 0.936 mon_score = 2.5391 progress = 80/400 epoch_sec = 91.2 avg_epoch_sec = 89.5 elapsed = 01:59:21 eta = 07:57:26
Epoch 79 memory(end): tensors=258, buffers=258, bytes=18.3MB
[curriculum] phase=C age=51 ramp=80 delta=0.3692 cov=0.936 best_global_delta=0.3571

Epoch 80: Phase C (A_end=10, B_end=29, C_ramp=80) Weights {"totalWeight":0.071,"recapWeight":0.140625,"deltaWeight":6.578125,"categoryWeight":0.05,"quantileWeight":0.7374999999999999,"consistencyWeight":0,"identityDropoutRate":0.869375}, Scales {"judgeBias":1,"corps":1}, SeqLen 15, ID_Drop 0.866, WFW 1.500 
Epoch 80 memory(start): tensors=258, buffers=258, bytes=18.3MB

History Bucket Diagnostics (Avg Abs Error per sample, normalized units):
Hist | Count | MAE_Pred | MAE_Base | PredDevFromBase
-----|-------|----------|----------|----------------
0    | 8     | 0.6605   | 3.7696   | 3.7735 
1    | 9     | 0.6425   | 0.9160   | 0.7652 
2    | 11    | 0.4610   | 0.5551   | 0.5494 
3-5  | 59    | 0.4309   | 0.3926   | 0.3910 
6+   | 276   | 0.3431   | 0.2990   | 0.3508 

Epoch 80: loss = 0.625390 phase = C val_loss = 0.876994 delta_mae_pts = 0.3754 recap_mae_pts = 0.3754 cat_mae_pts = 0.4757 total_mae_pts = 1.1069 vs_inertia_pts = 0.0383 vs_quad_pts = 0.2708 lr_base = 0.000694 lr_mult = 0.2500 lr_eff = 0.000174 mon_cov = 0.939 mon_score = 2.6245 progress = 81/400 epoch_sec = 91.7 avg_epoch_sec = 89.5 elapsed = 02:00:53 eta = 07:56:05
Epoch 80 memory(end): tensors=258, buffers=258, bytes=18.3MB
[curriculum] phase=C age=52 ramp=80 delta=0.3754 cov=0.939 best_global_delta=0.3571

Epoch 81: Phase C (A_end=10, B_end=29, C_ramp=80) Weights {"totalWeight":0.07200000000000001,"recapWeight":0.13749999999999998,"deltaWeight":6.6875,"categoryWeight":0.05,"quantileWeight":0.75,"consistencyWeight":0,"identityDropoutRate":0.8575}, Scales {"judgeBias":1,"corps":1}, SeqLen 15, ID_Drop 0.848, WFW 1.500 
Epoch 81 memory(start): tensors=258, buffers=258, bytes=18.3MB

History Bucket Diagnostics (Avg Abs Error per sample, normalized units):
Hist | Count | MAE_Pred | MAE_Base | PredDevFromBase
-----|-------|----------|----------|----------------
0    | 8     | 0.6867   | 3.7696   | 3.8964 
1    | 9     | 0.5926   | 0.9160   | 0.8088 
2    | 11    | 0.4524   | 0.5551   | 0.5721 
3-5  | 59    | 0.4262   | 0.3926   | 0.3893 
6+   | 276   | 0.3339   | 0.2990   | 0.3389 

Epoch 81: loss = 0.633925 phase = C val_loss = 0.871868 delta_mae_pts = 0.3667 recap_mae_pts = 0.3667 cat_mae_pts = 0.4542 total_mae_pts = 1.0900 vs_inertia_pts = 0.0470 vs_quad_pts = 0.2795 lr_base = 0.000693 lr_mult = 0.2500 lr_eff = 0.000173 mon_cov = 0.947 mon_score = 2.6039 progress = 82/400 epoch_sec = 91.5 avg_epoch_sec = 89.6 elapsed = 02:02:25 eta = 07:54:43
Epoch 81 memory(end): tensors=258, buffers=258, bytes=18.3MB
[curriculum] phase=C age=53 ramp=80 delta=0.3667 cov=0.947 best_global_delta=0.3571

Epoch 82: Phase C (A_end=10, B_end=29, C_ramp=80) Weights {"totalWeight":0.073,"recapWeight":0.134375,"deltaWeight":6.796875,"categoryWeight":0.05,"quantileWeight":0.7625,"consistencyWeight":0,"identityDropoutRate":0.8456250000000001}, Scales {"judgeBias":1,"corps":1}, SeqLen 15, ID_Drop 0.844, WFW 1.500 
Epoch 82 memory(start): tensors=258, buffers=258, bytes=18.3MB

History Bucket Diagnostics (Avg Abs Error per sample, normalized units):
Hist | Count | MAE_Pred | MAE_Base | PredDevFromBase
-----|-------|----------|----------|----------------
0    | 8     | 0.6994   | 3.7696   | 3.9767 
1    | 9     | 0.5950   | 0.9160   | 0.8162 
2    | 11    | 0.4469   | 0.5551   | 0.5696 
3-5  | 59    | 0.4191   | 0.3926   | 0.3876 
6+   | 276   | 0.3345   | 0.2990   | 0.3377 

Epoch 82: loss = 0.642395 phase = C val_loss = 0.884883 delta_mae_pts = 0.3661 recap_mae_pts = 0.3661 cat_mae_pts = 0.4551 total_mae_pts = 1.0458 vs_inertia_pts = 0.0476 vs_quad_pts = 0.2800 lr_base = 0.000691 lr_mult = 0.2500 lr_eff = 0.000173 mon_cov = 0.937 mon_score = 2.6370 progress = 83/400 epoch_sec = 91.6 avg_epoch_sec = 89.6 elapsed = 02:03:56 eta = 07:53:21
Epoch 82 memory(end): tensors=258, buffers=258, bytes=18.3MB
[curriculum] phase=C age=54 ramp=80 delta=0.3661 cov=0.937 best_global_delta=0.3571

Epoch 83: Phase C (A_end=10, B_end=29, C_ramp=80) Weights {"totalWeight":0.07400000000000001,"recapWeight":0.13124999999999998,"deltaWeight":6.90625,"categoryWeight":0.05,"quantileWeight":0.775,"consistencyWeight":0,"identityDropoutRate":0.83375}, Scales {"judgeBias":1,"corps":1}, SeqLen 15, ID_Drop 0.838, WFW 1.500 
Epoch 83 memory(start): tensors=258, buffers=258, bytes=18.3MB

History Bucket Diagnostics (Avg Abs Error per sample, normalized units):
Hist | Count | MAE_Pred | MAE_Base | PredDevFromBase
-----|-------|----------|----------|----------------
0    | 8     | 0.6833   | 3.7696   | 3.8765 
1    | 9     | 0.6080   | 0.9160   | 0.7384 
2    | 11    | 0.4341   | 0.5551   | 0.5216 
3-5  | 59    | 0.4382   | 0.3926   | 0.3785 
6+   | 276   | 0.3429   | 0.2990   | 0.3342 

Epoch 83: loss = 0.648204 phase = C val_loss = 0.918226 delta_mae_pts = 0.3752 recap_mae_pts = 0.3752 cat_mae_pts = 0.4768 total_mae_pts = 1.0942 vs_inertia_pts = 0.0385 vs_quad_pts = 0.2710 lr_base = 0.000690 lr_mult = 0.2500 lr_eff = 0.000172 mon_cov = 0.930 mon_score = 2.7455 progress = 84/400 epoch_sec = 92.5 avg_epoch_sec = 89.6 elapsed = 02:05:29 eta = 07:52:03
Epoch 83 memory(end): tensors=258, buffers=258, bytes=18.3MB
[curriculum] phase=C age=55 ramp=80 delta=0.3752 cov=0.930 best_global_delta=0.3571

--- NO MONITOR IMPROVEMENT FOR 18 EPOCHS: plateau multiplier 0.2500 -> 0.1250, effective LR 0.000086 ---

Epoch 84: Phase C (A_end=10, B_end=29, C_ramp=80) Weights {"totalWeight":0.075,"recapWeight":0.128125,"deltaWeight":7.015625,"categoryWeight":0.05,"quantileWeight":0.7875,"consistencyWeight":0,"identityDropoutRate":0.821875}, Scales {"judgeBias":1,"corps":1}, SeqLen 15, ID_Drop 0.810, WFW 1.500 
Epoch 84 memory(start): tensors=258, buffers=258, bytes=18.3MB

History Bucket Diagnostics (Avg Abs Error per sample, normalized units):
Hist | Count | MAE_Pred | MAE_Base | PredDevFromBase
-----|-------|----------|----------|----------------
0    | 8     | 0.6860   | 3.7696   | 3.8813 
1    | 9     | 0.5859   | 0.9160   | 0.7615 
2    | 11    | 0.4420   | 0.5551   | 0.5238 
3-5  | 59    | 0.4327   | 0.3926   | 0.3716 
6+   | 276   | 0.3357   | 0.2990   | 0.3256 

Epoch 84: loss = 0.642844 phase = C val_loss = 0.917530 delta_mae_pts = 0.3686 recap_mae_pts = 0.3686 cat_mae_pts = 0.4626 total_mae_pts = 1.0932 vs_inertia_pts = 0.0451 vs_quad_pts = 0.2775 lr_base = 0.000688 lr_mult = 0.1250 lr_eff = 0.000086 mon_cov = 0.932 mon_score = 2.7388 progress = 85/400 epoch_sec = 91.0 avg_epoch_sec = 89.6 elapsed = 02:07:00 eta = 07:50:38
Epoch 84 memory(end): tensors=258, buffers=258, bytes=18.3MB
[curriculum] phase=C age=56 ramp=80 delta=0.3686 cov=0.932 best_global_delta=0.3571

Epoch 85: Phase C (A_end=10, B_end=29, C_ramp=80) Weights {"totalWeight":0.076,"recapWeight":0.125,"deltaWeight":7.125,"categoryWeight":0.05,"quantileWeight":0.7999999999999999,"consistencyWeight":0,"identityDropoutRate":0.81}, Scales {"judgeBias":1,"corps":1}, SeqLen 15, ID_Drop 0.814, WFW 1.500 
Epoch 85 memory(start): tensors=258, buffers=258, bytes=18.3MB

History Bucket Diagnostics (Avg Abs Error per sample, normalized units):
Hist | Count | MAE_Pred | MAE_Base | PredDevFromBase
-----|-------|----------|----------|----------------
0    | 8     | 0.6570   | 3.7696   | 3.8456 
1    | 9     | 0.5965   | 0.9160   | 0.7785 
2    | 11    | 0.4516   | 0.5551   | 0.5370 
3-5  | 59    | 0.4300   | 0.3926   | 0.3815 
6+   | 276   | 0.3353   | 0.2990   | 0.3320 

Epoch 85: loss = 0.640589 phase = C val_loss = 0.928989 delta_mae_pts = 0.3677 recap_mae_pts = 0.3677 cat_mae_pts = 0.4650 total_mae_pts = 1.0942 vs_inertia_pts = 0.0460 vs_quad_pts = 0.2784 lr_base = 0.000686 lr_mult = 0.1250 lr_eff = 0.000086 mon_cov = 0.933 mon_score = 2.7730 progress = 86/400 epoch_sec = 90.5 avg_epoch_sec = 89.7 elapsed = 02:08:30 eta = 07:49:11
Epoch 85 memory(end): tensors=258, buffers=258, bytes=18.3MB
[curriculum] phase=C age=57 ramp=80 delta=0.3677 cov=0.933 best_global_delta=0.3571

Epoch 86: Phase C (A_end=10, B_end=29, C_ramp=80) Weights {"totalWeight":0.077,"recapWeight":0.12187499999999998,"deltaWeight":7.234375,"categoryWeight":0.05,"quantileWeight":0.8125,"consistencyWeight":0,"identityDropoutRate":0.798125}, Scales {"judgeBias":1,"corps":1}, SeqLen 15, ID_Drop 0.795, WFW 1.500 
Epoch 86 memory(start): tensors=258, buffers=258, bytes=18.3MB

History Bucket Diagnostics (Avg Abs Error per sample, normalized units):
Hist | Count | MAE_Pred | MAE_Base | PredDevFromBase
-----|-------|----------|----------|----------------
0    | 8     | 0.6576   | 3.7696   | 3.8498 
1    | 9     | 0.6017   | 0.9160   | 0.7743 
2    | 11    | 0.4552   | 0.5551   | 0.5558 
3-5  | 59    | 0.4194   | 0.3926   | 0.3971 
6+   | 276   | 0.3330   | 0.2990   | 0.3359 

Epoch 86: loss = 0.649130 phase = C val_loss = 0.935313 delta_mae_pts = 0.3646 recap_mae_pts = 0.3646 cat_mae_pts = 0.4513 total_mae_pts = 1.0680 vs_inertia_pts = 0.0492 vs_quad_pts = 0.2816 lr_base = 0.000685 lr_mult = 0.1250 lr_eff = 0.000086 mon_cov = 0.937 mon_score = 2.7873 progress = 87/400 epoch_sec = 90.9 avg_epoch_sec = 89.7 elapsed = 02:10:01 eta = 07:47:46
Epoch 86 memory(end): tensors=258, buffers=258, bytes=18.3MB
[curriculum] phase=C age=58 ramp=80 delta=0.3646 cov=0.937 best_global_delta=0.3571

Epoch 87: Phase C (A_end=10, B_end=29, C_ramp=80) Weights {"totalWeight":0.078,"recapWeight":0.11875,"deltaWeight":7.34375,"categoryWeight":0.05,"quantileWeight":0.825,"consistencyWeight":0,"identityDropoutRate":0.78625}, Scales {"judgeBias":1,"corps":1}, SeqLen 15, ID_Drop 0.794, WFW 1.500 
Epoch 87 memory(start): tensors=258, buffers=258, bytes=18.3MB

History Bucket Diagnostics (Avg Abs Error per sample, normalized units):
Hist | Count | MAE_Pred | MAE_Base | PredDevFromBase
-----|-------|----------|----------|----------------
0    | 8     | 0.6438   | 3.7696   | 3.8767 
1    | 9     | 0.6044   | 0.9160   | 0.8073 
2    | 11    | 0.4597   | 0.5551   | 0.5640 
3-5  | 59    | 0.4261   | 0.3926   | 0.3941 
6+   | 276   | 0.3292   | 0.2990   | 0.3329 

Epoch 87: loss = 0.654271 phase = C val_loss = 0.944437 delta_mae_pts = 0.3627 recap_mae_pts = 0.3627 cat_mae_pts = 0.4521 total_mae_pts = 1.0723 vs_inertia_pts = 0.0510 vs_quad_pts = 0.2835 lr_base = 0.000683 lr_mult = 0.1250 lr_eff = 0.000085 mon_cov = 0.935 mon_score = 2.8135 progress = 88/400 epoch_sec = 91.2 avg_epoch_sec = 89.7 elapsed = 02:11:32 eta = 07:46:22
Epoch 87 memory(end): tensors=258, buffers=258, bytes=18.3MB
[curriculum] phase=C age=59 ramp=80 delta=0.3627 cov=0.935 best_global_delta=0.3571

Epoch 88: Phase C (A_end=10, B_end=29, C_ramp=80) Weights {"totalWeight":0.079,"recapWeight":0.11562499999999998,"deltaWeight":7.453125,"categoryWeight":0.05,"quantileWeight":0.8375,"consistencyWeight":0,"identityDropoutRate":0.774375}, Scales {"judgeBias":1,"corps":1}, SeqLen 15, ID_Drop 0.771, WFW 1.500 
Epoch 88 memory(start): tensors=258, buffers=258, bytes=18.3MB

History Bucket Diagnostics (Avg Abs Error per sample, normalized units):
Hist | Count | MAE_Pred | MAE_Base | PredDevFromBase
-----|-------|----------|----------|----------------
0    | 8     | 0.6554   | 3.7696   | 3.8847 
1    | 9     | 0.6155   | 0.9160   | 0.7875 
2    | 11    | 0.4398   | 0.5551   | 0.5318 
3-5  | 59    | 0.4305   | 0.3926   | 0.3777 
6+   | 276   | 0.3368   | 0.2990   | 0.3332 

Epoch 88: loss = 0.658650 phase = C val_loss = 0.972797 delta_mae_pts = 0.3691 recap_mae_pts = 0.3691 cat_mae_pts = 0.4612 total_mae_pts = 1.0904 vs_inertia_pts = 0.0447 vs_quad_pts = 0.2771 lr_base = 0.000681 lr_mult = 0.1250 lr_eff = 0.000085 mon_cov = 0.930 mon_score = 2.9034 progress = 89/400 epoch_sec = 91.4 avg_epoch_sec = 89.7 elapsed = 02:13:04 eta = 07:44:58
Epoch 88 memory(end): tensors=258, buffers=258, bytes=18.3MB
[curriculum] phase=C age=60 ramp=80 delta=0.3691 cov=0.930 best_global_delta=0.3571

Epoch 89: Phase C (A_end=10, B_end=29, C_ramp=80) Weights {"totalWeight":0.08,"recapWeight":0.11249999999999999,"deltaWeight":7.5625,"categoryWeight":0.05,"quantileWeight":0.85,"consistencyWeight":0,"identityDropoutRate":0.7625}, Scales {"judgeBias":1,"corps":1}, SeqLen 15, ID_Drop 0.748, WFW 1.500 
Epoch 89 memory(start): tensors=258, buffers=258, bytes=18.3MB

History Bucket Diagnostics (Avg Abs Error per sample, normalized units):
Hist | Count | MAE_Pred | MAE_Base | PredDevFromBase
-----|-------|----------|----------|----------------
0    | 8     | 0.6521   | 3.7696   | 3.8881 
1    | 9     | 0.6176   | 0.9160   | 0.7913 
2    | 11    | 0.4468   | 0.5551   | 0.5572 
3-5  | 59    | 0.4331   | 0.3926   | 0.3985 
6+   | 276   | 0.3379   | 0.2990   | 0.3408 

Epoch 89: loss = 0.663860 phase = C val_loss = 0.989057 delta_mae_pts = 0.3705 recap_mae_pts = 0.3705 cat_mae_pts = 0.4648 total_mae_pts = 1.1113 vs_inertia_pts = 0.0432 vs_quad_pts = 0.2757 lr_base = 0.000680 lr_mult = 0.1250 lr_eff = 0.000085 mon_cov = 0.932 mon_score = 2.9569 progress = 90/400 epoch_sec = 90.4 avg_epoch_sec = 89.7 elapsed = 02:14:34 eta = 07:43:31
Epoch 89 memory(end): tensors=258, buffers=258, bytes=18.3MB
[curriculum] phase=C age=61 ramp=80 delta=0.3705 cov=0.932 best_global_delta=0.3571

Epoch 90: Phase C (A_end=10, B_end=29, C_ramp=80) Weights {"totalWeight":0.081,"recapWeight":0.109375,"deltaWeight":7.671875,"categoryWeight":0.05,"quantileWeight":0.8624999999999999,"consistencyWeight":0,"identityDropoutRate":0.750625}, Scales {"judgeBias":1,"corps":1}, SeqLen 15, ID_Drop 0.751, WFW 1.500 
Epoch 90 memory(start): tensors=258, buffers=258, bytes=18.3MB

History Bucket Diagnostics (Avg Abs Error per sample, normalized units):
Hist | Count | MAE_Pred | MAE_Base | PredDevFromBase
-----|-------|----------|----------|----------------
0    | 8     | 0.6936   | 3.7696   | 3.8995 
1    | 9     | 0.6161   | 0.9160   | 0.7504 
2    | 11    | 0.4222   | 0.5551   | 0.5077 
3-5  | 59    | 0.4332   | 0.3926   | 0.3760 
6+   | 276   | 0.3330   | 0.2990   | 0.3280 

Epoch 90: loss = 0.677702 phase = C val_loss = 0.996005 delta_mae_pts = 0.3669 recap_mae_pts = 0.3669 cat_mae_pts = 0.4618 total_mae_pts = 1.1166 vs_inertia_pts = 0.0468 vs_quad_pts = 0.2792 lr_base = 0.000678 lr_mult = 0.1250 lr_eff = 0.000085 mon_cov = 0.923 mon_score = 2.9698 progress = 91/400 epoch_sec = 91.1 avg_epoch_sec = 89.7 elapsed = 02:16:05 eta = 07:42:06
Epoch 90 memory(end): tensors=258, buffers=258, bytes=18.3MB
[curriculum] phase=C age=62 ramp=80 delta=0.3669 cov=0.923 best_global_delta=0.3571

Epoch 91: Phase C (A_end=10, B_end=29, C_ramp=80) Weights {"totalWeight":0.082,"recapWeight":0.10624999999999998,"deltaWeight":7.78125,"categoryWeight":0.05,"quantileWeight":0.875,"consistencyWeight":0,"identityDropoutRate":0.73875}, Scales {"judgeBias":1,"corps":1}, SeqLen 15, ID_Drop 0.732, WFW 1.500 
Epoch 91 memory(start): tensors=258, buffers=258, bytes=18.3MB

History Bucket Diagnostics (Avg Abs Error per sample, normalized units):
Hist | Count | MAE_Pred | MAE_Base | PredDevFromBase
-----|-------|----------|----------|----------------
0    | 8     | 0.6770   | 3.7696   | 3.9230 
1    | 9     | 0.6007   | 0.9160   | 0.8177 
2    | 11    | 0.4379   | 0.5551   | 0.5574 
3-5  | 59    | 0.4216   | 0.3926   | 0.3836 
6+   | 276   | 0.3315   | 0.2990   | 0.3351 

Epoch 91: loss = 0.675229 phase = C val_loss = 1.000136 delta_mae_pts = 0.3636 recap_mae_pts = 0.3636 cat_mae_pts = 0.4527 total_mae_pts = 1.0746 vs_inertia_pts = 0.0501 vs_quad_pts = 0.2825 lr_base = 0.000676 lr_mult = 0.1250 lr_eff = 0.000085 mon_cov = 0.927 mon_score = 2.9802 progress = 92/400 epoch_sec = 90.6 avg_epoch_sec = 89.7 elapsed = 02:17:36 eta = 07:40:40
Epoch 91 memory(end): tensors=258, buffers=258, bytes=18.3MB
[curriculum] phase=C age=63 ramp=80 delta=0.3636 cov=0.927 best_global_delta=0.3571

Epoch 92: Phase C (A_end=10, B_end=29, C_ramp=80) Weights {"totalWeight":0.083,"recapWeight":0.103125,"deltaWeight":7.890625,"categoryWeight":0.05,"quantileWeight":0.8875,"consistencyWeight":0,"identityDropoutRate":0.726875}, Scales {"judgeBias":1,"corps":1}, SeqLen 15, ID_Drop 0.730, WFW 1.500 
Epoch 92 memory(start): tensors=258, buffers=258, bytes=18.3MB

History Bucket Diagnostics (Avg Abs Error per sample, normalized units):
Hist | Count | MAE_Pred | MAE_Base | PredDevFromBase
-----|-------|----------|----------|----------------
0    | 8     | 0.6576   | 3.7696   | 3.8970 
1    | 9     | 0.6112   | 0.9160   | 0.8274 
2    | 11    | 0.4488   | 0.5551   | 0.5592 
3-5  | 59    | 0.4262   | 0.3926   | 0.3915 
6+   | 276   | 0.3346   | 0.2990   | 0.3389 

Epoch 92: loss = 0.682020 phase = C val_loss = 1.021558 delta_mae_pts = 0.3669 recap_mae_pts = 0.3669 cat_mae_pts = 0.4598 total_mae_pts = 1.0873 vs_inertia_pts = 0.0468 vs_quad_pts = 0.2792 lr_base = 0.000674 lr_mult = 0.1250 lr_eff = 0.000084 mon_cov = 0.924 mon_score = 3.0479 progress = 93/400 epoch_sec = 91.8 avg_epoch_sec = 89.8 elapsed = 02:19:08 eta = 07:39:17
Epoch 92 memory(end): tensors=258, buffers=258, bytes=18.3MB
[curriculum] phase=C age=64 ramp=80 delta=0.3669 cov=0.924 best_global_delta=0.3571

Epoch 93: Phase C (A_end=10, B_end=29, C_ramp=80) Weights {"totalWeight":0.084,"recapWeight":0.09999999999999998,"deltaWeight":8,"categoryWeight":0.05,"quantileWeight":0.9,"consistencyWeight":0,"identityDropoutRate":0.7150000000000001}, Scales {"judgeBias":1,"corps":1}, SeqLen 15, ID_Drop 0.708, WFW 1.500 
Epoch 93 memory(start): tensors=258, buffers=258, bytes=18.3MB

History Bucket Diagnostics (Avg Abs Error per sample, normalized units):
Hist | Count | MAE_Pred | MAE_Base | PredDevFromBase
-----|-------|----------|----------|----------------
0    | 8     | 0.6952   | 3.7696   | 3.9088 
1    | 9     | 0.6183   | 0.9160   | 0.8105 
2    | 11    | 0.4474   | 0.5551   | 0.5499 
3-5  | 59    | 0.4275   | 0.3926   | 0.3824 
6+   | 276   | 0.3374   | 0.2990   | 0.3393 

Epoch 93: loss = 0.688682 phase = C val_loss = 1.043588 delta_mae_pts = 0.3702 recap_mae_pts = 0.3702 cat_mae_pts = 0.4677 total_mae_pts = 1.0889 vs_inertia_pts = 0.0435 vs_quad_pts = 0.2760 lr_base = 0.000672 lr_mult = 0.1250 lr_eff = 0.000084 mon_cov = 0.920 mon_score = 3.1148 progress = 94/400 epoch_sec = 91.9 avg_epoch_sec = 89.8 elapsed = 02:20:40 eta = 07:37:54
Epoch 93 memory(end): tensors=258, buffers=258, bytes=18.3MB
[curriculum] phase=C age=65 ramp=80 delta=0.3702 cov=0.920 best_global_delta=0.3571

Epoch 94: Phase C (A_end=10, B_end=29, C_ramp=80) Weights {"totalWeight":0.085,"recapWeight":0.09687499999999999,"deltaWeight":8.109375,"categoryWeight":0.05,"quantileWeight":0.9125,"consistencyWeight":0,"identityDropoutRate":0.703125}, Scales {"judgeBias":1,"corps":1}, SeqLen 15, ID_Drop 0.696, WFW 1.500 
Epoch 94 memory(start): tensors=258, buffers=258, bytes=18.3MB

History Bucket Diagnostics (Avg Abs Error per sample, normalized units):
Hist | Count | MAE_Pred | MAE_Base | PredDevFromBase
-----|-------|----------|----------|----------------
0    | 8     | 0.6802   | 3.7696   | 3.9164 
1    | 9     | 0.5996   | 0.9160   | 0.8142 
2    | 11    | 0.4619   | 0.5551   | 0.5658 
3-5  | 59    | 0.4230   | 0.3926   | 0.3851 
6+   | 276   | 0.3362   | 0.2990   | 0.3315 

Epoch 94: loss = 0.694791 phase = C val_loss = 1.052489 delta_mae_pts = 0.3683 recap_mae_pts = 0.3683 cat_mae_pts = 0.4606 total_mae_pts = 1.0956 vs_inertia_pts = 0.0455 vs_quad_pts = 0.2779 lr_base = 0.000671 lr_mult = 0.1250 lr_eff = 0.000084 mon_cov = 0.928 mon_score = 3.1401 progress = 95/400 epoch_sec = 91.8 avg_epoch_sec = 89.8 elapsed = 02:22:12 eta = 07:36:31
Epoch 94 memory(end): tensors=258, buffers=258, bytes=18.3MB
[curriculum] phase=C age=66 ramp=80 delta=0.3683 cov=0.928 best_global_delta=0.3571

Epoch 95: Phase C (A_end=10, B_end=29, C_ramp=80) Weights {"totalWeight":0.08600000000000001,"recapWeight":0.09375,"deltaWeight":8.21875,"categoryWeight":0.05,"quantileWeight":0.9249999999999999,"consistencyWeight":0,"identityDropoutRate":0.69125}, Scales {"judgeBias":1,"corps":1}, SeqLen 15, ID_Drop 0.694, WFW 1.500 
Epoch 95 memory(start): tensors=258, buffers=258, bytes=18.3MB

History Bucket Diagnostics (Avg Abs Error per sample, normalized units):
Hist | Count | MAE_Pred | MAE_Base | PredDevFromBase
-----|-------|----------|----------|----------------
0    | 8     | 0.6745   | 3.7696   | 3.9025 
1    | 9     | 0.6164   | 0.9160   | 0.8175 
2    | 11    | 0.4446   | 0.5551   | 0.5663 
3-5  | 59    | 0.4306   | 0.3926   | 0.3903 
6+   | 276   | 0.3412   | 0.2990   | 0.3393 

Epoch 95: loss = 0.701344 phase = C val_loss = 1.077588 delta_mae_pts = 0.3730 recap_mae_pts = 0.3730 cat_mae_pts = 0.4701 total_mae_pts = 1.0998 vs_inertia_pts = 0.0407 vs_quad_pts = 0.2732 lr_base = 0.000669 lr_mult = 0.1250 lr_eff = 0.000084 mon_cov = 0.918 mon_score = 3.2203 progress = 96/400 epoch_sec = 91.1 avg_epoch_sec = 89.8 elapsed = 02:23:43 eta = 07:35:05
Epoch 95 memory(end): tensors=258, buffers=258, bytes=18.3MB
[curriculum] phase=C age=67 ramp=80 delta=0.3730 cov=0.918 best_global_delta=0.3571

Epoch 96: Phase C (A_end=10, B_end=29, C_ramp=80) Weights {"totalWeight":0.08700000000000001,"recapWeight":0.09062499999999998,"deltaWeight":8.328125,"categoryWeight":0.05,"quantileWeight":0.9375,"consistencyWeight":0,"identityDropoutRate":0.6793750000000001}, Scales {"judgeBias":1,"corps":1}, SeqLen 15, ID_Drop 0.679, WFW 1.500 
Epoch 96 memory(start): tensors=258, buffers=258, bytes=18.3MB

History Bucket Diagnostics (Avg Abs Error per sample, normalized units):
Hist | Count | MAE_Pred | MAE_Base | PredDevFromBase
-----|-------|----------|----------|----------------
0    | 8     | 0.6623   | 3.7696   | 3.8568 
1    | 9     | 0.6045   | 0.9160   | 0.7502 
2    | 11    | 0.4461   | 0.5551   | 0.5281 
3-5  | 59    | 0.4340   | 0.3926   | 0.3901 
6+   | 276   | 0.3403   | 0.2990   | 0.3381 

Epoch 96: loss = 0.704982 phase = C val_loss = 1.090218 delta_mae_pts = 0.3724 recap_mae_pts = 0.3724 cat_mae_pts = 0.4655 total_mae_pts = 1.1127 vs_inertia_pts = 0.0413 vs_quad_pts = 0.2738 lr_base = 0.000667 lr_mult = 0.1250 lr_eff = 0.000083 mon_cov = 0.915 mon_score = 3.2566 progress = 97/400 epoch_sec = 91.1 avg_epoch_sec = 89.8 elapsed = 02:25:14 eta = 07:33:39
Epoch 96 memory(end): tensors=258, buffers=258, bytes=18.3MB
[curriculum] phase=C age=68 ramp=80 delta=0.3724 cov=0.915 best_global_delta=0.3571

Epoch 97: Phase C (A_end=10, B_end=29, C_ramp=80) Weights {"totalWeight":0.08800000000000001,"recapWeight":0.0875,"deltaWeight":8.4375,"categoryWeight":0.05,"quantileWeight":0.95,"consistencyWeight":0,"identityDropoutRate":0.6675}, Scales {"judgeBias":1,"corps":1}, SeqLen 15, ID_Drop 0.653, WFW 1.500 
Epoch 97 memory(start): tensors=258, buffers=258, bytes=18.3MB

History Bucket Diagnostics (Avg Abs Error per sample, normalized units):
Hist | Count | MAE_Pred | MAE_Base | PredDevFromBase
-----|-------|----------|----------|----------------
0    | 8     | 0.6595   | 3.7696   | 3.8904 
1    | 9     | 0.6050   | 0.9160   | 0.7892 
2    | 11    | 0.4570   | 0.5551   | 0.5649 
3-5  | 59    | 0.4276   | 0.3926   | 0.3906 
6+   | 276   | 0.3365   | 0.2990   | 0.3376 

Epoch 97: loss = 0.711364 phase = C val_loss = 1.093866 delta_mae_pts = 0.3687 recap_mae_pts = 0.3687 cat_mae_pts = 0.4583 total_mae_pts = 1.0852 vs_inertia_pts = 0.0450 vs_quad_pts = 0.2774 lr_base = 0.000665 lr_mult = 0.1250 lr_eff = 0.000083 mon_cov = 0.918 mon_score = 3.2637 progress = 98/400 epoch_sec = 90.9 avg_epoch_sec = 89.8 elapsed = 02:26:45 eta = 07:32:13
Epoch 97 memory(end): tensors=258, buffers=258, bytes=18.3MB
[curriculum] phase=C age=69 ramp=80 delta=0.3687 cov=0.918 best_global_delta=0.3571

Epoch 98: Phase C (A_end=10, B_end=29, C_ramp=80) Weights {"totalWeight":0.08900000000000001,"recapWeight":0.08437499999999998,"deltaWeight":8.546875,"categoryWeight":0.05,"quantileWeight":0.9625,"consistencyWeight":0,"identityDropoutRate":0.655625}, Scales {"judgeBias":1,"corps":1}, SeqLen 15, ID_Drop 0.661, WFW 1.500 
Epoch 98 memory(start): tensors=258, buffers=258, bytes=18.3MB

History Bucket Diagnostics (Avg Abs Error per sample, normalized units):
Hist | Count | MAE_Pred | MAE_Base | PredDevFromBase
-----|-------|----------|----------|----------------
0    | 8     | 0.6710   | 3.7696   | 3.8846 
1    | 9     | 0.6222   | 0.9160   | 0.7841 
2    | 11    | 0.4514   | 0.5551   | 0.5546 
3-5  | 59    | 0.4370   | 0.3926   | 0.3914 
6+   | 276   | 0.3413   | 0.2990   | 0.3434 

Epoch 98: loss = 0.722121 phase = C val_loss = 1.122513 delta_mae_pts = 0.3744 recap_mae_pts = 0.3744 cat_mae_pts = 0.4671 total_mae_pts = 1.1150 vs_inertia_pts = 0.0393 vs_quad_pts = 0.2717 lr_base = 0.000663 lr_mult = 0.1250 lr_eff = 0.000083 mon_cov = 0.918 mon_score = 3.3563 progress = 99/400 epoch_sec = 91.1 avg_epoch_sec = 89.9 elapsed = 02:28:16 eta = 07:30:47
Epoch 98 memory(end): tensors=258, buffers=258, bytes=18.3MB
[curriculum] phase=C age=70 ramp=80 delta=0.3744 cov=0.918 best_global_delta=0.3571

Epoch 99: Phase C (A_end=10, B_end=29, C_ramp=80) Weights {"totalWeight":0.09000000000000001,"recapWeight":0.08124999999999999,"deltaWeight":8.65625,"categoryWeight":0.05,"quantileWeight":0.975,"consistencyWeight":0,"identityDropoutRate":0.64375}, Scales {"judgeBias":1,"corps":1}, SeqLen 15, ID_Drop 0.647, WFW 1.500 
Epoch 99 memory(start): tensors=258, buffers=258, bytes=18.3MB

History Bucket Diagnostics (Avg Abs Error per sample, normalized units):
Hist | Count | MAE_Pred | MAE_Base | PredDevFromBase
-----|-------|----------|----------|----------------
0    | 8     | 0.7003   | 3.7696   | 3.9119 
1    | 9     | 0.5967   | 0.9160   | 0.7818 
2    | 11    | 0.4396   | 0.5551   | 0.5447 
3-5  | 59    | 0.4371   | 0.3926   | 0.3859 
6+   | 276   | 0.3443   | 0.2990   | 0.3399 

Epoch 99: loss = 0.727756 phase = C val_loss = 1.142321 delta_mae_pts = 0.3764 recap_mae_pts = 0.3764 cat_mae_pts = 0.4741 total_mae_pts = 1.1215 vs_inertia_pts = 0.0373 vs_quad_pts = 0.2698 lr_base = 0.000661 lr_mult = 0.1250 lr_eff = 0.000083 mon_cov = 0.908 mon_score = 3.4148 progress = 100/400 epoch_sec = 91.0 avg_epoch_sec = 89.9 elapsed = 02:29:47 eta = 07:29:20
Epoch 99 memory(end): tensors=258, buffers=258, bytes=18.3MB
[curriculum] phase=C age=71 ramp=80 delta=0.3764 cov=0.908 best_global_delta=0.3571

Epoch 100: Phase C (A_end=10, B_end=29, C_ramp=80) Weights {"totalWeight":0.091,"recapWeight":0.078125,"deltaWeight":8.765625,"categoryWeight":0.05,"quantileWeight":0.9874999999999999,"consistencyWeight":0,"identityDropoutRate":0.631875}, Scales {"judgeBias":1,"corps":1}, SeqLen 15, ID_Drop 0.638, WFW 1.500 
Epoch 100 memory(start): tensors=258, buffers=258, bytes=18.3MB

History Bucket Diagnostics (Avg Abs Error per sample, normalized units):
Hist | Count | MAE_Pred | MAE_Base | PredDevFromBase
-----|-------|----------|----------|----------------
0    | 8     | 0.6929   | 3.7696   | 3.9276 
1    | 9     | 0.5980   | 0.9160   | 0.7923 
2    | 11    | 0.4573   | 0.5551   | 0.5441 
3-5  | 59    | 0.4253   | 0.3926   | 0.3858 
6+   | 276   | 0.3388   | 0.2990   | 0.3396 

Epoch 100: loss = 0.736964 phase = C val_loss = 1.140669 delta_mae_pts = 0.3707 recap_mae_pts = 0.3707 cat_mae_pts = 0.4643 total_mae_pts = 1.0933 vs_inertia_pts = 0.0431 vs_quad_pts = 0.2755 lr_base = 0.000659 lr_mult = 0.1250 lr_eff = 0.000082 mon_cov = 0.916 mon_score = 3.4026 progress = 101/400 epoch_sec = 92.0 avg_epoch_sec = 89.9 elapsed = 02:31:19 eta = 07:27:57
Epoch 100 memory(end): tensors=258, buffers=258, bytes=18.3MB

-- - CAPTION STATS(Epoch 100)-- - 
GE1: delta_pts = 0.3347, recap_pts = 0.3347, cov = 0.953, width = 1.9288 
GE2: delta_pts = 0.3239, recap_pts = 0.3239, cov = 0.893, width = 1.9559 
VP: delta_pts = 0.3784, recap_pts = 0.3784, cov = 0.931, width = 1.9842 
VA: delta_pts = 0.3464, recap_pts = 0.3464, cov = 0.956, width = 1.9872 
CG: delta_pts = 0.3952, recap_pts = 0.3952, cov = 0.931, width = 2.0243 
MB: delta_pts = 0.3767, recap_pts = 0.3767, cov = 0.854, width = 1.9748 
MA: delta_pts = 0.3769, recap_pts = 0.3769, cov = 0.898, width = 1.9443 
MP: delta_pts = 0.4331, recap_pts = 0.4331, cov = 0.912, width = 1.9728 
----------------------------------

[curriculum] phase=C age=72 ramp=80 delta=0.3707 cov=0.916 best_global_delta=0.3571

Epoch 101: Phase C (A_end=10, B_end=29, C_ramp=80) Weights {"totalWeight":0.09200000000000001,"recapWeight":0.07499999999999998,"deltaWeight":8.875,"categoryWeight":0.05,"quantileWeight":1,"consistencyWeight":0,"identityDropoutRate":0.62}, Scales {"judgeBias":1,"corps":1}, SeqLen 15, ID_Drop 0.620, WFW 1.500 
Epoch 101 memory(start): tensors=258, buffers=258, bytes=18.3MB

History Bucket Diagnostics (Avg Abs Error per sample, normalized units):
Hist | Count | MAE_Pred | MAE_Base | PredDevFromBase
-----|-------|----------|----------|----------------
0    | 8     | 0.6297   | 3.7696   | 3.8095 
1    | 9     | 0.6042   | 0.9160   | 0.7800 
2    | 11    | 0.4478   | 0.5551   | 0.5628 
3-5  | 59    | 0.4221   | 0.3926   | 0.3877 
6+   | 276   | 0.3382   | 0.2990   | 0.3408 

Epoch 101: loss = 0.742013 phase = C val_loss = 1.147173 delta_mae_pts = 0.3682 recap_mae_pts = 0.3682 cat_mae_pts = 0.4553 total_mae_pts = 1.0798 vs_inertia_pts = 0.0455 vs_quad_pts = 0.2780 lr_base = 0.000658 lr_mult = 0.1250 lr_eff = 0.000082 mon_cov = 0.915 mon_score = 3.4190 progress = 102/400 epoch_sec = 90.6 avg_epoch_sec = 89.9 elapsed = 02:32:49 eta = 07:26:29
Epoch 101 memory(end): tensors=258, buffers=258, bytes=18.3MB
[curriculum] phase=C age=73 ramp=80 delta=0.3682 cov=0.915 best_global_delta=0.3571

--- NO MONITOR IMPROVEMENT FOR 18 EPOCHS: plateau multiplier 0.1250 -> 0.0625, effective LR 0.000041 ---

Epoch 102: Phase C (A_end=10, B_end=29, C_ramp=80) Weights {"totalWeight":0.093,"recapWeight":0.071875,"deltaWeight":8.984375,"categoryWeight":0.05,"quantileWeight":1.0125,"consistencyWeight":0,"identityDropoutRate":0.608125}, Scales {"judgeBias":1,"corps":1}, SeqLen 15, ID_Drop 0.598, WFW 1.500 
Epoch 102 memory(start): tensors=258, buffers=258, bytes=18.3MB

History Bucket Diagnostics (Avg Abs Error per sample, normalized units):
Hist | Count | MAE_Pred | MAE_Base | PredDevFromBase
-----|-------|----------|----------|----------------
0    | 8     | 0.7087   | 3.7696   | 3.8902 
1    | 9     | 0.6021   | 0.9160   | 0.7751 
2    | 11    | 0.4480   | 0.5551   | 0.5422 
3-5  | 59    | 0.4300   | 0.3926   | 0.3950 
6+   | 276   | 0.3434   | 0.2990   | 0.3469 

Epoch 102: loss = 0.743043 phase = C val_loss = 1.180454 delta_mae_pts = 0.3751 recap_mae_pts = 0.3751 cat_mae_pts = 0.4766 total_mae_pts = 1.1137 vs_inertia_pts = 0.0386 vs_quad_pts = 0.2710 lr_base = 0.000656 lr_mult = 0.0625 lr_eff = 0.000041 mon_cov = 0.911 mon_score = 3.5262 progress = 103/400 epoch_sec = 90.9 avg_epoch_sec = 89.9 elapsed = 02:34:20 eta = 07:25:02
Epoch 102 memory(end): tensors=258, buffers=258, bytes=18.3MB
[curriculum] phase=C age=74 ramp=80 delta=0.3751 cov=0.911 best_global_delta=0.3571

Epoch 103: Phase C (A_end=10, B_end=29, C_ramp=80) Weights {"totalWeight":0.09400000000000001,"recapWeight":0.06874999999999998,"deltaWeight":9.09375,"categoryWeight":0.05,"quantileWeight":1.0250000000000001,"consistencyWeight":0,"identityDropoutRate":0.59625}, Scales {"judgeBias":1,"corps":1}, SeqLen 15, ID_Drop 0.594, WFW 1.500 
Epoch 103 memory(start): tensors=258, buffers=258, bytes=18.3MB

History Bucket Diagnostics (Avg Abs Error per sample, normalized units):
Hist | Count | MAE_Pred | MAE_Base | PredDevFromBase
-----|-------|----------|----------|----------------
0    | 8     | 0.7100   | 3.7696   | 3.9087 
1    | 9     | 0.6146   | 0.9160   | 0.7904 
2    | 11    | 0.4553   | 0.5551   | 0.5644 
3-5  | 59    | 0.4285   | 0.3926   | 0.4025 
6+   | 276   | 0.3411   | 0.2990   | 0.3460 

Epoch 103: loss = 0.748060 phase = C val_loss = 1.189334 delta_mae_pts = 0.3737 recap_mae_pts = 0.3737 cat_mae_pts = 0.4702 total_mae_pts = 1.1103 vs_inertia_pts = 0.0400 vs_quad_pts = 0.2725 lr_base = 0.000654 lr_mult = 0.0625 lr_eff = 0.000041 mon_cov = 0.913 mon_score = 3.5535 progress = 104/400 epoch_sec = 92.9 avg_epoch_sec = 89.9 elapsed = 02:35:53 eta = 07:23:40
Epoch 103 memory(end): tensors=258, buffers=258, bytes=18.3MB
[curriculum] phase=C age=75 ramp=80 delta=0.3737 cov=0.913 best_global_delta=0.3571

Epoch 104: Phase C (A_end=10, B_end=29, C_ramp=80) Weights {"totalWeight":0.095,"recapWeight":0.06562499999999999,"deltaWeight":9.203125,"categoryWeight":0.05,"quantileWeight":1.0375,"consistencyWeight":0,"identityDropoutRate":0.5843750000000001}, Scales {"judgeBias":1,"corps":1}, SeqLen 15, ID_Drop 0.592, WFW 1.500 
Epoch 104 memory(start): tensors=258, buffers=258, bytes=18.3MB

History Bucket Diagnostics (Avg Abs Error per sample, normalized units):
Hist | Count | MAE_Pred | MAE_Base | PredDevFromBase
-----|-------|----------|----------|----------------
0    | 8     | 0.6582   | 3.7696   | 3.8654 
1    | 9     | 0.6020   | 0.9160   | 0.7831 
2    | 11    | 0.4437   | 0.5551   | 0.5520 
3-5  | 59    | 0.4288   | 0.3926   | 0.3918 
6+   | 276   | 0.3410   | 0.2990   | 0.3399 

Epoch 104: loss = 0.761178 phase = C val_loss = 1.198684 delta_mae_pts = 0.3719 recap_mae_pts = 0.3719 cat_mae_pts = 0.4663 total_mae_pts = 1.0964 vs_inertia_pts = 0.0419 vs_quad_pts = 0.2743 lr_base = 0.000652 lr_mult = 0.0625 lr_eff = 0.000041 mon_cov = 0.907 mon_score = 3.5754 progress = 105/400 epoch_sec = 90.5 avg_epoch_sec = 89.9 elapsed = 02:37:24 eta = 07:22:12
Epoch 104 memory(end): tensors=258, buffers=258, bytes=18.3MB
[curriculum] phase=C age=76 ramp=80 delta=0.3719 cov=0.907 best_global_delta=0.3571

Epoch 105: Phase C (A_end=10, B_end=29, C_ramp=80) Weights {"totalWeight":0.096,"recapWeight":0.0625,"deltaWeight":9.3125,"categoryWeight":0.05,"quantileWeight":1.05,"consistencyWeight":0,"identityDropoutRate":0.5725}, Scales {"judgeBias":1,"corps":1}, SeqLen 15, ID_Drop 0.564, WFW 1.500 
Epoch 105 memory(start): tensors=258, buffers=258, bytes=18.3MB

History Bucket Diagnostics (Avg Abs Error per sample, normalized units):
Hist | Count | MAE_Pred | MAE_Base | PredDevFromBase
-----|-------|----------|----------|----------------
0    | 8     | 0.6839   | 3.7696   | 3.8891 
1    | 9     | 0.6144   | 0.9160   | 0.8012 
2    | 11    | 0.4469   | 0.5551   | 0.5689 
3-5  | 59    | 0.4234   | 0.3926   | 0.3928 
6+   | 276   | 0.3399   | 0.2990   | 0.3440 

Epoch 105: loss = 0.758652 phase = C val_loss = 1.209739 delta_mae_pts = 0.3711 recap_mae_pts = 0.3711 cat_mae_pts = 0.4591 total_mae_pts = 1.0903 vs_inertia_pts = 0.0426 vs_quad_pts = 0.2751 lr_base = 0.000650 lr_mult = 0.0625 lr_eff = 0.000041 mon_cov = 0.908 mon_score = 3.6081 progress = 106/400 epoch_sec = 90.3 avg_epoch_sec = 89.9 elapsed = 02:38:54 eta = 07:20:43
Epoch 105 memory(end): tensors=258, buffers=258, bytes=18.3MB
[curriculum] phase=C age=77 ramp=80 delta=0.3711 cov=0.908 best_global_delta=0.3571

Epoch 106: Phase C (A_end=10, B_end=29, C_ramp=80) Weights {"totalWeight":0.097,"recapWeight":0.05937499999999998,"deltaWeight":9.421875,"categoryWeight":0.05,"quantileWeight":1.0625,"consistencyWeight":0,"identityDropoutRate":0.5606249999999999}, Scales {"judgeBias":1,"corps":1}, SeqLen 15, ID_Drop 0.562, WFW 1.500 
Epoch 106 memory(start): tensors=258, buffers=258, bytes=18.3MB

History Bucket Diagnostics (Avg Abs Error per sample, normalized units):
Hist | Count | MAE_Pred | MAE_Base | PredDevFromBase
-----|-------|----------|----------|----------------
0    | 8     | 0.6792   | 3.7696   | 3.8806 
1    | 9     | 0.6125   | 0.9160   | 0.7617 
2    | 11    | 0.4386   | 0.5551   | 0.5516 
3-5  | 59    | 0.4312   | 0.3926   | 0.3946 
6+   | 276   | 0.3431   | 0.2990   | 0.3477 

Epoch 106: loss = 0.765160 phase = C val_loss = 1.233590 delta_mae_pts = 0.3744 recap_mae_pts = 0.3744 cat_mae_pts = 0.4715 total_mae_pts = 1.1069 vs_inertia_pts = 0.0393 vs_quad_pts = 0.2718 lr_base = 0.000648 lr_mult = 0.0625 lr_eff = 0.000040 mon_cov = 0.904 mon_score = 3.6820 progress = 107/400 epoch_sec = 90.7 avg_epoch_sec = 89.9 elapsed = 02:40:25 eta = 07:19:15
Epoch 106 memory(end): tensors=258, buffers=258, bytes=18.3MB
[curriculum] phase=C age=78 ramp=80 delta=0.3744 cov=0.904 best_global_delta=0.3571

Epoch 107: Phase C (A_end=10, B_end=29, C_ramp=80) Weights {"totalWeight":0.098,"recapWeight":0.056249999999999994,"deltaWeight":9.53125,"categoryWeight":0.05,"quantileWeight":1.075,"consistencyWeight":0,"identityDropoutRate":0.5487500000000001}, Scales {"judgeBias":1,"corps":1}, SeqLen 15, ID_Drop 0.549, WFW 1.500 
Epoch 107 memory(start): tensors=258, buffers=258, bytes=18.3MB

History Bucket Diagnostics (Avg Abs Error per sample, normalized units):
Hist | Count | MAE_Pred | MAE_Base | PredDevFromBase
-----|-------|----------|----------|----------------
0    | 8     | 0.7059   | 3.7696   | 3.9157 
1    | 9     | 0.6044   | 0.9160   | 0.8243 
2    | 11    | 0.4557   | 0.5551   | 0.5816 
3-5  | 59    | 0.4149   | 0.3926   | 0.3975 
6+   | 276   | 0.3393   | 0.2990   | 0.3487 

Epoch 107: loss = 0.771789 phase = C val_loss = 1.232622 delta_mae_pts = 0.3698 recap_mae_pts = 0.3698 cat_mae_pts = 0.4606 total_mae_pts = 1.0687 vs_inertia_pts = 0.0439 vs_quad_pts = 0.2764 lr_base = 0.000646 lr_mult = 0.0625 lr_eff = 0.000040 mon_cov = 0.910 mon_score = 3.6746 progress = 108/400 epoch_sec = 90.9 avg_epoch_sec = 90.0 elapsed = 02:41:56 eta = 07:17:48
Epoch 107 memory(end): tensors=258, buffers=258, bytes=18.3MB
[curriculum] phase=C age=79 ramp=80 delta=0.3698 cov=0.910 best_global_delta=0.3571

Epoch 108: Phase C (A_end=10, B_end=29, C_ramp=80) Weights {"totalWeight":0.099,"recapWeight":0.05312499999999998,"deltaWeight":9.640625,"categoryWeight":0.05,"quantileWeight":1.0875000000000001,"consistencyWeight":0,"identityDropoutRate":0.536875}, Scales {"judgeBias":1,"corps":1}, SeqLen 15, ID_Drop 0.547, WFW 1.500 
Epoch 108 memory(start): tensors=258, buffers=258, bytes=18.3MB

History Bucket Diagnostics (Avg Abs Error per sample, normalized units):
Hist | Count | MAE_Pred | MAE_Base | PredDevFromBase
-----|-------|----------|----------|----------------
0    | 8     | 0.6730   | 3.7696   | 3.8642 
1    | 9     | 0.5969   | 0.9160   | 0.7949 
2    | 11    | 0.4605   | 0.5551   | 0.5701 
3-5  | 59    | 0.4175   | 0.3926   | 0.4048 
6+   | 276   | 0.3402   | 0.2990   | 0.3512 

Epoch 108: loss = 0.777687 phase = C val_loss = 1.246790 delta_mae_pts = 0.3701 recap_mae_pts = 0.3701 cat_mae_pts = 0.4621 total_mae_pts = 1.0671 vs_inertia_pts = 0.0436 vs_quad_pts = 0.2760 lr_base = 0.000644 lr_mult = 0.0625 lr_eff = 0.000040 mon_cov = 0.913 mon_score = 3.7184 progress = 109/400 epoch_sec = 90.7 avg_epoch_sec = 90.0 elapsed = 02:43:26 eta = 07:16:20
Epoch 108 memory(end): tensors=258, buffers=258, bytes=18.3MB
[curriculum] phase=C age=80 ramp=80 delta=0.3701 cov=0.913 best_global_delta=0.3571

Epoch 109: Phase C (A_end=10, B_end=29, C_ramp=80) Weights {"totalWeight":0.1,"recapWeight":0.04999999999999999,"deltaWeight":9.75,"categoryWeight":0.05,"quantileWeight":1.1,"consistencyWeight":0,"identityDropoutRate":0.525}, Scales {"judgeBias":1,"corps":1}, SeqLen 15, ID_Drop 0.517, WFW 1.500 
Epoch 109 memory(start): tensors=258, buffers=258, bytes=18.3MB

History Bucket Diagnostics (Avg Abs Error per sample, normalized units):
Hist | Count | MAE_Pred | MAE_Base | PredDevFromBase
-----|-------|----------|----------|----------------
0    | 8     | 0.6546   | 3.7696   | 3.8447 
1    | 9     | 0.6045   | 0.9160   | 0.7900 
2    | 11    | 0.4457   | 0.5551   | 0.5579 
3-5  | 59    | 0.4267   | 0.3926   | 0.3989 
6+   | 276   | 0.3373   | 0.2990   | 0.3447 

Epoch 109: loss = 0.786019 phase = C val_loss = 1.256331 delta_mae_pts = 0.3688 recap_mae_pts = 0.3688 cat_mae_pts = 0.4580 total_mae_pts = 1.0810 vs_inertia_pts = 0.0450 vs_quad_pts = 0.2774 lr_base = 0.000641 lr_mult = 0.0625 lr_eff = 0.000040 mon_cov = 0.912 mon_score = 3.7465 progress = 110/400 epoch_sec = 91.2 avg_epoch_sec = 90.0 elapsed = 02:44:57 eta = 07:14:53
Epoch 109 memory(end): tensors=258, buffers=258, bytes=18.3MB
[curriculum] phase=C age=81 ramp=80 delta=0.3688 cov=0.912 best_global_delta=0.3571

Epoch 110: Phase C (A_end=10, B_end=29, C_ramp=80) Weights {"totalWeight":0.1,"recapWeight":0.04999999999999999,"deltaWeight":9.75,"categoryWeight":0.05,"quantileWeight":1.1,"consistencyWeight":0,"identityDropoutRate":0.513125}, Scales {"judgeBias":1,"corps":1}, SeqLen 15, ID_Drop 0.510, WFW 1.500 
Epoch 110 memory(start): tensors=258, buffers=258, bytes=18.3MB

History Bucket Diagnostics (Avg Abs Error per sample, normalized units):
Hist | Count | MAE_Pred | MAE_Base | PredDevFromBase
-----|-------|----------|----------|----------------
0    | 8     | 0.6863   | 3.7696   | 3.9011 
1    | 9     | 0.6001   | 0.9160   | 0.8013 
2    | 11    | 0.4431   | 0.5551   | 0.5670 
3-5  | 59    | 0.4271   | 0.3926   | 0.3953 
6+   | 276   | 0.3408   | 0.2990   | 0.3445 

Epoch 110: loss = 0.782994 phase = C val_loss = 1.267122 delta_mae_pts = 0.3720 recap_mae_pts = 0.3720 cat_mae_pts = 0.4660 total_mae_pts = 1.0930 vs_inertia_pts = 0.0417 vs_quad_pts = 0.2742 lr_base = 0.000639 lr_mult = 0.0625 lr_eff = 0.000040 mon_cov = 0.906 mon_score = 3.7796 progress = 111/400 epoch_sec = 90.9 avg_epoch_sec = 90.0 elapsed = 02:46:28 eta = 07:13:26
Epoch 110 memory(end): tensors=258, buffers=258, bytes=18.3MB
[curriculum] phase=C age=82 ramp=80 delta=0.3720 cov=0.906 best_global_delta=0.3571

Epoch 111: Phase C (A_end=10, B_end=29, C_ramp=80) Weights {"totalWeight":0.1,"recapWeight":0.04999999999999999,"deltaWeight":9.75,"categoryWeight":0.05,"quantileWeight":1.1,"consistencyWeight":0,"identityDropoutRate":0.50125}, Scales {"judgeBias":1,"corps":1}, SeqLen 15, ID_Drop 0.489, WFW 1.500 
Epoch 111 memory(start): tensors=258, buffers=258, bytes=18.3MB

History Bucket Diagnostics (Avg Abs Error per sample, normalized units):
Hist | Count | MAE_Pred | MAE_Base | PredDevFromBase
-----|-------|----------|----------|----------------
0    | 8     | 0.7097   | 3.7696   | 3.9165 
1    | 9     | 0.5920   | 0.9160   | 0.8080 
2    | 11    | 0.4540   | 0.5551   | 0.5660 
3-5  | 59    | 0.4216   | 0.3926   | 0.3967 
6+   | 276   | 0.3422   | 0.2990   | 0.3482 

Epoch 111: loss = 0.784427 phase = C val_loss = 1.269727 delta_mae_pts = 0.3728 recap_mae_pts = 0.3728 cat_mae_pts = 0.4644 total_mae_pts = 1.0757 vs_inertia_pts = 0.0409 vs_quad_pts = 0.2733 lr_base = 0.000637 lr_mult = 0.0625 lr_eff = 0.000040 mon_cov = 0.909 mon_score = 3.7859 progress = 112/400 epoch_sec = 89.9 avg_epoch_sec = 90.0 elapsed = 02:47:58 eta = 07:11:56
Epoch 111 memory(end): tensors=258, buffers=258, bytes=18.3MB
[curriculum] phase=C age=83 ramp=80 delta=0.3728 cov=0.909 best_global_delta=0.3571

Epoch 112: Phase C (A_end=10, B_end=29, C_ramp=80) Weights {"totalWeight":0.1,"recapWeight":0.04999999999999999,"deltaWeight":9.75,"categoryWeight":0.05,"quantileWeight":1.1,"consistencyWeight":0,"identityDropoutRate":0.489375}, Scales {"judgeBias":1,"corps":1}, SeqLen 15, ID_Drop 0.484, WFW 1.500 
Epoch 112 memory(start): tensors=258, buffers=258, bytes=18.3MB

History Bucket Diagnostics (Avg Abs Error per sample, normalized units):
Hist | Count | MAE_Pred | MAE_Base | PredDevFromBase
-----|-------|----------|----------|----------------
0    | 8     | 0.6519   | 3.7696   | 3.8748 
1    | 9     | 0.5962   | 0.9160   | 0.8104 
2    | 11    | 0.4519   | 0.5551   | 0.5665 
3-5  | 59    | 0.4254   | 0.3926   | 0.3941 
6+   | 276   | 0.3384   | 0.2990   | 0.3443 

Epoch 112: loss = 0.781093 phase = C val_loss = 1.258213 delta_mae_pts = 0.3692 recap_mae_pts = 0.3692 cat_mae_pts = 0.4579 total_mae_pts = 1.0710 vs_inertia_pts = 0.0445 vs_quad_pts = 0.2769 lr_base = 0.000635 lr_mult = 0.0625 lr_eff = 0.000040 mon_cov = 0.910 mon_score = 3.7500 progress = 113/400 epoch_sec = 91.3 avg_epoch_sec = 90.0 elapsed = 02:49:30 eta = 07:10:29
Epoch 112 memory(end): tensors=258, buffers=258, bytes=18.3MB
[curriculum] phase=C age=84 ramp=80 delta=0.3692 cov=0.910 best_global_delta=0.3571

Epoch 113: Phase C (A_end=10, B_end=29, C_ramp=80) Weights {"totalWeight":0.1,"recapWeight":0.04999999999999999,"deltaWeight":9.75,"categoryWeight":0.05,"quantileWeight":1.1,"consistencyWeight":0,"identityDropoutRate":0.47750000000000004}, Scales {"judgeBias":1,"corps":1}, SeqLen 15, ID_Drop 0.485, WFW 1.500 
Epoch 113 memory(start): tensors=258, buffers=258, bytes=18.3MB

History Bucket Diagnostics (Avg Abs Error per sample, normalized units):
Hist | Count | MAE_Pred | MAE_Base | PredDevFromBase
-----|-------|----------|----------|----------------
0    | 8     | 0.6637   | 3.7696   | 3.8888 
1    | 9     | 0.5981   | 0.9160   | 0.7980 
2    | 11    | 0.4474   | 0.5551   | 0.5593 
3-5  | 59    | 0.4254   | 0.3926   | 0.3938 
6+   | 276   | 0.3417   | 0.2990   | 0.3480 

Epoch 113: loss = 0.782446 phase = C val_loss = 1.267220 delta_mae_pts = 0.3720 recap_mae_pts = 0.3720 cat_mae_pts = 0.4649 total_mae_pts = 1.0889 vs_inertia_pts = 0.0417 vs_quad_pts = 0.2742 lr_base = 0.000633 lr_mult = 0.0625 lr_eff = 0.000040 mon_cov = 0.906 mon_score = 3.7788 progress = 114/400 epoch_sec = 91.7 avg_epoch_sec = 90.0 elapsed = 02:51:01 eta = 07:09:03
Epoch 113 memory(end): tensors=258, buffers=258, bytes=18.3MB
[curriculum] phase=C age=85 ramp=80 delta=0.3720 cov=0.906 best_global_delta=0.3571

Epoch 114: Phase C (A_end=10, B_end=29, C_ramp=80) Weights {"totalWeight":0.1,"recapWeight":0.04999999999999999,"deltaWeight":9.75,"categoryWeight":0.05,"quantileWeight":1.1,"consistencyWeight":0,"identityDropoutRate":0.46562500000000007}, Scales {"judgeBias":1,"corps":1}, SeqLen 15, ID_Drop 0.462, WFW 1.500 
Epoch 114 memory(start): tensors=258, buffers=258, bytes=18.3MB

History Bucket Diagnostics (Avg Abs Error per sample, normalized units):
Hist | Count | MAE_Pred | MAE_Base | PredDevFromBase
-----|-------|----------|----------|----------------
0    | 8     | 0.6866   | 3.7696   | 3.8982 
1    | 9     | 0.5961   | 0.9160   | 0.7820 
2    | 11    | 0.4463   | 0.5551   | 0.5565 
3-5  | 59    | 0.4259   | 0.3926   | 0.3965 
6+   | 276   | 0.3421   | 0.2990   | 0.3470 

Epoch 114: loss = 0.781614 phase = C val_loss = 1.269521 delta_mae_pts = 0.3728 recap_mae_pts = 0.3728 cat_mae_pts = 0.4643 total_mae_pts = 1.0721 vs_inertia_pts = 0.0410 vs_quad_pts = 0.2734 lr_base = 0.000631 lr_mult = 0.0625 lr_eff = 0.000039 mon_cov = 0.902 mon_score = 3.7845 progress = 115/400 epoch_sec = 90.8 avg_epoch_sec = 90.0 elapsed = 02:52:32 eta = 07:07:35
Epoch 114 memory(end): tensors=258, buffers=258, bytes=18.3MB
[curriculum] phase=C age=86 ramp=80 delta=0.3728 cov=0.902 best_global_delta=0.3571

Epoch 115: Phase C (A_end=10, B_end=29, C_ramp=80) Weights {"totalWeight":0.1,"recapWeight":0.04999999999999999,"deltaWeight":9.75,"categoryWeight":0.05,"quantileWeight":1.1,"consistencyWeight":0,"identityDropoutRate":0.4537500000000001}, Scales {"judgeBias":1,"corps":1}, SeqLen 15, ID_Drop 0.461, WFW 1.500 
Epoch 115 memory(start): tensors=258, buffers=258, bytes=18.3MB

History Bucket Diagnostics (Avg Abs Error per sample, normalized units):
Hist | Count | MAE_Pred | MAE_Base | PredDevFromBase
-----|-------|----------|----------|----------------
0    | 8     | 0.6531   | 3.7696   | 3.8642 
1    | 9     | 0.6011   | 0.9160   | 0.7810 
2    | 11    | 0.4583   | 0.5551   | 0.5539 
3-5  | 59    | 0.4265   | 0.3926   | 0.3996 
6+   | 276   | 0.3400   | 0.2990   | 0.3475 

Epoch 115: loss = 0.780061 phase = C val_loss = 1.264444 delta_mae_pts = 0.3710 recap_mae_pts = 0.3710 cat_mae_pts = 0.4626 total_mae_pts = 1.0695 vs_inertia_pts = 0.0427 vs_quad_pts = 0.2752 lr_base = 0.000629 lr_mult = 0.0625 lr_eff = 0.000039 mon_cov = 0.904 mon_score = 3.7672 progress = 116/400 epoch_sec = 92.2 avg_epoch_sec = 90.0 elapsed = 02:54:04 eta = 07:06:11
Epoch 115 memory(end): tensors=258, buffers=258, bytes=18.3MB
[curriculum] phase=C age=87 ramp=80 delta=0.3710 cov=0.904 best_global_delta=0.3571

Epoch 116: Phase C (A_end=10, B_end=29, C_ramp=80) Weights {"totalWeight":0.1,"recapWeight":0.04999999999999999,"deltaWeight":9.75,"categoryWeight":0.05,"quantileWeight":1.1,"consistencyWeight":0,"identityDropoutRate":0.441875}, Scales {"judgeBias":1,"corps":1}, SeqLen 15, ID_Drop 0.449, WFW 1.500 
Epoch 116 memory(start): tensors=258, buffers=258, bytes=18.3MB

History Bucket Diagnostics (Avg Abs Error per sample, normalized units):
Hist | Count | MAE_Pred | MAE_Base | PredDevFromBase
-----|-------|----------|----------|----------------
0    | 8     | 0.6811   | 3.7696   | 3.9187 
1    | 9     | 0.5934   | 0.9160   | 0.8013 
2    | 11    | 0.4413   | 0.5551   | 0.5568 
3-5  | 59    | 0.4230   | 0.3926   | 0.3946 
6+   | 276   | 0.3404   | 0.2990   | 0.3464 

Epoch 116: loss = 0.769044 phase = C val_loss = 1.263015 delta_mae_pts = 0.3707 recap_mae_pts = 0.3707 cat_mae_pts = 0.4617 total_mae_pts = 1.0720 vs_inertia_pts = 0.0431 vs_quad_pts = 0.2755 lr_base = 0.000627 lr_mult = 0.0625 lr_eff = 0.000039 mon_cov = 0.908 mon_score = 3.7641 progress = 117/400 epoch_sec = 91.9 avg_epoch_sec = 90.1 elapsed = 02:55:36 eta = 07:04:45
Epoch 116 memory(end): tensors=258, buffers=258, bytes=18.3MB
[curriculum] phase=C age=88 ramp=80 delta=0.3707 cov=0.908 best_global_delta=0.3571

Epoch 117: Phase C (A_end=10, B_end=29, C_ramp=80) Weights {"totalWeight":0.1,"recapWeight":0.04999999999999999,"deltaWeight":9.75,"categoryWeight":0.05,"quantileWeight":1.1,"consistencyWeight":0,"identityDropoutRate":0.43000000000000005}, Scales {"judgeBias":1,"corps":1}, SeqLen 15, ID_Drop 0.424, WFW 1.500 
Epoch 117 memory(start): tensors=258, buffers=258, bytes=18.3MB

History Bucket Diagnostics (Avg Abs Error per sample, normalized units):
Hist | Count | MAE_Pred | MAE_Base | PredDevFromBase
-----|-------|----------|----------|----------------
0    | 8     | 0.6498   | 3.7696   | 3.8796 
1    | 9     | 0.5991   | 0.9160   | 0.7799 
2    | 11    | 0.4478   | 0.5551   | 0.5591 
3-5  | 59    | 0.4255   | 0.3926   | 0.3959 
6+   | 276   | 0.3378   | 0.2990   | 0.3452 

Epoch 117: loss = 0.775897 phase = C val_loss = 1.257349 delta_mae_pts = 0.3688 recap_mae_pts = 0.3688 cat_mae_pts = 0.4574 total_mae_pts = 1.0752 vs_inertia_pts = 0.0450 vs_quad_pts = 0.2774 lr_base = 0.000624 lr_mult = 0.0625 lr_eff = 0.000039 mon_cov = 0.904 mon_score = 3.7455 progress = 118/400 epoch_sec = 90.4 avg_epoch_sec = 90.1 elapsed = 02:57:07 eta = 07:03:16
Epoch 117 memory(end): tensors=258, buffers=258, bytes=18.3MB
[curriculum] phase=C age=89 ramp=80 delta=0.3688 cov=0.904 best_global_delta=0.3571

Epoch 118: Phase C (A_end=10, B_end=29, C_ramp=80) Weights {"totalWeight":0.1,"recapWeight":0.04999999999999999,"deltaWeight":9.75,"categoryWeight":0.05,"quantileWeight":1.1,"consistencyWeight":0,"identityDropoutRate":0.41812499999999997}, Scales {"judgeBias":1,"corps":1}, SeqLen 15, ID_Drop 0.423, WFW 1.500 
Epoch 118 memory(start): tensors=258, buffers=258, bytes=18.3MB

History Bucket Diagnostics (Avg Abs Error per sample, normalized units):
Hist | Count | MAE_Pred | MAE_Base | PredDevFromBase
-----|-------|----------|----------|----------------
0    | 8     | 0.6294   | 3.7696   | 3.8671 
1    | 9     | 0.6013   | 0.9160   | 0.7941 
2    | 11    | 0.4381   | 0.5551   | 0.5471 
3-5  | 59    | 0.4301   | 0.3926   | 0.3924 
6+   | 276   | 0.3432   | 0.2990   | 0.3424 

Epoch 118: loss = 0.776804 phase = C val_loss = 1.271129 delta_mae_pts = 0.3729 recap_mae_pts = 0.3729 cat_mae_pts = 0.4622 total_mae_pts = 1.0753 vs_inertia_pts = 0.0408 vs_quad_pts = 0.2733 lr_base = 0.000622 lr_mult = 0.0625 lr_eff = 0.000039 mon_cov = 0.899 mon_score = 3.7861 progress = 119/400 epoch_sec = 90.8 avg_epoch_sec = 90.1 elapsed = 02:58:37 eta = 07:01:48
Epoch 118 memory(end): tensors=258, buffers=258, bytes=18.3MB
[curriculum] phase=C age=90 ramp=80 delta=0.3729 cov=0.899 best_global_delta=0.3571

Epoch 119: Phase C (A_end=10, B_end=29, C_ramp=80) Weights {"totalWeight":0.1,"recapWeight":0.04999999999999999,"deltaWeight":9.75,"categoryWeight":0.05,"quantileWeight":1.1,"consistencyWeight":0,"identityDropoutRate":0.40625}, Scales {"judgeBias":1,"corps":1}, SeqLen 15, ID_Drop 0.403, WFW 1.500 
Epoch 119 memory(start): tensors=258, buffers=258, bytes=18.3MB

History Bucket Diagnostics (Avg Abs Error per sample, normalized units):
Hist | Count | MAE_Pred | MAE_Base | PredDevFromBase
-----|-------|----------|----------|----------------
0    | 8     | 0.6888   | 3.7696   | 3.9350 
1    | 9     | 0.6014   | 0.9160   | 0.8024 
2    | 11    | 0.4465   | 0.5551   | 0.5549 
3-5  | 59    | 0.4320   | 0.3926   | 0.3986 
6+   | 276   | 0.3430   | 0.2990   | 0.3473 

Epoch 119: loss = 0.769352 phase = C val_loss = 1.276267 delta_mae_pts = 0.3746 recap_mae_pts = 0.3746 cat_mae_pts = 0.4684 total_mae_pts = 1.0956 vs_inertia_pts = 0.0391 vs_quad_pts = 0.2716 lr_base = 0.000620 lr_mult = 0.0625 lr_eff = 0.000039 mon_cov = 0.901 mon_score = 3.8051 progress = 120/400 epoch_sec = 91.2 avg_epoch_sec = 90.1 elapsed = 03:00:09 eta = 07:00:20
Epoch 119 memory(end): tensors=258, buffers=258, bytes=18.3MB
[curriculum] phase=C age=91 ramp=80 delta=0.3746 cov=0.901 best_global_delta=0.3571

--- NO MONITOR IMPROVEMENT FOR 18 EPOCHS: plateau multiplier 0.0625 -> 0.0313, effective LR 0.000030 ---
Early stopping at epoch 119 
Selecting final weights: best-delta-checkpoint (delta_mae_pts = 0.3571)
Saving final production model to models\v9_subcaption_fixed\v9fix_shared_datefwd_swa_train_best_export_1779496715721...

--- EVALUATION: validation (363 rows) ---
validation: delta_mae_pts=0.3749, recap_mae_pts=0.3749, total_mae_pts=1.0515, coverage=0.955, width=2.0478

--- EVALUATION: test_all (52 rows) ---
test_all: delta_mae_pts=0.3247, recap_mae_pts=0.3247, total_mae_pts=0.8118, coverage=0.988, width=1.9571

--- EVALUATION: test_world_class (33 rows) ---
test_world_class: delta_mae_pts=0.3161, recap_mae_pts=0.3161, total_mae_pts=0.8247, coverage=0.992, width=1.9325

--- EVALUATION: test_open_class (19 rows) ---
test_open_class: delta_mae_pts=0.3375, recap_mae_pts=0.3375, total_mae_pts=0.7884, coverage=0.980, width=1.9988

--- EVALUATION: test_championship_week (47 rows) ---
test_championship_week: delta_mae_pts=0.3324, recap_mae_pts=0.3324, total_mae_pts=0.8829, coverage=0.987, width=1.9384
Production training complete.
