tree
version=v4
num_class=1
num_tree_per_iteration=1
label_index=0
max_feature_idx=58
objective=quantile
feature_names=Column_0 Column_1 Column_2 Column_3 Column_4 Column_5 Column_6 Column_7 Column_8 Column_9 Column_10 Column_11 Column_12 Column_13 Column_14 Column_15 Column_16 Column_17 Column_18 Column_19 Column_20 Column_21 Column_22 Column_23 Column_24 Column_25 Column_26 Column_27 Column_28 Column_29 Column_30 Column_31 Column_32 Column_33 Column_34 Column_35 Column_36 Column_37 Column_38 Column_39 Column_40 Column_41 Column_42 Column_43 Column_44 Column_45 Column_46 Column_47 Column_48 Column_49 Column_50 Column_51 Column_52 Column_53 Column_54 Column_55 Column_56 Column_57 Column_58
feature_infos=[0.039999999105930328:1.6000000238418579] [0.05000000074505806:0.5] [0.059999998658895493:1.5199999809265137] [0:0.54119211435317993] [0.039999999105930328:1.440000057220459] [0:0.55000001192092896] [0:1] [0:1] [0:2.2666666507720947] [0.039999999105930328:4] [-18.734375:0] [-9.6899995803833008:11.46875] [0:7.6152467727661133] [-1.1066666841506958:3.940000057220459] [0:0.43333333730697632] [0:0.93333333730697632] [0.039999999105930328:1.6000000238418579] [0:0.66666668653488159] [0.18190476298332214:0.91288888454437256] [0:1] [-22.531000137329102:28.888999938964844] [-22.531000137329102:27.158000946044922] [-21.007600784301758:24.503599166870117] none none none [-22.115999221801758:21.5] [-22.115999221801758:21.5] [-16.012399673461914:18.616399765014648] none none none none none none [-17.592500686645508:21.677499771118164] [-11.965999603271484:17.982999801635742] [-14.043000221252441:16.086200714111328] none none none none none none [-30:99] [-9.4589996337890625:7.7718334197998047] [-6.0539999008178711:9.0223331451416016] [0:16.470409393310547] [0:1] [0:5] [0:5] [-37.666000366210938:30.954999923706055] none [-28.121999740600586:23.117000579833984] none none [-28.14900016784668:23.379999160766602] none none
tree_sizes=2653 2800 2820 2786 2804 2795 2807 2815 2798 2819 2826 2833 2840 2827 2828 2824 2848 2829 2832 2826 2829 2814 2844 2818 2847 2833 2846 2845 2837 2829 2841 2851 2833 2832 2881 2829 2855 2855 2875 2857 2857 2881 2862 2860 2858 2877 2861 2858 2894 2860 2865 2870

Tree=0
num_leaves=31
num_cat=0
split_feature=13 13 51 51 9 19 9 9 10 51 49 12 11 13 2 12 18 16 13 16 49 13 4 13 27 18 27 44 44 5
split_gain=42.1839 17.9793 20.4151 13.95 6.55727 6.43486 6.38566 5.98535 4.95139 6.36661 4.0943 3.1746 2.91255 2.80307 5.04909 2.64123 1.75363 3.58075 2.07434 1.40698 1.11793 0.941832 0.931217 1.07961 0.935326 1.00511 0.881017 1.10709 0.772247 0.68495
threshold=0.52000001072883617 -0.14111111313104627 2.7035000324249272 -1.0000000180025095e-35 0.09099867939949037 1.0000000180025095e-35 0.4025298953056336 0.65877881646156322 -9.5187473297119123 0.083499997854232802 1.0000000180025095e-35 5.4141719341278085 -0.014455747324973343 0.021999999880790714 0.30200000107288366 4.787647247314454 0.57866665720939647 0.53999999165534984 0.0084444447420537489 0.85999998450279247 1.0000000180025095e-35 -0.054666668176650994 0.85999998450279247 0.067000001668930068 0.6581999957561494 0.46261110901832586 -0.068199999630451189 -4.4999999999999991 -1.0000000180025095e-35 0.42499999701976782
decision_type=2 2 2 2 2 2 2 2 2 2 2 2 2 2 2 2 2 2 2 2 2 2 2 2 2 2 2 2 2 2
left_child=1 -1 4 -2 -3 6 8 10 19 13 -4 12 -5 14 28 21 17 18 20 26 -11 -12 24 -24 -8 -26 27 -6 -10 -22
right_child=3 2 7 11 5 -7 22 -9 9 16 15 -13 -14 -15 -16 -17 -18 -19 -20 -21 29 -23 23 -25 25 -27 -28 -29 -30 -31
leaf_value=2.4389997541904451 3.5699047448169723 2.4742297414612735 2.594559756996631 3.0462496679425497 2.5530097516560559 2.4192997534871052 2.468999755382538 2.507199746179583 2.5302997518777843 2.4720747459948065 2.6494347307288706 2.3939997553825378 3.5466497393846224 2.6714997500181226 2.7005997419953416 2.6397747499525592 2.4900297524642951 2.5996497438907626 2.5726797547650335 2.5606097507142977 2.5168397491312033 2.6443247532069876 2.4840097052717169 2.783999729156494 2.5072797375154479 2.633299744129181 2.4989597410940947 2.5268197489905333 2.6099997458457893 2.5398997533321377
leaf_weight=1989 68 335 24 20 20 176 155 25 26 34 22 21 22 26 32 36 25 21 23 23 20 36 33 21 23 20 70 68 25 26
leaf_count=1989 68 335 24 20 20 176 155 25 26 34 22 21 22 26 32 36 25 21 23 23 20 36 33 21 23 20 70 68 25 26
internal_value=2.51999 2.5189 2.52336 2.54782 2.52124 2.52353 2.52571 2.54122 2.52935 2.5338 2.54593 2.53087 2.53881 2.54298 2.53849 2.55064 2.52708 2.52952 2.52568 2.52301 2.52187 2.55724 2.51936 2.52518 2.51778 2.5243 2.52133 2.52466 2.52873 2.52696
internal_weight=3465 3334 1345 131 1202 867 691 143 439 258 118 63 42 109 83 94 149 124 103 181 80 58 252 54 198 43 158 88 51 46
internal_count=3465 3334 1345 131 1202 867 691 143 439 258 118 63 42 109 83 94 149 124 103 181 80 58 252 54 198 43 158 88 51 46
is_linear=0
shrinkage=1


Tree=1
num_leaves=31
num_cat=0
split_feature=13 13 53 53 47 9 16 16 14 16 12 0 27 0 9 28 22 56 44 0 3 13 4 9 0 47 13 17 16 45
split_gain=41.3807 15.6149 16.2611 15.1311 9.02424 6.09907 6.32802 12.3216 3.51025 3.04663 2.67818 4.79695 2.67234 2.18344 1.61543 2.52311 2.78786 2.18726 1.59679 1.3681 1.13282 0.816093 0.839187 0.753463 0.686028 1.10291 0.910084 0.648579 0.396207 0.346921
threshold=0.52000001072883617 -0.14111111313104627 2.2469999790191655 -1.0000000180025095e-35 3.3087825775146489 0.09099867939949037 0.97999998927116405 0.53999999165534984 0.24583332985639575 0.25999999791383749 0.46604204177856451 0.4200000017881394 0.48425000905990606 0.25999999791383749 0.28923450410366064 0.66144999861717235 1.3205999732017519 -0.61649999022483815 -1.4999999999999998 0.85999998450279247 0.19831921160221103 -0.34733332693576807 0.29999999701976782 0.14757101237773898 0.53999999165534984 0.62567895650863659 -0.31000000238418574 0.20833333581686023 0.25999999791383749 0.23558333516120913
decision_type=2 2 2 2 2 2 2 2 2 2 2 2 2 2 2 2 2 2 2 2 2 2 2 2 2 2 2 2 2 2
left_child=1 21 5 -2 12 -3 7 10 -9 -5 11 13 18 23 15 17 -17 -12 -4 28 -10 -1 -23 -7 25 -24 -27 -19 -13 -26
right_child=3 2 4 9 -6 6 -8 8 20 -11 14 19 -14 -15 -16 16 -18 27 -20 -21 -22 22 24 -25 29 26 -28 -29 -30 -31
leaf_value=-0.12194998770952226 1.004054752769481 -0.043891500689152069 0.091309253672415547 0.17704712554337387 -0.023809998133182256 0.019494408345355582 -0.081653489553862257 0.048319502116926288 0.070897502293591111 0.8398174497067834 0.11950646359450241 -0.071511492419542716 0.11903376863390421 0.15559001439570283 -0.027875020736451584 0.066739384026241716 -0.0010654011176356615 0.033794987390043406 0.12201466525414328 0.30779998946190745 0.12822750765830015 -0.06085499342796994 -0.027089989278316875 0.048650008869168176 -0.057359993460167985 -0.0013999938130359714 0.0353700068283112 -0.016082785121731634 0.016079510303914395 0.011160014262201791
leaf_weight=1075 69 327 23 37 35 22 210 34 24 25 34 47 35 32 192 27 20 29 39 20 26 604 47 20 177 21 30 123 26 35
leaf_count=1075 69 327 23 37 35 22 210 34 24 25 34 47 35 32 192 27 20 29 39 20 26 604 47 20 177 21 30 123 26 35
internal_value=-0.000122656 -0.00120576 0.00295539 0.0274427 0.0196212 0.0011418 0.00329571 0.00565089 0.0235714 0.00951613 0.00310811 0.00847305 0.0274742 0.017973 0.000999999 0.00379828 0.0141489 0.00118279 0.0337097 0.000913977 0.032 -0.00401961 -0.00292123 0.0104762 -0.000806453 0.00265306 0.0077451 -0.00138158 -0.00226028 -0.00240566
internal_weight=3465 3334 1345 131 132 1213 886 676 84 62 592 167 97 74 425 233 47 186 62 93 50 1989 914 42 310 98 51 152 73 212
internal_count=3465 3334 1345 131 132 1213 886 676 84 62 592 167 97 74 425 233 47 186 62 93 50 1989 914 42 310 98 51 152 73 212
is_linear=0
shrinkage=0.05


Tree=2
num_leaves=31
num_cat=0
split_feature=13 53 13 51 45 9 19 9 16 14 8 53 14 16 37 37 14 13 21 4 9 48 47 47 13 2 0 21 46 11
split_gain=41.3807 15.1311 14.2511 18.6188 5.59441 5.16319 5.24114 5.05604 3.88212 5.52299 4.38778 3.31856 3.28276 3.04663 2.47503 1.83729 2.32819 2.04241 1.25952 0.987259 1.14955 1.02874 0.944557 0.905775 0.900686 1.35121 1.69646 0.876783 0.686558 1.28444
threshold=0.52000001072883617 -1.0000000180025095e-35 -0.14111111313104627 2.7035000324249272 1.8780000209808352 0.085375923663377776 1.0000000180025095e-35 0.4025298953056336 0.53999999165534984 0.38750000298023229 1.0000000180025095e-35 3.0779999494552617 0.24583332985639575 0.25999999791383749 0.41369999945163732 0.30085000395774847 0.25416666269302374 -0.018000000156462189 0.62465000152587902 0.099999997764825835 0.2982576191425324 1.0000000180025095e-35 0.5504865050315858 0.71874603629112255 -0.32000000774860377 0.43199999630451208 0.53999999165534984 -0.18919999897480008 -1.0000000180025095e-35 0.0048587182536721238
decision_type=2 2 2 2 2 2 2 2 2 2 2 2 2 2 2 2 2 2 2 2 2 2 2 2 2 2 2 2 2 2
left_child=2 -2 24 5 11 -4 7 8 10 12 -7 14 -10 -3 -5 19 23 -18 -13 -12 21 -21 -23 -17 -1 -26 28 -14 29 -27
right_child=1 13 3 4 -6 6 -8 -9 9 -11 15 18 27 -15 -16 16 17 -19 -20 20 -22 22 -24 -25 25 26 -28 -29 -30 -31
leaf_value=-0.11479124473400495 0.95385201513100693 0.16819476926620525 -0.043316916854683557 0.024316102253642186 -0.0058935481777596457 0.14530550867270273 -0.09158231509209494 -0.011892319555910481 0.039903533686799268 -0.13482309184623373 -0.019241441289220021 0.12995849809958446 0.1226136239848082 0.79782657722144423 0.087551914078142917 -0.028930083145220838 0.04617361147860162 0.082168046701445396 0.11670482086478931 -0.019499604286347449 -0.068839488302352703 0.037699328856542452 0.019945882843463908 0.011526910069766146 -0.057212244340741993 0.049217627018688898 -0.032351992158764477 0.085223633063965493 0.0095991999113341896 0.0019707103394020725
leaf_weight=1206 69 37 321 30 26 35 176 252 30 23 105 28 21 25 39 33 28 23 20 31 26 23 29 20 522 20 183 26 33 25
leaf_count=1206 69 37 321 30 26 35 176 252 30 23 105 28 21 25 39 33 28 23 20 31 26 23 29 20 522 20 183 26 33 25
internal_value=-0.000122656 0.0274427 -0.00120576 0.00276952 0.0198252 0.000740431 0.0027185 0.00464539 0.00780353 0.0165 0.00533994 0.0244872 0.0229221 0.00951613 0.0174638 0.00349056 0.00894231 0.0165686 0.0345833 0.00084112 0.00417431 0.00704819 0.0113462 0.00160377 -0.00389392 -0.00257344 0.000363983 0.0311702 0.00653846 0.0105556
internal_weight=3465 131 3334 1345 143 1202 881 705 453 100 353 117 77 62 69 318 104 51 48 214 109 83 52 53 1989 783 261 47 78 45
internal_count=3465 131 3334 1345 143 1202 881 705 453 100 353 117 77 62 69 318 104 51 48 214 109 83 52 53 1989 783 261 47 78 45
is_linear=0
shrinkage=0.05


Tree=3
num_leaves=31
num_cat=0
split_feature=13 53 13 53 47 3 2 8 16 13 13 16 5 27 19 46 53 8 8 13 4 26 26 35 12 4 13 13 3 45
split_gain=41.0926 14.2156 13.502 15.5547 8.40693 3.76363 5.59644 7.11654 5.61779 4.19545 4.19198 3.21111 3.11464 2.86821 2.36465 2.73256 1.57053 1.09565 0.996831 0.848641 1.28744 0.812558 1.06357 1.02252 0.72 0.645096 0.862774 0.63674 0.59251 1.22405
threshold=2.8888888359069829 -1.0000000180025095e-35 -0.14111111313104627 2.2469999790191655 3.3087825775146489 0.1726275831460953 0.5000000149011613 1.5666666626930239 0.85999998450279247 0.021999999880790714 -0.063111113384366022 0.25999999791383749 0.42499999701976782 0.48425000905990606 1.0000000180025095e-35 0.010833333246409895 3.2064999341964726 1.0333333611488345 1.1000000238418581 -0.32000000774860377 0.29999999701976782 0.18424999713897708 -1.3339999914169309 1.0924999713897707 0.68956854939460765 0.85999998450279247 0.067000001668930068 -0.018000000156462189 0.12671032547950747 0.063999999314546599
decision_type=2 2 2 2 2 2 2 2 2 2 2 2 2 2 2 2 2 2 2 2 2 2 2 2 2 2 2 2 2 2
left_child=2 -2 19 5 13 9 7 8 10 27 17 -3 18 16 15 -11 -5 -7 -12 -1 -21 22 -22 24 -23 -8 -27 -4 -29 -30
right_child=1 11 3 4 -6 6 25 -9 -10 14 12 -13 -14 -15 -16 -17 -18 -19 -20 20 21 23 -24 -25 -26 26 -28 28 29 -31
leaf_value=-0.10905168249730471 0.90870940659008803 0.20405503943126285 -0.04715106796014297 0.083109910797453071 -0.022324820817635163 -0.0045534660782252084 -0.046461620754508798 -0.009883933155055093 0.1078460016046414 0.016772228376300592 0.041380224859644377 0.76593525217506975 0.12395046002194465 0.10724683915896954 -0.10011887920291418 0.071137647124892803 0.12735845042319249 0.065827436838285444 0.10962336855480213 -0.05408663531725813 0.017011544316949734 0.010885205508393885 -0.025237047538500781 -0.021886246803824755 0.06430915791148413 -0.049213233795216686 0.14952556548105506 -0.021187514415710824 -0.019523511750736574 0.018431732536147348
leaf_weight=1206 67 36 431 38 35 69 199 107 38 34 41 24 28 35 22 23 24 21 28 558 23 25 117 35 25 26 23 67 37 23
leaf_count=1206 67 36 431 38 35 69 199 107 38 34 41 24 28 35 22 23 24 21 28 558 23 25 117 35 25 26 23 67 37 23
internal_value=-0.000238096 0.0276772 -0.00130018 0.00256116 0.0188636 0.000792932 0.0037069 0.00795181 0.013 -0.00186028 0.0094385 0.01 0.0166495 0.0264433 0.00892405 0.0142982 0.0329032 0.00166667 0.010942 -0.00391906 -0.00263729 0.000555554 -0.00178572 0.00441176 0.009 -0.00197581 0.00316326 -0.0033871 -0.000275592 0.00333333
internal_weight=3465 127 3338 1349 132 1217 580 332 225 637 187 60 97 97 79 57 62 90 69 1989 783 225 140 85 50 248 49 558 127 60
internal_count=3465 127 3338 1349 132 1217 580 332 225 637 187 60 97 97 79 57 62 90 69 1989 783 225 140 85 50 248 49 558 127 60
is_linear=0
shrinkage=0.05


Tree=4
num_leaves=31
num_cat=0
split_feature=13 53 13 53 47 9 19 9 44 13 2 10 18 18 0 56 9 26 10 47 5 37 10 18 13 2 9 49 0 45
split_gain=40.1934 13.5894 12.005 13.4506 7.55627 4.54068 4.60745 4.70864 3.62963 3.48432 4.52152 4.32624 2.86248 3.40845 5.96625 2.71803 2.64894 1.7277 1.52111 1.33333 0.986629 0.966866 0.949997 1.25071 0.821092 1.79235 1.80267 1.56863 0.739565 0.710601
threshold=2.8888888359069829 -1.0000000180025095e-35 -0.15349999815225598 2.2469999790191655 3.3087825775146489 0.09673341736197473 1.0000000180025095e-35 0.4025298953056336 -2.4999999999999996 0.021999999880790714 0.27400000393390661 -9.6603736877441388 0.61629629135131847 0.48206734657287603 0.45999999344348913 3.1729999780654912 1.9524219632148745 0.18424999713897708 -9.4428186416625959 0.5504865050315858 0.32500000298023229 -2.8839499950408931 -9.0410957336425763 0.46396824717521673 -0.32000000774860377 0.43199999630451208 0.22242205590009692 1.0000000180025095e-35 1.0199999809265139 0.51783332228660595
decision_type=2 2 2 2 2 2 2 2 2 2 2 2 2 2 2 2 2 2 2 2 2 2 2 2 2 2 2 2 2 2
left_child=2 -2 24 5 8 -4 7 9 -5 10 22 -11 13 17 18 -10 -3 19 -15 -12 -13 -9 29 -24 -1 -26 27 -27 -23 -7
right_child=1 16 3 4 -6 6 -8 21 15 11 12 20 -14 14 -16 -17 -18 -19 -20 -21 -22 28 23 -25 25 26 -28 -29 -30 -31
leaf_value=-0.10359909837243947 0.86327393626058369 0.7746384738306622 -0.034435798403884346 0.049000033087703787 -0.015235318563079664 -0.029583511084887049 -0.084694561525556517 0.098535853807637713 0.083687574192069472 -0.0082579595864936683 0.16444974186790551 0.047811184452322554 -0.056958920957390108 0.064323233293021531 0.0069322609524544642 0.1242930207231806 -0.027497419083405007 -0.0064603183822923814 0.12087515059115334 0.030997191041904373 0.11538722795766834 -0.044138539716783345 0.0026583456646589489 0.018409856946252443 -0.056492299658043615 0.00059197594965251224 -0.015149335555199995 0.0448716546605036 0.071352379818128447 0.011272367520162925
leaf_weight=1206 67 29 347 36 39 124 176 28 43 25 24 20 23 20 26 29 31 23 25 24 37 182 57 31 461 34 196 20 60 22
leaf_count=1206 67 29 347 36 39 124 176 28 43 25 24 20 23 20 26 29 31 23 25 24 37 182 57 31 461 34 196 20 60 22
internal_value=-0.000324677 0.0272835 -0.00137508 0.00210767 0.0164286 0.000455258 0.00228155 0.00398801 0.0232407 0.00695426 0.00502506 0.0163415 0.0113636 0.0140141 0.0217606 0.0297222 0.01 0.0062676 0.0327778 0.0116667 0.0239474 -0.0012963 0.000555554 0.00465909 -0.0039567 -0.002609 0.000799999 0.00888889 -0.00231405 -0.00191781
internal_weight=3465 127 3338 1421 147 1274 927 751 108 481 399 82 165 142 71 72 60 71 45 48 57 270 234 88 1917 711 250 54 242 146
internal_count=3465 127 3338 1421 147 1274 927 751 108 481 399 82 165 142 71 72 60 71 45 48 57 270 234 88 1917 711 250 54 242 146
is_linear=0
shrinkage=0.05


Tree=5
num_leaves=31
num_cat=0
split_feature=13 27 13 51 45 12 12 14 14 28 2 0 37 3 13 6 53 21 53 10 14 8 46 0 10 20 53 51 45 13
split_gain=33.7989 12.4818 12.3209 17.8241 3.63789 3.10015 2.7886 2.3526 4.04761 2.85238 2.48677 7.90722 3.02969 2.34083 2.23021 2.36456 2.76372 1.9496 1.91219 1.62441 1.78761 2.39817 1.7408 3.00357 1.25691 0.853175 0.819493 0.804151 1.39705 0.774696
threshold=2.8888888359069829 -1.0000000180025095e-35 -0.09200000017881392 3.1049998998641972 1.5462499856948855 5.3707268238067636 5.4141719341278085 0.32916666567325598 0.29583333432674414 -0.77529999613761891 0.18666666746139529 0.34000000357627874 0.047000000253319747 0.1726275831460953 -0.29199999570846552 0.90000000596046459 2.5074999332427983 -0.3660499900579452 -1.0000000180025095e-35 -9.9795794486999494 0.36249999701976782 0.5000000149011613 -0.008499999996274708 0.58000001311302196 -9.0629258155822736 -11.945499897003172 3.5060000419616704 1.703500032424927 0.63574999570846569 -0.018000000156462189
decision_type=2 2 2 2 2 2 2 2 2 2 2 2 2 2 2 2 2 2 2 2 2 2 2 2 2 2 2 2 2 2
left_child=2 25 14 5 13 7 -3 8 10 -10 29 12 -12 -5 -1 16 19 -11 -7 -16 21 -21 23 -23 -19 -2 -15 -17 -29 -4
right_child=1 6 3 4 -6 18 -8 -9 9 17 11 -13 -14 26 15 27 -18 24 -20 20 -22 22 -24 -25 -26 -27 -28 28 -30 -31
leaf_value=-0.097660388685373856 0.81351027259961095 0.69978416791795317 -0.03971173615280002 0.079261335375958863 0.035392132386415164 0.11195551251842979 -0.14578996352699874 -0.039040018474255374 0.097131715412606165 0.1244725194425941 0.12892033067988298 -0.0014079943683231451 0.028299899592269084 0.099281410299510695 -0.034532677547630411 -0.045478303218610211 0.06406831242723611 -0.016894721731603387 0.017324344327302062 -0.041317700780336475 -0.035142682487669899 0.09743232116504924 0.024696987819866262 0.049942487593675873 0.034278319905421288 1.0358347028830659 0.13475700527277581 0.011242111165461859 -0.031079753000884343 0.0042319395922579914
leaf_weight=1347 43 38 195 27 20 20 22 226 24 20 30 240 21 26 120 486 20 37 37 59 46 24 47 21 21 20 22 44 91 83
leaf_count=1347 43 38 195 27 20 20 22 226 24 20 30 240 21 26 120 486 20 37 37 59 46 24 47 21 21 20 22 44 91 83
internal_value=-0.000254531 0.0254878 -0.00119857 0.00329361 0.0239474 0.0012369 0.00916667 0.000518393 0.00200447 0.0111765 0.00036028 0.00359106 0.0214706 0.029 -0.00324295 -0.00139875 0.00197329 0.00653846 0.0125439 0.000835961 0.00362944 0.00625828 0.0113043 0.0183333 0.00189655 0.0410317 0.035625 -0.00322866 0.000185184 -0.00302158
internal_weight=3477 123 3354 1049 95 954 60 897 671 102 569 291 51 75 2305 958 337 78 57 317 197 151 92 45 58 63 48 621 135 278
internal_count=3477 123 3354 1049 95 954 60 897 671 102 569 291 51 75 2305 958 337 78 57 317 197 151 92 45 58 63 48 621 135 278
is_linear=0
shrinkage=0.05


Tree=6
num_leaves=31
num_cat=0
split_feature=13 27 13 53 14 9 19 9 14 12 27 22 12 26 13 14 9 53 46 53 8 2 53 56 53 0 0 6 13 0
split_gain=33.8367 12.4818 11.1258 13.2588 6.32368 3.79896 4.69349 4.776 3.40485 2.7886 2.74184 3.1894 2.57557 2.07015 1.95166 1.62304 1.9968 1.50615 1.62032 1.24524 1.23829 1.14395 1.79487 1.49801 1.21019 1.02545 2.37928 1.0165 1.06382 1.81738
threshold=2.8888888359069829 -1.0000000180025095e-35 -0.09200000017881392 2.3585000038146977 0.25416666269302374 0.085375923663377776 1.0000000180025095e-35 0.32909017801284796 0.32916666567325598 5.4141719341278085 0.30189999938011175 -1.2315499782562254 0.47310431301593786 1.5117499828338625 -0.3599999994039535 0.23749999701976779 0.19948085397481921 1.6179999709129336 -0.056333335116505616 4.7639999389648446 0.70000001788139354 0.11800000444054605 1.5870000123977663 0.38949999213218695 -0.057499999180436127 0.4200000017881394 0.25999999791383749 0.90000000596046459 -0.25200000405311579 0.53999999165534984
decision_type=2 2 2 2 2 2 2 2 2 2 2 2 2 2 2 2 2 2 2 2 2 2 2 2 2 2 2 2 2 2
left_child=2 -2 14 5 -5 -4 7 10 13 -3 11 -7 15 -6 -1 16 -13 27 19 20 -19 -14 23 24 -23 26 -9 28 -16 -30
right_child=1 9 3 4 8 6 -8 25 -10 -11 -12 12 21 -15 17 -17 -18 18 -20 -21 -22 22 -24 -25 -26 -27 -28 -29 29 -31
leaf_value=-0.094597367609589991 0.78453471024883659 0.66479495952205558 -0.031786139097651461 -0.00073927494673621671 0.12350051785460113 0.091998014993710908 -0.083010637746181198 -0.019331565231227366 0.062332997179790954 -0.1385004653506488 -0.002259483803680021 -0.0033624858675077446 -0.0016760541725396464 0.11309897454639591 -0.044576461265406285 0.050337115966610661 0.1774735947125243 0.056691223826285081 -0.052719628121892417 -0.014093764466462433 0.015904034139410005 0.080980187154140668 -0.0081839367362573408 0.045582091813129867 -0.0034012719112405179 -0.023146208843476179 0.12549105951882025 -0.0442477600280273 0.070380588354891194 -0.025251070603207172
leaf_weight=1011 63 38 221 29 29 37 148 37 20 22 48 21 55 26 358 27 23 35 74 41 45 34 20 29 21 200 24 533 85 123
leaf_count=1011 63 38 221 29 29 37 148 37 20 22 48 21 55 26 358 27 23 35 74 41 45 34 20 29 21 200 24 533 85 123
internal_value=-0.000268911 0.0254878 -0.00121348 0.00305529 0.02 0.00119047 0.00294199 0.00498264 0.0276667 0.00916667 0.00912698 0.0111049 0.00891304 0.0340909 -0.00315618 0.016831 0.0109091 -0.00187017 0.00217949 0.0057438 0.009375 0.00537736 0.00846154 0.0116667 0.00681818 -1.91583e-05 0.00565574 -0.00258872 -0.00111308 0.00173077
internal_weight=3477 123 3354 1049 104 945 724 576 75 60 315 267 230 55 2305 71 44 1294 195 121 80 159 104 84 55 261 61 1099 566 208
internal_count=3477 123 3354 1049 104 945 724 576 75 60 315 267 230 55 2305 71 44 1294 195 121 80 159 104 84 55 261 61 1099 566 208
is_linear=0
shrinkage=0.05


Tree=7
num_leaves=31
num_cat=0
split_feature=53 44 51 44 16 9 9 9 14 16 28 51 12 36 45 51 27 44 21 18 18 18 8 56 53 21 8 28 6 9
split_gain=33.086 12.0272 10.8474 8.12348 7.78025 6.96506 2.32815 5.02411 6.10714 5.30504 2.43 2.29846 2.07622 1.6947 1.53446 1.44038 1.31256 1.28125 1.17842 1.01001 0.964983 1.90071 0.657895 0.608296 0.888708 1.06132 1.17596 1.62668 0.599174 0.557111
threshold=-19.681500434875485 -1.4999999999999998 3.1049998998641972 77.500000000000014 0.38000001013278967 0.65877881646156322 0.09673341736197473 0.32909017801284796 0.37916666269302374 0.62000000476837169 -0.52375000715255726 1.5975000262260439 0.34010188281536108 0.39010000228881841 0.83916667103767406 3.1790000200271611 -0.25779999792575831 -10.499999999999998 0.55210000276565563 0.20603571832180026 0.48570899665355688 0.37566666305065161 1.3000000119209292 -0.61649999022483815 -2.0924999713897701 -0.39654999971389765 1.1000000238418581 -0.11380000039935111 0.90000000596046459 0.98854506015777599
decision_type=2 2 2 2 2 2 2 2 2 2 2 2 2 2 2 2 2 2 2 2 2 2 2 2 2 2 2 2 2 2
left_child=-1 11 3 6 28 13 -3 8 9 12 -11 17 -8 -4 15 18 -14 -2 20 -19 21 -13 -18 24 -21 26 27 -26 -5 -9
right_child=1 2 5 4 -6 -7 7 29 -10 10 -12 14 16 -15 -16 -17 22 19 -20 23 -22 -23 -24 -25 25 -27 -28 -29 -30 -31
leaf_value=0.73285802518572363 -0.089867499229110498 -0.027028959355014939 0.097512952542663039 0.62593120863750373 0.65864179178635651 -0.00927160487099595 0.17645693632520715 -0.045942855553433186 -0.079617558565690069 0.096581818384845267 0.035385943200931906 -0.0032033707353374993 0.031483499464844029 0.097300854566450976 -0.027580785772364599 0.057035646810679901 -0.017469641321887306 0.034074843731488245 -0.037789153048788375 -0.065162526623936609 -0.0013684458199895548 0.032255072203537564 0.011265142335039379 -0.042307007442943224 0.045781975400603331 -0.020322339336664705 0.10405568821886749 -0.03916459590956145 0.75897520019218057 0.034790542143037048
leaf_weight=44 882 196 39 21 20 26 32 271 73 30 20 34 35 23 163 21 57 23 49 154 50 33 24 717 28 222 32 63 26 69
leaf_count=44 882 196 39 21 20 26 32 271 73 30 20 34 35 23 163 21 57 23 49 154 50 33 24 717 28 222 32 63 26 69
internal_value=-0.000355192 -0.000907371 0.00383576 0.00215103 0.0188806 0.0205682 0.000762081 0.00228314 0.00736162 0.0119192 0.026 -0.00275395 0.00716216 0.0296774 0.000999999 0.00409091 0.00405172 -0.00337341 0.00253012 -0.00233656 0.00525641 0.0091791 0.000555554 -0.0025329 -0.00119239 0.00021739 0.00394309 0.00104395 0.00776596 -0.00176471
internal_weight=3477 3433 962 874 67 88 807 611 271 198 50 2471 148 62 350 187 116 2121 166 1239 117 67 81 1216 499 345 123 91 47 340
internal_count=3477 3433 962 874 67 88 807 611 271 198 50 2471 148 62 350 187 116 2121 166 1239 117 67 81 1216 499 345 123 91 47 340
is_linear=0
shrinkage=0.05


Tree=8
num_leaves=31
num_cat=0
split_feature=53 13 51 44 16 9 56 9 19 9 36 22 35 9 13 8 6 53 10 10 16 6 27 9 8 17 47 46 10 13
split_gain=33.086 12.8277 9.87908 8.36169 7.78025 5.68817 3.86708 3.01069 3.95015 4.06546 3.5926 3.40485 2.05857 2.0872 2.01988 1.91732 1.83172 2.12943 1.45066 1.28063 1.22439 1.30043 1.09667 1.52364 1.06294 1.00104 1.225 0.862605 1.69031 1.26558
threshold=-19.681500434875485 -0.09200000017881392 2.7415000200271611 77.500000000000014 0.38000001013278967 0.56250992417335521 3.3869999647140507 0.09673341736197473 1.0000000180025095e-35 0.32909017801284796 0.089050002396106734 -1.0501999855041502 -0.31675000488758082 0.23735632747411731 -0.29199999570846552 1.0333333611488345 0.90000000596046459 2.5074999332427983 -13.646936416625975 -9.8520278930664045 0.97999998927116405 0.70000001788139354 0.36464999616146093 0.25094799697399145 1.6999999880790713 0.29166667163372045 1.5651466846466067 -0.24883333593606946 -9.1963806152343732 -0.16200000047683713
decision_type=2 2 2 2 2 2 2 2 2 2 2 2 2 2 2 2 2 2 2 2 2 2 2 2 2 2 2 2 2 2
left_child=-1 14 3 7 18 6 25 -3 9 10 11 -9 -13 15 -2 -14 17 19 -5 -16 21 22 23 -21 -17 -4 -27 28 -18 -30
right_child=1 2 5 4 -6 -7 -8 8 -10 -11 -12 12 13 -15 16 24 27 -19 -20 20 -22 -23 -24 -25 -26 26 -28 -29 29 -31
leaf_value=0.69621512392643747 -0.085374124267654977 -0.028495384616384747 0.080402248498814832 -0.14147174276153049 0.6257097021970387 -0.0048504143139478477 0.10545510007464171 0.087079115984588853 -0.075517789405928848 -0.0026485030199632936 -0.00057098580140593595 0.067583613558413677 0.0042694626340494873 0.12364053781013347 -0.026735119549103549 0.051819617935142448 -0.072559697971314008 0.05643172853255321 0.90836513655237194 0.078219616688700255 -0.0889796209631947 -0.022481538939094863 -0.00066653451771667832 0.030645688505880245 0.017511917438739383 0.001928844261689204 0.084146001425401004 -0.038371538183213483 -0.0026660228422592889 0.051090583100118742
leaf_weight=44 1347 244 24 24 20 31 29 33 147 263 89 51 37 31 141 23 47 20 23 31 34 55 26 30 20 20 20 529 21 23
leaf_count=44 1347 244 24 24 20 31 29 33 147 263 89 51 37 31 141 23 47 20 23 31 34 55 26 30 20 20 20 529 21 23
internal_value=-0.000355192 -0.000907371 0.00345881 0.00181592 0.0188806 0.0167742 0.022957 0.000597014 0.00227666 0.00423217 0.00838028 0.0121795 0.00919753 0.013018 -0.00304688 0.00875 -0.00129049 0.00167656 0.00776596 0.000678232 0.00352273 0.00556338 0.00936781 0.0130328 0.0159302 0.0160937 0.01125 -0.00290323 0.00159341 0.00863636
internal_weight=3477 3433 1129 1005 67 124 93 938 694 547 284 195 162 111 2304 80 957 337 47 317 176 142 87 61 43 64 40 620 91 44
internal_count=3477 3433 1129 1005 67 124 93 938 694 547 284 195 162 111 2304 80 957 337 47 317 176 142 87 61 43 64 40 620 91 44
is_linear=0
shrinkage=0.05


Tree=9
num_leaves=31
num_cat=0
split_feature=53 51 9 47 53 47 10 27 9 16 16 10 36 12 18 18 18 8 0 0 17 0 51 0 16 56 48 56 3 12
split_gain=31.3637 6.66582 5.73299 4.73938 3.51772 3.416 3.14522 2.89128 2.38268 2.48447 7.14209 8.14881 1.99481 1.93087 3.66421 5.60333 1.22629 2.86665 1.12527 1.088 1.05269 1.88391 0.991959 0.969487 0.889983 0.743729 1.40235 1.465 1.02464 0.606043
threshold=-19.681500434875485 2.7415000200271611 1.0793727040290835 2.670454859733582 3.5060000419616704 0.57655224204063427 -9.6888275146484357 -0.0041499999351799479 0.10453480854630472 0.97999998927116405 0.62000000476837169 -9.1838188171386701 0.36345000565052038 4.8760681152343759 0.58488890528678905 0.41140741109848028 0.27080741524696356 1.0000000180025095e-35 0.34000000357627874 0.38000001013278967 0.29166667163372045 0.29999999701976782 1.2730000019073489 0.34000000357627874 0.45999999344348913 -0.6769999861717223 1.0000000180025095e-35 -0.99849998950958241 0.23068684339523318 0.57507911324501049
decision_type=2 2 2 2 2 2 2 2 2 2 2 2 2 2 2 2 2 2 2 2 2 2 2 2 2 2 2 2 2 2
left_child=-1 2 6 4 7 13 22 -3 -8 10 16 19 -6 14 15 -4 17 -10 -19 -12 21 -9 -2 -24 25 26 -18 28 -28 -27
right_child=1 3 5 -5 12 -7 8 20 9 -11 11 -13 -14 -15 -16 -17 24 18 -20 -21 -22 -23 23 -25 -26 29 27 -29 -30 -31
leaf_value=0.66140436773011557 -0.06026501911880118 0.071921315580989659 -0.054649731256256377 -0.035618316042553347 0.099309324921265388 0.86294687972475337 -0.029656695794005535 0.055885916906565462 0.12926235734137501 -0.075474139307219551 0.041847298487013268 0.096876784709367406 0.075181659832608536 -0.081105418054272238 -0.01134598646952858 0.58046008439468777 -0.039619223250243182 -0.0034498327560297834 0.045638662009284563 -0.026838746813390314 -0.0035154494191763186 0.0018657478322460356 0.03050457762568138 -0.014700495778956577 -0.06610527812408433 0.0034963707242702518 0.037797592313241535 0.079900212905876511 -0.017385474179937934 -0.024153869301031892
leaf_weight=44 1482 20 20 87 20 23 402 37 20 166 26 28 22 45 45 30 51 65 26 30 62 36 22 47 88 261 24 24 41 183
leaf_count=44 1482 20 20 87 20 23 402 37 20 166 26 28 22 45 45 30 51 65 26 30 62 36 22 47 88 261 24 24 41 183
internal_value=-0.000355192 -0.000892806 -0.00155446 0.00644366 0.010736 0.00757669 -0.00205291 0.00725806 -0.000365855 0.000905129 0.00197808 0.0158333 0.0235714 0.00464286 0.00868421 0.018 0.000491697 0.00536036 0.00159341 0.00482143 0.00462963 0.00869863 -0.0036138 0.00224638 -0.000312501 0.000393834 0.00357143 0.00735955 0.00346154 -0.000608109
internal_weight=3477 3433 3149 284 197 163 2986 155 1435 1033 867 84 42 140 95 50 783 111 91 56 135 73 1551 69 672 584 140 89 65 444
internal_count=3477 3433 3149 284 197 163 2986 155 1435 1033 867 84 42 140 95 50 783 111 91 56 135 73 1551 69 672 584 140 89 65 444
is_linear=0
shrinkage=0.05


Tree=10
num_leaves=31
num_cat=0
split_feature=13 14 13 51 53 45 49 3 16 16 27 2 13 11 0 11 10 2 0 8 17 13 22 12 22 12 13 4 13 51
split_gain=36.6543 10.3858 8.47171 8.57157 4.86869 4.23664 4.03036 2.62198 3.02417 9.08942 2.11343 2.60002 1.45564 1.61345 1.45635 1.33361 1.15971 1.91815 1.53792 3.09301 1.5352 1.46267 1.42439 1.15433 1.06828 0.814128 0.64588 0.826768 1.01378 0.914286
threshold=2.8888888359069829 0.12916667014360431 -0.17911110818386075 3.0225000381469731 -1.0000000180025095e-35 1.8780000209808352 1.0000000180025095e-35 0.15365386754274371 0.97999998927116405 0.85999998450279247 0.068849999457597746 0.24511111527681353 0.018888888880610469 0.01390302646905184 0.099999997764825835 0.018459099344909195 -9.675618648529051 0.24511111527681353 0.4200000017881394 1.0000000180025095e-35 0.45833332836627966 -0.15349999815225598 0.8598499894142152 3.3502106666564946 0.72284999489784252 5.2279784679412851 -0.42933334410190577 0.29999999701976782 -0.32000000774860377 1.2730000019073489
decision_type=2 2 2 2 2 2 2 2 2 2 2 2 2 2 2 2 2 2 2 2 2 2 2 2 2 2 2 2 2 2
left_child=2 4 26 7 -2 6 -5 12 9 16 -8 -12 -4 -14 -15 -11 25 24 19 -19 21 -21 -20 -6 -18 -9 -1 -28 29 -29
right_child=1 -3 3 5 23 -7 10 8 -10 15 11 -13 13 14 -16 -17 17 18 22 20 -22 -23 -24 -25 -26 -27 27 28 -30 -31
leaf_value=-0.078092167098332166 0.70877683793422686 0.6295841353364523 -0.037908010568503736 -0.0031193357603928385 0.56293703380251381 -0.01069679385920509 0.095278873503890277 -0.030964409106676794 -0.053409766312782714 0.076499279240191662 0.0059993994506902393 0.091850930433124853 -0.025873654508140373 0.0045608565471628032 0.037095055271815669 0.04956588365714662 -0.0080039937195517715 0.18772493513938862 -0.0021660930842197878 0.0029107573969877846 -0.015678775643303024 0.069646697346817374 0.02319733553477581 -0.1290884253217415 0.019154272840851239 0.0059047954594047981 -0.051823577157979389 -0.059045952746443954 0.0032837673596795001 0.012088436532907695
leaf_weight=728 22 52 339 26 20 35 20 185 193 21 21 40 51 38 30 30 141 22 113 20 41 42 21 32 33 55 513 360 206 60
leaf_count=728 22 52 339 26 20 35 20 185 193 21 21 40 51 38 30 30 141 22 113 20 41 42 21 32 33 55 513 360 206 60
internal_value=-0.000527067 0.0259524 -0.001513 0.00126236 0.0139189 0.0129577 0.0178972 5.45443e-05 0.0015976 0.00308011 0.0233951 0.0187705 -0.00303494 0.00172269 0.0067647 0.0234314 0.00153789 0.00308314 0.00581081 0.0098 0.00616505 0.011129 0.00208955 0.00557692 -0.000977013 -0.00125 -0.00376808 -0.00302458 -0.00180511 -0.00321429
internal_weight=3510 126 3384 1517 74 142 107 1375 917 724 81 61 458 119 68 51 673 433 259 125 103 62 134 52 174 240 1867 1139 626 420
internal_count=3510 126 3384 1517 74 142 107 1375 917 724 81 61 458 119 68 51 673 433 259 125 103 62 134 52 174 240 1867 1139 626 420
is_linear=0
shrinkage=0.05


Tree=11
num_leaves=31
num_cat=0
split_feature=13 14 13 51 45 9 19 14 14 14 9 14 3 18 51 27 2 0 13 22 46 15 13 9 9 10 51 35 44 4
split_gain=32.8007 11.1587 7.33323 7.01933 3.81375 3.35917 3.1105 2.40079 2.57143 2.39118 2.68198 3.46342 4.17096 2.62564 2.31865 1.60714 1.05655 1.87464 0.918766 1.01467 0.880441 0.830638 0.81 0.797041 0.998462 5.05759 0.752988 0.698898 0.656573 0.570453
threshold=2.8888888359069829 0.12916667014360431 -0.17911110818386075 3.0225000381469731 1.3388333320617678 0.083457935601472868 1.0000000180025095e-35 0.32916666567325598 0.30416667461395269 0.23749999701976779 0.26178511977195745 0.32916666567325598 0.22581839561462405 0.51629504561424266 -1.0000000180025095e-35 -0.20074999332427976 0.43199999630451208 0.25999999791383749 -0.046857142820954316 0.34295000135898596 -0.30433332920074457 0.70000001788139354 -0.046857142820954316 0.20691534876823428 0.40667136013507849 -1.0000000180025095e-35 1.0024999976158144 0.15224999934434894 -10.499999999999998 0.29999999701976782
decision_type=2 2 2 2 2 2 2 2 2 2 2 2 2 2 2 2 2 2 2 2 2 2 2 2 2 2 2 2 2 2
left_child=2 14 28 5 7 -4 9 8 22 20 11 12 13 15 -2 -11 17 -12 -13 -20 -7 -16 -5 -22 25 27 -17 -25 -1 -30
right_child=1 -3 3 4 -6 6 -8 -9 -10 10 16 18 -14 -15 21 26 -18 -19 19 -21 23 -23 -24 24 -26 -27 -28 -29 29 -31
leaf_value=-0.074187558743415566 0.56533804705907276 0.59810492856962971 -0.030638191026082579 0.06998234192256908 0.0027743394229520942 0.039803659458123308 -0.068999884240717249 0.0035970905922164103 0.081250750933071519 0.096472889414386254 -0.022882814494650697 -0.014490337262431222 0.075004418836014108 0.039298505584183303 0.088330069592814892 -0.0032774519413049674 -0.0358383218095287 0.070523953376494572 -0.0062863300543296377 0.039386952281420591 -0.0074450695252782015 0.77323107132897895 0.075536094563123907 -0.035119022863198998 -0.017292313260237856 0.17724103366870295 0.035686960697028265 0.014251744405301255 -0.046522026274700153 -0.026017771190351341
leaf_weight=874 21 52 328 25 52 30 167 20 25 20 27 67 30 27 32 36 84 34 22 23 114 21 20 67 208 23 34 34 383 610
leaf_count=874 21 52 328 25 52 30 167 20 25 20 27 67 30 27 32 36 84 34 22 23 114 21 20 67 208 23 34 34 383 610
internal_value=-0.000683762 0.0243651 -0.00161643 0.000965721 0.0115493 -0.000127274 0.00125597 0.0177778 0.0221429 0.00244318 0.00527228 0.00832046 0.0133673 0.00910256 0.0118919 0.005 -0.000172415 0.00483606 0.00169643 0.00722222 4.20156e-05 0.00632075 0.015 -0.000515696 0.00072289 0.00427419 0.00142857 -0.000544556 -0.00371452 -0.00283485
internal_weight=3510 126 3384 1517 142 1375 1047 90 70 880 404 259 147 117 74 90 145 61 112 45 476 53 45 446 332 124 70 101 1867 993
internal_count=3510 126 3384 1517 142 1375 1047 90 70 880 404 259 147 117 74 90 145 61 112 45 476 53 45 446 332 124 70 101 1867 993
is_linear=0
shrinkage=0.05


Tree=12
num_leaves=31
num_cat=0
split_feature=13 14 13 51 13 9 19 53 4 0 2 18 18 16 13 37 36 46 44 46 9 37 13 6 2 44 37 46 45 53
split_gain=32.9875 11.1587 5.95267 6.31326 4.86482 3.04547 2.82221 2.79007 1.96364 1.76828 4.87873 2.1038 3.46633 3.247 1.74074 1.07526 1.06659 1.06583 1.01633 1.00498 0.897436 0.86689 0.784524 0.76603 0.726845 1.13404 0.963785 0.919817 0.632946 0.553656
threshold=2.8888888359069829 0.12916667014360431 -0.17911110818386075 3.279999971389771 -0.058000000193715089 0.083457935601472868 1.0000000180025095e-35 -1.0000000180025095e-35 0.099999997764825835 0.53999999165534984 0.27400000393390661 0.36770370602607733 0.52556851506233226 0.85999998450279247 0.016888889484107498 -0.46770000457763666 0.33589999377727514 0.0065000001341104516 -1.0000000180025095e-35 0.24449999630451205 0.2179071977734566 0.059650000184774406 -0.42933334410190577 0.90000000596046459 0.43199999630451208 -6.4999999999999991 -0.059699999168515198 -0.017166666686534878 0.28891666233539587 0.27600000798702246
decision_type=2 2 2 2 2 2 2 2 2 2 2 2 2 2 2 2 2 2 2 2 2 2 2 2 2 2 2 2 2 2
left_child=2 7 22 5 16 -4 9 -2 -6 10 14 18 13 17 -7 -16 -5 21 -12 -11 -14 -13 -1 -9 -24 29 27 -27 -17 -26
right_child=1 -3 3 4 8 6 -8 23 -10 19 11 12 20 -15 15 28 -18 -19 -20 -21 -22 -23 24 -25 25 26 -28 -29 -30 -31
leaf_value=-0.070478180806244781 0.64507109368456195 0.56819968214114824 -0.029106281474778447 -0.0084074420371753403 0.048415581615030276 -0.0032459447606774509 -0.065549890028681376 0.46862862914200154 0.089517246506584713 -0.011119075742068914 -0.011882124677069518 0.12905082451974823 0.069337880038780664 0.079431719610501703 0.05112497085711664 -0.00057860582186846146 0.026390871637829341 0.053351866951385156 0.11541518995307559 0.01840010834754114 -0.012776361611371271 0.086643012443014422 -0.060519970306814691 -0.0047150793844687126 -0.052661741966767317 0.0136551765547286 -0.010717006432048299 0.017021214729704377 0.061766575991140805 -0.0066775299451378185
leaf_weight=728 22 52 328 37 27 263 167 23 33 306 42 26 21 24 25 33 28 25 27 20 39 20 422 29 423 22 86 29 26 157
leaf_count=728 22 52 328 37 27 263 167 23 33 306 42 26 21 24 25 33 28 25 27 20 39 20 422 29 423 22 86 29 26 157
internal_value=-0.000754987 0.0243651 -0.00169031 0.000636123 0.0114 -0.000330461 0.000968044 0.0118919 0.0216667 0.00207915 0.00375657 0.00950893 0.0127419 0.0186842 4.32265e-05 0.00630952 0.00192308 0.0133099 0.00224638 -0.000858897 0.00333333 0.0178261 -0.00358061 0.00557692 -0.0027612 -0.00179219 0.00229927 0.0077451 0.00262712 -0.00275862
internal_weight=3510 126 3384 1517 125 1392 1064 74 60 897 571 224 155 95 347 84 65 71 69 326 60 46 1867 52 1139 717 137 51 59 580
internal_count=3510 126 3384 1517 125 1392 1064 74 60 897 571 224 155 95 347 84 65 71 69 326 60 46 1867 52 1139 717 137 51 59 580
is_linear=0
shrinkage=0.05


Tree=13
num_leaves=31
num_cat=0
split_feature=13 14 13 51 13 4 19 10 9 44 3 16 53 10 13 27 28 14 8 13 13 6 3 44 3 46 36 56 13 9
split_gain=32.1748 11.6632 5.3356 5.19232 3.71082 2.93556 3.00066 2.64381 2.90769 3.9991 2.53762 2.27027 2.22496 2.11243 1.54378 1.06659 1.03896 0.993789 2.17274 1.50012 0.817643 0.76603 0.744977 1.0188 1.45451 0.513616 0.740621 0.493247 0.702964 0.793849
threshold=2.8888888359069829 0.12916667014360431 -0.17911110818386075 3.279999971389771 -0.058000000193715089 0.059999998658895499 1.0000000180025095e-35 -9.6888275146484357 0.43128676712512976 -1.4999999999999998 0.1726275831460953 0.62000000476837169 -1.0000000180025095e-35 -8.624785900115965 0.04844444431364537 0.32204999029636389 0.63545000553131115 0.32916666567325598 1.2333333492279055 -0.14449999481439588 -0.42933334410190577 0.90000000596046459 0.31211639940738684 -8.4999999999999982 0.3131812065839768 -0.30433332920074457 0.043250000104308135 -2.1395000219345088 -0.32000000774860377 0.25094799697399145
decision_type=2 2 2 2 2 2 2 2 2 2 2 2 2 2 2 2 2 2 2 2 2 2 2 2 2 2 2 2 2 2
left_child=2 12 20 5 15 14 7 -7 9 17 -6 13 -2 16 -4 -5 -11 18 19 -9 -1 -14 27 -24 -25 -26 -27 28 -22 -30
right_child=1 -3 3 4 10 6 -8 8 -10 11 -12 -13 21 -15 -16 -17 -18 -19 -20 -21 22 -23 23 24 25 26 -28 -29 29 -31
leaf_value=-0.066954271765932549 0.61281753900033387 0.53978969803409071 -0.019498844606838719 -0.0096299972099811275 0.02494229032189884 -0.0074667176801641953 -0.05791661953297822 0.041394264194790469 -0.011183053469925609 -0.00075882753420760123 0.087841159422669596 0.074100103116050267 0.44519719768490146 0.15602229420531666 0.032831081674194448 0.025071328055937883 0.039344134032852141 -0.0089622266099999865 0.055998090097765324 -0.0039492752061557092 -0.044698119674013423 -0.0044793254152453166 -0.039035119807143061 0.039604309034649197 0.0048948821546308564 -0.033449794319029023 0.012013816212471988 -0.04713025778238019 0.028305182143850496 -0.053793783434555653
leaf_weight=728 22 52 560 37 25 223 143 25 155 35 35 27 23 29 39 28 20 46 22 68 57 29 169 24 20 56 39 724 27 23
leaf_count=728 22 52 560 37 25 223 143 25 155 35 35 27 23 29 39 28 20 46 22 68 57 29 169 24 20 56 39 724 27 23
internal_value=-0.000840457 0.0239683 -0.00176419 0.000438364 0.0102 -0.00043822 0.00155738 0.003 0.00530445 0.00841912 0.0191667 0.0157207 0.0112162 0.0116667 -0.00308013 0.00192308 0.00590909 0.00338509 0.00586956 0.00252688 -0.00355383 0.00557692 -0.0027173 -0.000616884 0.00255396 0.00021739 -0.00131579 -0.00349579 -0.000327104 0.004
internal_weight=3510 126 3384 1517 125 1392 793 650 427 272 60 111 74 84 599 65 55 161 115 93 1867 52 1139 308 139 115 95 831 107 50
internal_count=3510 126 3384 1517 125 1392 793 650 427 272 60 111 74 84 599 65 55 161 115 93 1867 52 1139 308 139 115 95 831 107 50
is_linear=0
shrinkage=0.05


Tree=14
num_leaves=31
num_cat=0
split_feature=13 14 13 51 13 9 19 3 12 16 16 10 18 2 27 13 46 13 2 46 44 35 0 10 9 8 56 37 18 21
split_gain=30.3817 10.7324 5.31457 4.73219 3.36082 2.66615 2.72842 2.2019 2.17286 1.79735 6.24987 3.47143 1.57962 1.38947 1.06659 0.929279 0.923847 0.898504 0.925996 0.991362 0.87732 1.00008 0.740907 1.25635 1.08394 3.18012 1.479 1.2504 1.19483 0.724646
threshold=3.1846666336059575 0.12916667014360431 -0.17911110818386075 3.279999971389771 -0.058000000193715089 0.085375923663377776 1.0000000180025095e-35 0.1726275831460953 4.6300234794616708 0.62000000476837169 1.1800000071525576 -9.1744961738586408 0.45558889210224157 0.30200000107288366 0.32204999029636389 0.067000001668930068 -0.30433332920074457 -0.37600000202655787 0.43199999630451208 -0.71383333206176747 -6.4999999999999991 -0.9192499816417693 0.21999999880790713 -9.6603736877441388 0.41194686293601995 1.0000000180025095e-35 -0.39650000631809229 0.12130000069737436 0.37566666305065161 -0.37205000221729273
decision_type=2 2 2 2 2 2 2 2 2 2 2 2 2 2 2 2 2 2 2 2 2 2 2 2 2 2 2 2 2 2
left_child=2 8 17 5 14 -4 9 -6 12 16 11 13 -2 -11 -5 -12 -7 -1 -19 -20 -21 -22 29 -24 25 -25 -27 -28 -29 -18
right_child=1 -3 3 4 7 6 -8 -9 -10 10 15 -13 -14 -15 -16 -17 22 18 19 20 21 -23 23 24 -26 26 27 28 -30 -31
leaf_value=-0.063606558177635927 0.61288160748695786 0.50580018714476382 -0.025895546868586625 -0.0091484973494820702 0.023695175805803902 0.063361276519446522 -0.0593765645505984 0.083449101451536112 -0.15741134788628358 0.0098053072079606236 -0.093022048199238094 0.080107201926784735 0.53328268935150336 0.031675300929219823 0.023817761653140979 0.016881318958787573 0.010866205407930089 -0.05520586808550107 0.014886854184293931 -0.033738003104555249 0.021013502334098495 0.00063083527987817559 -0.0098337671578878662 0.15480710777734819 -0.03502743105169661 0.051146996788488969 -0.0074499053075091862 -0.00022339105489783452 0.038242682091792601 -0.0056645219715908413
leaf_weight=916 26 49 334 37 25 37 167 35 20 38 73 24 24 22 28 28 31 422 32 389 20 88 221 23 86 34 70 22 35 154
leaf_count=916 26 49 334 37 25 37 167 35 20 38 73 24 24 22 28 28 31 422 32 389 20 88 221 23 86 34 70 22 35 154
internal_value=-0.000840457 0.0239916 -0.00171189 0.000479001 0.0098 -0.000353825 0.000868543 0.0183333 0.0114286 0.00195991 0.00635135 0.0164286 0.017 0.01 0.00192308 -0.0020297 0.000820476 -0.00350027 -0.00242377 -0.00103025 -0.00157948 0.00240741 0.000399407 0.00141548 0.0037037 0.00586956 0.00338509 0.000905511 0.00640351 -0.0022973
internal_weight=3510 119 3391 1524 125 1399 1065 60 70 898 185 84 50 60 65 101 713 1867 951 529 497 108 676 491 270 184 161 127 57 185
internal_count=3510 119 3391 1524 125 1399 1065 60 70 898 185 84 50 60 65 101 713 1867 951 529 497 108 676 491 270 184 161 127 57 185
is_linear=0
shrinkage=0.05


Tree=15
num_leaves=31
num_cat=0
split_feature=13 14 13 51 44 12 9 9 44 14 16 4 20 13 36 12 13 35 9 14 0 0 13 12 12 13 2 13 46 45
split_gain=23.8327 10.8819 5.35072 3.88434 5.65024 2.85561 2.08905 2.60538 1.80698 2.69362 3.85869 2.1519 1.70638 1.62906 3.26621 1.51684 1.10779 0.980392 0.976292 0.912181 0.98901 2.9764 1.14405 0.905775 0.802052 1.74545 0.523556 0.490392 0.458936 0.409642
threshold=3.0082222223281865 0.17083333432674411 -0.29199999570846552 3.4989999532699589 -1.0000000180025095e-35 5.4141719341278085 0.1258928328752518 0.24026839435100558 -1.4999999999999998 0.39583334326744085 0.62000000476837169 0.29999999701976782 2.0587500333786015 -0.041999999433755868 -0.14869999885559079 3.6316525936126713 -0.06955555826425551 -0.105249997228384 0.18629470467567447 0.32916666567325598 0.38000001013278967 0.25999999791383749 -0.018000000156462189 4.8571953773498544 5.0887396335601816 -0.14111111313104627 1.1840000152587893 -0.26933334767818445 -0.13283333927392957 0.54466667771339428
decision_type=2 2 2 2 2 2 2 2 2 2 2 2 2 2 2 2 2 2 2 2 2 2 2 2 2 2 2 2 2 2
left_child=2 5 -1 6 16 15 -4 8 11 10 18 13 -6 24 -15 -2 28 -13 23 20 21 -9 -23 -10 -8 -26 27 -22 -5 -29
right_child=1 -3 3 4 12 -7 7 19 9 -11 -12 17 -14 14 -16 -17 -18 -19 -20 -21 26 22 -24 -25 25 -27 -28 29 -30 -31
leaf_value=-0.060426230268754128 0.47592648496231027 0.48251022821311607 -0.018282630145201696 0.019420860486459839 0.082567875005946645 -0.15415587209832082 -0.036514787622140242 -0.028762862202876577 -0.0075448677845565059 -0.070369757579283099 0.079359396367591928 0.024082686151667622 0.063372780662354522 0.06386461012477665 -0.0066368634395792721 0.5440826118421892 0.068639242688332144 0.045500373581656775 0.051886745834544161 -0.040799783682740093 0.0034893151178584936 0.060654047096637832 0.091472172060548196 0.026536690738840144 -0.047727720876979476 0.030527633101745045 0.059334141166977286 -0.027711764923737364 -0.010039869983949172 0.00082748815886799941
leaf_weight=1339 33 39 625 21 25 22 210 69 33 33 30 24 21 22 29 29 22 27 38 170 26 35 21 20 24 20 31 383 57 31
leaf_count=1339 33 39 625 21 25 22 210 69 33 33 30 24 21 22 29 29 22 27 38 170 26 35 21 20 24 20 31 383 57 31
internal_value=-0.00101026 0.0206098 -0.00179563 -0.000188081 0.00767123 0.0104762 -0.00079169 0.000368337 0.00313725 0.00766234 0.0111157 0.00117977 0.0221739 -0.000409837 0.0077451 0.0159677 0.000999999 0.0106863 0.00598901 -0.0014752 -0.000553692 0.0034 0.0119643 0.00160377 -0.00204725 0.00409091 -0.00160297 -0.00204546 -0.00179487 -0.00246377
internal_weight=3509 123 3386 2047 146 84 1901 1276 510 154 121 356 46 305 51 62 100 51 91 766 596 125 56 53 254 44 471 440 78 414
internal_count=3509 123 3386 2047 146 84 1901 1276 510 154 121 356 46 305 51 62 100 51 91 766 596 125 56 53 254 44 471 440 78 414
is_linear=0
shrinkage=0.05


Tree=16
num_leaves=31
num_cat=0
split_feature=13 8 13 53 13 19 9 9 44 10 0 56 21 3 45 9 9 27 13 48 13 53 6 44 10 8 46 27 45 18
split_gain=20.2087 10.7931 5.21275 3.77486 3.91205 2.02717 2.59017 1.81921 1.93066 3.05762 3.01977 2.87609 2.03666 1.70289 1.61292 1.56999 1.11176 0.97152 0.926764 0.821267 0.782819 0.740463 0.654014 1.26263 1.08578 1.91971 1.05987 0.643035 0.692354 0.621744
threshold=3.0082222223281865 0.63333335518836986 -0.19377777725458142 2.3585000038146977 -0.058000000193715089 1.0000000180025095e-35 0.083457935601472868 0.32008440792560583 -1.4999999999999998 -9.3503017425537092 0.21999999880790713 -0.65500000119209278 -0.011750000063329933 0.19831921160221103 -0.49074999988079065 1.3429035544395449 2.6897399425506596 0.15429999679327014 -0.42933334410190577 1.0000000180025095e-35 -0.006000000284984707 4.3559999465942392 0.70000001788139354 -6.4999999999999991 -9.2898387908935529 0.70000001788139354 -0.11683333292603491 -0.16335000097751615 0.34149999916553503 0.41140741109848028
decision_type=2 2 2 2 2 2 2 2 2 2 2 2 2 2 2 2 2 2 2 2 2 2 2 2 2 2 2 2 2 2
left_child=2 15 18 5 21 6 -4 8 11 17 12 14 -11 -6 -8 -2 -17 -10 -1 -12 -13 -5 23 24 -20 -26 -25 -9 29 -29
right_child=1 -3 3 4 13 -7 7 27 9 10 19 20 -14 -15 -16 16 -18 -19 22 -21 -22 -23 -24 26 25 -27 -28 28 -30 -31
leaf_value=-0.05740491875531642 0.52266807677959293 0.45638471346452558 -0.024135780924884453 0.026800260909964482 0.043734735898699445 -0.055371080323123247 0.0036442561172109083 -0.035042153445369727 -0.003699639917011055 0.033721726276227271 0.11965931207099166 -0.0063497505005991597 -0.00035251451990531054 0.075639641829341478 0.081506427776797119 -0.12933049215710854 0.47720088085331502 0.021197781497721814 -0.032992882291016011 0.048203233983271088 0.019665914810007887 -0.03851246529360506 -0.056514585669345307 0.013650375639172664 0.027196612457863097 -0.038315071728595572 -0.0027371529330219883 -0.028529669924157904 0.029411403996556031 0.0061343651642058366
leaf_weight=714 29 43 328 41 39 205 37 80 70 27 26 245 55 34 32 30 21 26 502 25 31 37 361 36 32 33 73 83 34 180
leaf_count=714 29 43 328 41 39 205 37 80 70 27 26 245 55 34 32 30 21 26 502 25 31 37 361 36 32 33 73 83 34 180
internal_value=-0.000924766 0.0189837 -0.00164796 0.000382262 0.00791391 -0.000384098 0.000355745 0.00167718 0.00344948 0.00700873 0.0119173 0.00108696 0.00597561 0.0162329 0.0102174 0.008125 0.00284314 0.000208332 -0.00354369 0.0214706 -0.00119565 0.000128204 -0.0025892 -0.0016716 -0.00261905 0.00346154 0.00325688 -0.00102122 5.05039e-05 -0.000817492
internal_weight=3509 123 3386 1635 151 1484 1279 951 574 229 133 345 82 73 69 80 51 96 1751 51 276 78 1037 676 567 65 109 377 297 263
internal_count=3509 123 3386 1635 151 1484 1279 951 574 229 133 345 82 73 69 80 51 96 1751 51 276 78 1037 676 567 65 109 377 297 263
is_linear=0
shrinkage=0.05


Tree=17
num_leaves=31
num_cat=0
split_feature=44 8 10 53 44 14 27 37 44 44 35 8 8 20 10 18 14 9 9 18 18 44 9 44 9 10 10 11 56 3
split_gain=18.3569 11.0521 3.97616 2.69068 4.98853 2.47389 1.81565 1.70105 1.29417 1.08815 2.10368 1.0215 1.31859 1.09252 0.969272 2.28451 0.942623 1.55359 4.94909 1.57871 0.843982 0.935684 0.951495 0.879487 0.934615 1.57538 1.0859 0.880645 0.761391 0.632138
threshold=80.500000000000014 0.70000001788139354 -9.3503017425537092 2.2910000085830693 -1.4999999999999998 0.037500001490116126 0.33855000138282781 -1.9696499705314634 -10.499999999999998 -1.4999999999999998 -1.3684999942779539 0.96666666865348827 1.5666666626930239 -2.7017500400543208 -8.7581329345703107 0.49489241838455206 0.39583334326744085 0.43128676712512976 0.13603167235851291 0.36770370602607733 0.52762961387634288 1.0000000180025095e-35 0.13929094374179843 -6.4999999999999991 0.27199658751487737 -9.8520278930664045 -9.9153690338134748 0.30702529847621923 0.86149999499320995 0.31211639940738684
decision_type=2 2 2 2 2 2 2 2 2 2 2 2 2 2 2 2 2 2 2 2 2 2 2 2 2 2 2 2 2 2
left_child=2 5 8 9 14 -2 -6 -7 -1 29 -11 -10 13 -13 15 -5 17 18 -12 -20 21 22 -15 27 25 -25 -26 -24 -22 -4
right_child=1 -3 3 4 6 7 -8 -9 11 10 16 12 -14 20 -16 -17 -18 -19 19 -21 28 -23 23 24 26 -27 -28 -29 -30 -31
leaf_value=-0.054534672817550589 0.66022339127335528 0.43256545526075174 -0.015748916607575474 0.054978299428748149 0.064349173592572348 0.1807637497342329 0.05005670815509921 -0.038211723085820846 -0.034056114732371322 0.042431434277093623 -0.0014898269485166243 0.057309996470495554 -0.045336886252612812 -0.043338853242350935 -0.029868474220398712 -0.030050121955547699 -0.056636955643106682 -0.017599083239424249 0.046853646198106107 0.09215647107767147 -0.054718890242130384 -0.011356155989853661 -0.028039154901032849 0.071637208826266258 -0.020481823183762505 0.013555215865087384 0.019588321566131505 0.035747851907068737 0.011106417387223016 0.0020984335156241257
leaf_weight=829 22 37 434 31 32 21 26 38 712 28 140 30 187 42 59 30 66 161 30 39 134 43 39 25 39 40 21 31 24 119
leaf_count=829 22 37 434 31 32 21 26 38 712 28 140 30 187 42 59 30 66 161 30 39 134 43 39 25 39 40 21 31 24 119
internal_value=-0.00108151 0.0183051 -0.00175612 0.000564852 0.00623595 0.00796296 0.0182759 0.00262712 -0.00301913 -0.00042773 0.00135776 -0.00207389 -0.000648856 0.00076923 0.000416665 0.00483606 0.000504586 0.00148649 0.00433014 0.0152899 0.000136985 0.00178571 0.00301688 0.00448718 0.007 0.0111538 0.0025 -1.19209e-09 -0.00278481 -0.00192586
internal_weight=3509 118 3391 1195 178 81 58 59 2196 1017 464 1367 655 468 120 61 436 370 209 69 438 280 237 195 125 65 60 70 158 553
internal_count=3509 118 3391 1195 178 81 58 59 2196 1017 464 1367 655 468 120 61 436 370 209 69 438 280 237 195 125 65 60 70 158 553
is_linear=0
shrinkage=0.05


Tree=18
num_leaves=31
num_cat=0
split_feature=44 14 13 51 44 14 9 14 10 56 5 35 13 45 47 8 16 36 20 11 12 10 5 3 11 3 5 13 53 47
split_gain=15.3368 10.4186 4.54137 4.0014 5.04862 2.64293 1.56788 1.92396 1.95792 2.41029 2.14137 1.23953 1.15479 1.07306 1.36498 0.959494 4.88606 1.6508 0.923143 0.905571 0.890416 0.779549 0.713152 1.80482 2.32001 0.691366 0.840084 1.40425 0.538921 0.790604
threshold=80.500000000000014 0.18750000000000003 -0.29199999570846552 3.4989999532699589 -1.0000000180025095e-35 0.037500001490116126 0.13791034370660785 0.39583334326744085 -9.6888275146484357 -0.57400000095367421 0.32500000298023229 1.4235000014305117 -0.10111111029982565 0.34149999916553503 0.8185752034187318 1.1000000238418581 0.62000000476837169 -0.14869999885559079 1.0419999957084658 0.017716239206492904 0.74766418337821972 -12.406206130981444 0.42499999701976782 0.29734541475772863 0.018459099344909195 0.19831921160221103 0.42499999701976782 -0.10111111029982565 0.87049999833107006 1.4097195863723757
decision_type=2 2 2 2 2 2 2 2 2 2 2 2 2 2 2 2 2 2 2 2 2 2 2 2 2 2 2 2 2 2
left_child=2 5 28 6 12 -2 18 8 13 10 19 -6 -5 22 -15 25 17 -17 -4 -10 -20 -7 -8 -24 -25 -11 -27 -28 -1 -30
right_child=1 -3 3 4 11 21 7 -9 9 15 -12 -13 -14 14 -16 16 -18 -19 20 -21 -22 -23 23 24 -26 26 27 -29 29 -31
leaf_value=-0.051807939176673062 0.6272122217096876 0.41193720562432179 -0.016788206453890397 -0.0070364482269622891 0.074872472337642895 -0.007217836240498105 -0.019102283174640879 -0.051309387840894775 -0.018263975999322692 -0.039766442044902948 0.047519956100799454 0.055209278292422073 0.043852207611123795 0.03078273443094522 -0.0033667517907827321 0.02209496664392923 0.074579503928156488 -0.0034693906023226489 -0.0037020059984803379 0.015402474477162691 0.015976444960855315 0.16348913058993453 -0.026664614538153386 -0.0005296005930904502 0.06363851935073099 -0.0087637143538325992 -0.021869688238056226 0.056751365609989668 0.0035390786683522756 -0.066370509404756792
leaf_weight=1154 22 33 635 69 23 38 329 155 25 74 39 22 31 23 37 35 25 119 22 22 21 25 75 26 21 141 41 42 85 100
leaf_count=1154 22 33 635 69 23 38 329 155 25 74 39 22 31 23 37 35 25 119 22 22 21 25 75 26 21 141 41 42 85 100
internal_value=-0.00111 0.0166102 -0.00172663 -0.000248539 0.00775862 0.00735294 -0.000857369 0.000207485 0.00095903 0.00299289 0.0106977 0.0216667 0.0015 -0.0012818 0.005 0.00160377 0.00449721 0.00116883 -0.00278761 0.00351064 0.00430232 0.00214286 -0.00211752 0.00114754 0.00882979 -0.000134229 0.00125 0.00524096 -0.00399179 -0.00148649
internal_weight=3509 118 3391 2052 145 85 1907 1229 1074 563 86 45 100 511 60 477 179 154 678 47 43 63 451 122 47 298 224 83 1339 185
internal_count=3509 118 3391 2052 145 85 1907 1229 1074 563 86 45 100 511 60 477 179 154 678 47 43 63 451 122 47 298 224 83 1339 185
is_linear=0
shrinkage=0.05


Tree=19
num_leaves=31
num_cat=0
split_feature=44 14 13 14 9 19 14 13 4 3 14 10 37 36 44 3 28 12 20 16 17 0 46 9 45 47 3 20 28 10
split_gain=13.6151 9.55026 3.67741 2.6489 2.33277 2.53845 2.80146 4.71475 3.41583 2.44976 1.75538 1.94375 1.73651 1.36111 1.34924 1.34784 1.29727 0.948432 1.30045 0.924893 0.743625 0.721788 1.74545 1.46667 0.637542 1.48904 0.594617 0.641942 0.819398 0.580611
threshold=84.500000000000014 0.18750000000000003 -0.32000000774860377 0.037500001490116126 0.13929094374179843 1.0000000180025095e-35 0.24583332985639575 -0.058000000193715089 0.29999999701976782 0.19831921160221103 0.3458333313465119 -9.5350356101989728 0.50164999067783367 -0.14869999885559079 -3.4999999999999996 0.29734541475772863 0.18219999969005587 0.80426144599914562 0.5132499933242799 0.45999999344348913 0.20833333581686023 0.45999999344348913 0.0081666670739650744 0.18629470467567447 0.34149999916553503 0.762465000152588 0.33302292227745062 1.0712500214576723 0.80450001358985912 -9.3817868232727033
decision_type=2 2 2 2 2 2 2 2 2 2 2 2 2 2 2 2 2 2 2 2 2 2 2 2 2 2 2 2 2 2
left_child=2 3 29 -2 26 6 17 14 9 13 11 -11 -13 -9 -8 19 -17 18 21 -16 -5 22 23 -6 -19 -26 27 -4 -29 -1
right_child=1 -3 4 20 5 -7 7 8 -10 10 -12 12 -14 -15 15 16 -18 24 -20 -21 -22 -23 -24 -25 25 -27 -28 28 -30 -31
leaf_value=-0.049217542217839409 0.59585161062420322 0.39409034814457994 -0.018514061134429893 0.16275211746480645 -0.0014061510813542224 -0.046519608728796041 -0.0097810335962164544 0.063699909612760175 -0.025286736656063596 0.072944527446527158 0.02061313464869001 0.059639042128096724 0.071303396706863406 0.022174557602141168 -0.009994902721367634 0.090091330006751597 0.021800297255010231 -0.014742515396550849 0.031965618628683683 0.018278252566451627 -0.026261538580381362 -0.01482553290633244 -0.033202302416577893 0.11275519967354451 0.01472283820779046 -0.0073726969389945442 0.0096362664035343146 0.010851029232270375 -0.032428415122889465 -0.014887516779862126
leaf_weight=1026 22 28 666 27 22 175 218 24 54 26 20 30 23 48 53 25 21 307 31 21 31 193 33 33 23 72 35 26 20 176
leaf_count=1026 22 28 666 27 22 175 218 24 54 26 20 30 23 48 53 25 21 307 31 21 31 193 33 33 23 72 35 26 20 176
internal_value=-0.00118125 0.0162963 -0.00173626 0.0075 -0.000520692 0.000647382 0.0014213 0.00405861 0.00966667 0.0131287 0.0182323 0.0215823 0.0270755 0.00611111 0.000325443 0.00458333 0.0113043 -0.000658264 0.00141026 0.000405404 0.00189655 0.000338077 0.00409091 0.00954545 -0.00226368 0.00131579 -0.00279117 -0.00310393 0.00260869 -0.00396007
internal_weight=3509 108 3401 80 2199 1452 1277 563 225 171 99 79 53 72 338 120 46 714 312 74 58 281 88 55 402 95 747 712 46 1202
internal_count=3509 108 3401 80 2199 1452 1277 563 225 171 99 79 53 72 338 120 46 714 312 74 58 281 88 55 402 95 747 712 46 1202
is_linear=0
shrinkage=0.05


Tree=20
num_leaves=31
num_cat=0
split_feature=20 13 14 3 4 0 16 13 46 13 51 21 53 16 26 46 53 0 12 11 10 3 27 26 20 12 46 37 14 18
split_gain=16.8972 5.66368 3.43609 3.27372 3.11523 3.77142 4.47633 2.36345 2.3452 2.13553 1.70178 2.19827 1.63859 1.55872 1.24327 1.19135 1.32045 1.30517 1.18323 1.76075 1.76919 1.07911 1.29878 1.24076 0.956221 0.922165 1.07947 0.803571 0.780522 0.769306
threshold=-15.930999755859373 -0.058000000193715089 0.39583334326744085 0.11324555054306985 0.34000000357627874 0.21999999880790713 0.53999999165534984 0.22800000011920932 0.33383333683013922 -0.42933334410190577 0.91699999570846569 0.39710000157356268 3.3069999217987065 0.25999999791383749 0.076000001281499877 -0.041500000283122056 -0.77549999952316273 0.34000000357627874 0.85510832071304332 0.068902283906936659 -9.2962894439697248 0.3007341623306275 0.14329999685287478 0.378250002861023 0.88800001144409191 0.65085297822952282 0.032833334058523185 0.37534999847412115 0.25416666269302374 0.41140741109848028
decision_type=2 2 2 2 2 2 2 2 2 2 2 2 2 2 2 2 2 2 2 2 2 2 2 2 2 2 2 2 2 2
left_child=-1 9 3 -3 5 10 8 -6 12 -2 -5 14 15 -9 -12 27 -17 -18 19 21 24 25 -23 -24 -21 -11 -27 -7 29 -19
right_child=1 2 -4 4 7 6 -8 13 -10 18 11 -13 -14 -15 -16 16 17 28 -20 20 -22 22 23 -25 -26 26 -28 -29 -30 -31
leaf_value=0.47851070243834304 -0.04675666510694744 -0.01769660327783212 -0.043697112222522261 -0.0057891394467802105 -0.023621494770951091 -0.013161573817866571 0.0565685035555532 -0.018024521035017584 0.4886080019254167 -0.016941436394870946 0.00043194397649404416 -0.024108723994288334 0.063062276483984825 0.22817910262153057 0.046469504187287604 0.094340841158161562 0.1021802929506805 0.018634798205853984 -0.021255749814824417 -0.050060044376531693 0.024353368289400393 0.00043080698201984451 0.054692967049659862 0.022103054925659619 0.025829755301838054 0.051167276871260492 -0.031413705256524038 0.050850846772874651 -0.011281663809685372 0.18950760750638429
leaf_weight=26 730 121 144 103 176 36 31 21 20 485 20 26 22 26 37 20 30 34 1054 30 20 136 21 22 23 28 26 20 23 26
leaf_count=26 730 121 144 103 176 36 31 21 20 485 20 26 22 26 37 20 30 34 1054 30 20 136 21 22 23 28 26 20 23 26
internal_value=-0.000928754 -0.00122615 0.0021047 0.00339646 0.00476155 0.00716518 0.0110305 -6.72658e-05 0.00863636 -0.00243689 0.00172043 0.00704819 0.00708531 0.00989362 0.0125439 0.00558201 0.00815789 0.00606195 -0.00153117 -6.95334e-05 0.00732877 -0.000821728 0.0025419 0.0101163 0.00254717 -0.00193878 0.00425926 -0.000535715 0.00283132 0.00583333
internal_weight=3537 3511 936 792 671 448 262 223 231 2575 186 83 211 47 57 189 133 113 1845 791 73 718 179 43 53 539 54 56 83 60
internal_count=3537 3511 936 792 671 448 262 223 231 2575 186 83 211 47 57 189 133 113 1845 791 73 718 179 43 53 539 54 56 83 60
is_linear=0
shrinkage=0.05


Tree=21
num_leaves=31
num_cat=0
split_feature=20 13 3 16 16 13 14 13 13 51 14 14 9 0 10 18 13 2 18 35 2 9 10 53 50 4 10 12 13 16
split_gain=16.9686 4.96176 2.82004 2.92883 5.15575 3.00927 2.66688 1.80798 1.72203 2.18077 2.41664 2.29019 2.6268 4.59239 1.69722 1.08995 1.00561 1.24097 2.11749 1.06667 0.913587 1.91667 1.11026 0.853333 0.808668 1.26104 1.87063 0.751894 1.02339 0.709407
threshold=-15.930999755859373 -0.23799999803304669 0.1726275831460953 0.97999998927116405 0.62000000476837169 -0.14111111313104627 0.28749999403953558 0.13888888806104663 -0.1031111106276512 1.2730000019073489 0.26250000298023229 0.020833333954215053 0.98854506015777599 0.4200000017881394 -8.6921882629394513 0.46261110901832586 -0.42933334410190577 0.58933332562446605 0.44082468748092657 -1.0872499942779539 0.5000000149011613 0.25094799697399145 -9.6603736877441388 2.0519999265670781 1.0000000180025095e-35 0.1799999997019768 -10.115102767944334 5.3946819305419931 0.0084444447420537489 0.21999999880790713
decision_type=2 2 2 2 2 2 2 2 2 2 2 2 2 2 2 2 2 2 2 2 2 2 2 2 2 2 2 2 2 2
left_child=-1 16 7 4 8 -6 -7 27 20 11 23 12 13 -10 15 -12 -2 -18 -19 -20 29 -22 -23 -11 -13 -26 -27 -3 -29 -4
right_child=1 2 3 -5 5 6 -8 -9 9 10 14 24 -14 -15 -16 -17 17 18 19 -21 21 22 -24 -25 25 26 -28 28 -30 -31
leaf_value=0.45458516731642595 -0.044418831851600067 -0.014411019159790608 0.010477714413426271 -0.02601627297394056 -0.0030339546739571455 0.033982471735662649 0.054478212275959517 0.19313874229666059 0.10130311980666287 0.015837281329953604 0.051958319015910387 -0.010149392841420319 0.341246506147109 -0.10158219611530779 0.054448752075944351 0.0084023523632505079 -0.0364904695799056 0.041572651231962438 0.03343663738585187 -0.040561497277475524 0.052127531651083969 -0.038421630775599735 0.11172279558720183 -0.00069210578924956993 -0.010709903247618927 0.00031530850342292882 0.091577246985346833 -0.0081167717061504246 0.048037017344385174 -0.0087588301054346337
leaf_weight=26 730 632 105 182 22 36 21 36 24 20 21 139 20 45 21 20 716 29 27 108 23 49 20 30 51 41 23 36 21 263
leaf_count=26 730 632 105 182 22 36 21 36 24 20 21 139 20 45 21 20 716 29 27 108 23 49 20 30 51 41 23 36 21 263
internal_value=-0.00101357 -0.00131159 0.0004182 0.00193027 0.00299799 0.0152532 0.0213158 -0.00203448 0.00193989 0.00412088 0.0101786 0.00214286 0.00904494 0.00442029 0.0167742 0.0108537 -0.00335404 -0.00221591 0.00170732 -0.000925927 -0.000217392 0.00423913 7.24626e-05 0.002 -0.000275592 0.00282609 0.0075 -0.00260523 0.00289474 -0.00133152
internal_weight=3537 3511 1901 1176 994 79 57 725 915 455 112 343 89 69 62 41 1610 880 164 135 460 92 69 50 254 115 64 689 57 368
internal_count=3537 3511 1901 1176 994 79 57 725 915 455 112 343 89 69 62 41 1610 880 164 135 460 92 69 50 254 115 64 689 57 368
is_linear=0
shrinkage=0.05


Tree=22
num_leaves=31
num_cat=0
split_feature=20 13 0 19 16 13 18 17 10 9 2 10 46 9 10 13 2 13 13 45 45 2 10 47 28 47 47 26 35 2
split_gain=17.0402 4.70101 2.81835 3.09955 2.66101 7.62547 3.52656 2.73585 3.43059 2.12803 1.44628 1.10507 1.2825 1.41037 3.17008 2.58753 1.40678 1.09542 0.960597 0.947325 1.07299 0.915815 1.33602 1.68265 0.899333 0.805717 0.949858 0.803823 0.783704 1.06223
threshold=-15.930999755859373 -0.23799999803304669 0.1799999997019768 1.0000000180025095e-35 0.38000001013278967 0.52000001072883617 0.52556851506233226 0.54166665673255932 -9.3239407539367658 0.16814770549535754 0.30200000107288366 -10.075670719146727 0.014833332970738413 0.41813124716281896 -8.6921882629394513 -0.09200000017881392 0.24511111527681353 -0.1031111106276512 -0.42933334410190577 0.35158333182334905 0.81450000405311596 0.58933332562446605 -9.9049897193908674 0.87673082947731029 0.085799999535083785 0.59042546153068554 1.0356884598731997 -1.092999994754791 -0.043749999254941933 0.30200000107288366
decision_type=2 2 2 2 2 2 2 2 2 2 2 2 2 2 2 2 2 2 2 2 2 2 2 2 2 2 2 2 2 2
left_child=-1 18 -3 4 11 6 7 24 10 -10 -9 19 13 14 16 -16 -13 -14 -2 -4 -21 -20 -23 -24 -6 -19 -27 -18 -29 -30
right_child=1 2 3 -5 5 -7 -8 8 9 -11 -12 12 17 -15 15 -17 27 25 21 20 -22 22 23 -25 -26 26 -28 28 29 -31
leaf_value=0.43185590895060461 -0.042197890259020064 -0.0075076736448524504 -0.020346865825753496 -0.037663247429030045 -0.0080535340718696346 0.32057781768339766 -0.017403104863696128 -0.016596478206647305 0.018910972451486263 0.057616275900613301 0.026833882394292893 -0.0058143205841625382 -0.01797927058598742 -0.020448205895663235 0.031931132594005797 0.099828845314216874 0.026516917556994587 -0.0057539111100477986 -0.034665946100910325 0.064247397367133446 -0.031487413405366503 -0.029399485021653727 -0.0019342794229962883 0.043207665808538964 0.011636852254557167 0.040743869365654752 0.029763515705786028 -0.0011867941480962077 -0.0007219401873880594 0.064960984348901449
leaf_weight=26 730 539 264 175 33 21 123 25 20 24 37 50 113 91 22 30 20 41 716 22 21 107 32 25 29 23 43 60 29 46
leaf_count=26 730 539 264 175 33 21 123 25 20 24 37 50 113 91 22 30 20 41 716 22 21 107 32 25 29 23 43 60 29 46
internal_value=-0.00109839 -0.00139704 0.00028669 0.0014978 0.00241365 0.0063782 0.00427835 0.00898809 0.0138679 0.0245455 0.00629032 0.000999999 0.00230634 0.0041954 0.00608949 0.0171154 0.00329268 -0.000681819 -0.00338509 -0.00141694 0.00546512 -0.00227273 0.00109756 0.0072807 0.00064516 0.00294392 0.00636364 0.00564516 0.00425926 0.00766667
internal_weight=3537 3511 1901 1362 1187 312 291 168 106 44 62 875 568 348 257 52 205 220 1610 307 43 880 164 57 62 107 66 155 135 75
internal_count=3537 3511 1901 1362 1187 312 291 168 106 44 62 875 568 348 257 52 205 220 1610 307 43 880 164 57 62 107 66 155 135 75
is_linear=0
shrinkage=0.05


Tree=23
num_leaves=31
num_cat=0
split_feature=20 44 19 0 0 10 9 44 12 11 18 51 20 36 44 2 44 9 0 18 12 11 36 51 17 5 46 10 3 44
split_gain=12.5341 3.78204 2.56693 3.17764 6.17878 4.93538 3.08118 2.33552 1.65755 3.723 1.52582 1.20626 1.61931 1.26001 1.14468 1.54441 1.21956 2.52429 1.29235 1.16315 1.08759 2.68924 1.08 0.991416 0.892653 0.870823 0.819305 0.779221 0.505102 0.505074
threshold=-15.930999755859373 -1.4999999999999998 1.0000000180025095e-35 0.1799999997019768 0.4200000017881394 -9.3239407539367658 1.1378814578056338 -1.0000000180025095e-35 5.5122125148773202 0.37429012358188635 0.50593650341033947 1.028500020503998 0.61399999260902416 0.08039999753236772 -10.499999999999998 0.24511111527681353 -3.4999999999999996 0.11450986936688425 0.4200000017881394 0.48206734657287603 4.1690647602081308 0.38972872495651251 0.049500001594424255 0.80349999666214 0.54166665673255932 0.075000001117587103 -0.11683333292603491 -9.0122170448303205 0.20034662634134295 -6.4999999999999991
decision_type=2 2 2 2 2 2 2 2 2 2 2 2 2 2 2 2 2 2 2 2 2 2 2 2 2 2 2 2 2 2
left_child=-1 10 3 11 5 22 -6 -7 9 25 14 -3 13 27 -2 -16 18 -18 -17 -19 23 24 -5 29 -22 -8 -25 -13 -9 -20
right_child=1 2 -4 4 6 7 8 28 -10 -11 -12 12 -14 -15 15 16 17 19 20 -21 21 -23 -24 26 -26 -27 -28 -29 -30 -31
leaf_value=0.41026311350307432 -0.034448139086035709 -0.01247772250350123 -0.035211815385220072 -0.007670529926096784 -0.051444075047032613 0.028436339456337896 -0.0039587939077798942 0.062454040108506109 -0.20022752854011017 0.4216133889560455 -0.040087995746069055 0.041561087890854158 -0.0022600321927272959 -0.0045559417844350273 -0.013330300856845509 -0.020082837971315947 0.038733342897618227 -0.0028884729550324056 -0.012834461655000864 0.05464535976295453 0.068027725266091313 -0.033771699713516991 0.064330581822012164 0.025657650288918046 0.026555716556409783 0.072015495268225746 0.0069734151449618118 0.02191456030516006 0.068431633749309481 0.012027826308296533
leaf_weight=26 409 211 142 50 201 32 37 28 24 21 1218 20 56 32 219 212 21 82 153 28 24 36 30 21 25 41 26 22 49 41
leaf_count=26 409 211 142 50 201 32 37 28 24 21 1218 20 56 32 219 212 21 82 153 28 24 36 30 21 25 41 26 22 49 41
internal_value=-0.00112666 -0.0013828 0.0012249 0.00225995 0.00474659 0.0119312 0.000555554 0.0188532 0.00678862 0.00964646 -0.00241551 -0.00148094 0.00230769 0.00716216 -0.00122205 -0.000213965 0.000979072 0.00530534 -7.43506e-05 0.00227273 0.00190184 0.0067647 0.0025 0.000186721 0.0143878 0.00461538 0.00670213 0.0128571 0.0235714 -0.00139175
internal_weight=3537 3511 996 854 513 189 324 109 123 99 2515 341 130 74 1297 888 669 131 538 110 326 85 80 241 49 78 47 42 77 194
internal_count=3537 3511 996 854 513 189 324 109 123 99 2515 341 130 74 1297 888 669 131 538 110 326 85 80 241 49 78 47 42 77 194
is_linear=0
shrinkage=0.05


Tree=24
num_leaves=31
num_cat=0
split_feature=20 13 44 14 14 9 44 0 0 16 14 47 46 18 46 16 51 36 14 46 9 17 7 44 9 36 2 35 44 2
split_gain=12.6471 3.93299 2.19633 2.17386 1.56588 1.49041 1.65828 3.16526 5.92937 2.89935 2.57124 2.50464 2.09782 1.8845 1.36382 1.83411 0.983477 1.02087 0.895741 0.733837 1.10726 1.42029 0.848104 1.33972 2.61958 0.8454 0.781271 1.92326 0.706244 0.797101
threshold=-15.930999755859373 -0.38533332943916315 84.500000000000014 0.037500001490116126 0.39583334326744085 0.10453480854630472 -3.4999999999999996 0.4200000017881394 0.29999999701976782 0.53999999165534984 0.28749999403953558 0.21941062808036807 -0.20749999582767484 0.55966666340827953 0.0835000015795231 0.34000000357627874 1.1044999957084658 -1.0000000180025095e-35 0.070833336561918273 -0.36749999225139612 0.2179071977734566 0.12500000372529033 1.0000000180025095e-35 -10.499999999999998 0.23992150276899341 2.1116999387741093 0.58933332562446605 -1.0872499942779539 -1.0000000180025095e-35 0.14355555921792987
decision_type=2 2 2 2 2 2 2 2 2 2 2 2 2 2 2 2 2 2 2 2 2 2 2 2 2 2 2 2 2 2
left_child=-1 -2 4 -4 5 16 19 8 9 12 -11 -10 -8 28 15 -13 -3 -18 -5 20 21 -7 25 -24 -25 26 -21 -28 -14 -30
right_child=1 2 3 18 -6 6 7 -9 11 10 -12 14 13 -15 -16 -17 17 -19 -20 22 -22 -23 23 24 -26 -27 27 -29 29 -31
leaf_value=0.3897499578279206 -0.038083595958765606 -0.023869732682616496 0.3814764264591613 -0.079980771169596718 -0.041913509920672914 0.059649374414233215 0.042193144679224324 -0.018032083156882366 0.13953548735246757 -0.0023150105663759728 0.042780112423714711 0.039767045709149643 -0.0096043944812478146 0.033201093042892565 0.0034144892052538236 0.053155898256453595 0.0066140485627260012 -0.0024388169155804963 0.12546556081299853 -0.025211812272441882 -0.01153196387327394 0.0076483868754327255 -0.011925818200927842 0.041868838293582705 -0.0015809609546523105 0.0053016408540494404 0.034063005579450405 -0.03443487231256482 -0.0061408976839853789 0.027226479277417139
leaf_weight=26 920 348 24 39 227 23 27 307 21 20 26 30 171 38 20 27 40 76 28 535 41 46 135 31 56 43 20 77 60 55
leaf_count=26 920 348 24 39 227 23 27 307 21 20 26 30 171 38 20 27 40 76 28 535 41 46 135 31 56 43 20 77 60 55
internal_value=-0.00128216 -0.00153945 -0.000542263 0.00708791 -0.000820001 -0.00042455 0.000223879 0.0019202 0.00439394 0.00167506 0.0134783 0.0154082 0.000128204 -0.000987656 0.0112338 0.0151754 -0.00295259 0.00103448 0.00246269 -0.00112711 0.00272727 0.0065942 -0.00159978 0.00108108 0.00591954 -0.00248148 -0.00294304 0.00118557 -0.00237762 0.000652173
internal_weight=3537 3511 2591 91 2500 2273 1809 802 495 397 46 98 351 324 77 57 464 116 67 1007 110 69 897 222 87 675 632 97 286 115
internal_count=3537 3511 2591 91 2500 2273 1809 802 495 397 46 98 351 324 77 57 464 116 67 1007 110 69 897 222 87 675 632 97 286 115
is_linear=0
shrinkage=0.05


Tree=25
num_leaves=31
num_cat=0
split_feature=13 8 13 8 51 3 13 47 20 47 19 13 6 18 13 0 46 10 20 28 56 8 35 21 22 12 17 20 56 45
split_gain=13.3592 7.37081 3.04108 2.4662 1.76888 1.58387 1.38313 2.57032 2.07202 1.36318 1.11326 1.35996 1.16224 1.22495 1.33634 1.42748 1.46866 1.29498 1.06819 1.02083 1.00136 0.910091 1.27628 1.14286 1.03714 0.997253 0.909282 0.885651 0.950722 0.9
threshold=3.4106665849685673 0.56666669249534618 -0.38533332943916315 0.2333333417773247 0.91699999570846569 0.20034662634134295 -0.058000000193715089 1.7573632597923281 3.0694999694824223 0.60109302401542675 1.0000000180025095e-35 -0.018000000156462189 0.90000000596046459 0.61629629135131847 -0.29199999570846552 0.53999999165534984 -0.0041666666511446229 -9.8317570686340314 0.072250001132488265 0.82995000481605541 0.72949999570846569 1.3666666746139529 -0.027500000782310959 0.26449999213218695 0.15760000050067904 0.45598541200160986 0.20833333581686023 0.10774999856948854 0.087000001221895232 0.06841666623950006
decision_type=2 2 2 2 2 2 2 2 2 2 2 2 2 2 2 2 2 2 2 2 2 2 2 2 2 2 2 2 2 2
left_child=2 3 -1 -2 10 -3 21 9 -9 20 11 12 13 14 -4 16 17 -16 -17 -20 -8 22 24 -24 25 -6 -25 28 -13 -30
right_child=1 5 4 -5 6 -7 7 8 -10 -11 -12 27 -14 -15 15 18 -18 -19 19 -21 -22 -23 23 26 -26 -27 -28 -29 29 -31
leaf_value=-0.036179416160827323 0.47868834000865246 0.47627216330777034 -0.013330330873210797 -0.028765849319178832 0.0058203664037519724 0.13638608826856544 0.03596470721680458 0.053136402246385162 0.0085404169140644668 -0.0010618642180488774 -0.036882480450961846 0.015086522678154152 -0.022983174060355362 -0.051319832869595329 0.018464134811128376 -0.017663292666645038 0.023959674345930423 0.09115961924224654 0.029049631916022018 -0.0021785385565945277 0.00058002380584893905 -0.013650437134984908 -0.013481532166989796 0.033603954239286311 0.020860442282569738 -0.0039559698545439314 -0.0011709933626364664 -0.015317817683844277 0.044657277277782959 0.010811155395752826
leaf_weight=903 27 20 261 39 26 23 23 28 20 145 213 226 660 133 20 103 54 26 24 24 22 154 112 44 21 28 68 41 20 20
leaf_count=903 27 20 261 39 26 23 23 28 20 145 213 226 660 133 20 103 54 26 24 24 22 154 112 44 21 28 68 41 20 20
internal_value=-0.00113095 0.0161009 -0.00168032 0.00560606 -0.000786965 0.0322093 0.00136758 0.00445378 0.0147917 0.0018421 -0.00160274 -0.00115385 -0.00185824 -0.000348838 0.000761718 0.00336653 0.008 0.0145652 0.000298012 0.00645833 0.00944444 -0.000253864 0.00135451 -0.000535715 0.007 0.00333333 0.00303571 0.00184039 0.00289474 0.01
internal_weight=3528 109 3419 66 2516 43 691 238 48 190 1825 1612 1305 645 512 251 100 46 151 48 45 453 299 224 75 54 112 307 266 40
internal_count=3528 109 3419 66 2516 43 691 238 48 190 1825 1612 1305 645 512 251 100 46 151 48 45 453 299 224 75 54 112 307 266 40
is_linear=0
shrinkage=0.05


Tree=26
num_leaves=31
num_cat=0
split_feature=13 16 46 10 14 13 0 3 2 13 27 14 49 46 45 14 37 18 13 11 37 5 0 11 18 8 10 51 53 37
split_gain=12.0579 6.98654 2.94896 2.92675 1.86912 1.61431 1.52804 2.22225 1.17301 2.5024 5.48701 1.76433 1.08988 1.14104 1.21432 1.80133 1.21546 1.42607 1.01724 1.08744 0.969697 0.855743 0.944107 1.04548 0.712336 0.580226 0.561788 0.525964 0.586602 0.677289
threshold=3.4106665849685673 0.29999999701976782 0.0041666666511446246 -9.5002446174621564 0.38750000298023229 -0.018000000156462189 0.4200000017881394 0.20034662634134295 0.24511111527681353 -0.10111111029982565 -0.16335000097751615 0.26250000298023229 1.0000000180025095e-35 1.0000000180025095e-35 -0.007166666677221655 0.14583333581686023 0.91294997930526745 0.4295936524868012 -0.3599999994039535 1.1529017090797427 -2.1901500225067134 0.17500000074505809 0.97999998927116405 0.15685320645570758 0.50834298133850109 1.3666666746139529 -9.4428186416625959 1.0024999976158144 1.7084999680519106 0.35924999415874487
decision_type=2 2 2 2 2 2 2 2 2 2 2 2 2 2 2 2 2 2 2 2 2 2 2 2 2 2 2 2 2 2
left_child=3 2 20 18 5 8 7 24 27 12 -11 -12 26 14 -14 -16 17 -17 -1 -20 -2 -8 23 -23 25 -7 -10 -5 29 -29
right_child=1 -3 -4 4 -6 6 21 -9 9 10 11 -13 13 -15 15 16 -18 -19 19 -21 -22 22 -24 -25 -26 -27 -28 28 -30 -31
leaf_value=-0.034652438185787622 0.092392850195277348 0.24607396963933345 0.51442988949915558 -0.02511850767127978 -0.041010852846527619 -0.0033993899679439486 -0.014580668566110726 0.050540708907450299 0.010539465655886884 0.095232925917597175 -0.011848806607822669 0.045321198038882994 -0.0011109736855891513 -0.021043199884638958 0.032777115132639235 -0.0011012299225826951 -0.018069827440983441 0.032581207620564004 -0.010614309021736573 0.033559488170728326 -0.1372486376528331 -0.015233453475047454 0.25051802388705036 0.025799713998480897 0.016543709356362398 0.027594071823140942 -0.016812379003926594 -0.00063841485365129886 -0.016456393396750073 0.0075999550648468044
leaf_weight=839 22 33 22 203 166 51 58 33 26 21 62 37 46 91 24 22 24 25 1107 21 32 43 23 20 20 22 284 84 47 20
leaf_count=839 22 33 22 203 166 51 58 33 26 21 62 37 46 91 24 22 24 25 1107 21 32 43 23 20 20 22 284 84 47 20
internal_value=-0.00118764 0.0151835 0.0068421 -0.00170957 -6.88824e-06 0.000637635 0.00407407 0.00809524 -0.000275592 0.000966766 0.0075 0.00257576 -0.000479706 0.00211207 0.00492908 0.00815789 0.00415493 0.00882979 -0.00296645 -0.00198582 0.000555554 0.000555554 0.00372093 0.000555554 0.00413978 0.00184931 -0.00241936 -0.00259887 -0.00036424 0.00173077
internal_weight=3528 109 76 3419 1452 1286 270 126 1016 662 120 99 542 232 141 95 71 47 1967 1128 54 144 86 63 93 73 310 354 151 104
internal_count=3528 109 76 3419 1452 1286 270 126 1016 662 120 99 542 232 141 95 71 47 1967 1128 54 144 86 63 93 73 310 354 151 104
is_linear=0
shrinkage=0.05


Tree=27
num_leaves=31
num_cat=0
split_feature=13 16 13 14 14 9 27 18 51 5 53 12 12 9 27 18 14 13 21 45 46 26 47 5 9 5 13 18 47 56
split_gain=10.6334 7.57604 2.69622 2.23216 3.45421 2.43969 2.47908 1.91223 1.37724 1.24805 1.21223 1.21526 1.67778 2.10122 2.25025 1.62387 1.48149 1.10304 0.876866 0.777371 0.712812 0.949272 0.676301 1.00179 0.644128 0.625 0.620278 0.720727 0.593939 0.577795
threshold=3.4599999189376835 0.29999999701976782 -0.42933334410190577 0.32916666567325598 0.30416667461395269 0.26815637946128851 -0.17490000277757642 0.36739683151245123 -0.53299999237060536 0.32500000298023229 0.35799999535083776 0.16454618424177173 0.88329482078552257 0.1235649697482586 0.7134000062942506 0.56788888573646557 0.14583333581686023 -0.018000000156462189 0.36574999988079077 0.30400000512599951 -0.027166667394340035 -0.5052499771118163 0.093789167702198042 0.42499999701976782 0.19114314764738086 0.32500000298023229 0.035142855718731887 0.6464127004146577 0.43305194377899175 -0.64149999618530262
decision_type=2 2 2 2 2 2 2 2 2 2 2 2 2 2 2 2 2 2 2 2 2 2 2 2 2 2 2 2 2 2
left_child=2 7 -1 4 10 6 8 -2 -6 -8 17 -12 13 19 15 16 25 29 -7 -13 -19 -22 23 -23 -18 -15 27 -14 -11 -4
right_child=1 -3 3 -5 5 18 9 -9 -10 28 11 12 26 14 -16 -17 24 20 -20 -21 21 22 -24 -25 -26 -27 -28 -29 -30 -31
leaf_value=-0.032637823443496576 0.46854602123940592 0.24326471319050966 -0.0068784439651582959 -0.021027629357477859 0.05373612699904419 -0.016616017008938801 0.035171124028326443 0.031390485993380436 0.06582988313037115 -0.012961129932301177 -0.046270266931931953 -0.0052019481600331791 -0.0074974830586470699 0.013168171206585685 -0.0026396371962633994 0.079340791714717432 -0.012881758249880413 -0.023096126894889518 0.042700861314918091 0.0033723059608701173 0.038080640109004388 0.0027957513995881867 -0.035885648387704687 0.059726771554363817 0.01833281346035576 0.021460273481855849 0.034145533076070461 0.010844683596598246 0.022533672998508641 -0.027830708206660185
leaf_weight=721 21 29 377 592 21 47 22 51 20 22 76 105 247 20 41 22 23 39 20 41 33 109 38 38 21 20 20 20 33 639
leaf_count=721 21 29 377 592 21 47 22 51 20 22 76 105 247 20 41 22 23 39 20 41 33 109 38 38 21 20 20 20 33 639
internal_value=-0.00118764 0.014802 -0.00165889 -0.000934961 -0.000175025 0.00635135 0.010678 0.00611111 0.0206098 0.00538961 -0.000800934 0.000945121 0.00172414 0.00438566 0.00860544 0.0124528 0.00928571 -0.00170071 -0.00126866 0.000136985 0.00122568 0.00233945 0.000945945 0.00248299 0.00295454 0.01625 -0.000993033 -0.00162921 0.00136364 -0.00244095
internal_weight=3528 101 3427 2706 2114 185 118 72 41 77 1929 656 580 293 147 106 84 1273 67 146 257 218 185 147 44 40 287 267 55 1016
internal_count=3528 101 3427 2706 2114 185 118 72 41 77 1929 656 580 293 147 106 84 1273 67 146 257 218 185 147 44 40 287 267 55 1016
is_linear=0
shrinkage=0.05


Tree=28
num_leaves=31
num_cat=0
split_feature=13 16 13 14 18 51 44 0 56 20 4 56 0 0 18 44 0 10 21 10 14 21 10 3 18 47 13 37 26 44
split_gain=10.5394 7.57604 2.82001 2.01293 1.91223 1.6355 1.29987 1.94241 1.29761 1.48753 0.997796 1.59502 1.00595 0.822124 1.40085 0.775923 2.03468 2.6467 1.31161 1.4584 0.787511 1.06665 0.700075 0.670545 1.17448 1.18162 0.785288 0.625 0.59143 1.32675
threshold=3.4599999189376835 0.29999999701976782 -0.46999999880790705 0.38750000298023229 0.36739683151245123 0.53700000047683727 -1.4999999999999998 0.099999997764825835 3.5900000333786015 0.42325000464916235 0.38000001013278967 1.8340000510215761 0.58000001311302196 0.21999999880790713 0.50593650341033947 -2.4999999999999996 0.4200000017881394 -9.2662262916564924 0.4142999947071076 -9.7953658103942853 0.23749999701976779 -0.18275000154972074 -9.6361823081970197 0.33302292227745062 0.498731479048729 1.1978087425231936 -0.018000000156462189 1.0000000180025095e-35 -0.97999998927116383 -6.4999999999999991
decision_type=2 2 2 2 2 2 2 2 2 2 2 2 2 2 2 2 2 2 2 2 2 2 2 2 2 2 2 2 2 2
left_child=2 4 -1 5 -2 13 10 -8 9 -9 23 12 27 -4 15 18 17 -17 20 -20 -15 -22 -16 26 25 -25 -7 -12 29 -24
right_child=1 -3 3 -5 -6 6 7 8 -10 -11 11 -13 -14 14 22 16 -18 -19 19 -21 21 -23 28 24 -26 -27 -28 -29 -30 -31
leaf_value=-0.031287925104323412 0.44511872017743565 0.2311014775309842 -0.02561833718062155 -0.037012221421161624 0.029820961693711401 -0.0070784568651948753 -0.001629986844096365 0.033591613846202191 0.048314616711299621 0.001059603982683207 0.0015380481465056828 -0.028540659861221708 0.01896628909766214 -0.016849801625045967 -0.034403290673560301 -0.00018573190228145123 -0.01232944263355492 0.10459679886960174 0.0017244531122883801 0.0058670154067784232 0.015248597292837354 -0.021854276295393701 -0.035094880429620549 0.011987794688325906 -0.045751463107868373 -0.0096978359379784277 0.015509931898434829 0.02549185517581521 -0.0088256628062383224 0.040046071591317622
leaf_weight=586 21 29 293 275 51 366 116 48 26 77 20 32 35 336 451 32 107 37 63 24 73 56 25 28 28 23 41 20 188 21
leaf_count=586 21 29 293 275 51 366 116 48 26 77 20 32 35 336 451 32 107 37 63 24 73 56 25 28 28 23 41 20 188 21
internal_value=-0.00111678 0.014802 -0.00158594 -0.000934531 0.00611111 -0.000498832 0.00127907 0.00417603 0.00791391 0.0058 -2.52963e-05 0.00434579 0.00833333 -0.00139508 -0.00089526 0.000631867 0.00352273 0.0102174 -0.000289856 0.00534483 -0.00134409 0.00197674 -0.00251825 -0.000987656 0.00322785 0.0077451 -0.0018059 0.01375 -0.000299146 0.00478261
internal_weight=3528 101 3427 2841 72 2566 860 267 151 125 593 107 75 1706 1413 728 176 69 552 87 465 129 685 486 79 51 407 40 234 46
internal_count=3528 101 3427 2841 72 2566 860 267 151 125 593 107 75 1706 1413 728 176 69 552 87 465 129 685 486 79 51 407 40 234 46
is_linear=0
shrinkage=0.05


Tree=29
num_leaves=31
num_cat=0
split_feature=35 4 9 8 11 12 53 4 35 9 9 8 26 8 37 27 50 26 18 18 26 26 21 35 20 22 27 0 27 0
split_gain=6.9593 2.07983 1.49818 3.10512 1.60274 2.16529 1.33521 0.892454 1.81551 0.791191 0.751416 0.853973 0.964776 1.37962 1.27297 0.779283 0.737458 0.882414 0.715442 1.06842 0.867837 0.977323 1.07178 0.973026 1.0233 1.21906 0.976449 0.927536 0.720666 0.706369
threshold=-12.266499996185301 0.479999989271164 1.1008676886558535 0.16666667163372043 -0.13944697380065915 5.0589334964752206 0.57899999618530285 0.4200000017881394 0.65325000882148754 0.98854506015777599 0.13791034370660785 1.5666666626930239 -1.0784999728202818 1.3666666746139529 -0.88210001587867726 2.0189999341964726 1.5000000000000002 -2.9177500009536739 0.69464683532714855 0.6464127004146577 0.076000001281499877 0.99899998307228099 -0.064200002700090394 0.15224999934434894 0.68700000643730175 0.55845001339912426 0.20814999938011172 0.1799999997019768 -0.17005000263452527 0.4200000017881394
decision_type=2 2 2 2 2 2 2 2 2 2 2 2 2 2 2 2 2 2 2 2 2 2 2 2 2 2 2 2 2 2
left_child=-1 2 6 -4 -5 -6 10 18 -9 -3 -2 12 13 14 -12 29 17 -16 19 20 -8 22 -22 27 -25 -26 -27 -24 -23 -14
right_child=1 9 3 4 5 -7 7 8 -10 -11 11 -13 15 -15 16 -17 -18 -19 -20 -21 21 28 23 24 25 26 -28 -29 -30 -31
leaf_value=0.20855196686649721 -0.025528498320551686 -0.033098690796016093 0.33163846400271835 -0.022404231461841544 0.3230091367571799 -0.03520504440730389 -0.0030193098644276939 0.026928442810477266 -0.015252973380973145 0.008832772793000529 -0.0073297672567715971 -0.028498263751569098 0.0052320161427672224 0.032370904899194822 0.02892347448001592 0.01864860423005504 0.029219850340200127 -0.023158022594102847 -0.092424585234091541 0.048841321021608312 -0.0018319318755094715 0.012272594339234257 0.014144043481774974 -0.0028647820064506067 0.041060648983106886 0.023734661689545099 -0.0035788365465765862 0.01781513809803174 -0.00480960285680632 -0.017764396967326436
leaf_weight=25 486 667 20 55 31 28 226 26 24 104 74 237 228 37 21 24 32 36 63 21 65 38 25 65 26 24 22 23 213 562
leaf_count=25 486 667 20 55 31 28 226 26 24 104 74 237 228 37 21 24 32 36 63 21 65 38 25 65 26 24 22 23 213 562
internal_value=-0.00128685 -0.00147445 -0.000827234 0.00432836 0.00114035 0.00686441 -0.00109315 0.00051684 0.007 -0.00376784 -0.00189119 -0.00124301 -0.000611441 0.0025 0.000521471 -0.00137592 0.00455056 0.00114035 0.000117138 0.000548127 0.000226959 0.00138722 0.0036 0.00554054 0.00339416 0.0075 0.00260869 0.0116667 -0.000816734 -0.00164557
internal_weight=3528 3503 2732 134 114 59 2598 861 50 771 1737 1251 1014 200 163 814 89 57 811 748 727 501 250 185 137 72 46 48 251 790
internal_count=3528 3503 2732 134 114 59 2598 861 50 771 1737 1251 1014 200 163 814 89 57 811 748 727 501 250 185 137 72 46 48 251 790
is_linear=0
shrinkage=0.05


Tree=30
num_leaves=31
num_cat=0
split_feature=44 16 44 16 16 51 10 44 2 36 45 56 16 10 0 0 51 13 9 9 0 2 0 53 50 10 0 37 8 47
split_gain=6.67005 7.29783 2.7584 1.5762 1.67557 1.65555 1.64983 1.63896 2.02666 2.2193 1.49181 1.38311 2.26349 1.16483 1.41194 3.17794 1.05326 0.833606 0.867242 0.823255 0.800011 0.769199 0.711886 0.657901 0.784193 0.796628 0.777515 1.39434 0.647052 0.610494
threshold=84.500000000000014 0.29999999701976782 -12.499999999999998 0.97999998927116405 0.85999998450279247 1.028500020503998 -9.1838188171386701 -1.4999999999999998 0.14355555921792987 -0.18050000071525571 0.87291666865348827 0.72050002217292797 0.21999999880790713 -8.125884532928465 0.4200000017881394 0.25999999791383749 -1.0000000180025095e-35 -0.35400000214576716 0.2179071977734566 0.09099867939949037 0.78000000119209301 0.58933332562446605 0.58000001311302196 0.75249999761581432 2.5000000000000004 -10.125169754028319 0.49999998509883886 -0.053600000217556946 1.5000000000000002 0.70625561475753795
decision_type=2 2 2 2 2 2 2 2 2 2 2 2 2 2 2 2 2 2 2 2 2 2 2 2 2 2 2 2 2 2
left_child=2 16 -1 4 5 13 17 11 29 -10 -11 12 -7 19 15 -15 -2 -6 -19 -4 -16 -13 -20 24 -21 -26 -25 -28 -27 -9
right_child=1 -3 3 -5 6 7 -8 8 9 10 -12 21 -14 14 20 -17 -18 18 22 23 -22 -23 -24 26 25 28 27 -29 -30 -31
leaf_value=-0.028258089384628593 0.24261247454184681 0.24079708819207904 -0.032104856616310067 -0.0310616294191251 -0.020284314102767487 0.019153666646455958 0.036912801146591949 0.013723386225332168 0.022523959597292406 0.0097689478388660045 0.051562994477511809 -0.0067504058161480295 -0.00015429462499152297 -0.0065163581384394533 -0.044708435854686077 0.13077259790878334 -0.16616594028116827 -0.00051689782954967482 0.051673898441343138 -0.012438703519112181 0.18316616104873201 0.026651627722360606 0.017571926767459875 -0.0044599549694682508 -0.017300626459247487 0.041332013322472633 -0.050023219561520262 0.023165446818396399 -0.002996041614785993 -0.0048496599971943688
leaf_weight=645 29 32 275 318 42 27 30 28 20 50 33 277 55 27 57 20 54 49 21 1115 20 20 23 69 21 31 22 29 21 58
leaf_count=645 29 32 275 318 42 27 30 28 20 50 33 277 55 27 57 20 54 49 21 1115 20 20 23 69 21 31 22 29 21 58
internal_value=-0.00119102 0.0106522 -0.00159124 -0.000902829 -0.000471313 -0.000824177 0.00439394 0.00151408 0.00531746 0.0100485 0.00644578 -0.000382587 0.00536585 -0.00160223 0.00306451 0.00989362 0.00283132 0.00203704 0.00467742 -0.00196778 -0.0011039 -0.0019697 0.00977273 -0.00144496 -0.00180135 0.00321918 0.00208333 0.0067647 0.00653846 -0.000348838
internal_weight=3518 115 3403 2758 2440 2275 165 568 189 103 83 379 82 1707 124 47 83 135 93 1583 77 297 44 1308 1188 73 120 51 52 86
internal_count=3518 115 3403 2758 2440 2275 165 568 189 103 83 379 82 1707 124 47 83 135 93 1583 77 297 44 1308 1188 73 120 51 52 86
is_linear=0
shrinkage=0.05


Tree=31
num_leaves=31
num_cat=0
split_feature=47 13 44 16 19 9 18 18 44 0 0 51 9 51 20 0 13 6 44 0 56 28 13 45 0 13 9 36 13 51
split_gain=6.64243 2.96155 1.73374 4.3072 1.3769 1.5353 1.51885 2.27947 1.2847 1.80007 2.76532 1.91737 1.38198 1.38671 1.26388 1.13359 0.955061 0.856866 1.28208 1.47003 1.14357 1.03463 1.00143 1.10126 0.831252 0.566436 1.55455 0.563333 0.522397 0.493182
threshold=14.299157142639162 -0.37600000202655787 84.500000000000014 0.29999999701976782 1.0000000180025095e-35 0.12986246496438983 0.61629629135131847 0.5998000204563142 -1.4999999999999998 0.4200000017881394 0.21999999880790713 -1.5394999980926511 0.16814770549535754 0.62950000166893016 0.014500000048428776 0.85999998450279247 0.084222219884395613 0.90000000596046459 -6.4999999999999991 0.62000000476837169 -1.3504999876022337 0.84415000677108776 -0.058000000193715089 0.056250000372529037 0.29999999701976782 -0.32000000774860377 0.21382781863212588 0.4377999901771546 -0.046857142820954316 1.1044999957084658
decision_type=2 2 2 2 2 2 2 2 2 2 2 2 2 2 2 2 2 2 2 2 2 2 2 2 2 2 2 2 2 2
left_child=1 -1 4 27 5 29 7 8 17 10 12 -12 13 -10 24 28 -8 18 25 20 -20 -22 -19 -24 -13 -7 -27 -4 -11 -3
right_child=-2 2 3 -5 -6 6 16 -9 9 15 11 14 -14 -15 -16 -17 -18 22 19 -21 21 -23 23 -25 -26 26 -28 -29 -30 -31
leaf_value=-0.027140411698507824 0.31890562833032865 -0.017017833769686259 -0.026018071460920462 0.23375637836220142 -0.029642486552090414 -0.010811870968025534 -0.037460987912830521 0.080246095401226417 -0.0025006173821312972 0.027141590617587304 -0.0023333786579479115 0.026548580790265883 -0.008069890433243165 0.05408799091935438 0.041526286588379209 0.17400785299629543 0.030482999551156992 -0.015157084088928555 0.046601728003342717 -0.055954870485006337 0.0028361107745592876 0.054748455648082055 0.019681546809824493 -0.0067357787573570187 0.11108564275717743 0.029065744055687237 -0.0067865053218890154 0.26326994203023535 -0.027070390908470465 -0.001060764305196154
leaf_weight=917 23 477 48 21 212 188 254 27 25 32 21 25 68 21 49 20 28 349 31 28 53 25 39 51 26 34 113 27 102 184
leaf_count=917 23 477 48 21 212 188 254 27 25 32 21 25 68 21 49 20 28 349 31 28 53 25 39 51 26 34 113 27 102 184
internal_value=-0.00134736 -0.00152361 -0.000655548 0.0059375 -0.000910557 -0.000550662 0.000282783 0.000990956 0.000692307 0.00309769 0.00585106 0.0111157 0.000263157 0.00695652 0.014 -0.0011039 -0.00304965 -0.000334798 0.00114407 0.00521898 0.00784404 0.00461538 -0.00192483 0.00277778 0.0195098 -0.000522389 0.00180272 0.000333332 -0.0027612 -0.00257943
internal_weight=3518 3495 2578 96 2482 2270 1609 1327 1300 389 235 121 114 46 100 154 282 911 472 137 109 78 439 90 51 335 147 75 134 661
internal_count=3518 3495 2578 96 2482 2270 1609 1327 1300 389 235 121 114 46 100 154 282 911 472 137 109 78 439 90 51 335 147 75 134 661
is_linear=0
shrinkage=0.05


Tree=32
num_leaves=31
num_cat=0
split_feature=47 44 44 14 14 51 44 9 10 9 9 56 17 53 17 49 14 44 44 2 10 56 21 14 28 8 10 51 56 36
split_gain=5.55616 2.96742 1.97269 3.49586 1.45176 1.27752 1.37258 1.19318 1.67756 1.31215 1.89879 1.14249 1.13259 1.08571 0.931987 1.00294 1.47852 0.914286 0.841137 1.93862 1.21 0.689707 0.938303 1.225 0.665331 0.606512 0.578293 0.53504 0.625309 0.755214
threshold=14.299157142639162 -12.499999999999998 81.500000000000014 0.037500001490116126 0.38750000298023229 1.1044999957084658 1.5000000000000002 0.13104625791311267 -9.6888275146484357 0.40667136013507849 0.31797766685485845 0.7865000069141389 0.12500000372529033 0.57899999618530285 0.54166665673255932 1.0000000180025095e-35 0.30416667461395269 -6.4999999999999991 -1.4999999999999998 0.27400000393390661 -9.1196861267089826 0.63650000095367443 0.17475000023841861 0.15416666865348819 1.1921499967575075 0.56666669249534618 -9.388734817504881 -3.4314999580383296 -2.1395000219345088 -0.27660000324249262
decision_type=2 2 2 2 2 2 2 2 2 2 2 2 2 2 2 2 2 2 2 2 2 2 2 2 2 2 2 2 2 2
left_child=1 -1 4 -4 5 7 11 -3 27 10 12 21 13 17 24 16 26 -10 -13 -20 -21 22 -7 -24 -14 -5 -16 -9 29 -29
right_child=-2 2 3 25 -6 6 -8 8 9 -11 -12 18 14 -15 15 -17 -18 -19 19 20 -22 -23 23 -25 -26 -27 -28 28 -30 -31
leaf_value=-0.025503246076241826 0.3029603469138123 -0.017309693321008551 0.23451903068930546 -0.024717168299478263 -0.030295031666041212 -0.0067355389602363315 0.032408403014573373 -0.024443400737757602 -0.0037380001902594809 -0.010783941615027576 0.088257799439403484 -0.0034071257203955687 -0.0058733466073922647 0.010312195500946331 -0.0028533927643842349 -0.0053727775692005977 0.033353258471360066 0.062012795766254042 -0.0015254248778363935 0.0039446912563767533 0.042163210789244572 0.027750917308700791 0.021966938484181409 -0.0048139280177043305 0.025412819248024673 0.062655020104663478 0.030486315706012138 0.029242025514445304 -0.012331431217488212 -0.0043643505467036176
leaf_weight=645 23 485 23 58 249 37 21 173 36 203 37 304 189 20 23 20 21 20 89 20 25 25 20 20 20 23 27 39 587 36
leaf_count=645 23 485 23 58 249 37 21 173 36 203 37 304 189 20 23 20 21 20 89 20 25 25 20 20 20 23 27 39 587 36
internal_value=-0.00123366 -0.00139485 -0.000701756 0.00605769 -0.000957758 -0.000594715 0.00150624 -0.00120351 -0.000485873 0.00149351 0.00311138 0.00101852 0.00204787 0.0075 0.000666665 0.00489011 0.00767606 0.00392857 -9.13254e-05 0.00320895 0.0116667 0.00578431 0.00344156 0.00875 -0.00117225 0.00117284 0.003 -0.00194611 -0.00129909 0.003
internal_weight=3518 3495 2850 104 2746 2497 561 1936 1451 616 413 540 376 76 300 91 71 56 438 134 45 102 77 40 209 81 50 835 662 75
internal_count=3518 3495 2850 104 2746 2497 561 1936 1451 616 413 540 376 76 300 91 71 56 438 134 45 102 77 40 209 81 50 835 662 75
is_linear=0
shrinkage=0.05


Tree=33
num_leaves=31
num_cat=0
split_feature=44 11 12 44 18 14 9 13 2 2 37 12 14 10 2 13 13 3 44 14 17 14 14 21 13 13 12 2 44 2
split_gain=4.76323 3.78337 5.65156 2.33806 1.44679 1.39813 1.16405 1.55719 2.50517 2.20589 1.818 1.27673 2.18106 1.25149 1.02874 1.57132 2.33789 0.777471 0.779538 0.695113 1.225 0.667411 1.74174 1.28755 1.19255 1.56754 1.18287 0.599847 1.03448 2.51429
threshold=81.500000000000014 -0.19123621284961698 5.4141719341278085 -12.499999999999998 0.49184595048427587 0.38750000298023229 0.12986246496438983 -0.14111111313104627 0.5000000149011613 0.34999999403953558 0.037449998781085021 5.3293452262878427 0.26250000298023229 -9.3615336418151838 0.18666666746139529 -0.006000000284984707 0.035142855718731887 0.49050766229629522 -7.4999999999999991 0.30416667461395269 0.54166665673255932 0.14583333581686023 0.12083333358168603 0.32654999196529394 -0.26933334767818445 -0.36599999666213984 0.42898838222026831 0.5000000149011613 -5.4999999999999991 0.63133332133293163
decision_type=2 2 2 2 2 2 2 2 2 2 2 2 2 2 2 2 2 2 2 2 2 2 2 2 2 2 2 2 2 2
left_child=3 -2 4 -1 -3 6 -5 17 9 11 13 14 -13 -11 -9 19 -17 21 -19 -16 -21 22 23 -8 25 -24 -25 -23 -29 -30
right_child=1 2 -4 5 -6 -7 7 8 -10 10 -12 12 -14 -15 15 16 -18 18 -20 20 -22 27 24 26 -26 -27 -28 28 29 -31
leaf_value=-0.024228083772429736 -0.021205434729982389 0.34329551587204765 -0.17906055985873984 -0.0067165022366311644 0.075140323821363875 -0.028940293791062156 -0.02519107415454936 -0.0082735863507584148 -0.010170812322437618 -0.0021391113834438448 0.074303067644919715 0.00076883757018367336 0.061772843024069796 0.078864942023613549 -0.0021657397133775192 0.036274252454388527 0.016880261682166005 -0.00010801988561367609 0.017678121364295484 -0.0016510489133613573 0.027103539719977605 -0.029667787405300551 0.010338948713501162 0.010084793948861972 -0.024638220898622162 0.023621851809322889 0.0011083316001172354 -0.022808653858480146 0.059075543312491832 -0.040571988755761179
leaf_weight=645 47 32 24 643 21 250 268 123 265 24 31 38 23 32 112 21 34 31 20 20 20 229 25 20 21 23 46 367 30 33
leaf_count=645 47 32 24 643 21 250 268 123 265 24 31 38 23 32 112 21 34 31 20 20 20 229 25 20 21 23 46 367 30 33
internal_value=-0.00131893 0.00830645 0.0151299 -0.0016706 0.0242453 -0.00103492 -0.000678273 -4.31046e-05 0.00172947 0.00389121 0.011092 0.002289 0.00893443 0.00571428 0.0010606 0.00321256 0.0104545 -0.00122642 0.00480392 0.000592104 0.00625 -0.00151601 8.68474e-05 -0.00140719 0.00731884 0.0116667 0.00484848 -0.00249621 -0.00139535 0.00452381
internal_weight=3518 124 77 3394 53 2749 2499 1856 743 478 87 391 61 56 330 207 55 1113 51 152 40 1062 403 334 69 48 66 659 430 63
internal_count=3518 124 77 3394 53 2749 2499 1856 743 478 87 391 61 56 330 207 55 1113 51 152 40 1062 403 334 69 48 66 659 430 63
is_linear=0
shrinkage=0.05


Tree=34
num_leaves=31
num_cat=0
split_feature=47 13 14 13 13 11 16 9 9 18 51 18 44 9 4 18 4 10 50 10 13 4 22 18 13 13 14 3 16 9
split_gain=3.76937 2.9065 1.64771 1.8074 2.59986 1.91002 2.31306 1.06511 0.968626 1.21891 1.14492 1.16263 0.913951 1.1642 1.30613 1.05975 1.02896 1.62895 0.833824 0.833491 1.12118 0.77389 0.694873 0.819614 0.936147 1.29884 1.09068 0.937955 0.664085 0.625541
threshold=14.299157142639162 -0.48000000417232508 0.39583334326744085 -0.006000000284984707 1.0000000180025095e-35 0.1010846607387066 0.34000000357627874 0.26178511977195745 0.12986246496438983 0.61629629135131847 -3.4314999580383296 0.60090002417564403 -1.4999999999999998 0.20786622911691668 0.13999999687075618 0.50593650341033947 0.4200000017881394 -9.8246588706970197 1.0000000180025095e-35 -9.0316057205200178 -0.046857142820954316 0.85999998450279247 -0.71984997391700734 0.36770370602607733 -0.29199999570846552 -0.26533333957195276 0.095833335071802153 0.23068684339523318 0.38000001013278967 0.16003508865833285
decision_type=2 2 2 2 2 2 2 2 2 2 2 2 2 2 2 2 2 2 2 2 2 2 2 2 2 2 2 2 2 2
left_child=1 -1 3 8 -5 21 7 -7 -3 10 -10 12 15 14 -14 16 22 18 -18 -15 -21 28 -12 -24 29 -26 -27 -28 -6 -25
right_child=-2 2 -4 4 5 6 -8 -9 9 -11 11 -13 13 19 -16 -17 17 -19 -20 20 -22 -23 23 24 25 26 27 -29 -30 -31
leaf_value=-0.023931522008858362 0.27064755377451927 -0.010147255472424316 -0.029087073118127346 0.035882374753497773 -0.0067727427012016714 0.030515069505276955 0.1879557447075092 -0.0090253049656921405 -0.021226455927972794 -0.032506489341233062 -0.011704606338361885 0.073768609761618115 0.017803920033954462 -0.0042689718913524076 0.041493775100155408 -0.013998040863630294 -0.024983974177976976 0.015909039307165775 0.03404233170250525 0.091037828583145672 -0.011158262561185097 0.065582238817275193 -0.00524272013511538 0.0041154887779889333 0.017403286176665256 -0.035753902229237501 0.00082767194199696327 0.013279653258414912 0.0069213821009705525 -0.023269678778213461
leaf_weight=551 23 613 235 20 205 33 32 62 116 234 144 29 34 78 30 339 40 37 28 29 22 34 158 27 24 40 59 46 97 99
leaf_count=551 23 613 235 20 205 33 32 62 116 234 144 29 34 78 30 339 40 37 28 29 22 34 158 27 24 40 59 46 97 99
internal_value=-0.00126208 -0.00139485 -0.000771061 -0.000422666 0.0023499 0.00158747 0.00681102 0.00289474 -0.00102426 -0.000381278 0.000184915 0.000621535 0.000388978 0.00354922 0.0090625 -0.000196927 0.00091168 0.00547619 0.000882352 0.000813952 0.00578431 -0.000386906 0.000108877 0.00107064 0.00262712 0.00505917 0.00327586 0.00595238 -0.00119205 -0.000634922
internal_weight=3518 3495 2944 2709 483 463 127 95 2226 1613 1379 1263 1234 193 64 1041 702 105 68 129 51 336 597 453 295 169 145 105 302 126
internal_count=3518 3495 2944 2709 483 463 127 95 2226 1613 1379 1263 1234 193 64 1041 702 105 68 129 51 336 597 453 295 169 145 105 302 126
is_linear=0
shrinkage=0.05


Tree=35
num_leaves=31
num_cat=0
split_feature=13 11 13 14 10 53 26 11 37 46 47 47 44 36 9 9 9 16 4 11 44 13 11 9 53 4 18 9 10 14
split_gain=5.69163 5.62517 2.51791 1.2597 1.37467 1.45753 2.39232 0.732561 0.768269 0.865097 0.755191 0.980804 0.8161 0.988967 0.65744 0.97999 1.341 1.07849 1.10156 0.662278 1.24012 1.10025 0.744757 0.625 0.625 0.58819 0.703943 0.552015 1.10282 0.84052
threshold=3.6500000953674321 -0.2124078497290611 -0.46999999880790705 0.32916666567325598 -9.3817868232727033 2.873000025749207 1.6559999585151675 0.35909767448902136 0.4772500097751618 -0.079666666686534868 0.27267543971538549 1.7413854598999026 -8.4999999999999982 0.35319998860359197 0.10974419489502908 0.47922001779079443 0.30830879509449011 0.85999998450279247 0.38000001013278967 -0.015618027187883852 -3.4999999999999996 -0.3053333312273025 0.17400176078081134 0.18894810974597934 0.60249999165534984 0.85999998450279247 0.75272428989410411 0.69068261981010448 -16.386488914489743 0.22916666418313983
decision_type=2 2 2 2 2 2 2 2 2 2 2 2 2 2 2 2 2 2 2 2 2 2 2 2 2 2 2 2 2 2
left_child=2 -2 -1 4 7 14 23 27 9 -9 -11 12 -12 -14 -6 16 17 18 19 20 21 -16 -21 -7 -20 -17 -27 -4 -29 -30
right_child=1 -3 3 -5 5 6 -8 8 -10 10 11 -13 13 -15 15 25 -18 -19 24 22 -22 -23 -24 -25 -26 26 -28 28 29 -31
leaf_value=-0.023291918443747287 -0.029200098311354613 0.39561988390177871 -0.010377454612291568 -0.016038632936239111 -0.001793838068447069 0.026847233107146259 -0.0018166111866814213 -0.024850350071774989 -0.04730598487760207 -0.031545532623966678 0.0044489386395452071 -0.023082988380152547 0.018556109164882557 0.049867668752242925 0.011342336435012677 -0.025978972411999163 0.084216028510868304 0.024056666810032965 0.00095321142735545553 -0.0048103088913518353 0.063896921914290625 -0.033418858879293099 0.014314266484099648 0.039419086537465266 0.032810297753745464 0.23680213917859672 -0.0035395134799137296 0.045767907599020066 -0.014579903969889896 0.030727057548113737
leaf_weight=578 24 37 979 599 253 20 45 80 59 33 32 22 29 24 20 116 35 32 20 160 21 48 28 20 20 20 23 32 109 25
leaf_count=578 24 37 979 599 253 20 45 80 59 33 32 22 29 24 20 116 35 32 20 160 21 48 28 20 20 20 23 32 109 25
internal_value=-0.00128846 0.0138525 -0.00155371 -0.000953858 -0.000422995 0.0011294 0.00735294 -0.00138343 0.000913977 0.00227273 0.00464286 0.00668224 0.00911765 0.0129245 0.000464823 0.00144567 0.0028125 0.00187679 0.00099369 -0.000126355 0.00342697 0.000147058 -0.00180851 0.01625 0.00875 -0.00185535 0.00313953 -0.00194323 0.00072289 -0.00126866
internal_weight=3543 61 3482 2904 2305 881 85 1424 279 220 140 107 85 53 796 543 384 349 317 277 89 68 188 40 40 159 43 1145 166 134
internal_count=3543 61 3482 2904 2305 881 85 1424 279 220 140 107 85 53 796 543 384 349 317 277 89 68 188 40 40 159 43 1145 166 134
is_linear=0
shrinkage=0.05


Tree=36
num_leaves=31
num_cat=0
split_feature=13 11 13 51 11 56 9 12 21 37 5 9 28 44 11 26 47 13 53 21 36 26 47 4 18 12 53 26 12 51
split_gain=4.03757 4.25343 2.47015 1.22446 1.28152 1.64204 0.81828 0.97179 0.888145 1.26389 0.852032 2.21476 1.24389 0.806188 0.606544 0.70217 1.27952 1.6 0.759796 0.81198 1.83234 1.28409 0.5749 0.564709 0.522863 0.907441 0.487535 0.462704 0.453334 1.05689
threshold=3.6500000953674321 -0.2124078497290611 -0.46999999880790705 0.91699999570846569 -0.042971160262823098 0.72949999570846569 0.13929094374179843 0.88329482078552257 0.4066500067710877 -0.64959999918937672 0.32500000298023229 1.0003445744514468 0.98565000295639049 -4.4999999999999991 0.0034524044021964078 1.8964999914169314 1.8057841062545779 -0.081999998539686189 1.5545000433921816 -0.036500001326203339 -0.033900000154972069 0.70874997973442089 1.4847347736358645 0.25999999791383749 0.39699682593345648 0.43608544766902929 0.73450002074241649 -1.0009999871253965 5.5122125148773202 -0.293500006198883
decision_type=2 2 2 2 2 2 2 2 2 2 2 2 2 2 2 2 2 2 2 2 2 2 2 2 2 2 2 2 2 2
left_child=2 -2 -1 6 5 -5 -4 8 10 -10 23 12 24 -7 -6 16 18 -18 19 -16 -21 26 -20 -8 25 -12 -22 -26 -9 -30
right_child=1 -3 3 4 14 13 7 28 9 -11 11 -13 -14 -15 15 -17 17 -19 22 20 21 -23 -24 -25 27 -27 -28 -29 29 -31
leaf_value=-0.022127322521559925 -0.027740093395786865 0.37583888970668972 -0.020971218800344242 0.011994386806978624 -0.019140952323935253 -0.008497203247361142 0.0064427532554488026 -0.014557252507129479 -0.019065206675473685 0.028671286591617065 0.043616425471009794 0.21760097390123867 0.030320990803348748 0.0024822220593266331 -0.0015064588782475422 -0.0055854329809015245 -0.0061891011047751146 0.037448132210592025 -0.0044609781391618669 0.021411247515819298 0.027967919923805491 0.011172974842957081 0.0046861373704999492 -0.017975966267087043 0.014361056794237893 -0.023102640882647768 -0.0060398119203577613 -0.012101940551830406 0.04376533165502669 -0.0043052805299838267
leaf_weight=578 24 37 547 32 132 43 72 897 24 39 38 23 20 31 60 77 20 20 131 22 35 26 34 238 37 20 84 138 22 42
leaf_count=578 24 37 547 32 132 43 72 897 24 39 38 23 20 31 60 77 20 20 131 22 35 26 34 238 37 20 84 138 22 42
internal_value=-0.00135902 0.0113934 -0.00158243 -0.000988293 0.000756358 0.00584906 -0.00159249 -0.00102485 0.000469953 0.00611111 -0.00013652 0.00188406 0.000533596 0.00175676 -8.58046e-05 0.000697445 0.00148148 0.01 0.000612244 0.00248899 0.00428144 0.00224138 -0.0019697 -0.00193549 -0.000493563 0.00362069 4.20156e-05 -0.00185714 -0.00203434 0.00203125
internal_weight=3543 61 3482 2904 747 106 2157 1610 649 63 586 276 253 74 641 509 432 40 392 227 167 145 165 310 233 58 119 175 961 64
internal_count=3543 61 3482 2904 747 106 2157 1610 649 63 586 276 253 74 641 509 432 40 392 227 167 145 165 310 233 58 119 175 961 64
is_linear=0
shrinkage=0.05


Tree=37
num_leaves=31
num_cat=0
split_feature=13 11 13 16 16 10 53 12 27 2 27 11 11 10 0 26 26 47 12 0 5 47 3 13 11 53 56 13 11 11
split_gain=4.01972 4.25343 2.51791 1.19791 1.40739 1.45151 1.35357 1.23989 1.11481 1.99335 1.10463 1.04914 0.945947 1.3913 0.88544 0.671671 1.16513 0.910579 0.803759 1.01255 1.23793 0.956779 0.655529 0.920897 1.17824 1.90831 1.18347 0.604571 1.22032 0.6003
threshold=3.6500000953674321 -0.2124078497290611 -0.46999999880790705 0.97999998927116405 0.85999998450279247 -9.1838188171386701 0.3445000052452088 3.4457924365997319 -0.035550000146031373 0.52599999308586132 -0.66185000538825978 0.3793362975120545 0.053130380809307105 -9.2808179855346662 1.0199999809265139 0.087999999523162856 0.99899998307228099 0.42346653342247015 0.28086778521537786 0.1799999997019768 0.52500000596046459 0.9339505434036256 0.3131812065839768 -0.33200000226497645 -0.030871456488966938 -0.73249998688697804 -1.2834999561309812 -0.058000000193715089 0.068902283906936659 -0.010245183948427437
decision_type=2 2 2 2 2 2 2 2 2 2 2 2 2 2 2 2 2 2 2 2 2 2 2 2 2 2 2 2 2 2
left_child=2 -2 -1 4 6 7 14 -6 9 10 -8 -9 29 -14 22 -10 17 -17 -19 -20 21 -21 -4 -24 -25 26 -26 -18 -29 -12
right_child=1 -3 3 -5 5 -7 8 11 15 -11 12 -13 13 -15 -16 16 27 18 19 20 -22 -23 23 24 25 -27 -28 28 -30 -31
leaf_value=-0.021020956395481929 -0.026353088725997526 0.35704694522135527 -0.012292965777181447 -0.020255449443776094 -0.0079886758520129452 0.022199738259042437 -0.009081324751845676 0.011325986568905742 -0.0080798188331138165 0.0093086356837554386 0.0019267563227645319 -0.00085615632635472185 -0.00029539844221190001 0.018261704109833302 0.21408197591685721 -0.015427778626102191 -0.015150853413534849 0.011892367106004805 -0.0032408074111000573 -0.0032411149730009123 0.028591654768407977 0.022015259342235749 -0.030483656494879458 -0.016611949142620007 0.03109224739753463 0.00057357930297543896 0.016736048688897411 0.039520719734462362 -0.010480420937072066 -0.0070589949597725538
leaf_weight=578 24 37 1246 294 72 29 54 43 204 25 41 27 23 23 30 50 180 29 48 54 24 44 60 71 23 68 20 25 45 52
leaf_count=578 24 37 1246 294 72 29 54 43 204 25 41 27 23 23 30 50 180 29 48 54 24 44 60 71 23 68 20 25 45 52
internal_value=-0.00133079 0.0113934 -0.00155371 -0.000953858 -0.000613028 0.00377193 -0.00092046 0.00169014 0.000591747 0.0037156 0.00199482 0.00642857 0.00435252 0.0102174 -0.00183795 -0.000376957 0.000611221 0.00303213 0.00454774 0.00323529 0.00565574 0.00316326 -0.00200941 0.0003719 0.00214286 0.00536036 0.0136046 -0.0018 0.00214286 0.00145161
internal_weight=3543 61 3482 2904 2610 171 2439 142 921 218 193 70 139 46 1518 703 499 249 199 170 122 98 1488 242 182 111 43 250 70 93
internal_count=3543 61 3482 2904 2610 171 2439 142 921 218 193 70 139 46 1518 703 499 249 199 170 122 98 1488 242 182 111 43 250 70 93
is_linear=0
shrinkage=0.05


Tree=38
num_leaves=31
num_cat=0
split_feature=13 13 11 14 4 11 16 16 44 45 46 44 26 0 46 47 18 44 8 13 1 35 45 37 0 3 56 11 44 13
split_gain=3.16635 2.29556 3.16981 1.39733 0.970284 0.9956 1.14776 0.955651 0.905462 0.903171 0.979965 1.04872 1.34533 0.935922 0.826186 0.793584 1.27021 0.75651 1.18976 0.751653 0.760156 0.894019 0.982368 0.699937 0.756235 0.884994 1.07121 0.729823 0.693662 0.674792
threshold=-0.29199999570846552 3.6980000734329228 -0.2124078497290611 0.39583334326744085 0.059999998658895499 -0.64514106512069691 0.97999998927116405 0.85999998450279247 -3.4999999999999996 0.34149999916553503 -0.24366667121648786 -1.4999999999999998 1.8964999914169314 1.0199999809265139 0.13949999958276751 0.95805957913398754 0.43447221815586096 1.0000000180025095e-35 0.96666666865348827 -0.54000002145767201 0.47499999403953558 -1.0674999952316282 0.014166666660457851 -0.78204998373985279 0.62000000476837169 0.29734541475772863 0.10050000250339509 -0.080596223473548875 -1.4999999999999998 -0.16200000047683713
decision_type=2 2 2 2 2 2 2 2 2 2 2 2 2 2 2 2 2 2 2 2 2 2 2 2 2 2 2 2 2 2
left_child=19 3 -3 4 17 -6 7 9 -9 13 -11 15 14 23 -13 16 -12 -2 -19 -1 21 -21 -23 -7 25 29 27 -27 -29 -25
right_child=1 2 -4 -5 5 6 -8 8 -10 10 11 12 -14 -15 -16 -17 -18 18 -20 20 -22 22 -24 24 -26 26 -28 28 -30 -31
leaf_value=-0.025750663651464729 -0.0071491062340093879 -0.024198816938925838 0.36748676408546066 -0.021885867062718778 -0.031087035542779098 -0.0075737628450223112 -0.018925681763358709 0.0027645145654831209 0.029037302354683499 0.03508563856841436 -0.0061157257877713133 0.02149546139962864 -0.03390301036342451 0.22571432727017315 0.047600534098310159 -0.0021398252134458345 0.014209854140959537 0.017233073543685761 -0.0013012421174489865 0.0090682666303572718 -0.020654674834318959 -0.020847015943317056 0.027910454318910562 -0.020601669182785536 -0.010293545587108932 -0.012520846008236075 -0.0044144449911071885 0.050460312613220329 0.071402821023834814 0.015226988431297078
leaf_weight=426 493 21 32 212 88 166 115 38 37 25 29 33 22 23 20 137 27 23 53 24 768 90 44 176 116 22 37 38 43 165
leaf_count=426 493 21 32 212 88 166 115 38 37 25 29 33 22 23 20 137 27 23 53 24 768 90 44 176 116 22 37 38 43 165
internal_value=-0.00135902 -0.000184848 0.0100943 -0.000439664 -1.55775e-05 0.000711126 0.00106777 0.00154246 0.007 0.00116311 0.00353242 0.00264925 0.00766667 0.000279897 0.0119811 0.000699481 0.00571428 -0.00174868 0.00289474 -0.00326184 -0.0024622 0.000696201 -0.000895524 -1.96604e-05 0.000778893 0.00165281 0.005 0.00762136 0.00981481 0.000278591
internal_weight=3543 2191 53 2138 1926 1357 1269 1154 75 1079 293 268 75 786 53 193 56 569 76 1352 926 158 134 763 597 481 140 103 81 341
internal_count=3543 2191 53 2138 1926 1357 1269 1154 75 1079 293 268 75 786 53 193 56 569 76 1352 926 158 134 763 597 481 140 103 81 341
is_linear=0
shrinkage=0.05


Tree=39
num_leaves=31
num_cat=0
split_feature=13 13 11 27 14 10 11 10 51 17 22 28 46 44 28 3 0 0 0 0 0 16 18 0 45 51 13 26 53 11
split_gain=2.79416 2.42338 3.13853 1.45688 1.12708 1.0621 0.955606 1.11345 1.11026 1.1375 1.03128 1.05471 0.802287 0.688106 1.29307 0.808764 0.616577 0.946973 1.20175 1.37043 0.649081 0.809614 0.578398 0.68079 0.703562 0.707845 1.01368 1.05157 1.85171 0.950536
threshold=-0.46999999880790705 3.5000000000000004 -0.2124078497290611 -1.0000000180025095e-35 0.39583334326744085 -9.3503017425537092 0.049376444891095168 -9.0937318801879865 2.8274999856948857 0.29166667163372045 1.0253499746322634 0.099199999123811736 -0.044999999925494187 -1.4999999999999998 -0.50045001506805409 0.49050766229629522 0.099999997764825835 0.53999999165534984 0.29999999701976782 0.4200000017881394 0.97999998927116405 1.4800000190734866 0.49568253755569464 0.25999999791383749 -0.98450002074241627 -0.55249997973442067 -0.3599999994039535 -1.0612500309944151 -1.233500003814697 0.11614089831709863
decision_type=2 2 2 2 2 2 2 2 2 2 2 2 2 2 2 2 2 2 2 2 2 2 2 2 2 2 2 2 2 2
left_child=-1 4 -3 -4 5 22 13 10 -9 -10 11 12 -8 15 -15 -7 -16 18 -18 -20 -19 -22 23 -2 -25 26 -26 -28 -29 -30
right_child=1 2 3 -5 -6 6 7 8 9 -11 -12 -13 -14 14 16 -17 17 20 19 -21 21 -23 -24 24 25 -27 27 28 29 -31
leaf_value=-0.018682375393134595 -0.014059559320445817 -0.025219855694037726 0.36722033249134656 0.23468498285059788 -0.021989969214908922 -0.0074479456756798958 -0.016567065377377743 -0.0038107693483633988 0.0036578950710704121 0.016945640440912773 -0.0028968180161320447 0.016668918021258625 0.017347588162478216 0.017901339707211146 -0.012362439148883318 0.0076639578208901509 0.0074896332707426547 -0.047652050075035347 0.093987320999974533 0.019885668919426794 0.10698343066590486 -0.021078657111741502 -0.014041144466769864 -0.038639485910775151 -0.023223628418303721 -0.0015228186797313051 0.027157580774694764 -0.0099530918766501403 0.02224534198206847 -0.0091227013022046801
leaf_weight=578 237 29 26 22 231 386 20 94 37 23 21 32 29 36 62 25 77 80 22 21 31 20 776 74 68 330 33 52 45 26
leaf_count=578 237 29 26 22 231 386 20 94 37 23 21 32 29 36 62 25 77 80 22 21 31 20 776 74 68 330 33 52 45 26
internal_value=-0.00138724 -0.000767286 0.00798701 0.0158333 -0.00100069 -0.000709448 0.000561022 0.00320312 0.000519479 0.00583333 0.0072549 0.00981481 0.00520408 -0.000328949 0.00130372 -0.00171533 0.000271564 0.0013745 0.00458333 0.0112791 -0.00156489 0.00284314 -0.00149604 -0.000606938 0.000254776 0.000866425 0.00303571 0.00525641 0.00313008 0.00838028
internal_weight=3543 2965 77 48 2888 2657 1016 256 154 60 102 81 49 760 349 411 313 251 120 43 131 51 1641 865 628 554 224 156 123 71
internal_count=3543 2965 77 48 2888 2657 1016 256 154 60 102 81 49 760 349 411 313 251 120 43 131 51 1641 865 628 554 224 156 123 71
is_linear=0
shrinkage=0.05


Tree=40
num_leaves=31
num_cat=0
split_feature=13 14 13 46 9 51 12 14 35 51 36 9 26 10 2 13 28 51 45 12 47 21 44 53 12 9 53 12 12 13
split_gain=2.84446 1.32518 1.0126 1.41514 1.41591 0.96087 1.11698 0.990835 1.44217 1.06329 1.11485 0.95035 0.992886 0.94272 1.35479 1.6436 1.33333 0.820302 0.807937 0.740528 1.09716 0.681818 0.635582 0.662095 0.633394 0.737065 0.522166 1.19671 1.28926 0.473167
threshold=-0.48000000417232508 0.39583334326744085 0.021999999880790714 0.34933333098888403 0.26178511977195745 0.53700000047683727 0.22655370086431506 0.22083333134651187 0.10524999722838403 1.3075000047683718 -0.16149999946355817 0.10453480854630472 -1.0612500309944151 -9.7639136314392072 0.53999999165534984 -0.17199999839067456 -1.7289000153541563 1.3379999995231631 -8.0194168090820295 4.2308614253997812 1.213357210159302 0.18169999867677691 -4.4999999999999991 1.8585000038146975 0.52901029586792003 1.0003445744514468 0.35799999535083776 0.47310431301593786 0.28722541034221655 -0.32000000774860377
decision_type=2 2 2 2 2 2 2 2 2 2 2 2 2 2 2 2 2 2 2 2 2 2 2 2 2 2 2 2 2 2
left_child=-1 2 5 4 21 11 -7 8 9 10 -8 -2 13 19 15 -15 -17 -10 -6 -13 -21 -4 -19 -24 25 -20 29 28 -28 -14
right_child=1 -3 3 -5 18 6 7 -9 17 -11 -12 12 26 14 -16 16 -18 22 24 20 -22 -23 23 -25 -26 -27 27 -29 -30 -31
leaf_value=-0.017191282526109554 -0.029430596624418 -0.021484182350078453 0.035123442445214752 0.2879738487095192 0.33640985306709237 -0.023781333140710945 0.0058586872121340911 -0.00019943813551637045 -0.015342513006234893 0.0029320560816833317 0.011564624408630306 -0.02242669476659143 -0.025279285317254031 -0.0079051022433526217 0.031895625734125556 -0.0011668725456429139 0.037271481201466054 -0.00085366951721331345 -0.012644418806317354 -0.015922222983676692 0.026854103416333111 0.01231286665983088 0.010604419043031908 0.0021653029531171516 -0.01449507351026269 0.17174396848351595 -0.0011427405297727107 -0.013265416417226106 0.032343437563674103 -0.0059262839117772016
leaf_weight=549 285 232 33 20 21 81 35 457 60 45 38 76 354 64 21 24 24 72 77 26 20 22 25 29 139 41 21 73 20 581
leaf_count=549 285 232 33 20 21 81 35 457 60 45 38 76 354 64 21 24 24 72 77 26 20 22 25 29 139 41 21 73 20 581
internal_value=-0.00132539 -0.000722813 -0.00042026 0.00208215 0.00130631 -0.000783629 0.000581947 0.00117608 0.00338816 0.00771186 0.0114384 -0.00150724 -0.000935584 0.00186274 0.00477443 0.00258928 0.00958333 0.00064516 -0.000143886 -0.00131148 0.00369565 0.00863636 0.00293651 0.00703704 -0.000914398 0.00177966 -0.00161583 0.00157895 0.00841463 -0.00200535
internal_weight=3565 3016 2784 353 333 2431 842 761 304 118 73 1589 1304 255 133 112 48 186 278 122 46 55 126 54 257 118 1049 114 41 935
internal_count=3565 3016 2784 353 333 2431 842 761 304 118 73 1589 1304 255 133 112 48 186 278 122 46 55 126 54 257 118 1049 114 41 935
is_linear=0
shrinkage=0.05


Tree=41
num_leaves=31
num_cat=0
split_feature=13 16 16 13 44 16 51 11 14 11 9 12 26 13 20 11 12 46 13 11 27 11 2 13 9 13 4 44 20 18
split_gain=2.60105 1.33639 1.61324 1.49435 1.09438 2.26665 1.08798 1.20763 0.879974 1.3166 0.741347 1.14836 1.28428 0.685717 0.677289 0.612332 1.02467 0.605939 1.40888 0.672294 0.580499 0.703247 0.577977 1.02083 0.556751 0.474776 1.05116 1.1981 0.705333 0.883205
threshold=-0.54000002145767201 0.97999998927116405 0.85999998450279247 -0.32000000774860377 84.500000000000014 0.34000000357627874 0.55099999904632579 -0.4681412130594253 0.30416667461395269 -0.0053677258547395459 0.09099867939949037 0.42898838222026831 -1.5327500104904173 0.037999998778104789 -0.59074997901916493 -0.2124078497290611 5.4141719341278085 -0.24366667121648786 -0.025833333842456337 -0.053536498919129365 -0.26614999771118159 -0.023261005058884617 0.58933332562446605 -0.42933334410190577 0.18417499214410785 -0.21200000494718549 0.099999997764825835 -1.4999999999999998 0.82850000262260448 0.44741667807102209
decision_type=2 2 2 2 2 2 2 2 2 2 2 2 2 2 2 2 2 2 2 2 2 2 2 2 2 2 2 2 2 2
left_child=-1 2 4 -4 6 15 10 -8 9 -5 -2 12 -12 17 -11 -6 -17 18 19 -9 21 -14 25 -24 -22 -19 -27 28 -28 -30
right_child=1 -3 3 8 5 -7 7 13 -10 14 11 -13 20 -15 -16 16 -18 22 -20 -21 24 -23 23 -25 -26 26 27 -29 29 -31
leaf_value=-0.0183131684578536 -0.030738523272027082 -0.020388363537822606 -0.010217092775604456 0.027085191271913348 -0.024816419387446303 0.13534502544891161 0.0019375168704355893 0.014173185795137844 0.020327786019760666 0.014201392296454996 0.027776619407314684 -0.013929291088541421 -0.00078951907563226036 0.022921438608756759 -0.0017478809094854508 0.31958935619266637 -0.18110041447881309 -0.024647670965990551 0.017225289734149357 -0.0008430258642411917 -0.018130190649524838 0.015846624459404754 -0.019046590864999179 0.051655703984955462 0.0025735486410625344 -0.0027289746133985445 -0.00318396693391153 0.021361474828058322 0.0064907438239113621 -0.0054621923457810126
leaf_weight=448 244 311 59 29 32 21 20 28 24 30 27 1111 22 39 35 31 20 155 20 95 73 20 24 24 179 252 75 67 26 24
leaf_count=448 244 311 59 29 32 21 20 28 24 30 27 1111 22 39 35 31 20 155 20 95 73 20 24 24 179 252 75 67 26 24
internal_value=-0.00143759 -0.000925571 -0.000580899 0.00403955 -0.000891975 0.00413461 -0.00109901 0.000359245 0.00728813 0.00510638 -0.00183771 -0.00140363 0.00123053 6.63438e-05 0.00115384 0.000421686 0.00382353 -0.000253166 0.00269231 0.000691056 0.000272108 0.00571428 -0.000904174 0.004375 -0.000634922 -0.00132721 -0.000495497 0.00229167 -0.000600001 0.004
internal_weight=3565 3117 2806 177 2629 104 2525 849 118 94 1676 1432 321 829 65 83 51 790 143 123 294 42 647 48 252 599 444 192 125 50
internal_count=3565 3117 2806 177 2629 104 2525 849 118 94 1676 1432 321 829 65 83 51 790 143 123 294 42 647 48 252 599 444 192 125 50
is_linear=0
shrinkage=0.05


Tree=42
num_leaves=31
num_cat=0
split_feature=13 16 16 10 12 9 12 9 14 13 53 18 9 17 53 46 45 53 11 9 14 13 46 9 11 44 45 16 10 0
split_gain=2.74886 1.4216 1.42061 1.62148 1.13714 1.0443 1.24469 1.5378 1.3573 1.13752 1.11723 1.31494 1.08855 1.47611 0.95028 0.860283 0.905978 0.861079 1.58908 0.782609 0.639646 0.642857 0.589534 0.512121 0.481395 1.40592 1.26572 0.481667 0.548461 0.460291
threshold=-0.48000000417232508 0.97999998927116405 0.85999998450279247 -9.1838188171386701 3.4457924365997319 0.13929094374179843 0.42898838222026831 1.0003445744514468 0.079166669398546233 -0.058000000193715089 0.42700000107288366 0.47367855906486517 0.23992150276899341 0.20833333581686023 -0.089499998837709413 0.33383333683013922 -8.0194168090820295 1.3529999852180483 0.076461058109998717 0.22836390882730487 0.33750000596046453 -1.0000000180025095e-35 -0.86783334612846363 0.21382781863212588 0.34478330612182623 -4.4999999999999991 0.32408332824707037 0.25999999791383749 -10.603566169738768 0.4200000017881394
decision_type=2 2 2 2 2 2 2 2 2 2 2 2 2 2 2 2 2 2 2 2 2 2 2 2 2 2 2 2 2 2
left_child=-1 2 5 4 -4 -2 7 8 29 22 11 -10 13 -11 19 16 -14 -18 -19 -6 21 -15 23 -8 -24 27 -27 28 -26 -7
right_child=1 -3 3 -5 14 6 9 -9 10 12 -12 -13 15 20 -16 -17 17 18 -20 -21 -22 -23 24 -25 25 26 -28 -29 -30 -31
leaf_value=-0.015416059976911395 -0.007408041880024252 -0.01919697304988453 -0.006984218629574857 0.019015392112672575 0.0048973737608266456 0.034761805310912171 0.051796041056556552 0.2451771843375429 0.014131639399874402 0.044049111115975814 0.027863572585136706 -0.0080575159588890822 0.30360989260410448 -0.0047584966864777159 -0.0010540515177828609 0.12520145413970149 -0.0086303713013166968 0.015999022059359838 -0.010687145426882483 0.039795197781816637 -0.014890950510176377 0.030322950543181293 -0.013415494238279427 -0.00076688668257639779 0.012335025956813937 0.00025966195707534921 0.030847720828921787 -0.043277410652181138 -0.0082038784493014359 -0.016647269458908032
leaf_weight=549 715 306 71 35 23 60 20 22 20 26 38 35 21 28 21 20 216 24 31 23 30 28 816 24 31 26 20 100 29 157
leaf_count=549 715 306 71 35 23 60 20 22 20 26 38 35 21 28 21 20 216 24 31 23 30 28 816 24 31 26 20 100 29 157
internal_value=-0.00138149 -0.000789126 -0.000424355 0.00395954 0.00152174 -0.000723296 -8.78168e-05 0.00268072 0.00177419 -0.000704699 0.00682796 0.00227273 0.00148585 0.00571428 0.00619403 -3.20525e-05 -0.000719179 -0.00149447 0.00409091 0.0102174 0.00255814 0.00571428 -0.00157599 0.00409091 -0.00181996 0.000339805 0.00804348 -0.001875 0.00166667 -0.000391706
internal_weight=3565 3016 2710 173 138 2537 1822 332 310 1490 93 55 424 112 67 312 292 271 55 46 86 56 1066 44 1022 206 46 160 60 217
internal_count=3565 3016 2710 173 138 2537 1822 332 310 1490 93 55 424 112 67 312 292 271 55 46 86 56 1066 44 1022 206 46 160 60 217
is_linear=0
shrinkage=0.05


Tree=43
num_leaves=31
num_cat=0
split_feature=2 14 9 10 27 9 46 12 17 37 53 27 37 46 9 14 9 51 16 10 28 26 10 9 9 0 9 36 4 11
split_gain=2.43849 1.33357 0.995546 1.82019 1.06328 2.14118 1.23901 1.20209 0.919209 0.850888 1.33636 0.847745 0.712662 0.672489 1.30864 0.646419 1.6516 0.779556 1.51741 0.631123 0.824725 1.19333 1.04395 0.611215 0.57013 1.10008 1.78571 1.17194 0.678788 0.54001
threshold=0.66999998688697826 0.39583334326744085 0.13791034370660785 -9.6888275146484357 -0.11789999902248381 0.19948085397481921 0.023500000126659874 0.41824625432491308 0.12500000372529033 -0.73469999432563771 0.42700000107288366 0.98820000886917125 -1.8173500299453733 -0.24883333593606946 0.20691534876823428 0.020833333954215053 0.21106000244617465 0.91699999570846569 0.21999999880790713 -9.2898387908935529 0.30614998936653143 0.93474999070167553 -9.0005626678466779 0.98854506015777599 0.19948085397481921 0.4200000017881394 0.31797766685485845 0.21990000456571582 0.1799999997019768 0.1010846607387066
decision_type=2 2 2 2 2 2 2 2 2 2 2 2 2 2 2 2 2 2 2 2 2 2 2 2 2 2 2 2 2 2
left_child=1 2 19 15 5 8 11 -7 -5 -10 -11 13 -8 14 -6 16 -4 -17 -19 -1 -21 22 -22 -2 29 26 28 -27 -26 -15
right_child=23 -3 3 4 6 7 12 -9 9 10 -12 -13 -14 24 -16 17 -18 18 -20 20 21 -23 -24 -25 25 27 -28 -29 -30 -31
leaf_value=-0.023928502734515657 -0.020455698849286354 -0.019152649534199328 -0.03798886232983021 0.023763245651914781 0.036933453062999562 0.067515366518437245 0.0049878559280530314 -0.0067372434506444423 0.018787330172356894 -0.0021642408537943152 0.016951118969500963 -0.015654521858384146 -0.0067093501594283449 -0.012286013781616681 -0.0001727199843583393 -0.011870595866341664 0.096629650274750484 0.013811872363955299 -0.00092498939282534471 -0.0035502796764258285 0.013702413844686415 -0.0066262407905969588 0.00059072619574800306 -0.0043143624852209185 -0.0031388240367777372 -0.028761301557268394 0.090044178998902824 0.018656981128134624 0.03147920190403812 0.01300200049023814
leaf_weight=362 679 224 23 21 36 22 31 112 21 55 33 55 173 53 29 782 24 34 110 291 31 35 26 105 22 75 21 27 20 33
leaf_count=362 679 224 23 21 36 22 31 112 21 55 33 55 173 53 29 782 24 34 110 291 31 35 26 105 22 75 21 27 20 33
internal_value=-0.00132539 -0.000631069 -0.000307002 0.000325606 0.00203218 0.00465909 0.000826086 0.000223879 0.00923077 0.00738532 0.00522727 0.00254717 -0.00230392 0.0035443 0.00807692 -0.00114594 0.00457447 -0.00143629 0.00194444 -0.00184564 -0.000430811 0.00369565 0.00815789 -0.00378827 0.00237052 0.00409091 0.00928571 0.000882352 0.00333333 -0.000930234
internal_weight=3565 2781 2557 1812 839 264 575 134 130 109 88 371 204 316 65 973 47 926 144 745 383 92 57 784 251 165 63 102 42 86
internal_count=3565 2781 2557 1812 839 264 575 134 130 109 88 371 204 316 65 973 47 926 144 745 383 92 57 784 251 165 63 102 42 86
is_linear=0
shrinkage=0.05


Tree=44
num_leaves=31
num_cat=0
split_feature=13 19 18 17 0 13 46 3 8 2 4 35 17 0 2 0 5 12 9 12 53 10 9 11 8 9 21 36 18 46
split_gain=2.88418 1.02274 1.07702 1.38288 1.00323 1.05459 1.66039 1.21788 1.06673 1.36693 2.27651 1.11248 0.992063 0.983478 0.988235 0.975192 1.48008 1.35271 1.44643 0.824369 1.07422 0.918553 1.34127 0.813075 0.733686 0.648214 0.595238 0.587121 0.573578 0.717747
threshold=-0.39000000059604639 1.0000000180025095e-35 0.69464683532714855 0.62500000000000011 0.1799999997019768 -0.10733333602547644 0.40199999511241918 0.3007341623306275 1.2333333492279055 0.5000000149011613 0.099999997764825835 -0.66550001502037037 0.20833333581686023 0.4200000017881394 0.30200000107288366 0.62000000476837169 1.0000000180025095e-35 0.36998786032199865 0.22242205590009692 4.2123167514801034 -0.089499998837709413 -9.2662262916564924 0.16439208388328555 0.47779008746147161 0.70000001788139354 0.14865106344223025 -0.39654999971389765 -0.039450000971555703 0.48570899665355688 0.18349999934434894
decision_type=2 2 2 2 2 2 2 2 2 2 2 2 2 2 2 2 2 2 2 2 2 2 2 2 2 2 2 2 2 2
left_child=-1 2 3 4 23 7 8 28 11 10 27 -7 -12 14 25 16 24 -18 -19 21 -21 -5 -23 -2 -9 -13 -14 -10 29 -6
right_child=1 -3 -4 19 5 6 -8 15 9 -11 12 13 26 -15 -16 -17 17 18 -20 20 -22 22 -24 -25 -26 -27 -28 -29 -30 -31
leaf_value=-0.013894238839062224 -0.0097007593165469239 -0.015506659436590346 -0.047634451333512247 -0.010884318756006508 0.00075129809324340645 -0.0067465875731363345 0.22230963654952546 0.005001726120838542 0.012708239664893678 -0.039695611079569572 0.054932569094053189 0.0013147003227327457 0.097590665956382494 -0.002048929058290795 0.035664964908179143 -0.027158283739670566 -0.0043828813068491831 0.039070266252914827 0.039495149683413923 0.025867402431220626 0.0012978218425931875 -5.3903539557838819e-05 0.029675631366397372 0.012672014996599514 -0.032057856248790081 -0.0012591087275540386 0.0064483677436169675 -0.01644386886175855 -0.024589059126290332 -0.025742467888460813
leaf_weight=894 434 212 198 71 291 84 22 42 24 28 30 20 21 215 35 102 23 28 28 36 35 42 21 20 39 64 21 31 370 84
leaf_count=894 434 212 198 71 291 84 22 42 24 28 30 20 21 215 35 102 23 28 28 36 35 42 21 20 39 64 21 31 370 84
internal_value=-0.00131136 -0.000488582 -0.000201303 0.000108358 -0.000282102 0.000305866 0.00197479 -0.00068024 0.00145724 0.005 0.00720472 0.000143539 0.0130556 0.00143712 0.00508403 0.00225191 0.0046875 0.00955696 0.01375 0.00402439 0.00838028 0.00171642 0.00611111 -0.00235683 -6.17296e-05 0.00214286 0.00809524 -0.000454547 -0.00171141 -0.000333335
internal_weight=3565 2671 2459 2261 2056 1602 595 1007 573 155 127 418 72 334 119 262 160 79 56 205 71 134 63 454 81 84 42 55 745 375
internal_count=3565 2671 2459 2261 2056 1602 595 1007 573 155 127 418 72 334 119 262 160 79 56 205 71 134 63 454 81 84 42 55 745 375
is_linear=0
shrinkage=0.05


Tree=45
num_leaves=31
num_cat=0
split_feature=13 14 13 56 44 56 0 2 13 9 51 13 2 0 26 20 46 0 14 14 0 44 2 22 14 14 51 0 53 8
split_gain=2.22558 1.09486 0.854902 0.980214 1.08701 0.916084 1.06293 0.780591 1.20239 3.41395 1.26316 0.972392 0.826394 1.16504 0.839337 0.741422 0.805263 0.688163 0.676816 1.36401 1.97232 2.48038 0.821001 0.725341 0.588274 0.979496 0.997605 0.664866 0.582728 1.0163
threshold=-0.48000000417232508 0.38750000298023229 -0.058000000193715089 0.38949999213218695 2.5000000000000004 0.61649999022483837 0.099999997764825835 0.43199999630451208 -0.32000000774860377 0.22005266696214679 -0.31749999523162836 -0.22000000625848767 0.58933332562446605 0.53999999165534984 -1.2692499756813047 0.19325000047683719 0.0065000001341104516 0.53999999165534984 0.070833336561918273 0.14583333581686023 0.21999999880790713 -4.4999999999999991 0.34999999403953558 0.020049999468028549 0.15416666865348819 0.12083333358168603 0.84999999403953563 0.58000001311302196 2.1480000019073491 1.1666666865348818
decision_type=2 2 2 2 2 2 2 2 2 2 2 2 2 2 2 2 2 2 2 2 2 2 2 2 2 2 2 2 2 2
left_child=-1 2 7 -4 5 6 -5 11 12 10 -10 -2 24 -14 -15 17 -17 -11 -13 20 -20 23 -21 -22 25 26 -9 -27 -7 -30
right_child=1 -3 3 4 -6 28 -8 8 9 15 -12 18 13 14 -16 16 -18 -19 19 22 21 -23 -24 -25 -26 27 -28 -29 29 -31
leaf_value=-0.012927763551157002 -0.046423291143041098 -0.015029103089376359 -0.002095276955151239 -0.0020974087213002823 0.15113399369914715 -0.0011419000028163014 0.024829503113837692 -0.020627802268541384 0.031350543448915698 0.055317561573260558 0.0093517000486895933 -0.03172832044146813 0.014148642069647104 0.021433769731371542 -0.012612473886716095 0.022984885998278706 -0.014996798238464511 -0.037077461649350031 -0.013158803072581 -0.005790973803315321 0.0081139843385662665 0.054911088418237469 0.0047008994323787454 -0.0075907910816772756 -0.035122033299238416 -0.0015102771604447378 0.0096074518172562448 0.018444273628586961 -0.01794950439918009 0.021550968657880306
leaf_weight=541 231 271 516 21 29 152 28 118 32 31 25 143 35 22 182 45 57 139 70 325 27 33 51 30 201 21 20 20 21 54
leaf_count=541 231 271 516 21 29 152 28 118 32 31 25 143 35 22 182 45 57 139 70 325 27 33 51 30 201 21 20 20 21 54
internal_value=-0.00140504 -0.000864408 -0.000558045 0.000785626 0.00303279 0.00206522 0.0082653 -0.00115178 -0.000147681 0.00229483 0.0134211 -0.0021978 -0.00144588 0.000857739 -0.000588236 -3.67659e-05 0.00333333 -0.00205882 -0.00124448 -0.000429106 0.0034375 0.00833333 -0.00207447 0.00201754 -0.00289474 -0.000810057 -0.00282609 0.00597561 0.000726871 0.00433333
internal_weight=3491 2950 2679 821 305 276 49 1858 948 329 57 910 619 239 204 272 102 170 679 536 160 90 376 57 380 179 138 41 227 75
internal_count=3491 2950 2679 821 305 276 49 1858 948 329 57 910 619 239 204 272 102 170 679 536 160 90 376 57 380 179 138 41 227 75
is_linear=0
shrinkage=0.05


Tree=46
num_leaves=31
num_cat=0
split_feature=13 14 13 56 21 3 27 44 28 18 18 11 46 18 8 46 28 16 10 14 14 18 0 16 22 9 2 0 11 9
split_gain=2.06732 1.07048 0.984465 1.07216 1.26238 1.03909 1.15318 1.15501 1.05729 0.964653 1.31259 1.2856 1.17174 1.09169 0.942308 0.62037 1.56278 0.580762 0.549146 0.537045 0.93044 1.7289 0.87189 0.57507 0.878592 0.937964 0.504795 1.0525 1.02286 0.788562
threshold=-0.48000000417232508 0.38750000298023229 -0.058000000193715089 0.38949999213218695 -0.40270000696182245 0.31211639940738684 -1.4057999849319456 -4.4999999999999991 -0.44089999794960016 0.25639365613460546 0.33404444158077246 0.070417430251836791 0.17000000178813937 0.39982716739177709 1.1000000238418581 -0.60433331131935109 -0.0071999998763203612 0.34000000357627874 -16.529744148254391 0.11250000074505807 0.14583333581686023 0.42442539334297186 0.58000001311302196 0.85999998450279247 -0.50674998760223378 0.26315090060234075 0.11800000444054605 0.49999998509883886 -0.16507472842931745 0.2982576191425324
decision_type=2 2 2 2 2 2 2 2 2 2 2 2 2 2 2 2 2 2 2 2 2 2 2 2 2 2 2 2 2 2
left_child=-1 2 5 18 -5 15 -7 -8 -9 -6 -11 12 13 -12 -15 16 -2 -10 -4 -17 21 -21 -23 -22 -25 -26 -20 28 -28 -30
right_child=1 -3 3 4 9 6 7 8 17 10 11 -13 -14 14 -16 19 -18 -19 26 20 23 22 -24 24 25 -27 27 -29 29 -31
leaf_value=-0.012281375373599152 0.012469404371494332 -0.014277647934907543 0.067490349190355237 0.033243853594073322 -0.0054385947753376948 0.0063752798715932847 -0.0058990487531992257 0.024459833934528094 0.070431059159944562 0.10266743169419201 -0.0034587420559062387 -0.011340097845219157 -0.0075292600010808623 0.0021154027938936398 0.03081152624805393 -0.024633084311280154 -0.016031100015580124 -0.022742905888626878 -0.017137381838935175 0.036611757227860149 -0.01381445614393869 -0.012031126606095446 0.013832529688453964 -0.0041169266174235723 -0.0008524854217077161 0.038771640122289737 -0.036302783141873032 -0.0083841694580621441 0.0020230006441562735 0.075440623052944966
leaf_weight=541 21 271 26 27 51 34 338 23 38 30 21 91 33 26 26 372 71 20 103 36 711 69 33 42 29 21 31 233 73 50
leaf_count=541 21 271 26 27 51 34 338 23 38 30 21 91 33 26 26 372 71 20 103 36 711 69 33 42 29 21 31 233 73 50
internal_value=-0.00141937 -0.000898306 -0.000595373 0.000846527 0.00319672 -0.00123251 0.000849888 0.000131264 0.00549383 0.00219424 0.00359031 0.0021066 0.00584906 0.00938356 0.0132692 -0.00190392 0.00206522 0.00189655 -0.000542637 -0.00218203 -0.00154623 0.00224638 -0.00107843 -0.00219801 0.00152174 0.006 -0.000918369 -9.04405e-05 0.00311688 0.0051626
internal_weight=3491 2950 2679 821 305 1858 453 419 81 278 227 197 106 73 52 1405 92 58 516 1313 941 138 102 803 92 50 490 387 154 123
internal_count=3491 2950 2679 821 305 1858 453 419 81 278 227 197 106 73 52 1405 92 58 516 1313 941 138 102 803 92 50 490 387 154 123
is_linear=0
shrinkage=0.05


Tree=47
num_leaves=31
num_cat=0
split_feature=44 14 3 51 11 44 12 26 12 18 16 4 0 13 2 12 17 47 51 36 0 26 9 4 2 13 9 12 11 22
split_gain=2.10242 1.10871 0.784605 1.16959 1.0756 0.776168 1.4344 0.833402 0.607821 1.24468 0.681665 0.603135 0.772416 0.885519 1.30052 1.26481 1.13237 1.12756 1.37592 1.10842 1.29266 1.11364 0.949536 1.63929 0.585352 0.910726 1.84152 0.499322 0.9 0.455595
threshold=-12.499999999999998 0.38750000298023229 0.49050766229629522 -1.0414999723434446 -0.053536498919129365 1.0000000180025095e-35 0.38265395164489752 9.1777496337890643 3.9313857555389409 0.3458030372858048 0.34000000357627874 0.78000000119209301 0.1799999997019768 -0.2357777804136276 0.58933332562446605 0.51467344164848339 0.20833333581686023 0.40536023676395422 -0.81749999523162831 0.7069000005722047 0.29999999701976782 0.58774998784065258 0.11450986936688425 0.099999997764825835 0.43199999630451208 -0.31577777862548823 0.2025590315461159 5.5756051540374765 0.44447672367095953 1.2017999887466433
decision_type=2 2 2 2 2 2 2 2 2 2 2 2 2 2 2 2 2 2 2 2 2 2 2 2 2 2 2 2 2 2
left_child=-1 2 5 -4 -5 7 -7 11 29 -10 -11 12 -2 14 24 16 17 -16 -19 22 -21 -22 23 -15 -14 -26 -27 -24 -29 -8
right_child=1 -3 3 4 -6 6 8 -9 9 10 -12 -13 13 19 15 -17 -18 18 -20 20 21 -23 27 -25 25 26 -28 28 -30 -31
leaf_value=-0.011880684159131719 -0.009325619942844799 -0.013556469005857559 -0.040017445021475091 0.015121641354086349 0.003409109745333181 0.074465819534970362 -0.0079048437893676424 0.030218332173055962 0.21779890367694388 -0.020368248150182899 0.034680213356435834 -0.019034477694015429 -0.045801172882581613 -0.00064791290988183822 -0.00021919231956866406 -0.0084057655682124484 -0.0084449475715495242 0.011570557978574659 0.021162197970158881 -0.0022516885548447864 0.019821882108581265 0.053845987605980229 -0.001231712494516559 0.022078102074814261 -0.020119243657474091 0.012588008375820445 -0.014197491789809467 0.028628969208246674 -0.0012129633640360496 0.011106673780807942
leaf_weight=641 384 257 24 20 37 38 111 22 21 52 31 182 200 43 20 143 38 23 21 29 22 22 614 27 297 27 85 20 20 20
leaf_count=641 384 257 24 20 37 38 111 22 21 52 31 182 200 43 20 143 38 23 21 29 22 22 614 27 297 27 85 20 20 20
internal_value=-0.00147666 -0.000894738 -0.000584267 0.00425926 0.00815789 -0.000740447 0.00177656 -0.00104734 0.000319148 0.00317308 0.000421686 -0.00114344 -0.000896807 -0.000427015 -0.00154567 0.00153061 0.00578431 0.00984375 0.0143182 0.000771642 0.00664383 0.0120455 0.000179557 0.00571428 -0.00278325 -0.00169927 0.00214286 -0.000412845 0.005 -0.00194657
internal_weight=3491 2850 2593 81 57 2512 273 2239 235 104 83 2217 2035 1651 854 245 102 64 44 797 73 44 724 70 609 409 112 654 40 131
internal_count=3491 2850 2593 81 57 2512 273 2239 235 104 83 2217 2035 1651 854 245 102 64 44 797 73 44 724 70 609 409 112 654 40 131
is_linear=0
shrinkage=0.05


Tree=48
num_leaves=31
num_cat=0
split_feature=13 14 46 45 17 11 47 13 9 46 9 14 14 5 4 2 13 2 21 10 6 46 27 21 3 0 11 14 11 13
split_gain=1.87313 0.89644 0.527005 0.885644 0.982581 0.952637 1.09633 0.752789 1.14625 1.18066 0.508411 0.802441 0.636715 0.537521 0.450572 0.60249 1.65814 1.07348 1.07219 0.792616 0.61667 0.802983 1.13544 1.15237 1.47218 0.8706 0.653031 0.646154 0.610677 0.853863
threshold=-0.48000000417232508 0.38750000298023229 -0.25883333384990687 -0.69091665744781483 1.0000000180025095e-35 -0.072759922593832002 0.53037387132644664 0.041999999433755882 0.18978983908891681 0.25949999690055853 0.64165055751800548 0.24583332985639575 0.020833333954215053 0.32500000298023229 0.71999999880790722 0.27400000393390661 -0.21200000494718549 0.5000000149011613 1.2216500043869021 -9.2148423194885236 0.40000000596046453 0.014833332970738413 0.28000000119209295 0.0057000000961124906 0.23068684339523318 0.38000001013278967 0.32828231155872351 0.13750000298023227 -0.023261005058884617 -0.34733332693576807
decision_type=2 2 2 2 2 2 2 2 2 2 2 2 2 2 2 2 2 2 2 2 2 2 2 2 2 2 2 2 2 2
left_child=-1 2 3 -2 -5 6 -6 14 -9 10 -10 12 13 -12 15 -4 17 -17 20 28 -18 22 23 24 27 -26 -23 -22 -19 -30
right_child=1 -3 7 4 5 -7 -8 8 9 -11 11 -13 -14 -15 -16 16 18 19 -20 -21 21 26 -24 -25 25 -27 -28 -29 29 -31
leaf_value=-0.010867834365404012 -0.020600099331100505 -0.012885942087869287 -0.0048005373337827112 0.021855697701154204 -0.00053040775352906694 -0.00030119161218968748 0.0060860119263508299 0.017003682788151571 -0.017306891246756214 0.2062838862601773 -0.0073899032093190349 0.2131766822280049 -0.033807488516054689 0.15222949409466888 -0.044695010115806871 -0.032817245281940612 -0.0089192134461651921 -0.020701537078097194 0.032896898627367804 0.025647444919932469 0.034663641695758182 -0.0061133743801047953 -0.0014226726062910909 0.044277241903190677 0.047370662219787175 0.081538203152516142 0.017026162102332893 -0.0043422251081297429 -0.0091725867651622408 0.0089837186445603547
leaf_weight=541 113 271 673 23 23 177 29 24 85 21 52 30 66 21 88 304 102 140 23 34 30 97 34 26 25 21 20 35 253 110
leaf_count=541 113 271 673 23 23 177 29 24 85 21 52 30 66 21 88 304 102 140 23 34 30 97 34 26 25 21 20 35 253 110
internal_value=-0.00164853 -0.00115254 -0.000875328 0.00089041 0.00253968 0.00155022 0.0075 -0.00115385 0.00118729 0.000272726 -0.000669293 0.000917159 -0.000683454 0.00253425 -0.00150124 -0.00134146 -0.000693781 -0.0019679 0.00190073 -0.000623837 0.00128205 0.00246528 0.00464912 0.00667883 0.00445946 0.0113043 -0.000726497 -0.000384617 -0.00112326 -4.13235e-05
internal_weight=3491 2950 2679 365 252 229 52 2314 299 275 254 169 139 73 2015 1927 1254 841 413 537 390 288 171 137 111 46 117 65 503 363
internal_count=3491 2950 2679 365 252 229 52 2314 299 275 254 169 139 73 2015 1927 1254 841 413 537 390 288 171 137 111 46 117 65 503 363
is_linear=0
shrinkage=0.05


Tree=49
num_leaves=31
num_cat=0
split_feature=44 18 46 9 22 28 21 8 44 14 36 14 14 14 18 44 35 18 44 21 10 14 14 35 35 18 21 35 5 9
split_gain=1.76776 0.844787 0.706599 1.17732 1.22801 1.75667 1.5532 1.04053 0.749821 2.62422 0.646065 0.420419 0.416581 1.98533 1.91239 1.30261 1.02821 0.824197 0.799762 0.991311 0.649414 0.516027 1.31026 1.10266 1.05997 0.533908 0.747347 0.504265 0.594532 0.500567
threshold=-12.499999999999998 0.61788889765739452 -0.25883333384990687 0.099314019083976759 -0.88615000247955311 -0.068999998271465288 0.56994998455047619 0.76666668057441723 84.500000000000014 0.037500001490116126 -0.72114998102188099 0.23749999701976779 0.11250000074505807 0.14583333581686023 0.43568253517150884 -7.4999999999999991 0.41750000417232519 0.4271851927042008 -6.4999999999999991 1.2216500043869021 -8.468958377838133 0.32916666567325598 0.28749999403953558 -1.1140000224113462 0.048750000074505813 0.51239523291587841 -0.1264499947428703 1.0924999713897707 0.075000001117587103 0.43975645303726202
decision_type=2 2 2 2 2 2 2 2 2 2 2 2 2 2 2 2 2 2 2 2 2 2 2 2 2 2 2 2 2 2
left_child=-1 2 3 -2 -5 7 10 -6 12 -10 -7 -11 20 14 16 -16 -14 -15 -19 21 27 22 -20 -24 -25 26 -23 -4 -29 -22
right_child=1 -3 8 4 5 6 -8 -9 9 11 -12 -13 13 17 15 -17 -18 18 19 -21 29 25 23 24 -26 -27 -28 28 -30 -31
leaf_value=-0.010324443777221925 -0.015881260808602918 -0.019410983149133768 -0.024488889155707287 -0.011611409720634205 0.018314036509807757 0.004162510871242176 0.018198190685515193 0.014279783934337415 0.19596971353310805 -0.092914488799097805 -0.0018622882678738088 0.19625011853066271 0.029073423619771124 -0.0055224267222398369 0.018475113450741789 -0.021689245327425027 0.010225162710534421 -0.016892754841694297 -0.0025465840789753325 0.026401565376607924 0.0077613582265812471 0.006101204211126296 0.029612297558184633 -0.0034833368893535258 0.039233615803147451 -0.0073738052690032162 -0.0069406142425234504 0.010606816967922886 -0.0073046776896231735 -0.03269666310816309
leaf_weight=641 71 422 308 59 29 39 20 21 21 48 82 21 37 486 31 53 24 324 243 37 83 29 25 41 35 101 23 20 46 71
leaf_count=641 71 422 308 59 29 39 20 21 21 48 82 21 37 486 31 53 24 324 243 37 83 29 25 41 35 101 23 20 46 71
internal_value=-0.00169149 -0.0011579 -0.000799013 0.00138629 0.003 0.00494764 0.0020922 0.013 -0.00113194 0.00333333 -4.13235e-05 -0.00137681 -0.00133119 -0.000903292 0.00465517 -0.000238096 0.0113934 -0.00150298 -0.000571097 0.000617976 -0.00253788 3.01799e-05 0.00110465 0.00589109 0.00289474 -0.00238562 0.00173077 -0.0036631 0.000303029 0.000194804
internal_weight=3491 2850 2428 321 250 191 141 50 2107 90 121 69 2017 1489 145 84 61 1344 858 534 528 497 344 101 76 153 52 374 66 154
internal_count=3491 2850 2428 321 250 191 141 50 2107 90 121 69 2017 1489 145 84 61 1344 858 534 528 497 344 101 76 153 52 374 66 154
is_linear=0
shrinkage=0.05


Tree=50
num_leaves=31
num_cat=0
split_feature=44 16 16 10 51 18 17 56 44 0 18 18 45 45 45 3 0 36 26 0 10 56 44 21 45 36 18 26 46 18
split_gain=1.83848 0.777287 1.92418 2.74967 0.819195 1.02787 0.734785 0.83605 0.75801 1.80567 1.43711 1.73804 0.977521 0.640652 0.954473 0.80501 0.86239 0.705764 0.599003 0.520968 0.70624 0.835333 1.31427 0.822034 0.708921 0.842977 0.59247 0.456808 0.450307 0.411394
threshold=-12.499999999999998 0.97999998927116405 0.85999998450279247 -9.1838188171386701 0.67149999737739574 0.67537221312522899 0.54166665673255932 0.98699998855590831 -5.4999999999999991 0.13999999687075618 0.46396824717521673 0.39782011508941656 0.45174999535083776 0.51783332228660595 0.96824997663497936 0.23068684339523318 0.25999999791383749 0.32745000720024114 0.1357500031590462 0.38000001013278967 -9.675618648529051 -0.42700000107288355 -6.4999999999999991 1.9380500316619875 -0.41650000214576716 -0.18050000071525571 0.27511110901832586 -0.71924999356269825 -0.60433331131935109 0.51239523291587841
decision_type=2 2 2 2 2 2 2 2 2 2 2 2 2 2 2 2 2 2 2 2 2 2 2 2 2 2 2 2 2 2
left_child=-1 2 4 18 19 6 7 8 12 -10 11 -11 -6 -9 15 16 17 -15 27 28 23 22 24 -21 -22 -26 -23 -4 -2 -3
right_child=1 29 3 -5 5 -7 -8 13 9 10 -12 -13 -14 14 -16 -17 -18 -19 -20 20 21 26 -24 -25 25 -27 -28 -29 -30 -31
leaf_value=-0.013019597117691385 0.00096674516454282834 0.00082602487392212246 0.015561179188148092 0.014071248985674904 -0.016916437192387355 0.012757052463054126 -0.0046725911616053032 -0.0055148040980361607 -0.0050515903567179702 0.021323248263201637 0.029484240895085431 0.015021111681424577 0.013450806797397453 0.0068198031809728332 -0.0058360028011208397 -0.0011797073739573634 0.040455869042936549 -0.01287312130110509 0.011932389867246474 -0.010515899660509927 -0.04128132605309897 0.011189919904897186 0.052167290707743508 0.048948926287960631 -0.0051300483296691582 0.012243844619109214 -0.011390128948150316 -0.015377090363206959 -0.01409339103196626 -0.016009563864593342
leaf_weight=620 31 39 68 34 58 22 116 90 61 21 32 20 23 35 153 49 39 22 27 659 31 21 34 32 26 20 167 49 634 272
leaf_count=620 31 39 68 34 58 22 116 90 61 21 32 20 23 35 153 49 39 22 27 659 31 21 34 32 26 20 167 49 634 272
internal_value=-0.00156206 -0.0010312 -0.000745922 0.00426966 -0.00111853 0.000263157 -6.25881e-05 0.000638473 0.00313953 0.00544776 0.0107534 0.0169512 -0.000679014 -0.000747424 0.000369126 0.00327586 0.0059375 0.00201754 0.00125 -0.00173716 -0.0010101 0.00102007 0.00445946 -0.00188857 0.000844155 0.00478261 -0.00101064 -0.000299146 -0.00281955 -0.00339228
internal_weight=3505 2885 2574 178 2396 741 719 603 215 134 73 41 81 388 298 145 96 57 144 1655 990 299 111 691 77 46 188 117 665 311
internal_count=3505 2885 2574 178 2396 741 719 603 215 134 73 41 81 388 298 145 96 57 144 1655 990 299 111 691 77 46 188 117 665 311
is_linear=0
shrinkage=0.05


Tree=51
num_leaves=31
num_cat=0
split_feature=13 14 10 28 4 51 20 46 14 16 3 13 37 47 17 47 50 9 44 3 37 13 9 46 28 35 35 13 2 10
split_gain=1.88734 1.12033 0.816773 1.08685 1.16871 1.0559 0.994737 0.909774 0.730975 1.16498 0.938543 0.684075 0.556972 0.624026 0.548279 1.08777 1.00087 0.526611 0.513273 0.501465 0.743372 0.484848 0.933333 0.465878 0.805445 0.724153 1.08333 0.425363 0.731005 1.04505
threshold=-0.3599999994039535 0.35416665673255926 -9.2898387908935529 0.070049997419118895 0.25999999791383749 -0.798000007867813 0.32825000584125524 -0.22350000590085981 0.31250000000000006 0.29999999701976782 0.29734541475772863 -0.08485714346170424 1.1039499640464785 0.95805957913398754 0.62500000000000011 0.34527197480201727 1.0000000180025095e-35 0.24177820235490802 1.0000000180025095e-35 0.242978610098362 -0.23089999705553052 -0.12199999764561652 0.22836390882730487 -0.25166666507720942 0.011650000233203174 -0.88975000381469715 -0.19974999874830243 -0.54000002145767201 0.58933332562446605 -9.4207630157470685
decision_type=2 2 2 2 2 2 2 2 2 2 2 2 2 2 2 2 2 2 2 2 2 2 2 2 2 2 2 2 2 2
left_child=27 2 8 5 6 -4 7 -5 14 10 -10 -8 13 -13 23 16 -16 -11 19 -7 -21 22 -17 24 25 -2 -27 -1 -29 -30
right_child=1 -3 3 4 -6 18 11 -9 9 17 -12 12 -14 -15 15 21 -18 -19 -20 20 -22 -23 -24 -25 -26 26 -28 28 29 -31
leaf_value=-0.010037527863070989 -0.0066007175600042408 -0.0085784900504401601 0.010936391590403098 0.025412524532256332 0.03269637654809595 -0.0055694312473608051 -0.012743275867851362 0.0036395952037251095 0.073843541268248394 0.0033454019325207572 0.073109641948888901 0.0014866253122224353 0.01654949945789241 -0.0027796223714249132 -0.0066679741263986 -0.0074612669507637926 0.021326481429173243 -0.01848723527202786 0.068389740400195659 0.020484373558861863 -0.00011338737770268857 -0.016891586674618597 0.031465787116869072 -0.0075119282085884254 -0.017379853501010716 0.019628435783334432 0.0012940582818200175 -0.019742064797003682 -0.0096468263565046893 0.023057293525081089
leaf_weight=430 33 425 34 21 23 312 54 36 31 21 29 20 24 35 20 28 22 47 28 20 148 50 32 886 67 25 27 294 252 31
leaf_count=430 33 425 34 21 23 312 54 36 31 21 29 20 24 35 20 28 22 47 28 20 148 50 32 886 67 25 27 294 252 31
internal_value=-0.00163338 -0.000896719 -0.000417271 0.000894039 0.00392019 -0.000295204 0.00263158 0.00815789 -0.00116844 0.00242187 0.0075 0.000263157 0.00322785 0.000454544 -0.00155462 0.00125 0.00809524 -0.00205882 -0.000866143 -0.00125 0.00095238 -0.00136364 0.00166667 -0.00196532 0.000592104 0.00382353 0.0075 -0.00346078 -0.00257366 -0.000759719
internal_weight=3505 2498 2073 755 213 542 190 57 1318 128 60 133 79 55 1190 152 42 68 508 480 168 110 60 1038 152 85 52 1007 577 283
internal_count=3505 2498 2073 755 213 542 190 57 1318 128 60 133 79 55 1190 152 42 68 508 480 168 110 60 1038 152 85 52 1007 577 283
is_linear=0
shrinkage=0.05


end of trees

feature_importances:
Column_13=176
Column_9=117
Column_14=93
Column_0=81
Column_44=81
Column_10=72
Column_18=67
Column_16=63
Column_51=54
Column_53=54
Column_12=53
Column_11=50
Column_46=49
Column_2=48
Column_47=38
Column_3=37
Column_8=35
Column_45=33
Column_27=32
Column_4=30
Column_56=30
Column_26=29
Column_21=26
Column_37=25
Column_36=24
Column_20=23
Column_35=23
Column_17=21
Column_28=21
Column_19=17
Column_5=16
Column_22=14
Column_6=11
Column_49=6
Column_50=5
Column_48=3
Column_1=1
Column_7=1
Column_15=1

parameters:
[boosting: gbdt]
[objective: quantile]
[metric: quantile]
[tree_learner: serial]
[device_type: cpu]
[data_sample_strategy: bagging]
[data: ]
[valid: ]
[num_iterations: 300]
[learning_rate: 0.05]
[num_leaves: 31]
[num_threads: 0]
[seed: 42]
[deterministic: 0]
[force_col_wise: 0]
[force_row_wise: 0]
[histogram_pool_size: -1]
[max_depth: -1]
[min_data_in_leaf: 20]
[min_sum_hessian_in_leaf: 0.001]
[bagging_fraction: 0.8]
[pos_bagging_fraction: 1]
[neg_bagging_fraction: 1]
[bagging_freq: 5]
[bagging_seed: 400]
[bagging_by_query: 0]
[feature_fraction: 0.8]
[feature_fraction_bynode: 1]
[feature_fraction_seed: 30056]
[extra_trees: 0]
[extra_seed: 12879]
[early_stopping_round: 0]
[early_stopping_min_delta: 0]
[first_metric_only: 0]
[max_delta_step: 0]
[lambda_l1: 0]
[lambda_l2: 0]
[linear_lambda: 0]
[min_gain_to_split: 0]
[drop_rate: 0.1]
[max_drop: 50]
[skip_drop: 0.5]
[xgboost_dart_mode: 0]
[uniform_drop: 0]
[drop_seed: 17869]
[top_rate: 0.2]
[other_rate: 0.1]
[min_data_per_group: 100]
[max_cat_threshold: 32]
[cat_l2: 10]
[cat_smooth: 10]
[max_cat_to_onehot: 4]
[top_k: 20]
[monotone_constraints: ]
[monotone_constraints_method: basic]
[monotone_penalty: 0]
[feature_contri: ]
[forcedsplits_filename: ]
[refit_decay_rate: 0.9]
[cegb_tradeoff: 1]
[cegb_penalty_split: 0]
[cegb_penalty_feature_lazy: ]
[cegb_penalty_feature_coupled: ]
[path_smooth: 0]
[interaction_constraints: ]
[verbosity: 1]
[saved_feature_importance_type: 0]
[use_quantized_grad: 0]
[num_grad_quant_bins: 4]
[quant_train_renew_leaf: 0]
[stochastic_rounding: 1]
[linear_tree: 0]
[max_bin: 255]
[max_bin_by_feature: ]
[min_data_in_bin: 3]
[bin_construct_sample_cnt: 200000]
[data_random_seed: 175]
[is_enable_sparse: 1]
[enable_bundle: 1]
[use_missing: 1]
[zero_as_missing: 0]
[feature_pre_filter: 1]
[pre_partition: 0]
[two_round: 0]
[header: 0]
[label_column: ]
[weight_column: ]
[group_column: ]
[ignore_column: ]
[categorical_feature: ]
[forcedbins_filename: ]
[precise_float_parser: 0]
[parser_config_file: ]
[objective_seed: 16083]
[num_class: 1]
[is_unbalance: 0]
[scale_pos_weight: 1]
[sigmoid: 1]
[boost_from_average: 1]
[reg_sqrt: 0]
[alpha: 0.9]
[fair_c: 1]
[poisson_max_delta_step: 0.7]
[tweedie_variance_power: 1.5]
[lambdarank_truncation_level: 30]
[lambdarank_norm: 1]
[label_gain: ]
[lambdarank_position_bias_regularization: 0]
[eval_at: ]
[multi_error_top_k: 1]
[auc_mu_weights: ]
[num_machines: 1]
[local_listen_port: 12400]
[time_out: 120]
[machine_list_filename: ]
[machines: ]
[gpu_platform_id: -1]
[gpu_device_id: -1]
[gpu_use_dp: 0]
[num_gpu: 1]

end of parameters

pandas_categorical:null
