tree
version=v4
num_class=1
num_tree_per_iteration=1
label_index=0
max_feature_idx=58
objective=quantile
feature_names=Column_0 Column_1 Column_2 Column_3 Column_4 Column_5 Column_6 Column_7 Column_8 Column_9 Column_10 Column_11 Column_12 Column_13 Column_14 Column_15 Column_16 Column_17 Column_18 Column_19 Column_20 Column_21 Column_22 Column_23 Column_24 Column_25 Column_26 Column_27 Column_28 Column_29 Column_30 Column_31 Column_32 Column_33 Column_34 Column_35 Column_36 Column_37 Column_38 Column_39 Column_40 Column_41 Column_42 Column_43 Column_44 Column_45 Column_46 Column_47 Column_48 Column_49 Column_50 Column_51 Column_52 Column_53 Column_54 Column_55 Column_56 Column_57 Column_58
feature_infos=[0.039999999105930328:1.6000000238418579] [0.05000000074505806:0.5] [0.059999998658895493:1.5199999809265137] [0:0.54119211435317993] [0.039999999105930328:1.440000057220459] [0:0.55000001192092896] [0:1] [0:1] [0:2.2666666507720947] [0.039999999105930328:4] [-18.734375:0] [-9.6899995803833008:11.46875] [0:7.6152467727661133] [-1.1066666841506958:3.940000057220459] [0:0.43333333730697632] [0:0.93333333730697632] [0.039999999105930328:1.6000000238418579] [0:0.66666668653488159] [0.18190476298332214:0.91288888454437256] [0:1] [-22.531000137329102:28.888999938964844] [-22.531000137329102:27.158000946044922] [-21.007600784301758:24.503599166870117] none none none [-22.115999221801758:21.5] [-22.115999221801758:21.5] [-16.012399673461914:18.616399765014648] none none none none none none [-17.592500686645508:21.677499771118164] [-11.965999603271484:17.982999801635742] [-14.043000221252441:16.086200714111328] none none none none none none [-30:99] [-9.4589996337890625:7.7718334197998047] [-6.0539999008178711:9.0223331451416016] [0:16.470409393310547] [0:1] [0:5] [0:5] [-37.666000366210938:30.954999923706055] none [-28.121999740600586:23.117000579833984] none none [-28.14900016784668:23.379999160766602] none none
tree_sizes=2802 2855 2830 2851 2853 2847 2847 2851 2845 2849 2868 2873 2853 2864 2868 2839 2870 2853 2865 2858 2874 2889 2862 2851 2876 2874 2881 2872 2876 2872 2880 2876 2867 2862 2901 2861 2874 2868 2871 2875 2864 2868 2847 2885 2862 2858 2849 2878 2873 2868 2855 2863 2879 2900 2866 2865 2860 2852 2894 2862 2855 2884 2874 2889 2845 2870 2862 2859 2877 2878 2860 2867 2849 2845 2851 2861 2852 2854 2870 2858 2874 2858 2878 2889 2876 2849 2843 2873 2832 2868 2855 2878 2864 2871 2872 2839 2874 2854 2854 2874 2879 2840 2868 2879 2841 2869 2875 2863 2869 2833 2863 2866 2875 2848 2827 2848 2854 2907 2906 2862 2841 2864 2858 2865 2858 2882 2872 2877 2877 2854 2861 2869 2828 2856 2830 2900 2870 2864 2857 2890 2848 2879 2867 2843 2850 2879 2866 2835 2823 2873 2860 2824

Tree=0
num_leaves=31
num_cat=0
split_feature=13 10 16 13 9 51 14 16 18 13 18 13 44 2 44 16 10 18 18 16 9 5 47 9 51 56 8 12 16 16
split_gain=163.324 54.9749 20.7882 16.1414 11.0003 11.3532 9.89011 7.65269 7.0287 6.8039 5.66782 5.31498 5.30196 4.99466 7.41168 4.4855 5.34313 3.32082 3.29532 3.2419 3.04439 3.04003 2.8853 3.06556 4.13169 4.31965 3.6176 2.98481 2.61333 2.60909
threshold=-0.22000000625848767 -14.067451000213621 0.97999998927116405 -0.42933334410190577 1.0003445744514468 0.55099999904632579 0.13750000298023227 0.21999999880790713 0.51588761806488048 0.062000000849366195 0.44940739870071417 -0.14111111313104627 -4.4999999999999991 0.43199999630451208 -6.4999999999999991 0.85999998450279247 -13.240767955780028 0.75272428989410411 0.60981348156929027 0.34000000357627874 0.15999624133110049 0.52500000596046459 3.3953100442886357 0.71152815222740184 -0.53299999237060536 -0.64149999618530262 1.3666666746139529 0.45598541200160986 0.1799999997019768 0.21999999880790713
decision_type=2 2 2 2 2 2 2 2 2 2 2 2 2 2 2 2 2 2 2 2 2 2 2 2 2 2 2 2 2 2
left_child=1 6 4 -3 5 15 29 10 -4 -10 -5 12 -7 -9 19 16 -2 -11 21 -15 -12 -16 23 24 25 26 -18 -26 -22 -1
right_child=2 3 8 7 -6 11 -8 13 9 17 20 -13 -14 14 18 -17 22 -19 -20 -21 28 -23 -24 -25 27 -27 -28 -29 -30 -31
leaf_value=-0.04179999977350235 -0.04179999977350235 -0.19957499653100969 -0.032649999856948851 -0.031175000220537187 0.34820000976324084 -0.055400000512599946 -0.1263499990105629 -0.11764999777078629 -0.064525000005960467 -0.060199999809265138 -0.085124999284744263 0.028549997508525854 0.0042500004172325162 -0.078125 0.01302500218153 0.061549995839595806 -0.038324999809265139 0.069550000131130219 -0.13369999974966051 -0.15345000177621843 -0.04179999977350235 -0.057799999415874478 -0.059350000321865083 -0.11250000149011612 -0.025149999558925627 -0.060450000315904619 0.01427499800920487 -0.034349999576807025 -0.085625000298023224 -0.04179999977350235
leaf_weight=96 91 620 62 40 169 51 40 163 146 24 32 448 85 224 36 69 128 22 20 159 20 32 31 35 161 92 44 209 30 86
leaf_count=96 91 620 62 40 169 51 40 163 146 24 32 448 85 224 36 69 128 22 20 159 20 32 31 35 161 92 44 209 30 86
internal_value=-0.0440938 -0.0558273 -0.0340509 -0.0595523 -0.0319572 -0.0333698 -0.0327387 -0.0546481 -0.0473465 -0.0520729 -0.0431803 -0.0279897 -0.0366471 -0.0568549 -0.0542442 -0.0370233 -0.0380898 -0.0353043 -0.0411591 -0.0572507 -0.0507073 -0.0359118 -0.0395714 -0.0388804 -0.0380852 -0.0428636 -0.038186 -0.0346757 -0.043 -0.0277912
internal_weight=3465 1598 1867 1376 1613 1444 222 756 254 192 122 584 136 634 471 860 791 46 88 383 82 68 700 669 634 264 172 370 50 182
internal_count=3465 1598 1867 1376 1613 1444 222 756 254 192 122 584 136 634 471 860 791 46 88 383 82 68 700 669 634 264 172 370 50 182
is_linear=0
shrinkage=1


Tree=1
num_leaves=31
num_cat=0
split_feature=13 47 16 13 16 53 45 16 13 47 9 16 4 16 44 13 0 14 47 14 9 13 4 13 14 13 3 11 8 0
split_gain=123.974 47.0512 18.2053 16.1397 14.2099 7.74409 7.80133 6.5991 6.21004 5.69533 4.84817 4.38374 4.37942 3.90663 4.33143 3.78122 3.16143 3.57974 3.31146 5.13347 3.91086 3.59088 3.38242 4.48017 2.95031 2.81482 2.90122 2.8136 2.70803 2.63848
threshold=-0.22000000625848767 1.0000000180025095e-35 0.29999999701976782 -0.42933334410190577 0.97999998927116405 0.23499999940395358 -1.9568333625793455 0.38000001013278967 0.056888889521360404 3.8587198257446294 1.4782800078392031 1.1800000071525576 0.21999999880790713 0.21999999880790713 -9.4999999999999982 -0.081999998539686189 0.74000000953674328 0.40416666865348821 0.18318676203489306 0.31250000000000006 1.0400360226631167 -0.006000000284984707 0.099999997764825835 -0.17199999839067456 0.045833334326744087 -0.29199999570846552 0.3007341623306275 0.060744781047105796 0.76666668057441723 0.45999999344348913
decision_type=2 2 2 2 2 2 2 2 2 2 2 2 2 2 2 2 2 2 2 2 2 2 2 2 2 2 2 2 2 2
left_child=1 2 -1 -3 5 6 -2 12 11 15 16 -6 -5 27 -15 -7 17 18 20 21 29 22 -20 28 -17 26 -16 -14 -24 -8
right_child=4 3 -4 7 8 9 10 -9 -10 -11 -12 -13 13 14 25 24 -18 -19 19 -21 -22 -23 23 -25 -26 -27 -28 -29 -30 -31
leaf_value=0.0020899999886751174 0.76758998997509487 -0.144171247407794 -0.19951000325381757 -0.050767500922083854 -0.0022174999862909317 0.037880000993609435 0.0058674998208880433 -0.10841750077903273 0.016907500028610228 -0.0041825003176927571 -0.017410000488162044 -0.030223751477897166 -0.013404999915510417 -0.056193751096725468 -0.044330624602735041 -8.4999948740005669e-05 -0.011233750581741335 -0.0046825001388788225 -0.0084425003081560132 0.061517498977482321 -0.017410000488162044 0.038475000336766242 0.0028899999801069499 0.041806249395012859 0.068922500386834146 0.010719375014305116 0.0028899999707937239 0.0033949999976903202 -0.026833749413490295 0.0012574999779462815
leaf_weight=182 58 617 41 51 105 248 163 199 66 53 41 83 62 147 114 22 79 42 125 79 28 59 36 102 366 80 61 44 39 73
leaf_count=182 58 617 41 51 105 248 163 199 66 53 41 83 62 147 114 22 79 42 125 79 28 59 36 102 366 80 61 44 39 73
internal_value=-0.0011039 -0.0113267 0.00997758 -0.0147818 0.00764596 0.00937694 0.00638528 -0.00989446 -0.00334646 0.013389 0.0051963 -0.00797872 -0.00711091 -0.00570866 -0.0079602 0.0147013 0.0060303 0.00703753 0.00788352 0.00522727 0.0123106 0.00270083 0.000496689 0.0049435 0.0177835 -0.00401961 -0.00757143 0.00283019 -0.00433333 0.0144068
internal_weight=3465 1598 223 1375 1867 1613 924 758 254 689 866 188 559 508 402 636 825 746 704 440 264 361 302 177 388 255 175 106 75 236
internal_count=3465 1598 223 1375 1867 1613 924 758 254 689 866 188 559 508 402 636 825 746 704 440 264 361 302 177 388 255 175 106 75 236
is_linear=0
shrinkage=0.05


Tree=2
num_leaves=31
num_cat=0
split_feature=13 47 16 13 16 51 47 2 16 18 13 13 9 47 14 13 9 18 0 18 16 11 14 16 51 11 9 0 47 8
split_gain=113.969 45.2717 18.2053 16.0672 13.257 8.39165 7.34028 7.07261 8.08443 6.27551 6.59422 5.35992 5.08525 4.85256 4.62209 4.66695 3.5386 3.32082 3.24122 3.50905 3.1432 2.94446 2.90631 2.73438 2.71826 2.63666 3.47575 2.97981 3.59896 3.45126
threshold=-0.22000000625848767 1.0000000180025095e-35 0.29999999701976782 -0.42933334410190577 0.97999998927116405 0.46850000321865087 7.0626451969146737 0.43199999630451208 0.21999999880790713 0.51588761806488048 0.062000000849366195 -0.31577777862548823 1.4782800078392031 1.3318889737129214 0.054166667163372047 -0.14111111313104627 0.37218417227268225 0.75272428989410411 0.74000000953674328 0.62674692273139965 0.85999998450279247 -0.022236260585486885 0.14583333581686023 0.29999999701976782 -1.8190000057220457 0.021550645120441917 1.20743864774704 0.70000001788139354 0.13200212270021441 0.56666669249534618
decision_type=2 2 2 2 2 2 2 2 2 2 2 2 2 2 2 2 2 2 2 2 2 2 2 2 2 2 2 2 2 2
left_child=1 2 -1 -3 5 6 12 -5 22 -6 -11 23 13 20 -7 21 -17 -12 19 24 25 -16 -9 -10 -13 26 27 28 -2 -29
right_child=4 3 -4 7 9 14 -8 8 11 10 17 18 -14 -15 15 16 -18 -19 -20 -21 -22 -23 -24 -25 -26 -27 -28 29 -30 -31
leaf_value=0.0019854999892413619 0.0017966249976307154 -0.1369626850374043 -0.18953450309112668 -0.061500046538189058 0.01086837485805154 -0.001005374860018492 0.72921049047634012 0.016800249428953976 -0.032459061741828922 -0.018512718963436783 -0.016235375046730043 -0.021006623942404986 -0.01653950046375394 -0.0048053748495876791 0.056743845643475656 0.071376373913139099 0.033002438269555567 0.10702712489664555 -0.070534060299396517 -0.058244122255593535 0.11229299876838923 0.0098935000337660312 -0.027786000396125023 -0.082897515610791755 0.035769625168293719 0.003053125001490116 -0.01653950046375394 -0.10318831239640713 0.013245499792974442 0.037477936923503874
leaf_weight=182 196 617 41 200 62 55 58 56 144 146 24 23 40 89 34 383 68 22 25 21 66 98 30 192 67 226 22 30 227 21
leaf_count=182 196 617 41 200 62 55 58 56 144 146 24 23 40 89 34 383 68 22 25 21 66 98 30 192 67 226 22 30 227 21
internal_value=-0.00111833 -0.0109199 0.00997758 -0.0143091 0.00727102 0.00894296 0.00602564 -0.00943272 -0.00654122 -0.00334646 -0.0078125 -0.00911017 0.00493457 0.00572976 0.0134013 0.0147084 0.0171286 0.00869565 -0.000735294 0.00292793 0.0069797 0.00643939 0.00755814 -0.0125 0.00722222 0.00602493 0.00806452 0.00896624 0.0103428 -0.00245098
internal_weight=3465 1598 223 1375 1867 1613 975 758 558 254 192 472 917 877 638 583 451 46 136 111 788 132 86 336 90 722 496 474 423 51
internal_count=3465 1598 223 1375 1867 1613 975 758 558 254 192 472 917 877 638 583 451 46 136 111 788 132 86 336 90 722 496 474 423 51
is_linear=0
shrinkage=0.05


Tree=3
num_leaves=31
num_cat=0
split_feature=13 10 13 16 16 16 53 45 13 47 18 36 6 16 18 13 10 13 16 13 46 4 2 16 28 18 10 12 10 35
split_gain=105.942 49.7698 17.0024 13.2136 7.53783 6.74469 6.65631 7.42869 6.39672 6.25498 5.94538 5.37558 4.90894 5.0067 4.87053 4.37168 3.51327 3.39299 3.38714 3.45391 3.47506 3.37347 3.3695 3.86243 4.17736 3.33484 3.26077 3.04428 3.00894 2.86508
threshold=-0.22000000625848767 -14.067451000213621 -0.50733333826065052 0.97999998927116405 0.38000001013278967 0.29999999701976782 0.23499999940395358 -1.9568333625793455 0.056888889521360404 3.6149495840072636 0.51588761806488048 -0.20569999516010282 0.90000000596046459 0.21999999880790713 0.44741667807102209 -0.32600000500679011 -10.352585315704344 -0.063111113384366022 0.85999998450279247 3.4739999771118169 0.14216666668653491 0.29999999701976782 0.5000000149011613 0.29999999701976782 1.4530999660491946 0.20960185676813128 -9.5960326194763166 0.72602969408035289 -9.3418917655944806 -0.46475000679492945
decision_type=2 2 2 2 2 2 2 2 2 2 2 2 2 2 2 2 2 2 2 2 2 2 2 2 2 2 2 2 2 2
left_child=1 5 -3 6 12 11 7 -2 10 17 -5 -1 13 14 -4 26 -16 25 19 20 22 -17 23 24 -9 -8 -15 29 -19 -28
right_child=3 2 4 8 -6 -7 9 18 -10 -11 -12 -13 -14 15 16 21 -18 28 -20 -21 -22 -23 -24 -25 -26 -27 27 -29 -30 -31
leaf_value=-0.01573416252559982 0.69274996595252303 -0.17401455779504033 0.022748987825796943 0.0093749560525640853 -0.11496175176198596 -0.10260777669679373 -0.015190318304859103 0.0085242937802337115 0.013293706618063153 -0.0037508016468025748 -0.017587083015264942 0.0018862249897792936 -0.05444224817743526 -0.06072642770556267 0.0036810124869691208 -0.036991108387708659 -0.038381877926434396 0.031376254002377389 0.13192245590854437 -0.015712525440566241 -0.0005101000266033225 0.012031626626569779 0.00098954373309388752 0.0017067937477491795 -0.015712525440566241 0.043758619919605557 0.042760813907580457 -0.070317796020698736 0.075107556600309919 -0.012664554910175502
leaf_weight=38 58 398 39 42 278 21 31 238 66 56 146 163 92 220 20 55 76 109 65 43 198 96 162 137 23 256 25 32 237 45
leaf_count=38 58 398 39 42 278 21 31 238 66 56 146 163 92 220 20 55 76 109 65 43 198 96 162 137 23 256 25 32 237 45
internal_value=-0.00103175 -0.0104819 -0.0140262 0.00705678 -0.0104806 0.0114865 0.00872598 0.00595238 -0.00354331 0.0124456 -0.00824468 0.0143035 -0.00771429 -0.00608553 0.00240741 -0.00850951 -0.00364583 0.0138626 0.00479215 0.00390137 0.00468338 -0.00149007 0.00669643 0.00917085 0.0127395 0.00984321 -0.0118012 -0.00441176 0.0171965 0.00142857
internal_weight=3465 1598 1376 1867 978 222 1613 924 254 689 188 201 700 608 135 473 96 633 866 801 758 151 560 398 261 287 322 102 346 70
internal_count=3465 1598 1376 1867 978 222 1613 924 254 689 188 201 700 608 135 473 96 633 866 801 758 151 560 398 261 287 322 102 346 70
is_linear=0
shrinkage=0.05


Tree=4
num_leaves=31
num_cat=0
split_feature=13 10 13 14 14 10 14 13 18 47 14 18 18 47 44 0 44 47 9 10 53 46 18 10 0 11 56 21 13 14
split_gain=102.196 48.3622 17.4428 10.3831 9.58957 9.8919 9.01016 8.41446 5.79765 5.19468 4.82042 4.67009 5.17387 4.43491 4.39272 5.26042 4.36818 4.05192 3.86677 4.84522 3.4133 2.71282 2.59369 3.05971 2.59042 2.48197 3.06796 2.47619 2.3422 3.21887
threshold=-0.22000000625848767 -14.067451000213621 -0.50733333826065052 0.38750000298023229 0.070833336561918273 -9.2898387908935529 0.13750000298023227 -0.14111111313104627 0.69464683532714855 7.9995274543762216 0.17083333432674411 0.37566666305065161 0.76358386874198925 1.255600690841675 -6.4999999999999991 0.38000001013278967 -4.4999999999999991 1.3780411481857302 1.5713990926742556 -10.705115795135496 0.79700002074241649 0.14216666668653491 0.60763701796531688 -8.7581329345703107 0.62000000476837169 -0.0053677258547395459 -0.012500000186264513 -0.18919999897480008 -0.14111111313104627 0.15416666865348819
decision_type=2 2 2 2 2 2 2 2 2 2 2 2 2 2 2 2 2 2 2 2 2 2 2 2 2 2 2 2 2 2
left_child=1 6 -3 4 11 9 27 16 21 17 13 -2 18 20 -12 -16 -7 28 19 -13 -4 25 23 -21 -25 -5 -27 -1 29 -6
right_child=3 2 10 8 5 7 -8 -9 -10 -11 14 12 -14 -15 15 -17 -18 -19 -20 22 -22 -23 -24 24 -26 26 -28 -29 -30 -31
leaf_value=0.0026729331160592847 0.0055980790539691232 -0.16531382990528831 -0.017482010496468282 0.011810568160071271 0.012157010114314035 -0.01358160604258068 -0.065759841419282594 0.073602176624527199 -0.020907573566648643 0.69811247719164005 -0.074383254333492368 0.0075290206374693663 0.044761083320910111 -0.049425587377597696 -0.057094565049358649 0.044662589490606919 0.042760892692012713 -0.0039755707958666611 -0.014926899168537931 -0.01080788518755464 0.011415026561807609 -0.0075601451068423925 -0.053707571492407007 0.0010553165425127374 -0.02850337415397633 -0.0030556593556120061 0.0078850884781777857 0.0017919137402903291 0.027716728619444186 -0.007983543222891458
leaf_weight=26 130 398 205 24 53 44 40 343 51 54 463 39 33 132 65 57 55 135 31 81 56 26 36 59 31 82 24 156 432 104
leaf_count=26 130 398 205 24 53 44 40 343 51 54 463 39 33 132 65 57 55 135 31 81 56 26 36 59 31 82 24 156 432 104
internal_value=-0.000887446 -0.010169 -0.0136628 0.00705678 0.00837349 0.0106557 0.0114865 0.016629 -0.00350242 0.00726221 -0.0100716 0.00204545 -0.00129032 -0.0057888 -0.0129487 -0.0045082 0.00378788 0.00614641 -0.00351986 -0.00142276 -0.00201149 0.00128205 -0.0044686 -0.00190058 0.00444444 0.00423077 0.000943396 0.0162088 0.00793718 0.00270701
internal_weight=3465 1598 1376 1867 1660 1220 222 442 207 778 978 440 310 393 585 122 99 724 277 246 261 156 207 171 90 130 106 182 589 157
internal_count=3465 1598 1376 1867 1660 1220 222 442 207 778 978 440 310 393 585 122 99 724 277 246 261 156 207 171 90 130 106 182 589 157
is_linear=0
shrinkage=0.05


Tree=5
num_leaves=31
num_cat=0
split_feature=13 10 13 16 13 14 14 51 56 47 51 45 13 46 22 13 16 16 45 11 0 14 13 2 51 27 8 46 14 10
split_gain=84.4942 42.4261 15.7768 11.0756 9.12376 9.03126 8.99648 8.22402 8.28186 7.7235 6.28434 4.18123 4.12415 3.44263 3.4381 3.4277 3.35957 4.09542 2.88197 3.42638 3.61508 3.91022 3.99684 5.47966 4.55893 2.87063 2.72528 2.70726 2.65929 2.66656
threshold=-0.23799999803304669 -14.067451000213621 -0.54000002145767201 1.1800000071525576 0.067000001668930068 0.13750000298023227 0.15416666865348819 0.46850000321865087 6.9409999847412118 7.0626451969146737 -1.7770000100135801 -1.4772500395774839 3.5680000782012944 0.42450000345706945 5.8476500511169442 -0.10955555737018584 1.1800000071525576 0.90000000596046459 0.16758333891630176 0.69191554188728344 0.74000000953674328 0.40416666865348821 -0.018000000156462189 0.27400000393390661 -0.55249997973442067 -0.050800001248717301 0.76666668057441723 0.12516666948795321 0.062500001862645163 -9.1901364326477033
decision_type=2 2 2 2 2 2 2 2 2 2 2 2 2 2 2 2 2 2 2 2 2 2 2 2 2 2 2 2 2 2
left_child=1 5 -3 7 -5 25 10 9 15 11 -4 -2 18 -12 -10 -9 17 -8 19 20 21 22 23 24 -13 -1 -22 -23 -17 -30
right_child=3 2 6 4 -6 -7 16 8 14 -11 13 12 -14 -15 -16 28 -18 -19 -20 -21 26 27 -24 -25 -26 -27 -28 -29 29 -31
leaf_value=0.0017023180532758126 -0.023023742682258833 -0.16209812405722543 -0.057300408655574314 -0.031137192778311784 0.058973028964129752 -0.068892594751413391 -0.053502385601942828 0.025741640598355327 -0.016216721688509454 0.6082068342585718 0.0035958016143316056 -0.017332769024943167 -0.015206803121236387 -0.04652851063047219 0.026129172347399345 0.0078327802343280042 -0.21209731221095429 0.01485409937076038 -0.011709341258687726 -0.014180554210111032 -0.027178205648933307 0.0021404117662482025 0.037526828017199268 0.023701427424001043 0.00090412802686402546 0.0017023180532758126 0.012927800029609119 -0.011438698040761782 0.041252716068859566 0.082472070129802913
leaf_weight=33 37 363 87 94 31 43 554 187 28 49 227 72 26 64 20 36 55 22 60 20 44 86 194 252 195 148 45 24 158 223
leaf_count=33 37 363 87 94 31 43 554 187 28 49 227 72 26 64 20 36 55 22 60 20 44 86 194 252 195 148 45 24 158 223
internal_value=-0.000999425 -0.00946115 -0.0127551 0.00618022 -0.0082 0.0107143 -0.00953915 0.00720387 0.0116564 0.00457428 -0.00343915 0.00367299 0.00427308 8.59107e-05 -0.00833333 0.013245 -0.0131933 -0.012066 0.00478831 0.0054721 0.00592105 0.00695626 0.00830996 0.00602119 0.00102996 0.0156077 -0.00365169 -0.00181818 0.0157674 0.0169948
internal_weight=3477 1596 1372 1881 125 224 1009 1756 652 1104 378 1055 1018 291 48 604 631 576 992 932 912 823 713 519 267 181 89 110 417 381
internal_count=3477 1596 1372 1881 125 224 1009 1756 652 1104 378 1055 1018 291 48 604 631 576 992 932 912 823 713 519 267 181 89 110 417 381
is_linear=0
shrinkage=0.05


Tree=6
num_leaves=31
num_cat=0
split_feature=13 16 45 45 16 53 45 13 27 13 13 2 14 28 56 53 12 9 14 46 9 13 26 45 12 9 56 0 46 14
split_gain=71.3416 22.4839 17.0446 10.856 10.6501 10.953 10.0704 9.72154 7.21378 6.87026 5.8692 6.53006 4.43426 4.01003 4.064 3.55119 3.54516 3.44088 5.31657 5.30771 3.67642 3.64166 3.39177 3.36056 3.30165 2.96528 2.9466 2.92927 2.88095 2.80879
threshold=-0.29199999570846552 0.25999999791383749 -0.1376666650176048 0.1983333304524422 1.1800000071525576 0.11150000244379045 -2.442499995231628 0.067000001668930068 2.0189999341964726 -0.48600000143051142 -0.17911110818386075 0.43199999630451208 0.12083333358168603 0.25150001049041754 -0.07950000092387198 -0.22549999505281446 0.49549317359924322 0.47922001779079443 0.070833336561918273 0.13716666400432589 0.05383602902293206 -0.14111111313104627 1.2405000329017641 0.13175000250339511 1.7101047635078432 0.11085329949855806 -2.4239999055862422 0.62000000476837169 0.05816666595637799 0.29583333432674414
decision_type=2 2 2 2 2 2 2 2 2 2 2 2 2 2 2 2 2 2 2 2 2 2 2 2 2 2 2 2 2 2
left_child=1 2 27 13 5 6 -2 -6 10 -3 11 29 15 14 -4 -11 -14 19 -19 20 -8 -21 24 -12 25 -22 -26 28 -1 -7
right_child=4 9 3 -5 7 8 17 -9 -10 12 23 -13 16 -15 -16 -17 -18 18 -20 21 22 -23 -24 -25 26 -27 -28 -29 -30 -31
leaf_value=-0.051186875913415343 0.57779649254564314 -0.16113929499036531 -0.02788781867200027 -0.03938064766839721 -0.036285333167410387 0.00043723762162437224 -0.0040229637983138439 0.056024377515923256 -0.01540588560408398 -0.05394193226888544 0.017640235552314042 0.061127364801451423 -0.015537202920996935 -0.021227408579292225 0.0016172021506120219 0.0016172021506120219 -0.073412109979343762 -0.01347152649960548 0.0014545396651105954 -0.020680216900128223 0.00056602496325972008 0.0012970525583438721 -0.012956566648797697 0.053703704580846882 -0.01249501888646307 0.03587572937350595 0.0040878774839763115 -0.091856763736583871 0.014415500939056698 -0.026464233209566236
leaf_weight=56 49 306 22 99 106 106 39 31 58 33 202 50 59 43 140 65 368 124 144 100 41 148 30 435 46 147 247 128 28 27
leaf_count=56 49 306 22 99 106 106 39 31 58 33 202 50 59 43 140 65 368 124 144 100 41 148 30 435 46 147 247 128 28 27
internal_value=-0.00151711 -0.0105234 -0.00232558 0.00526316 0.0041784 0.00510537 0.00181614 -0.00930657 0.00928246 -0.0156137 0.0104878 0.00259563 -0.0121429 0.0118293 0.0154321 -0.00255102 -0.0143443 0.000797373 -0.00410448 0.00244361 0.00518182 -0.00362903 0.00631115 0.0127551 0.00732848 0.0125 0.00401024 -0.0132075 -0.00595238 -0.00319549
internal_weight=3477 1347 516 304 2130 1993 1115 137 878 831 820 183 525 205 162 98 427 1066 268 798 550 248 511 637 481 188 293 212 84 133
internal_count=3477 1347 516 304 2130 1993 1115 137 878 831 820 183 525 205 162 98 427 1066 268 798 550 248 511 637 481 188 293 212 84 133
is_linear=0
shrinkage=0.05


Tree=7
num_leaves=31
num_cat=0
split_feature=44 51 14 18 12 14 44 53 44 21 18 9 16 56 18 47 9 12 47 18 20 12 16 47 21 14 53 18 47 16
split_gain=50.233 32.1567 14.7999 11.7135 11.641 8.99999 8.11288 7.94798 7.83249 7.06615 6.48942 6.11943 5.81905 5.33007 4.66548 4.84946 4.56021 6.78867 4.71422 4.53186 3.72276 3.6156 3.53875 3.429 3.48581 3.40099 3.33502 3.21766 3.20902 3.56041
threshold=-6.4999999999999991 -0.10249999910593031 0.14583333581686023 0.69464683532714855 3.9688667058944707 0.070833336561918273 -12.499999999999998 0.11150000244379045 -3.4999999999999996 -3.4204000234603877 0.69464683532714855 0.98854506015777599 0.21999999880790713 4.6959998607635507 0.37566666305065161 1.0007625520229342 0.10453480854630472 1.7101047635078432 1.5511225461959841 0.76358386874198925 -1.8560000061988828 0.24015092104673388 0.34000000357627874 1.7152542471885683 -0.027449999935925003 0.15416666865348819 -0.089499998837709413 0.28849206864833837 0.36601036787033087 0.53999999165534984
decision_type=2 2 2 2 2 2 2 2 2 2 2 2 2 2 2 2 2 2 2 2 2 2 2 2 2 2 2 2 2 2
left_child=1 6 12 5 -4 13 21 9 25 -7 -6 -5 -3 14 -2 -16 26 27 20 -13 -19 -1 23 24 -8 -9 -11 -18 29 -10
right_child=3 2 4 11 10 7 22 8 28 16 -12 19 -14 -15 15 -17 17 18 -20 -21 -22 -23 -24 -25 -26 -27 -28 -29 -30 -31
leaf_value=-0.033455229921363704 0.0019830320508569155 0.0015363420430814208 -0.051859008007176889 -0.031524499170431541 0.012671175403147557 0.61890664884487467 0.00974884643383425 0.022105093553858392 0.0043293180088525719 -0.017994640332323595 -0.11523528388256568 -0.051551067073495854 0.0015363420430814208 -0.014635591323879782 -0.0057735299158496014 0.046258328700221209 -0.0084994762561738518 0.043635938738039615 -0.012510708463384857 0.073573161882619767 0.00092606896824977837 -0.12638626340452849 -0.089412875708308415 -0.051376443339098993 -0.034680072482589828 -0.0080676751152924317 0.0014128082764132063 0.034081942904830652 0.054500369635350723 0.079697878921381415
leaf_weight=40 114 180 180 107 162 41 122 36 91 95 23 24 154 26 223 38 20 41 75 27 257 371 220 60 98 98 30 125 372 27
leaf_count=40 114 180 180 107 162 41 122 36 91 95 23 24 154 26 223 38 20 41 75 27 257 371 220 60 98 98 30 125 372 27
internal_value=-0.00141645 -0.0078882 0.000178827 0.00416443 -0.00678082 0.00536864 -0.0140779 0.00737768 0.0114583 0.00365497 0.00202703 -0.00886076 0.00778443 -0.00118454 0.000333333 -0.00335249 0.0023717 0.00444015 0.000871314 0.00539216 0.00369128 -0.0192822 -0.0098 -0.00607143 -0.00318182 0.000746269 -0.0062 0.0136207 0.0143878 0.00720339
internal_weight=3477 1610 699 1867 365 1709 911 1308 624 684 185 158 334 401 375 261 643 518 373 51 298 411 500 280 220 134 125 145 490 118
internal_count=3477 1610 699 1867 365 1709 911 1308 624 684 185 158 334 401 375 261 643 518 373 51 298 411 500 280 220 134 125 145 490 118
is_linear=0
shrinkage=0.05


Tree=8
num_leaves=31
num_cat=0
split_feature=13 10 13 13 16 8 19 8 16 12 12 10 16 36 21 4 44 4 10 51 12 9 47 10 44 36 9 16 13 45
split_gain=62.7784 35.3376 11.3094 10.112 9.19422 9.15494 7.47423 7.10035 7.0135 6.93451 5.72311 4.78862 4.65184 4.62253 4.59918 4.5971 6.98847 5.32643 4.96575 4.00389 3.6796 3.49477 3.26795 3.08392 2.97144 2.80093 2.78275 3.65764 5.13454 3.58306
threshold=-0.29199999570846552 -14.067451000213621 -0.54000002145767201 -0.1031111106276512 1.1800000071525576 0.5000000149011613 1.0000000180025095e-35 0.63333335518836986 1.1800000071525576 0.51467344164848339 5.4141719341278085 -9.3555727005004865 0.21999999880790713 -0.8149999976158141 -3.6721500158309932 0.29999999701976782 -3.4999999999999996 0.479999989271164 -9.0167608261108381 -1.0115000009536741 2.8605376482009892 0.16439208388328555 1.2740647792816164 -9.7277197837829572 -12.499999999999998 -0.19974999874830243 0.47922001779079443 0.29999999701976782 0.067000001668930068 0.52991664409637462
decision_type=2 2 2 2 2 2 2 2 2 2 2 2 2 2 2 2 2 2 2 2 2 2 2 2 2 2 2 2 2 2
left_child=1 7 -3 4 15 10 8 25 11 -4 14 13 20 -7 -5 16 22 23 21 -16 -11 -18 -2 -17 -13 -1 29 -28 -29 -21
right_child=3 2 9 5 -6 6 -8 -9 -10 12 -12 24 -14 -15 19 17 18 -19 -20 26 -22 -23 -24 -25 -26 -27 27 28 -30 -31
leaf_value=0.0022964933479078576 -0.0018873248440362653 -0.14201695671928741 -0.0072993882638173468 0.36796133547611731 -0.05887345244324807 0.30165990137561427 -0.00061205712599259271 -0.056793642992426369 -0.012739842577506315 -0.052449981520973611 -0.013872038242737139 0.0012906901960299977 -0.060709893612579738 0.023759675992895732 -0.024742484586617944 0.013373499853606686 -0.0013329769746451602 -0.011034743236833842 0.050218967998937283 0.019094366559134959 0.0044050575754150945 0.011876825037683544 -0.035016632559872578 0.065485587959501365 0.076946991002524653 0.0014595249409273497 -0.012457961233276459 -0.030246326823599456 0.069894503788488785 -0.0095775521144516092
leaf_weight=27 303 363 238 21 43 61 150 45 32 40 24 25 487 308 27 78 95 41 64 138 27 55 104 66 290 120 101 41 43 20
leaf_count=27 303 363 238 21 43 61 150 45 32 40 24 25 487 308 27 78 95 41 64 138 27 55 104 66 290 120 101 41 43 20
internal_value=-0.00125827 -0.00970676 -0.0130087 0.00408451 -0.000147232 0.00688915 0.00981524 0.0101563 0.0119413 -0.00965909 0.000783133 0.0130117 -0.0127256 0.00914634 0.00223785 0.00105459 -0.00100644 0.00797297 0.00630841 0.000945946 -0.000373134 0.00133333 -0.00485258 0.0125 0.0175397 0.0154762 0.00240525 -0.00175676 0.00595238 0.00727848
internal_weight=3477 1347 1155 2130 849 1281 866 192 716 792 415 684 554 369 391 806 621 185 214 370 67 150 407 144 315 147 343 185 84 158
internal_count=3477 1347 1155 2130 849 1281 866 192 716 792 415 684 554 369 391 806 621 185 214 370 67 150 407 144 315 147 343 185 84 158
is_linear=0
shrinkage=0.05


Tree=9
num_leaves=31
num_cat=0
split_feature=0 16 47 10 9 21 11 53 4 9 2 53 18 36 10 21 10 10 18 0 12 56 12 18 21 11 0 36 18 9
split_gain=34.126 22.8624 13.6715 12.9494 9.21929 8.63071 6.29199 6.07219 4.91741 4.766 6.45933 3.84724 3.71342 3.6993 3.66033 3.65715 3.6472 3.59283 6.76422 2.72711 2.59755 2.94635 2.85644 2.58051 4.1985 2.57474 3.56836 2.33251 2.29206 2.23866
threshold=0.62000000476837169 1.1800000071525576 0.093789167702198042 -9.2898387908935529 1.2790061235427859 -4.4862000942230216 -0.076079230755567537 -1.4050000309944151 0.85999998450279247 0.18894810974597934 0.75083333253860485 0.19299999624490741 0.61922222375869762 -0.75699999928474415 -9.5128602981567365 1.118650019168854 -14.067451000213621 -14.067451000213621 0.76358386874198925 0.29999999701976782 5.9945154190063485 0.67749997973442089 3.5137710571289067 0.4271851927042008 0.52649998664855968 -0.024408047087490555 0.13999999687075618 0.59830000996589672 0.49091428518295294 1.20743864774704
decision_type=2 2 2 2 2 2 2 2 2 2 2 2 2 2 2 2 2 2 2 2 2 2 2 2 2 2 2 2 2 2
left_child=1 3 17 5 8 -1 11 9 12 -7 13 -5 14 -11 -4 19 25 -2 -19 23 21 -18 28 24 -8 26 -9 -24 -23 -28
right_child=2 -3 4 6 -6 7 15 16 -10 10 -12 -13 -14 -15 -16 -17 20 18 -20 -21 -22 22 27 -25 -26 -27 29 -29 -30 -31
leaf_value=0.52956328777579775 0.0013865486938809822 -0.09443563377745548 -0.042458342272698804 -0.012761330141389285 0.3728783690175661 -0.049870844300835188 0.034090910978190864 -0.0010393413879299139 -0.14163071500519178 0.041620026199504292 -0.13276659836071561 0.019696818725177132 -0.10977218052515642 -0.0024896178568256338 0.0067865424094912313 -0.011876415806923986 -0.0013257019151392112 -0.039205302797030613 0.047495395906857363 0.012450353353040844 -0.012233223496037372 0.013414377076238904 0.036842084536790908 0.046813815341546855 -0.012391911385933355 0.0013865486938809822 0.0013865486938809822 -0.0060748952085730298 -0.032876662606010618 -0.015048527813452514
leaf_weight=41 54 115 358 71 21 112 193 25 227 22 27 74 103 149 59 42 731 83 33 249 30 42 107 192 26 94 121 26 30 20
leaf_count=41 54 115 358 71 21 112 193 25 227 22 27 74 103 149 59 42 731 83 33 249 30 42 107 192 26 94 121 26 30 20
internal_value=-0.00144521 0.00156558 -0.00959488 0.00259901 -0.0124349 -7.92644e-05 0.0075856 -0.000683594 -0.0133534 -0.00693548 -0.00227273 -0.00189655 -0.0106731 0.00131579 -0.00857314 0.00954416 0.000897227 0.00323529 -0.00172414 0.0104545 -0.000517598 -5.34188e-05 0.0052439 0.0129562 0.00924658 0.00615385 0.00240964 0.00958647 -0.00277778 0.00549645
internal_weight=3477 2539 938 2424 768 1577 847 1536 747 310 198 145 520 171 417 702 1226 170 116 660 966 936 205 411 219 260 166 133 72 141
internal_count=3477 2539 938 2424 768 1577 847 1536 747 310 198 145 520 171 417 702 1226 170 116 660 966 936 205 411 219 260 166 133 72 141
is_linear=0
shrinkage=0.05


Tree=10
num_leaves=31
num_cat=0
split_feature=13 10 13 14 14 16 51 45 16 16 46 13 4 36 46 10 14 8 13 12 2 4 13 3 14 35 14 13 13 56
split_gain=55.206 28.8605 18.5887 8.322 14.9834 7.35415 6.8464 6.5054 5.29156 5.06934 4.97701 4.45773 5.34818 4.39821 4.35268 4.13548 5.15997 4.76005 4.11006 4.71544 3.74201 3.33252 3.30586 3.18342 3.00695 2.8864 2.77881 2.77405 2.66113 2.65933
threshold=-0.17911110818386075 -14.067451000213621 -0.50733333826065052 0.38750000298023229 0.24583332985639575 1.1800000071525576 -0.57899999618530262 -2.909249901771545 0.25999999791383749 0.29999999701976782 0.10716666653752328 -0.08485714346170424 0.099999997764825835 -0.096799999475479112 -0.077500000596046434 -9.3418917655944806 0.070833336561918273 0.76666668057441723 -0.28599999845027918 0.52040332555770885 0.43199999630451208 0.29999999701976782 -0.34733332693576807 0.31211639940738684 0.21249999850988391 -2.8789999485015865 0.17916666716337207 -0.37600000202655787 -0.12199999764561652 -0.52050000429153431
decision_type=2 2 2 2 2 2 2 2 2 2 2 2 2 2 2 2 2 2 2 2 2 2 2 2 2 2 2 2 2 2
left_child=1 9 -3 4 7 6 18 -2 23 13 -5 12 -6 -1 27 17 -17 28 19 -4 -13 -16 -23 25 -18 -8 -27 -10 -9 -20
right_child=3 2 5 10 11 -7 8 15 14 -11 -12 20 -14 -15 21 16 24 -19 29 -21 -22 22 -24 -25 -26 26 -28 -29 -30 -31
leaf_value=-3.3382462477109377e-05 0.43423442195645823 -0.1200053964869853 -0.010971301543965577 0.00033758026219599048 -0.013233014920457238 -0.16227561022809123 -0.048672058785224355 0.0065443675521947913 -0.04133256648423738 -0.078933357670763843 -0.013638483124663627 0.093644951242636304 0.0441579225880116 0.0013172212591869331 -0.037524635517747179 0.00074453210906051757 0.037836369768499467 0.011575021712715664 0.0013195850290187343 -0.06196174216639292 0.015966263629872524 -0.047256674486868558 0.017458748565034637 0.023391820317425694 0.0020975062331945933 0.0059041318530769493 -0.080480503437469209 0.013414820938476858 -0.0081292488218682769 -0.026712345716623044
leaf_weight=63 31 399 124 152 44 53 21 28 35 21 47 313 102 176 117 282 95 176 117 282 94 78 42 82 30 109 20 96 249 32
leaf_count=63 31 399 124 152 44 53 21 28 35 21 47 313 102 176 117 282 95 176 117 282 94 78 42 82 30 109 20 96 249 32
internal_value=-0.00149573 -0.00737815 -0.00987866 0.00518868 0.0065097 -0.00678808 -0.00595238 0.00249719 -0.00225 0.00807692 -0.00439698 0.0129747 0.00547945 0.0101464 -0.00597826 0.00168605 0.00534398 -0.00160044 -0.00995495 -0.0125616 0.0156634 -0.0100211 -0.00416667 0.00366379 0.0138 -0.000666667 0.00213178 0.00133588 -0.00568592 -0.00285235
internal_weight=3510 1867 1607 1643 1444 1208 1155 891 600 260 199 553 146 239 368 860 407 453 555 406 407 237 120 232 125 150 129 131 277 149
internal_count=3510 1867 1607 1643 1444 1208 1155 891 600 260 199 553 146 239 368 860 407 453 555 406 407 237 120 232 125 150 129 131 277 149
is_linear=0
shrinkage=0.05


Tree=11
num_leaves=31
num_cat=0
split_feature=13 10 13 13 14 14 14 14 18 2 13 18 10 9 9 51 14 4 18 9 2 2 44 56 26 46 13 17 13 51
split_gain=48.8752 31.5016 11.4688 7.88087 8.46756 11.4022 5.65736 5.18867 5.03594 6.34042 6.70115 4.71644 4.6503 4.63884 4.40283 4.0727 3.98539 3.82346 3.76663 3.42144 3.23329 3.12467 3.86688 3.39471 3.58292 3.08552 3.05905 3.04862 2.91444 2.65352
threshold=-0.28599999845027918 -14.067451000213621 -0.50733333826065052 -0.058000000193715089 0.11250000074505807 0.39583334326744085 0.14583333581686023 0.11250000074505807 0.70197221636772167 0.18666666746139529 -0.17911110818386075 0.76358386874198925 -9.2052383422851545 0.6003120243549348 0.044660998508334167 -1.6010000109672544 0.079166669398546233 0.29999999701976782 0.51272907853126537 0.1723967716097832 0.58933332562446605 0.43199999630451208 -11.499999999999998 -0.14050000160932538 -1.5729999542236326 0.10716666653752328 -0.43999999761581415 0.54166665673255932 -0.12199999764561652 0.91699999570846569
decision_type=2 2 2 2 2 2 2 2 2 2 2 2 2 2 2 2 2 2 2 2 2 2 2 2 2 2 2 2 2 2
left_child=1 7 -3 8 11 12 15 -1 9 14 17 18 13 -6 16 -4 -2 27 -5 -12 -19 -8 -23 24 -24 -7 -9 -11 -10 -21
right_child=3 2 6 4 5 25 21 26 28 10 19 -13 -14 -15 -16 -17 -18 20 -20 29 -22 22 23 -25 -26 -27 -28 -29 -30 -31
leaf_value=0.0012513601962275865 -0.01292649174359972 -0.11400512666263603 -0.053215478316495569 0.00074288595351855728 0.019184622168687354 0.0015669018531251633 -0.062002858146755359 -0.074986689787225655 -0.052555668921830945 -0.0005356900194188821 0.047885997339730847 0.063987782198268436 0.087133186627031081 0.4351451874891179 -0.0085261075162211247 0.00072469184679461454 0.020209335554717253 0.035411668329547508 -0.012192086229653655 0.0011378180163319105 -0.0093743742458625677 -0.071155680291948353 0.023278369276185842 -0.0042345416674134384 -0.055539528479223513 -0.010575212254752945 0.0041640185928952722 -0.035094853819521321 2.0449178509476806e-06 0.034819216375373122
leaf_weight=132 26 399 72 187 276 101 62 23 40 274 138 27 174 88 175 197 38 92 71 193 31 140 25 121 182 34 45 47 23 77
leaf_count=132 26 399 72 187 276 101 62 23 40 274 138 27 174 88 175 197 38 92 71 193 31 140 25 121 182 34 45 47 23 77
internal_value=-0.00136752 -0.00861946 -0.0116861 0.00343277 0.00678497 0.00984398 -0.00822904 0.00975 0.000649913 0.00144363 0.00346244 -0.000438596 0.0131041 0.00989011 -0.00575314 -0.00232342 0.00546875 -0.000788288 -0.00251938 0.00808824 0.00670732 -0.0112264 -0.00982906 -0.00685976 -0.0107488 -0.00314815 -0.00147059 -0.00366044 -0.0130952 0.00481481
internal_weight=3510 1398 1198 2112 958 673 799 200 1154 1091 852 285 538 364 239 269 64 444 258 408 123 530 468 328 207 135 68 321 63 270
internal_count=3510 1398 1198 2112 958 673 799 200 1154 1091 852 285 538 364 239 269 64 444 258 408 123 530 468 328 207 135 68 321 63 270
is_linear=0
shrinkage=0.05


Tree=12
num_leaves=31
num_cat=0
split_feature=13 47 16 13 14 51 51 13 14 18 2 51 14 16 14 0 47 9 19 14 18 0 14 0 13 26 2 4 9 13
split_gain=42.8949 16.0817 13.9698 12.2286 8.69171 7.5492 7.69578 5.89894 5.12057 4.68927 4.56506 4.20318 4.04915 4.09589 4.01877 3.87919 3.60389 3.561 3.91558 3.2962 5.03496 4.2473 3.11632 3.03616 3.61433 2.95097 2.94572 2.8579 2.81675 2.99469
threshold=-0.38533332943916315 0.12738908082246783 0.29999999701976782 -0.17911110818386075 0.15416666865348819 -8.141499996185301 0.55099999904632579 -0.72200000286102284 0.17083333432674411 0.69464683532714855 0.43199999630451208 -1.7770000100135801 0.054166667163372047 1.1800000071525576 0.070833336561918273 0.13999999687075618 2.2331784963607793 1.9524219632148745 1.0000000180025095e-35 0.17083333432674411 0.76358386874198925 0.62000000476837169 0.11250000074505807 0.62000000476837169 -0.32000000774860377 -1.4902500510215757 0.58933332562446605 0.29999999701976782 0.39486177265644079 -0.08485714346170424
decision_type=2 2 2 2 2 2 2 2 2 2 2 2 2 2 2 2 2 2 2 2 2 2 2 2 2 2 2 2 2 2
left_child=1 2 22 4 14 -5 15 -3 11 10 -6 -9 -8 28 27 -7 -16 18 19 20 21 -17 -1 24 -12 -20 -13 -2 29 -14
right_child=3 7 -4 5 9 6 12 8 -10 -11 23 26 13 -15 16 17 -18 -19 25 -21 -22 -23 -24 -25 -26 -27 -28 -29 -30 -31
leaf_value=0.0011887921864162073 -0.01198416138301501 -0.13688403314730477 -0.22158061570624465 0.51293121461975422 -0.02941159637015793 -0.0021226343314514435 -0.0037710314451107718 -0.072856185238508411 -0.073479750966950891 -0.09469527320024991 -0.018661385934173252 -0.041090991323556349 0.025072001867685368 -0.0083453850457896085 0.0040154267209927801 0.00068348094559197905 -0.041640324358634018 -0.011457570495205311 0.010280633885687944 0.027120202453166514 0.042240831562923499 -0.037339155163448705 -0.052870032713396145 -0.022178448728852253 0.03658675821877308 -0.0052731875162121064 0.0093885289603521764 0.0011887921864162073 0.0097171666276786323 0.053561995636327998
leaf_weight=83 98 164 36 53 203 202 63 118 337 63 108 44 125 39 184 200 28 26 30 309 32 79 24 91 92 115 105 89 77 293
leaf_count=83 98 164 36 53 203 202 63 118 337 63 108 44 125 39 184 200 28 26 30 309 32 79 24 91 92 115 105 89 77 293
internal_value=-0.00133903 -0.0106751 0.00472028 0.00193344 -0.00256276 0.0045496 0.00393082 -0.0135417 -0.0112583 -0.00659785 -0.00495951 -0.00608614 0.00841709 0.00983146 0.00307018 0.00123364 0.00778302 0.0028129 0.00343137 0.00516129 0.00152733 -0.00062724 0.013785 -0.000945017 0.0025 -0.00396552 -0.000503356 -0.00227273 0.0110606 0.0126794
internal_weight=3510 911 143 2599 956 1643 1590 768 604 557 494 267 597 534 399 993 212 791 765 620 311 279 107 291 200 145 149 187 495 418
internal_count=3510 911 143 2599 956 1643 1590 768 604 557 494 267 597 534 399 993 212 791 765 620 311 279 107 291 200 145 149 187 495 418
is_linear=0
shrinkage=0.05


Tree=13
num_leaves=31
num_cat=0
split_feature=13 10 13 14 51 10 9 8 10 18 13 18 44 14 14 16 13 18 14 44 18 37 14 4 18 46 18 28 53 16
split_gain=39.5819 13.501 12.8146 11.9119 7.79874 8.05358 9.02233 7.53075 6.65606 5.91956 5.41845 4.8525 4.78327 4.39056 5.41327 4.15197 4.1406 3.7664 3.66438 3.27171 4.1931 3.12857 2.91027 2.86257 2.58089 2.91744 2.45855 3.55501 2.30929 2.29635
threshold=-0.42933334410190577 -14.067451000213621 -0.17911110818386075 0.16250000149011615 -8.141499996185301 -9.1838188171386701 0.55445221066474926 0.36666667461395269 -12.828595161437987 0.76358386874198925 -0.71177777647972096 0.67797777056694042 -1.4999999999999998 0.095833335071802153 0.40416666865348821 0.97999998927116405 -0.29199999570846552 0.71210584044456493 0.045833334326744087 -8.4999999999999982 0.28849206864833837 1.1039499640464785 0.10416666790843011 0.4200000017881394 0.61922222375869762 0.44716666638851171 0.53991535305976879 1.0000000180025095e-35 0.50049999356269848 0.21999999880790713
decision_type=2 2 2 2 2 2 2 2 2 2 2 2 2 2 2 2 2 2 2 2 2 2 2 2 2 2 2 2 2 2
left_child=1 7 3 8 -4 13 12 -1 16 29 -3 19 26 -6 21 -14 -2 18 -12 28 -21 -15 -18 -20 25 -10 27 -7 -5 -8
right_child=2 10 4 11 5 6 9 -9 24 -11 17 -13 15 14 -16 -17 22 -19 23 20 -22 -23 -24 -25 -26 -27 -28 -29 -30 -31
leaf_value=0.0011293525770953968 0.0011293525770953968 -0.13998983749808774 0.48728465388876652 -0.041938311177154235 -0.0050408097586522515 0.010998511408788922 0.00025030868570473857 -0.052896178185611709 0.0034239157329455615 0.040128789984777327 0.0078524084918430159 -0.090595277284075043 0.073769360565962755 0.012977148469064025 -0.0048138065267636018 -0.00023944423551358325 -0.00041241119707606402 -0.19050967221615128 -0.096004588128168519 -0.029466113998489959 0.0010681312309197624 -0.0038709031314883846 0.010559295569203625 -0.045985621002200397 -0.088626854017665527 -0.017724141315344218 -0.0088028093002270758 0.05416976943687251 -0.00017361727842958309 -0.042645829559254833
leaf_weight=55 88 182 53 203 178 132 33 48 250 32 41 76 250 526 98 29 42 46 64 48 253 122 32 292 21 73 39 73 53 78
leaf_count=55 88 182 53 203 178 132 33 48 250 32 41 76 250 526 98 29 42 46 64 48 253 122 32 292 21 73 39 73 53 78
internal_value=-0.0012963 -0.0116758 0.00141984 -0.00265584 0.00424528 0.00361635 0.00780781 0.00509709 0.00306324 -0.00332168 -0.01444 -0.00722749 0.0108509 0.000595238 0.00227882 0.0153226 0.0114198 -0.011456 -0.00988665 -0.00561041 -0.00207641 0.00393519 0.0027027 -0.0115169 -0.000872093 0.000232198 0.0057377 0.00792683 -0.00976562 -0.00878378
internal_weight=3510 728 2782 1139 1643 1590 666 103 506 143 625 633 523 924 746 279 162 443 397 557 301 648 74 356 344 323 244 205 256 111
internal_count=3510 728 2782 1139 1643 1590 666 103 506 143 625 633 523 924 746 279 162 443 397 557 301 648 74 356 344 323 244 205 256 111
is_linear=0
shrinkage=0.05


Tree=14
num_leaves=31
num_cat=0
split_feature=13 10 13 18 51 51 8 12 13 51 45 16 2 9 56 16 9 9 18 14 10 2 13 56 2 3 51 18 18 13
split_gain=37.3359 16.8362 10.5163 11.2298 7.32058 8.348 7.03949 6.11456 4.85098 4.14583 4.14256 3.9619 3.60351 5.28969 3.29952 3.26543 3.21154 5.35286 3.78118 3.61321 3.06315 2.96214 5.06629 4.16904 3.55355 3.04447 2.95125 2.65815 4.93059 2.74117
threshold=-0.38533332943916315 -14.067451000213621 -0.10955555737018584 0.69464683532714855 -8.141499996185301 0.55099999904632579 0.36666667461395269 0.52040332555770885 -0.55577778816223133 -0.080499999225139604 2.5058333873748784 0.21999999880790713 0.43199999630451208 0.12192703783512117 -0.20349999517202375 0.21999999880790713 0.05560507811605931 0.29613552987575537 0.76358386874198925 0.38750000298023229 -12.314568996429442 0.53999999165534984 -0.28599999845027918 -0.76499998569488514 0.66999998688697826 0.3211930543184281 2.8274999856948857 0.51272907853126537 0.48739683628082281 3.4739999771118169
decision_type=2 2 2 2 2 2 2 2 2 2 2 2 2 2 2 2 2 2 2 2 2 2 2 2 2 2 2 2 2 2
left_child=1 6 3 9 -4 16 -1 8 -3 21 26 -8 13 -11 -9 -14 -6 19 27 20 -18 22 -2 25 -23 -24 -7 28 29 -19
right_child=2 7 4 -5 5 10 11 14 -10 12 -12 -13 15 -15 -16 -17 17 18 -20 -21 -22 24 23 -25 -26 -27 -28 -29 -30 -31
leaf_value=0.0010728849482406269 -0.040257364828587903 -0.094362803762189806 0.46292042119432825 -0.058814608106903137 -0.0054189629526556178 0.019312790757335808 0.0026024345683006256 -0.097326871552670446 -0.0093522313911471918 0.0083695532977437932 -0.011465264162562126 -0.076526926229541076 0.0036985786983461002 -0.0043239366344566326 -0.043595754061571151 0.0031251197094160745 -0.00036153474269428232 -0.00040895535773910902 0.039924792202599604 -0.00061957060585588993 0.047292276890540066 0.027839688067944419 0.025973608371244961 -0.013323177098331147 -0.014400504246721563 -0.024329831800358741 0.12237945603255361 -0.010108501584761752 0.024121764931356031 -0.011913721642531575
leaf_weight=66 172 85 53 94 90 345 30 387 173 135 34 35 54 271 135 162 21 147 31 72 228 68 94 108 49 34 94 155 66 22
leaf_count=66 172 85 53 94 90 345 30 387 173 135 34 35 54 271 135 162 21 147 31 72 228 68 94 108 49 34 94 155 66 22
internal_value=-0.00119658 -0.0099067 0.00185648 -0.00147059 0.00489691 0.00415709 0.00667939 -0.0126923 -0.00639535 -0.00010898 0.00946089 -0.005 0.00265273 -0.000123153 -0.0158046 0.00787037 0.00114183 0.00222372 -0.00148456 0.00708723 0.00993976 -0.00338095 -0.00539216 -0.000635593 0.00363248 0.00546875 0.0107631 -0.00282051 0.000531915 -0.00399408
internal_weight=3510 911 2599 1241 1358 1305 131 780 258 1147 473 65 622 406 522 216 832 742 421 321 249 525 408 236 117 128 439 390 235 169
internal_count=3510 911 2599 1241 1358 1305 131 780 258 1147 473 65 622 406 522 216 832 742 421 321 249 525 408 236 117 128 439 390 235 169
is_linear=0
shrinkage=0.05


Tree=15
num_leaves=31
num_cat=0
split_feature=13 16 47 53 47 27 13 16 12 13 56 0 53 28 27 2 9 13 0 9 2 44 35 2 14 51 2 16 9 14
split_gain=35.675 22.5557 23.79 8.39629 10.1867 7.86653 7.24428 4.8207 4.46281 4.22318 3.74053 4.625 6.22249 3.63349 3.29825 2.95971 6.01893 3.88204 2.91587 4.67281 2.89265 3.9704 2.72833 2.72781 2.80242 2.71152 2.7024 2.68338 2.63062 2.26667
threshold=-0.29199999570846552 0.34000000357627874 0.16640086472034457 0.11150000244379045 4.2404625415802011 1.5527999997138979 -0.54000002145767201 1.1800000071525576 0.51467344164848339 -0.018000000156462189 -0.71649998426437367 0.21999999880790713 -1.6495000123977659 0.25150001049041754 -1.1419000029563902 0.18666666746139529 0.079303145408630385 -0.17911110818386075 0.62000000476837169 0.39955301582813268 0.34999999403953558 -4.4999999999999991 -0.74974998831748951 0.52599999308586132 0.27916666865348821 1.703500032424927 0.58933332562446605 0.49999998509883886 0.23012895137071612 0.23749999701976779
decision_type=2 2 2 2 2 2 2 2 2 2 2 2 2 2 2 2 2 2 2 2 2 2 2 2 2 2 2 2 2 2
left_child=1 2 13 4 10 7 -4 9 26 15 11 -2 -13 -1 -12 16 -5 20 19 23 21 -17 27 -10 -25 -11 -8 -3 -19 -18
right_child=3 22 6 5 -6 -7 8 -9 18 25 14 12 -14 -15 -16 17 29 28 -20 -21 -22 -23 -24 24 -26 -27 -28 -29 -30 -31
leaf_value=0.0010192407008285957 -0.022184684430728061 -0.10698170796684391 -0.072888127368462313 0.012743745876687135 0.34634103234130786 -0.011215375259013324 -0.0092945101574588001 -0.011591024364019343 -0.033145987078098453 0.023807329110077647 -0.013302686403965071 -0.0017008581745660912 0.029270466580095911 -0.016633131197974684 -0.0006969179662747035 -0.022781350914510508 0.0016322512999993378 0.067610626184355718 -0.045531518628356242 0.019936232145259251 0.019018385412559447 0.015818708955802722 -0.10410546766201159 0.03126141144384758 -0.026247368702295215 0.093311914395460771 0.01455260622812693 -0.028734623181603382 0.016117403755527455 -0.019680213878353021
leaf_weight=151 26 59 205 166 57 78 103 41 120 92 89 200 152 26 689 50 34 147 97 42 88 43 314 30 25 87 84 83 80 51
leaf_count=151 26 59 205 166 57 78 103 41 120 92 89 200 152 26 689 50 34 147 97 42 88 43 314 30 25 87 84 83 80 51
internal_value=-0.0012183 -0.0076363 -0.00297282 0.00274194 -2.06101e-05 0.00624347 -0.00708215 0.00759386 -0.00384232 0.00841289 -0.00103806 0.00304233 0.00454545 0.0134181 -0.00302057 0.00656297 0.00229084 0.00919118 -0.00748408 -0.00426267 0.00372928 -0.00241935 -0.0166667 -0.00785714 0.00136364 0.0152235 0.00227273 -0.0109155 0.0135463 -0.00852941
internal_weight=3509 1339 883 2170 1213 957 706 879 501 838 1156 378 352 177 778 659 251 408 314 217 181 93 456 175 55 179 187 142 227 85
internal_count=3509 1339 883 2170 1213 957 706 879 501 838 1156 378 352 177 778 659 251 408 314 217 181 93 456 175 55 179 187 142 227 85
is_linear=0
shrinkage=0.05


Tree=16
num_leaves=31
num_cat=0
split_feature=13 10 13 18 53 53 47 37 8 18 13 3 13 4 9 17 10 6 47 13 18 9 17 47 36 4 0 9 45 44
split_gain=34.0925 26.554 8.82867 7.94809 7.62878 9.7692 8.17098 6.42393 4.60506 4.0667 3.62534 3.54183 3.43075 3.39086 6.63579 3.23172 3.14441 3.01408 2.79629 3.09085 3.13556 2.67477 2.62224 2.74973 2.74725 2.69681 2.60172 2.55995 2.55688 2.35312
threshold=-0.29199999570846552 -14.283152580261229 -0.71177777647972096 0.71305307745933544 -9.4175000190734846 0.11150000244379045 3.6149495840072636 0.10599999874830247 0.43333333730697637 0.69464683532714855 -0.018000000156462189 0.19831921160221103 -0.14111111313104627 0.059999998658895499 0.079303145408630385 0.29166667163372045 -9.3327941894531232 0.70000001788139354 2.0300611257553105 -0.3599999994039535 0.53788095712661754 0.12192703783512117 0.20833333581686023 1.4097195863723757 0.15460000187158587 0.62000000476837169 0.099999997764825835 0.32909017801284796 0.12758333235979083 -9.4999999999999982
decision_type=2 2 2 2 2 2 2 2 2 2 2 2 2 2 2 2 2 2 2 2 2 2 2 2 2 2 2 2 2 2
left_child=1 7 -3 8 -2 11 9 -1 21 10 13 22 15 14 28 -13 -12 18 19 -10 -21 -4 23 -6 25 26 -24 -14 -7 -23
right_child=4 2 3 -5 5 6 -8 -9 17 -11 16 12 27 -15 -16 -17 -18 -19 -20 20 -22 29 24 -25 -26 -27 -28 -29 -30 -31
leaf_value=0.00096827866578716589 0.3797837066672875 -0.12919923193266844 -0.058334678193374012 -0.16103192262078739 -0.0095682306072099304 0.0050359183777224986 -0.010654606496062658 -0.030259525402670257 -0.034017817135944831 -0.0095522307092973779 0.012992950973690937 0.00056564247518282602 0.017333670457410275 0.022078678526253354 -0.015967807780617817 -0.018853269022233943 0.0787747226015591 -0.059867163052058719 -0.075512171015505836 0.020374623622541017 -0.013282088248536512 -0.0095320096788282741 -0.0022059951972875024 0.012633259216516313 -0.0085159954878864623 -0.01677640825238751 0.0053473739443707828 0.0005592243187861111 0.01946578645422747 0.0086578016258031954
leaf_weight=152 50 197 24 77 131 71 86 35 362 43 72 189 171 398 80 127 112 72 100 65 49 132 43 20 63 24 143 252 95 74
leaf_count=152 50 197 24 77 131 71 86 35 362 43 72 189 171 398 80 127 112 72 100 65 49 132 43 20 63 24 143 252 95 74
internal_value=-0.00117555 -0.00744959 -0.0102865 -0.00829843 0.00269585 0.00224057 0.00598224 0.0100267 -0.00694761 0.00743398 0.00821256 -0.000838349 0.00125169 0.0064441 0.00182927 -0.00268987 0.0144022 -0.00910494 -0.00789931 -0.00630252 0.000877193 -0.000869565 -0.00448113 -0.00976821 -0.00155678 0.00119048 0.00322581 0.00419622 0.00753012 0.000970874
internal_weight=3509 1339 1152 955 2170 2120 957 187 878 871 828 1163 739 644 246 316 184 648 576 476 114 230 424 151 273 210 186 423 166 206
internal_count=3509 1339 1152 955 2170 2120 957 187 878 871 828 1163 739 644 246 316 184 648 576 476 114 230 424 151 273 210 186 423 166 206
is_linear=0
shrinkage=0.05


Tree=17
num_leaves=31
num_cat=0
split_feature=44 16 47 53 22 53 47 18 17 16 16 9 3 56 7 21 45 53 14 50 20 18 44 14 37 14 35 5 35 14
split_gain=25.1414 14.9835 14.7081 8.02362 7.05154 6.54139 8.62304 5.44288 5.29732 4.8323 3.47225 5.94511 3.81669 3.54642 3.37429 3.07488 2.7638 2.75535 3.18463 2.5574 2.95923 2.46406 2.44711 3.27584 2.45587 3.10374 2.36885 2.36391 2.32259 2.2881
threshold=-9.4999999999999982 0.34000000357627874 0.9339505434036256 -9.4175000190734846 0.70654997229576122 0.75249999761581432 3.5300569534301762 0.54458081722259533 0.54166665673255932 0.97999998927116405 1.1800000071525576 1.0003445744514468 0.19831921160221103 -0.2609999924898147 1.0000000180025095e-35 1.7072499990463259 -0.41650000214576716 -2.7979999780654903 0.40416666865348821 1.5000000000000002 -1.9302499890327451 0.50834298133850109 -1.4999999999999998 0.27916666865348821 1.582849979400635 0.3458333313465119 -3.2932499647140498 0.52500000596046459 -1.3962500095367429 0.13750000298023227
decision_type=2 2 2 2 2 2 2 2 2 2 2 2 2 2 2 2 2 2 2 2 2 2 2 2 2 2 2 2 2 2
left_child=1 2 4 -2 15 10 9 8 -3 22 12 -12 13 28 -4 16 -1 -14 26 20 -15 -10 23 -7 25 -25 -19 -6 -5 -18
right_child=3 7 14 5 27 6 -8 -9 21 -11 11 -13 17 19 -16 -17 29 18 -20 -21 -22 -23 -24 24 -26 -27 -28 -29 -30 -31
leaf_value=-0.0076119448117627532 0.3457945117971799 -0.086843398933574165 -0.051367027236966824 0.010615882755222628 -0.041423654075044003 0.022576938981067943 -0.010121876171259526 -0.12309555778969877 -0.025048277425226556 -0.0098042403920930079 -0.086658142543850333 0.017731778972550731 -0.00783907475674161 -0.012319866346363763 0.018537383903256151 -0.041240832159714684 0.00091986473249780769 -0.0093487859795430735 -0.0044048227626608738 0.011253499464198008 -3.7215361020118221e-05 0.01445969125710117 0.04940477695545669 -0.024861205418589813 0.046973756747584618 0.010139007997964562 0.0027821734642063563 0.0052510034961009873 -0.017887553155534679 0.0087486579365172092
leaf_weight=38 52 108 270 39 64 215 98 157 90 46 58 44 130 20 36 27 168 34 61 39 312 35 195 53 20 30 738 34 186 112
leaf_count=38 52 108 270 39 64 215 98 157 90 46 58 44 130 20 36 27 168 34 61 39 312 35 195 53 20 30 738 34 186 112
internal_value=-0.00120405 -0.00730904 -0.00317089 0.00172996 0.00265237 0.00129422 0.0055175 -0.0152564 -0.0104077 0.00791592 -0.000376279 -0.00931373 0.000208467 -0.00293624 -0.0116013 0.00601449 0.00738994 0.00215472 0.00321128 6.73854e-05 -0.00135542 -0.0034 0.00930799 0.00660377 -0.000728155 -0.00451807 0.00408031 -0.00918367 -0.00788889 0.00910714
internal_weight=3509 1139 749 2370 443 2318 657 390 233 559 1661 102 1559 596 306 345 318 963 833 371 332 125 513 318 103 83 772 98 225 280
internal_count=3509 1139 749 2370 443 2318 657 390 233 559 1661 102 1559 596 306 345 318 963 833 371 332 125 513 318 103 83 772 98 225 280
is_linear=0
shrinkage=0.05


Tree=18
num_leaves=31
num_cat=0
split_feature=13 10 13 14 14 10 14 10 13 12 12 16 13 12 18 13 2 13 13 28 2 10 22 0 10 10 2 13 10 12
split_gain=31.9703 11.6022 8.39479 12.6376 8.4727 8.05797 7.45247 6.77317 6.54494 6.16479 6.11907 5.68894 5.02543 4.19582 4.10657 3.86746 3.75679 3.50109 3.41821 3.17219 3.42631 3.65505 2.96889 2.86556 3.5087 2.8512 3.43962 3.06653 2.75028 2.74264
threshold=-0.42933334410190577 -14.283152580261229 -0.17911110818386075 0.17083333432674411 0.070833336561918273 -11.993721961975096 0.40416666865348821 -9.1265697479248029 0.12400000169873239 4.8362126350402841 2.8392821550369267 1.1800000071525576 -0.71177777647972096 5.1792669296264657 0.71305307745933544 0.056888889521360404 0.58933332562446605 -0.32000000774860377 -0.48600000143051142 -0.20545000582933423 0.18666666746139529 -8.8258118629455549 1.085600018501282 0.21999999880790713 -9.4292693138122541 -10.630514144897459 0.5000000149011613 -0.29199999570846552 -9.7371678352355939 3.9313857555389409
decision_type=2 2 2 2 2 2 2 2 2 2 2 2 2 2 2 2 2 2 2 2 2 2 2 2 2 2 2 2 2 2
left_child=1 10 3 5 9 17 7 8 13 15 -1 25 -3 23 16 -4 -14 -2 -18 20 21 -9 -15 24 -6 -5 27 -27 -20 -28
right_child=2 12 4 11 6 -7 -8 19 -10 -11 -12 -13 14 22 -16 -17 18 -19 28 -21 -22 -23 -24 -25 -26 26 29 -29 -30 -31
leaf_value=0.00087387149587291729 0.0011920682412990848 -0.12366613953119782 -0.0018637095675588288 -0.036114328905682606 -0.0070852144701618117 -0.0013894205847729672 -0.0031341958778332776 0.010449036444086179 0.28288095928020046 -0.0096157823626965497 -0.029440498860715154 -0.1271616339303544 -0.075214224921611311 0.05450654670033668 -0.16552511218186997 0.013537454734500617 -0.041813010682522113 0.00070738289207736629 -0.025262385398615361 0.058749377517328519 0.071817675459597982 -0.02093408788519411 -0.0074848716455615475 0.010295243371526644 0.0069293365828273779 -0.048568824958754066 -0.012160288502419502 -0.011974303269891476 0.032359175301592484 0.017797148674006759
leaf_weight=61 76 197 247 102 133 372 153 50 90 29 40 41 59 92 41 114 223 101 64 204 49 21 29 325 120 70 162 143 29 72
leaf_count=61 76 197 247 102 133 372 153 50 90 29 40 41 59 92 41 114 223 101 64 204 49 21 29 325 120 70 162 143 29 72
internal_value=-0.00106156 -0.0105042 0.00135063 -0.00195347 0.00362319 0.00350638 0.00560821 0.00703055 0.00453105 -0.00282051 0.00519802 -0.0070339 -0.0130914 0.002897 -0.00997596 -0.00103878 -0.00833333 0.0122881 -0.00617089 0.0131173 0.00666667 -0.000352113 0.0113636 0.00112457 -0.00286561 -0.00569217 -0.00397092 -0.00856808 0.00188172 0.000213675
internal_weight=3509 714 2795 1139 1656 549 1266 1113 789 390 101 590 613 699 416 361 375 177 316 324 120 71 121 578 253 549 447 213 93 234
internal_count=3509 714 2795 1139 1656 549 1266 1113 789 390 101 590 613 699 416 361 375 177 316 324 120 71 121 578 253 549 447 213 93 234
is_linear=0
shrinkage=0.05


Tree=19
num_leaves=31
num_cat=0
split_feature=13 10 56 10 16 8 10 14 44 14 13 14 8 13 12 12 4 13 45 14 0 13 8 10 12 46 8 22 16 36
split_gain=28.5721 12.0241 8.58204 7.96992 8.14901 8.06368 5.63959 5.08237 6.67398 5.04274 5.02302 4.83281 5.50265 4.53494 4.31046 5.63535 4.19805 3.86252 3.69531 3.32154 3.26243 3.17029 3.14569 3.1263 3.0734 3.06473 3.01762 2.69186 2.65807 2.63657
threshold=-0.46999999880790705 -14.283152580261229 -20.119499206542965 -9.2962894439697248 1.1800000071525576 0.30000001192092901 -13.810556411743162 0.38750000298023229 -2.4999999999999996 0.054166667163372047 -0.29199999570846552 0.22083333134651187 1.6999999880790713 -0.3053333312273025 5.9504361152648935 4.787647247314454 0.4200000017881394 0.24199999868869784 -1.577250003814697 0.13750000298023227 0.21999999880790713 -0.71177777647972096 1.8999999761581423 -10.14858293533325 3.6595002412796025 0.10016666725277902 0.76666668057441723 0.14675000309944156 0.34000000357627874 -0.23029999434947965
decision_type=2 2 2 2 2 2 2 2 2 2 2 2 2 2 2 2 2 2 2 2 2 2 2 2 2 2 2 2 2 2
left_child=1 9 -2 4 6 -5 13 8 11 -1 16 -7 -13 19 15 17 28 18 -12 -4 -20 -3 -22 -18 -15 29 -17 -25 -8 -9
right_child=2 21 3 5 -6 7 10 25 -10 -11 14 12 -14 24 -16 26 23 -19 20 -21 22 -23 -24 27 -26 -27 -28 -29 -30 -31
leaf_value=0.00083017792107927142 0.3589251441162819 -0.11748283255463793 0.000814268083807963 -0.0015619955611052491 -0.12212898123209899 0.02351366064379555 -0.016076929195491953 -0.0036181691352765045 0.040398644952648492 -0.017205808888662036 -0.038169965765266059 -0.0143588720646011 0.033426207885898111 -0.0010337596841232296 -0.0091349932445617208 -0.0086898138732333409 -0.02653979267733695 0.67939620012302149 -0.0056756254407960578 -0.0072726412922073796 0.0036351379286093293 -0.050578953671506159 -0.011432964672374276 0.026414940927315014 0.00096701170367508331 -0.01779495428392867 0.026766643593930141 -0.051222616902491462 -0.063749634129203744 0.0051258363763572769
leaf_weight=38 44 197 70 358 48 134 207 34 279 45 42 160 33 68 34 29 86 20 193 22 451 304 27 60 109 27 200 31 111 48
leaf_count=38 44 197 70 358 48 134 207 34 279 45 42 160 33 68 34 29 86 20 193 22 451 304 27 60 109 27 200 31 111 48
internal_value=-0.00120405 -0.0113014 0.000811966 0.000477265 -0.00154867 0.00389096 -0.000994318 0.00695804 0.00874587 0.0063253 -0.00219651 0.00389908 -0.0011658 0.00566914 -0.000150602 0.000467775 -0.00631313 -0.00167121 -0.0022791 0.0146739 -0.00137854 -0.0142216 0.00083682 -0.000141243 0.000988701 -0.00298165 0.00731441 0.00631868 -0.00974843 0.00182927
internal_weight=3509 584 2925 2881 1808 1073 1760 715 606 83 1491 327 193 269 996 962 495 733 713 92 671 501 478 177 177 109 229 91 318 82
internal_count=3509 584 2925 2881 1808 1073 1760 715 606 83 1491 327 193 269 996 962 495 733 713 92 671 501 478 177 177 109 229 91 318 82
is_linear=0
shrinkage=0.05


Tree=20
num_leaves=31
num_cat=0
split_feature=13 14 53 18 51 10 18 13 13 14 14 27 14 45 14 10 18 6 20 51 16 13 4 36 51 18 11 16 51 18
split_gain=26.5565 12.3255 9.74733 8.06965 9.0022 6.92789 5.79891 5.41367 5.3346 4.23133 4.24681 3.64541 3.92408 3.64272 3.83668 3.73705 4.00423 3.66361 3.54028 3.49952 4.10992 3.48225 3.44807 3.25986 2.97447 2.87904 2.84924 2.68324 2.58536 2.55602
threshold=-0.42933334410190577 0.095833335071802153 -19.681500434875485 0.70703703165054332 -0.48149999976158137 -14.948746204376219 0.73395556211471569 3.3686666488647465 0.049444444477558143 0.39583334326744085 0.37083333730697637 0.98820000886917125 0.029166667722165588 2.6789166927337651 0.32916666567325598 -9.1838188171386701 0.30385185778141027 0.90000000596046459 -1.6679999828338621 -1.3134999871253965 0.38000001013278967 -0.029555556364357468 0.78000000119209301 0.025449999608099464 -5.0104999542236319 0.2760476171970368 0.10518197715282442 0.29999999701976782 -0.84950000047683705 0.51379999518394481
decision_type=2 2 2 2 2 2 2 2 2 2 2 2 2 2 2 2 2 2 2 2 2 2 2 2 2 2 2 2 2 2
left_child=1 5 -2 4 18 -1 -5 9 -8 10 11 12 25 14 15 17 23 27 -4 -3 -21 -16 28 -17 -20 -6 -19 -14 -7 -26
right_child=2 19 3 6 7 22 8 -9 -10 -11 -12 -13 13 -15 21 16 -18 26 24 20 -22 -23 -24 -25 29 -27 -28 -29 -30 -31
leaf_value=0.00078866902502530787 0.346605040909861 -0.098079448791235105 0.0064227604581348647 -0.046967559451597092 0.08161216639562488 -0.027121341947437164 -0.015692007381986246 -0.0086782435823336349 0.078895192124159325 -0.0038409572411384381 0.04356532328771992 -0.011260082752325706 0.0057109311826340648 -0.029483518108512293 -0.0084492438968975635 0.054456222316406247 0.041384532985819185 -2.6011235544364377e-05 -0.025053497738163427 -0.019675295376233994 -0.070882393965727125 0.025854087268822979 -0.063866588033168331 -0.011503983373600167 -0.0011898768142638392 -0.0017413276311439828 0.013501035056756389 0.008135921541226096 0.017906458611321136 -0.017723946665502022
leaf_weight=62 54 294 201 74 38 43 75 61 24 85 61 128 171 44 97 26 249 283 37 147 68 25 85 42 359 208 117 84 31 264
leaf_count=62 54 294 201 74 38 43 75 61 24 85 61 128 171 44 97 26 249 283 37 147 68 25 85 42 359 208 117 84 31 264
internal_value=-0.00102488 -0.00952055 0.00118454 0.000771885 0.00147287 0.000339367 -0.00968208 0.00356312 -0.00176768 0.00410133 0.00468849 0.00416667 0.00491329 0.00615114 0.00671846 0.00776749 0.012224 0.00561069 -0.00270035 -0.0138016 -0.00895349 -0.00163934 -0.00518868 0.00147059 -0.0044697 -0.000813008 0.002625 0.0102941 0.0027027 -0.00365169
internal_weight=3537 730 2807 2753 2580 221 173 1719 99 1658 1573 1512 1384 1138 1094 972 317 655 861 509 215 122 159 68 660 246 400 255 74 623
internal_count=3537 730 2807 2753 2580 221 173 1719 99 1658 1573 1512 1384 1138 1094 972 317 655 861 509 215 122 159 68 660 246 400 255 74 623
is_linear=0
shrinkage=0.05


Tree=21
num_leaves=31
num_cat=0
split_feature=13 14 53 10 10 28 18 2 13 10 13 36 12 13 18 50 2 13 10 9 18 10 16 13 56 14 14 13 26 27
split_gain=24.8153 14.4999 8.7881 7.56226 6.9455 7.60173 6.03616 4.08028 3.75583 3.58907 5.85174 3.59016 3.39295 6.36084 3.36654 3.13469 3.04371 3.62379 3.00752 2.9364 3.86555 3.22346 2.77525 3.96688 3.68436 2.71619 3.01061 4.83297 3.07561 3.03589
threshold=-0.40000000596046442 0.095833335071802153 -19.681500434875485 -14.816375255584715 -9.2962894439697248 0.052450001239776618 0.70906665921211254 1.0077777802944186 -0.71177777647972096 -13.810556411743162 -0.31577777862548823 0.0046500000171363362 5.0193746089935312 0.10200000181794168 0.72674912214279186 2.5000000000000004 0.58933332562446605 -0.48600000143051142 -10.230141639709471 0.47922001779079443 0.76358386874198925 -1.0000000180025095e-35 0.97999998927116405 -0.10955555737018584 2.8874999284744267 0.029166667722165588 0.27916666865348821 -0.22000000625848767 -1.7730000019073484 -1.2462499737739561
decision_type=2 2 2 2 2 2 2 2 2 2 2 2 2 2 2 2 2 2 2 2 2 2 2 2 2 2 2 2 2 2
left_child=1 3 -2 -1 6 19 9 18 -3 10 -4 -12 15 -14 16 -11 -10 -18 -5 21 -21 25 23 24 -7 -6 29 -28 -29 -27
right_child=2 8 4 7 5 22 -8 -9 14 12 11 -13 13 -15 -16 -17 17 -19 -20 20 -22 -23 -24 -25 -26 26 27 28 -30 -31
leaf_value=0.00074923557377404261 0.32927478886436795 -0.12090909751011321 0.00072933637366949045 -0.034995926246987497 -0.0088528573705747311 0.016322066753632881 -0.062674748979984263 -0.18313660156901845 -0.067903890519706731 -0.0050812118515630444 -0.00074877415452904181 0.0061332268383195426 0.012323478552501106 -0.0082443314032169535 -0.13910419499615886 0.024052189240255605 -0.036616454481448811 0.003192303299870647 0.0077872263018037291 -0.016065753335541257 0.037587245596244226 0.10200354497843385 -0.0014328336037575024 0.052864025357002464 -0.04623806444990293 -0.0090860461591972582 -0.034798756430136059 0.073250016134823071 -0.00026514444217179883 0.021897667438485598
leaf_weight=69 54 146 61 47 71 113 60 28 113 1018 148 43 229 24 37 51 181 99 105 125 38 53 31 174 24 31 22 24 186 132
leaf_count=69 54 146 61 47 71 113 60 28 113 1018 148 43 229 24 37 51 181 99 105 125 38 53 31 174 24 31 22 24 186 132
internal_value=-0.000982471 -0.00857576 0.00132743 0.00150602 0.000921746 0.00415039 -0.00110159 -0.00388889 -0.012934 -0.000508259 0.00496032 0.00065445 -0.00155068 0.00365613 -0.0105814 -0.00278297 -0.00922392 -0.00642857 -0.000657895 0.00109971 -0.0047546 0.00293834 0.0102339 0.0116559 0.00529197 0.00160944 0.00322785 -0.000431034 0.00190476 0.00843558
internal_weight=3537 825 2712 249 2658 1024 1634 180 576 1574 252 191 1322 253 430 1069 393 280 152 682 163 519 342 311 137 466 395 232 210 163
internal_count=3537 825 2712 249 2658 1024 1634 180 576 1574 252 191 1322 253 430 1069 393 280 152 682 163 519 342 311 137 466 395 232 210 163
is_linear=0
shrinkage=0.05


Tree=22
num_leaves=31
num_cat=0
split_feature=13 16 47 45 18 10 13 28 18 47 18 13 12 14 45 0 9 14 9 14 10 12 13 14 46 12 12 14 14 27
split_gain=23.1667 14.0377 9.76016 8.74607 6.70169 7.04072 7.36317 5.46992 5.20583 4.63137 6.07246 4.15369 4.05253 3.92567 3.87074 3.746 5.93333 3.72997 3.66113 3.522 3.34231 3.4292 3.32813 3.71571 3.0802 2.9548 2.91468 2.83103 3.90228 3.59899
threshold=-0.40000000596046442 0.25999999791383749 0.1725776866078377 -6.4819166660308829 0.70906665921211254 -9.1121277809143049 -0.19799999892711637 0.058749999850988395 0.73395556211471569 0.77953118085861217 0.61073017120361339 0.049444444477558143 2.158299565315247 0.27083334326744085 -1.577250003814697 0.4200000017881394 0.13355626165866855 0.41249999403953558 1.4006283879280093 0.054166667163372047 -12.639276027679442 5.5488569736480722 -0.32000000774860377 0.14583333581686023 -0.008499999996274708 5.6247062683105478 0.45598541200160986 0.24583332985639575 0.27916666865348821 -0.11789999902248381
decision_type=2 2 2 2 2 2 2 2 2 2 2 2 2 2 2 2 2 2 2 2 2 2 2 2 2 2 2 2 2 2
left_child=1 2 12 -2 5 14 13 15 -6 10 26 -10 -1 24 -5 16 -8 18 20 -4 22 27 23 -16 -7 -20 -3 -22 -29 -30
right_child=3 9 19 4 8 6 7 -9 11 -11 -12 -13 -14 -15 17 -17 -18 -19 25 -21 21 -23 -24 -25 -26 -27 -28 28 29 -31
leaf_value=0.00071177379508534041 0.27032796744325482 0.010918632360527992 0.015596001782847502 -0.014541420219468054 -0.038339782483755469 0.034360451429508054 0.0040414436110366757 0.050988876277572759 -0.015095750487229699 -0.087498905686353767 -0.09482006501328244 0.073071070238139149 -0.0017768442676133964 -0.030862224152859375 0.00069286955498601595 -0.0026820035618247192 0.076276452436879902 -0.008275894336527069 -0.00094856742821587507 -0.027648159571693077 -0.0042175867009716971 0.040006836145902738 0.00056870072278581102 -0.0069102589279543547 -0.0097142416225495711 -0.0078321148330561061 -0.023974189380483259 0.025083547021293607 0.0072973861048681206 -0.0066389383517737599
leaf_weight=52 57 39 53 63 70 31 134 170 71 297 61 24 30 41 50 117 109 76 31 193 710 91 198 20 53 28 100 146 193 229
leaf_count=52 57 39 53 63 70 31 134 170 71 297 61 24 30 41 50 117 109 76 31 193 710 91 198 20 53 28 100 146 193 229
internal_value=-0.000996607 -0.00833333 -0.000304878 0.00123525 0.000819209 0.00146586 0.00591603 0.00849057 -0.00893939 -0.0136318 -0.00775 -0.00131579 0.0146341 -0.005 -0.000122616 0.005 0.00853909 0.000310384 0.000795991 -0.00528455 0.00123702 0.0002374 0.00634328 0.0157143 0.00119048 -0.0114407 -0.00197842 -0.00043036 0.0022007 -0.000236967
internal_weight=3537 825 328 2712 2655 2490 655 530 165 497 200 95 82 125 1835 360 243 1772 1696 246 1637 1369 268 70 84 59 139 1278 568 422
internal_count=3537 825 328 2712 2655 2490 655 530 165 497 200 95 82 125 1835 360 243 1772 1696 246 1637 1369 268 70 84 59 139 1278 568 422
is_linear=0
shrinkage=0.05


Tree=23
num_leaves=31
num_cat=0
split_feature=44 18 51 44 8 56 50 10 9 27 51 37 9 12 9 20 47 8 44 28 0 0 44 9 35 28 0 10 28 18
split_gain=18.2073 10.5864 8.54682 16.2812 6.75927 6.33781 5.63727 4.64804 4.14414 3.4109 3.84835 3.5282 3.64532 3.00684 4.58907 3.47314 3.11432 2.89119 2.72413 2.64936 2.83746 2.61873 2.56341 2.54922 2.45116 2.40378 2.38316 2.5282 2.6174 2.81767
threshold=-13.499999999999998 0.71116051077842724 -0.48149999976158137 74.500000000000014 0.36666667461395269 4.6959998607635507 2.5000000000000004 -13.810556411743162 1.1378814578056338 0.98820000886917125 0.80349999666214 1.0000000180025095e-35 0.44778953492641455 0.85510832071304332 0.11998809128999711 -1.580749988555908 0.7294786572456361 0.10000000521540643 -19.499999999999996 -0.34550000727176661 0.1799999997019768 0.21999999880790713 -2.4999999999999996 0.4437465518712998 -3.0320000648498531 1.7710999846458437 0.099999997764825835 -8.2584562301635724 0.023149999789893631 0.44034522771835333
decision_type=2 2 2 2 2 2 2 2 2 2 2 2 2 2 2 2 2 2 2 2 2 2 2 2 2 2 2 2 2 2
left_child=4 2 3 6 7 9 13 -1 21 10 11 12 24 14 -2 -16 -17 -12 -6 -13 -21 -3 -14 -19 -4 -7 -26 28 29 -28
right_child=1 8 5 -5 18 25 -8 -9 -10 -11 17 19 22 -15 15 16 -18 23 -20 20 -22 -23 -24 -25 26 -27 27 -29 -30 -31
leaf_value=0.00067618510533107344 -0.015673060759702873 0.0043865748805217075 -0.01317816613962336 0.32216627764836125 -0.11427612442971589 -0.010900113224469118 0.022291653338495577 -0.024674033833947919 0.021936354984995195 -0.007148167260361599 -0.0064373654686975135 0.0078970724516963225 0.00092896535185570887 -0.016237750157492459 0.028622329732223697 0.011071136184876191 -0.01751479350359025 0.020381247090927958 -0.033977331895766953 -0.0052860034369508011 -0.00060912058345359012 -0.050026390638045808 -0.0076573991332860025 0.05813662718466206 -0.00036214094460955865 -0.0013261332820902168 5.8629012575054805e-05 0.12907402396359671 0.025650895064747492 0.0027067904411610224
leaf_weight=31 74 25 20 58 97 63 82 101 35 147 42 26 55 564 44 84 114 525 286 50 219 142 124 29 68 50 132 45 48 157
leaf_count=31 74 25 20 58 97 63 82 101 35 147 42 26 55 564 44 84 114 525 286 50 219 142 124 29 68 50 132 45 48 157
internal_value=-0.00106729 0.000413633 0.00120567 -0.00245098 -0.00975728 0.00327778 -0.00400208 0 -0.0106436 0.00404564 0.00474026 0.00275424 0.0048151 -0.00517045 -0.00126582 0.00206612 -0.000757576 0.00788591 -0.0131201 -0.00177966 -0.00325279 -0.0139222 -0.00125698 0.00884477 0.00712766 -0.00818584 0.00788889 0.00942408 0.00793769 0.00614187
internal_weight=3537 3022 2820 1020 515 1800 962 132 202 1687 1540 944 649 880 316 242 198 596 383 295 269 167 179 554 470 113 450 382 337 289
internal_count=3537 3022 2820 1020 515 1800 962 132 202 1687 1540 944 649 880 316 242 198 596 383 295 269 167 179 554 470 113 450 382 337 289
is_linear=0
shrinkage=0.05


Tree=24
num_leaves=31
num_cat=0
split_feature=13 16 47 53 14 47 53 18 47 13 14 44 2 14 18 16 44 16 45 26 18 46 51 49 9 36 9 20 9 49
split_gain=21.3289 15.8049 8.60163 8.03851 5.37043 5.07924 5.79831 4.33887 4.74878 4.08361 3.47517 3.19421 3.94078 3.44445 2.91903 2.90457 2.84032 2.73547 2.63264 3.38395 2.51258 2.17114 2.18044 2.132 2.50618 2.11302 2.10723 2.07187 2.28024 2.06689
threshold=-0.40000000596046442 0.25999999791383749 0.1725776866078377 -19.681500434875485 0.38750000298023229 3.4738855361938481 0.75249999761581432 0.69464683532714855 0.77953118085861217 -0.018000000156462189 0.36249999701976782 -3.4999999999999996 0.18666666746139529 0.27916666865348821 0.39877493679523474 0.38000001013278967 -13.499999999999998 0.49999998509883886 -0.59516665339469899 -1.0187500119209287 0.1872857138514519 -0.016500000841915604 2.4909999370574956 1.0000000180025095e-35 0.11663933843374254 3.552650094032288 0.13355626165866855 0.8490000069141389 0.2052717208862305 1.5000000000000002
decision_type=2 2 2 2 2 2 2 2 2 2 2 2 2 2 2 2 2 2 2 2 2 2 2 2 2 2 2 2 2 2
left_child=1 2 -1 -2 5 6 10 8 15 11 16 13 -13 21 -4 -3 -5 -10 19 -18 -20 22 -8 -6 -25 -7 -16 28 -28 -22
right_child=3 7 14 4 23 25 9 -9 17 -11 -12 12 -14 -15 26 -17 18 -19 20 -21 29 -23 -24 24 -26 -27 27 -29 -30 -31
leaf_value=0.00064237585006451979 0.28318633716656882 0.00027429621383090951 0.028496266618505735 -0.014984608275557754 -0.0020594797157020631 -0.012553127876273447 0.0076904879525149482 -0.14595137245388501 -0.077709292198603022 0.059229589043684097 0.025286016000886313 0.0057775037241592081 0.049361379580738218 -0.018453970140027542 -0.044514557145244847 -0.035880533227769087 0.007955686361785173 -0.052127749694695448 0.070057783473803675 -0.02158946981038409 0.00046835780791047065 -0.0089066612679872155 0.048642869796171932 0.0061123885069179935 -0.012105387144008318 -0.0083186875037460951 0.0037517103909285423 -0.045012171773767762 -0.029262137118447162 -0.014856783947187141
leaf_weight=82 54 103 24 49 136 124 92 78 175 114 91 117 140 76 26 61 78 80 22 174 1146 43 25 20 95 28 65 44 87 88
leaf_count=82 54 103 24 49 136 124 92 78 175 114 91 117 140 76 26 61 78 80 22 174 1146 43 25 20 95 28 65 44 87 88
internal_value=-0.000869381 -0.00790909 0.000609756 0.00127212 0.000884123 0.00160989 0.00220621 -0.0135312 -0.0115155 0.00638386 0.000667476 0.00441176 0.00826848 0.000211864 -0.00406504 -0.00487805 0.000112396 -0.0157843 0.000497347 -0.00416667 0.00143312 0.004375 0.00790598 -0.0060757 -0.011087 -0.00723684 -0.00585586 -0.00408163 -0.00131579 0.00113452
internal_weight=3537 825 328 2712 2658 2407 2255 497 419 607 1648 493 257 236 246 164 1557 255 1508 252 1256 160 117 251 115 152 222 196 152 1234
internal_count=3537 825 328 2712 2658 2407 2255 497 419 607 1648 493 257 236 246 164 1557 255 1508 252 1256 160 117 251 115 152 222 196 152 1234
is_linear=0
shrinkage=0.05


Tree=25
num_leaves=31
num_cat=0
split_feature=13 10 18 13 26 6 13 51 12 18 36 19 13 4 4 11 18 45 8 13 47 11 56 0 47 50 12 10 12 5
split_gain=22.0994 20.1618 8.50601 8.00331 6.57913 5.01121 6.6829 4.70947 4.79189 4.43665 4.04412 4.1853 4.12873 6.75752 5.0858 8.0531 3.91726 3.29606 3.05995 3.85488 2.89287 2.60718 2.55865 2.495 4.72239 2.45584 2.43493 2.98408 2.97778 2.40698
threshold=-0.2357777804136276 -14.067451000213621 0.71116051077842724 -0.75177779793739308 -11.340499877929686 0.70000001788139354 -0.3599999994039535 -0.10249999910593031 0.56483963131904613 0.53991535305976879 4.9414498805999765 1.0000000180025095e-35 -0.018000000156462189 0.099999997764825835 0.13999999687075618 -0.32575838267803187 0.71305307745933544 -1.3507499694824217 0.43333333730697637 -0.31577777862548823 1.1978087425231936 0.22335510700941089 -0.32150000333786005 0.74000000953674328 0.77953118085861217 1.0000000180025095e-35 4.8139317035675058 -10.260846138000487 0.1448420584201813 0.32500000298023229
decision_type=2 2 2 2 2 2 2 2 2 2 2 2 2 2 2 2 2 2 2 2 2 2 2 2 2 2 2 2 2 2
left_child=1 18 3 -3 -2 6 7 8 23 -8 11 12 13 22 15 -14 17 -15 19 -1 29 25 -6 24 -5 -13 28 -28 -24 -9
right_child=4 2 -4 5 10 -7 9 20 -10 -11 -12 21 14 16 -16 -17 -18 -19 -20 -21 -22 -23 26 -25 -26 -27 27 -29 -30 -31
leaf_value=0.00061025705756129374 0.33151013089636461 -0.098540579297407296 -0.11209239056568299 0.0081244353829102202 -0.016510501372672737 -0.032701321869398219 0.012027637706062825 -0.020549483203012905 -0.04925830335095021 -0.0099807937953766811 -0.0064795690549925402 -0.0055246321543364861 -0.010929828561350078 -0.032033897667397691 0.002298286579928721 0.063970650636371404 -0.017422750109991957 0.016489016767858324 0.00022399646676906382 -0.0007786070150107593 -0.031438936706906846 -0.010611101404155337 -0.018448741739767915 0.0099906615971447343 -0.046160813932005988 0.0030677751177698876 4.3638284041708568e-05 -0.019162285152832238 0.0023183920838642904 0.013576734704432991
leaf_weight=88 37 125 126 42 95 177 184 58 272 102 23 76 22 21 261 204 44 580 114 20 58 44 34 73 54 98 36 29 339 92
leaf_count=88 37 125 126 42 95 177 184 58 272 102 23 76 22 21 261 204 44 580 114 20 58 44 34 73 54 98 36 29 339 92
internal_value=-0.000807823 -0.00518927 -0.00746515 -0.00620453 0.00276634 -0.00485612 -0.00339572 -0.00620185 -0.00912698 0.00297203 0.00236097 0.00261551 0.00346847 0.00186757 0.00734086 0.0128319 0.00531008 0.00636439 0.00878378 0.0148148 0 -0.00389908 -0.00229831 -0.00251479 -0.0078125 -0.00114943 -0.000684932 -0.00961538 0.000871314 0.00366667
internal_weight=3528 1585 1363 1237 1943 1112 935 649 441 286 1906 1883 1665 1178 487 226 645 601 222 108 208 218 533 169 96 174 438 65 373 150
internal_count=3528 1585 1363 1237 1943 1112 935 649 441 286 1906 1883 1665 1178 487 226 645 601 222 108 208 218 533 169 96 174 438 65 373 150
is_linear=0
shrinkage=0.05


Tree=26
num_leaves=31
num_cat=0
split_feature=13 16 18 13 10 53 10 13 14 51 46 47 16 14 8 14 27 0 8 12 36 21 12 13 2 10 21 28 14 36
split_gain=18.7226 17.8284 10.7224 7.98332 7.65819 6.43569 5.37025 5.14785 4.64452 4.35116 4.08686 4.28365 4.52308 4.04254 3.73963 3.88338 3.70879 3.54468 3.75937 3.09701 3.36768 2.95385 2.83279 2.67509 3.1875 3.40207 2.60837 2.59812 2.57343 4.09768
threshold=-0.17911110818386075 0.25999999791383749 0.67797777056694042 -0.72200000286102284 -12.219148635864256 -19.681500434875485 -9.1671533584594709 -0.29199999570846552 0.11250000074505807 -4.7409999370574942 -0.077500000596046434 0.6702827811241151 0.85999998450279247 0.10416666790843011 0.36666667461395269 0.41249999403953558 -0.12245000153779982 0.059999998658895499 1.8333333134651186 5.4141719341278085 0.066250000149011626 -0.32924999296665186 0.61123511195182811 -0.33200000226497645 0.34999999403953558 -9.6361823081970197 -0.31894999742507929 0.25150001049041754 0.12083333358168603 0.10060000047087671
decision_type=2 2 2 2 2 2 2 2 2 2 2 2 2 2 2 2 2 2 2 2 2 2 2 2 2 2 2 2 2 2
left_child=1 4 3 -3 7 -2 8 27 19 -6 23 28 -13 -9 -8 -16 -14 -10 -19 20 -7 -20 26 -5 -25 -26 -11 -1 -12 -30
right_child=5 2 -4 10 9 6 14 13 17 22 11 12 16 -15 15 -17 -18 18 21 -21 -22 -23 -24 24 25 -27 -28 -29 29 -31
leaf_value=0.00058959942529245317 0.26253874738657768 -0.098793167440727664 -0.10958059187818003 -0.020894081388489999 -0.085148989060894548 -0.0047148420879588177 0.0012780166620634231 -0.00078457958574825598 -0.010494540088791408 -0.012738072137353597 0.0021246219999450379 -0.047793793921292405 0.032280247052216042 0.0025943933018388043 0.025419306012271575 -0.0034451238192310055 -0.015732060034294185 0.0084574675703448232 -0.01186641814488161 -0.0071400999390306089 0.0045577539240511276 0.0003266159749294985 -0.012679688264782907 -0.029682117775014227 0.00048663720120901977 0.036272616660083849 0.0089751990093660527 -0.0094984832847410383 -0.020582508807639264 0.0015760682700589836
leaf_weight=141 52 91 143 175 37 127 274 27 60 64 61 260 28 31 362 32 24 627 30 26 39 48 218 28 65 53 184 25 101 95
leaf_count=141 52 91 143 175 37 127 274 27 60 64 61 260 28 31 362 32 24 627 30 26 39 48 218 28 65 53 184 25 101 95
internal_value=-0.000949546 -0.00441653 -0.00836299 -0.00649847 0.00168501 0.00287716 0.00232308 0.009375 -7.83699e-05 -0.00173956 -0.00505618 -0.00760105 -0.0115385 -0.00344828 0.00576347 0.00888325 0.00192308 0.00166667 0.00265957 -0.00703125 -0.00451807 -0.00769231 -0.000429185 -0.000545171 0.00445205 0.00805085 0.00322581 0.0138554 -0.00282101 -0.00561224
internal_weight=3528 1851 1124 981 727 1677 1625 224 957 503 890 569 312 58 668 394 52 765 705 192 166 78 466 321 146 118 248 166 257 196
internal_count=3528 1851 1124 981 727 1677 1625 224 957 503 890 569 312 58 668 394 52 765 705 192 166 78 466 321 146 118 248 166 257 196
is_linear=0
shrinkage=0.05


Tree=27
num_leaves=31
num_cat=0
split_feature=13 16 18 44 47 26 8 13 8 14 12 13 21 18 13 3 9 12 51 18 18 12 9 53 26 13 47 13 18 13
split_gain=17.1455 15.512 10.2271 8.80351 6.95392 6.64255 4.55715 4.18596 4.15107 6.4798 4.80915 4.08312 3.65695 3.64547 3.50724 8.27766 4.21948 3.72956 4.02373 2.91037 2.86569 2.86358 2.82001 2.70508 3.21283 2.68025 2.58311 3.55122 2.57492 2.56812
threshold=-0.17911110818386075 0.25999999791383749 0.67797777056694042 -10.499999999999998 1.956384599208832 -11.340499877929686 0.2333333417773247 -0.72200000286102284 0.5000000149011613 0.38750000298023229 5.4141719341278085 -0.31577777862548823 -0.35669998824596399 0.2853889018297196 -0.018000000156462189 0.15365386754274371 0.30079524219036108 1.0676095485687258 -1.7465000152587888 0.76358386874198925 0.498731479048729 0.26615428924560552 0.90475329756736766 0.81299999356269848 0.25300000607967382 -0.1031111106276512 0.1725776866078377 -0.29199999570846552 0.27918519079685217 -0.24199999868869779
decision_type=2 2 2 2 2 2 2 2 2 2 2 2 2 2 2 2 2 2 2 2 2 2 2 2 2 2 2 2 2 2
left_child=1 4 3 7 6 -2 11 -3 10 14 19 -1 -11 -5 15 20 -16 -17 -19 28 21 -10 -18 24 26 -20 27 -8 -7 -28
right_child=5 2 -4 13 -6 8 23 -9 9 12 -12 -13 -14 -15 16 17 22 18 25 -21 -22 -23 -24 -25 -26 -27 29 -29 -30 -31
leaf_value=0.0005811420380564073 0.30180768698221744 -0.094568816030523792 -0.10410156228427103 -0.027274109515745576 -0.030553203144024235 0.060844300614214045 0.0013505333071141738 -0.029671377914041522 0.0076627349266219572 -0.0071091743807366022 -0.0068225453970923739 -0.00077101125207567191 0.001006491306496865 -0.00056302962617415457 0.071635201303366883 0.031110732047945202 -0.0048923944707384348 -0.013446211026533927 0.0031166410857862816 0.037855962961125186 -0.013346893138269773 -0.0049201109202549227 0.25201595212576644 0.015393458554926099 -0.030274405846604204 0.047356679055589206 -0.0067387193328805944 -0.00029657622689122532 -0.003051261882778039 0.016790172832555874
leaf_weight=94 37 79 143 55 149 57 82 359 29 77 25 32 141 488 154 168 87 58 111 32 50 129 39 67 99 109 141 35 374 28
leaf_count=94 37 79 143 55 149 57 82 359 29 77 25 32 141 488 154 168 87 58 111 32 50 129 39 67 99 109 141 35 374 28
internal_value=-0.000963719 -0.00428147 -0.00796263 -0.00614169 0.0014099 0.00269827 0.00389273 -0.0114155 0.00222561 0.00386285 -0.00163934 0.0123016 -0.00389908 -0.00188766 0.00567452 0.00366972 0.0103571 0.00751121 0.00395683 -0.000485961 -0.00456731 -0.00126582 0.00357143 0.00154867 -6.49351e-05 0.00704545 0.00262238 0.00833333 -0.00156613 -0.00133136
internal_weight=3528 1851 1124 981 727 1677 578 438 1640 1152 488 126 218 543 934 654 280 446 278 463 208 158 126 452 385 220 286 117 431 169
internal_count=3528 1851 1124 981 727 1677 578 438 1640 1152 488 126 218 543 934 654 280 446 278 463 208 158 126 452 385 220 286 117 431 169
is_linear=0
shrinkage=0.05


Tree=28
num_leaves=31
num_cat=0
split_feature=13 14 47 56 44 16 46 10 5 14 13 5 13 14 14 13 2 2 50 14 44 44 56 56 13 14 16 18 0 51
split_gain=14.7579 13.7513 8.12419 6.68563 6.38599 5.7351 4.83333 4.45359 3.67578 3.37342 4.69242 6.36213 4.50445 6.06359 3.27192 3.1026 4.25485 4.18109 2.93962 2.92197 4.49501 2.83771 2.83381 2.7478 2.67395 2.94241 2.59358 3.16025 2.49507 3.04013
threshold=-0.2357777804136276 0.16250000149011615 1.4847347736358645 -22.291999816894528 -11.499999999999998 0.38000001013278967 0.019166666083037857 -9.4207630157470685 0.075000001117587103 0.40416666865348821 -0.018000000156462189 0.27500000596046453 -0.021111111156642434 0.079166669398546233 0.11250000074505807 -0.32600000500679011 0.43199999630451208 0.52599999308586132 1.0000000180025095e-35 0.15416666865348819 -2.4999999999999996 80.500000000000014 -0.20349999517202375 2.6384999752044682 -0.59177777171134938 0.045833334326744087 0.29999999701976782 0.44741667807102209 0.25999999791383749 0.083499997854232802
decision_type=2 2 2 2 2 2 2 2 2 2 2 2 2 2 2 2 2 2 2 2 2 2 2 2 2 2 2 2 2 2
left_child=1 2 5 -2 -3 6 8 14 -1 10 12 -12 13 -9 18 17 -17 -6 -5 -15 23 26 -10 -21 -4 -26 27 28 29 -16
right_child=3 4 24 7 15 -7 -8 9 22 -11 11 -13 -14 19 21 16 -18 -19 -20 20 -22 -23 -24 -25 25 -27 -28 -29 -30 -31
leaf_value=6.2017317433365969e-05 0.30671728355962025 -0.066815527985623333 -0.064954713107736192 -0.0048107097262781555 -0.038397645409260078 -0.17214493246415555 -0.0076679381086049263 -0.0062746440222261717 0.0046135878308916512 -0.003093395486218484 0.0013698756058855019 0.054844084177528653 -0.0060357486966337581 0.027175484568026587 -0.0043819725086262492 -0.027424604606655262 0.02589688743726011 -0.019803704865020422 0.0023897467180092266 0.0025153988383326276 0.028538495110300755 0.64707922029371689 0.0010151715609825127 -0.024586461049343547 0.011447465319892809 -0.023456749901717644 -0.0033650650835417937 -0.00063415229461786236 0.041427452114959649 0.024252138208647665
leaf_weight=128 39 328 93 142 120 29 138 178 88 114 101 173 82 53 28 77 110 179 51 137 178 22 162 23 37 96 352 190 58 22
leaf_count=128 39 328 93 142 120 29 138 178 88 114 101 173 82 53 28 77 110 179 51 137 178 22 162 23 37 96 352 190 58 22
internal_value=-0.000977891 -0.00455836 0.000226978 0.00194287 -0.00909091 0.00353211 0.00474806 0.00152311 0.00767196 0.00372955 0.00472973 0.010219 0.00241935 0.00399824 -0.00112717 -0.00545267 -0.00040107 -0.00861204 -0.00686528 0.00748082 0.00576923 0.000520833 0.0112 -0.0003125 -0.00774336 -0.00319549 -7.69231e-05 0.0033557 0.0101852 0.002
internal_weight=3528 1585 771 1943 814 545 516 1904 378 1039 925 274 651 569 865 486 187 299 193 391 338 672 250 160 226 133 650 298 108 50
internal_count=3528 1585 771 1943 814 545 516 1904 378 1039 925 274 651 569 865 486 187 299 193 391 338 672 250 160 226 133 650 298 108 50
is_linear=0
shrinkage=0.05


Tree=29
num_leaves=31
num_cat=0
split_feature=0 51 47 18 18 35 36 51 37 12 11 18 22 12 5 9 8 36 47 22 12 9 9 8 0 47 35 36 11 9
split_gain=9.95233 8.49471 7.10655 7.06851 6.14524 5.32294 5.3154 6.52593 5.52814 4.67813 3.63849 4.01723 3.00846 3.16525 2.84091 2.81537 2.53141 2.51886 3.18507 2.46439 2.40024 2.23019 2.53828 2.28709 2.22462 3.55342 2.23128 2.16462 2.97708 2.55364
threshold=0.62000000476837169 -6.50349998474121 0.12738908082246783 0.69464683532714855 0.71116051077842724 -1.0000000180025095e-35 3.552650094032288 0.53700000047683727 1.0000000180025095e-35 0.56483963131904613 -0.13944697380065915 0.76358386874198925 0.61625000834465038 0.97884228825569164 0.32500000298023229 0.15916388481855395 0.10000000521540643 -2.5056999921798702 2.970929861068726 0.41009999811649328 0.16454618424177173 0.11998809128999711 0.43975645303726202 1.0000000180025095e-35 0.1799999997019768 1.8326905965805056 -0.63574999570846547 0.1678000018000603 0.010936283972114326 0.25716295838356024
decision_type=2 2 2 2 2 2 2 2 2 2 2 2 2 2 2 2 2 2 2 2 2 2 2 2 2 2 2 2 2 2
left_child=1 -1 10 6 9 -5 7 8 12 15 -2 14 13 21 -12 -4 -17 -11 -19 -18 -9 -3 23 -23 -10 26 -26 -15 -29 -30
right_child=2 3 4 5 -6 -7 -8 20 24 17 11 -13 -14 27 -16 16 19 18 -20 -21 -22 22 -24 -25 25 -27 -28 28 29 -31
leaf_value=0.27138143845512552 0.00047044855346666041 -0.0024321473801517121 -0.082236744983999799 0.0042027712664115873 -0.11548550663714173 -0.047321307725095602 -0.007688208922013876 -0.0070286305181726967 -0.0065990458873888469 0.024363874994716039 -0.055242927080274319 0.037164395338278443 -0.012661774673887528 0.00039071006886600199 0.00037430578949864231 -0.010451656604680748 0.014970587463178954 -0.024459731816767874 -0.073010867366237409 -0.013349705380258488 0.012089331576443041 0.11709001882374287 -0.0021803834297201108 0.0025050066495320811 0.058490653594018907 -0.036542555176192003 -0.002465426012551048 0.002019531274481727 -0.026320713894448011 -0.0018492735455547665
leaf_weight=47 45 110 23 48 70 113 61 51 83 21 44 31 23 435 55 51 104 389 78 38 743 42 64 214 22 40 340 43 55 45
leaf_count=47 45 110 23 48 70 113 61 51 83 21 44 31 23 435 55 51 104 389 78 38 743 42 64 214 22 40 340 43 55 45
internal_value=-0.000864512 0.000746413 -0.00524236 0.00035545 -0.00729974 -0.00978261 0.00104386 0.00142857 -0.000494723 -0.00589489 0.00385714 -0.000384615 0.00157614 0.00198413 -0.00530303 0.000231481 0.00220207 -0.00860656 -0.00936831 0.0056338 0.00510076 0.00523256 0.00734375 0.00957031 -0.00489691 -0.00335821 -0.00179558 -0.000432526 -0.00576923 -0.0105
internal_weight=3528 2579 949 2532 774 161 2371 2310 1516 704 175 130 1031 1008 99 216 193 488 467 142 794 430 320 256 485 402 362 578 143 100
internal_count=3528 2579 949 2532 774 161 2371 2310 1516 704 175 130 1031 1008 99 216 193 488 467 142 794 430 320 256 485 402 362 578 143 100
is_linear=0
shrinkage=0.05


Tree=30
num_leaves=31
num_cat=0
split_feature=13 10 56 16 13 51 13 44 1 21 47 8 18 0 13 44 5 18 45 45 21 13 9 2 44 16 53 12 0 16
split_gain=14.1231 11.4071 6.89248 5.9335 6.77186 5.07792 5.03895 4.20833 3.69276 3.41258 3.5029 3.0019 2.93399 2.73905 3.62599 3.88611 3.16981 3.04677 3.02286 3.32227 2.83039 2.72659 6.46447 4.97916 3.01202 3.16422 2.9382 2.83912 2.7289 2.71799
threshold=-0.51377779245376576 -14.557687282562254 -22.291999816894528 1.1800000071525576 -0.14733333140611646 -0.48149999976158137 3.6500000953674321 80.500000000000014 0.47499999403953558 -4.1194999217987052 7.0626451969146737 0.30000001192092901 0.75272428989410411 0.21999999880790713 -0.29199999570846552 1.0000000180025095e-35 1.0000000180025095e-35 0.52556851506233226 -0.17941666394472119 -1.3507499694824217 -0.13695000112056729 -0.018000000156462189 0.25716295838356024 0.18666666746139529 -3.4999999999999996 0.21999999880790713 1.0159999728202822 3.2995767593383794 0.4200000017881394 0.38000001013278967
decision_type=2 2 2 2 2 2 2 2 2 2 2 2 2 2 2 2 2 2 2 2 2 2 2 2 2 2 2 2 2 2
left_child=1 11 -2 5 -5 7 9 13 -3 -7 21 -1 -6 -4 16 18 -15 -18 19 -16 -21 23 -23 -11 25 27 -26 -25 -24 -30
right_child=2 8 3 4 12 6 -8 -9 -10 10 -12 -13 -14 14 15 -17 17 -19 -20 20 -22 22 28 24 26 -27 -28 -29 29 -31
leaf_value=0.0004084565623404391 0.26201907049053386 -0.082103752765354754 -0.0086597471928117984 -0.096233375242596217 -0.025434257483124553 -0.016974349361584967 -0.0095859968361242803 0.21677388404302722 -0.029364559066835286 -0.0019725215282457519 -0.013193161092907735 -0.001393690022934302 0.0058278022438629012 0.018490202715271475 -0.021326296286102442 -0.012271411699744784 -0.0077417217841293517 -0.0349338071522741 -0.013704096707482025 0.021944033676749918 0.00082469759245742513 0.050042936952909692 0.072736933366338088 0.00048957870975264441 0.0034742687206122213 0.0002910821732695361 0.049763843858159178 0.0070224491093347349 -0.0059243657151200318 0.022323540335696807
leaf_weight=33 40 211 109 59 34 23 32 21 200 359 23 25 69 54 31 77 223 147 50 203 116 151 60 133 186 534 109 77 103 26
leaf_count=33 40 211 109 59 34 23 32 21 200 359 23 25 69 54 31 77 223 147 50 203 116 151 60 133 186 534 109 77 103 26
internal_value=-0.000611143 -0.0086887 0.000631355 0.000357262 -0.00895062 0.000886898 0.00247797 -0.00191562 -0.011618 0.00283072 0.00308064 0.012069 -0.00121359 -0.00237624 -0.00147059 0.00151992 -0.00483491 -0.00648649 0.0035 0.00514286 0.00666144 0.00333717 0.00735294 0.00236052 0.00411453 0.00241935 0.00838983 0.00761905 0.00119048 -0.00290698
internal_weight=3518 469 3049 3009 162 2847 1816 1031 411 1784 1761 58 103 1010 901 477 424 370 400 350 319 1738 340 1398 1039 744 295 210 189 129
internal_count=3518 469 3049 3009 162 2847 1816 1031 411 1784 1761 58 103 1010 901 477 424 370 400 350 319 1738 340 1398 1039 744 295 210 189 129
is_linear=0
shrinkage=0.05


Tree=31
num_leaves=31
num_cat=0
split_feature=13 16 56 47 16 13 27 51 13 2 13 9 56 18 19 16 51 13 8 9 13 26 12 50 12 18 51 51 51 18
split_gain=13.6305 9.93713 7.00255 6.85527 5.34359 6.24236 3.77827 4.65358 4.10518 5.10531 4.41863 4.27573 3.64257 2.93399 2.89946 5.26053 3.33282 3.90189 2.84058 2.81144 2.55619 2.55515 2.51198 2.49947 2.76919 2.36476 2.44696 3.12111 2.30455 2.25241
threshold=-0.51377779245376576 0.25999999791383749 -22.291999816894528 0.13200212270021441 1.1800000071525576 -0.14733333140611646 0.95399999618530285 0.46850000321865087 -0.018000000156462189 0.18666666746139529 -0.14111111313104627 0.079303145408630385 1.3324999809265139 0.75272428989410411 1.0000000180025095e-35 0.90000000596046459 -1.8525000214576719 3.1846666336059575 1.0333333611488345 0.10808568820357324 3.6980000734329228 2.8037500381469731 5.7267692089080819 1.0000000180025095e-35 2.7231107950210576 0.60763701796531688 -3.001500010490417 -1.4695000052452085 -5.0104999542236319 0.69464683532714855
decision_type=2 2 2 2 2 2 2 2 2 2 2 2 2 2 2 2 2 2 2 2 2 2 2 2 2 2 2 2 2 2
left_child=1 3 -2 -1 6 -6 7 14 9 11 12 -9 -11 -7 15 16 17 28 -10 -18 -21 -14 -8 -16 -25 26 -5 -28 -4 -3
right_child=2 29 4 25 5 13 22 8 18 10 -12 -13 21 -15 23 -17 19 -19 -20 20 -22 -23 -24 24 -26 -27 27 -29 -30 -31
leaf_value=0.00042650329767630543 0.24891811696600721 -0.046561999677791691 -0.042702842260808824 -0.033019202592875496 -0.091421706480466394 -0.024162544608968325 -0.0068244986341069683 0.0056370577466548282 0.0082912073879926381 0.013859134642531336 0.044244054473407485 -0.022631420048726127 -0.014244125897948386 0.0055364121316697551 -0.010916120127113712 0.07013737240944061 -0.001345226141376783 0.11110983794440586 0.065112638985117641 0.0018816685031955089 -0.010922289677377732 0.018468624764693419 -0.0048319115583348943 0.006007696154299331 -0.0083948585324851062 -0.081004640197576458 0.01222497921478154 -0.0076667181432571122 -0.0086317571306844115 -0.15706643281642527
leaf_weight=53 40 221 44 37 59 34 257 110 46 179 133 79 132 69 67 36 253 20 92 912 20 21 23 56 55 48 25 20 312 65
leaf_count=53 40 221 44 37 59 34 257 110 46 179 133 79 132 69 67 36 253 20 92 912 20 21 23 56 55 48 25 20 312 65
internal_value=-0.000753269 -0.0086887 0.000467366 0.000409836 0.000191093 -0.00864198 0.000693713 0.00129529 0.00448232 0.00282875 0.00564516 -0.00410053 0.00256024 -0.00121359 -0.000126761 0.000547902 0.000112108 -0.00398936 0.0123188 0.0014135 0.0026824 -0.00310458 -0.00482143 -0.00617978 -0.00157658 -0.00576923 -0.000609756 0.00722222 -0.00519663 -0.0145105
internal_weight=3518 469 3049 183 3009 162 2847 2567 792 654 465 189 332 103 1775 1597 1561 376 138 1185 932 153 280 178 111 130 82 45 356 286
internal_count=3518 469 3049 183 3009 162 2847 2567 792 654 465 189 332 103 1775 1597 1561 376 138 1185 932 153 280 178 111 130 82 45 356 286
is_linear=0
shrinkage=0.05


Tree=32
num_leaves=31
num_cat=0
split_feature=13 10 20 14 10 13 9 36 13 1 14 45 2 13 9 2 44 21 47 9 14 3 13 2 14 1 37 26 10 20
split_gain=13.3149 11.2902 6.76221 5.00506 4.47891 5.04624 7.81575 4.54339 3.90143 3.89005 3.6904 3.44491 3.39389 6.27141 8.89767 3.66155 3.96085 3.0992 2.93174 2.81958 2.96489 3.12195 2.74671 5.27493 2.66 2.49918 2.38845 3.09689 2.55124 2.7398
threshold=-0.51377779245376576 -14.557687282562254 -14.511000156402586 0.38750000298023229 -9.6361823081970197 -0.018000000156462189 0.43975645303726202 3.552650094032288 -0.14449999481439588 0.47499999403953558 0.054166667163372047 0.11291666701436044 0.18666666746139529 -0.13200000673532483 0.43975645303726202 0.43199999630451208 -3.4999999999999996 -0.33824999630451197 0.40111888945102697 0.077239841222763075 0.079166669398546233 0.12671032547950747 -0.39000000059604639 0.58933332562446605 0.012500000651925804 0.42499999701976782 0.45830000936985021 0.88650000095367443 -9.9153690338134748 0.32825000584125524
decision_type=2 2 2 2 2 2 2 2 2 2 2 2 2 2 2 2 2 2 2 2 2 2 2 2 2 2 2 2 2 2
left_child=1 10 -2 4 7 12 -7 11 -5 -3 -1 -4 19 15 -15 16 -14 -10 -19 20 -6 -22 23 -17 -24 -8 28 -28 -13 -30
right_child=2 9 3 8 5 6 25 -9 17 -11 -12 26 13 14 -16 22 -18 18 -20 -21 21 -23 24 -25 -26 -27 27 -29 29 -31
leaf_value=0.000385943351066046 0.25226548808605592 -0.075770466516083726 -0.00073095038104501137 -0.066323765361739048 -0.012351584686773618 0.053019450586377394 0.052980747801980622 -0.01328358333251578 -0.0074660917604541027 -0.026245370983849759 -0.004955441670821549 0.027632493646277925 -0.018016935111994811 0.074275641941178569 -0.010988099244027544 -0.033684681861689922 0.014782223769602072 -0.0026954952539808633 0.0070614990849826309 -0.017622643865535172 -0.0032415332297940098 0.010610222340308903 -0.0038166513734329503 0.024842049993841857 0.022146011365640782 -0.0046291765066794497 -0.037334227219415518 0.0065896706106721081 0.020770498444947966 -0.038893848993492179
leaf_weight=32 39 211 1044 57 44 167 25 47 76 200 26 101 216 173 49 56 87 69 59 98 85 74 21 52 150 94 27 93 26 20
leaf_count=32 39 211 1044 57 44 167 25 47 76 200 26 101 216 173 49 56 87 69 59 98 85 74 21 52 150 94 27 93 26 20
internal_value=-0.000739056 -0.00858209 0.000467366 0.000199336 0.000827574 0.00282171 0.00874126 -0.00121502 -0.00641762 -0.0114964 0.012069 -0.000667429 0.00128959 0.00298507 0.0101351 0.000257732 -0.00354785 -0.00318627 0.0015625 -0.0032392 0.000123153 0.00330189 0.00439068 -0.00185185 0.00833333 -0.00105042 0.00440075 -0.000833333 0.00867347 -0.00108696
internal_weight=3518 469 3049 3010 2749 1391 286 1358 261 411 58 1311 1105 804 222 582 303 204 128 301 203 159 279 108 171 119 267 120 147 46
internal_count=3518 469 3049 3010 2749 1391 286 1358 261 411 58 1311 1105 804 222 582 303 204 128 301 203 159 279 108 171 119 267 120 147 46
is_linear=0
shrinkage=0.05


Tree=33
num_leaves=31
num_cat=0
split_feature=13 14 20 51 17 14 10 10 17 13 9 14 3 45 15 12 9 18 18 18 12 0 50 3 17 13 18 21 2 18
split_gain=12.4559 10.122 6.42606 5.90053 5.03073 3.8151 3.54382 4.4611 3.10931 3.08118 5.3614 4.9655 4.30822 2.88974 2.85275 4.33042 2.79204 2.82631 2.76391 2.75958 2.68605 2.66639 2.61857 2.57094 2.54692 2.47824 2.96673 3.6768 2.80012 2.28478
threshold=-0.39000000059604639 0.19583333283662799 -14.511000156402586 -1.9499999880790708 0.37500000000000006 0.054166667163372047 -9.6361823081970197 -9.8614139556884748 0.54166665673255932 -0.018000000156462189 0.43975645303726202 0.39583334326744085 0.49050766229629522 0.025666666217148307 0.63333335518836986 2.0987914800643925 1.9524219632148745 0.70703703165054332 0.75272428989410411 0.64996296167373668 5.6650285720825204 0.059999998658895499 1.5000000000000002 0.12671032547950747 0.29166667163372045 -0.08485714346170424 0.28849206864833837 0.089800000190734877 0.34999999403953558 0.57258889079093944
decision_type=2 2 2 2 2 2 2 2 2 2 2 2 2 2 2 2 2 2 2 2 2 2 2 2 2 2 2 2 2 2
left_child=1 3 -2 8 5 -5 7 16 -1 12 11 -11 14 -3 15 23 17 -4 -12 -7 -18 -17 -9 -8 -15 26 -25 28 -28 -16
right_child=2 13 6 4 -6 19 9 22 -10 10 18 -13 -14 24 29 21 20 -19 -20 -21 -22 -23 -24 25 -26 -27 27 -29 -30 -31
leaf_value=-0.047222172334281137 0.23965221368175307 -0.056697399213996462 0.00058224355970503967 0.00038588096523918791 -0.1393894819264177 -0.00023588150567733867 -0.0025713020059329517 -0.020866374886390111 0.025304586873308839 0.050368478057058519 -0.0054071639621404771 -0.0017385936452749531 0.041096759404303122 0.003034861119488275 -0.0038156883368882901 -0.015808359012173916 0.0012347077411604568 -0.055956908135763532 0.046271957804342359 0.022568080622052393 -0.0056720979370586773 -0.0016418342564663458 0.016871145300343456 -0.0094030939676547354 -0.039931814972697599 0.019929654993171349 -0.0045482678153662987 0.013233942852345483 0.012925685907496371 -0.033375543309845067
leaf_weight=176 39 256 829 89 36 188 65 200 28 167 95 56 36 62 201 20 22 26 32 30 21 347 37 40 27 126 52 107 80 28
leaf_count=176 39 256 829 89 36 188 65 200 28 167 95 56 36 62 201 20 22 26 32 30 21 347 37 40 27 126 52 107 80 28
internal_value=-0.000724844 -0.0058296 0.00100914 -0.00159963 0.00240525 0.00447883 0.00070545 -0.00138767 -0.00833333 0.0023416 0.00642857 0.0110987 0.00104356 -0.0125362 0.000469043 0.00182198 0.000222717 0.000847953 -0.00177165 0.000917431 -0.0122093 -0.00224796 -0.00748945 0.005 -0.00477528 0.00648148 0.00385305 0.00596234 0.000378788 -0.00447598
internal_weight=3518 892 2626 547 343 307 2587 1135 204 1452 350 223 1102 345 1066 837 898 855 127 218 43 367 237 470 89 405 279 239 132 229
internal_count=3518 892 2626 547 343 307 2587 1135 204 1452 350 223 1102 345 1066 837 898 855 127 218 43 367 237 470 89 405 279 239 132 229
is_linear=0
shrinkage=0.05


Tree=34
num_leaves=31
num_cat=0
split_feature=16 13 44 20 10 10 51 16 19 14 47 13 16 8 16 16 13 44 50 36 18 18 17 10 36 18 26 16 51 26
split_gain=11.7126 10.0659 8.2126 7.16854 6.49139 4.62993 3.74733 4.66571 3.98719 4.07218 4.19791 3.71837 4.27365 3.34196 3.15394 2.64837 7.25647 6.65852 2.99669 3.16899 2.95055 2.85093 2.71859 2.59026 2.57553 2.59771 2.54902 2.47614 2.47268 2.41817
threshold=1.1800000071525576 -0.14733333140611646 -15.499999999999998 -14.511000156402586 -14.415544986724852 -10.244801998138426 -1.8525000214576719 0.85999998450279247 1.0000000180025095e-35 0.36249999701976782 7.0626451969146737 3.1846666336059575 0.38000001013278967 1.4333333373069765 0.90000000596046459 0.29999999701976782 3.3686666488647465 1.5000000000000002 2.5000000000000004 -1.1021500229835508 0.56729629635810863 0.44573332369327551 0.62500000000000011 -9.0316057205200178 0.34559999406337744 0.28849206864833837 -0.21474999934434888 0.38000001013278967 -0.67550000548362721 0.067999999970197691
decision_type=2 2 2 2 2 2 2 2 2 2 2 2 2 2 2 2 2 2 2 2 2 2 2 2 2 2 2 2 2 2
left_child=2 -2 4 -4 -1 28 7 11 9 10 14 12 13 -5 15 16 18 22 19 -8 21 29 24 -24 27 -26 -9 -17 -6 -21
right_child=1 -3 3 6 5 -7 8 26 -10 -11 -12 -13 -14 -15 -16 17 -18 -19 -20 20 -22 -23 23 -25 25 -27 -28 -29 -30 -31
leaf_value=0.00036658691697722849 -0.1115704924522188 -0.00035470559439892139 0.2306028643020902 -0.012730342781067987 -0.074947454402099808 -0.0078021516186960408 -0.0065599499682913905 0.0079979755269539658 -0.0043190052459466562 0.019179073973373581 -0.0042531454289046521 0.10242521468679167 -0.075918056428001937 0.024759714353271546 0.060639938014657481 -0.0030811052742389213 -0.0089985637786291536 0.15980544472533534 0.057830621956188023 0.00029672535603282227 0.0078417753244454224 -0.00018262004511071159 0.00034286071541130177 0.086248298670100726 -0.028454192613327319 0.0058283969641872938 -0.019820202262236412 -0.019862086023867024 -0.011055924971395382 0.020407649098259983
leaf_weight=31 109 104 38 244 119 119 137 136 138 120 25 20 100 39 32 227 39 43 20 332 243 389 94 28 29 168 20 140 27 208
leaf_count=31 109 104 38 244 119 119 137 136 138 120 25 20 100 39 32 227 39 43 20 332 243 389 94 28 29 168 20 140 27 208
internal_value=-0.000724844 -0.0120892 7.5643e-06 0.000789299 -0.00793919 -0.0104717 0.000513295 -0.00317531 0.00136816 0.00186895 0.00136955 -0.00601737 -0.00711488 -0.00397527 0.00160874 0.00137101 0.00266813 -0.0010631 0.00329195 0.00299847 0.00383959 0.00255651 -0.00225948 0.0045082 -0.0037234 0.000888325 0.00416667 -0.00619891 -0.0164384 0.00490741
internal_weight=3518 213 3305 3009 296 265 2971 559 2412 2274 2154 403 383 283 2129 2097 1368 729 1329 1309 1172 929 686 122 564 197 156 367 146 540
internal_count=3518 213 3305 3009 296 265 2971 559 2412 2274 2154 403 383 283 2129 2097 1368 729 1329 1309 1172 929 686 122 564 197 156 367 146 540
is_linear=0
shrinkage=0.05


Tree=35
num_leaves=31
num_cat=0
split_feature=13 16 35 47 14 26 8 10 18 12 10 3 51 16 4 28 9 8 37 37 53 13 44 18 4 18 16 53 50 13
split_gain=13.6653 11.0783 6.52289 5.56311 4.82931 5.06127 3.6047 3.83375 5.17669 3.62959 3.57192 3.16564 3.07226 3.06566 3.27013 3.04252 2.78753 2.7481 2.73947 3.77338 2.70028 2.69638 2.6771 2.59568 2.39197 2.32609 3.33514 2.19125 3.42792 2.75283
threshold=-0.33200000226497645 1.1800000071525576 -11.194750308990477 2.0052975416183476 0.17083333432674411 -0.96824997663497914 0.36666667461395269 -9.4207630157470685 0.29244443774223333 5.4141719341278085 -17.764625549316403 0.11324555054306985 0.69600000977516185 1.1800000071525576 0.099999997764825835 -0.33554999530315394 0.079303145408630385 1.966666638851166 -0.053600000217556946 1.0639500021934511 -1.4695000052452085 -0.11377777904272078 -19.499999999999996 0.27080741524696356 0.38000001013278967 0.37566666305065161 0.21999999880790713 -1.5855000019073484 1.0000000180025095e-35 -0.21200000494718549
decision_type=2 2 2 2 2 2 2 2 2 2 2 2 2 2 2 2 2 2 2 2 2 2 2 2 2 2 2 2 2 2
left_child=1 3 -2 4 10 -6 9 13 15 16 -1 -10 24 14 -8 -9 -4 27 20 -20 -12 -17 -5 -23 -7 26 -18 -16 -29 -30
right_child=2 -3 6 22 5 12 7 8 11 -11 18 -13 -14 -15 17 21 25 -19 19 -21 -22 23 -24 -25 -26 -27 -28 28 29 -31
leaf_value=-0.00022876002083981113 0.27066893331825209 -0.11091297404685291 -0.0082357683624978851 -0.097127496903663513 0.010639007432002735 -0.041857497803163564 -0.0036623294115087791 -0.012255282391887733 -0.0021823890723804916 -0.0040404881574594197 -0.056221495102682886 0.017766445446012618 0.0061658337957868296 -0.061227621264302347 -0.001168606718382477 -0.015581203956972276 -0.0017866878583605997 -0.010962149961207953 0.0051854743410084158 -0.020199716726994651 0.0027834811810848754 0.029480850325209973 -0.032107243905993413 -0.0043760881887122379 -0.029874347437847795 -0.00075005360359872697 0.03026882254900657 0.0019737276659021114 0.0049108349824741222 0.048216549178794678
leaf_weight=27 37 80 88 59 89 54 244 86 54 21 50 465 58 25 227 30 42 21 220 43 79 81 169 27 210 362 90 328 85 92
leaf_count=27 37 80 88 59 89 54 244 86 54 21 50 465 58 25 227 30 42 21 220 43 79 81 169 27 210 362 90 328 85 92
internal_value=-0.000670336 -0.00518453 0.0014657 -0.00382798 -0.00192771 -0.00577859 0.0011402 0.00228045 0.00501346 -0.00219735 0.00184964 0.0077553 -0.00869565 0.000293542 0.000727182 -0.00133929 -0.00146048 0.00235724 0.00306122 0.00598859 -0.00290698 0.00326087 -0.0107456 0.00694444 -0.0109848 0 0.00568182 0.00286885 0.00470297 0.0103107
internal_weight=3543 1138 2405 1058 830 411 2368 1765 743 603 419 519 322 1022 997 224 582 753 392 263 129 138 228 108 264 494 132 732 505 177
internal_count=3543 1138 2405 1058 830 411 2368 1765 743 603 419 519 322 1022 997 224 582 753 392 263 129 138 228 108 264 494 132 732 505 177
is_linear=0
shrinkage=0.05


Tree=36
num_leaves=31
num_cat=0
split_feature=13 18 56 47 15 12 18 10 18 21 13 4 20 15 10 13 45 44 22 9 20 18 26 28 10 12 6 22 12 28
split_gain=12.0446 9.26497 6.03881 4.92466 3.39977 3.60241 3.22312 4.65388 3.50555 4.28143 4.15068 3.26126 3.15047 3.2483 3.22532 2.9231 2.78259 2.7095 2.64041 2.42345 2.43301 2.45048 2.39382 2.26419 2.66909 2.37124 2.20524 2.15842 3.32739 2.1224
threshold=-0.33200000226497645 0.71305307745933544 -22.291999816894528 2.0052975416183476 0.56666669249534618 5.4141719341278085 0.28849206864833837 -9.4207630157470685 0.26624578237533575 0.4434999972581864 -0.14449999481439588 0.1799999997019768 -1.0907499790191648 0.10000000521540643 -17.601419448852536 -0.16600000113248822 0.14633332937955859 -19.499999999999996 -0.96260002255439747 0.070048812776803984 0.28474999964237219 0.27080741524696356 0.27824999392032629 0.070049997419118895 -9.1265697479248029 3.8053679466247563 0.40000000596046453 0.14675000309944156 5.1558103561401376 0.15129999816417697
decision_type=2 2 2 2 2 2 2 2 2 2 2 2 2 2 2 2 2 2 2 2 2 2 2 2 2 2 2 2 2 2
left_child=1 3 -2 12 6 19 8 27 9 10 -4 15 26 16 -15 -9 -14 -5 -16 -6 21 -21 -17 24 25 -12 -1 28 29 -8
right_child=2 -3 4 17 5 -7 7 11 -10 -11 23 -13 13 14 18 22 -18 -19 -20 20 -22 -23 -24 -25 -26 -27 -28 -29 -30 -31
leaf_value=0.014980061588924976 0.22053928395781625 -0.081752636896388731 -0.019589366616678188 -0.083600903925266465 -0.010152941470415714 -0.0038384637495864488 -1.0302716864839094e-06 -0.014845390893845534 -0.0044002563368959703 -0.0294622330920522 -0.017510087170593797 0.023374334382573449 -0.033397769134232536 -0.00021732201979782055 -0.047336018535806663 0.0024761050302106974 0.0012042292069457394 -0.030501881710693741 9.3790992276347144e-05 0.065421745349964186 0.014967966589587357 -0.00079166074940805191 0.021589537576130548 0.036286753470155718 0.013784865657595347 0.029931141987505461 -0.020312868929153117 -0.0031598637636544927 0.01951539735205789 0.012867527972726703
leaf_weight=120 38 100 40 56 76 21 352 29 103 55 28 184 177 35 22 198 75 169 345 36 48 424 118 75 29 27 39 389 88 47
leaf_count=120 38 100 40 56 76 21 352 29 103 55 28 184 177 35 22 198 75 169 345 36 48 424 118 75 29 27 39 389 88 47
internal_value=-0.000726785 -0.00496485 0.00127859 -0.00356455 0.000961132 -0.00227273 0.00207151 0.00314947 -0.00217087 0.000984252 0.00439698 0.00685255 -0.00175277 -0.00328746 -0.000497512 0.00398551 -0.0077381 -0.0101111 0.000885559 -0.0015411 -0.000295276 -0.00141304 0.00537975 0.00801887 0.00238095 -0.00409091 0.00455975 0.000913242 0.00313142 0.00119048
internal_weight=3543 1138 2405 1038 2367 605 1762 1405 357 254 199 529 813 654 402 345 252 225 367 584 508 460 316 159 84 55 159 876 487 399
internal_count=3543 1138 2405 1038 2367 605 1762 1405 357 254 199 529 813 654 402 345 252 225 367 584 508 460 316 159 84 55 159 876 487 399
is_linear=0
shrinkage=0.05


Tree=37
num_leaves=31
num_cat=0
split_feature=13 56 16 10 18 12 13 10 4 13 14 12 26 18 47 11 28 3 4 21 35 12 11 27 16 26 36 26 53 13
split_gain=11.4155 6.57629 4.69065 4.97866 4.54829 3.66387 7.70501 4.62685 3.99082 7.02625 3.85857 5.06132 3.60759 3.19358 3.1276 3.00189 2.82531 2.42918 2.37969 2.40501 2.19104 3.91568 2.04283 2.92006 2.89665 2.28032 2.54509 1.96845 1.94141 1.90941
threshold=-0.50733333826065052 -22.291999816894528 1.1800000071525576 -9.3748416900634748 0.71210584044456493 5.1105892658233651 0.075142856687307372 -9.2962894439697248 0.38000001013278967 -0.33200000226497645 0.17916666716337207 3.2995767593383794 -1.0784999728202818 0.28849206864833837 2.0052975416183476 -0.19123621284961698 0.058749999850988395 0.19831921160221103 0.62000000476837169 2.5601999759674077 -0.387250006198883 0.6327427625656129 0.1010846607387066 -0.15720000118017194 0.25999999791383749 1.3959999680519106 -0.34964999556541437 -1.8530000448226926 -0.33699999749660486 -0.14449999481439588
decision_type=2 2 2 2 2 2 2 2 2 2 2 2 2 2 2 2 2 2 2 2 2 2 2 2 2 2 2 2 2 2
left_child=4 -2 5 -4 14 7 12 8 9 10 11 -3 -7 -11 15 -1 -9 28 19 -10 21 -17 25 -24 -25 -15 -27 -16 -14 -19
right_child=1 2 3 -5 -6 6 -8 16 18 13 -12 -13 17 22 27 20 -18 29 -20 -21 -22 -23 23 24 -26 26 -28 -29 -30 -31
leaf_value=8.4294304464128893e-05 0.20951231975992546 -0.020657683698798845 -0.069653709119042048 -0.0015586414390532336 -0.12114865553688203 0.04009107717134322 -0.0043835704535901713 0.0010382264153065881 0.0049382428873667285 -0.0058958811602514653 -0.065832131038191147 0.013392327037849684 -0.021296566807271395 -0.0010556076805444349 -0.018459957852595067 0.02535603929318302 0.015272394324137746 0.0061687038304017077 -0.0077511495399872898 -0.0097604916632865833 -0.027150069563388481 -0.031864942446375145 0.026617100966188287 0.015611173864588365 -0.011823967277730619 -0.015887619270981767 0.01411828743265324 -0.063652806991830194 0.0037427317209734676 0.046389673146903676
leaf_weight=50 38 54 51 112 56 48 26 612 477 152 62 22 20 463 38 23 275 131 113 24 140 51 54 40 62 28 61 100 90 70
leaf_count=50 38 54 51 112 56 48 26 612 477 152 62 22 20 463 38 23 275 131 113 24 140 51 54 40 62 28 61 100 90 70
internal_value=-0.000712673 0.000380875 0.000123072 -0.00812883 -0.0080786 0.000589459 0.00512987 -0.000110044 -0.00170596 -0.00365731 -0.0141304 -0.00657895 0.00703343 -0.00197674 -0.00621891 -0.0030303 0.0027903 0.00506431 0.0014658 0.00294411 -0.00560748 0.00135135 -0.000564972 0.00448718 -0.000490196 -0.00199275 0.00533708 -0.0123188 -0.000909091 0.00833333
internal_weight=3543 3085 3047 163 458 2884 385 2499 1612 998 138 76 359 860 402 264 887 311 614 501 214 74 708 156 102 552 89 138 110 201
internal_count=3543 3085 3047 163 458 2884 385 2499 1612 998 138 76 359 860 402 264 887 311 614 501 214 74 708 156 102 552 89 138 110 201
is_linear=0
shrinkage=0.05


Tree=38
num_leaves=31
num_cat=0
split_feature=44 16 56 8 13 36 47 45 13 18 56 16 16 44 8 13 16 36 18 21 12 53 22 56 36 27 26 56 35 20
split_gain=9.89042 7.0961 6.85696 6.35352 5.32329 3.60762 3.14741 3.05509 2.35293 2.83254 2.95213 2.3068 7.83238 5.62849 4.42792 3.81938 3.48996 3.41684 3.05051 2.72293 2.52187 2.50334 2.44879 2.3531 2.30612 2.2569 2.16913 2.16833 2.6996 2.2055
threshold=-15.499999999999998 1.1800000071525576 -22.291999816894528 0.43333333730697637 -0.1858333349227905 3.552650094032288 1.8881500959396365 0.45174999535083776 -0.058000000193715089 0.29244443774223333 4.425999879837037 0.85999998450279247 0.38000001013278967 2.5000000000000004 1.6999999880790713 0.21266666799783709 0.97999998927116405 -0.18050000071525571 0.51588761806488048 0.76514998078346264 5.3293452262878427 -1.4415000081062315 0.50540000200271618 1.485000014305115 0.3835000097751618 -0.031050000339746472 -1.1317499876022337 -1.9690000414848325 -1.3037499785423277 0.58300000429153453
decision_type=2 2 2 2 2 2 2 2 2 2 2 2 2 2 2 2 2 2 2 2 2 2 2 2 2 2 2 2 2 2
left_child=3 2 -2 6 -3 7 -1 11 9 24 -11 12 14 17 15 22 19 26 -18 -13 -19 -17 23 27 -9 -6 -14 28 -4 -29
right_child=1 4 5 -5 25 -7 -8 8 -10 10 -12 16 13 -15 -16 21 18 20 -20 -21 -22 -23 -24 -25 -26 -27 -28 29 -30 -31
leaf_value=0.0014466049208319539 0.2111034520042476 -0.075777246201659071 0.008615022577672821 -0.058056525233315018 -0.015249329664182663 -0.0072886531943072222 -0.030990223979191246 0.0002733143412129324 0.034053762270430332 0.012127506635841901 -0.0078200463474526957 0.029323101758612708 -0.01239114114750731 0.61224609901577809 0.027722802992351987 0.0076434635209158943 0.0083794385383982716 -0.0085689130533440298 -0.00471219764416654 -0.055116989269599709 0.017301646690088539 -0.0083370883025042034 -0.0053353225104710916 -0.036803566382730628 -0.025255269533371583 0.00079187105127869752 -0.037690645152306558 0.0011510475593614945 -0.029223699769527392 0.018800007334769477
leaf_weight=64 37 84 73 201 22 72 45 43 142 227 88 162 34 21 66 21 53 179 76 21 24 50 373 20 28 85 94 980 101 57
leaf_count=64 37 84 73 201 22 72 45 43 142 227 88 162 34 21 66 21 53 179 76 21 24 50 373 20 28 85 94 980 101 57
internal_value=-0.000500988 0.000317043 0.000904011 -0.00903226 -0.00903141 0.000640599 0.000688073 0.000912035 0.00435606 0.00233161 0.00436508 0.000155925 -0.000441949 -0.00724432 0.000933372 0.000432836 0.00416667 -0.00883686 -0.00213178 0.00860656 -0.00480296 -0.0109155 0.000935162 0.00201056 -0.00669014 -0.00163551 -0.0152344 0.00229149 -0.00287356 0.00315815
internal_weight=3543 3233 3042 310 191 3005 109 2933 528 386 315 2405 2093 352 1741 1675 312 331 129 183 203 71 1604 1231 71 107 128 1211 174 1037
internal_count=3543 3233 3042 310 191 3005 109 2933 528 386 315 2405 2093 352 1741 1675 312 331 129 183 203 71 1604 1231 71 107 128 1211 174 1037
is_linear=0
shrinkage=0.05


Tree=39
num_leaves=31
num_cat=0
split_feature=44 56 16 13 15 27 27 51 20 26 20 18 53 18 16 18 18 53 45 22 0 22 37 10 45 13 3 22 10 16
split_gain=10.2679 6.60333 5.14676 5.83177 4.86462 3.04996 2.91739 2.75527 3.59577 2.40339 2.70835 4.54388 2.27535 2.26186 2.1537 3.01166 2.12211 2.09799 2.09017 2.73573 2.35169 2.17739 2.08885 2.82021 2.07998 3.17416 3.09032 2.79412 2.64691 2.03668
threshold=-15.499999999999998 -22.291999816894528 1.1800000071525576 -0.25200000405311579 0.5000000149011613 -0.10744999721646308 1.5527999997138979 -2.2109999656677242 -1.3057500123977659 0.20300000160932544 -0.6392499804496764 0.42599999904632574 0.043500000610947616 0.6712261736392976 0.25999999791383749 0.48739683628082281 0.60981348156929027 0.65549999475479137 0.014166666660457851 -1.4660499691963194 0.21999999880790713 -0.47309999167919153 1.5494000315666201 -10.652754783630369 0.57458332180976879 -0.006000000284984707 0.15365386754274371 0.29529999196529394 -9.0232815742492658 0.85999998450279247
decision_type=2 2 2 2 2 2 2 2 2 2 2 2 2 2 2 2 2 2 2 2 2 2 2 2 2 2 2 2 2 2
left_child=4 -2 6 -4 16 -5 7 8 14 10 11 18 -6 -12 -3 -16 -1 -13 20 -20 -9 -21 23 -8 27 26 -26 -11 -29 -10
right_child=1 2 3 5 12 -7 22 9 29 24 13 17 -14 -15 15 -17 -18 -19 19 21 -22 -23 -24 -25 25 -27 -28 28 -30 -31
leaf_value=-0.038295040823808968 0.18848153117171684 0.035439804930694194 -0.075683768704424975 -0.028880369698170656 0.00069101200899484053 0.00074681494693027437 -0.0029134923031143723 -0.01339305154115206 -0.032972777270489813 0.0080700929258666568 -0.0003938002501827631 0.0099646752326493782 -0.079479193417242439 0.0052122461951585215 -0.04190782538714885 0.007244797700992788 -0.086077307534759201 0.03402591016764258 -0.047146545552033126 0.0070871144478176556 -0.0042368313470941372 -0.0060444602729786221 -0.024795458817071486 -6.984061335478086e-05 -0.0096456862239386876 0.056577937732318929 0.017497285657666339 -0.0020280606814988972 0.022024869068913315 0.0017027515620205991
leaf_weight=125 38 45 77 21 88 92 24 35 173 187 1023 262 21 34 50 132 76 34 20 33 67 26 32 122 23 38 172 376 42 55
leaf_count=125 38 45 77 21 88 92 24 35 173 187 1023 262 21 34 50 132 76 34 20 33 67 26 32 122 23 38 172 376 42 55
internal_value=-0.000500988 0.000332509 8.6072e-05 -0.00789474 -0.00919355 -0.000663717 0.000590682 0.000981606 -0.00258242 0.00166526 0.000488918 0.00361635 -0.000688073 -0.000922422 0.00187225 -0.000549451 -0.013806 0.00743243 -0.00262431 0.00348101 -0.00735294 0.00889831 -0.00561798 -0.00308219 0.00381862 0.00783262 0.00525641 0.00227273 0 -0.00701754
internal_weight=3543 3233 3195 190 310 113 3005 2827 455 2372 1534 477 109 1057 227 182 201 296 181 79 102 59 178 146 838 233 195 605 418 228
internal_count=3543 3233 3195 190 310 113 3005 2827 455 2372 1534 477 109 1057 227 182 201 296 181 79 102 59 178 146 838 233 195 605 418 228
is_linear=0
shrinkage=0.05


Tree=40
num_leaves=31
num_cat=0
split_feature=44 35 45 51 47 13 12 26 50 47 35 21 12 22 11 47 13 9 0 21 19 9 27 14 8 13 0 46 51 5
split_gain=9.56105 5.63159 4.69095 3.60998 3.73938 3.50083 3.00694 3.33622 2.24917 2.94165 2.36151 2.85088 2.23729 3.60132 3.03987 2.52873 4.48 4.30229 2.22839 2.21731 2.82206 2.20535 3.16532 2.1963 2.20466 2.07386 3.3886 2.8287 2.34165 2.60102
threshold=-13.499999999999998 -12.266499996185301 -1.1013333201408384 0.55099999904632579 7.0626451969146737 0.021999999880790714 0.51467344164848339 -0.71924999356269825 1.5000000000000002 0.18318676203489306 -0.42125000059604639 -0.083750002086162553 0.80426144599914562 -0.15059999376535413 0.13405642658472064 0.20886220782995227 3.3686666488647465 0.56250992417335521 0.62000000476837169 -0.23124999552965161 1.0000000180025095e-35 0.28923450410366064 0.1300499960780144 0.054166667163372047 0.43333333730697637 -0.14111111313104627 0.21999999880790713 -0.067499998956918703 3.3835000991821294 0.42499999701976782
decision_type=2 2 2 2 2 2 2 2 2 2 2 2 2 2 2 2 2 2 2 2 2 2 2 2 2 2 2 2 2 2
left_child=2 -2 -1 8 5 23 7 -4 12 -10 21 -12 13 -3 -15 16 -14 19 -19 20 -17 22 -11 -5 -25 -26 27 -27 29 -28
right_child=1 3 6 4 -6 -7 -8 -9 9 10 11 -13 15 14 -16 17 -18 18 -20 -21 -22 -23 -24 24 25 26 28 -29 -30 -31
leaf_value=-0.058965358375049098 0.25203757261480603 0.012607785668969246 0.038846163589023409 -0.0075345744845185057 -0.0018279422554723656 0.055492044482795613 -0.010340242370837331 -0.0024168744014355205 0.02965472547958822 0.015409946746525778 -0.00050651903986106191 -0.034621488701313999 0.00027647680281257586 -0.00093484353256574897 0.0079524003556805303 -0.0026315269898238738 -0.0081214149878150767 0.029559912588181192 -0.0089210419815920258 -0.019551239902603476 -0.010930093319745104 -0.005617051353921188 -0.0076345503216195603 0.016148709417755855 -0.00062031587943205124 0.0063268065246504419 0.0043239104506989246 -0.0059746054714219787 0.092817679327998656 0.041651365918211898
leaf_weight=132 23 160 22 75 32 60 281 77 25 158 52 24 300 583 31 185 36 54 27 282 35 99 38 60 331 93 74 133 44 39
leaf_count=132 23 160 22 75 32 60 281 77 25 158 52 24 300 583 31 185 36 54 27 282 35 99 38 60 331 93 74 133 44 39
internal_value=-0.000708275 0.000352113 -0.00703125 0.000165017 0.00273645 0.00332783 -0.00421053 0.00328283 -0.000993298 0.00239899 0.00128032 -0.00657895 -0.00178677 0.000193798 -0.00154723 -0.00345484 0 -0.00544597 0.00524691 -0.00717131 -0.00340909 0.00330508 0.00637755 0.00250294 0.00329457 0.00252101 0.00502611 0.00110619 0.0106688 0.00685841
internal_weight=3565 3053 512 3030 941 909 380 99 2089 396 371 76 1693 774 614 919 336 583 81 502 220 295 196 849 774 714 383 226 157 113
internal_count=3565 3053 512 3030 941 909 380 99 2089 396 371 76 1693 774 614 919 336 583 81 502 220 295 196 849 774 714 383 226 157 113
is_linear=0
shrinkage=0.05


Tree=41
num_leaves=31
num_cat=0
split_feature=44 16 13 16 15 56 46 21 56 36 53 21 47 18 12 18 44 11 46 18 36 51 12 12 18 18 36 20 16 18
split_gain=6.82236 6.19383 6.95199 5.9365 5.43085 4.48106 4.17473 3.82105 3.75579 3.49264 3.54828 3.09314 3.08472 3.01415 2.97717 2.76065 2.93917 5.21714 2.5765 2.46711 2.44263 2.19984 2.09819 2.04876 2.02462 3.25 1.97783 1.993 2.80966 6.59824
threshold=-15.499999999999998 0.97999998927116405 -0.25200000405311579 0.90000000596046459 0.56666669249534618 -22.291999816894528 1.0000000180025095e-35 0.054599998518824584 -2.9999999999999996 3.552650094032288 0.9584999978542329 -0.31894999742507929 0.37503899633884435 0.46417459845542913 4.2936573028564462 0.20960185676813128 -4.4999999999999991 0.042064482346177108 0.067833334207534804 0.76358386874198925 -0.052300000563263886 1.9235000014305117 0.52040332555770885 0.20823650062084201 0.53991535305976879 0.44034522771835333 -1.6942500472068784 -1.114750027656555 0.4200000017881394 0.52134984731674205
decision_type=2 2 2 2 2 2 2 2 2 2 2 2 2 2 2 2 2 2 2 2 2 2 2 2 2 2 2 2 2 2
left_child=4 3 -3 5 14 -2 7 19 13 10 26 -12 -6 -7 22 -13 17 -17 -15 -4 -14 -19 -1 -18 25 -23 -10 -28 -29 -30
right_child=1 2 6 -5 12 8 -8 -9 9 -11 11 15 20 18 -16 16 23 21 -20 -21 -22 24 -24 -25 -26 -27 27 28 29 -31
leaf_value=-0.010082816663544781 0.17852232421470904 -0.074282076450019413 -0.0038621201112809273 0.055158477161113287 0.00060160723584308257 -0.052294734304590966 -0.0073771707283539212 0.014687562974001228 -0.0069467444298541101 -0.0043741619548021025 0.024574426341395096 -0.014287865566160719 0.01509178923983312 -0.030101823385977784 0.010225224981713478 -0.015208044021067908 -0.0022411923367398057 0.016148352784855529 0.035017719415561567 0.0097020025112103531 -0.019971807731928914 -0.0033031489437450158 -0.054369035302916438 0.025370717219786777 -0.01608151132275585 0.026476481090672233 0.0060351327058272225 0.00023290240128458485 -0.0011446298047566069 -0.062607970036458557
leaf_weight=42 33 75 95 50 26 46 90 36 80 63 71 41 33 132 23 76 35 39 26 40 35 26 163 237 22 26 349 1337 170 48
leaf_count=42 33 75 95 50 26 46 90 36 80 63 71 41 33 132 23 76 35 39 26 40 35 26 163 237 22 26 349 1337 170 48
internal_value=-0.000511921 0.000177305 -0.00625 0.000920193 -0.00745342 0.000621281 -0.00239464 0.00219298 0.000407224 0.000916031 0.00120258 0.00466841 0.00265957 -0.00612745 -0.0116228 0.00328685 0.00439262 -0.000396825 -0.0028481 -0.00166667 -0.00294118 0.00641593 -0.0135366 0.00772059 0.00135135 0.00673077 0.000201613 0.00052521 -0.000241158 -0.00550459
internal_weight=3565 3243 336 2907 322 2857 261 171 2824 2620 2557 573 94 204 228 502 461 189 158 135 68 113 205 272 74 52 1984 1904 1555 218
internal_count=3565 3243 336 2907 322 2857 261 171 2824 2620 2557 573 94 204 228 502 461 189 158 135 68 113 205 272 74 52 1984 1904 1555 218
is_linear=0
shrinkage=0.05


Tree=42
num_leaves=31
num_cat=0
split_feature=16 13 44 45 56 22 16 51 0 13 28 12 10 2 36 12 18 18 11 44 11 26 2 44 10 46 18 14 16 16
split_gain=7.07308 7.70912 5.455 5.66477 4.31723 3.13311 3.40136 3.1247 5.07325 4.83823 2.93257 2.82907 2.68586 2.66415 2.59362 2.4491 2.46074 2.65525 2.38219 3.37941 3.68108 2.8336 2.72636 2.52572 2.42472 2.16158 2.41231 2.1484 2.19363 1.99161
threshold=1.1800000071525576 -0.25200000405311579 -13.499999999999998 -1.1013333201408384 -22.291999816894528 0.062899999320507063 0.25999999791383749 -0.48149999976158137 0.21999999880790713 3.3686666488647465 0.41574999690055853 3.8450137376785283 -9.3503017425537092 0.63133332133293163 0.21990000456571582 1.0676095485687258 0.27080741524696356 0.37905555963516241 -1.0000000180025095e-35 -4.4999999999999991 0.059196881949901588 1.1429999470710757 0.43199999630451208 -4.4999999999999991 -9.1022105216979963 -0.0093333330005407316 0.76358386874198925 0.22916666418313983 0.34000000357627874 0.21999999880790713
decision_type=2 2 2 2 2 2 2 2 2 2 2 2 2 2 2 2 2 2 2 2 2 2 2 2 2 2 2 2 2 2
left_child=2 -2 3 -1 -4 6 -5 8 -6 11 25 12 13 -9 -15 27 -17 -18 22 20 -20 -21 23 -14 -22 -3 -27 28 -10 -11
right_child=1 10 4 5 7 -7 -8 9 15 29 -12 -13 18 14 -16 16 17 -19 19 21 24 -23 -24 -25 -26 26 -28 -29 -30 -31
leaf_value=-0.050391730816518591 -0.08685466207951778 0.015182070212271914 0.16959620800397357 0.0028127313302502067 -0.013220499234379419 -0.016544705813724313 -0.016241253256372431 -0.00076774640938837295 0.005441886269805846 -0.0091740355144240976 -0.016155703182755107 0.0053550138626177876 -0.015462224079181073 0.0063758594857391861 -0.022922869132299302 0.040863219167557099 -0.027144351305895965 -0.0031837475908547534 -0.018033137348278088 0.0021697254495439528 0.020074324482230788 0.034973022990005397 0.046290726753870068 0.015517103142039213 -0.007311561085593556 -0.020296023805764632 0.016466124764771918 0.015749807407428283 -0.017716077685323 -0.0015178370449586422
leaf_weight=126 89 20 33 98 101 153 112 443 157 25 24 505 41 52 30 30 38 504 69 416 23 52 39 93 20 39 36 116 50 31
leaf_count=126 89 20 33 98 101 153 112 443 157 25 24 505 41 52 30 30 38 504 69 416 23 52 39 93 20 39 36 116 50 31
internal_value=-0.00042777 -0.009375 0.000126601 -0.0047546 0.000958856 -0.00158402 0.00238095 0.000749559 -0.00150602 0.00197118 -0.00105042 0.00242569 0.00117371 -0.00157143 0.00670732 -0.000307263 -0.00227273 -0.00304428 0.00308765 0.00155172 -0.00625 0.0034188 0.00823699 0.00485075 0.00523256 0.00289474 -0.001 0.00317337 0.000120773 -0.0125
internal_weight=3565 208 3357 489 2868 363 210 2835 996 1839 119 1783 1278 525 82 895 572 542 753 580 112 468 173 134 43 95 75 323 207 56
internal_count=3565 208 3357 489 2868 363 210 2835 996 1839 119 1783 1278 525 82 895 572 542 753 580 112 468 173 134 43 95 75 323 207 56
is_linear=0
shrinkage=0.05


Tree=43
num_leaves=31
num_cat=0
split_feature=16 21 45 10 53 36 16 16 14 14 0 45 12 51 51 51 16 21 9 37 20 21 37 14 27 18 5 27 45 45
split_gain=6.63354 4.95706 7.76036 4.67308 2.9286 4.04255 2.98273 6.13139 3.65431 3.57109 2.97322 2.79314 2.74031 2.9561 2.72353 2.63911 2.53031 3.58269 2.68091 2.50803 2.58046 2.38384 2.19499 2.09272 2.6451 2.07332 2.36533 2.07237 1.93472 2.78004
threshold=1.1800000071525576 -5.6832499504089347 -1.1013333201408384 -9.6243691444396955 0.92250001430511486 0.58050000667572033 0.62000000476837169 0.4200000017881394 0.23749999701976779 0.37083333730697637 0.21999999880790713 0.033500000834465034 0.28722541034221655 0.14950000494718554 0.43450000882148748 -0.55249997973442067 0.97999998927116405 0.97380000352859508 0.083457935601472868 0.76414999365806591 3.4462500810623173 -0.31894999742507929 -1.4114499688148496 0.30416667461395269 0.11304999887943269 0.75272428989410411 0.17500000074505809 -0.8982500135898589 1.0000000180025095e-35 1.5462499856948855
decision_type=2 2 2 2 2 2 2 2 2 2 2 2 2 2 2 2 2 2 2 2 2 2 2 2 2 2 2 2 2 2
left_child=1 -1 -3 -2 6 21 7 9 -9 10 12 -10 13 -4 -13 -14 17 18 -8 28 -21 27 -7 24 -23 26 -5 -6 -12 -30
right_child=3 2 4 25 5 22 16 8 11 -11 19 14 15 -15 -16 -17 -18 -19 -20 20 -22 23 -24 -25 -26 -27 -28 -29 29 -31
leaf_value=0.090003658633758241 -0.083220761859812031 -0.02033369001268788 0.010076141399255646 -0.071876950459016126 -0.00013793711523544874 0.0082568646701296714 -0.0038454444043459577 -0.084202668972716388 -0.014614893669328159 0.026070589820336349 0.00021806369556074401 0.0059520155392465759 -0.015549493695030184 -0.008028201083930998 -0.0074310772802794137 -0.001266825754473273 -0.0013169361124326347 -0.066568674750021081 0.038884255694226759 -0.013339313801881955 0.045349383020915061 -0.0044840972299506785 -0.0037448822436083277 0.025564559416777755 0.0066463724037005957 3.6080051633824441e-05 -0.0038271933747562937 0.038702862245365274 0.01397873476284265 -0.013358388694755922
leaf_weight=52 52 335 58 22 20 23 20 49 102 56 885 33 50 48 25 164 87 20 164 267 26 114 107 111 208 92 42 56 240 37
leaf_count=52 52 335 58 22 20 23 20 49 102 56 885 33 50 48 25 164 87 20 164 267 26 114 107 111 208 92 42 56 240 37
internal_value=-0.000469846 6.70241e-05 -0.000173979 -0.00913462 0.000639731 0.0036385 -0.000182325 -0.000857843 -0.00897129 6.82687e-05 -0.000323944 -0.0053125 -0.0046875 0.00188679 0.00344828 -0.00794393 0.00455326 0.00759804 0.00978261 0.000635739 -0.00349829 0.00564833 -0.00423077 0.00421478 0.00217391 -0.00480769 -0.0117188 0.0138158 0.00167814 0.00532491
internal_weight=3565 3357 3305 208 2970 639 2331 2040 209 1831 1775 160 320 106 58 214 291 204 184 1455 293 509 130 433 322 156 64 76 1162 277
internal_count=3565 3357 3305 208 2970 639 2331 2040 209 1831 1775 160 320 106 58 214 291 204 184 1455 293 509 130 433 322 156 64 76 1162 277
is_linear=0
shrinkage=0.05


Tree=44
num_leaves=31
num_cat=0
split_feature=13 18 45 35 9 9 2 45 13 4 18 56 35 45 2 46 47 21 37 12 3 3 18 37 51 27 18 5 4 26
split_gain=6.06691 5.43265 5.37025 4.37568 3.82756 3.79669 3.07049 2.98591 4.54202 3.34353 2.6358 2.49188 2.4535 2.5794 3.15489 2.44371 2.36975 2.56754 2.34059 3.00691 3.63635 2.58757 2.20149 2.17434 3.13582 2.12648 2.72155 2.60526 2.34034 2.12069
threshold=-0.29199999570846552 0.71305307745933544 -1.1013333201408384 -12.266499996185301 1.5713990926742556 0.27378563582897192 0.43199999630451208 0.63574999570846569 -0.006000000284984707 0.1799999997019768 0.54685714840888988 5.4765000343322763 -0.8722499907016753 -0.21299999952316281 0.58933332562446605 0.11400000005960466 0.71874603629112255 -0.73304998874664296 -1.0000000180025095e-35 0.88329482078552257 0.3007341623306275 0.11324555054306985 0.51450428366661083 1.0000000180025095e-35 4.2184998989105233 -0.53495001792907704 0.55046913027763378 1.0000000180025095e-35 0.81999999284744274 0.97174999117851268
decision_type=2 2 2 2 2 2 2 2 2 2 2 2 2 2 2 2 2 2 2 2 2 2 2 2 2 2 2 2 2 2
left_child=1 2 15 -2 7 -3 10 18 9 23 -4 -11 13 14 -8 -1 -14 -18 19 29 -21 -20 -23 -9 -25 -24 -27 -28 -29 -5
right_child=3 5 6 4 -6 -7 12 8 -10 11 -12 -13 16 -15 -16 -17 17 -19 21 20 -22 22 25 24 -26 26 27 28 -30 -31
leaf_value=-0.045851919865969586 0.21752958444144366 -0.0051049936282942859 -0.051798090553977882 0.010423495088369622 -0.0030746563452911609 -0.078114087796481491 -0.0078928108264295083 -0.01213594442985216 0.069075790884920982 0.051583790426682131 0.0010791349189940291 -0.0010078334426613879 0.00030859074820874764 0.026418268499801445 0.01545494213314509 0.0096742168059720645 0.019576990869120403 -0.01833988359142075 -0.0072760558645902362 0.0022619874731272527 -0.013546916824310662 0.00056932051027030193 -0.013268993339917101 0.01911541342530676 -0.011653586238894537 -0.011844124972007094 -0.025098618669387143 0.0011292720894141004 0.036774257557389715 -0.0056501876961275637
leaf_weight=172 23 37 57 198 52 59 46 62 52 77 39 29 471 47 76 23 44 284 79 445 103 595 53 56 38 96 38 138 33 43
leaf_count=172 23 37 57 198 52 59 46 62 52 77 39 29 471 47 76 23 44 284 79 445 103 595 53 56 38 96 38 138 33 43
internal_value=-0.000483871 -0.00311808 -0.00224384 0.00113122 0.000903064 -0.0145833 -0.000845865 0.00122951 0.00573248 0.00305344 -0.009375 0.00990566 0 0.00547337 0.00163934 -0.00987179 -0.0011577 -0.00442073 0.000453048 0.00250317 0.000456204 -0.00111434 -0.000393494 -0.00160256 0.00319149 -0.00349162 -0.00188525 0.00131579 0.00394737 0.00715768
internal_weight=3565 1355 1259 2210 2187 96 1064 2135 314 262 96 106 968 169 122 195 799 328 1821 789 548 1032 953 156 94 358 305 209 171 241
internal_count=3565 1355 1259 2210 2187 96 1064 2135 314 262 96 106 968 169 122 195 799 328 1821 789 548 1032 953 156 94 358 305 209 171 241
is_linear=0
shrinkage=0.05


Tree=45
num_leaves=31
num_cat=0
split_feature=13 18 9 45 45 9 46 26 35 0 13 9 2 14 2 13 8 47 47 44 18 9 18 18 18 8 26 21 37 11
split_gain=7.69928 5.28678 3.86834 4.21705 3.426 3.39883 3.24368 3.3924 3.12079 2.90077 3.85027 3.68001 3.62476 4.28574 2.98935 2.98154 4.56431 3.16165 3.07153 2.95373 2.47605 2.40475 2.34638 2.66051 2.50739 2.46508 2.94 2.0674 2.02416 1.99855
threshold=-0.08485714346170424 0.71116051077842724 1.9524219632148745 0.63574999570846569 -2.909249901771545 0.27378563582897192 -0.60433331131935109 2.5857501029968266 -12.266499996185301 0.29999999701976782 -0.14733333140611646 0.22766437381505969 0.34999999403953558 0.15416666865348819 0.14355555921792987 -0.28599999845027918 0.2333333417773247 0.15004076808691028 0.36184895038604742 -22.499999999999996 0.63091111183166515 0.049260623753070838 0.42442539334297186 0.44741667807102209 0.47367855906486517 0.43333333730697637 -0.127250000834465 0.22134999930858615 1.5494000315666201 0.00089518545428290974
decision_type=2 2 2 2 2 2 2 2 2 2 2 2 2 2 2 2 2 2 2 2 2 2 2 2 2 2 2 2 2 2
left_child=1 4 3 8 -1 27 7 -6 -2 14 12 -12 13 -11 -8 16 20 -17 -19 -18 -14 -16 -21 -24 -25 26 -26 -3 -10 -5
right_child=2 5 -4 29 6 -7 9 -9 28 10 11 -13 15 -15 21 17 19 18 -20 22 -22 -23 23 24 25 -27 -28 -29 -30 -31
leaf_value=-0.075819032940639727 0.21119641079794993 -0.01297756021912071 -0.0021446566938873274 0.00010398201576211769 0.01411742846382503 -0.055798969399447174 -0.021296836809493069 -0.024815279462332057 0.001948513450709697 0.0015373337463992325 0.023453258531798082 0.00031431039148814083 0.0022833958468353663 -0.039456714547391671 0.004979146809347571 -0.0019754663363030613 -0.055134567121107959 0.035865402647184297 0.0045833222912828936 -0.016647566560908933 -0.02953453747310535 -0.0038353530435244034 0.018964795516730623 -0.036581353326069037 0.013173004316534087 -0.0063778135193286083 0.00011452132175340884 0.0043906112973756796 -0.0070821510441718225 0.04042519763039152
leaf_weight=23 26 55 35 32 81 97 40 46 934 45 56 88 155 67 29 27 31 36 181 129 21 279 39 73 25 603 50 21 48 119
leaf_count=23 26 55 35 32 81 97 40 46 934 45 56 88 155 67 29 27 31 36 181 129 21 279 39 73 25 603 50 21 48 119
internal_value=-0.00045116 -0.0021441 0.0028057 0.00330026 -0.00145951 -0.0105491 -0.00124941 0.00649606 0.00213294 -0.00174772 -0.000861009 0.00694444 -0.00161943 -0.0102679 -0.0058908 -0.000912409 -0.00199822 0.00409836 0.00610599 -0.00336842 0.00539773 -0.00422078 -0.00285637 -0.00183544 -0.00249667 -0.00154867 0.007 -0.00263158 0.00168024 0.0110927
internal_weight=3491 2297 1194 1159 2124 173 2101 127 1008 1974 1626 144 1482 112 348 1370 1126 244 217 950 176 308 919 790 751 678 75 76 982 151
internal_count=3491 2297 1194 1159 2124 173 2101 127 1008 1974 1626 144 1482 112 348 1370 1126 244 217 950 176 308 919 790 751 678 75 76 982 151
is_linear=0
shrinkage=0.05


Tree=46
num_leaves=31
num_cat=0
split_feature=13 16 2 16 13 12 14 12 18 10 14 14 9 51 4 11 2 18 16 21 0 2 13 16 10 9 14 16 0 3
split_gain=6.1783 9.14532 3.80318 4.4195 4.16569 4.09995 3.96559 3.52422 4.04834 3.41418 3.46079 3.35364 4.37552 4.47018 2.96347 2.86564 3.4951 2.75251 2.74639 2.97473 2.70012 2.62244 3.58665 2.5969 2.51054 2.77618 2.4553 3.366 3.19869 2.43814
threshold=-0.08485714346170424 0.97999998927116405 0.18666666746139529 0.21999999880790713 -0.14111111313104627 0.52040332555770885 0.14583333581686023 4.9951920509338388 0.58488890528678905 -12.406206130981444 0.24583332985639575 0.24583332985639575 1.20743864774704 3.1790000200271611 0.34000000357627874 0.019518303684890274 0.30200000107288366 0.2853889018297196 0.62000000476837169 0.51334998011589061 0.059999998658895499 0.27400000393390661 -0.2357777804136276 0.34000000357627874 -9.7639136314392072 0.43128676712512976 0.22083333134651187 0.85999998450279247 0.38000001013278967 0.3007341623306275
decision_type=2 2 2 2 2 2 2 2 2 2 2 2 2 2 2 2 2 2 2 2 2 2 2 2 2 2 2 2 2 2
left_child=1 2 -1 6 5 18 29 8 17 -8 -11 26 13 20 -3 16 -6 -7 19 23 -13 -19 -23 -5 25 -22 28 -28 -2 -4
right_child=11 14 3 4 15 7 9 -9 -10 10 -12 12 -14 -15 -16 -17 -18 21 -20 -21 24 22 -24 -25 -26 -27 27 -29 -30 -31
leaf_value=-0.0087725018557170617 0.0045858146745473491 -0.0068772627356344374 0.00072846866348335595 0.0011493483515774827 -0.010122963520245692 -0.03505425872517829 0.032910320474925203 0.003077717014178194 -0.02759826124848477 -0.029198706515211614 0.007805843426390663 -0.0062985793275061562 0.30220938844580836 0.075075296823271465 -0.050857813946933776 0.046534288998066727 0.043036232210634642 -0.038964786479434438 0.028696870787189938 0.03297759096987548 -0.013472222136748946 -0.011869776806617339 0.013767541835650066 -0.036787794354258808 0.0060534673604789634 0.012751525691325934 -0.027732123326847269 0.02822539842115962 -0.0014424013749713175 0.011512937814600954
leaf_weight=120 260 51 229 227 31 43 27 196 210 74 26 55 27 69 108 54 38 40 30 45 82 499 82 51 312 40 52 21 276 116
leaf_count=120 260 51 229 227 31 43 27 196 210 74 26 55 27 69 108 54 38 40 30 45 82 499 82 51 312 40 52 21 276 116
internal_value=-0.00027929 -0.00179582 -0.000935454 -0.000421209 -0.0017141 -0.00247716 0.00381356 -0.00401869 -0.00537757 -0.00374016 -0.008 0.00263819 0.00534188 0.00439068 -0.0133648 0.00711382 0.000362319 -0.00346386 0.00219547 0.000851393 0.00270961 -0.00261675 -0.0017642 -0.00107914 0.00403226 -0.00204918 4.10509e-05 -0.00856164 0.00121269 0.0065942
internal_weight=3491 2297 2138 2018 1546 1423 472 1070 874 127 100 1194 585 558 159 123 69 664 353 323 489 621 581 278 434 122 609 73 536 345
internal_count=3491 2297 2138 2018 1546 1423 472 1070 874 127 100 1194 585 558 159 123 69 664 353 323 489 621 581 278 434 122 609 73 536 345
is_linear=0
shrinkage=0.05


Tree=47
num_leaves=31
num_cat=0
split_feature=16 13 47 27 10 13 0 2 13 0 44 10 18 44 17 18 27 18 11 14 18 9 36 36 45 27 10 10 51 16
split_gain=5.12808 7.31757 3.924 3.58018 3.66635 3.05571 5.30527 3.12 2.83664 2.70313 2.6557 4.15135 2.73147 3.31969 3.28947 2.57524 2.52838 2.49839 2.43729 2.21845 2.08008 2.04688 1.95049 2.19942 2.22385 1.96092 2.06959 1.97476 1.94247 3.75796
threshold=1.1800000071525576 -0.34000000357627863 14.299157142639162 1.0350999832153323 -9.1432213783264142 -0.058000000193715089 0.70000001788139354 0.52599999308586132 -0.33200000226497645 0.059999998658895499 -20.499999999999996 -14.415544986724852 0.48501852154731756 80.500000000000014 0.54166665673255932 0.1872857138514519 -0.13565000146627423 0.47676111757755285 -0.74956339597702015 0.012500000651925804 0.75272428989410411 0.43975645303726202 -0.64829999208450306 -0.1337499991059303 0.96824997663497936 0.48425000905990606 -10.27934694290161 -9.3096928596496564 -0.48149999976158137 0.62000000476837169
decision_type=2 2 2 2 2 2 2 2 2 2 2 2 2 2 2 2 2 2 2 2 2 2 2 2 2 2 2 2 2 2
left_child=2 -2 3 4 10 7 9 8 -6 -7 11 -1 14 28 17 -16 -3 18 -12 -9 -18 -11 -20 -24 25 26 -25 -28 29 -14
right_child=1 16 -4 -5 5 6 -8 19 -10 21 12 -13 13 -15 15 -17 20 -19 22 -21 -22 -23 23 24 -26 -27 27 -29 -30 -31
leaf_value=0.00093218059639300877 -0.069515139417959657 -0.024064757109441795 0.24272392856026104 -0.0060991015177050238 -0.048634326106177024 -0.0014434963784751191 -0.084210509026686947 9.1943311381659237e-05 0.00030775600548034747 0.034650172907708381 -0.0015133387371620477 -0.051365246649425017 -0.0094146687996238716 0.50600565465800074 0.020132069151636713 -0.014555341213111282 -0.013533589995767942 -0.027836594896639689 0.012054034170676076 0.040542457423904547 0.0085213587348336277 0.00029643123269315608 -0.0065875886290134335 0.0019184230826921724 -0.0086786222816827314 0.02022855408292602 -0.0075536127344155686 0.011101941266532901 0.001225969379715064 0.0071945081576710659
leaf_weight=20 74 31 20 312 22 36 24 29 303 189 86 54 476 36 35 175 43 29 70 36 74 41 125 141 45 49 144 37 533 202
leaf_count=20 74 31 20 312 22 36 24 29 303 189 86 54 476 36 35 175 43 29 70 36 74 41 125 141 45 49 144 37 533 202
internal_value=-7.8774e-05 -0.00743243 0.000420618 0.000284703 0.000825672 0.00404412 0.00793103 0.00115385 -0.000846154 0.00996241 -0.000143996 -0.00945946 0.000171782 0.00170409 -0.00186966 -0.00738095 -0.00101351 -0.000275482 0.000322812 0.0111538 0.00235043 0.0119565 0.00143208 0.000415896 0.00216346 0.00343666 0.00201863 -0.00151934 0.00125929 -0.000516224
internal_weight=3491 222 3269 3249 2937 680 290 390 325 266 2257 74 2183 1247 936 210 148 726 697 65 117 230 611 541 416 371 322 181 1211 678
internal_count=3491 222 3269 3249 2937 680 290 390 325 266 2257 74 2183 1247 936 210 148 726 697 65 117 230 611 541 416 371 322 181 1211 678
is_linear=0
shrinkage=0.05


Tree=48
num_leaves=31
num_cat=0
split_feature=16 13 20 51 16 27 5 9 15 14 20 16 21 27 18 10 18 11 16 9 13 13 9 18 10 18 21 20 2 16
split_gain=5.06833 6.45406 4.04784 3.60978 4.29361 3.50345 3.42856 3.3 2.86523 4.0697 2.92987 3.18904 2.59511 2.47649 2.65154 2.47977 2.44789 2.39657 1.95897 4.11382 3.03952 2.7839 5.1284 2.69886 2.68588 3.12964 4.17728 2.85277 2.65352 2.70396
threshold=1.1800000071525576 -0.25200000405311579 -15.930999755859373 -1.8190000057220457 0.85999998450279247 -0.13565000146627423 0.47499999403953558 0.2982576191425324 0.70000001788139354 0.24583332985639575 -1.064750015735626 0.25999999791383749 -4.1194999217987052 1.0350999832153323 0.6712261736392976 -11.286807537078856 0.66316667199134838 -1.9962866306304929 0.29999999701976782 1.1378814578056338 0.21266666799783709 -0.018000000156462189 0.43975645303726202 0.56729629635810863 -10.705115795135496 0.29244443774223333 -0.041100000962615006 -0.92599999904632557 0.08000000007450582 0.97999998927116405
decision_type=2 2 2 2 2 2 2 2 2 2 2 2 2 2 2 2 2 2 2 2 2 2 2 2 2 2 2 2 2 2
left_child=2 -2 -1 4 8 -3 -6 -8 9 10 11 -4 -5 14 16 -16 17 -14 20 24 21 23 -23 -19 -20 26 27 -26 -27 -30
right_child=1 5 3 12 6 -7 7 -9 -10 -11 -12 -13 13 -15 15 -17 -18 18 19 -21 -22 22 -24 -25 25 28 -28 -29 29 -31
leaf_value=0.18906794630722717 -0.055100517552377062 -0.023880755768122326 0.0066792332594733609 -0.009766765078734474 0.0098286929554306478 0.0044890439603952823 0.006034610507851138 -0.024899230639577576 0.0063749791811691103 0.0017495978458265992 -0.045381156229414236 -0.032126294957869471 -0.001437237621847904 -0.0024261479848749594 0.011299348896651195 0.0033569974635889012 -0.018130239720414765 0.00040201009966501274 -0.01362353967925569 0.61367952556349603 -0.0057489493517163693 0.036462841494241116 -0.0011323510568208299 0.0043493849796560945 -0.013578730653370964 -0.0094505477807533891 -0.019480738951616429 0.0052856694020782941 0.0080618655654428554 -0.0027760446247323991
leaf_weight=24 93 25 72 38 109 104 22 33 61 171 187 79 36 252 31 55 21 808 84 20 36 110 56 201 26 33 103 70 475 56
leaf_count=24 93 25 72 38 109 104 22 33 61 171 187 79 36 252 31 55 21 808 84 20 36 110 56 201 26 33 103 70 475 56
internal_value=-0.000121742 -0.00743243 0.000374732 0.000223421 -0.00286104 -0.000193798 0.00426829 -0.00590909 -0.00491228 -0.00613949 -0.00931953 -0.00413907 0.00112505 0.0013243 0.00185727 0.0104651 0.00151054 0.00167928 0.00190087 8.65052e-05 0.00319983 0.0036383 0.00963855 0.00265114 -0.000442739 0.000491481 -0.0048995 0.00260417 0.00239362 0.00324859
internal_weight=3491 222 3269 3245 734 129 164 55 570 509 338 151 2511 2473 2221 86 2135 2114 2078 867 1211 1175 166 1009 847 763 199 96 564 531
internal_count=3491 222 3269 3245 734 129 164 55 570 509 338 151 2511 2473 2221 86 2135 2114 2078 867 1211 1175 166 1009 847 763 199 96 564 531
is_linear=0
shrinkage=0.05


Tree=49
num_leaves=31
num_cat=0
split_feature=16 10 35 44 46 9 18 10 36 10 35 16 9 16 10 14 14 14 18 16 18 21 2 2 14 16 17 9 18 45
split_gain=4.48165 5.77376 4.29316 3.86564 3.8319 3.31242 3.51169 3.0107 2.71096 2.66667 2.60976 3.33334 4.45374 4.16151 5.32948 3.30458 4.18205 4.87307 3.08011 2.97765 3.59498 3.73913 2.93336 2.931 2.79174 2.72817 2.53488 2.38095 2.13218 5.67859
threshold=1.1800000071525576 -9.6243691444396955 -12.266499996185301 -20.499999999999996 0.10016666725277902 0.2179071977734566 0.75272428989410411 -14.415544986724852 3.552650094032288 -10.017212867736815 -7.3970000743865958 0.29999999701976782 1.20743864774704 0.62000000476837169 -10.705115795135496 0.24583332985639575 0.27916666865348821 0.30416667461395269 0.57866665720939647 0.97999998927116405 0.48206734657287603 0.80099999904632579 0.11800000444054605 0.27400000393390661 0.37083333730697637 0.38000001013278967 0.37500000000000006 0.32008440792560583 0.56529894471168529 -0.45325000584125513
decision_type=2 2 2 2 2 2 2 2 2 2 2 2 2 2 2 2 2 2 2 2 2 2 2 2 2 2 2 2 2 2
left_child=2 -2 -1 7 5 -3 -7 -4 10 -9 -5 24 13 14 -13 25 -17 18 -18 20 -15 22 -22 -21 28 26 -16 -27 -12 -30
right_child=1 4 3 8 -6 6 -8 9 -10 -11 11 12 -14 19 15 16 17 -19 -20 23 21 -23 -24 -25 -26 27 -28 -29 29 -31
leaf_value=0.17586808662420259 -0.062881564476891291 0.0073013079241705586 0.00091145225462793071 -0.014186432691923979 -0.021957819026307352 -0.047532922228749844 0.0065442082456829229 -0.061839669560801419 -0.0065628691725721005 -0.0012332416429512883 0.0003908173811064956 -0.026516196581755955 0.63089085137332845 -0.048158692458108845 0.0039974993780837742 0.012669404679283472 -0.02252347772946639 0.0015779022241107221 4.5824481904026619e-05 -0.0057520478872326855 -0.0076545709082595477 -0.046340806618400857 0.043963600070607983 0.00031136282048114389 0.032109609943731035 -0.066925960089675579 -0.037884363572862179 -0.0088171072569031336 -0.012598869403113678 0.0076060940899947867
leaf_weight=25 61 31 20 49 20 40 70 50 77 25 1204 120 20 28 124 118 61 345 36 33 22 24 184 103 25 56 56 28 127 309
leaf_count=25 61 31 20 49 20 40 70 50 77 25 1204 120 20 28 124 118 61 345 36 33 22 24 184 103 25 56 56 28 127 309
internal_value=-0.000107419 -0.00698198 0.000359437 0.00020037 -0.00201863 0.000886525 -0.00318182 -0.00973684 0.000500159 -0.0143333 0.000732422 0.000917962 -0.000920471 -0.00127055 -0.00307203 -0.00163835 0.000535714 -0.00169683 -0.0115979 0.00304569 0.00620155 0.00826087 0.0104369 -0.00294118 0.00241742 -0.00625 -0.00277778 -0.0136905 0.00216463 0.00516055
internal_weight=3491 222 3269 3244 161 141 110 95 3149 75 3072 3023 1358 1338 944 824 560 442 97 394 258 230 206 136 1665 264 180 84 1640 436
internal_count=3491 222 3269 3244 161 141 110 95 3149 75 3072 3023 1358 1338 944 824 560 442 97 394 258 230 206 136 1665 264 180 84 1640 436
is_linear=0
shrinkage=0.05


Tree=50
num_leaves=31
num_cat=0
split_feature=16 10 20 51 20 46 56 18 37 47 36 44 16 10 19 2 16 44 27 16 44 37 27 0 16 4 0 47 45 8
split_gain=4.41939 5.44187 4.64352 4.57903 3.58634 3.34166 4.01241 4.20351 3.32969 3.00702 2.93179 2.62576 3.56275 2.62096 2.47338 2.83186 3.92076 5.92842 3.79779 2.78127 2.81357 2.49001 2.28864 2.2811 2.25055 2.12756 2.10381 2.4003 2.02379 2.44545
threshold=1.1800000071525576 -9.7277197837829572 -15.930999755859373 -1.8525000214576719 -0.61749997735023487 0.10016666725277902 0.20400000363588336 0.76358386874198925 -0.18760000169277188 0.85906094312667858 -1.3511500358581541 -9.4999999999999982 0.25999999791383749 -10.32194137573242 1.0000000180025095e-35 0.11800000444054605 0.53999999165534984 -7.4999999999999991 -0.10744999721646308 0.45999999344348913 -4.4999999999999991 -7.2278499603271475 -1.4057999849319456 0.58000001311302196 0.85999998450279247 0.38000001013278967 0.70000001788139354 2.3282527923583989 0.70216664671897899 1.0333333611488345
decision_type=2 2 2 2 2 2 2 2 2 2 2 2 2 2 2 2 2 2 2 2 2 2 2 2 2 2 2 2 2 2
left_child=2 -2 -1 4 9 6 7 -3 -6 -4 25 12 -11 -10 15 18 19 23 -12 21 -21 -17 -13 -18 26 -5 -14 -28 29 -20
right_child=1 5 3 10 8 -7 -8 -9 13 11 14 22 24 -15 -16 16 17 -19 28 20 -22 -23 -24 -25 -26 -27 27 -29 -30 -31
leaf_value=0.1467158828019608 -0.087694418218453751 -0.046858527073513012 -0.029803916384453295 -0.0077788696393897381 -0.070645963993217306 -0.031930271225755515 0.006691714675305444 0.0082780001263073836 -0.026934588867666122 0.0086170349293462466 0.0057615483843248549 -0.010833439509858957 -0.062898972401705611 0.0071024361025551434 -0.002278861454941395 -0.0058838766198656888 -0.044241329260265624 0.093012087534594279 -0.0021775329836628042 -0.034269177098194596 0.018256604307717212 0.0017516158051439766 0.0063184709537925099 0.025492552001566304 0.012003285119512286 0.0072676031635501214 -0.013379365164606805 -0.066495120540551178 0.018296330505426273 -0.013475143540107766
leaf_weight=23 40 56 29 128 64 23 39 37 100 65 77 52 30 77 132 20 20 82 101 45 22 1750 205 39 39 36 55 20 27 72
leaf_count=23 40 56 29 128 64 23 39 37 100 65 77 52 30 77 132 20 20 82 101 45 22 1750 205 39 39 36 55 20 27 72
internal_value=7.13267e-06 -0.00730769 0.000438066 0.000281412 -0.00319293 -0.00306452 0 -0.00564516 -0.00819502 -0.000757576 0.00128381 0.000214592 -0.00394737 -0.00466102 0.00172811 0.00211752 0.00278059 0.0108156 -0.00261733 0.00216385 -0.00783582 0.00254237 0.00359922 -0.00127119 -0.00833333 -0.00518293 -0.0121429 -0.00766667 -0.00625 -0.00823699
internal_weight=3505 195 3310 3287 736 155 132 93 241 495 2551 466 209 177 2387 2255 1978 141 277 1837 67 1770 257 59 144 164 105 75 200 173
internal_count=3505 195 3310 3287 736 155 132 93 241 495 2551 466 209 177 2387 2255 1978 141 277 1837 67 1770 257 59 144 164 105 75 200 173
is_linear=0
shrinkage=0.05


Tree=51
num_leaves=31
num_cat=0
split_feature=13 16 20 51 27 27 51 13 18 50 27 14 5 2 44 56 27 2 37 16 35 9 37 35 9 51 28 47 46 44
split_gain=4.69379 5.95582 3.96996 3.93807 3.14941 3.26038 2.94739 3.56055 2.83903 2.83616 2.59703 2.3958 2.29019 2.22556 3.15004 3.29105 3.04013 2.17519 2.08343 2.05363 2.2785 1.98555 1.88575 1.88162 1.862 1.81239 1.78857 1.78543 1.72721 1.71675
threshold=-0.54000002145767201 0.38000001013278967 -15.930999755859373 -3.782500028610229 1.5527999997138979 -2.1948499679565425 0.46850000321865087 0.021999999880790714 0.54458081722259533 1.5000000000000002 0.13774999976158145 0.38750000298023229 0.32500000298023229 0.11800000444054605 -1.4999999999999998 2.492499947547913 -0.05694999918341636 0.73619046807289135 1.5494000315666201 0.29999999701976782 -0.40350000560283655 0.6003120243549348 1.8180499672889712 -3.4559999704360957 0.32008440792560583 0.30250000953674322 1.8042500019073489 1.255600690841675 -0.031000000424683091 -3.4999999999999996
decision_type=2 2 2 2 2 2 2 2 2 2 2 2 2 2 2 2 2 2 2 2 2 2 2 2 2 2 2 2 2 2
left_child=1 3 -2 -1 5 27 9 13 10 11 -3 23 -9 16 15 21 -8 -5 -6 28 29 -15 -17 -7 -13 -25 -19 -4 -11 -21
right_child=2 8 4 17 18 6 7 12 -10 19 -12 24 -14 14 -16 22 -18 26 -20 20 -22 -23 -24 25 -26 -27 -28 -29 -30 -31
leaf_value=-0.029958125983944074 0.13121749839748773 -0.041275567639614798 -0.010937140203632631 -0.026608901731831169 -0.0017654567401742174 -0.0042323137186913995 0.0094396247476910208 0.0059263835064154065 -0.096128996955684623 0.0039901969395042597 0.0075153456489295061 -0.007219055380967389 0.043282949985063594 0.0033640709718502845 0.018784715196564484 -0.019995641359649055 -0.0093003452635526344 0.0018471591368291183 -0.020168429135659874 -0.0005036690018468033 -0.014338906043831978 0.022643001967308146 0.0029033303326765391 0.00017500104459244932 0.0022520221256415391 -0.010583484970768159 -0.027013097394958108 -0.0084519175994876416 0.030574093893885892 0.015033240674085895
leaf_weight=74 24 52 36 23 152 29 42 23 69 67 21 96 35 385 147 69 101 169 36 118 44 30 58 1264 30 63 22 78 64 84
leaf_count=74 24 52 36 23 152 29 42 23 69 67 21 96 35 385 147 69 101 169 36 118 44 30 58 1264 30 63 22 78 64 84
internal_value=-0.00010699 -0.005 0.000577236 -0.000868056 0.000417896 0.000829549 0.00117315 0.00353933 -0.0133803 4.03443e-05 -0.00650685 -0.000944669 0.0155172 0.00270433 0.00388244 0.00212177 -0.00297203 0.00257009 -0.00585106 0.00391247 0.00121951 0.00427711 -0.00492126 -0.000331858 -0.00753968 -5.65185e-05 0.00431937 -0.00745614 0.00896947 0.00346535
internal_weight=3505 430 3075 288 3051 2863 2749 890 142 1859 73 1482 58 832 689 542 143 214 188 377 246 415 127 1356 126 1327 191 114 131 202
internal_count=3505 430 3075 288 3051 2863 2749 890 142 1859 73 1482 58 832 689 542 143 214 188 377 246 415 127 1356 126 1327 191 114 131 202
is_linear=0
shrinkage=0.05


Tree=52
num_leaves=31
num_cat=0
split_feature=13 16 45 45 3 11 13 16 18 6 9 44 18 19 16 11 14 14 13 3 46 36 4 16 13 4 46 0 27 37
split_gain=5.51337 6.56286 6.0514 4.37386 4.31257 3.50524 3.38123 3.39205 3.76258 3.58665 3.17058 3.03271 2.92985 2.91736 2.91107 3.63853 2.74956 3.72249 2.66618 2.98324 3.95782 3.04507 2.63258 3.8349 2.56771 2.51858 2.51263 2.48433 2.41833 2.40577
threshold=-0.018000000156462189 1.1800000071525576 0.13175000250339511 -1.3860833048820493 0.13965897262096408 -0.38167053461074824 -0.1031111106276512 0.38000001013278967 0.57866665720939647 0.70000001788139354 0.049260623753070838 -9.4999999999999982 0.52422222495079052 1.0000000180025095e-35 0.21999999880790713 -0.30986875295639033 0.39583334326744085 0.29583333432674414 -0.33200000226497645 0.3007341623306275 1.0000000180025095e-35 0.11850000172853471 0.21999999880790713 0.38000001013278967 0.15799999982118609 0.29999999701976782 -0.047499999403953545 0.059999998658895499 0.28755000233650213 0.44760000705719
decision_type=2 2 2 2 2 2 2 2 2 2 2 2 2 2 2 2 2 2 2 2 2 2 2 2 2 2 2 2 2 2
left_child=1 3 -3 11 5 -5 7 9 12 -6 -11 -1 18 25 15 -2 17 22 -9 20 -20 -22 -16 -24 -25 -8 29 -7 -28 -12
right_child=14 2 -4 4 6 27 13 8 -10 10 26 -13 -14 -15 16 -17 -18 -19 19 -21 21 -23 23 24 -26 -27 28 -29 -30 -31
leaf_value=-0.045916385734642066 -0.023962075645994674 -0.066787424456162092 0.00079238215285767357 0.00042739704798121507 0.001850492327012964 -0.013180952453107126 0.041509669877787259 -0.028499458315963705 -0.052447276842318383 0.0080654151302097521 0.005888436396808497 -0.0015433593213872888 0.0062750903860357699 -0.00056680670136096962 0.029762491795213356 0.00043040668375016704 -0.00082583519895486834 0.047878208744262157 0.027890515144138796 -0.0073500080699026365 -0.045173973653377053 0.011360839599920545 -0.0043607871573048381 0.0020032008811281727 0.40328962593275852 -0.0065234926845177069 -0.0010658388803860086 -0.0052989831921904876 -0.036760333315953235 -0.0062810404384179702
leaf_weight=104 21 92 51 29 966 61 226 136 62 28 110 70 68 57 155 56 100 121 48 39 27 20 95 57 26 58 257 223 77 65
leaf_count=104 21 92 51 29 966 61 226 136 62 28 110 70 68 57 155 56 100 121 48 39 27 20 95 57 26 58 257 223 77 65
internal_value=7.13267e-06 -0.00092206 -0.0113636 -0.00037532 0.000146656 -0.00535144 0.000913547 9.19601e-05 -0.004 0.00118097 -0.00209497 -0.00804598 -0.00192308 0.00549853 0.0042393 -0.00487013 0.00550542 0.00715859 -0.00425926 0.000746269 0.00552632 -0.00478723 0.00442943 0.000280899 0.00813253 0.00757042 -0.00299607 -0.00704225 -0.00553892 0.00185714
internal_weight=3505 2874 143 2731 2557 313 2244 1903 400 1503 537 174 338 341 631 77 554 454 270 134 95 47 333 178 83 284 509 284 334 175
internal_count=3505 2874 143 2731 2557 313 2244 1903 400 1503 537 174 338 341 631 77 554 454 270 134 95 47 333 178 83 284 509 284 334 175
is_linear=0
shrinkage=0.05


Tree=53
num_leaves=31
num_cat=0
split_feature=13 13 16 53 2 28 45 9 14 0 26 16 28 46 0 44 13 2 1 27 35 2 13 45 35 21 46 0 44 6
split_gain=4.72312 3.84671 5.51837 5.77906 4.18269 3.35343 2.86578 2.85339 4.06206 2.99215 2.86881 2.8415 2.72882 3.37502 2.46914 2.42279 2.30389 2.65314 2.27004 2.24239 2.13399 2.13106 4.19519 2.66405 3.67032 2.30109 2.16793 2.86313 2.41711 3.37318
threshold=-0.79177775979042042 -0.018000000156462189 1.1800000071525576 0.28749999403953558 0.11800000444054605 9.046300411224367 -1.4249166846275327 0.30079524219036108 0.40416666865348821 0.099999997764825835 -13.077749729156492 0.29999999701976782 2.0149499177932744 -0.86783334612846363 0.059999998658895499 -22.499999999999996 -0.067333336919546113 0.43199999630451208 0.42499999701976782 -1.0000000180025095e-35 -0.78325000405311573 0.58933332562446605 -0.42199999094009394 0.025666666217148307 -0.96824997663497914 -0.83184999227523793 -0.053500000387430184 0.62000000476837169 -1.4999999999999998 0.90000000596046459
decision_type=2 2 2 2 2 2 2 2 2 2 2 2 2 2 2 2 2 2 2 2 2 2 2 2 2 2 2 2 2 2
left_child=11 2 4 -4 14 6 -6 8 9 -3 -9 15 13 -8 -2 -1 21 20 -12 -20 -18 22 -15 24 -23 -26 27 -24 29 -28
right_child=1 7 3 -5 5 -7 12 10 -10 -11 18 -13 -14 16 -16 -17 17 -19 19 -21 -22 23 26 -25 25 -27 28 -29 -30 -31
leaf_value=-0.057058062328633745 -0.019227049322077409 0.0035779847019142873 -0.046970141185461944 0.0010829639714038679 -0.021079743118509638 0.031887249349515916 0.015018728247126285 0.097925322378261737 -0.0019820512011707926 0.043410013574740537 0.016403127427544035 -0.091761364320930031 -0.011167389484199408 -0.033787222648267008 -0.0023233310402618365 0.00072817940741971452 3.2933354931413698e-05 -0.0059091963163093574 0.0051405670873322156 -0.002248726184157192 0.021253719494282244 0.014988528709859018 0.004064288394598852 0.016840514190430745 0.023357682698158706 -0.0010022565831804755 0.00028075769383282233 -0.034666203945894529 0.010430443752140972 -0.0037008433130254733
leaf_weight=34 54 50 83 52 126 25 36 23 49 143 38 41 162 76 162 55 40 51 119 209 105 96 383 137 28 302 359 30 87 350
leaf_count=34 54 50 83 52 126 25 36 23 49 143 38 41 162 76 162 55 40 51 119 209 105 96 383 137 28 302 359 30 87 350
internal_value=0.000121255 0.000481481 -0.000327988 -0.0101852 0.000182062 0.000783535 0.000591216 0.00400158 0.00826446 0.0115285 0.00134961 -0.00923077 0.00100357 0.00149038 -0.00648148 -0.00421348 0.00122309 0.00637755 0.000273224 -0.00106707 0.00982759 0.000676407 -0.000447471 0.00324156 0.00129108 -0.00121212 0.000268817 0.00320823 -0.00125628 -0.00222144
internal_weight=3505 3375 2744 135 2609 2393 2368 631 242 193 389 130 2242 2080 216 89 2044 196 366 328 145 1848 1285 563 426 330 1209 413 796 709
internal_count=3505 3375 2744 135 2609 2393 2368 631 242 193 389 130 2242 2080 216 89 2044 196 366 328 145 1848 1285 563 426 330 1209 413 796 709
is_linear=0
shrinkage=0.05


Tree=54
num_leaves=31
num_cat=0
split_feature=13 16 13 21 18 45 45 2 10 51 16 9 20 14 0 22 18 12 16 44 11 10 18 9 10 28 20 35 36 10
split_gain=4.2458 5.96261 8.21715 4.71131 4.31172 3.69717 3.53428 3.1833 3.2797 3.10309 3.07221 2.92063 3.67826 3.50877 3.11369 2.71002 2.39162 2.76168 2.37851 3.72553 2.52985 2.50646 2.09714 2.10491 2.1683 2.02712 2.25195 1.94038 1.93142 1.85958
threshold=-0.018000000156462189 0.38000001013278967 -0.28599999845027918 0.082899998873472228 0.57866665720939647 -2.909249901771545 0.13175000250339511 0.18666666746139529 -8.8430638313293439 -0.798000007867813 0.90000000596046459 0.279954344034195 -15.930999755859373 0.39583334326744085 0.099999997764825835 0.29529999196529394 0.51588761806488048 4.9210486412048349 0.38000001013278967 74.500000000000014 0.025669536553323272 -13.646936416625975 0.36384847760200506 0.15753216296434405 -9.4584412574768049 -0.15089999884366986 -1.2084999680519102 0.26850000023841863 3.552650094032288 -17.361404418945309
decision_type=2 2 2 2 2 2 2 2 2 2 2 2 2 2 2 2 2 2 2 2 2 2 2 2 2 2 2 2 2 2
left_child=1 5 4 16 10 -1 -6 8 9 -7 -3 13 -13 14 -2 -11 17 -4 21 20 -20 -14 -5 -24 -25 26 -16 -17 29 -9
right_child=11 2 3 22 6 7 -8 28 -10 15 -12 12 18 -15 25 27 -18 -19 19 -21 -22 -23 23 24 -26 -27 -28 -29 -30 -31
leaf_value=-0.078205568101319317 0.003399085466818573 -0.021877206154708673 -0.0017178141964478977 -0.0068919532028515586 -0.072487349479070498 -0.029698380006019199 0.00014728299561246329 -0.00031538142781333998 -0.026008476658847968 0.00060020074473969153 0.020948388821643793 0.12552903718586225 -0.0084491300481290849 -0.0016216881221047382 0.090250022633432292 -0.0081953615180948691 -0.0096841721654833558 0.04125438239262233 0.0043209560666630691 0.56277776711328165 -0.0082741985228263048 -0.0011106275017647976 0.00065211604622394676 0.0031537413569458386 0.033853351305809312 0.042419703813821936 -0.0077425007365811115 -0.004942099763643174 -0.021803213888333079 0.0020104635104019374
leaf_weight=21 48 213 131 22 116 28 20 73 32 206 29 23 36 54 22 33 106 23 105 20 29 193 38 41 50 81 20 52 36 1604
leaf_count=21 48 213 131 22 116 28 20 73 32 206 29 23 36 54 22 33 106 23 105 20 29 193 38 41 50 81 20 52 36 1604
internal_value=4.99287e-05 -0.000765484 -0.00446768 0.000425791 -0.00978836 0.000635492 -0.0169118 0.000847868 -0.00349003 -0.00195925 -0.00578512 0.00376387 0.00123153 0.00833333 0.0118421 -0.000429553 -0.00365385 0.000324675 6.52742e-05 0.00487013 0.00186567 -0.00316594 0.00745033 0.00988372 0.014011 0.0160569 0.00714286 -0.00794118 0.00173672 0.00198271
internal_weight=3505 2874 789 411 378 2085 136 2064 351 319 242 631 406 225 171 291 260 154 383 154 134 229 151 129 91 123 42 85 1713 1677
internal_count=3505 2874 789 411 378 2085 136 2064 351 319 242 631 406 225 171 291 260 154 383 154 134 229 151 129 91 123 42 85 1713 1677
is_linear=0
shrinkage=0.05


Tree=55
num_leaves=31
num_cat=0
split_feature=13 16 20 0 36 22 13 20 47 26 47 12 6 53 37 10 51 10 28 10 14 45 44 5 16 21 51 22 53 17
split_gain=4.89116 6.4706 2.69628 2.66974 2.98063 2.66156 2.47523 3.79871 2.4554 2.69887 2.41603 2.31657 3.66731 2.87946 2.62298 2.93816 2.48793 2.39898 2.28563 2.08913 2.07257 2.66879 2.35572 4.41254 3.14672 2.07759 2.81952 3.15741 2.6941 2.14602
threshold=-0.33200000226497645 0.34000000357627874 -15.930999755859373 0.059999998658895499 -0.56504997611045826 12.448649883270265 -0.71177777647972096 -1.114750027656555 1.6564669013023379 1.2405000329017641 0.32773190736770635 3.2445875406265263 0.20555556192994121 -1.83050000667572 0.27089999616146093 -17.361404418945309 -4.7409999370574942 -10.80710983276367 3.4974999427795415 -9.3177127838134748 0.41249999403953558 -0.042500000447034829 -12.499999999999998 0.52500000596046459 0.25999999791383749 -0.027449999935925003 1.6420000195503237 1.0000000180025095e-35 -2.1324999332427974 0.45833332836627966
decision_type=2 2 2 2 2 2 2 2 2 2 2 2 2 2 2 2 2 2 2 2 2 2 2 2 2 2 2 2 2 2
left_child=1 11 -2 10 18 20 -3 -8 9 -9 -4 12 14 -13 15 -1 -17 -14 -5 -19 22 -22 23 24 -6 26 27 28 -24 -29
right_child=2 6 3 4 5 -7 7 8 -10 -11 -12 13 17 -15 -16 16 -18 19 -20 -21 21 -23 25 -25 -26 -27 -28 29 -30 -31
leaf_value=-0.0002985842220886429 0.1152056210542237 -0.072746943171377115 -0.0084817582867684985 -0.0012514477491966096 0.00078834842976298726 0.02466522210998617 0.0050769915021183463 -0.023319892662668609 -0.074452179724784823 0.0058553679641969005 -0.00025016594257571415 -0.018855273095102633 0.0005561807125227528 0.0073686403077071992 -0.013080877112122214 -0.020638490222981788 0.0061207152458518377 -0.027876282568263657 -0.016394820918948783 -0.0026845764964480053 -0.012296135480769375 0.0030862488416178477 -0.00080855076561643928 0.0086318658525612411 -0.03540257805514202 0.0010094885034267855 0.053672840123104783 -0.002317472814735612 0.018391334062439018 0.0081763236050643069
leaf_weight=31 26 77 54 390 24 31 90 166 33 28 83 37 32 143 124 33 200 90 28 48 37 39 59 30 54 1103 39 147 205 47
leaf_count=31 26 77 54 390 24 31 90 166 33 28 83 37 32 143 124 33 200 90 28 48 37 39 59 30 54 1103 39 147 205 47
internal_value=1.41723e-05 -0.00269435 0.00129382 0.00111814 0.00153381 0.00241047 -0.00786802 -0.00591483 -0.00936123 -0.00721649 -0.00565693 6.77507e-05 -0.0015233 0.005 0.00115979 0.00397727 0.00590129 -0.00764706 -0.00227273 -0.0105072 0.00215807 -0.00592105 0.00251756 -0.00462963 -0.0108974 0.003 0.0056841 0.00458515 0.00814394 -0.000257732
internal_weight=3528 1132 2396 2370 2233 1815 394 317 227 194 137 738 558 180 388 264 233 170 418 138 1784 76 1708 108 78 1600 497 458 264 194
internal_count=3528 1132 2396 2370 2233 1815 394 317 227 194 137 738 558 180 388 264 233 170 418 138 1784 76 1708 108 78 1600 497 458 264 194
is_linear=0
shrinkage=0.05


Tree=56
num_leaves=31
num_cat=0
split_feature=13 16 18 2 56 20 12 9 12 0 44 27 35 35 53 16 47 22 0 44 35 22 14 44 5 16 12 46 44 9
split_gain=4.43565 6.26531 4.45704 3.81645 3.07353 2.74569 2.49832 3.24924 3.03159 3.04023 2.70361 2.69474 2.56414 2.4381 2.42492 2.18719 3.21519 2.0863 2.02289 2.84492 2.79711 2.7933 2.56213 2.80583 3.29964 3.25272 2.02018 2.85154 2.05594 4.89188
threshold=-0.33200000226497645 0.34000000357627874 0.56355291604995739 0.52599999308586132 0.23900000005960467 -15.930999755859373 3.2995767593383794 0.1258928328752518 0.51467344164848339 0.70000001788139354 -11.499999999999998 0.95399999618530285 0.22775000333786014 -1.6259999871253965 -1.83050000667572 0.62000000476837169 1.3497288823127749 0.26969999074935919 0.059999998658895499 2.5000000000000004 -7.3970000743865958 -2.7167999744415279 0.41249999403953558 -12.499999999999998 0.52500000596046459 0.25999999791383749 4.0735790729522714 0.25949999690055853 -1.4999999999999998 0.33250153064727789
decision_type=2 2 2 2 2 2 2 2 2 2 2 2 2 2 2 2 2 2 2 2 2 2 2 2 2 2 2 2 2 2
left_child=1 6 3 -3 -4 -2 7 -1 9 10 -9 13 -12 -10 -8 16 -5 -11 19 -7 -20 -22 23 24 25 -23 28 -28 -25 -30
right_child=5 2 4 15 -6 18 14 8 11 17 12 -13 -14 -15 -16 -17 -18 -19 20 -21 21 22 -24 26 -26 -27 27 -29 29 -31
leaf_value=-0.013199208794193413 0.10944534000151257 -0.05569428976296549 -0.060927915489200027 0.0021231932125802158 0.0012782109255359943 -0.0063094555655149962 -0.017912509440347502 -0.038625280476581536 0.023718783382809739 0.03404259456524892 0.0058248057510851357 -0.039512176312806291 -0.02548406652353807 -0.00065798201921723381 0.0073200461782486062 0.015545373945843344 -0.061400463496446372 -0.014712554816550384 -0.010024527938632647 0.017085157194828726 0.015033266413915732 7.5986344314524036e-05 -0.0039763932884535084 -0.00033670348721074055 0.0053112052724928142 -0.034117281022176239 0.0034635169401122101 0.034108309208924228 0.01391422394829369 -0.0016284483259865529
leaf_weight=52 26 43 137 59 21 117 37 31 30 68 78 45 27 210 138 99 35 22 46 20 91 29 87 829 34 57 457 47 292 264
leaf_count=52 26 43 137 59 21 117 37 31 30 68 78 45 27 210 138 99 35 22 46 20 91 29 87 829 34 57 457 47 292 264
internal_value=-7.08617e-05 -0.00265018 -0.00774112 -0.00338983 -0.0142405 0.00114775 6.77507e-05 -0.00155417 -0.000342466 0.0039823 -0.000735294 -0.00377193 0.00309524 -0.00166667 0.00528571 -0.000388601 -0.00585106 0.0111111 0.000970464 -0.00492701 0.00133229 0.00158893 0.0012166 0.00158039 -0.00583333 -0.0110465 0.00205135 0.0047619 0.00106498 0.00341727
internal_weight=3528 1132 394 236 158 2396 738 563 511 226 136 285 105 240 175 193 94 90 2370 137 2233 2187 2096 2009 120 86 1889 504 1385 556
internal_count=3528 1132 394 236 158 2396 738 563 511 226 136 285 105 240 175 193 94 90 2370 137 2233 2187 2096 2009 120 86 1889 504 1385 556
is_linear=0
shrinkage=0.05


Tree=57
num_leaves=31
num_cat=0
split_feature=44 47 47 16 16 16 10 14 21 9 47 28 11 18 9 51 28 18 11 0 36 21 18 21 47 3 9 20 26 14
split_gain=3.53281 3.40185 2.87163 2.59067 4.20645 3.32373 4.35138 3.44617 2.97892 2.65755 2.63258 2.58694 2.5076 2.79503 3.99261 3.18724 2.43033 3.18151 2.43 2.42412 2.07391 2.05043 2.03452 1.96901 1.96548 2.23563 2.22583 3.1027 2.22478 2.84396
threshold=-20.499999999999996 1.6377018094062807 14.299157142639162 0.97999998927116405 0.85999998450279247 0.4200000017881394 -9.6243691444396955 0.37083333730697637 0.94725000858306896 0.15916388481855395 2.1932138204574589 -0.60830000042915333 -0.013486680574715136 0.76358386874198925 0.85554909706115734 0.69600000977516185 -0.33554999530315394 0.29244443774223333 -0.065277140587568269 0.059999998658895499 0.054400000721216209 -4.1194999217987052 0.51588761806488048 -0.13695000112056729 0.92167645692825328 0.19831921160221103 0.20913917571306231 0.035749999806284911 -1.1852499842643736 0.23749999701976779
decision_type=2 2 2 2 2 2 2 2 2 2 2 2 2 2 2 2 2 2 2 2 2 2 2 2 2 2 2 2 2 2
left_child=1 18 3 4 5 7 11 16 9 23 -11 -7 -5 15 -15 22 17 20 -1 -18 -2 -21 -14 -6 25 -19 27 -27 29 -26
right_child=2 -3 -4 12 8 6 -8 -9 -10 10 -12 -13 13 14 -16 -17 19 24 -20 21 -22 -23 -24 -25 28 26 -28 -29 -30 -31
leaf_value=0.0024803840760424601 -0.0011869161637805326 -0.06543076190566624 0.12739881138417389 0.0041412780741454649 0.038852470279605901 -0.0085940947218728376 0.00060817034836935235 0.019220698243638798 -0.053448030386906369 0.063338162294818701 -0.0017374888830994737 -0.047720900852424641 -0.00068920230212726925 -0.0092899033066117642 0.038323050658145209 0.0012143003792592034 -0.0037526559086121149 -0.0081329250548402322 -0.02980450572458512 -0.0096841443393839415 -0.027209948314086654 0.0010218269297128037 -0.020511137221931871 -0.0067351794111525504 -0.0083365359722451255 0.021319645110097481 0.001052511417419184 -0.0036044922727377069 -0.020509105505260875 0.023900839748400807
leaf_weight=30 37 64 22 36 23 61 169 86 21 113 24 109 46 51 25 39 77 82 20 32 53 1686 136 38 126 56 107 27 97 35
leaf_count=30 37 64 22 36 23 61 169 86 21 113 24 109 46 51 25 39 77 82 20 32 53 1686 136 38 126 56 107 27 97 35
internal_value=-0.000113379 -0.00877193 0.000175747 5.89623e-05 0.000514874 0 -0.00464602 0.000629748 0.00719178 0.00909091 0.0129562 -0.0102941 -0.00412913 -0.00563973 0.00263158 -0.00848416 0.000279503 -0.00241935 0.001 0.0012117 -0.0111111 0.0016007 -0.0112637 0.000409836 -0.000943396 0.00202206 0.005 0.0111446 -0.00406977 -0.000465839
internal_weight=3528 114 3414 3392 3059 2840 339 2501 219 198 137 170 333 297 76 221 2415 620 50 1795 90 1718 182 61 530 272 190 83 258 161
internal_count=3528 114 3414 3392 3059 2840 339 2501 219 198 137 170 333 297 76 221 2415 620 50 1795 90 1718 182 61 530 272 190 83 258 161
is_linear=0
shrinkage=0.05


Tree=58
num_leaves=31
num_cat=0
split_feature=13 45 16 13 2 18 45 16 12 8 19 11 36 2 8 36 13 13 46 12 45 12 18 37 35 12 10 12 46 18
split_gain=4.45628 3.28461 3.20345 5.30083 3.89944 3.31405 3.70925 3.27128 3.11844 2.97579 4.31795 4.44912 2.7178 2.85899 2.59275 2.41634 2.32673 3.07872 2.23595 2.22962 3.16467 2.98381 2.65865 2.29599 2.87714 2.48981 2.43394 2.17189 2.16816 2.30116
threshold=-0.058000000193715089 -2.909249901771545 0.38000001013278967 -0.25200000405311579 0.18666666746139529 0.57866665720939647 0.16125000268220904 0.62000000476837169 0.43608544766902929 1.1666666865348818 1.0000000180025095e-35 0.010936283972114326 0.010350000113248827 0.51800000667572033 0.43333333730697637 0.42849999666213995 -0.031555556692183011 -0.006000000284984707 -0.60433331131935109 3.2995767593383794 -0.54524999856948841 0.51467344164848339 0.26624578237533575 -0.38124999403953547 -0.31675000488758082 0.68956854939460765 -9.5567545890808088 5.3029603958129892 0.28149999678134924 0.76358386874198925
decision_type=2 2 2 2 2 2 2 2 2 2 2 2 2 2 2 2 2 2 2 2 2 2 2 2 2 2 2 2 2 2
left_child=1 -1 4 5 8 7 -7 15 14 28 12 -12 13 -11 -3 -4 -14 -18 -6 21 -21 -20 -23 24 26 -25 -24 -5 29 -2
right_child=9 2 3 27 18 6 -8 -9 -10 10 11 -13 16 -15 -16 -17 17 -19 19 20 -22 22 23 25 -26 -27 -28 -29 -30 -31
leaf_value=-0.064877955773674306 -0.0011571012723683217 -0.0091187800043808585 -0.039304996692669847 0.00016907270594174184 0.013662329156120407 -0.060544705211946416 0.0016339610794826377 0.0057782426246900005 -0.0094030330528571023 0.048322299196472775 0.0047477494855310519 -0.0051456321627588262 0.061698753743388096 -0.0092242912150632007 0.0018745364739620963 0.0094168720569831124 -0.011797343039533026 0.017352791318583562 0.0013027195579825403 -0.0097834915862780314 0.0036605112680244212 -0.028264094927224703 -0.02512061775732043 -0.0092367273134794318 -0.041205558736004184 0.00062330123502846169 0.005638482217539556 0.037722564828384479 0.017077330422835987 0.036250357968763344
leaf_weight=22 491 43 100 231 117 127 21 140 99 137 47 77 33 21 61 24 53 63 451 69 430 42 78 81 45 323 20 20 38 24
leaf_count=22 491 43 100 231 117 127 21 140 99 137 47 77 33 21 61 24 53 63 451 69 430 42 78 81 45 323 20 20 38 24
internal_value=-0.000113379 -0.00121855 -0.00105075 -0.00403469 1.34481e-05 -0.00752427 -0.0135135 -0.00416667 -0.00652709 0.0027439 0.00585847 -0.00201613 0.00903909 0.0136076 -0.000480769 -0.0100806 0.00419463 0.000862069 0.000815217 0.000308642 0.00305611 -0.00100962 -0.00335314 -0.0024223 -0.00786713 -0.00049505 -0.00306122 0.00169323 0.000316456 -0.000533981
internal_weight=3528 2544 2522 663 1859 412 148 264 203 984 431 124 307 158 104 124 149 116 1656 1539 499 1040 589 547 143 404 98 251 553 515
internal_count=3528 2544 2522 663 1859 412 148 264 203 984 431 124 307 158 104 124 149 116 1656 1539 499 1040 589 547 143 404 98 251 553 515
is_linear=0
shrinkage=0.05


Tree=59
num_leaves=31
num_cat=0
split_feature=13 4 16 13 28 8 14 11 44 14 14 8 36 16 16 13 8 44 9 56 35 35 56 12 21 0 0 16 18 5
split_gain=3.7059 3.24786 3.37822 3.32488 3.12748 2.82567 4.79753 3.34806 2.26749 2.24724 4.97522 3.92997 2.58746 2.67391 3.66704 2.25614 2.28037 3.73858 2.78281 2.22161 3.04581 2.90705 2.62908 2.22824 2.17321 2.16425 2.20909 1.96084 2.98854 2.00826
threshold=-0.058000000193715089 0.91999998688697826 0.29999999701976782 -0.96666666865348805 9.046300411224367 1.1666666865348818 0.40416666865348821 0.010936283972114326 86.500000000000014 0.27916666865348821 0.26250000298023229 1.5666666626930239 -0.34045000374317164 0.85999998450279247 0.38000001013278967 -0.14449999481439588 0.43333333730697637 -6.4999999999999991 0.23012895137071612 -2.098999977111816 -1.1140000224113462 -0.23799999803304669 -1.6125000119209287 1.9650506973266604 1.118650019168854 0.62000000476837169 0.74000000953674328 1.1800000071525576 0.56034392118453991 0.32500000298023229
decision_type=2 2 2 2 2 2 2 2 2 2 2 2 2 2 2 2 2 2 2 2 2 2 2 2 2 2 2 2 2 2
left_child=1 4 3 -3 9 -2 8 -8 -7 10 12 24 13 14 15 16 18 -18 -1 20 23 25 -23 -14 27 -21 -27 28 -11 -30
right_child=5 2 -4 -5 -6 6 7 -9 -10 11 -12 -13 19 -15 -16 -17 17 -19 -20 21 -22 22 -24 -25 -26 26 -28 -29 29 -31
leaf_value=0.00066838501123501765 0.00012244125870157775 -0.050508244252210836 -0.079807877226428264 0.029978209675764495 0.032151967787813464 0.015180856721849363 0.0035892017032180309 -0.005518975506379465 0.21173402942846559 -0.013688130497749532 0.026205961314432591 0.0010126193015213114 0.023655869050117451 0.025469575205267037 -0.075713603964390336 -0.0079553263632658223 -0.02231539801156629 0.014963886219637085 0.016145039330107799 0.0083561121889919373 -0.041500369429127944 0.035816612727957768 -2.7802788943977946e-05 -0.015318142693307857 -0.048455987901363601 -0.029935981708429607 0.012039122493479071 -0.03352830339872178 -0.0080513707258075724 0.01549138921607305
leaf_weight=125 553 44 69 26 25 302 37 72 20 219 66 269 25 36 54 94 118 35 31 146 80 21 812 22 40 22 33 35 44 53
leaf_count=125 553 44 69 26 25 302 37 72 20 219 66 269 25 36 54 94 118 35 31 146 80 21 812 22 40 22 33 35 44 53
internal_value=-1.41723e-05 -0.00102201 -0.00845324 -0.000714286 -0.000592516 0.00259146 0.00562645 -0.00344037 0.00869565 -0.000777311 0.000174419 -0.00325758 -0.000362757 -0.00339757 -0.00443107 -0.00279156 -0.000728155 -0.00506536 0.00352564 0.000925926 -0.00531496 0.00169246 0.000390156 0.00478723 -0.0064578 0.00708955 -0.00136364 -0.00519943 -0.0039557 0.00335052
internal_weight=3528 2544 139 70 2405 984 431 109 322 2380 1720 660 1654 493 457 403 309 153 156 1161 127 1034 833 47 391 201 55 351 316 97
internal_count=3528 2544 139 70 2405 984 431 109 322 2380 1720 660 1654 493 457 403 309 153 156 1161 127 1034 833 47 391 201 55 351 316 97
is_linear=0
shrinkage=0.05


Tree=60
num_leaves=31
num_cat=0
split_feature=51 13 45 50 16 18 18 16 56 1 18 12 46 2 10 46 18 11 5 9 9 14 45 18 44 28 56 13 14 22
split_gain=4.75001 3.64272 3.06193 3.49743 4.54557 3.32697 2.93766 2.614 3.67498 3.87761 2.59916 2.2792 2.09684 1.94918 1.96146 2.42967 2.81407 2.00619 2.09855 1.95018 2.71394 3.58861 2.65992 2.30365 2.30226 1.84532 1.94629 1.83846 1.83601 1.79508
threshold=-0.48149999976158137 3.5680000782012944 -2.909249901771545 1.5000000000000002 0.38000001013278967 0.58161616325378429 0.5986444652080537 0.62000000476837169 -0.8670000135898589 0.42499999701976782 0.69134074449539196 1.8881413340568545 -0.014166666660457848 1.2549999952316286 -9.1838188171386701 0.17000000178813937 0.37905555963516241 0.043720018118619926 0.42499999701976782 0.47922001779079443 0.14475353807210925 0.32916666567325598 0.73583334684371959 0.40893332660198217 -1.4999999999999998 0.099199999123811736 0.84349998831748974 -0.62733334302902211 0.37083333730697637 -0.65905001759529103
decision_type=2 2 2 2 2 2 2 2 2 2 2 2 2 2 2 2 2 2 2 2 2 2 2 2 2 2 2 2 2 2
left_child=1 2 -1 4 6 7 29 -6 9 -9 -8 -11 -13 14 17 19 -17 27 -19 20 22 24 25 -21 -22 26 -16 -2 -23 -4
right_child=13 -3 3 -5 5 -7 10 8 -10 11 -12 12 -14 -15 15 16 -18 18 -20 23 21 28 -24 -25 -26 -27 -28 -29 -30 -31
leaf_value=-0.040911490430060038 0.0010801535931661852 0.10694896618250588 -0.0085072767753616389 0.0020786196427995591 -0.020879918945607825 -0.06796331192068597 -0.031197023509074825 -0.023470352001282314 -0.014939201092430016 0.018414288330187163 0.0021468940312537109 0.017621549864677833 -0.018273858554698069 -0.12580623150626166 0.0019660918997368841 0.0040395909121948795 -0.014398529996839639 0.00078647988544753265 0.0064332235780605708 -0.042657958944228545 0.016463991609327776 -0.026682641083486381 -0.011984094260136899 0.0011915070659418133 0.10122135327615003 0.0079755738243018019 -0.006399892143571684 -0.00066366107677208583 0.0021262979062637829 0.0034217024938433707
leaf_weight=46 53 38 98 393 80 76 109 21 32 43 38 31 32 29 106 53 91 305 210 31 92 22 29 115 83 87 45 721 43 339
leaf_count=46 53 38 98 393 80 76 109 21 32 43 38 31 32 29 106 53 91 305 210 31 92 22 29 115 83 87 45 721 43 339
internal_value=0.000179032 -0.00210756 -0.00254111 -0.00208978 -0.00380979 -0.00865079 -0.00119863 -0.00575314 -0.00204403 0.00177165 -0.00731293 0.00566038 -0.000396825 0.00166667 0.00184564 0.00379548 -0.00208333 0.000640031 0.00305825 0.00509188 0.00655819 0.0104167 0.00308989 0 0.0141429 0.00483193 0.00149007 -0.000968992 0.000384615 0.000858124
internal_weight=3491 1376 1338 1292 899 315 584 239 159 127 147 106 63 2115 2086 797 144 1289 515 653 507 240 267 146 175 238 151 774 65 437
internal_count=3491 1376 1338 1292 899 315 584 239 159 127 147 106 63 2115 2086 797 144 1289 515 653 507 240 267 146 175 238 151 774 65 437
is_linear=0
shrinkage=0.05


Tree=61
num_leaves=31
num_cat=0
split_feature=51 18 47 20 47 16 16 2 28 37 45 27 27 51 18 18 28 26 20 10 10 10 47 10 20 28 28 26 27 21
split_gain=4.22124 2.8683 3.05518 2.70651 2.70422 2.22568 5.67134 3.11255 2.30069 1.88658 1.73571 1.7193 2.12252 1.71331 1.68179 2.81696 2.67457 2.45881 3.36579 2.97225 2.73889 2.16776 3.02975 2.11163 2.08736 2.08709 2.58238 2.0868 1.9831 2.57519
threshold=-0.48149999976158137 0.62164199352264415 13.383387088775637 -0.37150000035762781 2.3282527923583989 0.38000001013278967 0.62000000476837169 0.27400000393390661 -0.39620000123977656 0.067800000309944167 -0.31091666221618647 -0.81845000386238087 -0.18209999799728391 -0.34099999070167536 0.20960185676813128 0.27511110901832586 -0.33554999530315394 1.3640000224113467 1.3015000224113467 -10.652754783630369 -9.2501697540283185 -9.9721493721008283 0.43305194377899175 -9.1671533584594709 0.35525000095367437 1.8496499657630923 1.2273499965667727 0.97174999117851268 0.98820000886917125 0.03655000030994416
decision_type=2 2 2 2 2 2 2 2 2 2 2 2 2 2 2 2 2 2 2 2 2 2 2 2 2 2 2 2 2 2
left_child=1 2 4 11 5 -1 -7 -8 10 -10 -9 -3 -13 -2 16 23 -15 18 25 -19 -20 -21 -23 -16 -18 26 27 28 29 -17
right_child=13 3 -4 -5 -6 6 7 8 9 -11 -12 12 -14 14 15 17 24 19 20 21 -22 22 -24 -25 -26 -27 -28 -29 -30 -31
leaf_value=0.0018524046895709604 0.0090153637906367819 -0.031955819210925676 0.11064950620960863 -0.044625505304608272 -0.013319960933436396 -0.027767389278623794 -0.0084811324216718092 0.017503659317928601 -0.0071841257870945731 0.0054760730256909135 -0.0069889526415017333 0.010237262127581366 -0.017805463128096652 -0.026322265239577348 0.00058112760264260723 -5.0951227944951442e-05 0.0084471584269846748 -0.002049782015088215 -0.032672581166365573 0.019276893162338538 0.0076349841237243147 -0.024909725645151218 0.01095714378111521 0.02494209439828381 -0.014114556362391235 -0.0080343820272320704 0.019815247027497981 -0.014012345245414027 -0.006595308787889268 0.0034966216808695934
leaf_weight=569 95 21 24 90 192 146 42 84 48 38 21 45 56 22 78 770 47 36 72 58 29 28 175 105 29 23 31 31 70 416
leaf_count=569 95 21 24 90 192 146 42 84 48 38 21 45 56 22 78 770 47 36 72 58 29 28 175 105 29 23 31 31 70 416
internal_value=0.000193354 -0.00196221 -0.000987973 -0.00731132 -0.00135965 -0.000263713 -0.00323219 0.00160944 0.00431937 -0.00174419 0.00928571 -0.00245902 0.000247525 0.00159574 0.00128713 0.0016129 -0.00510204 0.000991949 0.000138696 0.00513468 -0.00866337 0.00699234 0.00455665 0.00751366 -0.000657895 0.000801641 0.00106222 0.000718726 0.00103503 0.00151771
internal_weight=3491 1376 1164 212 1140 948 379 233 191 86 105 122 101 2115 2020 1922 98 1739 1442 297 101 261 203 183 76 1341 1318 1287 1256 1186
internal_count=3491 1376 1164 212 1140 948 379 233 191 86 105 122 101 2115 2020 1922 98 1739 1442 297 101 261 203 183 76 1341 1318 1287 1256 1186
is_linear=0
shrinkage=0.05


Tree=62
num_leaves=31
num_cat=0
split_feature=13 14 44 0 13 12 2 1 44 7 2 4 14 12 13 13 14 18 8 21 11 18 0 18 4 36 50 3 22 51
split_gain=3.74564 3.02633 4.27423 4.43887 3.00947 2.94806 3.81786 3.18537 2.86534 2.56701 2.36083 5.59185 3.99068 3.13452 3.02046 2.9206 3.51988 2.83742 2.82353 2.79114 2.754 2.83853 2.76164 2.33029 2.28571 2.24153 2.30299 2.18732 3.11738 2.14059
threshold=-0.10955555737018584 0.16250000149011615 -6.4999999999999991 0.38000001013278967 -0.14111111313104627 5.0193746089935312 0.53999999165534984 0.42499999701976782 -4.4999999999999991 1.0000000180025095e-35 0.43199999630451208 0.099999997764825835 0.39583334326744085 4.6525425910949716 0.075142856687307372 0.021999999880790714 0.37916666269302374 0.40893332660198217 0.56666669249534618 -0.11649999767541884 0.16716564446687701 0.59589630365371715 0.13999999687075618 0.20960185676813128 0.1799999997019768 -0.51074999570846547 1.0000000180025095e-35 0.3211930543184281 -1.4157500267028806 -1.9844999909400938
decision_type=2 2 2 2 2 2 2 2 2 2 2 2 2 2 2 2 2 2 2 2 2 2 2 2 2 2 2 2 2 2
left_child=1 4 5 8 29 6 -3 -8 24 -5 11 15 14 17 -13 20 18 -12 -17 -16 21 22 -2 -10 -4 -19 -27 28 -7 -1
right_child=10 2 3 9 -6 27 7 -9 23 -11 13 12 -14 -15 19 16 -18 25 -20 -21 -22 -23 -24 -25 -26 26 -28 -29 -30 -31
leaf_value=-0.0080776994535217816 -0.0021554871480866408 -0.030149035440000162 -0.068472110840449324 0.038484429678683631 -0.0063565212795365089 0.021720602832929262 -0.054909483126705849 -0.0043439356127852767 -0.023968066319909068 -0.0060370694039235152 -0.014568989858240417 0.062074006340012616 -0.0020329405173000067 -0.0066265073387497611 0.087767394800693316 0.00037787124582552883 -0.0022508615998558801 -0.0074326881570369657 0.061456136579691872 -0.0025133907164156962 -0.012663365808249425 0.0072532349175380983 0.0018478621427911901 0.0047728260261857506 -0.013408179972286455 0.0020107678948961673 0.019461150138077088 0.018453744610001214 -0.0064249752041083521 0.00098088149106441663
leaf_weight=200 249 263 20 97 45 22 81 320 27 23 46 204 62 47 25 34 21 56 68 27 84 37 195 136 50 161 42 25 104 720
leaf_count=200 249 263 20 97 45 22 81 320 27 23 46 204 62 47 25 34 21 56 68 27 84 37 195 136 50 161 42 25 104 720
internal_value=0.000193354 -0.00111346 -0.00282534 0.00177054 0.000958549 -0.00481595 -0.00625 -0.00317955 -0.00225322 0.00958333 0.00224595 0.00347913 0.00896226 -0.00127841 0.0117188 0.000944767 0.00792683 0.00057377 0.0117647 0.000961538 -0.000575221 0.000883576 -0.000225225 0.00138037 -0.0107143 0.00260618 0.00504926 0.00149007 -0.00119048 0.00157609
internal_weight=3491 2133 1168 353 965 815 664 401 233 120 1358 1006 318 352 256 688 123 305 102 52 565 481 444 163 70 259 203 151 126 920
internal_count=3491 2133 1168 353 965 815 664 401 233 120 1358 1006 318 352 256 688 123 305 102 52 565 481 444 163 70 259 203 151 126 920
is_linear=0
shrinkage=0.05


Tree=63
num_leaves=31
num_cat=0
split_feature=51 18 45 13 50 2 10 11 51 16 13 2 0 16 37 18 20 45 37 56 13 50 37 14 16 16 28 1 20 20
split_gain=3.41051 3.65567 2.92819 2.41164 2.3485 2.23967 2.12212 1.88501 2.38244 2.28971 2.43957 2.93931 2.69343 1.99231 2.20474 1.93969 1.70161 2.04812 1.66667 1.64189 1.78323 1.60521 1.97486 1.59186 1.55849 4.97514 2.01388 1.84166 1.76139 1.98407
threshold=-0.48149999976158137 0.62164199352264415 -8.0194168090820295 -0.96666666865348805 1.0000000180025095e-35 0.27400000393390661 -9.5350356101989728 0.034234222024679191 -0.34099999070167536 0.1799999997019768 -0.2357777804136276 0.34999999403953558 0.059999998658895499 0.4200000017881394 0.51899999380111705 0.59042423963546764 -0.37150000035762781 -1.314916670322418 -1.0000000180025095e-35 -0.46850000321865076 -0.33200000226497645 1.5000000000000002 -2.6071000099182124 0.41249999403953558 0.85999998450279247 0.38000001013278967 -1.0320999622344968 0.42499999701976782 -1.114750027656555 -0.24849999696016309
decision_type=2 2 2 2 2 2 2 2 2 2 2 2 2 2 2 2 2 2 2 2 2 2 2 2 2 2 2 2 2 2
left_child=1 2 -1 -4 -3 -5 24 8 18 15 11 -11 -12 -13 -15 -10 17 -6 -2 20 -8 22 -14 -9 25 26 -7 -26 -27 -30
right_child=7 4 3 5 16 6 19 23 9 10 12 13 21 14 -16 -17 -18 -19 -20 -21 -22 -23 -24 -25 27 28 -28 -29 29 -31
leaf_value=0.11523961158370764 0.022926491607369981 -0.041412483158032726 -0.070086461446355663 -0.005924916191926745 -0.046982000740127483 -0.01110975343500854 -0.0007097539066968988 0.0029952958814472106 0.00044444801443749619 -0.032049525197636992 -0.005879642662761724 -0.00029854841446224809 -0.0057315116981519589 -0.078186900887521962 -0.0042052721661117289 0.0066026258915101903 -0.032598564904085768 0.0041787928432832416 0.0012730011634874306 -0.0033495248688694247 0.017954427228897531 0.0091598862745506226 0.00068721702335493913 -0.0015404171437139165 -0.015699629861704589 -0.010531426901177494 0.0036652142210474858 0.0056788102097432794 -0.071232493562035648 -0.012784540841534759
leaf_weight=21 30 68 24 150 22 114 38 781 103 32 31 284 25 28 25 31 49 73 30 37 73 37 642 36 23 53 377 153 53 48
leaf_count=21 30 68 24 150 22 114 38 781 103 32 31 284 25 28 25 31 49 73 30 37 73 37 642 36 23 53 377 153 53 48
internal_value=0.000193354 -0.00174419 -0.00064433 -0.000984252 -0.00778302 -0.0006479 0.000232198 0.0014539 0.000269646 -0.000201939 -0.000951087 -0.00426829 0.000714286 -0.00289318 -0.0117925 0.00597015 -0.00416667 -0.000263158 0.01 0.00574324 0.00878378 0.00134943 0.000787106 0.00333537 -0.000761267 -0.00189922 0.000560081 0.00340909 -0.00974026 -0.0136139
internal_weight=3491 1376 1164 1143 212 1119 969 2115 1298 1238 1104 369 735 337 53 134 144 95 60 148 111 704 667 817 821 645 491 176 154 101
internal_count=3491 1376 1164 1143 212 1119 969 2115 1298 1238 1104 369 735 337 53 134 144 95 60 148 111 704 667 817 821 645 491 176 154 101
is_linear=0
shrinkage=0.05


Tree=64
num_leaves=31
num_cat=0
split_feature=51 13 50 12 9 47 2 44 0 36 3 45 10 26 26 46 18 11 18 36 20 44 28 13 0 13 35 18 9 35
split_gain=3.58288 2.91914 2.45872 3.41796 2.4071 2.35805 2.12944 2.25246 2.69255 2.28458 2.25 2.02056 2.00005 1.62277 1.60803 2.46509 2.33572 1.57216 2.22159 1.9712 3.60229 2.18584 2.01394 1.90719 2.62268 1.96998 1.89721 1.80608 2.08695 1.79092
threshold=-0.57899999618530262 3.5680000782012944 1.5000000000000002 1.2259425520896914 0.12011101841926576 3.681856751441956 0.27400000393390661 -8.4999999999999982 0.58000001311302196 -0.26899999380111689 0.242978610098362 -0.56783333420753468 -9.4937968254089338 -1.0612500309944151 -0.85625001788139332 0.36683334410190588 0.66119998693466198 0.049376444891095168 0.72240000963211071 -0.1438999995589256 -0.77275002002716053 -4.4999999999999991 0.070049997419118895 -0.25200000405311579 0.13999999687075618 -0.46999999880790705 1.1450000405311587 0.76358386874198925 1.20743864774704 0.013250000309199097
decision_type=2 2 2 2 2 2 2 2 2 2 2 2 2 2 2 2 2 2 2 2 2 2 2 2 2 2 2 2 2 2
left_child=1 2 3 4 11 6 -4 8 -8 13 -11 -1 -9 -10 15 -6 -16 19 -19 20 21 -2 27 25 29 -24 -22 28 -21 -25
right_child=17 -3 5 -5 14 -7 7 12 9 10 -12 -13 -14 -15 16 -17 -18 18 -20 22 26 -23 23 24 -26 -27 -28 -29 -30 -31
leaf_value=-0.032966889208264141 0.029394369485206386 0.097226260337205078 -0.0057137246638826718 -0.012687093744522052 0.012257891204962391 -0.0341102246394746 -0.02369158338693389 0.0095601387434658888 -0.026263628661466677 0.039503052463254071 0.00082744948979999186 -0.0053940384638744955 0.032201893062161535 0.0068105909556412025 0.00084707950460490705 -0.017908982542330931 -0.023699468848972272 0.0028692132701835472 -0.024351275911534711 2.8184528235217571e-05 -0.0069578303437346934 0.00099065094052339423 0.0087094023121482064 0.002358127099379494 0.02134318890346967 -0.012377291907830457 0.0054325012493934973 0.015897754871439792 -0.022486929387182875 -0.0027145430090285807
leaf_weight=27 31 38 51 491 61 26 23 124 37 24 48 41 29 29 226 22 25 725 23 656 236 57 30 23 157 71 51 41 30 38
leaf_count=27 31 38 51 491 61 26 23 124 37 24 48 41 29 29 226 22 25 725 23 656 236 57 30 23 157 71 51 41 30 38
internal_value=0.000236322 -0.00181543 -0.00221963 -0.00366741 -0.000248756 0.00108696 0.00212329 0.00366242 -0.000465839 0.00217391 0.00833333 -0.00882353 0.00800654 -0.00454545 0.00149701 0.00753012 -0.000498008 0.00148686 0.00334225 0.000510204 -0.0026 0.00625 0.00162524 0.0049373 0.00756881 -0.000742574 -0.00531359 0.000171939 -0.000437318 -0.00122951
internal_weight=3491 1322 1284 893 402 391 365 314 161 138 72 68 153 66 334 83 251 2169 748 1421 375 88 1046 319 218 101 287 727 686 61
internal_count=3491 1322 1284 893 402 391 365 314 161 138 72 68 153 66 334 83 251 2169 748 1421 375 88 1046 319 218 101 287 727 686 61
is_linear=0
shrinkage=0.05


Tree=65
num_leaves=31
num_cat=0
split_feature=12 16 13 13 5 12 5 18 21 5 26 4 36 26 13 13 4 51 18 37 46 4 12 4 0 12 21 13 18 12
split_gain=2.81889 3.1589 4.89863 2.96693 2.57681 2.82418 2.44417 2.32957 3.49898 2.14658 2.13809 2.05613 2.78485 2.04105 3.21403 1.93822 3.74224 1.99335 2.14001 1.9093 1.87298 1.75917 1.71655 1.71344 1.66123 1.66117 1.96908 1.80995 1.65546 2.12937
threshold=4.0735790729522714 0.29999999701976782 -0.71177777647972096 2.8888888359069829 0.47499999403953558 3.5363901853561406 0.32500000298023229 0.27918519079685217 1.0000000180025095e-35 0.32500000298023229 -0.96824997663497914 0.65999999642372142 0.33589999377727514 0.55375000834465038 -0.03350000083446502 -0.031555556692183011 0.13999999687075618 0.10799999907612802 0.52762961387634288 0.42155000567436224 0.0041666666511446246 1.060000002384186 5.9504361152648935 0.4200000017881394 1.1800000071525576 0.56483963131904613 1.0000000180025095e-35 -0.39577777683734888 0.58161616325378429 2.0987914800643925
decision_type=2 2 2 2 2 2 2 2 2 2 2 2 2 2 2 2 2 2 2 2 2 2 2 2 2 2 2 2 2 2
left_child=1 24 21 4 5 6 28 8 -8 15 20 22 -13 -12 23 16 -2 18 -18 -19 -6 -3 -11 -15 25 26 27 -1 29 -4
right_child=9 2 3 -5 10 -7 7 -9 -10 11 13 12 -14 14 -16 -17 17 19 -20 -21 -22 -23 -24 -25 -26 -27 -28 -29 -30 -31
leaf_value=0.0025660221197391954 -0.020016759363064587 -0.019596772307650182 0.0034936602094617938 0.21326048507935128 0.016085575325577393 -0.034208236733144839 0.010393475208692559 0.007952982711876869 -0.012091587390064358 0.0070520914502545167 -0.010113868282388808 -0.017356748349969187 0.024518228405934601 -0.038708455193450744 0.013792560699485319 0.0044168828250846113 0.0013681985427490806 0.014628654998804683 -0.023764976318354482 -0.0022367478652029261 -0.0082184702298809236 -0.097479167112951973 -0.0013127026380163062 0.0055547018731497482 0.0092351380201316953 -0.00042619222741912096 0.008977727811100995 -0.0006634563417781032 -0.017536066924000806 -0.0076667339124847633
leaf_weight=108 56 36 226 20 23 47 20 218 27 475 196 61 30 25 24 88 69 41 33 31 38 38 35 29 29 646 223 395 137 104
leaf_count=108 56 36 226 20 23 47 20 218 27 475 196 61 30 25 24 88 69 41 33 31 38 38 35 29 29 646 223 395 137 104
internal_value=0.000311791 -0.000527022 -0.00240066 -0.0015873 -0.00192998 -0.000353017 0.000409836 0.00424528 -0.00585106 0.00269314 -0.00559701 0.00445092 -0.00247253 -0.00748175 -0.000641026 -0.000628931 -0.00304348 0.000574713 -0.00392157 0.00694444 0.00286885 -0.0148649 0.00568627 -0.00740741 0.00108851 0.000838192 0.00247934 0.000745527 -0.0017666 0.000151515
internal_weight=3528 2609 1208 1134 1114 779 732 265 47 919 335 601 91 274 78 318 230 174 102 72 61 74 510 54 1401 1372 726 503 467 330
internal_count=3528 2609 1208 1134 1114 779 732 265 47 919 335 601 91 274 78 318 230 174 102 72 61 74 510 54 1401 1372 726 503 467 330
is_linear=0
shrinkage=0.05


Tree=66
num_leaves=31
num_cat=0
split_feature=12 13 47 20 14 28 28 13 26 56 14 47 20 46 11 9 37 12 27 9 35 11 28 56 28 9 47 46 26 2
split_gain=2.50352 2.2259 2.74284 3.02763 2.24137 2.11342 2.15441 2.45658 2.14086 2.26065 2.42899 2.37011 2.28536 2.14312 1.98481 4.24617 4.3006 1.90491 3.07181 3.00589 2.74073 2.45527 2.23819 1.90262 2.8264 2.23744 2.19326 1.91018 1.80699 2.68521
threshold=4.0735790729522714 -0.79177775979042042 2.970929861068726 -0.37150000035762781 0.12083333358168603 3.4974999427795415 -0.30804999172687525 0.037999998778104789 -1.8530000448226926 -2.9999999999999996 0.27916666865348821 0.40536023676395422 -0.76175001263618458 0.082499999552965178 0.47779008746147161 0.42461432516574865 -0.030250000767409798 1.3950487375259402 -4.9100999832153311 0.09673341736197473 -0.027500000782310959 -0.19123621284961698 9.046300411224367 -0.33149999380111689 1.6584500074386599 1.0793727040290835 0.32224002480506903 -0.18900000303983686 -0.5052499771118163 0.81949999928474437
decision_type=2 2 2 2 2 2 2 2 2 2 2 2 2 2 2 2 2 2 2 2 2 2 2 2 2 2 2 2 2 2
left_child=1 2 3 -1 -5 6 8 14 13 -10 11 -11 -12 -2 -8 16 -16 19 -19 20 21 -3 23 24 26 27 -20 -25 29 -21
right_child=5 17 -4 4 -6 -7 7 -9 9 10 12 -13 -14 -15 15 -17 -18 18 22 28 -22 -23 -24 25 -26 -27 -28 -29 -30 -31
leaf_value=0.0097000080114110002 -0.00029521866695510966 -0.011532530679763314 -0.080741946097167852 -0.00022376522919814778 -0.05912345256752885 -0.011608520561360962 0.0047495593629671489 0.032241245296620959 -0.026644752989182032 -0.0014260490270441833 -0.00065227212751932287 0.0095403056112226339 -0.018145832436126424 0.059132880378183032 0.019876299517065512 0.0255153855988214 -0.032951944957887599 0.069476074971597343 -0.010581930983561401 0.0039595229280210307 -0.0058230728131789507 0.0040907176049806652 0.0056686034742904528 -0.012484441270758834 -0.058664926439793465 -0.016657230731800875 -0.0051413385923546528 0.00040817700683072632 0.00044192907333045583 0.01520497151250917
leaf_weight=21 31 34 23 38 24 21 389 64 21 50 89 71 44 29 20 26 64 20 41 269 166 115 34 43 22 31 348 426 901 53
leaf_count=21 31 34 23 38 24 21 389 64 21 50 89 71 44 29 20 26 64 20 41 269 166 115 34 43 22 31 348 426 901 53
internal_value=0.000340136 -0.000450364 -0.00754717 -0.00331325 -0.00887097 0.00258433 0.002951 0.00484014 -0.000223881 -0.00209091 -0.000787402 0.00433884 -0.00545113 0.00833333 0.00365731 -0.00227273 -0.0077381 -0.00014982 -0.00189119 0.000942783 -0.0034127 0.00151007 -0.00230159 -0.00277168 -0.00529197 -0.0007 -0.00430591 0.000159915 0.0020646 0.0052795
internal_weight=3528 2609 106 83 62 919 898 563 335 275 254 121 133 60 499 110 84 2503 965 1538 315 149 945 911 411 500 389 469 1223 322
internal_count=3528 2609 106 83 62 919 898 563 335 275 254 121 133 60 499 110 84 2503 965 1538 315 149 945 911 411 500 389 469 1223 322
is_linear=0
shrinkage=0.05


Tree=67
num_leaves=31
num_cat=0
split_feature=16 44 44 16 15 44 2 10 10 35 45 18 28 22 18 18 28 20 18 18 44 17 12 17 35 53 56 1 10 16
split_gain=2.37993 3.30717 2.68319 3.12195 2.35024 4.42442 2.87418 2.40294 2.54555 3.13021 2.27972 2.38689 2.24426 3.43954 2.23089 2.22534 2.21586 2.13876 2.06225 2.5174 2.01734 2.00541 2.71453 2.87845 2.6831 2.84271 3.7536 3.11873 2.06286 2.00528
threshold=0.25999999791383749 -18.499999999999996 1.5000000000000002 0.21999999880790713 1.0000000180025095e-35 5.5000000000000009 0.81949999928474437 -14.948746204376219 -11.286807537078856 -0.5767499804496764 0.33308333158493048 0.62588888406753551 1.5760999917984011 0.61625000834465038 0.39877493679523474 0.76358386874198925 1.0000000180025095e-35 -1.3650000095367429 0.71586576104164135 0.67537221312522899 -12.499999999999998 0.20833333581686023 2.158299565315247 0.29166667163372045 1.0924999713897707 -2.5314999818801875 -0.11199999973177908 0.42499999701976782 -11.156384468078612 0.53999999165534984
decision_type=2 2 2 2 2 2 2 2 2 2 2 2 2 2 2 2 2 2 2 2 2 2 2 2 2 2 2 2 2 2
left_child=2 -2 10 -4 5 6 29 -6 -9 17 12 16 18 -14 -5 -11 20 -10 19 21 -12 24 23 -23 25 -1 -27 -28 -24 -3
right_child=1 4 3 14 7 -7 -8 8 9 15 11 -13 13 -15 -16 -17 -18 -19 -20 -21 -22 22 28 -25 -26 26 27 -29 -30 -31
leaf_value=-0.031789527592072521 -0.04361954857102486 -0.00084983895156320606 -0.0071212947569747401 0.13346734679638295 0.0025800204452242135 0.17704375660566232 0.014551533110487309 -0.012269548019174535 -0.0060587328235393468 -0.010425193159060054 0.021470381828937797 0.04757101781606924 0.011843081651524602 -0.0159098252183217 -0.004874168425667947 0.014064093117986577 0.017614274126307016 0.015479674570986181 -0.047073416047529661 0.0061743191414850122 -0.0016541943338841403 0.013636156594127034 0.00042979712539119465 0.00064490197938038563 0.015152727389081728 0.0055348455536843337 0.002952435402860951 -0.00098629085485439248 -0.034298212815011976 0.0018954102106663651
leaf_weight=39 88 923 41 20 78 33 81 102 59 399 27 22 27 56 21 43 75 101 26 43 110 72 50 52 41 202 23 232 20 422
leaf_count=39 88 923 41 20 78 33 81 102 59 399 27 22 27 56 21 43 75 101 26 43 110 72 50 52 41 202 23 232 20 422
internal_value=0.000212585 -0.000719193 0.00202252 -0.00670732 -0.000345828 0.000839616 0.000420757 -0.00255754 -0.00348011 -0.00224252 0.00266338 0.00705128 0.00150057 -0.0063253 0.00304878 -0.00441176 0.00542453 0.00375 0.0023125 0.00277778 0.00164234 0.00208618 0.0064433 0.0108871 0.000512104 -0.000504032 0.000601751 -0.00343137 -0.00142857 -0.000130112
internal_weight=3528 2329 1199 82 2241 1459 1426 782 704 602 1117 234 883 83 41 442 212 160 800 774 137 731 194 124 537 496 457 255 70 1345
internal_count=3528 2329 1199 82 2241 1459 1426 782 704 602 1117 234 883 83 41 442 212 160 800 774 137 731 194 124 537 496 457 255 70 1345
is_linear=0
shrinkage=0.05


Tree=68
num_leaves=31
num_cat=0
split_feature=20 45 16 44 44 18 10 18 21 20 14 2 47 35 46 12 12 22 26 48 12 18 47 21 20 17 16 10 17 16
split_gain=2.16445 2.64481 2.39189 5.46218 3.43212 2.84487 3.95999 3.94497 3.08786 3.08516 2.90054 2.8761 3.04613 3.16337 2.45824 2.57803 2.20721 2.06066 2.04801 1.91838 2.11468 1.84117 2.88672 1.80695 1.75527 1.73218 2.41871 3.49422 2.3605 1.93266
threshold=-15.930999755859373 -2.909249901771545 0.29999999701976782 80.500000000000014 3.5000000000000004 0.57402777671813976 -10.260846138000487 0.29244443774223333 -0.027449999935925003 -0.92599999904632557 0.31250000000000006 0.08000000007450582 3.6149495840072636 2.3380000591278081 -0.60433331131935109 5.0193746089935312 4.6982243061065683 0.44304999709129339 -0.21474999934434888 1.0000000180025095e-35 4.9951920509338388 0.73395556211471569 0.28842742741107946 0.32654999196529394 0.61399999260902416 0.45833332836627966 0.38000001013278967 -9.5484142303466779 0.37500000000000006 0.97999998927116405
decision_type=2 2 2 2 2 2 2 2 2 2 2 2 2 2 2 2 2 2 2 2 2 2 2 2 2 2 2 2 2 2
left_child=-1 -2 4 5 14 7 23 8 9 -4 -10 -9 13 25 -3 -16 21 -18 -17 20 -6 22 -8 -7 -20 26 -13 28 -28 -27
right_child=1 2 3 -5 19 6 16 11 10 -11 -12 12 -14 -15 15 18 17 -19 24 -21 -22 -23 -24 -25 -26 29 27 -29 -30 -31
leaf_value=0.064533451153686278 -0.03183930046231781 0.013352331927702344 -0.0080233034173156307 0.56819329611913094 0.0079967916147791179 -0.062527569078592124 -0.060550322760029918 -0.008950502031565338 -0.034648082964567319 0.0040119576468552135 -0.00026851970225947669 0.003152714590438855 -0.026855530764018216 0.025633104437154025 0.00028307673231304549 0.017859877462343753 0.012895711617432854 -0.00033643672499343862 -0.00037630099405962171 -0.024726845270457834 -0.00093718264305659967 0.00027565685535573952 -0.006406219473933392 -0.044691440442041097 0.018035568274281044 0.019042342094749899 -0.020330930310816599 0.0028658290182335872 -0.045727655384797554 -8.9866145092507016e-05
leaf_weight=25 53 124 32 20 24 63 48 41 77 74 52 264 43 37 1400 55 20 29 104 20 21 127 104 37 54 278 56 71 34 141
leaf_count=25 53 124 32 20 24 63 48 41 77 74 52 264 43 37 1400 55 20 29 104 20 21 127 104 37 54 278 56 71 34 141
internal_value=0.000340136 0.000235512 0.000405797 -0.000970874 0.00166482 -0.00128993 -0.00478972 -4.16667e-05 -0.00585106 0.000471698 -0.0110465 0.00137306 0.00194805 0.00258229 0.00208693 0.00156541 -0.00213415 0.00765306 0.00669014 -0.00961538 -0.00388889 -0.00385305 -0.00756579 -0.0135 0.00379747 0.00195498 -0.000294118 -0.00512422 -0.0116667 0.00423628
internal_weight=3528 3503 3450 1648 1802 1628 428 1200 235 106 129 965 924 881 1737 1613 328 49 213 65 45 279 152 100 158 844 425 161 90 419
internal_count=3528 3503 3450 1648 1802 1628 428 1200 235 106 129 965 924 881 1737 1613 328 49 213 65 45 279 152 100 158 844 425 161 90 419
is_linear=0
shrinkage=0.05


Tree=69
num_leaves=31
num_cat=0
split_feature=47 45 16 18 9 18 18 37 47 14 16 14 47 26 46 18 14 27 22 46 14 28 0 45 21 18 14 51 11 18
split_gain=2.16995 2.69025 2.048 3.56904 4.2414 3.35994 3.01769 3.21819 2.68341 2.38729 2.78882 4.54784 4.17352 2.51011 3.07608 2.50843 2.487 2.44009 2.36366 2.29652 2.38646 2.29036 2.25185 2.3357 3.44477 2.892 2.83081 2.62327 2.58841 2.67192
threshold=14.299157142639162 -2.909249901771545 0.29999999701976782 0.58593648672103893 1.20743864774704 0.29244443774223333 0.5998000204563142 -1.2919500470161436 0.13200212270021441 0.24583332985639575 0.85999998450279247 0.21249999850988391 1.6734137535095217 -0.95350000262260426 -0.021833333186805245 0.57866665720939647 0.27916666865348821 -0.35809999704360956 -2.7167999744415279 -0.60433331131935109 0.37083333730697637 1.0111999511718752 1.1800000071525576 -0.59516665339469899 -4.1194999217987052 0.56755554676055919 0.33750000596046453 -2.7215000391006465 -0.81677603721618641 0.2853889018297196
decision_type=2 2 2 2 2 2 2 2 2 2 2 2 2 2 2 2 2 2 2 2 2 2 2 2 2 2 2 2 2 2
left_child=1 -1 19 4 5 8 -5 -8 -4 10 11 12 17 -12 -15 16 -11 -7 -18 -3 22 -10 23 27 -25 26 28 -21 -26 -30
right_child=-2 2 3 6 -6 9 7 -9 21 15 13 -13 -14 14 -16 -17 18 -19 -20 20 -22 -23 -24 24 25 -27 -28 -29 29 -31
leaf_value=-0.02910168441773002 0.076918780147860577 0.012684715331317226 0.0052938261011687823 -0.048196969570728478 0.53653161306865405 0.028413646833776052 0.011116273537896831 -0.0093849637353472081 -0.0086875478273789782 0.02048559405725205 0.038116205481884852 -0.043350001940744752 -0.054941084369014043 0.018472519137986594 -0.01174594058259509 0.02912811664686665 0.01730283690592228 0.00019742632201226741 -0.0001218423644388858 -0.0028477481384213913 0.025419700543254299 0.0018945197315604291 0.0093785853019912827 -0.0085310400750395251 -0.0012454841865432065 0.00530131052372691 -0.012653462313205001 -0.024686160061866514 0.014005619131624993 0.00025084744459263897
leaf_weight=56 22 124 24 27 21 35 23 331 166 139 40 86 45 47 34 21 37 135 392 150 24 45 26 28 85 309 53 65 137 801
leaf_count=56 22 124 24 27 21 35 23 331 166 139 40 86 45 47 34 21 37 135 392 150 24 45 26 28 85 309 53 65 137 801
internal_value=0.000255102 0.000156874 0.000333333 -0.000940534 0.000335438 -4.01284e-05 -0.00518373 -0.0039548 -0.00542553 0.00121167 -0.00165877 -0.00423588 -0.000348837 0.00475207 -0.000308642 0.00326825 0.00264085 0.00323529 0.000757576 0.00149834 0.00101311 -0.00722749 0.000785973 0.000552826 0.00129158 0.0016426 0.000418216 -0.00430233 0.00100196 0.00175906
internal_weight=3528 3506 3450 1648 1267 1246 381 354 235 1011 422 301 215 121 81 589 568 170 429 1802 1678 211 1654 1628 1413 1385 1076 215 1023 938
internal_count=3528 3506 3450 1648 1267 1246 381 354 235 1011 422 301 215 121 81 589 568 170 429 1802 1678 211 1654 1628 1413 1385 1076 215 1023 938
is_linear=0
shrinkage=0.05


Tree=70
num_leaves=31
num_cat=0
split_feature=51 37 51 14 18 18 26 36 13 6 13 3 9 12 14 17 46 22 28 44 53 27 17 9 8 44 18 50 1 14
split_gain=3.58338 3.81079 2.09449 1.95606 2.24026 2.47508 2.28009 2.15703 1.87391 3.89281 4.3254 3.70824 3.67262 3.24832 2.79452 2.62508 2.58662 2.44724 3.33163 2.23317 2.18013 2.31892 2.92793 2.17729 2.04569 2.0355 2.02968 2.01037 1.94587 3.53626
threshold=-3.3114999532699581 -6.6328501701354972 14.299999713897707 0.020833333954215053 0.48206734657287603 0.58161616325378429 -0.65174999833106984 -1.0468499660491941 -0.10733333602547644 0.90000000596046459 -0.28599999845027918 0.15365386754274371 0.4025298953056336 4.33782982826233 0.39583334326744085 0.29166667163372045 0.22116666287183764 0.58404999971389782 -0.69224998354911793 -3.4999999999999996 2.9620000123977666 0.38480000197887426 0.20833333581686023 0.28005367517471319 1.7666666507720949 -5.4999999999999991 0.41140741109848028 1.5000000000000002 0.47499999403953558 0.22916666418313983
decision_type=2 2 2 2 2 2 2 2 2 2 2 2 2 2 2 2 2 2 2 2 2 2 2 2 2 2 2 2 2 2
left_child=1 -1 8 -3 -5 7 -7 -6 9 10 15 24 14 16 20 27 17 18 -12 -11 21 22 -13 -20 -10 -17 -14 -2 -21 -30
right_child=2 3 -4 4 5 6 -8 -9 11 19 13 12 26 -15 -16 25 -18 -19 23 28 -22 -23 -24 -25 -26 -27 -28 -29 29 -31
leaf_value=0.053175446866641267 0.0003809688733988569 0.00791636033257106 -0.0030872616177209109 -0.045277459392465448 0.030937919237111474 -0.0053587482204144228 -0.070411377743329992 -0.0036040073950673727 -0.0010435110847463462 -0.0076536427476332162 0.02395974858533275 0.006243097798189024 -0.0042301308275652372 0.044522741079431848 -0.00078458215405453413 -0.0030355373649165658 -0.0077371519615097367 0.050082682148219905 0.011224231360103087 -0.0010960954886461152 0.076076216628648163 -0.0082233955121274356 0.044136463622479971 -0.017299099004034608 0.0053834217310668514 -0.052773640377719921 0.0034691685055161479 0.0086864688640469635 0.044215002323781255 -0.0029901922742633703
leaf_weight=32 724 22 63 67 34 61 55 172 440 373 28 75 61 53 80 238 33 44 45 106 38 37 185 34 47 36 199 71 42 29
leaf_count=32 724 22 63 67 34 61 55 172 440 373 28 75 61 53 80 238 33 44 45 106 38 37 185 34 47 36 199 71 42 29
internal_value=8.51305e-05 -0.00411964 0.000689711 -0.00541363 -0.00623393 -0.00450311 -0.0103448 -0.00121359 0.000878065 -0.000107759 0.00137825 0.00245267 0.00485185 0.00748945 0.00777108 2.33863e-05 0.00434783 0.00711921 0.00303738 -0.00363636 0.00977612 0.00833333 0.01 -0.00221519 -0.00087269 -0.00419708 0.000192308 0.00147799 0.000988701 0.00739437
internal_weight=3524 443 3081 411 389 322 116 206 3018 1856 1306 1162 675 237 415 1069 184 151 107 550 335 297 260 79 487 274 260 795 177 71
internal_count=3524 443 3081 411 389 322 116 206 3018 1856 1306 1162 675 237 415 1069 184 151 107 550 335 297 260 79 487 274 260 795 177 71
is_linear=0
shrinkage=0.05


Tree=71
num_leaves=31
num_cat=0
split_feature=51 13 10 56 14 44 14 0 0 16 10 8 0 13 9 46 2 13 16 10 44 12 13 10 2 13 9 28 9 56
split_gain=3.41609 2.65273 2.54536 1.83437 1.65216 1.69174 2.62374 2.21578 2.02397 2.04748 2.29788 1.97063 1.55437 2.686 4.10731 3.64576 3.43335 3.58066 3.98522 3.26637 3.81888 2.75375 2.64941 5.18065 3.12881 2.34176 2.27451 3.44288 2.19835 2.19116
threshold=-3.3114999532699581 3.5000000000000004 -17.922778129577633 14.024999618530275 0.020833333954215053 -13.499999999999998 0.16250000149011615 1.060000002384186 0.81999999284744274 0.85999998450279247 -10.075670719146727 1.3000000119209292 0.1799999997019768 -0.10733333602547644 0.4025298953056336 0.05816666595637799 0.43199999630451208 -0.28599999845027918 0.34000000357627874 -8.9026117324829084 -1.4999999999999998 0.21632621437311175 -0.22000000625848767 -11.156384468078612 0.27400000393390661 0.021999999880790714 0.044660998508334167 -0.044149998575448983 0.28005367517471319 -0.83449998497962941
decision_type=2 2 2 2 2 2 2 2 2 2 2 2 2 2 2 2 2 2 2 2 2 2 2 2 2 2 2 2 2 2
left_child=1 4 -2 12 -1 6 7 -6 9 10 -7 -11 25 16 19 -16 22 18 -18 -15 -21 -20 23 -14 -24 26 27 -4 -19 -26
right_child=2 -3 3 -5 5 8 -8 -9 -10 11 -12 -13 13 14 15 -17 17 28 21 20 -22 -23 24 -25 29 -27 -28 -29 -30 -31
leaf_value=0.003704351109817117 -0.00095484118543685869 0.050410259018569464 0.0057992926890865241 -0.0023624169205680324 -0.031140348575926402 -0.048198600368401269 -0.05134598814073104 0.0072278616171385758 0.0092625406878385445 0.0072009183228052501 0.010515995771109416 -0.0048209392579444572 0.0021053383284337104 0.0046924190949994855 -0.0013416636672844624 0.03873402449894342 0.0025582673336293966 0.043210688593422752 -0.061096951430373719 0.00040209881533221639 0.092784088682597507 -0.0050710145927987393 -0.0094638312178744813 -0.020969495072152296 0.024870098351012337 0.017984380166903291 -0.0028438646271043868 -0.0013750291491690303 0.007239641326315497 0.00035622830160083609
leaf_weight=21 44 39 38 22 42 91 84 23 45 33 22 43 55 335 258 47 682 75 23 36 70 282 125 194 47 47 365 78 93 165
leaf_count=21 44 39 38 22 42 91 84 23 45 33 22 43 55 335 258 47 682 75 23 36 70 282 125 194 47 47 365 78 93 165
internal_value=-1.41884e-05 -0.00411964 0.000576112 0.000749095 -0.00532178 -0.0060705 -0.0102349 -0.00269231 -0.0034188 -0.00568783 -0.00995575 0.000657895 0.000854063 0.00137716 0.0038874 -0.00057377 0.000301551 0.00188312 0.000734549 0.00697279 0.0146226 -0.00401639 -0.0028157 -0.00672691 7.4184e-05 -0.00160985 -0.00265073 0.00344828 0.00863095 0.00377358
internal_weight=3524 443 3081 3037 404 383 149 65 234 189 113 76 3015 2487 746 305 1741 1155 987 441 106 305 586 249 337 528 481 116 168 212
internal_count=3524 443 3081 3037 404 383 149 65 234 189 113 76 3015 2487 746 305 1741 1155 987 441 106 305 586 249 337 528 481 116 168 212
is_linear=0
shrinkage=0.05


Tree=72
num_leaves=31
num_cat=0
split_feature=51 9 14 14 44 16 16 9 2 51 10 6 18 50 37 21 26 26 50 18 17 16 35 21 37 47 21 44 21 36
split_gain=3.37317 3.47028 3.49554 2.57028 3.5033 2.45362 3.72873 2.4596 2.23817 2.15849 2.06429 1.95736 2.35471 1.97833 1.82292 1.78712 1.5623 3.27447 1.62572 3.29794 2.1991 1.73529 1.58695 1.57448 1.46643 1.44324 1.41761 1.416 1.37214 1.34248
threshold=-2.4275000095367427 0.12986246496438983 0.045833334326744087 0.23749999701976779 87.500000000000014 0.25999999791383749 0.85999998450279247 0.29613552987575537 0.52599999308586132 14.299999713897707 -10.034305095672606 0.40000000596046453 0.71116051077842724 1.0000000180025095e-35 -1.0000000180025095e-35 -0.94625002145767201 1.3640000224113467 1.4542499780654909 1.5000000000000002 0.41972221434116369 0.37500000000000006 0.34000000357627874 2.2367500066757207 -3.6721500158309932 -0.081700000911951051 0.32773190736770635 0.026100000366568569 -5.4999999999999991 0.11865000054240228 0.55129998922348034
decision_type=2 2 2 2 2 2 2 2 2 2 2 2 2 2 2 2 2 2 2 2 2 2 2 2 2 2 2 2 2 2
left_child=1 -1 -3 5 11 7 27 14 -9 16 -11 12 13 -5 -4 -15 18 -18 23 20 -20 -21 25 -2 28 -19 -22 -7 -23 -27
right_child=9 2 3 4 -6 6 -8 8 -10 10 -12 -13 -14 15 -16 -17 17 22 19 21 26 24 -24 -25 -26 29 -28 -29 -30 -31
leaf_value=-0.046357508920159052 -0.0093296199537448773 0.011151515966577041 -0.0008170887271715749 -0.014697277811691573 0.14822988340192894 -0.052649293464621619 0.0031066902074129879 0.035621739040544047 -0.05788061860085339 -0.0091539945601125227 0.002393774779538884 -0.012743327235615382 -0.058123467975338641 -0.0043981190794906483 0.01441474947112357 0.010145071409351704 0.022533876950762317 -0.011726713699298843 -0.01530161063020085 0.016682503626589441 0.0069589394234632063 0.014447852513734366 0.010937678094219729 3.6188945728286739e-05 -0.015721167153695231 0.010176135752716559 -0.011970239662453121 -0.0046533797483348854 -0.00017728513153655867 -0.012572050501068056
leaf_weight=22 32 41 32 28 20 111 37 23 32 35 28 71 28 32 24 105 22 34 24 87 55 63 101 2108 21 172 23 23 38 52
leaf_count=22 32 41 32 28 20 111 37 23 32 35 28 71 28 32 24 105 22 34 24 87 55 63 101 2108 21 172 23 23 38 52
internal_value=9.9319e-05 -0.0032194 -0.00251236 -0.00353357 -0.000176056 -0.00691489 -0.0106725 -0.00112613 -0.00863636 0.00082038 -0.00833333 -0.00170455 0.000906736 0.00318182 0.00625 0.00565693 0.00102401 0.00400262 0.000560996 0.00393891 -0.00343137 0.00753589 0.00285515 7.00935e-05 0.00368852 0.000775194 0.000641026 -0.0145522 0.00618812 0.00223214
internal_weight=3524 629 607 566 284 282 171 111 55 2895 63 264 193 165 56 137 2832 381 2451 311 102 209 359 2140 122 258 78 134 101 224
internal_count=3524 629 607 566 284 282 171 111 55 2895 63 264 193 165 56 137 2832 381 2451 311 102 209 359 2140 122 258 78 134 101 224
is_linear=0
shrinkage=0.05


Tree=73
num_leaves=31
num_cat=0
split_feature=51 44 50 3 56 14 16 35 0 13 28 20 4 11 51 22 16 44 47 8 16 14 28 48 36 20 26 35 47 36
split_gain=2.85616 2.44471 1.67891 2.04708 1.83923 1.7161 1.71329 1.875 1.65929 2.32471 1.6235 1.84152 1.57399 1.51034 2.96976 3.56691 2.52132 1.71448 1.76131 1.60256 1.41948 2.5729 1.65346 2.93203 2.37223 2.20715 1.86359 1.97531 1.70168 1.64339
threshold=-3.3114999532699581 93.500000000000014 1.5000000000000002 0.22581839561462405 -0.24949999898672101 0.28749999403953558 0.4200000017881394 -0.79850000143051136 0.29999999701976782 -0.33200000226497645 0.59940001368522655 0.42325000464916235 0.25999999791383749 0.034234222024679191 -1.3134999871253965 -0.50674998760223378 0.25999999791383749 2.5000000000000004 4.2404625415802011 0.96666666865348827 0.53999999165534984 0.3458333313465119 0.61405000090599071 1.0000000180025095e-35 0.29339998960495001 0.93575000762939464 -0.28124999999999994 0.5052500069141389 0.24545094370841983 -0.039450000971555703
decision_type=2 2 2 2 2 2 2 2 2 2 2 2 2 2 2 2 2 2 2 2 2 2 2 2 2 2 2 2 2 2
left_child=1 10 13 4 8 -5 7 -6 -4 -10 12 -12 -1 17 15 19 -17 18 -2 -15 22 -22 23 24 28 -24 -26 -28 -16 -25
right_child=2 -3 3 5 6 -7 -8 -9 9 -11 11 -13 -14 14 20 16 -18 -19 -20 -21 21 -23 25 29 26 -27 27 -29 -30 -31
leaf_value=-0.02925836440922391 -0.00010210884740877597 0.081744141242302254 -0.021856529213786606 0.011960265509285417 -0.014940763178583949 0.0019395606004847942 0.013232487582665632 0.0012833101550637966 -0.02360192342210278 0.0094048522828452455 -0.064025474219380277 -0.0033101287613338803 -0.0032987351519412345 -0.036156412522323211 -5.9078193853901524e-05 0.031789974481373016 -0.0098331587910469656 -0.010603208237187267 -0.020597356913620371 -0.012967499361632851 0.042449897687380049 5.9624246461206787e-05 0.019223184815517925 -0.0049502213633445813 0.0074770510947382018 0.0041705884990795253 -0.0040696460201015772 0.00060711987989634094 0.022319309410682747 3.8269807155597028e-05
leaf_weight=37 1552 21 42 103 20 86 39 40 21 47 42 22 321 26 34 28 78 34 59 39 55 53 68 118 34 179 44 72 85 125
leaf_count=37 1552 21 42 103 20 86 39 40 21 47 42 22 321 26 34 28 78 34 59 39 55 53 68 118 34 179 44 72 85 125
internal_value=0.000198638 -0.0035553 0.000738397 0.00376884 0.000358852 0.00753968 0.00530303 0 -0.00409091 0.000735294 -0.00438389 -0.0117188 -0.00307263 0.000288856 0.00178227 -0.00423977 0.00141509 -0.000653495 -0.000418994 -0.0134615 0.00297001 0.00833333 0.00220685 0.000585938 0.00418216 0.0055668 0 -0.00301724 0.00945378 -0.00339506
internal_weight=3524 443 3081 398 209 189 99 60 110 68 422 64 358 2683 1038 171 106 1645 1611 65 867 108 759 512 269 247 150 116 119 243
internal_count=3524 443 3081 398 209 189 99 60 110 68 422 64 358 2683 1038 171 106 1645 1611 65 867 108 759 512 269 247 150 116 119 243
is_linear=0
shrinkage=0.05


Tree=74
num_leaves=31
num_cat=0
split_feature=51 44 50 18 46 18 18 36 36 11 51 27 35 9 28 8 0 18 13 9 44 0 44 44 10 51 0 44 47 36
split_gain=2.34456 2.34629 2.04751 2.34132 1.95709 2.30466 2.74208 1.94755 2.49848 2.61564 2 1.87216 1.806 2.04025 1.54215 2.12247 1.45663 2.93227 2.07511 2.90667 3.53655 3.65256 2.62376 2.57357 2.45771 2.20794 1.81694 5.74205 2.59303 2.40271
threshold=-3.3114999532699581 93.500000000000014 1.5000000000000002 0.41731111705303198 0.10016666725277902 0.49091428518295294 0.52422222495079052 -0.37250000238418574 -0.8149999976158141 -0.016916274093091484 -1.8190000057220457 0.025750000029802326 -1.2850000262260435 0.3599508553743363 0.033750001341104514 1.5000000000000002 0.1799999997019768 0.61073017120361339 -0.17911110818386075 0.4025298953056336 -1.0000000180025095e-35 0.4200000017881394 -4.4999999999999991 -1.4999999999999998 -8.8865880966186506 2.7035000324249272 0.38000001013278967 -6.4999999999999991 0.19104575365781787 0.54019999504089367
decision_type=2 2 2 2 2 2 2 2 2 2 2 2 2 2 2 2 2 2 2 2 2 2 2 2 2 2 2 2 2 2
left_child=1 4 16 -4 5 -1 14 8 9 -5 -10 -9 13 -8 15 -7 17 -2 23 20 21 22 -20 26 -22 -24 28 -28 -18 -30
right_child=2 -3 3 7 -6 6 12 11 10 -11 -12 -13 -14 -15 -16 -17 18 -19 19 -21 24 -23 25 -25 -26 -27 27 -29 29 -31
leaf_value=-0.032455873604593476 -0.0016503658797201483 0.077656934180187071 -0.0014343577576471922 -0.0025161404226926171 0.00052816101741877126 0.0076537857472337434 0.0063746168859878166 0.020561054755075484 -0.020703713183369631 0.027357108660936547 0.0025179215381755937 0.0031785866677864986 -0.053927264116516875 -0.019133022406121327 0.021480444648152321 -0.007907952553458001 0.0013777513171472936 0.0039483879673530677 -0.037181666964324442 -0.00020718031073253948 0.0027876151411000919 0.01390641536995741 -0.0020905695228742639 -0.047076814792231227 0.10601010418642641 0.051775364408973394 -0.00029727706902106087 0.041282969052184815 -0.013620960577811331 0.00048576495799805276
leaf_weight=60 430 21 117 25 126 50 29 98 25 27 25 81 81 34 20 22 36 34 25 371 74 161 148 30 58 34 990 82 154 56
leaf_count=60 430 21 117 25 126 50 29 98 25 27 25 81 81 34 20 22 36 34 25 371 74 161 148 30 58 34 990 82 154 56
internal_value=0.000184449 -0.0032167 0.000673483 0.0040201 -0.00402844 -0.00625 -0.00402542 0.00649466 0.000980392 0.00865385 -0.007 0.00963687 -0.00833333 -0.00198413 0.00271739 -0.000694444 0.000177041 -0.00237069 0.000709779 0.00261194 0.0051 0.00258152 -0.00181159 -0.000519288 0.0121212 0.000274725 -0.000189681 0.000699627 -0.00406504 -0.00619048
internal_weight=3524 443 3081 398 422 296 236 281 102 52 50 179 144 63 92 72 2683 464 2219 871 500 368 207 1348 132 182 1318 1072 246 210
internal_count=3524 443 3081 398 422 296 236 281 102 52 50 179 144 63 92 72 2683 464 2219 871 500 368 207 1348 132 182 1318 1072 246 210
is_linear=0
shrinkage=0.05


Tree=75
num_leaves=31
num_cat=0
split_feature=56 46 12 26 35 22 20 9 20 50 2 51 22 9 0 13 3 20 45 2 12 37 53 9 3 26 9 21 13 16
split_gain=2.97323 2.52204 1.98529 2.35427 1.81806 1.77688 1.78068 1.96174 2.11985 1.77372 1.71474 1.83504 2.6087 1.65093 2.10321 2.4 2.78009 1.89018 1.72358 1.62374 1.87444 2.5212 2.94679 3.01288 2.00207 2.86272 2.01342 2.29233 1.99016 1.95733
threshold=-3.4724999666213985 0.11916666850447656 5.0887396335601816 -1.0784999728202818 -1.2202500104904173 -6.5457000732421866 -1.5587500333786009 0.14865106344223025 -1.9302499890327451 1.0000000180025095e-35 0.90599998831748974 -0.86349999904632557 -9.3243999481201154 0.19948085397481921 0.25999999791383749 0.0084444447420537489 0.20034662634134295 -0.6392499804496764 -0.23383333534002301 1.2549999952316286 0.51467344164848339 -0.36660000681877131 -2.1324999332427974 0.43128676712512976 0.31211639940738684 -0.79699999094009388 0.11238873749971391 0.054599998518824584 -0.031555556692183011 0.13999999687075618
decision_type=2 2 2 2 2 2 2 2 2 2 2 2 2 2 2 2 2 2 2 2 2 2 2 2 2 2 2 2 2 2
left_child=1 4 5 9 10 -2 7 8 -7 -4 11 12 -1 14 15 16 -5 -15 -19 20 24 22 -22 -24 26 -26 27 28 -8 -23
right_child=2 -3 3 13 -6 6 19 -9 -10 -11 -12 -13 -14 17 -16 -17 -18 18 -20 -21 21 29 23 -25 25 -27 -28 -29 -30 -31
leaf_value=0.018197946242564694 -0.012502692099831939 0.017331625929075455 3.3578697585145738e-05 -0.011130007569248479 -0.034833307793875716 -0.006785420712362579 -0.011179353477918272 0.0059302680888405623 0.0092307266514151994 0.030348842936949977 0.0080753799844218051 0.005507563735252111 -0.020974038972755474 0.0070122828604051281 0.013328465816202166 0.037750791989752772 0.0017163850555391331 -0.025758543440802972 -0.0001926792066715184 -0.093046281061314573 -0.04492609446597437 -0.024869069790898597 -0.0056164335459203589 0.01731536167866643 0.034350969774905295 0.0029732833778473135 0.0022544244979268492 0.0012808499707107467 0.0020804597046232124 -0.00010232384390697909
leaf_weight=22 54 37 20 26 105 48 110 209 20 43 49 40 67 26 78 20 34 28 155 28 42 24 230 34 22 185 494 106 52 1135
leaf_count=22 54 37 20 26 105 48 110 209 20 43 49 40 67 26 78 20 34 28 155 28 42 24 230 34 22 185 494 106 52 1135
internal_value=-0.000246966 -0.00484375 0.000209432 0.00337209 -0.00644876 -0.000277479 -0.000100402 0.00370036 -0.00367647 0.0123016 -0.00337079 -0.00639535 -0.0103933 0.00183924 0.0056962 0 -0.005 -0.00107656 -0.00286885 -0.000528026 -0.000390304 -0.00151877 -0.00555556 -0.00359848 0.00131579 0.00567633 0.000131234 -0.00335821 -0.00709877 -0.000452977
internal_weight=3543 320 3223 430 283 2793 2739 277 68 63 178 129 89 367 158 80 60 209 183 2462 2434 1465 306 264 969 207 762 268 162 1159
internal_count=3543 320 3223 430 283 2793 2739 277 68 63 178 129 89 367 158 80 60 209 183 2462 2434 1465 306 264 969 207 762 268 162 1159
is_linear=0
shrinkage=0.05


Tree=76
num_leaves=31
num_cat=0
split_feature=10 56 46 2 19 10 18 10 11 49 18 18 46 56 9 9 47 2 56 47 46 9 2 11 12 37 2 37 12 14
split_gain=2.8599 2.7184 2.33312 1.8991 1.80799 2.12308 2.93068 2.65535 2.6395 2.59281 2.61345 2.89756 2.42038 2.18759 2.07224 2.03159 3.12192 2.85724 1.86059 1.90579 2.30589 1.84092 1.8334 1.87279 2.37978 1.80156 3.25719 1.78901 1.73519 2.04559
threshold=-17.361404418945309 -3.4724999666213985 0.11916666850447656 1.2549999952316286 1.0000000180025095e-35 -9.3096928596496564 0.20960185676813128 -8.9912037849426252 0.010936283972114326 1.0000000180025095e-35 0.69346383213996898 0.6712261736392976 0.19416666775941852 -2.3240000009536739 0.05383602902293206 0.42461432516574865 0.38967274129390722 1.0224999785423281 -1.9235000014305113 0.20355684310197833 -0.1493333354592323 0.28923450410366064 0.58933332562446605 0.10518197715282442 3.8767359256744389 0.17944999784231189 0.24511111527681353 0.74850001931190502 2.2283611297607426 0.29583333432674414
decision_type=2 2 2 2 2 2 2 2 2 2 2 2 2 2 2 2 2 2 2 2 2 2 2 2 2 2 2 2 2 2
left_child=-1 2 -2 4 5 9 -7 8 -8 22 11 13 15 -11 -10 16 -9 -17 -6 -20 -21 -12 -3 27 -25 26 -18 -24 29 -27
right_child=1 3 -4 -5 18 6 7 12 14 10 21 -13 -14 -15 -16 17 25 -19 19 20 -22 -23 23 24 -26 28 -28 -29 -30 -31
leaf_value=-0.001336671986682314 -0.013342554102821201 9.010383043477375e-05 0.016465044632621682 -0.088393967008248822 0.0012324204706394611 -0.0098565788873829947 0.0030178794980821547 0.034469655213019805 0.00056155933498810431 -0.023268145659079267 -0.0017767237685703001 0.041988467087096019 -0.0053643237937067937 -0.0011641568706386 0.013450732453888593 -0.0035054482572909685 -0.0084106593156494606 0.03227433134108864 0.0006163365027723397 0.002485161350379528 -0.0051461328339948821 -0.04815477903491517 0.0099968299789261264 -0.013615919540514288 0.0063107166435522073 0.027983938488053608 0.0078176721404283056 -0.0028117727129801096 0.02246926097544066 -0.0074165241965393983
leaf_weight=93 283 739 37 28 22 59 141 80 55 47 28 20 114 760 183 119 47 28 49 23 74 39 155 59 70 41 63 28 34 25
leaf_count=93 283 739 37 28 22 59 141 80 55 47 28 20 114 760 183 119 47 28 49 23 74 39 155 59 70 41 63 28 34 25
internal_value=-0.000218741 1.44928e-05 -0.004375 0.000463259 0.000580271 0.000869121 0.00275531 0.00344086 0.00666227 -8.99743e-05 -0.00206935 -0.00129988 0.00122505 -0.0017658 0.00987395 0.00291762 0.00534483 -0.00187075 -0.00446429 -0.00650685 -0.010567 -0.0115672 0.00159372 0.00480769 0.000193798 0.00214286 -0.00227273 0.00806011 0.007 0.00227273
internal_weight=3543 3450 320 3130 3102 2934 989 930 379 1945 894 827 551 807 238 437 290 147 168 146 97 67 1051 312 129 210 110 183 100 66
internal_count=3543 3450 320 3130 3102 2934 989 930 379 1945 894 827 551 807 238 437 290 147 168 146 97 67 1051 312 129 210 110 183 100 66
is_linear=0
shrinkage=0.05


Tree=77
num_leaves=31
num_cat=0
split_feature=10 56 46 10 2 0 14 17 14 8 12 26 37 53 14 14 56 14 22 13 46 14 35 4 16 10 47 47 44 2
split_gain=2.83198 2.29537 2.21125 1.89792 1.87577 2.571 1.78795 3.03089 1.62054 1.55877 1.5454 1.70214 1.57598 2.06853 1.99943 2.7115 4.2476 2.50336 2.67111 2.32409 2.37783 4.00107 2.62395 2.0875 1.9127 1.84016 1.75014 2.28429 1.6245 1.80969
threshold=-17.361404418945309 -3.4724999666213985 0.11916666850447656 -9.7639136314392072 1.2549999952316286 1.1800000071525576 0.23749999701976779 0.37500000000000006 0.062500001862645163 0.76666668057441723 5.0887396335601816 -1.0784999728202818 -1.365599989891052 -2.4845000505447383 0.27916666865348821 0.30416667461395269 -0.94900000095367421 0.26250000298023229 1.3205999732017519 -0.21200000494718549 0.11916666850447656 0.37916666269302374 -0.12974999845027921 0.38000001013278967 0.38000001013278967 -9.2747282981872541 0.45101319253444677 1.1096428036689761 -12.499999999999998 0.52599999308586132
decision_type=2 2 2 2 2 2 2 2 2 2 2 2 2 2 2 2 2 2 2 2 2 2 2 2 2 2 2 2 2 2
left_child=-1 2 3 6 5 10 9 -8 -5 -2 12 -12 13 -3 17 16 -16 -14 -19 23 22 26 -21 -17 -25 -18 -22 -28 -15 -30
right_child=1 4 -4 8 -6 -7 7 -9 -10 -11 11 -13 14 28 15 19 25 18 -20 20 21 -23 -24 24 -26 -27 27 -29 29 -31
leaf_value=-0.0012698383873481984 -0.022868842031531035 -0.033413099358004426 0.0156417924009906 0.014836036383118013 -0.083974268657836401 0.010503539363232884 0.017058652782346109 -0.012333126127711017 -0.0030799549317666979 -0.058893375401953101 0.013303134659040185 0.00099279079955702509 0.00052151390745907862 -0.035669110580746975 0.0047054495854759182 -0.024244478262505267 -0.032802273587406276 0.020296292511970144 -0.0012430776854274591 -0.00021747904216174732 0.0076127407354340121 -0.0084525789071635497 0.0089875836049439998 0.014675656862879055 -0.01314902326259957 -0.01017653951349138 -0.021424464976047664 0.0072739103063622417 -0.0037130397189836825 0.033253013579665112
leaf_weight=93 98 47 37 24 28 44 39 56 32 34 63 360 1558 34 35 87 48 62 40 149 20 36 124 50 68 47 25 22 151 32
leaf_count=93 98 47 37 24 28 44 39 56 32 34 63 360 1558 34 35 87 48 62 40 149 20 36 124 50 68 47 25 22 151 32
internal_value=-0.000261078 -2.89855e-05 -0.0040625 -0.00556537 0.000383387 0.000499678 -0.00759912 -0.00236842 0.00267857 -0.0113636 0.000327011 0.00313239 -0.00012334 -0.00378788 0.00028469 -0.0019339 -0.00846154 0.00123494 0.00882353 -0.000473322 0.0018617 -0.00461165 0.00430403 -0.0047561 -0.000423729 -0.0139474 0.00261194 -0.00265957 -0.00172811 0.000136612
internal_weight=3543 3450 320 283 3130 3102 227 95 56 132 3058 423 2635 264 2371 711 130 1660 102 581 376 103 273 205 118 95 67 47 217 183
internal_count=3543 3450 320 283 3130 3102 227 95 56 132 3058 423 2635 264 2371 711 130 1660 102 581 376 103 273 205 118 95 67 47 217 183
is_linear=0
shrinkage=0.05


Tree=78
num_leaves=31
num_cat=0
split_feature=10 18 2 12 11 18 4 10 44 47 12 11 35 28 46 18 37 10 22 47 51 18 13 0 45 19 10 46 9 3
split_gain=1.86451 2.21619 2.38691 2.14111 1.53024 1.54176 1.71852 3.50741 2.93441 2.50438 2.07326 3.51696 2.05277 2.62293 3.39524 2.66667 2.5455 2.17366 1.94847 1.87671 1.76697 1.6117 1.95686 1.5536 1.52466 1.51969 2.05634 2.89003 2.98691 2.50138
threshold=-9.3096928596496564 0.20960185676813128 1.2549999952316286 4.2308614253997812 0.93912741541862499 0.71305307745933544 0.38000001013278967 -10.68334913253784 -12.499999999999998 1.0356884598731997 3.3502106666564946 -0.64514106512069691 -0.96824997663497914 -0.18400000035762784 -0.12616666406393048 0.56788888573646557 2.3047499656677251 -9.8927545547485334 0.67285001277923595 0.29984189569950109 -4.2269999980926505 0.58161616325378429 -0.006000000284984707 0.62000000476837169 -1.3860833048820493 1.0000000180025095e-35 -8.9912037849426252 -0.2001666650176048 0.040018009021878249 0.15563326328992846
decision_type=2 2 2 2 2 2 2 2 2 2 2 2 2 2 2 2 2 2 2 2 2 2 2 2 2 2 2 2 2 2
left_child=3 -2 25 4 5 6 8 9 -1 -8 -10 -12 -9 14 -14 17 19 -16 -13 -15 24 22 -21 -7 -11 26 27 -3 -29 -28
right_child=1 2 -4 -5 -6 23 7 12 10 20 11 18 13 16 15 -17 -18 -19 -20 21 -22 -23 -24 -25 -26 -27 29 28 -30 -31
leaf_value=-0.04325671666194373 -0.0094133894829916964 -0.0012576054443117213 -0.079775555224944603 0.00061796125563406967 0.0099943625429325285 0.003930862651558664 -6.2238899473691191e-05 0.0087114632399745654 -0.0032490822736719774 -0.03490518689336302 -0.0028475981008838011 0.0097021486010184926 -0.031292723130745652 -0.011531067726241151 0.0023941321615556957 0.011635623469445969 0.035349986145509014 -0.021809155308707487 -0.0037407851785239733 0.016675871392283503 -0.039222124386381313 -0.012218395261429338 -0.013882243310525939 -0.038498118842152797 0.0041792982526122763 -0.0029978978002897332 -0.0021697390511027648 -0.0037086909748036442 0.010423280714606088 0.002631277405929605
leaf_weight=51 59 97 28 695 38 25 120 149 545 65 64 85 31 35 41 36 20 31 40 137 40 69 25 51 28 86 116 32 259 445
leaf_count=51 59 97 28 695 38 25 120 149 545 65 64 85 31 35 41 36 20 31 40 137 40 69 25 51 28 86 116 32 259 445
internal_value=-0.000303415 0.00138146 0.00190499 -0.00108426 -0.00202781 -0.00225118 -0.00192308 -0.000332527 -0.00359873 -0.00523715 -0.00279292 0.00171958 0.00182927 5.88235e-05 -0.00557554 -0.00138889 0.0027972 -0.00694444 0.0066 0.00150376 -0.00996241 0.00313853 0.0058642 -0.00921053 -0.0061828 0.00229469 0.00287144 0.0056701 0.00816151 0.000935829
internal_weight=3543 1122 1063 2421 1726 1688 1612 827 785 253 734 189 574 425 139 108 286 72 125 266 133 231 162 76 93 1035 949 388 291 561
internal_count=3543 1122 1063 2421 1726 1688 1612 827 785 253 734 189 574 425 139 108 286 72 125 266 133 231 162 76 93 1035 949 388 291 561
is_linear=0
shrinkage=0.05


Tree=79
num_leaves=31
num_cat=0
split_feature=10 56 36 2 14 17 45 14 12 22 12 37 28 37 37 2 35 9 27 11 11 5 53 50 47 37 9 3 46 13
split_gain=1.88544 1.77831 2.10001 1.85721 1.59144 3.24049 2.24359 3.66565 1.58821 1.49223 1.83689 1.47725 3.10991 2.50226 2.39266 2.31612 2.21692 2.77778 2.01674 1.81697 1.84253 1.896 1.85874 1.7506 1.72293 2.63254 2.52998 3.05455 1.87518 1.86607
threshold=-17.361404418945309 -3.4724999666213985 -0.22439999878406522 1.2549999952316286 0.22916666418313983 0.54166665673255932 -2.909249901771545 0.16250000149011615 2.5098414421081547 -8.7708501815795881 3.3326171636581425 0.76414999365806591 2.0149499177932744 0.23795000463724139 5.1263999938964853 0.24511111527681353 -1.1447499990463255 0.15539041161537173 0.33855000138282781 -0.2124078497290611 0.006642326246947051 0.42499999701976782 -1.7910000085830686 1.0000000180025095e-35 0.66482844948768627 -1.330250024795532 0.18978983908891681 0.29734541475772863 0.037166666239500053 0.21266666799783709
decision_type=2 2 2 2 2 2 2 2 2 2 2 2 2 2 2 2 2 2 2 2 2 2 2 2 2 2 2 2 2 2
left_child=-1 2 4 9 6 -6 -2 -8 -7 10 -3 12 13 16 -13 -16 17 -11 23 -15 21 -21 -22 -19 29 -26 27 -27 -28 -18
right_child=1 3 -4 -5 5 8 7 -9 -10 11 -12 14 -14 19 15 -17 24 18 -20 20 22 -23 -24 -25 25 26 28 -29 -30 -31
leaf_value=-0.0012032345230071038 -0.034839881014857708 -0.031579990276420611 -0.031152226219775384 -0.075786777463697358 0.02941034545790604 0.0051053181828283178 0.012834208939492529 -0.050470633449630257 -0.027846999166786641 -0.0015464359977307052 0.0004049065168167384 -0.0047314633707305886 -0.016657594933573428 -0.0028850900926344764 -0.0021056231016020333 0.018777847022396085 0.00075505092392955824 -0.0071013940986924488 0.02090634134650917 0.026209112266785364 0.0088872366658065086 0.00016711576982461827 0.0041229838765680432 0.0074510591018614823 -0.039411459267248664 -0.0070316556754047967 -0.0020152158125167001 0.0034799953782470847 0.0044392790434204079 -0.003079823442124657
leaf_weight=93 56 29 72 28 39 30 73 27 23 75 26 586 65 42 32 58 988 33 44 67 25 30 235 148 36 165 149 66 169 34
leaf_count=93 56 29 72 28 39 30 73 27 23 75 26 586 65 42 32 58 988 33 44 67 25 30 235 148 36 165 149 66 169 34
internal_value=-0.000232854 -4.34783e-05 -0.00359375 0.000319489 -0.00141129 0.00380435 -0.00448718 0 -0.00424528 0.000435203 -0.00772727 0.00058254 0.00117039 0.00147441 -0.00147929 0.00611111 0.000721028 0.00466667 0.00744444 0.00507519 0.00623249 0.0121134 0.00403846 0.0051105 -1.55569e-05 -0.00217949 -0.00132058 -0.00530303 0.00157233 0.00122309
internal_weight=3543 3450 320 3130 248 92 156 100 53 3102 55 3047 2371 2306 676 90 1907 300 225 399 357 97 260 181 1607 585 549 231 318 1022
internal_count=3543 3450 320 3130 248 92 156 100 53 3102 55 3047 2371 2306 676 90 1907 300 225 399 357 97 260 181 1607 585 549 231 318 1022
is_linear=0
shrinkage=0.05


Tree=80
num_leaves=31
num_cat=0
split_feature=20 10 16 18 12 37 18 16 16 10 53 4 4 21 44 46 21 18 14 8 21 14 44 8 3 9 8 18 37 37
split_gain=1.74512 1.96908 3.24676 2.37786 2.92586 2.4722 2.56717 1.98389 3.8642 2.10062 1.8246 1.75597 1.80644 2.19244 3.52318 2.07284 2.02227 2.03202 1.82301 1.8907 2.19405 2.11683 2.09491 1.73753 1.9468 1.69625 3.14029 3.03562 1.68715 2.18752
threshold=-15.930999755859373 -9.6888275146484357 1.1800000071525576 0.6712261736392976 2.3443055152893071 -0.50800001621246327 0.62588888406753551 0.85999998450279247 0.4200000017881394 -11.36375856399536 -0.59950000047683705 1.1399999856948855 0.099999997764825835 1.0000000180025095e-35 -2.4999999999999996 0.21066666394472125 0.13149999827146533 0.27080741524696356 0.10416666790843011 1.6333333253860476 0.41935001313686376 0.27916666865348821 -8.4999999999999982 0.90000000596046459 0.15365386754274371 0.40667136013507849 1.0000000180025095e-35 0.70197221636772167 -3.0047999620437618 -0.092900000512599931
decision_type=2 2 2 2 2 2 2 2 2 2 2 2 2 2 2 2 2 2 2 2 2 2 2 2 2 2 2 2 2 2
left_child=-1 2 3 5 -5 23 7 8 -7 -9 -10 12 16 25 18 -16 17 -3 -15 20 -20 -22 -21 24 -2 26 -14 -27 -18 -30
right_child=1 11 -4 4 -6 6 -8 9 10 -11 -12 -13 13 14 15 -17 28 -19 19 22 21 -23 -24 -25 -26 27 -28 -29 29 -31
leaf_value=0.070722760522127004 0.0025512122885966108 0.0098072967003498546 -0.035109728180953037 -0.0012646544024012972 0.012835159621363652 0.00023364497084932365 -0.0073557941285701707 0.031033440590894301 -0.0050284707077541627 0.00090327063733042787 -0.055616317239152994 -0.092111001349447816 0.18307725773197983 0.0081634036872283832 0.024252509498385134 -0.003887847520733078 0.010238948465463788 -0.00041183737994026005 0.009032524881604137 -0.00039546801948943671 0.0038520578064937141 -0.014562384658352402 0.022421337924773767 -0.0018616549931496273 -0.012589640978522942 -0.01041597466483859 0.0003074017248215544 0.010936522139055197 -0.013223370336402413 -0.0013832992188422101
leaf_weight=25 23 87 50 47 68 889 86 22 54 87 35 24 22 53 96 23 21 319 102 21 58 72 23 213 177 117 467 55 73 112
leaf_count=25 23 87 50 47 68 889 86 22 54 87 35 24 22 53 96 23 21 319 102 21 58 72 23 213 177 117 467 55 73 112
internal_value=-0.000163306 -0.000257437 -0.00144203 -0.0010729 0.00586957 -0.00157629 -0.000404945 0.00025299 -0.000460123 0.00665138 -0.0103933 0.000931232 0.00111854 0.00232191 0.00502232 0.012395 -0.00106209 0.000985222 0.00235562 0.000724638 -0.00107759 -0.00538462 0.0102273 -0.00490315 -0.00825 0.000491679 0.00199387 -0.00377907 -0.00509709 -0.00662162
internal_weight=3521 3496 1751 1701 115 1586 1173 1087 978 109 89 1745 1721 1109 448 119 612 406 329 276 232 130 44 413 200 661 489 172 206 185
internal_count=3521 3496 1751 1701 115 1586 1173 1087 978 109 89 1745 1721 1109 448 119 612 406 329 276 232 130 44 413 200 661 489 172 206 185
is_linear=0
shrinkage=0.05


Tree=81
num_leaves=31
num_cat=0
split_feature=13 16 18 8 3 45 53 56 6 21 3 13 10 3 45 0 16 10 51 8 19 0 13 27 9 10 16 13 21 51
split_gain=2.40522 3.51501 2.67612 3.93539 2.93366 2.29467 2.81813 2.18111 2.02789 2.54406 1.9356 3.06452 2.79158 2.60881 2.91916 2.58123 2.09433 2.74286 1.8629 1.96914 1.77522 1.7431 2.52 1.60484 2.77003 1.72901 1.66838 1.90821 1.5445 1.62919
threshold=-0.10955555737018584 0.38000001013278967 0.58161616325378429 1.6333333253860476 0.15563326328992846 2.5058333873748784 3.3069999217987065 0.23900000005960467 0.90000000596046459 -1.0835499763488767 0.15365386754274371 0.058888887986540801 -8.9912037849426252 0.25274377316236502 -1.0134999752044676 0.1799999997019768 0.21999999880790713 -9.5484142303466779 -0.64149999618530262 1.5666666626930239 1.0000000180025095e-35 0.099999997764825835 -0.006000000284984707 -0.044550001621246331 0.23607748746871951 -9.1332664489746076 0.29999999701976782 -0.021111111156642434 -0.62189999222755421 -3.379500031471252
decision_type=2 2 2 2 2 2 2 2 2 2 2 2 2 2 2 2 2 2 2 2 2 2 2 2 2 2 2 2 2 2
left_child=1 8 4 7 -3 6 10 -4 28 -10 11 12 18 16 -15 -13 17 -12 -2 23 -21 -14 -23 25 -25 26 27 -20 -1 -30
right_child=5 2 3 -5 -6 -7 -8 -9 9 -11 13 15 21 14 -16 -17 -18 -19 19 20 -22 22 -24 24 -26 -27 -28 -29 29 -31
leaf_value=0.0054814839593243904 -0.0041205796818889195 0.012127933410522302 -0.044688981898418523 0.0024348531064533833 -0.0040561219578655562 -0.0031584360427814938 0.060519168521600109 0.00147756331416411 -0.017275766268832288 -0.00039124551094324705 -0.0080495888212811662 0.039164388746693306 -0.018845348727225059 -0.011493464965780509 0.0012174027307263115 -0.0029128298272037001 0.007807693307736072 0.0039561498018721494 -0.00082099361583219503 0.012232684760692395 0.0017090750336922469 -0.010149526591542455 0.020417805560028496 -0.0049191254221506164 0.0052024014724614395 0.011782382880678711 -0.0046430095101468311 0.0056837950847496684 -0.011960158929596799 0.00045393470221141751
leaf_weight=191 33 32 130 38 346 38 37 28 62 395 21 27 33 56 278 25 408 35 24 26 27 50 20 116 40 23 26 26 107 823
leaf_count=191 33 32 130 38 346 38 37 28 62 395 21 27 33 56 278 25 408 35 24 26 27 50 20 116 40 23 26 26 107 823
internal_value=-4.97018e-05 -0.00109201 -0.00444251 -0.00918367 -0.00198413 0.00158875 0.00193464 -0.0126582 0.000126743 -0.00268053 0.0015456 -0.000907258 -0.00225225 0.00307018 -0.000299401 0.0105769 0.00549569 -0.00357143 -7.33138e-05 0.00113636 0.00990566 -0.00946602 -0.005 -0.000686275 -0.00384615 0.00429293 0.000657895 0.006 0.00127119 0.000430108
internal_weight=3521 2152 574 196 378 1369 1331 158 1578 457 1294 496 444 798 334 52 464 56 341 308 53 103 70 255 156 99 76 50 1121 930
internal_count=3521 2152 574 196 378 1369 1331 158 1578 457 1294 496 444 798 334 52 464 56 341 308 53 103 70 255 156 99 76 50 1121 930
is_linear=0
shrinkage=0.05


Tree=82
num_leaves=31
num_cat=0
split_feature=16 13 13 16 2 2 16 13 0 2 12 28 13 12 27 28 16 27 18 11 18 53 13 46 22 37 13 18 37 28
split_gain=2.05016 5.06006 2.07754 3.8242 3.16092 2.87862 4.26724 2.57932 2.45906 2.31384 2.61824 2.41054 2.30047 2.3882 2.1585 2.49643 2.95753 2.70617 3.32485 2.71396 2.36383 2.0942 1.96903 1.93398 1.97186 1.90829 2.5121 2.11722 1.90692 2.44124
threshold=0.97999998927116405 -0.66533333063125599 -0.17911110818386075 0.53999999165534984 0.11800000444054605 0.43199999630451208 0.25999999791383749 -0.31000000238418574 0.53999999165534984 0.58933332562446605 5.0193746089935312 0.46829999983310705 -0.37600000202655787 0.28086778521537786 1.1669999957084658 0.19989999383687976 0.34000000357627874 1.0000000180025095e-35 0.52556851506233226 0.21668267250061038 0.48380808532238012 -1.5855000019073484 -0.71177777647972096 0.17000000178813937 -0.45470000803470606 -1.0000000180025095e-35 -0.24199999868869779 0.56865182518959057 0.23795000463724139 -6.7950501441955558
decision_type=2 2 2 2 2 2 2 2 2 2 2 2 2 2 2 2 2 2 2 2 2 2 2 2 2 2 2 2 2 2
left_child=2 -2 5 28 -5 6 25 9 -9 10 12 -12 13 -7 15 16 -11 18 20 -19 -17 -6 -18 24 -3 26 -1 -27 29 -4
right_child=1 23 3 4 21 7 -8 8 -10 14 11 -13 -14 -15 -16 17 22 19 -20 -21 -22 -23 -24 -25 -26 27 -28 -29 -30 -31
leaf_value=-0.0017423049676466571 -0.075742343491283046 -0.00094296423634142529 0.014451344204884004 -0.0022955689245426438 4.7000670765662283e-05 0.001121182515908757 -0.013204689362027539 0.045325818071703827 0.00072916304733393203 0.0043504471261001888 -0.0011165443218663974 0.008993556532013525 -0.000370719899456795 -0.023553656959805089 -0.015705373844382531 -0.0206705283024891 -0.037690919764234512 -0.00092326041983410235 -0.024727374243143654 0.033993176587785438 0.022548071587494736 0.061426633608603357 0.0017617289336824271 -0.013230597500790794 0.00071794285013581163 0.0008585281918735933 0.012148789967231195 -0.0092449115701330291 0.0047029398560146946 -0.00038203706310052925
leaf_weight=23 26 75 53 31 23 24 251 57 114 278 52 23 213 118 79 23 32 54 87 25 38 75 101 37 213 105 31 25 423 812
leaf_count=23 26 75 53 31 23 24 251 57 114 278 52 23 213 118 79 23 32 54 87 25 38 75 101 37 213 105 31 25 423 812
internal_value=-0.000149105 -0.00377493 0.000252366 0.00167608 0.00988372 -0.00089846 -0.00442529 0.000265554 0.00599415 -0.000588492 -0.00348837 0.005 -0.00528169 -0.0102113 0.00115063 0.00211599 0.00444039 -0.00209251 -0.00608108 0.00537975 0.00286885 0.0142857 -0.00169173 -0.00207692 -0.000694444 0.0013587 0.00925926 -0.00192308 0.000854037 -0.000491329
internal_weight=3521 351 3170 1417 129 1753 435 1318 171 1147 430 75 355 142 717 638 411 227 148 79 61 98 133 325 288 184 54 130 1288 865
internal_count=3521 351 3170 1417 129 1753 435 1318 171 1147 430 75 355 142 717 638 411 227 148 79 61 98 133 325 288 184 54 130 1288 865
is_linear=0
shrinkage=0.05


Tree=83
num_leaves=31
num_cat=0
split_feature=10 51 44 2 10 36 44 18 35 21 20 36 36 21 13 11 13 2 20 2 10 20 45 20 21 11 18 36 26 20
split_gain=1.86316 2.07345 2.91387 3.06979 2.25927 2.07244 2.0217 1.9563 1.92513 1.86061 2.05454 1.80894 2.30674 2.75974 1.82987 2.44066 2.58252 3.04942 2.61804 2.11984 2.60657 1.81777 2.9841 2.34304 2.07561 1.99529 1.85781 2.56847 1.89335 2.82075
threshold=-17.361404418945309 -0.48149999976158137 93.500000000000014 0.27400000393390661 -9.5567545890808088 -3.5242999792098995 -20.499999999999996 0.52114614844322216 -2.0697499513626094 0.05034999921917916 -1.8560000061988828 -2.178550004959106 -1.3511500358581541 -0.50490000844001759 0.21266666799783709 -0.49471969902515406 -0.006000000284984707 1.2283333539962771 10.737999916076662 0.11800000444054605 -8.9300961494445783 0.88800001144409191 0.11941666528582574 1.0000000180025095e-35 -0.73304998874664296 -0.13944697380065915 0.56529894471168529 0.64984998106956493 0.28875000774860388 0.62975001335144054
decision_type=2 2 2 2 2 2 2 2 2 2 2 2 2 2 2 2 2 2 2 2 2 2 2 2 2 2 2 2 2 2
left_child=-1 2 3 9 6 -3 -5 -6 -9 10 -2 -7 13 -13 15 -14 17 18 19 20 -17 23 -23 24 -21 -24 27 -25 -28 -30
right_child=1 5 -4 4 7 11 -8 8 -10 -11 -12 12 14 -15 -16 16 -18 -19 -20 21 -22 22 25 26 -26 -27 28 -29 29 -31
leaf_value=-0.00072654130241093812 -0.012603323981071009 -0.0089328814174056918 0.084500851634201013 -0.027573710628627547 0.014779643910080279 0.0052226581721419186 -0.0011467507833860496 0.020509058172509694 -0.0014678241313572649 -0.014869816187669716 -0.00072492277434768474 0.00025623568418323389 0.0022255743030199951 -0.022378778484774438 -0.00082592954087057325 -0.0015791038874057419 0.011641583303015991 -0.10211760747584134 0.022145574890855405 -0.005953575466235349 -0.022185354240853328 -0.021001030553025858 -0.023471106815603049 0.0040911001594564405 0.00047010891877332652 0.001603815177735954 0.021142631230705613 -0.013782856224097417 -0.00050917034403728529 0.017373971514212022
leaf_weight=90 34 33 20 70 95 33 943 20 68 29 88 34 141 22 66 147 280 22 36 44 23 64 23 199 461 308 47 35 25 21
leaf_count=90 34 33 20 70 95 33 943 20 68 29 88 34 141 22 66 147 280 22 36 44 23 64 23 199 461 308 47 35 25 21
internal_value=-0.000120704 6.55785e-05 -0.00144477 -0.00172606 -0.000877926 0.00106589 -0.00180158 0.00423497 -0.00113636 -0.00844371 -0.0057377 0.00126785 0.00107608 -0.00892857 0.00136457 0.00165245 0.00113833 0.000292096 0.000575715 0.000232641 -0.005 0.00095762 -0.00183544 0.00228365 0.000148515 7.55287e-05 0.00558104 0.00320513 0.0115591 0.00434783
internal_weight=3521 3431 1367 1347 1196 2064 1013 183 88 151 122 2031 1998 56 1942 1876 1735 1455 1433 1397 170 1227 395 832 505 331 327 234 93 46
internal_count=3521 3431 1367 1347 1196 2064 1013 183 88 151 122 2031 1998 56 1942 1876 1735 1455 1433 1397 170 1227 395 832 505 331 327 234 93 46
is_linear=0
shrinkage=0.05


Tree=84
num_leaves=31
num_cat=0
split_feature=13 16 2 11 12 16 18 51 18 18 36 19 11 8 3 44 20 2 0 46 13 35 3 53 14 14 13 13 18 14
split_gain=1.84947 4.06213 2.94971 2.3278 2.43669 2.38084 2.297 2.14248 1.98083 1.88578 1.79744 1.77396 4.97043 2.91546 2.61076 2.07824 1.81482 2.52672 2.83676 2.07701 3.45135 1.98508 2.38564 3.52914 2.95619 2.55659 2.20074 2.06548 2.35382 1.93107
threshold=-0.21200000494718549 0.38000001013278967 0.34999999403953558 0.0034524044021964078 1.9650506973266604 0.4200000017881394 0.58161616325378429 -3.1184999942779537 0.50658518075943004 0.76358386874198925 3.2445499897003178 1.0000000180025095e-35 0.010936283972114326 1.4333333373069765 0.33302292227745062 1.5000000000000002 1.2220000028610232 0.18666666746139529 0.25999999791383749 0.05816666595637799 -0.006000000284984707 -1.5097500085830686 0.15365386754274371 -0.089499998837709413 0.27916666865348821 0.23749999701976779 -0.10111111029982565 3.4739999771118169 0.29857777059078222 0.21249999850988391
decision_type=2 2 2 2 2 2 2 2 2 2 2 2 2 2 2 2 2 2 2 2 2 2 2 2 2 2 2 2 2 2
left_child=1 2 -1 6 -5 -6 8 -7 -3 -8 11 13 -13 16 15 -15 19 -18 -19 21 -21 -2 23 -23 -25 27 -27 28 -24 -30
right_child=10 3 -4 4 5 7 9 -9 -10 -11 -12 12 -14 14 -16 -17 17 18 -20 20 -22 22 25 24 -26 26 -28 -29 29 -31
leaf_value=-0.0073571313834974762 -0.0053799517568079991 -0.038536798878025982 0.00050890974306651022 0.0065468627786293178 -0.04180492707398669 0.0043074567247820108 -0.08139588570996617 -0.008770725647406441 0.0058957700252601393 -0.01039481083584386 -0.0017417880459977505 0.0018612606120252486 -0.0038410748715001575 0.003792687538373485 -0.021499018371131953 0.067171640755319562 -0.01302499344424396 0.018968917966134313 -0.007723848726239043 0.00096983565431161276 0.05268504571253485 -0.020685340212635028 0.015358370782772036 0.00020754062180336765 -0.010896303217959903 -0.0015741263678439935 0.063480787428809984 -0.0048171939980641183 0.0013394634712563188 -0.027684886986360083
leaf_weight=64 99 74 1144 62 42 51 35 113 52 29 46 90 109 251 21 30 34 29 106 223 54 21 69 174 31 30 79 22 312 25
leaf_count=64 99 74 1144 62 42 51 35 113 52 29 46 90 109 251 21 30 34 29 106 223 54 21 69 174 31 30 79 22 312 25
internal_value=-2.13008e-05 -0.00123049 0.000289735 -0.00524017 -0.00223881 -0.00485437 -0.00947368 -0.00213415 -0.00555556 -0.0171875 0.00106469 0.00131288 -0.0031407 0.00186335 0.00629139 0.00756228 0.000840979 -0.00399408 -0.000925926 0.00155838 0.00532491 0.000348028 0.00121232 -0.00309735 -0.00109756 0.00302607 0.00986239 0.00128505 0.0020936 0.00037092
internal_weight=3521 1666 1208 458 268 206 190 164 126 64 1855 1809 199 1610 302 281 1308 169 135 1139 277 862 763 226 205 537 109 428 406 337
internal_count=3521 1666 1208 458 268 206 190 164 126 64 1855 1809 199 1610 302 281 1308 169 135 1139 277 862 763 226 205 537 109 428 406 337
is_linear=0
shrinkage=0.05


Tree=85
num_leaves=31
num_cat=0
split_feature=16 13 21 46 13 16 56 13 16 14 18 18 18 2 2 13 14 16 50 2 13 45 13 45 17 17 21 13 46 18
split_gain=2.30507 2.90698 2.84479 2.98883 4.10403 2.512 2.5235 2.45772 2.45004 3.60763 2.45845 3.26939 2.33357 1.95544 1.83666 3.2452 2.28968 1.80326 1.71853 1.67942 1.66555 2.38426 1.55651 2.64694 1.5542 2.84294 2.81627 1.82611 2.21491 1.81104
threshold=0.97999998927116405 -0.66533333063125599 -0.25489999353885645 -0.0041666666511446229 0.0065000001341104516 0.53999999165534984 -4.0775001049041739 0.021999999880790714 0.45999999344348913 0.37083333730697637 0.6712261736392976 0.71116051077842724 0.62164199352264415 0.5000000149011613 0.43199999630451208 -0.14111111313104627 0.30416667461395269 1.560000002384186 1.5000000000000002 0.24511111527681353 -0.058000000193715089 0.21116666495800021 -0.34733332693576807 -0.86866667866706837 0.54166665673255932 0.45833332836627966 0.4434999972581864 -0.19377777725458142 -0.0074999998323619357 0.25639365613460546
decision_type=2 2 2 2 2 2 2 2 2 2 2 2 2 2 2 2 2 2 2 2 2 2 2 2 2 2 2 2 2 2
left_child=5 -2 13 -4 17 8 -7 14 9 10 12 -12 24 -3 15 -8 19 -5 -10 -17 21 -11 23 -16 25 -1 27 -26 -29 -27
right_child=1 2 3 4 -6 6 7 -9 18 20 11 -13 -14 -15 22 16 -18 -19 -20 -21 -22 -23 -24 -25 26 29 -28 28 -30 -31
leaf_value=-1.947175637990713e-05 -0.067890918289484112 -0.0081902763945999758 0.0020247200986382372 -0.021926584521124906 0.0058816286549164517 -0.040729192465718045 -0.035847073928678024 0.09073036912238501 -0.0054663545419431393 0.025377601657211625 0.012608826503551586 -0.0030060759049917482 -0.0063080545497006812 -0.0024500368072244792 0.032305632236332864 -0.0031136665540722475 0.054018486517107216 0.0010676406693540198 0.0036609247518912258 0.08866804737216101 0.020763607157698746 -0.002237156107259647 0.041456027073242266 -0.0004271604620208189 -0.012759549929722492 0.00042525574952795021 -0.023538383023967664 -0.0035600574694669876 0.004047776965144796 0.038327500571201129
leaf_weight=2063 24 46 82 60 60 31 31 21 140 34 92 65 168 53 24 37 20 21 22 22 33 23 49 62 23 46 46 68 64 32
leaf_count=2063 24 46 82 60 60 31 31 21 140 34 92 65 168 53 24 37 20 21 22 22 33 23 49 62 23 46 46 68 64 32
internal_value=-0.000168445 -0.00404624 -0.00279503 0.000336323 -0.00407801 0.000248756 0.00462963 0.00620301 -0.000196985 0.000154153 -0.000178103 0.00589172 -0.000557769 -0.00984848 0.00479592 0 0.00537975 -0.0114198 -0.00617284 0.000423729 0.01 0.00482456 0.0087037 0.00465116 -0.000149445 0.000245213 -0.00435323 -0.00112903 0.00113636 0.00961538
internal_weight=3562 346 322 223 141 3216 297 266 2919 2757 2667 157 2510 99 245 110 79 81 162 59 90 57 135 86 2342 2141 201 155 132 78
internal_count=3562 346 322 223 141 3216 297 266 2919 2757 2667 157 2510 99 245 110 79 81 162 59 90 57 135 86 2342 2141 201 155 132 78
is_linear=0
shrinkage=0.05


Tree=86
num_leaves=31
num_cat=0
split_feature=10 2 10 36 0 0 46 9 44 9 1 47 20 47 10 44 2 47 37 27 11 11 37 46 14 13 10 0 51 9
split_gain=2.61503 1.38624 1.66252 1.46705 1.60605 1.38712 2.5509 1.98013 5.95424 2.18877 2.08144 1.79508 2.7039 1.88616 1.47431 2.5741 2.9369 2.22468 1.97093 1.69553 1.59167 1.91419 1.45293 1.44363 1.33293 2.37697 1.43442 1.23626 1.21 1.17998
threshold=-17.922778129577633 1.2549999952316286 -9.3177127838134748 3.552650094032288 0.62000000476837169 0.1799999997019768 -0.12616666406393048 0.47922001779079443 -1.0000000180025095e-35 1.1378814578056338 0.47499999403953558 0.46601504087448126 0.072250001132488265 0.8281436860561372 -8.9760265350341779 -4.4999999999999991 0.52599999308586132 0.75237819552421581 0.40185000002384191 0.38480000197887426 0.0093688080087304133 -0.015618027187883852 -0.16140000522136685 -0.1298333331942558 0.40416666865348821 -0.018000000156462189 -9.0471892356872541 0.34000000357627874 0.43450000882148748 0.37218417227268225
decision_type=2 2 2 2 2 2 2 2 2 2 2 2 2 2 2 2 2 2 2 2 2 2 2 2 2 2 2 2 2 2
left_child=-1 2 3 29 -5 6 -4 8 14 10 -9 24 13 -13 18 16 23 -17 20 -20 21 22 -7 -16 25 26 -8 -22 -12 -2
right_child=1 -3 5 4 -6 7 11 9 -10 -11 28 12 -14 -15 15 17 -18 -19 19 -21 27 -23 -24 -25 -26 -27 -28 -29 -30 -31
leaf_value=-0.0013287039017569535 -0.00079704148316208842 -0.070347930951158683 -0.0072427126062084395 -0.0061520391804229637 0.0026763088249825984 0.014165229496639918 0.0029579998609178095 0.0023908083259994287 0.059513290198784777 0.026634321850184852 -0.029043172815464081 -0.0021607231173201222 0.0010440063693878594 -0.017269169668320195 0.00044957816769580289 -0.0023869254387956177 0.033545333025950967 0.016022442973319784 0.023924310907793803 0.0079584727205258502 -0.0062044972712001767 -0.01927003152598121 -0.0096307778138878374 -0.022522664570287877 -0.0030935522034145698 0.030351027124830055 -0.010876442166243354 0.003499537418545104 0.0049365256385814557 0.00086882483579006013
leaf_weight=46 1603 31 66 49 23 29 35 48 102 33 80 38 69 21 21 45 25 86 46 28 26 22 36 71 26 27 20 91 20 699
leaf_count=46 1603 31 66 49 23 29 35 48 102 33 80 38 69 21 21 45 25 86 46 28 26 22 36 71 26 27 20 91 20 699
internal_value=-0.000112296 4.26621e-05 0.000136298 -0.000610783 -0.00763889 0.00173267 -0.00115894 0.00281211 0.00414013 -0.00179558 -0.00439189 0.00127119 -0.00273438 -0.0105932 0.0019962 -0.000806452 -0.00619658 0.00400763 0.0044964 0.0114865 0.00196078 -0.00316092 0.00115385 -0.0103261 0.00601852 0.00914634 0.00318182 0.00576923 -0.0085 -0.000390964
internal_weight=3562 3516 3485 2374 72 1111 302 809 628 181 148 236 128 59 526 248 117 131 278 74 204 87 65 92 108 82 55 117 100 2302
internal_count=3562 3516 3485 2374 72 1111 302 809 628 181 148 236 128 59 526 248 117 131 278 74 204 87 65 92 108 82 55 117 100 2302
is_linear=0
shrinkage=0.05


Tree=87
num_leaves=31
num_cat=0
split_feature=16 9 9 18 18 12 18 27 18 18 18 17 26 11 44 2 11 12 0 45 46 11 44 0 0 17 36 36 0 12
split_gain=1.48276 2.47828 5.15677 2.0449 2.63513 2.27984 1.75542 1.63093 1.54897 1.9037 3.37674 2.69489 1.90968 1.86707 1.79991 1.68158 2.07389 1.55872 1.53435 1.60575 1.4496 1.41428 1.22094 1.77697 1.69333 2.37079 1.31545 2.93273 2.78086 2.7857
threshold=1.1800000071525576 0.74687021970748912 0.20006661117076877 0.6712261736392976 0.71116051077842724 1.8460538983345034 0.76358386874198925 -0.035550000146031373 0.66119998693466198 0.63899999856948864 0.62164199352264415 1.0000000180025095e-35 -1.0000000180025095e-35 -0.68792197108268727 -18.499999999999996 0.08000000007450582 -0.12555580586194989 3.1392570734024052 0.059999998658895499 -0.12674999982118604 -0.12616666406393048 -0.50836786627769459 -19.499999999999996 1.1800000071525576 0.97999998927116405 0.29166667163372045 0.054400000721216209 0.025449999608099464 0.62000000476837169 5.6924767494201669
decision_type=2 2 2 2 2 2 2 2 2 2 2 2 2 2 2 2 2 2 2 2 2 2 2 2 2 2 2 2 2 2
left_child=3 2 7 8 5 -5 -3 -2 9 10 13 -12 -13 14 -1 16 -15 -11 19 -18 -20 -17 23 -23 26 -26 27 28 29 -24
right_child=1 6 -4 4 -6 -7 -8 -9 -10 17 11 12 -14 15 -16 21 18 -19 20 -21 -22 22 24 -25 25 -27 -28 -29 -30 -31
leaf_value=0.0031442156366262054 -0.0018397996696256109 -0.016039784090945287 -0.025758491806626638 0.00062571030988642926 -0.0028159200355840578 0.030537698026097671 0.019225785161029088 0.0015645107107488026 -0.014187373915629787 0.0004045249104402009 0.0020410109997162141 -0.018864178494569402 -0.084831154031884015 0.0079756536267948149 -0.0016858251263876635 0.011202973914591373 -0.0048386209755766066 0.033086095651243728 -0.0098689755785485202 -0.017534270426980716 0.0003255942477710938 -0.019083319965233561 0.0013959640279022055 0.011837601714666036 0.045522677604772091 -0.0026064897315404125 -0.00026089552682174099 0.027925308836568519 -0.0052464826083156099 -0.0057748035372358888
leaf_weight=22 21 29 95 39 65 55 43 22 32 26 39 34 37 20 177 43 20 21 23 33 38 59 1131 20 38 37 984 40 290 29
leaf_count=22 21 29 95 39 65 55 43 22 32 26 39 34 37 20 177 43 20 21 23 33 38 59 1131 20 38 37 984 40 290 29
internal_value=2.80741e-05 -0.00404762 -0.00797101 0.000283413 0.00581761 0.0111702 0.00347222 0.00639535 7.82963e-06 0.000118633 -3.2113e-05 -0.00863636 -0.0144366 0.000282956 -0.00439698 0.000614973 -0.00485075 0.0101064 -0.00745614 -0.0136792 -0.00204918 0.00088918 0.000742009 -0.00537975 0.000931738 0.00833333 0.000707357 0.0016443 0.00127586 0.00237069
internal_weight=3562 210 138 3352 159 94 72 43 3193 3161 3114 110 71 3004 199 2805 134 47 114 53 61 2671 2628 79 2549 75 2474 1490 1450 1160
internal_count=3562 210 138 3352 159 94 72 43 3193 3161 3114 110 71 3004 199 2805 134 47 114 53 61 2671 2628 79 2549 75 2474 1490 1450 1160
is_linear=0
shrinkage=0.05


Tree=88
num_leaves=31
num_cat=0
split_feature=10 10 9 47 9 18 51 53 44 47 26 27 0 44 11 8 53 37 22 26 11 45 18 12 10 44 27 48 12 51
split_gain=2.30585 1.90712 1.83605 3.69659 4.77246 2.35867 2.70196 2.02901 1.81104 1.55116 1.83365 1.4895 1.67824 1.39768 1.39408 1.88473 1.71569 1.6497 1.28333 1.21456 1.20819 1.20297 1.61477 1.9296 1.44489 1.17587 2.10114 2.10499 1.35795 2.71331
threshold=-9.157338619232176 -17.922778129577633 0.42461432516574865 0.1725776866078377 0.10808568820357324 0.76358386874198925 0.43450000882148748 3.0779999494552617 -2.4999999999999996 0.45942759513854986 0.15974999964237216 0.40264999866485601 0.4200000017881394 -1.4999999999999998 0.20228750258684161 0.70000001788139354 1.4269999861717226 0.85804998874664318 0.57014998793602001 -0.73399999737739552 0.011946840211749079 0.96824997663497936 0.52937036752700817 0.22655370086431506 -8.9912037849426252 94.500000000000014 -2.1948499679565425 1.0000000180025095e-35 5.205101966857911 1.3075000047683718
decision_type=2 2 2 2 2 2 2 2 2 2 2 2 2 2 2 2 2 2 2 2 2 2 2 2 2 2 2 2 2 2
left_child=1 -1 3 4 -2 6 -4 9 20 13 11 12 21 -5 15 -12 -17 18 -18 -15 -9 22 23 -11 -25 26 27 -3 29 -28
right_child=2 25 5 7 -6 -7 -8 8 -10 10 14 -13 -14 19 -16 16 17 -19 -20 -21 -22 -23 -24 24 -26 -27 28 -29 -30 -31
leaf_value=-0.0012935542221634271 -0.011104184906605197 0.0051901433867522842 -0.01562542866451196 0.00034055119573238942 0.055824278969264389 0.016018573735933961 0.010115399248601699 0.032948088039980915 0.061351429788744818 -0.023108079304032903 0.025396397242412549 -0.015792304292599087 0.0024565375813449309 0.029742506069614056 0.0089736289990304252 -0.010777407040725252 -0.0027332914219732442 -0.012923399052421035 0.016929440811374652 0.002245589979900721 -0.0070685694924643473 0.002042972778848357 -0.01328466076635014 0.0075868922227989221 -0.0027915907353992827 0.055222356145003287 -8.7177258029544355e-05 -0.013512409815286581 0.00076697249952604194 -0.0065915895185482774
leaf_weight=46 20 39 136 70 59 45 35 20 32 23 31 28 33 22 27 28 22 26 20 42 26 34 26 24 62 24 1999 72 299 192
leaf_count=46 20 39 136 70 59 45 35 20 32 23 31 28 33 22 27 28 22 26 20 42 26 34 26 24 62 24 1999 72 299 192
internal_value=-4.21112e-05 -0.000776863 0.00216049 0.00344444 0.0136076 -0.00185185 -0.00453216 0.00209732 0.00961538 0.000965251 -0.000651042 -0.00347826 -0.0019802 0.00559701 0.00357143 0.00137795 -0.00208333 0.00220588 0.00833333 0.0109375 0.00326087 -0.00399408 -0.00611111 -0.00344037 0 -0.0006 -0.000701653 -0.00743243 -0.000401606 -0.000832953
internal_weight=3562 2671 891 675 79 216 171 596 78 518 384 230 202 134 154 127 96 68 42 64 46 169 135 109 86 2625 2601 111 2490 2191
internal_count=3562 2671 891 675 79 216 171 596 78 518 384 230 202 134 154 127 96 68 42 64 46 169 135 109 86 2625 2601 111 2490 2191
is_linear=0
shrinkage=0.05


Tree=89
num_leaves=31
num_cat=0
split_feature=21 27 13 27 35 56 3 53 4 51 18 26 44 3 2 3 21 19 18 35 27 56 8 17 13 20 13 36 12 4
split_gain=1.30952 1.3967 1.60112 2.31334 1.96832 2.62533 2.44923 2.77667 2.60805 1.96417 2.34775 1.90733 1.88413 1.7689 1.73384 1.7277 1.79128 1.69912 3.08571 2.02247 2.36198 1.92053 2.15396 2.80776 2.27391 1.73404 3.28804 1.65177 3.33633 1.57753
threshold=-7.0958998203277579 -2.1948499679565425 -0.28599999845027918 -1.285549998283386 -1.0872499942779539 -3.3614999055862422 0.31211639940738684 -2.7495000362396236 0.38000001013278967 3.279999971389771 0.24374999850988391 3.6094999313354497 -2.4999999999999996 0.25274377316236502 0.30200000107288366 0.11324555054306985 -0.069299999624490724 1.0000000180025095e-35 0.54298096895217907 -0.4797499924898147 -0.14750000089406964 2.370499968528748 0.36666667461395269 0.20833333581686023 0.014166666660457851 1.1094999909400942 -0.077999997884035097 -0.75699999928474415 1.0269004106521609 0.099999997764825835
decision_type=2 2 2 2 2 2 2 2 2 2 2 2 2 2 2 2 2 2 2 2 2 2 2 2 2 2 2 2 2 2
left_child=-1 -2 3 13 6 -6 8 -8 -5 15 -11 12 14 -3 -12 16 -4 21 19 29 -21 22 23 -17 -25 -24 -27 28 -7 -19
right_child=1 2 9 4 5 27 7 -9 -10 10 11 -13 -14 -15 -16 17 -18 18 -20 20 -22 -23 25 24 -26 26 -28 -29 -30 -31
leaf_value=0.01844765749388293 -0.0066662694809816727 0.023599552632713051 0.0018192099252168467 -0.031282766271753103 -0.025536110558731687 0.0011790995855742725 -0.012829168255913771 0.022061048214752434 0.0026979203956987541 -0.015610187755217497 -0.0010017307451157642 -0.00063857098388562942 0.049456346475886585 0.00079777552948529927 0.013379402197209685 -0.002126617124839325 -0.0062507815284827684 -7.7347931217547968e-05 0.0010676013686786404 0.0013297246236541162 -0.0029819352073934772 -0.011492836835143631 0.0026321222657404064 -0.00073932724469358768 0.040535296670942515 0.0098163443294184485 -0.012968756965062334 -0.00056651736008621095 -0.034699210278803551 -0.0055881370660229631
leaf_weight=28 138 21 31 34 83 33 22 49 128 24 34 36 50 32 23 157 106 24 20 27 53 64 931 151 97 89 63 912 37 65
leaf_count=28 138 21 31 34 83 33 22 49 128 24 34 36 50 32 23 157 106 24 20 27 53 64 931 151 97 89 63 912 37 65
internal_value=-5.61482e-05 -0.000141483 5.88928e-05 -0.00127683 -0.00169492 -0.00260563 0.00246781 0.0102113 -0.000925926 0.00094132 0.00613772 0.00856643 0.0119159 0.00896226 0.00570175 0.000479233 -0.00492701 0.000904652 -0.00357143 -0.00576923 0 0.00144974 0.00181452 -0.0012963 0.00201613 0.00297784 -0.00197368 -0.00188391 -0.00928571 -0.0109551
internal_weight=3562 3534 3396 1351 1298 1065 233 71 162 2045 167 143 107 53 57 1878 137 1741 189 169 80 1552 1488 405 248 1083 152 982 70 89
internal_count=3562 3534 3396 1351 1298 1065 233 71 162 2045 167 143 107 53 57 1878 137 1741 189 169 80 1552 1488 405 248 1083 152 982 70 89
is_linear=0
shrinkage=0.05


Tree=90
num_leaves=31
num_cat=0
split_feature=51 19 35 35 13 3 11 20 12 16 53 47 22 9 22 10 35 3 22 35 11 9 12 45 35 12 10 56 45 3
split_gain=2.50712 3.12105 2.32848 2.95483 2.83441 4.5493 2.28005 1.96364 2.08465 1.95936 1.91852 3.03966 1.88527 1.81143 1.75842 1.70426 1.69385 1.87909 1.79738 1.866 1.82891 2.54391 1.77838 2.20807 1.78452 1.67719 1.60635 1.6491 1.42268 1.52381
threshold=-1.8190000057220457 1.0000000180025095e-35 -0.387250006198883 -6.5722501277923575 0.0084444447420537489 0.1726275831460953 -1.0000000180025095e-35 -1.8867500424385069 3.0459400415420537 0.34000000357627874 -1.0634999871253965 0.50105571746826183 -2.4429500102996822 0.099314019083976759 -10.657399654388426 -17.764625549316403 -5.4779999256134024 0.49050766229629522 -2.3276000022888179 -1.3379999995231626 -0.35092376172542566 0.13355626165866855 0.58060583472251903 -0.58291664719581593 -1.4290000200271604 4.4855132102966317 -9.2419400215148908 0.023000000044703487 -0.54524999856948841 0.25274377316236502
decision_type=2 2 2 2 2 2 2 2 2 2 2 2 2 2 2 2 2 2 2 2 2 2 2 2 2 2 2 2 2 2
left_child=14 2 3 -2 5 7 -3 -5 13 -6 -7 12 -12 -9 -1 -4 -16 18 19 -18 -20 -22 24 -24 -23 26 -14 -28 29 -13
right_child=1 6 15 4 9 10 -8 8 -10 -11 11 28 25 -15 16 -17 17 -19 20 -21 21 22 23 -25 -26 -27 27 -29 -30 -31
leaf_value=0.019515861095116362 -0.0070470691828754435 0.0016346631481813098 -0.00093206512068801117 -0.012002830732810511 0.014294037927037168 -0.00053494145085370218 -0.0033667019174435072 -0.0026781112840664535 -0.011051765440589957 0.042804298113808571 0.014512668854709788 0.018225437673136367 -0.0078696040326243343 0.031774153503265755 -0.025538274709577282 0.00022697522362135418 0.011321447915948102 -0.03571409678707517 0.0061503277973991473 -0.011612024946237011 -0.024780988356889466 -0.030678308850821123 -0.0021856641279331015 -0.027976870085544659 0.0080425211314181008 0.0099351157724329731 0.029401498248809818 -0.01000190781977575 0.03088655316247272 -0.00027012693840808207
leaf_weight=22 25 23 57 22 26 78 114 52 37 27 20 21 45 21 44 1938 43 41 36 23 38 21 345 81 111 39 22 21 94 21
leaf_count=22 25 23 57 22 26 78 114 52 37 27 20 21 45 21 44 1938 43 41 36 23 38 21 345 81 111 39 22 21 94 21
internal_value=-0.000128278 0.000601184 0.000993765 0.00380911 0.00457875 0.00339757 -0.00675182 -0.00454545 -0.00181818 0.015566 0.00630194 0.00821555 0.00323129 0.00308219 -0.00257764 0.00018797 -0.00296935 -0.00240189 -0.00179083 0.00606061 -0.00261076 -0.00327181 -0.00241935 -0.00399061 0.00265152 0.000984252 -0.00284091 0.00406977 0.0136029 0.00595238
internal_weight=3508 2703 2566 571 546 493 137 132 110 53 361 283 147 73 805 1995 783 739 698 66 632 596 558 426 132 127 88 43 136 42
internal_count=3508 2703 2566 571 546 493 137 132 110 53 361 283 147 73 805 1995 783 739 698 66 632 596 558 426 132 127 88 43 136 42
is_linear=0
shrinkage=0.05


Tree=91
num_leaves=31
num_cat=0
split_feature=51 19 53 12 45 45 28 27 18 18 3 12 12 10 0 44 0 37 9 44 9 0 21 50 44 18 9 18 18 21
split_gain=2.58698 2.20763 2.06031 2.10797 2.27103 3.01936 2.37225 2.19099 1.82593 2.84253 1.69432 1.68593 1.57939 1.53602 2.19657 1.949 1.52332 2.13815 1.77609 4.8587 4.17074 3.3956 2.85038 2.83327 2.70749 2.29891 2.63114 2.1702 2.09474 2.16313
threshold=-1.8190000057220457 1.0000000180025095e-35 -1.0634999871253965 1.8881413340568545 -0.66066667437553395 -0.83383333683013905 -8.3563499450683576 -0.55834999680519093 0.48739683628082281 0.51239523291587841 0.1726275831460953 3.7462775707244877 4.0735790729522714 -10.260846138000487 0.81999999284744274 -8.4999999999999982 0.059999998658895499 9.404299736022951 0.28240698575973516 -1.4999999999999998 0.15916388481855395 0.45999999344348913 -0.53344997763633717 1.0000000180025095e-35 -8.4999999999999982 0.28849206864833837 0.13468468189239505 0.3845036923885346 0.40611852705478674 -1.0000000180025095e-35
decision_type=2 2 2 2 2 2 2 2 2 2 2 2 2 2 2 2 2 2 2 2 2 2 2 2 2 2 2 2 2 2
left_child=2 16 3 10 5 6 -5 -7 -8 -10 -1 -11 -6 -12 15 -15 -2 18 19 21 -21 24 -23 -20 -18 26 -26 -27 -29 -30
right_child=1 -3 -4 4 12 7 8 -9 9 11 13 -13 -14 14 -16 -17 17 -19 23 20 -22 22 -24 -25 25 27 -28 28 29 -31
leaf_value=0.010703305947362837 -0.0014816977705793795 -0.0025978528595971967 -0.030697934521022707 0.032880810068366406 -0.035385902287137665 -0.0034346645985700794 -0.042087783395857642 0.011769802876725355 0.0054540432882214662 -0.0021419833319343412 -0.010764799789039348 -0.044506121789384831 -0.0043628729628702239 -0.022666341312924377 0.009123519447741547 0.0029618533868912564 -0.021057616941180884 0.011870345780445433 -0.0012375236313993288 0.0012069734088338002 0.048623511586708093 0.023933528752274971 0.00083216913571081965 0.0090651875534586823 -0.00048041366836662491 0.0030523638901956709 -0.02443457434377071 -0.02050834370860832 -0.0028224345494123507 0.0023996378096872968
leaf_weight=54 116 137 68 22 50 20 54 37 65 73 95 50 57 59 35 66 20 26 665 189 116 61 560 169 61 101 57 37 196 192
leaf_count=54 116 137 68 22 50 20 54 37 65 73 95 50 57 59 35 66 20 26 665 189 116 61 560 169 61 101 57 37 196 192
internal_value=-0.000213797 0.000527192 -0.00270186 -0.00193351 -0.00420561 -0.0021028 -0.00435606 0.00833333 -0.00578512 -0.00345745 0.00121359 -0.00792683 -0.010514 -0.000490196 0.0025 -0.0006 0.000857366 0.00112245 0.000969472 0.00194969 0.00762295 0.000603113 0.00326087 -0.000899281 -0.00188253 -0.00131988 -0.00762712 9.5057e-05 -0.00147059 -0.000386598
internal_weight=3508 2703 805 737 428 321 264 57 242 188 309 123 107 255 160 125 2566 2450 2424 1590 305 1285 621 834 664 644 118 526 425 388
internal_count=3508 2703 805 737 428 321 264 57 242 188 309 123 107 255 160 125 2566 2450 2424 1590 305 1285 621 834 664 644 118 526 425 388
is_linear=0
shrinkage=0.05


Tree=92
num_leaves=31
num_cat=0
split_feature=14 51 14 16 16 27 16 56 10 37 22 46 45 51 51 10 35 0 37 9 50 13 4 12 11 45 35 3 9 0
split_gain=1.91036 1.7997 2.47925 3.03549 3.4927 2.49358 2.288 2.38747 1.85179 1.77079 2.32051 2.28192 2.30947 1.7803 1.7458 1.87208 1.72714 1.5534 2.1595 1.88813 3.07109 2.31526 2.16295 2.02881 2.6516 2.02466 1.99503 1.91283 2.34954 1.8506
threshold=0.42083333432674414 -1.6804999709129331 0.23749999701976779 0.25999999791383749 0.85999998450279247 -3.0653500556945796 1.1800000071525576 -4.9009997844696036 -17.764625549316403 -0.092900000512599931 -0.9263000190258025 0.19150000065565112 -0.98450002074241627 -4.4914999008178702 -2.8385000228881831 -9.7711868286132795 -0.59174999594688404 0.059999998658895499 9.404299736022951 0.28240698575973516 1.0000000180025095e-35 0.016888889484107498 0.4200000017881394 5.1292965412139901 0.34903571009635931 0.097083330154418959 -0.79850000143051136 0.33302292227745062 0.11450986936688425 1.3000000119209292
decision_type=2 2 2 2 2 2 2 2 2 2 2 2 2 2 2 2 2 2 2 2 2 2 2 2 2 2 2 2 2 2
left_child=1 2 3 5 -5 -1 7 -4 -3 10 11 12 13 -9 -14 -16 -12 -10 19 21 29 22 23 24 27 -22 -24 -19 -29 -21
right_child=-2 8 6 4 -6 -7 -8 9 17 -11 16 -13 14 -15 15 -17 -18 18 -20 20 25 -23 26 -25 -26 -27 -28 28 -30 -31
leaf_value=-0.024628639244573682 -0.0051979704541477018 -0.00092707032143915155 0.029265788621521488 -0.036140642582119666 0.0046398661188010951 0.0034570357038153352 -0.039513517990622443 0.0038837761639358755 -0.0014110477061133942 0.0030044256149318691 -0.015547909479016166 -0.028721471899187813 0.039741502121359754 -0.0092094798000523226 -0.015936055708863889 0.010772583611013459 0.0059318183741842506 -0.00030597039975971922 0.011276828491423162 -0.0015366114668331904 0.0022721658529886164 0.016373264463244858 0.034702784420131583 0.005231810401870496 -0.013141611993837355 0.025652334125698697 0.0034811838719888445 0.027475421908522531 0.00049452423307013306 0.042102106161475639
leaf_weight=22 37 57 31 205 53 184 31 28 121 88 58 21 33 25 20 22 23 914 26 664 111 104 26 169 61 57 167 23 107 20
leaf_count=22 37 57 31 205 53 184 31 28 121 88 58 21 33 25 20 22 23 914 26 664 111 104 26 169 61 57 167 23 107 20
internal_value=-0.000185291 -6.48228e-05 -0.00207346 -0.00452586 -0.00813953 0 0.000921053 0.00207736 0.00058051 0.000786164 -0.00152174 0.00218121 0.0046875 -0.00330189 0.0103333 0.00357143 -0.00833333 0.00077821 0.00105145 0.000897648 -0.000997653 0.00192553 0.00141445 0.00066719 -0.000113122 0.00505952 0.00634715 0.000478927 0.00615385 -0.00248538
internal_weight=3508 3471 844 464 258 206 380 349 2627 318 230 149 128 53 75 42 81 2570 2449 2423 852 1571 1467 1274 1105 168 193 1044 130 684
internal_count=3508 3471 844 464 258 206 380 349 2627 318 230 149 128 53 75 42 81 2570 2449 2423 852 1571 1467 1274 1105 168 193 1044 130 684
is_linear=0
shrinkage=0.05


Tree=93
num_leaves=31
num_cat=0
split_feature=12 46 16 10 13 10 45 28 3 13 11 45 28 46 51 0 56 47 13 10 46 46 3 13 12 13 4 5 10 16
split_gain=1.58455 2.371 1.59359 2.62835 2.52686 2.60791 2.0416 1.89805 1.80822 1.91239 1.92261 2.6864 1.71821 2.00511 2.31582 2.2288 1.87677 1.78934 1.98316 1.91408 1.76796 1.65454 1.7507 2.36305 1.91819 1.62582 1.59639 1.56228 1.54698 2.03134
threshold=5.5122125148773202 0.12166666612029077 0.25999999791383749 -16.199654579162594 3.1846666336059575 -10.548116683959959 0.70216664671897899 2.6433999538421635 0.49050766229629522 -0.71177777647972096 0.001462319400161505 -0.91774997115135182 -1.1548500061035154 0.18349999934434894 -4.0109999179840079 0.85999998450279247 0.67749997973442089 1.255600690841675 -0.38533332943916315 -10.004772186279295 0.16266667097806933 0.27516667544841772 0.27582278847694403 -0.11377777904272078 2.0987914800643925 -0.17911110818386075 0.34000000357627874 0.52500000596046459 -12.406206130981444 0.13999999687075618
decision_type=2 2 2 2 2 2 2 2 2 2 2 2 2 2 2 2 2 2 2 2 2 2 2 2 2 2 2 2 2 2
left_child=2 -2 3 25 5 6 8 12 9 -4 -11 -12 16 14 -14 21 -7 20 19 -19 -16 27 23 -23 -24 -1 -20 -15 -5 -30
right_child=1 -3 4 28 -6 7 -8 -9 -10 10 11 -13 13 15 17 -17 -18 18 26 -21 -22 22 24 -25 -26 -27 -28 -29 29 -31
leaf_value=-0.00051277752498364083 0.00045514143173842913 0.024033399807752751 -0.034802448852718548 0.0025511933172159087 0.16503252524374093 0.0057564488777956451 -0.040580357062855149 0.0078673624517425246 -0.044573042559098913 0.00105126083017284 0.001732580033297168 -0.0062860496769512834 -0.01346596858227722 -0.025289058656714415 -0.00096486714521276966 0.0066312572400795029 -0.0043905432593835531 0.0054203996379662556 0.0077741506680340244 -0.04545241828878397 0.021305634747356708 -0.034746548169041408 -0.013618578510101577 0.0020203110131074161 0.019691046335282604 -0.0074979628271173342 0.017572926896581565 -0.0064747705147143817 -0.020395266534953063 0.0015529030044609039
leaf_weight=84 160 46 69 166 40 237 32 87 25 121 38 114 43 59 884 20 42 25 81 21 21 38 28 30 23 32 36 33 54 819
leaf_count=84 160 46 69 166 40 237 32 87 25 121 38 114 43 59 884 20 42 25 81 21 21 38 28 30 23 32 36 33 54 819
internal_value=-0.000128278 0.00412621 -0.000393701 0.0011039 -0.00119935 -0.00143569 -0.00507519 -0.00058548 -0.00401907 -0.00307018 -0.00119048 -0.00493421 -0.000971622 -0.00171386 -0.000832583 -0.00595238 0.00259857 -0.000374532 0.00444785 -0.00434783 -0.00124309 -0.00746445 -0.00357143 -0.00882353 0.00343137 -0.00603448 0.00790598 -0.0125 0.00190087 0.00105956
internal_weight=3508 206 3302 1155 2147 2107 399 1708 367 342 273 152 1621 1342 1111 231 279 1068 163 46 905 211 119 68 51 116 117 92 1039 873
internal_count=3508 206 3302 1155 2147 2107 399 1708 367 342 273 152 1621 1342 1111 231 279 1068 163 46 905 211 119 68 51 116 117 92 1039 873
is_linear=0
shrinkage=0.05


Tree=94
num_leaves=31
num_cat=0
split_feature=14 51 2 10 28 2 44 8 53 35 11 20 21 18 44 35 21 20 12 53 21 21 12 11 6 9 10 11 10 35
split_gain=1.97842 1.26144 2.41733 2.61184 2.52584 2.19969 2.07622 2.64075 2.10465 2.17391 1.8928 2.31853 2.13105 2.5219 2.03001 1.91081 1.96321 1.97903 1.6463 1.62634 1.61643 1.75006 1.61044 1.74747 1.53859 1.97892 1.93544 1.98931 2.0574 1.51372
threshold=0.42083333432674414 -0.55249997973442067 0.27400000393390661 -10.260846138000487 -2.4156498908996578 0.90599998831748974 -6.4999999999999991 0.30000001192092901 -2.4374999999999996 -1.1140000224113462 0.2311523109674454 11.655000209808351 0.6055000126361848 0.2363240718841553 84.500000000000014 -0.4367499947547912 -0.12054999917745589 -0.20624999701976773 0.37695898115634924 -0.089499998837709413 -0.69505000114440907 -1.0835499763488767 2.289727091789246 0.0048587182536721238 0.40000000596046453 0.20913917571306231 -9.675618648529051 0.080869294703006758 -9.8694887161254865 -1.2202500104904173
decision_type=2 2 2 2 2 2 2 2 2 2 2 2 2 2 2 2 2 2 2 2 2 2 2 2 2 2 2 2 2 2
left_child=1 2 4 29 -1 6 20 -8 9 -9 11 12 14 -14 15 16 17 -3 -6 -12 21 -5 23 -18 26 -26 27 28 -22 -4
right_child=-2 10 3 5 18 -7 7 8 -10 -11 19 -13 13 -15 -16 -17 22 -19 -20 -21 24 -23 -24 -25 25 -27 -28 -29 -30 -31
leaf_value=0.038701951671228765 -0.0048898285741796783 0.0025826299320996062 0.00058340954976934258 -0.0060096768669519254 0.0025949791908527775 0.01160923126914324 -0.012712291772170734 -0.0081261962202779266 0.012850827264141856 0.0017341816179535646 0.012664421148729219 0.019721209686044024 -0.033223183222505955 -0.0012866204235881605 -0.012293007388648126 7.2312209372288331e-06 0.00084334085680660151 -0.010740735605362942 -0.0083679084556302994 0.0008395936551491679 0.013240759506447831 0.011639170975210365 -0.00050726157138912976 0.021376663334125513 -0.0020435418355214895 -0.02646151985075279 0.018465379984004028 -0.01900780734811407 -0.026160551057083082 -0.0094248651069051906
leaf_weight=27 37 113 155 30 20 73 25 23 164 23 76 31 26 204 23 1209 28 26 94 339 63 34 30 51 69 35 43 51 25 361
leaf_count=27 37 113 155 30 20 73 25 23 164 23 76 31 26 204 23 1209 28 26 94 339 63 34 30 51 69 35 43 51 25 361
internal_value=1.42531e-05 0.000136848 -0.00108365 -0.000340716 -0.0072695 0.00174772 0.000726496 0.0043617 0.00619048 -0.00326087 0.000881262 0.000157955 -8.77193e-05 -0.00456522 0.000608108 0.000840769 0.00483871 0.000899281 -0.0105263 0.00391566 -0.00171429 0.00546875 0.00986239 0.0136076 -0.00332168 -0.00817308 -0.000549451 -0.00341727 0.00113636 -0.00300388
internal_weight=3508 3471 1315 1174 141 658 585 235 210 46 2156 1741 1710 230 1480 1457 248 139 114 415 350 64 109 79 286 104 182 139 88 516
internal_count=3508 3471 1315 1174 141 658 585 235 210 46 2156 1741 1710 230 1480 1457 248 139 114 415 350 64 109 79 286 104 182 139 88 516
is_linear=0
shrinkage=0.05


Tree=95
num_leaves=31
num_cat=0
split_feature=16 9 16 9 16 13 12 14 14 21 47 46 53 11 9 13 14 14 37 20 21 22 20 21 11 14 9 13 20 14
split_gain=1.33934 4.54658 3.64142 4.49598 2.88586 2.47821 2.22247 1.98823 1.96236 2.42702 1.94447 1.91073 1.89036 1.80074 1.79369 2.03011 1.79031 2.50998 1.93169 2.46304 1.93026 1.75812 3.29946 1.67224 1.85279 1.88083 3.21641 1.61388 1.86667 1.4732
threshold=0.29999999701976782 1.2394194006919863 0.53999999165534984 0.54376775026321422 0.75999999046325695 3.2746666669845585 2.0369949340820317 0.12916667014360431 0.24583332985639575 -0.016150000505149361 2.970929861068726 0.0041666666511446246 0.21599999815225604 0.18819788098335269 0.43128676712512976 0.058888887986540801 0.27916666865348821 0.31250000000000006 -0.18760000169277188 -0.9724999964237212 0.095599997788667693 1.2975499629974367 -0.24849999696016309 -0.49420000612735743 0.022286840714514259 0.28749999403953558 0.16242232918739322 0.15799999982118609 -1.2507500052452085 0.32083332538604742
decision_type=2 2 2 2 2 2 2 2 2 2 2 2 2 2 2 2 2 2 2 2 2 2 2 2 2 2 2 2 2 2
left_child=5 2 6 4 12 -1 10 -8 9 -9 23 -7 -4 -11 15 -6 21 -18 19 20 -19 22 -10 29 -25 -26 -27 -3 -29 -2
right_child=1 27 3 -5 14 11 7 8 16 13 -12 -13 -14 -15 -16 -17 17 18 -20 -21 -22 -23 -24 24 25 26 -28 28 -30 -31
leaf_value=0.00067808981194794615 0.020540836853336464 0.016366111893175585 0.029740435615683836 -0.0049119414808749722 8.5316343574923931e-05 -0.0066183811348988547 0.0033950650074872097 -0.036475776278510084 -0.0031721562448176312 -0.02528542610857365 -0.052311854229577272 0.0007739593336906765 -0.0020396723389533677 0.0022140441451673045 0.014504072506157241 0.0058749362449197597 -0.017323123035895251 -0.0023318542810284505 0.00099863469095020654 -0.011952460229094764 0.012831340826269756 -0.0052767024918176503 0.030239304842378179 -0.0032362129263296736 0.0082119942570169861 -0.0069764006278464829 0.014092188158080055 0.013735123564619435 0.40335855610008536 -0.00041107456859624804
leaf_weight=1763 37 25 51 129 366 66 20 83 20 59 32 21 20 41 31 25 72 41 85 36 21 39 31 227 46 27 25 20 28 29
leaf_count=1763 37 25 51 129 366 66 20 83 20 59 32 21 20 41 31 25 72 41 85 36 21 39 31 227 46 27 25 20 28 29
internal_value=0.000127986 -0.00090036 -0.00145951 0.00152733 0.00370183 0.00105405 -0.00337281 -0.00547445 -0.00606061 -0.0102459 -0.000650118 -0.00718391 0.0130282 -0.005 0.0021327 0.00121483 -0.00384058 -0.00598039 -0.00286885 -0.00765306 -0.0016129 0.00222222 0.00833333 0.000319693 -0.00115385 0.00459184 -0.00192308 0.0113014 0.0166667 0.00757576
internal_weight=3516 1666 1593 622 493 1850 971 548 528 183 423 87 71 100 422 391 345 255 183 98 62 90 51 391 325 98 52 73 48 66
internal_count=3516 1666 1593 622 493 1850 971 548 528 183 423 87 71 100 422 391 345 255 183 98 62 90 51 391 325 98 52 73 48 66
is_linear=0
shrinkage=0.05


Tree=96
num_leaves=31
num_cat=0
split_feature=36 36 26 13 6 8 8 13 16 16 9 18 51 2 50 16 27 9 37 51 0 45 22 26 10 47 11 4 51 17
split_gain=1.45836 1.76944 2.30362 1.29589 3.30891 2.3552 3.1021 2.11642 2.12819 3.40436 3.48246 3.37234 3.03044 2.91679 2.7992 2.47105 2.4156 2.35971 2.16448 2.04233 1.96352 2.81198 2.21263 2.21488 1.96159 3.42657 1.92546 2.1346 1.89351 1.88564
threshold=3.552650094032288 2.3118000030517583 0.82799997925758373 -0.10955555737018584 0.90000000596046459 1.1000000238418581 0.30000001192092901 -0.28599999845027918 0.38000001013278967 0.53999999165534984 0.59975022077560436 0.57527408003807079 -1.3705000281333921 0.63133332133293163 1.0000000180025095e-35 0.75999999046325695 -0.4099500030279159 0.50115552544593822 1.0639500021934511 -0.293500006198883 0.1799999997019768 0.62133333086967479 2.0563499927520756 0.29950000345706945 -10.548116683959959 0.63770496845245372 0.20228750258684161 0.1799999997019768 -2.9314999580383296 0.54166665673255932
decision_type=2 2 2 2 2 2 2 2 2 2 2 2 2 2 2 2 2 2 2 2 2 2 2 2 2 2 2 2 2 2
left_child=1 3 -3 4 7 6 -6 8 11 -10 15 13 14 17 -13 -11 -17 28 -14 -7 22 -22 23 -5 -18 -26 27 -21 -1 -8
right_child=-2 2 -4 20 5 19 29 -9 9 10 -12 12 18 -15 -16 16 24 -19 -20 26 21 -23 -24 -25 25 -27 -28 -29 -30 -31
leaf_value=0.0074643702486680953 -0.0037458568394345029 0.00032561625898539783 0.042060058434072893 -0.0011326235085634237 -0.0038607857062271894 -0.025322221882824115 0.0008899647990128879 0.0065344331219032272 -0.02562931500006951 0.025132885354196922 -0.041958460320786761 -0.033233964403644269 0.0079413869878019357 0.0016287270109495264 0.0075080741685491503 0.0072601697636020925 -0.062516898048219763 0.0024195939448972284 -0.00040554069247987213 -0.019883468507368926 0.00075748925022419149 0.030949155689581922 -0.0087314541257403344 0.0036986510690597552 -0.011332168842009029 0.0054017369898405002 0.00096093536094374321 0.0019047070816046231 -0.0057393587960623176 -0.021661156517411767
leaf_weight=21 79 46 20 306 74 55 231 266 148 38 36 46 151 226 98 48 21 41 47 45 764 103 32 111 33 45 54 25 265 41
leaf_count=21 79 46 20 306 74 55 231 266 148 38 36 46 151 226 98 48 21 41 47 45 764 103 32 111 33 45 54 25 265 41
internal_value=7.11035e-05 0.000225487 0.00833333 6.67458e-05 -0.000717762 -0.00414286 -0.0017341 0.000457516 -0.00039557 -0.00359079 0.000339367 0.000921788 0.00482456 -0.00149186 -0.000694444 0.00310811 0.000170068 -0.0045107 0.00883838 -0.00879888 0.00129179 0.00268166 -0.00139198 -0.000419664 -0.00429293 -0.000641026 -0.00524194 -0.0107143 -0.00611888 0.000735294
internal_weight=3516 3437 66 3371 2055 525 346 1530 1264 369 221 895 342 553 144 185 147 327 198 179 1316 867 449 417 99 78 124 70 286 272
internal_count=3516 3437 66 3371 2055 525 346 1530 1264 369 221 895 342 553 144 185 147 327 198 179 1316 867 449 417 99 78 124 70 286 272
is_linear=0
shrinkage=0.05


Tree=97
num_leaves=31
num_cat=0
split_feature=14 11 46 35 10 11 9 36 21 13 6 14 21 22 21 8 47 18 16 9 16 10 16 18 13 45 9 18 56 18
split_gain=1.53702 2.60291 2.54749 2.31957 1.63784 1.78286 2.22628 1.40801 2.02815 1.41236 3.13958 3.28484 3.10379 2.87744 2.19774 2.10818 2.30028 2.08855 1.96147 2.73926 2.71053 2.67886 2.48819 2.44773 2.2873 2.71247 2.21521 1.91059 1.84381 1.83411
threshold=0.40416666865348821 0.011946840211749079 0.10016666725277902 -0.31675000488758082 -17.361404418945309 -0.014455747324973343 0.17120567709207538 3.552650094032288 4.9156000614166269 -0.21200000494718549 0.70000001788139354 0.22083333134651187 -1.0835499763488767 0.2055500000715256 0.82100000977516185 1.4333333373069765 12.356419086456301 0.43116666376590734 0.38000001013278967 0.12011101841926576 0.49999998509883886 -9.5484142303466779 1.1800000071525576 0.48206734657287603 -0.34733332693576807 -0.31091666221618647 0.29190769791603094 0.57866665720939647 -4.3529999256134024 0.75272428989410411
decision_type=2 2 2 2 2 2 2 2 2 2 2 2 2 2 2 2 2 2 2 2 2 2 2 2 2 2 2 2 2 2
left_child=4 -2 3 -3 5 6 -1 9 -9 10 18 12 -12 -14 27 16 -11 -15 19 -6 21 -20 23 -22 25 28 -24 -13 -25 -28
right_child=1 2 -4 -5 7 -7 -8 8 -10 15 11 14 13 17 -16 -17 -18 -19 20 -21 22 -23 26 24 -26 -27 29 -29 -30 -31
leaf_value=-7.6088099031093771e-05 0.0010584329938018876 -0.0051304056059793789 -0.0068103069983711769 0.0023531165614942627 -0.018100329419043538 0.00027649613876553746 -0.0082441875017181063 -0.012207383654588972 0.0009225542089778678 0.00071305632208419352 -0.011883531937246828 -0.030970288011913396 0.0023546482673125662 0.0082582215303515401 0.001872454114069519 0.0024079533027855093 -0.0074477776182102946 -0.017124200426853611 -0.030890800270829733 0.0021452092859076074 -0.029905966055932477 0.0019530206031657784 0.0045163349310228034 -0.0190091450017984 0.031472107700629685 -0.0047857618019598097 -0.067221934015750898 -0.0070499514090817316 0.024764411325598357 -0.0047872961477402947
leaf_weight=28 57 44 34 30 32 41 29 48 27 1283 34 63 85 21 20 317 32 36 115 854 24 21 26 21 28 35 27 20 54 30
leaf_count=28 57 44 34 30 32 41 29 48 27 1283 34 63 85 21 20 317 32 36 115 854 24 21 26 21 28 35 27 20 54 30
internal_value=1.42207e-05 -0.00469697 -0.00925926 -0.00405405 0.000246195 -0.00612245 -0.0118421 0.000438057 -0.00633333 0.00059786 -0.000485123 -0.00528674 -0.00113636 0.00211268 -0.0123786 0.00162377 0.000741445 -0.00657895 0.000572218 0.0018623 -0.00242782 -0.00808824 0.000714286 0.00432099 0.00688406 0.00363636 -0.0063253 -0.0159639 0.009 -0.0118421
internal_weight=3516 165 108 74 3351 98 57 3253 75 3178 1546 279 176 142 103 1632 1315 57 1267 886 381 136 245 162 138 110 83 83 75 57
internal_count=3516 165 108 74 3351 98 57 3253 75 3178 1546 279 176 142 103 1632 1315 57 1267 886 381 136 245 162 138 110 83 83 75 57
is_linear=0
shrinkage=0.05


Tree=98
num_leaves=31
num_cat=0
split_feature=10 14 11 9 12 20 47 14 16 16 4 8 11 10 10 45 26 27 56 20 14 49 21 13 26 9 9 12 10 45
split_gain=1.4191 1.45326 2.42361 2.79431 1.8006 1.34539 1.20906 1.57199 1.93412 1.75319 1.65598 1.53549 2.09911 1.91683 2.0094 1.52829 3.00571 2.34046 2.18805 2.21405 2.15627 2.04793 1.87966 3.24247 1.77931 1.60297 2.1262 1.53339 2.13582 1.60714
threshold=-17.927129745483395 0.40416666865348821 0.011946840211749079 0.10326733440160753 4.7493693828582773 -0.45349998772144312 2.670454859733582 0.36249999701976782 0.29999999701976782 0.1799999997019768 0.78000000119209301 0.43333333730697637 0.0056441025808453569 -10.548116683959959 -9.3615336418151838 0.63574999570846569 1.0000000180025095e-35 0.34804999828338629 1.0915000438690188 1.3640000224113467 0.27916666865348821 1.0000000180025095e-35 0.36574999988079077 -0.14111111313104627 -1.8530000448226926 0.76149612665176403 0.11815334856510164 5.0193746089935312 -9.3748416900634748 0.42858332395553594
decision_type=2 2 2 2 2 2 2 2 2 2 2 2 2 2 2 2 2 2 2 2 2 2 2 2 2 2 2 2 2 2
left_child=-1 6 5 -4 -5 -3 15 8 9 -8 -10 13 -13 -11 -15 18 -17 22 24 21 -19 -20 23 -18 25 26 -2 28 -23 -30
right_child=1 2 3 4 -6 -7 7 -9 10 11 -12 12 -14 14 -16 16 17 20 19 -21 -22 27 -24 -25 -26 -27 -28 -29 29 -31
leaf_value=-0.0032415121639950417 -0.0034480324313479571 -0.00032112238653280448 0.0023670185919573371 -0.0057158806060494663 -0.00015148962624485785 0.001138443962604785 -0.0098693199294413794 0.0095902283358475521 -0.031427440017914664 -0.0010655334204821719 -0.0035278325618738563 -0.0078433365127243467 0.0053514122794549946 0.015969006864708181 0.001082346157949292 -0.0025731650581667376 -0.017713751623782813 0.023427093616637362 -0.0059458830545053958 -0.029252559659060678 -0.0091378186320121742 -0.016126876069761664 0.042648319572468778 0.031932623590995128 0.00023216722773889212 -0.0023568244241750978 0.015807175768824989 0.027482162116518851 -0.00072913421614815297 0.0089554987849946085
leaf_weight=26 20 35 24 64 20 22 43 26 66 36 39 64 31 43 30 88 26 36 66 40 52 26 30 50 2271 22 127 30 35 28
leaf_count=26 20 35 24 64 20 22 43 26 66 36 39 64 31 43 30 88 26 36 66 40 52 26 30 50 2271 22 127 30 35 28
internal_value=9.95449e-05 0.000186246 -0.00439394 -0.0087963 -0.0130952 0.00394737 0.000413534 -0.00224868 -0.003125 -0.000708502 -0.00880952 0.00122549 -0.00342105 0.00527523 0.00993151 0.000755005 0.00425532 0.00773196 0.000384615 -0.00433333 0.00170455 -0.00202703 0.0127358 0.00855263 0.000819672 0.00576923 0.00765306 0.00189076 -0.00140449 0.00357143
internal_weight=3516 3490 165 108 84 57 3325 378 352 247 105 204 95 109 73 2947 282 194 2665 225 88 185 106 76 2440 169 147 119 89 63
internal_count=3516 3490 165 108 84 57 3325 378 352 247 105 204 95 109 73 2947 282 194 2665 225 88 185 106 76 2440 169 147 119 89 63
is_linear=0
shrinkage=0.05


Tree=99
num_leaves=31
num_cat=0
split_feature=36 21 36 14 35 13 13 21 14 44 56 2 13 16 53 35 6 9 53 53 20 10 37 9 10 36 16 9 20 12
split_gain=1.49565 1.92654 1.38789 1.18887 2.03757 2.06575 1.57191 2.79252 3.43862 3.65186 2.22499 2.07905 3.76503 3.41864 3.15961 2.14048 2.57913 3.01662 2.42054 3.04766 2.25485 2.16346 2.21473 2.03758 2.16891 1.91942 1.88316 2.66274 2.07723 2.04783
threshold=3.552650094032288 4.9156000614166269 4.3822498321533212 0.40416666865348821 -0.31675000488758082 -0.006000000284984707 -0.018000000156462189 0.55210000276565563 0.20416666567325595 87.500000000000014 -1.3044999837875364 0.18666666746139529 -0.13200000673532483 1.3799999952316286 1.9520000219345095 2.2367500066757207 0.90000000596046459 0.13468468189239505 -1.9449999928474424 3.5060000419616704 -1.4697499871253965 -11.819492816925047 -1.5088999867439268 0.83647179603576671 -9.1744961738586408 1.427650034427643 1.1800000071525576 0.29190769791603094 -0.72424998879432667 4.8760681152343759
decision_type=2 2 2 2 2 2 2 2 2 2 2 2 2 2 2 2 2 2 2 2 2 2 2 2 2 2 2 2 2 2
left_child=3 2 -2 6 -5 -6 11 8 9 10 -8 14 15 23 -1 16 26 20 25 -20 -18 -19 -23 24 -14 -17 28 -28 29 -13
right_child=1 -3 -4 4 5 -7 7 -9 -10 -11 -12 12 13 -15 -16 18 17 21 19 -21 -22 22 -24 -25 -26 -27 27 -29 -30 -31
leaf_value=-0.00049479108521148995 -0.027399992114833863 0.0011175004668965143 -0.0012861973882032009 -0.0020774002469844651 0.0016452061368186291 -0.0032654532787051785 -0.018798175559642812 -0.0043617806506233035 0.014029576652513183 -0.027154035777488206 0.0044482997282342448 0.0021062292780741443 0.0061346931633736758 -0.013407827945919416 -0.018220727058954295 -0.026370846547697127 -0.0067550348680171738 -0.00025139199955451073 0.030336699989939188 -0.00021273130545121922 0.0010378252673452994 0.00026464958133575188 -0.029688001250580898 -0.0047757106792797859 0.036646897015477541 0.0083273814056046367 0.0031560820213597518 -0.036170626705087881 -0.00031617992114998673 0.0090416294396659987
leaf_weight=372 25 30 24 99 42 20 21 55 234 32 207 358 173 22 50 32 22 72 59 39 129 23 139 23 127 30 32 56 910 59
leaf_count=372 25 30 24 99 42 20 21 55 234 32 207 358 173 22 50 32 22 72 59 39 129 23 139 23 127 30 32 56 910 59
internal_value=0.000156428 -0.00664557 -0.0127551 0.000312773 -0.00388199 0.00322581 0.000518926 0.00295993 0.0041498 0.000192308 0.00241228 2.75028e-05 0.000618221 0.00543478 -0.00319905 -0.000229592 -0.000722222 -0.00435065 0.0053125 0.0102041 0.00115894 -0.00790598 -0.0111111 0.00673375 0.00783333 -0.00241935 0.000265018 -0.00681818 0.00073474 0.00365707
internal_weight=3516 79 49 3437 161 62 3276 549 494 260 228 2727 2305 345 422 1960 1800 385 160 98 151 234 162 323 300 62 1415 88 1327 417
internal_count=3516 79 49 3437 161 62 3276 549 494 260 228 2727 2305 345 422 1960 1800 385 160 98 151 234 162 323 300 62 1415 88 1327 417
is_linear=0
shrinkage=0.05


Tree=100
num_leaves=31
num_cat=0
split_feature=27 45 12 21 21 14 46 56 56 51 10 28 14 37 10 22 9 28 28 10 9 20 14 10 20 53 20 22 18 18
split_gain=1.76563 2.49901 2.97304 1.92424 2.81958 1.87292 2.06763 2.34906 2.05863 2.14908 1.66572 1.36758 2.92628 2.65264 1.3018 1.29975 4.27269 1.3187 1.92736 1.91554 1.31571 2.20283 1.6682 1.33379 1.26656 1.98624 2.49159 1.87785 1.44471 4.33415
threshold=1.5527999997138979 0.063999999314546599 2.4777688980102544 2.7253500223159794 1.8379999995231631 0.38750000298023229 0.1813333332538605 1.0000000180025095e-35 -1.2834999561309812 -3.782500028610229 -17.922778129577633 -2.1342999935150142 0.23749999701976779 -4.3529999256134024 -9.0471892356872541 -1.9756999611854551 0.16578178107738498 1.954599976539612 1.8042500019073489 -10.260846138000487 0.69068261981010448 0.68700000643730175 0.22916666418313983 -9.5484142303466779 -0.60424998402595509 -3.4670000076293941 -1.0000000180025095e-35 -1.0053499937057493 0.62164199352264415 0.63555553555488598
decision_type=2 2 2 2 2 2 2 2 2 2 2 2 2 2 2 2 2 2 2 2 2 2 2 2 2 2 2 2 2 2
left_child=3 -2 -3 4 5 10 7 8 9 -7 -1 12 13 -12 -9 16 -13 18 24 -19 21 23 -23 -21 -17 26 -26 -27 -29 -30
right_child=1 2 -4 -5 -6 6 -8 14 -10 -11 11 15 -14 -15 -16 17 -18 19 -20 20 -22 22 -24 -25 25 27 -28 28 29 -31
leaf_value=-0.0015202580462204012 -0.013372431846727206 0.017320229283568498 -0.00068051586648711234 -0.018957508004758643 0.015335267984928059 -0.0076988291961529514 -0.013638121345360469 0.0014395552578862184 -0.0033824150523335088 0.004356959143457205 -0.0069959454864665319 -0.026975207760855859 0.042265748293469386 0.0041086688526296381 -0.00041601256010426261 0.0022848623190298667 0.0006182447668775827 -0.010939518069718485 0.015735714461750538 -0.024748194717404193 0.018876410317956609 -0.018863104979379316 0.00095553562766982907 0.008017372636846409 -0.039004303693548598 -0.014386486909293707 -0.0070920898912864129 0.00079826543094859207 -0.029399347374168418 0.00060758733393212114
leaf_weight=46 126 22 64 20 40 31 38 50 86 27 26 21 57 73 24 601 81 64 22 20 34 34 30 33 24 30 53 1468 52 216
leaf_count=46 126 22 64 20 40 31 38 50 86 27 26 21 57 73 24 601 81 64 22 20 34 34 30 33 24 30 53 1468 52 216
internal_value=0.000177911 -0.00424528 0.00232558 0.000461981 0.000556233 0.000393397 -0.00371094 -0.00183486 -0.00555556 0.00172414 0.000745394 0.000893161 0.00544872 0.000252525 0.00540541 0.000637801 -0.00490196 0.000848564 0.00117599 -0.00290698 0.000165563 -0.00235043 -0.00859375 0.00518868 0.00104337 0.00039338 -0.00746753 0.000736127 0.000950461 -0.00242537
internal_weight=3513 212 86 3301 3281 3241 256 218 144 58 2985 2939 156 99 74 2783 102 2681 2466 215 151 117 64 53 2444 1843 77 1766 1736 268
internal_count=3513 212 86 3301 3281 3241 256 218 144 58 2985 2939 156 99 74 2783 102 2681 2466 215 151 117 64 53 2444 1843 77 1766 1736 268
is_linear=0
shrinkage=0.05


Tree=101
num_leaves=31
num_cat=0
split_feature=12 12 28 5 13 4 7 9 12 44 11 11 8 56 27 35 46 53 20 21 12 8 46 11 44 12 12 21 49 9
split_gain=1.73432 3.29183 2.63105 2.26063 2.7036 2.06227 2.11834 2.00988 1.93124 2.63151 2.15458 1.92507 2.38412 2.19396 1.95619 1.70536 2.83692 2.66284 2.22329 1.8017 1.90611 1.92857 1.69529 2.15007 1.6438 2.07916 2.02831 1.76775 1.62848 1.60925
threshold=3.8767359256744389 1.8881413340568545 3.4974999427795415 0.42499999701976782 -0.018000000156462189 0.13999999687075618 1.0000000180025095e-35 0.30287946760654455 4.5886535644531259 -10.499999999999998 0.18819788098335269 0.25486487150192266 1.7666666507720949 0.18950000405311587 -0.050800001248717301 1.1682500243186953 0.20099999755620959 -0.48550000786781305 0.37174999713897711 0.1271999999880791 3.2205183506011967 0.90000000596046459 -0.17233333736658094 0.070417430251836791 -1.4999999999999998 5.3946819305419931 4.6802387237548837 0.13149999827146533 1.0000000180025095e-35 0.14475353807210925
decision_type=2 2 2 2 2 2 2 2 2 2 2 2 2 2 2 2 2 2 2 2 2 2 2 2 2 2 2 2 2 2
left_child=1 -1 3 4 5 7 -7 -2 -8 10 -10 12 14 28 -5 18 -17 -18 19 -3 -21 -22 -20 -24 27 26 -26 -6 -13 -15
right_child=2 15 -4 11 24 6 8 -9 9 -11 -12 13 -14 29 -16 16 17 -19 22 20 21 -23 23 -25 25 -27 -28 -29 -30 -31
leaf_value=0.00052600874325338116 -0.0099114132851073015 -0.00030006257782987035 -0.008089254540034686 0.011669546403224455 0.02563026045327358 0.0023981555641028733 -0.033190618920918312 0.00063725670020664765 9.7607232242066658e-05 0.0079612509554738593 -0.034303773346123743 0.0006522052245027714 0.013791178564475287 -0.0020429042633211105 0.0016940287825583822 0.0088337237098006921 0.0016422388554918942 -0.024984982987250583 -0.022614303674103574 -0.012494487074510528 -0.010053623625653818 0.012420936777296354 -0.00045967885447165959 -0.017507762729977255 0.020265493062137822 0.0016623183628438204 -0.0077656933400643948 0.0022523282927310096 -0.015200312661834015 0.020863984804988675
leaf_weight=1659 64 388 21 66 36 192 32 29 25 37 22 89 31 31 80 141 22 21 35 132 21 21 68 32 37 32 29 21 43 56
leaf_count=1659 64 388 21 66 36 192 32 29 25 37 22 89 31 31 80 141 22 21 35 132 21 21 68 32 37 32 29 21 43 56
internal_value=0.000234842 -0.000452756 0.0020298 0.00241597 0.000359712 -0.00180798 0.000162338 -0.00833333 -0.00517241 -0.00119048 -0.00904255 0.00530303 0.00918079 0.00216895 0.00650685 -0.00292281 0.0013587 -0.00988372 -0.00405308 -0.00266904 -0.00689655 0.00238095 -0.00981481 -0.0065 0.00596774 0.00204082 -0.0030303 0.0127193 -0.00189394 0.00833333
internal_weight=3513 2540 973 952 556 401 308 93 116 84 47 396 177 219 146 881 184 43 697 562 174 42 135 100 155 98 66 57 132 87
internal_count=3513 2540 973 952 556 401 308 93 116 84 47 396 177 219 146 881 184 43 697 562 174 42 135 100 155 98 66 57 132 87
is_linear=0
shrinkage=0.05


Tree=102
num_leaves=31
num_cat=0
split_feature=14 11 44 9 27 45 21 21 36 18 28 26 28 46 13 4 22 27 13 18 44 9 1 18 11 5 11 26 22 21
split_gain=2.09428 3.552 1.85601 2.93765 1.73568 2.39997 1.99721 2.51227 1.64948 1.6695 1.40261 1.62999 1.39378 1.31155 1.67781 3.64049 2.73306 2.16991 2.92137 2.18482 1.94083 1.93804 1.93182 1.87404 1.91212 1.81087 1.8012 1.8005 1.77642 1.74856
threshold=0.40416666865348821 0.010936283972114326 -1.4999999999999998 0.18629470467567447 1.5527999997138979 -0.12016666308045386 2.7253500223159794 1.8379999995231631 1.8745999932289126 0.43280808627605444 -8.3563499450683576 -9.1584997177124006 -2.1342999935150142 -0.60433331131935109 -0.21200000494718549 0.38000001013278967 -1.9756999611854551 -0.9904000163078307 -0.71177777647972096 0.71305307745933544 -10.499999999999998 0.47335523366928106 0.42499999701976782 0.64390477538108837 -0.2124078497290611 0.32500000298023229 -0.71885189414024342 -0.1909999996423721 -1.8026999831199644 0.84209999442100536
decision_type=2 2 2 2 2 2 2 2 2 2 2 2 2 2 2 2 2 2 2 2 2 2 2 2 2 2 2 2 2 2
left_child=4 -2 3 -3 6 -6 7 10 -7 -10 -1 -12 -13 -14 15 16 -15 22 19 23 -18 -22 -17 24 -19 -24 -16 -26 -20 -28
right_child=1 2 -4 -5 5 8 -8 -9 9 -11 11 12 13 14 26 17 20 18 28 -21 21 -23 25 -25 27 -27 29 -29 -30 -31
leaf_value=0.002394685765328042 0.0012312100415577275 0.0031515624245697857 -0.0056231310650887243 -0.0016937525522544455 -0.021558268010316579 -0.0015226394105027272 -0.018290429586368302 0.011327478898683574 -0.00082251053788120337 0.015704746015683852 -0.025846168466455634 0.0078540692059211239 0.0058243504000271666 -0.021717539107301582 -0.001188969582029262 -0.0070021234346704323 -0.019099402742783433 0.0010045247389043239 0.012641825634055798 -0.068551357879350655 -0.0009821980159994137 0.0045040926524291649 0.0032168203379028151 0.0093242678464827474 -0.028505396056232968 0.027654321513669734 0.0015089835004723556 -0.0014827705143290418 0.00038941225191054256 -0.01038961836841381
leaf_weight=27 60 22 77 26 88 33 20 39 39 34 29 107 112 20 85 22 135 24 36 22 319 21 23 27 33 45 1303 58 572 55
leaf_count=27 60 22 77 26 88 33 20 39 39 34 29 107 112 20 85 22 135 24 36 22 319 21 23 27 33 45 1303 58 572 55
internal_value=0.000177911 -0.005 -0.0098 -0.00208333 0.000465745 -0.00412371 0.00074984 0.000850996 0.000943396 0.00513699 0.000691057 0.000590551 0.000703875 0.00049794 0.000285714 -0.000976419 -0.00439394 0.000986079 0.000129534 -0.00579268 -0.00363158 -0.00161765 0.00833333 -0.00352113 -0.00630435 0.0125 0.00147263 -0.00961538 0.00172697 0.00191458
internal_weight=3513 185 125 48 3328 194 3134 3114 106 73 3075 3048 3019 2912 2800 1357 495 862 772 164 475 340 90 142 115 68 1443 91 608 1358
internal_count=3513 185 125 48 3328 194 3134 3114 106 73 3075 3048 3019 2912 2800 1357 495 862 772 164 475 340 90 142 115 68 1443 91 608 1358
is_linear=0
shrinkage=0.05


Tree=103
num_leaves=31
num_cat=0
split_feature=27 21 21 1 46 14 3 51 6 11 13 10 18 3 10 47 13 6 11 21 9 4 51 13 6 27 27 9 10 9
split_gain=1.62568 1.93557 2.80008 1.89137 1.74966 1.57184 1.79725 1.8648 1.6388 2.66472 1.52252 1.35166 2.34411 1.37961 2.11361 2.31697 1.60516 3.63737 4.039 4.17907 2.55421 2.20393 2.8319 2.53998 2.18369 2.07848 2.71243 1.90833 2.55238 2.12118
threshold=1.5527999997138979 2.7253500223159794 1.8379999995231631 0.47499999403953558 -0.36749999225139612 0.38750000298023229 0.15563326328992846 0.49250000715255743 0.90000000596046459 0.16716564446687701 -0.077999997884035097 -17.764625549316403 0.48739683628082281 0.11324555054306985 -9.2220683097839338 0.31857447326183325 -0.058000000193715089 0.70000001788139354 -0.18368447571992871 0.55210000276565563 1.288763761520386 0.059999998658895499 2.0664999485015874 -0.14733333140611646 0.70000001788139354 0.69849997758865368 1.0000000180025095e-35 0.14182496070861819 -11.819492816925047 0.67612403631210338
decision_type=2 2 2 2 2 2 2 2 2 2 2 2 2 2 2 2 2 2 2 2 2 2 2 2 2 2 2 2 2 2
left_child=1 2 5 -2 -5 11 7 -7 9 10 -8 12 -1 14 15 -13 21 20 -19 -20 -18 22 -15 24 -23 26 -25 28 -26 -29
right_child=3 -3 -4 4 -6 6 8 -9 -10 -11 -12 13 -14 16 -16 -17 17 18 19 -21 -22 23 -24 25 27 -27 -28 29 -30 -31
leaf_value=-0.05355200213614645 -0.0079103735367230012 -0.017375908107049885 0.013812851176685592 -0.026316461213484788 0.00031584057059836913 -0.0025025993901131721 -0.010992533390854341 0.0009907597340991503 -0.002879618200874515 0.0043371518213965897 0.0014918229685911583 -0.0083301335237987752 7.8170801202608942e-05 -0.00069483238967664842 -0.0082373185674273399 0.0060823502616030424 -0.0057510279887331558 -0.0054095767182430208 0.026324703636897595 -0.0077905248671486186 0.022194186568152908 0.0010070568607183806 -0.017983777735669459 0.0061925081028040624 0.0028524824689567917 -0.012473263324954024 0.029684059200102308 -0.010084330186702205 -0.00079662385658689115 0.0010476970077691352
leaf_weight=27 43 20 40 34 135 39 37 27 101 25 27 28 33 188 58 37 172 48 302 43 55 1251 27 160 39 20 92 180 184 41
leaf_count=27 43 20 40 34 135 39 37 27 101 25 27 28 33 188 58 37 172 48 302 43 55 1251 27 160 39 20 92 180 184 41
internal_value=0.000234842 0.000507422 0.000601951 -0.00400943 -0.00162722 0.000439679 -0.00332031 0.00378788 -0.00578947 -0.000842697 -0.00625 0.000762144 -0.00666667 0.00091453 -0.00426829 0.00192308 0.00114204 0.0033871 0.00629771 0.00818841 -0.00165198 0.000504125 -0.00430233 0.00102949 0.000309735 0.00551471 0.00674603 -0.0027027 0.000560538 -0.00599548
internal_weight=3513 3301 3281 212 169 3241 256 66 190 89 64 2985 60 2925 123 65 2802 620 393 345 227 2182 215 1967 1695 272 252 444 223 221
internal_count=3513 3301 3281 212 169 3241 256 66 190 89 64 2985 60 2925 123 65 2802 620 393 345 227 2182 215 1967 1695 272 252 444 223 221
is_linear=0
shrinkage=0.05


Tree=104
num_leaves=31
num_cat=0
split_feature=37 14 28 37 13 0 46 28 16 13 45 3 18 17 1 21 21 9 18 22 18 16 53 9 13 9 14 12 35 47
split_gain=1.47062 2.3279 2.1312 2.37576 1.51312 2.28922 2.3768 2.75101 2.22225 1.99438 1.65233 1.81946 1.53409 1.45864 1.41818 1.36111 1.34639 1.33107 1.34539 1.24383 2.11853 1.26186 3.15802 2.80049 2.71801 2.10837 2.68817 2.37245 2.90562 2.18599
threshold=-2.6071000099182124 0.23749999701976779 2.8130500316619877 -3.713899970054626 -0.79177775979042042 0.81999999284744274 0.42450000345706945 -1.259849965572357 0.34000000357627874 -0.60199999809265126 -0.90183332562446583 0.15896825492382052 0.56788888573646557 0.45833332836627966 0.42499999701976782 3.3314000368118291 0.84209999442100536 0.20913917571306231 0.56755554676055919 -2.7167999744415279 0.49719738960266119 0.25999999791383749 -3.8355000019073482 1.1378814578056338 3.1846666336059575 0.19948085397481921 0.32083332538604742 4.0010735988616952 0.039750000461936004 3.6149495840072636
decision_type=2 2 2 2 2 2 2 2 2 2 2 2 2 2 2 2 2 2 2 2 2 2 2 2 2 2 2 2 2 2
left_child=1 2 -1 -4 8 9 7 -7 17 12 -9 -12 -6 -3 -13 -15 -16 -2 -19 20 -11 23 -23 25 -24 27 -27 29 -29 -21
right_child=4 13 3 -5 5 6 -8 10 -10 19 11 14 -14 15 16 -17 -18 18 -20 21 -22 22 24 -25 -26 26 -28 28 -30 -31
leaf_value=-0.018457043343180237 -0.001768218215783024 0.050311738748759473 0.014509475835028918 -0.024105252435108679 3.6277631932141664e-05 0.012847973372288988 0.016878245135775762 0.014389836313871036 -0.035922524990265228 -0.0013520089667265714 -0.012369340634651295 0.040616385360818158 -0.056734572534785137 -0.01166768598731077 -0.0032740825725080859 0.0003488689796493985 0.011264477558141648 0.011172983574311558 -0.00022750470928715072 -0.00096011693554289403 0.034463754696111563 -0.014401788310341893 -0.00017323125101117445 -0.0025954218734569518 0.39133667012167134 0.002872159173840514 -0.025788410783568905 -0.00012023530790535695 0.0053487983941849174 0.010448083380037512
leaf_weight=112 36 38 20 24 20 39 22 80 33 20 35 30 24 20 143 25 22 22 35 328 21 60 1717 65 27 372 20 30 31 42
leaf_count=112 36 38 20 24 20 39 22 80 33 20 35 30 24 20 143 25 22 22 35 328 21 60 1717 65 27 372 20 30 31 42
internal_value=0.000334472 -0.00345188 -0.00705128 0.00227273 0.000610874 0.000825921 0.00451482 0.00351003 -0.0047619 0.000333093 0.00193548 -0.000217391 -0.0102273 0.00331325 0.00166667 -0.00277778 -0.000151515 -0.000806452 0.00394737 0.00050311 0.00914634 0.000371471 -0.000388027 0.00191441 0 0.00270352 0.00535714 0.000290023 0.00942623 -0.00121622
internal_weight=3513 239 156 44 3274 3148 371 349 126 2777 310 230 44 83 195 45 165 93 57 2733 41 2692 1804 888 1744 823 392 431 61 370
internal_count=3513 239 156 44 3274 3148 371 349 126 2777 310 230 44 83 195 45 165 93 57 2733 41 2692 1804 888 1744 823 392 431 61 370
is_linear=0
shrinkage=0.05


Tree=105
num_leaves=31
num_cat=0
split_feature=13 5 0 37 22 13 20 1 35 7 5 12 47 10 45 21 37 2 48 47 37 47 10 44 47 26 18 45 21 0
split_gain=2.24968 1.94684 2.12511 2.25306 2.05949 2.20527 1.86198 2.36145 1.85039 1.65806 3.0344 2.46285 1.73342 1.68176 2.53818 2.02539 1.60598 1.72819 2.36464 1.77396 2.00073 2.36161 2.14859 1.75494 1.69245 1.66234 2.37576 1.62982 1.54435 1.52219
threshold=-0.79177775979042042 0.27500000596046453 0.25999999791383749 -4.3529999256134024 -9.3243999481201154 -0.10955555737018584 -0.6392499804496764 0.42499999701976782 4.4290001392364511 1.0000000180025095e-35 0.52500000596046459 4.4855132102966317 0.25519168376922613 -8.9432806968688947 0.34149999916553503 -0.60789999365806568 -0.9082999825477599 0.08000000007450582 1.0000000180025095e-35 3.6149495840072636 0.047000000253319747 0.51104667782783519 -8.7763357162475568 -1.0000000180025095e-35 0.39357325434684759 -0.15374999493360517 0.28849206864833837 -0.1376666650176048 1.0146000385284426 0.25999999791383749
decision_type=2 2 2 2 2 2 2 2 2 2 2 2 2 2 2 2 2 2 2 2 2 2 2 2 2 2 2 2 2 2
left_child=-1 29 3 -3 -4 6 7 -6 9 11 12 13 -11 14 15 -8 24 23 19 20 21 25 -23 -18 -5 -19 -27 -25 -7 -2
right_child=1 2 4 16 5 28 8 -9 -10 10 -12 -13 -14 -15 -16 -17 17 18 -20 -21 -22 22 -24 27 -26 26 -28 -29 -30 -31
leaf_value=-0.0046462717435145654 0.0076581400291669309 0.019540537151008133 -0.0061241723428635793 0.0015839465464134396 -0.027357637607548991 0.0079289613822272429 0.019570327519056942 0.0050587659106602493 0.018355226110556525 -0.0021328431720640463 0.00035555968125000614 0.0079965624598315587 -0.040717930921424672 -0.022295838238049509 0.0077899565698478892 -0.001131799578772251 0.00084879524957545563 0.0055757519999487248 -0.00091422800978094299 -0.0088279542505915985 0.016343243952144947 -0.014953812418116314 0.0017412431881231373 0.00053922770712806973 -0.022917242386541324 0.020585408975294026 -0.0035535042584978836 -0.0098040905275893937 -0.0014689764172673714 -0.00093604491721543677
leaf_weight=145 64 39 21 28 24 342 35 283 28 23 57 89 36 39 77 272 41 28 341 24 70 34 22 22 52 20 24 47 26 1168
leaf_count=145 64 39 21 28 24 342 35 283 28 23 57 89 36 39 77 272 41 28 341 24 70 34 22 22 52 20 24 47 26 1168
internal_value=6.39023e-05 0.000325829 0.00123601 -0.000820707 0.00244083 0.00268595 0.00142783 0.00464169 -7.62195e-05 -0.000636943 -0.00603448 0.000585938 -0.0139831 -0.00100473 0 -0.00203583 -0.00142762 -0.000631501 0.000488455 0.0045045 0.00606061 0.00234375 -0.00535714 -0.00636364 -0.008125 0.00833333 0.00227273 -0.0112319 0.00597826 -0.00125812
internal_weight=3521 3376 2144 792 1352 1331 963 307 656 628 116 512 59 423 384 307 753 673 563 222 198 128 56 110 80 72 44 69 368 1232
internal_count=3521 3376 2144 792 1352 1331 963 307 656 628 116 512 59 423 384 307 753 673 563 222 198 128 56 110 80 72 44 69 368 1232
is_linear=0
shrinkage=0.05


Tree=106
num_leaves=31
num_cat=0
split_feature=13 21 47 26 45 18 20 10 12 12 53 47 10 12 11 26 2 0 19 11 0 13 46 15 26 13 2 10 26 6
split_gain=1.76963 1.25749 2.5674 2.27047 2.24264 2.58587 2.08792 2.41251 2.26696 1.83485 1.82403 1.99459 1.73804 1.591 1.48606 1.42931 1.30881 2.74988 1.61255 2.78585 1.77501 1.6983 1.81666 1.86038 3.27588 2.40101 2.72386 2.64284 1.92232 1.87075
threshold=-0.79177775979042042 2.5601999759674077 0.65585678815841686 1.1429999470710757 0.62133333086967479 0.22093518823385241 1.3015000224113467 -9.9544529914855939 4.5274198055267343 5.6924767494201669 -0.024000000208616253 0.80894508957862865 -9.6084451675415021 2.9046168327331547 0.93912741541862499 1.2187500000000002 0.58933332562446605 0.62000000476837169 1.0000000180025095e-35 0.0056441025808453569 0.49999998509883886 -0.33200000226497645 -0.33516666293144221 0.43333333730697637 0.48825000226497656 0.021999999880790714 0.30200000107288366 -8.8865880966186506 -0.43749999999999994 0.90000000596046459
decision_type=2 2 2 2 2 2 2 2 2 2 2 2 2 2 2 2 2 2 2 2 2 2 2 2 2 2 2 2 2 2
left_child=-1 4 3 12 6 -6 16 8 13 -7 -9 15 -3 -8 -4 -12 17 18 21 -20 -21 -2 -23 25 -25 27 -27 29 -29 -24
right_child=1 2 14 -5 5 9 7 10 -10 -11 11 -13 -14 -15 -16 -17 -18 -19 19 20 -22 22 23 24 -26 26 -28 28 -30 -31
leaf_value=-0.0044139581563388368 -0.0012946043691646008 -0.022611285929233411 -0.020090045340629942 0.043276516730492667 -0.0074951554744567585 0.0036840329553490358 -0.00013948968603446079 -0.019400694231674443 -0.024268547316125145 0.028319962370238767 -0.0088881433058026326 -0.027643474290130088 0.0097449984355744042 0.026614826163681993 -0.00038629549865529331 0.0080787418708557334 0.0018226394338420522 -0.0099170931339085666 0.0019025456362564697 -0.0039180019528544524 0.0027755460154364159 0.0075029269917055302 0.0085439659499339966 -0.00034832611574009734 -0.030211957561122185 0.051385921774465861 -0.0034546913337645813 -0.00028803818408394964 -0.013839741696771818 0.00020006617481232791
leaf_weight=145 241 21 54 20 28 356 55 22 32 27 22 31 20 31 34 37 724 123 30 80 23 142 177 316 23 60 31 36 26 554
leaf_count=145 241 21 54 20 28 356 55 22 32 27 22 31 20 31 34 37 724 123 30 80 23 142 177 316 23 60 31 36 26 554
internal_value=6.39023e-05 0.000296209 -0.00419463 0.00368852 0.000503564 0.00395377 0 -0.00456522 0.000423729 0.00502611 -0.00982143 -0.00666667 -0.00304878 0.00465116 -0.00965909 -0.00127119 0.000406032 -0.000295381 0.000215641 -0.00507519 -0.00898058 0.000653798 0.001337 0.000715454 -0.00243363 0.00192308 0.00961538 0.00104035 -0.00887097 0.00188098
internal_weight=3521 3376 149 61 3227 411 2816 230 118 383 112 90 41 86 88 59 2586 1862 1739 133 103 1606 1365 1223 339 884 91 793 62 731
internal_count=3521 3376 149 61 3227 411 2816 230 118 383 112 90 41 86 88 59 2586 1862 1739 133 103 1606 1365 1223 339 884 91 793 62 731
is_linear=0
shrinkage=0.05


Tree=107
num_leaves=31
num_cat=0
split_feature=5 16 14 14 47 21 21 18 12 11 21 17 37 26 22 27 12 22 18 51 0 44 0 47 47 18 27 47 56 22
split_gain=1.29987 2.04611 2.41756 2.42065 2.14845 2.05686 3.16484 1.87778 3.06514 2.6873 1.83939 1.70263 1.60481 2.22442 1.97643 1.46454 1.45645 2.37486 1.43991 1.58581 2.43614 1.42048 1.38357 1.70435 1.56863 1.34397 1.57302 1.8758 1.35285 1.9056
threshold=0.27500000596046453 0.25999999791383749 0.24583332985639575 0.21249999850988391 0.1598259583115578 -1.3109499812126157 -0.40270000696182245 0.71116051077842724 1.1587845087051394 -0.0053677258547395459 -0.1731000021100044 0.54166665673255932 -0.17965000122785565 0.74549999833107006 -0.066800002008676515 -5.3254001140594474 0.57507911324501049 -0.88615000247955311 0.51450428366661083 -0.43349999189376826 0.53999999165534984 -5.4999999999999991 0.059999998658895499 0.32773190736770635 0.14238871634006503 0.51629504561424266 0.068849999457597746 0.65585678815841686 -2.4239999055862422 1.7973499894142153
decision_type=2 2 2 2 2 2 2 2 2 2 2 2 2 2 2 2 2 2 2 2 2 2 2 2 2 2 2 2 2 2
left_child=1 12 3 5 -4 -3 -7 8 9 -6 -8 -5 16 14 -14 -2 -1 -18 19 -16 -21 -11 23 24 -17 28 -27 -28 -10 -30
right_child=15 2 4 11 7 6 10 -9 25 21 -12 -13 13 -15 18 22 17 -19 -20 20 -22 -23 -24 -25 -26 26 27 -29 29 -31
leaf_value=0.0047966541949039159 0.032616151261119108 -0.019027278248497995 0.0040498901248696793 -0.046886059977453994 0.034607698676617386 0.011173116836376458 -0.02424291417000643 -0.011513063214732978 -0.013514338697272386 -0.011121609134912721 -0.0030016960460766493 -0.0020433796358898986 0.016843130177655902 0.021083251863197386 0.016524720252009018 0.00021721970278532258 -1.8448755680544605e-05 -0.0207238537739429 -0.00082456851442550471 0.002972803017259989 -0.0046648885325916737 0.0059469048139321303 0.0004056527631826436 0.00011903561152338816 -0.0099631199239688228 0.0040369807379662696 0.0018623592631439091 -0.036447322690357047 0.00035472901278853219 -0.034507153465541181
leaf_weight=31 22 22 21 46 41 39 32 45 39 26 202 38 30 64 27 20 48 33 95 60 41 25 2128 83 34 53 33 24 94 25
leaf_count=31 22 22 21 46 41 39 32 45 39 26 202 38 30 64 27 20 48 33 95 60 41 25 2128 83 34 53 33 24 94 25
internal_value=9.23033e-05 -0.00121556 -0.00270186 -0.00560686 -0.000117371 -0.00347458 -0.00228938 -0.000925926 0.000277778 0.00815217 -0.00448718 -0.0130952 0.00157343 0.00339117 0.00128458 0.000797989 -0.00357143 -0.00709877 -0.000336323 0.003125 0.000247525 0.000490196 0.000673289 -0.00419708 -0.0111111 -0.00242537 0.00181818 -0.00394737 -0.00537975 -0.00273109
internal_weight=3521 1234 805 379 426 295 273 405 360 92 234 84 429 317 253 2287 112 81 223 128 101 51 2265 137 54 268 110 57 158 119
internal_count=3521 1234 805 379 426 295 273 405 360 92 234 84 429 317 253 2287 112 81 223 128 101 51 2265 137 54 268 110 57 158 119
is_linear=0
shrinkage=0.05


Tree=108
num_leaves=31
num_cat=0
split_feature=56 13 45 18 56 44 10 10 28 2 21 20 26 9 17 28 5 0 44 26 13 56 18 10 20 8 13 45 44 46
split_gain=1.67593 1.64066 1.32243 2.93907 2.03782 1.92635 1.52638 1.78543 1.81488 1.49678 2.38964 1.32937 2.2102 1.68037 1.74279 1.70092 1.48358 1.4601 2.9062 2.73886 1.91243 2.76381 1.77622 1.72827 2.1856 1.53535 2.08616 2.12039 2.05049 1.81453
threshold=14.024999618530275 -0.79177775979042042 0.62133333086967479 0.238546296954155 2.4220000505447392 -4.4999999999999991 -10.566741466522215 -9.7439160346984846 -0.10119999945163725 0.18666666746139529 0.3725500106811524 1.3015000224113467 0.88650000095367443 0.36132296919822698 0.54166665673255932 1.2979499697685244 0.17500000074505809 0.25999999791383749 -3.4999999999999996 -6.7117497920989981 -0.28000000119209284 -0.53550001978874195 0.30385185778141027 -9.4207630157470685 -0.50549998879432667 1.6999999880790713 -0.43400000035762781 -0.17208333313465116 -8.4999999999999982 0.13350000232458117
decision_type=2 2 2 2 2 2 2 2 2 2 2 2 2 2 2 2 2 2 2 2 2 2 2 2 2 2 2 2 2 2
left_child=1 -1 4 -4 11 6 -5 8 -8 10 -7 16 -13 15 -15 -14 -3 18 -18 -19 25 -22 23 -23 -25 26 27 28 -21 -29
right_child=-2 2 3 5 -6 9 7 -9 -10 -11 -12 12 13 14 -16 -17 17 19 -20 20 21 22 -24 24 -26 -27 -28 29 -30 -31
leaf_value=-0.004213542886681027 -0.01819392294756186 -0.00063706360418121395 -0.012538038031592563 -0.012717838978920204 -0.020509341879467576 -0.0054511686063486555 -0.0058966829473519672 -0.00095305707548875023 0.014954751037311803 0.024263448826670506 0.0034771526040950542 -0.013338149378054942 -0.0011718045330409766 0.01447722716573714 -0.0070244154095139818 -0.025213475890341421 -0.012827477562249856 -0.0064685248308370196 7.5079581826026367e-05 0.0019379077405504153 0.011116874205919112 -0.0046388890904797975 0.0029011649220908545 -0.005259035435018611 0.019530737450638925 0.010122739813185865 -0.0011317845915618306 0.0010644739373453702 -0.030651289334241341 0.026654565208973587
leaf_weight=145 22 886 51 22 21 32 20 126 39 124 33 35 63 81 20 46 37 21 598 192 164 28 261 20 21 25 265 83 20 20
leaf_count=145 22 886 51 22 21 32 20 126 39 124 33 35 63 81 20 46 37 21 598 192 164 28 261 20 21 25 265 83 20 20
internal_value=0.000120704 0.000207202 0.00043232 0.00296421 4.29997e-05 0.00441919 0.00108696 0.00256757 0.00974576 0.00806878 0.00192308 0.000155925 -0.00336735 -0.00142857 0.00321782 -0.00573394 0.000482772 0.00132479 -0.000590551 0.00241071 0.0027525 0.00506073 0.00242424 -0.00471014 0.00182927 0.000867769 0.000344828 0.00309524 0.000235849 0.00898058
internal_weight=3521 3499 3354 447 2907 396 207 185 59 189 65 2886 245 210 101 109 2641 1755 635 1120 1099 494 330 69 41 605 580 315 212 103
internal_count=3521 3499 3354 447 2907 396 207 185 59 189 65 2886 245 210 101 109 2641 1755 635 1120 1099 494 330 69 41 605 580 315 212 103
is_linear=0
shrinkage=0.05


Tree=109
num_leaves=31
num_cat=0
split_feature=16 45 17 12 21 22 14 45 56 0 9 46 44 4 4 46 5 20 3 47 16 21 17 35 51 16 11 45 9 9
split_gain=1.24929 2.30389 2.47066 2.9281 3.1384 2.65152 2.19166 2.08543 1.8908 2.75722 1.78301 1.71085 2.45711 1.69554 2.0584 1.69466 3.12569 2.41498 2.04584 2.52346 1.67822 1.989 1.96207 1.63166 1.6519 1.60408 1.60003 1.57002 2.20134 2.52372
threshold=0.25999999791383749 0.45174999535083776 0.20833333581686023 1.8881413340568545 -0.39040000736713404 -0.1715000048279762 0.11250000074505807 0.87291666865348827 0.23900000005960467 0.53999999165534984 0.3816817998886109 -0.21883332729339597 -12.499999999999998 0.1799999997019768 0.25999999791383749 0.16683333367109301 0.17500000074505809 -1.014750003814697 0.27582278847694403 1.213357210159302 0.1799999997019768 0.71694999933242809 0.20833333581686023 -0.82774999737739552 -0.46850000321865076 0.97999998927116405 0.023769366554915908 -0.1376666650176048 0.083457935601472868 0.43975645303726202
decision_type=2 2 2 2 2 2 2 2 2 2 2 2 2 2 2 2 2 2 2 2 2 2 2 2 2 2 2 2 2 2
left_child=1 2 8 27 -5 -6 -7 10 -1 -10 -3 12 26 -14 -15 -13 18 -18 -17 -20 -9 22 -22 -16 -25 -19 -2 -4 -29 -30
right_child=11 7 3 4 5 6 -8 20 9 -11 -12 15 13 14 23 16 17 25 19 -21 21 -23 -24 24 -26 -27 -28 28 29 -31
leaf_value=-9.0470545261630436e-05 -0.035189902811219788 0.010161500903040617 0.013963990689305662 0.0032079415730471433 -0.02864105662093798 -0.0013639265394337044 0.0027561066759863142 -0.0078365014205531627 -0.010441014108061773 0.0046023353330947939 0.062521473343838507 0.00044182096047006296 -0.0070374917225386278 0.030117473071431096 0.0047967960342258954 -0.02821372795869519 0.0042484113279322366 -0.0010356512484795642 -0.024668264943336838 0.019577219338823604 0.01535437441270634 -0.0062414499187563258 -0.00020546561426679246 -0.0071509154663317535 0.0016635300197813065 -0.0079081049259155291 -0.0056687507391368153 -0.012240780009889613 0.024459194736141401 -0.0026920736240901317
leaf_weight=632 50 71 40 42 21 27 29 28 62 24 20 1537 80 40 41 58 99 195 40 25 38 27 30 41 55 22 34 27 59 27
leaf_count=632 50 71 40 42 21 27 29 28 62 24 20 1537 80 40 41 58 99 195 40 25 38 27 30 41 55 22 34 27 59 27
internal_value=6.39023e-05 0.00137043 0.000353535 0.00441176 -0.00147059 -0.00746753 -0.00178571 0.00607477 -0.00118384 -0.00813953 0.0118132 -0.000615019 -0.00388563 -0.00145914 0.00127119 -5.06073e-05 -0.00279043 -0.000158228 -0.00955285 -0.00346154 0.00182927 0.005 0.00955882 -0.00164234 -0.00520833 -0.0031106 -0.0113095 0.00898693 0.00597345 0.00988372
internal_weight=3521 1204 990 272 119 77 56 214 718 86 91 2317 341 257 177 1976 439 316 123 65 123 95 68 137 96 217 84 153 113 86
internal_count=3521 1204 990 272 119 77 56 214 718 86 91 2317 341 257 177 1976 439 316 123 65 123 95 68 137 96 217 84 153 113 86
is_linear=0
shrinkage=0.05


Tree=110
num_leaves=31
num_cat=0
split_feature=16 44 44 28 0 13 20 13 46 18 18 36 56 3 27 51 9 44 12 10 20 9 20 9 18 13 10 16 4 13
split_gain=2.37071 4.3552 2.57462 3.025 2.47065 2.67619 2.41292 2.09574 1.96025 1.93481 4.36397 3.73346 2.05537 2.28571 1.831 1.82658 2.05111 1.81561 1.78375 2.63402 2.67046 1.87929 1.6 1.58252 2.38598 2.74443 2.61039 3.42549 2.75486 2.63683
threshold=0.29999999701976782 74.500000000000014 85.500000000000014 -3.4679499864578243 0.059999998658895499 -0.71177777647972096 0.12849999964237216 -0.63277778029441822 0.67383331060409557 0.56755554676055919 0.5199495553970338 -1.6942500472068784 -0.74399998784065235 0.3131812065839768 -3.4377499818801875 -0.55249997973442067 0.12011101841926576 -1.4999999999999998 0.40911255776882177 -10.115102767944334 -1.3057500123977659 0.29613552987575537 -1.2507500052452085 0.13355626165866855 0.28849206864833837 -0.11377777904272078 -9.5350356101989728 0.97999998927116405 0.38000001013278967 0.014166666660457851
decision_type=2 2 2 2 2 2 2 2 2 2 2 2 2 2 2 2 2 2 2 2 2 2 2 2 2 2 2 2 2 2
left_child=2 4 9 -4 -2 6 -6 -7 23 10 14 -11 13 -12 -1 16 -13 -14 -18 20 -20 -22 -3 -9 25 -25 28 -28 -26 -29
right_child=1 22 3 -5 5 7 -8 8 -10 11 12 15 17 -15 -16 -17 18 -19 19 -21 21 -23 -24 24 26 -27 27 29 -30 -31
leaf_value=-0.0040183592471299571 -0.0053852116460424843 0.057687407914181234 0.00072031632724414154 -0.028101605025611893 -0.058259367785080812 0.012213986183861936 0.00063008796372909792 0.00052632046509620833 -0.024318265376763216 -0.011478670029963429 -0.0030340667037741151 -0.0097546125505362635 -0.0024093389784626165 0.019832368678248405 0.0011212592770829363 0.0037080675652456209 0.037355261844407538 0.00032260812593763727 0.035387287935445613 -0.019651284377773613 0.014085879379188055 -0.017172923175081092 0.44796140990936562 -0.026900219709719387 -0.014141314775180089 -0.0010013861192547547 0.011062758788600056 -0.0032299638411684584 1.7097104597116331e-06 0.0072105412923840935
leaf_weight=23 68 20 20 20 53 41 38 282 22 36 63 23 131 21 1064 235 27 43 31 47 30 36 20 37 259 93 242 106 338 54
leaf_count=23 68 20 20 20 53 41 38 282 22 36 63 23 131 21 1064 235 27 43 31 47 30 36 20 37 259 93 242 106 338 54
internal_value=6.3866e-05 -0.00130006 0.0012973 -0.01125 -0.00169933 -0.00129393 -0.00961538 -0.00078019 -0.00109909 0.00157459 0.000613383 0.00435484 -0.00523256 0.00119048 0.00200092 0.00565268 0.00206186 -0.00833333 0.00394737 0.00173611 0.0064433 0.000757576 0.015 -0.000868179 -0.00170505 -0.00807692 -0.000875876 0.00223881 -0.0029732 -0.0034375
internal_weight=3523 1673 1850 40 1633 1565 91 1474 1433 1810 1345 465 258 84 1087 429 194 174 171 144 97 66 40 1411 1129 130 999 402 597 160
internal_count=3523 1673 1850 40 1633 1565 91 1474 1433 1810 1345 465 258 84 1087 429 194 174 171 144 97 66 40 1411 1129 130 999 402 597 160
is_linear=0
shrinkage=0.05


Tree=111
num_leaves=31
num_cat=0
split_feature=3 16 13 36 8 37 13 13 11 11 51 50 11 18 16 3 10 28 51 46 8 35 35 13 44 51 27 46 12 28
split_gain=2.00787 2.60716 2.35787 3.53793 2.24261 2.01519 1.86134 1.73468 3.26159 2.46662 3.10826 2.47544 2.17301 2.65163 2.4201 2.0511 2.15379 1.97573 1.85892 1.85549 1.80368 2.20284 1.72789 2.5213 2.20583 1.87401 2.35734 1.80056 1.70139 2.96735
threshold=0.20641264319419864 0.38000001013278967 -0.14733333140611646 -0.51074999570846547 1.3000000119209292 0.059650000184774406 3.3686666488647465 0.012666666880249979 -0.35092376172542566 -0.001523430924862623 -1.0979999899864195 1.5000000000000002 0.027029038406908516 0.60090002417564403 0.53999999165534984 0.15896825492382052 -8.8258118629455549 0.63545000553131115 -2.2840000391006465 0.097833331674337401 1.6333333253860476 -0.46475000679492945 -0.74175000190734852 -0.51377779245376576 -22.499999999999996 -1.9499999880790708 -0.9904000163078307 -0.041500000283122056 0.34010188281536108 0.55404999852180492
decision_type=2 2 2 2 2 2 2 2 2 2 2 2 2 2 2 2 2 2 2 2 2 2 2 2 2 2 2 2 2 2
left_child=7 4 -3 5 6 -4 22 9 -9 -1 11 17 14 15 28 16 -14 -11 -13 -17 21 -10 23 -2 -24 27 -27 -25 -12 -30
right_child=1 2 3 -5 -6 -7 -8 8 20 10 12 18 13 -15 -16 19 -18 -19 -20 -21 -22 -23 24 25 -26 26 -28 -29 29 -31
leaf_value=0.00013897126726104144 0.023141745934481397 -0.0061136840315999313 -0.017252927569270333 0.0072885967967648013 0.012622779250584771 0.0012552876138255426 -0.0029360012360191289 -0.015034725370889835 0.018068327484009751 -0.033075825226108413 5.3635412534288852e-05 0.0084391509341187557 -0.0012817879544509722 0.0028450042820937246 -0.010231179406119463 -0.0001538164759686385 -0.016656205341471643 -0.017277842832938765 -0.044215507698840723 0.017230803702609654 -0.0030383132778470838 0.0021207663777646664 -0.056486486761138349 -0.028933252390434386 0.00070309432947350872 -0.0067564174159286533 0.010289280597267631 0.0051018365043447242 -0.014711685443727522 0.0012362469292747328
leaf_weight=502 49 350 26 191 201 23 31 32 49 93 120 33 219 57 39 98 27 28 20 55 48 142 26 34 805 27 98 28 37 35
leaf_count=502 49 350 26 191 201 23 31 32 49 93 120 33 219 57 39 98 27 28 20 55 48 142 26 34 805 27 98 28 37 35
internal_value=0.000120636 0.00123081 -0.00152542 0.00229167 0.00248268 -0.00969388 0.00159381 -0.00116279 0.00249077 -0.00188921 -0.00351336 -0.00948276 -0.00200146 0 -0.00595238 -0.0014411 -0.00426829 -0.0134298 -0.000471698 0.00310458 0.00449791 0.00667539 0.0019447 0.00572034 0.000872443 0.00307487 0.0066 -0.00403226 -0.00364583 -0.00972222
internal_weight=3523 1889 590 240 1299 49 1098 1634 271 1363 861 174 687 456 231 399 246 121 53 153 239 191 1067 236 831 187 125 62 192 72
internal_count=3523 1889 590 240 1299 49 1098 1634 271 1363 861 174 687 456 231 399 246 121 53 153 239 191 1067 236 831 187 125 62 192 72
is_linear=0
shrinkage=0.05


Tree=112
num_leaves=31
num_cat=0
split_feature=16 13 13 13 35 18 9 14 47 35 18 18 18 18 27 12 18 11 21 14 35 46 46 12 0 0 27 16 46 18
split_gain=1.68599 3.95951 2.40836 2.27888 3.2044 2.20031 2.92136 3.19858 2.50145 2.28484 1.98538 2.0366 1.90353 4.03574 1.93216 1.94857 1.71301 1.68168 1.80142 2.66248 1.95746 2.44057 3.11967 1.82653 1.68859 2.02603 1.95709 2.21509 2.15091 1.67553
threshold=0.29999999701976782 3.0640000104904179 3.3686666488647465 -0.71177777647972096 0.43725000321865087 0.28849206864833837 0.060181181877851493 0.22083333134651187 3.1229058504104619 4.9787499904632577 0.34203462302684789 0.36384847760200506 0.56729629635810863 0.5199495553970338 -3.4377499818801875 5.2781600952148446 0.5304073989391328 -0.95906516909599293 -0.23124999552965161 0.32916666567325598 0.060000000521540649 -0.37866666913032526 0.04983333311975003 2.9277592897415166 0.58000001311302196 0.21999999880790713 -0.035550000146031373 0.21999999880790713 0.25366666913032537 0.59525185823440563
decision_type=2 2 2 2 2 2 2 2 2 2 2 2 2 2 2 2 2 2 2 2 2 2 2 2 2 2 2 2 2 2
left_child=2 3 12 4 -2 6 -5 -8 10 -10 -7 -12 13 14 -1 17 -15 -16 20 24 21 -19 23 -23 25 -20 -26 -28 -29 -14
right_child=1 -3 -4 5 -6 8 7 -9 9 -11 11 -13 29 16 15 -17 -18 18 19 -21 -22 22 -24 -25 26 -27 27 28 -30 -31
leaf_value=-0.0072321473558699754 -0.037729295525281439 0.24800909906313429 -0.0036369389198435071 0.0046601103616877 0.0034020377011934944 0.0099620251841474605 0.0061086808954275221 -0.005459457536863944 -0.033489024012522899 0.0019884112215776575 -0.026172431652911995 0.00028821391400682547 0.0035199824163566207 -0.034121693202862735 -0.0016692467768569899 0.012620867893087518 -0.001139202794201834 0.014363080978256804 -0.00061281815799436 -0.0063531520520761393 0.017075322691039632 -0.019936315869884754 0.0064948840050990143 0.00078654212422999423 0.013506601615603015 0.003697927950546083 0.00096489674266971633 -0.024989813731484567 0.017117932566068889 0.0013632691234319568
leaf_weight=21 65 39 77 33 26 35 23 174 53 22 37 1166 137 36 53 84 209 37 170 41 70 39 59 30 30 226 64 109 22 336
leaf_count=21 65 39 77 33 26 35 23 174 53 22 37 1166 137 36 53 84 209 37 170 41 70 39 59 30 30 226 64 109 22 336
internal_value=0.000149021 -0.0010012 0.00118919 -0.00137699 -0.00906593 -0.000923526 -0.00543478 -0.00774112 -0.000133283 -0.009 0.000403877 6.23441e-05 0.00156514 0.000576923 0.00191943 0.00222437 -0.00520408 0.00157895 0.0020903 0.000755287 0.00585106 0.00287879 -0.000390625 -0.0076087 0.00157005 0.00353535 -0.00188889 -0.00371795 -0.00744275 0.00428118
internal_weight=3523 1673 1850 1634 91 1543 230 197 1313 75 1238 1203 1773 1300 1055 1034 245 950 897 662 235 165 128 69 621 396 225 195 131 473
internal_count=3523 1673 1850 1634 91 1543 230 197 1313 75 1238 1203 1773 1300 1055 1034 245 950 897 662 235 165 128 69 621 396 225 195 131 473
is_linear=0
shrinkage=0.05


Tree=113
num_leaves=31
num_cat=0
split_feature=3 47 16 19 12 27 45 12 22 37 45 21 1 14 36 12 12 45 20 18 12 56 44 27 10 3 27 2 18 9
split_gain=1.55151 2.53076 2.99364 2.62435 1.95986 2.21118 2.33273 1.77528 2.35338 2.40732 2.08481 1.81821 1.75906 2.56256 1.6571 2.29411 1.482 2.24507 2.2811 1.4356 1.39441 1.76063 1.6377 1.45108 1.5515 1.36015 1.50764 2.1329 2.52111 1.71001
threshold=0.20034662634134295 2.1932138204574589 0.38000001013278967 1.0000000180025095e-35 3.902423739433289 -0.0041499999351799479 -0.52191665768623341 0.57507911324501049 -0.28105001151561732 -0.28339999914169306 -1.314916670322418 0.87319999933242809 0.47499999403953558 0.25416666269302374 -0.21310000121593473 5.4294943809509286 4.4322006702423105 0.06841666623950006 0.5132499933242799 0.50314998626708995 1.0676095485687258 4.425999879837037 -9.4999999999999982 -0.23714999854564664 -10.453529357910154 0.23068684339523318 0.1244500018656254 0.58933332562446605 0.48380808532238012 0.19452987611293796
decision_type=2 2 2 2 2 2 2 2 2 2 2 2 2 2 2 2 2 2 2 2 2 2 2 2 2 2 2 2 2 2
left_child=-1 4 20 -4 7 14 -7 8 9 19 -9 -10 13 -8 15 -6 -14 -18 -19 -2 21 22 -3 24 -22 -12 27 29 -29 -27
right_child=1 2 3 -5 5 6 12 10 11 -11 25 -13 16 -15 -16 -17 17 18 -20 -21 23 -23 -24 -25 -26 26 -28 28 -30 -31
leaf_value=-0.00037998630805423025 -0.0018055199647712518 0.0043403001752823304 -0.052298122887961013 0.0010507883730155043 0.0061701398048440636 0.012703815387960586 -0.0011077514629647574 0.0079955930236652543 0.00053442839096026924 0.023822398400647406 -0.0072051998935303459 0.032011077641248588 0.0023905273033606781 0.016354852821778832 0.020850809095537604 -0.0028867093369279741 -0.013988904858335616 0.014793800450161815 -0.0013646920432470483 0.016568326276610725 -0.0021097877275270348 -0.0068705399880764758 0.018680274767564023 -0.012485575810540217 0.013895807886484014 -2.4408431742417581e-05 0.0010878945999545798 -0.0028335840207407512 0.0057538021381600048 -0.0085678901657337408
leaf_weight=1456 47 43 57 21 125 20 34 20 442 37 80 24 30 31 90 23 63 20 39 43 41 37 25 63 23 96 232 27 85 149
leaf_count=1456 47 43 57 21 125 20 34 20 442 37 80 24 30 31 90 23 63 20 39 43 41 37 25 63 23 96 232 27 85 149
internal_value=0.000219983 0.00110063 -0.00306452 -0.0115385 0.00183552 0.00457895 0.00116034 0.000819033 0.00282462 0.00885827 -0.000907112 0.00118026 -0.000345622 0.00653846 0.00798319 0.00472973 -0.00328947 -0.0057377 0.00127119 0.00444444 -0.000215517 0.00404762 0.00882353 -0.00374016 0.0015625 -0.00138266 -0.000551783 -0.00259104 0.003125 -0.00520408
internal_weight=3523 2067 310 78 1757 475 237 1282 593 127 689 466 217 65 238 148 152 122 59 90 232 105 68 127 64 669 589 357 112 245
internal_count=3523 2067 310 78 1757 475 237 1282 593 127 689 466 217 65 238 148 152 122 59 90 232 105 68 127 64 669 589 357 112 245
is_linear=0
shrinkage=0.05


Tree=114
num_leaves=31
num_cat=0
split_feature=16 44 14 18 14 47 16 18 6 44 20 51 20 18 14 10 11 44 18 47 12 20 18 51 14 11 51 12 18 51
split_gain=1.87041 4.24412 2.21223 2.58707 2.56559 3.90196 3.76075 2.69479 2.51436 1.9251 1.76033 1.76634 2.10287 1.77275 1.7377 3.98276 2.31209 1.69406 1.67792 1.68173 2.38323 1.6 1.53788 2.22088 2.54809 2.27969 2.21612 2.53267 2.53868 2.0093
threshold=0.29999999701976782 74.500000000000014 0.24583332985639575 0.21425396203994754 0.21249999850988391 3.6149495840072636 0.85999998450279247 0.40893332660198217 0.20555556192994121 90.500000000000014 -1.5587500333786009 -4.5985000133514395 1.732249975204468 0.76358386874198925 0.27916666865348821 -9.7639136314392072 0.25486487150192266 -9.4999999999999982 0.36911110579967504 0.26483985781669622 0.6739003360271455 -1.2507500052452085 0.56755554676055919 0.18750000000000003 0.045833334326744087 0.051330953836441047 0.49250000715255743 0.51467344164848339 0.47852697968482977 -5.6860001087188712
decision_type=2 2 2 2 2 2 2 2 2 2 2 2 2 2 2 2 2 2 2 2 2 2 2 2 2 2 2 2 2 2
left_child=9 2 4 -4 5 7 8 -2 -6 18 -9 -12 13 -13 15 16 -5 -8 19 20 -1 -3 23 25 -25 -20 -26 28 -28 -24
right_child=1 21 3 14 6 -7 17 10 -10 -11 11 12 -14 -15 -16 -17 -18 -19 22 -21 -22 -23 29 24 26 -27 27 -29 -30 -31
leaf_value=0.0088428734215111535 0.008756186549798279 0.041697549247840193 -0.016380686574765099 0.0030557888579941239 -0.00078035795627664497 -0.039499400752296798 -0.0035317726280328144 0.0080907623181937453 -0.034669774243394569 -0.017162279832832496 -0.044151811010119626 -0.0079387157998400595 0.027544366594278641 0.013200406592684712 -0.00019249544228678412 0.015405019450789684 -0.028481795632042475 0.041089718333833541 0.00094444536930460082 0.0050148104297837769 -0.00059748879373879189 0.41241587981169031 -0.046457574872062479 -0.015190298838878673 -0.0086702177297157956 -0.0017340533625199003 0.020624001357093691 -0.002124327921973031 -0.017420945173585209 0.0026274419197787266
leaf_weight=74 78 20 29 49 47 34 27 27 131 27 20 214 21 38 758 88 38 34 479 224 78 20 20 54 35 199 52 142 20 446
leaf_count=74 78 20 29 49 47 34 27 27 131 27 20 214 21 38 758 88 38 34 479 224 78 20 20 54 35 199 52 142 20 446
internal_value=0.000120636 -0.00109085 -0.001485 5.19751e-05 -0.00368852 -0.00138889 -0.00784519 0 -0.0115169 0.00121622 -0.00203125 -0.003157 -0.00210623 -0.00337302 0.00050911 0.005 -0.00258621 0.00286885 0.00141251 0.0043883 0.000328947 0.015 0.000639254 -0.0004842 -0.0040429 0.00110619 -0.00190763 0 0.00763889 0.00300429
internal_weight=3523 1673 1633 962 671 432 239 398 178 1850 320 293 273 252 933 175 87 61 1823 376 152 40 1447 981 303 678 249 214 72 466
internal_count=3523 1673 1633 962 671 432 239 398 178 1850 320 293 273 252 933 175 87 61 1823 376 152 40 1447 981 303 678 249 214 72 466
is_linear=0
shrinkage=0.05


Tree=115
num_leaves=31
num_cat=0
split_feature=13 3 45 18 36 27 14 11 28 50 26 53 18 5 16 17 36 18 20 2 47 17 10 26 2 46 11 10 37 20
split_gain=1.38467 2.2702 2.26817 2.04038 1.99924 1.99989 1.94783 2.31738 1.718 1.60427 3.49415 1.46507 1.28185 1.27088 1.26638 2.34353 3.58577 2.91757 2.68836 1.96371 1.87198 1.96986 1.81204 2.98993 2.35283 2.66944 2.06864 1.9016 1.50581 2.36311
threshold=-0.014666667208075522 0.25274377316236502 -2.909249901771545 0.20960185676813128 0.1678000018000603 -0.018199999816715714 0.40416666865348821 -0.35092376172542566 -0.12339999899268149 1.0000000180025095e-35 -0.69200000166892994 -0.12049999833106993 0.5986444652080537 0.52500000596046459 0.38000001013278967 0.45833332836627966 -0.19344999641180036 0.45180952548980718 -1.4444999694824217 1.1480000019073489 0.90696871280670177 0.62500000000000011 -10.421407222747801 0.28875000774860388 0.52599999308586132 -0.099833335727453218 0.020447318442165855 -10.230141639709471 -1.4114499688148496 -1.2507500052452085
decision_type=2 2 2 2 2 2 2 2 2 2 2 2 2 2 2 2 2 2 2 2 2 2 2 2 2 2 2 2 2 2
left_child=2 6 -1 4 5 -4 7 -2 -7 12 -11 -8 -3 -9 -5 16 18 -18 -16 20 21 -17 23 26 25 -24 -22 -26 -23 -30
right_child=1 9 3 14 -6 8 11 13 -10 10 -12 -13 -14 -15 15 19 17 -19 -20 -21 22 28 24 -25 27 -27 -28 -29 29 -31
leaf_value=-0.031633381524990137 -0.0063132274218997073 -0.011233905599375241 -0.010508427192479006 0.00043584639497644054 -0.012043550845192891 0.018555014399383601 0.00034220618298686157 0.005656018593023282 -0.0037723473413572243 -0.0018750829942050823 0.037741332581732082 -0.0021263175268320966 0.0059792431733453281 0.029829734640695917 0.00045920710028011239 0.019066514694189907 0.015459538381181788 -0.0044566352365921604 -0.049927560015235128 -0.03139892286133137 -0.020018709018187072 -0.0089531267199345378 0.010584994891339176 -0.062418715083535671 0.0066109206301813968 -0.0056001813303122646 0.01822790877588179 0.019674194841723499 0.0065418004599129111 -0.0013961917208207442
leaf_weight=22 30 102 27 2017 38 21 32 229 20 39 20 22 45 61 21 41 27 152 57 40 20 24 24 20 28 36 33 39 20 209
leaf_count=22 30 102 27 2017 38 21 32 229 20 39 20 22 45 61 21 41 27 152 57 40 20 24 24 20 28 36 33 39 20 209
internal_value=0.000526166 0.00275862 8.51499e-05 0.000205903 -0.00660377 -0.00147059 0.00508021 0.0065625 0.0054878 -0.00145631 0.00550847 -0.0037037 -0.0042517 0.00793103 0.000462963 -0.00123262 -0.00515564 -0.00125698 -0.0141026 0.000655431 0.00151822 -0.00102041 0.00525 -0.0010274 0.00885827 0.00166667 0.00518868 0.0152985 -0.00266798 -0.00141921
internal_weight=3516 580 2936 2914 106 68 374 320 41 206 59 54 147 290 2808 791 257 179 78 534 494 294 200 73 127 60 53 67 253 229
internal_count=3516 580 2936 2914 106 68 374 320 41 206 59 54 147 290 2808 791 257 179 78 534 494 294 200 73 127 60 53 67 253 229
is_linear=0
shrinkage=0.05


Tree=116
num_leaves=31
num_cat=0
split_feature=0 11 44 12 28 35 37 53 51 16 26 36 17 9 37 22 13 12 51 20 45 17 26 50 9 28 12 4 13 16
split_gain=1.10515 1.57216 1.21467 2.50174 1.13978 2.09444 2.06923 1.51054 1.98875 2.12803 1.46344 2.01782 2.24074 1.99803 1.77164 1.85582 1.72372 2.09904 1.58653 1.56466 1.65631 1.35641 1.18753 1.14166 2.1881 4.11203 2.32051 2.31807 4.58163 4.11101
threshold=1.1800000071525576 -0.16507472842931745 -20.499999999999996 1.0269004106521609 2.0149499177932744 5.4082500934600839 -3.713899970054626 0.075500000268220915 1.3075000047683718 0.25999999791383749 1.169000029563904 2.9895000457763676 0.29166667163372045 0.14757101237773898 1.7071999907493594 1.839699983596802 -0.046857142820954316 0.49549317359924322 1.7904999852180483 1.9587500095367434 2.3715833425521855 0.54166665673255932 3.6094999313354497 1.0000000180025095e-35 0.35261179506778723 -0.38415001332759852 0.2955061942338944 0.13999999687075618 -0.2357777804136276 0.29999999701976782
decision_type=2 2 2 2 2 2 2 2 2 2 2 2 2 2 2 2 2 2 2 2 2 2 2 2 2 2 2 2 2 2
left_child=2 -2 3 -1 10 6 -6 -8 9 -9 11 19 -13 -12 15 16 17 -15 -19 20 23 -7 -10 -4 26 -26 -25 29 -29 -28
right_child=1 -3 4 -5 5 21 7 8 22 -11 13 12 -14 14 -16 -17 -18 18 -20 -21 -22 -23 -24 24 25 -27 27 28 -30 -31
leaf_value=0.0016331763278319535 0.0060721172739080093 0.010246595569036111 -9.0415396999743444e-05 -0.015049603162753078 0.013280844396320013 0.0073010068181433938 -0.015422452552003686 -0.015585332366667587 -0.0047981544105013098 0.013437972841881807 -0.018696000800997117 -0.01996795282537854 5.5661331351322676e-05 -0.011137849402073435 0.016446068344023363 -0.0040906873209762386 -0.0014480051900462338 0.020120708917223049 0.0028537419558892054 -0.032415511895013703 0.01246279058725443 -0.0041689406688550047 -0.037585179487324566 0.0040665432321581778 0.00072405454362401995 0.01820189036289456 0.00048314139700481214 -0.00095652231698387666 0.0091696461513272581 -0.0071458820759062519
leaf_weight=23 21 68 1444 51 22 39 61 20 36 24 34 27 27 26 34 53 33 77 34 21 31 26 33 94 166 95 116 424 199 157
leaf_count=23 21 68 1444 51 22 39 61 20 36 24 34 27 27 26 34 53 33 77 34 21 31 26 33 94 166 95 116 424 199 157
internal_value=0.00039818 0.00589888 0.000255325 -0.00608108 0.000395169 -0.00277778 -0.00535714 -0.00718391 -0.00376106 0.00454545 0.000663001 0.000312388 -0.00925926 0.0040378 0.00554475 0.00392377 0.00647059 0.00894161 0.0119369 0.000500546 0.000605282 0.005 -0.00905797 0.000473098 0.00157874 0.00565134 0.000505051 -0.000279018 0.00140449 -0.00412088
internal_weight=3516 89 3427 74 3353 261 196 174 113 44 3092 2801 54 291 257 223 170 137 111 2747 2726 65 69 2695 1251 261 990 896 623 273
internal_count=3516 89 3427 74 3353 261 196 174 113 44 3092 2801 54 291 257 223 170 137 111 2747 2726 65 69 2695 1251 261 990 896 623 273
is_linear=0
shrinkage=0.05


Tree=117
num_leaves=31
num_cat=0
split_feature=35 13 20 11 13 50 51 4 14 13 13 28 2 10 21 7 13 37 46 37 14 20 11 14 7 53 50 28 13 46
split_gain=1.31066 2.09423 2.08488 1.37212 1.60602 2.47672 2.74954 1.94521 2.92196 3.21041 2.30885 2.85506 2.65326 2.5517 2.52064 2.17531 2.16898 2.1264 2.10854 2.20229 1.83232 2.7177 1.77989 1.76639 1.73724 1.72791 2.31055 2.88921 3.17442 1.72079
threshold=-7.3970000743865958 3.6980000734329228 -9.9872498512268049 -0.50836786627769459 -0.014666667208075522 1.0000000180025095e-35 -0.21249999850988385 0.1799999997019768 0.22083333134651187 -0.1858333349227905 -0.28599999845027918 -2.1342999935150142 0.52599999308586132 -10.652754783630369 -0.83184999227523793 1.0000000180025095e-35 -0.071555554866790758 -2.2635999917984004 0.19416666775941852 -0.51979997754096974 0.21249999850988391 -1.2084999680519102 0.0034524044021964078 0.20416666567325595 1.0000000180025095e-35 2.3585000038146977 1.0000000180025095e-35 2.0149499177932744 -0.054666668176650994 -0.1845000013709068
decision_type=2 2 2 2 2 2 2 2 2 2 2 2 2 2 2 2 2 2 2 2 2 2 2 2 2 2 2 2 2 2
left_child=1 -1 -2 -4 7 6 -6 8 23 -10 12 -12 17 14 -14 18 -17 -9 19 -11 21 -19 -22 -5 -15 26 27 28 29 -13
right_child=2 -3 3 4 5 -7 -8 10 9 15 11 25 13 24 -16 16 -18 20 -20 -21 22 -23 -24 -25 -26 -27 -28 -29 -30 -31
leaf_value=-0.019570724555612679 0.0064148668502755054 0.042686393302989248 0.00082325127630477517 -0.00011044515986825544 -0.00716824621681656 0.0038741342142867364 0.0022460064996747977 -0.025670765310800328 -0.026487721502774952 -0.0090197776176847797 0.032269273738939688 -0.0058362570391292268 0.010555946872360479 0.0044481153340940388 -0.0024758396046561429 0.010263680116811951 -0.0024613169804575939 0.012692803411921078 -0.01418303700395201 -0.00059953355608200203 -0.028380595657735593 -0.00062593208418340878 -0.0076701787623534084 0.013021659942362346 -0.0083962306496107152 0.017971995608062601 0.0032284169827491386 -0.016981529632017874 -0.0091540057177065329 0.0015337301887157111
leaf_weight=52 22 20 246 347 51 156 297 31 33 54 36 40 48 563 243 31 22 20 44 194 30 157 105 31 74 71 230 20 47 201
leaf_count=52 22 20 246 347 51 156 297 31 33 54 36 40 48 563 243 31 22 20 44 194 30 157 105 31 74 71 230 20 47 201
internal_value=0.000426621 -0.00625 0.000566202 0.000467563 0.000188917 0.00277778 0.000431034 -0.000299401 -0.00244709 -0.00555556 0.000548017 0.0029845 -0.000688434 0.000700431 -0.00317869 -0.00413043 0.00518868 -0.00444606 -0.00582192 -0.00403226 -0.00320513 0.000141243 -0.00759259 0.000661376 0.00247253 0.0021757 0.00120818 -0.00162338 -0.000347222 0.00197095
internal_weight=3516 72 3444 3422 3176 504 348 2672 756 378 1916 645 1271 928 291 345 53 343 292 248 312 177 135 378 637 609 538 308 288 241
internal_count=3516 72 3444 3422 3176 504 348 2672 756 378 1916 645 1271 928 291 345 53 343 292 248 312 177 135 378 637 609 538 308 288 241
is_linear=0
shrinkage=0.05


Tree=118
num_leaves=31
num_cat=0
split_feature=47 53 13 11 9 9 47 17 9 21 18 0 44 11 13 28 5 46 46 35 35 49 17 21 4 18 51 11 13 2
split_gain=1.22875 2.07806 1.35718 1.34003 1.93096 1.53476 1.44814 1.36706 1.33076 2.37533 1.95715 1.88919 5.23514 2.94302 3.22028 2.86259 2.11061 1.86608 2.33556 2.34903 2.77795 1.96183 1.66127 2.02999 1.84463 2.05406 2.58139 2.40732 2.22526 2.17049
threshold=2.670454859733582 3.2064999341964726 -0.12199999764561652 -0.44382856786251063 1.1378814578056338 1.0793727040290835 0.85297000408172619 1.0000000180025095e-35 0.54376775026321422 0.18169999867677691 0.72674912214279186 0.45999999344348913 -6.4999999999999991 0.010200286749750377 -0.058000000193715089 -2.1342999935150142 0.52500000596046459 -0.008499999996274708 -0.044999999925494187 -0.29549999535083765 -1.1140000224113462 1.5000000000000002 0.45833332836627966 0.41935001313686376 0.1799999997019768 0.57527408003807079 -1.6264999508857725 0.47779008746147161 -0.62733334302902211 0.63133332133293163
decision_type=2 2 2 2 2 2 2 2 2 2 2 2 2 2 2 2 2 2 2 2 2 2 2 2 2 2 2 2 2 2
left_child=1 3 -3 4 6 8 7 -1 11 10 -10 12 -5 14 16 -13 -14 18 19 20 -15 -21 24 -24 -17 27 29 28 -26 -27
right_child=-2 2 -4 5 -6 -7 -8 -9 9 -11 -12 15 13 17 -16 22 -18 -19 -20 21 -22 -23 23 -25 25 26 -28 -29 -30 -31
leaf_value=0.0019438374170811798 -0.0017654888708899072 0.0044548602994817109 0.039015511213063209 -0.020725799987742956 -0.0040254816719618464 0.0061247076777073634 0.0083078078721537801 0.00049054200153189295 -0.0082568426991256553 0.001228315105718146 0.0074512452192804128 0.040667727938273668 0.00062574418574373736 0.012264206774800468 0.0089776729873644549 0.009325693485345515 -0.0061386838655247637 2.8327781322773361e-05 -0.0083918668732717028 0.0033545278092348752 -0.0066734238659730827 -0.0030370985130101559 0.0031301117021612481 -0.0083880437567001379 0.0026691345497188881 -0.021279149426280983 0.0045635861666831427 -0.015430790193359772 -0.0010819343721246114 0.0025567806871348523
leaf_weight=25 382 35 38 115 23 125 28 194 147 102 30 37 233 23 149 64 55 313 47 105 44 38 264 27 69 39 180 75 421 89
leaf_count=25 382 35 38 115 23 125 28 194 147 102 30 37 233 23 149 64 55 313 47 105 44 38 264 27 69 39 180 75 421 89
internal_value=0.000583049 0.000909381 0.00924658 0.000710552 0.00407407 0.000385167 0.00536437 0.00399543 0.000131283 -0.0031362 -0.00663842 0.000513196 -0.000980392 0.000173784 0.00326087 0.00183794 0.000173611 -0.00219298 -0.00535019 -0.00309524 -0.0108209 0.000524476 0.00142508 0.00472509 0.000400213 -0.000200458 0.00308442 -0.00199115 -0.000714286 -0.00234375
internal_weight=3516 3134 73 3061 270 2791 247 219 2666 279 177 2387 1122 1007 437 1265 288 570 257 210 67 143 1228 291 937 873 308 565 490 128
internal_count=3516 3134 73 3061 270 2791 247 219 2666 279 177 2387 1122 1007 437 1265 288 570 257 210 67 143 1228 291 937 873 308 565 490 128
is_linear=0
shrinkage=0.05


Tree=119
num_leaves=31
num_cat=0
split_feature=47 3 12 53 44 9 46 3 11 16 18 17 53 37 53 46 20 21 11 20 26 12 5 11 10 10 12 20 21 51
split_gain=1.22609 2.27468 2.60109 1.69273 1.65621 1.61349 1.52011 1.43215 2.18006 1.83478 1.55783 1.40582 3.1446 2.82514 2.50953 2.40309 2.30558 2.03543 1.76663 1.40322 1.91356 1.53798 2.08643 1.90287 1.55649 1.81943 1.39046 1.27257 1.22025 1.54091
threshold=2.670454859733582 0.18713862448930743 0.93976867198944103 3.2064999341964726 -2.4999999999999996 1.288763761520386 -0.34516666829586024 0.20034662634134295 -0.001523430924862623 0.90000000596046459 0.62674692273139965 0.20833333581686023 0.65549999475479137 -1.9696499705314634 1.750500023365021 0.30916666984558111 -1.408500015735626 -0.069299999624490724 0.51539152860641491 1.1094999909400942 1.2707499861717226 4.8139317035675058 0.52500000596046459 0.34478330612182623 -9.9233865737915021 -9.6361823081970197 4.054615020751954 1.5975000262260439 0.019550000317394737 0.73550000786781322
decision_type=2 2 2 2 2 2 2 2 2 2 2 2 2 2 2 2 2 2 2 2 2 2 2 2 2 2 2 2 2 2
left_child=3 6 -3 7 -5 26 -2 8 9 10 27 12 16 -13 -14 19 -10 -18 -19 21 -21 23 -23 24 -15 -26 -4 28 29 -1
right_child=1 2 5 4 -6 -7 -8 -9 11 -11 -12 13 14 15 -16 -17 17 18 -20 20 -22 22 -24 -25 25 -27 -28 -29 -30 -31
leaf_value=0.00043116455743451125 -0.016106413874941251 0.00052373604613414892 -0.034851332963952424 0.00058979180510683189 0.040448772351757693 -0.00026236895209353592 0.0046761099176171883 0.00067954538636680892 0.0076550934955545383 0.0030541385975975375 -0.0017124746351995486 -0.02049530924979065 0.012439893261410177 0.0034852279719041813 -0.0030555601880595117 0.004388310247656616 -0.029718676687393499 -0.0065727417721692747 0.0015704336416282772 -0.017480420274603149 0.00014658587243364664 0.0045379276022339734 -0.0078578161465709621 -0.02145652075531802 -0.013057930356875603 -6.0458277354791257e-05 0.00044440528166076745 -0.0099427406684847244 0.0037390101402017986 -0.0064725179351630387
leaf_weight=205 29 117 91 35 38 38 87 1803 20 26 29 25 46 31 27 31 41 100 21 27 22 80 21 30 21 299 20 22 112 22
leaf_count=205 29 117 91 35 38 38 87 1803 20 26 29 25 46 31 27 31 41 100 21 27 22 80 21 30 21 299 20 22 112 22
internal_value=0.000711035 -0.00196335 -0.00451128 0.00103701 0.00856164 -0.00889262 0.00387931 0.000857563 -0.000437202 0.00252404 0.00166667 -0.00190024 -0.005 -0.000553663 0.00376712 0.000177936 -0.00851648 -0.0104938 -0.0072314 -0.000612053 -0.00867347 0.000207469 0.00569307 -0.00124672 -0.000213675 -0.00125 -0.0119369 0.00256233 0.00331858 0.00121145
internal_weight=3516 382 266 3134 73 149 116 3061 1258 416 390 842 255 587 73 562 182 162 121 531 49 482 101 381 351 320 111 361 339 227
internal_count=3516 382 266 3134 73 149 116 3061 1258 416 390 842 255 587 73 562 182 162 121 531 49 482 101 381 351 320 111 361 339 227
is_linear=0
shrinkage=0.05


Tree=120
num_leaves=31
num_cat=0
split_feature=37 0 20 9 12 12 22 18 9 45 22 22 20 12 20 10 35 56 56 56 13 28 36 13 11 11 11 53 53 8
split_gain=1.23332 2.25115 1.42185 1.45901 2.21277 1.62818 2.39606 2.01474 2.05396 1.72093 2.09595 2.21768 2.93334 2.1569 1.24787 1.21236 1.13421 1.75799 1.10606 2.41623 1.06765 2.40321 1.8331 1.63333 1.54889 3.0915 1.67162 1.29734 1.46904 2.1503
threshold=5.1263999938964853 0.34000000357627874 8.1789999008178729 1.3093235492706301 5.6247062683105478 4.9464702606201181 1.085600018501282 0.20960185676813128 0.15916388481855395 0.063999999314546599 0.034600000828504569 -0.50674998760223378 -1.0439999699592588 5.3293452262878427 3.8995000123977666 -10.260846138000487 3.7697499990463261 6.7884998321533212 1.6819999814033511 0.72050002217292797 -0.45600000023841852 -2.4156498908996578 0.68905001878738414 -0.63277778029441822 0.11126318946480752 0.006642326246947051 -0.50836786627769459 -4.0475001335144034 -3.1365000009536739 0.90000000596046459
decision_type=2 2 2 2 2 2 2 2 2 2 2 2 2 2 2 2 2 2 2 2 2 2 2 2 2 2 2 2 2 2
left_child=2 -2 3 5 -5 14 7 8 -7 10 11 12 -9 -12 16 -3 17 20 19 -8 21 -1 24 -24 25 26 -23 -26 -29 -30
right_child=1 15 -4 4 -6 6 18 9 -10 -11 13 -13 -14 -15 -16 -17 -18 -19 -20 -21 -22 22 23 -25 27 -27 -28 28 29 -31
leaf_value=-0.016862538626164981 -0.0006541109079978791 0.0039517219734200191 -0.017734545101379697 0.011732163362801898 -0.001877773060903059 -0.0087389784074926227 -0.00019753601117641212 0.010511056059738033 0.019088513627249649 0.014025254314174691 0.0008678602183020607 0.012754947754436774 -0.011699623719320425 -0.011968954231015495 0.010558138541074479 0.023577920631448104 0.0034297686579882695 -0.009343224003479934 0.0045931181543542119 -0.031025388277277313 -0.00030982637862941756 0.0019958644856581833 0.044131798872843991 0.0027818672583980134 0.037540164475369765 0.01412034638790427 -0.00069940344492487876 -0.056053120674915219 -0.027519712985021174 0.0070952324975707866
leaf_weight=23 44 21 23 117 24 22 35 55 21 124 22 55 36 21 30 33 34 23 28 20 2155 45 24 30 21 77 224 20 56 40
leaf_count=23 44 21 23 117 24 22 35 55 21 124 22 55 36 21 30 33 34 23 28 20 2155 45 24 30 21 77 224 20 56 40
internal_value=0.000592349 0.00612245 0.000433186 0.000517445 0.00549645 0.000300833 0.00313212 0.00491573 -0.00523256 0.0063099 0.00330688 0.00616438 0.00137363 -0.00639535 -0.000142755 0.012963 -0.000252525 -0.00036523 -0.00451807 -0.00863636 -0.000248619 0.00169643 0.0023743 0.0111111 0.00139752 0.00317919 0.000650558 -0.00310219 -0.00517241 -0.00260417
internal_weight=3503 98 3405 3382 141 3241 439 356 43 313 189 146 91 43 2802 54 2772 2738 83 55 2715 560 537 54 483 346 269 137 116 96
internal_count=3503 98 3405 3382 141 3241 439 356 43 313 189 146 91 43 2802 54 2772 2738 83 55 2715 560 537 54 483 346 269 137 116 96
is_linear=0
shrinkage=0.05


Tree=121
num_leaves=31
num_cat=0
split_feature=16 18 18 18 35 13 46 9 35 35 56 4 10 22 21 9 12 0 8 22 3 28 9 12 21 12 56 0 3 4
split_gain=1.17884 2.38142 3.12474 4.32658 2.61885 2.60898 3.34979 2.14021 2.18658 2.3179 2.31801 2.10538 2.19156 2.05316 2.15655 2.42927 2.04343 1.63225 1.63217 1.64205 2.03911 2.26654 2.94112 2.59072 2.32129 2.7864 1.87315 1.68056 1.66591 1.61684
threshold=0.25999999791383749 0.43721295893192297 0.44940739870071417 0.45883789658546453 1.8632500171661379 0.021999999880790714 -0.092166665941476808 1.1008676886558535 2.2367500066757207 -1.1447499990463255 -4.3529999256134024 0.1799999997019768 -12.928294658660887 -0.16434999555349347 -0.97695001959800709 0.15916388481855395 3.6316525936126713 1.1800000071525576 1.6999999880790713 -2.1660000085830684 0.12671032547950747 0.32504999637603765 0.36842332780361181 0.74766418337821972 0.05034999921917916 0.57507911324501049 -0.33149999380111689 0.65999999642372142 0.3007341623306275 0.1799999997019768
decision_type=2 2 2 2 2 2 2 2 2 2 2 2 2 2 2 2 2 2 2 2 2 2 2 2 2 2 2 2 2 2
left_child=17 4 -3 -4 -2 7 -7 8 9 13 -11 -8 -13 14 -5 -16 -6 -1 19 -12 -21 24 23 -23 -22 -26 27 -27 -24 -10
right_child=1 2 3 5 16 6 11 -9 29 10 18 12 -14 -15 15 -17 -18 -19 -20 20 21 22 28 -25 25 26 -28 -29 -30 -31
leaf_value=0.00038595514579090609 -0.00061858245914686583 0.021757955907086596 -0.040122226682688097 -0.016019914475501995 -0.0061734373579996563 -0.010990944878839721 0.018499205616563878 -0.011370506519464718 -0.0016089970659585826 -0.025202716723844179 -0.03294131333147917 0.30370562030353443 0.00072086782373729618 0.023655219821411545 -0.017148346350904415 0.0091462292157258266 -0.022965500274669638 0.0048098815943257624 0.00063496898815316039 -0.0047151457940674303 -0.0011122388465650225 0.001420878214601773 -0.00195596282255813 -0.022846616148531521 0.020021206781867598 -0.016169328264278787 0.0053592079967510033 0.00052768969229288754 0.013979964377648903 0.010382152752744856
leaf_weight=1185 669 42 36 23 45 39 53 27 20 30 24 24 88 33 28 130 21 21 122 63 259 63 51 117 53 36 63 36 27 75
leaf_count=1185 669 42 36 23 45 39 53 27 20 30 24 24 88 33 28 130 21 21 122 63 259 63 51 117 53 36 63 36 27 75
internal_value=0.000392521 -0.000272094 0.000832266 0.000460526 -0.00261905 0.000876011 0.00612745 3.90625e-05 0.000339186 -0.000259067 -0.00132415 0.00924242 0.00535714 0.00443925 0.00234807 0.00443038 -0.0121212 0.00165837 -0.000875274 -0.00170455 -0.00130208 -0.000531915 -0.00426357 -0.00777778 0.00162192 0.00585106 0.00203704 -0.00347222 0.00384615 0.00763158
internal_weight=3503 2297 1562 1520 735 1484 204 1280 1253 1158 944 165 112 214 181 158 66 1206 914 792 768 705 258 180 447 188 135 72 78 95
internal_count=3503 2297 1562 1520 735 1484 204 1280 1253 1158 944 165 112 214 181 158 66 1206 914 792 768 705 258 180 447 188 135 72 78 95
is_linear=0
shrinkage=0.05


Tree=122
num_leaves=31
num_cat=0
split_feature=11 27 35 11 14 13 16 13 16 53 13 9 47 14 14 8 13 13 47 20 14 9 11 10 16 51 53 5 13 9
split_gain=1.30395 1.70107 1.70494 1.80153 1.49552 1.37052 4.25973 1.97523 1.90802 1.69466 1.63184 2.57215 1.60013 1.38218 3.94699 2.52577 2.27173 1.94018 3.08482 1.7152 1.65891 2.58614 2.1043 2.01004 1.85842 2.26852 2.39957 1.8418 1.62347 2.23868
threshold=-2.7991499900817867 -5.3254001140594474 -7.3970000743865958 -1.7683999538421629 0.19583333283662799 2.8888888359069829 0.38000001013278967 0.21266666799783709 0.29999999701976782 7.6449999809265146 -0.018000000156462189 0.74687021970748912 0.4727479368448258 0.23749999701976779 0.21249999850988391 0.90000000596046459 -0.74733334779739369 -0.58733332157134999 3.1229058504104619 -1.1752499938011167 0.28749999403953558 0.085375923663377776 0.55351346731185924 -10.68334913253784 0.85999998450279247 3.1049998998641972 0.76800000667572033 0.075000001117587103 0.012666666880249979 0.20006661117076877
decision_type=2 2 2 2 2 2 2 2 2 2 2 2 2 2 2 2 2 2 2 2 2 2 2 2 2 2 2 2 2 2
left_child=-1 -2 4 -4 -3 7 12 8 9 10 -5 -12 -7 14 15 16 -10 -18 19 -19 21 -15 23 -23 25 26 27 -25 29 -21
right_child=1 2 3 5 -6 6 -8 -9 13 -11 11 -13 -14 20 -16 -17 17 18 -20 28 -22 22 -24 24 -26 -27 -28 -29 -30 -31
leaf_value=-0.0031986041071918291 0.039675491887605621 -0.016438551936339141 0.0013561166357907409 0.00025343393445395921 0.020511029393595157 -0.0050364136208653418 0.39234078197736305 -0.0056146717143716884 -0.056460795709844684 0.011708471551003997 0.011965509065082822 -0.012410616004732887 0.0022995658059421996 -0.0083820426439310432 -0.027888531238906635 0.014677852633275652 0.0284677016407755 0.0096008035915246988 -0.04178465982765403 0.0012095186166096673 -0.0003823846632501932 -0.0019154888883096133 -0.010751818187972818 0.032645350546151898 0.038668728380742118 0.032178456898441857 -0.0064786072182841607 0.00057682199574273093 0.0067144198621673316 -0.011873719393390138
leaf_weight=25 20 37 29 1460 22 28 23 26 27 30 157 23 22 31 146 48 37 29 31 83 726 39 23 27 58 35 41 63 57 100
leaf_count=25 20 37 29 1460 22 28 23 26 27 30 157 23 22 31 146 48 37 29 31 83 726 39 23 27 58 35 41 63 57 100
internal_value=0.000378247 0.000460035 0.00037594 0.000522212 -0.00805085 0.00041543 0.00719178 0.000265393 0.000374503 0.00155689 0.00134146 0.00583333 -0.001 -0.000858838 -0.00286738 -0.000364078 -0.00178571 -0.000667656 -0.002 -0.00027881 0.000215724 0.00323344 0.00472028 0.00598859 0.0078125 0.00512048 0.00209924 0.00666667 -0.00166667 -0.00396175
internal_weight=3503 3478 3458 3399 59 3370 73 3297 3271 1670 1640 180 50 1601 558 412 364 337 300 269 1043 317 286 263 224 166 131 90 240 183
internal_count=3503 3478 3458 3399 59 3370 73 3297 3271 1670 1640 180 50 1601 558 412 364 337 300 269 1043 317 286 263 224 166 131 90 240 183
is_linear=0
shrinkage=0.05


Tree=123
num_leaves=31
num_cat=0
split_feature=37 0 28 37 45 0 18 46 28 46 28 45 3 37 27 18 36 53 14 44 48 14 45 14 14 21 46 8 46 3
split_gain=1.51772 1.60444 1.33517 1.79758 1.65136 1.25764 1.55741 1.27345 1.31336 2.24664 1.92072 1.743 2.22108 1.60862 1.5377 1.46206 2.14927 1.38967 1.92035 1.98686 2.3613 2.16723 1.86702 1.60958 1.78052 2.02745 2.73008 2.94862 2.03626 1.58334
threshold=9.404299736022951 0.34000000357627874 1.954599976539612 -3.713899970054626 5.1666665077209482 0.059999998658895499 0.50206348299980175 4.490166664123536 -0.34550000727176661 -0.29450000822544092 -0.31659999489784235 0.75841665267944347 0.23068684339523318 1.7071999907493594 -0.11789999902248381 0.2363240718841553 0.11495000123977663 -2.1855000257492061 0.070833336561918273 -1.0000000180025095e-35 1.0000000180025095e-35 0.32916666567325598 -0.363916665315628 0.30416667461395269 0.12083333358168603 -0.24709999561309812 0.022166666574776176 0.83333334326744091 0.032833334058523185 0.29734541475772863
decision_type=2 2 2 2 2 2 2 2 2 2 2 2 2 2 2 2 2 2 2 2 2 2 2 2 2 2 2 2 2 2
left_child=2 -2 5 -4 -5 6 -1 8 9 14 -10 15 -13 -12 -7 16 -11 22 -19 21 -21 23 29 24 -20 28 -27 -28 -26 -17
right_child=1 -3 3 4 -6 7 -8 -9 10 11 13 12 -14 -15 -16 17 -18 18 19 20 -22 -23 -24 -25 25 26 27 -29 -30 -31
leaf_value=-0.0034898552249434099 1.1934714061093143e-05 0.029531433958925359 0.0055530335200922589 -0.010997256793594404 0.0041092921694831346 0.00097816322763882033 0.001686393043099723 0.0089279832152339145 0.011479780011382458 0.00078158092751400433 0.00026108405579319816 -0.025935190428991131 6.8238374131959767e-05 0.0089474601444893415 -0.013668857005396995 0.0025084872601351242 -0.01850304353812025 -0.00559544756179816 0.0041267553739374333 0.047449007618987404 0.0029830030177690815 -0.0015257880078328569 -0.015786009605600226 0.02780207074791138 0.024525395273585472 -0.0034351732931735949 -0.0092307633787887707 0.0097814540891207787 -0.00056916116355164585 -0.0047560189385432439
leaf_weight=108 25 20 23 174 33 21 27 34 28 32 1984 23 30 60 72 151 27 32 26 21 53 108 22 27 31 100 29 63 23 96
leaf_count=108 25 20 23 174 33 21 27 34 28 32 1984 23 30 60 72 151 27 32 26 21 53 108 22 27 31 100 29 63 23 96
internal_value=0.000321153 0.00944444 0.000202429 -0.00347826 -0.00495169 0.000464684 -0.00425926 0.00067087 0.00056391 -0.000937183 0.00127896 -0.000167785 -0.00896226 0.00110078 -0.00833333 0.000386445 -0.00720339 0.000959079 0.00248538 0.00327443 0.0108108 0.00190418 -0.00195167 0.00409699 0.00294118 0.00162602 -0.00078125 0.00543478 0.0101852 -0.000708502
internal_weight=3503 45 3458 230 207 3228 135 3093 3059 987 2072 894 53 2044 93 841 59 782 513 481 74 407 269 299 272 246 192 92 54 247
internal_count=3503 45 3458 230 207 3228 135 3093 3059 987 2072 894 53 2044 93 841 59 782 513 481 74 407 269 299 272 246 192 92 54 247
is_linear=0
shrinkage=0.05


Tree=124
num_leaves=31
num_cat=0
split_feature=37 17 45 20 3 13 22 11 22 53 21 36 17 14 37 9 9 56 9 35 21 46 18 14 27 20 36 18 53 11
split_gain=1.62104 2.06294 1.53869 1.34867 1.3258 1.90976 2.45946 2.11225 1.81166 1.97436 1.69753 2.32393 2.99984 1.42788 1.39688 1.30596 2.07091 1.7637 1.80988 2.31101 2.40949 2.07044 1.58234 1.55873 1.52489 2.01273 1.73342 1.75148 1.77475 1.29766
threshold=5.1263999938964853 0.54166665673255932 2.8862500190734868 8.1789999008178729 0.19831921160221103 0.0042222223710268745 2.4362000226974492 0.36436101794242864 -1.0812000036239622 1.9520000219345095 0.11865000054240228 -0.074300002306699739 0.20833333581686023 0.29583333432674414 -0.40420000255107874 0.20913917571306231 0.07451020181179048 0.58049997687339794 0.064649082720279707 -0.1415000036358833 -0.083750002086162553 -0.067499998956918703 0.67797777056694042 0.23749999701976779 0.17689999938011172 -0.56000000238418568 -0.29700000584125513 0.40611852705478674 -1.1475000381469724 0.0048587182536721238
decision_type=2 2 2 2 2 2 2 2 2 2 2 2 2 2 2 2 2 2 2 2 2 2 2 2 2 2 2 2 2 2
left_child=3 2 -2 4 5 6 14 8 13 10 11 -10 -13 -7 -1 16 17 18 19 20 -16 -21 29 -19 25 -17 -27 -28 -29 -18
right_child=1 -3 -4 -5 -6 7 -8 -9 9 -11 -12 12 -14 -15 15 24 22 23 -20 21 -22 -23 -24 -25 -26 26 27 28 -30 -31
leaf_value=-0.0040645175436597103 0.022722510270444751 -0.0026832683471250036 0.003152596875199021 -0.015767090614410405 0.00043663125519943227 -0.005579878733399591 0.0016163559358436136 0.019722962569234538 -0.00635866611687122 0.0068774679371108819 -0.01012478538732014 -0.0025034870888045735 0.017524815423357931 0.023356018201524737 -0.0023452052259674509 0.0054801495621980226 -0.0013034204198214994 0.0056898773922240964 0.0041026752430665088 -0.01185895232562635 0.0092649741092684177 -0.0013312645305315538 0.0010911467531328572 -0.00094537143931194834 0.013470954476052458 -0.012163290101696906 0.003120082799583584 0.0057977144019108811 -0.0040041018009720555 -0.014595866472213859
leaf_weight=233 44 31 23 23 2143 22 28 39 51 23 26 23 44 26 29 34 121 37 26 35 22 43 20 33 58 31 23 24 71 117
leaf_count=233 44 31 23 23 2143 22 28 39 51 23 26 23 44 26 29 34 121 37 26 35 22 43 20 33 58 31 23 24 71 117
internal_value=0.000292606 0.00663265 0.0115672 0.000110132 0.000192194 -0.00110977 -0.0021066 0.00275591 0.000813953 -0.00164671 -0.00381944 -0.00127119 0.00485075 0.009375 -0.00253396 -0.00145028 -0.00295031 0.000555556 -0.00241935 -0.00484496 0.00343137 -0.0102564 -0.00600775 0.00714286 0.00155602 -0.00068306 -0.00318792 -0.000423729 -0.00342105 -0.00714286
internal_weight=3503 98 67 3405 3382 1239 985 254 215 167 144 118 67 48 957 724 483 225 155 129 51 78 258 70 241 183 149 118 95 238
internal_count=3503 98 67 3405 3382 1239 985 254 215 167 144 118 67 48 957 724 483 225 155 129 51 78 258 70 241 183 149 118 95 238
is_linear=0
shrinkage=0.05


Tree=125
num_leaves=31
num_cat=0
split_feature=46 18 18 16 13 4 27 56 2 13 51 46 14 1 13 56 10 21 2 5 12 20 9 12 46 35 21 46 44 9
split_gain=1.90913 2.1501 2.73239 2.33 2.54186 3.64919 2.48126 2.44452 2.38378 5.28208 2.19147 2.00639 1.94559 1.92959 2.46596 1.97425 2.80619 2.68315 1.88581 1.78223 1.74198 1.69031 1.67771 1.61543 1.58717 2.60243 2.72771 3.09442 1.92609 2.08729
threshold=-0.18083333224058148 0.48206734657287603 0.47676111757755285 0.97999998927116405 -0.018000000156462189 0.38000001013278967 -1.285549998283386 -1.6599999666213987 0.24511111527681353 -0.10955555737018584 -3.1184999942779537 0.17466666549444201 0.15416666865348819 0.47499999403953558 -0.1031111106276512 -1.1150000095367429 -8.6465110778808576 0.0057000000961124906 0.51800000667572033 0.42499999701976782 4.0010735988616952 -1.408500015735626 0.50115552544593822 0.46003319323062902 0.07816666737198831 -0.25625000894069666 0.50040000677108776 0.11683333292603494 -11.499999999999998 0.37218417227268225
decision_type=2 2 2 2 2 2 2 2 2 2 2 2 2 2 2 2 2 2 2 2 2 2 2 2 2 2 2 2 2 2
left_child=13 2 24 4 5 7 10 -3 12 19 -7 -5 -9 14 -1 -15 17 -17 -6 21 -21 -10 -8 -23 28 -26 27 -27 29 -2
right_child=1 3 -4 11 18 6 22 8 9 -11 -12 -13 -14 15 -16 16 -18 -19 -20 20 -22 23 -24 -25 25 26 -28 -29 -30 -31
leaf_value=-0.01980325766304878 -0.017380886700610599 -0.028952516783698725 -0.036224444537126067 -0.00011950310068018969 0.026956962780786232 0.011746576313371638 0.0027495071797620564 0.00053305763399274196 -0.018810745257023337 0.057757605077014974 0.028944653949869871 -0.010181473720691957 -0.0065257606545779424 0.0015831321260272981 0.0086604870989348149 -0.0093731944763729754 0.015255427643722081 -0.0015570580179323336 0.00069791074911967291 -0.00041066620109410265 0.0076971693256030543 0.0013371654081533874 -0.0037895913127381723 -0.0017511702293548698 0.0047771851404986637 0.0060974240850928457 0.0029023732139858691 -0.0051423377493314913 -0.0001687401692168791 0.0014994869057753102
leaf_weight=99 68 46 22 258 123 28 459 40 29 54 36 37 96 281 30 100 22 186 66 64 61 24 70 118 159 27 85 190 631 31
leaf_count=99 68 46 22 258 123 28 459 40 29 54 36 37 96 281 30 100 22 186 66 64 61 24 70 118 159 27 85 190 631 31
internal_value=0.000282486 0.000868179 -0.000721352 0.0020665 0.00296804 0.00206667 0.00476391 -0.00093985 0.000102881 0.00228571 0.0140625 -0.00194915 -0.00551471 -0.0020195 -0.00755814 -0.000806452 -0.00357143 -0.0048951 0.00833333 -0.000337838 0.0042 -0.00365497 0.00363894 -0.00140845 -0.000398825 0.00189805 -0.000827815 -0.00380184 -0.00184932 -0.00833333
internal_weight=3540 2822 1213 1609 1314 1125 593 532 486 350 64 295 136 718 129 589 308 286 189 296 125 171 529 142 1191 461 302 217 730 99
internal_count=3540 2822 1213 1609 1314 1125 593 532 486 350 64 295 136 718 129 589 308 286 189 296 125 171 529 142 1191 461 302 217 730 99
is_linear=0
shrinkage=0.05


Tree=126
num_leaves=31
num_cat=0
split_feature=11 46 0 46 0 2 3 19 2 20 11 22 28 13 28 12 9 35 51 20 50 28 51 20 11 56 37 0 11 8
split_gain=1.53255 1.34999 1.47404 2.28103 1.98982 3.56152 2.24642 3.58106 1.91327 1.89159 1.95715 2.05511 1.88473 1.88351 1.96484 1.91633 1.8647 1.86207 1.71793 2.09561 2.02527 3.0997 2.97806 2.28623 2.75066 2.23582 2.64946 1.89888 1.87888 1.73346
threshold=-2.7991499900817867 4.3568332195281991 0.85999998450279247 -0.23350000381469724 0.62000000476837169 0.53999999165534984 0.29734541475772863 1.0000000180025095e-35 0.75083333253860485 0.94874998927116405 0.0056441025808453569 0.80379998683929454 0.61405000090599071 -0.058000000193715089 -1.0320999622344968 5.0368902683258066 0.71152815222740184 -1.4290000200271604 3.3835000991821294 1.2220000028610232 1.0000000180025095e-35 0.34784999489784246 1.3379999995231631 -0.20624999701976773 0.0056441025808453569 -0.30750000476837153 -0.10949999839067458 0.13999999687075618 0.049376444891095168 1.2333333492279055
decision_type=2 2 2 2 2 2 2 2 2 2 2 2 2 2 2 2 2 2 2 2 2 2 2 2 2 2 2 2 2 2
left_child=-1 2 4 17 6 -6 13 9 16 10 11 -8 -11 14 15 -2 -7 -4 19 20 23 22 -22 24 -15 -25 -27 28 -28 -21
right_child=1 -3 3 -5 5 8 7 -9 -10 12 -12 -13 -14 18 -16 -17 -18 -19 -20 29 21 -23 -24 25 -26 26 27 -29 -30 -31
leaf_value=-0.0028855481329994907 -0.0057733769720862312 0.0057156952186903434 0.01057659545250016 0.0043869536637419215 -0.017753588954446932 -1.4845005141495005e-05 0.0018523692128068594 -0.0010692653491727684 0.018297317106152095 -0.014447714563458775 0.013882167422863212 -0.026211720711620558 0.001073920269978923 0.0016698192277992464 -0.00047355096624189627 0.00076872999705950235 -0.019312431897696766 -0.012639856917527781 0.020462880895096847 -0.023708880296110572 0.0017869026933875209 0.0072941806210241704 -0.011048014052825317 -0.020540671670395649 -0.0051459904476367536 0.013990758327758741 -0.014564940915679248 0.0024582784341782406 0.001267915212621107 0.00015147655074830015
leaf_weight=29 138 56 29 348 121 311 225 38 22 31 197 25 96 31 1036 24 41 58 59 27 239 26 23 22 57 24 40 121 23 23
leaf_count=29 138 56 29 348 121 311 225 38 22 31 197 25 96 31 1036 24 41 58 59 27 239 26 23 22 57 24 40 121 23 23
internal_value=0.000240113 0.000334662 0.000209841 0.00293103 -0.000182119 -0.00308081 0.000386139 0.00302288 -0.000668449 0.00400697 0.00553691 0.0026 -0.00137795 -0.000457397 -0.00166945 -0.00679012 -0.0015625 -0.00431034 0.00157343 0.000838415 0.00165017 0.0046875 0.00305344 -0.00110063 -0.00795455 0.00152174 0.003125 0.00108696 -0.00595238 -0.009
internal_weight=3540 3511 3455 435 3020 495 2525 612 374 574 447 250 127 1913 1198 162 352 87 715 656 606 288 262 318 88 230 208 184 63 50
internal_count=3540 3511 3455 435 3020 495 2525 612 374 574 447 250 127 1913 1198 162 352 87 715 656 606 288 262 318 88 230 208 184 63 50
is_linear=0
shrinkage=0.05


Tree=127
num_leaves=31
num_cat=0
split_feature=14 27 4 20 8 44 0 0 56 18 45 4 47 13 9 16 10 35 10 12 18 27 45 3 36 9 45 36 13 14
split_gain=1.46619 2.54823 2.44911 1.93124 1.803 2.93431 1.82647 2.17682 1.77237 1.68101 2.02007 1.62338 1.60108 1.54106 1.4812 1.47491 1.41692 1.33245 2.39201 2.61521 2.43276 2.23258 4.33192 2.23547 2.13568 2.09576 2.1992 1.94975 2.38595 3.65073
threshold=0.38750000298023229 0.061049999669194228 0.25999999791383749 0.15699999779462817 1.4333333373069765 -12.499999999999998 0.85999998450279247 0.93999999761581432 -5.2204999923706046 0.5609206259250642 -0.32991667091846461 0.25999999791383749 0.50638434290885936 0.014166666660457851 0.46050569415092474 0.34000000357627874 -9.7639136314392072 -0.18275000154972074 -9.5567545890808088 5.2781600952148446 0.238546296954155 0.52509999275207531 0.014166666660457851 0.23068684339523318 0.14119999855756762 1.3093235492706301 -2.909249901771545 -0.72114998102188099 0.0084444447420537489 0.17083333432674411
decision_type=2 2 2 2 2 2 2 2 2 2 2 2 2 2 2 2 2 2 2 2 2 2 2 2 2 2 2 2 2 2
left_child=4 11 3 -3 6 -6 17 12 -9 10 -10 -2 -8 15 -12 -11 -13 18 19 25 -20 23 -23 27 -22 26 -1 -19 29 -29
right_child=1 2 -4 -5 5 -7 7 8 9 13 14 16 -14 -15 -16 -17 -18 21 20 -21 24 22 -24 -25 -26 -27 -28 28 -30 -31
leaf_value=-0.029392732464823681 -0.0029888651260429515 0.00015647982830756246 -0.0033244102525050744 0.0086999527106244763 -0.0044652945332541178 0.0035875030289101526 -0.00026658896534066808 -0.022235626052448876 0.0094378334282018556 0.00053684990168924817 -0.0070777304321219432 -0.008657322851704341 0.033260983360602361 0.010381093591311064 0.0077139199712004843 -0.012916866635287639 0.0010786944854618064 0.0032344083139949301 -0.010320127011496667 0.007219692398682559 0.0019690091989562758 -0.015384133868773351 -0.00014344377617198003 0.00091823843307530385 0.018787446927119669 0.0038362935473695453 -0.001785412977387798 -7.6111042337522164e-05 0.0037327680222566497 -0.010650852889112078
leaf_weight=29 110 29 25 27 41 386 24 44 70 89 27 37 53 39 34 47 33 23 27 59 279 115 172 565 53 26 420 310 111 236
leaf_count=29 110 29 25 27 41 386 24 44 70 89 27 37 53 39 34 47 33 23 27 59 279 115 172 565 53 26 420 310 111 236
internal_value=0.000254237 -0.00335249 0.00401235 0.00982143 0.000541324 0.00357143 8.76578e-05 0.00310304 0.00142857 0.00277778 0.00706107 -0.00666667 0.0107143 -0.000428571 0.000409836 -0.00294118 -0.000714286 -0.000443299 0.00109183 -0.00102996 0.00424791 -0.00133812 -0.00531359 -0.000421687 0.00542169 -0.00226316 -0.00306236 -0.00235294 -0.00285388 -0.00421245
internal_weight=3540 261 81 56 3279 427 2852 427 350 306 131 180 77 175 61 136 70 2425 893 534 359 1532 287 1245 332 475 449 680 657 546
internal_count=3540 261 81 56 3279 427 2852 427 350 306 131 180 77 175 61 136 70 2425 893 534 359 1532 287 1245 332 475 449 680 657 546
is_linear=0
shrinkage=0.05


Tree=128
num_leaves=31
num_cat=0
split_feature=14 20 28 16 9 18 18 13 17 4 45 21 4 14 18 17 51 56 10 18 10 50 10 21 26 27 10 46 36 28
split_gain=1.28215 2.06278 2.47522 2.05615 1.57021 1.55511 2.71857 2.63598 2.40785 2.29779 2.21864 3.09606 2.1429 2.16071 2.22717 1.91388 2.59335 3.44255 2.64772 3.12449 3.26667 2.13681 1.87369 1.75881 2.61927 1.74038 2.45646 1.91633 2.78655 2.07436
threshold=0.38750000298023229 -0.0067500001750886432 0.2449000030755997 1.4200000166893008 0.34357824921607977 0.48206734657287603 0.47676111757755285 -0.018000000156462189 0.54166665673255932 0.21999999880790713 -0.73591667413711537 -0.46745000779628748 0.1799999997019768 0.15416666865348819 0.55301588773727428 0.20833333581686023 2.2130000591278081 0.75900000333786022 -8.3447813987731916 0.45883789658546453 -9.8162269592285138 1.0000000180025095e-35 -10.060362815856932 0.03655000030994416 0.58774998784065258 -0.099649999290704713 -14.557687282562254 -0.28716665506362909 -0.10249999910593031 -0.26285000145435328
decision_type=2 2 2 2 2 2 2 2 2 2 2 2 2 2 2 2 2 2 2 2 2 2 2 2 2 2 2 2 2 2
left_child=5 3 -3 4 -2 6 8 12 15 -9 -10 -12 13 14 -7 16 17 18 19 21 -21 -1 -23 -15 -25 26 -14 28 29 -27
right_child=1 2 -4 -5 -6 7 -8 9 10 -11 11 -13 25 23 -16 -17 -18 -19 -20 20 -22 22 -24 24 -26 27 -28 -29 -30 -31
leaf_value=-0.00091768804485742881 -0.0016883914797042557 0.001821636988620161 -0.00028140811694197382 -0.016855440454883217 0.00080702462290777326 0.0020075869124945782 -0.034416302396475043 0.026998375708714807 -0.019596746877231525 0.0029778231667305604 0.01766583705997703 -0.004843416147925295 0.0075502699333687088 -0.010267252351837342 -0.0012656995014423149 0.00084158837106484974 0.010919296725398403 -0.01585940437196395 -0.022479801789263839 -0.028108986303677641 0.00073638552697634927 -0.0006661130124422127 0.0079551189556070594 0.0010570989009289072 -0.018481048355808948 -0.010705205706251815 0.0024107045627946898 0.00037630569023768473 -0.017543267864923218 0.0019863455815786637
leaf_weight=101 107 27 58 26 43 45 22 100 25 178 30 203 25 87 39 853 27 34 35 30 30 23 42 56 25 26 494 633 55 61
leaf_count=101 107 27 58 26 43 45 22 100 25 178 30 203 25 87 39 853 27 34 35 30 30 23 42 56 25 26 494 633 55 61
internal_value=0.000211864 -0.00316092 0.00323529 -0.00625 -0.004 0.000480329 -0.000738832 0.00145285 -0.00047104 0.00593525 -0.00484496 -0.00332618 0.000646831 -0.00357143 0.00297619 0.000489362 -0.00279503 -0.00415254 -0.00220307 -0.000221239 -0.01 0.00331325 0.0103846 -0.00684524 -0.00154321 0.00146832 0.00370906 -3.22581e-05 -0.00528169 0.000287356
internal_weight=3540 261 85 176 150 3279 1455 1824 1433 278 258 233 1546 252 84 1175 322 295 261 226 60 166 65 168 81 1294 519 775 142 87
internal_count=3540 261 85 176 150 3279 1455 1824 1433 278 258 233 1546 252 84 1175 322 295 261 226 60 166 65 168 81 1294 519 775 142 87
is_linear=0
shrinkage=0.05


Tree=129
num_leaves=31
num_cat=0
split_feature=46 2 13 2 51 47 51 36 22 13 16 16 19 11 35 16 13 28 36 35 44 46 8 11 37 35 16 36 3 8
split_gain=1.3483 1.15744 1.73589 1.52918 2.55078 2.22181 1.9283 2.23869 1.92522 1.26103 1.53301 1.65681 1.15563 3.26962 2.45656 1.56668 3.01996 2.1053 2.34209 2.17039 2.06444 3.41366 2.32717 1.8868 1.81642 1.6947 1.58902 2.74512 1.58165 1.48781
threshold=4.3568332195281991 0.81949999928474437 -0.54733332991600026 0.99177777767181408 -4.2269999980926505 3.4738855361938481 0.23550000041723254 -0.60029998421668995 -0.3214499950408935 0.0042222223710268745 0.97999998927116405 1.4800000190734866 1.0000000180025095e-35 0.016826829873025421 -0.45274999737739557 0.62000000476837169 0.021999999880790714 0.41574999690055853 -0.61680001020431507 0.11724999919533731 -12.499999999999998 0.22450000047683719 1.4333333373069765 0.006642326246947051 -0.068550001829862581 1.3075000047683718 0.45999999344348913 0.20054999738931659 0.33302292227745062 1.2333333492279055
decision_type=2 2 2 2 2 2 2 2 2 2 2 2 2 2 2 2 2 2 2 2 2 2 2 2 2 2 2 2 2 2
left_child=1 2 -1 4 -3 9 7 -6 -9 10 -5 -12 15 -14 -15 20 17 19 -19 23 21 28 26 29 -25 -20 -22 -28 -4 -17
right_child=-2 3 12 5 6 -7 -8 8 -10 -11 11 -13 13 14 -16 16 -18 18 25 -21 22 -23 -24 24 -26 -27 27 -29 -30 -31
leaf_value=-0.0045488998281153275 0.0045189813264527095 0.018776922214574249 -0.0051953443533422159 0.00049514104622331461 0.023222813868375658 -0.054529270017296266 0.019727648252650894 0.007030923316283833 -0.0063639396017429522 0.029263214369187884 -0.051922219646630241 0.0059805957134240646 0.00061227145294061596 -0.0062428593936614818 0.00030636018710452771 0.00076209125467469367 0.047242458089707021 0.019626456141504173 -0.018604025679018737 0.021570840749449972 -6.2198327708661385e-05 0.0023054126389342624 0.0020138402377939016 0.0086651328417388929 -0.0018702891674929072 0.001883953850938669 -0.026059763437158569 0.0007884833688141913 -0.054814967040332022 -0.020603581148845664
leaf_weight=51 56 45 174 184 22 24 20 41 102 34 33 21 85 62 33 47 27 20 39 37 1732 36 346 103 30 23 31 22 39 21
leaf_count=51 56 45 174 184 22 24 20 41 102 34 33 21 85 62 33 47 27 20 39 37 1732 36 346 103 30 23 31 22 39 21
internal_value=0.000338983 0.00021527 -0.000169033 0.00237643 0.00543478 0 0.00283784 0.00106061 -0.00122378 0.00128676 0 -0.00740741 -8.59993e-06 -0.00388889 -0.0102632 0.000247525 0.00338617 0.00203125 -0.00487805 0.00441176 -0.000210084 -0.00451807 0.00029329 0.00236318 0.00582707 -0.00967742 -0.000434174 -0.00896226 -0.00692488 -0.00441176
internal_weight=3540 3484 2958 526 230 296 185 165 143 272 238 54 2907 180 95 2727 347 320 82 238 2380 249 2131 201 133 62 1785 53 213 68
internal_count=3540 3484 2958 526 230 296 185 165 143 272 238 54 2907 180 95 2727 347 320 82 238 2380 249 2131 201 133 62 1785 53 213 68
is_linear=0
shrinkage=0.05


Tree=130
num_leaves=31
num_cat=0
split_feature=37 13 22 5 18 14 18 37 9 37 12 0 21 53 3 18 0 51 28 26 3 37 18 0 18 9 27 14 51 51
split_gain=1.4596 2.64037 3.04788 2.69067 2.73784 2.17653 1.97967 1.79722 1.76106 1.72478 1.66643 1.65724 2.9462 2.67374 3.0299 1.60477 2.14523 2.15456 2.10038 2.2159 1.52149 2.71371 1.8279 1.93863 1.85455 3.31044 2.76547 2.34749 2.28696 2.01209
threshold=-0.40420000255107874 -0.22000000625848767 -5.0834500789642325 0.52500000596046459 0.51742064952850353 0.32916666567325598 0.62674692273139965 -0.88210001587867726 0.24026839435100558 -0.64959999918937672 0.49549317359924322 0.29999999701976782 -0.73304998874664296 -0.071499999612569795 0.22581839561462405 0.44741667807102209 0.58000001311302196 -1.1225000023841856 -1.2117999792098997 -0.66374999284744252 0.11324555054306985 -1.0000000180025095e-35 0.62164199352264415 1.1800000071525576 0.63555553555488598 0.11663933843374254 0.4751999974250794 0.37916666269302374 -1.1970000267028806 0.88850000500679027
decision_type=2 2 2 2 2 2 2 2 2 2 2 2 2 2 2 2 2 2 2 2 2 2 2 2 2 2 2 2 2 2
left_child=1 2 -1 11 8 6 9 -7 -5 10 -4 -3 -13 -14 -15 -12 17 -17 -18 -20 21 -2 23 -22 28 -26 27 29 -24 -27
right_child=20 3 5 4 -6 7 -8 -9 -10 -11 15 12 13 14 -16 16 18 -19 19 -21 22 -23 24 -25 25 26 -28 -29 -30 -31
leaf_value=-0.036805484178832427 0.0014733569534058509 0.0017417320101868004 0.0085764345086990108 -0.014277494403557568 0.0035900640180939278 -0.012840928274705078 0.0021832464854967372 -0.033495180033294103 -0.00052020708440576326 -0.010404114569628774 0.0023380722369606144 -0.0079526649705814381 0.012822697008447648 -0.0046847509954169534 0.0058700955331299045 -0.058945932028617143 0.0072768064943206428 -0.0010221304680418986 -0.031015990658541482 -0.0010037962026013675 0.00064503241847797344 -0.0035857969995025094 -0.066019552235792575 0.013964387818816194 0.0038227056912525704 -0.0012513112276771841 0.017414636311949127 -0.015837279543085572 -0.00042196342588144976 0.01357284689044741
leaf_weight=25 38 146 62 54 26 42 73 27 52 63 40 59 101 33 29 25 31 27 21 38 2008 84 22 26 28 182 36 54 43 31
leaf_count=25 38 146 62 54 26 42 73 27 52 63 40 59 101 33 29 25 31 27 21 38 2008 84 22 26 28 182 36 54 43 31
internal_value=0.000311968 -0.0013347 -0.00400844 0.0012 -0.00492424 -0.00306236 -0.00157895 -0.0112319 -0.00849057 -0.00333876 -0.00143443 0.00339674 0.000675676 0.0041411 -0.00403226 -0.00384615 -0.00633803 -0.0144231 -0.00166667 -0.00720339 0.000940439 -0.0045082 0.00121399 0.00181908 -0.00189394 -0.000377644 -0.00189769 -0.00365169 -0.00961538 -0.00129108
internal_weight=3526 974 474 500 132 449 380 69 106 307 244 368 222 163 62 182 142 52 90 59 2552 122 2430 2034 396 331 303 267 65 213
internal_count=3526 974 474 500 132 449 380 69 106 307 244 368 222 163 62 182 142 52 90 59 2552 122 2430 2034 396 331 303 267 65 213
is_linear=0
shrinkage=0.05


Tree=131
num_leaves=31
num_cat=0
split_feature=12 3 12 28 11 11 50 18 51 53 14 9 17 26 45 36 3 44 3 5 22 51 8 14 21 0 14 20 28 8
split_gain=1.18524 3.25112 2.17893 2.20719 1.96011 2.52451 1.7934 2.1777 1.98967 2.13203 1.94553 1.77448 1.765 1.71372 1.69565 1.67988 1.60256 1.58727 1.86085 2.24313 2.07159 2.0325 1.58312 1.56005 1.53366 1.5267 1.81071 1.68596 1.58083 1.51828
threshold=1.3950487375259402 0.32893212139606481 3.2205183506011967 9.046300411224367 0.15685320645570758 -0.18368447571992871 2.5000000000000004 0.49184595048427587 -0.35199999809265131 -0.089499998837709413 0.045833334326744087 0.21212198585271838 0.20833333581686023 0.15974999964237216 -1.5320833325386045 -3.1537500619888301 0.1726275831460953 1.0000000180025095e-35 0.12671032547950747 0.32500000298023229 1.8802000284194949 2.2130000591278081 0.63333335518836986 0.32916666567325598 -0.30500000715255732 0.70000001788139354 0.20416666567325595 -1.114750027656555 -0.62424999475479115 1.0333333611488345
decision_type=2 2 2 2 2 2 2 2 2 2 2 2 2 2 2 2 2 2 2 2 2 2 2 2 2 2 2 2 2 2
left_child=1 15 3 29 5 11 8 -8 9 14 -10 16 13 -3 -6 -1 -4 18 -17 21 -21 -20 -13 25 -19 27 -27 28 -16 -2
right_child=2 12 4 -5 6 -7 7 -9 10 -11 -12 22 -14 -15 23 17 -18 24 19 20 -22 -23 -24 -25 -26 26 -28 -29 -30 -31
leaf_value=0.017362509825785882 -0.0059559918367434244 -0.0026251078306280041 -0.0011312090268244385 0.014323992262127983 0.0029953817318532309 0.0045080983363478353 -0.010769082946383119 0.020809462090663547 -0.0026495828539209888 -0.0078992882036797458 0.00098307885786720335 2.0027600317458981e-06 0.017887347044088748 0.010850949049653759 -0.0016767931057132758 -0.0031826489844400787 0.0020733431994302081 -0.0014011725699102349 -0.0015609969074436693 0.00138718490019972 -0.009663773106508268 0.0063686621563203046 -0.0089336450605688456 -0.009216747263973318 0.0065734180693462294 -0.0079268551678879917 0.021552107360257079 -0.022233612222559263 0.045159861756781515 -0.00083761749951867255
leaf_weight=20 245 37 39 21 23 254 20 33 27 24 359 106 120 30 36 123 65 24 439 685 40 33 55 73 69 26 25 95 21 359
leaf_count=20 245 37 39 21 23 254 20 33 27 24 359 106 120 30 36 123 65 24 439 685 40 33 55 73 69 26 25 95 21 359
internal_value=0.000425411 0.00141975 -0.000419727 -0.00284 0.000761124 0.00313102 -0.000853018 0.00801887 -0.00151622 -0.00441176 0.000906736 -0.000283019 0.00762032 0.0011194 -0.00326087 0.000610607 0.00480769 0.000406936 -3.78788e-05 0.00056391 0.00231034 -0.00211864 -0.00357143 -0.00434783 0.00672043 -0.0020936 0.00539216 -0.00460526 0.00219298 -0.00339404
internal_weight=3526 1620 1906 625 1281 519 762 53 709 323 386 265 187 67 299 1433 104 1413 1320 1197 725 472 161 276 93 203 51 152 57 604
internal_count=3526 1620 1906 625 1281 519 762 53 709 323 386 265 187 67 299 1433 104 1413 1320 1197 725 472 161 276 93 203 51 152 57 604
is_linear=0
shrinkage=0.05


Tree=132
num_leaves=31
num_cat=0
split_feature=37 22 14 22 0 13 18 26 45 45 0 6 18 5 0 56 3 22 0 36 53 16 37 37 17 0 45 3 13 6
split_gain=1.1286 1.17487 3.56713 2.26026 2.4081 2.20455 1.99178 1.89006 2.82313 2.78562 1.77255 2.0372 1.62919 2.39339 1.53798 1.70685 2.20343 1.51058 1.41671 1.37061 2.0633 1.35048 1.32091 1.36347 1.29274 1.36111 1.27023 1.15512 1.4571 2.78926
threshold=-8.8608999252319318 -2.4429500102996822 0.23749999701976779 -0.85624998807907093 0.45999999344348913 -0.32600000500679011 0.36384847760200506 -0.71924999356269825 -0.078583333641290651 -0.2519166618585586 0.34000000357627874 0.70000001788139354 0.28849206864833837 0.42499999701976782 0.81999999284744274 -2.9999999999999996 0.22581839561462405 -0.79379999637603749 0.4200000017881394 -0.25339999794960016 0.043500000610947616 0.85999998450279247 -3.713899970054626 -2.7354999780654903 0.29166667163372045 0.49999998509883886 -0.53508335351943959 0.15365386754274371 -0.10955555737018584 0.55000001192092907
decision_type=2 2 2 2 2 2 2 2 2 2 2 2 2 2 2 2 2 2 2 2 2 2 2 2 2 2 2 2 2 2
left_child=-1 2 5 4 10 -2 -4 8 9 14 12 -12 -3 -14 15 -6 -17 -5 -8 -9 -21 -20 -19 -24 25 -7 -18 -25 -29 -30
right_child=1 3 6 17 7 24 18 19 -10 -11 11 -13 13 -15 -16 16 26 22 21 20 -22 -23 23 27 -26 -27 -28 28 29 -31
leaf_value=-0.0083736606952401187 -0.035190614886708209 -0.023677208856514764 -0.00035182003775600105 0.0082055723827557658 -0.011828915366812236 -0.015497053465493543 0.040266062679093301 0.005895397956831961 0.018416441946554941 -0.014625601662646107 -0.0023291257622228777 -0.02947850756533792 0.009941105085849878 -0.0068350091539029663 0.0084775276337557322 -0.0051180662174475991 0.014441157648550163 0.0029928862437139992 0.021921099731860939 -0.017623248883180714 0.0016057210081373481 -0.00030799837718000628 -0.019052130823881144 -0.0007369837164593829 0.024855013817510652 0.0019901317626501934 0.00085301998147455376 6.2318138300537792e-05 -0.0005731920963714471 0.0042641703351171279
leaf_weight=29 29 31 23 33 38 20 41 25 30 20 24 32 31 41 39 20 29 21 32 69 26 20 20 463 20 25 20 1621 260 394
leaf_count=29 29 31 23 33 38 20 41 25 30 20 24 32 31 41 39 20 29 21 32 69 26 20 20 463 20 25 20 1621 260 394
internal_value=0.000340329 0.00042179 0.00404762 0.000190143 -0.003 -0.00319149 0.00991379 -0.000474684 0.00255102 0 -0.00801887 -0.0151786 -0.00412621 0 0.00239726 -0.000700935 0.00398551 0.000729018 0.013172 -0.00541667 -0.00815789 0.00769231 0.000602735 0.000507614 0.00192308 -0.00277778 0.00969388 0.00060263 0.00106593 0.0030581
internal_weight=3526 3497 210 3287 475 94 116 316 196 166 159 56 103 72 146 107 69 2812 93 120 95 52 2779 2758 65 45 49 2738 2275 654
internal_count=3526 3497 210 3287 475 94 116 316 196 166 159 56 103 72 146 107 69 2812 93 120 95 52 2779 2758 65 45 49 2738 2275 654
is_linear=0
shrinkage=0.05


Tree=133
num_leaves=31
num_cat=0
split_feature=37 14 11 14 16 11 12 36 37 20 48 16 0 13 9 14 45 53 27 18 18 50 13 16 14 3 14 27 36 13
split_gain=1.13186 1.11189 3.07568 2.5796 1.76095 1.9865 1.74395 1.67581 1.52554 2.38341 2.26803 2.23747 1.5713 2.12546 2.11209 1.43877 1.20961 1.37999 1.20384 1.95774 2.45893 1.24711 1.72941 1.30639 3.18923 1.92002 1.44111 1.32463 1.17869 1.71076
threshold=-8.8608999252319318 0.32916666567325598 -0.049547126516699784 0.30416667461395269 0.62000000476837169 0.28917710483074194 3.3502106666564946 -0.32725000381469721 -0.33309999108314509 -0.65274998545646656 1.0000000180025095e-35 0.45999999344348913 0.4200000017881394 -0.28000000119209284 0.28240698575973516 0.38750000298023229 0.79941666126251232 0.25749999284744268 -2.1948499679565425 0.49184595048427587 0.58161616325378429 2.5000000000000004 -0.43400000035762781 0.1799999997019768 0.12916667014360431 0.19831921160221103 0.029166667722165588 0.090999998152256026 -0.56504997611045826 -0.071555554866790758
decision_type=2 2 2 2 2 2 2 2 2 2 2 2 2 2 2 2 2 2 2 2 2 2 2 2 2 2 2 2 2 2
left_child=-1 3 -3 18 5 6 7 -5 9 10 11 -4 -10 14 -14 -15 17 -9 19 -2 -21 23 -23 24 25 26 -20 -28 -12 -30
right_child=1 2 8 4 -6 -7 -8 16 12 -11 28 -13 13 15 -16 -17 -18 -19 21 20 -22 22 -24 -25 -26 -27 27 -29 29 -31
leaf_value=-0.0079549776604781117 -0.0016099391658390861 0.019487060859644884 0.0092885743593094094 -0.019085905700500162 0.038845823347168601 -0.011212117715053113 0.026500437322181394 0.011221400555021521 -0.00091582482219932932 -0.0084792218705792739 -0.009342788689570591 -0.00094491991325240307 0.0024054722047826883 0.016388385858940965 -0.019536014977492668 0.00017765290924162127 0.03190530829833578 -0.0075723194156598009 -0.0087460368683376592 0.010907721808631976 -0.027911117868990157 -0.0089652383420337663 0.023428865403092504 5.5866479257103008e-05 -0.0086510945120794932 0.003621445820163641 0.0014898526379708928 -0.001029827116294547 -0.01260121836463618 0.00028559391732781717
leaf_weight=29 65 26 35 21 35 41 25 40 193 53 30 24 45 48 39 41 21 27 22 43 20 20 48 2220 66 95 27 26 53 48
leaf_count=29 65 26 35 21 35 41 25 40 193 53 30 24 45 48 39 41 21 27 22 43 20 20 48 2220 66 95 27 26 53 48
internal_value=0.000354509 0.000436088 -0.00145669 0.000856045 0.00619048 0.00414286 0.00708955 0.0043578 -0.0021757 -0.00524691 -0.00263158 0.00550847 -0.000136612 0.0033237 -0.00238095 0.00870787 0.00738636 0.00410448 0.000433635 -0.00429688 0.00198413 0.000673534 0.00735294 0.000488599 0.00402542 0.00764706 0.00166667 0.00613208 -0.00629771 -0.00371287
internal_weight=3526 3497 635 2862 210 175 134 109 609 243 190 59 366 173 84 89 88 67 2652 128 63 2524 68 2456 236 170 75 53 131 101
internal_count=3526 3497 635 2862 210 175 134 109 609 243 190 59 366 173 84 89 88 67 2652 128 63 2524 68 2456 236 170 75 53 131 101
is_linear=0
shrinkage=0.05


Tree=134
num_leaves=31
num_cat=0
split_feature=37 14 14 11 16 28 22 11 12 26 44 8 8 12 20 12 22 37 37 10 53 51 37 10 22 51 16 53 2 36
split_gain=1.13186 1.20632 2.79739 2.43892 2.29792 2.06859 2.97549 1.82927 1.72977 1.66732 1.69885 2.20557 1.44465 1.6466 2.05954 1.43018 1.48611 1.39627 2.04652 1.40629 1.34017 1.3619 1.28825 1.18095 1.11047 1.10769 1.10694 3.08425 1.73502 2.27839
threshold=-8.8608999252319318 0.32916666567325598 0.30416667461395269 -0.049547126516699784 0.49999998509883886 -0.30804999172687525 -1.3057500123977659 0.28917710483074194 3.3502106666564946 0.6187499761581422 -2.4999999999999996 1.7666666507720949 1.3666666746139529 1.8460538983345034 1.2220000028610232 2.3164778947830205 -0.85624998807907093 0.71015000343322765 -0.053600000217556946 -9.2747282981872541 -0.67750000953674305 -2.0895000696182247 -0.24909999966621396 -9.2501697540283185 -0.75554999709129322 0.051500000059604652 0.1799999997019768 -0.4679999947547912 0.5000000149011613 -1.0000000180025095e-35
decision_type=2 2 2 2 2 2 2 2 2 2 2 2 2 2 2 2 2 2 2 2 2 2 2 2 2 2 2 2 2 2
left_child=-1 2 26 -3 7 6 20 8 22 10 11 -7 -11 -14 -15 16 -8 18 -12 -20 21 -5 -4 -16 -17 -22 27 -2 -29 -30
right_child=1 3 4 5 -6 9 15 -9 -10 12 17 -13 13 14 23 24 -18 -19 19 -21 25 -23 -24 -25 -26 -27 -28 28 29 -31
leaf_value=-0.0075572287774542061 -0.015267084891784645 0.018512707816662633 -0.01367450884439622 0.00013700182052647086 0.030159850860793792 0.00038775938721081208 -0.0081997702249921901 -0.010651511829300457 0.025559605885855666 -0.018814471159633986 0.00064258214532082476 0.0081667631734987697 0.0079432731372529163 -0.010419772099566306 -0.0010759675189177668 -0.0045488252922154526 0.0023451729369193654 0.0011727348652344968 3.8866570655363489e-05 -0.0020331974218424031 -0.005963644767822047 0.014143642434760413 0.010422792700256457 0.0024525523217183032 -0.0080586297259655978 -0.00015483896718136646 4.4700766248056971e-05 0.0002554766525806979 0.0031838776291211375 0.0019453572743969043
leaf_weight=29 65 26 26 44 46 70 20 41 24 22 34 38 21 25 42 45 33 23 24 37 20 21 73 20 38 32 2402 94 31 60
leaf_count=29 65 26 26 44 46 70 20 41 24 22 34 38 21 25 42 45 33 23 24 37 20 21 73 20 38 32 2402 94 31 60
internal_value=0.000354509 0.000436088 0.000873515 -0.00153543 0.00642857 -0.0021757 -0.00563241 0.00365854 0.00670732 0.000280899 0.00287611 0.00740741 -0.00423077 -0.00185185 -0.00488506 -0.0106618 -0.00424528 -0.00127119 -0.00394737 -0.00942623 0.000213675 0.005 0.00378788 0 -0.014759 -0.00576923 0.000433635 0.0036 0.00689189 0.0118132
internal_weight=3526 3497 2862 635 210 609 253 164 123 356 226 108 130 108 87 136 53 118 95 61 117 65 99 62 83 52 2652 250 185 91
internal_count=3526 3497 2862 635 210 609 253 164 123 356 226 108 130 108 87 136 53 118 95 61 117 65 99 62 83 52 2652 250 185 91
is_linear=0
shrinkage=0.05


Tree=135
num_leaves=31
num_cat=0
split_feature=16 16 18 51 21 12 20 16 46 14 13 18 46 53 15 18 18 13 5 11 44 0 14 11 28 27 14 26 36 14
split_gain=1.37752 2.83443 2.02508 3.26815 2.67429 2.55885 2.25962 3.38578 2.34764 2.20643 2.05508 2.38798 2.01521 2.58446 1.83333 1.80408 1.77819 1.67014 1.96179 3.35503 2.54577 3.38591 2.30299 3.07922 3.03681 2.19565 1.8636 2.69118 2.45465 2.28209
threshold=0.97999998927116405 0.93999999761581432 0.56729629635810863 -0.48149999976158137 0.80099999904632579 2.9609140157699589 -1.3057500123977659 0.38000001013278967 -0.027166667394340035 0.12083333358168603 -0.62733334302902211 0.5609206259250642 0.091499999165534987 -1.4695000052452085 1.0000000180025095e-35 0.69346383213996898 0.60981348156929027 -0.42933334410190577 0.47499999403953558 0.16716564446687701 -10.499999999999998 0.74000000953674328 0.14583333581686023 0.2311523109674454 -0.67840000987052906 -1.0957999825477598 0.22083333134651187 0.087999999523162856 0.089050002396106734 0.29583333432674414
decision_type=2 2 2 2 2 2 2 2 2 2 2 2 2 2 2 2 2 2 2 2 2 2 2 2 2 2 2 2 2 2
left_child=1 2 10 6 9 -6 8 16 -4 -5 -1 17 -2 -14 -13 -11 -8 -12 20 26 22 25 -19 24 -24 -22 27 -20 29 -28
right_child=12 -3 3 4 5 -7 7 -9 -10 15 11 14 13 -15 -16 -17 -18 18 19 -21 21 -23 23 -25 -26 -27 28 -29 -30 -31
leaf_value=0.0028309506040172811 -0.00020158453367540941 0.029909595754630626 -0.0044800300061539431 0.00022800243022094401 -0.0217887424002444 0.0058606933649406074 0.010934080141194902 -0.046641068268996833 0.031375757568317231 0.011681886961070793 -0.0053495708730832486 0.0012244725931459838 -7.1500539253212264e-05 -0.011841876476092092 -0.0060352580887182298 -0.00063949783231072039 -0.0079119071689699901 0.00077760313871723928 -0.0022055810423101418 0.0020259323758485162 -0.0010382682297522844 -0.046889083699444833 0.0063555729908606811 -0.035372330984924726 -0.021263153907823185 0.0010651415325990342 -0.01005826573690001 0.0021420780718102552 -0.014344487637673787 0.00097338725036457687
leaf_weight=161 258 40 46 109 31 28 63 35 45 170 194 22 34 40 32 32 137 78 180 150 140 45 28 29 46 1041 41 88 71 60
leaf_count=161 258 40 46 109 31 28 63 35 45 170 194 22 34 40 32 32 137 78 180 150 140 45 28 29 46 1041 41 88 71 60
internal_value=0.000201497 0.000525143 0.00035461 0.00272989 0.00594595 -0.00381356 -0.000920245 -0.00351064 0.00576923 0.00779743 -0.000332502 -0.000723831 -0.00286145 -0.0101351 -0.0111111 0.0108911 -0.001 -0.000467823 -3.75563e-05 -0.00245763 0.000977257 0.00179445 -0.00455801 -0.00946602 -0.00405405 0.00230737 -0.00465909 -0.00205224 -0.00872093 -0.00371287
internal_weight=3474 3142 3102 696 370 59 326 235 91 311 2406 2245 332 74 54 202 200 2191 1997 590 1407 1226 181 103 74 1181 440 268 172 101
internal_count=3474 3142 3102 696 370 59 326 235 91 311 2406 2245 332 74 54 202 200 2191 1997 590 1407 1226 181 103 74 1181 440 268 172 101
is_linear=0
shrinkage=0.05


Tree=136
num_leaves=31
num_cat=0
split_feature=56 16 51 2 35 5 35 22 35 14 13 2 2 2 16 14 53 14 14 18 46 36 12 26 22 0 13 18 2 18
split_gain=1.69935 1.20555 1.50591 1.43641 3.04222 2.67224 2.21153 1.98749 1.81292 2.40365 1.98405 5.89122 4.00602 3.74797 3.58555 3.285 2.93524 2.44122 2.45818 2.3787 2.29239 2.1524 1.9332 1.86205 1.79288 1.79147 1.77924 2.25699 2.24005 2.93143
threshold=14.024999618530275 0.97999998927116405 2.3489999771118169 0.14355555921792987 5.4082500934600839 0.17500000074505809 3.9842499494552617 4.657099962234498 -6.5722501277923575 0.24583332985639575 -0.14111111313104627 0.43199999630451208 0.5000000149011613 0.30200000107288366 0.38000001013278967 0.22083333134651187 -1.1255000233650205 0.40416666865348821 0.095833335071802153 0.56755554676055919 0.091499999165534987 0.3835000097751618 0.70032981038093578 -3.8692499399185176 0.62450000643730175 0.70000001788139354 -0.3599999994039535 0.63899999856948864 0.58933332562446605 0.61073017120361339
decision_type=2 2 2 2 2 2 2 2 2 2 2 2 2 2 2 2 2 2 2 2 2 2 2 2 2 2 2 2 2 2
left_child=1 3 -3 6 7 -6 -1 8 9 -5 11 15 13 16 19 20 -12 18 22 -14 24 -20 -18 25 -10 -13 27 28 -25 -30
right_child=-2 2 -4 4 5 -7 -8 -9 10 -11 12 23 14 -15 -16 -17 17 -19 21 -21 -22 -23 -24 26 -26 -27 -28 -29 29 -31
leaf_value=-0.00043569110900662728 -0.01431428205784907 -0.0013420325393769224 0.0018420971009213084 -0.012200981279922293 1.9365150148931836e-06 0.015841727748220524 -0.0026134336325170705 -0.021365133929682412 0.00051387809515680003 0.013080908560732192 -0.027298946344173861 0.032020632562740424 -0.023068984242311932 0.028405491247614545 0.084283685323090732 -0.012112381521676119 0.0009372638138266387 -0.0022706418551250223 0.021313569961561498 0.0047820021738288953 -0.0078978015330730868 -0.0041815640413699123 -0.0085953600595939771 -0.0035206449887623878 -0.0031467366692739408 0.0050498873552225826 0.0032501884729061628 0.0051812851809996067 0.0015534685273412437 -0.01242552804081707
leaf_weight=425 22 309 23 50 31 36 21 43 182 24 21 25 113 175 36 175 69 23 177 33 89 49 26 220 48 21 368 114 466 60
leaf_count=425 22 309 23 50 31 36 21 43 182 24 21 25 113 175 36 175 69 23 177 33 89 49 26 220 48 21 368 114 466 60
internal_value=0.000215889 0.000304171 -0.00256024 0.000608974 0.00104712 0.0115672 -0.00201794 0.000776755 0.000955538 -0.00675676 0.00118474 0.000282805 0.00339335 0.00555556 -0.00302198 -0.00435223 0.00267123 0.00377907 0.00490654 -0.00650685 -0.00133229 0.00774336 -0.00184211 0.00208006 0.00130435 0.0119565 0.0017101 0.000465116 -0.000536193 0.00123574
internal_weight=3474 3452 332 3120 2674 67 446 2607 2564 74 2490 1768 722 540 182 494 365 344 321 146 319 226 95 1274 230 46 1228 860 746 526
internal_count=3474 3452 332 3120 2674 67 446 2607 2564 74 2490 1768 722 540 182 494 365 344 321 146 319 226 95 1274 230 46 1228 860 746 526
is_linear=0
shrinkage=0.05


Tree=137
num_leaves=31
num_cat=0
split_feature=3 12 12 46 37 22 18 18 51 10 28 20 18 10 18 18 10 56 27 51 36 51 16 9 46 36 2 13 27 22
split_gain=1.40331 1.7418 1.79 2.41714 2.02108 1.99061 1.71689 1.79756 1.76445 1.53989 1.87107 2.25545 2.37621 2.07988 2.35605 1.65976 1.6705 1.82044 2.04098 2.03541 2.41295 2.26244 1.77193 1.94103 2.74934 1.7228 1.5992 1.60119 2.31961 1.50893
threshold=0.22007652372121814 4.2936573028564462 0.56483963131904613 -0.10116666927933692 -1.0622500181198118 0.83525002002716076 0.52242678403854381 0.70906665921211254 -0.59349998831748951 -8.8865880966186506 -1.9217500090599058 -2.3270000219345088 0.29244443774223333 -10.497631072998045 0.5609206259250642 0.34203462302684789 -9.9647502899169904 1.153999984264374 -1.0957999825477598 -1.6010000109672544 -0.15309999883174893 -2.7899999618530269 0.21999999880790713 0.22242205590009692 -0.049333332106471055 -1.0000000180025095e-35 0.66999998688697826 -0.28599999845027918 0.1300499960780144 -1.0053499937057493
decision_type=2 2 2 2 2 2 2 2 2 2 2 2 2 2 2 2 2 2 2 2 2 2 2 2 2 2 2 2 2 2
left_child=-1 2 3 29 -5 -6 8 -8 -3 10 13 -12 -13 -4 -15 -14 17 18 -17 21 -21 -20 -18 24 -24 -22 27 -25 -29 -2
right_child=1 6 9 4 5 -7 7 -9 -10 -11 11 12 15 14 -16 16 22 -19 19 20 25 -23 23 26 -26 -27 -28 28 -30 -31
leaf_value=-0.00028798514421411183 -0.0021317709901830574 0.0085903736474236356 -0.0096602538265722973 0.011112570078611828 0.00042233288385035432 -0.028253831147238673 0.007882721353899563 -0.0054082252940675039 -0.00063167066423230889 0.0031084024330603672 -0.010804173031778386 -0.011506762445592312 0.0046564784948094134 0.033656663172328127 -0.0065269183287267997 0.015085798480449143 -0.010425530322076902 -0.01615371018911229 -5.7242931372142318e-05 -0.0065855398441408367 0.0062489416401757467 -0.022185064071147755 -0.014189774707028298 -0.025957986529766754 0.0044441069339158801 0.0022617640041598225 0.0050786368981819985 -0.015494667163159609 0.0091114621643503899 0.012674918704293263
leaf_weight=1621 24 84 41 21 366 37 150 21 122 53 35 43 23 43 21 22 33 30 144 36 22 51 30 41 41 100 24 30 21 144
leaf_count=1621 24 84 41 21 366 37 150 21 122 53 35 43 23 43 21 22 33 30 144 36 22 51 30 41 41 100 24 30 21 144
internal_value=7.19632e-05 0.00101187 0.000237127 0.00236486 0.000353774 -0.000434243 0.00404509 0.00774854 0.000970874 -0.00118778 -0.0017148 -0.00261708 -0.00198987 0.00452381 0.0101563 -0.00123457 -0.00172 0.000185185 0.00113333 0.000212465 0.00443038 -0.00320513 -0.00522727 -0.00334225 0.00316901 0.00778689 -0.00732759 -0.0103261 -0.00441176 0.00744048
internal_weight=3474 1853 1476 592 424 403 377 171 206 884 831 726 691 105 64 648 625 405 375 353 158 195 220 187 71 122 116 92 51 168
internal_count=3474 1853 1476 592 424 403 377 171 206 884 831 726 691 105 64 648 625 405 375 353 158 195 220 187 71 122 116 92 51 168
is_linear=0
shrinkage=0.05


Tree=138
num_leaves=31
num_cat=0
split_feature=6 13 16 49 51 50 56 46 22 9 53 17 17 37 4 37 16 16 10 56 13 27 36 10 20 35 14 9 53 27
split_gain=1.38977 3.17408 3.1424 2.13646 1.98496 1.8455 2.93788 3.27795 2.70403 1.72839 1.71144 2.03658 1.6883 1.62746 1.52087 1.50061 1.46796 2.32158 1.505 1.29059 1.26812 1.22996 1.42685 1.31593 1.22627 2.54072 2.3898 2.7937 2.05576 2.29264
threshold=0.90000000596046459 -0.18999999761581418 0.25999999791383749 1.0000000180025095e-35 -1.8759999871253965 1.0000000180025095e-35 -4.5429999828338614 -0.48250000178813929 -2.8298499584197994 0.20361831039190295 2.5074999332427983 0.62500000000000011 0.45833332836627966 -0.36660000681877131 0.13999999687075618 2.9456499814987187 1.1800000071525576 1.4200000166893008 -9.3748416900634748 -5.9255001544952384 0.018888888880610469 -1.285549998283386 -1.3511500358581541 -10.216719150543211 0.74224999547004711 2.8355000019073491 0.14583333581686023 0.45371010899543768 1.9520000219345095 0.30189999938011175
decision_type=2 2 2 2 2 2 2 2 2 2 2 2 2 2 2 2 2 2 2 2 2 2 2 2 2 2 2 2 2 2
left_child=5 2 3 -2 -4 16 13 -8 -9 12 -3 14 -6 19 20 -10 21 -18 -19 -7 -12 23 -23 -1 28 26 -26 -28 29 -24
right_child=1 10 4 -5 9 6 7 8 15 -11 11 -13 -14 -15 -16 -17 17 18 -20 -21 -22 22 24 -25 25 -27 27 -29 -30 -31
leaf_value=-0.00024147651300675707 0.0011735828092018701 -0.00023308082397775488 -0.056411536650292665 -0.0072513063830891237 -0.0066449935829737267 -0.0072567491318006111 0.024012130858988553 0.015440778431598731 0.00087555695513319572 -0.021494558003021635 -0.012272066750356098 0.038370009076615232 0.00037748160197043914 0.010530483209124692 0.018074119677229383 0.020704179531846192 -0.035696483938229627 -0.015019766352000065 0.0050080890678118996 -0.039005226344084945 0.02062792286756121 -0.013551233097952831 -0.00020166827604064835 0.03123343021724978 0.0172705670487792 -0.010754676145533349 -0.00097337505022140457 0.014126892829191771 0.022988461619464017 -0.0057396762406583847
leaf_weight=27 62 1114 21 44 64 35 22 45 646 39 61 20 30 32 31 27 32 21 66 22 20 34 516 32 55 51 154 35 30 86
leaf_count=27 62 1114 21 44 64 35 22 45 646 39 61 20 30 32 31 27 32 21 66 22 20 34 516 32 55 51 154 35 30 86
internal_value=1.43926e-05 -0.00112882 -0.00615385 0.000471698 -0.0107143 0.000889228 0.00268396 0.00371622 0.0031337 -0.00845865 -8.02568e-05 0.00530303 -0.00478723 -0.00589888 0.00267857 0.00234027 -0.000417032 -0.00567227 -0.00143678 -0.0109649 -0.000925926 0.000196078 -0.000234131 0.00720339 0.000134844 0.00279661 0.00491803 0.00224868 -0.00110759 -0.00174419
internal_weight=3474 1506 260 106 154 1968 829 740 718 133 1246 132 94 89 112 673 1139 119 87 57 81 1020 961 59 927 295 244 189 632 602
internal_count=3474 1506 260 106 154 1968 829 740 718 133 1246 132 94 89 112 673 1139 119 87 57 81 1020 961 59 927 295 244 189 632 602
is_linear=0
shrinkage=0.05


Tree=139
num_leaves=31
num_cat=0
split_feature=56 3 28 56 36 10 35 12 12 12 19 37 22 22 3 27 10 44 27 20 15 18 0 37 0 44 53 13 10 26
split_gain=2.20914 1.25995 1.90127 2.07558 2.25643 2.21458 1.45496 1.16828 2.2378 2.28659 2.26469 2.00088 1.98432 2.05297 1.88919 2.73858 2.24628 3.34697 2.80843 1.88502 1.76571 1.90876 1.78097 2.31603 1.97133 1.89571 2.24652 1.90751 1.83674 1.72654
threshold=14.024999618530275 0.12671032547950747 0.89414998888969432 0.22150000184774402 -0.080899998545646654 -9.2052383422851545 -0.48950000107288355 1.3950487375259402 2.6501598358154301 2.4777688980102544 1.0000000180025095e-35 1.2009000182151797 -1.1819000244140623 -1.8378999829292295 0.20034662634134295 -1.5407000184059141 -9.8694887161254865 -10.499999999999998 -0.12245000153779982 -0.65274998545646656 0.36666667461395269 0.36911110579967504 0.81999999284744274 1.0171500444412234 0.62000000476837169 -7.4999999999999991 1.1614999771118166 -0.10583333298563956 -9.7639136314392072 0.15974999964237216
decision_type=2 2 2 2 2 2 2 2 2 2 2 2 2 2 2 2 2 2 2 2 2 2 2 2 2 2 2 2 2 2
left_child=1 2 3 6 -5 -6 -1 20 9 11 14 12 13 -9 16 -16 -10 -18 -19 -20 -3 -22 23 24 25 -23 27 -27 -24 -11
right_child=-2 7 -4 4 5 -7 -8 8 10 29 -12 -13 -14 -15 15 -17 17 18 19 -21 21 22 28 -25 -26 26 -28 -29 -30 -31
leaf_value=0.00061672499482535656 -0.013024492576488923 0.0023312318162188373 -0.0049580066362266938 0.0064976526350297359 0.0031870548713248598 -0.0028335788056949307 -0.0052747276458642856 -0.0038339816017275473 -0.0010910666673760645 -0.0044122195373764283 -0.0011199564496738 0.027256245503880994 -0.0098511791346074778 0.0053225934388620531 -0.0073648369383994472 0.0019626209084695743 -0.02010719604833824 0.030407236514255778 -0.0074114782720014483 0.0018937492339776291 0.0028943031709472546 0.0012427857804176185 0.0042269620709605368 -0.023671061642637464 -0.0024094992595812717 -0.0046542335092165611 0.0079747674083105735 0.00091645392154489087 -0.0011688297372050092 -0.015434550361974032
leaf_weight=33 22 636 33 29 51 79 87 37 287 40 86 41 168 22 68 752 33 40 24 68 121 107 82 50 125 109 48 63 108 25
leaf_count=33 22 636 33 29 51 79 87 37 287 40 86 41 168 22 68 752 33 40 24 68 121 107 82 50 125 109 48 63 108 25
internal_value=-0.000115141 -1.44844e-05 -0.00304487 -0.00170251 0.00204403 -0.000769231 -0.00666667 0.000286624 -0.00060615 -0.00427928 0.000294551 -0.00223881 -0.00407489 0.00381356 0.000825472 0.0022561 -0.00176991 0.00287879 0.00643939 0.00163043 0.0013285 -0.000215252 -0.00122832 -0.00278884 -0.00165929 0.000382263 -0.00227273 -0.00494186 0.00289474 -0.0126923
internal_weight=3474 3452 312 279 159 130 120 3140 1691 333 1358 268 227 59 1272 820 452 165 132 92 1449 813 692 502 452 327 220 172 190 65
internal_count=3474 3452 312 279 159 130 120 3140 1691 333 1358 268 227 59 1272 820 452 165 132 92 1449 813 692 502 452 327 220 172 190 65
is_linear=0
shrinkage=0.05


Tree=140
num_leaves=31
num_cat=0
split_feature=26 10 26 53 14 4 27 56 27 3 13 36 2 10 10 47 56 10 47 51 51 10 11 13 16 0 46 10 11 51
split_gain=0.951699 2.60406 2.2933 2.20078 1.99131 1.91085 1.77098 2.74472 2.45901 1.54366 1.44514 2.25237 1.4225 2.98161 2.95485 1.9545 1.82147 1.54985 1.40483 1.55152 1.95094 1.29424 1.77891 1.66534 1.98394 1.66192 1.80487 2.93118 1.63997 1.63431
threshold=1.3640000224113467 -10.883582115173338 1.4542499780654909 3.0779999494552617 0.16250000149011615 0.1799999997019768 0.37789998948574072 2.1905000209808354 0.45215000212192541 0.1726275831460953 -0.1268571466207504 0.39010000228881841 0.66999998688697826 -10.548116683959959 -9.6888275146484357 0.98971876502037059 0.22150000184774402 -9.5673079490661603 3.6149495840072636 3.1049998998641972 1.2730000019073489 -12.406206130981444 -1.5126250386238096 -0.79177775979042042 0.13999999687075618 0.099999997764825835 -0.11683333292603491 -8.8865880966186506 0.030026004649698738 0.80349999666214
decision_type=2 2 2 2 2 2 2 2 2 2 2 2 2 2 2 2 2 2 2 2 2 2 2 2 2 2 2 2 2 2
left_child=3 -2 -3 6 9 10 21 8 -8 -4 -6 -12 14 -14 16 -15 -10 -16 19 20 -7 22 -1 -23 -25 26 -26 28 -28 -24
right_child=1 2 4 -5 5 18 7 -9 12 -11 11 -13 13 15 17 -17 -18 -19 -20 -21 -22 23 29 24 25 -27 27 -29 -30 -31
leaf_value=0.0016198313964503105 -0.012724081978727542 0.017208548850068211 2.2175857281035718e-05 0.016639725687726269 -0.058704346703688653 0.0034022084699301572 -0.0074722933645611613 -0.019929836615551533 -0.012261444955312596 0.010898282486785482 0.0029965276370539566 -0.012756496899465697 -0.039676761510437364 0.0024452415085789662 0.013787251453778189 0.035909825524552373 0.0017623014585157332 -5.2927551135786846e-05 -0.011586440930231229 0.016787275936251775 -0.01575798993588386 -0.039895675571086489 0.00027354221412173265 -0.045873027003229871 -0.0091444430500773454 0.00032482721321191598 -0.00044129945564137519 -0.0045637928732968824 0.0030050683184220123 0.032967645030917446
leaf_weight=35 53 24 52 46 21 77 64 35 82 110 30 23 23 36 31 23 27 153 26 36 22 48 422 29 43 1785 43 30 48 21
leaf_count=35 53 24 52 46 21 77 64 35 82 110 30 23 23 36 31 23 27 153 26 36 22 48 422 29 43 1785 43 30 48 21
internal_value=0.000343053 0.00242616 0.00374109 1.65344e-05 0.00283375 -0.000106383 -0.000151108 -0.00295359 -0.00187927 0.00709877 -0.00675676 -0.00235849 -0.000333333 0.0054878 -0.00196246 0.0114407 -0.00848624 0.00190217 0.00295031 0.005 0.00176768 0.000379393 0.00271967 -0.000172754 5.05561e-05 0.000243715 -0.00457317 -0.00144628 0.00302198 0.0018623
internal_weight=3498 474 421 3024 397 235 2978 474 439 162 74 53 375 82 293 59 109 184 161 135 99 2504 478 2026 1978 1949 164 121 91 443
internal_count=3498 474 421 3024 397 235 2978 474 439 162 74 53 375 82 293 59 109 184 161 135 99 2504 478 2026 1978 1949 164 121 91 443
is_linear=0
shrinkage=0.05


Tree=141
num_leaves=31
num_cat=0
split_feature=3 12 35 9 22 20 14 9 11 11 5 53 46 51 14 3 3 10 10 9 3 53 44 12 16 9 3 18 35 36
split_gain=1.00336 2.39173 1.60107 2.62811 1.20794 1.19409 1.367 3.28855 2.89133 2.87141 2.46741 2.25255 1.97022 1.84393 1.70117 1.67832 2.22132 1.66281 2.48228 1.72923 2.0905 1.75192 1.6605 1.62474 1.90101 1.93268 2.6132 2.28862 2.01522 2.01438
threshold=0.11324555054306985 3.8053679466247563 -0.18275000154972074 0.060181181877851493 11.090099811553957 8.1789999008178729 0.32916666567325598 0.07451020181179048 -0.0053677258547395459 0.0027581659378483896 0.52500000596046459 3.2064999341964726 0.13949999958276751 1.0000000180025095e-35 0.095833335071802153 0.33302292227745062 0.23068684339523318 -8.624785900115965 -8.8258118629455549 0.20006661117076877 0.19831921160221103 1.4029999971389773 90.500000000000014 0.51467344164848339 0.49999998509883886 0.37218417227268225 0.29734541475772863 0.1872857138514519 -1.0674999952316282 -0.21869999915361402
decision_type=2 2 2 2 2 2 2 2 2 2 2 2 2 2 2 2 2 2 2 2 2 2 2 2 2 2 2 2 2 2
left_child=1 2 3 -1 5 6 9 -8 10 12 -9 23 22 15 -15 16 -14 18 19 20 -10 -21 -2 -11 25 27 -27 -25 -29 -30
right_child=4 -3 -4 -5 -6 -7 7 8 17 11 -12 -13 13 14 -16 -17 -18 -19 -20 21 -22 -23 -24 24 -26 26 -28 28 29 -31
leaf_value=0.0072339580735797148 0.00031213721671701503 0.019941177590894425 -0.00315383072985605 -0.0068075968783535504 0.0027322219401116066 -0.0089100898602448991 0.0072254481026294871 0.0048339472299997787 -0.0010909878146541875 0.0036100342012976407 -0.0082743086647135197 0.016922456266091724 0.0026036468424746554 -0.0072959037446128309 -0.031222165097813771 0.0087747812127160259 -0.013198109462010832 0.0031843940669832207 -0.0091835229815371844 -0.0028071229909409304 0.0014844196240076325 -0.019306704904811116 -0.013935779328805542 0.023726535570431761 0.0097357535869326394 0.0001283626855997283 0.021293039169173703 0.0031859096828493528 -0.015808053361055209 -0.0012559620301389131
leaf_weight=20 1140 20 84 23 46 48 32 71 63 270 24 79 83 65 33 20 73 35 38 211 95 21 24 28 153 148 62 55 108 326
leaf_count=20 1140 20 84 23 46 48 32 71 63 270 24 79 83 65 33 20 73 35 38 211 95 21 24 28 153 148 62 55 108 326
internal_value=0.000471698 -0.00357143 -0.00610236 0.00174419 0.00064906 0.000537065 0.000652441 -0.00152542 -0.00241935 0.00113423 0.00552632 0.00290887 -0.000382476 -0.00419708 -0.00969388 -0.00113636 -0.00288462 -0.00404968 -0.00490654 -0.00371795 0.000316456 -0.00646552 0.000515464 0.00234783 0.00130682 0.000240715 0.00428571 -0.00140232 -0.00219836 -0.00334101
internal_weight=3498 147 127 43 3351 3305 3257 590 558 2667 95 1229 1438 274 98 176 156 463 428 390 158 232 1164 1150 880 727 210 517 489 434
internal_count=3498 147 127 43 3351 3305 3257 590 558 2667 95 1229 1438 274 98 176 156 463 428 390 158 232 1164 1150 880 727 210 517 489 434
is_linear=0
shrinkage=0.05


Tree=142
num_leaves=31
num_cat=0
split_feature=2 45 46 36 53 36 11 44 17 16 36 10 0 11 11 46 0 2 37 11 46 0 17 35 6 36 53 9 9 28
split_gain=0.979227 0.896306 2.43203 1.18116 1.04486 1.30645 0.793986 1.79215 1.68951 1.73106 1.88837 1.61866 1.44231 1.20192 1.17999 3.15306 1.80063 1.25875 1.74402 1.23626 1.16667 1.12717 1.49822 1.33623 1.45582 1.0908 1.47706 3.39596 1.44284 1.51026
threshold=1.3339999914169314 -2.909249901771545 -0.065333332866430269 -2.3300000429153438 -0.39149999618530268 -3.5242999792098995 -0.50836786627769459 -23.499999999999996 1.0000000180025095e-35 0.25999999791383749 0.20780000090599063 -16.386488914489743 0.4200000017881394 -0.86426639556884755 -0.12555580586194989 -0.30016666650772089 0.85999998450279247 0.08000000007450582 -0.21105000376701352 0.029298512265086177 -0.079666666686534868 0.62000000476837169 0.12500000372529033 -0.28675000369548792 0.90000000596046459 -1.4564999938011167 3.0779999494552617 0.31394581496715551 1.0003445744514468 3.6016999483108525
decision_type=2 2 2 2 2 2 2 2 2 2 2 2 2 2 2 2 2 2 2 2 2 2 2 2 2 2 2 2 2 2
left_child=1 2 -1 4 -3 -6 8 -8 -5 10 11 -10 13 -11 15 -9 21 18 -16 -20 -21 22 -17 -24 -25 -19 28 -28 29 -27
right_child=-2 3 -4 6 5 -7 7 14 9 12 -12 -13 -14 -15 17 16 -18 25 19 20 -22 -23 23 24 -26 26 27 -29 -30 -31
leaf_value=-0.017817052564785118 -0.058684743584258972 0.0044544613592473773 0.030588940490727537 0.0023701402066828876 -0.0069783043711660556 0.0029575499669064601 -0.054055194423859865 0.015051594241833506 -0.00047492656852211255 -0.0021604510108255799 -0.0047413895169204434 0.0012153273459936875 0.018801282265077462 0.005591284709937373 0.00057431796864663986 -0.0015332450529010151 0.0061519227184202779 -0.0015023414479655222 -0.0073532481998940403 -0.0069590819592665228 0.0017436499305781895 -0.02197037373602715 0.0038596030180260785 0.0012336139063503237 -0.0025121433561353101 0.00017963433601532499 0.017321219888111732 -0.0058967514641195141 0.0080119178292670911 0.0031490106873446606
leaf_weight=51 23 22 30 26 31 31 25 43 37 32 21 67 26 20 33 51 34 64 39 21 21 31 22 28 79 2296 92 60 94 48
leaf_count=51 23 22 30 26 31 31 25 43 37 32 21 67 26 20 33 51 34 64 39 21 21 31 22 28 79 2296 92 60 94 48
internal_value=0.000500286 0.000568345 -0.00462963 0.000692398 0.00654762 0.00322581 0.000543807 0.000332684 0.00338428 0.00184729 -0.0018 0.000961538 0.00769231 0.00288462 0.000441754 -0.00260417 -0.00479592 0.000758671 -0.00438596 -0.00833333 -0.00238095 -0.00651659 -0.005 -0.00213178 -0.00443925 0.000979653 0.001139 0.00592105 0.000840853 0.00059727
internal_weight=3498 3475 81 3394 84 62 3310 3081 229 203 125 104 78 52 3056 288 245 2768 114 81 42 211 180 129 107 2654 2590 152 2438 2344
internal_count=3498 3475 81 3394 84 62 3310 3081 229 203 125 104 78 52 3056 288 245 2768 114 81 42 211 180 129 107 2654 2590 152 2438 2344
is_linear=0
shrinkage=0.05


Tree=143
num_leaves=31
num_cat=0
split_feature=2 21 21 14 9 14 9 6 13 27 48 27 51 56 9 21 26 8 9 53 21 26 14 26 14 14 46 12 12 14
split_gain=0.976507 0.940315 2.1951 0.935411 2.35674 1.96731 2.81123 1.93938 3.67007 2.08686 1.87708 1.9827 1.83552 2.13114 1.63864 1.60347 1.28863 1.27884 1.21112 1.16632 1.4815 1.15627 1.13471 1.04274 1.03068 1.01671 2.24743 1.39946 1.50966 1.28437
threshold=1.3339999914169314 -7.0958998203277579 -6.1026499271392813 0.32916666567325598 0.07451020181179048 0.30416667461395269 0.2982576191425324 0.40000000596046453 -0.32600000500679011 -0.12975000590085981 1.0000000180025095e-35 -0.10744999721646308 0.73550000786781322 2.8294999599456792 0.13791034370660785 -1.0224499702453611 -0.49624998867511744 1.7666666507720949 0.37218417227268225 -1.1255000233650205 0.38070000708103185 -0.5052499771118163 0.3458333313465119 0.1357500031590462 0.37916666269302374 0.28749999403953558 -0.18083333224058148 4.2123167514801034 1.9220267534255984 0.26250000298023229
decision_type=2 2 2 2 2 2 2 2 2 2 2 2 2 2 2 2 2 2 2 2 2 2 2 2 2 2 2 2 2 2
left_child=1 -1 -3 5 17 25 14 8 9 -6 11 -9 -13 -14 23 16 -12 -5 -8 -16 -21 24 -17 -7 -10 29 -27 28 -28 -4
right_child=-2 2 3 4 7 6 18 10 21 -11 15 12 13 -15 19 22 -18 -19 -20 20 -22 -23 -24 -25 -26 26 27 -29 -30 -31
leaf_value=0.0024147593361456888 -0.055750506405046044 -0.023124928079786323 0.0001427439021619582 0.00054310106296909526 0.0019477497864465621 0.007321259915512174 -0.013529328343620528 -0.002962231760008763 0.0061143135555544077 -0.017855228797655619 -0.00025933616131472507 0.0063692510373337648 -0.0039969753813191731 0.0064658562484010253 0.021223078034520382 -0.016463129347957853 0.011400602377950679 0.0076802243676463745 0.00099270723069097024 0.044907546019015254 0.013339669689821032 0.0097421161639545187 -0.0014481083326560202 -0.0069855857898993377 -0.0020889199833550131 -0.027397004875336591 0.0012311335657104211 0.0032544411624761908 -0.011907709772227987 0.0039162675505825641
leaf_weight=24 23 24 2242 31 34 20 32 28 23 56 21 43 41 22 21 30 22 22 44 48 21 23 222 21 21 22 38 41 43 195
leaf_count=24 23 24 2242 31 34 20 32 28 23 56 21 43 41 22 21 30 22 22 44 48 21 23 222 21 21 22 38 41 43 195
internal_value=0.000485992 0.000553957 0.000485367 0.000590896 -0.00113459 0.00098637 0.00567633 -0.00204778 0.00270701 -0.00388889 -0.00378788 0.0011194 0.00424528 -0.00119048 0.0101145 -0.00601695 0.00290698 0.00896226 -0.00197368 0.0138889 0.017029 0.0115672 -0.00753968 0.00182927 0.00681818 0.000610229 -0.00347222 -0.000819672 -0.00462963 0.000851457
internal_weight=3498 3475 3451 3427 639 2788 207 586 157 90 429 134 106 63 131 295 43 53 76 90 69 67 252 41 44 2581 144 122 81 2437
internal_count=3498 3475 3451 3427 639 2788 207 586 157 90 429 134 106 63 131 295 43 53 76 90 69 67 252 41 44 2581 144 122 81 2437
is_linear=0
shrinkage=0.05


Tree=144
num_leaves=31
num_cat=0
split_feature=3 9 9 16 53 14 11 44 14 9 11 5 15 9 22 36 46 11 12 45 12 15 16 26 26 14 53 49 35 51
split_gain=1.03226 2.40291 2.53689 1.97863 1.78138 1.50907 1.433 2.7287 1.89286 2.45957 1.71905 1.35578 1.34321 1.3388 2.37332 1.55233 1.95483 1.94963 1.18627 1.1544 1.5516 1.82987 1.27164 1.40227 1.27283 1.15123 1.06047 2.02473 2.71084 1.32474
threshold=0.29734541475772863 1.3208020329475405 0.19948085397481921 0.21999999880790713 1.5870000123977663 0.30416667461395269 -0.042971160262823098 -2.4999999999999996 0.37916666269302374 0.74687021970748912 0.068902283906936659 0.075000001117587103 0.43333333730697637 0.37500905990600591 0.57014998793602001 0.084750000387430205 0.22450000047683719 0.16354220360517505 4.054615020751954 0.35158333182334905 4.9661054611206064 0.10000000521540643 0.1799999997019768 0.378250002861023 -0.37774999439716334 0.16250000149011615 -1.0000000180025095e-35 1.5000000000000002 1.0924999713897707 -0.46850000321865076
decision_type=2 2 2 2 2 2 2 2 2 2 2 2 2 2 2 2 2 2 2 2 2 2 2 2 2 2 2 2 2 2
left_child=26 2 4 25 5 19 7 12 9 13 -10 -11 -5 15 -15 -8 17 -17 -3 20 21 -2 -23 24 -24 -4 27 -1 -29 -28
right_child=1 18 3 6 -6 -7 8 -9 10 11 -12 -13 -14 14 -16 16 -18 -19 -20 -21 -22 22 23 -25 -26 -27 29 28 -30 -31
leaf_value=0.00061066245748166723 -0.012096292539745812 0.039786376634062467 0.0052090749510151019 -0.041155822797025794 0.024484089282092971 0.011759863980988373 0.0024117840015033367 0.0034584556807273378 -0.0015143984007960098 -0.061756833130018611 -0.021331024690706381 -0.00019784986753396128 -0.00081922641134396566 0.00037719932332648813 0.016430243295144597 -0.00076433872899846493 0.018833273854296839 -0.020511721471150358 0.0016800961388616289 0.012007116441964694 0.0053385691774330141 -0.0027854385959125596 0.0034589162687758551 0.023207452125427436 -0.0020906801591044906 -0.0060987065683188214 -0.0067850381628668608 -0.02280315988483499 0.0055089322105159435 -9.2137592427413159e-05
leaf_weight=931 40 27 87 92 57 63 138 21 35 26 21 25 37 57 35 52 22 29 24 33 23 23 39 23 50 41 77 39 40 1291
leaf_count=931 40 27 87 92 57 63 138 21 35 26 21 25 37 57 35 52 22 29 24 33 23 23 39 23 50 41 77 39 40 1291
internal_value=0.000400229 0.00165179 0.00114593 -0.000557103 0.00462963 0.00306122 -0.00177966 -0.006 -0.000340909 0.000911458 -0.00892857 -0.00931373 -0.00872093 0.00247748 0.0076087 0.000518672 -0.00412621 -0.00771605 0.0122549 0.00119048 -0.000252525 -0.00185714 0.000925926 0.003125 0.000280899 0.00507813 -0.000189235 0.0010396 -0.00664557 -0.00109649
internal_weight=3498 1120 1069 718 351 294 590 150 440 384 56 51 129 333 92 241 103 81 51 231 198 175 135 112 89 128 2378 1010 79 1368
internal_count=3498 1120 1069 718 351 294 590 150 440 384 56 51 129 333 92 241 103 81 51 231 198 175 135 112 89 128 2378 1010 79 1368
is_linear=0
shrinkage=0.05


Tree=145
num_leaves=31
num_cat=0
split_feature=45 45 18 49 14 18 21 28 56 46 14 37 45 3 45 16 53 53 11 53 9 7 5 46 18 14 56 27 20 14
split_gain=1.3536 2.43416 2.09664 2.32951 1.99881 1.93094 1.9303 1.72071 1.69551 1.74959 1.64598 1.57051 1.46074 2.05725 2.41912 2.08722 1.92152 1.78925 2.26247 1.7474 1.73716 1.73584 2.11556 2.08722 1.69599 1.73587 1.68313 1.62624 1.62119 1.55079
threshold=0.62133333086967479 0.77583333849906932 0.50658518075943004 1.5000000000000002 0.22083333134651187 0.30696825683116918 2.5601999759674077 0.4504500031471253 2.492499947547913 0.30916666984558111 0.33750000596046453 2.7980500459671025 0.22916666418313983 0.19831921160221103 0.10516666620969774 0.21999999880790713 -4.0475001335144034 -0.4679999947547912 -0.0053677258547395459 1.0000000180025095e-35 1.2394194006919863 1.0000000180025095e-35 0.42499999701976782 0.043333334848284728 0.40893332660198217 0.087500002235174193 0.53999999165534984 2.8353500366210942 1.1677500009536745 0.14583333581686023
decision_type=2 2 2 2 2 2 2 2 2 2 2 2 2 2 2 2 2 2 2 2 2 2 2 2 2 2 2 2 2 2
left_child=8 4 3 5 -2 -3 10 -6 9 12 -4 -7 13 16 15 24 -1 18 -18 -16 28 26 -23 -24 25 -15 27 -17 -19 -26
right_child=1 2 6 -5 7 11 -8 -9 -10 -11 -12 -13 -14 14 19 21 17 20 -20 -21 -22 22 23 -25 29 -27 -28 -29 -30 -31
leaf_value=0.014797259825446897 0.029019842144428227 0.0055114878041163801 0.010113809564030041 -0.010115839262269666 -0.0067195930642435482 -0.00048259011313883557 -0.0073266575856029172 0.0080795928888875296 -0.016577510237651839 0.0017718571674706141 -0.003305412735830804 -0.024612640096204612 -0.0012382768911098499 -0.00096709319116504021 0.0059923071643299131 0.00031898915055436768 0.00048375472377475419 -3.4654391567010001e-05 -0.016001300255989819 0.0038835347111314256 -0.0074296465148401027 -0.012378073125044154 -0.0065205524368501105 0.01846708943263586 0.0035159765092962038 0.0031519722821744646 -0.0091103067731338108 -0.013584782107018812 -0.010185930855018522 0.00011985379210586178
leaf_weight=46 34 49 120 61 26 80 22 36 23 198 23 24 376 54 33 960 74 525 162 80 24 103 46 20 143 29 30 24 36 66
leaf_count=46 34 49 120 61 26 80 22 36 23 198 23 24 376 54 33 960 74 525 162 80 24 103 46 20 143 29 30 24 36 66
internal_value=-0.000219733 0.00226316 0.000461741 -0.00280374 0.009375 0.000490196 0.00469697 0.00403226 -0.00060616 -0.000503466 0.00681818 -0.00336538 -0.000821265 -0.000376782 0.000692695 0.000152542 -0.00233564 -0.00289281 -0.0065678 0.00774336 -0.00141026 -0.00078191 -0.00547337 0.00151515 0.00393836 -0.00210843 0 0.000355691 -0.000846702 0.00633971
internal_weight=3527 475 379 214 96 153 165 62 3052 3029 143 104 2831 2455 1588 1475 867 821 236 113 585 1183 169 66 292 83 1014 984 561 209
internal_count=3527 475 379 214 96 153 165 62 3052 3029 143 104 2831 2455 1588 1475 867 821 236 113 585 1183 169 66 292 83 1014 984 561 209
is_linear=0
shrinkage=0.05


Tree=146
num_leaves=31
num_cat=0
split_feature=12 27 20 2 53 53 9 14 21 47 51 10 28 36 27 56 12 12 18 14 20 37 1 17 18 17 20 37 3 28
split_gain=1.46942 1.98701 2.30963 2.02056 1.65064 1.71382 1.63844 1.61131 1.75876 1.39679 2.09126 1.8046 2.07118 1.53814 1.90618 1.21019 1.20062 1.71823 1.63429 2.53571 2.49948 2.4585 2.40009 2.36875 1.94821 1.89031 1.87064 1.92684 1.71517 1.68752
threshold=4.8139317035675058 -0.0041499999351799479 0.099750000983476653 0.63133332133293163 -1.5855000019073484 -0.30599999427795405 0.23012895137071612 0.070833336561918273 0.92550000548362743 1.1230733990669253 -1.0685000419616697 -9.2662262916564924 0.82995000481605541 0.24645000696182254 0.075649999082088484 2.492499947547913 2.0629919767379765 2.1974776983261113 0.50658518075943004 0.16250000149011615 1.0000000180025095e-35 -6.1322000026702872 0.47499999403953558 0.37500000000000006 0.6135343909263612 0.20833333581686023 1.6302500367164614 -0.822649985551834 0.33302292227745062 -0.54179999232292164
decision_type=2 2 2 2 2 2 2 2 2 2 2 2 2 2 2 2 2 2 2 2 2 2 2 2 2 2 2 2 2 2
left_child=16 2 4 7 -2 -6 -4 -3 9 10 -9 12 13 14 -12 -11 -1 -18 19 20 -19 -21 24 -23 29 -22 27 -24 -29 -20
right_child=1 3 6 -5 5 -7 -8 8 -10 15 11 -13 -14 -15 -16 -17 17 18 22 21 25 23 26 -25 -26 -27 -28 28 -30 -31
leaf_value=7.517538011814624e-05 0.00037249680745966228 -0.0036294571767375551 0.01232900220810771 0.010683448466739343 0.014006046003759598 0.0023385251749217907 -0.023551999653094027 -0.029326906022906447 0.0061558173150227493 0.0087667456828136158 0.0030010209893447369 -0.0056369589596637661 -0.021805214194227499 0.0030980587035521036 -0.010709572351607298 -0.00077201571218397805 -0.010736125545279297 -0.00063877382446925603 -0.0028042475164824832 0.011565594319076833 -0.0035159899584015944 -0.010093399574964947 0.0035142599920910465 -0.0014916633695145343 -0.029648040565638547 0.020241459156487254 0.00648123125630922 0.00016226809375006202 -0.020582460143381245 0.00091500095384287883
leaf_weight=1725 44 23 32 20 56 81 27 22 34 23 34 24 25 49 45 22 47 175 25 30 25 119 90 268 50 53 70 203 34 52
leaf_count=1725 44 23 32 20 56 81 27 22 34 23 34 24 25 49 45 22 47 175 25 30 25 119 90 268 50 53 70 203 34 52
internal_value=-0.000163028 0.0021836 0.005625 -0.000389408 0.00842541 0.0111314 -0.0029661 -0.00141196 -0.000359712 -0.00184426 -0.00364322 -0.00183616 0.000163399 0.00273438 -0.00158228 0.00611111 -0.000606878 -0.00179291 -0.00142379 -0.0030597 0.000889328 -0.00545564 0.000667939 -0.00652455 -0.00531496 0.00833333 0.00258186 0.000993884 -0.00137131 -0.000324675
internal_weight=3527 561 240 321 181 137 59 301 278 244 199 177 153 128 79 45 2966 1241 1194 670 253 417 524 387 127 78 397 327 237 77
internal_count=3527 561 240 321 181 137 59 301 278 244 199 177 153 128 79 45 2966 1241 1194 670 253 417 524 387 127 78 397 327 237 77
is_linear=0
shrinkage=0.05


Tree=147
num_leaves=31
num_cat=0
split_feature=12 18 18 14 0 1 18 46 2 45 14 10 14 16 17 44 16 44 12 46 2 22 16 44 11 44 37 28 14 11
split_gain=1.44791 1.25659 1.75389 1.39685 1.12832 1.73761 1.2987 1.04547 1.15238 1.4961 1.09688 1.26915 1.24804 1.99079 1.22718 1.10014 1.08285 1.00436 1.46278 0.996574 0.971048 0.958894 0.957293 2.53619 3.79259 2.48909 1.93088 1.77393 2.17811 1.63971
threshold=5.0193746089935312 0.6135343909263612 0.71143826842308056 0.21249999850988391 1.1800000071525576 0.47499999403953558 0.56656664609909069 0.30916666984558111 0.51800000667572033 0.014166666660457851 0.27916666865348821 -9.8317570686340314 0.17916666716337207 0.34000000357627874 0.45833332836627966 -2.4999999999999996 0.25999999791383749 -20.499999999999996 1.0269004106521609 -0.008499999996274708 0.30200000107288366 0.30855000019073492 0.21999999880790713 74.500000000000014 -0.19932641088962552 80.500000000000014 -2.2635999917984004 0.043899999931454665 0.16250000149011615 0.417929157614708
decision_type=2 2 2 2 2 2 2 2 2 2 2 2 2 2 2 2 2 2 2 2 2 2 2 2 2 2 2 2 2 2
left_child=4 7 3 -3 17 6 -6 8 10 -10 12 -12 16 21 -15 19 20 18 -1 -13 -2 -14 25 29 -25 26 -19 -28 -29 -24
right_child=1 2 -4 -5 5 -7 -8 -9 9 -11 11 15 13 14 -16 -17 -18 22 -20 -21 -22 -23 23 24 -26 -27 27 28 -30 -31
leaf_value=0.0023631445518382645 -0.0010073845450913226 0.017610897183021213 -0.0055488608726927515 0.008444413145087799 0.0065414622931193383 0.037777349575825715 -0.041624806772941253 0.011415262017813576 -0.012332045075292309 0.0035067346252067423 -0.013071685822127832 -0.0039183986237443401 0.017986437544097254 -0.012522543522269482 0.020558166168212988 0.011552954656948489 -0.0058947695747608962 -0.0087738065027815979 -0.0083114260350521715 7.5283586710059311e-05 0.0012415674259584506 0.0061197482093265816 -0.00028297481938293066 -0.0018401787397217539 0.18960627706806354 -0.0098434546021318736 8.6602078879491719e-05 0.0099503015557751186 -0.0084032060565609086 -0.0058505051402247717
leaf_weight=25 28 27 23 28 22 27 28 20 35 20 21 21 31 33 28 49 23 44 43 20 29 25 2130 27 45 21 342 106 38 168
leaf_count=25 28 27 23 28 22 27 28 20 35 20 21 21 31 33 28 49 23 44 43 20 29 25 2130 27 45 21 342 106 38 168
internal_value=-6.37936e-05 0.00254881 0.00833333 0.0131818 -0.000456621 0.00551948 0 0.00137076 0.000757576 -0.00590909 0.00194805 -0.00202703 0.00418782 0.00747863 0.00122951 0.000555556 -0.000625 -0.000610572 -0.00661765 -0.0054878 0.00307018 0.0142857 -0.000470729 -0.000907173 0.00833333 0.00140653 0.00207547 0.00298354 0.00763889 -0.00119669
internal_weight=3527 461 78 55 3066 77 50 383 363 55 308 111 197 117 61 90 80 2989 68 41 57 56 2921 2370 72 551 530 486 144 2298
internal_count=3527 461 78 55 3066 77 50 383 363 55 308 111 197 117 61 90 80 2989 68 41 57 56 2921 2370 72 551 530 486 144 2298
is_linear=0
shrinkage=0.05


Tree=148
num_leaves=31
num_cat=0
split_feature=45 45 10 53 18 48 44 35 27 53 22 22 26 22 0 47 9 45 22 20 22 44 20 36 36 11 35 13 12 2
split_gain=1.24126 1.41046 1.98824 1.92176 1.71626 2.20903 1.59006 1.42428 2.0625 1.66286 1.31859 1.15909 2.0979 1.42167 1.5111 1.25488 1.15869 1.31161 2.15056 2.02453 2.00001 1.75238 1.55899 1.78514 2.85417 1.98978 1.90817 1.51655 1.50186 1.54046
threshold=0.62133333086967479 0.81450000405311596 -9.3177127838134748 1.4564999938011172 0.50658518075943004 1.0000000180025095e-35 -10.499999999999998 4.4290001392364511 -0.0041499999351799479 3.2064999341964726 -0.54820001125335682 2.7331000566482548 4.9697499275207528 0.59970000386238109 0.45999999344348913 1.5651466846466067 2.3310990333557133 0.22916666418313983 0.49170000851154333 0.80700001120567333 1.2384999990463259 -4.4999999999999991 0.77050000429153453 0.28745000064373022 0.74924999475479137 0.060744781047105796 -0.16025000065565106 -0.16600000113248822 5.4837076663970956 0.30200000107288366
decision_type=2 2 2 2 2 2 2 2 2 2 2 2 2 2 2 2 2 2 2 2 2 2 2 2 2 2 2 2 2 2
left_child=16 2 -2 -4 5 6 -3 8 -8 -10 -6 13 -13 14 -12 -15 17 28 22 -20 27 -22 23 25 -25 -19 -27 -21 -1 -30
right_child=1 4 3 -5 10 -7 7 -9 9 -11 11 12 -14 15 -16 -17 -18 18 19 20 21 -23 -24 24 -26 26 -28 -29 29 -31
leaf_value=-8.1572381796066195e-05 0.024854848158171006 -0.003722478692557124 -0.0061177856045278589 0.0084234035791917548 -0.011213818417269445 -0.014497766059830176 0.031364339693172226 -0.0060721177523482342 -0.0040312850473336274 0.021635526556870434 -0.00048770429593703035 -0.012316277926657994 0.01095252365012451 0.002418925235196834 0.0057308226126241779 0.023656441897559045 -0.00099373927045623943 -0.00049408420626173501 -0.0074852145390025722 -0.0010844317666305336 -0.0042408016185145397 -0.016357798079536034 0.016338539825241839 -0.012234724019101384 0.0023395300515994511 -0.0010514146137129547 0.013130611076110353 0.0048551455040799557 8.9407623290750643e-05 0.0094756962544579586
leaf_weight=2459 36 25 25 60 20 49 24 36 43 21 23 26 22 20 24 21 28 116 49 23 58 30 26 49 24 20 32 27 58 53
leaf_count=2459 36 25 25 60 20 49 24 36 43 21 23 26 22 20 24 21 28 116 49 23 58 30 26 49 24 20 32 27 58 53
internal_value=-0.000219733 0.00215789 0.00681818 0.00264706 0.000564972 -0.00252525 0.000503356 0.00282258 0.00625 0.0015625 0.00448718 0.00625 0 0.00965909 0.0037234 0.0164634 -0.000589777 -0.000496032 -0.00297357 -0.00708556 -0.00398551 -0.00852273 -9.3633e-05 -0.00134855 -0.00787671 0.0014881 0.00961538 0.004 -5.83658e-05 0.00563063
internal_weight=3527 475 121 85 354 198 149 124 88 64 156 136 48 88 47 41 3052 3024 454 187 138 88 267 241 73 168 52 50 2570 111
internal_count=3527 475 121 85 354 198 149 124 88 64 156 136 48 88 47 41 3052 3024 454 187 138 88 267 241 73 168 52 50 2570 111
is_linear=0
shrinkage=0.05


Tree=149
num_leaves=31
num_cat=0
split_feature=2 11 13 9 10 26 8 11 21 11 9 47 3 22 12 2 13 13 22 18 9 18 13 4 47 22 26 56 35 37
split_gain=0.845103 2.24054 2.18026 3.10052 1.93946 2.15946 1.81186 1.80609 1.88599 1.71432 3.18486 2.21413 2.11842 2.24483 1.875 1.76163 3.08621 1.75681 1.71339 1.7065 2.01221 1.69207 2.4278 1.67547 2.43832 1.66552 1.61106 2.28738 1.59839 1.69582
threshold=0.58933332562446605 -0.71885189414024342 -0.1031111106276512 0.67612403631210338 -9.9795794486999494 4.5662500858306894 0.90000000596046459 0.073351081460714354 1.0146000385284426 0.034234222024679191 0.20361831039190295 0.15625873208045962 0.3211930543184281 0.8598499894142152 0.52901029586792003 0.43199999630451208 -0.28599999845027918 -0.26533333957195276 0.042650001123547561 0.49184595048427587 0.15999624133110049 0.69464683532714855 -0.60199999809265126 0.34000000357627874 0.85297000408172619 -0.31125000119209284 0.378250002861023 0.10050000250339509 -0.8722499907016753 -0.822649985551834
decision_type=2 2 2 2 2 2 2 2 2 2 2 2 2 2 2 2 2 2 2 2 2 2 2 2 2 2 2 2 2 2
left_child=2 -2 3 9 5 -5 28 8 -8 10 12 -11 13 18 -15 17 26 -13 19 -1 -21 22 -9 -12 -25 -19 -17 -28 -3 -30
right_child=1 6 -4 4 -6 -7 7 21 -10 11 23 15 -14 14 -16 16 -18 25 -20 20 -22 -23 -24 24 -26 -27 27 -29 29 -31
leaf_value=-0.00017891055321211623 0.0020989158312030615 0.0031784281195453958 0.00035069783401546478 0.0018463778044238166 0.019775585412976221 -0.036484030507679475 0.0066582132577699795 0.0082307310443995533 -0.00087056225054633625 0.0046210634868713435 -0.012615778528467115 -0.01867463341500053 0.0018124600574147801 -0.042818572585507836 -0.0036818779606687655 -0.0068590015621880608 0.0088042125871320535 0.00095991522460335272 0.0011073670464143552 -0.00046331908114017885 -0.0042342595479917013 -0.034866139356994834 -0.0036913579821585499 -0.0054091434246337309 0.0049922080687399041 -0.0052673392099683086 0.010701988631611415 -0.0040532186594390901 -0.012602419083738037 -0.00075689221493782102
leaf_weight=125 43 126 1147 69 30 20 173 39 32 44 175 29 96 20 40 107 61 70 96 79 37 27 94 49 22 101 34 37 28 477
leaf_count=125 43 126 1147 69 30 20 173 39 32 44 175 29 96 20 40 107 61 70 96 79 37 27 94 49 22 101 34 37 28 477
internal_value=-0.000163028 0.00103465 -0.000663183 -0.00203207 0.00567227 0.00196629 0.000552209 0.00335616 0.00646341 -0.00278232 -0.00429635 -0.000465839 -0.00197769 -0.00358942 -0.0125 -0.00153759 0.00135983 -0.005 -0.00200297 -0.00425311 -0.00862069 -0.000625 0.00169173 -0.00894309 -0.00246479 -0.00307018 -0.00196629 0.00387324 -0.00106973 -0.00232673
internal_weight=3527 1039 2488 1341 119 89 996 365 205 1222 739 483 493 397 60 439 239 200 337 241 116 160 133 246 71 171 178 71 631 505
internal_count=3527 1039 2488 1341 119 89 996 365 205 1222 739 483 493 397 60 439 239 200 337 241 116 160 133 246 71 171 178 71 631 505
is_linear=0
shrinkage=0.05


Tree=150
num_leaves=31
num_cat=0
split_feature=53 51 46 37 51 9 50 37 51 0 45 27 44 27 27 45 16 14 18 46 44 45 28 5 45 0 37 18 28 22
split_gain=1.23629 2.69402 1.98629 1.50566 3.01191 2.58915 2.46474 2.61167 2.63083 2.48016 2.46062 2.03251 1.93821 2.40392 2.11459 1.84811 1.93676 1.83091 1.80421 1.79316 1.64717 1.59783 1.58085 1.51786 1.43335 1.74897 1.4042 1.44878 1.39478 1.33746
threshold=-0.2544999867677688 -1.8190000057220457 -0.60433331131935109 -0.40420000255107874 -1.2744999527931211 0.96012279391288768 1.0000000180025095e-35 0.57785001397132885 -0.86349999904632557 0.70000001788139354 -1.0134999752044676 0.068849999457597746 93.500000000000014 -0.62130001187324513 -0.07585000246763228 -0.45949999988079065 0.49999998509883886 0.28749999403953558 0.58593648672103893 -0.20749999582767484 -3.4999999999999996 -0.95716667175292958 0.75924998521804821 0.42499999701976782 -0.31775000691413874 0.65999999642372142 0.98610001802444469 0.47517459094524389 -0.41975000500679011 -0.50674998760223378
decision_type=2 2 2 2 2 2 2 2 2 2 2 2 2 2 2 2 2 2 2 2 2 2 2 2 2 2 2 2 2 2
left_child=3 -2 -3 4 12 6 11 9 10 19 -9 23 13 18 29 16 -16 -6 -1 -8 -19 -18 -12 24 25 -5 27 -25 -21 -15
right_child=1 2 -4 5 17 -7 7 8 -10 -11 22 -13 -14 14 15 -17 21 20 -20 28 -22 -23 -24 26 -26 -27 -28 -29 -30 -31
leaf_value=-0.019794416763284337 -0.031163520635338584 0.0049329709333098748 -0.00029119372099246644 -0.0045513004680116254 0.0086929328632646581 0.049301269697736884 -0.0035555899267891628 0.0079490852259695276 0.010901704633004126 0.0089673901289299314 -0.029662143270587294 0.0052311132511695443 0.041888936112823676 0.0034413562463480318 -0.016796776584485536 -0.017215709017241388 -0.0020091775857071477 -0.0025321431756418992 0.00068829962285792275 0.010828497384912702 0.004193461399152945 0.0089842252864831221 -0.00039946682973629466 -2.4200565590328307e-05 -0.0035152007364598948 0.027845915058421156 0.0013536140345139086 -0.0234483435093076 0.0014746582909245798 -0.012163958056316683
leaf_weight=88 25 124 1887 32 75 24 20 34 49 84 39 70 20 122 76 50 23 37 26 50 30 25 36 22 91 37 30 60 182 21
leaf_count=88 25 124 1887 32 75 24 20 34 49 84 39 70 20 122 76 50 23 37 26 50 30 25 36 22 91 37 30 60 182 21
internal_value=0.000107481 -0.000687623 -0.000484833 0.00122161 -0.000716695 0.00255814 0.0020933 0.00435223 -0.000949367 0.00684524 -0.00527523 -0.00116959 -0.00271619 -0.00342227 -0.00118297 -0.00488506 -0.0016129 0.0056338 -0.00964912 0.00436508 -0.000373134 0.00625 -0.0103333 -0.003125 0 0.00543478 -0.00758929 -0.0109756 0.00560345 0.00332168
internal_weight=3489 2036 2011 1453 593 860 836 494 158 336 109 342 451 431 317 174 124 142 114 252 67 48 75 272 160 69 112 82 232 143
internal_count=3489 2036 2011 1453 593 860 836 494 158 336 109 342 451 431 317 174 124 142 114 252 67 48 75 272 160 69 112 82 232 143
is_linear=0
shrinkage=0.05


Tree=151
num_leaves=31
num_cat=0
split_feature=50 18 44 36 21 37 5 10 5 18 0 26 12 13 18 44 47 45 2 45 16 17 13 4 0 44 53 18 26 3
split_gain=1.21754 1.1264 1.46581 1.62668 1.2096 1.10645 2.37372 1.93295 1.04478 1.4823 2.01869 2.05614 2.01069 1.9966 2.24643 1.99686 1.75999 1.68992 1.67045 1.74556 1.61038 2.25871 2.7418 2.57468 2.27863 2.58787 2.2783 1.97919 1.61212 1.52392
threshold=2.5000000000000004 0.32137778401374822 -1.0000000180025095e-35 -0.73199999332427967 -0.58149999380111683 5.1263999938964853 0.47499999403953558 -10.260846138000487 0.32500000298023229 0.52114614844322216 0.78000000119209301 0.40974999964237219 1.8881413340568545 -0.09200000017881392 0.76358386874198925 -16.499999999999996 0.4186863005161286 0.17433333396911624 0.52599999308586132 -0.19766666740179059 0.21999999880790713 0.20833333581686023 -0.046857142820954316 0.25999999791383749 0.45999999344348913 -10.499999999999998 -0.80050000548362721 0.39070588350296026 -0.79699999094009388 0.43957042694091802
decision_type=2 2 2 2 2 2 2 2 2 2 2 2 2 2 2 2 2 2 2 2 2 2 2 2 2 2 2 2 2 2
left_child=5 -2 3 -3 -5 8 7 -7 9 12 11 -11 16 15 -15 -12 17 -1 19 -13 27 -22 24 26 -23 28 -24 -14 -26 -18
right_child=1 2 -4 4 -6 6 -8 -9 -10 10 13 18 20 14 -16 -17 29 -19 -20 -21 21 22 23 -25 25 -27 -28 -29 -30 -31
leaf_value=0.00024688964434390297 -0.00087125034381324573 0.023200694424392494 -0.0015921168778211471 -0.004204410016348914 0.015701742338968473 -0.00067657280078305181 -0.001490461056147515 0.013358424548100312 0.0001326589630806674 -0.0026431683900413117 -0.0034899556566636348 -0.026834152040907552 -0.0001333204741732998 -0.025224332708626153 0.026003404695847533 0.011051248457927546 0.0015224731298956907 -0.0054003772510368411 0.0093503371780758859 0.0008046428189722038 -0.023378893407943059 -0.017516805219905614 -0.0047683933211552232 -0.008731146781615174 0.0012167111551511401 0.019159921837421129 0.021482346350772941 0.0066517065116349847 -0.030200001342027868 0.015116987833860979
leaf_weight=129 21 28 26 20 43 22 26 48 1925 273 38 28 34 35 22 55 198 23 44 60 52 67 21 29 22 46 46 26 35 47
leaf_count=129 21 28 26 20 43 22 26 48 1925 273 38 28 34 35 22 55 198 23 44 60 52 67 21 29 22 46 46 26 35 47
internal_value=0.000107481 0.00471014 0.00662393 0.00961538 0.00515873 -8.20651e-05 0.00520833 0.01 -0.000238095 -0.00131579 -0.00328829 -0.00512346 9.67742e-05 0.00166667 -0.00570175 0.0061828 0.00258186 -0.00164474 0 -0.00397727 -0.00251323 -0.00393082 -0.00206767 0.0046875 -0.00588235 -0.00121359 0.0100746 0.005 -0.00833333 0.00520408
internal_weight=3489 138 117 91 63 3351 96 70 3255 1330 555 405 775 150 57 93 397 152 132 88 378 318 266 96 170 103 67 60 57 245
internal_count=3489 138 117 91 63 3351 96 70 3255 1330 555 405 775 150 57 93 397 152 132 88 378 318 266 96 170 103 67 60 57 245
is_linear=0
shrinkage=0.05


end of trees

feature_importances:
Column_13=369
Column_18=335
Column_16=266
Column_14=259
Column_10=227
Column_9=222
Column_12=195
Column_44=155
Column_51=151
Column_11=139
Column_0=138
Column_47=135
Column_2=133
Column_45=129
Column_21=125
Column_46=124
Column_20=115
Column_36=106
Column_37=105
Column_53=102
Column_56=100
Column_27=99
Column_35=97
Column_28=96
Column_22=88
Column_26=88
Column_3=84
Column_8=77
Column_4=66
Column_17=52
Column_5=44
Column_50=39
Column_6=25
Column_19=21
Column_1=18
Column_15=12
Column_49=9
Column_48=8
Column_7=7

parameters:
[boosting: gbdt]
[objective: quantile]
[metric: quantile]
[tree_learner: serial]
[device_type: cpu]
[data_sample_strategy: bagging]
[data: ]
[valid: ]
[num_iterations: 300]
[learning_rate: 0.05]
[num_leaves: 31]
[num_threads: 0]
[seed: 42]
[deterministic: 0]
[force_col_wise: 0]
[force_row_wise: 0]
[histogram_pool_size: -1]
[max_depth: -1]
[min_data_in_leaf: 20]
[min_sum_hessian_in_leaf: 0.001]
[bagging_fraction: 0.8]
[pos_bagging_fraction: 1]
[neg_bagging_fraction: 1]
[bagging_freq: 5]
[bagging_seed: 400]
[bagging_by_query: 0]
[feature_fraction: 0.8]
[feature_fraction_bynode: 1]
[feature_fraction_seed: 30056]
[extra_trees: 0]
[extra_seed: 12879]
[early_stopping_round: 0]
[early_stopping_min_delta: 0]
[first_metric_only: 0]
[max_delta_step: 0]
[lambda_l1: 0]
[lambda_l2: 0]
[linear_lambda: 0]
[min_gain_to_split: 0]
[drop_rate: 0.1]
[max_drop: 50]
[skip_drop: 0.5]
[xgboost_dart_mode: 0]
[uniform_drop: 0]
[drop_seed: 17869]
[top_rate: 0.2]
[other_rate: 0.1]
[min_data_per_group: 100]
[max_cat_threshold: 32]
[cat_l2: 10]
[cat_smooth: 10]
[max_cat_to_onehot: 4]
[top_k: 20]
[monotone_constraints: ]
[monotone_constraints_method: basic]
[monotone_penalty: 0]
[feature_contri: ]
[forcedsplits_filename: ]
[refit_decay_rate: 0.9]
[cegb_tradeoff: 1]
[cegb_penalty_split: 0]
[cegb_penalty_feature_lazy: ]
[cegb_penalty_feature_coupled: ]
[path_smooth: 0]
[interaction_constraints: ]
[verbosity: 1]
[saved_feature_importance_type: 0]
[use_quantized_grad: 0]
[num_grad_quant_bins: 4]
[quant_train_renew_leaf: 0]
[stochastic_rounding: 1]
[linear_tree: 0]
[max_bin: 255]
[max_bin_by_feature: ]
[min_data_in_bin: 3]
[bin_construct_sample_cnt: 200000]
[data_random_seed: 175]
[is_enable_sparse: 1]
[enable_bundle: 1]
[use_missing: 1]
[zero_as_missing: 0]
[feature_pre_filter: 1]
[pre_partition: 0]
[two_round: 0]
[header: 0]
[label_column: ]
[weight_column: ]
[group_column: ]
[ignore_column: ]
[categorical_feature: ]
[forcedbins_filename: ]
[precise_float_parser: 0]
[parser_config_file: ]
[objective_seed: 16083]
[num_class: 1]
[is_unbalance: 0]
[scale_pos_weight: 1]
[sigmoid: 1]
[boost_from_average: 1]
[reg_sqrt: 0]
[alpha: 0.5]
[fair_c: 1]
[poisson_max_delta_step: 0.7]
[tweedie_variance_power: 1.5]
[lambdarank_truncation_level: 30]
[lambdarank_norm: 1]
[label_gain: ]
[lambdarank_position_bias_regularization: 0]
[eval_at: ]
[multi_error_top_k: 1]
[auc_mu_weights: ]
[num_machines: 1]
[local_listen_port: 12400]
[time_out: 120]
[machine_list_filename: ]
[machines: ]
[gpu_platform_id: -1]
[gpu_device_id: -1]
[gpu_use_dp: 0]
[num_gpu: 1]

end of parameters

pandas_categorical:null
