tree
version=v4
num_class=1
num_tree_per_iteration=1
label_index=0
max_feature_idx=58
objective=quantile
feature_names=Column_0 Column_1 Column_2 Column_3 Column_4 Column_5 Column_6 Column_7 Column_8 Column_9 Column_10 Column_11 Column_12 Column_13 Column_14 Column_15 Column_16 Column_17 Column_18 Column_19 Column_20 Column_21 Column_22 Column_23 Column_24 Column_25 Column_26 Column_27 Column_28 Column_29 Column_30 Column_31 Column_32 Column_33 Column_34 Column_35 Column_36 Column_37 Column_38 Column_39 Column_40 Column_41 Column_42 Column_43 Column_44 Column_45 Column_46 Column_47 Column_48 Column_49 Column_50 Column_51 Column_52 Column_53 Column_54 Column_55 Column_56 Column_57 Column_58
feature_infos=[0.039999999105930328:1.6000000238418579] [0.05000000074505806:0.5] [0.059999998658895493:1.5199999809265137] [0:0.54119211435317993] [0.039999999105930328:1.440000057220459] [0:0.55000001192092896] [0:1] [0:1] [0:2.2666666507720947] [0.039999999105930328:4] [-18.734375:0] [-9.6899995803833008:11.46875] [0:7.6152467727661133] [-1.1066666841506958:3.940000057220459] [0:0.43333333730697632] [0:0.93333333730697632] [0.039999999105930328:1.6000000238418579] [0:0.66666668653488159] [0.18190476298332214:0.91288888454437256] [0:1] [-22.531000137329102:28.888999938964844] [-22.531000137329102:27.158000946044922] [-21.007600784301758:24.503599166870117] none none none [-22.115999221801758:21.5] [-22.115999221801758:21.5] [-16.012399673461914:18.616399765014648] none none none none none none [-17.592500686645508:21.677499771118164] [-11.965999603271484:17.982999801635742] [-14.043000221252441:16.086200714111328] none none none none none none [-30:99] [-9.4589996337890625:7.7718334197998047] [-6.0539999008178711:9.0223331451416016] [0:16.470409393310547] [0:1] [0:5] [0:5] [-37.666000366210938:30.954999923706055] none [-28.121999740600586:23.117000579833984] none none [-28.14900016784668:23.379999160766602] none none
tree_sizes=2694 2832 2828 2827 2830 2833 2821 2816 2835 2830 2832 2826 2840 2848 2847 2851 2830 2836 2833 2862 2860 2820 2861 2852 2848 2848 2864 2847 2848 2837 2848 2837 2849 2871 2863 2843 2860 2860 2863 2863 2859

Tree=0
num_leaves=31
num_cat=0
split_feature=13 16 44 47 16 13 45 11 14 35 9 47 13 16 14 17 45 16 47 18 18 10 45 35 10 2 27 18 45 20
split_gain=59.6158 14.3681 11.9095 7.46689 6.35174 14.5252 5.17466 3.99882 2.82707 2.16312 1.65859 1.60193 1.58327 3.30037 2.33656 2.18286 2.24391 1.56658 1.4763 1.32933 1.40545 1.68001 1.2 1.04274 0.926187 1.54009 1.07877 1.02742 0.870748 0.60005
threshold=-0.50733333826065052 1.1800000071525576 -19.499999999999996 1.6377018094062807 1.1800000071525576 -0.28000000119209284 -1.4249166846275327 -0.50836786627769459 0.12083333358168603 -0.72174999117851246 0.27685733139514929 0.35523459315299993 -0.32000000774860377 0.34000000357627874 0.25416666269302374 0.54166665673255932 -0.29958334565162653 0.25999999791383749 2.1932138204574589 0.49568253755569464 0.5609206259250642 -10.216719150543211 0.91124999523162853 -0.3442500084638595 -8.552093029022215 0.51800000667572033 0.52509999275207531 0.46173334121704107 -0.26891666650772089 0.66525000333786022
decision_type=2 2 2 2 2 2 2 2 2 2 2 2 2 2 2 2 2 2 2 2 2 2 2 2 2 2 2 2 2 2
left_child=1 2 3 7 12 10 9 -1 -8 -4 -6 -10 13 18 15 16 23 -5 -2 -13 -21 -22 -20 -15 -14 26 -26 -27 -9 -16
right_child=4 -3 6 17 5 -7 8 28 11 -11 -12 19 24 14 29 -17 -18 -19 22 20 21 -23 -24 -25 25 27 -28 -29 -30 -31
leaf_value=-3.9866499167624863 -3.9777949174436977 -4.295674924530088 -4.1278799147122349 -4.1568049239423868 -4.1321149272902309 -4.0098449182550606 -4.0365549153473976 -4.1808549212244159 -4.0340249177083374 -4.2050749293670062 -4.1565749166339634 -4.1123599092615395 -3.922899918457484 -4.1157249208942055 -4.0239249204210932 -4.0432449197071794 -4.0915999160531911 -4.2558149303866903 -5.4656548960451801 -4.0502699183955047 -4.1466749091379347 -4.0908949219900368 -4.0129549158927791 -4.1167799135469636 -3.8823499200399967 -4.1437249156199396 -5.664544934159073 -4.1038499127086263 -4.1639049235057826 -4.0638899253959204
leaf_weight=20 424 44 20 29 20 120 104 24 31 21 21 30 1926 21 75 37 36 44 27 28 22 24 45 20 126 23 20 34 25 24
leaf_count=20 424 44 20 29 20 120 104 24 31 21 21 30 1926 21 75 37 36 44 27 28 22 24 45 20 126 23 20 34 25 24
internal_value=-4.05054 -4.06717 -4.06434 -4.07613 -4.04795 -4.05761 -4.05836 -4.06434 -4.05554 -4.07477 -4.0833 -4.06031 -4.0474 -4.04945 -4.05465 -4.05954 -4.06433 -4.08728 -4.04721 -4.06329 -4.05969 -4.06507 -4.05383 -4.07233 -4.04672 -4.04993 -4.04721 -4.0569 -4.07203 -4.04904
internal_weight=3465 466 422 142 2999 161 280 69 239 41 41 135 2838 709 213 114 77 73 496 104 74 46 72 41 2129 203 146 57 49 99
internal_count=3465 466 422 142 2999 161 280 69 239 41 41 135 2838 709 213 114 77 73 496 104 74 46 72 41 2129 203 146 57 49 99
is_linear=0
shrinkage=1


Tree=1
num_leaves=31
num_cat=0
split_feature=13 16 56 16 13 13 8 13 56 13 36 21 14 35 9 16 47 46 47 17 8 0 5 37 53 11 11 53 16 8
split_gain=55.0604 13.9475 10.3075 6.01459 12.656 4.50558 4.3475 5.58489 2.26525 2.0575 2.06051 1.87696 1.68027 1.60721 1.225 1.16318 1.25324 1.13525 0.990102 0.818661 0.803473 1.40348 0.745352 0.659726 0.651168 0.836275 0.679847 0.599137 0.722678 1.24632
threshold=-0.51999998092651356 1.1800000071525576 -3.7684999704360957 1.1800000071525576 -0.3053333312273025 -0.66533333063125599 0.36666667461395269 -0.72200000286102284 -1.9690000414848325 -0.32000000774860377 0.36345000565052038 0.36574999988079077 0.17083333432674411 -0.74974998831748951 0.27033592760562902 0.34000000357627874 1.2262347936630251 0.16683333367109301 2.444411158561707 0.37500000000000006 1.0000000180025095e-35 0.70000001788139354 0.075000001117587103 0.93985000252723705 -2.6755000352859493 -0.0040979194454848758 -0.056159742176532738 -1.1255000233650205 0.29999999701976782 0.70000001788139354
decision_type=2 2 2 2 2 2 2 2 2 2 2 2 2 2 2 2 2 2 2 2 2 2 2 2 2 2 2 2 2 2
left_child=1 2 5 8 14 13 17 11 9 10 18 12 -8 -1 -5 23 -17 -4 19 -2 21 -10 -6 -9 -11 26 -26 28 -22 -30
right_child=3 -3 6 4 22 -7 7 15 20 24 -12 -13 -14 -15 -16 16 -18 -19 -20 -21 27 -23 -24 -25 25 -27 -28 -29 29 -31
leaf_value=-0.15314475794011273 0.01101974418254177 -0.24341625771038347 0.028931646565013364 -0.087049061076415635 -0.021832754419914925 -0.069098196705220827 -0.097616494719956357 0.0026601448331291739 0.10411749972728966 0.11459499435676286 -0.053725073663453096 -0.12673284935364093 -0.16695515877802755 -0.15414015799318392 -0.10307074993011361 -0.034116253885921009 -0.11558186281112129 -0.068154750317201029 -1.1843722476627456 -0.02915934935884092 0.069673950112094804 -0.11531374423522545 0.059807250485248799 -0.048941355226113668 0.0054049927410299908 0.050504992265682107 -1.323695043904652 0.10756364726743123 -0.096963744299617335 0.019412000902670153
leaf_weight=34 67 39 78 20 34 23 34 37 91 171 20 28 24 28 20 31 29 31 28 34 199 31 92 22 34 47 20 1955 31 133
leaf_count=34 67 39 78 20 34 23 34 37 91 171 20 28 24 28 20 31 29 31 28 34 199 31 92 22 34 47 20 1955 31 133
internal_value=0.000108225 -0.0164612 -0.0136717 0.00250578 -0.00674699 -0.0291176 -0.00949045 -0.0137805 0.00304264 -0.000344418 -0.00506711 -0.0234884 -0.0286207 -0.036129 -0.03125 -0.00676471 -0.0116667 -0.00142202 -0.00275194 -0.000445544 0.00362705 -0.000327869 0.00103175 -0.00177966 0.00224265 -0.000940594 -0.00518518 0.0038352 0.0019697 -0.000487805
internal_weight=3465 438 399 3027 166 85 314 205 2861 421 149 86 58 62 40 119 60 109 129 101 2440 122 126 59 272 101 54 2318 363 164
internal_count=3465 438 399 3027 166 85 314 205 2861 421 149 86 58 62 40 119 60 109 129 101 2440 122 126 59 272 101 54 2318 363 164
is_linear=0
shrinkage=0.05


Tree=2
num_leaves=31
num_cat=0
split_feature=13 16 56 16 13 13 47 13 14 21 56 13 16 20 37 12 20 16 26 8 2 1 48 18 51 18 8 0 49 13
split_gain=52.0279 12.7972 10.0304 5.25285 11.2675 4.22949 4.1224 6.25989 2.24448 1.9417 1.88098 1.97748 1.66671 2.08978 2.29004 1.30561 1.50439 1.62037 1.07302 0.953636 1.83204 0.970611 0.930797 2.20909 0.903948 0.889753 1.23077 0.857143 0.717087 0.616563
threshold=-0.54000002145767201 1.1800000071525576 -3.7684999704360957 1.1800000071525576 -0.34000000357627863 -0.66533333063125599 0.35523459315299993 -0.79177775979042042 0.12083333358168603 -0.87460002303123463 -2.0039999485015865 -0.26533333957195276 0.29999999701976782 -1.2084999680519102 -0.56229999661445607 0.61967638134956371 0.92175000905990612 0.4200000017881394 -0.36374999582767481 1.0000000180025095e-35 0.51800000667572033 0.47499999403953558 1.0000000180025095e-35 0.57866665720939647 -2.6219999790191646 0.75272428989410411 1.6333333253860476 0.62000000476837169 1.0000000180025095e-35 -0.38533332943916315
decision_type=2 2 2 2 2 2 2 2 2 2 2 2 2 2 2 2 2 2 2 2 2 2 2 2 2 2 2 2 2 2
left_child=1 2 5 10 -5 9 22 18 24 -1 11 12 -2 -14 -15 -10 17 -17 -8 20 -12 -22 -4 -24 -9 26 -6 -16 -13 -21
right_child=3 -3 6 4 25 -7 7 8 15 -11 19 28 13 14 27 16 -18 -19 -20 29 21 -23 23 -25 -26 -27 -28 -29 -30 -31
leaf_value=-0.12275703450814407 0.0046237628971478543 -0.23574544298457087 0.056006696641813507 -0.093547712727607785 -0.04260712489097454 -0.065643286869959808 -0.11046149330116908 -0.057696344894925533 -0.016348878165027014 -0.15424705656412835 0.16427162146147806 0.12581689623673484 0.0062914310974565152 -0.05825874174658429 -0.041379791242530745 -0.11138634540538034 -0.050972904113275645 -0.068602905823588842 -0.15860740083912617 0.017861563900329357 0.066458180477907899 -0.10654805983978372 -0.10676593324107007 0.014629614892389183 0.024402427760716505 0.048858194715526132 0.026017884658807167 0.012485258059098248 -1.2238545857968792 0.11060716506876461
leaf_weight=20 74 38 45 34 26 23 21 34 24 42 65 204 38 22 21 27 28 21 24 351 23 34 20 24 43 81 26 21 34 1977
leaf_count=20 74 38 45 34 26 23 21 34 24 42 65 204 38 22 21 27 28 21 24 351 23 34 20 24 43 81 26 21 34 1977
internal_value=0.000223665 -0.0159677 -0.0133081 0.00254207 -0.00607784 -0.0285294 -0.00914791 -0.0127928 -0.00855932 -0.0353226 0.00304469 -7.24636e-05 -0.00409091 -0.00823529 -0.01375 -0.0135 -0.0167105 -0.0220833 -0.0294444 0.00357143 -0.000737705 -0.0072807 -5.61796e-05 -0.00522727 -0.00214286 0.000488722 -0.00461538 -0.00690476 0.00289916 0.00379725
internal_weight=3465 434 396 3031 167 85 311 222 177 62 2864 414 176 102 64 100 76 48 45 2450 122 57 89 44 77 133 52 42 238 2328
internal_count=3465 434 396 3031 167 85 311 222 177 62 2864 414 176 102 64 100 76 48 45 2450 122 57 89 44 77 133 52 42 238 2328
is_linear=0
shrinkage=0.05


Tree=3
num_leaves=31
num_cat=0
split_feature=13 18 56 16 13 10 13 47 21 16 21 45 13 16 16 13 28 2 37 5 8 2 22 53 16 49 28 18 18 8
split_gain=44.4063 11.9827 9.15217 5.62298 12.5424 4.05069 3.10384 4.45079 2.19869 1.80513 4.10343 1.59703 2.08923 1.65482 2.13274 1.4961 1.23404 1.2 0.981197 0.966376 0.783456 1.15645 0.667063 0.649987 0.963948 1.12396 0.676506 0.625199 0.545398 0.612813
threshold=-0.50733333826065052 0.71210584044456493 -2.3240000009536739 1.1800000071525576 -0.28000000119209284 -10.421407222747801 -0.79177775979042042 0.37040759623050695 -0.7147499918937682 0.29999999701976782 0.031500000506639488 -0.81616666913032521 -0.29199999570846552 0.29999999701976782 0.53999999165534984 -0.63277778029441822 -0.12339999899268149 0.99177777767181408 0.66525000333786022 0.17500000074505809 1.0000000180025095e-35 0.51800000667572033 -0.4910499900579452 -1.6995000243186948 0.29999999701976782 1.0000000180025095e-35 -1.3800999522209165 0.46173334121704107 0.75272428989410411 1.6333333253860476
decision_type=2 2 2 2 2 2 2 2 2 2 2 2 2 2 2 2 2 2 2 2 2 2 2 2 2 2 2 2 2 2
left_child=1 2 5 11 19 8 7 -4 -1 18 -11 12 13 -2 -15 -3 -7 -10 -8 -5 21 -13 -19 24 -22 26 -26 -23 29 -6
right_child=3 15 6 4 28 16 9 -9 17 10 -12 20 -14 14 -16 -17 -18 22 -20 -21 23 27 -24 -25 25 -27 -28 -29 -30 -31
leaf_value=-0.12962475835560994 0.0021575756665512813 -0.20249773702007112 -0.068755621983776424 -0.083714414126495801 -0.035404568193749417 -0.068683290564922839 0.032425037316598647 -0.11852477878719786 -0.099674690486517128 -0.19420816352259537 0.0053397554179040636 0.15605804038840415 0.093178204992647451 -0.29240313354054281 0.0064446495758083318 -0.089205892104639195 -0.036876769844009519 -0.14698965150264851 -0.036149801366704051 -0.08473032689184988 0.069601886168236954 -0.072387127319355579 -0.12072079988143987 0.094366456841762772 -0.056111804895372597 -0.30554375848978776 0.01810943416233269 -0.056328966965908549 0.12001857579373232 0.039105589526384862
leaf_weight=30 61 35 39 21 22 29 82 25 27 26 42 65 247 39 29 20 31 21 35 20 133 24 24 2093 21 29 64 33 74 24
leaf_count=30 61 35 39 21 22 29 82 25 27 26 42 65 247 39 29 20 31 21 35 20 133 24 24 2093 21 29 64 33 74 24
internal_value=0.000367966 -0.0139914 -0.0110584 0.0025992 -0.00649068 -0.0203086 -0.00504016 -0.0145312 -0.0263725 -0.00175676 -0.00823529 0.00311487 7.97874e-05 -0.00507752 -0.0104412 -0.0359091 -0.01 -0.0311111 0.00200855 -0.0303659 0.00357839 -0.000327869 -0.0361111 0.00378205 0.00135628 -0.00201754 0.000882353 -0.00552632 0.00166667 -0.0026087
internal_weight=3465 466 411 2999 161 162 249 64 102 185 68 2838 376 129 68 55 60 72 117 41 2462 122 45 2340 247 114 85 57 120 46
internal_count=3465 466 411 2999 161 162 249 64 102 185 68 2838 376 129 68 55 60 72 117 41 2462 122 45 2340 247 114 85 57 120 46
is_linear=0
shrinkage=0.05


Tree=4
num_leaves=31
num_cat=0
split_feature=13 18 56 13 13 14 21 21 35 56 10 35 26 11 10 14 20 37 11 8 0 18 9 9 56 9 46 35 18 18
split_gain=41.4345 12.5657 8.08306 4.01891 3.70254 5.64284 2.39045 1.98943 1.7046 1.61673 1.50354 2.14383 1.46812 1.40055 1.2016 1.14256 1.25662 1.06002 1.16959 0.945855 0.986339 1.57282 0.937552 0.834483 0.789027 1.17179 1.10095 0.717949 0.656566 0.669262
threshold=-0.54000002145767201 0.71210584044456493 -2.1395000219345088 -0.79177775979042042 -0.37600000202655787 0.38750000298023229 -0.095849998295307146 -1.0000000180025095e-35 1.2457500100135805 -2.5394999980926509 -10.497631072998045 -0.82774999737739552 -0.1909999996423721 -1.0000000180025095e-35 -9.7201170921325666 0.15416666865348819 -1.0439999699592588 0.89265000820159923 0.097726337611675276 1.0000000180025095e-35 0.53999999165534984 0.46173334121704107 0.19797787070274356 0.35007603466510778 -2.4769999980926509 0.23992150276899341 -0.10316666588187216 -3.6482499837875362 0.75272428989410411 0.62164199352264415
decision_type=2 2 2 2 2 2 2 2 2 2 2 2 2 2 2 2 2 2 2 2 2 2 2 2 2 2 2 2 2 2
left_child=1 2 3 7 5 9 8 -1 12 15 11 -5 -4 -12 -8 -2 -17 -11 22 20 -6 -22 -19 -3 25 26 27 -21 29 -23
right_child=4 23 6 10 19 -7 14 -9 -10 17 13 -13 -14 -15 -16 16 -18 18 -20 24 21 28 -24 -25 -26 -27 -28 -29 -30 -31
leaf_value=-0.15272367487788907 0.018839693676196135 -0.17796195602506037 0.027655295708858763 -0.051139675934833886 0.14834513968594859 -0.091231219606549951 0.0047616047728465281 -0.11409559136343113 -0.10112645124792796 0.017342910783247806 0.002172593825305841 -0.10090135591481852 -0.11032526829719691 -0.072717280225985892 -0.19099776116536915 -0.10266812185469837 -0.054041668476219912 0.0067908744805408264 0.03063021398579048 -1.2027395957933578 -0.076045615795697866 0.062951720174105941 -0.075534582958712404 -0.2053332710277781 0.09511813124506055 0.092155493630271826 -0.01149165314961945 0.097768563898502817 0.14652804678810871 -0.060592084467588972
leaf_weight=35 25 20 20 23 61 20 133 24 20 316 29 30 21 26 24 22 21 21 24 26 23 31 36 29 2105 183 21 28 39 29
leaf_count=35 25 20 20 23 61 20 133 24 20 316 29 30 21 26 24 22 21 21 24 26 23 31 36 29 2105 183 21 28 39 29
internal_value=0.000440116 -0.0140092 -0.010974 -0.0192515 0.00250907 -0.00149485 -0.00463303 -0.0297458 -0.0130328 -0.000376344 -0.0135185 -0.0195283 -0.00719512 -0.00772727 -0.00136943 -0.0075 -0.0124419 0.000843829 -0.00425926 0.0032718 -0.000191257 -0.00278688 -0.00815789 -0.0378571 0.00353999 0.000930233 -0.00433333 -0.000555555 -5.05049e-05 -0.00333333
internal_weight=3465 434 385 167 3031 485 218 59 61 465 108 53 41 55 157 68 43 397 81 2546 183 122 57 49 2363 258 75 54 99 60
internal_count=3465 434 385 167 3031 485 218 59 61 465 108 53 41 55 157 68 43 397 81 2546 183 122 57 49 2363 258 75 54 99 60
is_linear=0
shrinkage=0.05


Tree=5
num_leaves=31
num_cat=0
split_feature=13 16 51 16 13 13 10 16 12 13 47 56 13 16 20 46 2 14 21 0 21 36 28 10 13 16 26 10 16 35
split_gain=37.4285 13.8628 10.1742 8.4098 13.9685 4.53743 3.19237 2.34901 2.03879 2.01277 2.48231 1.9812 2.17286 1.34607 1.47331 1.28674 1.15714 1.10736 0.990431 0.996099 0.798126 0.692958 0.606512 0.578065 0.49827 0.983676 1.18666 0.794819 0.314058 0.324219
threshold=-0.54000002145767201 1.1800000071525576 -3.5154999494552608 1.1800000071525576 -0.24199999868869779 -0.72200000286102284 -9.6671671867370588 0.25999999791383749 1.1126079559326174 -0.85111111402511586 0.24024433642625811 -2.4769999980926509 -0.24199999868869779 0.34000000357627874 -1.0439999699592588 -0.044999999925494187 1.3240000009536745 0.062500001862645163 -0.14320000261068341 0.90000000596046459 0.80099999904632579 1.0000000180025095e-35 0.52654999494552623 -9.3994007110595685 -0.38533332943916315 0.29999999701976782 1.169000029563904 -10.883582115173338 0.13999999687075618 -3.9759999513626094
decision_type=2 2 2 2 2 2 2 2 2 2 2 2 2 2 2 2 2 2 2 2 2 2 2 2 2 2 2 2 2 2
left_child=1 2 5 11 6 7 -5 -1 -7 10 -4 12 13 22 -15 -9 -6 -11 19 -19 21 -20 -2 -14 25 -13 27 -27 -26 -30
right_child=3 -3 9 4 16 8 -8 15 -10 17 -12 24 23 14 -16 -17 -18 18 20 -21 -22 -23 -24 -25 28 26 -28 -29 29 -31
leaf_value=-0.080407632586514788 0.0085462282866842956 -0.18305279328267451 -0.034494315755197451 -0.10260653331160895 0.094076537198712507 -0.086324703933365471 -0.0475801895044944 -0.14624305190063044 -0.015346315938746838 0.030116393033992037 -0.10698558150644509 0.058339184600772656 0.12034951804494197 -0.0023511273661003403 -0.045314164935635545 -0.18360948588521814 -0.039385936422835367 -0.055474117018824265 -0.073296882540463251 -0.038602334095394465 -0.027359725299242989 0.019397077895855444 -0.98772073536358429 -1.1595483285231052 -0.0854424831307245 -0.025616222733052037 -0.072803871104860529 0.011879776120804751 0.028318057074538956 0.095112225562494518
leaf_weight=29 58 35 27 26 105 25 33 26 30 57 20 239 155 30 29 29 21 27 30 20 33 41 23 20 33 24 24 89 48 2091
leaf_count=29 58 35 27 26 105 25 33 26 30 57 20 239 155 30 29 29 21 27 30 20 33 41 23 20 33 24 24 89 48 2091
internal_value=0.000412712 -0.0134149 -0.010736 0.00235892 -0.00797297 -0.0216187 -0.0280508 -0.0289286 -0.0104545 -0.00480392 -0.0141489 0.00302655 -0.000714286 -0.00535714 -0.0111017 -0.035 0.00142857 -0.00269231 -0.00493377 -0.0109574 -0.00221154 0.000774648 -0.00117284 0.003 0.00348901 0.00180851 -0.00156934 0.000575221 0.00377993 0.00385461
internal_weight=3477 429 394 3048 185 139 59 84 55 255 47 2863 315 140 59 55 126 208 151 47 104 71 81 175 2548 376 137 113 2172 2139
internal_count=3477 429 394 3048 185 139 59 84 55 255 47 2863 315 140 59 55 126 208 151 47 104 71 81 175 2548 376 137 113 2172 2139
is_linear=0
shrinkage=0.05


Tree=6
num_leaves=31
num_cat=0
split_feature=13 16 56 16 13 2 35 0 9 11 46 13 56 13 16 37 35 2 37 9 13 9 13 16 26 14 8 0 5 12
split_gain=35.0899 14.4038 8.66058 6.86203 11.0818 3.41383 2.41123 2.36916 1.72513 1.55769 1.46006 1.62207 1.24434 1.72111 1.15546 1.0022 2.21845 0.963408 0.767243 1.12873 0.736988 0.56102 0.45281 0.983676 1.18666 0.627561 0.551637 1.0694 0.58551 0.433653
threshold=-0.54000002145767201 1.1800000071525576 -2.3240000009536739 1.1800000071525576 -0.28599999845027918 1.1840000152587893 -1.4290000200271604 1.060000002384186 0.27685733139514929 -0.10644736513495444 -0.30433332920074457 -0.72200000286102284 -2.4769999980926509 -0.29199999570846552 0.25999999791383749 -0.40420000255107874 -1.5452499985694883 1.3240000009536745 0.037449998781085021 0.32008440792560583 -0.14733333140611646 0.18629470467567447 -0.38533332943916315 0.29999999701976782 1.169000029563904 0.22083333134651187 1.0000000180025095e-35 0.53999999165534984 0.17500000074505809 2.7437185049057011
decision_type=2 2 2 2 2 2 2 2 2 2 2 2 2 2 2 2 2 2 2 2 2 2 2 2 2 2 2 2 2 2
left_child=1 2 5 12 8 6 -1 18 -5 -9 -8 -12 13 15 -7 16 -2 20 -4 -20 -6 -15 23 -14 25 29 27 -24 -29 -25
right_child=3 -3 7 4 17 14 10 9 -10 -11 11 -13 22 21 -16 -17 -18 -19 19 -21 -22 -23 26 24 -26 -27 -28 28 -30 -31
leaf_value=-0.0078197743553504537 -0.42889702817009234 -0.1739001536185408 0.0074059683591665695 -0.06388321009426666 -0.034941361399969957 -0.087761121385674601 -0.085350173417215403 -0.11239000114212616 -0.090739114272320981 -0.093406052821094321 -0.093589609322084655 -0.080276706207672271 0.055422225370734025 -1.0763877108986177 -0.16109399055259369 0.001707011733040973 -0.041386916253437045 -0.037416639601693592 -0.070890151911508381 0.0034875775713605981 0.11604101670976441 0.10209837193677151 0.13602227187801183 0.010913217494417265 -0.069163677549617497 0.019764047641367091 0.092026613718218284 -0.066179638973952584 0.026261164085169042 -0.027974813716197006
leaf_weight=30 36 35 104 26 24 22 20 26 24 26 29 28 239 30 34 54 29 21 37 38 90 166 61 23 24 69 2053 22 36 21
leaf_count=30 36 35 104 26 24 22 20 26 24 26 29 28 239 30 34 54 29 21 37 38 90 166 61 23 24 69 2053 22 36 21
internal_value=0.000556514 -0.0128322 -0.0101015 0.00244095 -0.00689189 -0.0189264 -0.0136916 -0.00387446 -0.027 -0.0132692 -0.0183766 -0.0142982 0.00304401 7.93653e-05 -0.0289286 -0.00466387 -0.00884615 0.000555556 -0.00114525 -0.005 0.00236842 0.00295918 0.00341052 0.00180851 -0.00156934 0.000575221 0.00368785 0.000378151 -0.00448276 -0.00409091
internal_weight=3477 429 394 3048 185 163 107 231 50 52 77 57 2863 315 56 119 65 135 179 75 114 196 2548 376 137 113 2172 119 58 44
internal_count=3477 429 394 3048 185 163 107 231 50 52 77 57 2863 315 56 119 65 135 179 75 114 196 2548 376 137 113 2172 119 58 44
is_linear=0
shrinkage=0.05


Tree=7
num_leaves=31
num_cat=0
split_feature=44 16 56 44 18 8 2 16 27 37 35 27 14 56 14 16 28 36 27 49 11 11 18 56 56 2 18 18 53 37
split_gain=25.4056 11.512 10.6376 8.4563 5.28651 4.89637 4.16056 2.60263 2.48018 1.90928 1.79884 1.74672 1.47724 1.37589 1.87989 2.51842 2.52238 1.1682 1.12667 0.956106 0.607582 1.32688 0.555651 0.441176 0.858216 0.434389 0.362034 4.94222 0.487099 0.858884
threshold=-14.499999999999998 1.1800000071525576 -2.0039999485015865 -6.4999999999999991 0.60763701796531688 1.6999999880790713 1.1660000085830691 0.34000000357627874 0.95399999618530285 0.33220000565052038 -0.5767499804496764 0.13774999976158145 0.15416666865348819 -2.4239999055862422 0.25416666269302374 0.29999999701976782 0.72410002350807201 0.63260000944137584 -0.14244999736547467 1.5000000000000002 -0.10062961280345915 0.001462319400161505 0.7278108298778535 -6.6915001869201651 -3.877499938011169 1.0077777802944186 0.39782011508941656 0.40406349301338201 -1.1255000233650205 -2.2635999917984004
decision_type=2 2 2 2 2 2 2 2 2 2 2 2 2 2 2 2 2 2 2 2 2 2 2 2 2 2 2 2 2 2
left_child=2 13 4 5 8 -3 25 10 11 20 -6 12 -1 14 15 23 18 19 -17 -11 -4 -22 26 -2 -25 -5 -15 -28 29 -29
right_child=1 3 9 6 7 -7 -8 -9 -10 17 -12 -13 -14 22 -16 16 -18 -19 -20 -21 21 -23 -24 24 -26 -27 27 28 -30 -31
leaf_value=-0.02500085665308981 0.21693536253308443 -0.099557845252791849 0.032045879136183203 0.055076959610278822 -0.074919446160756839 -0.03902689315772026 -0.1422983920080817 -0.15741548110255876 -0.093954889036920758 -0.99241397772688811 -0.2391281627604378 0.0093384084684187945 -0.13190353643718203 0.10006028353364016 0.093226065579016748 0.0018061055413294289 -1.0942934968310529 -0.081831214406912212 -0.10835529467460747 0.0032539519357543643 -0.049667421547830798 0.014896946234874101 -0.039469678752184711 -0.93321984163189653 0.048122767552265272 -0.052997697869583887 -1.3629282958109867 -0.071500214549177252 0.072138823826538037 0.026773541302274224
leaf_weight=37 60 29 46 78 21 33 36 24 20 33 20 20 36 834 120 50 23 20 25 26 29 38 20 21 47 24 33 31 1331 312
leaf_count=37 60 29 46 78 21 33 36 24 20 33 20 20 36 834 120 50 23 20 25 26 29 38 20 21 47 24 33 31 1331 312
internal_value=0.000628415 0.00210332 -0.0117568 -0.0095 -0.0205618 -0.0248387 -0.0026087 -0.0319231 -0.0140265 -0.00359375 -0.0242683 -0.0105914 -0.0141781 0.00290162 -5.78033e-05 -0.00274336 -0.00877551 -0.00955696 -0.00433333 -0.00601695 0.000575221 -0.00246269 0.00330144 0.001875 -0.000882353 0.00254902 0.00336678 0.00294962 0.00332736 0.00164723
internal_weight=3477 3107 370 200 178 62 138 65 113 192 41 93 73 2907 346 226 98 79 75 59 113 67 2561 128 68 102 2541 1707 1674 343
internal_count=3477 3107 370 200 178 62 138 65 113 192 41 93 73 2907 346 226 98 79 75 59 113 67 2561 128 68 102 2541 1707 1674 343
is_linear=0
shrinkage=0.05


Tree=8
num_leaves=31
num_cat=0
split_feature=13 16 51 16 13 13 47 44 21 47 13 46 16 16 0 44 17 13 16 26 56 10 4 8 0 5 37 26 28 10
split_gain=28.882 14.485 7.66023 5.85444 11.4311 2.84181 2.26797 2.24492 1.68979 1.45671 3.27657 1.32611 1.61582 1.09832 0.920256 1.30956 0.810522 0.780774 1.0549 0.775565 0.683656 0.746544 0.568457 0.565373 1.0694 0.58551 0.445673 0.326512 0.317653 0.501876
threshold=-0.54000002145767201 1.1800000071525576 -3.5154999494552608 1.1800000071525576 -0.34000000357627863 -0.63977777957916249 2.5266611576080327 -6.4999999999999991 -0.60789999365806568 0.36601036787033087 -0.79177775979042042 -2.1233333945274349 0.21999999880790713 0.29999999701976782 0.85999998450279247 -14.499999999999998 0.12500000372529033 -0.32600000500679011 0.29999999701976782 2.0662499666213994 -3.0519999265670772 -11.286807537078856 1.1000000238418581 1.0000000180025095e-35 0.53999999165534984 0.17500000074505809 0.33220000565052038 -2.1247500181198116 0.40219999849796301 -9.7711868286132795
decision_type=2 2 2 2 2 2 2 2 2 2 2 2 2 2 2 2 2 2 2 2 2 2 2 2 2 2 2 2 2 2
left_child=1 2 5 11 -5 6 13 -6 -8 26 -11 12 -2 -1 15 -12 -16 18 27 20 -20 -22 -9 24 -19 -26 -4 -13 -23 -30
right_child=3 -3 9 4 7 -7 8 22 -10 10 14 17 -14 -15 16 -17 -18 23 19 -21 21 28 -24 -25 25 -27 -28 -29 29 -31
leaf_value=-0.04707771256065816 0.18637449349987822 -0.15778788451702558 0.032572637357157687 -0.072801599665136274 -0.054092382473498436 -0.032895430253429531 -0.064782304100290386 0.070283684335522442 -0.1442880265080087 -0.05471997950859131 -0.14575316892290227 -0.00057541686293713368 -1.0428005060389787 -0.1306423597790177 -0.0612557209065853 -0.0010788986783192842 0.021042595512557289 0.12421814410742922 -0.035819882806575755 -0.050076143651451903 -0.023001062453443907 0.017914514544685432 -0.028430888021204838 0.095652267037298261 -0.067734063859714908 0.020643128269717006 -0.02003847026673675 0.05477835410704706 0.031047360180108757 -0.020983296460752286
leaf_weight=27 26 35 69 38 24 31 22 102 25 25 22 31 33 34 31 30 50 61 23 20 31 148 21 2001 22 36 28 362 34 35
leaf_count=27 26 35 69 38 24 31 22 102 25 25 22 31 33 34 31 30 50 61 23 20 31 148 21 2001 22 36 28 362 34 35
internal_value=0.000829738 -0.011317 -0.00857868 0.00253937 -0.00608108 -0.0180216 -0.0218519 0.000238095 -0.0301064 -0.00343137 -0.0063924 0.0030964 -0.00432203 -0.0154918 -0.00327068 -0.00846154 6.17286e-05 0.0032525 0.00178363 -0.000498282 0.000202952 0.000967742 0.00296748 0.00372642 0.000378151 -0.00448276 0.00139175 0.00347328 0.00200461 -0.000797101
internal_weight=3477 429 394 3048 185 139 108 147 47 255 158 2863 59 61 133 52 81 2804 684 291 271 248 123 2120 119 58 97 393 217 69
internal_count=3477 429 394 3048 185 139 108 147 47 255 158 2863 59 61 133 52 81 2804 684 291 271 248 123 2120 119 58 97 393 217 69
is_linear=0
shrinkage=0.05


Tree=9
num_leaves=31
num_cat=0
split_feature=4 16 10 18 9 47 1 0 0 9 20 36 47 53 11 36 18 53 12 16 17 26 53 48 5 16 53 8 16 17
split_gain=17.8943 6.78868 9.16206 3.81369 9.584 3.64832 4.42543 3.44537 2.02146 1.7389 1.3417 1.63981 1.28063 1.14231 0.880902 1.03846 0.854785 0.670579 0.967224 1.34127 0.648858 0.971443 1.58078 0.903909 0.588372 0.507854 0.502724 0.493456 0.443309 0.711352
threshold=0.85999998450279247 1.1800000071525576 -9.4937968254089338 0.72674912214279186 0.98854506015777599 1.3213969469070437 0.42499999701976782 0.62000000476837169 0.70000001788139354 0.16814770549535754 -1.6949999928474424 -0.41984999179840082 2.670454859733582 -3.4670000076293941 -0.091342974454164491 -0.052300000563263886 0.61788889765739452 3.8374999761581425 2.7014106512069707 0.21999999880790713 0.45833332836627966 0.057500001043081291 -1.83050000667572 1.0000000180025095e-35 0.17500000074505809 0.29999999701976782 -1.5855000019073484 1.1000000238418581 0.29999999701976782 0.45833332836627966
decision_type=2 2 2 2 2 2 2 2 2 2 2 2 2 2 2 2 2 2 2 2 2 2 2 2 2 2 2 2 2 2
left_child=1 8 7 5 -5 14 12 -3 17 -10 -8 -12 -7 -13 -2 -16 -17 28 19 -19 21 22 25 -24 -4 -11 -23 -21 -1 -30
right_child=3 2 24 4 -6 6 10 -9 9 20 11 13 -14 -15 15 16 -18 18 -20 27 -22 26 23 -25 -26 -27 -28 -29 29 -31
leaf_value=0.078516338513625245 0.0335033170750808 -0.058521042571192783 -0.014668517850019748 -0.16467574288909406 -0.0014493258760793994 -0.087257209313516035 0.0058723592519950548 -0.080925716805268527 -0.1050305828920572 0.053336336416498299 -0.10739210467573379 0.014904534870927702 -0.14587427813961948 -0.064644586325204853 -0.046673735124899918 0.0077531779427765903 -0.044759296711905067 0.17212724414905187 0.089093494026046161 -1.0563695980730801 0.05498122591327808 -0.042358334245923883 -0.086778628468064889 -0.0027485103334094988 0.046612803146092605 -0.039805728652845228 0.034633576095057413 -1.161025792684645 0.019388994139397805 0.080819657849336896
leaf_weight=1360 41 30 29 31 29 33 30 24 33 50 30 22 36 30 26 51 27 25 64 23 78 20 35 26 76 26 109 22 515 546
leaf_count=1360 41 30 29 31 29 33 30 24 33 50 30 22 36 30 26 51 27 25 64 23 78 20 35 26 76 26 109 22 515 546
internal_value=0.00090164 0.0021692 -0.00789308 -0.0092487 -0.0208333 -0.00711656 -0.0118508 -0.0246296 0.00271487 -0.000702918 -0.00571429 -0.00902439 -0.0218116 -0.00365385 -0.0012069 -0.00365385 -0.000769231 0.00321918 -0.00022388 -0.00428571 0.000348837 -0.000827067 -0.00375912 -0.0097541 0.000714286 0.00105263 0.00228682 -0.00944444 0.00340975 0.00264373
internal_weight=3477 3091 159 386 60 326 181 54 2932 377 112 82 69 52 145 104 78 2555 134 70 344 266 137 61 105 76 129 45 2421 1061
internal_count=3477 3091 159 386 60 326 181 54 2932 377 112 82 69 52 145 104 78 2555 134 70 344 266 137 61 105 76 129 45 2421 1061
is_linear=0
shrinkage=0.05


Tree=10
num_leaves=31
num_cat=0
split_feature=13 16 13 51 27 13 16 8 16 14 14 14 49 27 14 35 12 17 5 13 11 10 17 14 46 17 36 0 36 20
split_gain=25.1731 12.1632 5.01631 2.78749 2.13848 2.1356 6.50594 2.62811 2.60742 2.31172 2.31373 1.66266 1.63896 1.55676 1.51498 1.45255 1.50966 1.3667 1.23106 1.07299 0.949879 0.75279 0.815817 0.742424 0.675884 0.594381 0.591583 0.518979 0.882883 0.498969
threshold=-0.48000000417232508 1.1800000071525576 -0.81833332777023304 -2.6469999551773067 0.32934999465942388 -0.24599999934434888 1.1800000071525576 1.6999999880790713 0.34000000357627874 0.23749999701976779 0.21249999850988391 0.13750000298023227 1.0000000180025095e-35 0.60319998860359203 0.11250000074505807 -0.8722499907016753 0.56483963131904613 0.20833333581686023 0.075000001117587103 -0.66533333063125599 -0.061792220920324319 -8.552093029022215 0.12500000372529033 0.15416666865348819 -2.1233333945274349 0.12500000372529033 -0.32725000381469721 0.38000001013278967 0.23929999768733981 1.4394999742507937
decision_type=2 2 2 2 2 2 2 2 2 2 2 2 2 2 2 2 2 2 2 2 2 2 2 2 2 2 2 2 2 2
left_child=1 2 4 13 11 6 8 -8 24 10 26 25 -12 15 -5 23 -17 -18 -16 -3 -20 -7 -23 -4 -2 -1 -10 28 -26 -11
right_child=5 19 3 14 -6 21 7 -9 9 29 12 -13 -14 -15 18 16 17 -19 20 -21 -22 22 -24 -25 27 -27 -28 -29 -30 -31
leaf_value=-0.0020741931110560721 -0.82075366015046913 -0.20747671203617887 0.017769099152163282 0.038589818937837451 -0.10064039475278862 0.10342030504840416 -0.070234006815706601 -0.0085494544183755163 -0.027459643060422839 0.027232768991813445 -0.029933550219480444 -0.12612734700206193 -0.055390216189966729 -0.086799317853591948 -0.099210096878071377 -0.0097223184276622396 -0.15067799436819082 -0.004061171953541976 -0.045250476253904333 -0.062938567966160125 0.0029017110808965234 -0.16848259517228803 0.034174909686217711 -0.034748958494953158 0.049480977387966453 -0.065214951714541725 0.017526616873411418 0.05562325457021608 -0.031014580654236817 -0.016362211748373
leaf_weight=29 26 21 25 98 31 1730 23 20 23 135 26 28 20 20 39 23 27 23 23 22 81 30 225 30 74 26 36 535 37 24
leaf_count=29 26 21 25 98 31 1730 23 20 23 135 26 28 20 20 39 23 27 23 23 22 81 30 225 30 74 26 36 535 37 24
internal_value=0.000854701 -0.00901099 -0.00682903 -0.00412596 -0.0160526 0.00267206 0.000760981 -0.0182558 0.00163462 -0.00257576 -0.00833333 -0.0118675 -0.0167391 -0.00952703 -0.000809128 -0.0075 -0.0121233 -0.017 -0.00409091 -0.0345349 -0.00125 0.00361461 0.00107843 -0.00136364 0.00328869 -0.00681818 -0.00177966 0.00360681 0.000495496 0.00122642
internal_weight=3510 546 503 389 114 2964 979 43 936 264 105 83 46 148 241 128 73 50 143 43 104 1985 255 55 672 55 59 646 111 159
internal_count=3510 546 503 389 114 2964 979 43 936 264 105 83 46 148 241 128 73 50 143 43 104 1985 255 55 672 55 59 646 111 159
is_linear=0
shrinkage=0.05


Tree=11
num_leaves=31
num_cat=0
split_feature=13 18 2 13 17 18 0 10 51 26 28 17 14 9 9 15 45 46 27 0 21 27 10 18 3 2 17 35 37 22
split_gain=22.5393 9.70457 3.56156 3.02936 3.56887 4.46001 3.88929 2.38078 1.91889 2.08095 1.84229 1.46809 1.46104 1.37592 0.876783 0.715054 0.846454 0.693706 0.600214 0.590982 1.04906 0.657692 0.589317 0.550466 1.46306 0.493404 1.08856 0.423139 0.380168 0.347143
threshold=-0.54000002145767201 0.71305307745933544 1.1620000004768374 -0.22000000625848767 0.37500000000000006 0.69464683532714855 0.62000000476837169 -14.415544986724852 -0.94749999046325672 -0.33975000679492945 0.46829999983310705 0.45833332836627966 0.22916666418313983 0.29190769791603094 0.3599508553743363 0.56666669249534618 -0.38516665995120997 -0.79866668581962574 -0.66185000538825978 0.38000001013278967 0.36574999988079077 -0.11214999854564665 -8.4210262298583967 0.51379999518394481 0.49050766229629522 0.51800000667572033 0.20833333581686023 -3.1200000047683711 0.33220000565052038 0.062899999320507063
decision_type=2 2 2 2 2 2 2 2 2 2 2 2 2 2 2 2 2 2 2 2 2 2 2 2 2 2 2 2 2 2
left_child=1 2 8 4 19 11 -7 -4 9 15 -11 -6 13 -9 -3 16 18 -5 -1 20 21 29 -19 -21 27 -24 -27 -25 -10 -2
right_child=3 14 7 17 5 6 -8 12 28 10 -12 -13 -14 -15 -16 -17 -18 22 -20 23 -22 -23 25 24 -26 26 -28 -29 -30 -31
leaf_value=-0.058331748699991685 0.016419725338761803 -0.11861972260010074 -0.0058165229314285473 -0.91319591988215165 -0.036180729302805741 -0.042711294116938504 -0.075083444483363015 -0.055199037246199623 0.025989879486443643 -0.1473065045710519 -0.057510203323097281 0.011135290085536959 -0.080140123386160111 -0.17268206338476283 -0.15860702378232683 0.044533319097263185 -0.037908800577166238 0.10783856182373071 0.00081777871822236257 0.053843561208005125 -0.02561149592139993 0.058482350700393294 0.13707267227477291 -0.66707768755137264 -0.108913277475188 -0.071174681271511914 0.013964161433294457 0.016455269152122143 -0.015519308864503985 -1.2906259038556285
leaf_weight=20 35 21 23 27 36 36 20 21 73 32 38 149 28 23 26 21 21 1632 52 353 32 57 100 20 38 40 82 393 36 25
leaf_count=20 35 21 23 27 36 36 20 21 73 32 38 149 28 23 26 21 21 1632 52 353 32 57 100 20 38 40 82 393 36 25
internal_value=0.000940171 -0.00971264 -0.0071134 0.00244715 0.000477387 -0.00495851 -0.0173214 -0.0155263 -0.00438567 -0.0075 -0.0142857 -0.00121622 -0.02 -0.0256818 -0.0311702 -0.00333333 -0.00521505 0.0036975 -0.00263889 0.00185205 -0.00104027 0.00115385 0.00381338 0.00238806 0.0012306 0.0013964 -0.000737705 0.00209443 0.00087156 -0.0025
internal_weight=3510 435 388 3075 1194 241 56 95 293 184 70 185 72 44 47 114 93 1881 72 953 149 117 1854 804 451 222 122 413 109 60
internal_count=3510 435 388 3075 1194 241 56 95 293 184 70 185 72 44 47 114 93 1881 72 953 149 117 1854 804 451 222 122 413 109 60
is_linear=0
shrinkage=0.05


Tree=12
num_leaves=31
num_cat=0
split_feature=13 16 44 14 1 13 16 8 17 51 13 16 6 11 37 11 47 20 47 51 0 18 53 46 0 8 17 2 14 17
split_gain=18.9744 11.4415 3.97284 3.75039 2.16613 1.87963 3.91532 3.80034 1.85906 2.61228 1.77912 1.69887 1.34344 1.24281 1.12924 1.4658 0.917111 0.890801 0.880037 0.844425 1.05271 1.25801 0.846612 0.684467 0.555901 0.542529 0.72571 0.833333 0.519433 0.45325
threshold=-0.48000000417232508 1.1800000071525576 -16.499999999999996 0.095833335071802153 0.42499999701976782 -0.22000000625848767 1.1800000071525576 1.6999999880790713 0.37500000000000006 -1.8759999871253965 -0.66533333063125599 0.38000001013278967 0.90000000596046459 -0.11814374849200247 -2.3675500154495235 -0.026821021921932694 2.970929861068726 0.66525000333786022 2.4895701408386235 -1.5690000057220457 0.81999999284744274 0.59042423963546764 -2.3235000371932979 -0.79866668581962574 0.97999998927116405 1.0000000180025095e-35 0.20833333581686023 0.51800000667572033 0.22083333134651187 0.29166667163372045
decision_type=2 2 2 2 2 2 2 2 2 2 2 2 2 2 2 2 2 2 2 2 2 2 2 2 2 2 2 2 2 2
left_child=1 2 3 16 18 6 11 -8 9 -6 -3 14 13 -13 15 -2 24 28 -5 20 21 22 -4 -7 -1 26 27 -25 -15 -16
right_child=5 10 19 4 8 23 7 -9 -10 -11 -12 12 -14 17 29 -17 -18 -19 -20 -21 -22 -23 -24 25 -26 -27 -28 -29 -30 -31
leaf_value=-0.025873921370379999 -0.98403440142731557 -0.18917252524525358 0.0024778099072342383 -0.074380639943826571 -0.14625431530527849 -0.86753612388804413 -0.064586741769074349 0.00087798018612968111 0.0048447463683580182 -0.035031870686342018 -0.051790913158701449 -0.02857837509817221 -0.03617492828654887 -0.014358574619022568 0.04955416940927472 0.035793986106260521 -0.025651450780495012 -0.028381908359509517 -0.12795838311116922 0.024801863258256431 0.0034078483581061487 -0.051322840767933281 -0.048059451814399551 0.092660113021245105 0.016932532893601773 0.10262696916281074 0.04352089637844183 -0.067615947207936303 0.021453319334941906 0.0041776095719371466
leaf_weight=24 20 21 28 26 39 27 23 24 26 33 22 20 29 39 673 34 22 28 28 128 49 29 24 20 47 1671 123 40 106 87
leaf_count=24 20 21 28 26 39 27 23 24 26 33 22 20 29 39 673 34 22 28 28 128 49 29 24 20 47 1671 123 40 106 87
internal_value=0.00111111 -0.00745421 -0.00533797 -0.00989796 -0.0147368 0.00268893 0.00102955 -0.0130851 -0.0103061 -0.0144444 -0.0322093 0.00166988 -0.00220721 -0.000699482 0.00272727 -0.00425926 -0.00198925 0.00066474 -0.0227778 -0.00100775 -0.00384615 -0.00734568 -0.00269231 0.00364434 0.000774648 0.00375944 0.00117486 -0.00333333 0.00224138 0.00322368
internal_weight=3510 546 503 245 152 2964 1083 47 98 72 43 1036 222 193 814 54 93 173 54 258 130 81 52 1881 71 1854 183 60 145 760
internal_count=3510 546 503 245 152 2964 1083 47 98 72 43 1036 222 193 814 54 93 173 54 258 130 81 52 1881 71 1854 183 60 145 760
is_linear=0
shrinkage=0.05


Tree=13
num_leaves=31
num_cat=0
split_feature=13 16 45 13 16 14 44 4 14 18 16 36 46 13 16 10 18 3 16 16 14 45 46 28 9 46 27 27 10 10
split_gain=17.1342 7.10275 3.38663 2.92228 3.98061 2.72172 2.87592 2.57029 1.81982 1.70686 2.0051 1.37759 0.859794 0.785063 2.12083 1.21499 1.47301 1.0741 0.765853 0.763212 0.695817 0.555769 0.553731 0.533605 0.490909 0.485541 0.475364 0.466088 0.46257 0.415385
threshold=-0.60199999809265126 1.1800000071525576 -1.8544166684150694 -0.40600000321865076 1.1800000071525576 0.095833335071802153 -22.499999999999996 0.4200000017881394 0.12083333358168603 0.57402777671813976 0.34000000357627874 -0.0076000001281499854 -2.1233333945274349 -0.22000000625848767 0.38000001013278967 -9.6454305648803693 0.58161616325378429 0.27582278847694403 0.29999999701976782 0.85999998450279247 0.070833336561918273 -0.21808333694934842 0.20683333277702334 -0.19645000249147412 0.17372192442417148 0.07816666737198831 -2.6052500009536739 -0.015250000171363352 -8.4210262298583967 -9.8317570686340314
decision_type=2 2 2 2 2 2 2 2 2 2 2 2 2 2 2 2 2 2 2 2 2 2 2 2 2 2 2 2 2 2
left_child=1 2 -1 4 7 24 -7 8 -2 27 21 -10 20 14 26 16 19 -18 -9 23 -5 -11 -20 -16 -4 -13 -14 -8 -15 -26
right_child=3 -3 5 12 -6 6 9 18 11 10 -12 25 13 28 15 -17 17 -19 22 -21 -22 -23 -24 -25 29 -27 -28 -29 -30 -31
leaf_value=-0.12059622247841331 0.056220984232904107 -0.17884355743749555 -0.030501168585602347 -0.81478800950462293 -0.054538742866773793 -0.14707726098133114 0.0049626576674889622 0.045464829858669065 -0.13117552237886662 -0.037919193781018407 -0.11211854325790505 0.020698118839380709 -0.029774652996294539 0.097301256004562464 -0.023567490600206496 0.007992666078912157 -0.051551695575909773 -0.061466989311335901 0.0012347802193932609 0.03688009805578675 0.21669918080855535 0.0019604252361248198 -0.039049925723520319 -0.0021619736687848723 0.026125879016405874 -0.14331089381241399 0.045416087574730729 -0.028764240396716146 0.01552927165236241 -0.0062100737230649222
leaf_weight=35 25 23 30 24 29 27 23 191 38 32 22 23 23 1638 25 68 20 21 112 37 22 20 30 26 54 20 585 39 222 26
leaf_count=35 25 23 30 24 29 27 23 191 38 32 22 23 23 1638 25 68 20 21 112 37 22 20 30 26 54 20 585 39 222 26
internal_value=0.00132479 -0.00950151 -0.0075 0.00245203 -0.00119658 -0.00562271 -0.00972393 -1.13893e-05 -0.00679245 -0.00676471 -0.0118919 -0.0104321 0.00308189 0.00319887 0.00189441 -0.00261421 -0.00546512 -0.0132927 0.00214715 -0.00181818 -0.00369565 -0.00653846 -0.000633803 -0.00578431 0.000454546 -0.00430233 0.00335526 -0.000645161 0.00376344 0.0025
internal_weight=3510 331 308 3179 468 273 163 439 106 136 74 81 2711 2665 805 197 129 41 333 88 46 52 142 51 110 43 608 62 1860 80
internal_count=3510 331 308 3179 468 273 163 439 106 136 74 81 2711 2665 805 197 129 41 333 88 46 52 142 51 110 43 608 62 1860 80
is_linear=0
shrinkage=0.05


Tree=14
num_leaves=31
num_cat=0
split_feature=13 18 16 13 45 14 44 13 14 10 9 0 13 16 6 14 51 46 14 5 56 46 8 0 48 12 51 16 22 27
split_gain=16.121 7.34886 2.83853 5.24971 2.60104 1.96 1.91364 1.6316 1.47277 1.10264 1.07037 1.04269 0.869963 1.59813 1.77097 1.90015 0.987662 0.982313 1.65143 0.926897 0.90167 0.699336 0.607721 1.225 0.47438 0.551378 0.816587 0.4663 0.344048 0.323359
threshold=-0.60199999809265126 0.71305307745933544 1.1800000071525576 -0.32600000500679011 -1.8544166684150694 0.36249999701976782 -16.499999999999996 -0.79177775979042042 0.095833335071802153 -9.3327941894531232 0.3816817998886109 0.81999999284744274 -0.22000000625848767 0.29999999701976782 0.90000000596046459 0.22916666418313983 -0.94749999046325672 0.028500000014901165 0.21249999850988391 0.42499999701976782 -3.0519999265670772 -0.79866668581962574 1.0000000180025095e-35 0.70000001788139354 1.0000000180025095e-35 2.459936380386353 -3.0500000715255733 0.13999999687075618 2.0900499820709233 0.45995000004768377
decision_type=2 2 2 2 2 2 2 2 2 2 2 2 2 2 2 2 2 2 2 2 2 2 2 2 2 2 2 2 2 2
left_child=1 4 6 5 -1 -4 -2 8 -6 -5 -10 -9 13 27 15 17 -16 20 19 -19 -15 -14 23 -23 -13 26 -26 -8 -17 -29
right_child=2 -3 3 9 7 -7 12 11 10 -11 -12 24 21 14 16 28 -18 18 -20 -21 -22 22 -24 -25 25 -27 -28 29 -30 -31
leaf_value=-0.11456641135449264 -0.25810580719787063 -0.12595727892952344 -0.051014265707685837 -0.051341545144899928 -0.019098687402491928 -0.03034636765418729 -0.0029345678549298391 -0.087119823275138994 -0.084710714878556068 0.057494024330872612 -0.044335005310113543 0.028376560584229056 -0.78341991721841087 -0.028000986601169616 -0.20925368127872251 0.02301461244512092 -0.043281386358662459 0.020510302012383616 -0.051702632895268302 -0.053083038972396523 0.004731253885224938 0.038388633081279773 0.094399509549122962 -0.067401118619032419 -0.097894537259597902 0.0034965087281096929 0.0057008921112023554 0.045547623343535709 -0.019308571827293661 0.026807596238708199
leaf_weight=35 20 35 20 28 48 25 24 30 30 109 24 52 27 21 20 250 35 21 20 29 77 90 1619 30 24 20 33 531 30 153
leaf_count=35 20 35 20 28 48 25 24 30 30 109 24 52 27 21 20 250 35 21 20 29 77 90 1619 30 24 20 33 531 30 153
internal_value=0.00145299 -0.00904834 0.0025464 -0.00351648 -0.00648649 -0.0183333 0.00291458 -0.00477011 -0.00970588 0.00135037 -0.0153704 -0.00160377 0.00301814 0.00198596 -0.000168986 0.000870536 -0.00863636 -0.00333333 -0.00785714 -0.003 -0.000102041 0.00372593 0.00384991 0.000416667 0.000348837 -0.00214286 -0.00464912 0.00351695 0.00339286 0.00375731
internal_weight=3510 331 3179 182 296 45 2997 261 102 137 54 159 2977 1211 503 448 55 168 70 50 98 1766 1739 120 129 77 57 708 280 684
internal_count=3510 331 3179 182 296 45 2997 261 102 137 54 159 2977 1211 503 448 55 168 70 50 98 1766 1739 120 129 77 57 708 280 684
is_linear=0
shrinkage=0.05


Tree=15
num_leaves=31
num_cat=0
split_feature=13 16 45 16 13 53 13 21 44 46 0 17 0 16 36 20 20 53 14 36 0 13 46 17 14 35 45 36 22 2
split_gain=17.3829 8.70498 4.62516 3.50751 5.29759 2.06227 1.98276 2.73259 1.90124 1.77963 1.10571 0.85016 0.759804 0.757429 1.28571 0.60173 1.0629 1.27509 0.549697 0.702042 0.758086 0.462644 0.656209 0.635412 1.27973 0.475502 1.5752 0.42071 0.498459 0.408809
threshold=-0.60199999809265126 1.1800000071525576 -1.9568333625793455 1.1800000071525576 -0.28599999845027918 -0.047499999403953545 -0.79177775979042042 0.11015000194311143 -16.499999999999996 0.037166666239500053 0.62000000476837169 1.0000000180025095e-35 1.0199999809265139 0.29999999701976782 -0.32725000381469721 -1.3872500061988828 -0.81874999403953541 -1.83050000667572 1.0000000180025095e-35 -0.1060499995946884 0.70000001788139354 -0.18733333051204679 -0.96899998188018788 0.29166667163372045 0.070833336561918273 -0.81174999475479115 -0.58291664719581593 0.20780000090599063 0.70654997229576122 1.3240000009536745
decision_type=2 2 2 2 2 2 2 2 2 2 2 2 2 2 2 2 2 2 2 2 2 2 2 2 2 2 2 2 2 2
left_child=1 2 -1 8 5 -5 7 9 -2 12 21 -8 -4 -13 -15 -12 17 -17 -18 20 -20 23 -23 -10 -25 -26 -27 -28 -29 -6
right_child=3 -3 6 4 29 -7 11 -9 10 -11 15 13 -14 14 -16 16 18 -19 19 -21 -22 22 -24 24 25 26 27 28 -30 -31
leaf_value=-0.11155496483474832 -0.24520051683797708 -0.15487216268139239 -0.041656610468681243 -0.059440424726467482 0.039505493391945985 -0.02470487748472085 -0.028505982250356023 -0.080705957999134131 0.03967301701978708 -0.039351680282101439 0.035464344814227389 0.023513931308948136 0.010737124012952966 -0.088880014022767184 0.0042287383775102454 0.017215534327411134 -0.061184938966043746 -0.047413582651964062 -0.099883137590482951 0.029083236191243141 0.02186446328321455 -0.7243023632326222 0.09691058246544354 -1.1725365320125882 0.025252682764254755 -0.03366505413135553 0.036516837440519534 0.028955136438929715 -0.16568703674035068 -0.036716083353653804
leaf_weight=34 20 28 20 26 94 27 22 33 730 20 97 87 31 20 50 35 36 30 36 235 70 20 1421 27 74 24 85 37 20 20
leaf_count=34 20 28 20 26 94 27 22 33 730 20 97 87 31 20 50 35 36 30 36 235 70 20 1421 27 74 24 85 37 20 20
internal_value=0.00130949 -0.00934783 -0.00698738 0.00247156 -0.00458084 -0.0176415 -0.00489399 -0.0103846 0.00286453 -0.00485915 0.00296775 -0.00170391 9.80394e-05 -0.000414013 -0.00428571 0.000918368 0.000135747 -0.00576923 0.00115385 0.00177419 -0.00160377 0.00342084 0.00399375 0.00259278 0.000505618 0.00166667 0.000180723 0.0021831 -0.00114035 0.00149123
internal_weight=3509 345 317 3164 167 53 283 104 2997 71 2977 179 51 157 70 539 442 65 377 341 106 2438 1441 997 267 240 166 142 57 114
internal_count=3509 345 317 3164 167 53 283 104 2997 71 2977 179 51 157 70 539 442 65 377 341 106 2438 1441 997 267 240 166 142 57 114
is_linear=0
shrinkage=0.05


Tree=16
num_leaves=31
num_cat=0
split_feature=13 18 56 13 18 17 1 37 18 10 13 45 13 11 47 0 46 11 18 9 36 0 8 17 0 35 4 56 4 18
split_gain=16.0828 7.61943 4.04621 2.90347 2.18309 2.0372 2.0059 1.58443 1.47264 1.82857 1.44353 1.42244 1.08995 1.08644 0.876556 0.793732 0.778289 0.68495 0.64257 1.08507 1.02797 0.625 0.519786 0.49597 0.6877 0.431925 0.425092 0.463053 0.354883 0.421505
threshold=-0.60199999809265126 0.71210584044456493 -4.3529999256134024 -0.37600000202655787 0.69464683532714855 0.62500000000000011 0.42499999701976782 0.58994999527931224 0.58161616325378429 -14.283152580261229 -0.79177775979042042 -1.6347500085830686 -0.74733334779739369 0.0056441025808453569 1.1587483882904055 0.62000000476837169 0.23933333158493045 -1.0000000180025095e-35 0.52422222495079052 0.36132296919822698 -0.1060499995946884 1.0199999809265139 1.0000000180025095e-35 0.37500000000000006 0.62000000476837169 0.95174998044967662 0.4200000017881394 -0.48550000786781305 1.1000000238418581 0.63114285469055187
decision_type=2 2 2 2 2 2 2 2 2 2 2 2 2 2 2 2 2 2 2 2 2 2 2 2 2 2 2 2 2 2
left_child=1 2 6 4 7 -6 -1 11 16 -10 -11 -2 -3 14 -9 -5 -4 -12 22 20 -20 -18 -17 26 -25 -15 27 -13 29 -21
right_child=3 12 8 15 5 -7 -8 13 9 10 17 23 -14 25 -16 18 21 -19 19 28 -22 -23 -24 24 -26 -27 -28 -29 -30 -31
leaf_value=-0.079261364359090689 -0.86386166078109794 -0.1433988144276169 0.0076324199450041935 0.065348917473050369 0.0010043919705643391 -0.053464294154396866 -0.112936821617759 -1.0244041456780228 0.048014797065328609 -0.067791308545204709 0.0025107690555376599 -0.0014459379924802306 -0.073357542634378173 0.017949923069206276 -0.012346623292376381 -0.051358459835753927 9.0470231343703356e-05 -0.076603321006368963 -0.086189244193251691 -0.011365134871270745 0.0042185565079189231 -1.0553665225223747 0.052742035942927923 0.0078106758888731856 -0.039411591669223457 -0.0059514174203184299 0.029537674300720275 0.037094050382775759 -0.034880279185971107 0.058376212789648808
leaf_weight=39 23 20 112 2226 24 32 23 22 20 24 20 33 21 23 31 22 20 26 26 60 22 20 165 33 29 48 202 59 20 64
leaf_count=39 23 20 112 2226 24 32 23 22 20 24 20 33 21 23 31 22 20 26 26 60 22 20 165 33 29 48 202 59 20 64
internal_value=0.00133799 -0.00891304 -0.00618421 0.00245575 -0.000813953 -0.0101786 -0.0175806 0.000228628 -0.00326446 -0.00833333 -0.0121429 0.00183377 -0.0291463 -0.00467742 -0.0100943 0.00315739 -0.000263158 -0.00695652 0.00104222 -0.000989583 -0.0075 -0.00625 0.00312834 0.00261236 -0.00145161 -0.000633803 0.00346939 0.000652174 0.00118056 0.00217742
internal_weight=3509 345 304 3164 559 56 62 503 242 90 70 379 41 124 53 2605 152 46 379 192 48 40 187 356 62 71 294 92 144 124
internal_count=3509 345 304 3164 559 56 62 503 242 90 70 379 41 124 53 2605 152 46 379 192 48 40 187 356 62 71 294 92 144 124
is_linear=0
shrinkage=0.05


Tree=17
num_leaves=31
num_cat=0
split_feature=44 16 18 7 53 45 28 37 16 20 44 16 14 47 14 22 46 37 22 8 9 27 10 18 18 2 14 16 45 26
split_gain=10.7513 5.31275 4.5085 4.04344 4.19751 3.56758 1.50966 1.42029 1.68001 1.08617 0.911305 1.3531 1.85497 1.32732 1.407 1.6492 0.910476 0.900563 0.951452 0.850022 1.27421 0.77195 1.22049 0.812231 0.761905 0.541918 0.444388 0.792405 0.722234 2.27368
threshold=-16.499999999999996 1.1800000071525576 0.71210584044456493 1.0000000180025095e-35 -0.98800000548362721 -1.8544166684150694 0.18219999969005587 1.5494000315666201 0.29999999701976782 1.016250014305115 -4.4999999999999991 0.29999999701976782 0.23749999701976779 2.398870706558228 0.20416666567325595 0.80379998683929454 0.25949999690055853 0.037449998781085021 -0.90040001273155201 1.0000000180025095e-35 0.55445221066474926 0.05269999988377095 -10.395014762878416 0.60763701796531688 0.44573332369327551 1.3240000009536745 0.15416666865348819 0.25999999791383749 -0.1157499998807907 -0.21474999934434888
decision_type=2 2 2 2 2 2 2 2 2 2 2 2 2 2 2 2 2 2 2 2 2 2 2 2 2 2 2 2 2 2
left_child=2 10 5 4 -3 -1 21 8 -8 25 11 26 13 14 16 17 -13 18 -16 20 -12 23 -23 -7 -22 -6 -2 28 29 -28
right_child=1 3 -4 -5 9 6 7 -9 -10 -11 19 12 -14 -15 15 -17 -18 -19 -20 -21 24 22 -24 -25 -26 -27 27 -29 -30 -31
leaf_value=-0.12536909269404717 0.05722274600909516 -0.07018930487485818 -0.10929926565708994 -0.12784831427356494 0.026207199007166296 0.011942455508632941 -0.031552106109351531 0.0097633070716405951 -0.90362895943146082 -0.027958554228398227 0.091611339899694791 0.02474033948967936 0.022265245684678941 -0.9758575238300724 0.0031655252347590149 -0.031077042076185668 -0.060553913631849955 0.012536744878239432 -0.046004319104978007 0.087683349051835308 -0.052486104900489154 -0.035609019426981123 0.029589572498034289 -0.0194335268186695 -0.023359557598839183 -0.043564485773189915 0.057264774571647636 0.022656351029041236 0.01741598067680496 -0.23954139869380056
leaf_weight=35 621 24 28 28 87 68 24 23 22 20 57 107 376 39 21 21 25 24 20 1363 27 20 27 23 36 21 27 175 90 30
leaf_count=35 621 24 28 28 87 68 24 23 22 20 57 107 376 39 21 21 25 24 20 1363 27 20 27 23 36 21 27 175 90 30
internal_value=0.00143773 0.0022368 -0.00814815 -0.00611111 -0.00289474 -0.00595041 -0.00345411 -0.00949275 -0.0145652 0.000703125 0.00272802 0.00189086 0.000102686 -0.00317121 -0.00165138 -0.00662791 0.00159091 -0.00269231 -0.00719512 0.00361767 -0.000416666 -0.000434782 -0.0056383 0.00225275 -0.00531746 0.00268519 0.0030912 0.00158385 -0.00112245 -0.00552632
internal_weight=3509 3239 270 180 152 242 207 69 46 128 3059 1576 633 257 218 86 132 65 41 1483 120 138 47 91 63 108 943 322 147 57
internal_count=3509 3239 270 180 152 242 207 69 46 128 3059 1576 633 257 218 86 132 65 41 1483 120 138 47 91 63 108 943 322 147 57
is_linear=0
shrinkage=0.05


Tree=18
num_leaves=31
num_cat=0
split_feature=13 16 45 16 13 18 16 36 9 13 18 10 14 11 5 12 47 16 9 9 18 1 16 0 9 44 13 0 3 2
split_gain=11.2424 6.94686 3.34365 2.28595 4.37253 1.88343 3.21456 1.0947 0.994084 0.974245 0.9 0.89044 0.876879 0.944717 0.886533 0.75562 0.754948 1.46348 3.27273 0.649965 0.52625 1.20594 0.465829 0.559206 0.514473 0.406823 0.377518 0.580851 1.3904 0.361765
threshold=-0.59177777171134938 1.1800000071525576 -1.8544166684150694 1.1800000071525576 -0.34000000357627863 0.58161616325378429 0.34000000357627874 0.18795000016689303 0.20786622911691668 -0.48000000417232508 0.75272428989410411 -9.3327941894531232 0.10416666790843011 0.11126318946480752 0.075000001117587103 2.7014106512069707 2.444411158561707 0.29999999701976782 0.21106000244617465 0.39955301582813268 0.51272907853126537 0.47499999403953558 0.34000000357627874 0.70000001788139354 0.58453398942947399 -9.4999999999999982 -0.24199999868869779 0.38000001013278967 0.29734541475772863 1.3240000009536745
decision_type=2 2 2 2 2 2 2 2 2 2 2 2 2 2 2 2 2 2 2 2 2 2 2 2 2 2 2 2 2 2
left_child=1 2 -1 9 10 20 7 8 -7 12 -5 -6 -2 14 -14 16 19 25 -19 -11 21 -4 23 24 -21 -18 27 28 -17 -13
right_child=3 -3 5 4 11 6 -8 -9 -10 15 -12 29 13 -15 -16 26 17 18 -20 22 -22 -23 -24 -25 -26 -27 -28 -29 -30 -31
leaf_value=-0.084878197548432816 0.046418327407900722 -0.13449365054308743 -0.067680254555154196 -0.064230567562346519 -0.0408558065362001 -0.044770824783744292 -0.094802270993089813 -0.019135795653680454 0.03028463617768298 0.047101180634366094 -0.017496339514540622 0.06233362402961054 -0.049753512430874634 -0.036668899493705581 0.032802639276274963 -0.023582195070605053 -0.03280504659468169 -1.181947665937612 0.054899766091245299 -0.059774732787540578 0.0065278734437624157 0.010299850074506971 0.040199524323519024 -0.054981855973485906 0.060620465079943543 0.063503795462318047 0.083605857519843813 0.023820784324092237 0.048635457390540607 -0.030958040938013055
leaf_weight=38 49 28 34 20 25 21 24 22 45 1157 20 82 36 38 53 32 23 22 22 34 84 55 69 52 53 84 896 332 39 20
leaf_count=38 49 28 34 20 25 21 24 22 45 1157 20 82 36 38 53 32 23 22 22 34 84 55 69 52 53 84 896 332 39 20
internal_value=0.00166572 -0.00682336 -0.00475232 0.00260925 -0.00308383 -0.00289474 -0.00794643 -0.00352273 -0.00030303 0.00292711 -0.0175 0.00145669 -0.000681818 -0.00287402 -5.61796e-05 0.00315275 0.00239446 -0.000960265 -0.00863636 0.00276557 0.000375723 -0.00230337 0.000192308 -0.00147482 0.000977012 0.00219626 0.00403772 0.00276675 -0.00133803 0.00352941
internal_weight=3509 351 323 3158 167 285 112 88 66 2991 40 127 176 127 89 2815 1516 151 44 1365 173 89 208 139 87 107 1299 403 71 102
internal_count=3509 351 323 3158 167 285 112 88 66 2991 40 127 176 127 89 2815 1516 151 44 1365 173 89 208 139 87 107 1299 403 71 102
is_linear=0
shrinkage=0.05


Tree=19
num_leaves=31
num_cat=0
split_feature=13 16 0 16 10 9 35 13 9 14 16 46 14 14 4 8 0 3 46 45 16 17 9 37 36 49 46 6 9 44
split_gain=9.50853 7.34942 2.61094 1.81077 3.54532 1.68056 1.07143 1.04099 0.850371 0.847438 1.00425 1.12154 0.880909 0.929804 1.46946 0.77116 1.14783 0.751038 0.661365 0.629645 0.845054 2.37421 0.53878 0.467557 0.467053 0.587385 0.432102 0.419242 0.362069 0.35761
threshold=-0.60199999809265126 1.1800000071525576 1.1399999856948855 1.1800000071525576 -9.7639136314392072 0.28517036139965063 0.89675000309944164 -0.18733333051204679 0.15916388481855395 0.15416666865348819 0.29999999701976782 0.13350000232458117 0.23749999701976779 0.21249999850988391 0.38000001013278967 1.0000000180025095e-35 0.53999999165534984 0.27582278847694403 -0.96899998188018788 -0.37808333337306971 0.29999999701976782 0.20833333581686023 0.16102648526430133 -0.71294999122619618 -0.29700000584125513 1.0000000180025095e-35 0.067833334207534804 0.40000000596046453 0.31797766685485845 -6.4999999999999991
decision_type=2 2 2 2 2 2 2 2 2 2 2 2 2 2 2 2 2 2 2 2 2 2 2 2 2 2 2 2 2 2
left_child=1 2 8 7 -5 -4 -6 9 -1 10 -2 -12 13 24 -15 16 -9 22 -17 20 26 -22 -14 -24 25 27 -10 -11 -16 -26
right_child=3 -3 5 4 6 -7 -8 15 19 12 11 -13 17 14 28 18 -18 -19 -20 -21 21 -23 23 -25 29 -27 -28 -29 -30 -31
leaf_value=-0.03430215835364999 0.054218880882054357 -0.12776896801593304 -0.024200970505978026 -0.053710102126651255 0.0091668939550616346 -0.090953287592441756 -0.028250562072554844 0.085067967378852472 0.0096761984195501503 0.011250098601125712 0.030891505818697443 -1.1553287546994513 -0.93697411352510152 -0.038672201138241109 -0.0022332187848595072 -0.66916512660913252 -0.0515919725486517 0.022209768191139775 0.081074512462271306 0.0043395854597540482 -0.10434496216593106 0.0036771230139391862 0.033453299155692472 -0.0016426381175677395 0.031513156924188677 -0.10825495397744295 -0.019962745469316399 -0.012267730505388354 0.010405161163821113 -0.0067530213644068793
leaf_weight=22 573 28 36 27 120 36 20 55 44 34 40 25 25 39 29 20 60 245 1477 97 25 37 49 131 93 20 20 25 21 36
leaf_count=22 573 28 36 27 120 36 20 55 44 34 40 25 25 39 29 20 60 245 1477 97 25 37 49 131 93 20 20 25 21 36
internal_value=0.00172271 -0.00615942 -0.00399054 0.00258217 -0.00248503 -0.0123611 0.000714286 0.00286453 -0.00153061 0.00185921 0.00319749 -0.00269231 0.000716198 -0.00139731 -0.00567416 0.00372829 -0.000217391 0.00211111 0.0040314 -0.000605381 -0.00293651 -0.00709677 -0.000121951 0.000833334 0.000432692 -0.00259494 0.00109375 -8.47456e-05 1.86265e-10 0.00228682
internal_weight=3509 345 317 3164 167 72 140 2997 245 1385 638 65 747 297 89 1612 115 450 1497 223 126 62 205 180 208 79 64 59 50 129
internal_count=3509 345 317 3164 167 72 140 2997 245 1385 638 65 747 297 89 1612 115 450 1497 223 126 62 205 180 208 79 64 59 50 129
is_linear=0
shrinkage=0.05


Tree=20
num_leaves=31
num_cat=0
split_feature=13 16 20 16 13 13 18 51 13 16 12 10 5 16 17 27 49 8 49 46 18 10 2 51 35 36 37 35 2 8
split_gain=8.97239 5.2413 3.15748 1.93814 3.1638 1.6478 1.33333 1.14286 1.07865 1.0805 0.834405 1.00787 0.80719 0.91637 1.05359 1.10769 1.08932 0.805021 0.630105 0.49826 0.478139 0.476439 0.475682 0.470196 0.750129 0.879767 1.13197 0.58697 0.449374 0.449068
threshold=-0.71177777647972096 0.34000000357627874 0.12849999964237216 1.1800000071525576 -0.28599999845027918 -1.0066666603088377 0.58161616325378429 -1.0685000419616697 -0.1858333349227905 0.29999999701976782 4.6300234794616708 -12.639276027679442 0.17500000074505809 0.38000001013278967 0.45833332836627966 0.30189999938011175 1.0000000180025095e-35 0.70000001788139354 1.0000000180025095e-35 0.0081666670739650744 0.75272428989410411 -9.0732021331787092 0.52599999308586132 -0.36950001120567316 -0.060249999165534966 -0.20569999516010282 -0.053600000217556946 -3.4559999704360957 1.3240000009536745 1.0000000180025095e-35
decision_type=2 2 2 2 2 2 2 2 2 2 2 2 2 2 2 2 2 2 2 2 2 2 2 2 2 2 2 2 2 2
left_child=1 5 6 8 7 -1 -3 -5 9 23 11 -11 13 19 16 -16 -15 18 -7 -13 -9 -14 -21 24 -2 -26 -27 -25 -6 -10
right_child=3 2 -4 4 28 17 -8 20 29 10 -12 12 21 14 15 -17 -18 -19 -20 22 -22 -23 -24 27 25 26 -28 -29 -30 -31
leaf_value=-0.05274881221333793 0.027954897317733891 -0.066653722249524025 -0.038609184721599216 -0.048002552124643216 0.051797452563214802 0.013660356582132056 -0.1294580081098817 -0.05947921341637176 0.011625788550650176 -0.031764313185136957 0.020623169098669309 0.030181933533760315 0.011999286450421779 -0.020560909856295627 0.036444385782389961 -0.021535798554878135 -0.10634975514095611 -0.039690810855015052 -0.016423330666040535 -1.3890337563934538 -0.014474159039799653 -0.91483981018727301 0.059982464493857968 -0.015608435198118107 -0.065794597361843676 -0.011188658913138515 0.028915147593545229 0.050404450060480645 -0.028323440671074909 0.075215010286914158
leaf_weight=22 240 24 26 21 101 79 24 20 113 26 140 54 237 34 32 20 20 37 31 23 22 25 20 22 34 20 101 475 21 1473
leaf_count=22 240 24 26 21 101 79 24 20 113 26 140 54 237 34 32 20 20 37 31 23 22 25 20 22 34 20 101 475 21 1473
internal_value=0.00172038 -0.00755144 -0.0186486 0.00240437 -0.00256757 -0.00269231 -0.02625 -0.0116667 0.00270023 0.00174984 0.000166403 -0.00080448 -0.000268817 -0.00263547 -0.00584906 -0.000769231 -0.0107407 -0.000782313 0.00136364 0.000876289 -0.00690476 0.00156489 -0.00313953 0.00286996 0.00158228 -0.00112903 0.000867769 0.00389336 0.00213115 0.00361286
internal_weight=3537 243 74 3294 185 169 48 63 3109 1523 631 491 465 203 106 52 54 147 110 97 42 262 43 892 395 155 121 497 122 1586
internal_count=3537 243 74 3294 185 169 48 63 3109 1523 631 491 465 203 106 52 54 147 110 97 42 262 43 892 395 155 121 497 122 1586
is_linear=0
shrinkage=0.05


Tree=21
num_leaves=31
num_cat=0
split_feature=13 16 0 9 14 16 13 16 10 51 18 51 13 5 14 26 11 56 53 18 0 17 18 13 13 12 36 11 18 53
split_gain=9.39299 4.43826 2.8297 2.03462 1.52727 1.22729 2.31155 1.20744 1.29633 0.840722 1.0112 0.770516 0.810082 1.10518 1.27606 1.47532 1.66411 0.897822 0.885345 0.70793 0.690476 0.625926 2 0.593623 0.586542 0.546704 0.837378 0.544346 0.534817 0.9
threshold=-0.56200000643730152 1.1800000071525576 1.1399999856948855 0.24918745458126071 0.25416666269302374 1.4200000166893008 -0.3053333312273025 0.25999999791383749 -10.80710983276367 -0.81749999523162831 0.58161616325378429 -0.36950001120567316 -0.17911110818386075 0.17500000074505809 0.11250000074505807 -0.55399999022483815 0.09368500113487245 -0.55900001525878895 0.19299999624490741 0.76358386874198925 0.90000000596046459 0.12500000372529033 0.53588888049125682 -0.73399999737739552 -0.40600000321865076 2.8107068538665776 -1.6942500472068784 0.17988016456365588 0.54458081722259533 -1.4050000309944151
decision_type=2 2 2 2 2 2 2 2 2 2 2 2 2 2 2 2 2 2 2 2 2 2 2 2 2 2 2 2 2 2
left_child=1 2 7 -4 -5 11 -7 27 23 10 20 12 13 14 -2 24 17 28 -15 -8 -10 22 -14 -9 -16 26 -13 -1 29 -17
right_child=5 -3 3 4 -6 6 19 8 9 -11 -12 25 21 18 15 16 -18 -19 -20 -21 -22 -23 -24 -25 -26 -27 -28 -29 -30 -31
leaf_value=0.019620345462634053 0.057878936396100047 -0.11415762110581512 -0.0027510454075633339 -0.13117099707030486 -0.061419504067050983 -0.035156196900914032 -0.039267612743324312 -0.079160208095836695 -0.051868090482193853 0.032676996031775089 -0.016634038444836043 -0.61836381105675242 -1.2661986659275337 0.021637588218224781 -0.0064302695574830655 -1.0851305463961645 -0.025692038754029912 -0.16703109204107114 -0.78200251686968247 0.079670780136811004 0.012196627877449615 0.065034154165346372 0.06473973746156203 -0.02041641099324441 0.01486298819652835 0.062062258583886726 0.048149263027395445 -0.0076685706917461989 0.030970147319403424 0.031631233340684642
leaf_weight=100 74 29 27 22 20 32 33 25 21 32 34 36 27 350 30 20 29 23 27 61 29 405 54 23 82 809 995 34 34 20
leaf_count=100 74 29 27 22 20 32 33 25 21 32 34 36 27 350 30 20 29 23 27 61 29 405 54 23 82 809 995 34 34 20
internal_value=0.00177693 -0.0054798 -0.00399183 -0.0131159 -0.02 0.00269182 -0.00214286 -0.00187919 -0.0047561 -0.00189655 -0.00452381 0.00289386 0.00189362 0.000791002 -0.00141026 -0.00319328 -0.00690476 -0.00376289 0.00261273 0.00180851 1.86265e-10 0.00345679 -0.000555555 -0.0116667 0.000982143 0.00353261 0.00276916 0.00164179 -0.00108108 -0.005
internal_weight=3537 396 367 69 42 3141 126 298 164 116 84 3015 1175 689 312 238 126 97 377 94 50 486 81 48 112 1840 1031 134 74 40
internal_count=3537 396 367 69 42 3141 126 298 164 116 84 3015 1175 689 312 238 126 97 377 94 50 486 81 48 112 1840 1031 134 74 40
is_linear=0
shrinkage=0.05


Tree=22
num_leaves=31
num_cat=0
split_feature=13 2 16 47 18 16 13 12 12 28 35 46 13 45 49 14 9 14 10 16 47 47 0 8 46 18 5 13 28 10
split_gain=8.46183 3.82583 4.87578 2.89332 1.93258 0.96703 2.3425 0.952837 0.685953 0.553986 0.904697 0.657307 0.88579 0.834723 0.590049 0.531752 0.931607 0.565476 0.581289 0.69923 0.564662 1.41718 0.488262 0.846231 0.815256 0.440212 0.965714 0.367099 0.361189 0.511325
threshold=-0.54733332991600026 1.1480000019073489 0.90000000596046459 1.8881500959396365 0.58593648672103893 1.1800000071525576 -0.34733332693576807 4.0010735988616952 3.0765310525894169 0.38885000348091131 -4.3167498111724845 -0.0061666667461395255 -0.19377777725458142 -0.2519166618585586 1.5000000000000002 0.054166667163372047 0.16903799772262576 0.26250000298023229 -9.9233865737915021 0.25999999791383749 1.8583387136459353 1.255600690841675 0.70000001788139354 1.0000000180025095e-35 -0.24883333593606946 0.76358386874198925 0.075000001117587103 -0.22733333706855771 0.69799998402595531 -9.6084451675415021
decision_type=2 2 2 2 2 2 2 2 2 2 2 2 2 2 2 2 2 2 2 2 2 2 2 2 2 2 2 2 2 2
left_child=1 7 3 -3 -5 8 -7 15 9 22 -11 28 13 -13 -15 -1 -17 18 19 -18 21 -21 -2 -24 -25 26 -8 -10 29 -12
right_child=5 2 -4 4 -6 6 25 -9 27 10 11 12 -14 14 -16 16 17 -19 -20 20 -22 -23 23 24 -26 -27 -28 -29 -30 -31
leaf_value=0.021564787105018024 0.0450245764785085 0.005602198148422141 -0.11514235679070646 -0.023689323061666868 -0.063133539416276752 -0.037825091978164353 -0.044495972012090414 -0.045773676645230174 0.021433046641775696 -0.79607593572729041 -0.0097513251143230839 -0.61150795193539875 0.053618692198703855 0.034313190054323456 -0.15033820530428332 -0.076022439236579711 0.021219928011715697 0.017571055637587676 -0.008659412492977742 0.019190925219287627 0.0021310446190302723 -0.044984730930501537 -0.069688418326114082 -0.023522275028982173 0.036564637379855283 0.050733513796476983 0.022600040179039761 0.06838191016221791 0.049024397759591054 0.077611251692581373
leaf_weight=61 1125 44 20 29 24 34 20 39 413 21 22 27 88 41 30 25 36 35 20 21 31 25 28 36 126 65 50 772 182 47
leaf_count=61 1125 44 20 29 24 34 20 39 413 21 22 27 88 41 30 25 36 35 20 21 31 25 28 36 126 65 50 772 182 47
internal_value=0.00187588 -0.00487805 -0.0125214 -0.0078866 -0.0157547 0.00276143 -0.00091716 -0.00182594 0.0029716 0.00234913 0.000851529 0.00133867 -0.000913978 -0.00418367 -0.00133803 -0.000708661 -0.00199482 -0.000654762 -0.00214286 -0.000752212 -0.00344156 -0.00695652 0.00287072 0.000526316 0.00191358 0.00203704 -0.000714286 0.00390295 0.00300797 -7.24636e-05
internal_weight=3537 410 117 97 53 3127 169 293 2958 1773 458 437 186 98 71 254 193 168 133 113 77 46 1315 190 162 135 70 1185 251 69
internal_count=3537 410 117 97 53 3127 169 293 2958 1773 458 437 186 98 71 254 193 168 133 113 77 46 1315 190 162 135 70 1185 251 69
is_linear=0
shrinkage=0.05


Tree=23
num_leaves=31
num_cat=0
split_feature=2 20 8 44 18 18 0 37 51 18 49 0 28 28 44 10 12 18 18 11 46 11 20 11 36 56 46 28 28 9
split_gain=6.33076 1.89546 2.44928 1.77614 1.72499 3.22315 1.24329 1.28 1.11717 0.934636 0.958519 0.702534 1.23457 0.977197 0.673449 0.952337 0.578795 0.683575 0.516697 0.727933 0.505373 0.468679 0.953138 0.448142 0.347021 0.65434 0.433744 0.392562 1.01949 0.569632
threshold=1.1480000019073489 -0.17650000005960462 0.90000000596046459 -16.499999999999996 0.6668703854084016 0.76358386874198925 0.90000000596046459 0.21625000238418582 -1.2574999928474424 0.72674912214279186 1.0000000180025095e-35 0.78000000119209301 0.50290000438690197 -0.44089999794960016 -13.499999999999998 -10.125169754028319 2.8107068538665776 0.72240000963211071 0.58161616325378429 -1.0000000180025095e-35 4.0053331851959237 0.34903571009635931 -0.81874999403953541 -0.10062961280345915 -1.5566499829292295 -0.59150001406669606 -0.06349999830126761 0.28049999475479132 0.62305000424385082 0.2526665478944779
decision_type=2 2 2 2 2 2 2 2 2 2 2 2 2 2 2 2 2 2 2 2 2 2 2 2 2 2 2 2 2 2
left_child=3 2 -2 6 23 -6 7 -1 9 10 14 12 13 -12 15 -5 20 -18 -8 -20 24 -16 -23 -3 25 -10 -26 29 -29 -28
right_child=1 4 -4 8 5 -7 18 -9 16 -11 11 -13 -14 -15 21 -17 17 -19 19 -21 -22 22 -24 -25 26 -27 27 28 -30 -31
leaf_value=-0.0020648759693049192 -0.013897817103349764 -0.026309807895527844 -0.096737423463016448 0.001996993872943512 -0.10032080229418001 0.065041423862569156 0.015199774281648926 -0.084689982804396102 -0.95673163167525022 -0.013142651319095157 -0.031821780005954856 0.014624602747083777 -0.88383598256898854 0.022999976984857978 0.030132427074855962 -0.016771988942012754 0.052115273030828795 -0.0015677186971021783 0.0018732108527809252 -0.051795333619247097 -0.35973451677095736 0.021009485093435629 -0.037046241136610369 0.005362282657425067 0.065228410985489912 0.08302489698771108 0.056606154253071354 -0.058504334130385673 0.022438942114132308 0.011091041087070071
leaf_weight=25 25 20 23 46 30 24 75 25 33 27 30 49 27 51 480 22 960 31 38 23 37 68 26 47 454 26 405 37 141 232
leaf_count=25 25 20 23 46 30 24 75 25 33 27 30 49 27 51 480 22 960 31 38 23 37 68 26 47 454 26 405 37 141 232
internal_value=0.00201725 -0.00742604 -0.0158333 0.00249109 -0.00409091 -0.0107407 -0.00225806 -0.009 0.0027687 0.00118644 0.00149562 -0.00200637 -0.00425926 -0.00117284 0.00235203 -0.00235294 0.00332343 0.00424319 0.000220588 -0.00319672 0.00265568 0.00290941 -0.000319149 0.00126866 0.00281627 -0.000932203 0.00299054 0.00230061 0.000224719 0.00288069
internal_weight=3537 169 48 3368 121 54 186 50 3182 826 799 157 108 81 642 68 2356 991 136 61 1365 574 94 67 1328 59 1269 815 178 637
internal_count=3537 169 48 3368 121 54 186 50 3182 826 799 157 108 81 642 68 2356 991 136 61 1365 574 94 67 1328 59 1269 815 178 637
is_linear=0
shrinkage=0.05


Tree=24
num_leaves=31
num_cat=0
split_feature=13 16 20 16 44 18 8 13 44 18 9 26 22 0 53 49 35 35 56 0 8 0 35 16 2 18 51 13 5 45
split_gain=6.51476 3.8985 2.53656 1.47737 2.12591 1.33333 1.28333 0.89398 0.855718 0.711962 0.576726 0.514842 0.654545 0.535185 0.426917 0.892178 0.504573 0.844828 0.497521 1.14405 0.427536 0.855123 0.393674 0.730242 0.875758 0.374026 0.338017 0.272389 1.04978 1.28583
threshold=-0.71177777647972096 0.34000000357627874 0.12849999964237216 1.4200000166893008 -6.4999999999999991 0.58161616325378429 1.5666666626930239 -1.0066666603088377 -16.499999999999996 0.76358386874198925 0.22242205590009692 -1.0187500119209287 -0.01505000004544854 0.97999998927116405 -0.52949997782707203 1.0000000180025095e-35 -4.1225001811981192 -6.0185000896453849 -2.0039999485015865 0.81999999284744274 1.0000000180025095e-35 0.70000001788139354 -0.19274999946355817 0.29999999701976782 0.58933332562446605 0.57866665720939647 -0.57899999618530262 -0.40000000596046442 0.075000001117587103 -0.41650000214576716
decision_type=2 2 2 2 2 2 2 2 2 2 2 2 2 2 2 2 2 2 2 2 2 2 2 2 2 2 2 2 2 2
left_child=1 7 5 8 6 -3 -5 -1 10 -6 -2 -9 -13 -14 15 27 17 -16 19 -17 21 -18 -20 26 -25 -12 -24 28 29 -10
right_child=3 2 -4 4 9 -7 -8 11 14 -11 25 12 13 -15 16 18 20 -19 22 -21 -22 -23 23 24 -26 -27 -28 -29 -30 -31
leaf_value=-0.042454799541633025 -0.066448354532873039 -0.055213199066293565 -0.02409123596480384 -0.0082442956839739075 -0.031261581802485852 -0.10857874077666772 -0.02225469811085562 0.023528957231943107 0.0088187770621387541 0.07121446204884456 0.025313943265341893 -0.027869082644312954 -0.011239948058175069 0.0045583190809294401 0.097134334276611084 -1.1463320783639037 0.019943523068470574 -0.75682725448667409 0.037649098947554499 0.012697387919055635 0.051929791720428387 -0.05266919182065765 -1.3960454072950435e-05 -0.67524936906751643 0.01892091155835093 -0.0065949732844385045 0.034819470139546747 0.032659601459953246 0.010957615759652505 -0.014569747792605886
leaf_weight=22 21 24 26 20 33 24 22 37 32 62 35 20 36 54 29 32 99 29 65 28 1820 39 41 33 22 20 51 628 112 21
leaf_count=22 21 24 26 20 33 24 22 37 32 62 35 20 36 54 29 32 99 29 65 28 1820 39 41 33 22 20 51 628 112 21
internal_value=0.00220102 -0.00569959 -0.0152703 0.00278385 -0.00229927 -0.0220833 -0.0116667 -0.00150888 0.00300443 0.00184211 -0.00223684 -0.000102041 -0.00181818 1.86265e-10 0.00313372 0.00232394 0.00356151 -0.00103448 -0.000147059 -0.00416667 0.00369765 0.00101449 0.000990566 -0.000442177 -0.005 0.000454546 0.00228261 0.0031715 0.00136364 -0.00443396
internal_weight=3537 243 74 3294 137 48 42 169 3157 95 76 147 110 90 3081 1065 2016 58 272 60 1958 138 212 147 55 55 92 793 165 53
internal_count=3537 243 74 3294 137 48 42 169 3157 95 76 147 110 90 3081 1065 2016 58 272 60 1958 138 212 147 55 55 92 793 165 53
is_linear=0
shrinkage=0.05


Tree=25
num_leaves=31
num_cat=0
split_feature=13 18 45 18 13 17 46 46 13 4 11 46 10 10 22 51 35 21 45 8 8 0 18 46 49 13 6 56 10 51
split_gain=4.9498 3.25935 1.68595 1.66435 1.58328 1.43692 1.13917 1.07903 0.908021 0.687594 0.650919 0.85991 0.954313 0.943883 0.771429 0.540845 0.744993 0.731259 1.12667 1.13282 0.557957 1.15076 0.480159 0.4769 0.452174 0.434066 0.535172 0.625 0.499509 0.412698
threshold=-0.71177777647972096 0.71210584044456493 -2.0748332738876338 0.69464683532714855 -0.14733333140611646 0.62500000000000011 -2.1233333945274349 -0.051166666671633713 -0.46999999880790705 0.38000001013278967 -0.50836786627769459 -1.0000000180025095e-35 -10.075670719146727 -11.003641128540037 0.07505000010132791 -1.2574999928474424 -1.1140000224113462 0.38070000708103185 -0.6481666862964629 0.96666666865348827 1.0000000180025095e-35 0.53999999165534984 0.44573332369327551 0.17466666549444201 1.0000000180025095e-35 -0.28599999845027918 0.40000000596046453 -1.4975000023841856 -10.652754783630369 -3.845999956130981
decision_type=2 2 2 2 2 2 2 2 2 2 2 2 2 2 2 2 2 2 2 2 2 2 2 2 2 2 2 2 2 2
left_child=1 2 -1 6 5 -5 9 -7 -9 24 -4 29 13 14 -13 16 -8 23 -19 -20 21 -17 -23 25 -2 26 -18 -28 -27 -12
right_child=3 -3 10 4 -6 7 15 8 -10 -11 11 12 -14 -15 -16 20 17 18 19 -21 -22 22 -24 -25 -26 28 27 -29 -30 -31
leaf_value=-0.053404749494249663 -0.52855970271544173 -0.09842679882962245 0.031987998598182098 0.0017910900655658487 0.060108065871142549 -0.0034847899505584925 0.03945244394094221 -0.020333783954551623 -0.044670945966794461 -0.67789986585121564 -0.0045704320046780428 -0.0083314164433245831 -0.7963722755783833 0.010979845240515458 -0.096046853685868225 0.081603459116343466 0.0032887114447528263 0.019516601602136512 0.0028457871082287122 -0.029689874958058995 0.048574030577200542 -0.046608395133434989 -0.020024188214775463 0.019764349497609336 0.16464980647041297 -0.014365468118207403 -0.015818482175275976 0.017036519365102306 0.053182709973404213 0.012730667043480255
leaf_weight=21 20 21 32 74 121 28 280 22 39 28 24 28 23 33 20 67 111 25 26 24 2020 28 36 129 26 31 20 20 112 39
leaf_count=21 20 21 32 74 121 28 280 22 39 28 24 28 23 33 20 67 111 25 26 24 2020 28 36 129 26 31 20 20 112 39
internal_value=0.00216553 -0.00475104 -0.00295455 0.00267265 -0.000985915 -0.00420245 0.00301865 -0.00848315 -0.0122131 -0.00310811 -0.00153266 -0.00278443 -0.00557692 -0.00302469 -0.0075 0.00317344 0.0020437 0.000883534 -0.00366667 -0.008 0.00358205 0.000419848 -0.004375 0.00169031 0.000652174 0.000578231 -0.00129139 -0.00625 0.00255245 0.0018254
internal_weight=3528 241 220 3287 284 163 3003 89 61 74 199 167 104 81 48 2929 778 498 75 50 2151 131 64 423 46 294 151 40 143 63
internal_count=3528 241 220 3287 284 163 3003 89 61 74 199 167 104 81 48 2929 778 498 75 50 2151 131 64 423 46 294 151 40 143 63
is_linear=0
shrinkage=0.05


Tree=26
num_leaves=31
num_cat=0
split_feature=13 16 51 16 13 46 16 56 53 14 10 0 2 18 53 45 47 8 45 2 13 14 46 11 21 21 45 18 20 28
split_gain=3.70454 3.76128 1.53933 1.53399 2.31933 0.909551 0.881563 0.803549 0.92966 0.926001 0.851448 0.659553 0.9978 0.589252 0.55804 0.523579 0.848169 0.506537 0.381935 0.481988 0.443618 0.339746 0.324972 0.378183 0.403152 0.880393 0.56886 1.01688 0.46013 1.02083
threshold=-0.73399999737739552 0.85999998450279247 -5.5824999809265128 1.1800000071525576 -0.14733333140611646 -0.051166666671633713 1.4800000190734866 -1.408500015735626 -1.7910000085830686 0.3458333313465119 -9.2501697540283185 0.70000001788139354 0.58933332562446605 0.43721295893192297 -1.6259999871253965 -0.60641667246818531 1.6937598586082461 1.0000000180025095e-35 -0.9399166703224181 0.94799998402595531 -0.046857142820954316 0.054166667163372047 0.0065000001341104516 0.089095130562782301 0.4309500008821488 0.53849998116493236 -0.24191666394472119 0.50658518075943004 0.28474999964237219 -2.2822999954223628
decision_type=2 2 2 2 2 2 2 2 2 2 2 2 2 2 2 2 2 2 2 2 2 2 2 2 2 2 2 2 2 2
left_child=1 2 -1 7 5 -5 -7 8 18 10 14 22 -13 -4 -10 16 -15 -14 -2 20 -20 -16 -9 24 26 -26 27 -24 29 -27
right_child=3 -3 13 4 -6 6 -8 11 9 -11 -12 12 17 15 21 -17 -18 -19 19 -21 -22 -23 23 -25 25 28 -28 -29 -30 -31
leaf_value=-0.060026285641040823 0.030091608803748587 -0.097114477401790023 -0.051652524524303051 -0.0018048524960900679 0.057814317948559339 -0.054461428834295847 -0.006994736912594765 0.054060394077427812 -0.031214157957745032 -0.020533640288134154 -0.68571866086577482 -0.017969246248844155 -0.041426406280378511 -0.087262185549180596 -0.63034772998824184 0.012278224297570663 0.00071301518356094119 0.023488962001166208 0.018524060391579771 -0.017067493562426549 -1.0739663481642652 0.028545873249884175 0.038560114181119848 0.035450124947583643 -0.11326482119973501 0.051379563451380839 0.041212869258968658 -1.3679748927832964 0.050057638041890617 -1.4805568758404415
leaf_weight=24 270 23 24 29 112 39 24 1254 21 22 20 26 26 23 31 90 35 185 126 23 20 151 41 324 20 24 404 30 63 24
leaf_count=24 270 23 24 29 112 39 24 1254 21 22 20 26 26 23 31 90 35 185 126 23 20 151 41 324 20 24 404 30 63 24
internal_value=0.00216553 -0.00413242 -0.00188775 0.00258235 -0.00161765 -0.0075 -0.010873 0.00285829 0.00134503 -0.00112245 -0.00015695 0.00328583 0.000780591 -0.000232558 0.000812808 0.000945946 -0.00275862 0.00191943 0.0027221 0.000857988 0.00191781 0.0017033 0.00355769 0.00284946 0.00211221 -0.000343511 0.00278947 -0.00133803 0.0013964 -0.00229167
internal_weight=3528 219 196 3309 204 92 63 3105 684 245 223 2421 237 172 203 148 58 211 439 169 146 182 2184 930 606 131 475 71 111 48
internal_count=3528 219 196 3309 204 92 63 3105 684 245 223 2421 237 172 203 148 58 211 439 169 146 182 2184 930 606 131 475 71 111 48
is_linear=0
shrinkage=0.05


Tree=27
num_leaves=31
num_cat=0
split_feature=13 16 51 16 13 16 12 13 44 18 16 46 35 3 45 45 18 20 45 44 44 53 20 8 9 9 53 53 46 53
split_gain=3.1236 2.45871 1.60625 1.45533 2.09 0.78815 0.809347 1.01739 0.680244 0.637335 0.585632 0.559019 0.938597 0.556144 0.424439 0.859987 0.416664 0.572937 0.51551 0.808595 0.493857 0.681818 0.444444 0.389838 0.310354 0.267399 0.266928 0.31081 0.644336 0.389897
threshold=-0.73399999737739552 0.85999998450279247 -5.5824999809265128 1.1800000071525576 -0.14733333140611646 1.560000002384186 4.31394386291504 -0.44600000977516169 -14.499999999999998 0.43721295893192297 0.29999999701976782 -2.1233333945274349 -4.1225001811981192 0.33302292227745062 -0.35324999690055842 -0.58291664719581593 0.3845036923885346 -1.0000000180025095e-35 0.042249999940395362 -9.4999999999999982 -7.4999999999999991 -0.61950001120567311 1.1677500009536745 0.5000000149011613 0.20691534876823428 1.1008676886558535 0.75249999761581432 0.37600000202655798 0.11916666850447656 0.47899998724460607
decision_type=2 2 2 2 2 2 2 2 2 2 2 2 2 2 2 2 2 2 2 2 2 2 2 2 2 2 2 2 2 2
left_child=1 2 -1 8 5 6 7 -5 14 -4 24 12 -10 26 15 23 -15 20 19 -19 21 -18 -20 -2 -11 -6 27 -13 29 -29
right_child=3 -3 9 4 25 -7 -8 -9 11 10 -12 13 -14 16 -16 -17 17 18 22 -21 -22 -23 -24 -25 -26 -27 -28 28 -30 -31
leaf_value=-0.057024971358988763 -0.056844319407792748 -0.092258753531700544 -0.049069898298087909 -0.034364468838527652 0.069301770434991528 0.0010241463910337695 -0.012378724291949885 -0.052400759198967896 -0.55593379061042414 0.0028603901656416852 -0.021458926239744512 0.030602018081557436 0.19131131737283424 0.060885535402593283 0.020817066195231881 -0.020000504708480658 -0.0053323157551198761 0.0090616859158613155 0.07344656613620236 -0.18803840931632593 0.044200141201550379 0.051256997849989216 -0.14684169369376621 0.0044599632305503331 0.0067171798581320691 0.0035239287697184985 0.064054735147258929 -0.0021552910131155852 -0.7297188256640661 0.047704630459415968
leaf_weight=24 26 23 24 20 73 24 22 26 25 35 39 1782 36 74 98 22 24 20 25 21 67 20 20 49 74 39 607 37 36 116
leaf_count=24 26 23 24 20 73 24 22 26 25 35 39 1782 36 74 98 22 24 20 25 21 67 20 20 49 74 39 607 37 36 116
internal_value=0.0023356 -0.00344749 -0.00163265 0.00271834 -0.00137255 -0.00695652 -0.00970588 -0.0134783 0.00298712 5.81397e-05 0.00128378 0.00317869 -0.00155738 0.0032801 0.000128205 -0.00221649 0.00112546 -7.61419e-05 -0.00313953 -0.00719512 0.0022973 -0.00181818 0.000555556 0.000333334 0.00316514 0.00321429 0.00350659 0.00322425 0.0012963 0.00271242
internal_weight=3528 219 196 3309 204 92 68 46 3105 172 148 2910 61 2849 195 97 271 197 86 41 111 44 45 75 109 112 2578 1971 189 153
internal_count=3528 219 196 3309 204 92 68 46 3105 172 148 2910 61 2849 195 97 271 197 86 41 111 44 45 75 109 112 2578 1971 189 153
is_linear=0
shrinkage=0.05


Tree=28
num_leaves=31
num_cat=0
split_feature=13 18 18 10 16 18 18 14 16 13 26 2 47 51 0 14 18 36 36 56 45 27 0 10 0 16 18 44 18 16
split_gain=3.52163 2.3544 1.12869 1.0671 1.35402 0.979235 2.23828 1.33422 0.989072 1.91263 1.02158 2.11852 0.60007 0.548362 0.475991 0.649658 0.45666 0.433588 0.498701 0.421225 0.858383 1.12627 0.563502 0.497724 0.832038 0.648214 0.4 0.351865 0.351712 0.752486
threshold=-0.73399999737739552 0.67797777056694042 0.52134984731674205 -10.963563919067381 0.25999999791383749 0.53588888049125682 0.52970370650291454 0.32083332538604742 0.38000001013278967 -0.14733333140611646 0.66600000858306896 0.52599999308586132 0.30962568521499639 -1.3134999871253965 0.62000000476837169 0.029166667722165588 0.70703703165054332 -0.085450001060962663 -0.43355000019073481 -0.85349997878074635 -0.32383333146572107 0.51240000128746044 0.65999999642372142 -8.4210262298583967 0.53999999165534984 0.21999999880790713 0.52134984731674205 -17.499999999999996 0.46396824717521673 0.29999999701976782
decision_type=2 2 2 2 2 2 2 2 2 2 2 2 2 2 2 2 2 2 2 2 2 2 2 2 2 2 2 2 2 2
left_child=1 3 19 4 27 6 7 -4 14 10 12 -12 -10 17 -7 -16 -17 18 -14 20 28 22 -22 -21 -25 -26 -6 -1 29 -2
right_child=2 -3 5 -5 26 8 -8 -9 9 -11 11 -13 13 -15 15 16 -18 -19 -20 23 21 -23 -24 24 25 -27 -28 -29 -30 -31
leaf_value=-0.0093928438277345733 0.050607644427011281 -0.083247466475719178 0.039319928060646096 0.0068280107283671667 -0.02922250746808568 0.038675640827141873 -1.10769282941097 -1.5916157022823842 -0.027085350333632088 0.063223101013286861 -0.05176131534297651 0.00067343497037717086 8.3002064460228472e-05 0.016241502395742093 -0.25890268277782413 0.020528747090690903 -0.0039673548979599705 0.00073544843966844627 -0.035117163830358324 0.046894441976942279 0.0352685160011545 -0.97606840482465307 -0.001606035267227346 0.054309234924000527 0.10350052732283831 -0.045210968720734865 -0.090559830898532256 0.032320037218572899 0.038521021468842731 -0.0014559365833368742
leaf_weight=29 107 33 78 97 20 487 31 31 31 154 20 21 20 36 27 211 28 23 22 1367 69 20 22 105 20 28 20 20 251 100
leaf_count=29 107 33 78 97 20 487 31 31 31 154 20 21 20 36 27 211 28 23 22 1367 69 20 22 105 20 28 20 20 251 100
internal_value=0.00223639 -0.00390411 0.00264279 -0.00172043 -0.00567416 0.00143443 -0.0025 0.00087156 0.00194444 -0.000351682 -0.00395954 -0.0108537 -0.00181818 4.95051e-05 0.00294157 0.0012406 0.00207113 -0.00269231 -0.00571429 0.00334849 0.00218805 -0.00175676 0.000604396 0.00378289 0.00107843 -0.004375 -0.0125 -0.000102041 0.0031441 0.00161836
internal_weight=3528 219 3309 186 89 1220 140 109 1080 327 173 41 132 101 753 266 239 65 42 2089 569 111 91 1520 153 48 40 49 458 207
internal_count=3528 219 3309 186 89 1220 140 109 1080 327 173 41 132 101 753 266 239 65 42 2089 569 111 91 1520 153 48 40 49 458 207
is_linear=0
shrinkage=0.05


Tree=29
num_leaves=31
num_cat=0
split_feature=4 4 35 18 18 18 18 18 18 20 22 0 18 9 8 18 22 45 12 12 4 8 0 46 12 18 1 18 47 26
split_gain=2.64346 1.54448 1.22533 1.03706 0.898766 0.869993 0.973629 2.14112 0.816328 0.695192 0.997463 0.573279 0.541963 1.19048 0.714554 0.890416 0.527392 0.633586 0.820513 0.942157 0.304057 0.384632 1.1878 0.279616 0.568182 0.273974 0.34405 0.422402 0.265438 0.34381
threshold=0.81999999284744274 1.1800000071525576 -0.19274999946355817 0.70703703165054332 0.43721295893192297 0.52134984731674205 0.53588888049125682 0.52970370650291454 0.52525740861892711 -0.76175001263618458 -1.8026999831199644 0.62000000476837169 0.71210584044456493 0.3570170551538468 0.30000001192092901 0.58593648672103893 1.0253499746322634 0.40866667032241827 4.9012756347656259 0.77508071064949047 0.059999998658895499 1.0000000180025095e-35 0.53999999165534984 3.7731666564941411 0.49549317359924322 0.56656664609909069 0.47499999403953558 0.71305307745933544 1.0816196203231814 -0.31399999558925623
decision_type=2 2 2 2 2 2 2 2 2 2 2 2 2 2 2 2 2 2 2 2 2 2 2 2 2 2 2 2 2 2
left_child=5 2 3 9 -4 20 7 8 -7 10 -2 16 14 -14 15 -13 -8 18 19 -18 -1 22 -22 -23 -25 -6 -27 -28 29 -16
right_child=1 -3 4 -5 25 6 11 -9 -10 -11 -12 12 13 -15 28 -17 17 -19 -20 -21 21 23 -24 24 -26 26 27 -29 -30 -31
leaf_value=0.054515784897911236 -0.035723114864252649 -0.10634426988535972 -0.049860494437382441 -0.07312444119499438 0.018907987007182811 -1.466110221781239 0.026165603452788889 -1.1150730980111867 0.05207767324818581 -0.055240432817354412 0.018078452800911506 0.038958068821754614 -0.053886991992262025 0.015036371364325033 -0.0020994282598404668 -0.34068171203852171 0.018772639520709063 0.027874526059661793 0.0076430729239306133 -0.048203883810963993 0.093048875252409916 0.032818144710873416 -0.0413637874373846 -0.76364526734667548 0.04402351552323424 0.0079618899444560721 -0.016516258533020276 0.0043745571018860277 0.019773555380125332 0.028245325093623638
leaf_weight=540 25 20 23 20 91 34 507 28 66 32 66 22 27 36 30 21 20 77 24 34 42 1378 31 22 22 88 25 21 81 75
leaf_count=540 25 20 23 20 91 34 507 28 66 32 66 22 27 36 30 21 20 77 24 34 42 1378 31 22 22 88 25 21 81 75
internal_value=0.00232143 -0.00144769 -0.000754476 -0.00444056 0.00137097 0.00281842 0.00167283 -0.00242187 0.001 -0.00272358 -0.000494505 0.00222222 0.000376713 -0.00373016 0.00150655 -0.00430233 0.00303625 0.000483871 -0.00269231 -0.00611111 0.00342752 0.0030602 -0.000479452 0.00324191 -0.000681818 0.00233333 0.000895523 -0.0026087 0.00284946 0.00119048
internal_weight=3528 411 391 143 248 3117 1082 128 100 123 91 954 292 63 229 43 662 155 78 54 2035 1495 73 1422 44 225 134 46 186 105
internal_count=3528 411 391 143 248 3117 1082 128 100 123 91 954 292 63 229 43 662 155 78 54 2035 1495 73 1422 44 225 134 46 186 105
is_linear=0
shrinkage=0.05


Tree=30
num_leaves=31
num_cat=0
split_feature=13 16 56 8 18 16 13 16 10 44 53 45 9 44 11 2 13 21 10 9 18 37 53 17 20 0 9 11 9 51
split_gain=3.24579 2.53512 2.84733 2.05979 1.84729 0.802438 1.74475 0.761261 0.938312 0.731452 0.652562 0.589828 0.497707 0.713849 0.667368 0.696702 1.11403 1.18391 0.468797 0.760947 0.86112 0.543783 0.387876 0.392944 0.917447 0.363462 0.32754 0.625 0.301575 0.537907
threshold=-0.58533331751823414 0.29999999701976782 -4.7849998474121085 0.76666668057441723 0.53235557675361644 1.1800000071525576 -0.14733333140611646 1.560000002384186 -9.6454305648803693 -23.499999999999996 -3.3995000123977657 -0.20874999463558194 0.27033592760562902 -14.499999999999998 0.51539152860641491 0.52599999308586132 -0.32600000500679011 -0.24709999561309812 -8.7202944755554181 0.55445221066474926 0.44573332369327551 0.67699998617172252 -1.0834999680519102 0.29166667163372045 -0.62924998998641957 1.3000000119209292 0.16903799772262576 -0.012718556448817251 0.13929094374179843 -1.8190000057220457
decision_type=2 2 2 2 2 2 2 2 2 2 2 2 2 2 2 2 2 2 2 2 2 2 2 2 2 2 2 2 2 2
left_child=1 9 -3 4 -4 11 7 8 -7 -1 -5 12 13 -2 15 16 17 -15 22 21 -21 -20 23 -13 -25 -8 27 -11 29 -18
right_child=5 2 3 10 -6 6 25 -9 -10 26 -12 18 -14 14 -16 -17 28 -19 19 20 -22 -23 -24 24 -26 -27 -28 -29 -30 -31
leaf_value=-0.022504366203097488 -0.85872662876809225 -0.079226062528807428 -0.030033134392381474 -0.036932717112422735 -0.090087266662002161 -0.045943071471424783 0.063664192388098353 0.0020693161686980359 -0.02674633390234242 0.030486970889784682 0.0075189877762790475 0.023915995850955732 0.027393717694433373 -0.033904375023292806 -0.0086177320008704161 0.039223572208775287 -0.0087937646994103776 0.0071177027602033031 0.065735399901919414 -0.041302424301215418 0.025539762852024722 -0.0067704880976476034 0.04391351527017158 0.051535143248384978 -0.79288276040748895 -0.018965858397949089 0.010499614728723761 -0.020747329643811235 0.03294493082290105 0.014269839468635998
leaf_weight=27 24 26 28 28 30 22 84 24 28 20 64 139 416 32 33 147 20 37 154 32 45 32 1491 22 25 20 136 20 189 123
leaf_count=27 24 26 28 28 30 22 84 24 28 20 64 139 416 32 33 147 20 37 154 32 45 32 1491 22 25 20 136 20 189 123
internal_value=0.00211484 -0.00225594 -0.00664773 -0.004 -0.0113793 0.00264256 -0.000617977 -0.00648649 -0.01 0.00155172 0.000652174 0.00283857 0.00186582 0.000950413 0.00129948 0.00171533 0.00063591 -0.00514493 0.00335052 0.00138783 -0.00279221 0.00311828 0.00365832 0.00150538 -0.00244681 0.00355769 0.00272727 -0.00125 0.00183735 0.000104895
internal_weight=3518 379 176 150 58 3139 178 74 50 203 92 2961 1021 605 581 548 401 69 1940 263 77 186 1677 186 47 104 176 40 332 143
internal_count=3518 379 176 150 58 3139 178 74 50 203 92 2961 1021 605 581 548 401 69 1940 263 77 186 1677 186 47 104 176 40 332 143
is_linear=0
shrinkage=0.05


Tree=31
num_leaves=31
num_cat=0
split_feature=13 16 56 8 18 18 56 47 27 28 44 0 45 16 13 9 9 44 13 1 12 44 12 9 18 9 13 17 12 0
split_gain=2.5875 2.17433 1.88255 1.16088 0.768535 0.696206 0.895714 1.25725 0.578704 0.570951 0.972449 2.12563 2.38095 0.68519 0.650313 0.601739 0.468775 0.604625 0.404325 0.504351 0.400452 0.501462 0.346399 0.507064 1.7425 0.517927 0.398891 0.462056 0.648214 0.9
threshold=-0.67177775502204884 0.29999999701976782 -4.7849998474121085 0.56666669249534618 0.58161616325378429 0.51379999518394481 -4.3529999256134024 3.2419903278350835 0.34804999828338629 0.43565000593662268 -4.4999999999999991 0.4200000017881394 0.35158333182334905 0.4200000017881394 -0.42583334445953364 0.31797766685485845 0.17372192442417148 -23.499999999999996 0.094666667282581343 0.32500000298023229 1.9220267534255984 -9.4999999999999982 0.21632621437311175 0.55445221066474926 0.44573332369327551 0.047091994434595115 -0.20199999958276746 0.29166667163372045 0.5014457404613496 0.53999999165534984
decision_type=2 2 2 2 2 2 2 2 2 2 2 2 2 2 2 2 2 2 2 2 2 2 2 2 2 2 2 2 2 2
left_child=1 16 -3 -4 -5 22 7 -7 -9 15 11 12 -11 20 -15 -8 -1 -18 19 -17 21 -13 23 25 -25 -2 27 -24 29 -29
right_child=5 2 3 4 -6 6 9 8 -10 10 -12 13 -14 14 -16 18 17 -19 -20 -21 -22 -23 26 24 -26 -27 -28 28 -30 -31
leaf_value=-0.01404655859245953 -0.0047067348762230236 -0.078272620018650277 -0.13715551532174838 0.014266966557071676 -0.023648644474217696 -0.82635664287810473 0.027848219195456943 0.12517315056316908 -0.43845665779257131 -1.1693205190724192 0.050916287558925626 -0.0076501271699248481 0.0032463530253302483 0.011295245378510989 -0.048341145747489191 -0.016638157379786935 -0.021379147892942603 0.011538672855129828 0.078386206924690935 0.0036701918227210807 0.022450005908624955 0.052328786650115033 0.032164946257978271 -0.04114924409120297 0.071798033137470421 0.042580785342646761 0.051316434110884004 -0.73450111506382953 0.012393828312842619 0.0199796838703932
leaf_weight=25 40 21 27 37 34 21 537 30 24 21 116 36 21 21 33 33 27 110 52 237 106 21 333 26 33 170 1046 20 240 20
leaf_count=25 40 21 27 37 34 21 537 30 24 21 116 36 21 21 33 33 27 110 52 237 106 21 333 26 33 170 1046 20 240 20
internal_value=0.00212905 -0.00247331 -0.00760504 -0.00469388 -0.00133803 0.00252858 0.00163866 -0.00366667 0.000370371 0.0019611 0.000333334 -0.00137066 -0.0116667 0.00062212 -0.00425926 0.00267171 0.0012963 0.00244526 0.000962733 0.000185185 0.00223926 -0.00114035 0.00313278 0.0014684 -0.00262712 0.00261905 0.00340265 0.00238989 0.000892857 -0.005
internal_weight=3518 281 119 98 71 3237 1309 75 54 1234 375 259 42 217 54 859 162 137 322 270 163 57 1928 269 59 210 1659 613 280 40
internal_count=3518 281 119 98 71 3237 1309 75 54 1234 375 259 42 217 54 859 162 137 322 270 163 57 1928 269 59 210 1659 613 280 40
is_linear=0
shrinkage=0.05


Tree=32
num_leaves=31
num_cat=0
split_feature=13 56 17 28 20 13 17 8 35 14 4 36 53 14 28 56 8 17 53 21 9 21 3 17 0 13 8 10 47 36
split_gain=2.57921 1.92376 0.847739 0.782137 0.964188 0.558568 0.582493 0.846155 0.780975 0.566711 0.638971 0.565013 0.572217 0.586786 1.09585 0.755714 0.498526 0.515293 0.48895 0.968318 0.411012 0.399671 0.387879 0.417214 0.353571 0.7 0.30709 0.857838 0.234517 0.427182
threshold=-0.67177775502204884 -5.6354999542236319 0.62500000000000011 0.052450001239776618 0.27224999666213995 -0.1858333349227905 0.29166667163372045 0.30000001192092901 -4.1225001811981192 0.15416666865348819 0.1799999997019768 -0.64829999208450306 -3.2454999685287471 0.3458333313465119 0.82995000481605541 -1.2834999561309812 0.10000000521540643 0.20833333581686023 3.3739999532699589 -0.39040000736713404 1.3093235492706301 -0.023950000293552872 0.19831921160221103 0.45833332836627966 0.53999999165534984 0.075142856687307372 0.36666667461395269 -11.003641128540037 0.51992234587669384 -0.92010000348091114
decision_type=2 2 2 2 2 2 2 2 2 2 2 2 2 2 2 2 2 2 2 2 2 2 2 2 2 2 2 2 2 2
left_child=1 -1 3 26 -5 6 8 -8 -2 -10 -11 -9 -13 22 15 -15 17 24 -18 -20 -19 -6 23 -14 -7 -26 -3 -28 -12 -30
right_child=5 2 -4 4 21 16 7 11 9 10 28 12 13 14 -16 -17 18 20 19 -21 -22 -23 -24 -25 25 -27 27 -29 29 -31
leaf_value=-0.066093273519076595 -0.41692987014505428 0.028325182652977284 -0.057227242241928315 -0.055723612647449919 -0.043374309192307725 0.051044748323967062 -0.70152355977013681 0.025505503024482169 0.035341737461423724 -0.12177172200126481 0.0022987450173458804 -0.032059019829501774 -0.045214891860401007 -0.019967639192224797 -0.046965513636597379 0.010465280865543622 0.048413759436501808 0.04805964758578446 -0.50423032910726195 0.073448762015791133 -0.023660807005822272 0.011434778067893338 0.022598300767864784 0.015348207232050898 -0.035064108234069413 0.011008293864985204 -0.033423740619124731 0.0064145447120716502 -0.015682501566618972 0.013572583283023801
leaf_weight=24 21 64 39 23 25 32 39 78 534 21 181 25 21 20 24 50 1373 154 21 72 24 32 165 34 21 24 24 50 23 280
leaf_count=24 21 64 39 23 25 32 39 78 534 21 181 25 21 20 24 50 1373 154 21 72 24 32 165 34 21 24 24 50 23 280
internal_value=0.0022996 -0.00229537 -0.00103113 0.000183486 -0.00375 0.00269849 0.00199868 0.000504386 0.00264151 0.00283446 0.00163366 0.00116307 0.000280236 0.000859873 -0.00244681 0.000714286 0.00331493 0.00127451 0.00366985 0.000161291 0.00275281 -0.000263158 0.00227273 -0.00136364 -0.00214286 -0.005 0.00246377 0.00027027 0.00200413 0.00285479
internal_weight=3518 281 257 218 80 3237 1516 456 1060 1039 505 417 339 314 94 70 1721 255 1466 93 178 57 220 55 77 45 138 74 484 303
internal_count=3518 281 257 218 80 3237 1516 456 1060 1039 505 417 339 314 94 70 1721 255 1466 93 178 57 220 55 77 45 138 74 484 303
is_linear=0
shrinkage=0.05


Tree=33
num_leaves=31
num_cat=0
split_feature=13 18 45 11 17 45 18 18 11 11 51 10 12 9 56 35 3 9 27 18 6 45 11 17 13 27 10 27 36 44
split_gain=2.17446 1.29322 1.16728 0.900846 0.751809 0.519668 0.750313 3.77418 0.654582 0.730852 0.551021 0.822358 0.462275 0.402305 0.852788 0.398028 0.362954 0.408042 0.357143 0.350597 0.744048 0.303704 0.497942 0.270911 0.374528 0.463768 0.26934 0.707545 0.349822 0.522918
threshold=-0.71177777647972096 0.71305307745933544 -2.0748332738876338 0.45376563072204595 0.29166667163372045 -0.15450000017881391 0.52937036752700817 0.53788095712661754 -0.0053677258547395459 0.001462319400161505 -3.4314999580383296 -10.453529357910154 0.22655370086431506 0.072159029543399825 -0.61649999022483815 0.31375001370906835 0.43600474298000341 1.3429035544395449 1.4963999986648562 0.69464683532714855 0.40000000596046453 -0.86866667866706837 0.51539152860641491 0.20833333581686023 -0.34999999403953547 0.23385000228881839 -9.2220683097839338 -0.24964999407529828 0.4377999901771546 -4.4999999999999991
decision_type=2 2 2 2 2 2 2 2 2 2 2 2 2 2 2 2 2 2 2 2 2 2 2 2 2 2 2 2 2 2
left_child=1 2 -1 4 -4 6 13 -8 18 -10 11 -11 16 14 -2 -14 17 -7 -9 26 -21 -15 -23 24 -12 -26 -17 -28 -29 -30
right_child=5 -3 3 -5 -6 12 7 8 9 10 23 -13 15 21 -16 19 -18 -19 -20 20 -22 22 -24 -25 25 -27 27 28 29 -31
leaf_value=-0.044642318341207514 -0.47901879941963132 -0.067610447756828174 0.0077359638225741644 -0.043492972475601396 -0.060580147708364486 0.025552708654809894 -1.0378681928146665 0.02028190773693871 -0.11568313693097694 0.014385003419781743 0.015366395712807136 -0.0024706943689736791 0.043753456156051022 0.037836281930858126 0.047146623508092414 0.028276274315184775 -0.040213500194478079 -0.026792322597285773 -0.049959880280719959 -0.016060151779872286 0.017170897802383022 0.029147698324938756 -0.0094426079051541795 -0.0027265574348979364 0.019905717329273827 -0.013119329959062759 -0.82162436555268004 0.081402463117396129 -0.012269215579591406 0.033327953659657433
leaf_weight=20 21 25 129 32 36 322 22 140 21 20 77 21 939 264 34 479 20 20 20 30 40 450 36 34 46 23 35 106 22 34
leaf_count=20 21 25 129 32 36 322 22 140 21 20 77 21 939 264 34 479 20 20 20 30 40 450 36 34 46 23 35 106 22 34
internal_value=0.00234224 -0.0022314 -0.000990783 0.000177665 0.00166667 0.0026801 0.00186737 0.000165095 0.00126866 -0.000371901 0.000475113 -0.0047561 0.00316805 0.00276398 -0.00136364 0.00351632 0.00154696 0.00192982 0.00375 0.00265416 -0.000714286 0.00306667 0.0023251 0.00166667 0.00260274 -7.24636e-05 0.00300296 0.0014467 0.00283951 -0.000357143
internal_weight=3518 242 217 197 165 3276 1229 424 402 242 221 41 2047 805 55 1685 362 342 160 746 70 750 486 180 146 69 676 197 162 56
internal_count=3518 242 217 197 165 3276 1229 424 402 242 221 41 2047 805 55 1685 362 342 160 746 70 750 486 180 146 69 676 197 162 56
is_linear=0
shrinkage=0.05


Tree=34
num_leaves=31
num_cat=0
split_feature=4 13 56 18 18 13 16 10 45 16 9 35 8 46 17 8 9 18 16 36 22 3 11 47 36 17 28 11 47 11
split_gain=2.24255 1.53444 1.67612 0.732057 0.826427 0.65397 0.988914 0.662162 0.569577 0.87348 1.81071 0.558584 0.568215 0.483731 0.415923 0.545761 0.921865 1.19113 0.47647 0.635294 1.11547 0.396049 0.660085 0.792173 1.43027 0.686636 0.614959 0.543478 0.383478 0.359231
threshold=1.1800000071525576 -0.67177775502204884 -5.2204999923706046 0.71305307745933544 0.43721295893192297 -0.20199999958276746 1.1800000071525576 -9.6454305648803693 -0.48074999451637263 0.25999999791383749 0.31797766685485845 -4.3167498111724845 0.70000001788139354 -4.6759998798370352 0.62500000000000011 0.10000000521540643 0.55445221066474926 0.44573332369327551 0.4200000017881394 0.13660000264644626 -0.26784999668598169 0.27582278847694403 0.025669536553323272 1.4097195863723757 -0.18050000071525571 0.12500000372529033 -0.67840000987052906 0.354295164346695 0.62014618515968334 0.37429012358188635
decision_type=2 2 2 2 2 2 2 2 2 2 2 2 2 2 2 2 2 2 2 2 2 2 2 2 2 2 2 2 2 2
left_child=1 2 -1 4 -4 6 11 -8 9 -6 -11 -3 -13 -7 15 16 -15 -18 -17 20 -20 22 28 25 -25 26 -24 -28 -14 -23
right_child=-2 5 3 -5 8 13 7 -9 -10 10 -12 12 21 14 -16 18 17 -19 19 -21 -22 29 23 24 -26 -27 27 -29 -30 -31
leaf_value=-0.063940310437478248 -0.08136166395185962 -0.34297191997787246 -0.041020190352089203 -0.029996705936313258 0.014435347866507374 -0.41752896111753535 -0.025701967421601069 0.001420955699660112 0.016493420088197097 -0.054804734659463186 0.0051406301668874615 0.026562626539063324 0.0068388205615256565 0.047392199674253024 0.045977582086618701 0.044366539132748149 -0.038646550559869548 0.010952200138619916 0.052496566925647636 0.065929423426382944 -1.5227609563435163 0.019385208752300757 0.015903966377709532 0.0096297474011105364 -0.042749376248890129 0.013155370700527858 -0.030297806516189386 0.0048030024754597807 0.029051460921867851 -0.0029129485574217106
leaf_weight=28 21 32 23 22 38 22 37 37 104 21 35 607 69 106 456 1068 25 38 27 34 24 317 24 21 28 82 23 23 81 45
leaf_count=28 21 32 23 22 38 22 37 37 104 21 35 607 69 106 456 1068 25 38 27 34 24 317 24 21 28 82 23 23 81 45
internal_value=0.00224275 0.00234058 -0.00127306 6.17286e-05 0.000927602 0.00264414 0.00184432 -0.00378378 0.0019697 -0.000851064 -0.00482143 0.00215237 0.00231061 0.00327778 0.00336895 0.00291982 0.000266272 -0.00452381 0.00330876 -0.000294117 -0.00382353 0.00135344 0.000156695 -0.00171642 -0.0072449 6.57897e-05 -0.00357143 -0.00695652 0.00266667 0.00251381
internal_weight=3518 3497 271 243 221 3226 1426 74 198 94 56 1352 1320 1800 1778 1322 169 63 1153 85 51 713 351 201 49 152 70 46 150 362
internal_count=3518 3497 271 243 221 3226 1426 74 198 94 56 1352 1320 1800 1778 1322 169 63 1153 85 51 713 351 201 49 152 70 46 150 362
is_linear=0
shrinkage=0.05


Tree=35
num_leaves=31
num_cat=0
split_feature=13 16 13 18 18 10 4 51 10 9 12 12 28 13 46 16 35 36 21 37 16 10 13 16 18 11 44 8 18 0
split_gain=1.94501 1.56143 2.35641 1.8265 1.20853 0.811829 0.695825 0.686053 1.02806 0.652497 0.545499 0.696186 0.892045 0.543478 0.513416 1.24444 0.466126 0.784149 0.460358 0.433064 0.591583 0.332006 0.329414 0.440867 0.525018 0.45045 0.429501 0.313779 0.301245 0.541191
threshold=-0.42933334410190577 0.29999999701976782 -0.74733334779739369 0.58161616325378429 0.71210584044456493 -11.993721961975096 0.38000001013278967 -3.5154999494552608 -10.453529357910154 0.16814770549535754 2.7014106512069707 2.3443055152893071 0.28049999475479132 -0.10955555737018584 -2.1233333945274349 0.21999999880790713 1.2189999818801882 -0.090849999338388429 0.27085000276565557 1.0337499976158144 0.29999999701976782 -9.3239407539367658 -0.21200000494718549 0.38000001013278967 0.56355291604995739 0.34903571009635931 -10.499999999999998 1.0000000180025095e-35 0.75272428989410411 0.53999999165534984
decision_type=2 2 2 2 2 2 2 2 2 2 2 2 2 2 2 2 2 2 2 2 2 2 2 2 2 2 2 2 2 2
left_child=1 4 3 -3 6 -4 9 8 -7 -1 11 14 18 -14 15 -2 27 -18 -13 20 -19 -9 23 -12 25 -25 -26 28 29 -16
right_child=10 2 5 -5 -6 7 -8 21 -10 -11 22 12 13 -15 16 -17 17 19 -20 -21 -22 -23 -24 24 26 -27 -28 -29 -30 -31
leaf_value=-0.25246024795933764 0.20162602389667109 -0.02987892955489891 -0.032096612313298876 -0.072236975900750483 -0.01752670909066718 0.01370244962325925 0.011337027121395777 0.007402012080993824 -0.025979568933029065 0.011704072524746402 0.023745567621182337 0.052323400557605183 -0.014182416822424505 -0.68176218211665152 0.067678573866307809 -0.47890564724981249 -0.97699500342643497 0.038525608296088622 -0.015525943547755683 0.041512961488680673 -0.6491793048474177 -0.024207996434801315 0.04195206064663843 0.036975615158194593 -0.03874959021496284 -0.015311272675893526 0.0021293472547108372 0.03257053357055411 0.090572626112205831 -0.023940190541603582
leaf_weight=20 24 38 20 36 20 22 336 155 23 21 289 45 23 23 67 21 22 36 23 84 23 23 863 50 20 24 21 1044 40 87
leaf_count=20 24 38 20 36 20 22 336 155 23 21 289 45 23 23 67 21 22 36 23 84 23 23 863 50 20 24 21 1044 40 87
internal_value=0.00221987 -0.000112045 -0.00272871 -0.0105405 0.00197733 -0.000349794 0.00261273 0.000515695 -0.005 -0.00353659 0.00280841 0.0021831 -0.00157895 -0.00695652 0.00247928 -0.00277778 0.0026479 0.000151515 0.00205882 0.0015035 -0.00177966 0.00191011 0.00357932 0.00240099 -0.000217391 0.0022973 -0.0047561 0.00298061 0.00113402 0.00012987
internal_weight=3543 714 317 74 397 243 377 223 45 41 2829 1562 114 46 1448 45 1403 165 68 143 59 178 1267 404 115 74 41 1238 194 154
internal_count=3543 714 317 74 397 243 377 223 45 41 2829 1562 114 46 1448 45 1403 165 68 143 59 178 1267 404 115 74 41 1238 194 154
is_linear=0
shrinkage=0.05


Tree=36
num_leaves=31
num_cat=0
split_feature=13 18 18 4 51 11 11 12 47 28 18 22 46 26 18 18 13 13 46 26 51 47 21 13 10 18 10 18 9 18
split_gain=1.73389 1.12073 1.45775 0.81388 0.701712 0.687734 0.965748 0.635426 0.700594 0.890818 1.03139 1.3996 0.794484 0.555108 0.590953 0.546973 0.52108 0.383039 0.516552 0.382302 0.687217 1.54435 0.452174 0.281938 0.281615 0.393615 0.899333 0.301245 0.541191 0.928846
threshold=-0.43999999761581415 0.71305307745933544 0.72964444756507885 0.38000001013278967 -1.8190000057220457 0.45376563072204595 0.63624182343482982 2.7014106512069707 1.2740647792816164 0.52654999494552623 0.54298096895217907 0.99124997854232799 -0.0061666667461395255 -2.3244999647140498 0.4295936524868012 0.69464683532714855 -0.67177775502204884 -0.3053333312273025 0.053166666999459274 -0.70624998211860646 -3.9199999570846553 1.437714755535126 0.061049999669194228 -0.054666668176650994 -1.0000000180025095e-35 0.69464683532714855 -9.3748416900634748 0.75272428989410411 0.55445221066474926 0.44573332369327551
decision_type=2 2 2 2 2 2 2 2 2 2 2 2 2 2 2 2 2 2 2 2 2 2 2 2 2 2 2 2 2 2
left_child=1 3 -3 -1 5 19 -7 8 13 17 11 -11 -13 14 -2 -6 -4 18 -10 -5 -21 22 -22 -9 25 -15 -27 28 -26 -30
right_child=7 2 16 4 15 6 -8 23 9 10 -12 12 -14 24 -16 -17 -18 -19 -20 20 21 -23 -24 -25 27 26 -28 -29 29 -31
leaf_value=-0.028900037391626145 -0.9281452532551131 -0.03905244528082194 -0.040605162792948096 0.013434334935233608 0.014262459443183183 -0.038684159632396672 -0.012563070309123962 0.020147347131808747 -0.0022696632389719905 -1.0837783210506775 0.017231619651132388 0.035930358176230907 -0.90193834293067665 0.035836960135999615 0.069161634692835566 -0.011300163203783298 0.0059693629295436501 0.038400431016638759 0.035420865196310276 0.0037386338992261899 0.035426185336516328 -0.70759517506197944 -0.0065120396366036924 0.056317949599379129 0.064294645172992423 -0.011180135866700108 0.023387081090525411 0.086043994806595525 -0.035354519277267106 0.0085006762729762427
leaf_weight=40 22 20 20 98 249 21 36 863 32 22 42 27 20 946 23 20 27 178 29 52 26 22 20 432 67 29 33 40 26 61
leaf_count=40 22 20 20 98 249 21 36 863 32 22 42 27 20 946 23 20 27 178 29 52 26 22 20 432 67 29 33 40 26 61
internal_value=0.00226221 -6.91242e-05 -0.00619403 0.000633562 0.00113971 -0.000636363 -0.00552632 0.002787 0.0021196 0.000142857 -0.00355856 -0.00731884 -0.00244681 0.00267442 -0.00277778 0.00295539 -0.00138298 0.00186192 -0.00155738 0.000642202 -0.00125 -0.00455882 0.000652174 0.00361004 0.00287854 0.00321429 -0.000645161 0.00113402 0.00012987 -0.00247126
internal_weight=3543 651 67 584 544 275 57 2892 1597 350 111 69 47 1247 45 269 47 239 61 218 120 68 46 1295 1202 1008 62 194 154 87
internal_count=3543 651 67 584 544 275 57 2892 1597 350 111 69 47 1247 45 269 47 239 61 218 120 68 46 1295 1202 1008 62 194 154 87
is_linear=0
shrinkage=0.05


Tree=37
num_leaves=31
num_cat=0
split_feature=18 45 11 37 4 45 45 47 46 14 16 16 53 45 18 0 3 12 16 18 9 18 13 46 16 14 11 28 11 26
split_gain=1.32848 1.2842 1.7141 2.01245 0.5753 0.501852 0.466906 0.897004 0.762222 0.65625 0.457459 0.704952 1.20283 0.694917 0.667244 0.595238 0.457942 0.444128 0.569342 1.24303 0.457834 0.524803 0.307692 0.282623 0.977476 0.614991 0.508393 0.373965 0.250568 0.333532
threshold=0.62164199352264415 -0.80141666531562794 -1.0000000180025095e-35 -0.47680000960826868 1.1399999856948855 -0.20874999463558194 -0.028000000864267346 0.77144595980644237 -0.12299999967217444 0.28749999403953558 0.90000000596046459 0.29999999701976782 0.60249999165534984 -0.32383333146572107 0.59145396947860729 0.45999999344348913 0.49050766229629522 0.1448420584201813 0.25999999791383749 0.43568253517150884 0.43975645303726202 0.40893332660198217 -0.34733332693576807 -0.008499999996274708 0.34000000357627874 0.3458333313465119 0.39475619792938238 0.33714999258518225 0.059196881949901588 0.29950000345706945
decision_type=2 2 2 2 2 2 2 2 2 2 2 2 2 2 2 2 2 2 2 2 2 2 2 2 2 2 2 2 2 2
left_child=5 2 22 -4 6 10 7 8 -3 -10 11 13 14 16 23 -15 -1 18 20 -20 -7 -22 -2 25 -25 -13 27 -26 -8 -30
right_child=1 4 3 -5 -6 17 28 -9 9 -11 -12 12 -14 15 -16 -17 -18 -19 19 -21 21 -23 -24 24 26 -27 -28 -29 29 -31
leaf_value=0.031774039613421151 -0.038341603517159144 0.016454963462923185 0.0023610804606936358 -0.064040206285552376 -0.073116723015279481 0.040068053435017445 0.016890064042493973 0.0094833980415540142 -0.0091485084229871016 -0.003955607801042706 0.046192234317624585 0.010086364889761574 -0.35605722538418139 -0.48316043703841499 -0.035361105748754708 0.042666717352594731 -0.024216386279640876 0.034026360743717662 -0.022990781929873097 0.028747670175962088 -0.016369203266921539 0.073308792773405809 0.050877324180337836 -0.8373606096152747 0.024788084406955575 -0.011392310494020612 -0.032541066069319967 -0.00061845785556642336 0.013845863780832772 -0.0055160402956189181
leaf_weight=392 26 25 20 27 21 126 198 68 24 32 131 183 21 35 24 40 25 1649 35 50 28 34 26 35 92 25 33 28 42 48
leaf_count=392 26 25 20 27 21 126 198 68 24 32 131 183 21 35 24 40 25 1649 35 50 28 34 26 35 92 25 33 28 42 48
internal_value=0.00230454 6.28368e-05 -0.00510101 -0.0120213 0.00117904 0.00272271 0.00156751 -0.000704698 -0.00425926 -0.0075 0.0018515 0.00146302 1.13381e-05 0.00276423 0.000595238 -0.00166667 0.00356115 0.00320499 0.001337 -0.00205882 0.00287234 -0.000645161 0.00115385 0.00108586 -0.000319149 0.00235577 0.00140523 0.00291667 0.00274306 0.000555556
internal_weight=3543 557 99 47 458 2986 437 149 81 56 1064 933 441 492 420 75 417 1922 273 85 188 62 52 396 188 208 153 120 288 90
internal_count=3543 557 99 47 458 2986 437 149 81 56 1064 933 441 492 420 75 417 1922 273 85 188 62 52 396 188 208 153 120 288 90
is_linear=0
shrinkage=0.05


Tree=38
num_leaves=31
num_cat=0
split_feature=13 18 18 16 47 56 14 22 19 16 46 16 13 12 14 4 11 27 35 37 21 46 18 18 18 18 3 0 5 12
split_gain=1.21239 1.69031 1.51892 0.982217 1.11912 1.17849 0.913086 0.547247 0.361635 0.371544 0.421569 0.367051 0.355204 0.649924 0.647056 0.682944 0.670085 0.480769 0.479248 0.562985 0.72803 0.988261 0.474151 1.08729 0.583238 1.46197 0.680272 0.495594 0.537579 0.351021
threshold=-0.37600000202655787 0.71210584044456493 0.7278108298778535 0.29999999701976782 0.072802934795618071 -5.2204999923706046 0.12916667014360431 -0.56409999728202809 1.0000000180025095e-35 0.21999999880790713 -4.510500192642211 0.13999999687075618 -0.18733333051204679 2.8107068538665776 0.32083332538604742 0.29999999701976782 0.20935538411140445 0.14329999685287478 1.0000000180025095e-35 0.30085000395774847 0.94725000858306896 -0.027166667394340035 0.53588888049125682 0.52134984731674205 0.43280808627605444 0.39782011508941656 0.20034662634134295 0.53999999165534984 0.47499999403953558 2.0369949340820317
decision_type=2 2 2 2 2 2 2 2 2 2 2 2 2 2 2 2 2 2 2 2 2 2 2 2 2 2 2 2 2 2
left_child=1 3 -3 -1 -5 -6 -7 -4 9 11 -11 -2 14 22 18 16 17 -16 -12 20 21 -20 23 24 25 27 -27 28 -14 -30
right_child=8 2 7 4 5 6 -8 -9 -10 10 12 -13 13 -15 15 -17 -18 -19 19 -21 -22 -23 -24 -25 -26 26 -28 -29 29 -31
leaf_value=0.01099589369260884 -0.0018794345691718257 -0.041160175323364356 -0.010373387056753778 -0.066147269422815042 -0.083401176017439849 -0.22187798679523879 0.00634176184592679 0.0014863218778797232 0.038149385461452148 -0.30400753814265935 0.019617489985468757 0.061262799030835348 0.047057741837882597 0.040158852187627242 0.016072352980600762 0.012654130220694918 -0.018042495327895144 -0.64402777365899255 0.079729234648207914 0.017235864505367092 0.01713733578625521 -0.61648989226191664 0.039543493888303582 -1.4533927058798866 0.048935186611623632 -0.0097412916335319361 -1.3011754446664652 -0.032694377903684263 0.035012106123795655 -0.98736812172535737
leaf_weight=482 34 23 23 21 22 28 266 43 206 21 319 417 152 558 26 82 20 26 21 134 33 34 191 38 162 28 21 27 61 24
leaf_count=482 34 23 23 21 22 28 266 43 206 21 319 417 152 558 26 82 20 26 21 134 33 34 191 38 162 28 21 27 61 24
internal_value=0.00244567 0.000870044 -0.00567416 0.0015812 -0.000489614 0.000253165 0.00108844 -0.00181818 0.00298861 0.00281803 0.00252275 0.00411308 0.00259836 0.00309826 0.00169065 -0.00116883 -0.00472222 -0.00173077 0.00250462 0.000720721 -0.00238636 -0.00590909 0.00208807 0.0012963 0.00194737 0.000686901 -0.0072449 0.00215909 0.0028903 -0.000294117
internal_weight=3543 908 89 819 337 316 294 66 2635 2429 1978 451 1957 1262 695 154 72 52 541 222 88 55 704 513 475 313 49 264 237 85
internal_count=3543 908 89 819 337 316 294 66 2635 2429 1978 451 1957 1262 695 154 72 52 541 222 88 55 704 513 475 313 49 264 237 85
is_linear=0
shrinkage=0.05


Tree=39
num_leaves=31
num_cat=0
split_feature=13 18 18 56 14 11 11 13 11 19 56 10 28 14 37 11 17 0 44 51 3 16 51 10 10 46 45 10 50 46
split_gain=1.37507 1.50304 1.80593 0.853698 0.667543 0.489092 0.641316 0.682247 0.465385 0.301638 0.318969 0.583284 0.405755 0.671797 0.370879 0.259949 0.555901 0.252143 0.547811 0.359521 0.581425 1.06685 0.873247 0.358163 0.251992 0.322135 0.308126 0.25 0.249787 0.641871
threshold=-0.38533332943916315 0.71210584044456493 0.7278108298778535 -4.5429999828338614 0.15416666865348819 0.52799722552299511 0.61977186799049389 -0.71177777647972096 -0.012718556448817251 1.0000000180025095e-35 -0.96449998021125782 -9.2808179855346662 0.55404999852180492 0.21249999850988391 1.1212499737739565 0.28917710483074194 0.37500000000000006 0.81999999284744274 -15.499999999999998 -1.0000000180025095e-35 0.3007341623306275 0.25999999791383749 0.60800001025199901 -16.199654579162594 -9.9721493721008283 -0.067499998956918703 -0.40600000321865076 -9.6243691444396955 1.0000000180025095e-35 4.0053331851959237
decision_type=2 2 2 2 2 2 2 2 2 2 2 2 2 2 2 2 2 2 2 2 2 2 2 2 2 2 2 2 2 2
left_child=1 3 -3 4 -1 17 -7 -8 -4 10 11 12 14 -14 15 -2 -17 18 -5 -20 21 -21 -23 -22 -12 -26 -27 -10 29 -28
right_child=9 2 8 5 -6 6 7 -9 27 -11 24 -13 13 -15 -16 16 -18 -19 19 20 23 22 -24 -25 25 26 28 -29 -30 -31
leaf_value=0.0032843144095936064 0.026087610772170196 -0.039619380902711027 -0.024323970297006871 -0.016304451410222867 -0.068667584171808446 -0.0085664171301121986 -0.044939572847420201 0.026106336795062586 0.011218494182954921 0.03624191618837954 0.035172965831320506 -0.29565652503082734 0.033901400916465978 -0.03077585982179435 -0.38781741763198885 0.015778607219124528 -0.031313134696794656 0.012178384472322966 0.011148675086199286 0.050295730407239447 -0.0045545901819987423 -0.051727008968392635 0.0030269887777906257 0.021802188293992754 0.036511575090089753 -0.0081140138314904162 0.02649941835923908 -0.0046498921462499593 0.030268498669868624 -0.77315625287699019
leaf_weight=39 293 22 20 24 38 22 21 65 25 206 525 39 51 37 26 47 24 209 208 42 20 28 22 78 406 35 582 20 347 22
leaf_count=39 293 22 20 24 38 22 21 65 25 206 525 39 51 37 26 47 24 209 208 42 20 28 22 78 406 35 582 20 347 22
internal_value=0.00258679 0.000902547 -0.00534483 0.00156863 -0.00344156 0.00209066 -0.00101852 0.000930233 -0.00115385 0.00316288 0.0030074 0.00190522 0.00238494 -0.000681818 0.00307692 0.00348901 0.000774648 0.00262282 0.00191943 0.00236181 0.000789474 -0.00206522 -0.007 0.00346939 0.00330464 0.00295259 0.0024645 0.00166667 0.00263407 0.00201987
internal_weight=3543 903 87 816 77 739 108 86 65 2640 2434 517 478 88 390 364 71 631 422 398 190 92 50 98 1917 1392 986 45 951 604
internal_count=3543 903 87 816 77 739 108 86 65 2640 2434 517 478 88 390 364 71 631 422 398 190 92 50 98 1917 1392 986 45 951 604
is_linear=0
shrinkage=0.05


Tree=40
num_leaves=31
num_cat=0
split_feature=2 13 14 45 2 11 21 13 11 11 11 46 2 14 13 5 49 8 5 51 22 28 26 36 14 13 10 27 14 14
split_gain=1.99546 1.25117 1.27721 1.18845 1.06418 0.812698 0.709493 0.765458 0.777351 0.551491 0.775428 0.573751 0.531401 0.413331 0.372408 0.593855 1.48687 0.343304 0.304211 0.509783 0.790239 1.1978 0.94028 0.530892 0.500412 1.08513 0.338029 0.35222 0.29968 0.557222
threshold=1.2283333539962771 -0.33200000226497645 0.3458333313465119 -1.2085833549499509 0.73619046807289135 0.1010846607387066 -0.60789999365806568 -0.66733333468437184 -0.032038392499089234 0.52799722552299511 0.58543649315834057 -0.058833332732319825 0.58933332562446605 0.36249999701976782 -0.48000000417232508 0.075000001117587103 1.0000000180025095e-35 1.6999999880790713 0.32500000298023229 -0.34099999070167536 0.11285000294446947 1.0310999751091006 0.076000001281499877 -0.01760000083595514 0.18750000000000003 -0.14111111313104627 -8.624785900115965 0.26749999821186071 0.062500001862645163 0.045833334326744087
decision_type=2 2 2 2 2 2 2 2 2 2 2 2 2 2 2 2 2 2 2 2 2 2 2 2 2 2 2 2 2 2
left_child=1 2 3 4 -1 12 -6 8 -8 14 -11 -12 -4 17 15 16 -5 18 19 20 23 22 -22 -3 -25 -26 -20 -28 29 -21
right_child=-2 13 5 9 6 -7 7 -9 -10 10 11 -13 -14 -15 -16 -17 -18 -19 26 28 21 -23 -24 24 25 -27 27 -29 -30 -31
leaf_value=-0.25867083993565732 -0.051120839750081463 0.035332227594461925 -0.0057726244085629297 -0.13384412423710645 0.017205946462940647 -0.036681527475913064 -0.015759923782950325 0.013038221681483376 -0.028646088601916753 -0.010788860812702458 -0.010738533010487158 0.019805823035606931 0.010230247085330943 0.033952833461905176 0.015135069708564694 0.0083062076899278088 0.012784251081219375 -0.0076162859104896789 0.037754380982703999 0.031833352266563163 -0.0046546743056028799 0.038104415748289489 -0.8639300730516013 0.031421674132721969 -0.029690122917143819 0.04827216170159207 0.040947239568617337 -0.41537510279698059 0.031777462712014412 -0.2229581466587682
leaf_weight=32 34 112 23 22 52 35 23 26 20 20 32 54 22 385 447 294 23 25 1002 151 32 36 21 51 24 26 123 20 367 31
leaf_count=32 34 112 23 22 52 35 23 26 20 20 32 54 22 385 447 294 23 25 1002 151 32 36 21 51 24 26 123 20 367 31
internal_value=0.00234923 0.00246531 0.00108889 0.00155502 -0.00251634 -0.005 -0.000371901 -0.00369565 -0.0077907 0.00225336 -0.00113208 0.000930233 -0.000555555 0.00310889 0.00270992 0.00146018 -0.00388889 0.00282286 0.00289579 0.00217979 0.000529801 -0.00342697 -0.00820755 0.0021831 -0.000445544 -0.004 0.00342795 0.00115385 0.00308743 0.00142857
internal_weight=3565 3531 1125 1045 153 80 121 69 43 892 106 86 45 2406 786 339 45 2021 1996 851 302 89 53 213 101 50 1145 143 549 182
internal_count=3565 3531 1125 1045 153 80 121 69 43 892 106 86 45 2406 786 339 45 2021 1996 851 302 89 53 213 101 50 1145 143 549 182
is_linear=0
shrinkage=0.05


end of trees

feature_importances:
Column_13=128
Column_16=114
Column_18=112
Column_14=55
Column_0=50
Column_10=50
Column_9=47
Column_11=46
Column_46=45
Column_8=40
Column_45=40
Column_56=35
Column_17=33
Column_47=31
Column_35=29
Column_44=29
Column_51=28
Column_2=27
Column_12=26
Column_36=26
Column_53=26
Column_28=24
Column_37=22
Column_20=21
Column_21=21
Column_27=20
Column_26=17
Column_4=16
Column_5=15
Column_22=14
Column_49=12
Column_3=11
Column_1=7
Column_6=5
Column_48=3
Column_19=2
Column_7=1
Column_15=1
Column_50=1

parameters:
[boosting: gbdt]
[objective: quantile]
[metric: quantile]
[tree_learner: serial]
[device_type: cpu]
[data_sample_strategy: bagging]
[data: ]
[valid: ]
[num_iterations: 300]
[learning_rate: 0.05]
[num_leaves: 31]
[num_threads: 0]
[seed: 42]
[deterministic: 0]
[force_col_wise: 0]
[force_row_wise: 0]
[histogram_pool_size: -1]
[max_depth: -1]
[min_data_in_leaf: 20]
[min_sum_hessian_in_leaf: 0.001]
[bagging_fraction: 0.8]
[pos_bagging_fraction: 1]
[neg_bagging_fraction: 1]
[bagging_freq: 5]
[bagging_seed: 400]
[bagging_by_query: 0]
[feature_fraction: 0.8]
[feature_fraction_bynode: 1]
[feature_fraction_seed: 30056]
[extra_trees: 0]
[extra_seed: 12879]
[early_stopping_round: 0]
[early_stopping_min_delta: 0]
[first_metric_only: 0]
[max_delta_step: 0]
[lambda_l1: 0]
[lambda_l2: 0]
[linear_lambda: 0]
[min_gain_to_split: 0]
[drop_rate: 0.1]
[max_drop: 50]
[skip_drop: 0.5]
[xgboost_dart_mode: 0]
[uniform_drop: 0]
[drop_seed: 17869]
[top_rate: 0.2]
[other_rate: 0.1]
[min_data_per_group: 100]
[max_cat_threshold: 32]
[cat_l2: 10]
[cat_smooth: 10]
[max_cat_to_onehot: 4]
[top_k: 20]
[monotone_constraints: ]
[monotone_constraints_method: basic]
[monotone_penalty: 0]
[feature_contri: ]
[forcedsplits_filename: ]
[refit_decay_rate: 0.9]
[cegb_tradeoff: 1]
[cegb_penalty_split: 0]
[cegb_penalty_feature_lazy: ]
[cegb_penalty_feature_coupled: ]
[path_smooth: 0]
[interaction_constraints: ]
[verbosity: 1]
[saved_feature_importance_type: 0]
[use_quantized_grad: 0]
[num_grad_quant_bins: 4]
[quant_train_renew_leaf: 0]
[stochastic_rounding: 1]
[linear_tree: 0]
[max_bin: 255]
[max_bin_by_feature: ]
[min_data_in_bin: 3]
[bin_construct_sample_cnt: 200000]
[data_random_seed: 175]
[is_enable_sparse: 1]
[enable_bundle: 1]
[use_missing: 1]
[zero_as_missing: 0]
[feature_pre_filter: 1]
[pre_partition: 0]
[two_round: 0]
[header: 0]
[label_column: ]
[weight_column: ]
[group_column: ]
[ignore_column: ]
[categorical_feature: ]
[forcedbins_filename: ]
[precise_float_parser: 0]
[parser_config_file: ]
[objective_seed: 16083]
[num_class: 1]
[is_unbalance: 0]
[scale_pos_weight: 1]
[sigmoid: 1]
[boost_from_average: 1]
[reg_sqrt: 0]
[alpha: 0.1]
[fair_c: 1]
[poisson_max_delta_step: 0.7]
[tweedie_variance_power: 1.5]
[lambdarank_truncation_level: 30]
[lambdarank_norm: 1]
[label_gain: ]
[lambdarank_position_bias_regularization: 0]
[eval_at: ]
[multi_error_top_k: 1]
[auc_mu_weights: ]
[num_machines: 1]
[local_listen_port: 12400]
[time_out: 120]
[machine_list_filename: ]
[machines: ]
[gpu_platform_id: -1]
[gpu_device_id: -1]
[gpu_use_dp: 0]
[num_gpu: 1]

end of parameters

pandas_categorical:null
