tree
version=v4
num_class=1
num_tree_per_iteration=1
label_index=0
max_feature_idx=58
objective=quantile
feature_names=Column_0 Column_1 Column_2 Column_3 Column_4 Column_5 Column_6 Column_7 Column_8 Column_9 Column_10 Column_11 Column_12 Column_13 Column_14 Column_15 Column_16 Column_17 Column_18 Column_19 Column_20 Column_21 Column_22 Column_23 Column_24 Column_25 Column_26 Column_27 Column_28 Column_29 Column_30 Column_31 Column_32 Column_33 Column_34 Column_35 Column_36 Column_37 Column_38 Column_39 Column_40 Column_41 Column_42 Column_43 Column_44 Column_45 Column_46 Column_47 Column_48 Column_49 Column_50 Column_51 Column_52 Column_53 Column_54 Column_55 Column_56 Column_57 Column_58
feature_infos=[0.039999999105930328:1.6000000238418579] [0.05000000074505806:0.5] [0.059999998658895493:1.5199999809265137] [0:0.54119211435317993] [0.039999999105930328:1.440000057220459] [0:0.55000001192092896] [0:1] [0:1] [0:2.2666666507720947] [0.039999999105930328:4] [-18.734375:0] [-9.6899995803833008:11.46875] [0:7.6152467727661133] [-1.1066666841506958:3.940000057220459] [0:0.43333333730697632] [0:0.93333333730697632] [0.039999999105930328:1.6000000238418579] [0:0.66666668653488159] [0.18190476298332214:0.91288888454437256] [0:1] [-22.531000137329102:28.888999938964844] [-22.531000137329102:27.158000946044922] [-21.007600784301758:24.503599166870117] none none none [-22.115999221801758:21.5] [-22.115999221801758:21.5] [-16.012399673461914:18.616399765014648] none none none none none none [-17.592500686645508:21.677499771118164] [-11.965999603271484:17.982999801635742] [-14.043000221252441:16.086200714111328] none none none none none none [-30:99] [-9.4589996337890625:7.7718334197998047] [-6.0539999008178711:9.0223331451416016] [0:16.470409393310547] [0:1] [0:5] [0:5] [-37.666000366210938:30.954999923706055] none [-28.121999740600586:23.117000579833984] none none [-28.14900016784668:23.379999160766602] none none
tree_sizes=2825 2865 2857 2831 2854 2848 2871 2874 2848 2862 2862 2873 2854 2858 2855 2854 2870 2863 2868 2863 2881 2871 2875 2846 2880 2881 2876 2882 2869 2867 2881 2890 2875 2890 2873 2869 2884 2876 2848 2865 2871 2872 2879 2877 2867 2874 2872 2871 2897 2862 2844 2892 2862 2879 2876 2901 2862 2880 2878 2890 2863 2832 2880 2893 2863 2872 2881 2818 2858 2857 2876 2869 2845 2867 2873

Tree=0
num_leaves=31
num_cat=0
split_feature=13 10 16 16 56 14 44 37 13 2 13 44 27 18 9 44 2 9 16 14 8 16 10 18 11 9 56 56 16 10
split_gain=158.468 49.7711 31.3909 14.0396 12.9108 10.2961 7.59536 7.41433 6.33313 6.32648 6.36989 6.29486 5.4409 4.47336 4.4265 3.79069 3.75156 4.58589 3.69153 3.28523 5.41343 2.85695 3.1302 2.85385 2.68789 2.65714 2.55402 2.47115 3.47275 2.40004
threshold=-0.22000000625848767 -14.067451000213621 0.97999998927116405 0.25999999791383749 -0.017500000074505802 0.12083333358168603 -16.499999999999996 -0.17014999687671659 0.12400000169873239 0.51800000667572033 -0.018000000156462189 -6.4999999999999991 -1.0957999825477598 0.43721295893192297 1.1378814578056338 1.5000000000000002 0.73619046807289135 0.24026839435100558 0.21999999880790713 0.40416666865348821 1.4333333373069765 0.21999999880790713 -9.1838188171386701 0.51588761806488048 0.43717326223850256 0.6003120243549348 -0.2609999924898147 -0.057499999180436127 0.21999999880790713 -10.293275833129881
decision_type=2 2 2 2 2 2 2 2 2 2 2 2 2 2 2 2 2 2 2 2 2 2 2 2 2 2 2 2 2 2
left_child=1 5 4 6 8 24 -3 -8 19 10 12 -5 -6 -9 23 -11 17 -13 -7 20 26 -14 -23 25 -1 -4 -2 28 -15 -29
right_child=2 3 14 11 9 18 7 13 -10 15 -12 16 21 27 -16 -17 -18 -19 -20 -21 -22 22 -24 -25 -26 -27 -28 29 -30 -31
leaf_value=-0.044649998471140859 -0.044849998477729969 -0.18199999742209913 -0.042149998527020213 -0.13960000090301039 -0.044649998471140859 -0.044649998471140859 -0.097799996659159671 -0.042949998378753663 0.3328500110656023 -0.05189999844878912 0.027975003793835648 -0.073099998757243156 -0.032349998131394386 -0.048949998430907728 -0.011099998280405997 -0.042149998433887961 -0.25787500552833081 -0.027949998900294301 -0.1157999973744154 -0.052849998697638512 -0.0066499989479780197 -0.035449998453259468 -0.0067999985069036456 -0.063474998995661738 -0.060224999114871024 -0.059699998423457148 -0.021249998733401297 -0.044649998471140859 -0.1047249983996153 -0.05829999856650829
leaf_weight=139 308 89 42 761 78 26 131 69 75 80 264 87 119 50 34 21 32 41 37 35 67 248 256 158 20 20 62 20 38 58
leaf_count=139 308 89 42 761 78 26 131 69 75 80 264 87 119 50 34 21 32 41 37 35 67 248 256 158 20 20 62 20 38 58
internal_value=-0.0470505 -0.0586083 -0.037158 -0.0621526 -0.0345852 -0.0366396 -0.054967 -0.0517814 -0.04083 -0.0313809 -0.0301347 -0.0657025 -0.0326277 -0.0464681 -0.0534961 -0.0432871 -0.0566875 -0.0528594 -0.053746 -0.0429746 -0.041794 -0.031069 -0.0327143 -0.0560909 -0.0298616 -0.047 -0.0441622 -0.0509157 -0.0566591 -0.0444359
internal_weight=3465 1598 1867 1376 1613 222 455 366 547 1066 965 921 701 235 254 101 160 128 63 472 437 623 504 220 159 62 370 166 88 78
internal_count=3465 1598 1867 1376 1613 222 455 366 547 1066 965 921 701 235 254 101 160 128 63 472 437 623 504 220 159 62 370 166 88 78
is_linear=0
shrinkage=1


Tree=1
num_leaves=31
num_cat=0
split_feature=13 47 16 16 44 56 27 16 14 27 0 13 46 13 0 13 14 44 0 11 16 56 45 9 44 0 56 21 21 28
split_gain=126.373 43.1951 24.8746 18.884 13.8189 12.2724 9.83865 7.86103 6.62238 6.13267 5.52377 5.36448 5.86771 4.33713 4.52217 4.02619 3.99928 3.24289 4.89278 3.19376 2.80703 2.66134 3.40578 2.40998 2.36859 2.31294 2.51485 2.30779 2.25156 2.22692
threshold=-0.22000000625848767 1.0000000180025095e-35 0.97999998927116405 0.38000001013278967 -9.4999999999999982 1.0000000180025095e-35 -1.0597500205039976 0.25999999791383749 0.17083333432674411 -0.71294999122619618 0.62000000476837169 3.4819999933242802 -0.0061666667461395255 0.021999999880790714 1.1399999856948855 -0.35400000214576716 0.11250000074505807 -6.4999999999999991 0.38000001013278967 -1.0000000180025095e-35 1.1800000071525576 -0.19150000065565106 -0.16074999421834943 0.41194686293601995 -3.4999999999999996 0.49999998509883886 -0.21649999916553495 3.142149925231934 -0.80555000901222218 -0.58265000581741322
decision_type=2 2 2 2 2 2 2 2 2 2 2 2 2 2 2 2 2 2 2 2 2 2 2 2 2 2 2 2 2 2
left_child=1 3 5 16 7 9 -7 15 19 -2 11 12 21 20 23 -3 -1 25 -19 -6 -4 22 28 -15 -8 -10 -27 -26 -11 -21
right_child=2 4 13 -5 8 6 24 -9 17 10 -12 -13 -14 14 -16 -17 -18 18 -20 29 -22 -23 -24 -25 27 26 -28 -29 -30 -31
leaf_value=0.0022324999235570431 0.064637500913158882 -0.070455001387745145 -0.0054262499697506428 -0.17815625468268992 -0.021779375690966846 -0.0018925000540912153 0.031747499946504831 -0.10786999652162195 -0.069269998762756593 -0.033192500565201045 -0.013705000327900053 -0.0013987501896917825 0.0025949999224394562 0.0024906249367631973 0.05545499941334129 0.0021474999189376831 0.0022324999235570431 -0.035194999072700739 0.011347499992698433 -0.026009998712688689 -0.029226250145584345 0.018212500419467686 -0.0097075001063785752 -0.016651250366121532 0.04448999924585223 -0.058819999191910034 -0.0055699993111193169 0.0077118750289082525 0.014217499977530679 0.0032956249080598361
leaf_weight=145 146 232 86 34 122 72 190 553 87 25 105 34 307 24 24 44 44 66 63 21 76 36 48 44 494 84 35 26 130 68
leaf_count=145 146 232 86 34 122 72 190 553 87 25 105 34 307 24 24 44 44 66 63 21 76 36 48 44 494 84 35 26 130 68
internal_value=-0.000786436 -0.0111076 0.00804767 0.00930493 -0.0144182 0.0103379 0.0148338 -0.0184861 -0.00824176 0.0061071 0.00412409 0.00603448 0.00723443 -0.00649606 0.00217391 -0.0115942 0.0154762 -0.0126119 -0.00639535 -0.00130332 -0.0114198 0.00135983 -0.000862069 -0.00441176 0.0166197 -0.0165049 -0.0119748 0.0183654 0.00274194 0.00589888
internal_weight=3465 1598 1867 223 1375 1613 782 829 546 831 685 580 546 254 92 276 189 335 129 211 162 239 203 68 710 206 119 520 155 89
internal_count=3465 1598 1867 223 1375 1613 782 829 546 831 685 580 546 254 92 276 189 335 129 211 162 239 203 68 710 206 119 520 155 89
is_linear=0
shrinkage=0.05


Tree=2
num_leaves=31
num_cat=0
split_feature=13 47 16 16 51 13 14 37 14 9 17 0 18 36 35 14 46 53 16 16 16 53 14 1 13 2 37 4 13 18
split_gain=110.141 42.0115 20.3638 18.884 13.7266 12.5284 10.5446 5.67026 5.40062 4.78178 4.61087 4.57748 4.49737 4.21929 4.21875 3.99928 3.58167 3.4644 3.14446 2.92623 3.15284 3.39162 3.38194 2.72409 2.68987 3.24145 2.85449 2.66838 5.0522 2.61245
threshold=-0.22000000625848767 1.0000000180025095e-35 0.97999998927116405 0.38000001013278967 0.55099999904632579 -0.46999999880790705 0.17083333432674411 -0.41799999773502344 0.095833335071802153 1.0003445744514468 0.20833333581686023 0.62000000476837169 0.37659259140491491 3.2445499897003178 -1.0000000180025095e-35 0.11250000074505807 -0.27249999344348902 0.12750000506639483 0.25999999791383749 0.85999998450279247 0.29999999701976782 -0.17700000107288358 0.31250000000000006 0.47499999403953558 -0.027333334088325497 1.0224999785423281 -0.41799999773502344 0.29999999701976782 -0.31000000238418574 0.41972221434116369
decision_type=2 2 2 2 2 2 2 2 2 2 2 2 2 2 2 2 2 2 2 2 2 2 2 2 2 2 2 2 2 2
left_child=1 3 4 15 8 18 7 -7 12 11 29 19 14 16 -2 -1 -6 24 -3 20 21 22 -10 -13 26 -26 -4 -8 -29 -9
right_child=2 5 17 -5 13 6 27 10 9 -11 -12 23 -14 -15 -16 -17 -18 -19 -20 -21 -22 -23 -24 -25 25 -27 -28 28 -30 -31
leaf_value=0.0021208749273791908 -0.0013288126802071933 -0.088027250631712378 0.0074119374291040018 -0.16924844194855543 0.0046979999663308266 -0.059087251289747657 -0.052555876716040076 0.0084364688107743859 0.0021127499277645255 0.44232562230297845 -0.022526500820182264 0.015660625092805275 -0.0013288126802071933 -0.001784343941137195 0.018345250047277661 0.0021208749273791908 0.043312562264502051 -0.018514937519095838 -0.13497650146391243 0.091531622540824184 0.0055767498658969997 0.017077874953047283 0.052402751429472122 -0.012432249726261944 -0.001066609421337489 0.052682249442674224 -0.020043687115423384 -0.054676498173736036 -0.0021677500745281571 0.0020677186781540512
leaf_weight=145 24 177 20 34 57 93 160 33 97 60 79 21 227 20 96 44 528 63 318 67 229 105 27 55 98 26 47 303 72 140
leaf_count=145 24 177 20 34 57 93 160 33 97 60 79 21 227 20 96 44 528 63 318 67 229 105 27 55 98 26 47 303 72 140
internal_value=-0.00119048 -0.010826 0.00705678 0.00930493 0.00912895 -0.0140909 -0.0105114 -0.00369565 0.00555556 0.00820726 0.000198413 0.00686356 0.000504323 0.0150826 0.00833333 0.0154762 0.0158547 -0.00610236 -0.0204545 0.00852381 0.00709607 0.0112445 0.00564516 -0.00460526 -0.00274869 0.0016129 -0.0108209 -0.0149065 -0.0126 0.00476879
internal_weight=3465 1598 1867 223 1613 1375 880 345 1008 661 252 601 347 605 120 189 585 254 495 525 458 229 124 76 191 124 67 535 375 173
internal_count=3465 1598 1867 223 1613 1375 880 345 1008 661 252 601 347 605 120 189 585 254 495 525 458 229 124 76 191 124 67 535 375 173
is_linear=0
shrinkage=0.05


Tree=3
num_leaves=31
num_cat=0
split_feature=13 10 16 16 8 10 8 13 37 13 18 12 16 18 3 53 13 4 18 56 13 12 35 13 18 36 35 13 2 22
split_gain=100.669 45.3645 18.7119 13.7978 11.4744 13.6474 8.81465 7.1275 7.25005 6.90519 5.6165 4.69554 4.563 4.29474 4.19943 3.59984 3.53527 3.14738 3.59592 3.03853 3.01875 2.97171 2.93964 2.86536 2.83893 2.80471 2.61697 2.37667 3.24145 2.59155
threshold=-0.22000000625848767 -14.067451000213621 0.97999998927116405 0.25999999791383749 0.5000000149011613 -9.1838188171386701 0.76666668057441723 -0.63277778029441822 -0.17014999687671659 -0.46999999880790705 0.37659259140491491 3.6048374176025395 0.25999999791383749 0.43721295893192297 0.3211930543184281 0.12750000506639483 -0.14449999481439588 0.38000001013278967 0.60981348156929027 0.087000001221895232 -0.43999999761581415 3.2445875406265263 0.048750000074505813 -0.14449999481439588 0.36911110579967504 -0.30455000698566431 -0.46475000679492945 -0.027333334088325497 1.0224999785423281 -0.54820001125335682
decision_type=2 2 2 2 2 2 2 2 2 2 2 2 2 2 2 2 2 2 2 2 2 2 2 2 2 2 2 2 2 2
left_child=1 6 4 7 10 11 12 -3 -9 -5 26 14 -1 24 -6 27 22 -11 19 -19 -14 -21 -13 -7 -10 -15 -2 29 -29 -4
right_child=2 3 15 9 5 23 -8 8 13 17 -12 16 20 25 -16 -17 -18 18 -20 21 -22 -23 -24 -25 -26 -27 -28 28 -30 -31
leaf_value=0.0020148311810102315 -0.0012623720461968336 -0.11677588748023844 0.0070413405576488014 -0.13282767677218654 0.012336225092431959 0.020449872326664627 -0.046135168795147917 -0.047185889950254939 -0.01325110542573966 -0.048942676126072185 -0.00093293448809054146 0.015269496752507987 -0.085997264672676099 -0.032738926499197261 -0.011630637704700348 -0.017589190643141045 0.037904298747882426 -0.041059670959273355 -0.094552079525822785 -0.038365175738045945 0.0020148311810102315 0.029442324847867712 -0.0138660880900512 0.055599869799427694 0.0092378437084611516 0.0020148311810102315 0.02752548809174914 -0.0010132789502706146 0.050048136970540516 -0.019262752984510734
leaf_weight=142 29 96 20 325 338 62 21 131 22 301 305 51 21 63 66 63 278 172 72 30 38 21 41 299 46 97 144 98 26 47
leaf_count=142 29 96 20 325 338 62 21 131 22 301 305 51 21 63 66 63 278 172 72 30 38 21 41 299 46 97 144 98 26 47
internal_value=-0.00117605 -0.010388 0.00670862 -0.0137718 0.00869498 0.0114317 0.0105856 -0.00664835 -0.00341226 -0.017291 0.00219665 0.00768734 0.013806 0.00197368 0.0039604 -0.00590551 0.0117568 -0.014094 -0.0104237 -0.007287 0.00211864 0.00343137 0.00326087 0.0194598 0.0125 -0.0025 0.00939306 -0.00248691 0.0016129 -0.0100746
internal_weight=3465 1598 1867 1376 1613 1135 222 455 359 921 478 774 201 228 404 254 370 596 295 223 59 51 92 361 68 160 173 191 124 67
internal_count=3465 1598 1867 1376 1613 1135 222 455 359 921 478 774 201 228 404 254 370 596 295 223 59 51 92 361 68 160 173 191 124 67
is_linear=0
shrinkage=0.05


Tree=4
num_leaves=31
num_cat=0
split_feature=13 10 56 18 13 14 8 14 22 44 11 19 10 9 2 18 14 44 14 9 37 46 47 27 46 10 27 53 35 45
split_gain=82.6779 43.8878 16.1372 14.4777 11.415 10.4012 9.06031 8.59994 7.90116 6.57304 6.01504 6.2556 5.79558 4.72839 4.39102 3.89307 3.79916 3.58211 3.42062 3.32326 3.12551 3.35583 3.07862 3.28639 2.78211 2.64537 2.44002 2.42918 2.4006 2.37728
threshold=-0.22000000625848767 -14.067451000213621 1.0000000180025095e-35 0.69464683532714855 -0.46999999880790705 0.13750000298023227 0.2333333417773247 0.079166669398546233 -2.5366499423980708 -6.4999999999999991 -0.27873207628726954 1.0000000180025095e-35 -9.1838188171386701 0.4025298953056336 0.43199999630451208 0.39714285731315618 0.17083333432674411 -3.4999999999999996 0.17083333432674411 1.1378814578056338 -0.17965000122785565 0.028500000014901165 0.18551556766033175 -0.76799997687339772 -0.11866666749119757 -8.7952103614807111 -0.05694999918341636 -0.14350000023841855 0.10524999722838403 -0.20874999463558194
decision_type=2 2 2 2 2 2 2 2 2 2 2 2 2 2 2 2 2 2 2 2 2 2 2 2 2 2 2 2 2 2
left_child=1 5 8 7 18 26 -6 15 24 16 -10 13 27 22 -11 -4 20 -14 29 -15 -8 28 -12 -24 -2 -17 -1 -9 -22 -3
right_child=2 4 3 -5 6 -7 9 12 10 14 11 -13 17 19 -16 25 -18 -19 -20 -21 21 -23 23 -25 -26 -27 -28 -29 -30 -31
leaf_value=0.0019140896219597199 0.0022603068442012598 -0.097886293696516663 0.028961088582403718 -0.020109732040816453 0.0023619220700417652 -0.047361456179635136 -0.050553721057379153 0.0014205557500678425 -0.00088628776368601453 -0.027310321584248454 0.024007100595393106 -0.0066485600942615929 0.025859994217050264 -0.013689693423274585 0.011892351426074747 -0.0017714126785325424 -0.053395542891973173 0.04941987835985609 -0.1286262872985541 0.0089909877396723466 -0.019643460106996354 -0.041957573658132463 0.061682449427950953 0.0053743780120307201 0.12361743608188394 0.017111143687316907 0.0019140896219597199 0.025774281612458073 0.0078073288339958529 -0.059726594356016731
leaf_weight=32 39 137 55 49 106 40 91 54 142 79 97 142 83 159 90 43 411 257 256 76 32 37 30 251 86 21 150 283 30 107
leaf_count=32 39 137 55 49 106 40 91 54 142 79 97 142 83 159 90 43 411 257 256 76 32 37 30 251 86 21 150 283 30 107
internal_value=-0.00169553 -0.0100438 0.00544992 0.0105621 -0.0133721 0.0105856 -0.00993151 0.0121859 0.00122309 -0.0118182 -0.00041806 0.00135762 0.0143648 0.00354812 -0.00310651 -0.000210084 -0.0142679 0.0189706 -0.0194 -0.00202128 -0.00842105 -0.00227273 0.00701058 0.00435943 0.013 -0.00859375 0.0156593 0.0097181 0.00483871 -0.0151639
internal_weight=3465 1598 1867 845 1376 222 876 796 1022 770 897 755 677 613 169 119 601 340 500 235 190 99 378 281 125 64 182 337 62 244
internal_count=3465 1598 1867 845 1376 222 876 796 1022 770 897 755 677 613 169 119 601 340 500 235 190 99 378 281 125 64 182 337 62 244
is_linear=0
shrinkage=0.05


Tree=5
num_leaves=31
num_cat=0
split_feature=13 47 16 14 14 13 16 10 0 13 13 14 3 6 0 2 13 11 14 10 14 0 17 36 56 20 14 37 0 13
split_gain=68.3173 35.6293 14.7933 12.8064 17.4796 15.1327 8.08958 5.745 5.65436 4.80933 4.64513 4.4215 4.25277 4.14645 5.33612 3.97097 3.75831 3.43636 3.39309 4.65389 4.12706 5.16723 3.50557 3.39084 3.17062 4.85984 2.83257 2.79164 2.78344 4.3784
threshold=-0.29199999570846552 1.0000000180025095e-35 0.38000001013278967 0.38750000298023229 0.19583333283662799 -0.17911110818386075 0.25999999791383749 -9.6603736877441388 0.78000000119209301 -0.46999999880790705 3.0082222223281865 0.11250000074505807 0.33302292227745062 0.90000000596046459 0.70000001788139354 0.58933332562446605 -0.14449999481439588 -0.44382856786251063 0.087500002235174193 -9.3503017425537092 0.029166667722165588 0.62000000476837169 0.29166667163372045 -1.1021500229835508 0.36849999427795416 -1.2084999680519102 0.17083333432674411 -1.1933000087738035 1.0199999809265139 0.014166666660457851
decision_type=2 2 2 2 2 2 2 2 2 2 2 2 2 2 2 2 2 2 2 2 2 2 2 2 2 2 2 2 2 2
left_child=1 2 11 4 18 13 8 10 23 -8 12 -1 -7 14 -6 -11 -5 -13 20 -20 21 -2 -22 -3 25 -17 27 -25 -23 -30
right_child=3 6 -4 16 5 7 9 -9 -10 15 -12 17 -14 -15 -16 24 -18 -19 19 -21 22 28 -24 26 -26 -27 -28 -29 29 -31
leaf_value=0.001818385140861734 0.013679258165428072 -0.062782275665758766 -0.16991741152071382 -0.078154245152673329 0.031437992455438171 0.016939954589363974 -0.12002854062745592 0.040511079899733807 -0.095135908756619911 -0.050575764698332762 0.46493326608116786 0.001818385140861734 -0.015901559985161545 -0.017094806196449909 -0.062310288196949018 0.004530085013524982 -0.0045730298081042972 -0.057135336977184405 0.00057088569619125138 0.035020077964273207 -0.0011024671946457077 -0.020794804458998329 -0.0049493542987038043 -0.046532032240396953 0.012204705888887288 -0.059408854866486616 -0.063263592687102618 0.0021385823023788403 -0.046566522818364903 0.029746180591978717
leaf_weight=133 200 25 28 27 86 190 314 493 121 301 32 20 36 95 26 34 196 22 278 82 197 75 56 24 27 100 45 153 24 37
leaf_count=133 200 25 28 27 86 190 314 493 121 301 32 20 36 95 26 34 196 22 278 82 197 75 56 24 27 100 45 153 24 37
internal_value=-0.0017472 -0.0105605 0.00874384 0.00382629 0.00515207 0.00991649 -0.013986 0.0132157 -0.00788043 -0.0168814 0.00717054 0.0141429 0.00464602 -0.00205314 0.00446429 -0.0136364 -0.00751121 0 0.000342466 0.00416667 -0.00199491 0.0016369 -0.00681818 -0.00354251 -0.00729814 -0.0104478 -0.00157658 0.00127119 -0.00588235 0.00204918
internal_weight=3477 1347 203 2130 1907 958 1144 751 368 776 258 175 226 207 112 462 223 42 949 360 589 336 253 247 161 134 222 177 136 61
internal_count=3477 1347 203 2130 1907 958 1144 751 368 776 258 175 226 207 112 462 223 42 949 360 589 336 253 247 161 134 222 177 136 61
is_linear=0
shrinkage=0.05


Tree=6
num_leaves=31
num_cat=0
split_feature=13 16 56 14 14 13 16 56 56 53 13 5 0 56 0 16 46 16 14 13 56 16 14 0 17 0 13 12 3 9
split_gain=63.9716 29.6257 11.6268 11.6106 18.2016 13.9036 8.95001 8.7403 6.10574 5.265 5.02538 4.99912 5.01875 4.64923 4.36648 3.87628 3.76371 3.62565 3.38915 3.14424 3.07654 4.26997 3.07143 4.29334 3.55223 3.10974 3.73837 2.99252 2.74794 2.58942
threshold=-0.29199999570846552 0.21999999880790713 -0.068500000983476625 0.38750000298023229 0.10416666790843011 -0.14111111313104627 0.34000000357627874 -1.0000000180025095e-35 0.27899999916553503 0.65549999475479137 -0.54000002145767201 1.0000000180025095e-35 0.25999999791383749 0.023000000044703487 0.74000000953674328 0.38000001013278967 -0.075500000268220888 1.1800000071525576 0.054166667163372047 -0.43999999761581415 0.035000000149011619 0.97999998927116405 0.029166667722165588 0.62000000476837169 0.29166667163372045 1.0199999809265139 0.014166666660457851 3.1717333793640141 0.27582278847694403 0.051944684237241752
decision_type=2 2 2 2 2 2 2 2 2 2 2 2 2 2 2 2 2 2 2 2 2 2 2 2 2 2 2 2 2 2
left_child=1 2 10 4 22 11 7 19 18 15 -1 12 -6 -4 16 -7 -13 20 -9 -3 21 -5 23 29 -24 -25 -27 -10 -18 -2
right_child=3 6 13 17 5 9 -8 8 27 -11 -12 14 -14 -15 -16 -17 28 -19 -20 -21 -22 -23 24 25 -26 26 -28 -29 -30 -31
leaf_value=-0.10063598837182959 -0.0046676049373758736 -0.087082702192613604 0.0017274658838186475 -0.008935119131786174 0.018261125269054091 0.015209402963594174 -0.098884846745092653 0.0017274658838186475 -0.044542349960664286 0.051243301483362758 0.0011401091050782075 0.02617498025734756 -0.028208593084821623 -0.0036194322217100467 -0.042811507106528791 0.041755300856020763 -0.0023457147385771131 -0.033677668208741497 0.0016830159251967271 -0.032070811837120204 0.0062161325660785062 0.00021013628150304902 -0.00071649869350217201 -0.019755064236048409 -0.0023468643476647999 -0.044238196677446655 0.028258871562379786 0.009233137294742285 0.027424484707829572 0.022744031522539624
leaf_weight=63 23 160 108 43 25 322 460 25 111 354 78 111 78 46 31 169 130 67 68 186 32 81 228 75 69 24 37 42 54 177
leaf_count=63 23 160 108 43 25 322 460 25 111 354 78 111 78 46 31 169 130 67 68 186 32 81 228 75 69 24 37 42 54 177
internal_value=-0.00166091 -0.0101893 0.00381356 0.00373239 0.00499476 0.00843799 -0.014116 -0.0100507 -0.00284553 0.0121598 -0.00656028 0.00110723 -0.00849515 0.0133117 0.0041411 0.00880855 0.00601695 -0.00706278 0.00725806 -0.0151734 -0.00288462 -0.00645161 -0.00193523 0.00133929 -0.00563973 -0.00551471 0.00286885 -0.00898693 0.00163043 0.006
internal_weight=3477 1347 295 2130 1907 1274 1052 592 246 845 141 429 103 154 326 491 295 223 93 346 156 124 633 336 297 136 61 153 184 200
internal_count=3477 1347 295 2130 1907 1274 1052 592 246 845 141 429 103 154 326 491 295 223 93 346 156 124 633 336 297 136 61 153 184 200
is_linear=0
shrinkage=0.05


Tree=7
num_leaves=31
num_cat=0
split_feature=44 56 16 56 44 35 14 27 9 14 44 14 16 14 9 51 47 14 18 16 4 11 20 27 44 56 16 11 28 18
split_gain=44.9079 25.8289 12.3375 10.5761 9.97562 9.46688 8.93663 6.20559 5.86797 5.53103 4.73992 4.68848 4.30358 3.78847 3.29822 3.72081 3.37655 3.66589 5.42332 3.23462 3.04765 3.57778 2.99685 2.83906 2.98837 2.63736 2.56642 2.89477 2.55639 2.55351
threshold=-8.4999999999999982 -0.068500000983476625 1.1800000071525576 1.0000000180025095e-35 -3.4999999999999996 0.89675000309944164 0.095833335071802153 -3.681800007820129 0.77830550074577343 0.054166667163372047 -16.499999999999996 0.18750000000000003 0.25999999791383749 0.41249999403953558 0.077239841222763075 -0.59349998831748951 1.3780411481857302 0.087500002235174193 0.2853889018297196 0.38000001013278967 0.1799999997019768 0.19475804269313815 -1.2267499566078184 0.075649999082088484 -5.4999999999999991 -0.2609999924898147 0.21999999880790713 0.36436101794242864 0.49170000851154333 0.54685714840888988
decision_type=2 2 2 2 2 2 2 2 2 2 2 2 2 2 2 2 2 2 2 2 2 2 2 2 2 2 2 2 2 2
left_child=1 10 3 7 20 9 -6 -2 -4 -3 -1 -12 -7 14 15 -9 17 18 -16 -11 -5 -22 -13 -19 25 -25 -18 28 -28 -20
right_child=2 5 8 4 6 12 -8 13 -10 19 11 22 -14 -15 16 -17 26 23 29 -21 21 -23 -24 24 -26 -27 27 -29 -30 -31
leaf_value=-0.14398641677531993 0.44003519213855419 0.001641092589627715 -0.050440467081765507 -0.010914152109580621 -0.001468961091341787 0.001483721100663443 0.033617637504002817 -0.037755272382192021 0.0021543819231257559 0.001641092589627715 -0.035009182182791754 -0.040401057162016335 -0.041967867518833218 -0.0070547027321224854 0.06414777628914696 -0.00029798905508357699 0.14883231257912863 0.01060215572396838 -0.0015862543234294692 -0.02265064495437874 0.00033256215726666514 0.017018279657869541 -0.080182268465174303 -0.037688016676960125 0.0098722072189490646 0.001641092589627715 -0.0026056125125134642 -0.056853273728970512 -0.047966269242664034 0.001641092589627715
leaf_weight=193 40 65 85 93 95 62 490 42 68 234 262 100 120 54 39 92 22 304 210 60 138 42 218 39 99 21 104 28 20 38
leaf_count=193 40 65 85 93 95 62 490 42 68 234 262 100 120 54 39 92 22 304 210 60 138 42 218 39 99 21 104 28 20 38
internal_value=-0.00168968 -0.00898021 0.00273925 0.00378109 0.00798368 -0.000600739 0.0116667 0.000651042 -0.0109477 0.00410864 -0.0148448 -0.0125862 -0.00989011 -4.4964e-05 0.000614367 -0.00671642 0.00167749 0.00313333 -0.00130662 0.00119048 9.15751e-05 0.00388889 -0.0166667 0.00588553 0.000471698 -0.00833333 -0.0045977 -0.00690789 -0.00362903 -0.00403226
internal_weight=3477 1314 2163 2010 858 541 585 1152 153 359 773 580 182 1112 1058 134 924 750 287 294 273 180 318 463 159 60 174 152 124 248
internal_count=3477 1314 2163 2010 858 541 585 1152 153 359 773 580 182 1112 1058 134 924 750 287 294 273 180 318 463 159 60 174 152 124 248
is_linear=0
shrinkage=0.05


Tree=8
num_leaves=31
num_cat=0
split_feature=13 47 16 56 13 16 13 8 16 10 47 6 8 8 44 44 44 8 4 0 9 9 12 9 28 13 9 12 56 13
split_gain=52.7179 28.2319 11.4057 10.1893 10.441 6.95006 6.4734 6.45149 6.42512 5.76479 5.51312 4.23864 3.70925 3.41793 3.26017 3.17658 2.89527 3.12263 2.67031 4.78865 3.33355 3.36411 3.02059 4.53049 2.83351 2.7466 3.34816 2.41423 2.15209 2.0845
threshold=-0.32600000500679011 1.0000000180025095e-35 0.38000001013278967 1.0000000180025095e-35 -0.17911110818386075 0.97999998927116405 -0.66533333063125599 0.36666667461395269 0.21999999880790713 -9.1671533584594709 11.555199146270754 0.70000001788139354 0.63333335518836986 0.2333333417773247 -11.499999999999998 -5.4999999999999991 -5.4999999999999991 1.1000000238418581 0.099999997764825835 0.58000001311302196 1.0003445744514468 0.49576754868030554 0.28086778521537786 0.049260623753070838 1.5321499705314638 0.014166666660457851 1.5217800140380862 5.0368902683258066 -1.2425000071525572 -0.006000000284984707
decision_type=2 2 2 2 2 2 2 2 2 2 2 2 2 2 2 2 2 2 2 2 2 2 2 2 2 2 2 2 2 2
left_child=1 2 12 10 11 7 -3 -6 -8 27 18 -5 -1 28 -11 -15 -13 -18 22 24 21 -21 23 -2 -20 -22 -27 29 -10 -9
right_child=3 6 -4 4 5 -7 8 9 13 14 -12 16 -14 15 -16 -17 17 -19 19 20 25 -23 -24 -25 -26 26 -28 -29 -30 -31
leaf_value=0.0015590379601463293 -0.013843741940262652 -0.1341969906162786 -0.15903392776055375 0.033202548102619016 -0.0013955130367746976 -0.0097989685840654851 -0.0059535988176943654 0.010046730851204035 -0.054990899951568785 0.0041088167448513346 0.39553341822651178 -0.028716443879547717 -0.037581238213931091 -0.050398939321152837 0.051831474476229281 0.007233278276993306 0.012722982084723729 -0.011463113278930513 0.0025814299874768092 -0.0047405435495614717 -0.0010351595449870231 -0.018412932296820349 -0.0022846885177849998 0.042149056056804711 -0.020124841773923461 0.073638210056355555 -0.0014950136981970565 0.047210016802065602 0.0030217686794631288 0.024459349678769324
leaf_weight=127 34 239 25 73 92 57 114 167 20 27 44 90 21 567 273 25 67 28 438 221 36 128 233 45 38 53 20 81 38 56
leaf_count=127 34 239 25 73 92 57 114 167 20 27 44 90 21 567 273 25 67 28 438 221 36 128 233 45 38 53 20 81 38 56
internal_value=-0.00180472 -0.0104167 0.00823699 0.0025967 0.00635509 0.00932935 -0.0136341 0.010704 -0.0113874 0.0125828 -0.000348837 -0.00232558 0.0135135 -0.0133077 0.0175 -0.0144426 -0.00635135 -0.000263158 -0.000963082 0.000374732 -0.00327511 -0.00565903 -0.00496795 0.00348101 0.00388655 0.0043578 0.00993151 0.00773026 -0.00172414 0.00504484
internal_weight=3477 1176 173 2301 1011 753 1003 696 764 604 1290 258 148 650 300 592 185 95 1246 934 458 349 312 79 476 109 73 304 58 223
internal_count=3477 1176 173 2301 1011 753 1003 696 764 604 1290 258 148 650 300 592 185 95 1246 934 458 349 312 79 476 109 73 304 58 223
is_linear=0
shrinkage=0.05


Tree=9
num_leaves=31
num_cat=0
split_feature=56 2 0 18 10 11 47 16 47 16 16 18 18 47 36 5 9 18 12 12 16 10 0 18 8 16 9 37 21 9
split_gain=31.5401 16.9724 11.5068 9.78711 9.07752 9.00872 8.32838 4.61684 4.61316 4.9588 3.67388 5.2763 6.52014 3.95276 3.57033 3.55747 3.27046 5.39666 3.23135 4.19096 3.16247 3.14387 3.13885 2.92604 2.832 3.39252 2.72813 2.71057 2.71462 2.58373
threshold=-1.0000000180025095e-35 0.89399999380111705 0.34000000357627874 0.62164199352264415 -15.335126876831053 -0.17325223237276074 11.555199146270754 1.4200000166893008 2.670454859733582 0.38000001013278967 0.21999999880790713 0.48739683628082281 0.2191666662693024 0.8281436860561372 -1.9188500046730039 0.27500000596046453 0.71152815222740184 0.52937036752700817 5.6650285720825204 4.0010735988616952 0.21999999880790713 -9.1671533584594709 0.65999999642372142 0.43116666376590734 0.36666667461395269 0.21999999880790713 0.52676513791084301 1.0171500444412234 0.18169999867677691 0.49576754868030554
decision_type=2 2 2 2 2 2 2 2 2 2 2 2 2 2 2 2 2 2 2 2 2 2 2 2 2 2 2 2 2 2
left_child=1 3 5 6 24 29 10 21 9 15 22 12 -12 -14 -3 -6 17 23 19 -17 -5 26 -1 -11 -4 -26 -7 28 -13 -2
right_child=2 14 4 20 8 7 -8 -9 -10 16 11 27 13 -15 -16 18 -18 -19 -20 -21 -22 -23 -24 -25 25 -27 -28 -29 -30 -31
leaf_value=0.0095192880966865449 -0.00029142044310997566 0.017530872771689712 0.0014810860621390128 -0.02044351985949984 -0.0018882633768799156 0.009158348834633857 0.42009310463624705 -0.011929737920176766 -0.03778721688136203 -0.014294775188843124 0.015364645477147996 0.0013434531203400087 -0.011796974650878627 -0.049694580752738783 -0.10754587516737982 0.0014810860621390128 0.0010968128815068577 -0.088158693824669593 -0.0014202630132872038 0.018840244395959535 -0.074782165893858443 0.036625987540055166 -0.043799338058492003 0.0171016637734543 0.0014810860621390128 -0.020582790734805519 0.033820236256389129 -0.019105774433555656 -0.012392698236169701 -0.00097329173531901243
leaf_weight=134 103 20 86 30 226 218 36 29 123 35 43 380 276 143 260 160 81 79 26 103 124 354 34 38 58 36 36 62 116 28
leaf_count=134 103 20 86 30 226 218 36 29 123 35 43 380 276 143 260 160 81 79 26 103 124 354 34 38 58 36 36 62 116 28
internal_value=-0.00164653 -0.0066345 0.00289995 -0.00435414 -0.000499524 0.00755208 -0.00285948 0.0100078 -0.00261194 -0.00113636 -0.00357744 -0.00470588 -0.00865801 -0.0105609 -0.0178571 0.00160194 -0.00718884 -0.0115132 0.00527682 0.00693916 -0.0162338 0.0109375 0.00327381 -0.00171233 0.00972222 0.0037234 0.00669291 -0.00143369 -0.000201613 -0.00438931
internal_weight=3477 1658 1819 1378 1051 768 1224 637 871 748 1188 1020 462 419 280 515 233 152 289 263 154 608 168 73 180 94 254 558 496 131
internal_count=3477 1658 1819 1378 1051 768 1224 637 871 748 1188 1020 462 419 280 515 233 152 289 263 154 608 168 73 180 94 254 558 496 131
is_linear=0
shrinkage=0.05


Tree=10
num_leaves=31
num_cat=0
split_feature=13 10 51 13 16 14 14 14 14 13 12 4 16 16 16 14 14 12 4 13 13 14 46 12 8 13 14 50 3 0
split_gain=52.3628 35.04 11.3322 9.69857 8.85332 7.57867 12.4851 6.831 4.65017 4.67 5.19918 5.9715 4.51201 4.59677 4.45881 3.63607 3.52735 4.46164 4.80805 4.57922 3.28975 3.24101 2.92969 3.45066 2.88011 4.02201 2.72154 4.17888 2.56356 2.89997
threshold=-0.22000000625848767 -14.067451000213621 0.91699999570846569 -0.48600000143051142 0.21999999880790713 0.10416666790843011 0.38750000298023229 0.16250000149011615 0.32083332538604742 -0.058000000193715089 0.85510832071304332 0.099999997764825835 1.1800000071525576 0.90000000596046459 0.97999998927116405 0.18750000000000003 0.037500001490116126 3.2790749073028569 0.29999999701976782 -0.31577777862548823 -0.08485714346170424 0.054166667163372047 0.080166663974523558 4.31394386291504 0.36666667461395269 -0.42933334410190577 0.029166667722165588 1.0000000180025095e-35 0.25274377316236502 0.099999997764825835
decision_type=2 2 2 2 2 2 2 2 2 2 2 2 2 2 2 2 2 2 2 2 2 2 2 2 2 2 2 2 2 2
left_child=1 7 5 15 21 26 8 24 9 10 -7 -12 13 16 20 -3 -6 -18 -19 22 -4 -5 23 -20 -1 -26 -2 -28 29 -11
right_child=2 3 14 4 12 6 -8 -9 -10 28 11 -13 -14 -15 -16 -17 17 18 19 -21 -22 -23 -24 -25 25 -27 27 -29 -30 -31
leaf_value=0.0014070317590320622 0.00015786977303390814 -0.070970384747348139 0.016599928616539809 0.059965047432103492 0.0046623655247617513 0.015670496659131766 -0.0053491204150865439 -0.03414159222594465 0.030220637239028816 0.0064255143919430824 -0.020650219871460315 0.0085362826261780791 -0.12290433293633829 0.01203078274934162 -0.0061832502731494019 -0.10398124192622343 -0.037973386672054507 -0.033250775518919327 0.0063949119287543517 0.03367775682458482 0.036701279865099801 0.00019329228037270521 0.0099433539665751223 -0.040656594995599128 -0.032776787859643441 0.0014070317590320622 -0.0011220790873993816 9.1842387444073765e-05 0.015171553448908982 0.055340431919537129
leaf_weight=93 268 270 209 23 57 88 165 20 140 68 62 144 47 24 41 195 419 64 22 35 304 123 53 71 40 73 108 89 73 122
leaf_count=93 268 270 209 23 57 88 165 20 140 68 62 144 47 24 41 195 419 64 22 35 304 123 53 71 40 73 108 89 73 122
internal_value=-0.00131054 -0.00787293 0.00437267 -0.0108161 -0.00788913 0.00186511 0.00464037 0.0103982 0.00756815 0.00552065 0.00119048 -0.00315534 -0.00997475 -0.00902685 0.0103791 -0.0167204 -0.00974341 -0.0107681 -0.00540816 -0.00124309 0.0116472 0.00342466 -0.00513699 -0.0104839 0.0131068 0.00774336 -0.00327957 -0.00774112 0.0103612 0.0134211
internal_weight=3510 1629 1881 1403 938 1327 862 226 697 557 294 206 792 745 554 465 721 664 245 181 513 146 146 93 206 113 465 197 263 190
internal_count=3510 1629 1881 1403 938 1327 862 226 697 557 294 206 792 745 554 465 721 664 245 181 513 146 146 93 206 113 465 197 263 190
is_linear=0
shrinkage=0.05


Tree=11
num_leaves=31
num_cat=0
split_feature=13 10 56 13 51 14 18 46 18 2 44 14 14 10 44 11 14 9 0 10 18 13 9 2 13 15 13 18 3 46
split_gain=48.5018 34.8049 10.7587 9.23198 7.9875 6.831 6.39787 4.88361 4.5951 3.88762 6.81963 4.19284 3.57849 3.48424 3.47098 3.45523 4.66892 5.54955 6.79296 3.86284 2.99264 4.19568 4.01859 2.92128 4.28889 2.88011 4.02201 2.80737 2.57586 2.60414
threshold=-0.22000000625848767 -14.067451000213621 1.0000000180025095e-35 -0.48600000143051142 -8.141499996185301 0.16250000149011615 0.72674912214279186 0.51533332467079174 0.69464683532714855 0.43199999630451208 -9.4999999999999982 0.22083333134651187 0.18750000000000003 -9.1671533584594709 -1.4999999999999998 -0.24629450589418408 0.38750000298023229 0.4025298953056336 0.13999999687075618 -9.0837049484252912 0.48739683628082281 -1.0000000180025095e-35 1.0793727040290835 0.52599999308586132 -0.32600000500679011 0.56666669249534618 -0.42933334410190577 0.44573332369327551 0.33302292227745062 -0.2001666650176048
decision_type=2 2 2 2 2 2 2 2 2 2 2 2 2 2 2 2 2 2 2 2 2 2 2 2 2 2 2 2 2 2
left_child=1 5 4 12 -2 25 7 13 9 11 -11 -5 -3 -4 -15 -6 17 18 -17 28 -19 -22 -23 24 -12 26 -1 -25 29 -20
right_child=2 3 6 8 15 -7 -8 -9 -10 10 23 -13 -14 14 -16 16 -18 20 19 -21 21 22 -24 27 -26 -27 -28 -29 -30 -31
leaf_value=-0.031137948466661271 0.34359412522864979 -0.067421865509980736 0.014126715315294009 -0.016101365384630219 -0.00065646844758584719 -0.032434512614647415 -0.018515794455050867 -0.0053376923017651795 -0.072304675780950831 -0.032764102061471637 -0.039537946811416584 -0.034117451123670539 -0.098782179829912262 0.015748286381885912 0.057182027306663608 -0.0042958478928496052 -0.0054215292406043572 -0.006784399233290609 -0.0010874984829041367 0.095989113587868893 -0.013949860751587717 -0.0014656136294287333 0.067346894870265364 0.027929806696776516 0.014764527058334179 0.0013366801710804591 0.0013366801710804591 0.00043155297550024897 -0.0079080041598669267 0.025026460671762521
leaf_weight=40 53 270 369 108 147 20 34 74 84 350 88 75 195 225 173 103 125 88 46 57 72 63 50 44 81 93 73 108 43 159
leaf_count=40 53 270 369 108 147 20 34 74 84 350 88 75 195 225 173 103 125 88 46 57 72 63 50 44 81 93 73 108 43 159
internal_value=-0.00149573 -0.00781154 0.00397395 -0.0107448 0.000447316 0.0103982 0.00802857 0.00888823 -0.00788913 -0.00679157 -0.00502981 -0.0132514 -0.0165054 0.0100717 0.0133166 -0.000603358 0.000682382 0.00231278 0.0060049 0.0097541 -0.00320513 0.000405405 0.00641593 0.000233645 -0.00428994 0.0131068 0.00774336 0.00526316 0.00705645 0.00939024
internal_weight=3510 1629 1881 1403 1006 226 875 841 938 854 671 183 465 767 398 953 806 681 408 305 273 185 113 321 169 206 113 152 248 205
internal_count=3510 1629 1881 1403 1006 226 875 841 938 854 671 183 465 767 398 953 806 681 408 305 273 185 113 321 169 206 113 152 248 205
is_linear=0
shrinkage=0.05


Tree=12
num_leaves=31
num_cat=0
split_feature=13 16 47 2 14 14 18 16 13 46 13 4 51 2 9 14 18 45 9 44 51 53 14 14 18 14 0 8 16 18
split_gain=43.9821 21.4389 20.4894 11.5165 10.5603 14.4857 7.54152 6.71671 5.46177 4.73085 4.24372 5.61296 4.4572 4.42414 5.93846 4.16892 3.85443 3.62722 3.32179 3.23714 3.12892 2.98598 3.24297 3.62116 3.25365 2.9765 3.92 2.94902 2.91148 3.62869
threshold=-0.17911110818386075 0.38000001013278967 0.072802934795618071 0.66999998688697826 0.12083333358168603 0.38750000298023229 0.56355291604995739 0.62000000476837169 -0.22000000625848767 1.0000000180025095e-35 -0.058000000193715089 0.099999997764825835 0.051500000059604652 0.43199999630451208 1.2394194006919863 0.062500001862645163 0.49184595048427587 -0.45325000584125513 0.051944684237241752 -2.4999999999999996 2.2130000591278081 -2.9040000438690181 0.17083333432674411 0.36249999701976782 0.39699682593345648 0.11250000074505807 0.58000001311302196 1.0333333611488345 0.21999999880790713 0.50593650341033947
decision_type=2 2 2 2 2 2 2 2 2 2 2 2 2 2 2 2 2 2 2 2 2 2 2 2 2 2 2 2 2 2
left_child=1 2 8 21 18 10 7 -3 25 -7 11 12 -6 -12 -15 -5 -9 -13 -2 -14 -20 -4 24 -24 -23 -1 -27 -18 -26 -30
right_child=4 6 3 15 5 9 -8 16 -10 -11 13 17 19 14 -16 -17 27 -19 20 -21 -22 22 23 -25 28 26 -28 -29 29 -31
leaf_value=0.0012698461625264361 -0.015893984023411255 -0.070264777535276865 -0.056673318630749807 -0.013177688787191222 -0.014509237185033158 -0.0087381894698361755 -0.11428505039812907 -0.070334390882153208 -0.00042717534770092184 0.00086299608399542204 0.045317176042536635 0.00013946932143782398 -0.0038686120549839137 -0.0046656262327069596 0.30562500432411571 -0.06439776488134874 0.013619866912548906 0.0379750848324589 -0.00046210409820886467 0.013202542188184931 0.052679197776354929 0.021189897154858063 -0.016718982280650784 0.011980140017938297 0.0050328889829738821 0.0033741956211515954 -0.031477299950179026 -0.016235221758160411 -0.031744103049192278 0.0066672561106210148
leaf_weight=141 55 137 82 72 56 109 182 34 39 90 413 61 52 82 29 264 65 177 407 68 44 68 320 44 120 25 25 64 114 71
leaf_count=141 55 137 82 72 56 109 182 34 39 90 413 61 52 82 29 264 65 177 407 68 44 68 320 44 120 25 25 64 114 71
internal_value=-0.00153846 -0.00678897 -0.00362816 -0.00634199 0.00442788 0.00710202 -0.0158714 -0.011 0.01 -0.00515075 0.00970149 0.00591787 -0.000852273 0.0126908 0.00382883 -0.0141369 -0.0041411 0.0109244 -0.00158103 0.00458333 -0.000166297 -0.00314408 -0.00213704 -0.00549451 0.00113941 0.0134817 0.003 -0.000193798 -0.00106557 -0.005
internal_weight=3510 1867 1385 1155 1643 1137 482 300 230 199 938 414 176 524 111 336 163 238 506 120 451 819 737 364 373 191 50 129 305 185
internal_count=3510 1867 1385 1155 1643 1137 482 300 230 199 938 414 176 524 111 336 163 238 506 120 451 819 737 364 373 191 50 129 305 185
is_linear=0
shrinkage=0.05


Tree=13
num_leaves=31
num_cat=0
split_feature=13 10 14 14 18 10 14 14 9 13 16 13 3 13 16 16 16 51 14 18 46 46 6 13 13 14 10 4 46 8
split_gain=42.7722 34.1287 11.3139 13.0131 8.65695 8.003 6.79187 6.73136 6.16264 5.69617 4.46839 3.90281 3.88196 3.77516 3.66708 4.66146 3.51684 3.68693 3.09263 4.09052 3.5525 3.47688 3.02747 3.78967 2.88724 2.78637 2.75533 3.56162 3.20388 2.696
threshold=-0.22000000625848767 -14.067451000213621 0.10416666790843011 0.39583334326744085 0.61922222375869762 -9.1671533584594709 0.037500001490116126 0.11250000074505807 1.20743864774704 -0.71177777647972096 0.90000000596046459 -0.10955555737018584 0.33302292227745062 -0.42933334410190577 0.38000001013278967 0.62000000476837169 0.34000000357627874 -0.61349999904632557 0.029166667722165588 0.2853889018297196 -0.11866666749119757 0.20683333277702334 0.90000000596046459 -0.40000000596046442 -0.10955555737018584 0.070833336561918273 -10.566741466522215 0.34000000357627874 0.45916667580604559 0.83333334326744091
decision_type=2 2 2 2 2 2 2 2 2 2 2 2 2 2 2 2 2 2 2 2 2 2 2 2 2 2 2 2 2 2
left_child=1 7 18 5 6 8 -3 -1 12 -8 14 29 26 -9 22 -16 17 -6 19 -2 -20 -21 23 -11 -14 -25 27 -4 -28 -7
right_child=2 4 3 -5 16 11 9 13 -10 10 -12 -13 24 -15 15 -17 -18 -19 20 21 -22 -23 -24 25 -26 -27 28 -29 -30 -31
leaf_value=0.0012063538544001143 0.060898438907567687 0.00750220757638137 0.0082338805970706471 -0.0040094737580732695 -0.086382562514519687 0.027986667468499055 -0.11497290917702851 -0.05249209649316558 0.34225566603905011 -0.026744893860797592 0.01201291007098366 0.052415425962969137 -0.04477088970362602 0.0010500167801023323 -0.07261988352396101 -0.02368637737174905 -0.10989084678383104 -0.017541718316175282 0.0016436361407867334 -0.0025747897161256129 -0.0010031195716262533 0.02727426985998891 -0.03224451048126302 -0.038185119899422137 0.011440992273651153 0.0002346365884334744 0.015568064558208531 -0.016591613191598572 -0.013024193480196473 0.0043800424536749394
leaf_weight=145 42 108 108 195 89 20 103 30 60 227 33 247 33 51 136 100 153 75 94 226 150 42 71 52 53 256 472 39 22 78
leaf_count=145 42 108 108 195 89 20 103 30 60 227 33 247 33 51 136 100 153 75 94 226 150 42 71 52 53 256 472 39 22 78
internal_value=-0.00148148 -0.00741252 0.00365497 0.00616051 -0.0103172 0.00821555 -0.00819521 0.0106195 0.00543202 -0.0095092 -0.0082 0.0145652 0.00416094 -0.000925926 -0.00890736 -0.0141949 -0.0175868 -0.0125 -0.00234657 0.000967742 -0.00655738 -0.00130597 -0.00684818 -0.00556075 -0.00581395 -0.00194805 0.00549922 -0.000510204 0.00728745 0.00612245
internal_weight=3510 1629 1881 1327 1403 1132 1086 226 787 978 875 345 727 81 842 236 317 164 554 310 244 268 606 535 86 308 641 147 494 98
internal_count=3510 1629 1881 1327 1403 1132 1086 226 787 978 875 345 727 81 842 236 317 164 554 310 244 268 606 535 86 308 641 147 494 98
is_linear=0
shrinkage=0.05


Tree=14
num_leaves=31
num_cat=0
split_feature=13 10 14 14 13 14 13 16 8 12 10 2 44 51 2 9 0 16 44 2 0 51 18 12 17 14 10 12 13 18
split_gain=37.108 32.9767 9.6743 10.1192 8.7602 6.73136 6.70443 6.46805 5.89403 5.36189 4.44356 6.53776 4.7088 4.32968 4.24303 5.90947 4.77692 4.1435 4.16716 6.94058 3.81013 3.64445 3.49893 3.47262 3.13903 3.13287 3.11892 2.83367 3.13123 2.68158
threshold=-0.22000000625848767 -14.067451000213621 0.10416666790843011 0.39583334326744085 -0.50733333826065052 0.11250000074505807 -0.058000000193715089 1.1800000071525576 0.2333333417773247 5.205101966857911 -9.5128602981567365 0.18666666746139529 -2.4999999999999996 2.8274999856948857 0.43199999630451208 1.2394194006919863 0.099999997764825835 0.90000000596046459 -9.4999999999999982 0.5000000149011613 0.58000001311302196 -0.72850000858306874 0.45180952548980718 3.3502106666564946 0.20833333581686023 0.15416666865348819 -11.993721961975096 4.8139317035675058 -0.17911110818386075 0.59457141160964977
decision_type=2 2 2 2 2 2 2 2 2 2 2 2 2 2 2 2 2 2 2 2 2 2 2 2 2 2 2 2 2 2
left_child=1 5 9 6 29 -1 10 8 24 13 11 -4 25 -2 16 -16 23 18 21 -20 -7 -10 -21 -8 -6 -12 -23 -13 -29 -3
right_child=2 4 3 -5 7 20 14 -9 17 -11 12 27 -14 -15 15 -17 -18 -19 19 22 -22 26 -24 -25 -26 -27 -28 28 -30 -31
leaf_value=0.0011460361616801088 -0.00061616876442559254 -0.062464331480794603 -0.012070434727047377 -0.0038090000701696061 0.016003837076834955 0.0015224467123425179 0.0007951023479954634 -0.10365474461633523 -0.050122779935777122 -0.0022617731933342413 0.050272877654626603 -0.0010322671420708392 0.026653285747710628 0.05034674120083274 -0.0052107481489820388 0.27106321842315334 0.062737866920877169 0.011343971354544078 -0.021273927382986588 0.025051570252445168 -0.040490962703032554 0.0052231763163977278 -0.0084443652173578285 0.032835619583059521 -0.010014435721335358 -0.00025395520311048605 -0.02314699879491975 0.00054598232815473557 0.041133621764199352 -0.12327538502113883
leaf_weight=145 494 233 51 195 70 42 88 50 193 29 28 148 133 31 82 30 283 24 196 48 39 21 194 59 41 154 167 39 37 166
leaf_count=145 494 233 51 195 70 42 88 50 193 29 28 148 133 31 82 30 283 24 196 48 39 21 194 59 41 154 167 39 37 166
internal_value=-0.0015812 -0.00710559 0.00320308 0.00551997 -0.0099608 0.0106195 0.00733216 -0.00747012 -0.00655136 -0.00234657 0.00364407 -0.001 0.00769841 -0.00119048 0.0113469 0.00267857 0.0136047 -0.00797746 -0.00857753 -0.00525114 -0.000925926 -0.0124016 0.000413223 0.00629252 0.00427928 0.00247253 -0.00744681 0.00267857 0.0105263 -0.0162281
internal_weight=3510 1629 1881 1327 1403 226 1132 1004 954 554 590 275 315 525 542 112 430 843 819 438 81 381 242 147 111 182 188 224 76 399
internal_count=3510 1629 1881 1327 1403 226 1132 1004 954 554 590 275 315 525 542 112 430 843 819 438 81 381 242 147 111 182 188 224 76 399
is_linear=0
shrinkage=0.05


Tree=15
num_leaves=31
num_cat=0
split_feature=13 47 16 14 13 14 13 14 4 13 4 2 2 2 9 9 9 20 16 12 13 36 51 13 12 46 9 45 51 16
split_gain=33.389 19.3232 11.4808 8.36613 11.4173 10.2853 6.69169 5.67226 4.97339 4.35572 5.55932 4.47209 4.07327 4.00971 3.77607 3.51593 3.31638 3.30537 3.14975 2.93283 2.87975 2.92352 6.5038 2.56365 2.59319 2.52028 2.65032 2.57741 2.3898 2.3852
threshold=-0.32600000500679011 1.0000000180025095e-35 0.38000001013278967 0.12083333358168603 -0.18733333051204679 0.39583334326744085 -0.71177777647972096 0.19583333283662799 0.29999999701976782 -0.018000000156462189 0.099999997764825835 0.51800000667572033 0.52599999308586132 0.63133332133293163 1.2790061235427859 0.10082613304257394 0.19948085397481921 -0.42475000023841852 1.1800000071525576 0.32469663023948675 -0.31000000238418574 2.9895000457763676 2.4909999370574956 -0.17911110818386075 4.33782982826233 0.0081666670739650744 0.10643803700804712 -0.37808333337306971 -0.48149999976158137 0.85999998450279247
decision_type=2 2 2 2 2 2 2 2 2 2 2 2 2 2 2 2 2 2 2 2 2 2 2 2 2 2 2 2 2 2
left_child=1 2 -1 20 8 9 16 17 15 10 19 -11 23 -10 -13 28 -3 -8 29 -6 -2 22 -22 -12 -25 26 -7 -27 -5 -9
right_child=3 6 -4 4 5 25 7 18 13 11 12 14 -14 -15 -16 -17 -18 -19 -20 -21 21 -23 -24 24 -26 27 -28 -29 -30 -31
leaf_value=0.0010887343535961032 0.0071825493424108669 -0.012061019780930533 -0.13565919162321 -0.0053978862678768173 0.01150463491457478 0.0025336812528839905 -0.039897118883492483 -0.034264794404429241 0.01809617743809485 0.071412389054749725 -0.0019088136530322185 -0.0090522767850524082 0.00012938654531148165 -0.040128791262321994 0.21754638945907018 -0.020927214133498011 -0.11460659768746773 -0.0052648302926554926 -0.13807447880828413 -0.001572874458713164 -0.00097636102334024914 -0.0052168040819806803 0.029161110445110217 0.03574666938110848 0.059263262415413367 0.0056829257477907479 -0.0079722820299100196 -0.0043202651457942571 0.010007534020592753 -0.0097479034756031702
leaf_weight=139 39 20 31 24 96 22 150 300 121 241 30 45 84 31 20 202 172 260 49 253 621 30 42 152 90 21 92 58 23 51
leaf_count=139 39 20 31 24 96 22 150 300 121 241 30 45 84 31 20 202 172 260 49 253 621 30 42 152 90 21 92 58 23 51
internal_value=-0.00134654 -0.00823379 0.00735294 0.0021074 0.00412773 0.00656146 -0.0108782 -0.00888889 -0.00317955 0.00858061 0.00641844 0.0135621 0.0108146 0.00394737 0.00192308 -0.00753012 -0.0192708 -0.0047561 -0.013125 0.0019341 -0.0023224 -0.00306638 -0.00237557 0.0137868 0.0154959 -0.00401554 -0.00877193 0.0028481 0.00478723 -0.0114672
internal_weight=3509 1172 170 2337 1605 1204 1002 810 401 1011 705 306 356 152 65 249 192 410 400 349 732 693 663 272 242 193 114 79 47 351
internal_count=3509 1172 170 2337 1605 1204 1002 810 401 1011 705 306 356 152 65 249 192 410 400 349 732 693 663 272 242 193 114 79 47 351
is_linear=0
shrinkage=0.05


Tree=16
num_leaves=31
num_cat=0
split_feature=13 10 8 13 18 19 18 13 4 4 8 56 9 44 6 8 17 10 45 9 47 44 13 9 10 0 17 47 0 56
split_gain=30.887 30.3303 11.8733 11.1188 7.71196 5.96417 6.42946 5.84945 5.2174 4.73695 3.91087 3.60252 3.5654 3.48222 5.74952 3.36666 3.15375 3.14759 3.17651 3.07879 3.10496 3.00592 2.79023 2.48735 2.46898 2.96924 2.42996 3.60006 3.13751 2.42616
threshold=-0.22000000625848767 -14.283152580261229 0.56666669249534618 -0.71177777647972096 0.71116051077842724 1.0000000180025095e-35 0.72674912214279186 -0.018000000156462189 0.099999997764825835 0.21999999880790713 0.2333333417773247 0.23900000005960467 0.2982576191425324 -9.4999999999999982 0.55000001192092907 0.43333333730697637 0.20833333581686023 -9.2419400215148908 0.042249999940395362 1.5713990926742556 4.140754461288453 80.500000000000014 -0.17911110818386075 0.2025590315461159 -9.0471892356872541 0.38000001013278967 0.54166665673255932 0.75237819552421581 0.65999999642372142 0.035000000149011619
decision_type=2 2 2 2 2 2 2 2 2 2 2 2 2 2 2 2 2 2 2 2 2 2 2 2 2 2 2 2 2 2
left_child=1 15 19 23 10 6 7 8 17 -9 16 12 -10 26 29 -1 -5 -4 -19 20 24 -11 -13 -3 -2 -26 27 -12 -28 -15
right_child=2 3 5 4 -6 -7 -8 9 11 21 13 22 -14 14 -16 -17 -18 18 -20 -21 -22 -23 -24 -25 25 -27 28 -29 -30 -31
leaf_value=0.0010342976359162979 -0.0011641649949151131 -0.023971770975251789 -0.0056962451490141014 0.0099610562063129279 -0.095104395439351147 -0.0016457797900227902 -0.01519060724038261 0.067841769602012242 0.019118589227684848 -0.00375109008246156 -0.015175751237522043 0.0049342675402243522 -0.00068113123090740026 -0.0060872214114465308 -0.017607730479721122 0.0010342976359162979 -0.0290265457863631 0.014093481686552129 0.0033235165123870862 -0.0031935762025370427 0.25150153291273908 0.27801781988131052 0.043185720038887654 -0.11436923308129024 0.017798631675897018 -0.0023635917017862081 -0.025990579783514312 -0.05249603023566194 0.0091768050320416468 0.017248440875733684
leaf_weight=108 244 26 165 96 97 178 38 209 150 64 186 56 78 170 201 111 54 27 150 52 36 21 148 171 119 159 33 242 51 69
leaf_count=108 244 26 165 96 97 178 38 209 150 64 186 56 78 170 201 111 54 27 150 52 36 21 148 171 119 159 33 242 51 69
internal_value=-0.00137504 -0.00645511 0.00295671 -0.00916905 -0.0073603 0.00568536 0.00705244 0.00777154 0.00549096 0.0137755 -0.0061706 0.00914352 0.00482456 -0.00735294 -0.00409091 0.0108447 0.00133333 0.000877193 0.00550847 -0.00278689 -0.00170251 0.00382353 0.0139706 -0.0201777 -0.00268199 0.000539568 -0.0101563 -0.0116822 -0.00238095 0.00115063
internal_weight=3509 1615 1894 1396 1199 1284 1106 1068 774 294 1102 432 228 952 440 219 150 342 177 610 558 85 204 197 522 278 512 428 84 239
internal_count=3509 1615 1894 1396 1199 1284 1106 1068 774 294 1102 432 228 952 440 219 150 342 177 610 558 85 204 197 522 278 512 428 84 239
is_linear=0
shrinkage=0.05


Tree=17
num_leaves=31
num_cat=0
split_feature=2 16 10 44 14 16 44 19 10 18 9 47 56 16 27 9 18 50 45 9 10 11 9 14 46 53 16 21 36 45
split_gain=22.7139 12.1767 11.3939 9.23848 9.8545 7.16409 6.58841 6.48519 5.53636 6.34561 4.31491 4.23811 5.06019 5.48485 4.63622 4.1042 5.68432 3.92042 3.77618 3.88764 4.12881 3.4577 3.21728 3.06409 3.04359 3.00183 3.8876 3.25122 3.99728 3.18464
threshold=0.66999998688697826 1.1800000071525576 -14.557687282562254 -2.4999999999999996 0.14583333581686023 0.29999999701976782 -18.499999999999996 1.0000000180025095e-35 -14.283152580261229 0.39699682593345648 1.4006283879280093 2.0524053573608403 0.023000000044703487 0.62000000476837169 -0.19474999606609342 1.0793727040290835 0.62164199352264415 2.5000000000000004 0.63574999570846569 0.65877881646156322 -9.3555727005004865 0.20935538411140445 0.15358980000019076 0.054166667163372047 0.17000000178813937 1.5870000123977663 0.21999999880790713 0.17475000023841861 -0.21869999915361402 0.18850000202655795
decision_type=2 2 2 2 2 2 2 2 2 2 2 2 2 2 2 2 2 2 2 2 2 2 2 2 2 2 2 2 2 2
left_child=1 3 23 5 10 8 -4 18 -1 -10 -5 12 13 -7 -15 16 24 25 19 20 -6 -14 -3 -2 -8 27 -27 28 -11 -28
right_child=2 22 6 4 7 11 15 -9 9 17 -12 -13 21 14 -16 -17 -18 -19 -20 -21 -22 -23 -24 -25 -26 26 29 -29 -30 -31
leaf_value=0.00098258275412048293 0.00098258275412048293 -0.00304389369682766 -0.10805057458852763 3.7574068059503044e-05 0.0028199405410297865 -0.025324371736103121 -0.019134411563681713 -0.0010083639791533346 0.017366734667019091 -0.01443443403326663 -0.0040279725362313869 -0.059131346141311436 -0.0024222232625098817 0.018163518568252473 -0.011847335270324682 0.009714324647639546 -0.073861699728177313 0.029688591725275271 0.074464430780842736 0.29079197772897863 0.019652715835089665 0.020228542212637163 -0.060380928707736349 -0.013650234750883828 0.0014302396993828286 0.08251267259570938 -0.059036416703537431 -0.024905044076696147 0.0059514404867077493 0.011546625752106424
leaf_weight=195 34 28 153 271 213 266 266 125 195 174 40 64 147 49 43 71 136 22 119 54 190 68 59 25 88 51 21 146 150 46
leaf_count=195 34 28 153 271 213 266 266 125 195 174 40 64 147 49 43 71 136 22 119 54 190 68 59 25 88 51 21 146 150 46
internal_value=-0.00126104 0.000877193 -0.00882924 0.00148169 0.00523715 -0.000839951 -0.0105742 0.00852354 0.0018 -3.10559e-05 -0.00217042 -0.0049843 -0.00362129 -0.00726257 0.00326087 -0.00806595 -0.00969388 -0.00254098 0.0107639 0.00869803 0.00700993 0.00244186 -0.0175287 0.0122881 -0.00635593 -0.00331633 0.00381356 -0.00510638 -0.00231481 -0.00410448
internal_weight=3509 2736 773 2649 1012 1637 714 701 1000 805 311 637 573 358 92 561 490 610 576 457 403 215 87 59 354 588 118 470 324 67
internal_count=3509 2736 773 2649 1012 1637 714 701 1000 805 311 637 573 358 92 561 490 610 576 457 403 215 87 59 354 588 118 470 324 67
is_linear=0
shrinkage=0.05


Tree=18
num_leaves=31
num_cat=0
split_feature=13 10 13 14 13 14 16 14 10 27 12 12 13 2 16 2 0 9 51 45 16 2 44 16 53 14 11 16 14 11
split_gain=28.1035 24.9072 7.85074 6.65839 8.27617 7.1476 6.58619 5.91633 5.24522 4.76595 4.39159 4.21139 4.06222 4.737 3.9818 4.5547 5.94496 3.88829 3.64773 3.736 3.4792 3.28477 5.01641 4.34312 3.13419 3.30519 2.93604 2.83915 2.57438 2.55193
threshold=-0.32600000500679011 -14.283152580261229 -0.71177777647972096 0.087500002235174193 -0.17911110818386075 0.39583334326744085 1.1800000071525576 0.10416666790843011 -9.2605047225952131 -2.373649954795837 3.9688667058944707 5.4141719341278085 -0.018000000156462189 0.18666666746139529 0.97999998927116405 0.43199999630451208 0.62000000476837169 0.10082613304257394 2.4909999370574956 1.3388333320617678 0.21999999880790713 0.52599999308586132 -9.4999999999999982 0.90000000596046459 -1.4975000023841856 0.22083333134651187 -0.13944697380065915 0.29999999701976782 0.095833335071802153 0.35909767448902136
decision_type=2 2 2 2 2 2 2 2 2 2 2 2 2 2 2 2 2 2 2 2 2 2 2 2 2 2 2 2 2 2
left_child=1 7 28 11 14 8 21 -1 9 -6 26 18 13 17 15 24 -17 -10 19 29 -9 -4 23 27 -5 -26 -11 -23 -3 -2
right_child=3 2 6 4 5 -7 -8 20 12 10 -12 -13 -14 -15 -16 16 -18 -19 -20 -21 -22 22 -24 -25 25 -27 -28 -29 -30 -31
leaf_value=0.00093345361641445886 -0.0010674984751906987 -0.052614927257486691 -0.030774329759715294 -0.033800738165728886 0.33246790200928067 -0.0030958927163198383 -0.12516309264494324 0.0054236029759465974 0.0072093894345321846 -0.007810944565560334 0.02025883125446562 -0.0036089587975596336 0.067744024905510444 0.059919600942702857 -0.060132294155795941 0.024614749252747294 -0.029820163877299577 -0.0086158395518907693 0.024962029566916941 -0.35093593087909614 -0.028820658436221492 -0.01450157628297688 0.0057518274863661099 0.0134440444948811 0.00057161711034182526 -0.0142920919364019 0.0017279659101647399 -0.048331546700517619 -0.10640831860367972 0.0052905681081836936
leaf_weight=107 495 66 201 34 36 190 55 23 132 33 254 28 101 133 22 118 62 34 41 26 31 214 132 20 142 112 308 192 131 36
leaf_count=107 495 66 201 34 36 190 55 23 132 33 254 28 101 133 22 118 62 34 41 26 31 214 132 20 142 112 308 192 131 36
internal_value=-0.00123254 -0.00755119 -0.0104599 0.00193624 0.00355056 0.00575348 -0.00829238 0.0107143 0.00739573 0.00455626 0.00348739 -0.00247604 0.011875 0.00894649 -0.00193878 -0.000961538 0.00527778 0.00331325 -0.00158863 -0.00264811 -0.00277778 -0.00708169 -0.00510753 -0.00774648 -0.00486111 -0.00295276 -0.000219941 -0.008867 -0.0194162 -0.001742
internal_weight=3509 1172 1011 2337 1711 1221 814 161 1031 631 595 626 400 299 490 468 180 166 598 557 54 759 558 426 288 254 341 406 197 531
internal_count=3509 1172 1011 2337 1711 1221 814 161 1031 631 595 626 400 299 490 468 180 166 598 557 54 759 558 426 288 254 341 406 197 531
is_linear=0
shrinkage=0.05


Tree=19
num_leaves=31
num_cat=0
split_feature=13 10 16 13 0 14 14 36 13 13 47 3 4 13 6 13 10 12 9 9 4 46 12 12 1 22 56 44 10 9
split_gain=25.2469 16.0239 6.94305 7.70378 6.76553 6.75804 6.42458 6.39377 4.85354 4.77428 6.87013 6.39964 5.58409 5.45751 4.40503 3.81623 6.26101 3.80904 3.56612 3.37781 3.35544 3.34618 2.71529 2.53316 2.50169 2.49055 2.46481 2.68054 2.50789 2.39795
threshold=-0.40000000596046442 -14.283152580261229 1.1800000071525576 -0.021111111156642434 0.62000000476837169 0.11250000074505807 0.19583333283662799 2.9895000457763676 -0.70733332633972157 -0.018000000156462189 0.1725776866078377 0.18713862448930743 0.21999999880790713 -0.14111111313104627 0.70000001788139354 -0.29199999570846552 -12.406206130981444 0.44956126809120184 0.23012895137071612 1.288763761520386 0.25999999791383749 0.18933333456516269 4.7227485179901132 0.31217537820339208 0.42499999701976782 0.052149999886751182 -0.21649999916553495 -7.4999999999999991 -9.1518673896789533 0.2025590315461159
decision_type=2 2 2 2 2 2 2 2 2 2 2 2 2 2 2 2 2 2 2 2 2 2 2 2 2 2 2 2 2 2
left_child=1 5 4 -4 7 -1 8 9 29 11 17 15 -12 14 26 16 -2 -11 22 21 -17 -6 -15 -16 -5 -23 27 -13 -28 -3
right_child=2 6 3 24 19 -7 -8 -9 -10 10 12 13 -14 18 23 20 -18 -19 -20 -21 -22 25 -24 -25 -26 -27 28 -29 -30 -31
leaf_value=0.00088678093559373594 0.0020273107697640208 -0.012350276992957827 -0.046642846345309165 0.039793530515339071 -0.019024940514320229 -0.043523468186393494 -0.060621625261455127 -0.01074297323732184 -0.014268544601789347 0.022583226444197572 0.048627838709194279 -0.010196503688029318 -0.00080315114437967553 0.029012935065613733 0.018551679122984704 -0.0010761014615944702 -0.036808731596712906 -0.0015584438654477747 0.008222014582609535 0.12964914574713937 0.0034975295771365283 0.014890789301000651 0.070288884797960832 -0.0011506533872412369 -0.0060581305745666635 -0.0083779517647998621 0.0025678963866534012 0.015758091754511473 -0.0011667469805295802 -0.096412965303756398
leaf_weight=80 24 26 77 23 267 32 302 68 264 62 257 95 79 124 29 427 91 64 124 20 136 32 47 387 39 25 109 70 23 106
leaf_count=80 24 26 77 23 267 32 302 68 264 62 257 95 79 124 29 427 91 64 124 20 136 32 47 387 39 25 109 70 23 106
internal_value=-0.00133229 -0.00907407 0.000991108 -0.00989209 0.00158203 0.00848214 -0.0118911 0.00259477 -0.00770202 0.00307263 0.00757576 0.00183867 0.0113095 0.00436508 0.0019986 -0.0019174 -0.0102174 -0.00238095 0.0100847 -0.00494186 -0.000222025 -0.00617284 0.0147661 -0.00132212 0.00322581 0.00482456 0.00664983 0.00257576 0.0117424 -0.0155303
internal_weight=3509 810 2699 139 2560 112 698 2216 396 2148 462 1686 336 1008 713 678 115 126 295 344 563 324 171 416 62 57 297 165 132 132
internal_count=3509 810 2699 139 2560 112 698 2216 396 2148 462 1686 336 1008 713 678 115 126 295 344 563 324 171 416 62 57 297 165 132 132
is_linear=0
shrinkage=0.05


Tree=20
num_leaves=31
num_cat=0
split_feature=13 10 53 12 14 51 13 13 36 8 18 35 27 53 13 4 13 8 17 16 13 2 10 10 13 18 26 21 16 13
split_gain=23.4363 16.9202 7.60647 6.49038 6.47101 5.8786 6.10838 4.93546 3.96084 3.4599 3.2309 2.89601 2.7175 4.14829 2.82744 2.68025 4.43786 2.54881 2.67531 6.98012 4.08854 3.46146 4.76545 3.81013 4.06721 3.19398 3.86962 3.18566 3.14186 5.43411
threshold=-0.40000000596046442 -14.816375255584715 -19.681500434875485 2.8392821550369267 0.19583333283662799 0.84999999403953563 -0.2357777804136276 -0.71177777647972096 2.9895000457763676 1.3000000119209292 0.70197221636772167 0.25800000131130224 0.38480000197887426 -3.0839999914169307 -0.29199999570846552 0.099999997764825835 0.021999999880790714 1.8999999761581423 0.37500000000000006 0.97999998927116405 0.021999999880790714 0.27400000393390661 -12.828595161437987 -11.003641128540037 -0.058000000193715089 0.48206734657287603 -0.025249999947845932 1.0000000180025095e-35 0.34000000357627874 -0.19377777725458142
decision_type=2 2 2 2 2 2 2 2 2 2 2 2 2 2 2 2 2 2 2 2 2 2 2 2 2 2 2 2 2 2
left_child=1 3 -2 -1 7 12 9 -3 10 11 15 -7 13 -4 -14 16 -8 18 21 25 -21 23 -23 -15 -25 26 27 -20 -24 -30
right_child=2 4 5 -5 -6 6 8 -9 -10 -11 -12 -13 14 17 -16 -17 -18 -19 19 20 -22 22 28 24 -26 -27 -28 -29 29 -31
leaf_value=0.00084244188881404914 0.27923273968900209 -0.066472632096573309 -0.01303670717023523 -0.028619536159576575 -0.064899558127431686 0.0089998066218219611 0.005207650633238141 -0.013555117371699878 -0.003108977307675744 -0.017079873088142069 -0.0048564123483525483 -0.010465857066029297 -0.025105400561795534 -0.00091822046299240762 -0.0020328297110120477 0.028363711279153082 0.093677146180457305 -0.0041662750681931253 0.0045116714986298753 -0.019392676651290009 0.0064560833009213066 0.0007854153971055349 0.0007275513711293253 -0.0066060152320412714 0.019502020262809932 0.040549594000359158 0.015659156321214413 -0.01698666502254044 -0.032916675788346686 0.027337286382553106
leaf_weight=78 54 121 153 26 306 40 245 294 27 51 34 63 90 89 201 242 30 82 96 81 57 171 400 91 73 119 97 43 61 22
leaf_count=78 54 121 153 26 306 40 245 294 27 51 34 63 90 89 201 242 30 82 96 81 57 171 400 91 73 119 97 43 61 22
internal_value=-0.00137829 -0.00875758 0.000866519 0.0100962 -0.0114771 0.00048909 0.00430328 -0.00740964 0.0066609 -0.00454545 0.00757713 0.000728155 -0.00096054 -0.000168196 -0.00541237 0.00855899 0.00518182 0.000641026 0.00114286 0.00410751 -0.00543478 -0.000468578 0.0014526 -0.00543478 -0.000914634 0.0078169 0.00444915 -0.000899281 -0.00108696 -0.00993976
internal_weight=3537 825 2712 104 721 2658 732 415 578 154 551 103 1926 1635 291 517 275 1482 1400 493 138 907 654 253 164 355 236 139 483 83
internal_count=3537 825 2712 104 721 2658 732 415 578 154 551 103 1926 1635 291 517 275 1482 1400 493 138 907 654 253 164 355 236 139 483 83
is_linear=0
shrinkage=0.05


Tree=21
num_leaves=31
num_cat=0
split_feature=13 10 53 56 12 56 18 13 12 51 14 37 2 26 18 16 13 5 16 16 56 18 12 10 27 2 13 9 4 53
split_gain=21.1536 14.2966 7.77932 6.62216 5.84251 5.59515 5.56118 6.65 5.30617 5.32908 4.59251 4.74354 4.29545 4.29535 3.82954 3.82224 3.55009 3.32401 3.22822 3.08674 3.00469 2.99559 2.64069 2.62461 2.61252 2.52836 2.50853 3.52232 3.32901 4.20324
threshold=-0.42933334410190577 -14.816375255584715 -19.681500434875485 -0.30750000476837153 2.7437185049057011 4.6959998607635507 0.69464683532714855 0.021999999880790714 0.55546122789382946 -0.03350000083446502 0.070833336561918273 -0.19934999942779538 0.24511111527681353 -0.96824997663497914 0.62674692273139965 0.53999999165534984 -0.22000000625848767 0.52500000596046459 0.21999999880790713 0.4200000017881394 -4.0775001049041739 0.62426853179931652 1.5638261437416079 -11.61906862258911 -0.71294999122619618 0.24511111527681353 -0.018000000156462189 0.30079524219036108 0.099999997764825835 0.42700000107288366
decision_type=2 2 2 2 2 2 2 2 2 2 2 2 2 2 2 2 2 2 2 2 2 2 2 2 2 2 2 2 2 2
left_child=1 4 -2 13 -1 6 10 12 14 -10 11 -5 -8 17 -3 19 23 24 -15 26 -20 -22 -21 -13 -4 -24 28 -28 29 -12
right_child=2 8 3 5 -6 -7 7 -9 9 -11 15 16 -14 18 -16 -17 -18 -19 20 22 21 -23 25 -25 -26 -27 27 -29 -30 -31
leaf_value=0.00080031979437334669 0.26527110270455195 -0.0034911077406459823 0.02417172868788256 -0.0037532297664536218 -0.027477331971721353 -0.010172006491845876 0.0032607230809557674 0.015671972094589409 -0.068993386637714468 -0.0086727608136239042 -0.0019258956793457441 0.00077323221081180237 -0.042287709014403513 0.0048354602424697307 -0.10982420308457029 0.027349814643170767 -0.00067068681729816424 0.017769253109838186 -0.055753108482182984 0.003030310580766242 -0.0081865000900357976 -0.028474338305269839 0.00035228490908352094 0.0035801862243614148 -0.0053124649315081894 -0.006489657659130202 0.053286062000938023 0.0015962558832530727 0.0056588023571112374 0.0084350225581822386
leaf_weight=66 54 176 44 30 27 129 24 40 335 81 103 40 88 97 45 108 264 58 47 49 491 64 43 54 165 42 89 53 467 164
leaf_count=66 54 176 44 30 27 129 24 40 335 81 103 40 88 97 45 108 264 58 47 49 491 64 43 54 165 42 89 53 467 164
internal_value=-0.00132174 -0.00890411 0.00065016 0.000281511 0.0094086 0.0020845 0.0028649 -0.00625 -0.0115777 -0.0149038 0.00378486 -0.000902062 -0.0125 -0.00305383 -0.00531674 0.00541145 0.000698324 0.00234082 -0.00511445 0.00445545 -0.00647841 -0.00545045 -0.00261194 0.00904255 -0.000598086 -0.00794118 0.00553653 0.0116197 0.00435967 -9.3633e-05
internal_weight=3537 730 2807 2753 93 1787 1658 152 637 416 1506 388 112 966 221 1118 358 267 699 1010 602 555 134 94 209 85 876 142 734 267
internal_count=3537 730 2807 2753 93 1787 1658 152 637 416 1506 388 112 966 221 1118 358 267 699 1010 602 555 134 94 209 85 876 142 734 267
is_linear=0
shrinkage=0.05


Tree=22
num_leaves=31
num_cat=0
split_feature=13 10 45 5 12 12 27 14 18 47 10 0 13 0 9 13 13 12 18 0 28 13 9 18 10 0 18 47 18 35
split_gain=19.8049 14.7112 7.74707 5.16499 5.08504 4.91454 4.47061 4.14338 3.82954 3.55849 3.25811 5.67441 4.96362 5.09614 3.24063 4.34867 4.05609 3.66919 3.29546 3.03676 2.88656 2.87734 4.01228 3.9804 2.86952 4.60336 3.25349 2.76442 2.70968 2.65161
threshold=-0.42933334410190577 -14.816375255584715 -6.4819166660308829 0.52500000596046459 2.7437185049057011 0.55546122789382946 0.95399999618530285 0.38750000298023229 0.62674692273139965 0.23466106504201892 -9.2501697540283185 0.4200000017881394 -0.18999999761581418 0.1799999997019768 1.3429035544395449 -0.067333336919546113 -0.10111111029982565 4.1199495792388925 0.60981348156929027 0.4200000017881394 1.0000000180025095e-35 -0.014666667208075522 0.31130495667457586 0.53588888049125682 -12.828595161437987 0.21999999880790713 0.1872857138514519 0.14238871634006503 0.5609206259250642 -0.74175000190734852
decision_type=2 2 2 2 2 2 2 2 2 2 2 2 2 2 2 2 2 2 2 2 2 2 2 2 2 2 2 2 2 2
left_child=1 4 -2 6 -1 8 7 10 -3 -7 24 12 -12 20 15 16 17 18 19 -5 -14 -13 -23 -24 25 -4 -26 -17 -8 -27
right_child=2 5 3 14 -6 9 28 -9 -10 -11 11 21 13 -15 -16 27 -18 -19 -20 -21 -22 22 23 -25 26 29 -28 -29 -30 -31
leaf_value=0.0007603038046546793 0.23586351816229964 -0.0033165523536136891 -0.0008800905813978392 -0.0083633164429242554 -0.026103465373135282 0.0010858778813892121 -0.0035610578264395143 -0.0050299484713854127 -0.10433299293034178 -0.059855137462489896 -0.0029790852032248651 -0.013244280046874019 -0.0031605709406707936 0.057348329352531924 -0.0024449281176996632 -4.0149588836920587e-05 -0.005806465876118095 0.017908404784247389 -0.037249440340716471 0.0048060409273499027 0.013109369267398051 0.080517614963922901 -0.017158978051215374 0.010240031890106078 0.040793463722301963 -0.0067976298614044091 -0.0041705156068827312 0.021809312264468663 -0.027316892325381412 0.00068267623379629494
leaf_weight=66 57 176 27 67 27 35 155 177 45 381 103 122 92 163 23 46 58 113 33 111 58 21 37 51 20 21 853 162 43 194
leaf_count=66 57 176 27 67 27 35 155 177 45 381 103 122 92 163 23 46 58 113 33 111 58 21 37 51 20 21 853 162 43 194
internal_value=-0.00129347 -0.00863014 0.000614535 0.000236364 0.00994624 -0.0113422 -0.000924193 -0.000193399 -0.00531674 -0.0145433 0.00053916 0.00336167 0.00685096 0.00998403 0.00428222 0.005 0.00183246 0.00401235 0.000118483 0.00280899 0.00333333 -0.00292208 0.00298165 -0.00170455 -0.00109865 0.00371901 -0.00243414 0.0108173 -0.00808081 0.00616279
internal_weight=3537 730 2807 2750 93 637 2137 1939 221 416 1762 647 416 313 613 590 382 324 211 178 150 231 109 88 1115 242 873 208 198 215
internal_count=3537 730 2807 2750 93 637 2137 1939 221 416 1762 647 416 313 613 590 382 324 211 178 150 231 109 88 1115 242 873 208 198 215
is_linear=0
shrinkage=0.05


Tree=23
num_leaves=31
num_cat=0
split_feature=56 44 9 47 18 56 50 12 9 18 5 9 37 18 11 26 26 37 9 36 26 11 11 1 1 8 12 56 27 10
split_gain=17.1615 16.5864 10.3964 7.62216 6.36545 3.72581 3.88534 3.60746 3.08027 3.06898 2.92068 2.91125 2.76071 2.55648 2.36463 2.35186 2.27142 2.85454 2.52006 3.33333 2.22362 2.17667 2.14802 2.14383 2.05142 2.30634 3.08806 2.72731 3.23441 2.04466
threshold=-0.2609999924898147 -10.499999999999998 1.20743864774704 2.670454859733582 0.72240000963211071 1.5655000209808352 1.0000000180025095e-35 0.51467344164848339 0.6226034164428712 0.62588888406753551 0.52500000596046459 0.077239841222763075 5.1263999938964853 0.35233333706855779 0.69191554188728344 0.067999999970197691 -1.9230000376701353 -1.1112000346183775 0.3599508553743363 -0.63005000352859486 -1.7182500362396238 0.039430022239685066 0.16354220360517505 0.42499999701976782 0.47499999403953558 1.6999999880790713 2.0369949340820317 0.045500000938773162 -0.023700000718235966 -8.8676490783691388
decision_type=2 2 2 2 2 2 2 2 2 2 2 2 2 2 2 2 2 2 2 2 2 2 2 2 2 2 2 2 2 2
left_child=1 7 9 4 5 10 21 -1 -6 11 -2 15 -5 -8 20 -3 22 -18 -19 -20 -9 29 -13 -10 25 26 -12 28 -28 -7
right_child=3 2 -4 12 8 6 13 14 23 -11 24 16 -14 -15 -16 -17 17 18 19 -21 -22 -23 -24 -25 -26 -27 27 -29 -30 -31
leaf_value=-0.011632888862545737 0.00039055717794838008 -0.018270790586986645 0.23169688671250921 -0.026890977818879138 -0.042461785596368588 -0.00085827630808944517 -0.015681107998578386 -0.037075137366654867 0.035183789274483145 -0.020460615029207863 0.0015010386466084533 0.0047648404864700294 0.0023886055175794058 0.016568929441276112 -0.019426742699466978 -0.0014903687392710434 -0.018063615962460946 0.001586651085207834 0.0073797072503372675 -0.013721533073102102 -0.060482100455114311 0.034475098519324281 0.060000777696363874 -0.012262020115098535 0.00072228861442194536 0.020705189938409474 0.004736267347036016 0.020066806540368444 -0.0021317000100087732 0.046960358726329456
leaf_weight=148 1011 38 62 137 65 49 20 46 23 94 105 64 45 39 38 37 112 401 30 98 326 137 22 30 181 21 22 51 26 59
leaf_count=148 1011 38 62 137 65 49 20 46 23 94 105 64 45 39 38 37 112 401 30 98 326 137 22 30 181 21 22 51 26 59
internal_value=-0.00122279 -0.00524406 -0.00125261 0.00179367 0.00275965 0.00352992 0.00855263 -0.0120968 -0.00847458 -0.00262277 0.00245236 -0.00162095 -0.00796703 -0.0029661 -0.0145122 -0.011 -0.00065337 -0.00167707 -0.000141777 -0.00625 -0.0157258 0.0113265 0.00697674 0.000471698 0.00603448 0.00922222 0.00759804 0.00126263 -0.00729167 0.00601852
internal_weight=3537 1516 958 2021 1839 1721 304 558 118 896 1417 802 182 59 410 75 727 641 529 128 372 245 86 53 406 225 204 99 48 108
internal_count=3537 1516 958 2021 1839 1721 304 558 118 896 1417 802 182 59 410 75 727 641 529 128 372 245 86 53 406 225 204 99 48 108
is_linear=0
shrinkage=0.05


Tree=24
num_leaves=31
num_cat=0
split_feature=13 16 47 53 14 13 53 44 18 18 9 3 0 8 3 53 56 18 18 27 47 18 5 56 22 44 7 14 44 2
split_gain=17.8831 20.0718 21.129 6.98984 5.42667 4.99123 4.58257 4.85801 4.49066 4.1436 3.81916 3.11428 3.45493 3.11122 3.0321 2.84187 3.57178 3.55032 3.47346 3.14304 2.67734 2.65261 2.92665 2.47189 2.92878 2.43895 2.74025 2.56722 2.8973 2.43237
threshold=-0.29199999570846552 0.29999999701976782 0.16640086472034457 -19.681500434875485 0.079166669398546233 -0.71177777647972096 0.75249999761581432 -1.4999999999999998 0.71116051077842724 0.39699682593345648 0.20691534876823428 0.33302292227745062 0.21999999880790713 0.63333335518836986 0.31211639940738684 2.0519999265670781 0.045500000938773162 0.58593648672103893 0.47517459094524389 -0.086749996989965425 0.093789167702198042 0.62279999256134044 0.42499999701976782 -2.0039999485015865 0.47879999876022344 -12.499999999999998 1.0000000180025095e-35 0.22083333134651187 -4.4999999999999991 0.18666666746139529
decision_type=2 2 2 2 2 2 2 2 2 2 2 2 2 2 2 2 2 2 2 2 2 2 2 2 2 2 2 2 2 2
left_child=1 2 13 -2 -5 -3 11 25 10 -4 14 12 20 -1 -7 16 17 18 -12 -20 -6 22 -14 -11 -25 -8 27 28 -27 -30
right_child=3 5 9 4 6 8 7 -9 -10 23 15 -13 21 -15 -16 -17 -18 -19 19 -21 -22 -23 -24 24 -26 26 -28 -29 29 -31
leaf_value=0.00070276075552452638 0.22862952732558395 -0.098877245118274448 0.013621967481728829 -0.00099559945773637724 -0.00080539898993846511 -0.053743458597497178 -0.0079532218170897759 0.030626558462809119 -0.086506130932683611 -0.042346945954567526 -0.049899468531875338 -0.0099927404222609189 0.0019493127802626166 -2.6747859504488581e-05 -0.0236192715686393 -0.063958766757144611 0.0073849603246240571 -0.054395294439165312 0.019817773299385017 -0.0121539290418749 -0.00048020080489411118 -0.0059338466104294487 0.0095622381865391251 -0.0015488435075393992 -0.020935560374184273 -0.0085772069316844887 0.046100808205194889 -0.0015731783406292027 0.0032896784585339095 0.032338451343618888
leaf_weight=153 54 90 54 549 39 106 29 213 66 170 46 123 364 27 43 22 48 48 60 70 272 50 177 243 119 32 49 148 28 45
leaf_count=153 54 90 54 549 39 106 29 213 66 170 46 123 364 27 43 22 48 48 60 70 272 50 177 243 119 32 49 148 28 45
internal_value=-0.00113797 -0.00562271 -0.000261097 0.00168048 0.00122757 -0.0124791 0.00272467 0.00643382 -0.0105599 -0.00486348 -0.00874718 0.000756098 0.00177384 0.0147222 -0.0152685 -0.00544218 -0.00404412 -0.00669643 -0.00340909 0.000769231 -0.00249196 0.00401861 0.00503697 -0.00620301 -0.0038674 0.0026435 0.00397351 0.00187747 0.00785714 0.0133562
internal_weight=3537 1365 766 2172 2118 599 1569 544 509 586 443 1025 902 180 149 294 272 224 176 130 311 591 541 532 362 331 302 253 105 73
internal_count=3537 1365 766 2172 2118 599 1569 544 509 586 443 1025 902 180 149 294 272 224 176 130 311 591 541 532 362 331 302 253 105 73
is_linear=0
shrinkage=0.05


Tree=25
num_leaves=31
num_cat=0
split_feature=13 10 18 13 51 51 8 0 22 6 27 18 45 8 56 35 46 11 11 46 10 18 36 13 12 17 37 47 51 28
split_gain=19.7619 22.0768 8.7089 6.57888 5.72537 6.74687 5.26084 4.28357 4.86249 4.03384 3.7347 3.68651 3.53387 3.19305 3.15133 2.96635 2.65954 2.98245 2.42168 2.35289 2.41958 2.38741 2.24639 2.26474 2.83898 2.18033 2.64795 2.1588 2.38064 2.15433
threshold=-0.2357777804136276 -14.067451000213621 0.71116051077842724 -0.71177777647972096 -26.905500411987301 1.0024999976158144 0.43333333730697637 0.099999997764825835 -1.0000000180025095e-35 0.90000000596046459 0.33855000138282781 0.26624578237533575 -0.24191666394472119 0.36666667461395269 3.279000043869019 2.4202500581741337 0.091499999165534987 -0.046563697978854172 -0.040790442377328866 0.22116666287183764 -12.314568996429442 0.44573332369327551 0.030349999666213993 0.035142855718731887 5.1292965412139901 0.54166665673255932 0.12130000069737436 0.98971876502037059 3.3835000991821294 -0.17090000212192533
decision_type=2 2 2 2 2 2 2 2 2 2 2 2 2 2 2 2 2 2 2 2 2 2 2 2 2 2 2 2 2 2
left_child=1 6 3 13 -2 7 -1 -6 16 12 18 -10 -5 -3 15 19 17 29 -7 20 -14 -22 23 24 -19 26 27 -12 -29 -9
right_child=4 2 -4 9 5 10 -8 8 11 -11 25 -13 14 -15 -16 -17 -18 22 -20 -21 21 -23 -24 -25 -26 -27 -28 28 -30 -31
leaf_value=0.00065932943183646085 0.25024798778568608 -0.017644274554510786 -0.085364083834406773 -0.020574705183012972 -0.0044600217755159403 -0.0018454260408465846 0.00034737552018676717 0.014927580293823168 0.03652615492998456 -0.028402280021305955 0.017173704180846499 -0.00097191937507937936 0.0096829560367700379 -0.074340785298742162 -0.01995022490553415 0.034405914406671893 0.011147637920764307 0.0020855982353917253 0.018518891544901186 0.01285656163513162 0.0076034538093997716 -0.0097667400335856649 -0.0033455632637297474 -0.0026842164924582332 0.045751261819015177 -0.017370510605938996 0.03293831862658906 -0.017935935520933994 0.0017584446185880797 0.027743706660980763
leaf_weight=108 51 48 126 457 164 49 114 51 49 107 20 629 20 124 91 20 152 129 310 86 74 210 99 33 22 41 75 20 23 26
leaf_count=108 51 48 126 457 164 49 114 51 49 107 20 629 20 124 91 20 152 129 310 86 74 210 99 33 22 41 75 20 23 26
internal_value=-0.000793651 -0.00493691 -0.00731842 -0.00604285 0.00258621 0.00214059 0.00968468 0.000258493 0.00130252 -0.00457746 0.00687732 -0.00147493 -0.00354906 -0.0151163 -0.000648703 0.00121951 0.00498047 0.00263889 0.00981894 0.00025641 -0.00180921 -0.00299296 0.000265018 0.00353261 0.00612583 0.000977654 0.00398551 -0.00357143 -0.00988372 0.0113636
internal_weight=3528 1585 1363 1237 1943 1892 222 1354 1190 1065 538 678 958 172 501 410 512 360 359 390 304 284 283 184 151 179 138 63 43 77
internal_count=3528 1585 1363 1237 1943 1892 222 1354 1190 1065 538 678 958 172 501 410 512 360 359 390 304 284 283 184 151 179 138 63 43 77
is_linear=0
shrinkage=0.05


Tree=26
num_leaves=31
num_cat=0
split_feature=13 10 18 56 51 10 16 8 12 8 13 14 12 2 13 46 12 28 45 16 2 16 11 12 21 11 46 46 0 16
split_gain=16.7097 20.7466 8.51118 5.59261 5.35455 4.80374 5.9922 4.12722 3.8338 3.29796 3.36712 5.27 3.59788 3.57758 5.2222 3.68589 3.18921 3.1131 2.89277 2.7707 2.87831 2.72042 2.67915 2.6674 2.62633 2.62391 3.53342 3.39144 2.84383 2.58523
threshold=-0.32600000500679011 -14.283152580261229 0.71210584044456493 -1.0995000004768369 -29.439000129699703 -9.3096928596496564 1.1800000071525576 0.36666667461395269 0.61123511195182811 0.36666667461395269 -0.10955555737018584 0.39583334326744085 2.7014106512069707 0.11800000444054605 0.018888888880610469 0.0041666666511446246 0.39334905147552496 0.2449000030755997 1.7332500219345095 0.38000001013278967 0.58933332562446605 0.21999999880790713 -0.10062961280345915 0.31217537820339208 0.10480000078678132 -0.2124078497290611 -0.15799999982118604 -0.15083333104848859 0.62000000476837169 0.21999999880790713
decision_type=2 2 2 2 2 2 2 2 2 2 2 2 2 2 2 2 2 2 2 2 2 2 2 2 2 2 2 2 2 2
left_child=1 7 3 8 -2 6 16 -1 -3 17 23 13 -13 14 15 24 -6 -7 19 20 22 -9 -5 -11 -12 26 -18 28 29 -27
right_child=4 2 -4 18 5 9 -8 21 -10 10 11 12 -14 -15 -16 -17 25 -19 -20 -21 -22 -23 -24 -25 -26 27 -28 -29 -30 -31
leaf_value=0.00061806967433279865 0.24746803387851385 -0.0099280024214933316 -0.096389460508267633 0.0043985352483541847 -0.0068986067482147808 0.0014374060880614564 -0.048665105879673182 0.0038325233787866171 -0.046862663219381311 0.021573512929031383 0.0088212624754238252 0.0019813183236221388 -0.0020893095369925504 0.048661148864878379 0.044444741315734816 -0.0069637535375626728 0.032198994344285171 -0.033741992419484092 -0.031569630276899983 -0.027736659756118456 0.010034394005077862 -0.017717898965620937 -0.011131769437372957 -0.0012518925407311978 -0.0043691964906607461 0.023196259523574111 -0.00089722351609558949 0.0023145671882833173 -0.026846091417035686 -0.0026953406523348503
leaf_weight=74 39 143 93 26 167 327 29 41 323 21 32 51 54 194 37 31 30 28 57 82 180 45 113 199 26 26 187 702 39 132
leaf_count=74 39 143 93 26 167 327 29 41 323 21 32 51 54 194 37 31 30 28 57 82 180 45 113 199 26 26 187 702 39 132
internal_value=-0.000935374 -0.00579864 -0.00843166 -0.00698052 0.00149936 0.00118945 -0.000800305 0.0109375 -0.0108369 0.0038 0.00593023 0.00852941 -0.00119048 0.0117188 0.00515873 -0.00140449 -0.000292284 -7.04225e-05 -0.00305677 -0.0015586 0.000548589 0.00348837 -0.00485612 0.000909091 0.00603448 0.000672043 -0.00426267 0.00186318 -0.00393401 -0.000949367
internal_weight=3528 1177 1017 924 2351 2312 1312 160 466 1000 645 425 105 320 126 89 1283 355 458 401 319 86 139 220 58 1116 217 899 197 158
internal_count=3528 1177 1017 924 2351 2312 1312 160 466 1000 645 425 105 320 126 89 1283 355 458 401 319 86 139 220 58 1116 217 899 197 158
is_linear=0
shrinkage=0.05


Tree=27
num_leaves=31
num_cat=0
split_feature=13 47 16 16 13 51 53 45 16 56 8 12 46 16 53 35 16 13 9 44 8 16 16 9 14 18 16 27 16 5
split_gain=15.376 16.2007 9.36838 6.50335 5.46621 5.32978 3.35176 4.45218 3.25753 3.76624 3.1013 4.96058 4.08291 4.02955 3.03634 3.00444 2.95475 2.91335 2.91439 3.1237 2.8927 2.80549 2.76136 2.8029 2.63668 2.59016 2.53531 2.50586 2.44749 2.41937
threshold=-0.32600000500679011 0.072802934795618071 0.29999999701976782 1.1800000071525576 -0.70733332633972157 -29.439000129699703 -2.5314999818801875 0.34149999916553503 0.90000000596046459 -1.0300000309944151 0.36666667461395269 0.85510832071304332 -1.0000000180025095e-35 0.21999999880790713 -0.54950001835823048 -0.29549999535083765 1.1800000071525576 -0.29199999570846552 1.0400360226631167 -12.499999999999998 0.30000001192092901 0.97999998927116405 0.25999999791383749 0.21212198585271838 0.10416666790843011 0.2853889018297196 0.62000000476837169 0.48425000905990606 0.21999999880790713 1.0000000180025095e-35
decision_type=2 2 2 2 2 2 2 2 2 2 2 2 2 2 2 2 2 2 2 2 2 2 2 2 2 2 2 2 2 2
left_child=1 2 24 4 20 -2 15 10 9 22 12 27 13 -8 -9 -7 26 -16 19 -19 -3 -21 -6 -24 -1 -14 -13 -12 -22 -27
right_child=5 3 -4 -5 8 6 7 14 -10 -11 11 16 25 -15 17 -17 -18 18 -20 21 28 -23 23 -25 -26 29 -28 -29 -30 -31
leaf_value=0.00058716619061615878 0.23509463218458815 -0.0049983999180827745 -0.10915989193602629 -0.092265153211901263 -0.011813399787953911 0.0018556610071385898 0.014542827676582376 0.024196300825315264 0.017814248135572967 -0.0027997173732030481 0.0090729964484344838 -0.00027740749295495775 0.049712494263571411 -0.040781393795610778 -0.016801218982448674 -0.016929954482014051 -0.020133190538961395 -0.010184883826462043 -0.0011320034383274738 0.021981022654498528 -0.023060834846470635 -0.0068217116179410137 -0.046196081005085959 -0.025399700914874493 0.0040367811182937295 -0.0019687242501712789 0.0052999565855519903 -0.002662722935697854 -0.06784641058947509 1.2549145822191803e-05
leaf_weight=100 39 39 30 58 110 121 36 20 20 381 278 637 41 79 21 85 31 22 31 382 36 32 84 149 42 47 136 54 128 259
leaf_count=100 39 39 30 58 110 121 36 20 20 381 278 637 41 79 21 85 31 22 31 382 36 32 84 149 42 47 136 54 128 259
internal_value=-0.000793651 -0.00545879 0.00872093 -0.00788557 -0.00689018 0.0015419 0.0012327 0.00182811 -0.00490591 -0.0054558 0.000531915 0.00193662 -0.00292208 -0.011087 0.00590551 -0.00485437 -0.000186567 0.00512295 0.00594218 0.00699541 -0.0141626 0.00797101 -0.00925656 -0.0123391 0.0140845 -0.000216138 0.00042044 0.00707831 -0.0170732 -0.00179739
internal_weight=3528 1177 172 1005 947 2351 2312 2106 744 724 1598 1136 462 115 508 206 804 488 467 436 203 414 343 233 142 347 773 332 164 306
internal_count=3528 1177 172 1005 947 2351 2312 2106 744 724 1598 1136 462 115 508 206 804 488 467 436 203 414 343 233 142 347 773 332 164 306
is_linear=0
shrinkage=0.05


Tree=28
num_leaves=31
num_cat=0
split_feature=56 44 13 47 16 13 14 16 0 18 5 37 56 3 14 36 13 6 18 45 13 18 13 26 18 14 36 16 45 28
split_gain=13.6684 12.96 8.91722 6.77536 6.14955 6.68606 6.0063 4.6641 3.85624 3.42691 2.90169 2.88253 2.50231 2.88776 2.887 2.6448 2.62347 4.00521 2.48486 2.34698 6.18891 2.64032 2.51043 4.7225 2.41433 3.43787 3.15794 2.40162 2.25625 2.2261
threshold=-0.2609999924898147 81.500000000000014 -0.36599999666213984 2.670454859733582 0.97999998927116405 -0.25200000405311579 0.16250000149011615 0.85999998450279247 0.13999999687075618 0.62164199352264415 0.52500000596046459 5.6249001026153573 -2.0039999485015865 0.33302292227745062 0.070833336561918273 -1.6254000067710874 -0.18733333051204679 0.90000000596046459 0.47517459094524389 0.70216664671897899 -0.2357777804136276 0.29244443774223333 -0.28000000119209284 0.35500000417232519 0.26624578237533575 0.22083333134651187 0.09405000135302545 0.21999999880790713 -0.66066667437553395 -0.42970000207424158
decision_type=2 2 2 2 2 2 2 2 2 2 2 2 2 2 2 2 2 2 2 2 2 2 2 2 2 2 2 2 2 2
left_child=1 2 6 4 7 -6 29 10 -4 12 19 -5 13 15 -14 -10 17 -16 -17 22 -21 -22 23 27 25 -24 -27 -2 -11 -1
right_child=3 -3 8 11 5 -7 -8 -9 9 28 -12 -13 14 -15 16 18 -18 -19 -20 20 21 -23 24 -25 -26 26 -28 -29 -30 -31
leaf_value=-0.021299135336118498 0.00070113046200477309 0.24067549839852403 -0.012722206674505028 -0.015079428748804621 -0.08002122393561252 -0.00033194524060658451 -0.049636488144839765 0.050673812277913954 0.041125087477368587 -0.0026017378967480298 0.0028193673001072062 0.014290553092101503 -0.012439099405960181 -0.031303123204174409 0.0051180781040550578 -0.021792810399478221 0.0074470018241341671 -0.027800784488161798 -0.00036979915884728881 -0.0076735613387163117 0.011665760976478659 0.052264643718391436 0.030310437365299311 -0.0042146673789628334 -0.0005639440011571766 0.0085928453082539987 -0.013036253900042417 0.00057963021063002561 -0.026197164758679021 -0.0036713006380336257
leaf_weight=66 57 49 63 154 44 147 331 80 26 36 447 40 61 43 143 39 197 58 132 43 38 79 44 99 594 38 34 97 60 189
leaf_count=66 57 49 63 154 44 147 331 80 26 36 447 40 61 43 143 39 197 58 132 43 38 79 44 99 594 38 34 97 60 189
internal_value=-0.000736961 -0.0043704 -0.00522853 0.00192875 0.00286529 -0.00562827 -0.00998294 0.00384848 -0.00198135 -0.00103774 0.00324841 -0.00695876 0.000178827 -0.00395833 0.00234205 -0.00139594 0.00389447 -0.000124378 -0.00365497 0.00189225 0.0075 0.0134615 0.00096054 0.00523715 -0.00056338 0.00603448 -0.000694444 0.0107143 -0.00989583 -0.00421569
internal_weight=3528 1493 1444 2035 1841 191 586 1650 858 795 1570 194 699 240 459 197 398 201 171 1123 160 117 963 253 710 116 72 154 96 255
internal_count=3528 1493 1444 2035 1841 191 586 1650 858 795 1570 194 699 240 459 197 398 201 171 1123 160 117 963 253 710 116 72 154 96 255
is_linear=0
shrinkage=0.05


Tree=29
num_leaves=31
num_cat=0
split_feature=56 9 47 4 18 18 5 0 0 26 9 0 37 18 18 17 37 45 21 1 21 22 37 45 18 36 9 11 56 9
split_gain=12.2627 11.0928 7.02066 6.90752 4.15999 4.1338 3.71376 3.66335 5.60444 2.89669 3.08196 2.88062 3.08975 3.26101 2.96157 2.65065 2.55682 2.41786 2.33736 2.29167 2.1401 2.00379 1.90292 1.76853 2.33606 2.90761 2.01822 1.74738 2.63276 1.98031
threshold=-0.2609999924898147 0.98854506015777599 2.670454859733582 0.71999999880790722 0.71305307745933544 0.72964444756507885 0.52500000596046459 0.21999999880790713 0.78000000119209301 -1.9230000376701353 0.51901254057884227 0.099999997764825835 -1.1112000346183775 0.50834298133850109 0.62164199352264415 0.20833333581686023 -0.039349999278783791 -0.35324999690055842 -0.83184999227523793 0.42499999701976782 -0.20284999907016751 -2.375150084495544 5.6249001026153573 0.34149999916553503 0.48739683628082281 0.0046500000171363362 0.47922001779079443 0.31703943014144903 0.16600000113248828 0.37218417227268225
decision_type=2 2 2 2 2 2 2 2 2 2 2 2 2 2 2 2 2 2 2 2 2 2 2 2 2 2 2 2 2 2
left_child=1 3 4 5 6 9 17 -6 -9 -1 11 -11 13 21 -14 -3 -16 -2 -5 -10 -15 -13 -4 24 -8 26 -26 29 -29 -19
right_child=2 15 22 18 7 -7 23 8 19 10 -12 12 14 20 16 -17 -18 27 -20 -21 -22 -23 -24 -25 25 -27 -28 28 -30 -31
leaf_value=0.0090813548296567164 -0.0053172985029054506 0.014637565159035228 -0.014325457311364391 -0.017561384371516976 0.0037504804341676745 -0.074760915502613753 0.00037790201447066506 -0.042217875724009257 0.034468735603544055 -0.014375027945782833 -0.019498163128008242 -0.0072726525721119152 0.0004283528359861011 -0.033098028669819812 -0.0035715558455498872 0.21262498977178657 -0.054664732010559214 0.00089441291480311035 -0.04807993998535022 -0.011375877982606622 0.0068083063559945369 -0.030324596638732271 0.013576025437496426 0.018335286614182791 0.0019366984828663393 -7.9005499374329438e-05 0.0078348068888744113 0.0045246306635650943 0.008632330385628351 -0.0011316304188403602
leaf_weight=99 28 29 154 72 24 30 191 59 23 43 46 27 649 24 44 47 44 794 220 39 47 72 40 123 75 47 37 49 121 231
leaf_count=99 28 29 154 72 24 30 191 59 23 43 46 27 649 24 44 47 44 794 220 39 47 72 40 123 75 47 37 49 121 231
internal_value=-0.000694444 -0.00413597 0.00183047 -0.00513409 0.00278381 -0.00335556 0.00347877 -0.00534483 -0.0088843 -0.00285388 -0.00366466 -0.00305263 -0.00245314 -0.00852941 -0.00105156 0.0144737 -0.00965909 0.00202371 -0.0119863 0.0016129 -0.000352113 -0.0143939 -0.00721649 0.00724101 0.00542857 0.00990566 0.0142857 0.00236402 0.00705882 0.00158537
internal_weight=3528 1493 2035 1417 1841 1125 1696 145 121 1095 996 950 907 170 737 76 88 1223 292 62 71 99 194 473 350 159 112 1195 170 1025
internal_count=3528 1493 2035 1417 1841 1125 1696 145 121 1095 996 950 907 170 737 76 88 1223 292 62 71 99 194 473 350 159 112 1195 170 1025
is_linear=0
shrinkage=0.05


Tree=30
num_leaves=31
num_cat=0
split_feature=13 10 16 13 51 47 20 16 16 21 8 8 10 56 56 51 0 5 12 9 9 44 8 6 44 37 18 16 36 26
split_gain=13.1342 17.2868 12.6381 8.05707 6.61578 4.09493 4.01158 3.97586 6.32919 5.22905 3.64868 3.25176 3.59959 3.10408 2.91004 2.81643 2.64921 2.67609 4.63606 2.52 2.78905 4.62127 2.41762 2.29231 3.12768 2.26362 2.24359 2.24221 2.3921 2.65505
threshold=-0.17911110818386075 -14.415544986724852 1.1800000071525576 -0.70733332633972157 2.6380000114440922 0.73550978302955639 -15.930999755859373 0.85999998450279247 0.34000000357627874 1.0000000180025095e-35 0.36666667461395269 0.36666667461395269 -14.557687282562254 -1.0000000180025095e-35 0.16600000113248828 0.034500000998377807 0.059999998658895499 0.075000001117587103 0.61967638134956371 0.060181181877851493 0.43975645303726202 -1.0000000180025095e-35 0.36666667461395269 0.90000000596046459 -9.4999999999999982 -0.57539999485015858 0.76358386874198925 0.38000001013278967 -0.28485000133514399 1.1110000014305117
decision_type=2 2 2 2 2 2 2 2 2 2 2 2 2 2 2 2 2 2 2 2 2 2 2 2 2 2 2 2 2 2
left_child=1 10 3 22 6 13 -2 8 23 -9 -1 19 -13 27 -15 -16 -14 18 -18 -8 21 -21 -3 24 -7 -17 -22 28 -5 -30
right_child=4 2 -4 5 -6 7 11 9 -10 -11 -12 12 16 14 15 25 17 -19 -20 20 26 -23 -24 -25 -26 -27 -28 -29 29 -31
leaf_value=0.00049461728406863497 0.22286738805937381 -0.015200410415854005 -0.083876543012269794 -0.014339417960417284 0.033986378559929864 -0.016049632857573704 -0.015489581397251768 0.019511374491703721 -0.043848570821020033 -0.04134936607374174 0.0004169010778381185 -0.001304266507668253 -0.0028851910280647051 0.0099798551475304177 -0.0090960802859880365 0.022661853568707854 0.037406679407431712 0.0056579559495467035 -0.0045912157068093975 -0.0012780080931601614 -0.0030889768213547691 0.058921538740893925 -0.061351249972883749 -0.016051306779470472 0.0096429804961923951 0.0014939894528405496 0.01530157186739552 -0.020820043191229466 -0.0014402499514011141 0.017420195297254006
leaf_weight=94 26 53 103 92 193 209 50 57 161 26 140 53 91 75 43 24 40 686 186 79 185 52 145 88 162 103 34 77 150 41
leaf_count=94 26 53 103 92 193 209 50 57 161 26 140 53 91 75 43 24 40 686 186 79 185 52 145 88 162 103 34 77 150 41
internal_value=-0.000383741 -0.00329626 -0.00514295 -0.00398406 0.0028209 -0.00256116 0.00168691 -0.00515647 -0.00653226 0.00512048 0.00940171 0.00133929 0.00279356 0.000454545 0.00479592 0.00117647 0.00346461 0.00427632 -0.000442478 -0.0025 -0.001 0.00477099 -0.0133838 -0.00354031 -0.00181941 0.00492126 -0.00445205 -0.0025 -0.000441696 0.00274869
internal_weight=3518 1843 1609 1506 1675 1308 1482 703 620 83 234 1456 1056 605 245 170 1003 912 226 400 350 131 198 459 371 127 219 360 283 191
internal_count=3518 1843 1609 1506 1675 1308 1482 703 620 83 234 1456 1056 605 245 170 1003 912 226 400 350 131 198 459 371 127 219 360 283 191
is_linear=0
shrinkage=0.05


Tree=31
num_leaves=31
num_cat=0
split_feature=13 16 47 13 16 47 47 6 2 16 44 13 2 8 16 19 35 0 37 16 16 13 26 13 2 4 47 18 13 2
split_gain=11.1257 10.0011 9.03201 4.85879 8.08985 7.12934 5.03029 4.98186 4.01559 3.99332 4.02722 3.77175 5.87756 3.61579 3.47003 4.07029 3.36658 3.31114 3.28919 3.10756 3.01551 2.57613 3.12567 2.96637 2.9269 2.4276 2.43075 2.38288 3.28717 2.26021
threshold=-0.50733333826065052 0.29999999701976782 0.18551556766033175 -0.17911110818386075 0.97999998927116405 0.1725776866078377 0.43305194377899175 0.90000000596046459 0.43199999630451208 0.90000000596046459 -9.4999999999999982 -0.006000000284984707 0.18666666746139529 1.2333333492279055 0.21999999880790713 1.0000000180025095e-35 2.4202500581741337 0.25999999791383749 -1.1690000295639036 0.21999999880790713 0.97999998927116405 -0.49600000679492945 -1.0000000180025095e-35 -0.36599999666213984 0.58933332562446605 0.34000000357627874 0.11859622225165369 0.56034392118453991 -0.71177777647972096 0.34999999403953558
decision_type=2 2 2 2 2 2 2 2 2 2 2 2 2 2 2 2 2 2 2 2 2 2 2 2 2 2 2 2 2 2
left_child=1 2 -1 4 5 -2 14 9 11 10 18 12 -8 19 25 -16 -13 -9 -7 -12 29 22 -20 24 -23 26 -5 28 -3 -14
right_child=3 27 -4 6 -6 7 8 17 -10 -11 13 16 20 -15 15 -17 -18 -19 21 -21 -22 23 -24 -25 -26 -27 -28 -29 -30 -31
leaf_value=0.00046988641986520324 0.00083217655714370423 -0.0634297491220399 -0.028556864693198514 -0.0013186355202062772 -0.056701452378198049 -0.045207418971088507 -0.0012166991315700954 9.2618909158079943e-05 -0.0018628121555317638 0.024618169376963879 0.02049408381722867 0.064264128618329197 0.032014191876298573 0.012641761523241672 0.0036464373604293276 -0.0017243820898338988 -0.0012486714059621502 -0.025533325887075166 -0.01356582636040133 -0.0046865226963285446 -0.007200891205951113 -0.037602667105944114 0.016309624857250505 0.0014192899801985237 -0.0098426834888428079 0.001404331738647553 0.0079299701519142864 -0.088656045911498338 -0.013263725386545272 0.071186288950825752
leaf_weight=61 204 45 193 74 58 71 244 66 211 22 63 165 201 130 531 108 21 171 20 238 23 82 21 121 100 24 29 111 66 44
leaf_count=61 204 45 193 74 58 71 244 66 211 22 63 165 201 130 531 108 21 171 20 238 23 82 21 121 100 24 29 111 66 44
internal_value=-0.000454804 -0.00756303 -0.000787402 0.000657462 -0.0015545 -0.000744843 0.00246269 -0.00233032 0.004978 -0.000576037 -0.00112293 0.00680516 0.00458984 0.00226218 -0.000522193 0.000978091 0.0129032 -0.00875527 -0.00463855 -0.000747508 0.00970149 -0.00261628 0.00914634 -0.00420792 -0.00824176 -0.00807087 -0.0114078 -0.0153153 -0.0101351 0.0113265
internal_weight=3518 476 254 3042 1367 1309 1675 1105 909 868 846 698 512 431 766 639 186 237 415 301 268 344 41 303 182 127 103 222 111 245
internal_count=3518 476 254 3042 1367 1309 1675 1105 909 868 846 698 512 431 766 639 186 237 415 301 268 344 41 303 182 127 103 222 111 245
is_linear=0
shrinkage=0.05


Tree=32
num_leaves=31
num_cat=0
split_feature=13 10 20 56 2 8 44 53 51 13 14 35 9 28 13 14 9 13 4 3 8 13 14 14 44 45 13 2 13 9
split_gain=11.1083 11.871 4.36442 4.54132 3.8149 4.01751 3.35485 3.15663 3.05309 3.04224 3.0229 2.78592 2.78064 2.70922 2.59614 2.96058 5.5609 3.28199 6.117 5.50223 3.65044 2.5315 4.08011 3.65856 3.62355 2.44143 2.64548 3.50355 2.87039 2.35458
threshold=-0.50733333826065052 -14.557687282562254 -15.930999755859373 -0.30750000476837153 1.0805000066757204 0.36666667461395269 -6.4999999999999991 -1.4050000309944151 -0.43349999189376826 -0.49600000679492945 0.054166667163372047 0.62850001454353344 0.46050569415092474 2.3233499526977544 0.14199999719858172 0.38750000298023229 0.12809187918901446 -0.018000000156462189 0.25999999791383749 0.1726275831460953 1.1000000238418581 -0.14111111313104627 0.079166669398546233 0.15416666865348819 -2.4999999999999996 0.090333335101604476 -0.14111111313104627 0.53999999165534984 -0.33200000226497645 0.1235649697482586
decision_type=2 2 2 2 2 2 2 2 2 2 2 2 2 2 2 2 2 2 2 2 2 2 2 2 2 2 2 2 2 2
left_child=1 10 -2 6 5 11 25 12 13 -9 -1 -3 -5 -8 15 17 -17 19 20 -11 -19 23 -23 24 -21 26 27 28 -4 -25
right_child=2 4 3 7 -6 -7 8 9 -10 14 -12 -13 -14 -15 -16 16 -18 18 -20 21 -22 22 -24 29 -26 -27 -28 -29 -30 -31
leaf_value=0.00034971923015976529 0.20851081222548873 -0.018727847394237225 -0.036784671375301461 -0.023735844973307631 -0.091427285004308148 -0.036589543826792338 0.0033268422744976694 0.014392034323839883 -0.0058555116682363325 -0.0015512834278572374 0.00096448278038087159 0.021579627646602224 0.23758259056399231 -0.021403201010282903 -0.0010811652370009434 0.0023614242729994399 -0.0046155213941567715 0.022850351335706322 -0.0019034607716189339 0.0016257518909140178 0.062824641085343844 -0.00027807493552364321 0.041227744448688368 0.005403943428594982 -0.00088011886871303027 0.0048156583321385176 0.052175886908408908 -0.0098694896358774223 -0.014165211013281685 -0.004589246003627573
leaf_weight=33 26 46 96 78 104 242 439 23 107 396 27 24 20 23 102 38 95 99 101 243 92 72 155 41 41 54 22 236 172 271
leaf_count=33 26 46 96 78 104 242 439 23 107 396 27 24 20 23 102 38 95 99 101 243 92 72 155 41 41 54 22 236 172 271
internal_value=-0.000355316 -0.00745798 0.000756082 0.000580239 -0.0104567 -0.00769231 -0.00189295 0.0021023 0.000834798 0.00258621 0.0133333 0.00285714 -0.00663265 0.0025974 0.00234822 0.00282847 -0.00432331 0.00345797 0.00821918 0.00231747 0.0134817 0.00464763 0.00914097 0.00293624 0.00704225 -0.00456897 -0.00560837 -0.00634921 -0.0102612 -0.000801282
internal_weight=3518 476 3042 3016 416 312 1149 1867 569 1769 60 70 98 462 1746 1644 133 1511 292 1219 191 823 227 596 284 580 526 504 268 312
internal_count=3518 476 3042 3016 416 312 1149 1867 569 1769 60 70 98 462 1746 1644 133 1511 292 1219 191 823 227 596 284 580 526 504 268 312
is_linear=0
shrinkage=0.05


Tree=33
num_leaves=31
num_cat=0
split_feature=18 56 44 13 18 0 26 9 13 14 14 0 10 20 51 45 11 18 28 36 18 35 18 10 44 9 44 50 21 44
split_gain=9.23958 6.55408 9.58076 6.12136 4.22751 5.07765 3.96292 4.71968 5.07239 4.69293 3.65835 3.38438 3.26311 3.22318 3.80733 3.04808 2.97265 2.92819 2.82021 2.75618 2.67058 3.8182 3.01747 3.00958 2.54569 2.45632 2.25542 5.48963 2.82009 2.37337
threshold=0.71116051077842724 -1.9690000414848325 84.500000000000014 -0.34533333778381342 0.46417459845542913 0.97999998927116405 -0.096750002354383455 0.43975645303726202 -0.018000000156462189 0.054166667163372047 0.054166667163372047 0.1799999997019768 -9.7515797615051252 -1.114750027656555 -0.798000007867813 -2.0748332738876338 -0.028046655468642708 0.51629504561424266 0.82995000481605541 2.9895000457763676 0.38718412816524511 -0.22874999791383741 0.39982716739177709 -9.0629258155822736 -3.4999999999999996 0.06804173439741136 -1.4999999999999998 1.0000000180025095e-35 1.0000000180025095e-35 1.0000000180025095e-35
decision_type=2 2 2 2 2 2 2 2 2 2 2 2 2 2 2 2 2 2 2 2 2 2 2 2 2 2 2 2 2 2
left_child=1 2 4 -2 -1 13 19 8 9 11 -9 -8 -10 15 -15 -6 -12 -18 -5 25 21 -11 -22 -24 -25 -3 28 29 -27 -28
right_child=3 6 -4 18 5 -7 7 10 12 20 16 -13 -14 14 -16 -17 17 -19 -20 -21 22 -23 23 24 -26 26 27 -29 -30 -31
leaf_value=-0.036375966253490433 -0.068612197727958457 -0.0035725003502873331 0.19875845128995914 9.260348995347793e-05 -0.046651357666335408 -0.04704437109976535 -0.0018505060236542401 -0.0034769944292827103 -9.1130476455147935e-05 0.019435456789719044 -0.00029304089267066156 0.0010491679729062666 0.041842557333454725 -0.028311695298117195 0.041855531571649555 0.01108097019997503 0.024219836762958597 -0.00063456191897970143 -0.021438309807180075 -0.013668030842234913 -0.043587001986609988 0.0011377785395432858 -0.00038406729589996543 5.7284027447701558e-05 0.026731903816368918 0.0016327288176590405 0.0025267531385776906 0.017893006817151103 -0.0077134509126438114 -0.0049121559495122306
leaf_weight=103 106 103 41 122 24 112 32 148 37 41 178 160 130 162 31 140 67 49 24 38 28 174 566 41 43 363 39 129 246 41
leaf_count=103 106 103 41 122 24 112 32 148 37 41 178 160 130 162 31 140 67 49 24 38 28 174 566 41 43 363 39 129 246 41
internal_value=-0.000497442 0.000214329 -0.00444535 -0.00972222 -0.00611888 -0.00410448 0.00129099 0.00274498 0.0043131 0.00306452 -0.00169683 0.0101563 0.0124251 -0.00119048 -0.00556995 0.00396341 0.00153061 0.00775862 -0.00308219 -0.00127737 0.00153975 0.00639535 0 0.000692308 0.00952381 -0.000732899 0.000183374 0.00466507 -0.00135468 -0.005625
internal_weight=3518 3266 613 252 572 469 2653 1694 1252 1085 442 192 167 357 193 164 294 116 146 959 893 215 678 650 84 921 818 209 609 80
internal_count=3518 3266 613 252 572 469 2653 1694 1252 1085 442 192 167 357 193 164 294 116 146 959 893 215 678 650 84 921 818 209 609 80
is_linear=0
shrinkage=0.05


Tree=34
num_leaves=31
num_cat=0
split_feature=16 13 44 51 8 20 51 26 9 36 16 16 9 18 18 14 9 51 14 16 17 56 51 26 36 28 13 18 10 5
split_gain=9.73608 9.3977 7.20403 7.03055 5.65578 4.84715 3.85707 5.33561 3.06539 3.04493 2.90254 3.97185 2.61884 2.56512 2.78833 3.70914 3.8787 3.13404 3.21369 3.34112 4.2051 3.23902 3.04218 3.80249 2.73595 2.68313 2.98046 2.74495 3.09643 2.562
threshold=1.1800000071525576 -0.12199999764561652 -13.499999999999998 -1.4695000052452085 0.36666667461395269 -15.930999755859373 1.028500020503998 4.5662500858306894 0.2052717208862305 0.80109998583793651 0.25999999791383749 0.85999998450279247 0.21550978720188144 0.1872857138514519 0.48739683628082281 0.029166667722165588 0.55445221066474926 -5.6860001087188712 0.070833336561918273 0.21999999880790713 0.29166667163372045 -2.098999977111816 -0.49750000238418574 -0.34675000607967371 -0.64829999208450306 -0.26285000145435328 0.041999999433755882 0.2853889018297196 -9.5350356101989728 0.17500000074505809
decision_type=2 2 2 2 2 2 2 2 2 2 2 2 2 2 2 2 2 2 2 2 2 2 2 2 2 2 2 2 2 2
left_child=2 8 3 10 -5 -4 13 9 -2 -8 12 -12 -1 -7 15 16 -15 -17 19 20 -19 -20 23 -16 -23 27 -27 -26 -29 -3
right_child=1 29 5 4 -6 6 7 -9 -10 -11 11 -13 -14 14 22 17 -18 18 21 -21 -22 24 -24 -25 25 26 -28 28 -30 -31
leaf_value=0.0064794891989952809 -0.010097087339663226 -0.015149186210887408 0.19300426311908159 0.0011531609551480298 -0.0070286579074238104 0.026111008751486416 0.01245228138518506 -0.0041097551012337146 -0.077689401885819118 -0.012511988137592151 -0.065801078333046756 0.0027052489387061618 -0.040648624404601909 0.017183986052346133 0.0032530794743201984 0.12814809554470849 -0.0067792077825770446 0.00047505828029374979 -0.025110522277202757 -0.025355280080016113 -0.002945389539411908 0.0092088193988526853 0.00093546200615682643 -0.0098208567610300924 -0.012027849526677448 0.0008839763955479585 -0.011801046441232671 -0.0033618923346512178 0.010503411887025431 0.0040009681907699768
leaf_weight=53 20 36 25 70 148 29 501 53 98 75 128 31 55 140 379 21 39 32 64 100 21 81 483 255 77 281 24 84 56 59
leaf_count=53 20 36 25 70 148 29 501 53 98 75 128 31 55 140 379 21 39 32 64 100 21 81 483 255 77 281 24 84 56 59
internal_value=-0.000554292 -0.0109155 0.000113464 -0.00551546 0.00114679 0.00108156 0.00088551 0.00433227 -0.020339 0.00572917 -0.0109551 -0.0152516 -0.00462963 -0.00011542 -0.000315863 -0.00220588 0.00432961 -0.00359691 -0.00408537 -0.0106209 -0.000471698 -0.00258621 0.00141003 -0.000867508 -0.00145108 -0.00277778 0.000245902 -0.00702765 -0.00285714 0.000789474
internal_weight=3518 213 3305 485 218 2820 2795 629 118 576 267 159 108 2166 2137 1020 179 841 820 153 53 667 1117 634 603 522 305 217 140 95
internal_count=3518 213 3305 485 218 2820 2795 629 118 576 267 159 108 2166 2137 1020 179 841 820 153 53 667 1117 634 603 522 305 217 140 95
is_linear=0
shrinkage=0.05


Tree=35
num_leaves=31
num_cat=0
split_feature=16 13 4 8 35 9 36 51 12 12 12 26 18 18 14 16 14 14 9 10 18 9 13 11 16 47 10 37 44 9
split_gain=11.2169 7.46328 6.94302 6.36869 5.81487 4.70397 3.98977 3.46681 3.11386 3.42616 3.87198 4.50747 3.41604 6.72527 4.27161 5.55967 4.23547 3.91852 3.67334 3.25251 2.94764 2.89805 2.8969 2.78715 2.66818 2.64544 2.62238 2.56423 2.49417 3.82273
threshold=1.1800000071525576 -0.12199999764561652 0.85999998450279247 0.36666667461395269 -12.266499996185301 0.17762529850006106 2.9895000457763676 -1.4695000052452085 4.9951920509338388 0.88329482078552257 3.2995767593383794 0.087999999523162856 0.39699682593345648 0.52422222495079052 0.19583333283662799 0.21999999880790713 0.22083333134651187 0.30416667461395269 0.32656311988830572 -16.02420616149902 0.76358386874198925 0.083457935601472868 -0.71177777647972096 0.018459099344909195 0.38000001013278967 0.42346653342247015 -9.2220683097839338 -0.29504999518394465 -12.499999999999998 0.76149612665176403
decision_type=2 2 2 2 2 2 2 2 2 2 2 2 2 2 2 2 2 2 2 2 2 2 2 2 2 2 2 2 2 2
left_child=2 5 4 7 -1 -2 8 -4 9 12 23 19 16 14 15 25 -6 -18 26 -12 -3 -10 -5 -11 -13 -14 27 -16 29 -23
right_child=1 20 3 22 6 -7 -8 -9 21 10 11 24 13 -15 18 -17 17 -19 -20 -21 -22 28 -24 -25 -26 -27 -28 -29 -30 -31
leaf_value=0.20309185794903151 0.0020050796217274017 -0.0065071906555572382 -0.022238989313620585 -0.061072092690941229 0.02246182323945093 -0.066965184748405002 -0.0084573498428245509 0.00032967463841080021 -0.0067526851373633668 -0.0087753770881800371 -0.00093720067203194074 0.010137126574276401 -0.00050786304823288036 0.0044564652711280755 -0.020234812880836978 -0.013288762692570838 -0.021129314617484476 0.0061742006944130127 0.017505716071683799 -0.0001470654729918494 0.010952066025499042 -0.011498446615070025 -0.01456996899248757 -0.00083442976537141395 -0.0025103108103449374 0.013302063759775438 0.0081701924081516667 0.0024129872551993561 0.013149678392447345 0.006745289131219051
leaf_weight=25 20 41 35 123 244 102 93 55 21 273 47 174 26 418 34 292 48 60 29 330 47 44 103 291 45 56 59 40 348 20
leaf_count=25 20 41 35 123 244 102 93 55 21 273 47 174 26 418 34 292 48 60 29 330 47 44 103 291 45 56 59 40 348 20
internal_value=-0.000458651 -0.0116667 0.000247525 -0.0068038 0.000986079 -0.0196721 0.000785428 0.00444444 0.00111245 0.000425791 -0.00155172 0.00125839 0.00218224 0.000628931 -0.00307836 -0.00601604 0.00639205 -0.00185185 0.0037037 -0.0020557 -0.000568182 0.00502309 -0.0112832 -0.00452128 0.00696347 0.0054878 0.00018797 -0.00608108 0.0059466 -0.003125
internal_weight=3543 210 3333 316 3017 122 2992 90 2899 2466 1160 596 1306 954 536 374 352 108 162 377 88 433 226 564 219 82 133 74 412 64
internal_count=3543 210 3333 316 3017 122 2992 90 2899 2466 1160 596 1306 954 536 374 352 108 162 377 88 433 226 564 219 82 133 74 412 64
is_linear=0
shrinkage=0.05


Tree=36
num_leaves=31
num_cat=0
split_feature=4 35 18 13 56 45 15 10 13 13 18 12 12 18 35 10 12 26 37 6 50 56 20 53 15 18 44 11 4 4
split_gain=7.76377 5.41797 4.092 4.78008 3.68946 5.83855 3.45193 4.26306 3.85031 2.99047 2.77168 2.69268 3.20085 2.47696 2.4731 2.44464 2.23351 2.70191 2.8701 2.83658 2.5 2.33855 2.43248 2.22966 2.20021 4.69035 3.23845 4.46611 3.02961 3.02324
threshold=0.71999999880790722 -12.266499996185301 0.74266666173934948 -0.12199999764561652 4.425999879837037 0.70216664671897899 0.5000000149011613 -10.652754783630369 -0.78000000119209278 -0.2357777804136276 0.62426853179931652 5.2781600952148446 0.85510832071304332 0.37905555963516241 0.10524999722838403 -10.772700786590574 3.2995767593383794 0.18874999880790713 0.35924999415874487 0.55000001192092907 2.5000000000000004 -0.79049998521804798 -0.74925002455711354 -7.2849998474121085 0.56666669249534618 0.39070588350296026 -6.4999999999999991 0.010200286749750377 0.34000000357627874 0.21999999880790713
decision_type=2 2 2 2 2 2 2 2 2 2 2 2 2 2 2 2 2 2 2 2 2 2 2 2 2 2 2 2 2 2
left_child=1 -1 4 -4 5 11 8 -8 -2 -7 15 12 24 -6 -11 -10 21 20 -19 -20 -18 22 -14 -15 26 -26 27 -3 -27 -28
right_child=6 2 3 -5 13 9 7 -9 10 14 -12 -13 16 23 -16 -17 17 18 19 -21 -22 -23 -24 -25 25 28 29 -29 -30 -31
leaf_value=0.18926805144231829 -0.074355483936386982 -0.011009467074209391 -0.038373088708652137 0.0032533164799565251 0.0023151666837700202 0.00069921599500525071 0.00030534346532506875 -0.013061820538058128 -0.024516489257022839 0.0059076034376497697 -0.04377433871114516 0.0060006372131815354 -0.0035284082848036943 0.012132017835189988 0.056211698445129792 0.0067371313756661062 -0.00088487293296268896 0.0090397194148045482 0.0055255631139678931 -0.007663278998759019 0.017866803706360752 -0.00087781912020979476 -0.026442715475020463 -0.012471560367469998 0.019925491231306231 -0.008031292028862505 0.0026459062265515145 0.011145850168847411 2.8925818646342557e-05 0.015957361837839794
leaf_weight=26 89 171 54 25 43 77 50 149 40 44 62 260 105 24 114 72 440 83 47 69 44 328 96 82 147 150 231 112 165 144
leaf_count=26 89 171 54 25 43 77 50 149 40 44 62 260 105 24 114 72 440 83 47 69 44 328 96 82 147 150 231 112 165 144
internal_value=-0.000557437 0.000348913 0.000155483 -0.0110759 0.000453629 0.0008578 -0.00660173 -0.00163317 -0.0103612 0.00840426 -0.00603448 0.000173611 -0.000364494 -0.00721477 0.0123418 -0.00133929 -0.00214521 -0.000256223 0.00464824 -0.000431034 -0.00227273 -0.00458412 -0.00883085 -0.0113208 0.0015625 -0.00108225 0.00341945 -0.000618375 -0.00452381 0.00646667
internal_weight=3543 3081 3055 79 2976 2827 462 199 263 235 174 2592 2332 149 158 112 1212 683 199 116 484 529 201 106 1120 462 658 283 315 375
internal_count=3543 3081 3055 79 2976 2827 462 199 263 235 174 2592 2332 149 158 112 1212 683 199 116 484 529 201 106 1120 462 658 283 315 375
is_linear=0
shrinkage=0.05


Tree=37
num_leaves=31
num_cat=0
split_feature=16 13 13 35 9 53 10 45 13 3 18 21 28 9 13 18 12 35 9 46 16 35 37 56 14 18 18 45 18 53
split_gain=8.93537 7.39068 6.46371 6.04124 4.75442 4.40523 4.1503 3.54186 3.73953 3.72063 2.89782 2.7277 2.77599 2.55631 4.44054 2.18036 3.37879 2.11142 2.10438 2.04431 2.10519 2.25911 2.13333 2.11061 2.01901 1.94261 2.47475 2.01435 2.19872 2.37379
threshold=1.1800000071525576 -0.12199999764561652 -0.85111111402511586 -12.266499996185301 0.20006661117076877 -2.3235000371932979 -13.379331588745115 0.50200000405311596 -0.018000000156462189 0.15365386754274371 0.76358386874198925 1.0000000180025095e-35 0.72410002350807201 0.37500905990600591 0.021999999880790714 0.20960185676813128 5.1792669296264657 0.41750000417232519 0.58453398942947399 -0.14083333313465116 0.21999999880790713 1.0000000180025095e-35 0.78599998354911815 -0.55900001525878895 0.27083334326744085 0.6712261736392976 0.71116051077842724 -0.88108330965042103 0.62588888406753551 -0.80050000548362721
decision_type=2 2 2 2 2 2 2 2 2 2 2 2 2 2 2 2 2 2 2 2 2 2 2 2 2 2 2 2 2 2
left_child=2 4 6 -4 -2 11 -1 9 15 13 -3 12 -5 14 17 -9 -17 -7 -13 20 23 -22 -23 -11 -10 27 -27 -21 -29 -30
right_child=1 10 3 5 -6 7 -8 8 24 19 -12 18 -14 -15 -16 16 -18 -19 -20 25 21 22 -24 -25 -26 26 -28 28 29 -31
leaf_value=7.3488592033159596e-05 0.00026155385625905583 -0.0080566566881417178 0.18347386247946398 -0.00012031705977330609 -0.063875837873310887 -0.0020065881878149204 -0.071122352125254487 -0.0091810202580227592 0.00032431045070503402 0.015373561188762031 0.010735386530154168 -0.032329179313330791 -0.047683256496771957 -0.0036345987967650903 0.036751513628803092 0.0016533759625966373 0.02506041012282878 -0.016160592352315383 0.0026572282028816396 0.031228405544607915 -0.0079387466134847821 0.010957011882067274 -0.01285592001259118 -0.0017349023270099139 0.058239373157712652 0.0092421530533580848 0.00026225823494659475 0.0006558778075837049 -0.03512744119367283 9.6322180913953649e-05
leaf_weight=21 25 41 25 312 97 268 65 23 45 92 47 107 38 58 34 286 56 37 30 38 258 66 55 41 41 36 30 1210 26 35
leaf_count=21 25 41 25 312 97 268 65 23 45 92 47 107 38 58 34 286 56 37 30 38 258 66 55 41 41 36 30 1210 26 35
internal_value=-0.000472763 -0.0104762 0.000157516 0.000515861 -0.0184426 0.000325885 -0.0133721 0.00110603 0.00515521 0.00030648 0.000568182 -0.00405544 -0.00171429 -0.0040932 -0.00243363 0.00294521 0.00394737 -0.00434426 -0.0100365 0.00123211 -0.00146484 -0.00336412 0.00227273 0.00394737 0.0145349 0.00223636 0.0106061 0.00181436 0.00147522 -0.00778689
internal_weight=3543 210 3333 3247 122 3222 86 2735 451 2284 88 487 350 397 339 365 342 305 137 1887 512 379 121 133 86 1375 66 1309 1271 61
internal_count=3543 210 3333 3247 122 3222 86 2735 451 2284 88 487 350 397 339 365 342 305 137 1887 512 379 121 133 86 1375 66 1309 1271 61
is_linear=0
shrinkage=0.05


Tree=38
num_leaves=31
num_cat=0
split_feature=16 13 35 53 13 12 45 3 13 17 16 16 8 13 14 18 36 56 45 21 18 18 18 18 51 26 14 35 12 14
split_gain=9.54733 6.9555 6.1582 6.2601 5.87101 3.91107 3.12562 3.94408 3.64796 4.2823 3.06083 4.74755 3.23019 2.81999 2.6661 2.56876 2.5144 2.3581 2.58502 2.35726 2.34638 3.05753 2.77276 2.93655 2.43527 2.74009 2.26863 2.22748 2.16791 2.77973
threshold=1.1800000071525576 -0.12199999764561652 -12.266499996185301 -1.5345000028610227 -0.85111111402511586 4.3605179786682138 0.37216667830944067 0.15365386754274371 -0.08485714346170424 0.54166665673255932 0.85999998450279247 0.34000000357627874 1.4333333373069765 -0.15349999815225598 0.26250000298023229 0.76358386874198925 -0.080899998545646654 -4.0775001049041739 -0.59516665339469899 -1.0000000180025095e-35 0.43116666376590734 0.34203462302684789 0.53991535305976879 0.60763701796531688 -2.2840000391006465 -0.57074999809265126 0.12083333358168603 -1.4290000200271604 4.8362126350402841 0.27916666865348821
decision_type=2 2 2 2 2 2 2 2 2 2 2 2 2 2 2 2 2 2 2 2 2 2 2 2 2 2 2 2 2 2
left_child=2 5 -1 4 -4 -2 7 19 9 16 11 12 20 14 -13 -3 -8 -12 27 26 21 -6 -22 -24 25 -25 -5 -19 29 -18
right_child=1 15 3 6 10 -7 8 -9 -10 -11 17 13 -14 -15 -16 -17 28 18 -20 -21 22 -23 23 24 -26 -27 -28 -29 -30 -31
leaf_value=0.17430016935549084 -0.057809313452839572 -0.0076538238537346322 -0.075724875627470961 -0.0070983851089828137 -0.02506143284641258 0.0015916501982971899 -0.0077956990135273664 0.00028458627249647919 0.020897172969249811 -0.010607605632550983 -0.0096031734531526192 -0.064463715322976692 0.01474923871269187 0.015728563868617929 -0.013831502488269011 0.010198617203646461 0.016174271150966091 -0.0014749998770883595 -0.017790148686769366 -0.0045641507698263193 -0.023400428790947517 0.03010726726135405 0.017925208131935832 0.008381888423994989 -0.03551316106095935 -0.035526426085899912 0.001297140427399006 0.015759966535426568 0.023807389616687342 -0.0064289377123816025
leaf_weight=25 101 41 48 41 21 21 69 1625 228 53 40 88 36 20 35 47 114 33 26 186 121 47 77 43 20 29 126 70 48 64
leaf_count=25 101 41 48 41 21 21 69 1625 228 53 40 88 36 20 35 47 114 33 26 186 121 47 77 43 20 29 126 70 48 64
internal_value=-0.000373977 -0.0107143 0.000277528 9.06892e-05 -0.00391247 -0.0184426 0.00127251 0.000328615 0.00451389 0.0012931 -0.00276204 -0.00460894 -0.00177665 -0.0124126 -0.0152439 0 0.00364407 0.00310651 0.00639535 -0.00446176 -0.00321229 0.00514706 -0.00517241 -0.0010355 -0.00706522 -0.00277778 -0.000149701 0.00995146 0.00619469 0.00365169
internal_weight=3543 210 3333 3308 754 122 2554 1978 576 348 706 537 394 143 123 88 295 169 129 353 358 68 290 169 92 72 167 103 226 178
internal_count=3543 210 3333 3308 754 122 2554 1978 576 348 706 537 394 143 123 88 295 169 129 353 358 68 290 169 92 72 167 103 226 178
is_linear=0
shrinkage=0.05


Tree=39
num_leaves=31
num_cat=0
split_feature=16 13 20 13 14 0 56 56 5 26 18 11 50 0 56 3 18 10 51 16 16 37 53 10 14 10 18 18 0 14
split_gain=8.15302 6.13868 5.97892 4.90907 5.64553 3.76816 2.60677 4.38806 2.55223 2.33719 2.19654 2.12211 2.0489 2.40535 2.35308 2.8378 2.33845 4.4145 2.67871 3.08297 2.74768 2.71539 2.71493 2.39736 1.97068 1.95362 3.09105 2.25091 2.41861 2.38196
threshold=1.1800000071525576 -0.14449999481439588 -14.511000156402586 -0.78000000119209278 0.095833335071802153 0.49999998509883886 5.8415000438690194 0.59850001335144054 0.52500000596046459 0.20300000160932544 0.76358386874198925 0.020447318442165855 2.5000000000000004 0.059999998658895499 -1.9690000414848325 0.49050766229629522 0.46396824717521673 -10.566741466522215 -0.798000007867813 0.49999998509883886 0.38000001013278967 -1.010900020599365 -2.8479999303817745 -11.36375856399536 0.054166667163372047 -8.9300961494445783 0.45883789658546453 0.50072485208511364 0.58000001311302196 0.17083333432674411
decision_type=2 2 2 2 2 2 2 2 2 2 2 2 2 2 2 2 2 2 2 2 2 2 2 2 2 2 2 2 2 2
left_child=2 5 -1 4 -4 -2 7 12 25 -10 -3 -11 13 -5 15 16 17 -15 19 20 21 22 -18 -23 -8 27 -27 -9 29 -29
right_child=1 10 3 6 -6 -7 24 8 9 11 -12 -13 -14 14 -16 -17 18 -19 -20 -21 -22 23 -24 -25 -26 26 -28 28 -30 -31
leaf_value=0.14584735290181233 0.0015120676883823238 -0.0073349574431202215 5.5584848806677656e-05 -0.0060860189261226841 -0.060961621588991093 -0.061745678263377818 -0.0066793515876915959 0.0060160742410068262 0.0051895825048121069 0.00062564594021389261 0.0051948338140488494 0.029815077454324726 0.015270277426352941 0.026807852259342076 0.00012296307562683259 -0.037715752292214244 -0.009520082632178406 -0.036185957383525938 0.051809964921954221 0.0046127207478337973 -0.081030112527057163 -0.051872464059406986 -0.032865430447734226 0.0038330201328861282 -0.006409986935413026 0.00085337564394024625 0.029837020926981657 -0.04848283868495297 0.0072830573809533772 -0.0041314557101226144
leaf_weight=35 21 46 60 72 82 92 29 220 87 23 51 76 114 20 1689 37 26 58 33 118 26 25 25 88 99 101 66 20 38 66
leaf_count=35 21 46 60 72 82 92 29 220 87 23 51 76 114 20 1689 37 26 58 33 118 26 25 25 88 99 101 66 20 38 66
internal_value=-0.000444539 -0.01 0.000157516 -6.06428e-05 -0.00915493 -0.0179204 0.000348542 0.000643989 0.00412482 0.00913978 -0.000773196 0.0143939 -0.000396825 -0.000732972 -0.000431235 -0.00361842 -0.0024463 -0.0102564 -0.000659824 -0.00211039 -0.00605263 -0.00365854 -0.0132353 0.000663717 -0.00664063 0.00229941 0.00673653 0.000145349 -0.00524194 -0.00988372
internal_weight=3543 210 3333 3298 142 113 3156 3028 697 186 97 99 2331 2217 2145 456 419 78 341 308 190 164 51 113 128 511 167 344 124 86
internal_count=3543 210 3333 3298 142 113 3156 3028 697 186 97 99 2331 2217 2145 456 419 78 341 308 190 164 51 113 128 511 167 344 124 86
is_linear=0
shrinkage=0.05


Tree=40
num_leaves=31
num_cat=0
split_feature=13 8 51 17 5 0 14 14 14 12 46 13 9 14 2 9 0 12 46 9 13 35 44 13 8 0 14 10 2 44
split_gain=6.065 4.9286 4.71195 4.02449 2.90198 3.55436 2.84266 2.62082 4.03656 3.23588 3.53603 2.79134 3.43649 3.84029 2.58062 2.78545 2.72295 2.37176 2.61713 2.53992 2.307 3.01391 2.13334 2.0422 3.30262 2.22886 2.11441 2.94343 2.575 3.50234
threshold=-0.55577778816223133 0.5000000149011613 -31.836999893188473 0.29166667163372045 0.27500000596046453 0.25999999791383749 0.38750000298023229 0.087500002235174193 0.029166667722165588 0.39334905147552496 -0.13483333587646482 0.021999999880790714 0.32656311988830572 0.37916666269302374 0.11800000444054605 0.051944684237241752 0.1799999997019768 0.3019044697284699 0.074833333492279067 0.072159029543399825 -0.17911110818386075 -0.18275000154972074 -18.499999999999996 -0.1858333349227905 1.3666666746139529 0.38000001013278967 0.16250000149011615 -9.8317570686340314 0.51800000667572033 -7.4999999999999991
decision_type=2 2 2 2 2 2 2 2 2 2 2 2 2 2 2 2 2 2 2 2 2 2 2 2 2 2 2 2 2 2
left_child=1 3 -2 -1 5 -4 23 8 -6 -10 -11 14 13 -13 15 -9 -17 -16 -19 -20 21 -21 -3 26 25 -25 27 -7 -28 -30
right_child=2 22 4 -5 7 6 -8 11 9 10 -12 12 -14 -15 17 16 -18 18 19 20 -22 -23 -24 24 -26 -27 28 -29 29 -31
leaf_value=0.00023723633933010353 0.12884115711799105 -0.059646764232520626 0.016073697861578591 -0.067996329112071194 0.0021753609808456203 0.00093555136886392743 -0.014296332271138341 0.00071195883686273054 -0.042844962229697942 0.028054132121105347 -0.00099835799978291212 0.059648634093849268 -0.0014497370327146821 -0.00083958447793265199 0.0082034725368964681 -0.010714663904163424 0.00022765726666413856 0.0002203475231146084 -0.014014641441380716 0.010934703620828601 0.017448260418840601 -0.0051009952182929424 -0.024049414144050731 0.031090953348041035 0.029475154417534895 -0.0018563059214388973 -0.022646319821088251 -0.010632679411504664 -0.01830726431561509 0.015298360822038424
leaf_weight=144 23 100 67 38 217 162 87 87 63 40 133 54 41 20 42 95 41 712 24 81 182 123 132 54 63 281 91 125 212 31
leaf_count=144 23 100 67 38 217 162 87 87 63 40 133 54 41 20 42 95 41 712 24 81 182 123 132 54 63 281 91 125 212 31
internal_value=-0.000469846 -0.00615942 0.00027769 0 0.000111893 -0.00185422 -0.00253165 0.00129156 -0.00204194 -0.0065678 -0.00303468 0.00229694 0.00978261 0.0162162 0.00167628 -0.00325112 -0.00772059 0.00262027 0.0021836 0.00536585 0.00634715 0.00269608 -0.0109914 -0.00179097 0.00100503 -0.000970149 -0.00358293 -0.00043554 -0.00628743 -0.00360082
internal_weight=3565 414 3151 182 3128 1173 1106 1955 453 236 173 1502 115 74 1387 223 136 1164 1122 410 386 204 232 1019 398 335 621 287 334 243
internal_count=3565 414 3151 182 3128 1173 1106 1955 453 236 173 1502 115 74 1387 223 136 1164 1122 410 386 204 232 1019 398 335 621 287 334 243
is_linear=0
shrinkage=0.05


Tree=41
num_leaves=31
num_cat=0
split_feature=16 13 51 56 44 16 46 19 14 9 13 9 16 2 13 2 2 14 14 14 44 20 53 2 44 9 14 16 16 13
split_gain=7.25159 5.38425 5.17655 4.98695 8.16002 3.62092 4.74986 2.94858 3.59701 2.83878 4.71065 3.99282 4.84169 3.97391 7.01626 4.43537 4.33659 3.85992 3.07539 4.40368 3.00199 2.80909 2.78278 2.68652 2.60921 2.60648 2.46151 2.44884 4.68557 4.82462
threshold=1.1800000071525576 0.03314285725355149 1.1044999957084658 -1.9690000414848325 86.500000000000014 0.21999999880790713 0.10716666653752328 1.0000000180025095e-35 0.37083333730697637 1.5713990926742556 -0.018000000156462189 0.42461432516574865 0.34000000357627874 0.18666666746139529 -0.14111111313104627 0.5000000149011613 0.43199999630451208 0.22083333134651187 0.22083333134651187 0.19583333283662799 -5.4999999999999991 -0.98925000429153431 -3.7760000228881831 0.27400000393390661 -6.4999999999999991 0.13468468189239505 0.27083334326744085 0.38000001013278967 0.53999999165534984 -0.36599999666213984
decision_type=2 2 2 2 2 2 2 2 2 2 2 2 2 2 2 2 2 2 2 2 2 2 2 2 2 2 2 2 2 2
left_child=3 2 -2 4 5 -1 -7 8 9 10 13 26 -13 18 16 23 17 24 19 -5 27 -8 -23 -16 -15 -26 -12 -18 -29 -30
right_child=1 -3 -4 7 -6 6 21 -9 -10 -11 11 12 -14 14 15 -17 20 -19 -20 -21 -22 22 -24 -25 25 -27 -28 28 29 -31
leaf_value=0.0072578087370746202 -0.050700047687726048 0.022920438348139477 0.00074649232787593178 -0.0018366187950126477 0.13747523195751007 -0.021595861720848201 0.017657891685536265 -0.0025755311492091631 0.017355723362419629 -0.00088569742774936811 0.018035849893298081 -0.0019636383137096531 0.20718373985130292 -0.0098150827549356237 0.024423096842211042 -0.0024766962815701305 0.00075108368618352812 -0.012280542062822497 -0.0088605041507278052 0.011661130171388704 0.016976669446558991 0.0012711467465051224 -0.037342063846440988 0.065461178288216446 0.0049834197630701845 -0.001001825050823732 0.045606223552225114 -0.030636008063803913 -0.012570160103028234 0.030250059141059084
leaf_weight=106 126 34 48 196 33 391 57 152 86 61 131 94 31 108 107 64 713 153 147 34 67 20 26 130 124 86 87 88 40 25
leaf_count=106 126 34 48 196 33 391 57 152 86 61 131 94 31 108 107 64 713 153 147 34 67 20 26 130 124 86 87 88 40 25
internal_value=-0.000315568 -0.009375 -0.012931 0.000245755 -0.00375197 -0.00508333 -0.00688259 0.00117474 0.00157465 0.00122687 0.00149485 0.0069242 -0.0002 0.000600384 0.00162757 0.00855482 0.00014245 -0.00376858 -0.00404509 -0.000434783 0.00211683 0.0026699 -0.00652174 0.0117089 -0.000628931 0.00261905 0.0110092 0.00132794 -0.00441176 0.00576923
internal_weight=3565 208 174 3357 633 600 494 2724 2572 2486 2425 343 125 2082 1705 301 1404 471 377 230 933 103 46 237 318 210 218 866 153 65
internal_count=3565 208 174 3357 633 600 494 2724 2572 2486 2425 343 125 2082 1705 301 1404 471 377 230 933 103 46 237 318 210 218 866 153 65
is_linear=0
shrinkage=0.05


Tree=42
num_leaves=31
num_cat=0
split_feature=16 13 56 44 9 16 16 14 13 14 18 8 9 18 14 13 11 2 44 14 14 2 14 36 46 2 44 16 12 12
split_gain=5.31693 7.07907 4.93863 8.10685 3.74219 3.54931 4.74222 3.33737 3.60536 4.90867 3.28099 3.04695 2.81849 2.81484 2.74846 4.10194 3.17864 2.96447 5.42571 3.63426 3.58601 3.24543 2.92099 3.65123 2.59387 2.58502 3.20336 3.43733 2.5817 3.68137
threshold=1.1800000071525576 -0.14449999481439588 -1.9690000414848325 86.500000000000014 0.2025590315461159 0.21999999880790713 0.85999998450279247 0.079166669398546233 -0.48000000417232508 0.029166667722165588 0.2853889018297196 1.5000000000000002 1.0003445744514468 0.76358386874198925 0.42083333432674414 0.021999999880790714 -0.024408047087490555 0.14355555921792987 -1.4999999999999998 0.40416666865348821 0.16250000149011615 0.51800000667572033 0.22083333134651187 1.0000000180025095e-35 -0.20749999582767484 0.53999999165534984 -9.4999999999999982 0.29999999701976782 4.9661054611206064 5.5756051540374765
decision_type=2 2 2 2 2 2 2 2 2 2 2 2 2 2 2 2 2 2 2 2 2 2 2 2 2 2 2 2 2 2
left_child=2 4 3 5 -2 -1 11 8 -4 10 -10 25 -12 -3 15 17 -17 22 20 21 -19 -20 -9 -24 -8 -7 27 -27 -22 -30
right_child=1 13 7 -5 -6 6 24 14 9 -11 12 -13 -14 -15 -16 16 -18 18 19 -21 28 -23 23 -25 -26 26 -28 -29 29 -31
leaf_value=0.0068949183002208897 0.0022015593852665718 -0.0066536345686574131 0.00019870528550398211 0.13060147035963454 -0.058279975221035285 -0.038417797366388839 -0.019752963979563207 0.0033827661398875887 0.034600772654719697 -0.0014963552092357782 -0.00188057232826436 0.012113067942384814 0.12309020404346048 0.005561296879240488 -0.0068095436799080096 -0.0010182174746271987 0.039438838406636804 0.0028264275779304989 0.043376792525153356 -0.0017760635616916984 -0.0035518353848055326 -0.0016140924835102697 0.00057781366071739675 -0.0093694057562676153 0.0054742375888973309 -0.028558544979935603 0.00092269546314328605 -0.048120306134420858 0.011285885665741298 -0.0033694531242338399
leaf_weight=106 20 50 100 33 86 90 28 135 47 285 227 25 30 52 39 22 121 392 184 30 676 30 81 108 110 82 73 86 149 68
leaf_count=106 20 50 100 33 86 90 28 135 47 285 227 25 30 52 39 22 121 392 184 30 676 30 81 108 110 82 73 86 149 68
internal_value=-0.000175316 -0.00793269 0.000305332 -0.00367299 -0.0169811 -0.005 -0.00678138 0.00122981 -0.00177794 -0.00326825 0.00115132 -0.00983146 -0.00107004 0.00147059 0.00224816 0.00250501 0.0106643 0.00187534 0.00279595 0.00963115 0.00149805 0.0119159 -0.00246914 -0.00648148 0.00108696 -0.0111027 -0.00840249 -0.0122024 -0.00025196 0.00449309
internal_weight=3565 208 3357 633 106 600 494 2724 689 589 304 356 257 102 2035 1996 143 1853 1529 244 1285 214 324 189 138 331 241 168 893 217
internal_count=3565 208 3357 633 106 600 494 2724 689 589 304 356 257 102 2035 1996 143 1853 1529 244 1285 214 324 189 138 331 241 168 893 217
is_linear=0
shrinkage=0.05


Tree=43
num_leaves=31
num_cat=0
split_feature=2 21 0 16 16 53 14 14 19 0 0 10 18 14 16 17 9 11 9 14 18 9 20 10 12 12 0 51 18 18
split_gain=5.63648 5.70529 3.69428 4.21604 3.48172 3.05297 3.6803 4.70898 4.08101 3.83277 2.93207 2.88178 3.48619 2.71903 2.52202 4.46382 2.62894 2.78112 2.63205 3.3146 3.07592 2.6052 2.52875 2.41609 2.37434 3.18538 3.10973 3.51343 3.30716 2.62501
threshold=1.1840000152587893 -6.1026499271392813 1.1399999856948855 0.97999998927116405 0.90000000596046459 -1.5345000028610227 0.079166669398546233 0.020833333954215053 1.0000000180025095e-35 0.70000001788139354 0.13999999687075618 -9.6162610054016096 0.51588761806488048 0.37083333730697637 0.34000000357627874 0.45833332836627966 0.54376775026321422 -0.22874375432729718 0.33250153064727789 0.32083332538604742 0.56788888573646557 0.23373422771692279 -1.1752499938011167 -13.810556411743162 0.88329482078552257 2.7014106512069707 0.25999999791383749 0.36100000143051153 0.20960185676813128 0.46261110901832586
decision_type=2 2 2 2 2 2 2 2 2 2 2 2 2 2 2 2 2 2 2 2 2 2 2 2 2 2 2 2 2 2
left_child=1 -1 3 4 5 14 7 9 13 10 -7 12 -5 24 16 -16 17 -3 19 20 -19 -17 -23 -9 -8 -26 27 -27 -29 -30
right_child=-2 2 -4 11 -6 6 8 23 -10 -11 -12 -13 -14 -15 15 21 -18 18 -20 -21 -22 22 -24 -25 25 26 -28 28 29 -31
leaf_value=0.10162461729477384 -0.039346520444503923 -0.044278877641260997 0.030261293028957737 0.0020308230980167793 0.030245592397270149 -0.0060952883298560833 0.0049339162097343211 1.8694071100081993e-05 -0.0018333043605620266 -0.042987708202958552 0.0082152259627682502 -0.0020340131009509419 -0.021198149915080369 0.01875326632671628 -0.042481907408519051 -0.028122467015484844 0.024614126793615108 -0.013179448486572265 -0.027569975913408776 0.015532706978392558 0.014890801998231987 0.024688502992421448 -0.03983654711647483 -0.0071028198324926241 -0.0095365647667544854 -0.0015904470277086438 0.0031381959057223061 -0.0093347023806033547 0.016970852992764181 -0.00044749091421487089
leaf_weight=40 162 40 31 34 56 31 559 106 70 43 180 174 86 83 105 26 54 111 70 25 72 39 29 253 223 112 605 31 58 57
leaf_count=40 162 40 31 34 56 31 559 106 70 43 180 174 86 83 105 26 54 111 70 25 72 39 29 253 223 112 605 31 58 57
internal_value=-0.00045582 -2.20394e-05 -0.000245317 -0.000405162 0.000148124 -8.38364e-05 0.000694732 -0.0026509 0.00183537 0.00255906 0.00533175 -0.00612245 -0.0120833 0.00231481 -0.00337128 -0.00791457 -0.00094086 -0.00267296 -0.000899281 0.00192308 -0.000409836 0 0.00514706 -0.00633705 0.0018693 0.000506446 0.00188297 -0.00271318 0.00239726 0.00630435
internal_weight=3565 3403 3363 3332 3038 2982 2411 613 1798 254 211 294 120 1728 571 199 372 318 278 208 183 94 68 359 1645 1086 863 258 146 115
internal_count=3565 3403 3363 3332 3038 2982 2411 613 1798 254 211 294 120 1728 571 199 372 318 278 208 183 94 68 359 1645 1086 863 258 146 115
is_linear=0
shrinkage=0.05


Tree=44
num_leaves=31
num_cat=0
split_feature=56 21 56 53 37 26 4 18 13 12 18 0 9 10 18 18 21 12 10 9 28 53 1 17 56 37 46 13 11 9
split_gain=4.32613 5.36574 3.11761 2.99793 4.09208 2.94672 2.59753 2.57695 4.13482 2.67191 2.54883 2.52551 2.36386 5.97981 2.56622 2.2495 3.23413 3.05062 2.58486 3.54497 3.13429 2.15696 2.18037 2.4933 3.0054 2.10114 2.03342 2.27429 1.96413 3.3193
threshold=1.0000000180025095e-35 -5.6832499504089347 -2.3240000009536739 -4.0475001335144034 0.3915999978780747 -1.7730000019073484 1.1399999856948855 0.46396824717521673 -0.60199999809265126 0.60167533159255993 0.57402777671813976 0.13999999687075618 0.40667136013507849 -8.8430638313293439 0.74266666173934948 0.20960185676813128 0.4142999947071076 4.9951920509338388 -9.2419400215148908 0.17372192442417148 -0.050249999389052384 -0.77549999952316273 0.47499999403953558 0.54166665673255932 1.30950003862381 0.22534999996423724 0.074833333492279067 -0.14449999481439588 -0.08749032765626906 1.0003445744514468
decision_type=2 2 2 2 2 2 2 2 2 2 2 2 2 2 2 2 2 2 2 2 2 2 2 2 2 2 2 2 2 2
left_child=1 -1 5 4 -2 -3 11 -7 10 -10 -9 -4 13 14 -13 16 25 18 19 20 -17 -21 -23 24 -24 -5 27 -19 -14 -30
right_child=3 2 6 15 -6 7 -8 8 9 -11 -12 12 28 -15 -16 17 -18 26 -20 21 -22 22 23 -25 -26 -27 -28 -29 29 -31
leaf_value=0.10043867887625169 -0.13421028735671012 0.0043251130738669154 -0.0034290402783782371 -0.0022431570641353914 0.0081820409217136184 -0.032419542459692877 -0.089597754481209574 -0.018676456180140778 0.017070588542804167 -0.010772453138887134 -0.080961451082890629 0.00014086116497996219 0.0004758279917643504 0.070558156963072549 -0.052504443642058002 0.0096861963957752921 -0.01893669861622126 -0.00192981626606554 0.0047712464085918728 0.030133138854276001 -0.015241412875216704 0.0085591214454217648 0.012777290397658403 -0.013415565967088795 -0.01071886258786578 0.022669870664308651 0.021634252743134651 0.013929513471766262 -0.010894615966402366 0.0056081152484261073
leaf_weight=46 43 77 152 44 63 74 25 63 65 167 68 1028 101 53 20 22 30 47 508 26 69 52 125 49 62 20 77 72 225 92
leaf_count=46 43 77 152 44 63 74 25 63 65 167 68 1028 101 53 20 22 30 47 508 26 69 52 125 49 62 20 77 72 225 92
internal_value=-0.000357644 -0.0016844 -0.0020362 0.00192895 -0.00613208 -0.00544747 -0.00100236 -0.00703661 -0.00530303 -0.0012931 -0.0124046 -0.000763016 -0.000148124 0.00106721 0.00023855 0.00263924 -0.00478723 0.00326871 0.00205367 -0.000925926 -0.00961538 0.00159236 0.000347222 -0.00169492 0.000935829 0.0015625 0.00892857 0.00483193 -0.00334928 -0.00528391
internal_weight=3565 2256 2210 1309 106 514 1696 437 363 232 131 1671 1519 1101 1048 1203 94 1109 913 405 91 314 288 236 187 64 196 119 418 317
internal_count=3565 2256 2210 1309 106 514 1696 437 363 232 131 1671 1519 1101 1048 1203 94 1109 913 405 91 314 288 236 187 64 196 119 418 317
is_linear=0
shrinkage=0.05


Tree=45
num_leaves=31
num_cat=0
split_feature=44 8 47 26 14 51 9 8 28 20 45 22 51 13 18 17 14 9 56 47 36 14 14 37 26 18 18 47 9 56
split_gain=4.64459 5.80418 4.01758 3.87134 3.07623 3.04334 2.80604 2.72872 3.78663 3.20335 3.0666 2.96064 2.61113 3.36116 2.43935 2.49567 2.36036 2.55272 2.25097 2.46596 2.66185 2.06872 4.26676 3.86145 3.10625 2.69614 2.41069 2.69448 2.323 2.24892
threshold=-13.499999999999998 0.43333333730697637 0.51634114980697643 -13.077749729156492 0.40416666865348821 -1.6264999508857725 0.11663933843374254 1.4333333373069765 0.16229999810457232 0.5132499933242799 2.5058333873748784 -3.013199925422668 3.0225000381469731 -0.17911110818386075 0.71116051077842724 0.62500000000000011 0.33750000596046453 0.25716295838356024 -0.92849999666213978 0.24024433642625811 -0.11480000242590903 0.17083333432674411 0.087500002235174193 -0.85539999604225148 -1.0784999728202818 0.26624578237533575 0.41140741109848028 0.16640086472034457 0.044660998508334167 -0.42700000107288355
decision_type=2 2 2 2 2 2 2 2 2 2 2 2 2 2 2 2 2 2 2 2 2 2 2 2 2 2 2 2 2 2
left_child=1 5 -3 -2 7 -1 -6 10 11 -10 12 -9 21 -14 15 -4 -11 -18 -8 20 -20 22 23 -5 -23 -25 27 -24 -27 -26
right_child=3 2 14 4 6 -7 18 8 9 16 -12 -13 13 -15 -16 -17 17 -19 19 -21 -22 24 26 25 29 28 -28 -29 -30 -31
leaf_value=-0.017742633371133732 0.19084373546231764 2.7961505226435648e-05 -0.027547238495360216 -0.0077076639494659928 0.00087220616177316197 0.0019927072165015535 0.00028883703658472707 0.041197958559441826 0.018540586670405895 0.027054797807872982 -0.0099475824246747311 -0.00096790554682048703 -0.0044497987007125987 0.051137756958554596 -0.070609211180490836 0.0019106306731594234 -0.009682963050726124 0.0067055309284889571 -0.0058687673733500327 -0.012546565395834819 0.0032831534212169663 0.0108744721628087 2.6780151220385966e-05 0.051483747878003742 -0.012949982598783145 -0.011470141165450278 0.0025785768418913075 0.023914521042607703 -7.6979581709120634e-05 -0.0013360501498772188
leaf_weight=75 23 95 178 49 25 84 38 24 65 60 82 245 35 72 37 42 61 30 30 54 23 184 35 29 302 32 341 64 614 463
leaf_count=75 23 95 178 49 25 84 38 24 65 60 82 245 35 72 37 42 61 30 30 54 23 184 35 29 302 32 341 64 614 463
internal_value=-0.000537095 -0.00494129 -0.00852273 0.000218121 5.91816e-05 0.00298742 -0.00647059 0.000457481 0.00386598 0.0087963 -0.000260643 -9.29368e-05 9.00901e-05 0.00771028 -0.0117704 -0.00977273 0.00480132 -0.000274725 -0.00913793 -0.0128505 -0.00518868 -0.000295788 0.00111684 -0.00124309 -0.00202845 -0.000259259 0.005 0.0118687 -0.000928793 -0.00343137
internal_weight=3491 511 352 2980 2957 159 170 2787 485 216 2302 269 2220 107 257 220 151 91 145 107 53 2113 1164 724 949 675 440 99 646 765
internal_count=3491 511 352 2980 2957 159 170 2787 485 216 2302 269 2220 107 257 220 151 91 145 107 53 2113 1164 724 949 675 440 99 646 765
is_linear=0
shrinkage=0.05


Tree=46
num_leaves=31
num_cat=0
split_feature=44 18 51 51 45 0 12 13 14 13 16 8 14 28 4 13 2 44 45 18 12 9 0 10 18 0 0 11 8 46
split_gain=5.21643 7.10088 3.90655 3.20638 3.01788 2.67838 2.6374 5.51673 2.48442 3.61516 4.16949 3.8081 3.09121 4.00549 2.88456 3.47 5.04072 3.28078 2.71592 2.61017 3.01927 3.26485 3.91185 2.99931 2.59274 2.44907 2.30797 2.30316 2.21694 2.20362
threshold=-12.499999999999998 0.71210584044456493 -1.8759999871253965 1.4250000119209292 -8.0194168090820295 0.70000001788139354 4.9464702606201181 3.3686666488647465 0.40416666865348821 -0.058000000193715089 0.21999999880790713 1.2333333492279055 0.14583333581686023 0.052450001239776618 0.1799999997019768 -0.2357777804136276 0.63133332133293163 -1.4999999999999998 -0.59516665339469899 0.76358386874198925 3.6595002412796025 0.6226034164428712 0.099999997764825835 -9.3327941894531232 0.30385185778141027 0.4200000017881394 0.45999999344348913 0.12658972293138507 0.2333333417773247 -1.0000000180025095e-35
decision_type=2 2 2 2 2 2 2 2 2 2 2 2 2 2 2 2 2 2 2 2 2 2 2 2 2 2 2 2 2 2
left_child=1 2 -1 5 -2 -4 8 -8 9 10 12 19 24 -14 18 17 -17 28 -12 20 21 22 -11 -24 -6 -25 27 -20 -16 -26
right_child=4 -3 3 -5 6 -7 7 -9 -10 11 14 -13 13 -15 15 16 -18 -19 26 -21 -22 -23 23 25 29 -27 -28 -29 -30 -31
leaf_value=-0.025107786091547169 0.11963156666242783 -0.063647064780139026 -0.00052720880230806291 -0.016403205708856533 -0.0085820331592746935 0.0042190468319212807 0.0058836562581196091 -0.0010507674005921393 -0.0020377705124637268 -0.0089170588950941709 -0.02797644128749064 0.019153186879349342 0.0085758563108569458 -0.017338727197711051 0.0014344496513354996 0.010710887063090146 -0.017856219321474437 -0.058614022986083425 -0.0036360480400434714 0.025503506779188969 0.015805813311032393 -0.0073550325996558103 -0.004097782490278686 0.041205935544289619 0.048044224104948942 9.0268239091724321e-05 0.014458853162893057 -0.027895666707484609 -0.0065109240240272363 0.00034905361400452403
leaf_weight=250 26 53 121 53 29 164 388 22 150 90 24 176 38 52 87 194 68 21 255 33 82 123 58 72 98 36 23 21 554 130
leaf_count=250 26 53 121 53 29 164 388 22 150 90 24 176 38 52 87 194 68 21 255 33 82 123 58 72 98 36 23 21 554 130
internal_value=-0.00056574 -0.00464119 -0.00306122 0.000443787 0.000350877 0.00254386 0.000194759 0.00390244 -0.000434963 -2.20848e-05 -0.00131744 0.0030597 0.00353026 -0.00444444 -0.0026664 -0.00124459 0.00362595 -0.00317221 -0.00673375 0.000809717 -0.00016269 -0.00204485 0.00117188 0.00572289 0.00632296 0.0106481 -0.00543478 -0.0067029 -0.0025351 0.00811404
internal_weight=3491 641 588 338 2850 285 2824 410 2414 2264 1594 670 347 90 1247 924 262 662 323 494 461 379 256 166 257 108 299 276 641 228
internal_count=3491 641 588 338 2850 285 2824 410 2414 2264 1594 670 347 90 1247 924 262 662 323 494 461 379 256 166 257 108 299 276 641 228
is_linear=0
shrinkage=0.05


Tree=47
num_leaves=31
num_cat=0
split_feature=13 16 26 45 51 13 14 16 44 18 47 18 10 12 18 4 14 9 45 56 26 44 11 9 27 9 14 13 18 18
split_gain=5.3136 4.75064 4.10442 2.39157 2.80162 4.44348 2.92839 2.40379 5.8965 4.0756 4.35601 4.32831 2.95939 2.9363 3.15418 3.36157 3.30827 2.73149 2.70858 2.39797 3.03224 2.36927 4.12206 2.23734 2.52612 1.98002 3.79593 2.02269 1.92533 2.69934
threshold=-0.59177777171134938 1.1800000071525576 -11.340499877929686 2.5058333873748784 3.0225000381469731 -0.17911110818386075 0.32916666567325598 0.29999999701976782 74.500000000000014 0.39699682593345648 0.15625873208045962 0.55133330821990978 -9.6454305648803693 5.1558103561401376 0.58593648672103893 0.34000000357627874 0.22916666418313983 0.20146030932664874 0.34149999916553503 9.2729997634887713 5.8215000629425058 -3.4999999999999996 -0.0065537944901734582 1.20743864774704 -1.0000000180025095e-35 0.14319659024477008 0.062500001862645163 -0.96666666865348805 0.2853889018297196 0.34807406365871435
decision_type=2 2 2 2 2 2 2 2 2 2 2 2 2 2 2 2 2 2 2 2 2 2 2 2 2 2 2 2 2 2
left_child=1 25 -2 4 7 -6 -7 9 12 10 23 18 13 14 15 -9 -17 -15 -11 -5 -21 -18 -23 24 -4 -1 -27 -28 -14 -30
right_child=2 -3 3 19 5 6 -8 8 -10 11 -12 -13 28 17 -16 16 21 -19 -20 20 -22 22 -24 -25 -26 26 27 -29 29 -31
leaf_value=-0.00090201075557421189 0.11396500300383908 -0.083995305060363151 -0.0017334044517161786 -0.023087005219228535 -0.0057496703822627147 0.048073053760171999 -0.0058319367945880475 -0.012501196915525554 0.3102604111272606 -0.0030350424423833187 0.016204444508890459 0.0012907617314981321 -0.002983265099951578 -0.013156619066634049 -0.028617022224786983 -0.018332073872273976 0.013448202710915003 0.011229249422613085 0.0040681926864195306 0.020676859666882146 -0.00049694328625395654 0.0090788899477640579 -0.011089457624491553 -0.0017797689004782902 0.00063471250081336165 0.0018360539882083778 -0.054863422283947298 -0.020459794861645821 0.015367049982079661 5.2923870080516527e-05
leaf_weight=20 36 32 23 49 56 92 22 146 20 535 254 412 150 42 97 89 102 61 101 30 23 22 31 22 130 66 35 193 45 555
leaf_count=20 36 32 23 49 56 92 22 146 20 535 254 412 150 42 97 89 102 61 101 30 23 22 31 22 130 66 35 193 45 555
internal_value=-0.000766256 -0.0066474 -0.000119237 -0.000313606 -5.81975e-05 0.00617647 0.0118421 -0.000431794 -0.00194853 0.000964794 0.00506993 -0.000715649 -0.00235075 -0.005 -0.00662218 -0.00461538 -0.00102459 0.0026699 -0.00330189 -0.00784314 -0.000471698 0.0033871 -0.00518868 -0.001 0.00114379 -0.00477707 -0.0037415 -0.00679825 -0.000266667 0.001
internal_weight=3491 346 3145 3109 3007 170 114 2837 1360 1477 429 1048 1340 590 487 390 244 103 636 102 53 155 53 175 153 314 294 228 750 600
internal_count=3491 346 3145 3109 3007 170 114 2837 1360 1477 429 1048 1340 590 487 390 244 103 636 102 53 155 53 175 153 314 294 228 750 600
is_linear=0
shrinkage=0.05


Tree=48
num_leaves=31
num_cat=0
split_feature=13 16 26 15 37 16 13 14 21 4 14 45 18 45 14 53 46 21 10 18 18 46 22 13 46 37 18 18 18 37
split_gain=4.27836 4.39421 4.05828 2.21773 2.14491 3.01093 4.67916 2.99412 3.21895 2.78694 2.82663 2.64569 2.81647 2.70589 2.59019 2.90311 3.9186 2.56473 3.39128 2.82744 2.83924 2.76556 2.8222 4.29592 3.92001 2.72638 2.61788 5.07975 3.33141 3.10831
threshold=-0.58533331751823414 1.1800000071525576 -11.340499877929686 0.56666669249534618 -1.2919500470161436 0.29999999701976782 0.27400000393390661 0.37083333730697637 -0.20284999907016751 0.78000000119209301 0.32916666567325598 0.34149999916553503 0.55133330821990978 2.5058333873748784 0.087500002235174193 -1.1010000109672544 -0.092166665941476808 -0.15619999915361402 -9.6361823081970197 0.2853889018297196 0.34807406365871435 -0.14566666632890699 0.042650001123547561 0.021999999880790714 0.11916666850447656 -1.010900020599365 0.51379999518394481 0.49091428518295294 0.51629504561424266 -0.35630001127719874
decision_type=2 2 2 2 2 2 2 2 2 2 2 2 2 2 2 2 2 2 2 2 2 2 2 2 2 2 2 2 2 2
left_child=1 3 -2 -1 14 7 17 8 -6 10 11 12 -10 -13 -4 -16 -17 26 25 -20 -21 -22 23 -23 -24 -19 27 -7 -28 -30
right_child=2 -3 4 -5 5 6 -8 -9 9 -11 -12 13 -14 -15 15 16 -18 18 19 20 21 22 24 -25 -26 -27 28 -29 29 -31
leaf_value=-0.024629536944960173 0.10826675285364712 -0.079795539807344981 -0.0082521951829316858 7.8942446443975867e-05 -0.0013460212616114209 -0.00049456759529160064 0.29474739057089749 0.026596841963552678 0.00025535402679034155 -0.022816896000903353 -0.0082430083981175906 0.020553994915775801 0.0027569280709265399 -0.00025659327999142187 -0.0099400326009673086 -0.0033707973047915926 0.0083340582731840727 0.0089085648563860999 -0.011223519326381907 0.023996875914657059 -0.0061096682972543274 -0.0061315900433789264 0.01407697515192915 0.016851533359753739 -0.0044339705178883726 -0.014411267628383739 -0.011406188063343965 0.015988997802790183 0.020247726081730335 -0.010650467147897268
leaf_weight=226 36 32 48 108 402 171 20 25 502 28 63 212 159 43 150 84 101 20 86 25 75 137 76 58 36 277 24 101 28 138
leaf_count=226 36 32 48 108 402 171 20 25 502 28 63 212 159 43 150 84 101 20 86 25 75 137 76 58 36 277 24 101 28 138
internal_value=-0.000623031 -0.0057377 -2.4e-05 -0.00404192 -0.000218517 0.000277162 -0.00149371 0.00184798 0.00154365 0.00305362 0.00349847 0.00420306 0.00253404 0.00852941 -0.00372063 -0.00216418 0.00202703 -0.001877 -0.00360759 -0.00106491 0.000675676 -0.00039267 0.0017101 -0.00192308 0.00803571 -0.00782828 0.00108225 0.00422794 -0.00342105 -0.000903614
internal_weight=3491 366 3125 334 3089 2706 1272 1434 1409 1007 979 916 661 255 383 335 185 1252 790 493 407 382 307 195 112 297 462 272 190 166
internal_count=3491 366 3125 334 3089 2706 1272 1434 1409 1007 979 916 661 255 383 335 185 1252 790 493 407 382 307 195 112 297 462 272 190 166
is_linear=0
shrinkage=0.05


Tree=49
num_leaves=31
num_cat=0
split_feature=16 20 16 51 16 26 21 21 9 2 44 46 36 14 45 56 20 56 44 17 16 51 9 56 8 35 9 20 16 48
split_gain=4.76798 4.15712 4.31118 6.00121 4.03 3.35111 3.1529 3.12217 3.87741 4.06603 3.83153 2.97316 2.94485 2.56785 2.28823 3.2281 2.86012 2.2656 2.9151 3.44679 2.19527 3.22006 3.2594 2.66667 2.37557 2.63937 2.29149 3.38231 2.57044 2.93061
threshold=0.97999998927116405 -15.930999755859373 0.85999998450279247 -1.2744999527931211 0.38000001013278967 -1.2692499756813047 -0.69505000114440907 0.80099999904632579 0.1761962026357651 0.94799998402595531 -1.4999999999999998 -0.1845000013709068 -0.039450000971555703 0.062500001862645163 2.5058333873748784 9.2729997634887713 9.8439998626709002 1.9774999618530276 -1.4999999999999998 0.54166665673255932 0.4200000017881394 1.1834999918937685 0.16003508865833285 0.12449999898672105 1.8333333134651186 -5.4779999256134024 0.18894810974597934 0.94874998927116405 0.29999999701976782 1.0000000180025095e-35
decision_type=2 2 2 2 2 2 2 2 2 2 2 2 2 2 2 2 2 2 2 2 2 2 2 2 2 2 2 2 2 2
left_child=1 -1 3 4 6 -6 -3 8 10 -10 -4 -2 -7 -8 17 -16 -17 20 19 -19 24 22 23 -22 25 -5 27 28 -27 -30
right_child=11 2 7 14 5 12 13 -9 9 -11 -12 -13 -14 -15 15 16 -18 18 -20 -21 21 -23 -24 -25 -26 26 -28 -29 29 -31
leaf_value=0.12066341007317534 -0.013339249193640296 0.0035891268016462205 -0.0069133392604381512 -0.0043055637090164888 -0.001665883252421077 -0.053286437142817548 0.01724861422481766 -0.021620281963359002 0.046376505549949855 -0.020478766564326192 0.030228520740105871 -0.0020463445964839177 -0.012862073026083243 -0.012332336340487977 -0.026633668613583374 0.020178761335654553 -0.00045926645794168767 0.007686608550310333 0.046747330863428166 -0.031595824058538821 0.011410119525207013 -0.021062059454175535 -0.0028101323723771429 -0.0043681984309717091 0.025266999865375041 0.00043157687583300413 0.0010763413633359808 -0.013344173293460838 -0.012924175211159928 -0.0026570415326843122
leaf_weight=24 51 193 37 28 46 67 47 28 95 27 34 309 49 340 57 27 21 138 76 20 27 29 114 27 21 471 840 67 59 122
leaf_count=24 51 193 37 28 46 67 47 28 95 27 34 309 49 340 57 27 21 138 76 20 27 29 114 27 21 471 840 67 59 122
internal_value=-0.000522773 0.000103801 -5.63244e-05 -0.000571726 -0.00444744 -0.0114198 -0.0025 0.00667421 0.00893782 0.0143443 -0.000352113 -0.00597222 -0.0159483 -0.00510336 0.00076959 -0.00642857 0.003125 0.00114026 0.00576923 0.00189873 0.000540166 -0.00444162 -0.00178571 0.00833333 0.0011505 0.000929427 0.00120269 -0.000869263 0.000230061 -0.00483425
internal_weight=3491 3131 3107 2886 742 162 580 221 193 122 71 360 116 387 2144 105 48 2039 234 158 1805 197 168 54 1608 1587 1559 719 652 181
internal_count=3491 3131 3107 2886 742 162 580 221 193 122 71 360 116 387 2144 105 48 2039 234 158 1805 197 168 54 1608 1587 1559 719 652 181
is_linear=0
shrinkage=0.05


Tree=50
num_leaves=31
num_cat=0
split_feature=56 44 16 44 18 8 10 16 37 27 37 0 27 56 37 10 0 2 3 16 44 0 17 26 47 36 20 26 46 7
split_gain=4.11985 7.15151 3.50855 3.4431 4.17497 3.23981 2.96052 4.33668 3.23522 2.51433 2.36143 3.501 2.83529 3.51211 2.05558 1.98454 1.9754 2.22491 1.96806 1.93292 3.15955 2.4013 2.20518 2.13531 1.91529 2.9341 1.90627 3.20942 1.89645 1.87358
threshold=-1.9690000414848325 85.500000000000014 0.97999998927116405 -13.499999999999998 0.46261110901832586 0.5000000149011613 -9.1838188171386701 0.53999999165534984 0.32015000283718115 0.33855000138282781 0.95550000667572033 0.25999999791383749 -0.4099500030279159 0.63650000095367443 2.5173000097274785 -10.045686244964598 0.70000001788139354 0.14355555921792987 0.49050766229629522 0.4200000017881394 -7.4999999999999991 0.58000001311302196 0.62500000000000011 -0.426250010728836 0.28842742741107946 0.4062000066041947 0.15699999779462817 0.10099999979138376 -0.2001666650176048 1.0000000180025095e-35
decision_type=2 2 2 2 2 2 2 2 2 2 2 2 2 2 2 2 2 2 2 2 2 2 2 2 2 2 2 2 2 2
left_child=1 3 6 5 28 -1 10 8 9 16 11 12 -2 26 -10 -15 17 -8 -6 -13 21 -21 -23 -22 -12 -26 27 -14 -5 -4
right_child=2 -3 29 4 18 -7 7 -9 14 -11 24 19 13 15 -16 -17 -18 -19 -20 20 23 22 -24 -25 25 -27 -28 -29 -30 -31
leaf_value=-0.0027934571945591904 -0.0084657374795859466 0.092212500919050408 -0.0025652061475136562 -0.043587061162350144 0.0015183766405000773 -0.045378163156642275 -0.001801983554102693 0.078089924750879003 0.01876070118656166 -0.0067737550800055493 0.0012617707444446203 0.001020976841004585 -0.0011088701298790739 0.014940690896129023 -0.015598014718896156 0.004761702001331739 -0.051352264193363008 0.0070879663331029213 -0.027441106792030396 -0.028135267358053492 -0.0027014178717768653 -0.017195838477839544 0.009986757678080882 0.01122879416245468 -0.012783467431559382 0.0028365100701072789 -0.010900775915424888 0.0038381523687592844 -0.012305594838898261 -0.03786766501385213
leaf_weight=59 51 38 217 33 286 153 123 50 156 82 91 924 152 23 23 42 37 262 20 40 37 31 39 42 189 122 61 37 42 43
leaf_count=59 51 38 217 33 286 153 123 50 156 82 91 924 152 23 23 42 37 262 20 40 37 31 39 42 189 122 61 37 42 43
internal_value=-0.000263909 -0.00392235 0.000539318 -0.00526981 -0.00242782 -0.0103774 0.00109028 0.00378581 0.00274524 0.000694444 3.98724e-05 0.000963489 -0.00327869 -0.00150794 0.00851955 0.00884615 0.00225118 0.00331169 0.000163399 0.00235849 -0.00224868 -0.00772727 -0.00214286 0.00537975 -0.00335821 -0.00522508 -0.0042 -0.00171958 -0.013 -0.005
internal_weight=3505 631 2874 593 381 212 2614 733 683 504 1881 1479 366 315 179 65 422 385 306 1113 189 110 70 79 402 311 250 189 75 260
internal_count=3505 631 2874 593 381 212 2614 733 683 504 1881 1479 366 315 179 65 422 385 306 1113 189 110 70 79 402 311 250 189 75 260
is_linear=0
shrinkage=0.05


Tree=51
num_leaves=31
num_cat=0
split_feature=13 16 9 56 28 22 9 44 2 13 44 13 8 13 53 19 13 2 2 4 9 53 13 18 44 18 37 3 13 51
split_gain=4.97888 10.3796 3.85401 3.54399 2.80078 2.38932 3.21557 2.37006 2.73615 3.06071 3.45766 3.51218 2.41123 2.23651 2.40087 2.34967 3.93203 5.41675 4.11456 3.36281 3.23215 5.04714 3.21618 3.69991 2.81628 2.80317 2.73052 2.62991 2.6288 2.40007
threshold=-0.28000000119209284 0.38000001013278967 0.54376775026321422 -1.9235000014305113 2.3233499526977544 1.2017999887466433 0.18417499214410785 89.500000000000014 0.11800000444054605 0.058888887986540801 -1.0000000180025095e-35 -0.021111111156642434 0.83333334326744091 3.4739999771118169 -2.5779999494552608 1.0000000180025095e-35 -0.10955555737018584 0.30200000107288366 0.43199999630451208 0.1799999997019768 0.12192703783512117 -0.30599999427795405 0.52000001072883617 0.76358386874198925 -1.4999999999999998 0.49568253755569464 0.41369999945163732 0.33302292227745062 -0.12199999764561652 0.26000000536441809
decision_type=2 2 2 2 2 2 2 2 2 2 2 2 2 2 2 2 2 2 2 2 2 2 2 2 2 2 2 2 2 2
left_child=1 3 -3 -1 7 -5 -7 8 9 10 11 -2 -9 14 -10 16 17 20 19 24 21 -16 23 -20 25 -18 28 -22 -23 -17
right_child=4 2 -4 5 -6 6 -8 12 13 -11 -12 -13 -14 -15 15 29 18 -19 22 -21 27 26 -24 -25 -26 -27 -28 -29 -30 -31
leaf_value=-0.013014934722558425 -0.0062869356860918574 -0.019053044484169029 -0.056320547933196054 0.0010205168169177797 -0.0029834493803040322 -0.035312612888154904 -0.0007362787813378779 0.00022665598029717799 -0.0014812724172314829 0.033685115630267451 -0.010884935235105904 0.0017356182383542506 0.17382033126636637 -0.00048735197709483252 -0.013182509690910988 1.6164210187188251e-05 0.0086394814992837004 0.0046471086611526019 -0.0052112702540756776 0.066481182224249674 -0.0021483442478848801 0.0054659496040897707 0.17099924853363666 0.024797840501255913 0.030137607975986636 -0.0080542847469670786 0.0096732461464096552 -0.036237224458337373 -0.0031616859025257685 -0.009687805970383068
leaf_weight=237 70 342 47 615 143 27 124 24 156 38 92 108 22 41 22 105 138 318 166 90 104 51 26 27 211 47 20 33 36 25
leaf_count=237 70 342 47 615 143 27 124 24 156 38 92 108 22 41 22 105 138 318 166 90 104 51 26 27 211 47 20 33 36 25
internal_value=-0.000192582 -0.00251437 -0.0094473 0.000174477 0.00133696 0.00182768 -0.00380795 0.00182741 0.00155925 -0.00275974 -0.00462963 -0.000561798 0.0130435 0.00238243 0.00268254 0.00332981 0.00397595 0.000941781 0.00648936 0.0090535 -0.00432331 0.00135659 0.000799087 -0.00142487 0.00707071 0.00256757 0.00584112 -0.00967153 0.00201149 -0.00307692
internal_weight=3505 1392 389 1003 2113 766 151 1970 1924 308 270 178 46 1616 1575 1419 1289 584 705 486 266 129 219 193 396 185 107 137 87 130
internal_count=3505 1392 389 1003 2113 766 151 1970 1924 308 270 178 46 1616 1575 1419 1289 584 705 486 266 129 219 193 396 185 107 137 87 130
is_linear=0
shrinkage=0.05


Tree=52
num_leaves=31
num_cat=0
split_feature=13 16 51 9 26 16 13 14 4 13 56 36 14 11 19 20 6 14 44 46 44 20 13 4 56 9 56 14 0 21
split_gain=4.74537 6.67482 6.67315 4.97784 4.21203 4.20526 5.99206 4.08308 3.28325 5.87815 3.39184 4.0593 3.16682 3.06719 2.89621 2.87658 2.44486 2.58921 2.30866 2.06373 2.69535 2.03616 1.94017 2.54978 1.92822 1.85001 1.80706 1.79907 2.21689 1.77059
threshold=-0.018000000156462189 1.1800000071525576 0.80349999666214 0.37218417227268225 -11.340499877929686 0.34000000357627874 0.12400000169873239 0.39583334326744085 0.099999997764825835 -0.19377777725458142 -1.9690000414848325 0.30004999041557318 0.26250000298023229 0.084248606115579619 1.0000000180025095e-35 0.17599999904632571 0.70000001788139354 0.16250000149011615 -5.4999999999999991 0.12166666612029077 -7.4999999999999991 -1.114750027656555 0.054666668176651008 0.099999997764825835 0.27899999916553503 0.26815637946128851 -0.36749999225139612 0.24583332985639575 0.1799999997019768 -0.59874999523162831
decision_type=2 2 2 2 2 2 2 2 2 2 2 2 2 2 2 2 2 2 2 2 2 2 2 2 2 2 2 2 2 2
left_child=1 8 -3 7 -5 22 -7 12 13 10 11 19 15 29 27 26 -12 24 -19 20 -10 -22 -6 -24 -18 -15 -2 28 -11 -1
right_child=3 2 -4 4 5 6 -8 -9 9 14 16 -13 -14 25 -16 -17 17 18 -20 -21 21 -23 23 -25 -26 -27 -28 -29 -30 -31
leaf_value=-0.011117726210658659 -0.0037341984304479383 -0.040278459723207649 0.001302557009679961 0.076160824630603641 0.0014628857350034805 -0.0026330077932156335 0.06044295104568214 -0.000729517950332452 -0.023259184108179849 -0.0013607979520732381 0.00061128127512810235 -0.046051372628089393 0.039796966337751184 -0.010947108287637997 -0.0018164230880013271 -0.026502976252870902 0.0010346434232194474 -0.013053259843946251 2.7693073404382562e-05 0.012250398466167113 0.048824460062927268 -0.015409156792604862 0.00090571897816558446 -0.0041555592681494398 -0.0057107961534421953 0.0037820104252872079 0.032386931768290744 0.019671884657313843 0.0091149242446878827 -0.00049933158604404955
leaf_weight=61 25 96 47 34 43 81 50 75 236 48 916 72 107 79 77 25 113 94 50 51 21 29 29 102 56 21 60 209 207 391
leaf_count=61 25 96 47 34 43 81 50 75 236 48 916 72 107 79 77 25 113 94 50 51 21 29 29 102 56 21 60 209 207 391
internal_value=-0.00032097 -0.00118302 -0.0117133 0.00360539 -0.000516224 -0.00237705 0.00438931 0.00839041 -0.000631637 0.000240936 -0.00125153 -0.0051956 0.0118664 -0.00407609 0.0047597 0.00590909 6.10252e-05 -0.00375399 -0.00868056 -0.00289318 -0.00454545 0.006 -0.00747126 -0.0104962 0.000443787 -0.012 0.0102941 0.00625 0.00343137 -0.00232301
internal_weight=3505 2874 143 631 339 305 131 292 2731 2179 1638 409 217 552 541 110 1229 313 144 337 286 50 174 131 169 100 85 464 255 452
internal_count=3505 2874 143 631 339 305 131 292 2731 2179 1638 409 217 552 541 110 1229 313 144 337 286 50 174 131 169 100 85 464 255 452
is_linear=0
shrinkage=0.05


Tree=53
num_leaves=31
num_cat=0
split_feature=13 16 53 4 13 2 18 16 17 18 14 37 51 21 0 9 13 12 14 12 51 13 14 17 12 18 18 44 14 53
split_gain=5.02585 7.01878 3.98003 3.57392 5.3176 3.24656 3.85887 2.99418 3.39017 4.04913 3.0069 2.91058 3.29753 3.16308 3.65729 2.82004 2.97321 2.70282 2.47355 2.39724 2.2731 2.21733 2.07358 2.2733 2.05672 2.0939 2.74051 2.03493 2.45529 2.02798
threshold=-0.058000000193715089 0.97999998927116405 0.55850002169609081 0.099999997764825835 -0.14111111313104627 0.43199999630451208 0.53588888049125682 0.38000001013278967 0.37500000000000006 0.49692437052726751 0.23749999701976779 3.1960999965667729 3.279999971389771 -0.43970000743865961 0.059999998658895499 0.18894810974597934 -0.36599999666213984 4.8760681152343759 0.38750000298023229 0.43962994217872625 2.7035000324249272 -0.14449999481439588 0.37083333730697637 0.54166665673255932 4.9661054611206064 0.51588761806488048 0.39782011508941656 -21.499999999999996 0.13750000298023227 -0.089499998837709413
decision_type=2 2 2 2 2 2 2 2 2 2 2 2 2 2 2 2 2 2 2 2 2 2 2 2 2 2 2 2 2 2
left_child=1 3 21 19 7 11 24 22 10 15 -9 12 13 18 -15 -10 -17 20 -2 29 -6 -3 23 27 25 26 -7 28 -5 -1
right_child=5 2 -4 4 17 6 -8 8 9 -11 -12 -13 -14 14 -16 16 -18 -19 -20 -21 -22 -23 -24 -25 -26 -27 -28 -29 -30 -31
leaf_value=-0.014234045242139743 0.048485723856402867 -0.040136326508237799 0.0023721617461946566 -0.00022462510465605558 0.0078805434742887544 -0.011621532163077831 0.0051353873365695083 -0.04881414209098614 -0.024717403330641031 0.013954685620121567 -0.0059389481429125372 -0.0062059086922351889 0.053959742662632218 -0.0033233489438504295 0.0034075899040622777 -0.036250916484736016 0.0092003733352971524 0.034026636210345143 -0.0010618756878975322 -0.0081107636576614323 0.041296306254508343 -0.0036950132540661748 0.0072456616853441742 -0.009415722598755661 -0.0082016516942016986 -0.0072452131053311695 0.0024195274155858421 0.00022056010381063152 -0.061544174127612331 0.0050940597123003391
leaf_weight=33 96 82 43 38 142 36 99 72 35 67 81 24 52 84 390 66 59 45 28 201 24 44 35 44 29 34 94 1301 21 106
leaf_count=33 96 82 43 38 142 36 99 72 35 67 81 24 52 84 390 66 59 45 28 201 24 44 35 44 29 34 94 1301 21 106
internal_value=-0.000378031 -0.00154588 -0.0113905 -0.000843882 -4.92611e-05 0.00269151 -0.00171233 -0.000920836 -0.00486842 -0.000991189 -0.0106209 0.00459941 0.00523077 0.0041806 0.00232068 -0.0053125 -0.0018 0.00746445 0.0112903 -0.00558824 0.00451807 -0.015873 0.000121612 -0.000178063 -0.00582902 -0.00365854 -0.000769231 0.000183824 -0.00889831 -0.000539568
internal_weight=3505 2539 169 2370 2030 966 292 1819 380 227 153 674 650 598 474 160 125 211 124 340 166 126 1439 1404 193 164 130 1360 59 139
internal_count=3505 2539 169 2370 2030 966 292 1819 380 227 153 674 650 598 474 160 125 211 124 340 166 126 1439 1404 193 164 130 1360 59 139
is_linear=0
shrinkage=0.05


Tree=54
num_leaves=31
num_cat=0
split_feature=13 16 13 9 10 9 21 9 19 44 0 21 18 16 10 20 45 9 3 22 3 14 28 20 37 21 45 28 28 45
split_gain=4.07017 2.91632 6.39256 4.022 2.54981 4.18562 2.91277 2.44223 4.00511 3.97962 6.18106 2.81961 2.286 2.25614 2.20599 1.97924 1.90179 2.16771 2.81484 2.03524 2.54083 2.29468 2.81581 2.16426 2.36424 3.06198 2.01663 1.93932 3.19814 2.61117
threshold=-0.79177775979042042 1.1800000071525576 0.03314285725355149 0.15753216296434405 -9.1838188171386701 0.6226034164428712 -6.5675501823425284 0.13603167235851291 1.0000000180025095e-35 -1.4999999999999998 0.4200000017881394 0.45544999837875372 0.40893332660198217 0.25999999791383749 -9.1518673896789533 0.053500000387430198 2.5058333873748784 0.19948085397481921 0.49050766229629522 0.69115000963211071 0.29734541475772863 0.24583332985639575 0.30614998936653143 -0.43649999797344202 -0.28339999914169306 -0.023950000293552872 5.9854166507720956 -0.059850001707673066 -0.29004999995231623 0.18850000202655795
decision_type=2 2 2 2 2 2 2 2 2 2 2 2 2 2 2 2 2 2 2 2 2 2 2 2 2 2 2 2 2 2
left_child=13 4 3 -3 6 7 -2 11 9 12 -11 14 15 -1 -6 -9 17 19 27 20 23 22 -21 24 25 -8 -18 28 29 -19
right_child=1 2 -4 -5 5 -7 16 8 -10 10 -12 -13 -14 -15 -16 -17 26 18 -20 21 -22 -23 -24 -25 -26 -27 -28 -29 -30 -31
leaf_value=-0.0002133938494232528 0.076971260999152191 0.0039939242789533416 0.02117103677191394 -0.024873034257311556 0.0070278950772425554 -0.012442007623695859 0.008056122170044545 0.010064904937209934 -0.0092829740126669624 0.058037250678736101 -0.0018683454168666267 -0.012704016878443606 0.0094221970049578885 -0.06511352939072218 0.00039594956831430912 -0.015784624288506223 -0.012184798930651452 -0.00016146369465965167 -0.01833938976789171 0.0023430094771135844 0.0015342884013402353 0.0049359697167537381 -0.033747426586893746 -0.00014569386569817828 -0.014188182249154652 -0.0146858556055124 0.016387174490231311 0.0013659695079885651 -0.010531369379915289 0.0067652317120750986
leaf_weight=68 24 24 32 131 24 67 63 47 27 126 43 31 110 62 284 23 62 450 79 22 196 35 62 361 88 39 24 754 86 61
leaf_count=68 24 24 32 131 24 67 63 47 27 126 43 31 110 62 284 23 62 450 79 22 196 35 62 361 88 39 24 754 86 61
internal_value=-0.000549215 -0.000214815 -0.00628342 -0.0104839 0.000141154 0.00262148 -0.000665004 0.00374126 0.00651596 0.00795129 0.0134615 0.000663717 0.00277778 -0.00923077 0.00211039 -0.00428571 -0.000839631 -0.000566202 0.000629371 -0.00254042 -0.00157296 -0.00861345 -0.0130952 -0.00331216 -0.00763158 -0.00245098 -0.00813953 0.0011658 -0.000963149 0.00053816
internal_weight=3505 3375 187 155 3188 782 2406 715 376 349 169 339 180 130 308 70 2382 2296 1430 866 747 119 84 551 190 102 86 1351 597 511
internal_count=3505 3375 187 155 3188 782 2406 715 376 349 169 339 180 130 308 70 2382 2296 1430 866 747 119 84 551 190 102 86 1351 597 511
is_linear=0
shrinkage=0.05


Tree=55
num_leaves=31
num_cat=0
split_feature=16 13 20 14 8 13 53 20 46 3 14 13 9 13 16 14 28 16 10 44 45 20 5 22 12 13 26 10 53 14
split_gain=3.81869 4.32888 3.03888 2.71952 3.54266 3.61814 2.56885 3.43893 4.17857 3.28634 3.14175 5.16239 3.02119 3.01623 5.41697 3.00107 2.85402 2.83339 2.47062 3.68214 2.43811 2.4349 2.3308 2.29961 2.51514 2.7831 2.71133 2.57095 2.65383 2.28983
threshold=1.1800000071525576 -0.63277778029441822 -14.511000156402586 0.40416666865348821 1.4333333373069765 -0.10955555737018584 -2.2315000295639034 -1.114750027656555 0.11400000005960466 0.19831921160221103 0.27916666865348821 -0.10733333602547644 0.31130495667457586 0.094666667282581343 0.34000000357627874 0.24583332985639575 -1.620400011539459 0.1799999997019768 -9.5350356101989728 -6.4999999999999991 -0.028000000864267346 -1.3872500061988828 0.32500000298023229 0.30855000019073492 0.59273695945739757 -0.48000000417232508 -1.0000000180025095e-35 -9.8614139556884748 0.79700002074241649 0.079166669398546233
decision_type=2 2 2 2 2 2 2 2 2 2 2 2 2 2 2 2 2 2 2 2 2 2 2 2 2 2 2 2 2 2
left_child=2 -2 -1 4 6 18 7 21 -9 16 13 -12 -13 15 -15 17 -8 22 19 -6 -3 -4 -11 24 25 -19 -27 28 -26 -18
right_child=1 20 3 -5 5 -7 9 8 -10 10 11 12 -14 14 -16 -17 29 23 -20 -21 -22 -23 -24 -25 27 26 -28 -29 -30 -31
leaf_value=0.072292679975968541 -0.067960178927157069 -0.028087795194432143 -0.0015845387897116536 -0.0021469523751156158 -0.00073774606245317073 0.014913014024859624 -0.010578292834424097 -0.036502096933124541 -0.007869220567063814 0.0018527064399298265 -0.019605623355187958 0.082624396965370273 -0.0018084034231593488 -0.0048212173048534776 0.23498491179545536 0.027445126267769612 -0.0014043374030571012 0.0068555477044600415 -0.0029690197242879636 0.016685407524562393 -0.0016085862173568569 0.024609848766072397 0.0081409643719488316 -0.0014004685052316744 8.2434514255143288e-05 0.013062653096500121 0.0011982441715881476 -0.009147578934929769 0.013529118685221501 4.1977325287778648e-05
leaf_weight=37 29 37 181 137 87 202 41 117 156 60 148 40 22 61 23 103 244 43 122 34 138 23 63 256 211 81 195 70 23 544
leaf_count=37 29 37 181 137 87 202 41 117 156 60 148 40 22 61 23 103 244 43 122 34 138 23 63 256 211 81 195 70 23 544
internal_value=-0.000467687 -0.00710784 -6.01685e-05 -0.000220566 7.93651e-05 0.00421348 -0.000600739 -0.00393082 -0.00760073 0.000112208 0.00159042 -0.00404762 0.00806452 0.00258621 -0.00654762 0.00328054 -0.00238239 0.00244511 0.000102881 0.00516529 -0.00414286 0.000980392 0.00955285 0.00145051 0.00308989 0.00619122 0.00434783 -0.000164474 0.00235043 -0.0017132
internal_weight=3528 204 3324 3287 3150 445 2705 477 273 2228 1399 210 62 1189 84 1105 829 1002 243 121 175 204 123 879 623 319 276 304 234 788
internal_count=3528 204 3324 3287 3150 445 2705 477 273 2228 1399 210 62 1189 84 1105 829 1002 243 121 175 204 123 879 623 319 276 304 234 788
is_linear=0
shrinkage=0.05


Tree=56
num_leaves=31
num_cat=0
split_feature=13 16 14 14 20 26 26 12 22 45 16 46 12 18 36 18 9 14 20 14 16 16 12 9 18 18 22 35 47 14
split_gain=3.6714 6.35117 4.26441 4.98539 3.87243 3.31011 5.16948 2.8791 4.59601 3.4426 3.33173 3.32641 3.06826 3.00332 2.65329 2.53486 3.38628 2.40235 3.88654 3.10939 3.12363 4.77959 2.94966 2.77743 2.37695 2.26502 2.04713 1.97524 1.96917 1.9649
threshold=-0.28000000119209284 0.38000001013278967 0.40416666865348821 0.30416667461395269 -1.064750015735626 -0.17225000262260434 -1.7730000019073484 2.8107068538665776 1.1008499860763552 0.14633332937955859 0.1799999997019768 0.24850000441074374 1.3950487375259402 0.61922222375869762 0.10060000047087671 0.56788888573646557 0.12986246496438983 0.27916666865348821 -0.30499999225139612 0.10416666790843011 0.85999998450279247 0.4200000017881394 5.6247062683105478 0.060181181877851493 0.63555553555488598 0.26624578237533575 -1.5624499917030332 -0.30724999308586115 1.1978087425231936 0.23749999701976779
decision_type=2 2 2 2 2 2 2 2 2 2 2 2 2 2 2 2 2 2 2 2 2 2 2 2 2 2 2 2 2 2
left_child=1 7 3 17 -3 6 -5 8 12 10 -9 -12 13 15 -14 16 -1 19 -19 22 21 -21 23 -2 -15 -25 -8 -28 -27 -6
right_child=2 4 -4 5 29 -7 26 9 -10 -11 11 -13 14 24 -16 -17 -18 18 -20 20 -22 -23 -24 25 -26 28 27 -29 -30 -31
leaf_value=-0.023687893681749242 -0.010105882325505515 -0.00086685009756773965 -0.0026437956926905399 0.022236933244273251 -0.047806020155940245 0.014986038032701807 -0.02119049404793194 0.0073179925631411879 -0.021935928763917825 0.013060309380427404 -0.001448376407134376 0.022628318660568237 -0.00023972987189743635 -0.037365746173985158 -0.029444706165883291 0.018144995208475467 0.0008903245852182718 0.0066190203660154061 -0.020054261066613378 0.0036447137914617095 0.046818881348628674 -0.017117026503497706 -0.0028090536544321774 0.045739702186648468 -9.1921200307799552e-06 -0.0014556290177430138 0.0022136382339715348 -0.0040620516364966996 0.015142225121669191 -0.021630948926626294
leaf_weight=38 67 122 168 58 117 238 40 23 111 83 180 23 58 31 39 89 283 52 73 608 70 72 28 30 45 397 107 29 89 160
leaf_count=38 67 122 168 58 117 238 40 23 111 83 180 23 58 31 39 89 283 52 73 608 70 72 28 30 45 397 107 29 89 160
internal_value=-0.000510204 -0.00249643 0.000799624 0.00145557 -0.00783208 0.0059322 0.0017094 -0.000373878 -0.00216138 0.00364078 0.000442478 -0.00160099 -0.000385935 0.00123457 -0.00850515 0.00292683 0.000856698 3.36474e-05 -0.0066 0.00064291 0.0028 0.00176471 -0.00200491 -0.00124357 -0.00789474 0 -0.00255682 0.000367647 -0.000823045 -0.0111011
internal_weight=3528 1402 2126 1958 399 472 234 1003 694 309 226 203 583 486 97 410 321 1486 125 1361 750 680 611 583 76 516 176 136 486 277
internal_count=3528 1402 2126 1958 399 472 234 1003 694 309 226 203 583 486 97 410 321 1486 125 1361 750 680 611 583 76 516 176 136 486 277
is_linear=0
shrinkage=0.05


Tree=57
num_leaves=31
num_cat=0
split_feature=16 56 44 56 45 18 3 16 10 14 12 11 35 9 44 51 3 26 35 26 44 0 14 14 47 21 22 12 11 35
split_gain=3.68469 4.71798 3.18713 2.80261 3.22727 2.85837 2.96642 2.8609 2.80143 2.78257 2.53298 2.44565 2.14032 2.00168 2.16243 3.0633 2.4151 3.14287 2.52836 2.47865 2.16155 8.70245 2.87754 3.27314 2.52975 2.15885 1.99605 5.08066 2.1639 1.92857
threshold=1.1800000071525576 -1.1614999771118162 85.500000000000014 -2.0039999485015865 -0.86866667866706837 0.46334743499755865 0.242978610098362 0.49999998509883886 -12.828595161437987 0.42083333432674414 4.2123167514801034 -0.0053677258547395459 -0.66550001502037037 1.5713990926742556 1.5000000000000002 -0.43349999189376826 0.15365386754274371 -0.051500000059604638 -0.19974999874830243 -0.62850001454353321 -1.4999999999999998 0.4200000017881394 0.39583334326744085 0.24583332985639575 0.27267543971538549 -0.1731000021100044 1.1226500272750857 2.7014106512069707 0.28917710483074194 -0.48950000107288355
decision_type=2 2 2 2 2 2 2 2 2 2 2 2 2 2 2 2 2 2 2 2 2 2 2 2 2 2 2 2 2 2
left_child=2 -2 3 5 -5 11 7 10 -4 13 -7 -1 -8 14 16 -16 17 19 29 -6 26 22 23 24 -22 -21 -18 -28 -29 -19
right_child=1 -3 8 4 9 6 12 -9 -10 -11 -12 -13 -14 -15 15 -17 20 18 -20 25 21 -23 -24 -25 -26 -27 27 28 -30 -31
leaf_value=-0.039190855741465004 -0.052118796754390018 -0.0044171811665012772 -0.0016156698695691649 0.027932984143005865 -0.0010128727563099905 0.0032243409781678059 -0.0026503854731758482 0.021640777573440267 0.11502249096083386 -0.0061410656000837512 -0.021571185175564545 -0.010205909829019564 -0.027470039618199563 -0.0016755227842929557 -0.0042933566912141483 0.030706714750412246 0.00052664265346488313 0.00041602158816443359 -0.0011668348809477536 -0.0017847522754279755 0.05963583593454122 -0.0028474898435736327 -0.00058253329381246675 0.050716868063601053 -0.0023844333983856604 -0.011336640420892566 -0.017546449754026344 0.0072746686970208314 -0.0042193581941637219 0.011953795327314422
leaf_weight=46 35 169 24 53 85 93 185 49 38 38 22 46 127 63 26 59 1292 21 217 30 48 135 33 121 51 74 154 119 54 21
leaf_count=46 35 169 24 53 85 93 185 49 38 38 22 46 127 63 26 59 1292 21 217 30 48 135 33 121 51 74 154 119 54 21
internal_value=-0.000340136 -0.00686275 6.01685e-05 -0.00015328 0.000519673 -0.00334507 -0.00178571 0.00365854 0.0112903 0.000274517 -0.000652174 -0.011413 -0.00464744 0.000470611 0.000688976 0.00852941 0.000417515 -0.00290179 0.000675676 -0.00780423 0.00115845 0.00451031 0.00998024 0.0120455 0.00530303 -0.0129808 0.000355158 -0.00313456 0.00274566 0.0119048
internal_weight=3528 204 3324 3262 2694 568 476 164 62 2641 115 92 312 2603 2540 85 2455 448 259 189 2007 388 253 220 99 104 1619 327 173 42
internal_count=3528 204 3324 3262 2694 568 476 164 62 2641 115 92 312 2603 2540 85 2455 448 259 189 2007 388 253 220 99 104 1619 327 173 42
is_linear=0
shrinkage=0.05


Tree=58
num_leaves=31
num_cat=0
split_feature=16 13 16 16 10 16 26 13 35 13 8 8 26 50 28 18 46 49 26 8 13 46 12 46 13 0 18 37 11 26
split_gain=3.81755 4.86816 3.5194 5.16839 4.62319 3.91209 3.4517 2.56908 2.89981 2.50943 2.69485 2.45718 2.29929 2.30073 3.06139 3.18355 3.4219 3.09013 3.02424 2.97404 2.80021 2.25481 2.25082 2.66944 2.15637 2.58703 2.41381 2.63712 2.2075 3.50878
threshold=0.97999998927116405 -0.63277778029441822 0.85999998450279247 0.4200000017881394 -9.3096928596496564 0.53999999165534984 -1.1852499842643736 -0.018000000156462189 -0.1415000036358833 -0.78000000119209278 0.36666667461395269 1.1666666865348818 -11.340499877929686 2.5000000000000004 -0.15089999884366986 0.28849206864833837 -0.093833331018686281 1.0000000180025095e-35 -2.7680000066757198 1.6333333253860476 0.012666666880249979 -0.065333332866430269 0.56483963131904613 -0.28716665506362909 -0.49600000679492945 0.62000000476837169 0.6135343909263612 0.44760000705719 -0.0065537944901734582 4.5662500858306894
decision_type=2 2 2 2 2 2 2 2 2 2 2 2 2 2 2 2 2 2 2 2 2 2 2 2 2 2 2 2 2 2
left_child=2 -2 3 9 6 -6 -5 8 11 10 -1 -4 -11 14 15 -14 18 20 -17 24 -18 -13 23 -20 26 28 -16 -28 -26 -30
right_child=1 -3 7 4 5 -7 -8 -9 -10 12 -12 21 13 -15 19 16 17 -19 22 -21 -22 -23 -24 -25 25 -27 27 -29 29 -31
leaf_value=0.00099193574120450315 -0.061497937443213413 -0.0021160969039581042 0.028967173581368934 0.00093392629375965708 -0.0010259315832518779 0.020645640581053927 -0.022209979352414408 0.077433324218352056 -0.0081034590838522189 0.054175830334900255 -0.034732106189261716 -0.01915768039238305 -0.011451314708351697 0.013769519544137793 0.013024497094789027 0.03213022768123279 7.6200924255700308e-07 0.0061418847624646836 -0.019145591307700174 0.013774801297517736 -0.0061815507927193876 0.02313403276424196 -0.02061367434253308 0.014186750062589898 -0.00025566545035612042 -0.0087498068074276184 -0.014170443680139878 0.014205182502358089 0.0039818054731316941 -0.0038267058310346293
leaf_weight=55 29 308 75 53 91 20 188 37 49 35 78 21 106 81 116 25 245 149 36 84 32 44 82 24 491 205 24 20 697 28
leaf_count=55 29 308 75 53 91 20 188 37 49 35 78 21 106 81 116 25 245 149 36 84 32 44 82 24 491 205 24 20 697 28
internal_value=-0.000354308 -0.00541543 0.000180194 -0.000278246 -0.00596591 0.00247748 -0.00985477 0.00619469 0.00383598 0.000487945 -0.00620301 0.0075 0.000846774 0.000664622 0.000380711 -0.00239628 -0.000969646 0.00140845 -0.00703593 0.00154655 -0.0017148 0.000384615 -0.00985915 -0.0025 0.00105946 0.000439831 0.0065625 -0.00340909 0.00131579 0.00306897
internal_weight=3528 337 3191 2965 352 111 241 226 189 2613 133 140 2480 2445 2364 699 593 426 167 1665 277 65 142 60 1581 1421 160 44 1216 725
internal_count=3528 337 3191 2965 352 111 241 226 189 2613 133 140 2480 2445 2364 699 593 426 167 1665 277 65 142 60 1581 1421 160 44 1216 725
is_linear=0
shrinkage=0.05


Tree=59
num_leaves=31
num_cat=0
split_feature=16 13 16 16 14 16 9 13 0 35 17 14 12 5 14 18 12 13 18 5 17 53 51 14 14 28 7 18 5 17
split_gain=4.0124 4.86816 2.86965 4.25874 7.58182 3.35477 2.9239 4.19693 2.77867 3.68089 2.72397 2.42113 2.27203 2.26852 2.94417 2.86218 2.19768 2.11996 2.52241 3.12458 2.49893 2.62287 2.63452 2.47822 2.15999 3.87467 4.03637 3.60192 3.29447 3.25255
threshold=0.97999998927116405 -0.63277778029441822 0.85999998450279247 0.4200000017881394 0.24583332985639575 0.53999999165534984 0.099314019083976759 -0.14111111313104627 0.49999998509883886 -0.087749999016523347 0.37500000000000006 0.37083333730697637 0.58060583472251903 0.075000001117587103 0.42083333432674414 0.51379999518394481 3.3326171636581425 -0.78000000119209278 0.55159997940063488 0.32500000298023229 1.0000000180025095e-35 5.5120000839233407 4.9665000438690194 0.095833335071802153 0.22083333134651187 -2.1342999935150142 1.0000000180025095e-35 0.39699682593345648 0.52500000596046459 0.54166665673255932
decision_type=2 2 2 2 2 2 2 2 2 2 2 2 2 2 2 2 2 2 2 2 2 2 2 2 2 2 2 2 2 2
left_child=2 -2 3 11 10 13 -4 8 -8 -10 -5 17 -12 -6 15 -15 -13 23 20 -20 -19 22 24 -1 27 -26 29 -22 -28 -27
right_child=1 -3 6 4 5 -7 7 -9 9 -11 12 16 -14 14 -16 -17 -18 18 19 -21 21 -23 -24 -25 25 26 28 -29 -30 -31
leaf_value=0.00091962237930515991 -0.058423040571052721 -0.0020102920587601997 -0.0041849563019365713 -0.053174499716149383 -0.017430542337209528 0.030565979812204963 -0.010038149654031209 0.072557137792081602 0.022911773706171281 -0.031368908812238298 0.0030464835844616401 0.00075260892097209773 -0.022587433493979767 0.00256446981644205 -0.0061437769886464296 -0.0024443313893758424 0.023367343581741914 -0.006849717087803759 -0.00027317033931374023 0.0038711124263097643 0.0018505812195108149 -0.006630566723875392 0.019094889724668052 -0.036821391733308041 0.02303407444149334 -0.0041915310713462875 -0.00090494109918462799 -0.00099093088414130281 0.016849611793594076 -0.017918945589454883
leaf_weight=65 29 308 20 59 45 32 25 78 82 21 26 43 55 77 24 34 46 35 282 381 428 56 41 68 32 269 68 671 28 100
leaf_count=65 29 308 20 59 45 32 25 78 82 21 26 43 55 77 24 34 46 35 282 381 428 56 41 68 32 269 68 671 28 100
internal_value=-0.000226757 -0.00541543 0.000321216 -9.27487e-05 -0.00525568 0.000707547 0.00575221 0.00752427 0.00195312 0.00558252 -0.0142857 0.000602755 -0.00833333 -0.00194444 0.0012963 0.00472973 0.00870787 0.000316957 0.00065872 0.00328054 -0.000347222 -7.38334e-05 0.000290165 -0.00582707 -3.13283e-05 -0.0027666 -0.00392473 0.00120564 0.00520833 -0.00630081
internal_weight=3528 337 3191 2965 352 212 226 206 128 103 140 2613 81 180 135 111 89 2524 2391 663 1728 1693 1637 133 1596 497 465 1099 96 369
internal_count=3528 337 3191 2965 352 212 226 206 128 103 140 2613 81 180 135 111 89 2524 2391 663 1728 1693 1637 133 1596 497 465 1099 96 369
is_linear=0
shrinkage=0.05


Tree=60
num_leaves=31
num_cat=0
split_feature=13 5 16 51 11 0 13 14 18 13 0 9 51 3 13 16 9 14 46 2 11 18 22 21 44 16 46 10 12 11
split_gain=3.99215 4.03466 3.73405 2.63052 2.57308 2.90039 2.64662 4.06255 2.40958 2.40267 2.08097 2.13734 1.96645 2.0604 2.45043 2.42367 2.51346 2.2422 2.89189 2.80507 2.03258 1.84337 1.78012 1.77816 2.01209 1.82352 2.12926 1.61859 1.70374 1.66683
threshold=-0.78000000119209278 0.075000001117587103 1.1800000071525576 -29.439000129699703 -0.010245183948427437 0.38000001013278967 -0.10955555737018584 0.22916666418313983 0.37905555963516241 -0.06955555826425551 1.1800000071525576 1.5713990926742556 3.9939999580383305 0.29734541475772863 -0.28000000119209284 0.97999998927116405 0.093146655708551421 0.18750000000000003 -0.12299999967217444 0.5000000149011613 0.017716239206492904 0.51239523291587841 -0.13484999537467954 0.92550000548362743 -7.4999999999999991 0.85999998450279247 0.014833332970738413 -14.415544986724852 4.0904247760772714 -0.053536498919129365
decision_type=2 2 2 2 2 2 2 2 2 2 2 2 2 2 2 2 2 2 2 2 2 2 2 2 2 2 2 2 2 2
left_child=27 2 4 -3 23 6 7 -6 -7 -4 11 12 13 15 17 -5 -17 22 -19 -20 -21 -18 -15 25 -25 26 -2 -1 29 -29
right_child=1 3 9 10 5 8 -8 -9 -10 -11 -12 -13 -14 14 -16 16 21 18 19 20 -22 -23 -24 24 -26 -27 -28 28 -30 -31
leaf_value=0.00059321789628653625 -0.00033777782582834482 0.077914045052986894 -0.038956705001447323 0.00040678147425683708 0.013988927182908657 0.0072266912357456308 0.040554569799749612 -0.016857139629964785 -0.0031119120498947031 -0.010512525351189066 0.029906469668655924 -0.0016444400060013698 0.016841032362025676 0.012459351358259796 0.0066896558900308633 0.004433491428945893 0.0010265829969428257 -0.03220937546656142 -0.011871117641615246 -0.0055122826246590123 0.008721759207264923 -0.0062342352198230472 0.00021893942051278629 -0.065964040311770514 -0.00170061567561203 0.01341567020079988 -0.028909772921205525 -0.021518757605440975 0.0057016618401325991 -0.043243845050934926
leaf_weight=43 189 26 33 1521 22 55 57 20 381 28 26 43 106 50 199 21 21 31 22 36 61 127 109 22 27 21 78 51 20 45
leaf_count=43 189 26 33 1521 22 55 57 20 381 28 26 43 106 50 199 21 21 31 22 36 61 127 109 22 27 21 78 51 20 45
internal_value=3.58064e-05 0.000405162 -0.00238478 0.0014902 -0.00154817 0.000607477 0.00833333 -0.00119048 -0.00114679 -0.0143443 0.0013169 0.00116106 0.00136719 0.00104641 0.00383858 0.000207101 -0.00547337 0.00105178 -0.00333333 0.000210084 0.00386598 -0.00777027 0.00518868 -0.00497033 -0.0137755 -0.00347222 -0.00458801 -0.0077044 -0.0107759 -0.0135417
internal_weight=3491 3332 933 2399 872 535 99 42 436 61 2373 2347 2304 2198 508 1690 169 309 150 119 97 148 159 337 49 288 267 159 116 96
internal_count=3491 3332 933 2399 872 535 99 42 436 61 2373 2347 2304 2198 508 1690 169 309 150 119 97 148 159 337 49 288 267 159 116 96
is_linear=0
shrinkage=0.05


Tree=61
num_leaves=31
num_cat=0
split_feature=16 56 5 3 56 26 10 0 37 45 51 45 20 27 18 0 0 21 51 18 27 5 45 28 3 27 0 35 35 22
split_gain=3.53518 3.83254 3.06145 2.3071 3.28911 2.24841 2.0859 4.1006 1.91388 1.86921 4.08922 2.77539 2.18726 1.85618 1.85046 1.64966 1.54665 3.45421 3.02742 2.01669 3.04146 2.00445 2.80539 2.09611 1.75476 1.78525 1.48595 1.52758 1.49496 1.47392
threshold=1.1800000071525576 -1.1614999771118162 0.17500000074505809 0.49050766229629522 -2.0039999485015865 -13.077749729156492 -8.8258118629455549 0.70000001788139354 -7.6365499496459952 2.6789166927337651 3.9939999580383305 5.1666665077209482 9.8439998626709002 0.35555000603199011 0.44034522771835333 1.060000002384186 0.90000000596046459 1.4066500067710879 -0.13749999552965161 0.6712261736392976 0.10464999824762346 0.52500000596046459 -0.41650000214576716 0.085799999535083785 0.29734541475772863 1.1669999957084658 0.49999998509883886 -0.11500000208616255 1.1682500243186953 1.7610499858856203
decision_type=2 2 2 2 2 2 2 2 2 2 2 2 2 2 2 2 2 2 2 2 2 2 2 2 2 2 2 2 2 2
left_child=3 -2 15 5 -5 -1 -4 -8 -7 10 16 -11 -13 -12 -15 -3 19 18 21 24 -21 22 23 -18 29 -26 -6 -28 -29 -10
right_child=1 2 6 4 26 8 7 -9 9 11 13 12 -14 14 -16 -17 17 -19 -20 20 -22 -23 -24 -25 25 -27 27 28 -30 -31
leaf_value=0.090292232891919705 -0.040844638981425943 -0.018421178727670472 0.0042838989943744469 -0.03443355500090161 0.018866672522902247 -0.0033485615190855795 -0.02644244947372594 0.010117006521075467 0.00010477028411487862 -0.016099473441023814 0.040102978507919544 0.031811908073812289 -0.0025349485330993684 -0.015156835607695346 0.031655840421532869 -0.0034813756935043101 -0.0072085219538611496 0.023392898833919398 0.0011826360250358201 0.011501778028489274 -0.0099818899849566829 -0.026878418709441101 -0.028147290164165412 0.016891798072999831 0.0020803000994853759 -0.0089902946902601488 0.0035451657354899665 -0.029264494069387328 0.0047208974278226184 -0.0025702669602327669
leaf_weight=23 33 38 51 38 21 33 20 28 1716 48 35 20 23 24 22 29 52 30 55 63 37 108 25 29 640 44 20 32 23 131
leaf_count=23 33 38 51 38 21 33 20 28 1716 48 35 20 23 24 22 29 52 30 55 63 37 108 25 29 640 44 20 32 23 131
internal_value=6.44514e-05 -0.00640704 -0.00331325 0.00045565 -0.00597015 0.000728309 0.00227273 -0.00520833 0.000614035 0.000741457 0.000954832 -0.00631868 0.00290698 0.012037 0.00543478 -0.0115672 0.000648464 -0.0027592 -0.0045539 0.00103573 0.008 -0.00724299 -0.00235849 0.00216049 0.000760569 0.00292398 -0.00104167 -0.00433333 -0.00863636 -4.06064e-05
internal_weight=3491 199 166 3292 134 3158 99 48 3135 3102 3011 91 43 81 46 67 2930 299 269 2631 100 214 106 81 2531 684 96 75 55 1847
internal_count=3491 199 166 3292 134 3158 99 48 3135 3102 3011 91 43 81 46 67 2930 299 269 2631 100 214 106 81 2531 684 96 75 55 1847
is_linear=0
shrinkage=0.05


Tree=62
num_leaves=31
num_cat=0
split_feature=13 18 2 47 12 13 2 13 10 20 51 51 35 12 14 28 21 3 18 14 22 8 13 28 2 21 18 51 2 13
split_gain=3.74923 3.87989 3.63387 4.39783 3.49521 2.53734 3.35945 5.01736 3.72496 3.16649 2.96239 2.43916 2.38405 2.10612 3.08284 2.00182 2.00068 1.98022 1.96084 1.97336 1.81832 2.4958 2.76561 2.22663 2.74026 3.62709 2.28407 1.9965 2.40376 2.33993
threshold=-0.28000000119209284 0.71586576104164135 0.43199999630451208 0.25519168376922613 5.9945154190063485 -0.78000000119209278 0.58933332562446605 -0.39577777683734888 -15.6600284576416 -1.114750027656555 -4.3894999027252188 3.3835000991821294 0.37324999272823339 5.3514237403869638 0.17083333432674411 -0.16049999743700025 0.97380000352859508 0.3211930543184281 0.41731111705303198 0.087500002235174193 1.3513000011444094 0.63333335518836986 3.5680000782012944 -0.20545000582933423 0.14355555921792987 -0.80555000901222218 0.27918519079685217 -3.782500028610229 0.34999999403953558 -0.018000000156462189
decision_type=2 2 2 2 2 2 2 2 2 2 2 2 2 2 2 2 2 2 2 2 2 2 2 2 2 2 2 2 2 2
left_child=1 2 3 -1 11 -4 7 17 -8 -10 -11 20 -3 14 18 -12 -13 -7 -9 -20 21 -2 23 24 -23 -26 -27 -25 29 -29
right_child=4 12 5 -5 -6 6 8 13 9 10 15 16 -14 -15 -16 -17 -18 -19 19 -21 -22 22 -24 27 25 26 -28 28 -30 -31
leaf_value=0.00082047470898777069 -0.00021552951693927245 -0.036388496650224679 -0.010669842081411508 -0.018564154851648897 -0.002575429530596327 -0.041092867581385389 -0.00072761807075930301 0.01280093955037292 0.012344294527770956 -0.019494216410521726 -0.0019461884865450609 0.020836635971581231 -0.00045702796888682509 0.01484108465870141 -0.012408517450975468 0.010052521327674889 -0.008556043358479164 -0.0067420207835675733 -0.00054581068504991738 0.0043219433037061019 -0.0025545416622803985 -0.0042679889147764606 0.10954492672718513 -0.0059277619730376393 -0.0073957756087012468 -0.0037674430699343123 0.0067873368328614557 0.00092623566642496 0.0068196419839799466 0.013412299168504933
leaf_weight=35 631 61 147 80 39 62 41 39 117 37 116 121 28 24 144 267 25 60 84 63 180 122 26 29 55 63 289 282 139 85
leaf_count=35 631 61 147 80 39 62 41 39 117 37 116 121 28 24 144 267 25 60 84 63 180 122 26 29 55 63 289 282 139 85
internal_value=2.14838e-05 -0.00197509 -0.00129179 -0.00978261 0.00136625 -0.000478768 0.000379507 -0.00273109 0.00294118 0.00405028 0.00202381 0.00164875 -0.0120787 0.000282486 -0.000757576 0.00332898 0.00787671 -0.0114754 0.00349462 0.00085034 0.00117044 0.00167054 0.00311927 0.00272556 0.000425331 0.00239558 0.00426136 0.005 0.00573123 0.00361035
internal_weight=3491 1405 1316 115 2086 1201 1054 476 578 537 420 2047 89 354 330 383 146 122 186 147 1901 1721 1090 1064 529 407 352 535 506 367
internal_count=3491 1405 1316 115 2086 1201 1054 476 578 537 420 2047 89 354 330 383 146 122 186 147 1901 1721 1090 1064 529 407 352 535 506 367
is_linear=0
shrinkage=0.05


Tree=63
num_leaves=31
num_cat=0
split_feature=16 13 46 13 2 2 13 14 19 14 4 13 18 13 12 2 20 14 10 13 2 20 46 28 51 16 13 14 14 17
split_gain=3.10528 3.30844 2.73268 2.48906 4.2238 6.35738 5.75685 3.77495 4.24511 3.0157 4.06829 4.38921 3.87291 2.89051 2.74075 2.73937 3.26205 3.55314 3.0798 2.67111 2.80729 2.45152 2.38894 2.30022 2.47049 2.91938 2.22118 2.03124 3.02091 1.99365
threshold=0.97999998927116405 -0.14449999481439588 0.014833332970738413 -0.10955555737018584 0.43199999630451208 0.14355555921792987 0.021999999880790714 0.24583332985639575 1.0000000180025095e-35 0.054166667163372047 0.38000001013278967 -0.78000000119209278 0.60763701796531688 -0.33200000226497645 5.1105892658233651 0.34999999403953558 0.79049998521804821 0.087500002235174193 -9.9153690338134748 -0.31000000238418574 0.63133332133293163 1.3015000224113467 0.61583334207534801 -0.55139997601509083 0.41550000011920935 0.34000000357627874 -0.24599999934434888 0.22083333134651187 0.19583333283662799 0.20833333581686023
decision_type=2 2 2 2 2 2 2 2 2 2 2 2 2 2 2 2 2 2 2 2 2 2 2 2 2 2 2 2 2 2
left_child=3 2 -2 9 5 6 29 21 -9 12 13 -12 22 14 -11 27 17 -17 26 -13 -21 -7 -1 -6 25 -25 -19 28 -15 -5
right_child=1 -3 -4 4 23 7 -8 8 -10 10 11 19 -14 15 -16 16 -18 18 -20 20 -22 -23 -24 24 -26 -27 -28 -29 -30 -31
leaf_value=0.0022507542741993475 -0.032253990722789491 -0.00061439081002053484 -0.0070526692546761527 0.0020094228897240508 -0.0072549888478482989 0.01414064843241223 0.027711323731421912 0.043710287686637019 -0.00040269488936675265 -0.020666708918233953 -0.024157163164600148 0.0012861091323168119 -0.0032884675517413464 -0.0014695456331302176 0.002070993247159997 -0.0048318751424720257 -0.0085090752382090858 -0.0049843323760324189 0.014384333721207272 0.032231223269425117 5.9013012089709915e-05 -0.0056668465746244293 -0.010895139232493745 -0.0019061832732439107 -0.0091448692568920249 0.017457526365530922 0.021525820581659184 -0.0082443052630317409 0.0086204409961821282 -0.0027147991163502085
leaf_weight=208 59 241 42 99 48 210 75 188 38 160 108 650 29 190 35 50 83 61 106 64 44 23 34 107 34 31 32 129 31 282
leaf_count=208 59 241 42 99 48 210 75 188 38 160 108 650 29 190 35 50 83 61 106 64 44 23 34 107 34 31 32 129 31 282
internal_value=-7.16127e-06 -0.00453216 -0.0121287 0.000484281 0.00235683 0.00385246 -0.000328947 0.00800654 0.0126106 -0.000571003 -0.00133391 0.001097 0.00433579 -0.00373432 -0.00910256 -0.00219941 0.00105422 0.00391566 0.00690955 0.00244063 0.00972222 0.00354077 0.00640496 -0.00386364 -0.00116279 0.00181159 0.000268817 -0.00528571 -0.00237557 -0.00282152
internal_weight=3491 342 101 3149 1135 915 456 459 226 2014 1743 866 271 877 195 682 332 249 199 758 108 233 242 220 172 138 93 350 221 381
internal_count=3491 342 101 3149 1135 915 456 459 226 2014 1743 866 271 877 195 682 332 249 199 758 108 233 242 220 172 138 93 350 221 381
is_linear=0
shrinkage=0.05


Tree=64
num_leaves=31
num_cat=0
split_feature=46 15 53 13 9 46 18 46 5 4 45 26 11 18 18 46 28 45 20 20 20 10 20 46 5 45 51 0 47 28
split_gain=2.51995 4.02501 2.88593 2.82919 2.73589 2.8045 2.51171 2.51137 2.35971 2.24963 2.09007 2.38133 2.47885 2.27772 4.8422 2.023 3.67743 2.13476 1.90907 2.146 1.92405 1.87851 1.78884 2.53044 1.97217 3.21271 2.48464 2.22497 1.87984 2.49969
threshold=-0.1493333354592323 0.16666667163372043 0.52050000429153453 -0.3599999994039535 0.30503806471824652 -0.16516666859388349 0.37905555963516241 -0.44233332574367518 0.42499999701976782 0.1799999997019768 0.11291666701436044 -0.08249999955296515 -0.076079230755567537 0.41544620692729956 0.48501852154731756 -4.6759998798370352 1.1921499967575075 0.25058333575725561 -0.061750000342726701 -0.45349998772144312 -1.2084999680519102 -9.3327941894531232 2.6194999217987065 0.22450000047683719 0.17500000074505809 0.16125000268220904 -29.439000129699703 0.059999998658895499 2.4895701408386235 -1.0991500020027158
decision_type=2 2 2 2 2 2 2 2 2 2 2 2 2 2 2 2 2 2 2 2 2 2 2 2 2 2 2 2 2 2
left_child=1 3 22 -1 5 8 7 -3 9 -5 -4 13 -13 -12 -15 -8 17 18 19 20 -17 -10 24 -24 25 -2 -26 -28 -29 -30
right_child=2 6 10 4 -6 -7 15 -9 21 -11 11 12 -14 14 -16 16 -18 -19 -20 -21 -22 -23 23 -25 26 -27 27 28 29 -31
leaf_value=-0.027867852945124352 -0.00045417930158502836 -0.0070947102388493923 0.0070248986653356459 -0.0040220076055916031 -0.010895506025227911 -0.01108343140802253 0.06367905988423235 0.038386049006213369 -0.0099098419884113952 0.013773105736337027 -0.0083687026759682072 -0.0095176107532198972 0.0052913556043879765 0.039774033271132013 -0.0037714721408039819 0.0054489728293410818 -0.048472097435862761 0.014931047077416626 -0.0057359024758641313 0.012138377858385769 -0.032043243904847772 0.0018335942555990318 -0.0010080819887085077 0.094635128498490803 0.078914808724393382 -0.018645721760297104 -0.0049369874967221273 0.00042718471556882955 0.0032078640339465031 -0.019532562815987874
leaf_weight=124 568 22 64 50 94 20 38 35 27 72 44 29 383 20 38 66 30 29 112 37 35 29 40 37 21 91 52 1179 46 59
leaf_count=124 568 22 64 50 94 20 38 35 27 72 44 29 383 20 38 66 30 29 112 37 35 29 40 37 21 91 52 1179 46 59
internal_value=0.000107419 -0.00231707 0.000851741 -0.00576923 -0.00308219 0.000252525 0.00123762 0.0109649 0.00224719 0.00614754 0.00397924 0.00291829 0.00461165 -0.00392157 0.00258621 -0.000360231 -0.00169903 8.96057e-05 -0.0014 0.00253623 -0.00123762 -0.00625 -1.19446e-05 0.00746753 -0.000297619 -0.00254173 0.000792189 0.000523952 0.000934579 -0.00547619
internal_weight=3491 820 2671 416 292 198 404 57 178 122 578 514 412 102 58 347 309 279 250 138 101 56 2093 77 2016 659 1357 1336 1284 105
internal_count=3491 820 2671 416 292 198 404 57 178 122 578 514 412 102 58 347 309 279 250 138 101 56 2093 77 2016 659 1357 1336 1284 105
is_linear=0
shrinkage=0.05


Tree=65
num_leaves=31
num_cat=0
split_feature=5 16 13 16 19 17 8 51 4 13 4 18 8 50 6 13 12 35 26 47 12 44 51 51 16 26 12 26 8 44
split_gain=2.6395 3.29563 2.36553 4.2933 5.33958 5.61016 3.45104 3.33652 2.58286 2.89157 3.43445 2.67311 2.57332 2.53565 2.48055 2.92899 3.51347 2.51334 2.85488 2.54735 2.41631 2.17017 2.02826 2.82024 1.96241 1.92644 2.1511 1.8903 1.87013 1.96802
threshold=0.075000001117587103 1.4200000166893008 0.021999999880790714 0.21999999880790713 1.0000000180025095e-35 0.20833333581686023 0.76666668057441723 -1.6464999914169309 0.099999997764825835 -0.10733333602547644 0.29999999701976782 0.63197779655456554 1.0000000180025095e-35 1.0000000180025095e-35 0.90000000596046459 -0.50733333826065052 0.31217537820339208 -1.1704999804496763 2.2789999246597294 1.9311406016349795 3.1392570734024052 -4.4999999999999991 0.64849999547004711 0.43450000882148748 0.34000000357627874 0.70874997973442089 2.0987914800643925 2.9120000600814824 0.83333334326744091 -8.4999999999999982
decision_type=2 2 2 2 2 2 2 2 2 2 2 2 2 2 2 2 2 2 2 2 2 2 2 2 2 2 2 2 2 2
left_child=1 -1 8 -4 5 6 -5 -6 11 12 24 22 -10 -12 15 16 -14 -18 19 -19 25 -22 23 -2 -11 26 -17 -27 29 -16
right_child=2 -3 3 4 7 -7 -8 -9 9 10 13 -13 14 -15 28 20 17 18 -20 -21 21 -23 -24 -25 -26 27 -28 -29 -30 -31
leaf_value=-0.0011205712053972416 -0.0018789557889887733 -0.027251033242699133 -0.0040186800870792077 -0.028628555624434605 0.0019099669569856773 0.042772283788326503 0.026031459517003964 -0.0055678933083913923 -0.022071971777426393 0.033347174135571735 -0.005887757165445583 0.0031952553688051957 0.0028271612291017388 0.0065258936270252213 -0.0094757751707193125 0.0033910733003577722 0.0072269385005435671 -0.0024711047326530181 0.018776061919407994 -0.04099872473794676 0.0028450038195039665 0.02597383922395189 -0.0061884511168659347 0.0059616597666700879 0.0030607488763577865 -0.010433459418757956 -0.0059718500768483731 0.0041115004150815817 -0.0070156715477846954 0.00078280431414214004
leaf_weight=907 268 47 34 29 20 144 27 27 29 91 90 30 56 25 34 243 87 175 24 70 243 41 245 33 80 79 55 21 154 120
leaf_count=907 268 47 34 29 20 144 27 27 29 91 90 30 56 25 34 243 87 175 24 70 243 41 245 33 80 79 55 21 154 120
internal_value=-0.000269274 -0.00251572 0.000563326 0.00489324 0.00718623 0.01075 -0.00267857 -0.00797872 3.27082e-05 0.00100466 0.00559441 -0.00286458 8.73515e-05 -0.00108696 0.000392297 0.00150823 -0.00182039 -0.00365169 -0.00604089 -0.00765306 0.00351906 0.00704225 -0.003663 -0.000913621 0.0100877 0.00100503 0.00302013 -0.005 -0.00357143 0.000324675
internal_weight=3528 954 2574 281 247 200 56 47 2293 1717 286 576 1431 115 1402 1094 412 356 269 245 682 284 546 301 171 398 298 100 308 154
internal_count=3528 954 2574 281 247 200 56 47 2293 1717 286 576 1431 115 1402 1094 412 356 269 245 682 284 546 301 171 398 298 100 308 154
is_linear=0
shrinkage=0.05


Tree=66
num_leaves=31
num_cat=0
split_feature=46 13 2 14 35 2 20 26 13 37 27 11 0 53 17 46 9 36 56 13 10 4 48 36 46 46 14 8 21 12
split_gain=1.62192 2.88074 3.09696 2.01211 2.24906 2.14692 1.99556 3.02999 2.41697 2.92845 4.11576 4.19037 2.11458 2.30682 2.66139 1.9136 1.85004 1.78058 1.62459 4.23132 2.16844 2.64384 2.15704 2.09675 2.1096 2.0119 1.74024 1.71963 2.59862 3.22071
threshold=0.07816666737198831 -0.058000000193715089 0.14355555921792987 0.40416666865348821 1.9217500090599062 0.08000000007450582 -0.9724999964237212 -0.096750002354383455 -0.10583333298563956 0.66525000333786022 -0.57220000028610218 0.32331565022468572 0.58000001311302196 -0.41099999845027918 0.20833333581686023 0.13133332878351214 0.09673341736197473 0.25505000352859503 -2.3240000009536739 3.5680000782012944 -10.201372146606444 0.1799999997019768 1.0000000180025095e-35 0.84810000658035289 -0.13283333927392957 0.055833334103226669 0.070833336561918273 0.83333334326744091 -0.15619999915361402 2.0629919767379765
decision_type=2 2 2 2 2 2 2 2 2 2 2 2 2 2 2 2 2 2 2 2 2 2 2 2 2 2 2 2 2 2
left_child=18 2 -2 4 5 -3 12 16 9 15 -11 17 13 14 -4 -9 -8 -12 19 20 -1 -22 -20 25 -25 26 -24 -28 -29 -30
right_child=1 3 6 -5 -6 -7 7 8 -10 10 11 -13 -14 -15 -16 -17 -18 -19 22 -21 21 -23 23 24 -26 -27 27 28 29 -31
leaf_value=-0.019726748861911447 -0.0096723740627593022 -0.0036367434464418011 0.0056461421319139856 -0.001044716840281415 -0.0034728533108099855 0.018423308842775054 0.00045501930473512697 0.0091681347215018943 0.022810988289806267 0.022913173481166928 -0.020003749374034027 0.005513312869333032 0.011791466448760626 0.016527023900022208 -0.013220127319655474 0.0067876231148519322 -0.0089758109175263456 -0.0027321721503415055 -0.0012239623667501425 0.081791894125897227 -0.029500146979373934 0.00048248507125019384 -0.00093202264560496317 3.2338751038479828e-05 0.024049203894612143 -0.010945915923877125 0.0012577401667479319 0.0021799424540704299 0.0053394836886579847 -0.0078296702795712571
leaf_weight=221 45 24 39 37 28 167 29 36 31 21 47 29 108 28 49 132 178 37 840 24 29 149 75 34 29 53 391 281 98 239
leaf_count=221 45 24 39 37 28 167 29 36 31 21 47 29 108 28 49 132 178 37 840 24 29 149 75 34 29 53 391 281 98 239
internal_value=-0.000198413 0.00143192 -3.09023e-05 0.00605469 0.00787671 0.00981675 0.000719895 -0.000925926 0.00202703 0.000662252 -0.00485075 -0.00862832 0.0046875 0 -0.00397727 0.00505952 -0.00567633 -0.0142857 -0.00090337 -0.0037234 -0.00494987 -0.000842697 -0.000318627 0.00104167 0.00992063 0.000549692 0.00101476 0.00156095 -8.09061e-05 -0.00304154
internal_weight=3528 1065 809 256 219 191 764 540 333 302 134 113 224 116 88 168 207 84 2463 423 399 178 2040 1200 63 1137 1084 1009 618 337
internal_count=3528 1065 809 256 219 191 764 540 333 302 134 113 224 116 88 168 207 84 2463 423 399 178 2040 1200 63 1137 1084 1009 618 337
is_linear=0
shrinkage=0.05


Tree=67
num_leaves=31
num_cat=0
split_feature=16 10 18 10 0 18 0 18 53 9 18 4 16 16 16 5 16 9 21 10 2 10 18 18 44 56 28 56 44 18
split_gain=2.56724 3.77888 1.79341 3.45352 3.29477 2.38947 1.79884 2.621 2.29869 2.0964 1.76348 2.5 2.16 1.63651 3.27345 3.08082 3.01772 3.05451 2.54368 2.27792 2.68126 2.44208 2.08585 4.1207 1.86744 1.86043 2.12967 1.74901 3.90896 2.48087
threshold=1.4200000166893008 -9.5960326194763166 0.6712261736392976 -11.456230163574217 0.58000001311302196 0.66119998693466198 0.62000000476837169 0.71586576104164135 -2.3235000371932979 0.29190769791603094 0.76358386874198925 0.71999999880790722 1.560000002384186 0.85999998450279247 0.4200000017881394 0.27500000596046453 0.97999998927116405 0.16719070076942447 0.80099999904632579 -9.3748416900634748 0.58933332562446605 -10.339676380157469 0.52114614844322216 0.51588761806488048 -1.4999999999999998 -0.068500000983476625 0.085799999535083785 -1.9690000414848325 92.500000000000014 0.43568253517150884
decision_type=2 2 2 2 2 2 2 2 2 2 2 2 2 2 2 2 2 2 2 2 2 2 2 2 2 2 2 2 2 2
left_child=2 -2 5 -4 -5 13 9 8 -8 -6 11 -3 -12 14 27 -16 17 24 -19 20 -17 -22 23 -18 -15 -21 -27 28 29 -1
right_child=1 10 3 4 6 -7 7 -9 -10 -11 12 -13 -14 16 15 19 22 18 -20 25 21 -23 -24 -25 -26 26 -28 -29 -30 -31
leaf_value=-0.017492680680469535 -0.036247077843800136 0.001042453083981585 0.0040178486957681342 0.010394241417235456 -0.0015233601129387483 -0.012452467231702069 -0.011816878979070956 -0.033089233913968112 0.012885768045209823 -0.028300032216811877 0.020340624605959791 -0.040991922716672381 -0.0039222014885078342 -0.0098764742514485422 -0.024933723065941063 -0.016132658094231322 0.0003895605460344877 0.034318457957160285 -0.012230912734655689 0.0058554643470798426 -0.0068257006768362993 0.0065103558793564 0.0010984883203409676 -0.0063908556613227535 0.031657808241918606 -0.0024537583218279288 0.0079766486576808415 0.00031222084029110215 0.07049262544916611 -0.0042426064619481172
leaf_weight=55 46 20 47 45 20 37 20 22 42 21 25 20 50 34 100 75 69 127 24 26 25 28 44 37 28 44 23 2071 21 282
leaf_count=55 46 20 47 45 20 37 20 22 42 21 25 20 50 34 100 75 69 127 24 26 25 28 44 37 28 44 23 2071 21 282
internal_value=-0.000198413 -0.00636646 9.65251e-05 0.00449309 0.00117647 -0.000206349 -0.003 0.00119048 0.00645161 -0.0115854 -0.00152174 -0.01 0.003 -5.62159e-05 -0.000472727 -0.00521807 0.00309917 0.00692488 0.0107616 -0.00192308 -0.00625 0.00235849 -0.00233333 -0.00613208 -0.00241935 0.00403226 -0.000373134 0.000154385 -0.00307263 -0.00437685
internal_weight=3528 161 3367 217 170 3150 125 84 62 41 115 40 75 3113 2750 321 363 213 151 221 128 53 150 106 62 93 67 2429 358 337
internal_count=3528 161 3367 217 170 3150 125 84 62 41 115 40 75 3113 2750 321 363 213 151 221 128 53 150 106 62 93 67 2429 358 337
is_linear=0
shrinkage=0.05


Tree=68
num_leaves=31
num_cat=0
split_feature=16 10 18 2 46 47 14 14 14 20 17 18 3 8 16 56 26 16 12 28 18 3 10 22 53 22 14 4 8 44
split_gain=2.2155 3.11502 2.21602 2.025 1.66906 2.93347 3.66864 3.1612 3.16755 3.01634 2.37723 2.12483 1.6709 2.65036 1.63714 2.76752 2.49783 2.31 2.28726 2.01771 2.89227 1.58944 2.4974 1.56309 3.60573 2.26015 3.32011 3.08744 2.53893 2.01003
threshold=1.4200000166893008 -9.6243691444396955 0.76358386874198925 0.89399999380111705 0.0041666666511446246 2.7832752466201787 0.029166667722165588 0.24583332985639575 0.27916666865348821 1.9587500095367434 0.12500000372529033 0.46966665983200079 0.19831921160221103 1.2333333492279055 0.85999998450279247 -2.6830000877380367 2.5857501029968266 0.25999999791383749 4.9012756347656259 0.17274999618530276 0.51742064952850353 0.22581839561462405 -9.8694887161254865 0.042650001123547561 -2.7979999780654903 0.5417500138282777 0.21249999850988391 0.099999997764825835 1.1000000238418581 -1.0000000180025095e-35
decision_type=2 2 2 2 2 2 2 2 2 2 2 2 2 2 2 2 2 2 2 2 2 2 2 2 2 2 2 2 2 2
left_child=4 -2 3 -3 23 6 -6 10 9 -9 11 -8 -10 -14 15 -12 17 19 -19 20 -17 22 -7 -1 -25 26 -26 -27 -28 -29
right_child=1 2 -4 -5 5 21 7 8 12 -11 14 -13 13 -15 -16 16 -18 18 -20 -21 -22 -23 -24 24 25 27 28 29 -30 -31
leaf_value=-0.00063914040662017846 -0.034862855047486985 0.0009658724396368161 0.0014320451250574536 -0.045381860581319967 0.014780700717096171 0.021099725825934227 0.012949643498221183 0.02015559904095033 -0.00088197359378178186 -0.0023298540541590268 -0.038032041889333429 0.0022714346918694442 -0.010777265688279081 0.0041140911574461276 0.015200985288963033 -0.00090446891593153056 0.013958244136421473 -0.0189781522193255 0.0078959907427110353 -0.0082443994798295072 0.046658455812184467 -0.0085352243358814417 -0.0084947525541012696 -0.027415397854864177 0.0055182024962552563 -0.0086867205833926538 -0.020720564604193876 0.00024315569882922829 0.0026126836792873228 0.024775473617476718
leaf_weight=1212 45 20 76 20 115 37 22 93 165 33 25 109 39 288 37 45 30 147 29 20 22 97 50 32 148 115 23 325 72 37
leaf_count=1212 45 20 76 20 115 37 22 93 165 33 25 109 39 288 37 45 30 147 29 20 22 97 50 32 148 115 23 325 72 37
internal_value=-0.000325964 -0.0060559 -0.00172414 -0.01125 -5.19751e-05 0.00126515 0.0021534 0.00126812 0.00364078 0.0107143 -0.00174897 0.00400763 0.00182927 0.00389908 -0.00387324 -0.00503145 -0.00366894 -0.00522814 -0.00852273 0.00143678 0.00559701 -0.00461957 0.000287356 -0.000992872 0.000797872 0.00152778 0.00545267 -0.000471698 -0.00184211 0.00179558
internal_weight=3528 161 116 40 3367 1403 1219 1104 618 126 486 131 492 327 355 318 293 263 176 87 67 184 87 1964 752 720 243 477 95 362
internal_count=3528 161 116 40 3367 1403 1219 1104 618 126 486 131 492 327 355 318 293 263 176 87 67 184 87 1964 752 720 243 477 95 362
is_linear=0
shrinkage=0.05


Tree=69
num_leaves=31
num_cat=0
split_feature=16 14 14 18 9 51 14 16 0 21 14 18 2 21 36 0 14 9 12 20 5 5 36 18 46 21 16 16 11 17
split_gain=2.29284 3.75663 3.84362 3.73717 3.55362 2.68892 2.47115 2.41411 3.77682 2.33501 3.32012 3.29105 4.1942 2.35441 2.30837 2.33271 2.14184 2.06286 1.98626 1.97318 1.78774 1.77039 1.68069 2.63607 2.04848 1.60578 1.81418 1.53189 3.00368 2.5549
threshold=0.29999999701976782 0.23749999701976779 0.22083333134651187 0.38514813780784612 1.1378814578056338 -0.72850000858306874 0.37083333730697637 1.4200000166893008 0.21999999880790713 -0.14320000261068341 0.38750000298023229 0.2853889018297196 0.08000000007450582 -0.28470000624656672 0.51654997467994701 0.74000000953674328 0.31250000000000006 0.2179071977734566 3.8238695859909062 -0.46924999356269831 1.0000000180025095e-35 0.17500000074505809 0.1082499995827675 0.66119998693466198 -0.12616666406393048 -0.80555000901222218 0.38000001013278967 0.62000000476837169 0.023769366554915908 0.29166667163372045
decision_type=2 2 2 2 2 2 2 2 2 2 2 2 2 2 2 2 2 2 2 2 2 2 2 2 2 2 2 2 2 2
left_child=6 2 3 5 14 -2 -1 9 -9 10 25 16 -13 18 20 -16 -11 -10 -12 -4 -5 -6 24 -24 -14 26 -3 29 -29 -22
right_child=1 7 19 4 21 -7 -8 8 17 11 13 12 22 -15 15 -17 -18 -19 -20 -21 27 -23 23 -25 -26 -27 -28 28 -30 -31
leaf_value=0.00015320739854646377 -0.004547226465017473 0.025611709261450379 -0.0091628633105456606 -0.042888746655559376 -0.0028071723996270755 0.0077540927725584302 0.010004162192706924 0.0025348095398162575 -0.0013139469448895436 -0.023662525621371795 -0.0029829151093504515 -0.013908237927721473 -0.014349391009097576 0.00097081582462247825 -0.017804199833044865 0.019023729854081101 -0.00027001427281921899 -0.023430864136428576 0.00025059334590400928 -0.03653140206023045 -0.013649277865891707 0.054530883628606364 0.0050175238397157209 -0.016362260049345888 0.00066301693045523336 0.015773093926007908 -0.0012001061984255924 -0.0065826693765493882 0.014455587685712014 -0.054941517992175587
leaf_weight=1834 22 33 36 21 27 47 24 23 20 56 62 29 55 22 37 26 47 50 34 70 112 22 279 26 110 172 70 101 24 37
leaf_count=1834 22 33 36 21 27 47 24 23 20 56 62 29 55 22 37 26 47 50 34 70 112 22 279 26 110 172 70 101 24 37
internal_value=-0.000481859 -0.00182635 -0.00506873 -0.00315126 -0.00497543 0.0076087 0.000726588 -9.19118e-05 -0.0077957 0.000628141 0.00362595 -0.0013289 0.000350701 -0.00338983 -0.00670391 0.00198413 -0.00946602 -0.0135714 -0.00677083 -0.0136792 -0.00855932 0.00765306 0.00148936 0.00368852 -0.00257576 0.00663636 0.00169903 -0.00748175 -0.0034 -0.010906
internal_weight=3528 1670 582 476 407 69 1858 1088 93 995 393 602 499 118 358 63 103 70 96 106 295 49 470 305 165 275 103 274 125 149
internal_count=3528 1670 582 476 407 69 1858 1088 93 995 393 602 499 118 358 63 103 70 96 106 295 49 470 305 165 275 103 274 125 149
is_linear=0
shrinkage=0.05


Tree=70
num_leaves=31
num_cat=0
split_feature=53 13 46 26 11 21 4 3 51 12 9 11 9 51 44 14 4 20 12 44 35 11 9 13 13 26 20 53 11 3
split_gain=2.63641 5.64546 2.3656 2.63644 2.49389 1.71994 1.6423 1.5888 1.49672 1.48026 2.24348 3.11176 2.0617 2.30509 3.78824 2.65653 2.65616 3.04467 2.27 2.92894 2.14637 2.2458 2.07475 2.01183 1.84488 3.0003 2.70183 2.08878 2.01347 1.89251
threshold=-3.0475000143051143 3.6980000734329228 0.11683333292603494 -0.92450001835823048 0.63624182343482982 -0.3660499900579452 1.1399999856948855 0.242978610098362 -0.31749999523162836 5.1792669296264657 1.0003445744514468 -0.030871456488966938 0.54376775026321422 3.1049998998641972 -1.4999999999999998 0.22083333134651187 0.38000001013278967 0.94874998927116405 2.6795073747634892 -12.499999999999998 2.2367500066757207 0.66159549355506908 0.13791034370660785 0.067000001668930068 -0.058000000193715089 -0.051500000059604638 -0.51850000023841847 1.1805000305175783 0.0027581659378483896 0.25274377316236502
decision_type=2 2 2 2 2 2 2 2 2 2 2 2 2 2 2 2 2 2 2 2 2 2 2 2 2 2 2 2 2 2
left_child=1 2 3 7 5 -4 9 -1 -7 10 12 -12 13 16 15 -15 17 24 -14 -20 21 22 -18 -11 27 26 28 -2 -26 -29
right_child=6 -3 4 -5 -6 8 -8 -9 -10 23 11 -13 18 14 -16 -17 20 -19 19 -21 -22 -23 -24 -25 25 -27 -28 29 -30 -31
leaf_value=0.0029899368224309514 -0.0015203365611117195 0.096819985347646048 -0.0076780668325562894 -0.030903331105235091 0.022475852731581869 0.0070427713335262003 -0.063807899772883939 -0.015838255342364542 -0.01677120608888244 0.0030127993141984169 -0.0015642504024111015 0.02331929617029993 -0.0061153282027226032 0.028290002930251801 0.04405079203182171 -0.0064654664297766982 -0.00057995230113624962 -0.0099799048251752245 -0.038972910309274793 0.0019763658329054563 0.021100740519321062 -0.0086995686192435136 0.0017165383417254842 -0.0035251726132376712 -0.0044488823747118903 0.0069807684502325414 -0.0054634460420509628 -0.0010642702543249957 0.0018293516346186327 0.010812190889968093
leaf_weight=36 689 25 86 81 20 58 27 68 36 338 45 102 145 31 48 58 49 145 20 117 21 35 646 31 48 192 87 86 101 53
leaf_count=36 689 25 86 81 20 58 27 68 36 338 45 102 145 31 48 58 49 145 20 117 21 35 646 31 48 192 87 86 101 53
internal_value=-0.000255392 -0.00402439 -0.00551948 -0.00959459 -0.00175 -0.00361111 0.000240848 -0.00432692 0.00106383 0.000348235 -5.51876e-05 0.00595238 -0.000398678 9.82962e-05 0.00638686 0.000280899 -0.000302045 -0.00158815 -0.00443262 0.000182482 0.0020972 0.00164384 0.00226619 0.00331978 -0.000796178 0.00186916 -0.00190678 -0.00217391 0.00218121 0.00341727
internal_weight=3524 410 385 185 200 180 3114 104 94 3087 2718 147 2571 2289 137 89 2152 1401 282 137 751 730 695 369 1256 428 236 828 149 139
internal_count=3524 410 385 185 200 180 3114 104 94 3087 2718 147 2571 2289 137 89 2152 1401 282 137 751 730 695 369 1256 428 236 828 149 139
is_linear=0
shrinkage=0.05


Tree=71
num_leaves=31
num_cat=0
split_feature=53 13 11 0 21 47 16 10 44 4 13 0 14 12 17 16 17 17 53 20 13 53 4 56 17 11 0 13 10 14
split_gain=2.27072 5.63505 1.97646 1.94797 1.50614 1.49272 2.81189 3.47033 3.51295 3.48088 5.12528 2.69744 3.61065 2.28526 2.38354 2.59593 2.2492 3.22211 2.57124 2.13511 2.11634 3.10102 2.24458 2.0873 3.35538 2.34496 2.08451 3.04834 2.29206 3.73667
threshold=-3.2454999685287471 3.6980000734329228 0.63624182343482982 1.0199999809265139 -1.1182999610900877 0.44219012558460241 0.25999999791383749 -10.260846138000487 -9.4999999999999982 0.099999997764825835 0.021999999880790714 0.97999998927116405 0.070833336561918273 4.0351965427398691 0.62500000000000011 0.29999999701976782 0.29166667163372045 0.20833333581686023 2.5074999332427983 1.1947500109672549 -0.17911110818386075 2.9620000123977666 0.38000001013278967 -0.46850000321865076 0.12500000372529033 0.073351081460714354 0.45999999344348913 0.0084444447420537489 -9.1901364326477033 0.39583334326744085
decision_type=2 2 2 2 2 2 2 2 2 2 2 2 2 2 2 2 2 2 2 2 2 2 2 2 2 2 2 2 2 2
left_child=1 2 3 4 -1 11 16 8 -8 10 13 12 -2 14 15 -9 17 -7 -18 -10 22 -22 -11 24 -24 -26 28 -28 -14 -30
right_child=5 -3 -4 -5 -6 6 7 9 19 20 -12 -13 26 -15 -16 -17 18 -19 -20 -21 21 -23 23 -25 25 -27 27 -29 29 -31
leaf_value=-0.015000090415098056 -0.0014503524062717682 0.09197898608026378 0.013044562556075681 -0.033190215421271665 -0.0024561823822356606 0.0041804287649447863 -0.023064968633404195 0.00074470375858005651 0.0037192417445515201 -0.0034022486054401373 0.019056471996102144 0.0016359092798686804 -0.0011907861806353477 -0.012289826482540185 0.0033931740625993551 -0.0085387502429475418 0.011785674645089592 0.014915860584346387 -0.051217151785804341 -0.0030237536054868452 0.0042456674796023464 0.044797375216521107 0.012861943700134238 0.01023263705103062 0.0016058744748725651 -0.023041675091226833 0.00081909031436048498 0.018610206797173866 0.0081357149490766442 -0.0033215612607632311
leaf_weight=73 366 25 26 72 179 398 140 51 86 230 33 97 381 57 37 69 26 115 20 40 222 38 57 54 88 38 345 36 93 32
leaf_count=73 366 25 26 72 179 398 140 51 86 230 33 97 381 57 37 69 26 115 20 40 222 38 57 54 88 38 345 36 93 32
internal_value=-0.000255392 -0.00393333 -0.00557143 -0.0066358 -0.00456349 0.000182598 0.00112563 -0.000201613 -0.00526316 0.0011807 -0.00394737 -0.00107407 -0.00169593 -0.0067757 -0.00366242 -0.00708333 0.00406977 0.00501949 -0.00652174 0.000793651 0.00292297 0.00653846 0.000910064 0.00432489 0.00177596 -0.00277778 2.81849e-05 0.00282152 -0.0020751 0.0038
internal_weight=3524 375 350 324 252 3149 1799 1240 266 974 247 1350 1253 214 157 120 559 513 46 126 727 260 467 237 183 126 887 381 506 125
internal_count=3524 375 350 324 252 3149 1799 1240 266 974 247 1350 1253 214 157 120 559 513 46 126 727 260 467 237 183 126 887 381 506 125
is_linear=0
shrinkage=0.05


Tree=72
num_leaves=31
num_cat=0
split_feature=53 44 56 26 10 2 14 44 18 53 44 37 0 10 18 18 49 51 10 36 1 56 0 8 16 14 14 35 49 9
split_gain=2.79228 5.04723 1.85973 2.78526 3.05905 2.18939 1.91696 1.97653 1.73306 1.69504 1.6019 1.54845 2.45521 1.38673 1.2884 1.77882 2.22368 1.59477 2.11629 2.07202 1.92571 2.63526 2.61713 3.04974 3.08529 1.89567 2.13342 1.66448 1.52455 1.51726
threshold=-2.6755000352859493 93.500000000000014 -3.7684999704360957 -1.677250027656555 -12.314568996429442 0.58933332562446605 0.045833334326744087 -19.499999999999996 0.57258889079093944 -4.6829998493194571 -8.4999999999999982 0.35924999415874487 0.49999998509883886 -17.927129745483395 0.1872857138514519 0.20960185676813128 1.0000000180025095e-35 3.0225000381469731 -10.260846138000487 0.4062000066041947 0.47499999403953558 0.65749999880790722 0.70000001788139354 1.3666666746139529 0.97999998927116405 0.32083332538604742 0.30416667461395269 1.6685000061988833 1.5000000000000002 0.13791034370660785
decision_type=2 2 2 2 2 2 2 2 2 2 2 2 2 2 2 2 2 2 2 2 2 2 2 2 2 2 2 2 2 2
left_child=1 2 3 4 -1 10 -7 -8 9 -5 -4 12 -12 -2 29 16 -16 20 19 -19 21 22 23 24 -17 26 28 -27 -20 -15
right_child=13 -3 5 8 -6 6 7 -9 -10 -11 11 -13 -14 14 15 17 -18 18 25 -21 -22 -23 -24 -25 -26 27 -28 -29 -30 -31
leaf_value=-0.020493118107379707 -0.00046523350010721086 0.091433263627634181 -0.072388751452336544 -0.00027489528164267515 0.015870913877247841 0.022123334711639998 -0.028906356408404221 0.0011214626072375872 -0.046923350258584233 -0.025356025269598872 -0.034642409759925941 0.0063151929186872433 0.0075843855348638536 -1.8917909642016119e-05 -0.017324735742532908 -0.00035253794617980604 0.001783566452523916 -0.050020885967359242 0.01859383821469723 0.00075647446884462028 -0.0002488836907191398 0.012511683739670232 0.0037272538761068705 0.0032707127319717825 -0.026145656086363059 -0.010952625893244888 0.055394440993281148 0.013352603718929601 -0.00084636887973952863 0.016503922963191388
leaf_weight=23 28 21 35 26 45 21 23 121 35 32 40 38 22 29 38 215 38 20 78 28 2020 113 182 62 25 29 25 40 38 34
leaf_count=23 28 21 35 26 45 21 23 121 35 32 40 38 22 29 38 215 38 20 78 28 2020 113 182 62 25 29 25 40 38 34
internal_value=-0.000198638 -0.00373444 -0.00482646 -0.00916149 -0.00147059 -0.0025 0.00136364 -0.000694444 -0.0147849 -0.00948276 -0.00722222 -0.004 -0.00887097 0.000361604 0.000464499 0.000313453 -0.00723684 0.000513043 0.00426357 -0.00520833 0.000143294 0.00263819 0.00103306 -0.00182119 -0.004375 0.00642857 0.00975177 -0.000362319 0.00689655 0.00753968
internal_weight=3524 482 461 161 68 300 165 144 93 58 135 100 62 3042 3014 2951 76 2875 258 48 2617 597 484 302 240 210 141 69 116 63
internal_count=3524 482 461 161 68 300 165 144 93 58 135 100 62 3042 3014 2951 76 2875 258 48 2617 597 484 302 240 210 141 69 116 63
is_linear=0
shrinkage=0.05


Tree=73
num_leaves=31
num_cat=0
split_feature=51 45 18 13 36 8 2 2 44 56 14 14 11 37 20 47 44 16 3 35 8 0 28 56 18 4 22 13 56 14
split_gain=2.08458 2.31857 2.13163 1.81467 3.05582 2.93888 2.68344 1.85567 1.64623 2.35782 2.59629 4.19587 2.03295 2.10288 1.79833 2.40309 1.83267 3.52941 1.72422 2.39739 1.89394 1.71704 1.67358 2.15726 1.72007 2.31723 2.10378 1.9133 1.97448 1.77223
threshold=3.0225000381469731 2.5058333873748784 0.1872857138514519 -0.09200000017881392 0.7069000005722047 0.56666669249534618 0.18666666746139529 0.27400000393390661 94.500000000000014 -3.2489999532699581 0.16250000149011615 0.22916666418313983 0.22335510700941089 -3.8724999427795406 -1.0907499790191648 0.072802934795618071 6.5000000000000009 0.29999999701976782 0.27582278847694403 -0.98324999213218678 0.43333333730697637 1.0199999809265139 0.070049997419118895 -2.3240000009536739 0.25639365613460546 0.38000001013278967 1.2017999887466433 -0.08485714346170424 0.38949999213218695 0.15416666865348819
decision_type=2 2 2 2 2 2 2 2 2 2 2 2 2 2 2 2 2 2 2 2 2 2 2 2 2 2 2 2 2 2
left_child=1 2 -1 5 6 -2 -5 -7 9 10 18 -12 13 -13 15 -11 21 -18 19 20 -4 22 -16 -24 26 29 -25 28 -27 -26
right_child=3 -3 8 4 -6 7 -8 -9 -10 14 11 12 -14 -15 16 -17 17 -19 -20 -21 -22 -23 23 24 25 27 -28 -29 -30 -31
leaf_value=0.0070040850566793879 0.025498803745874977 -0.040184913273767942 -0.03590991052218797 0.00044395326321562402 -0.0035383076439014895 -0.027555564483280823 0.038455732719997221 -0.00011448375668569045 0.052138628885906813 -0.002982586503583992 -0.042474777260063101 0.012857433890506548 0.003879324483951019 -0.009952845583836219 -0.0010121300725228488 0.0019488758087035471 -0.00082036214356776536 0.25498126348591715 0.024949008400086792 -0.044685275974863527 0.0039695955857366964 0.0013418291513607823 -0.014613188292452435 0.0075595696113268888 0.00069953400651305564 0.0030160882358611697 -0.0038994149718076399 -0.0048405682136441978 0.010866358213688077 -0.0031073114439742417
leaf_weight=57 47 23 33 33 30 20 54 97 24 22 64 24 34 80 1245 483 34 20 46 24 22 132 42 47 161 181 20 25 48 352
leaf_count=57 47 23 33 33 30 20 54 97 24 22 64 24 34 80 1245 483 34 20 46 24 22 132 42 47 161 181 20 25 48 352
internal_value=-0.000127696 -0.000485661 -0.000372671 0.00400356 0.00876068 0.000609756 0.0135057 -0.00363248 -0.000545368 -0.00064511 -0.00466361 -0.00816832 -0.00326087 -0.00673077 -0.000177809 0.00252475 -0.000769397 0.00833333 0.001 -0.00348101 0.00227273 -0.000987572 -0.00133192 0.000342466 0.000899281 0.000228162 0.00858209 0.00413386 0.00556769 -0.00170565
internal_weight=3524 3243 3220 281 117 164 87 117 3163 3139 327 202 138 104 2812 505 2307 54 125 79 55 2253 2121 876 834 767 67 254 229 513
internal_count=3524 3243 3220 281 117 164 87 117 3163 3139 327 202 138 104 2812 505 2307 54 125 79 55 2253 2121 876 834 767 67 254 229 513
is_linear=0
shrinkage=0.05


Tree=74
num_leaves=31
num_cat=0
split_feature=12 9 11 44 27 9 56 10 9 44 8 56 0 36 53 11 46 13 11 3 12 50 18 9 10 9 12 3 37 10
split_gain=1.78454 1.97243 2.91965 2.06902 2.02365 2.13315 2.97929 2.4573 2.67693 2.46349 3.48698 3.11801 2.68937 2.4662 2.38293 2.35983 2.18546 2.28816 2.38043 1.8989 2.54478 2.1147 1.97107 2.53011 2.85282 1.9542 1.869 3.207 1.83569 1.77077
threshold=5.1292965412139901 1.0003445744514468 -0.26183214783668513 90.500000000000014 -3.681800007820129 0.55445221066474926 0.20400000363588336 -9.6361823081970197 0.13929094374179843 -1.4999999999999998 1.6333333253860476 -0.79049998521804798 0.4200000017881394 -0.36614999175071711 5.5120000839233407 -0.048015624284744256 -0.33516666293144221 -0.018000000156462189 -0.028046655468642708 0.3211930543184281 0.70032981038093578 2.5000000000000004 0.72240000963211071 0.1761962026357651 -9.8694887161254865 0.062577463686466231 0.48108342289924627 0.18713862448930743 -0.50800001621246327 -9.9357304573059064
decision_type=2 2 2 2 2 2 2 2 2 2 2 2 2 2 2 2 2 2 2 2 2 2 2 2 2 2 2 2 2 2
left_child=1 4 -3 -4 -1 7 15 19 -9 11 12 -10 -11 -12 29 -7 -13 18 -18 21 -21 22 23 24 25 -6 27 -25 -27 -8
right_child=-2 2 3 -5 5 6 14 8 9 10 13 16 -14 -15 -16 -17 17 -19 -20 20 -22 -23 -24 26 -26 28 -28 -29 -30 -31
leaf_value=-0.11929364123137152 0.0013238239113919526 -0.0021379693296967009 0.0088349544705728696 0.17637084241118997 0.00089690084905728505 0.0009849379860231895 0.043121470693902278 -0.00067215253967570785 0.0096851897970090875 0.039291375181391502 -0.0027133367534765921 0.012558358737768172 -0.0014182203689718262 0.00067311607443666654 -0.0039641035202204189 -0.0090815543294912645 0.010760841415725432 0.011134170071997174 -0.0062275270838340587 0.0028028101008517495 -0.013706944088564389 0.01307413681389144 -0.028461769519767224 -0.0125975388228745 -0.025429868244616669 0.014798912885629662 -0.0002141292408487228 0.0069631951090837864 -0.00083379985717039508 0.00066995518398732664
leaf_weight=25 401 57 145 20 27 64 25 585 115 134 27 28 37 39 21 172 43 34 269 49 149 43 45 32 59 20 599 70 156 34
leaf_count=25 401 57 145 20 27 64 25 585 115 134 27 28 37 39 21 172 43 34 269 49 149 43 45 32 59 20 599 70 156 34
internal_value=-8.51305e-05 -0.000488313 0.00405405 0.00742424 -0.000835919 -0.000712796 -0.00458861 -0.000234375 0.00127765 0.00330579 0.00748945 0.00127812 0.0112573 -0.00227273 0.00375 -0.00741525 -0.000935829 -0.00202312 -0.00336538 -0.00182146 -0.00631313 -0.000975262 -0.00143849 -0.00096054 -0.00515267 -0.0023399 0.000606277 0.00686275 -0.00426136 0.00889831
internal_weight=3524 3123 222 165 2901 2876 316 2560 1311 726 237 489 171 66 80 236 374 346 312 1249 198 1051 1008 963 262 203 701 102 176 59
internal_count=3524 3123 222 165 2901 2876 316 2560 1311 726 237 489 171 66 80 236 374 346 312 1249 198 1051 1008 963 262 203 701 102 176 59
is_linear=0
shrinkage=0.05


end of trees

feature_importances:
Column_13=234
Column_14=183
Column_16=183
Column_18=172
Column_9=125
Column_10=97
Column_44=89
Column_56=85
Column_12=84
Column_0=83
Column_2=67
Column_51=63
Column_8=60
Column_46=56
Column_11=48
Column_53=47
Column_26=45
Column_45=44
Column_47=44
Column_4=43
Column_20=40
Column_37=39
Column_21=36
Column_35=36
Column_3=32
Column_36=32
Column_17=31
Column_28=30
Column_5=26
Column_27=24
Column_22=20
Column_6=12
Column_19=11
Column_50=9
Column_1=7
Column_15=5
Column_7=3
Column_49=3
Column_48=2

parameters:
[boosting: gbdt]
[objective: quantile]
[metric: quantile]
[tree_learner: serial]
[device_type: cpu]
[data_sample_strategy: bagging]
[data: ]
[valid: ]
[num_iterations: 300]
[learning_rate: 0.05]
[num_leaves: 31]
[num_threads: 0]
[seed: 42]
[deterministic: 0]
[force_col_wise: 0]
[force_row_wise: 0]
[histogram_pool_size: -1]
[max_depth: -1]
[min_data_in_leaf: 20]
[min_sum_hessian_in_leaf: 0.001]
[bagging_fraction: 0.8]
[pos_bagging_fraction: 1]
[neg_bagging_fraction: 1]
[bagging_freq: 5]
[bagging_seed: 400]
[bagging_by_query: 0]
[feature_fraction: 0.8]
[feature_fraction_bynode: 1]
[feature_fraction_seed: 30056]
[extra_trees: 0]
[extra_seed: 12879]
[early_stopping_round: 0]
[early_stopping_min_delta: 0]
[first_metric_only: 0]
[max_delta_step: 0]
[lambda_l1: 0]
[lambda_l2: 0]
[linear_lambda: 0]
[min_gain_to_split: 0]
[drop_rate: 0.1]
[max_drop: 50]
[skip_drop: 0.5]
[xgboost_dart_mode: 0]
[uniform_drop: 0]
[drop_seed: 17869]
[top_rate: 0.2]
[other_rate: 0.1]
[min_data_per_group: 100]
[max_cat_threshold: 32]
[cat_l2: 10]
[cat_smooth: 10]
[max_cat_to_onehot: 4]
[top_k: 20]
[monotone_constraints: ]
[monotone_constraints_method: basic]
[monotone_penalty: 0]
[feature_contri: ]
[forcedsplits_filename: ]
[refit_decay_rate: 0.9]
[cegb_tradeoff: 1]
[cegb_penalty_split: 0]
[cegb_penalty_feature_lazy: ]
[cegb_penalty_feature_coupled: ]
[path_smooth: 0]
[interaction_constraints: ]
[verbosity: 1]
[saved_feature_importance_type: 0]
[use_quantized_grad: 0]
[num_grad_quant_bins: 4]
[quant_train_renew_leaf: 0]
[stochastic_rounding: 1]
[linear_tree: 0]
[max_bin: 255]
[max_bin_by_feature: ]
[min_data_in_bin: 3]
[bin_construct_sample_cnt: 200000]
[data_random_seed: 175]
[is_enable_sparse: 1]
[enable_bundle: 1]
[use_missing: 1]
[zero_as_missing: 0]
[feature_pre_filter: 1]
[pre_partition: 0]
[two_round: 0]
[header: 0]
[label_column: ]
[weight_column: ]
[group_column: ]
[ignore_column: ]
[categorical_feature: ]
[forcedbins_filename: ]
[precise_float_parser: 0]
[parser_config_file: ]
[objective_seed: 16083]
[num_class: 1]
[is_unbalance: 0]
[scale_pos_weight: 1]
[sigmoid: 1]
[boost_from_average: 1]
[reg_sqrt: 0]
[alpha: 0.5]
[fair_c: 1]
[poisson_max_delta_step: 0.7]
[tweedie_variance_power: 1.5]
[lambdarank_truncation_level: 30]
[lambdarank_norm: 1]
[label_gain: ]
[lambdarank_position_bias_regularization: 0]
[eval_at: ]
[multi_error_top_k: 1]
[auc_mu_weights: ]
[num_machines: 1]
[local_listen_port: 12400]
[time_out: 120]
[machine_list_filename: ]
[machines: ]
[gpu_platform_id: -1]
[gpu_device_id: -1]
[gpu_use_dp: 0]
[num_gpu: 1]

end of parameters

pandas_categorical:null
