tree
version=v4
num_class=1
num_tree_per_iteration=1
label_index=0
max_feature_idx=58
objective=quantile
feature_names=Column_0 Column_1 Column_2 Column_3 Column_4 Column_5 Column_6 Column_7 Column_8 Column_9 Column_10 Column_11 Column_12 Column_13 Column_14 Column_15 Column_16 Column_17 Column_18 Column_19 Column_20 Column_21 Column_22 Column_23 Column_24 Column_25 Column_26 Column_27 Column_28 Column_29 Column_30 Column_31 Column_32 Column_33 Column_34 Column_35 Column_36 Column_37 Column_38 Column_39 Column_40 Column_41 Column_42 Column_43 Column_44 Column_45 Column_46 Column_47 Column_48 Column_49 Column_50 Column_51 Column_52 Column_53 Column_54 Column_55 Column_56 Column_57 Column_58
feature_infos=[0.039999999105930328:1.6000000238418579] [0.05000000074505806:0.5] [0.059999998658895493:1.5199999809265137] [0:0.54119211435317993] [0.039999999105930328:1.440000057220459] [0:0.55000001192092896] [0:1] [0:1] [0:2.2666666507720947] [0.039999999105930328:4] [-18.734375:0] [-9.6899995803833008:11.46875] [0:7.6152467727661133] [-1.1066666841506958:3.940000057220459] [0:0.43333333730697632] [0:0.93333333730697632] [0.039999999105930328:1.6000000238418579] [0:0.66666668653488159] [0.18190476298332214:0.91288888454437256] [0:1] [-22.531000137329102:28.888999938964844] [-22.531000137329102:27.158000946044922] [-21.007600784301758:24.503599166870117] none none none [-22.115999221801758:21.5] [-22.115999221801758:21.5] [-16.012399673461914:18.616399765014648] none none none none none none [-17.592500686645508:21.677499771118164] [-11.965999603271484:17.982999801635742] [-14.043000221252441:16.086200714111328] none none none none none none [-30:99] [-9.4589996337890625:7.7718334197998047] [-6.0539999008178711:9.0223331451416016] [0:16.470409393310547] [0:1] [0:5] [0:5] [-37.666000366210938:30.954999923706055] none [-28.121999740600586:23.117000579833984] none none [-28.14900016784668:23.379999160766602] none none
tree_sizes=2711 2801 2808 2814 2829 2820 2838 2840 2827 2833 2838 2836 2835 2855 2818 2827 2840 2822 2828 2843 2850 2863 2846 2858 2848 2847 2841 2845 2852 2853 2845 2825 2830 2845 2852 2877 2861 2852 2868 2859 2858 2854 2851 2857 2867 2874 2873 2853 2879 2860 2887 2883 2868 2893 2884 2857 2873 2861 2879 2890 2884 2871 2873 2894 2861 2881 2879 2867 2874 2898 2860 2872 2870 2880

Tree=0
num_leaves=31
num_cat=0
split_feature=13 16 16 13 47 51 3 12 18 14 14 13 44 44 18 11 3 12 44 27 56 10 9 11 18 16 13 10 27 35
split_gain=43.7408 10.6893 5.89693 18.7808 5.73411 4.62019 4.07896 4.0764 3.70511 3.24859 2.64924 2.21877 2.17026 1.78571 1.75127 1.44 1.41933 1.3686 1.05188 1.14004 0.955802 1.09047 1.5075 0.980227 1.30376 2.12711 0.916977 0.876866 0.823459 0.818182
threshold=-0.63977777957916249 0.29999999701976782 1.1800000071525576 -0.34000000357627863 2.444411158561707 -3.0500000715255733 0.28244933485984808 1.5638261437416079 0.66119998693466198 0.070833336561918273 0.12083333358168603 -0.71177777647972096 -12.499999999999998 -21.499999999999996 0.55301588773727428 0.017716239206492904 0.18713862448930743 0.32469663023948675 -15.499999999999998 0.061049999669194228 -0.69550001621246327 -8.5908966064453107 0.71152815222740184 -0.011098018381744621 0.49184595048427587 0.25999999791383749 -0.2357777804136276 -9.3675432205200178 0.42920000851154333 -0.55825001001358021
decision_type=2 2 2 2 2 2 2 2 2 2 2 2 2 2 2 2 2 2 2 2 2 2 2 2 2 2 2 2 2 2
left_child=1 5 4 15 18 13 8 9 11 16 -7 -3 -11 -1 -9 -4 -6 -18 19 -2 23 -22 28 24 -20 29 -5 -14 -23 -26
right_child=2 6 3 26 7 10 -8 14 -10 12 -12 -13 27 -15 -16 -17 17 -19 20 -21 21 22 -24 -25 25 -27 -28 -29 -30 -31
leaf_value=-3.6468748556405308 -3.3514598773253708 -3.459334865678251 -3.4529098866855357 -3.3826148770852384 -4.2628748416900635 -3.3714898727381977 -3.5081448716717953 -3.2797248770505183 -3.5423498840924359 -3.6562098623668398 -3.4859148770904538 -3.4064248787477611 -3.2869248770467938 -3.618269890425279 -3.5988798766822385 -3.4387148800975083 -3.5809748754911128 -4.2402248859405516 -3.3378448720838132 -3.4075748777180905 -3.2709248751297597 -3.2588398784475778 -3.549824880380184 -3.3401548740629865 -4.2430849065960921 -3.3715848797076933 -3.2902648769474028 -4.4502398480954009 -4.5468248822033415 -4.2484248523861172
leaf_weight=21 20 30 20 20 23 80 52 141 20 20 33 21 47 42 38 25 26 25 123 29 1629 150 36 503 22 93 113 20 21 22
leaf_count=21 20 30 20 20 23 80 52 141 20 20 33 21 47 42 38 25 26 25 123 29 1629 150 36 503 22 93 113 20 21 22
internal_value=-3.37346 -3.39174 -3.37174 -3.38058 -3.37121 -3.38384 -3.40305 -3.37732 -3.39526 -3.3831 -3.37779 -3.38811 -3.37655 -3.39469 -3.37213 -3.4085 -3.3908 -3.38615 -3.37043 -3.37768 -3.37029 -3.36967 -3.37309 -3.37178 -3.37427 -3.37762 -3.37113 -3.37223 -3.37113 -3.38668
internal_weight=3465 299 3166 178 2988 176 123 340 71 161 113 51 87 63 179 45 74 51 2648 49 2599 1836 207 763 260 137 133 67 171 44
internal_count=3465 299 3166 178 2988 176 123 340 71 161 113 51 87 63 179 45 74 51 2648 49 2599 1836 207 763 260 137 133 67 171 44
is_linear=0
shrinkage=1


Tree=1
num_leaves=31
num_cat=0
split_feature=13 16 13 16 46 47 3 47 37 44 46 14 26 35 16 56 22 8 26 47 11 12 12 0 14 36 17 13 0 0
split_gain=40.3818 12.0855 6.29085 19.5344 4.85974 3.84851 3.46314 3.07025 2.67782 2.38095 2.15356 1.84574 1.67619 1.50851 1.48804 1.58321 2.12506 1.48688 1.33636 1.27008 1.43803 1.04271 0.914286 0.742641 0.787456 0.611506 0.593307 1.17075 1.48687 0.761778
threshold=-0.66533333063125599 0.29999999701976782 -0.3599999994039535 1.1800000071525576 3.4416667222976689 1.213357210159302 0.28244933485984808 2.444411158561707 0.80070000886917125 -21.499999999999996 -1.1344999670982359 0.12083333358168603 0.21749999374151233 0.46400000154972082 0.34000000357627874 -2.3585000038146968 -0.9263000190258025 0.36666667461395269 -0.15374999493360517 3.2419903278350835 -0.072759922593832002 3.1046233177185063 1.8881413340568545 0.58000001311302196 0.23749999701976779 -0.028150000609457489 0.37500000000000006 -0.28000000119209284 0.53999999165534984 0.70000001788139354
decision_type=2 2 2 2 2 2 2 2 2 2 2 2 2 2 2 2 2 2 2 2 2 2 2 2 2 2 2 2 2 2
left_child=1 5 3 7 10 11 13 14 -6 -7 17 -1 -5 18 -2 16 -16 -4 -3 -9 -21 26 -11 -17 25 -25 29 28 -28 -12
right_child=2 6 4 12 8 9 -8 19 -10 22 21 -13 -14 -15 15 23 -18 -19 -20 20 -22 -23 -24 24 -26 -27 27 -29 -30 -31
leaf_value=0.030884489899251702 0.033369696023122911 -0.10017250581296129 -0.82364896733250714 -0.079719510514635772 -0.83845098469421042 -0.27317624633252474 -0.1285927520950729 -0.81315125763893037 -0.17102600221991232 -0.27415599010014918 0.07775854273351944 -0.17097925785575777 -0.0432092620489452 -0.051182504439260916 0.005757748583279332 0.023797647502892278 -0.041912355204987622 0.048401847143612009 -0.18383249128686299 -0.21575124796759351 -0.015339507905684342 0.1066095435368236 -0.012801500844549408 -0.020017259393684261 0.011962044196748704 -0.00087840569556189298 0.042609943759477201 0.12098424454397094 -0.040322422072877895 -0.09702875940214542
leaf_weight=62 388 24 28 22 24 28 51 23 34 36 709 24 20 21 21 52 33 22 20 21 51 970 20 22 49 23 23 519 22 103
leaf_count=62 388 24 28 22 24 28 51 23 34 36 709 24 20 21 21 52 33 22 20 21 51 970 20 22 49 23 23 519 22 103
internal_value=9.37953e-05 -0.0179021 0.0017128 -0.00237931 0.00292176 -0.00941176 -0.0303448 -0.00034407 -0.0113793 -0.0170238 0.00326795 -0.00197674 -0.0354762 -0.0226923 0.0010034 -0.0025 -0.00981481 -0.007 -0.0279545 -0.00868421 -0.00541667 0.00348679 -0.0110714 0.00020548 -0.00244681 -0.00722222 0.00260174 0.00384752 -0.00388889 0.00173645
internal_weight=3465 286 3179 725 2454 170 116 683 58 84 2396 86 42 65 588 200 54 50 44 95 72 2346 56 146 94 45 1376 564 45 812
internal_count=3465 286 3179 725 2454 170 116 683 58 84 2396 86 42 65 588 200 54 50 44 95 72 2346 56 146 94 45 1376 564 45 812
is_linear=0
shrinkage=0.05


Tree=2
num_leaves=31
num_cat=0
split_feature=13 16 16 13 46 18 13 46 47 18 0 37 26 8 14 18 46 20 9 13 1 21 17 37 48 45 11 46 46 18
split_gain=36.3624 10.8095 5.47123 15.9999 4.79674 4.24403 4.14575 3.67822 3.26363 2.62344 2.50405 2.40869 2.33492 1.448 1.25031 1.10345 1.06266 1.03712 1.01334 0.985339 1.06909 0.88658 0.747692 0.742857 0.87205 1.03052 0.727297 1.60686 0.690834 0.605142
threshold=-0.66533333063125599 0.29999999701976782 1.1800000071525576 -0.28000000119209284 2.9683333635330205 0.58593648672103893 -0.79177775979042042 -2.1233333945274349 1.213357210159302 0.60763701796531688 0.70000001788139354 0.3915999978780747 0.21749999374151233 1.0000000180025095e-35 0.12083333358168603 0.53588888049125682 -4.6759998798370352 -0.02300000004470348 0.24026839435100558 -0.44600000977516169 0.42499999701976782 0.30390000343322759 0.29166667163372045 -0.12654999643564221 1.0000000180025095e-35 -0.62000000476837147 -0.026821021921932694 -0.095833335071802125 -0.3911666721105575 0.51629504561424266
decision_type=2 2 2 2 2 2 2 2 2 2 2 2 2 2 2 2 2 2 2 2 2 2 2 2 2 2 2 2 2 2
left_child=1 8 4 12 7 6 -3 16 14 18 28 21 -4 -12 -1 -13 17 -2 -10 20 -15 -6 -7 24 -22 -26 27 -21 -9 -30
right_child=2 5 3 -5 11 22 -8 10 9 -11 13 15 -14 19 -16 -17 -18 -19 -20 26 23 -23 -24 -25 25 -27 -28 -29 29 -31
leaf_value=0.029340265404289113 -1.0121238669360564 -0.099088118315074677 -0.070768539702811148 0.058910783334446826 -0.23469748717347702 -0.11222312018137159 -0.030041134874018841 0.0057098427322411147 0.0025972950113424043 -0.29890743664491326 -0.17390731700505557 0.098863219748839298 -0.04238379512353066 -0.2170118888039162 -0.16243029496296987 -0.18517537408527121 -0.74106122744999325 0.067751026721693017 -0.14115623833590199 -0.7187889916711242 0.0047507605160459964 -0.26654669840596618 -0.18863312665249879 0.015225460875159122 -0.019359508309676674 -0.03022006354334766 0.050436134693129075 0.048228624346695372 0.095005784142477956 0.051613364408739607
leaf_weight=62 20 26 32 120 22 25 38 145 24 33 31 29 27 22 24 29 25 24 27 22 23 20 27 63 22 20 158 39 1583 703
leaf_count=62 20 26 32 120 22 25 38 145 24 33 31 29 27 22 24 29 25 24 27 22 23 20 27 63 22 20 158 39 1583 703
internal_value=0.000223665 -0.0168531 0.00175999 -0.00673184 0.00226667 -0.0286207 -0.02 0.00263793 -0.00882353 -0.0158333 0.00291593 -0.0085 -0.0280508 -0.00075 -0.00197674 -0.00189655 -0.00876812 -0.00409091 -0.00872549 0.000121951 -0.003 -0.017619 -0.0392308 -0.00125 -0.005 -0.00928571 0.00226027 -0.00237705 0.00351913 0.00373141
internal_weight=3465 286 3179 179 3000 116 64 2900 170 84 2831 100 59 400 86 58 69 44 51 369 150 42 52 128 65 42 219 61 2431 2286
internal_count=3465 286 3179 179 3000 116 64 2900 170 84 2831 100 59 400 86 58 69 44 51 369 150 42 52 128 65 42 219 61 2431 2286
is_linear=0
shrinkage=0.05


Tree=3
num_leaves=31
num_cat=0
split_feature=13 16 13 16 46 47 13 16 18 37 28 47 46 16 18 47 5 46 10 12 8 18 18 16 10 13 18 26 21 28
split_gain=31.853 10.7156 5.76363 15.2019 4.7648 4.68863 4.01643 3.60099 3.36258 2.22291 2.05218 2.01876 1.84244 1.58296 1.50692 1.9955 1.04935 1.45972 1.225 0.967482 0.941915 0.902303 0.991418 0.766671 0.952778 0.746667 0.625 0.613796 0.600953 1.06224
threshold=-0.66533333063125599 0.90000000596046459 -0.38533332943916315 1.1800000071525576 3.4416667222976689 1.0580452680587771 -0.79177775979042042 0.25999999791383749 0.60981348156929027 0.80070000886917125 1.1921499967575075 2.444411158561707 -0.65899997949600209 0.29999999701976782 0.51450428366661083 3.681856751441956 0.17500000074505809 0.039499999955296523 -9.8859357833862287 3.1046233177185063 0.36666667461395269 0.39782011508941656 0.40611852705478674 0.1799999997019768 -10.060362815856932 -0.81833332777023304 0.54180952906608593 -0.60525000095367421 0.012050000019371511 2.0149499177932744
decision_type=2 2 2 2 2 2 2 2 2 2 2 2 2 2 2 2 2 2 2 2 2 2 2 2 2 2 2 2 2 2
left_child=1 5 3 11 12 10 7 -7 27 -6 25 13 20 23 -13 -16 17 18 -15 21 -4 -14 -23 24 -2 -1 -9 -8 29 -24
right_child=2 -3 4 -5 9 6 8 26 -10 -11 -12 14 19 16 15 -17 -18 -19 -20 -21 -22 22 28 -25 -26 -27 -28 -29 -30 -31
leaf_value=-0.055604962050812806 0.10408476251195604 -0.16878147254675124 -0.65370282003520463 -0.068985111652759931 -0.77276086344374828 -0.28296706777330488 0.006464628912844406 -0.10296370112748683 -0.20201806392760543 -0.15240593488031517 -0.047746533371238124 0.0085747277624736874 0.11271353206381796 -0.032117671164812484 -0.68916111704454031 -0.082362605934401867 -0.00076936097111925854 0.0063197254033365725 -0.005527121912500565 0.092946229240253128 0.031957218741468049 -1.0019066293484535 0.050538261649336925 0.044303451731920247 -0.23533348229974932 0.025208115298261297 -0.11043195175725107 -0.026116272344105337 0.069578084974193238 -0.21308856523259989
leaf_weight=35 21 31 42 38 29 34 28 20 22 35 23 33 426 20 22 27 162 27 20 996 49 28 576 232 24 40 20 33 347 25
leaf_count=35 21 31 42 38 29 34 28 20 22 35 23 33 426 20 22 27 162 27 20 996 49 28 576 232 24 40 20 33 347 25
internal_value=0.000353536 -0.0156294 0.00179144 -0.00250799 0.00284567 -0.0122549 -0.0176115 -0.0260811 -0.0100602 -0.010625 -0.00367347 -0.000527211 0.00319205 0.000652174 -0.00780488 -0.0133673 -0.00242358 -0.00768657 -0.01375 0.00345705 -0.00379121 0.00261056 0.00177254 0.00319495 -0.00277778 0.000333334 -0.03625 -0.00401639 0.00204641 0.00108985
internal_weight=3465 286 3179 626 2553 255 157 74 83 64 98 588 2489 506 82 49 229 67 40 2398 91 1402 976 277 45 75 40 61 948 601
internal_count=3465 286 3179 626 2553 255 157 74 83 64 98 588 2489 506 82 49 229 67 40 2398 91 1402 976 277 45 75 40 61 948 601
is_linear=0
shrinkage=0.05


Tree=4
num_leaves=31
num_cat=0
split_feature=13 18 13 18 46 0 14 53 46 5 8 47 45 2 14 56 22 56 3 13 10 18 18 26 10 18 18 56 18 49
split_gain=28.8191 9.82122 5.11354 10.6491 4.75095 4.2732 2.75901 2.53001 1.83185 1.6245 1.4596 1.39779 1.25518 1.26402 1.21573 1.20574 0.836532 0.815831 0.784507 2.50054 0.766869 1.06026 0.931563 0.693164 0.588945 0.510036 0.921951 0.495378 0.863008 0.525432
threshold=-0.63977777957916249 0.71210584044456493 -0.38533332943916315 0.72674912214279186 3.4416667222976689 1.1399999856948855 0.079166669398546233 -1.7405000329017637 -0.65899997949600209 0.17500000074505809 0.56666669249534618 2.0524053573608403 0.46400000154972082 0.53999999165534984 0.070833336561918273 -4.0775001049041739 1.7973499894142153 -2.5394999980926509 0.3131812065839768 -0.75177779793739308 -8.624785900115965 0.39782011508941656 0.5304073989391328 0.6187499761581422 -10.135871410369871 0.48501852154731756 0.43721295893192297 -1.0000000180025095e-35 0.71305307745933544 1.0000000180025095e-35
decision_type=2 2 2 2 2 2 2 2 2 2 2 2 2 2 2 2 2 2 2 2 2 2 2 2 2 2 2 2 2 2
left_child=1 5 3 9 8 10 -6 -7 14 12 11 24 13 -2 -4 -11 -17 -15 19 -12 27 -22 25 -16 -1 26 -23 28 29 -10
right_child=2 -3 4 -5 6 7 -8 -9 20 15 18 -13 -14 17 23 16 -18 -19 -20 -21 21 22 -24 -25 -26 -27 -28 -29 -30 -31
leaf_value=0.0090065589400854362 -0.026879750870381525 -0.15485349541304005 -0.76770085819149203 -0.07153085297611872 -0.38061569204176426 -0.24334749580046197 -0.16350389330021062 -0.078117438650703974 0.061042466706290911 -0.4693007305624769 -0.060544263494195616 -0.26033683859266482 -0.15196608403765582 -0.021348163751970711 -0.20217671864725123 0.017803940557012676 -0.03302603007840179 0.012388179677618709 -0.054753281981649665 -0.04440639033656657 0.093593099673398961 -1.0064216799404699 0.046741582428700058 0.11138794487488068 -0.081592387969545585 -0.21003285011984901 0.10437686381615055 0.10525642378940461 -0.017574670107054876 0.03199182469277987
leaf_weight=50 34 35 29 38 27 36 37 28 688 24 20 27 29 27 20 332 33 96 32 38 106 20 114 42 33 28 21 1140 28 253
leaf_count=50 34 35 29 38 27 36 37 28 688 24 20 27 29 27 20 332 33 96 32 38 106 20 114 42 33 28 21 1140 28 253
internal_value=0.000440116 -0.014398 0.00184144 -0.00225938 0.00282609 -0.0110985 -0.010625 -0.0223437 0.00317196 -0.000565217 -0.0075 -0.00363636 -0.0044086 -0.00264331 -0.00379121 0.00127249 0.0019863 -0.000284553 -0.0122222 -0.0156897 0.0034362 0.00102076 -0.00128415 0.000161291 -0.000421687 -0.00586956 -0.00231707 0.00376719 0.00293602 0.00319341
internal_weight=3465 299 3166 613 2553 264 64 64 2489 575 200 110 186 157 91 389 365 123 90 58 2398 289 183 62 83 69 41 2109 969 941
internal_count=3465 299 3166 613 2553 264 64 64 2489 575 200 110 186 157 91 389 365 123 90 58 2398 289 183 62 83 69 41 2109 969 941
is_linear=0
shrinkage=0.05


Tree=5
num_leaves=31
num_cat=0
split_feature=13 16 51 16 13 46 46 26 20 10 14 0 56 8 27 16 12 3 45 26 27 13 0 13 56 28 51 22 21 53
split_gain=21.5682 12.4926 8.84402 5.15647 14.3292 4.75066 3.78451 3.55976 2.79469 2.61201 3.09643 1.88751 1.76333 1.33602 1.564 1.2315 1.23118 0.839003 0.81 0.772545 0.77193 0.61236 1.06949 0.601977 0.502698 0.568692 0.595238 0.523681 0.699949 0.657596
threshold=-0.62733334302902211 1.1800000071525576 -3.0500000715255733 1.1800000071525576 -0.28000000119209284 3.4416667222976689 -2.1233333945274349 -0.28774999082088465 0.79049998521804821 -9.8927545547485334 0.095833335071802153 0.93999999761581432 -3.3614999055862422 0.63333335518836986 0.020500000566244129 0.25999999791383749 2.8107068538665776 0.18713862448930743 -2.2297499179840083 2.3347499370574956 0.95399999618530285 -0.39577777683734888 0.74000000953674328 -0.87177777290344227 -4.2165000438690177 -3.2191499471664424 -0.43349999189376826 -0.25714999437332148 1.2672500014305117 -1.9965000152587888
decision_type=2 2 2 2 2 2 2 2 2 2 2 2 2 2 2 2 2 2 2 2 2 2 2 2 2 2 2 2 2 2
left_child=1 2 7 5 8 6 17 11 -5 -7 -11 -1 -9 23 -15 -13 19 -2 -19 24 -21 22 -18 -4 -8 26 -26 28 -27 -29
right_child=3 -3 13 4 -6 9 16 12 -10 10 -12 15 -14 14 -16 -17 21 18 -20 20 -22 -23 -24 -25 25 27 -28 29 -30 -31
leaf_value=0.0031128488241707088 -0.73927701793996803 -0.12023859554769292 -0.062496817916600847 -0.059304308178565024 0.043372455848256962 0.046469025815248373 -0.01597159927843286 -0.26370868178196105 -0.032999005196510875 -0.1915252701057347 -0.19706520592734905 -0.24968635439214495 -0.25719444255712953 -0.053974046932551013 -0.00062555496017302036 -0.092327920740528563 0.017035245002559665 0.045971620876889767 -0.64972770546216918 -0.24235029191609417 0.059997544853968701 0.089865558699401549 -0.029038895590317637 0.0092189609922956502 0.061967432488423894 0.062597728499826713 -0.80149550049645679 -0.0530419251701362 -0.12289918646034881 0.053491216145906934
leaf_weight=22 23 26 27 38 133 29 26 30 23 28 32 21 20 22 35 39 138 25 20 54 22 1101 21 80 21 375 21 72 20 933
leaf_count=22 23 26 27 38 133 29 26 30 23 28 32 21 20 22 35 39 138 25 20 54 22 1101 21 80 21 375 21 72 20 933
internal_value=0.000556514 -0.0117702 -0.00885135 0.00181458 -0.00608247 0.00233198 0.00268454 -0.0184848 -0.0261475 -0.00904494 -0.015 -0.0120732 -0.029 -0.00109756 -0.0072807 -0.0166667 0.00296719 -0.00897059 -0.005 0.00202073 -0.00289474 0.00412698 0.00122642 0.00219626 0.0022752 0.00239945 -0.00333333 0.00257143 0.00411392 0.00196517
internal_weight=3477 322 296 3155 194 2961 2872 132 61 89 60 82 50 164 57 60 2804 68 45 1544 76 1260 159 107 1468 1442 42 1400 395 1005
internal_count=3477 322 296 3155 194 2961 2872 132 61 89 60 82 50 164 57 60 2804 68 45 1544 76 1260 159 107 1468 1442 42 1400 395 1005
is_linear=0
shrinkage=0.05


Tree=6
num_leaves=31
num_cat=0
split_feature=13 16 0 46 16 13 46 56 14 45 26 14 16 36 12 22 28 11 16 26 13 5 50 53 17 53 14 8 28 13
split_gain=19.0633 17.6887 6.01743 4.51853 2.94072 8.72407 2.63372 2.43707 2.21876 2.17122 2.13989 2.2441 1.92732 1.09113 1.07904 0.935346 1.31857 1.32234 0.871111 0.831247 0.659975 1.16258 0.602562 0.590012 0.546376 0.797529 0.818635 0.921812 0.620001 0.524258
threshold=-0.51577776670455922 1.1800000071525576 1.1399999856948855 3.4416667222976689 1.1800000071525576 -0.24199999868869779 -2.1233333945274349 -2.3240000009536739 0.079166669398546233 -0.028000000864267346 -0.64399999380111683 0.16250000149011615 0.25999999791383749 0.46049998700618749 2.8107068538665776 0.39305000007152563 1.5760999917984011 0.057268733158707626 0.25999999791383749 2.3347499370574956 -0.39577777683734888 0.32500000298023229 1.5000000000000002 7.2195000648498544 0.62500000000000011 -2.3235000371932979 0.22916666418313983 0.5000000149011613 -3.4679499864578243 -0.3599999994039535
decision_type=2 2 2 2 2 2 2 2 2 2 2 2 2 2 2 2 2 2 2 2 2 2 2 2 2 2 2 2 2 2
left_child=1 2 7 4 6 9 23 10 -5 -6 22 -12 -4 -14 19 -9 17 -17 -10 24 21 -16 -1 -2 25 26 27 -8 -27 -21
right_child=3 -3 12 8 5 -7 14 15 18 -11 11 -13 13 -15 20 16 -18 -19 -20 29 -22 -23 -24 -25 -26 28 -28 -29 -30 -31
leaf_value=-0.034508516623383959 -0.84411751557425529 -0.10323554259675514 -0.24677660860163014 -0.16492314827321297 -0.053898844588375155 0.053254917693264639 0.011145086996529309 0.01118800017118755 -0.20747830308314319 -0.027945623314747606 -0.24329035036963176 -0.048352991029385534 -0.086320235476695803 -0.098486837173038563 -0.023547272682775774 -0.90360789212257908 0.019835109271013313 -0.015707346162365712 0.080216058446744842 -0.12290616505285373 0.085372280764431485 0.021132580326468208 0.004550887000547542 -0.50536734514131376 0.089815015177157634 -0.75928921008694461 0.044053077750308159 -0.381559798754593 0.054934847781790454 0.014725406440011607
leaf_weight=29 24 39 31 32 21 126 23 146 25 34 36 25 22 20 39 28 25 26 20 25 1101 87 28 35 229 23 32 28 1069 49
leaf_count=29 24 39 31 32 21 126 23 146 25 34 36 25 22 20 39 28 25 26 20 25 1101 87 28 35 229 23 32 28 1069 49
internal_value=0.000585275 -0.00895604 -0.0059375 0.00202184 0.00233447 -0.00383978 0.00273878 -0.00316327 -0.00993506 -0.0204545 -0.00898305 -0.0154918 -0.0189726 -0.0259524 0.00296673 -0.000111111 -0.00449367 -0.00888889 -0.00277778 0.00205683 0.00406275 0.000634921 -0.00201754 -0.00771186 0.00232906 0.00189362 -0.00283133 -0.00676471 0.00225275 -0.00310811
internal_weight=3477 455 416 3022 2945 181 2764 343 77 55 118 61 73 42 2705 225 79 54 45 1478 1227 126 57 59 1404 1175 83 51 1092 74
internal_count=3477 455 416 3022 2945 181 2764 343 77 55 118 61 73 42 2705 225 79 54 45 1478 1227 126 57 59 1404 1175 83 51 1092 74
is_linear=0
shrinkage=0.05


Tree=7
num_leaves=31
num_cat=0
split_feature=44 51 16 44 7 46 50 16 14 45 14 18 46 44 37 51 16 21 35 18 8 9 12 28 16 18 36 18 18 44
split_gain=15.541 7.2846 6.39457 5.15914 8.64741 4.17129 2.45127 2.26471 2.07076 1.92857 1.78496 1.70323 1.56212 1.225 1.17402 0.957507 0.834815 0.794227 0.955658 0.648124 1.04044 0.876207 0.546024 0.677231 1.1509 0.651665 0.667086 0.74956 0.670635 0.668337
threshold=-15.499999999999998 -3.0500000715255733 1.1800000071525576 -9.4999999999999982 1.0000000180025095e-35 3.4416667222976689 1.5000000000000002 0.25999999791383749 0.079166669398546233 -0.028000000864267346 0.29583333432674414 0.52937036752700817 -0.36749999225139612 -19.499999999999996 -0.98734998703002919 -0.51300001144409169 0.25999999791383749 0.80099999904632579 0.78775000572204601 0.38718412816524511 1.0000000180025095e-35 0.71152815222740184 4.8571953773498544 0.36164999008178716 0.1799999997019768 0.40406349301338201 -0.085450001060962663 0.51379999518394481 0.53788095712661754 -7.4999999999999991
decision_type=2 2 2 2 2 2 2 2 2 2 2 2 2 2 2 2 2 2 2 2 2 2 2 2 2 2 2 2 2 2
left_child=1 6 5 9 -5 12 7 -1 -7 -4 17 -9 14 -8 15 -2 -10 18 -3 -14 21 -21 23 -22 -25 -26 27 -27 -29 -30
right_child=2 10 3 4 -6 8 13 11 16 -11 -12 -13 19 -15 -16 -17 -18 -19 -20 20 22 -23 -24 24 25 26 -28 28 29 -31
leaf_value=-0.27435837297474897 -0.84147848436536232 -0.0021972942188543754 -0.051453908478897775 0.010523653461315141 -0.078479220902643615 -0.14188886341827825 -0.082689373848701078 -0.089003956658670502 -0.19270300693134693 -0.024647084570034995 -0.065193266583108408 -0.094079322207706401 0.093730298264967274 0.0044451358928997041 0.015070555253031881 -0.17011262065310051 0.052285122676757556 0.031761854682181005 -0.14194704321901652 0.052063103591524912 0.047128262230973154 -0.13065852699147176 0.06185307441521784 -0.85320829780077867 -0.90884366667384409 0.032955946929165578 0.047169025214471333 -1.1160417937516269 -0.034894662058955889 0.10456679492720766
leaf_weight=31 22 92 21 138 24 35 20 23 27 21 20 35 746 20 214 35 23 35 31 38 1003 25 384 23 20 74 213 21 38 25
leaf_count=31 22 92 21 138 24 35 20 23 27 21 20 35 746 20 214 35 23 35 31 38 1003 25 384 23 20 74 213 21 38 25
internal_value=0.000757837 -0.00998371 0.00179811 -0.00676471 -0.00271605 0.00238705 -0.019031 -0.0236517 -0.00852941 -0.022381 -0.00342697 -0.0294828 0.00270913 -0.00875 -0.000904059 -0.0072807 -0.002 -0.00164557 -0.00353659 0.00308429 0.00258584 -0.00373016 0.00280677 0.00235356 0.000652174 0.00129156 0.0017655 -0.000696202 -0.00392857 -0.00134921
internal_weight=3477 307 3170 204 162 2966 129 89 85 42 178 58 2881 40 271 57 50 158 123 2610 1864 63 1801 1417 414 391 371 158 84 63
internal_count=3477 307 3170 204 162 2966 129 89 85 42 178 58 2881 40 271 57 50 158 123 2610 1864 63 1801 1417 414 391 371 158 84 63
is_linear=0
shrinkage=0.05


Tree=8
num_leaves=31
num_cat=0
split_feature=13 16 0 46 10 47 16 44 8 56 46 50 10 53 16 21 35 17 16 56 12 16 13 37 53 12 16 36 46 0
split_gain=15.3604 18.3448 5.99003 4.61368 2.14773 2.12386 2.10696 6.24517 3.34606 1.89392 1.53383 1.5083 1.33594 1.58275 1.29643 1.07759 0.840572 0.758612 0.76035 1.06736 0.694196 1.10522 2.28527 0.926327 0.913505 0.633333 0.470645 0.480401 1.32024 0.581141
threshold=-0.50733333826065052 1.1800000071525576 1.1399999856948855 3.4416667222976689 -9.3615336418151838 1.8881500959396365 1.1800000071525576 -6.4999999999999991 1.7666666507720949 -2.3585000038146968 -2.1233333945274349 1.5000000000000002 -10.421407222747801 -3.5204999446868892 0.25999999791383749 0.18665000051259997 -4.1225001811981192 0.45833332836627966 0.4200000017881394 -2.3585000038146968 2.9277592897415166 0.38000001013278967 -0.3053333312273025 -2.3675500154495235 -0.057499999180436127 2.6240411996841435 0.34000000357627874 -0.92010000348091114 -0.1845000013709068 0.93999999761581432
decision_type=2 2 2 2 2 2 2 2 2 2 2 2 2 2 2 2 2 2 2 2 2 2 2 2 2 2 2 2 2 2
left_child=1 2 9 6 14 -4 10 8 -8 11 16 12 13 -1 -5 -7 -2 18 20 -20 23 -22 -23 24 -12 -21 27 28 -25 -29
right_child=3 -3 5 4 -6 15 7 -9 -10 -11 17 -13 -14 -15 -16 -17 -18 -19 19 25 21 22 -24 26 -26 -27 -28 29 -30 -31
leaf_value=-0.082642856174786783 -0.73971240560372598 -0.093464803991961221 -0.019026301285409185 -0.10551319536179204 -0.21653348886323773 -0.18347083627152297 -0.039185395038494913 0.042206864935476221 -0.01747650878463481 0.0029717150496313075 -0.36624325410479291 0.0042514098747294055 -0.010621981103298116 -0.13334034499396846 0.077752230221615037 -0.081343806048278414 0.020925649677631688 0.083413788825006913 -0.010257384744252798 -0.3458665953772091 0.07634062949553988 -0.01908264716509718 0.067782459593439315 -0.51688451789085865 0.072654972702104373 0.02598268577589501 0.054601648130108954 0.056742810805857205 0.070787376476052863 -0.1053064214305022
leaf_weight=23 27 40 24 35 21 29 28 125 27 228 29 34 37 28 21 20 32 749 21 38 696 22 36 35 23 57 133 761 66 32
leaf_count=23 27 40 24 35 21 29 28 125 27 228 29 34 37 28 21 20 32 749 21 38 696 22 36 35 23 57 133 761 66 32
internal_value=0.000844119 -0.00763499 -0.00457447 0.00214665 -0.00993506 -0.0176027 0.0024634 -0.00277778 -0.0168182 -0.00185714 0.00280559 -0.00688525 -0.0103409 -0.0155882 -0.00482143 -0.0235714 -0.00516949 0.00297999 0.00246024 -0.00146552 0.00270867 0.00387268 -0.00275862 0.00189527 -0.00461538 0.000789474 0.00222493 0.00181208 -0.00143564 0.00222573
internal_weight=3477 463 423 3014 77 73 2937 180 55 350 2757 122 88 51 56 49 59 2698 1949 116 1833 754 58 1079 52 95 1027 894 101 793
internal_count=3477 463 423 3014 77 73 2937 180 55 350 2757 122 88 51 56 49 59 2698 1949 116 1833 754 58 1079 52 95 1027 894 101 793
is_linear=0
shrinkage=0.05


Tree=9
num_leaves=31
num_cat=0
split_feature=2 16 10 9 16 53 16 0 56 0 21 22 10 18 16 37 51 5 18 18 22 11 51 16 10 18 18 5 18 9
split_gain=12.6393 6.52971 13.03 4.81667 4.75446 2.96754 3.25203 2.89384 2.62074 2.58673 2.4641 2.18187 1.87736 1.4779 2.77993 1.39521 0.790313 1.0859 0.695796 2.72115 0.724922 0.987613 0.807617 1.28259 0.633648 0.677667 1.99304 0.588846 0.578817 0.535549
threshold=1.0805000066757204 1.1800000071525576 -9.675618648529051 1.0400360226631167 0.90000000596046459 -2.2779999971389766 0.1799999997019768 1.1399999856948855 -2.4239999055862422 0.65999999642372142 0.076449997723102583 -0.22289999574422834 -9.5567545890808088 0.61629629135131847 0.29999999701976782 -1.0000000180025095e-35 -3.1720000505447383 0.27500000596046453 0.39782011508941656 0.40406349301338201 -0.29055000841617579 0.03568557649850846 -0.35199999809265131 0.21999999880790713 -9.0837049484252912 0.48501852154731756 0.5304073989391328 0.075000001117587103 0.51272907853126537 0.27033592760562902
decision_type=2 2 2 2 2 2 2 2 2 2 2 2 2 2 2 2 2 2 2 2 2 2 2 2 2 2 2 2 2 2
left_child=1 5 9 4 7 6 -1 -2 13 -3 -9 16 15 14 -7 -13 -8 -18 -10 -20 -21 22 23 -22 -24 -26 28 -4 -27 -25
right_child=3 2 27 -5 -6 8 11 10 18 -11 -12 12 -14 -15 -16 -17 17 -19 19 20 21 -23 24 29 25 26 -28 -29 -30 -31
leaf_value=-0.25466909923160047 -0.0012934736950779761 -0.034449870578857969 -0.018255104124136761 0.013516602006466916 -0.10663181785416331 0.040019361526438008 0.018421545081572132 -0.17429729394246993 0.082726981728388979 -0.058828866412141294 -0.083801912320257188 -0.031088922321344883 -0.1670937658668834 -0.56367506881268259 -0.76984965167372899 0.0084641827788462781 -0.044869976281758046 0.0050584988163913406 -0.88287683391832117 0.047689847698420017 -0.21046877136866465 0.055564342955323601 0.053436020777198591 -0.044950857073117842 0.095118324229168369 -0.16286341052129255 0.076604397534072 0.026856382329799745 -1.1449871960714908 0.029490456178879462
leaf_weight=32 36 21 29 44 20 71 205 39 816 28 26 38 28 21 31 124 21 39 33 508 36 448 375 100 63 23 54 92 20 56
leaf_count=32 36 21 29 44 20 71 205 39 816 28 26 38 28 21 31 124 21 39 33 508 36 448 375 100 63 23 54 92 20 56
internal_value=0.0009304 0.00160326 -0.00794118 -0.0125758 -0.0177273 0.00211967 -0.00146817 -0.0133168 0.00277778 -0.0296939 -0.0196154 -0.000384615 -0.00447368 -0.00434959 -0.00186274 -0.00240741 0.00254717 -0.0025 0.00312401 0.00255245 0.00283125 0.00214894 0.001011 -0.00177083 0.00200935 -0.000625 -0.00324742 0.000867769 -0.0112791 0.000192308
internal_weight=3477 3312 170 165 121 3142 487 101 2655 49 65 455 190 123 102 162 265 60 2532 1716 1683 1175 727 192 535 160 97 121 43 156
internal_count=3477 3312 170 165 121 3142 487 101 2655 49 65 455 190 123 102 162 265 60 2532 1716 1683 1175 727 192 535 160 97 121 43 156
is_linear=0
shrinkage=0.05


Tree=10
num_leaves=31
num_cat=0
split_feature=13 16 46 16 13 28 0 14 17 16 17 20 11 45 46 51 53 45 20 53 51 2 10 0 13 10 20 35 46 13
split_gain=17.1506 11.3654 5.6237 3.05416 8.90475 4.55115 3.05125 2.03407 1.82617 1.50534 1.70816 3.03332 1.4881 1.35941 1.24023 0.971645 0.72 0.686382 1.27201 0.964799 1.64664 0.914286 0.704281 0.74481 0.650901 0.642857 0.584719 0.531313 0.700922 0.519259
threshold=-0.59177777171134938 1.1800000071525576 3.4416667222976689 1.1800000071525576 -0.32600000500679011 0.078150000423192992 1.1399999856948855 0.079166669398546233 0.12500000372529033 0.29999999701976782 0.29166667163372045 0.42325000464916235 -0.0515389647334814 2.1798334121704106 -0.65899997949600209 -3.5154999494552608 -3.0839999914169307 -0.29958334565162653 -1.014750003814697 -1.7405000329017637 -2.4854999780654903 0.63133332133293163 -8.5908966064453107 0.70000001788139354 -0.85111111402511586 -10.352585315704344 -0.8697499930858611 -4.1225001811981192 -0.86783334612846363 -0.2357777804136276
decision_type=2 2 2 2 2 2 2 2 2 2 2 2 2 2 2 2 2 2 2 2 2 2 2 2 2 2 2 2 2 2
left_child=1 6 3 14 5 -5 9 13 -9 24 11 -11 15 -4 27 -8 -12 18 -16 20 21 25 -19 -24 -1 -20 -21 -2 -29 -6
right_child=2 -3 7 4 29 -7 12 8 -10 10 16 -13 -14 -15 17 -17 -18 22 19 26 -22 -23 23 -25 -26 -27 -28 28 -30 -31
leaf_value=-0.032272199278736022 -0.6058237542528212 -0.1603461169364914 -0.1066540146228505 -0.043648524555664647 -0.0036072763111488285 -0.039018659841646632 -0.19037786178275906 -0.14157997527826258 0.082045074085568673 -0.079604946730200479 0.012190881591146494 -0.022241435109168373 -0.070554858586373309 -0.67814731666457728 0.037183550978883158 -0.052313700502709962 -0.0092642331038983762 0.068400945844668201 -0.34657048898371345 -0.091157407645224467 -0.88296031889573978 0.021044988205697751 0.068008671562977185 -0.079381669203443236 0.0010280247421550659 -0.0095818545328318905 0.024266308269228175 0.05566581146564871 -0.19019255432615698 0.055196237357588308
leaf_weight=37 26 24 21 21 20 23 22 23 35 26 25 21 28 20 374 20 25 1767 28 23 25 70 188 31 111 28 238 63 30 117
leaf_count=37 26 24 21 21 20 23 22 23 35 26 25 21 28 20 374 20 25 1767 28 23 25 70 188 31 111 28 238 63 30 117
internal_value=0.000940171 -0.00974926 0.00208294 0.00246094 -0.00383978 -0.0234091 -0.00722222 -0.00964646 -0.00362069 -0.00459184 -0.00943299 -0.0162766 -0.0164286 -0.0181707 0.00285541 -0.0104762 -0.003 0.00306999 0.00181934 -9.70872e-05 -0.00327815 -0.000952381 0.00356495 0.000890411 -0.00141892 -0.00571429 0.0017433 -0.00214286 -0.000376344 0.00244526
internal_weight=3510 339 3171 3072 181 44 315 99 58 245 97 47 70 41 2891 42 50 2772 786 412 151 126 1986 219 148 56 261 119 93 137
internal_count=3510 339 3171 3072 181 44 315 99 58 245 97 47 70 41 2891 42 50 2772 786 412 151 126 1986 219 148 56 261 119 93 137
is_linear=0
shrinkage=0.05


Tree=11
num_leaves=31
num_cat=0
split_feature=13 18 2 46 17 48 18 18 18 44 14 44 46 37 14 28 9 14 46 14 21 21 37 3 11 46 46 36 10 10
split_gain=15.8427 9.09296 3.99195 3.14922 2.75633 2.11913 1.43233 1.70743 3.03967 1.95256 3.1631 1.27531 1.17749 1.70872 1.1771 1.5586 1.90222 1.16619 1.1281 0.805327 0.771576 0.626492 0.853525 0.569308 1.14587 0.568699 0.522119 0.907046 0.463768 0.311418
threshold=-0.48000000417232508 0.72674912214279186 1.1620000004768374 3.4416667222976689 0.62500000000000011 1.0000000180025095e-35 0.52134984731674205 0.53788095712661754 0.52970370650291454 -10.499999999999998 0.37083333730697637 -16.499999999999996 4.6148333549499521 0.80070000886917125 0.11250000074505807 -1.3114500045776365 0.35007603466510778 0.33750000596046453 -0.2688333392143249 0.045833334326744087 -0.44934999942779535 -0.21195000410079953 1.1770499944686892 0.22581839561462405 0.11614089831709863 -0.65899997949600209 -0.3911666721105575 -1.1556999683380125 -11.711276531219481 -1.0000000180025095e-35
decision_type=2 2 2 2 2 2 2 2 2 2 2 2 2 2 2 2 2 2 2 2 2 2 2 2 2 2 2 2 2 2
left_child=1 2 11 6 -3 -4 26 8 17 10 20 14 13 -5 19 -16 -17 -8 -7 -1 -9 -13 23 24 -23 -11 27 -2 -20 -27
right_child=3 4 5 12 -6 18 7 9 -10 25 -12 21 -14 -15 15 16 -18 -19 28 -21 -22 22 -24 -25 -26 29 -28 -29 -30 -31
leaf_value=-0.21243567375625344 -0.54140999644075039 -0.12420191875666664 -0.1939025205787018 -0.72379125473211525 -0.10188101489226944 -0.066641256375982116 0.062599758179106721 -0.016226168512233279 -0.92036489495580143 -0.15236542110323203 -0.026761180347840904 0.011647520734451055 0.0041306487461793299 -0.046998628520695841 0.0035068620808618254 -0.12452624036044597 -0.019627631649859253 -1.1948171665119869 -0.044589674039841841 0.013638275625953399 0.016748865792788111 0.035290736616295566 -0.085828430929545743 0.015656377958140465 -0.054388983783918793 0.051332070541297625 0.066628158758225073 0.045216066697643838 0.00071931648494980493 0.0045813592265056746
leaf_weight=27 29 21 26 25 34 21 74 29 31 30 25 79 33 26 20 31 34 31 23 47 118 34 27 72 23 572 1741 115 27 85
leaf_count=27 29 21 26 25 34 21 74 29 31 30 25 79 33 26 20 31 34 31 23 47 118 34 27 72 23 572 1741 115 27 85
internal_value=0.00119658 -0.00663004 -0.00447047 0.00263833 -0.0259091 -0.0135567 0.00291667 0.00138191 -0.00382353 0.00220605 -0.00255814 -0.0022335 -0.00690476 -0.0116667 -0.00569182 -0.00970588 -0.0134615 0.000238095 -0.00908451 -0.00108108 0.000238095 0.000106383 -0.00173077 -3.87595e-05 -0.00377193 0.00339884 0.00372679 0.000833334 -0.005 0.00370624
internal_weight=3510 546 491 2964 55 97 2880 995 136 859 172 394 84 51 159 85 65 105 71 74 147 235 156 129 57 687 1885 144 50 657
internal_count=3510 546 491 2964 55 97 2880 995 136 859 172 394 84 51 159 85 65 105 71 74 147 235 156 129 57 687 1885 144 50 657
is_linear=0
shrinkage=0.05


Tree=12
num_leaves=31
num_cat=0
split_feature=13 16 46 16 13 0 9 16 45 44 46 47 51 18 26 18 13 11 35 18 18 16 16 26 14 9 18 16 9 8
split_gain=11.8797 10.4378 3.09061 2.73423 6.77943 2.39938 2.19126 2.05615 2.02143 1.67543 1.09088 1.06258 0.999412 1.28183 2.06803 0.827334 0.825492 0.78585 0.700896 0.634011 0.791085 1.46894 0.766057 2.24629 0.595238 0.496436 0.557849 0.441121 0.412698 0.407051
threshold=-0.63977777957916249 1.1800000071525576 3.4416667222976689 1.1800000071525576 -0.28000000119209284 1.1399999856948855 0.25094799697399145 0.21999999880790713 1.0000000180025095e-35 -16.499999999999996 -0.65899997949600209 3.7337081432342534 -3.1720000505447383 0.53235557675361644 -0.64399999380111683 0.5656111240386964 -0.79177775979042042 0.0048587182536721238 0.43725000321865087 0.38718412816524511 0.39982716739177709 0.25999999791383749 0.1799999997019768 0.88650000095367443 0.079166669398546233 0.19673198461532596 0.46334743499755865 0.13999999687075618 0.23012895137071612 1.0000000180025095e-35
decision_type=2 2 2 2 2 2 2 2 2 2 2 2 2 2 2 2 2 2 2 2 2 2 2 2 2 2 2 2 2 2
left_child=1 5 3 9 8 12 -7 -4 -5 -2 15 24 13 -1 -15 25 17 -14 -8 -12 21 -21 23 27 -9 26 -11 -22 -23 -24
right_child=2 -3 7 4 -6 6 18 11 -10 10 19 -13 16 14 -16 -17 -18 -19 -20 20 22 28 29 -25 -26 -27 -28 -29 -30 -31
leaf_value=0.0050071442664921155 -0.093047977834093631 -0.14944823630897211 -0.15627122382038272 -0.035545795221778823 0.039330224517092865 -0.10760265941034225 -0.097003977916084019 -0.64795947961818579 -0.012149661937883735 -0.65183668266357964 0.080721933157970049 0.02990279951857279 0.014486417662026994 -0.0027961538787017598 -0.26112405919340065 -0.4847570177518094 0.0063694776826341689 -0.040107231777688546 -0.1394497950412352 -0.97371701985569037 -0.064177680035965204 0.037788105225830183 -0.073421306184794408 -0.7492030947608983 -0.047585805632691838 0.078254694436992608 0.074426835500330718 0.11749671819180213 -0.001990114484546827 0.036722013360121361
leaf_weight=32 34 23 22 37 125 27 22 21 20 22 769 36 25 22 23 28 78 24 21 22 23 39 46 22 21 37 31 70 24 1764
leaf_count=32 34 23 22 37 125 27 22 21 20 22 769 36 25 22 23 28 78 24 21 22 23 39 46 22 21 37 31 70 24 1764
internal_value=0.00126781 -0.00829966 0.00215219 0.00243013 -0.00351648 -0.00558394 -0.0135714 -0.0065 -0.017807 0.00279939 0.00292889 -0.00269231 -0.00284314 -0.00733766 -0.0127778 -0.00177966 -0.00011811 -0.00520408 -0.0205814 0.00312882 0.00266169 -0.00205882 0.00287013 -0.00108696 -0.00809524 0.000555556 -0.00254717 0.00231183 0.0018254 0.00312155
internal_weight=3510 297 3213 3113 182 274 70 100 57 2931 2897 78 204 77 45 118 127 49 43 2779 2010 85 1925 115 42 90 53 93 63 1810
internal_count=3510 297 3213 3113 182 274 70 100 57 2931 2897 78 204 77 45 118 127 49 43 2779 2010 85 1925 115 42 90 53 93 63 1810
is_linear=0
shrinkage=0.05


Tree=13
num_leaves=31
num_cat=0
split_feature=13 16 44 53 13 16 45 13 9 22 53 46 35 18 27 27 53 27 51 28 45 22 37 46 10 9 7 27 14 36
split_gain=10.2398 7.65668 2.66913 2.0547 1.77465 4.70688 2.04901 1.72279 1.4336 1.17285 1.02375 0.962932 0.924334 0.758346 1.59577 1.2435 1.2815 0.820946 0.678788 0.654762 0.651717 0.674945 1.00856 0.63307 0.601796 0.563489 1.00501 0.86362 0.484724 0.553972
threshold=-0.48000000417232508 1.1800000071525576 -20.499999999999996 -1.7695000171661375 -0.23799999803304669 1.1800000071525576 1.0000000180025095e-35 -0.66533333063125599 0.25094799697399145 0.14675000309944156 -3.5204999446868892 4.12150001525879 -0.37600000202655787 0.56865182518959057 -0.79734998941421498 0.090999998152256026 -0.77549999952316273 1.2466000318527224 -1.1970000267028806 0.22555000334978106 -0.24191666394472119 1.1226500272750857 0.91294997930526745 -0.79866668581962574 -12.828595161437987 0.30287946760654455 1.0000000180025095e-35 1.0715000033378603 0.062500001862645163 -0.96604999899864186
decision_type=2 2 2 2 2 2 2 2 2 2 2 2 2 2 2 2 2 2 2 2 2 2 2 2 2 2 2 2 2 2
left_child=1 2 3 8 5 10 -7 -3 -1 -5 12 23 -2 17 -15 -16 -17 24 -14 -18 25 -22 -23 -6 -4 26 27 -12 29 -25
right_child=4 7 13 9 11 6 -8 -9 -10 -11 20 -13 18 14 15 16 19 -19 -20 -21 21 22 -24 28 -26 -27 -28 -29 -30 -31
leaf_value=-0.20846551154381987 -0.053052116674206007 -0.14916342190733622 -0.031907760296186215 0.021361626745031573 -0.59393184044125824 -0.024238694327574316 -0.0013443126718149343 -0.033092179230870038 -0.11320972836109203 -0.14352138568463355 0.0077762426741070341 -0.12146769490497585 0.011183708466164967 -0.081799364887006121 0.0070457862267676256 -0.087762051355712467 -0.048972675438860531 -0.014715933522227866 -0.25994166427315835 0.046819013577317804 0.044380759508519586 -0.13027069017371459 0.020496261035626115 -0.16307736682923746 0.0066298192041358769 0.019529875342298848 -0.020737899003258321 -0.55649532105288368 0.089175577982063978 0.062758320105488138
leaf_weight=25 23 21 30 29 28 23 22 22 26 24 245 36 28 24 78 31 20 22 27 22 423 31 111 42 172 72 22 26 1451 354
leaf_count=25 23 21 30 29 28 23 22 22 26 24 245 36 28 24 78 31 20 22 27 22 423 31 111 42 172 72 22 26 1451 354
internal_value=0.00131054 -0.00498168 -0.0032505 -0.0103846 0.00246964 0.000821463 -0.015 -0.0252326 -0.017549 -0.00349057 0.00152778 0.00337781 -0.00397436 -0.00139098 -0.00385714 -0.00195364 -0.00664384 0.000535714 -0.000454545 -0.000952381 0.00198925 0.0030531 7.04227e-05 0.00353333 0.00153465 0.000342466 -0.000631399 0.000202952 0.00364645 0.00209596
internal_weight=3510 546 503 104 2964 1053 45 43 51 53 1008 1911 78 399 175 151 73 224 55 42 930 565 142 1875 202 365 293 271 1847 396
internal_count=3510 546 503 104 2964 1053 45 43 51 53 1008 1911 78 399 175 151 73 224 55 42 930 565 142 1875 202 365 293 271 1847 396
is_linear=0
shrinkage=0.05


Tree=14
num_leaves=31
num_cat=0
split_feature=13 16 0 13 46 12 13 16 44 18 51 16 10 16 13 8 27 35 12 36 18 18 45 22 5 14 1 17 9 18
split_gain=9.15101 8.00683 2.48556 1.72279 1.71581 1.4456 1.30154 3.1563 1.66996 1.2774 1.14966 0.992341 2.36462 1.17673 1.56114 1.31364 0.899022 0.777366 0.775821 1.00618 0.828431 0.921932 0.751713 0.693951 0.973863 1.27196 0.603571 0.600173 0.660185 0.542949
threshold=-0.48000000417232508 1.1800000071525576 1.1399999856948855 -0.66533333063125599 3.4416667222976689 1.7101047635078432 -0.23799999803304669 1.1800000071525576 -9.4999999999999982 0.55301588773727428 -3.0500000715255733 0.1799999997019768 -10.652754783630369 0.29999999701976782 -0.75177779793739308 0.76666668057441723 0.58239999413490307 3.4657499790191655 2.6795073747634892 -1.0128499865531919 0.39782011508941656 0.498731479048729 -0.24191666394472119 1.1226500272750857 0.32500000298023229 0.28749999403953558 0.47499999403953558 0.37500000000000006 0.47922001779079443 0.51379999518394481
decision_type=2 2 2 2 2 2 2 2 2 2 2 2 2 2 2 2 2 2 2 2 2 2 2 2 2 2 2 2 2 2
left_child=1 2 11 -3 6 10 7 22 -9 17 -4 12 -1 -13 -15 26 -17 -6 19 20 -8 -22 -2 -24 25 -25 -16 28 -21 -30
right_child=4 3 5 -5 9 -7 18 8 -10 -11 -12 13 -14 14 15 16 -18 -19 -20 27 21 -23 23 24 -26 -27 -28 -29 29 -31
leaf_value=0.029288134254731098 0.0023243827248676011 -0.14170525081196941 -0.12919435514583225 -0.031437570269326538 -0.55087982137813651 -0.13680214637382196 0.10322300006418422 -0.038345011121216833 -0.0011823506243121488 -0.096055486206828397 0.021796460117993008 0.007148166723572328 -0.19625626725665482 -0.032158486391559014 -0.0010679302267356944 0.0060007843493114672 -0.011469221481770648 0.034942129833714218 0.087118035912904679 0.090913764795537977 -0.6513745160532709 0.079966339103824002 0.042538254283273652 -0.16245257103408633 0.030286945614098407 0.025472717546387826 -0.054528862153895588 0.083828698485416686 0.0073134732516958179 -0.25348743867405066
leaf_weight=27 397 21 28 22 31 25 25 23 22 23 21 200 29 29 21 79 20 30 870 387 29 31 425 34 78 28 24 426 65 40
leaf_count=27 397 21 28 22 31 25 25 23 22 23 21 200 29 29 21 79 20 30 870 387 29 31 425 34 78 28 24 426 65 40
internal_value=0.0014245 -0.00452381 -0.00275348 -0.0252326 0.00252024 -0.0112162 0.00272569 0.00127607 -0.0116667 -0.00452381 -0.00622449 -0.00129371 -0.0075 -0.00036193 -0.0033815 -0.00125 0.0019697 -0.000737705 0.00350507 0.00255733 -0.00264706 -0.00583333 0.0018815 0.0030531 1.86265e-10 -0.00467742 -0.00833333 0.00303922 0.00184959 -0.00166667
internal_weight=3510 546 503 43 2964 74 2880 1007 45 84 49 429 56 373 173 144 99 61 1873 1003 85 60 962 565 140 62 45 918 492 105
internal_count=3510 546 503 43 2964 74 2880 1007 45 84 49 429 56 373 173 144 99 61 1873 1003 85 60 962 565 140 62 45 918 492 105
is_linear=0
shrinkage=0.05


Tree=15
num_leaves=31
num_cat=0
split_feature=13 16 0 53 26 46 16 26 16 27 17 28 44 36 12 16 46 26 47 46 2 27 13 13 53 17 16 12 13 0
split_gain=9.47777 12.9352 4.35695 2.38126 2.34204 1.89461 1.65782 2.41429 1.19642 1.60872 1.29808 1.14966 1.05913 1.3486 0.8889 0.972818 0.812017 0.796159 1.06522 0.692279 0.464593 0.459828 0.419048 0.415373 0.396864 0.395539 1.93098 0.546193 0.512384 0.82726
threshold=-0.39577777683734888 1.1800000071525576 1.1399999856948855 -1.8995000123977659 0.21749999374151233 3.7731666564941411 0.1799999997019768 0.10099999979138376 0.29999999701976782 1.0350999832153323 0.20833333581686023 -0.0071999998763203612 -17.499999999999996 0.030349999666213993 2.7014106512069707 1.4200000166893008 -0.65899997949600209 -4.9789998531341544 3.681856751441956 2.9683333635330205 0.53999999165534984 1.0715000033378603 -0.57600000500679005 -0.79177775979042042 -3.6794999837875362 0.37500000000000006 0.4200000017881394 2.5546768903732304 0.035142855718731887 0.74000000953674328
decision_type=2 2 2 2 2 2 2 2 2 2 2 2 2 2 2 2 2 2 2 2 2 2 2 2 2 2 2 2 2 2
left_child=1 2 6 11 -3 14 7 22 19 10 12 -4 -10 -14 16 -16 21 -7 -19 23 -12 -2 -1 -8 -22 26 28 -27 -18 -30
right_child=5 4 3 -5 -6 17 8 -9 9 -11 20 -13 13 -15 15 -17 25 18 -20 -21 24 -23 -24 -25 -26 27 -28 -29 29 -31
leaf_value=0.075688952054080716 0.026560471466566163 -0.088876083601196018 -0.050505661719609678 -0.0012943779862680917 -0.03525342329257037 0.034400190334718472 -0.016368962875231114 -0.2266130271514927 -0.050767755501626682 -0.063506689309398692 -0.012507676521629025 -0.18736757406100993 -0.16369834544639222 0.0089837646882250152 0.064453107665674289 -0.02078360903639782 0.053897610522708916 -0.56468351447553022 -0.024826521741396129 -0.069386861940092581 -0.012472404663144671 -0.50887410330241156 -0.14808693925447522 0.030157769521814239 0.015283783024757601 0.060879447137345902 -1.1459168777739148 -0.84336058318141538 0.068217667565398613 -0.13777343651004428
leaf_weight=22 54 36 28 26 22 21 36 30 23 23 20 21 39 42 1195 22 689 23 23 23 28 33 20 282 108 483 28 22 62 25
leaf_count=22 54 36 28 26 22 21 36 30 23 23 20 21 39 42 1195 22 689 23 23 23 28 33 20 282 108 483 28 22 62 25
internal_value=0.00140923 -0.00326297 -0.00154993 -0.013 -0.0260345 0.00285448 -0.000316092 -0.0075 0.000512821 -0.00189046 -0.000769231 -0.0194898 -0.00509615 -0.00240741 0.00306736 0.00405505 0.0022063 -0.00544776 -0.00913043 0.00250733 0.00211538 -0.00247126 0.000238095 0.00311321 0.00316176 0.00251719 0.00182836 0.00361386 0.00229381 -0.00132184
internal_weight=3509 829 771 75 58 2680 696 72 624 283 260 49 104 81 2613 1217 1396 67 46 341 156 87 42 318 136 1309 804 505 776 87
internal_count=3509 829 771 75 58 2680 696 72 624 283 260 49 104 81 2613 1217 1396 67 46 341 156 87 42 318 136 1309 804 505 776 87
is_linear=0
shrinkage=0.05


Tree=16
num_leaves=31
num_cat=0
split_feature=13 18 47 18 13 21 44 46 9 10 44 18 13 46 8 18 13 47 56 10 28 3 56 9 17 13 36 11 18 17
split_gain=8.38893 5.3303 3.29958 2.69738 4.04579 2.37837 2.26848 1.81131 1.48373 1.36928 1.15155 1.03725 1.00607 0.915875 0.781947 1.17719 0.622813 0.609504 0.540952 0.657888 0.525907 0.806667 1.08 0.507936 0.604662 0.523709 0.471342 0.455113 0.412738 0.471391
threshold=-0.63977777957916249 0.74859997630119335 1.4847347736358645 0.72674912214279186 -0.2357777804136276 0.25704999268054968 -20.499999999999996 4.0053331851959237 0.24918745458126071 -9.8927545547485334 -16.499999999999996 0.58161616325378429 -0.15349999815225598 -0.65899997949600209 1.0000000180025095e-35 0.48501852154731756 -0.23799999803304669 0.25519168376922613 -0.14050000160932538 -13.810556411743162 1.7710999846458437 0.23068684339523318 0.18950000405311587 0.17372192442417148 0.12500000372529033 -0.20199999958276746 -0.23029999434947965 0.049376444891095168 0.39699682593345648 0.37500000000000006
decision_type=2 2 2 2 2 2 2 2 2 2 2 2 2 2 2 2 2 2 2 2 2 2 2 2 2 2 2 2 2 2
left_child=1 2 18 7 5 -5 8 10 -4 -9 -2 26 -11 23 15 -15 17 -16 -1 -20 -19 -22 -23 24 -12 -26 -8 28 -18 -30
right_child=3 -3 6 4 -6 -7 11 9 -10 12 13 -13 -14 14 16 -17 27 20 19 -21 21 22 -24 -25 25 -27 -28 -29 29 -31
leaf_value=0.010238127455944124 -0.06358300174436067 -0.11528257273679912 -0.1720191873082873 -0.042442867839978443 0.037334666269359003 -0.0030461113020085265 -0.049396017309125254 0.072388817659364599 -0.11548326061125941 -0.28953000103327675 0.055392514113082852 -0.058417649840580725 -0.0051083140860813218 0.029394674398832546 0.049319391365403135 -0.070008823814274646 0.088354035799006789 0.010034682224762287 0.0053144709570416603 -0.094597101388198684 0.036111859747284994 -0.32024140023146908 0.003217609419007712 0.066573082753504514 -0.65028746495269907 -0.36821310623383002 0.0053988356551281013 0.080775011862024113 0.063463312971521343 0.091194731824450356
leaf_weight=78 36 21 27 31 92 28 26 25 37 37 29 34 20 80 231 52 388 732 39 20 25 20 30 56 22 21 25 631 426 190
leaf_count=78 36 21 27 31 92 28 26 25 37 37 29 34 20 80 231 52 388 732 39 20 25 20 30 56 22 21 25 631 426 190
internal_value=0.00149473 -0.00640065 -0.00461538 0.00225172 -0.00427152 -0.0144915 -0.0097651 0.00257457 -0.016875 -0.0047561 0.00277703 -0.00441176 -0.00903509 0.00288612 0.00307487 -0.000681818 0.00326038 0.0023025 0.000985402 -0.00262712 0.00165428 -0.00233333 -0.006 -0.00125 -0.00402778 -0.0077907 9.80394e-05 0.0038685 0.00320717 0.0024026
internal_weight=3509 307 286 3202 151 59 149 3051 64 82 2969 85 57 2933 2805 132 2673 1038 137 59 807 75 50 128 72 43 51 1635 1004 616
internal_count=3509 307 286 3202 151 59 149 3051 64 82 2969 85 57 2933 2805 132 2673 1038 137 59 807 75 50 128 72 43 51 1635 1004 616
is_linear=0
shrinkage=0.05


Tree=17
num_leaves=31
num_cat=0
split_feature=16 10 44 7 45 46 28 10 2 47 46 44 44 47 37 9 18 10 2 26 16 11 9 9 9 27 26 16 9 47
split_gain=7.77068 8.19247 4.62104 3.55168 1.76102 1.75064 1.52871 1.1692 0.971065 1.49589 0.942888 0.853755 0.8 0.791912 0.764625 2.22917 0.619152 0.768599 0.601905 0.590053 1.57593 0.629886 0.661244 0.78585 0.563593 0.603948 0.812949 0.50505 0.545455 0.492699
threshold=1.1800000071525576 -9.7277197837829572 -15.499999999999998 1.0000000180025095e-35 -1.690249979496002 3.4416667222976689 -0.0071999998763203612 -9.3994007110595685 1.1840000152587893 1.5158891677856448 -0.65899997949600209 -13.499999999999998 -6.4999999999999991 3.4738855361938481 0.17005000263452533 0.22766437381505969 0.38718412816524511 -8.4210262298583967 1.3240000009536745 0.88650000095367443 0.1799999997019768 0.032113660126924522 0.21382781863212588 0.14319659024477008 0.17372192442417148 0.32204999029636389 2.2789999246597294 0.21999999880790713 0.47922001779079443 2.0300611257553105
decision_type=2 2 2 2 2 2 2 2 2 2 2 2 2 2 2 2 2 2 2 2 2 2 2 2 2 2 2 2 2 2
left_child=2 11 4 12 6 10 -1 13 14 -10 24 -2 -3 -7 -6 -16 -12 19 -14 -18 -21 22 23 -22 25 -4 -27 -19 -29 -24
right_child=1 3 5 -5 8 7 -8 -9 9 -11 16 -13 18 -15 15 -17 17 27 -20 20 21 -23 29 -25 -26 26 -28 28 -30 -31
leaf_value=-0.0033533875191688531 -0.075045895265788934 -0.0069274792088117728 0.084508891469474046 -0.048373087889058086 0.0052586001202088294 -0.017017647534409854 -0.23098434030090018 -0.49096208806254565 0.0038528130529589381 -0.17733214304267178 0.063286262030143453 -0.021924829886752664 0.05343151077726508 0.052798577073700385 -0.20535060536694433 0.0085504869071253535 0.036972308761008627 0.10904495854229022 -0.0067846700254096341 -0.36065508569168669 0.042575985495178173 0.048286850558266398 0.045979986913571441 -0.824198547576518 0.061133699249305389 -0.64190386524705656 -0.3820498966351053 0.070775648856154505 -0.13350481354403362 -0.0096738688815269664
leaf_weight=24 22 25 22 24 121 24 25 29 25 29 801 24 79 43 30 52 1519 33 21 20 25 185 81 24 59 20 29 33 33 28
leaf_count=24 22 25 22 24 121 24 25 29 25 29 801 24 79 43 30 52 1519 33 21 20 25 185 81 24 59 20 29 33 33 28
internal_value=0.00162297 -0.00807692 0.00219372 -0.00238255 -0.00366013 0.00278923 -0.0123469 -0.00385417 -0.00200389 -0.00796296 0.00300824 -0.0265217 0.001 -0.00022388 -0.000418719 -0.00414634 0.00320273 0.00272842 0.003 0.0029543 0.00114325 0.00193878 -0.000379747 -0.00520408 -0.00115385 -0.00415493 -0.0072449 -0.00156566 -0.00409091 0.00178899
internal_weight=3509 195 3314 149 306 3008 49 96 257 54 2912 46 125 67 203 82 2782 1981 100 1882 363 343 158 49 130 71 49 99 66 109
internal_count=3509 195 3314 149 306 3008 49 96 257 54 2912 46 125 67 203 82 2782 1981 100 1882 363 343 158 49 130 71 49 99 66 109
is_linear=0
shrinkage=0.05


Tree=18
num_leaves=31
num_cat=0
split_feature=13 16 2 47 13 2 22 18 18 12 18 47 5 16 28 2 35 18 3 56 56 14 16 36 13 3 35 56 56 47
split_gain=7.52148 10.9058 2.4289 1.98184 1.6069 1.72715 1.667 1.27751 1.26572 1.09193 1.1451 1.16989 1.43338 0.774976 1.04255 1.2398 0.711529 0.700615 0.676654 0.747347 0.551672 0.538631 1.29423 0.525068 0.758939 0.478816 0.44328 0.730163 2.05365 0.833333
threshold=-0.39577777683734888 1.1800000071525576 0.94799998402595531 1.4847347736358645 -0.87177777290344227 0.58933332562446605 -1.0000000180025095e-35 0.60981348156929027 0.63899999856948864 2.158299565315247 0.39699682593345648 2.3282527923583989 0.52500000596046459 0.25999999791383749 0.4504500031471253 0.34999999403953558 -2.4787501096725459 0.46417459845542913 0.49050766229629522 -1.7389999628067014 -1.6599999666213987 0.012500000651925804 0.21999999880790713 -0.0035500000230967994 -0.72200000286102284 0.11324555054306985 0.46400000154972082 0.045500000938773162 -0.16149999946355817 0.87673082947731029
decision_type=2 2 2 2 2 2 2 2 2 2 2 2 2 2 2 2 2 2 2 2 2 2 2 2 2 2 2 2 2 2
left_child=1 3 -3 16 6 -6 -5 23 -9 10 -2 13 17 14 20 -16 -1 -13 -11 -20 -12 22 -22 24 -7 -15 -18 28 29 -28
right_child=9 2 -4 4 5 7 -8 8 -10 18 11 12 -14 25 15 -17 26 -19 19 -21 21 -23 -24 -25 -26 -27 27 -29 -30 -31
leaf_value=-0.08883277402601808 0.071229949547231372 -0.022615894271440357 -0.088747694737751737 -0.00098536412091409023 -0.63421612215378453 -0.086306668074328199 -0.17639944365343144 -0.2008122768418481 0.0042619494093391391 0.0552864334420664 -0.17876062760261247 -0.5708731029357097 -0.50751487523756811 -0.28150848956988311 -0.82152057097355247 0.018517187358057668 0.011550524658652587 0.057016498580585273 0.02930634404656219 -0.016172646876817045 0.10471217494960572 0.091013307743661523 -0.20102660522594631 0.010700804219110023 0.018343818368033539 0.037123085459771492 0.018927349986369746 0.027055448648082344 -0.080591404032336666 -0.17685682296649263
leaf_weight=24 349 28 30 21 33 27 27 20 26 1360 28 23 26 29 21 28 335 56 23 29 34 134 20 62 55 520 40 58 23 20
leaf_count=24 349 28 30 21 33 27 27 20 26 1360 28 23 26 29 21 28 335 56 23 29 34 134 20 62 55 520 40 58 23 20
internal_value=0.00162297 -0.0025392 -0.0234483 -0.000966277 -0.00440959 -0.00262332 -0.0127083 -0.000789473 -0.00804348 0.00291045 0.00184543 0.000919478 -0.00404762 0.0015602 -0.000660377 -0.0072449 0.0009 -0.000696202 0.00386686 -0.00173077 0.000833334 0.00180851 -0.00240741 0.00152778 -0.00109756 0.00263206 0.00132353 -0.00102837 -0.00403614 0.000833334
internal_weight=3509 829 58 771 271 223 48 190 46 2680 1268 919 105 814 265 49 500 79 1412 52 216 188 54 144 82 549 476 141 83 60
internal_count=3509 829 58 771 271 223 48 190 46 2680 1268 919 105 814 265 49 500 79 1412 52 216 188 54 144 82 549 476 141 83 60
is_linear=0
shrinkage=0.05


Tree=19
num_leaves=31
num_cat=0
split_feature=16 13 44 0 16 28 13 46 10 56 9 37 12 11 12 8 0 47 27 45 0 17 28 27 20 20 10 14 12 12
split_gain=6.60811 8.79381 2.95343 2.07638 1.36645 1.34457 1.30066 1.1791 1.28592 0.931356 1.25684 0.961454 0.890363 0.842514 0.768058 0.717714 1.07329 0.54912 0.534453 0.587778 0.512121 0.466064 0.658569 0.424816 0.517298 0.93487 0.40483 0.937662 0.401018 0.37358
threshold=1.1800000071525576 -0.24199999868869779 -15.499999999999998 0.58000001311302196 0.1799999997019768 0.4504500031471253 -0.90333333611488331 3.4416667222976689 -9.3615336418151838 -1.0780000090599058 0.22663750499486926 -2.3675500154495235 4.054615020751954 0.39475619792938238 0.82546687126159679 1.0000000180025095e-35 0.70000001788139354 3.4738855361938481 0.48425000905990606 -2.2297499179840083 1.3000000119209292 0.20833333581686023 0.62305000424385082 -0.0096499999053776247 -0.57374998927116383 0.34125000238418585 -10.060362815856932 0.21249999850988391 0.57507911324501049 3.5137710571289067
decision_type=2 2 2 2 2 2 2 2 2 2 2 2 2 2 2 2 2 2 2 2 2 2 2 2 2 2 2 2 2 2
left_child=2 3 4 -2 -1 28 14 9 17 10 11 -4 23 18 -6 16 -11 -9 26 -20 -3 22 -12 24 -8 -26 27 -13 -5 -17
right_child=1 20 7 5 6 -7 12 8 -10 15 21 13 -14 -15 -16 29 -18 -19 19 -21 -22 -23 -24 -25 25 -27 -28 -29 -30 -31
leaf_value=-0.18921414509978179 -0.0019496577808999845 0.039870610746475757 -0.48021479371257708 -0.059921893919881869 0.0032334684637103416 -0.046455971065983169 0.014955186870827445 -0.011427489606108119 -0.45495965964187246 0.047995183695785676 0.019239303946092148 0.044681511860765771 -0.036061035331606581 -0.012008286711236431 -0.089905516202028662 0.050382686025899584 -0.11032425607718047 0.054482519462395344 0.17149576420458118 -0.29347715563997206 -0.0060515929466202325 0.029781430664827163 -0.40524622319819853 0.0085985540012036062 -0.052401793319292546 0.02620529656542412 0.035771199979729204 -0.017244262321350911 -0.038565617210526149 0.051654055852913772
leaf_weight=36 20 88 36 23 20 20 37 24 26 91 167 35 27 37 38 1271 29 46 20 25 20 250 27 99 20 29 124 20 24 780
leaf_count=36 20 88 36 23 20 20 37 24 26 91 167 35 27 37 38 1271 29 46 20 25 20 250 27 99 20 29 124 20 24 780
internal_value=0.00163722 -0.00730769 0.00216355 -0.0191379 -0.00251634 -0.0233582 -0.0012963 0.00263963 -0.0028125 0.00281937 0.0012888 -0.00122896 0.000518868 -0.000172414 -0.00793103 0.00334178 -0.000416666 0.000714286 0.000982143 -0.00388889 0.00222222 0.00297297 0.00113402 0.00175676 -0.000813953 -0.00418367 0.0022067 -0.00136364 -0.0279787 0.00356168
internal_weight=3509 195 3314 87 306 67 270 3008 96 2912 741 297 212 261 58 2171 120 70 224 45 108 444 194 185 86 49 179 55 47 2051
internal_count=3509 195 3314 87 306 67 270 3008 96 2912 741 297 212 261 58 2171 120 70 224 45 108 444 194 185 86 49 179 55 47 2051
is_linear=0
shrinkage=0.05


Tree=20
num_leaves=31
num_cat=0
split_feature=4 13 16 35 18 46 26 37 5 16 18 11 18 16 18 18 16 13 3 37 18 27 1 26 53 37 4 21 36 12
split_gain=4.87683 3.44919 4.16455 1.18157 1.3 0.738277 0.702306 1.24766 0.677553 0.931291 1.45915 0.652603 0.807474 1.08843 1.74046 3.33262 1.0868 0.759745 1.24281 1.01187 0.625 0.608854 0.571988 0.499221 0.491813 0.790289 0.405625 0.468463 0.809925 0.745409
threshold=1.1399999856948855 -0.3599999994039535 1.4200000166893008 -1.5452499985694883 0.63091111183166515 4.0053331851959237 2.8037500381469731 -1.9696499705314634 0.075000001117587103 0.38000001013278967 0.52134984731674205 1.0000000180025095e-35 0.43116666376590734 0.34000000357627874 0.53588888049125682 0.52970370650291454 0.29999999701976782 -0.28000000119209284 0.22581839561462405 0.023700000718235973 0.76358386874198925 -1.7421500086784361 0.47499999403953558 -3.0882500410079952 -0.14350000023841855 0.14364999532699588 0.78000000119209301 -0.6698000133037566 -0.37250000238418574 4.054615020751954
decision_type=2 2 2 2 2 2 2 2 2 2 2 2 2 2 2 2 2 2 2 2 2 2 2 2 2 2 2 2 2 2
left_child=1 2 3 4 6 11 7 -1 9 24 -11 12 -3 14 15 16 22 18 19 -13 -4 -10 -14 -7 25 -5 -23 -28 -29 -30
right_child=-2 5 20 8 -6 23 -8 -9 21 10 -12 17 13 -15 -16 -17 -18 -19 -20 -21 -22 26 -24 -25 -26 -27 27 28 29 -31
leaf_value=-0.24681532129653738 -0.06070813421867341 0.058341143583357825 -0.044959110894542818 0.013748472037096818 -0.14073749443785397 0.048427393798836094 0.030841943568071673 0.0068165813760989458 -0.1221213581707231 0.0020940492097161179 -0.032129206866636208 0.019800937185503867 -0.17359774488124002 0.033171620223256218 0.057929376158793434 -0.85735225898341039 -0.42677281557948898 0.066692838137039662 0.022168912191819969 -0.2494948743070986 -0.010355918003895941 0.021147882564873152 0.047583583270383124 -0.45161834584529664 0.025366372883650946 -0.16246942880236892 0.0086437924062065016 -0.037381022741180325 0.0039891248761203691 -0.013535126012118046
leaf_weight=28 23 472 20 56 26 28 38 38 29 30 23 35 20 259 210 25 25 1085 167 26 20 337 119 22 81 34 49 20 162 30
leaf_count=28 23 472 20 56 26 28 38 38 29 30 23 35 20 259 210 25 25 1085 167 26 20 337 119 22 81 34 49 20 162 30
internal_value=0.00186175 0.00201195 -0.000435847 0.000208971 -0.00423077 0.00301444 -0.00173077 -0.00484848 0.000887192 -0.00147321 -0.00726415 0.00313754 0.00225664 0.00112462 -0.000513784 -0.00399471 -0.00140244 0.00389566 0.00127193 -0.00483607 -0.01625 0.00173046 0.000323741 -0.003 0.000321638 -0.00222222 0.00207358 0.00059387 -0.000424528 0.000572917
internal_weight=3537 3514 1021 981 130 2493 104 66 851 224 53 2443 1130 658 399 189 164 1313 228 61 40 627 139 50 171 90 598 261 212 192
internal_count=3537 3514 1021 981 130 2493 104 66 851 224 53 2443 1130 658 399 189 164 1313 228 61 40 627 139 50 171 90 598 261 212 192
is_linear=0
shrinkage=0.05


Tree=21
num_leaves=31
num_cat=0
split_feature=18 13 9 28 13 11 18 16 10 18 18 18 12 26 17 18 13 3 18 14 12 3 9 28 13 11 37 18 53 10
split_gain=3.42478 3.71014 2.32666 1.92308 1.27864 0.818697 0.98217 1.17073 1.25473 1.14986 3.42402 0.978375 1.31322 0.860954 0.842849 0.776397 0.556628 1.09678 0.481451 2.13513 0.5107 0.614801 0.523532 1.19693 0.854671 0.790491 1.00511 0.447725 0.627264 0.655674
threshold=0.72240000963211071 -0.34733332693576807 0.37218417227268225 0.25150001049041754 -0.3599999994039535 1.0000000180025095e-35 0.43116666376590734 0.34000000357627874 -10.916090488433836 0.5304073989391328 0.51379999518394481 0.49568253755569464 0.51467344164848339 1.2405000329017641 0.20833333581686023 0.72892838716506969 -0.29199999570846552 0.18713862448930743 0.62164199352264415 0.045833334326744087 0.5014457404613496 0.49050766229629522 0.26572534441947943 1.3738000392913821 -0.81833332777023304 0.34903571009635931 -0.039349999278783791 0.6712261736392976 -0.012000000104308127 -10.548116683959959
decision_type=2 2 2 2 2 2 2 2 2 2 2 2 2 2 2 2 2 2 2 2 2 2 2 2 2 2 2 2 2 2
left_child=4 2 3 -2 18 6 -6 8 -8 10 11 12 14 -11 -10 -3 17 -7 20 -20 -1 22 23 24 -22 -26 -27 28 29 -21
right_child=1 15 -4 -5 5 16 7 -9 9 13 -12 -13 -14 -15 -16 -17 -18 -19 19 27 21 -23 -24 -25 25 26 -28 -29 -30 -31
leaf_value=0.019096343860220355 0.001930296388258403 -0.042508821841576165 -0.077799412410625754 -0.051808880539357054 0.055491920122394213 -0.018390470892340468 0.056931840545148674 0.030891201534820278 -0.12382326538126764 0.070129557262232051 -0.84289486852019346 0.10082967407536665 0.040370290917715483 -0.091339916253219675 -0.50752232948249576 0.024033658313934676 0.064565626280272001 0.02374223785177039 -0.18489347445122617 -0.0098182402225647433 -0.063408233012682169 -0.034370692364312609 0.0037738031303411971 -0.70702897508280671 0.010118527585765799 -0.016688868510741937 0.045098138170272008 0.017353766439337091 0.024207286917595786 -0.032857261584280213
leaf_weight=258 26 20 27 26 488 42 126 211 27 125 20 31 35 28 25 92 1098 136 21 27 27 31 273 20 133 20 23 69 32 20
leaf_count=258 26 20 27 26 488 42 126 211 27 125 20 31 35 28 25 92 1098 136 21 27 27 31 273 20 133 20 23 69 32 20
internal_value=0.00208793 -0.00442408 -0.0127215 -0.00653846 0.00245965 0.00307692 0.00208781 0.000780255 -0.000755395 -0.00256014 -0.00586956 -0.00262712 -0.00534483 0.000424837 -0.0103846 0.00142857 0.00394201 0.00134831 0.00091195 -0.00150888 0.00143312 0.000540797 0.000967742 -0.000829596 0.000320197 0.00159091 -0.00430233 0.000608108 -0.00196203 -0.0056383
internal_weight=3537 191 79 52 3346 2392 1116 628 417 291 138 118 87 153 52 112 1276 178 954 169 785 527 496 223 203 176 43 148 79 47
internal_count=3537 191 79 52 3346 2392 1116 628 417 291 138 118 87 153 52 112 1276 178 954 169 785 527 496 223 203 176 43 148 79 47
is_linear=0
shrinkage=0.05


Tree=22
num_leaves=31
num_cat=0
split_feature=4 13 18 28 46 10 47 16 12 16 9 21 27 9 21 13 45 28 4 22 2 18 18 12 26 26 12 16 10 20
split_gain=3.27251 2.26118 2.31324 1.40879 0.733361 0.72 0.62112 1.4666 0.543889 0.732546 1.16617 0.851234 1.46949 0.810519 0.698561 0.531348 0.669297 0.570363 0.75022 0.524597 0.517094 0.509135 2.22756 0.492544 0.473001 0.541183 0.467941 0.461316 0.713058 0.774194
threshold=1.1399999856948855 -0.3599999994039535 0.72240000963211071 -1.0000000180025095e-35 4.0053331851959237 -9.3994007110595685 1.1841405630111697 0.1799999997019768 2.158299565315247 0.34000000357627874 0.71152815222740184 -0.3660499900579452 -0.28930000960826868 0.98854506015777599 -0.51585000753402699 -0.24199999868869779 -0.83383333683013905 0.62305000424385082 0.29999999701976782 -1.4660499691963194 0.27400000393390661 0.62164199352264415 0.63555553555488598 0.5014457404613496 -1.5729999542236326 -1.1317499876022337 1.1126079559326174 0.25999999791383749 -10.376022338867186 0.79049998521804821
decision_type=2 2 2 2 2 2 2 2 2 2 2 2 2 2 2 2 2 2 2 2 2 2 2 2 2 2 2 2 2 2
left_child=1 2 6 -4 8 -6 27 -8 9 10 11 12 20 -12 -14 16 -10 -18 -19 -13 -3 23 -23 -9 -25 -26 -27 -1 29 -29
right_child=-2 4 3 -5 5 -7 7 21 15 -11 13 19 14 -15 -16 -17 17 18 -20 -21 -22 22 -24 24 25 26 -28 28 -30 -31
leaf_value=0.033165159046155836 -0.054123439656177788 -0.10726672789121819 -0.0014978829464233692 -0.057008711938115554 0.13166994452334257 -0.39973160248642903 -0.16130483754077687 0.016301877338105127 -0.003421678341769656 0.045803209274448364 -0.092754547016890107 -0.75823795323155074 -0.53379036969296345 0.026477704240934999 -0.73552566353339355 0.063708331008958924 0.028692879712940766 -0.01737904934659373 0.0087248242236092101 0.050095958347875329 0.05902598478065621 -0.19763623022427201 0.016395243063475305 0.014423614919717871 -0.011455275213602276 -0.057210000109000209 0.0030697776457373292 -0.025301734956199775 0.0056436318310747078 0.005254318410528396
leaf_weight=259 23 39 33 37 25 25 31 80 29 407 22 20 31 28 23 1038 162 36 41 489 78 20 34 51 27 41 102 62 213 31
leaf_count=259 23 39 33 37 25 25 31 80 29 407 22 20 31 28 23 1038 162 36 41 489 78 20 34 51 27 41 102 62 213 31
internal_value=0.00205966 0.0021827 0.000200784 -0.00857143 0.00299438 -0.003 0.000846478 -0.000699482 0.00311707 0.0023175 0.00136986 0.00191176 -0.00114035 -0.006 -0.00796296 0.00381317 0.00182836 0.00269874 -0.000844156 0.00293713 0.00200855 0.000211268 -0.00425926 0.00101329 -0.00020362 -0.00147059 -0.000244755 0.00190266 0.000588235 -0.00306452
internal_weight=3537 3514 1021 70 2493 50 951 386 2443 1137 730 680 171 50 54 1306 268 239 77 509 117 355 54 301 221 170 143 565 306 93
internal_count=3537 3514 1021 70 2493 50 951 386 2443 1137 730 680 171 50 54 1306 268 239 77 509 117 355 54 301 221 170 143 565 306 93
is_linear=0
shrinkage=0.05


Tree=23
num_leaves=31
num_cat=0
split_feature=2 2 5 18 12 35 5 44 28 20 18 9 18 18 46 11 12 9 20 27 18 18 17 11 18 11 9 9 56 35
split_gain=2.18765 1.07173 0.987505 1.62686 0.784396 0.972987 0.780654 0.773819 0.589346 0.83299 0.548871 1.32841 0.531242 1.34386 0.688899 0.501446 0.471183 0.471081 0.648224 0.52 0.405019 1.23197 0.449254 0.980723 0.898237 0.386905 0.378788 0.402462 0.334153 0.520416
threshold=0.94799998402595531 1.3339999914169314 0.075000001117587103 0.72240000963211071 2.7633752822875981 -2.6089999675750728 0.52500000596046459 -15.499999999999998 0.57109999656677257 -0.6392499804496764 0.72674912214279186 0.85554909706115734 0.39782011508941656 0.40611852705478674 4.0053331851959237 1.0000000180025095e-35 0.19811055809259417 0.2982576191425324 1.907000005245209 -0.21314999461174008 0.48501852154731756 0.49719738960266119 0.20833333581686023 -0.0034753821091726418 0.56729629635810863 -0.039250971749424927 0.55445221066474926 0.21106000244617465 -0.30750000476837153 -0.61824998259544361
decision_type=2 2 2 2 2 2 2 2 2 2 2 2 2 2 2 2 2 2 2 2 2 2 2 2 2 2 2 2 2 2
left_child=2 10 3 7 5 6 25 -1 16 -10 -2 -12 -7 -14 15 20 26 18 19 -11 -15 -22 23 24 -23 -4 27 -9 29 -18
right_child=1 -3 4 -5 -6 12 -8 8 9 17 11 -13 13 14 -16 -17 28 -19 -20 -21 21 22 -24 -25 -26 -27 -28 -29 -30 -31
leaf_value=-0.040872779359409445 0.0010736346189705538 -0.062648213863940469 0.052196368979653844 -0.025688288055579617 0.045684384809016071 0.047102954494722515 -0.63105955827441562 -0.0098378592869144896 -0.57441554650874305 -0.053798448555444092 -0.066708551802432139 0.04186345027601962 -0.92500354985321998 0.035833355726883336 -0.072104865784603941 0.038419739098331351 0.017265656423970179 0.029122102808466135 -0.10260729099972488 0.065320460800087021 -0.11635776011248566 -0.34934188009862033 0.031860537871176646 -0.057751810636357141 0.06288753357749878 -0.19224133832581769 -0.038266160796829554 0.042034330359315857 0.052501394384245809 -0.00067930360690902523
leaf_weight=32 346 20 26 35 945 344 27 32 20 36 28 25 24 107 30 367 183 91 32 39 22 37 101 36 78 30 22 34 253 135
leaf_count=32 346 20 26 35 945 344 27 32 20 36 28 25 24 107 30 367 183 91 32 39 22 37 101 36 78 30 22 34 253 135
internal_value=0.00218688 -0.00120525 0.00264272 0.00129237 0.00322907 0.00239626 -0.00283133 0.00169967 0.00197834 -0.000275229 -0.000639098 -0.00537736 0.00277487 0.00206983 0.00242931 0.00272727 0.00272382 0.000707071 -0.00154206 0.001 0.00145669 0.000437956 0.00142857 -0.000298013 0.00195652 0.000535714 -0.000681818 0.00121212 0.00324869 0.00216981
internal_weight=3537 419 3118 944 2174 1229 83 909 877 218 399 53 1146 802 778 748 659 198 107 75 381 274 252 151 115 56 88 66 571 318
internal_count=3537 419 3118 944 2174 1229 83 909 877 218 399 53 1146 802 778 748 659 198 107 75 381 274 252 151 115 56 88 66 571 318
is_linear=0
shrinkage=0.05


Tree=24
num_leaves=31
num_cat=0
split_feature=13 44 18 51 26 47 16 51 18 14 14 22 46 16 9 6 8 16 45 3 35 5 18 5 22 45 18 47 13 18
split_gain=2.89633 3.05274 1.91905 1.75765 1.97699 0.636265 1.28864 0.691581 0.846561 1.16684 0.606314 0.859336 0.732464 0.576964 0.721157 0.821586 0.6 0.563845 0.852302 0.716823 0.678258 0.547537 1.53651 0.44807 0.799235 1.05072 0.409692 0.398449 0.952778 0.389681
threshold=-0.29199999570846552 -2.4999999999999996 0.72240000963211071 -0.67550000548362721 0.029249999672174457 1.1696245670318606 0.1799999997019768 -4.2269999980926505 0.62164199352264415 0.21249999850988391 0.070833336561918273 0.37849999964237219 -0.027166667394340035 0.29999999701976782 0.32909017801284796 0.40000000596046453 0.90000000596046459 0.25999999791383749 -0.44383333623409266 0.18713862448930743 1.3075000047683718 0.52500000596046459 0.48501852154731756 1.0000000180025095e-35 1.0629000067710879 0.53874999284744274 0.63382220268249523 0.1089705638587475 -0.46533332765102381 0.6712261736392976
decision_type=2 2 2 2 2 2 2 2 2 2 2 2 2 2 2 2 2 2 2 2 2 2 2 2 2 2 2 2 2 2
left_child=1 2 5 4 -4 17 -7 -8 13 -10 11 21 -13 -9 15 16 -15 20 19 -19 -1 -2 -23 24 -12 -26 27 28 -20 -28
right_child=10 -3 3 -5 -6 6 7 8 9 -11 23 12 -14 14 -16 -17 -18 18 26 -21 -22 22 -24 -25 25 -27 29 -29 -30 -31
leaf_value=0.03825910778320965 0.039242049078044898 -0.023872506877179712 -0.0089676674457215919 0.0043743420456312443 -0.058603775353304459 -0.11677319788936094 0.003913455586382732 0.016556209340372406 -0.34794812849317003 0.002900803344001641 0.037275188813314312 -0.52156029364636081 0.075569586644562051 -0.043795771629112308 0.0036684219096643784 -0.44088554589426743 0.007757935426571886 -0.03735734036903219 -0.030634830457066956 -0.00073131691049324642 -0.24087393539802202 0.067148798224999515 -0.11053987188908812 0.059604205936414169 -0.063814249824301561 0.024661096939078222 -0.019177881455084353 0.014734818383859065 0.019855728352454891 0.022161305688481819
leaf_weight=311 369 25 27 33 20 34 130 127 22 23 222 21 25 30 57 26 30 21 20 66 28 48 42 1373 37 35 26 252 36 21
leaf_count=311 369 25 27 33 20 34 130 127 22 23 222 21 25 30 57 26 30 21 20 66 28 48 42 1373 37 35 26 252 36 21
internal_value=0.0021162 0.000311355 0.000634329 -0.006875 -0.0130851 0.00111111 -0.000323591 0.000393259 -0.000873016 -0.00722222 0.00325046 0.00173267 -0.00478261 0.000185185 -0.00199301 -0.00488372 -0.00166667 0.00199104 0.00081448 -0.00362069 0.00352507 0.00238562 -0.00111111 0.00371026 0.00193878 -0.00263889 0.00190141 0.00256494 -0.00125 -0.00244681
internal_weight=3537 1365 1340 80 47 1260 479 445 315 45 2172 505 46 270 143 86 60 781 442 87 339 459 90 1667 294 72 355 308 56 47
internal_count=3537 1365 1340 80 47 1260 479 445 315 45 2172 505 46 270 143 86 60 781 442 87 339 459 90 1667 294 72 355 308 56 47
is_linear=0
shrinkage=0.05


Tree=25
num_leaves=31
num_cat=0
split_feature=13 18 21 27 5 22 0 37 47 47 10 17 53 21 3 28 26 35 11 20 47 10 12 35 4 47 0 46 51 3
split_gain=3.52868 3.29963 2.12456 1.09823 0.570991 0.649829 1.19601 1.43442 0.567398 1.00341 1.33869 0.515873 0.607626 0.769231 0.502559 0.871203 1.19563 3.20726 1.18028 1.15489 1.78616 0.426938 0.423034 0.478104 0.385512 0.326787 0.305284 0.300308 0.543099 0.336566
threshold=-0.32600000500679011 0.71305307745933544 0.076449997723102583 -1.0000000180025095e-35 0.075000001117587103 1.0629000067710879 0.4200000017881394 1.2904999852180483 2.5760980844497685 3.0525947809219365 -9.5960326194763166 0.20833333581686023 -3.0475000143051143 -0.83184999227523793 0.29734541475772863 0.72410002350807201 1.2707499861717226 0.78775000572204601 0.30702529847621923 0.02700000070035458 0.90696871280670177 -9.3177127838134748 0.40911255776882177 -0.9192499816417693 0.4200000017881394 4.140754461288453 0.62000000476837169 -0.25166666507720942 -3.2220000028610225 0.34518426656723028
decision_type=2 2 2 2 2 2 2 2 2 2 2 2 2 2 2 2 2 2 2 2 2 2 2 2 2 2 2 2 2 2
left_child=1 8 3 -3 5 -2 7 -7 14 -10 25 12 13 -6 15 18 17 -17 21 20 -20 -1 23 -14 -25 -11 -8 28 -16 -29
right_child=4 2 -4 -5 11 6 26 -9 9 10 -12 -13 22 -15 27 16 -18 -19 19 -21 -22 -23 -24 24 -26 -27 -28 29 -30 -31
leaf_value=0.013630056230448252 0.02627610808252558 -0.017622886442357193 0.00075376854436657583 -0.079482325635294435 0.089315082677137281 -0.80007138006631251 0.05432336712631361 -0.001224819189183584 -0.1850323665251305 0.011256720813962354 -0.31430375660609405 0.053461721712926527 -0.16707605080649307 -0.078218116209953656 -0.036137767828248311 -0.01056359895620624 0.0067242192957968384 -0.79061744334086259 -0.032007757177463146 0.030484659203686922 -0.00016482184761323871 -0.0066307814271265447 0.048132151539433135 0.047012113449907605 -0.055493557203676762 -0.04115390032329036 -0.0012063541581771671 0.01962287874399557 0.01355505021206899 0.0003274901321889925
leaf_weight=260 508 33 38 20 20 20 52 35 34 76 32 1144 23 32 20 38 48 20 27 38 43 33 365 109 22 29 21 281 53 54
leaf_count=260 508 33 38 20 20 20 52 35 34 76 32 1144 23 32 20 38 48 20 27 38 43 33 365 109 22 29 21 281 53 54
internal_value=0.00209467 -0.000140187 -0.00928571 -0.0157547 0.00321353 0.00193396 -0.00125 -0.00681818 0.000626151 -0.00201754 -0.000109489 0.00368805 0.0024606 -0.00269231 0.00112022 6.90337e-05 -0.00396226 -0.0087931 0.00113466 -0.00333333 -0.00714286 0.00278157 0.00297688 0.000779221 0.00194657 0.00261905 0.00294521 0.00242647 -0.000479452 0.0030597
internal_weight=3528 1177 91 53 2351 636 128 55 1086 171 137 1715 571 52 915 507 106 58 401 108 70 293 519 154 131 105 73 408 73 335
internal_count=3528 1177 91 53 2351 636 128 55 1086 171 137 1715 571 52 915 507 106 58 401 108 70 293 519 154 131 105 73 408 73 335
is_linear=0
shrinkage=0.05


Tree=26
num_leaves=31
num_cat=0
split_feature=13 16 45 21 16 46 51 16 14 46 37 37 22 16 53 18 13 14 8 46 45 28 46 47 20 0 12 27 2 8
split_gain=2.9534 4.83767 1.77841 1.0307 0.81649 1.73163 0.67282 0.659522 1.32124 0.989461 0.608289 0.589603 0.582129 0.539124 0.752616 1.19048 0.5312 0.508315 1.00605 0.786964 0.99283 0.796224 0.416906 0.425815 0.653333 0.347004 0.31863 0.547738 0.33142 0.391843
threshold=-0.23799999803304669 1.1800000071525576 0.13175000250339511 0.061049999669194228 0.1799999997019768 0.17849999666213992 -1.3404999971389768 0.29999999701976782 0.12916667014360431 0.13350000232458117 -1.226050019264221 1.0000000180025095e-35 0.50540000200271618 0.25999999791383749 -2.1324999332427974 0.49719738960266119 -0.37600000202655787 0.23749999701976779 1.0333333611488345 -0.065333332866430269 -0.37216667830944056 0.085799999535083785 -0.27249999344348902 0.84469756484031688 0.014500000048428776 1.3000000119209292 2.5098414421081547 0.75620001554489147 0.51800000667572033 0.2333333417773247
decision_type=2 2 2 2 2 2 2 2 2 2 2 2 2 2 2 2 2 2 2 2 2 2 2 2 2 2 2 2 2 2
left_child=1 4 3 11 5 6 -1 10 9 -9 16 -3 -8 14 15 -2 -6 18 19 20 21 -10 23 24 -12 -15 27 28 -16 -30
right_child=13 2 -4 -5 7 -7 12 8 17 -11 22 -13 -14 25 26 -17 -18 -19 -20 -21 -22 -23 -24 -25 -26 -27 -28 -29 29 -31
leaf_value=-0.098323240961818034 0.10654948112390801 -0.06946773617409191 0.0021226415097231506 -0.012123062445180431 0.0094626392864858039 -0.10557055846922736 0.081087290972062367 0.00039437318982965406 -0.0062364195758294882 -0.66032863935659647 -0.009426060092962027 -0.038756488818750628 -0.20609896728256816 0.05431655399294022 0.064198742207109291 -0.60087398894258759 -0.071460380838343149 0.007538536737516319 -0.023584269821200703 0.0086420722189017533 0.023090447094442051 -0.034601239981789461 0.026142552018042681 0.042833818916752524 0.021440277480495661 -0.00035820121909095143 0.069581073434933902 -0.47064423981218939 -0.040514581394459584 0.075536490418812524
leaf_weight=33 27 27 25 20 51 31 68 36 25 31 20 22 21 1330 222 36 37 308 33 107 25 24 534 74 30 20 218 32 41 20
leaf_count=33 27 27 25 20 51 31 68 36 25 31 20 22 21 1330 222 36 37 308 33 107 25 24 534 74 30 20 218 32 41 20
internal_value=0.00217971 0.000575221 -0.0104255 -0.0145652 0.00127016 -0.00218954 0.000491803 0.00166667 0.000415959 -0.00619403 0.00265416 -0.0184694 0.00275281 0.00348407 0.00223154 -0.00293651 -0.00125 0.00126437 -0.000607476 0.000856354 -0.00310811 -0.0072449 0.00317629 0.000564516 -0.003 0.00403704 0.0028424 0.0018254 0.0025265 -0.000737705
internal_weight=3528 1582 94 69 1488 153 122 1335 589 67 746 49 89 1946 596 63 88 522 214 181 74 49 658 124 50 1350 533 315 283 61
internal_count=3528 1582 94 69 1488 153 122 1335 589 67 746 49 89 1946 596 63 88 522 214 181 74 49 658 124 50 1350 533 315 283 61
is_linear=0
shrinkage=0.05


Tree=27
num_leaves=31
num_cat=0
split_feature=13 16 51 16 26 46 21 16 14 20 20 12 14 5 12 37 17 12 20 46 12 20 26 5 18 9 47 7 44 18
split_gain=2.71959 3.92615 1.93394 0.797878 2.00279 1.11075 0.757576 0.492696 1.14426 0.70481 0.732442 0.88439 1.40124 0.962398 0.774413 0.545989 0.484016 0.547834 0.653125 0.479953 0.833478 0.412189 0.451234 0.403039 0.804538 0.377862 0.633301 0.363636 0.355263 0.35054
threshold=-0.22733333706855771 1.1800000071525576 0.18750000000000003 0.1799999997019768 0.95524999499320995 0.19416666775941852 0.031500000506639488 0.29999999701976782 0.070833336561918273 -1.3872500061988828 -0.19600000232458112 0.59273695945739757 0.19583333283662799 0.42499999701976782 3.6595002412796025 -1.226050019264221 0.37500000000000006 0.58060583472251903 -1.9302499890327451 -0.56000000238418568 0.36412748694419866 0.35525000095367437 -0.051500000059604638 0.075000001117587103 0.43568253517150884 0.21106000244617465 0.62567895650863659 1.0000000180025095e-35 -15.499999999999998 0.43116666376590734
decision_type=2 2 2 2 2 2 2 2 2 2 2 2 2 2 2 2 2 2 2 2 2 2 2 2 2 2 2 2 2 2
left_child=1 3 6 4 5 28 27 15 -9 -10 11 -11 -13 14 -14 21 17 18 -2 20 -17 22 -5 24 -20 26 -12 -3 -1 -25
right_child=16 2 -4 7 -6 -7 -8 8 9 10 25 12 13 -15 -16 19 -18 -19 23 -21 -22 -23 -24 29 -26 -27 -28 -29 -30 -31
leaf_value=-0.041465731756235774 -0.375268840767218 -0.041145744854348416 0.0013751335863777996 -0.0031298525336172093 -0.16045006324619979 -0.092459253369960151 -0.00954121290504472 -0.46305298587430999 0.011674273585430585 0.020510689531993632 0.027251755600121327 -0.032931393056812711 0.0006260283431335791 0.0048315934986562191 -0.024709746145354757 -0.33542182247296498 0.049593803980170659 0.059096730939905195 -0.13060217802794738 0.024513772097874132 0.037024228366029678 -0.13913869003907448 0.04098570671453719 0.0503833607259545 0.056855436863788647 0.0075267877339210342 -0.35209698711937476 -0.052554816377983073 0.076825851180001181 0.027212435477133812
leaf_weight=20 20 22 29 37 38 21 22 28 115 45 35 33 34 38 37 21 869 629 39 605 45 20 32 148 38 198 37 22 75 176
leaf_count=20 20 22 29 37 38 21 22 28 115 45 35 33 34 38 37 21 869 629 39 605 45 20 32 148 38 198 37 22 75 176
internal_value=0.00216553 0.000649472 -0.00921053 0.00126816 -0.00214286 0.00112069 -0.0139394 0.00165441 0.000583334 0.00106643 0.000185996 -0.00221925 -0.00415493 -0.00142202 -0.00485915 0.0025 0.00343669 0.00271429 0.00131829 0.00298808 -0.00106061 -0.00117978 0.000652174 0.0017581 -0.00149351 0.00185185 -0.00125 -0.0177273 0.00342105 0.00253086
internal_weight=3528 1609 95 1514 154 116 66 1360 600 572 457 187 142 109 71 760 1919 1050 421 671 66 89 69 401 77 270 72 44 95 324
internal_count=3528 1609 95 1514 154 116 66 1360 600 572 457 187 142 109 71 760 1919 1050 421 671 66 89 69 401 77 270 72 44 95 324
is_linear=0
shrinkage=0.05


Tree=28
num_leaves=31
num_cat=0
split_feature=4 44 13 14 10 21 18 36 17 47 3 16 14 36 20 4 10 27 27 14 13 10 20 20 16 21 27 35 3 3
split_gain=3.9529 2.47876 1.02124 1.39969 1.9739 0.833456 0.771313 0.69931 0.61797 0.567776 0.666983 0.853404 2.88506 0.60685 0.979162 0.669643 0.539673 1.24636 0.752967 0.409626 0.356422 0.559144 0.618822 1.10744 1.00119 0.341958 0.684007 0.678625 1.45844 0.843254
threshold=1.1800000071525576 -14.499999999999998 -0.22733333706855771 0.38750000298023229 -9.6361823081970197 0.82100000977516185 0.72674912214279186 0.73104998469352733 0.37500000000000006 0.37040759623050695 0.29734541475772863 0.21999999880790713 0.15416666865348819 0.64984998106956493 1.1094999909400942 0.38000001013278967 -10.029144287109373 0.59109997749328624 -0.72630000114440907 0.095833335071802153 -0.48000000417232508 -9.7639136314392072 -1.2084999680519102 -0.19600000232458112 0.29999999701976782 0.11865000054240228 -0.8982500135898589 0.46400000154972082 0.3007341623306275 0.15365386754274371
decision_type=2 2 2 2 2 2 2 2 2 2 2 2 2 2 2 2 2 2 2 2 2 2 2 2 2 2 2 2 2 2
left_child=1 5 3 9 -5 6 7 16 25 -3 11 12 19 14 20 -16 17 18 -1 -11 -13 22 -22 24 -24 27 -27 -4 29 -29
right_child=-2 2 8 4 -6 -7 -8 -9 -10 10 -12 13 -14 -15 15 -17 -18 -19 -20 -21 21 -23 23 -25 -26 26 -28 28 -30 -31
leaf_value=-0.042106513438431581 -0.058036001919686581 0.021248278258958458 0.048763294849199224 -0.01568658066965788 0.0038563679375780121 0.013293971703974776 -0.05528136888675883 -0.056209946023335025 0.048790256063633269 0.039003703919625862 0.015183528438428642 0.014027075236371417 -0.28735824853109071 0.023966389546848842 0.021771211640255722 -0.6009796515455732 0.017333837617827669 -0.10085159726130161 0.00066661210612148521 -0.0050148404049431133 0.014893204489040086 0.023520756088876715 0.0066631588007782022 0.023713318447710113 -0.030260272702241277 -0.064347783767935152 0.059972987963328561 -0.80352022552115576 -0.42036308928844091 0.081100751546500705
leaf_weight=30 20 324 616 26 27 68 25 23 858 32 332 52 22 80 21 27 77 21 141 31 38 107 21 40 35 20 320 21 22 51
leaf_count=30 20 324 616 26 27 68 25 23 858 32 332 52 22 80 21 27 77 21 141 31 38 107 21 40 35 20 320 21 22 51
internal_value=0.00216553 0.0022919 0.00275857 0.00162551 -0.00632075 -0.00149351 -0.00257098 -0.00184931 0.00348008 0.00198795 0.00130072 0.000158103 -0.00441176 0.00108076 0.000161291 -0.00645833 -0.00113383 -0.00255208 -0.00114035 0.00103175 0.00124573 0.000435685 -0.00171642 -0.00385417 -0.00839286 0.00266667 0.00397059 0.00204225 -0.00191489 0.00152778
internal_weight=3528 3508 3123 1215 53 385 317 292 1908 1162 838 506 85 421 341 48 269 192 171 63 293 241 134 96 56 1050 340 710 94 72
internal_count=3528 3508 3123 1215 53 385 317 292 1908 1162 838 506 85 421 341 48 269 192 171 63 293 241 134 96 56 1050 340 710 94 72
is_linear=0
shrinkage=0.05


Tree=29
num_leaves=31
num_cat=0
split_feature=4 51 18 53 12 26 21 51 53 22 9 56 22 21 28 11 12 47 35 35 20 45 26 0 47 5 46 9 12 8
split_gain=3.13397 1.43624 2.39944 0.970275 0.707446 0.86919 1.38555 1.45837 1.10347 0.636416 0.746068 1.02369 0.768298 0.657355 0.833719 0.646876 1.17448 1.18162 0.599832 0.544564 0.843011 0.782675 0.409237 0.331028 0.359923 0.481165 0.301787 0.372995 0.532228 0.88205
threshold=1.1800000071525576 -0.55249997973442067 0.74859997630119335 0.82800000905990612 3.6316525936126713 0.95524999499320995 0.042900001630187042 0.14950000494718554 1.1299999952316286 -1.0053499937057493 0.35261179506778723 -3.9835000038146968 1.3806999921798708 0.67530000209808361 -1.2350999712944029 0.37429012358188635 4.054615020751954 0.92167645692825328 2.3380000591278081 1.0000000180025095e-35 -0.56000000238418568 -0.56783333420753468 -3.3437499999999996 0.53999999165534984 0.21941062808036807 0.075000001117587103 -0.13283333927392957 0.23373422771692279 0.35960023105144506 0.90000000596046459
decision_type=2 2 2 2 2 2 2 2 2 2 2 2 2 2 2 2 2 2 2 2 2 2 2 2 2 2 2 2 2 2
left_child=1 2 3 9 5 18 7 -7 -9 13 11 -11 15 -1 -15 19 -17 -18 23 26 -21 -22 -20 -3 25 -25 27 28 -13 -30
right_child=-2 4 -4 -5 -6 6 -8 8 -10 10 -12 12 -14 14 -16 16 17 -19 22 20 21 -23 -24 24 -26 -27 -28 -29 29 -31
leaf_value=0.017601311828230864 -0.055134201823702246 0.047159370218388473 -0.03484760133637347 -0.40882170488952663 0.038951954970525497 0.084397754163614502 0.026114913991370215 -0.46917192695713716 -0.24708955946433978 -0.04128664620473263 0.016322834031205515 0.036673596174599553 -0.43515786027448833 0.0092459854271711456 -0.011907315536581512 0.039878092066474739 -0.026518335882778056 0.0062158288170164264 0.068114658008658333 -0.032385734794300146 -0.074436895101794603 0.023623764111404846 -0.37483696419451468 -0.0020944051923205997 0.020977658205826928 0.025300323391308117 0.024448629440803522 0.020046409921343291 -0.027167825802285106 0.041536363841619545
leaf_weight=313 20 729 36 40 679 24 245 21 37 39 237 21 34 57 21 28 28 23 22 30 33 92 26 88 114 175 238 31 25 22
leaf_count=313 20 729 36 40 679 24 245 21 37 39 237 21 34 57 21 28 28 23 22 30 33 92 26 88 114 175 238 31 25 22
internal_value=0.00223639 0.00234892 0.00106825 0.00141768 0.00314815 0.00253545 0.000259939 -0.00536585 -0.00965517 0.00165881 0.000913735 3.10561e-05 0.00053719 0.0033376 -0.000769231 0.000971979 -0.00322785 -0.0077451 0.00318024 0.00164634 -0.000806451 0.001 -0.00229167 0.00341772 0.00221485 0.00119772 0.00277448 0.000454546 -0.00161765 -0.00457447
internal_weight=3528 3508 1348 1312 2160 1481 327 82 58 1272 881 644 605 391 78 571 79 51 1154 492 155 125 48 1106 377 263 337 99 68 47
internal_count=3528 3508 1348 1312 2160 1481 327 82 58 1272 881 644 605 391 78 571 79 51 1154 492 155 125 48 1106 377 263 337 99 68 47
is_linear=0
shrinkage=0.05


Tree=30
num_leaves=31
num_cat=0
split_feature=13 16 21 13 16 10 37 36 26 45 18 45 17 12 17 18 11 21 16 9 45 9 44 47 10 7 4 45 53 44
split_gain=2.89806 1.94349 1.0695 1.04505 2.65365 1.54197 1.07383 1.47738 0.931032 1.30269 0.877076 0.678261 0.586374 0.951441 0.886884 1.2936 0.543593 0.598404 0.696966 0.543397 0.675321 0.468945 0.470034 0.349568 0.606661 0.816074 0.601234 0.427949 0.417158 0.424747
threshold=-0.66533333063125599 1.1800000071525576 -1.4308999776840208 -0.19577777385711667 1.1800000071525576 -9.7126040458679181 -2.3675500154495235 -0.43355000019073481 0.72599998116493236 -0.55616667866706837 0.75272428989410411 -0.33824999630451197 0.37500000000000006 1.8460538983345034 0.29166667163372045 0.39782011508941656 0.0027581659378483896 -0.48395000398159022 0.25999999791383749 0.74687021970748912 -0.90183332562446583 0.36132296919822698 -16.499999999999996 0.24545094370841983 -10.260846138000487 1.0000000180025095e-35 0.1799999997019768 1.3388333320617678 -2.6755000352859493 -13.499999999999998
decision_type=2 2 2 2 2 2 2 2 2 2 2 2 2 2 2 2 2 2 2 2 2 2 2 2 2 2 2 2 2 2
left_child=1 2 -1 4 6 -6 7 -2 16 -10 -7 -9 13 14 19 -16 -4 -18 -19 20 -5 22 -8 -24 25 28 -26 -28 -25 -30
right_child=3 -3 8 12 5 10 21 11 9 -11 -12 -13 -14 -15 15 -17 17 18 -20 -21 -22 -23 23 24 26 -27 27 -29 29 -31
leaf_value=-0.14435525020295245 -0.42646185839992523 -0.076172167762764448 0.0080057219996861381 -0.53107526247204395 -0.019826613774605099 -0.0015416147466861593 -0.20411812017497658 0.013678746999487288 -0.11572094222476326 0.01035869049218922 0.004433683065526506 -0.0062883430280203855 0.045662810027264071 0.053734555882193925 0.019134785507998801 -0.97428018449035381 0.027082350130594554 0.02297949048209031 -0.031228865674799829 -0.079968042897155339 0.050859519532154888 0.01961072993869592 0.029171915979624929 0.020975830094830041 -0.025373751172571509 -0.0076883906728156121 0.017414073293984752 -0.014317409020321012 -0.063447037230239367 0.0017206456059685443
leaf_weight=35 24 31 97 24 27 21 26 39 23 42 22 30 809 527 48 39 25 20 27 33 295 256 182 41 33 30 547 55 20 90
leaf_count=35 24 31 97 24 27 21 26 39 23 42 22 30 809 527 48 39 25 20 27 33 295 256 182 41 33 30 547 55 20 90
internal_value=0.00220011 -0.0025 -0.00113383 0.00263828 0.00163895 -0.00785714 0.00212309 -0.00306452 8.54703e-05 -0.005 -0.00197674 0.000652174 0.0034507 0.00261905 0.000899772 -0.00362069 0.00204142 -0.00125 -0.00457447 0.00201705 0.0026489 0.0025 0.00202148 0.00219439 0.00175245 -0.000801105 0.00248032 0.00284053 0.000695364 -0.000909091
internal_weight=3518 300 269 3218 1443 70 1373 93 234 65 43 69 1775 966 439 87 169 72 47 352 319 1280 1024 998 816 181 635 602 151 110
internal_count=3518 300 269 3218 1443 70 1373 93 234 65 43 69 1775 966 439 87 169 72 47 352 319 1280 1024 998 816 181 635 602 151 110
is_linear=0
shrinkage=0.05


Tree=31
num_leaves=31
num_cat=0
split_feature=4 44 56 8 13 16 50 13 37 36 28 28 44 37 17 12 17 18 0 9 16 37 20 0 20 47 47 9 16 17
split_gain=2.87466 2.6853 1.31604 1.09523 0.908395 2.12782 1.2803 0.92803 0.83588 1.37934 0.67699 0.874925 0.636654 1.17993 0.604301 0.871347 0.86864 1.25558 1.6 0.591304 0.706173 0.569039 0.504167 0.491799 0.388592 0.382454 0.676393 0.383549 0.838552 0.383302
threshold=1.1800000071525576 -14.499999999999998 -4.7849998474121085 0.76666668057441723 -0.19577777385711667 1.1800000071525576 1.0000000180025095e-35 -0.36599999666213984 -2.4522999525070186 -0.37250000238418574 0.052450001239776618 0.32504999637603765 -18.499999999999996 1.0861500501632693 0.37500000000000006 2.6240411996841435 0.29166667163372045 0.39782011508941656 0.21999999880790713 0.48625078797340399 0.21999999880790713 -0.60469999909400929 -1.970750033855438 0.74000000953674328 -1.8867500424385069 0.24545094370841983 0.27872151136398321 0.11238873749971391 0.21999999880790713 0.29166667163372045
decision_type=2 2 2 2 2 2 2 2 2 2 2 2 2 2 2 2 2 2 2 2 2 2 2 2 2 2 2 2 2 2
left_child=1 2 3 -1 5 8 7 -7 9 -3 21 -12 13 -13 15 16 19 -18 -19 24 -21 22 -4 -22 -6 -10 -27 28 -28 -29
right_child=-2 4 10 -5 14 6 -8 -9 25 -11 11 12 -14 -15 -16 -17 17 18 -20 20 23 -23 -24 -25 -26 26 27 29 -30 -31
leaf_value=-0.38265423934144494 -0.051050511892913014 -0.38235832068903886 0.013486012340593823 -0.036819048391173309 -0.13410327214531201 -0.0074387087243613197 0.0014980982892584521 -0.017596471786168379 0.027726923172779035 0.0079291251927526545 -0.025594585028888568 -0.10086606992676668 0.01524889237198571 0.0069162493532139687 0.044271003216316648 0.052487354755986843 0.01886758035815729 -1.0602656227430736 0.070086764824024567 0.080189584431399119 0.0068629422109719651 0.0093849800749057129 -0.0084622033208226876 -0.50839627917496955 0.05795917039023743 -0.010889167260238834 -0.17435104372253293 0.019927038441274122 0.034975049930403727 0.0019169739728974106
leaf_weight=29 21 26 24 24 25 24 22 20 245 58 23 20 53 26 799 473 49 20 20 26 28 141 40 27 298 21 20 601 62 253
leaf_count=29 21 26 24 24 25 24 22 20 245 58 23 20 53 26 799 473 49 20 20 26 28 141 40 27 298 21 20 601 62 253
internal_value=0.00201535 0.00212611 -0.00184211 -0.00915094 0.00260988 0.00163462 -0.00712121 -0.0120455 0.00208398 -0.00273809 -0.000657492 -0.00360656 -0.00156566 -0.00586956 0.00335694 0.00251553 0.00104462 -0.00342697 -0.01 0.0020297 -0.00179012 0.00109756 -0.0028125 -0.005 0.00298762 0.00242097 0.0019697 0.0021688 -0.00109756 0.00248244
internal_weight=3518 3497 380 53 3117 1352 66 44 1286 84 327 122 99 46 1765 966 493 89 40 404 81 205 64 55 323 1202 957 936 82 854
internal_count=3518 3497 380 53 3117 1352 66 44 1286 84 327 122 99 46 1765 966 493 89 40 404 81 205 64 55 323 1202 957 936 82 854
is_linear=0
shrinkage=0.05


Tree=32
num_leaves=31
num_cat=0
split_feature=13 28 47 17 47 51 44 2 45 8 4 48 9 45 8 45 35 37 26 8 35 21 26 56 47 53 56 21 8 21
split_gain=2.50249 1.08773 1.43332 2.25673 1.40838 0.855136 0.828852 1.08016 1.02849 0.712526 0.6213 0.606897 0.79819 0.494118 0.47398 0.452151 1.225 0.432148 0.422622 0.821766 0.609603 0.703943 0.421715 0.634973 1.31222 1.73611 0.466075 0.456269 0.419749 0.703608
threshold=-0.60199999809265126 -0.26285000145435328 2.3282527923583989 0.62500000000000011 3.1229058504104619 -0.24599999934434888 -11.499999999999998 0.58933332562446605 -0.31091666221618647 1.4333333373069765 0.25999999791383749 1.0000000180025095e-35 0.35261179506778723 -0.59516665339469899 1.2333333492279055 0.22025000303983691 2.8355000019073491 0.82234999537467968 0.66600000858306896 1.7666666507720949 -3.0320000648498531 0.14229999482631686 -1.2497500181198118 -1.8790000081062315 1.6564669013023379 -2.0924999713897701 -4.0775001049041739 -0.21195000410079953 1.0333333611488345 0.1511499956250191
decision_type=2 2 2 2 2 2 2 2 2 2 2 2 2 2 2 2 2 2 2 2 2 2 2 2 2 2 2 2 2 2
left_child=1 14 3 11 -4 6 7 8 10 15 -2 -3 13 -13 -1 22 -17 -9 -7 20 21 -20 -8 24 25 -24 27 -26 -25 -30
right_child=5 2 4 -5 -6 18 9 17 -10 -11 -12 12 -14 -15 -16 16 -18 -19 19 -21 -22 -23 23 28 26 -27 -28 -29 29 -31
leaf_value=0.0092024121745156832 0.001528614742146958 0.032840852260454703 -0.14209654429346527 -0.037105490249270866 -0.054760986768144206 0.034034053316057515 0.037551060299272486 0.0026950236127528115 -0.010344709092467957 0.033626876295222027 -0.1082319173970907 -0.043092996003925146 0.014066738270497807 -0.016528098705722409 -0.040901565541263868 -0.38421968055075206 0.090651343968047415 -0.0069276570763966835 -0.30783899404036369 -0.0013080924956789261 0.026268008713536364 0.079640816421601313 -0.61610992813448184 0.023343001870266972 -0.081743955200658358 -0.0027198047477986972 0.033053266010659117 0.037666989005424784 0.016104412269996916 -0.012367252453999548
leaf_weight=97 38 55 27 28 30 1352 194 130 31 264 23 21 39 30 20 20 20 27 20 33 446 23 24 258 20 36 54 23 92 43
leaf_count=97 38 55 27 28 30 1352 194 130 31 264 23 21 39 30 20 20 20 27 20 33 446 23 24 258 20 36 54 23 92 43
internal_value=0.00211484 -0.00191643 -0.00391304 -0.0016474 -0.0107895 0.00255598 0.00156901 -0.0010241 -0.00532609 0.00218511 -0.00155738 0.000862069 -0.00166667 -0.00578431 0.00200855 0.00142857 -0.00375 0.00149682 0.00323906 0.00203065 0.00254601 -0.00313953 0.00170699 0.001 -0.0016879 -0.0075 0.00190722 -0.00197674 0.00207379 -0.000185185
internal_weight=3518 347 230 173 57 3171 1297 249 92 1048 61 145 90 51 117 784 40 157 1874 522 489 43 744 550 157 60 97 43 393 135
internal_count=3518 347 230 173 57 3171 1297 249 92 1048 61 145 90 51 117 784 40 157 1874 522 489 43 744 550 157 60 97 43 393 135
is_linear=0
shrinkage=0.05


Tree=33
num_leaves=31
num_cat=0
split_feature=13 10 18 56 14 18 3 35 14 20 18 35 9 14 28 37 49 18 27 27 51 27 14 45 45 44 18 45 9 14
split_gain=2.10637 0.954737 1.225 1.1599 1.3195 0.693667 0.715163 0.961415 1.47454 0.745029 0.759625 0.542043 1.76392 0.779315 0.498462 1 1.13282 0.484861 1.08986 0.480898 0.39399 0.502954 0.447585 0.389464 0.430696 0.289367 1.2631 0.510005 0.857143 0.36527
threshold=-0.60199999809265126 -9.6888275146484357 0.60763701796531688 -4.7849998474121085 0.12916667014360431 0.38718412816524511 0.33302292227745062 -0.3599999994039535 0.33750000596046453 0.12849999964237216 0.48739683628082281 -2.6089999675750728 0.17872053384780887 0.14583333581686023 0.052450001239776618 0.78599998354911815 1.0000000180025095e-35 0.39982716739177709 0.044300001114606864 1.0000000180025095e-35 0.91699999570846569 -0.18755000084638593 0.16250000149011615 -0.24191666394472119 -0.32383333146572107 -11.499999999999998 0.63382220268249523 -0.45949999988079065 0.27199658751487737 0.22083333134651187
decision_type=2 2 2 2 2 2 2 2 2 2 2 2 2 2 2 2 2 2 2 2 2 2 2 2 2 2 2 2 2 2
left_child=1 3 -3 4 -1 -2 11 -8 9 10 -9 12 13 -7 -5 16 -16 18 -13 20 25 22 -22 24 -21 26 27 28 -19 -27
right_child=5 2 -4 14 -6 6 7 8 -10 -11 -12 17 -14 -15 15 -17 -18 19 -20 23 21 -23 -24 -25 -26 29 -28 -29 -30 -31
leaf_value=-0.16869683913406539 0.034566643901917452 -0.06039902777754276 -0.080992288186239325 0.0066120591734357293 -0.019025063735686808 -0.2284267734130121 0.035440834173515672 -0.031802567625165652 -0.06858786554166256 0.017341857030768678 0.00064987204257303604 0.014108821404814363 0.038208955917820642 -0.43475805181691113 0.027160647601162297 0.012400238494391799 -0.051438541026240084 -0.39386563261419749 -0.33181715009460788 0.0086101685565174845 -0.25213817336320465 0.044738825368933949 0.0023729011806770703 0.029563338970021308 -0.008727315318769446 0.013691650313605242 -0.012406021985519294 0.02019135174758949 0.0040131176147455289 0.036539374859171261
leaf_weight=20 807 20 20 160 27 33 97 20 27 60 37 42 117 23 24 50 26 21 29 192 21 69 53 549 29 478 23 95 21 328
leaf_count=20 807 20 20 160 27 33 97 20 27 60 37 42 117 23 24 50 26 21 29 192 21 69 53 549 29 478 23 95 21 328
internal_value=0.00221433 -0.00148415 -0.00875 -0.000537459 -0.00776596 0.00261905 0.00218697 -0.000394191 -0.00298611 -0.000555555 -0.00464912 0.00247998 -0.000202312 -0.0075 0.000769231 -0.002 -0.007 0.00271795 -0.00133803 0.00287121 0.00220469 -0.000244755 -0.00310811 0.00383117 0.00205882 0.00256729 0.000625 0.00244526 -0.00214286 0.00295285
internal_weight=3518 347 40 307 47 3171 2364 241 144 117 57 2123 173 56 260 100 50 1950 71 1879 1109 143 74 770 221 966 160 137 42 806
internal_count=3518 347 40 307 47 3171 2364 241 144 117 57 2123 173 56 260 100 50 1950 71 1879 1109 143 74 770 221 966 160 137 42 806
is_linear=0
shrinkage=0.05


Tree=34
num_leaves=31
num_cat=0
split_feature=44 4 56 8 5 46 28 37 18 20 44 18 13 46 20 22 51 13 28 18 11 18 18 18 20 11 20 46 37 8
split_gain=2.07257 1.71979 1.17012 1.28907 0.668524 0.872592 0.521409 0.642244 0.758682 0.586723 1.05724 0.508251 1.46743 0.501035 0.320055 0.693281 1.68107 0.534023 0.456269 0.314687 0.312366 0.375844 0.962321 0.541211 0.85084 0.370068 0.305753 0.304748 0.634921 0.2625
threshold=-14.499999999999998 1.1800000071525576 -4.7849998474121085 0.70000001788139354 0.075000001117587103 -4.510500192642211 0.052450001239776618 -0.60469999909400929 0.57402777671813976 2.0587500333786015 -17.499999999999996 0.69464683532714855 -0.20600000023841855 -0.017166666686534878 -0.40649999678134913 -0.12174999713897704 -0.27699999511241907 -0.40600000321865076 -0.64980000257492054 0.5830235779285432 0.21668267250061038 0.42215873301029211 0.45883789658546453 0.52134984731674205 0.56025001406669628 0.029298512265086177 -1.4697499871253965 4.0053331851959237 0.57785001397132885 0.76666668057441723
decision_type=2 2 2 2 2 2 2 2 2 2 2 2 2 2 2 2 2 2 2 2 2 2 2 2 2 2 2 2 2 2
left_child=2 4 3 -1 11 -6 7 8 -4 10 13 14 -13 -8 17 16 -16 18 -2 20 21 25 -23 -24 -25 -17 -9 -7 -29 -18
right_child=1 -3 6 -5 5 27 9 26 -10 -11 -12 12 -14 -15 15 19 29 -19 -20 -21 -22 22 23 24 -26 -27 -28 28 -30 -31
leaf_value=-0.35730093812279717 -0.0018355876514356388 -0.050884271232654259 0.0045330156469446979 -0.018073810548902457 -0.27127613672232104 0.025067866889151302 -0.014263369621050624 -0.049445881449985948 -0.011872683973501004 0.0076499697441381881 0.012551153580179714 -0.0065376766651220417 0.02790719660320444 -0.36920314973944707 -0.023900645293175593 0.035517700123989818 -0.036880268441796038 0.032657125412201837 0.0026897909713982809 0.039895976073442738 0.035508980715281933 -0.12950743315062813 0.022770550966711448 -0.33166571246477605 0.026189258835483193 -0.0085439959110345104 0.013840985978637943 -0.32551524322881176 0.042585874599044116 0.023406856243736889
leaf_weight=26 20 21 35 27 37 2129 21 20 29 38 38 39 35 25 23 116 20 260 23 68 71 33 64 36 34 25 121 20 36 28
leaf_count=26 20 21 35 27 37 2129 21 20 29 38 38 39 35 25 23 116 20 260 23 68 71 33 64 36 34 25 121 20 36 28
internal_value=0.00217169 0.00259401 -0.00131579 -0.00820755 0.00269009 0.00315482 -0.000198777 0.00134146 -0.0028125 -0.00278688 -0.00511905 0.00153631 -0.00243243 -0.0102174 0.00189403 0.001139 -0.0034507 0.00318482 -0.00197674 0.00186801 0.00130607 0.000616883 -0.000988024 0.000895523 -0.00214286 0.00251773 0.00322695 0.00328375 -0.000357143 0.001875
internal_weight=3518 3138 380 53 3117 2222 327 205 64 122 84 895 74 46 821 518 71 303 43 447 379 308 167 134 70 141 141 2185 56 48
internal_count=3518 3138 380 53 3117 2222 327 205 64 122 84 895 74 46 821 518 71 303 43 447 379 308 167 134 70 141 141 2185 56 48
is_linear=0
shrinkage=0.05


Tree=35
num_leaves=31
num_cat=0
split_feature=16 13 13 46 44 16 13 14 11 18 37 9 36 12 46 18 18 14 0 16 51 21 53 10 16 46 26 26 26 37
split_gain=2.57641 4.19408 1.96462 1.26759 0.978139 1.40481 0.694444 0.554017 0.517349 0.782609 0.445163 0.846405 0.758027 0.496032 0.857143 0.414334 1.12465 0.57556 2.04655 0.379382 0.353507 0.533975 0.81043 0.515723 0.333028 0.293939 0.268813 1.31778 0.293667 0.404161
threshold=1.1800000071525576 -0.17911110818386075 -0.36599999666213984 0.014833332970738413 -15.499999999999998 0.1799999997019768 -0.60199999809265126 0.36249999701976782 -0.22874375432729718 0.57527408003807079 -1.1430499553680418 0.18417499214410785 -0.45655000209808344 0.74766418337821972 0.12166666612029077 0.3458030372858048 0.35233333706855779 0.33750000596046453 0.4200000017881394 0.85999998450279247 -1.3134999871253965 -1.0000000180025095e-35 -3.3335000276565547 -10.475084781646727 0.62000000476837169 0.34933333098888403 -2.5584999322891231 -3.3437499999999996 -0.77075001597404469 -0.87090000510215748
decision_type=2 2 2 2 2 2 2 2 2 2 2 2 2 2 2 2 2 2 2 2 2 2 2 2 2 2 2 2 2 2
left_child=4 2 3 6 5 -1 -2 10 9 -7 11 12 -6 -14 -15 -12 -17 24 -19 25 21 -10 -23 -24 26 -13 27 -18 -28 -30
right_child=1 -3 -4 -5 7 8 -8 -9 20 -11 15 19 13 14 -16 16 17 18 -20 -21 -22 22 23 -25 -26 -27 28 -29 29 -31
leaf_value=-0.10626496425265451 -0.074449534559173719 0.012569904090702792 -0.0098559999041473098 0.0017919477526588243 -0.37468706051871148 -0.11482177533126006 -0.0045564289564234035 0.04010737731860807 0.010386000884917543 0.022286408093787166 0.03294569503955682 0.017176927180117464 0.018227258428208128 -0.0044200329378060984 0.037435102641322382 -0.0064526908862597935 0.041132287086119206 -1.0195628493131834 0.035994911624704889 -0.0011801549318760539 0.017113664717272565 0.0064478205055238007 -0.0102945339289022 4.596813666587945e-05 0.03103688022620308 -0.085797697554631125 0.031209374130239772 -0.35489402580341789 -0.0039071233520800294 0.025245373251392974
leaf_weight=34 20 104 34 27 22 23 25 321 73 23 399 215 48 21 21 22 54 35 66 34 72 23 20 23 218 20 181 23 31 1311
leaf_count=34 20 104 34 27 22 23 25 321 73 23 399 215 48 21 21 22 54 35 66 34 72 23 20 23 218 20 181 23 31 1311
internal_value=0.00227632 -0.00309524 -0.0100943 -0.00541667 0.00261476 -0.000154639 -0.0105556 0.00287968 0.00110895 -0.00369565 0.00264792 0.00106299 -0.00258929 -0.000555555 -0.00452381 0.00290598 0.00260433 0.00273319 -0.000940594 0.00258364 0.0021564 0.000683453 -0.00257576 -0.00662791 0.00293729 0.00329787 0.0026875 -0.000194805 0.00283322 0.00257824
internal_weight=3543 210 106 72 3333 291 45 3042 257 46 2721 381 112 90 42 2340 1941 1919 101 269 211 139 66 43 1818 235 1600 77 1523 1342
internal_count=3543 210 106 72 3333 291 45 3042 257 46 2721 381 112 90 42 2340 1941 1919 101 269 211 139 66 43 1818 235 1600 77 1523 1342
is_linear=0
shrinkage=0.05


Tree=36
num_leaves=31
num_cat=0
split_feature=13 18 13 4 51 21 18 26 9 12 36 18 12 27 11 22 35 53 53 18 18 22 18 11 28 13 20 20 11 15
split_gain=1.35798 1.96315 1.26749 0.937282 0.681159 1.02487 1.00356 1.13277 1.0279 1.52381 0.551678 0.642209 1.06522 0.492308 0.39236 0.381718 0.867857 0.351361 0.329412 0.319643 0.488642 0.384719 0.70028 0.34434 0.362445 0.86298 0.275993 0.524956 0.493782 0.377447
threshold=-0.22733333706855771 0.69464683532714855 -0.29199999570846552 1.060000002384186 -1.2574999928474424 -0.016150000505149361 0.46966665983200079 -0.36374999582767481 0.30830879509449011 0.5014457404613496 0.18795000016689303 0.72674912214279186 0.6739003360271455 -0.015250000171363352 -0.49471969902515406 -1.7246500253677366 -0.63574999570846547 -4.6829998493194571 -2.4374999999999996 0.3458030372858048 0.35709258913993841 -1.4660499691963194 0.22510714083909991 0.019095287658274177 1.8496499657630923 -0.14111111313104627 -0.85324999690055836 -0.19600000232458112 -0.046563697978854172 1.0000000180025095e-35
decision_type=2 2 2 2 2 2 2 2 2 2 2 2 2 2 2 2 2 2 2 2 2 2 2 2 2 2 2 2 2 2
left_child=1 4 3 10 5 14 -7 18 9 -9 11 13 -13 -3 -1 16 -6 -17 -8 21 -21 22 -2 24 -22 -26 -16 28 -28 -30
right_child=19 2 -4 -5 15 6 7 8 -10 -11 -12 12 -14 -15 26 17 -18 -19 -20 20 23 -23 -24 -25 25 -27 27 -29 29 -31
leaf_value=-0.11484488528352153 -0.017515082466139861 0.019508562101824323 -0.0055097185037792139 -0.062937665791876263 0.0160068543121295 0.0062514815881440106 -0.00091307439619715033 -0.10172796485669178 -0.00067636975783292208 -0.60519735023838528 0.0037705847950360496 0.0015279378053752806 -0.021112353090429629 -0.00095731415272352926 0.011760946262635822 -0.15232562974912522 -0.0020773877625274435 0.020660650085844039 0.015299651507860069 -0.0019075674873662218 0.032454007521088526 0.036697977670298781 0.046674213752503357 0.040241927975673941 -0.15163503049429361 0.043300993168104311 0.016021750690911368 0.011514269810468217 0.0008032990165354947 -0.010916981572814422
leaf_weight=30 21 32 23 25 35 78 36 21 34 21 47 23 23 20 186 26 21 758 34 20 767 461 30 557 20 42 21 69 36 26
leaf_count=30 21 32 23 25 35 78 36 21 34 21 47 23 23 20 186 26 21 758 34 20 767 461 30 557 20 42 21 69 36 26
internal_value=0.00224809 0.00118462 -0.00354922 -0.00205882 0.00182263 0.000523649 -0.00214286 -0.00458904 -0.00881579 -0.0140476 -0.000517241 -0.00265306 -0.00695652 0.00115385 0.00214674 0.0027381 -0.00125 0.00302296 1.86265e-10 0.00314911 0.0027596 0.00421875 9.80394e-05 0.00287157 0.00222557 -0.00145161 0.00263314 0.00105263 -0.00162651 -0.00387097
internal_weight=3543 1625 193 170 1432 592 224 146 76 42 145 98 46 52 368 840 56 784 70 1918 1406 512 51 1386 829 62 338 152 83 62
internal_count=3543 1625 193 170 1432 592 224 146 76 42 145 98 46 52 368 840 56 784 70 1918 1406 512 51 1386 829 62 338 152 83 62
is_linear=0
shrinkage=0.05


Tree=37
num_leaves=31
num_cat=0
split_feature=16 13 36 13 46 18 16 11 18 18 45 9 27 26 10 56 56 18 3 45 47 8 46 14 11 1 18 21 9 47
split_gain=1.96032 2.71902 1.74319 2.19022 1.13166 0.777358 0.620036 0.648102 0.658497 2.28634 2.17508 1.03153 0.705496 1.76061 0.682654 0.595981 0.558255 0.871111 0.5497 0.428109 0.581707 0.582842 0.40948 0.737535 0.936643 0.399549 0.642239 0.354915 0.344176 1.28561
threshold=1.1800000071525576 -0.21200000494718549 0.31704999506473547 -0.36599999666213984 0.010833333246409895 0.3458030372858048 0.90000000596046459 0.032113660126924522 0.54458081722259533 0.51379999518394481 -0.59516665339469899 0.099314019083976759 0.51240000128746044 -0.25524999201297754 -17.361404418945309 3.7220000028610234 3.3869999647140507 0.43447221815586096 0.242978610098362 -0.068750001490116106 0.32224002480506903 1.1666666865348818 -0.12616666406393048 0.10416666790843011 -0.24629450589418408 0.47499999403953558 0.48501852154731756 3.3314000368118291 0.16102648526430133 1.0448083877563479
decision_type=2 2 2 2 2 2 2 2 2 2 2 2 2 2 2 2 2 2 2 2 2 2 2 2 2 2 2 2 2 2
left_child=5 2 3 4 -2 27 7 8 9 12 -11 -12 14 -14 -7 22 25 -18 -13 20 21 -9 23 24 -10 26 -16 -1 29 -22
right_child=1 -3 -4 -5 -6 6 -8 19 15 10 11 18 13 -15 16 -17 17 -19 -20 -21 28 -23 -24 -25 -26 -27 -28 -29 -30 -31
leaf_value=0.028475277526694855 -0.04764007119956587 0.0097596825328832813 0.0020439650250612391 -0.011046105012408932 0.0012970420846899406 -0.028802778442854587 0.041381938340474218 -0.014837958765962578 0.017599094413665001 -0.69845877177815496 -0.9805942133888661 -0.60940688347115879 -0.29581425641611409 0.0083260993301015069 0.018531664692313123 -0.042389298642849828 -0.47058583384827202 0.11133019732470602 0.040490339715594736 0.026970940698318083 0.030864132617078391 0.028611183530801401 0.031108150200867709 0.015997626915459525 -0.28539040193071558 0.027200775172337321 -0.0780276100217865 -0.0084329573026477363 0.0089425518829628018 -0.010252994674579042
leaf_weight=572 36 108 20 24 22 22 190 33 21 29 20 43 38 97 94 35 25 20 56 538 35 25 371 107 20 479 26 21 393 23
leaf_count=572 36 108 20 24 22 22 190 33 21 29 20 43 38 97 94 35 25 20 56 538 35 25 371 107 20 479 26 21 393 23
internal_value=0.00230454 -0.00238095 -0.00823529 -0.0114634 -0.0062069 0.00259976 0.00224453 0.00203922 0.00137392 0.000574289 -0.00513513 -0.00214286 0.00162921 -0.00166667 0.0022973 0.00274368 0.00259317 -0.00277778 -5.05049e-05 0.00299427 0.00195481 -0.00275862 0.00316956 0.000945946 -0.0047561 0.00299666 0.000416667 0.00424115 0.00256098 -0.00103448
internal_weight=3543 210 102 82 58 3333 2740 2550 1503 949 148 119 801 135 666 554 644 45 99 1047 509 58 519 148 41 599 120 593 451 58
internal_count=3543 210 102 82 58 3333 2740 2550 1503 949 148 119 801 135 666 554 644 45 99 1047 509 58 519 148 41 599 120 593 451 58
is_linear=0
shrinkage=0.05


Tree=38
num_leaves=31
num_cat=0
split_feature=16 13 3 35 44 16 11 18 14 53 56 51 36 16 16 22 14 13 11 12 18 44 18 18 17 27 16 21 13 14
split_gain=1.48939 2.06187 1.39223 1.06474 0.682864 0.781868 0.560095 0.782609 0.544785 0.436364 0.345532 0.760364 0.948605 0.340232 0.96278 1.74203 1.5085 0.544832 0.859489 1.18971 0.385247 0.910093 0.342131 1.19132 2.34783 0.403332 0.640477 0.667063 0.454403 0.587062
threshold=1.1800000071525576 -0.21200000494718549 0.23068684339523318 0.38474999368190771 -15.499999999999998 0.1799999997019768 -0.22874375432729718 0.57527408003807079 0.36249999701976782 -1.1255000233650205 -2.1395000219345088 -4.2269999980926505 -0.044850001111626618 0.29999999701976782 0.34000000357627874 -1.7246500253677366 0.070833336561918273 -0.29199999570846552 0.047791987657547004 0.72602969408035289 0.62588888406753551 -10.499999999999998 0.38718412816524511 0.40406349301338201 0.29166667163372045 -0.19474999606609342 0.1799999997019768 -0.56984999775886525 -0.1031111106276512 0.26250000298023229
decision_type=2 2 2 2 2 2 2 2 2 2 2 2 2 2 2 2 2 2 2 2 2 2 2 2 2 2 2 2 2 2
left_child=4 2 -2 9 5 -1 7 -7 13 -4 11 -8 -13 22 15 -15 -17 18 19 -18 -16 -22 -6 24 -24 26 27 -25 -28 -30
right_child=1 -3 3 -5 8 6 10 -9 -10 -11 -12 12 -14 14 20 16 17 -19 -20 -21 21 -23 23 25 -26 -27 28 -29 29 -31
leaf_value=-0.094111658327130449 0.00055978262997973113 0.0092716984062391188 -0.039615344031815394 -0.0013679544319754853 0.043518118362604843 -0.074619816346142884 0.0079293357924745851 0.020073793830581846 0.034843345689484467 -0.017973781107788057 0.015207846074508303 0.013039106808494362 -0.026259831655884292 -0.36949540672716724 0.015847763054054217 -0.31100438061174318 0.0046970066838620955 0.024147183054236056 0.0412028147660954 -0.74174011093431425 -0.0076430587802860279 0.014188654512674188 0.004898250828528003 0.054814219347531792 -0.80137751254236855 0.031059702350345622 0.026820086776704846 -0.44840203510506593 -0.12132111752700321 0.052516722805495547
leaf_weight=34 32 108 20 26 438 23 61 23 321 24 101 24 25 25 696 25 33 184 32 20 21 38 46 21 23 777 212 24 70 36
leaf_count=34 32 108 20 26 438 23 61 23 321 24 101 24 25 25 696 25 33 184 32 20 21 38 46 21 23 777 212 24 70 36
internal_value=0.00241744 -0.00166667 -0.00676471 -0.0107143 0.00267477 0.000360825 0.0013035 -0.00369565 0.00289612 -0.0154545 0.00239337 0.000454546 -0.00418367 0.0026663 0.00197393 -0.000329153 0.000748299 0.00184015 -0.00147059 -0.00537736 0.00294702 -0.000932203 0.00311779 0.00268404 -0.00369565 0.00307018 0.00169422 -0.00388889 0.00248428 -0.000188679
internal_weight=3543 210 102 70 3333 291 257 46 3042 44 211 110 49 2721 1074 319 294 269 85 53 755 59 1647 1209 69 1140 363 45 318 106
internal_count=3543 210 102 70 3333 291 257 46 3042 44 211 110 49 2721 1074 319 294 269 85 53 755 59 1647 1209 69 1140 363 45 318 106
is_linear=0
shrinkage=0.05


Tree=39
num_leaves=31
num_cat=0
split_feature=16 13 3 10 14 21 14 21 2 45 13 14 10 21 27 14 16 18 0 21 51 28 44 14 16 10 10 13 37 18
split_gain=1.35986 1.86299 1.23873 0.825817 0.641275 0.537551 0.753667 1.52382 1.45417 0.544355 0.842062 0.426887 0.756578 0.81 0.388175 0.384467 0.915172 0.499355 0.967378 0.378238 0.512453 0.230344 0.273485 0.226594 0.583987 0.39196 0.388833 0.532115 0.272587 0.323219
threshold=1.1800000071525576 -0.21200000494718549 0.23068684339523318 -9.7126040458679181 0.36249999701976782 -0.38134999573230738 0.070833336561918273 -0.53344997763633717 0.99177777767181408 -1.9568333625793455 -0.36599999666213984 0.037500001490116126 -9.2220683097839338 -1.5893000364303587 -2.3027000427246089 0.32916666567325598 0.25999999791383749 0.52134984731674205 0.4200000017881394 -0.49420000612735743 -3.4314999580383296 -0.22025000303983686 -6.4999999999999991 0.13750000298023227 0.1799999997019768 -15.507540702819822 -9.0549283027648908 -0.83177778124809254 -0.73469999432563771 0.23036111146211627
decision_type=2 2 2 2 2 2 2 2 2 2 2 2 2 2 2 2 2 2 2 2 2 2 2 2 2 2 2 2 2 2
left_child=4 2 -2 -4 5 6 7 8 11 10 -7 -1 -13 -14 -11 23 -17 -18 -19 -8 -21 -22 -23 26 -25 -26 27 -16 29 -27
right_child=1 -3 3 -5 -6 9 19 -9 -10 14 -12 12 13 -15 15 16 17 18 -20 20 21 22 -24 24 25 28 -28 -29 -30 -31
leaf_value=0.055042312088428615 0.00053179349848073566 0.0088081134859271642 -0.028176364757566508 -0.0034635367442071166 0.033101178405010249 -0.31034468968985141 0.019471078788535868 -0.31395520414431788 -0.16037186818894802 -0.020544746442619499 0.079282623679036171 0.039075498447561322 0.024520866622282745 -0.24468767487409152 -0.011443160888792887 -0.63278171156579954 0.030025229949715255 -0.96504779873407398 0.0072578789192394196 -0.028435734959173443 0.040076349334922781 -0.12078267755901267 0.034019409991034505 -0.094981479743201216 -0.0082335457437758344 -0.002239409614185315 0.027098299269567128 0.03739109585044758 0.020166900375166372 0.0051309564637543196
leaf_weight=63 32 108 34 36 321 26 452 21 20 24 21 49 25 20 27 28 79 20 37 26 30 20 24 35 24 22 219 628 836 236
leaf_count=63 32 108 34 36 321 26 452 21 20 24 21 49 25 20 27 28 79 20 37 26 30 20 24 35 24 22 219 628 836 236
internal_value=0.00247389 -0.00142857 -0.00627451 -0.01 0.00271977 0.00249336 0.00133333 -0.00131313 0.00019774 0.00287798 -0.00244681 0.00181529 -0.000319149 -0.005 0.00299097 0.00306025 0.000731707 0.00242647 -0.00114035 0.00228261 -0.0005 0.00162162 -0.000681818 0.00324864 0.00278838 0.00298748 0.00385584 0.00446565 0.00312614 0.00170543
internal_weight=3543 210 102 70 3333 3012 750 198 177 2262 47 157 94 45 2215 2191 164 136 57 552 100 74 44 2027 1153 1118 874 655 1094 258
internal_count=3543 210 102 70 3333 3012 750 198 177 2262 47 157 94 45 2215 2191 164 136 57 552 100 74 44 2027 1153 1118 874 655 1094 258
is_linear=0
shrinkage=0.05


Tree=40
num_leaves=31
num_cat=0
split_feature=2 44 13 14 36 14 9 5 9 14 46 0 14 0 14 11 26 53 13 19 12 26 9 45 21 9 36 13 17 10
split_gain=2.95723 1.26715 0.798639 0.753768 0.4704 0.480925 0.579977 1.02083 0.431618 0.572142 1.18971 0.612817 1.70672 0.430727 0.44213 0.436531 0.613057 0.616126 0.425926 0.398566 0.4059 1.05857 0.484225 0.447029 0.420937 0.971629 0.518564 0.595238 0.408214 0.273878
threshold=1.3339999914169314 -11.499999999999998 -0.1858333349227905 0.38750000298023229 1.7231500148773196 0.020833333954215053 0.16578178107738498 0.075000001117587103 0.21212198585271838 0.079166669398546233 0.016833334229886535 0.65999999642372142 0.17083333432674411 0.81999999284744274 0.31250000000000006 0.44447672367095953 -0.10775000229477881 -1.7695000171661375 -0.56200000643730152 1.0000000180025095e-35 0.21632621437311175 -0.52549999952316273 0.43975645303726202 -0.1157499998807907 0.36574999988079077 0.35261179506778723 0.51654997467994701 -0.31577777862548823 0.37500000000000006 -8.4210262298583967
decision_type=2 2 2 2 2 2 2 2 2 2 2 2 2 2 2 2 2 2 2 2 2 2 2 2 2 2 2 2 2 2
left_child=1 2 3 4 5 -1 7 -7 -8 10 -10 12 -11 -13 15 16 -15 -18 -9 20 21 -3 -23 24 -22 26 27 -26 -24 -25
right_child=-2 19 -4 -5 -6 6 8 18 9 11 -12 13 -14 14 -16 -17 17 -19 -20 -21 23 22 28 29 25 -27 -28 -29 -30 -31
leaf_value=0.023295701213701572 -0.051983227556632455 -0.21101603983603745 0.041852145938513094 -0.008513032379603519 0.022332457709547615 -0.10759963574927507 0.02010824421178805 -0.032860503085989173 0.017552407329058259 0.023577017097547254 -0.14096187469093088 0.0079479971930976438 -0.024220032023408777 0.0090667678724106939 -0.0069957884168882828 -0.0033330538344709519 -0.017122555960693845 0.013439108483083767 0.01619961680781783 0.031367286282056997 0.013531933259292167 0.046689277031442572 -0.024734816857435959 0.030578450142105071 -0.31411707612199458 0.012229205324962047 0.011541356223630676 -0.013601170583198215 0.0071427181335084744 -0.035561953107495881
leaf_weight=44 21 20 92 21 50 30 104 27 33 36 20 77 22 77 21 31 29 51 23 208 713 196 86 1309 21 58 25 21 65 34
leaf_count=44 21 20 92 21 50 30 104 27 33 36 20 77 22 77 21 31 29 51 23 208 713 196 86 1309 21 58 25 21 65 34
internal_value=0.0022791 0.00238995 0.000621828 4.31036e-05 0.000333334 -3.99998e-05 -0.000421687 -0.004375 0.000209581 -0.000541562 -0.00537736 0.000203489 -0.00448276 0.00115385 -2.39233e-05 0.000744681 0.00181529 -0.00125 1.86265e-10 0.0028955 0.0027237 0.00118529 0.00182997 0.00298258 0.00207637 -0.0006 -0.00470149 -0.00809524 -0.000298013 0.00354803
internal_weight=3565 3544 788 696 675 625 581 80 501 397 53 344 58 286 209 188 157 80 50 2756 2548 367 347 2181 838 125 67 42 151 1343
internal_count=3565 3544 788 696 675 625 581 80 501 397 53 344 58 286 209 188 157 80 50 2756 2548 367 347 2181 838 125 67 42 151 1343
is_linear=0
shrinkage=0.05


Tree=41
num_leaves=31
num_cat=0
split_feature=16 13 46 13 14 44 5 13 9 12 46 11 26 51 47 36 56 36 12 36 13 22 12 47 18 18 51 11 2 14
split_gain=1.31212 2.2632 1.42683 1.50489 0.650654 0.503819 0.454685 0.435374 0.397642 0.356363 0.462896 0.766268 0.309501 0.298504 0.730444 1.34491 1.79895 0.474992 0.834483 0.456371 0.436864 0.710612 0.348703 0.292105 0.286872 1.199 0.415981 0.329117 0.27961 0.277819
threshold=1.1800000071525576 -0.21200000494718549 0.065166667103767409 -0.36599999666213984 0.36249999701976782 -15.499999999999998 0.42499999701976782 -0.66533333063125599 0.15753216296434405 4.2123167514801034 0.23933333158493045 -0.0027276299661025401 2.4217499494552617 -0.17650000005960462 0.4186863005161286 0.21990000456571582 -0.32150000333786005 -1.6942500472068784 0.88329482078552257 -0.21869999915361402 -0.40000000596046442 1.3513000011444094 5.3293452262878427 0.11859622225165369 0.54808887839317333 0.52970370650291454 -0.46850000321865076 0.57223007082939159 1.2283333539962771 1.0000000180025095e-35
decision_type=2 2 2 2 2 2 2 2 2 2 2 2 2 2 2 2 2 2 2 2 2 2 2 2 2 2 2 2 2 2
left_child=4 2 3 7 5 8 13 -2 -1 10 12 -12 -10 14 15 19 -17 18 -15 -7 21 23 24 -19 25 26 27 -16 -3 -22
right_child=1 28 -4 -5 -6 6 -8 -9 9 -11 11 -13 -14 17 22 16 -18 20 -20 -21 29 -23 -24 -25 -26 -27 -28 -29 -30 -31
leaf_value=-0.1034791789944868 -0.048572098022455941 0.012758038831364697 0.0014488479207869613 -0.0041174465874898765 0.030527008851613649 -0.0022242076758946755 0.023241322701311073 -0.00030231756616133513 0.0061485568077863893 -0.0024409016382137142 -0.57204213033981466 0.012457896905340219 -0.013955227861668768 -0.3016503094611907 0.018335122422712409 0.0078326445028076615 -0.05207941486886554 -0.025850705162181065 0.048098616331070543 0.023012840195177076 0.0046292414517056998 -0.52225998800207929 -0.019426601950690514 0.028345566248724863 0.02462212998849898 -0.41892559836117577 -0.1907717457111596 -0.0051501061786852105 -0.00013562764964724822 0.033275546227113581
leaf_weight=23 21 92 25 20 333 33 1016 28 180 26 25 27 27 20 325 22 31 20 29 50 75 23 22 37 164 25 21 26 22 777
leaf_count=23 21 92 25 20 333 33 1016 28 180 26 25 27 27 20 325 22 31 20 29 50 75 23 22 37 164 25 21 26 22 777
internal_value=0.00236325 -0.00149038 -0.00723404 -0.010942 0.00260203 0.00237103 0.00258837 -0.00622449 0.000454546 0.000964912 0.0015251 -0.00269231 0.00258454 0.00208824 0.00131433 -0.00198529 -0.00820755 0.00265545 -0.00214286 0.00198795 0.00290773 -0.000625 0.00208405 0.00236842 0.0023262 0.0015995 0.00231183 0.0027208 0.00324561 0.00323944
internal_weight=3565 208 94 69 3357 3024 2716 49 308 285 259 52 207 1700 719 136 53 981 49 83 932 80 583 57 561 397 372 351 114 852
internal_count=3565 208 94 69 3357 3024 2716 49 308 285 259 52 207 1700 719 136 53 981 49 83 932 80 583 57 561 397 372 351 114 852
is_linear=0
shrinkage=0.05


Tree=42
num_leaves=31
num_cat=0
split_feature=16 13 46 13 14 44 13 18 18 10 18 14 10 36 9 16 13 10 2 17 45 9 10 12 22 18 8 8 51 2
split_gain=1.27419 2.2632 1.42683 1.50489 0.595679 0.478076 0.435374 0.426341 2.92748 2.025 0.640665 1.34431 0.948795 0.470407 0.397642 0.390164 0.36301 0.54268 0.744653 0.393882 0.995429 0.455968 0.416843 0.356363 0.384503 1.14286 0.339883 0.339671 0.470925 0.870062
threshold=1.1800000071525576 -0.21200000494718549 0.065166667103767409 -0.36599999666213984 0.36249999701976782 -15.499999999999998 -0.66533333063125599 0.53788095712661754 0.52970370650291454 -9.0005626678466779 0.52134984731674205 0.32083332538604742 -10.548116683959959 -1.9188500046730039 0.15753216296434405 0.13999999687075618 -0.18733333051204679 -8.4210262298583967 0.43199999630451208 0.29166667163372045 0.55516666173934948 0.10453480854630472 -9.2220683097839338 4.2123167514801034 1.3205999732017519 0.57258889079093944 0.30000001192092901 1.0333333611488345 -0.293500006198883 0.5000000149011613
decision_type=2 2 2 2 2 2 2 2 2 2 2 2 2 2 2 2 2 2 2 2 2 2 2 2 2 2 2 2 2 2
left_child=4 2 3 6 5 14 -2 8 10 -10 16 12 -12 -9 -1 -15 19 -18 -19 21 26 -7 -22 24 -16 -26 -21 -28 29 -29
right_child=1 -3 -4 -5 -6 7 -8 13 9 -11 11 -13 -14 15 23 -17 17 18 -20 20 22 -23 -24 -25 25 -27 27 28 -30 -31
leaf_value=-0.098305220044762456 -0.046143493121333146 0.0062342396578823006 0.0013764055247476208 -0.0039115742581153972 0.029000658409032966 -0.0015889059243505005 -0.00028720168785326551 -0.0040367627940775938 -0.88659556619922653 0.031411752354952263 -0.0016183964916974083 -0.918854497732148 0.06546565253717479 -0.11227702328731748 0.0068069623500723805 0.022210167484519927 0.033319193293217239 0.044154410537929484 -0.024019693716048476 -0.18123315959298122 -1.4000489687313046e-05 0.019905062528723042 -0.28937041852755357 -0.0023188565563030208 -0.50974329940755092 0.010476725526402587 0.019690820522271179 -0.012158269304298574 0.016090626637688826 0.0028523568591355382
leaf_weight=23 21 114 25 20 333 31 28 35 20 20 20 29 63 29 203 714 930 78 45 21 22 396 21 26 28 28 130 23 34 55
leaf_count=23 21 114 25 20 333 31 28 35 20 20 20 29 63 29 203 714 930 78 45 21 22 396 21 26 28 28 130 23 34 55
internal_value=0.00230715 -0.00149038 -0.00723404 -0.010942 0.00254245 0.00232143 -0.00622449 0.00253314 0.00213622 -0.01125 0.00241834 -0.00125 0.00198795 0.00352185 0.000454546 0.00378869 0.00264838 0.00324312 0.000121951 0.001794 0.000424837 0.00277518 -0.00662791 0.000964912 0.0015251 -0.00214286 0.00157795 0.00210744 8.92859e-05 -0.00205128
internal_weight=3565 208 94 69 3357 3024 49 2716 1938 40 1898 112 83 778 308 743 1786 1053 123 733 306 427 43 285 259 56 263 242 112 78
internal_count=3565 208 94 69 3357 3024 49 2716 1938 40 1898 112 83 778 308 743 1786 1053 123 733 306 427 43 285 259 56 263 242 112 78
is_linear=0
shrinkage=0.05


Tree=43
num_leaves=31
num_cat=0
split_feature=16 10 46 2 2 14 45 18 18 17 46 18 18 10 16 14 3 53 12 53 48 20 20 20 9 3 26 53 51 51
split_gain=1.11799 2.18217 1.78177 0.920264 0.894287 0.604552 0.485678 0.458198 1.84024 5.276 1.65928 0.60589 1.451 0.728763 0.43043 0.785455 0.368385 0.366107 0.414678 0.677925 0.647668 0.718887 1.06499 0.471545 0.657517 0.440406 0.357549 0.381374 0.354921 0.482045
threshold=1.1800000071525576 -9.4762396812438947 0.065166667103767409 1.3240000009536745 0.53999999165534984 0.36249999701976782 -0.22783333063125608 0.51147985458374035 0.53588888049125682 0.20833333581686023 -0.087000001221895204 0.62164199352264415 0.63555553555488598 -10.475084781646727 0.38000001013278967 0.22083333134651187 0.3131812065839768 0.75249999761581432 0.38840174674987799 0.68799999356269848 1.0000000180025095e-35 0.27224999666213995 -0.061750000342726701 0.44400000572204595 0.55445221066474926 0.49050766229629522 -0.08249999955296515 -0.18900000303983686 -1.4204999804496763 -2.0895000696182247
decision_type=2 2 2 2 2 2 2 2 2 2 2 2 2 2 2 2 2 2 2 2 2 2 2 2 2 2 2 2 2 2
left_child=5 2 4 -3 -2 6 7 26 9 10 -9 14 13 -13 -10 -16 -14 18 20 25 23 22 -22 24 -8 28 27 -1 29 -20
right_child=1 3 -4 -5 -6 -7 17 8 11 -11 -12 12 16 -15 15 -17 -18 -19 19 -21 21 -23 -24 -25 -26 -27 -28 -29 -30 -31
leaf_value=0.0070923388730766111 -0.0043681924721342821 0.0091917715176009097 0.0012168410569577664 -0.029346200254935118 -0.012341172786597833 0.027550625488581316 0.036299824573596338 -0.41814009966071053 0.023915680988408808 0.030970702905247817 -0.84066871423101208 -0.0048619078863872834 0.01397219968116554 -0.26269656067838737 -0.007491723677127516 0.0024177088118951633 -0.00099096823405978854 0.035556112465844468 0.04304674624869366 -0.58385931316665252 0.0065656040158337536 0.062891404847312024 -0.84062039830433122 -0.0063203078506324012 -0.023689175225158631 -0.0049699572268893377 0.020400372516377691 -0.027461151882630347 0.022101037920741272 -0.011426648200165196
leaf_weight=295 20 116 22 27 23 333 196 25 208 79 23 27 67 20 25 30 30 616 22 24 27 31 32 27 82 33 214 27 833 31
leaf_count=295 20 116 22 27 23 333 196 25 208 79 23 27 67 20 25 30 30 616 22 24 27 31 32 27 82 33 214 27 833 31
internal_value=0.00230715 -0.00125 -0.00884615 0.0022028 -0.0147674 0.00252755 0.00230489 0.0014486 0.000411985 -0.00484252 -0.0179167 0.0020516 -0.000555555 -0.00776596 0.00347909 -0.000454545 0.00293814 0.0027738 0.00230942 0.00287911 0.000949367 -0.00277778 -0.00601695 0.00204918 0.00266187 0.00309576 0.00248134 0.00142857 0.003307 -0.000660377
internal_weight=3565 208 65 143 43 3357 3024 1070 534 127 48 407 144 47 263 55 97 1954 1338 943 395 90 59 305 278 919 536 322 886 53
internal_count=3565 208 65 143 43 3357 3024 1070 534 127 48 407 144 47 263 55 97 1954 1338 943 395 90 59 305 278 919 536 322 886 53
is_linear=0
shrinkage=0.05


Tree=44
num_leaves=31
num_cat=0
split_feature=13 18 27 51 13 18 10 10 2 56 18 56 12 17 26 56 2 18 0 45 10 9 4 11 53 53 46 27 56 8
split_gain=0.932001 0.719752 0.783382 1.20935 0.608689 0.829604 0.867059 0.930952 0.944444 0.630758 0.762838 0.937964 0.499379 0.796659 0.663158 1.34017 0.871474 0.6 0.562679 0.485714 0.444444 0.404445 0.446003 1.94638 0.701546 0.416148 0.408333 0.274681 0.318481 0.305564
threshold=-0.79177775979042042 0.6668703854084016 -0.16335000097751615 -4.4914999008178702 -0.10733333602547644 0.69464683532714855 -10.088549613952635 -9.4762396812438947 0.53999999165534984 -4.3529999256134024 0.51629504561424266 -7.1530001163482657 0.49549317359924322 0.37500000000000006 -0.015249999705702065 1.0000000180025095e-35 0.43199999630451208 0.40406349301338201 0.70000001788139354 0.06841666623950006 -9.0629258155822736 0.55445221066474926 0.099999997764825835 0.12658972293138507 -0.17700000107288358 2.5074999332427983 -0.0061666667461395255 -2.754999995231628 1.4480000138282778 0.2333333417773247
decision_type=2 2 2 2 2 2 2 2 2 2 2 2 2 2 2 2 2 2 2 2 2 2 2 2 2 2 2 2 2 2
left_child=1 2 3 -1 5 9 -7 8 -8 10 -2 -12 13 14 15 -6 -16 -18 -19 -9 -17 22 23 24 -11 27 -27 -24 29 -29
right_child=4 -3 -4 -5 12 6 7 19 -10 21 11 -13 -14 -15 16 20 17 18 -20 -21 -22 -23 25 -25 -26 26 -28 28 -30 -31
leaf_value=0.010354244359738409 0.012768992821257687 -0.040042464214266271 0.0055077089339990977 -0.055903538771291617 -0.29578782013829602 0.0048435632405261263 -0.0036983364396419682 -0.0008675782597494029 -0.00024547797165012729 -0.013738505746446271 -0.026194179787283257 -0.27477119486015233 0.030217425508211295 0.031925387729477277 0.040749292019859142 0.047498376007901237 -0.025085664382187234 0.051578806493508239 -0.076539104421971649 0.0053189008991830627 -0.83255384650739472 0.027430014622037219 -0.032068362033434779 -0.016270532069582844 0.028633911760792254 0.022296621347128301 -0.72528849712290588 0.039524513992144961 0.043093173593102302 0.0097154225262364429
leaf_weight=22 47 24 75 21 20 55 32 36 36 24 29 21 878 209 124 25 20 38 22 34 20 207 27 20 78 40 20 139 134 1088
leaf_count=22 47 24 75 21 20 55 32 36 36 24 29 21 878 209 124 25 20 38 22 34 20 207 27 20 78 40 20 139 134 1088
internal_value=0.0022791 -0.00169014 -8.47456e-05 -0.00546512 0.00244376 0.00190373 -0.00121762 -0.00333333 -0.0075 0.00222519 -0.00170103 -0.006 0.00326696 0.00196653 0.000167286 -0.00423077 0.00156863 -0.0025 1.86265e-10 0.000714286 0.000555556 0.0024395 0.00216561 -0.000737705 0.00205882 0.00241022 -0.00166667 0.00258646 0.00268553 0.00243276
internal_weight=3565 142 118 43 3423 2067 193 138 68 1874 97 50 1356 478 269 65 204 80 60 70 45 1777 1570 122 102 1448 60 1388 1361 1227
internal_count=3565 142 118 43 3423 2067 193 138 68 1874 97 50 1356 478 269 65 204 80 60 70 45 1777 1570 122 102 1448 60 1388 1361 1227
is_linear=0
shrinkage=0.05


Tree=45
num_leaves=31
num_cat=0
split_feature=13 18 46 13 28 35 28 13 44 47 11 35 18 28 35 17 37 26 26 22 35 51 27 19 2 46 18 8 18 0
split_gain=0.997649 0.837502 1.15066 1.95707 0.439431 1.21176 0.809217 0.553229 0.391557 0.603505 1.15013 1.69 0.683287 1.01009 0.371488 0.335762 0.468264 0.542795 0.709788 0.318582 0.317689 0.42615 0.332833 0.248565 0.352958 0.517904 0.5291 0.324282 0.575182 0.318006
threshold=-0.18733333051204679 0.69464683532714855 -0.18900000303983686 -0.3053333312273025 1.3738000392913821 -3.7760000228881831 1.5760999917984011 -0.24199999868869779 -11.499999999999998 0.45101319253444677 0.055071389302611358 0.44949999451637274 0.62164199352264415 -0.10119999945163725 0.42674998939037329 0.29166667163372045 -0.030250000767409798 -1.0187500119209287 -0.51374998688697804 1.3205999732017519 0.59275001287460338 -0.84950000047683705 0.73979997634887706 1.0000000180025095e-35 0.43199999630451208 -0.14566666632890699 0.53588888049125682 1.0000000180025095e-35 0.75272428989410411 1.0199999809265139
decision_type=2 2 2 2 2 2 2 2 2 2 2 2 2 2 2 2 2 2 2 2 2 2 2 2 2 2 2 2 2 2
left_child=1 4 -3 -4 8 -6 -7 -8 9 10 14 -12 19 -14 -1 20 17 -17 -19 -11 -10 -22 -23 24 -2 26 -26 28 29 -27
right_child=23 2 3 -5 5 6 7 -9 15 12 11 -13 13 -15 -16 16 -18 18 -20 -21 21 22 -24 -25 25 27 -28 -29 -30 -31
leaf_value=0.01772531597485133 0.030223137861132961 -0.015603402996852964 0.0038583805766847601 -0.0050253709303844313 -0.32869671714257315 -0.063711696848315055 0.019428746494623755 -0.019535268757780277 0.026022522062382661 0.0082395785990370639 -0.02818729157090738 0.014462447858646138 0.0098280484934929677 -0.062284517566695979 -0.0015579968293239919 0.014860529166115039 0.014578898753820516 -0.0069963216627985467 0.0016326194283678493 -0.52407351338609498 -0.0055108934475603163 0.0343808423278592 -0.0011334943045770598 0.023862189515972975 -0.016940801519538563 -0.0097538729946274709 0.015481259024125433 0.036006505918928233 0.025585781737039966 -0.051833367204054938
leaf_weight=75 1155 38 131 26 21 30 143 36 471 289 25 20 26 21 21 52 108 37 39 28 36 88 30 204 27 66 21 162 45 20
leaf_count=75 1155 38 131 26 21 30 143 36 471 289 25 20 26 21 21 52 108 37 39 28 36 88 30 204 27 66 21 162 45 20
internal_value=0.00225007 0.00142658 -0.00166667 0.00022293 0.00180451 -0.000217391 0.000933015 0.0022067 0.00214495 0.0010396 -0.00173759 -0.00833333 0.00211538 -0.00351064 0.00135417 0.00279326 0.00118644 -0.000859375 -0.00355263 0.00294953 0.0034 0.00142857 0.00288136 0.00311765 0.00289439 0.00148094 -0.00333333 0.00226962 0.000419848 -0.00197674
internal_weight=3491 1791 195 157 1596 230 209 179 1366 505 141 45 364 47 96 861 236 128 76 317 625 154 118 1700 1496 341 48 293 131 86
internal_count=3491 1791 195 157 1596 230 209 179 1366 505 141 45 364 47 96 861 236 128 76 317 625 154 118 1700 1496 341 48 293 131 86
is_linear=0
shrinkage=0.05


Tree=46
num_leaves=31
num_cat=0
split_feature=16 13 13 16 5 9 13 2 14 3 13 27 13 18 12 45 18 18 27 9 10 3 9 5 12 51 45 18 46 12
split_gain=0.654353 0.996628 1.47232 0.560807 0.548252 0.451046 0.337094 0.974739 1.18137 1.13584 0.450135 0.462586 0.45873 0.408254 0.605042 0.628205 0.376698 2.88329 0.470817 0.782377 0.658606 0.655674 0.609986 0.572815 1.22136 0.47416 1.05043 0.65124 0.444444 0.395895
threshold=1.1800000071525576 -0.16600000113248822 -0.3053333312273025 0.90000000596046459 0.52500000596046459 0.85554909706115734 -0.40000000596046442 0.58933332562446605 0.13750000298023227 0.3211930543184281 -0.51577776670455922 1.0715000033378603 -0.70733332633972157 0.49568253755569464 0.82546687126159679 -0.86866667866706837 0.53588888049125682 0.52970370650291454 0.17005000263452533 0.43975645303726202 -9.4076008796691877 0.27582278847694403 0.4437465518712998 1.0000000180025095e-35 4.1199495792388925 1.4945000410079958 0.23558333516120913 0.26624578237533575 -0.16083332896232602 0.25891511142253881
decision_type=2 2 2 2 2 2 2 2 2 2 2 2 2 2 2 2 2 2 2 2 2 2 2 2 2 2 2 2 2 2
left_child=3 2 4 5 -2 6 7 8 -1 -10 11 13 -13 14 -9 -16 17 18 19 -8 -21 -22 23 24 28 26 27 -25 -20 -29
right_child=1 -3 -4 -5 -6 -7 16 10 9 -11 -12 12 -14 -15 15 -17 -18 -19 22 20 21 -23 -24 25 -26 -27 -28 29 -30 -31
leaf_value=0.052946622626531027 0.00048518966592083824 0.0099423364130892672 -0.0024853484099321759 0.029191981585641166 -0.027933986134072716 0.032043841349170106 0.019605746667792801 0.0089672626610446012 -0.097794807460516567 -0.00047754553739351864 0.014292552241837831 0.0072214525341636098 -0.047077975057806504 0.0099904534151435912 0.011135222482662861 -0.01526087636777388 0.022674969047581924 -0.53335276465767112 -0.26568186609389055 0.019947464798227264 -0.088295035342996278 -0.022147109494819184 0.031692647116648306 -0.0038327775266948586 -0.0073403683902874654 0.033269264280551783 -0.0083121916074314489 -0.002658193390147565 0.030210061727424659 0.020963961389764876
leaf_weight=31 55 115 26 195 26 286 958 35 36 42 205 24 21 245 24 26 512 21 20 68 20 27 78 20 21 127 33 31 25 138
leaf_count=31 55 115 26 195 26 286 958 35 36 42 205 24 21 245 24 26 512 21 20 68 20 27 78 20 21 127 33 31 25 138
internal_value=0.00222143 -0.000405405 -0.0038785 0.00239982 -0.000555555 0.00223487 0.00204089 0.00108128 -0.00325688 -0.00653846 0.00189655 0.000866667 -0.00388889 0.00151515 -0.00147059 -0.005 0.00235588 0.00197543 0.00222222 0.00280988 -0.00108696 -0.0056383 0.000943205 0.000180723 -0.00409091 0.000988539 -0.000405405 0.00103175 0.000555556 0.00204142
internal_weight=3491 222 107 3269 81 3074 2788 689 109 78 580 375 45 330 85 50 2099 1587 1566 1073 115 47 493 415 66 349 222 189 45 169
internal_count=3491 222 107 3269 81 3074 2788 689 109 78 580 375 45 330 85 50 2099 1587 1566 1073 115 47 493 415 66 349 222 189 45 169
is_linear=0
shrinkage=0.05


Tree=47
num_leaves=31
num_cat=0
split_feature=13 16 13 28 2 28 16 11 3 22 16 10 45 27 8 18 5 13 9 10 19 2 18 18 16 13 18 16 13 0
split_gain=0.894585 0.798817 1.45547 0.481045 0.968599 0.749161 0.579425 0.650999 1.02806 0.498455 0.492728 0.381702 1.20235 0.460076 0.58307 0.341759 0.335051 0.298163 0.418892 0.293521 0.291174 0.395483 0.400065 0.786866 1.28961 0.867593 0.404858 0.282377 0.39095 0.272151
threshold=-0.18733333051204679 1.1800000071525576 -0.3053333312273025 1.3738000392913821 0.34999999403953558 1.5760999917984011 0.29999999701976782 -0.13944697380065915 0.29734541475772863 -2.7167999744415279 0.21999999880790713 -10.705115795135496 -0.16074999421834943 -0.57220000028610218 1.0333333611488345 0.62164199352264415 0.52500000596046459 -0.81833332777023304 0.19948085397481921 -12.107693195343016 1.0000000180025095e-35 0.43199999630451208 0.5304073989391328 0.47269842028617864 0.34000000357627874 1.0000000180025095e-35 0.3845036923885346 1.4200000166893008 0.03314285725355149 0.85999998450279247
decision_type=2 2 2 2 2 2 2 2 2 2 2 2 2 2 2 2 2 2 2 2 2 2 2 2 2 2 2 2 2 2
left_child=1 3 16 6 -5 -6 17 8 -8 -9 -7 12 -11 14 -13 -12 -3 18 -1 -2 21 -21 23 26 25 -25 -23 -24 -29 -15
right_child=19 2 -4 4 5 10 7 9 -10 11 15 13 -14 29 -16 -17 -18 -19 -20 20 -22 22 27 24 -26 -27 -28 28 -30 -31
leaf_value=-0.018049328703726643 0.030364740632967374 0.00046093018262479519 -0.0028440491037208999 -0.063551108188688615 -0.20292855796814849 -0.015292878986659493 0.020462404702033782 -0.0016197549061894403 -0.0064899648723780292 0.0087563285694373921 0.026219824993805419 0.0094550198120307224 -0.0050190167275423192 0.012030351462394555 -0.0077428315395935872 -0.018794143624313364 -0.026537286827369062 0.02103702147757687 0.017302257009633764 0.02541579140727029 0.021463670117426666 -0.015012146309967665 0.027770493807677678 -0.0026951418141044187 0.059247327460840674 -0.32569066150488268 0.027806237962214826 -0.0033132733294355485 0.06147307115901697 -0.0010258563933652684
leaf_weight=23 208 55 20 34 31 38 22 30 23 71 117 29 26 305 30 20 26 806 41 999 204 26 89 20 21 23 50 26 34 44
leaf_count=23 208 55 20 34 31 38 22 30 23 71 117 29 26 305 30 20 26 806 41 999 204 26 89 20 21 23 50 26 34 44
internal_value=0.00217846 0.00139866 -0.00292079 0.0016568 -0.000416666 0.000873787 0.002 0.000775862 -0.005 0.00126168 0.00214286 0.00163366 -0.00118557 0.00230392 -0.00177966 0.00354015 6.17286e-05 0.00281609 -0.00046875 0.003 0.00275469 0.00247671 0.000847751 -0.00107143 -0.00515625 -0.0101163 0.00236842 0.00265101 1.86265e-10 0.00299427
internal_weight=3491 1791 101 1690 240 206 1450 580 45 535 175 505 97 408 59 137 81 870 64 1700 1492 1288 289 140 64 43 76 149 60 349
internal_count=3491 1791 101 1690 240 206 1450 580 45 535 175 505 97 408 59 137 81 870 64 1700 1492 1288 289 140 64 43 76 149 60 349
is_linear=0
shrinkage=0.05


Tree=48
num_leaves=31
num_cat=0
split_feature=13 16 3 10 46 45 21 37 22 37 28 18 9 11 18 17 14 51 20 50 47 16 13 9 2 27 27 20 9 10
split_gain=0.932576 1.0333 0.610042 1.34714 1.11413 1.45772 0.573813 0.537849 0.993757 0.456714 0.606923 0.339857 0.678788 0.411604 0.526685 0.729912 0.569225 0.41957 0.333837 0.789982 0.558782 0.658489 0.372863 0.654762 0.315584 0.557143 0.305167 0.671586 0.304257 0.303499
threshold=-0.10733333602547644 0.29999999701976782 0.31211639940738684 -9.8246588706970197 -0.16083332896232602 -0.1157499998807907 -0.58149999380111683 -1.0297999978065489 0.61625000834465038 -2.0848500728607173 -0.86524999141693104 0.238546296954155 0.1459411904215813 0.0027581659378483896 0.53235557675361644 0.12500000372529033 0.19583333283662799 -1.1970000267028806 0.053500000387430198 1.0000000180025095e-35 0.4727479368448258 0.1799999997019768 -0.83177778124809254 0.20361831039190295 0.52599999308586132 0.044300001114606864 0.27309998869895941 0.099750000983476653 0.11238873749971391 -8.4210262298583967
decision_type=2 2 2 2 2 2 2 2 2 2 2 2 2 2 2 2 2 2 2 2 2 2 2 2 2 2 2 2 2 2
left_child=1 7 11 4 -4 6 -6 8 9 -1 -11 12 -3 14 26 -16 -17 -18 22 28 -21 -22 23 -9 25 -5 27 -13 -20 -2
right_child=29 2 3 24 5 -7 -8 18 -10 10 -12 13 -14 -15 15 16 17 -19 19 20 21 -23 -24 -25 -26 -27 -28 -29 -30 -31
leaf_value=0.023440330370578823 0.024899218226889869 0.0038038234745633296 -0.0063591014587673564 -0.00044026532957866326 -0.0036733597345461875 -0.0078908567843977671 0.0064741482101760717 -0.026859733758584293 -0.25672156704777405 -0.0063437392680825936 0.011735517340565554 0.022596730265128581 -0.0033160196444286835 0.0042813262578052834 0.019265587384815791 -0.56287187332495314 0.0069371825644147511 -0.0017615143453802535 -0.0018844679440452863 -0.0076850322791488833 -0.027715641447162782 0.018284644757543787 0.028373817977515831 0.016690504043818371 0.027365230089834016 0.022210992280158194 0.025262498633330424 -0.2652574012548029 0.024040326366000113 0.0070959243871594529
leaf_weight=83 1136 22 37 30 27 30 44 20 24 37 20 69 20 419 30 27 21 20 31 39 21 61 602 22 54 26 45 32 250 192
leaf_count=83 1136 22 37 30 27 30 44 20 24 37 20 69 20 419 30 27 21 20 31 39 21 61 602 22 54 26 45 32 250 192
internal_value=0.00214981 0.00150948 0.000278069 -0.00185484 -0.00514493 -0.00242574 0.00147887 0.00247934 -0.000182927 0.00142857 -0.00201754 0.00102837 -0.00333333 0.00130468 -0.000327869 -0.00316327 -0.00602941 -0.00231707 0.00289675 0.00176617 -0.00161157 0.000731707 0.00360248 -0.000952381 0.00227273 -0.000357143 0.00157534 4.95051e-05 0.00322064 0.00319277
internal_weight=3491 2163 953 248 138 101 71 1210 164 140 57 705 42 663 244 98 68 41 1046 402 121 82 644 42 110 56 146 101 281 1328
internal_count=3491 2163 953 248 138 101 71 1210 164 140 57 705 42 663 244 98 68 41 1046 402 121 82 644 42 110 56 146 101 281 1328
is_linear=0
shrinkage=0.05


Tree=49
num_leaves=31
num_cat=0
split_feature=44 16 27 37 16 37 8 37 10 36 2 27 36 36 45 26 10 19 53 26 53 35 18 21 36 36 28 20 20 21
split_gain=0.788291 1.08818 1.25312 0.963211 0.437048 0.696603 0.548811 1.00169 0.567491 1.0614 1.57509 0.490633 1.05778 0.811439 0.394011 0.381349 0.343819 0.342515 0.541144 0.351996 1.00345 0.488225 0.354868 1.16955 0.339307 0.388696 0.659695 0.329345 0.530548 0.344722
threshold=-4.4999999999999991 1.1800000071525576 0.061049999669194228 0.6280999779701234 0.29999999701976782 -2.7354999780654903 0.63333335518836986 0.69535002112388622 -10.80710983276367 -0.17315000295639035 0.73619046807289135 0.92900002002716076 1.2459999918937685 -0.53785002231597889 -1.3860833048820493 -0.67925000190734852 -12.107693195343016 1.0000000180025095e-35 0.62099999189376842 -1.0784999728202818 -1.8995000123977659 -1.1447499990463255 0.2363240718841553 0.03655000030994416 0.11495000123977663 1.0199999809265139 1.1921499967575075 0.5977500081062318 0.1409999951720238 0.39710000157356268
decision_type=2 2 2 2 2 2 2 2 2 2 2 2 2 2 2 2 2 2 2 2 2 2 2 2 2 2 2 2 2 2
left_child=1 4 3 -3 11 -6 7 15 9 -8 -11 24 13 14 -13 -7 -2 18 19 -18 -21 -22 23 -23 -1 26 27 28 29 -26
right_child=16 2 -4 -5 5 6 8 -9 -10 10 -12 12 -14 -15 -16 -17 17 -19 -20 20 21 22 -24 -25 25 -27 -28 -29 -30 -31
leaf_value=0.022977736408306842 0.027528909731762769 -0.020618336533411365 0.0013485848586207003 -0.0001581843403874228 -0.017992401835040566 -0.010837481247403078 0.0090715129445122535 -0.4903347217022147 0.0080537906809129978 -0.0047540275093796922 0.0043145110983657435 0.051549164114772755 0.012194196706139766 -0.022213353829927243 -0.20108436020995546 0.014923955696698502 0.032894947622463394 0.019375909634903144 0.033384974820822831 -0.30510963068194619 -0.11463752536745327 0.015290952554892809 0.015260264159119087 -0.0092759255358691901 0.020930542811681573 0.03336739630486487 -0.11454501217546616 0.029725234452707895 -0.0054309901201755745 -0.0066010270070692469
leaf_weight=676 187 23 41 26 30 20 57 20 505 32 25 20 51 28 27 36 154 184 474 38 24 37 469 22 54 77 30 64 26 34
leaf_count=676 187 23 41 26 30 20 57 20 505 32 25 20 51 28 27 36 154 184 474 38 24 37 469 22 54 77 30 64 26 34
internal_value=0.00216414 0.00147739 -0.00388889 -0.00928571 0.00174393 0.000793104 0.00111511 -0.00289474 0.00160743 -0.00157895 -0.00640351 0.00237811 -0.000555555 -0.00433333 -0.000319149 0.000535714 0.00298615 0.00271755 0.00241379 0.00157258 0.00101695 0.00155797 0.001875 -0.00177966 0.00276275 0.00131579 0.000192308 0.00134831 -0.000263158 0.00159091
internal_weight=3491 1902 90 49 1812 725 695 76 619 114 57 1087 126 75 47 56 1589 1402 1218 744 590 552 528 59 961 285 208 178 114 88
internal_count=3491 1902 90 49 1812 725 695 76 619 114 57 1087 126 75 47 56 1589 1402 1218 744 590 552 528 59 961 285 208 178 114 88
is_linear=0
shrinkage=0.05


Tree=50
num_leaves=31
num_cat=0
split_feature=44 16 10 2 17 45 10 27 37 8 20 46 18 51 56 56 21 8 27 18 17 36 10 20 20 18 18 2 46 17
split_gain=0.917703 0.95502 0.8896 0.708621 0.675571 0.718119 0.425426 0.526377 0.850691 0.666467 0.870572 1.06124 1.14244 0.581316 0.611474 0.520698 0.654953 0.490552 0.48987 0.466242 0.413126 0.382397 0.36897 0.426477 0.895965 0.502529 0.834158 0.544574 0.649344 1.01978
threshold=-5.4999999999999991 1.4200000166893008 -9.7277197837829572 1.3240000009536745 1.0000000180025095e-35 -2.7790833711624141 -9.8927545547485334 -0.38165000081062311 0.07869999855756761 0.63333335518836986 -0.3990000039339065 -0.047499999403953545 0.41972221434116369 -2.0384999513626094 -3.5714999437332149 -1.7389999628067014 -0.11105000227689742 1.1000000238418581 0.6581999957561494 0.61788889765739452 0.62500000000000011 -1.1021500229835508 -12.107693195343016 0.34125000238418585 0.15699999779462817 0.47269842028617864 0.49489241838455206 0.11800000444054605 -0.038166666403412812 0.12500000372529033
decision_type=2 2 2 2 2 2 2 2 2 2 2 2 2 2 2 2 2 2 2 2 2 2 2 2 2 2 2 2 2 2
left_child=1 4 -3 20 -1 -6 7 8 13 19 -11 17 -13 14 -7 16 -8 -12 -14 -9 22 -10 -2 24 25 -24 -27 -28 29 -29
right_child=3 2 -4 -5 5 6 15 9 21 10 11 12 18 -15 -16 -17 -18 -19 -20 -21 -22 -23 23 -25 -26 26 27 28 -30 -31
leaf_value=0.017743682871889703 0.026309767835340697 -0.020884639107758063 0.00074157836625733556 -0.0098873537978945644 -0.19759374183778791 -0.0081360278221278316 0.0015923847336795514 0.023799115044278271 -0.0016841658227426341 0.0050934081178084442 0.0097289279989721741 -0.013266343288479161 -0.00036623003984058688 -0.0085977225095058302 0.0070870602276666729 0.012480648928604189 -0.004476576441857086 -0.00062997642648539634 -0.0093788509471426119 -0.004327443765596131 0.020239543079286125 0.016987331592171473 0.024324261673582277 0.024769518904039164 -0.066769656324264945 -0.05650540401458224 -0.83014579729887572 -0.3429971002787453 0.05235478730890445 0.052437714242690586
leaf_weight=193 200 32 21 23 24 35 47 241 31 140 54 22 87 24 48 566 27 32 20 23 432 71 417 376 66 21 22 34 138 38
leaf_count=193 200 32 21 23 24 35 47 241 31 140 54 22 87 24 48 566 27 32 20 23 432 71 417 376 66 21 22 34 138 38
internal_value=0.00204708 0.0012313 -0.00537736 0.00284946 0.00143917 0.00107909 0.00121935 0.000471015 -0.00169856 0.00120355 -0.000211267 -0.0022093 -0.00507752 -0.00481308 -0.00283133 0.0021875 -0.00175676 0.00209302 -0.00294392 0.00310606 0.00296445 0.00156863 0.00252287 0.00216727 0.00146739 0.00201493 0.000256917 0.00112069 0.00190476 -0.00194444
internal_weight=3505 1738 53 1767 1685 1492 1468 828 209 619 355 215 129 107 83 640 74 86 107 264 1744 102 1312 1112 736 670 253 232 210 72
internal_count=3505 1738 53 1767 1685 1492 1468 828 209 619 355 215 129 107 83 640 74 86 107 264 1744 102 1312 1112 736 670 253 232 210 72
is_linear=0
shrinkage=0.05


Tree=51
num_leaves=31
num_cat=0
split_feature=13 17 13 13 56 20 8 16 10 44 13 47 16 2 10 14 13 46 10 14 37 53 20 56 8 16 16 20 16 47
split_gain=1.06106 0.830416 0.921364 1.02719 0.682128 1.09264 0.698781 0.812352 0.604692 1.26218 0.962226 0.599388 0.501823 0.971588 1.41718 0.503306 0.783099 0.895638 0.458558 0.429892 0.395258 0.513369 0.512121 0.38448 0.427644 0.380663 0.614035 0.375255 0.374247 0.367586
threshold=-0.14111111313104627 1.0000000180025095e-35 -0.85111111402511586 -0.96666666865348805 -4.2165000438690177 -0.74925002455711354 0.63333335518836986 0.1799999997019768 -10.772700786590574 -11.499999999999998 -0.43400000035762781 0.15625873208045962 0.75999999046325695 0.5000000149011613 -9.4349236488342267 0.32083332538604742 -0.40600000321865076 0.023500000126659874 -8.6465110778808576 0.36249999701976782 -1.0297999978065489 -0.047499999403953545 -0.93874999880790699 -3.0519999265670772 1.5666666626930239 0.29999999701976782 0.34000000357627874 0.10774999856948854 0.29999999701976782 0.53587263822555553
decision_type=2 2 2 2 2 2 2 2 2 2 2 2 2 2 2 2 2 2 2 2 2 2 2 2 2 2 2 2 2 2
left_child=1 -1 3 -3 5 -4 20 -8 9 10 -9 -10 15 14 -14 27 17 -17 29 -2 21 22 -6 -15 -25 -22 -27 -13 -11 -18
right_child=19 2 4 -5 6 -7 7 8 11 28 -12 12 13 23 -16 16 18 -19 -20 -21 25 -23 -24 24 -26 26 -28 -29 -30 -31
leaf_value=0.017199352590336888 0.024217577005146526 0.0039143716904318157 -0.23017399614410286 -0.035691064864930511 0.0037793239913098916 0.0085650921894590958 -0.19166909096103515 -0.00084986073328642173 -0.0024057666214418235 0.030698930238496687 -0.011133235110662956 0.011674458206490984 -0.003788628613961178 -0.0048436787324775375 0.0065567435449824796 -0.0063975548069853481 0.0046028604914241864 0.022597779626839468 -0.78253404487217637 0.018780412449461922 0.025108551016618907 0.039693172553859173 -0.053030803379606077 0.0093154044258307329 -0.00034299362632744926 -0.27345013790859429 0.009467451947716525 0.0069010576134736837 -0.00050130692927286208 0.027664264796964044
leaf_weight=209 1237 46 38 35 24 48 33 23 21 52 24 186 25 21 21 23 45 26 20 281 473 24 20 70 27 35 60 211 59 88
leaf_count=209 1237 46 38 35 24 48 33 23 21 52 24 186 25 21 21 23 45 26 20 281 473 24 20 70 27 35 60 211 59 88
internal_value=0.00206134 0.00130096 0.000950506 -0.00425926 0.00119918 -0.00313953 0.00143079 0.000589744 0.000859873 -0.00196203 -0.00882979 0.00142857 0.00165793 -0.000792683 -0.00695652 0.00232888 0.00029703 -0.00520408 0.00205882 0.00305665 0.00272013 -0.000882353 -0.00409091 0.00161017 0.00293814 0.00315141 0.000263158 0.00336272 0.000945946 0.0031203
internal_weight=3505 1987 1778 81 1697 86 1611 975 942 158 47 784 763 164 46 599 202 49 153 1518 636 68 44 118 97 568 95 397 111 133
internal_count=3505 1987 1778 81 1697 86 1611 975 942 158 47 784 763 164 46 599 202 49 153 1518 636 68 44 118 97 568 95 397 111 133
is_linear=0
shrinkage=0.05


Tree=52
num_leaves=31
num_cat=0
split_feature=13 13 17 13 16 12 11 45 51 20 14 21 21 18 3 11 14 13 56 3 14 51 46 35 35 18 18 46 3 21
split_gain=1.14492 0.694286 0.600045 0.501204 0.749434 0.648619 0.56453 0.53585 0.381968 0.566451 0.54842 0.364363 0.71765 0.625 0.514254 0.765625 0.520656 0.818182 0.362312 0.820858 1.00982 1.02083 0.383944 0.367288 1.33594 0.315385 0.877858 0.81317 0.395281 0.389145
threshold=-0.83177778124809254 -1.0066666603088377 0.20833333581686023 -0.13200000673532483 0.29999999701976782 0.49549317359924322 -0.2124078497290611 -1.9568333625793455 0.034500000998377807 0.099750000983476653 0.32916666567325598 -0.50490000844001759 -0.38134999573230738 0.54458081722259533 0.33302292227745062 -0.014455747324973343 0.38750000298023229 -0.29199999570846552 -1.2425000071525572 0.242978610098362 0.27916666865348821 -2.6469999551773067 -0.047499999403953545 1.1247499585151675 1.7950000166893008 0.39699682593345648 0.42215873301029211 0.034666666761040694 0.23068684339523318 -2.9764000177383418
decision_type=2 2 2 2 2 2 2 2 2 2 2 2 2 2 2 2 2 2 2 2 2 2 2 2 2 2 2 2 2 2
left_child=1 -1 -3 4 25 6 -5 -6 9 -8 -10 -9 13 -13 16 -16 18 -18 19 -14 21 -21 -20 -24 -25 -2 27 28 -27 -28
right_child=3 2 -4 5 7 -7 8 11 10 -11 -12 12 14 -15 15 -17 17 -19 22 20 -22 -23 23 24 -26 26 29 -29 -30 -31
leaf_value=0.0077929646498852423 0.02369993785864706 -0.0025707860085121383 -0.030760582656296304 -0.080696837762188695 -0.19508862377426386 0.022348170232128726 0.016371573598599743 0.0077395773707385641 0.034912997506822328 -0.24952737483216014 -0.77540533979712312 -0.31023190661814587 0.010116657485683571 0.00058506174153497102 0.0075918545681006172 -0.0050292173906362819 0.00092122447895282705 -0.0033150446274883062 0.014994833966600108 -0.00021141997114119016 0.0031889707156690832 -0.022165565617688621 0.0064806289676002677 -0.0068379065615661247 0.023621322109593199 -0.0206725664738375 -0.053957272601399243 -0.63424432420603249 0.023070548941815931 0.017895165368908922
leaf_weight=30 184 52 23 22 20 969 265 180 196 20 22 20 70 20 32 32 22 22 104 24 38 24 188 31 46 20 23 27 38 741
leaf_count=30 184 52 23 22 20 969 265 180 196 20 22 20 70 20 32 32 22 22 104 24 38 24 188 31 46 20 23 27 38 741
internal_value=0.00204708 -0.00309524 -0.00566667 0.00220588 0.00166842 0.00289157 0.00147619 0.00058992 0.00181909 0.000614035 0.0033945 0.000779602 0.000245171 -0.00625 0.000655608 -0.00359375 0.00113357 -0.00409091 0.00157143 -0.000448718 -0.00372093 -0.00854167 0.00242547 0.00141509 -0.00149351 0.00257986 0.00217315 -0.00264706 0.000689655 0.00270942
internal_weight=3505 105 75 3400 1906 1494 525 873 503 285 218 853 673 40 633 64 569 44 525 156 86 48 369 265 77 1033 849 85 58 764
internal_count=3505 105 75 3400 1906 1494 525 873 503 285 218 853 673 40 633 64 569 44 525 156 86 48 369 265 77 1033 849 85 58 764
is_linear=0
shrinkage=0.05


Tree=53
num_leaves=31
num_cat=0
split_feature=18 13 12 21 18 17 18 18 14 2 18 45 16 3 26 9 51 53 18 13 1 51 53 46 46 28 21 27 13 15
split_gain=0.995443 0.702318 0.621306 0.662877 0.907441 0.515762 0.82662 0.615261 0.598709 0.603841 0.66746 0.738404 0.551862 0.999745 0.617919 0.543478 0.542481 0.487105 0.454335 0.560178 0.473534 0.477817 0.809185 1.60473 0.677257 0.523558 0.50935 1.0073 0.394759 0.671456
threshold=0.77733176946640026 -0.17911110818386075 0.49549317359924322 -0.46745000779628748 0.39782011508941656 1.0000000180025095e-35 0.62164199352264415 0.63555553555488598 0.037500001490116126 0.30200000107288366 0.3458030372858048 0.23558333516120913 0.29999999701976782 0.31211639940738684 0.2282499969005585 0.19673198461532596 -0.38799999654293055 0.054500000551342971 0.59525185823440563 -0.87177777290344227 0.47499999403953558 -0.17650000005960462 -0.7524999976158141 -0.025166667066514489 -0.27249999344348902 0.22555000334978106 0.17475000023841861 0.24060000479221347 -0.40600000321865076 0.30000001192092901
decision_type=2 2 2 2 2 2 2 2 2 2 2 2 2 2 2 2 2 2 2 2 2 2 2 2 2 2 2 2 2 2
left_child=1 5 3 4 -3 -1 8 15 -7 10 -10 16 -9 14 -14 -8 -12 -5 19 -11 -21 22 26 24 25 -24 -22 -28 29 -23
right_child=-2 2 -4 17 -6 6 7 12 9 18 11 -13 13 -15 -16 -17 -18 -19 -20 20 21 28 23 -25 -26 -27 27 -29 -30 -31
leaf_value=0.015492234317969181 -0.0054130048109394995 0.069456816835347962 0.020077416608929293 0.010238454682576302 -0.23588045288626086 0.052162824163597313 0.00038859427310419109 0.021689105684458476 0.021900547818584557 -0.021118597812349909 -0.0011312303653903172 -0.22024203225582939 0.001082491189777502 -0.0057882133913386424 -0.00094180075278949373 -0.055245080514849491 0.023836082644920816 0.032932855563024825 0.026446517226904984 0.0092042365259064323 0.011034118610963513 -0.03795834219621172 0.00083686761218482045 -0.012639113907228378 0.020739899393259108 -0.13743250377754843 -0.0049775394970173296 0.0080997680919107137 0.017156113350103103 0.021269185364721038
leaf_weight=201 35 20 1091 272 38 161 23 61 36 35 21 37 47 29 29 23 32 232 86 171 257 47 32 38 40 20 26 57 278 30
leaf_count=201 35 20 1091 272 38 161 23 61 36 35 21 37 47 29 29 23 32 232 86 171 257 47 32 38 40 20 26 57 278 30
internal_value=0.00196148 0.00204611 0.00279189 0.00144128 -0.00362069 0.00136764 0.00107054 -0.00183962 0.00150997 0.00113838 -0.00214286 -0.00444444 -0.000421687 -0.00261905 0.000394737 -0.00695652 -0.000660377 0.00202381 0.00150851 0.00121726 0.00143574 0.000939394 -0.000106383 -0.00346154 0.000108696 -0.00365385 0.00117647 -0.00222892 0.00232394 -0.000844156
internal_weight=3505 3470 1653 562 58 1817 1616 212 1404 1243 126 90 166 105 76 46 53 504 1117 1031 996 825 470 130 92 52 340 83 355 77
internal_count=3505 3470 1653 562 58 1817 1616 212 1404 1243 126 90 166 105 76 46 53 504 1117 1031 996 825 470 130 92 52 340 83 355 77
is_linear=0
shrinkage=0.05


Tree=54
num_leaves=31
num_cat=0
split_feature=13 45 37 21 10 12 45 45 36 19 53 16 20 53 9 18 35 51 0 51 47 3 22 17 3 10 0 28 45 35
split_gain=1.13225 0.647619 0.708947 0.507936 0.491774 0.458009 0.439576 0.665001 1.48664 0.507497 0.416806 1.1347 0.362818 0.496738 0.963543 0.815612 0.681081 0.559283 0.386597 0.528324 0.715259 0.652584 0.599061 0.749318 0.463722 0.647352 0.608307 0.462726 0.693619 0.369398
threshold=-0.83177778124809254 -1.7747499942779539 0.42155000567436224 -1.0000000180025095e-35 -12.314568996429442 1.0676095485687258 0.27783332765102392 0.24408333003520968 0.1228500008583069 1.0000000180025095e-35 3.3069999217987065 0.21999999880790713 -2.7017500400543208 0.25749999284744268 0.09099867939949037 0.69464683532714855 -0.74175000190734852 -0.59349998831748951 0.29999999701976782 -1.1495000123977659 0.61501958966255199 0.15365386754274371 -1.904199957847595 0.29166667163372045 0.27582278847694403 -10.395014762878416 0.45999999344348913 0.40219999849796301 -0.039250001311302178 -1.0000000180025095e-35
decision_type=2 2 2 2 2 2 2 2 2 2 2 2 2 2 2 2 2 2 2 2 2 2 2 2 2 2 2 2 2 2
left_child=1 -1 3 -3 -2 -5 7 9 -9 10 12 -12 -6 14 16 -15 -14 -18 -16 22 21 -21 23 -20 26 -26 29 -27 -29 -23
right_child=4 2 -4 5 6 -7 -8 8 -10 -11 11 -13 13 15 18 -17 17 -19 19 20 -22 24 -24 -25 25 27 -28 28 -30 -31
leaf_value=0.01273007998115009 0.020725561595851372 -0.048138706870154493 0.024335464533167109 -0.019229430185489081 0.020657057170642677 0.0030207372048818115 0.015768107812247814 0.026189809973853059 -0.73256588975842751 0.014188095232843926 0.18666625511176618 -0.22898509676112888 -0.44759378793066029 0.024899906773227377 0.024259826142484134 -0.0011844696968910152 -0.019595823127628934 0.01589764345186951 0.0046668595665164915 -0.015102212707682536 -0.010544760753218278 0.0080102950050774044 0.0065237401637402714 -0.0032996862675632975 -0.0037334438734778022 0.0010119930553788231 0.019390416083688487 -0.020422006151225296 0.01971522092322717 -0.011152490246935903
leaf_weight=20 483 21 22 20 122 22 816 20 21 206 26 32 21 348 132 22 41 49 27 23 21 20 539 30 21 159 147 22 26 26
leaf_count=20 483 21 22 20 122 22 816 20 21 206 26 32 21 348 132 22 41 49 27 23 21 20 539 30 21 159 147 22 26 26
internal_value=0.00201855 -0.00309524 -0.005 -0.00769841 0.00217647 -0.00452381 0.00193178 0.00154926 -0.0047561 0.00167476 0.00141316 -0.00275862 0.00154788 0.00135603 0.000897239 0.00297297 -0.00355856 -0.00166667 0.00131182 0.000994345 -0.000268817 0.000157658 0.00197987 -0.00289474 0.000605701 -0.000921052 0.00240933 -7.24636e-05 -0.004375 -0.0026087
internal_weight=3505 105 85 63 3400 42 2917 2101 41 2060 1854 58 1796 1674 1304 370 111 90 1193 1061 465 444 596 57 421 228 193 207 48 46
internal_count=3505 105 85 63 3400 42 2917 2101 41 2060 1854 58 1796 1674 1304 370 111 90 1193 1061 465 444 596 57 421 228 193 207 48 46
is_linear=0
shrinkage=0.05


Tree=55
num_leaves=31
num_cat=0
split_feature=13 51 47 10 5 53 45 12 44 46 26 9 16 14 12 14 51 9 20 17 47 13 14 16 12 46 12 9 45 14
split_gain=0.693578 0.546826 0.69916 1.0949 1.55373 1.25071 2.11332 0.734067 1.76683 0.952786 1.6 0.707089 0.512123 0.541149 0.606466 1.18282 0.884344 0.654051 0.63381 0.494196 0.439535 0.381899 0.380386 0.839133 0.824694 0.508773 0.392661 0.47438 0.589286 0.446429
threshold=-0.87177777290344227 -0.34099999070167536 0.45942759513854986 -9.4292693138122541 0.32500000298023229 -0.14350000023841855 -0.12016666308045386 4.4123320579528817 -10.499999999999998 0.14216666668653491 -0.52549999952316273 0.11085329949855806 0.21999999880790713 0.070833336561918273 0.85510832071304332 0.037500001490116126 0.69600000977516185 1.3429035544395449 0.08325000107288362 0.20833333581686023 2.398870706558228 -0.12199999764561652 0.27916666865348821 0.25999999791383749 5.5756051540374765 -0.28000000119209284 4.4539244174957284 0.28517036139965063 0.25058333575725561 0.35416665673255926
decision_type=2 2 2 2 2 2 2 2 2 2 2 2 2 2 2 2 2 2 2 2 2 2 2 2 2 2 2 2 2 2
left_child=19 2 3 4 5 6 -2 -4 9 10 -9 -6 -3 14 15 17 18 -14 -17 20 -1 22 24 -24 -15 -25 27 28 -27 -30
right_child=1 12 7 -5 11 -7 -8 8 -10 -11 -12 -13 13 21 -16 16 -18 -19 -20 -21 -22 -23 23 25 -26 26 -28 -29 29 -31
leaf_value=-0.0036279262180264719 -0.02965649757899292 0.021141066886880458 0.010167719755047431 0.012074059022032664 -0.084799569269555217 0.0020036843347780268 0.0017057672765237787 -0.0061045686022075021 0.016325798761392653 0.001962140055495676 -0.0032864208019864512 0.015341189967541767 0.0056585270435002156 0.019334759791819044 0.026728868270579638 0.013977404493566371 -0.22010278090955501 -0.0084011148495274426 -0.22486894106779462 -0.035873530767472364 0.0098047649760244441 0.017902653005388926 -0.53206902703467474 -0.0026201326111758151 -0.0054123349186670578 -0.0018113478570081197 0.013264912016871168 0.0067338532524453308 -0.56050504090259501 0.014054140882356837
leaf_weight=43 30 443 923 93 20 24 23 20 143 22 20 77 257 270 66 25 20 20 22 27 27 648 21 23 22 21 70 52 28 28
leaf_count=43 30 443 923 93 20 24 23 20 143 22 20 77 257 270 66 25 20 20 22 27 27 648 21 23 22 21 70 52 28 28
internal_value=0.00195295 0.00207082 0.00130824 -0.000992509 -0.00333333 -0.00863636 -0.0129245 0.00185284 -0.000853658 -0.00790323 -0.0125 0.000876289 0.00259332 0.00217514 0.000609756 -0.000232558 -0.00619403 0.00120939 -0.00244681 -0.00221649 1.86265e-10 0.00271767 0.00172897 0.00026749 0.00294521 0.00117117 0.00198492 0.000348837 -0.00214286 0.000535714
internal_weight=3528 3431 1395 267 174 77 53 1128 205 62 40 97 2036 1593 410 344 67 277 47 97 70 1183 535 243 292 222 199 129 77 56
internal_count=3528 3431 1395 267 174 77 53 1128 205 62 40 97 2036 1593 410 344 67 277 47 97 70 1183 535 243 292 222 199 129 77 56
is_linear=0
shrinkage=0.05


Tree=56
num_leaves=31
num_cat=0
split_feature=18 46 36 20 28 21 6 14 18 16 5 16 9 9 26 16 47 44 0 18 46 46 53 12 20 36 47 56 36 9
split_gain=0.978974 1.69855 0.901845 0.567111 0.705377 1.72323 0.48999 0.901186 0.531167 0.628465 0.700744 0.449115 0.491462 1.032 0.842373 0.572073 1.26426 0.614412 1.14685 2.07171 0.484327 0.665203 0.519949 0.486771 0.427907 0.386232 0.511681 0.891686 0.713604 0.544199
threshold=0.62164199352264415 -0.30433332920074457 -0.25339999794960016 0.70724999904632579 0.41574999690055853 -0.59874999523162831 0.90000000596046459 0.32916666567325598 0.63114285469055187 0.34000000357627874 0.52500000596046459 0.90000000596046459 0.56250992417335521 0.39955301582813268 0.91225001215934765 0.29999999701976782 3.5300569534301762 -5.4999999999999991 0.4200000017881394 0.49184595048427587 0.13350000232458117 -0.065333332866430269 -0.33699999749660486 2.7014106512069707 -0.032999999821186059 -0.26325000822544092 0.80894508957862865 -1.4235000014305113 -0.39254999160766596 0.064649082720279707
decision_type=2 2 2 2 2 2 2 2 2 2 2 2 2 2 2 2 2 2 2 2 2 2 2 2 2 2 2 2 2 2
left_child=11 2 -2 4 6 -6 7 8 -3 -10 -11 12 13 15 20 25 17 18 19 -17 21 24 -23 -24 -15 26 27 -1 29 -29
right_child=1 3 -4 -5 5 -7 -8 -9 9 10 -12 -13 -14 14 -16 16 -18 -19 -20 -21 -22 22 23 -25 -26 -27 -28 28 -30 -31
leaf_value=-0.16966780133078566 -0.022263817321420194 -0.055776995802088419 -0.027585943439949745 0.013860133326560687 0.013651547442490553 -0.02173485859318848 0.023541467212601128 -0.0022694968168466638 0.021918534795959871 0.00056467176499644595 -0.00350225580527708 0.020445565280597735 0.018769956984856756 0.026499594992645471 0.033425537766961777 0.0061433666851796473 -0.2110531860034065 0.013469917431491681 0.0037555772754818309 -0.47977040666594495 0.0038663462514842324 -0.0089970061496354864 -0.022067595758407738 0.0064275784665257414 -0.0015214949619163348 0.021322627651951344 0.042216419931467991 -0.022473025561476317 -0.020331422181972859 0.021446640121762287
leaf_weight=20 22 22 24 126 25 21 56 36 88 94 22 189 417 23 53 30 23 508 395 21 34 28 29 24 20 823 163 20 41 131
leaf_count=20 22 22 24 126 25 21 56 36 88 94 22 189 417 23 53 30 23 508 395 21 34 28 29 24 20 823 163 20 41 131
internal_value=0.00202381 5.59703e-05 -0.00913043 0.000918368 -8.24174e-05 -0.00586956 0.000754717 -0.000152672 0.0010177 0.00181373 -0.000603448 0.00237634 0.00221727 0.00194049 -0.0013981 0.00226437 0.00136643 0.0016457 0.00029148 -0.00676471 -0.00322785 -0.00467742 -0.00734568 -0.00443396 0.000348837 0.00299666 0.00166667 4.717e-05 0.00109375 0.00268212
internal_weight=3528 536 46 490 364 46 318 262 226 204 116 2992 2803 2386 211 2175 977 954 446 51 158 124 81 53 43 1198 375 212 192 151
internal_count=3528 536 46 490 364 46 318 262 226 204 116 2992 2803 2386 211 2175 977 954 446 51 158 124 81 53 43 1198 375 212 192 151
is_linear=0
shrinkage=0.05


Tree=57
num_leaves=31
num_cat=0
split_feature=18 10 44 16 11 37 22 0 11 47 37 44 56 51 21 26 10 10 44 0 18 37 10 11 14 0 9 0 18 12
split_gain=0.757592 0.518075 0.74346 0.844176 0.742593 1.05807 1.05447 1.13471 0.732464 0.704726 0.476041 0.452174 0.441792 0.907131 0.541933 1.02722 1.92 0.486154 0.380952 0.358024 0.353346 0.869293 1.07143 0.326088 0.561159 0.414236 1.13572 0.334399 0.296666 0.294144
threshold=0.77733176946640026 -8.6465110778808576 -5.4999999999999991 0.29999999701976782 0.33892498910427099 0.44760000705719 -0.94204998016357411 0.58000001311302196 0.49149787425994879 3.5300569534301762 -0.12654999643564221 -10.499999999999998 -2.2285000085830684 -1.6804999709129331 0.012050000019371511 1.2405000329017641 -9.4937968254089338 -9.3239407539367658 -2.4999999999999996 1.1800000071525576 0.27511110901832586 -0.60469999909400929 -9.2052383422851545 0.066918428987264647 0.32083332538604742 0.4200000017881394 0.59975022077560436 0.70000001788139354 0.39982716739177709 0.21632621437311175
decision_type=2 2 2 2 2 2 2 2 2 2 2 2 2 2 2 2 2 2 2 2 2 2 2 2 2 2 2 2 2 2
left_child=1 2 3 19 9 6 11 -8 -9 10 28 -6 -12 -14 17 16 -16 -15 -2 -1 21 22 -4 24 25 -3 -27 -28 -5 -22
right_child=18 23 20 4 5 -7 7 8 -10 -11 12 -13 13 14 15 -17 -18 -19 -20 -21 29 -23 -24 -25 -26 26 27 -29 -30 -31
leaf_value=0.014585635646241147 -0.0048642703069885097 0.03167445849185746 -0.007322291839385011 -0.00040558311889478811 -0.0017118698769012918 0.0049089830758159911 -0.010506411031763918 -0.021887758661521796 0.0065360419776954908 -0.15121625812890058 0.0060036445953045399 0.011379537681065295 -0.034147028336278272 0.011692436021063634 -0.021702798915082977 0.023047458766936944 0.020772190471025655 -0.33733082607692921 2.0697159043749082e-05 -0.041869901426768968 0.013765921508386757 0.013116240220594502 0.013308059705793863 0.036993881989813383 -0.69033980838248665 -0.020938111208411367 0.022436720790432255 -0.0013745110296834178 0.0071206456174623071 0.020190682538801415
leaf_weight=931 21 125 35 32 20 45 21 21 25 32 59 26 34 79 30 40 20 25 21 24 101 209 21 34 24 30 50 71 226 1096
leaf_count=931 21 125 35 32 20 45 21 21 25 32 59 26 34 79 30 40 20 25 21 24 101 209 21 34 24 30 50 71 226 1096
internal_value=0.00215136 0.00223178 0.0024302 0.00171598 0.000442177 -0.00259494 -0.00517699 -0.0091791 -0.00478261 0.00127383 0.00169725 0.000652174 0.000296167 -0.000701754 0.000618557 -0.00222222 -0.007 0.00307692 -0.00452381 0.00269634 0.00325581 0.00160377 -0.00392857 0.000359282 -0.000166666 0.000471015 -0.00129139 0.000867769 0.00325581 0.00362155
internal_weight=3528 3486 3152 1690 735 158 113 67 46 577 545 46 287 228 194 90 50 104 42 955 1462 265 56 334 300 276 151 121 258 1197
internal_count=3528 3486 3152 1690 735 158 113 67 46 577 545 46 287 228 194 90 50 104 42 955 1462 265 56 334 300 276 151 121 258 1197
is_linear=0
shrinkage=0.05


Tree=58
num_leaves=31
num_cat=0
split_feature=13 11 46 10 18 45 45 27 2 18 45 0 18 10 1 27 37 18 27 22 22 0 8 46 2 13 51 11 18 27
split_gain=0.821743 0.625442 1.32718 0.589398 0.531233 0.537202 0.595934 0.523015 0.449409 0.713214 0.412881 0.411388 0.520056 0.391876 0.380749 0.358458 0.34372 0.905854 0.34511 0.3435 0.541992 0.374416 0.669198 0.68271 0.460928 0.56902 0.694107 0.774878 0.437607 0.415541
threshold=-0.78733333945274342 0.089095130562782301 0.034666666761040694 -8.6465110778808576 0.77733176946640026 -0.12016666308045386 -0.1325000002980232 3.0105999708175664 0.43199999630451208 0.40406349301338201 -1.0324166417121885 0.70000001788139354 0.76358386874198925 -10.32194137573242 0.47499999403953558 0.52509999275207531 -0.67355000972747792 0.27511110901832586 -2.3027000427246089 -2.4429500102996822 -1.9756999611854551 0.74000000953674328 0.96666666865348827 0.014833332970738413 0.53999999165534984 -0.29199999570846552 -0.91549998521804798 0.25486487150192266 0.54458081722259533 0.068849999457597746
decision_type=2 2 2 2 2 2 2 2 2 2 2 2 2 2 2 2 2 2 2 2 2 2 2 2 2 2 2 2 2 2
left_child=1 13 -3 4 5 6 7 10 15 -10 -2 -11 14 -1 -13 -5 17 -7 -18 -12 -21 24 -23 -24 25 26 27 28 -22 -27
right_child=3 2 -4 8 -6 16 -8 -9 9 11 19 12 -14 -15 -16 -17 18 -19 -20 20 21 22 23 -25 -26 29 -28 -29 -30 -31
leaf_value=0.0063835884414172404 0.018405275968672443 -0.017666888224544916 0.01703569890036152 0.03240451369068572 -0.0016472647922193375 -0.0070684959554130405 -0.011307426960496129 -0.0012932418630594513 -0.02004783422044671 0.02245159164525928 0.02155013724058634 -0.057353302411053457 0.054589466142796375 -0.035261865900392396 -0.00031301411405211489 -0.47032270970457457 -0.0018158531649480497 0.013445378945773865 0.016620477412819086 -0.0029216013572391439 -0.0024079740706308872 0.0053305379793040213 -0.0020739762215161183 0.0026095486873727773 0.0093027717330994245 0.017762194297275623 0.011945781667712553 -0.0096648026856694276 0.027938730347680442 0.00064699460383417929
leaf_weight=82 327 27 23 151 26 37 22 32 24 54 67 23 27 34 30 32 55 197 1411 36 45 110 35 27 164 239 42 24 20 105
leaf_count=82 327 27 23 151 26 37 22 32 24 54 67 23 27 34 30 32 55 197 1411 36 45 110 35 27 164 239 42 24 20 105
internal_value=0.00210884 -0.0013253 -0.006 0.00227841 0.00250083 0.0025626 0.00179537 0.00193637 0.000307918 -0.00164557 0.00209911 -0.00022388 -0.0025 0.000689655 -0.00537736 0.00199454 0.00314706 0.00136752 0.00343111 0.00155361 0.00128099 0.00154747 -0.000523256 -0.00467742 0.00210485 0.00131579 -0.00148855 -0.00398876 -0.00115385 0.00238372
internal_weight=3528 166 50 3362 3021 2995 1295 1273 341 158 1241 134 80 116 53 183 1700 234 1466 914 847 811 172 62 639 475 131 89 65 344
internal_count=3528 166 50 3362 3021 2995 1295 1273 341 158 1241 134 80 116 53 183 1700 234 1466 914 847 811 172 62 639 475 131 89 65 344
is_linear=0
shrinkage=0.05


Tree=59
num_leaves=31
num_cat=0
split_feature=16 13 37 9 16 28 22 17 13 35 14 18 11 37 56 18 0 35 16 16 26 9 22 16 9 0 5 9 12 9
split_gain=0.791841 1.22272 0.586318 0.661197 0.803816 0.669301 1.08372 1.67659 0.74966 0.741084 0.632573 0.581378 0.732922 0.489195 0.450919 0.429399 0.55469 0.502966 0.388263 0.441573 0.497852 0.584078 0.772535 0.746198 0.79379 0.733881 0.794722 0.759874 0.398056 0.387938
threshold=1.1800000071525576 -0.1268571466207504 -0.53395000100135792 0.65877881646156322 0.49999998509883886 -0.66475000977516163 -1.0501999855041502 0.37500000000000006 -0.68200001120567311 -4.1225001811981192 0.22916666418313983 0.77733176946640026 0.10518197715282442 -1.0000000180025095e-35 2.6384999752044682 0.38417036831378942 0.45999999344348913 -0.61824998259544361 0.13999999687075618 0.21999999880790713 1.3640000224113467 0.24918745458126071 1.9897499680519106 0.25999999791383749 0.28240698575973516 0.4200000017881394 0.47499999403953558 0.59975022077560436 1.1126079559326174 0.085375923663377776
decision_type=2 2 2 2 2 2 2 2 2 2 2 2 2 2 2 2 2 2 2 2 2 2 2 2 2 2 2 2 2 2
left_child=2 11 3 4 5 6 8 -8 -1 -7 -6 12 -2 -4 15 16 -10 -17 -15 -20 21 22 -21 25 28 -23 27 -27 -25 -11
right_child=1 -3 13 -5 10 9 7 -9 14 29 -12 -13 -14 18 -16 17 -18 -19 19 20 -22 23 -24 24 -26 26 -28 -29 -30 -31
leaf_value=-0.00074293197182898269 0.000122917502003681 0.011071185029777943 0.012933337749777502 0.018345623493678336 -0.00063481995378123087 -0.17123225447272469 -0.00015467046012532105 -0.0089057469433238921 0.004507244767115625 -0.076989429811782084 0.017471084283463209 -0.0054062054712456613 -0.00060844035422211716 -0.073327063373912954 -0.63890873326780284 0.010209879400535185 -0.0053572260240284508 -0.00062637732829391713 0.017191160526576803 0.012918165456419712 0.01627893061999032 0.072694084671735534 -0.04719161432982584 -0.069358030275630728 0.011094196022365096 -0.1803090920467722 0.00018232563740742973 -0.0054524644300454851 8.2714368563626553e-05 0.017747401813623252
leaf_weight=20 55 97 517 111 29 26 36 20 45 33 164 20 32 38 21 118 21 29 411 766 276 21 20 20 273 35 35 27 33 179
leaf_count=20 55 97 517 111 29 26 36 20 45 33 164 20 32 38 21 118 21 29 411 766 276 21 20 20 273 35 35 27 33 179
internal_value=0.00189626 -0.00112745 0.00208183 0.000950704 0.000411606 -0.000565693 -0.00209677 -0.00839286 -0.000708661 0.00142857 0.00318653 -0.00481308 -0.00304598 0.00247168 8.54703e-05 0.000774648 -0.00257576 0.00227891 0.00210997 0.00220918 0.00181275 0.00138211 0.00220102 -6.75674e-05 0.00116564 -0.00347458 -0.00530928 -0.00870968 -0.00443396 0.00240566
internal_weight=3528 204 3324 852 741 548 310 56 254 238 193 107 87 2472 234 213 66 147 1955 1917 1506 1230 786 444 326 118 97 62 53 212
internal_count=3528 204 3324 852 741 548 310 56 254 238 193 107 87 2472 234 213 66 147 1955 1917 1506 1230 786 444 326 118 97 62 53 212
is_linear=0
shrinkage=0.05


Tree=60
num_leaves=31
num_cat=0
split_feature=0 37 13 18 2 53 14 18 50 51 18 13 5 8 12 20 18 18 16 46 51 51 11 11 22 28 11 2 46 13
split_gain=1.01481 0.764147 0.802193 1.10024 1.00927 0.85815 0.614943 1.12161 0.607157 0.770248 0.585779 0.846458 0.877097 0.68495 0.566765 0.544521 1.05695 0.621212 0.489372 0.405644 0.347466 0.669415 0.425249 0.463003 0.342227 0.449584 0.320112 0.617189 0.284512 0.309157
threshold=0.74000000953674328 -0.53395000100135792 -0.14111111313104627 0.39982716739177709 0.34999999403953558 2.7530000209808354 0.32916666567325598 0.55749839544296276 1.0000000180025095e-35 -0.34099999070167536 0.69464683532714855 -0.22000000625848767 0.42499999701976782 1.5000000000000002 4.4322006702423105 -0.62924998998641957 0.46396824717521673 0.56142964959144603 0.13999999687075618 -0.0074999998323619357 -3.6505000591278072 -3.2220000028610225 0.10518197715282442 0.04659977741539479 -1.6975499987602232 -1.4394000172615049 1.0000000180025095e-35 0.66999998688697826 -0.23350000381469724 -0.85111111402511586
decision_type=2 2 2 2 2 2 2 2 2 2 2 2 2 2 2 2 2 2 2 2 2 2 2 2 2 2 2 2 2 2
left_child=1 2 3 4 -1 15 14 -8 9 -4 18 12 13 -12 20 24 -17 -18 -3 -11 -2 -22 23 26 25 -5 27 -23 -29 -30
right_child=6 10 8 5 -6 -7 7 -9 -10 19 11 -13 -14 -15 -16 16 17 -19 -20 -21 21 22 -24 -25 -26 -27 -28 28 29 -31
leaf_value=-0.37085111268147997 0.0069164147086597924 -0.18249669791860709 -0.07080421912773481 0.012349605166169163 -0.00066926097185986697 -0.15761507702064748 0.0014878769665254159 -0.0068660482785646891 0.027541951113873964 -0.0065586785418953499 -0.0010838657544022458 0.00911068677084159 0.0022129629031187952 -0.0020215192988285472 -0.0028197805765013753 -0.0039535450364722733 0.023165657686149612 -0.0013999936243522717 0.01503434775529946 0.018132891398737683 -0.034740816924367479 -0.044259710540392135 0.015187553513590022 -0.0075312384961091971 0.01093194594233908 -0.0011716313677080342 0.028453340704741894 -0.0033090283754372805 -0.022777393956326719 0.0078477943620486931
leaf_weight=22 186 31 22 69 31 27 31 26 219 35 26 64 37 20 20 21 41 25 1962 46 23 23 86 20 95 25 33 27 21 177
leaf_count=22 186 31 22 69 31 27 31 26 219 35 26 64 37 20 20 21 41 25 1962 46 23 23 86 20 95 25 33 27 21 177
internal_value=0.00206388 0.00248048 0.0010177 -0.000617977 -0.00726415 0.000544555 0.000319465 -0.00464912 0.00282609 -0.000339806 0.00294393 -0.000102041 -0.00343373 -0.00804348 0.000779221 0.00137681 -0.00189655 0.00121212 0.00316859 0.00191358 0.00105705 0.000243903 0.000736434 -0.000149501 0.0028836 0.000744681 0.000373666 -0.000241935 0.000555556 0.00121212
internal_weight=3491 2818 678 356 53 303 673 57 322 103 2140 147 83 46 616 276 87 66 1993 81 596 410 387 301 189 94 281 248 225 198
internal_count=3491 2818 678 356 53 303 673 57 322 103 2140 147 83 46 616 276 87 66 1993 81 596 410 387 301 189 94 281 248 225 198
is_linear=0
shrinkage=0.05


Tree=61
num_leaves=31
num_cat=0
split_feature=16 10 8 0 18 27 27 47 56 47 51 0 45 56 9 8 9 10 3 51 35 37 37 47 2 8 14 35 18 10
split_gain=0.969069 1.40224 1.10625 0.547149 0.66764 0.593533 0.471033 0.463114 1.35815 0.48527 0.616002 1.40076 0.509091 0.437247 0.756914 0.733214 1.36924 0.53619 1.00361 0.483089 0.477747 0.446429 0.41957 0.386696 0.564504 0.368297 0.590105 0.531819 0.991472 0.343359
threshold=1.1800000071525576 -9.4762396812438947 1.6333333253860476 0.74000000953674328 0.72240000963211071 0.73979997634887706 0.020500000566244129 0.55961528420448314 -0.59150001406669606 1.4847347736358645 -4.2269999980926505 1.0199999809265139 -0.80141666531562794 -0.55900001525878895 0.34357824921607977 0.90000000596046459 0.20691534876823428 -9.6671671867370588 0.33302292227745062 0.53700000047683727 -0.51124998927116383 -0.94280001521110524 0.51899999380111705 0.13200212270021441 0.99177777767181408 0.83333334326744091 0.26250000298023229 0.15224999934434894 0.48206734657287603 -8.6465110778808576
decision_type=2 2 2 2 2 2 2 2 2 2 2 2 2 2 2 2 2 2 2 2 2 2 2 2 2 2 2 2 2 2
left_child=3 2 22 4 6 7 -1 8 -5 -9 -11 12 -12 14 15 19 -17 18 20 -8 -15 -18 -2 24 -10 -22 27 -27 -29 -19
right_child=1 -3 -4 5 -6 -7 13 9 23 10 11 -13 -14 17 -16 16 21 29 -20 -21 25 -23 -24 -25 -26 26 -28 28 -30 -31
leaf_value=0.014517395856798754 -0.0055290361872122789 0.0053863706907109196 -0.0026729857802656859 -0.017928970999324223 -0.0018569099771120765 0.0060634182548805465 0.020337673606006485 0.011773319791844076 -0.044692029879988743 0.0087117684586831123 -0.029233610374900684 -0.027336968148937171 0.011158659296904298 -0.0026928500929816594 0.021536171710853803 -0.011133234003597491 0.0086653521365892324 0.019968063286316118 -0.0091879087124567983 -0.15635700568745536 0.014795449447788706 -0.00044235301519074529 0.0031366949140348775 0.016710678848414786 0.0095939733231066929 0.0022230296008215757 0.01695041193214903 -0.015420639414767992 0.0031393776802807086 -0.067232367237918658
leaf_weight=1587 20 134 24 21 23 116 109 117 33 141 20 33 35 25 65 39 28 440 20 25 124 28 21 40 34 26 58 26 20 59
leaf_count=1587 20 134 24 21 23 116 109 117 33 141 20 33 35 25 65 39 28 440 20 25 124 28 21 40 34 26 58 26 20 59
internal_value=0.00210685 -0.00128141 -0.00730769 0.00231166 0.00261288 0.000932204 0.0026857 0.00014768 -0.00242187 0.00109827 -0.000240174 -0.00352273 0.00136364 0.00188645 0.000238095 -0.00111354 -0.00447368 0.00249373 0.000819398 0.00126866 0.00159498 0.000535714 -0.00231707 -0.000140187 -0.00246269 0.00224409 0.000384616 -0.00263889 -0.00586956 0.00349699
internal_weight=3491 199 65 3292 2702 590 2679 474 128 346 229 88 55 1092 294 229 95 798 299 134 279 56 41 107 67 254 130 72 46 499
internal_count=3491 199 65 3292 2702 590 2679 474 128 346 229 88 55 1092 294 229 95 798 299 134 279 56 41 107 67 254 130 72 46 499
is_linear=0
shrinkage=0.05


Tree=62
num_leaves=31
num_cat=0
split_feature=13 18 44 3 37 14 47 2 18 51 35 8 13 35 35 47 21 12 3 14 13 13 11 47 13 12 12 14 2 27
split_gain=1.09567 0.616214 0.970262 1.0525 2.19539 0.520955 0.452525 0.452174 0.449758 0.406038 0.653992 0.399726 0.715488 0.33257 0.530941 0.691569 1.02243 0.900065 0.577531 0.39585 0.392452 1.3859 0.510143 0.563223 0.509788 0.29581 0.323077 0.293689 0.839161 0.289485
threshold=-0.85111111402511586 0.62164199352264415 -10.499999999999998 0.25274377316236502 0.07869999855756761 0.079166669398546233 2.1581425666809086 0.53999999165534984 0.58161616325378429 -1.8190000057220457 -0.33475001156330103 0.36666667461395269 0.054666668176651008 3.1440000534057622 0.55175000429153453 0.64974510669708263 -0.41775000095367426 4.5560512542724618 0.33302292227745062 0.30416667461395269 -0.42933334410190577 -0.43400000035762781 0.29971756041049963 2.444411158561707 -0.59177777171134938 0.58842492103576671 0.39691367745399481 0.38750000298023229 0.34999999403953558 -0.29405000805854792
decision_type=2 2 2 2 2 2 2 2 2 2 2 2 2 2 2 2 2 2 2 2 2 2 2 2 2 2 2 2 2 2
left_child=5 8 3 9 -5 -1 -7 -6 13 10 -3 12 -4 14 20 16 -16 19 25 -18 21 22 23 -2 -24 26 -17 -13 -29 -22
right_child=1 2 11 4 7 6 -8 -9 -10 -11 -12 27 -14 -15 15 18 17 -19 -20 -21 29 -23 24 -25 -26 -27 -28 28 -30 -31
leaf_value=-0.026951212630969803 0.0099655470456294411 0.006578383719368786 -0.009150962328867902 -0.023871799909494743 -0.0026857633753085974 -0.0018943011253661785 0.0049845552374015792 0.0043903653127880865 0.018382018757837508 0.01354593377969758 -0.0064441290619281057 0.016524332471005574 0.060968017806405622 0.027210379369099272 -0.28000374247847082 0.03942062715291772 0.0060777721739562812 -0.0035011706970087264 -0.1362241770405038 -0.0009523386313735711 0.015112225231736562 -0.0070925368964201907 0.012688028817195119 -0.0040535157555023826 -0.0048618430422086873 0.02601891909744385 -0.024827464940431393 0.013803970926806356 -0.0018581673718841608 0.011339187007986315
leaf_weight=34 175 26 54 36 20 30 33 26 227 53 22 166 34 167 20 21 107 36 25 20 506 21 26 20 36 166 39 40 26 1279
leaf_count=34 175 26 54 36 20 30 33 26 227 53 22 166 34 167 20 21 107 36 25 20 506 21 26 20 36 166 39 40 26 1279
internal_value=0.00199227 0.00214202 0.000526839 -0.00237705 -0.00658537 -0.00324742 -0.000555555 0.000652174 0.00242304 0.0010396 -0.00229167 0.0021875 -0.000681818 0.00224099 0.00209652 0.000506913 -0.0018306 -0.000521472 0.00221116 0.00145669 0.00243093 0.000683453 0.00169261 0.00294872 -0.00225806 0.00300885 1.86265e-10 0.00327586 0.000454546 0.00270308
internal_weight=3491 3394 503 183 82 97 63 46 2891 101 48 320 88 2664 2497 434 183 163 251 127 2063 278 257 195 62 226 60 232 66 1785
internal_count=3491 3394 503 183 82 97 63 46 2891 101 48 320 88 2664 2497 434 183 163 251 127 2063 278 257 195 62 226 60 232 66 1785
is_linear=0
shrinkage=0.05


Tree=63
num_leaves=31
num_cat=0
split_feature=18 13 8 37 20 28 17 18 46 45 12 51 28 37 27 18 14 28 53 0 9 53 56 53 28 16 16 9 18 27
split_gain=0.848953 0.66668 0.969877 0.593952 0.814652 1.72323 0.691557 0.992641 0.753463 0.676675 0.474796 0.625567 0.907115 0.812077 0.666269 0.582907 0.639845 1.16863 0.473791 0.463965 0.48465 0.474457 0.602484 0.670635 0.443429 0.400585 0.368733 0.343324 0.466784 0.348705
threshold=0.77733176946640026 -0.3599999994039535 1.7666666507720949 1.1473500132560732 1.8575000166893008 0.65325000882148754 1.0000000180025095e-35 0.62164199352264415 -0.15799999982118604 -0.19124999642372129 0.97884228825569164 -0.61349999904632557 -0.17090000212192533 0.20645000040531161 -0.20074999332427976 0.56656664609909069 0.21249999850988391 -0.13255000114440915 0.38949999213218695 0.74000000953674328 0.56250992417335521 -3.7760000228881831 -0.20349999517202375 -0.80050000548362721 -0.39620000123977656 0.13999999687075618 0.25999999791383749 0.39955301582813268 0.39070588350296026 0.020500000566244129
decision_type=2 2 2 2 2 2 2 2 2 2 2 2 2 2 2 2 2 2 2 2 2 2 2 2 2 2 2 2 2 2
left_child=1 2 3 4 6 -6 -1 10 -9 -10 18 14 -13 -14 15 16 17 -12 -8 20 25 -21 23 24 -23 -3 -20 29 -29 -27
right_child=-2 19 -4 -5 5 -7 7 8 9 -11 11 12 13 -15 -16 -17 -18 -19 26 21 -22 22 -24 -25 -26 27 -28 28 -30 -31
leaf_value=0.012585832785311411 -0.0039463526800885126 -0.79265900272442491 -0.00097914983180471355 0.021710976002704004 0.036081691078386179 -0.043338850422958979 0.012681131225439252 -0.044806098110175399 0.0030027425279998301 -0.00071486907282395772 -0.0071395534430162269 -0.0073242070694326273 0.01239632404395383 -0.0085232263836450394 0.0088584354802153115 0.0014190720605569218 0.01165423657501199 0.012358299103050223 0.069804474651427528 0.020732409147084019 0.015240307461052642 -0.005234890412228816 0.0050691277561341844 -0.0077369492979554068 0.01039100926857809 0.014340172026890453 -0.0039921455449277018 -0.0056386309881679654 0.0061811072177234139 0.0075433754277804757
leaf_weight=94 38 21 20 151 25 21 216 28 43 34 22 33 45 24 96 27 25 29 29 44 336 20 107 21 43 1005 38 35 93 728
leaf_count=94 38 21 20 151 25 21 216 28 43 34 22 33 45 24 96 27 25 29 29 44 336 20 107 21 43 1005 38 35 93 728
internal_value=0.00190633 0.00198813 0.0009 0.00112245 0.000597105 -0.00586956 0.000977012 0.000428157 -0.00404762 -0.00149351 0.00123288 -0.000149501 -0.00333333 -7.24636e-05 0.00148241 -0.00131068 -0.00355263 -0.00676471 0.00270318 0.00243172 0.00265555 0.000319149 -0.000759162 -0.00392857 -0.00134921 0.00234325 -0.000970149 0.00242074 -7.81248e-05 0.00260531
internal_weight=3491 3453 1000 980 829 46 783 689 105 77 584 301 102 69 199 103 76 51 283 2453 2218 235 191 84 63 1882 67 1861 128 1733
internal_count=3491 3453 1000 980 829 46 783 689 105 77 584 301 102 69 199 103 76 51 283 2453 2218 235 191 84 63 1882 67 1861 128 1733
is_linear=0
shrinkage=0.05


Tree=64
num_leaves=31
num_cat=0
split_feature=18 44 5 12 3 9 53 35 12 11 12 46 12 44 9 13 0 11 4 12 20 20 36 45 35 36 18 18 51 0
split_gain=0.845685 0.512046 0.582427 1.1824 2.20701 0.749092 0.48528 0.502312 0.496915 0.469351 0.457619 0.391915 0.642257 1.0602 0.835939 1.08 0.596462 0.471342 0.425169 0.524385 0.539546 0.384933 0.569866 1.37231 0.587062 0.378778 0.398289 0.685397 1.23959 1.15227
threshold=0.77733176946640026 -11.499999999999998 0.47499999403953558 4.5274198055267343 0.27582278847694403 0.16814770549535754 -2.3854999542236324 -0.33475001156330103 2.7231107950210576 0.21668267250061038 0.42230658233165747 -0.1298333331942558 0.49059270322322851 -8.4999999999999982 0.23373422771692279 -0.28599999845027918 0.62000000476837169 0.20228750258684161 0.1799999997019768 1.9650506973266604 0.38400000333786016 -0.80125001072883595 -0.18050000071525571 -0.32991667091846461 -0.052750000730156892 -0.52125000953674305 0.48570899665355688 0.44940739870071417 -0.2609999924898147 0.45999999344348913
decision_type=2 2 2 2 2 2 2 2 2 2 2 2 2 2 2 2 2 2 2 2 2 2 2 2 2 2 2 2 2 2
left_child=1 2 3 5 9 10 7 8 -4 -5 -1 12 -3 14 15 -14 18 -16 19 -15 -21 -7 23 -23 -24 -13 27 -27 29 -29
right_child=-2 11 6 4 -6 21 -8 -9 -10 -11 -12 25 13 16 17 -17 -18 -19 -20 20 -22 22 24 -25 -26 26 -28 28 -30 -31
leaf_value=0.0031509338191167955 -0.0037490350460840853 0.022623167540564766 0.0017416787904993597 0.001235221711235829 -0.011541408165630916 0.0053411308873721535 0.013474683515765189 0.014182826697090332 -0.017477539318833928 -0.0053531982303383239 -0.057380575912707316 0.019485941928384553 -0.1359554519080127 -0.20950406423657128 0.011301629388074094 0.016264346953230473 -0.07739745488430011 -0.00079449249110397676 0.019382856247737969 0.014211106365705373 -0.0056028431634860074 0.011263921316305015 -0.0022261882892456188 -0.0069750218693952863 0.013876569529449927 0.0092028119540801603 0.015049305458564664 -0.016823256277744902 0.0091291832160814591 -0.0069597296386758895
leaf_weight=25 38 237 38 32 23 77 246 53 20 29 35 350 30 20 25 20 29 26 167 62 35 39 28 22 116 667 879 24 79 20
leaf_count=25 38 237 38 32 23 77 246 53 20 29 35 350 30 20 25 20 29 26 167 62 35 39 28 22 116 667 879 24 79 20
internal_value=0.00189201 0.00197365 0.000849298 -0.000399061 -0.00571429 0.000906433 0.00233894 -0.000405405 -0.00362069 -0.000737705 -0.00416667 0.00230337 0.00123656 4.83094e-05 -0.00440594 -0.009 0.00148562 9.80394e-05 0.0021831 -0.000128205 0.00139175 0.00198582 0.000853659 -0.00319672 0.00256944 0.00264735 0.00233373 0.00151899 -0.00191057 -0.00863636
internal_weight=3491 3453 783 426 84 342 357 111 58 61 60 2670 651 414 101 50 313 51 284 117 97 282 205 61 144 2019 1669 790 123 44
internal_count=3491 3453 783 426 84 342 357 111 58 61 60 2670 651 414 101 50 313 51 284 117 97 282 205 61 144 2019 1669 790 123 44
is_linear=0
shrinkage=0.05


Tree=65
num_leaves=31
num_cat=0
split_feature=4 45 27 18 28 37 4 49 27 51 16 13 13 27 21 21 56 37 28 28 22 13 16 18 12 37 22 22 18 13
split_gain=0.90549 0.626358 0.846896 0.938492 0.660019 2.04678 0.49963 0.417257 0.899613 0.816042 1.00222 0.846446 0.987969 0.82726 0.685994 0.546653 0.680169 0.478591 0.506818 1.61399 0.794948 0.76257 0.84349 0.4 0.397968 1.04593 0.377219 0.520615 0.720261 0.47093
threshold=0.71999999880790722 -1.0559999942779539 0.45995000004768377 0.49568253755569464 0.10864999890327455 1.1473500132560732 1.1399999856948855 1.0000000180025095e-35 -2.3027000427246089 0.16449999809265139 0.93999999761581432 -0.061111111193895333 -0.031555556692183011 0.0054500000551342973 -1.1182999610900877 -0.032600000500679009 -3.2489999532699581 -1.4114499688148496 -0.19645000249147412 -0.31659999489784235 -0.31125000119209284 -0.38533332943916315 0.38000001013278967 0.44573332369327551 3.2205183506011967 -0.45889998972415919 0.59970000386238109 0.75679999589920055 0.48380808532238012 -0.29199999570846552
decision_type=2 2 2 2 2 2 2 2 2 2 2 2 2 2 2 2 2 2 2 2 2 2 2 2 2 2 2 2 2 2
left_child=7 -2 3 23 6 -6 -5 15 -9 10 11 14 -13 -14 -10 -1 -17 -18 19 21 -21 22 -19 -3 -16 -26 -11 28 -28 -29
right_child=1 2 -4 4 5 -7 -8 8 9 26 -12 12 13 -15 24 16 17 18 -20 20 -22 -23 -24 -25 25 -27 27 29 -30 -31
leaf_value=0.011784616216950164 0.0042067147307939855 -0.047239696430305823 0.0090778278197051979 0.0074778716705928856 -0.0091939812335689458 0.027220919869167089 -0.0072400373915356454 -0.066402839869848837 -0.003090632126705272 0.013883113654687565 -0.0038181687626589926 -0.23448571621581343 0.01038588633062747 -0.0031756381774978651 0.016574559236546885 -0.0064669746315880938 0.015612195246569037 0.02381778786068468 0.012450164233068189 -0.0026769559179554716 -0.72345340822867854 0.011535205931056339 -0.0024476352653504535 -0.031118443966972626 -0.011235590848231804 0.006681539826919697 -0.094360233600945864 -0.0005113409269722727 0.013272300492671238 0.011861015909201571
leaf_weight=782 141 20 52 149 38 25 26 33 20 386 22 22 62 25 187 33 124 33 589 20 21 179 31 20 24 64 29 111 24 236
leaf_count=782 141 20 52 149 38 25 26 33 20 386 22 22 62 25 187 33 124 33 589 20 21 179 31 20 24 64 29 111 24 236
internal_value=0.0014144 -0.000626327 -0.00181818 -0.00291367 -0.00172269 -0.00611111 -0.000142857 0.00172882 0.0010241 0.00124587 -0.000516432 4.95051e-05 -0.0037156 -0.00132184 0.00144068 0.00221302 0.00145631 0.00169007 0.00127721 -0.000457746 -0.00963415 0.00109054 -0.00359375 -0.01 0.00209091 -0.000681818 0.00220102 0.001125 -0.00349057 0.00182997
internal_weight=3528 471 330 278 238 63 175 3057 1245 1212 426 404 109 87 295 1812 1030 997 873 284 41 243 64 40 275 88 786 400 53 347
internal_count=3528 471 330 278 238 63 175 3057 1245 1212 426 404 109 87 295 1812 1030 997 873 284 41 243 64 40 275 88 786 400 53 347
is_linear=0
shrinkage=0.05


Tree=66
num_leaves=31
num_cat=0
split_feature=13 12 10 17 35 11 46 21 27 9 8 27 21 44 10 36 12 49 10 14 14 13 13 36 10 48 47 2 21 27
split_gain=0.92772 0.818458 0.764003 0.927065 0.733222 0.567936 0.960585 0.690374 1.06187 0.989944 0.941403 0.808804 0.803119 1.11383 1.0077 0.715505 0.536941 0.511906 1.2303 2.8768 1.40697 0.621682 0.749129 0.688992 0.599401 0.915751 0.500433 0.473635 0.462963 0.38961
threshold=-0.29199999570846552 0.19811055809259417 -9.0732021331787092 0.29166667163372045 0.11724999919533731 0.049376444891095168 0.24850000441074374 0.11865000054240228 0.45995000004768377 0.3570170551538468 0.63333335518836986 -0.099649999290704713 -0.80555000901222218 -11.499999999999998 -11.052070140838621 0.20780000090599063 1.1126079559326174 1.0000000180025095e-35 -9.6603736877441388 0.39583334326744085 0.062500001862645163 -0.06955555826425551 0.12900000065565112 -0.26899999380111689 -11.003641128540037 1.0000000180025095e-35 0.45101319253444677 1.3240000009536745 -0.45870000123977656 1.0715000033378603
decision_type=2 2 2 2 2 2 2 2 2 2 2 2 2 2 2 2 2 2 2 2 2 2 2 2 2 2 2 2 2 2
left_child=2 4 5 16 27 -1 7 11 9 10 -9 12 -7 14 -14 -12 -4 -3 19 21 -20 -19 23 -23 -25 -26 -10 -2 -15 -28
right_child=1 17 3 -5 -6 6 -8 8 26 -11 15 -13 13 28 -16 -17 -18 18 20 -21 -22 22 -24 24 25 -27 29 -29 -30 -31
leaf_value=0.0034884372474342264 0.012637063941169965 0.012982971359691382 0.046119837049649823 -0.037868091018976702 -0.7726123439964474 0.0052761358681616705 0.018000093818148464 -0.00047135733550602291 -0.0040221121573761672 -4.8260198102424713e-06 -0.0057032615490680005 0.012426975859251626 -0.0076170877043728854 0.016231527440793904 -0.015517034477248927 -0.010266281488527922 -0.0059756842295837715 0.0088128910634032009 -0.22966741907290045 -0.0036903288898223266 0.015371623949134447 0.013046524530011518 0.013334932026960298 0.010873807563319286 -0.24127843022487847 -0.0066590389906130828 0.013083245591452547 -0.0026917740414922654 -0.0026988555276080926 -0.0012163709968423062
leaf_weight=696 302 996 45 36 21 53 110 20 33 29 21 79 21 27 25 20 21 169 20 21 507 25 28 22 26 30 42 21 27 35
leaf_count=696 302 996 45 36 21 53 110 20 33 29 21 79 21 27 25 20 21 169 20 21 507 25 28 22 26 30 42 21 27 35
internal_value=0.00137188 0.0020064 0.000335821 -0.00382353 -0.000232558 0.000678514 -0.000535055 -0.00159722 -0.00375 -0.00777778 -0.0113934 0.000258621 -0.00186274 -0.0045 -0.0102174 -0.0157317 -0.00030303 0.00242408 0.00152123 -0.000919003 0.00300759 0.000333334 -0.00225191 -0.0042233 -0.00653846 -0.00928571 -0.000454545 0.000356037 0.000370371 0.00175325
internal_weight=3528 2188 1340 102 344 1238 542 432 200 90 61 232 153 100 46 41 66 1844 848 321 527 300 131 103 78 56 110 323 54 77
internal_count=3528 2188 1340 102 344 1238 542 432 200 90 61 232 153 100 46 41 66 1844 848 321 527 300 131 103 78 56 110 323 54 77
is_linear=0
shrinkage=0.05


Tree=67
num_leaves=31
num_cat=0
split_feature=4 18 37 45 21 9 9 49 10 15 17 20 21 18 53 37 56 20 2 1 21 44 21 18 28 28 56 12 18 18
split_gain=0.899332 0.64487 0.562054 0.594345 1.17833 0.509986 0.569763 0.468643 0.660111 1.28476 1.07244 1.27482 0.949163 0.845181 1.15227 0.673114 0.616301 0.769007 0.466785 0.418527 0.509972 0.744828 0.41794 0.400758 0.386011 0.399882 0.376762 0.4 0.378839 0.344718
threshold=0.71999999880790722 0.77733176946640026 1.5494000315666201 -1.0775833725929258 -0.54690000414848317 0.58453398942947399 0.54376775026321422 1.0000000180025095e-35 -9.6603736877441388 0.56666669249534618 0.54166665673255932 0.68700000643730175 0.042900001630187042 0.44034522771835333 0.79700002074241649 -0.85539999604225148 -2.4239999055862422 2.4307500123977666 1.3339999914169314 0.47499999403953558 0.095599997788667693 -10.499999999999998 0.46795000135898596 0.54225748777389537 1.402199983596802 1.6584500074386599 -5.2204999923706046 0.36412748694419866 0.7278108298778535 0.59042423963546764
decision_type=2 2 2 2 2 2 2 2 2 2 2 2 2 2 2 2 2 2 2 2 2 2 2 2 2 2 2 2 2 2
left_child=1 5 3 -2 -5 6 7 26 10 24 15 12 -12 14 -11 23 -17 -18 19 22 21 -21 -6 -9 -10 -26 27 -1 29 -28
right_child=2 -3 -4 4 18 -7 -8 8 9 13 11 -13 -14 -15 -16 16 17 -19 -20 20 -22 -23 -24 -25 25 -27 28 -29 -30 -31
leaf_value=0.044342273193319577 0.0049923919783405948 -0.0019679303648823558 0.014624142103090321 -0.078713833156563398 0.019046412059797693 0.011054046467899497 -0.0093365440349836033 -0.05743181719864713 0.014597922598273548 -0.21818404811925546 0.0015482121899355402 -0.012641612013994158 -0.0044654178053041985 0.0099364499490669569 0.0036396626593879948 -0.32298258874363822 0.010100799053851821 -0.0029009701512572057 -0.0078481512963481711 -0.0065196066738369557 0.0033521131858637908 -0.0076572818311685144 -0.00066407801602403292 7.829992150885386e-05 -0.034448535380710847 0.01139858651643955 0.0094642177509622408 -0.17152710804875346 -0.00092202491344147645 0.01578954760676736
leaf_weight=20 126 21 42 30 97 429 29 24 482 20 33 21 24 41 24 21 261 35 23 27 46 60 20 20 23 75 1250 20 22 162
leaf_count=20 126 21 42 30 97 429 29 24 482 20 33 21 24 41 24 21 261 35 23 27 46 60 20 20 23 75 1250 20 22 162
internal_value=0.00151361 0.00182695 -0.00052017 -0.00106061 -0.00226073 0.00188735 0.00162447 0.00170287 0.000923913 0.00191729 -0.000580865 -0.00589744 -0.00201754 -0.00382353 -0.00863636 0.000567867 0.00137224 0.00195946 -0.00122711 -0.0006 -0.0025188 -0.00477011 0.0015812 -0.00522727 0.00275862 -0.000102041 0.0022863 -0.0025 0.0024198 0.00252125
internal_weight=3528 3057 471 429 303 3036 2607 2578 1104 665 439 78 57 85 44 361 317 296 273 250 133 87 117 44 580 98 1474 40 1434 1412
internal_count=3528 3057 471 429 303 3036 2607 2578 1104 665 439 78 57 85 44 361 317 296 273 250 133 87 117 44 580 98 1474 40 1434 1412
is_linear=0
shrinkage=0.05


Tree=68
num_leaves=31
num_cat=0
split_feature=18 16 3 14 10 10 45 16 44 44 18 44 28 14 16 10 26 28 18 18 12 17 22 46 44 2 10 46 14 46
split_gain=1.04672 0.70561 1.71691 1.64135 1.99341 1.40695 1.52106 0.508403 0.495219 0.892877 0.473765 0.524211 0.814075 0.460855 1.61696 0.809446 0.856171 2.55394 0.92801 0.951452 0.58921 0.604571 1.19452 0.519067 0.484979 0.848529 0.52987 0.425306 0.415932 0.380681
threshold=0.62164199352264415 0.34000000357627874 0.242978610098362 0.079166669398546233 -11.518632411956785 -9.6671671867370588 -0.16674999892711637 0.85999998450279247 -12.499999999999998 -14.499999999999998 0.59525185823440563 -19.499999999999996 0.25150001049041754 0.15416666865348819 0.1799999997019768 -10.497631072998045 -1.421000003814697 -0.60830000042915333 0.38417036831378942 0.20960185676813128 3.7208272218704228 0.29166667163372045 0.45564998686313635 -0.17599999904632566 -6.4999999999999991 0.53999999165534984 -8.6465110778808576 -0.41716666519641871 0.42083333432674414 0.14666666835546496
decision_type=2 2 2 2 2 2 2 2 2 2 2 2 2 2 2 2 2 2 2 2 2 2 2 2 2 2 2 2 2 2
left_child=7 3 29 4 -2 6 -4 10 9 -5 11 12 -1 20 -15 16 -16 -18 19 -19 21 -13 24 -20 25 -23 -26 -17 -29 -3
right_child=1 2 5 8 -6 -7 -8 -9 -10 -11 -12 13 -14 14 15 27 17 18 23 -21 -22 22 -24 -25 26 -27 -28 28 -30 -31
leaf_value=0.0032751309555997922 0.04844914175499547 0.0051522544492198317 -0.00061214438474238412 0.0031375893897655858 -0.16572952456070703 -0.001266215908286237 -0.020157321813288085 0.012570136114077569 0.013160779030130377 -0.00089404735123103745 0.022330519140336614 0.013507183426277984 -0.55254718138327275 -0.50540661892505134 0.037837738138689625 -0.069320578687410858 -0.004218756377707333 0.0042684148658961524 -0.0059021552982364452 -0.012234092499456905 0.012031730671734188 -0.14632301692183422 -0.20727484571329269 0.0064213683197190943 0.012762899367166248 0.029417835140839656 -0.0040421096076643254 0.0092613842297283849 -0.00056055030421774457 -0.00056565314682409439
leaf_weight=47 22 107 41 50 21 93 22 363 161 21 142 700 22 28 41 34 27 21 25 20 217 22 20 102 68 23 42 977 27 22
leaf_count=47 22 107 41 50 21 93 22 363 161 21 142 700 22 28 41 34 27 21 25 20 217 22 20 102 68 23 42 977 27 22
internal_value=0.00135771 -0.000625 -0.00236842 0.00118182 -0.0077907 -0.00589744 -0.0116667 0.00173181 0.00284483 -0.000633803 0.00148752 0.00132562 -0.00297101 0.00144946 0.000814132 0.00107535 -0.0015678 -0.00294872 -0.000654762 -0.00719512 0.00220696 0.00162857 -0.001 0.00145669 0.000483871 -0.00388889 0.00227273 0.0016763 0.00186255 0.00189922
internal_weight=3528 560 285 275 43 156 63 2968 232 71 2605 2463 69 2394 1302 1274 236 195 168 41 1092 875 175 127 155 45 110 1038 1004 129
internal_count=3528 560 285 275 43 156 63 2968 232 71 2605 2463 69 2394 1302 1274 236 195 168 41 1092 875 175 127 155 45 110 1038 1004 129
is_linear=0
shrinkage=0.05


Tree=69
num_leaves=31
num_cat=0
split_feature=18 18 0 9 18 0 21 16 21 26 9 35 9 45 45 26 35 1 46 22 17 12 12 46 2 21 36 45 5 0
split_gain=0.787868 0.910728 0.595238 0.572082 0.560485 0.540205 0.649462 0.688431 0.677465 0.660183 0.977508 0.64586 0.629855 0.721123 1.19908 0.742022 0.849443 1.18615 1.04771 0.805921 0.641618 0.633495 0.975238 0.554651 0.546104 0.614138 0.464385 0.453136 0.407836 1.19106
threshold=0.72240000963211071 0.72892838716506969 0.70000001788139354 1.1008676886558535 0.77733176946640026 0.34000000357627874 -0.48395000398159022 0.21999999880790713 0.97380000352859508 0.95524999499320995 0.18789400160312655 -1.3037499785423277 0.14319659024477008 -0.14983333647251126 -0.057083332911133759 1.2707499861717226 0.42674998939037329 0.47499999403953558 -0.033166667446494096 1.0000000180025095e-35 0.29166667163372045 2.9609140157699589 3.5137710571289067 -0.23650000244379041 0.24511111527681353 -0.15619999915361402 -1.0128499865531919 1.106666684150696 0.32500000298023229 0.45999999344348913
decision_type=2 2 2 2 2 2 2 2 2 2 2 2 2 2 2 2 2 2 2 2 2 2 2 2 2 2 2 2 2 2
left_child=3 2 -2 5 -3 11 27 9 12 -8 -11 24 -9 21 -15 16 19 -18 -19 28 -20 26 -23 -24 25 -1 -14 -7 -16 -30
right_child=1 4 -4 -5 -6 6 7 8 -10 10 -12 -13 13 14 15 -17 17 18 20 -21 -22 22 23 -25 -26 -27 -28 -29 29 -31
leaf_value=-0.15672568272477158 -0.00014109456331001108 0.0031315024072803357 -0.020555137147736335 0.012132791132727638 -0.0023415422844992556 0.009681183759233011 0.020745909017908033 0.0071627556766109372 0.0091504526005711777 -0.11899212739250493 0.011077019932543085 0.011939676712095441 -0.1070643373702565 -0.0039712659571713594 4.7001060164151777e-05 0.025506613396919856 0.018466305582452325 -0.0053874982510406823 -0.001417432340278683 0.011280895922937991 -0.092670696878990266 -0.0075144576129313398 -0.0014721197832359334 0.0078689477283880559 0.030859955507378752 0.020666632248919931 0.006701049876648638 -0.16021386106453889 -0.010212647379634662 -0.0060073837446974086
leaf_weight=32 21 125 21 200 40 448 262 146 184 23 31 935 27 38 123 75 26 21 37 47 23 25 31 119 60 34 254 21 23 76
leaf_count=32 21 125 21 200 40 448 262 146 184 23 31 935 27 38 123 75 26 21 37 47 23 25 31 119 60 34 254 21 23 76
internal_value=0.00147109 -0.00152174 -0.00809524 0.00165763 0.000151515 0.00149151 0.00101942 0.000537398 1.9608e-05 0.00262658 -0.00240741 0.00240811 -0.000453712 -0.000925926 -0.00225971 -0.00154102 -0.00244681 -0.00621495 -0.00919753 -0.000947955 -0.00583333 0.000504386 -0.00185714 -0.000333333 -0.000952381 -0.00409091 0.00197509 0.00265458 -0.00220721 -0.00459596
internal_weight=3528 207 42 3321 165 3121 2060 1591 1275 316 54 1061 1091 945 489 451 376 107 81 269 60 456 175 150 126 66 281 469 222 99
internal_count=3528 207 42 3321 165 3121 2060 1591 1275 316 54 1061 1091 945 489 451 376 107 81 269 60 456 175 150 126 66 281 469 222 99
is_linear=0
shrinkage=0.05


Tree=70
num_leaves=31
num_cat=0
split_feature=18 22 18 8 6 13 2 26 44 12 13 4 9 14 18 26 35 8 13 9 11 47 9 9 8 22 18 27 20 17
split_gain=0.983756 0.683239 1.0005 1.13495 1.0878 1.46003 0.986384 0.669713 0.490415 0.873189 0.389612 0.637575 0.563754 0.8625 1.37143 0.615412 1.19457 1.06856 0.442112 0.527162 0.417857 0.625 0.397253 1.02431 0.474717 0.527481 0.989588 0.734808 0.539683 0.379325
threshold=0.62164199352264415 0.0090499999932944792 0.63114285469055187 1.0333333611488345 0.90000000596046459 -0.34733332693576807 1.3240000009536745 -0.53949999809265126 -3.4999999999999996 0.19811055809259417 -0.058000000193715089 0.25999999791383749 0.10808568820357324 0.33750000596046453 0.45558889210224157 0.7852500081062318 0.54275000095367443 1.1000000238418581 -0.32600000500679011 0.11998809128999711 -0.10644736513495444 0.59645867347717296 0.31130495667457586 0.32909017801284796 0.56666669249534618 1.0629000067710879 0.58593648672103893 -0.12245000153779982 0.58300000429153453 0.12500000372529033
decision_type=2 2 2 2 2 2 2 2 2 2 2 2 2 2 2 2 2 2 2 2 2 2 2 2 2 2 2 2 2 2
left_child=8 2 -2 6 5 7 -4 -5 10 29 11 12 -1 15 -15 16 17 -14 19 -13 21 -20 -21 -24 -25 26 27 -26 -29 -10
right_child=1 -3 3 4 -6 -7 -8 -9 9 -11 -12 18 13 14 -16 -17 -18 -19 20 22 -22 -23 23 24 25 -27 -28 28 -30 -31
leaf_value=0.015159048123035061 -0.079452025855321781 0.0026080571077276055 0.01201781009492961 0.0010474158272170582 0.005355787589891612 -0.005246582932767252 -0.0092174222760576918 -0.01461549664107608 0.047197248768299865 0.010765635117291061 0.022077529630756192 -0.070377494139125155 0.0091392584729885051 0.031864944921736284 -0.098015144429062645 0.016749012190489413 -0.010492607355907206 -0.015847376217731784 0.011286543455524481 0.0070742294154796381 0.014485419934192985 -0.022524584992931501 -0.0051718151500259784 0.018258848564647823 -0.0016486221786495101 0.01840699061313204 -0.0059012121533675074 0.010811383313525465 -0.0027978178464068667 -0.0028895857646889815
leaf_weight=113 38 229 146 25 21 27 30 26 31 1060 97 22 173 20 28 87 32 28 20 544 262 20 23 53 23 61 20 51 21 193
leaf_count=113 38 229 146 25 21 27 30 26 31 1060 97 22 173 20 28 87 32 28 20 544 262 20 23 53 23 61 20 51 21 193
internal_value=0.00160897 -0.000350553 -0.00186901 -0.000818182 -0.00510101 -0.00782051 0.00159091 -0.00284314 0.00196512 0.00270249 0.00140754 0.00122111 -0.000301455 -0.00125 -0.0075 -0.0003125 -0.00165236 -0.00022388 0.001875 0.00127139 0.00350993 -0.00125 0.00148241 -0.00015873 0.000851529 -0.000397727 -0.0023913 -0.000263158 0.00222222 -0.000133928
internal_weight=3524 542 313 275 99 78 176 51 2982 1284 1698 1601 481 368 48 320 233 201 1120 818 302 40 796 252 229 176 115 95 72 224
internal_count=3524 542 313 275 99 78 176 51 2982 1284 1698 1601 481 368 48 320 233 201 1120 818 302 40 796 252 229 176 115 95 72 224
is_linear=0
shrinkage=0.05


Tree=71
num_leaves=31
num_cat=0
split_feature=16 20 13 50 2 10 9 14 9 0 12 13 16 28 14 9 11 28 0 56 46 56 51 8 56 22 12 0 28 53
split_gain=0.931045 1.61638 0.764206 1.06493 0.907006 0.653333 0.550075 0.480847 0.462349 0.458406 0.660007 0.75 0.65232 0.818295 0.57344 0.834282 0.696582 0.657295 0.644089 1.66289 0.647101 0.44821 0.841236 0.424291 0.379001 0.331375 0.755541 0.79144 0.922451 0.710062
threshold=1.1800000071525576 -0.73149999976158131 -0.24199999868869779 1.0000000180025095e-35 1.3240000009536745 -9.6243691444396955 1.1008676886558535 0.36249999701976782 0.25716295838356024 0.34000000357627874 5.4587614536285409 -0.22999999672174451 0.21999999880790713 0.81264999508857738 0.23749999701976779 0.27033592760562902 0.55351346731185924 0.55404999852180492 1.060000002384186 -3.2489999532699581 -0.21683333069086072 -1.2425000071525572 -0.17650000005960462 2.0333333015441899 0.65749999880790722 0.49170000851154333 0.59273695945739757 0.4200000017881394 1.0736000537872317 0.82800000905990612
decision_type=2 2 2 2 2 2 2 2 2 2 2 2 2 2 2 2 2 2 2 2 2 2 2 2 2 2 2 2 2 2
left_child=6 -2 3 5 -4 -3 7 8 25 -10 12 -12 -11 14 15 -14 18 24 19 -17 -21 -22 -23 -9 -16 -1 27 28 29 -27
right_child=1 2 4 -5 -6 -7 -8 23 9 10 11 -13 13 -15 17 16 -18 -19 -20 20 21 22 -24 -25 -26 26 -28 -29 -30 -31
leaf_value=0.010594312931457808 -0.0057801962689093891 -0.0065794504933391401 0.020155217928953126 0.0042543162557938359 -0.00092659569930411429 -0.0020899386564970312 0.016348663880673249 0.0073341308026709465 0.0093021037858752979 0.017871387874004243 -0.007390282210675482 0.0019600173335676276 -0.021172199576264865 0.0079836165708140408 0.0010198439847582588 -0.028443510907126875 0.0032206919672857527 -0.18497200784183426 0.0067562955027416112 0.021206635713133963 0.0038523222480156233 -0.0032186280780070174 -0.0078625877430235133 -0.00054687952661359941 -0.0022708284250346098 -0.16224964221734559 0.010499653138375149 0.017749022268441588 -0.21883884221340122 0.046892370660923111
leaf_weight=1367 24 20 87 23 22 30 195 292 147 147 24 24 20 197 198 20 32 25 23 26 31 21 94 27 20 22 239 74 24 29
leaf_count=1367 24 20 87 23 22 30 195 292 147 147 24 24 20 197 198 20 32 25 23 26 31 21 94 27 20 22 239 74 24 29
internal_value=0.00170829 -0.0015534 5.49452e-05 -0.00390411 0.00270642 -0.008 0.00191079 0.00174992 0.00154066 0.0007102 0.000288249 -0.00541667 0.000608899 -2.12162e-05 -0.00107843 -0.0026779 -0.00188259 0.000679013 -0.00290698 -0.00385417 -0.00226744 -0.00356164 -0.005 0.00358934 0.00155963 0.00203704 0.000747423 -0.00204698 -0.00566667 -0.00186274
internal_weight=3524 206 182 73 109 50 3318 3123 2804 1049 902 48 854 707 510 267 247 243 215 192 172 146 115 319 218 1755 388 149 75 51
internal_count=3524 206 182 73 109 50 3318 3123 2804 1049 902 48 854 707 510 267 247 243 215 192 172 146 115 319 218 1755 388 149 75 51
is_linear=0
shrinkage=0.05


Tree=72
num_leaves=31
num_cat=0
split_feature=2 9 18 44 51 47 0 14 10 18 8 9 9 51 0 17 37 56 18 26 49 0 16 11 2 0 21 53 10 20
split_gain=0.874989 0.623542 0.67103 0.451126 0.444752 1.01871 0.536611 0.436878 0.496053 0.607235 1.19654 0.523099 0.360882 0.748242 0.789055 0.783384 0.391507 0.359236 0.452875 1.15783 1.3913 0.608297 0.324172 0.320138 0.285926 0.391605 0.277126 0.721794 0.255349 0.257422
threshold=1.3240000009536745 1.1008676886558535 0.77733176946640026 -3.4999999999999996 0.80349999666214 0.44219012558460241 0.25999999791383749 0.012500000651925804 -9.3615336418151838 0.27511110901832586 1.2333333492279055 0.12809187918901446 0.4437465518712998 -0.46850000321865076 1.060000002384186 0.20833333581686023 0.72894999384880077 2.2964999675750737 0.5656111240386964 0.28875000774860388 1.5000000000000002 0.38000001013278967 1.3799999952316286 -0.59098750352859486 0.43199999630451208 0.58000001311302196 -1.2205500006675718 -2.7979999780654903 -9.0937318801879865 -1.1752499938011167
decision_type=2 2 2 2 2 2 2 2 2 2 2 2 2 2 2 2 2 2 2 2 2 2 2 2 2 2 2 2 2 2
left_child=1 2 3 4 12 -6 -7 24 9 10 11 -9 22 14 15 16 -14 18 21 -20 -21 -8 26 -15 -5 -26 27 -1 29 -28
right_child=-2 -3 -4 7 5 6 17 8 -10 -11 -12 -13 13 23 -16 -17 -18 -19 19 20 -22 -23 -24 -25 25 -27 28 -29 -30 -31
leaf_value=-0.049720520954707637 -0.0086578709417023322 0.0157760865328017 -0.0034473097132346991 0.015914141497176161 -0.0052002988771646472 -0.15761350151623338 -0.01062980333608563 -0.0059631737162353891 0.019610614255487577 0.0082213735507185529 -0.0060398307512215185 0.010978855497254459 -0.0068801382448601747 -0.00062279290050664857 0.025064848653029853 0.00026269232153316665 -0.011386418941664681 0.020022859357959655 0.021533115595950766 -0.05383127759746046 0.0036450836466097067 0.023836762028147877 -0.0028546503154946536 0.019825577692239891 -0.010548728673895542 0.0001725395382747506 0.0072949789794875056 0.008640175927895944 -0.050850372024230817 0.0038575015836114913
leaf_weight=36 30 213 27 71 39 27 23 21 522 449 30 46 23 21 23 38 20 123 27 23 23 124 31 62 20 103 236 91 37 965
leaf_count=36 30 213 27 71 39 27 23 21 522 449 30 46 23 21 23 38 20 123 27 23 23 124 31 62 20 103 236 91 37 965
internal_value=0.00183598 0.00190899 0.0017388 0.00180393 0.00133534 -0.000134474 0.000675676 0.00254358 0.00294008 0.00188645 -0.00170103 0.00201493 0.0017151 -0.000347593 -0.00317308 -0.00549383 -0.0101163 0.00120991 1.86265e-10 -0.00321918 -0.00804348 0.00159864 0.0019914 0.00319277 0.000360825 -0.00109756 0.00210623 -0.00011811 0.00233441 0.00246045
internal_weight=3524 3494 3281 3254 1992 409 370 1262 1068 546 97 67 1583 187 104 81 43 343 220 73 46 147 1396 83 194 123 1365 127 1238 1201
internal_count=3524 3494 3281 3254 1992 409 370 1262 1068 546 97 67 1583 187 104 81 43 343 220 73 46 147 1396 83 194 123 1365 127 1238 1201
is_linear=0
shrinkage=0.05


Tree=73
num_leaves=31
num_cat=0
split_feature=13 16 20 50 8 14 16 27 20 3 27 21 27 50 13 44 44 8 11 4 47 27 27 22 47 51 45 18 47 47
split_gain=0.739637 1.05872 0.712336 0.630137 0.574417 0.446554 1.01734 0.885232 0.75092 1.16946 1.54097 0.525536 0.611888 0.533333 0.653992 0.460997 0.710347 0.65744 0.56118 0.474954 0.631809 0.380997 0.59782 0.928768 0.910763 0.405925 0.914496 0.324885 0.282071 0.385606
threshold=-0.22000000625848767 1.1800000071525576 -0.61749997735023487 1.0000000180025095e-35 0.10000000521540643 0.15416666865348819 0.1799999997019768 0.1244500018656254 1.4394999742507937 0.22581839561462405 0.67544999718666088 1.3322999477386477 0.24060000479221347 1.0000000180025095e-35 -0.39577777683734888 -11.499999999999998 -13.499999999999998 1.1666666865348818 0.34903571009635931 0.38000001013278967 0.98004886507987987 -0.39294999837875361 -0.96934998035430897 -0.42994999885559076 1.4847347736358645 0.80349999666214 0.21116666495800021 0.76358386874198925 0.19828520715236667 0.37503899633884435
decision_type=2 2 2 2 2 2 2 2 2 2 2 2 2 2 2 2 2 2 2 2 2 2 2 2 2 2 2 2 2 2
left_child=1 5 -3 -4 27 21 -7 15 9 10 -9 12 -11 14 -14 16 -8 -18 -17 -20 -21 22 -1 -24 -25 -23 -27 -2 -6 -30
right_child=4 2 3 -5 28 6 7 8 -10 11 -12 -13 13 -15 -16 18 17 -19 19 20 -22 25 23 24 -26 26 -28 -29 29 -31
leaf_value=0.0080281795993281252 -0.00029931706506719426 -0.0081654653983047713 -0.005437513519907863 0.0041902595537277503 0.0078512368434588194 -0.4854733091998627 0.0044892889485997544 -0.14228729988294683 0.0059369856433164857 -0.0019222957054474358 0.00032085482771938568 -0.0020652827398768242 -0.0047725526980389611 0.0058500910902146517 0.00036664042973681547 0.013997438073452287 -0.002867213505750585 0.0030229160046890526 0.0025846890032030904 -0.013709411570133953 0.0021280045881244504 0.015017521001301326 0.053819519366016304 -0.0016470422292358166 -0.047641438136549308 -0.013327559316417381 0.02422126603973097 0.04282572492504863 0.0015939254721845813 0.014578631098507126
leaf_weight=112 236 20 50 23 281 24 106 30 101 26 28 24 22 80 26 218 32 28 28 20 29 446 26 37 20 21 52 33 264 1081
leaf_count=112 236 20 50 23 281 24 106 30 101 26 28 24 22 80 26 218 32 28 28 20 29 446 26 37 20 21 52 33 264 1081
internal_value=0.00182179 0.00104052 -0.00413978 -0.00184931 0.0024934 0.00135417 0.000559611 0.000864662 -0.00108309 -0.00262712 -0.0087931 -0.000617977 0.000454546 0.001875 -0.00229167 0.0022885 0.000180723 -0.00416667 0.00347458 -0.000194805 -0.00316327 0.00226891 0.000384616 -0.00283133 -0.00640351 0.00297688 -0.000479452 0.00035316 0.00284748 0.00254647
internal_weight=3524 1629 93 73 1895 1536 822 798 337 236 58 178 154 128 48 461 166 60 295 77 49 714 195 83 57 519 73 269 1626 1345
internal_count=3524 1629 93 73 1895 1536 822 798 337 236 58 178 154 128 48 461 166 60 295 77 49 714 195 83 57 519 73 269 1626 1345
is_linear=0
shrinkage=0.05


end of trees

feature_importances:
Column_18=218
Column_13=166
Column_16=154
Column_46=98
Column_9=95
Column_14=91
Column_10=90
Column_12=82
Column_47=66
Column_27=63
Column_45=63
Column_44=62
Column_0=61
Column_21=61
Column_51=59
Column_20=58
Column_37=58
Column_11=57
Column_28=57
Column_26=55
Column_56=51
Column_2=49
Column_8=49
Column_53=49
Column_17=47
Column_35=47
Column_22=42
Column_3=40
Column_36=40
Column_5=28
Column_4=20
Column_50=9
Column_1=8
Column_49=6
Column_7=5
Column_19=5
Column_48=5
Column_6=3
Column_15=3

parameters:
[boosting: gbdt]
[objective: quantile]
[metric: quantile]
[tree_learner: serial]
[device_type: cpu]
[data_sample_strategy: bagging]
[data: ]
[valid: ]
[num_iterations: 300]
[learning_rate: 0.05]
[num_leaves: 31]
[num_threads: 0]
[seed: 42]
[deterministic: 0]
[force_col_wise: 0]
[force_row_wise: 0]
[histogram_pool_size: -1]
[max_depth: -1]
[min_data_in_leaf: 20]
[min_sum_hessian_in_leaf: 0.001]
[bagging_fraction: 0.8]
[pos_bagging_fraction: 1]
[neg_bagging_fraction: 1]
[bagging_freq: 5]
[bagging_seed: 400]
[bagging_by_query: 0]
[feature_fraction: 0.8]
[feature_fraction_bynode: 1]
[feature_fraction_seed: 30056]
[extra_trees: 0]
[extra_seed: 12879]
[early_stopping_round: 0]
[early_stopping_min_delta: 0]
[first_metric_only: 0]
[max_delta_step: 0]
[lambda_l1: 0]
[lambda_l2: 0]
[linear_lambda: 0]
[min_gain_to_split: 0]
[drop_rate: 0.1]
[max_drop: 50]
[skip_drop: 0.5]
[xgboost_dart_mode: 0]
[uniform_drop: 0]
[drop_seed: 17869]
[top_rate: 0.2]
[other_rate: 0.1]
[min_data_per_group: 100]
[max_cat_threshold: 32]
[cat_l2: 10]
[cat_smooth: 10]
[max_cat_to_onehot: 4]
[top_k: 20]
[monotone_constraints: ]
[monotone_constraints_method: basic]
[monotone_penalty: 0]
[feature_contri: ]
[forcedsplits_filename: ]
[refit_decay_rate: 0.9]
[cegb_tradeoff: 1]
[cegb_penalty_split: 0]
[cegb_penalty_feature_lazy: ]
[cegb_penalty_feature_coupled: ]
[path_smooth: 0]
[interaction_constraints: ]
[verbosity: 1]
[saved_feature_importance_type: 0]
[use_quantized_grad: 0]
[num_grad_quant_bins: 4]
[quant_train_renew_leaf: 0]
[stochastic_rounding: 1]
[linear_tree: 0]
[max_bin: 255]
[max_bin_by_feature: ]
[min_data_in_bin: 3]
[bin_construct_sample_cnt: 200000]
[data_random_seed: 175]
[is_enable_sparse: 1]
[enable_bundle: 1]
[use_missing: 1]
[zero_as_missing: 0]
[feature_pre_filter: 1]
[pre_partition: 0]
[two_round: 0]
[header: 0]
[label_column: ]
[weight_column: ]
[group_column: ]
[ignore_column: ]
[categorical_feature: ]
[forcedbins_filename: ]
[precise_float_parser: 0]
[parser_config_file: ]
[objective_seed: 16083]
[num_class: 1]
[is_unbalance: 0]
[scale_pos_weight: 1]
[sigmoid: 1]
[boost_from_average: 1]
[reg_sqrt: 0]
[alpha: 0.1]
[fair_c: 1]
[poisson_max_delta_step: 0.7]
[tweedie_variance_power: 1.5]
[lambdarank_truncation_level: 30]
[lambdarank_norm: 1]
[label_gain: ]
[lambdarank_position_bias_regularization: 0]
[eval_at: ]
[multi_error_top_k: 1]
[auc_mu_weights: ]
[num_machines: 1]
[local_listen_port: 12400]
[time_out: 120]
[machine_list_filename: ]
[machines: ]
[gpu_platform_id: -1]
[gpu_device_id: -1]
[gpu_use_dp: 0]
[num_gpu: 1]

end of parameters

pandas_categorical:null
