tree
version=v4
num_class=1
num_tree_per_iteration=1
label_index=0
max_feature_idx=58
objective=quantile
feature_names=Column_0 Column_1 Column_2 Column_3 Column_4 Column_5 Column_6 Column_7 Column_8 Column_9 Column_10 Column_11 Column_12 Column_13 Column_14 Column_15 Column_16 Column_17 Column_18 Column_19 Column_20 Column_21 Column_22 Column_23 Column_24 Column_25 Column_26 Column_27 Column_28 Column_29 Column_30 Column_31 Column_32 Column_33 Column_34 Column_35 Column_36 Column_37 Column_38 Column_39 Column_40 Column_41 Column_42 Column_43 Column_44 Column_45 Column_46 Column_47 Column_48 Column_49 Column_50 Column_51 Column_52 Column_53 Column_54 Column_55 Column_56 Column_57 Column_58
feature_infos=[0.039999999105930328:1.6000000238418579] [0.05000000074505806:0.5] [0.059999998658895493:1.5199999809265137] [0:0.54119211435317993] [0.039999999105930328:1.440000057220459] [0:0.55000001192092896] [0:1] [0:1] [0:2.2666666507720947] [0.039999999105930328:4] [-18.734375:0] [-9.6899995803833008:11.46875] [0:7.6152467727661133] [-1.1066666841506958:3.940000057220459] [0:0.43333333730697632] [0:0.93333333730697632] [0.039999999105930328:1.6000000238418579] [0:0.66666668653488159] [0.18190476298332214:0.91288888454437256] [0:1] [-22.531000137329102:28.888999938964844] [-22.531000137329102:27.158000946044922] [-21.007600784301758:24.503599166870117] none none none [-22.115999221801758:21.5] [-22.115999221801758:21.5] [-16.012399673461914:18.616399765014648] none none none none none none [-17.592500686645508:21.677499771118164] [-11.965999603271484:17.982999801635742] [-14.043000221252441:16.086200714111328] none none none none none none [-30:99] [-9.4589996337890625:7.7718334197998047] [-6.0539999008178711:9.0223331451416016] [0:16.470409393310547] [0:1] [0:5] [0:5] [-37.666000366210938:30.954999923706055] none [-28.121999740600586:23.117000579833984] none none [-28.14900016784668:23.379999160766602] none none
tree_sizes=2638 2800 2790 2798 2791 2812 2790 2795 2794 2790 2819 2834 2817 2815 2849 2850 2842 2817 2809 2834 2844 2850 2853 2842 2830 2833 2856 2853 2834 2840 2828 2859 2851 2874 2855 2858 2866 2873 2853 2857 2869 2867 2841 2854 2853 2846 2859 2864 2877 2858 2869 2864 2861 2866 2856 2872 2899 2863 2868 2902 2872 2883 2871 2885 2904

Tree=0
num_leaves=31
num_cat=0
split_feature=45 56 13 13 16 46 14 14 51 13 11 19 3 2 14 14 13 14 10 10 14 18 16 35 8 13 46 14 16 46
split_gain=31.8309 11.8903 10.0354 7.841 10.162 4.0756 4.02118 7.73337 4.12842 3.06262 2.97747 2.11959 3.27806 8.41829 3.36581 4.83098 2.93772 2.75627 2.7086 2.1731 2.06803 1.61897 1.27676 1.26927 2.32914 1.2595 0.98892 1.74545 0.847756 1.3023
threshold=-6.4819166660308829 1.7904999852180483 -0.08485714346170424 2.8888888359069829 0.38000001013278967 -4.6759998798370352 0.26250000298023229 0.33750000596046453 3.0225000381469731 -0.10111111029982565 -0.076079230755567537 1.0000000180025095e-35 0.15896825492382052 0.5000000149011613 0.24583332985639575 0.3458333313465119 0.021999999880790714 0.24583332985639575 -9.4937968254089338 -8.9026117324829084 0.095833335071802153 0.49719738960266119 0.25999999791383749 2.4202500581741337 0.56666669249534618 -0.54000002145767201 0.0041666666511446246 0.079166669398546233 0.21999999880790713 -0.089833334088325487
decision_type=2 2 2 2 2 2 2 2 2 2 2 2 2 2 2 2 2 2 2 2 2 2 2 2 2 2 2 2 2 2
left_child=21 3 10 5 -5 20 26 8 -8 23 22 12 16 14 19 18 28 -18 -16 -14 -2 -1 -3 -7 -25 -12 -4 -28 29 -11
right_child=1 2 6 4 -6 9 7 -9 -10 11 25 -13 13 -15 15 -17 17 -19 -20 -21 -22 -23 -24 24 -26 -27 27 -29 -30 -31
leaf_value=3.2404740880966072 2.591054285092349 2.5947642718529664 2.3258842768335355 2.5508742442130936 3.1787742870449849 2.2817142663812282 2.3609192870605042 2.3666242844581573 2.4390392828857812 2.5976742820382186 2.4984042585086854 2.2524592780971497 2.3504792724263597 2.3068592693531449 2.4166142856216424 2.3539342757010475 2.3438942728328698 2.3997242794990541 2.4486242890357972 2.462044268779755 2.4881091795289549 2.8736242324113848 2.5221942319440815 2.5787142837023738 2.2894042832684547 2.3225742509364862 2.4173938817190987 2.508449235981709 2.3056442810106033 2.2947542677235626
leaf_weight=32 23 30 20 47 20 1830 20 33 52 31 25 178 52 170 25 23 25 21 28 33 22 23 29 20 47 193 20 24 325 44
leaf_count=32 23 30 20 47 20 1830 20 33 52 31 25 178 52 170 25 23 25 21 28 33 22 23 29 20 47 193 20 24 325 44
internal_value=2.35249 2.35188 2.35949 2.35074 2.36765 2.35035 2.3691 2.37512 2.3843 2.35011 2.35364 2.35242 2.35355 2.35732 2.36551 2.37316 2.35075 2.36272 2.38146 2.35868 2.36528 2.39023 2.3636 2.34895 2.35571 2.35094 2.35922 2.36341 2.34937 2.35417
internal_weight=3465 3410 446 2964 67 2897 169 105 72 2852 277 955 777 331 161 76 446 46 53 85 45 55 59 1897 67 218 64 44 400 75
internal_count=3465 3410 446 2964 67 2897 169 105 72 2852 277 955 777 331 161 76 446 46 53 85 45 55 59 1897 67 218 64 44 400 75
is_linear=0
shrinkage=1


Tree=1
num_leaves=31
num_cat=0
split_feature=13 56 14 13 47 53 4 8 13 14 13 11 16 12 16 16 3 3 4 16 13 13 46 35 8 13 13 17 13 12
split_gain=30.9162 11.4677 10.9289 9.78489 4.63026 4.54268 4.39292 4.08571 3.83333 3.1667 3.12617 2.35215 2.27273 2.15817 2.03969 6.06733 4.0897 2.07065 2.72017 1.63412 1.6629 1.47844 1.37403 1.21316 1.98936 1.13351 1.10546 0.976449 0.851713 0.758776
threshold=2.8888888359069829 2.2964999675750737 0.17083333432674411 -0.08485714346170424 3.7337081432342534 -1.0000000180025095e-35 0.099999997764825835 0.5000000149011613 0.018888888880610469 0.29583333432674414 -0.10111111029982565 -0.076079230755567537 0.21999999880790713 3.4834612607955937 0.97999998927116405 0.85999998450279247 0.15563326328992846 0.15896825492382052 0.29999999701976782 0.29999999701976782 0.062000000849366195 0.058888887986540801 4.0053331851959237 2.4202500581741337 0.56666669249534618 -0.063111113384366022 -0.54000002145767201 0.29166667163372045 -0.14111111313104627 1.0676095485687258
decision_type=2 2 2 2 2 2 2 2 2 2 2 2 2 2 2 2 2 2 2 2 2 2 2 2 2 2 2 2 2 2
left_child=1 4 5 11 10 -2 8 12 27 -8 23 22 -6 -7 15 17 -17 21 19 20 25 -12 -3 29 -25 -19 -13 -5 -28 -1
right_child=2 3 -4 6 7 13 9 -9 -10 -11 14 26 -14 -15 -16 16 -18 18 -20 -21 -22 -23 -24 24 -26 -27 28 -29 -30 -31
leaf_value=-0.055095724744046448 0.76271131387651059 -0.056774756456849089 0.88939125280026932 0.13396861171175445 0.23737981299014055 0.79076816223960611 0.053987782557669187 -0.113655460108936 0.041638039880215708 0.084998032660912354 -0.031634972894153783 0.15442976287508259 0.18318895691696013 -0.12086969408595494 -0.083134965518610368 0.021763776011466975 0.077018766832349858 0.091318765677929861 -0.072112967029632699 0.010824931036966899 -0.0024609207341489054 0.042809278576010544 0.23110177643668239 0.22122428456795237 -0.059895215432998652 0.089787767935753215 -0.064248731081490859 -0.03153621762871963 0.043321271622182293 -0.077135739175607967
leaf_weight=792 33 20 42 24 22 20 26 26 23 25 409 21 22 32 202 33 36 21 108 90 25 30 35 22 46 40 125 22 23 1070
leaf_count=792 33 20 42 24 22 20 26 26 23 25 409 21 22 32 202 33 36 21 108 90 25 30 35 22 46 40 125 22 23 1070
internal_value=-7.93663e-05 -0.0010006 0.0241339 0.00764535 -0.00199399 0.0138235 0.0191667 0.0107143 0.010942 0.0302941 -0.00229822 0.00147321 0.02 0.00461538 -2.01219e-05 0.00112374 0.0152899 -0.000228217 0.00309859 0.00693182 0.0118605 -0.00238041 0.0104545 -0.0034715 0.00308823 0.0163115 -0.00144971 0.00260869 -0.00297297 -0.00371106
internal_weight=3465 3338 127 344 2994 85 120 70 69 51 2924 224 44 52 994 792 69 723 284 176 86 439 55 1930 68 61 169 46 148 1862
internal_count=3465 3338 127 344 2994 85 120 70 69 51 2924 224 44 52 994 792 69 723 284 176 86 439 55 1930 68 61 169 46 148 1862
is_linear=0
shrinkage=0.05


Tree=2
num_leaves=31
num_cat=0
split_feature=13 56 14 13 47 53 8 14 14 13 11 16 12 19 9 0 2 16 0 37 12 9 13 46 49 13 46 46 16 14
split_gain=30.9162 11.0854 10.9289 9.32946 4.6181 4.54268 4.08571 4.06517 5.54623 3.02166 2.35215 2.27273 2.15817 1.937 2.54013 2.74732 4.83309 3.30082 2.62212 2.5 1.64566 1.4836 2.60857 1.37403 1.22017 1.10546 1.04205 1.01931 1.43424 1.18972
threshold=2.8888888359069829 2.2964999675750737 0.17083333432674411 -0.08485714346170424 3.7337081432342534 -1.0000000180025095e-35 0.5000000149011613 0.26250000298023229 0.32916666567325598 -0.15349999815225598 -0.076079230755567537 0.21999999880790713 3.4834612607955937 1.0000000180025095e-35 0.093146655708551421 0.53999999165534984 0.34999999403953558 0.53999999165534984 0.45999999344348913 -0.40420000255107874 0.48497442901134497 0.30079524219036108 -0.018000000156462189 4.0053331851959237 1.5000000000000002 -0.54000002145767201 1.0000000180025095e-35 -0.41716666519641871 0.21999999880790713 0.095833335071802153
decision_type=2 2 2 2 2 2 2 2 2 2 2 2 2 2 2 2 2 2 2 2 2 2 2 2 2 2 2 2 2 2
left_child=1 4 5 10 9 -2 11 -5 24 27 23 -6 -7 14 -11 16 17 20 26 -19 -16 22 -17 -3 -9 -12 -18 28 29 -1
right_child=2 3 -4 7 6 12 -8 8 -10 13 25 -13 -14 -15 15 21 18 19 -20 -21 -22 -23 -24 -25 -26 -27 -28 -29 -30 -31
leaf_value=0.17183906469032442 0.724575748182685 -0.053936018634006634 0.84492169016025587 0.045178135673906494 0.22551082234063352 0.75122975412762583 -0.1079726871034892 0.080623140057972581 0.017109754070979706 -0.046490405101761993 0.14670827473132847 0.17402950907111212 -0.1148262093816572 -0.093071514471163144 0.020968381920752056 -0.011633925832179105 0.074378028991738607 0.06017407161022803 0.014231223658260492 0.0025539917906158313 -0.016558680078194665 -0.043136805762540004 0.049774870438809869 0.21954668761484825 0.076666125270051011 -0.043216245317979241 0.061677048426189318 -0.079610530295873227 -0.10860053615304291 -0.073370958810603876
leaf_weight=35 33 20 42 41 22 20 26 30 28 308 21 22 32 194 70 38 28 40 29 32 226 226 28 35 21 148 23 1529 89 29
leaf_count=35 33 20 42 41 22 20 26 30 28 308 21 22 32 194 70 38 28 40 29 32 226 226 28 35 21 148 23 1529 89 29
internal_value=-7.93663e-05 -0.0010006 0.0241339 0.0075 -0.00197729 0.0138235 0.0107143 0.01875 0.0253797 -0.00228112 0.00147321 0.02 0.00461538 -0.000410629 0.00043893 0.00202703 0.00448661 0.00206522 0.015625 0.0116667 -0.000270271 -0.00174658 0.00484848 0.0104545 0.0351961 -0.00144971 0.022451 -0.00366231 0.000228757 0.0059375
internal_weight=3465 3338 127 344 2994 85 70 120 79 2924 224 44 52 1242 1048 740 448 368 80 72 296 292 66 55 51 169 51 1682 153 64
internal_count=3465 3338 127 344 2994 85 70 120 79 2924 224 44 52 1242 1048 740 448 368 80 72 296 292 66 55 51 169 51 1682 153 64
is_linear=0
shrinkage=0.05


Tree=3
num_leaves=31
num_cat=0
split_feature=53 45 13 13 16 3 13 10 46 11 16 10 17 13 56 56 13 8 2 35 8 16 11 5 37 13 16 10 11 16
split_gain=32.0636 9.93745 8.65023 6.2982 5.26676 4.57305 5.76881 4.79715 2.83536 2.67813 2.90769 2.63493 2.34096 2.19239 2.32031 1.73682 1.62848 2.07792 3.0625 1.27598 1.13152 1.05924 1.02083 1.0006 0.947176 0.803138 0.738346 0.936643 0.689954 0.657094
threshold=-9.4175000190734846 0.62133333086967479 -0.10111111029982565 3.1846666336059575 0.25999999791383749 0.1726275831460953 0.021999999880790714 -9.1671533584594709 -4.6759998798370352 -0.076079230755567537 0.29999999701976782 -9.6162610054016096 0.20833333581686023 0.021999999880790714 0.38949999213218695 -0.46850000321865076 -0.17911110818386075 1.5666666626930239 0.30200000107288366 2.4202500581741337 0.76666668057441723 0.97999998927116405 -0.0034753821091726418 0.32500000298023229 0.44760000705719 0.058888887986540801 0.21999999880790713 -9.4349236488342267 -0.029084592126309868 0.21999999880790713
decision_type=2 2 2 2 2 2 2 2 2 2 2 2 2 2 2 2 2 2 2 2 2 2 2 2 2 2 2 2 2 2
left_child=12 3 9 8 -5 6 24 -7 28 10 -3 19 -1 15 21 16 26 18 22 -10 -21 25 -18 -9 -4 -15 27 -13 -2 -11
right_child=1 2 5 4 -6 7 -8 23 11 29 -12 13 -14 14 -16 -17 17 -19 -20 20 -22 -23 -24 -25 -26 -27 -28 -29 -30 -31
leaf_value=0.65745290530428124 0.21597528326660997 0.21045020060534056 -0.026630480558507832 -0.11575891703727409 0.69579985548717915 0.076983742164016183 0.05032496951074257 0.056816978900618764 -0.070113241156279024 0.29453101072376769 -0.17269213626940982 0.17873435298682067 0.50461191316670961 0.082489391216952535 0.044666538260003018 -0.030024352435222074 -0.065171045862256707 -0.043202806025044505 0.094351593116405605 0.19619989854800396 -0.097306882890896396 -0.017449378215230096 0.17641346350280118 0.076641979443031624 0.16620665396695089 0.011572608574932105 -0.066414837486763412 -0.055150423275234318 0.069402748662108715 -0.03071345852149255
leaf_weight=32 20 39 42 31 29 28 23 20 1529 30 21 20 34 24 22 827 24 33 24 29 30 52 24 28 37 52 124 21 21 195
leaf_count=32 20 39 42 31 29 28 23 20 1529 30 21 20 34 24 22 827 24 33 24 29 30 52 24 28 37 52 124 21 21 195
internal_value=-0.000122656 -0.000792881 0.00601512 -0.00186649 0.0141667 0.0146629 0.0077451 0.0239474 -0.00220097 0.000614034 0.01 -0.00238977 0.0343939 -0.000669608 0.005 -0.00144485 0.00203704 0.00690476 0.0116667 -0.00374056 0.00347458 0.00242187 0.004375 0.0335417 0.00132911 0.00618421 -0.00106061 0.0047561 0.0108537 -0.00188889
internal_weight=3465 3399 463 2936 60 178 102 76 2876 285 60 2835 66 1247 150 1097 270 105 72 1588 59 128 48 48 79 76 165 41 41 225
internal_count=3465 3399 463 2936 60 178 102 76 2876 285 60 2835 66 1247 150 1097 270 105 72 1588 59 128 48 48 79 76 165 41 41 225
is_linear=0
shrinkage=0.05


Tree=4
num_leaves=31
num_cat=0
split_feature=13 14 56 44 47 8 47 53 13 3 14 14 26 9 9 10 53 9 18 35 26 14 3 2 47 10 0 9 27 46
split_gain=27.4058 11.4296 9.3729 9.95386 4.61061 4.08571 3.74099 2.90613 2.73536 2.39891 1.90531 3.08809 4.36465 1.91286 2.17391 1.84472 1.68124 2.41133 1.24635 1.18832 1.18539 0.958857 1.18174 2.38388 2.03418 1.09567 1.99972 2.29763 0.876155 0.816488
threshold=2.8888888359069829 0.12083333358168603 2.4220000505447392 -1.4999999999999998 3.7337081432342534 0.5000000149011613 3.5300569534301762 -1.0000000180025095e-35 -0.15349999815225598 0.1726275831460953 0.32916666567325598 0.29583333432674414 -1.0437499880790708 0.13929094374179843 0.2982576191425324 -9.6243691444396955 3.5060000419616704 0.56250992417335521 0.45558889210224157 1.028999984264374 3.2667499780654912 0.23749999701976779 0.1726275831460953 0.51800000667572033 0.53587263822555553 -8.4210262298583967 0.53999999165534984 0.19948085397481921 -0.27184998989105219 -0.41716666519641871
decision_type=2 2 2 2 2 2 2 2 2 2 2 2 2 2 2 2 2 2 2 2 2 2 2 2 2 2 2 2 2 2
left_child=2 7 4 16 8 15 9 -2 29 -5 11 20 -13 -14 -15 -6 17 18 -4 -20 21 25 -23 24 -24 -10 27 -27 -21 -1
right_child=1 -3 3 6 5 -7 -8 -9 10 -11 -12 12 13 14 -16 -17 -18 -19 19 28 -22 22 23 -25 -26 26 -28 -29 -30 -31
leaf_value=-0.0077246242574939396 0.68480696650907569 0.73967003047436386 -0.021296910277027993 0.019408290516769084 0.16288261825920911 -0.10926504656984755 0.15510981962644077 0.54607140841572011 -0.034345335637395578 0.072119238530558474 -0.039121997523679897 0.075565147191998097 -0.010109717193980339 0.056108628765402929 -0.045842250696859592 0.20242179176736219 -0.079427145323112736 0.18669157886135601 -0.020741218466550124 0.19997201076826321 0.21131264874771963 -0.013452693833528798 0.053001710266041141 -0.063963135365515358 0.038156792626385695 -0.02372058588430272 -0.016856909151876032 0.07664686827253743 0.011164561879894378 -0.072713142405223585
leaf_weight=153 24 53 75 23 21 26 21 50 421 34 313 28 49 23 23 23 63 22 29 30 27 94 31 33 36 25 116 37 23 1539
leaf_count=153 24 53 75 23 21 26 21 50 421 34 313 28 49 23 23 23 63 22 29 30 27 94 31 33 36 25 116 37 23 1539
internal_value=-0.000238096 0.0225591 -0.00110545 0.00703125 -0.00196819 0.0107143 0.0225641 0.00986486 -0.00226934 0.0292105 -0.000501594 0.000620359 0.00800813 0.00289474 0.0102174 0.02 0.00202479 0.00449721 0.00232484 0.00658536 -0.000487806 -0.000838589 0.00221649 0.006 0.0114179 -0.00182805 0.00146067 0.00870968 0.0110377 -0.00358156
internal_weight=3465 127 3338 320 3018 70 78 74 2948 57 1256 943 123 95 46 44 242 179 157 82 820 793 194 100 67 599 178 62 53 1692
internal_count=3465 127 3338 320 3018 70 78 74 2948 57 1256 943 123 95 46 44 242 179 157 82 820 793 194 100 67 599 178 62 53 1692
is_linear=0
shrinkage=0.05


Tree=5
num_leaves=31
num_cat=0
split_feature=13 8 56 13 12 16 10 14 26 13 10 45 16 0 0 27 13 5 20 11 16 28 3 13 10 10 3 0 13 53
split_gain=22.2395 10.1108 9.68439 8.48649 3.39524 3.44534 2.69381 2.44619 2.64649 4.77381 2.20819 2.11697 4.43841 1.55658 2.13159 1.51879 1.62297 1.46814 1.4117 1.27468 1.26758 1.21895 1.79592 1.20529 1.17993 1.16206 0.916498 1.72643 2.78124 2.35079
threshold=0.52000001072883617 0.83333334326744091 2.5795000791549687 -0.058000000193715089 5.4141719341278085 0.25999999791383749 -10.060362815856932 0.32916666567325598 -0.96824997663497914 -0.058000000193715089 -9.388734817504881 -2.0748332738876338 0.21999999880790713 0.38000001013278967 0.1799999997019768 -2.373649954795837 -0.14111111313104627 0.52500000596046459 3.0694999694824223 -0.08749032765626906 0.13999999687075618 -1.3800999522209165 0.22581839561462405 -0.18733333051204679 -12.928294658660887 -9.1744961738586408 0.15365386754274371 0.45999999344348913 -0.058000000193715089 0.23499999940395358
decision_type=2 2 2 2 2 2 2 2 2 2 2 2 2 2 2 2 2 2 2 2 2 2 2 2 2 2 2 2 2 2
left_child=2 4 6 15 5 24 -1 8 9 17 -11 12 -10 14 -5 -4 19 21 20 -17 -13 -8 -23 -22 -2 -24 -25 28 -28 -30
right_child=1 -3 3 13 -6 -7 7 -9 11 10 -12 18 -14 -15 -16 16 -18 -19 -20 -21 23 22 25 26 -26 -27 27 -29 29 -31
leaf_value=-0.065478134562437285 -0.063882180977575406 0.7365915208584104 0.2004599612627247 0.054080010319144056 -0.13598465012478497 0.58507696189751035 -0.0063412267987191439 -0.040613462552602266 0.19359070266297621 0.05746522238521571 0.083743888786698972 0.1958425995166887 -0.11359811917830383 0.041541743489161218 0.06932890945464594 0.17523652325713351 0.037250550837903351 -0.053081786395923494 0.17051604511336607 -0.058758437389849899 -0.064387076141921823 0.19717903315429441 0.082248478216882845 -0.024989847111321385 0.45593880559249933 -0.077763530605335016 0.0071122534935799441 -0.016294064042366507 0.077814550053030215 -0.001930454072442809
leaf_weight=1126 20 34 31 23 23 24 59 504 23 21 20 23 25 20 33 26 36 56 26 120 445 30 22 230 26 24 153 210 39 25
leaf_count=1126 20 34 31 23 23 24 59 504 23 21 20 23 25 20 33 26 36 56 26 120 445 30 22 230 26 24 153 210 39 25
internal_value=-0.000340812 0.0201968 -0.0011194 0.00762976 0.0116667 0.0171429 -0.00194544 -0.000813955 0.000241089 0.00512931 0.0206098 -0.000704755 0.00958333 0.0219737 0.02625 0.00251174 0.00076923 0.00180628 -0.0011338 -0.00157534 -0.0014 0.00462963 0.00881579 -0.00164247 0.00913043 0.00260869 -0.000281584 0.00108899 0.00421659 0.0129687
internal_weight=3477 127 3350 289 93 70 3061 1935 1431 232 41 1199 48 76 56 213 182 191 1151 146 1125 135 76 1102 46 46 657 427 217 64
internal_count=3477 127 3350 289 93 70 3061 1935 1431 232 41 1199 48 76 56 213 182 191 1151 146 1125 135 76 1102 46 46 657 427 217 64
is_linear=0
shrinkage=0.05


Tree=6
num_leaves=31
num_cat=0
split_feature=13 53 8 13 9 35 16 56 9 13 14 19 26 16 0 26 16 56 3 2 11 14 13 45 17 45 46 16 27 8
split_gain=19.7593 10.014 9.85558 9.3256 4.89762 4.08316 4.28253 3.33065 3.03329 3.02399 2.46323 1.92424 3.79211 3.90012 1.84472 1.76329 1.71753 1.61839 1.46441 2.61187 1.81824 1.50831 1.45321 1.30449 1.28926 1.225 1.04289 1.15975 1.09771 1.03901
threshold=3.0640000104904179 2.5074999332427983 0.83333334326744091 -0.10955555737018584 0.65877881646156322 2.6649999618530278 0.21999999880790713 3.279000043869019 1.4006283879280093 -0.10111111029982565 0.10416666790843011 1.0000000180025095e-35 -0.97999998927116383 0.85999998450279247 0.49999998509883886 1.575500011444092 0.21999999880790713 -0.35199999809265131 0.15365386754274371 0.5000000149011613 0.0048587182536721238 0.23749999701976779 0.021999999880790714 1.4283333420753481 0.20833333581686023 0.063999999314546599 0.40199999511241918 0.13999999687075618 -1.6729000210762022 0.43333333730697637
decision_type=2 2 2 2 2 2 2 2 2 2 2 2 2 2 2 2 2 2 2 2 2 2 2 2 2 2 2 2 2 2
left_child=1 5 8 10 7 9 -7 15 14 26 16 12 13 17 -2 -5 -3 -11 22 20 21 29 -14 -8 -25 -24 27 -1 -28 -20
right_child=2 3 -4 4 -6 6 23 -9 -10 11 -12 -13 18 -15 -16 -17 -18 -19 19 -21 -22 -23 25 24 -26 -27 28 -29 -30 -31
leaf_value=0.095995367835785189 0.28912984117685425 0.21840518314861576 0.70363193704065796 0.039818943691841802 -0.041950031413619859 0.19969431264584325 -0.038098400068340497 0.065862463981913644 0.051043763498275677 0.060915413186639657 -0.04871888156380888 -0.080656657976025961 -0.038579123036384971 0.074825904212250979 0.61426396661786897 0.18030835568481449 -0.020308673832870744 -0.010733827052209884 0.15632038094286174 -0.044817388774198573 0.0064130951068386861 0.04054912104569245 -0.021197659727008804 0.21275174507989655 -0.078417025682069055 0.047373573330324034 0.13515246697000957 -0.054266827041052984 -0.027329258165821366 -0.0087254540985299764
leaf_weight=43 23 28 32 30 20 40 81 33 41 39 116 167 311 25 21 22 22 41 55 165 102 25 20 20 21 20 27 1765 101 21
leaf_count=43 23 28 32 30 20 40 81 33 41 39 116 167 311 25 21 22 22 41 55 165 102 25 20 20 21 20 27 1765 101 21
internal_value=-0.000412713 -0.00111607 0.0197863 0.00809963 0.0197619 -0.00192457 0.00580247 0.025 0.0108824 -0.00235224 0.00072289 -0.000105955 0.000885921 0.0097619 0.02 0.0171154 0.01 0.004375 -0.000410293 0.00179348 0.00559113 0.0103465 -0.0027208 0.00114754 0.00841463 0.00625 -0.00350207 -0.00381084 0.000859374 0.0068421
internal_weight=3477 3360 117 271 105 3089 162 85 85 2927 166 991 824 105 44 52 50 80 719 368 203 101 351 122 41 40 1936 1808 128 76
internal_count=3477 3360 117 271 105 3089 162 85 85 2927 166 991 824 105 44 52 50 80 719 368 203 101 351 122 41 40 1936 1808 128 76
is_linear=0
shrinkage=0.05


Tree=7
num_leaves=31
num_cat=0
split_feature=53 56 44 47 44 27 53 16 36 44 14 11 12 53 22 16 16 22 11 16 35 37 18 9 12 18 12 56 44 14
split_gain=15.3562 7.30321 5.86552 6.78997 5.78352 3.72359 2.81808 2.645 2.10989 2.03938 2.025 1.76836 1.37724 1.23991 1.6108 1.23431 7.25942 3.57831 2.54224 1.18644 1.59396 1.02815 0.974296 1.38519 2.33153 0.867857 0.583168 0.522014 0.630154 0.529434
threshold=-9.4175000190734846 2.6384999752044682 -1.4999999999999998 3.5300569534301762 81.500000000000014 -4.52655005455017 3.0779999494552617 0.21999999880790713 0.30815000832080847 -9.4999999999999982 0.087500002235174193 -0.014455747324973343 4.31394386291504 0.68799999356269848 0.62450000643730175 0.97999998927116405 0.85999998450279247 -1.6095499992370603 0.001462319400161505 0.29999999701976782 2.6649999618530278 -0.42994999885559076 0.26624578237533575 0.13929094374179843 4.8362126350402841 0.53235557675361644 4.2614352703094491 1.372500002384186 -2.4999999999999996 0.29583333432674414
decision_type=2 2 2 2 2 2 2 2 2 2 2 2 2 2 2 2 2 2 2 2 2 2 2 2 2 2 2 2 2 2
left_child=5 4 13 8 6 -1 9 10 -4 -2 -8 -6 -13 14 25 16 19 -18 -19 20 22 -20 23 -11 -25 -3 -15 29 -29 -24
right_child=1 2 3 -5 11 -7 7 -9 -10 15 -12 12 -14 26 -16 -17 17 18 21 -21 -22 -23 27 24 -26 -27 -28 28 -30 -31
leaf_value=0.67038533630120911 -0.076169442554070529 -0.1248579485634138 0.060932846995644933 -0.027043805112981035 0.0026850379228951214 0.10856365282989403 0.23158140270588207 -0.088284575976957005 0.063760840913297465 -0.017301873209217524 0.19398151767814309 0.5835507682869755 0.34807356909530196 -0.027581592319426508 0.15802583068571061 -0.072132747749233422 0.071614362015789981 0.039648913169660946 0.035801504989976467 -0.025558451123747206 0.18724428384842876 -0.0077861639462939005 -0.034006968323231627 0.045232865261709471 -0.017506798631500235 0.16940880097294386 0.0078403573246694936 0.17550552515704576 -0.0056422050149371175 0.04281253353348291
leaf_weight=31 1024 35 28 33 22 25 20 50 26 45 20 21 20 82 32 277 24 26 23 618 33 45 654 30 23 21 33 38 27 91
leaf_count=31 1024 35 28 33 22 25 20 50 26 45 20 21 20 82 32 277 24 26 23 618 33 45 654 30 23 21 33 38 27 91
internal_value=-0.000614036 -0.00103917 0.00655172 0.0174138 -0.00174226 0.0253571 -0.0020502 0.00666667 0.0283333 -0.00231363 0.01625 0.013254 0.0193902 0.00189655 0.00636364 -0.00136643 -0.000855696 0.0111017 0.00670213 -0.00176075 -0.000642934 0.00161765 -0.00103524 0.00367347 0.00915094 0.00125 -0.00152174 -0.00160494 0.00269231 -0.00197987
internal_weight=3477 3421 290 87 3131 56 3068 90 54 2978 40 63 41 203 88 1954 1677 118 94 1559 941 68 908 98 53 56 115 810 65 745
internal_count=3477 3421 290 87 3131 56 3068 90 54 2978 40 63 41 203 88 1954 1677 118 94 1559 941 68 908 98 53 56 115 810 65 745
is_linear=0
shrinkage=0.05


Tree=8
num_leaves=31
num_cat=0
split_feature=44 27 53 13 16 9 35 16 4 13 8 47 28 9 16 16 35 16 46 21 17 19 9 9 12 13 45 9 10 44
split_gain=15.2302 8.37794 7.404 6.59176 6.45469 3.98679 3.52544 3.22204 2.47787 2.43022 2.03046 1.83613 1.72799 2.19987 1.95411 1.47363 1.05086 1.01721 1.10511 1.1703 1.25742 0.930061 1.24707 2.74667 2.86216 2.01921 1.2864 1.02724 0.9 0.818182
threshold=81.500000000000014 -4.52655005455017 2.5074999332427983 -0.10955555737018584 0.29999999701976782 0.34028975665569311 2.6649999618530278 0.21999999880790713 0.099999997764825835 -0.10111111029982565 0.5000000149011613 3.7337081432342534 -1.1313999891281126 0.32294882833957678 0.62000000476837169 0.21999999880790713 10.90424966812134 0.13999999687075618 0.40199999511241918 -0.56130000948905934 0.20833333581686023 1.0000000180025095e-35 0.13104625791311267 0.32294882833957678 0.6327427625656129 0.021999999880790714 0.14083333313465121 0.21629269421100619 -9.7439160346984846 -11.499999999999998
decision_type=2 2 2 2 2 2 2 2 2 2 2 2 2 2 2 2 2 2 2 2 2 2 2 2 2 2 2 2 2 2
left_child=2 -2 6 10 -3 8 9 28 -5 17 15 16 13 14 -11 -4 -9 29 -19 20 -20 22 -14 24 26 -26 27 -24 -8 -1
right_child=1 4 3 5 -6 -7 7 11 -10 12 -12 -13 21 -15 -16 -17 -18 18 19 -21 -22 -23 23 -25 25 -27 -28 -29 -30 -31
leaf_value=-0.09682447020337609 0.66338632558399002 0.23747243392753897 0.19590585385589085 0.037010060592622893 0.51084943492719836 -0.01449272101655868 0.18285519346149737 -0.083069027912754598 0.062958061234773099 0.012643714998174183 -0.044947179919422098 0.19513821027882586 -0.02542538004956656 -0.01622443861082631 0.064325374686482306 -0.017929591721768407 0.14019295477220664 -0.049837779884735284 0.19178614550759418 -0.049840893373139565 -0.088738789517893268 -0.081765317502704604 0.033363250806807208 -0.019652786239831396 -0.0051044252497047943 0.051597904090337578 0.023428398494302352 0.31935917963024629 0.12738334857316155 0.14890456613574943
leaf_weight=22 25 66 28 41 20 25 20 70 39 27 115 20 297 65 31 23 32 1765 30 76 21 134 21 229 107 41 25 20 20 22
leaf_count=22 25 66 28 41 20 25 20 70 39 27 115 20 297 65 31 23 32 1765 30 76 21 134 21 229 107 41 25 20 20 22
internal_value=-0.000700318 0.0175225 -0.00130125 0.00662362 0.0101163 0.0164286 -0.00199515 0.00518518 0.021875 -0.00239175 0.000421686 0.00114754 -0.00038616 0.0051626 0.0122414 0.00872549 -0.00156863 -0.00342459 -0.00359937 0.000905511 0.0067647 -0.00116705 -0.000472974 0.00120767 0.00528037 0.00141892 0.0139394 0.0193902 0.0175 0.00409091
internal_weight=3477 111 3366 271 86 105 3095 162 80 2933 166 122 997 123 58 51 102 1936 1892 127 51 874 740 443 214 148 66 41 40 44
internal_count=3477 111 3366 271 86 105 3095 162 80 2933 166 122 997 123 58 51 102 1936 1892 127 51 874 740 443 214 148 66 41 40 44
is_linear=0
shrinkage=0.05


Tree=9
num_leaves=31
num_cat=0
split_feature=51 56 37 53 37 53 16 37 22 9 11 12 6 36 26 8 26 21 18 47 53 56 18 12 16 18 8 0 0 18
split_gain=12.8131 6.00107 4.02042 3.28281 3.80983 2.59803 2.645 2.23099 2.72832 2.01579 2.12468 3.62898 1.90688 1.73571 1.35784 1.46667 1.42434 1.225 1.14808 2.61235 2.56256 1.17097 1.41297 1.0357 0.920729 0.802287 0.680466 0.646368 1.55769 0.625541
threshold=-26.905500411987301 2.6384999752044682 -6.6328501701354972 4.7639999389648446 1.0000000180025095e-35 3.0779999494552617 0.21999999880790713 0.60649999976158153 3.5069500207901005 1.2394194006919863 0.039430022239685066 4.9951920509338388 0.40000000596046453 0.25505000352859503 3.9375000000000004 0.83333334326744091 -0.97999998927116383 0.05034999921917916 0.48206734657287603 0.60109302401542675 -0.64100000262260426 -0.36749999225139612 0.37407778203487402 0.76151153445243847 0.25999999791383749 0.52659919857978832 1.0000000180025095e-35 0.45999999344348913 0.21999999880790713 0.52422222495079052
decision_type=2 2 2 2 2 2 2 2 2 2 2 2 2 2 2 2 2 2 2 2 2 2 2 2 2 2 2 2 2 2
left_child=2 5 -1 4 29 9 17 -6 13 12 -11 -12 -2 -9 16 -16 18 -7 21 20 -20 22 -14 -21 -15 -22 27 28 -18 -3
right_child=1 3 -4 -5 7 6 -8 8 -10 10 11 -13 14 24 15 -17 26 -19 19 23 25 -23 -24 -25 -26 -27 -28 -29 -30 -31
leaf_value=0.59982676559517023 -0.068094428478409283 -0.010981232115870182 0.13330316356011782 -0.057700615963401758 0.084726042194791379 0.16005643775828127 -0.08280234143192855 0.054813295987259536 0.15993488001687903 -0.008159214718783548 0.51733927367382093 -0.086819471465297421 0.046671358769631861 0.14493596274878465 0.2037163657069484 -0.042035452337223778 -0.024834701088060872 0.29857336193462775 0.21232526605487553 0.0669889562236895 0.06002275176095602 -0.044750854309847606 -0.072047077428569625 -0.025577435086480971 -0.0052680430304944325 -0.043306298696750255 -0.015376062833880728 -0.050322858373648187 0.31473824223639191 0.065014524935227289
leaf_weight=23 1183 56 20 64 21 20 50 28 22 83 27 22 30 33 20 24 26 20 23 23 29 93 32 67 47 20 1304 20 26 21
leaf_count=23 1183 56 20 64 21 20 50 28 22 83 27 22 30 33 20 24 26 20 23 23 29 93 32 67 47 20 1304 20 26 21
internal_value=-0.000729078 -0.00106873 0.0263953 0.00578767 0.00859649 -0.00170592 0.00666667 0.0132119 0.0107692 -0.00195282 0.00409091 0.0123469 -0.00222603 0.0075 -0.00117156 0.0075 -0.00139693 0.01625 0.0016246 0.0045679 0.0116667 -0.00145161 0.00387097 -0.00111111 0.00375 0.00520408 -0.00209302 0.00263889 0.00557692 -0.000454547
internal_weight=3477 3434 43 292 228 3142 90 151 130 3052 132 49 2920 108 1737 44 1693 40 317 162 72 155 62 90 80 49 1376 72 52 77
internal_count=3477 3434 43 292 228 3142 90 151 130 3052 132 49 2920 108 1737 44 1693 40 317 162 72 155 62 90 80 49 1376 72 52 77
is_linear=0
shrinkage=0.05


Tree=10
num_leaves=31
num_cat=0
split_feature=20 13 56 46 0 16 46 2 46 10 3 2 14 16 14 8 13 53 12 4 12 12 20 13 12 14 12 49 2 17
split_gain=14.2726 5.63774 6.52667 3.79511 3.52064 2.82828 2.62046 2.61402 2.59585 2.70833 2.17354 3.42468 5.00087 5.99079 2.44158 2.51095 1.3105 1.18248 1.17553 0.980564 0.972656 1.84091 0.754608 0.813454 0.909121 2.27811 0.763533 1.44937 1.3512 0.7176
threshold=-14.511000156402586 -0.058000000193715089 2.7180000543594365 -2.1233333945274349 0.4200000017881394 0.21999999880790713 0.37800000607967382 0.18666666746139529 3.4416667222976689 -9.8317570686340314 0.15365386754274371 0.51800000667572033 0.39583334326744085 0.85999998450279247 0.25416666269302374 0.16666667163372043 0.021999999880790714 0.27600000798702246 0.88329482078552257 0.85999998450279247 2.1342010498046879 4.4539244174957284 -1.970750033855438 -0.18733333051204679 0.53770154714584362 0.32083332538604742 0.38840174674987799 1.0000000180025095e-35 0.53999999165534984 0.20833333581686023
decision_type=2 2 2 2 2 2 2 2 2 2 2 2 2 2 2 2 2 2 2 2 2 2 2 2 2 2 2 2 2 2
left_child=-1 3 6 5 7 -2 10 -4 18 -10 16 12 13 14 15 -12 -3 -18 22 -13 -16 -22 29 26 -25 -26 27 -24 -29 -5
right_child=1 2 4 8 -6 -7 -8 -9 9 -11 11 19 -14 -15 20 -17 17 -19 -20 -21 21 -23 23 24 25 -27 -28 28 -30 -31
leaf_value=0.56209543825168651 0.15563511324391172 -0.031489164311963629 0.048369905075786646 0.11718294044816274 0.0054863999039934585 0.025860707215982499 0.61642826915915006 0.076844403350731755 0.14144713729873926 -0.077064505940019401 0.34826642462496993 -0.0424413909299272 -0.074214451756243 0.062791925348104433 0.028390211897300455 -0.012526371064398079 -0.0080426987591050055 0.030626311840982218 -0.050502410663480914 0.018538739432033324 0.060417251347846625 0.013470407196589557 -0.059764070979020534 -0.0067201224434841464 0.046229524933949717 -0.010878492744701616 -0.067781262701266651 -0.047488804673051138 0.23629058470465025 -0.011230044990400923
leaf_weight=37 32 258 21 22 24 45 25 26 39 65 44 173 75 25 29 75 40 22 1383 41 22 22 170 242 21 27 396 37 30 42
leaf_count=37 32 258 21 22 24 45 25 26 39 65 44 173 75 25 29 75 40 22 1383 41 22 22 170 242 21 27 396 37 30 42
internal_value=-0.000754987 -0.00108408 0.00226681 -0.00229518 0.016831 0.00863636 0.0010517 0.0247872 -0.00263541 0.00509615 0.000569006 0.00260869 0.00613014 0.00997696 0.00697917 0.00256302 -0.00265625 0.00387097 -0.00297468 -0.00219626 0.0141781 0.0188636 -0.00165654 -0.00202059 0.000172413 0.00645833 -0.00302528 -0.000780592 0.00544776 0.00359375
internal_weight=3510 3473 922 2551 71 77 851 47 2474 104 826 506 292 217 192 119 320 62 2370 214 73 44 987 923 290 48 633 237 67 64
internal_count=3510 3473 922 2551 71 77 851 47 2474 104 826 506 292 217 192 119 320 62 2370 214 73 44 987 923 290 48 633 237 67 64
is_linear=0
shrinkage=0.05


Tree=11
num_leaves=31
num_cat=0
split_feature=13 14 45 44 0 13 14 56 27 15 14 14 9 9 11 13 2 46 56 35 18 2 0 21 45 15 56 10 13 17
split_gain=11.259 7.88794 5.04172 3.91896 2.54947 2.4296 2.24656 1.97274 2.25961 1.93662 1.76405 1.95891 3.02021 3.61619 3.9185 2.55752 3.05974 1.60866 1.43405 1.33333 1.11935 1.07424 1.25714 0.916667 0.75 0.582107 1.17971 0.653044 0.524232 0.49796
threshold=3.4599999189376835 0.23749999701976779 0.70216664671897899 -1.4999999999999998 0.1799999997019768 -0.17911110818386075 0.29583333432674414 0.69350001215934765 -2.373649954795837 0.70000001788139354 0.38750000298023229 0.23749999701976779 0.093146655708551421 0.25562594830989843 -0.001523430924862623 0.021999999880790714 0.30200000107288366 -0.79866668581962574 -7.7639999389648429 -7.3970000743865958 0.35233333706855779 0.43199999630451208 0.25999999791383749 -0.019199999980628487 -0.042500000447034829 0.36666667461395269 1.3324999809265139 -10.395014762878416 0.041999999433755882 0.20833333581686023
decision_type=2 2 2 2 2 2 2 2 2 2 2 2 2 2 2 2 2 2 2 2 2 2 2 2 2 2 2 2 2 2
left_child=2 9 5 7 20 18 -6 -4 -9 19 11 17 -13 14 -14 16 23 -7 -1 -2 -5 22 -15 24 -16 -20 27 -27 -19 -29
right_child=1 -3 3 4 6 10 -8 8 -10 -11 -12 12 13 21 15 -17 -18 28 25 -21 -22 -23 -24 -25 -26 26 -28 29 -30 -31
leaf_value=0.081268474279611591 0.092008431642068955 0.62598239567487923 0.16275021442358517 0.043100973350275289 0.050859170498521782 0.2042311224656703 0.049266879383807138 0.14950309064748893 -0.010604321782824878 0.60023490416123026 -0.072339630144508935 -0.035036891134553307 0.061111308372849317 -0.016703710265189426 0.028163812614290837 0.037078757607601813 0.038729851811745437 -0.01587974749278671 -0.06199015566441949 -0.031269111814370247 -0.0022544692673944341 -0.032760204065040155 0.041497243658908035 -0.0092972173317497804 -0.0017496163992610796 -0.080889629508202915 0.11502266704689662 0.013235386096657387 0.0079663147643675349 -0.069064219001252078
leaf_weight=34 21 24 22 22 24 20 25 36 258 22 190 99 24 20 20 27 37 551 1035 28 30 107 35 60 30 261 21 200 124 103
leaf_count=34 21 24 22 22 24 20 25 36 258 22 190 99 24 20 20 27 37 551 1035 28 30 107 35 60 30 261 21 200 124 103
internal_value=-0.000925927 0.0160526 -0.00139824 0.003753 0.0123267 -0.00211474 0.0205102 0.00101266 -6.80284e-05 0.00767606 -0.000535715 0.000199306 0.0027342 0.00486111 0.00939394 0.00678161 0.00418367 -0.00147482 -0.00339782 0.00214286 0.00461538 -0.000679014 0.005 -1.19209e-09 0.005 -0.00361111 -0.00235043 -0.00278369 -0.00188889 -0.00120462
internal_weight=3510 95 3415 417 101 2998 49 316 294 71 1344 1154 459 360 198 174 147 695 1654 49 52 162 55 110 50 1620 585 564 675 303
internal_count=3510 95 3415 417 101 2998 49 316 294 71 1344 1154 459 360 198 174 147 695 1654 49 52 162 55 110 50 1620 585 564 675 303
is_linear=0
shrinkage=0.05


Tree=12
num_leaves=31
num_cat=0
split_feature=20 13 53 45 36 13 16 9 47 16 18 19 9 9 2 13 46 47 16 22 11 9 14 22 11 16 37 36 16 0
split_gain=10.9559 4.92876 6.53738 4.08857 2.3141 2.19147 3.0797 2.06166 1.87223 2.27979 2.48026 1.70078 1.83314 2.16245 2.55161 3.98206 2.16919 1.79648 1.53046 1.50306 1.06531 1.03451 1.01082 0.98388 0.768254 0.672061 0.589287 0.621711 0.579451 0.942857
threshold=-14.511000156402586 -0.17911110818386075 2.873000025749207 3.3180832862854008 0.4377999901771546 3.2746666669845585 0.38000001013278967 0.15999624133110049 3.3087825775146489 0.25999999791383749 0.5609206259250642 1.0000000180025095e-35 0.13104625791311267 0.32294882833957678 0.30200000107288366 0.021999999880790714 0.055833334103226669 0.29984189569950109 0.85999998450279247 6.7766499519348153 -0.067935507744550691 0.26178511977195745 0.24583332985639575 11.090099811553957 0.16354220360517505 0.85999998450279247 0.48839999735355383 0.1228500008583069 0.13999999687075618 0.65999999642372142
decision_type=2 2 2 2 2 2 2 2 2 2 2 2 2 2 2 2 2 2 2 2 2 2 2 2 2 2 2 2 2 2
left_child=-1 8 5 4 7 11 24 -4 23 10 20 12 26 14 15 25 -17 -16 21 -15 -10 22 -19 28 -7 -14 -3 -28 29 -2
right_child=1 2 3 -5 -6 6 -8 -9 9 -11 -12 -13 13 19 17 16 -18 18 -20 -21 -22 -23 -24 -25 -26 -27 27 -29 -30 -31
leaf_value=0.50269154655535819 0.080088305090188119 -0.023068830880484222 0.18180728368790489 -0.030629137528004769 0.02489911545494064 -0.029583012091892038 0.47316435079008018 0.070505523822318464 0.095953054072045685 -0.091349567133026971 0.14278818207025859 -0.067667155203930046 -0.0081400366306218618 -0.015210628125867097 0.27954523918021007 0.021371957983370132 0.045232639192579797 0.012897167189370024 0.036137732437903497 0.13654169818570225 -0.073799020488237943 -0.028731083797662278 0.049895423838651212 0.15524615105145467 0.61245396154695686 0.010834882714967402 -0.0028182516859183008 0.22294549351671467 -0.059063810638293829 -0.082008923260702637
leaf_weight=37 20 372 22 34 26 36 20 30 20 93 31 187 182 343 27 30 21 35 27 26 29 25 37 20 20 30 48 28 1632 22
leaf_count=37 20 372 22 34 26 36 20 30 20 93 31 187 182 343 27 30 21 35 27 26 29 25 37 20 20 30 48 28 1632 22
internal_value=-0.000982907 -0.00127124 0.00075965 0.0124107 0.0187179 -0.00011379 0.00815789 0.0248077 -0.00301821 0.00193641 0.008125 -0.000557124 0.000117789 0.00157727 0.00405797 0.00108365 0.0136274 0.00923841 0.00669355 -0.00120596 0.00112245 0.00376289 0.00680555 -0.0035242 0.00214286 -0.00193396 -0.00243304 0.00157895 -0.00365592 0.00214286
internal_weight=3510 3473 1606 112 78 1494 76 52 1867 173 80 1418 1231 783 414 263 51 151 124 369 49 97 72 1694 56 212 448 76 1674 42
internal_count=3510 3473 1606 112 78 1494 76 52 1867 173 80 1418 1231 783 414 263 51 151 124 369 49 97 72 1694 56 212 448 76 1674 42
is_linear=0
shrinkage=0.05


Tree=13
num_leaves=31
num_cat=0
split_feature=13 53 13 28 8 36 46 9 13 14 9 4 44 4 4 14 16 9 18 53 18 13 6 14 46 27 45 14 4 14
split_gain=7.95481 4.58376 4.04882 3.95056 3.57515 3.51777 2.40616 1.97699 1.97687 1.9298 1.86086 1.5681 1.32254 1.35307 1.67152 1.28328 3.90531 1.86778 1.13575 1.08559 1.01063 0.837843 1.87998 1.60952 0.83604 0.867999 0.745626 0.737955 0.665131 0.557381
threshold=3.4819999933242802 2.873000025749207 -0.16200000047683713 3.1397500038146977 1.1000000238418581 0.4377999901771546 4.3568332195281991 0.16814770549535754 0.021999999880790714 0.095833335071802153 0.24026839435100558 0.85999998450279247 -6.4999999999999991 0.13999999687075618 0.479999989271164 0.39583334326744085 0.85999998450279247 0.22126521915197375 0.53235557675361644 -1.0000000180025095e-35 0.50834298133850109 -0.058000000193715089 0.70000001788139354 0.26250000298023229 0.40199999511241918 -2.3027000427246089 -0.86866667866706837 0.054166667163372047 0.13999999687075618 0.27083334326744085
decision_type=2 2 2 2 2 2 2 2 2 2 2 2 2 2 2 2 2 2 2 2 2 2 2 2 2 2 2 2 2 2
left_child=1 6 9 5 19 7 8 -4 12 -3 20 28 24 -14 15 16 21 -18 -8 -2 29 26 -23 -24 -1 -26 -15 -27 -12 -10
right_child=4 2 3 -5 -6 -7 18 -9 10 -11 11 -13 13 14 -16 -17 17 -19 -20 -21 -22 22 23 -25 25 27 -28 -29 -30 -31
leaf_value=-0.05680523982170075 0.41811218208585443 0.084660834813756428 0.18582896906469001 -0.033133294377071298 0.57739667393817795 0.023497837212285818 0.09117617911800921 0.050348228510908859 0.043359450362105013 -0.075652606262185229 0.011269984986484167 0.078925631785761508 -0.019930991096644233 0.059363069906350041 -0.063015189771454552 -0.069571358283680926 0.055150848864881134 0.022816794355844123 0.18410250586781254 0.337880508175531 -0.0023050174024820181 -0.023383288597741754 0.26273122013344646 0.049410470321714431 0.057241327352827165 0.18202466448562937 -0.0082624114143245025 -0.073406872087431504 -0.040681144361230298 0.02503794201682201
leaf_weight=1374 26 35 20 29 20 30 34 27 20 94 30 29 631 22 136 74 20 25 23 38 20 35 28 20 20 22 361 65 179 23
leaf_count=1374 26 35 20 29 20 30 34 27 20 94 30 29 631 22 136 74 20 25 23 38 20 35 28 20 20 22 361 65 179 23
internal_value=-0.00115385 -0.00152656 0.00521276 0.0124528 0.0140476 0.0183766 -0.00202288 0.0269149 -0.00220804 -0.000736435 0.00164452 -0.000378152 -0.00261737 -0.00148669 -6.936e-06 0.00115384 0.00204501 0.0161111 0.00815789 0.00828125 0.00928571 0.000686694 0.00524096 0.0116667 -0.00364956 0.000607475 -0.000300262 -0.00155173 -0.00188995 0.0136046
internal_weight=3510 3426 235 106 84 77 3191 47 3134 129 301 238 2833 1352 721 585 511 45 57 64 63 466 83 48 1481 107 383 87 209 43
internal_count=3510 3426 235 106 84 77 3191 47 3134 129 301 238 2833 1352 721 585 511 45 57 64 63 466 83 48 1481 107 383 87 209 43
is_linear=0
shrinkage=0.05


Tree=14
num_leaves=31
num_cat=0
split_feature=35 45 44 0 10 13 56 56 16 56 27 12 20 56 19 8 16 0 0 16 22 37 44 21 56 45 37 21 56 35
split_gain=7.2665 4.33436 3.44325 3.43112 3.06618 2.30598 2.42443 1.83745 3.73599 1.67127 1.40005 1.13409 1.39423 1.07143 0.85977 1.01936 0.715776 1.77301 0.683931 0.633403 0.715153 0.701395 0.747509 0.68407 0.646814 3.07429 0.603369 0.836237 0.525502 0.739314
threshold=-12.266499996185301 0.62133333086967479 -1.4999999999999998 0.21999999880790713 -9.1671533584594709 0.021999999880790714 0.55750000476837169 -5.9255001544952384 0.21999999880790713 0.67749997973442089 -2.373649954795837 0.88329482078552257 -3.0210000276565547 2.8294999599456792 1.0000000180025095e-35 1.3666666746139529 0.38000001013278967 0.62000000476837169 0.81999999284744274 0.29999999701976782 0.62450000643730175 0.17944999784231189 -2.4999999999999996 0.0057000000961124906 -0.45999999344348902 -0.028000000864267346 7.2000999450683603 1.6317499876022341 0.65749999880790722 -0.0062500000931322566
decision_type=2 2 2 2 2 2 2 2 2 2 2 2 2 2 2 2 2 2 2 2 2 2 2 2 2 2 2 2 2 2
left_child=-1 5 9 13 -5 7 14 8 -2 -3 -11 12 -9 -4 15 16 18 -18 -7 20 21 24 23 -23 25 -14 -13 -28 -21 -30
right_child=1 2 3 4 -6 6 -8 11 -10 10 -12 26 19 -15 -16 -17 17 -19 -20 28 -22 22 -24 -25 -26 -27 27 -29 29 -31
leaf_value=0.49830318956925201 0.11970524519941068 0.1459250942912263 -0.0030630582813400489 0.061623992202685579 0.07068559334378359 -0.036294923339207689 0.19907668734664685 0.098196524129845197 -0.13106437742895369 0.12816272038396279 -0.0066821118283427738 -0.037808463682010685 -0.034476207944883965 0.10713278302022669 -0.063302117665915134 0.049982039309286089 0.37136558903808681 -0.0032049091008540184 0.13337616866523824 -0.046148494306348563 -0.028875482745062811 -0.051072602296983197 0.20607102306271607 0.18124086443264453 -0.023948762741083655 0.24748258343328869 0.10769962923368491 -0.071965446543024419 0.0089607200044503604 -0.014346294838526086
leaf_weight=24 33 25 40 21 34 135 37 22 40 36 291 1457 137 30 60 20 20 44 20 386 85 34 20 35 280 20 21 20 23 60
leaf_count=24 33 25 40 21 34 135 37 22 40 36 291 1457 137 30 60 20 20 44 20 386 85 34 20 35 280 20 21 20 23 60
internal_value=-0.00116809 -0.00135686 0.00307128 0.0102 0.0195455 -0.00205882 0.00184524 -0.00254957 0.00527397 0.000539772 -0.000412845 -0.00276923 -0.00155173 0.00285714 0.000351169 0.00169456 0.000707761 0.00515625 -0.00112903 -0.00180556 -0.000744682 -5.70354e-05 0.00398876 0.00152174 -0.000881008 0.0016879 -0.00366489 0.00231707 -0.00318763 0.000421686
internal_weight=3510 3486 477 125 55 3009 336 2673 73 352 327 2600 1102 70 299 239 219 64 155 1080 611 526 89 69 437 157 1498 41 469 83
internal_count=3510 3486 477 125 55 3009 336 2673 73 352 327 2600 1102 70 299 239 219 64 155 1080 611 526 89 69 437 157 1498 41 469 83
is_linear=0
shrinkage=0.05


Tree=15
num_leaves=31
num_cat=0
split_feature=13 45 53 46 16 37 14 13 13 26 9 12 9 12 44 0 27 26 12 26 44 17 36 14 14 14 53 14 3 12
split_gain=6.33411 3.61484 3.17823 2.65688 4.82576 1.92906 4.55793 3.30632 1.29191 1.28376 1.15333 1.32709 0.931306 1.86058 0.840185 1.23826 1.11684 0.794558 0.778108 1.31258 0.750229 0.71473 0.652497 0.636592 0.61848 1.04143 0.584982 0.533753 0.505499 0.524351
threshold=3.6980000734329228 0.60366666316986095 -1.0000000180025095e-35 -4.6759998798370352 0.21999999880790713 1.6170499920845034 0.10416666790843011 -0.041999999433755868 -0.32600000500679011 -0.97999998927116383 0.2982576191425324 5.2279784679412851 0.16003508865833285 0.74766418337821972 -3.4999999999999996 0.25999999791383749 -2.373649954795837 1.1429999470710757 0.38840174674987799 -0.39150001108646387 84.500000000000014 0.20833333581686023 -0.36614999175071711 0.33750000596046453 0.32083332538604742 0.28749999403953558 0.81299999356269848 0.037500001490116126 0.19831921160221103 0.46003319323062902
decision_type=2 2 2 2 2 2 2 2 2 2 2 2 2 2 2 2 2 2 2 2 2 2 2 2 2 2 2 2 2 2
left_child=1 3 -2 4 -1 14 -7 -8 18 10 11 12 21 -14 16 24 -3 -17 19 -5 28 22 -10 -15 25 -16 -21 -20 -11 -30
right_child=2 5 -4 8 -6 6 7 -9 9 20 -12 -13 13 23 15 17 -18 -19 27 26 -22 -23 -24 -25 -26 -27 -28 -29 29 -31
leaf_value=0.11372120006900772 0.51322163712397284 0.060185919683182869 0.26079290448855569 0.21687102731678945 -0.12169278169588492 0.14434332465789149 -0.028752438421145072 0.04592027574665869 -0.054388910155393523 -0.025314343909044329 -0.032547654017261382 0.036895025531131879 0.11619152120626822 0.017634692154540672 -0.0083834393729255857 0.16573744273220517 -0.019944126352499741 0.018390460726416369 0.015476660384524055 -0.070493175078539944 0.32464897888890487 -0.034628159916084783 0.23129935984746305 -0.021004911457212422 -0.013140251579274197 0.0072169054799374778 0.10519099475542566 -0.070169059914541726 0.00054031797026110292 -0.018418286362029475
leaf_weight=22 25 22 27 28 26 36 89 26 21 659 130 23 36 37 50 27 156 25 39 115 27 61 20 48 39 20 28 825 260 562
leaf_count=22 25 22 27 28 26 36 89 26 21 659 130 23 36 37 50 27 156 25 39 115 27 61 20 48 39 20 28 825 260 562
internal_value=-0.001167 -0.00142754 0.0161538 -0.0020846 0.00958333 0.00255102 0.00725165 0.0023913 -0.00227647 -0.00149682 0.00111702 0.00313008 0.00195067 0.00491735 0.000457226 0.00307453 -0.00191011 0.00942308 -0.00369565 -0.000614036 -0.00214854 -0.00156863 0.00353658 0.000882352 4.58704e-05 0.00285714 -0.00255245 -0.00430556 -0.00229912 -0.00147202
internal_weight=3509 3457 52 2967 48 490 151 115 2919 1884 376 246 223 121 339 161 178 52 1035 171 1508 102 41 85 109 70 143 864 1481 822
internal_count=3509 3457 52 2967 48 490 151 115 2919 1884 376 246 223 121 339 161 178 52 1035 171 1508 102 41 85 109 70 143 864 1481 822
is_linear=0
shrinkage=0.05


Tree=16
num_leaves=31
num_cat=0
split_feature=13 46 56 11 11 27 11 17 46 13 27 53 13 19 17 28 13 11 13 27 3 6 11 11 8 37 4 56 8 45
split_gain=4.4722 3.5792 3.26786 2.02381 1.69626 2.34113 1.44915 1.88371 1.93697 1.75243 1.77564 2.77048 1.16324 1.0729 1.12954 2.22251 1.98413 0.9245 1.66391 1.21212 0.987712 1.27201 1.0624 0.888527 0.726173 0.931457 0.720895 0.650603 0.571081 1.18636
threshold=3.5680000782012944 -4.6759998798370352 1.372500002384186 -0.029084592126309868 -0.2124078497290611 -0.023700000718235966 -0.076079230755567537 0.29166667163372045 4.2610001564025888 -0.14111111313104627 0.044300001114606864 2.2044999599456792 -0.32600000500679011 1.0000000180025095e-35 0.62500000000000011 -0.48774999380111689 -0.058000000193715089 0.15060903877019885 -1.0000000180025095e-35 1.0000000180025095e-35 0.29734541475772863 0.70000001788139354 0.2311523109674454 -0.014455747324973343 0.70000001788139354 0.57785001397132885 0.21999999880790713 3.279000043869019 0.56666669249534618 0.042249999940395362
decision_type=2 2 2 2 2 2 2 2 2 2 2 2 2 2 2 2 2 2 2 2 2 2 2 2 2 2 2 2 2 2
left_child=1 3 12 -1 -2 -6 7 8 -4 24 11 -11 28 14 17 16 -16 -14 20 -20 22 -22 -19 -17 25 -8 27 -12 29 -3
right_child=4 2 6 -5 5 -7 9 -9 -10 10 26 -13 13 -15 15 23 -18 18 19 -21 21 -23 -24 -25 -26 -27 -28 -29 -30 -31
leaf_value=0.12899049275059596 0.15000064490965431 -0.065652819329965417 0.11481664681781419 -0.021563821600214434 0.52004804063379295 0.29525587660596975 -0.025527245526433574 -0.10515322557740539 0.14576181081870385 0.010728020834672912 -0.0050423017180642963 0.05293773247027897 -0.017542085367627358 -0.060736570140904417 0.0085463082426325086 0.023901443566033839 0.045099685648785408 0.0067556458954603276 0.23857098075927349 -0.0062876287057483564 0.064127070371125403 -0.028492263740445025 -0.023323093565178522 -0.013041225316367056 -0.042556225202824011 0.12188016318521555 0.038275815327385193 0.026740067807098134 -0.07134183501592295 0.14945508087710305
leaf_weight=30 29 342 37 21 20 22 64 27 22 57 109 30 1070 205 35 29 28 25 33 22 20 21 162 142 126 31 33 21 646 50
leaf_count=30 29 342 37 21 20 22 64 27 22 57 109 30 1070 205 35 29 28 25 33 22 20 21 162 142 126 31 33 21 646 50
internal_value=-0.001224 -0.00148051 -0.00167848 0.0116667 0.0111972 0.017619 0.00182226 0.0077907 0.0127966 0.000732483 0.0036 0.00936781 -0.00236749 -0.00159598 -0.00115627 0.00205128 0.0100794 -0.00171101 0.000830388 0.00863636 -0.00105263 0.00597561 -0.00259358 -0.000906434 -0.00251131 0.000789472 0.000521471 -0.00115385 -0.00369942 -0.00219388
internal_weight=3509 3438 3387 51 71 42 557 86 59 471 250 87 2830 1792 1587 234 63 1353 283 55 228 41 187 171 221 95 163 130 1038 392
internal_count=3509 3438 3387 51 71 42 557 86 59 471 250 87 2830 1792 1587 234 63 1353 283 55 228 41 187 171 221 95 163 130 1038 392
is_linear=0
shrinkage=0.05


Tree=17
num_leaves=31
num_cat=0
split_feature=47 56 16 28 21 18 18 47 44 14 10 3 44 53 44 14 2 16 9 11 35 11 7 18 45 36 16 18 18 18
split_gain=3.5425 2.71108 2.3994 2.28564 2.13899 1.80923 3.54235 1.29338 1.23275 1.60303 1.22242 1.1185 1.08765 1.09461 1.8824 0.91608 0.982935 3.23803 1.00358 1.15509 0.904633 0.757675 0.717796 0.67413 0.657147 0.651296 0.631374 0.726175 0.50318 0.695338
threshold=3.7337081432342534 1.372500002384186 0.29999999701976782 2.4703499078750615 1.6317499876022341 0.59384918212890636 0.53235557675361644 4.6207702159881601 84.500000000000014 0.045833334326744087 -9.8520278930664045 0.18713862448930743 1.5000000000000002 3.2064999341964726 -3.4999999999999996 0.38750000298023229 0.5000000149011613 0.85999998450279247 0.1459411904215813 0.17400176078081134 2.4202500581741337 -0.083431154489517198 1.0000000180025095e-35 0.54808887839317333 -0.95716667175292958 0.25505000352859503 0.21999999880790713 0.37407778203487402 0.39782011508941656 0.29244443774223333
decision_type=2 2 2 2 2 2 2 2 2 2 2 2 2 2 2 2 2 2 2 2 2 2 2 2 2 2 2 2 2 2
left_child=1 8 4 12 5 6 7 -2 10 -10 20 26 13 21 -15 16 17 18 -13 28 -1 -3 -23 -22 -18 -24 27 -12 29 -20
right_child=2 3 -4 -5 -6 -7 -8 -9 9 -11 11 15 -14 14 -16 -17 24 -19 19 -21 23 22 25 -25 -26 -27 -28 -29 -30 -31
leaf_value=-0.048307671971448959 -0.061812386998645878 0.11302712323831142 -0.02071349402522938 0.12937397460359959 -0.080877295060274024 -0.015305330552642844 0.14411428617088759 0.2260099368270114 0.41887588741860232 -0.047562205694577253 0.20898463966133229 -0.015813153509031154 0.31316517872064797 -0.020427142015934541 0.033903365648612509 -0.056877443495837766 0.024382314229775853 0.041750238446837222 0.00050272885669058742 0.013917212003156546 -0.032602756083192748 -0.0094961699456618601 0.01103467185112729 0.22874476313090791 -0.01128257815520356 -0.00653086568919309 -0.029685232802332259 -0.032636428775011564 -0.0038505050552486639 0.1995781160816798
leaf_weight=1240 28 37 74 26 33 30 39 33 22 33 22 130 25 30 38 99 20 31 38 29 31 242 24 20 448 29 507 53 73 25
leaf_count=1240 28 37 74 26 33 30 39 33 22 33 22 130 25 30 38 99 20 31 38 29 31 242 24 20 448 29 507 53 73 25
internal_value=-0.00140923 -0.0018368 0.00449367 0.00176275 0.00788343 0.0107692 0.014 0.00647541 -0.00241227 0.005 -0.00255965 -0.00157627 0.000882352 0.000249999 0.00602941 -0.000464727 0.000100754 0.00220859 0.000593219 0.00318182 -0.00368319 -0.000933736 -0.00177966 0.00284314 -0.00136752 0.00349056 -0.00328179 0.000999999 0.00125 0.00452381
internal_weight=3509 3272 237 451 163 130 100 61 2821 55 2766 1475 425 400 68 893 794 326 295 165 1291 332 295 51 468 53 582 75 136 63
internal_count=3509 3272 237 451 163 130 100 61 2821 55 2766 1475 425 400 68 893 794 326 295 165 1291 332 295 51 468 53 582 75 136 63
is_linear=0
shrinkage=0.05


Tree=18
num_leaves=31
num_cat=0
split_feature=47 2 18 13 56 28 11 44 14 20 3 2 14 16 11 2 10 12 16 18 10 12 21 16 8 18 27 45 18 9
split_gain=3.57679 2.27648 2.95699 2.1273 3.31409 2.01667 1.84472 1.57132 2.5019 1.51974 1.22316 1.82677 1.91658 4.93063 2.5594 1.50431 1.36566 1.13043 1.05778 1.6777 1.03226 0.820719 2.35219 0.654857 0.634921 0.591013 0.890416 0.529651 0.679192 0.504489
threshold=3.7337081432342534 0.30200000107288366 0.45290370285511022 -0.17911110818386075 3.0419999361038212 1.4885500073432925 -0.1134306564927101 84.500000000000014 0.045833334326744087 4.7500000000000009 0.1726275831460953 0.5000000149011613 0.39583334326744085 0.85999998450279247 0.022286840714514259 0.30200000107288366 -9.4671277999877912 3.5363901853561406 0.25999999791383749 0.5656111240386964 -9.0316057205200178 0.74766418337821972 -1.7840499877929685 0.13999999687075618 1.1666666865348818 0.238546296954155 0.015949999913573269 -0.95716667175292958 0.54363778233528148 0.13468468189239505
decision_type=2 2 2 2 2 2 2 2 2 2 2 2 2 2 2 2 2 2 2 2 2 2 2 2 2 2 2 2 2 2
left_child=3 2 17 9 7 -6 -4 10 -9 21 -5 12 13 15 -15 25 24 -2 19 -3 -18 22 -1 -24 -17 26 -12 28 -25 -27
right_child=1 18 6 4 5 -7 -8 8 -10 -11 11 -13 -14 14 -16 16 20 -19 -20 -21 -22 -23 23 27 -26 29 -28 -29 -30 -31
leaf_value=0.16986434975272613 -0.061288411562119872 -0.019698676939597117 0.25907143158567125 -0.018921593066349416 0.01897052353253572 0.055643718140670331 0.18185830466456765 0.49935788750083154 -0.045184095409848406 0.12426863306965322 0.011483852884298235 -0.026986078126208526 -0.056007712465234095 0.0433116348437457 0.027900582738353736 -0.014527894971170767 0.039746076846276318 0.092749300300127444 -0.067270367254929284 0.09271571235184152 0.0085901468064115954 -0.053752802211707362 0.12497829135811578 -0.039754535205440561 0.022061201383231269 0.0059326676331942618 -0.0041081817298605876 -0.045875271522407064 0.088090263691906964 -0.010516329470304415
leaf_weight=20 26 38 23 664 40 24 21 25 33 31 21 287 81 20 23 36 31 23 82 24 31 1045 23 49 20 38 22 544 22 142
leaf_count=20 26 38 23 664 40 24 21 25 33 31 21 287 81 20 23 36 31 23 82 24 31 1045 23 49 20 38 22 544 22 142
internal_value=-0.00143773 0.00449367 0.0105914 -0.00186736 -0.000513655 0.010625 0.02 -0.000997287 0.00706896 -0.00306805 -0.00132768 5.31903e-05 0.00198925 0.00346354 0.0194186 0.00145161 0.00601695 0.00214286 0.000555554 0.00548387 0.011129 -0.00326776 -0.0018845 -0.00241379 0.000357142 -0.000964127 0.00430232 -0.00272358 0.00133803 -0.00222222
internal_weight=3509 237 93 3272 1538 64 44 1474 58 1734 1416 752 465 384 43 341 118 49 144 62 62 1703 658 638 56 223 43 615 71 180
internal_count=3509 237 93 3272 1538 64 44 1474 58 1734 1416 752 465 384 43 341 118 49 144 62 62 1703 658 638 56 223 43 615 71 180
is_linear=0
shrinkage=0.05


Tree=19
num_leaves=31
num_cat=0
split_feature=46 16 13 46 13 19 4 6 3 13 13 11 10 16 20 13 12 11 14 47 17 35 11 12 9 16 3 35 12 46
split_gain=3.51631 3.55277 3.01227 2.69271 1.60766 1.66104 1.90845 2.62542 3.78543 1.84352 1.63698 1.56336 1.40818 1.62651 1.24301 1.15265 1.6834 1.11935 0.882244 0.957783 1.262 0.871527 1.13001 0.750487 0.6873 0.656038 0.550863 1.02806 0.525513 0.64191
threshold=-4.6759998798370352 0.21999999880790713 3.6980000734329228 4.3568332195281991 -0.17911110818386075 1.0000000180025095e-35 0.099999997764825835 0.55000001192092907 0.29734541475772863 -0.10111111029982565 -0.041999999433755868 -0.076079230755567537 -9.5002446174621564 0.25999999791383749 11.655000209808351 0.021999999880790714 4.5047369003295907 -0.2124078497290611 0.054166667163372047 0.38138645887374883 0.20833333581686023 0.53200000524520885 -0.10644736513495444 2.459936380386353 1.4006283879280093 0.13999999687075618 0.19831921160221103 0.039750000461936004 4.3885152339935312 0.010833333246409895
decision_type=2 2 2 2 2 2 2 2 2 2 2 2 2 2 2 2 2 2 2 2 2 2 2 2 2 2 2 2 2 2
left_child=1 -1 3 4 14 6 15 24 10 -10 26 -5 -12 -14 18 -6 -17 -4 19 -2 21 22 -21 -15 -8 -20 27 -9 -28 -30
right_child=2 -3 17 11 5 -7 7 8 9 -11 12 -13 13 23 -16 16 -18 -19 25 20 -22 -23 -24 -25 -26 -27 28 -29 29 -31
leaf_value=0.084900918318699656 -0.05726715465430933 -0.0030132823065598838 0.10318562385737054 0.11675208985445723 -0.019029615878215771 -0.053191010302016055 -0.026382930885794093 -0.017861365773988089 0.017771790757228078 0.06754647673565882 0.02525472253780689 0.010889125653530484 0.0044671206859630387 0.043154838265378338 0.11937631981339523 -0.004025544431103833 0.032237838601441395 0.44998578847959875 0.047469558801551667 0.15879370294819994 -0.031427362212668092 0.17588913423754343 -0.0062515038183653757 0.030567632492807969 0.019646464285962353 -0.049183492050199062 -0.009250693005478948 0.031653269626431356 -0.00053053371229614614 0.0063877779354652832
leaf_weight=22 108 29 22 26 600 201 254 22 21 25 52 31 25 28 28 42 31 30 38 23 63 20 50 23 37 1452 125 23 26 32
leaf_count=22 108 29 22 26 600 201 254 22 21 25 52 31 25 28 28 42 31 30 38 23 63 20 50 23 37 1452 125 23 26 32
internal_value=-0.00136649 0.0116667 -0.00155871 -0.00174105 -0.00192446 -0.000756223 -0.000131773 0.00170996 0.00432836 0.0178261 0.00258427 0.00903509 0.00710937 0.0114474 -0.00295174 -0.00202823 0.00390411 0.0103846 -0.00311859 -0.000454547 0.00205128 0.00575269 0.00321918 0.0165686 -0.00190722 -0.00359061 4.38585e-05 0.005 -0.00117486 0.00275862
internal_weight=3509 51 3458 3406 3349 1567 1366 693 402 46 356 57 128 76 1782 673 73 52 1754 264 156 93 73 51 291 1490 228 45 183 58
internal_count=3509 51 3458 3406 3349 1567 1366 693 402 46 356 57 128 76 1782 673 73 52 1754 264 156 93 73 51 291 1490 228 45 183 58
is_linear=0
shrinkage=0.05


Tree=20
num_leaves=31
num_cat=0
split_feature=13 14 14 46 46 26 35 16 18 13 8 27 10 20 16 11 46 10 20 37 10 18 0 27 0 13 12 46 10 11
split_gain=2.72296 2.95884 3.07768 2.53296 2.46901 1.91889 1.78227 2.09174 2.33445 1.49337 2.51154 1.46823 1.31206 1.225 1.14775 4.54204 0.929339 1.35087 0.899451 0.832035 0.800783 0.723851 1.04356 1.01689 0.936101 1.7415 0.700568 0.663531 0.643323 0.607711
threshold=-0.32000000774860377 0.32916666567325598 0.29583333432674414 -0.043500000610947602 -4.9548332691192618 -1.392750024795532 2.3380000591278081 0.25999999791383749 0.37659259140491491 0.52000001072883617 0.2333333417773247 -4.1172997951507559 -8.9760265350341779 1.0419999957084658 0.85999998450279247 -0.0053677258547395459 0.11916666850447656 -9.4671277999877912 4.7500000000000009 -0.030250000767409798 -9.4671277999877912 0.41544620692729956 0.25999999791383749 -1.285549998283386 0.38000001013278967 -0.10111111029982565 0.43608544766902929 -0.18083333224058148 -8.731536388397215 0.15060903877019885
decision_type=2 2 2 2 2 2 2 2 2 2 2 2 2 2 2 2 2 2 2 2 2 2 2 2 2 2 2 2 2 2
left_child=18 2 4 -4 -2 -5 9 8 -8 14 -11 -12 16 -10 20 -16 17 -7 26 -17 -6 22 27 -23 25 -24 29 -22 -28 -1
right_child=1 -3 3 5 6 12 7 -9 13 10 11 -13 -14 -15 15 19 -18 -19 -20 -21 21 23 24 -25 -26 -27 28 -29 -30 -31
leaf_value=-0.029077732821184157 0.10151210106085173 -0.020704340238281591 -0.00029473994582641651 0.052141804952437878 -0.020747926638020123 0.055022136927091549 0.19174703733327292 -0.02914605482371363 0.17360145120961498 0.36164542483093343 0.1435221990245647 -0.040823531222370146 0.029614528578113593 -0.044306714456544577 0.03905823010113485 0.0097399599327214013 -0.020878848031483613 -0.0009192489356293611 0.099353152050593321 -0.019314528549828416 0.21058513927707448 0.16038198775184109 0.0061034368928949839 -0.0096195105643707927 0.0079781980690840932 0.27474005299596027 -0.056132899752999524 -0.022223895693302645 0.065726289790678516 0.21159861720151271
leaf_weight=254 24 516 83 22 616 20 27 58 20 22 20 57 33 20 23 30 20 22 37 110 29 23 28 284 65 21 895 109 21 28
leaf_count=254 24 516 83 22 616 20 27 58 20 22 20 57 33 20 23 30 20 22 37 110 29 23 28 284 65 21 895 109 21 28
internal_value=-0.00132457 -0.000308429 0.000655094 0.0065 -8.19684e-05 0.0112393 -0.000326506 0.0054 0.0114179 -0.000824636 0.00510101 0.000844155 0.00815789 0.00375 -0.00126308 0.00266871 0.00387097 0.00809524 -0.00321862 -0.000714287 -0.00180851 -0.000438284 0.00154762 -0.00206841 0.00508772 0.0103061 -0.00345576 -0.00137681 -0.00412664 -0.0012766
internal_weight=3537 2302 1786 200 1586 117 1562 125 67 1437 99 77 95 40 1338 163 62 42 1235 140 1175 559 252 307 114 49 1198 138 916 282
internal_count=3537 2302 1786 200 1586 117 1562 125 67 1437 99 77 95 40 1338 163 62 42 1235 140 1175 559 252 307 114 49 1198 138 916 282
is_linear=0
shrinkage=0.05


Tree=21
num_leaves=31
num_cat=0
split_feature=13 14 14 26 22 14 9 9 36 56 14 36 13 15 16 11 20 37 16 36 27 12 16 20 22 2 11 10 0 9
split_gain=2.6314 2.25893 2.34032 2.74571 1.76298 3.41333 1.49402 1.53668 2.05142 1.47098 2.09242 1.05974 1.05794 3.37519 1.08052 4.25926 0.918522 0.832035 0.768249 3.07785 1.5254 0.66927 0.654208 0.696265 0.604454 0.78652 0.529482 0.656821 1.22909 0.52776
threshold=-0.32000000774860377 0.32916666567325598 0.29583333432674414 -1.5327500104904173 5.1900000572204599 0.12916667014360431 0.13929094374179843 0.24720886349678042 -0.13799999654293058 -6.6915001869201651 0.12083333358168603 0.1600499972701073 0.52000001072883617 0.76666668057441723 0.85999998450279247 -0.0053677258547395459 4.7500000000000009 -0.030250000767409798 0.21999999880790713 0.24645000696182254 0.36464999616146093 0.38840174674987799 0.45999999344348913 -3.0210000276565547 -0.076950002461671815 0.58933332562446605 -0.27873207628726954 -9.3615336418151838 0.25999999791383749 0.15539041161537173
decision_type=2 2 2 2 2 2 2 2 2 2 2 2 2 2 2 2 2 2 2 2 2 2 2 2 2 2 2 2 2 2
left_child=16 2 4 -4 9 -6 -5 8 -8 10 -2 -9 14 -14 18 -16 21 -17 19 26 -21 24 23 -3 25 -1 -11 28 -28 -20
right_child=1 22 3 6 5 -7 7 11 -10 12 -12 -13 13 -15 15 17 -18 -19 29 20 -22 -23 -24 -25 -26 -27 27 -29 -30 -31
leaf_value=-0.099626215652284286 0.11327357892269421 0.40979489502124572 0.044782182569828882 -0.0049866306892091886 0.10510338137839843 -0.063880359683094398 0.055204212628501337 -0.03289912731792894 0.018984879883542412 -0.0438747318903117 -0.033448507895139756 0.040535122413466247 -0.045579176655821778 0.33476448304048878 0.036813451565203159 0.0092529619360853278 0.094385494448063656 -0.018348802122336996 -0.021775976219053014 0.25141946250981401 -0.0017791752043556223 -0.053214800510619109 -0.042937779438168518 -0.0084645096897577234 -0.024846778162929031 0.20594356215049703 0.2165112523621236 -0.034381112469854015 -0.009480496532397872 -0.0045323022858834144
leaf_weight=21 39 20 25 58 20 30 25 34 37 89 30 21 56 20 24 30 37 110 405 36 20 986 278 218 169 22 22 83 50 522
leaf_count=21 39 20 25 58 20 30 25 34 37 89 30 21 56 20 24 30 37 110 405 36 20 986 278 218 169 22 22 83 50 522
internal_value=-0.00143766 -0.00043875 0.000403134 0.0055 -0.000239598 0.009 0.00328571 0.00653846 0.0119355 -0.000540366 0.0065942 0.000454544 -0.000875938 0.00486842 -0.00118979 0.00262195 -0.0032996 -0.000714287 -0.00169927 0.000499999 0.0110714 -0.00353923 -0.00335271 -0.00142857 -0.000990567 0.00430232 -0.00192623 -0.000161292 0.00333333 -0.002411
internal_weight=3537 2302 1786 200 1586 50 175 117 62 1536 69 55 1467 76 1391 164 1235 140 1227 300 56 1198 516 238 212 43 244 155 72 927
internal_count=3537 2302 1786 200 1586 50 175 117 62 1536 69 55 1467 76 1391 164 1235 140 1227 300 56 1198 516 238 212 43 244 155 72 927
is_linear=0
shrinkage=0.05


Tree=22
num_leaves=31
num_cat=0
split_feature=13 14 46 14 9 46 9 22 14 13 14 10 16 12 12 28 46 26 2 6 46 26 18 48 18 37 16 13 16 46
split_gain=2.23179 2.36343 2.00674 2.04587 2.29765 1.96826 1.63421 1.3446 2.025 1.08917 3.26785 1.67037 1.1857 2.71316 2.45268 1.07333 1.0022 1.53245 0.813154 0.658689 0.642626 0.607535 0.844812 1.27732 0.872727 1.59307 0.574013 1.02444 0.517256 0.475932
threshold=-0.29199999570846552 0.32916666567325598 -4.9548332691192618 0.30416667461395269 0.14182496070861819 -0.14566666632890699 0.30287946760654455 5.8476500511169442 0.18750000000000003 0.52000001072883617 0.029166667722165588 -12.107693195343016 0.85999998450279247 0.34010188281536108 2.0629919767379765 0.52654999494552623 0.37800000607967382 0.80750000476837169 0.30200000107288366 0.40000000596046453 -0.79866668581962574 -1.0784999728202818 0.37566666305065161 1.0000000180025095e-35 0.50593650341033947 -1.0000000180025095e-35 0.38000001013278967 -0.006000000284984707 0.13999999687075618 -2.1233333945274349
decision_type=2 2 2 2 2 2 2 2 2 2 2 2 2 2 2 2 2 2 2 2 2 2 2 2 2 2 2 2 2 2
left_child=16 2 -2 7 -5 -6 15 9 -9 12 -11 -12 20 -14 -15 -7 28 19 -16 -18 -4 22 23 -22 -24 -26 27 -3 -1 -30
right_child=1 26 3 4 5 6 -8 8 -10 10 11 -13 13 14 18 -17 17 -19 -20 -21 21 -23 24 -25 25 -27 -28 -29 29 -31
leaf_value=0.053020853963272767 0.091516848629240116 -0.013148329195543821 0.20763266358652938 -0.0025703734464244095 -0.0035835613513547845 0.049889730306622526 0.046576555497789419 0.09984821230947849 -0.060686335758381754 0.31802625888846436 -0.036151106322105039 0.17963996454775724 -0.013987905664445613 0.030559472435762326 -0.0039850775930183489 0.030835366658574212 -0.037842099345185093 0.10564975769332492 0.02776770632312427 0.072164914790540283 -0.026994769818332428 -0.0092381015616181637 -0.040058097846039413 0.060642542372733359 -0.032371683827832655 0.18613151426088706 -0.03698399761631254 0.12492875619358174 0.0049003600442497491 -0.050333842257058392
leaf_weight=32 22 163 27 43 28 25 30 20 20 20 71 24 101 20 28 21 78 22 29 30 27 986 66 26 23 21 303 28 48 1155
leaf_count=32 22 163 27 43 28 25 30 20 20 20 71 24 101 20 28 21 78 22 29 30 27 986 66 26 23 21 303 28 48 1155
internal_value=-0.00143766 -0.00044199 0.000452919 0.000253622 0.00588435 0.00990384 0.0140789 -0.000294898 0.00875 -0.000541186 0.00413043 0.000263157 -0.000937963 0.00286517 0.00993506 0.02 -0.00302198 0.00115384 0.00464912 -0.0012963 -0.00151361 -0.00169278 0.00113497 0.00632075 -0.00136364 0.00409091 -0.00348178 -0.00133508 -0.00346154 -0.00362843
internal_weight=3537 2172 1678 1656 147 104 76 1509 40 1469 115 95 1354 178 77 46 1365 130 57 108 1176 1149 163 53 110 44 494 191 1235 1203
internal_count=3537 2172 1678 1656 147 104 76 1509 40 1469 115 95 1354 178 77 46 1365 130 57 108 1176 1149 163 53 110 44 494 191 1235 1203
is_linear=0
shrinkage=0.05


Tree=23
num_leaves=31
num_cat=0
split_feature=44 44 46 18 18 17 46 19 17 18 11 47 50 37 3 35 44 35 20 10 51 44 2 11 20 12 27 36 28 37
split_gain=2.61168 1.87207 1.90521 1.83725 5.17627 1.65143 1.49622 1.17617 1.07612 2.7563 1.49641 2.24464 1.1148 1.02285 1.3702 1.00571 0.831709 0.761552 0.729508 0.724412 0.645639 0.891476 1.06667 0.623843 0.618557 0.613953 0.504332 0.543751 0.686275 0.47451
threshold=84.500000000000014 -10.499999999999998 -0.86783334612846363 0.49184595048427587 0.45558889210224157 0.20833333581686023 4.3568332195281991 1.0000000180025095e-35 0.62500000000000011 0.69464683532714855 -0.0065537944901734582 1.0203173756599428 2.5000000000000004 -0.42994999885559076 0.18713862448930743 -1.0007500052452085 -2.4999999999999996 -0.93924999237060536 12.880249977111818 -9.0837049484252912 3.0225000381469731 -3.4999999999999996 0.24511111527681353 -0.13400919735431668 4.7500000000000009 0.60167533159255993 0.33855000138282781 0.39010000228881841 -0.41975000500679011 1.0639500021934511
decision_type=2 2 2 2 2 2 2 2 2 2 2 2 2 2 2 2 2 2 2 2 2 2 2 2 2 2 2 2 2 2
left_child=1 24 5 4 23 15 7 8 12 10 11 -10 18 14 -12 -3 17 -14 20 -15 26 25 -23 -2 -1 -22 27 -4 -29 -24
right_child=3 2 6 -5 -6 -7 -8 -9 9 -11 13 -13 16 19 -16 -17 -18 -19 -20 -21 21 22 29 -25 -26 -27 -28 28 -30 -31
leaf_value=-0.046419719795560012 -0.054057662632495396 0.062842601575180221 -0.011227441716900878 -0.033766200831914304 0.29601857247007374 -0.097805384907353091 0.087771868849014459 -0.044374195327130862 0.036821727459359258 -0.045708768348696714 -0.0002551305843570873 0.0042193382009254642 0.041317701810738856 -0.0063083883261857033 0.035586283749340718 0.17762095010331133 -0.0099937340891102927 0.036179512235902746 0.089818329198501343 0.011154114403676148 0.015995294120473937 -0.012912472579786345 0.041517362428283751 0.37108724232940382 0.025136815475478282 -0.011644698342321411 -0.028963192553973317 0.013980327099331081 -0.0066349660467876666 0.057225804448319206
leaf_weight=952 22 28 1103 35 25 20 36 205 27 156 23 23 22 53 29 22 23 21 26 34 20 36 34 32 29 66 310 20 85 20
leaf_count=952 22 28 1103 35 25 20 36 205 27 156 23 23 22 53 29 22 23 21 26 34 20 36 34 32 29 66 310 20 85 20
internal_value=-0.00148007 -0.00172802 -0.000986897 0.00596491 0.0101899 0.00714286 -0.00122681 -0.00138271 -0.00103473 0.00152174 0.00558201 0.013 -0.00152856 0.00291367 0.00846154 0.012 0.00484848 0.00895349 -0.00177326 -0.0004023 -0.00190083 0.000965908 0.00444444 0.00148148 -0.00357289 -0.00267442 -0.0022332 -0.00177152 0.00166667 0.00888889
internal_weight=3537 3423 2442 114 79 70 2372 2336 2131 345 189 50 1786 139 52 50 66 43 1720 87 1694 176 90 54 981 86 1518 1208 105 54
internal_count=3537 3423 2442 114 79 70 2372 2336 2131 345 189 50 1786 139 52 50 66 43 1720 87 1694 176 90 54 981 86 1518 1208 105 54
is_linear=0
shrinkage=0.05


Tree=24
num_leaves=31
num_cat=0
split_feature=44 14 2 14 16 20 14 13 0 53 16 14 46 47 0 16 9 44 14 18 47 18 14 20 26 17 9 0 35 14
split_gain=2.58201 2.39532 1.72265 2.31844 2.93092 3.10938 5.10014 2.48917 3.06303 1.11944 1.46919 2.025 1.38915 1.02128 1.00575 0.81919 0.794256 0.661811 0.609475 0.9075 2.81667 0.867953 0.60156 0.626912 0.484212 0.785455 0.460393 0.766648 0.381927 0.363282
threshold=84.500000000000014 0.037500001490116126 0.66999998688697826 0.32916666567325598 0.85999998450279247 3.8995000123977666 0.12083333358168603 -0.17199999839067456 0.21999999880790713 2.873000025749207 0.21999999880790713 0.10416666790843011 -0.095833335071802125 11.555199146270754 0.45999999344348913 0.13999999687075618 1.3613399863243105 -8.4999999999999982 0.054166667163372047 0.50593650341033947 0.37503899633884435 0.26624578237533575 0.31250000000000006 -0.35549999773502344 -2.2182500362396236 0.12500000372529033 0.15999624133110049 0.4200000017881394 0.61050000786781322 0.12083333358168603
decision_type=2 2 2 2 2 2 2 2 2 2 2 2 2 2 2 2 2 2 2 2 2 2 2 2 2 2 2 2 2 2
left_child=2 -2 3 4 5 9 -7 17 -9 15 11 -11 -12 -3 -10 -1 24 -6 19 21 -21 -17 29 -24 25 -4 -23 -28 -25 -20
right_child=1 13 16 -5 7 6 -8 8 14 10 12 -13 -14 -15 -16 18 -18 -19 22 20 -22 26 23 28 -26 -27 27 -29 -30 -31
leaf_value=0.076260656036945235 0.29392301957665884 -0.077310123462328351 0.062663871836833404 -0.02109847457131124 -0.033457796529260432 0.098717426267853833 -0.064632159831784594 0.00032849454066148713 0.030356942696355995 0.17548549683955295 -0.010387704453366363 0.0086034938329875629 0.032668514277030221 0.31757739660437234 0.013266256174303876 0.19031639024048547 0.017492142192855931 0.035672350662749715 -0.043927849197432499 -0.051127755249155894 0.20906772056421069 -0.04339109282656789 0.046090595369286745 -0.016568659090294341 -0.048572244924015677 -0.059808568182310042 0.11310772603348865 -0.039278030285195525 0.0092364163914323161 -0.0090482162002710198
leaf_weight=37 24 47 25 579 48 30 33 35 29 20 56 20 30 43 21 29 25 28 338 30 30 85 26 28 690 30 37 89 23 972
leaf_count=37 24 47 25 579 48 30 33 35 29 20 56 20 30 43 21 29 25 28 338 30 30 85 26 28 690 30 37 89 23 972
internal_value=-0.00143766 0.00596491 -0.0016842 -0.00107991 -0.00029894 -0.000844225 0.0100794 0.00618012 0.0120588 -0.00121622 0.00333333 0.01125 -0.000348838 0.00222222 0.02 -0.00154873 -0.00376623 -0.000394738 -0.00171014 0.000333332 0.00583333 -0.00104167 -0.00215213 0.00214286 -0.0040604 0.000454544 -0.0021564 -0.000238096 -0.00107843 -0.00240458
internal_weight=3537 114 3423 2653 2074 1913 63 161 85 1850 126 40 86 90 50 1724 770 76 1687 300 60 240 1387 77 745 55 211 126 51 1310
internal_count=3537 114 3423 2653 2074 1913 63 161 85 1850 126 40 86 90 50 1724 770 76 1687 300 60 240 1387 77 745 55 211 126 51 1310
is_linear=0
shrinkage=0.05


Tree=25
num_leaves=31
num_cat=0
split_feature=13 46 46 46 8 27 13 19 17 18 10 18 46 18 18 4 10 10 13 8 4 11 4 13 21 0 6 12 11 11
split_gain=2.50985 2.43713 1.40438 1.45055 1.34434 1.60994 1.32938 1.26399 1.34344 2.38581 1.56339 3.33584 1.00153 0.981559 0.967867 0.952253 0.94037 0.833967 1.08004 2.229 1.38108 0.843493 1.81215 0.817213 0.811668 1.11811 0.721582 1.30561 0.788182 0.655674
threshold=3.3686666488647465 0.15550000220537188 -0.96899998188018788 4.3568332195281991 0.56666669249534618 0.92900002002716076 -0.3599999994039535 1.0000000180025095e-35 0.62500000000000011 0.69464683532714855 -9.1838188171386701 0.48206734657287603 0.48799999058246618 0.54808887839317333 0.53235557675361644 0.13999999687075618 -12.314568996429442 -9.5128602981567365 -0.14111111313104627 1.1000000238418581 0.21999999880790713 0.0076250000856816777 0.29999999701976782 0.035142855718731887 1.2216500043869021 0.53999999165534984 0.90000000596046459 4.2123167514801034 -0.014455747324973343 0.19475804269313815
decision_type=2 2 2 2 2 2 2 2 2 2 2 2 2 2 2 2 2 2 2 2 2 2 2 2 2 2 2 2 2 2
left_child=2 16 4 6 5 -1 12 8 15 10 26 -12 -4 -14 -5 -8 -2 24 21 -20 29 22 -19 -11 -17 -26 27 -10 -28 -21
right_child=1 -3 3 14 -6 -7 7 -9 9 23 11 -13 13 -15 -16 17 -18 18 19 20 -22 -23 -24 -25 25 -27 28 -29 -30 -31
leaf_value=0.12935298675549747 -0.041916109854638624 0.42996028735115133 -0.045980677615072768 0.0070011549033112243 -0.078469731308352414 0.0046769656482284847 -0.01242431402927871 -0.039447837851770633 0.00046493586381612446 -0.077955553314571047 -0.0010973455734817825 0.032890123763247771 -0.058709172137256287 0.078509857876586417 0.11321215891162534 -0.019396958232665341 0.16445699217472606 -0.0072939647828714959 -0.0067856287557336971 -0.00010573530888920228 0.043336591705183371 -0.017774143447056665 0.1040327479691231 0.010855665516207612 0.0385232206688138 -0.016625297060156294 0.0073201208740484693 0.02818239288022921 -0.013883924531338025 0.021834516302257148
leaf_weight=34 64 21 865 33 30 42 699 218 41 115 28 38 36 34 20 555 31 100 111 27 26 131 23 34 23 33 20 21 55 20
leaf_count=34 64 21 865 33 30 42 699 218 41 115 28 38 36 34 20 555 31 100 111 27 26 131 23 34 23 33 20 21 55 20
internal_value=-0.00145692 0.00577586 -0.00170281 -0.00188445 0.00396226 0.0075 -0.00201814 -0.00137619 -0.001 0.00181818 0.00534483 0.0116667 -0.00360963 0.00214286 0.00632075 -0.00156751 0.00236842 -0.000614872 0.00105023 0.00396739 0.0107534 -0.00106299 0.00191057 -0.00298658 -0.00180851 0.00392857 0.00229927 0.00629032 -0.001 0.0056383
internal_weight=3528 116 3412 3306 106 76 3253 2318 2100 352 203 66 935 70 53 1748 95 1049 438 184 73 254 123 149 611 56 137 62 75 47
internal_count=3528 116 3412 3306 106 76 3253 2318 2100 352 203 66 935 70 53 1748 95 1049 438 184 73 254 123 149 611 56 137 62 75 47
is_linear=0
shrinkage=0.05


Tree=26
num_leaves=31
num_cat=0
split_feature=13 14 10 13 14 46 16 16 10 46 14 46 11 2 13 0 3 14 21 16 20 27 53 2 48 14 51 47 17 0
split_gain=2.56921 2.9554 1.82762 1.23262 1.55917 1.29281 0.986601 2.06758 2.0509 0.965864 1.12061 0.944603 0.887149 0.848658 1.04015 1.67751 1.22642 0.948536 0.918668 1.12325 0.868162 0.826281 0.75169 0.708458 0.703943 0.603092 0.700741 1.07254 0.663603 0.583615
threshold=3.3686666488647465 0.037500001490116126 -12.314568996429442 -0.3599999994039535 0.39583334326744085 4.3568332195281991 0.85999998450279247 0.97999998927116405 -9.1838188171386701 -0.96899998188018788 0.095833335071802153 -4.9548332691192618 -0.019084908999502655 0.27400000393390661 -0.19377777725458142 0.58000001311302196 0.29734541475772863 0.29583333432674414 0.4066500067710877 0.34000000357627874 1.4394999742507937 -2.0584999322891231 -1.7405000329017637 0.43199999630451208 1.0000000180025095e-35 0.20416666567325595 -0.64149999618530262 0.57655224204063427 0.12500000372529033 1.0199999809265139
decision_type=2 2 2 2 2 2 2 2 2 2 2 2 2 2 2 2 2 2 2 2 2 2 2 2 2 2 2 2 2 2
left_child=3 -2 -3 9 5 6 11 8 12 10 -1 -5 -8 -13 25 16 18 -18 20 -20 -16 24 -14 -17 -11 26 27 -15 -29 -25
right_child=1 2 -4 4 -6 -7 7 -9 -10 21 -12 13 22 14 15 23 17 -19 19 -21 -22 -23 -24 29 -26 -27 -28 28 -30 -31
leaf_value=0.11122472470007452 0.39447881276573582 -0.05195145866884357 0.20113441220767153 0.055521394209319987 -0.04160891154041383 0.091519202740136238 0.010523689127732853 -0.022508843063913556 0.031245617575085385 0.084982024191547531 -0.062834032908402906 -0.010869483602942411 0.025839288572438647 0.13818937786244623 -0.0034013466367098818 0.0062440124637491174 0.0476586629441276 0.046554021793146688 0.038529967743140894 -0.0047199081068079194 0.043783892317390084 -0.043653373693780875 -0.0036235053432970496 -0.029068047277753913 -0.057305701337807484 -0.030031629710016779 -0.033118365137665473 0.13960426951599017 -0.016762205111487388 0.070228340593514946
leaf_weight=25 22 60 34 27 240 37 26 128 38 20 30 739 26 28 142 23 34 21 28 22 20 908 49 144 23 267 245 32 68 22
leaf_count=25 22 60 34 27 240 37 26 128 38 20 30 739 26 28 142 23 34 21 28 22 20 908 49 144 23 267 245 32 68 22
internal_value=-0.00154195 0.00577586 0.00191489 -0.00179074 -0.00117623 -0.00075254 -0.000913576 0.00192884 0.00615108 -0.00326044 0.00318182 -0.00132116 0.00242574 -0.00145777 -0.000574819 0.00125 0.0038015 0.0104545 0.00207547 0.008 0.000246912 -0.00363302 -0.000333335 -0.0023545 0.00313953 -0.001875 -0.000576409 0.00242187 -1.19209e-09 -0.00349398
internal_weight=3528 116 94 3412 2406 2166 2129 267 139 1006 55 1862 101 1835 1096 456 267 55 212 50 162 951 75 189 43 640 373 128 100 166
internal_count=3528 116 94 3412 2406 2166 2129 267 139 1006 55 1862 101 1835 1096 456 267 55 212 50 162 951 75 189 43 640 373 128 100 166
is_linear=0
shrinkage=0.05


Tree=27
num_leaves=31
num_cat=0
split_feature=44 14 46 16 46 9 13 14 9 9 16 44 21 13 8 13 18 16 12 20 45 12 14 35 18 14 26 35 45 18
split_gain=2.54575 3.01178 1.26069 2.68758 1.26105 1.91059 1.21624 1.24399 0.960904 1.00656 1.82482 0.962224 1.41668 0.94812 1.37626 1.59741 0.928571 0.888454 0.974401 1.79357 0.805973 0.78 0.728517 0.715505 0.678036 1.24444 0.537397 1.22244 1.12708 0.647845
threshold=84.500000000000014 0.037500001490116126 -0.96899998188018788 0.1799999997019768 4.0053331851959237 0.46050569415092474 -0.3599999994039535 0.39583334326744085 0.077239841222763075 0.32008440792560583 0.85999998450279247 -5.4999999999999991 0.1271999999880791 -0.1031111106276512 1.0333333611488345 -0.08485714346170424 0.53235557675361644 0.29999999701976782 5.1292965412139901 0.34125000238418585 -0.73591667413711537 4.5047369003295907 0.20416666567325595 -0.67649999260902394 0.53235557675361644 0.095833335071802153 -0.4159999936819076 -0.27824999392032618 -0.10108333453536032 0.32570371031761175
decision_type=2 2 2 2 2 2 2 2 2 2 2 2 2 2 2 2 2 2 2 2 2 2 2 2 2 2 2 2 2 2
left_child=2 -2 3 -1 6 16 -4 8 -8 10 13 21 23 22 -15 -16 -6 18 19 -17 -3 -12 26 -13 -5 -26 27 -10 -29 -28
right_child=1 20 4 24 5 -7 7 -9 9 -11 11 12 -14 14 15 17 -18 -19 -20 -21 -22 -23 -24 -25 25 -27 29 28 -30 -31
leaf_value=0.10840469987214155 0.37142130630865183 0.28479237588193601 -0.040937475975819822 -0.089686991390363777 -0.13744248757798236 0.08223783250486752 -0.030887359268305201 -0.039528465963393135 -0.023058645091171323 -0.017715976105152773 -0.036317425277654941 0.034460939858749651 -0.00023857145006114745 -0.012777302879841008 0.043454580334569316 0.035937834093845142 0.089926605569793733 -0.0010689420422773897 0.014958855899759116 -0.0066231691089402153 -0.059883740911221478 0.01279537063226233 -0.017053836596649909 0.013837481241935668 0.1098140203391314 -0.061054541112680084 0.0034479083574861084 0.093160548001346322 0.00015659515840871498 -0.012202035999331357
leaf_weight=20 25 44 917 41 39 20 260 240 63 646 26 20 21 168 27 25 24 118 22 31 49 24 303 21 24 21 21 23 24 221
leaf_count=20 25 44 917 41 39 20 260 240 63 646 26 20 21 168 27 25 24 118 22 31 49 24 303 21 24 21 21 23 24 221
internal_value=-0.00162699 0.00559322 -0.00187683 0.00349056 -0.00204903 0.00403614 -0.00220584 -0.00159288 -0.00119671 -0.000787141 9.49902e-05 0.00616071 0.0103226 -0.000554494 0.00139386 0.00396861 -0.000238096 0.00239796 0.00653846 0.00303571 0.00145161 0.000999999 -0.00171756 0.0157317 -0.000348838 0.00388889 -0.000170456 0.00272727 0.00882979 -0.0014876
internal_weight=3528 118 3410 106 3304 83 3221 2304 2064 1804 1158 112 62 1046 391 223 63 196 78 56 93 50 655 41 86 45 352 110 47 242
internal_count=3528 118 3410 106 3304 83 3221 2304 2064 1804 1158 112 62 1046 391 223 63 196 78 56 93 50 655 41 86 45 352 110 47 242
is_linear=0
shrinkage=0.05


Tree=28
num_leaves=31
num_cat=0
split_feature=44 14 10 46 20 44 46 27 14 14 16 37 36 18 35 50 14 45 18 18 10 2 13 13 17 18 27 47 51 51
split_gain=2.59596 3.01178 1.54858 1.21943 1.91059 1.03971 1.42892 1.69118 1.13152 1.3219 1.60469 1.51186 1.27148 0.868571 0.724325 0.664143 0.614198 0.868667 0.570509 1.1347 0.560676 1.24816 1.44833 0.596405 0.8 0.625 0.512774 0.421214 0.376558 0.360181
threshold=84.500000000000014 0.037500001490116126 -12.314568996429442 4.0053331851959237 1.4765000343322756 -10.499999999999998 -0.96899998188018788 0.84379997849464428 0.32916666567325598 0.23749999701976779 0.85999998450279247 -0.42994999885559076 -0.11480000242590903 0.53235557675361644 0.19524999707937243 2.5000000000000004 0.054166667163372047 0.063999999314546599 0.72892838716506969 0.7738865613937379 -9.5128602981567365 0.34999999403953558 -0.18733333051204679 -0.046857142820954316 0.45833332836627966 0.25639365613460546 0.77390000224113475 0.94901928305625927 -2.7899999618530269 1.7465000152587893
decision_type=2 2 2 2 2 2 2 2 2 2 2 2 2 2 2 2 2 2 2 2 2 2 2 2 2 2 2 2 2 2
left_child=3 -2 -3 5 13 16 7 -7 9 18 15 12 -12 -5 -13 20 17 28 27 -20 26 23 -23 -22 -25 -26 -11 29 -1 -8
right_child=1 2 -4 4 -6 6 8 -9 -10 10 11 14 -14 -15 -16 -17 -18 -19 19 -21 21 22 -24 24 25 -27 -28 -29 -30 -31
leaf_value=0.13487370413771455 0.35285024099321927 -0.057158142779493992 0.1821141679853337 -0.12023619523269205 0.078125940879624128 0.11726369769506065 -0.014251261644900915 -0.017252009468488236 -0.019232980065570254 -0.024435822610138203 0.035701172242927591 -0.0018725289416853836 0.012590137479547662 0.08443582175940309 0.011184991231725547 0.038462788963719831 -0.037102867813082377 0.099053317795077908 0.12626794006698977 -0.026276268521129787 -0.016324663772363836 -0.017705756347309462 0.041774884116821009 -0.0024856996959125213 0.0009607876729091525 0.01658176191234181 0.010288431962526564 -0.024151336793988811 -0.035141545195347554 0.018940966226872979
leaf_weight=26 25 60 33 38 20 23 912 35 529 181 23 58 29 25 21 24 812 28 32 26 73 34 31 40 20 20 31 217 73 29
leaf_count=26 25 60 33 38 20 23 912 35 529 181 23 58 29 25 21 24 812 28 32 26 73 34 31 40 20 20 31 217 73 29
internal_value=-0.00169785 0.00559322 0.00145161 -0.00195015 0.00403614 -0.00209949 -0.00154523 0.0062069 -0.0017382 -0.00114103 0.000811965 0.00568702 0.0123077 -0.000238096 0.00132911 -0.000594715 -0.00350905 -0.000275592 -0.00208059 0.00275862 -0.00104651 0.000733944 0.00653846 -0.00173203 0.00125 0.00625 -0.00287736 -0.00232297 -0.00247475 -0.00186504
internal_weight=3528 118 93 3410 83 3327 2388 58 2330 1801 585 131 52 63 79 454 939 127 1216 58 430 218 65 153 80 40 212 1158 99 941
internal_count=3528 118 93 3410 83 3327 2388 58 2330 1801 585 131 52 63 79 454 939 127 1216 58 430 218 65 153 80 40 212 1158 99 941
is_linear=0
shrinkage=0.05


Tree=29
num_leaves=31
num_cat=0
split_feature=9 46 4 20 8 46 19 17 18 18 4 18 17 0 11 12 9 8 56 36 21 21 27 18 47 56 5 12 0 9
split_gain=1.52178 2.7225 1.22427 1.0874 3.71815 0.946622 0.832067 0.80963 1.46679 2.34783 0.698277 0.859333 1.62178 1.49937 1.54462 0.834664 1.15779 0.625 0.620367 0.745885 1.07699 0.964816 0.89572 0.790404 0.701666 0.51469 0.505853 0.484367 0.678221 0.849446
threshold=1.1378814578056338 0.34933333098888403 0.479999989271164 4.7500000000000009 0.63333335518836986 0.48799999058246618 1.0000000180025095e-35 0.20833333581686023 0.42442539334297186 0.49222558736801153 0.099999997764825835 0.60763701796531688 0.62500000000000011 0.4200000017881394 0.00089518545428290974 2.7014106512069707 0.22836390882730487 0.30000001192092901 0.44249999523162847 0.44949999451637274 0.39235000312328344 0.11865000054240228 0.01200000010430813 0.3458030372858048 0.51104667782783519 -2.6475000381469722 0.075000001117587103 2.289727091789246 0.34000000357627874 0.20361831039190295
decision_type=2 2 2 2 2 2 2 2 2 2 2 2 2 2 2 2 2 2 2 2 2 2 2 2 2 2 2 2 2 2
left_child=2 7 3 6 -5 -4 10 -2 -9 -10 -1 12 18 14 -14 -15 -17 -7 27 20 21 22 23 -20 -21 -13 -11 28 29 -12
right_child=1 -3 5 4 -6 17 -8 8 9 26 11 25 13 15 -16 16 -18 -19 19 24 -22 -23 -24 -25 -26 -27 -28 -29 -30 -31
leaf_value=-0.0095513885698227646 -0.036236949027008074 0.37671920733075093 -0.037865200928667977 0.078311291841432817 -0.0279997029737825 0.079454259476721384 -0.032875784473933807 -0.049480827711751524 0.16430734738125144 -0.0069907868372994291 0.0063994482630911386 0.068432887446444268 0.033645121563164897 -0.023682882593452182 0.013239234724581545 -0.0049352159382570837 0.025769547596265527 -0.02434045155346546 0.013751757758062214 0.0084587813343704032 0.04705301463814815 -0.012027679708229469 0.016227346884238714 -0.0013478253493505333 -0.012489261729950085 -0.035930999691739338 0.01562259563137014 -0.01800206340390393 -0.0080157400745608856 0.25642875354441935
leaf_weight=686 82 20 663 26 70 20 165 52 23 26 69 22 20 45 31 22 25 20 25 21 39 46 23 69 142 265 20 381 390 20
leaf_count=686 82 20 663 26 70 20 165 52 23 26 69 22 20 45 31 22 25 20 25 21 39 46 23 69 142 265 20 381 390 20
internal_value=-0.00159864 0.0023991 -0.00186838 -0.00136818 0.00385417 -0.00371977 -0.00156824 0.000665023 0.00326446 0.00804348 -0.00132636 -0.000770394 -0.000248539 0.00479021 0.0116667 0.00097826 0.0056383 0.00375 -0.000836736 0.00089041 0.00292079 0.00113497 0.00354701 0.00138298 -0.00162577 -0.00325784 0.00152174 -0.00156977 -0.000511483 0.00342697
internal_weight=3528 223 3305 2602 96 703 2506 203 121 69 2341 1655 1368 143 51 92 47 40 1225 365 202 163 117 94 163 287 46 860 479 89
internal_count=3528 223 3305 2602 96 703 2506 203 121 69 2341 1655 1368 143 51 92 47 40 1225 365 202 163 117 94 163 287 46 860 479 89
is_linear=0
shrinkage=0.05


Tree=30
num_leaves=31
num_cat=0
split_feature=44 8 16 20 11 10 26 16 16 13 26 10 13 10 12 8 9 2 12 18 12 56 26 17 12 13 53 16 11 18
split_gain=2.13272 2.70111 1.79403 2.84988 2.23522 1.35284 1.18437 1.71204 1.02677 0.989459 0.958113 0.899261 1.40772 0.823529 1.28 0.704187 0.85591 0.945162 1.577 1.65708 0.985142 1.30678 0.641467 1.22387 2.14286 0.812358 0.665686 0.631739 0.536903 0.971645
threshold=84.500000000000014 0.2333333417773247 0.29999999701976782 4.7500000000000009 -0.083431154489517198 -9.6243691444396955 2.5857501029968266 0.21999999880790713 0.13999999687075618 -0.28599999845027918 -0.79699999094009388 -9.2747282981872541 -0.31000000238418574 -12.828595161437987 3.902423739433289 1.5666666626930239 0.1404339596629143 0.58933332562446605 0.77508071064949047 0.50834298133850109 5.0887396335601816 0.32050000131130224 -1.9230000376701353 0.12500000372529033 0.82546687126159679 -0.35400000214576716 1.6179999709129336 0.38000001013278967 -0.53263762593269337 0.48501852154731756
decision_type=2 2 2 2 2 2 2 2 2 2 2 2 2 2 2 2 2 2 2 2 2 2 2 2 2 2 2 2 2 2
left_child=2 -2 3 5 -5 22 8 -8 -7 -4 11 12 -10 -3 -15 16 -11 18 19 27 -20 -22 23 24 -1 -24 -27 -18 29 -13
right_child=1 13 9 4 -6 6 7 -9 10 15 -12 28 -14 14 -16 -17 17 -19 20 -21 21 -23 25 -25 -26 26 -28 -29 -30 -31
leaf_value=0.1138189934133729 0.20576848776196766 -0.09410048491698636 -0.054920754259164144 0.080893520414891729 0.0051978749910748696 0.15839779485209557 0.22253239218807563 -0.0051399582974321033 -0.026666740507960664 -0.013665292151146391 -0.004856540261347575 -0.067130184584092478 0.11663979891239817 -0.040266718560941737 0.33746475369906126 -0.019701344300121836 -0.0037295991048540522 -0.02132969575661119 -0.0050659190700333579 0.020570552744623907 0.033791371776775513 -0.0012913280995688996 -0.033022701551032908 -0.019122741882823681 -0.030384468400177625 -0.011149567543240604 0.0076414111056714185 0.038874763997405477 -0.024856319617492753 0.12515748971623028
leaf_weight=20 30 35 614 30 28 22 24 30 25 223 524 22 36 25 25 311 32 150 187 29 27 44 393 46 28 433 32 21 52 20
leaf_count=20 30 35 614 30 28 22 24 30 25 223 524 22 36 25 25 311 32 150 187 29 27 44 393 46 28 433 32 21 52 20
internal_value=-0.00126208 0.00543478 -0.00148839 -0.000382437 0.0105172 -0.000752784 0.000827813 0.00796296 0.000278173 -0.0026801 -6.62751e-05 0.0033871 0.00811475 0.000882352 0.005 -0.00172852 -0.000862554 0.000306121 0.0017647 0.00780488 -0.00015504 0.00485915 -0.0020063 0.00191489 0.0075 -0.0024359 -0.00102151 0.00254717 0.000319148 0.00452381
internal_weight=3518 115 3403 1765 58 1707 755 54 701 1638 679 155 61 85 50 1024 713 490 340 82 258 71 952 94 48 858 465 53 94 42
internal_count=3518 115 3403 1765 58 1707 755 54 701 1638 679 155 61 85 50 1024 713 490 340 82 258 71 952 94 48 858 465 53 94 42
is_linear=0
shrinkage=0.05


Tree=31
num_leaves=31
num_cat=0
split_feature=46 9 13 19 2 2 13 46 12 12 17 46 16 51 46 0 28 13 6 2 37 18 18 27 18 56 8 46 56 13
split_gain=2.19513 2.62611 1.94034 2.00751 1.71491 2.00538 1.31515 1.54166 1.53651 1.67619 1.19495 0.972824 0.906355 0.882091 1.04884 1.27033 0.905244 0.878078 0.912411 2.04245 1.28917 1.35452 0.815217 0.760414 0.756399 0.728766 0.68399 1.09751 0.636216 0.871572
threshold=4.0053331851959237 0.46050569415092474 -0.24199999868869779 1.0000000180025095e-35 0.27400000393390661 0.51800000667572033 -0.018000000156462189 -0.86783334612846363 5.1292965412139901 5.6924767494201669 0.12500000372529033 -0.96899998188018788 0.21999999880790713 -0.77449998259544361 -0.10116666927933692 0.38000001013278967 -0.88260000944137562 -0.20600000023841855 0.90000000596046459 0.43199999630451208 -0.045049998909234994 0.46334743499755865 0.47517459094524389 -1.0000000180025095e-35 0.49184595048427587 0.46150000393390661 0.16666667163372043 0.26349999010562902 -0.64149999618530262 -0.1268571466207504
decision_type=2 2 2 2 2 2 2 2 2 2 2 2 2 2 2 2 2 2 2 2 2 2 2 2 2 2 2 2 2 2
left_child=2 10 11 4 6 13 7 -4 23 -10 -2 12 -1 14 22 -16 -15 -18 19 -19 21 -20 -6 25 -22 -8 27 -13 -7 -30
right_child=1 -3 3 -5 5 28 8 -9 9 -11 -12 26 -14 16 15 -17 17 18 20 -21 24 -23 -24 -25 -26 -27 -28 -29 29 -31
leaf_value=0.060109335127072762 0.084290563400707647 0.071147168513197509 0.053759580233348751 -0.029727767033782545 0.054243906528713297 -0.027692866526348555 -0.00014146570840535086 -0.017488120556401143 0.025407186025375478 -0.0089744534874481863 -0.071498292379298806 -0.016375695074216014 -0.055488880746150465 -0.0054103168773408589 0.017783529732282536 0.078508887303952349 -0.006156798789424274 0.033377511832970719 0.0058552713266286352 0.052447473585321737 0.0089571053117982174 0.018235174960849521 -0.012418423591056056 -0.0051243960264775812 -0.0061635655124207345 0.010856064091712331 -0.032381038467281922 0.11098048612104594 0.03766699963738581 -0.00742366371036326
leaf_weight=38 21 20 23 212 23 118 61 637 22 20 45 111 41 47 56 35 46 25 26 39 89 20 25 113 54 36 1279 35 30 171
leaf_count=38 21 20 23 212 23 118 61 637 22 20 45 111 41 47 56 35 46 25 26 39 89 20 25 113 54 36 1279 35 30 171
internal_value=-0.00126208 0.00662791 -0.00145979 -0.000409752 0.000157341 0.00184079 -0.00132676 -0.0025 0.00174603 0.0104762 0.00181818 -0.00280585 0.00259494 0.00386598 0.00723021 0.0103846 0.00251445 0.00352843 0.00468379 0.00984375 0.00293651 0.0102174 0.00125 -1.19209e-09 0.000594404 0.00324742 -0.00310526 0.000136985 -0.00123825 0.000472636
internal_weight=3518 86 3432 1928 1716 804 912 660 252 42 66 1504 79 485 139 91 346 299 253 64 189 46 48 210 143 97 1425 146 319 201
internal_count=3518 86 3432 1928 1716 804 912 660 252 42 66 1504 79 485 139 91 346 299 253 64 189 46 48 210 143 97 1425 146 319 201
is_linear=0
shrinkage=0.05


Tree=32
num_leaves=31
num_cat=0
split_feature=13 19 47 0 10 17 9 14 0 14 45 20 56 44 9 0 36 9 36 51 56 10 9 14 9 8 9 44 2 10
split_gain=1.98615 2.08335 1.54633 1.95295 1.462 1.19378 3.31852 2.56 1.07722 1.01345 1.34114 1.18119 0.966376 0.944809 1.42897 0.859524 0.902416 1.83177 1.35006 0.932215 1.74713 1.07911 0.737665 0.791919 0.728412 0.625 0.586232 0.572499 1.01812 1.40454
threshold=-0.22000000625848767 1.0000000180025095e-35 2.444411158561707 0.21999999880790713 -16.750837326049801 0.29166667163372045 1.0003445744514468 0.11250000074505807 0.62000000476837169 0.17083333432674411 0.042249999940395362 -0.51850000023841847 3.279000043869019 -12.499999999999998 0.11450986936688425 0.25999999791383749 0.33589999377727514 0.64165055751800548 0.44949999451637274 -0.55249997973442067 -0.79049998521804798 -9.5002446174621564 0.54376775026321422 0.012500000651925804 0.50115552544593822 1.1666666865348818 0.98854506015777599 -1.0000000180025095e-35 0.11800000444054605 -8.9166851043701154
decision_type=2 2 2 2 2 2 2 2 2 2 2 2 2 2 2 2 2 2 2 2 2 2 2 2 2 2 2 2 2 2
left_child=9 2 3 27 -5 6 7 -4 13 10 -1 12 -12 -6 -15 -16 19 18 -18 20 21 -17 23 -21 -13 -7 -10 -2 -29 -30
right_child=1 -3 5 4 8 25 -8 -9 26 -11 11 24 -14 14 15 16 17 -19 -20 22 -22 -23 -24 -25 -26 -27 -28 28 29 -31
leaf_value=-0.028527137887549809 -0.024391083169824111 -0.028068324327287866 0.061890644485325379 0.090598699787908188 -0.024415688194563509 -0.068180281610262725 0.025820438478179747 0.066058036758612423 -0.031515719118494524 -0.042103152702893804 0.16031601280629793 -0.0088502041075009096 0.0081102172489750657 0.024403612143670712 -0.0051636415360908757 -0.0017544582178462512 0.046366591444526123 0.16057219710781181 -0.00085930533803254324 0.2049911536323249 0.059807302339853312 0.027650459452265398 -0.04439477257127198 -0.00011629496973139414 0.067084780135348743 0.22659660919082994 0.0077846052755912599 -0.027568031308577184 0.0078424254404961726 -0.0049207974670731017
leaf_weight=594 357 211 25 29 62 36 63 20 122 808 20 137 21 31 90 84 25 26 68 40 29 25 63 180 28 24 63 110 85 42
leaf_count=594 357 211 25 29 62 36 63 20 122 808 20 137 21 31 90 84 25 26 68 40 29 25 63 180 28 24 63 110 85 42
internal_value=-0.00140421 -0.000314137 0.000267803 -0.000231876 0.00118997 0.00482143 0.00796296 0.0183333 0.000837003 -0.00269901 -0.0014375 0.00203883 0.00963415 0.00170816 0.00226172 0.00174603 0.0025 0.00634454 0.00306451 0.0014133 0.00478261 0.00188073 -0.000229683 0.00113636 0.000151514 -0.000833335 -0.00256757 -0.00247475 -0.000569621 0.00248031
internal_weight=3518 1910 1699 1531 937 168 108 45 908 1608 800 206 41 723 661 630 540 119 93 421 138 109 283 220 165 60 185 594 237 127
internal_count=3518 1910 1699 1531 937 168 108 45 908 1608 800 206 41 723 661 630 540 119 93 421 138 109 283 220 165 60 185 594 237 127
is_linear=0
shrinkage=0.05


Tree=33
num_leaves=31
num_cat=0
split_feature=44 14 45 11 17 37 14 13 14 3 12 12 21 12 27 18 3 10 11 14 44 26 13 27 26 17 3 36 0 36
split_gain=1.94175 3.83478 1.68109 1.83726 3.35005 1.53527 2.33256 1.19446 1.24827 1.18577 0.948805 0.785596 1.52322 0.702031 0.958953 0.981818 0.613483 0.652931 0.981691 4.36563 0.969876 0.940509 0.743223 1.0507 0.554557 0.898551 0.514069 0.433863 0.506345 0.597112
threshold=84.500000000000014 0.037500001490116126 0.41899999976158148 -0.076079230755567537 0.29166667163372045 0.047000000253319747 0.11250000074505807 -0.35400000214576716 0.38750000298023229 0.20034662634134295 3.902423739433289 0.39691367745399481 0.13149999827146533 4.8362126350402841 0.26749999821186071 0.49489241838455206 0.11324555054306985 -9.5187473297119123 -0.0053677258547395459 0.22916666418313983 1.0000000180025095e-35 2.6625000238418584 -0.058000000193715089 -0.27184998989105219 -1.9230000376701353 0.12500000372529033 0.23068684339523318 -0.48469999432563776 0.74000000953674328 -0.37250000238418574
decision_type=2 2 2 2 2 2 2 2 2 2 2 2 2 2 2 2 2 2 2 2 2 2 2 2 2 2 2 2 2 2
left_child=2 -2 7 4 5 -4 -7 11 16 10 -3 12 -1 -5 15 -15 -9 27 19 21 22 -19 -20 -24 25 -13 -16 -18 29 -29
right_child=1 9 3 13 -6 6 -8 8 -10 -11 -12 24 -14 14 26 -17 17 18 20 -21 -22 -23 23 -25 -26 -27 -28 28 -30 -31
leaf_value=-0.032075664156594644 0.20036042386576589 -0.042747997362451981 0.042974755690513178 -0.004042253869017509 -0.066318876894651671 0.10249871267045185 0.047405210469357487 -0.026300497133033531 -0.029627022254604746 -0.065731254057442623 0.31927874218053898 0.052010710471735312 0.2177352585633115 0.013491025838353996 -0.01194403926159956 -0.0010183678685485409 -0.023948235579775067 -0.009265378011205928 -0.012209657845619917 0.034175451997639071 0.0091567768055113834 0.048454169369682512 0.017830043992402667 -0.00088207658569953995 -0.031518450595256202 -0.070983009182876297 0.013636434576153923 0.041069302828215769 -0.029243786911356186 -0.0024117881209394956
leaf_weight=120 23 23 21 412 39 23 24 111 216 48 21 23 31 33 38 22 194 131 283 25 31 24 21 185 684 31 28 31 92 530
leaf_count=120 23 23 21 412 39 23 24 111 216 48 21 23 31 33 38 22 194 131 283 25 31 24 21 185 684 31 28 31 92 530
internal_value=-0.00139 0.005 -0.00160594 0.000703124 0.00668224 0.0133824 0.0184043 -0.00214079 -0.00142476 0.000434781 0.00636364 -0.00365017 -0.00036424 -0.000497187 0.00285124 0.00772727 -0.000958988 -0.000701359 0.00042857 0.00361111 -0.000673078 0.00048387 -0.00121677 0.00106796 -0.00432249 0.000555554 -0.00121212 -0.00163518 -0.00101838 -0.000454547
internal_weight=3518 115 3403 640 107 68 47 2763 1874 92 44 889 151 533 121 55 1658 1547 700 180 520 155 489 206 738 54 66 847 653 561
internal_count=3518 115 3403 640 107 68 47 2763 1874 92 44 889 151 533 121 55 1658 1547 700 180 520 155 489 206 738 54 66 847 653 561
is_linear=0
shrinkage=0.05


Tree=34
num_leaves=31
num_cat=0
split_feature=44 14 46 17 35 13 14 8 22 46 3 46 14 9 26 17 10 22 36 20 10 20 46 47 9 16 44 11 16 4
split_gain=2.21497 3.65435 1.52849 1.59387 2.05917 1.44335 1.67508 2.0562 2.03175 1.10842 0.978343 0.967926 1.3913 0.859595 0.610561 0.846854 0.593939 0.539342 0.751938 0.743417 1.22075 0.836659 0.520062 0.459093 0.489569 0.5819 1.02655 1.92857 0.793948 0.783839
threshold=84.500000000000014 0.037500001490116126 4.0053331851959237 0.20833333581686023 3.4657499790191655 -0.35400000214576716 0.32916666567325598 1.5000000000000002 0.052149999886751182 -4.6759998798370352 0.20034662634134295 -1.1344999670982359 0.095833335071802153 0.072159029543399825 -1.9230000376701353 0.12500000372529033 -12.639276027679442 0.65230000019073497 1.3276500105857851 0.40074999630451208 -8.9844408035278303 0.5977500081062318 -0.1845000013709068 2.0052975416183476 0.54376775026321422 0.85999998450279247 -4.4999999999999991 0.036953108385205276 0.29999999701976782 0.13999999687075618
decision_type=2 2 2 2 2 2 2 2 2 2 2 2 2 2 2 2 2 2 2 2 2 2 2 2 2 2 2 2 2 2
left_child=2 -2 5 4 -4 11 7 9 -9 -7 16 12 -1 -11 15 -13 -3 19 -19 22 21 -21 -15 24 25 28 -27 -28 29 -24
right_child=1 10 3 -5 -6 6 -8 8 -10 13 -12 14 -14 17 -16 -17 -18 18 -20 20 -22 -23 23 -25 -26 26 27 -29 -30 -31
leaf_value=0.096330795029975005 0.1903424026724776 -0.039306771777347517 -0.023544814749091487 -0.041427638551650103 0.079006778523351973 0.032780931363982149 -0.01200210680155713 0.031231922602114982 0.011480197172081024 -0.032788204384912409 -0.062444691354570474 0.038033218870867518 -0.044845042715023889 -0.010712900443162999 -0.029734062455620269 -0.03443756736147531 0.22946429337629934 -0.0054559838362992774 0.062591141734825287 0.0072374746263659806 0.21168739569429756 -0.0096413965604201339 -0.0063806970749001064 -0.015914630497654424 -0.018433723925208929 -0.0010585267526722504 0.024441148146557571 -0.0040044079572155019 -0.0027222139146717722 0.024560744617040345
leaf_weight=23 23 20 21 39 25 34 529 21 42 215 48 28 23 169 877 41 24 306 21 29 20 78 130 59 199 37 21 21 178 217
leaf_count=23 23 20 21 39 25 34 529 21 42 215 48 28 23 169 877 41 24 306 21 29 20 78 130 59 199 37 21 21 178 217
internal_value=-0.00139 0.00543478 -0.00162063 0.005 0.0113043 -0.00179024 -0.0011092 -0.000381192 0.00849206 -0.000703577 0.00097826 -0.0033871 0.00369565 -0.000882354 -0.0037315 0.0007971 0.00636364 -0.000454547 -0.00224771 5.18123e-05 0.00366142 0.00154205 -0.000392824 0.000104407 0.000417184 0.00112583 0.00512658 0.0104762 0.000523808 0.00191643
internal_weight=3518 115 3403 85 46 3318 2326 1797 63 1734 92 992 46 1700 946 69 44 1485 327 1158 127 107 1031 862 803 604 79 42 525 347
internal_count=3518 115 3403 85 46 3318 2326 1797 63 1734 92 992 46 1700 946 69 44 1485 327 1158 127 107 1031 862 803 604 79 42 525 347
is_linear=0
shrinkage=0.05


Tree=35
num_leaves=31
num_cat=0
split_feature=13 46 13 46 10 46 14 16 18 18 35 12 13 53 46 12 16 13 0 10 12 51 18 37 37 26 44 27 18 51
split_gain=2.85912 2.26598 1.84602 1.71875 1.81894 1.40458 1.20219 1.154 1.10108 1.08088 0.826905 0.824027 1.13495 1.805 0.941435 0.742749 0.736423 0.539581 0.551062 0.53154 0.633804 0.64673 0.522854 0.875613 1.40386 0.476992 0.443562 0.435683 1.17166 1.20333
threshold=3.5000000000000004 0.0041666666511446246 -0.42933334410190577 4.3568332195281991 -9.3817868232727033 -0.86783334612846363 0.39583334326744085 0.1799999997019768 0.53235557675361644 0.39782011508941656 10.094250202178957 5.2279784679412851 -0.2357777804136276 -0.89949998259544361 0.072500001639127745 5.6247062683105478 0.13999999687075618 -0.42583334445953364 1.1800000071525576 -9.7371678352355939 4.9661054611206064 -2.5314999818801875 0.51147985458374035 -1.0000000180025095e-35 0.50164999067783367 -1.9230000376701353 83.500000000000014 -0.20074999332427976 0.38287037611007696 1.1834999918937685
decision_type=2 2 2 2 2 2 2 2 2 2 2 2 2 2 2 2 2 2 2 2 2 2 2 2 2 2 2 2 2 2
left_child=2 9 16 5 -5 7 10 -4 -9 -2 11 17 -13 -14 22 -16 -1 -7 19 26 21 -21 23 -15 -25 -18 -19 28 29 -23
right_child=1 -3 3 4 -6 6 -8 8 -10 -11 -12 12 13 14 15 -17 25 18 -20 20 -22 27 -24 24 -26 -27 -28 -29 -30 -31
leaf_value=0.057319174754001702 -0.076672075399954354 0.32038921875169302 0.13357304790795491 0.07204707639403693 -0.059749951361317222 0.014993821287076829 -0.027646912947263205 -0.092241208920070442 0.045217255425900431 0.23161349250000579 0.059355967725201145 -0.029641081736525434 0.030923284145411692 -0.0019753773255259404 0.0072472755226056854 -0.00017019447964055062 -0.0040653349219472749 -0.018168948781897506 0.010143081379180109 0.020522750332248898 0.0063112738082728688 0.016109116187962381 -0.011611535398104176 0.011968556528419286 -0.0036089355803086984 -0.030144055936082249 0.15363064871460161 -0.0051735557448915111 -0.009288501508552368 -0.0088078358065364539
leaf_weight=28 27 26 23 24 20 30 228 32 30 24 35 81 20 39 28 25 62 742 38 20 33 75 45 22 21 624 22 875 219 25
leaf_count=28 27 26 23 24 20 30 228 32 30 24 35 81 20 39 28 25 62 742 38 20 33 75 45 22 21 624 22 875 219 25
internal_value=-0.00154248 0.00798701 -0.00175418 -0.00116643 0.00863636 -0.0013257 -0.00153069 0.005 0.00145161 0.00186274 -0.00120042 -0.00131356 0.00122776 0.00325 0.00166667 0.00726415 -0.00401961 -0.00165705 -0.00175452 -0.00186723 -0.00123096 -0.00141681 -0.000669293 0.00170732 0.00662791 -0.00434402 -0.00290576 -0.00156617 1.56728e-05 0.0045
internal_weight=3543 77 3466 2752 44 2708 2623 85 62 51 2395 2360 281 200 180 53 714 2079 2049 2011 1247 1214 127 82 43 686 764 1194 319 100
internal_count=3543 77 3466 2752 44 2708 2623 85 62 51 2395 2360 281 200 180 53 714 2079 2049 2011 1247 1214 127 82 43 686 764 1194 319 100
is_linear=0
shrinkage=0.05


Tree=36
num_leaves=31
num_cat=0
split_feature=13 46 13 46 37 46 18 19 9 5 13 9 18 36 27 26 36 13 26 51 45 9 4 35 9 9 10 26 20 35
split_gain=2.52236 1.81093 1.75318 1.39334 1.75317 1.20356 1.08088 0.911433 0.830708 0.873674 0.785676 1.23461 0.774291 0.63064 0.608985 1.22181 1.56136 0.849123 0.489367 0.448304 1.21378 0.904748 0.54321 0.952381 0.494497 0.522683 0.942857 0.402122 0.375436 1.26658
threshold=3.5000000000000004 0.0041666666511446246 -0.42933334410190577 4.0053331851959237 0.93985000252723705 -2.1233333945274349 0.39782011508941656 1.0000000180025095e-35 0.072159029543399825 0.17500000074505809 -0.21200000494718549 0.11450986936688425 0.53235557675361644 -1.3511500358581541 -0.35125000774860377 -1.0009999871253965 -0.56504997611045826 -0.041999999433755868 0.64724999666214 3.1790000200271611 0.91124999523162853 0.76149612665176403 0.1799999997019768 1.9757499694824221 1.3429035544395449 0.98854506015777599 -9.0629258155822736 -2.7680000066757198 0.58300000429153453 0.44949999451637274
decision_type=2 2 2 2 2 2 2 2 2 2 2 2 2 2 2 2 2 2 2 2 2 2 2 2 2 2 2 2 2 2
left_child=2 6 27 5 -5 12 -2 8 -7 10 -10 -12 -4 -11 15 16 -15 18 -17 21 -21 28 -22 -24 25 26 -23 -1 29 -16
right_child=1 -3 3 4 -6 7 -8 -9 9 13 11 -13 -14 14 19 17 -18 -19 -20 20 22 24 23 -25 -26 -27 -28 -29 -30 -31
leaf_value=-0.0030614053817905997 -0.072838471629956603 0.30436975781410841 -0.093417604276304217 -0.10897070981633428 0.061905361553872232 -0.027061741587636717 0.2200328178750055 -0.022038404000188479 -0.02437895799792655 -0.019221133608620003 0.014262646527736459 -0.0029271654514149807 0.041208617544883572 0.017457969396398442 -0.0035455089768093176 -0.014863447733065568 0.042217183503868272 0.0092711832759266987 0.067296458280797361 0.18001555303513522 -0.008739476374449438 0.017379346774890329 0.015818043810756237 -0.026165591101845017 -0.02232194202803138 0.084089151410832841 -0.043435255918552025 -0.027477975029179782 -0.0050830172636928354 0.013469043338833404
leaf_weight=45 27 26 24 28 35 272 24 206 462 81 22 413 31 35 531 93 23 32 27 22 33 20 28 20 22 32 22 669 194 44
leaf_count=45 27 26 24 28 35 272 24 206 462 81 22 413 31 35 531 93 23 32 27 22 33 20 28 20 22 32 22 669 194 44
internal_value=-0.00161304 0.00733766 -0.00181189 -0.0012391 0.00611111 -0.00141131 0.00186274 -0.00156416 -0.00129325 -0.000964751 -0.00215719 -0.000632185 0.00590909 -0.000115172 0.000178267 0.00261905 0.0087931 0.000263157 -0.00166667 -0.000351241 0.00276699 -0.000722545 -6.17296e-05 0.00333333 0.00385417 0.00581081 0.00214286 -0.00401961 -0.00129389 -0.000652175
internal_weight=3543 77 3466 2752 63 2689 51 2634 2428 2156 897 435 55 1259 1178 210 58 152 120 968 103 865 81 48 96 74 42 714 769 575
internal_count=3543 77 3466 2752 63 2689 51 2634 2428 2156 897 435 55 1259 1178 210 58 152 120 968 103 865 81 48 96 74 42 714 769 575
is_linear=0
shrinkage=0.05


Tree=37
num_leaves=31
num_cat=0
split_feature=13 13 46 14 46 37 46 13 9 12 9 13 3 37 12 18 28 18 46 26 18 12 28 53 45 18 10 13 27 26
split_gain=2.25284 1.72487 2.03655 1.24906 1.11583 1.25742 0.996207 1.33636 1.12508 0.868138 1.01743 1.08991 1.55581 1.59458 1.50204 1.43255 1.03866 0.794118 0.783071 0.74298 0.634831 0.553671 0.525912 0.583937 0.856753 1.35968 0.602428 0.514286 0.507172 0.501888
threshold=-0.32000000774860377 3.5000000000000004 0.0041666666511446246 0.39583334326744085 4.0053331851959237 0.98610001802444469 -0.79866668581962574 -0.16200000047683713 0.072159029543399825 4.3885152339935312 0.22126521915197375 -0.2357777804136276 0.15563326328992846 -0.14975000172853467 5.5966765880584726 0.45883789658546453 0.28049999475479132 0.39782011508941656 0.091499999165534987 0.087999999523162856 0.32570371031761175 3.5137710571289067 -3.4679499864578243 -2.1324999332427974 -0.32383333146572107 0.41140741109848028 -9.4147467613220197 0.018888888880610469 0.044300001114606864 0.64724999666214
decision_type=2 2 2 2 2 2 2 2 2 2 2 2 2 2 2 2 2 2 2 2 2 2 2 2 2 2 2 2 2 2
left_child=20 3 17 4 6 -6 7 -2 -8 21 11 -11 27 18 15 -15 19 -3 -14 -12 -1 22 -10 -24 25 -25 -27 -13 29 -26
right_child=1 2 -4 -5 5 -7 8 -9 9 10 16 12 13 14 -16 -17 -18 -19 -20 -21 -22 -23 23 24 28 26 -28 -29 -30 -31
leaf_value=0.025391076739845888 -0.012324381483400567 -0.069196548048458748 0.28915126992340301 -0.025061299954424066 -0.13005537727922764 0.061047707605054541 -0.025045779532584429 0.074075624019325811 0.030383460364261258 -0.050533067449449624 -0.0065409378474949754 -0.033486692127056551 -0.0003396621661588064 0.0087540297143599184 0.001035414791455853 0.033273878052515499 -0.014051880083396379 0.20903117698125523 0.0010596887876116524 0.015442590687231299 -0.02589904056550681 -0.014880586927274795 -0.028482129582478505 0.040971372903623321 -0.0039548852096695543 -0.0041443584087565311 0.032284176146363627 0.0067022890270592994 -0.0042054850174528197 0.0084841933579365529
leaf_weight=27 33 27 26 216 21 30 254 22 48 39 92 36 35 21 20 25 106 24 24 33 1195 149 83 28 471 85 24 20 259 70
leaf_count=27 33 27 26 216 21 30 254 22 48 39 92 36 35 21 20 25 106 24 24 33 1195 149 83 28 471 85 24 20 259 70
internal_value=-0.00158482 -0.000669971 0.00668831 -0.000922461 -0.000537477 0.0067647 -0.000725848 0.00590909 -0.000915714 -0.000443646 0.00143015 0.00386364 0.00549724 0.0086 0.0139394 0.018913 -0.000887447 0.000882352 0.00262712 0.0022 -0.00332242 -0.00113805 -0.000739702 -0.000980393 -0.000624334 0.0030292 0.000504586 -0.00142857 -0.00125 -0.000378929
internal_weight=3543 2321 77 2244 2028 51 1977 55 1922 1668 451 220 181 125 66 46 231 51 59 125 1222 1217 1068 1020 937 137 109 56 800 541
internal_count=3543 2321 77 2244 2028 51 1977 55 1922 1668 451 220 181 125 66 46 231 51 59 125 1222 1217 1068 1020 937 137 109 56 800 541
is_linear=0
shrinkage=0.05


Tree=38
num_leaves=31
num_cat=0
split_feature=13 46 13 16 47 46 18 14 18 46 45 27 8 13 20 13 12 5 4 8 4 44 4 4 13 4 26 51 8 22
split_gain=2.12562 2.03655 1.62214 1.60872 1.225 1.11132 1.04833 0.95984 0.794118 0.705826 1.05067 0.674211 0.64994 0.9 0.671659 0.605851 0.777481 1.76333 0.884525 0.6649 0.553363 0.658777 0.582027 0.702805 0.730828 0.815703 0.591379 1.27158 0.658787 0.859375
threshold=3.5000000000000004 0.0041666666511446246 -0.46533332765102381 0.13999999687075618 0.79009413719177257 4.3568332195281991 0.50658518075943004 0.39583334326744085 0.39782011508941656 -2.1233333945274349 -2.5915833711624141 -2.6052500009536739 1.8333333134651186 -0.1031111106276512 11.655000209808351 -0.018000000156462189 5.2279784679412851 0.32500000298023229 0.81999999284744274 1.4333333373069765 0.059999998658895499 -8.4999999999999982 0.5600000023841859 0.1799999997019768 -0.25200000405311579 0.4200000017881394 0.042750000953674323 -0.51300001144409169 1.2333333492279055 0.21954999864101413
decision_type=2 2 2 2 2 2 2 2 2 2 2 2 2 2 2 2 2 2 2 2 2 2 2 2 2 2 2 2 2 2
left_child=2 8 11 4 -4 7 -7 9 -2 10 -5 -1 14 -14 15 20 18 -18 19 -17 -11 -22 23 -23 25 -25 -26 -28 29 -29
right_child=1 -3 3 5 -6 6 -8 -9 -10 12 -12 -13 13 -15 -16 16 17 -19 -20 -21 21 22 -24 24 26 -27 27 28 -30 -31
leaf_value=0.028677395928686702 -0.065736720646035848 0.2746937064272329 -0.043500048252474714 -0.0084412483503593129 0.072519560588712381 -0.0081786127243609948 0.092117018707344928 -0.023912844885812527 0.19857961813219249 -0.026777997076715489 0.053425615968215268 -0.026148105347909935 -0.0089103626788134879 0.0080541484647929391 0.057296815303032017 -0.0042263894522401356 0.010979678771877851 -0.0023560138082622229 0.076452349627340835 0.0084021644462732321 -0.019372105254775694 -0.0066492044101805819 -0.034566094261953194 -0.020321606765959351 0.00049765430945456889 0.019392461547573576 0.028994059819120024 0.01313404787610194 0.016035822209541247 -0.0086667420780062107
leaf_weight=20 27 26 20 27 20 23 20 230 24 371 33 599 20 20 40 318 20 30 39 42 580 274 94 245 203 38 29 20 47 44
leaf_count=20 27 26 20 27 20 23 20 230 24 371 33 599 20 20 40 318 20 30 39 42 580 274 94 245 203 38 29 20 47 44
internal_value=-0.00152837 0.00668831 -0.00171091 -0.00120653 0.00875 -0.00134842 0.00662791 -0.0014725 0.000882352 -0.00119179 0.00416667 -0.0040307 -0.00132175 0.005 -0.00142564 -0.001533 0.000122493 0.006 -0.000614036 -0.00138889 -0.00191517 -0.00150572 -0.000724347 -0.000333335 0.000591053 -0.00128975 0.00214286 0.00464286 0.00220721 -0.00109375
internal_weight=3543 77 3466 2847 40 2807 43 2764 51 2534 60 619 2474 40 2434 2394 449 50 399 360 1945 1574 994 900 626 283 343 140 111 64
internal_count=3543 77 3466 2847 40 2807 43 2764 51 2534 60 619 2474 40 2434 2394 449 50 399 360 1945 1574 994 900 626 283 343 140 111 64
is_linear=0
shrinkage=0.05


Tree=39
num_leaves=31
num_cat=0
split_feature=13 13 16 11 22 14 46 14 18 13 3 26 26 5 0 0 0 14 18 3 14 13 3 10 21 22 0 37 16 51
split_gain=2.02821 1.74335 1.65446 1.63076 1.21 0.929005 0.83715 1.18961 0.794948 0.732035 0.972429 0.97235 0.627973 0.562503 0.510668 0.713735 0.68174 0.55641 0.791729 0.698381 0.628598 0.864438 1.51986 1.38611 1.38135 0.750017 0.604449 0.549598 0.855361 0.479391
threshold=3.6980000734329228 -0.49600000679492945 0.13999999687075618 -0.2124078497290611 0.23025000095367434 0.39583334326744085 -2.1233333945274349 0.10416666790843011 0.55159997940063488 -0.32000000774860377 0.15365386754274371 2.9120000600814824 -2.7680000066757198 0.32500000298023229 0.62000000476837169 0.25999999791383749 1.060000002384186 0.12916667014360431 0.38514813780784612 0.31211639940738684 0.17083333432674411 -0.1031111106276512 0.31211639940738684 -9.5002446174621564 -0.31284999847412104 -1.6095499992370603 0.45999999344348913 0.22534999996423724 0.29999999701976782 -1.6010000109672544
decision_type=2 2 2 2 2 2 2 2 2 2 2 2 2 2 2 2 2 2 2 2 2 2 2 2 2 2 2 2 2 2
left_child=1 12 4 -2 -3 6 7 8 -4 11 -11 -8 -1 29 15 27 -16 18 -17 -20 -19 22 25 26 -25 -22 -23 -15 -29 -12
right_child=3 2 5 -5 -6 -7 9 -9 -10 10 13 -13 -14 14 16 17 -18 20 19 -21 21 23 -24 24 -26 -27 -28 28 -30 -31
leaf_value=0.021933269788295469 -0.05327637082026742 0.0080094527117667291 0.01201686267287343 0.24740609666113056 0.18175901839333625 -0.022823150315422189 -0.022527076265021165 -0.058427828110321892 0.055249646495457196 -0.0085899441357321516 -0.015035908657711969 0.05912178398533563 -0.026272183372754263 -0.015817170850501352 -0.018606614474687797 0.019933329136760981 0.062104474036895431 0.052162232342747063 -0.033509057974956867 0.12030176534204257 0.0040632273133804691 0.035282219353112557 0.060976120149241413 0.026401310230627601 0.013088007182204868 -0.0077423049389189194 -0.0090183977017664098 0.0750656106193658 -0.0043922341889123919 -0.0017000935862715118
leaf_weight=35 21 25 20 32 20 233 618 21 21 435 146 25 483 124 108 35 23 28 69 26 22 22 28 20 36 92 25 28 37 685
leaf_count=35 21 25 20 32 20 233 618 21 21 435 146 25 483 124 108 35 23 28 69 26 22 22 28 20 36 92 25 28 37 685
internal_value=-0.00150014 -0.00164757 -0.00118102 0.00820755 0.00833333 -0.0013273 -0.00106533 0.00467742 0.00963415 -0.00120061 -0.000726497 -0.00266719 -0.00432433 -0.000141571 0.000878284 0.00150338 -0.00194657 0.00269231 -1.19209e-09 -0.00236842 0.00397436 0.00316326 0.000633802 0.00665048 0.0119643 -0.00192983 0.000319148 -0.00103175 0.00269231 -0.00102888
internal_weight=3543 3490 2972 53 45 2927 2694 62 41 2632 1989 643 518 1554 723 592 131 403 130 95 273 245 142 103 56 114 47 189 65 831
internal_count=3543 3490 2972 53 45 2927 2694 62 41 2632 1989 643 518 1554 723 592 131 403 130 95 273 245 142 103 56 114 47 189 65 831
is_linear=0
shrinkage=0.05


Tree=40
num_leaves=31
num_cat=0
split_feature=46 9 13 14 17 27 11 45 0 9 11 9 17 17 21 11 27 5 9 2 11 21 53 47 22 47 36 47 22 27
split_gain=1.64919 5.32197 1.69701 0.962665 0.847339 0.85403 0.841612 0.935201 0.734256 1.06444 0.833141 1.06568 1.68177 1.21695 1.13778 0.828893 0.79103 0.610381 1.22136 1.28441 1.38757 1.16694 0.930769 0.92803 0.51297 0.512071 0.48112 0.709827 0.702119 0.440283
threshold=0.48799999058246618 0.6003120243549348 -0.3599999994039535 0.38750000298023229 0.12500000372529033 -1.4057999849319456 -0.30986875295639033 -2.0748332738876338 0.62000000476837169 0.083457935601472868 -0.0027276299661025401 0.44778953492641455 0.45833332836627966 0.62500000000000011 0.21559999883174899 -0.0092694507911801321 0.33855000138282781 0.42499999701976782 0.10326733440160753 0.34999999403953558 0.11126318946480752 0.31979998946189886 1.6685000061988833 0.8869290053844453 -2.3276000022888179 0.29507316648960119 -0.080899998545646654 0.40111888945102697 0.15760000050067904 -0.49679999053478235
decision_type=2 2 2 2 2 2 2 2 2 2 2 2 2 2 2 2 2 2 2 2 2 2 2 2 2 2 2 2 2 2
left_child=2 4 -1 6 5 -2 -4 -8 9 29 11 13 14 15 -13 26 17 21 -19 -20 25 -12 -23 -22 -18 -21 -11 -28 -29 -9
right_child=1 -3 3 -5 -6 -7 7 8 -10 10 16 12 -14 -15 -16 -17 24 18 19 20 23 22 -24 -25 -26 -27 27 28 -30 -31
leaf_value=-0.022188109813412238 0.056143069236560608 0.099577728671131807 -0.025301133805822246 -0.02138715144149279 -0.048293235898721108 -0.021042251788887557 0.16959775225938201 0.004914981113818234 -0.015027206318148127 -0.018629455609665155 -0.0017186121044954362 0.049082257394752318 -0.006726907754636015 0.014331629138313024 0.082262663955666143 0.020130312278794731 0.0039876300253425543 0.00770941965966827 -0.0030478357890877006 0.031534416374817763 0.10515743128024868 0.0088105315065097698 0.027312336915401025 0.03644887388246007 -0.01141939546155947 -0.0073495585966746506 -0.013781808754847328 0.096080336081692475 -0.011961138839761002 -0.023332555124123005
leaf_weight=931 24 29 250 244 119 27 55 24 327 84 442 20 29 34 25 22 30 21 104 27 20 32 20 24 220 43 44 31 20 243
leaf_count=931 24 29 250 244 119 27 55 24 327 84 442 20 29 34 25 22 30 21 104 27 20 32 20 24 220 43 44 31 20 243
internal_value=-0.00163394 0.00278894 -0.00189543 -0.00120123 -0.000588236 0.00480392 -0.000869467 -0.000517776 -0.000705197 -0.000253369 0.000340556 0.00260518 0.00783784 0.000957446 0.0138889 -0.000522389 -0.000371314 0.000457025 0.00253138 0.00142202 0.00508772 -0.00054656 0.00653846 0.0120455 -0.0028 0.000714285 -0.00164805 0.000789472 0.00480392 -0.00312734
internal_weight=3565 199 3366 2435 170 51 2191 1941 1886 1559 1292 309 74 235 45 201 983 733 239 218 114 494 52 44 250 70 179 95 51 267
internal_count=3565 199 3366 2435 170 51 2191 1941 1886 1559 1292 309 74 235 45 201 983 733 239 218 114 494 52 44 250 70 179 95 51 267
is_linear=0
shrinkage=0.05


Tree=41
num_leaves=31
num_cat=0
split_feature=44 15 44 16 26 56 14 46 14 14 12 2 13 21 27 21 9 14 16 11 26 18 18 14 14 9 21 13 4 15
split_gain=1.88015 3.10303 1.04612 1.12492 2.77015 1.40374 0.742424 0.718577 0.831269 1.64737 1.15035 0.686217 1.37857 0.680463 1.69389 0.64 0.561536 0.558552 1.11386 0.929906 0.868443 0.736209 0.822358 0.651812 1.25026 2.66667 0.551235 0.46517 1.5956 0.409891
threshold=84.500000000000014 0.76666668057441723 -9.4999999999999982 0.21999999880790713 4.0435001850128183 -1.4235000014305113 0.25416666269302374 -0.14566666632890699 0.32916666567325598 0.30416667461395269 4.5047369003295907 0.18666666746139529 -0.058000000193715089 0.31284999847412115 0.41340000927448278 -0.19839999824762342 0.80002522468566906 0.23749999701976779 0.85999998450279247 -0.0053677258547395459 -0.51374998688697804 0.57866665720939647 0.66119998693466198 0.17083333432674411 0.13750000298023227 0.23607748746871951 3.7187500000000004 -0.1268571466207504 0.099999997764825835 0.30000001192092901
decision_type=2 2 2 2 2 2 2 2 2 2 2 2 2 2 2 2 2 2 2 2 2 2 2 2 2 2 2 2 2 2
left_child=2 6 26 4 5 15 -2 16 9 17 11 -11 -13 -7 -15 -4 -5 23 21 -20 -21 -19 -23 24 -9 -26 27 29 -29 -1
right_child=1 -3 3 7 -6 13 -8 8 -10 10 -12 12 -14 14 -16 -17 -18 18 19 20 -22 22 -24 -25 25 -27 -28 28 -30 -31
leaf_value=-0.036581183223312851 -0.041962773158180033 0.14538676321616162 0.019467300729402115 -0.017684778970768686 0.22543221735698143 -0.024294105776377917 0.22970680407015737 -0.0098873898948462977 -0.011920028712130468 -0.0055649212673261721 0.016901032931976433 -0.012631331602815427 0.023991083213462064 0.25780013790345724 -0.0099421916717937764 0.11942607498548999 0.019276681166616169 -0.0085918019213350998 0.016240136881074903 0.015467765172705171 -0.001632681195458615 0.014031700061839666 -0.0025238999385963361 -0.016637368421554031 0.10728471613385747 -0.030715497677871562 0.044626294627514357 -0.0088020845205306307 0.0053505280592558678 -0.016230364109131264
leaf_weight=580 66 20 25 396 21 241 22 428 408 26 34 29 33 29 28 20 22 190 24 25 32 21 20 223 27 27 20 84 20 424
leaf_count=580 66 20 25 396 21 241 22 428 408 26 34 29 33 29 28 20 22 190 24 25 32 21 20 223 27 27 20 84 20 424
internal_value=-0.00177419 0.00472222 -0.00197715 -0.00137183 0.00118132 0.00010204 0.000681817 -0.00184478 -0.00134777 -0.000654084 0.00483606 0.00181818 0.00467742 -0.00114094 0.00377193 0.00833333 -0.00368421 -0.00131269 0.000448717 0.00549383 0.00201754 -0.00132035 0.0047561 -0.0020922 -0.00105809 0.00611111 -0.00322695 -0.00337545 -0.000192309 -0.00370518
internal_weight=3565 108 3457 2329 364 343 88 1965 1547 1139 122 88 62 298 57 45 418 1017 312 81 57 231 41 705 482 54 1128 1108 104 1004
internal_count=3565 108 3457 2329 364 343 88 1965 1547 1139 122 88 62 298 57 45 418 1017 312 81 57 231 41 705 482 54 1128 1108 104 1004
is_linear=0
shrinkage=0.05


Tree=42
num_leaves=31
num_cat=0
split_feature=44 46 44 18 18 0 46 18 16 56 16 9 46 11 45 12 22 8 47 46 47 18 56 0 17 48 9 36 14 18
split_gain=1.62927 2.98924 1.04612 0.79237 1.39198 0.787471 0.862103 0.803547 1.32366 2.10781 0.96561 1.0006 0.63438 0.591726 0.903762 0.812011 0.547234 0.799326 0.810123 0.761154 0.9 0.526261 0.510436 0.507508 0.622222 0.495845 0.494891 0.466163 0.818182 0.367816
threshold=84.500000000000014 0.15550000220537188 -9.4999999999999982 0.42442539334297186 0.50658518075943004 0.21999999880790713 4.3568332195281991 0.50988268852233898 0.85999998450279247 -0.48550000786781305 0.1799999997019768 0.18013098090887072 -0.86783334612846363 0.35909767448902136 0.34149999916553503 0.45598541200160986 -0.20820000022649762 1.3666666746139529 1.6564669013023379 0.028500000014901165 0.71314284205436718 0.49489241838455206 -1.3840000033378599 0.4200000017881394 0.20833333581686023 1.0000000180025095e-35 0.21550978720188144 2.3118000030517583 0.062500001862645163 0.43280808627605444
decision_type=2 2 2 2 2 2 2 2 2 2 2 2 2 2 2 2 2 2 2 2 2 2 2 2 2 2 2 2 2 2
left_child=2 3 27 -2 -5 -4 7 8 10 -10 11 -7 -9 15 26 23 17 18 19 22 -21 -17 -14 24 -12 29 -15 -1 -29 -25
right_child=1 -3 5 4 -6 6 -8 12 9 -11 13 -13 16 14 -16 21 -18 -19 -20 20 -22 -23 -24 25 -26 -27 -28 28 -30 -31
leaf_value=-0.017843958025110629 -0.12162363680776181 0.21880075948787298 -0.0092552599284772812 0.18464282037076771 -0.12796402522206748 0.26505380481556073 0.044434718107723523 0.028954978789900929 -0.00073317810823130122 0.013880906761059315 0.20677198898308405 0.0053317826262723024 0.035775477867842763 0.031065173525863223 0.0084444033202222876 -0.0068279034363003567 -0.017826392597528797 -0.0086011571999748924 -0.013115859853693512 0.048164976797924225 0.003484940381725215 0.019259515730204908 -0.0098772347563023059 -0.045863633299095041 0.0098792269065607063 0.015548389522441711 -0.026727851664622673 0.051578303207714726 -0.075484093162146923 0.012818753837776992
leaf_weight=1084 40 21 682 26 21 20 21 22 41 26 21 28 20 27 30 383 540 120 40 20 20 28 38 58 60 24 31 22 22 29
leaf_count=1084 40 21 682 26 21 20 21 22 41 26 21 28 20 27 30 383 540 120 40 20 20 28 38 58 60 24 31 22 22 29
internal_value=-0.00178822 0.00425926 -0.00197715 0.000172413 0.00457447 -0.00137183 -0.000780208 -0.00091021 0.000210917 0.0069403 -0.000399189 0.00645833 -0.0020122 -0.000875544 0.00295454 -0.0014345 -0.00224311 -0.000348838 0.00224638 0.00469388 0.01 -0.00268857 0.00103448 0.00125 0.00425926 -0.000945947 -0.000689656 -0.00322695 0.00181818 -0.00270115
internal_weight=3565 108 3457 87 47 2329 1647 1626 806 67 739 48 820 691 88 603 798 258 138 98 40 411 58 192 81 111 58 1128 44 87
internal_count=3565 108 3457 87 47 2329 1647 1626 806 67 739 48 820 691 88 603 798 258 138 98 40 411 58 192 81 111 58 1128 44 87
is_linear=0
shrinkage=0.05


Tree=43
num_leaves=31
num_cat=0
split_feature=18 16 45 18 53 0 47 10 9 12 45 14 36 9 26 12 0 2 50 50 53 47 36 27 9 14 5 14 10 36
split_gain=1.09762 1.30326 1.13261 1.76414 2.02345 1.09192 1.37664 1.2198 1.62373 1.30713 0.930756 0.734737 2.37508 1.26614 0.792698 0.767241 0.679849 1.24229 0.622414 0.616963 0.61171 1.49185 1.4204 0.529477 1.08637 0.909875 0.989319 0.564332 0.473134 0.496334
threshold=0.61788889765739452 0.13999999687075618 0.11291666701436044 0.55159997940063488 -0.52949997782707203 0.25999999791383749 1.9311406016349795 -9.4937968254089338 0.64165055751800548 4.9464702606201181 1.0046666860580447 0.037500001490116126 0.089050002396106734 1.0003445744514468 -1.5729999542236326 5.2279784679412851 0.4200000017881394 0.30200000107288366 1.5000000000000002 2.5000000000000004 1.9520000219345095 0.8185752034187318 0.049500001594424255 -0.53495001792907704 0.19584658741950992 0.23749999701976779 0.32500000298023229 0.28749999403953558 -9.7639136314392072 0.26545000076293951
decision_type=2 2 2 2 2 2 2 2 2 2 2 2 2 2 2 2 2 2 2 2 2 2 2 2 2 2 2 2 2 2
left_child=1 -1 11 5 -5 -4 7 8 -7 20 -6 12 13 16 23 28 17 -3 -17 -2 21 22 -9 24 -13 -26 -27 -25 -16 -30
right_child=19 2 3 4 10 6 -8 9 -10 -11 -12 14 -14 -15 15 18 -18 -19 -20 -21 -22 -23 -24 27 25 26 -28 -29 29 -31
leaf_value=0.095165528427709381 -0.022181805027045472 -0.015658425965114253 -0.0081915119430289677 0.067486274345482031 -0.0017696649722158645 -0.012515679824088251 -0.011275993630157825 -0.013039083163793494 0.064626880323344252 0.0019394457416707 0.032684019569500566 0.066721870556613758 0.14635306633181372 0.11680005348051883 -0.020059133931607544 -0.011689989857571741 -0.019374988216029534 0.20553455080788272 0.007559872252499481 0.037894025861971228 -0.0019948124365631072 0.18786070761150411 0.004108400794532379 -0.033196280903614761 -0.022207354002723733 -0.021010619257872704 0.20084764798488242 0.0018290897621970901 -0.0069385491564176033 0.0076354115674867095
leaf_weight=39 564 57 348 37 71 150 127 59 20 24 28 23 21 23 748 116 171 25 29 20 52 30 32 71 43 21 23 61 444 88
leaf_count=39 564 57 348 37 71 150 127 59 20 24 28 23 21 23 748 116 171 25 29 20 52 30 32 71 43 21 23 61 444 88
internal_value=-0.00164797 -0.00125965 -0.00138001 1.02238e-05 0.00529412 -0.000843232 0.000668015 0.00222071 -0.000882354 0.00489848 0.00156566 -0.0020723 0.000218854 -0.00101449 -0.00248051 -0.00292983 -0.00203557 0.00170732 0.00051724 -0.00363014 0.0033815 0.00533058 0.00214286 0.000165288 0.00272727 0.000172413 0.00522727 -0.0019697 -0.00332031 -0.00218045
internal_weight=3565 2981 2942 978 136 842 494 367 170 197 99 1964 297 276 1667 1425 253 82 145 584 173 121 91 242 110 87 44 132 1280 532
internal_count=3565 2981 2942 978 136 842 494 367 170 197 99 1964 297 276 1667 1425 253 82 145 584 173 121 91 242 110 87 44 132 1280 532
is_linear=0
shrinkage=0.05


Tree=44
num_leaves=31
num_cat=0
split_feature=13 46 19 13 4 11 12 47 13 9 12 28 9 11 9 5 3 12 13 4 46 26 0 8 10 9 46 26 10 21
split_gain=1.43177 0.983903 0.788747 1.01914 1.28544 1.18537 1.76939 1.29769 1.01316 2.36598 1.48161 1.3495 1.34146 0.9 0.791196 0.711954 0.977709 2.18653 0.686279 0.864238 0.798125 1.07947 0.711886 0.677938 0.973235 1.11225 1.00658 1.76024 0.642207 0.622039
threshold=-0.38533332943916315 4.7653334140777597 1.0000000180025095e-35 -0.018000000156462189 0.099999997764825835 0.41196294128894811 5.7267692089080819 0.77953118085861217 -0.14111111313104627 0.21550978720188144 4.3885152339935312 7.7185001373291025 0.18978983908891681 0.29971756041049963 0.14757101237773898 0.52500000596046459 0.31211639940738684 4.2123167514801034 -1.0000000180025095e-35 0.85999998450279247 0.13350000232458117 -0.061750000342726701 0.38000001013278967 0.63333335518836986 -10.840474605560301 0.18978983908891681 0.034666666761040694 -1.0000000180025095e-35 -10.421407222747801 0.48565000295639044
decision_type=2 2 2 2 2 2 2 2 2 2 2 2 2 2 2 2 2 2 2 2 2 2 2 2 2 2 2 2 2 2
left_child=23 2 3 4 -2 18 7 -7 11 10 12 15 14 -12 -10 -6 -17 -18 22 20 -20 -22 -5 24 -1 26 27 -26 -27 -11
right_child=1 -3 -4 5 8 6 -8 -9 9 29 13 -13 -14 -15 -16 16 17 -19 19 -21 21 -23 -24 -25 25 28 -28 -29 -30 -31
leaf_value=-0.014111843341743847 -0.01583169691370568 0.092854370951894194 -0.018249808442293639 0.020491662006029487 -0.014574653985914239 0.056257591828265265 -0.03761616923809219 0.006999971510850459 0.015887572084014302 -0.010530838385144573 0.011629258724286492 0.075585751796741998 0.011795494357511961 0.0030246586738365937 -0.0038767428014029126 -0.015862193531426212 -0.0013206030976585848 0.041888545096513088 -0.0047634255681085307 0.059804106301365061 0.11639452094619494 -0.0032088155563323451 -0.0018006140362112498 -0.035743453920732117 0.14190852983783492 0.026826036695820746 -0.005827350750174114 -0.016917074183921701 -0.043017150659174122 0.0044018857621732398
leaf_weight=154 549 20 212 39 820 26 21 23 30 146 20 22 20 20 44 98 71 28 301 33 28 26 20 495 22 24 38 21 154 40
leaf_count=154 549 20 212 39 820 26 21 23 30 146 20 22 20 20 44 98 71 28 301 33 28 26 20 495 22 24 38 21 154 40
internal_value=-0.00163394 -0.00104818 -0.00113197 -0.00087629 -0.00140985 0.00109284 0.00714286 0.0123469 -0.00058499 0.001875 0.0069403 -0.00134264 0.00351064 0.015 0.000405404 -0.00160767 0.00109137 0.00459596 0.000145413 -0.000618558 -0.00133803 0.00425926 0.00516949 -0.00334802 -0.0018523 1.93038e-05 0.00487654 0.0101163 -0.00219101 -0.00177419
internal_weight=3565 2657 2637 2425 1908 517 70 49 1359 320 134 1039 94 40 74 1017 197 99 447 388 355 54 59 908 413 259 81 43 178 186
internal_count=3565 2657 2637 2425 1908 517 70 49 1359 320 134 1039 94 40 74 1017 197 99 447 388 355 54 59 908 413 259 81 43 178 186
is_linear=0
shrinkage=0.05


Tree=45
num_leaves=31
num_cat=0
split_feature=13 14 45 8 18 51 44 14 26 2 8 14 2 9 13 44 21 51 20 28 8 9 53 18 47 44 28 46 9 36
split_gain=1.42796 1.05893 0.911139 1.16662 1.59812 1.0294 0.794895 3.10919 0.898574 0.762643 0.708195 0.899903 0.99461 3.48186 1.51761 1.45334 1.2933 1.36915 1.08238 0.7721 0.717375 0.963869 0.554795 0.526716 0.749116 0.84349 0.483469 0.514869 0.822358 0.477632
threshold=-0.24199999868869779 0.40416666865348821 0.014166666660457851 0.63333335518836986 0.52762961387634288 -0.051000000908970826 84.500000000000014 0.037500001490116126 -11.340499877929686 0.11800000444054605 1.0333333611488345 0.32916666567325598 0.30200000107288366 0.24720886349678042 -0.041999999433755868 -3.4999999999999996 0.3725500106811524 0.5834999978542329 -0.78624999523162831 3.9400000572204594 1.6999999880790713 0.11450986936688425 0.52050000429153453 0.49489241838455206 0.89588391780853283 -9.4999999999999982 0.55404999852180492 -0.40066666901111597 0.13468468189239505 0.37519998848438268
decision_type=2 2 2 2 2 2 2 2 2 2 2 2 2 2 2 2 2 2 2 2 2 2 2 2 2 2 2 2 2 2
left_child=2 6 -1 4 22 -6 9 -8 -9 -2 19 12 14 18 -12 -15 17 -16 -14 26 -13 -22 -4 24 25 -5 27 28 -11 -17
right_child=1 -3 3 23 5 -7 7 8 -10 10 11 20 13 15 16 29 -18 -19 -20 -21 21 -23 -24 -25 -26 -27 -28 -29 -30 -31
leaf_value=-0.017700646638140864 -0.008816396123228246 -0.019391606177043302 -0.047060514385345711 -0.043149810739032221 0.20856797940152899 0.036695224782877213 0.23698202335545393 0.17440395489268207 -0.073228910293368338 0.166757969112696 -0.01433939607511025 -0.011571404020701332 0.018742603340548083 0.013933536715290721 0.0010877661524088052 -0.010455955483891321 -0.0033259122248990567 0.016490472125776992 0.039290153974148 0.03420233312582089 0.0067380236294156994 -0.0001865858790121313 0.029824437122645254 -0.032896882182992707 -0.016152044552325155 0.011854460050067553 -0.023309545459356817 -0.00282501440478862 -0.021519588729604452 0.021272388724585447
leaf_weight=1101 296 167 73 33 29 37 21 30 55 21 97 133 20 28 28 76 29 26 31 23 21 68 25 190 42 31 139 581 20 20
leaf_count=1101 296 167 73 33 29 37 21 30 55 21 97 133 20 28 28 76 29 26 31 23 21 68 25 190 42 31 139 581 20 20
internal_value=-0.0015053 -0.000595856 -0.00262973 -0.000760871 0.00262195 0.00863636 -0.000235395 0.00396226 -0.000294119 -0.000503924 -3.67496e-06 0.00132582 0.00288732 0.00557143 0.000277777 0.00104839 0.00524096 0.00981481 0.0165686 -0.000982144 -0.00117117 0.00230337 -0.00142857 -0.00263514 0.000188678 0.00359375 -0.00125493 -0.000659165 0.0047561 -0.001875
internal_weight=3491 1930 1561 460 164 66 1763 106 85 1657 1361 577 355 175 180 124 83 54 51 784 222 89 98 296 106 64 761 622 41 96
internal_count=3491 1930 1561 460 164 66 1763 106 85 1657 1361 577 355 175 180 124 83 54 51 784 222 89 98 296 106 64 761 622 41 96
is_linear=0
shrinkage=0.05


Tree=46
num_leaves=31
num_cat=0
split_feature=44 14 13 28 14 8 0 44 9 16 46 18 18 45 45 18 16 0 11 51 10 27 11 10 0 36 21 18 18 0
split_gain=1.31407 3.10919 1.08088 0.898574 0.75097 1.04758 0.967105 1.17741 1.60303 0.847652 1.66191 2.29566 1.40746 0.950374 0.819681 3.12466 0.682429 0.810222 1.76753 0.663552 0.852771 0.659426 0.600446 0.563706 0.535497 0.466322 0.604917 0.415514 0.385022 0.382425
threshold=84.500000000000014 0.037500001490116126 -0.42933334410190577 -7.4126498699188224 0.32916666567325598 1.4333333373069765 0.1799999997019768 -4.4999999999999991 0.24918745458126071 0.21999999880790713 -1.0000000180025095e-35 0.40611852705478674 0.30385185778141027 -0.77099999785423268 1.7332500219345095 0.55159997940063488 0.85999998450279247 0.45999999344348913 0.018459099344909195 -2.6469999551773067 -9.9544529914855939 -2.3027000427246089 0.18819788098335269 -8.5167918205261213 0.58000001311302196 0.043250000104308135 0.042900001630187042 0.50314998626708995 0.76358386874198925 0.4200000017881394
decision_type=2 2 2 2 2 2 2 2 2 2 2 2 2 2 2 2 2 2 2 2 2 2 2 2 2 2 2 2 2 2
left_child=2 -2 21 -3 5 9 -7 24 -9 10 11 12 -4 -13 16 -16 23 18 -18 20 -6 -1 28 -11 -8 -12 -27 29 -19 -25
right_child=1 3 4 -5 19 6 7 8 -10 14 25 13 -14 -15 15 -17 17 22 -20 -21 -22 -23 -24 27 -26 26 -28 -29 -30 -31
leaf_value=0.022330604934428733 0.22513292218768122 0.16568375714804795 0.011204874095417885 -0.059096322097190873 -0.0060161880952731049 -0.0038824796102592133 -0.0244585577022139 0.039293865913381569 0.01309639278663364 -0.0086539269339159074 -0.021133576655670741 0.06400862933858717 0.22759393957430538 -0.011626769344237439 -0.033849047581304914 0.078075963578127391 0.010293738446000596 -0.022139336575534723 -0.0029717244499732742 -0.013309764026882076 0.007941110082034469 -0.016815614306233819 0.011324101075339609 0.0092127548424080063 0.0040452687280595557 0.04050165577353626 -0.0097424600334120297 0.069243937496351937 0.0097724170453841221 -0.058558742727835233
leaf_weight=27 21 30 22 55 46 25 22 20 24 1110 178 29 29 89 63 23 32 105 37 498 31 695 22 67 29 22 53 20 36 31
leaf_count=27 21 30 22 55 46 25 22 20 24 1110 178 29 29 89 63 23 32 105 37 498 31 695 22 67 29 22 53 20 36 31
internal_value=-0.00151962 0.00396226 -0.00169129 -0.000294119 -0.00122606 -0.000785442 0.00375 0.00605263 0.0120455 -0.00106199 0.000924169 0.00476331 0.0136274 0.000932202 -0.00160414 0.00313953 -0.00188356 0.000603447 0.00514493 -0.00282609 0.00149351 -0.0034072 -0.00131902 -0.00235342 0.000882352 -0.00164032 0.00166667 0.000932202 -0.00251773 -0.000408164
internal_weight=3491 106 3385 85 2663 2088 120 95 44 1968 422 169 51 118 1546 86 1460 232 69 575 77 722 163 1228 51 253 75 118 141 98
internal_count=3491 106 3385 85 2663 2088 120 95 44 1968 422 169 51 118 1546 86 1460 232 69 575 77 722 163 1228 51 253 75 118 141 98
is_linear=0
shrinkage=0.05


Tree=47
num_leaves=31
num_cat=0
split_feature=18 44 14 51 56 18 36 9 18 16 18 12 12 27 0 10 51 14 45 45 56 18 26 12 45 27 36 12 18 51
split_gain=1.39828 1.17534 3.01281 1.11267 0.89791 1.79685 2.04903 1.08527 0.782609 0.78195 0.986579 1.12644 0.854607 1.01319 1.13947 0.715975 0.688315 0.663592 0.84343 0.949169 0.950303 0.768831 0.811529 0.668296 0.629157 1.22866 0.772045 0.815217 0.564296 0.658561
threshold=0.60763701796531688 84.500000000000014 0.037500001490116126 -29.439000129699703 0.023000000044703487 0.54808887839317333 1.6303499937057497 0.18894810974597934 0.57527408003807079 0.21999999880790713 0.34203462302684789 0.44956126809120184 4.2308614253997812 -0.18209999799728391 0.25999999791383749 -10.075670719146727 -3.001500010490417 0.32916666567325598 -0.45949999988079065 -0.31775000691413874 -0.69550001621246327 0.59384918212890636 1.2187500000000002 0.45598541200160986 0.50200000405311596 -0.35125000774860377 -0.21869999915361402 0.82546687126159679 0.51919823884964 -3.7250000238418575
decision_type=2 2 2 2 2 2 2 2 2 2 2 2 2 2 2 2 2 2 2 2 2 2 2 2 2 2 2 2 2 2
left_child=1 4 -3 -4 15 9 7 -7 -9 10 -6 -12 24 14 -14 -1 28 18 -18 20 23 22 -21 -20 25 26 27 -11 29 -17
right_child=-2 2 3 -5 5 6 -8 8 -10 12 11 -13 13 -15 -16 16 17 -19 19 21 -22 -23 -24 -25 -26 -27 -28 -29 -30 -31
leaf_value=-0.014699632686437503 -0.020006877413429686 0.21387627607829718 0.16192051615662406 -0.058995635783698257 0.21894009818299109 -0.0040602138808065649 0.078426485357526554 0.00034662622066044017 0.047644354486292173 -0.015626858978447841 0.085032509363534792 -0.011286695320982622 -0.00066398783813079979 -0.00058367493164728022 0.006926809367441663 -0.0082496263601931213 -0.016873411352216174 -0.01722379625569281 0.031070353915499033 -0.013159672275041915 0.14619274314770411 0.19174638274401837 0.084814473370186161 -0.010449617961823685 -0.012069044452714797 -0.004617671413907007 0.08470947132879679 0.002688031520389269 0.032533206789163327 0.0072003783174469406
leaf_weight=771 647 21 26 55 23 56 26 23 23 25 29 58 26 196 21 26 174 189 21 356 20 22 29 34 234 265 23 23 28 21
leaf_count=771 647 21 26 55 23 56 26 23 23 25 29 58 26 196 21 26 174 189 21 356 20 22 29 34 234 265 23 23 28 21
internal_value=-0.00143369 -0.000956401 0.00431372 -6.17296e-05 -0.00115244 -4.75857e-06 0.00554687 0.00235294 0.00804348 -0.000774649 0.00318182 0.000747125 -0.00130996 0.00117284 0.00776596 -0.00186576 -0.000923914 -0.00133136 -0.000579269 0.000497924 0.00566667 -0.000454547 -0.000974027 0.00227273 -0.00236842 -0.000982144 0.00485915 0.00125 0.00366667 0.000319148
internal_weight=3491 2844 102 81 2742 1051 128 102 46 923 110 87 813 243 47 1691 920 845 656 482 75 407 385 55 570 336 71 48 75 47
internal_count=3491 2844 102 81 2742 1051 128 102 46 923 110 87 813 243 47 1691 920 845 656 482 75 407 385 55 570 336 71 48 75 47
is_linear=0
shrinkage=0.05


Tree=48
num_leaves=31
num_cat=0
split_feature=13 46 18 46 18 10 16 15 20 13 45 4 20 22 18 11 13 20 13 13 2 13 10 18 46 18 26 21 3 11
split_gain=1.43422 1.69998 1.27675 0.866473 2.42305 0.845109 1.23458 1.50074 1.62523 0.738351 0.84971 0.777261 0.683388 1.49622 1.9074 0.505873 0.909626 0.553257 0.468526 1.25736 0.457976 0.650627 0.712404 1.04234 0.606722 0.470131 1.22736 0.47066 0.590679 0.645646
threshold=-0.018000000156462189 0.37800000607967382 0.60763701796531688 3.4416667222976689 0.53235557675361644 -10.075670719146727 0.1799999997019768 0.36666667461395269 0.014500000048428776 0.015500000212341549 -0.19124999642372129 0.85999998450279247 -2.0090000629425044 -1.9756999611854551 0.50593650341033947 0.39475619792938238 3.4739999771118169 -15.930999755859373 -0.3599999994039535 -0.34533333778381342 0.11800000444054605 -0.06955555826425551 -9.1265697479248029 0.48206734657287603 -1.0000000180025095e-35 0.59384918212890636 -0.22250000387430188 0.38070000708103185 0.49050766229629522 0.043720018118619926
decision_type=2 2 2 2 2 2 2 2 2 2 2 2 2 2 2 2 2 2 2 2 2 2 2 2 2 2 2 2 2 2
left_child=2 9 3 5 -5 18 7 -7 -9 10 -2 15 13 -8 -15 17 -17 -11 -1 -20 -14 25 -23 24 -24 27 -27 28 29 -22
right_child=1 -3 -4 4 -6 6 12 8 -10 11 -12 -13 20 14 -16 16 -18 -19 19 -21 21 22 23 -25 -26 26 -28 -29 -30 -31
leaf_value=-0.015239851956600256 0.0057114458103169514 0.20318335207585547 -0.023094132877234969 -0.018933252478973761 0.065774529499511653 -0.020293522764378992 -0.012376666562427419 0.036268510920707847 0.21806745345924236 0.15608496378178213 0.00096531249742570183 0.040314334397596144 -0.022763141311573892 -0.0024655579838314336 0.13277573457745864 0.022011399941665975 -0.21789037467617642 -0.0056953531870285821 0.029502488259286641 -0.010953774722713501 -0.012229738517668402 -0.013192389654443996 -0.0065596716279509972 0.011520739778266982 0.00910150834301038 0.21941181936461032 -0.035924525828584804 -0.010835121755139735 0.014623037218584104 0.0014044182539455535
leaf_weight=378 37 20 558 68 30 28 71 33 32 24 107 35 145 37 26 34 21 368 31 407 381 65 21 20 32 20 31 219 28 184
leaf_count=378 37 20 558 68 30 28 71 33 32 24 107 35 145 37 26 34 21 368 31 407 381 65 21 20 32 20 31 219 28 184
internal_value=-0.00147666 0.000650154 -0.00195958 -0.00143638 0.00316326 -0.0016423 -0.000884925 0.00467742 0.00884615 0.000191692 0.00333333 -0.000746889 -0.00128906 0.00208955 0.00769841 -0.00130873 0.00318182 -0.00193878 -0.00291667 -0.00180365 -0.00168412 -0.0013037 0.00188406 0.00527397 0.00160377 -0.00181344 0.00284314 -0.00210591 -0.00137437 -0.00172566
internal_weight=3491 646 2845 2287 98 2189 1373 93 65 626 144 482 1280 134 63 447 55 392 816 438 1146 1001 138 73 53 863 51 812 593 565
internal_count=3491 646 2845 2287 98 2189 1373 93 65 626 144 482 1280 134 63 447 55 392 816 438 1146 1001 138 73 53 863 51 812 593 565
is_linear=0
shrinkage=0.05


Tree=49
num_leaves=31
num_cat=0
split_feature=18 56 18 27 44 9 14 16 49 44 7 9 14 14 14 14 10 28 16 44 21 51 14 51 18 20 26 9 9 17
split_gain=1.07262 0.951076 1.2714 2.18154 1.45766 1.24006 1.03546 0.735713 0.73373 0.731339 0.685076 2.15302 0.602554 0.937443 0.552982 0.796537 1.54575 0.548372 0.539973 0.71697 1.76333 0.535048 0.625079 1.01112 0.622241 0.502091 0.644128 0.497605 0.394704 0.429919
threshold=0.60763701796531688 0.045500000938773162 0.54808887839317333 -1.336649954319 3.5000000000000004 0.18894810974597934 0.20416666567325595 0.85999998450279247 1.0000000180025095e-35 -8.4999999999999982 1.0000000180025095e-35 0.3370694518089295 0.15416666865348819 0.13750000298023227 0.37083333730697637 0.39583334326744085 -9.0167608261108381 -7.4126498699188224 0.21999999880790713 -4.4999999999999991 0.35629999637603765 0.38650000095367437 0.037500001490116126 -0.86349999904632557 0.46417459845542913 -2.3787499666213985 -3.3437499999999996 1.3613399863243105 0.32008440792560583 0.45833332836627966
decision_type=2 2 2 2 2 2 2 2 2 2 2 2 2 2 2 2 2 2 2 2 2 2 2 2 2 2 2 2 2 2
left_child=1 9 4 -4 7 -5 -7 14 -9 12 17 -12 13 21 18 16 -16 -11 19 -3 -21 22 23 24 -1 26 -20 -2 -27 -30
right_child=27 2 3 5 -6 6 -8 8 -10 10 11 -13 -14 -15 15 -17 -18 -19 25 20 -22 -23 -24 -25 -26 28 -28 -29 29 -31
leaf_value=0.00053059382630627914 -0.020315692385226722 -0.0091148396341778903 0.077538623288702549 -0.0084836399730476662 0.18142442842498982 0.02239224000342966 0.0010641424839228121 -0.0024392581213024279 0.0036047740412876242 0.12947645613511286 0.022745642532852377 -0.019504941468672536 -0.028176263668074103 0.050722742092171813 0.0067551267187288188 -0.0066131809374832652 -0.0070716686410526551 -0.0052965160835380934 -0.018980104992442848 -0.016555737321963814 0.21083573887407209 0.097565537457467891 -0.013069559139946308 -0.014307273058702656 0.16144077551143263 -0.0069900078725163919 0.084364114288673062 0.011324051754088892 0.0030020068392206801 -0.019961422344886567
leaf_weight=26 625 55 20 48 24 22 37 42 30 36 32 76 355 29 29 23 25 918 23 30 20 26 238 40 20 493 21 22 77 29
leaf_count=26 625 55 20 48 24 22 37 42 30 36 32 76 355 29 29 23 25 918 23 30 20 26 238 40 20 493 21 22 77 29
internal_value=-0.00146233 -0.0010443 0.000152671 0.00484252 -0.000494029 0.00200934 0.00686441 -0.000819399 0.00402778 -0.00174276 -0.000903956 0.00287037 -0.0029564 -0.00156992 -0.00124243 0.00279221 0.00611111 -0.00133124 -0.00165776 0.00166667 0.006 -0.00228572 -0.00283951 0.000813952 0.00586956 -0.00220062 0.00295454 -0.00329985 -0.0025793 0.000188678
internal_weight=3491 2844 1048 127 921 107 59 897 72 1796 1062 108 734 379 825 77 54 954 748 105 50 350 324 86 46 643 44 647 599 106
internal_count=3491 2844 1048 127 921 107 59 897 72 1796 1062 108 734 379 825 77 54 954 748 105 50 350 324 86 46 643 44 647 599 106
is_linear=0
shrinkage=0.05


Tree=50
num_leaves=31
num_cat=0
split_feature=44 47 16 46 36 18 26 20 44 21 17 44 4 44 1 16 8 19 0 4 44 47 16 16 47 22 50 51 10 27
split_gain=1.33857 0.829946 1.37182 1.86667 0.875 0.710058 1.82162 1.86823 1.06802 1.1586 0.961649 0.909218 0.684991 0.849919 0.743868 0.679847 0.540091 0.704913 1.55378 0.90181 0.664314 0.793407 0.647888 0.532575 0.626387 0.54006 0.697698 0.676228 0.55517 0.575374
threshold=-8.4999999999999982 0.24545094370841983 0.1799999997019768 -0.34516666829586024 0.26545000076293951 0.52525740861892711 -0.88975000381469715 -1.6352500319480894 1.0000000180025095e-35 1.2216500043869021 0.12500000372529033 80.500000000000014 0.1799999997019768 -10.499999999999998 0.47499999403953558 0.25999999791383749 1.1666666865348818 1.0000000180025095e-35 0.38000001013278967 0.34000000357627874 -1.0000000180025095e-35 0.53587263822555553 0.38000001013278967 0.29999999701976782 0.36184895038604742 0.55845001339912426 1.0000000180025095e-35 1.0709999799728396 -10.80710983276367 1.3148500323295595
decision_type=2 2 2 2 2 2 2 2 2 2 2 2 2 2 2 2 2 2 2 2 2 2 2 2 2 2 2 2 2 2
left_child=12 -2 3 -3 -5 11 7 10 9 -8 -7 16 13 14 -1 -13 -4 18 20 -20 -18 -22 -21 24 -14 26 27 28 -26 -30
right_child=1 2 5 4 -6 6 8 -9 -10 -11 -12 15 23 -15 -16 -17 17 -19 19 22 21 -23 -24 -25 25 -27 -28 -29 29 -31
leaf_value=0.0023459834330810062 -0.013311464087012698 0.2008754320180593 -0.0073408865955997861 -0.050090319526577255 0.1201080303639484 -0.017790998922416069 -0.0046149461598118573 0.11069628550188333 0.0022317164575609157 0.024001874942204959 0.052966568102102075 0.18395296305081321 -0.0088431516306386303 0.005410531884383769 -0.011810388738724613 -0.0021617603322115382 -0.010856565627424151 -0.013257844162410418 0.031023785372658402 -0.0076867293631096047 0.0075670801357619888 -0.0014944275962130015 0.023230555078580628 -0.036090938499199338 -0.032021439694928176 -0.042837361032374781 -0.010273998049586144 0.065883111665536995 0.046666249691182188 -0.041198978931900117
leaf_weight=39 611 24 577 28 28 35 259 35 30 20 34 20 206 38 83 34 175 97 38 47 28 52 20 502 32 115 171 28 79 20
leaf_count=39 611 24 577 28 28 35 259 35 30 20 34 20 206 38 83 34 175 97 38 47 28 52 20 502 32 115 171 28 79 20
internal_value=-0.00149073 -0.00073449 -0.000129666 0.00625 0.00125 -0.000469688 0.0012954 0.00701923 -0.000631069 -0.00159498 0.00224638 -0.00113971 -0.00275324 0.000312499 -0.00172131 0.00518518 -0.00147002 -0.000185997 0.000833332 0.00595238 -0.00127451 0.0025 0.00246269 -0.00317867 -0.00223502 -0.00117978 -0.000151516 0.0022327 0.00072519 0.00257576
internal_weight=3505 2192 1581 80 56 1501 413 104 309 279 69 1088 1313 160 122 54 1034 457 360 105 255 80 67 1153 651 445 330 159 131 99
internal_count=3505 2192 1581 80 56 1501 413 104 309 279 69 1088 1313 160 122 54 1034 457 360 105 255 80 67 1153 651 445 330 159 131 99
is_linear=0
shrinkage=0.05


Tree=51
num_leaves=31
num_cat=0
split_feature=13 14 13 3 13 9 4 16 2 44 28 20 56 13 35 3 14 10 17 51 14 47 18 10 18 14 44 4 13 2
split_gain=1.44731 1.08793 0.949113 0.641169 0.771338 2.18497 1.47083 1.12454 1.10979 1.23421 1.08129 1.77764 0.759109 1.06838 0.738625 0.706264 0.698116 0.63279 0.779221 0.595441 1.41283 0.593481 0.837806 0.519697 0.51386 0.620205 0.409081 0.50774 0.369646 0.45744
threshold=-0.3599999994039535 0.39583334326744085 3.8133332729339604 0.15365386754274371 -0.1031111106276512 0.32008440792560583 0.29999999701976782 0.85999998450279247 0.66999998688697826 -6.4999999999999991 0.085799999535083785 0.17599999904632571 2.492499947547913 -0.071555554866790758 -0.54899999499320973 0.25274377316236502 0.3458333313465119 -9.3748416900634748 0.20833333581686023 1.0709999799728396 0.12083333358168603 0.79735657572746288 0.52659919857978832 -9.3239407539367658 0.46334743499755865 0.11250000074505807 -3.4999999999999996 0.71999999880790722 -0.018000000156462189 0.08000000007450582
decision_type=2 2 2 2 2 2 2 2 2 2 2 2 2 2 2 2 2 2 2 2 2 2 2 2 2 2 2 2 2 2
left_child=19 2 3 28 6 7 -5 10 9 21 17 -12 13 -13 -11 -16 26 -6 -19 -1 -21 24 -23 -9 25 -8 -7 -28 -2 -30
right_child=1 -3 -4 4 5 16 8 23 -10 14 11 12 -14 -15 15 -17 -18 18 -20 20 -22 22 -24 -25 -26 -27 27 -29 29 -31
leaf_value=-0.0140378014924879 -0.021027357195450014 -0.01647425895525742 0.11090170596385306 -0.011527421259300031 -0.0093595187606511313 0.015036808513646416 -0.010441326895930511 0.0035618987710920435 -0.015903298144971177 0.0027093871961177103 0.035289686902585098 0.0019989114739636217 0.020103196998807412 -0.0017576231472597051 0.0026160071158469337 0.073234678021462191 0.043062333089047666 0.030325279360804161 -0.0010938420419590127 0.057136876204411914 -0.029632836305713197 0.00049668726565007474 0.036437227775680536 0.016062516089419495 -0.023683883852174879 0.019937955352913119 -0.025924931444783528 0.0041333797846944062 -0.0088973325795562285 0.0020043248306865374
leaf_weight=904 316 225 25 724 44 21 22 22 72 31 23 20 30 45 22 34 27 28 77 32 71 58 33 20 96 21 260 63 38 101
leaf_count=904 316 225 25 724 44 21 22 22 72 31 23 20 30 45 22 34 27 28 77 32 71 58 33 20 96 21 260 63 38 101
internal_value=-0.00166191 -0.00101681 -0.000688519 -0.000796265 -0.000370888 0.000955881 -0.00118149 0.00406149 0.0012982 0.00257098 0.00286517 0.00644068 0.00342105 0.000384614 0.00764368 0.0110714 -0.00163073 3.35559e-05 0.00214286 -0.00326217 0.000339805 0.000652173 0.00379121 0.0116667 -0.00140288 0.00313953 -0.00223837 -0.00267802 -0.00247253 -0.000323742
internal_weight=3505 2498 2273 2248 1793 680 1113 309 389 317 267 118 95 65 87 56 371 149 105 1007 103 230 91 42 139 43 344 323 455 139
internal_count=3505 2498 2273 2248 1793 680 1113 309 389 317 267 118 95 65 87 56 371 149 105 1007 103 230 91 42 139 43 344 323 455 139
is_linear=0
shrinkage=0.05


Tree=52
num_leaves=31
num_cat=0
split_feature=13 13 21 21 51 17 18 18 14 13 35 14 14 16 12 11 26 12 12 46 16 36 46 47 17 46 18 18 16 47
split_gain=1.28492 1.02978 0.746489 1.26444 1.59254 1.6469 1.4601 0.853151 1.29526 0.711252 0.990116 0.683218 0.797516 1.54473 0.65679 0.6477 0.817154 0.721115 0.582215 0.573193 0.559061 1.98413 0.536508 0.53296 0.569164 0.489832 0.480318 0.467048 1.92 0.427185
threshold=-0.3599999994039535 3.8133332729339604 -0.53344997763633717 -0.6698000133037566 -1.6010000109672544 0.29166667163372045 0.27080741524696356 0.46173334121704107 0.054166667163372047 0.0094444444403052347 -1.4290000200271604 0.32083332538604742 0.30416667461395269 0.62000000476837169 0.53770154714584362 0.055071389302611358 -1.6200000047683714 0.39691367745399481 5.4141719341278085 3.4416667222976689 0.1799999997019768 0.26545000076293951 -0.48250000178813929 0.66482844948768627 0.54166665673255932 -0.96899998188018788 0.49184595048427587 0.72892838716506969 1.4800000190734866 0.95805957913398754
decision_type=2 2 2 2 2 2 2 2 2 2 2 2 2 2 2 2 2 2 2 2 2 2 2 2 2 2 2 2 2 2
left_child=14 2 3 6 -5 -6 -2 -8 -9 26 -11 12 20 23 15 16 -1 -17 -13 25 21 22 -4 -14 -25 -16 -10 29 -29 -22
right_child=1 -3 11 4 5 -7 7 8 9 10 -12 18 13 -15 19 17 -18 -19 -20 -21 27 -23 -24 24 -26 -27 -28 28 -30 -31
leaf_value=0.025011620149224974 0.0079180038045302634 0.10535662066566037 0.11069760208489493 -0.0018468644649404073 0.033666056872191673 0.0011378902152066976 -0.019720559405022209 0.14085851517161302 0.019530757268795898 -0.021670259327666752 0.020561596657276734 -0.01022898019712859 -0.014767165145945817 0.010903436761209825 0.015675593722168448 0.13153927283196323 -0.012618448049678783 -0.013447920882148887 0.0047972291313962776 0.008555069883134479 -0.0046396896799820323 0.20385114844336774 -0.031811340072974897 0.014400662263124793 -0.0023867115115152829 -0.014618720648350382 -0.01132613867938188 0.17949523421898173 -0.022452801199124336 -0.0084960274121618252
leaf_weight=21 30 25 20 40 22 24 136 20 21 34 29 404 33 23 28 41 221 28 30 23 960 36 70 21 20 645 141 20 30 309
leaf_count=21 30 25 20 40 22 24 136 20 21 34 29 404 33 23 28 41 221 28 30 23 960 36 70 21 20 645 141 20 30 309
internal_value=-0.00170471 -0.00109688 -0.00119895 0.000533198 0.00604651 0.0123913 -0.000620439 -0.00145669 0.000306121 -0.000777779 0.00373016 -0.00163462 -0.00114138 0.00324742 -0.00321251 -0.00130225 -0.00252066 0.00297101 -0.0033871 -0.00406609 -0.00143599 0.00174603 -0.00222222 -0.000270271 0.00353658 -0.00433135 -0.00253087 -0.00173996 0.003 -0.00192672
internal_weight=3505 2498 2473 497 86 46 411 381 245 225 63 1976 1542 97 1007 311 242 69 434 696 1445 126 90 74 41 673 162 1319 50 1269
internal_count=3505 2498 2473 497 86 46 411 381 245 225 63 1976 1542 97 1007 311 242 69 434 696 1445 126 90 74 41 673 162 1319 50 1269
is_linear=0
shrinkage=0.05


Tree=53
num_leaves=31
num_cat=0
split_feature=13 13 14 12 51 5 13 12 9 26 21 46 53 9 44 9 13 9 0 6 28 46 9 16 26 15 12 13 12 27
split_gain=1.16339 1.01497 0.793668 0.629579 1.15318 0.611453 0.704248 1.22649 0.600414 0.79526 0.646154 0.553637 0.728139 0.534445 0.645667 0.741488 1.16068 1.06735 1.22807 1.17371 0.678788 0.600939 1.28201 0.505723 0.488882 0.730489 0.473469 0.464617 0.922624 0.457788
threshold=3.8133332729339604 -0.3599999994039535 0.39583334326744085 0.42898838222026831 1.0709999799728396 0.52500000596046459 -0.1858333349227905 2.9277592897415166 0.13603167235851291 0.64724999666214 0.05034999921917916 0.09433333203196527 -0.4679999947547912 0.45371010899543768 -11.499999999999998 0.10974419489502908 -0.16600000113248822 0.25562594830989843 0.49999998509883886 0.90000000596046459 0.16229999810457232 -0.06349999830126761 0.14475353807210925 0.1799999997019768 -0.40749999880790705 0.56666669249534618 0.31217537820339208 -0.037999998778104775 2.9609140157699589 -1.336649954319
decision_type=2 2 2 2 2 2 2 2 2 2 2 2 2 2 2 2 2 2 2 2 2 2 2 2 2 2 2 2 2 2
left_child=1 3 5 4 24 13 7 -7 9 10 11 26 -13 14 -3 23 -17 18 19 -18 -20 22 -21 -16 25 -1 -8 28 -19 -25
right_child=-2 2 -4 -5 -6 6 8 -9 -10 -11 -12 12 -14 -15 15 16 17 27 20 21 -22 -23 -24 29 -26 -27 -28 -29 -30 -31
leaf_value=-0.044520504659939612 0.10008878963237738 -0.022469643412663082 -0.015022887233939936 -0.013772020733637813 0.046631304778721336 0.0013281421147496601 0.0054141744498346607 0.033058196250266257 -0.0050129455479443656 0.082943853312231863 -0.01783691313577429 -0.015598588965492759 0.0025876078192062823 -0.010554076017100745 0.13600393030056393 -0.005424177125134615 0.010238023301924699 0.033232385195987091 0.033761159482826257 0.0095221593004353924 0.0023053561561059274 -0.0014208590009051501 0.00033780246423559154 0.041555644750584597 -0.011987525647194843 0.10481522889038888 -0.020897956659291946 -0.018268917401754955 -0.011433224999124462 -0.012900772703838704
leaf_weight=27 25 92 225 796 24 67 20 36 246 27 39 20 22 406 37 413 30 38 22 23 20 142 48 33 139 21 29 86 29 323
leaf_count=27 25 92 225 796 24 67 20 36 246 27 39 20 22 406 37 413 30 38 22 23 20 142 48 33 139 21 29 86 29 323
internal_value=-0.0017475 -0.00182471 -0.00127982 -0.00316286 -0.000734598 -0.000996442 0.000533596 0.0042233 -0.00040943 0.00200637 0.000384614 0.00269231 0.00690476 -0.00144087 -0.000958085 -0.000659165 0.000170387 0.00196347 0.00377193 0.00240741 0.0116667 0.00110329 0.00485915 -0.00245547 -0.00205882 0.00229167 -0.000918369 -0.00140523 0.00171642 -0.00303371
internal_weight=3505 3480 2473 1007 211 2248 506 103 403 157 130 91 42 1742 1336 1244 851 438 285 243 42 213 71 393 187 48 49 153 67 356
internal_count=3505 3480 2473 1007 211 2248 506 103 403 157 130 91 42 1742 1336 1244 851 438 285 243 42 213 71 393 187 48 49 153 67 356
is_linear=0
shrinkage=0.05


Tree=54
num_leaves=31
num_cat=0
split_feature=13 13 14 27 9 2 9 16 53 44 7 12 13 28 47 11 47 12 44 27 18 20 51 12 51 3 13 12 27 45
split_gain=1.29663 1.03796 0.622971 0.532165 0.49343 1.14689 0.618203 0.85726 1.76434 0.854599 1.2329 1.18357 1.01933 0.946663 1.33636 0.971264 0.512139 0.504365 0.857143 0.493703 1.14705 2.025 0.562552 0.486682 0.738097 0.445503 1.29609 0.454962 0.422558 0.41957
threshold=-0.3599999994039535 3.8133332729339604 0.40416666865348821 -2.0584999322891231 0.2595964521169663 0.58933332562446605 0.16719070076942447 0.1799999997019768 0.9819999933242799 -10.499999999999998 1.0000000180025095e-35 1.8881413340568545 -0.28599999845027918 0.043899999931454665 1.0954729318618777 -1.0000000180025095e-35 0.762465000152588 5.2279784679412851 -3.4999999999999996 -0.35125000774860377 0.38287037611007696 -0.62924998998641957 1.388499975204468 0.53770154714584362 1.0709999799728396 0.19831921160221103 -0.1031111106276512 0.38840174674987799 -4.52655005455017 1.0452499985694887
decision_type=2 2 2 2 2 2 2 2 2 2 2 2 2 2 2 2 2 2 2 2 2 2 2 2 2 2 2 2 2 2
left_child=3 2 4 29 5 6 7 8 -2 -8 11 12 -11 15 -15 -14 19 -13 -19 20 21 -9 25 24 -5 -21 27 -27 -6 -1
right_child=1 -3 -4 23 28 -7 9 16 -10 10 -12 17 13 14 -16 -17 -18 18 -20 22 -22 -23 -24 -25 -26 26 -28 -29 -30 -31
leaf_value=-0.0014182388600048178 -0.012440000321572695 0.095084350150758543 -0.014235681236285545 -0.0113881493648351 0.18519856239885982 0.07721794453686015 -0.018348681461292603 -0.0082423019901528873 0.19963455553210369 -0.029135438455380698 0.014318972437614983 -0.005421985985894634 0.099204506463798137 0.019791988541737488 0.0021652924457729291 -0.00042234380049726542 -0.01128301744529875 -0.021734954601322128 0.01377083012989448 -0.011993385719307987 -0.011920697668693227 0.0086520724424993031 0.0084238446131595854 -0.013106834843637101 0.020171903409870767 0.0045822025437690459 0.0074154939634368706 -0.0095747687294472014 -0.0070584587085793949 0.011842921545684594
leaf_weight=21 40 25 173 264 27 22 69 20 26 44 35 134 29 24 20 58 242 24 32 268 76 20 39 667 35 22 27 92 910 20
leaf_count=21 40 25 173 264 27 22 69 20 26 44 35 134 29 24 20 58 242 24 32 268 76 20 39 667 35 22 27 92 910 20
internal_value=-0.0017475 -0.00113691 -0.00123939 -0.00326217 -0.00102174 -0.000414528 -0.000600299 -0.00138762 0.00409091 0.000863538 0.00175 0.00089041 0.00385714 0.0060687 0.0120455 0.00304598 -0.00183623 -0.00184211 0.00214286 -0.00101064 0.00189655 0.00875 -0.00176339 -0.00349897 -0.00182274 -0.00231051 -3.54622e-05 -0.00236842 -0.00190502 0.00231707
internal_weight=3505 2498 2473 1007 2300 1363 1341 872 66 469 400 365 175 131 44 87 806 190 56 564 116 40 448 966 299 409 141 114 937 41
internal_count=3505 2498 2473 1007 2300 1363 1341 872 66 469 400 365 175 131 44 87 806 190 56 564 116 40 448 966 299 409 141 114 937 41
is_linear=0
shrinkage=0.05


Tree=55
num_leaves=31
num_cat=0
split_feature=13 5 22 0 9 12 10 16 36 17 13 12 9 44 9 47 46 46 46 14 46 44 14 47 17 9 45 10 10 10
split_gain=1.25015 0.836823 1.05225 0.728025 1.02049 0.883478 0.628517 0.590764 0.673432 0.608839 0.602991 0.621391 0.964897 0.921675 0.584123 0.544706 0.585624 0.774757 0.50148 0.842593 0.516516 0.471623 0.44579 0.592628 0.545192 0.442006 0.42643 0.401536 0.869523 0.376888
threshold=-0.3599999994039535 0.52500000596046459 3.7164499759674077 0.25999999791383749 0.1723967716097832 4.4322006702423105 -8.8561620712280256 0.29999999701976782 0.6662999987602235 0.12500000372529033 -0.24199999868869779 4.7227485179901132 0.55445221066474926 -8.4999999999999982 0.14757101237773898 1.6377018094062807 -0.087000001221895204 -0.0061666667461395255 -0.96899998188018788 0.095833335071802153 3.4416667222976689 -1.4999999999999998 0.32083332538604742 0.66482844948768627 0.12500000372529033 0.71152815222740184 -0.092833332717418657 -8.9026117324829084 -9.1196861267089826 -8.9300961494445783
decision_type=2 2 2 2 2 2 2 2 2 2 2 2 2 2 2 2 2 2 2 2 2 2 2 2 2 2 2 2 2 2
left_child=18 7 3 21 5 6 -5 8 10 -10 -2 29 13 -13 -15 16 -6 -18 19 -1 -20 -3 23 24 -19 26 -11 28 -23 -12
right_child=1 2 -4 4 15 -7 -8 -9 9 25 11 12 -14 14 -16 -17 17 22 20 -21 -22 27 -24 -25 -26 -27 -28 -29 -30 -31
leaf_value=0.038684583466200996 -0.019919869696752551 -0.024714269816674531 0.023275917501314348 0.029954551956241429 -0.015063256143619842 -0.0047429898834461621 0.018663354630098748 -0.0049546381321703917 0.059797905296367505 0.056442842251250736 -0.0079308690568259347 0.013812943982008065 -0.013678595979687859 0.0019794379770321311 -0.00061965279044290443 -0.012938158817726406 0.079626780402379638 -0.030587598465448562 -0.010818741896593346 -0.020147589242276498 0.0075372268497564676 -0.004835418317975692 -0.0070592457834544476 0.021434787925625472 0.011716620985429008 0.041724038464691339 -0.020348165310343603 -0.0057341187654408633 0.0074611542297721989 0.0051931989240510002
leaf_weight=28 224 103 26 26 29 24 21 974 23 20 371 24 30 21 47 57 21 28 905 26 44 81 23 24 52 20 43 32 29 152
leaf_count=28 224 103 26 26 29 24 21 974 23 20 371 24 30 21 47 57 21 28 905 26 44 81 23 24 52 20 43 32 29 152
internal_value=-0.00171202 -0.00111881 0.000555554 9.09079e-05 0.00172131 0.00697183 0.0109574 -0.00161365 -0.000743591 0.00301887 -0.00120253 -0.000426358 0.00278688 0.00532609 0.00235294 0.000128204 0.00149717 0.00277027 -0.00320539 0.00148148 -0.00347208 -0.00193878 0.00129921 0.00269231 0.000624999 0.0010241 -0.00103175 -7.04237e-05 0.00136364 -0.00117591
internal_weight=3528 2525 576 550 305 71 47 1949 975 106 869 645 122 92 68 234 177 148 1003 54 949 245 127 104 80 83 63 142 110 523
internal_count=3528 2525 576 550 305 71 47 1949 975 106 869 645 122 92 68 234 177 148 1003 54 949 245 127 104 80 83 63 142 110 523
is_linear=0
shrinkage=0.05


Tree=56
num_leaves=31
num_cat=0
split_feature=13 14 5 13 56 28 35 13 16 56 45 15 18 18 18 44 27 36 16 13 44 27 0 2 13 12 46 26 28 21
split_gain=1.12265 0.973731 0.630814 0.73941 1.33961 1.45957 1.32897 0.647554 0.79034 1.06745 0.551826 0.81166 0.961552 0.964413 1.21926 0.494756 1.03712 0.448354 0.638025 1.10823 0.542543 0.522394 0.398268 0.388239 0.781204 1.00998 0.636872 0.370048 0.361599 0.35998
threshold=-0.3599999994039535 0.38750000298023229 0.52500000596046459 -0.058000000193715089 1.5655000209808352 0.66144999861717235 0.51824998855590831 -0.1858333349227905 0.29999999701976782 -0.044999999925494187 0.014166666660457851 1.0000000180025095e-35 0.46417459845542913 0.59525185823440563 0.54808887839317333 -4.4999999999999991 -0.15720000118017194 0.14805000275373462 0.34000000357627874 -0.018000000156462189 -6.4999999999999991 1.0000000180025095e-35 0.29999999701976782 0.27400000393390661 -0.14111111313104627 4.6300234794616708 -0.047499999403953545 1.8327500224113467 0.15129999816417697 -0.083750002086162553
decision_type=2 2 2 2 2 2 2 2 2 2 2 2 2 2 2 2 2 2 2 2 2 2 2 2 2 2 2 2 2 2
left_child=10 2 3 23 15 6 -6 8 9 -4 -1 -12 -13 14 -14 16 -5 18 20 22 -9 -19 -20 -2 28 26 -26 -22 29 -25
right_child=1 -3 7 4 5 -7 -8 17 -10 -11 11 12 13 -15 -16 -17 -18 21 19 -21 27 -23 -24 24 25 -27 -28 -29 -30 -31
leaf_value=-0.010277804801763678 -0.015568552841123684 -0.014143036775481172 0.0069999862044993148 0.01717484948813398 0.0016010785967953544 -0.0030499885147961311 0.063047996065881226 0.0022458743792846468 -0.0017828524367974837 0.078422858776672918 -0.027883633090909576 -0.023326378185277059 0.010984890587909175 -0.032374430687721251 0.088000097798759544 -0.0035280847574795621 -0.013510232764809092 0.16679784390599486 0.0015311085161513465 0.031632550766357757 -0.0081624405278733006 -0.0089433064463047413 -0.016912654855855649 0.00074600974403182644 0.0071112102286363318 0.0095496281072960515 -0.006049097169233509 0.018200848192248719 -0.014831936660958351 -0.010018617623315752
leaf_weight=741 274 244 30 20 27 51 31 27 46 27 107 56 36 37 26 492 24 22 21 33 177 94 23 151 34 30 74 20 266 287
leaf_count=741 274 244 30 20 27 51 31 27 46 27 107 56 36 37 26 492 24 22 21 33 177 94 23 151 34 30 74 20 266 287
internal_value=-0.00174036 -0.00117822 -0.000857081 -0.00130892 3.87585e-05 0.00509174 0.0105172 0.000673076 0.0042233 0.00815789 -0.00315553 -0.00118321 0.00112903 0.00409091 0.00790322 -0.000988807 0.00409091 -0.000203838 0.000813952 0.00474026 -0.000535715 -0.00284483 -0.000454547 -0.00208781 -0.00155582 0.00188406 -0.000370372 -0.0014467 -0.00223011 -0.00134703
internal_weight=3528 2525 2281 1761 645 109 58 520 103 57 1003 262 155 99 62 536 44 417 301 77 224 116 44 1116 842 138 108 197 704 438
internal_count=3528 2525 2281 1761 645 109 58 520 103 57 1003 262 155 99 62 536 44 417 301 77 224 116 44 1116 842 138 108 197 704 438
is_linear=0
shrinkage=0.05


Tree=57
num_leaves=31
num_cat=0
split_feature=44 18 11 16 16 10 12 9 12 12 18 37 37 37 11 0 3 9 9 9 4 51 22 28 8 14 28 20 18 20
split_gain=1.01033 0.738586 0.775544 0.708115 1.64902 2.03259 0.83674 0.809806 1.17461 0.65805 0.5779 0.807737 0.913248 1.41841 0.538686 0.64685 0.548153 0.487379 0.577511 1.05755 0.625 0.579457 0.664907 0.521159 0.777779 1.54794 1.03878 1.50417 0.814562 0.756357
threshold=-9.4999999999999982 0.30696825683116918 0.12115681916475297 0.97999998927116405 0.85999998450279247 -9.1838188171386701 4.6300234794616708 0.88050496578216564 0.6739003360271455 0.77508071064949047 0.55159997940063488 1.582849979400635 -0.092900000512599931 -0.31554999947547907 -0.4681412130594253 0.25999999791383749 0.29734541475772863 0.077239841222763075 0.40667136013507849 0.31797766685485845 0.34000000357627874 -2.9314999580383296 -0.67335000634193409 1.2782499790191653 0.56666669249534618 0.17916666716337207 0.078150000423192992 0.40074999630451208 0.26624578237533575 -1.3324999809265134
decision_type=2 2 2 2 2 2 2 2 2 2 2 2 2 2 2 2 2 2 2 2 2 2 2 2 2 2 2 2 2 2
left_child=1 2 -1 4 7 6 -6 9 -9 17 -11 12 13 -12 -10 -16 -17 -2 19 21 -21 -19 -23 24 28 -26 -27 -28 -24 -30
right_child=3 -3 -4 -5 5 -7 -8 8 14 10 11 -13 -14 -15 15 16 -18 18 -20 20 -22 22 23 -25 25 26 27 -29 29 -31
leaf_value=-0.0077404779121118539 -0.017568232474133218 -0.0092071029633494332 0.0019274645508036256 -0.016901185696589795 -0.0036693801419577115 0.014516790951235021 0.0071091955180367207 0.11751757934405314 -0.019735383652906415 -0.0082531249183517372 -0.0072926110777802883 0.013447604020029043 -0.0088683744210041725 0.013328705544069633 0.12180756595973773 -0.014685568614535405 0.023773373209901857 0.011366298263880656 -0.029686992263651703 0.22442438194643835 0.00018761804819644788 -0.010660701626583155 0.15962079754307845 -0.011878759159521074 0.018061652419459447 -0.0049606327474025422 0.0085817128561497813 -0.00012601316937627794 0.079561574962505294 -0.01549496384954132
leaf_weight=25 200 1086 24 280 62 35 38 27 49 755 55 21 121 25 24 67 26 23 77 20 20 60 22 52 24 46 24 40 34 166
leaf_count=25 200 1086 24 280 62 35 38 27 49 755 55 21 121 25 24 67 26 23 77 20 20 60 22 52 24 46 24 40 34 166
internal_value=-0.00161281 -0.00284141 0.00316326 -0.00103009 -0.000716991 0.00462963 0.000999999 -0.0010819 0.00199482 -0.00141457 -0.00228762 -4.50462e-05 -0.0010199 0.003125 0.000421686 0.00226496 0.000376343 -0.000358912 0.000345394 0.000932202 0.00875 0.000295314 -8.54713e-05 0.000637254 0.00132022 0.00432836 0.00181818 0.0059375 -0.000495497 -0.0015
internal_weight=3528 1135 49 2393 2113 135 100 1978 193 1785 977 222 201 80 166 117 93 808 608 531 40 491 468 408 356 134 110 64 222 200
internal_count=3528 1135 49 2393 2113 135 100 1978 193 1785 977 222 201 80 166 117 93 808 608 531 40 491 468 408 356 134 110 64 222 200
is_linear=0
shrinkage=0.05


Tree=58
num_leaves=31
num_cat=0
split_feature=13 0 36 0 12 20 35 11 18 18 44 18 18 18 36 51 12 13 11 36 36 10 13 36 18 46 11 16 18 22
split_gain=1.12022 0.742364 0.772449 0.656694 0.61721 1.17799 0.757089 0.616798 0.688715 0.615385 0.575515 0.768024 0.561025 0.586205 0.524127 0.809001 0.98289 0.845839 0.68876 0.626835 1.23941 0.72232 0.66574 0.62351 0.542163 0.527408 0.6584 0.825431 0.518406 0.472246
threshold=-0.2357777804136276 0.21999999880790713 -2.8629000186920162 0.62000000476837169 0.54426714777946483 -1.8867500424385069 5.8062500953674325 0.04659977741539479 0.54363778233528148 0.41544620692729956 -12.499999999999998 0.1872857138514519 0.25639365613460546 0.69464683532714855 -0.51074999570846547 -2.6469999551773067 2.0369949340820317 -1.0000000180025095e-35 0.57223007082939159 1.7231500148773196 0.7069000005722047 -9.1838188171386701 -0.15349999815225598 -0.29700000584125513 0.5986444652080537 0.10383333265781404 0.027550446800887588 0.25999999791383749 0.3845036923885346 -0.59604999423027027
decision_type=2 2 2 2 2 2 2 2 2 2 2 2 2 2 2 2 2 2 2 2 2 2 2 2 2 2 2 2 2 2
left_child=4 2 -2 10 5 -1 -6 28 9 -9 -3 -12 -13 14 -14 16 -16 19 23 20 21 24 -23 -19 29 26 27 -24 -7 -17
right_child=1 3 -4 -5 6 7 -8 8 -10 -11 11 12 13 -15 15 17 -18 18 -20 -21 -22 22 25 -25 -26 -27 -28 -29 -30 -31
leaf_value=0.017472029536516661 0.057569460501851771 -0.01196279804851101 -0.0067859983648063732 -0.010067965421997629 -0.0098479737740944408 0.006351310837068822 0.039894516994527382 0.045849780391397733 0.1665237540036944 -0.023100251606320118 0.0018310913232634448 -0.0085417476480834104 -0.0017526362713219696 -0.065305799672388767 -0.0034355452418846338 -0.010649292292569619 0.0088247721520010158 0.0047023076348008536 0.031976906130942541 -0.0043712824180843993 0.018558978525355829 -0.013045192537217623 0.070404438875212458 -0.010734693067748415 0.01033768612501014 0.1169464675240602 -0.0025707503425076456 0.028171650914178725 -0.015461873967695262 0.0011906215683831272
leaf_weight=24 27 78 702 241 1078 39 24 25 31 40 24 74 172 40 21 44 29 20 29 25 31 28 27 115 24 24 20 22 316 134
leaf_count=24 27 78 702 241 1078 39 24 25 31 40 24 74 172 40 21 44 29 20 29 25 31 28 27 115 24 24 20 22 316 134
internal_value=-0.00172619 -0.000925168 -0.00218793 -0.000171851 -0.00271719 -0.00121053 -0.00336661 -0.00178492 0.00177083 -0.00115385 0.000402649 0.000758581 0.000517632 0.00090062 0.00120915 0.001914 0.008 0.00135359 -0.00164634 0.00265171 0.00319209 0.00227554 0.00533058 -0.00314815 0.000445543 0.00736559 0.00514493 0.0082653 -0.00274648 -0.000505619
internal_weight=3528 1951 729 1222 1577 475 1102 451 96 65 981 903 879 805 765 593 50 543 164 379 354 323 121 135 202 93 69 49 355 178
internal_count=3528 1951 729 1222 1577 475 1102 451 96 65 981 903 879 805 765 593 50 543 164 379 354 323 121 135 202 93 69 49 355 178
is_linear=0
shrinkage=0.05


Tree=59
num_leaves=31
num_cat=0
split_feature=13 16 35 18 18 18 11 21 13 4 8 28 44 9 53 6 51 49 27 56 21 44 0 21 11 21 28 18 14 13
split_gain=1.1748 0.616651 1.24679 2.28779 0.793766 2.05949 0.497889 0.493076 0.548715 0.667419 0.522445 0.623871 0.586056 0.758045 1.13891 0.735225 0.479458 0.476435 0.476262 0.439897 0.560943 0.795804 0.833439 0.487651 0.405231 0.719601 1.89394 0.493356 0.465157 0.654779
threshold=-0.46999999880790705 0.29999999701976782 2.4202500581741337 0.53235557675361644 0.26624578237533575 0.24374999850988391 -0.0515389647334814 -0.14320000261068341 0.058888887986540801 0.13999999687075618 1.5000000000000002 -0.016049999743700024 -8.4999999999999982 0.13929094374179843 -2.9040000438690181 0.70000001788139354 1.3075000047683718 2.5000000000000004 -0.16335000097751615 2.5795000791549687 0.3725500106811524 -4.4999999999999991 0.13999999687075618 0.042900001630187042 0.19475804269313815 -0.56130000948905934 0.80450001358985912 0.63197779655456554 0.012500000651925804 -0.12199999764561652
decision_type=2 2 2 2 2 2 2 2 2 2 2 2 2 2 2 2 2 2 2 2 2 2 2 2 2 2 2 2 2 2
left_child=-1 2 4 -4 5 18 16 8 10 -10 11 12 -3 -14 -15 -16 -6 19 -2 20 23 -22 -23 24 25 26 -8 28 29 -27
right_child=1 7 3 -5 6 -7 17 -9 9 -11 -12 -13 13 14 15 -17 -18 -19 -20 -21 21 22 -24 -25 -26 27 -28 -29 -30 -31
leaf_value=-0.0085304657151232584 0.0010034051233165538 -0.014268934327186629 -0.0017616243906174369 0.085508395781019153 -0.011888013561184874 0.16224725662936057 0.027347274066020989 -0.0075810525362872737 0.015965068811572267 -0.0021046403666119158 -0.0080497855346480709 -0.0040323795601817708 -0.0071842744998626643 -0.0065725429996684433 0.016480228635064428 0.011696355740727376 0.0081248107782144318 0.1966803781947643 -0.0044656857833954506 -0.0023562952851176912 -0.0057876068765854985 -0.010039965511566116 0.028076382243878473 -0.0090196989545260221 -0.0090061250729269269 0.018258168305406074 -0.024793786083648892 0.0073166758664821741 -0.0092609545549271841 -0.0098862947605550464
leaf_weight=598 38 42 79 39 419 28 24 898 28 37 176 138 25 26 21 23 30 28 82 61 74 22 32 134 107 33 20 21 135 110
leaf_count=598 38 42 79 39 419 28 24 898 28 37 176 138 25 26 21 23 30 28 82 61 74 22 32 134 107 33 20 21 135 110
internal_value=-0.00172619 -0.00131399 -0.000613458 0.00432203 -0.00103004 0.00243243 -0.00144 -0.00206506 -0.000833335 0.00346154 -0.00145233 -9.09103e-05 0.00229927 0.00447368 0.00714286 0.0120455 -0.00277283 -0.000692885 -0.000416668 -0.000924969 -0.000575844 0.00242187 0.00703704 -0.00123288 -0.000444446 0.000393585 0.00636364 -0.000484951 -0.00104317 0.000944055
internal_weight=3528 2930 1516 118 1398 148 1250 1414 516 65 451 275 137 95 70 44 449 801 120 773 712 128 54 584 450 343 44 299 278 143
internal_count=3528 2930 1516 118 1398 148 1250 1414 516 65 451 275 137 95 70 44 449 801 120 773 712 128 54 584 450 343 44 299 278 143
is_linear=0
shrinkage=0.05


Tree=60
num_leaves=31
num_cat=0
split_feature=13 13 56 56 12 9 28 3 20 21 45 13 4 37 4 12 46 21 21 53 53 20 14 13 10 12 11 37 46 56
split_gain=1.56977 0.88604 0.771418 0.931194 1.2417 2.09347 0.702194 0.598352 0.846886 0.675 0.533333 0.50499 1.01573 0.445345 0.464216 0.536445 0.668284 0.611377 0.603571 0.431958 0.886428 0.968318 0.572857 0.506489 0.42517 0.423312 0.574478 0.486595 0.41021 0.576376
threshold=-0.3599999994039535 3.8564444780349736 0.44249999523162847 0.8100000023841859 0.46604204177856451 0.077239841222763075 4.2883501052856454 0.29734541475772863 0.75374999642372142 -2.498149991035461 0.31250000000000006 -0.1268571466207504 0.099999997764825835 5.1263999938964853 0.29999999701976782 3.9688667058944707 0.043333334848284728 -0.30500000715255732 -1.0000000180025095e-35 -0.93100002408027638 -1.2009999752044676 -0.85324999690055836 0.012500000651925804 -0.046857142820954316 -9.7711868286132795 4.9012756347656259 0.17988016456365588 -0.059699999168515198 -0.96899998188018788 -6.6915001869201651
decision_type=2 2 2 2 2 2 2 2 2 2 2 2 2 2 2 2 2 2 2 2 2 2 2 2 2 2 2 2 2 2
left_child=6 2 13 4 5 -4 28 9 10 -5 -9 -6 -13 14 19 -16 17 -17 -19 20 -2 -22 23 -21 -10 -11 -27 -28 29 -1
right_child=1 -3 3 7 11 -7 -8 8 24 25 -12 12 -14 -15 15 16 -18 18 -20 22 21 -23 -24 -25 -26 26 27 -29 -30 -31
leaf_value=-0.045585427412534435 -0.010067468056005524 0.11539115000971774 -0.0022231347680976717 0.070459851739153853 -0.011883397968226303 0.033899963072447185 0.0094137879764035585 0.00068413799881464137 0.0068889964051186761 -0.0038726419663638865 0.048671630390602377 -0.0017692709019333369 0.010470827662068362 0.0066928786989303079 -0.0088658549164089551 -0.01477739791984696 0.014481631739138915 0.029136712550382794 -0.0017219577455568843 0.1822677969625506 0.022555586284899194 -0.0025490126526677287 -0.01346625257600988 -0.018242412331032586 -0.0077595341770534416 0.0014141606171980262 0.0013663508749486731 -0.0049340001230440758 -0.0088528827248942239 0.025855878157487768
leaf_weight=31 159 21 37 20 46 33 25 20 21 343 40 53 25 33 459 41 46 20 36 25 32 31 702 47 49 24 33 80 939 20
leaf_count=31 159 21 37 20 46 33 25 20 21 343 40 53 25 33 459 41 46 20 36 25 32 31 702 47 49 24 33 80 939 20
internal_value=-0.00161988 -0.000941035 -0.00102851 0.000218445 0.00324742 0.00857143 -0.00327586 -0.000714287 0.00230769 -0.0015 0.00666667 0.000241934 0.00269231 -0.00165849 -0.00177722 -0.000681064 0.00199301 -0.000360826 0.00303571 -0.00243976 -0.000495497 0.00452381 -0.00299742 0.00125 -0.00142857 -0.001875 0.000474451 -0.0010177 -0.00348485 0.000882352
internal_weight=3491 2476 2455 824 194 70 1015 630 130 500 60 124 78 1631 1598 602 143 97 56 996 222 63 774 72 70 480 137 113 990 51
internal_count=3491 2476 2455 824 194 70 1015 630 130 500 60 124 78 1631 1598 602 143 97 56 996 222 63 774 72 70 480 137 113 990 51
is_linear=0
shrinkage=0.05


Tree=61
num_leaves=31
num_cat=0
split_feature=56 45 16 45 8 2 28 50 51 9 10 9 5 0 51 18 14 8 37 27 51 0 2 18 37 37 3 3 47 21
split_gain=0.867498 0.911369 0.85088 0.890461 1.37143 0.639226 0.561177 0.70787 0.918878 1.32133 0.534976 0.521009 0.99142 0.558106 0.523362 0.904602 0.482157 0.569142 0.619261 0.572289 0.562747 0.479834 0.561404 0.466621 0.433554 1.34144 1.57121 0.408791 0.369444 0.366648
threshold=0.44249999523162847 -8.0194168090820295 0.29999999701976782 0.047500001266598708 0.83333334326744091 0.08000000007450582 -0.86524999141693104 1.0000000180025095e-35 1.4250000119209292 0.15999624133110049 -11.052070140838621 1.0003445744514468 0.17500000074505809 0.78000000119209301 -4.0109999179840079 0.54298096895217907 0.32916666567325598 1.4333333373069765 4.4907000064849862 0.26749999821186071 -2.6469999551773067 0.29999999701976782 0.27400000393390661 0.34807406365871435 -0.36660000681877131 -0.87090000510215748 0.29734541475772863 0.25743961334228521 2.8664945363998418 -0.39040000736713404
decision_type=2 2 2 2 2 2 2 2 2 2 2 2 2 2 2 2 2 2 2 2 2 2 2 2 2 2 2 2 2 2
left_child=1 -1 3 4 -2 -5 -7 21 9 -9 -3 13 -13 14 15 27 17 18 19 24 -18 22 -8 -23 25 -16 -27 -12 -15 -4
right_child=2 10 29 5 -6 6 7 8 -10 -11 11 12 -14 28 16 -17 20 -19 -20 -21 -22 23 -24 -25 -26 26 -28 -29 -30 -31
leaf_value=0.145050359133409 0.00039399462593642438 -0.0066695975932583966 0.001287686484407926 0.054254456151017705 0.024898642200182175 -0.025646021981481401 -0.00093678541682097225 0.00021705722733271653 -0.0078471001290391432 0.021962704728344315 0.00078695627649265007 -0.014809698131641886 0.041217299414461388 -0.028570929259058173 -0.0055014438364686617 0.096701796329234688 0.0096082726556214818 0.004597848160946375 0.044657232483950544 -0.021891033582710044 -0.012727656121124257 0.013968366688583573 0.0072750233331985619 -0.0045401319509251687 -0.0089464557961248959 0.00012201190892454596 0.018772709682487381 -0.020678063170550539 0.0034801861627152737 -0.0026333897431440796
leaf_weight=24 28 624 70 22 20 68 76 33 27 29 39 34 33 335 103 22 32 59 21 290 299 21 32 133 462 50 26 31 31 417
leaf_count=24 28 624 70 22 20 68 76 33 27 29 39 34 33 335 103 22 32 59 21 290 299 21 32 133 462 50 26 31 31 417
internal_value=-0.00170582 -0.00219682 -0.000440575 0.00103272 0.0075 0.000328797 -0.0001074 0.000698005 0.00455056 0.00790322 -0.00229025 -0.00186663 0.00246269 -0.00202778 -0.00158299 0.00206522 -0.00183309 -0.0012908 -0.00158614 -0.00177766 -0.00348943 -0.000610688 0.00194444 -0.0024026 -0.000943839 0.00114525 0.00618421 -0.000714287 -0.00377049 -0.00191992
internal_weight=3491 2515 976 489 48 441 419 351 89 62 2491 1867 67 1800 1434 92 1342 1011 952 931 331 262 108 154 641 179 76 70 366 487
internal_count=3491 2515 976 489 48 441 419 351 89 62 2491 1867 67 1800 1434 92 1342 1011 952 931 331 262 108 154 641 179 76 70 366 487
is_linear=0
shrinkage=0.05


Tree=62
num_leaves=31
num_cat=0
split_feature=44 13 2 50 11 36 50 51 51 12 36 18 3 12 37 10 0 51 28 18 10 28 0 11 10 36 37 37 3 51
split_gain=1.44214 0.885036 0.607711 0.602605 0.62848 0.608511 1.10199 0.851267 2.24795 1.51007 0.757886 0.82154 0.857656 1.14553 0.698329 0.576697 0.849149 0.522449 0.796439 1.04348 0.557184 0.500231 0.478883 0.528192 1.35976 0.428479 0.442153 0.622872 0.367458 0.607897
threshold=-8.4999999999999982 3.8564444780349736 0.18666666746139529 1.0000000180025095e-35 -0.12555580586194989 -0.47220000624656672 2.5000000000000004 0.12900000065565112 1.3379999995231631 4.054615020751954 -0.38465000689029688 0.51919823884964 0.25274377316236502 1.8460538983345034 -6.6328501701354972 -9.4835600852966291 0.38000001013278967 1.388499975204468 0.65325000882148754 0.43447221815586096 -9.157338619232176 4.2883501052856454 0.58000001311302196 -0.042971160262823098 -9.5128602981567365 -0.49965000152587885 -0.42994999885559076 -0.053600000217556946 0.29734541475772863 0.10799999907612802
decision_type=2 2 2 2 2 2 2 2 2 2 2 2 2 2 2 2 2 2 2 2 2 2 2 2 2 2 2 2 2 2
left_child=17 2 -2 4 -4 14 7 10 9 -9 -7 -12 -13 -14 -5 -16 -17 21 19 -19 -21 -1 23 24 -6 -25 -27 -28 -29 -30
right_child=1 -3 3 5 22 6 -8 8 -10 -11 11 12 13 -15 15 16 -18 18 -20 20 -22 -23 -24 25 -26 26 27 28 29 -31
leaf_value=-0.00772233379724813 -0.0047003707515191799 0.1023690774871997 -0.01659399935188028 0.17651168261392239 -0.005414975385649938 0.0060086754660296096 0.021039006434493718 0.024990829761880964 -0.0033284875779337354 0.012842272049976719 -0.0099530775953598008 -0.006435713836392085 0.086395291045264763 0.001019943639695059 -0.010512552640818637 -0.010805210924972291 0.0090023459999751237 -0.012624424950419731 -0.0081201702530812308 0.034470070646313446 0.0011698839770900825 0.011075979772610154 -0.011503690776297197 -0.010500692568520251 0.077364946734087711 -0.0062244689354181149 0.0082495535960020877 -0.0021563097818818136 0.028261097944630189 0.00016744629765486909
leaf_weight=1149 537 21 150 20 23 22 32 38 42 20 180 45 22 40 136 63 20 23 77 21 25 22 303 62 20 65 37 179 29 68
leaf_count=1149 537 21 150 20 23 22 32 38 42 20 180 45 22 40 136 63 20 23 77 21 25 22 303 62 20 65 37 179 29 68
internal_value=-0.00172014 -0.000929164 -0.0010288 -0.000544556 -0.00136752 0.000588234 0.00168934 0.000990219 0.005 0.0113793 -0.000307445 -0.000993033 0.00247663 0.00629032 -0.00144352 -0.00226028 0.0010241 -0.00302582 -0.000205481 0.00369565 0.00804348 -0.00337746 -0.000801528 0.000175982 0.00546512 -0.00034091 0.000291004 0.00107029 0.000253622 0.00273196
internal_weight=3491 2174 2153 1616 936 680 441 409 100 58 309 287 107 62 239 219 83 1317 146 69 46 1171 786 483 43 440 378 313 276 97
internal_count=3491 2174 2153 1616 936 680 441 409 100 58 309 287 107 62 239 219 83 1317 146 69 46 1171 786 483 43 440 378 313 276 97
is_linear=0
shrinkage=0.05


Tree=63
num_leaves=31
num_cat=0
split_feature=13 13 14 53 14 18 10 27 17 18 11 12 12 14 45 12 9 16 0 9 13 13 6 46 2 28 10 16 10 10
split_gain=1.39919 0.934553 0.69585 0.550061 0.972222 1.18462 0.595806 0.686805 1.17565 0.878107 0.477863 0.437286 0.797593 0.588235 1.03214 0.49657 0.453196 0.658088 0.404227 0.710545 1.3946 0.674585 1.78574 1.79528 0.877193 1.18976 0.498113 0.437361 0.570191 0.42769
threshold=-0.42933334410190577 3.8564444780349736 0.39583334326744085 -6.6519999504089347 0.24583332985639575 0.53235557675361644 -9.1838188171386701 -0.18209999799728391 0.54166665673255932 0.50593650341033947 -0.028046655468642708 0.66263398528099071 0.40231706202030187 0.25416666269302374 0.29533334076404577 5.5966765880584726 1.0003445744514468 1.4800000190734866 0.38000001013278967 0.27033592760562902 -0.029555556364357468 -0.28599999845027918 0.90000000596046459 -0.14566666632890699 0.53999999165534984 -0.31659999489784235 -9.7055687904357892 0.21999999880790713 -10.376022338867186 -15.507540702819822
decision_type=2 2 2 2 2 2 2 2 2 2 2 2 2 2 2 2 2 2 2 2 2 2 2 2 2 2 2 2 2 2
left_child=-1 2 3 4 5 -2 10 8 9 -8 -5 12 16 14 -14 -13 -9 -18 27 20 21 24 23 -23 -20 -26 -27 -12 -29 -21
right_child=1 -3 -4 6 -6 -7 7 11 -10 -11 18 15 13 -15 -16 -17 17 -19 19 29 -22 22 -24 -25 25 26 -28 28 -30 -31
leaf_value=-0.0074389434308830263 -0.039191842624591744 0.097250623612839704 -0.012498963595044705 -0.0083657882856772083 0.16768609848322619 0.022542425220272121 -0.0047335427715419504 -0.0022827809348620939 0.0053343153040633189 0.087383107397907847 0.16271088265808908 -0.0049920799009907108 9.1434236519728765e-06 -0.00098178646544528876 0.16426836489838212 0.006480055917565725 0.012295792359190847 -0.016784831221307028 -0.016483563358820057 0.020329831899713383 0.017197108293469352 -9.634109214078146e-05 -0.0054699917111320166 0.024578434620620995 0.075706345784575427 -0.016274826066174322 0.020262229345028304 0.00043526952935764372 -0.0081376898338559218 -0.0071450465303770265
leaf_weight=725 44 21 232 556 20 26 90 260 39 38 31 179 24 40 21 21 31 25 152 20 22 31 85 38 23 33 20 54 247 343
leaf_count=725 44 21 232 556 20 26 90 260 39 38 31 179 24 40 21 21 31 25 152 20 22 31 85 38 23 33 20 54 247 343
internal_value=-0.00173446 -0.00122198 -0.00130237 -0.00106049 0.00277778 -1.19209e-09 -0.00120306 -5.20845e-05 0.00278443 0.000468749 -0.00173716 -0.000840267 0.000112218 0.00441176 0.00833333 -0.00275 -0.0010443 0.00303571 -0.00113285 -0.000501957 0.000940593 0.000235601 0.00279221 0.00876811 -0.00149123 0.00289474 -0.00122642 -0.00259036 -0.00317276 -0.00210744
internal_weight=3491 2766 2745 2513 90 70 2423 768 167 128 1655 601 401 85 45 200 316 56 1099 767 404 382 154 69 228 76 53 332 301 363
internal_count=3491 2766 2745 2513 90 70 2423 768 167 128 1655 601 401 85 45 200 316 56 1099 767 404 382 154 69 228 76 53 332 301 363
is_linear=0
shrinkage=0.05


Tree=64
num_leaves=31
num_cat=0
split_feature=13 13 46 20 11 27 19 53 18 50 36 18 18 2 12 13 28 26 5 10 44 18 12 18 3 21 18 12 3 2
split_gain=1.5127 0.910704 0.606441 0.530293 0.461068 0.565449 0.359049 0.42011 0.440925 0.649413 1.85256 0.688448 0.950792 1.4029 0.90483 0.513057 0.507344 0.706286 0.935497 0.966376 0.62251 0.550155 0.478301 0.991736 1.20973 0.52697 0.512922 0.462944 0.441684 0.437427
threshold=-0.3599999994039535 3.8564444780349736 4.7653334140777597 4.7500000000000009 -0.81677603721618641 -4.52655005455017 1.0000000180025095e-35 -3.0475000143051143 0.22093518823385241 2.5000000000000004 -0.30969999730587 0.6135343909263612 0.57258889079093944 0.53999999165534984 2.9046168327331547 0.014166666660457851 -0.31659999489784235 -0.21474999934434888 0.27500000596046453 -9.5484142303466779 -3.4999999999999996 0.50658518075943004 4.2123167514801034 0.42442539334297186 0.22581839561462405 -1.0000000180025095e-35 0.49091428518295294 3.4233086109161381 0.25274377316236502 0.5000000149011613
decision_type=2 2 2 2 2 2 2 2 2 2 2 2 2 2 2 2 2 2 2 2 2 2 2 2 2 2 2 2 2 2
left_child=3 2 4 -1 -2 -6 7 -7 -9 11 -11 12 16 14 28 -13 -10 18 19 -18 -20 22 25 -24 26 -19 -25 29 -14 -27
right_child=1 -3 -4 -5 5 6 -8 8 9 10 -12 15 13 -15 -16 -17 17 21 20 -21 -22 -23 23 24 -26 27 -28 -29 -30 -31
leaf_value=-0.0068248834319812575 -0.019082492684898516 0.092388092432197699 0.055478218966402808 0.01403194311493019 0.10734630481937826 -0.023572539128373416 -0.0093748233166312204 -0.0048188806728446327 -0.00361383551820976 -0.011192396463900984 0.060010171148270119 -0.022614625571618068 -0.0077185412082570572 0.044258399666076836 0.0022117366080978613 0.0017433182657200508 0.00054083922728359894 -0.0035437162493470106 0.026492915778642569 0.082514570196623754 -0.017628506666338136 -0.0080572884547311686 -0.0051763963846440074 -0.0044714518310645171 0.030035260386467644 -0.00028902051675325154 0.0021518194208336805 -0.017037637773272177 0.0084763144714695756 0.013120205763684285
leaf_weight=984 125 21 20 31 27 105 213 170 353 39 25 223 40 22 24 56 21 155 26 20 50 194 58 28 32 262 26 36 23 82
leaf_count=984 125 21 20 31 27 105 213 170 353 39 25 223 40 22 24 56 21 155 26 20 50 194 58 28 32 262 26 36 23 82
internal_value=-0.00174878 -0.00108239 -0.00117108 -0.00337439 -0.0012423 -0.00108225 -0.00116732 -0.000966185 -0.000801528 -0.000571032 0.004375 -0.000753901 -0.000316806 0.00417431 0.00132184 -0.00302868 -0.000681312 -0.000101011 0.00354701 0.00963415 0.000263157 -0.000589921 8.10003e-05 0.00263889 0.00604651 -0.000607478 0.00148148 0.000394736 -0.0018254 0.000959301
internal_weight=3491 2476 2455 1015 2435 2310 2283 2070 1965 1795 64 1731 1452 109 87 279 1343 990 117 41 76 873 679 144 86 535 54 380 63 344
internal_count=3491 2476 2455 1015 2435 2310 2283 2070 1965 1795 64 1731 1452 109 87 279 1343 990 117 41 76 873 679 144 86 535 54 380 63 344
is_linear=0
shrinkage=0.05


end of trees

feature_importances:
Column_13=181
Column_14=135
Column_18=133
Column_16=115
Column_9=105
Column_46=103
Column_12=93
Column_10=76
Column_11=70
Column_44=69
Column_0=62
Column_27=49
Column_56=49
Column_26=46
Column_8=44
Column_2=43
Column_47=43
Column_36=42
Column_45=42
Column_3=39
Column_20=39
Column_21=38
Column_53=38
Column_17=37
Column_51=37
Column_37=36
Column_4=34
Column_28=31
Column_35=30
Column_22=22
Column_19=17
Column_5=14
Column_6=10
Column_50=9
Column_15=8
Column_49=4
Column_7=3
Column_48=3
Column_1=1

parameters:
[boosting: gbdt]
[objective: quantile]
[metric: quantile]
[tree_learner: serial]
[device_type: cpu]
[data_sample_strategy: bagging]
[data: ]
[valid: ]
[num_iterations: 300]
[learning_rate: 0.05]
[num_leaves: 31]
[num_threads: 0]
[seed: 42]
[deterministic: 0]
[force_col_wise: 0]
[force_row_wise: 0]
[histogram_pool_size: -1]
[max_depth: -1]
[min_data_in_leaf: 20]
[min_sum_hessian_in_leaf: 0.001]
[bagging_fraction: 0.8]
[pos_bagging_fraction: 1]
[neg_bagging_fraction: 1]
[bagging_freq: 5]
[bagging_seed: 400]
[bagging_by_query: 0]
[feature_fraction: 0.8]
[feature_fraction_bynode: 1]
[feature_fraction_seed: 30056]
[extra_trees: 0]
[extra_seed: 12879]
[early_stopping_round: 0]
[early_stopping_min_delta: 0]
[first_metric_only: 0]
[max_delta_step: 0]
[lambda_l1: 0]
[lambda_l2: 0]
[linear_lambda: 0]
[min_gain_to_split: 0]
[drop_rate: 0.1]
[max_drop: 50]
[skip_drop: 0.5]
[xgboost_dart_mode: 0]
[uniform_drop: 0]
[drop_seed: 17869]
[top_rate: 0.2]
[other_rate: 0.1]
[min_data_per_group: 100]
[max_cat_threshold: 32]
[cat_l2: 10]
[cat_smooth: 10]
[max_cat_to_onehot: 4]
[top_k: 20]
[monotone_constraints: ]
[monotone_constraints_method: basic]
[monotone_penalty: 0]
[feature_contri: ]
[forcedsplits_filename: ]
[refit_decay_rate: 0.9]
[cegb_tradeoff: 1]
[cegb_penalty_split: 0]
[cegb_penalty_feature_lazy: ]
[cegb_penalty_feature_coupled: ]
[path_smooth: 0]
[interaction_constraints: ]
[verbosity: 1]
[saved_feature_importance_type: 0]
[use_quantized_grad: 0]
[num_grad_quant_bins: 4]
[quant_train_renew_leaf: 0]
[stochastic_rounding: 1]
[linear_tree: 0]
[max_bin: 255]
[max_bin_by_feature: ]
[min_data_in_bin: 3]
[bin_construct_sample_cnt: 200000]
[data_random_seed: 175]
[is_enable_sparse: 1]
[enable_bundle: 1]
[use_missing: 1]
[zero_as_missing: 0]
[feature_pre_filter: 1]
[pre_partition: 0]
[two_round: 0]
[header: 0]
[label_column: ]
[weight_column: ]
[group_column: ]
[ignore_column: ]
[categorical_feature: ]
[forcedbins_filename: ]
[precise_float_parser: 0]
[parser_config_file: ]
[objective_seed: 16083]
[num_class: 1]
[is_unbalance: 0]
[scale_pos_weight: 1]
[sigmoid: 1]
[boost_from_average: 1]
[reg_sqrt: 0]
[alpha: 0.9]
[fair_c: 1]
[poisson_max_delta_step: 0.7]
[tweedie_variance_power: 1.5]
[lambdarank_truncation_level: 30]
[lambdarank_norm: 1]
[label_gain: ]
[lambdarank_position_bias_regularization: 0]
[eval_at: ]
[multi_error_top_k: 1]
[auc_mu_weights: ]
[num_machines: 1]
[local_listen_port: 12400]
[time_out: 120]
[machine_list_filename: ]
[machines: ]
[gpu_platform_id: -1]
[gpu_device_id: -1]
[gpu_use_dp: 0]
[num_gpu: 1]

end of parameters

pandas_categorical:null
