tree
version=v4
num_class=1
num_tree_per_iteration=1
label_index=0
max_feature_idx=58
objective=quantile
feature_names=Column_0 Column_1 Column_2 Column_3 Column_4 Column_5 Column_6 Column_7 Column_8 Column_9 Column_10 Column_11 Column_12 Column_13 Column_14 Column_15 Column_16 Column_17 Column_18 Column_19 Column_20 Column_21 Column_22 Column_23 Column_24 Column_25 Column_26 Column_27 Column_28 Column_29 Column_30 Column_31 Column_32 Column_33 Column_34 Column_35 Column_36 Column_37 Column_38 Column_39 Column_40 Column_41 Column_42 Column_43 Column_44 Column_45 Column_46 Column_47 Column_48 Column_49 Column_50 Column_51 Column_52 Column_53 Column_54 Column_55 Column_56 Column_57 Column_58
feature_infos=[0.039999999105930328:1.6000000238418579] [0.05000000074505806:0.5] [0.059999998658895493:1.5199999809265137] [0:0.54119211435317993] [0.039999999105930328:1.440000057220459] [0:0.55000001192092896] [0:1] [0:1] [0:2.2666666507720947] [0.039999999105930328:4] [-18.734375:0] [-9.6899995803833008:11.46875] [0:7.6152467727661133] [-1.1066666841506958:3.940000057220459] [0:0.43333333730697632] [0:0.93333333730697632] [0.039999999105930328:1.6000000238418579] [0:0.66666668653488159] [0.18190476298332214:0.91288888454437256] [0:1] [-22.531000137329102:28.888999938964844] [-22.531000137329102:27.158000946044922] [-21.007600784301758:24.503599166870117] none none none [-22.115999221801758:21.5] [-22.115999221801758:21.5] [-16.012399673461914:18.616399765014648] none none none none none none [-17.592500686645508:21.677499771118164] [-11.965999603271484:17.982999801635742] [-14.043000221252441:16.086200714111328] none none none none none none [-30:99] [-9.4589996337890625:7.7718334197998047] [-6.0539999008178711:9.0223331451416016] [0:16.470409393310547] [0:1] [0:5] [0:5] [-37.666000366210938:30.954999923706055] none [-28.121999740600586:23.117000579833984] none none [-28.14900016784668:23.379999160766602] none none
tree_sizes=2861 2859 2852 2868 2876 2856 2868 2870 2869 2843 2871 2869 2847 2876 2870 2860 2872 2897 2864 2864 2853 2859 2868 2860 2858 2881 2863 2864 2885 2870 2864 2868 2849 2864 2885 2857 2860 2889 2864 2878 2871 2884 2860 2867 2863 2861 2873 2870 2859 2880 2883 2867 2893 2865 2878 2863 2869 2868 2848 2856 2859 2852 2880 2884 2861 2867 2866 2885 2889 2851 2865 2863 2887 2878 2880 2856 2872 2882 2871 2870 2875 2877 2872 2871 2863 2866 2838 2836 2865 2877 2848 2874 2882 2905 2874 2862 2846 2866 2887 2876 2866 2879 2867 2852 2883 2869 2857 2868 2862 2855 2875 2877 2871 2857 2866 2878 2851 2852 2847 2858 2876 2862 2868 2858 2844 2858 2866 2847 2827 2840 2867 2836 2849 2866 2846 2875 2860 2863 2870 2858 2836 2889 2869 2861 2844

Tree=0
num_leaves=31
num_cat=0
split_feature=13 10 16 13 46 16 14 46 13 2 9 46 13 46 12 13 16 56 14 10 4 13 13 12 18 10 27 10 16 56
split_gain=130.598 46.184 20.9764 17.7613 11.5377 10.7267 9.91392 8.04573 7.54476 7.53462 8.34706 6.48326 5.84707 5.75303 6.88379 4.51353 5.08237 4.01225 3.70454 3.62011 3.55246 3.25467 3.25162 3.73878 3.24343 3.21963 3.09298 3.03626 2.82857 2.75343
threshold=-0.29199999570846552 -14.067451000213621 0.97999998927116405 -0.058000000193715089 0.019166666083037857 0.21999999880790713 0.13750000298023227 0.016833334229886535 -0.46999999880790705 0.51800000667572033 1.0003445744514468 -4.9548332691192618 -0.20199999958276746 -0.14216666668653485 1.0676095485687258 -0.018000000156462189 1.1800000071525576 -2.0490000247955318 0.40416666865348821 -9.1838188171386701 0.099999997764825835 -0.39000000059604639 -0.018000000156462189 0.043517706915736205 0.53235557675361644 -11.993721961975096 0.025750000029802326 -9.2220683097839338 0.21999999880790713 0.44249999523162847
decision_type=2 2 2 2 2 2 2 2 2 2 2 2 2 2 2 2 2 2 2 2 2 2 2 2 2 2 2 2 2 2
left_child=1 6 3 4 11 17 -1 15 -7 18 -11 -2 -6 14 24 16 -4 -3 22 20 -14 -19 23 -5 -10 28 -23 -27 -13 -22
right_child=2 5 7 9 12 8 -8 -9 13 10 -12 25 19 -15 -16 -17 -18 21 -20 -21 29 26 -24 -25 -26 27 -28 -29 -30 -31
leaf_value=-0.0052249999716877937 -0.12892499882727862 -0.16132500488311052 -0.00047500003129243799 -0.011625000275671482 -0.038875000365078453 -0.14650000054389239 -0.08242500144988299 -0.029275000281631949 0.025550000183284283 -0.025225000269711018 0.21477500479668379 -0.0052249999716877937 -0.020099999941885473 -0.072674998827278611 -0.08512499947100878 0.0063749996945261962 -0.039375001378357415 -0.057474997825920582 -0.0043749999254941944 0.023124998621642592 -0.0079749999567866325 -0.017774999700486661 0.074775001220405105 0.031625000946223739 -0.053049999661743646 0.0055250002071261413 0.0071499997749924667 0.032324999384582047 -0.0052249999716877937 0.032574999146163464
leaf_weight=155 23 56 29 21 144 402 37 89 52 85 53 66 66 397 70 93 57 99 41 127 73 20 349 230 22 299 26 185 60 39
leaf_count=155 23 56 29 21 144 402 37 89 52 85 53 66 66 397 70 93 57 99 41 127 73 20 349 230 22 299 26 185 60 39
internal_value=-0.00552164 -0.0177754 0.00216792 0.00405132 -9.33456e-05 -0.0215839 0.00491667 -0.0109104 -0.0238192 0.00980809 -0.000789855 0.00425513 -0.00622383 -0.019964 -0.0114028 -0.00480168 -0.0130581 -0.011097 0.0120897 -0.00230328 -0.00690449 -0.0067069 0.0130833 0.00874303 -0.00077027 0.0052377 0.00428261 0.0033843 0.0123571 -0.00148214
internal_weight=3465 1336 2129 1861 1082 1144 192 268 943 779 138 633 449 541 144 179 86 201 641 305 178 145 600 251 74 610 46 484 126 112
internal_count=3465 1336 2129 1861 1082 1144 192 268 943 779 138 633 449 541 144 179 86 201 641 305 178 145 600 251 74 610 46 484 126 112
is_linear=0
shrinkage=1


Tree=1
num_leaves=31
num_cat=0
split_feature=13 47 16 16 14 13 16 14 46 53 21 12 16 13 47 16 5 46 13 16 8 8 53 37 53 47 11 9 47 14
split_gain=97.9454 37.1602 17.0707 12.6229 10.7502 14.2643 10.0706 7.92299 7.09286 6.39346 5.84261 5.83621 5.79493 5.41397 5.39282 5.26311 5.0157 4.72306 4.32752 4.01193 3.27069 3.1109 3.38487 2.95269 3.11753 3.72948 2.73653 3.53261 3.59254 4.27631
threshold=-0.29199999570846552 1.0000000180025095e-35 0.38000001013278967 0.97999998927116405 0.062500001862645163 -0.14111111313104627 0.29999999701976782 0.15416666865348819 0.016833334229886535 0.23499999940395358 -1.0634000301361082 4.6982243061065683 0.21999999880790713 -0.42933334410190577 1.588587820529938 0.85999998450279247 1.0000000180025095e-35 -0.077500000596046434 0.067000001668930068 1.4200000166893008 0.63333335518836986 1.8999999761581423 -2.0924999713897701 0.89265000820159923 0.47899998724460607 1.4097195863723757 0.039430022239685066 0.43975645303726202 0.15004076808691028 0.029166667722165588
decision_type=2 2 2 2 2 2 2 2 2 2 2 2 2 2 2 2 2 2 2 2 2 2 2 2 2 2 2 2 2 2
left_child=1 2 -1 4 11 7 13 14 18 10 -7 26 20 -3 -6 21 -9 -18 19 -5 -11 22 -12 24 -15 -26 27 28 -2 -30
right_child=3 6 -4 8 5 9 -8 16 -10 12 15 -13 -14 23 -16 -17 17 -19 -20 -21 -22 -23 -24 -25 25 -27 -28 -29 29 -31
leaf_value=0.00026124999858438968 0.016778749795630574 -0.099702500542625791 -0.18636624767445029 0.0015774999652057886 0.010867500053718686 0.22494248975999653 -0.10117500378750265 -0.039926249152049426 -0.022586250295862559 -0.0037387500610202556 -0.018738750284537673 -0.0037387500610202556 0.047808749647811059 -0.029794999863952398 -0.050181250935420398 0.1108112503681332 0.028273750478401784 -0.0069012498948723081 0.023006249973550441 -0.023031249931082132 0.049733747551217677 -0.0089312499202787877 0.010268750125542285 -0.076601873962208633 0.022614999795332554 -0.051776252826675778 0.066446248302236208 -0.0037387500610202556 -0.021468750713393093 0.029518750021234153
leaf_weight=165 76 316 33 78 132 94 553 71 89 34 43 24 434 136 30 48 94 185 48 53 25 21 289 56 52 25 38 92 79 52
leaf_count=165 76 316 33 78 132 94 553 71 89 34 43 24 434 136 30 48 94 185 48 53 25 21 289 56 52 25 38 92 79 52
internal_value=-0.00155123 -0.0121632 0.00782828 0.00510803 0.00656905 0.00843333 -0.0156415 0.00166016 -0.00503731 0.0119433 0.00792929 -0.00117729 0.0159736 -0.0110684 0.0108025 0.00529925 -0.00257143 0.000448029 0.000698324 -0.00400763 0.00127119 0.00318697 0.00436747 -0.00585502 -0.00316901 0.00487013 0.000519288 -0.00108696 0.00253623 -0.00248092
internal_weight=3465 1336 198 2129 1861 1500 1138 512 268 988 495 361 493 585 162 401 350 279 179 131 59 353 332 269 213 77 337 299 207 131
internal_count=3465 1336 198 2129 1861 1500 1138 512 268 988 495 361 493 585 162 401 350 279 179 131 59 353 332 269 213 77 337 299 207 131
is_linear=0
shrinkage=0.05


Tree=2
num_leaves=31
num_cat=0
split_feature=13 47 14 14 16 13 12 13 13 8 2 9 53 16 45 46 46 37 47 0 47 0 2 16 46 13 21 12 14 13
split_gain=81.2215 25.7871 21.3819 14.979 14.2697 12.8325 10.7239 10.5048 9.20665 8.00879 6.22409 6.68439 6.1853 5.54991 5.39034 5.1696 4.28177 4.27524 3.61255 3.49162 3.30094 3.27477 3.26292 3.23662 3.44024 3.07275 3.45694 3.02765 2.74063 4.59428
threshold=-0.22000000625848767 1.0000000180025095e-35 0.11250000074505807 0.38750000298023229 0.38000001013278967 -0.46999999880790705 1.5638261437416079 -0.058000000193715089 -0.29199999570846552 0.43333333730697637 0.5000000149011613 0.83647179603576671 0.11150000244379045 0.25999999791383749 -0.15450000017881391 -0.1493333354592323 -0.012833333574235438 0.19739999622106555 1.1978087425231936 0.21999999880790713 1.239503860473633 0.62000000476837169 0.27400000393390661 0.25999999791383749 -0.0061666667461395255 -0.14111111313104627 -0.12054999917745589 1.9650506973266604 0.029166667722165588 -0.16200000047683713
decision_type=2 2 2 2 2 2 2 2 2 2 2 2 2 2 2 2 2 2 2 2 2 2 2 2 2 2 2 2 2 2
left_child=1 4 6 7 8 13 28 12 -1 15 -9 -12 19 -3 -8 20 17 -5 27 -4 -7 25 -20 -11 -25 26 -21 -14 29 -2
right_child=2 5 3 16 -6 9 14 10 -10 23 11 -13 18 -15 -16 -17 -18 -19 22 21 -22 -23 -24 24 -26 -27 -28 -29 -30 -31
leaf_value=0.00024818749865517024 -0.01621281259926036 -0.096139870463404803 -0.0067084371992386874 0.0046948749436996878 -0.16579793409863486 0.048625311601441359 0.10807181149395184 0.05781412397278473 -0.00028212500410154461 -0.029307751501910392 -0.0037491250052116816 0.37001411591423677 0.03799184361984953 -0.13366624997416512 -0.0035518125579692425 -0.020286500151269139 -0.010024687147466467 -0.012521155960392209 -0.018196062587667258 0.023813968325499445 -0.20558369180420413 -0.0071051251278258856 0.04023881156230346 -0.044996251998934901 -0.062032499773893503 0.042901627894025296 -0.0069061873643659058 0.017615187203045935 0.034457811885979031 -8.2812395412474986e-05
leaf_weight=165 24 177 77 75 34 68 26 429 24 167 70 27 98 318 129 109 102 30 34 40 24 49 39 242 270 67 55 122 103 271
leaf_count=165 24 177 77 75 34 68 26 429 24 167 70 27 98 318 129 109 102 30 34 40 24 49 39 242 270 67 55 122 103 271
internal_value=-0.00267677 -0.0109512 0.00440546 0.00787671 0.00482063 -0.0135091 -0.00384268 0.0101852 0.0101852 -0.00988636 0.0153042 0.00386598 0.00555077 -0.0199495 -0.015 -0.0011194 -0.0044686 0.00261905 0.0106655 0.000347222 0.0076087 0.00367299 0.0010274 -0.0124816 -0.0144531 0.00709877 0.00131579 0.0138636 0.000502513 -0.00194915
internal_weight=3465 1598 1867 1314 223 1375 553 1107 189 880 526 97 581 495 155 201 207 105 293 288 92 211 73 679 512 162 95 220 398 295
internal_count=3465 1598 1867 1314 223 1375 553 1107 189 880 526 97 581 495 155 201 207 105 293 288 92 211 73 679 512 162 95 220 398 295
is_linear=0
shrinkage=0.05


Tree=3
num_leaves=31
num_cat=0
split_feature=13 10 53 13 18 47 46 8 16 16 8 47 46 19 16 10 13 47 10 13 18 13 2 13 16 8 2 47 18 35
split_gain=75.7356 33.9562 16.4532 12.9064 11.4839 8.6807 8.27835 7.62189 6.18865 5.53855 5.49134 5.06757 4.41483 5.40476 6.86356 6.43848 4.40984 4.27411 3.90529 3.56163 3.51542 3.75413 3.3723 3.77541 3.78485 3.16615 3.6605 3.12807 3.08988 3.02992
threshold=-0.22000000625848767 -14.067451000213621 0.11150000244379045 -0.46999999880790705 0.70197221636772167 12.356419086456301 -0.077500000596046434 0.56666669249534618 0.25999999791383749 0.25999999791383749 0.56666669249534618 3.8587198257446294 -0.014166666660457848 1.0000000180025095e-35 0.38000001013278967 -10.376022338867186 -0.14111111313104627 1.2262347936630251 -9.2501697540283185 -0.3053333312273025 0.59145396947860729 0.035142855718731887 0.43199999630451208 -0.31000000238418574 0.25999999791383749 0.56666669249534618 0.52599999308586132 1.239503860473633 0.52762961387634288 -0.21925000101327893
decision_type=2 2 2 2 2 2 2 2 2 2 2 2 2 2 2 2 2 2 2 2 2 2 2 2 2 2 2 2 2 2
left_child=1 8 5 9 7 12 10 11 19 -3 27 -4 29 14 15 25 17 -9 -18 -1 -16 -22 -8 24 -24 -14 -27 -5 -17 -2
right_child=2 3 4 6 -6 -7 22 16 -10 -11 -12 -13 13 -15 20 28 18 -19 -20 -21 21 -23 23 -25 -26 26 -28 -29 -30 -31
leaf_value=0.0002357781237224117 0.01317380680020433 -0.091932881136401565 0.013321328558144161 0.035853710799082186 -0.019279666184395319 0.4858734097155975 -0.06170587631107774 0.024078053720877509 -0.0030469561663223435 -0.13350656006278006 -0.040970123862638139 -0.038441948254429738 -0.0019170969256898391 -0.0096694811195367943 0.046750356976105835 0.011671518352534624 0.028033803464495577 -0.019423127755173485 0.0539801057811128 -0.00026801875389646741 -0.041875545622664503 0.041885077325743626 -0.01226217509363778 -0.00036423738929443079 -0.058456783626019027 8.3234352269209811e-05 -0.014115505041810684 -0.099289563226862818 -0.0087155719826230785 -0.0013934843408642339
leaf_weight=123 172 175 137 92 42 46 139 82 72 325 191 30 123 101 100 236 197 35 279 27 35 33 104 77 236 40 28 37 74 77
leaf_count=123 172 175 137 92 42 46 139 82 72 325 191 30 123 101 100 236 197 35 279 27 35 33 104 77 236 40 28 37 74 77
internal_value=-0.00227273 -0.0102628 0.00456615 -0.0131904 0.00997506 0.000492958 -0.00953196 0.0113816 0.00788288 -0.0196 -0.003125 0.00194611 -0.000466143 -0.00233766 -0.000710015 -0.00364271 0.0140388 0.00534188 0.0161765 0.0136667 0.00803571 -0.000735294 -0.0132194 -0.0109712 -0.0132353 -0.0108639 -0.00220588 0.00484496 0.000806452 0.00532129
internal_weight=3465 1598 1867 1376 802 1065 876 760 222 500 320 167 1019 770 669 501 593 117 476 150 168 68 556 417 340 191 68 129 310 249
internal_count=3465 1598 1867 1376 802 1065 876 760 222 500 320 167 1019 770 669 501 593 117 476 150 168 68 556 417 340 191 68 129 310 249
is_linear=0
shrinkage=0.05


Tree=4
num_leaves=31
num_cat=0
split_feature=13 10 14 14 13 10 9 14 10 53 14 13 13 27 44 2 13 18 13 11 44 46 10 2 10 53 14 13 45 2
split_gain=67.3087 30.7565 17.402 13.477 12.3486 9.48282 8.18404 7.9487 7.91662 6.35183 6.24132 6.13684 5.98812 5.15333 4.61445 5.19008 7.13298 4.14111 4.08228 3.83236 3.72566 3.59006 3.38947 3.36028 4.874 3.35247 3.27594 3.31079 2.78793 2.47035
threshold=-0.22000000625848767 -14.067451000213621 0.11250000074505807 0.38750000298023229 -0.50733333826065052 -9.2501697540283185 0.6003120243549348 0.11250000074505807 -9.5064301490783674 -2.1324999332427974 0.13750000298023227 -0.29199999570846552 -0.081999998539686189 0.20814999938011172 -11.499999999999998 0.43199999630451208 -0.34533333778381342 0.6668703854084016 -0.018000000156462189 -0.50836786627769459 -6.4999999999999991 0.11916666850447656 -10.075670719146727 0.27400000393390661 -10.029144287109373 2.2044999599456792 0.029166667722165588 -0.018000000156462189 -0.29958334565162653 0.51800000667572033
decision_type=2 2 2 2 2 2 2 2 2 2 2 2 2 2 2 2 2 2 2 2 2 2 2 2 2 2 2 2 2 2
left_child=1 10 8 5 19 6 9 13 28 -4 11 -1 25 -6 -9 -16 -17 20 23 -3 -18 -5 -15 24 -11 -7 27 -10 -2 -20
right_child=2 4 3 21 7 12 -8 14 26 18 -12 -13 -14 22 15 16 17 -19 29 -21 -22 -23 -24 -25 -26 -27 -28 -29 -30 -31
leaf_value=0.00022398921753629113 0.0026013920854590835 0.007262512349406028 -0.0083304617340303963 -0.0003593929592811036 -0.019931763868382552 0.028100547346416861 0.093541021172242472 -0.078902631467382897 -0.0066882537016936111 0.0050859155858343002 -0.051593193292795915 -0.00025461781620164404 0.058054715164162919 -0.014823392504903022 -0.051705681955429031 -0.045228292488701409 -0.0028366808532609145 -0.075908035699265311 0.054796573189941702 -0.12925760451321142 0.048415099492542218 -0.017997229194865794 0.03729779946934083 0.027135916313010967 -0.008599136972479755 -0.01003897833423107 0.038611345650618897 0.020792876841397957 -0.0024929044622334189 0.0028516928770951928
leaf_weight=155 38 21 85 161 156 113 117 169 126 61 40 27 241 34 129 272 89 22 94 377 38 46 69 191 141 37 99 130 160 27
leaf_count=155 38 21 85 161 156 113 117 169 126 61 40 27 241 34 129 272 89 22 94 377 38 46 69 191 141 37 99 130 160 27
internal_value=-0.00185426 -0.00938673 0.00459293 0.00772451 -0.012173 0.00991418 0.00649441 -0.00915133 -0.0028481 0.00413189 0.00788288 0.0118132 0.0161765 -0.00164093 -0.0118567 -0.00963636 -0.00694774 0.00184564 0.00622568 -0.019598 0.00531496 -0.00398551 0.00703883 0.00375318 -0.000742574 0.00833333 0.00161972 -0.00136719 -0.0108586 0.0142562
internal_weight=3465 1598 1867 1314 1376 1107 716 978 553 599 222 182 391 259 719 550 421 149 514 398 127 207 103 393 202 150 355 256 198 121
internal_count=3465 1598 1867 1314 1376 1107 716 978 553 599 222 182 391 259 719 550 421 149 514 398 127 207 103 393 202 150 355 256 198 121
is_linear=0
shrinkage=0.05


Tree=5
num_leaves=31
num_cat=0
split_feature=13 10 53 16 47 16 13 14 47 14 12 46 51 14 45 16 13 2 13 21 11 14 37 13 47 53 13 47 12 10
split_gain=62.0989 36.2058 13.9154 10.7391 9.18041 8.31667 7.94411 7.3106 6.21759 6.05404 5.86117 4.68579 3.76356 3.71981 3.69532 3.48377 4.60903 4.41548 3.38953 3.3809 3.35291 3.22817 3.59158 3.8348 3.84381 3.19823 3.18561 3.18339 3.0724 2.78028
threshold=-0.28599999845027918 -14.067451000213621 0.11150000244379045 1.1800000071525576 3.7337081432342534 0.21999999880790713 -0.48600000143051142 0.13750000298023227 12.356419086456301 0.20416666567325595 0.49549317359924322 -0.065333332866430269 -0.080499999225139604 0.38750000298023229 0.042249999940395362 0.38000001013278967 0.056888889521360404 0.52599999308586132 3.3686666488647465 -0.041100000962615006 0.017716239206492904 0.029166667722165588 -0.46770000457763666 -0.14111111313104627 0.31857447326183325 2.1030000448226933 -0.14111111313104627 1.255600690841675 4.8139317035675058 -9.4428186416625959
decision_type=2 2 2 2 2 2 2 2 2 2 2 2 2 2 2 2 2 2 2 2 2 2 2 2 2 2 2 2 2 2
left_child=1 7 8 4 21 12 -7 19 11 -6 -8 28 -3 15 -14 18 17 26 -13 -1 -15 -4 25 27 -25 29 -17 -24 -2 -23
right_child=2 5 3 -5 9 6 10 -9 -10 -11 -12 13 14 20 -16 16 -18 -19 -20 -21 -22 22 23 24 -26 -27 -28 -29 -30 -31
leaf_value=-0.00032102864781051194 0.0055364973469395774 -0.068417498561253884 -6.3825546418957207e-05 -0.019873750263856491 -0.013032437058101845 -0.11996835698382179 -0.010752478348192556 -0.05273853484409087 0.50054267885857584 0.02117529903831496 -0.053186828967470248 -0.00024188692539156185 0.0070817964557838278 0.0015579905975054136 -0.0090111910433509027 -0.023039688794734833 0.089551181238632885 -0.024943445933674521 -0.0031537218606746175 0.00021278975665947657 -0.017263287072720179 -0.0055401517660121323 0.024664447243669216 0.012965873376211674 0.05337836592594191 -0.0099141348232884771 0.032099275226632334 -0.019808767183065359 0.041404402174001299 0.033345802734103348
leaf_weight=26 179 123 57 53 46 363 149 39 35 24 474 558 27 33 51 22 61 73 39 132 74 39 116 87 353 21 66 35 32 90
leaf_count=26 179 123 57 53 46 363 149 39 35 24 474 558 27 33 51 22 61 73 39 132 74 39 116 87 353 21 66 35 32 90
internal_value=-0.00186224 -0.0100795 0.00357143 0.00817047 0.00950461 -0.0133741 -0.0152637 0.00977157 -4.26621e-05 -0.00785714 -0.0118379 -0.000681618 -0.00410448 -0.00221382 0.00448718 -0.00106838 0.00427928 -0.00015528 -0.00305695 0.014557 -0.0109813 0.0110276 0.0119096 0.0136633 0.0160227 0.005 0.00738636 0.00678808 0.00604265 0.00794574
internal_weight=3477 1384 2093 921 868 1187 986 197 1172 70 623 1137 201 926 78 819 222 161 597 158 107 798 741 591 440 150 88 151 211 129
internal_count=3477 1384 2093 921 868 1187 986 197 1172 70 623 1137 201 926 78 819 222 161 597 158 107 798 741 591 440 150 88 151 211 129
is_linear=0
shrinkage=0.05


Tree=6
num_leaves=31
num_cat=0
split_feature=13 16 53 53 16 14 27 53 53 16 2 46 13 12 11 13 2 14 20 27 0 53 0 13 19 16 13 13 22 17
split_gain=58.0173 27.0645 12.9727 10.4603 9.52777 8.61053 6.93491 5.90519 5.88937 5.58922 5.12104 4.94407 4.90583 4.4951 4.02973 3.69432 4.91484 3.44831 3.3757 3.04581 2.92481 2.84217 3.49814 2.82368 3.70581 4.7415 5.03785 3.24107 3.54375 2.9265
threshold=-0.28599999845027918 0.21999999880790713 0.11150000244379045 -0.047499999403953545 1.1800000071525576 0.11250000074505807 4.2871499061584482 -7.69700002670288 0.054500000551342971 0.25999999791383749 0.73619046807289135 -0.065333332866430269 -0.42583334445953364 0.46604204177856451 -0.49471969902515406 -0.22000000625848767 0.43199999630451208 0.012500000651925804 1.5834999680519106 -0.05694999918341636 0.4200000017881394 -1.7695000171661375 0.38000001013278967 -0.14111111313104627 1.0000000180025095e-35 0.38000001013278967 3.3686666488647465 0.056888889521360404 -1.2315499782562254 0.20833333581686023
decision_type=2 2 2 2 2 2 2 2 2 2 2 2 2 2 2 2 2 2 2 2 2 2 2 2 2 2 2 2 2 2
left_child=1 3 7 -1 6 10 9 -2 -5 20 17 21 -7 -14 -12 16 -11 -3 19 -19 -4 -9 -23 -13 25 26 29 28 -27 -25
right_child=2 5 4 8 -6 12 -8 11 -10 15 14 23 13 -15 -16 -17 -18 18 -20 -21 -22 22 -24 24 -26 27 -28 -29 -30 -31
leaf_value=-0.047651654723793471 0.40562557330176308 -0.029824938303718431 0.00020295770700783479 0.00020215026882650273 -0.01888006275066367 -0.10020218288066006 -0.0057948581449074462 -0.004174683943411292 0.00056225972901737269 -0.02324765404948069 0.00020215026882650273 -0.0030087299915478598 0.0018160023180585128 -0.048597245231024544 -0.1139699391346307 0.031222067495772894 0.054909128033176095 -0.010014854025471344 -0.043931082051904186 0.00036628698332874044 0.037519769376288564 0.00055008568212307001 0.044988417571705075 -0.003980870086623161 -0.0073896322980018221 0.079474804526742007 -0.0036964107769690137 0.099874344074303387 -0.0079603832812486959 0.0070431278455506162
leaf_weight=121 55 27 176 107 53 415 20 41 77 36 20 266 35 344 81 552 23 47 30 80 61 77 82 150 112 32 37 56 80 184
leaf_count=121 55 27 176 107 53 415 20 41 77 36 20 266 35 344 81 552 23 47 30 80 61 77 82 150 112 32 37 56 80 184
internal_value=-0.00184786 -0.00979046 0.0034042 0.00336066 0.00784473 -0.0135079 0.00910138 -8.53242e-05 0.0108696 0.00978774 -0.00605263 -0.000872874 -0.0161839 -0.0120712 -0.015099 0.0123159 0.000423729 -0.00108696 0.00175159 0.00531496 0.00327004 0.00625 0.00927673 -0.00242639 -0.000652842 0.00106679 -0.00208895 0.00803571 0.003125 -0.000149701
internal_weight=3477 1384 2093 305 921 1079 868 1172 184 848 285 1117 794 379 101 611 59 184 157 127 237 200 159 917 651 539 371 168 112 334
internal_count=3477 1384 2093 305 921 1079 868 1172 184 848 285 1117 794 379 101 611 59 184 157 127 237 200 159 917 651 539 371 168 112 334
is_linear=0
shrinkage=0.05


Tree=7
num_leaves=31
num_cat=0
split_feature=44 53 53 9 47 18 53 18 47 44 16 2 46 9 2 14 11 9 44 12 14 47 37 16 28 44 20 35 14 36
split_gain=37.5186 16.4767 13.5329 11.4413 10.7079 10.3832 8.46758 7.63471 7.33001 7.0088 5.42641 4.58305 4.24264 3.7603 3.71242 3.68574 3.55704 3.4953 5.39385 4.2111 3.92026 3.51514 3.34122 3.24865 3.19053 4.90646 3.13846 3.12195 3.00651 2.87723
threshold=-11.499999999999998 -0.012000000104308127 -1.0000000180025095e-35 1.1008676886558535 3.7337081432342534 0.69464683532714855 0.75249999761581432 0.69464683532714855 1.255600690841675 -1.4999999999999998 0.29999999701976782 0.71485713124275219 -0.056333335116505616 0.77830550074577343 0.27400000393390661 0.20416666567325595 -1.2411562800407407 0.14865106344223025 -6.4999999999999991 1.5638261437416079 0.18750000000000003 1.5651466846466067 -0.73469999432563771 0.49999998509883886 0.32504999637603765 -7.4999999999999991 -0.23125000298023221 -0.90025001764297474 0.13750000298023227 -0.64829999208450306
decision_type=2 2 2 2 2 2 2 2 2 2 2 2 2 2 2 2 2 2 2 2 2 2 2 2 2 2 2 2 2 2
left_child=1 28 3 7 5 6 16 11 10 12 -3 17 -8 -7 -12 -6 -4 -2 20 -20 26 27 -18 24 25 -24 -19 -21 -1 -22
right_child=2 8 4 -5 15 13 9 -9 -10 -11 14 -13 -14 -15 -16 -17 22 18 19 21 29 -23 23 -25 -26 -27 -28 -29 -30 -31
leaf_value=-0.059521150517660028 -0.010835314123883827 0.0001920427553851776 -0.00019415885640605227 0.39330277319252221 -0.033923506635004874 -0.034329168909997647 0.038181034002751135 -0.094763269965493391 -0.066871315963904526 0.056225110678703394 0.015053297242949014 -0.018617775430575689 0.00023017607776925353 0.0072888692826041275 -0.081939921764712847 0.0028811342237498928 -0.0028112152287924357 0.020342895908937238 0.017775273486900889 0.018158902931483499 0.01455261459869877 -0.012124614610428323 0.0001920427553851776 0.040182175585920271 -0.005701747463326092 0.00027849653904005151 -0.018291189989243624 -0.00055750542029421894 -0.10073619948777766 -0.042258348361697368
leaf_weight=173 279 182 45 62 65 94 216 56 60 196 24 106 145 66 53 34 78 58 93 68 33 55 89 48 115 345 56 126 305 152
leaf_count=173 279 182 45 62 65 94 216 56 60 196 24 106 145 66 53 34 78 58 93 68 33 55 89 48 115 345 56 126 305 152
internal_value=-0.00186224 -0.0113864 0.000970149 -0.00314685 0.00403646 0.00513222 0.00663665 -0.00434381 -0.00258621 0.0112657 0.00106178 -0.00336257 0.00713296 -0.006875 -0.0100649 -0.0118687 0.00305556 -0.00222826 -0.000195008 0.00409357 -0.00510033 0.000702811 0.00396296 0.00523451 0.0041439 0.00610599 0.00219298 0.00386598 -0.0172594 -0.00959459
internal_weight=3477 797 2680 1144 1536 1437 1277 1082 319 557 259 1026 361 160 77 99 720 920 641 342 299 249 675 597 549 434 114 194 478 185
internal_count=3477 797 2680 1144 1536 1437 1277 1082 319 557 259 1026 361 160 77 99 720 920 641 342 299 249 675 597 549 434 114 194 478 185
is_linear=0
shrinkage=0.05


Tree=8
num_leaves=31
num_cat=0
split_feature=13 10 53 16 13 12 22 8 44 19 16 10 46 53 13 16 9 10 13 47 0 9 36 9 53 10 10 16 10 35
split_gain=53.9437 35.6043 13.0644 8.54723 7.75082 8.0921 6.47859 6.42222 5.33417 4.67352 4.25862 3.78025 3.55631 3.55955 3.48181 3.496 5.56158 4.56984 3.92727 3.3073 3.09748 3.03375 2.80093 2.64268 2.51009 2.49132 2.55682 2.48928 2.45294 2.44662
threshold=-0.29199999570846552 -14.067451000213621 0.11150000244379045 1.1800000071525576 -0.50733333826065052 0.54426714777946483 -2.6433000564575191 0.63333335518836986 -1.4999999999999998 1.0000000180025095e-35 0.21999999880790713 -9.1744961738586408 -0.065333332866430269 -1.7695000171661375 -0.14111111313104627 0.34000000357627874 0.41194686293601995 -9.3177127838134748 0.056888889521360404 1.1978087425231936 0.38000001013278967 0.085375923663377776 -0.19974999874830243 0.15999624133110049 -0.67750000953674305 -9.5002446174621564 -9.0937318801879865 1.4200000166893008 -11.993721961975096 -1.1447499990463255
decision_type=2 2 2 2 2 2 2 2 2 2 2 2 2 2 2 2 2 2 2 2 2 2 2 2 2 2 2 2 2 2
left_child=1 7 6 8 10 25 -2 22 19 12 -3 -10 13 -8 -14 16 17 -16 27 -4 -21 -15 -1 -19 29 -6 -27 -17 -26 -7
right_child=2 4 3 -5 5 24 9 -9 11 -11 -12 -13 14 21 15 18 -18 23 -20 20 -22 -23 -24 -25 28 26 -28 -29 -30 -31
leaf_value=3.8554856752418681e-07 0.03963794111175499 -0.077287894746772778 0.018773120295192142 -0.016787710059186174 -0.024004504816469929 -0.024800569893295786 -0.019046606035375363 -0.03059734375010964 0.016622341084708427 -0.00612732759683738 -0.11140526438641417 0.063438043685838372 -0.0028722183189224693 -0.014160507089169928 -0.0022668159681015505 0.014236341581592343 -0.0039543241574886293 0.014789742841737836 0.090565455929861122 -0.013165790900154168 0.044249515436832559 0.036354921286072719 0.00018244061761591872 0.081489114919102809 0.0030696921031876617 0.016884393930712938 -0.030676152001365409 -0.036378165861875741 -0.036081642414691591 -0.064003985563133803
leaf_weight=27 120 76 383 53 141 58 27 45 176 132 318 173 271 26 116 81 145 46 55 93 53 114 120 37 25 75 24 29 233 205
leaf_count=27 120 76 383 53 141 58 27 45 176 132 318 173 271 26 116 81 145 46 55 93 53 114 120 37 25 75 24 29 233 205
internal_value=-0.00168968 -0.00952116 0.00326291 0.00770677 -0.0128355 -0.0098883 -0.000187656 0.0104167 0.00888383 -0.00141335 -0.0185279 0.0136819 -0.000184794 0.00643713 -0.00160256 0.000834971 -0.00203488 0.00339196 0.00681818 0.00571834 -0.000684932 0.00964286 0.0154762 0.0123494 -0.0133877 -0.00229167 0.00378788 0.00136364 -0.00988372 -0.0168251
internal_weight=3477 1347 2130 931 1155 761 1199 192 878 1079 394 349 947 167 780 509 344 199 165 529 146 140 147 83 521 240 99 110 258 263
internal_count=3477 1347 2130 931 1155 761 1199 192 878 1079 394 349 947 167 780 509 344 199 165 529 146 140 147 83 521 240 99 110 258 263
is_linear=0
shrinkage=0.05


Tree=9
num_leaves=31
num_cat=0
split_feature=53 2 47 16 9 21 47 0 18 0 10 10 16 53 2 2 53 36 20 0 9 16 18 0 19 10 10 11 8 9
split_gain=38.0009 14.7984 11.2873 12.0801 7.58615 6.81832 6.2733 5.18705 5.18313 4.98778 4.79483 4.75984 4.70493 4.54565 3.86583 3.39835 3.28322 3.24658 2.38935 2.37197 2.39056 2.95688 2.442 2.41282 2.72842 2.32692 2.323 2.2074 3.24812 2.08785
threshold=-0.1325000002980232 0.52599999308586132 2.670454859733582 0.97999998927116405 1.2790061235427859 -3.4204000234603877 6.5499515533447275 0.25999999791383749 0.59145396947860729 0.70000001788139354 -9.7277197837829572 -15.335126876831053 0.53999999165534984 0.94949999451637279 0.27400000393390661 0.94799998402595531 0.40549999475479132 0.37519998848438268 -0.2909999936819076 0.099999997764825835 0.22126521915197375 0.29999999701976782 0.46671110391616827 0.34000000357627874 1.0000000180025095e-35 -9.3675432205200178 -9.2662262916564924 -0.095963276922702775 0.30000001192092901 0.15753216296434405
decision_type=2 2 2 2 2 2 2 2 2 2 2 2 2 2 2 2 2 2 2 2 2 2 2 2 2 2 2 2 2 2
left_child=1 5 3 7 10 -1 -4 12 18 14 15 -9 13 -2 -5 -3 27 -15 19 -7 21 22 -21 24 25 -23 -20 28 -13 -19
right_child=2 4 6 9 -6 8 -8 11 -10 -11 -12 16 -14 17 -16 -17 -18 29 26 20 -22 23 -24 -25 -26 -27 -28 -29 -30 -31
leaf_value=0.34364224949677463 0.00043434287753615257 -0.037340677010862501 -0.073571754490130689 -0.0007889435418974855 0.26858726868231769 -0.0043721751665487685 0.00047894374342766449 0.00017331858673512278 -0.040040467965841951 0.0055321762361103081 -0.015437214727184834 -0.0053620671174238466 0.066522687790114762 0.03730592699911961 -0.10571552672103823 -0.11607381975518037 0.014783325630941905 -0.0030407744527137489 -0.014578096751570674 0.021316723301036032 0.01297311411123004 -0.011318895628561105 -0.0083354276154707207 -0.031278766568404393 -0.0051691951435206039 0.047119757020690177 0.033015403598833655 -0.0039252292469928278 0.0015310597244112545 0.058341502238324461
leaf_weight=54 297 446 112 39 25 27 43 189 86 80 114 27 45 147 61 218 448 37 193 45 123 26 39 74 20 26 20 327 57 32
leaf_count=54 297 446 112 39 25 27 43 189 86 80 114 27 45 147 61 218 448 37 193 45 123 26 39 74 20 26 20 327 57 32
internal_value=-0.00154587 -0.00742188 0.00310407 0.00422732 -0.0121108 -0.00228513 -0.00983871 0.00560399 -0.00364507 -0.00805556 -0.012982 0.00353053 0.00949821 0.0081384 -0.0155 -0.0146084 0.00194994 0.0136574 -0.00198145 0.000394737 0.00148725 -0.00152174 0.00595238 -0.00582192 0.000694444 0.00673077 -0.00622066 -0.00127737 0.00595238 0.00471014
internal_weight=3477 1536 1941 1786 803 733 155 1606 679 180 778 1048 558 513 100 664 859 216 593 380 353 230 84 146 72 52 213 411 84 69
internal_count=3477 1536 1941 1786 803 733 155 1606 679 180 778 1048 558 513 100 664 859 216 593 380 353 230 84 146 72 52 213 411 84 69
is_linear=0
shrinkage=0.05


Tree=10
num_leaves=31
num_cat=0
split_feature=13 10 13 14 14 14 10 10 14 51 14 13 2 13 13 46 11 46 10 10 56 2 13 46 22 14 4 45 12 13
split_gain=51.5902 18.811 13.2065 13.7455 8.78918 11.962 8.8328 8.17648 6.84853 6.33353 5.89406 5.87715 5.72752 4.96921 4.86571 4.51824 4.3902 4.1695 4.07257 3.38381 3.37482 4.22442 4.94415 3.24944 3.08607 2.9886 2.95449 2.92276 2.87214 2.80777
threshold=-0.40000000596046442 -14.067451000213621 -0.22000000625848767 0.16250000149011615 0.062500001862645163 0.39583334326744085 -9.2501697540283185 -12.406206130981444 0.11250000074505807 -7.2269999980926505 0.19583333283662799 -0.081999998539686189 0.43199999630451208 -0.50733333826065052 -0.34533333778381342 -0.10816666856408118 -0.50836786627769459 0.15049999952316287 -9.6603736877441388 -9.7126040458679181 -2.5895000696182247 0.27400000393390661 -0.018000000156462189 -0.012833333574235438 -1.0000000180025095e-35 0.22083333134651187 0.25999999791383749 -0.12016666308045386 3.2445875406265263 -0.29199999570846552
decision_type=2 2 2 2 2 2 2 2 2 2 2 2 2 2 2 2 2 2 2 2 2 2 2 2 2 2 2 2 2 2
left_child=1 8 3 7 -4 6 9 29 -1 -6 13 25 -5 16 -14 19 -3 20 -16 -9 -11 22 27 -7 -19 -8 -17 -22 -29 -2
right_child=2 10 4 12 5 23 11 15 -10 17 -12 -13 14 -15 18 26 -18 24 -20 -21 21 -23 -24 -25 -26 -27 -28 28 -30 -31
leaf_value=0.00016465265739836664 0.00022563617495522973 0.010668166903948006 -0.0015394208027775164 -0.046042686555803181 0.38342504653748843 0.00027132115464680907 0.034762508617373088 -0.028771093905697556 -0.034762004966815509 -0.006907133689961562 -0.089186534201447967 0.05022004718345803 -0.03795845969430664 -0.019908986843119602 -0.013871847042264974 -0.035743684377939053 -0.087532503129289618 0.0091717587187744899 0.020643789308272986 0.048400322194756408 -0.012748817007321035 0.0232611589991027 0.033847417282153215 -0.007052018873394985 -0.014726239878187948 0.0040741558435767973 -0.0036498388600794355 -0.0076147127108048204 0.00043473986777890392 4.1664080112774026e-05
leaf_weight=80 81 24 411 125 50 96 62 31 35 60 305 265 169 160 117 50 212 71 53 72 75 257 76 99 82 116 81 50 111 34
leaf_count=80 81 24 411 125 50 96 62 31 35 60 305 265 169 160 117 50 212 71 53 72 75 257 76 99 82 116 81 50 111 34
internal_value=-0.0014245 -0.0124387 0.00191166 -0.00341328 0.00421318 0.00602041 0.00778431 0.00408309 0.00630435 0.0047476 -0.0155136 0.0134876 -0.00905172 -0.0114899 -0.00567847 -0.00128205 -0.0161017 0.0036445 0.000294118 0.0065534 0.00544515 0.00663445 0.00272436 -0.00551282 -0.00375817 0.00646067 -0.00744275 -0.000847458 0.00295031 0.015
internal_weight=3510 816 2694 813 1881 1470 1275 349 115 832 701 443 464 396 339 234 236 782 170 103 629 569 312 195 153 178 131 236 161 115
internal_count=3510 816 2694 813 1881 1470 1275 349 115 832 701 443 464 396 339 234 236 782 170 103 629 569 312 195 153 178 131 236 161 115
is_linear=0
shrinkage=0.05


Tree=11
num_leaves=31
num_cat=0
split_feature=13 10 13 14 51 56 44 14 14 0 15 14 35 56 18 9 14 4 13 18 2 2 13 44 27 13 11 56 35 26
split_gain=47.0235 17.6012 12.0582 12.7012 9.51518 8.14498 6.982 6.85847 6.84853 6.83237 5.80305 5.36525 5.03659 5.13819 4.91784 4.07747 4.94121 5.81827 6.92232 3.9755 3.4702 3.43766 3.40455 3.02051 3.40671 2.96686 2.94727 2.61082 2.5964 2.57524
threshold=-0.40000000596046442 -14.067451000213621 -0.14111111313104627 0.16250000149011615 0.46850000321865087 -20.119499206542965 -6.4999999999999991 0.029166667722165588 0.11250000074505807 0.38000001013278967 0.76666668057441723 0.10416666790843011 0.20625000447034839 -2.1690000295639034 0.72674912214279186 0.32008440792560583 0.38750000298023229 0.099999997764825835 -0.018000000156462189 0.69464683532714855 0.43199999630451208 0.5000000149011613 -0.34533333778381342 -4.4999999999999991 -0.29405000805854792 -0.50733333826065052 -0.50836786627769459 -1.0000000180025095e-35 -0.25024999678134913 1.1110000014305117
decision_type=2 2 2 2 2 2 2 2 2 2 2 2 2 2 2 2 2 2 2 2 2 2 2 2 2 2 2 2 2 2
left_child=1 8 3 7 5 -4 19 -2 -1 23 14 25 13 -9 21 16 17 18 28 20 -5 -6 27 -8 -25 26 -3 -22 -7 -28
right_child=2 11 4 6 10 15 9 12 -10 -11 -12 -13 -14 -15 -16 -17 -18 -19 -20 -21 22 -23 -24 24 -26 -27 29 -29 -30 -31
leaf_value=0.00015642002452844831 -0.0064384035643201727 0.010307086729796484 0.34857516884303213 -0.030920568727124342 0.032268138671767053 0.002765974146622443 -0.041321776098798481 -0.087814694988889677 -0.033023904718474738 0.016303500970931691 -0.0055378957007988401 -0.075324084476408204 -0.0021118322266547545 0.0019848507571163338 -0.012799694084629405 -0.0021997057569898655 -0.0031567828523428737 0.053434427242629472 0.056737508170805473 -0.11287989231643854 -0.041972997579987202 -0.0064680325824187784 0.0018288291480817315 0.022604325459083509 -0.0068082440535828723 -0.0013594351693637652 -0.096757401770757673 0.00077546207186388614 -0.0061850621044335736 -0.027387037149347277
leaf_weight=80 107 23 48 110 457 88 57 29 35 95 43 503 120 264 26 414 94 127 58 53 91 27 135 20 89 79 75 33 109 21
leaf_count=80 107 23 48 110 457 88 57 29 35 95 43 503 120 264 26 414 94 127 58 53 91 27 135 20 89 79 75 33 109 21
internal_value=-0.00131054 -0.011826 0.00187454 -0.00184954 0.00487928 0.00181237 -0.00633236 0.00403846 0.00630435 9.57854e-05 0.0100814 -0.0148003 0.00696126 0.0104949 0.0115686 0.000730337 0.00388655 0.00641361 0.00205882 -0.0103081 -0.00846883 0.0127066 -0.00530888 -0.0060241 -0.00114679 -0.00782828 -0.0128151 -0.0112903 -0.00241117 -0.0166667
internal_weight=3510 816 2694 1203 1491 938 683 520 115 261 553 701 413 293 510 890 476 382 255 422 369 484 259 166 109 198 119 124 197 96
internal_count=3510 816 2694 1203 1491 938 683 520 115 261 553 701 413 293 510 890 476 382 255 422 369 484 259 166 109 198 119 124 197 96
is_linear=0
shrinkage=0.05


Tree=12
num_leaves=31
num_cat=0
split_feature=13 47 16 13 14 14 13 14 0 51 2 13 16 16 2 9 13 11 56 6 14 13 51 8 18 9 44 0 37 16
split_gain=43.645 21.2314 14.0806 11.6756 7.69922 10.6232 6.7839 6.53634 4.70893 4.30249 4.2543 6.78077 4.24937 4.74677 4.10256 7.39962 4.34348 4.19029 6.07256 5.13434 3.90722 3.80893 3.78362 3.69877 3.37667 3.35768 3.23871 5.16938 3.22359 3.11791
threshold=-0.22000000625848767 1.0000000180025095e-35 0.38000001013278967 -0.48600000143051142 0.062500001862645163 0.39583334326744085 -0.058000000193715089 0.17083333432674411 0.38000001013278967 -2.5789999961853023 0.5000000149011613 2.8888888359069829 1.1800000071525576 0.62000000476837169 0.18666666746139529 0.064649082720279707 -0.1268571466207504 0.051330953836441047 -2.2949999570846553 0.90000000596046459 0.13750000298023227 -0.29199999570846552 -0.57899999618530262 0.56666669249534618 0.49692437052726751 1.9524219632148745 -6.4999999999999991 0.38000001013278967 1.0337499976158144 0.21999999880790713
decision_type=2 2 2 2 2 2 2 2 2 2 2 2 2 2 2 2 2 2 2 2 2 2 2 2 2 2 2 2 2 2
left_child=1 2 21 20 25 6 14 8 -5 -10 23 -12 13 26 15 -6 17 18 -16 -19 29 -1 -18 -8 -15 -2 -9 -28 -11 -3
right_child=4 3 -4 7 5 -7 10 12 9 28 11 -13 -14 24 16 -17 22 19 -20 -21 -22 -23 -24 -25 -26 -27 27 -29 -30 -31
leaf_value=0.00014859902330202591 -0.00095804285622465193 -0.018241677819637259 -0.14969468414029721 -0.023626217661819909 0.0037489676603221266 -0.0022351106836989523 0.0047622472695882864 -0.036894914250082671 -0.041319506301103162 0.019826062181831337 -0.0092542046462305936 0.27973682701661867 -0.11618775160874882 -0.017788385723460587 -0.040480736031634268 -0.015425642671506612 0.002777820659791787 0.023433718336444625 0.016859306605416808 -0.0099232558170646995 -0.089477866690460081 -5.9661661748681375e-05 0.044460033748842054 0.046975341693869889 0.02459092133150861 -0.0042693337326025534 -0.02686962548668689 0.023578755864847204 -0.048161165000290697 -0.057343359232836934
leaf_weight=166 378 67 35 75 94 195 66 347 42 212 74 31 42 60 26 92 59 28 179 94 274 24 121 411 31 33 63 38 38 115
leaf_count=166 378 67 35 75 94 195 66 347 42 212 74 31 42 60 26 92 59 28 179 94 274 24 121 411 31 33 63 38 38 115
internal_value=-0.00126781 -0.00725905 0.007 -0.00954416 0.00392079 0.00561224 0.00727451 -0.00638186 -0.00115804 0.00171233 0.0112543 0.00214286 -0.00968158 -0.00848794 0.00393218 -0.00241935 0.00626233 0.00282875 0.00719512 -0.0045082 -0.0161184 0.0123684 0.0125 0.01326 0.00192308 -0.00212895 -0.0106027 -0.00272277 0.0042 -0.0104396
internal_weight=3510 1629 225 1404 1881 1470 1275 948 367 292 582 105 581 539 693 186 507 327 205 122 456 190 180 477 91 411 448 101 250 182
internal_count=3510 1629 225 1404 1881 1470 1275 948 367 292 582 105 581 539 693 186 507 327 205 122 456 190 180 477 91 411 448 101 250 182
is_linear=0
shrinkage=0.05


Tree=13
num_leaves=31
num_cat=0
split_feature=13 10 13 18 14 14 10 14 44 46 44 45 14 6 13 6 44 51 9 18 13 10 4 22 4 16 53 13 9 13
split_gain=37.6671 18.6554 9.52821 10.35 9.32284 9.75316 8.59972 8.04815 7.43303 5.96577 5.41136 5.19737 4.99766 4.02439 3.59794 5.62337 3.84354 3.25079 3.60801 3.16271 3.04823 3.01627 3.01205 2.97232 2.8598 2.9904 2.72253 6.05625 2.77631 2.66485
threshold=-0.38533332943916315 -14.067451000213621 -0.09200000017881392 0.69464683532714855 0.12083333358168603 0.39583334326744085 -9.3503017425537092 0.11250000074505807 3.5000000000000004 0.0065000001341104516 -12.499999999999998 -1.2085833549499509 0.10416666790843011 0.55000001192092907 -0.20600000023841855 0.70000001788139354 -6.4999999999999991 1.7904999852180483 0.55445221066474926 0.39699682593345648 -0.68200001120567311 -9.1838188171386701 0.21999999880790713 0.23025000095367434 0.65999999642372142 0.49999998509883886 -0.10050000250339507 -0.29199999570846552 0.20913917571306231 -0.51999998092651356
decision_type=2 2 2 2 2 2 2 2 2 2 2 2 2 2 2 2 2 2 2 2 2 2 2 2 2 2 2 2 2 2
left_child=1 7 3 9 17 6 8 -1 13 10 -2 -12 29 -6 15 16 -11 18 21 -20 -14 -4 23 -13 25 26 27 -24 -28 -3
right_child=2 12 4 -5 5 -7 -8 -9 -10 14 11 22 20 -15 -16 -17 -18 -19 19 -21 -22 -23 24 -25 -26 -27 28 -29 -30 -31
leaf_value=0.0001411690721369246 -0.010537052402775296 -0.065940304792770507 -0.0018681286633288636 -0.051939950130988101 -0.0087914944139190626 -0.0016303834902942497 0.041682713241335302 -0.037264705891519555 0.31530968642094381 -0.011905261897608949 -0.066083732400518819 -0.00057747937735823753 -0.11241899326971456 0.019397021498655603 0.00036671449610366989 -0.031632888375234515 0.037132137643361755 -0.0059311642666677123 -0.0054356292061199258 -0.0018762537825102446 -0.051645368775042749 0.040833579498631561 -0.02699494785601636 0.011989910025929487 -0.031295768256693911 0.030949606248267245 0.011613429477478038 0.044274760957945053 0.00040746238759536746 -0.0018535389696663464
leaf_weight=91 68 116 62 100 88 156 277 40 62 146 50 137 127 240 264 126 27 28 42 160 437 82 49 92 20 49 103 50 121 100
leaf_count=91 68 116 62 100 88 156 277 40 62 146 50 137 127 240 264 126 27 28 42 160 437 82 49 92 20 49 103 50 121 100
internal_value=-0.00126781 -0.0100165 0.00179877 -0.000998573 0.00507519 0.00804982 0.0106822 0.00744275 0.00589744 0.000192012 0.00314614 0.0045082 -0.0129487 0.00289634 -0.00368561 -0.00744147 -0.0015896 -0.00147059 -0.000144509 -0.00445545 -0.0154255 0.00590278 0.00575684 0.00120087 0.00841837 0.0094086 0.00766254 0.000757576 0.0107143 -0.00648148
internal_weight=3510 911 2599 1402 1197 823 667 131 390 1302 739 671 780 328 563 299 173 374 346 202 564 144 621 229 392 372 323 99 224 216
internal_count=3510 911 2599 1402 1197 823 667 131 390 1302 739 671 780 328 563 299 173 374 346 202 564 144 621 229 392 372 323 99 224 216
is_linear=0
shrinkage=0.05


Tree=14
num_leaves=31
num_cat=0
split_feature=13 16 13 14 10 14 10 9 12 45 16 2 44 10 44 10 10 22 14 56 12 22 46 10 13 8 16 51 13 46
split_gain=36.6243 15.8918 10.195 9.74771 9.0245 8.88298 7.87432 8.55009 7.09535 6.88828 5.87294 4.75429 7.39002 5.19033 4.62934 3.81299 3.45952 3.09251 3.01096 2.892 3.27421 2.64743 3.07608 2.97266 2.87948 2.63519 3.5956 2.87342 2.90748 2.59835
threshold=-0.22000000625848767 0.21999999880790713 -0.48600000143051142 0.10416666790843011 -11.456230163574217 0.39583334326744085 -9.2501697540283185 0.90475329756736766 1.5638261437416079 -0.15450000017881391 1.1800000071525576 0.43199999630451208 -6.4999999999999991 -9.5350356101989728 -1.4999999999999998 -9.0937318801879865 -14.415544986724852 -1.3738000392913816 0.070833336561918273 -2.7454999685287471 0.93976867198944103 -1.2814499735832212 0.12166666612029077 -9.1432213783264142 -0.041999999433755868 0.43333333730697637 0.85999998450279247 -0.11899999901652335 -0.39000000059604639 0.16683333367109301
decision_type=2 2 2 2 2 2 2 2 2 2 2 2 2 2 2 2 2 2 2 2 2 2 2 2 2 2 2 2 2 2
left_child=1 4 16 8 -1 6 7 29 18 -10 11 -4 13 25 17 -15 -3 -8 -2 -6 -21 -7 23 24 -23 -13 27 -27 -29 -5
right_child=3 2 10 5 19 21 14 -9 9 -11 -12 12 -14 15 -16 -17 -18 -19 -20 20 -22 22 -24 -25 -26 26 -28 28 -30 -31
leaf_value=0.00013411061853007837 -0.000810750322345355 -0.0089277177291319544 -0.026925661762273713 0.0056021996670085217 -0.10302560447868686 0.001648991729751246 -0.012958467132712276 0.2434268472508436 0.16976693763627052 -0.0018032385750471212 -0.10862315047663083 -0.00037804323546708891 0.024930281367367049 0.016077632533266811 0.053737196764024976 -0.027160295795595632 -0.078309496793257785 0.017635657804773587 0.051806586720115372 0.0092907911264519787 -0.03776825939389912 -0.017140862437929543 -0.021598464022851063 0.0029506148882501499 -0.0020760750451632825 -0.048364900307478302 0.0078672225889708149 -0.056018561983017336 0.00058143087640062381 -0.0077519490565060205
leaf_weight=135 365 30 182 529 40 47 27 80 24 122 47 96 86 98 197 24 374 181 43 116 55 27 31 43 47 215 45 39 47 118
leaf_count=135 365 30 182 529 40 47 27 80 24 122 47 96 86 98 197 24 374 181 43 116 55 27 31 43 47 215 45 39 47 118
internal_value=-0.0017094 -0.00719767 -0.00976228 0.00304359 0.00231214 0.00536925 0.00706714 0.00395461 -0.00252708 -0.0119863 -0.00674061 -0.00576923 -0.00376923 -0.00585106 0.0126543 0.00327869 -0.0163366 0.00745192 0.000857843 -0.00414692 -0.00131579 -0.00448718 -0.00777027 -0.00405983 -0.0101351 -0.00837104 -0.0104046 -0.0123754 -0.00465116 0.00204791
internal_weight=3510 1629 1283 1881 346 1327 1132 727 554 146 879 832 650 564 405 122 404 208 408 211 171 195 148 117 74 442 346 301 86 647
internal_count=3510 1629 1283 1881 346 1327 1132 727 554 146 879 832 650 564 405 122 404 208 408 211 171 195 148 117 74 442 346 301 86 647
is_linear=0
shrinkage=0.05


Tree=15
num_leaves=31
num_cat=0
split_feature=13 14 51 46 16 46 13 26 13 9 12 13 16 16 14 3 14 47 16 14 9 14 13 14 4 14 3 26 37 35
split_gain=34.844 18.8853 11.2071 9.93446 6.10996 6.07707 5.43736 5.25008 5.09701 4.89969 4.15278 4.3643 4.05794 4.75165 3.54998 3.54217 3.45277 3.42523 3.40639 2.99546 2.56206 2.55582 4.49225 3.52777 3.14323 2.45568 2.42523 2.38267 2.37414 2.17339
threshold=-0.29199999570846552 0.17083333432674411 -1.6010000109672544 -0.0026666666381061073 0.38000001013278967 0.12516666948795321 -0.1031111106276512 3.9375000000000004 -0.68200001120567311 0.32008440792560583 5.0589334964752206 -0.006000000284984707 1.1800000071525576 0.62000000476837169 0.39583334326744085 0.18713862448930743 0.39583334326744085 1.4847347736358645 0.38000001013278967 0.38750000298023229 0.12986246496438983 0.11250000074505807 0.30200000107288366 0.037500001490116126 0.38000001013278967 0.36249999701976782 0.242978610098362 -0.13525000214576718 0.95550000667572033 -0.105249997228384
decision_type=2 2 2 2 2 2 2 2 2 2 2 2 2 2 2 2 2 2 2 2 2 2 2 2 2 2 2 2 2 2
left_child=1 2 -1 7 5 17 19 16 -3 10 11 15 13 18 -13 20 25 28 -10 26 -8 23 24 -11 -23 -2 -5 -28 -4 -7
right_child=3 8 4 6 -6 29 9 -9 12 21 -12 14 -14 -15 -16 -17 -18 -19 -20 -21 -22 22 -24 -25 -26 -27 27 -29 -30 -31
leaf_value=-0.060322291044742932 0.015801424624449462 -0.10923958448434484 0.00030894265908055861 -0.0025665810140700603 -0.1687474455488662 0.029411218992909161 -0.001643132638366885 -0.017110023869737572 -0.026325337448016951 -0.0017702118525537713 0.048686310795072789 0.073605714923406507 -0.12573563953011943 -0.00034328631795247922 -0.0011074206473786518 0.0296571611691075 -0.00059567031187091133 -0.038482735097031928 -0.062483586558746119 -0.051247641644359188 -0.040296995870471225 0.0081254515657023397 0.29011620617562484 -0.0041673623233617956 -0.013519063436485419 0.03920271272092081 0.0054481288928098981 -0.0016952710815898754 -0.017543160190337387 -0.032760942133235951
leaf_weight=223 707 98 269 277 23 28 145 53 280 159 55 77 55 86 24 83 107 29 130 22 21 72 27 51 52 59 85 94 37 81
leaf_count=223 707 98 269 277 23 28 145 53 280 159 55 77 55 86 24 83 107 29 130 22 21 72 27 51 52 59 85 94 37 81
internal_value=-0.00151753 -0.00786034 -0.00210145 0.00239631 0.00230193 0.0036036 -0.000522508 0.00631749 -0.0139831 0.00208877 0.0058642 0.00385714 -0.0121143 -0.0106855 0.0126238 0.000301205 0.00724513 0.0069403 -0.0129268 -0.00470711 -0.00391566 -0.00214681 0.00281457 -0.00571429 -0.00120968 0.00842037 -0.00383772 0.000698324 0.00849673 -0.00665138
internal_weight=3509 1339 690 2170 467 444 1244 926 649 766 405 350 551 496 101 249 873 335 410 478 166 361 151 210 124 766 456 179 306 109
internal_count=3509 1339 690 2170 467 444 1244 926 649 766 405 350 551 496 101 249 873 335 410 478 166 361 151 210 124 766 456 179 306 109
is_linear=0
shrinkage=0.05


Tree=16
num_leaves=31
num_cat=0
split_feature=13 10 13 46 18 6 46 18 53 53 27 13 19 8 10 17 10 47 13 8 9 13 4 3 9 18 8 36 36 11
split_gain=33.1854 18.165 9.03533 8.98086 7.58391 5.26663 4.58754 4.41082 4.1618 4.36587 4.15495 4.19955 4.4583 4.63365 4.44058 3.60233 3.40984 3.39441 3.37355 3.66677 3.30968 3.30693 3.36722 3.25138 3.0569 2.92087 4.0278 4.60497 2.73869 2.51206
threshold=-0.29199999570846552 -14.283152580261229 -0.67177775502204884 -0.0026666666381061073 0.71305307745933544 0.70000001788139354 -4.6759998798370352 0.71116051077842724 -0.012000000104308127 3.3069999217987065 -3.681800007820129 -0.16600000113248822 1.0000000180025095e-35 0.76666668057441723 -9.3748416900634748 0.54166665673255932 -9.3418917655944806 13.383387088775637 -0.32600000500679011 0.43333333730697637 0.20146030932664874 -0.018000000156462189 0.13999999687075618 0.1726275831460953 0.43975645303726202 0.42442539334297186 0.30000001192092901 0.1678000018000603 -0.052300000563263886 -0.32575838267803187
decision_type=2 2 2 2 2 2 2 2 2 2 2 2 2 2 2 2 2 2 2 2 2 2 2 2 2 2 2 2 2 2
left_child=1 -1 29 6 5 8 -2 16 15 20 -5 -12 13 14 -13 18 17 -8 19 -4 -10 23 -23 -15 -16 26 -18 -28 -27 -3
right_child=3 2 4 10 -6 -7 7 -9 9 -11 11 12 -14 21 24 -17 25 -19 -20 -21 -22 22 -24 -25 -26 28 27 -29 -30 -31
leaf_value=0.00011195795464954652 -0.25954333107771838 -0.052656179734998455 -0.0030468090369782487 0.29823964043995477 -0.10956168447571774 -0.038360012682710741 0.0066491219965687277 -0.015240426119908996 0.023388880654963667 -0.080932625230170752 -0.0037509588926953261 -0.0020671603651873853 -0.005230973997241717 -0.004124223377579588 0.020871866171941571 0.0025567144946048769 -0.016409175733602049 0.36266939673652421 0.0060691397656438611 -0.042078884061317823 -0.011654776775126144 0.063215421125135882 0.019130378074992939 0.027088903033939377 -0.003102627218594486 0.011431462329021867 0.019666410494443835 -0.0094538230367482226 0.03315936860369937 -0.098581327652226824
leaf_weight=187 32 35 99 23 70 87 478 37 83 50 288 172 96 108 111 84 26 20 46 285 115 80 62 159 145 75 108 43 107 198
leaf_count=187 32 35 99 23 70 87 478 37 83 50 288 172 96 108 111 84 26 20 46 285 115 80 62 159 145 75 108 43 107 198
internal_value=-0.00144628 -0.0076363 -0.00998264 0.00237327 -0.00775299 -0.00644876 0.00610151 0.00676734 -0.00511811 0.000201613 -0.000401929 -0.000798526 0.000830654 0.00200119 -0.00163551 -0.00768482 0.00749708 0.00481928 -0.00953488 -0.0110677 0.00353535 0.00580685 0.0119718 0.00252809 0.00253906 0.0112117 0.00663842 0.00976821 0.0156593 -0.0187768
internal_weight=3509 1339 1152 2170 919 849 926 894 762 248 1244 1221 933 837 428 514 857 498 430 384 198 409 142 267 256 359 177 151 182 233
internal_count=3509 1339 1152 2170 919 849 926 894 762 248 1244 1221 933 837 428 514 857 498 430 384 198 409 142 267 256 359 177 151 182 233
is_linear=0
shrinkage=0.05


Tree=17
num_leaves=31
num_cat=0
split_feature=44 16 53 47 14 47 47 9 3 44 46 10 28 46 16 44 2 36 7 20 37 11 10 18 28 22 19 47 16 14
split_gain=21.9641 11.4324 11.5547 8.33532 7.96997 7.80853 5.763 5.62006 5.3302 4.12194 4.13456 4.0211 3.21994 3.17973 3.06865 4.05227 3.67628 3.46097 3.0215 2.71707 2.66729 2.4178 2.33008 2.67846 2.88464 3.80466 2.27195 2.25819 2.37686 2.24278
threshold=-13.499999999999998 1.1800000071525576 0.11150000244379045 3.7337081432342534 0.11250000074505807 13.383387088775637 0.75237819552421581 0.98854506015777599 0.15563326328992846 -1.4999999999999998 -0.087000001221895204 -9.1432213783264142 2.3508499860763554 -0.16083332896232602 0.21999999880790713 -1.0000000180025095e-35 0.34999999403953558 0.037100000306963928 1.0000000180025095e-35 -1.2267499566078184 0.20645000040531161 0.38506762683391577 -16.386488914489743 0.51588761806488048 -0.091249998658895479 -0.01505000004544854 1.0000000180025095e-35 0.73550978302955639 0.25999999791383749 0.27916666865348821
decision_type=2 2 2 2 2 2 2 2 2 2 2 2 2 2 2 2 2 2 2 2 2 2 2 2 2 2 2 2 2 2
left_child=4 2 5 9 6 12 -1 -3 -6 10 -4 27 13 -2 16 19 17 -15 21 -16 -18 -12 -21 24 -24 -26 -17 28 -11 -30
right_child=1 7 3 -5 8 -7 -8 -9 -10 11 18 -13 -14 14 15 26 20 -19 -20 22 -22 -23 23 -25 25 -27 -28 -29 29 -31
leaf_value=0.00010636005691706918 0.0087918152467764757 -0.066616539707780531 0.017882178948110023 -0.011539834404708758 -0.0039755139131315859 0.33953590782621168 -0.055247777273969595 0.0070559854799359962 -0.07120409384380437 -0.0066469781905344142 -0.0090488545293919333 0.040357080508547048 -0.017871614267022811 -0.0023599655186927688 -0.00084642447676698974 0.017434132069591459 0.00021249836265011701 0.00088553056317867149 0.019901503814818169 3.5133406538081943e-05 -0.021373768871192814 0.015292190141587775 -0.015477105517546467 -0.025147206365630233 0.02317299425523453 -0.0040541779414246222 -0.0018245470143365091 0.030822042812914952 0.025861649626380823 -0.0015930156982154277
leaf_weight=70 200 123 327 112 52 27 122 48 280 21 219 164 69 72 248 229 138 31 70 68 28 38 134 221 25 146 79 39 72 37
leaf_count=70 200 123 327 112 52 27 122 48 280 21 219 164 69 72 248 229 138 31 70 68 28 38 134 221 25 146 79 39 72 37
internal_value=-0.00153178 0.000125628 0.000888415 0.00489081 -0.0109733 -0.00167638 -0.00286458 -0.0124269 -0.0156627 0.00635765 0.00405199 0.0108859 -0.00210308 -0.00165225 -0.00248414 -0.0036087 0.00232342 -0.00509709 7.64526e-05 -0.0054038 0.00692771 -0.00243191 -0.00723906 -0.00836502 -0.00532787 -0.00102339 0.0012987 0.00547337 0.00230769 0.00527523
internal_weight=3509 2985 2814 1099 524 1715 192 171 332 987 654 333 1688 1619 1419 1150 269 103 327 842 166 257 594 526 305 171 308 169 130 109
internal_count=3509 2985 2814 1099 524 1715 192 171 332 987 654 333 1688 1619 1419 1150 269 103 327 842 166 257 594 526 305 171 308 169 130 109
is_linear=0
shrinkage=0.05


Tree=18
num_leaves=31
num_cat=0
split_feature=13 14 51 53 16 47 13 13 10 18 2 28 16 16 18 12 8 11 9 16 8 16 45 27 16 18 11 10 12 45
split_gain=30.9792 19.2164 10.4334 6.85297 6.42635 6.14546 5.72678 5.65776 5.27423 4.53339 4.47678 4.15475 4.12875 3.87883 3.66751 3.38104 3.34158 2.84545 2.74846 2.72079 2.70413 2.57663 2.46756 2.28206 2.21894 2.85124 2.18295 2.82465 2.58215 2.04537
threshold=-0.29199999570846552 0.17083333432674411 -1.6010000109672544 0.11150000244379045 0.38000001013278967 13.383387088775637 -0.018000000156462189 -0.71177777647972096 -10.475084781646727 0.71305307745933544 0.30200000107288366 2.3508499860763554 0.62000000476837169 0.38000001013278967 0.70197221636772167 0.59273695945739757 1.6999999880790713 0.17988016456365588 0.21212198585271838 0.34000000357627874 1.8999999761581423 0.21999999880790713 -0.19766666740179059 -0.32725000381469721 0.21999999880790713 0.49568253755569464 0.12115681916475297 -17.463483810424801 5.6247062683105478 -0.38516665995120997
decision_type=2 2 2 2 2 2 2 2 2 2 2 2 2 2 2 2 2 2 2 2 2 2 2 2 2 2 2 2 2 2
left_child=1 2 18 5 8 11 14 -3 21 12 -8 20 13 17 16 22 19 -9 -1 23 26 -4 29 -5 -20 -26 27 -2 -28 -10
right_child=3 7 4 6 -6 -7 10 9 15 -11 -12 -13 -14 -15 -16 -17 -18 -19 24 -21 -22 -23 -24 -25 25 -27 28 -29 -30 -31
leaf_value=-0.057147457371195767 -0.0099546047368797765 -0.10019577272295771 0.00010104205407121571 0.027346375577572066 -0.15205017990342251 0.31414648213666235 0.042060204824101916 -0.025846625715875267 0.023133828553592889 -0.10082840532353937 0.00040746534618557075 -0.020558382526089904 -0.0043785478924780576 -0.058634970520864915 -0.012589222935510664 -0.031403435292192701 0.021721292683856353 -0.0028135888406352842 0.027142488645147646 0.011744747311076208 -0.0039854293992467845 0.00023890560181353055 -0.00087703946962098894 0.00011106747835076675 0.0045543637266004305 -0.080342335588629271 0.015250670488944108 4.9179706894252292e-05 -0.0027582294401182332 0.043772955269726313
leaf_weight=99 25 89 100 51 23 28 153 180 30 68 59 46 93 128 35 72 66 91 28 182 68 98 120 411 37 59 202 820 24 24
leaf_count=99 25 89 100 51 23 28 153 180 30 68 59 46 93 128 35 72 66 91 28 182 68 98 120 411 37 59 202 820 24 24
internal_value=-0.0011328 -0.00711352 -0.00130435 0.0025576 0.00294433 6.18302e-05 0.005721 -0.0132897 0.00427928 -0.0114286 0.0129717 -0.000485232 -0.0097561 -0.0119674 0.00365772 -0.000609756 0.00443662 -0.00857934 -0.0102018 0.00333851 0.000109745 0.0103535 0.00316092 0.0012987 -0.00524194 -0.00885417 0.000723623 -0.000443787 0.0050885 0.012037
internal_weight=3509 1339 690 2170 467 1213 957 649 444 560 212 1185 492 399 745 246 710 271 223 644 1139 198 174 462 124 96 1071 845 226 54
internal_count=3509 1339 690 2170 467 1213 957 649 444 560 212 1185 492 399 745 246 710 271 223 644 1139 198 174 462 124 96 1071 845 226 54
is_linear=0
shrinkage=0.05


Tree=19
num_leaves=31
num_cat=0
split_feature=13 14 10 46 13 16 16 13 16 13 10 37 22 14 37 9 56 14 46 14 8 27 27 16 16 13 4 9 10 12
split_gain=26.8179 16.8254 9.23543 7.05109 5.32163 4.97878 5.22791 4.53564 3.645 3.6375 3.85486 5.54955 3.51951 3.47729 3.42635 3.34911 3.075 3.0325 2.95791 3.26082 3.73841 2.87096 2.91421 2.76118 2.72454 2.67038 3.80827 4.03431 2.91168 2.89777
threshold=-0.29199999570846552 0.17083333432674411 -12.550370693206785 -0.0026666666381061073 -0.71177777647972096 1.1800000071525576 0.90000000596046459 -0.71177777647972096 0.21999999880790713 -0.19377777725458142 -9.4671277999877912 0.43494999408721929 1.7107499837875368 0.087500002235174193 0.91294997930526745 1.0003445744514468 0.12449999898672105 0.39583334326744085 -4.6759998798370352 0.38750000298023229 1.5666666626930239 0.19224999845027926 1.6675999760627749 0.62000000476837169 0.21999999880790713 -0.006000000284984707 0.059999998658895499 0.079303145408630385 -9.2898387908935529 0.77508071064949047
decision_type=2 2 2 2 2 2 2 2 2 2 2 2 2 2 2 2 2 2 2 2 2 2 2 2 2 2 2 2 2 2
left_child=1 2 8 18 -3 6 16 -4 -1 24 12 17 13 -11 21 -15 23 -12 -2 20 25 -9 -23 -6 -5 26 27 28 -20 -28
right_child=3 4 7 9 5 -7 -8 14 -10 10 11 -13 -14 15 -16 -17 -18 -19 19 -21 -22 22 -24 -25 -26 -27 29 -29 -30 -31
leaf_value=9.5989951367654922e-05 -0.24599472617751453 -0.095185984086809838 -0.079943292299637467 0.00038385493066830429 -0.039069834664706919 -0.10559852607826158 0.017066584258261831 -0.017998485644401284 2.1431456120501319e-05 -0.0019752276520366087 0.0030956551103506055 0.034443799290290546 -0.013490031699322636 -3.02681133684754e-05 -0.067974819588193416 0.20852996757974018 -0.011158618392932577 -0.0037337808228720087 -0.0040269224058516739 -0.0016932057773777686 0.038070930041471218 0.025734352538236124 -0.020110597622112293 -0.013460600910019084 -0.019983405209507452 0.037242396283952629 0.042967777952592275 -0.011256490104637968 0.0091219755492937902 0.007088566406644123
leaf_weight=100 32 89 100 43 301 55 23 193 100 97 438 111 53 248 77 32 120 46 51 116 80 87 33 61 176 150 148 61 74 214
leaf_count=100 32 89 100 43 301 55 23 193 100 97 438 111 53 248 77 32 120 46 51 116 80 87 33 61 176 150 148 61 74 214
internal_value=-0.00117555 -0.0067401 -0.00130435 0.00225806 -0.0125193 -0.0107143 -0.00915842 -0.005 0.00775 -0.000200965 0.00104878 0.00365546 -0.00255814 -0.000862069 -0.0025641 0.00196429 -0.0102697 0.00134298 0.00556156 0.0060962 0.00726221 -0.000239617 0.00583333 -0.0125691 -0.00605023 0.00608883 0.0044708 -0.00134409 0.0038 0.00745856
internal_weight=3509 1339 690 2170 649 560 505 490 200 1244 1025 595 430 377 390 280 482 484 926 894 778 313 120 362 219 698 548 186 125 362
internal_count=3509 1339 690 2170 649 560 505 490 200 1244 1025 595 430 377 390 280 482 484 926 894 778 313 120 362 219 698 548 186 125 362
is_linear=0
shrinkage=0.05


Tree=20
num_leaves=31
num_cat=0
split_feature=13 14 51 16 13 53 53 53 18 2 12 35 14 10 13 0 18 5 49 18 12 53 53 35 26 12 8 5 18 10
split_gain=26.4639 14.677 9.77956 6.42815 5.95748 5.66413 6.86678 6.18434 4.59592 4.316 4.97409 3.91123 3.1516 3.7039 5.66497 2.96683 2.94506 2.71403 2.60181 2.53495 2.46863 2.28236 2.31049 2.35497 2.22308 2.20889 2.16138 2.01597 1.94603 1.8818
threshold=-0.28599999845027918 0.17083333432674411 -0.31749999523162836 0.38000001013278967 -0.50533333420753468 -7.69700002670288 0.11150000244379045 6.67799997329712 0.69464683532714855 0.58933332562446605 5.2565226554870614 1.282249987125397 0.054166667163372047 -9.1671533584594709 -0.19377777725458142 0.62000000476837169 0.42442539334297186 0.32500000298023229 1.5000000000000002 0.20960185676813128 5.5488569736480722 -2.0475000143051143 3.2064999341964726 -0.4797499924898147 0.12375000119209291 0.47310431301593786 1.8999999761581423 1.0000000180025095e-35 0.6560238003730775 -10.004772186279295
decision_type=2 2 2 2 2 2 2 2 2 2 2 2 2 2 2 2 2 2 2 2 2 2 2 2 2 2 2 2 2 2
left_child=1 2 21 11 -3 -2 18 8 12 10 25 17 16 20 -15 -11 -8 -4 26 -16 27 -1 23 -23 -12 -6 29 -14 -19 -7
right_child=5 4 3 -5 9 6 7 -9 -10 15 24 -13 13 14 19 -17 -18 28 -20 -21 -22 22 -24 -25 -26 -27 -28 -29 -30 -31
leaf_value=-0.062471184529862833 0.23115973291869391 -0.068964918948130935 0.00017865339266321027 -0.12827545441141242 -0.0094712290400827542 -0.00078669676805103242 -0.018114745613303312 -0.0098690145028344084 -0.0080334493661578799 0.0101960146501065 -0.011451966309281242 -0.033961916345428687 -0.0031711494664022318 -0.015391099910470052 0.0023226509310221299 -0.015808331917626452 0.016689093230786944 0.00029180501864428101 -0.02116669070917503 0.032878840779782224 0.028411601108911978 0.016833148812800836 -0.070599683297924015 -0.016508505013808454 0.017265717953017356 -0.043411216046145368 -0.0054869082841335669 0.0061565613259443154 0.00046802740283957884 0.0022393395682429886
leaf_weight=169 63 210 105 24 28 397 30 70 47 66 32 48 61 31 38 98 37 164 39 296 59 71 23 91 20 228 66 269 24 633
leaf_count=169 63 210 105 24 28 397 30 70 47 66 32 48 61 31 38 98 37 164 39 296 59 71 23 91 20 228 66 269 24 633
internal_value=-0.00120865 -0.00654889 -0.00156467 0.00417808 -0.0118035 0.00229401 0.00184515 0.00501066 0.00616359 -0.00868644 -0.0121753 0.00593842 0.0070341 0.00795756 0.0115753 -0.00213415 -0.00335821 0.0081058 -0.000770925 0.0134731 0.00456298 -0.00748588 -0.00364865 -0.00154321 0.00192308 -0.0150391 -0.000319343 0.00287879 0.0117021 0.000242718
internal_weight=3537 1401 719 365 682 2136 2073 938 868 472 308 341 821 754 365 164 67 293 1135 334 389 354 185 162 52 256 1096 330 188 1030
internal_count=3537 1401 719 365 682 2136 2073 938 868 472 308 341 821 754 365 164 67 293 1135 334 389 354 185 162 52 256 1096 330 188 1030
is_linear=0
shrinkage=0.05


Tree=21
num_leaves=31
num_cat=0
split_feature=13 14 51 16 56 13 10 28 14 28 2 12 14 17 9 18 13 28 37 10 28 35 0 18 0 0 13 26 12 28
split_gain=22.9764 14.8226 9.33732 6.18577 5.98995 5.77251 5.37437 6.16881 5.45779 4.61264 4.299 4.18335 3.44999 3.98258 3.69063 4.57889 4.55783 3.31096 3.29736 4.17391 3.00232 2.92798 2.75018 2.62121 2.71896 2.49344 2.29459 5.49465 2.38725 2.2653
threshold=-0.28599999845027918 0.17083333432674411 -1.3134999871253965 0.38000001013278967 -22.291999816894528 -0.50533333420753468 -9.4292693138122541 1.0000000180025095e-35 0.39583334326744085 -1.9217500090599058 0.58933332562446605 5.4294943809509286 0.32916666567325598 0.20833333581686023 0.43975645303726202 0.22093518823385241 0.049444444477558143 -0.32495000958442682 0.89265000820159923 -10.475084781646727 1.954599976539612 -1.3962500095367429 0.62000000476837169 0.67537221312522899 0.38000001013278967 0.45999999344348913 -0.14111111313104627 1.3157500028610232 2.5546768903732304 -0.40644998848438257
decision_type=2 2 2 2 2 2 2 2 2 2 2 2 2 2 2 2 2 2 2 2 2 2 2 2 2 2 2 2 2 2
left_child=1 2 21 18 -2 -3 20 9 26 -8 11 -7 13 -11 15 -15 -16 -14 23 -20 -6 -1 -12 24 -4 -26 27 28 -9 -17
right_child=4 5 3 -5 6 10 7 8 -10 12 22 -13 17 14 16 29 -18 -19 19 -21 -22 -23 -24 -25 25 -27 -28 -29 -30 -31
leaf_value=0.0017747573473922641 0.24085175580950238 -0.065516673000724376 -0.0079190274617403963 -0.10968662980898475 1.1586619724145782e-05 -0.035844667635391472 0.026040525513349275 0.041683337387533888 -0.0076317768978499852 -0.0041180608177623992 0.0096862139176011729 0.0041875645423714997 -0.0071367071044859121 -0.017715169283648958 -0.024518059597730915 0.047390229823986274 0.025885047794913685 0.0023228988280174336 0.0026818914135416042 -0.050780069022550722 -0.012917194341024497 -0.049449826897989761 -0.015017915321745123 0.0073648935913929597 0.019859075637144154 0.00016972072303004975 0.036485316730445569 -0.015052698241187294 0.00037447756701887262 0.018690748909548516
leaf_weight=67 40 210 20 25 897 272 56 37 41 171 66 36 108 31 57 64 45 47 23 46 108 196 98 23 42 277 241 39 21 133
leaf_count=67 40 210 20 25 897 272 56 37 41 171 66 36 108 31 57 64 45 47 23 46 108 196 98 23 42 277 241 39 21 133
internal_value=-0.00118038 -0.00615632 -0.00114743 0.00317982 0.00208333 -0.011437 0.00171756 0.00414757 0.00930079 0.00140449 -0.00836864 -0.0118506 0.000228659 0.00224551 0.00545455 0.00899123 -0.00245098 -0.00629032 0.00458237 -0.00543478 -0.000920398 -0.00865019 -0.00182927 0.00649171 0.00538348 0.0065047 0.0113905 0.00489691 0.0146552 0.011802
internal_weight=3537 1401 719 456 2136 682 2096 1091 379 712 472 308 656 501 330 228 102 155 431 69 1005 263 164 362 339 319 338 97 58 197
internal_count=3537 1401 719 456 2136 682 2096 1091 379 712 472 308 656 501 330 228 102 155 431 69 1005 263 164 362 339 319 338 97 58 197
is_linear=0
shrinkage=0.05


Tree=22
num_leaves=31
num_cat=0
split_feature=13 16 47 18 35 10 28 14 16 14 35 13 12 28 16 18 13 12 14 0 12 0 10 13 5 26 46 12 13 0
split_gain=25.0881 11.7196 7.50457 6.27997 5.08118 4.94475 5.0325 4.80301 4.78664 4.73275 4.43372 3.52867 3.53361 3.45089 3.25952 3.21851 3.13307 2.99255 5.3438 3.28064 2.92571 2.80848 2.75713 2.95846 2.60394 2.7133 2.54562 2.40737 2.39058 2.33392
threshold=-0.28599999845027918 0.38000001013278967 1.3630428910255434 0.52556851506233226 -11.194750308990477 -9.4292693138122541 0.043899999931454665 0.17083333432674411 0.62000000476837169 0.39583334326744085 -1.5452499985694883 -0.66533333063125599 0.52040332555770885 -2.1808500289916988 0.25999999791383749 0.71116051077842724 -0.19377777725458142 4.8139317035675058 0.062500001862645163 0.45999999344348913 2.158299565315247 0.62000000476837169 -10.004772186279295 3.0082222223281865 1.0000000180025095e-35 3.4544999599456792 0.19150000065565112 3.2445875406265263 -0.51999998092651356 0.38000001013278967
decision_type=2 2 2 2 2 2 2 2 2 2 2 2 2 2 2 2 2 2 2 2 2 2 2 2 2 2 2 2 2 2
left_child=1 2 7 8 -2 15 13 29 -3 24 14 -10 -13 -7 -4 17 -15 19 -19 26 -14 -12 23 -21 -8 -26 27 -6 -9 -1
right_child=4 3 10 -5 5 6 9 28 11 -11 21 12 20 16 -16 -17 -18 18 -20 22 -22 -23 -24 -25 25 -27 -28 -29 -30 -31
leaf_value=-0.01590465305874994 0.2608938072231321 -0.055518466103436963 0.028961681897489114 -0.090964587534744262 -0.0074725647107274336 0.023630414407687539 0.0071125219701771887 -0.058546398341956442 -0.049657654416776921 -0.006996782772326013 -0.039471735939831533 0.024037100854818774 -0.055761777576182059 -0.016019164208707536 -0.043350861013308851 -0.048005242849062893 0.0017958188436515228 -0.0029211226201792755 0.011361023206082121 -0.0033234961386082481 0.0055043099685971007 -0.063845785410756736 0.011563798724438537 0.15658023665877613 0.033727085851472868 -0.0019226849707199235 -0.014510354533122702 9.1507073641425196e-05 -0.008612380280977527 0.00018533172531896836
leaf_weight=32 39 86 42 171 175 39 56 37 25 40 86 21 25 77 28 21 605 26 231 172 56 151 123 36 253 20 71 152 217 424
leaf_count=32 39 86 42 171 175 39 56 37 25 40 86 21 25 77 28 21 605 26 231 172 56 151 123 36 253 20 71 152 217 424
internal_value=-0.0014207 -0.00662027 -0.00381023 -0.0140625 0.0019897 0.00165713 0.00399083 -0.000985915 -0.00833333 0.00873984 -0.010342 -0.00216535 0.00196078 0.00156033 0.000714286 -0.000868918 0.000733138 -0.000456389 0.00418288 -0.00209191 -0.00277778 -0.0136076 0.0015861 -0.00192308 0.0107143 0.0127289 -0.00515075 -0.00328746 -0.00649606 0.00208333
internal_weight=3537 1401 1017 384 2136 2097 1090 710 213 369 307 127 102 721 70 1007 682 986 257 729 81 237 331 208 329 273 398 327 254 456
internal_count=3537 1401 1017 384 2136 2097 1090 710 213 369 307 127 102 721 70 1007 682 986 257 729 81 237 331 208 329 273 398 327 254 456
is_linear=0
shrinkage=0.05


Tree=23
num_leaves=31
num_cat=0
split_feature=44 18 10 47 56 9 11 9 12 44 46 18 18 9 26 8 9 17 51 35 18 17 37 46 11 17 28 26 12 11
split_gain=22.1536 9.07974 7.75915 7.5358 6.90293 4.62485 4.05767 4.017 3.84304 4.25753 3.42745 3.42338 5.00377 3.51647 3.26071 2.99782 2.90088 2.87109 3.25001 3.57515 2.96298 2.83333 3.88202 3.33599 2.40909 2.39483 2.34776 2.2819 2.23759 3.33378
threshold=-12.499999999999998 0.69464683532714855 -9.4207630157470685 0.75237819552421581 -22.291999816894528 0.65877881646156322 -0.30986875295639033 0.90475329756736766 4.8139317035675058 84.500000000000014 0.42450000345706945 0.42599999904632574 0.498731479048729 0.13468468189239505 -3.0882500410079952 0.70000001788139354 0.21106000244617465 0.45833332836627966 -0.31749999523162836 -0.82774999737739552 0.44082468748092657 0.20833333581686023 -0.33309999108314509 0.1095000021159649 0.011946840211749079 0.62500000000000011 -0.28059999644756312 1.8327500224113467 0.97884228825569164 0.12115681916475297
decision_type=2 2 2 2 2 2 2 2 2 2 2 2 2 2 2 2 2 2 2 2 2 2 2 2 2 2 2 2 2 2
left_child=3 2 4 6 -2 25 -1 10 28 17 11 21 16 -14 -12 26 27 18 19 -10 -20 -4 24 -24 -23 -3 -5 -13 29 -6
right_child=1 5 7 15 8 -7 -8 -9 9 -11 14 12 13 -15 -16 -17 -18 -19 20 -21 -22 22 23 -25 -26 -27 -28 -29 -30 -31
leaf_value=0.00039652352191936035 0.21576447765787066 -0.011066835416840448 -0.010451758343878398 -0.058451077926534173 -0.00058578163415669456 0.002091550349315548 -0.017603251782278652 -0.0096903793097857949 0.029737774982463841 -0.0027074182248216973 0.088127985369804526 0.041572855510469943 -0.0065646033534940106 0.014022147409865938 -0.025190144981449294 -0.055767855270314803 0.022712830856982499 0.023874999840663283 -0.010539795247069963 -0.039062176462334793 0.010753490567749928 0.011606517657017482 0.020295183445719928 -0.013878434288570328 -0.0085340009265153834 -0.052361466907263024 -0.020797910625042892 0.011163651892163277 -0.0030844658115263299 0.030551200515753996
leaf_weight=64 36 56 55 72 372 76 204 37 20 27 20 136 98 200 57 197 58 97 27 64 111 33 233 41 86 103 116 20 765 56
leaf_count=64 36 56 55 72 372 76 204 37 20 27 20 136 98 200 57 197 58 97 27 64 111 33 233 41 86 103 116 20 765 56
internal_value=-0.00129347 0.000589459 0.00142507 -0.00960949 -0.000809524 -0.00882979 -0.00317164 0.00470205 -0.00131579 0.0033237 0.00527965 0.00609375 0.00888672 0.00469799 -0.00487013 -0.0140909 0.0147196 0.0049373 0.0018018 -0.00595238 0.00652174 0.00290179 0.00438931 0.00766423 -0.00315126 -0.0136792 -0.00957447 0.0182692 -0.00266136 0.000233645
internal_weight=3537 2884 2649 653 1575 235 268 1074 1539 346 1037 960 512 298 77 385 214 319 222 84 138 448 393 274 119 159 188 156 1193 428
internal_count=3537 2884 2649 653 1575 235 268 1074 1539 346 1037 960 512 298 77 385 214 319 222 84 138 448 393 274 119 159 188 156 1193 428
is_linear=0
shrinkage=0.05


Tree=24
num_leaves=31
num_cat=0
split_feature=13 14 47 26 16 53 47 18 36 18 51 13 53 56 17 22 2 18 49 45 13 3 18 35 27 17 22 14 13 20
split_gain=23.926 10.4817 5.40161 5.13916 5.03591 4.3163 6.52134 3.79077 3.77567 3.06698 3.02819 3.01436 3.18652 2.76995 2.72916 2.77518 2.88706 2.544 2.43634 2.42134 2.31459 2.29991 2.3198 2.29331 2.16402 2.14023 2.01667 2.00658 2.69793 1.98166
threshold=-0.40000000596046442 0.13750000298023227 3.0525947809219365 -11.340499877929686 0.29999999701976782 0.23499999940395358 3.7337081432342534 0.69464683532714855 -0.11160000041127204 0.37566666305065161 -0.66449999809265126 -0.25200000405311579 2.873000025749207 -3.0519999265670772 0.37500000000000006 1.3513000011444094 0.08000000007450582 0.71210584044456493 1.0000000180025095e-35 0.1983333304524422 -0.18999999761581418 0.43957042694091802 0.55966666340827953 -1.6259999871253965 0.7134000062942506 0.20833333581686023 0.5417500138282777 0.38750000298023229 -0.021111111156642434 2.0162500143051152
decision_type=2 2 2 2 2 2 2 2 2 2 2 2 2 2 2 2 2 2 2 2 2 2 2 2 2 2 2 2 2 2
left_child=1 2 4 -2 10 21 7 8 25 20 23 18 14 -3 15 16 -13 -15 -11 -12 -10 27 -23 -1 -18 -7 -9 29 -29 -5
right_child=3 13 -4 5 -6 6 -8 26 9 11 19 12 -14 17 -16 -17 24 -19 -20 -21 -22 22 -24 -25 -26 -27 -28 28 -30 -31
leaf_value=0.035225779908739333 0.24073091923693291 -0.080270995652515664 -0.066573407470765039 0.00020512081798634209 -0.084833835540695401 0.010255297517390519 -0.0085867145076420747 0.00088335020202207288 -0.023482924644910353 -0.0083297256048274464 0.00049072823537145741 -0.016321517747773108 0.080810463863702497 -0.030853276241690947 0.025472338551939522 -0.017790775255274015 0.019092491730921909 -0.086047737906661231 0.0026786837165270454 -0.03267051392889754 0.0011342081161529794 -0.015066294173109158 -0.063942250869185799 -0.032728318058192644 -0.0039784949651729086 0.031959937429063653 -0.015116693041104502 -0.0086027377139611914 0.00053829344063143706 -0.018799584658025711
leaf_weight=31 37 112 52 1340 46 95 99 30 26 26 114 20 40 306 88 29 140 38 53 30 188 64 22 96 24 145 30 81 79 56
leaf_count=31 37 112 52 1340 46 95 99 30 26 26 114 20 40 306 88 29 140 38 53 30 188 64 22 96 24 145 30 81 79 56
internal_value=-0.00118038 -0.00863636 -0.00237127 0.00108776 7.88644e-05 0.000831776 0.00336399 0.00465739 0.00549199 0.00347003 0.00267528 0.00595238 0.0079912 -0.0137061 0.00622924 0.00316901 0.00543478 -0.0114826 -0.0028481 0.00763889 -0.00140187 -0.000761267 -0.00872093 -0.00295276 0.00762195 0.0108333 -0.0075 -0.000321337 -0.005625 0.000286533
internal_weight=3537 825 369 2712 317 2675 1033 934 874 634 271 420 341 456 301 213 184 344 79 144 214 1642 86 127 164 240 60 1556 160 1396
internal_count=3537 825 369 2712 317 2675 1033 934 874 634 271 420 341 456 301 213 184 344 79 144 214 1642 86 127 164 240 60 1556 160 1396
is_linear=0
shrinkage=0.05


Tree=25
num_leaves=31
num_cat=0
split_feature=13 56 17 12 47 46 53 35 47 26 12 47 13 17 19 26 46 10 4 0 10 13 18 28 10 4 36 18 18 37
split_gain=18.8026 9.67101 7.31754 5.47197 4.94647 3.89903 3.6015 2.80265 3.13176 2.74514 2.80959 2.75311 2.39995 3.67554 3.02487 2.77159 4.19745 2.56073 2.7255 2.54987 3.08696 2.428 2.27986 2.26978 2.24796 2.76336 2.66772 2.40525 4.39982 2.56121
threshold=-0.33200000226497645 -0.2609999924898147 0.45833332836627966 0.49059270322322851 13.383387088775637 -0.0093333330005407316 -7.2849998474121085 -1.2612500190734861 1.6734137535095217 3.6094999313354497 0.043517706915736205 0.31408183276653295 -0.2357777804136276 0.37500000000000006 1.0000000180025095e-35 -0.28124999999999994 0.2295000031590462 -12.219148635864256 0.25999999791383749 0.38000001013278967 -9.0549283027648908 -0.14111111313104627 0.59145396947860729 0.52654999494552623 -9.6361823081970197 0.25999999791383749 0.049500001594424255 0.43447221815586096 0.48206734657287603 1.0337499976158144
decision_type=2 2 2 2 2 2 2 2 2 2 2 2 2 2 2 2 2 2 2 2 2 2 2 2 2 2 2 2 2 2
left_child=1 3 6 22 5 9 -3 8 -5 10 -2 -12 13 17 15 -14 19 -7 -19 20 23 -18 -1 -17 27 26 -26 -13 -29 -30
right_child=4 2 -4 7 -6 12 -8 -9 -10 -11 11 24 14 -15 -16 16 21 18 -20 -21 -22 -23 -24 -25 25 -27 -28 28 29 -31
leaf_value=0.004775904204127635 -0.0085454759014006766 -0.080187407604918257 -0.077016697243076415 0.0022313645980740538 0.22388107798561083 0.00052866044597990245 5.8293335102216699e-05 -0.0464055858549886 -0.07559524606417721 -0.0051232662304073334 -0.00018729202890265252 0.023370712184083365 0.010693697801318758 -0.047988843205507996 -0.0039941270852103137 -0.0012151534253858243 -0.044560656427470757 -0.022026865577855492 0.0015210602356147574 -0.0017056602703096717 0.02454089920325921 -0.0055190167114610375 -0.040284308269552399 0.0039977864920910889 0.019057026200872081 0.034457857170549847 0.0016616185466129885 -0.036333915854973711 0.0085038919846780747 -0.028582570547860356
leaf_weight=113 38 25 53 62 33 58 375 393 61 65 189 85 311 54 114 105 31 72 79 321 128 67 48 51 180 91 133 35 137 21
leaf_count=113 38 25 53 62 33 58 375 393 61 65 189 85 311 54 114 105 31 72 79 321 128 67 48 51 180 91 133 35 137 21
internal_value=-0.00127551 -0.00659292 -0.00093819 -0.0103767 0.00123019 0.000961945 0.001375 -0.0128876 -0.00630081 0.00338809 0.00409791 0.00467853 -0.00073688 -0.00503802 0.000265957 0.00113412 -0.000604552 -0.00203349 -0.00546358 0.000950413 0.00440141 -0.0102041 -0.00232919 -0.000320513 0.00615836 0.0085396 0.0063099 0.00269784 -0.000388601 0.00316456
internal_weight=3528 1130 453 677 2398 2365 400 516 123 974 909 871 1391 263 1128 1014 703 209 151 605 284 98 161 156 682 404 313 278 193 158
internal_count=3528 1130 453 677 2398 2365 400 516 123 974 909 871 1391 263 1128 1014 703 209 151 605 284 98 161 156 682 404 313 278 193 158
is_linear=0
shrinkage=0.05


Tree=26
num_leaves=31
num_cat=0
split_feature=13 14 47 18 47 16 56 14 10 37 14 18 37 22 8 0 11 18 20 0 53 47 14 18 46 12 0 14 13 2
split_gain=16.6759 11.451 5.02186 4.81172 4.44069 5.89199 4.01562 3.46253 5.59944 5.22541 3.10601 3.81923 3.09176 3.54083 3.04769 6.68787 4.7278 3.5 2.97104 2.88725 2.79049 2.54028 2.50899 2.48128 2.97716 2.40911 2.29926 2.2524 2.24055 3.03971
threshold=-0.33200000226497645 0.16250000149011615 13.383387088775637 0.71116051077842724 1.2262347936630251 0.38000001013278967 0.035000000149011619 0.029166667722165588 -9.0549283027648908 0.98610001802444469 0.32083332538604742 0.27918519079685217 -0.0186999998986721 -1.6095499992370603 1.0000000180025095e-35 0.4200000017881394 0.16354220360517505 0.76358386874198925 -1.064750015735626 0.62000000476837169 -0.047499999403953545 1.8881500959396365 0.41249999403953558 0.69134074449539196 0.19816666096448901 0.6739003360271455 0.34000000357627874 0.28749999403953558 -0.063111113384366022 0.34999999403953558
decision_type=2 2 2 2 2 2 2 2 2 2 2 2 2 2 2 2 2 2 2 2 2 2 2 2 2 2 2 2 2 2
left_child=1 4 7 6 5 20 18 14 9 22 11 25 13 -12 15 -2 -16 -17 21 -6 -1 27 -9 24 28 -10 -13 -3 29 -11
right_child=2 3 -4 -5 19 -7 -8 8 10 23 12 26 -14 -15 16 17 -18 -19 -20 -21 -22 -23 -24 -25 -26 -27 -28 -29 -30 -31
leaf_value=-0.0067433778011914691 0.034698747686485634 0.0052615811468739006 0.21268702408633031 -0.089300961438429444 0.003317701883741456 -0.12953947505762012 -0.0036376010774943346 0.0013812752557714842 0.014043465584790771 -0.015368717617336325 0.021819353139578612 0.039291281272792238 0.019049818527283203 -0.0093611635791151001 -0.013832472821809071 -0.017710436854264006 0.3010694172379389 0.020272055864183937 -0.037892683866081071 -0.047002684897027247 0.00043104672988552006 -0.054811445339423996 -0.0044663817062835752 -0.040439762980718857 -0.036948513360993321 -0.018879993604922832 0.020855006182038345 -0.028487679454338933 0.0039870336434212313 0.00074644150248369542
leaf_weight=118 53 41 33 81 58 22 113 1250 31 52 25 136 90 62 135 112 21 32 264 152 206 35 76 25 63 20 46 40 62 74
leaf_count=118 53 41 33 81 58 22 113 1250 31 52 25 136 90 62 135 112 21 32 264 152 206 35 76 25 63 20 46 40 62 74
internal_value=-0.00127551 -0.00628319 0.00108424 -0.0112369 -0.00116906 0.00231214 -0.00938134 0.000813953 0.00161531 0.000280899 0.00682927 0.0106223 0.00183616 -0.00488506 -0.00375354 0.000380711 -0.00897436 -0.00520833 -0.0118421 -0.00690476 0.00401235 -0.00517241 0.00158371 -0.00597826 -0.00448207 -0.00147059 0.014011 -0.000308642 -0.00132979 -0.00515873
internal_weight=3528 1130 2398 574 556 346 493 2365 2012 1602 410 233 177 87 353 197 156 144 380 210 324 116 1326 276 251 51 182 81 188 126
internal_count=3528 1130 2398 574 556 346 493 2365 2012 1602 410 233 177 87 353 197 156 144 380 210 324 116 1326 276 251 51 182 81 188 126
is_linear=0
shrinkage=0.05


Tree=27
num_leaves=31
num_cat=0
split_feature=44 18 13 47 47 16 51 8 47 16 13 21 47 9 14 18 36 16 16 16 49 14 5 37 13 1 3 14 9 53
split_gain=20.1196 9.11916 6.76743 6.1308 5.63328 4.97443 4.01488 4.71352 5.01526 3.98731 3.57576 3.06559 4.40373 3.75274 3.18434 2.99273 3.03805 2.68652 5.1537 4.35313 2.96541 2.70494 2.67123 2.61353 2.6052 2.57146 2.4482 2.44414 2.79411 2.73108
threshold=-12.499999999999998 0.69464683532714855 -0.14733333140611646 0.75237819552421581 13.383387088775637 0.34000000357627874 0.53700000047683727 0.10000000521540643 3.4738855361938481 0.25999999791383749 -0.006000000284984707 -0.049200000241398804 0.71874603629112255 1.4006283879280093 0.079166669398546233 0.36384847760200506 0.25505000352859503 0.85999998450279247 0.4200000017881394 0.97999998927116405 1.0000000180025095e-35 0.029166667722165588 0.27500000596046453 0.93985000252723705 -0.14111111313104627 0.47499999403953558 0.12671032547950747 0.20416666567325595 0.080115728080272688 0.35799999535083776
decision_type=2 2 2 2 2 2 2 2 2 2 2 2 2 2 2 2 2 2 2 2 2 2 2 2 2 2 2 2 2 2
left_child=3 4 5 27 6 -3 11 -8 10 -5 15 17 13 -13 -14 16 -9 18 20 -19 21 -2 -12 26 -25 -21 -17 29 -29 -1
right_child=1 2 -4 9 -6 -7 7 8 -10 -11 22 12 14 -15 -16 23 -18 19 -20 25 -22 -23 -24 24 -26 -27 -28 28 -30 -31
leaf_value=-1.5288925950972899e-05 -0.012214557490511497 -0.0038493569980120935 -0.00011500026736691732 -0.027725421488662319 0.20830267288201379 -0.080174050296238225 -0.009561667316586607 0.0052377044824054812 -0.0041468257118937443 -0.054580690275466463 -0.00035880392126139138 3.3826331852829861e-05 0.0055134143278008588 -0.0086894411983966992 -0.027442326693532582 -0.0011357474316468664 -0.017343773657762969 0.040410755782563423 -0.008089082494255221 -0.01221088104224554 -0.0034168250383086979 0.010533936910382603 0.058732666381281932 -0.01049364295634333 0.079976651261706388 0.0031890068462872138 0.021163337479093023 0.0028566824949683191 -0.028341292721879054 0.020678493193644499
leaf_weight=145 27 42 118 144 29 88 52 106 94 246 21 711 43 29 145 46 68 82 102 21 204 344 87 68 26 64 258 23 72 23
leaf_count=145 27 42 118 144 29 88 52 106 94 246 21 711 43 29 145 46 68 82 102 21 204 344 87 68 26 64 258 23 72 23
internal_value=-0.00130385 0.000495652 -0.00866935 -0.00922665 0.00136087 -0.0165385 0.00111624 0.00399516 0.00497416 -0.0132051 0.00647059 -0.000225734 -0.00220905 -0.000472973 -0.00904255 0.0048951 -0.000574713 0.00195498 0.000553914 0.00763473 0.0023913 0.00505391 0.0148148 0.00728643 0 -0.000294118 0.00953947 -0.003327 -0.00973684 0.000297619
internal_weight=3528 2875 248 653 2627 130 2598 826 774 390 680 1772 928 740 188 572 174 844 677 167 575 371 108 398 94 85 304 263 95 168
internal_count=3528 2875 248 653 2627 130 2598 826 774 390 680 1772 928 740 188 572 174 844 677 167 575 371 108 398 94 85 304 263 95 168
is_linear=0
shrinkage=0.05


Tree=28
num_leaves=31
num_cat=0
split_feature=13 16 13 20 10 16 14 27 10 0 14 28 18 18 45 47 13 26 45 16 16 36 21 51 18 13 47 10 37 56
split_gain=18.4889 6.10033 9.9397 5.04081 5.32034 4.75179 4.40784 3.80016 3.68789 4.62765 3.55101 3.99764 3.93907 5.38604 3.129 3.12288 3.01478 2.90926 2.7937 2.71101 8.0247 2.76722 2.7377 3.00285 2.68803 2.82494 2.57242 2.34218 2.31874 3.37718
threshold=-0.54000002145767201 1.1800000071525576 -0.14733333140611646 -15.930999755859373 -9.3615336418151838 0.25999999791383749 0.029166667722165588 -0.086749996989965425 -8.4210262298583967 0.4200000017881394 0.32083332538604742 1.0000000180025095e-35 0.37407778203487402 0.52762961387634288 0.62133333086967479 1.6106861829757693 -0.1858333349227905 -0.48224999010562891 0.23558333516120913 0.85999998450279247 0.4200000017881394 -0.26899999380111689 -0.064200002700090394 -5.6860001087188712 0.52556851506233226 -0.71177777647972096 0.73550978302955639 -1.0000000180025095e-35 0.76414999365806591 0.67749997973442089
decision_type=2 2 2 2 2 2 2 2 2 2 2 2 2 2 2 2 2 2 2 2 2 2 2 2 2 2 2 2 2 2
left_child=5 3 -3 -2 19 18 8 -4 -6 27 12 17 15 -14 -15 -8 -13 -12 -1 20 28 -22 23 -21 25 -7 -24 -10 29 -5
right_child=1 2 7 4 6 24 10 -9 9 -11 11 16 13 14 -16 -17 -18 -19 -20 22 21 -23 26 -25 -26 -27 -28 -29 -30 -31
leaf_value=-0.00037778732699468234 0.22323470658296279 -0.072453329741474018 -0.014494025012869345 -0.00025457307583149681 -0.02161454722132752 -0.049894248260488008 -0.0058487483760365951 0.00405497467625334 -0.0018906723452839322 -0.0092603826813267738 0.00010040806949452724 -0.0085540083909406879 0.030895622581821311 -0.0033413165950737359 0.047298765332764753 0.11082781962593602 0.017466534414296287 -0.008652157276856802 -0.20730290073049931 -0.013784035412797541 -0.048018806523478452 -0.010901107200388338 0.0060833079296765437 0.013148473392948541 -0.08028548189232565 -0.0060172881239401238 -0.025312147935034758 0.032962118985568716 -0.0063747967388151838 0.0111731406365952
leaf_weight=165 25 70 22 998 61 49 102 90 25 80 106 36 281 95 36 31 102 63 24 25 56 107 47 106 135 66 37 53 306 129
leaf_count=165 25 70 22 998 61 49 102 90 25 80 106 36 281 95 36 31 102 63 24 25 56 107 47 106 135 66 37 53 306 129
internal_value=-0.00127551 8.90256e-05 -0.00879121 0.000644995 0.000451076 -0.010877 0.00324463 0.000446429 -0.00308219 0.000949367 0.00487089 0.000570033 0.00729358 0.00970874 0.00133588 -0.00018797 0.00688406 -0.0045858 -0.00489418 -0.00120099 -0.00191103 -0.0124233 0.00406977 0.00858779 -0.0154 -0.00978261 -0.00297619 0.00961538 -0.000715283 0.000332742
internal_weight=3528 3089 182 2907 2882 439 1071 112 219 158 852 307 545 412 131 133 138 169 189 1811 1596 163 215 131 250 115 84 78 1433 1127
internal_count=3528 3089 182 2907 2882 439 1071 112 219 158 852 307 545 412 131 133 138 169 189 1811 1596 163 215 131 250 115 84 78 1433 1127
is_linear=0
shrinkage=0.05


Tree=29
num_leaves=31
num_cat=0
split_feature=0 18 47 47 8 9 53 51 8 45 17 27 0 12 9 27 36 21 47 9 8 12 18 18 37 12 9 8 22 28
split_gain=10.7902 7.29014 5.2315 4.38403 4.03226 4.00362 3.78596 3.57627 3.75641 3.32353 3.14705 3.13808 2.90114 3.14059 2.73817 2.67355 2.65234 2.57723 2.97971 3.42997 2.75722 2.54624 2.71615 2.43478 2.78761 2.48827 2.37168 3.42925 2.3704 2.38908
threshold=0.62000000476837169 0.69464683532714855 13.383387088775637 1.3497288823127749 1.5000000000000002 0.11450986936688425 -1.2515000104904173 0.55099999904632579 0.10000000521540643 -0.77099999785423268 0.62500000000000011 -0.92120000720024098 0.099999997764825835 0.2955061942338944 0.28517036139965063 1.0350999832153323 0.030349999666213993 -0.1068500019609928 0.74557417631149303 1.1378814578056338 1.8999999761581423 4.8139317035675058 0.60981348156929027 0.35233333706855779 -0.38124999403953547 3.8450137376785283 0.43975645303726202 1.0000000180025095e-35 -0.33590000867843622 0.28049999475479132
decision_type=2 2 2 2 2 2 2 2 2 2 2 2 2 2 2 2 2 2 2 2 2 2 2 2 2 2 2 2 2 2
left_child=1 2 7 4 6 -3 9 12 -9 -2 -7 -5 -1 26 -8 16 -10 21 19 20 -19 22 -15 24 -18 -26 27 -14 -23 -30
right_child=3 5 -4 11 -6 10 14 8 15 -11 -12 -13 13 17 -16 -17 23 18 -20 -21 -22 28 -24 -25 25 -27 -28 -29 29 -31
leaf_value=-0.0046748140853451374 0.030966584781063008 0.0060948389014562343 0.19422583251899447 -0.004505025962458763 -0.066725815147709755 -0.001463480782185657 0.00093664312165901709 -0.017428181576700195 0.013476230279342827 -0.039267844940068714 -0.043017207176594643 -0.042595007212968723 0.045001320744505136 0.00049481808319395157 -0.0073757317876900659 -0.0016785685542563976 -0.021848542658832605 7.3833481536922379e-05 -0.026539780443152684 -0.0040418214729149573 -0.008726965345465609 0.02484407198357037 -0.027165785144023288 0.013055453089092629 -0.0070421461427272961 0.030818393168856872 -0.0021217957660934444 5.1024381609922486e-05 -0.0092173551106980566 0.0032022191461825063
leaf_weight=122 22 21 27 85 20 42 161 40 272 130 100 286 42 450 245 93 29 443 110 41 24 57 35 288 60 37 58 105 33 50
leaf_count=122 22 21 27 85 20 42 161 40 272 130 100 286 42 450 245 93 29 443 110 41 24 57 35 288 60 37 58 105 33 50
internal_value=-0.00110544 0.000571927 0.00126242 -0.00566386 -0.00294118 -0.00966258 -0.00215054 0.00101507 0.00369353 -0.00888158 -0.0126761 -0.00990566 -0.000382166 0.000241713 0.000369458 0.00446085 0.00553936 -0.000703942 -0.00299353 -0.00137795 -0.0001606 0.00156 -0.000154639 0.00301932 -0.00277778 0.00128866 0.00597561 0.00935374 0.0075 0.00210843
internal_weight=3528 2579 2416 949 578 163 558 2389 819 152 142 371 1570 1448 406 779 686 1243 618 508 467 625 485 414 126 97 205 147 140 83
internal_count=3528 2579 2416 949 578 163 558 2389 819 152 142 371 1570 1448 406 779 686 1243 618 508 467 625 485 414 126 97 205 147 140 83
is_linear=0
shrinkage=0.05


Tree=30
num_leaves=31
num_cat=0
split_feature=13 13 16 2 44 16 16 13 2 47 10 16 0 44 8 13 9 10 12 20 11 0 12 44 18 47 18 44 18 16
split_gain=21.4378 6.18421 7.2632 6.40033 6.16644 5.76362 5.3488 5.24751 4.86873 4.73145 4.48929 4.39507 4.3612 6.17081 4.37595 4.97005 3.92859 3.80623 3.55778 3.39167 3.65598 3.3104 3.6139 3.74651 3.27505 3.20676 2.82783 2.82387 2.74871 2.5974
threshold=-0.50733333826065052 -0.018000000156462189 1.1800000071525576 0.18666666746139529 -3.4999999999999996 0.25999999791383749 0.21999999880790713 -0.14733333140611646 0.43199999630451208 0.48402069509029394 -9.0837049484252912 0.34000000357627874 0.4200000017881394 -6.4999999999999991 0.76666668057441723 -0.1268571466207504 0.079303145408630385 -10.293275833129881 0.16454618424177173 2.125250101089478 0.025669536553323272 0.53999999165534984 0.49549317359924322 -11.499999999999998 0.69464683532714855 0.46601504087448126 0.49489241838455206 5.5000000000000009 0.52134984731674205 0.97999998927116405
decision_type=2 2 2 2 2 2 2 2 2 2 2 2 2 2 2 2 2 2 2 2 2 2 2 2 2 2 2 2 2 2
left_child=5 2 3 16 12 18 9 -4 29 -3 28 -10 19 14 -14 21 -2 -18 -1 20 -5 -16 -23 -24 -7 -25 -27 -13 -6 -8
right_child=1 6 7 4 10 24 8 -9 11 -11 -12 27 13 -15 15 -17 17 -19 -20 -21 -22 22 23 25 -26 26 -28 -29 -30 -31
leaf_value=4.8473162529426361e-05 -0.00082836391667400052 -0.0033461283374734544 -0.067123387134234713 -0.00034629838688178538 -0.00011221387107279121 -0.037441056337950078 0.037163272048916333 -0.0016740595106642957 -0.0092475971410136519 0.015438766804747229 0.030215009021854301 0.0026947610913762247 0.0012646141399559165 0.013323520584725419 -0.027880090056043062 0.049056167765505872 0.00082102406096678973 -0.014631320109409127 -0.020233066323327688 -0.044703339547867364 -0.019274366678471225 0.014922413158628323 -0.021121143380287557 0.011622166571084683 -0.11248401323644255 0.00608623583930391 -0.02951180693066692 0.2559148000618976 0.014780431129275249 -0.0014390599407974533
leaf_weight=28 262 49 59 266 220 225 308 48 98 28 157 102 446 122 112 24 36 128 157 40 64 39 115 62 66 48 75 23 67 44
leaf_count=28 262 49 59 266 220 225 308 48 98 28 157 102 446 122 112 24 36 128 157 40 64 39 115 62 66 48 75 23 67 44
internal_value=-0.000952246 0.000591716 -0.000585774 1.09505e-05 0.00127894 -0.0108193 0.00490798 -0.0133178 0.00656522 -0.00746753 0.00641892 0.000784753 -0.000336164 0.00131831 -8.14332e-05 -0.00342105 -0.00551643 -0.0115854 -0.00391892 -0.005 -0.00333333 -0.00460089 -0.00213864 -0.004 -0.0152062 0.000405405 -0.00426829 0.007 0.00270035 0.0102273
internal_weight=3518 3042 2390 2283 1857 476 652 107 575 77 444 223 1413 1043 921 475 426 164 185 370 330 451 339 300 291 185 123 125 287 352
internal_count=3518 3042 2390 2283 1857 476 652 107 575 77 444 223 1413 1043 921 475 426 164 185 370 330 451 339 300 291 185 123 125 287 352
is_linear=0
shrinkage=0.05


Tree=31
num_leaves=31
num_cat=0
split_feature=13 16 8 27 47 13 28 26 35 18 13 2 18 46 20 26 45 2 16 51 56 8 16 17 27 9 51 20 27 18
split_gain=15.9906 10.3573 9.31461 5.29247 4.35598 4.16225 3.71479 3.33539 4.82074 3.03636 3.02585 3.21219 3.14746 3.10909 2.85523 2.77087 2.70581 2.58932 3.14418 3.20811 2.62936 3.21024 2.59714 2.44984 3.01841 2.423 2.87647 2.7098 2.39407 2.37576
threshold=-0.37600000202655787 1.1800000071525576 0.36666667461395269 -0.027449999935925003 14.299157142639162 -0.68200001120567311 2.0149499177932744 0.14775000512599948 -0.19274999946355817 0.41972221434116369 -0.14111111313104627 0.43199999630451208 0.59145396947860729 -0.082833334803581224 0.25699999928474432 2.186249971389771 0.67100000381469738 0.58933332562446605 0.62000000476837169 -1.3705000281333921 0.22150000184774402 0.76666668057441723 0.29999999701976782 0.20833333581686023 0.1244500018656254 0.05560507811605931 -0.46850000321865076 -0.6392499804496764 0.0054500000551342973 0.49692437052726751
decision_type=2 2 2 2 2 2 2 2 2 2 2 2 2 2 2 2 2 2 2 2 2 2 2 2 2 2 2 2 2 2
left_child=1 2 3 -1 6 15 7 9 -9 23 11 13 -13 -10 25 -4 28 22 19 -19 21 -21 -7 -2 -25 -11 27 -27 -12 -20
right_child=4 -3 5 -5 -6 17 -8 8 10 14 16 12 -14 -15 -16 -17 -18 18 29 20 -22 -23 -24 24 -26 26 -28 -29 -30 -31
leaf_value=-0.040106507130551985 -0.0066357774770967924 -0.10934936424535698 -0.051632121949166478 0.00096918604677974352 0.20671497850788911 -0.0098754717651145865 -0.0063323237527791072 0.028617285032730318 0.0073979541549644232 -0.002971954503174102 0.022596202956762967 0.0054781073389386058 -0.017177594577604979 -0.022100281081058992 0.019455215489503616 0.0072810856829330032 0.051522538012007492 -0.029905177793403348 -0.0031391182074941184 0.0056851372833836011 0.0091640240998932393 -0.021599739882222725 -0.063381363363820484 0.00010997044412717512 -0.0056394627178882554 0.0021321423617382436 0.0023166059199231678 -0.012674675632983207 -0.0011476485376465313 0.043062430993229588
leaf_weight=69 78 70 144 151 23 89 205 127 43 56 86 112 40 73 68 20 103 129 33 35 48 51 56 392 103 351 450 142 149 22
leaf_count=69 78 70 144 151 23 89 205 127 43 56 86 112 40 73 68 20 103 129 33 35 48 51 56 392 103 351 450 142 149 22
internal_value=-0.000838545 -0.00651581 -0.00498819 0.00386364 0.00116301 -0.0080941 0.000969744 0.0015276 0.00433151 0.00027439 0.00247525 -0.00149254 0.00328947 -0.00775862 0.00185098 -0.014939 0.0056213 -0.00566955 -0.00314465 -0.00541825 0 -0.00523256 -0.0112069 -0.00266143 -0.00136364 0.00117618 0.00177625 -0.000862069 0.00265957 0.00772727
internal_weight=3518 917 847 220 2601 627 2578 2373 733 1640 606 268 152 116 1067 164 338 463 318 263 134 86 145 573 495 999 943 493 235 55
internal_count=3518 917 847 220 2601 627 2578 2373 733 1640 606 268 152 116 1067 164 338 463 318 263 134 86 145 573 495 999 943 493 235 55
is_linear=0
shrinkage=0.05


Tree=32
num_leaves=31
num_cat=0
split_feature=13 13 10 14 14 44 56 26 28 51 14 47 0 26 17 14 14 13 14 14 2 10 13 2 2 10 8 4 53 14
split_gain=15.7877 5.12005 5.10546 4.77534 4.69209 4.31318 4.7447 3.83567 3.50457 3.43992 3.3349 3.52873 3.23314 3.2032 3.01581 2.91255 2.88617 2.7791 3.85975 3.13584 4.6795 3.42403 3.2832 6.49038 5.84541 3.26975 2.71926 2.6875 2.4622 2.98069
threshold=-0.50733333826065052 -0.018000000156462189 -14.415544986724852 0.27916666865348821 0.12916667014360431 83.500000000000014 -0.32150000333786005 3.4544999599456792 -1.9902999997138975 0.53700000047683727 0.020833333954215053 0.50638434290885936 0.65999999642372142 2.2789999246597294 0.20833333581686023 0.062500001862645163 0.41249999403953558 -0.35400000214576716 0.29583333432674414 0.38750000298023229 0.18666666746139529 -9.2501697540283185 -0.14111111313104627 0.43199999630451208 0.5000000149011613 -8.9912037849426252 1.4333333373069765 0.099999997764825835 -1.4050000309944151 0.062500001862645163
decision_type=2 2 2 2 2 2 2 2 2 2 2 2 2 2 2 2 2 2 2 2 2 2 2 2 2 2 2 2 2 2
left_child=2 3 12 7 10 6 -6 9 -5 27 14 -12 -1 -4 -3 -13 -8 26 -19 20 25 -21 23 -22 -24 -20 -10 -2 -29 -30
right_child=1 4 13 8 5 -7 16 -9 17 -11 11 15 -14 -15 -16 -17 -18 18 19 21 22 -23 24 -25 -26 -27 -28 28 29 -31
leaf_value=-2.4097979360321355e-06 -0.0017448888197069891 -0.0036224593169543028 -0.048368195423569953 0.012594094409076641 -0.0013645522949992551 0.23319781249423738 0.028874617390951918 -0.014602014697979702 -0.00935705136545395 0.0085026218601960812 -0.0039197137399388611 -0.0054086135128277278 0.00092338020208408255 0.00691703139878635 0.021218613961222481 0.11553216129776667 -0.0030903613359820584 -0.020995267027006045 -0.0013167025112010623 -0.020126463170967963 -0.010877390543435587 0.0001400746851775569 0.064678994138544652 0.0097150673477810062 -0.025482412631387133 -0.015006074531878862 -0.038730273217429875 -0.011198783774566467 -0.00073399396244531632 0.0020604200225398531
leaf_weight=22 212 44 368 52 151 38 193 105 65 405 43 22 40 46 114 20 27 79 57 68 96 57 72 104 20 33 64 279 181 441
leaf_count=22 212 44 368 52 151 38 193 105 65 405 43 22 40 46 114 20 27 79 57 68 96 57 72 104 20 33 64 279 181 441
internal_value=-0.000881182 0.000443787 -0.00934874 -0.000627615 0.00437117 0.00764059 0.0059973 0.000908811 -0.00387875 0.00154809 -0.00113169 -0.00911765 0.00403226 -0.0113527 0.00316456 0.00119048 0.0106818 -0.00479021 -0.00332765 -0.00172584 0.00052356 -0.0086 0.00359589 0 0.011413 -0.00944444 -0.0114341 0.000112309 0.00130411 0.00305466
internal_weight=3518 3042 476 2390 652 409 371 1623 767 1518 243 85 62 414 158 42 220 715 586 507 382 125 292 200 92 90 129 1113 901 622
internal_count=3518 3042 476 2390 652 409 371 1623 767 1518 243 85 62 414 158 42 220 715 586 507 382 125 292 200 92 90 129 1113 901 622
is_linear=0
shrinkage=0.05


Tree=33
num_leaves=31
num_cat=0
split_feature=13 11 26 10 18 10 18 35 26 44 26 3 12 11 14 14 18 13 51 28 44 0 44 11 37 12 12 13 13 13
split_gain=15.3666 7.09661 4.56448 4.5915 4.46487 3.53586 3.33803 3.31905 2.9253 3.51824 2.7532 2.66387 2.64702 2.75633 2.62416 2.57264 3.21626 3.48271 3.70031 2.56292 2.8927 2.46289 4.31708 2.75169 2.59166 2.45793 2.26923 2.19176 2.17517 3.09934
threshold=-0.50733333826065052 -0.50836786627769459 -11.340499877929686 -9.6084451675415021 0.72674912214279186 -10.630514144897459 0.71210584044456493 -1.8729999661445615 0.14775000512599948 -1.4999999999999998 0.97174999117851268 0.30728219449520117 3.902423739433289 0.16354220360517505 0.062500001862645163 0.39583334326744085 0.67537221312522899 -0.39000000059604639 -0.35199999809265131 -0.28059999644756312 -8.4999999999999982 0.4200000017881394 -3.4999999999999996 0.417929157614708 -0.2405000030994415 0.40231706202030187 2.8107068538665776 -0.72200000286102284 -0.006000000284984707 0.10800000280141832
decision_type=2 2 2 2 2 2 2 2 2 2 2 2 2 2 2 2 2 2 2 2 2 2 2 2 2 2 2 2 2 2
left_child=1 5 -2 4 12 -1 7 -3 11 10 25 28 13 -4 -14 16 17 18 -16 -13 -21 22 -19 -24 -23 -10 -15 -9 -5 -30
right_child=2 6 3 8 -6 -7 -8 27 9 -11 -12 19 14 26 15 -17 -18 21 -20 20 -22 24 23 -25 -26 -27 -28 -29 29 -31
leaf_value=0.0013297908143815481 0.16066073774049264 0.027922334808607854 -0.0033322588150559024 -0.0022805213821998241 -0.05517518745008692 -0.060102824368024034 -0.10235070698753641 -0.04722495308122792 0.030331219995510684 0.026606099497128766 -0.0053623735957405178 0.025467779621236239 -0.001266628631376188 0.0053171719066074661 -0.031243809153238856 -0.021393984919778411 0.020801071907533077 -0.019512347403514888 0.0017845562744176384 -0.019214113274679909 0.007014076528772728 0.023165186807786751 3.7796161543317326e-05 0.042041767304535113 0.0014764536498857235 0.0025825035687313813 -0.0062991588864662138 -0.020818322817080917 0.0090051820627275545 -0.0027143920065497312
leaf_weight=29 39 35 717 605 39 20 59 150 55 189 166 66 66 73 52 23 24 45 30 21 102 78 102 25 159 145 43 183 156 22
leaf_count=29 39 35 717 605 39 20 59 150 55 189 166 66 66 73 52 23 24 45 30 21 102 78 102 25 159 145 43 183 156 22
internal_value=-0.000994883 -0.00934874 0.000312295 9.15751e-05 -0.00189702 0.00867347 -0.0114169 -0.00964674 0.00201375 0.00490991 0.00204918 0.000360082 -0.00144398 -0.00327131 0.00107616 0.00223048 0.00296117 0.00208758 -0.00731707 0.00568783 0.00142276 0.00397311 -0.000581395 0.00413386 0.00727848 0.006 0.00387931 -0.0111862 -0.000925926 0.00393258
internal_weight=3518 476 3042 3003 1476 49 427 368 1527 555 366 972 1437 833 604 538 515 491 82 189 123 409 172 127 237 200 116 333 783 178
internal_count=3518 476 3042 3003 1476 49 427 368 1527 555 366 972 1437 833 604 538 515 491 82 189 123 409 172 127 237 200 116 333 783 178
is_linear=0
shrinkage=0.05


Tree=34
num_leaves=31
num_cat=0
split_feature=13 10 47 18 14 13 9 13 4 13 9 14 9 44 46 16 28 45 14 13 45 14 10 45 56 51 36 11 5 11
split_gain=11.8009 11.6403 4.67134 4.63599 4.18283 4.29883 3.0376 8.9333 8.98553 11.2891 4.98008 4.93637 4.00498 3.38615 4.52999 3.13288 3.1198 2.96008 2.63047 2.55079 2.77139 2.54148 2.47899 2.33456 3.06609 2.57773 2.32789 2.27273 2.23879 4.78344
threshold=-0.50733333826065052 -14.557687282562254 14.299157142639162 0.69464683532714855 0.38750000298023229 -0.14449999481439588 0.28923450410366064 -0.018000000156462189 0.059999998658895499 -0.14111111313104627 0.077239841222763075 0.17916666716337207 0.24177820235490802 -8.4999999999999982 -0.084166664630174623 0.62000000476837169 0.078150000423192992 -0.56783333420753468 0.054166667163372047 -0.72200000286102284 0.23558333516120913 0.13750000298023227 -9.1332664489746076 1.0699166655540469 1.0000000180025095e-35 -0.31749999523162836 0.23929999768733981 0.055071389302611358 0.42499999701976782 0.013186466414481403
decision_type=2 2 2 2 2 2 2 2 2 2 2 2 2 2 2 2 2 2 2 2 2 2 2 2 2 2 2 2 2 2
left_child=1 18 4 19 6 -6 7 8 10 11 -2 28 13 15 17 -13 22 -15 -1 -3 21 -21 27 24 -8 -26 -7 -9 -10 -30
right_child=2 3 -4 -5 5 26 23 16 9 -11 -12 12 -14 14 -16 -17 -18 -19 -20 20 -22 -23 -24 -25 25 -27 -28 -29 29 -31
leaf_value=0.0012668626061814198 -0.00067555799474163121 -0.047841191036059522 0.1776163179413966 -0.093915600205610308 -0.03986162508700275 -0.0035520149514477631 -0.0010389911019215725 -0.0074774407075292593 0.0046300059974863916 0.042742743174071604 -0.014253011764491359 -0.024812305402064402 0.0056740690508166134 -0.0074710962542916953 -0.011601803826017019 0.0017944865255558606 0.048104432480932359 0.01495573119388109 0.00080456398969436206 0.018684664870018203 -0.033533002485537505 -0.012821931076609672 0.037739094906322337 -0.012712795818242167 0.050574072458680952 0.0027095363711109547 0.0053787766766325157 0.035496354678940245 -0.0061536567646402057 0.022946978458444952
leaf_weight=33 248 150 23 80 57 169 697 22 383 222 110 117 101 20 149 33 84 51 27 52 46 88 50 96 23 169 35 22 105 56
leaf_count=33 248 150 23 80 57 169 697 22 383 222 110 117 101 20 149 33 84 51 27 52 46 88 50 96 23 169 35 22 105 56
internal_value=-0.000767482 -0.00808824 0.000378041 -0.0110577 0.000207022 -0.00584291 0.00077955 0.00201636 0.000830721 0.00284964 -0.00614525 0.000615764 -0.00313163 -0.00554054 -0.00159091 -0.0113333 0.0126404 0.00880282 0.0125 -0.00848214 -0.00456989 -0.00107143 0.00638298 -0.0014467 -0.000646794 0.00494792 -0.00245098 -0.00227273 0.00386029 -0.00108696
internal_weight=3518 476 3042 416 3019 261 2758 1773 1595 1237 358 1015 471 370 220 150 178 71 60 336 186 140 94 985 889 192 204 44 544 161
internal_count=3518 476 3042 416 3019 261 2758 1773 1595 1237 358 1015 471 370 220 150 178 71 60 336 186 140 94 985 889 192 204 44 544 161
is_linear=0
shrinkage=0.05


Tree=35
num_leaves=31
num_cat=0
split_feature=13 16 26 8 13 18 16 16 14 18 10 0 11 47 13 4 14 44 12 9 3 12 44 44 13 12 4 46 47 18
split_gain=11.8126 10.7495 5.74506 5.22037 4.80803 3.90188 3.6225 4.22927 2.87927 4.75761 3.44379 5.42156 4.14417 3.6581 3.00889 4.49216 4.38099 4.14591 4.05363 3.92 3.08333 2.77473 6.3583 3.11134 2.64053 2.33917 2.28951 2.21645 2.70175 2.158
threshold=-0.37600000202655787 1.1800000071525576 -11.340499877929686 0.43333333730697637 -0.72200000286102284 0.64390477538108837 0.62000000476837169 0.38000001013278967 0.054166667163372047 0.70703703165054332 -9.3615336418151838 0.38000001013278967 0.417929157614708 0.19828520715236667 -0.014666667208075522 0.059999998658895499 0.39583334326744085 -3.4999999999999996 1.9220267534255984 0.07451020181179048 0.31211639940738684 4.9464702606201181 -1.4999999999999998 -11.499999999999998 -0.16200000047683713 2.7633752822875981 0.25999999791383749 0.11683333292603494 2.970929861068726 0.50834298133850109
decision_type=2 2 2 2 2 2 2 2 2 2 2 2 2 2 2 2 2 2 2 2 2 2 2 2 2 2 2 2 2 2
left_child=1 3 -2 5 -5 27 7 -6 -4 10 11 12 13 24 15 19 -16 18 20 -12 26 23 -23 25 -10 -13 -17 28 -1 -8
right_child=2 -3 8 4 6 -7 29 -9 9 -11 14 21 -14 -15 16 17 -18 -19 -20 -21 -22 22 -24 -25 -26 -27 -28 -29 -30 -31
leaf_value=0.00190011139106182 0.15577618556504325 -0.089562040369007709 -0.0010835069687554074 -0.053682804118508856 -0.0097845187803854879 0.0036754159822366614 0.00036388240293969701 -0.041243203334042834 0.0012540589171033461 -0.012569707694288366 0.0023824143880087131 0.0030145019254652254 0.026161220959488831 -0.0091401663677363378 0.047359576362177434 -0.0043383671789841097 -0.0025846687357255825 0.03315355829924136 -0.0087660142616108171 -0.0090163454729502816 0.03039788171024654 0.013536178234531149 -0.010322284800717412 0.0033515542055398725 -0.0004305200893607305 -0.028183336089031799 0.016697956031696212 -0.016679017186651712 -0.24503473192261344 0.035919021304894355
leaf_weight=133 36 71 469 111 304 21 49 101 41 103 150 20 34 336 98 59 30 162 80 75 37 166 23 534 87 43 52 77 21 20
leaf_count=133 36 71 469 111 304 21 49 101 41 103 150 20 34 336 98 59 30 162 80 75 37 166 23 534 87 43 52 77 21 20
internal_value=-0.000698561 -0.00561674 0.000996205 -0.00403226 -0.00662393 0.00198413 -0.00443038 -0.00623457 0.000721431 0.00150235 0.00203503 0.00046729 -0.00361446 -0.00484914 0.00474428 0.00329268 0.0117188 0.00653846 0.00219298 -0.00233333 0.00709459 0.00305344 0.00833333 0.00138191 0.00234375 -0.00912698 0.00292793 0.000108225 0.00357143 0.00615942
internal_weight=3543 908 2635 837 585 252 474 405 2599 2130 2027 1284 498 464 743 615 128 390 228 225 148 786 189 597 128 63 111 231 154 69
internal_count=3543 908 2635 837 585 252 474 405 2599 2130 2027 1284 498 464 743 615 128 390 228 225 148 786 189 597 128 63 111 231 154 69
is_linear=0
shrinkage=0.05


Tree=36
num_leaves=31
num_cat=0
split_feature=13 18 26 51 20 46 15 20 18 4 10 35 12 9 13 11 10 44 21 56 27 51 53 10 18 53 9 4 44 18
split_gain=9.97472 9.13214 5.68556 4.61347 4.18163 3.38958 3.34496 2.93484 2.87803 2.81146 2.95718 2.82368 3.21085 2.79455 2.7216 2.90639 2.99121 2.71343 2.97349 2.49231 2.35805 2.34116 2.25563 2.39808 3.44331 2.4588 2.25231 2.23346 2.15386 2.07848
threshold=-0.33200000226497645 0.71305307745933544 -11.340499877929686 -1.2574999928474424 -1.1522499918937681 -0.025166667066514489 0.16666667163372043 -1.0000000180025095e-35 0.52556851506233226 0.099999997764825835 -9.7126040458679181 0.5052500069141389 4.8139317035675058 0.13791034370660785 0.021999999880790714 0.16354220360517505 -9.0316057205200178 -19.499999999999996 -0.69505000114440907 0.32050000131130224 0.54200002551078807 1.7904999852180483 3.3069999217987065 -9.7953658103942853 0.67537221312522899 0.12750000506639483 0.27378563582897192 0.4200000017881394 -9.4999999999999982 0.47367855906486517
decision_type=2 2 2 2 2 2 2 2 2 2 2 2 2 2 2 2 2 2 2 2 2 2 2 2 2 2 2 2 2 2
left_child=1 3 -2 4 28 9 19 -8 17 14 11 12 -11 -12 15 16 -4 -6 -19 -5 -13 -18 23 24 -9 -25 -3 -21 29 -1
right_child=2 26 5 6 8 -7 7 22 -10 10 13 20 -14 -15 -16 -17 21 18 -20 27 -22 -23 -24 25 -26 -27 -28 -29 -30 -31
leaf_value=-0.03918846923157733 0.14798737628679107 -0.018745224569554853 -0.0015222179123304267 -0.015422649623833377 -0.04074592623844156 -0.0003558163147429484 0.019487461631842281 0.00064971949375531267 -0.048905090422471931 0.00037902126955173814 0.00020750740372433261 -0.020537548378153036 0.022468978658941111 0.027116710559580471 0.033663692703136981 -0.01532714319524978 0.020624876732784261 0.019558285594909592 -0.022061597639942511 -0.0063952901159329391 0.0090958534370266849 -0.0044402466910983488 -0.046843264696014991 -0.038318275136673512 0.0054893217395497853 0.010227957388365778 -0.08701674713436805 0.01229810646259329 0.006901091348629285 -0.0041864787770582671
leaf_weight=28 36 39 214 128 20 1454 59 159 150 125 73 45 52 224 26 54 40 20 103 44 31 31 23 40 20 42 61 36 41 125
leaf_count=28 36 39 214 128 20 1454 59 159 150 125 73 45 52 224 26 54 40 20 103 44 31 31 23 40 20 42 61 36 41 125
internal_value=-0.000712673 -0.00456942 0.00111227 -0.00317919 -0.00672485 0.000812579 -4.53721e-05 0.00298834 -0.0104949 0.00319672 0.00545455 0.00148221 0.0049435 0.00883838 -0.000205479 -0.00140118 0.000614035 -0.00541958 -0.00264228 -0.00504808 -0.00657895 0.00950704 0.000880282 0.00220307 0.00544693 -0.00487805 -0.019 0.001875 -0.00103093 -0.00375817
internal_weight=3543 1138 2405 1038 487 2369 551 343 293 915 550 253 177 297 365 339 285 143 123 208 76 71 284 261 179 82 100 80 194 153
internal_count=3543 1138 2405 1038 487 2369 551 343 293 915 550 253 177 297 365 339 285 143 123 208 76 71 284 261 179 82 100 80 194 153
is_linear=0
shrinkage=0.05


Tree=37
num_leaves=31
num_cat=0
split_feature=13 16 26 13 14 18 14 16 14 10 0 11 14 16 37 18 12 10 10 12 10 4 10 28 5 13 10 14 28 11
split_gain=10.0811 12.4318 4.99124 4.27355 4.29178 3.355 3.74867 3.53826 3.34898 3.6457 4.73579 4.29167 3.61593 3.47545 3.45501 3.0287 2.86505 2.60322 2.71821 2.5343 2.51621 4.26667 2.43186 2.40074 2.39569 3.73825 2.69903 2.5458 2.27484 2.37799
threshold=-0.33200000226497645 1.1800000071525576 -11.340499877929686 -0.72200000286102284 0.095833335071802153 0.52762961387634288 0.30416667461395269 0.25999999791383749 0.062500001862645163 -9.0316057205200178 0.38000001013278967 0.417929157614708 0.32083332538604742 1.1800000071525576 -0.0186999998986721 0.51919823884964 4.4322006702423105 -9.2419400215148908 -11.890386104583738 1.3950487375259402 -9.4207630157470685 0.34000000357627874 -9.6243691444396955 0.26305000483989721 1.0000000180025095e-35 -0.14449999481439588 -9.6888275146484357 0.27916666865348821 -0.15089999884366986 0.26502843201160436
decision_type=2 2 2 2 2 2 2 2 2 2 2 2 2 2 2 2 2 2 2 2 2 2 2 2 2 2 2 2 2 2
left_child=1 3 -2 4 -1 6 15 -7 19 10 11 17 -11 24 -14 16 20 18 -10 -4 21 -5 -9 -19 25 -12 -26 -28 -20 -30
right_child=2 -3 8 5 -6 7 -8 22 9 12 13 -13 14 -15 -16 -17 -18 23 28 -21 -22 -23 -24 -25 26 -27 27 -29 29 -31
leaf_value=-7.6774670122176574e-05 0.14058800747245154 -0.07891494416425944 -0.00063470080551831631 -0.038880328624465513 -0.048553409391459829 -6.7840022820616139e-05 -0.020730474466622208 -0.029148113489246688 0.00015924403327687145 0.018758849482807923 -0.026750757461810628 0.026754048492773713 -0.0045822153356240691 -0.032947765553406463 0.011852916598494447 0.018278061650137883 0.0063325592517821279 -0.00083629795680012226 -0.0099898815709173663 -0.0017627489712466111 0.020126948882783994 -0.00024681062871779661 0.00091342352539935121 0.017401219131416856 0.0033245012022503767 0.0062471929623728242 0.035150525919937566 0.0037931522729797969 -0.0017164483115768986 -0.030177153111027612
leaf_weight=80 36 80 427 24 111 186 69 164 102 165 40 45 78 25 81 36 62 124 178 74 70 216 40 51 435 84 87 121 225 27
leaf_count=80 36 80 427 24 111 186 69 164 102 165 40 45 78 25 81 36 62 124 178 74 70 216 40 51 435 84 87 121 225 27
internal_value=-0.000867909 -0.00474517 0.000966736 -0.00330813 -0.0100785 -0.00181661 0.000995807 -0.00525641 0.000685943 0.00165953 0.000647668 -0.00219415 0.00648148 0.00334596 0.00110063 0.00281863 0.00147849 -0.0031471 -0.00488722 -0.00294411 -0.000483871 -0.00291667 -0.00980392 0.00214286 0.00394394 -0.00241935 0.00517107 0.00985577 -0.00662791 -0.00357143
internal_weight=3543 1138 2405 1058 191 867 477 390 2369 1868 1544 752 324 792 159 408 372 707 532 501 310 240 204 175 767 124 643 208 430 252
internal_count=3543 1138 2405 1058 191 867 477 390 2369 1868 1544 752 324 792 159 408 372 707 532 501 310 240 204 175 767 124 643 208 430 252
is_linear=0
shrinkage=0.05


Tree=38
num_leaves=31
num_cat=0
split_feature=13 27 16 13 35 12 13 18 47 16 16 21 46 53 44 18 47 35 53 14 14 21 26 22 14 22 0 14 16 35
split_gain=9.17326 5.82489 5.13665 6.92046 3.57318 2.9804 4.23191 2.81996 2.91892 2.70034 3.17853 4.63724 3.3386 2.56053 5.36527 2.91531 6.32119 3.96855 3.55245 2.75873 5.91949 2.58971 2.57382 2.47419 2.45609 2.42439 2.34442 3.09215 2.29967 2.28251
threshold=-0.63977777957916249 -4.9100999832153311 1.1800000071525576 -0.14733333140611646 -1.3962500095367429 5.1792669296264657 0.10200000181794168 0.5998000204563142 0.63294750452041637 0.85999998450279247 0.97999998927116405 0.59690001606941234 -0.13483333587646482 -1.3845000267028806 4.5000000000000009 0.37407778203487402 2.670454859733582 -0.42125000059604639 3.3739999532699589 0.36249999701976782 0.41249999403953558 0.069749999791383757 2.186249971389771 -1.0053499937057493 0.37083333730697637 -0.83965000510215748 0.1799999997019768 0.079166669398546233 0.21999999880790713 -0.0062500000931322566
decision_type=2 2 2 2 2 2 2 2 2 2 2 2 2 2 2 2 2 2 2 2 2 2 2 2 2 2 2 2 2 2
left_child=4 -2 5 -4 25 9 -7 8 -6 13 11 -11 -12 14 28 18 17 26 19 21 -21 -15 23 -19 -14 -1 27 -17 -3 -23
right_child=1 2 3 -5 7 6 -8 -9 -10 10 12 -13 24 15 -16 16 -18 22 -20 20 -22 29 -24 -25 -26 -27 -28 -29 -30 -31
leaf_value=-0.073645642547889689 0.22811798953933896 0.013790840733193309 -0.043135930604149379 0.0011305529772734373 0.0010763053326186519 0.0067296794685442474 -0.0025427728442685002 -0.060846868316823358 -0.026805864711503303 0.029192330786952728 0.011100647661583222 -0.044690175131387226 -0.012243680766758414 -0.00079446332792968257 0.091869791842130427 0.033711905736889834 -0.038397570154713151 -0.01423019077381308 0.039568614425671882 0.012283683629977237 -0.0034917623754660565 -0.018634930385353337 0.01602332861237717 0.00027716797068348063 -0.00098473743274568809 0.046955882594020455 0.017475004871730981 -0.0062125884599829595 -0.018947881590447649 -0.0048739503709387261
leaf_weight=22 37 67 84 98 37 332 23 98 111 136 34 27 30 259 39 22 95 34 40 74 59 55 41 882 67 26 226 27 365 96
leaf_count=22 37 67 84 98 37 332 23 98 111 136 34 27 30 259 39 22 95 34 40 74 59 55 41 882 67 26 226 27 365 96
internal_value=-0.000896133 -0.000130809 -0.000358032 -0.00851648 -0.00935374 0.000132013 0.00443662 -0.0117886 -0.00743243 -0.000439252 0.00408163 0.00874233 -0.00171756 -0.00099748 -0.00429936 -0.000183246 0.00111153 0.00206981 -0.00313036 -0.00418969 0.00206767 -0.00621951 0.000548589 0 -0.0064433 0.003125 0.00736364 -0.00255102 -0.00590278 -0.0114238
internal_weight=3543 3249 3212 182 294 3030 355 246 148 2675 294 163 131 2381 471 1910 1327 1232 583 543 133 410 957 916 97 48 275 49 432 151
internal_count=3543 3249 3212 182 294 3030 355 246 148 2675 294 163 131 2381 471 1910 1327 1232 583 543 133 410 957 916 97 48 275 49 432 151
is_linear=0
shrinkage=0.05


Tree=39
num_leaves=31
num_cat=0
split_feature=18 27 13 16 13 18 10 10 37 16 16 16 13 26 50 46 56 11 11 21 48 26 18 10 20 51 0 18 10 11
split_gain=8.00142 6.3981 6.41191 5.83958 4.903 3.58975 3.01315 2.68537 4.48931 4.18645 3.54195 7.60335 3.1047 2.96862 2.96263 2.5245 2.33228 2.21021 2.21493 2.19839 2.18086 2.30476 2.10238 4.25356 2.09751 2.2621 2.51254 2.67052 3.10386 2.68607
threshold=0.72240000963211071 -4.9100999832153311 -0.72200000286102284 0.1799999997019768 -0.14733333140611646 0.76358386874198925 -14.067451000213621 -9.3615336418151838 0.32015000283718115 1.1800000071525576 0.85999998450279247 0.4200000017881394 -0.018000000156462189 -1.0187500119209287 2.5000000000000004 4.0053331851959237 -2.2285000085830684 0.010200286749750377 -0.072759922593832002 0.05034999921917916 1.0000000180025095e-35 -0.426250010728836 0.6712261736392976 -10.339676380157469 -2.7017500400543208 -2.2109999656677242 0.4200000017881394 0.50593650341033947 -17.049141883850094 0.81920737028121959
decision_type=2 2 2 2 2 2 2 2 2 2 2 2 2 2 2 2 2 2 2 2 2 2 2 2 2 2 2 2 2 2
left_child=1 -1 3 -3 -2 -6 -5 9 -9 10 11 14 17 -13 15 22 -16 18 -10 -15 21 -12 24 -24 -4 -26 -27 28 -28 -29
right_child=4 2 7 6 5 -7 -8 8 12 -11 20 13 -14 19 16 -17 -18 -19 -20 -21 -22 -23 23 -25 25 26 27 29 -30 -31
leaf_value=0.18918202730399339 -0.054039461597985165 0.0029694074792251004 0.01265362995848817 0.0010224900659877194 -0.018256410699188017 0.0057939157049333766 -0.044435803397043096 0.00017706996427450662 0.005317502571016583 -0.056823526745416658 0.020565487714267278 0.0011176596527878947 0.041175465671056989 -0.030429908247446 -0.0018138515066976101 -0.029055931897047894 0.03221781069128804 0.0018388120171053527 0.022750795163451257 -0.010920425539096496 0.0095446981624466715 -0.01894430924868544 0.0085604639117092454 -0.0033172471131223515 -0.015093714785871494 -0.0013059239417252699 -0.00067847478532757953 -0.00017268696074283687 0.0052750351086359977 -0.0074313247484617739
leaf_weight=39 119 25 62 25 27 52 137 809 32 22 28 45 53 83 25 47 34 148 47 72 179 32 46 36 193 428 38 307 327 26
leaf_count=39 119 25 62 25 27 52 137 809 32 22 28 45 53 83 25 47 34 148 47 72 179 32 46 36 193 428 38 307 327 26
internal_value=-0.000839684 -0.000261584 -0.000499093 -0.00949198 -0.0106061 -0.000949367 -0.012963 4.00769e-05 0.00204316 -0.00103448 -0.000796813 -0.00156868 0.0075 -0.01075 -0.000398343 -0.000827815 0.0105932 0.00495595 0.0117089 -0.0140323 0.00491632 -0.00333333 -0.000461381 0.00731707 -0.000923244 -0.00134572 -0.000488455 0.00136103 0.00431507 -0.00187688
internal_weight=3543 3345 3306 187 198 79 162 3119 1089 2030 2008 1769 280 200 1569 1510 59 227 79 155 239 60 1463 82 1381 1319 1126 698 365 333
internal_count=3543 3345 3306 187 198 79 162 3119 1089 2030 2008 1769 280 200 1569 1510 59 227 79 155 239 60 1463 82 1381 1319 1126 698 365 333
is_linear=0
shrinkage=0.05


Tree=40
num_leaves=31
num_cat=0
split_feature=13 14 47 8 46 10 21 17 46 44 47 13 45 51 13 14 53 2 44 8 12 47 45 51 22 12 9 36 46 10
split_gain=6.65716 4.83992 5.79035 4.73581 3.68491 2.39918 3.36522 3.21728 2.61497 2.31229 2.89813 2.24544 2.23682 2.58994 3.18505 2.73007 2.16643 2.1287 2.1174 2.07748 2.05882 2.06699 2.0372 2.02502 2.90929 1.98485 3.20374 1.95471 1.93309 1.93844
threshold=-0.33200000226497645 0.27916666865348821 1.1696245670318606 1.0000000180025095e-35 -0.016500000841915604 -9.6517925262451154 -0.73304998874664296 0.62500000000000011 -0.20749999582767484 -12.499999999999998 0.31408183276653295 -0.58533331751823414 5.9854166507720956 0.55099999904632579 -0.10955555737018584 0.037500001490116126 0.37600000202655798 0.58933332562446605 -13.499999999999998 2.0333333015441899 0.57507911324501049 3.3087825775146489 0.42858332395553594 -1.4204999804496763 0.8598499894142152 3.1046233177185063 0.3570170551538468 0.0046500000171363362 -4.6759998798370352 -9.6361823081970197
decision_type=2 2 2 2 2 2 2 2 2 2 2 2 2 2 2 2 2 2 2 2 2 2 2 2 2 2 2 2 2 2
left_child=1 2 3 -1 9 6 7 8 -4 -2 -11 -3 13 18 16 -16 -15 -5 -6 -20 21 -8 -7 24 -19 26 -25 -17 -12 -30
right_child=4 11 5 17 12 22 20 -9 -10 10 28 -13 -14 14 15 27 -18 23 19 -21 -22 -23 -24 25 -26 -27 -28 -29 29 -31
leaf_value=-0.073298755279150737 -0.0049371939389098174 -0.04880544307712445 0.026773254224341205 -0.00029517310241631108 -0.013435604254969253 -0.02511534220575138 -0.00043214708999403384 0.026571998478144246 -0.055613870797808433 -0.0021875217760578027 -0.2197042235157356 -0.013625322798194861 -0.01576743518674328 0.013377766167266908 -0.0092081427351291285 0.035323938226154289 -0.0085810359252945275 0.0039787603884861803 -0.00062930469372416385 -0.0075193781052235349 -0.051424834697788802 -0.062380398446218059 0.022691217043042746 0.0019927916952105118 -0.053046660439866555 0.01605404052873639 -0.017816804928710763 0.0090912877826104643 0.0060198873794820307 0.015128204230728843
leaf_weight=20 53 52 21 184 36 24 54 27 49 173 33 207 20 44 21 60 117 59 982 20 146 22 32 137 21 54 28 154 305 410
leaf_count=20 53 52 21 184 36 24 54 27 49 173 33 207 20 44 21 60 117 59 982 20 146 22 32 137 21 54 28 154 305 410
internal_value=-0.000778401 -0.0039358 -0.00216401 0.00134195 0.000700165 -0.00686667 -0.00854232 -0.000773196 -0.00642857 0.00308008 0.0036645 -0.00994208 -0.000894085 -0.000662483 0.00277778 0.00648936 -0.00263975 0.00232919 -0.00197495 -0.00154691 -0.0119369 -0.00526316 0.00267857 0.00493311 -0.001875 0.00742009 0.00469697 0.00817757 0.00501337 0.00555944
internal_weight=3565 1137 878 503 2428 375 319 97 70 974 921 259 1454 1434 396 235 161 483 1038 1002 222 76 56 299 80 219 165 214 748 715
internal_count=3565 1137 878 503 2428 375 319 97 70 974 921 259 1454 1434 396 235 161 483 1038 1002 222 76 56 299 80 219 165 214 748 715
is_linear=0
shrinkage=0.05


Tree=41
num_leaves=31
num_cat=0
split_feature=16 13 44 51 26 47 13 12 47 14 16 49 12 12 50 13 9 37 13 18 16 46 56 53 44 13 14 44 28 14
split_gain=7.62492 7.55559 4.89948 3.64133 3.43722 3.30166 3.40167 3.33647 3.09538 3.05197 3.41406 2.47184 2.31807 3.20315 2.67909 2.47827 2.94999 2.26011 2.42427 2.2357 2.32634 3.25298 2.74364 2.60369 3.19013 2.3804 2.15841 2.70298 2.11551 3.42832
threshold=1.1800000071525576 -0.13200000673532483 -13.499999999999998 0.55099999904632579 -11.340499877929686 4.6207702159881601 0.021999999880790714 0.19811055809259417 1.4847347736358645 0.14583333581686023 0.49999998509883886 1.5000000000000002 0.82546687126159679 2.5305970907211308 2.5000000000000004 -0.35400000214576716 0.36484426259994512 -1.0000000180025095e-35 -0.56200000643730152 0.67537221312522899 0.53999999165534984 -0.16516666859388349 -0.2609999924898147 -1.9965000152587888 2.5000000000000004 3.5680000782012944 0.087500002235174193 -6.4999999999999991 -0.15089999884366986 0.27916666865348821
decision_type=2 2 2 2 2 2 2 2 2 2 2 2 2 2 2 2 2 2 2 2 2 2 2 2 2 2 2 2 2 2
left_child=2 -2 8 4 -4 6 7 -5 -1 -9 28 12 17 15 19 -14 -17 26 -19 20 23 -22 -23 24 -15 -25 -6 -28 29 -11
right_child=1 -3 3 5 11 -7 -8 9 -10 10 -12 -13 13 14 -16 16 -18 18 -20 -21 21 22 -24 25 -26 -27 27 -29 -30 -31
leaf_value=-0.0015526394196549555 -0.057374356291025455 -0.00010300312012989227 0.1214824110569285 -0.0078423387786289763 0.03678474556522459 -0.0073816437843276517 0.043089638309532642 0.020131102833453471 -0.039091585810273818 0.011521845191094648 0.02019455052466709 -0.013845095629924002 -0.021942715902633799 -0.040771796186091724 0.028575041375247457 -0.009547903767275526 0.002111011734527947 0.0018700371796256333 -0.00051385636643081585 0.0074895811656698549 0.026556766395169351 -0.0041766731364258616 0.027925509512803683 -0.00024982971641633351 0.01118566558141656 -0.0030658586130624006 -0.0017038671419873253 0.011305961587771305 0.0042598956649584968 -0.0092995606848972207
leaf_weight=285 110 98 32 68 43 68 59 141 204 60 53 122 32 69 66 113 61 22 464 33 20 95 31 519 21 25 95 123 355 78
leaf_count=285 110 98 32 68 43 68 59 141 204 60 53 122 32 69 66 113 61 22 464 33 20 95 31 519 21 25 95 123 355 78
internal_value=-0.000806452 -0.0100962 -0.000230861 0.00055788 -0.000629406 0.00323129 0.00411548 0.00321192 -0.00485685 0.00425764 0.0025641 -0.000895599 -0.000436681 -0.00191244 -0.00059727 -0.00752427 -0.00517241 0.00170683 -0.000308642 -0.00138376 -0.00192308 0.00376712 0.000793651 -0.00323344 -0.0111111 -0.00193015 0.00545977 0.00344037 0.00126775 -0.00398551
internal_weight=3565 208 3357 2868 1986 882 814 755 489 687 546 1954 1832 1085 879 206 174 747 486 813 780 146 126 634 90 544 261 218 493 138
internal_count=3565 208 3357 2868 1986 882 814 755 489 687 546 1954 1832 1085 879 206 174 747 486 813 780 146 126 634 90 544 261 218 493 138
is_linear=0
shrinkage=0.05


Tree=42
num_leaves=31
num_cat=0
split_feature=16 13 10 36 47 14 10 13 18 9 19 16 2 13 14 14 18 10 9 44 0 9 2 13 46 11 13 9 10 10
split_gain=6.98773 7.37973 5.02692 3.98933 4.58196 3.05403 2.89932 2.95588 2.79405 3.02839 2.64598 4.35578 2.71294 6.13005 4.08002 4.54085 2.56966 2.925 2.26888 5.40874 4.78537 3.32241 3.23436 5.18336 2.64245 2.22813 2.16939 2.55852 2.60949 2.04704
threshold=1.1800000071525576 -0.25200000405311579 -9.5128602981567365 -4.1671998500823966 1.3497288823127749 0.36249999701976782 -9.9721493721008283 3.5680000782012944 0.41972221434116369 0.18417499214410785 1.0000000180025095e-35 0.53999999165534984 0.14355555921792987 0.018888888880610469 0.22083333134651187 0.36249999701976782 0.6712261736392976 -11.711276531219481 0.55445221066474926 -1.4999999999999998 0.4200000017881394 0.14182496070861819 0.43199999630451208 -0.24199999868869779 -0.047499999403953545 0.15060903877019885 -0.5453333556652068 0.2526665478944779 -9.0937318801879865 -9.1196861267089826
decision_type=2 2 2 2 2 2 2 2 2 2 2 2 2 2 2 2 2 2 2 2 2 2 2 2 2 2 2 2 2 2
left_child=2 -2 3 -1 6 -6 7 16 -8 -10 11 12 13 14 -4 -16 -5 -18 19 22 21 -21 23 24 -14 -11 -24 28 -28 -13
right_child=1 -3 10 4 5 -7 8 -9 9 25 -12 29 18 -15 15 -17 17 -19 -20 20 -22 -23 26 -25 -26 -27 27 -29 -30 -31
leaf_value=0.087944156443324123 -0.059200483482857495 -0.00071970270115222505 0.0022366991499855301 0.0003418012356283413 -0.018347097928582492 0.0066001777630619431 -0.0097980478674881827 -0.0026479092253330178 -0.010341349218898432 -0.0012586237439665251 -0.0020803076135378538 0.012176858379468788 0.0011748005939042558 0.019934246186371192 -0.010379950836997571 0.0026469413597502104 0.0081416958081884632 -0.013431125505654229 -0.0022123661696583216 0.010852344388057919 -0.0031499030104265554 0.061714204235966102 -0.042399189561528862 0.0021153797038498292 -0.028005516474036981 0.018020011678388737 0.027248021563778542 -0.0051666223380252459 0.011168789779728953 0.060412642773132214
leaf_weight=48 89 119 92 801 539 56 129 26 106 187 111 64 26 62 83 27 32 20 95 48 30 109 27 287 48 79 102 45 37 41
leaf_count=48 89 119 92 801 539 56 129 26 106 187 111 64 26 62 83 27 32 20 95 48 30 109 27 287 48 79 102 45 37 41
internal_value=-0.0007223 -0.00961538 -0.000171284 -0.00174246 -0.00208861 -0.0057563 -0.000507246 0.00122298 -0.00354291 -0.00134409 0.00221139 0.00288226 0.0019678 -0.00246212 -0.00668317 -0.0131818 0.00172919 0.0125 0.00333724 0.00424901 0.011631 0.0151274 0.00183566 -0.00103878 -0.0128378 0.00150376 0.00675355 0.00869565 0.0120504 0.012619
internal_weight=3565 208 3357 2023 1975 595 1380 879 501 372 1334 1223 1118 264 202 110 853 52 854 759 187 157 572 361 74 266 211 184 139 105
internal_count=3565 208 3357 2023 1975 595 1380 879 501 372 1334 1223 1118 264 202 110 853 52 854 759 187 157 572 361 74 266 211 184 139 105
is_linear=0
shrinkage=0.05


Tree=43
num_leaves=31
num_cat=0
split_feature=16 10 10 36 47 26 21 14 10 9 19 16 9 53 9 14 20 27 14 18 0 9 3 9 2 21 14 16 27 50
split_gain=6.2944 6.51128 5.68458 3.9009 4.21479 2.99688 2.80704 2.7098 3.86101 3.78792 3.30214 3.55008 2.81645 2.70562 2.91438 2.71873 2.67219 3.06791 2.74959 2.65291 2.52641 3.14815 2.52229 2.60466 2.62052 2.47612 2.43528 2.40145 2.92946 2.37602
threshold=1.1800000071525576 -9.5960326194763166 -9.3615336418151838 -4.1671998500823966 3.681856751441956 4.9697499275207528 0.031500000506639488 0.029166667722165588 -8.3447813987731916 0.43975645303726202 1.0000000180025095e-35 0.53999999165534984 0.13104625791311267 -1.5345000028610227 0.15916388481855395 0.21249999850988391 -1.2084999680519102 -1.285549998283386 0.23749999701976779 0.46261110901832586 0.70000001788139354 0.2179071977734566 0.12671032547950747 0.71152815222740184 0.52599999308586132 -0.13695000112056729 0.37083333730697637 0.25999999791383749 0.025750000029802326 1.0000000180025095e-35
decision_type=2 2 2 2 2 2 2 2 2 2 2 2 2 2 2 2 2 2 2 2 2 2 2 2 2 2 2 2 2 2
left_child=2 -2 3 -1 13 -6 20 8 -4 12 11 22 -10 16 15 27 -5 -18 -19 -11 21 -3 -9 24 26 -20 -24 -15 -29 -16
right_child=1 6 7 4 5 -7 -8 10 9 19 -12 -13 -14 14 29 -17 17 18 25 -21 -22 -23 23 -25 -26 -27 -28 28 -30 -31
leaf_value=0.083546948621157913 -0.066230410262689651 -0.0010607035054030739 -0.015425502119196344 -0.00013169453088959226 -0.055242638526812327 0.0011493376060769148 0.0058779922363953992 -0.0012177966913649474 -0.001706270622639028 -0.054560402474746562 -0.0020599881251791778 0.037815187103172734 0.036519538854394684 -0.00088872557714664193 -0.00012582952995261675 -0.012017952018305742 0.015715451724897422 -0.029269179991059005 0.0041215798569883095 0.0015588725521623065 -0.00044027202507715695 -0.052806689931493622 0.0061299929393494436 -0.011268876602830115 0.028714453503885157 -0.02862248559616869 0.030743105035437614 -0.0012411825570039236 0.021837515977583179 0.004317983986252028
leaf_weight=48 54 20 64 259 111 39 40 121 29 42 78 80 50 124 747 111 46 195 72 38 60 34 465 20 63 69 44 64 35 343
leaf_count=48 54 20 64 259 111 39 40 121 29 42 78 80 50 124 747 111 46 195 72 38 60 34 465 20 63 69 44 64 35 343
internal_value=-0.00069425 -0.00913462 -0.000171284 -0.00160186 -0.00190745 -0.01 -0.0038961 0.00278793 -0.00213004 0.00204403 0.00404707 0.00501261 0.00981013 -0.00131961 -0.000105337 -0.00419162 -0.00401716 -0.00667539 -0.00833333 -0.005625 -0.00789474 -0.0157407 0.00389201 0.00523649 0.00585664 -0.00301418 0.00466601 -0.00100897 0.00479798 0.00114679
internal_weight=3565 208 3357 2263 2215 150 154 1094 223 159 871 793 79 2065 1424 334 641 382 336 80 114 54 713 592 572 141 509 223 99 1090
internal_count=3565 208 3357 2263 2215 150 154 1094 223 159 871 793 79 2065 1424 334 641 382 336 80 114 54 713 592 572 141 509 223 99 1090
is_linear=0
shrinkage=0.05


Tree=44
num_leaves=31
num_cat=0
split_feature=18 10 10 36 18 47 13 3 26 46 13 19 27 10 2 26 10 5 56 0 3 35 9 53 13 0 11 45 28 2
split_gain=5.85261 5.12328 4.56249 4.27343 3.97107 3.84477 3.12002 3.83336 2.83166 2.75042 4.00371 3.31995 3.08094 2.65216 2.63686 2.89286 2.57766 2.48869 3.06058 2.67857 2.33281 2.77585 2.19361 2.91491 3.26857 2.84139 3.12085 2.80899 2.28422 2.2232
threshold=0.72674912214279186 -9.3615336418151838 -9.5960326194763166 -4.1671998500823966 0.73395556211471569 3.681856751441956 -0.006000000284984707 0.12671032547950747 4.9697499275207528 -0.047499999403953545 -0.20199999958276746 1.0000000180025095e-35 0.28000000119209295 -8.9523220062255842 0.43199999630451208 -1.4902500510215757 -9.0732021331787092 0.17500000074505809 -0.19150000065565106 0.58000001311302196 0.1726275831460953 0.22775000333786014 0.15916388481855395 -2.0924999713897701 -0.71177777647972096 0.85999998450279247 -0.030871456488966938 -0.75708335638046254 -0.66475000977516163 0.27400000393390661
decision_type=2 2 2 2 2 2 2 2 2 2 2 2 2 2 2 2 2 2 2 2 2 2 2 2 2 2 2 2 2 2
left_child=1 3 -2 -1 -4 22 7 13 -7 -9 14 12 20 -3 15 -11 -16 19 -19 -8 21 -12 28 24 -24 26 -26 -27 -5 -30
right_child=2 6 4 5 -6 8 17 9 -10 10 11 -13 -14 -15 16 -17 -18 18 -20 -21 -22 -23 23 -25 25 27 -28 -29 29 -31
leaf_value=0.080192135913796578 -0.054505036954727151 -0.00073392450876087918 -0.037314933996803572 -0.016759610622858408 0.00017118520019654971 -0.05248050660047171 0.020166604528285684 0.011757151457941602 0.001091870725773069 0.00045938477368036583 -0.0084131072944804829 -0.0067519902279070234 -0.008770916356508696 -0.015424208183591321 0.0098464529475757456 -0.020857518518834453 -0.024497224664244466 -0.0040746019871154135 0.032802222456853214 -0.030975147687964458 0.017443897415587335 0.012393007473233644 -0.03297456269573891 0.00028249280982580892 -0.035337245927246838 0.016259182571457732 -0.003324599853480892 -0.017762670295556761 -0.0043620717760520901 0.00068016488224299418
leaf_weight=47 67 98 22 73 99 111 27 309 39 20 45 31 56 33 46 50 42 20 146 21 158 23 100 1210 69 63 185 20 153 182
leaf_count=47 67 98 22 73 99 111 27 309 39 20 45 31 56 33 46 50 42 20 146 21 158 23 100 1210 69 63 185 20 153 182
internal_value=-0.0007223 -0.0002443 -0.00930851 -0.00162078 -0.0035124 -0.00193878 0.00251111 0.00123491 -0.00966667 0.0025641 0.000159236 0.0034345 0.00514184 -0.00667939 -0.00632911 -0.0135714 -0.000568182 0.00794393 0.0108434 -0.00208333 0.00774336 0 -0.0013747 -0.000561627 -0.00406178 -0.00170623 -0.00433071 0.0063253 -0.00465686 -0.00291045
internal_weight=3565 3377 188 2252 121 2205 1125 911 150 780 471 313 282 131 158 70 88 214 166 48 226 68 2055 1647 437 337 254 83 408 335
internal_count=3565 3377 188 2252 121 2205 1125 911 150 780 471 313 282 131 158 70 88 214 166 48 226 68 2055 1647 437 337 254 83 408 335
is_linear=0
shrinkage=0.05


Tree=45
num_leaves=31
num_cat=0
split_feature=13 18 9 13 47 11 2 8 2 13 14 2 13 37 37 17 11 19 8 46 44 37 37 36 13 7 2 9 0 56
split_gain=5.82569 5.30714 4.54611 4.45679 3.20512 3.36529 3.10163 3.82283 2.98657 3.88426 3.41872 4.26061 5.95259 2.75422 2.67046 3.14867 3.09878 2.63037 3.30692 2.81299 2.39725 2.27508 2.63106 2.2739 2.833 2.24787 2.03677 4.1869 2.1592 2.08269
threshold=-0.018000000156462189 0.71116051077842724 0.27378563582897192 -0.17199999839067456 14.299157142639162 -0.35092376172542566 0.30200000107288366 1.8999999761581423 0.14355555921792987 -0.14111111313104627 0.15416666865348819 0.43199999630451208 -0.34733332693576807 0.6280999779701234 0.93985000252723705 0.37500000000000006 0.69191554188728344 1.0000000180025095e-35 0.5000000149011613 -0.13283333927392957 -8.4999999999999982 1.4723500013351443 2.2144500017166142 0.93825000524520885 0.021999999880790714 1.0000000180025095e-35 0.52599999308586132 0.16439208388328555 0.4200000017881394 0.087000001221895232
decision_type=2 2 2 2 2 2 2 2 2 2 2 2 2 2 2 2 2 2 2 2 2 2 2 2 2 2 2 2 2 2
left_child=1 8 13 -4 5 -2 7 23 -1 10 14 -12 26 -3 15 16 -10 18 -11 -19 -14 -16 -23 24 -7 -20 27 -13 -29 -28
right_child=4 2 3 -5 -6 6 -8 -9 9 17 11 12 20 -15 21 -17 -18 19 25 -21 -22 22 -24 -25 -26 -27 29 28 -30 -31
leaf_value=-0.0043678429846089597 -0.005840834807218382 0.0053208188553558917 -0.056346575704395774 0.0017156530970459717 0.11326365850480241 0.010263936943310396 8.7308051982789165e-05 -0.0041979348791576941 0.00086691840115990276 -0.0017318071537895609 -0.011788280054688707 0.010933811831422622 -0.0013375089966614899 -0.026679758698327574 -0.047396302583889931 -0.032028041729347707 -0.013187747310347171 0.0040871127502608686 0.01064035656098317 -0.0084363600109867414 0.017208723882602289 0.0036154453720087937 -0.011063604034812741 -0.0019571045562082022 0.043422963727311054 0.027857936244287451 -0.011507818542196025 -0.0061136678783311584 -0.020414616959710433 0.0065239483715800852
leaf_weight=311 47 66 81 27 21 122 304 31 627 110 265 23 87 23 39 46 53 22 282 48 136 37 62 21 100 35 320 20 58 67
leaf_count=311 47 66 81 27 21 122 304 31 627 110 265 23 87 23 39 46 53 22 282 48 136 37 62 21 100 35 320 20 58 67
internal_value=-0.000880836 -0.00185413 -0.00977157 -0.0166667 0.00340557 0.00276 0.00380623 0.00766423 -0.00126511 -0.000652546 -0.00171196 -0.00373975 -0.00172293 -0.00140449 0.000578704 0.00179063 0.00264706 0.00326962 0.00474239 -0.00571429 0.00504484 -0.0057971 -0.00176768 0.00977366 0.0112613 0.00733438 -0.00481557 -0.0111386 -0.0166667 -0.00316537
internal_weight=3491 2845 197 108 646 625 578 274 2648 2337 1840 976 711 89 864 726 680 497 427 70 223 138 99 243 222 317 488 101 78 387
internal_count=3491 2845 197 108 646 625 578 274 2648 2337 1840 976 711 89 864 726 680 497 427 70 223 138 99 243 222 317 488 101 78 387
is_linear=0
shrinkage=0.05


Tree=46
num_leaves=31
num_cat=0
split_feature=44 14 45 16 16 13 46 45 56 18 16 10 14 14 14 13 21 2 13 21 45 11 22 22 36 13 51 21 21 27
split_gain=5.61675 4.25757 3.90034 3.29813 5.67181 5.1806 3.70864 2.92633 2.6972 2.35804 2.30466 5.02415 4.15825 2.63053 2.42593 6.30435 4.55162 2.56612 3.73579 2.54659 2.52468 2.40082 2.25611 2.17872 2.16813 2.15415 3.83349 2.12903 2.08581 1.94989
threshold=-13.499999999999998 0.095833335071802153 -8.0194168090820295 0.97999998927116405 0.85999998450279247 0.062000000849366195 -0.012833333574235438 0.042249999940395362 0.61649999022483837 0.71210584044456493 0.4200000017881394 -9.4207630157470685 0.36249999701976782 0.25416666269302374 0.27916666865348821 -0.006000000284984707 -0.34524999558925623 0.27400000393390661 -0.19377777725458142 0.47685000300407415 0.55516666173934948 -1.9962866306304929 0.61625000834465038 0.44304999709129339 0.37519998848438268 -0.17911110818386075 -3.1184999942779537 1.3322999477386477 -0.51585000753402699 -0.44194999337196345
decision_type=2 2 2 2 2 2 2 2 2 2 2 2 2 2 2 2 2 2 2 2 2 2 2 2 2 2 2 2 2 2
left_child=1 7 -2 4 10 6 8 -1 -5 -3 12 13 14 -12 19 16 29 -18 -19 21 -20 -4 -23 -17 -15 26 -6 -21 -13 -16
right_child=2 9 3 5 25 -7 -8 -9 -10 -11 11 28 -14 24 15 23 17 18 20 27 -22 22 -24 -25 -26 -27 -28 -29 -30 -31
leaf_value=0.002078927261774546 0.10056545490465202 -0.01333566663591499 -0.0046321050228701564 -0.0041256040629735783 0.028400641575980157 0.0075202244405713882 -0.01803387756193196 -0.043777175509747517 0.0066780782528306996 -0.067565372705392091 -0.033542001735168928 -0.0050161794166232237 0.012282887363163342 -0.010108888579509617 -0.00584962105729896 0.0058316341558864969 -0.01029931497131914 -0.013236973146343124 -0.0052843077947142599 0.02341362504578795 0.057111232582795816 0.00044212266540261965 -0.0047280433033075695 0.053179652996539255 0.0067151978281229582 0.056048497333928665 -0.0079898102746160278 -0.00016586310902114436 0.0071148917394660144 0.030634309532537748
leaf_weight=118 26 306 37 69 26 68 166 46 26 41 95 30 126 52 35 32 91 133 22 155 20 1038 284 31 23 93 59 120 96 27
leaf_count=118 26 306 37 69 26 68 166 46 26 41 95 30 126 52 35 32 91 133 22 155 20 1038 284 31 23 93 59 120 96 27
internal_value=-0.000880836 -0.00572407 -5.03356e-05 -0.000220041 0.000371429 -0.00493921 -0.00814176 0.000914634 -0.000263158 -0.00886167 -0.000255415 -0.00439189 0.000313808 -0.01 -0.000234568 -0.00377238 -0.00655488 -0.0093985 -0.00585714 0.000611995 0.00714286 -0.000275938 7.5643e-05 0.0107143 -0.003 0.00898876 0.00323529 0.005 0.0031746 0.00564516
internal_weight=3491 511 2980 2954 2625 329 261 164 95 347 2447 296 2151 170 2025 391 328 266 175 1634 42 1359 1322 63 75 178 85 275 126 62
internal_count=3491 511 2980 2954 2625 329 261 164 95 347 2447 296 2151 170 2025 391 328 266 175 1634 42 1359 1322 63 75 178 85 275 126 62
is_linear=0
shrinkage=0.05


Tree=47
num_leaves=31
num_cat=0
split_feature=44 47 14 16 16 13 36 45 3 10 16 26 44 0 9 0 13 14 22 0 10 8 51 14 9 18 26 36 47 12
split_gain=5.30032 4.33454 4.01026 2.55478 4.99171 4.11026 2.51704 2.36185 2.29685 2.28626 3.8427 2.84482 2.8199 7.59655 5.04429 2.38912 2.84718 2.38723 2.33509 2.21239 4.91363 3.27768 2.14911 2.71704 2.12107 1.9841 1.93604 1.91532 2.49746 1.8985
threshold=-13.499999999999998 14.299157142639162 0.095833335071802153 0.97999998927116405 0.85999998450279247 0.062000000849366195 0.10525000095367433 0.042249999940395362 0.23068684339523318 -9.1671533584594709 0.4200000017881394 -1.1317499876022337 -1.4999999999999998 0.4200000017881394 0.15358980000019076 0.1799999997019768 -0.19377777725458142 0.35416665673255926 -1.2814499735832212 0.45999999344348913 -10.453529357910154 0.36666667461395269 2.6380000114440922 0.029166667722165588 0.070048812776803984 0.71210584044456493 -0.51374998688697804 0.15460000187158587 0.54045775532722484 0.93976867198944103
decision_type=2 2 2 2 2 2 2 2 2 2 2 2 2 2 2 2 2 2 2 2 2 2 2 2 2 2 2 2 2 2
left_child=2 3 7 4 9 6 -5 -1 -8 10 17 -12 15 14 -14 24 22 19 -18 20 21 -2 23 -17 -11 -4 -23 -13 -29 -25
right_child=1 -3 25 5 -6 -7 8 -9 -10 12 11 27 13 -15 -16 16 18 -19 -20 -21 -22 26 -24 29 -26 -27 -28 28 -30 -31
leaf_value=0.0019749808986858188 -0.00049794904036384478 0.10257220283432966 -0.012668883304119239 -0.011336937983596838 0.025413293921432684 0.0071442132185428192 0.0047129566018462802 -0.041588316734260139 -0.016914511054596026 -6.7868087164288382e-05 0.0039534509032605651 -0.016206608059272234 0.0032844166969120112 -0.0053980103104285977 0.049637815941851682 -0.059802753393219166 -0.012518280952027026 0.0099853915020299278 0.011475545720008778 0.00039727499156821114 -0.0065309457007298845 0.011815414438299844 -0.015290743268303068 0.011970259731389224 -0.01848823442723586 -0.0641871040701225 0.00074583354987712723 0.0099334195196218115 -0.0165177319075023 -0.0101654484382527
leaf_weight=118 69 21 306 199 178 68 40 46 22 32 47 120 116 85 97 24 20 80 132 809 439 37 48 58 25 41 128 29 32 25
leaf_count=118 69 21 306 199 178 68 40 46 22 32 47 120 116 85 97 24 20 80 132 809 439 37 48 58 25 41 128 29 32 25
internal_value=-0.000823546 -1.67785e-05 -0.00552838 -0.000177425 0.000342205 -0.00433131 -0.00718391 0.000914634 0.0016129 -0.000244698 -0.00117318 -0.00723684 0.00226586 0.00587248 0.0109155 -0.000686813 0.00105863 -0.000288092 0.00592105 -0.00074224 -0.00286033 0.00299145 -0.00370968 0.000233645 -0.0100877 -0.00857349 0.00681818 -0.0100829 -0.00286885 0.00451807
internal_weight=3491 2980 511 2959 2630 329 261 164 62 2452 1790 228 662 298 213 364 307 1562 152 1482 673 234 155 107 57 347 165 181 61 83
internal_count=3491 2980 511 2959 2630 329 261 164 62 2452 1790 228 662 298 213 364 307 1562 152 1482 673 234 155 107 57 347 165 181 61 83
is_linear=0
shrinkage=0.05


Tree=48
num_leaves=31
num_cat=0
split_feature=13 16 51 47 9 37 13 13 10 0 13 14 2 13 9 45 51 46 2 9 10 17 16 18 14 26 11 18 51 18
split_gain=5.40531 4.51955 5.73352 3.20512 3.63165 2.89366 2.72703 2.60721 5.14142 3.25893 3.3158 4.05594 4.61434 4.63728 3.27958 2.65134 2.63177 2.60088 2.51527 3.58754 3.23456 2.44332 2.73144 2.58154 2.5775 2.22221 2.21641 3.32603 2.17586 2.10245
threshold=-0.018000000156462189 0.97999998927116405 1.1044999957084658 14.299157142639162 0.26178511977195745 0.71015000343322765 -0.14111111313104627 -0.72200000286102284 -14.415544986724852 0.1799999997019768 -0.14111111313104627 0.16250000149011615 0.43199999630451208 -0.34733332693576807 0.09673341736197473 0.56524997949600231 -0.24599999934434888 -0.11533333361148833 0.52599999308586132 0.16439208388328555 -9.5260500907897931 0.54166665673255932 0.38000001013278967 0.69613537192344677 0.23749999701976779 -1.6200000047683714 0.16354220360517505 0.4567005336284638 3.1049998998641972 0.48206734657287603
decision_type=2 2 2 2 2 2 2 2 2 2 2 2 2 2 2 2 2 2 2 2 2 2 2 2 2 2 2 2 2 2
left_child=1 7 6 4 -2 -4 -3 8 -1 -9 11 28 14 18 -13 16 -12 -8 19 -14 21 22 23 -20 -24 -10 27 -15 -11 -6
right_child=3 2 5 -5 29 -7 17 9 25 10 15 12 13 26 -16 -17 -18 -19 20 -21 -22 -23 24 -25 -26 -27 -28 -29 -30 -31
leaf_value=0.0016662962919627385 0.013450730098437686 -0.049322814509653548 0.0087702271065048295 0.097443592692613212 -0.0028434401814952459 -0.0064744639172135306 0.0037187914023412124 -0.0029162876484987279 0.0087630794753152282 0.00074362775463807237 0.014114523054946055 0.0022259877926294469 0.013427068169371016 0.04318370111227926 -0.013252307062743142 0.043834825947923116 -0.00060765318015564669 -0.013046538541244285 0.0012730595264759559 -0.018640041066169795 0.010800509223411515 0.0067028755309063055 -0.051684137203609898 -0.019018354253309989 -0.012368071078682054 -0.03337318257827996 0.019760737992596825 -0.0016123528591417303 -0.055676417921416213 0.0035677064493940024
leaf_weight=39 215 101 27 21 173 20 20 387 25 723 121 33 20 29 196 82 214 51 124 75 40 58 41 22 33 132 78 122 32 237
leaf_count=39 215 101 27 21 173 20 20 387 25 723 121 33 20 29 196 82 214 51 124 75 40 58 41 22 33 132 78 122 32 237
internal_value=-0.000723288 -0.00166081 -0.00856164 0.00340557 0.00276 0.00691489 -0.0127907 -0.0010853 -0.00663265 -0.00063786 0.00015908 -0.000861009 -0.00318599 -0.00101246 -0.00927948 0.00413669 0.00216418 -0.00528169 -0.00417676 -0.0113158 -0.00204403 -0.00395683 -0.00636364 -0.00239726 -0.0141892 -0.0106688 0.00469432 0.00115894 0.00182119 0
internal_weight=3491 2845 219 646 625 47 172 2626 196 2430 2043 1626 871 642 229 417 335 71 413 95 318 278 220 146 74 157 229 151 755 410
internal_count=3491 2845 219 646 625 47 172 2626 196 2430 2043 1626 871 642 229 417 335 71 413 95 318 278 220 146 74 157 229 151 755 410
is_linear=0
shrinkage=0.05


Tree=49
num_leaves=31
num_cat=0
split_feature=45 10 16 26 26 16 18 8 18 18 27 44 10 18 18 36 17 51 44 20 10 53 14 26 18 16 46 46 18 44
split_gain=4.13612 3.62078 7.21205 3.32837 2.84375 2.81953 3.65108 3.98981 3.82222 3.90083 3.41812 3.06422 3.66296 2.98864 2.83663 2.69058 2.55282 2.54142 2.28213 2.18571 2.20495 2.52281 2.17082 2.38604 2.21232 2.39728 2.16044 2.15378 2.11976 1.96854
threshold=-8.0194168090820295 -9.5128602981567365 1.1800000071525576 0.15974999964237216 -1.8530000448226926 0.21999999880790713 0.52762961387634288 1.5000000000000002 0.48206734657287603 0.4567005336284638 -1.2462499737739561 5.5000000000000009 -11.052070140838621 0.56729629635810863 0.38417036831378942 1.427650034427643 0.37500000000000006 -1.0000000180025095e-35 -6.4999999999999991 -2.4910000562667842 -9.7371678352355939 -1.280999958515167 0.32083332538604742 -0.17225000262260434 0.25639365613460546 0.29999999701976782 -0.14216666668653485 0.3171666711568833 0.46966665983200079 -7.4999999999999991
decision_type=2 2 2 2 2 2 2 2 2 2 2 2 2 2 2 2 2 2 2 2 2 2 2 2 2 2 2 2 2 2
left_child=-1 2 5 4 -3 11 8 15 9 14 -10 12 13 -2 26 17 28 -8 -9 -16 21 -21 23 24 -6 -26 -7 -14 -11 -27
right_child=1 3 -4 -5 22 6 7 18 10 16 -12 -13 27 -15 19 -17 -18 -19 -20 20 -22 -23 -24 -25 25 29 -28 -29 -30 -31
leaf_value=0.085536392383072271 0.00014515241569798497 0.012592172424907445 -0.046504395255030723 0.0066957852562469777 -0.017416751912120526 0.0049285167075409919 -0.018712535284525211 -0.0018035333082696394 0.028884484502684122 0.0038047374306352136 0.0021301064377011792 -0.0024131874464645943 -0.0060585840332684554 0.0037679794514323983 0.019426210666997158 -0.070197702233683892 -0.065205973786591473 -0.00030428568570644828 0.026248327421177799 -0.011482883436312367 -0.011691895584250657 0.0088193121976860196 -0.0035682295236957231 -0.0024702874732822179 9.0273793336015379e-05 0.00034022985425789662 -0.0083692459204060387 0.05220612846847026 -0.034081901801266516 0.036896042974604248
leaf_weight=26 147 126 67 507 24 46 295 26 50 31 385 25 139 83 21 39 29 154 21 45 46 106 216 373 101 31 191 34 40 67
leaf_count=26 147 126 67 507 24 46 295 26 50 31 385 25 139 83 21 39 29 154 21 45 46 106 216 373 101 31 191 34 40 67
internal_value=-0.000637353 -0.000786436 -0.00215347 0.00112457 -0.000639659 -0.0016001 -0.00260656 -0.00593458 -0.000808081 -0.00355856 0.00270115 0.00198598 0.0030397 0.00717391 -0.00159341 -0.00727459 -0.0125 -0.0061804 0.00797872 0.00252294 0.000888325 0.00380795 -0.00172414 -0.000167785 0.00392377 0.00565327 -0.00537975 -0.00245665 -0.00739437 0.0112245
internal_weight=3491 3465 2020 1445 938 1953 1525 535 990 555 435 428 403 230 455 488 100 449 47 218 197 151 812 596 223 199 237 173 71 98
internal_count=3491 3465 2020 1445 938 1953 1525 535 990 555 435 428 403 230 455 488 100 449 47 218 197 151 812 596 223 199 237 173 71 98
is_linear=0
shrinkage=0.05


Tree=50
num_leaves=31
num_cat=0
split_feature=18 10 27 51 44 46 37 47 18 16 16 47 45 56 20 16 18 10 0 45 49 20 27 45 10 2 44 44 0 3
split_gain=5.06707 6.5286 3.90346 3.63411 3.56718 2.90733 4.52826 2.89759 2.7389 2.62159 2.41062 2.08955 1.99083 2.58819 3.03016 2.90983 2.99681 3.02321 2.68331 2.61014 2.03612 1.8806 2.52155 1.84862 3.30715 2.11886 1.80333 1.7779 3.12915 2.53838
threshold=0.72240000963211071 -9.7201170921325666 -4.9100999832153311 -3.7250000238418575 74.500000000000014 -0.24366667121648786 -2.6071000099182124 3.7337081432342534 0.74266666173934948 1.4800000190734866 0.85999998450279247 1.6937598586082461 -0.86866667866706837 -0.057499999180436127 -2.4910000562667842 0.53999999165534984 0.6712261736392976 -10.190411090850828 0.34000000357627874 -0.29150000214576716 1.0000000180025095e-35 -0.0067500001750886432 0.23385000228881839 -0.31091666221618647 -10.201372146606444 0.5000000149011613 84.500000000000014 -1.4999999999999998 0.34000000357627874 0.15563326328992846
decision_type=2 2 2 2 2 2 2 2 2 2 2 2 2 2 2 2 2 2 2 2 2 2 2 2 2 2 2 2 2 2
left_child=2 -2 -1 4 10 6 -5 21 -3 -10 11 -4 -7 14 -14 16 19 -18 -17 -15 -20 -8 -23 24 25 -16 27 28 -21 -29
right_child=1 8 3 5 -6 12 7 -9 9 -11 -12 -13 13 15 23 18 17 -19 20 26 -22 22 -24 -25 -26 -27 -28 29 -30 -31
leaf_value=0.092807119081228767 -0.05357301673774089 -0.031286713668398185 -0.033570155500283638 -0.023180250404698111 0.059485657186201739 0.010975062230886313 0.026287308421625823 -0.21231106751470441 0.033223615778015525 -0.0030019817320376522 -0.0007165549970110191 -0.024877231326191962 0.022360965371293052 -0.013344692479489429 0.0060913833435766911 0.022102738905123334 0.0067577585019258967 -0.0019253914539269835 -0.0088699107862742262 -0.0042268913591129885 0.011610214755618754 -0.004433057083052994 0.018691290260321847 -0.0055574583706405473 0.0024670305232570725 -0.01823221988629764 -0.0014015575903322522 -0.0015210800992914693 0.00013789479491308569 0.011766571136732133
leaf_weight=35 70 21 21 39 27 63 146 29 29 69 98 180 52 36 26 67 27 20 43 328 36 87 119 412 229 77 66 184 625 244
leaf_count=35 70 21 21 39 27 63 146 29 29 69 98 180 52 36 26 67 27 20 43 328 36 87 119 412 229 77 66 184 625 244
internal_value=-0.000634807 -0.00859788 -0.000180941 -0.000358123 -0.0053681 0.000194585 0.00404762 0.00570866 -0.00147059 0.00204082 -0.0069398 -0.0100746 -0.000443787 -0.000667476 -0.00301508 0.000447494 -0.000196078 0.012234 0.00719178 -0.00059002 0.000949367 0.00696023 0.0038835 -0.00383065 -0.00105422 -0.00849515 -0.000259157 0.00012672 -0.00107555 0.00280374
internal_weight=3505 189 3316 3281 326 2955 420 381 119 98 299 201 2535 2472 796 1676 1530 47 146 1483 79 352 206 744 332 103 1447 1381 953 428
internal_count=3505 189 3316 3281 326 2955 420 381 119 98 299 201 2535 2472 796 1676 1530 47 146 1483 79 352 206 744 332 103 1447 1381 953 428
is_linear=0
shrinkage=0.05


Tree=51
num_leaves=31
num_cat=0
split_feature=18 51 13 19 47 14 16 16 17 53 16 35 18 13 16 2 14 8 9 47 16 56 14 13 2 13 14 4 14 14
split_gain=5.09287 7.67328 4.62925 4.04967 3.8958 3.71653 3.50942 3.30548 3.01958 4.29524 2.99609 2.76767 2.49231 2.3858 3.58073 2.80336 3.71029 4.13961 2.61828 3.96104 2.87881 2.58842 3.40575 2.25568 3.0441 3.56301 2.95987 2.42475 2.88564 2.26231
threshold=0.52970370650291454 -0.03350000083446502 -0.20600000023841855 1.0000000180025095e-35 3.7860432863235478 0.37083333730697637 0.38000001013278967 0.90000000596046459 1.0000000180025095e-35 2.6755000352859502 0.25999999791383749 -1.9965000152587888 0.22510714083909991 -0.018000000156462189 0.53999999165534984 0.18666666746139529 0.22083333134651187 0.10000000521540643 0.36132296919822698 0.44572563469409948 0.25999999791383749 -2.9999999999999996 0.095833335071802153 -0.14111111313104627 0.43199999630451208 -0.28599999845027918 0.22083333134651187 0.29999999701976782 0.24583332985639575 0.28749999403953558
decision_type=2 2 2 2 2 2 2 2 2 2 2 2 2 2 2 2 2 2 2 2 2 2 2 2 2 2 2 2 2 2
left_child=3 2 6 5 8 7 11 13 10 -10 -3 -2 -7 15 18 16 17 -1 -15 -20 -21 22 -17 24 26 29 -23 28 -25 -26
right_child=1 4 -4 -5 -6 12 -8 -9 9 -11 -12 -13 -14 14 -16 21 -18 -19 19 20 -22 23 -24 27 25 -27 -28 -29 -30 -31
leaf_value=-0.040295036223059244 0.024041299969668081 0.0023060810408418782 0.00060786833623972802 -0.0031858992379408847 -0.017448581705073775 -0.0022444283579067239 -0.049975266603635715 0.030656843386774404 -0.00038313268902861699 0.04635055172838002 -0.00054291835686119119 -0.019869432085600294 0.026401825745652998 0.014218928481201527 0.066514974934919521 0.019115058430713625 -0.008619791311481417 0.00057202497275226933 -0.0026446126391481586 0.055564580785273869 -0.001063549772510361 -3.7581618949992094e-05 -0.033112394486119155 0.0067641175524209788 0.0015234481049972216 0.031808479040098557 -0.020887067287878005 -0.01090020505591659 0.051364751246337631 -0.0098537382830874778
leaf_weight=28 40 65 141 192 39 20 109 60 462 30 30 303 52 134 39 26 136 176 94 34 54 236 89 108 402 66 115 44 77 104
leaf_count=28 40 65 141 192 39 20 109 60 462 30 30 303 52 134 39 26 136 176 94 34 54 236 89 108 402 66 115 44 77 104
internal_value=-0.000691869 -0.00330189 -0.00737774 0.000699913 0.000559105 0.00133715 -0.00984513 0.000939664 0.00157581 0 0.00973684 -0.00736152 0.0125 0.000586137 0.00429577 -0.000233354 -0.00426471 0 0.00253165 -0.00137363 0.00625 0.000848461 -0.00630435 0.0015625 0.000460455 0.00270979 -0.00320513 0.00600437 0.00851351 0.00128458
internal_weight=3505 1219 593 2286 626 2094 452 2022 587 492 95 343 72 1962 355 1607 340 204 316 182 88 1267 115 1152 923 572 351 229 185 506
internal_count=3505 1219 593 2286 626 2094 452 2022 587 492 95 343 72 1962 355 1607 340 204 316 182 88 1267 115 1152 923 572 351 229 185 506
is_linear=0
shrinkage=0.05


Tree=52
num_leaves=31
num_cat=0
split_feature=18 18 56 27 46 37 56 18 12 18 11 9 11 13 5 13 0 16 37 6 16 27 27 45 18 35 35 18 35 11
split_gain=4.45005 5.09029 4.11036 3.90346 3.0978 3.58303 3.26758 5.73619 2.57125 2.70078 2.37185 3.56662 2.89381 2.37109 3.20375 2.35119 3.96408 3.97684 3.81418 3.30297 2.49118 2.42288 2.29693 2.2731 2.26983 2.41426 4.42328 2.24793 2.24558 2.26573
threshold=0.72240000963211071 0.73395556211471569 -1.4235000014305113 -4.9100999832153311 0.019166666083037857 -1.5968999862670896 -2.1690000295639034 0.43116666376590734 2.1974776983261113 0.49184595048427587 -0.001523430924862623 0.11998809128999711 -0.020258997566998001 -0.018000000156462189 0.27500000596046453 -0.14449999481439588 0.45999999344348913 1.1800000071525576 -0.47680000960826868 0.70000001788139354 0.38000001013278967 -0.05694999918341636 -0.086749996989965425 -0.69091665744781483 0.66316667199134838 -1.9965000152587888 -0.37600000202655787 0.37407778203487402 0.44949999451637274 0.0040293773636221894
decision_type=2 2 2 2 2 2 2 2 2 2 2 2 2 2 2 2 2 2 2 2 2 2 2 2 2 2 2 2 2 2
left_child=3 -2 -3 -1 6 27 7 -5 -9 -10 12 28 24 -7 -15 16 -13 23 21 20 -20 -17 -4 -18 25 -8 -27 -6 29 -12
right_child=1 2 22 4 5 13 10 8 9 -11 11 15 -14 14 -16 18 17 -19 19 -21 -22 -23 -24 -25 -26 26 -28 -29 -30 -31
leaf_value=0.089160234731447352 -0.045377198331538172 -0.052639965508478249 -0.015746580377356257 0.034137898995477645 -0.012833337816649748 -0.0057263872174415989 -0.0048719116724203525 -0.02748431326282157 -0.051021812656699563 0.006238990365334829 -0.016353770569194504 -0.0092679972317280656 0.019442144362801537 -0.0065919583317990476 0.011456577507176938 0.0084499969571858267 0.021134056728144057 -0.054155335953279482 -0.010233685168746901 0.025454441312468452 0.015716874347519897 -0.0023685377210359033 0.0043262658099015531 0.00051816784666243183 0.0029620144836890374 0.014567688439534425 9.1039537586598508e-05 0.017279406362719959 -0.014626540532409799 -0.00012276500263526947
leaf_weight=35 49 26 22 46 20 952 37 183 20 113 32 88 83 53 118 23 32 20 87 209 39 50 92 297 26 97 365 113 26 152
leaf_count=35 49 26 22 46 20 952 37 183 20 113 32 88 83 53 118 23 32 20 87 209 39 50 92 297 26 97 365 113 26 152
internal_value=-0.000606277 -0.00806878 -0.00321429 -0.000180941 -0.000358123 -0.00230892 0.000851852 -0.00345304 -0.00585443 -0.00056391 0.00178894 0.00035545 0.00427632 -0.00322796 0.00219298 0.00180473 -0.000743707 0.00164756 0.00453431 0.00679104 0.000396825 -0.00582192 0.000877193 0.00296353 0.00290476 0.00215431 0.00313853 0.00545113 -0.00547619 -0.00353261
internal_weight=3505 189 140 3316 3281 1256 2025 362 316 133 1663 1055 608 1123 171 845 437 349 408 335 126 73 114 329 525 499 462 133 210 184
internal_count=3505 189 140 3316 3281 1256 2025 362 316 133 1663 1055 608 1123 171 845 437 349 408 335 126 73 114 329 525 499 462 133 210 184
is_linear=0
shrinkage=0.05


Tree=53
num_leaves=31
num_cat=0
split_feature=18 18 27 21 13 13 9 2 53 13 28 16 35 0 16 9 9 16 18 44 18 21 21 13 53 27 16 4 16 35
split_gain=4.64864 4.19082 3.9461 3.38044 3.31474 2.78583 3.7879 2.84875 3.38688 3.68772 2.9197 3.55686 2.72731 2.58857 2.57626 2.37459 3.25973 2.35202 2.31568 2.3795 2.28187 2.33386 2.4926 2.19631 2.49184 2.1795 2.1452 2.20179 2.13405 2.59758
threshold=0.72240000963211071 0.73395556211471569 -4.9100999832153311 -0.13695000112056729 -0.42199999094009394 -0.018000000156462189 0.26178511977195745 0.18666666746139529 -1.3845000267028806 -0.75177779793739308 0.27144999802112585 0.97999998927116405 -1.1704999804496763 0.25999999791383749 1.4800000190734866 0.079303145408630385 0.2434986010193825 0.21999999880790713 0.50593650341033947 -1.4999999999999998 0.6712261736392976 -1.3109499812126157 -0.041100000962615006 0.12400000169873239 -1.6495000123977659 -1.0000000180025095e-35 0.34000000357627874 0.1799999997019768 0.25999999791383749 2.4202500581741337
decision_type=2 2 2 2 2 2 2 2 2 2 2 2 2 2 2 2 2 2 2 2 2 2 2 2 2 2 2 2 2 2
left_child=2 -2 -1 -3 -5 7 13 15 9 -9 11 20 -11 -7 -6 -4 -17 -8 28 -20 21 -10 -23 24 -19 -18 27 -25 -12 -30
right_child=1 3 5 4 14 6 17 8 10 12 18 -13 -14 -15 -16 16 25 23 19 -21 -22 22 -24 26 -26 -27 -28 -29 29 -31
leaf_value=0.084702222994874982 -0.04310833841496127 -0.03121558251392384 -0.0007974642709907226 -0.046731460286207387 0.026889305621349641 0.0093599366049619669 -0.002639390277256546 -0.027972016513744813 -0.028191227780738893 0.0063823983240500542 -0.0074411771548845984 -0.0059867662982817206 -0.0084301131594850861 0.037213303782277343 -5.4858846552557908e-05 -0.012688240490030367 -0.008430243028705986 -0.0082667358906696534 -0.0075026609005851346 0.020608506896345496 0.0058085895557645293 0.0088931278199101457 0.00034286343001957989 0.049619555020019003 0.0025707544084057309 0.0029001096404066137 0.030305646580019441 -0.0020245028090916275 0.0017381715996614006 0.018209100498965243
leaf_weight=35 49 34 271 28 25 144 70 73 43 160 93 49 419 61 53 107 23 41 273 30 30 231 675 25 125 35 52 46 170 35
leaf_count=35 49 34 271 28 25 144 70 73 43 160 93 49 419 61 53 107 23 41 273 30 30 231 675 25 125 35 52 46 170 35
internal_value=-0.000706134 -0.00833333 -0.000271411 -0.00392857 0.000471698 -0.000449558 0.00274823 -0.00111336 -0.000405524 -0.00345092 0.000813382 0.00243191 -0.00211572 0.00817073 0.00576923 -0.00481651 -0.00954545 -0.000348189 -0.00195507 -0.005033 0.00308989 0.0026607 0.00320088 0.0016436 -0.00210843 0 0.00670732 0.00105634 0.0011745 0.00402439
internal_weight=3505 189 3316 140 106 3281 564 2717 2281 652 1629 1028 579 205 78 436 165 359 601 303 979 949 906 289 166 58 123 71 298 205
internal_count=3505 189 3316 140 106 3281 564 2717 2281 652 1629 1028 579 205 78 436 165 359 601 303 979 949 906 289 166 58 123 71 298 205
is_linear=0
shrinkage=0.05


Tree=54
num_leaves=31
num_cat=0
split_feature=27 53 18 14 13 9 16 35 16 2 13 2 9 10 11 45 2 14 13 13 14 9 53 13 35 36 47 2 16 0
split_gain=4.16567 3.45046 4.54797 3.62479 3.78498 4.3505 5.88187 3.53033 3.239 4.29618 3.9964 4.22509 3.712 3.67356 3.2299 3.11715 2.94833 3.20158 2.88981 2.81743 3.45643 3.14734 3.27435 2.75665 2.61139 2.49648 2.37336 2.19238 2.43893 2.18975
threshold=-4.9100999832153311 -2.0924999713897701 0.71116051077842724 0.40416666865348821 -0.018000000156462189 0.36132296919822698 0.34000000357627874 -1.1704999804496763 1.1800000071525576 0.18666666746139529 -0.14111111313104627 0.43199999630451208 0.20146030932664874 -8.8865880966186506 -0.029084592126309868 1.5462499856948855 0.5000000149011613 0.11250000074505807 -0.25200000405311579 -0.28599999845027918 0.10416666790843011 0.28240698575973516 0.19299999624490741 0.049444444477558143 1.3309999704360964 -0.28485000133514399 1.3780411481857302 0.63133332133293163 0.25999999791383749 0.45999999344348913
decision_type=2 2 2 2 2 2 2 2 2 2 2 2 2 2 2 2 2 2 2 2 2 2 2 2 2 2 2 2 2 2
left_child=-1 2 7 4 8 25 -7 -2 9 13 11 14 -10 -3 -11 -9 17 -12 -14 20 24 -21 -23 -8 27 -6 -22 28 29 -13
right_child=1 3 -4 -5 5 6 23 15 12 10 16 19 18 -15 -16 -17 -18 -19 -20 21 26 22 -24 -25 -26 -27 -28 -29 -30 -31
leaf_value=0.080467111845131223 0.0051177987489895421 -0.001180265600940883 -0.051348052134337512 -0.0035803997501588861 0.046511006041999405 -0.0025705666966639473 -0.0019799970521546455 -0.014096830891264856 0.0056703509350880567 0.00025495923845798602 -0.0026187010093891129 0.0005753436755070898 -0.046066858793629761 -0.017247135644597882 -0.0074450891587369344 0.008873066569021584 -0.0065406984257460332 0.035668462527497773 -0.001952415379814268 0.044111725476222038 -0.00040236690295969435 -0.0027925687968010397 0.01729864547401698 0.06051998850023569 -0.014771272271905868 0.015686877046778801 -0.025384052060774688 0.0027180360394712831 0.0024177005360855441 -0.00051039635793929852
leaf_weight=35 188 355 42 153 43 148 28 298 20 220 55 22 52 45 269 66 69 198 30 61 471 35 27 66 33 171 61 125 48 71
leaf_count=35 188 355 42 153 43 148 28 298 20 220 55 22 52 45 269 66 69 198 30 61 471 35 27 66 33 171 61 125 48 71
internal_value=-0.000734665 -0.000907781 -0.0043771 -0.000191238 0.000229526 0.00438596 -0.000206612 -0.00317029 -0.000606528 -0.000196305 0.000864023 -0.000259875 -0.00931373 -0.004875 -0.00403885 -0.00604396 0.00590062 0.00839921 -0.0140244 0.00167715 0.000631769 0.00873984 0.000806452 0.00957447 0.00493311 0.00957944 -0.00178571 0.00657895 0.00230496 -0.00241935
internal_weight=3505 3470 594 2876 2723 456 242 552 2267 2165 1765 1443 102 400 489 364 322 253 82 954 831 123 62 94 299 214 532 266 141 93
internal_count=3505 3470 594 2876 2723 456 242 552 2267 2165 1765 1443 102 400 489 364 322 253 82 954 831 123 62 94 299 214 532 266 141 93
is_linear=0
shrinkage=0.05


Tree=55
num_leaves=31
num_cat=0
split_feature=13 10 14 22 16 46 46 53 44 9 46 45 12 12 37 10 14 3 46 3 45 9 0 44 9 46 5 26 28 47
split_gain=4.16381 6.16392 3.30937 2.77714 2.34662 2.25988 2.61433 2.58151 3.0926 2.92901 2.43758 2.40074 2.03198 2.21938 2.44819 2 1.99432 1.98314 2.62924 2.59068 2.03819 1.94068 4.72617 4.43077 2.1738 2.1414 2.15566 1.94115 1.82325 1.90476
threshold=-0.71177777647972096 -13.810556411743162 0.41249999403953558 0.11285000294446947 0.29999999701976782 -0.070666667073965059 -1.1344999670982359 0.75249999761581432 -12.499999999999998 0.05383602902293206 -0.48250000178813929 -2.442499995231628 3.9688667058944707 1.3950487375259402 -0.87090000510215748 -9.7515797615051252 0.054166667163372047 0.19831921160221103 0.065166667103767409 0.15896825492382052 -0.16074999421834943 0.17372192442417148 0.4200000017881394 -1.4999999999999998 0.16242232918739322 0.39049999415874487 0.27500000596046453 0.067999999970197691 0.023149999789893631 0.75237819552421581
decision_type=2 2 2 2 2 2 2 2 2 2 2 2 2 2 2 2 2 2 2 2 2 2 2 2 2 2 2 2 2 2
left_child=1 16 5 -4 -3 6 15 9 -9 -8 -11 -7 13 14 -13 -2 -1 19 20 -14 -19 24 23 -23 -16 26 27 -24 -22 -30
right_child=2 4 3 -5 -6 11 7 8 -10 10 -12 12 17 -15 21 -17 -18 18 -20 -21 28 22 25 -25 -26 -27 -28 -29 29 -31
leaf_value=0.001411049216438391 -0.058225248773715578 -0.022712614118091046 -0.00071998906427034326 -0.01480245060137312 -0.044209932402869995 0.059822986604513156 -0.0054427394100155313 -0.019285542141802101 0.011680041094278427 0.04073725993438701 0.00081649643932537046 0.011765024939312734 0.00042755536900905078 -0.0026862092201231681 -0.0020153874197811968 -0.0042345849467044939 -0.0023719667110938371 -0.012880636331223215 0.0095782198730191958 -0.0091969835696094123 -0.0011438877110485793 -0.012426626386838028 -0.0018340777775583622 0.052859514813222597 -0.0096527184878395806 0.016703408723708981 0.00048072748931913157 -0.016419831919129657 0.0029400999558344826 -0.0080158167258998891
leaf_weight=22 27 111 75 30 93 30 42 29 335 37 504 102 173 543 318 54 26 45 171 73 83 20 150 52 24 44 182 49 60 24
leaf_count=22 27 111 75 30 93 30 42 29 335 37 504 102 173 543 318 54 26 45 171 73 83 20 150 52 24 44 182 49 60 24
internal_value=-0.000552721 -0.00674603 -7.63126e-05 -0.00880952 -0.0105392 0.000212867 0.00214008 0.00287751 0.00618132 0.000814751 0.00180222 -0.000711619 -0.000911027 -0.00192049 -0.000451647 -0.00648148 0.009375 0.00147059 0.00372063 -0.00203252 0 -0.00134088 0.000653924 0.0125 -0.00423977 -0.00135294 -0.00255906 -0.00615578 0.00254491 0.0077381
internal_weight=3528 252 3276 105 204 3171 1028 947 364 583 541 2143 2113 1484 941 81 48 629 383 246 212 839 497 72 342 425 381 199 167 84
internal_count=3528 252 3276 105 204 3171 1028 947 364 583 541 2143 2113 1484 941 81 48 629 383 246 212 839 497 72 342 425 381 199 167 84
is_linear=0
shrinkage=0.05


Tree=56
num_leaves=31
num_cat=0
split_feature=13 16 27 46 35 56 16 45 47 35 46 45 12 45 16 46 9 56 36 56 2 20 28 16 45 16 18 36 2 21
split_gain=3.77324 5.74294 3.18402 3.0235 3.29797 2.60662 3.19254 2.92047 2.54309 2.31368 2.26636 2.4488 2.65803 3.22211 2.43038 2.1496 2.10332 2.00398 1.98446 2.1486 2.72207 1.9404 2.06337 1.97378 1.93773 1.92534 1.90505 1.87655 1.74828 2.1758
threshold=-0.71177777647972096 0.29999999701976782 -4.9100999832153311 0.022166666574776176 -0.90025001764297474 1.0000000180025095e-35 0.49999998509883886 0.36108332872390753 0.24545094370841983 -1.8087499737739561 0.061833333224058158 5.5708332061767587 3.902423739433289 0.63574999570846569 0.29999999701976782 0.0041666666511446246 0.14865106344223025 1.2530000209808352 -0.89140000939369191 -2.3585000038146968 0.14355555921792987 -0.98925000429153431 -2.5189000368118282 0.25999999791383749 -0.58291664719581593 0.25999999791383749 0.53235557675361644 0.2334999963641167 0.52599999308586132 -0.23825000226497647
decision_type=2 2 2 2 2 2 2 2 2 2 2 2 2 2 2 2 2 2 2 2 2 2 2 2 2 2 2 2 2 2
left_child=1 8 -2 5 17 7 28 15 -1 -10 14 12 -12 -14 27 18 -8 -5 21 24 -21 22 -4 -23 25 -20 -3 -6 29 -7
right_child=2 26 3 4 10 6 16 -9 9 -11 11 -13 13 -15 -16 -17 -18 -19 19 20 -22 23 -24 -25 -26 -27 -28 -29 -30 -31
leaf_value=0.0013404967556164714 0.10927360740399222 -0.012695099670819077 0.043186767810726147 0.0021148313289007618 0.0071077152444364413 0.0068958433158397003 0.014777193994533056 -0.026896032551302008 0.029135374189238575 -0.024720519444504443 -0.0042584158529029191 -0.014533059002767426 -0.00040265283935636553 0.030815364510126387 -0.011788351317002533 -0.0057655114814896078 0.0080751134270844339 0.029707997275565497 -0.055021371449101852 -0.0036928387660347022 0.00036931894744074732 0.00055343232000379459 -0.0036716577442387336 0.02295739429387475 -0.056702382454562633 -0.0022965671618747708 -0.064951806395674258 -0.013125422768338264 0.019126034181866439 -0.00056205027218953212
leaf_weight=43 35 41 30 234 35 70 43 22 23 91 565 23 171 55 98 40 57 24 41 121 878 59 56 56 20 117 54 23 42 361
leaf_count=43 35 41 30 234 35 70 43 22 23 91 565 23 171 55 98 40 57 24 41 121 878 59 56 56 20 117 54 23 42 361
internal_value=-0.000453515 -0.00634921 0 -0.000161987 -0.00211726 0.0010308 0.00388307 -0.000104167 -0.000477707 -0.00438596 -0.00345361 -0.00239558 -0.00192794 0.00265487 -0.00897436 0.000176305 0.012 0.00290698 0.000507983 -0.000276126 0.000625626 0.0050995 -0.000581395 0.00934783 -0.00533708 -0.00348101 -0.0160526 -0.000862069 0.00216702 0.0012181
internal_weight=3528 252 3276 3241 1228 2013 573 1440 157 114 970 814 791 226 156 1418 100 258 1378 1177 999 201 86 115 178 158 95 58 473 431
internal_count=3528 252 3276 3241 1228 2013 573 1440 157 114 970 814 791 226 156 1418 100 258 1378 1177 999 201 86 115 178 158 95 58 473 431
is_linear=0
shrinkage=0.05


Tree=57
num_leaves=31
num_cat=0
split_feature=16 16 16 10 20 44 9 14 21 21 9 47 36 10 14 21 50 37 12 10 18 11 12 51 18 14 14 26 36 18
split_gain=3.17561 3.84033 3.2121 4.26047 5.34278 2.36204 5.39059 2.29301 2.287 2.25013 1.95566 2.81979 1.89932 1.88837 2.51383 2.15751 1.82674 2.61274 1.80325 2.8979 4.27817 2.92026 2.75298 2.91638 1.97675 3.32297 2.95636 2.04765 4.53027 1.99876
threshold=0.97999998927116405 0.85999998450279247 0.4200000017881394 -9.5484142303466779 -1.2507500052452085 -6.4999999999999991 0.2052717208862305 0.37083333730697637 0.41935001313686376 0.30390000343322759 0.15916388481855395 0.75237819552421581 0.64984998106956493 -9.3615336418151838 0.41249999403953558 -0.074400000274181352 2.5000000000000004 0.10599999874830247 0.59273695945739757 -11.993721961975096 0.68561109900474559 0.417929157614708 4.7493693828582773 -0.53299999237060536 0.3845036923885346 0.31250000000000006 0.087500002235174193 0.82799997925758373 0.48399999737739569 0.51742064952850353
decision_type=2 2 2 2 2 2 2 2 2 2 2 2 2 2 2 2 2 2 2 2 2 2 2 2 2 2 2 2 2 2
left_child=1 2 7 4 -4 6 -2 16 10 13 -3 -12 -7 -5 15 -15 18 -18 -1 20 21 -20 24 -24 25 -21 29 -28 -29 -26
right_child=5 8 3 9 -6 12 -8 -9 -10 -11 11 -13 -14 14 -16 -17 17 -19 19 22 -22 -23 23 -25 26 -27 27 28 -30 -31
leaf_value=0.00083965468102478735 0.0050668025903549685 2.7199198615734944e-05 0.00039944953746835489 -0.0074847875361057975 -0.021605661137048426 -0.0028315166189749521 -0.047320853261540355 0.018363276098550308 -0.0071182534924048692 0.010351656733451712 0.073728749594961229 0.02231096230155153 0.0081352707017177152 0.015630370870751253 -0.0030208239366692514 -0.00050528933466826296 0.0244282929883286 -0.0080237470008573172 0.00032534429236800262 -0.01350673408087627 0.0061246613536621438 -0.0029445717401670561 -0.017413927617888788 0.0049582264031129315 0.015368981705666522 0.0028443133310374676 -0.0086024204756794398 -0.010002106298133254 0.01021755798329043 -0.032180697631016816
leaf_weight=927 23 59 57 21 137 238 54 89 41 33 38 88 22 27 36 41 53 22 336 128 34 77 57 209 82 38 315 126 86 34
leaf_count=927 23 59 57 21 137 238 54 89 41 33 38 88 22 27 36 41 53 22 336 128 34 77 57 209 82 38 315 126 86 34
internal_value=-0.000354308 0.000133187 -0.0003457 -0.00482955 -0.00979381 -0.00497033 -0.0126623 0.000258324 0.00641593 0.00126582 0.00878378 0.0123016 -0.00269231 -0.0018 0.000961538 0.00661765 -1.98098e-05 0.00766667 -0.000255206 -0.00131406 0.00206935 0.00066586 -0.00272093 0.00169173 -0.00417182 -0.00903614 -0.00291602 -0.00450664 -0.000707547 0.00431034
internal_weight=3528 3191 2965 352 194 337 77 2613 226 158 185 126 260 125 104 68 2524 75 2449 1522 447 413 1075 266 809 166 643 527 212 116
internal_count=3528 3191 2965 352 194 337 77 2613 226 158 185 126 260 125 104 68 2524 75 2449 1522 447 413 1075 266 809 166 643 527 212 116
is_linear=0
shrinkage=0.05


Tree=58
num_leaves=31
num_cat=0
split_feature=27 13 10 46 35 18 16 45 13 46 8 22 18 16 37 8 47 8 36 13 26 10 35 16 27 27 45 44 11 20
split_gain=3.56204 3.59068 5.8125 3.25297 2.91149 2.45455 2.13187 2.07172 3.02911 1.99175 2.46986 3.45219 2.15154 2.01569 1.98081 5.33968 2.16035 2.02823 1.89802 1.7781 1.77487 2.80551 2.56758 2.68308 2.64944 2.88396 2.5816 2.68448 2.1753 1.79884
threshold=-4.9100999832153311 -0.71177777647972096 -13.810556411743162 0.022166666574776176 -0.4797499924898147 0.71210584044456493 1.1800000071525576 3.9916666746139531 0.12400000169873239 0.061833333224058158 1.5666666626930239 0.88324999809265148 0.37407778203487402 0.29999999701976782 -2.7354999780654903 1.1000000238418581 4.0832669734954843 1.8999999761581423 0.1600499972701073 -0.014666667208075522 0.14775000512599948 -14.557687282562254 0.44949999451637274 0.62000000476837169 0.49954999983310705 1.6675999760627749 0.68308332562446605 -2.4999999999999996 -0.013486680574715136 1.2220000028610232
decision_type=2 2 2 2 2 2 2 2 2 2 2 2 2 2 2 2 2 2 2 2 2 2 2 2 2 2 2 2 2 2
left_child=-1 2 -2 14 -5 -4 7 8 9 13 12 -12 -11 18 15 16 -3 20 -6 -19 -16 -22 23 -23 26 -26 28 -28 29 -24
right_child=1 3 5 4 6 -7 -8 -9 -10 10 11 -13 -14 -15 17 -17 -18 19 -20 -21 21 22 24 -25 25 -27 27 -29 -30 -31
leaf_value=0.080424447812555283 0.0011505883001376553 -0.012334407279984611 -0.023787660340370956 0.0015352166605539592 0.0087579397265120599 -0.069807330252998498 -0.022937476211665888 -0.011624111900144191 0.048717520737726561 -0.011974972229853094 -0.0019728599052994955 0.019416660732366312 -0.0018296087562140084 -0.011030458348511874 0.00017792700433395814 0.0091371070500547349 -0.0032973315278124419 1.2702595877412196e-05 -0.018724864609110853 -0.005243755765900234 -0.0045305861309688829 0.013054947791973266 0.0083787764853349156 0.01699911370452073 0.012005115448186637 -0.011798539576798512 -0.0035280208410802595 0.05795723730311711 -0.010231831002325581 -0.0087960175441765161
leaf_weight=39 48 55 176 388 32 24 43 35 27 86 56 26 440 74 1159 36 29 30 21 23 22 300 20 26 100 26 27 31 108 21
leaf_count=39 48 55 176 388 32 24 43 35 27 86 56 26 440 74 1159 36 29 30 21 23 22 300 20 26 100 26 27 31 108 21
internal_value=-0.000283447 -0.000451419 -0.00625 -7.71367e-06 -0.00203583 -0.01 -0.00369048 -0.0031054 -0.00255906 -0.00316327 -0.00197368 0.00609756 -0.00323194 -0.00885827 0.00122951 -0.005 -0.0119048 0.00162441 -0.00141509 -0.00801887 0.00190217 0.00392805 0.00451442 0.00766871 0.00142643 0.00714286 -0.00205314 0.00689655 -0.00553691 0.00426829
internal_weight=3528 3489 248 3241 1228 200 840 797 762 735 608 82 526 127 2013 120 84 1893 53 53 1840 681 659 326 333 126 207 58 149 41
internal_count=3528 3489 248 3241 1228 200 840 797 762 735 608 82 526 127 2013 120 84 1893 53 53 1840 681 659 326 333 126 207 58 149 41
is_linear=0
shrinkage=0.05


Tree=59
num_leaves=31
num_cat=0
split_feature=27 13 16 37 4 50 12 5 12 12 53 35 6 37 35 16 14 56 9 0 44 51 14 14 53 14 21 18 27 18
split_gain=3.56204 3.34533 5.32427 2.2499 2.26148 2.12937 3.42979 2.4381 1.8633 3.67841 2.98794 5.3359 3.43595 2.30705 2.30488 2.83757 2.12542 2.19024 1.99226 2.76931 4.14329 2.50509 2.97356 3.37303 1.95831 1.87648 1.81462 1.79068 1.77084 1.76978
threshold=-4.9100999832153311 -0.71177777647972096 0.29999999701976782 0.13194999843835833 1.060000002384186 2.5000000000000004 2.0369949340820317 0.42499999701976782 1.3950487375259402 2.5305970907211308 -0.83149999380111683 -1.2850000262260435 0.10555555671453477 -1.1112000346183775 -0.25625000894069666 0.1799999997019768 0.029166667722165588 -4.3529999256134024 0.12809187918901446 0.4200000017881394 -1.4999999999999998 -0.94749999046325672 0.22083333134651187 0.029166667722165588 2.2910000085830693 0.23749999701976779 -1.2721500396728513 0.36770370602607733 0.89395001530647289 0.52134984731674205
decision_type=2 2 2 2 2 2 2 2 2 2 2 2 2 2 2 2 2 2 2 2 2 2 2 2 2 2 2 2 2 2
left_child=-1 2 3 -2 -5 8 7 -7 14 25 11 13 -12 -11 15 -3 -17 28 21 20 27 -16 23 -23 -21 -10 -13 -20 -18 -4
right_child=1 5 29 4 -6 6 -8 -9 9 10 12 26 -14 -15 18 16 17 -19 19 24 -22 22 -24 -25 -26 -27 -28 -29 -30 -31
leaf_value=0.076403225421927512 0.0010121580014840197 -0.027441391531405901 -0.0059685930177745929 -0.033204415827310929 0.0080123687138131793 0.0078715062246390698 0.02416876648613836 -0.023378385306723249 -0.028269926283565162 0.0014870614002688749 0.0062752011843593943 0.012656750558893801 1.6942888468240993e-05 0.019902966282252379 -0.041733309416200702 -0.043013575008953385 -0.037091565489884355 0.0091604767314987286 -0.010265523544495595 1.9603083059778126e-05 0.047933865567208599 -0.01341403891611254 -0.0048975315687025183 0.0037765417386370717 -0.054856613348619222 -0.0024964425844714085 -0.014132630487630436 0.0073805995744230819 0.012522379388571959 -0.052621241370945732
leaf_weight=39 93 42 31 37 24 28 78 20 58 87 71 21 981 27 25 31 20 326 24 524 74 61 69 120 21 220 240 46 27 63
leaf_count=39 93 42 31 37 24 28 78 20 58 87 71 21 981 27 25 31 20 326 24 524 74 61 69 120 21 220 240 46 27 63
internal_value=-0.000283447 -0.000451419 -0.00604839 -0.000324675 -0.00778689 -2.3141e-05 0.00634921 -0.00416667 -0.000280899 -0.00139296 -0.000367905 -0.0042 0.000998099 0.00482456 0.00106383 0.00403587 0.00532178 0.00636729 -0.000311203 0.00112482 0.00729167 -0.00390909 -0.0024 0.000966851 -0.000504587 -0.00665468 -0.00814176 -0.00142857 -0.0037234 -0.0154255
internal_weight=3528 3489 248 154 61 3241 126 48 3115 1705 1427 375 1052 114 1410 446 404 373 964 689 144 275 250 181 545 278 261 70 47 94
internal_count=3528 3489 248 154 61 3241 126 48 3115 1705 1427 375 1052 114 1410 446 404 373 964 689 144 275 250 181 545 278 261 70 47 94
is_linear=0
shrinkage=0.05


Tree=60
num_leaves=31
num_cat=0
split_feature=18 10 45 46 46 53 2 44 37 12 13 35 18 18 16 13 13 8 12 46 21 21 18 21 12 14 11 44 10 13
split_gain=4.07388 5.62482 3.03255 2.60263 2.91145 2.55393 2.85521 2.77778 2.50953 2.31386 3.55066 2.23934 2.08937 2.45859 3.31119 3.55907 2.98398 2.47546 3.13651 2.36523 2.32608 2.01438 1.98557 2.98287 2.38705 2.81919 2.56426 1.97586 1.95911 2.38
threshold=0.72240000963211071 -9.7201170921325666 -8.0194168090820295 -2.1233333945274349 0.022166666574776176 0.62099999189376842 0.18666666746139529 1.0000000180025095e-35 -1.5968999862670896 2.0987914800643925 -0.14449999481439588 -0.74974998831748951 0.52556851506233226 0.56865182518959057 0.25999999791383749 -0.54000002145767201 -0.20199999958276746 0.70000001788139354 1.7101047635078432 0.032833334058523185 -0.032600000500679009 2.5601999759674077 0.36770370602607733 -0.074400000274181352 4.4539244174957284 0.31250000000000006 0.2311523109674454 1.0000000180025095e-35 -9.0629258155822736 0.014166666660457851
decision_type=2 2 2 2 2 2 2 2 2 2 2 2 2 2 2 2 2 2 2 2 2 2 2 2 2 2 2 2 2 2
left_child=2 -2 -1 11 5 21 7 -7 -6 -8 -11 -4 19 17 15 -15 -16 -14 -19 -10 -17 -5 23 -21 25 -24 -26 -25 -3 -30
right_child=1 28 3 4 8 6 9 -9 12 10 -12 -13 13 14 16 20 -18 18 -20 22 -22 -23 24 27 26 -27 -28 -29 29 -31
leaf_value=0.049770049346485302 -0.037565875158266641 0.0037626057582669905 -0.014785708942259879 0.00015327575500055291 0.0079870168945281438 -0.0025268347233948691 0.02647025822141541 0.019611069550811544 -0.007671962227238727 -0.0015784937576803501 0.023325355441002272 -0.23639653969234706 -0.14955007588824984 -0.020101402328556152 -0.026376874143336382 0.0054953380714193216 0.0066124587036848481 0.010389493760782631 -0.016612380575400643 0.0025322814794502576 0.036020928090155703 -0.0070495765315652728 0.0015668536835074271 -0.015301623956170211 0.033307742367320002 -0.005719899558426722 0.0034681416562400268 0.015719220993083961 -0.024127500048974421 0.016421456413557436
leaf_weight=23 66 37 61 1380 133 150 189 30 40 104 71 21 48 23 105 41 32 29 56 88 29 36 290 98 23 84 99 20 50 35
leaf_count=23 66 37 61 1380 133 150 189 30 40 104 71 21 48 23 105 41 32 29 56 88 29 36 290 98 23 84 99 20 50 35
internal_value=-2.14838e-05 -0.00718085 0.000386013 0.000259146 0.000484678 0.00168367 0.00459559 -0.000555556 -0.00141357 0.00714286 0.003 -0.00853659 -0.00219457 -0.00530303 -0.00217391 0.00510753 -0.00711679 -0.0107143 -0.00558824 -0.000673854 0.0107143 0.000564972 0 -0.00412621 0.00171371 -0.00026738 0.00778689 -0.00932203 -0.000819672 -0.005
internal_weight=3491 188 3303 3280 3198 1960 544 180 1238 364 175 82 1105 363 230 93 137 133 85 742 70 1416 702 206 496 374 122 118 122 85
internal_count=3491 188 3303 3280 3198 1960 544 180 1238 364 175 82 1105 363 230 93 137 133 85 742 70 1416 702 206 496 374 122 118 122 85
is_linear=0
shrinkage=0.05


Tree=61
num_leaves=31
num_cat=0
split_feature=16 47 51 20 9 16 45 18 18 21 2 18 21 10 21 0 10 9 16 37 26 17 10 45 17 37 56 28 20 22
split_gain=3.62939 3.07637 2.80991 3.23983 3.45336 2.81753 3.49528 2.73953 2.85309 3.23386 2.85873 2.7563 2.71168 2.68146 2.27312 3.1618 2.26929 3.28189 2.42906 2.25121 2.1739 2.08656 2.07515 2.05063 3.27078 2.00957 2.00209 3.27557 2.31789 2.06124
threshold=0.97999998927116405 14.299157142639162 -1.0115000009536741 -1.064750015735626 0.14757101237773898 0.38000001013278967 -0.085416667163372026 0.40893332660198217 0.498731479048729 -0.85460001230239857 0.08000000007450582 0.56529894471168529 2.5601999759674077 -9.6013193130493146 0.1271999999880791 0.62000000476837169 -9.1838188171386701 0.45371010899543768 0.29999999701976782 -0.42994999885559076 -0.015249999705702065 0.20833333581686023 -9.0316057205200178 0.14083333313465121 0.54166665673255932 -0.822649985551834 2.4220000505447392 0.28049999475479132 3.5944999456405644 0.59970000386238109
decision_type=2 2 2 2 2 2 2 2 2 2 2 2 2 2 2 2 2 2 2 2 2 2 2 2 2 2 2 2 2 2
left_child=1 2 3 4 -1 6 13 14 10 11 -9 -10 26 -5 15 22 17 -12 -19 25 -18 -7 -4 -24 -25 -16 27 -11 29 -28
right_child=-2 -3 7 5 -6 21 -8 8 9 12 16 -13 -14 -15 19 -17 20 18 -20 -21 -22 -23 23 24 -26 -27 28 -29 -30 -31
leaf_value=-0.016956891282005632 -0.004191866396438813 0.049795209155129742 -7.9318374057657517e-05 -0.0036501083439902577 0.005173181841719738 -0.061247472096429334 -0.058838300867939855 -0.010200431272673539 -0.17140802011802062 0.00056887061983637945 0.0017767476127183769 -0.00078394390543590729 -0.0099387396085227012 0.029176944374242387 -0.011907040693522497 -0.046053642868679835 0.028499656240499428 0.00038748906931792513 0.092082120649376709 -0.0019828083712079615 0.013916619439603118 -0.0086013532085534479 0.017366559515846151 -0.0028766608619390567 0.02275776225619848 -0.026606199230404748 0.0058699350578668708 -0.0061282381899177372 -0.0063721224038435723 0.036628892738824324
leaf_weight=52 342 20 338 323 358 40 40 25 25 407 291 36 32 43 55 24 58 36 29 225 105 112 79 58 21 21 29 209 22 36
leaf_count=52 342 20 338 323 358 40 40 25 25 407 291 36 32 43 55 24 58 36 29 225 105 112 79 58 21 21 29 209 22 36
internal_value=-7.8774e-05 0.000452525 0.000327581 -0.00191116 0.00146341 -0.00439068 -0.00221675 0.0013304 0.00272388 0.000816583 0.00551471 -0.0102459 0.00173469 -0.00068306 -0.000943971 0.00105769 0.00631021 0.00407303 0.0142308 -0.00440199 0.0111963 -0.0101974 0.00191532 0.00664557 0.000949367 -0.0118421 0.00238265 0.00137987 0.00948276 0.0142308
internal_weight=3491 3149 3129 968 410 558 406 2161 1340 796 544 61 735 366 821 520 519 356 65 301 163 152 496 158 79 76 703 616 87 65
internal_count=3491 3149 3129 968 410 558 406 2161 1340 796 544 61 735 366 821 520 519 356 65 301 163 152 496 158 79 76 703 616 87 65
is_linear=0
shrinkage=0.05


Tree=62
num_leaves=31
num_cat=0
split_feature=18 10 27 10 51 18 21 18 11 0 44 18 18 13 2 20 44 13 21 12 35 18 53 2 10 14 21 44 44 27
split_gain=3.03093 4.95952 2.86298 2.36207 2.08345 3.25866 2.88839 3.13756 3.08828 2.40043 2.91477 2.9206 2.30131 2.39313 3.59762 2.76572 3.03855 3.03602 3.00724 2.45348 2.1839 2.18025 2.1945 2.10599 2.04013 2.737 3.57884 2.31527 1.97658 1.91255
threshold=0.72240000963211071 -9.7201170921325666 -5.3254001140594474 -9.0629258155822736 -0.48149999976158137 0.40893332660198217 -0.074400000274181352 0.51588761806488048 0.35909767448902136 0.1799999997019768 1.0000000180025095e-35 0.59384918212890636 0.39714285731315618 -0.34000000357627863 0.53999999165534984 -1.0439999699592588 -1.4999999999999998 0.13688889145851138 0.20745000243186953 0.21632621437311175 0.085750002413988127 0.498731479048729 4.7639999389648446 0.27400000393390661 -9.2220683097839338 0.29583333432674414 0.4066500067710877 -9.4999999999999982 -11.499999999999998 -0.094149999320507036
decision_type=2 2 2 2 2 2 2 2 2 2 2 2 2 2 2 2 2 2 2 2 2 2 2 2 2 2 2 2 2 2
left_child=2 -2 -1 -3 6 12 7 28 20 10 11 -7 13 -6 15 -15 18 -18 19 -17 -9 24 -23 -8 25 26 -11 -27 -4 -30
right_child=1 3 4 -5 5 9 23 8 -10 21 -12 -13 -14 14 -16 16 17 -19 -20 -21 -22 22 -24 -25 -26 27 -28 -29 29 -31
leaf_value=0.12871351746056867 -0.035712114286485332 0.0037840687901755823 -0.0077707736318099428 -0.0049395777441079321 0.0011196539996561799 -0.0025972264423685387 -0.01998767797814674 0.0021842709045484603 -0.036518181075267608 0.00033683976439242443 0.021646496063763468 0.013661016578649888 -0.010054801335759726 -0.0054930385469547632 -0.045963646983232624 -0.011223607809557924 0.006204990104423447 -0.0060403172229758972 -0.0096202434779727938 0.00083470977593734475 -0.014524244486434924 0.0004528977818507918 -0.0073468335173991484 -0.005408108278619264 0.024353402185710096 -0.016565949975964778 0.019130636928715646 0.004060170475882652 0.0048820638402533173 0.018056810933252058
leaf_weight=25 66 37 74 85 59 151 51 248 60 140 33 25 63 76 20 29 209 26 98 169 92 597 46 432 134 20 66 23 275 62
leaf_count=25 66 37 74 85 59 151 51 248 60 140 33 25 63 76 20 29 209 26 98 169 92 597 46 432 134 20 66 23 275 62
internal_value=-0.000207677 -0.00638298 0.000143809 -0.000409836 1.52532e-05 0.00103327 -0.0015456 0.000277435 -0.002875 0.00261134 -0.00227273 -0.00482955 -0.00156876 -0.000728863 -0.00163477 -0.000947282 0.000329567 0.00457447 -0.00304054 0.000505051 -0.00102941 0.00360624 0.00182737 -0.00460663 0.00659269 0.00391566 0.00631068 -0.00755814 0.0033455 0.00497033
internal_weight=3491 188 3303 122 3278 1984 1294 811 400 1235 209 176 749 686 627 607 531 235 296 198 340 1026 643 483 383 249 206 43 411 337
internal_count=3491 188 3303 122 3278 1984 1294 811 400 1235 209 176 749 686 627 607 531 235 296 198 340 1026 643 483 383 249 206 43 411 337
is_linear=0
shrinkage=0.05


Tree=63
num_leaves=31
num_cat=0
split_feature=16 13 27 46 53 20 14 12 46 0 13 10 8 14 1 9 13 46 0 2 13 10 14 3 18 2 9 13 8 11
split_gain=3.61257 3.31495 2.81332 2.78536 2.63135 3.23202 2.88074 2.56639 2.49064 2.75097 3.93494 2.47187 3.67997 5.38258 2.57031 2.25406 3.32269 3.37302 3.15291 2.81982 5.23588 2.36479 2.16181 2.11964 2.104 2.10154 2.55398 2.22459 3.65249 3.01392
threshold=0.97999998927116405 -0.34733332693576807 -5.3254001140594474 -0.16083332896232602 -1.4050000309944151 -1.064750015735626 0.41249999403953558 0.53770154714584362 -2.1233333945274349 0.1799999997019768 0.021999999880790714 -9.0005626678466779 1.3666666746139529 0.21249999850988391 0.47499999403953558 0.25716295838356024 -1.0000000180025095e-35 -0.23650000244379041 0.38000001013278967 0.43199999630451208 -0.22999999672174451 -11.819492816925047 0.18750000000000003 0.3211930543184281 0.52114614844322216 0.24511111527681353 0.11998809128999711 -0.14111111313104627 0.96666666865348827 0.057268733158707626
decision_type=2 2 2 2 2 2 2 2 2 2 2 2 2 2 2 2 2 2 2 2 2 2 2 2 2 2 2 2 2 2
left_child=2 -2 -1 -3 5 -4 8 -7 -6 10 11 12 13 22 -13 16 17 -11 -17 20 21 -19 -10 -20 -5 26 -22 29 -29 -27
right_child=1 3 4 24 6 7 -8 -9 9 15 -12 14 -14 -15 -16 18 -18 19 23 -21 25 -23 -24 -25 -26 27 -28 28 -30 -31
leaf_value=0.12227784158754025 -0.03612488927769144 0.0042212189199783744 0.0026491939748451428 -0.0079504700816214312 -0.050063330925765294 0.0019866123249085849 -0.0022935846078463449 -0.015922802019322113 -0.00059461707726079019 0.017619638409348763 0.024906212363569626 0.0014731151811917477 0.004367217108528638 -0.0065389025688771564 -0.0084941033557563717 0.0085958150914015822 0.033876567861134993 0.00010786168919671305 6.6495842970478136e-05 0.00090279789357543239 0.0018874072413346587 -0.017360995120542334 0.0052938630398204449 -0.0062445745652626944 -0.0008340103155248552 0.0018612306454305451 -0.013813513025421137 -0.0011201851661061858 0.045758819038094131 -0.011130021335989001
leaf_weight=25 63 39 326 78 82 114 62 288 154 208 41 29 50 84 54 121 58 34 503 339 58 87 35 104 162 83 47 37 84 42
leaf_count=25 63 39 326 78 82 114 62 288 154 208 41 29 50 84 54 121 58 34 503 339 58 87 35 104 162 83 47 37 84 42
internal_value=-0.000236322 -0.00511696 0.000293744 -0.00277778 0.000160051 -0.00247253 0.000959933 -0.00547264 0.0012425 0.00155417 -0.00195749 -0.00344828 -0.00147059 -0.00375458 -0.0111446 0.00242382 0.00387651 0.00321394 0.000274725 0.00175709 -0.000741525 -0.00971074 0.000925926 -0.0011944 -0.00479167 0.00235043 -0.00357143 0.00487805 0.00971074 0.0002
internal_weight=3491 342 3149 279 3124 728 2396 402 2334 2252 447 406 323 273 83 1805 1077 1019 728 811 472 121 189 607 240 351 105 246 121 125
internal_count=3491 342 3149 279 3124 728 2396 402 2334 2252 447 406 323 273 83 1805 1077 1019 728 811 472 121 189 607 240 351 105 246 121 125
is_linear=0
shrinkage=0.05


Tree=64
num_leaves=31
num_cat=0
split_feature=18 10 10 27 51 18 45 26 12 47 28 13 9 28 13 10 9 46 45 53 35 45 44 2 20 9 18 18 53 11
split_gain=3.01688 5.40676 2.26891 2.22843 2.18788 2.75383 2.73688 2.63795 2.44484 2.70316 2.31293 2.30026 2.93769 2.75862 2.10824 1.89699 2.24086 1.87071 2.64062 2.05326 2.02084 2.62306 2.04683 1.78299 2.33535 2.17409 1.78139 3.36 3.00346 2.51627
threshold=0.72240000963211071 -9.7055687904357892 -9.0629258155822736 -5.3254001140594474 -0.48149999976158137 0.41972221434116369 -0.17941666394472119 -1.8530000448226926 0.85510832071304332 2.0300611257553105 -0.55139997601509083 -0.25200000405311579 0.35261179506778723 -0.25145000219345087 0.014166666660457851 -11.993721961975096 1.20743864774704 -2.1233333945274349 -0.17941666394472119 1.8585000038146975 2.5199999809265141 0.62133333086967479 -3.4999999999999996 0.43199999630451208 -0.53099998831748951 0.3570170551538468 0.37905555963516241 0.37407778203487402 3.3739999532699589 -0.11814374849200247
decision_type=2 2 2 2 2 2 2 2 2 2 2 2 2 2 2 2 2 2 2 2 2 2 2 2 2 2 2 2 2 2
left_child=3 -2 -3 -1 6 15 7 -5 9 23 -10 12 13 -12 -4 16 -6 -7 -19 -20 21 22 -21 24 -9 -25 27 28 29 -17
right_child=1 2 14 4 5 17 -8 8 10 -11 11 -13 -14 -15 -16 26 -18 18 19 20 -22 -23 -24 25 -26 -27 -28 -29 -30 -31
leaf_value=0.11616394950816328 -0.031970727795282948 0.0066808518318942321 -0.022422852323722122 0.011381262322971004 0.00043584096899927064 -0.039793256703334681 -0.011876494366460455 -0.014411142348406831 -0.014306753209895962 -0.0093490102411680608 0.011449201904636564 0.0023388145551906385 0.0062368575457293187 -0.022842109975448614 0.016098656315683142 -0.018277218547071743 -0.0033176971703062011 0.022344885774738889 0.00027270354343938763 0.012170163405326282 -0.0016632470264374207 0.0294144243361395 -0.010589354587540123 0.0085155560393692323 0.017980213022618013 -0.0019452506015028932 -0.0050540660620877614 0.052964757161747755 0.046772272069927137 -0.0010204668205978627
leaf_weight=25 68 35 50 158 127 41 202 30 187 76 31 180 81 111 35 37 26 68 908 32 42 85 21 169 36 33 161 22 40 374
leaf_count=25 68 35 50 158 127 41 202 30 187 76 31 180 81 111 35 37 26 68 908 32 42 85 21 169 36 33 161 22 40 374
internal_value=-0.000221999 -0.00638298 0 0.000128671 1.52532e-05 0.00105847 -0.00158423 -0.000595238 -0.001606 0.00174419 -0.00355932 -0.0014268 -0.00482063 -0.00915493 -0.00441176 -0.00123888 0.00375817 0.00256892 0.00294118 0.00234375 0.00722222 0.0101449 0.00141509 0.00410448 -0.0030303 0.00643564 -0.00244479 -0.00089852 -0.00182927 -0.00310219
internal_weight=3491 188 120 3303 3278 1984 1294 1092 934 344 590 403 223 142 85 787 153 1197 1156 1088 180 138 53 268 66 202 634 473 451 411
internal_count=3491 188 120 3303 3278 1984 1294 1092 934 344 590 403 223 142 85 787 153 1197 1156 1088 180 138 53 268 66 202 634 473 451 411
is_linear=0
shrinkage=0.05


Tree=65
num_leaves=31
num_cat=0
split_feature=0 18 45 18 26 0 16 47 13 51 35 53 45 12 12 18 56 13 16 16 36 0 5 26 21 53 36 47 22 46
split_gain=3.02059 1.9986 3.30652 2.28507 1.99625 2.34037 2.60884 3.35112 2.15449 2.44056 1.92268 3.22758 2.65789 2.86939 3.70909 2.05062 1.99535 1.94016 1.90154 3.63711 2.29554 2.87907 1.94575 3.00894 1.91681 2.04455 1.89697 3.81894 1.8355 1.97699
threshold=0.62000000476837169 0.71586576104164135 -0.1157499998807907 0.6712261736392976 -4.4360001087188712 0.1799999997019768 1.1800000071525576 0.26483985781669622 0.021999999880790714 2.0224999189376835 1.3075000047683718 2.2044999599456792 0.31250000000000006 1.3076682686805727 3.2445875406265263 0.42215873301029211 1.2864999771118166 -0.006000000284984707 0.53999999165534984 0.38000001013278967 -0.18050000071525571 0.45999999344348913 0.42499999701976782 0.82799997925758373 0.11865000054240228 0.11150000244379045 0.0046500000171363362 0.24545094370841983 0.10179999843239786 -0.034499999135732644
decision_type=2 2 2 2 2 2 2 2 2 2 2 2 2 2 2 2 2 2 2 2 2 2 2 2 2 2 2 2 2 2
left_child=4 3 -3 -2 -1 8 10 -8 9 -6 12 16 13 -7 -15 17 -12 -14 19 22 -21 -22 23 24 -16 -26 -24 -28 -11 -30
right_child=1 2 -4 -5 5 6 7 -9 -10 28 11 -13 15 14 18 -17 -18 -19 -20 20 21 -23 26 -25 25 -27 27 -29 29 -31
leaf_value=0.014954579824905091 -0.0027867384352752711 -0.039016829370888934 -0.003155830966175588 0.0023347255302892385 -0.00076934774114242324 0.0021015176354196477 -0.044532838799447111 -0.00097912762669055686 0.017644153558344623 -0.025747949471478005 -0.0010927987229362446 0.0020540309304784357 -0.00073109600152205807 -0.0047752561555710754 0.00010078680269536494 0.013922912683365249 -0.029745410300496725 0.031665993956651844 0.0067969771414000714 -0.019260602092250459 -0.017266660366006516 0.00058436950527003539 0.0084841095968237381 0.012918674383101647 -0.014454312432135125 0.011363480053809973 0.0078058945906568297 -0.01404964047060981 0.0051111993736674168 -0.012563986846521158
leaf_weight=108 743 48 71 76 427 527 28 59 51 20 78 109 99 206 180 161 55 24 106 30 22 45 86 24 34 20 20 24 20 27
leaf_count=108 743 48 71 76 427 527 28 59 51 20 78 109 99 206 180 161 55 24 106 30 22 45 86 24 34 20 20 24 20 27
internal_value=-0.000127551 -0.00255864 -0.00861345 -0.00167888 0.000752896 0.000463336 0.00127775 -0.00718391 -0.00243119 -0.0034413 0.00167568 -0.00247934 0.002301 0.00135952 -0.00053325 0.00669014 -0.00770677 0.00182927 0.00148054 0.000154639 -0.00850515 -0.00335821 0.00231959 -0.000193798 -0.00192308 -0.0101852 0.00730769 -0.00113636 -0.0123134 -0.00691489
internal_weight=3528 938 119 819 2590 2482 1937 87 545 494 1850 242 1608 1324 797 284 133 123 591 485 97 67 388 258 234 54 130 44 67 47
internal_count=3528 938 119 819 2590 2482 1937 87 545 494 1850 242 1608 1324 797 284 133 123 591 485 97 67 388 258 234 54 130 44 67 47
is_linear=0
shrinkage=0.05


Tree=66
num_leaves=31
num_cat=0
split_feature=0 46 27 10 13 13 4 53 11 17 37 8 10 10 13 2 28 9 44 0 0 12 46 14 27 10 1 45 17 12
split_gain=2.95888 1.88316 2.41502 1.72995 3.22324 2.09302 3.12502 2.80144 2.54423 2.50634 2.74295 2.35313 2.46682 2.20814 2.34667 2.44735 1.75366 1.73708 2.046 3.57502 1.9098 2.04365 1.77506 1.75954 1.74542 1.89943 1.61158 1.61119 1.59636 1.5276
threshold=0.62000000476837169 -0.22716666758060453 -5.3254001140594474 -11.117235660552977 -0.51999998092651356 -0.014666667208075522 0.1799999997019768 1.9024999737739565 0.32828231155872351 0.12500000372529033 -1.4114499688148496 1.8999999761581423 -10.088549613952635 -9.5128602981567365 -0.20199999958276746 0.43199999630451208 -3.4679499864578243 0.12986246496438983 -1.4999999999999998 0.059999998658895499 0.21999999880790713 4.3605179786682138 -0.15316666662693021 0.15416666865348819 0.41340000927448278 -8.8865880966186506 0.47499999403953558 0.96824997663497936 0.62500000000000011 0.6327427625656129
decision_type=2 2 2 2 2 2 2 2 2 2 2 2 2 2 2 2 2 2 2 2 2 2 2 2 2 2 2 2 2 2
left_child=1 -1 -3 28 -5 6 7 17 11 10 -8 12 -7 -12 15 -15 -11 20 23 -20 22 -22 -6 -19 25 -24 -14 -18 -4 -2
right_child=29 2 3 4 5 8 9 -9 -10 16 13 -13 26 14 -16 -17 27 18 19 -21 21 -23 24 -25 -26 -27 -28 -29 -30 -31
leaf_value=0.0037668859373345162 -6.7324095870169301e-05 0.15182119831249402 0.00035393124613029744 -0.021805034308688055 -0.0099011874051047923 -0.0130793182934899 0.017464003933183394 -0.016216221590643742 0.026118891637373843 0.016653035129719201 -0.0067854590859197901 -0.0062645465067493735 0.03405103331963804 -0.014692846748628086 0.021554983959351553 0.0021364625862236178 0.00059860760166132181 -0.00034561057292686615 -0.0065128153883577348 0.0069122533774483661 0.00036315316500931639 0.011577558784798232 0.00060840855047049412 -0.025552845343445502 -0.0068354710127372436 -0.0063898103939357496 0.0034828385112497737 0.0070465856469889218 0.043314890432037956 -0.0068745781953727381
leaf_weight=390 381 20 439 45 25 21 21 83 52 26 94 35 52 27 20 28 461 37 21 40 50 24 191 92 23 32 152 67 22 557
leaf_count=390 381 20 439 45 25 21 21 83 52 26 94 35 52 27 20 28 461 37 21 40 50 24 191 92 23 32 152 67 22 557
internal_value=-9.92063e-05 0.000772201 0.000204545 4.58716e-05 -0.000683537 -0.000328554 -0.00117474 -0.00380259 0.00336538 0.00100806 -0.00394737 0.00134615 0.00322222 -0.00606509 0.000333333 -0.005 0.00270758 -0.00247664 -0.00631579 0.00122951 -0.000362319 0.00675676 -0.00230627 -0.00988372 -0.00101626 0.000336323 0.00490196 0.00208333 0.00276573 -0.00250533
internal_weight=3528 2590 2200 2180 1719 1674 1362 618 312 744 190 260 225 169 75 55 554 535 190 61 345 74 271 129 246 223 204 528 461 938
internal_count=3528 2590 2200 2180 1719 1674 1362 618 312 744 190 260 225 169 75 55 554 535 190 61 345 74 271 129 246 223 204 528 461 938
is_linear=0
shrinkage=0.05


Tree=67
num_leaves=31
num_cat=0
split_feature=16 44 10 18 16 18 18 26 21 16 18 22 12 21 44 28 35 45 17 56 10 18 18 15 44 26 46 46 47 44
split_gain=3.23033 1.73426 2.90769 3.61952 2.40199 2.14331 2.97502 1.91204 2.20791 2.29805 4.71468 2.38403 2.37612 2.0885 2.72746 2.2296 2.07895 2.03037 2.4349 2.1 1.89394 1.87781 2.09011 2.31969 2.42945 2.25917 1.87364 1.83589 2.40048 1.70808
threshold=1.4800000190734866 -17.499999999999996 -14.283152580261229 0.49568253755569464 0.29999999701976782 0.73395556211471569 0.72240000963211071 10.969000339508058 -0.1068500019609928 0.29999999701976782 0.27511110901832586 3.2991999387741093 0.97884228825569164 0.48565000295639044 84.500000000000014 -0.32495000958442682 -0.74974998831748951 0.67100000381469738 0.20833333581686023 0.49950000643730169 -9.2419400215148908 0.27080741524696356 0.56529894471168529 0.16666667163372043 -1.4999999999999998 -1.0000000180025095e-35 -0.053500000387430184 -0.40066666901111597 3.6149495840072636 88.500000000000014
decision_type=2 2 2 2 2 2 2 2 2 2 2 2 2 2 2 2 2 2 2 2 2 2 2 2 2 2 2 2 2 2
left_child=1 2 -1 -4 -5 6 7 8 27 11 12 13 -11 14 21 16 -15 18 19 -12 -7 -10 23 24 -23 -25 -19 28 -3 -29
right_child=-2 5 3 4 -6 20 -8 -9 9 10 17 -13 -14 15 -16 -17 -18 26 -20 -21 -22 22 -24 25 -26 -27 -28 29 -30 -31
leaf_value=0.00079830183364074754 -0.0078565280672904282 0.029685909130812229 0.011182127229283068 -0.015704688308250492 -0.02615266814139483 0.00010199023684378251 -0.027315731214466427 0.0069811505547291266 0.0044563251037461503 -0.0041567833910455395 -0.0068905009857385124 -0.046920162984249184 -0.017043569943317041 0.013127587279790732 -0.010124898519299916 0.016511573854555813 -0.0041078057466400354 0.03092747209889124 -0.00027528901410305424 -0.025762569477435816 0.021364627170133259 -0.009613079502341677 0.00069989396219340258 0.0020179116220404715 0.012747621340965187 -0.00051932490246526565 6.9922165263833298e-05 0.00044474696214892866 -0.11845975908452773 0.06914839106972008
leaf_weight=28 100 70 35 86 61 20 47 21 97 38 105 27 67 21 24 150 74 34 463 30 24 82 180 63 25 343 78 1067 30 38
leaf_count=28 100 70 35 86 61 20 47 21 97 38 105 27 67 21 24 150 74 34 463 30 24 82 180 63 25 343 78 1067 30 38
internal_value=-0.000141723 0.000116686 -0.00428571 -0.00659341 -0.010034 0.000403978 0.000252048 0.000439719 0.000338055 -0.000723304 -0.00273006 0.000782689 -0.012619 0.00115675 -6.14251e-05 0.00520408 -0.000789474 -0.00126761 -0.00242475 -0.00833333 0.0113636 0.000443038 -0.000468975 -0.00209552 -0.00864486 -0.000369458 0.00491071 0.00201245 0.0085 0.00142534
internal_weight=3528 3428 210 182 147 3218 3174 3127 3106 1901 815 1086 105 1059 814 245 95 710 598 135 44 790 693 513 107 406 112 1205 100 1105
internal_count=3528 3428 210 182 147 3218 3174 3127 3106 1901 815 1086 105 1059 814 245 95 710 598 135 44 790 693 513 107 406 112 1205 100 1105
is_linear=0
shrinkage=0.05


Tree=68
num_leaves=31
num_cat=0
split_feature=18 56 26 26 37 50 12 3 56 12 35 18 16 26 35 28 47 16 11 16 2 10 3 46 11 10 11 16 10 37
split_gain=2.84895 3.74264 1.66253 1.50921 1.82798 1.47453 1.81096 5.09495 3.95876 3.21047 2.87694 2.19944 3.97378 2.19484 2.18709 2.15073 2.33849 2.02864 2.0565 2.00226 2.74495 1.99154 1.98867 2.08288 1.88252 1.84496 1.83333 1.71753 1.71731 2.49231
threshold=0.72240000963211071 -1.4235000014305113 -11.340499877929686 10.969000339508058 8.3914999961853045 2.5000000000000004 0.85510832071304332 0.33302292227745062 -0.30750000476837153 0.1448420584201813 -0.26775000989437098 0.5986444652080537 0.25999999791383749 -1.7730000019073484 -3.6482499837875362 -0.32495000958442682 0.43810091912746435 0.34000000357627874 0.036953108385205276 0.49999998509883886 0.18666666746139529 -9.3503017425537092 0.33302292227745062 -0.047499999403953545 0.016826829873025421 -10.075670719146727 0.25486487150192266 0.85999998450279247 -9.0167608261108381 -0.13369999825954434
decision_type=2 2 2 2 2 2 2 2 2 2 2 2 2 2 2 2 2 2 2 2 2 2 2 2 2 2 2 2 2 2
left_child=2 -2 -1 4 5 6 7 10 13 -9 14 19 -13 26 -4 16 -15 -12 24 22 -21 -14 28 -24 -19 -16 -8 -27 -10 -30
right_child=1 -3 3 -5 -6 -7 8 9 11 -11 17 12 21 15 25 -17 -18 18 -20 20 -22 -23 23 -25 -26 27 -28 -29 29 -31
leaf_value=0.05044532492685249 -0.049821137119223841 -0.0010484776598485401 -0.019723434943479806 0.0068681711001775453 -0.038156871467533347 0.012086824363235559 -0.0024350337027115921 -0.003121920020480444 0.00010140260414087215 0.024004225849619656 -0.00027268419423898111 0.0056559429293881565 -0.010164367741022475 -0.012201416048861236 -0.0034015646351287219 -0.0040641142318767571 -0.0082203925726467737 -0.00317555434687115 0.010859868664599721 -0.0018283463417134273 0.043694983963227817 0.0092303630599117181 0.02000233574555588 -0.0052774702648420383 -0.0082408578860899816 0.0078354120516098361 0.020127294387095686 0.020540333431508535 -0.0081263428680946118 -8.0876577905580896e-05
leaf_weight=38 39 168 46 24 23 138 72 35 643 119 617 70 62 44 36 370 201 127 21 31 46 20 20 54 29 255 27 36 45 72
leaf_count=38 39 168 46 24 23 138 72 35 643 119 617 70 62 44 36 370 201 127 21 31 46 20 20 54 29 255 27 36 45 72
internal_value=-0.000226757 -0.00591787 0.000127974 7.61499e-06 -8.43817e-05 1.54512e-05 -0.000209813 0.00119228 -0.00125211 0.00974026 6.42674e-05 0.000682032 0.00625 -0.00413165 0.00368633 -0.0052439 -0.00887755 -0.00163728 -0.00635593 -0.000246981 0.00746753 -0.00121951 -0.000959233 -0.00878378 -0.00833333 0.00512232 0.00277778 0.0064433 -0.000197368 -0.00576923
internal_weight=3528 207 3321 3283 3259 3236 3098 1321 1777 154 1167 1063 152 714 373 615 245 794 177 911 77 82 834 74 156 327 99 291 760 117
internal_count=3528 207 3321 3283 3259 3236 3098 1321 1777 154 1167 1063 152 714 373 615 245 794 177 911 77 82 834 74 156 327 99 291 760 117
is_linear=0
shrinkage=0.05


Tree=69
num_leaves=31
num_cat=0
split_feature=27 16 1 46 1 18 18 18 28 46 46 28 35 22 27 1 49 51 22 0 5 46 46 26 45 27 46 2 4 20
split_gain=2.38702 2.09245 1.72529 1.51473 2.08083 2.08421 2.42812 2.16667 2.43828 1.88323 1.83214 1.77289 1.53409 1.48257 1.48068 1.45761 1.38886 2.37456 1.58848 2.15714 1.75222 1.50594 1.5749 1.49943 1.52749 2.43616 2.06942 1.87758 1.83027 1.6331
threshold=-5.3254001140594474 1.4800000190734866 0.32500000298023229 -0.22716666758060453 0.47499999403953558 0.52970370650291454 0.55301588773727428 0.37407778203487402 0.95629999041557323 -0.5129999816417693 -0.28000000119209284 -0.18400000035762784 -0.46475000679492945 0.45564998686313635 0.79559999704360973 0.47499999403953558 1.5000000000000002 -1.7770000100135801 1.3806999921798708 0.29999999701976782 0.075000001117587103 0.07816666737198831 -0.053500000387430184 10.969000339508058 0.31250000000000006 -1.9088000059127805 -0.17599999904632566 0.08000000007450582 0.1799999997019768 0.10774999856948854
decision_type=2 2 2 2 2 2 2 2 2 2 2 2 2 2 2 2 2 2 2 2 2 2 2 2 2 2 2 2 2 2
left_child=-1 3 -3 4 13 7 -7 -6 9 -9 11 -8 -10 -2 -13 -4 23 -18 19 21 -21 22 -19 24 -5 -26 -27 -28 29 -29
right_child=1 2 15 16 5 6 10 8 12 -11 -12 14 -14 -15 -16 -17 17 18 -20 20 -22 -23 -24 -25 25 26 27 28 -30 -31
leaf_value=0.11175923897427738 -0.019946761641869017 -0.035549867673860473 0.010191286084537801 -0.0002977932004807117 -0.0030293979697638643 -0.032112642770976273 -0.020451660482243832 0.034628107308412689 -0.025194295671509267 0.013682833123387764 0.012206813835350827 -0.00091742337595094973 0.0083357429994680727 0.016978746082084197 0.029053743309562952 -0.0033945531614309162 -0.051770902089653542 -0.0040815427185944969 -0.010385992406259323 -0.0018170927093761171 0.00681755714017096 0.0017638983254582186 -0.019612868705158923 0.0056895586848959697 -0.031408715755824816 -0.008851066998873806 0.019662097260196701 -0.0031205907407279715 0.0063912830971806561 0.0095679901895118213
leaf_weight=28 69 21 22 1987 54 28 29 63 20 127 21 54 24 32 20 57 24 38 122 41 67 29 29 21 44 20 22 95 215 105
leaf_count=28 69 21 22 1987 54 28 29 63 20 127 21 54 24 32 20 57 24 38 122 41 67 29 29 21 44 20 22 95 215 105
internal_value=-0.000255102 -0.000371429 -0.0075 -0.000161765 0.00226433 0.00375 -0.000986842 0.00625 0.00833333 0.0107895 0.00201613 -0.000728155 -0.00227273 -0.00420792 0.00337838 -0.00411392 -0.000620846 -0.00357143 -0.00245399 0.000245098 0.00509259 -0.00520833 -0.00932836 -0.000209247 -0.000321543 0.00214571 0.00322757 0.00394737 0.00319277 -0.00025
internal_weight=3528 3500 100 3400 541 440 152 288 234 190 124 103 44 101 74 79 2859 350 326 204 108 96 67 2509 2488 501 457 437 415 200
internal_count=3528 3500 100 3400 541 440 152 288 234 190 124 103 44 101 74 79 2859 350 326 204 108 96 67 2509 2488 501 457 437 415 200
is_linear=0
shrinkage=0.05


Tree=70
num_leaves=31
num_cat=0
split_feature=14 44 47 18 46 9 9 18 2 46 13 14 12 12 18 9 18 8 46 18 11 18 5 9 2 21 21 53 27 26
split_gain=2.10334 2.65629 2.69757 2.57778 2.05908 2.29844 2.67348 3.03945 2.02329 1.92026 2.77349 3.13574 2.80793 2.60706 2.63373 2.44467 3.18396 2.33067 2.06555 2.06506 1.92224 1.90609 1.8976 2.03102 1.88305 2.40589 1.95922 1.89153 2.26875 1.85557
threshold=0.012500000651925804 -13.499999999999998 0.27267543971538549 0.71116051077842724 0.19150000065565112 0.43975645303726202 0.15999624133110049 0.47852697968482977 0.58933332562446605 0.097833331674337401 -0.014666667208075522 0.27916666865348821 5.2565226554870614 2.289727091789246 0.56755554676055919 0.23992150276899341 0.52970370650291454 0.56666669249534618 0.082499999552965178 0.57527408003807079 -2.2911205291748042 0.76358386874198925 0.17500000074505809 0.16439208388328555 0.11800000444054605 0.099349997937679305 0.18169999867677691 0.65549999475479137 -0.0041499999351799479 -2.7680000066757198
decision_type=2 2 2 2 2 2 2 2 2 2 2 2 2 2 2 2 2 2 2 2 2 2 2 2 2 2 2 2 2 2
left_child=4 2 -2 8 5 6 -1 -8 -4 18 11 12 13 15 17 16 29 -15 20 -18 -3 -7 -12 -24 25 27 -27 28 -22 -11
right_child=1 9 3 -5 -6 21 7 -9 -10 10 22 -13 -14 14 -16 -17 19 -19 -20 -21 24 -23 23 -25 -26 26 -28 -29 -30 -31
leaf_value=-0.010373200515297233 0.00053841897077355533 -0.0027968092863982635 -0.014534044041979478 -0.028226687875219404 -0.023154328403721693 -0.0097514176991219705 0.033816582596317757 -0.002919816159893287 -0.0028984228376916499 0.021486361745865004 -0.0089415593900297932 -0.0067080960859157062 0.015493094398945799 -0.050493930973479831 0.0065030535993272857 0.012839528374730203 -0.10078289428092013 -0.0044371255437080925 0.012962606843715297 0.0021684803177202229 0.00077081702961022511 0.011542604788918609 -0.0027801687489988239 0.035657734134832746 0.00081372790354390797 -0.0085277572488651615 -0.0016927808058481862 0.004743670338121714 -0.010566552632092482 0.00074700053753052893
leaf_weight=29 84 27 56 39 30 155 48 22 302 32 36 242 40 35 26 33 29 84 62 24 48 38 23 64 1609 21 68 59 32 127
leaf_count=29 84 27 56 39 30 155 48 22 302 32 36 242 40 35 26 33 29 84 62 24 48 38 23 64 1609 21 68 59 32 127
internal_value=-0.000340522 4.68457e-05 -0.00337838 -0.00510076 -0.00419255 -0.00291096 0.00328283 0.00857143 -0.00377095 0.000652334 -0.00141509 -0.00267857 -0.000116279 -0.00141026 -0.00672414 0.00173469 -0.000235849 -0.00987395 0.00150571 -0.0108491 0.00120708 -0.00608808 0.0054878 0.00948276 0.00140174 -0.00285088 -0.00926966 0.00125899 -0.00375 0.00330189
internal_weight=3524 3202 481 397 322 292 99 70 358 2721 795 672 430 390 145 245 212 119 1926 53 1864 193 123 87 1837 228 89 139 80 159
internal_count=3524 3202 481 397 322 292 99 70 358 2721 795 672 430 390 145 245 212 119 1926 53 1864 193 123 87 1837 228 89 139 80 159
is_linear=0
shrinkage=0.05


Tree=71
num_leaves=31
num_cat=0
split_feature=16 51 13 3 9 13 16 19 9 2 16 1 11 11 44 13 46 13 12 2 14 2 44 13 20 9 12 1 9 12
split_gain=2.50651 2.14368 3.34458 2.59011 2.48049 2.73693 3.43333 3.73663 4.31915 3.31998 3.50919 3.9457 3.31975 2.91152 2.7447 2.67407 2.92619 2.62198 3.10548 2.34461 2.25411 2.19099 2.18847 2.12429 2.625 2.28391 2.09444 2.06305 2.14748 1.99172
threshold=1.560000002384186 -2.4854999780654903 3.5000000000000004 0.15365386754274371 1.9524219632148745 -0.10733333602547644 0.21999999880790713 1.0000000180025095e-35 0.26178511977195745 0.43199999630451208 0.38000001013278967 0.42499999701976782 0.055071389302611358 1.0000000180025095e-35 -7.4999999999999991 0.52000001072883617 0.17466666549444201 -0.14449999481439588 4.9951920509338388 0.43199999630451208 0.23749999701976779 0.58933332562446605 -6.4999999999999991 -0.22999999672174451 -2.3787499666213985 0.089423365890979781 0.043517706915736205 0.47499999403953558 0.13468468189239505 0.25523914396762853
decision_type=2 2 2 2 2 2 2 2 2 2 2 2 2 2 2 2 2 2 2 2 2 2 2 2 2 2 2 2 2 2
left_child=1 2 -1 26 5 9 -7 8 20 12 22 -12 23 -9 -13 16 19 -14 -19 -10 -8 -16 -11 25 -25 -5 -3 -26 -29 -28
right_child=-2 3 -4 4 -6 6 7 13 15 10 11 14 17 -15 21 -17 -18 18 -20 -21 -22 -23 -24 24 27 -27 29 28 -30 -31
leaf_value=-0.0049732170828909739 -0.011028741157229719 -0.014379862502989891 0.060479555895868224 0.004329885261553877 -0.0018726194803190778 -0.0037758722553064348 0.0052691478603908298 0.0041641935100103058 0.027152865138390915 0.00077304150836671258 -0.033680559330203953 -0.0064514201231674938 -0.0086113009908350812 -0.0046988458831973851 0.014890842978778119 0.28690099438921435 -0.022143931950072096 -0.013019177585000725 0.027500620997625916 -0.002606385569630683 0.039710893909231271 -0.0046807818628904277 0.015530327061559455 0.019274424017118708 -0.0024669102974577391 -0.0081822200666051819 0.0047926801682325777 0.012632950996420825 0.0003334943259013969 -0.001176675865359267
leaf_weight=566 61 51 40 30 47 69 68 31 65 667 23 147 137 60 37 24 30 26 22 121 147 20 107 20 94 156 65 64 122 407
leaf_count=566 61 51 40 30 47 69 68 31 65 667 23 147 137 60 37 24 30 26 22 121 147 20 107 20 94 156 65 64 122 407
internal_value=-0.000198638 -2.16575e-05 -0.00272277 0.000551278 0.00126392 0.0014976 0.00434959 0.00567766 0.00752747 0.000448565 0.00227273 -0.00319383 -0.00227273 -0.00357143 -0.000980392 0.00291667 0.00115741 -0.00797297 0.00208333 0.00349462 0.0126744 0.00833333 0.00387597 -0.000102881 0.0025 -0.00430108 -0.00262906 0.00125 0.00430108 -0.00158898
internal_weight=3524 3463 606 2857 2334 2287 615 546 455 1672 1001 227 671 91 204 240 216 185 48 186 215 57 774 486 300 186 523 280 186 472
internal_count=3524 3463 606 2857 2334 2287 615 546 455 1672 1001 227 671 91 204 240 216 185 48 186 215 57 774 486 300 186 523 280 186 472
is_linear=0
shrinkage=0.05


Tree=72
num_leaves=31
num_cat=0
split_feature=14 44 10 18 7 17 10 47 9 26 20 51 2 19 16 36 18 18 10 14 8 14 14 9 44 36 47 9 21 47
split_gain=2.19822 2.12726 2.7318 2.99003 1.79946 1.91255 1.65233 1.93161 1.75808 1.36742 1.33729 2.64609 2.63112 2.51725 2.3534 2.27793 2.22857 2.9919 2.37421 2.29999 2.16 2.0133 3.93765 3.27885 3.94783 2.33445 2.00727 1.99145 2.42722 1.89007
threshold=0.012500000651925804 -16.499999999999996 -14.415544986724852 0.67537221312522899 1.0000000180025095e-35 0.37500000000000006 -10.522500514984129 1.1978087425231936 0.2526665478944779 -1.3062499761581419 -2.8754999637603755 -2.4854999780654903 0.43199999630451208 1.0000000180025095e-35 0.53999999165534984 -0.34964999556541437 0.49091428518295294 0.52556851506233226 -10.075670719146727 0.24583332985639575 1.7666666507720949 0.22083333134651187 0.24583332985639575 0.16719070076942447 -2.4999999999999996 -0.074300002306699739 0.50105571746826183 0.22444158047437671 -0.65830001235008229 1.0089865326881411
decision_type=2 2 2 2 2 2 2 2 2 2 2 2 2 2 2 2 2 2 2 2 2 2 2 2 2 2 2 2 2 2
left_child=4 2 -2 6 -1 -6 9 -8 -9 -4 -3 16 13 14 20 -16 18 19 -12 -18 21 25 -23 -24 -25 26 -13 -14 -29 -17
right_child=1 10 3 -5 5 -7 7 8 -10 -11 11 12 27 -15 15 29 17 -19 -20 -21 -22 22 23 24 -26 -27 -28 28 -30 -31
leaf_value=-0.0032149860345878373 0.00049375349808166574 0.003483878643597468 0.00076764685253405407 -0.035640886704336787 -0.00080102417790783691 -0.052655053116659238 -0.016641933586948366 -0.0033152231185664682 0.03296001406146528 -0.031634481734515045 -0.044764102038523351 -0.0014568786664861952 0.0024148228489813683 -0.0030654198926585267 -0.0065180831067744999 0.014940805098039271 0.022008632513252063 -0.019113556522161092 0.00057482154101211607 -0.001325263806832222 0.008150048924848009 -0.022025020814087082 -0.0030682931385431953 -0.0037195193913793084 0.033095968696894837 0.00097847515166167728 0.0044084076929837238 0.0056821258983767858 -3.134964071531401e-05 -0.0021364152148763472
leaf_weight=267 28 190 22 35 27 28 43 36 30 66 55 146 388 100 34 113 56 141 29 83 49 65 220 78 86 398 121 62 504 24
leaf_count=267 28 190 22 35 27 28 43 36 30 66 55 146 388 100 34 113 56 141 29 83 49 65 220 78 86 398 121 62 504 24
internal_value=-9.9319e-05 0.00029669 -0.00403846 -0.00581897 -0.00403727 -0.0122727 -0.0034264 0.000688073 0.00606061 -0.00852273 0.00067981 0.000399709 0.00100503 -0.000348675 0.000224888 0.00570175 -0.00357143 -0.00142857 -0.0107143 0.00377698 -0.000580396 -0.00103232 -0.00361915 -0.00169271 0.00365854 0.000714286 -0.00290262 0.00303983 0.00114841 0.00857664
internal_weight=3524 3202 260 232 322 55 197 109 66 88 2942 2752 2388 1434 1334 171 364 280 84 139 1163 1114 449 384 164 665 267 954 566 137
internal_count=3524 3202 260 232 322 55 197 109 66 88 2942 2752 2388 1434 1334 171 364 280 84 139 1163 1114 449 384 164 665 267 954 566 137
is_linear=0
shrinkage=0.05


Tree=73
num_leaves=31
num_cat=0
split_feature=14 51 18 2 14 16 16 3 20 35 13 28 0 45 11 13 14 8 8 27 36 16 51 44 45 51 2 44 47 37
split_gain=1.87897 1.79276 4.10436 2.66765 2.59683 4.07555 3.41562 2.80683 2.63989 2.24984 2.0015 1.96211 1.94915 2.25302 2.10464 1.878 4.38077 3.89482 3.01206 2.83198 2.87948 2.45731 2.88207 2.6717 2.37537 2.33895 2.20007 3.98044 3.17975 2.62631
threshold=0.012500000651925804 -2.4854999780654903 0.71116051077842724 0.14355555921792987 0.22916666418313983 0.25999999791383749 0.85999998450279247 0.15896825492382052 -1.3057500123977659 0.42674998939037329 -0.061111111193895333 -1.8641999959945676 0.78000000119209301 -0.98450002074241627 -0.028046655468642708 -0.10733333602547644 0.12083333358168603 1.6999999880790713 0.43333333730697637 -0.35125000774860377 1.9221500158309939 0.53999999165534984 3.279999971389771 -4.4999999999999991 -0.22391667217016217 -1.4695000052452085 0.43199999630451208 -6.4999999999999991 0.1598259583115578 -0.38975000381469721
decision_type=2 2 2 2 2 2 2 2 2 2 2 2 2 2 2 2 2 2 2 2 2 2 2 2 2 2 2 2 2 2
left_child=-1 2 4 10 5 8 9 -6 -2 -7 -3 -9 14 -14 -13 18 -17 21 19 -5 25 22 23 -18 -23 -21 28 -28 -20 -30
right_child=1 3 -4 15 7 6 -8 11 -10 -11 -12 12 13 -15 -16 16 17 -19 26 20 -22 24 -24 -25 -26 -27 27 -29 29 -31
leaf_value=-0.0037303854880727295 0.017462766052464031 -0.0085747457870146079 -0.026922472305388981 -0.0010420897110967329 0.023698843725502884 -0.04179600470308658 0.012802880439890075 0.021625676960467178 -0.027580833648579536 -7.3144381629675076e-05 -0.00034207634600753742 -0.045473575677604704 -0.0011659179794870857 0.022100882888804924 -0.0014364715506389244 -0.0025813478513592751 0.026480166794647465 -0.00069664523207439374 0.00051236163377771729 0.038208749073848206 -0.01392450723023666 0.0048268436928296347 0.054560513058201157 0.0014783439645400548 0.071570089136001935 0.00078601157547809007 -0.00030793314357217328 0.017410454322559801 0.00045664888715329205 -0.0057826986035107572
leaf_weight=322 68 56 44 137 27 105 25 39 55 26 409 26 39 20 122 75 32 100 73 30 21 22 55 172 40 234 608 107 139 296
leaf_count=322 68 56 44 137 27 105 25 39 55 26 409 26 39 20 122 75 32 100 73 30 21 22 55 172 40 234 608 107 139 296
internal_value=-0.000241203 0.000124922 -0.00234899 0.000690714 -0.00117754 -0.00456989 -0.0099359 0.00228938 0.00223577 -0.0131679 -0.00274194 0.000609756 -0.0013285 0.00635593 -0.00439189 0.00143624 0.00413306 0.00611639 0.0006231 0.0042654 0.00710526 0.00880062 0.00666023 0.00392157 0.0177419 0.00852273 -0.000633688 0.00115385 -0.00314961 -0.00477011
internal_weight=3524 3202 596 2606 552 279 156 273 123 131 465 246 207 59 148 2141 496 421 1645 422 285 321 259 204 62 264 1223 715 508 435
internal_count=3524 3202 596 2606 552 279 156 273 123 131 465 246 207 59 148 2141 496 421 1645 422 285 321 259 204 62 264 1223 715 508 435
is_linear=0
shrinkage=0.05


Tree=74
num_leaves=31
num_cat=0
split_feature=12 13 12 8 9 13 47 53 13 3 13 46 10 9 13 35 45 0 9 45 13 3 45 46 53 12 5 46 9 46
split_gain=2.03666 2.38139 1.77638 2.49894 2.83295 2.04922 4.04925 3.66838 2.28818 1.97611 3.32644 2.40375 1.95097 2.34114 2.2543 1.92661 2.79809 1.97721 1.87723 1.85903 1.80273 2.14836 1.90992 2.01729 1.83253 2.49816 2.9216 2.19074 1.79502 2.17691
threshold=5.1105892658233651 0.067000001668930068 0.80426144599914562 0.10000000521540643 0.47335523366928106 -0.058000000193715089 0.21456690877676013 2.2469999790191655 -0.077999997884035097 0.3007341623306275 -0.46999999880790705 -1.0000000180025095e-35 -14.948746204376219 1.2790061235427859 -0.046857142820954316 0.42674998939037329 0.35158333182334905 0.58000001311302196 0.11998809128999711 -0.19124999642372129 -0.09200000017881392 0.12671032547950747 2.1798334121704106 -0.28716665506362909 0.38949999213218695 0.46604204177856451 0.075000001117587103 -0.070666667073965059 0.55445221066474926 0.19150000065565112
decision_type=2 2 2 2 2 2 2 2 2 2 2 2 2 2 2 2 2 2 2 2 2 2 2 2 2 2 2 2 2 2
left_child=2 -2 3 18 9 6 -4 12 -8 19 11 -11 -7 14 -14 16 -16 -17 -1 -5 22 -22 23 -21 25 -25 -27 -26 29 -20
right_child=1 -3 5 4 -6 7 8 -9 -10 10 -12 -13 13 -15 15 17 -18 -19 28 20 21 -23 -24 24 27 26 -28 -29 -30 -31
leaf_value=-0.024652070923095855 0.0023164743937197948 -0.0024522804587913116 0.00037259223477637796 0.0062354505818116301 0.13800689522116724 -0.0033324559804015332 -0.0046398398381979266 0.035590275295107145 -0.0137336103911888 -0.02013618660537125 0.015029296290629747 0.0068604989223270242 0.012814219710053599 0.056584988491455837 -0.00070076284865202101 -0.0043076266465822298 0.0039106476015791465 0.00055686455035878211 0.0023523418284184423 0.011229728785567118 -0.0013209168956004992 0.0053061639617552102 0.058741301336023823 -0.015503179055400707 -0.00050370136125848792 -0.0017127893083133576 0.0072532951038626198 -0.019901381461457136 -0.0058211802211900745 -0.014568803900649518
leaf_weight=33 379 33 218 291 24 29 917 41 46 50 176 36 23 54 238 38 26 25 117 37 71 116 21 100 30 28 59 54 182 32
leaf_count=33 379 33 218 291 24 29 917 41 46 50 176 36 23 54 238 38 26 25 117 37 71 116 21 100 30 28 59 54 182 32
internal_value=-0.00026958 0.00303398 -0.000706941 0.000566232 0.00176121 -0.00182779 -0.00294242 0.000949367 -0.00433541 0.00137979 0.00515267 -0.00290698 -0.000404157 0.00049505 -0.001 -0.00206422 -0.000189394 -0.00992063 -0.00302198 0.000154895 -0.00164729 0.00227273 -0.00387538 -0.00487013 -0.00636531 -0.00360963 0.00258621 -0.0125 -0.00188822 0.00218121
internal_weight=3524 412 3112 1457 1093 1655 1181 474 963 1069 262 86 433 404 350 327 264 63 364 807 516 187 329 308 271 187 87 84 331 149
internal_count=3524 412 3112 1457 1093 1655 1181 474 963 1069 262 86 433 404 350 327 264 63 364 807 516 187 329 308 271 187 87 84 331 149
is_linear=0
shrinkage=0.05


Tree=75
num_leaves=31
num_cat=0
split_feature=13 16 56 16 16 0 17 4 46 4 9 0 17 37 46 12 45 13 37 53 14 13 45 9 51 53 45 2 37 9
split_gain=2.66393 5.28706 3.31703 3.20436 4.92808 2.64744 2.90653 2.55857 2.43207 2.56724 3.3738 3.03489 2.89508 2.36321 2.04832 2.31914 1.96575 1.9931 1.93866 2.44426 2.24972 2.00643 2.6174 1.89422 2.54612 1.84253 1.79621 1.77148 1.88459 1.72288
threshold=-0.25200000405311579 0.38000001013278967 0.36849999427795416 0.49999998509883886 1.1800000071525576 0.29999999701976782 0.20833333581686023 0.38000001013278967 -0.047499999403953545 0.099999997764825835 0.26315090060234075 0.38000001013278967 0.29166667163372045 0.23795000463724139 0.04983333311975003 1.0269004106521609 0.36108332872390753 -0.54000002145767201 -3.713899970054626 0.27600000798702246 0.37083333730697637 0.018888888880610469 0.39958333969116216 0.17120567709207538 -3.845999956130981 1.7084999680519106 -0.39316667616367335 0.24511111527681353 -0.34205000102519983 0.46050569415092474
decision_type=2 2 2 2 2 2 2 2 2 2 2 2 2 2 2 2 2 2 2 2 2 2 2 2 2 2 2 2 2 2
left_child=1 5 3 -3 7 -1 16 -5 9 18 11 13 -12 -11 15 -9 23 -18 -2 -20 21 22 27 -7 -25 26 -8 28 -21 -14
right_child=8 2 -4 4 -6 6 25 14 -10 10 12 -13 29 -15 -16 -17 17 -19 19 20 -22 -23 -24 24 -26 -27 -28 -29 -30 -31
leaf_value=-0.015951723264063477 0.022899704439284654 -0.027902843874558703 0.0032660195058716868 -0.0082458224959406131 -0.029882911262290281 -0.0007988007122751835 0.011243043911096753 -0.032571316972600975 -0.00015247147829026164 -6.2652197254531308e-05 -0.0081259083993955161 0.036676935296518116 -0.00070515299789784553 0.013727116507556947 0.024035858102425436 0.017037950882321674 -0.065486233392395482 -0.0051837482426569468 -0.0054406274600557799 -0.019962650506745668 0.0075162855311147999 0.017130524755548548 -0.010530146763023008 -0.011146163256946524 0.0012311340976747687 0.025721540218756434 0.00057793631924225701 0.050341058084877703 0.00041986910282649782 0.010493256640777385
leaf_weight=35 20 149 47 43 69 168 61 29 1339 79 86 89 37 55 34 49 29 116 77 20 26 25 47 74 386 23 178 23 85 45
leaf_count=35 20 149 47 43 69 168 61 29 1339 79 86 89 37 55 34 49 29 116 77 20 26 25 47 74 386 23 178 23 85 45
internal_value=-0.000303415 -0.00191275 -0.00666667 -0.00824397 -0.00446429 -4.6729e-05 0.000410628 0.000483871 0.000864588 0.00322129 0.00594629 0.00997758 0.000595238 0.00522388 0.00446429 0 -0.00113195 -0.00637931 -7.73994e-05 -0.00107261 0.00154867 -0.00025 -0.00214286 7.96178e-05 0.00173913 0.00496183 0.00366109 0.0015625 -0.00119048 0.00731707
internal_weight=3543 1490 420 373 224 1070 1035 155 2053 714 391 223 168 134 112 78 773 145 323 303 226 200 175 628 460 262 239 128 105 82
internal_count=3543 1490 420 373 224 1070 1035 155 2053 714 391 223 168 134 112 78 773 145 323 303 226 200 175 628 460 262 239 128 105 82
is_linear=0
shrinkage=0.05


Tree=76
num_leaves=31
num_cat=0
split_feature=18 11 11 18 12 35 10 16 46 2 56 16 14 14 26 11 11 53 9 46 12 10 14 17 46 10 14 14 10 53
split_gain=2.65655 2.62156 2.69365 2.47301 2.35665 2.20074 2.05728 2.00084 3.88201 1.97062 2.32932 1.87525 1.80088 3.01366 3.25368 2.33309 2.18345 2.25035 2.0297 2.0246 2.08198 3.08824 3.03337 2.03815 1.95165 2.30915 2.55622 2.05503 2.67503 2.3284
threshold=0.52556851506233226 0.080869294703006758 0.011946840211749079 0.5656111240386964 5.0368902683258066 -1.1447499990463255 -17.922778129577633 0.21999999880790713 0.42450000345706945 0.63133332133293163 -0.96449998021125782 0.29999999701976782 0.28749999403953558 0.30416667461395269 -1.5729999542236326 0.38972872495651251 0.032113660126924522 -5.0084998607635489 0.28240698575973516 0.23933333158493045 2.9277592897415166 -10.68334913253784 0.10416666790843011 0.37500000000000006 -0.13483333587646482 -9.0410957336425763 0.36249999701976782 0.32916666567325598 -9.1432213783264142 2.3585000038146977
decision_type=2 2 2 2 2 2 2 2 2 2 2 2 2 2 2 2 2 2 2 2 2 2 2 2 2 2 2 2 2 2
left_child=6 2 7 -3 5 -5 -1 -2 -9 10 -4 -7 16 14 -14 24 18 -18 -8 20 21 -20 -22 -23 25 26 -15 28 -26 -29
right_child=1 3 9 4 -6 11 12 8 -10 -11 -12 -13 13 15 -16 -17 17 -19 19 -21 22 23 -24 -25 27 -27 -28 29 -30 -31
leaf_value=-0.056230430122051062 0.00063087377618036575 -0.0099428393038027089 -0.020236803558159724 0.0046780987672265907 0.0042276820096896206 -0.0018658173288309554 0.001370485374719832 -0.0025174422457132639 -0.20039625893430776 0.023297676743941644 0.0019735986798085302 -0.029392338924666795 0.033647995127334629 -0.0076366680285334058 -0.014366587373270604 0.014797724959787715 0.025884760262420328 0.0017064398136320469 -0.026899478787286858 -0.049850302152335324 -0.00083699062795301654 -0.0085498714261058161 0.0074958979516646278 0.0029003537491139458 -0.0025367657065045839 0.045841516136980363 0.0052445417529933726 -0.00099241591693164061 0.029733820390321266 -0.028091349594172112
leaf_weight=23 193 119 29 34 68 84 651 468 25 53 120 76 22 40 101 44 25 534 26 30 61 83 100 61 58 21 46 290 30 28
leaf_count=23 193 119 29 34 68 84 651 468 25 53 120 76 22 40 101 44 25 534 26 30 61 83 100 61 58 21 46 290 30 28
internal_value=-0.000275191 -0.00210796 -0.000619369 -0.00557743 -0.0028626 -0.0056701 0.000747581 -0.0021137 -0.00380325 0.00445545 0.00151007 -0.008125 0.0008996 -0.00125 -0.00833333 0.000314183 0.00183004 0.0043381 0.000444664 -0.00256233 -0.00143505 -0.00529412 0.00263975 -0.00243056 -0.000633528 0.00537383 0.00174419 -0.00221675 0.00454545 -0.00408805
internal_weight=3543 1269 888 381 262 194 2274 686 493 202 149 160 2251 680 123 557 1571 559 1012 361 331 170 161 144 513 107 86 406 88 318
internal_count=3543 1269 888 381 262 194 2274 686 493 202 149 160 2251 680 123 557 1571 559 1012 361 331 170 161 144 513 107 86 406 88 318
is_linear=0
shrinkage=0.05


Tree=77
num_leaves=31
num_cat=0
split_feature=13 16 56 56 11 36 36 10 3 2 13 10 10 10 14 10 44 13 0 13 14 13 11 16 27 53 11 2 35 37
split_gain=2.55405 3.99718 2.84241 2.75023 3.31949 2.01407 2.28694 2.43879 1.97172 2.82518 2.38212 3.4036 2.48948 3.29827 2.15634 2.53461 2.32556 4.17899 3.48712 4.22339 3.92014 4.55318 2.41178 2.15326 2.8684 2.12706 2.0004 1.89351 1.8738 1.78985
threshold=-0.21200000494718549 0.38000001013278967 0.36849999427795416 0.36849999427795416 0.32331565022468572 -0.93930000066757191 0.010350000113248827 -10.705115795135496 0.15365386754274371 0.5000000149011613 0.021999999880790714 -8.9677062034606916 -9.2898387908935529 -12.219148635864256 0.39583334326744085 -9.3177127838134748 -1.4999999999999998 0.067000001668930068 0.4200000017881394 -0.14449999481439588 0.22083333134651187 -0.16200000047683713 0.042064482346177108 0.34000000357627874 -0.62130001187324513 0.12750000506639483 0.38506762683391577 0.30200000107288366 -0.21925000101327893 0.44760000705719
decision_type=2 2 2 2 2 2 2 2 2 2 2 2 2 2 2 2 2 2 2 2 2 2 2 2 2 2 2 2 2 2
left_child=1 3 5 -1 28 -3 -7 -8 10 14 11 12 13 -2 16 -16 18 -18 20 27 21 -10 -22 -11 -25 -12 -24 -20 -5 -4
right_child=8 2 29 4 -6 6 7 -9 9 23 25 -13 -14 -15 15 -17 17 -19 19 -21 22 -23 26 24 -26 -27 -28 -29 -30 -31
leaf_value=0.00039941493671169503 0.00066326705859429819 0.010821879657999406 -0.0008066956028113609 0.027309374366656154 0.0081401534606769799 -0.025429098172079126 -0.042396974353587163 -0.00032181994177436503 0.0037193265215305013 -0.0056475576052408376 -0.0016788840825308071 -0.0079071664151586143 0.0011107138335996387 -0.0074200459648586323 0.0012001202977634587 -0.0025393152453693502 0.025509737281571822 -0.00051771288137673487 -0.0037968564107213362 0.030153770889464995 -0.00042840721703819585 -0.00072965247687340352 -0.026401322820873676 -0.011109066422854988 0.0048965238037570876 0.017510484929427389 -0.0045609919953722338 0.0077730846595065045 -0.012519047583660485 0.010438397039441738
leaf_weight=931 35 36 20 24 65 212 26 120 98 211 53 74 145 164 45 64 234 89 35 96 67 139 36 37 160 36 20 20 212 39
leaf_count=931 35 36 20 24 65 212 26 120 98 211 53 74 145 164 45 64 234 89 35 96 67 139 36 37 160 36 20 20 212 39
internal_value=-0.00014818 -0.00155786 -0.00557395 -8.11688e-05 -0.00423588 -0.0071066 -0.00824022 -0.00342466 0.00113025 0.00212805 -0.0015286 -0.00311005 -0.00101744 -0.00464824 0.00363203 -0.00298165 0.0044964 0.00781734 0.00239726 0.00877483 -0.000277778 0.00348101 -0.00752033 -0.00134804 0.00241117 0.00589888 -0.0151786 -0.00227273 -0.00699153 0.00466102
internal_weight=3543 1685 453 1232 301 394 358 146 1858 1351 507 418 344 199 943 109 834 323 511 151 360 237 123 408 197 89 56 55 236 59
internal_count=3543 1685 453 1232 301 394 358 146 1858 1351 507 418 344 199 943 109 834 323 511 151 360 237 123 408 197 89 56 55 236 59
is_linear=0
shrinkage=0.05


Tree=78
num_leaves=31
num_cat=0
split_feature=18 13 51 27 51 18 18 18 28 56 18 51 45 14 10 18 11 14 14 14 45 14 18 22 13 46 36 46 44 13
split_gain=3.14412 2.54338 2.86396 2.10872 2.49314 1.82705 3.87938 2.75 2.75248 3.20217 2.69351 6.10042 3.20565 3.02435 3.58485 2.8092 2.41056 2.13841 5.13506 4.1872 4.01472 2.39523 2.18324 2.36752 2.13384 2.05561 2.12988 2.02763 2.02667 2.02609
threshold=0.52556851506233226 -0.14733333140611646 -3.782500028610229 0.67544999718666088 2.7035000324249272 0.40893332660198217 0.44741667807102209 0.44034522771835333 1.0736000537872317 -0.044999999925494187 0.48206734657287603 0.55099999904632579 -1.1679166555404661 0.32916666567325598 -9.5128602981567365 0.45290370285511022 -0.083431154489517198 0.22083333134651187 0.10416666790843011 0.30416667461395269 -0.81616666913032521 0.079166669398546233 0.20603571832180026 0.07505000010132791 -0.1031111106276512 -0.13283333927392957 -0.38465000689029688 -0.056333335116505616 74.500000000000014 -0.36599999666213984
decision_type=2 2 2 2 2 2 2 2 2 2 2 2 2 2 2 2 2 2 2 2 2 2 2 2 2 2 2 2 2 2
left_child=5 2 -2 4 -3 17 7 8 9 16 11 12 -8 28 25 -14 -7 18 20 22 -1 -22 -19 -24 -13 -15 -27 -16 -12 -20
right_child=1 3 -4 -5 -6 6 10 -9 -10 -11 13 24 15 14 27 -17 -18 19 29 -21 21 -23 23 -25 -26 26 -28 -29 -30 -31
leaf_value=0.034599724401206892 -0.028250101227153268 0.0014524881577431246 -0.00094516124674530748 -0.0062008309450831247 0.019699904615711996 0.0037567419036277083 -0.092550301494941645 0.035207343531342729 -0.0026338709466197986 0.00062129573378639461 0.0031412906348190247 0.032612649638270728 -0.013621955430424838 0.0087265823951344079 -8.2941947249459702e-05 -0.0017533137956737208 0.023519265904449818 0.0010009441959523081 -0.008085909895357641 0.0003383043992313151 -0.00077981967566362234 -0.010456746116693706 -0.018428893492145052 -0.0060700771814734657 7.9988126580823887e-05 -0.0097563637671936668 0.0037706687328362617 -0.0088807067036885956 0.25705020407137957 0.0084085941528065349
leaf_weight=28 116 280 793 41 39 23 37 54 39 113 522 36 37 20 26 133 61 24 22 251 291 55 66 67 30 33 35 51 27 193
leaf_count=28 116 280 793 41 39 23 37 54 39 113 522 36 37 20 26 133 61 24 22 251 291 55 66 67 30 33 35 51 27 193
internal_value=-3.52808e-05 -0.00202916 -0.00343784 0.00152778 0.00289969 0.0010774 0.00232968 0.00741379 0.00508475 0.00748731 0.000835866 -0.00338828 -0.0076087 0.00245098 -0.00348485 -0.00470588 0.014881 -0.00052658 0.00140068 -0.00330882 -0.00213904 -0.00361272 -0.00971338 -0.012218 0.00984848 0.00340909 -0.000735294 -0.0113636 0.00423497 0.00755814
internal_weight=3543 1269 909 360 319 2274 1277 290 236 197 987 273 207 714 165 170 84 997 589 408 374 346 157 133 66 88 68 77 549 215
internal_count=3543 1269 909 360 319 2274 1277 290 236 197 987 273 207 714 165 170 84 997 589 408 374 346 157 133 66 88 68 77 549 215
is_linear=0
shrinkage=0.05


Tree=79
num_leaves=31
num_cat=0
split_feature=10 14 2 11 13 3 14 5 13 28 37 45 45 10 11 26 14 56 14 27 56 13 47 45 45 9 3 36 36 14
split_gain=2.07501 3.24747 3.19026 2.55967 2.94686 4.07453 4.07476 2.45392 2.7225 2.3682 2.68363 2.52113 2.26462 1.96043 1.71143 2.32942 1.64229 1.7173 1.63871 2.28689 1.77123 1.6129 1.5895 2.1803 2.60783 2.1856 2.14237 2.12021 4.13794 2.16179
threshold=-9.6013193130493146 0.029166667722165588 0.58933332562446605 -0.001523430924862623 -0.08485714346170424 0.1726275831460953 0.39583334326744085 0.42499999701976782 -0.26533333957195276 -0.18400000035762784 0.19739999622106555 0.23558333516120913 -1.0000000180025095e-35 -8.8865880966186506 0.17988016456365588 -0.43749999999999994 0.15416666865348819 0.36849999427795416 0.35416665673255926 0.1836500018835068 0.69350001215934765 0.0084444447420537489 1.6377018094062807 -0.91774997115135182 -1.1324999928474424 0.28240698575973516 0.25743961334228521 1.192349970340729 0.80109998583793651 0.28749999403953558
decision_type=2 2 2 2 2 2 2 2 2 2 2 2 2 2 2 2 2 2 2 2 2 2 2 2 2 2 2 2 2 2
left_child=22 12 3 7 16 9 -7 13 -9 14 -11 -12 -2 -3 15 -6 17 -5 -18 20 -20 -13 23 24 25 -1 -24 28 29 -25
right_child=1 2 -4 4 5 6 -8 8 -10 10 11 21 -14 -15 -16 -17 18 -19 19 -21 -22 -23 26 27 -26 -27 -28 -29 -30 -31
leaf_value=-0.019287777295831567 -0.020226637509174663 0.011113916667084573 0.01616424857904359 0.025188117317382436 0.0060945330596402694 0.042833687266121967 -0.00048395503104863398 -0.046694473943780901 0.002718460341258565 0.0063330640811321229 -0.01565105551255792 -0.0024164782775039917 -0.0022642884329170496 0.035092546294238747 -0.0068420137613889103 -0.0037087549335849792 -0.0057944347960836688 -0.0044054605221022919 0.00093715864616677059 0.0027423454825327878 -0.0052619818313243642 0.020787638017304058 -0.00076581295211943521 4.8174994469633164e-05 0.012479486710777563 0.010505252584822274 -0.014506884889228673 -0.010464417376813208 0.017240698071558657 -0.006434036576544639
leaf_weight=21 26 191 92 35 48 109 40 20 80 90 24 31 299 35 32 37 239 29 52 34 30 31 311 930 47 20 229 94 47 240
leaf_count=21 26 191 92 35 48 109 40 20 80 90 24 31 299 35 32 37 239 29 52 34 30 31 311 930 47 20 229 94 47 240
internal_value=-2.11685e-05 0.00130923 0.00244332 0.0017481 0.000319396 0.00316742 0.00989933 0.00552147 -0.001 -0.000255973 0.00340909 -0.00290698 -0.00315385 0.00840708 -0.00576923 -0.00205882 -0.00268496 0.0046875 -0.00401408 0.000862069 -0.00365854 0.00241935 -0.00112171 -0.000232309 0.00738636 -0.00182927 -0.00342593 -0.000743707 -0.000184881 -0.000769231
internal_weight=3543 1604 1279 1187 861 442 149 326 100 293 176 86 325 226 117 85 419 64 355 116 82 62 1939 1399 88 41 540 1311 1217 1170
internal_count=3543 1604 1279 1187 861 442 149 326 100 293 176 86 325 226 117 85 419 64 355 116 82 62 1939 1399 88 41 540 1311 1217 1170
is_linear=0
shrinkage=0.05


Tree=80
num_leaves=31
num_cat=0
split_feature=16 53 44 46 50 3 18 12 16 12 18 3 3 12 11 9 3 14 44 8 20 9 11 37 16 12 16 21 18 47
split_gain=2.385 2.50733 3.06317 2.32343 2.106 2.07692 2.02945 3.63899 2.18346 2.09087 2.99586 2.65205 2.62524 3.53956 2.38252 2.31645 2.18247 2.07609 1.98647 1.92667 1.91527 1.9076 2.05605 1.90616 1.9891 3.0317 2.85787 2.76497 2.56919 2.42517
threshold=0.97999998927116405 0.30550000071525579 -13.499999999999998 -0.14566666632890699 2.5000000000000004 0.25743961334228521 0.6712261736392976 3.6595002412796025 0.13999999687075618 0.85510832071304332 0.66119998693466198 0.33302292227745062 0.33302292227745062 0.1448420584201813 0.03568557649850846 0.37218417227268225 0.25274377316236502 0.029166667722165588 -7.4999999999999991 0.43333333730697637 -1.9302499890327451 0.15999624133110049 -0.0027276299661025401 10.679699897766115 0.49999998509883886 3.6316525936126713 0.38000001013278967 0.3725500106811524 0.50834298133850109 0.8185752034187318
decision_type=2 2 2 2 2 2 2 2 2 2 2 2 2 2 2 2 2 2 2 2 2 2 2 2 2 2 2 2 2 2
left_child=4 2 -2 -4 6 -3 8 -8 19 12 11 23 14 -14 16 -13 21 -16 -6 -1 -18 22 -10 24 26 28 -11 -28 -26 -29
right_child=1 5 3 -5 18 -7 7 -9 9 10 -12 15 13 -15 17 -17 20 -19 -20 -21 -22 -23 -24 -25 25 -27 27 29 -30 -31
leaf_value=-0.0022996212847782526 -0.030161830845934424 -0.00073842532737895122 0.0025282182353832724 -0.0067804566552942206 -0.0010862123658619161 0.0046513716413507543 0.00032056309320301003 0.015354395649475827 0.0021983925134899554 -2.0123835321752801e-05 -0.024456825286141282 -0.015099334446990787 -0.0052845119925866296 0.025792132921260244 0.081891885623948002 0.00040554557506748906 0.0087461313157281787 0.0039553946149025769 0.019620829264680645 -0.20028162113087133 -0.0023116896344889839 0.0040939586325945783 -0.0027745794750799174 0.011260272282369159 -0.011736034473415881 0.01871585982025202 -0.0079818585717566174 0.0072491301199266896 0.021669895037670424 -0.0055634624164613957
leaf_weight=25 25 52 28 220 51 26 96 43 164 1070 24 88 32 99 25 57 23 185 65 24 261 224 182 20 53 96 176 32 22 33
leaf_count=25 25 52 28 220 51 26 96 43 164 1070 24 88 32 99 25 57 23 185 65 24 261 224 182 20 53 96 176 32 22 33
internal_value=-0.000149105 -0.00405983 -0.00631868 -0.0046371 0.000283912 0.00384615 3.27439e-05 0.00593525 -0.000248714 -6.97837e-05 -0.00121185 -0.000956284 0.0015272 0.00820611 0.000704887 -0.00741379 -0.000468384 0.00547619 0.00689655 -0.0107143 -0.0040493 0.00131579 -0.00101156 -0.000332889 -0.000539811 0.00453216 -0.00120137 -0.00612033 -0.003 0.00269231
internal_weight=3521 351 273 248 3170 78 3054 139 2915 2866 1671 1647 1195 131 1064 145 854 210 116 49 284 570 346 1502 1482 171 1311 241 75 65
internal_count=3521 351 273 248 3170 78 3054 139 2915 2866 1671 1647 1195 131 1064 145 854 210 116 49 284 570 346 1502 1482 171 1311 241 75 65
is_linear=0
shrinkage=0.05


Tree=81
num_leaves=31
num_cat=0
split_feature=27 13 16 56 47 56 18 18 2 46 36 46 17 18 12 10 56 21 12 18 4 46 10 21 8 46 12 12 45 36
split_gain=2.52815 2.3156 4.29759 3.38837 2.70962 2.8143 2.64526 3.89043 3.64345 2.41788 2.2103 2.0792 1.50847 3.53858 2.37835 2.24943 3.20513 2.84091 2.04427 2.8809 2.1651 3.40275 3.74454 2.5855 2.10666 2.11542 2.09175 2.3737 1.94407 2.49066
threshold=-5.3254001140594474 -0.33200000226497645 0.38000001013278967 0.30050000548362737 3.0525947809219365 5.4765000343322763 0.45883789658546453 0.54458081722259533 0.58933332562446605 -4.510500192642211 0.29339998960495001 -0.56000000238418568 0.12500000372529033 0.56865182518959057 3.3502106666564946 -9.7515797615051252 -0.28900000452995295 0.042900001630187042 5.4141719341278085 0.22093518823385241 0.1799999997019768 -0.0093333330005407316 -11.61906862258911 1.087400019168854 1.6999999880790713 -0.14566666632890699 3.6595002412796025 0.52040332555770885 -0.050250001251697533 0.14119999855756762
decision_type=2 2 2 2 2 2 2 2 2 2 2 2 2 2 2 2 2 2 2 2 2 2 2 2 2 2 2 2 2 2
left_child=-1 2 4 6 11 9 -4 8 -8 -6 -9 -2 13 15 -15 -3 -17 -18 20 -20 26 22 -22 -23 -24 -26 27 -14 -29 -30
right_child=1 12 3 -5 5 -7 7 10 -10 -11 -12 -13 18 14 -16 16 17 -19 19 -21 21 23 24 -25 25 -27 -28 28 29 -31
leaf_value=0.12161405263132777 0.018080200407240895 -0.0057422824082751294 -0.041461831336693393 0.0045190320619877822 -0.0012909356009080831 0.0063738603372123781 -0.02657221139568058 -0.03178301854066664 0.0044852470607662951 -0.090389382879950311 -0.0093377899531490779 5.9217514289949818e-05 0.00023996308847082232 -0.0004694352958819481 0.0069404740117905471 0.035217604309137361 -0.0088211171274730285 0.0091542153276314275 -0.0054694728441001712 0.0077380288000293953 -0.0096688299451795461 -0.00072294100544558902 0.013962754425087057 0.0085243311011258018 0.0098887673368347959 -0.004047285343077231 0.00057826931693961048 -0.0067227251369876883 0.00071483267467863272 -0.0052048057438656044
leaf_weight=26 47 106 33 39 23 35 38 92 103 41 36 639 366 124 75 24 44 36 36 115 28 498 241 29 22 21 279 107 127 91
leaf_count=26 47 106 33 39 23 35 38 92 103 41 36 639 366 124 75 24 44 36 36 115 28 498 241 29 22 21 279 107 127 91
internal_value=-0.000149105 -0.000264664 -0.00213144 -0.00681818 -9.55414e-05 -0.00782828 -0.00860927 -0.00697026 -0.00124113 -0.0140625 -0.0132813 0.00102041 0.000622626 -0.00213936 0.00263819 -0.00666667 -0.00144231 -0.00625 0.00119898 0.00678808 0.000732449 0.00259237 0.00673077 0.000142315 0.0084507 -0.00174419 -0.000876289 -0.00235166 -0.00546154 -0.00275229
internal_weight=3521 3495 1126 341 785 99 302 269 141 64 128 686 2369 409 199 210 104 80 1960 151 1809 839 312 527 284 43 970 691 325 218
internal_count=3521 3495 1126 341 785 99 302 269 141 64 128 686 2369 409 199 210 104 80 1960 151 1809 839 312 527 284 43 970 691 325 218
is_linear=0
shrinkage=0.05


Tree=82
num_leaves=31
num_cat=0
split_feature=16 13 27 11 11 50 51 3 16 21 2 13 18 18 14 12 53 45 28 35 16 56 28 46 22 28 35 28 3 20
split_gain=2.09862 4.18467 1.81654 1.73382 1.75487 1.53972 1.73478 2.67692 2.34152 2.93932 2.80618 3.53691 2.27866 2.10179 3.1276 2.15745 2.56594 2.74924 2.56043 2.76268 2.41629 2.39216 2.1248 2.09525 2.04657 2.50522 1.80388 1.90787 1.81176 2.23965
threshold=0.97999998927116405 -0.66533333063125599 -5.3254001140594474 0.031168472953140739 0.0076250000856816777 2.5000000000000004 -1.3134999871253965 0.15365386754274371 0.53999999165534984 -0.13695000112056729 0.11800000444054605 -0.10111111029982565 0.69134074449539196 0.43116666376590734 0.18750000000000003 4.4855132102966317 -0.22549999505281446 -0.34366667270660395 0.61405000090599071 0.34524999558925634 0.53999999165534984 -2.5895000696182247 2.1513500213623051 0.20683333277702334 -9.3243999481201154 -1.9217500090599058 -0.4367499947547912 -1.5116500258445738 0.31211639940738684 -0.45349998772144312
decision_type=2 2 2 2 2 2 2 2 2 2 2 2 2 2 2 2 2 2 2 2 2 2 2 2 2 2 2 2 2 2
left_child=2 -2 -1 4 -3 6 7 -4 24 -10 -11 -12 13 14 23 16 17 18 19 21 -17 -15 -20 -9 -8 -26 28 -28 29 -27
right_child=1 3 5 -5 -6 -7 8 12 9 10 11 -13 -14 15 -16 20 -18 -19 22 -21 -22 -23 -24 -25 25 26 27 -29 -30 -31
leaf_value=0.11553334999976138 -0.050078752944951767 -0.0010422163778071925 0.013862525824991014 -0.0044259183538638202 0.0016641230241155741 0.011426963693244403 -0.0014762985758469849 0.025373732932227444 0.035228023438886806 -0.010674156424992261 -0.00052550349961282277 0.036525365093170205 0.0085846467151688751 -0.01049093662751998 -0.0026122328284758859 -0.025517655794259866 -0.048132987851916269 -0.023678042965905612 -0.035721095727827057 0.026593745932863511 0.00075612845507354591 0.0050868302644544927 0.0042948286060097178 -0.003565740744135593 0.0058570318464470587 -0.0024233903170891194 -0.016840016081768199 -7.0156718963870424e-05 0.019350263392351158 0.0053788578579950135
leaf_weight=26 26 175 41 108 42 115 29 47 39 24 47 31 49 136 52 67 35 83 54 32 27 108 22 21 79 171 24 1633 56 122
leaf_count=26 26 175 41 108 42 115 29 47 39 24 47 31 49 136 52 67 35 83 54 32 27 108 22 21 79 171 24 1633 56 122
internal_value=-0.000106504 -0.00377493 0.000299685 -0.00223077 0.000345622 0.00019084 -2.47606e-05 -0.00206718 0.000676275 0.00691489 0.00245098 0.00705128 -0.00276262 -0.00350877 0.0025 -0.00478723 -0.00340426 -0.00235632 -0.000426136 0.00181159 -0.0117021 0 -0.00855263 0.00955882 0.00026017 0.000443645 9.97009e-05 -0.000588413 0.00336676 0.00179181
internal_weight=3521 351 3170 325 217 3144 3029 774 2255 141 102 78 733 684 120 564 470 435 352 276 94 244 76 68 2114 2085 2006 1657 349 293
internal_count=3521 351 3170 325 217 3144 3029 774 2255 141 102 78 733 684 120 564 470 435 352 276 94 244 76 68 2114 2085 2006 1657 349 293
is_linear=0
shrinkage=0.05


Tree=83
num_leaves=31
num_cat=0
split_feature=13 17 13 0 50 10 17 2 8 8 0 21 44 21 12 18 17 13 11 11 3 56 18 18 10 46 35 20 18 5
split_gain=1.85864 1.81006 2.4712 1.97727 1.93446 2.01042 1.7864 2.09527 2.45404 2.05645 1.91712 2.19878 1.96951 1.75781 2.23651 2.79169 1.78196 1.61938 3.05847 2.28594 2.1991 2.03127 1.71875 1.60027 2.75279 1.44536 1.44312 1.42889 1.63012 3.31097
threshold=-0.25200000405311579 0.12500000372529033 -0.24599999934434888 0.53999999165534984 2.5000000000000004 -9.2605047225952131 0.62500000000000011 1.0224999785423281 1.0333333611488345 1.6333333253860476 0.29999999701976782 -0.019199999980628487 -5.4999999999999991 4.6643497943878183 5.3946819305419931 0.22093518823385241 0.45833332836627966 0.10800000280141832 0.31161588430404669 0.29474698007106787 0.27582278847694403 0.44249999523162847 0.39699682593345648 0.53588888049125682 -10.27934694290161 0.18349999934434894 4.4290001392364511 2.7127500772476201 0.51629504561424266 0.32500000298023229
decision_type=2 2 2 2 2 2 2 2 2 2 2 2 2 2 2 2 2 2 2 2 2 2 2 2 2 2 2 2 2 2
left_child=6 3 -3 25 13 -6 10 8 -8 -10 11 -1 -12 14 17 -16 -17 19 22 26 21 -21 -19 -5 -25 -2 27 28 -4 -30
right_child=1 2 4 23 5 -7 7 -9 9 -11 12 -13 -14 -15 15 16 -18 18 -20 20 -22 -23 -24 24 -26 -27 -28 -29 29 -31
leaf_value=-0.00019657365373124976 0.0029141276885336106 0.033065358192021478 -0.00013952672646568061 -0.007137668866459751 0.021038871239024294 -0.00073264131265017996 0.0047855315391039715 -0.043130702714320762 -0.017812901951612992 0.0045143763765815859 -0.00020661498047798573 -0.019386453873835897 0.0091832316773322546 -0.0023421796870846238 -0.007052383085577177 0.0040442692873414289 0.043129556651313232 -0.0017656317343198926 0.24494572479485158 0.0019266220902417143 -0.02702952960787245 -0.0073607197009681758 0.014359765822736448 0.0040335649813711127 -0.013899770501268 -0.015527261869062942 0.0036404070038928422 -0.03066940978506404 -0.0029141080547149204 0.0056359093398128035
leaf_weight=22 113 22 888 54 41 22 63 29 97 25 1176 21 51 29 33 73 30 40 26 45 26 57 88 29 47 28 60 23 111 152
leaf_count=22 113 22 888 54 41 22 63 29 97 25 1176 21 51 29 33 73 30 40 26 45 26 57 88 29 47 28 60 23 111 152
internal_value=-3.55013e-05 0.000945017 0.00152888 -0.00285978 0.00131881 0.00992063 -0.0013814 -0.00560748 -0.00364865 -0.00778689 -0.000669291 -0.0110465 -0.000305623 0.000996431 0.00121065 0.00735294 0.0114078 0.000659631 0.00551948 0.000110132 -0.00625 -0.00294118 0.00234375 -0.00730769 -0.00263158 0.00124113 0.000769854 0.000383305 0.000629887 0.00408745
internal_weight=3521 2037 1766 271 1744 63 1484 214 185 122 1270 43 1227 1681 1652 136 103 1516 154 1362 128 102 128 130 76 141 1234 1174 1151 263
internal_count=3521 2037 1766 271 1744 63 1484 214 185 122 1270 43 1227 1681 1652 136 103 1516 154 1362 128 102 128 130 76 141 1234 1174 1151 263
is_linear=0
shrinkage=0.05


Tree=84
num_leaves=31
num_cat=0
split_feature=16 13 27 44 8 10 16 18 51 12 13 28 13 21 0 2 11 36 46 11 11 13 12 16 44 14 14 28 28 36
split_gain=2.16411 3.39236 1.79916 1.76361 1.64281 2.01041 1.4395 2.89606 4.08043 4.57122 2.41606 2.02596 1.92412 1.69102 1.44292 1.74545 1.34525 1.88819 1.9739 1.82403 1.6748 1.37721 2.05894 1.28543 4.3422 6.54481 2.07943 1.88016 2.77626 2.13749
threshold=0.97999998927116405 -0.66533333063125599 -5.3254001140594474 -20.499999999999996 0.70000001788139354 -10.260846138000487 0.53999999165534984 0.50834298133850109 -0.15049999952316281 4.6300234794616708 -0.29199999570846552 -0.38415001332759852 -0.21200000494718549 -0.83184999227523793 1.060000002384186 1.1840000152587893 0.031168472953140739 -0.12900000065565106 -0.008499999996274708 0.17400176078081134 0.006642326246947051 0.021999999880790714 2.6501598358154301 0.38000001013278967 3.5000000000000004 0.24583332985639575 0.21249999850988391 0.023149999789893631 0.26305000483989721 -0.16149999946355817
decision_type=2 2 2 2 2 2 2 2 2 2 2 2 2 2 2 2 2 2 2 2 2 2 2 2 2 2 2 2 2 2
left_child=2 -2 -1 4 5 -4 14 8 9 13 -11 -9 -10 -8 23 -16 20 19 -19 -18 21 22 -3 27 25 26 -25 29 -29 -5
right_child=1 16 3 6 -6 -7 7 11 12 10 -12 -13 -14 -15 15 -17 17 18 -20 -21 -22 -23 -24 24 -26 -27 -28 28 -30 -31
leaf_value=0.10927485151215569 -0.046684170200123526 -0.010350902373941153 0.0017066465590435242 0.0024672886344163482 -0.025035653240146151 -0.046009680502859203 0.00083223571672186303 0.030952135507754996 -0.00038387688344800888 -0.0010680409175238548 0.050467324999638366 0.00265983400442677 0.021093350245346584 -0.017019840247808771 0.028831170485857517 -0.00062169117154372568 -0.0018792051637930242 -0.00096169287964403274 -0.022685509172205028 0.0010417533722986373 0.001313915376345512 0.0031258567171281032 0.003499663970707645 -0.0092725012034561068 0.28123601715489227 0.00016932977763125428 -0.042345751256885424 0.006110506009853362 0.00042812668659266464 -0.00074654785423517367
leaf_weight=26 26 88 37 385 38 24 27 47 22 21 26 25 56 75 20 24 20 26 27 35 43 65 21 59 20 233 78 133 799 995
leaf_count=26 26 88 37 385 38 24 27 47 22 21 26 25 56 75 20 24 20 26 27 35 43 65 21 59 20 233 78 133 799 995
internal_value=-4.97018e-05 -0.00377493 0.000362776 0.000254453 -0.00631313 -0.00122951 0.00046798 0.00376254 0.000991189 -0.00385906 0.00904255 0.0125 0.0102564 -0.00980392 0.00010925 0.00909091 -0.00238462 -0.00694444 -0.0136792 -0.000454545 -0.000115207 -0.00229885 -0.00573394 -3.70096e-05 -0.00269231 -0.00391892 -0.0125912 0.0004109 0.00214592 -0.00076087
internal_weight=3521 351 3170 3144 99 61 3045 299 227 149 47 72 78 102 2746 44 325 108 53 55 217 174 109 2702 390 370 137 2312 932 1380
internal_count=3521 351 3170 3144 99 61 3045 299 227 149 47 72 78 102 2746 44 325 108 53 55 217 174 109 2702 390 370 137 2312 932 1380
is_linear=0
shrinkage=0.05


Tree=85
num_leaves=31
num_cat=0
split_feature=16 51 46 13 28 2 27 14 9 26 28 50 46 47 27 56 14 53 13 9 49 3 18 16 17 26 21 53 2 8
split_gain=1.80414 3.18229 1.96841 3.24692 2.03368 1.82288 1.69387 1.41719 2.69468 1.76441 1.49799 1.713 1.51294 2.04716 2.7 2.2227 3.05778 1.8065 1.85476 1.84864 1.82933 2.38729 1.75264 3.09711 1.69551 1.72801 1.50635 2.50208 1.96191 1.71746
threshold=1.1800000071525576 -0.91549998521804798 -0.033166667446494096 0.014166666660457851 0.32504999637603765 1.0805000066757204 -5.3254001140594474 0.029166667722165588 0.11998809128999711 -0.69200000166892994 -0.66475000977516163 2.5000000000000004 -0.33516666293144221 3.0525947809219365 0.92900002002716076 -2.7454999685287471 0.079166669398546233 2.5074999332427983 -0.08485714346170424 0.31130495667457586 1.5000000000000002 0.20034662634134295 0.40893332660198217 0.21999999880790713 0.20833333581686023 0.56825000047683727 0.71694999933242809 0.52050000429153453 0.34999999403953558 1.8333333134651186
decision_type=2 2 2 2 2 2 2 2 2 2 2 2 2 2 2 2 2 2 2 2 2 2 2 2 2 2 2 2 2 2
left_child=6 -2 4 5 -3 -4 -1 8 -8 -10 26 12 13 15 -15 -12 -17 20 -19 -20 -14 -22 -18 -24 25 -23 27 29 -28 -9
right_child=1 2 3 -5 -6 -7 7 10 9 -11 11 -13 17 14 -16 16 22 18 19 -21 21 24 23 -25 -26 -27 28 -29 -30 -31
leaf_value=0.10381110893654788 -0.025282434827705182 0.0082464801897223911 -0.0059266150275389734 0.019586869573412387 -0.00069827925904883967 -0.040456622459907665 -0.022758261961261891 -8.3889436208549922e-05 -0.025728539792335154 0.00010742261625930616 0.031022148370240112 0.011081754375058084 0.00018055955019680896 -0.060492085287509934 0.012486850688271246 0.026366632850905569 -0.011449009733845193 0.00017748382559315686 0.041316094575276366 9.8539124225156217e-05 -0.0088141110449177218 0.0022702388788468225 0.02868975644009223 -0.0036542185395297497 0.0086437210722457494 -0.0069866019994924283 -0.006635136743425616 0.011948309621255994 -0.00060838912926863831 -0.0069789868383507399
leaf_weight=28 36 22 55 45 21 31 57 484 34 303 33 81 1387 21 49 41 32 78 46 35 122 34 44 43 52 70 69 49 123 37
leaf_count=28 36 22 55 45 21 31 57 484 34 303 33 81 1387 21 49 41 32 78 46 35 122 34 44 43 52 70 69 49 123 37
internal_value=-2.80741e-05 -0.00452381 -0.00172414 -0.00477099 0.00755814 -0.0104651 0.00025358 0.000150421 -0.00266497 -0.000964392 0.00052901 0.00119926 0.000922377 0.00446768 -0.00285714 0.00712435 0.0046875 0.000411184 0.00550314 0.0108025 -7.50751e-05 -0.00377698 0.000630252 0.00431034 0.000320513 -0.00336538 -0.00137795 -8.77193e-05 -0.00520833 -0.00110365
internal_weight=3562 210 174 131 43 86 3352 3324 394 337 2930 2168 2087 263 70 193 160 1824 159 81 1665 278 119 87 156 104 762 570 192 521
internal_count=3562 210 174 131 43 86 3352 3324 394 337 2930 2168 2087 263 70 193 160 1824 159 81 1665 278 119 87 156 104 762 570 192 521
is_linear=0
shrinkage=0.05


Tree=86
num_leaves=31
num_cat=0
split_feature=27 11 46 46 51 51 2 12 13 13 36 12 11 44 5 11 45 0 44 11 8 44 36 27 56 27 12 37 2 2
split_gain=1.75595 1.68502 1.24401 2.26687 1.87662 2.14773 1.50266 1.21501 1.94416 2.24764 2.09 1.79963 1.77156 1.5934 3.35189 1.76204 2.43979 2.347 3.32058 2.93148 2.65727 2.06713 1.90005 1.81794 1.76663 1.73946 1.61258 1.6749 1.33288 1.51447
threshold=-5.3254001140594474 -1.9962866306304929 -0.60433331131935109 -1.1344999670982359 -1.8525000214576719 0.84999999403953563 0.51800000667572033 4.1199495792388925 -0.39577777683734888 -0.46999999880790705 0.18795000016689303 5.9010686874389657 0.43717326223850256 -11.499999999999998 0.47499999403953558 0.1392946466803551 1.0452499985694887 0.4200000017881394 -5.4999999999999991 0.40546448528766638 1.1000000238418581 -1.4999999999999998 -0.16149999946355817 0.075649999082088484 0.86149999499320995 -0.023700000718235966 4.5560512542724618 -0.18760000169277188 1.0805000066757204 0.58933332562446605
decision_type=2 2 2 2 2 2 2 2 2 2 2 2 2 2 2 2 2 2 2 2 2 2 2 2 2 2 2 2 2 2
left_child=-1 -2 3 4 -3 -6 -5 28 9 12 -11 13 -9 14 -10 24 17 18 -17 23 22 25 -19 -20 26 -22 -15 -28 29 -4
right_child=1 2 7 6 5 -7 -8 8 11 10 -12 -13 -14 15 -16 16 -18 20 19 -21 21 -23 -24 -25 -26 -27 27 -29 -30 -31
leaf_value=0.098620553489720528 -0.001066440063997666 -0.12786236493511374 -0.00046827322543629914 0.0048848970079703128 0.019489342820784281 -0.21538010801647867 0.02808179372237566 0.0043752570945782138 -0.0050675707119437197 -0.029207175581549966 -0.00027168188095786776 -0.001990922586982186 -0.0007759982059958537 0.02057650234741128 0.0045301031017622399 -0.030394087627543687 0.021095788511774516 -0.016020568449330513 0.00017596179182403221 0.01648185524005789 0.021670077602693395 -0.019678333234787623 0.00092782016888738334 -0.0096737506649087202 -0.0020866957274900395 0.0035365610943337957 -0.00053903006454592743 0.0048787061778383161 -0.01137445083548454 0.00091483528403191758
leaf_weight=28 48 22 1620 31 56 21 43 40 51 28 23 66 53 33 41 22 20 31 71 46 81 21 39 35 24 67 27 29 127 718
leaf_count=28 48 22 1620 31 56 21 43 40 51 28 23 66 53 33 41 22 20 31 71 46 81 21 39 35 24 67 27 29 127 718
internal_value=2.80741e-05 -7.07414e-05 5.73723e-05 0.00419075 -0.000757576 0.00292208 0.0108108 -0.000158467 0.00147406 -0.00381944 -0.0122549 0.00255682 0.000806452 0.00336991 -0.00271739 0.0043956 0.00294457 0.00211864 -0.00229885 0.000328947 0.00533473 0.00872781 -0.00285714 -0.00424528 0.00995575 0.0108108 0.0132022 0.00803571 -0.000720081 -0.000449102
internal_weight=3562 3534 3486 173 99 77 74 3313 848 144 51 704 93 638 92 546 433 413 174 152 239 169 70 106 113 148 89 56 2465 2338
internal_count=3562 3534 3486 173 99 77 74 3313 848 144 51 704 93 638 92 546 433 413 174 152 239 169 70 106 113 148 89 56 2465 2338
is_linear=0
shrinkage=0.05


Tree=87
num_leaves=31
num_cat=0
split_feature=16 36 44 45 46 22 4 18 22 27 11 16 9 56 14 12 46 17 18 17 46 36 27 7 5 44 9 16 56 46
split_gain=1.75109 2.0765 2.284 1.69711 2.11615 2.02992 1.87438 1.9241 1.7031 1.64879 1.82986 1.43924 1.89242 1.97113 1.61422 2.2209 1.36022 2.07326 2.08221 1.84377 2.12506 1.35976 1.33333 1.31554 2.32562 2.69283 3.25178 2.32001 2.20305 1.88097
threshold=0.97999998927116405 0.58050000667572033 -13.499999999999998 -1.2731667160987852 0.12316666916012765 -0.44230000674724573 0.65999999642372142 0.76358386874198925 0.44304999709129339 -5.3254001140594474 -1.9962866306304929 0.85999998450279247 0.16719070076942447 0.53999999165534984 0.28749999403953558 2.3164778947830205 -0.60433331131935109 0.12500000372529033 0.5656111240386964 0.20833333581686023 -1.1344999670982359 -0.01760000083595514 0.31280000507831579 1.0000000180025095e-35 0.47499999403953558 -12.499999999999998 0.2052717208862305 0.25999999791383749 -1.5205000042915342 0.053166666999459274
decision_type=2 2 2 2 2 2 2 2 2 2 2 2 2 2 2 2 2 2 2 2 2 2 2 2 2 2 2 2 2 2
left_child=9 2 -2 -4 5 -5 8 -8 -7 -1 -11 16 13 -13 -14 -16 17 18 -12 20 -19 -6 -20 -18 25 27 -27 -25 -28 -26
right_child=1 -3 3 4 21 6 7 -9 -10 10 11 12 14 -15 15 -17 23 19 22 -21 -22 -23 -24 24 29 26 28 -29 -30 -31
leaf_value=0.093689525815234515 -0.022757141388252536 0.0052634210272907607 0.0039377590396095959 -0.0040952341158143049 -0.0053786035359951502 0.0044512183102105498 -0.024172327412367748 0.015754131750846591 -0.00081117022026249157 -0.0010131180607977827 0.02830135390787333 -0.011275816458023481 0.018772734312852771 0.015952237037777938 -0.035257746749812226 0.024250064937115068 -0.00021457649644965779 -0.20832330443354571 -0.1167432338909381 0.022393202927466372 0.022707329694994796 -0.02123148930094601 0.02382286950817112 0.00020774072700984931 0.0011721636194321169 0.0087494245587504075 -0.023460848144895914 -0.017096909412412823 0.00033428796588859887 0.0094500467895094614
leaf_weight=28 25 29 23 43 20 55 52 37 39 48 24 41 93 20 20 31 2336 33 20 45 21 23 30 21 103 37 27 26 164 48
leaf_count=28 25 29 23 43 20 55 52 37 39 48 24 41 93 20 20 31 2336 33 20 45 21 23 30 21 103 37 27 26 164 48
internal_value=5.61482e-05 -0.0033237 -0.00449527 -0.00325342 -0.00436803 -0.00243363 -0.000136612 -0.00533708 0.00478723 0.000419776 0.000313676 0.000461783 0.0045122 -0.00286885 0.00763889 0.000490196 0.000178876 0.00447977 0.0108108 -0.000252525 -0.00648148 -0.0145349 0.005 -9.05141e-05 0.00246479 -0.000272727 0.00197368 -0.0111702 -0.00065445 0.00745033
internal_weight=3562 346 317 292 269 226 183 89 94 3216 3188 3140 205 61 144 51 2935 173 74 99 54 43 50 2762 426 275 228 47 191 151
internal_count=3562 346 317 292 269 226 183 89 94 3216 3188 3140 205 61 144 51 2935 173 74 99 54 43 50 2762 426 275 228 47 191 151
is_linear=0
shrinkage=0.05


Tree=88
num_leaves=31
num_cat=0
split_feature=27 18 18 11 18 26 8 44 12 12 18 8 50 2 7 56 26 28 10 9 12 37 8 11 51 37 56 27 11 10
split_gain=1.7718 1.41297 3.36135 2.124 1.87947 1.6 1.41171 1.55255 1.51248 1.89125 2.52876 1.80708 1.7177 2.63843 2.20529 1.67143 1.77459 1.85467 1.71753 1.62535 2.54754 3.06154 3.10849 2.16317 2.48973 1.9626 3.91727 2.25752 1.92 3.23729
threshold=-5.3254001140594474 0.72240000963211071 0.73395556211471569 -1.0000000180025095e-35 0.7738865613937379 0.55375000834465038 0.16666667163372043 4.5000000000000009 5.9010686874389657 5.1105892658233651 0.64390477538108837 0.43333333730697637 1.0000000180025095e-35 0.94799998402595531 1.0000000180025095e-35 2.029500007629395 -1.092999994754791 -0.60830000042915333 -10.075670719146727 0.40667136013507849 0.85510832071304332 -0.38124999403953547 1.4333333373069765 -0.040790442377328866 1.1495000123977663 -1.0000000180025095e-35 -0.57400000095367421 0.98820000886917125 -0.049547126516699784 -9.9357304573059064
decision_type=2 2 2 2 2 2 2 2 2 2 2 2 2 2 2 2 2 2 2 2 2 2 2 2 2 2 2 2 2 2
left_child=-1 6 -3 5 -5 -4 7 -2 9 11 15 12 14 -14 -8 16 18 -18 -11 20 28 23 25 -22 -25 26 -23 -27 29 -13
right_child=1 2 3 4 -6 -7 8 -9 -10 10 -12 19 13 -15 -16 -17 17 -19 -20 -21 21 22 -24 24 -26 27 -28 -29 -30 -31
leaf_value=0.089005049524472801 -0.0024838798056164347 -0.023688100351758945 -0.026679809588627201 0.014315837644866864 -0.00089114079626281817 4.7265412163191579e-05 -4.5243853179542139e-05 0.5206900593075442 -0.0045714479734675273 0.00101924115994129 0.019354141435690565 -0.010483237513677014 0.018185798781582441 -0.033590777443908891 0.0015623974448548722 0.018794445313575436 -0.0086449211054300187 0.00041049349034126905 0.024848004009164856 0.0012216109172452918 -0.021780736066935882 -0.013875081811765512 0.0017022893058832292 -0.0038799883073019196 -0.019614377540073922 -0.0046303970840280931 0.0064718417640491025 0.005026833969813127 5.076289478075924e-06 0.022271201699821618
leaf_weight=28 411 57 20 49 58 20 262 21 71 28 26 39 150 20 22 40 33 179 22 428 33 53 176 262 24 276 70 23 588 73
leaf_count=28 411 57 20 49 58 20 262 21 71 28 26 39 150 20 22 40 33 179 22 428 33 53 176 262 24 276 70 23 588 73
internal_value=-2.80741e-05 -0.000127334 -0.00416667 -0.000170068 0.00350467 -0.01 0.00012012 -0.0025463 0.000517598 0.00069862 0.00426829 0.000230092 0.0030837 0.00705882 0.000704225 0.00298013 0.00152672 -0.000471698 0.01 -0.000403423 -0.00112863 -0.0028626 -0.000752508 -0.00681818 -0.00541958 -0.00308057 0.00223577 -0.00526756 0.00114286 0.00714286
internal_weight=3562 3534 204 147 107 40 3330 432 2898 2827 328 2499 454 170 284 302 262 212 50 2045 1617 917 598 319 286 422 123 299 700 112
internal_count=3562 3534 204 147 107 40 3330 432 2898 2827 328 2499 454 170 284 302 262 212 50 2045 1617 917 598 319 286 422 123 299 700 112
is_linear=0
shrinkage=0.05


Tree=89
num_leaves=31
num_cat=0
split_feature=27 14 9 18 21 13 20 9 18 14 12 20 50 5 26 3 13 13 18 9 51 51 46 18 35 51 20 5 27 2
split_gain=1.75595 1.30623 2.26176 1.67061 2.52203 1.5838 1.65349 2.31943 2.18137 2.11841 1.49369 3.33755 2.89617 2.46098 2.2947 2.18682 2.07953 2.15938 1.84889 1.7864 1.75432 2.39755 2.84353 1.72293 1.70162 2.27944 1.88167 1.58617 3.17323 1.56323
threshold=-5.3254001140594474 0.029166667722165588 0.11998809128999711 0.7738865613937379 -0.15104999393224713 0.45644444227218633 -1.0000000180025095e-35 0.43975645303726202 0.40406349301338201 1.0000000180025095e-35 1.5638261437416079 0.94874998927116405 2.5000000000000004 0.42499999701976782 0.087999999523162856 0.33302292227745062 -0.018000000156462189 -0.46999999880790705 0.52762961387634288 0.25562594830989843 1.8299999833106997 0.16449999809265139 -0.2688333392143249 0.22510714083909991 0.38474999368190771 3.0225000381469731 1.5312500000000002 0.075000001117587103 1.0000000180025095e-35 0.08000000007450582
decision_type=2 2 2 2 2 2 2 2 2 2 2 2 2 2 2 2 2 2 2 2 2 2 2 2 2 2 2 2 2 2
left_child=-1 2 -2 10 -5 6 -4 9 -9 -8 11 15 14 19 20 29 17 -16 -17 27 21 22 -12 -23 -18 26 -26 -13 -29 -3
right_child=1 3 5 4 -6 -7 7 8 -10 -11 12 13 -14 -15 16 18 24 -19 -20 -21 -22 23 -24 -25 25 -27 -28 28 -30 -31
leaf_value=0.084554797048249114 -0.021462012386823673 -0.0031110294172514682 -0.039466498559243238 -0.020809139940057338 0.00020955959634709755 0.53483831303649065 0.029651383548373256 -0.060297948635645277 -0.0029375347475631575 0.00017135674837634319 0.014051960704598099 -0.0075689080624706867 0.013288121038775434 -0.0090019099702036698 0.0034366245143608643 0.034332942547190395 0.020983500577273315 -0.00044906378817969884 -0.00058134287080105485 -0.013368998148675827 -0.010606761508896291 -0.0063293338416826094 -0.0010335124903930568 0.0047060396020153043 0.002979567891009045 0.019835375782366785 -0.0067368480811481838 -0.0091474735614749513 0.019965957822306066 0.0011550849501837297
leaf_weight=28 57 44 38 20 27 20 42 24 170 131 49 45 90 57 99 65 35 530 25 46 46 34 774 111 38 35 20 20 38 804
leaf_count=28 57 44 38 20 27 20 42 24 170 131 49 45 90 57 99 65 35 530 25 46 46 34 774 111 38 35 20 20 38 804
internal_value=2.80741e-05 -7.07414e-05 -0.00248963 0.000311271 -0.00904255 -0.00123529 -0.00191358 -0.000885559 -0.00463918 0.0033237 0.000457571 0.00187937 -0.000416443 -0.0038835 -0.000861095 0.00314499 0.00122193 3.97456e-05 0.0105556 -0.000503356 -0.00241617 -0.00196281 -0.00300729 0.00396552 0.00703125 0.00349462 -0.00258621 0.00315534 0.00862069 0.00235849
internal_weight=3562 3534 482 3052 47 425 405 367 194 173 3005 1144 1861 206 1771 938 757 629 90 149 1014 968 823 145 128 93 58 103 58 848
internal_count=3562 3534 482 3052 47 425 405 367 194 173 3005 1144 1861 206 1771 938 757 629 90 149 1014 968 823 145 128 93 58 103 58 848
is_linear=0
shrinkage=0.05


Tree=90
num_leaves=31
num_cat=0
split_feature=35 26 36 37 47 45 56 16 37 12 45 10 8 21 3 36 21 9 56 46 50 12 11 20 35 3 26 47 16 46
split_gain=1.52493 2.78371 3.22368 2.10479 2.59663 2.67935 2.02622 1.95792 1.8973 2.35585 2.17601 2.40143 1.92 1.84652 1.7754 1.75286 2.99655 2.17084 2.04401 1.69527 1.47616 1.67359 2.27923 1.57007 1.70046 1.81071 3.52237 1.50186 1.80259 2.01349
threshold=-0.21925000101327893 0.076000001281499877 1.0000000180025095e-35 -2.7354999780654903 0.51104667782783519 -1.1324999928474424 -2.3585000038146968 0.13999999687075618 -0.33309999108314509 0.49549317359924322 0.014166666660457851 -9.1332664489746076 1.1000000238418581 -0.18919999897480008 0.27582278847694403 -0.56504997611045826 -1.6624000072479246 0.16242232918739322 -2.1395000219345088 0.13133332878351214 2.5000000000000004 0.64301714301109325 -0.001523430924862623 -0.95350000262260426 -0.27824999392032618 0.23068684339523318 -0.39150001108646387 0.762465000152588 0.29999999701976782 0.091499999165534987
decision_type=2 2 2 2 2 2 2 2 2 2 2 2 2 2 2 2 2 2 2 2 2 2 2 2 2 2 2 2 2 2
left_child=1 6 3 -3 -5 -6 14 -2 9 -9 -11 12 -12 -7 -1 16 17 -8 -17 -16 21 22 -20 27 25 -25 -27 -23 -29 -30
right_child=7 2 -4 4 5 13 15 8 -10 10 11 -13 -14 -15 19 18 -18 -19 20 -21 -22 23 -24 24 -26 26 -28 28 29 -31
leaf_value=0.00030716151298092469 -0.075673864766679505 -0.012835685994245415 0.018887771113703478 -0.0011596975016804852 -0.0013386866294714014 0.039992567007492957 0.011314441838496251 0.010041114110411933 -9.8937871249101976e-05 -0.014824671088880316 -0.0025358045926967502 -0.02324982923104528 0.018475937732482409 0.014463099624167641 -0.018872084507317383 0.026347517393073328 -0.0028964617440877713 -0.0016773642545927837 0.022842884703102237 0.0049447116757697085 0.01703761732807765 0.0020323162505371363 0.00075922025864494499 -0.008619437035024961 0.0038211608931354225 -0.02064002363906943 0.0058570289151226862 0.012046724174523094 -0.0058149316365326276 0.000419146923967606
leaf_weight=183 36 36 67 47 46 35 33 28 1967 60 30 20 20 30 128 34 102 31 52 21 32 152 86 84 24 29 27 25 22 21
leaf_count=183 36 36 67 47 46 35 33 28 1967 60 30 20 20 30 128 34 102 31 52 21 32 152 86 84 24 29 27 25 22 21
internal_value=-0.000114025 0.00120638 0.00584291 0.00257732 0.00506329 0.00923423 9.2081e-05 -0.000937066 -0.000741176 -0.00601266 -0.00884615 -0.00285714 0.003 0.0157692 -0.00316265 0.0015252 -0.00301205 0.00546875 0.00280612 -0.00721477 0.00207581 0.00143678 0.00615942 -0.000260417 -0.00396341 -0.00607143 0.000892857 0.0025 -0.00367647 -0.00988372
internal_weight=3508 1347 261 194 158 111 1086 2161 2125 158 130 70 50 65 332 754 166 64 588 149 554 522 138 384 164 140 56 220 68 43
internal_count=3508 1347 261 194 158 111 1086 2161 2125 158 130 70 50 65 332 754 166 64 588 149 554 522 138 384 164 140 56 220 68 43
is_linear=0
shrinkage=0.05


Tree=91
num_leaves=31
num_cat=0
split_feature=35 51 36 50 45 13 18 17 18 35 12 36 18 46 18 9 16 21 26 18 26 51 9 18 6 18 13 9 51 27
split_gain=1.61388 1.85498 2.1689 2.04623 1.99746 2.14749 1.93317 2.8838 2.81185 2.16814 3.44485 2.30619 2.00761 2.99654 2.31099 2.65568 2.20851 4.189 2.38976 2.13836 1.94289 1.89311 1.85823 2.95653 2.76211 2.22217 2.55395 2.73824 1.8517 1.82469
threshold=-1.1447499990463255 -1.2574999928474424 -0.53785002231597889 1.5000000000000002 -0.31775000691413874 -0.26533333957195276 0.40893332660198217 0.20833333581686023 0.39714285731315618 2.3380000591278081 2.8107068538665776 0.55129998922348034 0.50072485208511364 -0.30433332920074457 0.56355291604995739 0.94544529914855968 0.34000000357627874 0.39710000157356268 1.0000000180025095e-35 0.57258889079093944 0.84674999117851268 0.80349999666214 1.20743864774704 0.36384847760200506 0.40000000596046453 0.27080741524696356 0.021999999880790714 0.39955301582813268 -0.51300001144409169 -3.0653500556945796
decision_type=2 2 2 2 2 2 2 2 2 2 2 2 2 2 2 2 2 2 2 2 2 2 2 2 2 2 2 2 2 2
left_child=29 2 -2 6 5 -4 7 -3 9 11 -11 22 13 -8 15 -14 17 18 21 -16 -10 -15 23 25 -25 26 27 -9 -21 -1
right_child=1 3 4 -5 -6 -7 12 8 20 10 -12 -13 14 16 19 -17 -18 -19 -20 28 -22 -23 -24 24 -26 -27 -28 -29 -30 -31
leaf_value=-0.01956229425144744 -0.009629467738727894 -0.013624223037032937 -0.0022283664814282569 0.0039089307739623149 -0.0089948451010679661 0.0068826633528983666 0.024211668810315303 -0.0015228197307034738 -0.033985376252870521 0.043743661748558121 -0.019270138716225571 -0.01149158163133588 -0.00056405634934115513 -0.00069773522162857747 0.0027250919731989552 -0.014815641080845527 0.0050893498099615856 0.0087311012021327444 -0.0082024578281448719 -0.013618977477312055 -0.0059572072459580742 0.019830018740703326 -0.0032508626626962587 -0.0048301582843919173 0.011742656647843276 -0.0014180238084074315 0.019338060528078928 0.013150901583254099 0.00052999947452022961 0.00303000218026753
leaf_weight=54 149 83 271 137 108 133 50 170 24 28 26 46 318 117 56 39 129 83 83 54 25 22 23 25 59 173 25 20 440 538
leaf_count=54 149 83 271 137 108 133 50 170 24 28 26 46 318 117 56 39 129 83 83 54 25 22 23 25 59 173 25 20 440 538
internal_value=-9.97719e-05 -0.00058299 -0.00291225 9.97783e-05 -0.00136719 0.000247525 -0.000283286 -0.00237276 -0.00124224 -0.000294118 0.00925926 -0.00124769 0.000808771 0.00340909 -0.000578831 -0.00371148 0.00207373 -0.000245902 -0.00382883 0.00145455 -0.0127551 0.000179856 -0.000252525 0.000423729 0.00892857 -0.00141753 0.00197674 0 0.000404858 0.00228041
internal_weight=3508 2916 661 2255 512 404 2118 727 644 595 54 541 1391 484 907 357 434 305 222 550 49 139 495 472 84 388 215 190 494 592
internal_count=3508 2916 661 2255 512 404 2118 727 644 595 54 541 1391 484 907 357 434 305 222 550 49 139 495 472 84 388 215 190 494 592
is_linear=0
shrinkage=0.05


Tree=92
num_leaves=31
num_cat=0
split_feature=14 11 14 20 13 10 14 4 0 35 35 28 53 13 47 5 46 46 11 28 14 14 16 21 18 56 18 14 3 21
split_gain=1.64736 1.91769 1.49713 3.6359 2.26404 2.04385 1.95881 2.68443 1.98528 1.84989 3.37318 1.89029 1.83409 1.76807 1.37746 2.37944 2.46408 2.25879 1.93498 1.79252 2.10945 2.10976 4.02383 2.90615 2.19194 2.50696 2.09259 2.44193 2.12805 2.02991
threshold=0.054166667163372047 1.3499302268028261 0.15416666865348819 2.1897500753402714 3.3686666488647465 -8.731536388397215 0.17083333432674411 0.21999999880790713 0.58000001311302196 -3.6482499837875362 -1.3962500095367429 2.6433999538421635 -1.3845000267028806 -0.93333333730697621 0.21456690877676013 0.32500000298023229 -0.099833335727453218 -0.056333335116505616 -0.26183214783668513 -1.9217500090599058 0.21249999850988391 0.22916666418313983 0.34000000357627874 -0.14320000261068341 0.51379999518394481 -0.14050000160932538 0.43116666376590734 0.36249999701976782 0.12671032547950747 -0.20284999907016751
decision_type=2 2 2 2 2 2 2 2 2 2 2 2 2 2 2 2 2 2 2 2 2 2 2 2 2 2 2 2 2 2
left_child=-1 2 3 4 5 9 7 -4 -9 -2 11 -11 -12 -8 15 -15 -17 -18 -16 -20 29 22 -22 -23 25 -25 27 -27 -28 -21
right_child=1 -3 6 -5 -6 -7 13 8 -10 10 12 -13 -14 14 18 16 17 -19 19 20 21 23 -24 24 -26 26 28 -29 -30 -31
leaf_value=-0.0012721641824690961 -0.015969646703677062 0.0063678208506056369 -0.016640118198569233 -0.043743946134284888 -0.0066473390741304877 0.029406089801384917 -0.027049905868213021 0.017689807610441078 -0.012004909378201201 0.043409968264558188 -0.0027745063835131578 0.024962909776067507 0.0010610611983447643 0.005064765114550015 -0.013219256124620297 -0.0038060618960970892 0.016372135982984055 -0.00034434469143413695 0.0043791648393006312 -0.0013791053926706929 0.0016188705951548866 0.0010411547645284389 -0.042849690098048683 -0.01191097565289395 0.00013835947900245893 -0.006500762421587045 -0.0042703752837970569 0.0090106901097062025 0.003227283014273219 0.004114756150666604
leaf_weight=601 42 21 36 45 33 26 28 24 55 40 138 23 458 78 32 24 21 95 164 104 43 452 54 115 346 140 20 24 97 129
leaf_count=601 42 21 36 45 33 26 28 24 55 40 138 23 458 78 32 24 21 95 164 104 43 452 54 115 346 140 20 24 97 129
internal_value=-7.12657e-05 0.000421397 0.00031185 0.00214286 0.00296053 0.00354195 -0.000396444 -0.00673913 -0.00158228 0.00303138 0.00367982 0.0146825 0.00251678 -2.54323e-05 0.000154799 0.00389908 0 0.00301724 -0.000319767 -8.88626e-05 -0.00062336 -0.00141363 -0.00850515 -0.000837521 -0.0027628 -0.00530303 -0.00275801 -0.00640244 0.00235043 0.00375536
internal_weight=3508 2907 2886 805 760 727 2081 115 79 701 659 63 596 1966 1938 218 140 116 1720 1688 1524 1291 97 1194 742 396 281 164 117 233
internal_count=3508 2907 2886 805 760 727 2081 115 79 701 659 63 596 1966 1938 218 140 116 1720 1688 1524 1291 97 1194 742 396 281 164 117 233
is_linear=0
shrinkage=0.05


Tree=93
num_leaves=31
num_cat=0
split_feature=35 44 2 51 4 10 10 0 35 10 21 27 12 13 2 11 28 22 11 26 12 21 0 28 46 56 12 27 26 16
split_gain=1.63183 1.65543 1.97543 1.51185 1.76378 2.03525 1.60994 1.95002 2.2161 2.02701 1.60124 2.2358 2.86797 1.72807 1.7337 1.69706 1.4455 2.18988 1.43989 2.66861 2.41804 1.64408 1.63771 2.21298 1.61282 2.74245 2.51302 2.36517 2.56001 2.55568
threshold=-1.1447499990463255 1.0000000180025095e-35 0.53999999165534984 -1.6804999709129331 0.1799999997019768 -10.201372146606444 -12.828595161437987 0.85999998450279247 0.22775000333786014 -10.736910820007322 -0.20284999907016751 -0.20714999735355374 0.47310431301593786 -0.061111111193895333 0.34999999403953558 0.027550446800887588 -0.94300001859664906 -0.38144999742507929 -0.0053677258547395459 -1.092999994754791 0.31217537820339208 -0.027449999935925003 0.099999997764825835 0.023149999789893631 -0.06349999830126761 -0.16149999946355817 0.54426714777946483 0.6581999957561494 -0.31399999558925623 0.21999999880790713
decision_type=2 2 2 2 2 2 2 2 2 2 2 2 2 2 2 2 2 2 2 2 2 2 2 2 2 2 2 2 2 2
left_child=1 -1 -3 4 -2 6 -6 16 9 -9 11 13 -13 -5 15 -15 -8 -18 20 -20 -12 -22 23 -21 26 -26 -24 28 -27 -29
right_child=3 2 -4 10 5 -7 7 8 -10 -11 18 12 -14 14 -16 -17 17 -19 19 22 21 -23 24 -25 25 27 -28 29 -30 -31
leaf_value=0.0032739093833946105 -0.018993602383653878 0.00043571903441053279 -0.012610871683209591 -0.00039884608899085907 0.0011652884996046664 0.0004943831788091213 -0.035867843646276112 -0.044606566723239774 0.010330868659445125 0.0074193263266245429 0.0085316834206081299 -0.0013338168132748082 0.01217635744070558 0.00061931720012870374 -0.0012013212744220294 0.018430564210767476 0.0027917384955365057 -0.022114046960132729 0.0083581543511495639 -0.0046184561828782082 -0.0042243651156519341 0.00028366114815232737 0.0047233549924635913 0.00046688747024820439 -0.0085803579827273581 0.0088619674914315466 -0.00068363586008124097 0.0023682352728928227 -0.00058211207656240775 -0.0090607967894767057
leaf_weight=494 20 72 26 258 27 221 20 35 39 33 42 49 84 46 26 44 27 106 59 88 68 407 117 54 112 54 222 22 553 83
leaf_count=494 20 72 26 258 27 221 20 35 39 33 42 49 84 46 26 44 27 106 59 88 68 407 117 54 112 54 222 22 553 83
internal_value=-2.85063e-05 0.00236486 -0.00357143 -0.000514403 -0.00293561 -0.0023622 -0.00513937 -0.00634615 -0.00116822 -0.00661765 2.0938e-05 0.00251479 0.00808271 0.000534759 0.00560345 0.00888889 -0.00996732 -0.00808271 -0.000651249 -0.00150293 0.00159574 0.000578947 -0.00197318 -0.00704225 -0.00135426 -0.00254854 0.00154867 -0.00140449 -0.000205931 -0.00833333
internal_weight=3508 592 98 2916 528 508 287 260 107 68 2388 507 133 374 116 90 153 133 1881 1364 517 475 1305 142 1163 824 339 712 607 105
internal_count=3508 592 98 2916 528 508 287 260 107 68 2388 507 133 374 116 90 153 133 1881 1364 517 475 1305 142 1163 824 339 712 607 105
is_linear=0
shrinkage=0.05


Tree=94
num_leaves=31
num_cat=0
split_feature=18 18 4 12 46 17 9 18 18 21 53 51 14 18 51 18 18 16 35 2 50 44 45 12 56 16 12 45 9 21
split_gain=1.73968 2.24508 2.81238 2.80674 2.97332 2.06617 2.27698 2.47081 3.30712 2.53268 4.32481 3.31526 3.0525 2.20237 2.02458 3.02098 3.29192 3.05734 2.5468 2.55855 2.45952 2.00301 1.92603 1.97088 1.90476 2.01629 1.89056 2.08621 1.87681 1.79546
threshold=0.40893332660198217 0.44741667807102209 0.25999999791383749 4.2614352703094491 -0.31666666269302363 0.20833333581686023 1.2566608190536501 0.39714285731315618 0.37407778203487402 0.4142999947071076 2.6755000352859502 2.6380000114440922 0.35416665673255926 0.39070588350296026 -0.45300000905990595 0.48206734657287603 0.52556851506233226 0.97999998927116405 -1.0000000180025095e-35 0.11800000444054605 1.0000000180025095e-35 -1.0000000180025095e-35 -0.17208333313465116 2.7014106512069707 -4.2165000438690177 0.38000001013278967 3.8053679466247563 -0.37216667830944056 0.16003508865833285 -0.7147499918937682
decision_type=2 2 2 2 2 2 2 2 2 2 2 2 2 2 2 2 2 2 2 2 2 2 2 2 2 2 2 2 2 2
left_child=5 2 3 4 -2 13 7 8 9 10 11 -7 21 -1 15 24 17 -17 19 -16 -18 -11 -4 -24 -3 26 27 -26 -10 -21
right_child=1 14 22 -5 -6 6 -8 -9 28 12 -12 -13 -14 -15 18 16 20 -19 -20 29 -22 -23 23 -25 25 -27 -28 -29 -30 -31
leaf_value=-0.016472182014559352 0.018773824975848896 -0.15844001933679314 0.018421679768048534 0.011105759472555453 -0.0015966655105339234 0.00010013962720918969 -0.0079778000853068676 -0.014648393986326858 0.023409393540908235 -0.026935919102562451 0.035661607147404711 -0.0089135861582757443 0.0054367895998474148 0.0012575441415561231 -0.0010369130330739802 0.0079228865723058456 -0.01673386084163905 -0.0022189848760606284 6.4415611448656097e-05 -0.0010358959045989491 -0.00073488627116538032 0.0067417729294416808 0.0092756266596617978 -0.0065696850255686952 0.010111094649549002 -0.033886429812623957 -0.019543399894380014 -0.0080597758599357961 0.0013168499394422069 0.0067561496771962439
leaf_weight=82 23 20 60 30 84 460 43 58 42 77 28 27 28 21 50 304 205 102 836 47 363 20 61 21 29 37 25 29 69 227
leaf_count=82 23 20 60 30 84 460 43 58 42 77 28 27 28 21 50 304 205 102 836 47 363 20 61 21 29 37 25 29 69 227
internal_value=1.42531e-05 0.00069526 0.00492832 -0.000182482 -0.00397196 -0.00180628 -0.000997653 -0.000401731 0.000366178 -0.00101563 0.000533981 -0.000564682 -0.0074 -0.00849515 0.000175901 -0.0013465 -0.000359343 0.00307882 0.00163793 0.00540123 -0.0028169 -0.0115979 0.00985915 0.00487805 -0.00821429 -0.00583333 -0.00150602 0.00344828 0.00833333 0.00729927
internal_weight=3508 2553 279 137 107 955 852 809 751 640 515 487 125 103 2274 1114 974 406 1160 324 568 97 142 82 140 120 83 58 111 274
internal_count=3508 2553 279 137 107 955 852 809 751 640 515 487 125 103 2274 1114 974 406 1160 324 568 97 142 82 140 120 83 58 111 274
is_linear=0
shrinkage=0.05


Tree=95
num_leaves=31
num_cat=0
split_feature=2 28 11 13 28 14 46 28 21 3 12 12 46 46 27 5 35 14 27 22 53 20 13 6 28 45 16 21 13 8
split_gain=1.49915 2.09204 2.39519 1.80033 3.08489 2.92426 2.78944 2.3418 3.04175 2.19341 1.94864 2.04706 2.08039 2.82789 1.87106 1.79055 1.7792 1.73979 1.88978 3.47031 2.00942 1.81527 1.84397 3.23992 2.35626 2.21794 1.95531 1.91467 1.75401 1.71704
threshold=0.11800000444054605 -0.050249999389052384 0.023769366554915908 -0.09200000017881392 9.046300411224367 0.12083333358168603 1.0000000180025095e-35 -1.9902999997138975 0.13149999827146533 0.19831921160221103 0.51467344164848339 5.5966765880584726 0.16683333367109301 0.061833333224058158 -0.17490000277757642 0.17500000074505809 0.31375001370906835 0.16250000149011615 0.22294999659061435 0.034600000828504569 2.2044999599456792 -1.2507500052452085 -0.14449999481439588 0.90000000596046459 1.954599976539612 0.20699999481439593 0.34000000357627874 -0.011750000063329933 -0.12199999764561652 1.4333333373069765
decision_type=2 2 2 2 2 2 2 2 2 2 2 2 2 2 2 2 2 2 2 2 2 2 2 2 2 2 2 2 2 2
left_child=1 2 -1 4 6 -5 17 14 -9 -10 16 12 13 -12 -8 -14 -7 -2 21 20 -20 -19 23 24 25 26 -23 -28 -24 -3
right_child=3 29 -4 5 -6 10 7 8 9 -11 11 -13 15 -15 -16 -17 -18 18 19 -21 -22 22 28 -25 -26 -27 27 -29 -30 -31
leaf_value=-0.00015250144859972755 0.00045122684606164923 -0.0007961686691242587 -0.0043848215074257053 -0.0010829573969737415 0.009912227254381345 0.016076818569028751 -0.0021895177952590164 -0.0010445983080896004 -0.013242337779387395 -0.0044864286477518407 0.00047435726838565529 0.040983845592827535 -0.017990909576642487 0.018487831108347161 0.005064769213719237 0.00028379502261193234 0.0035002225979767266 0.0013375243061794829 -3.818782272765827e-05 0.0059162192853409517 -0.024507981812212323 0.0033578317343018697 0.014966838258294691 -0.01266581090071163 0.02148402566821267 -0.017514508093665872 -0.02403635070704966 0.0013748231622075836 -0.0016901502880378395 0.0059311675778362495
leaf_weight=56 695 163 82 294 25 64 36 538 84 244 284 34 30 80 58 49 42 87 107 100 20 64 20 58 20 22 57 25 37 41
leaf_count=56 695 163 82 294 25 64 36 538 84 244 284 34 30 80 58 49 42 87 107 100 20 64 20 58 20 22 57 25 37 41
internal_value=-7.11035e-05 -0.00321637 -0.00797101 0.000267801 -0.000468002 0.00219498 -0.000660211 -0.00270833 -0.00352194 -0.00731707 0.00424528 0.0028826 0.00197517 0.00357143 0.00478723 -0.00537975 0.0103774 0.000838415 -0.001094 0.00253304 -0.00295276 -0.00320513 -0.005033 -0.00691057 -0.0037234 -0.00565476 -0.00342466 -0.00853659 0.00307018 0
internal_weight=3516 342 138 3174 2297 877 2272 960 866 328 583 477 443 364 94 79 106 1312 617 227 127 390 303 246 188 168 146 82 57 204
internal_count=3516 342 138 3174 2297 877 2272 960 866 328 583 477 443 364 94 79 106 1312 617 227 127 390 303 246 188 168 146 82 57 204
is_linear=0
shrinkage=0.05


Tree=96
num_leaves=31
num_cat=0
split_feature=18 18 47 51 45 12 51 27 50 12 26 18 22 28 28 28 9 37 16 36 18 27 36 44 27 27 26 1 45 27
split_gain=1.5368 2.17813 2.47414 2.49105 1.96502 1.85283 2.00537 2.74229 2.15813 1.99487 1.79929 1.63164 1.6784 1.55396 1.83947 1.89276 1.86939 1.48441 1.4345 1.8848 1.40833 1.38669 1.50516 1.72243 1.38153 3.00621 2.34174 1.99651 1.60202 2.13474
threshold=0.35233333706855779 0.34203462302684789 1.8881500959396365 2.4175000190734868 0.16758333891630176 4.2308614253997812 -0.36950001120567316 -0.76799997687339772 2.5000000000000004 4.6982243061065683 -0.426250010728836 0.51588761806488048 -1.340950012207031 -0.32495000958442682 -0.091249998658895479 0.043899999931454665 0.2982576191425324 -0.75360000133514393 0.25999999791383749 -0.29700000584125513 0.24374999850988391 0.79559999704360973 0.25505000352859503 1.5000000000000002 -0.20714999735355374 -0.32150000333786005 0.55375000834465038 0.47499999403953558 -0.15450000017881391 -0.62130001187324513
decision_type=2 2 2 2 2 2 2 2 2 2 2 2 2 2 2 2 2 2 2 2 2 2 2 2 2 2 2 2 2 2
left_child=1 2 3 21 -3 -2 7 -7 9 -9 17 12 -11 -12 -15 16 -16 -8 19 -17 -4 22 23 24 25 28 27 -26 -1 -30
right_child=5 4 20 -5 -6 6 10 8 -10 11 13 -13 -14 14 15 18 -18 -19 -20 -21 -22 -23 -24 -25 26 -27 -28 -29 29 -31
leaf_value=0.014868454373206705 -0.00012739556361584698 -0.00313446492137148 -0.0013524941292678214 -0.0099778789858372911 -0.040779648864397888 0.018765895021774628 0.0011317918195026377 0.001959138909810232 0.018522782705004348 0.01524959485560683 -0.00052614922546160854 -0.015081527638896898 -0.0087949151359564062 0.0059353411560473419 0.0067660801796182342 -2.9061501760309817e-05 -0.0037158820025099365 0.010607066948728592 0.0029060265841183153 0.011018469905344509 0.040724642596384912 0.0024922580271438104 -0.016547729247185432 -0.0033054337565823558 0.0024417598440418663 -0.013601246774971199 0.022320725793433374 -0.00047374656288013409 -0.0036211304733266407 0.0013548365122656948
leaf_weight=20 2219 33 20 50 23 33 34 73 23 20 41 71 38 23 20 21 34 28 145 53 40 38 48 26 53 30 21 181 32 25
leaf_count=20 2219 33 20 50 23 33 34 73 23 20 41 71 38 23 20 21 34 28 145 53 40 38 48 26 53 30 21 181 32 25
internal_value=2.84414e-05 -0.0021875 -0.00128425 -0.0023855 -0.0116071 0.000521558 0.00285388 -0.000581395 -0.00255556 -0.00420792 0.00507519 -0.00794574 -0.00172414 0.00363501 0.00489865 0.00375458 -0.00462963 0.0129032 0.00582192 0.0114865 0.00833333 -0.00126582 -0.00206422 -0.00103093 -0.000138122 -0.00490654 0.00186275 0.00042735 0.000324675 -0.00394737
internal_weight=3516 640 584 524 56 2876 657 258 225 202 399 129 58 337 296 273 54 62 219 74 60 474 436 388 362 107 255 234 77 57
internal_count=3516 640 584 524 56 2876 657 258 225 202 399 129 58 337 296 273 54 62 219 74 60 474 436 388 362 107 255 234 77 57
is_linear=0
shrinkage=0.05


Tree=97
num_leaves=31
num_cat=0
split_feature=18 21 14 18 11 9 11 35 11 10 45 18 18 18 9 18 10 5 9 36 18 0 9 14 10 51 18 18 13 16
split_gain=1.47795 2.37435 3.23734 1.70582 2.21557 2.39502 2.16098 2.18898 1.75152 1.5729 1.35941 1.32961 2.75816 1.81902 3.30179 2.00271 4.17729 1.93604 1.8087 1.57792 1.71467 1.41305 1.34473 3.33441 1.21753 1.20479 2.98385 3.20905 3.44061 2.59345
threshold=0.35233333706855779 0.4142999947071076 0.36249999701976782 0.27080741524696356 -0.042971160262823098 0.44778953492641455 0.25486487150192266 -0.37600000202655787 0.38972872495651251 -10.14858293533325 0.53874999284744274 0.7738865613937379 0.76358386874198925 0.72240000963211071 0.29613552987575537 0.6712261736392976 -11.052070140838621 0.42499999701976782 0.30079524219036108 -0.1438999995589256 0.77733176946640026 0.78000000119209301 0.042107913643121726 0.10416666790843011 -9.5260500907897931 -0.36950001120567316 0.44741667807102209 0.48206734657287603 0.13688889145851138 0.34000000357627874
decision_type=2 2 2 2 2 2 2 2 2 2 2 2 2 2 2 2 2 2 2 2 2 2 2 2 2 2 2 2 2 2
left_child=1 3 9 6 5 -5 7 -1 -8 -3 -6 12 13 15 24 22 -17 21 -19 -13 -21 -18 23 -2 -15 26 -24 -28 -29 -27
right_child=11 2 -4 4 10 -7 8 -9 -10 -11 -12 19 -14 14 -16 16 17 18 -20 20 -22 -23 25 -25 -26 29 27 28 -30 -31
leaf_value=0.020820608851638146 0.012883177725252598 -0.00016458596098343646 0.0052838074777880129 0.0030407664964743099 -0.0031019580650309465 -0.0013042823085749897 -0.010835126341600988 0.00067917071223075613 0.003171076287821423 -0.023364150517280372 0.015429715370447523 -0.018554322535591573 0.013277274143122964 -0.0083992179280218734 -0.023131245023094528 0.0079522911421275166 -0.011539089901253467 0.0093429757097967005 -0.0027208030749484471 -0.0045411976714572286 0.013061564025558837 0.0045146538030535451 0.0070944217113491194 -0.0048618655931662513 0.0053675838048571709 2.1063595373748486e-05 -0.020348005040634994 -0.0010691371657481547 0.047793499263934884 0.0035447970075896647
leaf_weight=33 34 22 20 38 145 24 33 191 27 85 22 21 31 22 48 53 46 20 26 34 22 29 179 48 20 943 142 781 45 332
leaf_count=33 34 22 20 38 145 24 33 191 27 85 22 21 31 22 48 53 46 20 26 34 22 29 179 48 20 943 142 781 45 332
internal_value=-0.000170648 -0.00234375 -0.00846457 -0.00082846 -0.0040393 0.00403226 0.00176056 0.00401786 -0.00666667 -0.0119159 -0.00703593 0.000312935 0.000491247 0.000325145 -0.00666667 0.000560119 0.00574713 0.000619835 0.00869565 -0.00616883 -0.00178571 -0.00433333 0.000199681 -0.00609756 0.00357143 0.000412882 -0.00076286 -0.0018595 -0.00066586 0.00147059
internal_weight=3516 640 127 513 229 62 284 224 60 107 167 2876 2799 2768 90 2678 174 121 46 77 56 75 2504 82 42 2422 1147 968 826 1275
internal_count=3516 640 127 513 229 62 284 224 60 107 167 2876 2799 2768 90 2678 174 121 46 77 56 75 2504 82 42 2422 1147 968 826 1275
is_linear=0
shrinkage=0.05


Tree=98
num_leaves=31
num_cat=0
split_feature=3 0 13 10 47 36 14 14 37 37 53 26 46 37 26 45 46 9 47 45 46 27 13 27 26 11 4 3 13 56
split_gain=1.19185 2.18073 1.90289 3.6089 2.20826 2.45236 1.9687 3.15373 2.10761 1.78075 1.70469 2.64024 2.62683 1.97275 2.15407 1.82899 2.54227 1.75457 2.00134 2.67329 1.73553 1.69051 2.20003 2.91477 2.18522 2.12246 4.00002 2.59629 1.82508 1.80307
threshold=0.13965897262096408 0.059999998658895499 0.021999999880790714 -9.0005626678466779 0.74557417631149303 -0.15309999883174893 0.33750000596046453 0.22916666418313983 -0.33309999108314509 -0.0186999998986721 -1.3845000267028806 -1.392750024795532 0.019166666083037857 1.0000000180025095e-35 -0.45550000667572016 -0.60641667246818531 -0.041500000283122056 0.24177820235490802 1.5158891677856448 -0.90183332562446583 0.11916666850447656 0.60319998860359203 -0.14449999481439588 0.38480000197887426 -0.08249999955296515 -0.046563697978854172 0.21999999880790713 0.3007341623306275 -0.46999999880790705 -0.044999999925494187
decision_type=2 2 2 2 2 2 2 2 2 2 2 2 2 2 2 2 2 2 2 2 2 2 2 2 2 2 2 2 2 2
left_child=2 -2 3 6 5 -4 7 8 -1 -10 15 -12 13 -13 -15 17 -17 -3 19 -19 -20 22 24 29 -16 -26 -27 -28 -29 -24
right_child=1 10 4 -5 -6 -7 -8 -9 9 -11 11 12 -14 14 21 16 -18 18 20 -21 -22 -23 23 -25 25 26 27 28 -30 -31
leaf_value=-0.0080230594757812902 0.010202575120090512 -0.0053023668601070049 -0.005991221965035552 -0.0077710666493622576 0.017408499570951336 0.013699705116147893 0.0015187149910734167 -0.0054071771023049059 0.012502171310727445 0.00014667534189142259 0.0042790342730722221 7.4032025601078473e-06 -0.0013132965532609898 0.0073707401179060163 -0.01021282323635791 -0.039090381156634782 -0.0053329554385353178 0.040689030717337059 -0.0016006857633647836 0.0028482179918723374 0.0052725749648446551 0.0078204716255881653 -0.00095937370974865657 -0.017246731707660664 0.0014905542125534439 -0.012381915278549392 -0.0028370432520523391 -0.0011612413655940398 0.021718803699638866 0.018888717874361857
leaf_weight=40 22 142 20 89 28 29 67 84 28 130 147 885 567 27 25 44 284 20 208 51 67 105 33 21 90 32 90 20 23 98
leaf_count=40 22 142 20 89 28 29 67 84 28 130 147 885 567 27 25 44 284 20 208 51 67 105 33 21 90 32 90 20 23 98
internal_value=-0.000156428 0.000224925 -0.00237864 -0.00365297 0.00487013 -0.00153061 -0.00136103 -0.00319149 0.000252525 0.0028481 0.000109097 0.000843736 0.000372024 0.00150104 0.00381206 -0.00183824 -0.00472561 0.000102459 0.00202312 0.00950704 9.09091e-05 0.00311918 0.00173611 0.00657895 -0.000892857 0.000490196 -0.00287879 0.00093985 0.0110465 0.00935115
internal_weight=3516 3001 515 438 77 49 349 282 198 158 2979 2163 2016 1449 564 816 328 488 346 71 275 537 432 152 280 255 165 133 43 131
internal_count=3516 3001 515 438 77 49 349 282 198 158 2979 2163 2016 1449 564 816 328 488 346 71 275 537 432 152 280 255 165 133 43 131
is_linear=0
shrinkage=0.05


Tree=99
num_leaves=31
num_cat=0
split_feature=2 27 27 27 27 9 27 13 53 27 10 44 14 53 35 5 9 45 27 46 53 21 2 20 53 46 53 35 51 15
split_gain=1.29257 1.06189 1.31103 1.60072 1.87761 3.06159 2.57197 2.95411 2.27603 1.90116 1.76767 1.70621 2.57895 1.90895 1.77935 1.6713 1.92045 1.65263 1.606 1.5385 1.49229 1.97547 2.22853 1.61001 1.87591 2.08273 1.83997 1.78536 1.78279 1.55612
threshold=1.3339999914169314 -5.3254001140594474 -2.373649954795837 -1.5407000184059141 -0.5876999795436858 0.96012279391288768 -0.72630000114440907 -0.1031111106276512 -0.28949999809265131 -0.41920000314712519 -9.3096928596496564 -6.4999999999999991 0.23749999701976779 -1.8715000152587888 -0.18275000154972074 0.47499999403953558 0.30830879509449011 -1.0000000180025095e-35 -0.39294999837875361 -0.008499999996274708 -3.1365000009536739 -0.50490000844001759 0.24511111527681353 -1.970750033855438 -0.17700000107288358 0.44716666638851171 -0.10050000250339507 -1.5097500085830686 -4.2269999980926505 0.63333335518836986
decision_type=2 2 2 2 2 2 2 2 2 2 2 2 2 2 2 2 2 2 2 2 2 2 2 2 2 2 2 2 2 2
left_child=1 -1 19 15 5 6 7 8 -5 11 -8 12 -6 -13 -15 16 -4 -9 -11 -3 -20 22 -22 27 28 26 -26 -23 -25 -24
right_child=-2 2 3 4 9 -7 10 17 -10 18 -12 13 -14 14 -16 -17 -18 -19 20 -21 21 23 29 24 25 -27 -28 -29 -30 -31
leaf_value=0.08228110749532809 -0.023838492339729352 0.007098385160681342 0.0036899965042218666 -0.0013234193593670319 -0.011553591414140814 0.018845851335067804 -0.012769938113952573 0.012395999954479431 -0.010263585723918741 -0.0066154787078449295 0.00054706702372171181 0.021832483789181564 0.0061427641380133848 -7.8833954273014554e-05 0.014777288434357307 -0.0010709647281842254 0.022605170907793917 -0.00059112934730956308 -0.013114015808435631 -0.025962768537140107 -0.0051198140377259867 0.00060506656810587031 0.013838525842187388 0.007041848582759966 0.0060697775256495119 -0.0091682776436303858 9.0074206155207223e-05 0.017865165215163886 -0.0020116411256506316 -0.0020460820457411932
leaf_weight=24 23 39 50 118 38 23 91 40 50 40 25 27 38 38 23 36 22 21 113 60 31 99 85 22 35 26 1620 29 608 22
leaf_count=24 23 39 50 118 38 23 91 40 50 40 25 27 38 38 23 36 22 21 113 60 31 99 85 22 35 26 1620 29 608 22
internal_value=-0.000142207 -6.44145e-05 -0.000136927 2.96736e-05 -0.000168608 -0.00353261 -0.00471014 -0.00163755 -0.00505952 0.000259157 -0.0107759 0.0054878 0 0.0102273 0.00532787 0.00601852 0.0104167 0.00778689 -5.49451e-05 -0.00580808 9.29368e-05 0.000339542 0.00615942 1.02501e-05 -0.000292081 0.000580012 0.000800604 0.00546875 -0.00261905 0.00957944
internal_weight=3516 3493 3469 3370 3262 368 345 229 168 2894 116 164 76 88 61 108 72 61 2730 99 2690 2577 138 2439 2311 1681 1655 128 630 107
internal_count=3516 3493 3469 3370 3262 368 345 229 168 2894 116 164 76 88 61 108 72 61 2730 99 2690 2577 138 2439 2311 1681 1655 128 630 107
is_linear=0
shrinkage=0.05


Tree=100
num_leaves=31
num_cat=0
split_feature=14 8 46 18 0 46 27 27 46 2 46 53 21 46 20 10 46 14 18 9 12 21 11 45 9 22 10 10 28 9
split_gain=2.17771 2.1954 2.18179 1.99552 2.0202 1.94886 1.67731 2.00116 3.04547 2.20409 2.12113 2.05785 2.07692 1.84808 1.82526 2.80273 1.86606 2.50963 1.67519 1.86748 1.63333 2.51279 1.69825 1.63333 1.59658 1.59457 1.52562 2.66767 1.67776 2.38158
threshold=0.32916666567325598 1.5666666626930239 0.13133332878351214 0.56656664609909069 0.4200000017881394 0.082499999552965178 1.5527999997138979 0.48425000905990606 -0.044999999925494187 0.34999999403953558 -2.1233333945274349 2.2469999790191655 0.33690001070499426 0.023500000126659874 0.80700001120567333 -11.052070140838621 0.12516666948795321 0.11250000074505807 0.30385185778141027 0.14475353807210925 2.158299565315247 0.71694999933242809 0.055071389302611358 0.68308332562446605 0.65877881646156322 -0.40670000016689295 -10.27934694290161 -10.034305095672606 -2.1808500289916988 0.18013098090887072
decision_type=2 2 2 2 2 2 2 2 2 2 2 2 2 2 2 2 2 2 2 2 2 2 2 2 2 2 2 2 2 2
left_child=1 6 5 4 -4 24 7 10 9 -9 -1 14 13 -13 18 -16 -17 -18 19 -12 21 -10 -22 -24 26 -7 -2 -28 -29 -30
right_child=2 -3 3 -5 -6 25 -8 8 20 -11 11 12 -14 -15 15 16 17 -19 -20 -21 22 -23 23 -25 -26 -27 27 28 29 -31
leaf_value=-0.19370158054549622 -0.02467880846501946 0.01600472325215099 -0.0042902378742584206 -0.016747980722002131 0.0015704973524010791 -0.0021217781695327593 -0.0048906616614645187 9.3583475413017156e-05 0.01021281725273534 0.01533361148134238 -0.0072392910688009494 0.029787801233713208 -0.00041050061412863386 0.0019861628179558056 0.0056279911787832371 -0.0081021600302300482 -0.0479850826641652 0.0056601552061512628 0.00040858523348729324 0.00050974204871238047 0.0045400259876150198 -0.035581337104979759 -0.0072261199064933557 0.012842244409899672 0.0046166457398643338 0.0035193313074871851 0.0020140975937095631 0.0082539165594913647 2.909202316046522e-05 -0.0056818771579183391
leaf_weight=21 22 37 77 39 49 34 173 54 36 141 109 32 48 20 46 129 34 65 1652 117 38 34 40 20 42 42 23 25 135 179
leaf_count=21 22 37 77 39 49 34 173 54 36 141 109 32 48 20 46 129 34 65 1652 117 38 34 40 20 42 42 23 25 135 179
internal_value=0.000135212 0.000737878 -0.00243628 -0.00742424 -0.00436508 -0.000796813 0.000578498 0.000891502 0.00433884 0.00858974 0.000340959 0.000488455 0.0075 0.0144231 0.000162639 -0.00364964 -0.00592105 -0.000757576 0.00071885 -0.00331858 -0.000595238 -0.00642857 0.00357143 -0.00166667 -0.00211268 0.00657895 -0.003125 -0.00234807 -0.00346608 -0.0044586
internal_weight=3513 2846 667 165 126 502 2809 2636 363 195 2273 2252 100 52 2152 274 228 99 1878 226 168 70 98 60 426 76 384 362 339 314
internal_count=3513 2846 667 165 126 502 2809 2636 363 195 2273 2252 100 52 2152 274 228 99 1878 226 168 70 98 60 426 76 384 362 339 314
is_linear=0
shrinkage=0.05


Tree=101
num_leaves=31
num_cat=0
split_feature=14 8 46 46 27 27 46 16 9 13 11 46 53 49 13 27 26 51 21 20 13 9 12 16 37 46 11 13 9 4
split_gain=1.76394 2.20178 1.92213 1.84502 1.63875 2.03604 3.00806 3.41359 2.69568 2.54964 2.20454 2.10934 1.79911 1.82273 2.1 2.27675 2.00571 2.58884 1.80923 1.72228 1.69043 1.59657 1.67346 1.88958 2.0764 1.56202 1.52714 1.73607 4.37069 3.03351
threshold=0.32916666567325598 1.5666666626930239 0.13133332878351214 0.082499999552965178 1.6675999760627749 0.48425000905990606 -0.044999999925494187 0.4200000017881394 0.19797787070274356 -0.44600000977516169 0.10518197715282442 -2.1233333945274349 2.2469999790191655 1.5000000000000002 -1.0000000180025095e-35 0.36464999616146093 0.39800000190734869 -1.0000000180025095e-35 0.33690001070499426 0.58300000429153453 -0.14449999481439588 0.083457935601472868 0.043517706915736205 0.38000001013278967 0.50164999067783367 0.023500000126659874 0.81920737028121959 -0.22733333706855771 0.32656311988830572 0.25999999791383749
decision_type=2 2 2 2 2 2 2 2 2 2 2 2 2 2 2 2 2 2 2 2 2 2 2 2 2 2 2 2 2 2
left_child=1 4 3 -2 5 11 9 8 19 -7 -11 -1 13 21 15 16 17 -15 25 -8 -20 22 -13 24 -24 -14 27 29 -29 -23
right_child=2 -3 -4 -5 -6 6 7 -9 -10 10 -12 12 18 14 -16 -17 -18 -19 20 -21 -22 26 23 -25 -26 -27 -28 28 -30 -31
leaf_value=-0.18401650151822141 -0.00055045849553992093 0.015204487089543443 -0.0038453076351563811 0.0027383377879210374 -0.0052626262147714735 0.021659091399064863 0.0026054110545404908 -0.036865320587080884 0.0076593307745404628 0.00086922830333620586 0.020564410425071566 -0.020870672404859448 0.028298411172027544 -0.062307453076298529 0.0056434646353356269 0.0059284233143547249 -0.0092924202715306825 0.010187505411332624 -0.024818986429481535 -0.020465844996511121 0.03581320522419653 -0.0021925374709993897 0.00036395347501329636 -0.008876440577262534 -0.0066166000994394352 0.0018868546770580198 0.0036796658115882952 0.0051484933292087632 -0.00043718233342517971 0.00022370943417117023
leaf_weight=21 426 37 165 76 162 47 25 20 105 108 47 40 32 26 21 20 102 41 23 22 25 116 148 32 27 20 57 382 401 739
leaf_count=21 426 37 165 76 162 47 25 20 105 108 47 40 32 26 21 20 102 41 23 22 25 116 148 32 27 20 57 382 401 739
internal_value=0.000177911 0.000720309 -0.00213643 -0.00059761 0.000560698 0.000859464 0.00427807 -0.000581395 0.00197368 0.00841584 0.00532258 0.000296964 0.00044405 0.000139405 -0.00428571 -0.00595238 -0.00784024 -0.0011194 0.007 -0.00797872 0 0.00061792 -0.00313765 -0.0013285 0.000714286 0.0134615 0.00116519 0.000885226 0.00258621 -0.000672515
internal_weight=3513 2846 667 502 2809 2647 374 172 152 202 155 2273 2252 2152 210 189 169 67 100 47 48 1942 247 207 175 52 1695 1638 783 855
internal_count=3513 2846 667 502 2809 2647 374 172 152 202 155 2273 2252 2152 210 189 169 67 100 47 48 1942 247 207 175 52 1695 1638 783 855
is_linear=0
shrinkage=0.05


Tree=102
num_leaves=31
num_cat=0
split_feature=14 46 3 46 46 18 45 51 27 44 18 49 9 11 28 47 46 11 36 14 37 22 27 36 21 14 12 11 12 20
split_gain=1.65152 1.73942 1.86298 1.52225 1.57757 1.51761 1.48638 2.04229 2.08456 1.88717 1.49822 1.40532 2.27779 3.31886 2.02568 1.84615 1.39511 1.62283 1.77451 2.23267 1.38889 1.34457 1.30065 1.38825 1.62338 1.25696 1.67622 2.14922 2.15918 1.74745
threshold=0.32916666567325598 0.13133332878351214 0.31211639940738684 0.082499999552965178 -0.012833333574235438 0.27080741524696356 5.5708332061767587 3.279999971389771 0.54200002551078807 -1.4999999999999998 0.39982716739177709 1.5000000000000002 0.3816817998886109 0.00089518545428290974 0.40219999849796301 1.4264762997627261 -0.29450000822544092 0.068902283906936659 -0.16860000044107434 0.39583334326744085 1.0337499976158144 -0.40670000016689295 0.98820000886917125 -0.069950003176927553 0.23505000025033954 0.054166667163372047 0.54426714777946483 -0.080596223473548875 0.43608544766902929 -0.6392499804496764
decision_type=2 2 2 2 2 2 2 2 2 2 2 2 2 2 2 2 2 2 2 2 2 2 2 2 2 2 2 2 2 2
left_child=6 3 5 4 16 -3 7 11 9 10 -9 25 14 -14 15 22 -2 18 19 -18 -6 -5 23 -13 -25 -1 27 -27 -29 -30
right_child=1 2 -4 21 20 -7 -8 8 -10 -11 -12 12 13 -15 -16 -17 17 -19 -20 -21 -22 -23 -24 24 -26 26 -28 28 29 -31
leaf_value=-0.00034503016006724838 -0.011776530693560274 0.0010498680740734401 0.0016407868702819296 -0.0021526061504521742 -0.0026858296992351566 -0.0066360102986618846 -0.016833350587785911 -0.0074990304282460596 -0.00050853719290158228 0.053177827917815473 0.010787273126527969 0.020211750213109687 -0.0079083684396258607 0.017482664024240525 -0.0073864937131408294 -0.018313603052075366 0.0088840894349641267 -0.00075099364916300095 0.0033696527397720556 -0.0017594884259092309 0.0012089084212773384 0.0032064478527167764 -0.0075025163772618475 -0.0078841295777211662 0.0031670043398513204 -0.0030801305940129698 0.0001891386275807587 0.0029944976928788451 0.0045018973728080071 0.020971240654227938
leaf_weight=544 32 21 26 34 126 118 23 24 57 33 44 26 24 37 141 24 31 93 85 38 21 42 23 20 35 67 1335 278 45 66
leaf_count=544 32 21 26 34 126 118 23 24 57 33 44 26 24 37 141 24 31 93 85 38 21 42 23 20 35 67 1335 278 45 66
internal_value=0.000177911 -0.00206147 -0.00651515 -0.00059761 -0.00176056 -0.00881295 0.000702741 0.00080588 0.00632911 0.0106436 0.00588235 0.000478424 -0.00257576 0.00614754 -0.0045539 0 0.000448029 0.00172065 0.00487013 -0.00108696 -0.00595238 0.00592105 0.00288462 0.0058642 0.00136364 0.000910064 0.00154941 0.00416667 0.00559126 0.0114865
internal_weight=3513 667 165 502 426 139 2846 2823 158 101 68 2665 330 61 269 128 279 247 154 69 147 76 104 81 55 2335 1791 456 389 111
internal_count=3513 667 165 502 426 139 2846 2823 158 101 68 2665 330 61 269 128 279 247 154 69 147 76 104 81 55 2335 1791 456 389 111
is_linear=0
shrinkage=0.05


Tree=103
num_leaves=31
num_cat=0
split_feature=16 16 4 9 13 49 27 18 27 18 10 49 18 45 45 14 14 4 47 13 26 45 16 18 18 21 5 18 9 11
split_gain=1.52033 2.55776 1.82157 2.6951 2.09786 2.03656 1.42941 1.64964 1.64848 1.44745 2.78983 3.73556 2.1893 2.9688 2.07221 2.028 2.01758 1.92724 2.50147 2.53343 2.29032 2.43939 2.04411 1.92 1.89121 1.85626 1.76115 1.61324 1.583 1.94684
threshold=0.97999998927116405 0.90000000596046459 0.1799999997019768 0.20006661117076877 -0.0757777765393257 1.0000000180025095e-35 1.5527999997138979 0.44741667807102209 1.3148500323295595 0.40893332660198217 -8.9677062034606916 1.0000000180025095e-35 0.44741667807102209 -0.20449999719858167 0.06841666623950006 0.32916666567325598 0.029166667722165588 0.78000000119209301 0.95805957913398754 0.018888888880610469 2.2789999246597294 0.014166666660457851 0.34000000357627874 0.42442539334297186 0.44034522771835333 -0.41775000095367426 1.0000000180025095e-35 0.70703703165054332 1.4006283879280093 -0.016916274093091484
decision_type=2 2 2 2 2 2 2 2 2 2 2 2 2 2 2 2 2 2 2 2 2 2 2 2 2 2 2 2 2 2
left_child=1 6 5 -4 -5 -2 8 -8 9 28 12 15 13 25 23 16 -12 18 19 -14 21 27 -21 -15 -13 -11 -20 -19 29 -1
right_child=2 -3 3 4 -6 -7 7 -9 -10 10 11 24 17 14 -16 -17 -18 20 26 22 -22 -23 -24 -25 -26 -27 -28 -29 -30 -31
leaf_value=0.00064396689093205095 -0.0062817456812448358 0.019925113222319716 0.0030313168602183632 -0.011634830152104271 0.0011610527513865683 0.00052117237450770575 0.00033509746868844382 -0.016861460351177089 0.0083192993342525619 0.0013497948902460562 -0.0001738211886755074 0.00081024596246841065 -6.5355021929258746e-06 0.0035214678195631039 0.0094572184548084425 -0.0061386103929932717 0.02634413050447745 0.00359074575761007 0.0084997642745822562 0.0010485445432690359 0.029763890491994849 -0.032401890109086021 0.084571581275960303 -0.0077631583991460782 0.020860339323691548 0.019711336403307213 -0.0077349872432825933 -0.012126281469353951 -0.0088644097847137889 -0.00079906279665614569
leaf_weight=274 52 60 22 111 132 31 92 101 39 24 82 20 764 20 72 25 43 209 73 34 27 22 33 30 55 50 348 22 20 626
leaf_count=274 52 60 22 111 132 31 92 101 39 24 82 20 764 20 72 25 43 209 73 34 27 22 33 30 55 50 348 22 20 626
internal_value=0.000263308 0.000608215 -0.00287356 -0.000849057 -0.00236626 -0.00933735 0.000410628 -0.00375648 0.000686813 0.000548207 0.00131848 0.00655556 0.000636574 0.00561224 0.000819672 0.002 0.0046 0 -0.000838658 0.000752106 0.00375 0.00227273 0.0100746 -0.007 0.0156667 0.0135135 -0.00397862 0.00378788 -0.00108696 -0.000777778
internal_weight=3513 3165 348 265 243 83 3105 193 2912 2873 1953 225 1728 196 122 150 125 1532 1252 831 280 253 67 50 75 74 421 231 920 900
internal_count=3513 3165 348 265 243 83 3105 193 2912 2873 1953 225 1728 196 122 150 125 1532 1252 831 280 253 67 50 75 74 421 231 920 900
is_linear=0
shrinkage=0.05


Tree=104
num_leaves=31
num_cat=0
split_feature=18 47 18 22 14 46 9 9 14 14 13 16 14 16 16 8 18 37 21 16 36 13 45 21 0 9 28 53 28 2
split_gain=1.15173 2.55076 1.57073 1.46846 1.20626 3.2915 2.1276 2.24382 1.36249 3.28721 2.54684 2.9895 2.43475 3.30327 5.46822 2.2686 2.40566 2.40266 2.28797 2.04231 2.91474 2.31411 2.26323 4.6176 2.01116 3.50511 2.17138 1.98702 1.98215 1.9503
threshold=0.7738865613937379 0.7294786572456361 0.76358386874198925 13.149699687957765 0.012500000651925804 0.15550000220537188 0.55445221066474926 0.11998809128999711 0.28749999403953558 0.24583332985639575 -0.014666667208075522 0.29999999701976782 0.21249999850988391 0.29999999701976782 0.85999998450279247 1.5666666626930239 0.51379999518394481 -0.94280001521110524 -0.16189999878406522 0.29999999701976782 -0.033900000154972069 -0.018000000156462189 -0.54524999856948841 -0.7883000075817107 0.29999999701976782 0.16242232918739322 -1.1770499944686887 0.9584999978542329 -0.33554999530315394 0.73619046807289135
decision_type=2 2 2 2 2 2 2 2 2 2 2 2 2 2 2 2 2 2 2 2 2 2 2 2 2 2 2 2 2 2
left_child=2 -2 3 4 5 6 7 -1 9 12 15 -12 19 -14 29 16 18 -18 -10 -6 22 -22 23 -21 -17 -26 -27 -19 -28 -15
right_child=1 -3 -4 -5 8 -7 -8 -9 10 -11 11 -13 13 14 -16 24 17 27 -20 20 21 -23 -24 -25 25 26 28 -29 -30 -31
leaf_value=-0.010722005684710198 0.00021580898496613711 -0.015716593129847214 0.019021768284468499 0.0038058200993632361 3.637577238039211e-05 -0.018831757058791903 -0.012622857737309943 0.0069294758766538529 8.6401628085056026e-05 0.0039403992671987464 0.026095372330252681 0.00010418723989740822 0.011394620033680658 -0.03208064607607191 0.018923993541228423 -0.001092721115456213 0.0079678203007217743 -0.0067983180468012272 -0.0084826450412071718 0.0092038627644320577 0.0043743469425610139 0.14670190613659312 0.0035483715490319369 -0.038062234727805067 0.0088719984640409557 0.0041949727855947671 -0.010698887993992155 0.016423595391168444 0.00025731070743378881 0.0010452385468264548
leaf_weight=21 39 28 30 24 1219 34 130 91 58 324 48 169 47 138 63 127 40 115 167 28 152 20 92 44 50 28 34 27 99 27
leaf_count=21 39 28 30 24 1219 34 130 91 58 324 48 169 47 138 63 127 40 115 167 28 152 20 92 44 50 28 34 27 99 27
internal_value=0.000149445 -0.00634328 0.000275682 0.000175644 8.84434e-05 -0.00307971 -0.00103306 0.00401786 0.000369063 0.00106778 -0.00119543 0.00357143 0.000245902 -0.00409091 -0.00657895 -0.00258389 -0.00509828 -0.000824176 -0.00855556 0.00101286 0.00446429 0.00901163 -0.000304878 -0.00694444 0.000443787 0.00343602 -0.00015528 -0.00387324 -0.00281955 -0.0113636
internal_weight=3513 67 3446 3416 3392 276 242 112 3116 2154 962 217 1830 275 228 745 407 182 225 1555 336 172 164 72 338 211 161 142 133 165
internal_count=3513 67 3446 3416 3392 276 242 112 3116 2154 962 217 1830 275 228 745 407 182 225 1555 336 172 164 72 338 211 161 142 133 165
is_linear=0
shrinkage=0.05


Tree=105
num_leaves=31
num_cat=0
split_feature=3 13 14 18 18 26 13 44 0 10 18 0 12 14 10 36 37 36 13 18 18 45 47 53 26 18 18 3 44 12
split_gain=1.33951 2.08197 2.28697 1.3882 2.57524 2.26939 1.91075 1.5264 3.51254 2.71852 2.65339 2.37514 1.60873 1.52653 1.5254 1.66766 1.52061 1.458 1.56907 1.37269 2.25708 1.88046 3.44666 4.1883 3.26541 2.42172 3.25807 2.09116 1.97727 2.47699
threshold=0.13965897262096408 -0.058000000193715089 0.22916666418313983 0.72240000963211071 0.73395556211471569 0.28875000774860388 0.015500000212341549 -1.0000000180025095e-35 0.34000000357627874 -9.1901364326477033 0.48501852154731756 0.1799999997019768 4.6300234794616708 0.39583334326744085 -9.1671533584594709 0.025449999608099464 9.404299736022951 0.4377999901771546 0.22800000011920932 0.53235557675361644 0.55046913027763378 -0.17941666394472119 2.3282527923583989 -1.4695000052452085 3.6094999313354497 0.44034522771835333 0.44573332369327551 0.3007341623306275 -3.4999999999999996 4.2614352703094491
decision_type=2 2 2 2 2 2 2 2 2 2 2 2 2 2 2 2 2 2 2 2 2 2 2 2 2 2 2 2 2 2
left_child=1 2 -1 7 -5 6 -6 11 9 13 17 14 -12 -9 15 -2 19 18 -10 21 -21 24 23 -23 -13 27 -27 -25 29 -28
right_child=3 -3 -4 4 5 -7 -8 8 10 -11 12 16 -14 -15 -16 -17 -18 -19 -20 20 -22 22 -24 25 -26 26 28 -29 -30 -31
leaf_value=-0.0014873108104407396 0.00048141657105420081 -0.0001392831917061077 -0.007020313236370649 -0.020703334308763578 -0.0081897125428957562 0.010015342153562324 0.015774631072503775 0.0104531490373732 -0.0057943617370963679 0.029652718730321673 0.0054472214662451184 0.0030447202651415987 -0.0065077010622447782 -0.0089392404594060611 -0.0041881290973349366 -0.0038561351447123776 0.0059920091780247976 0.0013222017521265826 -0.015309962338483921 -0.007049481603107222 -1.9464190409271119e-05 -0.016824142192448318 0.011082612927752722 -0.0056951899681292641 -0.017008463579880024 0.023771001174717834 -0.0009493979057478432 0.00054546948265197452 0.024802972622890714 0.0019760823498171875
leaf_weight=93 48 369 47 40 67 39 29 83 67 101 165 578 22 22 36 36 22 25 33 113 716 36 83 264 24 20 140 96 46 61
leaf_count=93 48 369 47 40 67 39 29 83 67 101 165 578 22 22 36 36 22 25 33 113 716 36 83 264 24 20 140 96 46 61
internal_value=6.39023e-05 -0.00230845 -0.0075 0.000464807 -0.00385714 -0.000555556 -0.0046875 0.000731406 0.00318533 0.00825243 -0.000160256 0.000183269 0.00360963 0.00261905 -0.00666667 -0.00297619 0.000557071 -0.0058 -0.0085 0.000424897 -0.00117612 0.0014095 -0.000268097 -0.00147059 0.00348837 -0.000518341 0.00308989 -0.00319444 0.00151822 -0.000621891
internal_weight=3521 509 140 3012 175 135 96 2837 518 206 312 2319 187 105 120 84 2199 125 100 2177 829 1348 746 663 602 627 267 360 247 201
internal_count=3521 509 140 3012 175 135 96 2837 518 206 312 2319 187 105 120 84 2199 125 100 2177 829 1348 746 663 602 627 267 360 247 201
is_linear=0
shrinkage=0.05


Tree=106
num_leaves=31
num_cat=0
split_feature=4 13 36 22 14 12 12 14 15 11 13 56 14 18 18 11 51 53 49 3 17 13 2 10 2 19 13 13 18 44
split_gain=1.31773 2.81619 2.795 2.28375 2.80532 1.72478 2.16 2.24319 1.97303 1.87655 2.51605 1.51526 2.66778 1.50571 1.63522 2.22701 2.52976 1.38198 1.33762 1.2439 1.23382 1.1954 3.77285 3.66791 3.41582 3.08202 3.10533 2.77638 2.43974 2.41114
threshold=0.099999997764825835 -0.058000000193715089 1.8745999932289126 0.73820000886917125 0.22083333134651187 3.8053679466247563 0.27458529174327856 0.30416667461395269 0.5000000149011613 0.15685320645570758 0.021999999880790714 0.46150000393390661 0.30416667461395269 0.72240000963211071 0.73395556211471569 0.0040293773636221894 -1.0000000180025095e-35 0.9819999933242799 1.0000000180025095e-35 0.3007341623306275 0.20833333581686023 -0.14111111313104627 0.43199999630451208 -11.819492816925047 0.43199999630451208 1.0000000180025095e-35 0.062000000849366195 -0.24199999868869779 0.24374999850988391 -6.4999999999999991
decision_type=2 2 2 2 2 2 2 2 2 2 2 2 2 2 2 2 2 2 2 2 2 2 2 2 2 2 2 2 2 2
left_child=1 2 3 4 -1 6 18 -8 9 -7 -11 12 -6 21 -15 16 -16 -13 20 -18 -3 22 23 -2 25 26 -23 -25 -29 -24
right_child=13 5 -4 -5 11 8 7 -9 -10 10 -12 17 -14 14 15 -17 19 -19 -20 -21 -22 24 29 27 -26 -27 -28 28 -30 -31
leaf_value=-6.4271072615651456e-05 0.0005785771521073889 -0.0066353560080444941 0.01496060723338289 -0.021844462545120596 -0.020336474433370083 0.015854276612891394 -0.0079215534645679878 0.00029801942608042589 -0.0039337980110359079 -0.0014672294613996082 0.015781346315561797 -0.0061695906932417556 0.001856512417481096 -0.01928686806576185 -0.016981008144689287 0.0043921644489683725 -0.0021485167303444187 -0.0041178904710827578 0.010684423134085037 0.012299263679011725 0.0081873889128101958 0.024433602239477964 0.00023733752402981358 -0.013616871132247729 -0.00040230811304277359 -0.0014798939195839406 -0.0010161550466523343 -0.010091286581473641 0.00012019558918062376 0.0069849664425698788
leaf_weight=167 109 22 25 54 20 55 99 101 20 61 37 31 25 38 28 33 41 30 30 27 48 254 1190 158 330 53 58 39 163 175
leaf_count=167 109 22 25 54 20 55 99 101 20 61 37 31 25 38 28 33 41 30 30 27 48 254 1190 158 330 53 58 39 163 175
internal_value=2.13008e-05 -0.00172727 -0.00511364 -0.00634557 -0.00448718 0.000792812 -0.0015 -0.0045 0.00476879 0.00669935 0.00255102 -0.0108491 -0.00388889 0.00055638 -0.00404192 -0.00135659 -0.00520833 -0.0159836 0.0045 0 0.000714286 0.000860024 0.00019084 -0.00367804 0.0026259 0.0059589 0.00785256 -0.00611111 -0.00222772 0.00152015
internal_weight=3521 825 352 327 273 473 300 200 173 153 98 106 45 2696 167 129 96 61 100 68 70 2529 1834 469 695 365 312 360 202 1365
internal_count=3521 825 352 327 273 473 300 200 173 153 98 106 45 2696 167 129 96 61 100 68 70 2529 1834 469 695 365 312 360 202 1365
is_linear=0
shrinkage=0.05


Tree=107
num_leaves=31
num_cat=0
split_feature=16 53 18 18 3 11 0 44 11 18 12 27 0 28 26 35 22 14 22 17 22 37 12 56 18 12 44 16 46 56
split_gain=1.23288 1.55625 1.39414 2.25197 2.17053 1.69866 1.5002 2.17973 3.41869 2.03979 1.75686 1.66526 1.91748 1.72548 1.62265 1.53039 1.61732 1.54873 1.52604 1.51447 1.49038 1.40474 3.02087 1.84742 2.015 1.80651 1.39881 2.6364 1.7261 2.15529
threshold=1.4800000190734866 0.043500000610947616 0.74266666173934948 0.72240000963211071 0.23068684339523318 -1.0000000180025095e-35 0.1799999997019768 -1.4999999999999998 0.022286840714514259 0.5830235779285432 0.21632621437311175 -0.031050000339746472 0.099999997764825835 -0.035000000149011605 -0.4159999936819076 -6.5722501277923575 -2.7167999744415279 0.16250000149011615 -0.10535000264644621 0.29166667163372045 -1.0000000180025095e-35 -1.365599989891052 2.1974776983261113 -0.35199999809265131 0.47367855906486517 4.5886535644531259 4.5000000000000009 0.29999999701976782 0.12316666916012765 2.2964999675750737
decision_type=2 2 2 2 2 2 2 2 2 2 2 2 2 2 2 2 2 2 2 2 2 2 2 2 2 2 2 2 2 2
left_child=2 -2 3 6 -5 -4 7 8 10 11 -1 12 18 14 -13 17 -17 -8 -9 -12 -15 22 23 24 -18 -24 28 -28 29 -23
right_child=1 -3 5 4 -6 -7 15 9 -10 -11 19 13 -14 20 -16 16 21 -19 -20 -21 -22 26 25 -25 -26 -27 27 -29 -30 -31
leaf_value=-0.015208757018499506 -0.0085548917297300908 0.0006078140790845677 -0.00035333899922336266 0.0011066599969278058 -0.027751926064813914 0.039964001111728882 -0.019329930736305557 0.0023735744693760275 -0.0068738362180292409 0.0052509756501335023 -0.00019148230755123836 0.0017389837927909936 0.0099812993378371583 0.0015291580980053344 -0.0041786408804122648 0.0059012619298698561 -0.01554056197963607 0.0053656442488028673 -0.0025613475779540373 0.0022892114367072682 -0.0014612774710945993 0.00032170783174886034 -0.021740494706748149 0.011258570747844282 0.0020854255663809874 -0.0029534732336292911 1.954577073883801e-05 0.21976592331380207 -0.0011355014635930777 0.0099183674419531589
leaf_weight=20 68 27 21 23 28 23 33 43 56 26 52 32 45 20 59 115 26 26 58 33 104 1651 49 26 72 32 43 25 574 111
leaf_count=20 68 27 21 23 28 23 33 43 56 26 52 32 45 20 59 115 26 26 58 33 104 1651 49 26 72 32 43 25 574 111
internal_value=9.23033e-05 -0.00552632 0.000248103 0.000133057 -0.0102941 0.00909091 0.000292705 -0.00209854 -0.00698758 -6.45995e-05 -0.00166667 -0.00103878 0.00308219 -0.00383721 -0.00906593 0.000763564 0.000936123 -0.00720339 -0.000742574 0.00147059 0 0.000680337 -0.00329268 0.0016129 -0.00153061 -0.0108025 0.00101913 0.00808824 0.000813356 0.0015891
internal_weight=3521 95 3426 3382 51 44 3331 548 161 387 105 361 146 215 91 2783 2724 59 101 85 124 2609 205 124 98 81 2404 68 2336 1762
internal_count=3521 95 3426 3382 51 44 3331 548 161 387 105 361 146 215 91 2783 2724 59 101 85 124 2609 205 124 98 81 2404 68 2336 1762
is_linear=0
shrinkage=0.05


Tree=108
num_leaves=31
num_cat=0
split_feature=46 46 56 14 45 45 18 46 18 44 46 56 14 45 28 9 22 14 18 53 13 18 45 26 18 12 26 21 18 18
split_gain=1.00905 1.97892 1.92947 1.61917 1.47146 2.65591 1.83968 2.26871 2.03053 2.99207 2.05873 2.03049 1.75107 1.86624 1.58025 2.90782 1.78819 1.57661 1.47978 1.97732 1.46667 1.40191 1.5309 1.29932 2.08333 1.90605 1.6573 1.60974 1.5271 1.57457
threshold=0.16683333367109301 0.15866666287183764 3.3869999647140507 0.37916666269302374 0.18116667121648791 0.11941666528582574 0.39982716739177709 0.12316666916012765 0.48380808532238012 -3.4999999999999996 -0.16750000417232511 0.912999987602234 0.37083333730697637 0.28891666233539587 1.5321499705314638 0.49576754868030554 1.175850033760071 0.28749999403953558 0.72674912214279186 -2.0475000143051143 -0.22000000625848767 0.2760476171970368 0.50200000405311596 0.8674999773502351 0.46396824717521673 4.2308614253997812 1.5437499880790713 2.9105999469757085 0.69658729434013378 0.6668703854084016
decision_type=2 2 2 2 2 2 2 2 2 2 2 2 2 2 2 2 2 2 2 2 2 2 2 2 2 2 2 2 2 2
left_child=1 2 4 -2 5 14 11 8 9 20 -10 -6 13 -12 18 16 -16 -15 23 -20 -8 22 -13 27 -25 26 -26 28 29 -1
right_child=3 -3 -4 -5 6 -7 7 -9 10 -11 12 21 -14 17 15 -17 -18 -19 19 -21 -22 -23 -24 24 25 -27 -28 -29 -30 -31
leaf_value=0.00024615407118954157 -0.00053470776078466404 0.0043112423259731528 0.0078890010898954709 -0.0074878943795385318 -0.0080458784124766928 0.0035846470100078021 0.0086620161244779035 -0.012752890205865725 -0.0057325334755115517 -0.00038771715476027262 -0.0065889273905862453 0.0081550361912522303 0.0077374909825107668 0.0067753003529294701 -0.0025638932504895798 0.0010915187396740578 -0.019912633575431948 -0.0012074927747585619 -0.025890607246911213 -0.00045702510469821105 0.036608175725276158 -0.0034383540608221713 -0.00082286239072647542 0.01500036850474524 -0.011019513549763205 0.010835962374840524 0.0068604537302973502 -0.0057878977212824298 0.0094278419971993641 -0.0019958488020336502
leaf_weight=1495 662 30 75 48 89 84 33 27 70 48 40 20 34 65 51 47 53 32 25 99 22 54 43 50 41 23 36 26 49 50
leaf_count=1495 662 30 75 48 89 84 33 27 70 48 40 20 34 65 51 47 53 32 25 99 22 54 43 50 41 23 36 26 49 50
internal_value=0.000134905 0.000560299 0.00042251 -0.0015493 0.000203252 0.00081024 -0.0020364 6.73854e-05 0.00116279 0.00703883 -0.00134855 -0.00582524 0.00160819 -0.000912409 0.000452323 -0.0044702 -0.00913462 0.00283505 0.000844773 -0.00443548 0.015 -0.00149573 0.00357143 0.00121469 0.00566667 0.0015 -0.00227273 0.000802469 0.00100376 0.000728155
internal_weight=3521 2811 2781 710 2706 2129 577 371 344 103 241 206 171 137 2045 151 104 97 1894 124 55 117 63 1770 150 100 77 1620 1594 1545
internal_count=3521 2811 2781 710 2706 2129 577 371 344 103 241 206 171 137 2045 151 104 97 1894 124 55 117 63 1770 150 100 77 1620 1594 1545
is_linear=0
shrinkage=0.05


Tree=109
num_leaves=31
num_cat=0
split_feature=16 9 53 5 7 45 45 56 37 27 21 47 11 56 2 9 16 26 35 50 14 53 51 47 9 53 46 12 27 14
split_gain=1.36374 2.30062 1.95099 1.38135 1.26477 1.18636 2.0488 1.91412 2.18614 1.92158 3.23178 1.78451 1.71976 1.78686 1.65188 1.5348 1.40549 1.4053 1.40364 1.57094 1.37155 1.33992 1.78452 1.61618 1.30148 1.50898 1.17209 1.15508 1.32875 1.49279
threshold=1.1800000071525576 0.20006661117076877 -1.0000000180025095e-35 0.42499999701976782 1.0000000180025095e-35 0.18116667121648791 0.11941666528582574 2.2964999675750737 1.2009000182151797 0.044300001114606864 0.10480000078678132 0.20886220782995227 0.051330953836441047 0.38949999213218695 0.43199999630451208 0.31394581496715551 0.34000000357627874 -4.2309999465942374 0.54275000095367443 1.0000000180025095e-35 0.26250000298023229 0.42700000107288366 1.453500032424927 1.1519033908843996 0.083457935601472868 1.5545000433921816 -0.021833333186805245 5.5488569736480722 0.73979997634887706 0.32916666567325598
decision_type=2 2 2 2 2 2 2 2 2 2 2 2 2 2 2 2 2 2 2 2 2 2 2 2 2 2 2 2 2 2
left_child=5 3 -3 -2 -4 6 -1 8 9 15 -11 -8 13 -10 21 -7 17 -9 19 -13 -18 -12 -23 24 -24 -26 -16 28 29 -19
right_child=1 2 4 -5 -6 7 11 16 12 10 14 18 -14 -15 26 -17 20 27 -20 -21 -22 22 23 -25 25 -27 -28 -29 -30 -31
leaf_value=0.00019778132047669939 -0.00093808445152269992 -0.023206292895843153 -0.00014832833183016093 0.0029217594318801474 -0.046039916140838202 -0.0021052941836517294 0.010476691905438127 0.018729085008310612 -0.044883701946878921 0.0065243121648486946 0.0032596151951207438 -0.00051490439976258355 -0.027874187797715146 0.0043560063979437239 -0.0010951947732257717 0.0047430356218709615 -0.0027912374517129728 0.0071622195014795515 0.0063456109292438397 0.0092369171374062538 0.019958669119203493 -0.011188643180424715 -0.0023737281644798493 -0.0036620976148281307 -0.00085977104951575907 0.0071702848963451889 0.0046475123748585178 0.0065504776496102639 -0.013875727929149581 -0.0068852175297710238
leaf_weight=2256 24 40 101 21 20 231 22 33 20 30 29 33 34 23 37 29 22 131 21 26 49 33 20 23 36 21 52 34 39 31
leaf_count=2256 24 40 101 21 20 231 22 33 20 30 29 33 34 23 37 29 22 131 21 26 49 33 20 23 36 21 52 34 39 31
internal_value=6.39023e-05 -0.0038835 -0.00667702 0.00611111 -0.0035124 0.000309201 0.00091179 -0.00117555 -0.00283172 -0.0017098 0.00115658 0.00784314 -0.0107143 -0.00406977 -0.000697211 -0.00480769 0.00184366 0.000186567 0.004375 0.000423729 0.00809859 -0.0037037 -0.00582707 -0.0025 0.000974026 0.00482456 0.00477528 -0.00117021 -0.00261194 -0.000617284
internal_weight=3521 206 161 45 121 3315 2358 957 618 541 281 102 77 43 251 260 339 268 80 59 71 162 133 100 77 57 89 235 201 162
internal_count=3521 206 161 45 121 3315 2358 957 618 541 281 102 77 43 251 260 339 268 80 59 71 162 133 100 77 57 89 235 201 162
is_linear=0
shrinkage=0.05


Tree=110
num_leaves=31
num_cat=0
split_feature=16 44 20 3 12 12 13 27 28 51 51 20 3 0 53 53 37 13 18 28 37 13 27 56 16 9 56 4 10 51
split_gain=2.02662 3.44291 2.03694 2.18625 3.41137 2.44253 2.86572 2.37478 2.46554 2.38264 2.19748 2.82648 2.03542 3.01687 2.53839 1.99708 1.95587 2.05959 2.90138 1.93212 2.4262 1.97256 2.03669 2.36616 1.98625 1.87154 1.84545 1.83976 2.07081 1.76669
threshold=0.38000001013278967 74.500000000000014 2.0162500143051152 0.20034662634134295 3.2055397033691411 1.8460538983345034 -0.26533333957195276 1.3148500323295595 1.0000000180025095e-35 1.2030000090599062 -0.94749999046325672 -2.4910000562667842 0.33302292227745062 0.58000001311302196 -0.83149999380111683 1.5870000123977663 0.95550000667572033 -0.42583334445953364 0.6712261736392976 0.62305000424385082 1.0861500501632693 -0.28000000119209284 -0.60469999909400929 -1.7985000014305113 0.45999999344348913 0.50115552544593822 -0.83449998497962941 0.25999999791383749 -10.106631755828856 -0.35199999809265131
decision_type=2 2 2 2 2 2 2 2 2 2 2 2 2 2 2 2 2 2 2 2 2 2 2 2 2 2 2 2 2 2
left_child=2 19 3 7 5 12 25 8 9 10 11 -1 -5 -14 -15 16 17 -6 -19 21 -21 24 -23 -24 -2 -7 -25 -22 -29 -12
right_child=1 -3 -4 4 15 6 -8 -9 -10 -11 29 -13 13 14 -16 -17 -18 18 -20 20 27 22 23 26 -26 -27 -28 28 -30 -31
leaf_value=0.011619983089620969 -0.019327458905308716 0.18752644181145461 -0.0024681529204981763 0.00060670880313286346 -0.00076221726956054732 0.0042389097814835644 -0.0059154088961637166 0.0075705454283852367 0.00077059095967259923 -0.008671427457506254 0.0069402095590556049 -0.01250956655841385 0.039310773235251145 0.0051231448363071811 -0.020590703316262504 0.016846799029091374 0.0098004957014096849 0.001165323010408137 0.015431111123937431 -0.0080862806611844331 -0.0040401495224377032 -0.0076443800287605175 0.0060878571264453519 -0.0084816446992803229 -0.00093647664862053228 -0.0051172299580476647 0.0006064922384106811 -0.001713265304676248 0.015546378293660155 -5.9381075855002272e-05
leaf_weight=34 84 33 260 540 78 72 96 46 355 81 51 108 68 29 24 28 40 237 20 105 54 47 61 37 205 21 386 23 29 271
leaf_count=34 84 33 260 540 78 72 96 46 355 81 51 108 68 29 24 28 40 237 20 105 54 47 61 37 205 21 386 23 29 271
internal_value=0.00031933 -0.00150376 0.00110817 0.001603 0.00297287 0.00117647 -0.00383598 -0.000211416 -0.000777778 -0.00288991 -0.00150862 -0.00669014 0.00260968 0.00847107 -0.000471698 0.00676179 0.0058 0.00455224 0.00671206 -0.00201261 -0.00627962 -0.000914634 0.000894539 0.0018595 -0.00423875 0.00241935 0.000531915 -0.000943396 0.00576923 0.000776398
internal_weight=3523 1064 2459 2199 1253 850 189 946 900 545 464 142 661 121 53 403 375 335 257 1031 211 820 531 484 289 93 423 106 52 322
internal_count=3523 1064 2459 2199 1253 850 189 946 900 545 464 142 661 121 53 403 375 335 257 1031 211 820 531 484 289 93 423 106 52 322
is_linear=0
shrinkage=0.05


Tree=111
num_leaves=31
num_cat=0
split_feature=16 44 45 18 51 10 16 3 10 45 12 12 51 51 13 36 18 51 0 53 12 51 45 10 45 46 28 27 11 28
split_gain=1.61081 3.38212 2.29069 1.95563 2.23957 1.8417 2.89575 1.95746 2.16334 1.72924 2.05444 1.85192 1.71674 1.86194 1.62383 3.52183 1.60949 2.24573 2.24226 2.11977 2.2205 2.25515 2.21748 2.22249 2.26593 1.74656 1.52105 2.31429 1.49818 1.72034
threshold=0.38000001013278967 74.500000000000014 -0.06283333525061606 0.5986444652080537 -0.84950000047683705 -10.045686244964598 0.53999999165534984 0.1726275831460953 -11.156384468078612 -0.10908333584666251 5.3514237403869638 1.9220267534255984 -0.51300001144409169 -0.35199999809265131 0.21866667270660403 0.015250000171363355 0.62164199352264415 -3.0500000715255733 0.38000001013278967 -2.0924999713897701 1.0676095485687258 -5.5824999809265128 -0.19124999642372129 -9.6454305648803693 -0.52191665768623341 -0.033166667446494096 -1.259849965572357 -0.71294999122619618 -0.0027276299661025401 -1.9217500090599058
decision_type=2 2 2 2 2 2 2 2 2 2 2 2 2 2 2 2 2 2 2 2 2 2 2 2 2 2 2 2 2 2
left_child=2 5 9 4 -4 6 -2 -8 -9 10 16 -11 -6 -14 -15 -16 18 -18 -1 20 -20 -22 23 -21 -25 -19 -10 -28 -7 -30
right_child=1 -3 3 -5 12 28 7 8 26 11 -12 -13 13 14 15 -17 17 25 19 22 21 -23 -24 24 -26 -27 27 -29 29 -31
leaf_value=-0.00040009745500264263 -0.017565657521005851 0.17815011972088188 -0.016195144073856332 0.002851405253114139 0.0080457994603758444 0.0026565349002671923 0.0079891419264413229 0.0034473997229459707 0.010818365752288662 0.00019624539000089524 -0.0070766597965586271 0.015192159810392276 -0.033261165515659816 -1.5458359293084925e-05 -0.0085284565820130595 0.00035017655591207479 0.0037145650981819326 -0.017142231344325819 0.0090307377647723432 0.0060522386935613738 0.017788798049993986 -0.01055360318703916 -0.0060656595305504822 0.020307763019700338 0.036877758410330828 0.0002770340477148303 0.0039806161489031903 -0.017936764696596275 0.005146646880189812 -0.00086545090110559111
leaf_weight=212 130 33 56 188 32 152 40 34 24 21 33 26 24 1142 37 26 77 43 65 213 31 66 32 48 54 33 20 70 30 531
leaf_count=212 130 33 56 188 32 152 40 34 24 21 33 26 24 1142 37 26 77 43 65 213 31 66 32 48 54 33 20 70 30 531
internal_value=0.00026256 -0.00136278 0.00096584 -0.000249169 -0.000930144 -0.00186712 -0.00503145 -0.00106383 -0.00371622 0.0028826 0.00239802 0.012234 -0.000495638 -0.000793328 -0.000518672 -0.00833333 0.00286041 -0.00179739 0.00384882 0.00564833 0.000925926 -0.00386598 0.00785303 0.00912698 0.0151961 -0.00789474 -0.00701754 -0.01 -0.00045582 -0.00164884
internal_weight=3523 1064 2459 1505 1317 1031 318 188 148 954 907 47 1261 1229 1205 63 874 153 721 509 162 97 347 315 102 76 114 90 713 561
internal_count=3523 1064 2459 1505 1317 1031 318 188 148 954 907 47 1261 1229 1205 63 874 153 721 509 162 97 347 315 102 76 114 90 713 561
is_linear=0
shrinkage=0.05


Tree=112
num_leaves=31
num_cat=0
split_feature=3 11 11 26 22 28 26 13 14 13 4 12 4 11 53 0 18 11 12 13 0 9 16 9 22 18 9 9 16 10
split_gain=1.52648 2.15752 3.97147 3.00447 2.88235 2.78677 2.716 2.06898 2.05197 2.01487 4.18076 3.41639 3.02132 4.43327 3.6226 3.08961 2.7 2.16834 2.09535 3.58655 2.2914 2.13282 2.06024 1.95692 2.23087 1.92728 1.89118 2.22431 2.38361 1.82634
threshold=0.19831921160221103 -0.0027276299661025401 -0.080596223473548875 2.9120000600814824 -1.0000000180025095e-35 -3.4679499864578243 3.9375000000000004 0.012666666880249979 0.41249999403953558 -0.14111111313104627 0.29999999701976782 4.6525425910949716 0.29999999701976782 -0.015618027187883852 0.87049999833107006 0.13999999687075618 0.51450428366661083 0.024694181978702549 4.1690647602081308 -0.36599999666213984 0.4200000017881394 0.13603167235851291 0.34000000357627874 0.1258928328752518 -0.47309999167919153 0.40893332660198217 0.15539041161537173 0.28005367517471319 0.21999999880790713 -9.8778820037841779
decision_type=2 2 2 2 2 2 2 2 2 2 2 2 2 2 2 2 2 2 2 2 2 2 2 2 2 2 2 2 2 2
left_child=1 2 4 7 -1 -4 29 -3 9 12 17 25 13 14 -2 -15 -16 -11 20 22 -14 -22 -20 -17 -25 -12 -23 -28 -29 -7
right_child=8 3 5 -5 -6 6 -8 -9 -10 10 11 -13 18 15 16 23 -18 -19 19 -21 21 26 -24 24 -26 -27 27 28 -30 -31
leaf_value=0.0039895029765384341 -0.00033869900148737211 -0.0019357251876457365 -0.0018385999763697375 0.0045338380009567253 -0.00090166318905409717 0.0015460887542491975 -0.00012380563376777066 0.00035643727248971528 -0.0046436111716669044 0.0030610281596376351 -0.019565252994959169 -0.016242586086844823 -0.010554108121093815 0.003385681846090444 0.024110939875628484 -0.00025969440893526264 -0.0068639316377713993 0.017822852370415823 0.0022004484123740735 0.015221908765986891 0.0047948363911486875 -0.041555289201959424 -0.0085710542971946923 -0.0017207353103938063 -0.019423785824822088 0.0035829515221280669 0.0019268958296495692 0.0057556681495180007 -0.0019032025904510141 0.017855893037001479
leaf_weight=77 214 648 20 27 195 51 27 159 59 234 29 31 29 25 40 47 20 178 73 76 20 27 47 64 106 190 420 37 273 80
leaf_count=77 214 648 20 27 195 51 27 159 59 234 29 31 29 25 40 47 20 178 73 76 20 27 47 64 106 190 420 37 273 80
internal_value=0.000361907 -0.00101246 0.00177778 -0.00251799 -0.00202206 0.00758427 0.00981013 -0.00306691 0.00115007 0.00139908 0.00370091 -0.0014 0.000395257 -0.00271318 0.00164234 -0.00764463 0.0125 0.00679612 0.00199601 0.00663265 0.000868486 0.00138353 0.00125 -0.00956221 -0.0120588 0.000799087 0.000957728 0.00143836 -0.00177419 0.0127863
internal_weight=3523 1284 450 834 272 178 158 807 2239 2180 662 250 1518 516 274 242 60 412 1002 196 806 777 120 217 170 219 757 730 310 131
internal_count=3523 1284 450 834 272 178 158 807 2239 2180 662 250 1518 516 274 242 60 412 1002 196 806 777 120 217 170 219 757 730 310 131
is_linear=0
shrinkage=0.05


Tree=113
num_leaves=31
num_cat=0
split_feature=20 51 46 3 18 10 46 37 37 47 37 18 18 11 46 36 22 37 27 11 18 51 45 37 49 11 46 47 12 2
split_gain=1.41645 1.56895 1.57563 1.72699 1.96698 1.521 2.59973 1.74556 2.04876 2.43702 2.01697 1.84155 2.1239 1.5973 1.82705 2.07968 1.82559 2.30844 2.00724 1.96204 3.02568 1.75913 1.62153 1.55717 1.54185 1.4913 1.48765 1.4734 1.86314 1.47201
threshold=2.4307500123977666 4.9665000438690194 -0.54049998521804798 0.19831921160221103 0.1872857138514519 -8.8258118629455549 0.061833333224058158 0.60649999976158153 0.23795000463724139 0.54045775532722484 0.72894999384880077 0.52422222495079052 0.5986444652080537 0.20935538411140445 0.07816666737198831 0.060300000011920936 -0.10535000264644621 -0.11960000172257422 -0.12245000153779982 0.03568557649850846 0.28849206864833837 -0.11899999901652335 -0.06283333525061606 0.088899999856948866 1.0000000180025095e-35 0.016826829873025421 0.2295000031590462 0.9339505434036256 0.26615428924560552 0.63133332133293163
decision_type=2 2 2 2 2 2 2 2 2 2 2 2 2 2 2 2 2 2 2 2 2 2 2 2 2 2 2 2 2 2
left_child=1 2 27 5 -5 7 -7 8 13 24 -9 -12 -13 16 22 -16 17 18 -4 20 -18 25 -15 -22 -10 -20 -2 -1 -29 -30
right_child=26 -3 3 4 -6 6 -8 10 9 -11 11 12 -14 14 15 -17 19 -19 21 -21 23 -23 -24 -25 -26 -27 -28 28 29 -31
leaf_value=0.017588272766113001 -0.00020305839855793152 0.01012005609933668 0.0066015112750992463 0.016244458682726594 0.0002476242484908034 -0.0018039504400809651 -0.014071792451225008 -0.01176577825412131 -0.0061462158982522304 0.012341179819164104 0.001173103641371078 -0.018339476776326309 5.2400642220758188e-05 -0.0042926047183719047 -0.0011290489018828454 -0.019248931189339815 -0.0079997117754667564 0.0038400026347661328 -0.001641300403332971 0.0021273918429938598 -1.1631422608046218e-05 0.00026210469101712182 0.0010322211020659651 -0.012791388750212724 0.0052183482157452726 -0.014444545735569093 -0.024660248182972112 -0.034727176341008574 0.009337236481688516 0.018637311669800649
leaf_weight=59 211 25 86 25 1897 86 39 24 28 52 84 38 29 54 31 33 35 39 40 60 174 75 41 23 31 23 58 33 55 35
leaf_count=59 211 25 86 25 1897 86 39 24 28 52 84 38 29 54 31 33 35 39 40 60 174 75 41 23 31 23 58 33 55 35
internal_value=0.000234175 0.000522434 0.000425828 0.000155891 0.0010666 -0.0014 -0.0066 -0.00075 0.000212121 0.00653153 -0.00528571 -0.0031457 -0.00932836 -0.000770308 -0.00518868 -0.0117188 0.000495495 0.00351711 0.0015625 -0.00222603 -0.00431034 -0.00217391 -0.000789474 -0.00190355 -0.000423729 -0.00833333 -0.00325279 0.00494505 0.00182927 0.00555556
internal_weight=3523 3254 3229 3047 1922 1125 125 1000 825 111 175 151 67 714 159 64 555 263 224 292 232 138 95 197 59 63 269 182 123 90
internal_count=3523 3254 3229 3047 1922 1125 125 1000 825 111 175 151 67 714 159 64 555 263 224 292 232 138 95 197 59 63 269 182 123 90
is_linear=0
shrinkage=0.05


Tree=114
num_leaves=31
num_cat=0
split_feature=3 0 16 17 18 28 3 16 44 6 46 45 10 11 18 0 46 47 28 37 36 27 27 47 45 10 22 21 45 11
split_gain=1.32964 1.73801 1.647 2.35354 2.02116 1.83904 1.67648 1.8908 1.80076 2.0372 1.80051 1.57831 2.31586 2.23215 2.23152 2.55609 2.18005 2.59962 2.83108 1.93022 1.74263 1.60841 1.95755 2.29966 2.48792 1.85193 1.84203 1.72355 1.54221 2.00016
threshold=0.22581839561462405 0.21999999880790713 0.4200000017881394 0.29166667163372045 0.45883789658546453 0.10864999890327455 0.3131812065839768 0.93999999761581432 -8.4999999999999982 0.10555555671453477 -0.13283333927392957 -0.19124999642372129 -9.7953658103942853 0.013186466414481403 0.66316667199134838 0.65999999642372142 -0.014166666660457848 0.62567895650863659 0.15129999816417697 -0.38975000381469721 -0.25339999794960016 -0.94135001301765431 -0.0041499999351799479 0.80894508957862865 0.1983333304524422 -9.3817868232727033 0.62450000643730175 -0.016150000505149361 -0.71774998307228077 0.26502843201160436
decision_type=2 2 2 2 2 2 2 2 2 2 2 2 2 2 2 2 2 2 2 2 2 2 2 2 2 2 2 2 2 2
left_child=-1 -2 11 -4 5 -5 7 8 9 -6 -9 12 16 -14 15 21 28 -18 19 -19 -21 26 23 24 25 -23 -13 -24 -3 -30
right_child=1 2 3 4 6 -7 -8 10 -10 -11 -12 14 13 -15 -16 -17 17 18 -20 20 -22 22 27 -25 -26 -27 -28 -29 29 -31
leaf_value=-0.00014331377926104504 0.021449622711321309 0.00090990954545777658 -0.035077188734827437 -0.0018204236733529999 0.010875751051077038 -0.018845665377113831 -0.00081215642509011596 0.0049599747817640934 0.033905256865298473 -0.0081690052799279749 -0.0025139253124339955 0.0013502725208319405 0.0033101676086771839 0.022439295572921826 0.0061268605826009905 -0.010927494954316275 0.019942075732870712 -0.00055763193989075697 -0.0049206574757739568 0.0050326665415528328 0.02556177327404139 0.014016496840592797 -0.0078979911751025905 0.026144515580140706 -0.00080915154218278449 -0.0012433029632003413 -0.022317555954586968 0.00027248713041932591 -0.00097120952678075856 -0.022294341671406259
leaf_weight=1647 21 133 33 39 32 35 137 21 45 24 115 46 95 70 57 159 25 47 28 21 41 57 24 21 37 24 33 380 48 28
leaf_count=1647 21 133 33 39 32 35 137 21 45 24 115 46 95 70 57 159 25 47 28 21 41 57 24 21 37 24 33 380 48 28
internal_value=0.00026256 0.00117271 0.00101078 -0.00150728 -0.000558036 -0.00810811 0.000935829 0.00348101 0.00866337 0.00267857 -0.000367647 0.00189229 0.00401119 0.00893939 0.000536993 -0.000160051 0.00181941 0.00617284 0.00346715 0.00711009 0.0129032 0.00128617 0.00225599 0.0073741 0.00466102 0.0095679 -0.00537975 0.00049505 -0.00155502 -0.00723684
internal_weight=3523 1876 1855 481 448 74 374 237 101 56 136 1374 536 165 838 781 371 162 137 109 62 622 543 139 118 81 79 404 209 76
internal_count=3523 1876 1855 481 448 74 374 237 101 56 136 1374 536 165 838 781 371 162 137 109 62 622 543 139 118 81 79 404 209 76
is_linear=0
shrinkage=0.05


Tree=115
num_leaves=31
num_cat=0
split_feature=37 53 18 9 36 26 28 26 21 26 3 53 22 36 28 53 28 10 27 21 37 37 51 21 26 45 15 22 11 18
split_gain=1.77705 1.46989 2.05777 3.18236 2.11471 1.89351 1.29412 1.74624 2.18579 1.66213 1.65483 2.4025 1.69943 2.42473 2.1769 2.08757 2.00751 1.89353 1.83655 2.58981 2.08271 1.84298 2.17506 1.75629 2.75957 1.65808 1.7148 1.576 2.19141 1.53241
threshold=0.66525000333786022 2.0024999380111699 0.44082468748092657 0.24918745458126071 0.030349999666213993 4.9697499275207528 3.9400000572204594 0.88650000095367443 1.0146000385284426 -0.96824997663497914 0.43957042694091802 0.21599999815225604 -1.0000000180025095e-35 -0.25339999794960016 -0.18400000035762784 -3.7760000228881831 -0.11380000039935111 -10.395014762878416 -1.1849000453948972 -0.23825000226497647 0.28109999001026159 0.56229999661445629 1.7904999852180483 0.31284999847412115 -0.08249999955296515 0.52991664409637462 0.2333333417773247 0.59970000386238109 -0.0027276299661025401 0.38417036831378942
decision_type=2 2 2 2 2 2 2 2 2 2 2 2 2 2 2 2 2 2 2 2 2 2 2 2 2 2 2 2 2 2
left_child=6 -2 4 -4 -3 -5 7 8 10 -10 12 -12 14 17 29 -15 -17 -14 -18 -20 23 22 -22 24 -21 26 -26 28 -19 -1
right_child=1 2 3 5 -6 -7 -8 -9 9 -11 11 -13 13 15 -16 16 18 27 19 20 21 -23 -24 -25 25 -27 -28 -29 -30 -31
leaf_value=-0.0018899773017249932 -0.0017586853433603222 0.0096600356588238748 0.012263468260832456 -0.0096988867238615665 -0.025338224902840212 0.0067313312600890234 -0.018640936715236447 0.0044302256888292648 0.00028978887237761651 -0.0055239128293202719 -0.0073815468924669989 0.023244028933072279 -0.01061192109571174 0.03477398303691339 0.0030611464575974593 0.0083039974505741253 -0.033391420879537385 0.0025029809551734509 0.012920672115899685 -0.0066256168651165461 -0.012583303951285747 0.011326282695476086 0.00022245605113134783 0.0091417173506062443 0.0017154855822282017 -0.009308974922855066 3.5772445654356743e-05 0.010240107449534208 -0.0047890422802944234 0.0009255131598039757
leaf_weight=180 581 26 54 35 37 20 22 270 63 101 80 20 76 31 243 43 20 83 56 21 53 23 27 39 80 48 474 37 54 619
leaf_count=180 581 26 54 35 37 20 22 270 63 101 80 20 76 31 243 43 20 83 56 21 53 23 27 39 80 48 474 37 54 619
internal_value=0.000127986 -0.00202523 0.00203488 0.00619266 -0.00515873 -0.00227273 0.000714803 0.000811748 0.000394577 -0.00518293 0.000791071 -0.0055 0.00107612 -0.000236052 0.00254319 0.000956284 0.00050905 -0.0046 -2.97265e-05 0.000334957 -0.000424837 -0.00703883 -0.010625 0.00060423 -4.01284e-05 0.000581395 0.00135379 -0.00172414 -0.00419708 0.00128285
internal_weight=3516 753 172 109 63 55 2763 2741 2471 164 2307 100 2207 1165 1042 915 884 250 841 821 765 103 80 662 623 602 554 174 137 799
internal_count=3516 753 172 109 63 55 2763 2741 2471 164 2307 100 2207 1165 1042 915 884 250 841 821 765 103 80 662 623 602 554 174 137 799
is_linear=0
shrinkage=0.05


Tree=116
num_leaves=31
num_cat=0
split_feature=37 9 8 8 47 9 22 11 11 12 4 22 9 28 26 45 45 9 21 20 28 22 51 21 37 36 16 28 11 11
split_gain=1.65395 1.5611 2.06151 2.05111 2.15896 1.96281 1.69342 1.35543 1.68147 1.60303 1.33588 1.96557 1.35941 1.29417 1.59642 1.67181 1.65158 2.10288 1.58454 2.06092 1.85931 2.39783 2.29358 2.17812 1.51737 2.63974 1.4887 1.45542 1.44558 1.43696
threshold=0.66525000333786022 1.20743864774704 1.3666666746139529 1.8999999761581423 0.33671362698078161 0.3370694518089295 1.4445500373840334 -1.9962866306304929 -1.1396750211715696 3.8450137376785283 0.099999997764825835 1.1008499860763552 0.058070117607712753 3.9400000572204594 0.84674999117851268 1.0000000180025095e-35 -1.6347500085830686 0.2526665478944779 1.0146000385284426 1.0419999957084658 -0.50045001506805409 -2.3276000022888179 1.0709999799728396 2.9105999469757085 0.30085000395774847 0.42849999666213995 0.29999999701976782 -2.1808500289916988 -0.053536498919129365 -0.001523430924862623
decision_type=2 2 2 2 2 2 2 2 2 2 2 2 2 2 2 2 2 2 2 2 2 2 2 2 2 2 2 2 2 2
left_child=7 2 10 4 -4 6 -6 9 -9 -1 11 12 -2 14 16 26 17 -10 19 27 21 22 23 -20 -17 -26 -16 -18 -19 -29
right_child=1 -3 3 -5 5 -7 -8 8 13 -11 -12 -13 -14 -15 15 24 18 28 20 -21 -22 -23 -24 -25 25 -27 -28 29 -30 -31
leaf_value=0.0011091442946285592 -0.0064267554744966704 0.0010049353467259292 0.020497006913909762 -0.0072331006253575697 -0.0020191631940501111 -0.0034968132564922542 0.0094450202914781733 0.00086122989904907393 -0.11361870048857861 -0.0018232048277524047 -0.0018828751912561394 -0.010669352167150068 0.0016467709807915292 -0.01770888987947462 0.016925658623698436 -0.0026384896104684531 0.0080161415832120473 -0.022252328282016731 0.0039164105143337713 -0.0034175177627781411 0.0077119779904966509 -0.012280874329424861 0.0034271592021503428 -0.0060382891762586766 -0.001441722567222642 0.028346543318639283 -0.00087493457058136076 0.00067121453959450715 0.0047178252081599764 1.9313551078978894e-05
leaf_weight=20 21 29 29 23 33 45 64 55 24 24 445 44 20 22 113 79 44 44 27 33 20 44 23 40 22 21 44 598 36 1430
leaf_count=20 21 29 29 23 33 45 64 55 24 24 445 44 20 22 113 79 44 44 27 33 20 44 23 40 22 21 44 598 36 1430
internal_value=0.000184869 -0.00189243 -0.00234807 0.00206186 0.00394737 0.00140845 0.00541237 0.000750995 0.000891872 -0.00795455 -0.00396226 -0.00970588 -0.00182927 0.000713213 0.000813777 0.00439068 0.000391452 -0.00576923 0.000675077 0.00103325 -0.00422078 -0.00634328 -0.00166667 -0.00634328 0 0.00755814 0.00780255 0.00123069 -0.001875 0.0010355
internal_weight=3516 753 724 194 171 142 97 2763 2719 44 530 85 41 2664 2642 279 2363 104 2259 2105 154 134 90 67 122 43 157 2072 80 2028
internal_count=3516 753 724 194 171 142 97 2763 2719 44 530 85 41 2664 2642 279 2363 104 2259 2105 154 134 90 67 122 43 157 2072 80 2028
is_linear=0
shrinkage=0.05


Tree=117
num_leaves=31
num_cat=0
split_feature=37 37 47 10 20 53 51 5 37 21 27 56 4 56 56 28 28 46 26 50 11 13 51 16 35 26 51 45 53 53
split_gain=1.65662 1.61358 1.75117 2.29072 1.66247 1.87864 1.75477 1.70003 1.65226 1.56304 1.68245 2.4003 1.89351 1.5327 1.42941 1.32234 1.29777 1.37018 1.18347 1.06204 2.06617 1.26106 1.25056 1.0582 1.00742 2.0236 1.63213 1.85202 1.68217 1.28023
threshold=0.76414999365806591 1.1770499944686892 0.28842742741107946 -8.7435669898986799 -0.62924998998641957 1.7084999680519106 1.4945000410079958 0.17500000074505809 4.4907000064849862 0.29109999537467962 -0.14750000089406964 -0.46850000321865076 0.34000000357627874 -0.044999999925494187 -0.91150000691413868 1.8042500019073489 3.9400000572204594 -4.9548332691192618 2.8037500381469731 2.5000000000000004 0.32828231155872351 -0.077999997884035097 -31.836999893188473 0.85999998450279247 0.78775000572204601 2.0662499666213994 1.8815000057220461 0.60366666316986095 3.3739999532699589 1.1299999952316286
decision_type=2 2 2 2 2 2 2 2 2 2 2 2 2 2 2 2 2 2 2 2 2 2 2 2 2 2 2 2 2 2
left_child=16 9 13 4 -4 6 23 18 -9 10 14 -12 -13 -3 -2 -15 17 -1 -7 22 21 -21 -19 -6 26 -26 27 29 -28 -24
right_child=1 2 3 -5 5 7 -8 8 -10 -11 11 12 -14 15 -16 -17 -18 19 -20 20 -22 -23 24 -25 25 -27 28 -29 -30 -31
leaf_value=0.018460861661858587 3.4859439761070203e-05 -0.0010916667860159351 0.0061650599055415147 0.01712574331543688 -0.0026666062873114196 -0.025798303026440612 -0.01442772417741154 0.0094202673473160262 -0.0018583465272424106 -0.016948427814380655 -0.022702071002584225 0.0017480633000387825 0.0095897397617650121 0.0082659810888133789 -0.0096974844398255433 0.00058986787155612978 -0.016823445385500884 -0.035481363368487083 0.0046218355784476721 -0.0019637542643795914 0.0133953108380599 0.014744642678914814 2.1609266632849432e-05 -0.0086394061490607937 0.0080678127582208669 -0.010470707010518499 -0.0021498760429105555 0.010842497385639072 0.046366669243107041 0.003255801242042822
leaf_weight=27 34 22 30 37 168 23 29 43 24 54 20 35 20 26 51 28 22 22 20 57 30 37 2064 21 149 27 180 35 22 159
leaf_count=27 34 22 30 37 168 23 29 43 24 54 20 35 20 26 51 28 22 22 20 57 30 37 2064 21 149 27 180 35 22 159
internal_value=0.00019909 -0.0020073 -0.00037155 -0.00170886 -0.00293296 -0.00396341 -0.00665138 0.00136364 0.00634328 -0.00560748 -0.003125 0.00233333 0.00772727 0.00657895 -0.00794118 0.0111111 0.000732957 0.000827697 -0.00639535 0.000718907 0.00524194 0.00159574 0.000507901 -0.00489418 0.00060698 0.00426136 0.000345528 0.000730735 -0.0039604 0.000551057
internal_weight=3516 685 471 395 358 328 218 110 67 214 160 75 55 76 85 54 2831 2809 43 2782 124 94 2658 189 2636 176 2460 2258 202 2223
internal_count=3516 685 471 395 358 328 218 110 67 214 160 75 55 76 85 54 2831 2809 43 2782 124 94 2658 189 2636 176 2460 2258 202 2223
is_linear=0
shrinkage=0.05


Tree=118
num_leaves=31
num_cat=0
split_feature=37 37 46 45 5 47 10 47 36 28 53 51 5 0 28 46 9 49 35 10 12 18 13 2 18 10 18 50 12 12
split_gain=1.65946 1.35042 1.42866 1.6254 1.46948 1.74778 1.35244 1.71524 1.5248 1.55172 1.52072 1.93381 1.35675 1.91315 1.28265 1.38764 1.21911 1.19048 1.16667 1.08804 1.50221 1.04505 1.15227 1.00909 1.22734 1.90702 2.06098 1.20598 2.00441 1.51568
threshold=0.76414999365806591 1.1770499944686892 0.091499999165534987 0.36108332872390753 0.075000001117587103 0.7294786572456361 -8.7435669898986799 0.33671362698078161 -0.96604999899864186 1.7100499868392947 1.7084999680519106 -0.46850000321865076 0.17500000074505809 0.34000000357627874 3.9400000572204594 -4.9548332691192618 0.37500905990600591 1.0000000180025095e-35 0.66875001788139354 -10.705115795135496 0.64301714301109325 0.44940739870071417 -0.28599999845027918 1.3339999914169314 0.73395556211471569 -9.7277197837829572 0.7738865613937379 2.5000000000000004 4.6300234794616708 0.85510832071304332
decision_type=2 2 2 2 2 2 2 2 2 2 2 2 2 2 2 2 2 2 2 2 2 2 2 2 2 2 2 2 2 2
left_child=14 2 4 18 -2 17 7 8 -3 -10 11 19 -12 -14 15 -1 21 -6 -4 -9 -21 -13 -23 24 27 -26 -27 29 -29 -17
right_child=1 6 3 -5 5 -7 -8 10 9 -11 12 16 13 -15 -16 23 -18 -19 -20 20 -22 22 -24 -25 25 26 -28 28 -30 -31
leaf_value=0.017537818578765654 0.0060979927704410963 -0.00030329240820192792 0.0020853580176908 -0.028432274128635172 -0.00036046304781967221 0.0015562341387634461 0.016269456149665042 -0.016926753260766581 0.016389553573659729 0.0008525203884385005 -0.0046114088002503885 0.0007706736154637295 -0.00063714617864767814 0.011022717774580415 -0.015982273116225836 0.00071371973277513108 -0.051151745059378001 -0.01213392470194821 -0.011648063692927835 -0.0062883893120980394 0.0063293317074666795 -0.0071796596773494427 -0.003017781090224807 -0.046760826267799316 -0.0016160183048024913 0.019799027821496645 0.00035170558174750792 0.0023911041654125277 0.01134401461066423 -0.00021658070075521453
leaf_weight=27 35 38 21 30 27 44 39 29 29 20 45 29 30 39 22 1100 35 36 21 45 49 20 24 23 28 41 41 87 33 1429
leaf_count=27 35 38 21 30 27 44 39 29 29 20 45 29 30 39 22 1100 35 36 21 45 49 20 24 23 28 41 41 87 33 1429
internal_value=0.000127986 -0.00208029 -0.00537383 -0.0111111 -0.00246479 -0.00537383 -0.000583864 -0.00138889 0.00488506 0.0107143 -0.00297101 -0.00530303 0.00175439 0.00615942 0.00066231 0.000756497 -0.0101852 -0.0107143 -0.0047619 -0.00101626 0.00159574 -0.00650685 -0.0113636 0.000647017 0.000733962 0.00590909 0.0097561 0.000519064 0.00541667 0.000286675
internal_weight=3516 685 214 72 142 107 471 432 87 49 345 231 114 69 2831 2809 108 63 42 123 94 73 44 2782 2759 110 82 2649 120 2529
internal_count=3516 685 214 72 142 107 471 432 87 49 345 231 114 69 2831 2809 108 63 42 123 94 73 44 2782 2759 110 82 2649 120 2529
is_linear=0
shrinkage=0.05


Tree=119
num_leaves=31
num_cat=0
split_feature=37 8 14 44 47 18 46 9 17 37 9 49 18 21 3 50 12 12 3 37 9 9 53 10 9 16 51 46 49 46
split_gain=1.19949 1.52498 1.91652 1.82252 2.2594 1.61944 1.56141 1.20283 1.42568 1.61332 1.36935 1.64997 1.48986 1.70377 1.55351 1.15245 2.41837 1.27029 2.68506 1.7141 2.0964 1.48437 1.3551 2.21582 2.5989 2.11767 2.06312 2.14654 2.16071 3.30625
threshold=0.66525000333786022 1.3666666746139529 0.40416666865348821 -11.499999999999998 0.40536023676395422 0.25639365613460546 0.097833331674337401 1.20743864774704 0.29166667163372045 1.0861500501632693 0.90475329756736766 2.5000000000000004 0.42599999904632574 1.118650019168854 0.15365386754274371 2.5000000000000004 4.6300234794616708 1.3076682686805727 0.33302292227745062 0.50164999067783367 0.1404339596629143 0.43128676712512976 -0.77549999952316273 -9.9647502899169904 0.18209511786699298 0.75999999046325695 -1.6804999709129331 0.053166666999459274 1.0000000180025095e-35 0.22450000047683719
decision_type=2 2 2 2 2 2 2 2 2 2 2 2 2 2 2 2 2 2 2 2 2 2 2 2 2 2 2 2 2 2
left_child=15 7 3 -3 -5 -6 -7 8 10 -10 11 12 -2 14 -14 17 -17 19 -19 22 -21 -20 23 24 -1 -26 -24 -28 -29 -30
right_child=1 2 -4 4 5 6 -8 -9 9 -11 -12 -13 13 -15 -16 16 -18 18 21 20 -22 -23 26 -25 25 -27 27 28 29 -31
leaf_value=-0.034940712263234121 -0.031861495604532664 -0.0077932236627816232 -0.0022423036826009603 0.024119136308493362 -0.0064933761714873577 0.0085480655931943882 -0.0011916991403700949 0.00057553909838841961 -0.0030983847321547132 0.003135983836744083 -0.027340560167532224 0.0051422547699605317 -0.024917290143936441 0.021054525462068898 -0.0018484835717356481 0.0015586183303015978 0.011858374573611817 1.7009068848844455e-05 -0.0079837868151394608 -0.0019347923856319596 0.050103295596154666 3.248686639920617e-05 -0.057541257367722157 0.0092840523206239815 0.0052531327819140888 -0.010927858518794742 0.00089582496490607912 -0.0092187370098867679 -0.0026474183031967857 0.017052271595721182
leaf_weight=28 35 20 27 30 20 57 41 28 45 103 24 24 25 20 254 88 32 1231 82 20 21 35 29 184 98 31 716 96 40 32
leaf_count=28 35 20 27 30 20 57 41 28 45 103 24 24 25 20 254 88 32 1231 82 20 21 35 29 184 98 31 716 96 40 32
internal_value=0.000142207 -0.00162683 0.00217949 0.00416667 0.00608108 0.0029661 0.00561224 -0.00295699 -0.00349057 0.000675676 -0.00510471 -0.00432961 -0.00523952 -0.00409699 -0.00510753 0.000624321 0.00541667 0.000406735 -0.000667656 0.0015251 0.0115854 -0.00790598 0.00119617 0.00388563 -0.000477707 0.00251938 0.000191676 0.000622172 -0.00446429 0.00208333
internal_weight=3516 753 195 168 148 118 98 558 530 148 382 358 334 299 279 2763 120 2643 1348 1295 41 117 1254 341 157 129 913 884 168 72
internal_count=3516 753 195 168 148 118 98 558 530 148 382 358 334 299 279 2763 120 2643 1348 1295 41 117 1254 341 157 129 913 884 168 72
is_linear=0
shrinkage=0.05


Tree=120
num_leaves=31
num_cat=0
split_feature=20 28 27 4 13 11 13 4 14 18 12 14 27 22 19 11 12 45 27 2 14 27 56 53 0 26 17 36 22 8
split_gain=1.54286 1.9263 1.65859 1.47476 2.75953 1.96045 1.41063 2.33385 2.32006 2.53617 1.81032 2.29159 1.95201 1.94718 1.6531 2.58543 1.49333 1.46977 1.46604 3.33036 3.75278 2.22515 1.52274 2.79183 3.17037 2.32592 2.2856 2.5514 1.89894 1.73359
threshold=0.94874998927116405 -0.050249999389052384 1.0715000033378603 0.099999997764825835 0.0084444447420537489 0.006642326246947051 -0.2357777804136276 0.29999999701976782 0.20416666567325595 0.57866665720939647 3.1046233177185063 0.17083333432674411 0.0054500000551342973 -0.62950000166892994 1.0000000180025095e-35 -0.018080116249620911 2.8107068538665776 -0.17208333313465116 -0.25779999792575831 0.52599999308586132 0.37916666269302374 -0.21314999461174008 -2.6475000381469722 -0.61950001120567311 0.4200000017881394 0.88650000095367443 0.45833332836627966 0.42849999666213995 0.07505000010132791 1.6999999880790713
decision_type=2 2 2 2 2 2 2 2 2 2 2 2 2 2 2 2 2 2 2 2 2 2 2 2 2 2 2 2 2 2
left_child=6 2 -2 4 5 -3 7 8 10 -10 11 13 -12 -1 18 -16 -17 -18 19 20 -8 -20 -23 24 -24 26 27 -25 29 -28
right_child=1 3 -4 -5 -6 -7 14 -9 9 -11 12 -13 -14 -15 15 16 17 -19 21 -21 -22 22 23 25 -26 -27 28 -29 -30 -31
leaf_value=-0.044584919775423809 -0.02514970953116016 -0.0027159216367274282 -0.00046550119160626048 -0.00020153909398412662 0.004961348852279196 -0.014091357569041729 0.008913305920032713 0.0001152384712413492 -0.022346764481666261 0.0013993014361676883 -0.00036710232084374253 0.0031556633357715971 0.0011544542402412553 -0.0017271466094489624 0.0031118835934728123 -0.0032621872357009364 0.00066284263954285441 -0.0043090060128078882 -0.024054646888431914 -0.0062686874933450161 -0.0012778803072350923 -0.011940802463211657 0.0002648758522017042 -0.00015599684632785766 0.026119398880732638 0.017538071796296417 0.0020193160815349053 -0.0061206859115674229 0.006369193864636977 -0.0015523847647088036
leaf_weight=20 21 35 20 491 29 39 321 1001 53 20 30 20 26 83 24 100 41 34 26 51 22 32 55 458 38 32 239 54 68 20
leaf_count=20 21 35 20 491 29 39 321 1001 53 20 30 20 26 83 24 100 41 34 26 51 22 32 55 458 38 32 239 54 68 20
internal_value=-9.27776e-05 -0.00232283 -0.0128049 -0.00159933 -0.00703883 -0.0121622 0.000400976 -0.000857941 -0.00515873 -0.0126712 -0.00209497 -0.0054878 0.00535714 -0.00849515 0.00137771 -0.00288945 -0.005 0.000333333 0.0019774 0.00456853 0.00634111 0.000978474 0.00135542 0.00171162 0.00994624 0.000832377 0.000327771 -0.00175781 0.00359327 0.00164093
internal_weight=3503 635 41 594 103 74 2868 1253 252 73 179 123 56 103 1615 199 175 75 1416 394 343 1022 996 964 93 871 839 512 327 259
internal_count=3503 635 41 594 103 74 2868 1253 252 73 179 123 56 103 1615 199 175 75 1416 394 343 1022 996 964 93 871 839 512 327 259
is_linear=0
shrinkage=0.05


Tree=121
num_leaves=31
num_cat=0
split_feature=16 51 13 4 12 16 18 12 10 2 11 10 13 35 49 16 0 0 26 11 51 35 18 37 1 22 22 22 3 16
split_gain=1.41919 2.03994 2.43333 2.57837 2.35968 1.7436 2.73374 2.66003 3.36484 2.81942 2.78879 2.36639 1.78571 1.70834 1.60383 1.8191 1.44471 2.30965 1.8531 2.67318 2.08427 2.37372 1.95222 1.90844 1.80613 1.71487 1.89625 2.49472 2.16346 1.76957
threshold=0.97999998927116405 1.3075000047683718 0.062000000849366195 0.1799999997019768 1.5638261437416079 0.53999999165534984 0.50834298133850109 3.9313857555389409 -9.2220683097839338 0.66999998688697826 0.55351346731185924 -11.36375856399536 -0.058000000193715089 -0.19274999946355817 1.5000000000000002 0.4200000017881394 1.060000002384186 0.62000000476837169 -1.1097499728202818 0.52799722552299511 -0.8930000066757201 0.15224999934434894 0.61073017120361339 -0.50800001621246327 0.47499999403953558 -2.375150084495544 -1.340950012207031 -1.1819000244140623 0.23068684339523318 0.13999999687075618
decision_type=2 2 2 2 2 2 2 2 2 2 2 2 2 2 2 2 2 2 2 2 2 2 2 2 2 2 2 2 2 2
left_child=5 2 3 -2 -5 14 7 8 9 -7 11 -9 -13 -8 16 -16 17 25 22 20 21 -20 -19 -22 -25 -1 28 -28 -27 -29
right_child=1 -3 -4 4 -6 6 13 10 -10 -11 -12 12 -14 -15 15 -17 -18 18 19 -21 23 -23 -24 24 -26 26 27 29 -30 -31
leaf_value=0.0040990970743441197 -0.0039515103980046129 0.0014396251579538825 0.0018091860118862936 -0.011113862988507063 0.00052386417985534337 -0.022027635433335316 0.023768499560022152 0.047672138050768489 0.0088205012815835149 0.0030171342349746945 -0.015237721923239661 -0.00097671289966428385 0.021414069001098192 0.00036026772936961771 -0.0005634074345854279 -0.014475880132030359 0.002805346294946354 -0.021445935366499521 0.00075164555712511352 -0.020857033833736074 0.01459670459842944 0.026404988850345569 0.0011411169319758498 0.00011301104936816883 -0.02792389267505695 -0.005861060871331091 0.013527392847474283 -0.037345517033958886 0.0004237610586877409 0.00017518179181712546
leaf_weight=156 47 44 66 106 84 66 51 22 33 29 22 42 21 28 370 27 105 59 160 46 24 35 24 49 79 52 30 22 52 1552
leaf_count=156 47 44 66 106 84 66 51 22 33 29 22 42 21 28 370 27 105 59 160 46 24 35 24 49 79 52 30 22 52 1552
internal_value=-0.000206965 -0.00324207 -0.00470297 -0.00706751 -0.00447368 0.000126743 0.00366242 0.000957447 -0.00390625 -0.00868421 0.0067757 0.0108824 0.00595238 0.0117089 -0.000263899 -0.00321159 0.000214724 -4.2735e-05 -0.00315126 -0.00171756 -0.000216138 0.00320513 -0.00993976 -0.00460526 -0.00703125 0.000751073 0.00029274 0.000716958 -0.00625 0.000444727
internal_weight=3503 347 303 237 190 3156 314 235 128 95 107 85 63 79 2842 397 2445 2340 476 393 347 195 83 152 128 1864 1708 1604 104 1574
internal_count=3503 347 303 237 190 3156 314 235 128 95 107 85 63 79 2842 397 2445 2340 476 393 347 195 83 152 128 1864 1708 1604 104 1574
is_linear=0
shrinkage=0.05


Tree=122
num_leaves=31
num_cat=0
split_feature=45 56 14 8 13 44 0 4 9 9 9 27 46 46 27 37 46 46 10 28 20 45 10 9 27 13 44 16 35 27
split_gain=1.1066 2.27266 1.73034 1.73375 2.34676 1.7129 3.81311 3.27605 3.13358 2.33863 2.809 2.10335 1.69668 1.72087 1.62988 2.61093 1.84589 1.90108 1.67886 1.58838 1.57453 1.53492 1.54359 1.52909 1.53915 1.48601 1.64453 1.47333 1.45702 1.42444
threshold=-0.17208333313465116 -0.16149999946355817 0.40416666865348821 1.3666666746139529 -0.25200000405311579 -1.4999999999999998 0.4200000017881394 0.059999998658895499 0.4437465518712998 0.46050569415092474 0.85554909706115734 0.98820000886917125 -0.34516666829586024 -0.17599999904632566 0.77390000224113475 -0.49294999241828913 -2.1233333945274349 -0.60433331131935109 -9.7711868286132795 -1.4881999492645261 -0.54324999451637257 2.3715833425521855 -8.8430638313293439 0.10643803700804712 -0.84839999675750721 -0.24199999868869779 -8.4999999999999982 0.21999999880790713 -0.96824997663497914 1.726700007915497
decision_type=2 2 2 2 2 2 2 2 2 2 2 2 2 2 2 2 2 2 2 2 2 2 2 2 2 2 2 2 2 2
left_child=14 2 3 28 -5 9 7 -7 -8 11 -11 12 -3 -14 16 18 -1 -18 19 -16 -20 22 -15 -24 -25 26 -12 -27 -2 -17
right_child=1 5 -4 4 -6 6 8 -9 -10 10 25 -13 13 21 15 29 17 -19 20 -21 -22 -23 23 24 -26 27 -28 -29 -30 -31
leaf_value=-0.17778076344345695 0.0013596550364967819 0.022007522442813565 -0.002385359598573689 -0.00063282697998215962 0.015074615549627411 0.00035455333696632064 -0.028839434018930049 0.024416216217590395 -0.00027502954977255391 0.0044190139844970666 -0.00039309679902550061 -0.011147996821487309 -0.0043019901923239349 -0.00014277353379209685 0.00035497288775455661 0.014783224395325379 0.015259523223729077 0.00015108158992888088 0.015727639109327552 -0.038032671865270699 -0.017217294208814949 0.017431156442446267 -0.010470758483826816 0.0095767514083703702 -0.005259455803268454 -3.6468007452024407e-05 0.0041300727193213649 -0.0060933681225921361 -0.004508465158389297 0.0031715472873703188
leaf_weight=25 42 37 44 39 24 254 26 152 224 108 46 45 61 666 24 51 43 1076 25 23 21 27 20 20 66 26 20 25 207 36
leaf_count=25 42 37 44 39 24 254 26 152 224 108 46 45 61 666 24 51 43 1076 25 23 21 27 20 20 66 26 20 25 207 36
internal_value=-7.13674e-06 -0.000699862 -0.00435393 -0.00304487 0.00436508 1.37137e-05 0.00205793 0.00504926 -0.0028 -0.00113539 0.00344444 -0.0022293 -0.00170011 -0.00215116 0.00113293 0.00555556 0.000437063 0.000737265 -0.000268817 -0.00691489 0.00652174 -0.00153317 -0.00194301 -0.00754717 -0.00465116 -0.00192308 0.0030303 -0.00833333 -0.00491968 0.0117816
internal_weight=3503 2179 356 312 63 1823 656 406 250 1167 225 942 897 860 1324 180 1144 1119 93 47 46 799 772 106 86 117 66 51 249 87
internal_count=3503 2179 356 312 63 1823 656 406 250 1167 225 942 897 860 1324 180 1144 1119 93 47 46 799 772 106 86 117 66 51 249 87
is_linear=0
shrinkage=0.05


Tree=123
num_leaves=31
num_cat=0
split_feature=20 28 27 21 9 45 51 16 16 9 44 10 3 37 10 45 20 45 7 21 9 11 18 20 51 3 18 14 46 14
split_gain=0.979897 3.19373 1.48665 3.76754 1.66596 1.65686 1.47659 1.47634 1.55671 2.34944 2.38688 2.04123 1.97658 2.10618 1.44831 1.65062 1.31101 2.52609 2.12121 2.03926 1.96564 2.57717 1.51803 1.22293 2.91853 2.75835 2.10434 2.05973 3.03075 1.86745
threshold=1.0419999957084658 -0.050249999389052384 0.98820000886917125 2.2192000150680546 0.13355626165866855 2.3715833425521855 0.84999999403953563 0.97999998927116405 0.85999998450279247 0.16814770549535754 -2.4999999999999996 -9.1121277809143049 0.31211639940738684 -0.67355000972747792 -10.421407222747801 -1.2731667160987852 -0.0067500001750886432 -0.17208333313465116 1.0000000180025095e-35 -0.30500000715255732 0.85554909706115734 0.076461058109998717 0.76358386874198925 0.64774999022483837 1.5450000166893008 0.19831921160221103 0.47852697968482977 0.32916666567325598 0.091499999165534987 0.24583332985639575
decision_type=2 2 2 2 2 2 2 2 2 2 2 2 2 2 2 2 2 2 2 2 2 2 2 2 2 2 2 2 2 2
left_child=7 -2 4 6 -3 -5 -4 8 23 11 12 -10 13 -11 -9 -16 17 19 20 -17 21 -18 -22 24 29 -26 -25 28 -27 -1
right_child=1 2 3 5 -6 -7 -8 14 9 10 -12 -13 -14 -15 15 16 18 -19 -20 -21 22 -23 -24 26 25 27 -28 -29 -30 -31
leaf_value=-6.6353991181286332e-05 -0.019636635300995811 0.0025008370704642287 0.013496395796447369 -0.032470044928977926 -0.0020092988235144017 0.0013635191060634114 0.00057218978562044583 -0.035746425415976134 -0.01077265429357597 -0.0009553583364799612 0.079863995407690069 0.011705962813971404 -0.0019876790294167225 0.02510518658165253 0.0053635045541380894 -0.0046662653800781401 0.0096443605682046667 -0.0033473523454830459 -0.033223988927746209 0.0006028823459588152 -0.017145073776742285 -0.0028576848056205751 0.014741816095545363 0.006875556179024034 -0.0068191227213163013 0.010497878892689935 -0.00025652148101268927 -0.0048347080387231532 -0.008374693945738065 0.0012611716611268004
leaf_weight=1484 35 38 36 27 410 24 20 24 48 32 37 23 33 39 22 36 41 39 28 34 37 24 30 87 79 43 104 22 28 539
leaf_count=1484 35 38 36 27 410 24 20 24 48 32 37 23 33 39 22 36 41 39 28 34 37 24 30 87 79 43 104 22 28 539
internal_value=7.85041e-05 -0.00177966 -0.000855856 0.00443925 -0.00212054 -0.00539216 0.0133929 0.000454858 0.000846805 0.00495283 0.00868794 -0.00246479 0.00480769 0.00950704 -0.00277778 -0.00180412 -0.00288104 -0.00711009 0 -0.00142857 0.00265152 0.00884615 -0.00335821 0.000481978 0.000148064 -0.00610465 0.00431937 -0.000268817 0.00387324 0.000679684
internal_weight=3503 590 555 107 448 51 56 2913 2598 212 141 71 104 71 315 291 269 109 160 70 132 65 67 2386 2195 172 191 93 71 2023
internal_count=3503 590 555 107 448 51 56 2913 2598 212 141 71 104 71 315 291 269 109 160 70 132 65 67 2386 2195 172 191 93 71 2023
is_linear=0
shrinkage=0.05


Tree=124
num_leaves=31
num_cat=0
split_feature=22 14 12 18 44 28 28 18 53 2 13 10 22 27 12 28 44 53 56 9 0 45 37 56 22 14 18 20 22 44
split_gain=0.972437 2.2313 3.51116 1.70269 2.4086 1.68937 3.09926 1.50918 3.88732 2.43774 3.42783 2.29243 2.14427 2.07167 1.77792 1.62136 1.87189 2.56277 2.43086 2.59412 2.08685 1.85913 1.5917 2.40816 1.87366 1.65047 1.5309 1.4133 2.97698 2.09086
threshold=-1.0000000180025095e-35 0.14583333581686023 5.1105892658233651 0.43447221815586096 -1.4999999999999998 -0.34550000727176661 -1.2117999792098997 0.71116051077842724 -2.0475000143051143 0.58933332562446605 -0.33200000226497645 -10.566741466522215 -1.3057500123977659 -0.60469999909400929 0.54426714777946483 0.099199999123811736 -1.4999999999999998 0.37600000202655798 -0.27249999344348902 0.50830829143524181 0.099999997764825835 -0.14449999481439588 -0.67355000972747792 -0.81850001215934742 -0.44230000674724573 0.33750000596046453 0.46359875798225408 -1.5327500104904173 -0.50674998760223378 -10.499999999999998
decision_type=2 2 2 2 2 2 2 2 2 2 2 2 2 2 2 2 2 2 2 2 2 2 2 2 2 2 2 2 2 2
left_child=1 3 7 -1 -5 6 -4 9 -9 10 14 12 -11 -13 -3 16 17 22 19 21 -20 26 23 25 -24 -12 -18 -15 29 -29
right_child=-2 2 5 4 -6 -7 -8 8 -10 11 15 13 -14 27 -16 -17 18 -19 20 -21 -22 -23 24 -25 -26 -27 -28 28 -30 -31
leaf_value=0.0073267639422842819 -0.00015116111284131669 -0.00012713726862546572 0.013833307929122915 0.0010451518817832942 -0.003979162058623152 0.016318406871160079 -0.0019418659881986319 -0.038498234905130602 0.00013869659709359188 -0.010012456258915982 -0.0051730947577801889 -0.0057669649575536348 0.0020133188856732878 0.019793807544621886 -0.030396597660493165 0.0034760728268023373 -0.0088587508839382025 -0.0062069601650324435 9.7447805052976188e-06 0.021495868511757887 0.01949672749727548 -0.0030625384415323693 0.0023545186417801931 -0.0034536000395548327 -0.0052125293217373169 0.0096519183047217242 0.00072325237462202716 0.0044823432230981066 0.022792912367036428 -0.014749394760074242
leaf_weight=96 2084 22 46 175 42 42 77 23 48 28 30 24 48 44 55 38 20 77 57 40 55 22 61 41 53 22 43 39 28 23
leaf_count=96 2084 22 46 175 42 42 77 23 48 28 30 24 48 44 55 38 20 77 57 40 55 22 61 41 53 22 43 39 28 23
internal_value=0.000135598 0.00114517 9.04159e-05 0.0048722 0.00241935 0.00681818 0.00386179 -0.00108927 -0.00809859 -0.000517241 -0.00212264 0.00384615 -0.00328947 0.00727848 -0.012013 -0.000760286 -0.00148752 -0.00422535 0.00179325 -0.003 0.00714286 -0.00794118 -0.0013285 -0.0061828 0.00263158 0.000961538 -0.00357143 0.00970149 0.00611111 0
internal_weight=3503 1419 1106 313 217 165 123 941 71 870 636 234 76 158 77 559 521 284 237 125 112 85 207 93 114 52 63 134 90 62
internal_count=3503 1419 1106 313 217 165 123 941 71 870 636 234 76 158 77 559 521 284 237 125 112 85 207 93 114 52 63 134 90 62
is_linear=0
shrinkage=0.05


Tree=125
num_leaves=31
num_cat=0
split_feature=2 13 20 16 14 45 16 2 12 28 21 4 21 18 50 37 20 9 12 35 18 27 18 10 27 9 18 18 9 56
split_gain=1.67946 3.43408 3.19393 2.50128 3.6192 1.89773 2.18323 1.82377 1.79618 2.13435 2.14065 3.09041 1.83229 1.7786 1.94067 2.00941 1.92688 2.01662 1.74477 1.71915 1.68397 1.68168 2.20216 2.62094 1.86159 1.82874 1.77693 1.68015 1.80526 2.7759
threshold=0.27400000393390661 0.016888889484107498 1.2445000410079958 0.21999999880790713 0.37916666269302374 -0.20874999463558194 0.75999999046325695 0.11800000444054605 5.2279784679412851 1.7710999846458437 0.099349997937679305 0.38000001013278967 0.31979998946189886 0.59384918212890636 1.5000000000000002 -0.18760000169277188 -0.59074997901916493 0.13104625791311267 0.043517706915736205 4.9787499904632577 0.47517459094524389 0.20814999938011172 0.52970370650291454 -8.7435669898986799 0.33855000138282781 0.26315090060234075 0.39070588350296026 0.41140741109848028 1.4782800078392031 -5.9255001544952384
decision_type=2 2 2 2 2 2 2 2 2 2 2 2 2 2 2 2 2 2 2 2 2 2 2 2 2 2 2 2 2 2
left_child=1 2 5 -3 7 6 -1 -5 21 10 11 -10 -12 14 15 -7 17 -16 -17 -4 -20 27 23 24 -23 -24 -26 -2 29 -29
right_child=8 3 19 4 -6 13 -8 -9 9 -11 12 -13 -14 -15 16 18 -18 -19 20 -21 -22 22 25 -25 26 -27 -28 28 -30 -31
leaf_value=-0.0042985387283587485 -0.0014420109641172824 -0.0018755898810601881 -0.018548553848912502 0.0030922742202379007 -0.0029376698538818597 -0.0022321293482025465 -0.017507228602531993 0.026183651549089693 0.014790470587364019 0.00540803415782138 -0.012105464556319275 -0.0019635286218635836 0.0018008403101056178 0.0018362741425375446 0.005075890860874642 -0.010582692207908037 -0.0031088259043183155 -0.0022472695314656069 0.0004159981154377099 -0.0021068533314093337 -0.0010147762071470558 0.016791094379434136 0.0024301266083645357 -0.0085956917814109714 -0.0015135373075758332 -0.0043680270059330171 0.0070863313046936605 -0.09062576836486276 0.027645705268428113 0.00017838165021377215
leaf_weight=94 314 34 58 79 42 117 21 75 65 21 23 33 74 50 32 42 26 21 210 23 90 53 129 27 71 142 241 41 23 1269
leaf_count=94 314 34 58 79 42 117 21 75 65 21 23 33 74 50 32 42 26 21 210 23 90 53 129 27 71 142 241 41 23 1269
internal_value=4.23729e-05 -0.00167653 -0.00325255 0.00369565 0.00586735 -0.00216927 -0.00804348 0.00941558 0.000732383 0.00509259 0.00346154 0.00867347 -0.00180412 -0.00102041 -0.00185874 -0.00310458 0.00537975 0.0108491 -0.00116959 -0.0126543 0.000166667 0.000324675 0.00245098 0.00484694 0.0059589 -0.00101476 0.00448718 -0.000531269 0.000243811 0
internal_weight=3540 1014 784 230 196 703 115 154 2526 216 195 98 97 588 538 459 79 53 342 81 300 2310 663 392 365 271 312 1647 1333 1310
internal_count=3540 1014 784 230 196 703 115 154 2526 216 195 98 97 588 538 459 79 53 342 81 300 2310 663 392 365 271 312 1647 1333 1310
is_linear=0
shrinkage=0.05


Tree=126
num_leaves=31
num_cat=0
split_feature=50 12 46 37 13 2 13 20 19 16 8 35 28 22 12 13 16 12 13 5 9 22 46 26 20 20 26 46 2 44
split_gain=1.38618 3.7448 2.69335 1.62339 1.51515 1.39402 2.43767 3.43872 2.42788 2.89091 2.07423 1.96048 1.70412 2.45433 2.29763 1.71387 1.52912 1.47751 2.03716 1.84725 1.3249 1.53431 1.55611 2.41906 2.08264 2.89943 2.00948 1.62854 1.28502 1.41277
threshold=2.5000000000000004 2.0369949340820317 0.067833334207534804 -0.38975000381469721 -0.28599999845027918 0.27400000393390661 0.0084444447420537489 1.2445000410079958 1.0000000180025095e-35 0.21999999880790713 1.7666666507720949 4.9787499904632577 1.7710999846458437 2.5397499799728398 5.2565226554870614 -0.46999999880790705 0.97999998927116405 4.7227485179901132 0.062000000849366195 0.52500000596046459 0.52676513791084301 -1.4998500347137449 0.082499999552965178 0.057500001043081291 -0.6392499804496764 0.072250001132488265 0.36775000393390661 -0.19683333486318585 1.3339999914169314 -6.4999999999999991
decision_type=2 2 2 2 2 2 2 2 2 2 2 2 2 2 2 2 2 2 2 2 2 2 2 2 2 2 2 2 2 2
left_child=5 4 3 -3 -2 6 7 10 9 -8 20 -9 13 28 15 -14 -12 18 19 -11 21 -1 26 24 -24 -26 -23 -28 29 -7
right_child=1 2 -4 -5 -6 12 8 11 -10 17 16 -13 14 -15 -16 -17 -18 -19 -20 -21 -22 22 23 -25 25 -27 27 -29 -30 -31
leaf_value=-0.008320674568700847 0.0071255581828884142 0.018151448321700181 0.019186584273132058 -0.0024814112074479366 -0.0039085104905003899 -0.00018432918065253157 -0.0017818103870071789 -0.020517951259302725 -0.0024431996648629898 -0.0010947379394936063 0.0029781665564093856 -0.0020015106648388682 0.0053136119138030742 -0.033464373698409121 0.0051376324499303114 6.5209380944553089e-05 -0.00087404607591000665 0.01953848371170094 0.028631479831929731 0.01313167159663991 0.00074744141902612646 -0.00057688418763789388 0.0025231089214005579 0.0058459536684328413 -0.0084808034548931356 0.0027944377042704695 -0.0027227425748133139 -0.010118478633883477 -0.040403203916075651 0.00086117737892830732
leaf_weight=41 22 34 30 23 32 1233 34 54 38 65 27 23 55 23 21 153 20 48 37 26 33 283 44 34 45 32 45 50 20 915
leaf_count=41 22 34 30 23 32 1233 34 54 38 65 27 23 55 23 21 153 20 48 37 26 33 283 44 34 45 32 45 50 20 915
internal_value=-7.06215e-05 0.00478723 0.0112069 0.00482456 -0.00555556 -0.000272139 -0.00186415 -0.00331737 0.00241935 0.00452381 -0.00214067 -0.0133117 0.000371901 -5.70516e-05 0.00447598 0.00288462 0.00797872 0.00710227 0.00429688 0.000274725 -0.00292422 -0.00348432 -0.00276735 0.00145161 -0.0018595 -0.00681818 -0.00449735 -0.0107895 0.000115314 0.000232775
internal_weight=3540 141 87 57 54 3399 979 731 248 210 654 77 2420 2191 229 208 47 176 128 91 607 574 533 155 121 77 378 95 2168 2148
internal_count=3540 141 87 57 54 3399 979 731 248 210 654 77 2420 2191 229 208 47 176 128 91 607 574 533 155 121 77 378 95 2168 2148
is_linear=0
shrinkage=0.05


Tree=127
num_leaves=31
num_cat=0
split_feature=0 28 28 56 18 10 12 28 36 11 9 21 11 18 47 2 18 12 11 13 21 11 0 2 45 18 47 47 18 9
split_gain=1.29175 1.71267 2.88089 2.01518 1.87317 1.96748 1.6519 1.64546 2.05396 1.62054 1.59126 1.6136 1.78364 1.57055 1.45285 1.91124 1.33099 1.30502 1.27953 2.59759 1.80942 1.68464 2.19308 1.63272 1.51188 1.5081 4.38862 2.24514 3.05411 1.82688
threshold=0.85999998450279247 2.0690500736236577 0.69799998402595531 -5.9255001544952384 0.54180952906608593 -9.7201170921325666 5.2279784679412851 -0.77529999613761891 0.084750000387430205 -0.026821021921932694 0.20691534876823428 -0.40270000696182245 0.027550446800887588 0.61073017120361339 0.38967274129390722 0.5000000149011613 0.67797777056694042 5.9010686874389657 -0.13944697380065915 0.52000001072883617 -2.9764000177383418 -0.053536498919129365 0.53999999165534984 0.43199999630451208 -0.32991667091846461 0.50593650341033947 0.37503899633884435 0.32224002480506903 0.48501852154731756 0.19948085397481921
decision_type=2 2 2 2 2 2 2 2 2 2 2 2 2 2 2 2 2 2 2 2 2 2 2 2 2 2 2 2 2 2
left_child=6 2 3 -2 5 7 18 8 -5 -4 -6 -12 16 14 15 -8 -13 -16 25 20 -20 22 23 -22 -24 27 -27 -1 29 -29
right_child=1 -3 9 4 10 -7 13 -9 -10 -11 11 12 -14 -15 17 -17 -18 -19 19 -21 21 -23 24 -25 -26 26 -28 28 -30 -31
leaf_value=-0.00058027484919616552 -0.051787467844337493 0.012457968610755366 -0.036200465992998601 -0.027837299643813453 -0.013008333953055819 -0.0095030305973631581 0.00016716625437484362 0.016225060433295725 0.007502362367094108 -0.0014411060501000475 0.01149145801408674 0.0067222462371784673 -0.01705610587867213 0.0085340464299495499 0.0075723075423238008 -0.0052629524517503615 -0.00014460133089793105 -0.0010744390401482729 -0.0048343725976603344 0.16630861891312487 0.0039879411414065367 -0.0002335391740790116 0.0011099725078822537 0.024356774700434382 -0.0038986629538257864 0.00012897456425971839 -0.03574879772905909 0.0051080857837577688 0.12173560346762856 -0.016635811362827369
leaf_weight=119 22 37 24 21 22 27 96 53 22 32 33 39 28 53 140 25 83 26 29 50 81 2037 39 27 36 68 84 101 21 65
leaf_count=119 22 37 24 21 22 27 96 53 22 32 33 39 28 53 140 25 83 26 29 50 81 2037 39 27 36 68 84 101 21 65
internal_value=1.41243e-05 0.0025395 0.00160099 0.00328571 0.00426829 0.00914634 -0.00034711 0.0125 0.00523256 -0.00892857 0.00134146 0.00286885 0.000666667 0.00294118 0.00148084 -0.00268595 0.00327869 0.00451807 -0.00075263 -0.000271857 -0.000522454 -0.00036036 0.00423497 0.0087963 -0.00233333 -0.00316594 -0.00723684 -0.00114379 0.00227273 0
internal_weight=3540 443 406 350 328 123 3097 96 43 56 205 183 150 340 287 121 122 166 2757 2299 2249 2220 183 108 75 458 152 306 187 166
internal_count=3540 443 406 350 328 123 3097 96 43 56 205 183 150 340 287 121 122 166 2757 2299 2249 2220 183 108 75 458 152 306 187 166
is_linear=0
shrinkage=0.05


Tree=128
num_leaves=31
num_cat=0
split_feature=0 51 45 56 45 10 50 16 9 35 26 28 12 13 18 14 53 16 14 18 13 45 51 9 28 0 9 20 22 27
split_gain=1.88091 1.77519 2.10118 1.90346 2.00006 1.85308 1.81331 2.10503 1.78906 1.73093 2.24222 1.99833 1.67202 1.625 1.52842 1.56667 1.50533 1.37139 1.34943 1.3432 1.29429 1.56608 1.39024 1.28444 1.27348 1.21905 1.13926 1.12701 2.25096 2.48487
threshold=0.85999998450279247 -3.7250000238418575 -0.91774997115135182 -2.1690000295639034 -0.62000000476837147 -9.2962894439697248 2.5000000000000004 0.29999999701976782 1.3093235492706301 -3.1200000047683711 2.5117499828338627 0.71104997396469127 2.1342010498046879 -0.78000000119209278 0.6668703854084016 0.12916667014360431 -2.9674999713897701 0.34000000357627874 0.14583333581686023 0.5609206259250642 -0.26933334767818445 -1.1402500271797178 -5.2489998340606681 0.2434986010193825 0.099199999123811736 1.0199999809265139 0.23607748746871951 14.717999935150148 4.657099962234498 -0.8982500135898589
decision_type=2 2 2 2 2 2 2 2 2 2 2 2 2 2 2 2 2 2 2 2 2 2 2 2 2 2 2 2 2 2
left_child=1 8 5 4 23 17 27 -8 19 -2 11 14 -9 -13 15 -11 -16 18 24 20 26 22 -22 -4 -3 -18 -1 28 -5 -30
right_child=9 2 3 6 -6 -7 7 12 -10 10 -12 13 -14 -15 16 -17 25 -19 -20 -21 21 -23 -24 -25 -26 -27 -28 -29 29 -31
leaf_value=-0.0023666035307371605 -0.024703942938583349 0.025334453062883833 -0.0033643794501890495 -4.9410202276368997e-05 -0.035889708013120747 -0.19714336145008962 0.019704445595400685 -0.0037014080072714224 0.052769875450727026 0.0012396453320065945 0.028921150623983729 -0.029909909717572569 0.012521431947985559 0.00045789744309621128 -0.012178114770305372 0.010926730156558428 0.01017027936047798 -3.851233115732822e-06 0.011585752558171902 -0.01925888766725058 -0.010947518585582799 -0.008591546714810161 0.0018706486988059878 0.030601805459257184 -0.0015470528808948314 -0.0019108550642054267 0.0090804178272545222 0.0037885440843362095 -0.025171942686434919 -0.0030399067169472522
leaf_weight=29 28 24 20 2495 39 20 29 20 26 122 24 25 28 40 25 95 24 25 32 48 46 27 26 25 20 60 24 29 23 42
leaf_count=29 28 24 20 2495 39 20 29 20 26 122 24 25 28 40 25 95 24 25 32 48 46 27 26 25 20 60 24 29 23 42
internal_value=5.64972e-05 -0.000379399 -4.35388e-05 -0.000327273 -0.0077381 0.00640496 -9.37734e-05 0.00746753 -0.00464602 0.00310384 0.00391566 0.00300512 0.00104167 -0.005 0.00460123 0.00702765 -0.000229358 0.00915842 0.0125 -0.00625 -0.00394737 -0.00732323 -0.00347222 -0.000555556 0.00681818 0.00297619 0.00235849 -0.000318656 -0.000429688 -0.00961538
internal_weight=3540 3097 2871 2750 84 121 2666 77 226 443 415 391 48 65 326 217 109 101 76 200 152 99 72 45 44 84 53 2589 2560 65
internal_count=3540 3097 2871 2750 84 121 2666 77 226 443 415 391 48 65 326 217 109 101 76 200 152 99 72 45 44 84 53 2589 2560 65
is_linear=0
shrinkage=0.05


Tree=129
num_leaves=31
num_cat=0
split_feature=2 16 12 28 28 46 46 47 51 13 47 9 11 46 3 1 2 51 9 45 35 51 53 16 44 28 27 4 8 14
split_gain=1.88561 1.89998 1.87079 1.84705 3.03333 1.83996 2.0126 1.54214 1.71961 1.46088 2.21283 1.871 1.69149 2.6667 1.39683 1.91038 1.30152 1.25966 2.02927 1.54823 2.03276 1.84834 2.05228 1.6858 2.89551 1.6789 1.59098 1.34246 1.20738 1.1976
threshold=0.81949999928474437 0.1799999997019768 5.2279784679412851 2.0690500736236577 1.0736000537872317 0.080166663974523558 0.023500000126659874 3.3953100442886357 -6.7964999675750724 -0.75177779793739308 0.95805957913398754 0.54376775026321422 0.076461058109998717 0.032833334058523185 0.18713862448930743 0.47499999403953558 0.94799998402595531 -3.5709999799728389 1.3093235492706301 -0.31091666221618647 0.4577500075101853 -1.2574999928474424 -1.7695000171661375 0.34000000357627874 -2.4999999999999996 -0.50615000724792469 0.27309998869895941 0.1799999997019768 0.36666667461395269 0.31250000000000006
decision_type=2 2 2 2 2 2 2 2 2 2 2 2 2 2 2 2 2 2 2 2 2 2 2 2 2 2 2 2 2 2
left_child=2 -2 17 4 7 6 -4 8 -3 10 -10 12 13 -11 -7 -16 -13 18 28 20 23 22 25 29 26 -21 -25 -26 -1 -19
right_child=1 3 5 -5 -6 14 -8 -9 9 11 -12 16 -14 -15 15 -17 -18 19 -20 21 -22 -23 -24 24 27 -27 -28 -29 -30 -31
leaf_value=0.0034044628658338088 0.010389012649018392 0.022690350064452271 0.0011567246313302982 0.0095531927999565232 -0.020788180120372868 -0.00014621139390466869 -0.011164883755066069 -0.020197041719924543 0.00050580745194006343 0.0033582595554963596 -0.015719709212390909 -0.0090898613340953307 0.00016500809720072508 0.016428136319714012 0.0031828827399511595 0.018564329791339672 0.0035424974629124691 0.0031258403490867503 0.055473300720800811 -0.019699369858952129 -0.0042531689791487914 -0.00018498663103083595 -0.012453470198535372 -0.0052510742115090079 -0.00076774740586643133 0.015116546518385024 0.0023718259892491545 0.019503946237024946 -0.0060358547700075978 0.019324175207841084
leaf_weight=24 39 20 207 34 39 22 32 28 32 57 63 29 49 42 31 46 96 257 27 30 67 1825 24 95 22 28 38 29 166 42
leaf_count=24 39 20 207 34 39 22 32 28 32 57 63 29 49 42 31 46 96 257 27 30 67 1825 24 95 22 28 38 29 166 42
internal_value=8.47458e-05 0.00284091 -0.000398406 0.00199387 0.00115385 0.00310651 0.000732218 0.00240385 0.00322165 0.00244565 -0.00289474 0.00430403 0.00810811 0.0118687 0.00883838 0.012013 -0.0002 -0.000841436 -0.00449309 -0.000518926 0.00181818 -0.00119297 -0.00853659 0.00295031 -0.000815217 -0.00344828 -0.00469925 0.00931373 -0.00631579 0.00526756
internal_weight=3540 528 3012 489 455 338 239 416 388 368 95 273 148 99 99 77 125 2674 217 2457 550 1907 82 483 184 58 133 51 190 299
internal_count=3540 528 3012 489 455 338 239 416 388 368 95 273 148 99 99 77 125 2674 217 2457 550 1907 82 483 184 58 133 51 190 299
is_linear=0
shrinkage=0.05


Tree=130
num_leaves=31
num_cat=0
split_feature=27 27 11 18 21 53 47 12 36 36 2 14 18 11 18 44 10 11 16 21 22 37 14 14 22 22 27 53 26 26
split_gain=2.04796 3.33884 1.90261 1.77632 1.45833 1.43684 1.91545 1.68196 1.24859 1.33987 1.23229 1.23354 1.23033 1.19278 1.33317 2.01088 1.46075 1.52986 1.41194 1.15374 1.09393 2.45645 1.97298 1.37589 1.2111 2.80164 2.72992 2.14848 1.98205 1.91955
threshold=-0.60469999909400929 -0.72630000114440907 -0.034300165250897401 0.50988268852233898 -0.83184999227523793 -4.2915000915527335 0.49011929333209997 3.7712216377258305 -2.0182499885559078 -0.01760000083595514 0.30200000107288366 0.16250000149011615 0.51450428366661083 -0.012718556448817251 0.37407778203487402 -8.4999999999999982 -9.3327941894531232 0.055071389302611358 0.25999999791383749 -1.6624000072479246 -2.4429500102996822 -7.2278499603271475 0.24583332985639575 0.13750000298023227 -0.81424999237060536 -0.75554999709129322 -0.40119999647140497 -3.0475000143051143 -0.90624999999999989 -0.57074999809265126
decision_type=2 2 2 2 2 2 2 2 2 2 2 2 2 2 2 2 2 2 2 2 2 2 2 2 2 2 2 2 2 2
left_child=1 2 5 4 -3 7 -7 10 -8 -10 -1 12 -12 -4 -15 18 17 -17 -16 -2 21 -21 23 -23 26 -26 -22 -28 -27 -29
right_child=19 3 13 -5 -6 6 8 -9 9 -11 11 -13 -14 14 15 16 -18 -19 -20 20 24 22 -24 -25 25 28 27 29 -30 -31
leaf_value=0.01836823202635576 0.015333665038375233 -0.0050473129082941621 0.007552863747747488 -0.011583723634041261 0.00092789897485121779 0.00011776821178631913 -0.00033299812993474248 -0.04448466298323446 -0.030037505701256517 -0.0025986703723653057 0.0075202887901163508 0.019486826515757196 -0.17839695406337208 -0.0015553692241936424 0.018059449578310027 -0.00096929580999645111 0.022206508264866913 0.016799089511286159 -0.0077828557920396934 -0.00051280933259771838 0.016581960516206962 0.011353704569049628 0.013516578730456964 -0.0082808870985813503 0.01161987468164072 -0.0072996656383210318 -0.018609394866011587 0.00012201756576626089 0.00025171046608932771 -0.0038530154290827181
leaf_weight=20 23 28 33 54 32 56 22 22 52 30 20 21 23 50 30 23 25 33 55 34 41 23 78 32 29 55 41 233 2181 127
leaf_count=20 23 28 33 54 32 56 22 22 52 30 20 21 23 50 30 23 25 33 55 34 41 23 78 32 29 55 41 233 2181 127
internal_value=0.000241066 -0.00234499 -0.000631068 -0.0100877 -0.00416667 -0.00357143 -0.0065625 0.000943396 -0.0105769 -0.0134146 0.00416667 0.00078125 -0.00406977 0.00251004 0.00115741 0.00331325 0.00895062 0.00446429 -0.00205882 0.000802554 0.000713292 0.00464072 0.00770677 0.000454545 0.000471001 0.00093819 -0.00192308 -0.00317955 0.000737925 -0.00194444
internal_weight=3526 629 515 114 60 266 160 106 104 82 84 64 43 249 216 166 81 56 85 2897 2874 167 133 55 2707 2265 442 401 2236 360
internal_count=3526 629 515 114 60 266 160 106 104 82 84 64 43 249 216 166 81 56 85 2897 2874 167 133 55 2707 2265 442 401 2236 360
is_linear=0
shrinkage=0.05


Tree=131
num_leaves=31
num_cat=0
split_feature=21 3 18 48 18 9 44 9 17 9 0 0 16 18 37 3 36 12 8 18 26 37 28 45 51 35 21 36 8 53
split_gain=1.15849 2.18522 2.04816 3.59036 2.86388 3.00033 2.36623 1.73933 1.3525 1.34048 2.03175 1.47395 1.7657 1.76137 1.38528 1.22546 1.21753 1.16727 2.28931 2.49373 1.53361 1.53894 1.46667 2.25515 1.04155 0.974712 0.944645 2.60417 2.13333 1.16345
threshold=-0.76985001564025868 0.12671032547950747 0.50206348299980175 1.0000000180025095e-35 0.48206734657287603 0.19584658741950992 -4.4999999999999991 0.16903799772262576 0.20833333581686023 0.2434986010193825 0.74000000953674328 0.81999999284744274 0.38000001013278967 0.61788889765739452 0.15405000001192096 0.1726275831460953 -0.92010000348091114 5.3946819305419931 0.70000001788139354 0.22093518823385241 -0.28124999999999994 -0.010549999773502348 0.41574999690055853 0.54466667771339428 -1.5690000057220457 -1.1704999804496763 -0.60789999365806568 -0.35789999365806574 1.3666666746139529 -0.15049999952316281
decision_type=2 2 2 2 2 2 2 2 2 2 2 2 2 2 2 2 2 2 2 2 2 2 2 2 2 2 2 2 2 2
left_child=1 -1 4 24 5 7 16 8 -3 10 -5 12 13 -11 -14 -7 -6 26 -19 -20 -21 -22 -23 -24 -4 -10 27 28 -2 -28
right_child=17 2 3 9 6 15 -8 -9 25 11 -12 -13 14 -15 -16 -17 -18 18 19 20 21 22 23 -25 -26 -27 29 -29 -30 -31
leaf_value=-0.0037929934026253742 -0.0049466102766398921 -0.0015142009648170637 -0.055902909943954721 -0.00092339316522869759 0.016265385766170853 0.005926471780792187 0.16863800358472028 0.014409770881553652 0.0093766848597806179 -0.0010610488285036452 -0.0321641471217377 0.013702218657209529 -0.0080684956208423291 0.013402345003243483 0.00032111300234371684 -0.0064613730442092832 -0.0016785093942242675 -0.0011939251424662846 -0.0039625943153489196 0.014367692427938545 -0.0070091671605304719 0.011014966251033749 -0.0050955034293108494 0.0098042984771740515 -0.18938017630540302 0.00064868476047935946 -0.00049847016918499142 0.01192452457108524 0.0064883280969867778 0.00021943782329999974
leaf_weight=36 48 28 23 42 20 21 25 21 23 34 21 34 22 21 20 80 22 41 34 40 23 33 25 30 22 26 1016 40 32 1623
leaf_count=36 48 28 23 42 20 21 25 21 23 34 21 34 22 21 20 80 22 41 34 40 23 33 25 30 22 26 1016 40 32 1623
internal_value=0.000141804 -0.00198706 -0.00113861 -0.00449791 0.0018797 -0.00113065 0.0108209 0.00510204 0.00162338 -0.00154639 -0.00753968 0.00133588 -0.00180412 0.00409091 -0.00952381 -0.00717822 0.00357143 0.000527638 0.0039823 0.00635135 0.00910596 0.00608108 0.00909091 0.00409091 -0.0172222 0.00663265 0.000244654 0.00458333 -0.000625 4.73664e-05
internal_weight=3526 541 505 239 266 199 67 98 77 194 63 131 97 55 42 101 42 2985 226 185 151 111 88 55 45 49 2759 120 80 2639
internal_count=3526 541 505 239 266 199 67 98 77 194 63 131 97 55 42 101 42 2985 226 185 151 111 88 55 45 49 2759 120 80 2639
is_linear=0
shrinkage=0.05


Tree=132
num_leaves=31
num_cat=0
split_feature=13 0 53 16 53 14 36 10 22 16 35 37 14 49 50 3 18 8 10 22 18 3 9 47 18 13 9 14 28 53
split_gain=1.15218 2.2556 2.20473 2.10834 2.76391 2.06211 1.91212 2.7929 1.90901 1.86123 1.70485 1.55715 1.90143 1.39418 1.99339 1.81675 1.34329 1.63213 1.56863 1.29212 1.21787 1.21291 1.18938 1.18167 2.05065 2.25549 2.92665 2.05366 2.55208 2.36689
threshold=-0.75177779793739308 0.85999998450279247 -2.2315000295639034 0.25999999791383749 -3.3995000123977657 0.22083333134651187 0.84810000658035289 -9.9233865737915021 0.65230000019073497 0.1799999997019768 0.4577500075101853 -1.8173500299453733 0.27083334326744085 1.0000000180025095e-35 1.5000000000000002 0.3131812065839768 0.54458081722259533 0.90000000596046459 -9.9910497665405256 0.21954999864101413 0.49184595048427587 0.15896825492382052 0.16903799772262576 0.52395716309547435 0.37407778203487402 -0.10955555737018584 0.14475353807210925 0.21249999850988391 -1.8184500336647031 2.6039999723434453
decision_type=2 2 2 2 2 2 2 2 2 2 2 2 2 2 2 2 2 2 2 2 2 2 2 2 2 2 2 2 2 2
left_child=6 2 3 4 9 8 7 13 21 -2 -11 12 -5 14 15 -1 17 22 -18 20 -19 -3 -13 -4 25 -25 -27 29 -29 -26
right_child=1 5 23 11 -6 -7 -8 -9 -10 10 -12 16 -14 -15 -16 -17 18 19 -20 -21 -22 -23 -24 24 27 26 -28 28 -30 -31
leaf_value=-0.0007491467990188936 -0.048546720133164925 -0.016768950223921032 -0.00015268896261448197 -0.075596744701218938 -0.02299082729875181 0.0097577508584891781 0.010512552040137235 -0.048504058577725953 0.012985194839734754 0.050777750470753502 0.0056756484694207472 -0.0015453718837217267 -0.0037411556101977885 -0.024795061350188486 -0.041114328065455147 0.0033875715293657962 -0.025174120191840451 -0.014350856947155412 -0.00357712394060101 -0.011624995116876312 0.00016189077228091973 0.001158941008510861 0.0082973768122616611 -0.0037644645995814742 0.0056301481917525771 -0.0038394099322313249 0.013970210255107741 0.011262494714780602 -0.00026906097517887391 -0.0021986420660489339
leaf_weight=32 20 29 1406 22 32 75 23 25 36 38 37 22 28 44 21 43 34 21 20 26 64 146 37 106 391 69 84 32 480 83
leaf_count=32 20 29 1406 22 32 75 23 25 36 38 37 22 28 44 21 43 34 21 20 26 64 146 37 106 391 69 84 32 480 83
internal_value=8.50822e-05 0.000299581 -9.82962e-05 -0.00355362 0.00177165 0.00454545 -0.0037234 -0.00560606 0.00201422 0.00605263 0.00966667 -0.0060219 -0.014 -0.00285714 0.000520833 0.00433333 -0.00424107 -0.00205882 -0.0111111 -0.00563063 -0.00264706 -0.000142857 0.00466102 0.000424368 0.00154618 -0.00241313 0.00147059 0.00258621 0.000390625 0.00495781
internal_weight=3526 3338 3052 401 127 286 188 165 211 95 75 274 50 140 96 75 224 170 54 111 85 175 59 2651 1245 259 153 986 512 474
internal_count=3526 3338 3052 401 127 286 188 165 211 95 75 274 50 140 96 75 224 170 54 111 85 175 59 2651 1245 259 153 986 512 474
is_linear=0
shrinkage=0.05


Tree=133
num_leaves=31
num_cat=0
split_feature=27 27 18 12 51 26 12 14 16 51 26 17 20 20 12 45 26 9 26 0 13 16 27 49 36 13 9 2 51 0
split_gain=1.34063 3.34209 2.29467 1.92826 2.1821 2.36404 1.95625 1.59833 2.20889 2.86091 1.63969 1.57931 1.88156 2.25481 1.66144 1.48196 1.20459 1.13077 1.13044 1.06545 1.54263 1.75782 1.55018 1.52758 1.43294 1.40739 1.88239 1.89324 2.85187 1.82922
threshold=-0.60469999909400929 -0.68510001897811879 0.50988268852233898 0.93976867198944103 -0.67550000548362721 -0.88975000381469715 0.45598541200160986 0.22916666418313983 0.38000001013278967 -0.17650000005960462 -0.27124999463558191 0.45833332836627966 -2.4910000562667842 -7.4089999198913565 4.3605179786682138 2.0400834083557133 -10.057250022888182 0.17762529850006106 2.5117499828338627 0.85999998450279247 -0.78733333945274342 1.4200000166893008 0.89395001530647289 1.0000000180025095e-35 -3.1537500619888301 -0.058000000193715089 1.0793727040290835 0.18666666746139529 2.1265000104904179 0.21999999880790713
decision_type=2 2 2 2 2 2 2 2 2 2 2 2 2 2 2 2 2 2 2 2 2 2 2 2 2 2 2 2 2 2
left_child=1 3 -3 4 5 17 15 11 9 -9 -10 12 13 16 18 -6 -5 -1 -14 24 22 -22 23 -21 -2 26 27 28 -26 -29
right_child=19 2 -4 7 6 -7 -8 8 10 -11 -12 -13 14 -15 -16 -17 -18 -19 -20 20 21 -23 -24 -25 25 -27 -28 29 -30 -31
leaf_value=-0.03011637421478738 0.018137021691169087 -0.00081692068656579126 -0.016619602204783448 0.0039678478249238315 -0.00086805403723686783 0.00099459353305979552 0.0079545066529440687 0.035213003651350175 -0.0037008602874174673 -0.0026468397825820931 0.0033324706176507349 0.0053557348424226742 -0.031869161043743287 0.0056138715974007828 -0.00033375768008370074 0.035641908954921989 -0.018224820318340652 -0.00010090933862286775 -0.023626677744706528 -0.0011302630204910347 0.0044784508939692625 -0.005486734920956993 0.015933511388872178 -0.036278334444257224 -0.00073775287608355243 0.00061106545529166173 -0.0013422750612680902 0.0027129086524020022 -0.011347499586818834 -0.00014272662804764026
leaf_weight=39 21 38 33 23 41 42 38 42 54 20 20 20 61 21 40 27 21 26 23 55 193 56 20 20 176 754 27 107 21 1447
leaf_count=39 21 38 33 23 41 42 38 42 54 20 20 20 61 21 40 27 21 26 23 55 193 56 20 20 176 754 27 107 21 1447
internal_value=-1.41804e-05 -0.00210652 -0.0123239 -0.000806452 0.00293427 -0.0021028 0.00801887 -0.00311594 0.00110294 0.00806452 -0.00472973 -0.00586124 -0.00727513 -0.000384615 -0.0108871 0.00294118 -0.00681818 -0.00807692 -0.014881 0.00044011 0.00305233 0.00512048 -0.00236842 -0.00566667 8.81316e-05 -1.97472e-05 -0.000787402 -0.00058538 -0.00520305 0
internal_weight=3526 629 71 558 213 107 106 345 136 62 74 209 189 65 124 68 44 65 84 2897 344 249 95 75 2553 2532 1778 1751 197 1554
internal_count=3526 629 71 558 213 107 106 345 136 62 74 209 189 65 124 68 44 65 84 2897 344 249 95 75 2553 2532 1778 1751 197 1554
is_linear=0
shrinkage=0.05


Tree=134
num_leaves=31
num_cat=0
split_feature=26 26 53 51 45 51 12 44 14 11 53 11 45 26 10 51 4 28 14 16 53 6 50 9 35 10 0 5 5 9
split_gain=1.12768 2.77018 1.57908 1.8285 1.28682 1.65479 3.03509 1.62333 2.06904 1.68276 1.42213 1.37061 1.30435 1.21232 1.18024 1.16371 1.74531 1.36723 1.09827 1.00746 1.15885 0.994842 0.977415 1.11734 2.37432 0.967236 1.98451 2.53959 2.14214 2.00776
threshold=3.9375000000000004 2.4217499494552617 -0.32400000095367426 0.62950000166893016 0.63574999570846569 2.0224999189376835 5.1558103561401376 -10.499999999999998 0.32916666567325598 0.032113660126924522 1.9520000219345095 0.18819788098335269 0.77583333849906932 2.1422499418258671 -9.8317570686340314 -1.8759999871253965 0.38000001013278967 2.9948999881744389 0.14583333581686023 0.25999999791383749 1.9520000219345095 0.90000000596046459 1.0000000180025095e-35 0.15999624133110049 1.3309999704360964 -9.0316057205200178 0.4200000017881394 0.075000001117587103 1.0000000180025095e-35 0.19948085397481921
decision_type=2 2 2 2 2 2 2 2 2 2 2 2 2 2 2 2 2 2 2 2 2 2 2 2 2 2 2 2 2 2
left_child=1 4 -2 -4 5 10 18 14 9 12 13 -10 -9 25 -6 -3 17 -17 -7 -11 -21 -5 23 -14 -25 -1 27 -27 -28 -29
right_child=2 15 3 21 7 6 -8 8 11 19 -12 -13 22 -15 -16 16 -18 -19 -20 20 -22 -23 -24 24 -26 26 28 29 -30 -31
leaf_value=-0.00018856851587095713 -0.028205313228460285 -0.006983798368362948 0.0090824517508072411 0.00065013068412073918 -0.025101028446140213 -7.1011762121979405e-05 0.010930557731154734 0.046014976611070596 -0.0058262611220212205 0.030725297080765237 0.011669320551640834 0.0010040661624350301 -0.013221743564289935 -0.018431956843575625 0.0032241444270800558 0.013152893191984968 0.01500151981324287 -0.0027097200229476426 -0.0080453258477299946 2.9887947902040858e-06 0.020652510912048973 -0.0038383776544468288 0.024399999456001287 0.030193488715005341 -0.017335487144274374 0.017659405134553975 -0.041045910587463076 9.9939472695202709e-06 0.0008213855060083524 0.016376928761183875
leaf_weight=2323 43 22 36 35 32 20 22 23 34 24 41 21 38 20 43 32 31 27 47 27 38 39 26 31 20 41 31 156 168 35
leaf_count=2323 43 22 36 35 32 20 22 23 34 24 41 21 38 20 43 32 31 27 47 27 38 39 26 31 20 41 31 156 168 35
internal_value=0.000113443 0.000303884 -0.00408497 -0.000909091 3.83318e-05 -0.000309917 -0.00702247 0.00287115 0.00460993 0.00671806 -9.76909e-05 -0.00409091 0.00326087 -0.000234319 -0.00366667 0.00803571 0.0105556 0.00550847 -0.0123134 0.0120787 0.00884615 -0.00540541 0.00108696 -0.00140449 0.00343137 -0.000145243 0.00203016 0.00517241 -0.00163317 0.00274869
internal_weight=3526 3373 153 110 3261 2904 89 357 282 227 2815 55 138 2774 75 112 90 59 67 89 65 74 115 89 51 2754 431 232 199 191
internal_count=3526 3373 153 110 3261 2904 89 357 282 227 2815 55 138 2774 75 112 90 59 67 89 65 74 115 89 51 2754 431 232 199 191
is_linear=0
shrinkage=0.05


Tree=135
num_leaves=31
num_cat=0
split_feature=0 44 27 14 2 14 18 37 53 21 18 5 37 14 27 18 26 18 51 37 18 26 45 50 26 26 50 37 13 37
split_gain=2.10239 4.82181 2.54124 2.48544 2.27688 2.55742 2.72565 2.7053 2.52276 2.14234 1.94365 1.91025 3.11407 1.85496 3.17979 1.84425 2.5765 1.75672 2.3128 1.77806 2.33897 2.00051 2.40432 2.14483 1.67404 1.65474 1.58129 1.51534 3.38935 2.25063
threshold=0.38000001013278967 -3.4999999999999996 -0.5876999795436858 0.22916666418313983 0.18666666746139529 0.39583334326744085 0.51379999518394481 -0.34205000102519983 -1.0834999680519102 -0.083750002086162553 0.55301588773727428 0.52500000596046459 -0.0186999998986721 0.27083334326744085 0.068849999457597746 0.46417459845542913 -0.30200000107288355 0.59384918212890636 1.6420000195503237 -0.51979997754096974 0.52114614844322216 0.8674999773502351 0.25058333575725561 1.0000000180025095e-35 1.0000000180025095e-35 0.14775000512599948 1.0000000180025095e-35 -0.88210001587867726 -0.18999999761581418 -0.25789999961853022
decision_type=2 2 2 2 2 2 2 2 2 2 2 2 2 2 2 2 2 2 2 2 2 2 2 2 2 2 2 2 2 2
left_child=1 3 27 15 17 6 8 -7 -6 -10 -5 12 -11 14 -8 -1 -17 18 19 -3 21 22 23 -21 -24 -20 -4 28 -2 -29
right_child=2 4 26 10 5 7 13 -9 9 11 -12 -13 -14 -15 -16 16 -18 -19 25 20 -22 -23 24 -25 -26 -27 -28 29 -30 -31
leaf_value=0.00042990140753977786 0.013808998824576219 -0.0028821758759769679 0.00011058577112703464 -0.019916243361600874 -0.015135401814524663 0.0004771585277522611 0.014835822888052352 -0.0040349903242219067 0.015444257358307265 0.021289520568664712 -0.00082848309057451672 -0.0020543720056775297 -0.0010414804727291395 0.037328368273396015 -0.0081140540104021781 0.00050578624100375833 -0.0074147563038769685 0.0011904891299366464 -0.011918139843966009 -0.0017950919220730166 -0.005233688878309173 0.0058079599319820685 0.00080243596603879475 0.00087126074512741474 0.005059522233006159 -0.0010489602876756821 0.0023866396235842262 -0.01704442271647675 -0.0051219863472249071 -0.0015712701574332633
leaf_weight=103 40 86 1140 74 37 29 21 31 64 37 20 67 69 48 20 37 70 41 33 100 39 26 39 87 22 60 684 50 41 259
leaf_count=103 40 86 1140 74 37 29 21 31 64 37 20 67 69 48 20 37 70 41 33 100 39 26 39 87 22 60 684 50 41 259
internal_value=4.31779e-05 -0.0015873 0.000971093 -0.00707237 0.000156904 0.00289598 0.00447658 -0.00666667 0.0020073 0.00390295 -0.0138298 0.00101156 0.00518868 0.0120787 0.00426829 -0.00404762 -0.00864486 -0.00201689 -0.00284553 -0.00119048 0.000559105 0.00218978 0.000806452 -0.00200535 0.00942623 -0.00994624 0.00175439 -0.00269231 0.00339506 -0.00428803
internal_weight=3474 1260 2214 304 956 423 363 60 274 237 94 173 106 89 41 210 107 533 492 399 313 274 248 187 61 93 1824 390 81 309
internal_count=3474 1260 2214 304 956 423 363 60 274 237 94 173 106 89 41 210 107 533 492 399 313 274 248 187 61 93 1824 390 81 309
is_linear=0
shrinkage=0.05


Tree=136
num_leaves=31
num_cat=0
split_feature=26 0 44 2 14 37 18 27 14 18 27 51 21 35 18 18 45 18 51 51 11 53 11 18 37 35 26 14 37 14
split_gain=1.87777 1.76629 2.6531 2.09228 2.11749 2.59546 2.10587 2.21133 2.34113 1.9968 1.99318 1.91613 2.19791 2.09721 1.81914 2.90577 1.82363 1.67828 1.9225 1.65977 2.18249 1.41603 1.41214 1.40423 1.4299 1.73989 1.38849 1.3389 1.83691 2.2568
threshold=10.969000339508058 0.38000001013278967 -3.4999999999999996 0.18666666746139529 0.39583334326744085 -0.34205000102519983 0.51379999518394481 0.068849999457597746 0.27083334326744085 0.24374999850988391 -0.5876999795436858 -0.94749999046325672 -0.1068500019609928 1.3075000047683718 0.46417459845542913 0.59525185823440563 0.25750000774860388 0.59384918212890636 1.5975000262260439 1.0024999976158144 0.022286840714514259 -4.1494998931884757 0.017716239206492904 0.29244443774223333 0.32015000283718115 0.26850000023841863 0.14775000512599948 0.22916666418313983 0.48839999735355383 0.13750000298023227
decision_type=2 2 2 2 2 2 2 2 2 2 2 2 2 2 2 2 2 2 2 2 2 2 2 2 2 2 2 2 2 2
left_child=1 2 9 17 6 -6 11 -8 -9 -1 21 -5 -13 19 16 22 -11 18 23 20 -14 -3 -16 -4 25 -25 -20 28 29 -23
right_child=-2 10 3 4 5 -7 7 8 -10 14 -12 12 13 -15 15 -17 -18 -19 26 -21 -22 27 -24 24 -26 -27 -28 -29 -30 -31
leaf_value=-0.020092606396165991 0.004796524289866301 0.001631766195900386 0.00059273469013106518 -0.0092367611096231921 0.00045330060136464793 -0.0038452890144310271 0.035345751703966068 -0.0077083513098820666 0.029938767841758581 0.0012458475564305913 0.00047382317117261618 0.013201876302126237 0.00082227739279938184 -0.017901552224380612 -0.018635654540236364 0.00035607001137832054 -0.015740045843552802 0.0012097879525917871 -0.012817605934491567 0.009256652026486744 -0.018634832209059433 0.0026923765233835442 -0.013491057092935825 -0.00067019997871208274 -0.0031285174024366564 0.0042827646520516406 -0.00099651227329189819 0.00023921905744689331 -0.0076505203943339241 -0.018592044176963564
leaf_weight=29 34 120 106 46 29 30 45 20 22 79 1811 55 66 22 83 38 44 40 34 58 21 53 29 203 53 27 60 97 63 57
leaf_count=29 34 120 106 46 29 30 45 20 22 79 1811 55 66 22 83 38 44 40 34 58 21 53 29 203 53 27 60 97 63 57
internal_value=7.19632e-05 -4.36047e-05 -0.00155367 -0.000240128 0.00241546 -0.00635593 0.00387324 0.0106322 0.00238095 -0.00562914 0.000806452 0.0016791 0.0036036 0.000748503 -0.00430403 -0.008 0.000203252 -0.00234226 -0.00315735 0.00293103 -0.00143678 -0.0024359 -0.0120536 -0.00160668 -0.00344523 -0.00173913 -0.00957447 -0.00444444 -0.00708092 -0.00318182
internal_weight=3474 3440 1239 937 414 59 355 87 42 302 2201 268 222 167 273 150 123 523 483 145 87 390 112 389 283 230 94 270 173 110
internal_count=3474 3440 1239 937 414 59 355 87 42 302 2201 268 222 167 273 150 123 523 483 145 87 390 112 389 283 230 94 270 173 110
is_linear=0
shrinkage=0.05


Tree=137
num_leaves=31
num_cat=0
split_feature=26 18 16 20 10 37 18 50 12 27 13 53 53 36 1 2 12 18 21 22 44 36 12 26 53 13 11 26 18 26
split_gain=1.84555 1.70247 2.6804 2.56555 2.2096 2.29801 2.12165 2.0156 2.30149 2.20908 2.42695 1.97532 1.93422 2.55105 2.2652 2.03196 2.73128 2.26917 2.05109 1.97037 1.86556 1.86385 1.85524 2.05334 1.84255 3.00542 1.82751 1.80802 1.67327 1.65904
threshold=10.969000339508058 0.59384918212890636 0.25999999791383749 -0.60424998402595509 -11.286807537078856 0.088899999856948866 0.59042423963546764 2.5000000000000004 2.3164778947830205 -2.1948499679565425 3.4599999189376835 0.66600000858306896 2.6039999723434453 -1.9188500046730039 0.47499999403953558 0.58933332562446605 5.0589334964752206 0.1872857138514519 0.62465000152587902 1.7107499837875368 -11.499999999999998 2.9895000457763676 2.9907408952713017 0.12375000119209291 0.043500000610947616 -0.46999999880790705 0.3793362975120545 0.74549999833107006 0.22093518823385241 0.11274999752640726
decision_type=2 2 2 2 2 2 2 2 2 2 2 2 2 2 2 2 2 2 2 2 2 2 2 2 2 2 2 2 2 2
left_child=1 6 3 -3 5 -5 7 8 21 10 -10 -6 13 -11 -14 17 18 20 26 22 -15 -1 23 -19 27 -26 -17 -4 -24 -27
right_child=-2 2 24 4 11 -7 -8 -9 9 12 -12 -13 14 15 -16 16 -18 19 -20 -21 -22 -23 28 -25 25 29 -28 -29 -30 -31
leaf_value=0.00013936144846219274 0.0045566980753729861 0.012140209880519715 -0.00059573836237915019 0.00016821530861837054 -0.0099048133571911692 0.0087288207534301394 -0.017265145150651747 0.0017433537000711042 -0.015406951285100907 0.0056290473204003225 0.0049974920056786061 0.010499437481950147 -0.0030083160887619466 -0.0027660594548312325 0.0039026977905567911 0.0066907513850786695 -0.0069528719020106296 -0.0015838397889980428 0.013930097554485647 -0.015014602988941226 0.022972151175464445 0.036942517072363304 -0.0052051238580734351 -0.014253601504288504 0.013254107045266984 -0.0033352865103466346 -0.014602730042213949 -0.020948871884811128 -0.00029524244727998559 0.0011151786675028933
leaf_weight=1334 34 77 258 39 70 31 25 114 50 23 31 40 23 23 98 78 23 97 32 50 24 24 37 43 20 26 54 34 564 98
leaf_count=1334 34 77 258 39 70 31 25 114 50 23 31 40 23 23 98 78 23 97 32 50 24 24 37 43 20 26 54 34 564 98
internal_value=0.000172712 5.81395e-05 0.00227273 0.00632296 0.00305556 0.01 -0.000500546 -0.000367377 -0.00065184 -0.0022 -0.0101852 -0.00136364 -0.00164671 -0.00233779 0.00433884 -0.00270732 0.00200535 -0.00375895 0.00426829 -0.00439317 0.00691489 0.000773196 -0.00374494 -0.00892857 -0.000114679 0.00451389 0.00151515 -0.00239726 -0.00253744 0.0016129
internal_weight=3474 3440 693 257 180 70 2747 2722 2608 1250 81 110 1169 1048 121 1025 187 838 164 791 47 1358 741 140 436 144 132 292 601 124
internal_count=3474 3440 693 257 180 70 2747 2722 2608 1250 81 110 1169 1048 121 1025 187 838 164 791 47 1358 741 140 436 144 132 292 601 124
is_linear=0
shrinkage=0.05


Tree=138
num_leaves=31
num_cat=0
split_feature=26 50 4 13 51 4 53 37 51 22 51 37 35 9 9 17 13 0 53 27 27 37 37 13 46 35 10 26 37 51
split_gain=1.86854 1.48814 1.22423 2.13684 2.95314 2.76017 2.42986 1.73889 1.61482 1.5565 1.72437 1.70842 1.8003 2.11545 1.68433 1.62505 1.63716 2.92943 1.67447 1.50102 1.49917 1.40537 3.074 2.00617 2.30353 2.21867 1.83852 1.73766 1.65219 1.536
threshold=10.969000339508058 2.5000000000000004 0.34000000357627874 -0.058000000193715089 -2.0384999513626094 0.1799999997019768 2.6039999723434453 -2.0848500728607173 2.9129999876022343 0.034600000828504569 -1.2574999928474424 0.22534999996423724 -2.3267500400543208 0.19673198461532596 0.43128676712512976 0.12500000372529033 -0.1268571466207504 0.21999999880790713 1.3529999852180483 0.068849999457597746 0.015949999913573269 1.4723500013351443 0.89265000820159923 -0.2357777804136276 0.44716666638851171 -0.48950000107288355 -8.9166851043701154 -0.10775000229477881 -0.17965000122785565 0.12900000065565112
decision_type=2 2 2 2 2 2 2 2 2 2 2 2 2 2 2 2 2 2 2 2 2 2 2 2 2 2 2 2 2 2
left_child=1 2 3 4 -1 9 8 -7 -5 10 -6 12 -12 -14 -15 -11 -17 18 20 -8 -18 22 23 24 26 -25 -9 -23 -27 -30
right_child=-2 -3 -4 6 5 7 19 21 -10 15 11 -13 13 14 -16 16 17 -19 -20 -21 -22 27 -24 25 -26 28 -28 -29 29 -31
leaf_value=-0.017669410040538493 0.0043288631716043363 0.0015420343378527825 0.00030419358197802065 0.00014178485370050509 -0.018337560522995382 0.010434776458157859 0.023029581364684221 -0.00048206427353298769 -0.0062253757032483641 -0.0079530194749377371 0.010665657950248108 0.0049397515018318357 -0.0002599368697704249 -0.0089355482005251327 -0.00034506346947847622 -0.0083067729881530199 -0.00206514838530531 0.0080366295636228602 -0.0052592151293587748 0.0029433361431696185 0.002139898377808383 0.012762950349558655 -0.011120696030179081 -0.0012172054854218365 -0.040024776966495673 0.022494713318296146 0.00055977782284625805 0.00054442435818123625 0.0018852982626183235 -0.00069993455128853634
leaf_weight=95 34 138 1434 577 21 47 23 176 24 29 32 21 169 33 26 91 33 57 25 42 20 25 44 48 25 23 21 59 40 42
leaf_count=95 34 138 1434 577 21 47 23 176 24 29 32 21 169 33 26 91 33 57 25 42 20 25 44 48 25 23 21 59 40 42
internal_value=0.000100748 -1.45349e-05 -0.000227135 -0.00107066 -0.00232945 -0.00160343 0.0012012 0.000909091 0.000207987 -0.00408438 -0.00165563 -0.000622776 -0.00173077 -0.00328947 -0.0114407 -0.00696078 -0.00553097 -0.00203704 -0.00833333 0.0103846 -0.00330189 4.97018e-05 -0.00113365 0.000333333 -0.0027027 0.00473856 -0.000888325 0.00595238 0.00880952 0.0054878
internal_weight=3474 3440 3302 1868 1202 1107 666 550 601 557 302 281 260 228 59 255 226 135 78 65 53 503 419 375 222 153 197 84 105 82
internal_count=3474 3440 3302 1868 1202 1107 666 550 601 557 302 281 260 228 59 255 226 135 78 65 53 503 419 375 222 153 197 84 105 82
is_linear=0
shrinkage=0.05


Tree=139
num_leaves=31
num_cat=0
split_feature=26 50 12 12 50 3 22 20 0 36 0 10 44 12 5 2 56 12 3 18 13 36 56 45 10 22 4 10 36 10
split_gain=1.80454 1.37146 2.22507 1.22248 2.43 2.1435 2.10281 2.10125 1.77163 2.00144 1.69986 2.35958 4.24619 2.3677 2.34663 2.2871 2.18459 2.1478 1.87146 2.05156 1.64527 1.62812 1.98707 2.36593 2.24617 2.19848 2.309 2.98219 2.24513 1.86731
threshold=10.969000339508058 2.5000000000000004 4.6300234794616708 0.85510832071304332 1.0000000180025095e-35 0.49050766229629522 -0.076950002461671815 0.75374999642372142 0.74000000953674328 0.1678000018000603 0.4200000017881394 -10.173263549804686 -1.4999999999999998 2.3164778947830205 0.075000001117587103 0.14355555921792987 1.153999984264374 5.4141719341278085 0.23068684339523318 0.42442539334297186 -0.22000000625848767 -1.4078999757766721 0.67749997973442089 1.219583332538605 -9.2419400215148908 -0.11329999938607214 0.34000000357627874 -10.125169754028319 -0.61680001020431507 -8.9912037849426252
decision_type=2 2 2 2 2 2 2 2 2 2 2 2 2 2 2 2 2 2 2 2 2 2 2 2 2 2 2 2 2 2
left_child=1 3 -3 4 6 10 8 -7 9 -1 11 18 14 -14 -13 -15 -16 -17 19 -5 -18 -6 24 29 25 26 -23 -28 -27 -24
right_child=-2 2 -4 5 21 7 -8 -9 -10 -11 -12 12 13 15 16 17 20 -19 -20 -21 -22 22 23 -25 -26 28 27 -29 -30 -31
leaf_value=-0.00089826168245764066 0.0041124200130241203 0.00033806263129878005 0.0096026593975126317 0.00035474119765928835 -0.0052087866404189227 -0.030402193327446883 -0.00058694815450598408 0.00349393348535687 0.014388056543215533 0.010064451743357752 0.0001736918135860648 -0.028172980806814182 0.0046312910518448392 -0.0013066600409047939 -0.0051426162505729209 -0.00020389289086870431 0.0050060780777806463 0.032339962140414548 0.00096871391641958904 -0.0027741032326757003 -0.0015604405869584699 -0.002190018044909725 -0.023729135562425667 0.056154568223249358 0.0095086284221593438 0.014265020084732218 -0.016644112086017817 0.011821681867483794 0.0052995318123521436 -0.00050312838847790255
leaf_weight=69 34 104 34 92 51 50 805 23 29 35 1069 60 43 90 127 78 23 29 104 60 44 44 22 26 79 20 26 68 89 47
leaf_count=69 34 104 34 92 51 50 805 23 29 35 1069 60 43 90 127 78 23 29 104 60 44 44 22 26 79 20 26 68 89 47
internal_value=0.000302245 0.000188953 0.00507246 -1.51423e-05 0.00109929 -0.000845666 -0.000373134 -0.00924658 0.00545113 0.00240385 -0.000508521 -0.00233333 -0.00435223 0.000416667 -0.00885827 -0.00190355 -0.00618557 0.00303738 0.0015625 -0.00197368 0.0011194 0.00402542 0.00504751 -0.00131579 0.00690184 0.00455466 0.000362319 0.00478723 0.00986239 -0.00615942
internal_weight=3474 3440 138 3302 1410 1892 938 73 133 104 1819 750 494 240 254 197 194 107 256 152 67 472 421 95 326 247 138 94 109 69
internal_count=3474 3440 138 3302 1410 1892 938 73 133 104 1819 750 494 240 254 197 194 107 256 152 67 472 421 95 326 247 138 94 109 69
is_linear=0
shrinkage=0.05


Tree=140
num_leaves=31
num_cat=0
split_feature=14 22 56 10 21 21 51 50 46 27 20 27 53 56 2 22 13 16 2 16 46 13 8 13 3 53 51 26 27 8
split_gain=1.12582 1.97348 1.54353 1.99537 1.24402 1.16219 1.19775 1.6891 3.32646 2.25188 1.93015 1.91305 1.71867 1.42166 1.61852 1.37351 1.86709 1.61897 1.47829 1.75049 1.63588 1.54232 1.4619 1.37701 1.30245 1.28165 1.75989 1.28 1.27804 1.7578
threshold=0.41249999403953558 0.14675000309944156 0.035000000149011619 -9.2808179855346662 2.5601999759674077 2.2192000150680546 -3.845999956130981 1.0000000180025095e-35 -0.5129999816417693 1.4339500069618227 -0.43649999797344202 1.2038499712944033 -2.5314999818801875 1.6819999814033511 0.27400000393390661 -1.3738000392913816 3.4599999189376835 0.25999999791383749 0.90599998831748974 0.85999998450279247 0.034666666761040694 -0.63977777957916249 0.83333334326744091 -0.75177779793739308 0.19831921160221103 -2.9040000438690181 -2.7215000391006465 -0.48224999010562891 0.63839998841285717 0.76666668057441723
decision_type=2 2 2 2 2 2 2 2 2 2 2 2 2 2 2 2 2 2 2 2 2 2 2 2 2 2 2 2 2 2
left_child=4 2 3 -2 5 6 15 25 10 11 -9 12 24 28 -15 16 -1 -18 19 22 -21 23 -17 27 -10 -8 -27 -20 -14 -30
right_child=1 -3 -4 -5 -6 -7 7 8 9 -11 -12 -13 13 14 -16 18 17 -19 21 20 -22 -23 -24 -25 -26 26 -28 -29 29 -31
leaf_value=-0.010595901834332802 0.00013892642566290414 -0.008093198038824646 0.00091423782509876821 -0.0072604980380914785 -0.0011826790541048502 0.0091763494957060928 -0.011639738553891665 0.013010298582183766 0.0003196420701391256 -0.0067735681876050224 0.033828682025389842 0.0040438671638653228 0.00047853170955927953 -0.014303460848252365 0.00084700486055412367 -0.0097198429319405154 0.040569971557437114 -0.042384874547202328 0.013474629928727069 0.012391480386653074 -0.0003147540330367252 0.014133359027109492 -0.031445964698927284 -0.029549645634956479 0.02161681917720213 0.010471505692904724 1.2697570604286447e-05 -0.017276359084074766 0.010227996555315989 0.0059611013516765766
leaf_weight=76 28 25 21 23 130 23 59 31 34 25 37 20 797 29 21 44 22 23 25 22 23 34 24 23 69 31 1683 25 21 50
leaf_count=76 28 25 21 23 130 23 59 31 34 25 37 20 797 29 21 44 22 23 25 22 23 34 24 23 69 31 1683 25 21 50
internal_value=0.000414523 -0.00489691 -0.000694444 -0.00539216 0.00056601 0.000756649 0.00067734 0.00100619 0.00251323 0.00182927 0.0132353 0.0021854 0.00188541 0.00119826 -0.007 -0.0021261 -0.00640496 0.00166667 0.000227273 -0.00376106 0.00388889 0.00443925 -0.00882353 0.000342466 0.00800971 4.23012e-05 0.000291715 0.005 0.00167051 0.00809859
internal_weight=3498 97 72 51 3401 3271 3248 2907 1134 1066 68 1041 1021 918 50 341 121 45 220 113 45 107 68 73 103 1773 1714 50 868 71
internal_count=3498 97 72 51 3401 3271 3248 2907 1134 1066 68 1041 1021 918 50 341 121 45 220 113 45 107 68 73 103 1773 1714 50 868 71
is_linear=0
shrinkage=0.05


Tree=141
num_leaves=31
num_cat=0
split_feature=45 56 45 10 18 18 10 11 11 35 20 18 14 11 44 0 2 18 9 3 10 46 20 46 12 5 10 35 10 22
split_gain=1.00071 1.00343 1.05908 0.932395 1.01739 0.869718 1.73788 1.62145 2.42251 2.59892 1.98413 1.71535 2.01354 1.98492 1.65362 1.88904 1.80616 1.76074 2.31212 2.1761 2.28992 1.74933 2.22903 1.77567 2.43144 1.6615 1.79793 1.63257 2.74766 1.59386
threshold=5.9854166507720956 8.5219998359680194 3.9916666746139531 -17.922778129577633 0.50314998626708995 0.50206348299980175 -13.379331588745115 -0.076079230755567537 -0.0034753821091726418 0.86024999618530285 1.8575000166893008 0.59384918212890636 0.054166667163372047 -0.15158839523792264 -19.499999999999996 0.74000000953674328 0.75083333253860485 0.59384918212890636 0.13468468189239505 0.12671032547950747 -9.3994007110595685 -0.028833332471549507 -1.2267499566078184 0.080166663974523558 1.7101047635078432 0.32500000298023229 -10.017212867736815 -0.21925000101327893 -9.6454305648803693 0.29529999196529394
decision_type=2 2 2 2 2 2 2 2 2 2 2 2 2 2 2 2 2 2 2 2 2 2 2 2 2 2 2 2 2 2
left_child=1 2 3 4 -1 -5 -7 11 9 -9 -11 12 -8 29 -10 16 17 18 -16 -19 27 22 -20 24 -23 -25 -27 -21 -29 -14
right_child=-2 -3 -4 5 -6 6 7 8 14 10 -12 -13 13 -15 15 -17 -18 19 21 20 -22 23 -24 25 -26 26 -28 28 -30 -31
leaf_value=-0.055596712595842569 -0.0064239180499079595 0.0024518125306222469 -0.0047338555544164558 0.00039100275787276942 1.7654506751982757e-05 0.00038948610374123411 -0.19170962073889919 0.0050001340531849727 -0.032234591705129483 -0.011894547021695257 0.0027943942186811292 1.2062692074071846e-05 0.0063139942290243584 -0.019824138022748738 -0.0058628327509327232 0.0017353516417351195 -0.021228853614165613 0.0022216136576951682 0.011293266863498753 0.0070331127389477999 -0.0029520096675316331 0.00037193528490696661 -0.00024876072228640142 -0.005104268215302449 -0.0089629694873122941 -0.0028050511992046417 0.0081801807502896486 -0.0041592118159567652 0.0046732614191005734 -0.0048882313905319573
leaf_weight=20 28 32 21 1780 26 156 26 182 29 28 35 91 24 37 85 237 48 20 27 59 94 34 96 39 47 20 42 75 32 28
leaf_count=20 28 32 21 1780 26 156 26 182 29 28 35 91 24 37 85 237 48 20 27 59 94 34 96 39 47 20 42 75 32 28
internal_value=0.000485992 0.00056196 0.00047993 0.000548727 -0.00652174 0.000645209 -0.000204274 -0.000749129 -6.10252e-05 0.00438776 -0.00436508 -0.00485437 -0.00891304 -0.00533708 -0.0011687 -0.000811518 -0.00208914 -0.00141791 -0.00358974 0.00160714 0.000384615 -0.00155738 0.00304878 -0.00467033 -0.0101852 -0.000247525 0.00483871 0.00391566 0.000233645 0.000961538
internal_weight=3498 3470 3438 3417 46 3371 1591 1435 1229 245 63 206 115 89 984 955 718 670 390 280 260 305 123 182 81 101 62 166 107 52
internal_count=3498 3470 3438 3417 46 3371 1591 1435 1229 245 63 206 115 89 984 955 718 670 390 280 260 305 123 182 81 101 62 166 107 52
is_linear=0
shrinkage=0.05


Tree=142
num_leaves=31
num_cat=0
split_feature=10 22 53 10 17 22 16 11 11 4 7 11 3 9 44 56 0 44 35 5 35 51 9 44 27 13 11 9 37 46
split_gain=0.911902 0.943317 1.36016 1.01847 1.4018 2.55751 2.18319 2.00054 2.28957 1.58782 2.64543 3.24358 3.03745 2.31422 2.54157 3.44223 3.20004 2.53043 2.23108 2.13169 2.04996 3.42318 2.03179 1.89435 2.20819 1.83493 1.75058 1.68686 1.62165 1.70526
threshold=-17.922778129577633 -8.7708501815795881 -0.27950000762939448 -12.828595161437987 0.20833333581686023 -2.6433000564575191 0.4200000017881394 -0.50836786627769459 -1.3679187297821043 0.1799999997019768 1.0000000180025095e-35 0.060744781047105796 0.3007341623306275 0.11238873749971391 -1.4999999999999998 -0.23750000447034833 0.4200000017881394 -4.4999999999999991 0.44949999451637274 0.32500000298023229 -2.0697499513626094 -3.1184999942779537 0.19289790093898776 -10.499999999999998 -0.12975000590085981 -0.025833333842456337 -0.015618027187883852 0.10326733440160753 -0.98734998703002919 -0.14216666668653485
decision_type=2 2 2 2 2 2 2 2 2 2 2 2 2 2 2 2 2 2 2 2 2 2 2 2 2 2 2 2 2 2
left_child=-1 2 -2 -3 5 -5 -7 8 -6 13 20 -12 23 27 16 -16 17 -15 25 22 21 -11 -18 -13 -25 -17 -19 -9 -22 -30
right_child=1 3 -4 4 7 6 -8 9 -10 10 11 12 -14 14 15 18 19 26 -20 -21 28 -23 -24 24 -26 -27 -28 -29 29 -31
leaf_value=-0.0009240565923490867 -0.00024072388616455163 0.00023550618407506562 -0.0017955911285965965 0.016788257399005243 -0.026131240814735685 -0.00029686203293964293 -0.027567106481928356 0.0002496732831758247 0.012969559168936586 -0.030575471544771717 -0.031201704705576861 -0.021300446780469148 0.015739247075721673 -0.02776462827876516 -0.002711484355019827 0.014332328799289834 0.016371026051826384 0.0032047463425290746 -0.0022968590635545683 -0.0068909788264350904 0.0088760823057423607 0.0099759250333902108 -0.00075646889243191108 0.013634490871903875 -0.007407265830977814 0.0027522891793684678 -0.0048573902394550839 0.005458548472402177 0.0043466689696856579 0.00066741668020890157
leaf_weight=46 61 399 27 43 20 1130 38 282 33 20 31 21 25 47 47 31 31 23 57 27 113 31 22 20 21 82 75 28 148 519
leaf_count=46 61 399 27 43 20 1130 38 282 33 20 31 21 25 47 47 31 31 23 57 27 113 31 22 20 21 82 75 28 148 519
internal_value=0.000471698 0.00056489 -0.00454545 0.000698573 0.000379427 -0.000928984 -0.00136986 0.00128278 0.0108491 0.000984715 0.00234457 -0.00466102 0.000287356 -0.000731383 -0.0030543 0.000806452 -0.00677778 -0.0112069 0.00411765 0.00125 0.00333935 -0.00637255 0.00707547 -0.00564516 0.000609756 0.00818584 -0.00663265 0.00258065 0.00397436 0.00303598
internal_weight=3498 3452 88 3364 2965 1211 1168 1754 53 1701 949 118 87 752 442 217 225 145 170 80 831 51 53 62 41 113 98 310 780 667
internal_count=3498 3452 88 3364 2965 1211 1168 1754 53 1701 949 118 87 752 442 217 225 145 170 80 831 51 53 62 41 113 98 310 780 667
is_linear=0
shrinkage=0.05


Tree=143
num_leaves=31
num_cat=0
split_feature=14 9 9 27 27 45 12 26 22 1 26 51 0 14 27 20 44 8 27 45 14 26 22 45 27 36 51 2 7 16
split_gain=1.57645 1.81712 1.17857 1.1663 1.55116 1.74723 2.003 1.64219 1.52106 1.51844 1.49113 1.26704 1.6525 1.26703 1.17556 1.16958 1.07762 2.59782 0.98918 1.42424 1.67059 1.88855 1.78464 1.66619 1.45244 2.19048 2.06013 1.58554 1.94377 2.70556
threshold=0.41249999403953558 0.1235649697482586 0.30830879509449011 1.5527999997138979 0.82005000114440929 -1.0000000180025095e-35 3.2055397033691411 0.82799997925758373 -0.44230000674724573 0.47499999403953558 0.057500001043081291 -1.6464999914169309 0.4200000017881394 0.070833336561918273 0.73979997634887706 2.3622500896453862 -21.499999999999996 0.76666668057441723 -2.373649954795837 0.93974998593330394 0.12916667014360431 4.0435001850128183 0.47879999876022344 0.77583333849906932 -1.5407000184059141 1.427650034427643 -1.0000000180025095e-35 0.63133332133293163 1.0000000180025095e-35 0.62000000476837169
decision_type=2 2 2 2 2 2 2 2 2 2 2 2 2 2 2 2 2 2 2 2 2 2 2 2 2 2 2 2 2 2
left_child=3 -2 -3 4 14 8 7 -7 10 -5 -6 -11 -13 -14 16 -10 17 -1 -18 23 22 -22 -21 24 26 27 -20 -26 -29 -30
right_child=1 2 -4 9 5 6 -8 -9 15 11 -12 12 13 -15 -16 -17 18 -19 19 20 21 -23 -24 -25 25 -27 -28 28 29 -31
leaf_value=0.00014499989445207383 0.0005171068017541542 -0.0058897373381276421 -0.00059127106815164393 -0.013798324962840357 0.014453905811894242 -0.016313445358727165 0.0048115103276333247 0.0015275574544125594 0.02819193990139586 -0.019672343991561571 -0.0080211257983973435 -0.0012927777418448557 -7.5324159013015807e-05 0.010051960812136412 -0.0055350359612847573 0.0029611385284643021 -0.0074361012299512565 -0.02781259190326333 0.00023828564553089737 0.0066620752730512213 0.010843064072367171 -0.0014759772797035859 -0.022649241653649392 -0.0018475450708668657 -5.3460568706495218e-06 -0.011890220128342389 0.0057222886874810485 0.001973195452277518 0.0013011666226746307 -0.028540897234307264
leaf_weight=44 20 44 33 36 22 28 38 31 39 23 20 61 37 36 41 20 124 21 46 47 103 24 26 58 1780 21 29 534 75 37
leaf_count=44 20 44 33 36 22 28 38 31 39 23 20 61 37 36 41 20 124 21 46 47 103 24 26 58 1780 21 29 534 75 37
internal_value=0.000357347 -0.00592784 -0.00941558 0.000536607 0.000763716 0.00505051 0.000257732 -0.00550847 0.00965347 -0.00323834 0.00238095 -0.00111465 0.000746269 0.00582192 0.000481728 0.0148305 0.000597844 -0.00576923 0.000740358 0.000935252 0.005 0.00846457 -0.0010274 0.000620155 0.000812847 0.000602779 0.00766667 0.000741962 0.00286378 -0.003125
internal_weight=3498 97 77 3401 3208 198 97 59 101 193 42 157 134 73 3010 59 2969 65 2904 2780 200 127 73 2580 2522 2447 75 2426 646 112
internal_count=3498 97 77 3401 3208 198 97 59 101 193 42 157 134 73 3010 59 2969 65 2904 2780 200 127 73 2580 2522 2447 75 2426 646 112
is_linear=0
shrinkage=0.05


Tree=144
num_leaves=31
num_cat=0
split_feature=10 49 46 16 14 21 12 5 37 36 21 28 9 10 10 36 1 47 12 35 35 45 45 27 21 14 27 10 28 35
split_gain=0.900753 0.94991 2.31003 2.67088 1.80816 2.31371 1.6608 1.60259 2.91667 1.4208 1.65625 1.3913 1.37912 1.18702 1.61987 0.948148 0.919296 0.885551 0.835714 2.35868 2.33254 1.89573 2.42202 1.92471 2.1118 1.72414 1.72206 1.79609 1.66736 1.86403
threshold=-17.922778129577633 1.5000000000000002 0.11400000005960466 0.53999999165534984 0.32083332538604742 0.52649998664855968 4.6982243061065683 0.32500000298023229 1.0337499976158144 0.18795000016689303 0.10480000078678132 0.96989998221397411 0.2025590315461159 -9.9357304573059064 -9.4349236488342267 0.28745000064373022 0.47499999403953558 0.54045775532722484 0.85510832071304332 -0.387250006198883 -3.9759999513626094 -0.29150000214576716 -1.5320833325386045 0.55945000052452099 0.58140000700950634 0.15416666865348819 0.19830000400543216 -8.7435669898986799 -1.4113000035285947 -0.51124998927116383
decision_type=2 2 2 2 2 2 2 2 2 2 2 2 2 2 2 2 2 2 2 2 2 2 2 2 2 2 2 2 2 2
left_child=16 18 3 4 5 7 12 8 -3 10 17 -6 -4 -7 -15 -14 -1 -9 19 20 -2 22 -21 24 -23 -25 27 28 -22 -30
right_child=1 2 6 -5 11 13 -8 9 -10 -11 -12 -13 15 14 -16 -17 -18 -19 -20 21 26 23 -24 25 -26 -27 -28 -29 29 -31
leaf_value=0.00026399340250772953 -0.007081697309727253 0.016940449460395458 -0.0010666676794183845 0.0066726661015859947 -0.0072610145044299419 0.008897257109819515 0.0050210640506670222 -0.017510729819831983 -0.0058026008580526825 -0.01867517546115156 0.0035369637964313412 -0.0013923436412351276 -0.00717430272282156 -0.0056514616568264456 0.020161641611731521 -0.020745936012203838 -0.016286984847963908 -0.0067352120127934234 1.8499919688868986e-05 -0.03651821322566131 0.013989073044938967 -0.00022824421288568654 0.0028546145056064054 -0.00064618214703123238 0.031549219634333374 -0.015449425007015145 0.011251344513802818 0.018063702363867597 -5.9896132768125226e-05 0.010053701547914108
leaf_weight=21 38 42 45 24 23 32 26 23 28 21 33 23 24 20 23 30 25 22 1797 23 22 599 139 29 24 29 91 25 176 21
leaf_count=21 38 42 45 24 23 32 26 23 28 21 33 23 24 20 23 30 25 22 1797 23 22 599 139 29 24 29 91 25 176 21
internal_value=0.000428816 0.000521437 -0.00165148 0.000636943 -0.000689655 0.00102459 -0.0074 -0.00221893 0.00357143 -0.00631313 -0.00320513 -0.00978261 -0.0103535 0.00833333 0.00290698 -0.0157407 -0.00652174 -0.00944444 0.000838035 0.00185033 0.00516086 0.000385528 0.00524691 -0.000770925 4.01284e-05 -0.00948276 0.00649254 0.00430328 0.00285388 0.00139594
internal_weight=3498 3452 439 314 290 244 125 169 70 99 78 46 99 75 43 54 46 45 3013 1216 373 843 162 681 623 58 335 244 219 197
internal_count=3498 3452 439 314 290 244 125 169 70 99 78 46 99 75 43 54 46 45 3013 1216 373 843 162 681 623 58 335 244 219 197
is_linear=0
shrinkage=0.05


end of trees

feature_importances:
Column_13=342
Column_18=328
Column_14=262
Column_16=257
Column_10=228
Column_9=201
Column_46=184
Column_12=177
Column_11=144
Column_27=143
Column_45=132
Column_53=132
Column_2=127
Column_44=125
Column_47=123
Column_51=120
Column_26=117
Column_0=111
Column_37=109
Column_28=102
Column_21=98
Column_35=89
Column_56=86
Column_36=82
Column_22=77
Column_8=76
Column_3=68
Column_20=67
Column_4=50
Column_17=45
Column_5=38
Column_50=32
Column_49=20
Column_19=17
Column_1=14
Column_6=10
Column_7=9
Column_15=6
Column_48=2

parameters:
[boosting: gbdt]
[objective: quantile]
[metric: quantile]
[tree_learner: serial]
[device_type: cpu]
[data_sample_strategy: bagging]
[data: ]
[valid: ]
[num_iterations: 300]
[learning_rate: 0.05]
[num_leaves: 31]
[num_threads: 0]
[seed: 42]
[deterministic: 0]
[force_col_wise: 0]
[force_row_wise: 0]
[histogram_pool_size: -1]
[max_depth: -1]
[min_data_in_leaf: 20]
[min_sum_hessian_in_leaf: 0.001]
[bagging_fraction: 0.8]
[pos_bagging_fraction: 1]
[neg_bagging_fraction: 1]
[bagging_freq: 5]
[bagging_seed: 400]
[bagging_by_query: 0]
[feature_fraction: 0.8]
[feature_fraction_bynode: 1]
[feature_fraction_seed: 30056]
[extra_trees: 0]
[extra_seed: 12879]
[early_stopping_round: 0]
[early_stopping_min_delta: 0]
[first_metric_only: 0]
[max_delta_step: 0]
[lambda_l1: 0]
[lambda_l2: 0]
[linear_lambda: 0]
[min_gain_to_split: 0]
[drop_rate: 0.1]
[max_drop: 50]
[skip_drop: 0.5]
[xgboost_dart_mode: 0]
[uniform_drop: 0]
[drop_seed: 17869]
[top_rate: 0.2]
[other_rate: 0.1]
[min_data_per_group: 100]
[max_cat_threshold: 32]
[cat_l2: 10]
[cat_smooth: 10]
[max_cat_to_onehot: 4]
[top_k: 20]
[monotone_constraints: ]
[monotone_constraints_method: basic]
[monotone_penalty: 0]
[feature_contri: ]
[forcedsplits_filename: ]
[refit_decay_rate: 0.9]
[cegb_tradeoff: 1]
[cegb_penalty_split: 0]
[cegb_penalty_feature_lazy: ]
[cegb_penalty_feature_coupled: ]
[path_smooth: 0]
[interaction_constraints: ]
[verbosity: 1]
[saved_feature_importance_type: 0]
[use_quantized_grad: 0]
[num_grad_quant_bins: 4]
[quant_train_renew_leaf: 0]
[stochastic_rounding: 1]
[linear_tree: 0]
[max_bin: 255]
[max_bin_by_feature: ]
[min_data_in_bin: 3]
[bin_construct_sample_cnt: 200000]
[data_random_seed: 175]
[is_enable_sparse: 1]
[enable_bundle: 1]
[use_missing: 1]
[zero_as_missing: 0]
[feature_pre_filter: 1]
[pre_partition: 0]
[two_round: 0]
[header: 0]
[label_column: ]
[weight_column: ]
[group_column: ]
[ignore_column: ]
[categorical_feature: ]
[forcedbins_filename: ]
[precise_float_parser: 0]
[parser_config_file: ]
[objective_seed: 16083]
[num_class: 1]
[is_unbalance: 0]
[scale_pos_weight: 1]
[sigmoid: 1]
[boost_from_average: 1]
[reg_sqrt: 0]
[alpha: 0.5]
[fair_c: 1]
[poisson_max_delta_step: 0.7]
[tweedie_variance_power: 1.5]
[lambdarank_truncation_level: 30]
[lambdarank_norm: 1]
[label_gain: ]
[lambdarank_position_bias_regularization: 0]
[eval_at: ]
[multi_error_top_k: 1]
[auc_mu_weights: ]
[num_machines: 1]
[local_listen_port: 12400]
[time_out: 120]
[machine_list_filename: ]
[machines: ]
[gpu_platform_id: -1]
[gpu_device_id: -1]
[gpu_use_dp: 0]
[num_gpu: 1]

end of parameters

pandas_categorical:null
