tree
version=v4
num_class=1
num_tree_per_iteration=1
label_index=0
max_feature_idx=58
objective=quantile
feature_names=Column_0 Column_1 Column_2 Column_3 Column_4 Column_5 Column_6 Column_7 Column_8 Column_9 Column_10 Column_11 Column_12 Column_13 Column_14 Column_15 Column_16 Column_17 Column_18 Column_19 Column_20 Column_21 Column_22 Column_23 Column_24 Column_25 Column_26 Column_27 Column_28 Column_29 Column_30 Column_31 Column_32 Column_33 Column_34 Column_35 Column_36 Column_37 Column_38 Column_39 Column_40 Column_41 Column_42 Column_43 Column_44 Column_45 Column_46 Column_47 Column_48 Column_49 Column_50 Column_51 Column_52 Column_53 Column_54 Column_55 Column_56 Column_57 Column_58
feature_infos=[0.039999999105930328:1.6000000238418579] [0.05000000074505806:0.5] [0.059999998658895493:1.5199999809265137] [0:0.54119211435317993] [0.039999999105930328:1.440000057220459] [0:0.55000001192092896] [0:1] [0:1] [0:2.2666666507720947] [0.039999999105930328:4] [-18.734375:0] [-9.6899995803833008:11.46875] [0:7.6152467727661133] [-1.1066666841506958:3.940000057220459] [0:0.43333333730697632] [0:0.93333333730697632] [0.039999999105930328:1.6000000238418579] [0:0.66666668653488159] [0.18190476298332214:0.91288888454437256] [0:1] [-22.531000137329102:28.888999938964844] [-22.531000137329102:27.158000946044922] [-21.007600784301758:24.503599166870117] none none none [-22.115999221801758:21.5] [-22.115999221801758:21.5] [-16.012399673461914:18.616399765014648] none none none none none none [-17.592500686645508:21.677499771118164] [-11.965999603271484:17.982999801635742] [-14.043000221252441:16.086200714111328] none none none none none none [-30:99] [-9.4589996337890625:7.7718334197998047] [-6.0539999008178711:9.0223331451416016] [0:16.470409393310547] [0:1] [0:5] [0:5] [-37.666000366210938:30.954999923706055] none [-28.121999740600586:23.117000579833984] none none [-28.14900016784668:23.379999160766602] none none
tree_sizes=2646 2803 2830 2811 2799 2810 2794 2823 2789 2818 2828 2843 2823 2819 2815 2819 2836 2809 2809 2850 2842 2861 2845 2843 2854 2853 2842 2827 2859 2849 2846 2846 2871 2875 2853 2861 2876 2868 2874 2885 2875 2874 2867 2875 2865 2868 2865 2845 2863 2884 2882 2882 2872

Tree=0
num_leaves=31
num_cat=0
split_feature=13 56 14 13 4 51 13 13 14 51 8 9 9 14 16 10 13 2 16 56 13 12 35 16 46 13 10 35 5 10
split_gain=35.0685 12.8211 11.0366 10.2414 5.88924 5.441 3.35233 3.25715 2.64094 2.47295 2.08066 1.97802 3.70035 2.97885 6.858 4.04472 2.24468 1.96899 1.71007 1.49321 1.44403 1.25357 1.2311 1.27994 0.933083 0.867295 0.825 0.780655 0.713857 0.646079
threshold=2.8888888359069829 2.2964999675750737 0.13750000298023227 -0.09200000017881392 0.099999997764825835 -1.0000000180025095e-35 0.0084444447420537489 -0.28599999845027918 0.27083334326744085 2.2130000591278081 0.2333333417773247 0.09673341736197473 0.25562594830989843 0.35416665673255926 0.62000000476837169 -9.4428186416625959 0.016888889484107498 0.5000000149011613 0.25999999791383749 -0.64149999618530262 -0.13200000673532483 3.5726578235626225 -2.4787501096725459 0.21999999880790713 -0.23650000244379041 -0.14111111313104627 -9.8694887161254865 -0.74175000190734852 0.47499999403953558 -9.7439160346984846
decision_type=2 2 2 2 2 2 2 2 2 2 2 2 2 2 2 2 2 2 2 2 2 2 2 2 2 2 2 2 2 2
left_child=1 7 5 9 6 -2 -5 22 -6 10 -3 27 13 14 16 26 17 19 -12 20 -13 -7 23 -1 -21 -11 -16 28 -9 -14
right_child=2 3 -4 4 8 21 -8 11 -10 25 18 12 29 -15 15 -17 -18 -19 -20 24 -22 -23 -24 -25 -26 -27 -28 -29 -30 -31
leaf_value=2.3670196811008397 2.9964996576309204 2.4826346872651586 2.8046495718359834 2.2006996691823049 2.2671496817350372 3.0089996075630552 2.2575996697902752 2.4611896683311443 2.2943996906280519 2.1330496797442424 2.4908696756410449 2.2000746391832857 2.148009677138313 2.1752896752810473 2.2442296727967248 2.288039679131515 2.2555996704816836 2.2375996828079225 2.0553096646690379 2.2321496730208397 2.2848596416735574 2.0918996810913084 2.103749660563468 2.108964675710201 2.1758996758937998 2.236499675846102 2.210624665659668 2.1594846796715172 2.1451996772885322 2.1968996763229369
leaf_weight=30 25 20 50 38 21 21 31 37 31 116 37 44 349 148 20 39 37 39 29 31 27 31 1167 62 241 21 24 342 26 331
leaf_count=30 25 20 50 38 21 21 31 37 31 116 37 44 349 148 20 39 37 39 29 31 27 31 1167 62 241 21 24 342 26 331
internal_value=2.20192 2.20094 2.22771 2.21008 2.22179 2.21583 2.21222 2.19989 2.2345 2.20373 2.21037 2.20129 2.20223 2.20492 2.20676 2.21989 2.20416 2.20302 2.20609 2.20181 2.20827 2.20662 2.19795 2.20352 2.20012 2.19955 2.2095 2.19823 2.20335 2.19965
internal_weight=3465 3338 127 344 121 77 69 2994 52 223 86 1735 1330 650 502 83 419 382 66 343 71 52 1259 92 272 137 44 405 63 680
internal_count=3465 3338 127 344 121 77 69 2994 52 223 86 1735 1330 650 502 83 419 382 66 343 71 52 1259 92 272 137 44 405 63 680
is_linear=0
shrinkage=1


Tree=1
num_leaves=31
num_cat=0
split_feature=13 14 56 44 0 53 13 53 14 9 9 14 16 44 13 4 12 13 12 3 13 46 28 35 16 22 26 53 14 46
split_gain=34.2769 11.5256 11.097 10.8067 5.84652 4.52653 2.94172 2.28467 2.3717 2.20303 3.42857 2.17894 6.18747 2.8696 1.91803 2.04537 1.61333 1.56822 1.76087 1.78957 1.3123 1.30801 1.29498 1.19624 1.27994 0.792017 0.9909 0.765785 1.2594 0.75573
threshold=2.8888888359069829 0.12083333358168603 2.2964999675750737 -1.4999999999999998 0.1799999997019768 -1.0000000180025095e-35 -0.28599999845027918 -5.4879999160766593 0.095833335071802153 0.10453480854630472 0.25562594830989843 0.35416665673255926 0.62000000476837169 -2.4999999999999996 -0.1268571466207504 0.099999997764825835 3.5726578235626225 0.016888889484107498 0.6327427625656129 0.3211930543184281 -0.018000000156462189 -0.28716665506362909 -0.70909997820854176 -2.4787501096725459 0.21999999880790713 0.34295000135898596 0.58774998784065258 -0.7524999976158141 0.24583332985639575 -0.42949999868869776
decision_type=2 2 2 2 2 2 2 2 2 2 2 2 2 2 2 2 2 2 2 2 2 2 2 2 2 2 2 2 2 2
left_child=2 5 6 7 20 -2 23 8 -4 29 11 12 17 -14 -9 -16 -7 18 19 21 -5 -11 -15 24 -1 -13 -27 28 -20 -8
right_child=1 -3 3 4 -6 16 9 14 -10 10 -12 25 13 22 15 -17 -18 -19 27 -21 -22 -23 -24 -25 -26 26 -28 -29 -30 -31
leaf_value=0.15676901595448897 0.79802500861881076 0.56026752045453831 0.26717591874386398 0.0061515036706914824 0.087780025005340573 0.76789996665715998 0.018825746418422051 -0.065722485832573146 0.053921468127427145 0.14330055235692044 -0.026735537963171008 -0.05434448851096705 0.030217059766673261 0.08134801789116608 -0.001844984682796702 0.038028507636191346 -0.10459498405456542 0.052570005878211527 -0.059826737622680953 0.27066559585332123 0.03767001062155189 -0.0010649900670102201 0.06434801097703087 -0.09333750355601389 -0.0883832391666175 0.0097755157066545372 -0.023494483098862286 -0.034454992798082715 0.025057014363887055 -0.043544260433742245
leaf_weight=30 24 53 39 23 43 20 51 127 37 25 680 98 32 20 30 24 30 35 29 24 21 89 26 1167 62 23 20 173 23 387
leaf_count=30 24 53 39 23 43 20 51 127 37 25 680 98 32 20 30 24 30 35 29 24 21 89 26 1167 62 23 20 173 23 387
internal_value=-0.000180376 0.025315 -0.00115039 0.00735465 0.0225862 0.0125676 -0.00212759 0.00219844 0.00947368 -0.000792508 0.000242867 0.00294165 0.00455882 0.0174359 -0.000856355 0.00703704 0.004 0.00203517 0.0010606 0.00550725 0.00977273 0.00289474 0.0254348 -0.00396744 0.00152174 -0.00251773 0.00313953 -0.00166667 0.00365384 -0.00385845
internal_weight=3465 127 3338 344 87 74 2994 257 76 1735 1297 617 476 78 181 54 50 398 363 138 44 114 46 1259 92 141 43 225 52 438
internal_count=3465 127 3338 344 87 74 2994 257 76 1735 1297 617 476 78 181 54 50 398 363 138 44 114 46 1259 92 141 43 225 52 438
is_linear=0
shrinkage=0.05


Tree=2
num_leaves=31
num_cat=0
split_feature=13 14 56 13 4 53 53 13 9 9 14 16 14 21 48 13 13 51 14 46 9 16 16 13 3 16 51 45 56 11
split_gain=33.3795 12.0411 10.465 7.84431 6.41616 4.87572 3.01311 3.00235 2.85308 4.00612 2.94483 4.88897 2.82054 2.09036 1.86889 1.85507 1.50767 1.4269 1.22481 1.22174 1.20333 1.09755 3.50696 0.890891 0.794403 0.733792 1.58294 0.728763 0.702895 0.701201
threshold=2.8888888359069829 0.12083333358168603 2.2964999675750737 -0.09200000017881392 0.099999997764825835 -1.0000000180025095e-35 -5.4879999160766593 -0.14111111313104627 0.09673341736197473 0.21550978720188144 0.39583334326744085 0.85999998450279247 0.27083334326744085 -0.40270000696182245 1.0000000180025095e-35 0.018888888880610469 -0.021111111156642434 -0.080499999225139604 0.079166669398546233 -0.60433331131935109 1.9524219632148745 0.97999998927116405 0.62000000476837169 -0.14111111313104627 0.20034662634134295 0.1799999997019768 -1.4695000052452085 0.28891666233539587 -0.83449998497962941 -0.039250971749424927
decision_type=2 2 2 2 2 2 2 2 2 2 2 2 2 2 2 2 2 2 2 2 2 2 2 2 2 2 2 2 2 2
left_child=2 5 7 6 15 -2 14 19 28 10 11 13 -6 17 18 -5 -13 -10 -4 -1 -7 22 29 -8 -15 26 -21 -26 -9 -11
right_child=1 -3 3 4 12 20 23 8 9 21 -12 16 -14 24 -16 -17 -18 -19 -20 25 -22 -23 -24 -25 27 -27 -28 -29 -30 -31
leaf_value=0.017884460591245072 0.75812375818787014 0.5322541444318114 0.2535594746586553 0.0093719781392940446 0.057503515306709878 0.72950496832430201 -0.062236361135632891 0.24184905252420622 0.1246940438217064 -0.04835371094749874 -0.082032259945280517 0.076530613193832059 0.083391023755073554 -0.0014152999362897984 -0.084237263149353869 0.049691659272627753 0.041711914505390302 0.0063762027315661558 0.25098044527682323 0.1352205514667742 -0.099365234851837153 -0.059638208100533774 0.06413345222685303 0.030873584394509934 0.0078041354646849028 -0.067155104489899739 -0.092176325631965317 0.080089447886769999 -0.041606284934237292 0.0010917892196196989
leaf_weight=141 24 53 22 46 21 20 127 31 23 82 50 21 31 110 30 23 23 20 23 37 30 175 26 21 27 1513 103 20 306 286
leaf_count=141 24 53 22 46 21 20 127 31 23 82 50 21 31 110 30 23 23 20 23 37 30 175 26 21 27 1513 103 20 306 286
internal_value=-0.000238096 0.0249213 -0.00119533 0.00706395 0.017314 0.0118919 0.00150224 -0.00214429 -0.000208335 0.00131518 0.00605442 0.00831967 0.0305769 0.005 0.00966667 0.00731884 0.0234091 0.0147674 0.0161111 -0.00343924 0.003 -0.00113357 0.000329948 -0.00263514 0.00232484 -0.00382033 -0.000357144 0.00776596 -0.00410979 -0.000923914
internal_weight=3465 127 3338 344 121 74 223 2994 1200 863 294 244 52 200 75 69 44 43 45 1794 50 569 394 148 157 1653 140 47 337 368
internal_count=3465 127 3338 344 121 74 223 2994 1200 863 294 244 52 200 75 69 44 43 45 1794 50 569 394 148 157 1653 140 47 337 368
is_linear=0
shrinkage=0.05


Tree=3
num_leaves=31
num_cat=0
split_feature=13 27 56 13 3 10 11 53 13 16 13 5 28 27 12 3 18 45 13 53 18 13 13 5 35 16 53 37 13 53
split_gain=32.6074 12.0608 10.1862 6.92656 5.3047 2.78822 2.48894 2.37688 2.21853 2.21287 2.1686 2.08962 2.04681 2.03576 1.64666 1.60779 1.9511 1.76828 1.98834 2.8404 1.41802 1.37878 1.13558 0.935086 0.724143 1.15776 0.648091 0.678788 0.622686 0.473335
threshold=2.8888888359069829 -1.0000000180025095e-35 2.370499968528748 -0.058000000193715089 0.1726275831460953 -9.5350356101989728 -0.81677603721618641 -4.6829998493194571 -0.14111111313104627 0.25999999791383749 0.021999999880790714 0.32500000298023229 -1.3800999522209165 0.28000000119209295 5.4141719341278085 0.33302292227745062 0.50593650341033947 -0.29958334565162653 -0.13200000673532483 -0.59950000047683705 0.50834298133850109 0.0084444447420537489 -0.15349999815225598 0.52500000596046459 -3.2932499647140498 0.21999999880790713 2.2044999599456792 0.25095000863075262 -0.28599999845027918 1.9024999737739565
decision_type=2 2 2 2 2 2 2 2 2 2 2 2 2 2 2 2 2 2 2 2 2 2 2 2 2 2 2 2 2 2
left_child=2 6 5 7 21 24 -2 9 -9 12 15 -12 -4 -10 -3 17 22 18 -7 -20 23 -5 -17 -13 25 -1 -19 -28 -26 -30
right_child=1 14 3 4 -6 10 -8 8 13 -11 11 20 -14 -15 -16 16 -18 26 19 -21 -22 -23 -24 -25 28 -27 27 -29 29 -31
leaf_value=0.18021816568195387 0.4463675484989561 0.60377973129260309 0.20924994826144672 -0.02501634451384438 0.087864789626161122 -0.0267733828774963 0.74321759197458837 -0.059764544433060368 -0.011342606738899069 -0.11083742724418276 -0.00090184549671966797 0.016321125390582083 0.25771975281470383 0.033243153594122998 -0.094396973109245289 0.014104492127191826 -0.055224909527347099 -0.027575169155528708 0.08669732497970567 0.022334284132068838 0.0014372053229289173 0.037764802912005263 0.16789620285499629 0.081392975236613263 -0.095911791568774454 -0.06058380730246115 -0.055296760482992584 0.033019974049286742 -0.028287533150704525 0.099623282876800889
leaf_weight=22 20 33 22 23 38 99 54 115 21 34 78 23 31 23 20 31 46 791 25 39 31 26 25 20 970 60 22 20 683 20
leaf_count=22 20 33 22 23 38 99 54 115 21 34 78 23 31 23 20 31 46 791 25 39 31 26 25 20 970 60 22 20 683 20
internal_value=-0.000339107 0.0245276 -0.0012852 0.00701201 0.0191379 -0.00220466 0.0375676 0.00272358 -0.000911951 0.00936781 -0.000400001 0.00519737 0.0157547 0.00863636 0.00632075 -0.00117486 0.00480392 -0.00178715 0.00297546 0.00984375 0.0112162 0.0082653 0.0110714 0.017093 -0.00349003 0.00109756 -0.00271909 0.00333333 -0.00371488 -0.00258179
internal_weight=3465 127 3338 333 87 3005 74 246 159 87 1250 152 53 44 53 1098 102 996 163 64 74 49 56 43 1755 82 833 42 1673 703
internal_count=3465 127 3338 333 87 3005 74 246 159 87 1250 152 53 44 53 1098 102 996 163 64 74 49 56 43 1755 82 833 42 1673 703
is_linear=0
shrinkage=0.05


Tree=4
num_leaves=31
num_cat=0
split_feature=13 14 56 44 53 3 13 14 14 26 10 53 13 2 14 13 2 18 46 3 9 3 3 46 9 10 11 5 2 47
split_gain=31.3087 11.7813 9.46681 8.25028 5.60667 4.80917 2.44862 1.95872 3.13329 3.32346 3.56788 1.87926 2.54846 3.94003 2.37207 1.83522 2.00321 2.50788 1.5613 1.55356 1.81797 1.30326 1.28333 1.0324 0.853333 0.726358 0.654762 0.622222 0.595238 0.545635
threshold=3.0082222223281865 0.13750000298023227 2.370499968528748 -1.0000000180025095e-35 -1.0000000180025095e-35 0.1726275831460953 -0.28599999845027918 0.3458333313465119 0.23749999701976779 -1.092999994754791 -9.4584412574768049 -5.4879999160766593 -0.14111111313104627 0.27400000393390661 0.095833335071802153 -0.018000000156462189 0.5000000149011613 0.43721295893192297 -0.30433332920074457 0.29734541475772863 0.2526665478944779 0.15563326328992846 0.3211930543184281 -0.79866668581962574 1.9524219632148745 -8.6921882629394513 -0.046563697978854172 0.42499999701976782 0.5000000149011613 0.60109302401542675
decision_type=2 2 2 2 2 2 2 2 2 2 2 2 2 2 2 2 2 2 2 2 2 2 2 2 2 2 2 2 2 2
left_child=2 4 6 11 -2 -5 23 8 18 10 28 14 -13 -14 -4 19 17 -17 22 -11 -21 -19 27 -1 -6 -20 -16 29 -10 -8
right_child=1 -3 3 5 24 -7 7 -9 9 15 -12 12 13 -15 26 16 -18 21 25 20 -22 -23 -24 -25 -26 -27 -28 -29 -30 -31
leaf_value=0.004900015438131837 0.67830668573256092 0.480730449309829 0.24510173991047518 0.03028868867997796 0.6621435471982815 0.081928214084061021 -0.0089919142307455079 -0.043362957084837839 0.01889324917970021 -0.015096049718072125 0.079417891059181456 -0.056236316036012118 -0.0044605603057456438 0.047854587955176643 -0.13547790183277825 -0.00073970538046391418 -0.05517467647578015 0.01707951643790891 -0.036737330315402661 0.05859923784373116 -0.054676144732944403 0.10322837570327642 0.22424566069745816 -0.085627279920335059 -0.089677124453783022 -0.0001073223596705585 0.22429657628976135 -0.013080937488391609 -0.064591576376511736 0.20944972747076004
leaf_weight=85 25 50 39 34 20 31 28 370 21 197 33 122 41 24 22 27 26 31 600 26 31 20 20 1177 30 210 20 40 21 44
leaf_count=85 25 50 39 34 20 31 28 370 21 197 33 122 41 24 22 27 26 31 600 26 31 20 20 1177 30 210 20 40 21 44
internal_value=-0.000367967 0.0242 -0.00128743 0.00671171 0.0116667 0.0226923 -0.00217326 -0.000959887 -9.09103e-05 0.00342956 0.013 0.00283582 8.02127e-05 0.00807692 0.00919753 0.00142458 0.00701923 0.0110256 -0.00170913 -0.000866143 0.00640351 0.017549 0.00333333 -0.00385103 0.002 -0.00253087 0.00095238 0.00125 0.00333333 0.00402778
internal_weight=3465 125 3340 333 75 65 3007 1745 1375 433 75 268 187 65 81 358 104 78 942 254 57 51 132 1262 50 810 42 112 42 72
internal_count=3465 125 3340 333 75 65 3007 1745 1375 433 75 268 187 65 81 358 104 78 942 254 57 51 132 1262 50 810 42 112 42 72
is_linear=0
shrinkage=0.05


Tree=5
num_leaves=31
num_cat=0
split_feature=13 14 56 13 14 8 10 28 12 16 14 13 35 13 14 16 46 20 50 0 0 16 13 36 53 13 2 37 12 17
split_gain=24.1096 13.3911 9.15913 7.07337 4.86915 6.89437 3.07355 2.74951 2.51429 2.82857 2.43466 2.32666 2.95955 2.69243 5.29235 2.21788 2.2134 2.18661 2.12751 1.33259 1.26874 3.29939 1.64813 1.56674 1.11468 0.997252 0.905571 0.735466 0.655901 0.62616
threshold=3.0082222223281865 0.12916667014360431 2.370499968528748 -0.10111111029982565 0.33750000596046453 1.3000000119209292 -10.075670719146727 0.68010002374649059 5.4141719341278085 0.21999999880790713 0.3458333313465119 -0.3599999994039535 -1.0242500305175779 -0.13200000673532483 0.24583332985639575 0.25999999791383749 -0.65899997949600209 -1.064750015735626 1.0000000180025095e-35 0.1799999997019768 0.58000001311302196 0.85999998450279247 -0.18733333051204679 0.09405000135302545 0.87049999833107006 0.018888888880610469 0.08000000007450582 -1.4114499688148496 2.1974776983261113 0.37500000000000006
decision_type=2 2 2 2 2 2 2 2 2 2 2 2 2 2 2 2 2 2 2 2 2 2 2 2 2 2 2 2 2 2
left_child=2 8 6 15 5 7 -1 -5 9 -2 11 -8 13 17 27 18 -14 -13 -4 25 21 22 -21 28 -19 -18 -27 -15 29 -24
right_child=1 -3 3 4 -6 -7 10 -9 -10 -11 -12 12 16 14 -16 -17 19 24 -20 20 -22 -23 23 -25 -26 26 -28 -29 -30 -31
leaf_value=-0.059369654417941564 -0.018133937300209291 0.6002889468632131 0.040470920903148529 0.16888857437638624 -0.034950746928220019 0.069404286912379029 -0.055795920895330212 -0.00040439720331165166 -0.085193268231093869 0.6234466690750522 -0.037485914808884295 -0.046808665019886918 0.17569653838769922 -0.040577424185730765 0.078650292897467389 -0.05369450213916778 -0.034444658967378854 0.0084140870487762424 0.24616518450982397 -0.040267007180285787 -0.012326020744277195 0.057726701250788853 0.07061160720428751 -0.011625992734195428 0.28338160281613595 -0.010038834357123196 0.015984367072821314 0.24610521829279014 0.002574531315614009 0.01063310319652571
leaf_weight=1117 20 44 62 28 21 40 333 30 22 35 441 70 29 30 36 112 214 21 27 156 287 32 77 47 24 25 22 23 31 21
leaf_count=1117 20 44 62 28 21 40 333 30 22 35 441 70 29 30 36 112 214 21 27 156 287 32 77 47 24 25 22 23 31 21
internal_value=-6.75882e-05 0.0218595 -0.000858166 0.0071875 0.0168487 0.0215306 -0.00170619 0.0105172 0.00928571 0.015 -0.000492445 0.000480378 0.00155022 0.0070098 0.0135393 0.00146766 0.00036663 0.00195652 0.00735955 -6.57907e-05 0.00114439 0.00310439 0.0016265 0.00494318 0.0105556 -0.00308429 0.00351064 0.00349056 0.0077907 0.00979592
internal_weight=3477 121 3356 320 119 98 3036 58 77 55 1919 1478 1145 204 89 201 941 115 89 912 651 364 332 176 45 261 47 53 129 98
internal_count=3477 121 3356 320 119 98 3036 58 77 55 1919 1478 1145 204 89 201 941 115 89 912 651 364 332 176 45 261 47 53 129 98
is_linear=0
shrinkage=0.05


Tree=6
num_leaves=31
num_cat=0
split_feature=56 13 53 9 13 16 56 12 46 12 9 45 46 22 13 19 20 16 0 16 0 9 36 36 9 45 11 37 35 46
split_gain=23.4836 7.54123 8.57085 6.34623 4.93523 3.44048 3.4005 3.31145 3.10303 2.87286 2.55 2.15575 1.98858 3.04855 2.11108 1.6666 2.47883 3.46765 1.61294 1.6 1.55912 1.44971 2.19311 2.51195 1.3417 1.07319 1.5758 1.049 0.830859 0.723588
threshold=-9.7760000228881818 -0.09200000017881392 2.6039999723434453 0.34028975665569311 3.1846666336059575 0.25999999791383749 3.279000043869019 0.80426144599914562 -0.12299999967217444 5.3293452262878427 0.22126521915197375 1.5462499856948855 -0.20749999582767484 -0.01505000004544854 -0.42583334445953364 1.0000000180025095e-35 -1.2084999680519102 0.62000000476837169 0.1799999997019768 0.25999999791383749 0.58000001311302196 0.10974419489502908 -0.8149999976158141 -0.21869999915361402 0.16814770549535754 -0.057083332911133759 0.01390302646905184 10.679699897766115 -2.0697499513626094 0.25949999690055853
decision_type=2 2 2 2 2 2 2 2 2 2 2 2 2 2 2 2 2 2 2 2 2 2 2 2 2 2 2 2 2 2
left_child=8 7 4 6 9 -6 24 11 -1 15 -11 12 13 -2 -15 16 17 29 -18 -13 25 -16 -23 -24 -4 26 -20 -9 -14 -3
right_child=1 2 3 -5 5 -7 -8 27 -10 10 -12 19 28 14 21 -17 18 -19 20 -21 -22 22 23 -25 -26 -27 -28 -29 -30 -31
leaf_value=0.4309615066714873 -0.017109593362979642 -0.033233310680109839 0.064079020701698283 -0.013002367244977948 0.42195493617360713 0.55927436531715224 0.078469307092894791 -0.051556157729660539 0.55710943391796863 0.038446943189835138 0.0017600065958181478 0.21490591979031182 0.075465762673922604 -0.038563354059270562 0.022940995531484234 -0.072254631328183869 -0.016033835921653351 0.068994388975429796 0.089127275879513523 -0.054635218007072106 -0.01282204353449197 0.27833906905289674 -0.015338520067493564 0.15940360314441449 0.078487410973527877 0.012320459771252085 0.026008420625270263 0.22418330708315859 -0.051941681832526246 0.070790468381894345
leaf_weight=22 93 43 21 36 36 27 29 1348 33 34 30 36 41 39 30 158 272 26 23 24 208 23 20 39 20 120 21 20 585 20
leaf_count=22 93 43 21 36 36 27 29 1348 33 34 30 36 41 39 30 158 272 26 23 24 208 23 20 39 20 120 21 20 585 20
internal_value=-0.000139489 -0.000660434 0.00269573 0.0162264 0.00128684 0.0148413 0.025 -0.002302 0.0322727 0.000392669 0.010625 -1.19209e-09 -0.000632185 0.00319672 0.00758278 -0.000342313 0.000661663 0.00848314 -0.000419256 0.00916667 0.00172043 0.0110714 0.0145122 0.00940678 0.0157317 0.00536585 0.0120455 -0.00386696 -0.0021246 0.00214286
internal_weight=3477 3422 1124 106 1018 63 70 2298 55 955 64 930 870 244 151 891 733 89 644 60 372 112 82 59 41 164 44 1368 626 63
internal_count=3477 3422 1124 106 1018 63 70 2298 55 955 64 930 870 244 151 891 733 89 644 60 372 112 82 59 41 164 44 1368 626 63
is_linear=0
shrinkage=0.05


Tree=7
num_leaves=31
num_cat=0
split_feature=47 56 44 16 44 56 16 44 36 18 9 9 18 44 14 28 18 28 22 56 46 50 44 47 16 35 11 28 16 28
split_gain=19.8969 7.18996 7.29928 5.99329 4.70512 4.27533 2.45615 2.35757 2.30499 2.24556 1.5723 3.06953 1.61901 5.02047 5.15048 4.12857 2.12674 1.61286 1.32191 1.192 1.13636 0.961822 0.885036 0.87021 1.27811 0.812347 0.773684 0.768002 0.61874 1.10645
threshold=12.356419086456301 2.370499968528748 77.500000000000014 0.38000001013278967 -1.4999999999999998 6.9409999847412118 0.25999999791383749 -9.4999999999999982 0.28745000064373022 0.56865182518959057 0.095863267779350295 0.25562594830989843 0.48206734657287603 -1.4999999999999998 0.35416665673255926 -0.48774999380111689 0.49568253755569464 -1.0000000180025095e-35 0.30855000019073492 -0.59150001406669606 -0.24883333593606946 1.0000000180025095e-35 -6.4999999999999991 1.0954729318618777 0.25999999791383749 -1.3037499785423277 0.20228750258684161 0.68010002374649059 0.21999999880790713 0.89414998888969432
decision_type=2 2 2 2 2 2 2 2 2 2 2 2 2 2 2 2 2 2 2 2 2 2 2 2 2 2 2 2 2 2
left_child=1 2 7 -4 6 8 9 28 -6 21 25 12 18 16 15 -15 17 -14 22 23 -20 -3 -12 24 -18 -9 -22 -10 29 -1
right_child=-2 4 3 -5 5 -7 -8 10 27 -11 11 -13 13 14 -16 -17 19 -19 20 -21 26 -23 -24 -25 -26 -27 -28 -29 -30 -31
leaf_value=-0.052586729532852788 0.53090275471946025 0.0026372637585571623 0.31817208390374663 0.55686402728051765 0.067935354943256435 -0.0088373252583837207 -0.013198647680804003 0.21488583618190013 0.072988131082421345 0.23657651649625069 0.01087304562119102 -0.022868439567282531 0.014984549462142989 0.063586971124348843 -0.027942676442482196 0.021900351759402144 0.18864762574511407 0.28087386100680439 0.02668327229754568 -0.052601284735189741 -0.0032065481485702529 0.16340853840689989 -0.021551474602881704 -0.072218953435181241 0.0048995727329022585 -0.030545661073421528 0.015850643757026134 0.021696107836521709 -0.065628364974151629 0.2013821745149835
leaf_weight=203 36 59 53 20 29 31 128 35 21 22 89 767 22 35 30 35 20 21 36 147 76 22 217 39 42 346 20 20 815 41
leaf_count=203 36 59 53 20 29 31 128 35 21 22 89 767 22 35 30 35 20 21 36 147 76 22 217 39 42 346 20 20 815 41
internal_value=-0.000312052 -0.000698926 -0.0014458 0.0141781 0.00629518 0.015297 0.00235931 -0.00182148 0.0221429 0.00810679 -0.000801721 -0.000112783 0.00199638 0.00433504 0.014 0.0214286 0.00101374 0.0112791 -9.13254e-05 -0.00076613 0.00409091 0.00425926 -0.00189543 0.00341584 0.00709677 -0.00368767 0.00125 0.0145122 -0.00372521 -0.00151639
internal_weight=3477 3441 3109 73 332 101 231 3036 70 103 1977 1596 829 391 100 70 291 43 438 248 132 81 306 101 62 381 96 41 1059 244
internal_count=3477 3441 3109 73 332 101 231 3036 70 103 1977 1596 829 391 100 70 291 43 438 248 132 81 306 101 62 381 96 41 1059 244
is_linear=0
shrinkage=0.05


Tree=8
num_leaves=31
num_cat=0
split_feature=51 13 51 44 9 16 47 46 19 26 16 8 9 46 16 10 44 36 9 12 22 9 8 21 46 5 26 28 10 53
split_gain=19.6178 7.49115 8.23953 6.63105 5.91429 5.4 4.03708 2.49327 2.27559 3.51639 3.5736 1.92772 1.92419 1.73338 1.60987 2.28213 1.54297 1.43027 1.42979 1.36008 1.26502 2.1797 1.17043 1.89677 1.65161 1.14833 1.90582 1.19974 1.02724 1.02319
threshold=-29.439000129699703 -0.14111111313104627 3.279999971389771 77.500000000000014 0.56250992417335521 0.38000001013278967 0.73550978302955639 3.4416667222976689 1.0000000180025095e-35 -1.0009999871253965 0.62000000476837169 1.3000000119209292 0.093146655708551421 -0.28000000119209284 0.25999999791383749 -9.8317570686340314 -9.4999999999999982 0.30815000832080847 0.29190769791603094 0.80426144599914562 -1.0000000180025095e-35 0.18013098090887072 1.0333333611488345 0.41935001313686376 0.10716666653752328 0.32500000298023229 0.45225000381469732 0.38885000348091131 -9.3615336418151838 -0.39149999618530268
decision_type=2 2 2 2 2 2 2 2 2 2 2 2 2 2 2 2 2 2 2 2 2 2 2 2 2 2 2 2 2 2
left_child=-1 7 3 8 11 6 -5 13 9 10 29 -4 -11 16 15 -9 -2 -13 22 20 -18 -22 -14 24 25 26 -24 -27 -12 -3
right_child=1 2 4 5 -6 -7 -8 14 -10 12 28 17 18 -15 -16 -17 19 -19 -20 -21 21 -23 23 -25 -26 27 -28 -29 -30 -31
leaf_value=0.5881288489931018 -0.035496561950380937 0.070144702161729064 0.061813584653835588 -0.10158111577593565 -0.017795135040538968 0.5290208259164918 0.62883301777124567 -0.14259351138556614 -0.067906820118926403 -0.026409877667579851 0.028038551257611666 0.06087093668885904 0.00068999926031824011 -0.056633657637046857 -0.11559115107857212 0.2139670525567087 -0.0025066108575865103 0.054575194966679785 -0.01087292079543452 -0.022077733136435209 0.16249587582924069 0.25319186575921065 0.061370387632681517 -0.011821529973349496 -0.0096494400080359144 0.006693349093565829 0.03838166475091731 0.038667794432436037 0.06851316225662199 -0.0087815388288379637
leaf_weight=28 182 75 31 38 35 20 22 21 183 283 20 28 128 1591 35 26 22 21 304 62 52 20 30 31 31 40 23 31 21 43
leaf_count=28 182 75 31 38 35 20 22 21 183 283 20 28 128 1591 35 26 22 21 304 62 52 20 30 31 31 40 23 31 21 43
internal_value=-0.000254531 -0.000592927 0.00216272 0.00104686 0.015 0.015 0.0075 -0.0025634 0.000148832 0.00103773 0.00789308 0.0225 -0.000172032 -0.00292639 0.00597561 0.0120213 0.000325443 0.0286735 0.00139158 0.00397436 0.00776596 0.0109722 0.00375796 0.00629032 0.00854839 0.011129 0.0166981 0.00697183 0.0206098 0.00347458
internal_weight=3477 3449 1438 1323 115 80 60 2011 1243 1060 159 80 901 1929 82 47 338 49 618 156 94 72 314 186 155 124 53 71 41 118
internal_count=3477 3449 1438 1323 115 80 60 2011 1243 1060 159 80 901 1929 82 47 338 49 618 156 94 72 314 186 155 124 53 71 41 118
is_linear=0
shrinkage=0.05


Tree=9
num_leaves=31
num_cat=0
split_feature=27 53 47 11 36 9 47 9 17 16 10 53 2 16 16 10 9 12 0 21 9 18 12 21 22 37 18 18 10 53
split_gain=17.7445 5.23473 4.32759 4.08381 3.56828 3.51434 3.69735 3.46886 2.21047 2.18661 2.15395 1.78826 1.78135 1.51054 5.28542 4.3471 6.03658 1.11979 1.29099 1.08574 0.94098 1.20224 1.14067 0.815564 0.794456 1.11581 0.813938 1.55164 1.21 0.8078
threshold=-4.1172997951507559 2.6039999723434453 3.4738855361938481 -0.68792197108268727 0.39010000228881841 1.20743864774704 0.57655224204063427 0.16814770549535754 0.20833333581686023 0.38000001013278967 -9.8927545547485334 -5.4879999160766593 1.2283333539962771 0.97999998927116405 0.62000000476837169 -9.1838188171386701 0.13929094374179843 0.52040332555770885 0.49999998509883886 0.061049999669194228 0.10453480854630472 0.1872857138514519 0.66263398528099071 0.80099999904632579 -0.44230000674724573 -0.71294999122619618 0.48501852154731756 0.5304073989391328 -9.0549283027648908 0.57899999618530285
decision_type=2 2 2 2 2 2 2 2 2 2 2 2 2 2 2 2 2 2 2 2 2 2 2 2 2 2 2 2 2 2
left_child=3 5 4 -1 7 10 9 -3 -9 -7 -2 19 -11 14 20 17 -17 -16 -19 -12 -13 -22 24 -6 -23 -26 -27 28 -28 -29
right_child=1 2 -4 -5 23 6 -8 8 -10 12 11 13 -14 -15 15 16 -18 18 -20 -21 21 22 -24 -25 25 26 27 29 -30 -31
leaf_value=0.17015968060701211 -0.051969797900576979 0.026979223825315257 -0.023750376236347272 0.57547237250919048 0.055553588577152473 -0.076426507313482231 0.50565406647176259 0.068954600818988659 0.078367819907881109 0.46005333044741931 -0.086093383517493433 -0.02393058876290903 -0.0082863896415418473 -0.064742974694701666 -0.029508291691671275 0.0043982254041534767 0.06634084523555514 0.043842059900342518 -0.0058772708452500318 0.20329184539616546 0.015622017409273365 -0.0096793966853185743 -0.013391521254383518 -0.0074474298783366675 0.11953591121462688 -0.0020782462306399552 0.061232000045900153 -0.056330643892842119 0.274008605416597 0.037758757517583091
leaf_weight=21 1268 26 132 37 32 70 30 25 23 21 20 322 24 234 30 20 22 37 22 27 22 94 473 34 23 229 20 75 25 39
leaf_count=21 1268 26 132 37 32 70 30 25 23 21 20 322 24 234 30 20 22 37 22 27 22 94 473 34 23 229 20 75 25 39
internal_value=-0.000527755 -0.000992982 0.00566176 0.0268966 0.0117857 -0.00156816 0.00603448 0.0193243 0.0272917 0.00195652 -0.00193538 -0.000790082 0.0105556 -0.00105809 -0.000457675 0.00912214 0.022381 0.00286517 0.00686441 0.00882979 -0.00140696 -0.000650001 -0.000910022 0.00333333 0.000742573 0.001691 0.0010567 0.00380503 0.0116667 0.000701753
internal_weight=3477 3419 272 58 140 3147 145 74 48 115 3002 1734 45 1687 1453 131 42 89 59 47 1322 1000 978 66 505 411 388 159 45 114
internal_count=3477 3419 272 58 140 3147 145 74 48 115 3002 1734 45 1687 1453 131 42 89 59 47 1322 1000 978 66 505 411 388 159 45 114
is_linear=0
shrinkage=0.05


Tree=10
num_leaves=31
num_cat=0
split_feature=27 13 22 11 16 56 0 13 4 16 53 51 28 13 2 2 13 14 16 5 12 14 22 13 53 10 13 45 12 46
split_gain=20.8842 6.00886 3.90913 2.97915 3.69134 2.74788 2.59516 2.34075 3.68939 1.61001 2.41899 1.89442 1.50417 1.45947 1.4649 1.66341 3.13906 3.82669 4.94099 1.51668 1.27201 1.11501 1.02935 0.930946 0.91846 0.824113 0.724371 0.688152 0.664866 0.63381
threshold=-4.1172997951507559 0.021999999880790714 -8.7708501815795881 0.37429012358188635 0.34000000357627874 2.2964999675750737 0.34000000357627874 -0.058000000193715089 0.099999997764825835 0.25999999791383749 -4.4735000133514395 -0.46850000321865076 0.61405000090599071 -0.29199999570846552 0.24511111527681353 0.52599999308586132 -0.10111111029982565 0.39583334326744085 0.62000000476837169 0.52500000596046459 5.1105892658233651 0.24583332985639575 0.39305000007152563 3.1846666336059575 1.4269999861717226 -9.6013193130493146 -0.17911110818386075 -0.078583333641290651 0.60167533159255993 0.080166663974523558
decision_type=2 2 2 2 2 2 2 2 2 2 2 2 2 2 2 2 2 2 2 2 2 2 2 2 2 2 2 2 2 2
left_child=2 5 -1 6 20 13 12 9 -9 10 11 -7 -3 24 -15 16 19 18 21 -16 -5 -18 -23 25 -2 -8 -11 -26 -29 -28
right_child=1 3 -4 4 -6 7 23 8 -10 26 -12 -13 -14 14 15 -17 17 -19 -20 -21 -22 22 -24 -25 27 -27 29 28 -30 -31
leaf_value=0.61369881742228882 -0.071308773234321235 0.020102037378340255 0.2246642753412818 0.36853583255147471 0.47316556984371821 0.11177225905229796 -0.056348713158525979 -0.0062552655688880802 0.066091709428575993 -0.083803605553719115 -0.042893796740098009 0.22230021182297235 0.047674742166999906 -0.020153252739528012 -0.0054294891325626215 -0.050263269503747626 0.0094770045589293132 -0.063329570175921043 0.053796323295662245 0.012770715581684642 -0.040486709991393637 0.092150580986055136 0.04976771337616729 0.1273347207438866 -0.024578437399133443 0.0066407285999455726 0.047328113321337524 0.23758192182628157 -0.025680371412875193 -0.010567711100584201
leaf_weight=23 1146 60 36 20 22 24 83 32 29 107 52 25 20 637 430 239 64 50 29 30 21 22 21 36 59 105 22 20 21 25
leaf_count=23 1146 60 36 20 22 24 83 32 29 107 52 25 20 637 430 239 64 50 29 30 21 22 21 36 59 105 22 20 21 25
internal_value=-0.000598292 -0.00110258 0.0288983 0.0049455 0.0148413 -0.00182231 0.00289474 0.00259494 0.0113934 0.000490195 0.00539604 0.0133673 0.010625 -0.00232659 -0.00128778 2.82474e-05 0.00134675 0.00682796 0.0111765 -0.000869566 0.00597561 0.00621495 0.0124419 0.000133927 -0.00359551 -0.0012766 -0.00272727 0.000999999 0.00597561 0.00244681
internal_weight=3510 3451 59 367 63 3084 304 316 61 255 101 49 80 2768 1522 885 646 186 136 460 41 107 43 224 1246 188 154 100 41 47
internal_count=3510 3451 59 367 63 3084 304 316 61 255 101 49 80 2768 1522 885 646 186 136 460 41 107 43 224 1246 188 154 100 41 47
is_linear=0
shrinkage=0.05


Tree=11
num_leaves=31
num_cat=0
split_feature=27 13 37 10 45 44 0 18 18 14 18 14 35 44 13 0 2 46 13 9 11 45 11 22 4 13 2 2 44 18
split_gain=18.5911 4.82022 3.83312 3.46993 3.12445 4.98942 4.32652 2.442 5.87247 2.05502 2.74123 1.51543 1.58456 2.10038 1.33943 1.3241 1.1259 1.0097 0.985479 0.92554 0.89152 0.814871 0.773244 0.703247 0.666317 0.644354 1.38664 1.20217 1.89091 2.27819
threshold=-4.1172997951507559 3.1846666336059575 -7.2278499603271475 -9.8927545547485334 0.67100000381469738 -1.4999999999999998 0.13999999687075618 0.48739683628082281 0.51272907853126537 0.22916666418313983 0.51450428366661083 0.38750000298023229 -0.9192499816417693 -1.0000000180025095e-35 0.021999999880790714 0.1799999997019768 0.63133332133293163 -0.65899997949600209 -0.061111111193895333 0.28923450410366064 0.051330953836441047 0.96824997663497936 0.16354220360517505 0.13584999740123752 0.85999998450279247 -0.28599999845027918 0.18666666746139529 0.63133332133293163 -2.4999999999999996 0.48206734657287603
decision_type=2 2 2 2 2 2 2 2 2 2 2 2 2 2 2 2 2 2 2 2 2 2 2 2 2 2 2 2 2 2
left_child=2 3 -1 -2 11 9 -7 22 -9 10 21 12 13 16 17 -15 18 23 -5 -16 -8 -6 -3 -14 -21 -19 -27 28 -28 -30
right_child=1 7 -4 4 5 6 20 8 -10 -11 -12 -13 14 15 19 -17 -18 25 -20 24 -22 -23 -24 -25 -26 26 27 -29 29 -31
leaf_value=0.62726391761879319 -0.04708533776267268 -0.074732085729807565 0.20571987148552717 -0.0061861095921993342 0.034235341765412521 0.0026168830886398133 0.045561639731632964 0.48568384937006992 -0.0020476988760701311 -0.017434749884845054 0.19501619727026509 -0.063301231223204163 -0.0044193121663714174 0.020214896632721583 0.023927774938171487 0.051971861889783158 0.082053772233682487 -0.060380346793552364 0.058307154279432033 -0.0074247926416194099 0.046970554275961002 -0.070138429293849322 0.51408445502784816 0.25345710334951277 0.024710779979767568 -0.022529414520552921 -0.0015127105689387672 -0.06916872901166167 0.0023956286908272525 0.070782733777123394
leaf_weight=20 1378 26 39 225 25 39 31 21 20 108 38 201 22 21 36 20 29 295 29 79 24 51 20 20 22 289 196 76 68 42
leaf_count=20 1378 26 39 225 25 39 31 21 20 108 38 201 22 21 36 20 29 295 29 79 24 51 20 20 22 289 196 76 68 42
internal_value=-0.000626782 -0.00110258 0.0272034 -0.00140309 -6.54594e-05 0.00449367 0.0141489 0.0105172 0.0193902 0.000405404 0.00508772 -0.000928145 -0.000371002 0.00271605 -0.00124454 0.0132927 0.00118374 -0.001875 0.000118109 0.00339416 0.0231818 -0.000394738 0.00260869 0.00571428 0.000940593 -0.00220497 -0.00134873 0.000628271 0.00202614 0.00727273
internal_weight=3510 3451 59 3364 1986 316 94 87 41 222 114 1670 1469 324 1145 41 283 1008 254 137 55 76 46 42 101 966 671 382 306 110
internal_count=3510 3451 59 3364 1986 316 94 87 41 222 114 1670 1469 324 1145 41 283 1008 254 137 55 76 46 42 101 966 671 382 306 110
is_linear=0
shrinkage=0.05


Tree=12
num_leaves=31
num_cat=0
split_feature=47 13 56 16 44 53 47 8 16 14 13 45 14 0 0 16 44 0 44 46 11 46 47 9 44 53 8 47 47 8
split_gain=16.8232 6.60007 5.43368 4.08337 3.63885 3.78661 3.16129 3.04215 2.35898 2.21607 2.03629 1.66097 1.4539 1.53377 1.87393 5.42135 4.59476 1.48087 1.84339 1.51685 1.21826 0.831131 0.819398 0.795392 2.52165 0.717391 0.706503 0.735101 0.679893 0.667063
threshold=14.299157142639162 3.4106665849685673 2.2964999675750737 0.29999999701976782 -1.4999999999999998 -4.6829998493194571 0.4727479368448258 1.3000000119209292 0.25999999791383749 0.32083332538604742 -0.29199999570846552 2.1798334121704106 0.39583334326744085 0.13999999687075618 0.53999999165534984 0.85999998450279247 -1.4999999999999998 0.45999999344348913 -1.4999999999999998 -0.15799999982118604 0.073351081460714354 -0.33516666293144221 0.45942759513854986 0.22005266696214679 -11.499999999999998 1.4269999861717226 1.5000000000000002 0.25519168376922613 0.94901928305625927 1.0333333611488345
decision_type=2 2 2 2 2 2 2 2 2 2 2 2 2 2 2 2 2 2 2 2 2 2 2 2 2 2 2 2 2 2
left_child=1 2 10 6 5 8 -3 29 11 -9 25 -4 13 -12 15 17 -17 18 21 -20 22 -15 -19 24 -16 -1 27 -21 -27 -6
right_child=-2 3 4 -5 7 -7 -8 9 -10 -11 12 -13 -14 14 23 16 -18 20 19 26 -22 -23 -24 -25 -26 28 -28 -29 -30 -31
leaf_value=-0.066685476397958424 0.43440067929932918 -0.10691285762792863 0.13267020983169911 0.45818327761825173 -0.019710133694115554 -0.016437743036433815 0.59046371506914408 0.043105766656573528 -0.093169463656453233 0.015096431414542841 -0.018830359436423139 0.17504429245329978 -0.061895026057554016 0.10146631290275519 -0.028576394386083601 0.025047267498404736 0.058314257494336046 0.028655108451839897 0.045433714787777177 0.025007025417120677 -0.00090238685982223362 -0.018840221261017538 0.16800972347659698 -0.022633653292752291 0.026495270162445295 0.011624922010891705 0.037392981528248631 -0.0094839779389573747 -0.035349969952771267 0.043086989866239822
leaf_weight=1152 20 31 35 22 21 176 31 22 34 24 329 22 196 66 58 29 32 26 20 51 32 359 20 468 37 23 27 46 77 24
leaf_count=1152 20 31 35 22 21 176 31 22 34 24 329 22 196 66 58 29 32 26 20 51 32 359 20 468 37 23 27 46 77 24
internal_value=-0.000726497 -0.00098854 -0.00133001 0.0128571 0.00449721 0.00155431 0.00629032 0.0131319 0.00983516 0.0221739 -0.00201444 0.0160526 -0.000935413 -0.000437501 0.000350117 0.00206215 0.0163115 0.000718701 -0.000166961 0.00472222 0.00717949 -0.00182353 0.0123913 -0.00180284 0.00236842 -0.0035623 0.00266129 0.000670102 0.000499999 0.00388889
internal_weight=3510 3490 3406 84 358 267 62 91 91 46 3048 57 1796 1600 1271 708 61 647 569 144 78 425 46 563 95 1252 124 97 100 45
internal_count=3510 3490 3406 84 358 267 62 91 91 46 3048 57 1796 1600 1271 708 61 647 569 144 78 425 46 563 95 1252 124 97 100 45
is_linear=0
shrinkage=0.05


Tree=13
num_leaves=31
num_cat=0
split_feature=27 13 16 56 44 3 4 53 16 26 10 35 14 13 18 6 13 10 3 3 46 22 13 27 3 13 9 18 8 19
split_gain=15.5404 4.44709 4.92282 3.33248 4.00528 3.47835 2.60139 1.64653 2.52936 2.40501 1.50229 1.71837 1.50703 2.47847 4.19408 1.55125 1.23335 1.06908 0.894783 0.875758 0.811194 0.904673 0.646578 0.793981 0.564382 1.00847 1.09241 1.90365 0.944557 0.562662
threshold=-4.1172997951507559 3.1846666336059575 0.29999999701976782 2.2964999675750737 -1.4999999999999998 0.1726275831460953 0.29999999701976782 -4.6829998493194571 0.25999999791383749 -2.9177500009536739 -9.9049897193908674 -0.9192499816417693 0.3458333313465119 -0.08485714346170424 0.48206734657287603 0.10555555671453477 0.021999999880790714 -13.646936416625975 0.12671032547950747 0.23068684339523318 -0.60433331131935109 0.2055500000715256 -0.17199999839067456 -0.28930000960826868 0.1726275831460953 -0.14111111313104627 0.2052717208862305 0.38514813780784612 1.1666666865348818 1.0000000180025095e-35
decision_type=2 2 2 2 2 2 2 2 2 2 2 2 2 2 2 2 2 2 2 2 2 2 2 2 2 2 2 2 2 2
left_child=6 3 17 10 7 18 -1 8 9 -5 -2 12 13 15 -15 -12 20 -3 -6 -7 21 -13 -17 -24 -22 -26 27 -27 -29 -18
right_child=1 2 -4 4 5 19 -8 -9 -10 -11 11 16 -14 14 -16 22 29 -19 -20 -21 24 -23 23 -25 25 26 -28 28 -30 -31
leaf_value=0.31302378237280065 -0.045331507106147209 -0.11790352039472769 0.4320577344540244 0.10547915323346775 -0.018724627009409769 0.040119533231656582 0.21504940488110733 -0.015615855884612125 -0.10929839274067275 0.16668280722785575 0.080375852124016878 -0.011574283517392481 -0.024410047872022826 -0.020805460766685765 0.059603531581718799 -0.022581127579138265 0.011764181794115718 0.27132319613838368 0.041487408941560298 0.04608423623935428 -0.020967198791257913 0.24052868858677653 0.24051240774907034 -0.031431924912301588 -0.03295763968326685 -0.0057131707582915182 -0.0057197381839169227 0.078852982783089054 0.015165613638532974 -0.055468576698730523
leaf_weight=39 1288 26 23 25 21 20 20 176 31 21 30 31 97 36 31 134 136 38 25 24 425 21 21 27 490 36 143 23 29 23
leaf_count=39 1288 26 23 25 21 20 20 176 31 21 30 31 97 36 31 134 136 38 25 24 425 21 21 27 490 36 143 23 29 23
internal_value=-0.000783477 -0.00121849 0.00994253 -0.00150714 0.00316326 0.0122222 0.024661 -5.92897e-05 0.00603896 0.0134783 -0.00203741 -0.00107617 0.00191489 0.00378136 0.0121642 0.00113207 -0.00190494 0.0028125 0.00260869 0.0222727 -0.00245409 0.00365384 -0.000604397 0.004375 -0.00273124 -0.00187934 0.000844155 0.00522727 0.0113462 0.0022327
internal_weight=3510 3451 87 3364 343 90 59 253 77 46 3021 1733 376 279 67 212 1357 64 46 44 1198 52 182 48 1146 721 231 88 52 159
internal_count=3510 3451 87 3364 343 90 59 253 77 46 3021 1733 376 279 67 212 1357 64 46 44 1198 52 182 48 1146 721 231 88 52 159
is_linear=0
shrinkage=0.05


Tree=14
num_leaves=31
num_cat=0
split_feature=27 13 51 9 13 8 6 3 3 2 14 20 10 46 18 51 18 37 13 16 27 2 1 18 16 16 44 12 20 3
split_gain=14.6067 3.76386 6.45412 2.77692 2.1957 2.42951 2.02913 1.85035 1.75231 2.95863 3.98725 3.89071 1.71883 1.66894 2.52768 2.47325 1.09287 1.03667 1.01635 1.06701 1.05374 1.01185 0.944453 0.85562 1.19161 1.45925 3.44195 0.810332 1.0359 1.1473
threshold=-4.1172997951507559 -0.058000000193715089 3.1790000200271611 0.46050569415092474 3.1846666336059575 0.2333333417773247 0.90000000596046459 0.1726275831460953 0.15563326328992846 0.5000000149011613 0.39583334326744085 -1.014750003814697 -12.828595161437987 2.9683333635330205 0.51450428366661083 -0.46850000321865076 0.36770370602607733 -1.0000000180025095e-35 -0.3599999994039535 0.21999999880790713 0.05269999988377095 0.27400000393390661 0.47499999403953558 0.63382220268249523 0.85999998450279247 0.97999998927116405 -5.4999999999999991 0.80426144599914562 1.2750000357627871 0.31211639940738684
decision_type=2 2 2 2 2 2 2 2 2 2 2 2 2 2 2 2 2 2 2 2 2 2 2 2 2 2 2 2 2 2
left_child=6 13 4 7 8 -6 -1 -4 -3 10 11 21 -7 18 -15 -16 -13 -18 19 20 -2 -10 -22 24 27 26 -26 28 29 -20
right_child=1 2 3 -5 5 12 -8 -9 9 -11 -12 16 -14 14 15 -17 17 -19 23 -21 22 -23 -24 -25 25 -27 -28 -29 -30 -31
leaf_value=0.15550281363256668 -0.06168920720321678 -0.016247985746023815 0.017293330131627566 5.4875071891735687e-05 0.44569834629915139 -0.050709779898614041 0.32774141498840453 0.046825621555523063 0.040120184687557098 -0.02955506609336437 -0.054375555218200311 -0.0010719784003534235 0.15523937885429726 -0.080385037465486239 0.065543789293340468 0.1948305660442019 -0.00018758932825398318 0.051902680475049146 -0.010304513978691254 -0.062307462693398402 0.079373714299849504 0.044132745950450407 -0.01148750808849903 -0.057784829463363087 -0.0024650161359038103 -0.064980933606403099 0.044221945912808647 -0.020312566529278084 0.093433275583169051 0.03511627722710009
leaf_weight=25 147 342 22 20 22 32 34 30 20 204 64 47 26 49 28 22 21 50 368 732 23 21 56 174 50 35 32 680 40 94
leaf_count=25 147 342 22 20 22 32 34 30 20 204 64 47 26 49 28 22 21 50 368 732 23 21 56 174 50 35 32 680 40 94
internal_value=-0.000854702 -0.00127644 0.00146037 0.0158333 0.000241459 0.008125 0.0238136 0.0219231 -0.000578675 0.00155738 0.00553812 0.00977987 0.00275862 -0.00227273 0.00409091 0.012 0.00516949 0.00908451 -0.00253188 -0.00379958 -0.000796461 0.0230488 0.00386076 -0.0017074 -0.00126636 0.00354701 0.00719512 -0.00174281 -0.000219125 -0.000887447
internal_weight=3510 3451 921 72 849 80 59 52 769 427 223 159 58 2530 99 50 118 71 2431 958 226 41 79 1473 1299 117 82 1182 502 462
internal_count=3510 3451 921 72 849 80 59 52 769 427 223 159 58 2530 99 50 118 71 2431 958 226 41 79 1473 1299 117 82 1182 502 462
is_linear=0
shrinkage=0.05


Tree=15
num_leaves=31
num_cat=0
split_feature=27 56 44 13 51 26 0 13 0 16 53 14 35 16 51 9 53 16 51 16 26 2 9 28 13 4 22 51 2 13
split_gain=10.3875 4.25587 3.2384 2.59163 2.29943 2.97427 2.21612 1.93156 1.7991 1.60878 1.42163 1.41598 1.76782 4.16155 4.66055 1.45135 1.4068 2.57362 1.9687 0.975606 2.45314 0.912069 0.82981 1.40057 0.937957 1.04006 0.83073 1.62648 0.926179 1.33713
threshold=-4.1172997951507559 1.5655000209808352 77.500000000000014 -0.058000000193715089 3.3835000991821294 4.5662500858306894 0.45999999344348913 -0.29199999570846552 0.45999999344348913 0.29999999701976782 3.3069999217987065 0.39583334326744085 -0.8722499907016753 0.62000000476837169 -3.1720000505447383 0.072159029543399825 -5.4879999160766593 0.25999999791383749 -0.46850000321865076 0.21999999880790713 0.97174999117851268 0.73619046807289135 0.29190769791603094 -0.16049999743700025 0.021999999880790714 0.29999999701976782 0.69115000963211071 1.453500032424927 0.27400000393390661 -0.1268571466207504
decision_type=2 2 2 2 2 2 2 2 2 2 2 2 2 2 2 2 2 2 2 2 2 2 2 2 2 2 2 2 2 2
left_child=6 2 7 16 8 10 -1 19 -5 -4 -6 12 13 -9 -15 -14 17 18 -3 20 -2 -22 23 -17 25 26 27 28 -25 -30
right_child=1 3 9 4 5 -7 -8 11 -10 -11 -12 -13 15 14 -16 22 -18 -19 -20 -21 21 -23 -24 24 -26 -27 -28 -29 29 -31
leaf_value=0.20466136421233774 -0.053531620543807494 0.086048799799593317 0.15900236379342023 -0.01039945496132638 0.020439491412885327 -0.0099367299129578986 0.10468332096038278 0.00088995834971000677 0.31042832384091484 0.39131265287980699 0.048972898777577829 -0.055264180165239873 -0.026452625095701454 -0.047651813886387805 0.049277506529991383 -0.010276826907078139 -0.0039944034354892129 -0.11875902667457022 0.17976421536686177 -0.057969254088083212 0.1233928714887659 0.15200664258282454 -0.020314080796205208 -0.0094602534633784416 0.042824481883373955 0.028005072897152757 -0.0067009697558142681 0.051756397958161851 -0.00068988994612092028 0.035603773249083447
leaf_weight=39 213 23 51 49 29 22 21 265 24 22 24 185 234 25 32 161 270 28 24 937 29 20 444 81 31 37 73 30 59 27
leaf_count=39 213 23 51 49 29 22 21 265 24 22 24 185 234 25 32 161 270 28 24 937 29 20 444 81 31 37 73 30 59 27
internal_value=-0.000625536 -0.000984344 -0.00170163 0.00331643 0.00885135 0.015 0.02 -0.00196497 0.00253425 0.00869863 0.0214151 -0.000872923 -0.000363577 0.00291925 0.0151754 -0.00126168 0.000942028 0.007 0.0141489 -0.00349875 -0.000801528 0.00928571 -0.000387064 0.00101202 0.00284024 0.00200326 0.000925925 0.00261421 0.000688622 0.00430232
internal_weight=3509 3449 2956 493 148 75 60 2883 73 73 53 1684 1499 322 57 1177 345 75 47 1199 262 49 943 499 338 307 270 197 167 86
internal_count=3509 3449 2956 493 148 75 60 2883 73 73 53 1684 1499 322 57 1177 345 75 47 1199 262 49 943 499 338 307 270 197 167 86
is_linear=0
shrinkage=0.05


Tree=16
num_leaves=31
num_cat=0
split_feature=53 45 44 13 0 20 27 27 13 0 19 44 28 17 18 36 37 37 44 46 7 56 45 44 27 18 18 48 9 45
split_gain=9.4792 3.56846 4.62501 3.33777 2.8307 3.39841 2.2025 1.86912 1.60965 1.60528 1.73247 1.52446 2.19004 4.34802 1.38347 1.35908 1.225 1.12208 0.90691 0.916571 1.01249 1.25217 1.55936 0.991768 0.957378 0.899126 1.99563 3.10777 0.718558 0.651781
threshold=-6.3244998455047599 0.64900001883506786 -1.4999999999999998 -0.39577777683734888 0.13999999687075618 6.279250144958497 -4.9100999832153311 0.068849999457597746 -0.32600000500679011 0.1799999997019768 1.0000000180025095e-35 -2.4999999999999996 -0.50045001506805409 0.54166665673255932 0.49719738960266119 2.564350008964539 -0.17014999687671659 0.60649999976158153 -12.499999999999998 0.10716666653752328 1.0000000180025095e-35 -1.9690000414848325 -0.81616666913032521 -8.4999999999999982 -0.018199999816715714 0.5304073989391328 0.48206734657287603 1.0000000180025095e-35 0.28923450410366064 0.77583333849906932
decision_type=2 2 2 2 2 2 2 2 2 2 2 2 2 2 2 2 2 2 2 2 2 2 2 2 2 2 2 2 2 2
left_child=3 8 15 -1 -4 7 -5 -6 -2 -10 11 18 13 -13 -8 29 -16 -9 -11 20 21 22 -20 -22 -23 26 28 -28 -14 -3
right_child=1 2 4 6 5 -7 14 17 9 10 -12 12 25 -15 16 -17 -18 -19 19 -21 23 24 -24 -25 -26 -27 27 -29 -30 -31
leaf_value=-0.0017866409738636069 -0.048683397743172749 0.032661831869123803 -0.0050352000623082593 0.21849455143193888 0.29714836266401118 -0.014538396016384819 0.061920776143388395 0.042615352752524586 -0.01705446132848825 -0.038339426036176211 -0.047909793479647106 0.0033581204974823839 0.019909877356003677 0.043979681229932392 0.26238213936914317 0.11438267974288224 0.17880067952256809 0.025236300985292517 0.047906687602609278 -0.028710755907313458 0.0042005674079686403 0.025091298770209165 0.14778878948292615 0.037761977542318886 -0.013674071474098963 -0.014488065247129776 0.3585868772279498 -0.00092437358648505554 -0.02612771368226581 -0.024616924119083228
leaf_weight=40 1049 46 39 26 20 22 31 20 474 112 165 54 59 38 20 26 20 22 68 177 72 149 20 23 226 148 26 34 90 193
leaf_count=40 1049 46 39 26 20 22 31 20 474 112 165 54 59 38 20 26 20 22 68 177 72 149 20 23 226 148 26 34 90 193
internal_value=-0.000739528 -0.00126335 0.00324742 0.0121533 0.0112602 0.0164286 0.0171649 0.0224194 -0.00184987 -0.000994833 -0.000174539 0.000439814 0.0027951 0.00967391 0.0126056 -0.000471699 0.01875 0.0164286 -0.000808738 -0.000170069 0.000824372 -0.00014039 0.00522727 0.00552631 -0.0014 0.00102241 0.00313397 0.0108333 3.35559e-05 -0.00165272
internal_weight=3509 3372 388 137 123 84 97 62 2984 1935 1461 1296 449 92 71 265 40 42 847 735 558 463 88 95 375 357 209 60 149 239
internal_count=3509 3372 388 137 123 84 97 62 2984 1935 1461 1296 449 92 71 265 40 42 847 735 558 463 88 95 375 357 209 60 149 239
is_linear=0
shrinkage=0.05


Tree=17
num_leaves=31
num_cat=0
split_feature=53 2 56 44 44 10 9 5 27 16 44 14 35 16 44 16 46 3 18 18 16 8 9 46 53 47 20 16 26 8
split_gain=8.59513 3.20154 2.85426 2.68219 2.46238 2.08756 2.25752 1.85884 1.84352 1.68133 1.38053 1.68432 1.84876 2.70297 4.22503 1.3009 1.14966 1.04582 1.15024 1.26139 1.02437 1.00793 1.27114 0.93183 0.89166 1.3328 0.58072 0.532036 1.49852 0.528926
threshold=-6.3244998455047599 0.30200000107288366 2.029500007629395 -1.4999999999999998 81.500000000000014 -9.2662262916564924 0.14757101237773898 0.42499999701976782 -4.1172997951507559 0.38000001013278967 -10.499999999999998 0.3458333313465119 -0.9192499816417693 0.62000000476837169 -2.4999999999999996 0.21999999880790713 0.061833333224058158 0.1726275831460953 0.53235557675361644 0.52242678403854381 0.25999999791383749 1.2333333492279055 0.2454541698098183 -0.56000000238418568 1.1299999952316286 3.7337081432342534 -1.970750033855438 0.1799999997019768 0.88650000095367443 1.3000000119209292
decision_type=2 2 2 2 2 2 2 2 2 2 2 2 2 2 2 2 2 2 2 2 2 2 2 2 2 2 2 2 2 2
left_child=1 8 4 15 10 -5 -7 20 -1 -6 27 12 13 24 26 -4 -8 23 19 21 -3 -19 -23 -14 29 -26 -15 28 -2 -12
right_child=2 7 3 5 9 6 16 -9 -10 -11 11 -13 17 14 -16 -17 -18 18 -20 -21 -22 22 -24 -25 25 -27 -28 -29 -30 -31
leaf_value=0.24768021770050253 -0.044816472934602877 0.15222846525095862 0.10307374731877313 -0.010724725806495354 0.22241804058271875 0.0011754837903601792 0.039990557894666191 -0.073075826171988781 0.17004778967953335 0.36011934315030603 -0.023180557518997641 -0.01903445227670543 0.0066093236877874028 0.018907365404468839 0.045468501292871479 -0.0095196664547073824 0.012286784002185965 -0.0032235854588444357 -0.025745728377365613 0.09280305318270321 0.031884710955707531 0.067866179751518693 0.0052288802111418974 -0.017245032455895811 0.21569608096548595 -0.082837801465004524 -0.022441145180680966 -0.051511826032255764 0.22534119124806107 0.038692063181820072
leaf_weight=21 54 31 37 34 41 23 28 33 25 20 161 401 21 21 29 185 21 456 350 37 27 25 37 444 26 35 20 806 21 39
leaf_count=21 54 31 37 34 41 23 28 33 25 20 161 401 21 21 29 185 21 456 350 37 27 25 37 444 26 35 20 806 21 39
internal_value=-0.000853521 0.0114234 -0.00135231 0.00307927 -0.00182983 0.00962264 0.0144444 0.00598901 0.0221739 0.00811475 -0.00203319 -0.00133682 -0.000649619 0.00270393 0.0114286 -4.50462e-05 0.0205102 -0.00145986 -0.000469614 0.000945945 0.0113793 0.000308879 0.00629032 -0.0033871 0.000363983 0.00565574 0.00109756 -0.00369467 0.000333332 -0.00125
internal_weight=3509 137 3372 328 3044 106 72 91 46 61 2983 2102 1701 331 70 222 49 1370 905 555 58 518 62 465 261 61 41 881 75 200
internal_count=3509 137 3372 328 3044 106 72 91 46 61 2983 2102 1701 331 70 222 49 1370 905 555 58 518 62 465 261 61 41 881 75 200
is_linear=0
shrinkage=0.05


Tree=18
num_leaves=31
num_cat=0
split_feature=53 35 13 51 8 51 3 2 14 16 44 21 9 20 16 20 36 13 2 14 8 0 2 36 10 12 27 14 56 51
split_gain=8.11106 3.36092 3.208 4.56957 3.32348 2.53984 1.90921 2.37641 4.10904 5.92137 1.89641 1.86341 1.44625 1.3 1.14727 1.94247 1.4763 1.31619 1.61081 1.44199 2.12931 1.3685 1.05307 1.41482 0.890572 0.840164 0.813208 0.779481 1.06138 1.27769
threshold=-6.3244998455047599 -12.266499996185301 -0.058000000193715089 3.3835000991821294 1.0333333611488345 -0.10249999910593031 0.15563326328992846 0.5000000149011613 0.39583334326744085 0.62000000476837169 -4.4999999999999991 -2.7893999814987178 1.0793727040290835 2.3622500896453862 0.21999999880790713 1.4394999742507937 0.96959999203681957 -0.19377777725458142 0.24511111527681353 0.35416665673255926 1.4333333373069765 0.58000001311302196 0.34999999403953558 -0.048299999907612794 -10.060362815856932 0.34747868776321417 0.67544999718666088 0.087500002235174193 -1.6599999666213987 -1.9135000109672544
decision_type=2 2 2 2 2 2 2 2 2 2 2 2 2 2 2 2 2 2 2 2 2 2 2 2 2 2 2 2 2 2
left_child=1 -1 14 6 -5 11 -4 8 9 10 -8 -3 -9 -6 15 16 26 27 -19 20 21 22 -20 -24 -17 -13 -2 28 29 -16
right_child=2 5 3 4 13 -7 7 12 -10 -11 -12 25 -14 -15 17 24 -18 18 19 -21 -22 -23 23 -25 -26 -27 -28 -29 -30 -31
leaf_value=0.16249375860333204 -0.025215176072962767 0.20320787261722728 -0.012542242694317578 -0.0090689672797427227 0.02867213879515601 0.16132081943149165 0.040427291287055606 -0.041457042093559285 -0.049969217658531587 0.045548958827069247 0.033429032034225481 0.12275545859382109 0.016023955796833057 0.040313770513457581 -0.026242706211163438 0.036189377234831933 0.10644774013392254 -0.028004964958324486 0.0032060754397078791 -0.027178651410562776 0.049446276648015375 -0.029763210229147064 -0.0043128669117936643 0.06422650636303795 0.19709261519104343 -0.10735709328493451 0.11351285024916349 -0.051664217740779728 -0.020295457802582878 0.17251147351214202
leaf_weight=20 384 35 370 23 32 21 20 159 66 28 130 20 67 20 41 22 26 284 95 84 25 88 25 32 27 41 49 1015 235 25
leaf_count=20 384 35 370 23 32 21 20 159 66 28 130 20 67 20 41 22 26 284 95 84 25 88 25 32 27 41 49 1015 235 25
internal_value=-0.00086777 0.0110584 -0.00135231 0.00117486 0.013 0.00782051 0.000119046 0.00223404 0.00565574 0.00960674 0.00566667 0.004375 -0.00146018 0.02 -0.00229345 -0.000177167 -0.00118737 -0.00284505 -0.000971565 0.00130372 0.00311321 0.00166667 0.00453947 0.00991228 0.00928571 -0.000901641 -0.00188222 -0.0037462 -0.00151163 0.00409091
internal_weight=3509 137 3372 915 75 117 840 470 244 178 150 96 226 52 2457 508 459 1949 633 349 265 240 152 57 49 61 433 1316 301 66
internal_count=3509 137 3372 915 75 117 840 470 244 178 150 96 226 52 2457 508 459 1949 633 349 265 240 152 57 49 61 433 1316 301 66
is_linear=0
shrinkage=0.05


Tree=19
num_leaves=31
num_cat=0
split_feature=27 56 44 44 10 47 13 35 19 9 0 44 9 16 28 44 46 47 14 20 35 27 8 9 45 16 12 10 27 0
split_gain=7.729 3.67549 3.86384 2.06633 2.17293 1.74532 1.72678 1.62885 1.57884 1.4278 1.32489 1.31837 1.22736 1.16926 4.74102 2.42269 1.03633 0.942308 0.926157 1.3137 1.24126 0.873452 1.30849 1.94371 1.88255 1.09187 0.76727 0.695841 1.65417 1.89062
threshold=-4.9100999832153311 2.029500007629395 77.500000000000014 -1.4999999999999998 -9.3615336418151838 0.46601504087448126 -0.29199999570846552 -0.26775000989437098 1.0000000180025095e-35 0.23607748746871951 0.13999999687075618 -11.499999999999998 1.3429035544395449 0.62000000476837169 -0.4664000123739242 -1.4999999999999998 0.10383333265781404 1.6734137535095217 0.15416666865348819 0.014500000048428776 -0.76374998688697804 -0.018199999816715714 1.3000000119209292 0.24026839435100558 -0.068750001490116106 0.29999999701976782 0.35544736683368688 -9.9153690338134748 -0.050800001248717301 0.45999999344348913
decision_type=2 2 2 2 2 2 2 2 2 2 2 2 2 2 2 2 2 2 2 2 2 2 2 2 2 2 2 2 2 2
left_child=-1 2 6 7 -5 12 18 -3 10 17 -8 -12 -4 16 15 -15 21 -6 19 -2 -21 22 26 24 -24 -23 -13 -9 29 -29
right_child=1 3 5 4 9 -7 8 27 -10 -11 11 13 -14 14 -16 -17 -18 -19 -20 20 -22 25 23 -25 -26 -27 -28 28 -30 -31
leaf_value=0.14990777214450887 -0.033033793833076495 0.099592427616614118 0.27245498174959859 -0.01197408028675514 0.00022072506430636602 0.33603822652402376 -0.014890466114806622 -0.063548507790306977 -0.046565877715451363 0.047501573219732675 -0.019392051840185519 0.049143813238527588 -0.11174836082236922 0.015684542501287462 -0.0013004987476917238 0.040726864716174815 -0.020950439005214941 0.036937125065534336 -0.058790321685503293 0.10822416277264194 -0.00025594627783866777 0.0063046232033610247 0.066733704793547788 -0.01518477674801459 0.0077866832915495917 -0.027970587790471704 -0.0012735168785889088 -0.0016861452105264977 -0.0079168811465267063 0.13545665257567022
leaf_weight=34 387 20 20 36 26 36 330 66 208 24 136 24 31 21 131 30 210 26 658 27 141 311 23 28 24 138 169 32 130 32
leaf_count=34 387 20 20 36 26 36 330 66 208 24 136 24 31 21 131 30 210 26 658 27 141 311 23 28 24 138 169 32 130 32
internal_value=-0.000782275 -0.00101439 -0.00159423 0.00354592 0.00928571 0.0087931 -0.00189586 0.00125 -0.000905778 0.0140789 -0.000365081 0.000381525 0.00284314 0.000951306 0.00461538 0.017549 0.00023193 0.00942308 -0.0033512 -0.00184685 0.00184524 0.00113668 0.00339552 0.009 0.0152128 -0.000211582 0.00121762 0.000192307 0.00170103 0.00828125
internal_weight=3509 3475 3083 392 112 87 2996 280 1783 76 1575 1245 51 1109 182 51 927 52 1213 555 168 717 268 75 47 449 193 260 194 64
internal_count=3509 3475 3083 392 112 87 2996 280 1783 76 1575 1245 51 1109 182 51 927 52 1213 555 168 717 268 75 47 449 193 260 194 64
is_linear=0
shrinkage=0.05


Tree=20
num_leaves=31
num_cat=0
split_feature=27 13 53 26 14 18 18 16 20 16 45 46 17 37 37 18 3 46 45 10 46 14 48 3 36 18 46 26 13 36
split_gain=7.59137 3.08762 2.76869 2.1367 1.87806 1.85551 5.45473 2.07261 1.94105 1.53916 1.51779 1.2539 1.467 1.10909 2.20511 0.874361 1.59712 0.795179 0.781198 0.678282 0.664495 0.817494 0.785134 0.869799 0.653923 0.627264 0.551828 0.530615 0.482902 0.888674
threshold=-4.9100999832153311 -0.29199999570846552 2.873000025749207 0.63350000977516185 0.39583334326744085 0.48206734657287603 0.48934602737426763 0.38000001013278967 -1.9302499890327451 0.49999998509883886 1.0699166655540469 0.53049999475479137 0.12500000372529033 3.685000061988831 1.6653999686241152 0.49692437052726751 0.25274377316236502 -0.5129999816417693 -0.34366667270660395 -9.6013193130493146 0.13350000232458117 0.23749999701976779 1.0000000180025095e-35 0.1726275831460953 -0.89140000939369191 0.49489241838455206 -0.18900000303983686 3.7920000553131108 -0.018000000156462189 0.6662999987602235
decision_type=2 2 2 2 2 2 2 2 2 2 2 2 2 2 2 2 2 2 2 2 2 2 2 2 2 2 2 2 2 2
left_child=-1 11 4 -4 5 28 7 -7 9 24 15 17 -13 14 25 16 -10 18 27 -17 21 -21 -23 -24 -8 26 -5 -2 -3 -30
right_child=1 2 3 13 -6 6 8 -9 10 -11 -12 12 -14 -15 -16 19 -18 -19 -20 20 -22 22 23 -25 -26 -27 -28 -29 29 -31
leaf_value=0.18815461983338325 -0.026668305868009536 -0.010725168283742419 0.04842644485099859 0.092246490017391769 -0.044695874971876159 0.0089752160922247255 0.22802026899605693 0.28846461203753199 -0.0062991207109769536 0.036088520453093839 0.10399888098896892 0.11992900063531085 -0.050161613460113975 -0.05271965492389552 0.031996015333958037 -0.023060626739479298 0.063432938300504407 -0.048340723786674838 0.014699832597530538 -0.0026437523908782196 -0.029197218175888957 -0.0064771475162330675 0.00063622689697222625 0.051123290649511613 -0.00081943911021631799 -0.019772020774715196 0.016684054733786782 0.095541123334789882 -0.0022768045765461597 0.19968444130981311
leaf_weight=35 68 737 27 21 215 20 22 31 52 20 23 30 53 29 25 259 30 1154 34 174 51 28 23 31 39 32 26 20 204 24
leaf_count=35 68 737 27 21 215 20 22 31 52 20 23 30 53 29 25 259 30 1154 34 174 51 28 23 31 39 32 26 20 204 24
internal_value=-0.00102771 -0.00125928 -7.69961e-05 0.00625 -0.000587495 -5.09062e-05 0.00172478 0.017549 0.000651595 0.00796296 -0.000231 -0.00312362 0.00283132 0.00364662 0.00605769 -0.000679014 0.00414634 -0.00351097 0.000327868 -0.00137809 0.000211725 0.00125 0.00536585 0.00888889 0.00401639 0.00196202 0.0056383 -0.00215909 -0.0015285 0.000482455
internal_weight=3537 3502 2143 160 1983 1768 803 51 752 81 671 1359 83 133 104 648 82 1276 122 566 307 256 82 54 61 79 47 88 965 228
internal_count=3537 3502 2143 160 1983 1768 803 51 752 81 671 1359 83 133 104 648 82 1276 122 566 307 256 82 54 61 79 47 88 965 228
is_linear=0
shrinkage=0.05


Tree=21
num_leaves=31
num_cat=0
split_feature=27 13 14 14 26 53 35 16 11 13 53 2 53 10 17 20 20 2 9 5 0 56 16 18 10 2 0 16 11 12
split_gain=7.60991 2.42383 2.39752 2.77072 3.88683 3.69732 1.34177 1.96309 0.905797 0.89595 0.880667 1.05788 0.938068 0.780103 0.708766 0.916875 0.700579 0.626237 0.808069 1.2196 0.788628 0.625602 1.11514 0.843006 0.625 0.499352 0.829132 1.23838 0.915719 0.561207
threshold=-4.9100999832153311 -0.29199999570846552 0.33750000596046453 0.29583333432674414 -1.092999994754791 2.873000025749207 -2.1870000362396236 0.21999999880790713 0.00089518545428290974 -0.018000000156462189 3.3069999217987065 0.30200000107288366 -6.3244998455047599 -15.335126876831053 0.54166665673255932 0.38400000333786016 1.1947500109672549 0.43199999630451208 0.18338157981634143 0.42499999701976782 1.1399999856948855 1.0915000438690188 0.25999999791383749 0.56865182518959057 -8.6921882629394513 0.24511111527681353 0.65999999642372142 0.85999998450279247 0.018459099344909195 0.38265395164489752
decision_type=2 2 2 2 2 2 2 2 2 2 2 2 2 2 2 2 2 2 2 2 2 2 2 2 2 2 2 2 2 2
left_child=-1 6 3 9 -5 8 7 -2 -6 10 12 -12 -3 -11 15 -4 -17 18 -15 -20 -19 -8 23 -23 -7 -14 27 29 -29 -27
right_child=1 2 14 4 5 24 21 -9 -10 13 11 -13 25 17 -16 16 -18 20 19 -21 -22 22 -24 -25 -26 26 -28 28 -30 -31
leaf_value=0.17874688884171408 0.12222852667323308 0.089246827761235548 -0.012446945125413729 0.037695656121441323 0.052485860362824335 0.02605102009863924 -0.044212863428912549 -0.047175365749289683 -0.0047580339833652114 0.27404136938191237 -0.0219154515910507 0.090235068435797872 -0.015615824423173361 -0.0011793110787292221 -0.037426803787247789 0.012814054933776931 -0.0024451740454580935 -0.041420971884624389 0.027137323382659201 0.049031105010686277 0.005760006500530203 -0.010681692208436139 -0.068048180251578064 0.11203336908624273 0.03858415991860431 0.02397148463001221 -0.040222572038829563 0.034710057089700597 0.0011035015175010654 -0.010021251951752064
leaf_weight=35 35 27 120 37 23 20 1099 73 115 31 39 21 366 66 283 21 31 141 83 39 31 38 91 23 20 104 111 26 20 368
leaf_count=35 35 27 120 37 23 20 1099 73 115 31 39 21 366 66 283 21 31 141 83 39 31 38 91 23 20 104 111 26 20 368
internal_value=-0.00105598 -0.00128784 -0.000240319 0.000627961 0.00593023 0.00286517 -0.00293966 0.00240741 -0.00101449 -0.000145962 -0.000887247 0.005 -0.00123288 0.00190537 -0.00346154 -0.000930234 0.00461538 0.00125 0.00324468 0.00565574 -0.000930234 -0.00340128 -0.000394738 0.00483606 0.01625 -0.00148241 -0.000627982 0.000212354 0.00804348 -0.000550849
internal_weight=3537 3502 2143 1688 215 178 1359 108 138 1473 1082 60 1022 391 455 172 52 360 188 122 172 1251 152 61 40 995 629 518 46 472
internal_count=3537 3502 2143 1688 215 178 1359 108 138 1473 1082 60 1022 391 455 172 52 360 188 122 172 1251 152 61 40 995 629 518 46 472
is_linear=0
shrinkage=0.05


Tree=22
num_leaves=31
num_cat=0
split_feature=47 13 14 14 26 9 0 46 13 13 18 14 13 16 16 46 14 22 18 47 18 18 10 46 18 18 18 5 46 16
split_gain=6.92906 2.44192 2.38148 1.82141 2.56064 1.69049 2.98167 1.48299 1.38794 1.59377 1.31364 1.60303 1.31179 1.66137 2.98837 1.13567 1.09884 1.12963 1.04314 1.42152 0.728015 0.782732 0.703247 0.603917 0.584384 0.556625 1.16297 1.00196 0.859524 0.555999
threshold=14.299157142639162 -0.42933334410190577 0.32916666567325598 0.29583333432674414 -1.392750024795532 0.13929094374179843 0.53999999165534984 0.91733333468437206 -0.14449999481439588 -0.027333334088325497 0.44573332369327551 0.10416666790843011 0.056888889521360404 0.34000000357627874 0.4200000017881394 -0.36749999225139612 0.10416666790843011 0.52799999713897716 0.42599999904632574 0.83627372980117809 0.53235557675361644 0.52525740861892711 -9.2962894439697248 2.9683333635330205 0.75272428989410411 0.49692437052726751 0.48206734657287603 0.42499999701976782 -0.012833333574235438 0.45999999344348913
decision_type=2 2 2 2 2 2 2 2 2 2 2 2 2 2 2 2 2 2 2 2 2 2 2 2 2 2 2 2 2 2
left_child=1 23 3 7 -5 -6 8 12 -7 -10 -9 -12 15 -14 -15 16 17 18 -3 -20 21 25 -23 -1 -16 26 -17 28 -28 -4
right_child=-2 2 29 4 5 6 -8 10 9 -11 11 -13 13 14 24 20 -18 -19 19 -21 -22 22 -24 -25 -26 -27 27 -29 -30 -31
leaf_value=-0.043989723722990565 0.31887954911303018 0.0012730763514093449 -0.003610720031046068 0.026173844351312321 -0.0070643889059291672 0.02609521760113781 -0.010534403058924264 -0.013015128990656492 0.050003440880930061 0.019698212471855752 0.11972524693937059 0.063315696123233053 -0.0030513794581128848 0.29409204604707345 -0.014570408548494658 -0.0096386910127401748 -0.0061180455339220827 -0.016129432038991542 0.22635933856259319 0.17246341775556276 -0.025821959556085145 -0.0088040125129541791 0.20250318165838088 0.058154286833228347 0.0051186101890194589 -0.025111559963687319 0.011364575238589749 0.043255167526271787 -0.013757106114487098 -0.041430201238439157
leaf_weight=698 22 39 273 31 59 32 69 36 32 23 20 24 151 22 25 771 87 30 25 34 418 22 20 32 23 113 28 34 42 302
leaf_count=698 22 39 273 31 59 32 69 36 32 23 20 24 151 22 25 771 87 30 25 34 418 22 20 32 23 113 28 34 42 302
internal_value=-0.00115493 -0.00133002 -0.000655297 9.04965e-05 0.00414634 0.0022093 0.0049359 -0.000417516 0.011092 0.0159091 0.00625 0.0120455 -0.000700638 0.00291855 0.00928571 -0.0011816 0.0022093 0.00515625 0.0077551 0.0119492 -0.00168508 -0.000970875 0.00571428 -0.00390411 0.00229167 -0.00125506 -0.000828573 0.00413461 0.000714285 -0.00352174
internal_weight=3537 3515 2785 2210 246 215 156 1964 87 55 80 44 1884 221 70 1663 215 128 98 59 1448 1030 42 730 48 988 875 104 70 575
internal_count=3537 3515 2785 2210 246 215 156 1964 87 55 80 44 1884 221 70 1663 215 128 98 59 1448 1030 42 730 48 988 875 104 70 575
is_linear=0
shrinkage=0.05


Tree=23
num_leaves=31
num_cat=0
split_feature=27 44 19 9 18 17 10 8 44 0 47 10 18 9 46 8 44 26 35 35 36 20 47 27 46 51 0 9 11 11
split_gain=5.56514 2.77436 1.77417 1.45882 1.76475 2.19275 2.49477 1.51591 2.90909 1.03513 1.02079 1.5447 1.01676 0.9 0.881474 0.937109 1.68896 0.853369 0.835698 0.819616 0.658932 1.14635 0.65011 0.57424 0.542102 0.519576 1.231 0.579283 1.44231 0.485203
threshold=-5.3254001140594474 -10.499999999999998 1.0000000180025095e-35 0.10974419489502908 0.63382220268249523 0.62500000000000011 -9.1838188171386701 0.16666667163372043 70.500000000000014 1.1399999856948855 0.62014618515968334 -8.3447813987731916 0.62279999256134044 0.1723967716097832 -0.010999999940395353 1.2333333492279055 -6.4999999999999991 -1.0009999871253965 -2.4787501096725459 -3.6482499837875362 -0.23945000022649762 1.6717500090599062 4.0140035152435312 -0.099649999290704713 2.9683333635330205 0.083499997854232802 0.49999998509883886 0.20361831039190295 0.029298512265086177 -0.35092376172542566
decision_type=2 2 2 2 2 2 2 2 2 2 2 2 2 2 2 2 2 2 2 2 2 2 2 2 2 2 2 2 2 2
left_child=-1 18 3 22 5 7 17 8 10 -6 -5 -12 14 -8 15 25 -17 -7 19 -2 -18 -22 -3 -19 -20 29 27 -27 -29 -9
right_child=1 2 -4 4 9 6 13 12 -10 -11 11 -13 -14 -15 -16 16 20 23 24 -21 21 -23 -24 -25 -26 26 -28 28 -30 -31
leaf_value=0.18217599109655713 -0.056867551649148446 -0.015822618731499045 -0.038214858756520365 0.0003373278450408343 -0.043880955699539495 0.021265331496410939 0.01801596892562372 0.048051559615861453 0.31225957186295999 0.0041558864427562727 0.2382847781854002 -0.062052603583155987 0.079012400598127031 0.034716958732975603 -0.0063575428251334484 -0.019425192346334535 0.040827003004476316 -0.015644650650351484 -0.041153316726004051 0.07754198918539712 0.00064012088240563217 0.026436421024511093 0.078542842059641557 0.021158666661950959 0.050949961676058392 -0.005784274509897218 0.051314865825118045 -0.041373129460145167 0.030680368032299628 -0.01166214391402285
leaf_weight=23 35 456 205 143 227 39 20 27 20 37 36 21 23 20 663 44 39 43 877 32 47 24 24 36 36 80 37 25 27 171
leaf_count=23 35 456 205 143 227 39 20 27 20 37 36 21 23 20 663 44 39 43 877 32 47 24 24 36 36 80 37 25 27 171
internal_value=-0.00125389 -0.00141434 -0.000540648 -0.000148133 0.000489453 0.00111987 0.00670886 0.00050105 0.00431818 -0.00329546 0.0025 0.00815789 -0.000194699 0.0175 -0.000396961 0.00114203 0.00441558 0.00305085 -0.00367347 0.00171642 0.00772727 0.00485915 -0.00260417 6.32899e-05 -0.004069 -0.000231609 0.00180473 -0.000454547 0.00365384 -0.0019697
internal_weight=3537 3514 2534 2329 1849 1585 158 1427 220 264 200 57 1207 40 1184 521 154 118 980 67 110 71 480 79 913 367 169 132 52 198
internal_count=3537 3514 2534 2329 1849 1585 158 1427 220 264 200 57 1207 40 1184 521 154 118 980 67 110 71 480 79 913 367 169 132 52 198
is_linear=0
shrinkage=0.05


Tree=24
num_leaves=31
num_cat=0
split_feature=27 44 14 14 26 56 13 46 53 3 13 46 9 2 16 46 17 9 53 14 46 8 47 14 9 5 53 16 0 44
split_gain=5.60372 2.44947 2.15023 1.87723 2.14773 2.08333 1.28922 2.70409 1.21394 1.08186 1.40869 1.9745 1.60303 0.865195 0.878177 0.789672 1.76623 0.774107 0.745665 1.42917 0.634645 0.681455 0.614512 0.815547 0.937873 0.529809 0.511225 0.50706 0.494726 0.590749
threshold=-5.3254001140594474 -10.499999999999998 0.32916666567325598 0.29583333432674414 -1.0784999728202818 -1.1614999771118162 -0.018000000156462189 0.33383333683013922 -7.0399999618530265 0.15563326328992846 -0.18733333051204679 0.022166666574776176 0.24720886349678042 0.66999998688697826 0.85999998450279247 0.53049999475479137 0.12500000372529033 0.20006661117076877 3.3069999217987065 0.054166667163372047 0.097833331674337401 1.1666666865348818 11.555199146270754 0.020833333954215053 1.2790061235427859 0.42499999701976782 1.3705000281333926 0.45999999344348913 0.13999999687075618 -1.0000000180025095e-35
decision_type=2 2 2 2 2 2 2 2 2 2 2 2 2 2 2 2 2 2 2 2 2 2 2 2 2 2 2 2 2 2
left_child=-1 15 3 6 5 -5 8 20 -3 -6 -11 12 -12 14 18 -2 -17 -16 28 -20 21 22 23 24 25 -8 -25 -4 -10 -30
right_child=1 2 27 4 9 -7 7 -9 13 10 11 -13 -14 -15 17 16 -18 -19 19 -21 -22 -23 -24 26 -26 -27 -28 -29 29 -31
leaf_value=0.17306719154172928 -0.038798013217234417 0.078100207029843091 -0.0021239145418764228 0.017256532259395673 -0.0054255885177781809 0.032386970050913913 -0.0090921015007603325 0.29805382139852893 -0.018441208664735941 -0.030396570230238618 0.038301950892848498 -0.0017914001156221987 0.027369655117460857 -0.04449708569700464 -0.0017647099410317011 0.10138312238226405 -0.072291848738459272 0.034559247662119111 0.18290812034342943 -0.0043101277886615592 -0.025621838805539046 0.028081383258484 0.17664661422748382 -0.014367600602389728 0.16497887179766219 0.0070623850795109126 0.01632460889542409 -0.036688669441083843 -0.0062034521128029882 0.013932710339409944
leaf_weight=23 924 23 239 24 54 24 72 20 204 44 24 34 20 170 32 22 34 28 20 64 38 28 26 113 32 31 20 279 815 56
leaf_count=23 924 23 239 24 54 24 72 20 204 44 24 34 20 170 32 22 34 28 20 64 38 28 26 113 32 31 20 279 815 56
internal_value=-0.00133871 -0.00149972 -0.00067877 5.95226e-05 0.004375 0.01375 -0.000479912 0.00210526 -0.00117564 0.00181818 0.00442623 0.00846154 0.0154545 -0.00136429 -0.000898278 -0.00362245 0.00214286 0.005 -0.00120363 0.00333333 0.00111111 0.0018323 0.00112245 0.000410447 0.00314815 0.000825242 -0.00236842 -0.00355212 -0.00155814 -0.00103904
internal_weight=3537 3514 2534 2016 224 48 1792 380 1412 176 122 78 44 1389 1219 980 56 60 1159 84 360 322 294 268 135 103 133 518 1075 871
internal_count=3537 3514 2534 2016 224 48 1792 380 1412 176 122 78 44 1389 1219 980 56 60 1159 84 360 322 294 268 135 103 133 518 1075 871
is_linear=0
shrinkage=0.05


Tree=25
num_leaves=31
num_cat=0
split_feature=27 13 19 13 18 18 18 35 17 12 53 47 46 18 13 10 46 4 11 10 18 6 35 8 46 11 5 20 13 35
split_gain=4.71598 1.87409 1.81447 1.27146 0.970129 1.48761 3.2852 1.78882 1.85187 1.63227 1.54784 3.00833 1.1318 0.957898 0.938191 0.869095 0.998487 0.900691 0.926655 1.25325 1.39683 1.10738 0.810805 1.40436 0.76867 1.03776 1.01818 0.981818 0.695517 0.677329
threshold=-5.3254001140594474 -0.3599999994039535 1.0000000180025095e-35 3.7548888921737675 0.63382220268249523 0.48206734657287603 0.48934602737426763 -1.1447499990463255 0.54166665673255932 0.85510832071304332 3.8374999761581425 3.681856751441956 3.7731666564941411 0.59384918212890636 -0.34733332693576807 -9.6013193130493146 0.10716666653752328 0.059999998658895499 0.26502843201160436 -9.3239407539367658 0.5304073989391328 0.70000001788139354 0.3575000017881394 0.2333333417773247 0.33383333683013922 0.17400176078081134 0.075000001117587103 1.0000000180025095e-35 0.084222219884395613 2.1507499217987065
decision_type=2 2 2 2 2 2 2 2 2 2 2 2 2 2 2 2 2 2 2 2 2 2 2 2 2 2 2 2 2 2
left_child=-1 24 3 4 5 10 9 8 13 -7 14 -12 15 -8 -3 -9 17 -17 19 21 -21 -19 -16 -24 -2 26 -26 -28 -6 -25
right_child=1 2 -4 -5 28 6 7 12 -10 -11 11 -13 -14 -15 22 16 -18 18 -20 20 -22 -23 23 29 25 -27 27 -29 -30 -31
leaf_value=0.31507404953108953 -0.037773394834535824 0.019149231051596945 -0.034499577759596521 0.28315111661467063 -0.038744173130247396 0.20053821527711704 -0.001524664717717749 -0.01490855990001975 0.021880065360950343 0.0073741758005125696 0.072752968574359284 -0.040935804990758301 0.096742942674349755 0.093176977254432858 -0.01149778095719332 -0.0026782726732825111 -0.015771417393370447 0.042595528878930769 -0.002631225696772611 0.11889944863463149 -0.0033514520628861429 0.11213126566716206 0.20871658869983484 0.0013425976438796302 0.17639556572822512 -0.066561102833154542 -0.063660559109599973 0.11487330483388498 0.012225911566078001 -0.021496562562469037
leaf_weight=26 871 22 218 30 246 28 69 329 29 30 20 40 22 20 792 65 87 20 20 33 63 23 23 183 22 53 33 22 26 63
leaf_count=26 871 22 218 30 246 28 69 329 29 30 20 40 22 20 792 65 87 20 20 33 63 23 23 183 22 53 33 22 26 63
internal_value=-0.00121599 -0.0013735 -0.000641744 -0.000225582 -0.000361741 2.27146e-05 0.00162291 0.00076923 0.00644068 0.0131034 -0.00115048 0.00666667 -0.000241693 0.00286517 -0.00158357 -0.000625001 0.0012701 0.00303571 0.00506289 0.00651079 0.00333333 0.0136046 -0.00179548 0.000576207 -0.0032018 0.000384614 0.00409091 0.000454544 -0.00316177 -0.000528456
internal_weight=3528 3502 2501 2283 2253 1981 838 780 118 58 1143 60 662 89 1083 640 311 224 159 139 96 43 1061 269 1001 130 77 55 272 246
internal_count=3528 3502 2501 2283 2253 1981 838 780 118 58 1143 60 662 89 1083 640 311 224 159 139 96 43 1061 269 1001 130 77 55 272 246
is_linear=0
shrinkage=0.05


Tree=26
num_leaves=31
num_cat=0
split_feature=13 11 13 14 27 20 20 18 5 18 11 45 16 28 13 0 16 53 10 46 36 18 18 13 37 46 10 5 46 37
split_gain=3.94296 2.61573 1.69115 1.83538 1.65365 1.05517 1.13455 0.902393 1.29049 1.39035 0.9 0.841906 0.821222 1.37565 0.774863 1.125 0.796409 0.84878 0.75 0.68826 1.06329 1.59889 1.5106 0.716819 0.765278 0.685339 0.534926 0.706799 0.524879 0.861856
threshold=3.5000000000000004 -0.2124078497290611 -0.42933334410190577 0.39583334326744085 -0.023700000718235966 -1.4444999694824217 -1.580749988555908 0.48206734657287603 1.0000000180025095e-35 0.50072485208511364 0.019095287658274177 0.32408332824707037 0.1799999997019768 0.43565000593662268 -0.006000000284984707 0.4200000017881394 0.1799999997019768 -7.0399999618530265 -8.8258118629455549 -0.087000001221895204 -0.83075001835823048 0.42919364571571356 0.52096295356750499 0.021999999880790714 -2.3675500154495235 0.10716666653752328 -9.3327941894531232 0.42499999701976782 -0.14566666632890699 0.12130000069737436
decision_type=2 2 2 2 2 2 2 2 2 2 2 2 2 2 2 2 2 2 2 2 2 2 2 2 2 2 2 2 2 2
left_child=2 -2 12 5 -3 6 7 -4 -9 -10 -8 19 13 -1 16 18 -13 -18 -16 20 21 -7 -23 24 -21 -19 -25 -28 -22 -30
right_child=1 4 3 -5 -6 11 10 8 9 -11 -12 14 -14 -15 15 -17 17 25 -20 23 28 22 -24 26 -26 -27 27 -29 29 -31
leaf_value=-0.035627322000857227 -0.028287400347354864 0.45814635502312273 -0.012802839167828362 -0.035537971292671083 0.19210735819347544 -0.012761019850549461 0.0093530751624799624 0.027684262762794981 0.020674819242170062 -0.0043816132239187693 0.023780385476878264 0.17974406300070905 -0.038663248087729425 0.11982859642495539 0.019539536887402606 -0.0016849961199483046 0.081904959948163283 0.00052915843106053097 0.0028025926288182596 0.13969655920973298 -0.0062324733304420545 0.19272896827382086 0.062353715422841252 -0.012946099019830693 -0.025151733238003716 -0.022327799927735124 0.0025365654021239597 0.0074593374315106769 -0.010395156095210049 0.029980547956488524
leaf_weight=62 35 26 143 247 21 31 20 23 31 109 20 26 639 20 30 40 21 270 20 22 353 21 25 56 835 168 82 27 67 38
leaf_count=62 35 26 143 247 21 31 20 23 31 109 20 26 639 20 30 40 21 270 20 22 353 21 25 56 835 168 82 27 67 38
internal_value=-0.00120182 0.00963415 -0.00145966 -0.000889909 0.0173404 -0.000480227 0.00208092 0.00104575 0.00358896 0.00178571 0.01 -0.000895874 -0.00361304 0.00109756 0.000739129 0.005 -5.15476e-05 -0.00053377 0.01 -0.00149968 -4.67302e-05 0.00538961 0.0113043 -0.00226028 -0.00284131 -0.00100457 0.000757575 0.00279816 -0.0009607 0.00214286
internal_weight=3528 82 3446 2725 47 2478 346 306 163 140 40 2132 721 82 575 90 485 459 50 1557 535 77 46 1022 857 438 165 109 458 105
internal_count=3528 82 3446 2725 47 2478 346 306 163 140 40 2132 721 82 575 90 485 459 50 1557 535 77 46 1022 857 438 165 109 458 105
is_linear=0
shrinkage=0.05


Tree=27
num_leaves=31
num_cat=0
split_feature=13 44 14 16 26 5 46 20 9 9 35 51 46 36 12 45 47 44 56 13 47 21 21 13 53 9 44 26 56 16
split_gain=3.15133 1.60275 1.76169 1.40382 2.67717 1.05114 1.11382 0.947281 1.44906 2.79192 0.892857 0.822039 0.841489 0.958845 1.225 0.785548 0.98877 1.16934 0.763959 0.854763 1.21907 1.74147 0.672165 1.33929 0.592208 0.5883 0.58155 0.668571 0.797727 0.462775
threshold=3.5000000000000004 -10.499999999999998 0.39583334326744085 0.1799999997019768 0.88650000095367443 0.27500000596046453 0.0041666666511446246 -1.970750033855438 0.30503806471824652 0.21106000244617465 -1.5097500085830686 -3.1720000505447383 -0.010999999940395353 2.4497500658035283 2.7231107950210576 0.70216664671897899 1.4705963730812075 -1.4999999999999998 -1.8319999575614927 -0.32000000774860377 3.9437341690063481 -0.44934999942779535 -0.80555000901222218 -0.15349999815225598 -2.1324999332427974 0.72008597850799572 1.0000000180025095e-35 0.51549997925758373 0.10050000250339509 0.85999998450279247
decision_type=2 2 2 2 2 2 2 2 2 2 2 2 2 2 2 2 2 2 2 2 2 2 2 2 2 2 2 2 2 2
left_child=1 3 7 4 24 -2 -7 8 9 10 -3 -9 15 26 -15 18 -17 -18 19 -13 21 -21 23 -20 -1 29 -14 28 -28 -24
right_child=5 2 -4 -5 -6 6 -8 11 -10 -11 -12 12 13 14 -16 16 17 -19 22 20 -22 -23 25 -25 -26 -27 27 -29 -30 -31
leaf_value=0.10525102825197448 -0.02607028737627844 -0.0089889242176456833 -0.034180903088963259 -0.03395156268842256 0.19900557413714767 0.06363190526285592 0.4606765213888192 -0.044161368170969419 -0.019731649097219132 0.03976395102458203 0.053656255603260039 -0.048596896280974591 -0.008112854331438369 0.11360309075499619 -0.0055051471014666521 0.094228341647638228 -0.0094405489430442746 0.026531841335420039 -0.014741535199490341 0.045535651701852239 -0.12901119006054226 0.1072016408374486 -0.004402877110038751 0.070230169020216893 -0.033845955900814365 0.023753827107342456 -0.010572834916182126 -0.011343282950133149 0.034393502293190256 0.0095739375760737627
leaf_weight=20 23 48 230 860 26 38 21 128 86 34 36 26 984 20 20 20 37 31 32 21 20 22 497 24 57 20 33 35 32 47
leaf_count=20 23 48 230 860 26 38 21 128 86 34 36 26 984 20 20 20 37 31 32 21 20 22 497 24 57 20 33 35 32 47
internal_value=-0.00127268 -0.00150319 -0.000831656 -0.00323468 0.00228155 0.00841463 0.0119492 -0.000406126 0.00284314 0.00644068 0.00154762 -0.000729625 -0.00047111 -0.00135231 0.00625 0.000771642 0.00522727 0.00235294 0.000218617 0.00455056 0.00769841 0.0124419 -0.000403227 0.00482143 -0.0024026 -0.000921987 -0.00163284 0.002 0.005 -0.00123162
internal_weight=3528 3446 2483 963 103 82 59 2253 204 118 84 2049 1921 1124 40 797 88 68 709 89 63 43 620 56 77 564 1084 100 65 544
internal_count=3528 3446 2483 963 103 82 59 2253 204 118 84 2049 1921 1124 40 797 88 68 709 89 63 43 620 56 77 564 1084 100 65 544
is_linear=0
shrinkage=0.05


Tree=28
num_leaves=31
num_cat=0
split_feature=13 14 10 0 14 44 2 46 46 46 14 14 21 36 13 16 28 13 13 18 20 17 56 18 4 13 28 0 1 21
split_gain=3.21039 2.87687 1.90399 1.37831 1.49264 1.55797 2.47504 1.95545 1.27856 1.15421 1.06742 0.934763 1.54472 0.964818 0.910577 0.752525 2.17051 0.732345 0.679519 0.790451 1.19615 0.962215 0.629156 0.762636 0.615623 2.09049 0.617895 1.31487 0.637214 0.610385
threshold=3.2746666669845585 0.037500001490116126 -12.828595161437987 0.58000001311302196 0.39583334326744085 -1.4999999999999998 0.18666666746139529 -0.19683333486318585 4.490166664123536 -0.34516666829586024 0.079166669398546233 0.29583333432674414 -0.59874999523162831 0.084750000387430205 0.04844444431364537 0.1799999997019768 0.81264999508857738 -0.08485714346170424 -0.3599999994039535 0.50988268852233898 -1.5077499747276304 0.54166665673255932 0.96750000119209301 0.43280808627605444 0.1799999997019768 -0.10111111029982565 1.7710999846458437 0.45999999344348913 0.47499999403953558 0.05034999921917916
decision_type=2 2 2 2 2 2 2 2 2 2 2 2 2 2 2 2 2 2 2 2 2 2 2 2 2 2 2 2 2 2
left_child=3 -2 -3 4 5 8 14 -8 9 29 -4 17 -13 -14 22 16 -5 -9 -17 20 21 -20 -7 -24 -11 26 28 -28 -26 -1
right_child=1 2 10 15 -6 6 7 11 -10 24 -12 12 13 -15 -16 18 -18 -19 19 -21 -22 -23 23 -25 25 -27 27 -29 -30 -31
leaf_value=0.14114412447403965 0.3348873802101664 -0.070282315247907207 -0.0066291383107964456 -0.031175642360277575 -0.035853210507403289 -0.011772555426496467 0.01731423705861122 0.02834026465849955 0.085933689446607855 -0.020427920155286921 0.2282893539169224 -0.00099266987040671725 0.025045216126996964 0.030154849074392101 0.012120322133849715 -0.032932151069413523 0.18827429601705767 -0.0002931380962558024 -0.010108178980926905 -0.021521946318288267 -0.0050056424753166136 0.027418215827389892 -0.012395082623645134 0.0084450232188791642 0.020447653744216372 0.063293823896772183 -0.011547149606336607 0.12866694580538657 -0.018186009440982403 -0.0011550061505000942
leaf_weight=81 24 44 25 99 184 182 22 29 28 387 33 22 26 33 28 687 27 104 21 376 276 23 45 38 31 25 31 23 502 72
leaf_count=81 24 44 25 99 184 182 22 29 28 387 33 22 26 33 28 687 27 104 21 376 276 23 45 38 31 25 31 23 502 72
internal_value=-0.00132937 0.00650794 0.00284314 -0.00161964 -0.000721079 -0.000260387 0.00199433 0.00580508 -0.00127119 -0.00152778 0.0087931 0.00434579 0.00858025 0.0127966 -0.00107509 -0.00274685 0.00095238 0.00176692 -0.00308388 -0.00198276 -0.000156251 0.0075 -0.00198113 0.0016265 -0.00214715 -0.00116013 -0.0017632 0.00333333 -0.00227955 0.00251634
internal_weight=3528 126 102 3402 1893 1709 529 236 1180 1152 58 214 81 59 293 1509 126 133 1383 696 320 44 265 83 999 612 587 54 533 153
internal_count=3528 126 102 3402 1893 1709 529 236 1180 1152 58 214 81 59 293 1509 126 133 1383 696 320 44 265 83 999 612 587 54 533 153
is_linear=0
shrinkage=0.05


Tree=29
num_leaves=31
num_cat=0
split_feature=27 8 0 9 46 18 18 37 8 36 4 36 26 18 11 18 18 8 46 27 47 18 18 12 18 27 17 47 18 5
split_gain=1.99324 1.13679 1.17149 1.02769 1.46907 1.10239 2.0756 1.59661 1.53738 2.35158 2.27408 1.32178 1.02813 1.49129 1.3126 0.71388 1.053 0.549155 0.540346 0.529988 0.520022 0.513559 1.32041 2.3433 0.605072 0.682698 1.47465 0.512024 0.509138 0.506264
threshold=-5.3254001140594474 1.5666666626930239 0.62000000476837169 0.13791034370660785 4.490166664123536 0.57866665720939647 0.56788888573646557 0.64289999008178722 1.2333333492279055 0.1082499995827675 0.34000000357627874 -0.28485000133514399 0.70874997973442089 0.39714285731315618 1.7022602558135989 0.74859997630119335 0.7738865613937379 1.1666666865348818 0.07816666737198831 -1.1849000453948972 1.1696245670318606 0.48206734657287603 0.50314998626708995 2.010673046112061 0.42215873301029211 -0.0096499999053776247 0.29166667163372045 0.60109302401542675 0.56865182518959057 0.32500000298023229
decision_type=2 2 2 2 2 2 2 2 2 2 2 2 2 2 2 2 2 2 2 2 2 2 2 2 2 2 2 2 2 2
left_child=-1 2 3 4 27 6 7 8 12 10 11 -10 14 -14 21 19 -17 -9 29 28 -11 24 23 -23 25 26 -5 -2 -4 -19
right_child=1 -3 15 5 -6 -7 -8 17 9 20 -12 -13 13 -15 -16 16 -18 18 -20 -21 -22 22 -24 -25 -26 -27 -28 -29 -30 -31
leaf_value=0.26405172115521014 -0.019902462286861738 -0.013179022609985908 -0.016865778640662195 0.060606958401313742 0.098722340587688431 -0.022791334872640026 0.078002078380109807 -0.027040760047987212 0.033477719442684836 -0.0044180452702089236 -0.0027692775330983299 0.028801533559196846 0.063426798147496882 0.00065873503433643802 0.22091809506051352 0.05056345274751816 -0.045529565576145882 -0.0059487341254440187 -0.013944264220355475 -0.030607377000530758 0.036003130537047755 0.14975112277948596 -0.0033606987701631321 0.007752407566735839 -0.014921882139789261 -0.0096506983467315836 -0.0010903192698742653 -0.0022249889091830485 0.062401997469572527 0.043511301820623433
leaf_weight=26 398 499 51 28 23 264 21 143 25 56 22 23 27 75 20 33 37 34 50 770 21 21 133 43 116 221 62 239 26 21
leaf_count=26 398 499 51 28 23 264 21 143 25 56 22 23 27 75 20 33 37 34 50 770 21 21 133 43 116 221 62 239 26 21
internal_value=-0.00148526 -0.00158767 -0.00122045 -0.000565677 -0.00219697 0.00018934 0.000851978 0.000565292 0.00155095 0.00622449 0.0128571 0.0189583 0.000630026 0.00529412 -0.000108697 -0.00270992 0.00214286 -0.00298387 -0.000238096 -0.00311098 0.000194804 -0.000512822 0.00159898 0.0075 -0.00148712 -0.000337622 0.00333333 -0.00264521 0.000844155 0.00318182
internal_weight=3528 3502 3003 2086 660 1426 1162 1141 893 147 70 48 746 102 644 917 70 248 105 847 77 624 197 64 427 311 90 637 77 55
internal_count=3528 3502 3003 2086 660 1426 1162 1141 893 147 70 48 746 102 644 917 70 248 105 847 77 624 197 64 427 311 90 637 77 55
is_linear=0
shrinkage=0.05


Tree=30
num_leaves=31
num_cat=0
split_feature=13 8 11 8 8 56 47 16 53 51 37 26 16 53 44 12 13 9 18 18 9 18 5 56 18 18 12 18 20 13
split_gain=3.02898 1.69339 1.65703 2.07949 2.60837 1.5212 1.09288 1.02201 0.93601 1.4321 0.858516 0.81375 2.28397 1.8168 0.774811 0.948888 0.742174 0.83954 0.711638 1.0611 0.764855 0.761747 1.21148 0.696357 0.82451 1.18627 1.15885 0.681818 0.673401 0.657536
threshold=-0.018000000156462189 1.7666666507720949 0.1010846607387066 0.2333333417773247 1.2333333492279055 2.2964999675750737 14.299157142639162 0.29999999701976782 -5.4879999160766593 0.41550000011920935 0.19739999622106555 0.69049999117851268 0.21999999880790713 -0.61950001120567311 -1.4999999999999998 2.7633752822875981 -0.35400000214576716 0.11815334856510164 0.6135343909263612 0.59145396947860729 0.25094799697399145 0.48206734657287603 0.52500000596046459 -1.0000000180025095e-35 0.43116666376590734 0.5304073989391328 0.33192017674446112 0.59384918212890636 -13.413749694824217 -0.14111111313104627
decision_type=2 2 2 2 2 2 2 2 2 2 2 2 2 2 2 2 2 2 2 2 2 2 2 2 2 2 2 2 2 2
left_child=5 2 6 -4 -5 11 23 -6 9 10 -7 16 13 -13 -10 -16 -1 -18 19 20 21 -19 -23 28 -25 26 -26 -27 -2 -14
right_child=1 -3 3 4 7 8 -8 -9 14 -11 -12 12 29 -15 15 -17 17 18 -20 -21 -22 22 -24 24 25 27 -28 -29 -30 -31
leaf_value=-0.029367289708333074 0.11762062943478953 -0.017411769038590579 0.20847642338996109 -0.0072588713104615402 0.043142337719715672 0.064074388645291622 0.31925079222649694 0.014924634180148569 -0.016061715191233936 0.10315606873636166 -0.10521298418302694 0.1692603701270318 -0.025536839282735365 0.14976762285608511 0.025516551070527256 -0.0031009973862689564 -0.021689578579874361 -0.0026488349297848074 -0.034129693981568232 0.052255152826824469 -0.019813992117787824 0.0084047289207712945 0.21370283269144541 -0.0028066840318210569 0.14778767517058941 -0.020908059174159027 0.0048853164141022835 0.0017104803065650593 -0.017799996081041353 0.00069528640063614029
leaf_weight=719 25 83 23 66 26 24 20 27 156 20 39 21 332 93 23 20 427 251 140 24 317 134 29 125 26 30 25 66 110 97
leaf_count=719 25 83 23 66 26 24 20 27 156 20 39 21 332 93 23 20 427 251 140 24 317 134 29 125 26 30 25 66 110 97
internal_value=-0.00140421 0.00167178 0.00264499 0.00732394 0.00466386 -0.00210398 0.00108899 0.0129245 0.00138298 0.00584337 0.00214286 -0.00248452 -0.000764274 0.00552631 -0.000477388 0.00546512 -0.00294219 -0.00223903 -0.00136872 -0.000761591 -0.00110123 0.000314008 0.00297546 0.000528254 0.00198529 0.00452381 0.0106863 0.00125 -0.00240741 -0.0024359
internal_weight=3518 652 569 142 119 2866 427 53 282 83 63 2584 543 114 199 43 2041 1322 895 755 731 414 163 407 272 147 51 96 135 429
internal_count=3518 652 569 142 119 2866 427 53 282 83 63 2584 543 114 199 43 2041 1322 895 755 731 414 163 407 272 147 51 96 135 429
is_linear=0
shrinkage=0.05


Tree=31
num_leaves=31
num_cat=0
split_feature=44 46 56 18 37 18 13 2 19 2 4 16 17 46 44 9 16 26 49 46 16 12 46 8 6 37 45 18 13 2
split_gain=2.27067 2.82025 1.79485 1.69 1.31938 1.15137 1.0781 1.62371 2.2453 0.957122 1.75724 1.0949 1.58264 1.40217 1.1331 1.099 0.917829 2.38752 1.008 0.923446 0.908239 0.886969 0.880704 0.869427 0.860402 0.753714 0.886587 0.666774 0.625386 0.529871
threshold=84.500000000000014 0.15550000220537188 3.5900000333786015 0.56865182518959057 0.14364999532699588 0.48739683628082281 -0.14111111313104627 0.14355555921792987 1.0000000180025095e-35 0.5000000149011613 0.099999997764825835 0.21999999880790713 0.12500000372529033 -0.19683333486318585 -5.4999999999999991 0.15999624133110049 0.21999999880790713 0.88650000095367443 1.5000000000000002 -0.86783334612846363 0.25999999791383749 5.3946819305419931 -0.65899997949600209 1.0000000180025095e-35 0.90000000596046459 -1.2606999874114988 0.57458332180976879 0.52422222495079052 0.014166666660457851 0.75083333253860485
decision_type=2 2 2 2 2 2 2 2 2 2 2 2 2 2 2 2 2 2 2 2 2 2 2 2 2 2 2 2 2 2
left_child=2 5 6 4 20 -2 16 -8 9 10 21 -12 -13 -14 -15 -16 17 22 19 -19 -4 25 -1 28 -17 -9 -27 -18 -11 -30
right_child=1 -3 3 -5 -6 -7 7 8 -10 23 11 12 13 14 15 24 27 18 -20 -21 -22 -23 -24 -25 -26 26 -28 -29 29 -31
leaf_value=0.10378107023749759 -0.063829683721798494 0.37380418475586175 0.046477396196420516 0.092844352117598644 -0.011878233561484068 0.14231454021874174 -0.0098995990102210187 0.038387106985310206 -0.025912775414338531 -0.033301404453738838 -0.0023715815293712042 0.049653720100913241 0.041619388248613214 0.014922951361902054 0.025122119441074744 0.02253258006496945 -0.0099278238748357374 0.040112103594270518 -0.029320837531536293 0.20043929145392059 0.05067752783641373 0.022758957505999336 -0.025855615520941434 -0.037846790249476348 -0.0036976087486836045 -0.0073287422101690688 0.011393871165660969 -0.037579473238908478 -0.04399233308949832 0.018942004406515202
leaf_weight=35 59 20 31 37 104 36 454 20 162 44 23 26 23 20 36 31 752 21 20 37 23 27 307 118 114 156 21 690 25 46
leaf_count=35 59 20 31 37 104 36 454 20 162 44 23 26 23 20 36 31 752 21 20 37 23 27 307 118 114 156 21 690 25 46
internal_value=-0.00147527 0.00543478 -0.00170879 0.00294872 0.000696201 0.0018421 -0.0019919 -0.00091382 0.000325111 0.00150685 0.00274648 0.00543956 0.0064 0.00504464 0.00370647 0.00245856 -0.00277121 -0.000714287 0.00717949 0.0105172 0.00703704 -0.000535715 -0.00251462 -0.00113734 0.00051724 -0.00170051 -0.00274011 -0.00337032 0.00195652 0.00485915
internal_weight=3518 115 3403 195 158 95 3208 1346 892 730 497 273 250 224 201 181 1862 420 78 58 54 224 342 233 145 197 177 1442 115 71
internal_count=3518 115 3403 195 158 95 3208 1346 892 730 497 273 250 224 201 181 1862 420 78 58 54 224 342 233 145 197 177 1442 115 71
is_linear=0
shrinkage=0.05


Tree=32
num_leaves=31
num_cat=0
split_feature=44 14 53 51 13 14 10 9 13 8 47 45 10 14 0 28 35 26 13 4 2 17 2 10 47 53 26 35 28 28
split_gain=2.29878 3.65435 1.23998 1.95759 1.03233 1.21806 0.967801 0.936881 1.26086 1.59829 1.70953 0.831532 0.825993 0.797284 0.701861 0.691187 1.90004 0.632077 0.611694 0.714017 0.593016 0.801803 0.544221 0.530458 0.516286 0.876759 0.57635 1.02381 2.17116 0.699752
threshold=84.500000000000014 0.037500001490116126 -5.4879999160766593 0.41550000011920935 -0.46999999880790705 0.3458333313465119 -12.828595161437987 0.10808568820357324 -0.14111111313104627 1.3000000119209292 0.57655224204063427 -1.5320833325386045 -9.3615336418151838 0.070833336561918273 0.58000001311302196 0.52654999494552623 -0.32724998891353602 1.2187500000000002 0.014166666660457851 0.78000000119209301 0.5000000149011613 0.62500000000000011 0.43199999630451208 -9.7515797615051252 1.5651466846466067 -2.3235000371932979 0.1357500031590462 0.096250001341104521 0.12700000405311587 0.86650002002716076
decision_type=2 2 2 2 2 2 2 2 2 2 2 2 2 2 2 2 2 2 2 2 2 2 2 2 2 2 2 2 2 2
left_child=2 -2 3 23 -4 7 -3 17 11 12 -11 -9 20 -8 22 16 -12 -6 -16 -20 21 -10 -14 -1 25 -13 -27 28 -28 -30
right_child=1 6 4 -5 5 -7 13 8 9 10 15 24 14 -15 18 -17 -18 -19 19 -21 -22 -23 -24 -25 -26 26 27 -29 29 -31
leaf_value=-0.019297640359425553 0.20506683087470112 -0.074103491725353007 -0.027665700467711881 0.095320860246173325 -0.013610430078657466 -0.014477097472006012 -0.13565097037752266 0.045000673891383736 -0.0035644457693926922 0.050773600426231261 -0.0051250286349957975 0.076789311510565741 0.011466925790668308 0.21127115295882978 -0.030294364296471782 -0.0015144351360804036 0.033899052257784855 0.16866705248299513 -0.0049843803116751649 0.017975453040575188 -0.043723136369389293 0.012493010228113258 0.030588508782520799 0.054012249328604184 -0.04215795695127153 -0.020506119712064369 0.025388660321239039 -0.015318521979566147 -0.0087391461702953279 0.017030795810495263
leaf_weight=69 23 39 551 20 393 494 20 45 202 30 23 29 132 33 51 44 22 37 50 37 96 34 25 33 149 493 38 228 47 31
leaf_count=69 23 39 551 20 393 494 20 45 202 30 23 29 132 33 51 44 22 37 50 37 96 34 25 33 149 493 38 228 47 31
internal_value=-0.00151791 0.00543478 -0.00175287 0.00319672 -0.00193691 -0.00153846 0.00097826 -0.00104204 -0.000542637 0.00103217 0.00634454 -0.00165094 2.39223e-05 0.00537736 0.00194915 0.00286517 0.00722222 -0.00313954 -0.000652175 0.00189655 -0.00168675 -0.000338984 0.00423567 0.000392156 -0.00194581 -0.00147806 -0.00177419 -0.00020349 0.00362069 -0.00115385
internal_weight=3518 115 3403 122 3281 2730 92 2236 1806 746 119 1060 627 53 295 89 45 430 138 87 332 236 157 102 1015 866 837 344 116 78
internal_count=3518 115 3403 122 3281 2730 92 2236 1806 746 119 1060 627 53 295 89 45 430 138 87 332 236 157 102 1015 866 837 344 116 78
is_linear=0
shrinkage=0.05


Tree=33
num_leaves=31
num_cat=0
split_feature=44 14 45 12 14 13 14 26 14 18 2 17 10 37 56 13 44 9 18 13 26 0 0 1 44 44 2 26 13 18
split_gain=2.02175 3.88593 1.4663 1.19797 1.34323 1.01212 0.987291 0.709877 1.07152 0.701243 0.860782 0.678552 1.35976 0.589691 0.979923 0.891465 0.574519 0.714573 0.648377 0.767163 0.635402 0.597832 0.85001 1.62474 3.025 1.28352 0.966118 1.21352 1.11025 1.50348
threshold=77.500000000000014 0.037500001490116126 0.67100000381469738 0.46604204177856451 0.13750000298023227 -0.38533332943916315 0.39583334326744085 0.7852500081062318 0.15416666865348819 0.44573332369327551 0.53999999165534984 0.20833333581686023 -12.733687400817869 0.48839999735355383 3.5900000333786015 -0.058000000193715089 -12.499999999999998 0.072159029543399825 0.6135343909263612 0.094666667282581343 2.5857501029968266 0.62000000476837169 0.34000000357627874 0.47499999403953558 -2.4999999999999996 -1.0000000180025095e-35 0.27400000393390661 2.6625000238418584 -0.15349999815225598 0.49184595048427587
decision_type=2 2 2 2 2 2 2 2 2 2 2 2 2 2 2 2 2 2 2 2 2 2 2 2 2 2 2 2 2 2
left_child=2 -2 5 4 9 7 16 -1 -9 -4 -11 12 -3 14 15 -5 -7 20 21 -20 -18 22 25 24 -24 -19 -25 28 -28 -30
right_child=1 11 3 13 -6 6 -8 8 -10 10 -12 -13 -14 -15 -16 -17 17 18 19 -21 -22 -23 23 26 -26 -27 27 -29 29 -31
leaf_value=-0.025727088228180324 0.19481348933096607 -0.079265877354067094 -0.045921143128253482 -0.046511371499836432 0.046957432086352287 -0.028872740226115634 -0.025613918331039393 0.022290539834755093 -0.057486226613212982 0.18831722001406695 -0.025416066904638643 -0.022712018833394236 0.18963589585732912 -0.0042205388860249585 0.048160658949950697 0.016476299114597467 -0.017305285711347932 -0.0075964613327743763 -0.018184670935107925 0.029769640357196939 0.15577751284663166 -0.011668542168520752 0.033602237900067305 -0.011198427048522495 -0.020697236634015247 0.0041887034790100211 -0.001500357095720801 0.14688674322170422 0.0061153793429937781 0.04119256772919036
leaf_weight=648 23 23 33 47 31 118 215 74 106 22 23 64 20 196 35 26 218 347 206 24 20 197 20 91 20 171 350 22 82 46
leaf_count=648 23 23 33 47 31 118 215 74 106 22 23 64 20 196 35 26 218 347 206 24 20 197 20 91 20 171 350 22 82 46
internal_value=-0.0015037 0.00461538 -0.00173849 0.00105327 0.00555046 -0.00212605 -0.00155333 -0.00361111 -0.000833335 0.00205128 0.00611111 0.000607475 0.00546512 -0.000559212 0.00240741 -0.000890412 -0.00119565 -0.000975745 -0.000590103 -0.00304348 -0.00352941 -0.000170878 0.000265447 0.00149762 0.01125 -0.00123552 0.000837562 0.0017 0.00117155 0.00515625
internal_weight=3518 130 3388 413 109 2975 2147 828 180 78 45 107 43 304 108 73 1932 1814 1576 230 238 1346 1149 631 40 518 591 500 478 128
internal_count=3518 130 3388 413 109 2975 2147 828 180 78 45 107 43 304 108 73 1932 1814 1576 230 238 1346 1149 631 40 518 591 500 478 128
is_linear=0
shrinkage=0.05


Tree=34
num_leaves=31
num_cat=0
split_feature=44 14 46 18 13 14 9 44 46 8 13 47 16 26 46 37 17 10 26 44 47 4 10 36 9 13 5 20 28 14
split_gain=2.00301 3.88593 1.47251 2.51553 1.1176 1.27071 0.998985 0.889037 0.880695 0.980386 1.41754 2.10743 0.775358 2.80905 1.225 0.76225 0.678552 1.35976 0.662185 0.627425 0.603155 0.652497 0.518738 0.96218 1.245 0.628219 1.0897 0.778542 0.560944 0.510625
threshold=77.500000000000014 0.037500001490116126 2.9683333635330205 0.56865182518959057 -0.3599999994039535 0.3458333313465119 0.10808568820357324 -12.499999999999998 0.097833331674337401 1.3000000119209292 -0.24199999868869779 0.61501958966255199 0.21999999880790713 0.97174999117851268 -0.36749999225139612 0.14364999532699588 0.20833333581686023 -12.733687400817869 1.2187500000000002 1.0000000180025095e-35 0.32224002480506903 0.13999999687075618 -9.3615336418151838 0.27944999933242803 0.18533712625503543 0.021999999880790714 0.47499999403953558 -0.88449999690055836 -2.7267000675201412 0.32083332538604742
decision_type=2 2 2 2 2 2 2 2 2 2 2 2 2 2 2 2 2 2 2 2 2 2 2 2 2 2 2 2 2 2
left_child=2 -2 4 15 12 6 18 -8 9 22 -11 -12 13 -1 -15 -4 17 -3 19 -6 21 -10 28 25 -25 27 -27 -24 -9 -13
right_child=1 16 3 -5 5 -7 7 8 20 10 11 29 -14 14 -16 -17 -18 -19 -20 -21 -22 -23 23 24 -26 26 -28 -29 -30 -31
leaf_value=-0.02365299864661817 0.18507281486441773 -0.075302583486363706 0.047972088877679432 0.09597368174074894 -0.016629555872858279 -0.011652902699309957 -0.03297629804400868 0.0084899816579083777 0.026060173053096637 -0.031374515274121155 0.060153973431723663 0.013279959105550396 -0.026985197502070193 0.054187219434444669 0.15331644011541709 -0.086016600809413563 -0.021576417891724545 0.1801541010644627 0.15690101831165559 0.0018313934310307395 -0.0073886117342282405 -0.010873503013411903 0.1474373954164421 0.001967032222411741 0.033906855535220069 0.0034670970290516211 0.0107555595734552 -0.004075716021440458 -0.0032962134536328397 -0.0061975917124002479
leaf_weight=184 23 23 36 20 359 454 87 33 20 46 32 48 737 20 20 56 64 20 34 29 271 21 24 26 23 80 21 173 503 31
leaf_count=184 23 23 36 20 359 454 87 33 20 46 32 48 737 20 20 56 64 20 34 29 271 21 24 26 23 80 21 173 503 31
internal_value=-0.00147527 0.00461538 -0.00170897 0.00392857 -0.00190171 -0.0013067 -0.000728104 -0.000100766 0.000214496 0.00091346 0.00455414 0.00761261 -0.00333507 -0.00075893 0.01125 0.000434781 0.000607475 0.00546512 -0.0028673 -0.00345361 -0.00211539 0.00353658 0.000266137 0.00177233 0.0082653 0.000704697 0.00391089 -0.000939087 -0.000708956 0.00322785
internal_weight=3518 130 3388 112 3276 2315 1861 1439 1352 1040 157 111 961 224 40 92 107 43 422 388 312 41 883 347 49 298 101 197 536 79
internal_count=3518 130 3388 112 3276 2315 1861 1439 1352 1040 157 111 961 224 40 92 107 43 422 388 312 41 883 347 49 298 101 197 536 79
is_linear=0
shrinkage=0.05


Tree=35
num_leaves=31
num_cat=0
split_feature=13 46 18 46 13 19 12 13 3 16 10 8 9 53 47 46 9 11 12 37 10 21 12 46 13 18 18 9 4 27
split_gain=2.50648 2.23622 1.40881 1.1831 1.01895 0.976252 0.661852 1.13792 1.64321 1.12418 1.29813 1.19713 0.937446 0.900191 1.52692 0.865653 0.763754 0.829542 1.04146 0.897987 0.552273 0.529594 1 0.513308 0.691959 0.686703 0.934128 0.602816 0.781369 0.57041
threshold=3.5000000000000004 0.043333334848284728 0.42442539334297186 4.490166664123536 -0.42933334410190577 1.0000000180025095e-35 0.80426144599914562 -0.14111111313104627 0.15365386754274371 0.62000000476837169 -9.4292693138122541 1.4333333373069765 0.15539041161537173 3.3739999532699589 3.7337081432342534 -1.0000000180025095e-35 0.06804173439741136 0.066918428987264647 0.42898838222026831 -2.1901500225067134 -9.3817868232727033 -1.5893000364303587 1.3076682686805727 -0.082833334803581224 0.014166666660457851 0.46334743499755865 0.5304073989391328 0.2526665478944779 0.38000001013278967 -0.5876999795436858
decision_type=2 2 2 2 2 2 2 2 2 2 2 2 2 2 2 2 2 2 2 2 2 2 2 2 2 2 2 2 2 2
left_child=3 2 -2 4 21 6 13 -8 -9 10 -10 -11 -12 16 -15 -14 -6 19 -19 -18 -5 22 -1 27 -25 -26 -27 28 29 -21
right_child=1 -3 -4 20 5 -7 7 8 9 11 12 -13 15 14 -16 -17 17 18 -20 23 -22 -23 -24 24 25 26 -28 -29 -30 -31
leaf_value=0.10740248555160398 -0.055336498533274492 0.35071209117921476 0.14310730394658813 0.0095137952120669736 -0.015719162058896893 -0.022134660920866408 -0.018784309075158215 -0.0093263728311646244 -0.003403542778300211 0.028497230968134887 0.013111508863321472 -0.0070028052855796901 0.026395873903703956 0.050864598257995677 -0.09741322845666725 -0.0020630704821372162 0.13029963021447574 0.029373472220755099 -0.0016400950556981564 -0.0026277236922054598 0.060413171563317249 -0.023780115297044255 -0.03942548022074846 -0.010881341736779716 -0.0057511088117157723 0.090194417079330833 0.00012693770160257753 -0.044090705734660507 0.032802983883646525 0.011896731326488982
leaf_weight=20 32 24 21 24 161 206 787 243 239 34 20 23 31 29 32 51 20 33 35 30 20 660 25 435 61 26 59 30 30 102
leaf_count=20 32 24 21 24 161 206 787 243 239 34 20 23 31 29 32 51 20 33 35 30 20 660 25 435 61 26 59 30 30 102
internal_value=-0.00158482 0.00733766 0.00160377 -0.00178304 -0.00188779 -0.00144829 -0.00117682 -0.00188375 -0.000319814 0.00165829 0.000571846 0.00815789 0.00529412 -0.000244692 0.00565574 0.00292683 -0.00059687 -5.80839e-06 0.00529412 -0.000460279 0.00636364 -0.00358156 0.00166667 -0.00073092 -0.0014716 0.00150685 0.00441176 0.00151042 0.00271605 0.0010606
internal_weight=3543 77 53 3466 3422 2717 2511 1428 641 398 341 57 102 1083 61 82 1022 861 68 793 44 705 45 773 581 146 85 192 162 132
internal_count=3543 77 53 3466 3422 2717 2511 1428 641 398 341 57 102 1083 61 82 1022 861 68 793 44 705 45 773 581 146 85 192 162 132
is_linear=0
shrinkage=0.05


Tree=36
num_leaves=31
num_cat=0
split_feature=13 46 46 18 13 19 45 9 12 11 13 9 53 56 10 11 20 5 46 46 18 18 6 44 18 6 13 28 20 13
split_gain=2.8676 2.01353 1.17891 1.11468 1.07952 0.956164 0.593939 0.555903 0.902161 1.17595 0.967333 1.11094 1.54438 0.840233 1.78977 0.706409 0.625 0.574633 1.28837 0.675738 0.568182 0.550777 0.818175 1.25934 1.10298 1.49662 1.71815 0.538866 0.689005 0.5311
threshold=3.5000000000000004 0.1095000021159649 4.490166664123536 0.45558889210224157 -0.46999999880790705 1.0000000180025095e-35 2.3715833425521855 0.10808568820357324 0.34010188281536108 0.070417430251836791 -0.14111111313104627 0.30503806471824652 3.0779999494552617 -0.50350001454353321 -9.5002446174621564 -0.012718556448817251 1.8575000166893008 0.075000001117587103 -0.025166667066514489 0.17466666549444201 0.45558889210224157 0.6135343909263612 0.55000001192092907 -3.4999999999999996 0.4567005336284638 0.10555555671453477 -0.28599999845027918 0.033750001341104514 0.53900000452995311 0.014166666660457851
decision_type=2 2 2 2 2 2 2 2 2 2 2 2 2 2 2 2 2 2 2 2 2 2 2 2 2 2 2 2 2 2
left_child=2 3 4 -2 -1 7 -4 -6 9 17 21 12 13 14 -12 20 -14 19 -19 -9 -15 22 23 24 25 -10 -27 -17 -29 -20
right_child=1 -3 6 -5 5 -7 -8 8 10 -11 11 -13 16 15 -16 27 -18 18 29 -21 -22 -23 -24 -25 -26 26 -28 28 -30 -31
leaf_value=-0.023155625379781469 -0.024561753701458341 0.3455896478412277 -0.009230516085450292 0.14084078923483551 -0.0099363642327958308 -0.021027927874823091 0.072258832607423967 -0.011354657860232273 0.033289211642860014 0.058508250793007838 -0.0019206397493311293 -0.0080787165525332567 0.024928959055268214 -0.011015395336331476 0.029056049543991699 -0.0051788968613577183 0.012769558047502899 0.18577367432033343 -0.0074609927361358923 0.095263936626093323 0.18005497766512069 -0.028657710333987525 -0.021790271579743441 0.011517711382584632 -0.0087527588434320163 -0.0084376465677243034 0.027808529564262264 0.011176263928100907 -0.0030533742796873334 0.017402582983583419
leaf_weight=570 36 21 20 20 519 206 24 106 23 23 53 271 20 22 30 97 20 25 100 23 22 209 416 21 342 94 22 35 82 71
leaf_count=570 36 21 20 20 519 206 24 106 23 23 53 271 20 22 30 97 20 25 100 23 22 209 416 21 342 94 22 35 82 71
internal_value=-0.00155659 0.00798701 -0.00176861 0.00303571 -0.00187317 -0.00147616 0.00636364 -0.00122071 -0.000862719 0.00146552 -0.00131816 0.000214723 0.00195538 0.000865101 0.00524096 -0.000542637 0.01125 0.000692307 0.00239796 -0.00189923 0.00522727 -0.00220497 -0.00167756 -0.000318726 -0.000841997 0.00291367 0.000603447 -0.00172897 0.000555554 0.000847952
internal_weight=3543 77 3466 56 3422 2852 44 2646 2127 348 1779 652 381 341 83 258 40 325 196 129 44 1127 918 502 481 139 116 214 117 171
internal_count=3543 77 3466 56 3422 2852 44 2646 2127 348 1779 652 381 341 83 258 40 325 196 129 44 1127 918 502 481 139 116 214 117 171
is_linear=0
shrinkage=0.05


Tree=37
num_leaves=31
num_cat=0
split_feature=13 46 46 13 14 16 28 53 9 13 18 2 0 16 13 2 56 10 37 4 14 46 36 36 53 26 27 45 9 28
split_gain=2.53032 2.23622 1.1957 1.19675 0.999475 0.920469 1.78365 0.850681 2.24977 2.50694 0.821007 0.729167 0.692983 0.66117 0.644132 0.976413 1.41067 2.40653 0.841919 0.690887 0.623844 0.686569 0.617579 0.979827 1.09247 0.67979 0.595238 0.593939 0.554211 0.539002
threshold=3.5000000000000004 0.043333334848284728 4.490166664123536 -0.3599999994039535 0.32916666567325598 0.21999999880790713 0.89414998888969432 3.0779999494552617 0.25716295838356024 -0.06955555826425551 0.42442539334297186 0.30200000107288366 0.1799999997019768 0.38000001013278967 -0.17911110818386075 0.5000000149011613 -0.16899999976158139 -9.5064301490783674 0.067800000309944167 0.29999999701976782 0.37916666269302374 -0.084166664630174623 0.015250000171363355 0.41859999299049383 -0.3495000004768371 -1.0187500119209287 0.044300001114606864 2.3715833425521855 0.94544529914855968 2.2558499574661259
decision_type=2 2 2 2 2 2 2 2 2 2 2 2 2 2 2 2 2 2 2 2 2 2 2 2 2 2 2 2 2 2
left_child=2 10 3 5 7 6 -1 12 9 11 -2 -9 -5 20 19 16 17 18 -16 29 21 26 25 24 -24 -21 -6 -4 -17 -14
right_child=1 -3 27 4 13 -7 -8 8 -10 -11 -12 -13 14 -15 15 28 -18 -19 -20 22 -22 -23 23 -25 -26 -27 -28 -29 -30 -31
leaf_value=-0.020104285475302699 -0.051341585921537862 0.31589700422819256 -0.0087689902811777694 -0.0053733706328741564 0.015693198943398608 -0.026155259307693104 0.1161164953210197 -0.041000756757283194 -0.01159867142720486 0.096153857328718895 0.12890989928751692 0.031400080183600798 -0.02727441910242864 -0.020061285529377502 -0.0088720978796572852 -0.029703548611799947 0.00039718668475692407 0.040743373321337747 0.046600870368787718 0.005896127284240083 0.0039660801496699902 -0.014998289145708377 0.0078779698738649841 -0.0011584751628960172 0.031301939047111711 -0.011646433510146855 -0.0049897083793926109 0.068645890977052787 0.013762018709244579 0.10920293572409545
leaf_weight=194 32 24 20 403 21 768 33 20 49 24 21 28 319 319 58 200 316 39 24 29 35 142 23 61 20 151 21 24 104 21
leaf_count=194 32 24 20 403 21 768 33 20 49 24 21 28 319 319 58 200 316 39 24 29 35 142 23 61 20 151 21 24 104 21
internal_value=-0.00162715 0.00733766 -0.00182631 -0.00193162 -0.00133292 -0.00339196 -0.000594715 -0.000791425 0.00326446 0.00888889 0.00160377 0.00229167 -0.00106901 -0.0032342 -0.000531137 0.000465586 0.0019794 0.00657025 0.00170732 -0.00171474 -0.00111872 -0.00228261 0.000105633 0.00317308 0.00895349 -0.00166667 0.00333333 0.00636364 -0.00171053 -0.0032353
internal_weight=3543 77 3466 3422 2427 995 227 1889 121 72 53 48 1768 538 1365 741 437 121 82 624 219 184 284 104 43 180 42 44 304 340
internal_count=3543 77 3466 3422 2427 995 227 1889 121 72 53 48 1768 538 1365 741 437 121 82 624 219 184 284 104 43 180 42 44 304 340
is_linear=0
shrinkage=0.05


Tree=38
num_leaves=31
num_cat=0
split_feature=13 46 46 13 14 18 46 18 45 3 13 11 3 3 47 45 17 47 8 17 11 47 45 53 20 35 56 36 46 14
split_gain=2.43563 2.23622 1.14569 1.11146 1.03838 0.821007 0.625575 0.722241 0.593939 0.588843 0.756099 0.733967 1.79703 1.09781 1.00054 0.799047 0.802036 0.654762 0.509625 0.621191 0.501147 1.69479 0.474012 0.512556 0.91079 0.852638 0.434929 0.472579 1.14929 0.548976
threshold=3.5000000000000004 0.043333334848284728 4.490166664123536 -0.46999999880790705 0.39583334326744085 0.42442539334297186 -0.016500000841915604 0.1872857138514519 2.3715833425521855 0.12671032547950747 -0.29199999570846552 -0.042971160262823098 0.19831921160221103 0.242978610098362 0.8281436860561372 0.67100000381469738 0.20833333581686023 2.398870706558228 0.90000000596046459 0.29166667163372045 -0.22874375432729718 1.5651466846466067 -0.73591667413711537 -1.7405000329017637 -0.032999999821186059 -1.2202500104904173 0.84349998831748974 0.11850000172853471 -0.12299999967217444 0.24583332985639575
decision_type=2 2 2 2 2 2 2 2 2 2 2 2 2 2 2 2 2 2 2 2 2 2 2 2 2 2 2 2 2 2
left_child=2 5 3 20 6 -2 9 -8 -4 -5 18 12 -12 -14 -15 26 -17 -16 19 -11 21 -1 -9 24 25 -24 27 29 -29 -13
right_child=1 -3 8 4 -6 -7 7 22 -10 10 11 15 13 14 17 16 -18 -19 -20 -21 -22 -23 23 -25 -26 -27 -28 28 -30 -31
leaf_value=-0.018075496899161367 -0.04877450662546097 0.30010215401678297 -0.008330540767118878 -0.0063861440688417707 -0.020384974646730239 0.1224644043231411 0.0022412376646695777 -0.038760050163980125 0.065213596428200127 -0.0030483772667902068 0.12950643703208173 -0.0088083208451380634 -0.02792193832622002 0.064606172980413115 -0.027193302601280018 0.033514018261962979 0.0039141660085746663 0.044551053865670411 -0.025772165181229545 0.010356507431004658 -0.041636536825547354 0.10422561154888682 0.0053068832437258226 -0.006199059051347564 0.10599644648526051 -0.01834057675688993 -0.013896927753024283 -0.00079928318102376469 0.018979154474468407 0.0010175911224993735
leaf_weight=63 32 24 20 138 231 21 33 140 24 146 37 142 53 24 22 26 35 20 140 30 487 20 21 1265 39 53 65 51 31 110
leaf_count=63 32 24 20 138 231 21 33 140 24 146 37 142 53 24 22 26 35 20 140 30 487 20 21 1265 39 53 65 51 31 110
internal_value=-0.00145781 0.00733766 -0.0016532 -0.00175628 -0.00135344 0.00160377 -0.0010702 -0.0017118 0.00636364 -0.000140188 0.000311158 0.00133117 0.00429487 0.00130252 0.00560606 0.000326086 0.00565574 0.00095238 -0.00167722 0.000113635 -0.00377193 -0.000180724 -0.00187088 -0.00158926 0.00163717 -0.00162162 -0.000488723 0.00023952 0.00353658 -0.000833335
internal_weight=3543 77 3466 3422 2852 53 2621 1551 44 1070 932 616 156 119 66 460 61 42 316 176 570 83 1518 1378 113 74 399 334 82 252
internal_count=3543 77 3466 3422 2852 53 2621 1551 44 1070 932 616 156 119 66 460 61 42 316 176 570 83 1518 1378 113 74 399 334 82 252
is_linear=0
shrinkage=0.05


Tree=39
num_leaves=31
num_cat=0
split_feature=13 46 13 14 18 0 18 13 14 13 26 26 46 15 11 53 16 18 18 45 18 10 16 14 2 46 2 2 46 22
split_gain=2.45129 2.23622 1.13625 0.925873 0.821007 0.651231 1.30529 0.619454 0.783885 1.10261 0.857799 1.00427 0.761552 0.682318 0.787597 0.653582 0.635173 1.37629 1.84924 0.767228 0.981391 0.610809 0.560873 0.928502 0.56003 0.533946 0.800659 1.75555 1.47262 0.523507
threshold=3.5000000000000004 0.043333334848284728 -0.42933334410190577 0.32916666567325598 0.42442539334297186 0.1799999997019768 0.5998000204563142 -0.2357777804136276 0.29583333432674414 0.035142855718731887 -1.0784999728202818 -0.17225000262260434 -0.0074999998323619357 1.0000000180025095e-35 -0.16507472842931745 -6.3244998455047599 0.21999999880790713 0.53588888049125682 0.6135343909263612 -0.26891666650772089 0.5199495553970338 -16.386488914489743 0.45999999344348913 0.37916666269302374 0.53999999165534984 -0.082833334803581224 0.34999999403953558 0.52599999308586132 -0.16516666859388349 -0.01505000004544854
decision_type=2 2 2 2 2 2 2 2 2 2 2 2 2 2 2 2 2 2 2 2 2 2 2 2 2 2 2 2 2 2
left_child=2 4 -1 5 -2 6 -4 13 15 10 -10 -12 -13 -7 -15 -9 17 -16 -19 20 24 -17 23 -5 -18 26 29 28 -28 -23
right_child=1 -3 3 22 -6 7 -8 8 9 -11 11 12 -14 14 16 21 19 18 -20 -21 -22 25 -24 -25 -26 -27 27 -29 -30 -31
leaf_value=-0.018872470868843211 -0.046335781294187896 0.28509704631594385 -0.0089999907554293244 -0.0054790885930491133 0.11634118410698405 -0.022765198038456017 0.0020960574605411639 0.04875258648151265 0.026212504229533851 -0.0089257807166490087 -0.019461789859836705 0.028171252372020936 0.0090604203783370731 -0.019400868340451242 -0.0037641422099100614 0.023712463212622759 0.0011831853719332568 0.20913781118093466 -0.0026920759311402837 -0.0078723668441441404 -0.031578694730008093 -0.013113817775621553 -0.020065052177102954 0.0061132279331341972 0.022081886904964609 -0.0040090366321284465 0.00072678655644335037 -0.0097355918952814081 0.018533643390133494 0.00630439993324634
leaf_weight=714 32 24 416 240 21 245 20 28 22 25 28 22 21 138 69 36 37 27 22 143 36 52 300 36 22 588 34 44 24 77
leaf_count=714 32 24 416 240 21 245 20 28 22 25 28 22 21 138 69 36 37 27 22 143 36 52 300 36 22 588 34 44 24 77
internal_value=-0.00148603 0.00733766 -0.00168206 -0.00122093 0.00160377 -0.000749082 -0.00247707 -0.000316093 0.000494504 0.00432203 0.00682796 0.00415493 0.00895349 -0.00141407 -0.000344131 -1.69887e-05 0.000898875 0.0038983 0.0103061 -0.000588236 0.00289474 -0.000263159 -0.00300347 -0.00137681 0.00686441 -0.000543347 0.00149351 0.00480392 0.0105172 -0.00112403
internal_weight=3543 77 3466 2752 53 2176 436 1740 1001 118 93 71 43 739 494 883 356 118 49 238 95 855 576 276 59 819 231 102 58 129
internal_count=3543 77 3466 2752 53 2176 436 1740 1001 118 93 71 43 739 494 883 356 118 49 238 95 855 576 276 59 819 231 102 58 129
is_linear=0
shrinkage=0.05


Tree=40
num_leaves=31
num_cat=0
split_feature=13 44 8 27 19 46 46 44 46 9 9 0 13 53 21 36 14 14 1 12 44 36 35 53 2 46 11 50 36 36
split_gain=1.95865 1.60222 3.85488 1.01522 0.982091 0.646344 0.730213 0.956741 1.31115 0.92876 1.12539 1.69683 1.40022 1.25953 0.90479 1.1771 1.13173 0.947509 0.610554 1.16825 0.751111 0.697937 0.873612 0.406905 0.547791 0.368958 0.469173 0.426175 0.346883 0.379151
threshold=-0.42933334410190577 84.500000000000014 0.16666667163372043 -1.0597500205039976 1.0000000180025095e-35 4.490166664123536 0.10016666725277902 -8.4999999999999982 0.082499999552965178 0.13929094374179843 0.26572534441947943 0.58000001311302196 0.04844444431364537 3.5060000419616704 0.13149999827146533 0.073999997228384032 0.30416667461395269 0.37083333730697637 0.47499999403953558 4.2936573028564462 -2.4999999999999996 0.91159999370574962 1.7950000166893008 0.81299999356269848 0.5000000149011613 0.33383333683013922 0.18819788098335269 1.0000000180025095e-35 0.18184999376535418 0.1228500008583069
decision_type=2 2 2 2 2 2 2 2 2 2 2 2 2 2 2 2 2 2 2 2 2 2 2 2 2 2 2 2 2 2
left_child=25 4 -3 -4 5 6 7 -2 9 28 11 12 13 14 15 16 23 -18 19 -8 -21 -20 -23 24 -11 -1 27 -27 29 -9
right_child=1 2 3 -5 -6 -7 18 8 -10 10 -12 -13 -14 -15 -16 -17 17 -19 21 20 -22 22 -24 -25 -26 26 -28 -29 -30 -31
leaf_value=-0.017942340341320421 -0.010159568405667481 0.17810483492517665 0.16095095034058213 -0.097044197421738781 -0.016981088842047267 0.044187088933064063 -0.011433492104160704 -0.0053758743978045941 0.014363965049175257 -0.0079430879004586865 -0.0014138731329568718 0.03465563959393405 0.02235681078014698 0.018964552718291172 -0.0075140142187067648 0.016073933060513489 0.036138641095419949 -0.00071157631540452195 -0.012511057932711095 0.0054945192644857456 -0.00029969346821425742 0.025360522937083841 -0.01622468329788505 0.19123778403195313 0.0095620161177184491 -0.079556083633238711 -0.036363856006361633 0.086099148113677526 -0.018116257483257927 0.0031315387812501151
leaf_weight=633 478 20 38 50 212 37 87 343 38 90 501 24 20 36 112 26 31 23 404 25 20 32 51 20 21 31 39 25 72 26
leaf_count=633 478 20 38 50 212 37 87 343 38 90 501 24 20 36 112 26 31 23 404 25 20 32 51 20 21 31 39 25 72 26
internal_value=-0.00138149 -0.000787805 0.00518518 0.000681817 -0.00102419 -0.000748909 -0.000846775 -0.000351963 0.000314532 5.57609e-05 0.00097345 0.00294045 0.00212401 0.00140668 0.000417955 0.00234597 0.000945945 0.00703704 -0.00233441 0.000681817 0.00722222 -0.00315195 0.0010241 -0.00156489 -0.00274775 -0.00369506 -0.000789475 0.00214286 -0.0018254 -0.00120596
internal_weight=3565 2837 108 88 2729 2517 2480 1861 1383 1345 904 403 379 359 323 211 185 54 619 132 45 487 83 131 111 728 95 56 441 369
internal_count=3565 2837 108 88 2729 2517 2480 1861 1383 1345 904 403 379 359 323 211 185 54 619 132 45 487 83 131 111 728 95 56 441 369
is_linear=0
shrinkage=0.05


Tree=41
num_leaves=31
num_cat=0
split_feature=13 16 13 46 18 18 9 53 13 12 46 28 2 13 51 47 44 21 13 9 37 16 13 6 13 2 20 53 53 53
split_gain=1.91144 1.216 1.10278 2.67576 0.725627 3.00865 0.819804 0.678199 0.640588 0.581649 0.47833 1.52927 0.474731 1.24606 0.895005 1.73767 1.48902 1.00862 0.949078 1.09578 0.971645 0.769814 0.747126 1.02572 0.648723 0.539043 0.70801 1.11468 0.857143 0.634774
threshold=-0.42933334410190577 0.97999998927116405 0.021999999880790714 0.34933333098888403 0.48206734657287603 0.50206348299980175 0.25716295838356024 -7.2849998474121085 0.094666667282581343 0.6739003360271455 -1.1344999670982359 0.011650000233203174 0.14355555921792987 -0.10733333602547644 1.2730000019073489 0.89588391780853283 -5.4999999999999991 0.39235000312328344 -0.06955555826425551 0.2526665478944779 0.4772500097751618 0.85999998450279247 -0.34733332693576807 0.90000000596046459 -0.08485714346170424 0.5000000149011613 -1.4444999694824217 -2.5779999494552608 -1.4415000081062315 -0.84849998354911793
decision_type=2 2 2 2 2 2 2 2 2 2 2 2 2 2 2 2 2 2 2 2 2 2 2 2 2 2 2 2 2 2
left_child=-1 2 7 4 6 -6 -4 -2 -3 -7 11 -9 -12 21 16 -16 -15 24 -17 20 -20 25 -23 -24 -18 -14 27 -27 -29 -28
right_child=1 8 3 -5 5 9 -8 10 -10 -11 12 -13 13 14 15 18 17 -19 19 -21 -22 22 23 -25 -26 26 29 28 -30 -31
leaf_value=-0.017039440796826472 0.042208219175114026 -0.022447442880741974 0.0086415567175638624 0.12782921448298334 0.12342971024806489 0.016806663092504216 -0.022254262275061183 0.12698709013010162 0.0030806157022846619 -0.007798005618632445 -0.0093133552221372363 -0.097078539377890877 -0.015062216343434477 0.0069177794637091498 0.02056376944045846 -0.0057828822166075926 0.0096290073882705895 0.036589174924808336 0.00108694805716818 -0.005130103803822561 0.010448941285574652 -0.039923893202161269 0.0078705001000990531 -0.0071995321040136777 -0.0047199198984464001 -0.0053573874688949037 -0.020951721338619705 0.036543323701773565 0.0011886146089235342 5.3131132997002161e-05
leaf_weight=728 24 255 39 20 35 30 127 25 45 64 386 42 713 23 25 31 39 32 20 24 22 20 37 21 206 30 165 21 21 295
leaf_count=728 24 255 39 20 35 30 127 25 45 64 386 42 713 23 25 31 39 32 20 24 22 20 37 21 206 30 165 21 21 295
internal_value=-0.00140954 -0.000823054 -0.000467088 0.00230159 0.00110169 0.00391473 -0.00108434 -0.000859587 -0.00383333 -0.000744682 -0.000950866 0.00320895 -0.00108165 -0.00073066 0.00163507 0.0052459 0.000166665 -0.000848377 0.00221649 0.00560606 0.0104762 -0.00148526 0.00333333 0.0062069 -0.00193878 -0.00178715 -0.000582708 0.00402778 0.00928571 -0.00130435
internal_weight=3565 2837 2537 315 295 129 166 2222 300 94 2198 67 2131 1745 422 122 300 277 97 66 42 1323 78 58 245 1245 532 72 42 460
internal_count=3565 2837 2537 315 295 129 166 2222 300 94 2198 67 2131 1745 422 122 300 277 97 66 42 1323 78 58 245 1245 532 72 42 460
is_linear=0
shrinkage=0.05


Tree=42
num_leaves=31
num_cat=0
split_feature=13 16 13 46 18 18 10 18 53 26 14 11 13 2 46 10 12 9 44 10 11 10 10 13 9 5 11 18 28 28
split_gain=1.93497 0.974316 0.878345 2.05651 0.713575 2.44131 1.01281 0.923582 0.674553 0.579111 1.71474 0.921348 0.888111 1.01464 0.931332 1.13704 0.961859 1.23296 1.36578 1.21942 0.81 0.758906 0.578817 0.565294 0.495845 0.452886 0.72052 0.429501 0.424204 0.852177
threshold=-0.42933334410190577 0.97999998927116405 0.021999999880790714 0.34933333098888403 0.48501852154731756 0.50206348299980175 -9.1332664489746076 0.26624578237533575 -7.2849998474121085 0.17274999618530276 0.045833334326744087 -0.019084908999502655 -0.2357777804136276 0.58933332562446605 0.11683333292603494 -9.8162269592285138 2.1974776983261113 0.051944684237241752 -1.0000000180025095e-35 -9.0629258155822736 0.15060903877019885 -9.0316057205200178 -10.566741466522215 0.094666667282581343 0.13104625791311267 0.27500000596046453 -0.046563697978854172 0.46173334121704107 0.19989999383687976 0.033750001341104514
decision_type=2 2 2 2 2 2 2 2 2 2 2 2 2 2 2 2 2 2 2 2 2 2 2 2 2 2 2 2 2 2
left_child=-1 2 8 4 7 -6 -7 -4 -2 24 -11 -12 13 -13 15 22 17 -17 19 -19 -15 -18 -14 -3 25 26 -10 -23 29 -26
right_child=1 23 3 -5 5 6 -8 -9 9 10 11 12 14 20 -16 16 21 18 -20 -21 -22 27 -24 -25 28 -27 -28 -29 -30 -31
leaf_value=-0.016187468756985148 0.040097808216358326 -0.021325070736704876 0.018799036673365434 0.12143775375883421 0.15010287447526663 -0.025782175410959486 0.017109918792485634 -0.014488900284461837 0.026319720021464578 0.1282868846418431 -0.009440865416934327 -0.027429515078758085 0.004618196894048153 -0.0020275422317592422 -0.0076323120848223198 -0.009088832970294598 -0.010976242034852479 0.0030098975087424693 0.011337752130031827 -0.0068870641769239157 0.0081039326987852531 -0.0051987286548795574 0.06489811690828455 0.0029265849171704276 -0.0014405011190431229 -0.011949747566642526 -0.018116170631775615 0.0095802690606073722 -0.013634876119605399 0.017613637222275342
leaf_weight=728 24 255 37 20 31 67 27 133 23 25 276 164 23 20 67 21 76 37 26 22 25 21 20 45 767 383 33 20 117 32
leaf_count=728 24 255 37 20 31 67 27 133 23 25 276 164 23 20 67 21 76 37 26 22 25 21 20 45 767 383 33 20 117 32
internal_value=-0.00139551 -0.000805429 -0.000486797 0.00198413 0.000932202 0.0038 -0.000212767 -0.00117647 -0.000837085 -0.000928118 0.000100829 -0.0002934 0.000904058 -0.00165072 0.00250751 0.00383459 0.0023991 0.00584906 0.00852941 0.00432203 0.005 -0.000726497 0.0112791 -0.0035 -0.00156827 -0.00294989 0.00125 0.0047561 -0.000906115 -0.000494369
internal_weight=3565 2837 2537 315 295 125 94 170 2222 2198 843 818 542 209 333 266 223 106 85 59 45 117 43 300 1355 439 56 41 916 799
internal_count=3565 2837 2537 315 295 125 94 170 2222 2198 843 818 542 209 333 266 223 106 85 59 45 117 43 300 1355 439 56 41 916 799
is_linear=0
shrinkage=0.05


Tree=43
num_leaves=31
num_cat=0
split_feature=18 18 3 2 27 0 9 46 14 36 36 1 11 27 14 4 14 2 9 46 9 9 14 47 9 5 26 53 21 36
split_gain=1.00991 1.91426 0.966376 0.930977 0.857369 0.710621 0.640752 0.564229 0.698637 1.06496 1.04833 0.671593 0.743676 1.21361 0.588428 1.09316 1.35277 0.624721 0.948583 0.985089 0.554435 0.542314 0.540108 0.572878 0.608858 0.538721 1.02171 0.529026 1.03545 0.51564
threshold=0.63382220268249523 0.62674692273139965 0.23068684339523318 0.73619046807289135 -4.9100999832153311 0.1799999997019768 1.0003445744514468 -0.010999999940395353 0.045833334326744087 0.019299999810755256 -0.75699999928474415 0.47499999403953558 0.15060903877019885 -0.044550001621246331 0.16250000149011615 0.25999999791383749 0.12083333358168603 0.5000000149011613 0.4437465518712998 -0.24883333593606946 0.083457935601472868 0.90475329756736766 0.23749999701976779 1.2740647792816164 0.25562594830989843 0.32500000298023229 0.378250002861023 0.42700000107288366 -0.23825000226497647 -0.84169998764991749
decision_type=2 2 2 2 2 2 2 2 2 2 2 2 2 2 2 2 2 2 2 2 2 2 2 2 2 2 2 2 2 2
left_child=1 3 -3 4 -1 27 -5 8 10 20 -7 12 -9 -14 15 -11 -17 18 19 -16 -10 -2 -22 29 -25 -21 -27 -6 -29 -24
right_child=21 2 -4 6 5 7 -8 11 9 14 -12 -13 13 -15 17 16 -18 -19 -20 25 22 -23 23 24 -26 26 -28 28 -30 -31
leaf_value=0.19622801597855688 -0.023484303398955186 0.15796023414985247 0.018727529547652839 -0.019599537565984725 -0.025016409475053604 0.12618987617390889 0.026817485599329251 -0.0040734878986102693 0.0074126419860575006 -0.005469525962966168 -0.018887291009061301 -0.0058261147395637473 0.017746757241104739 -0.0015226625828131521 0.024966088524482205 0.0027116047122234376 0.051070268899826132 -0.013040695025909071 0.027298885373515564 -0.013302276400562288 -0.011756614216212529 -0.0001450025813104213 0.0096065866725852916 0.012431004068874082 -0.00031687831330186116 -0.028360607269302673 0.0042516626475547657 0.031953753285287823 -0.0028028269754043632 -0.0084406978096804482
leaf_weight=33 388 20 21 406 281 20 28 126 22 35 23 1033 26 32 27 25 22 90 23 45 260 76 25 22 37 25 29 39 207 119
leaf_count=33 388 20 21 406 281 20 28 126 22 35 23 1033 26 32 27 25 22 90 23 45 260 76 25 22 37 25 29 39 207 119
internal_value=-0.00142356 -0.00109803 0.00963415 -0.00124183 -0.000887282 -0.000989203 -0.0033871 -0.000571153 0.000418138 8.68474e-05 0.00662791 -0.0012613 0.00152174 0.0062069 0.00232087 0.00597561 0.0109574 0.00106694 0.00305369 0.00134921 -0.00139175 -0.00359914 -0.00176026 0.000172413 0.00432203 -0.000959597 0.00240741 -0.00262808 -0.000934961 -0.00152778
internal_weight=3565 3101 41 3060 2626 2593 434 2066 849 806 43 1217 184 58 321 82 47 239 149 126 485 464 463 203 59 99 54 527 246 144
internal_count=3565 3101 41 3060 2626 2593 434 2066 849 806 43 1217 184 58 321 82 47 239 149 126 485 464 463 203 59 99 54 527 246 144
is_linear=0
shrinkage=0.05


Tree=44
num_leaves=31
num_cat=0
split_feature=13 13 46 18 12 18 46 12 46 36 18 36 27 21 53 10 5 18 17 18 8 12 47 10 10 37 53 3 47 12
split_gain=2.00643 1.00721 1.52047 1.11894 0.754679 0.87378 0.865703 0.727349 1.08807 0.880393 1.48441 0.863155 0.754696 1.56202 0.751358 0.657717 1.17276 0.654187 1.10157 0.570652 0.679348 1.32955 0.528632 0.463749 0.780769 0.679556 1.48654 0.485811 0.646646 0.4566
threshold=-0.42933334410190577 0.021999999880790714 0.34933333098888403 0.69464683532714855 0.35544736683368688 0.26292063295841223 -0.20749999582767484 0.80426144599914562 -0.11116666719317435 -0.86774998903274525 0.48501852154731756 -0.18755000084638593 0.32204999029636389 0.67530000209808361 -6.6519999504089347 -16.529744148254391 0.32500000298023229 0.48501852154731756 0.62500000000000011 0.34319999814033514 1.0333333611488345 0.2470071762800217 0.1725776866078377 -9.5484142303466779 -9.4428186416625959 0.58994999527931224 1.0159999728202822 0.25274377316236502 0.27872151136398321 3.3502106666564946
decision_type=2 2 2 2 2 2 2 2 2 2 2 2 2 2 2 2 2 2 2 2 2 2 2 2 2 2 2 2 2 2
left_child=-1 3 4 7 17 -6 -7 8 9 10 -2 -11 19 -14 -10 16 -9 -3 -19 -13 21 -21 -17 -16 -25 27 -27 -26 -29 -24
right_child=1 2 -4 -5 5 6 -8 15 14 11 -12 12 13 -15 23 22 -18 18 -20 20 -22 -23 29 24 25 26 -28 28 -30 -31
leaf_value=-0.014398118440836659 -0.0015325313252689727 -0.0079215442177348102 0.11565717180787077 -0.037071199844967311 0.027372977673875538 0.0098660129056951807 -0.012312633074777111 0.025122357215742228 0.030825431088298817 -0.0074008041823083017 0.18432697415949856 -0.015371935227076378 0.061852211942970615 -0.0022080429587095864 -0.024008517662710591 -0.024995897912792643 -0.015183338787124448 0.1344185687614996 0.0019497266243819419 -0.002786023568994584 -0.020765856787424174 0.011734713445031899 -0.0080026402779904884 0.032116743158538422 -0.0079587978191352458 -0.021745297544110753 0.0034748319438608192 0.021693908672750173 -0.003967148972187506 -0.00046323445685064496
leaf_weight=728 34 38 20 174 27 31 213 23 30 98 28 28 32 20 159 194 35 24 51 33 20 39 457 28 217 31 25 43 61 624
leaf_count=728 34 38 20 174 27 31 213 23 30 98 28 28 32 20 159 194 35 24 51 33 20 39 457 28 217 31 25 43 61 624
internal_value=-0.00135344 -0.000752557 0.0015594 -0.00113646 0.000859374 -0.000571957 -0.00151639 -0.000838868 0.00023758 0.00253012 0.00790322 0.0012963 0.00343023 0.00846154 -0.00104377 -0.00158665 0.00362069 0.00429203 0.007 0.00125 0.00315217 0.00541667 -0.00182353 -0.0014539 -0.000555557 -0.00115385 0.00392857 -0.0020405 0.00076923 -0.00139223
internal_weight=3565 2837 404 2433 384 271 244 2259 926 332 62 270 172 52 594 1333 58 113 75 120 92 72 1275 564 405 377 56 321 104 1081
internal_count=3565 2837 404 2433 384 271 244 2259 926 332 62 270 172 52 594 1333 58 113 75 120 92 72 1275 564 405 377 56 321 104 1081
is_linear=0
shrinkage=0.05


Tree=45
num_leaves=31
num_cat=0
split_feature=13 14 45 22 53 47 47 27 17 46 46 35 51 45 14 13 18 18 51 47 11 27 51 28 13 47 45 2 44 20
split_gain=1.58395 1.12766 0.98395 1.11648 1.13082 0.940382 1.23787 1.56618 0.817228 2.41791 0.702818 0.686402 0.7896 1.20956 1.39378 0.792117 0.961802 1.41201 0.689554 0.699405 0.671896 0.613301 0.707726 0.907981 0.622241 0.568049 0.941737 0.965714 0.544134 0.670145
threshold=-0.42933334410190577 0.39583334326744085 0.30400000512599951 -0.41554999351501459 -6.3244998455047599 0.94248259067535411 0.79009413719177257 0.05269999988377095 0.20833333581686023 0.11683333292603494 2.9683333635330205 -11.194750308990477 -3.4314999580383296 -0.29958334565162653 0.045833334326744087 0.021999999880790714 0.48501852154731756 0.49568253755569464 -0.35199999809265131 0.40536023676395422 0.32331565022468572 0.69849997758865368 -2.7215000391006465 -0.52375000715255726 -0.24199999868869779 1.255600690841675 0.91124999523162853 0.34999999403953558 -1.0000000180025095e-35 3.2402499914169316
decision_type=2 2 2 2 2 2 2 2 2 2 2 2 2 2 2 2 2 2 2 2 2 2 2 2 2 2 2 2 2 2
left_child=10 2 11 -4 -5 6 8 -8 9 -6 -1 -2 -13 14 -14 -15 -17 -18 19 -16 -10 22 23 -21 -23 -7 27 -27 -28 -30
right_child=1 -3 3 4 5 25 7 -9 20 -11 -12 12 13 15 18 16 17 -19 -20 21 -22 24 -24 -25 -26 26 28 -29 29 -31
leaf_value=-0.013683995046222752 0.17297353160348172 -0.018985546366421073 -0.016127558150896584 0.049693017336933536 0.16616144844320063 -0.0097751345541836898 0.15458955240640176 0.0049356058894119747 -0.0084810919605722811 -0.019962280733655205 0.045261847042197954 -0.021185795516823105 0.10340471369104501 -0.007594737112355557 0.028226629868332621 -0.011810000094753786 0.1267987794872957 0.0020347805209643228 -0.02845178661370994 0.0068979425789566506 0.0530592247884836 -0.0018137251684743915 -0.0035749207989651949 -0.0064118526314888864 0.062075080681480911 0.0016278345996387702 -0.011829361956949704 0.052685902054463267 0.009306797379061758 -0.017963831762346557
leaf_weight=686 38 236 106 35 23 70 21 34 86 27 36 155 30 1027 40 79 22 94 50 28 20 26 233 29 20 50 122 20 25 23
leaf_count=686 38 236 106 35 23 70 21 34 86 27 36 155 30 1027 40 79 22 94 50 28 20 26 233 29 20 50 122 20 25 23
internal_value=-0.00139072 -0.000846877 -0.000538888 0.00111782 0.00201439 0.00142994 0.00400474 0.0104545 0.00173077 0.007 -0.00347646 -0.00112507 -0.00126296 -0.000947558 0.00125 -0.0017676 0.00115384 0.00405172 0.000516431 0.00125 -0.000754718 0.000505951 -0.000344829 0.00464912 0.00586956 -0.000322582 0.000833332 0.00571428 -0.00117647 0.00333333
internal_weight=3491 2769 2533 662 556 521 211 55 156 50 722 1871 1833 1678 456 1222 195 116 426 376 106 336 290 57 46 310 240 70 170 48
internal_count=3491 2769 2533 662 556 521 211 55 156 50 722 1871 1833 1678 456 1222 195 116 426 376 106 336 290 57 46 310 240 70 170 48
is_linear=0
shrinkage=0.05


Tree=46
num_leaves=31
num_cat=0
split_feature=13 46 17 14 3 11 17 3 36 13 13 10 56 16 28 27 12 12 5 11 13 18 28 11 45 56 28 3 46 27
split_gain=1.48483 1.38023 1.34853 0.979143 0.956155 1.12051 1.39557 1.19371 0.942857 0.795455 0.714193 1.01677 0.677352 0.625024 1.11784 1.0084 0.538651 1.58301 1.46107 0.7266 0.60587 0.913749 0.484374 0.465231 0.445441 0.512678 0.44109 0.465341 0.418869 0.411957
threshold=-0.21200000494718549 2.9683333635330205 0.12500000372529033 0.39583334326744085 0.1726275831460953 0.417929157614708 0.29166667163372045 0.18713862448930743 -0.0035500000230967994 -0.35400000214576716 0.041999999433755882 -9.2662262916564924 0.34849999845027929 0.21999999880790713 0.98565000295639049 -0.20074999332427976 4.9661054611206064 5.5488569736480722 0.42499999701976782 0.04659977741539479 -0.18999999761581418 0.39982716739177709 -4.7898499965667716 0.55351346731185924 -1.5320833325386045 0.88749998807907116 -0.15089999884366986 0.25274377316236502 -0.075500000268220888 0.10990000143647195
decision_type=2 2 2 2 2 2 2 2 2 2 2 2 2 2 2 2 2 2 2 2 2 2 2 2 2 2 2 2 2 2
left_child=1 13 -3 4 10 7 23 -6 -8 -4 28 -12 -13 14 24 -16 19 18 -18 20 21 -9 -22 -7 -1 -26 -24 -28 29 -2
right_child=3 2 9 -5 5 6 8 16 -10 -11 11 12 -14 -15 15 -17 17 -19 -20 -21 22 -23 26 -25 25 -27 27 -29 -30 -31
leaf_value=0.015041354014599374 -0.0023032946217841975 0.081026853945388416 -0.10990411623397985 -0.016016862932604386 0.049928226262959674 0.0033430266616715585 0.0046414111827249105 -0.0403713619864993 0.059353986187265152 0.041840701150979605 -0.011836459234453716 0.0017622303489351597 0.041335756549569357 -0.019631418493145609 -0.015243846611926648 0.12089182675003381 0.0012915446210861716 -0.023398039750305594 0.01006962539330176 -0.0040807721255504623 0.036220897498459047 0.0172341490425638 -0.0066655342075539088 -0.016015937884862552 -0.012122600077466579 0.011812589369354748 -0.0060594175726042913 0.0046079830379544299 -0.0072210186756684587 0.00099269281756541932
leaf_weight=20 114 24 35 205 40 21 20 23 22 20 52 21 20 1224 21 30 23 29 20 132 40 37 121 38 265 20 162 219 382 91
leaf_count=20 114 24 35 205 40 21 20 23 22 20 52 21 20 1224 21 30 23 29 20 132 40 37 121 38 265 20 162 219 382 91
internal_value=-0.0015053 -0.00258891 0.00386076 -0.000524019 -0.000113707 0.00091341 0.00589109 0.000319148 0.0128571 -0.000454547 -0.00154412 0.00252688 0.00841463 -0.00291139 -0.00106742 0.00578431 -9.92568e-05 0.00402778 0.0101163 -0.000504088 0.000232557 0.005 -0.000295204 0.000932202 -0.00221312 -0.0027193 -0.000717133 0.000118109 -0.0021891 -0.000365855
internal_weight=3491 1659 79 1832 1627 947 101 846 42 55 680 93 41 1580 356 51 806 72 43 734 602 60 542 59 305 285 502 381 587 205
internal_count=3491 1659 79 1832 1627 947 101 846 42 55 680 93 41 1580 356 51 806 72 43 734 602 60 542 59 305 285 502 381 587 205
is_linear=0
shrinkage=0.05


Tree=47
num_leaves=31
num_cat=0
split_feature=13 14 45 51 14 11 8 3 9 13 56 44 14 47 4 22 9 11 22 18 18 26 5 22 18 13 26 13 56 10
split_gain=1.34025 1.14135 1.09357 1.13207 1.2797 0.815639 0.732309 1.16379 1.51936 0.625 0.623269 0.558539 1.01275 0.985003 0.779562 0.514204 1.12842 0.447867 0.431369 0.720641 2.14813 0.659347 1.51866 0.776302 0.9148 0.568182 0.5078 0.774994 1.24085 0.388044
threshold=-0.42933334410190577 0.32916666567325598 0.63574999570846569 1.8299999833106997 0.079166669398546233 -0.036364054307341569 1.4333333373069765 0.1726275831460953 0.27199658751487737 -0.24199999868869779 3.7220000028610234 -1.4999999999999998 0.25416666269302374 1.6106861829757693 0.38000001013278967 0.50540000200271618 0.11450986936688425 -0.026821021921932694 0.21954999864101413 0.48380808532238012 0.48934602737426763 -1.8530000448226926 0.42499999701976782 -0.50674998760223378 0.50314998626708995 -0.1268571466207504 1.6559999585151675 -0.1268571466207504 -0.96449998021125782 -9.1265697479248029
decision_type=2 2 2 2 2 2 2 2 2 2 2 2 2 2 2 2 2 2 2 2 2 2 2 2 2 2 2 2 2 2
left_child=10 2 6 4 9 -3 18 -8 -9 -4 -1 14 -13 -14 -5 -7 -17 -6 19 -2 -21 22 -22 -23 25 -25 -20 28 -28 -26
right_child=1 5 3 11 17 15 7 8 -10 -11 -12 12 13 -15 -16 16 -18 -19 26 20 21 23 -24 24 29 -27 27 -29 -30 -31
leaf_value=-0.012393665290038287 -0.0045321313928498516 0.0048825043178777582 0.039748666093430626 -0.010364224625212025 -0.072687194448903522 -0.013746281387959051 -0.0082971540812619687 0.031130322849416525 -0.0043690819488740708 0.18013373861384793 0.036943231314669228 -0.031544325441247772 -0.0017900796445676067 0.0079956858305208316 0.021731311868695667 0.0098194972109546547 -0.006314304871296729 0.031863892785697366 -0.011270606926044922 0.1243513980673866 -0.0017514989027018564 -0.01400266533881458 0.050110772535687277 0.0057684865305071466 -0.011679301156701431 0.034771664511206314 -0.054620097027875403 -0.034137770164178474 0.094410905973822068 0.0011962095830814375
leaf_weight=684 672 38 20 124 25 365 27 33 27 20 38 24 24 38 26 20 165 21 410 25 38 160 22 22 192 22 24 30 25 130
leaf_count=684 672 38 20 124 25 365 27 33 27 20 38 24 24 38 26 20 165 21 410 25 38 160 22 22 192 22 24 30 25 130
internal_value=-0.00141937 -0.000919106 -0.000392023 0.00229814 0.0072093 -0.00287415 -0.000857989 0.00362069 0.0075 0.01375 -0.00333795 0.000508473 0.00372093 0.00709677 -0.00133333 -0.00336364 -0.00121622 0.00152174 -0.00107788 -0.00059626 0.00064648 3.41285e-05 0.005 -0.000532321 0.000737704 0.0075 -0.00234151 0.00132911 0.00520408 -0.000186337
internal_weight=3491 2769 2181 322 86 588 1859 87 60 40 722 236 86 62 150 550 185 46 1772 1283 611 586 60 526 366 44 489 79 49 322
internal_count=3491 2769 2181 322 86 588 1859 87 60 40 722 236 86 62 150 550 185 46 1772 1283 611 586 60 526 366 44 489 79 49 322
is_linear=0
shrinkage=0.05


Tree=48
num_leaves=31
num_cat=0
split_feature=13 46 18 10 5 14 18 0 9 0 11 48 13 37 27 9 18 9 18 3 18 28 13 45 0 0 9 46 9 0
split_gain=1.29385 1.46146 2.06596 0.924358 1.26013 0.700802 0.644691 0.851168 1.49611 2.10449 0.948328 0.785961 0.816711 1.11387 1.0689 0.775838 1.05516 1.64466 0.769231 0.69603 0.763498 0.953269 1.07037 0.644315 0.632447 0.606085 0.982732 0.612169 0.595238 0.576942
threshold=-0.28599999845027918 0.53049999475479137 0.56865182518959057 -16.750837326049801 0.32500000298023229 0.38750000298023229 0.43280808627605444 0.49999998509883886 0.4437465518712998 0.34000000357627874 -0.12555580586194989 1.0000000180025095e-35 -0.14449999481439588 -0.14975000172853467 0.28755000233650213 0.13104625791311267 0.32644973695278173 1.0003445744514468 0.51919823884964 0.20034662634134295 0.50206348299980175 -1.0000000180025095e-35 -0.0757777765393257 -0.54524999856948841 0.49999998509883886 0.38000001013278967 0.22126521915197375 -0.22350000590085981 0.083457935601472868 0.78000000119209301
decision_type=2 2 2 2 2 2 2 2 2 2 2 2 2 2 2 2 2 2 2 2 2 2 2 2 2 2 2 2 2 2
left_child=1 -1 24 4 -2 6 15 8 11 10 -10 12 -8 18 -15 23 17 -17 -14 -9 21 -21 -23 -5 -3 27 -27 28 -13 -22
right_child=3 2 -4 5 -6 -7 7 19 9 -11 -12 25 13 14 -16 16 -18 -19 -20 20 29 22 -24 -25 -26 26 -28 -29 -30 -31
leaf_value=-0.011664141732199804 0.017993536489564785 0.046809933154709257 0.07670470744891017 0.014282753839167326 -0.023546045554842947 -0.011887501882544371 -0.015979121923430289 -0.012147363870247188 0.10991238957297594 0.048719846873584757 -0.017315930251180899 0.14102097991700266 -0.00498593329643361 0.16498538297967355 0.00096107341541334034 0.00043968858534674431 -0.0080455306762844646 0.21671793195793351 0.011013904148684847 -0.024266191455419812 -0.011300367123898269 0.031824170526972589 0.0033319609424969985 -0.010515740982685928 -0.036253906330297944 0.027683652936142229 -0.017156852647483907 -0.0049247924481503787 -0.016779196966472263 0.00085599333201467746
leaf_weight=1285 23 21 20 20 34 234 69 142 21 30 26 21 32 48 25 226 233 23 20 29 127 24 30 281 57 25 34 205 21 105
leaf_count=1285 23 21 20 20 34 234 69 142 21 30 26 21 32 48 25 226 233 23 20 29 127 24 30 281 57 25 34 205 21 105
internal_value=-0.00153395 -0.00272234 0.00316326 -0.000754271 0.00552631 -0.000928816 -0.000597139 0.000222436 0.00149913 0.00798701 0.00138298 0.000499999 0.00298969 0.0054 0.00938356 -0.00167944 -0.000435686 0.00182731 -0.000192309 -0.0013895 -7.93663e-05 0.00403614 0.00796296 -0.0036711 -0.000512822 -0.00107843 0.00347458 -0.00216599 0.00333333 -0.00155173
internal_weight=3491 1383 98 2108 57 2051 1817 1034 577 77 47 500 194 125 73 783 482 249 52 457 315 83 54 301 78 306 59 247 42 232
internal_count=3491 1383 98 2108 57 2051 1817 1034 577 77 47 500 194 125 73 783 482 249 52 457 315 83 54 301 78 306 59 247 42 232
is_linear=0
shrinkage=0.05


Tree=49
num_leaves=31
num_cat=0
split_feature=46 18 9 46 18 18 53 28 18 9 2 18 44 9 49 35 16 18 5 28 53 56 8 44 36 36 56 35 20 9
split_gain=1.11278 1.66154 0.94862 1.53268 1.003 0.821141 0.613508 0.990797 0.567074 0.793651 0.728139 0.549223 0.628931 0.944121 0.453346 0.451535 0.742521 0.422294 0.820812 0.818182 0.428892 0.492609 0.538329 0.575007 0.555704 0.982556 0.677961 1.11777 0.697145 0.703247
threshold=3.4416667222976689 0.55301588773727428 0.69068261981010448 0.36166666448116308 0.27511110901832586 0.54363778233528148 3.8374999761581425 0.49170000851154333 0.1872857138514519 0.17120567709207538 0.14355555921792987 0.41140741109848028 -4.4999999999999991 0.77830550074577343 1.0000000180025095e-35 -1.0872499942779539 0.1799999997019768 0.52970370650291454 0.27500000596046453 0.099199999123811736 -2.7495000362396236 -0.097500000149011598 1.5666666626930239 -14.499999999999998 -1.3106999993324278 -0.84169998764991749 -2.1690000295639034 -1.1447499990463255 0.93575000762939464 0.28005367517471319
decision_type=2 2 2 2 2 2 2 2 2 2 2 2 2 2 2 2 2 2 2 2 2 2 2 2 2 2 2 2 2 2
left_child=2 14 5 4 -4 6 8 -8 9 10 -1 -6 -13 -14 -2 16 -7 20 19 -19 -10 22 23 -22 -25 -26 27 -27 -28 -30
right_child=1 -3 3 -5 11 15 7 -9 17 -11 -12 12 13 -15 -16 -17 -18 18 -20 -21 21 -23 -24 24 25 26 28 -29 29 -31
leaf_value=-0.0062884289824661132 0.019370795158667495 0.07286947046966305 0.058861847840292331 0.14848099351265406 -0.02565569696979594 0.04305611374907186 0.081843045886267576 -0.015940227771160272 -0.027697077068968925 -0.0063170497973037967 0.0079170397668788632 -0.014159861693666138 0.02587381181592064 0.00078036650734072911 -0.058377430207484829 -0.011198767392382108 -0.02041501519302057 0.054948113551729211 -0.016561890674751688 -0.013831106665150368 -0.024251494736213526 -0.0050076399699426968 -0.010366559403030355 -0.013487331193202324 0.15195560947226494 0.0093244891820305261 -0.0011140195042086043 -0.0010991300317342784 0.057033868594559389 -0.018781139973935709
leaf_weight=20 34 30 24 22 88 25 20 31 173 21 22 106 21 191 44 763 119 22 50 22 54 970 122 43 26 20 335 31 20 22
leaf_count=20 34 30 24 22 88 25 20 31 173 21 22 106 21 191 44 763 119 22 50 22 54 970 122 43 26 20 335 31 20 22
internal_value=-0.00166285 0.00333333 -0.00182235 0.000309733 -0.000348838 -0.00215114 -0.00159091 0.00382353 -0.00173087 0.00293651 0.00690476 -0.000935962 3.14453e-05 0.00160377 -0.000512822 -0.00340132 -0.000833335 -0.00188482 0.00138298 0.00636364 -0.00205397 -0.00180463 -0.000765232 -9.98197e-05 0.000432594 0.000947135 0.000373831 0.00578431 -0.000358091 0.00571428
internal_weight=3491 108 3383 452 430 2931 2024 51 1973 63 42 406 318 212 78 907 144 1910 94 44 1816 1643 673 551 497 454 428 51 377 42
internal_count=3491 108 3383 452 430 2931 2024 51 1973 63 42 406 318 212 78 907 144 1910 94 44 1816 1643 673 551 497 454 428 51 377 42
is_linear=0
shrinkage=0.05


Tree=50
num_leaves=31
num_cat=0
split_feature=46 18 16 10 46 47 44 21 21 4 0 20 37 47 27 18 18 18 48 17 26 46 18 28 18 26 8 44 36 3
split_gain=1.21241 1.68067 0.899898 0.890144 0.878959 0.851348 0.839228 0.731419 1.9417 0.924586 0.864002 0.673585 1.0049 0.956859 0.600714 0.558718 0.615935 0.910383 0.895699 0.92769 0.531961 0.70545 0.474053 0.439547 0.431717 1.14113 0.41051 0.383992 0.368291 0.453074
threshold=3.4416667222976689 0.56865182518959057 0.29999999701976782 -9.5484142303466779 0.11683333292603494 12.356419086456301 -1.0000000180025095e-35 -0.1731000021100044 -0.33824999630451197 0.099999997764825835 0.13999999687075618 -1.970750033855438 -1.0846000313758848 0.39749339222908026 -1.285549998283386 0.59042423963546764 0.43721295893192297 0.46261110901832586 1.0000000180025095e-35 0.12500000372529033 0.82799997925758373 0.33383333683013922 0.39782011508941656 -0.86524999141693104 0.49568253755569464 1.4542499780654909 1.1000000238418581 -12.499999999999998 -0.67605000734329213 0.32893212139606481
decision_type=2 2 2 2 2 2 2 2 2 2 2 2 2 2 2 2 2 2 2 2 2 2 2 2 2 2 2 2 2 2
left_child=2 14 3 5 7 20 -6 8 9 -5 -9 12 13 -4 -2 16 22 -18 19 -19 -1 24 -12 -14 25 -22 -11 -13 -29 -30
right_child=1 -3 11 4 6 -7 -8 10 -10 26 15 27 23 -15 -16 -17 17 18 -20 -21 21 -23 -24 -25 -26 -27 -28 28 29 -31
leaf_value=-0.0085598617931682813 -0.053820354166030066 0.075291471319798187 0.0080630320256635437 0.091475647142383321 -0.014438206084729103 0.17974583668465327 0.0019147874035268836 -0.0072823978492522236 0.011563072160561188 -0.016839642060602244 0.0017274019595317882 -0.043693545443590387 0.0028808577519701902 -0.012559499973147877 0.04221251336547964 -0.0087006543461470003 0.16632940865939522 -0.005960924159616467 -0.012738525061460402 0.17499393164033028 0.05008551284833828 0.079945897562535562 -0.020016738374716805 0.029080744682204042 -0.031926902091775317 -0.010296610563990335 0.00031932156158790727 -0.015279030302115163 -0.0061398072631485209 0.00085593959447014868
leaf_weight=818 56 21 24 32 158 24 21 87 21 46 92 229 20 125 25 39 20 28 40 34 31 22 32 21 103 68 21 137 1009 101
leaf_count=818 56 21 24 32 158 24 21 87 21 46 92 229 20 125 25 39 20 28 40 34 31 22 32 21 103 68 21 137 1009 101
internal_value=-0.00154779 0.00382353 -0.00170879 -0.000912494 0.000514157 -0.00181051 -0.00248603 0.00160569 0.005 0.00207071 0.000510751 -0.00253902 0.000263157 -0.0016443 0.000555554 0.0018421 0.00272358 0.0052459 0.00333333 0.00709677 -0.00202495 0.000133927 0.000241934 0.00719512 -0.00079208 0.00156566 -0.00126866 -0.00289973 -0.00255413 -0.00225225
internal_weight=3505 102 3403 1737 671 1066 179 492 120 99 372 1666 190 149 81 285 246 122 102 62 1042 224 124 41 202 99 67 1476 1247 1110
internal_count=3505 102 3403 1737 671 1066 179 492 120 99 372 1666 190 149 81 285 246 122 102 62 1042 224 124 41 202 99 67 1476 1247 1110
is_linear=0
shrinkage=0.05


Tree=51
num_leaves=31
num_cat=0
split_feature=13 46 18 13 35 18 46 35 46 47 46 10 22 5 18 53 2 9 9 47 18 18 28 56 10 9 9 18 27 18
split_gain=1.30103 1.19823 1.69164 0.720568 0.598399 0.996691 1.39655 0.574073 0.920914 1.21236 0.513414 0.689254 0.490708 0.567085 1.00406 0.47138 0.471232 0.4395 0.779901 1.01872 0.654183 0.418021 0.595969 0.407694 0.437219 0.76133 1.41404 0.586868 0.503923 0.394348
threshold=-0.50733333826065052 3.4416667222976689 0.53588888049125682 3.8133332729339604 -1.0674999952316282 0.60763701796531688 -0.065333332866430269 -1.4647499918937681 -0.034499999135732644 1.0687257051467898 -0.099833335727453218 -8.5908966064453107 1.5222499966621401 1.0000000180025095e-35 0.46334743499755865 -6.6519999504089347 0.53999999165534984 0.14757101237773898 0.43975645303726202 1.3630428910255434 0.29857777059078222 0.54225748777389537 -0.027650000527501103 1.216000020503998 -9.5350356101989728 0.12986246496438983 0.24918745458126071 0.26624578237533575 0.1836500018835068 0.38718412816524511
decision_type=2 2 2 2 2 2 2 2 2 2 2 2 2 2 2 2 2 2 2 2 2 2 2 2 2 2 2 2 2 2
left_child=-1 3 15 4 5 7 -7 -2 9 -9 12 21 13 14 -6 -3 23 -13 19 20 -19 22 -12 24 -15 27 28 -26 -27 -24
right_child=1 2 -4 -5 10 6 -8 8 -10 -11 11 17 -14 16 -16 -17 -18 18 -20 -21 -22 -23 29 -25 25 26 -28 -29 -30 -31
leaf_value=-0.01021885144914181 -0.00628874633551874 0.0080299112078604899 0.099634640881274342 0.11914386994187161 0.0065745997472041826 -0.0077219552139215419 0.044565437140151862 0.00032870447522395624 -0.0030085986244584493 0.0097483516945313809 -0.0086581546944458215 -0.040956431482886135 -0.014691745072622909 -0.0039266300192287848 -0.0014950962451454829 -0.036019858863955326 -0.015526707347436034 0.001954015165105117 -0.0048992572102418679 -0.0076188363363479221 0.036791310660058862 -0.01498736527849083 -0.0062534676882001171 -0.021710347417133333 0.0052364853410863579 0.0050458993794409279 -0.017823583317696182 -0.0014484963266441686 0.10113854552578415 -0.00036347099370618235
leaf_weight=462 321 27 28 25 37 29 29 33 73 21 430 36 96 158 50 28 77 22 144 31 21 444 261 38 21 37 23 94 25 384
leaf_count=462 321 27 28 25 37 29 29 33 73 21 430 36 96 158 50 28 77 22 144 31 21 444 261 38 21 37 23 94 25 384
internal_value=-0.00166191 -0.00128656 0.00463855 -0.0014527 -0.0015247 3.95245e-05 0.0062069 -0.00075893 0.00208661 0.00703704 -0.00185056 -0.00229273 -0.000655489 -8.92869e-05 0.00362069 -0.000454547 -0.000771671 0.000118109 0.000963302 0.00513513 0.0101163 -0.00269585 -0.00216279 -7.57588e-05 0.000446926 0.002 0.00558823 -0.000652175 0.00951613 -0.00120155
internal_weight=3505 3043 83 2960 2935 506 58 448 127 54 2429 1773 656 560 87 55 473 254 218 74 43 1519 1075 396 358 200 85 115 62 645
internal_count=3505 3043 83 2960 2935 506 58 448 127 54 2429 1773 656 560 87 55 473 254 218 74 43 1519 1075 396 358 200 85 115 62 645
is_linear=0
shrinkage=0.05


Tree=52
num_leaves=31
num_cat=0
split_feature=13 14 46 12 46 21 37 0 13 6 51 12 37 46 36 21 46 6 45 47 13 9 20 46 16 13 17 35 56 35
split_gain=1.30608 0.810864 0.701132 0.75 0.668667 1.28275 0.731528 0.942249 0.830131 1.0553 0.950974 1.60626 0.864567 1.31165 0.805401 0.728079 0.803137 0.616557 0.762038 1.34868 0.894862 2.30625 1.19039 0.624549 0.605793 0.85589 0.624222 0.6545 0.586964 0.533333
threshold=-0.43999999761581415 0.40416666865348821 0.55533334612846386 0.39334905147552496 3.4416667222976689 0.47685000300407415 0.57785001397132885 0.1799999997019768 -0.14111111313104627 0.55000001192092907 -0.35199999809265131 4.9951920509338388 -0.34205000102519983 -0.21883332729339597 -1.0000000180025095e-35 -0.19839999824762342 -0.11866666749119757 0.70000001788139354 0.16758333891630176 0.40842337906360632 -0.32000000774860377 0.2179071977734566 -1.7207499742507932 -0.56000000238418568 0.21999999880790713 0.037999998778104789 0.29166667163372045 -0.013250000309199093 0.65749999880790722 -0.20624999701976773
decision_type=2 2 2 2 2 2 2 2 2 2 2 2 2 2 2 2 2 2 2 2 2 2 2 2 2 2 2 2 2 2
left_child=2 4 -1 -4 6 -6 7 15 17 -10 11 14 -12 -14 -11 16 -2 18 20 -20 -9 -22 -23 -19 -15 26 -26 -28 -21 -18
right_child=1 -3 3 -5 5 -7 -8 8 9 10 12 -13 13 24 -16 -17 29 23 19 28 21 22 -24 -25 25 -27 27 -29 -30 -31
leaf_value=-0.010012044228567808 0.065439987811413164 -0.014836690647918144 0.050402139988627505 -0.084647592859051754 -0.01025761540586361 0.079296322499961949 -0.0064674275023357576 -0.0084168525468015405 -0.0086550738567982444 0.0062809816742783117 -0.003167130562006089 0.026600688711216965 0.02558856635905471 -0.0092478853985559894 0.021632863016186901 -0.006887259066888432 -0.019096189400154388 0.014140278441170429 0.011605657185102985 -0.0078907605660944041 0.030249742506991292 0.0055875437355051519 -0.0099587140827784616 -0.02388691047861034 0.01611042150459964 0.059499350933674568 0.00048451359694459076 -0.0042016737596365502 0.0041655245224927464 0.0041594766286519522
leaf_weight=597 25 174 21 28 49 25 568 335 267 87 83 24 20 52 28 345 40 26 23 28 35 20 95 294 45 28 23 57 43 20
leaf_count=597 25 174 21 28 49 25 568 335 267 87 83 24 20 52 28 345 40 26 23 28 35 20 95 294 45 28 23 57 43 20
internal_value=-0.00157632 -0.00111752 -0.00360681 0.00214286 -0.000903167 0.00378378 -0.001036 -0.000594715 -4.02988e-05 0.00123249 0.00271812 0.00615108 0.00116883 0.00277778 0.00369565 -0.00267442 0.00147059 -0.00105117 -7.77214e-05 0.00404255 -0.00087629 0.00233333 -0.00108696 -0.0028125 0.00158536 0.00316993 0.0014 -0.00125 0.000633802 -0.00166667
internal_weight=3505 2859 646 49 2685 74 2611 2043 1613 714 447 139 308 225 115 430 85 899 579 94 485 150 115 320 205 153 125 80 71 60
internal_count=3505 2859 646 49 2685 74 2611 2043 1613 714 447 139 308 225 115 430 85 899 579 94 485 150 115 320 205 153 125 80 71 60
is_linear=0
shrinkage=0.05


end of trees

feature_importances:
Column_13=165
Column_18=128
Column_46=110
Column_9=89
Column_14=84
Column_16=84
Column_44=65
Column_53=62
Column_10=57
Column_47=47
Column_2=45
Column_0=43
Column_27=41
Column_56=41
Column_12=39
Column_11=38
Column_26=35
Column_36=35
Column_8=34
Column_28=34
Column_3=32
Column_35=32
Column_45=32
Column_20=28
Column_5=26
Column_37=26
Column_51=26
Column_17=22
Column_4=18
Column_21=18
Column_22=17
Column_19=11
Column_6=9
Column_1=5
Column_48=5
Column_50=3
Column_49=2
Column_7=1
Column_15=1

parameters:
[boosting: gbdt]
[objective: quantile]
[metric: quantile]
[tree_learner: serial]
[device_type: cpu]
[data_sample_strategy: bagging]
[data: ]
[valid: ]
[num_iterations: 300]
[learning_rate: 0.05]
[num_leaves: 31]
[num_threads: 0]
[seed: 42]
[deterministic: 0]
[force_col_wise: 0]
[force_row_wise: 0]
[histogram_pool_size: -1]
[max_depth: -1]
[min_data_in_leaf: 20]
[min_sum_hessian_in_leaf: 0.001]
[bagging_fraction: 0.8]
[pos_bagging_fraction: 1]
[neg_bagging_fraction: 1]
[bagging_freq: 5]
[bagging_seed: 400]
[bagging_by_query: 0]
[feature_fraction: 0.8]
[feature_fraction_bynode: 1]
[feature_fraction_seed: 30056]
[extra_trees: 0]
[extra_seed: 12879]
[early_stopping_round: 0]
[early_stopping_min_delta: 0]
[first_metric_only: 0]
[max_delta_step: 0]
[lambda_l1: 0]
[lambda_l2: 0]
[linear_lambda: 0]
[min_gain_to_split: 0]
[drop_rate: 0.1]
[max_drop: 50]
[skip_drop: 0.5]
[xgboost_dart_mode: 0]
[uniform_drop: 0]
[drop_seed: 17869]
[top_rate: 0.2]
[other_rate: 0.1]
[min_data_per_group: 100]
[max_cat_threshold: 32]
[cat_l2: 10]
[cat_smooth: 10]
[max_cat_to_onehot: 4]
[top_k: 20]
[monotone_constraints: ]
[monotone_constraints_method: basic]
[monotone_penalty: 0]
[feature_contri: ]
[forcedsplits_filename: ]
[refit_decay_rate: 0.9]
[cegb_tradeoff: 1]
[cegb_penalty_split: 0]
[cegb_penalty_feature_lazy: ]
[cegb_penalty_feature_coupled: ]
[path_smooth: 0]
[interaction_constraints: ]
[verbosity: 1]
[saved_feature_importance_type: 0]
[use_quantized_grad: 0]
[num_grad_quant_bins: 4]
[quant_train_renew_leaf: 0]
[stochastic_rounding: 1]
[linear_tree: 0]
[max_bin: 255]
[max_bin_by_feature: ]
[min_data_in_bin: 3]
[bin_construct_sample_cnt: 200000]
[data_random_seed: 175]
[is_enable_sparse: 1]
[enable_bundle: 1]
[use_missing: 1]
[zero_as_missing: 0]
[feature_pre_filter: 1]
[pre_partition: 0]
[two_round: 0]
[header: 0]
[label_column: ]
[weight_column: ]
[group_column: ]
[ignore_column: ]
[categorical_feature: ]
[forcedbins_filename: ]
[precise_float_parser: 0]
[parser_config_file: ]
[objective_seed: 16083]
[num_class: 1]
[is_unbalance: 0]
[scale_pos_weight: 1]
[sigmoid: 1]
[boost_from_average: 1]
[reg_sqrt: 0]
[alpha: 0.9]
[fair_c: 1]
[poisson_max_delta_step: 0.7]
[tweedie_variance_power: 1.5]
[lambdarank_truncation_level: 30]
[lambdarank_norm: 1]
[label_gain: ]
[lambdarank_position_bias_regularization: 0]
[eval_at: ]
[multi_error_top_k: 1]
[auc_mu_weights: ]
[num_machines: 1]
[local_listen_port: 12400]
[time_out: 120]
[machine_list_filename: ]
[machines: ]
[gpu_platform_id: -1]
[gpu_device_id: -1]
[gpu_use_dp: 0]
[num_gpu: 1]

end of parameters

pandas_categorical:null
