tree
version=v4
num_class=1
num_tree_per_iteration=1
label_index=0
max_feature_idx=58
objective=quantile
feature_names=Column_0 Column_1 Column_2 Column_3 Column_4 Column_5 Column_6 Column_7 Column_8 Column_9 Column_10 Column_11 Column_12 Column_13 Column_14 Column_15 Column_16 Column_17 Column_18 Column_19 Column_20 Column_21 Column_22 Column_23 Column_24 Column_25 Column_26 Column_27 Column_28 Column_29 Column_30 Column_31 Column_32 Column_33 Column_34 Column_35 Column_36 Column_37 Column_38 Column_39 Column_40 Column_41 Column_42 Column_43 Column_44 Column_45 Column_46 Column_47 Column_48 Column_49 Column_50 Column_51 Column_52 Column_53 Column_54 Column_55 Column_56 Column_57 Column_58
feature_infos=[0.039999999105930328:1.6000000238418579] [0.05000000074505806:0.5] [0.059999998658895493:1.5199999809265137] [0:0.54119211435317993] [0.039999999105930328:1.440000057220459] [0:0.55000001192092896] [0:1] [0:1] [0:2.2666666507720947] [0.039999999105930328:4] [-18.734375:0] [-9.6899995803833008:11.46875] [0:7.6152467727661133] [-1.1066666841506958:3.940000057220459] [0:0.43333333730697632] [0:0.93333333730697632] [0.039999999105930328:1.6000000238418579] [0:0.66666668653488159] [0.18190476298332214:0.91288888454437256] [0:1] [-22.531000137329102:28.888999938964844] [-22.531000137329102:27.158000946044922] [-21.007600784301758:24.503599166870117] none none none [-22.115999221801758:21.5] [-22.115999221801758:21.5] [-16.012399673461914:18.616399765014648] none none none none none none [-17.592500686645508:21.677499771118164] [-11.965999603271484:17.982999801635742] [-14.043000221252441:16.086200714111328] none none none none none none [-30:99] [-9.4589996337890625:7.7718334197998047] [-6.0539999008178711:9.0223331451416016] [0:16.470409393310547] [0:1] [0:5] [0:5] [-37.666000366210938:30.954999923706055] none [-28.121999740600586:23.117000579833984] none none [-28.14900016784668:23.379999160766602] none none
tree_sizes=2702 2810 2827 2812 2829 2841 2827 2845 2833 2824 2846 2846 2838 2846 2834 2834 2840 2848 2836 2833 2855 2863 2857 2860 2840 2863 2848 2855 2861 2853 2854 2854 2863 2858 2861 2865 2866 2851

Tree=0
num_leaves=31
num_cat=0
split_feature=13 16 46 47 46 37 18 16 11 1 17 14 12 12 10 13 16 27 44 17 12 17 14 13 27 35 47 47 18 45
split_gain=31.2114 16.9487 10.1576 6.39375 4.93763 3.88166 3.35644 3.21596 1.77086 1.74639 2.3123 2.03604 1.70201 1.34666 1.2331 1.19677 4.00512 1.91394 1.83542 1.28493 0.956687 0.936382 0.910015 1.37143 0.874715 0.99701 0.744871 1.27528 0.731422 2.05954
threshold=-0.50733333826065052 1.1800000071525576 -2.1233333945274349 1.4847347736358645 4.0053331851959237 1.0861500501632693 0.53235557675361644 0.13999999687075618 -0.076079230755567537 0.47499999403953558 0.20833333581686023 0.18750000000000003 0.49059270322322851 3.8238695859909062 -10.27934694290161 -0.23799999803304669 1.1800000071525576 -0.20074999332427976 -11.499999999999998 0.37500000000000006 2.459936380386353 0.20833333581686023 0.12083333358168603 -0.73399999737739552 -1.0597500205039976 0.62850001454353344 1.4705963730812075 1.7573632597923281 0.32570371031761175 0.090333335101604476
decision_type=2 2 2 2 2 2 2 2 2 2 2 2 2 2 2 2 2 2 2 2 2 2 2 2 2 2 2 2 2 2
left_child=1 3 6 5 7 22 -2 -4 -6 11 -11 12 -5 15 -7 16 17 18 -9 28 -13 24 -1 -24 -20 -26 -19 -28 29 -17
right_child=2 -3 4 9 8 14 -8 13 -10 10 -12 20 -14 -15 -16 19 -18 26 21 -21 -22 -23 23 -25 25 -27 27 -29 -30 -31
leaf_value=-3.4852700018095959 -3.7185999979875985 -3.6992000078834586 -3.7315199999149131 -3.7965000030100349 -3.7698999983690689 -3.5624400018049771 -4.4186050075785044 -3.650299997680635 -3.6890799926948548 -3.7782200021724401 -3.5359599992828072 -3.5868500113487243 -3.7046299915519363 -3.44348999988049 -3.5510250020641831 -3.3989799985621869 -3.588290009401589 -3.458380005238654 -3.7428099967280017 -3.3832300023172799 -3.6143199991571904 -3.4775100005553661 -3.6063350081083927 -3.5214999972298742 -3.4807800018233062 -3.6491799995791907 -3.8437149765478824 -3.4842749979581691 -3.4322000029847035 -3.6706499924585225
leaf_weight=97 31 44 39 23 36 22 32 36 33 35 43 21 50 899 26 43 32 407 28 567 25 63 24 56 53 25 20 44 590 21
leaf_count=97 31 44 39 23 36 22 32 36 33 35 43 21 50 899 26 43 32 407 28 567 25 63 24 56 53 25 20 44 590 21
internal_value=-3.52302 -3.53506 -3.52115 -3.53198 -3.52072 -3.52622 -3.54102 -3.52041 -3.53394 -3.53856 -3.53274 -3.54237 -3.53718 -3.52021 -3.53883 -3.52095 -3.52259 -3.52177 -3.5258 -3.52001 -3.55061 -3.52362 -3.5228 -3.52675 -3.52649 -3.52377 -3.52002 -3.52503 -3.52152 -3.52659
internal_weight=3465 466 2999 422 2936 225 63 2867 69 197 78 119 73 2828 48 1929 708 676 205 1221 46 169 177 80 106 78 471 64 654 64
internal_count=3465 466 2999 422 2936 225 63 2867 69 197 78 119 73 2828 48 1929 708 676 205 1221 46 169 177 80 106 78 471 64 654 64
is_linear=0
shrinkage=1


Tree=1
num_leaves=31
num_cat=0
split_feature=13 16 46 47 46 16 35 17 22 53 3 14 28 20 26 13 16 27 17 1 8 26 14 13 35 11 20 16 17 3
split_gain=27.9425 14.8899 10.1516 5.66786 4.31548 3.20231 2.90542 2.82172 2.40953 2.29632 2.09615 1.93143 1.80023 2.70562 1.72279 1.36463 5.70167 1.71091 1.19565 1.06561 0.934714 2.30307 0.871162 1.59465 0.774828 0.712906 0.58955 0.625061 0.570532 0.513586
threshold=-0.51999998092651356 1.1800000071525576 -2.1233333945274349 1.588587820529938 4.0053331851959237 0.13999999687075618 1.2457500100135805 0.20833333581686023 0.62450000643730175 -0.17700000107288358 0.3007341623306275 0.14583333581686023 0.46829999983310705 -0.67524999380111683 3.4544999599456792 -0.38533332943916315 1.1800000071525576 -0.20074999332427976 0.20833333581686023 0.47499999403953558 0.56666669249534618 3.6094999313354497 0.10416666790843011 -0.71177777647972096 2.1507499217987065 -0.04483459331095218 -1.0439999699592588 0.29999999701976782 0.20833333581686023 0.43957042694091802
decision_type=2 2 2 2 2 2 2 2 2 2 2 2 2 2 2 2 2 2 2 2 2 2 2 2 2 2 2 2 2 2
left_child=1 3 7 6 5 -4 22 14 28 -8 12 -12 13 19 -2 16 17 25 -13 -5 21 24 -1 -24 29 -7 -27 -28 -6 -17
right_child=2 -3 4 10 8 15 9 -9 -10 -11 11 18 -14 -15 -16 20 -18 -19 -20 -21 -22 -23 23 -25 -26 26 27 -29 -30 -31
leaf_value=0.033013497791823131 -0.96651977382801069 -0.16949000553872529 -0.19809399810718609 -0.04539545247036373 -0.23455499713186226 -0.052505002993979068 -0.044298007860116645 -0.81261002712357833 -0.27226498440656893 -0.010631673459848107 -0.26797108632704875 -0.21816799680806667 0.020937995867512951 -0.24729258918040045 -0.22051477935642061 0.094351199300567276 -0.07797549780853788 0.035344500524354984 -0.10860504554340018 0.0025779959163890311 0.09356399799643729 -0.15342974377891805 -0.07162325807229801 0.0088749983534960105 -0.17285764358486275 0.063954502855941758 0.0032652959287625019 -0.033470504106253386 0.068348005747459695 -0.024015000847279856
leaf_weight=91 21 39 39 24 26 35 20 20 23 22 25 23 20 40 22 659 25 283 22 25 1684 20 34 53 20 29 30 34 21 36
leaf_count=91 21 39 39 24 26 35 20 20 23 22 25 23 20 40 22 659 25 283 22 25 1684 20 34 53 20 29 30 34 21 36
internal_value=0.000137085 -0.0116667 0.00184506 -0.00878446 0.00226721 0.00256393 -0.00340909 -0.0180159 -0.01 -0.0152381 -0.0153911 -0.0221429 -0.011055 -0.0141011 -0.0252326 0.00275832 0.000183486 0.00159367 -0.0283333 -0.00622449 0.00322241 0.00173469 -0.000617977 -0.0041954 0.0022028 -0.00320312 -0.000913978 -0.00359375 -0.00351064 0.00248201
internal_weight=3465 438 3027 399 2964 2894 220 63 70 42 179 70 109 89 43 2855 436 411 45 49 2419 735 178 87 715 128 93 64 47 695
internal_count=3465 438 3027 399 2964 2894 220 63 70 42 179 70 109 89 43 2855 436 411 45 49 2419 735 178 87 715 128 93 64 47 695
is_linear=0
shrinkage=0.05


Tree=2
num_leaves=31
num_cat=0
split_feature=13 16 46 47 46 16 35 18 3 53 11 14 18 0 21 16 13 13 8 53 46 48 46 36 12 16 35 0 56 18
split_gain=25.0518 15.5897 9.32408 5.05818 4.27995 3.17902 3.133 2.91745 2.84732 2.29632 2.19837 1.93143 1.69 1.40225 1.37679 0.978103 4.498 0.79915 0.76945 1.53947 1.48257 0.650425 0.742644 0.955682 0.642877 0.840218 1.91976 0.799985 1.00169 0.735651
threshold=-0.51999998092651356 1.1800000071525576 -2.1233333945274349 1.588587820529938 4.0053331851959237 0.13999999687075618 1.2457500100135805 0.53235557675361644 0.3007341623306275 -0.17700000107288358 -0.076079230755567537 0.14583333581686023 0.54458081722259533 0.62000000476837169 0.24969999492168429 1.4200000166893008 -0.086857143789529787 -0.73399999737739552 1.0333333611488345 -1.7405000329017637 -0.11866666749119757 1.0000000180025095e-35 -0.008499999996274708 -0.16860000044107434 3.4834612607955937 0.21999999880790713 2.4202500581741337 0.29999999701976782 -0.11199999973177908 0.50593650341033947
decision_type=2 2 2 2 2 2 2 2 2 2 2 2 2 2 2 2 2 2 2 2 2 2 2 2 2 2 2 2 2 2
left_child=1 3 7 6 5 -4 21 -2 14 -8 -6 -10 -13 24 17 18 -17 -5 19 20 -15 -1 -23 -24 25 26 27 28 -7 -27
right_child=2 -3 4 8 10 13 9 -9 11 -11 -12 12 -14 15 -16 16 -18 -19 -20 -21 -22 22 23 -25 -26 29 -28 -29 -30 -31
leaf_value=0.034909671424251651 -0.17479425730841658 -0.16101550526178901 -0.18818929820182678 -0.11122954630512266 -0.22282724678204091 -0.18484356604674448 -0.042083107467110817 -0.80622879339158871 -0.25457253201069635 -0.01010008978685571 -0.12588824076688085 -0.060953355227156059 -0.18285365482575552 -0.35605559406149523 -0.22942436209068845 -0.08060999326550071 0.10037394074330591 -0.00093828524196743488 0.050298015105082916 0.042511783742220276 -0.014038227127311155 0.01154737931667172 -0.19507035464366781 -0.013058753687296122 0.079265131579220216 0.099431785634806549 -0.16421476140561961 0.10886909171809117 0.10833319052428468 0.035457100012559244
leaf_weight=72 31 39 39 26 36 20 20 32 25 22 34 20 25 20 36 20 42 47 158 225 82 42 20 44 938 715 20 135 56 424
leaf_count=72 31 39 39 26 36 20 20 32 25 22 34 20 25 20 36 20 42 47 158 225 82 42 20 44 938 715 20 135 56 424
internal_value=0.000194805 -0.0109817 0.00181203 -0.00803258 0.0022166 0.00251209 -0.00295455 -0.0172222 -0.0142737 -0.0152381 -0.01 -0.0221429 -0.0283333 0.00270578 -0.00922018 0.000429616 -0.00548387 -0.00527397 0.00118557 -0.000198777 -0.00529412 -5.61796e-05 -0.00254717 -0.0059375 0.00324523 0.00255474 -0.000194805 0.00120853 -0.00289474 0.00311238
internal_weight=3465 438 3027 399 2964 2894 220 63 179 42 70 70 45 2855 109 547 62 73 485 327 102 178 106 64 2308 1370 231 211 76 1139
internal_count=3465 438 3027 399 2964 2894 220 63 179 42 70 70 45 2855 109 547 62 73 485 327 102 178 106 64 2308 1370 231 211 76 1139
is_linear=0
shrinkage=0.05


Tree=3
num_leaves=31
num_cat=0
split_feature=13 16 46 46 47 16 22 13 22 18 3 13 16 27 17 21 18 16 28 12 56 46 16 26 8 36 16 17 53 2
split_gain=23.0811 14.0809 7.85358 4.36308 4.23228 3.17675 2.6183 3.26715 2.34783 2.13174 1.9835 1.61674 5.46517 1.45262 1.38135 2.21689 0.982029 0.945258 1.69215 1.30298 1.75475 1.20551 0.931263 1.02806 0.789131 0.904023 0.926704 1.48529 0.802005 0.72803
threshold=-0.50733333826065052 1.1800000071525576 -2.1233333945274349 4.0053331851959237 1.6377018094062807 0.13999999687075618 0.34295000135898596 -0.75177779793739308 0.62450000643730175 0.53235557675361644 0.3007341623306275 -0.29199999570846552 1.1800000071525576 -0.20074999332427976 0.20833333581686023 0.24969999492168429 0.53235557675361644 0.25999999791383749 3.7606499195098881 2.6501598358154301 -0.50350001454353321 -0.041500000283122056 0.29999999701976782 -0.60525000095367421 1.1666666865348818 -0.93930000066757191 0.34000000357627874 0.45833332836627966 -0.77549999952316273 0.99177777767181408
decision_type=2 2 2 2 2 2 2 2 2 2 2 2 2 2 2 2 2 2 2 2 2 2 2 2 2 2 2 2 2 2
left_child=1 4 9 5 6 -4 22 -8 16 -2 14 12 13 24 15 -6 -5 18 19 20 21 -13 -1 -24 25 -7 28 -28 -27 -3
right_child=2 29 3 8 10 11 7 -9 -10 -11 -12 17 -14 -15 -16 -17 -18 -19 -20 -21 -22 -23 23 -25 -26 26 27 -29 -30 -31
leaf_value=0.032392340857424595 -0.16605454444299572 -0.10433971668711872 -0.17877983329173541 0.117961012490784 -0.057987245755528431 0.068828801191582009 -0.10301663841365692 -0.0035043869256115934 -0.2475103728471385 -0.7659173537220092 -0.17284781609576144 -0.82106535335755881 -0.054967572246251512 0.038679137953030247 -0.013299049130380037 -0.22898916020442114 -0.22823587774412155 0.10998304451659967 -0.20403573441424971 0.13645271429640607 0.065477048394088661 0.011438251420074558 0.005263663108652979 -0.025180544341702284 0.044933045753550005 0.059170735508902172 -0.032118974169272868 0.0073257109048562204 -0.1426193391273127 -0.17434471807940885
leaf_weight=106 31 20 39 25 41 28 33 59 23 32 71 31 37 522 47 20 21 1422 20 253 277 29 22 23 61 60 32 21 35 24
leaf_count=106 31 20 39 25 41 28 33 59 23 32 71 31 37 522 47 20 21 1422 20 253 277 29 22 23 61 60 32 21 35 24
internal_value=0.000223665 -0.0101288 0.00183228 0.00220708 -0.00732227 0.0025061 -0.00302469 -0.00967391 -0.0102174 -0.0156349 -0.0131564 0.00270156 0.000791457 0.00170619 -0.00888889 -0.0138525 -0.00369565 0.0034498 0.00180328 0.00228814 0.000252226 -0.0075 0.00102649 -0.005 -0.00154008 -0.00323864 -0.0047973 -0.0100943 -0.00184211 -0.0370455
internal_weight=3465 466 2999 2936 422 2867 243 92 69 63 179 2828 796 759 108 61 46 2032 610 590 337 60 151 45 237 176 148 53 95 44
internal_count=3465 466 2999 2936 422 2867 243 92 69 63 179 2828 796 759 108 61 46 2032 610 590 337 60 151 45 237 176 148 53 95 44
is_linear=0
shrinkage=0.05


Tree=4
num_leaves=31
num_cat=0
split_feature=13 18 46 46 13 10 22 27 27 13 35 14 9 18 53 49 14 26 56 3 47 2 18 18 18 20 14 45 11 0
split_gain=20.0068 12.1755 5.88438 4.35113 2.55342 3.11118 2.34783 2.07532 1.99455 1.74067 1.45622 1.39249 1.38528 1.29499 1.62312 2.13237 1.12329 1.9734 1.16526 1.01383 1.00649 1.08624 0.982029 0.868688 0.938135 2.02224 0.760206 0.751111 0.674113 1.00222
threshold=-0.50733333826065052 0.71210584044456493 -2.1233333945274349 4.0053331851959237 -0.75177779793739308 -12.406206130981444 0.62450000643730175 -0.81845000386238087 0.1300499960780144 -0.38533332943916315 3.1440000534057622 0.079166669398546233 0.36842332780361181 0.56788888573646557 0.3445000052452088 1.0000000180025095e-35 0.16250000149011615 3.9375000000000004 -0.55900001525878895 0.43957042694091802 1.4847347736358645 0.58933332562446605 0.53235557675361644 0.37566666305065161 0.51629504561424266 -0.0067500001750886432 0.079166669398546233 -1.1878333091735838 -0.14348295331001279 0.78000000119209301
decision_type=2 2 2 2 2 2 2 2 2 2 2 2 2 2 2 2 2 2 2 2 2 2 2 2 2 2 2 2 2 2
left_child=1 4 11 9 5 26 22 -7 27 13 28 -2 -3 20 15 -15 17 18 23 -20 -4 -22 -5 -11 -25 -26 -1 -9 -6 -30
right_child=2 12 3 6 10 7 -8 8 -10 16 -12 -13 -14 14 -16 -17 -18 -19 19 -21 21 -23 -24 24 25 -27 -28 -29 29 -31
leaf_value=0.097378257147755887 -0.73023646613791726 -0.098962563905486522 0.030289738575079592 0.11206296186624479 0.067672597426396988 -0.10454412082019258 -0.23513485420478158 -0.079126622307513772 -0.072087588402145727 -0.14897786136611257 -0.19939869297225191 -0.1297003158229974 -0.14199749081274704 -0.01189336426212869 0.017002719917204468 -0.097758553736880971 0.079155014635685791 -0.11578869148550686 0.092871998403416089 -0.042436414605798001 -0.94137225565981764 0.010715352221256231 -0.21682408385691546 0.088145034042742335 -0.75395238582820134 0.13646462756699104 -0.080831903308697717 -0.23506065543550406 -0.054665723247809932 -0.00095686456468875624
leaf_weight=32 31 28 223 25 30 27 23 20 34 22 22 32 27 70 43 32 1533 22 686 25 22 29 21 117 23 20 22 25 70 129
leaf_count=32 31 28 223 25 30 27 23 20 34 22 22 32 27 70 43 32 1533 22 686 25 22 29 21 117 23 20 22 25 70 129
internal_value=0.000367966 -0.00927039 0.00186562 0.00219005 -0.00631387 -0.01125 -0.0102174 -0.0162264 -0.0203165 0.00248866 -0.00316733 -0.013254 -0.0313636 -0.00048926 -0.00431034 -0.0077451 0.00299837 0.00161202 0.00197648 0.0028903 0.00153285 -0.00480392 -0.00369565 -0.00159341 -0.0003125 -0.00662791 -0.00148148 -0.0272222 -0.0019869 -0.0030402
internal_weight=3465 466 2999 2936 411 160 69 106 79 2867 251 63 55 419 145 102 2448 915 893 711 274 51 46 182 160 43 54 45 229 199
internal_count=3465 466 2999 2936 411 160 69 106 79 2867 251 63 55 419 145 102 2448 915 893 711 274 51 46 182 160 43 54 45 229 199
is_linear=0
shrinkage=0.05


Tree=5
num_leaves=31
num_cat=0
split_feature=13 16 16 0 46 46 53 11 11 16 13 8 5 22 13 26 12 35 14 27 20 11 14 11 36 51 20 28 53 27
split_gain=17.872 15.6491 5.46318 3.54487 2.83908 2.65372 2.34627 2.19735 1.96012 1.7436 6.17792 4.00346 1.50583 1.39051 1.45906 1.2331 1.13735 1.2252 3.34604 1.05872 1.00087 0.877607 0.766808 0.836179 0.801514 0.679752 0.818965 0.662706 0.620205 0.554369
threshold=-0.48000000417232508 1.1800000071525576 0.13999999687075618 1.1399999856948855 4.0053331851959237 -2.1233333945274349 -1.7910000085830686 -0.0515389647334814 -0.14348295331001279 1.1800000071525576 -0.28599999845027918 1.6999999880790713 0.32500000298023229 -1.6759999990463255 -0.73399999737739552 -1.7730000019073484 3.2055397033691411 2.3380000591278081 0.11250000074505807 0.061049999669194228 -0.30499999225139612 -0.076079230755567537 0.13750000298023227 -0.061792220920324319 -0.052300000563263886 -2.4854999780654903 -0.98925000429153431 3.3146499395370488 -1.233500003814697 -1.6729000210762022
decision_type=2 2 2 2 2 2 2 2 2 2 2 2 2 2 2 2 2 2 2 2 2 2 2 2 2 2 2 2 2 2
left_child=1 3 19 6 5 12 8 20 -1 16 11 -11 -4 -10 -15 -16 17 27 -19 -2 -5 -6 -8 -24 -25 26 -17 29 -3 -7
right_child=2 28 4 7 21 9 22 -9 13 10 -12 -13 -14 14 15 25 -18 18 -20 -21 -22 -23 23 24 -26 -27 -28 -29 -30 -31
leaf_value=-0.17864797762997295 -0.23977617745111779 -0.12815216345767019 -0.10941464719112788 -0.23324316738480344 -0.20598287917084149 -0.04140335474093812 0.038468134776375285 -0.10068343829712761 0.012649549994317803 -0.066446929110830541 0.034532492470449962 -0.0056263317200629052 -0.81097523566781815 -0.060522665270650394 -0.24902065581529939 -0.019002976308626386 0.074114610188067295 -0.54147181779389231 0.075248996623833914 -0.10124995907442585 -0.0080604893704699053 -0.14017051014618759 -0.033627797456403687 -0.034726148670064981 0.0078445104444557611 -0.16970007527169828 0.0086181055648331464 -0.72529056490308319 -0.08769760885282199 0.071217971383831388
leaf_weight=20 21 22 29 22 31 45 122 31 32 20 135 22 28 37 22 20 1053 25 63 23 20 28 20 33 49 20 38 23 21 1402
leaf_count=20 21 22 29 22 31 45 122 31 32 20 135 22 28 37 22 20 1053 25 63 23 20 28 20 33 49 20 38 23 21 1402
internal_value=0.000513374 -0.00794896 0.00203189 -0.00539095 0.00229683 0.00252197 -0.00359564 -0.0155479 -0.00769841 0.00274032 -0.00206215 -0.0188095 -0.00815789 -0.00594675 -0.00813869 -0.005 0.00306588 0.00220796 -0.00352273 -0.0154545 -0.00809524 -0.00855932 -0.000133928 -0.00333333 -0.00109756 -0.00205128 0.000689655 0.00255102 -0.0368605 0.00268487
internal_weight=3477 529 2948 486 2904 2845 413 73 189 2788 177 42 57 169 137 100 2611 1558 88 44 42 59 224 102 82 78 58 1470 43 1447
internal_count=3477 529 2948 486 2904 2845 413 73 189 2788 177 42 57 169 137 100 2611 1558 88 44 42 59 224 102 82 78 58 1470 43 1447
is_linear=0
shrinkage=0.05


Tree=6
num_leaves=31
num_cat=0
split_feature=13 16 16 0 46 53 17 46 16 13 8 13 9 11 56 12 35 14 35 36 37 20 27 12 28 53 27 35 28 2
split_gain=15.2105 16.4784 4.7663 3.17345 2.39656 1.98211 2.00616 1.83164 1.88642 5.97127 4.00346 1.8225 1.67348 1.46381 1.31742 1.10468 1.19791 3.34604 1.09216 1.013 1.1506 1.00087 0.976449 0.921735 0.652042 0.620205 0.540431 0.751111 0.536152 0.530326
threshold=-0.48000000417232508 1.1800000071525576 0.13999999687075618 1.1399999856948855 4.0053331851959237 -1.7910000085830686 0.20833333581686023 -2.1233333945274349 1.1800000071525576 -0.28599999845027918 1.6999999880790713 -0.75977778434753407 0.16903799772262576 -0.0515389647334814 -1.3840000033378599 3.2055397033691411 2.3380000591278081 0.11250000074505807 -3.6482499837875362 -1.0000000180025095e-35 -0.36660000681877131 -0.30499999225139612 -0.32725000381469721 0.59273695945739757 3.3146499395370488 -1.233500003814697 -1.6729000210762022 -1.2384999990463255 -1.0631499886512754 1.3240000009536745
decision_type=2 2 2 2 2 2 2 2 2 2 2 2 2 2 2 2 2 2 2 2 2 2 2 2 2 2 2 2 2 2
left_child=1 3 12 5 7 6 11 18 15 10 -10 -1 -2 21 22 16 24 -18 -4 20 -8 -5 -13 -6 26 -3 27 -9 -7 -11
right_child=2 25 4 13 23 28 19 8 9 29 -12 14 -14 -15 -16 -17 17 -19 -20 -21 -22 -23 -24 -25 -26 -27 -28 -29 -30 -31
leaf_value=-0.13339617283302424 -0.78568191216038308 -0.12174455528478666 -0.80073644645392283 -0.22158100901556327 -0.12833373991551875 -0.0094241645217166201 -0.021895776768813362 0.060698390451681489 -0.063124582655289016 0.056748697497057903 -0.0053450151340597614 -0.21523452958804237 -0.049386628838832498 -0.095649266382271225 -0.19988846808165114 0.070408879678663924 -0.51439822690419768 0.071486546792642214 0.013702559268936916 0.017002229821486966 0.0024295083553837436 -0.0076574649019464109 0.0074529313128078216 -0.18244374145916409 -0.68902603665792894 -0.083312728410180892 0.067657072814639813 -0.22513974685622468 0.0062174950174502799 -0.0052949326042498078
leaf_weight=20 20 22 31 22 34 20 24 25 20 114 22 24 24 31 34 1053 25 63 26 38 27 20 22 25 23 21 1402 20 204 21
leaf_count=20 20 22 31 22 34 20 24 25 20 114 22 24 24 31 34 1053 25 63 26 38 27 20 22 25 23 21 1402 20 204 21
internal_value=0.000614035 -0.00719282 0.00201493 -0.0045679 0.0022624 -0.00286925 -0.00664021 0.00246924 0.00265065 -0.00234463 -0.0188095 -0.0115 -0.0143182 -0.0141781 -0.008125 0.00298928 0.00214377 -0.00352273 -0.00640351 -0.00117978 -0.00578431 -0.00809524 -0.0026087 -0.00771186 0.00248299 -0.0368605 0.00261576 -0.00277778 0.0003125 0.00277778
internal_weight=3477 529 2948 486 2904 413 189 2845 2788 177 42 100 44 73 80 2611 1558 88 57 89 51 42 46 59 1470 43 1447 45 224 135
internal_count=3477 529 2948 486 2904 413 189 2845 2788 177 42 100 44 73 80 2611 1558 88 57 89 51 42 46 59 1470 43 1447 45 224 135
is_linear=0
shrinkage=0.05


Tree=7
num_leaves=31
num_cat=0
split_feature=44 18 16 18 7 2 44 46 21 9 22 46 22 46 18 35 35 35 12 11 11 53 35 8 18 44 6 2 12 2
split_gain=11.9928 12.0698 4.86298 4.49045 4.44241 3.92727 3.43386 2.41545 2.13612 2.01416 1.88056 2.29948 1.76932 1.27913 1.23405 1.10363 1.06018 0.949163 0.941995 0.935117 0.870406 0.825412 1.51588 2.025 1.16273 0.758195 0.857143 0.707362 0.779221 0.552221
threshold=-14.499999999999998 0.71210584044456493 0.13999999687075618 0.69464683532714855 1.0000000180025095e-35 0.66999998688697826 -11.499999999999998 3.4416667222976689 -0.19319999963045117 0.18013098090887072 1.5676999688148501 -0.32666666805744166 0.69115000963211071 -2.1233333945274349 0.55159997940063488 -0.087749999016523347 -1.0242500305175779 -3.6482499837875362 3.6316525936126713 -0.091342974454164491 -0.083431154489517198 -1.0000000180025095e-35 0.048750000074505813 0.56666669249534618 0.51629504561424266 -6.4999999999999991 0.40000000596046453 0.94799998402595531 4.2308614253997812 1.3240000009536745
decision_type=2 2 2 2 2 2 2 2 2 2 2 2 2 2 2 2 2 2 2 2 2 2 2 2 2 2 2 2 2 2
left_child=1 8 9 7 6 -6 -5 13 12 -2 11 -10 15 17 20 16 -1 -4 19 21 -9 22 24 -24 -15 26 -8 -20 -29 -27
right_child=2 -3 3 4 5 -7 25 14 10 -11 -12 -13 -14 18 -16 -17 -18 -19 27 -21 -22 -23 23 -25 -26 29 -28 28 -30 -31
leaf_value=-0.21471419060299035 -0.58529715756557799 -0.08154974249033986 -0.75203963178416511 -0.044190487457353378 -0.023236472092020694 -0.10364710080370819 -0.085399016466468761 -0.067590028349732489 -0.17271806041326282 -0.046248301854754904 -0.030068332919965871 0.0075423846716801586 -0.0072472436294661186 0.056769108299918658 -0.18993177058755453 -0.19616772130797858 -0.019204559976518331 0.034455979458634815 0.067254523548390024 0.062508290138672554 0.10449181587857165 0.095754631089078598 -0.27965066578569825 0.0083603234000334242 -0.3019112389480556 0.074554193340719707 0.010606826285633218 0.014384480945494988 -0.011573542014535823 -0.020245672431802642
leaf_weight=34 24 32 33 33 20 24 21 22 31 27 29 158 42 82 28 20 24 24 894 1431 25 150 20 20 30 114 21 20 22 22
leaf_count=34 24 32 33 33 20 24 21 22 31 27 29 158 42 82 28 20 24 24 894 1431 25 150 20 20 30 114 21 20 22 22
internal_value=0.000671556 -0.00783784 0.00168491 0.00194045 -0.00441176 -0.0188636 -0.0013981 0.00251874 -0.00505917 -0.0136275 -0.00211009 -0.000291005 -0.0104167 0.00276229 -0.00633333 -0.0148718 -0.0113793 -0.00464912 0.00292057 0.00223024 -0.00138298 -0.000298013 -0.00289474 -0.01125 8.92859e-05 0.00134831 -0.00452381 0.00419872 -0.00214286 0.00316176
internal_weight=3477 370 3107 3056 255 44 211 2801 338 51 218 189 120 2726 75 78 58 57 2669 1733 47 302 152 40 112 178 42 936 42 136
internal_count=3477 370 3107 3056 255 44 211 2801 338 51 218 189 120 2726 75 78 58 57 2669 1733 47 302 152 40 112 178 42 936 42 136
is_linear=0
shrinkage=0.05


Tree=8
num_leaves=31
num_cat=0
split_feature=13 16 16 0 46 27 27 12 9 17 9 56 35 35 8 12 28 47 36 53 21 12 12 13 16 12 27 44 17 16
split_gain=13.0734 16.0297 4.17233 2.75887 2.42977 2.06699 1.73461 1.70022 1.5638 1.29357 2.85548 1.25198 1.63217 1.22905 1.35893 1.22027 1.18509 0.990952 0.805664 0.78652 0.753463 0.651491 0.882081 0.584036 1.02586 0.926383 0.858586 0.573202 0.873265 0.551532
threshold=-0.48000000417232508 1.1800000071525576 0.13999999687075618 1.1399999856948855 4.0053331851959237 -0.22824999690055844 0.061049999669194228 3.2205183506011967 0.44778953492641455 0.12500000372529033 0.21212198585271838 -1.408500015735626 2.3380000591278081 0.92675000429153453 0.76666668057441723 0.70032981038093578 0.95629999041557323 3.8587198257446294 -1.1556999683380125 -1.2515000104904173 -0.7883000075817107 1.8460538983345034 0.85510832071304332 -0.39000000059604639 0.29999999701976782 0.58060583472251903 -0.17005000263452527 -9.4999999999999982 0.29166667163372045 0.34000000357627874
decision_type=2 2 2 2 2 2 2 2 2 2 2 2 2 2 2 2 2 2 2 2 2 2 2 2 2 2 2 2 2 2
left_child=1 3 6 5 7 8 -2 11 9 10 -1 12 16 29 -15 -11 27 -6 -18 -3 -17 22 -5 24 26 -26 -13 28 -4 -7
right_child=2 19 4 21 17 13 -8 -9 -10 15 -12 23 -14 14 -16 20 18 -19 -20 -21 -22 -23 -24 -25 25 -27 -28 -29 -30 -31
leaf_value=-0.21700968911193744 -0.15923841539482972 -0.11383700699560176 0.011971631146240495 -0.15649984703270073 -0.076071726515281199 0.015108118491525845 -0.04405339596329072 0.056972474633297333 0.034980426220631793 0.024271979795778161 -0.043694582833260429 -0.14188912353993852 -0.23002101513533804 -0.20279284206795467 0.003006773073556096 -0.018686980667991564 -0.753959119571045 -0.1770649601031917 -0.0048361368388037222 -0.073964736949486423 -0.066321459864062834 -0.070538971544128873 -0.0067632587099596964 0.066221604066118142 0.0077659222816250113 -0.051317547759973138 0.066599580163235597 0.055612321946233105 -0.041046217272331653 -0.0022193541973709605
leaf_weight=22 21 21 58 26 38 150 23 1094 22 27 26 22 20 25 33 22 20 21 34 22 20 22 25 1273 22 24 68 177 33 66
leaf_count=22 21 21 58 26 38 150 23 1094 22 27 26 22 20 25 33 22 20 21 34 22 20 22 25 1273 22 24 68 177 33 66
internal_value=0.000800978 -0.00643667 0.00209973 -0.00384774 0.00233127 -0.00226392 -0.0131818 0.00253954 -0.00723022 -0.00952991 -0.0158333 0.00157339 -0.00114035 0.000255475 -0.0062069 -0.00514493 -0.000279503 -0.00771186 -0.00703704 -0.0356977 -0.0104762 -0.0128082 -0.00970588 0.00223208 -0.000882353 -0.00695652 0.00222222 0.00108209 -0.00214286 0.00199074
internal_weight=3477 529 2948 486 2904 413 44 2845 139 117 48 1751 342 274 58 69 322 59 54 43 42 73 51 1409 136 46 90 268 91 216
internal_count=3477 529 2948 486 2904 413 44 2845 139 117 48 1751 342 274 58 69 322 59 54 43 42 73 51 1409 136 46 90 268 91 216
is_linear=0
shrinkage=0.05


Tree=9
num_leaves=31
num_cat=0
split_feature=4 16 18 9 16 16 10 27 47 47 47 18 16 12 12 56 9 56 5 11 21 21 36 26 1 20 53 26 18 26
split_gain=9.33037 4.84519 4.51528 6.57363 4.04209 3.04314 7.70099 1.85843 1.76405 1.52358 1.91797 2.43868 2.31002 1.37724 1.13083 1.11597 1.57453 1.02739 1.01288 0.768967 0.71968 1.5873 0.688095 0.664945 0.625256 0.981417 0.595716 0.793782 1.08252 0.573669
threshold=0.85999998450279247 0.13999999687075618 0.69464683532714855 0.76149612665176403 0.34000000357627874 1.1800000071525576 -9.6888275146484357 -1.0000000180025095e-35 1.213357210159302 2.670454859733582 4.3706004619598398 0.53235557675361644 0.21999999880790713 0.38840174674987799 3.0765310525894169 -2.7454999685287471 0.25094799697399145 -3.9835000038146968 0.075000001117587103 -0.091342974454164491 1.2672500014305117 1.6317499876022341 -0.29700000584125513 -1.677250027656555 0.42499999701976782 -0.57374998927116383 -0.012000000104308127 0.15974999964237216 0.50593650341033947 1.6559999585151675
decision_type=2 2 2 2 2 2 2 2 2 2 2 2 2 2 2 2 2 2 2 2 2 2 2 2 2 2 2 2 2 2
left_child=1 7 8 4 -4 9 -7 -1 22 14 11 -11 -13 -14 19 17 -17 24 -8 23 -21 -22 -2 -3 25 -10 27 28 -25 -24
right_child=2 5 3 -5 -6 6 18 -9 15 10 -12 12 13 -15 -16 16 -18 -19 -20 20 21 -23 29 26 -26 -27 -28 -29 -30 -31
leaf_value=-0.18634095566930392 -0.096579269738499021 -0.24148538839012013 -0.010281314881679875 -0.00011996099850197038 -0.10785729316627263 -0.053253072119027405 -0.012880684496350644 -0.043071207841784365 -0.093878985724994868 0.022784016141003168 0.045583137370143786 -0.01289409911015465 -0.2120335683532078 -0.71229396900584763 0.055387081778274651 -0.1741366717804522 -0.010921128575017168 0.0041108989228631964 0.024759105954165569 0.049629368375725444 -0.034078427550113505 0.050321555341875712 0.01819557405596469 0.05420032325843413 -0.021844760049180359 -0.079595073678999831 0.085202748437488998 -0.42292368643985095 -0.23270036178243969 -0.015925495796965679
leaf_weight=25 20 32 22 38 32 37 30 31 20 91 116 27 20 21 1025 21 25 45 92 1269 21 63 85 43 37 21 99 27 22 20
leaf_count=25 20 32 22 38 32 37 30 31 20 91 116 27 20 21 1025 21 25 45 92 1269 21 63 85 43 37 21 99 27 22 20
internal_value=0.000800978 0.00171627 -0.0065285 -0.0161957 -0.0274074 0.00198517 -0.00474843 -0.0128571 -0.0035034 0.00235744 -0.00118182 -0.00474843 -0.0119118 -0.0193902 0.00273164 -0.00683432 -0.0134783 -0.00434959 0.00131148 0.00189086 0.00233925 -0.00214286 0.001 -0.000829596 -0.00782051 -0.0120732 0.000287958 -0.0026087 0.000384616 0.00261905
internal_weight=3477 3091 386 92 54 3035 159 56 294 2876 275 159 68 41 2601 169 46 123 122 1576 1353 84 125 223 78 41 191 92 65 105
internal_count=3477 3091 386 92 54 3035 159 56 294 2876 275 159 68 41 2601 169 46 123 122 1576 1353 84 125 223 78 41 191 92 65 105
is_linear=0
shrinkage=0.05


Tree=10
num_leaves=31
num_cat=0
split_feature=13 16 46 51 46 17 56 35 13 10 13 16 10 27 36 45 13 51 13 12 56 16 2 17 0 8 11 53 45 16
split_gain=11.3339 13.1971 3.83698 1.73407 1.5032 1.33863 1.41831 1.37619 1.71905 1.2647 1.23552 3.97465 1.63093 1.12849 1.54104 1.10488 1.05834 1.05422 1.01136 0.935311 0.827681 1.11019 0.787202 0.762027 2.19324 0.946011 0.654183 0.60969 0.609524 0.539865
threshold=-0.48000000417232508 1.1800000071525576 4.2610001564025888 -1.8525000214576719 -0.40066666901111597 0.20833333581686023 -5.2204999923706046 0.62850001454353344 -0.75177779793739308 -9.5064301490783674 -0.24599999934434888 1.1800000071525576 -9.6243691444396955 -0.87130001187324513 -0.35789999365806574 -0.38516665995120997 -0.66533333063125599 2.0224999189376835 -0.96666666865348805 0.21632621437311175 -1.0780000090599058 0.1799999997019768 0.27400000393390661 0.37500000000000006 0.70000001788139354 0.16666667163372043 -0.023261005058884617 -2.1324999332427974 -1.1679166555404661 0.34000000357627874
decision_type=2 2 2 2 2 2 2 2 2 2 2 2 2 2 2 2 2 2 2 2 2 2 2 2 2 2 2 2 2 2
left_child=1 3 4 5 17 6 -1 8 -8 -4 11 13 -13 14 -6 -7 -3 20 -5 23 21 -2 -23 24 25 -12 -16 -20 -10 -15
right_child=2 16 9 18 10 15 7 -9 28 -11 19 12 -14 29 26 -17 -18 -19 27 -21 -22 22 -24 -25 -26 -27 -28 -29 -30 -31
leaf_value=-0.67778232440969288 -0.059674622997921437 -0.14237364429703478 -0.11935701940137618 -0.11136800248042676 0.017367173531524741 0.0035187386103466382 -0.044869831118026608 -0.14303226272279176 -0.042935699800570187 -0.15816410512439305 0.052142790227823421 -0.041525068646558222 -0.011005864408061583 0.047072222151559331 -0.22323246467118249 -0.0076033685231142083 -0.02905357780031334 -0.49902808953734018 -0.052849747239820603 0.095044972204732792 0.11398824193878804 -0.68653888801573593 0.024615086714005044 0.065663184225752777 -0.10839941300571775 -1.0646743964449477 -0.017229843266371642 0.0039956456060653749 0.013337701727579074 0.0015411867167509084
leaf_weight=21 22 21 25 23 48 89 35 30 28 33 142 21 22 494 21 20 22 20 20 1535 75 21 75 120 30 23 22 195 42 215
leaf_count=21 22 21 25 23 48 89 35 30 28 33 142 21 22 494 21 20 22 20 20 1535 75 21 75 120 30 23 22 195 42 215
internal_value=0.000997151 -0.00562271 0.0022166 -0.0033499 0.00247075 -0.00613208 -0.00910256 -0.00722222 -0.00452381 -0.0105172 0.00279057 0.00120403 -0.0136047 0.002 -0.00324176 -0.00188073 -0.0322093 -0.00157277 -0.000252101 0.00351351 -0.000440414 -0.00305085 -0.000729166 0.00103175 -0.000897436 0.00136364 -0.0101163 0.000813954 1.86265e-10 0.00267278
internal_weight=3510 546 2964 503 2906 265 156 135 105 58 2693 843 43 800 91 109 43 213 238 1850 193 118 96 315 195 165 43 215 70 709
internal_count=3510 546 2964 503 2906 265 156 135 105 58 2693 843 43 800 91 109 43 213 238 1850 193 118 96 315 195 165 43 215 70 709
is_linear=0
shrinkage=0.05


Tree=11
num_leaves=31
num_cat=0
split_feature=13 18 46 46 46 11 44 11 13 18 14 10 0 51 14 26 14 10 37 18 3 9 14 3 26 27 21 27 27 46
split_gain=11.2377 9.72833 3.61648 1.89436 1.4961 1.30192 1.62894 1.29643 1.20544 2.03962 1.13935 2.38261 0.966376 0.854296 1.09945 1.21908 0.943779 0.828578 0.704859 0.738316 0.794553 0.608614 0.580592 0.573393 0.541935 0.516311 0.748999 0.66616 0.990691 0.496584
threshold=-0.50733333826065052 0.71210584044456493 4.2610001564025888 -0.40066666901111597 0.0041666666511446246 -0.30986875295639033 -22.499999999999996 -0.076079230755567537 -0.24599999934434888 0.72674912214279186 0.062500001862645163 -11.36375856399536 0.62000000476837169 -2.2109999656677242 0.095833335071802153 2.9120000600814824 0.079166669398546233 -8.3447813987731916 3.9154500961303715 0.50593650341033947 0.32893212139606481 0.45371010899543768 0.029166667722165588 0.34518426656723028 0.10099999979138376 0.79559999704360973 0.48565000295639044 0.068849999457597746 -0.099649999290704713 -0.12616666406393048
decision_type=2 2 2 2 2 2 2 2 2 2 2 2 2 2 2 2 2 2 2 2 2 2 2 2 2 2 2 2 2 2
left_child=1 5 3 13 -3 -1 -7 -4 9 18 11 -8 -11 -2 15 16 24 -10 19 -5 22 25 -21 -19 -15 26 27 28 29 -12
right_child=2 4 7 8 -6 6 10 -9 17 12 21 -13 -14 14 -16 -17 -18 23 -20 20 -22 -23 -24 -25 -26 -27 -28 -29 -30 -31
leaf_value=0.038403941994481848 -0.49595278335055398 -0.1044961663981139 -0.12331916362285181 0.033402303874827434 -0.020131014631846016 -0.1004803951584778 0.047433063345460907 -0.12355590427146645 0.087566166510631219 -0.0073916903862250947 -0.10016517246008148 -0.2106017992175811 -0.041812129379005053 -0.14068514993082371 0.081614145107339567 -0.58880479406660491 -0.053741550917291603 0.0292904197216395 -0.013922290310482447 -0.19967394423997095 -0.046698569327529138 0.023479211324902934 0.0066603680605178787 -0.07031941658662573 0.13457542540373624 0.0087084626135183231 -0.057196033380389422 0.01223207312218141 -0.03298510451579343 0.00041134014809174877
leaf_weight=68 21 35 32 408 20 35 21 28 1636 21 27 31 20 20 85 23 28 194 20 21 34 47 386 20 42 35 34 32 24 62
leaf_count=68 21 35 32 408 20 35 21 28 1636 21 27 31 20 20 85 23 28 194 20 21 34 47 386 20 42 35 34 32 24 62
internal_value=0.00103989 -0.0061465 0.00215367 0.00239846 -0.0259091 -0.00353365 -0.00477011 -0.01 0.00275362 0.00126374 -0.0036262 -0.0103846 -0.00963415 -0.00207763 -0.00106061 -0.00429204 -0.00166667 0.00348649 0.00177791 0.00199647 0.000578231 -0.00227969 0.00119165 0.000560748 0.00177419 -0.00341121 -0.00449721 -0.00293103 -0.00473451 -0.00230337
internal_weight=3510 471 3039 2979 55 416 348 60 2760 910 313 52 41 219 198 113 90 1850 869 849 441 261 407 214 62 214 179 145 113 89
internal_count=3510 471 3039 2979 55 416 348 60 2760 910 313 52 41 219 198 113 90 1850 869 849 441 261 407 214 62 214 179 145 113 89
is_linear=0
shrinkage=0.05


Tree=12
num_leaves=31
num_cat=0
split_feature=13 16 46 13 16 11 56 18 18 9 26 18 44 26 35 35 16 36 16 36 0 53 0 18 18 50 56 8 13 20
split_gain=9.20745 11.7486 3.86754 1.76024 1.46459 1.15418 1.04529 1.88077 1.02203 0.947152 1.91649 1.30272 2.14736 0.883134 0.93365 0.758973 0.729801 1.03102 1.61892 0.836364 0.805845 0.936643 0.701544 1.85089 0.685714 0.522327 0.527653 0.51511 0.504515 0.941513
threshold=-0.48000000417232508 1.1800000071525576 4.2610001564025888 -0.66533333063125599 0.13999999687075618 -0.076079230755567537 -0.53550001978874195 0.72674912214279186 0.71210584044456493 0.19797787070274356 -1.6482500433921812 0.57866665720939647 -13.499999999999998 2.0662499666213994 -4.1225001811981192 2.2367500066757207 0.29999999701976782 -0.012349999975413082 0.4200000017881394 -0.63005000352859486 1.1399999856948855 -1.4975000023841856 0.65999999642372142 0.42442539334297186 0.59457141160964977 1.0000000180025095e-35 -0.64149999618530262 0.63333335518836986 -0.40000000596046442 0.80700001120567333
decision_type=2 2 2 2 2 2 2 2 2 2 2 2 2 2 2 2 2 2 2 2 2 2 2 2 2 2 2 2 2 2
left_child=1 8 4 -3 -2 -4 7 13 9 10 -1 12 -12 15 -15 25 20 18 -18 -20 -11 -22 28 -24 -19 -6 -27 -16 29 -8
right_child=2 3 5 -5 6 -7 22 -9 -10 16 11 -13 -14 14 27 -17 17 24 19 -21 21 -23 23 -25 -26 26 -28 -29 -30 -31
leaf_value=-0.1897661066105803 -0.092771575839152728 -0.13003015376227736 -0.11715320544170922 -0.020474857057048053 0.0023590872054363582 -0.12805810761486466 0.032185363361915235 -0.12936415798364484 -0.023019897649871855 0.02059502205577959 -0.85149939041181311 0.03312006596007603 0.020318663741247613 -0.65393523323165681 -0.31843488765305111 -0.66371834387558526 -0.04855168979519351 0.012339990950283156 0.0067475633299552158 -0.013040638645627876 0.0026703087340575918 -0.1541996924381713 -0.073793221695846095 0.026006523549712141 -0.0286307980274936 0.033506773425883055 -0.03704118196563224 0.076536010239277738 0.073320035221246582 -0.011405569791616955
leaf_weight=23 36 21 32 22 209 26 71 22 26 140 29 42 30 29 26 20 27 63 23 32 21 20 22 178 27 557 30 30 1641 35
leaf_count=23 36 21 32 22 209 26 71 22 26 140 29 42 30 29 26 20 27 63 23 32 21 20 22 178 27 557 30 30 1641 35
internal_value=0.00116809 -0.00479853 0.00226721 -0.0298837 0.00252237 -0.0105172 0.00264808 0.00126219 -0.00265408 -0.00212788 -0.0058871 -0.00292079 -0.00771186 0.00161487 -0.00323529 0.0021201 -0.000807365 -0.00313953 -0.00719512 -0.00227273 0.00140884 -0.0047561 0.00330508 0.0005 0.000555556 0.00236181 0.00312606 0.000535714 0.00362622 0.000283019
internal_weight=3510 546 2964 43 2906 58 2870 923 503 477 124 101 59 901 85 816 353 172 82 55 181 41 1947 200 90 796 587 56 1747 106
internal_count=3510 546 2964 43 2906 58 2870 923 503 477 124 101 59 901 85 816 353 172 82 55 181 41 1947 200 90 796 587 56 1747 106
is_linear=0
shrinkage=0.05


Tree=13
num_leaves=31
num_cat=0
split_feature=13 16 46 13 16 27 36 46 56 26 9 13 9 9 3 10 37 37 10 18 14 10 35 9 14 3 27 18 6 51
split_gain=8.01529 11.0397 3.12843 1.64346 4.39408 1.36247 1.47964 1.04365 1.01498 1.33199 1.03492 1.01703 0.905005 1.37438 0.914286 0.896003 0.894565 0.833333 0.822587 0.791651 1.13768 1.22733 0.900775 0.834861 1.3 1.05092 1.0213 0.624943 2.17099 0.511251
threshold=-0.50733333826065052 1.1800000071525576 4.2610001564025888 -0.28599999845027918 1.1800000071525576 -0.0096499999053776247 -0.63005000352859486 -0.79866668581962574 -0.85349997878074635 -0.57074999809265126 0.41813124716281896 -0.75177779793739308 0.18978983908891681 0.28005367517471319 0.18713862448930743 -9.5064301490783674 3.685000061988831 0.64289999008178722 -8.4210262298583967 0.50593650341033947 0.24583332985639575 -12.639276027679442 0.78775000572204601 0.1320777162909508 0.095833335071802153 0.3007341623306275 -0.11214999854564665 0.45290370285511022 0.55000001192092907 3.3835000991821294
decision_type=2 2 2 2 2 2 2 2 2 2 2 2 2 2 2 2 2 2 2 2 2 2 2 2 2 2 2 2 2 2
left_child=1 5 3 4 16 6 17 -5 9 -7 11 -11 -8 -14 -15 -4 19 -1 -9 -2 21 -21 23 -23 -25 26 -26 28 -20 -30
right_child=2 -3 15 7 -6 8 12 18 -10 10 -12 -13 13 14 -16 -17 -18 -19 27 20 -22 22 -24 24 25 -27 -28 -29 29 -31
leaf_value=0.043727667150939648 0.028521667734896089 -0.087704802213964997 -0.098055551416488432 -0.44623902655032999 -0.031309954432897517 0.0040864096869931308 -0.13412843976294445 0.077943467565745717 0.030391727397870178 -0.12000186655466763 0.0071001617519220713 -0.076467512921982006 0.0026125039874721001 -0.00073648850024370029 -0.057623873126825223 -0.13233519999537108 -0.017747465616213955 -0.034129292847216268 -0.06751391173690291 0.057002691554850882 0.030781827977914206 -0.74674416262459653 0.030012591997273186 -0.29660544190559679 -0.027087281414024961 0.0051461656947316735 0.0057268003920217456 0.032384798099005338 0.11083515160612312 -1.0645555864556533
leaf_weight=40 408 40 26 41 38 46 37 1797 107 27 22 37 39 20 36 34 22 20 29 84 161 23 41 26 32 46 26 123 62 20
leaf_count=40 408 40 26 41 38 46 37 1797 107 27 22 37 39 20 36 34 22 20 29 84 161 23 41 26 32 46 26 123 62 20
internal_value=0.00119658 -0.00487261 0.00213722 0.00236489 0.000589857 -0.0025406 -0.00567708 0.00314189 -2.09203e-05 -0.00295455 -0.00662791 -0.00984375 -0.00863636 -0.00605263 -0.0110714 -0.00916667 0.00131761 0.000833334 0.00330133 0.00157615 0.000102506 -0.00183453 -0.00402062 -0.00578431 -0.00423077 -0.00173077 -0.0062069 0.000512821 -0.00220721 0.00195122
internal_weight=3510 471 3039 2979 907 431 192 2072 239 132 86 64 132 95 56 60 869 60 2031 847 439 278 194 153 130 104 58 234 111 82
internal_count=3510 471 3039 2979 907 431 192 2072 239 132 86 64 132 95 56 60 869 60 2031 847 439 278 194 153 130 104 58 234 111 82
is_linear=0
shrinkage=0.05


Tree=14
num_leaves=31
num_cat=0
split_feature=13 16 46 22 12 16 10 56 46 18 27 27 12 18 13 16 17 44 16 5 9 8 17 16 45 18 18 21 9 22
split_gain=6.24145 7.88707 2.93048 2.30476 1.1924 1.19361 1.71163 1.16752 1.1057 1.01818 0.934444 0.88462 1.4268 0.750183 0.724856 0.631169 0.586264 2.18649 1.16049 0.825 0.736596 2.03096 0.736784 1.63122 1.30971 0.630079 2.94058 1.63739 1.11176 0.57523
threshold=-0.48000000417232508 1.1800000071525576 3.4416667222976689 0.62450000643730175 3.2205183506011967 1.1800000071525576 -9.4349236488342267 -5.2204999923706046 -0.79866668581962574 0.43280808627605444 0.26749999821186071 -0.0041499999351799479 0.38265395164489752 0.53235557675361644 -0.66533333063125599 0.21999999880790713 0.37500000000000006 -11.499999999999998 0.4200000017881394 0.32500000298023229 0.69068261981010448 1.0000000180025095e-35 0.29166667163372045 0.25999999791383749 0.0075833331793546685 0.50593650341033947 0.53588888049125682 -0.19839999824762342 0.2025590315461159 -1.5624499917030332
decision_type=2 2 2 2 2 2 2 2 2 2 2 2 2 2 2 2 2 2 2 2 2 2 2 2 2 2 2 2 2 2
left_child=1 7 4 13 8 -6 -7 10 9 -2 -1 12 -9 -4 -3 -11 18 19 20 -18 22 -22 25 24 -24 -10 27 -27 -29 -14
right_child=2 14 3 -5 5 6 -8 11 16 15 -12 -13 29 -15 -16 -17 17 -19 -20 -21 21 -23 23 -25 -26 26 -28 28 -30 -31
leaf_value=-0.24784767569936569 -0.57853050977509479 -0.11914340596346525 0.13873955309297528 -0.14233946541181894 0.053059184959856211 -0.0083551079946569094 0.057215865436065709 -0.11814123609894887 0.060444413432474281 0.060103256650534558 -0.11737573178426162 0.0021042662739906835 -0.11712346928755252 -0.10970276700336856 -0.015065874093497418 -0.43368181822328106 -0.032832377837592484 0.057620155849341638 -1.1087732512514739 -0.0021340119194737362 -0.096880557703558912 0.049690221988726802 0.035683021255611978 0.06112848812933791 -1.1675455022738543 -1.0003274528061388 0.044698079840197885 -1.0810674035203651 0.036858516706587331 -0.0065400840660709419
leaf_weight=20 22 21 39 24 1057 20 23 22 422 27 25 250 20 21 22 28 24 584 36 20 30 71 25 64 22 23 331 21 30 166
leaf_count=20 22 21 39 24 1057 20 23 22 422 27 25 250 20 21 22 28 24 584 36 20 30 71 25 64 22 23 331 21 30 166
internal_value=0.00139601 -0.00351648 0.00230094 -0.00690476 0.00256944 0.00386364 -0.00430233 -0.00175944 0.00176966 -0.00409091 -0.00944444 -0.00100437 -0.00341346 -0.00166667 -0.0240698 -0.000454545 0.00203464 0.00324841 0.00132558 -0.0075 0.00163138 -0.00242574 0.00206823 -0.00175676 -0.00882979 0.00258162 0.00117284 -0.00783784 -0.00284314 -0.00198925
internal_weight=3510 546 2964 84 2880 1100 43 503 1780 77 45 458 208 60 43 55 1703 628 1075 44 1039 101 938 111 47 827 405 74 51 186
internal_count=3510 546 2964 84 2880 1100 43 503 1780 77 45 458 208 60 43 55 1703 628 1075 44 1039 101 938 111 47 827 405 74 51 186
is_linear=0
shrinkage=0.05


Tree=15
num_leaves=31
num_cat=0
split_feature=13 16 46 22 47 14 36 12 0 2 53 13 28 51 35 17 21 27 27 21 45 44 45 56 17 13 16 0 9 9
split_gain=7.48227 8.66811 2.70985 2.66421 2.25343 1.75034 1.15525 1.1019 1.10036 1.09318 1.0923 0.960784 1.22014 0.906998 0.799625 1.06022 1.06235 1.12842 0.818536 0.818182 0.817475 0.876587 0.788005 0.700358 0.68809 1.19355 0.887509 0.822358 0.592982 1.81704
threshold=-0.39000000059604639 1.1800000071525576 3.4416667222976689 0.62450000643730175 2.0300611257553105 0.062500001862645163 1.1125999689102175 2.1974776983261113 0.74000000953674328 0.66999998688697826 -1.2515000104904173 -0.66533333063125599 0.070049997419118895 -1.9499999880790708 0.085750002413988127 0.12500000372529033 0.76514998078346264 0.1244500018656254 -0.11789999902248381 -0.11649999767541884 -0.67391666769981373 -13.499999999999998 -0.88108330965042103 -0.59150001406669606 0.37500000000000006 -0.28599999845027918 0.4200000017881394 0.49999998509883886 0.71152815222740184 1.0793727040290835
decision_type=2 2 2 2 2 2 2 2 2 2 2 2 2 2 2 2 2 2 2 2 2 2 2 2 2 2 2 2 2 2
left_child=1 4 7 -4 14 13 9 24 -9 -7 -3 12 -11 -6 18 16 17 19 20 -16 21 -1 -10 -24 26 27 28 -26 -2 -30
right_child=2 10 3 -5 5 6 -8 8 22 11 -12 -13 -14 -15 15 -17 -18 -19 -20 -21 -22 -23 23 -25 25 -27 -28 -29 29 -31
leaf_value=-0.12453407638839563 0.035642761901103347 -0.087389903761101617 0.019784330107139467 -0.12509321495720821 -0.18287814282422168 -0.63840512067696054 0.049225303872415582 0.066886970225112044 0.04320372679327425 -0.02291961013626663 -0.054585202829841778 0.019683187655738361 -0.061955698337809867 -0.085500230146854567 -0.018877632523911409 0.0050298173791355344 0.0076601542751306819 -0.059960036672015597 0.017509912641677786 0.0090773567918725519 0.001053020624525354 0.0027198526608765037 -0.034044565550993992 0.029120733502633802 0.03359947175806182 0.082546375392202026 -1.1963647692263675 -0.0061914480044540279 -0.093358023248470118 0.11272832857857294
leaf_weight=24 706 23 47 23 25 25 32 1267 36 44 36 34 24 21 22 119 24 30 259 22 98 21 23 21 20 384 21 21 28 29
leaf_count=24 706 23 47 23 25 25 32 1267 36 44 36 34 24 21 22 119 24 30 259 22 98 21 23 21 20 384 21 21 28 29
internal_value=0.001224 -0.00275764 0.00256283 -0.00714286 -0.00143204 -0.00597561 -0.00349057 0.00282864 0.00381218 -0.00562992 -0.0212712 -0.00333333 -0.00676471 -0.0145652 7.26981e-05 -0.00237327 -0.00622449 -0.00918919 0.00139303 -0.00409091 -0.00164336 -0.00722222 -0.001875 -0.00636364 0.00173284 0.00335294 0.000854592 -0.0047561 0.00113368 -0.00377193
internal_weight=3509 883 2626 70 824 205 159 2556 1347 127 59 102 68 46 619 217 98 74 402 44 143 45 80 44 1209 425 784 41 763 57
internal_count=3509 883 2626 70 824 205 159 2556 1347 127 59 102 68 46 619 217 98 74 402 44 143 45 80 44 1209 425 784 41 763 57
is_linear=0
shrinkage=0.05


Tree=16
num_leaves=31
num_cat=0
split_feature=13 18 46 22 53 56 46 13 18 27 3 27 49 13 46 10 9 53 28 0 18 9 4 53 8 9 10 44 28 10
split_gain=6.78968 7.38767 2.39484 2.59459 2.32163 1.98371 1.54477 1.19474 2.42426 1.0741 0.993564 0.938026 0.90175 1.17243 0.82808 0.766156 0.83293 0.79016 0.703247 0.682586 1.69103 0.647407 0.654304 0.654762 1.025 0.681818 0.636364 0.612557 0.545455 0.480743
threshold=-0.40600000321865076 0.72674912214279186 3.4416667222976689 0.62450000643730175 -7.2849998474121085 -2.2949999570846553 -2.1233333945274349 -0.23799999803304669 0.72674912214279186 0.090999998152256026 0.49050766229629522 -1.1849000453948972 1.0000000180025095e-35 -0.82733333110809315 -0.41716666519641871 -9.9647502899169904 0.30830879509449011 -4.8150000572204581 0.68010002374649059 0.70000001788139354 0.48206734657287603 0.4437465518712998 0.4200000017881394 -1.7405000329017637 0.70000001788139354 0.2434986010193825 -9.4076008796691877 -13.499999999999998 0.61405000090599071 -9.2501697540283185
decision_type=2 2 2 2 2 2 2 2 2 2 2 2 2 2 2 2 2 2 2 2 2 2 2 2 2 2 2 2 2 2
left_child=1 4 7 26 -1 -3 -6 8 11 -7 12 18 15 -14 29 17 -17 -8 -2 -16 -21 22 -15 24 -24 -25 -4 -13 -27 -9
right_child=2 5 3 -5 6 9 10 14 -10 -11 -12 27 13 21 19 16 -18 -19 -20 20 -22 -23 23 25 -26 28 -28 -29 -30 -31
leaf_value=-0.10257272532732596 -0.15890421831979773 -0.10413366772920983 0.1381313859044789 -0.11069965123030766 -0.5754847381825241 -0.067956980454134119 -0.02730484142080929 0.046592524985456261 -0.070914840574941948 -0.0071450821147635195 -0.21037778189681205 -0.0066931515854296748 -0.053314696061405542 -0.036362701365330478 0.078728741641903396 0.0021783185312041647 -0.024015118731108925 0.0086042478105837657 0.018347579852476561 -0.07560063698222852 0.039787696099636068 0.017018019138615309 -0.066848685039022582 0.034597112960647596 0.0018818114400579366 0.024939296457652013 -0.13190251750348447 0.024343458680959214 -0.01026062357315965 -0.44134254011245988
leaf_weight=26 20 20 28 24 29 21 22 47 31 20 22 30 30 23 1602 81 22 266 22 24 178 36 29 66 27 22 22 650 32 37
leaf_count=26 20 20 28 24 29 21 22 47 31 20 22 30 30 23 1602 81 22 266 22 24 178 36 29 66 27 22 22 650 32 37
internal_value=0.0011955 -0.00287154 0.0023849 -0.00648649 -0.00148022 -0.0195902 -0.000940594 0.00263347 0.000949535 -0.0132927 -0.000457227 0.0015374 -0.000106707 -0.00235849 0.00330508 0.00141944 -0.00228155 0.00274306 -0.00571429 0.00353104 0.000792079 -0.00117021 -0.00228643 -0.00125 -0.00571429 0.000833334 1.86265e-10 0.00198529 -0.00333333 -0.00154762
internal_weight=3509 794 2715 74 733 61 707 2641 753 41 678 722 656 265 1888 391 103 288 42 1804 202 235 199 176 56 120 50 680 54 84
internal_count=3509 794 2715 74 733 61 707 2641 753 41 678 722 656 265 1888 391 103 288 42 1804 202 235 199 176 56 120 50 680 54 84
is_linear=0
shrinkage=0.05


Tree=17
num_leaves=31
num_cat=0
split_feature=18 56 46 2 16 46 18 35 56 16 27 44 2 16 11 16 18 8 9 56 45 44 37 9 16 16 9 11 10 11
split_gain=4.92862 6.4611 3.35658 2.02599 1.93521 2.02014 1.89802 1.47759 1.98116 1.30127 1.19535 1.0462 1.56732 0.97698 1.41758 1.78135 0.846216 0.786736 0.645315 0.625947 1.00138 0.616437 0.596923 1.02962 0.656049 1.12281 0.581412 1.48148 0.530154 0.422935
threshold=0.72674912214279186 -0.83449998497962941 0.91733333468437206 0.51800000667572033 1.1800000071525576 -2.1233333945274349 0.74859997630119335 1.9217500090599062 5.4765000343322763 0.13999999687075618 -2.373649954795837 -13.499999999999998 0.53999999165534984 0.29999999701976782 0.089095130562782301 0.4200000017881394 0.7278108298778535 1.0000000180025095e-35 0.71152815222740184 -1.408500015735626 -0.30491666495800013 -8.4999999999999982 0.95550000667572033 0.32008440792560583 0.34000000357627874 0.4200000017881394 0.6226034164428712 0.010936283972114326 -9.2808179855346662 0.049376444891095168
decision_type=2 2 2 2 2 2 2 2 2 2 2 2 2 2 2 2 2 2 2 2 2 2 2 2 2 2 2 2 2 2
left_child=2 6 3 9 5 -5 -2 -4 -9 -1 -10 12 -7 -14 -15 -16 -3 18 -13 20 28 22 24 -24 -19 -26 27 -18 -11 -21
right_child=1 16 7 4 -6 11 -8 8 10 19 -12 17 13 14 15 -17 26 21 -20 29 -22 -23 23 -25 25 -27 -28 -29 -30 -31
leaf_value=-0.61017136460757371 -0.16283696290626123 -0.037139233580008868 0.035575358029581297 -0.45662965029353275 -0.04106142785269485 -0.021182617017092363 -0.026583543004751867 -0.095134260346899521 -0.55276559330639041 0.037256183497308859 0.0014972694368046769 0.014563465683537509 0.0043571301663500811 0.0011972096802825378 -0.036849146127564583 -0.018320421197342378 -0.057580312961595576 0.036401558454466368 -0.084249343521890618 0.064975493152565386 -0.77006365978739499 0.050854203337364817 -0.10049316243225404 0.015531796495631873 -0.024005591292935093 0.0083739642903342074 0.048101389669007427 0.038158073682860616 -0.5262498928534497 0.06491949039990691
leaf_weight=21 21 25 37 39 29 29 32 27 24 161 42 30 185 102 21 24 24 254 29 1044 20 385 36 32 38 76 52 30 25 615
leaf_count=21 21 25 37 39 29 29 32 27 24 161 42 30 185 102 21 24 24 254 29 1044 20 385 36 32 38 76 52 30 25 615
internal_value=0.00128099 -0.00668478 0.0017218 0.00204225 0.00053094 0.000820313 -0.0214151 -0.00615385 -0.00951613 0.0030912 -0.00484848 0.00117244 -0.00109418 -0.000120482 -0.00316327 -0.0105556 -0.000725191 0.00210227 -0.00347458 0.00323056 0.000631068 0.00250305 0.0012156 -0.00308824 0.00201087 -0.00114035 0.00122642 -0.00240741 0.00177419 0.00355335
internal_weight=3509 184 3325 3195 1309 1280 53 130 93 1886 66 1241 361 332 147 45 131 880 59 1865 206 821 436 68 368 114 106 54 186 1659
internal_count=3509 184 3325 3195 1309 1280 53 130 93 1886 66 1241 361 332 147 45 131 880 59 1865 206 821 436 68 368 114 106 54 186 1659
is_linear=0
shrinkage=0.05


Tree=18
num_leaves=31
num_cat=0
split_feature=13 16 53 12 12 56 9 16 10 21 16 45 53 18 8 18 10 8 20 0 16 9 35 14 35 53 47 9 11 10
split_gain=6.43679 6.15955 2.38077 1.12078 1.10907 1.04957 0.855625 0.846352 1.81742 1.39811 0.963632 0.836852 0.689559 2.13514 0.716824 0.745638 0.932171 0.652111 0.625 0.494135 0.996094 1.22391 0.508182 0.603571 0.56275 0.937146 1.46875 0.960227 0.905357 0.460435
threshold=-0.40600000321865076 1.1800000071525576 -7.2849998474121085 1.7882646322250368 3.8450137376785283 -3.9835000038146968 0.24177820235490802 0.29999999701976782 -10.736910820007322 0.012050000019371511 0.13999999687075618 0.40866667032241827 -0.88050001859664906 0.69464683532714855 1.1666666865348818 0.43116666376590734 -9.4147467613220197 0.70000001788139354 -1.0907499790191648 0.70000001788139354 0.34000000357627874 0.54376775026321422 -3.4559999704360957 0.10416666790843011 0.44949999451637274 0.75249999761581432 0.28842742741107946 0.23607748746871951 -0.001523430924862623 -9.9049897193908674
decision_type=2 2 2 2 2 2 2 2 2 2 2 2 2 2 2 2 2 2 2 2 2 2 2 2 2 2 2 2 2 2
left_child=1 2 -1 -3 12 6 -4 10 9 -9 -7 17 13 14 15 -2 29 -10 -18 22 21 -21 23 -14 -24 26 -26 28 -28 -17
right_child=4 3 5 -5 -6 7 -8 8 11 -11 -12 -13 19 -15 -16 16 18 -19 -20 20 -22 -23 24 -25 25 -27 27 -29 -30 -31
leaf_value=-0.092687376043614711 0.041545934100579746 -0.060236574908079724 -0.32531000120128339 -0.064422095087229597 0.047653632287569463 -0.07217813163238114 -0.0091291486766594664 -0.021206448099592008 -0.038423594492915006 -0.026045024103929573 0.013722219931171465 -1.0303778671080941 -0.36497487013126217 -0.14917104187109392 0.048369371648581655 -0.0079300670492376754 -0.10386576826042036 0.0058557425177607767 -0.7563912939850862 0.036067667569903997 0.039863128409855612 -0.084001356537604613 0.074122595673294558 0.069376345432944408 0.071011826487771254 0.049971663882453304 -0.12862731000212738 0.008466310160350236 -1.130966604685542 0.04766740716661743
leaf_weight=26 81 32 36 23 826 22 64 34 21 22 351 21 30 23 144 109 20 142 20 25 97 33 871 42 47 196 20 33 28 70
leaf_count=26 81 32 36 23 826 22 64 34 21 22 351 21 30 23 144 109 20 142 20 25 97 33 871 42 47 196 20 33 28 70
internal_value=0.00146623 -0.0024937 -0.00129229 -0.0186364 0.00262431 -0.00075035 -0.0055 2.447e-05 -0.00229167 -0.0101786 0.00151475 0.000108696 0.00195606 0.000289079 0.00105856 -0.000333333 -0.00184931 0.00131902 -0.00875 0.00250352 -0.00016129 -0.00534483 0.00282952 -0.00125 0.00307531 0.0012963 -0.00203125 -0.00611111 -0.010625 -0.000307262
internal_weight=3509 794 739 55 2715 713 100 613 240 56 373 184 1889 467 444 300 219 163 40 1422 155 58 1267 72 1195 324 128 81 48 179
internal_count=3509 794 739 55 2715 713 100 613 240 56 373 184 1889 467 444 300 219 163 40 1422 155 58 1267 72 1195 324 128 81 48 179
is_linear=0
shrinkage=0.05


Tree=19
num_leaves=31
num_cat=0
split_feature=13 16 47 9 46 22 4 13 0 35 47 28 27 47 56 45 36 36 12 17 17 20 8 27 10 44 22 20 45 17
split_gain=5.46583 4.67738 2.12206 1.94567 1.39897 1.22959 1.10345 1.01647 0.90646 0.791858 0.917296 0.776566 0.760794 0.73394 0.723066 1.32964 0.705739 1.03128 0.561667 0.711938 0.762027 1.20092 0.964846 0.82628 0.54 0.527134 0.504677 0.494422 0.483631 0.48
threshold=-0.39577777683734888 1.1800000071525576 2.0300611257553105 0.14757101237773898 4.0053331851959237 0.62450000643730175 0.81999999284744274 -0.66533333063125599 0.62000000476837169 0.44949999451637274 0.15625873208045962 -1.0000000180025095e-35 -0.11789999902248381 0.5677153766155244 -1.3840000033378599 0.29533334076404577 -0.40199999511241907 -0.25339999794960016 0.88329482078552257 0.37500000000000006 0.29166667163372045 -1.9302499890327451 1.0333333611488345 0.55945000052452099 -10.963563919067381 -13.499999999999998 -0.90040001273155201 -1.0000000180025095e-35 -0.67391666769981373 0.20833333581686023
decision_type=2 2 2 2 2 2 2 2 2 2 2 2 2 2 2 2 2 2 2 2 2 2 2 2 2 2 2 2 2 2
left_child=1 2 9 -4 8 -6 -3 11 18 12 -11 24 16 -12 -15 -16 28 -18 19 20 21 -2 23 -22 -5 -10 -23 -9 -1 -13
right_child=4 6 3 7 5 -7 -8 27 25 10 13 29 -14 14 15 -17 17 -19 -20 -21 22 26 -24 -25 -26 -27 -28 -29 -30 -31
leaf_value=-0.014940423559467767 -0.20375774977078398 -0.011399478281191817 -0.19667019209238745 -0.034073205069765036 0.013881604016654982 -0.1607153655684006 -0.074247435464286957 0.03006445390235802 -0.025707131925764105 -0.035985590106189271 0.01321585720697438 -0.090913503261821571 0.018518419860059806 0.0020640772381654835 -0.64801983784988249 0.018076046871465235 -0.056024900587659035 -0.013162075981716337 0.05404013047584693 0.059100789574381744 0.10754976330353457 -0.14889660752264461 -1.1481369081227661 -0.62611782020876017 0.010147487028316027 0.010743173961536177 0.063468356600080017 -0.093065801991371433 0.021364474066050632 -0.05024953639548968
leaf_weight=32 33 29 29 24 41 20 29 39 27 20 66 30 266 22 23 22 21 51 1379 254 63 20 20 22 25 374 427 29 52 20
leaf_count=32 33 29 29 24 41 20 29 39 27 20 66 30 266 22 23 22 21 51 1379 254 63 20 20 22 25 374 427 29 52 20
internal_value=0.00155172 -0.00199638 -0.000966277 -0.00545918 0.00264925 -0.00483607 -0.0156897 -0.00338323 0.0028236 0.000565218 -0.00251634 -0.00661616 0.00168246 -0.00101504 -0.00470149 -0.00833333 -0.00108974 -0.00472222 0.00321912 0.00219905 0.00123932 0.00208333 -0.00261905 -0.000294117 -0.00214286 0.00063591 0.00276286 0.00132353 0.00202381 -0.011
internal_weight=3509 829 771 196 2680 61 58 167 2619 575 153 99 422 133 67 45 156 72 2218 839 585 480 105 85 49 401 447 68 84 50
internal_count=3509 829 771 196 2680 61 58 167 2619 575 153 99 422 133 67 45 156 72 2218 839 585 480 105 85 49 401 447 68 84 50
is_linear=0
shrinkage=0.05


Tree=20
num_leaves=31
num_cat=0
split_feature=13 16 26 53 18 11 46 45 21 16 36 10 8 37 13 14 10 16 18 18 18 14 16 8 5 11 14 11 6 28
split_gain=4.32964 2.35501 1.69182 1.52988 2.0828 0.991526 1.2497 0.908922 0.93802 0.849973 0.805705 1.04554 0.791279 1.64238 1.24314 2.11109 0.985451 0.672646 0.616526 1.55835 1.55556 0.942857 0.894918 0.980697 0.685568 0.678788 0.641958 0.581669 0.532353 0.446372
threshold=-0.55577778816223133 1.4200000166893008 -2.2182500362396236 -1.1255000233650205 0.72674912214279186 0.09368500113487245 0.080166663974523558 -0.60641667246818531 -0.44934999942779535 0.1799999997019768 -0.1060499995946884 -10.075670719146727 0.56666669249534618 3.4568001031875615 -0.28599999845027918 0.38750000298023229 -9.6243691444396955 0.90000000596046459 0.57258889079093944 0.52970370650291454 0.54966667294502269 0.18750000000000003 0.29999999701976782 0.56666669249534618 1.0000000180025095e-35 0.29971756041049963 0.31250000000000006 0.0034524044021964078 0.90000000596046459 1.5760999917984011
decision_type=2 2 2 2 2 2 2 2 2 2 2 2 2 2 2 2 2 2 2 2 2 2 2 2 2 2 2 2 2 2
left_child=1 2 -1 4 9 10 7 8 -7 -2 -4 -12 13 16 15 28 -5 18 19 22 -21 -22 -11 -24 -25 -20 -26 -28 -14 -18
right_child=3 -3 5 12 -6 6 -8 -9 -10 17 11 -13 14 -15 -16 -17 29 -19 25 20 21 -23 23 24 26 -27 27 -29 -30 -31
leaf_value=-0.13426287857926764 -0.74238658592052975 -0.084312083358525927 0.023318466197610549 0.083370784685412064 -0.11918765111647059 -0.014734817000456951 0.0048304544291516297 -0.0043952373004239667 -0.033857268853447538 0.039115584391516446 0.0022537974099010342 -0.16757695442570211 0.013465810168761328 -0.33849626351843476 0.065389705064733072 -0.018617238175231431 0.017990869287282621 0.0661930017837392 0.030663305342798604 -0.8532782281574498 -0.067511839439947277 0.054395833026173616 -0.7124668480972951 -0.01763452474107647 0.013140842170181501 -0.023640322945288075 0.076906739159316742 -0.010932129760697844 -0.033014432812462156 -0.28580577209556585
leaf_weight=37 33 20 73 335 23 23 46 34 24 182 106 42 329 25 1146 25 478 95 112 21 20 22 21 34 111 20 22 31 25 22
leaf_count=37 33 20 73 335 23 23 46 34 24 182 106 42 329 25 1146 25 478 95 112 21 20 22 21 34 111 20 22 31 25 22
internal_value=0.00159316 -0.0032716 -0.0024026 0.00222222 0.000247657 -0.00132184 -0.00484252 -0.00858025 -0.0130851 0.000718232 0.000701358 -0.00141892 0.00284067 0.00162791 0.00352459 0.00104222 0.00200599 0.00109262 0.000469799 -0.000387931 -0.00769841 -0.00214286 0.000760599 -0.00139269 -0.00030303 0.00348485 0.00103659 -0.00349057 0.0020339 0.0006
internal_weight=3537 405 385 3132 747 348 127 81 47 724 221 148 2385 860 1525 379 835 691 596 464 63 42 401 219 198 132 164 53 354 500
internal_count=3537 405 385 3132 747 348 127 81 47 724 221 148 2385 860 1525 379 835 691 596 464 63 42 401 219 198 132 164 53 354 500
is_linear=0
shrinkage=0.05


Tree=21
num_leaves=31
num_cat=0
split_feature=13 16 26 13 16 10 12 27 28 27 11 56 17 12 2 9 16 27 3 2 18 56 27 10 17 16 14 12 51 35
split_gain=3.88379 2.46045 1.824 1.30221 2.12683 2.51574 0.999807 0.896924 0.945312 1.73463 0.892649 0.850834 0.770626 0.734756 0.666667 0.664443 0.60801 0.651905 0.594635 0.592439 1.41003 0.799148 0.578953 0.536705 0.966376 0.516004 0.649123 0.746483 0.482437 1.19881
threshold=-0.55577778816223133 1.4200000166893008 -2.2182500362396236 -0.19577777385711667 1.1800000071525576 -9.6361823081970197 0.34747868776321417 -1.0957999825477598 0.48115000128746038 -1.8321000337600706 0.44447672367095953 -1.408500015735626 0.37500000000000006 0.27458529174327856 1.3240000009536745 0.21212198585271838 0.34000000357627874 -0.36474999785423273 0.242978610098362 0.52599999308586132 0.45290370285511022 -0.55900001525878895 -0.53495001792907704 -11.052070140838621 0.20833333581686023 0.29999999701976782 0.17083333432674411 3.2445875406265263 -0.051000000908970826 -0.1415000036358833
decision_type=2 2 2 2 2 2 2 2 2 2 2 2 2 2 2 2 2 2 2 2 2 2 2 2 2 2 2 2 2 2
left_child=1 2 -1 4 7 -6 12 8 9 -2 13 15 19 18 -14 -8 17 -17 -4 21 -21 -5 -23 24 -12 -15 -27 -28 29 -9
right_child=3 -3 10 6 5 -7 11 28 -10 -11 23 -13 14 25 -16 16 -18 -19 -20 20 -22 22 -24 -25 -26 26 27 -29 -30 -31
leaf_value=-0.12754973465030428 0.0076843115865787518 -0.080096479190599632 -0.087785931988243748 -0.19199929771260793 -0.028724224442377662 0.00031076851116282811 -0.41515742989140403 0.018218993871990784 0.031574856491399607 -0.10547872723534241 -0.021543768066967325 0.068876959217400016 0.075087540945893927 0.0069975653122079321 -0.025560839056625748 0.038514158191950282 0.072713744904094019 -0.76359883109483095 0.021369713477142682 -0.050640241402958988 0.037291360671049607 -0.12351676707213732 0.070624670172368176 0.0026587304721031992 -0.03643937662632684 -0.042420065586156623 0.0066067398074724061 -0.018186089496238747 0.037524645414917415 -0.0048589455094385607
leaf_weight=37 39 20 26 29 23 33 34 400 64 25 20 1079 147 122 21 70 101 30 23 23 31 24 166 27 21 22 67 20 546 247
leaf_count=37 39 20 26 29 23 33 34 400 64 25 20 1079 147 122 21 70 101 30 23 23 31 24 166 27 21 22 67 20 546 247
internal_value=0.00170625 -0.00290123 -0.00201299 0.00230204 0.00115105 -0.00839286 0.00320513 0.00155564 -0.00242187 -0.00671875 -0.000890804 0.0038965 0.00114512 0.000357143 0.00380952 0.00117021 0.00226368 -0.0005 -0.00520408 -0.000494505 -0.00518518 0.000662101 0.00184211 -0.00602941 -0.00963415 0.0015368 -0.000963303 0.000977012 0.0019824 0.00105873
internal_weight=3537 405 385 3132 1377 56 1755 1321 128 64 348 1314 441 280 168 235 201 100 49 273 54 219 190 68 41 231 109 87 1193 647
internal_count=3537 405 385 3132 1377 56 1755 1321 128 64 348 1314 441 280 168 235 201 100 49 273 54 219 190 68 41 231 109 87 1193 647
is_linear=0
shrinkage=0.05


Tree=22
num_leaves=31
num_cat=0
split_feature=13 16 46 13 16 10 12 46 9 21 45 48 47 16 17 47 9 20 17 2 18 2 18 35 45 12 21 21 7 20
split_gain=3.37274 2.01501 1.55205 1.17717 1.77696 2.0336 1.0839 0.831369 1.25481 0.683857 0.623578 0.917991 1.09247 0.909082 1.9059 0.524744 0.570136 0.986741 0.432968 0.798986 1.41003 0.618199 0.551515 0.495772 0.386456 0.78828 0.386215 1.27649 0.41318 0.454384
threshold=-0.55577778816223133 1.1800000071525576 0.55533334612846386 -0.19577777385711667 1.1800000071525576 -9.6361823081970197 0.34747868776321417 0.15550000220537188 0.10326733440160753 -0.46745000779628748 -0.44383333623409266 1.0000000180025095e-35 2.0300611257553105 0.29999999701976782 0.20833333581686023 1.1230733990669253 0.15753216296434405 -1.0000000180025095e-35 0.37500000000000006 0.52599999308586132 0.45290370285511022 1.3240000009536745 0.32137778401374822 0.51824998855590831 -0.84608334302902211 0.71550428867340099 0.2958000004291535 0.48565000295639044 1.0000000180025095e-35 -2.4910000562667842
decision_type=2 2 2 2 2 2 2 2 2 2 2 2 2 2 2 2 2 2 2 2 2 2 2 2 2 2 2 2 2 2
left_child=1 2 10 4 7 -6 9 15 -9 -5 11 12 -1 -13 -15 -2 17 -17 19 22 -21 -20 -11 -24 25 -8 28 -28 29 -10
right_child=3 -3 -4 6 5 -7 24 8 26 18 -12 13 -14 14 -16 16 -18 -19 21 20 -22 -23 23 -25 -26 -27 27 -29 -30 -31
leaf_value=-0.00029782559494388359 0.027359864771910349 -0.076091655013449333 -0.11141176442338592 -0.5866027912143853 -0.027288013220258769 0.00029523008560467998 -0.59251594844758082 -0.55739055395165493 -0.043941277455906647 -0.049554219105140407 0.0042551582286079357 0.0021231858719057161 -0.1120707491287645 -0.032322044962244008 0.008665377925283789 -0.53449220846106227 0.0092491752409716421 0.024911995960491908 0.071652620062398212 -0.048108229332811031 0.035426792637497123 -0.024282797103794468 0.069993165223328491 -0.154400772097984 0.064785163473821281 0.064478252679528739 -0.5447863558709638 0.0046068080429009081 -0.0076150818398093255 0.027669669055053671
leaf_weight=23 727 30 28 25 23 33 27 34 22 24 154 69 20 32 49 24 227 23 145 23 31 21 151 21 1127 160 23 76 20 145
leaf_count=23 727 30 28 25 23 33 27 34 22 24 154 69 20 32 49 24 227 23 145 23 31 21 151 21 1127 160 23 76 20 145
internal_value=0.00176279 -0.00253086 -0.00153333 0.00231801 0.00122367 -0.0075 0.00317664 0.00159349 -0.000625 0.00103175 -0.000619596 -0.00251295 -0.00895349 -0.000666666 -0.00425926 0.0023027 0.000437956 -0.00457447 0.00151442 0.0002 -0.00518518 0.00349398 0.00168367 0.00267442 0.0038965 0.00179144 0.000454546 -0.00207071 0.00179144 0.00260479
internal_weight=3537 405 375 3132 1377 56 1755 1321 320 441 347 193 43 150 81 1001 274 47 416 250 54 166 196 172 1314 187 286 99 187 167
internal_count=3537 405 375 3132 1377 56 1755 1321 320 441 347 193 43 150 81 1001 274 47 416 250 54 166 196 172 1314 187 286 99 187 167
is_linear=0
shrinkage=0.05


Tree=23
num_leaves=31
num_cat=0
split_feature=44 26 2 18 35 51 12 26 35 35 35 2 27 36 26 3 20 46 11 11 35 17 47 9 9 12 11 36 5 9
split_gain=2.21723 1.41199 1.23463 0.754077 0.710481 1.03336 0.710362 1.92161 0.932883 2.22333 0.800563 0.517453 0.5709 0.607323 0.908747 1.24948 1.04379 0.45464 0.451678 0.423546 0.382809 0.371717 0.365842 0.490788 1.44832 0.342291 0.356578 0.647693 0.489933 0.654796
threshold=-14.499999999999998 -2.2182500362396236 1.3339999914169314 0.72674912214279186 0.54275000095367443 -1.1225000023841856 0.71550428867340099 -1.677250027656555 3.2860000133514409 -0.21925000101327893 -4.1225001811981192 0.81949999928474437 -0.26614999771118159 -0.48469999432563776 -0.037499999627470963 0.23068684339523318 0.97574999928474437 -0.041500000283122056 0.38506762683391577 0.001462319400161505 1.7950000166893008 0.20833333581686023 1.0954729318618777 0.31394581496715551 0.23992150276899341 0.64301714301109325 -0.012718556448817251 -0.11160000041127204 0.17500000074505809 0.55445221066474926
decision_type=2 2 2 2 2 2 2 2 2 2 2 2 2 2 2 2 2 2 2 2 2 2 2 2 2 2 2 2 2 2
left_child=1 -1 6 4 22 -6 7 8 9 -2 -9 12 13 -8 18 -16 -17 -13 -15 25 -7 -10 -3 24 -24 26 -12 -28 29 -29
right_child=2 3 -4 -5 5 20 11 10 21 -11 19 17 -14 14 15 16 -18 -19 -20 -21 -22 -23 23 -25 -26 -27 27 28 -30 -31
leaf_value=-0.1427322512709075 0.075249218195835188 0.02182636205119939 -0.089244594437295127 -0.058924435916695883 -0.10990610522528864 -0.02407478220750708 0.04062164490174023 -0.47217779372770963 -0.01180137400422126 -0.6069323024139387 0.041656895566875574 -0.020454340015869172 0.035382572761392818 0.028296594848921636 0.0082464427117081088 -0.91398534597364245 -0.0042216993215221325 0.017844186336951073 -0.019943537976632234 0.060848799862830996 0.015551643716705924 0.12453464891981861 0.024491549548453853 0.0032236856462701836 -0.040956399559521142 -0.021041276344839988 -0.020890735697901529 0.022201484679272979 0.025113634748144261 -0.023915571875096776
leaf_weight=38 28 76 20 25 31 37 327 26 22 33 260 43 1236 117 46 22 21 59 22 423 24 23 52 64 37 37 32 70 232 54
leaf_count=38 28 76 20 25 31 37 327 26 22 33 260 43 1236 117 46 22 21 59 22 423 24 23 52 64 37 37 32 70 232 54
internal_value=0.00194657 -0.00164062 0.00238344 -0.000635838 1.55765e-05 -0.00369565 0.0024625 0.00153226 -0.00490566 -0.00893443 0.00213404 0.00307184 0.00326912 0.00193694 -4.38595e-05 -0.00398876 -0.0101163 -0.000392157 0.00248201 0.00233755 8.19674e-05 0.000555556 0.00150655 9.80394e-05 -0.00230337 0.00156934 0.00183642 0.000876289 0.00148876 -0.00104839
internal_weight=3537 384 3153 346 321 92 3133 1240 106 61 1134 1893 1791 555 228 89 43 102 139 1108 61 45 229 153 89 685 648 388 356 124
internal_count=3537 384 3153 346 321 92 3133 1240 106 61 1134 1893 1791 555 228 89 43 102 139 1108 61 45 229 153 89 685 648 388 356 124
is_linear=0
shrinkage=0.05


Tree=24
num_leaves=31
num_cat=0
split_feature=13 16 26 17 13 16 16 8 16 9 36 56 47 46 9 3 20 56 20 8 18 2 18 2 51 46 45 4 36 56
split_gain=2.59328 2.07697 1.3482 1.80198 0.816167 1.91259 1.51604 0.936516 0.664067 0.654801 0.841154 0.627764 1.29531 0.764306 0.75168 1.10526 0.591787 0.589239 0.895478 0.576563 0.509979 0.484961 1.2249 0.481827 0.442298 0.388138 0.379847 0.520764 0.348813 0.345535
threshold=-0.55577778816223133 1.4200000166893008 -1.7182500362396238 0.12500000372529033 -0.19577777385711667 1.1800000071525576 1.4800000190734866 0.56666669249534618 0.29999999701976782 0.32008440792560583 -0.22439999878406522 -3.9835000038146968 3.3087825775146489 0.16266667097806933 0.11998809128999711 0.18713862448930743 -0.77275002002716053 -0.16899999976158139 0.08325000107288362 0.63333335518836986 0.55301588773727428 0.43199999630451208 0.45290370285511022 1.3240000009536745 -3.1720000505447383 0.48799999058246618 0.81450000405311596 0.25999999791383749 2.3118000030517583 -1.408500015735626
decision_type=2 2 2 2 2 2 2 2 2 2 2 2 2 2 2 2 2 2 2 2 2 2 2 2 2 2 2 2 2 2
left_child=1 2 3 -1 5 11 -7 17 20 10 -10 12 -2 26 19 -16 -11 18 -6 -15 24 25 -23 -24 -4 -19 -13 -28 -17 -9
right_child=4 -3 8 -5 7 6 -8 29 9 16 -12 13 -14 14 15 28 -18 21 -20 -21 -22 22 23 -25 -26 -27 27 -29 -30 -31
leaf_value=-0.14279730223758727 -0.23972362120428811 -0.069189249934880917 -0.059526162984121139 0.0059378132804222203 0.021384302897060944 -0.023448550157633582 0.0015190072218993758 0.058117078323457395 0.0024355445596984035 -0.014959257515197208 -0.036896517065974299 0.022115777718388751 0.037563855255089304 -0.43977204923742985 -0.063313733088812468 0.014402982953366833 0.0032838339361660942 0.077639903885787481 -0.46612058272386547 0.015574226676957426 0.0085955013606111887 -0.042551293602285052 0.034003142527348075 -0.021872878557502081 0.020701897970526451 0.0020333790035687526 -0.086088168164534892 0.035502212686455127 -0.028981520101811754 0.060998411095052621
leaf_weight=23 23 20 20 29 78 34 22 207 26 20 24 888 40 25 38 204 72 233 22 21 118 40 116 21 53 43 27 31 24 995
leaf_count=23 23 20 20 29 78 34 22 207 26 20 24 888 40 25 38 204 72 233 22 21 118 40 116 21 53 43 27 31 24 995
internal_value=0.00197484 -0.00179012 -0.000974026 -0.00846154 0.00246169 0.00155047 -0.0075 0.00317664 0.000195195 -0.00239437 -0.007 0.00193414 -0.00293651 0.00217806 3.20515e-05 0.00105263 0.000108696 0.00147378 -0.002 -0.00586956 0.00212042 0.00224062 0.00019774 0.00244526 -0.00116438 0.00355072 0.00288584 -0.00103448 0.00236842 0.00396007
internal_weight=3537 405 385 52 3132 1377 56 1755 333 142 50 1321 63 1258 312 266 92 553 100 46 191 453 177 137 73 276 946 58 228 1202
internal_count=3537 405 385 52 3132 1377 56 1755 333 142 50 1321 63 1258 312 266 92 553 100 46 191 453 177 137 73 276 946 58 228 1202
is_linear=0
shrinkage=0.05


Tree=25
num_leaves=31
num_cat=0
split_feature=13 53 22 17 45 18 46 56 26 18 18 51 18 18 45 10 4 21 36 13 13 11 37 28 56 45 46 10 8 46
split_gain=3.00838 1.80607 1.32023 1.59254 1.69616 1.21865 1.1439 1.12472 1.08135 1.05674 0.848195 0.776369 0.728147 1.11304 0.724569 0.645248 0.945891 0.562542 0.482048 0.809614 0.479605 0.603679 0.396574 1.3909 0.372452 1.06353 0.311646 0.580263 0.284027 0.59998
threshold=-0.55577778816223133 -4.8150000572204581 -0.091499999165534959 0.62500000000000011 -1.2731667160987852 0.52134984731674205 0.36683334410190588 -2.2949999570846553 -0.13525000214576718 0.56865182518959057 0.52525740861892711 -2.2109999656677242 0.69464683532714855 0.69613537192344677 0.24408333003520968 -8.624785900115965 0.38000001013278967 -0.58900001645088185 -0.11480000242590903 -0.15349999815225598 -0.81833332777023304 -1.0000000180025095e-35 -1.0846000313758848 -0.50045001506805409 -1.408500015735626 -0.28241667151451105 0.44716666638851171 -9.0471892356872541 1.1666666865348818 0.13716666400432589
decision_type=2 2 2 2 2 2 2 2 2 2 2 2 2 2 2 2 2 2 2 2 2 2 2 2 2 2 2 2 2 2
left_child=1 17 -3 4 -4 15 7 8 22 -8 -9 -10 28 -14 20 24 -17 -1 19 -15 21 -6 -7 -24 25 -2 -26 -28 29 -12
right_child=5 2 3 -5 14 6 9 10 11 -11 12 -13 13 18 -16 16 -18 -19 -20 -21 -22 -23 23 -25 26 -27 27 -29 -30 -31
leaf_value=-0.022385417872462308 0.022810017546415366 0.0028926939165100671 -0.077884108077556288 -0.04724000982378504 0.013850902489504352 0.04032383457883422 -0.22522736486599504 -1.0700873528592296 -0.45771220990299544 0.013446166840341157 0.042638071417227585 -0.26072230030816035 -0.022870351526217237 -0.011083776595259422 -0.090516058110377717 0.041385075172157997 -0.045658702752507677 -0.072931943372220295 0.010868554444148654 0.041219730010605936 0.020826439398221094 -0.043098875660664906 -0.11472892232853862 0.026470471864009366 0.049987588188555809 -0.45048450510085103 0.034350066854602013 -0.47945258874438024 0.035450236343040217 -0.033903390265849029
leaf_weight=20 344 124 28 29 26 34 39 26 22 32 366 26 23 31 30 153 40 26 156 20 95 23 20 39 1337 37 90 24 211 57
leaf_count=20 344 124 28 29 26 34 39 26 22 32 366 26 23 31 30 153 40 26 156 20 95 23 20 39 1337 37 90 24 211 57
internal_value=0.00209467 -0.00198254 -0.000774648 -0.00300866 -0.00143564 0.00261752 0.00127949 0.00170223 -0.00244681 -0.00485915 0.00235955 -0.00854167 0.00262731 0.000217391 0.000402299 0.00334568 0.000595855 -0.0113043 0.00137681 -0.00284314 0.001875 -0.00214286 0.000698925 -0.00177966 0.00363537 0.00224409 0.00400069 0.00149123 0.00350158 0.00275414
internal_weight=3528 401 355 231 202 3127 1102 1031 141 71 890 48 864 230 174 2025 193 46 207 51 144 49 93 59 1832 381 1451 114 634 423
internal_count=3528 401 355 231 202 3127 1102 1031 141 71 890 48 864 230 174 2025 193 46 207 51 144 49 93 59 1832 381 1451 114 634 423
is_linear=0
shrinkage=0.05


Tree=26
num_leaves=31
num_cat=0
split_feature=13 47 14 10 1 47 11 13 16 10 14 36 14 37 37 46 27 16 16 28 14 46 10 20 2 18 0 53 47 22
split_gain=2.6125 1.38358 2.39449 1.9246 2.29971 1.10546 1.33601 1.07088 2.12838 1.89804 0.908542 1.05254 0.991472 0.659284 1.19714 0.599552 0.595448 0.59764 1.44805 1.2381 0.666473 0.528738 0.875758 0.482981 0.389451 1.02184 0.378788 0.353592 0.344065 0.438705
threshold=-0.55577778816223133 2.0300611257553105 0.062500001862645163 -9.7639136314392072 0.47499999403953558 3.1229058504104619 0.0027581659378483896 -0.2357777804136276 1.1800000071525576 -9.6454305648803693 0.070833336561918273 -1.4564999938011167 0.045833334326744087 0.07869999855756761 0.43494999408721929 4.3568332195281991 2.0189999341964726 0.38000001013278967 0.4200000017881394 -0.34550000727176661 0.3458333313465119 0.40199999511241918 -8.9844408035278303 1.2445000410079958 0.43199999630451208 0.44741667807102209 0.65999999642372142 -0.035499999299645417 0.98004886507987987 -0.88615000247955311
decision_type=2 2 2 2 2 2 2 2 2 2 2 2 2 2 2 2 2 2 2 2 2 2 2 2 2 2 2 2 2 2
left_child=1 3 -3 13 -5 6 -4 8 16 -10 11 12 -9 -1 -15 -12 17 21 19 -19 27 28 26 -18 -13 -26 -23 -20 -2 -30
right_child=7 2 5 4 -6 -7 -8 10 9 -11 15 24 -14 14 -16 -17 23 18 20 -21 -22 22 -24 -25 25 -27 -28 -29 29 -31
leaf_value=0.0091773448315461588 0.033949684659763224 -0.092787143652223708 0.0027539668958454395 -0.12844889654141781 0.018297907422485819 0.028758190117556995 -0.055510082196370374 0.05494971787539335 -0.026793275690656027 0.00033743489657237885 0.054068626163478177 0.057873849128527555 -0.34176674270357604 -0.035377773312142917 0.0046299605718217018 -0.011175542460867893 0.0049760781486836384 -0.024102950507642523 0.013413394652603322 0.0045358902104567674 -0.0074159322426594291 0.040533706149951471 -0.17799974343100294 -0.25322338839368314 -0.039330506540561534 0.024760590034038847 -0.018631017773980678 -0.0065238437790211884 -0.095071150731339371 0.019336243985849714
leaf_weight=139 531 30 32 21 20 43 28 20 30 34 1477 212 26 21 67 21 25 24 115 28 23 66 20 21 45 142 22 31 44 170
leaf_count=139 531 30 32 21 20 43 28 20 30 34 1477 212 26 21 67 21 25 24 115 28 23 66 20 21 45 142 22 31 44 170
internal_value=0.00206633 -0.00173317 -0.00590226 0.000335821 -0.00963415 -0.00228155 -0.00666667 0.00255357 0.00136824 -0.0075 0.00327586 0.00129213 -0.00586956 0.00213656 -0.00125 0.00386515 0.001875 0.00211359 -0.00020362 -0.0075 0.00204142 0.00271395 -0.000555555 -0.00369565 0.00211779 0.000454546 0.00159091 0.00328767 0.00318792 0.00149533
internal_weight=3528 401 133 268 41 103 60 3127 1184 64 1943 445 46 227 88 1498 1120 1074 221 52 169 853 108 46 399 187 88 146 745 214
internal_count=3528 401 133 268 41 103 60 3127 1184 64 1943 445 46 227 88 1498 1120 1074 221 52 169 853 108 46 399 187 88 146 745 214
is_linear=0
shrinkage=0.05


Tree=27
num_leaves=31
num_cat=0
split_feature=44 18 13 35 20 13 53 46 37 12 9 37 35 18 46 26 26 3 46 35 27 8 9 16 21 5 13 8 14 18
split_gain=2.67704 1.74772 1.91591 1.68575 1.70414 1.80078 1.53298 1.12905 1.07537 1.15061 1.47184 0.98892 1.03712 0.885551 0.740593 0.640099 1.29491 0.748035 0.615496 0.876996 0.538183 0.446629 0.806314 0.625061 0.3141 0.312128 0.325628 0.731573 1.19238 0.87478
threshold=-14.499999999999998 0.69464683532714855 -0.14733333140611646 -0.043749999254941933 0.19325000047683719 -0.31577777862548823 -4.8150000572204581 -0.32666666805744166 0.07869999855756761 0.82546687126159679 0.34028975665569311 0.29264999926090246 -1.8087499737739561 0.52525740861892711 0.36683334410190588 -1.6482500433921812 -4.2309999465942374 0.20034662634134295 -1.1344999670982359 -4.1225001811981192 -0.76799997687339772 1.0000000180025095e-35 0.55445221066474926 0.21999999880790713 -0.74969998002052296 0.42499999701976782 -0.1858333349227905 1.0333333611488345 0.23749999701976779 0.52525740861892711
decision_type=2 2 2 2 2 2 2 2 2 2 2 2 2 2 2 2 2 2 2 2 2 2 2 2 2 2 2 2 2 2
left_child=6 14 3 -3 -5 -6 13 11 20 -10 -11 12 -8 -1 18 16 -16 -18 19 -2 -9 22 -20 -24 -17 26 27 -23 -29 -30
right_child=1 2 -4 4 5 -7 7 8 9 10 -12 -13 -14 -15 15 24 17 -19 21 -21 -22 25 23 -25 -26 -27 -28 28 29 -31
leaf_value=-0.024910525465883161 -0.37200018377016425 0.0037168117964005072 0.03556579699184078 -0.055951341726442998 0.0016520745350036715 -0.014069622436401863 -0.046146754145876018 -0.031991911851464369 0.018155493407911154 -0.048556169484204069 0.00092872539388160933 0.0061169915556747063 -0.13174299849799692 -0.077902282622981212 0.10428734649229682 -0.011332522984669476 -0.091021435250556254 -0.0095920111980492134 0.068865547273244496 0.052673109443247837 0.0096865744328691467 0.028427099468283326 0.032823836485103987 -0.037695185579199694 0.03399784498756047 0.040435156341161599 0.056841870865170396 -0.03128002408939267 -0.0031748580832985044 0.023817451451474146
leaf_weight=23 25 52 121 35 39 22 20 22 39 33 38 20 24 22 33 26 31 30 67 44 144 474 30 34 122 858 832 27 146 95
leaf_count=23 25 52 121 35 39 22 20 22 39 33 38 20 24 22 33 26 31 30 67 44 144 474 30 34 122 858 832 27 146 95
internal_value=0.00205215 0.0025342 -0.0013197 -0.00513513 -0.0090625 -0.00401639 -0.00188312 -0.000735294 0.000652174 -0.00318182 -0.00697183 -0.00671875 -0.0109091 -0.0105556 0.00289492 0.000247934 -0.00297872 -0.00729508 0.0031383 -0.00152174 0.00319277 0.00326375 0.000419848 -0.00359375 0.0022973 0.00341694 0.00299873 0.0022372 0.000149254 0.00126556
internal_weight=3528 3143 269 148 96 61 385 340 276 110 71 64 44 45 2874 242 94 61 2632 69 166 2563 131 64 148 2432 1574 742 268 241
internal_count=3528 3143 269 148 96 61 385 340 276 110 71 64 44 45 2874 242 94 61 2632 69 166 2563 131 64 148 2432 1574 742 268 241
is_linear=0
shrinkage=0.05


Tree=28
num_leaves=31
num_cat=0
split_feature=44 4 21 56 35 46 26 13 16 35 51 47 14 14 14 36 14 46 28 14 18 10 51 27 27 14 16 4 3 2
split_gain=2.63861 1.8121 1.48656 1.1036 1.21111 0.951252 0.886154 0.768491 1.12745 0.881216 0.826172 0.694456 1.57703 0.645461 0.624801 0.823735 0.750669 0.575935 0.567515 0.556568 0.51267 0.436364 0.395038 0.47447 0.914671 0.412099 0.502309 0.381193 0.380292 0.370418
threshold=-14.499999999999998 1.1800000071525576 -0.23825000226497647 -0.46850000321865076 -0.98324999213218678 -0.11683333292603491 -0.069499999284744249 -0.2357777804136276 1.1800000071525576 0.48674999177455908 0.91699999570846569 2.0300611257553105 0.062500001862645163 0.070833336561918273 0.070833336561918273 -1.4564999938011167 0.045833334326744087 4.3568332195281991 -2.4156498908996578 0.28749999403953558 0.52525740861892711 -9.8317570686340314 -0.94749999046325672 0.075649999082088484 0.18904999643564227 0.17083333432674411 0.4200000017881394 0.25999999791383749 0.34518426656723028 0.63133332133293163
decision_type=2 2 2 2 2 2 2 2 2 2 2 2 2 2 2 2 2 2 2 2 2 2 2 2 2 2 2 2 2 2
left_child=2 7 3 4 5 -1 -6 8 10 -10 18 29 -13 -12 15 16 -9 -16 21 27 -21 -2 23 -20 -25 -26 -27 -15 -17 -4
right_child=1 -3 11 -5 6 -7 -8 14 9 -11 13 12 -14 19 17 28 -18 -19 22 20 -22 -23 -24 24 25 26 -28 -29 -30 -31
leaf_value=-0.06615898646220307 -0.0078718923695689676 -0.071491647123121171 -0.013785490559253927 -0.1180117336055679 0.01680967483744988 -0.01168892604952906 -0.044206074256911192 0.049692307754636761 -0.02001008175445599 0.00031575636436100289 -0.25752981739684155 -0.08836207049964459 0.0066584011416651991 -0.00056951885315307616 0.049066000194423788 0.029053567864773918 -0.31679944694699186 -0.0060656935752966927 0.013361814336559292 -0.95637988343141722 0.012766467277332206 0.055213712150870967 0.032054618910109203 -0.10379108415392331 0.062857544507937443 -0.0091867421082080097 0.0069965445100722522 0.034421751620614664 -0.0091143136194700262 0.0058550713957346914
leaf_weight=22 24 20 22 24 40 24 25 20 37 30 32 23 44 26 1477 366 26 21 283 37 21 20 476 24 43 33 30 75 22 161
leaf_count=22 24 20 22 24 40 24 25 20 37 30 32 23 44 26 1477 366 26 21 283 37 21 20 476 24 43 33 30 75 22 161
internal_value=0.00202381 0.00250239 -0.00188312 -0.00611111 -0.00400901 -0.0102174 0.000384616 0.00259846 0.0015995 -0.00470149 0.00197509 0.0004 -0.00395522 -0.00102094 0.00321429 0.00154378 -0.00478261 0.00369826 0.00258842 0.000283019 -0.00362069 -0.00295455 0.00286277 0.00173124 -0.000769231 0.00122642 -0.00134921 0.00252475 0.00229381 0.00199454
internal_weight=3528 3143 385 135 111 46 65 3123 1191 67 1124 250 67 191 1932 434 46 1498 933 159 58 44 889 413 130 106 63 101 388 183
internal_count=3528 3143 385 135 111 46 65 3123 1191 67 1124 250 67 191 1932 434 46 1498 933 159 58 44 889 413 130 106 63 101 388 183
is_linear=0
shrinkage=0.05


Tree=29
num_leaves=31
num_cat=0
split_feature=18 46 0 4 56 18 18 8 18 4 4 12 26 51 56 46 11 4 35 18 12 0 46 18 11 9 11 4 8 0
split_gain=1.90947 2.17532 1.58025 1.50375 1.32098 1.19736 1.35776 1.65839 0.897311 0.672684 0.666667 0.633047 0.912372 0.990116 0.512592 0.454616 0.753475 0.759625 0.45173 0.558461 0.421538 0.39508 0.365506 0.345453 0.400652 0.858665 0.659375 0.452979 0.541138 0.560303
threshold=0.52134984731674205 0.41633333265781408 0.70000001788139354 1.1800000071525576 -2.3585000038146968 0.54298096895217907 0.72674912214279186 0.36666667461395269 0.52525740861892711 0.85999998450279247 0.29999999701976782 0.58060583472251903 -1.677250027656555 -0.15049999952316281 -2.814499974250793 0.13133332878351214 -1.0000000180025095e-35 0.25999999791383749 -1.5777500271797178 0.43280808627605444 0.54426714777946483 0.58000001311302196 0.17849999666213992 0.56656664609909069 0.089095130562782301 0.32656311988830572 0.27219034731388098 0.34000000357627874 1.0000000180025095e-35 0.78000000119209301
decision_type=2 2 2 2 2 2 2 2 2 2 2 2 2 2 2 2 2 2 2 2 2 2 2 2 2 2 2 2 2 2
left_child=9 3 10 4 5 -2 7 -7 -6 11 -3 12 13 -1 -9 21 17 -17 19 -14 -20 -10 -18 -23 27 26 -26 -25 29 -29
right_child=1 2 -4 -5 8 6 -8 14 15 -11 -12 -13 18 -15 -16 16 22 -19 20 -21 -22 23 -24 24 25 -27 -28 28 -30 -31
leaf_value=0.04016526925299474 -0.65229999930508731 -0.35781364325709336 -0.0692421981535086 -0.067917064766965116 -0.99351068340191007 -0.21698963407408878 -0.082176846399088066 0.011801215433639737 0.040778210816012378 -0.0067884749208627516 0.04105760018682713 0.035083825529477322 -0.18668220591024043 -0.36925549356995868 -0.036625507563207704 -0.862267054104501 -0.0065531194795328818 -0.0047726307263344717 0.037322162619389872 0.064768945989014393 -0.00091495611233314569 0.03128508183673389 0.012269894023328008 -0.001301521162999494 -0.049869680897449427 0.0065198082902691405 -0.0094370070233297833 -0.0087877790845937633 0.019462450544479346 0.029508129454589152
leaf_weight=34 22 27 27 20 31 29 23 139 374 126 27 1317 24 29 20 20 34 37 585 26 23 96 107 38 23 39 26 20 130 55
leaf_count=34 22 27 27 20 31 29 23 139 374 126 27 1317 24 29 20 20 34 37 585 26 23 96 107 38 23 39 26 20 130 55
internal_value=0.00206633 0.000601173 -0.00734568 0.00110288 0.00131829 -0.00208154 -0.00092417 0.000478724 0.00208738 0.00298983 -0.00240741 0.00320903 0.00201803 -0.00373016 0.00248428 0.00234735 0.00020202 -0.00464912 0.00256839 -0.002 0.00294408 0.00287765 0.00216312 0.00183841 0.00107251 -0.00181818 -0.00622449 0.00211934 0.00304878 -0.000333333
internal_weight=3528 1364 81 1283 1263 233 211 188 1030 2164 54 2038 721 63 159 999 198 57 658 50 608 801 141 427 331 88 49 243 205 75
internal_count=3528 1364 81 1283 1263 233 211 188 1030 2164 54 2038 721 63 159 999 198 57 658 50 608 801 141 427 331 88 49 243 205 75
is_linear=0
shrinkage=0.05


Tree=30
num_leaves=31
num_cat=0
split_feature=13 10 56 20 51 53 16 9 36 45 12 20 37 36 53 12 10 11 12 36 21 11 53 21 2 21 36 21 36 13
split_gain=2.97502 1.5035 1.09532 0.997403 1.69866 0.823227 0.620265 0.857246 0.828704 1.37878 0.729103 0.808747 0.724304 0.654073 0.75 0.624588 0.505178 0.764563 0.507257 0.627703 0.612646 0.472698 0.450389 0.416538 0.409678 0.401865 1.11116 0.4 0.387859 0.383357
threshold=-0.38533332943916315 -8.2584562301635724 -4.5429999828338614 -0.72424998879432667 -6.50349998474121 -7.2849998474121085 0.25999999791383749 0.32008440792560583 0.3835000097751618 0.033500000834465034 3.6048374176025395 -1.0000000180025095e-35 0.31154999136924749 -0.48469999432563776 -0.30599999427795405 4.33782982826233 -12.314568996429442 -0.08749032765626906 0.88329482078552257 -0.40199999511241907 -0.39654999971389765 -0.19123621284961698 -6.6519999504089347 -0.16189999878406522 0.53999999165534984 -0.25489999353885645 -0.26325000822544092 0.012050000019371511 0.1228500008583069 -0.28599999845027918
decision_type=2 2 2 2 2 2 2 2 2 2 2 2 2 2 2 2 2 2 2 2 2 2 2 2 2 2 2 2 2 2
left_child=1 2 3 4 -1 -4 12 8 15 -10 -9 -12 -7 -14 -15 25 -2 18 19 21 -21 -18 -19 -17 28 26 -8 -5 -20 -24
right_child=16 -3 5 27 -6 6 7 10 9 -11 11 -13 13 14 -16 23 17 22 24 20 -22 -23 29 -25 -26 -27 -28 -29 -30 -31
leaf_value=-0.025726274213941653 0.065044584928860588 -0.055513665106686365 -0.050564222221526282 -0.091768147150113111 -0.36320830412705796 0.031016488846467849 0.0043107620020016186 0.0048242275795450443 -0.030631747448800029 0.0022742622055201183 -0.012458465730395 0.0081608068662445393 0.017434572289695485 0.012803069530029252 -0.020229477351844969 0.00018813745867824681 0.043032134994898115 -0.03868156529901675 0.065089920701484436 -0.021539168837990032 -0.65072530184244703 -0.16899062060387324 0.0082529111579932573 -0.014939636096903353 -0.0053546606763999628 0.015398254171036638 -0.11823069941481729 0.01956667493540722 -0.0056499680936855567 0.036979192723910918
leaf_weight=23 350 30 26 20 21 219 54 127 26 23 24 46 35 24 24 24 67 21 106 36 23 24 321 26 21 98 20 20 40 1599
leaf_count=23 350 30 26 20 21 219 54 127 26 23 24 46 35 24 24 24 67 21 106 36 23 24 321 26 21 98 20 20 40 1599
internal_value=0.00180216 -0.00065934 -0.000284091 -0.00571429 -0.0109091 0.000288945 0.000584416 -0.000555555 -0.00238007 -0.00826531 0.00195431 -0.00214286 0.00235099 -0.00162651 -0.00541667 -0.00108108 0.00266104 0.00238707 0.00011041 -0.002 -0.00601695 0.000604396 0.00275889 -0.006 0.00200599 0.000348837 -0.00243243 1.86265e-10 0.00294521 0.00283854
internal_weight=3518 910 880 84 44 796 770 468 271 49 197 70 302 83 48 222 2608 2258 317 150 59 91 1941 50 167 172 74 40 146 1920
internal_count=3518 910 880 84 44 796 770 468 271 49 197 70 302 83 48 222 2608 2258 317 150 59 91 1941 50 167 172 74 40 146 1920
is_linear=0
shrinkage=0.05


Tree=31
num_leaves=31
num_cat=0
split_feature=13 44 56 35 46 49 49 47 0 18 13 17 50 16 12 12 16 16 46 9 8 12 9 56 56 18 18 12 27 35
split_gain=2.36801 1.87426 1.0065 1.31553 0.904685 1.30617 0.837594 1.70249 0.953138 0.688593 1.19009 1.86124 1.7042 0.646753 0.778462 0.7 0.781982 1.27061 0.533559 0.603374 0.454151 0.452174 0.386425 0.390567 0.674016 0.42379 0.97235 0.57429 0.375943 0.431034
threshold=-0.39577777683734888 -2.4999999999999996 -4.7849998474121085 -1.0007500052452085 4.0053331851959237 1.0000000180025095e-35 1.5000000000000002 1.6734137535095217 0.65999999642372142 0.62164199352264415 -0.28599999845027918 1.0000000180025095e-35 1.0000000180025095e-35 0.25999999791383749 3.3876688480377202 3.8450137376785283 0.34000000357627874 0.4200000017881394 0.27516667544841772 0.16903799772262576 1.5000000000000002 4.8139317035675058 0.85554909706115734 -1.0780000090599058 -1.1614999771118162 0.54685714840888988 0.52937036752700817 0.25891511142253881 -0.63550001382827748 -0.96824997663497914
decision_type=2 2 2 2 2 2 2 2 2 2 2 2 2 2 2 2 2 2 2 2 2 2 2 2 2 2 2 2 2 2
left_child=1 2 3 -1 9 -6 13 8 -8 20 11 -11 -13 -4 18 -16 -17 -18 19 -15 22 -19 23 24 25 26 27 -2 29 -29
right_child=4 -3 6 -5 5 -7 7 -9 -10 10 -12 12 -14 14 15 16 17 21 -20 -21 -22 -23 -24 -25 -26 -27 -28 28 -30 -31
leaf_value=-0.17942360142380537 -0.14862142415443652 -0.026066707320542899 0.024626112716192691 0.013519431703036766 0.027507168854412734 -0.58641398800557087 -0.023747957874388735 -0.09905447630172691 0.010262713813201249 0.0094427843590014632 0.020284751517219597 -0.043770221220093039 0.0067359820353314033 -0.036810427648383576 -0.024777657406988087 0.011969379457231965 -0.011924521167924987 0.0057641186718074833 -0.052355414066285522 0.005323577811072424 0.050279603458984662 -0.00098227469269726976 0.062556714846074002 0.032392414231735077 -0.34229940219238497 0.058455551802217079 -0.64779154873149636 -0.031372909149455445 0.023273664163779996 0.016054532110382651
leaf_weight=38 30 23 246 31 25 33 26 25 68 49 225 30 21 25 21 31 28 26 31 199 443 20 231 1268 25 69 20 29 153 29
leaf_count=38 30 23 246 31 25 33 26 25 68 49 225 30 21 25 21 31 28 26 31 199 443 20 231 1268 25 69 20 29 153 29
internal_value=0.00183059 -0.00048926 -9.20244e-05 -0.00586956 0.00255597 -0.00362069 0.000442359 -0.00340336 -0.000319149 0.0026926 0.000538462 -0.004 -0.0106863 0.00117225 -0.00011811 -0.00333333 -0.00166667 -0.00445946 0.00147059 0.00232143 0.00299739 0.000652174 0.00265372 0.00238139 0.000915493 0.00151515 0.00059387 0.00147303 0.00239337 -0.00103448
internal_weight=3518 838 815 69 2680 58 746 119 94 2622 325 100 51 627 381 126 105 74 255 224 2297 46 1854 1623 355 330 261 241 211 58
internal_count=3518 838 815 69 2680 58 746 119 94 2622 325 100 51 627 381 126 105 74 255 224 2297 46 1854 1623 355 330 261 241 211 58
is_linear=0
shrinkage=0.05


Tree=32
num_leaves=31
num_cat=0
split_feature=13 10 47 6 53 56 35 10 10 19 56 14 4 35 28 36 13 36 8 10 7 9 20 13 17 14 13 14 13 13
split_gain=2.80414 1.85992 1.15513 1.28841 0.953657 0.576337 1.08786 0.751519 0.629604 0.484916 0.575522 0.809225 0.688095 0.518956 0.542564 0.510975 0.836074 0.693132 0.481652 0.766268 0.440158 0.48246 0.956642 0.36 0.415385 0.347324 1.02902 0.367985 0.289148 1.20135
threshold=-0.39577777683734888 -8.2584562301635724 0.95805957913398754 0.40000000596046453 -7.2849998474121085 -4.7849998474121085 -1.0007500052452085 -11.117235660552977 -12.314568996429442 1.0000000180025095e-35 -1.6599999666213987 0.070833336561918273 0.34000000357627874 -1.0872499942779539 -0.55139997601509083 1.9944499731063845 -0.12199999764561652 3.2445499897003178 1.3666666746139529 -9.7126040458679181 1.0000000180025095e-35 0.22663750499486926 0.014500000048428776 -0.11377777904272078 0.37500000000000006 0.38750000298023229 -0.14449999481439588 0.012500000651925804 -0.06955555826425551 -0.027333334088325497
decision_type=2 2 2 2 2 2 2 2 2 2 2 2 2 2 2 2 2 2 2 2 2 2 2 2 2 2 2 2 2 2
left_child=1 2 18 4 -4 6 -6 8 -7 10 11 12 -2 -13 -15 25 17 -17 -1 -20 21 22 -9 24 -16 27 -27 28 -12 -30
right_child=9 -3 3 -5 5 7 -8 20 -10 -11 15 13 -14 14 23 16 -18 -19 19 -21 -22 -23 -24 -25 -26 26 -28 -29 29 -31
leaf_value=0.014032806441681037 -0.031984017310041447 -0.051793683465786701 -0.063061876594420738 -0.65772267204120327 -0.056509579210860576 0.0019925170437971661 0.012843460117884942 0.017237564036664078 -0.016412016273211816 0.042038328420041834 0.018570131110143714 0.051499308044474258 -0.23977561761130387 -0.034977322540877098 0.037565632854430868 -0.16207121066737062 0.042376916785580761 0.022215277602896266 -0.015436808440774476 0.0073084912148436917 -0.010374022570705736 0.0056425969221857459 -0.059656180480301191 -0.60852794706735536 -0.0014272563734627941 -0.008525909809432906 0.027857515154307677 0.035586575593595009 -0.033755468177786623 0.013361505210403688
leaf_weight=337 28 27 21 25 34 29 31 45 25 212 61 163 20 30 54 30 66 26 25 27 25 163 24 20 26 34 41 1704 28 137
leaf_count=337 28 27 21 25 34 29 31 45 25 212 61 163 20 30 54 30 66 26 25 27 25 163 24 20 26 34 41 1704 28 137
internal_value=0.00191586 -0.000608592 -0.000178791 -0.00199052 -0.00129723 -0.000718085 -0.005 0.000176849 -0.00518518 0.00270522 0.0025081 0.000601173 -0.00541667 0.00158703 -0.000769231 0.00281382 -0.000327869 -0.00482143 0.00178663 -0.00269231 0.0013035 0.00198276 -0.00152174 0.001 0.0025 0.00300499 -0.000333333 0.00313472 0.00123894 0.000151515
internal_weight=3518 838 811 422 397 376 65 311 54 2680 2468 341 48 293 130 2127 122 56 389 52 257 232 69 100 80 2005 75 1930 226 165
internal_count=3518 838 811 422 397 376 65 311 54 2680 2468 341 48 293 130 2127 122 56 389 52 257 232 69 100 80 2005 75 1930 226 165
is_linear=0
shrinkage=0.05


Tree=33
num_leaves=31
num_cat=0
split_feature=13 10 56 10 20 36 10 28 26 36 3 19 10 14 26 0 44 14 10 45 51 28 0 3 2 10 27 44 11 11
split_gain=1.9182 0.975092 0.6746 0.725215 0.832909 0.556627 0.875801 1.14405 0.586834 1.00868 0.498626 0.456517 0.522954 0.465466 0.763279 1.25019 0.530942 0.748106 0.640196 0.913607 1.86239 0.625312 0.453388 0.704406 0.693636 0.793954 0.440156 0.555263 1.14128 1.225
threshold=-0.38533332943916315 -9.0732021331787092 -4.7849998474121085 -11.117235660552977 -0.72424998879432667 0.3835000097751618 -10.652754783630369 0.98565000295639049 -0.31399999558925623 0.8696500062942506 0.29367579519748693 1.0000000180025095e-35 -12.733687400817869 0.11250000074505807 3.9375000000000004 0.4200000017881394 -3.4999999999999996 0.38750000298023229 -10.293275833129881 -0.23383333534002301 -1.9135000109672544 -0.44089999794960016 0.4200000017881394 0.20034662634134295 0.34999999403953558 -9.0232815742492658 -0.0041499999351799479 -11.499999999999998 0.30702529847621923 0.55351346731185924
decision_type=2 2 2 2 2 2 2 2 2 2 2 2 2 2 2 2 2 2 2 2 2 2 2 2 2 2 2 2 2 2
left_child=1 2 3 -1 -5 26 7 -7 9 -8 -3 12 -2 14 -14 -16 17 18 19 20 21 -15 23 -20 25 -25 27 28 -4 -30
right_child=11 10 5 4 -6 6 8 -9 -10 -11 -12 -13 13 16 15 -17 -18 -19 22 -21 -22 -23 -24 24 -26 -27 -28 -29 29 -31
leaf_value=0.016706989747326751 0.058150632977844167 -0.079278809502348932 0.0038261120737846711 -0.29239799608636713 -0.028080776217053474 -0.04208374463020443 -0.059908782156456231 0.0029886559326970778 0.013679229817836348 0.018019697519414596 -0.013205892878694668 0.039936411999039745 0.015308074280216577 -0.043322472828374238 -0.2464225878459467 0.061471436838459785 0.045429966078679593 -0.0081947744770566166 0.026228285231960597 0.035984994891180969 -0.056522695848513195 0.022222842859300034 0.025181067420490429 -0.015669602638462517 0.0065797210368503866 0.0093467329220523927 0.013541313641285475 0.011792782435782497 -0.023860814379708079 -0.00042453173474438563
leaf_weight=24 306 28 143 23 24 35 31 21 90 40 24 212 547 21 21 23 763 41 81 55 20 40 376 37 45 20 276 111 20 20
leaf_count=24 306 28 143 23 24 35 31 21 90 40 24 212 547 21 21 23 763 41 81 55 20 40 376 37 45 20 276 111 20 20
internal_value=0.00208641 0.00010989 0.000512821 -0.00415493 -0.00776596 0.000933926 -0.0012212 -0.00660714 0.000652174 -0.00274648 -0.00653846 0.00277607 0.0025793 0.00229665 0.00110829 -0.00522727 0.00276518 0.00180707 0.00219424 -0.000882353 -0.00425926 8.19674e-05 0.00294276 0.00090164 -0.00186274 -0.00552632 0.00175439 0.000408163 -0.00128415 -0.00875
internal_weight=3518 910 858 71 47 787 217 56 161 71 52 2608 2396 2090 591 44 1499 736 695 136 81 61 559 183 102 57 570 294 183 40
internal_count=3518 910 858 71 47 787 217 56 161 71 52 2608 2396 2090 591 44 1499 736 695 136 81 61 559 183 102 57 570 294 183 40
is_linear=0
shrinkage=0.05


Tree=34
num_leaves=31
num_cat=0
split_feature=13 26 17 44 16 13 18 46 5 44 56 35 18 37 18 19 10 56 14 46 10 46 56 16 56 35 56 47 45 46
split_gain=2.02253 0.695065 1.07158 1.84091 0.962224 1.65279 2.2941 0.829452 1.03029 0.811403 0.78043 1.5391 0.520022 0.505971 0.732826 0.472395 0.501034 0.4623 0.950273 0.420467 0.369301 0.359192 0.337456 0.666723 0.373186 0.370412 0.521759 1.24444 0.395916 0.563333
threshold=-0.38533332943916315 -1.7730000019073484 0.12500000372529033 -14.499999999999998 0.25999999791383749 -0.79177775979042042 0.62279999256134044 0.022166666574776176 0.075000001117587103 -12.499999999999998 -0.41249999403953547 0.072250001132488265 0.49568253755569464 0.27089999616146093 0.53991535305976879 1.0000000180025095e-35 -12.314568996429442 0.32050000131130224 0.38750000298023229 -0.71383333206176747 -17.922778129577633 -1.1344999670982359 -3.5714999437332149 0.29999999701976782 -6.6915001869201651 -0.29549999535083765 -1.7985000014305113 1.588587820529938 0.06841666623950006 0.037166666239500053
decision_type=2 2 2 2 2 2 2 2 2 2 2 2 2 2 2 2 2 2 2 2 2 2 2 2 2 2 2 2 2 2
left_child=1 2 3 -1 13 6 -6 19 -9 -4 11 12 -10 21 -15 16 20 18 22 -7 -2 -3 23 24 -18 28 27 -27 -24 -30
right_child=15 4 9 -5 5 7 -8 8 10 -11 -12 -13 -14 14 -16 -17 17 -19 -20 -21 -22 -23 25 -25 -26 26 -28 -29 29 -31
leaf_value=-0.11357696793165356 -0.0019872436338564769 -0.056930387260667382 0.047472814052202286 0.015099968857768604 -0.022519216609225384 -0.32389225485444428 -0.043136516708720901 -0.075781842700048785 -0.004369096112975571 -0.013161229907107795 0.023284684242971709 -0.034575870201172192 0.0047893803545868774 -0.069749720701849621 0.01382331682263143 0.037939591399087758 0.042183062563712237 0.031873093794942783 -0.013062917668234262 0.005331351142699745 0.056085999466360663 0.041358632940994566 0.026774006192408384 -0.27238311949192834 -0.18847702674491576 -0.3993905518980907 0.012985760539722044 0.061404501518604229 0.04974614573731611 -0.028038158435381551
leaf_weight=22 21 20 37 22 38 20 20 37 24 20 56 23 42 29 49 212 50 854 28 244 329 207 392 28 23 24 576 21 30 20
leaf_count=22 21 20 37 22 38 20 20 37 24 20 56 23 42 29 49 212 50 854 28 244 329 207 392 28 23 24 576 21 30 20
internal_value=0.00202956 1.86265e-10 -0.00391089 -0.00977273 0.000488257 -0.000853174 -0.0087931 0.000179372 -0.00241758 0.000614035 -0.000517241 -0.00342697 0.000454546 0.00270492 -0.000769231 0.00273773 0.00253756 0.00223851 0.00160235 0.0019697 0.00428571 0.00389868 0.00182131 -0.000940594 0.00157534 0.00208373 0.0012963 -0.00388889 0.00319005 -0.001
internal_weight=3518 910 101 44 809 504 58 446 182 57 145 89 66 305 78 2608 2396 2046 1192 264 350 227 1164 101 73 1063 621 45 442 50
internal_count=3518 910 101 44 809 504 58 446 182 57 145 89 66 305 78 2608 2396 2046 1192 264 350 227 1164 101 73 1063 621 45 442 50
is_linear=0
shrinkage=0.05


Tree=35
num_leaves=31
num_cat=0
split_feature=13 47 49 10 18 44 18 18 44 16 12 36 3 46 3 47 12 14 47 46 13 10 51 51 46 46 18 7 18 18
split_gain=1.54127 1.09827 1.1878 1.03522 0.703035 1.03141 1.05814 0.627693 1.10318 0.756434 0.678285 0.727694 0.709416 0.593713 0.515723 0.487013 0.570491 0.467049 1.51143 0.392752 0.674003 1.00689 0.343258 0.775938 0.387708 0.675008 0.320513 0.341971 0.435827 1.58309
threshold=-0.38533332943916315 1.239503860473633 1.5000000000000002 -8.2584562301635724 0.53235557675361644 -13.499999999999998 0.59145396947860729 0.62164199352264415 -11.499999999999998 0.13999999687075618 0.22655370086431506 -0.49965000152587885 0.33302292227745062 -0.051166666671633713 0.27582278847694403 1.8583387136459353 2.0629919767379765 0.13750000298023227 1.0000000180025095e-35 0.34933333098888403 -0.2357777804136276 -9.5831351280212385 0.23550000041723254 -0.11899999901652335 0.025166667066514496 0.10716666653752328 0.62674692273139965 1.0000000180025095e-35 0.72674912214279186 0.73395556211471569
decision_type=2 2 2 2 2 2 2 2 2 2 2 2 2 2 2 2 2 2 2 2 2 2 2 2 2 2 2 2 2 2
left_child=1 3 4 17 15 6 -6 9 -9 -2 11 -11 -13 14 -8 16 -3 -1 -19 -12 21 -21 23 24 -20 -26 -10 28 -28 -30
right_child=7 2 -4 -5 5 -7 13 8 26 10 19 12 -14 -15 -16 -17 -18 18 22 20 -22 -23 -24 -25 25 -27 27 -29 29 -31
leaf_value=0.030811101883524195 -0.50822581804763645 0.011617016735838629 -0.085366821160007295 -0.046167290708253345 -0.069266646248448235 0.01619512474450031 0.0013638451766725735 -0.012682457716349274 -0.043960648762998003 -0.45691224178257062 0.033459985496955613 0.019261817877591545 -0.065667266720395273 0.0041117994076915725 -0.047231592045860998 0.014249661804201272 -0.013543997850943901 -0.022992680185228858 0.0040951305562775351 0.048763371360270064 0.021139608969207649 -0.51884865595278373 0.017733230053110883 -0.035819146614843034 -0.015830371918263246 0.0084886799372214088 0.025352999308466725 -0.0062569775431901122 -0.071350816237248676 0.022417991119406688
leaf_weight=214 22 37 35 21 36 56 23 29 21 24 1794 283 34 35 20 88 29 20 94 30 99 31 84 23 23 65 139 22 25 87
leaf_count=214 22 37 35 21 36 56 23 29 21 24 1794 283 34 35 20 88 29 20 94 30 99 31 84 23 23 65 139 22 25 87
internal_value=0.00196585 0.000182724 -0.00196379 0.00159926 -0.00101852 -0.00323529 -0.00596491 0.00257576 0.000510836 0.00286362 0.00295207 0.000894428 0.00152997 -0.00269231 -0.00662791 0.00142857 -0.00181818 0.00203633 0.00079288 0.00331116 0.0009375 -0.00319672 0.0017128 0.000609756 0.0017033 -0.000681818 0.00142857 0.00188645 0.00241036 8.92859e-05
internal_weight=3543 903 359 544 324 170 114 2640 323 2317 2295 341 317 78 43 154 66 523 309 1954 160 61 289 205 182 88 294 273 251 112
internal_count=3543 903 359 544 324 170 114 2640 323 2317 2295 341 317 78 43 154 66 523 309 1954 160 61 289 205 182 88 294 273 251 112
is_linear=0
shrinkage=0.05


Tree=36
num_leaves=31
num_cat=0
split_feature=13 12 1 53 20 12 46 56 18 44 12 45 27 1 9 9 21 10 11 26 56 51 56 9 10 44 13 6 36 56
split_gain=1.29141 0.695467 0.769077 0.714681 0.726118 0.911088 0.849547 0.753463 0.547814 1.1402 0.710038 0.593204 1.24675 0.490599 0.488879 0.723904 0.65952 0.403479 0.47164 0.78057 0.378788 0.37512 0.923906 0.372106 0.515714 0.366396 0.413869 0.860539 0.826176 1.86681
threshold=-0.38533332943916315 0.19811055809259417 0.42499999701976782 -2.6755000352859493 -0.3990000039339065 0.82546687126159679 -0.22716666758060453 -3.317499995231628 0.62164199352264415 -11.499999999999998 0.22655370086431506 -0.363916665315628 0.025750000029802326 0.47499999403953558 0.43975645303726202 0.85554909706115734 -0.2651000022888183 -9.0732021331787092 0.38506762683391577 -0.70624998211860646 -1.0000000180025095e-35 -0.8930000066757201 1.0000000180025095e-35 0.099314019083976759 -9.4292693138122541 -9.4999999999999982 -0.14111111313104627 0.70000001788139354 0.20780000090599063 0.53999999165534984
decision_type=2 2 2 2 2 2 2 2 2 2 2 2 2 2 2 2 2 2 2 2 2 2 2 2 2 2 2 2 2 2
left_child=1 2 -1 4 6 -6 -3 -7 10 -10 13 12 -11 -2 16 -16 -15 18 -5 -20 -4 -21 -23 24 -18 -12 27 -27 -29 -30
right_child=8 3 20 17 5 7 -8 -9 9 11 25 -13 -14 14 15 -17 23 -19 19 21 -22 22 -24 -25 -26 26 -28 28 29 -31
leaf_value=-0.048252901366782425 0.042922730734236976 -0.037285065693680612 -0.17001721779777715 0.0094349766573893906 0.0033475708471080289 -0.0086291219105834246 0.0059400496140264072 -0.59940461444510662 -0.012048334830531818 0.043799621113281353 0.030434013733109423 0.01430009227056895 -0.068263704150617541 -0.46879494285575679 -0.024245604941521216 0.011967182620858758 -0.080486799471727183 -0.094587089682827905 -0.0039567530621797157 0.010961640785559029 0.047152980790102633 -0.012947419611311052 0.041707928699328045 0.061254009948368431 0.032472822494025354 0.032848018863087601 0.042716785412265902 0.018070039111787128 -0.091023231602078855 0.010253161611744117
leaf_weight=29 75 22 25 461 27 22 119 20 29 42 301 228 24 20 49 26 20 27 26 40 30 27 28 102 50 281 993 272 38 90
leaf_count=29 75 22 25 461 27 22 119 20 29 42 301 228 24 20 49 26 20 27 26 40 30 27 28 102 50 281 993 272 38 90
internal_value=0.00203641 0.000404208 -0.00392857 0.000848596 -0.00166667 -0.00586956 0.000390071 -0.0104762 0.0025947 0.000665635 0.00286362 0.00159864 -0.00257576 0.000760234 -0.000243446 -0.00366667 0.00109375 0.00171593 0.00199313 -0.000785124 -0.000454545 0.00131579 -0.00136364 0.00209302 -0.000714286 0.00322785 0.00293907 0.00198972 0.0005 -0.0028125
internal_weight=3543 903 84 819 210 69 141 42 2640 323 2317 294 66 342 267 75 192 609 582 121 55 95 55 172 70 1975 1674 681 400 128
internal_count=3543 903 84 819 210 69 141 42 2640 323 2317 294 66 342 267 75 192 609 582 121 55 95 55 172 70 1975 1674 681 400 128
is_linear=0
shrinkage=0.05


Tree=37
num_leaves=31
num_cat=0
split_feature=13 47 28 49 10 18 26 45 35 9 12 35 18 13 0 13 10 2 27 16 13 0 13 12 36 47 11 27 14 11
split_gain=1.06673 0.612378 0.752143 1.20175 0.741418 0.68949 0.767191 0.53425 0.766215 0.489108 0.834483 0.48324 0.482955 0.965671 1.10748 0.966376 0.592805 0.665986 0.693466 0.545682 0.680731 0.345611 0.439553 0.487136 0.480197 2.11636 0.514668 0.449152 0.339341 1.04793
threshold=-0.38533332943916315 1.3780411481857302 1.5760999917984011 1.5000000000000002 -8.6921882629394513 0.53235557675361644 0.20300000160932544 -0.67391666769981373 -1.3379999995231626 0.24918745458126071 0.74766418337821972 -0.61824998259544361 0.69464683532714855 -0.15527778118848798 0.53999999165534984 -0.31577777862548823 -8.6921882629394513 0.43199999630451208 0.52509999275207531 0.21999999880790713 -0.037999998778104775 0.4200000017881394 -0.14111111313104627 0.21632621437311175 0.23929999768733981 0.4727479368448258 -0.13400919735431668 0.11304999887943269 0.13750000298023227 -0.10644736513495444
decision_type=2 2 2 2 2 2 2 2 2 2 2 2 2 2 2 2 2 2 2 2 2 2 2 2 2 2 2 2 2 2
left_child=1 4 3 5 28 9 7 8 -7 10 -3 -10 16 14 -14 -16 21 18 -18 -19 -21 22 24 27 -2 -26 -27 -24 -1 -30
right_child=12 2 -4 -5 -6 6 -8 -9 11 -11 -12 -13 13 -15 15 -17 17 19 -20 20 -22 -23 23 -25 25 26 -28 -29 29 -31
leaf_value=0.026345372217714505 0.016282559627092581 0.022020313506454961 0.033579120567614799 -0.097531998559410471 -0.042347340699997946 0.0041619568386066161 -0.068281530101017771 0.015847939545446981 -0.015753226334342008 0.0083603703102575443 -0.088703525147698525 -0.10446048552124994 0.012207619994577708 0.024666707804020936 -0.0033505017228636423 -0.039201554482963231 0.062594511984467902 0.015156932688114367 -0.020199050058952103 0.010953803437680163 -0.069322179226271485 0.029111304803046037 0.024086468892381543 0.040483584455908987 -0.09595100757505054 -0.12634403873256631 0.024794389536021411 -0.35428987401514139 -0.022317889361828037 0.0020570793103386028
leaf_weight=219 278 29 45 22 26 26 20 33 26 73 20 31 37 114 21 20 155 25 32 23 32 1013 56 700 22 20 63 29 20 313
leaf_count=219 278 29 45 22 26 26 20 33 26 73 20 31 37 114 21 20 155 25 32 23 32 1013 56 700 22 20 63 29 20 313
internal_value=0.00221987 0.000736434 -0.001 -0.00196429 0.0017128 -0.00100775 -0.00345588 -0.00189655 -0.00403614 0.00172131 -0.00214286 -0.0072807 0.00272727 0.0003125 -0.00397436 -0.00963415 0.00291667 0.000692884 0.0023262 -0.003125 -0.00590909 0.0031889 0.00260274 0.00328025 0.0012141 -0.00166667 0.00198795 -0.000294117 0.00210145 0.0010961
internal_weight=3543 903 325 280 578 258 136 116 83 122 49 57 2640 192 78 41 2448 267 187 80 55 2181 1168 785 383 105 83 85 552 333
internal_count=3543 903 325 280 578 258 136 116 83 122 49 57 2640 192 78 41 2448 267 187 80 55 2181 1168 785 383 105 83 85 552 333
is_linear=0
shrinkage=0.05


end of trees

feature_importances:
Column_16=89
Column_13=86
Column_18=82
Column_46=69
Column_10=50
Column_12=48
Column_9=46
Column_35=46
Column_56=46
Column_27=43
Column_14=42
Column_11=39
Column_36=33
Column_47=32
Column_17=30
Column_53=30
Column_26=29
Column_8=26
Column_44=25
Column_0=24
Column_2=23
Column_20=23
Column_21=23
Column_45=23
Column_3=19
Column_28=19
Column_51=18
Column_22=15
Column_37=14
Column_4=13
Column_5=7
Column_1=6
Column_49=6
Column_6=5
Column_7=4
Column_19=3
Column_48=2
Column_50=2

parameters:
[boosting: gbdt]
[objective: quantile]
[metric: quantile]
[tree_learner: serial]
[device_type: cpu]
[data_sample_strategy: bagging]
[data: ]
[valid: ]
[num_iterations: 300]
[learning_rate: 0.05]
[num_leaves: 31]
[num_threads: 0]
[seed: 42]
[deterministic: 0]
[force_col_wise: 0]
[force_row_wise: 0]
[histogram_pool_size: -1]
[max_depth: -1]
[min_data_in_leaf: 20]
[min_sum_hessian_in_leaf: 0.001]
[bagging_fraction: 0.8]
[pos_bagging_fraction: 1]
[neg_bagging_fraction: 1]
[bagging_freq: 5]
[bagging_seed: 400]
[bagging_by_query: 0]
[feature_fraction: 0.8]
[feature_fraction_bynode: 1]
[feature_fraction_seed: 30056]
[extra_trees: 0]
[extra_seed: 12879]
[early_stopping_round: 0]
[early_stopping_min_delta: 0]
[first_metric_only: 0]
[max_delta_step: 0]
[lambda_l1: 0]
[lambda_l2: 0]
[linear_lambda: 0]
[min_gain_to_split: 0]
[drop_rate: 0.1]
[max_drop: 50]
[skip_drop: 0.5]
[xgboost_dart_mode: 0]
[uniform_drop: 0]
[drop_seed: 17869]
[top_rate: 0.2]
[other_rate: 0.1]
[min_data_per_group: 100]
[max_cat_threshold: 32]
[cat_l2: 10]
[cat_smooth: 10]
[max_cat_to_onehot: 4]
[top_k: 20]
[monotone_constraints: ]
[monotone_constraints_method: basic]
[monotone_penalty: 0]
[feature_contri: ]
[forcedsplits_filename: ]
[refit_decay_rate: 0.9]
[cegb_tradeoff: 1]
[cegb_penalty_split: 0]
[cegb_penalty_feature_lazy: ]
[cegb_penalty_feature_coupled: ]
[path_smooth: 0]
[interaction_constraints: ]
[verbosity: 1]
[saved_feature_importance_type: 0]
[use_quantized_grad: 0]
[num_grad_quant_bins: 4]
[quant_train_renew_leaf: 0]
[stochastic_rounding: 1]
[linear_tree: 0]
[max_bin: 255]
[max_bin_by_feature: ]
[min_data_in_bin: 3]
[bin_construct_sample_cnt: 200000]
[data_random_seed: 175]
[is_enable_sparse: 1]
[enable_bundle: 1]
[use_missing: 1]
[zero_as_missing: 0]
[feature_pre_filter: 1]
[pre_partition: 0]
[two_round: 0]
[header: 0]
[label_column: ]
[weight_column: ]
[group_column: ]
[ignore_column: ]
[categorical_feature: ]
[forcedbins_filename: ]
[precise_float_parser: 0]
[parser_config_file: ]
[objective_seed: 16083]
[num_class: 1]
[is_unbalance: 0]
[scale_pos_weight: 1]
[sigmoid: 1]
[boost_from_average: 1]
[reg_sqrt: 0]
[alpha: 0.1]
[fair_c: 1]
[poisson_max_delta_step: 0.7]
[tweedie_variance_power: 1.5]
[lambdarank_truncation_level: 30]
[lambdarank_norm: 1]
[label_gain: ]
[lambdarank_position_bias_regularization: 0]
[eval_at: ]
[multi_error_top_k: 1]
[auc_mu_weights: ]
[num_machines: 1]
[local_listen_port: 12400]
[time_out: 120]
[machine_list_filename: ]
[machines: ]
[gpu_platform_id: -1]
[gpu_device_id: -1]
[gpu_use_dp: 0]
[num_gpu: 1]

end of parameters

pandas_categorical:null
