2026-05-23 14:16:48.202289: I tensorflow/core/platform/cpu_feature_guard.cc:193] This TensorFlow binary is optimized with oneAPI Deep Neural Network Library (oneDNN) to use the following CPU instructions in performance-critical operations:  AVX2
To enable them in other operations, rebuild TensorFlow with the appropriate compiler flags.
Console log file: models\v9_subcaption_fixed\v9fix_datefwd_calib_auto_mbmp14_1779560208306\training.log
coverage-sharpness=4 is aggressive; if training gets unstable, retry with --coverage-sharpness 3.0
Loading V9 sequence data...
Validation split (date-forward) grouped by show/date: 6906 train rows, 363 validation rows.
Saved normalization stats to ./results/v9-subcaption-target-norm.json

AUDIT SUCCESS: Leakage prevention verified for caption blocks
V10 Splits -> Train: 6906, Val: 363, Test: 52 
Baselines(monitoring forecast MAE): zero = 16.4356, mean = 2.0004, ema = 1.1564, quad = 0.6462
Orthogonal initializer is being called on a matrix with more than 2000 (65536) elements: Slowness may result.
Orthogonal initializer is being called on a matrix with more than 2000 (65536) elements: Slowness may result.
Orthogonal initializer is being called on a matrix with more than 2000 (16384) elements: Slowness may result.
Orthogonal initializer is being called on a matrix with more than 2000 (16384) elements: Slowness may result.
___________________________________________________________________________________________________________________
Layer (type)               Input Shape                 Output shape             Param #     Receives inputs        
===================================================================================================================
sequence (InputLayer)      [[null,15,101]]             [null,15,101]            0                                  
___________________________________________________________________________________________________________________
bidirectional_Bidirectiona [[null,15,101]]             [null,15,256]            235520      sequence[0][0]         
___________________________________________________________________________________________________________________
layer_normalization_LayerN [[null,15,256]]             [null,15,256]            512         bidirectional_Bidirecti
___________________________________________________________________________________________________________________
bidirectional_Bidirectiona [[null,15,256]]             [null,15,128]            164352      layer_normalization_Lay
___________________________________________________________________________________________________________________
layer_normalization_LayerN [[null,15,128]]             [null,15,128]            256         bidirectional_Bidirecti
___________________________________________________________________________________________________________________
dense_Dense1 (Dense)       [[null,15,128]]             [null,15,1]              129         layer_normalization_Lay
___________________________________________________________________________________________________________________
reshape_Reshape1 (Reshape) [[null,15,1]]               [null,15]                0           dense_Dense1[0][0]     
___________________________________________________________________________________________________________________
mask (InputLayer)          [[null,15]]                 [null,15]                0                                  
___________________________________________________________________________________________________________________
masked_softmax_MaskedSoftm [[null,15],[null,15]]       [null,15]                0           reshape_Reshape1[0][0] 
                                                                                            mask[0][0]             
___________________________________________________________________________________________________________________
judge_ids (InputLayer)     [[null,8]]                  [null,8]                 0                                  
___________________________________________________________________________________________________________________
agnostic_show_id (InputLay [[null,1]]                  [null,1]                 0                                  
___________________________________________________________________________________________________________________
reshape_Reshape2 (Reshape) [[null,15]]                 [null,15,1]              0           masked_softmax_MaskedSo
___________________________________________________________________________________________________________________
judge_embedding (Embedding [[null,8]]                  [null,8,24]              5880        judge_ids[0][0]        
___________________________________________________________________________________________________________________
agnostic_show_embedding (E [[null,1]]                  [null,1,12]              4188        agnostic_show_id[0][0] 
___________________________________________________________________________________________________________________
attention_pool (AttentionP [[null,15,1],[null,15,128]] [null,128]               0           reshape_Reshape2[0][0] 
                                                                                            layer_normalization_Lay
___________________________________________________________________________________________________________________
static (InputLayer)        [[null,187]]                [null,187]               0                                  
___________________________________________________________________________________________________________________
flatten_Flatten1 (Flatten) [[null,8,24]]               [null,192]               0           judge_embedding[0][0]  
___________________________________________________________________________________________________________________
baseline_recap (InputLayer [[null,8]]                  [null,8]                 0                                  
___________________________________________________________________________________________________________________
last_step (LastStepLayer)  [[null,15,101]]             [null,101]               0           sequence[0][0]         
___________________________________________________________________________________________________________________
flatten_Flatten3 (Flatten) [[null,1,12]]               [null,12]                0           agnostic_show_embedding
___________________________________________________________________________________________________________________
concatenate_Concatenate1 ( [[null,128],[null,187],[nul [null,628]               0           attention_pool[0][0]   
                                                                                            static[0][0]           
                                                                                            flatten_Flatten1[0][0] 
                                                                                            baseline_recap[0][0]   
                                                                                            last_step[0][0]        
                                                                                            flatten_Flatten3[0][0] 
___________________________________________________________________________________________________________________
dense_Dense2 (Dense)       [[null,628]]                [null,512]               322048      concatenate_Concatenate
___________________________________________________________________________________________________________________
dropout_Dropout1 (Dropout) [[null,512]]                [null,512]               0           dense_Dense2[0][0]     
___________________________________________________________________________________________________________________
dense_Dense3 (Dense)       [[null,512]]                [null,256]               131328      dropout_Dropout1[0][0] 
___________________________________________________________________________________________________________________
dropout_Dropout2 (Dropout) [[null,256]]                [null,256]               0           dense_Dense3[0][0]     
___________________________________________________________________________________________________________________
strength (Dense)           [[null,128]]                [null,24]                3096        attention_pool[0][0]   
___________________________________________________________________________________________________________________
corps_id (InputLayer)      [[null,1]]                  [null,1]                 0                                  
___________________________________________________________________________________________________________________
concatenate_Concatenate2 ( [[null,256],[null,187],[nul [null,467]               0           dropout_Dropout2[0][0] 
                                                                                            static[0][0]           
                                                                                            strength[0][0]         
___________________________________________________________________________________________________________________
corps_embedding (Embedding [[null,1]]                  [null,1,20]              14180       corps_id[0][0]         
___________________________________________________________________________________________________________________
accuracy_trunk (Dense)     [[null,467]]                [null,128]               59904       concatenate_Concatenate
___________________________________________________________________________________________________________________
flatten_Flatten2 (Flatten) [[null,1,20]]               [null,20]                0           corps_embedding[0][0]  
___________________________________________________________________________________________________________________
dropout_Dropout3 (Dropout) [[null,128]]                [null,128]               0           accuracy_trunk[0][0]   
___________________________________________________________________________________________________________________
judge_bias_raw (Dense)     [[null,192]]                [null,8]                 1544        flatten_Flatten1[0][0] 
___________________________________________________________________________________________________________________
judge_bias_scale (InputLay [[null,1]]                  [null,1]                 0                                  
___________________________________________________________________________________________________________________
corps_corr_raw (Dense)     [[null,20]]                 [null,8]                 168         flatten_Flatten2[0][0] 
___________________________________________________________________________________________________________________
corps_scale (InputLayer)   [[null,1]]                  [null,1]                 0                                  
___________________________________________________________________________________________________________________
history_len (InputLayer)   [[null,1]]                  [null,1]                 0                                  
___________________________________________________________________________________________________________________
delta_q50_base (Dense)     [[null,128]]                [null,8]                 1032        dropout_Dropout3[0][0] 
___________________________________________________________________________________________________________________
judge_bias_gated (LambdaSc [[null,8],[null,1]]         [null,8]                 0           judge_bias_raw[0][0]   
                                                                                            judge_bias_scale[0][0] 
___________________________________________________________________________________________________________________
corps_corr_gated (LambdaSc [[null,8],[null,1]]         [null,8]                 0           corps_corr_raw[0][0]   
                                                                                            corps_scale[0][0]      
___________________________________________________________________________________________________________________
width_concat (Concatenate) [[null,467],[null,192],[nul [null,660]               0           concatenate_Concatenate
                                                                                            flatten_Flatten1[0][0] 
                                                                                            history_len[0][0]      
___________________________________________________________________________________________________________________
delta_q50 (Add)            [[null,8],[null,8],[null,8] [null,8]                 0           delta_q50_base[0][0]   
                                                                                            judge_bias_gated[0][0] 
                                                                                            corps_corr_gated[0][0] 
___________________________________________________________________________________________________________________
q10_width_raw (Dense)      [[null,660]]                [null,8]                 5288        width_concat[0][0]     
___________________________________________________________________________________________________________________
q10_width (Activation)     [[null,8]]                  [null,8]                 0           q10_width_raw[0][0]    
___________________________________________________________________________________________________________________
q90_width_raw (Dense)      [[null,660]]                [null,8]                 5288        width_concat[0][0]     
___________________________________________________________________________________________________________________
recap_head (RecapLayer)    [[null,8],[null,8]]         [null,8]                 0           delta_q50[0][0]        
                                                                                            baseline_recap[0][0]   
___________________________________________________________________________________________________________________
q10_width_neg (NegationLay [[null,8]]                  [null,8]                 0           q10_width[0][0]        
___________________________________________________________________________________________________________________
q90_width (Activation)     [[null,8]]                  [null,8]                 0           q90_width_raw[0][0]    
___________________________________________________________________________________________________________________
category_head (CategoryLay [[null,8]]                  [null,3]                 0           recap_head[0][0]       
___________________________________________________________________________________________________________________
q10_delta (Add)            [[null,8],[null,8]]         [null,8]                 0           delta_q50[0][0]        
                                                                                            q10_width_neg[0][0]    
___________________________________________________________________________________________________________________
q90_delta (Add)            [[null,8],[null,8]]         [null,8]                 0           delta_q50[0][0]        
                                                                                            q90_width[0][0]        
___________________________________________________________________________________________________________________
total_head (TotalLayer)    [[null,3]]                  [null,1]                 0           category_head[0][0]    
___________________________________________________________________________________________________________________
output (Concatenate)       [[null,8],[null,8],[null,8] [null,36]                0           q10_delta[0][0]        
                                                                                            delta_q50[0][0]        
                                                                                            q90_delta[0][0]        
                                                                                            recap_head[0][0]       
                                                                                            category_head[0][0]    
                                                                                            total_head[0][0]       
===================================================================================================================
Total params: 954713
Trainable params: 954713
Non-trainable params: 0
___________________________________________________________________________________________________________________

--- DERIVATION EXACTNESS CHECK ---
MaskedSoftmax shapes: [ 1, 15 ] [ 1, 15 ] [ 1, 15 ] [ 1, 15 ]
Recap Points: [
  '14.97', '15.10',
  '14.96', '14.96',
  '14.89', '14.97',
  '15.07', '15.08'
]
GE: Derived = 30.07, Expected = 30.07 
Visual: Derived = 22.40, Expected = 22.40 
Music: Derived = 22.56, Expected = 22.56 
Total: Derived = 75.03, Expected = 75.03 
DERIVATION CHECK SUCCESS

--- SCALE SANITY TEST ---
Sample Row Total: 71.15 (expecting DCI scale, not sum - of - 8)
Sum - of - 8: 113.60 
SCALE SANITY SUCCESS: target total is on DCI scale.


=== V9-IMPROVED: Enhanced Model for 0.2 MAE Target ===
Hyperparameters: lstm1=128, lstm2=64, dropout=0.2, lr=0.00075, batch=128, width_floor_pts=0.5, width_target_pts=2.5, width_penalty=0.5, coverage_target=0.8-0.85, over_coverage_weight=2, width_floor_schedule=0.1->1.5, baseline_dropout=0.1, baseline_noise_std=0.25
Curriculum: phaseAEnd=10, phaseBEnd=40, phaseCRamp=80, judgeScaleRamp=40, corpsScaleStart=25, corpsScaleRamp=35, auto=true, autoPatience=6, autoMinCoverage=0.9, autoMinDeltaGain=0.002
Model Capacity: 256→128 BiLSTM, Dense 512→256, AccuracyTrunk 128, Judge Emb 24, Corps Emb 20, Show Emb 12
Cached 363 validation samples(seqLen = 15, identityDropout = 0.0)

Epoch 0: Phase A (A_end=10, B_end=40, C_ramp=80) Weights {"totalWeight":0.05,"recapWeight":1,"deltaWeight":0.2,"categoryWeight":0.05,"quantileWeight":0.02,"consistencyWeight":0,"identityDropoutRate":0.95}, Scales {"judgeBias":0,"corps":0}, SeqLen 5, ID_Drop 0.956, HistHide 0.150, WFW 0.100 
Epoch 0 memory(start): tensors=102, buffers=102, bytes=3.7MB

History Bucket Diagnostics (Avg Abs Error per sample, normalized units):
Hist | Count | MAE_Pred | MAE_Base | PredDevFromBase
-----|-------|----------|----------|----------------
0    | 8     | 3.8982   | 3.7696   | 0.6129 
1    | 9     | 1.1956   | 0.9160   | 0.7627 
2    | 11    | 0.8350   | 0.5551   | 0.6676 
3-5  | 59    | 0.6188   | 0.3926   | 0.5194 
6+   | 276   | 0.5191   | 0.2990   | 0.4713 

Epoch 0: loss = 1.025606 phase = A val_loss = 0.375332 delta_mae_pts = 0.6361 recap_mae_pts = 0.6361 cat_mae_pts = 0.7431 total_mae_pts = 1.5032 vs_inertia_pts = -0.2224 vs_quad_pts = 0.0100 lr_base = 0.000075 lr_mult = 1.0000 lr_eff = 0.000075 mon_cov = 0.281 mon_score = 2.1393 progress = 1/120 epoch_sec = 77.5 avg_epoch_sec = 77.5 elapsed = 00:01:18 eta = 02:33:47
Epoch 0 memory(end): tensors=180, buffers=180, bytes=11.2MB

-- - CAPTION STATS(Epoch 0)-- - 
GE1: delta_pts = 0.6818, recap_pts = 0.6818, cov = 0.196, width = 0.3431 
GE2: delta_pts = 0.5112, recap_pts = 0.5112, cov = 0.526, width = 0.7906 
VP: delta_pts = 0.7683, recap_pts = 0.7683, cov = 0.223, width = 0.7935 
VA: delta_pts = 0.6861, recap_pts = 0.6861, cov = 0.273, width = 0.5858 
CG: delta_pts = 0.6101, recap_pts = 0.6101, cov = 0.160, width = 0.3226 
MB: delta_pts = 0.6304, recap_pts = 0.6304, cov = 0.355, width = 0.6219 
MA: delta_pts = 0.5587, recap_pts = 0.5587, cov = 0.234, width = 0.4938 
MP: delta_pts = 0.6424, recap_pts = 0.6424, cov = 0.281, width = 0.5026 
----------------------------------

Saved BEST-DELTA checkpoint @epoch 0 delta_mae_pts = 0.6361 monitor_score = 2.1393 -> models\v9_subcaption_fixed\v9fix_datefwd_calib_auto_mbmp14_1779560208306\best 
Saved BEST-LOSS checkpoint @epoch 0 val_loss = 0.375332 delta_mae_pts = 0.6361 -> models\v9_subcaption_fixed\v9fix_datefwd_calib_auto_mbmp14_1779560208306\best_loss 
Saved BEST-PHASE-A checkpoint @epoch 0 delta_mae_pts = 0.6361 -> models\v9_subcaption_fixed\v9fix_datefwd_calib_auto_mbmp14_1779560208306\best_phase_a 
[curriculum] phase=A age=1/10 delta=0.6361 phase_best=0.6361 stall=0/6 cov=0.281/0.900 min=wait cov_gate=wait next=hold

Epoch 1: Phase A (A_end=10, B_end=40, C_ramp=80) Weights {"totalWeight":0.05,"recapWeight":1,"deltaWeight":0.2,"categoryWeight":0.05,"quantileWeight":0.02,"consistencyWeight":0,"identityDropoutRate":0.95}, Scales {"judgeBias":0.025,"corps":0}, SeqLen 5, ID_Drop 0.950, HistHide 0.150, WFW 0.100 
Epoch 1 memory(start): tensors=258, buffers=180, bytes=18.4MB

History Bucket Diagnostics (Avg Abs Error per sample, normalized units):
Hist | Count | MAE_Pred | MAE_Base | PredDevFromBase
-----|-------|----------|----------|----------------
0    | 8     | 3.3626   | 3.7696   | 0.9052 
1    | 9     | 0.9098   | 0.9160   | 0.5344 
2    | 11    | 0.6715   | 0.5551   | 0.4739 
3-5  | 59    | 0.4999   | 0.3926   | 0.4401 
6+   | 276   | 0.4499   | 0.2990   | 0.3977 

Epoch 1: loss = 0.690868 phase = A val_loss = 0.287937 delta_mae_pts = 0.5403 recap_mae_pts = 0.5403 cat_mae_pts = 0.6717 total_mae_pts = 1.5900 vs_inertia_pts = -0.1266 vs_quad_pts = 0.1058 lr_base = 0.000150 lr_mult = 1.0000 lr_eff = 0.000150 mon_cov = 0.716 mon_score = 2.1303 progress = 2/120 epoch_sec = 77.2 avg_epoch_sec = 77.4 elapsed = 00:02:35 eta = 02:32:11
Epoch 1 memory(end): tensors=258, buffers=219, bytes=18.4MB
Saved BEST-DELTA checkpoint @epoch 1 delta_mae_pts = 0.5403 monitor_score = 2.1303 -> models\v9_subcaption_fixed\v9fix_datefwd_calib_auto_mbmp14_1779560208306\best 
Saved BEST-LOSS checkpoint @epoch 1 val_loss = 0.287937 delta_mae_pts = 0.5403 -> models\v9_subcaption_fixed\v9fix_datefwd_calib_auto_mbmp14_1779560208306\best_loss 
Saved BEST-PHASE-A checkpoint @epoch 1 delta_mae_pts = 0.5403 -> models\v9_subcaption_fixed\v9fix_datefwd_calib_auto_mbmp14_1779560208306\best_phase_a 
[curriculum] phase=A age=2/10 delta=0.5403 phase_best=0.5403 stall=0/6 cov=0.716/0.900 min=wait cov_gate=wait next=hold

Epoch 2: Phase A (A_end=10, B_end=40, C_ramp=80) Weights {"totalWeight":0.05,"recapWeight":1,"deltaWeight":0.2,"categoryWeight":0.05,"quantileWeight":0.02,"consistencyWeight":0,"identityDropoutRate":0.95}, Scales {"judgeBias":0.05,"corps":0}, SeqLen 5, ID_Drop 0.949, HistHide 0.150, WFW 0.100 
Epoch 2 memory(start): tensors=258, buffers=180, bytes=18.4MB

History Bucket Diagnostics (Avg Abs Error per sample, normalized units):
Hist | Count | MAE_Pred | MAE_Base | PredDevFromBase
-----|-------|----------|----------|----------------
0    | 8     | 1.8058   | 3.7696   | 2.5615 
1    | 9     | 0.8832   | 0.9160   | 0.9433 
2    | 11    | 0.7264   | 0.5551   | 0.6922 
3-5  | 59    | 0.5441   | 0.3926   | 0.6148 
6+   | 276   | 0.5246   | 0.2990   | 0.5120 

Epoch 2: loss = 0.398230 phase = A val_loss = 0.200153 delta_mae_pts = 0.5710 recap_mae_pts = 0.5710 cat_mae_pts = 0.7438 total_mae_pts = 1.9877 vs_inertia_pts = -0.1573 vs_quad_pts = 0.0751 lr_base = 0.000225 lr_mult = 1.0000 lr_eff = 0.000225 mon_cov = 0.703 mon_score = 2.5587 progress = 3/120 epoch_sec = 75.1 avg_epoch_sec = 76.6 elapsed = 00:03:50 eta = 02:29:24
Epoch 2 memory(end): tensors=258, buffers=219, bytes=18.4MB
Saved BEST-LOSS checkpoint @epoch 2 val_loss = 0.200153 delta_mae_pts = 0.5710 -> models\v9_subcaption_fixed\v9fix_datefwd_calib_auto_mbmp14_1779560208306\best_loss 
[curriculum] phase=A age=3/10 delta=0.5710 phase_best=0.5403 stall=1/6 cov=0.703/0.900 min=wait cov_gate=wait next=hold

Epoch 3: Phase A (A_end=10, B_end=40, C_ramp=80) Weights {"totalWeight":0.05,"recapWeight":1,"deltaWeight":0.2,"categoryWeight":0.05,"quantileWeight":0.02,"consistencyWeight":0,"identityDropoutRate":0.95}, Scales {"judgeBias":0.075,"corps":0}, SeqLen 5, ID_Drop 0.952, HistHide 0.150, WFW 0.100 
Epoch 3 memory(start): tensors=258, buffers=219, bytes=18.4MB

History Bucket Diagnostics (Avg Abs Error per sample, normalized units):
Hist | Count | MAE_Pred | MAE_Base | PredDevFromBase
-----|-------|----------|----------|----------------
0    | 8     | 0.9822   | 3.7696   | 3.5253 
1    | 9     | 0.7833   | 0.9160   | 0.6519 
2    | 11    | 0.6754   | 0.5551   | 0.4334 
3-5  | 59    | 0.4976   | 0.3926   | 0.3354 
6+   | 276   | 0.4419   | 0.2990   | 0.3271 

Epoch 3: loss = 0.277838 phase = A val_loss = 0.147950 delta_mae_pts = 0.4784 recap_mae_pts = 0.4784 cat_mae_pts = 0.5512 total_mae_pts = 1.3304 vs_inertia_pts = -0.0647 vs_quad_pts = 0.1678 lr_base = 0.000300 lr_mult = 1.0000 lr_eff = 0.000300 mon_cov = 0.812 mon_score = 1.8088 progress = 4/120 epoch_sec = 75.1 avg_epoch_sec = 76.2 elapsed = 00:05:05 eta = 02:27:22
Epoch 3 memory(end): tensors=258, buffers=258, bytes=18.4MB
Saved BEST-DELTA checkpoint @epoch 3 delta_mae_pts = 0.4784 monitor_score = 1.8088 -> models\v9_subcaption_fixed\v9fix_datefwd_calib_auto_mbmp14_1779560208306\best 
Saved BEST-LOSS checkpoint @epoch 3 val_loss = 0.147950 delta_mae_pts = 0.4784 -> models\v9_subcaption_fixed\v9fix_datefwd_calib_auto_mbmp14_1779560208306\best_loss 
Saved BEST-PHASE-A checkpoint @epoch 3 delta_mae_pts = 0.4784 -> models\v9_subcaption_fixed\v9fix_datefwd_calib_auto_mbmp14_1779560208306\best_phase_a 
[curriculum] phase=A age=4/10 delta=0.4784 phase_best=0.4784 stall=0/6 cov=0.812/0.900 min=wait cov_gate=wait next=hold

Epoch 4: Phase A (A_end=10, B_end=40, C_ramp=80) Weights {"totalWeight":0.05,"recapWeight":1,"deltaWeight":0.2,"categoryWeight":0.05,"quantileWeight":0.02,"consistencyWeight":0,"identityDropoutRate":0.95}, Scales {"judgeBias":0.1,"corps":0}, SeqLen 5, ID_Drop 0.953, HistHide 0.150, WFW 0.100 
Epoch 4 memory(start): tensors=258, buffers=180, bytes=18.4MB

History Bucket Diagnostics (Avg Abs Error per sample, normalized units):
Hist | Count | MAE_Pred | MAE_Base | PredDevFromBase
-----|-------|----------|----------|----------------
0    | 8     | 1.1209   | 3.7696   | 4.1023 
1    | 9     | 0.9879   | 0.9160   | 0.5623 
2    | 11    | 0.7788   | 0.5551   | 0.5862 
3-5  | 59    | 0.5756   | 0.3926   | 0.5329 
6+   | 276   | 0.4660   | 0.2990   | 0.4397 

Epoch 4: loss = 0.224584 phase = A val_loss = 0.168087 delta_mae_pts = 0.5207 recap_mae_pts = 0.5207 cat_mae_pts = 0.6958 total_mae_pts = 1.8746 vs_inertia_pts = -0.1070 vs_quad_pts = 0.1255 lr_base = 0.000375 lr_mult = 1.0000 lr_eff = 0.000375 mon_cov = 0.805 mon_score = 2.3953 progress = 5/120 epoch_sec = 75.6 avg_epoch_sec = 76.1 elapsed = 00:06:20 eta = 02:25:51
Epoch 4 memory(end): tensors=258, buffers=219, bytes=18.4MB
[curriculum] phase=A age=5/10 delta=0.5207 phase_best=0.4784 stall=1/6 cov=0.805/0.900 min=wait cov_gate=wait next=hold

Epoch 5: Phase A (A_end=10, B_end=40, C_ramp=80) Weights {"totalWeight":0.05,"recapWeight":1,"deltaWeight":0.2,"categoryWeight":0.05,"quantileWeight":0.02,"consistencyWeight":0,"identityDropoutRate":0.95}, Scales {"judgeBias":0.125,"corps":0}, SeqLen 5, ID_Drop 0.954, HistHide 0.150, WFW 0.100 
Epoch 5 memory(start): tensors=258, buffers=219, bytes=18.4MB

History Bucket Diagnostics (Avg Abs Error per sample, normalized units):
Hist | Count | MAE_Pred | MAE_Base | PredDevFromBase
-----|-------|----------|----------|----------------
0    | 8     | 0.9997   | 3.7696   | 4.0382 
1    | 9     | 1.0563   | 0.9160   | 0.5428 
2    | 11    | 0.9588   | 0.5551   | 0.6728 
3-5  | 59    | 0.6763   | 0.3926   | 0.5991 
6+   | 276   | 0.4662   | 0.2990   | 0.4157 

Epoch 5: loss = 0.203239 phase = A val_loss = 0.177751 delta_mae_pts = 0.5417 recap_mae_pts = 0.5417 cat_mae_pts = 0.7572 total_mae_pts = 2.0436 vs_inertia_pts = -0.1280 vs_quad_pts = 0.1045 lr_base = 0.000450 lr_mult = 1.0000 lr_eff = 0.000450 mon_cov = 0.829 mon_score = 2.5853 progress = 6/120 epoch_sec = 75.3 avg_epoch_sec = 76.0 elapsed = 00:07:36 eta = 02:24:19
Epoch 5 memory(end): tensors=258, buffers=219, bytes=18.4MB
[curriculum] phase=A age=6/10 delta=0.5417 phase_best=0.4784 stall=2/6 cov=0.829/0.900 min=ok cov_gate=wait next=hold

Epoch 6: Phase A (A_end=10, B_end=40, C_ramp=80) Weights {"totalWeight":0.05,"recapWeight":1,"deltaWeight":0.2,"categoryWeight":0.05,"quantileWeight":0.02,"consistencyWeight":0,"identityDropoutRate":0.95}, Scales {"judgeBias":0.15,"corps":0}, SeqLen 5, ID_Drop 0.948, HistHide 0.150, WFW 0.100 
Epoch 6 memory(start): tensors=258, buffers=219, bytes=18.4MB

History Bucket Diagnostics (Avg Abs Error per sample, normalized units):
Hist | Count | MAE_Pred | MAE_Base | PredDevFromBase
-----|-------|----------|----------|----------------
0    | 8     | 1.1196   | 3.7696   | 4.2498 
1    | 9     | 0.8748   | 0.9160   | 0.6254 
2    | 11    | 0.6931   | 0.5551   | 0.4289 
3-5  | 59    | 0.5440   | 0.3926   | 0.3713 
6+   | 276   | 0.4095   | 0.2990   | 0.3053 

Epoch 6: loss = 0.188835 phase = A val_loss = 0.146185 delta_mae_pts = 0.4671 recap_mae_pts = 0.4671 cat_mae_pts = 0.6095 total_mae_pts = 1.4924 vs_inertia_pts = -0.0534 vs_quad_pts = 0.1790 lr_base = 0.000525 lr_mult = 1.0000 lr_eff = 0.000525 mon_cov = 0.854 mon_score = 1.9596 progress = 7/120 epoch_sec = 74.2 avg_epoch_sec = 75.7 elapsed = 00:08:50 eta = 02:22:35
Epoch 6 memory(end): tensors=258, buffers=219, bytes=18.4MB
Saved BEST-DELTA checkpoint @epoch 6 delta_mae_pts = 0.4671 monitor_score = 1.8088 -> models\v9_subcaption_fixed\v9fix_datefwd_calib_auto_mbmp14_1779560208306\best 
Saved BEST-LOSS checkpoint @epoch 6 val_loss = 0.146185 delta_mae_pts = 0.4671 -> models\v9_subcaption_fixed\v9fix_datefwd_calib_auto_mbmp14_1779560208306\best_loss 
Saved BEST-PHASE-A checkpoint @epoch 6 delta_mae_pts = 0.4671 -> models\v9_subcaption_fixed\v9fix_datefwd_calib_auto_mbmp14_1779560208306\best_phase_a 
[curriculum] phase=A age=7/10 delta=0.4671 phase_best=0.4671 stall=0/6 cov=0.854/0.900 min=ok cov_gate=wait next=hold

Epoch 7: Phase A (A_end=10, B_end=40, C_ramp=80) Weights {"totalWeight":0.05,"recapWeight":1,"deltaWeight":0.2,"categoryWeight":0.05,"quantileWeight":0.02,"consistencyWeight":0,"identityDropoutRate":0.95}, Scales {"judgeBias":0.175,"corps":0}, SeqLen 5, ID_Drop 0.956, HistHide 0.150, WFW 0.100 
Epoch 7 memory(start): tensors=258, buffers=180, bytes=18.4MB

History Bucket Diagnostics (Avg Abs Error per sample, normalized units):
Hist | Count | MAE_Pred | MAE_Base | PredDevFromBase
-----|-------|----------|----------|----------------
0    | 8     | 0.9432   | 3.7696   | 3.5831 
1    | 9     | 0.9229   | 0.9160   | 0.6148 
2    | 11    | 0.7625   | 0.5551   | 0.4528 
3-5  | 59    | 0.5243   | 0.3926   | 0.4181 
6+   | 276   | 0.4017   | 0.2990   | 0.3390 

Epoch 7: loss = 0.188468 phase = A val_loss = 0.140820 delta_mae_pts = 0.4574 recap_mae_pts = 0.4574 cat_mae_pts = 0.6143 total_mae_pts = 1.5708 vs_inertia_pts = -0.0437 vs_quad_pts = 0.1887 lr_base = 0.000600 lr_mult = 1.0000 lr_eff = 0.000600 mon_cov = 0.888 mon_score = 2.0282 progress = 8/120 epoch_sec = 75.8 avg_epoch_sec = 75.7 elapsed = 00:10:06 eta = 02:21:21
Epoch 7 memory(end): tensors=258, buffers=219, bytes=18.4MB
Saved BEST-DELTA checkpoint @epoch 7 delta_mae_pts = 0.4574 monitor_score = 1.8088 -> models\v9_subcaption_fixed\v9fix_datefwd_calib_auto_mbmp14_1779560208306\best 
Saved BEST-LOSS checkpoint @epoch 7 val_loss = 0.140820 delta_mae_pts = 0.4574 -> models\v9_subcaption_fixed\v9fix_datefwd_calib_auto_mbmp14_1779560208306\best_loss 
Saved BEST-PHASE-A checkpoint @epoch 7 delta_mae_pts = 0.4574 -> models\v9_subcaption_fixed\v9fix_datefwd_calib_auto_mbmp14_1779560208306\best_phase_a 
[curriculum] phase=A age=8/10 delta=0.4574 phase_best=0.4574 stall=0/6 cov=0.888/0.900 min=ok cov_gate=wait next=hold

Epoch 8: Phase A (A_end=10, B_end=40, C_ramp=80) Weights {"totalWeight":0.05,"recapWeight":1,"deltaWeight":0.2,"categoryWeight":0.05,"quantileWeight":0.02,"consistencyWeight":0,"identityDropoutRate":0.95}, Scales {"judgeBias":0.2,"corps":0}, SeqLen 5, ID_Drop 0.941, HistHide 0.150, WFW 0.100 
Epoch 8 memory(start): tensors=258, buffers=180, bytes=18.4MB

History Bucket Diagnostics (Avg Abs Error per sample, normalized units):
Hist | Count | MAE_Pred | MAE_Base | PredDevFromBase
-----|-------|----------|----------|----------------
0    | 8     | 1.1669   | 3.7696   | 4.2925 
1    | 9     | 0.9495   | 0.9160   | 0.9596 
2    | 11    | 0.6171   | 0.5551   | 0.5661 
3-5  | 59    | 0.5006   | 0.3926   | 0.5104 
6+   | 276   | 0.5093   | 0.2990   | 0.5252 

Epoch 8: loss = 0.181178 phase = A val_loss = 0.160467 delta_mae_pts = 0.5366 recap_mae_pts = 0.5366 cat_mae_pts = 0.7467 total_mae_pts = 2.0956 vs_inertia_pts = -0.1228 vs_quad_pts = 0.1096 lr_base = 0.000675 lr_mult = 1.0000 lr_eff = 0.000675 mon_cov = 0.884 mon_score = 2.6321 progress = 9/120 epoch_sec = 74.1 avg_epoch_sec = 75.5 elapsed = 00:11:20 eta = 02:19:45
Epoch 8 memory(end): tensors=258, buffers=219, bytes=18.4MB
[curriculum] phase=A age=9/10 delta=0.5366 phase_best=0.4574 stall=1/6 cov=0.884/0.900 min=ok cov_gate=wait next=hold

Epoch 9: Phase A (A_end=10, B_end=40, C_ramp=80) Weights {"totalWeight":0.05,"recapWeight":1,"deltaWeight":0.2,"categoryWeight":0.05,"quantileWeight":0.02,"consistencyWeight":0,"identityDropoutRate":0.95}, Scales {"judgeBias":0.225,"corps":0}, SeqLen 5, ID_Drop 0.944, HistHide 0.150, WFW 0.100 
Epoch 9 memory(start): tensors=258, buffers=219, bytes=18.4MB

History Bucket Diagnostics (Avg Abs Error per sample, normalized units):
Hist | Count | MAE_Pred | MAE_Base | PredDevFromBase
-----|-------|----------|----------|----------------
0    | 8     | 0.5616   | 3.7696   | 3.9021 
1    | 9     | 0.6830   | 0.9160   | 0.9233 
2    | 11    | 0.5023   | 0.5551   | 0.4299 
3-5  | 59    | 0.4872   | 0.3926   | 0.2970 
6+   | 276   | 0.4136   | 0.2990   | 0.2736 

Epoch 9: loss = 0.191451 phase = A val_loss = 0.127709 delta_mae_pts = 0.4382 recap_mae_pts = 0.4382 cat_mae_pts = 0.5784 total_mae_pts = 1.4950 vs_inertia_pts = -0.0245 vs_quad_pts = 0.2080 lr_base = 0.000750 lr_mult = 1.0000 lr_eff = 0.000750 mon_cov = 0.870 mon_score = 1.9332 progress = 10/120 epoch_sec = 75.1 avg_epoch_sec = 75.5 elapsed = 00:12:35 eta = 02:18:24
Epoch 9 memory(end): tensors=258, buffers=219, bytes=18.4MB
Saved BEST-DELTA checkpoint @epoch 9 delta_mae_pts = 0.4382 monitor_score = 1.8088 -> models\v9_subcaption_fixed\v9fix_datefwd_calib_auto_mbmp14_1779560208306\best 
Saved BEST-LOSS checkpoint @epoch 9 val_loss = 0.127709 delta_mae_pts = 0.4382 -> models\v9_subcaption_fixed\v9fix_datefwd_calib_auto_mbmp14_1779560208306\best_loss 
Saved BEST-PHASE-A checkpoint @epoch 9 delta_mae_pts = 0.4382 -> models\v9_subcaption_fixed\v9fix_datefwd_calib_auto_mbmp14_1779560208306\best_phase_a 
[curriculum] phase=A age=10/10 delta=0.4382 phase_best=0.4382 stall=0/6 cov=0.870/0.900 min=ok cov_gate=wait next=advance:max

--- AUTO CURRICULUM: A -> B at next epoch 10 (reason=max_epoch, delta=0.4382, coverage=0.870) ---

Epoch 10: Phase B (A_end=10, B_end=40, C_ramp=80) Weights {"totalWeight":0,"recapWeight":1,"deltaWeight":0.2,"categoryWeight":0.05,"quantileWeight":0.02,"consistencyWeight":0,"identityDropoutRate":0.95}, Scales {"judgeBias":0.25,"corps":0}, SeqLen 15, ID_Drop 0.948, HistHide 0.150, WFW 0.100 
Epoch 10 memory(start): tensors=258, buffers=180, bytes=18.4MB

History Bucket Diagnostics (Avg Abs Error per sample, normalized units):
Hist | Count | MAE_Pred | MAE_Base | PredDevFromBase
-----|-------|----------|----------|----------------
0    | 8     | 1.2090   | 3.7696   | 4.1922 
1    | 9     | 0.9702   | 0.9160   | 0.5399 
2    | 11    | 0.9485   | 0.5551   | 0.5797 
3-5  | 59    | 0.8526   | 0.3926   | 0.5783 
6+   | 276   | 0.5425   | 0.2990   | 0.3977 

Epoch 10: loss = 0.168799 phase = B val_loss = 0.201761 delta_mae_pts = 0.6305 recap_mae_pts = 0.6305 cat_mae_pts = 0.9627 total_mae_pts = 2.8125 vs_inertia_pts = -0.2168 vs_quad_pts = 0.0157 lr_base = 0.000750 lr_mult = 1.0000 lr_eff = 0.000750 mon_cov = 0.778 mon_score = 3.4430 progress = 11/120 epoch_sec = 74.4 avg_epoch_sec = 75.4 elapsed = 00:13:49 eta = 02:16:58
Epoch 10 memory(end): tensors=258, buffers=219, bytes=18.4MB
Saved BEST-PHASE-B checkpoint @epoch 10 delta_mae_pts = 0.6305 -> models\v9_subcaption_fixed\v9fix_datefwd_calib_auto_mbmp14_1779560208306\best_phase_b 
[curriculum] phase=B age=1/30 delta=0.6305 phase_best=0.6305 stall=0/6 cov=0.778/0.900 min=wait cov_gate=wait next=hold

Epoch 11: Phase B (A_end=10, B_end=40, C_ramp=80) Weights {"totalWeight":0,"recapWeight":0.9766666666666667,"deltaWeight":0.22666666666666668,"categoryWeight":0.05,"quantileWeight":0.02266666666666667,"consistencyWeight":0,"identityDropoutRate":0.95}, Scales {"judgeBias":0.275,"corps":0}, SeqLen 15, ID_Drop 0.951, HistHide 0.150, WFW 0.105 
Epoch 11 memory(start): tensors=258, buffers=219, bytes=18.4MB

History Bucket Diagnostics (Avg Abs Error per sample, normalized units):
Hist | Count | MAE_Pred | MAE_Base | PredDevFromBase
-----|-------|----------|----------|----------------
0    | 8     | 0.8549   | 3.7696   | 4.1610 
1    | 9     | 0.7960   | 0.9160   | 0.9694 
2    | 11    | 0.4784   | 0.5551   | 0.6103 
3-5  | 59    | 0.4494   | 0.3926   | 0.4905 
6+   | 276   | 0.4178   | 0.2990   | 0.4073 

Epoch 11: loss = 0.182107 phase = B val_loss = 0.130271 delta_mae_pts = 0.4438 recap_mae_pts = 0.4438 cat_mae_pts = 0.5538 total_mae_pts = 1.3734 vs_inertia_pts = -0.0300 vs_quad_pts = 0.2024 lr_base = 0.000750 lr_mult = 1.0000 lr_eff = 0.000750 mon_cov = 0.929 mon_score = 1.8172 progress = 12/120 epoch_sec = 75.2 avg_epoch_sec = 75.4 elapsed = 00:15:05 eta = 02:15:41
Epoch 11 memory(end): tensors=258, buffers=219, bytes=18.4MB
Saved BEST-PHASE-B checkpoint @epoch 11 delta_mae_pts = 0.4438 -> models\v9_subcaption_fixed\v9fix_datefwd_calib_auto_mbmp14_1779560208306\best_phase_b 
[curriculum] phase=B age=2/30 delta=0.4438 phase_best=0.4438 stall=0/6 cov=0.929/0.900 min=wait cov_gate=ok next=hold

Epoch 12: Phase B (A_end=10, B_end=40, C_ramp=80) Weights {"totalWeight":0,"recapWeight":0.9533333333333334,"deltaWeight":0.25333333333333335,"categoryWeight":0.05,"quantileWeight":0.025333333333333333,"consistencyWeight":0,"identityDropoutRate":0.95}, Scales {"judgeBias":0.3,"corps":0}, SeqLen 15, ID_Drop 0.953, HistHide 0.150, WFW 0.118 
Epoch 12 memory(start): tensors=258, buffers=219, bytes=18.4MB

History Bucket Diagnostics (Avg Abs Error per sample, normalized units):
Hist | Count | MAE_Pred | MAE_Base | PredDevFromBase
-----|-------|----------|----------|----------------
0    | 8     | 0.6909   | 3.7696   | 3.8471 
1    | 9     | 0.6763   | 0.9160   | 0.6214 
2    | 11    | 0.6955   | 0.5551   | 0.3801 
3-5  | 59    | 0.6255   | 0.3926   | 0.3776 
6+   | 276   | 0.4179   | 0.2990   | 0.2811 

Epoch 12: loss = 0.165765 phase = B val_loss = 0.141528 delta_mae_pts = 0.4725 recap_mae_pts = 0.4725 cat_mae_pts = 0.6271 total_mae_pts = 1.6442 vs_inertia_pts = -0.0588 vs_quad_pts = 0.1737 lr_base = 0.000749 lr_mult = 1.0000 lr_eff = 0.000749 mon_cov = 0.898 mon_score = 2.1167 progress = 13/120 epoch_sec = 74.6 avg_epoch_sec = 75.3 elapsed = 00:16:19 eta = 02:14:19
Epoch 12 memory(end): tensors=258, buffers=219, bytes=18.4MB
[curriculum] phase=B age=3/30 delta=0.4725 phase_best=0.4438 stall=1/6 cov=0.898/0.900 min=wait cov_gate=wait next=hold

Epoch 13: Phase B (A_end=10, B_end=40, C_ramp=80) Weights {"totalWeight":0,"recapWeight":0.93,"deltaWeight":0.28,"categoryWeight":0.05,"quantileWeight":0.028,"consistencyWeight":0,"identityDropoutRate":0.95}, Scales {"judgeBias":0.325,"corps":0}, SeqLen 15, ID_Drop 0.947, HistHide 0.150, WFW 0.139 
Epoch 13 memory(start): tensors=258, buffers=219, bytes=18.4MB

History Bucket Diagnostics (Avg Abs Error per sample, normalized units):
Hist | Count | MAE_Pred | MAE_Base | PredDevFromBase
-----|-------|----------|----------|----------------
0    | 8     | 0.8792   | 3.7696   | 3.7341 
1    | 9     | 0.8132   | 0.9160   | 0.5783 
2    | 11    | 0.6658   | 0.5551   | 0.4180 
3-5  | 59    | 0.5664   | 0.3926   | 0.3751 
6+   | 276   | 0.3967   | 0.2990   | 0.2932 

Epoch 13: loss = 0.156245 phase = B val_loss = 0.145559 delta_mae_pts = 0.4534 recap_mae_pts = 0.4534 cat_mae_pts = 0.5986 total_mae_pts = 1.5620 vs_inertia_pts = -0.0396 vs_quad_pts = 0.1928 lr_base = 0.000749 lr_mult = 1.0000 lr_eff = 0.000749 mon_cov = 0.916 mon_score = 2.0154 progress = 14/120 epoch_sec = 74.8 avg_epoch_sec = 75.3 elapsed = 00:17:34 eta = 02:13:00
Epoch 13 memory(end): tensors=258, buffers=219, bytes=18.4MB
[curriculum] phase=B age=4/30 delta=0.4534 phase_best=0.4438 stall=2/6 cov=0.916/0.900 min=wait cov_gate=ok next=hold

Epoch 14: Phase B (A_end=10, B_end=40, C_ramp=80) Weights {"totalWeight":0,"recapWeight":0.9066666666666667,"deltaWeight":0.3066666666666667,"categoryWeight":0.05,"quantileWeight":0.03066666666666667,"consistencyWeight":0,"identityDropoutRate":0.95}, Scales {"judgeBias":0.35,"corps":0}, SeqLen 15, ID_Drop 0.947, HistHide 0.150, WFW 0.168 
Epoch 14 memory(start): tensors=258, buffers=219, bytes=18.4MB

History Bucket Diagnostics (Avg Abs Error per sample, normalized units):
Hist | Count | MAE_Pred | MAE_Base | PredDevFromBase
-----|-------|----------|----------|----------------
0    | 8     | 0.8355   | 3.7696   | 3.7767 
1    | 9     | 0.8469   | 0.9160   | 0.6215 
2    | 11    | 0.6125   | 0.5551   | 0.3938 
3-5  | 59    | 0.5779   | 0.3926   | 0.4313 
6+   | 276   | 0.4178   | 0.2990   | 0.3356 

Epoch 14: loss = 0.164172 phase = B val_loss = 0.153165 delta_mae_pts = 0.4695 recap_mae_pts = 0.4695 cat_mae_pts = 0.5985 total_mae_pts = 1.4927 vs_inertia_pts = -0.0558 vs_quad_pts = 0.1766 lr_base = 0.000748 lr_mult = 1.0000 lr_eff = 0.000748 mon_cov = 0.895 mon_score = 1.9622 progress = 15/120 epoch_sec = 75.3 avg_epoch_sec = 75.3 elapsed = 00:18:49 eta = 02:11:45
Epoch 14 memory(end): tensors=258, buffers=219, bytes=18.4MB
[curriculum] phase=B age=5/30 delta=0.4695 phase_best=0.4438 stall=3/6 cov=0.895/0.900 min=wait cov_gate=wait next=hold

Epoch 15: Phase B (A_end=10, B_end=40, C_ramp=80) Weights {"totalWeight":0,"recapWeight":0.8833333333333333,"deltaWeight":0.33333333333333337,"categoryWeight":0.05,"quantileWeight":0.03333333333333333,"consistencyWeight":0,"identityDropoutRate":0.95}, Scales {"judgeBias":0.375,"corps":0}, SeqLen 15, ID_Drop 0.953, HistHide 0.150, WFW 0.204 
Epoch 15 memory(start): tensors=258, buffers=219, bytes=18.4MB

History Bucket Diagnostics (Avg Abs Error per sample, normalized units):
Hist | Count | MAE_Pred | MAE_Base | PredDevFromBase
-----|-------|----------|----------|----------------
0    | 8     | 0.8545   | 3.7696   | 4.2431 
1    | 9     | 0.7438   | 0.9160   | 0.8230 
2    | 11    | 0.4947   | 0.5551   | 0.4095 
3-5  | 59    | 0.4348   | 0.3926   | 0.3152 
6+   | 276   | 0.3785   | 0.2990   | 0.2891 

Epoch 15: loss = 0.153864 phase = B val_loss = 0.132861 delta_mae_pts = 0.4107 recap_mae_pts = 0.4107 cat_mae_pts = 0.5209 total_mae_pts = 1.2035 vs_inertia_pts = 0.0030 vs_quad_pts = 0.2354 lr_base = 0.000746 lr_mult = 1.0000 lr_eff = 0.000746 mon_cov = 0.918 mon_score = 1.6143 progress = 16/120 epoch_sec = 74.5 avg_epoch_sec = 75.2 elapsed = 00:20:04 eta = 02:10:24
Epoch 15 memory(end): tensors=258, buffers=219, bytes=18.4MB
Saved BEST-DELTA checkpoint @epoch 15 delta_mae_pts = 0.4107 monitor_score = 1.6143 -> models\v9_subcaption_fixed\v9fix_datefwd_calib_auto_mbmp14_1779560208306\best 
Saved BEST-PHASE-B checkpoint @epoch 15 delta_mae_pts = 0.4107 -> models\v9_subcaption_fixed\v9fix_datefwd_calib_auto_mbmp14_1779560208306\best_phase_b 
[curriculum] phase=B age=6/30 delta=0.4107 phase_best=0.4107 stall=0/6 cov=0.918/0.900 min=wait cov_gate=ok next=hold

Epoch 16: Phase B (A_end=10, B_end=40, C_ramp=80) Weights {"totalWeight":0,"recapWeight":0.86,"deltaWeight":0.36000000000000004,"categoryWeight":0.05,"quantileWeight":0.036000000000000004,"consistencyWeight":0,"identityDropoutRate":0.95}, Scales {"judgeBias":0.4,"corps":0}, SeqLen 15, ID_Drop 0.952, HistHide 0.150, WFW 0.246 
Epoch 16 memory(start): tensors=258, buffers=219, bytes=18.4MB

History Bucket Diagnostics (Avg Abs Error per sample, normalized units):
Hist | Count | MAE_Pred | MAE_Base | PredDevFromBase
-----|-------|----------|----------|----------------
0    | 8     | 0.8766   | 3.7696   | 3.8318 
1    | 9     | 0.8020   | 0.9160   | 0.5301 
2    | 11    | 0.6351   | 0.5551   | 0.4004 
3-5  | 59    | 0.6239   | 0.3926   | 0.4326 
6+   | 276   | 0.4583   | 0.2990   | 0.3414 

Epoch 16: loss = 0.153434 phase = B val_loss = 0.171988 delta_mae_pts = 0.5083 recap_mae_pts = 0.5083 cat_mae_pts = 0.6874 total_mae_pts = 1.8187 vs_inertia_pts = -0.0946 vs_quad_pts = 0.1379 lr_base = 0.000745 lr_mult = 1.0000 lr_eff = 0.000745 mon_cov = 0.856 mon_score = 2.3270 progress = 17/120 epoch_sec = 73.2 avg_epoch_sec = 75.1 elapsed = 00:21:17 eta = 02:08:57
Epoch 16 memory(end): tensors=258, buffers=258, bytes=18.4MB
[curriculum] phase=B age=7/30 delta=0.5083 phase_best=0.4107 stall=1/6 cov=0.856/0.900 min=wait cov_gate=wait next=hold

Epoch 17: Phase B (A_end=10, B_end=40, C_ramp=80) Weights {"totalWeight":0,"recapWeight":0.8366666666666667,"deltaWeight":0.3866666666666667,"categoryWeight":0.05,"quantileWeight":0.03866666666666667,"consistencyWeight":0,"identityDropoutRate":0.95}, Scales {"judgeBias":0.425,"corps":0}, SeqLen 15, ID_Drop 0.952, HistHide 0.150, WFW 0.293 
Epoch 17 memory(start): tensors=258, buffers=258, bytes=18.4MB

History Bucket Diagnostics (Avg Abs Error per sample, normalized units):
Hist | Count | MAE_Pred | MAE_Base | PredDevFromBase
-----|-------|----------|----------|----------------
0    | 8     | 0.7840   | 3.7696   | 3.7740 
1    | 9     | 0.7566   | 0.9160   | 0.5005 
2    | 11    | 0.6421   | 0.5551   | 0.3716 
3-5  | 59    | 0.6089   | 0.3926   | 0.4204 
6+   | 276   | 0.4209   | 0.2990   | 0.3094 

Epoch 17: loss = 0.159933 phase = B val_loss = 0.158663 delta_mae_pts = 0.4745 recap_mae_pts = 0.4745 cat_mae_pts = 0.6631 total_mae_pts = 1.7985 vs_inertia_pts = -0.0607 vs_quad_pts = 0.1717 lr_base = 0.000743 lr_mult = 1.0000 lr_eff = 0.000743 mon_cov = 0.895 mon_score = 2.2729 progress = 18/120 epoch_sec = 74.4 avg_epoch_sec = 75.1 elapsed = 00:22:31 eta = 02:07:38
Epoch 17 memory(end): tensors=258, buffers=258, bytes=18.4MB
[curriculum] phase=B age=8/30 delta=0.4745 phase_best=0.4107 stall=2/6 cov=0.895/0.900 min=wait cov_gate=wait next=hold

Epoch 18: Phase B (A_end=10, B_end=40, C_ramp=80) Weights {"totalWeight":0,"recapWeight":0.8133333333333334,"deltaWeight":0.41333333333333333,"categoryWeight":0.05,"quantileWeight":0.04133333333333333,"consistencyWeight":0,"identityDropoutRate":0.95}, Scales {"judgeBias":0.45,"corps":0}, SeqLen 15, ID_Drop 0.947, HistHide 0.150, WFW 0.346 
Epoch 18 memory(start): tensors=258, buffers=258, bytes=18.4MB

History Bucket Diagnostics (Avg Abs Error per sample, normalized units):
Hist | Count | MAE_Pred | MAE_Base | PredDevFromBase
-----|-------|----------|----------|----------------
0    | 8     | 0.7401   | 3.7696   | 3.6552 
1    | 9     | 0.6976   | 0.9160   | 0.6336 
2    | 11    | 0.5332   | 0.5551   | 0.3104 
3-5  | 59    | 0.4459   | 0.3926   | 0.2967 
6+   | 276   | 0.3293   | 0.2990   | 0.2291 

Epoch 18: loss = 0.152956 phase = B val_loss = 0.129381 delta_mae_pts = 0.3726 recap_mae_pts = 0.3726 cat_mae_pts = 0.4585 total_mae_pts = 1.1029 vs_inertia_pts = 0.0411 vs_quad_pts = 0.2736 lr_base = 0.000741 lr_mult = 1.0000 lr_eff = 0.000741 mon_cov = 0.953 mon_score = 1.4755 progress = 19/120 epoch_sec = 74.8 avg_epoch_sec = 75.1 elapsed = 00:23:46 eta = 02:06:21
Epoch 18 memory(end): tensors=258, buffers=258, bytes=18.4MB
Saved BEST-DELTA checkpoint @epoch 18 delta_mae_pts = 0.3726 monitor_score = 1.4755 -> models\v9_subcaption_fixed\v9fix_datefwd_calib_auto_mbmp14_1779560208306\best 
Saved BEST-PHASE-B checkpoint @epoch 18 delta_mae_pts = 0.3726 -> models\v9_subcaption_fixed\v9fix_datefwd_calib_auto_mbmp14_1779560208306\best_phase_b 
[curriculum] phase=B age=9/30 delta=0.3726 phase_best=0.3726 stall=0/6 cov=0.953/0.900 min=wait cov_gate=ok next=hold

Epoch 19: Phase B (A_end=10, B_end=40, C_ramp=80) Weights {"totalWeight":0,"recapWeight":0.79,"deltaWeight":0.44,"categoryWeight":0.05,"quantileWeight":0.044,"consistencyWeight":0,"identityDropoutRate":0.95}, Scales {"judgeBias":0.475,"corps":0}, SeqLen 15, ID_Drop 0.952, HistHide 0.150, WFW 0.402 
Epoch 19 memory(start): tensors=258, buffers=219, bytes=18.4MB

History Bucket Diagnostics (Avg Abs Error per sample, normalized units):
Hist | Count | MAE_Pred | MAE_Base | PredDevFromBase
-----|-------|----------|----------|----------------
0    | 8     | 0.9852   | 3.7696   | 4.3303 
1    | 9     | 0.6823   | 0.9160   | 0.7961 
2    | 11    | 0.4493   | 0.5551   | 0.3658 
3-5  | 59    | 0.3936   | 0.3926   | 0.2603 
6+   | 276   | 0.3390   | 0.2990   | 0.2637 

Epoch 19: loss = 0.157700 phase = B val_loss = 0.131479 delta_mae_pts = 0.3739 recap_mae_pts = 0.3739 cat_mae_pts = 0.4510 total_mae_pts = 1.0881 vs_inertia_pts = 0.0398 vs_quad_pts = 0.2722 lr_base = 0.000738 lr_mult = 1.0000 lr_eff = 0.000738 mon_cov = 0.950 mon_score = 1.4620 progress = 20/120 epoch_sec = 74.8 avg_epoch_sec = 75.0 elapsed = 00:25:01 eta = 02:05:05
Epoch 19 memory(end): tensors=258, buffers=258, bytes=18.4MB
[curriculum] phase=B age=10/30 delta=0.3739 phase_best=0.3726 stall=1/6 cov=0.950/0.900 min=wait cov_gate=ok next=hold

Epoch 20: Phase B (A_end=10, B_end=40, C_ramp=80) Weights {"totalWeight":0,"recapWeight":0.7666666666666667,"deltaWeight":0.4666666666666667,"categoryWeight":0.05,"quantileWeight":0.04666666666666666,"consistencyWeight":0,"identityDropoutRate":0.95}, Scales {"judgeBias":0.5,"corps":0}, SeqLen 15, ID_Drop 0.945, HistHide 0.150, WFW 0.463 
Epoch 20 memory(start): tensors=258, buffers=258, bytes=18.4MB

History Bucket Diagnostics (Avg Abs Error per sample, normalized units):
Hist | Count | MAE_Pred | MAE_Base | PredDevFromBase
-----|-------|----------|----------|----------------
0    | 8     | 0.7629   | 3.7696   | 3.7963 
1    | 9     | 0.7060   | 0.9160   | 0.5036 
2    | 11    | 0.6152   | 0.5551   | 0.3425 
3-5  | 59    | 0.6151   | 0.3926   | 0.3992 
6+   | 276   | 0.4097   | 0.2990   | 0.2959 

Epoch 20: loss = 0.155334 phase = B val_loss = 0.168474 delta_mae_pts = 0.4645 recap_mae_pts = 0.4645 cat_mae_pts = 0.6269 total_mae_pts = 1.6553 vs_inertia_pts = -0.0507 vs_quad_pts = 0.1817 lr_base = 0.000735 lr_mult = 1.0000 lr_eff = 0.000735 mon_cov = 0.902 mon_score = 2.1198 progress = 21/120 epoch_sec = 75.6 avg_epoch_sec = 75.1 elapsed = 00:26:17 eta = 02:03:53
Epoch 20 memory(end): tensors=258, buffers=258, bytes=18.4MB
[curriculum] phase=B age=11/30 delta=0.4645 phase_best=0.3726 stall=2/6 cov=0.902/0.900 min=wait cov_gate=ok next=hold

Epoch 21: Phase B (A_end=10, B_end=40, C_ramp=80) Weights {"totalWeight":0,"recapWeight":0.7433333333333334,"deltaWeight":0.49333333333333335,"categoryWeight":0.05,"quantileWeight":0.04933333333333333,"consistencyWeight":0,"identityDropoutRate":0.95}, Scales {"judgeBias":0.525,"corps":0}, SeqLen 15, ID_Drop 0.945, HistHide 0.150, WFW 0.527 
Epoch 21 memory(start): tensors=258, buffers=258, bytes=18.4MB

History Bucket Diagnostics (Avg Abs Error per sample, normalized units):
Hist | Count | MAE_Pred | MAE_Base | PredDevFromBase
-----|-------|----------|----------|----------------
0    | 8     | 0.7392   | 3.7696   | 3.8442 
1    | 9     | 0.6848   | 0.9160   | 0.5930 
2    | 11    | 0.5581   | 0.5551   | 0.2876 
3-5  | 59    | 0.4834   | 0.3926   | 0.2975 
6+   | 276   | 0.3527   | 0.2990   | 0.2415 

Epoch 21: loss = 0.159546 phase = B val_loss = 0.144907 delta_mae_pts = 0.3969 recap_mae_pts = 0.3969 cat_mae_pts = 0.5091 total_mae_pts = 1.2283 vs_inertia_pts = 0.0168 vs_quad_pts = 0.2493 lr_base = 0.000732 lr_mult = 1.0000 lr_eff = 0.000732 mon_cov = 0.934 mon_score = 1.6252 progress = 22/120 epoch_sec = 76.3 avg_epoch_sec = 75.1 elapsed = 00:27:33 eta = 02:02:43
Epoch 21 memory(end): tensors=258, buffers=258, bytes=18.4MB
[curriculum] phase=B age=12/30 delta=0.3969 phase_best=0.3726 stall=3/6 cov=0.934/0.900 min=wait cov_gate=ok next=hold

Epoch 22: Phase B (A_end=10, B_end=40, C_ramp=80) Weights {"totalWeight":0,"recapWeight":0.72,"deltaWeight":0.52,"categoryWeight":0.05,"quantileWeight":0.052000000000000005,"consistencyWeight":0,"identityDropoutRate":0.95}, Scales {"judgeBias":0.55,"corps":0}, SeqLen 15, ID_Drop 0.953, HistHide 0.150, WFW 0.593 
Epoch 22 memory(start): tensors=258, buffers=258, bytes=18.4MB

History Bucket Diagnostics (Avg Abs Error per sample, normalized units):
Hist | Count | MAE_Pred | MAE_Base | PredDevFromBase
-----|-------|----------|----------|----------------
0    | 8     | 0.5959   | 3.7696   | 3.7101 
1    | 9     | 0.7124   | 0.9160   | 0.8150 
2    | 11    | 0.5041   | 0.5551   | 0.5277 
3-5  | 59    | 0.4046   | 0.3926   | 0.4198 
6+   | 276   | 0.3672   | 0.2990   | 0.3501 

Epoch 22: loss = 0.160376 phase = B val_loss = 0.140310 delta_mae_pts = 0.3910 recap_mae_pts = 0.3910 cat_mae_pts = 0.4824 total_mae_pts = 1.2197 vs_inertia_pts = 0.0227 vs_quad_pts = 0.2552 lr_base = 0.000729 lr_mult = 1.0000 lr_eff = 0.000729 mon_cov = 0.952 mon_score = 1.6107 progress = 23/120 epoch_sec = 74.2 avg_epoch_sec = 75.1 elapsed = 00:28:47 eta = 02:01:24
Epoch 22 memory(end): tensors=258, buffers=258, bytes=18.4MB
[curriculum] phase=B age=13/30 delta=0.3910 phase_best=0.3726 stall=4/6 cov=0.952/0.900 min=wait cov_gate=ok next=hold

Epoch 23: Phase B (A_end=10, B_end=40, C_ramp=80) Weights {"totalWeight":0,"recapWeight":0.6966666666666667,"deltaWeight":0.5466666666666666,"categoryWeight":0.05,"quantileWeight":0.05466666666666667,"consistencyWeight":0,"identityDropoutRate":0.95}, Scales {"judgeBias":0.575,"corps":0}, SeqLen 15, ID_Drop 0.947, HistHide 0.150, WFW 0.661 
Epoch 23 memory(start): tensors=258, buffers=258, bytes=18.4MB

History Bucket Diagnostics (Avg Abs Error per sample, normalized units):
Hist | Count | MAE_Pred | MAE_Base | PredDevFromBase
-----|-------|----------|----------|----------------
0    | 8     | 0.7318   | 3.7696   | 3.8248 
1    | 9     | 0.6968   | 0.9160   | 0.6831 
2    | 11    | 0.4653   | 0.5551   | 0.3592 
3-5  | 59    | 0.3982   | 0.3926   | 0.2764 
6+   | 276   | 0.3222   | 0.2990   | 0.2377 

Epoch 23: loss = 0.161973 phase = B val_loss = 0.136011 delta_mae_pts = 0.3572 recap_mae_pts = 0.3572 cat_mae_pts = 0.4270 total_mae_pts = 0.9901 vs_inertia_pts = 0.0565 vs_quad_pts = 0.2889 lr_base = 0.000725 lr_mult = 1.0000 lr_eff = 0.000725 mon_cov = 0.961 mon_score = 1.3473 progress = 24/120 epoch_sec = 73.7 avg_epoch_sec = 75.0 elapsed = 00:30:01 eta = 02:00:03
Epoch 23 memory(end): tensors=258, buffers=258, bytes=18.4MB
Saved BEST-DELTA checkpoint @epoch 23 delta_mae_pts = 0.3572 monitor_score = 1.3473 -> models\v9_subcaption_fixed\v9fix_datefwd_calib_auto_mbmp14_1779560208306\best 
Saved BEST-PHASE-B checkpoint @epoch 23 delta_mae_pts = 0.3572 -> models\v9_subcaption_fixed\v9fix_datefwd_calib_auto_mbmp14_1779560208306\best_phase_b 
[curriculum] phase=B age=14/30 delta=0.3572 phase_best=0.3572 stall=0/6 cov=0.961/0.900 min=wait cov_gate=ok next=hold

Epoch 24: Phase B (A_end=10, B_end=40, C_ramp=80) Weights {"totalWeight":0,"recapWeight":0.6733333333333333,"deltaWeight":0.5733333333333334,"categoryWeight":0.05,"quantileWeight":0.05733333333333333,"consistencyWeight":0,"identityDropoutRate":0.95}, Scales {"judgeBias":0.6,"corps":0}, SeqLen 15, ID_Drop 0.943, HistHide 0.150, WFW 0.730 
Epoch 24 memory(start): tensors=258, buffers=219, bytes=18.4MB

History Bucket Diagnostics (Avg Abs Error per sample, normalized units):
Hist | Count | MAE_Pred | MAE_Base | PredDevFromBase
-----|-------|----------|----------|----------------
0    | 8     | 0.6778   | 3.7696   | 3.7597 
1    | 9     | 0.7096   | 0.9160   | 0.6526 
2    | 11    | 0.4674   | 0.5551   | 0.3114 
3-5  | 59    | 0.4304   | 0.3926   | 0.2713 
6+   | 276   | 0.3373   | 0.2990   | 0.2177 

Epoch 24: loss = 0.160970 phase = B val_loss = 0.141866 delta_mae_pts = 0.3731 recap_mae_pts = 0.3731 cat_mae_pts = 0.4617 total_mae_pts = 1.0982 vs_inertia_pts = 0.0406 vs_quad_pts = 0.2730 lr_base = 0.000722 lr_mult = 1.0000 lr_eff = 0.000722 mon_cov = 0.957 mon_score = 1.4713 progress = 25/120 epoch_sec = 75.0 avg_epoch_sec = 75.0 elapsed = 00:31:16 eta = 01:58:48
Epoch 24 memory(end): tensors=258, buffers=258, bytes=18.4MB
[curriculum] phase=B age=15/30 delta=0.3731 phase_best=0.3572 stall=1/6 cov=0.957/0.900 min=wait cov_gate=ok next=hold

Epoch 25: Phase B (A_end=10, B_end=40, C_ramp=80) Weights {"totalWeight":0,"recapWeight":0.65,"deltaWeight":0.6000000000000001,"categoryWeight":0.05,"quantileWeight":0.06,"consistencyWeight":0,"identityDropoutRate":0.95}, Scales {"judgeBias":0.625,"corps":0}, SeqLen 15, ID_Drop 0.949, HistHide 0.150, WFW 0.800 
Epoch 25 memory(start): tensors=258, buffers=258, bytes=18.4MB

History Bucket Diagnostics (Avg Abs Error per sample, normalized units):
Hist | Count | MAE_Pred | MAE_Base | PredDevFromBase
-----|-------|----------|----------|----------------
0    | 8     | 0.7444   | 3.7696   | 3.9175 
1    | 9     | 0.6442   | 0.9160   | 0.7172 
2    | 11    | 0.4526   | 0.5551   | 0.3337 
3-5  | 59    | 0.4048   | 0.3926   | 0.2839 
6+   | 276   | 0.3242   | 0.2990   | 0.2404 

Epoch 25: loss = 0.162265 phase = B val_loss = 0.139967 delta_mae_pts = 0.3584 recap_mae_pts = 0.3584 cat_mae_pts = 0.4410 total_mae_pts = 0.9764 vs_inertia_pts = 0.0553 vs_quad_pts = 0.2878 lr_base = 0.000717 lr_mult = 1.0000 lr_eff = 0.000717 mon_cov = 0.951 mon_score = 1.3348 progress = 26/120 epoch_sec = 73.1 avg_epoch_sec = 75.0 elapsed = 00:32:29 eta = 01:57:26
Epoch 25 memory(end): tensors=258, buffers=258, bytes=18.4MB
[curriculum] phase=B age=16/30 delta=0.3584 phase_best=0.3572 stall=2/6 cov=0.951/0.900 min=wait cov_gate=ok next=hold

Epoch 26: Phase B (A_end=10, B_end=40, C_ramp=80) Weights {"totalWeight":0,"recapWeight":0.6266666666666667,"deltaWeight":0.6266666666666667,"categoryWeight":0.05,"quantileWeight":0.06266666666666666,"consistencyWeight":0,"identityDropoutRate":0.95}, Scales {"judgeBias":0.65,"corps":0.02857142857142857}, SeqLen 15, ID_Drop 0.943, HistHide 0.150, WFW 0.870 
Epoch 26 memory(start): tensors=258, buffers=258, bytes=18.4MB

History Bucket Diagnostics (Avg Abs Error per sample, normalized units):
Hist | Count | MAE_Pred | MAE_Base | PredDevFromBase
-----|-------|----------|----------|----------------
0    | 8     | 0.6671   | 3.7696   | 3.7864 
1    | 9     | 0.6837   | 0.9160   | 0.6620 
2    | 11    | 0.4461   | 0.5551   | 0.3059 
3-5  | 59    | 0.4595   | 0.3926   | 0.3028 
6+   | 276   | 0.3459   | 0.2990   | 0.2545 

Epoch 26: loss = 0.164062 phase = B val_loss = 0.149852 delta_mae_pts = 0.3828 recap_mae_pts = 0.3828 cat_mae_pts = 0.4741 total_mae_pts = 1.1176 vs_inertia_pts = 0.0309 vs_quad_pts = 0.2634 lr_base = 0.000713 lr_mult = 1.0000 lr_eff = 0.000713 mon_cov = 0.945 mon_score = 1.5004 progress = 27/120 epoch_sec = 75.2 avg_epoch_sec = 75.0 elapsed = 00:33:44 eta = 01:56:12
Epoch 26 memory(end): tensors=258, buffers=258, bytes=18.4MB
[curriculum] phase=B age=17/30 delta=0.3828 phase_best=0.3572 stall=3/6 cov=0.945/0.900 min=wait cov_gate=ok next=hold

Epoch 27: Phase B (A_end=10, B_end=40, C_ramp=80) Weights {"totalWeight":0,"recapWeight":0.6033333333333334,"deltaWeight":0.6533333333333333,"categoryWeight":0.05,"quantileWeight":0.06533333333333333,"consistencyWeight":0,"identityDropoutRate":0.95}, Scales {"judgeBias":0.675,"corps":0.05714285714285714}, SeqLen 15, ID_Drop 0.950, HistHide 0.150, WFW 0.939 
Epoch 27 memory(start): tensors=258, buffers=258, bytes=18.4MB

History Bucket Diagnostics (Avg Abs Error per sample, normalized units):
Hist | Count | MAE_Pred | MAE_Base | PredDevFromBase
-----|-------|----------|----------|----------------
0    | 8     | 0.8264   | 3.7696   | 4.2676 
1    | 9     | 0.7986   | 0.9160   | 1.2400 
2    | 11    | 0.5829   | 0.5551   | 0.7809 
3-5  | 59    | 0.4013   | 0.3926   | 0.4362 
6+   | 276   | 0.3434   | 0.2990   | 0.3068 

Epoch 27: loss = 0.166234 phase = B val_loss = 0.154205 delta_mae_pts = 0.3820 recap_mae_pts = 0.3820 cat_mae_pts = 0.4826 total_mae_pts = 1.1816 vs_inertia_pts = 0.0317 vs_quad_pts = 0.2642 lr_base = 0.000708 lr_mult = 1.0000 lr_eff = 0.000708 mon_cov = 0.940 mon_score = 1.5636 progress = 28/120 epoch_sec = 74.7 avg_epoch_sec = 75.0 elapsed = 00:34:59 eta = 01:54:56
Epoch 27 memory(end): tensors=258, buffers=258, bytes=18.4MB
[curriculum] phase=B age=18/30 delta=0.3820 phase_best=0.3572 stall=4/6 cov=0.940/0.900 min=ok cov_gate=ok next=hold

Epoch 28: Phase B (A_end=10, B_end=40, C_ramp=80) Weights {"totalWeight":0,"recapWeight":0.5800000000000001,"deltaWeight":0.6799999999999999,"categoryWeight":0.05,"quantileWeight":0.068,"consistencyWeight":0,"identityDropoutRate":0.95}, Scales {"judgeBias":0.7,"corps":0.08571428571428572}, SeqLen 15, ID_Drop 0.951, HistHide 0.150, WFW 1.007 
Epoch 28 memory(start): tensors=258, buffers=258, bytes=18.4MB

History Bucket Diagnostics (Avg Abs Error per sample, normalized units):
Hist | Count | MAE_Pred | MAE_Base | PredDevFromBase
-----|-------|----------|----------|----------------
0    | 8     | 0.7954   | 3.7696   | 4.0996 
1    | 9     | 0.6653   | 0.9160   | 0.8452 
2    | 11    | 0.4611   | 0.5551   | 0.4143 
3-5  | 59    | 0.4447   | 0.3926   | 0.2864 
6+   | 276   | 0.3588   | 0.2990   | 0.2545 

Epoch 28: loss = 0.166804 phase = B val_loss = 0.159339 delta_mae_pts = 0.3931 recap_mae_pts = 0.3931 cat_mae_pts = 0.4955 total_mae_pts = 1.2173 vs_inertia_pts = 0.0207 vs_quad_pts = 0.2531 lr_base = 0.000703 lr_mult = 1.0000 lr_eff = 0.000703 mon_cov = 0.944 mon_score = 1.6104 progress = 29/120 epoch_sec = 73.5 avg_epoch_sec = 74.9 elapsed = 00:36:12 eta = 01:53:36
Epoch 28 memory(end): tensors=258, buffers=258, bytes=18.4MB
[curriculum] phase=B age=19/30 delta=0.3931 phase_best=0.3572 stall=5/6 cov=0.944/0.900 min=ok cov_gate=ok next=hold

Epoch 29: Phase B (A_end=10, B_end=40, C_ramp=80) Weights {"totalWeight":0,"recapWeight":0.5566666666666666,"deltaWeight":0.7066666666666668,"categoryWeight":0.05,"quantileWeight":0.07066666666666667,"consistencyWeight":0,"identityDropoutRate":0.95}, Scales {"judgeBias":0.725,"corps":0.11428571428571428}, SeqLen 15, ID_Drop 0.947, HistHide 0.150, WFW 1.073 
Epoch 29 memory(start): tensors=258, buffers=258, bytes=18.4MB

History Bucket Diagnostics (Avg Abs Error per sample, normalized units):
Hist | Count | MAE_Pred | MAE_Base | PredDevFromBase
-----|-------|----------|----------|----------------
0    | 8     | 0.9030   | 3.7696   | 4.1558 
1    | 9     | 0.6177   | 0.9160   | 0.7529 
2    | 11    | 0.4417   | 0.5551   | 0.3641 
3-5  | 59    | 0.3983   | 0.3926   | 0.2660 
6+   | 276   | 0.3286   | 0.2990   | 0.2178 

Epoch 29: loss = 0.171087 phase = B val_loss = 0.151837 delta_mae_pts = 0.3632 recap_mae_pts = 0.3632 cat_mae_pts = 0.4412 total_mae_pts = 1.0427 vs_inertia_pts = 0.0505 vs_quad_pts = 0.2830 lr_base = 0.000698 lr_mult = 1.0000 lr_eff = 0.000698 mon_cov = 0.958 mon_score = 1.4059 progress = 30/120 epoch_sec = 74.1 avg_epoch_sec = 74.9 elapsed = 00:37:26 eta = 01:52:19
Epoch 29 memory(end): tensors=258, buffers=258, bytes=18.4MB
[curriculum] phase=B age=20/30 delta=0.3632 phase_best=0.3572 stall=6/6 cov=0.958/0.900 min=ok cov_gate=ok next=advance:plateau

--- AUTO CURRICULUM: B -> C at next epoch 30 (reason=delta_plateau, delta=0.3632, coverage=0.958) ---

Epoch 30: Phase C (A_end=10, B_end=30, C_ramp=80) Weights {"totalWeight":0.02,"recapWeight":0.3,"deltaWeight":1,"categoryWeight":0.05,"quantileWeight":0.1,"consistencyWeight":0,"identityDropoutRate":1}, Scales {"judgeBias":0.75,"corps":0.14285714285714285}, SeqLen 15, ID_Drop 1.000, HistHide 0.150, WFW 1.500 
Epoch 30 memory(start): tensors=258, buffers=258, bytes=18.4MB

History Bucket Diagnostics (Avg Abs Error per sample, normalized units):
Hist | Count | MAE_Pred | MAE_Base | PredDevFromBase
-----|-------|----------|----------|----------------
0    | 8     | 0.7125   | 3.7696   | 3.9774 
1    | 9     | 0.6297   | 0.9160   | 0.8723 
2    | 11    | 0.4659   | 0.5551   | 0.5080 
3-5  | 59    | 0.3953   | 0.3926   | 0.3160 
6+   | 276   | 0.3624   | 0.2990   | 0.2672 

Epoch 30: loss = 0.203043 phase = C val_loss = 0.187243 delta_mae_pts = 0.3852 recap_mae_pts = 0.3852 cat_mae_pts = 0.4902 total_mae_pts = 1.1669 vs_inertia_pts = 0.0285 vs_quad_pts = 0.2610 lr_base = 0.000693 lr_mult = 1.0000 lr_eff = 0.000693 mon_cov = 0.942 mon_score = 0.5486 progress = 31/120 epoch_sec = 75.6 avg_epoch_sec = 74.9 elapsed = 00:38:42 eta = 01:51:06
Epoch 30 memory(end): tensors=258, buffers=258, bytes=18.4MB
Saved BEST-PHASE-C checkpoint @epoch 30 delta_mae_pts = 0.3852 -> models\v9_subcaption_fixed\v9fix_datefwd_calib_auto_mbmp14_1779560208306\best_phase_c 
[curriculum] phase=C age=1 ramp=80 delta=0.3852 cov=0.942 best_global_delta=0.3572

Epoch 31: Phase C (A_end=10, B_end=30, C_ramp=80) Weights {"totalWeight":0.021,"recapWeight":0.296875,"deltaWeight":1.109375,"categoryWeight":0.05,"quantileWeight":0.1125,"consistencyWeight":0,"identityDropoutRate":1}, Scales {"judgeBias":0.775,"corps":0.17142857142857143}, SeqLen 15, ID_Drop 1.000, HistHide 0.150, WFW 1.500 
Epoch 31 memory(start): tensors=258, buffers=258, bytes=18.4MB

History Bucket Diagnostics (Avg Abs Error per sample, normalized units):
Hist | Count | MAE_Pred | MAE_Base | PredDevFromBase
-----|-------|----------|----------|----------------
0    | 8     | 0.7098   | 3.7696   | 3.9056 
1    | 9     | 0.6341   | 0.9160   | 0.7931 
2    | 11    | 0.4339   | 0.5551   | 0.4463 
3-5  | 59    | 0.3867   | 0.3926   | 0.3219 
6+   | 276   | 0.3155   | 0.2990   | 0.2405 

Epoch 31: loss = 0.209818 phase = C val_loss = 0.185114 delta_mae_pts = 0.3473 recap_mae_pts = 0.3473 cat_mae_pts = 0.4112 total_mae_pts = 0.9217 vs_inertia_pts = 0.0665 vs_quad_pts = 0.2989 lr_base = 0.000687 lr_mult = 1.0000 lr_eff = 0.000687 mon_cov = 0.959 mon_score = 0.5283 progress = 32/120 epoch_sec = 73.8 avg_epoch_sec = 74.9 elapsed = 00:39:56 eta = 01:49:48
Epoch 31 memory(end): tensors=258, buffers=258, bytes=18.4MB
Saved BEST-DELTA checkpoint @epoch 31 delta_mae_pts = 0.3473 monitor_score = 0.5283 -> models\v9_subcaption_fixed\v9fix_datefwd_calib_auto_mbmp14_1779560208306\best 
Saved BEST-PHASE-C checkpoint @epoch 31 delta_mae_pts = 0.3473 -> models\v9_subcaption_fixed\v9fix_datefwd_calib_auto_mbmp14_1779560208306\best_phase_c 
[curriculum] phase=C age=2 ramp=80 delta=0.3473 cov=0.959 best_global_delta=0.3473

Epoch 32: Phase C (A_end=10, B_end=30, C_ramp=80) Weights {"totalWeight":0.022,"recapWeight":0.29375,"deltaWeight":1.21875,"categoryWeight":0.05,"quantileWeight":0.125,"consistencyWeight":0,"identityDropoutRate":1}, Scales {"judgeBias":0.8,"corps":0.2}, SeqLen 15, ID_Drop 1.000, HistHide 0.150, WFW 1.500 
Epoch 32 memory(start): tensors=258, buffers=219, bytes=18.4MB

History Bucket Diagnostics (Avg Abs Error per sample, normalized units):
Hist | Count | MAE_Pred | MAE_Base | PredDevFromBase
-----|-------|----------|----------|----------------
0    | 8     | 0.8489   | 3.7696   | 3.9625 
1    | 9     | 0.6473   | 0.9160   | 0.7554 
2    | 11    | 0.4029   | 0.5551   | 0.4246 
3-5  | 59    | 0.4064   | 0.3926   | 0.3278 
6+   | 276   | 0.3309   | 0.2990   | 0.2825 

Epoch 32: loss = 0.222657 phase = C val_loss = 0.206033 delta_mae_pts = 0.3646 recap_mae_pts = 0.3646 cat_mae_pts = 0.4486 total_mae_pts = 1.0508 vs_inertia_pts = 0.0491 vs_quad_pts = 0.2816 lr_base = 0.000681 lr_mult = 1.0000 lr_eff = 0.000681 mon_cov = 0.964 mon_score = 0.5970 progress = 33/120 epoch_sec = 74.7 avg_epoch_sec = 74.9 elapsed = 00:41:10 eta = 01:48:33
Epoch 32 memory(end): tensors=258, buffers=258, bytes=18.4MB
[curriculum] phase=C age=3 ramp=80 delta=0.3646 cov=0.964 best_global_delta=0.3473

Epoch 33: Phase C (A_end=10, B_end=30, C_ramp=80) Weights {"totalWeight":0.023,"recapWeight":0.29062499999999997,"deltaWeight":1.328125,"categoryWeight":0.05,"quantileWeight":0.1375,"consistencyWeight":0,"identityDropoutRate":1}, Scales {"judgeBias":0.825,"corps":0.22857142857142856}, SeqLen 15, ID_Drop 1.000, HistHide 0.150, WFW 1.500 
Epoch 33 memory(start): tensors=258, buffers=258, bytes=18.4MB

History Bucket Diagnostics (Avg Abs Error per sample, normalized units):
Hist | Count | MAE_Pred | MAE_Base | PredDevFromBase
-----|-------|----------|----------|----------------
0    | 8     | 0.7595   | 3.7696   | 3.9408 
1    | 9     | 0.6455   | 0.9160   | 0.6880 
2    | 11    | 0.4436   | 0.5551   | 0.3661 
3-5  | 59    | 0.4114   | 0.3926   | 0.2888 
6+   | 276   | 0.3382   | 0.2990   | 0.2834 

Epoch 33: loss = 0.240800 phase = C val_loss = 0.222229 delta_mae_pts = 0.3702 recap_mae_pts = 0.3702 cat_mae_pts = 0.4479 total_mae_pts = 1.0580 vs_inertia_pts = 0.0435 vs_quad_pts = 0.2760 lr_base = 0.000675 lr_mult = 1.0000 lr_eff = 0.000675 mon_cov = 0.958 mon_score = 0.6460 progress = 34/120 epoch_sec = 74.8 avg_epoch_sec = 74.9 elapsed = 00:42:25 eta = 01:47:18
Epoch 33 memory(end): tensors=258, buffers=258, bytes=18.4MB
[curriculum] phase=C age=4 ramp=80 delta=0.3702 cov=0.958 best_global_delta=0.3473

Epoch 34: Phase C (A_end=10, B_end=30, C_ramp=80) Weights {"totalWeight":0.024,"recapWeight":0.2875,"deltaWeight":1.4375,"categoryWeight":0.05,"quantileWeight":0.15000000000000002,"consistencyWeight":0,"identityDropoutRate":1}, Scales {"judgeBias":0.85,"corps":0.2571428571428571}, SeqLen 15, ID_Drop 1.000, HistHide 0.150, WFW 1.500 
Epoch 34 memory(start): tensors=258, buffers=258, bytes=18.4MB

History Bucket Diagnostics (Avg Abs Error per sample, normalized units):
Hist | Count | MAE_Pred | MAE_Base | PredDevFromBase
-----|-------|----------|----------|----------------
0    | 8     | 0.7818   | 3.7696   | 3.9816 
1    | 9     | 0.6443   | 0.9160   | 0.6974 
2    | 11    | 0.4655   | 0.5551   | 0.3559 
3-5  | 59    | 0.4438   | 0.3926   | 0.3292 
6+   | 276   | 0.3532   | 0.2990   | 0.3065 

Epoch 34: loss = 0.256064 phase = C val_loss = 0.247256 delta_mae_pts = 0.3880 recap_mae_pts = 0.3880 cat_mae_pts = 0.4601 total_mae_pts = 1.0879 vs_inertia_pts = 0.0257 vs_quad_pts = 0.2582 lr_base = 0.000669 lr_mult = 1.0000 lr_eff = 0.000669 mon_cov = 0.957 mon_score = 0.7184 progress = 35/120 epoch_sec = 75.4 avg_epoch_sec = 74.9 elapsed = 00:43:41 eta = 01:46:04
Epoch 34 memory(end): tensors=258, buffers=258, bytes=18.4MB
[curriculum] phase=C age=5 ramp=80 delta=0.3880 cov=0.957 best_global_delta=0.3473

Epoch 35: Phase C (A_end=10, B_end=30, C_ramp=80) Weights {"totalWeight":0.025,"recapWeight":0.284375,"deltaWeight":1.546875,"categoryWeight":0.05,"quantileWeight":0.1625,"consistencyWeight":0,"identityDropoutRate":1}, Scales {"judgeBias":0.875,"corps":0.2857142857142857}, SeqLen 15, ID_Drop 1.000, HistHide 0.150, WFW 1.500 
Epoch 35 memory(start): tensors=258, buffers=258, bytes=18.4MB

History Bucket Diagnostics (Avg Abs Error per sample, normalized units):
Hist | Count | MAE_Pred | MAE_Base | PredDevFromBase
-----|-------|----------|----------|----------------
0    | 8     | 0.8161   | 3.7696   | 3.8947 
1    | 9     | 0.7070   | 0.9160   | 0.6375 
2    | 11    | 0.4471   | 0.5551   | 0.3432 
3-5  | 59    | 0.4609   | 0.3926   | 0.3326 
6+   | 276   | 0.3344   | 0.2990   | 0.2724 

Epoch 35: loss = 0.268283 phase = C val_loss = 0.255443 delta_mae_pts = 0.3782 recap_mae_pts = 0.3782 cat_mae_pts = 0.4707 total_mae_pts = 1.1244 vs_inertia_pts = 0.0355 vs_quad_pts = 0.2680 lr_base = 0.000662 lr_mult = 1.0000 lr_eff = 0.000662 mon_cov = 0.949 mon_score = 0.7442 progress = 36/120 epoch_sec = 74.8 avg_epoch_sec = 74.9 elapsed = 00:44:55 eta = 01:44:49
Epoch 35 memory(end): tensors=258, buffers=258, bytes=18.4MB
[curriculum] phase=C age=6 ramp=80 delta=0.3782 cov=0.949 best_global_delta=0.3473

Epoch 36: Phase C (A_end=10, B_end=30, C_ramp=80) Weights {"totalWeight":0.026000000000000002,"recapWeight":0.28125,"deltaWeight":1.65625,"categoryWeight":0.05,"quantileWeight":0.175,"consistencyWeight":0,"identityDropoutRate":1}, Scales {"judgeBias":0.9,"corps":0.3142857142857143}, SeqLen 15, ID_Drop 1.000, HistHide 0.150, WFW 1.500 
Epoch 36 memory(start): tensors=258, buffers=258, bytes=18.4MB

History Bucket Diagnostics (Avg Abs Error per sample, normalized units):
Hist | Count | MAE_Pred | MAE_Base | PredDevFromBase
-----|-------|----------|----------|----------------
0    | 8     | 0.6788   | 3.7696   | 3.5619 
1    | 9     | 0.5942   | 0.9160   | 0.7550 
2    | 11    | 0.3817   | 0.5551   | 0.4328 
3-5  | 59    | 0.3802   | 0.3926   | 0.3329 
6+   | 276   | 0.3350   | 0.2990   | 0.3046 

Epoch 36: loss = 0.279300 phase = C val_loss = 0.254220 delta_mae_pts = 0.3578 recap_mae_pts = 0.3578 cat_mae_pts = 0.4370 total_mae_pts = 1.0287 vs_inertia_pts = 0.0560 vs_quad_pts = 0.2884 lr_base = 0.000655 lr_mult = 1.0000 lr_eff = 0.000655 mon_cov = 0.953 mon_score = 0.7417 progress = 37/120 epoch_sec = 75.2 avg_epoch_sec = 74.9 elapsed = 00:46:11 eta = 01:43:35
Epoch 36 memory(end): tensors=258, buffers=258, bytes=18.4MB
[curriculum] phase=C age=7 ramp=80 delta=0.3578 cov=0.953 best_global_delta=0.3473

Epoch 37: Phase C (A_end=10, B_end=30, C_ramp=80) Weights {"totalWeight":0.027,"recapWeight":0.278125,"deltaWeight":1.765625,"categoryWeight":0.05,"quantileWeight":0.1875,"consistencyWeight":0,"identityDropoutRate":1}, Scales {"judgeBias":0.925,"corps":0.34285714285714286}, SeqLen 15, ID_Drop 1.000, HistHide 0.150, WFW 1.500 
Epoch 37 memory(start): tensors=258, buffers=258, bytes=18.4MB

History Bucket Diagnostics (Avg Abs Error per sample, normalized units):
Hist | Count | MAE_Pred | MAE_Base | PredDevFromBase
-----|-------|----------|----------|----------------
0    | 8     | 0.5786   | 3.7696   | 3.6398 
1    | 9     | 0.6027   | 0.9160   | 0.6631 
2    | 11    | 0.4320   | 0.5551   | 0.3225 
3-5  | 59    | 0.4397   | 0.3926   | 0.2861 
6+   | 276   | 0.3286   | 0.2990   | 0.2388 

Epoch 37: loss = 0.292611 phase = C val_loss = 0.270139 delta_mae_pts = 0.3621 recap_mae_pts = 0.3621 cat_mae_pts = 0.4378 total_mae_pts = 1.0342 vs_inertia_pts = 0.0516 vs_quad_pts = 0.2841 lr_base = 0.000648 lr_mult = 1.0000 lr_eff = 0.000648 mon_cov = 0.959 mon_score = 0.7899 progress = 38/120 epoch_sec = 74.5 avg_epoch_sec = 74.9 elapsed = 00:47:25 eta = 01:42:20
Epoch 37 memory(end): tensors=258, buffers=258, bytes=18.4MB
[curriculum] phase=C age=8 ramp=80 delta=0.3621 cov=0.959 best_global_delta=0.3473

Epoch 38: Phase C (A_end=10, B_end=30, C_ramp=80) Weights {"totalWeight":0.028,"recapWeight":0.27499999999999997,"deltaWeight":1.875,"categoryWeight":0.05,"quantileWeight":0.2,"consistencyWeight":0,"identityDropoutRate":1}, Scales {"judgeBias":0.95,"corps":0.37142857142857144}, SeqLen 15, ID_Drop 1.000, HistHide 0.150, WFW 1.500 
Epoch 38 memory(start): tensors=258, buffers=258, bytes=18.4MB

History Bucket Diagnostics (Avg Abs Error per sample, normalized units):
Hist | Count | MAE_Pred | MAE_Base | PredDevFromBase
-----|-------|----------|----------|----------------
0    | 8     | 0.9511   | 3.7696   | 4.1708 
1    | 9     | 0.6118   | 0.9160   | 0.8203 
2    | 11    | 0.4146   | 0.5551   | 0.4145 
3-5  | 59    | 0.4064   | 0.3926   | 0.3290 
6+   | 276   | 0.3368   | 0.2990   | 0.3017 

Epoch 38: loss = 0.308247 phase = C val_loss = 0.289935 delta_mae_pts = 0.3708 recap_mae_pts = 0.3708 cat_mae_pts = 0.4641 total_mae_pts = 1.0570 vs_inertia_pts = 0.0429 vs_quad_pts = 0.2753 lr_base = 0.000641 lr_mult = 1.0000 lr_eff = 0.000641 mon_cov = 0.950 mon_score = 0.8501 progress = 39/120 epoch_sec = 75.2 avg_epoch_sec = 74.9 elapsed = 00:48:40 eta = 01:41:06
Epoch 38 memory(end): tensors=258, buffers=258, bytes=18.4MB
[curriculum] phase=C age=9 ramp=80 delta=0.3708 cov=0.950 best_global_delta=0.3473

Epoch 39: Phase C (A_end=10, B_end=30, C_ramp=80) Weights {"totalWeight":0.029,"recapWeight":0.271875,"deltaWeight":1.984375,"categoryWeight":0.05,"quantileWeight":0.21250000000000002,"consistencyWeight":0,"identityDropoutRate":1}, Scales {"judgeBias":0.975,"corps":0.4}, SeqLen 15, ID_Drop 1.000, HistHide 0.150, WFW 1.500 
Epoch 39 memory(start): tensors=258, buffers=258, bytes=18.4MB

History Bucket Diagnostics (Avg Abs Error per sample, normalized units):
Hist | Count | MAE_Pred | MAE_Base | PredDevFromBase
-----|-------|----------|----------|----------------
0    | 8     | 0.7319   | 3.7696   | 3.7221 
1    | 9     | 0.6997   | 0.9160   | 0.5769 
2    | 11    | 0.4977   | 0.5551   | 0.2885 
3-5  | 59    | 0.5283   | 0.3926   | 0.3379 
6+   | 276   | 0.3867   | 0.2990   | 0.2826 

Epoch 39: loss = 0.319998 phase = C val_loss = 0.347173 delta_mae_pts = 0.4284 recap_mae_pts = 0.4284 cat_mae_pts = 0.5731 total_mae_pts = 1.5029 vs_inertia_pts = -0.0147 vs_quad_pts = 0.2177 lr_base = 0.000633 lr_mult = 1.0000 lr_eff = 0.000633 mon_cov = 0.928 mon_score = 1.0389 progress = 40/120 epoch_sec = 74.7 avg_epoch_sec = 74.9 elapsed = 00:49:55 eta = 01:39:50
Epoch 39 memory(end): tensors=258, buffers=258, bytes=18.4MB
[curriculum] phase=C age=10 ramp=80 delta=0.4284 cov=0.928 best_global_delta=0.3473

Epoch 40: Phase C (A_end=10, B_end=30, C_ramp=80) Weights {"totalWeight":0.03,"recapWeight":0.26875,"deltaWeight":2.09375,"categoryWeight":0.05,"quantileWeight":0.225,"consistencyWeight":0,"identityDropoutRate":1}, Scales {"judgeBias":1,"corps":0.42857142857142855}, SeqLen 15, ID_Drop 1.000, HistHide 0.150, WFW 1.500 
Epoch 40 memory(start): tensors=258, buffers=258, bytes=18.4MB

History Bucket Diagnostics (Avg Abs Error per sample, normalized units):
Hist | Count | MAE_Pred | MAE_Base | PredDevFromBase
-----|-------|----------|----------|----------------
0    | 8     | 0.7505   | 3.7696   | 3.5109 
1    | 9     | 0.6458   | 0.9160   | 0.7096 
2    | 11    | 0.4329   | 0.5551   | 0.4244 
3-5  | 59    | 0.4397   | 0.3926   | 0.3467 
6+   | 276   | 0.3473   | 0.2990   | 0.2836 

Epoch 40: loss = 0.341513 phase = C val_loss = 0.325785 delta_mae_pts = 0.3812 recap_mae_pts = 0.3812 cat_mae_pts = 0.4689 total_mae_pts = 1.0983 vs_inertia_pts = 0.0325 vs_quad_pts = 0.2650 lr_base = 0.000626 lr_mult = 1.0000 lr_eff = 0.000626 mon_cov = 0.947 mon_score = 0.9569 progress = 41/120 epoch_sec = 75.3 avg_epoch_sec = 74.9 elapsed = 00:51:11 eta = 01:38:36
Epoch 40 memory(end): tensors=258, buffers=258, bytes=18.4MB
[curriculum] phase=C age=11 ramp=80 delta=0.3812 cov=0.947 best_global_delta=0.3473

Epoch 41: Phase C (A_end=10, B_end=30, C_ramp=80) Weights {"totalWeight":0.031,"recapWeight":0.265625,"deltaWeight":2.203125,"categoryWeight":0.05,"quantileWeight":0.23750000000000002,"consistencyWeight":0,"identityDropoutRate":1}, Scales {"judgeBias":1,"corps":0.45714285714285713}, SeqLen 15, ID_Drop 1.000, HistHide 0.150, WFW 1.500 
Epoch 41 memory(start): tensors=258, buffers=258, bytes=18.4MB

History Bucket Diagnostics (Avg Abs Error per sample, normalized units):
Hist | Count | MAE_Pred | MAE_Base | PredDevFromBase
-----|-------|----------|----------|----------------
0    | 8     | 0.7237   | 3.7696   | 3.9470 
1    | 9     | 0.7183   | 0.9160   | 0.7515 
2    | 11    | 0.4157   | 0.5551   | 0.4148 
3-5  | 59    | 0.4166   | 0.3926   | 0.3318 
6+   | 276   | 0.3409   | 0.2990   | 0.2935 

Epoch 41: loss = 0.356642 phase = C val_loss = 0.340141 delta_mae_pts = 0.3733 recap_mae_pts = 0.3733 cat_mae_pts = 0.4469 total_mae_pts = 1.0083 vs_inertia_pts = 0.0404 vs_quad_pts = 0.2729 lr_base = 0.000618 lr_mult = 1.0000 lr_eff = 0.000618 mon_cov = 0.960 mon_score = 0.9752 progress = 42/120 epoch_sec = 75.2 avg_epoch_sec = 74.9 elapsed = 00:52:26 eta = 01:37:22
Epoch 41 memory(end): tensors=258, buffers=258, bytes=18.4MB
[curriculum] phase=C age=12 ramp=80 delta=0.3733 cov=0.960 best_global_delta=0.3473

Epoch 42: Phase C (A_end=10, B_end=30, C_ramp=80) Weights {"totalWeight":0.032,"recapWeight":0.2625,"deltaWeight":2.3125,"categoryWeight":0.05,"quantileWeight":0.25,"consistencyWeight":0,"identityDropoutRate":1}, Scales {"judgeBias":1,"corps":0.4857142857142857}, SeqLen 15, ID_Drop 1.000, HistHide 0.150, WFW 1.500 
Epoch 42 memory(start): tensors=258, buffers=258, bytes=18.4MB

History Bucket Diagnostics (Avg Abs Error per sample, normalized units):
Hist | Count | MAE_Pred | MAE_Base | PredDevFromBase
-----|-------|----------|----------|----------------
0    | 8     | 0.7388   | 3.7696   | 4.0787 
1    | 9     | 0.7116   | 0.9160   | 0.9554 
2    | 11    | 0.4667   | 0.5551   | 0.5979 
3-5  | 59    | 0.3725   | 0.3926   | 0.3622 
6+   | 276   | 0.3330   | 0.2990   | 0.3011 

Epoch 42: loss = 0.363160 phase = C val_loss = 0.338270 delta_mae_pts = 0.3618 recap_mae_pts = 0.3618 cat_mae_pts = 0.4372 total_mae_pts = 0.9989 vs_inertia_pts = 0.0519 vs_quad_pts = 0.2843 lr_base = 0.000610 lr_mult = 1.0000 lr_eff = 0.000610 mon_cov = 0.947 mon_score = 0.9855 progress = 43/120 epoch_sec = 75.5 avg_epoch_sec = 74.9 elapsed = 00:53:41 eta = 01:36:08
Epoch 42 memory(end): tensors=258, buffers=258, bytes=18.4MB
[curriculum] phase=C age=13 ramp=80 delta=0.3618 cov=0.947 best_global_delta=0.3473

Epoch 43: Phase C (A_end=10, B_end=30, C_ramp=80) Weights {"totalWeight":0.033,"recapWeight":0.25937499999999997,"deltaWeight":2.421875,"categoryWeight":0.05,"quantileWeight":0.2625,"consistencyWeight":0,"identityDropoutRate":1}, Scales {"judgeBias":1,"corps":0.5142857142857142}, SeqLen 15, ID_Drop 1.000, HistHide 0.150, WFW 1.500 
Epoch 43 memory(start): tensors=258, buffers=258, bytes=18.4MB

History Bucket Diagnostics (Avg Abs Error per sample, normalized units):
Hist | Count | MAE_Pred | MAE_Base | PredDevFromBase
-----|-------|----------|----------|----------------
0    | 8     | 0.6907   | 3.7696   | 3.9511 
1    | 9     | 0.6233   | 0.9160   | 0.7963 
2    | 11    | 0.4183   | 0.5551   | 0.4370 
3-5  | 59    | 0.4227   | 0.3926   | 0.2931 
6+   | 276   | 0.3444   | 0.2990   | 0.2640 

Epoch 43: loss = 0.371036 phase = C val_loss = 0.359738 delta_mae_pts = 0.3739 recap_mae_pts = 0.3739 cat_mae_pts = 0.4618 total_mae_pts = 1.0962 vs_inertia_pts = 0.0398 vs_quad_pts = 0.2722 lr_base = 0.000602 lr_mult = 1.0000 lr_eff = 0.000602 mon_cov = 0.949 mon_score = 1.0618 progress = 44/120 epoch_sec = 76.3 avg_epoch_sec = 74.9 elapsed = 00:54:58 eta = 01:34:56
Epoch 43 memory(end): tensors=258, buffers=258, bytes=18.4MB
[curriculum] phase=C age=14 ramp=80 delta=0.3739 cov=0.949 best_global_delta=0.3473

Epoch 44: Phase C (A_end=10, B_end=30, C_ramp=80) Weights {"totalWeight":0.034,"recapWeight":0.25625,"deltaWeight":2.53125,"categoryWeight":0.05,"quantileWeight":0.275,"consistencyWeight":0,"identityDropoutRate":1}, Scales {"judgeBias":1,"corps":0.5428571428571428}, SeqLen 15, ID_Drop 1.000, HistHide 0.150, WFW 1.500 
Epoch 44 memory(start): tensors=258, buffers=258, bytes=18.4MB

History Bucket Diagnostics (Avg Abs Error per sample, normalized units):
Hist | Count | MAE_Pred | MAE_Base | PredDevFromBase
-----|-------|----------|----------|----------------
0    | 8     | 0.6339   | 3.7696   | 3.8194 
1    | 9     | 0.6375   | 0.9160   | 0.6173 
2    | 11    | 0.4110   | 0.5551   | 0.3383 
3-5  | 59    | 0.4142   | 0.3926   | 0.2944 
6+   | 276   | 0.3296   | 0.2990   | 0.2760 

Epoch 44: loss = 0.387081 phase = C val_loss = 0.366437 delta_mae_pts = 0.3601 recap_mae_pts = 0.3601 cat_mae_pts = 0.4327 total_mae_pts = 0.9948 vs_inertia_pts = 0.0536 vs_quad_pts = 0.2860 lr_base = 0.000593 lr_mult = 1.0000 lr_eff = 0.000593 mon_cov = 0.968 mon_score = 1.0593 progress = 45/120 epoch_sec = 74.9 avg_epoch_sec = 74.9 elapsed = 00:56:12 eta = 01:33:41
Epoch 44 memory(end): tensors=258, buffers=258, bytes=18.4MB
[curriculum] phase=C age=15 ramp=80 delta=0.3601 cov=0.968 best_global_delta=0.3473

Epoch 45: Phase C (A_end=10, B_end=30, C_ramp=80) Weights {"totalWeight":0.035,"recapWeight":0.253125,"deltaWeight":2.640625,"categoryWeight":0.05,"quantileWeight":0.2875,"consistencyWeight":0,"identityDropoutRate":1}, Scales {"judgeBias":1,"corps":0.5714285714285714}, SeqLen 15, ID_Drop 1.000, HistHide 0.150, WFW 1.500 
Epoch 45 memory(start): tensors=258, buffers=258, bytes=18.4MB

History Bucket Diagnostics (Avg Abs Error per sample, normalized units):
Hist | Count | MAE_Pred | MAE_Base | PredDevFromBase
-----|-------|----------|----------|----------------
0    | 8     | 0.6481   | 3.7696   | 3.7614 
1    | 9     | 0.6524   | 0.9160   | 0.6656 
2    | 11    | 0.4612   | 0.5551   | 0.3448 
3-5  | 59    | 0.4615   | 0.3926   | 0.3180 
6+   | 276   | 0.3566   | 0.2990   | 0.2845 

Epoch 45: loss = 0.396419 phase = C val_loss = 0.405010 delta_mae_pts = 0.3906 recap_mae_pts = 0.3906 cat_mae_pts = 0.4733 total_mae_pts = 1.1261 vs_inertia_pts = 0.0231 vs_quad_pts = 0.2556 lr_base = 0.000585 lr_mult = 1.0000 lr_eff = 0.000585 mon_cov = 0.935 mon_score = 1.1934 progress = 46/120 epoch_sec = 76.2 avg_epoch_sec = 75.0 elapsed = 00:57:29 eta = 01:32:28
Epoch 45 memory(end): tensors=258, buffers=258, bytes=18.4MB
[curriculum] phase=C age=16 ramp=80 delta=0.3906 cov=0.935 best_global_delta=0.3473

Epoch 46: Phase C (A_end=10, B_end=30, C_ramp=80) Weights {"totalWeight":0.036000000000000004,"recapWeight":0.25,"deltaWeight":2.75,"categoryWeight":0.05,"quantileWeight":0.30000000000000004,"consistencyWeight":0,"identityDropoutRate":1}, Scales {"judgeBias":1,"corps":0.6}, SeqLen 15, ID_Drop 1.000, HistHide 0.150, WFW 1.500 
Epoch 46 memory(start): tensors=258, buffers=258, bytes=18.4MB

History Bucket Diagnostics (Avg Abs Error per sample, normalized units):
Hist | Count | MAE_Pred | MAE_Base | PredDevFromBase
-----|-------|----------|----------|----------------
0    | 8     | 0.9103   | 3.7696   | 3.9692 
1    | 9     | 0.7328   | 0.9160   | 0.5905 
2    | 11    | 0.5714   | 0.5551   | 0.3382 
3-5  | 59    | 0.5934   | 0.3926   | 0.4248 
6+   | 276   | 0.3755   | 0.2990   | 0.3078 

Epoch 46: loss = 0.404916 phase = C val_loss = 0.460326 delta_mae_pts = 0.4375 recap_mae_pts = 0.4375 cat_mae_pts = 0.5821 total_mae_pts = 1.5221 vs_inertia_pts = -0.0237 vs_quad_pts = 0.2087 lr_base = 0.000576 lr_mult = 1.0000 lr_eff = 0.000576 mon_cov = 0.909 mon_score = 1.3963 progress = 47/120 epoch_sec = 75.9 avg_epoch_sec = 75.0 elapsed = 00:58:44 eta = 01:31:14
Epoch 46 memory(end): tensors=258, buffers=258, bytes=18.4MB
[curriculum] phase=C age=17 ramp=80 delta=0.4375 cov=0.909 best_global_delta=0.3473

Epoch 47: Phase C (A_end=10, B_end=30, C_ramp=80) Weights {"totalWeight":0.037000000000000005,"recapWeight":0.24687499999999998,"deltaWeight":2.859375,"categoryWeight":0.05,"quantileWeight":0.3125,"consistencyWeight":0,"identityDropoutRate":1}, Scales {"judgeBias":1,"corps":0.6285714285714286}, SeqLen 15, ID_Drop 1.000, HistHide 0.150, WFW 1.500 
Epoch 47 memory(start): tensors=258, buffers=258, bytes=18.4MB

History Bucket Diagnostics (Avg Abs Error per sample, normalized units):
Hist | Count | MAE_Pred | MAE_Base | PredDevFromBase
-----|-------|----------|----------|----------------
0    | 8     | 1.0190   | 3.7696   | 4.2080 
1    | 9     | 0.6882   | 0.9160   | 0.7449 
2    | 11    | 0.4217   | 0.5551   | 0.3947 
3-5  | 59    | 0.4832   | 0.3926   | 0.3356 
6+   | 276   | 0.3424   | 0.2990   | 0.2595 

Epoch 47: loss = 0.413960 phase = C val_loss = 0.432543 delta_mae_pts = 0.3912 recap_mae_pts = 0.3912 cat_mae_pts = 0.5064 total_mae_pts = 1.2593 vs_inertia_pts = 0.0226 vs_quad_pts = 0.2550 lr_base = 0.000567 lr_mult = 1.0000 lr_eff = 0.000567 mon_cov = 0.941 mon_score = 1.2870 progress = 48/120 epoch_sec = 74.7 avg_epoch_sec = 75.0 elapsed = 00:59:59 eta = 01:29:59
Epoch 47 memory(end): tensors=258, buffers=258, bytes=18.4MB
[curriculum] phase=C age=18 ramp=80 delta=0.3912 cov=0.941 best_global_delta=0.3473

Epoch 48: Phase C (A_end=10, B_end=30, C_ramp=80) Weights {"totalWeight":0.038000000000000006,"recapWeight":0.24375,"deltaWeight":2.96875,"categoryWeight":0.05,"quantileWeight":0.325,"consistencyWeight":0,"identityDropoutRate":1}, Scales {"judgeBias":1,"corps":0.6571428571428571}, SeqLen 15, ID_Drop 1.000, HistHide 0.150, WFW 1.500 
Epoch 48 memory(start): tensors=258, buffers=258, bytes=18.4MB

History Bucket Diagnostics (Avg Abs Error per sample, normalized units):
Hist | Count | MAE_Pred | MAE_Base | PredDevFromBase
-----|-------|----------|----------|----------------
0    | 8     | 0.8847   | 3.7696   | 4.2849 
1    | 9     | 0.6547   | 0.9160   | 0.9330 
2    | 11    | 0.4514   | 0.5551   | 0.5353 
3-5  | 59    | 0.3773   | 0.3926   | 0.3533 
6+   | 276   | 0.3503   | 0.2990   | 0.3361 

Epoch 48: loss = 0.439801 phase = C val_loss = 0.431117 delta_mae_pts = 0.3771 recap_mae_pts = 0.3771 cat_mae_pts = 0.4668 total_mae_pts = 1.0824 vs_inertia_pts = 0.0367 vs_quad_pts = 0.2691 lr_base = 0.000558 lr_mult = 1.0000 lr_eff = 0.000558 mon_cov = 0.943 mon_score = 1.2758 progress = 49/120 epoch_sec = 73.8 avg_epoch_sec = 75.0 elapsed = 01:01:13 eta = 01:28:42
Epoch 48 memory(end): tensors=258, buffers=258, bytes=18.4MB
[curriculum] phase=C age=19 ramp=80 delta=0.3771 cov=0.943 best_global_delta=0.3473

Epoch 49: Phase C (A_end=10, B_end=30, C_ramp=80) Weights {"totalWeight":0.039,"recapWeight":0.24062499999999998,"deltaWeight":3.078125,"categoryWeight":0.05,"quantileWeight":0.3375,"consistencyWeight":0,"identityDropoutRate":1}, Scales {"judgeBias":1,"corps":0.6857142857142857}, SeqLen 15, ID_Drop 1.000, HistHide 0.150, WFW 1.500 
Epoch 49 memory(start): tensors=258, buffers=258, bytes=18.4MB

History Bucket Diagnostics (Avg Abs Error per sample, normalized units):
Hist | Count | MAE_Pred | MAE_Base | PredDevFromBase
-----|-------|----------|----------|----------------
0    | 8     | 0.6463   | 3.7696   | 3.7360 
1    | 9     | 0.6541   | 0.9160   | 0.8780 
2    | 11    | 0.4098   | 0.5551   | 0.4950 
3-5  | 59    | 0.4112   | 0.3926   | 0.3128 
6+   | 276   | 0.3430   | 0.2990   | 0.2830 

Epoch 49: loss = 0.439600 phase = C val_loss = 0.439905 delta_mae_pts = 0.3705 recap_mae_pts = 0.3705 cat_mae_pts = 0.4479 total_mae_pts = 1.0092 vs_inertia_pts = 0.0432 vs_quad_pts = 0.2756 lr_base = 0.000549 lr_mult = 1.0000 lr_eff = 0.000549 mon_cov = 0.959 mon_score = 1.2915 progress = 50/120 epoch_sec = 75.3 avg_epoch_sec = 75.0 elapsed = 01:02:28 eta = 01:27:28
Epoch 49 memory(end): tensors=258, buffers=258, bytes=18.4MB
[curriculum] phase=C age=20 ramp=80 delta=0.3705 cov=0.959 best_global_delta=0.3473

--- NO MONITOR IMPROVEMENT FOR 18 EPOCHS: plateau multiplier 1.0000 -> 0.5000, effective LR 0.000274 ---

Epoch 50: Phase C (A_end=10, B_end=30, C_ramp=80) Weights {"totalWeight":0.04,"recapWeight":0.2375,"deltaWeight":3.1875,"categoryWeight":0.05,"quantileWeight":0.35,"consistencyWeight":0,"identityDropoutRate":1}, Scales {"judgeBias":1,"corps":0.7142857142857143}, SeqLen 15, ID_Drop 1.000, HistHide 0.150, WFW 1.500 
Epoch 50 memory(start): tensors=258, buffers=258, bytes=18.4MB

History Bucket Diagnostics (Avg Abs Error per sample, normalized units):
Hist | Count | MAE_Pred | MAE_Base | PredDevFromBase
-----|-------|----------|----------|----------------
0    | 8     | 0.7724   | 3.7696   | 3.9374 
1    | 9     | 0.6531   | 0.9160   | 0.6557 
2    | 11    | 0.4347   | 0.5551   | 0.3595 
3-5  | 59    | 0.4610   | 0.3926   | 0.3231 
6+   | 276   | 0.3346   | 0.2990   | 0.2747 

Epoch 50: loss = 0.434463 phase = C val_loss = 0.458962 delta_mae_pts = 0.3757 recap_mae_pts = 0.3757 cat_mae_pts = 0.4756 total_mae_pts = 1.1443 vs_inertia_pts = 0.0380 vs_quad_pts = 0.2704 lr_base = 0.000540 lr_mult = 0.5000 lr_eff = 0.000270 mon_cov = 0.950 mon_score = 1.3564 progress = 51/120 epoch_sec = 75.0 avg_epoch_sec = 75.0 elapsed = 01:03:43 eta = 01:26:13
Epoch 50 memory(end): tensors=258, buffers=258, bytes=18.4MB

-- - CAPTION STATS(Epoch 50)-- - 
GE1: delta_pts = 0.3260, recap_pts = 0.3260, cov = 0.967, width = 1.9561 
GE2: delta_pts = 0.3626, recap_pts = 0.3626, cov = 0.953, width = 1.9878 
VP: delta_pts = 0.3587, recap_pts = 0.3587, cov = 0.967, width = 1.9838 
VA: delta_pts = 0.3314, recap_pts = 0.3314, cov = 0.967, width = 2.0238 
CG: delta_pts = 0.4037, recap_pts = 0.4037, cov = 0.934, width = 2.0485 
MB: delta_pts = 0.3648, recap_pts = 0.3648, cov = 0.956, width = 1.9582 
MA: delta_pts = 0.3917, recap_pts = 0.3917, cov = 0.934, width = 1.9693 
MP: delta_pts = 0.4670, recap_pts = 0.4670, cov = 0.926, width = 2.0229 
----------------------------------

[curriculum] phase=C age=21 ramp=80 delta=0.3757 cov=0.950 best_global_delta=0.3473

Epoch 51: Phase C (A_end=10, B_end=30, C_ramp=80) Weights {"totalWeight":0.041,"recapWeight":0.234375,"deltaWeight":3.296875,"categoryWeight":0.05,"quantileWeight":0.36250000000000004,"consistencyWeight":0,"identityDropoutRate":1}, Scales {"judgeBias":1,"corps":0.7428571428571429}, SeqLen 15, ID_Drop 1.000, HistHide 0.150, WFW 1.500 
Epoch 51 memory(start): tensors=258, buffers=258, bytes=18.4MB

History Bucket Diagnostics (Avg Abs Error per sample, normalized units):
Hist | Count | MAE_Pred | MAE_Base | PredDevFromBase
-----|-------|----------|----------|----------------
0    | 8     | 0.7904   | 3.7696   | 3.9996 
1    | 9     | 0.6425   | 0.9160   | 0.7090 
2    | 11    | 0.4305   | 0.5551   | 0.3741 
3-5  | 59    | 0.4373   | 0.3926   | 0.3204 
6+   | 276   | 0.3318   | 0.2990   | 0.2843 

Epoch 51: loss = 0.441968 phase = C val_loss = 0.465011 delta_mae_pts = 0.3698 recap_mae_pts = 0.3698 cat_mae_pts = 0.4574 total_mae_pts = 1.0888 vs_inertia_pts = 0.0439 vs_quad_pts = 0.2764 lr_base = 0.000530 lr_mult = 0.5000 lr_eff = 0.000265 mon_cov = 0.951 mon_score = 1.3733 progress = 52/120 epoch_sec = 74.9 avg_epoch_sec = 75.0 elapsed = 01:04:58 eta = 01:24:57
Epoch 51 memory(end): tensors=258, buffers=258, bytes=18.4MB
[curriculum] phase=C age=22 ramp=80 delta=0.3698 cov=0.951 best_global_delta=0.3473

Epoch 52: Phase C (A_end=10, B_end=30, C_ramp=80) Weights {"totalWeight":0.042,"recapWeight":0.23124999999999998,"deltaWeight":3.40625,"categoryWeight":0.05,"quantileWeight":0.375,"consistencyWeight":0,"identityDropoutRate":1}, Scales {"judgeBias":1,"corps":0.7714285714285715}, SeqLen 15, ID_Drop 1.000, HistHide 0.150, WFW 1.500 
Epoch 52 memory(start): tensors=258, buffers=258, bytes=18.4MB

History Bucket Diagnostics (Avg Abs Error per sample, normalized units):
Hist | Count | MAE_Pred | MAE_Base | PredDevFromBase
-----|-------|----------|----------|----------------
0    | 8     | 0.7263   | 3.7696   | 4.0672 
1    | 9     | 0.6230   | 0.9160   | 0.8655 
2    | 11    | 0.3917   | 0.5551   | 0.4738 
3-5  | 59    | 0.4013   | 0.3926   | 0.3096 
6+   | 276   | 0.3240   | 0.2990   | 0.2797 

Epoch 52: loss = 0.451516 phase = C val_loss = 0.463729 delta_mae_pts = 0.3549 recap_mae_pts = 0.3549 cat_mae_pts = 0.4360 total_mae_pts = 0.9910 vs_inertia_pts = 0.0588 vs_quad_pts = 0.2913 lr_base = 0.000521 lr_mult = 0.5000 lr_eff = 0.000260 mon_cov = 0.961 mon_score = 1.3543 progress = 53/120 epoch_sec = 76.0 avg_epoch_sec = 75.0 elapsed = 01:06:14 eta = 01:23:44
Epoch 52 memory(end): tensors=258, buffers=258, bytes=18.4MB
[curriculum] phase=C age=23 ramp=80 delta=0.3549 cov=0.961 best_global_delta=0.3473

Epoch 53: Phase C (A_end=10, B_end=30, C_ramp=80) Weights {"totalWeight":0.043,"recapWeight":0.228125,"deltaWeight":3.515625,"categoryWeight":0.05,"quantileWeight":0.38749999999999996,"consistencyWeight":0,"identityDropoutRate":1}, Scales {"judgeBias":1,"corps":0.8}, SeqLen 15, ID_Drop 1.000, HistHide 0.150, WFW 1.500 
Epoch 53 memory(start): tensors=258, buffers=258, bytes=18.4MB

History Bucket Diagnostics (Avg Abs Error per sample, normalized units):
Hist | Count | MAE_Pred | MAE_Base | PredDevFromBase
-----|-------|----------|----------|----------------
0    | 8     | 0.7857   | 3.7696   | 4.1556 
1    | 9     | 0.6063   | 0.9160   | 0.8460 
2    | 11    | 0.4147   | 0.5551   | 0.4687 
3-5  | 59    | 0.3934   | 0.3926   | 0.3160 
6+   | 276   | 0.3283   | 0.2990   | 0.2724 

Epoch 53: loss = 0.459949 phase = C val_loss = 0.480240 delta_mae_pts = 0.3584 recap_mae_pts = 0.3584 cat_mae_pts = 0.4399 total_mae_pts = 1.0055 vs_inertia_pts = 0.0553 vs_quad_pts = 0.2877 lr_base = 0.000511 lr_mult = 0.5000 lr_eff = 0.000255 mon_cov = 0.960 mon_score = 1.4072 progress = 54/120 epoch_sec = 75.0 avg_epoch_sec = 75.0 elapsed = 01:07:29 eta = 01:22:29
Epoch 53 memory(end): tensors=258, buffers=258, bytes=18.4MB
[curriculum] phase=C age=24 ramp=80 delta=0.3584 cov=0.960 best_global_delta=0.3473

Epoch 54: Phase C (A_end=10, B_end=30, C_ramp=80) Weights {"totalWeight":0.044,"recapWeight":0.22499999999999998,"deltaWeight":3.625,"categoryWeight":0.05,"quantileWeight":0.4,"consistencyWeight":0,"identityDropoutRate":1}, Scales {"judgeBias":1,"corps":0.8285714285714286}, SeqLen 15, ID_Drop 1.000, HistHide 0.150, WFW 1.500 
Epoch 54 memory(start): tensors=258, buffers=258, bytes=18.4MB

History Bucket Diagnostics (Avg Abs Error per sample, normalized units):
Hist | Count | MAE_Pred | MAE_Base | PredDevFromBase
-----|-------|----------|----------|----------------
0    | 8     | 0.7517   | 3.7696   | 4.0854 
1    | 9     | 0.6345   | 0.9160   | 0.8275 
2    | 11    | 0.3947   | 0.5551   | 0.4362 
3-5  | 59    | 0.3905   | 0.3926   | 0.3214 
6+   | 276   | 0.3234   | 0.2990   | 0.2932 

Epoch 54: loss = 0.468104 phase = C val_loss = 0.486988 delta_mae_pts = 0.3537 recap_mae_pts = 0.3537 cat_mae_pts = 0.4287 total_mae_pts = 0.9682 vs_inertia_pts = 0.0601 vs_quad_pts = 0.2925 lr_base = 0.000501 lr_mult = 0.5000 lr_eff = 0.000251 mon_cov = 0.959 mon_score = 1.4256 progress = 55/120 epoch_sec = 75.3 avg_epoch_sec = 75.0 elapsed = 01:08:44 eta = 01:21:14
Epoch 54 memory(end): tensors=258, buffers=258, bytes=18.4MB
[curriculum] phase=C age=25 ramp=80 delta=0.3537 cov=0.959 best_global_delta=0.3473

Epoch 55: Phase C (A_end=10, B_end=30, C_ramp=80) Weights {"totalWeight":0.045,"recapWeight":0.221875,"deltaWeight":3.734375,"categoryWeight":0.05,"quantileWeight":0.4125,"consistencyWeight":0,"identityDropoutRate":1}, Scales {"judgeBias":1,"corps":0.8571428571428571}, SeqLen 15, ID_Drop 1.000, HistHide 0.150, WFW 1.500 
Epoch 55 memory(start): tensors=258, buffers=258, bytes=18.4MB

History Bucket Diagnostics (Avg Abs Error per sample, normalized units):
Hist | Count | MAE_Pred | MAE_Base | PredDevFromBase
-----|-------|----------|----------|----------------
0    | 8     | 0.7755   | 3.7696   | 4.0082 
1    | 9     | 0.6183   | 0.9160   | 0.7796 
2    | 11    | 0.4154   | 0.5551   | 0.4311 
3-5  | 59    | 0.4076   | 0.3926   | 0.2987 
6+   | 276   | 0.3292   | 0.2990   | 0.2809 

Epoch 55: loss = 0.480098 phase = C val_loss = 0.509323 delta_mae_pts = 0.3615 recap_mae_pts = 0.3615 cat_mae_pts = 0.4513 total_mae_pts = 1.0549 vs_inertia_pts = 0.0522 vs_quad_pts = 0.2846 lr_base = 0.000491 lr_mult = 0.5000 lr_eff = 0.000246 mon_cov = 0.953 mon_score = 1.5004 progress = 56/120 epoch_sec = 75.1 avg_epoch_sec = 75.0 elapsed = 01:10:00 eta = 01:19:59
Epoch 55 memory(end): tensors=258, buffers=258, bytes=18.4MB
[curriculum] phase=C age=26 ramp=80 delta=0.3615 cov=0.953 best_global_delta=0.3473

Epoch 56: Phase C (A_end=10, B_end=30, C_ramp=80) Weights {"totalWeight":0.046,"recapWeight":0.21875,"deltaWeight":3.84375,"categoryWeight":0.05,"quantileWeight":0.42500000000000004,"consistencyWeight":0,"identityDropoutRate":1}, Scales {"judgeBias":1,"corps":0.8857142857142857}, SeqLen 15, ID_Drop 1.000, HistHide 0.150, WFW 1.500 
Epoch 56 memory(start): tensors=258, buffers=258, bytes=18.4MB

History Bucket Diagnostics (Avg Abs Error per sample, normalized units):
Hist | Count | MAE_Pred | MAE_Base | PredDevFromBase
-----|-------|----------|----------|----------------
0    | 8     | 0.7148   | 3.7696   | 3.9633 
1    | 9     | 0.5995   | 0.9160   | 0.7377 
2    | 11    | 0.3987   | 0.5551   | 0.3868 
3-5  | 59    | 0.4334   | 0.3926   | 0.3252 
6+   | 276   | 0.3358   | 0.2990   | 0.2870 

Epoch 56: loss = 0.485307 phase = C val_loss = 0.531527 delta_mae_pts = 0.3685 recap_mae_pts = 0.3685 cat_mae_pts = 0.4603 total_mae_pts = 1.1181 vs_inertia_pts = 0.0453 vs_quad_pts = 0.2777 lr_base = 0.000482 lr_mult = 0.5000 lr_eff = 0.000241 mon_cov = 0.958 mon_score = 1.5713 progress = 57/120 epoch_sec = 74.5 avg_epoch_sec = 75.0 elapsed = 01:11:14 eta = 01:18:44
Epoch 56 memory(end): tensors=258, buffers=258, bytes=18.4MB
[curriculum] phase=C age=27 ramp=80 delta=0.3685 cov=0.958 best_global_delta=0.3473

Epoch 57: Phase C (A_end=10, B_end=30, C_ramp=80) Weights {"totalWeight":0.047,"recapWeight":0.21562499999999998,"deltaWeight":3.953125,"categoryWeight":0.05,"quantileWeight":0.4375,"consistencyWeight":0,"identityDropoutRate":1}, Scales {"judgeBias":1,"corps":0.9142857142857143}, SeqLen 15, ID_Drop 1.000, HistHide 0.150, WFW 1.500 
Epoch 57 memory(start): tensors=258, buffers=258, bytes=18.4MB

History Bucket Diagnostics (Avg Abs Error per sample, normalized units):
Hist | Count | MAE_Pred | MAE_Base | PredDevFromBase
-----|-------|----------|----------|----------------
0    | 8     | 0.8116   | 3.7696   | 4.1147 
1    | 9     | 0.6352   | 0.9160   | 0.8028 
2    | 11    | 0.3817   | 0.5551   | 0.4620 
3-5  | 59    | 0.4049   | 0.3926   | 0.3362 
6+   | 276   | 0.3308   | 0.2990   | 0.3019 

Epoch 57: loss = 0.500792 phase = C val_loss = 0.538080 delta_mae_pts = 0.3626 recap_mae_pts = 0.3626 cat_mae_pts = 0.4522 total_mae_pts = 1.0497 vs_inertia_pts = 0.0512 vs_quad_pts = 0.2836 lr_base = 0.000472 lr_mult = 0.5000 lr_eff = 0.000236 mon_cov = 0.959 mon_score = 1.5834 progress = 58/120 epoch_sec = 75.1 avg_epoch_sec = 75.0 elapsed = 01:12:29 eta = 01:17:29
Epoch 57 memory(end): tensors=258, buffers=258, bytes=18.4MB
[curriculum] phase=C age=28 ramp=80 delta=0.3626 cov=0.959 best_global_delta=0.3473

Epoch 58: Phase C (A_end=10, B_end=30, C_ramp=80) Weights {"totalWeight":0.048,"recapWeight":0.2125,"deltaWeight":4.0625,"categoryWeight":0.05,"quantileWeight":0.44999999999999996,"consistencyWeight":0,"identityDropoutRate":1}, Scales {"judgeBias":1,"corps":0.9428571428571428}, SeqLen 15, ID_Drop 1.000, HistHide 0.150, WFW 1.500 
Epoch 58 memory(start): tensors=258, buffers=258, bytes=18.4MB

History Bucket Diagnostics (Avg Abs Error per sample, normalized units):
Hist | Count | MAE_Pred | MAE_Base | PredDevFromBase
-----|-------|----------|----------|----------------
0    | 8     | 0.7520   | 3.7696   | 3.9981 
1    | 9     | 0.6277   | 0.9160   | 0.7556 
2    | 11    | 0.3993   | 0.5551   | 0.4124 
3-5  | 59    | 0.4541   | 0.3926   | 0.3490 
6+   | 276   | 0.3469   | 0.2990   | 0.3084 

Epoch 58: loss = 0.508309 phase = C val_loss = 0.581169 delta_mae_pts = 0.3818 recap_mae_pts = 0.3818 cat_mae_pts = 0.4761 total_mae_pts = 1.1292 vs_inertia_pts = 0.0320 vs_quad_pts = 0.2644 lr_base = 0.000461 lr_mult = 0.5000 lr_eff = 0.000231 mon_cov = 0.938 mon_score = 1.7101 progress = 59/120 epoch_sec = 75.3 avg_epoch_sec = 75.0 elapsed = 01:13:44 eta = 01:16:14
Epoch 58 memory(end): tensors=258, buffers=258, bytes=18.4MB
[curriculum] phase=C age=29 ramp=80 delta=0.3818 cov=0.938 best_global_delta=0.3473

Epoch 59: Phase C (A_end=10, B_end=30, C_ramp=80) Weights {"totalWeight":0.049,"recapWeight":0.20937499999999998,"deltaWeight":4.171875,"categoryWeight":0.05,"quantileWeight":0.4625,"consistencyWeight":0,"identityDropoutRate":1}, Scales {"judgeBias":1,"corps":0.9714285714285714}, SeqLen 15, ID_Drop 1.000, HistHide 0.150, WFW 1.500 
Epoch 59 memory(start): tensors=258, buffers=258, bytes=18.4MB

History Bucket Diagnostics (Avg Abs Error per sample, normalized units):
Hist | Count | MAE_Pred | MAE_Base | PredDevFromBase
-----|-------|----------|----------|----------------
0    | 8     | 0.7089   | 3.7696   | 4.0125 
1    | 9     | 0.6365   | 0.9160   | 0.8213 
2    | 11    | 0.3935   | 0.5551   | 0.4629 
3-5  | 59    | 0.4038   | 0.3926   | 0.3220 
6+   | 276   | 0.3281   | 0.2990   | 0.2927 

Epoch 59: loss = 0.515915 phase = C val_loss = 0.559770 delta_mae_pts = 0.3584 recap_mae_pts = 0.3584 cat_mae_pts = 0.4481 total_mae_pts = 1.0303 vs_inertia_pts = 0.0553 vs_quad_pts = 0.2877 lr_base = 0.000451 lr_mult = 0.5000 lr_eff = 0.000226 mon_cov = 0.959 mon_score = 1.6433 progress = 60/120 epoch_sec = 75.1 avg_epoch_sec = 75.0 elapsed = 01:15:00 eta = 01:15:00
Epoch 59 memory(end): tensors=258, buffers=258, bytes=18.4MB
[curriculum] phase=C age=30 ramp=80 delta=0.3584 cov=0.959 best_global_delta=0.3473

Epoch 60: Phase C (A_end=10, B_end=30, C_ramp=80) Weights {"totalWeight":0.05,"recapWeight":0.20625,"deltaWeight":4.28125,"categoryWeight":0.05,"quantileWeight":0.475,"consistencyWeight":0,"identityDropoutRate":1}, Scales {"judgeBias":1,"corps":1}, SeqLen 15, ID_Drop 1.000, HistHide 0.150, WFW 1.500 
Epoch 60 memory(start): tensors=258, buffers=258, bytes=18.4MB

History Bucket Diagnostics (Avg Abs Error per sample, normalized units):
Hist | Count | MAE_Pred | MAE_Base | PredDevFromBase
-----|-------|----------|----------|----------------
0    | 8     | 0.7405   | 3.7696   | 4.0116 
1    | 9     | 0.6416   | 0.9160   | 0.7950 
2    | 11    | 0.3979   | 0.5551   | 0.4848 
3-5  | 59    | 0.3867   | 0.3926   | 0.3352 
6+   | 276   | 0.3342   | 0.2990   | 0.3235 

Epoch 60: loss = 0.525004 phase = C val_loss = 0.573609 delta_mae_pts = 0.3612 recap_mae_pts = 0.3612 cat_mae_pts = 0.4468 total_mae_pts = 1.0298 vs_inertia_pts = 0.0525 vs_quad_pts = 0.2849 lr_base = 0.000441 lr_mult = 0.5000 lr_eff = 0.000221 mon_cov = 0.958 mon_score = 1.6949 progress = 61/120 epoch_sec = 74.8 avg_epoch_sec = 75.0 elapsed = 01:16:14 eta = 01:13:44
Epoch 60 memory(end): tensors=258, buffers=258, bytes=18.4MB
[curriculum] phase=C age=31 ramp=80 delta=0.3612 cov=0.958 best_global_delta=0.3473

Epoch 61: Phase C (A_end=10, B_end=30, C_ramp=80) Weights {"totalWeight":0.051000000000000004,"recapWeight":0.203125,"deltaWeight":4.390625,"categoryWeight":0.05,"quantileWeight":0.48750000000000004,"consistencyWeight":0,"identityDropoutRate":1}, Scales {"judgeBias":1,"corps":1}, SeqLen 15, ID_Drop 1.000, HistHide 0.150, WFW 1.500 
Epoch 61 memory(start): tensors=258, buffers=258, bytes=18.4MB

History Bucket Diagnostics (Avg Abs Error per sample, normalized units):
Hist | Count | MAE_Pred | MAE_Base | PredDevFromBase
-----|-------|----------|----------|----------------
0    | 8     | 0.7867   | 3.7696   | 4.1109 
1    | 9     | 0.6253   | 0.9160   | 0.8959 
2    | 11    | 0.3956   | 0.5551   | 0.5234 
3-5  | 59    | 0.4069   | 0.3926   | 0.3632 
6+   | 276   | 0.3340   | 0.2990   | 0.3202 

Epoch 61: loss = 0.537528 phase = C val_loss = 0.595475 delta_mae_pts = 0.3649 recap_mae_pts = 0.3649 cat_mae_pts = 0.4440 total_mae_pts = 1.0316 vs_inertia_pts = 0.0488 vs_quad_pts = 0.2812 lr_base = 0.000431 lr_mult = 0.5000 lr_eff = 0.000216 mon_cov = 0.957 mon_score = 1.7513 progress = 62/120 epoch_sec = 74.4 avg_epoch_sec = 75.0 elapsed = 01:17:29 eta = 01:12:29
Epoch 61 memory(end): tensors=258, buffers=258, bytes=18.4MB
[curriculum] phase=C age=32 ramp=80 delta=0.3649 cov=0.957 best_global_delta=0.3473

Epoch 62: Phase C (A_end=10, B_end=30, C_ramp=80) Weights {"totalWeight":0.052000000000000005,"recapWeight":0.19999999999999998,"deltaWeight":4.5,"categoryWeight":0.05,"quantileWeight":0.5,"consistencyWeight":0,"identityDropoutRate":1}, Scales {"judgeBias":1,"corps":1}, SeqLen 15, ID_Drop 1.000, HistHide 0.150, WFW 1.500 
Epoch 62 memory(start): tensors=258, buffers=258, bytes=18.4MB

History Bucket Diagnostics (Avg Abs Error per sample, normalized units):
Hist | Count | MAE_Pred | MAE_Base | PredDevFromBase
-----|-------|----------|----------|----------------
0    | 8     | 0.7383   | 3.7696   | 3.9808 
1    | 9     | 0.5885   | 0.9160   | 0.7779 
2    | 11    | 0.3931   | 0.5551   | 0.4529 
3-5  | 59    | 0.4164   | 0.3926   | 0.3332 
6+   | 276   | 0.3345   | 0.2990   | 0.3007 

Epoch 62: loss = 0.544984 phase = C val_loss = 0.609871 delta_mae_pts = 0.3648 recap_mae_pts = 0.3648 cat_mae_pts = 0.4450 total_mae_pts = 1.0353 vs_inertia_pts = 0.0489 vs_quad_pts = 0.2813 lr_base = 0.000421 lr_mult = 0.5000 lr_eff = 0.000210 mon_cov = 0.954 mon_score = 1.7907 progress = 63/120 epoch_sec = 73.9 avg_epoch_sec = 75.0 elapsed = 01:18:43 eta = 01:11:13
Epoch 62 memory(end): tensors=258, buffers=258, bytes=18.4MB
[curriculum] phase=C age=33 ramp=80 delta=0.3648 cov=0.954 best_global_delta=0.3473

Epoch 63: Phase C (A_end=10, B_end=30, C_ramp=80) Weights {"totalWeight":0.053000000000000005,"recapWeight":0.196875,"deltaWeight":4.609375,"categoryWeight":0.05,"quantileWeight":0.5125,"consistencyWeight":0,"identityDropoutRate":1}, Scales {"judgeBias":1,"corps":1}, SeqLen 15, ID_Drop 1.000, HistHide 0.150, WFW 1.500 
Epoch 63 memory(start): tensors=258, buffers=258, bytes=18.4MB

History Bucket Diagnostics (Avg Abs Error per sample, normalized units):
Hist | Count | MAE_Pred | MAE_Base | PredDevFromBase
-----|-------|----------|----------|----------------
0    | 8     | 0.6712   | 3.7696   | 3.9133 
1    | 9     | 0.5958   | 0.9160   | 0.7836 
2    | 11    | 0.3932   | 0.5551   | 0.4476 
3-5  | 59    | 0.4230   | 0.3926   | 0.3212 
6+   | 276   | 0.3371   | 0.2990   | 0.2944 

Epoch 63: loss = 0.553183 phase = C val_loss = 0.624759 delta_mae_pts = 0.3665 recap_mae_pts = 0.3665 cat_mae_pts = 0.4608 total_mae_pts = 1.0734 vs_inertia_pts = 0.0472 vs_quad_pts = 0.2796 lr_base = 0.000411 lr_mult = 0.5000 lr_eff = 0.000205 mon_cov = 0.956 mon_score = 1.8415 progress = 64/120 epoch_sec = 73.4 avg_epoch_sec = 74.9 elapsed = 01:19:56 eta = 01:09:57
Epoch 63 memory(end): tensors=258, buffers=258, bytes=18.4MB
[curriculum] phase=C age=34 ramp=80 delta=0.3665 cov=0.956 best_global_delta=0.3473

Epoch 64: Phase C (A_end=10, B_end=30, C_ramp=80) Weights {"totalWeight":0.054000000000000006,"recapWeight":0.19374999999999998,"deltaWeight":4.71875,"categoryWeight":0.05,"quantileWeight":0.525,"consistencyWeight":0,"identityDropoutRate":1}, Scales {"judgeBias":1,"corps":1}, SeqLen 15, ID_Drop 1.000, HistHide 0.150, WFW 1.500 
Epoch 64 memory(start): tensors=258, buffers=258, bytes=18.4MB

History Bucket Diagnostics (Avg Abs Error per sample, normalized units):
Hist | Count | MAE_Pred | MAE_Base | PredDevFromBase
-----|-------|----------|----------|----------------
0    | 8     | 0.7570   | 3.7696   | 3.9760 
1    | 9     | 0.6067   | 0.9160   | 0.7339 
2    | 11    | 0.3868   | 0.5551   | 0.4180 
3-5  | 59    | 0.4459   | 0.3926   | 0.3423 
6+   | 276   | 0.3404   | 0.2990   | 0.3078 

Epoch 64: loss = 0.564301 phase = C val_loss = 0.650984 delta_mae_pts = 0.3747 recap_mae_pts = 0.3747 cat_mae_pts = 0.4656 total_mae_pts = 1.1162 vs_inertia_pts = 0.0390 vs_quad_pts = 0.2714 lr_base = 0.000400 lr_mult = 0.5000 lr_eff = 0.000200 mon_cov = 0.947 mon_score = 1.9244 progress = 65/120 epoch_sec = 74.7 avg_epoch_sec = 74.9 elapsed = 01:21:11 eta = 01:08:41
Epoch 64 memory(end): tensors=258, buffers=258, bytes=18.4MB
[curriculum] phase=C age=35 ramp=80 delta=0.3747 cov=0.947 best_global_delta=0.3473

Epoch 65: Phase C (A_end=10, B_end=30, C_ramp=80) Weights {"totalWeight":0.05500000000000001,"recapWeight":0.190625,"deltaWeight":4.828125,"categoryWeight":0.05,"quantileWeight":0.5375,"consistencyWeight":0,"identityDropoutRate":1}, Scales {"judgeBias":1,"corps":1}, SeqLen 15, ID_Drop 1.000, HistHide 0.150, WFW 1.500 
Epoch 65 memory(start): tensors=258, buffers=258, bytes=18.4MB

History Bucket Diagnostics (Avg Abs Error per sample, normalized units):
Hist | Count | MAE_Pred | MAE_Base | PredDevFromBase
-----|-------|----------|----------|----------------
0    | 8     | 0.6920   | 3.7696   | 3.9699 
1    | 9     | 0.5851   | 0.9160   | 0.7959 
2    | 11    | 0.4044   | 0.5551   | 0.4601 
3-5  | 59    | 0.4388   | 0.3926   | 0.3501 
6+   | 276   | 0.3437   | 0.2990   | 0.3053 

Epoch 65: loss = 0.574326 phase = C val_loss = 0.666710 delta_mae_pts = 0.3747 recap_mae_pts = 0.3747 cat_mae_pts = 0.4572 total_mae_pts = 1.0447 vs_inertia_pts = 0.0390 vs_quad_pts = 0.2715 lr_base = 0.000390 lr_mult = 0.5000 lr_eff = 0.000195 mon_cov = 0.944 mon_score = 1.9608 progress = 66/120 epoch_sec = 74.2 avg_epoch_sec = 74.9 elapsed = 01:22:25 eta = 01:07:26
Epoch 65 memory(end): tensors=258, buffers=258, bytes=18.4MB
[curriculum] phase=C age=36 ramp=80 delta=0.3747 cov=0.944 best_global_delta=0.3473

Epoch 66: Phase C (A_end=10, B_end=30, C_ramp=80) Weights {"totalWeight":0.05600000000000001,"recapWeight":0.1875,"deltaWeight":4.9375,"categoryWeight":0.05,"quantileWeight":0.55,"consistencyWeight":0,"identityDropoutRate":1}, Scales {"judgeBias":1,"corps":1}, SeqLen 15, ID_Drop 1.000, HistHide 0.150, WFW 1.500 
Epoch 66 memory(start): tensors=258, buffers=258, bytes=18.4MB

History Bucket Diagnostics (Avg Abs Error per sample, normalized units):
Hist | Count | MAE_Pred | MAE_Base | PredDevFromBase
-----|-------|----------|----------|----------------
0    | 8     | 0.7582   | 3.7696   | 4.0043 
1    | 9     | 0.5958   | 0.9160   | 0.8169 
2    | 11    | 0.4024   | 0.5551   | 0.5088 
3-5  | 59    | 0.4075   | 0.3926   | 0.3372 
6+   | 276   | 0.3363   | 0.2990   | 0.3069 

Epoch 66: loss = 0.577967 phase = C val_loss = 0.665988 delta_mae_pts = 0.3656 recap_mae_pts = 0.3656 cat_mae_pts = 0.4474 total_mae_pts = 1.0300 vs_inertia_pts = 0.0481 vs_quad_pts = 0.2805 lr_base = 0.000380 lr_mult = 0.5000 lr_eff = 0.000190 mon_cov = 0.947 mon_score = 1.9540 progress = 67/120 epoch_sec = 75.2 avg_epoch_sec = 74.9 elapsed = 01:23:40 eta = 01:06:11
Epoch 66 memory(end): tensors=258, buffers=258, bytes=18.4MB
[curriculum] phase=C age=37 ramp=80 delta=0.3656 cov=0.947 best_global_delta=0.3473

Epoch 67: Phase C (A_end=10, B_end=30, C_ramp=80) Weights {"totalWeight":0.05700000000000001,"recapWeight":0.18437499999999998,"deltaWeight":5.046875,"categoryWeight":0.05,"quantileWeight":0.5625,"consistencyWeight":0,"identityDropoutRate":1}, Scales {"judgeBias":1,"corps":1}, SeqLen 15, ID_Drop 1.000, HistHide 0.150, WFW 1.500 
Epoch 67 memory(start): tensors=258, buffers=258, bytes=18.4MB

History Bucket Diagnostics (Avg Abs Error per sample, normalized units):
Hist | Count | MAE_Pred | MAE_Base | PredDevFromBase
-----|-------|----------|----------|----------------
0    | 8     | 0.7557   | 3.7696   | 4.0566 
1    | 9     | 0.6146   | 0.9160   | 0.7764 
2    | 11    | 0.4017   | 0.5551   | 0.4476 
3-5  | 59    | 0.4221   | 0.3926   | 0.3351 
6+   | 276   | 0.3265   | 0.2990   | 0.2954 

Epoch 67: loss = 0.587660 phase = C val_loss = 0.669255 delta_mae_pts = 0.3609 recap_mae_pts = 0.3609 cat_mae_pts = 0.4494 total_mae_pts = 1.0548 vs_inertia_pts = 0.0528 vs_quad_pts = 0.2853 lr_base = 0.000369 lr_mult = 0.5000 lr_eff = 0.000185 mon_cov = 0.956 mon_score = 1.9706 progress = 68/120 epoch_sec = 75.1 avg_epoch_sec = 74.9 elapsed = 01:24:55 eta = 01:04:56
Epoch 67 memory(end): tensors=258, buffers=258, bytes=18.4MB
[curriculum] phase=C age=38 ramp=80 delta=0.3609 cov=0.956 best_global_delta=0.3473

--- NO MONITOR IMPROVEMENT FOR 18 EPOCHS: plateau multiplier 0.5000 -> 0.2500, effective LR 0.000092 ---

Epoch 68: Phase C (A_end=10, B_end=30, C_ramp=80) Weights {"totalWeight":0.057999999999999996,"recapWeight":0.18125,"deltaWeight":5.15625,"categoryWeight":0.05,"quantileWeight":0.575,"consistencyWeight":0,"identityDropoutRate":1}, Scales {"judgeBias":1,"corps":1}, SeqLen 15, ID_Drop 1.000, HistHide 0.150, WFW 1.500 
Epoch 68 memory(start): tensors=258, buffers=258, bytes=18.4MB

History Bucket Diagnostics (Avg Abs Error per sample, normalized units):
Hist | Count | MAE_Pred | MAE_Base | PredDevFromBase
-----|-------|----------|----------|----------------
0    | 8     | 0.7265   | 3.7696   | 4.0020 
1    | 9     | 0.6152   | 0.9160   | 0.8307 
2    | 11    | 0.4123   | 0.5551   | 0.4800 
3-5  | 59    | 0.4187   | 0.3926   | 0.3308 
6+   | 276   | 0.3291   | 0.2990   | 0.2968 

Epoch 68: loss = 0.586155 phase = C val_loss = 0.684920 delta_mae_pts = 0.3620 recap_mae_pts = 0.3620 cat_mae_pts = 0.4459 total_mae_pts = 1.0473 vs_inertia_pts = 0.0517 vs_quad_pts = 0.2842 lr_base = 0.000359 lr_mult = 0.2500 lr_eff = 0.000090 mon_cov = 0.957 mon_score = 2.0152 progress = 69/120 epoch_sec = 75.4 avg_epoch_sec = 74.9 elapsed = 01:26:11 eta = 01:03:42
Epoch 68 memory(end): tensors=258, buffers=258, bytes=18.4MB
[curriculum] phase=C age=39 ramp=80 delta=0.3620 cov=0.957 best_global_delta=0.3473

Epoch 69: Phase C (A_end=10, B_end=30, C_ramp=80) Weights {"totalWeight":0.059,"recapWeight":0.17812499999999998,"deltaWeight":5.265625,"categoryWeight":0.05,"quantileWeight":0.5875,"consistencyWeight":0,"identityDropoutRate":1}, Scales {"judgeBias":1,"corps":1}, SeqLen 15, ID_Drop 1.000, HistHide 0.150, WFW 1.500 
Epoch 69 memory(start): tensors=258, buffers=258, bytes=18.4MB

History Bucket Diagnostics (Avg Abs Error per sample, normalized units):
Hist | Count | MAE_Pred | MAE_Base | PredDevFromBase
-----|-------|----------|----------|----------------
0    | 8     | 0.8136   | 3.7696   | 4.0965 
1    | 9     | 0.6175   | 0.9160   | 0.8162 
2    | 11    | 0.3810   | 0.5551   | 0.4900 
3-5  | 59    | 0.4154   | 0.3926   | 0.3400 
6+   | 276   | 0.3308   | 0.2990   | 0.3125 

Epoch 69: loss = 0.598466 phase = C val_loss = 0.702856 delta_mae_pts = 0.3639 recap_mae_pts = 0.3639 cat_mae_pts = 0.4529 total_mae_pts = 1.0707 vs_inertia_pts = 0.0499 vs_quad_pts = 0.2823 lr_base = 0.000349 lr_mult = 0.2500 lr_eff = 0.000087 mon_cov = 0.949 mon_score = 2.0666 progress = 70/120 epoch_sec = 78.7 avg_epoch_sec = 75.0 elapsed = 01:27:29 eta = 01:02:29
Epoch 69 memory(end): tensors=258, buffers=258, bytes=18.4MB
[curriculum] phase=C age=40 ramp=80 delta=0.3639 cov=0.949 best_global_delta=0.3473

Epoch 70: Phase C (A_end=10, B_end=30, C_ramp=80) Weights {"totalWeight":0.06,"recapWeight":0.175,"deltaWeight":5.375,"categoryWeight":0.05,"quantileWeight":0.6,"consistencyWeight":0,"identityDropoutRate":1}, Scales {"judgeBias":1,"corps":1}, SeqLen 15, ID_Drop 1.000, HistHide 0.150, WFW 1.500 
Epoch 70 memory(start): tensors=258, buffers=258, bytes=18.4MB

History Bucket Diagnostics (Avg Abs Error per sample, normalized units):
Hist | Count | MAE_Pred | MAE_Base | PredDevFromBase
-----|-------|----------|----------|----------------
0    | 8     | 0.7648   | 3.7696   | 4.0077 
1    | 9     | 0.6106   | 0.9160   | 0.7879 
2    | 11    | 0.4010   | 0.5551   | 0.4742 
3-5  | 59    | 0.4129   | 0.3926   | 0.3391 
6+   | 276   | 0.3269   | 0.2990   | 0.2994 

Epoch 70: loss = 0.602873 phase = C val_loss = 0.708515 delta_mae_pts = 0.3598 recap_mae_pts = 0.3598 cat_mae_pts = 0.4447 total_mae_pts = 1.0372 vs_inertia_pts = 0.0539 vs_quad_pts = 0.2864 lr_base = 0.000339 lr_mult = 0.2500 lr_eff = 0.000085 mon_cov = 0.958 mon_score = 2.0814 progress = 71/120 epoch_sec = 75.4 avg_epoch_sec = 75.0 elapsed = 01:28:45 eta = 01:01:15
Epoch 70 memory(end): tensors=258, buffers=258, bytes=18.4MB
[curriculum] phase=C age=41 ramp=80 delta=0.3598 cov=0.958 best_global_delta=0.3473

Epoch 71: Phase C (A_end=10, B_end=30, C_ramp=80) Weights {"totalWeight":0.061,"recapWeight":0.171875,"deltaWeight":5.484375,"categoryWeight":0.05,"quantileWeight":0.6124999999999999,"consistencyWeight":0,"identityDropoutRate":0.988125}, Scales {"judgeBias":1,"corps":1}, SeqLen 15, ID_Drop 0.988, HistHide 0.150, WFW 1.500 
Epoch 71 memory(start): tensors=258, buffers=258, bytes=18.4MB

History Bucket Diagnostics (Avg Abs Error per sample, normalized units):
Hist | Count | MAE_Pred | MAE_Base | PredDevFromBase
-----|-------|----------|----------|----------------
0    | 8     | 0.8339   | 3.7696   | 4.0715 
1    | 9     | 0.5926   | 0.9160   | 0.7986 
2    | 11    | 0.3928   | 0.5551   | 0.4888 
3-5  | 59    | 0.4159   | 0.3926   | 0.3425 
6+   | 276   | 0.3288   | 0.2990   | 0.3051 

Epoch 71: loss = 0.609813 phase = C val_loss = 0.727147 delta_mae_pts = 0.3626 recap_mae_pts = 0.3626 cat_mae_pts = 0.4514 total_mae_pts = 1.0667 vs_inertia_pts = 0.0512 vs_quad_pts = 0.2836 lr_base = 0.000329 lr_mult = 0.2500 lr_eff = 0.000082 mon_cov = 0.955 mon_score = 2.1384 progress = 72/120 epoch_sec = 75.5 avg_epoch_sec = 75.0 elapsed = 01:30:00 eta = 01:00:00
Epoch 71 memory(end): tensors=258, buffers=258, bytes=18.4MB
[curriculum] phase=C age=42 ramp=80 delta=0.3626 cov=0.955 best_global_delta=0.3473

Epoch 72: Phase C (A_end=10, B_end=30, C_ramp=80) Weights {"totalWeight":0.062,"recapWeight":0.16874999999999998,"deltaWeight":5.59375,"categoryWeight":0.05,"quantileWeight":0.625,"consistencyWeight":0,"identityDropoutRate":0.97625}, Scales {"judgeBias":1,"corps":1}, SeqLen 15, ID_Drop 0.981, HistHide 0.150, WFW 1.500 
Epoch 72 memory(start): tensors=258, buffers=258, bytes=18.4MB

History Bucket Diagnostics (Avg Abs Error per sample, normalized units):
Hist | Count | MAE_Pred | MAE_Base | PredDevFromBase
-----|-------|----------|----------|----------------
0    | 8     | 0.7792   | 3.7696   | 4.0403 
1    | 9     | 0.6088   | 0.9160   | 0.8091 
2    | 11    | 0.4092   | 0.5551   | 0.4938 
3-5  | 59    | 0.3998   | 0.3926   | 0.3400 
6+   | 276   | 0.3220   | 0.2990   | 0.3075 

Epoch 72: loss = 0.620421 phase = C val_loss = 0.726221 delta_mae_pts = 0.3544 recap_mae_pts = 0.3544 cat_mae_pts = 0.4388 total_mae_pts = 1.0185 vs_inertia_pts = 0.0593 vs_quad_pts = 0.2917 lr_base = 0.000319 lr_mult = 0.2500 lr_eff = 0.000080 mon_cov = 0.959 mon_score = 2.1276 progress = 73/120 epoch_sec = 75.0 avg_epoch_sec = 75.0 elapsed = 01:31:15 eta = 00:58:45
Epoch 72 memory(end): tensors=258, buffers=258, bytes=18.4MB
[curriculum] phase=C age=43 ramp=80 delta=0.3544 cov=0.959 best_global_delta=0.3473

Epoch 73: Phase C (A_end=10, B_end=30, C_ramp=80) Weights {"totalWeight":0.063,"recapWeight":0.165625,"deltaWeight":5.703125,"categoryWeight":0.05,"quantileWeight":0.6375,"consistencyWeight":0,"identityDropoutRate":0.964375}, Scales {"judgeBias":1,"corps":1}, SeqLen 15, ID_Drop 0.970, HistHide 0.150, WFW 1.500 
Epoch 73 memory(start): tensors=258, buffers=258, bytes=18.4MB

History Bucket Diagnostics (Avg Abs Error per sample, normalized units):
Hist | Count | MAE_Pred | MAE_Base | PredDevFromBase
-----|-------|----------|----------|----------------
0    | 8     | 0.7169   | 3.7696   | 3.9737 
1    | 9     | 0.5957   | 0.9160   | 0.8256 
2    | 11    | 0.4107   | 0.5551   | 0.5198 
3-5  | 59    | 0.4031   | 0.3926   | 0.3610 
6+   | 276   | 0.3266   | 0.2990   | 0.3177 

Epoch 73: loss = 0.631760 phase = C val_loss = 0.743661 delta_mae_pts = 0.3568 recap_mae_pts = 0.3568 cat_mae_pts = 0.4395 total_mae_pts = 1.0126 vs_inertia_pts = 0.0569 vs_quad_pts = 0.2894 lr_base = 0.000308 lr_mult = 0.2500 lr_eff = 0.000077 mon_cov = 0.962 mon_score = 2.1798 progress = 74/120 epoch_sec = 75.1 avg_epoch_sec = 75.0 elapsed = 01:32:30 eta = 00:57:30
Epoch 73 memory(end): tensors=258, buffers=258, bytes=18.4MB
[curriculum] phase=C age=44 ramp=80 delta=0.3568 cov=0.962 best_global_delta=0.3473

Epoch 74: Phase C (A_end=10, B_end=30, C_ramp=80) Weights {"totalWeight":0.064,"recapWeight":0.16249999999999998,"deltaWeight":5.8125,"categoryWeight":0.05,"quantileWeight":0.65,"consistencyWeight":0,"identityDropoutRate":0.9525}, Scales {"judgeBias":1,"corps":1}, SeqLen 15, ID_Drop 0.949, HistHide 0.150, WFW 1.500 
Epoch 74 memory(start): tensors=258, buffers=258, bytes=18.4MB

History Bucket Diagnostics (Avg Abs Error per sample, normalized units):
Hist | Count | MAE_Pred | MAE_Base | PredDevFromBase
-----|-------|----------|----------|----------------
0    | 8     | 0.7919   | 3.7696   | 4.0366 
1    | 9     | 0.5948   | 0.9160   | 0.7803 
2    | 11    | 0.3984   | 0.5551   | 0.4712 
3-5  | 59    | 0.4129   | 0.3926   | 0.3414 
6+   | 276   | 0.3229   | 0.2990   | 0.3033 

Epoch 74: loss = 0.640389 phase = C val_loss = 0.755301 delta_mae_pts = 0.3569 recap_mae_pts = 0.3569 cat_mae_pts = 0.4495 total_mae_pts = 1.0467 vs_inertia_pts = 0.0568 vs_quad_pts = 0.2892 lr_base = 0.000298 lr_mult = 0.2500 lr_eff = 0.000075 mon_cov = 0.961 mon_score = 2.2221 progress = 75/120 epoch_sec = 75.6 avg_epoch_sec = 75.0 elapsed = 01:33:46 eta = 00:56:16
Epoch 74 memory(end): tensors=258, buffers=258, bytes=18.4MB
[curriculum] phase=C age=45 ramp=80 delta=0.3569 cov=0.961 best_global_delta=0.3473

Epoch 75: Phase C (A_end=10, B_end=30, C_ramp=80) Weights {"totalWeight":0.065,"recapWeight":0.159375,"deltaWeight":5.921875,"categoryWeight":0.05,"quantileWeight":0.6625,"consistencyWeight":0,"identityDropoutRate":0.940625}, Scales {"judgeBias":1,"corps":1}, SeqLen 15, ID_Drop 0.935, HistHide 0.150, WFW 1.500 
Epoch 75 memory(start): tensors=258, buffers=258, bytes=18.4MB

History Bucket Diagnostics (Avg Abs Error per sample, normalized units):
Hist | Count | MAE_Pred | MAE_Base | PredDevFromBase
-----|-------|----------|----------|----------------
0    | 8     | 0.7433   | 3.7696   | 4.0031 
1    | 9     | 0.6076   | 0.9160   | 0.8136 
2    | 11    | 0.3980   | 0.5551   | 0.4984 
3-5  | 59    | 0.4102   | 0.3926   | 0.3463 
6+   | 276   | 0.3191   | 0.2990   | 0.3045 

Epoch 75: loss = 0.647733 phase = C val_loss = 0.762369 delta_mae_pts = 0.3528 recap_mae_pts = 0.3528 cat_mae_pts = 0.4385 total_mae_pts = 1.0329 vs_inertia_pts = 0.0609 vs_quad_pts = 0.2934 lr_base = 0.000289 lr_mult = 0.2500 lr_eff = 0.000072 mon_cov = 0.962 mon_score = 2.2345 progress = 76/120 epoch_sec = 75.4 avg_epoch_sec = 75.0 elapsed = 01:35:01 eta = 00:55:01
Epoch 75 memory(end): tensors=258, buffers=258, bytes=18.4MB
[curriculum] phase=C age=46 ramp=80 delta=0.3528 cov=0.962 best_global_delta=0.3473

Epoch 76: Phase C (A_end=10, B_end=30, C_ramp=80) Weights {"totalWeight":0.066,"recapWeight":0.15625,"deltaWeight":6.03125,"categoryWeight":0.05,"quantileWeight":0.6749999999999999,"consistencyWeight":0,"identityDropoutRate":0.92875}, Scales {"judgeBias":1,"corps":1}, SeqLen 15, ID_Drop 0.929, HistHide 0.150, WFW 1.500 
Epoch 76 memory(start): tensors=258, buffers=258, bytes=18.4MB

History Bucket Diagnostics (Avg Abs Error per sample, normalized units):
Hist | Count | MAE_Pred | MAE_Base | PredDevFromBase
-----|-------|----------|----------|----------------
0    | 8     | 0.8204   | 3.7696   | 4.0682 
1    | 9     | 0.6196   | 0.9160   | 0.7905 
2    | 11    | 0.4006   | 0.5551   | 0.4900 
3-5  | 59    | 0.4056   | 0.3926   | 0.3421 
6+   | 276   | 0.3196   | 0.2990   | 0.3042 

Epoch 76: loss = 0.656629 phase = C val_loss = 0.778141 delta_mae_pts = 0.3545 recap_mae_pts = 0.3545 cat_mae_pts = 0.4426 total_mae_pts = 1.0434 vs_inertia_pts = 0.0592 vs_quad_pts = 0.2916 lr_base = 0.000279 lr_mult = 0.2500 lr_eff = 0.000070 mon_cov = 0.955 mon_score = 2.2847 progress = 77/120 epoch_sec = 76.5 avg_epoch_sec = 75.0 elapsed = 01:36:18 eta = 00:53:47
Epoch 76 memory(end): tensors=258, buffers=258, bytes=18.4MB
[curriculum] phase=C age=47 ramp=80 delta=0.3545 cov=0.955 best_global_delta=0.3473

Epoch 77: Phase C (A_end=10, B_end=30, C_ramp=80) Weights {"totalWeight":0.067,"recapWeight":0.15312499999999998,"deltaWeight":6.140625,"categoryWeight":0.05,"quantileWeight":0.6875,"consistencyWeight":0,"identityDropoutRate":0.916875}, Scales {"judgeBias":1,"corps":1}, SeqLen 15, ID_Drop 0.921, HistHide 0.150, WFW 1.500 
Epoch 77 memory(start): tensors=258, buffers=258, bytes=18.4MB

History Bucket Diagnostics (Avg Abs Error per sample, normalized units):
Hist | Count | MAE_Pred | MAE_Base | PredDevFromBase
-----|-------|----------|----------|----------------
0    | 8     | 0.7329   | 3.7696   | 4.0211 
1    | 9     | 0.6018   | 0.9160   | 0.8220 
2    | 11    | 0.4006   | 0.5551   | 0.5010 
3-5  | 59    | 0.4033   | 0.3926   | 0.3337 
6+   | 276   | 0.3147   | 0.2990   | 0.2909 

Epoch 77: loss = 0.672664 phase = C val_loss = 0.778617 delta_mae_pts = 0.3480 recap_mae_pts = 0.3480 cat_mae_pts = 0.4329 total_mae_pts = 1.0142 vs_inertia_pts = 0.0657 vs_quad_pts = 0.2981 lr_base = 0.000269 lr_mult = 0.2500 lr_eff = 0.000067 mon_cov = 0.961 mon_score = 2.2801 progress = 78/120 epoch_sec = 74.6 avg_epoch_sec = 75.0 elapsed = 01:37:32 eta = 00:52:31
Epoch 77 memory(end): tensors=258, buffers=258, bytes=18.4MB
[curriculum] phase=C age=48 ramp=80 delta=0.3480 cov=0.961 best_global_delta=0.3473

Epoch 78: Phase C (A_end=10, B_end=30, C_ramp=80) Weights {"totalWeight":0.068,"recapWeight":0.15,"deltaWeight":6.25,"categoryWeight":0.05,"quantileWeight":0.7,"consistencyWeight":0,"identityDropoutRate":0.905}, Scales {"judgeBias":1,"corps":1}, SeqLen 15, ID_Drop 0.911, HistHide 0.150, WFW 1.500 
Epoch 78 memory(start): tensors=258, buffers=258, bytes=18.4MB

History Bucket Diagnostics (Avg Abs Error per sample, normalized units):
Hist | Count | MAE_Pred | MAE_Base | PredDevFromBase
-----|-------|----------|----------|----------------
0    | 8     | 0.7765   | 3.7696   | 4.0410 
1    | 9     | 0.6078   | 0.9160   | 0.7945 
2    | 11    | 0.3972   | 0.5551   | 0.4923 
3-5  | 59    | 0.4164   | 0.3926   | 0.3514 
6+   | 276   | 0.3203   | 0.2990   | 0.3065 

Epoch 78: loss = 0.679152 phase = C val_loss = 0.808451 delta_mae_pts = 0.3554 recap_mae_pts = 0.3554 cat_mae_pts = 0.4424 total_mae_pts = 1.0295 vs_inertia_pts = 0.0583 vs_quad_pts = 0.2907 lr_base = 0.000259 lr_mult = 0.2500 lr_eff = 0.000065 mon_cov = 0.956 mon_score = 2.3669 progress = 79/120 epoch_sec = 75.1 avg_epoch_sec = 75.0 elapsed = 01:38:48 eta = 00:51:16
Epoch 78 memory(end): tensors=258, buffers=258, bytes=18.4MB
[curriculum] phase=C age=49 ramp=80 delta=0.3554 cov=0.956 best_global_delta=0.3473

Epoch 79: Phase C (A_end=10, B_end=30, C_ramp=80) Weights {"totalWeight":0.069,"recapWeight":0.14687499999999998,"deltaWeight":6.359375,"categoryWeight":0.05,"quantileWeight":0.7125,"consistencyWeight":0,"identityDropoutRate":0.893125}, Scales {"judgeBias":1,"corps":1}, SeqLen 15, ID_Drop 0.896, HistHide 0.150, WFW 1.500 
Epoch 79 memory(start): tensors=258, buffers=258, bytes=18.4MB

History Bucket Diagnostics (Avg Abs Error per sample, normalized units):
Hist | Count | MAE_Pred | MAE_Base | PredDevFromBase
-----|-------|----------|----------|----------------
0    | 8     | 0.7206   | 3.7696   | 3.9624 
1    | 9     | 0.6021   | 0.9160   | 0.7697 
2    | 11    | 0.3945   | 0.5551   | 0.4667 
3-5  | 59    | 0.4281   | 0.3926   | 0.3418 
6+   | 276   | 0.3236   | 0.2990   | 0.2986 

Epoch 79: loss = 0.682586 phase = C val_loss = 0.829065 delta_mae_pts = 0.3584 recap_mae_pts = 0.3584 cat_mae_pts = 0.4492 total_mae_pts = 1.0588 vs_inertia_pts = 0.0554 vs_quad_pts = 0.2878 lr_base = 0.000250 lr_mult = 0.2500 lr_eff = 0.000062 mon_cov = 0.956 mon_score = 2.4271 progress = 80/120 epoch_sec = 75.0 avg_epoch_sec = 75.0 elapsed = 01:40:03 eta = 00:50:01
Epoch 79 memory(end): tensors=258, buffers=258, bytes=18.4MB
[curriculum] phase=C age=50 ramp=80 delta=0.3584 cov=0.956 best_global_delta=0.3473

Epoch 80: Phase C (A_end=10, B_end=30, C_ramp=80) Weights {"totalWeight":0.07,"recapWeight":0.14375,"deltaWeight":6.46875,"categoryWeight":0.05,"quantileWeight":0.725,"consistencyWeight":0,"identityDropoutRate":0.88125}, Scales {"judgeBias":1,"corps":1}, SeqLen 15, ID_Drop 0.874, HistHide 0.150, WFW 1.500 
Epoch 80 memory(start): tensors=258, buffers=258, bytes=18.4MB

History Bucket Diagnostics (Avg Abs Error per sample, normalized units):
Hist | Count | MAE_Pred | MAE_Base | PredDevFromBase
-----|-------|----------|----------|----------------
0    | 8     | 0.8146   | 3.7696   | 4.0804 
1    | 9     | 0.6009   | 0.9160   | 0.8030 
2    | 11    | 0.3905   | 0.5551   | 0.4679 
3-5  | 59    | 0.4229   | 0.3926   | 0.3354 
6+   | 276   | 0.3180   | 0.2990   | 0.2919 

Epoch 80: loss = 0.696096 phase = C val_loss = 0.834483 delta_mae_pts = 0.3552 recap_mae_pts = 0.3552 cat_mae_pts = 0.4503 total_mae_pts = 1.0873 vs_inertia_pts = 0.0585 vs_quad_pts = 0.2910 lr_base = 0.000240 lr_mult = 0.2500 lr_eff = 0.000060 mon_cov = 0.951 mon_score = 2.4473 progress = 81/120 epoch_sec = 74.3 avg_epoch_sec = 75.0 elapsed = 01:41:17 eta = 00:48:46
Epoch 80 memory(end): tensors=258, buffers=258, bytes=18.4MB
[curriculum] phase=C age=51 ramp=80 delta=0.3552 cov=0.951 best_global_delta=0.3473

Epoch 81: Phase C (A_end=10, B_end=30, C_ramp=80) Weights {"totalWeight":0.071,"recapWeight":0.140625,"deltaWeight":6.578125,"categoryWeight":0.05,"quantileWeight":0.7374999999999999,"consistencyWeight":0,"identityDropoutRate":0.869375}, Scales {"judgeBias":1,"corps":1}, SeqLen 15, ID_Drop 0.872, HistHide 0.150, WFW 1.500 
Epoch 81 memory(start): tensors=258, buffers=258, bytes=18.4MB

History Bucket Diagnostics (Avg Abs Error per sample, normalized units):
Hist | Count | MAE_Pred | MAE_Base | PredDevFromBase
-----|-------|----------|----------|----------------
0    | 8     | 0.7495   | 3.7696   | 4.0001 
1    | 9     | 0.6091   | 0.9160   | 0.7882 
2    | 11    | 0.3965   | 0.5551   | 0.4801 
3-5  | 59    | 0.4165   | 0.3926   | 0.3465 
6+   | 276   | 0.3193   | 0.2990   | 0.3041 

Epoch 81: loss = 0.708954 phase = C val_loss = 0.843418 delta_mae_pts = 0.3541 recap_mae_pts = 0.3541 cat_mae_pts = 0.4478 total_mae_pts = 1.0641 vs_inertia_pts = 0.0596 vs_quad_pts = 0.2920 lr_base = 0.000231 lr_mult = 0.2500 lr_eff = 0.000058 mon_cov = 0.956 mon_score = 2.4772 progress = 82/120 epoch_sec = 74.4 avg_epoch_sec = 75.0 elapsed = 01:42:31 eta = 00:47:31
Epoch 81 memory(end): tensors=258, buffers=258, bytes=18.4MB
[curriculum] phase=C age=52 ramp=80 delta=0.3541 cov=0.956 best_global_delta=0.3473

Epoch 82: Phase C (A_end=10, B_end=30, C_ramp=80) Weights {"totalWeight":0.07200000000000001,"recapWeight":0.13749999999999998,"deltaWeight":6.6875,"categoryWeight":0.05,"quantileWeight":0.75,"consistencyWeight":0,"identityDropoutRate":0.8575}, Scales {"judgeBias":1,"corps":1}, SeqLen 15, ID_Drop 0.856, HistHide 0.150, WFW 1.500 
Epoch 82 memory(start): tensors=258, buffers=258, bytes=18.4MB

History Bucket Diagnostics (Avg Abs Error per sample, normalized units):
Hist | Count | MAE_Pred | MAE_Base | PredDevFromBase
-----|-------|----------|----------|----------------
0    | 8     | 0.7502   | 3.7696   | 3.9688 
1    | 9     | 0.5952   | 0.9160   | 0.7651 
2    | 11    | 0.3846   | 0.5551   | 0.4695 
3-5  | 59    | 0.4247   | 0.3926   | 0.3443 
6+   | 276   | 0.3157   | 0.2990   | 0.2970 

Epoch 82: loss = 0.713004 phase = C val_loss = 0.855124 delta_mae_pts = 0.3520 recap_mae_pts = 0.3520 cat_mae_pts = 0.4399 total_mae_pts = 1.0440 vs_inertia_pts = 0.0617 vs_quad_pts = 0.2942 lr_base = 0.000222 lr_mult = 0.2500 lr_eff = 0.000055 mon_cov = 0.956 mon_score = 2.4998 progress = 83/120 epoch_sec = 75.5 avg_epoch_sec = 75.0 elapsed = 01:43:47 eta = 00:46:16
Epoch 82 memory(end): tensors=258, buffers=258, bytes=18.4MB
[curriculum] phase=C age=53 ramp=80 delta=0.3520 cov=0.956 best_global_delta=0.3473

Epoch 83: Phase C (A_end=10, B_end=30, C_ramp=80) Weights {"totalWeight":0.073,"recapWeight":0.134375,"deltaWeight":6.796875,"categoryWeight":0.05,"quantileWeight":0.7625,"consistencyWeight":0,"identityDropoutRate":0.8456250000000001}, Scales {"judgeBias":1,"corps":1}, SeqLen 15, ID_Drop 0.841, HistHide 0.150, WFW 1.500 
Epoch 83 memory(start): tensors=258, buffers=258, bytes=18.4MB

History Bucket Diagnostics (Avg Abs Error per sample, normalized units):
Hist | Count | MAE_Pred | MAE_Base | PredDevFromBase
-----|-------|----------|----------|----------------
0    | 8     | 0.7743   | 3.7696   | 4.0464 
1    | 9     | 0.6035   | 0.9160   | 0.8115 
2    | 11    | 0.4060   | 0.5551   | 0.4950 
3-5  | 59    | 0.4218   | 0.3926   | 0.3536 
6+   | 276   | 0.3201   | 0.2990   | 0.3060 

Epoch 83: loss = 0.724222 phase = C val_loss = 0.875553 delta_mae_pts = 0.3563 recap_mae_pts = 0.3563 cat_mae_pts = 0.4452 total_mae_pts = 1.0286 vs_inertia_pts = 0.0575 vs_quad_pts = 0.2899 lr_base = 0.000213 lr_mult = 0.2500 lr_eff = 0.000053 mon_cov = 0.954 mon_score = 2.5670 progress = 84/120 epoch_sec = 75.0 avg_epoch_sec = 75.0 elapsed = 01:45:02 eta = 00:45:01
Epoch 83 memory(end): tensors=258, buffers=258, bytes=18.4MB
[curriculum] phase=C age=54 ramp=80 delta=0.3563 cov=0.954 best_global_delta=0.3473

Epoch 84: Phase C (A_end=10, B_end=30, C_ramp=80) Weights {"totalWeight":0.07400000000000001,"recapWeight":0.13124999999999998,"deltaWeight":6.90625,"categoryWeight":0.05,"quantileWeight":0.775,"consistencyWeight":0,"identityDropoutRate":0.83375}, Scales {"judgeBias":1,"corps":1}, SeqLen 15, ID_Drop 0.834, HistHide 0.150, WFW 1.500 
Epoch 84 memory(start): tensors=258, buffers=258, bytes=18.4MB

History Bucket Diagnostics (Avg Abs Error per sample, normalized units):
Hist | Count | MAE_Pred | MAE_Base | PredDevFromBase
-----|-------|----------|----------|----------------
0    | 8     | 0.7748   | 3.7696   | 4.0232 
1    | 9     | 0.5961   | 0.9160   | 0.7858 
2    | 11    | 0.3954   | 0.5551   | 0.4708 
3-5  | 59    | 0.4296   | 0.3926   | 0.3418 
6+   | 276   | 0.3154   | 0.2990   | 0.2942 

Epoch 84: loss = 0.737389 phase = C val_loss = 0.883637 delta_mae_pts = 0.3534 recap_mae_pts = 0.3534 cat_mae_pts = 0.4428 total_mae_pts = 1.0581 vs_inertia_pts = 0.0603 vs_quad_pts = 0.2927 lr_base = 0.000204 lr_mult = 0.2500 lr_eff = 0.000051 mon_cov = 0.956 mon_score = 2.5882 progress = 85/120 epoch_sec = 75.4 avg_epoch_sec = 75.0 elapsed = 01:46:17 eta = 00:43:46
Epoch 84 memory(end): tensors=258, buffers=258, bytes=18.4MB
[curriculum] phase=C age=55 ramp=80 delta=0.3534 cov=0.956 best_global_delta=0.3473

Epoch 85: Phase C (A_end=10, B_end=30, C_ramp=80) Weights {"totalWeight":0.075,"recapWeight":0.128125,"deltaWeight":7.015625,"categoryWeight":0.05,"quantileWeight":0.7875,"consistencyWeight":0,"identityDropoutRate":0.821875}, Scales {"judgeBias":1,"corps":1}, SeqLen 15, ID_Drop 0.817, HistHide 0.150, WFW 1.500 
Epoch 85 memory(start): tensors=258, buffers=258, bytes=18.4MB

History Bucket Diagnostics (Avg Abs Error per sample, normalized units):
Hist | Count | MAE_Pred | MAE_Base | PredDevFromBase
-----|-------|----------|----------|----------------
0    | 8     | 0.7540   | 3.7696   | 3.9762 
1    | 9     | 0.6014   | 0.9160   | 0.7698 
2    | 11    | 0.3929   | 0.5551   | 0.4651 
3-5  | 59    | 0.4290   | 0.3926   | 0.3422 
6+   | 276   | 0.3144   | 0.2990   | 0.2909 

Epoch 85: loss = 0.741829 phase = C val_loss = 0.893727 delta_mae_pts = 0.3522 recap_mae_pts = 0.3522 cat_mae_pts = 0.4436 total_mae_pts = 1.0761 vs_inertia_pts = 0.0615 vs_quad_pts = 0.2939 lr_base = 0.000195 lr_mult = 0.2500 lr_eff = 0.000049 mon_cov = 0.956 mon_score = 2.6198 progress = 86/120 epoch_sec = 75.4 avg_epoch_sec = 75.0 elapsed = 01:47:33 eta = 00:42:31
Epoch 85 memory(end): tensors=258, buffers=258, bytes=18.4MB
[curriculum] phase=C age=56 ramp=80 delta=0.3522 cov=0.956 best_global_delta=0.3473

--- NO MONITOR IMPROVEMENT FOR 18 EPOCHS: plateau multiplier 0.2500 -> 0.1250, effective LR 0.000030 ---

Epoch 86: Phase C (A_end=10, B_end=30, C_ramp=80) Weights {"totalWeight":0.076,"recapWeight":0.125,"deltaWeight":7.125,"categoryWeight":0.05,"quantileWeight":0.7999999999999999,"consistencyWeight":0,"identityDropoutRate":0.81}, Scales {"judgeBias":1,"corps":1}, SeqLen 15, ID_Drop 0.809, HistHide 0.150, WFW 1.500 
Epoch 86 memory(start): tensors=258, buffers=258, bytes=18.4MB

History Bucket Diagnostics (Avg Abs Error per sample, normalized units):
Hist | Count | MAE_Pred | MAE_Base | PredDevFromBase
-----|-------|----------|----------|----------------
0    | 8     | 0.8032   | 3.7696   | 4.0606 
1    | 9     | 0.6002   | 0.9160   | 0.8127 
2    | 11    | 0.3986   | 0.5551   | 0.4861 
3-5  | 59    | 0.4211   | 0.3926   | 0.3444 
6+   | 276   | 0.3141   | 0.2990   | 0.2991 

Epoch 86: loss = 0.750701 phase = C val_loss = 0.905832 delta_mae_pts = 0.3520 recap_mae_pts = 0.3520 cat_mae_pts = 0.4401 total_mae_pts = 1.0598 vs_inertia_pts = 0.0618 vs_quad_pts = 0.2942 lr_base = 0.000187 lr_mult = 0.1250 lr_eff = 0.000030 mon_cov = 0.957 mon_score = 2.6552 progress = 87/120 epoch_sec = 76.3 avg_epoch_sec = 75.0 elapsed = 01:48:49 eta = 00:41:16
Epoch 86 memory(end): tensors=258, buffers=258, bytes=18.4MB
[curriculum] phase=C age=57 ramp=80 delta=0.3520 cov=0.957 best_global_delta=0.3473

Epoch 87: Phase C (A_end=10, B_end=30, C_ramp=80) Weights {"totalWeight":0.077,"recapWeight":0.12187499999999998,"deltaWeight":7.234375,"categoryWeight":0.05,"quantileWeight":0.8125,"consistencyWeight":0,"identityDropoutRate":0.798125}, Scales {"judgeBias":1,"corps":1}, SeqLen 15, ID_Drop 0.804, HistHide 0.150, WFW 1.500 
Epoch 87 memory(start): tensors=258, buffers=258, bytes=18.4MB

History Bucket Diagnostics (Avg Abs Error per sample, normalized units):
Hist | Count | MAE_Pred | MAE_Base | PredDevFromBase
-----|-------|----------|----------|----------------
0    | 8     | 0.7677   | 3.7696   | 4.0212 
1    | 9     | 0.6012   | 0.9160   | 0.7992 
2    | 11    | 0.3981   | 0.5551   | 0.4873 
3-5  | 59    | 0.4209   | 0.3926   | 0.3406 
6+   | 276   | 0.3150   | 0.2990   | 0.2965 

Epoch 87: loss = 0.750991 phase = C val_loss = 0.919783 delta_mae_pts = 0.3518 recap_mae_pts = 0.3518 cat_mae_pts = 0.4377 total_mae_pts = 1.0478 vs_inertia_pts = 0.0619 vs_quad_pts = 0.2943 lr_base = 0.000178 lr_mult = 0.1250 lr_eff = 0.000030 mon_cov = 0.955 mon_score = 2.6920 progress = 88/120 epoch_sec = 75.1 avg_epoch_sec = 75.0 elapsed = 01:50:04 eta = 00:40:01
Epoch 87 memory(end): tensors=258, buffers=258, bytes=18.4MB
[curriculum] phase=C age=58 ramp=80 delta=0.3518 cov=0.955 best_global_delta=0.3473

Epoch 88: Phase C (A_end=10, B_end=30, C_ramp=80) Weights {"totalWeight":0.078,"recapWeight":0.11875,"deltaWeight":7.34375,"categoryWeight":0.05,"quantileWeight":0.825,"consistencyWeight":0,"identityDropoutRate":0.78625}, Scales {"judgeBias":1,"corps":1}, SeqLen 15, ID_Drop 0.785, HistHide 0.150, WFW 1.500 
Epoch 88 memory(start): tensors=258, buffers=258, bytes=18.4MB

History Bucket Diagnostics (Avg Abs Error per sample, normalized units):
Hist | Count | MAE_Pred | MAE_Base | PredDevFromBase
-----|-------|----------|----------|----------------
0    | 8     | 0.7739   | 3.7696   | 4.0182 
1    | 9     | 0.6007   | 0.9160   | 0.7973 
2    | 11    | 0.3978   | 0.5551   | 0.4791 
3-5  | 59    | 0.4260   | 0.3926   | 0.3390 
6+   | 276   | 0.3151   | 0.2990   | 0.2936 

Epoch 88: loss = 0.763552 phase = C val_loss = 0.935402 delta_mae_pts = 0.3528 recap_mae_pts = 0.3528 cat_mae_pts = 0.4443 total_mae_pts = 1.0714 vs_inertia_pts = 0.0609 vs_quad_pts = 0.2934 lr_base = 0.000170 lr_mult = 0.1250 lr_eff = 0.000030 mon_cov = 0.955 mon_score = 2.7400 progress = 89/120 epoch_sec = 75.9 avg_epoch_sec = 75.1 elapsed = 01:51:20 eta = 00:38:47
Epoch 88 memory(end): tensors=258, buffers=258, bytes=18.4MB
[curriculum] phase=C age=59 ramp=80 delta=0.3528 cov=0.955 best_global_delta=0.3473

Epoch 89: Phase C (A_end=10, B_end=30, C_ramp=80) Weights {"totalWeight":0.079,"recapWeight":0.11562499999999998,"deltaWeight":7.453125,"categoryWeight":0.05,"quantileWeight":0.8375,"consistencyWeight":0,"identityDropoutRate":0.774375}, Scales {"judgeBias":1,"corps":1}, SeqLen 15, ID_Drop 0.760, HistHide 0.150, WFW 1.500 
Epoch 89 memory(start): tensors=258, buffers=258, bytes=18.4MB

History Bucket Diagnostics (Avg Abs Error per sample, normalized units):
Hist | Count | MAE_Pred | MAE_Base | PredDevFromBase
-----|-------|----------|----------|----------------
0    | 8     | 0.7911   | 3.7696   | 4.0408 
1    | 9     | 0.6108   | 0.9160   | 0.8181 
2    | 11    | 0.3988   | 0.5551   | 0.4941 
3-5  | 59    | 0.4135   | 0.3926   | 0.3422 
6+   | 276   | 0.3141   | 0.2990   | 0.2987 

Epoch 89: loss = 0.778859 phase = C val_loss = 0.942778 delta_mae_pts = 0.3507 recap_mae_pts = 0.3507 cat_mae_pts = 0.4380 total_mae_pts = 1.0388 vs_inertia_pts = 0.0630 vs_quad_pts = 0.2955 lr_base = 0.000162 lr_mult = 0.1250 lr_eff = 0.000030 mon_cov = 0.957 mon_score = 2.7602 progress = 90/120 epoch_sec = 75.0 avg_epoch_sec = 75.1 elapsed = 01:52:35 eta = 00:37:32
Epoch 89 memory(end): tensors=258, buffers=258, bytes=18.4MB
[curriculum] phase=C age=60 ramp=80 delta=0.3507 cov=0.957 best_global_delta=0.3473

Epoch 90: Phase C (A_end=10, B_end=30, C_ramp=80) Weights {"totalWeight":0.08,"recapWeight":0.11249999999999999,"deltaWeight":7.5625,"categoryWeight":0.05,"quantileWeight":0.85,"consistencyWeight":0,"identityDropoutRate":0.7625}, Scales {"judgeBias":1,"corps":1}, SeqLen 15, ID_Drop 0.762, HistHide 0.150, WFW 1.500 
Epoch 90 memory(start): tensors=258, buffers=258, bytes=18.4MB

History Bucket Diagnostics (Avg Abs Error per sample, normalized units):
Hist | Count | MAE_Pred | MAE_Base | PredDevFromBase
-----|-------|----------|----------|----------------
0    | 8     | 0.7666   | 3.7696   | 4.0006 
1    | 9     | 0.6061   | 0.9160   | 0.8048 
2    | 11    | 0.3930   | 0.5551   | 0.4869 
3-5  | 59    | 0.4205   | 0.3926   | 0.3426 
6+   | 276   | 0.3135   | 0.2990   | 0.2966 

Epoch 90: loss = 0.789180 phase = C val_loss = 0.955036 delta_mae_pts = 0.3506 recap_mae_pts = 0.3506 cat_mae_pts = 0.4384 total_mae_pts = 1.0390 vs_inertia_pts = 0.0632 vs_quad_pts = 0.2956 lr_base = 0.000154 lr_mult = 0.1250 lr_eff = 0.000030 mon_cov = 0.956 mon_score = 2.7979 progress = 91/120 epoch_sec = 75.0 avg_epoch_sec = 75.1 elapsed = 01:53:50 eta = 00:36:17
Epoch 90 memory(end): tensors=258, buffers=258, bytes=18.4MB
[curriculum] phase=C age=61 ramp=80 delta=0.3506 cov=0.956 best_global_delta=0.3473

Epoch 91: Phase C (A_end=10, B_end=30, C_ramp=80) Weights {"totalWeight":0.081,"recapWeight":0.109375,"deltaWeight":7.671875,"categoryWeight":0.05,"quantileWeight":0.8624999999999999,"consistencyWeight":0,"identityDropoutRate":0.750625}, Scales {"judgeBias":1,"corps":1}, SeqLen 15, ID_Drop 0.763, HistHide 0.150, WFW 1.500 
Epoch 91 memory(start): tensors=258, buffers=258, bytes=18.4MB

History Bucket Diagnostics (Avg Abs Error per sample, normalized units):
Hist | Count | MAE_Pred | MAE_Base | PredDevFromBase
-----|-------|----------|----------|----------------
0    | 8     | 0.8154   | 3.7696   | 4.0630 
1    | 9     | 0.6100   | 0.9160   | 0.8170 
2    | 11    | 0.3975   | 0.5551   | 0.4898 
3-5  | 59    | 0.4183   | 0.3926   | 0.3404 
6+   | 276   | 0.3126   | 0.2990   | 0.2957 

Epoch 91: loss = 0.790004 phase = C val_loss = 0.968842 delta_mae_pts = 0.3508 recap_mae_pts = 0.3508 cat_mae_pts = 0.4385 total_mae_pts = 1.0560 vs_inertia_pts = 0.0629 vs_quad_pts = 0.2953 lr_base = 0.000147 lr_mult = 0.1250 lr_eff = 0.000030 mon_cov = 0.954 mon_score = 2.8399 progress = 92/120 epoch_sec = 75.9 avg_epoch_sec = 75.1 elapsed = 01:55:06 eta = 00:35:02
Epoch 91 memory(end): tensors=258, buffers=258, bytes=18.4MB
[curriculum] phase=C age=62 ramp=80 delta=0.3508 cov=0.954 best_global_delta=0.3473

Epoch 92: Phase C (A_end=10, B_end=30, C_ramp=80) Weights {"totalWeight":0.082,"recapWeight":0.10624999999999998,"deltaWeight":7.78125,"categoryWeight":0.05,"quantileWeight":0.875,"consistencyWeight":0,"identityDropoutRate":0.73875}, Scales {"judgeBias":1,"corps":1}, SeqLen 15, ID_Drop 0.742, HistHide 0.150, WFW 1.500 
Epoch 92 memory(start): tensors=258, buffers=258, bytes=18.4MB

History Bucket Diagnostics (Avg Abs Error per sample, normalized units):
Hist | Count | MAE_Pred | MAE_Base | PredDevFromBase
-----|-------|----------|----------|----------------
0    | 8     | 0.7801   | 3.7696   | 4.0155 
1    | 9     | 0.6100   | 0.9160   | 0.8062 
2    | 11    | 0.3973   | 0.5551   | 0.4870 
3-5  | 59    | 0.4186   | 0.3926   | 0.3441 
6+   | 276   | 0.3114   | 0.2990   | 0.2921 

Epoch 92: loss = 0.806076 phase = C val_loss = 0.978370 delta_mae_pts = 0.3491 recap_mae_pts = 0.3491 cat_mae_pts = 0.4355 total_mae_pts = 1.0397 vs_inertia_pts = 0.0646 vs_quad_pts = 0.2970 lr_base = 0.000139 lr_mult = 0.1250 lr_eff = 0.000030 mon_cov = 0.957 mon_score = 2.8638 progress = 93/120 epoch_sec = 75.0 avg_epoch_sec = 75.1 elapsed = 01:56:21 eta = 00:33:47
Epoch 92 memory(end): tensors=258, buffers=258, bytes=18.4MB
[curriculum] phase=C age=63 ramp=80 delta=0.3491 cov=0.957 best_global_delta=0.3473

Epoch 93: Phase C (A_end=10, B_end=30, C_ramp=80) Weights {"totalWeight":0.083,"recapWeight":0.103125,"deltaWeight":7.890625,"categoryWeight":0.05,"quantileWeight":0.8875,"consistencyWeight":0,"identityDropoutRate":0.726875}, Scales {"judgeBias":1,"corps":1}, SeqLen 15, ID_Drop 0.732, HistHide 0.150, WFW 1.500 
Epoch 93 memory(start): tensors=258, buffers=258, bytes=18.4MB

History Bucket Diagnostics (Avg Abs Error per sample, normalized units):
Hist | Count | MAE_Pred | MAE_Base | PredDevFromBase
-----|-------|----------|----------|----------------
0    | 8     | 0.8010   | 3.7696   | 4.0627 
1    | 9     | 0.6123   | 0.9160   | 0.8244 
2    | 11    | 0.3941   | 0.5551   | 0.5001 
3-5  | 59    | 0.4111   | 0.3926   | 0.3397 
6+   | 276   | 0.3125   | 0.2990   | 0.2972 

Epoch 93: loss = 0.810123 phase = C val_loss = 0.991918 delta_mae_pts = 0.3492 recap_mae_pts = 0.3492 cat_mae_pts = 0.4338 total_mae_pts = 1.0243 vs_inertia_pts = 0.0646 vs_quad_pts = 0.2970 lr_base = 0.000132 lr_mult = 0.1250 lr_eff = 0.000030 mon_cov = 0.956 mon_score = 2.9011 progress = 94/120 epoch_sec = 75.8 avg_epoch_sec = 75.1 elapsed = 01:57:37 eta = 00:32:32
Epoch 93 memory(end): tensors=258, buffers=258, bytes=18.4MB
[curriculum] phase=C age=64 ramp=80 delta=0.3492 cov=0.956 best_global_delta=0.3473

Epoch 94: Phase C (A_end=10, B_end=30, C_ramp=80) Weights {"totalWeight":0.084,"recapWeight":0.09999999999999998,"deltaWeight":8,"categoryWeight":0.05,"quantileWeight":0.9,"consistencyWeight":0,"identityDropoutRate":0.7150000000000001}, Scales {"judgeBias":1,"corps":1}, SeqLen 15, ID_Drop 0.708, HistHide 0.150, WFW 1.500 
Epoch 94 memory(start): tensors=258, buffers=258, bytes=18.4MB

History Bucket Diagnostics (Avg Abs Error per sample, normalized units):
Hist | Count | MAE_Pred | MAE_Base | PredDevFromBase
-----|-------|----------|----------|----------------
0    | 8     | 0.7983   | 3.7696   | 4.0501 
1    | 9     | 0.6137   | 0.9160   | 0.8172 
2    | 11    | 0.3972   | 0.5551   | 0.5017 
3-5  | 59    | 0.4154   | 0.3926   | 0.3452 
6+   | 276   | 0.3139   | 0.2990   | 0.2999 

Epoch 94: loss = 0.818073 phase = C val_loss = 1.009172 delta_mae_pts = 0.3510 recap_mae_pts = 0.3510 cat_mae_pts = 0.4374 total_mae_pts = 1.0341 vs_inertia_pts = 0.0627 vs_quad_pts = 0.2951 lr_base = 0.000125 lr_mult = 0.1250 lr_eff = 0.000030 mon_cov = 0.954 mon_score = 2.9556 progress = 95/120 epoch_sec = 74.6 avg_epoch_sec = 75.1 elapsed = 01:58:51 eta = 00:31:17
Epoch 94 memory(end): tensors=258, buffers=258, bytes=18.4MB
[curriculum] phase=C age=65 ramp=80 delta=0.3510 cov=0.954 best_global_delta=0.3473

Epoch 95: Phase C (A_end=10, B_end=30, C_ramp=80) Weights {"totalWeight":0.085,"recapWeight":0.09687499999999999,"deltaWeight":8.109375,"categoryWeight":0.05,"quantileWeight":0.9125,"consistencyWeight":0,"identityDropoutRate":0.703125}, Scales {"judgeBias":1,"corps":1}, SeqLen 15, ID_Drop 0.692, HistHide 0.150, WFW 1.500 
Epoch 95 memory(start): tensors=258, buffers=258, bytes=18.4MB

History Bucket Diagnostics (Avg Abs Error per sample, normalized units):
Hist | Count | MAE_Pred | MAE_Base | PredDevFromBase
-----|-------|----------|----------|----------------
0    | 8     | 0.8170   | 3.7696   | 4.0660 
1    | 9     | 0.6113   | 0.9160   | 0.8176 
2    | 11    | 0.3898   | 0.5551   | 0.5024 
3-5  | 59    | 0.4207   | 0.3926   | 0.3454 
6+   | 276   | 0.3135   | 0.2990   | 0.2972 

Epoch 95: loss = 0.827482 phase = C val_loss = 1.023967 delta_mae_pts = 0.3517 recap_mae_pts = 0.3517 cat_mae_pts = 0.4423 total_mae_pts = 1.0462 vs_inertia_pts = 0.0620 vs_quad_pts = 0.2945 lr_base = 0.000118 lr_mult = 0.1250 lr_eff = 0.000030 mon_cov = 0.955 mon_score = 3.0010 progress = 96/120 epoch_sec = 74.7 avg_epoch_sec = 75.1 elapsed = 02:00:06 eta = 00:30:01
Epoch 95 memory(end): tensors=258, buffers=258, bytes=18.4MB
[curriculum] phase=C age=66 ramp=80 delta=0.3517 cov=0.955 best_global_delta=0.3473

Epoch 96: Phase C (A_end=10, B_end=30, C_ramp=80) Weights {"totalWeight":0.08600000000000001,"recapWeight":0.09375,"deltaWeight":8.21875,"categoryWeight":0.05,"quantileWeight":0.9249999999999999,"consistencyWeight":0,"identityDropoutRate":0.69125}, Scales {"judgeBias":1,"corps":1}, SeqLen 15, ID_Drop 0.693, HistHide 0.150, WFW 1.500 
Epoch 96 memory(start): tensors=258, buffers=258, bytes=18.4MB

History Bucket Diagnostics (Avg Abs Error per sample, normalized units):
Hist | Count | MAE_Pred | MAE_Base | PredDevFromBase
-----|-------|----------|----------|----------------
0    | 8     | 0.8118   | 3.7696   | 4.0351 
1    | 9     | 0.6196   | 0.9160   | 0.7888 
2    | 11    | 0.3831   | 0.5551   | 0.4790 
3-5  | 59    | 0.4304   | 0.3926   | 0.3525 
6+   | 276   | 0.3149   | 0.2990   | 0.2996 

Epoch 96: loss = 0.840723 phase = C val_loss = 1.043524 delta_mae_pts = 0.3542 recap_mae_pts = 0.3542 cat_mae_pts = 0.4428 total_mae_pts = 1.0559 vs_inertia_pts = 0.0595 vs_quad_pts = 0.2919 lr_base = 0.000111 lr_mult = 0.1250 lr_eff = 0.000030 mon_cov = 0.950 mon_score = 3.0612 progress = 97/120 epoch_sec = 73.3 avg_epoch_sec = 75.0 elapsed = 02:01:19 eta = 00:28:46
Epoch 96 memory(end): tensors=258, buffers=258, bytes=18.4MB
[curriculum] phase=C age=67 ramp=80 delta=0.3542 cov=0.950 best_global_delta=0.3473

Epoch 97: Phase C (A_end=10, B_end=30, C_ramp=80) Weights {"totalWeight":0.08700000000000001,"recapWeight":0.09062499999999998,"deltaWeight":8.328125,"categoryWeight":0.05,"quantileWeight":0.9375,"consistencyWeight":0,"identityDropoutRate":0.6793750000000001}, Scales {"judgeBias":1,"corps":1}, SeqLen 15, ID_Drop 0.679, HistHide 0.150, WFW 1.500 
Epoch 97 memory(start): tensors=258, buffers=258, bytes=18.4MB

History Bucket Diagnostics (Avg Abs Error per sample, normalized units):
Hist | Count | MAE_Pred | MAE_Base | PredDevFromBase
-----|-------|----------|----------|----------------
0    | 8     | 0.7977   | 3.7696   | 4.0282 
1    | 9     | 0.6129   | 0.9160   | 0.7913 
2    | 11    | 0.3852   | 0.5551   | 0.4812 
3-5  | 59    | 0.4320   | 0.3926   | 0.3497 
6+   | 276   | 0.3141   | 0.2990   | 0.2958 

Epoch 97: loss = 0.846578 phase = C val_loss = 1.056019 delta_mae_pts = 0.3535 recap_mae_pts = 0.3535 cat_mae_pts = 0.4425 total_mae_pts = 1.0586 vs_inertia_pts = 0.0602 vs_quad_pts = 0.2927 lr_base = 0.000105 lr_mult = 0.1250 lr_eff = 0.000030 mon_cov = 0.950 mon_score = 3.0941 progress = 98/120 epoch_sec = 74.3 avg_epoch_sec = 75.0 elapsed = 02:02:33 eta = 00:27:31
Epoch 97 memory(end): tensors=258, buffers=258, bytes=18.4MB
[curriculum] phase=C age=68 ramp=80 delta=0.3535 cov=0.950 best_global_delta=0.3473

Epoch 98: Phase C (A_end=10, B_end=30, C_ramp=80) Weights {"totalWeight":0.08800000000000001,"recapWeight":0.0875,"deltaWeight":8.4375,"categoryWeight":0.05,"quantileWeight":0.95,"consistencyWeight":0,"identityDropoutRate":0.6675}, Scales {"judgeBias":1,"corps":1}, SeqLen 15, ID_Drop 0.673, HistHide 0.150, WFW 1.500 
Epoch 98 memory(start): tensors=258, buffers=258, bytes=18.4MB

History Bucket Diagnostics (Avg Abs Error per sample, normalized units):
Hist | Count | MAE_Pred | MAE_Base | PredDevFromBase
-----|-------|----------|----------|----------------
0    | 8     | 0.7980   | 3.7696   | 4.0325 
1    | 9     | 0.6161   | 0.9160   | 0.8149 
2    | 11    | 0.3908   | 0.5551   | 0.5046 
3-5  | 59    | 0.4164   | 0.3926   | 0.3501 
6+   | 276   | 0.3128   | 0.2990   | 0.3006 

Epoch 98: loss = 0.854647 phase = C val_loss = 1.060073 delta_mae_pts = 0.3502 recap_mae_pts = 0.3502 cat_mae_pts = 0.4340 total_mae_pts = 1.0242 vs_inertia_pts = 0.0635 vs_quad_pts = 0.2959 lr_base = 0.000099 lr_mult = 0.1250 lr_eff = 0.000030 mon_cov = 0.954 mon_score = 3.1019 progress = 99/120 epoch_sec = 76.1 avg_epoch_sec = 75.0 elapsed = 02:03:50 eta = 00:26:16
Epoch 98 memory(end): tensors=258, buffers=258, bytes=18.4MB
[curriculum] phase=C age=69 ramp=80 delta=0.3502 cov=0.954 best_global_delta=0.3473

Epoch 99: Phase C (A_end=10, B_end=30, C_ramp=80) Weights {"totalWeight":0.08900000000000001,"recapWeight":0.08437499999999998,"deltaWeight":8.546875,"categoryWeight":0.05,"quantileWeight":0.9625,"consistencyWeight":0,"identityDropoutRate":0.655625}, Scales {"judgeBias":1,"corps":1}, SeqLen 15, ID_Drop 0.645, HistHide 0.150, WFW 1.500 
Epoch 99 memory(start): tensors=258, buffers=258, bytes=18.4MB

History Bucket Diagnostics (Avg Abs Error per sample, normalized units):
Hist | Count | MAE_Pred | MAE_Base | PredDevFromBase
-----|-------|----------|----------|----------------
0    | 8     | 0.7881   | 3.7696   | 4.0152 
1    | 9     | 0.6037   | 0.9160   | 0.7996 
2    | 11    | 0.3896   | 0.5551   | 0.4756 
3-5  | 59    | 0.4215   | 0.3926   | 0.3390 
6+   | 276   | 0.3119   | 0.2990   | 0.2914 

Epoch 99: loss = 0.869437 phase = C val_loss = 1.069741 delta_mae_pts = 0.3498 recap_mae_pts = 0.3498 cat_mae_pts = 0.4394 total_mae_pts = 1.0495 vs_inertia_pts = 0.0639 vs_quad_pts = 0.2963 lr_base = 0.000093 lr_mult = 0.1250 lr_eff = 0.000030 mon_cov = 0.954 mon_score = 3.1391 progress = 100/120 epoch_sec = 73.5 avg_epoch_sec = 75.0 elapsed = 02:05:03 eta = 00:25:01
Epoch 99 memory(end): tensors=258, buffers=258, bytes=18.4MB
[curriculum] phase=C age=70 ramp=80 delta=0.3498 cov=0.954 best_global_delta=0.3473

Epoch 100: Phase C (A_end=10, B_end=30, C_ramp=80) Weights {"totalWeight":0.09000000000000001,"recapWeight":0.08124999999999999,"deltaWeight":8.65625,"categoryWeight":0.05,"quantileWeight":0.975,"consistencyWeight":0,"identityDropoutRate":0.64375}, Scales {"judgeBias":1,"corps":1}, SeqLen 15, ID_Drop 0.640, HistHide 0.150, WFW 1.500 
Epoch 100 memory(start): tensors=258, buffers=258, bytes=18.4MB

History Bucket Diagnostics (Avg Abs Error per sample, normalized units):
Hist | Count | MAE_Pred | MAE_Base | PredDevFromBase
-----|-------|----------|----------|----------------
0    | 8     | 0.7758   | 3.7696   | 3.9827 
1    | 9     | 0.6075   | 0.9160   | 0.7713 
2    | 11    | 0.3829   | 0.5551   | 0.4768 
3-5  | 59    | 0.4382   | 0.3926   | 0.3473 
6+   | 276   | 0.3156   | 0.2990   | 0.2937 

Epoch 100: loss = 0.883734 phase = C val_loss = 1.099900 delta_mae_pts = 0.3550 recap_mae_pts = 0.3550 cat_mae_pts = 0.4449 total_mae_pts = 1.0839 vs_inertia_pts = 0.0588 vs_quad_pts = 0.2912 lr_base = 0.000087 lr_mult = 0.1250 lr_eff = 0.000030 mon_cov = 0.946 mon_score = 3.2248 progress = 101/120 epoch_sec = 75.1 avg_epoch_sec = 75.0 elapsed = 02:06:18 eta = 00:23:46
Epoch 100 memory(end): tensors=258, buffers=258, bytes=18.4MB

-- - CAPTION STATS(Epoch 100)-- - 
GE1: delta_pts = 0.3035, recap_pts = 0.3035, cov = 0.970, width = 1.9574 
GE2: delta_pts = 0.3108, recap_pts = 0.3108, cov = 0.975, width = 1.9863 
VP: delta_pts = 0.3306, recap_pts = 0.3306, cov = 0.970, width = 1.9657 
VA: delta_pts = 0.3049, recap_pts = 0.3049, cov = 0.972, width = 2.0064 
CG: delta_pts = 0.3704, recap_pts = 0.3704, cov = 0.928, width = 2.0228 
MB: delta_pts = 0.3683, recap_pts = 0.3683, cov = 0.939, width = 1.9631 
MA: delta_pts = 0.3855, recap_pts = 0.3855, cov = 0.939, width = 1.9580 
MP: delta_pts = 0.4656, recap_pts = 0.4656, cov = 0.871, width = 1.9712 
----------------------------------

[curriculum] phase=C age=71 ramp=80 delta=0.3550 cov=0.946 best_global_delta=0.3473

Epoch 101: Phase C (A_end=10, B_end=30, C_ramp=80) Weights {"totalWeight":0.091,"recapWeight":0.078125,"deltaWeight":8.765625,"categoryWeight":0.05,"quantileWeight":0.9874999999999999,"consistencyWeight":0,"identityDropoutRate":0.631875}, Scales {"judgeBias":1,"corps":1}, SeqLen 15, ID_Drop 0.632, HistHide 0.150, WFW 1.500 
Epoch 101 memory(start): tensors=258, buffers=258, bytes=18.4MB

History Bucket Diagnostics (Avg Abs Error per sample, normalized units):
Hist | Count | MAE_Pred | MAE_Base | PredDevFromBase
-----|-------|----------|----------|----------------
0    | 8     | 0.7721   | 3.7696   | 3.9967 
1    | 9     | 0.6067   | 0.9160   | 0.7938 
2    | 11    | 0.3875   | 0.5551   | 0.4946 
3-5  | 59    | 0.4315   | 0.3926   | 0.3504 
6+   | 276   | 0.3169   | 0.2990   | 0.3021 

Epoch 101: loss = 0.895231 phase = C val_loss = 1.112009 delta_mae_pts = 0.3549 recap_mae_pts = 0.3549 cat_mae_pts = 0.4431 total_mae_pts = 1.0503 vs_inertia_pts = 0.0589 vs_quad_pts = 0.2913 lr_base = 0.000082 lr_mult = 0.1250 lr_eff = 0.000030 mon_cov = 0.949 mon_score = 3.2600 progress = 102/120 epoch_sec = 74.3 avg_epoch_sec = 75.0 elapsed = 02:07:32 eta = 00:22:30
Epoch 101 memory(end): tensors=258, buffers=258, bytes=18.4MB
[curriculum] phase=C age=72 ramp=80 delta=0.3549 cov=0.949 best_global_delta=0.3473

Epoch 102: Phase C (A_end=10, B_end=30, C_ramp=80) Weights {"totalWeight":0.09200000000000001,"recapWeight":0.07499999999999998,"deltaWeight":8.875,"categoryWeight":0.05,"quantileWeight":1,"consistencyWeight":0,"identityDropoutRate":0.62}, Scales {"judgeBias":1,"corps":1}, SeqLen 15, ID_Drop 0.630, HistHide 0.150, WFW 1.500 
Epoch 102 memory(start): tensors=258, buffers=258, bytes=18.4MB

History Bucket Diagnostics (Avg Abs Error per sample, normalized units):
Hist | Count | MAE_Pred | MAE_Base | PredDevFromBase
-----|-------|----------|----------|----------------
0    | 8     | 0.8118   | 3.7696   | 4.0316 
1    | 9     | 0.6050   | 0.9160   | 0.7718 
2    | 11    | 0.3794   | 0.5551   | 0.4808 
3-5  | 59    | 0.4375   | 0.3926   | 0.3555 
6+   | 276   | 0.3170   | 0.2990   | 0.2998 

Epoch 102: loss = 0.899685 phase = C val_loss = 1.131274 delta_mae_pts = 0.3565 recap_mae_pts = 0.3565 cat_mae_pts = 0.4482 total_mae_pts = 1.0793 vs_inertia_pts = 0.0572 vs_quad_pts = 0.2897 lr_base = 0.000077 lr_mult = 0.1250 lr_eff = 0.000030 mon_cov = 0.948 mon_score = 3.3164 progress = 103/120 epoch_sec = 74.5 avg_epoch_sec = 75.0 elapsed = 02:08:47 eta = 00:21:15
Epoch 102 memory(end): tensors=258, buffers=258, bytes=18.4MB
[curriculum] phase=C age=73 ramp=80 delta=0.3565 cov=0.948 best_global_delta=0.3473

Epoch 103: Phase C (A_end=10, B_end=30, C_ramp=80) Weights {"totalWeight":0.093,"recapWeight":0.071875,"deltaWeight":8.984375,"categoryWeight":0.05,"quantileWeight":1.0125,"consistencyWeight":0,"identityDropoutRate":0.608125}, Scales {"judgeBias":1,"corps":1}, SeqLen 15, ID_Drop 0.608, HistHide 0.150, WFW 1.500 
Epoch 103 memory(start): tensors=258, buffers=258, bytes=18.4MB

History Bucket Diagnostics (Avg Abs Error per sample, normalized units):
Hist | Count | MAE_Pred | MAE_Base | PredDevFromBase
-----|-------|----------|----------|----------------
0    | 8     | 0.7888   | 3.7696   | 4.0168 
1    | 9     | 0.6061   | 0.9160   | 0.7706 
2    | 11    | 0.3865   | 0.5551   | 0.4802 
3-5  | 59    | 0.4344   | 0.3926   | 0.3551 
6+   | 276   | 0.3147   | 0.2990   | 0.2970 

Epoch 103: loss = 0.909623 phase = C val_loss = 1.136007 delta_mae_pts = 0.3540 recap_mae_pts = 0.3540 cat_mae_pts = 0.4454 total_mae_pts = 1.0701 vs_inertia_pts = 0.0597 vs_quad_pts = 0.2922 lr_base = 0.000072 lr_mult = 0.1250 lr_eff = 0.000030 mon_cov = 0.951 mon_score = 3.3319 progress = 104/120 epoch_sec = 76.0 avg_epoch_sec = 75.0 elapsed = 02:10:03 eta = 00:20:00
Epoch 103 memory(end): tensors=258, buffers=258, bytes=18.4MB
[curriculum] phase=C age=74 ramp=80 delta=0.3540 cov=0.951 best_global_delta=0.3473

Epoch 104: Phase C (A_end=10, B_end=30, C_ramp=80) Weights {"totalWeight":0.09400000000000001,"recapWeight":0.06874999999999998,"deltaWeight":9.09375,"categoryWeight":0.05,"quantileWeight":1.0250000000000001,"consistencyWeight":0,"identityDropoutRate":0.59625}, Scales {"judgeBias":1,"corps":1}, SeqLen 15, ID_Drop 0.586, HistHide 0.150, WFW 1.500 
Epoch 104 memory(start): tensors=258, buffers=258, bytes=18.4MB

History Bucket Diagnostics (Avg Abs Error per sample, normalized units):
Hist | Count | MAE_Pred | MAE_Base | PredDevFromBase
-----|-------|----------|----------|----------------
0    | 8     | 0.7609   | 3.7696   | 3.9791 
1    | 9     | 0.6015   | 0.9160   | 0.7785 
2    | 11    | 0.3889   | 0.5551   | 0.4841 
3-5  | 59    | 0.4236   | 0.3926   | 0.3507 
6+   | 276   | 0.3107   | 0.2990   | 0.2973 

Epoch 104: loss = 0.933057 phase = C val_loss = 1.133069 delta_mae_pts = 0.3486 recap_mae_pts = 0.3486 cat_mae_pts = 0.4357 total_mae_pts = 1.0402 vs_inertia_pts = 0.0652 vs_quad_pts = 0.2976 lr_base = 0.000067 lr_mult = 0.1250 lr_eff = 0.000030 mon_cov = 0.953 mon_score = 3.3175 progress = 105/120 epoch_sec = 74.7 avg_epoch_sec = 75.0 elapsed = 02:11:18 eta = 00:18:45
Epoch 104 memory(end): tensors=258, buffers=258, bytes=18.4MB
[curriculum] phase=C age=75 ramp=80 delta=0.3486 cov=0.953 best_global_delta=0.3473

Epoch 105: Phase C (A_end=10, B_end=30, C_ramp=80) Weights {"totalWeight":0.095,"recapWeight":0.06562499999999999,"deltaWeight":9.203125,"categoryWeight":0.05,"quantileWeight":1.0375,"consistencyWeight":0,"identityDropoutRate":0.5843750000000001}, Scales {"judgeBias":1,"corps":1}, SeqLen 15, ID_Drop 0.585, HistHide 0.150, WFW 1.500 
Epoch 105 memory(start): tensors=258, buffers=258, bytes=18.4MB

History Bucket Diagnostics (Avg Abs Error per sample, normalized units):
Hist | Count | MAE_Pred | MAE_Base | PredDevFromBase
-----|-------|----------|----------|----------------
0    | 8     | 0.7953   | 3.7696   | 4.0294 
1    | 9     | 0.6016   | 0.9160   | 0.8069 
2    | 11    | 0.3945   | 0.5551   | 0.4938 
3-5  | 59    | 0.4134   | 0.3926   | 0.3468 
6+   | 276   | 0.3074   | 0.2990   | 0.2961 

Epoch 105: loss = 0.930898 phase = C val_loss = 1.135775 delta_mae_pts = 0.3453 recap_mae_pts = 0.3453 cat_mae_pts = 0.4284 total_mae_pts = 1.0164 vs_inertia_pts = 0.0684 vs_quad_pts = 0.3009 lr_base = 0.000063 lr_mult = 0.1250 lr_eff = 0.000030 mon_cov = 0.955 mon_score = 3.3227 progress = 106/120 epoch_sec = 74.5 avg_epoch_sec = 75.0 elapsed = 02:12:32 eta = 00:17:30
Epoch 105 memory(end): tensors=258, buffers=258, bytes=18.4MB
Saved BEST-DELTA checkpoint @epoch 105 delta_mae_pts = 0.3453 monitor_score = 0.5283 -> models\v9_subcaption_fixed\v9fix_datefwd_calib_auto_mbmp14_1779560208306\best 
Saved BEST-PHASE-C checkpoint @epoch 105 delta_mae_pts = 0.3453 -> models\v9_subcaption_fixed\v9fix_datefwd_calib_auto_mbmp14_1779560208306\best_phase_c 
[curriculum] phase=C age=76 ramp=80 delta=0.3453 cov=0.955 best_global_delta=0.3453

Epoch 106: Phase C (A_end=10, B_end=30, C_ramp=80) Weights {"totalWeight":0.096,"recapWeight":0.0625,"deltaWeight":9.3125,"categoryWeight":0.05,"quantileWeight":1.05,"consistencyWeight":0,"identityDropoutRate":0.5725}, Scales {"judgeBias":1,"corps":1}, SeqLen 15, ID_Drop 0.581, HistHide 0.150, WFW 1.500 
Epoch 106 memory(start): tensors=258, buffers=219, bytes=18.4MB

History Bucket Diagnostics (Avg Abs Error per sample, normalized units):
Hist | Count | MAE_Pred | MAE_Base | PredDevFromBase
-----|-------|----------|----------|----------------
0    | 8     | 0.8072   | 3.7696   | 4.0634 
1    | 9     | 0.6012   | 0.9160   | 0.8173 
2    | 11    | 0.3936   | 0.5551   | 0.5068 
3-5  | 59    | 0.4160   | 0.3926   | 0.3495 
6+   | 276   | 0.3123   | 0.2990   | 0.3023 

Epoch 106: loss = 0.940436 phase = C val_loss = 1.162530 delta_mae_pts = 0.3497 recap_mae_pts = 0.3497 cat_mae_pts = 0.4338 total_mae_pts = 1.0328 vs_inertia_pts = 0.0640 vs_quad_pts = 0.2965 lr_base = 0.000058 lr_mult = 0.1250 lr_eff = 0.000030 mon_cov = 0.954 mon_score = 3.4035 progress = 107/120 epoch_sec = 75.3 avg_epoch_sec = 75.0 elapsed = 02:13:47 eta = 00:16:15
Epoch 106 memory(end): tensors=258, buffers=258, bytes=18.4MB
[curriculum] phase=C age=77 ramp=80 delta=0.3497 cov=0.954 best_global_delta=0.3453

Epoch 107: Phase C (A_end=10, B_end=30, C_ramp=80) Weights {"totalWeight":0.097,"recapWeight":0.05937499999999998,"deltaWeight":9.421875,"categoryWeight":0.05,"quantileWeight":1.0625,"consistencyWeight":0,"identityDropoutRate":0.5606249999999999}, Scales {"judgeBias":1,"corps":1}, SeqLen 15, ID_Drop 0.563, HistHide 0.150, WFW 1.500 
Epoch 107 memory(start): tensors=258, buffers=258, bytes=18.4MB

History Bucket Diagnostics (Avg Abs Error per sample, normalized units):
Hist | Count | MAE_Pred | MAE_Base | PredDevFromBase
-----|-------|----------|----------|----------------
0    | 8     | 0.8072   | 3.7696   | 4.0316 
1    | 9     | 0.6003   | 0.9160   | 0.7908 
2    | 11    | 0.3890   | 0.5551   | 0.4855 
3-5  | 59    | 0.4271   | 0.3926   | 0.3499 
6+   | 276   | 0.3097   | 0.2990   | 0.2927 

Epoch 107: loss = 0.945335 phase = C val_loss = 1.174028 delta_mae_pts = 0.3493 recap_mae_pts = 0.3493 cat_mae_pts = 0.4375 total_mae_pts = 1.0455 vs_inertia_pts = 0.0644 vs_quad_pts = 0.2968 lr_base = 0.000055 lr_mult = 0.1250 lr_eff = 0.000030 mon_cov = 0.953 mon_score = 3.4395 progress = 108/120 epoch_sec = 75.0 avg_epoch_sec = 75.0 elapsed = 02:15:02 eta = 00:15:00
Epoch 107 memory(end): tensors=258, buffers=258, bytes=18.4MB
[curriculum] phase=C age=78 ramp=80 delta=0.3493 cov=0.953 best_global_delta=0.3453

Epoch 108: Phase C (A_end=10, B_end=30, C_ramp=80) Weights {"totalWeight":0.098,"recapWeight":0.056249999999999994,"deltaWeight":9.53125,"categoryWeight":0.05,"quantileWeight":1.075,"consistencyWeight":0,"identityDropoutRate":0.5487500000000001}, Scales {"judgeBias":1,"corps":1}, SeqLen 15, ID_Drop 0.540, HistHide 0.150, WFW 1.500 
Epoch 108 memory(start): tensors=258, buffers=258, bytes=18.4MB

History Bucket Diagnostics (Avg Abs Error per sample, normalized units):
Hist | Count | MAE_Pred | MAE_Base | PredDevFromBase
-----|-------|----------|----------|----------------
0    | 8     | 0.7854   | 3.7696   | 4.0158 
1    | 9     | 0.5971   | 0.9160   | 0.7845 
2    | 11    | 0.3879   | 0.5551   | 0.4790 
3-5  | 59    | 0.4239   | 0.3926   | 0.3461 
6+   | 276   | 0.3120   | 0.2990   | 0.2942 

Epoch 108: loss = 0.958798 phase = C val_loss = 1.190198 delta_mae_pts = 0.3500 recap_mae_pts = 0.3500 cat_mae_pts = 0.4361 total_mae_pts = 1.0412 vs_inertia_pts = 0.0637 vs_quad_pts = 0.2962 lr_base = 0.000051 lr_mult = 0.1250 lr_eff = 0.000030 mon_cov = 0.950 mon_score = 3.4836 progress = 109/120 epoch_sec = 74.4 avg_epoch_sec = 75.0 elapsed = 02:16:17 eta = 00:13:45
Epoch 108 memory(end): tensors=258, buffers=258, bytes=18.4MB
[curriculum] phase=C age=79 ramp=80 delta=0.3500 cov=0.950 best_global_delta=0.3453

Epoch 109: Phase C (A_end=10, B_end=30, C_ramp=80) Weights {"totalWeight":0.099,"recapWeight":0.05312499999999998,"deltaWeight":9.640625,"categoryWeight":0.05,"quantileWeight":1.0875000000000001,"consistencyWeight":0,"identityDropoutRate":0.536875}, Scales {"judgeBias":1,"corps":1}, SeqLen 15, ID_Drop 0.544, HistHide 0.150, WFW 1.500 
Epoch 109 memory(start): tensors=258, buffers=258, bytes=18.4MB

History Bucket Diagnostics (Avg Abs Error per sample, normalized units):
Hist | Count | MAE_Pred | MAE_Base | PredDevFromBase
-----|-------|----------|----------|----------------
0    | 8     | 0.7875   | 3.7696   | 3.9995 
1    | 9     | 0.5938   | 0.9160   | 0.7713 
2    | 11    | 0.3860   | 0.5551   | 0.4715 
3-5  | 59    | 0.4287   | 0.3926   | 0.3503 
6+   | 276   | 0.3111   | 0.2990   | 0.2945 

Epoch 109: loss = 0.966193 phase = C val_loss = 1.201872 delta_mae_pts = 0.3500 recap_mae_pts = 0.3500 cat_mae_pts = 0.4379 total_mae_pts = 1.0525 vs_inertia_pts = 0.0637 vs_quad_pts = 0.2962 lr_base = 0.000048 lr_mult = 0.1250 lr_eff = 0.000030 mon_cov = 0.953 mon_score = 3.5232 progress = 110/120 epoch_sec = 75.3 avg_epoch_sec = 75.0 elapsed = 02:17:32 eta = 00:12:30
Epoch 109 memory(end): tensors=258, buffers=258, bytes=18.4MB
[curriculum] phase=C age=80 ramp=80 delta=0.3500 cov=0.953 best_global_delta=0.3453

Epoch 110: Phase C (A_end=10, B_end=30, C_ramp=80) Weights {"totalWeight":0.1,"recapWeight":0.04999999999999999,"deltaWeight":9.75,"categoryWeight":0.05,"quantileWeight":1.1,"consistencyWeight":0,"identityDropoutRate":0.525}, Scales {"judgeBias":1,"corps":1}, SeqLen 15, ID_Drop 0.524, HistHide 0.150, WFW 1.500 
Epoch 110 memory(start): tensors=258, buffers=258, bytes=18.4MB

History Bucket Diagnostics (Avg Abs Error per sample, normalized units):
Hist | Count | MAE_Pred | MAE_Base | PredDevFromBase
-----|-------|----------|----------|----------------
0    | 8     | 0.8059   | 3.7696   | 4.0342 
1    | 9     | 0.5964   | 0.9160   | 0.7847 
2    | 11    | 0.3870   | 0.5551   | 0.4826 
3-5  | 59    | 0.4253   | 0.3926   | 0.3474 
6+   | 276   | 0.3113   | 0.2990   | 0.2962 

Epoch 110: loss = 0.977333 phase = C val_loss = 1.215203 delta_mae_pts = 0.3501 recap_mae_pts = 0.3501 cat_mae_pts = 0.4350 total_mae_pts = 1.0395 vs_inertia_pts = 0.0636 vs_quad_pts = 0.2961 lr_base = 0.000045 lr_mult = 0.1250 lr_eff = 0.000030 mon_cov = 0.948 mon_score = 3.5603 progress = 111/120 epoch_sec = 75.8 avg_epoch_sec = 75.0 elapsed = 02:18:48 eta = 00:11:15
Epoch 110 memory(end): tensors=258, buffers=258, bytes=18.4MB
[curriculum] phase=C age=81 ramp=80 delta=0.3501 cov=0.948 best_global_delta=0.3453

Epoch 111: Phase C (A_end=10, B_end=30, C_ramp=80) Weights {"totalWeight":0.1,"recapWeight":0.04999999999999999,"deltaWeight":9.75,"categoryWeight":0.05,"quantileWeight":1.1,"consistencyWeight":0,"identityDropoutRate":0.513125}, Scales {"judgeBias":1,"corps":1}, SeqLen 15, ID_Drop 0.518, HistHide 0.150, WFW 1.500 
Epoch 111 memory(start): tensors=258, buffers=258, bytes=18.4MB

History Bucket Diagnostics (Avg Abs Error per sample, normalized units):
Hist | Count | MAE_Pred | MAE_Base | PredDevFromBase
-----|-------|----------|----------|----------------
0    | 8     | 0.8117   | 3.7696   | 4.0657 
1    | 9     | 0.5928   | 0.9160   | 0.8113 
2    | 11    | 0.3921   | 0.5551   | 0.4964 
3-5  | 59    | 0.4218   | 0.3926   | 0.3510 
6+   | 276   | 0.3124   | 0.2990   | 0.3000 

Epoch 111: loss = 0.980476 phase = C val_loss = 1.218335 delta_mae_pts = 0.3505 recap_mae_pts = 0.3505 cat_mae_pts = 0.4348 total_mae_pts = 1.0352 vs_inertia_pts = 0.0632 vs_quad_pts = 0.2957 lr_base = 0.000042 lr_mult = 0.1250 lr_eff = 0.000030 mon_cov = 0.950 mon_score = 3.5643 progress = 112/120 epoch_sec = 75.0 avg_epoch_sec = 75.0 elapsed = 02:20:03 eta = 00:10:00
Epoch 111 memory(end): tensors=258, buffers=258, bytes=18.4MB
[curriculum] phase=C age=82 ramp=80 delta=0.3505 cov=0.950 best_global_delta=0.3453

Epoch 112: Phase C (A_end=10, B_end=30, C_ramp=80) Weights {"totalWeight":0.1,"recapWeight":0.04999999999999999,"deltaWeight":9.75,"categoryWeight":0.05,"quantileWeight":1.1,"consistencyWeight":0,"identityDropoutRate":0.50125}, Scales {"judgeBias":1,"corps":1}, SeqLen 15, ID_Drop 0.494, HistHide 0.150, WFW 1.500 
Epoch 112 memory(start): tensors=258, buffers=258, bytes=18.4MB

History Bucket Diagnostics (Avg Abs Error per sample, normalized units):
Hist | Count | MAE_Pred | MAE_Base | PredDevFromBase
-----|-------|----------|----------|----------------
0    | 8     | 0.7956   | 3.7696   | 4.0596 
1    | 9     | 0.5992   | 0.9160   | 0.8158 
2    | 11    | 0.3952   | 0.5551   | 0.4909 
3-5  | 59    | 0.4227   | 0.3926   | 0.3520 
6+   | 276   | 0.3123   | 0.2990   | 0.3003 

Epoch 112: loss = 0.975083 phase = C val_loss = 1.215382 delta_mae_pts = 0.3505 recap_mae_pts = 0.3505 cat_mae_pts = 0.4343 total_mae_pts = 1.0321 vs_inertia_pts = 0.0632 vs_quad_pts = 0.2956 lr_base = 0.000039 lr_mult = 0.1250 lr_eff = 0.000030 mon_cov = 0.951 mon_score = 3.5643 progress = 113/120 epoch_sec = 75.9 avg_epoch_sec = 75.0 elapsed = 02:21:19 eta = 00:08:45
Epoch 112 memory(end): tensors=258, buffers=258, bytes=18.4MB
[curriculum] phase=C age=83 ramp=80 delta=0.3505 cov=0.951 best_global_delta=0.3453

Epoch 113: Phase C (A_end=10, B_end=30, C_ramp=80) Weights {"totalWeight":0.1,"recapWeight":0.04999999999999999,"deltaWeight":9.75,"categoryWeight":0.05,"quantileWeight":1.1,"consistencyWeight":0,"identityDropoutRate":0.489375}, Scales {"judgeBias":1,"corps":1}, SeqLen 15, ID_Drop 0.486, HistHide 0.150, WFW 1.500 
Epoch 113 memory(start): tensors=258, buffers=258, bytes=18.4MB

History Bucket Diagnostics (Avg Abs Error per sample, normalized units):
Hist | Count | MAE_Pred | MAE_Base | PredDevFromBase
-----|-------|----------|----------|----------------
0    | 8     | 0.8011   | 3.7696   | 4.0429 
1    | 9     | 0.6015   | 0.9160   | 0.7979 
2    | 11    | 0.3968   | 0.5551   | 0.4974 
3-5  | 59    | 0.4263   | 0.3926   | 0.3570 
6+   | 276   | 0.3131   | 0.2990   | 0.3031 

Epoch 113: loss = 0.974049 phase = C val_loss = 1.221335 delta_mae_pts = 0.3520 recap_mae_pts = 0.3520 cat_mae_pts = 0.4366 total_mae_pts = 1.0452 vs_inertia_pts = 0.0618 vs_quad_pts = 0.2942 lr_base = 0.000037 lr_mult = 0.1250 lr_eff = 0.000030 mon_cov = 0.950 mon_score = 3.5796 progress = 114/120 epoch_sec = 75.0 avg_epoch_sec = 75.0 elapsed = 02:22:34 eta = 00:07:30
Epoch 113 memory(end): tensors=258, buffers=258, bytes=18.4MB
[curriculum] phase=C age=84 ramp=80 delta=0.3520 cov=0.950 best_global_delta=0.3453

Epoch 114: Phase C (A_end=10, B_end=30, C_ramp=80) Weights {"totalWeight":0.1,"recapWeight":0.04999999999999999,"deltaWeight":9.75,"categoryWeight":0.05,"quantileWeight":1.1,"consistencyWeight":0,"identityDropoutRate":0.47750000000000004}, Scales {"judgeBias":1,"corps":1}, SeqLen 15, ID_Drop 0.466, HistHide 0.150, WFW 1.500 
Epoch 114 memory(start): tensors=258, buffers=258, bytes=18.4MB

History Bucket Diagnostics (Avg Abs Error per sample, normalized units):
Hist | Count | MAE_Pred | MAE_Base | PredDevFromBase
-----|-------|----------|----------|----------------
0    | 8     | 0.8064   | 3.7696   | 4.0334 
1    | 9     | 0.6000   | 0.9160   | 0.7719 
2    | 11    | 0.3931   | 0.5551   | 0.4749 
3-5  | 59    | 0.4307   | 0.3926   | 0.3511 
6+   | 276   | 0.3126   | 0.2990   | 0.2986 

Epoch 114: loss = 0.980001 phase = C val_loss = 1.222944 delta_mae_pts = 0.3522 recap_mae_pts = 0.3522 cat_mae_pts = 0.4424 total_mae_pts = 1.0683 vs_inertia_pts = 0.0615 vs_quad_pts = 0.2939 lr_base = 0.000035 lr_mult = 0.1250 lr_eff = 0.000030 mon_cov = 0.947 mon_score = 3.5847 progress = 115/120 epoch_sec = 75.9 avg_epoch_sec = 75.0 elapsed = 02:23:50 eta = 00:06:15
Epoch 114 memory(end): tensors=258, buffers=258, bytes=18.4MB
[curriculum] phase=C age=85 ramp=80 delta=0.3522 cov=0.947 best_global_delta=0.3453

Epoch 115: Phase C (A_end=10, B_end=30, C_ramp=80) Weights {"totalWeight":0.1,"recapWeight":0.04999999999999999,"deltaWeight":9.75,"categoryWeight":0.05,"quantileWeight":1.1,"consistencyWeight":0,"identityDropoutRate":0.46562500000000007}, Scales {"judgeBias":1,"corps":1}, SeqLen 15, ID_Drop 0.472, HistHide 0.150, WFW 1.500 
Epoch 115 memory(start): tensors=258, buffers=258, bytes=18.4MB

History Bucket Diagnostics (Avg Abs Error per sample, normalized units):
Hist | Count | MAE_Pred | MAE_Base | PredDevFromBase
-----|-------|----------|----------|----------------
0    | 8     | 0.7889   | 3.7696   | 3.9998 
1    | 9     | 0.6015   | 0.9160   | 0.7791 
2    | 11    | 0.3909   | 0.5551   | 0.4820 
3-5  | 59    | 0.4363   | 0.3926   | 0.3581 
6+   | 276   | 0.3121   | 0.2990   | 0.2965 

Epoch 115: loss = 0.978054 phase = C val_loss = 1.224151 delta_mae_pts = 0.3524 recap_mae_pts = 0.3524 cat_mae_pts = 0.4391 total_mae_pts = 1.0584 vs_inertia_pts = 0.0614 vs_quad_pts = 0.2938 lr_base = 0.000034 lr_mult = 0.1250 lr_eff = 0.000030 mon_cov = 0.949 mon_score = 3.5848 progress = 116/120 epoch_sec = 76.3 avg_epoch_sec = 75.1 elapsed = 02:25:06 eta = 00:05:00
Epoch 115 memory(end): tensors=258, buffers=258, bytes=18.4MB
[curriculum] phase=C age=86 ramp=80 delta=0.3524 cov=0.949 best_global_delta=0.3453

Epoch 116: Phase C (A_end=10, B_end=30, C_ramp=80) Weights {"totalWeight":0.1,"recapWeight":0.04999999999999999,"deltaWeight":9.75,"categoryWeight":0.05,"quantileWeight":1.1,"consistencyWeight":0,"identityDropoutRate":0.4537500000000001}, Scales {"judgeBias":1,"corps":1}, SeqLen 15, ID_Drop 0.454, HistHide 0.150, WFW 1.500 
Epoch 116 memory(start): tensors=258, buffers=258, bytes=18.4MB

History Bucket Diagnostics (Avg Abs Error per sample, normalized units):
Hist | Count | MAE_Pred | MAE_Base | PredDevFromBase
-----|-------|----------|----------|----------------
0    | 8     | 0.8028   | 3.7696   | 4.0315 
1    | 9     | 0.5998   | 0.9160   | 0.7838 
2    | 11    | 0.3943   | 0.5551   | 0.4731 
3-5  | 59    | 0.4332   | 0.3926   | 0.3534 
6+   | 276   | 0.3120   | 0.2990   | 0.2964 

Epoch 116: loss = 0.965079 phase = C val_loss = 1.222098 delta_mae_pts = 0.3521 recap_mae_pts = 0.3521 cat_mae_pts = 0.4417 total_mae_pts = 1.0784 vs_inertia_pts = 0.0616 vs_quad_pts = 0.2940 lr_base = 0.000032 lr_mult = 0.1250 lr_eff = 0.000030 mon_cov = 0.947 mon_score = 3.5847 progress = 117/120 epoch_sec = 74.4 avg_epoch_sec = 75.0 elapsed = 02:26:20 eta = 00:03:45
Epoch 116 memory(end): tensors=258, buffers=258, bytes=18.4MB
[curriculum] phase=C age=87 ramp=80 delta=0.3521 cov=0.947 best_global_delta=0.3453

Epoch 117: Phase C (A_end=10, B_end=30, C_ramp=80) Weights {"totalWeight":0.1,"recapWeight":0.04999999999999999,"deltaWeight":9.75,"categoryWeight":0.05,"quantileWeight":1.1,"consistencyWeight":0,"identityDropoutRate":0.441875}, Scales {"judgeBias":1,"corps":1}, SeqLen 15, ID_Drop 0.438, HistHide 0.150, WFW 1.500 
Epoch 117 memory(start): tensors=258, buffers=258, bytes=18.4MB

History Bucket Diagnostics (Avg Abs Error per sample, normalized units):
Hist | Count | MAE_Pred | MAE_Base | PredDevFromBase
-----|-------|----------|----------|----------------
0    | 8     | 0.7599   | 3.7696   | 3.9793 
1    | 9     | 0.5942   | 0.9160   | 0.7735 
2    | 11    | 0.3886   | 0.5551   | 0.4727 
3-5  | 59    | 0.4348   | 0.3926   | 0.3520 
6+   | 276   | 0.3152   | 0.2990   | 0.2999 

Epoch 117: loss = 0.974718 phase = C val_loss = 1.228310 delta_mae_pts = 0.3536 recap_mae_pts = 0.3536 cat_mae_pts = 0.4422 total_mae_pts = 1.0709 vs_inertia_pts = 0.0601 vs_quad_pts = 0.2926 lr_base = 0.000031 lr_mult = 0.1250 lr_eff = 0.000030 mon_cov = 0.945 mon_score = 3.5980 progress = 118/120 epoch_sec = 80.0 avg_epoch_sec = 75.1 elapsed = 02:27:40 eta = 00:02:30
Epoch 117 memory(end): tensors=258, buffers=258, bytes=18.4MB
[curriculum] phase=C age=88 ramp=80 delta=0.3536 cov=0.945 best_global_delta=0.3453

Epoch 118: Phase C (A_end=10, B_end=30, C_ramp=80) Weights {"totalWeight":0.1,"recapWeight":0.04999999999999999,"deltaWeight":9.75,"categoryWeight":0.05,"quantileWeight":1.1,"consistencyWeight":0,"identityDropoutRate":0.43000000000000005}, Scales {"judgeBias":1,"corps":1}, SeqLen 15, ID_Drop 0.427, HistHide 0.150, WFW 1.500 
Epoch 118 memory(start): tensors=258, buffers=258, bytes=18.4MB

History Bucket Diagnostics (Avg Abs Error per sample, normalized units):
Hist | Count | MAE_Pred | MAE_Base | PredDevFromBase
-----|-------|----------|----------|----------------
0    | 8     | 0.7584   | 3.7696   | 3.9905 
1    | 9     | 0.5926   | 0.9160   | 0.7865 
2    | 11    | 0.3900   | 0.5551   | 0.4751 
3-5  | 59    | 0.4256   | 0.3926   | 0.3480 
6+   | 276   | 0.3123   | 0.2990   | 0.2972 

Epoch 118: loss = 0.967677 phase = C val_loss = 1.215249 delta_mae_pts = 0.3498 recap_mae_pts = 0.3498 cat_mae_pts = 0.4362 total_mae_pts = 1.0517 vs_inertia_pts = 0.0639 vs_quad_pts = 0.2963 lr_base = 0.000031 lr_mult = 0.1250 lr_eff = 0.000030 mon_cov = 0.948 mon_score = 3.5592 progress = 119/120 epoch_sec = 76.3 avg_epoch_sec = 75.1 elapsed = 02:28:57 eta = 00:01:15
Epoch 118 memory(end): tensors=258, buffers=258, bytes=18.4MB
[curriculum] phase=C age=89 ramp=80 delta=0.3498 cov=0.948 best_global_delta=0.3453

Epoch 119: Phase C (A_end=10, B_end=30, C_ramp=80) Weights {"totalWeight":0.1,"recapWeight":0.04999999999999999,"deltaWeight":9.75,"categoryWeight":0.05,"quantileWeight":1.1,"consistencyWeight":0,"identityDropoutRate":0.41812499999999997}, Scales {"judgeBias":1,"corps":1}, SeqLen 15, ID_Drop 0.423, HistHide 0.150, WFW 1.500 
Epoch 119 memory(start): tensors=258, buffers=258, bytes=18.4MB

History Bucket Diagnostics (Avg Abs Error per sample, normalized units):
Hist | Count | MAE_Pred | MAE_Base | PredDevFromBase
-----|-------|----------|----------|----------------
0    | 8     | 0.7919   | 3.7696   | 4.0380 
1    | 9     | 0.5908   | 0.9160   | 0.8073 
2    | 11    | 0.3907   | 0.5551   | 0.4939 
3-5  | 59    | 0.4267   | 0.3926   | 0.3501 
6+   | 276   | 0.3111   | 0.2990   | 0.2959 

Epoch 119: loss = 0.969590 phase = C val_loss = 1.215841 delta_mae_pts = 0.3498 recap_mae_pts = 0.3498 cat_mae_pts = 0.4368 total_mae_pts = 1.0520 vs_inertia_pts = 0.0639 vs_quad_pts = 0.2964 lr_base = 0.000030 lr_mult = 0.1250 lr_eff = 0.000030 mon_cov = 0.945 mon_score = 3.5587 progress = 120/120 epoch_sec = 75.8 avg_epoch_sec = 75.1 elapsed = 02:30:13 eta = 00:00:00
Epoch 119 memory(end): tensors=258, buffers=258, bytes=18.4MB
[curriculum] phase=C age=90 ramp=80 delta=0.3498 cov=0.945 best_global_delta=0.3453
Selecting final weights: best-delta-checkpoint (delta_mae_pts = 0.3453)
Saving final production model to models\v9_subcaption_fixed\v9fix_datefwd_calib_auto_mbmp14_1779560208306...

--- INTERVAL CALIBRATION: validation grid search ---
Selected interval scale=0.600 coverage=0.823 width=1.1908

--- EVALUATION: validation (363 rows) ---
validation: delta_mae_pts=0.3460, recap_mae_pts=0.3460, total_mae_pts=1.0172, coverage=0.957, width=1.9847, cal_coverage=0.822, cal_width=1.1908

--- EVALUATION: test_all (52 rows) ---
test_all: delta_mae_pts=0.3130, recap_mae_pts=0.3130, total_mae_pts=0.6247, coverage=0.971, width=1.8923, cal_coverage=0.839, cal_width=1.1354

--- EVALUATION: test_world_class (33 rows) ---
test_world_class: delta_mae_pts=0.2801, recap_mae_pts=0.2801, total_mae_pts=0.6224, coverage=0.981, width=1.8741, cal_coverage=0.875, cal_width=1.1245

--- EVALUATION: test_open_class (19 rows) ---
test_open_class: delta_mae_pts=0.3687, recap_mae_pts=0.3687, total_mae_pts=0.6538, coverage=0.961, width=1.9245, cal_coverage=0.783, cal_width=1.1547

--- EVALUATION: test_championship_week (47 rows) ---
test_championship_week: delta_mae_pts=0.3165, recap_mae_pts=0.3165, total_mae_pts=0.6403, coverage=0.955, width=1.8884, cal_coverage=0.830, cal_width=1.1331

--- EVALUATION: validation_preseason_hidden_history (360 rows) ---
validation_preseason_hidden_history: delta_mae_pts=0.4073, recap_mae_pts=0.4073, total_mae_pts=1.5405, coverage=0.968, width=2.5139, cal_coverage=0.855, cal_width=1.5083

--- EVALUATION: test_preseason_hidden_history (52 rows) ---
test_preseason_hidden_history: delta_mae_pts=0.3513, recap_mae_pts=0.3513, total_mae_pts=1.0056, coverage=0.993, width=2.4725, cal_coverage=0.889, cal_width=1.4835
Production training complete.
