2026-05-22 21:18:32.795480: I tensorflow/core/platform/cpu_feature_guard.cc:193] This TensorFlow binary is optimized with oneAPI Deep Neural Network Library (oneDNN) to use the following CPU instructions in performance-critical operations:  AVX2
To enable them in other operations, rebuild TensorFlow with the appropriate compiler flags.
Console log file: models\v9_subcaption_fixed\v9fix_datefwd_calib_auto_cov4_1779499112845\training.log
coverage-sharpness=4 is aggressive; if training gets unstable, retry with --coverage-sharpness 3.0
Loading V9 sequence data...
Validation split (date-forward) grouped by show/date: 6906 train rows, 363 validation rows.
Saved normalization stats to ./results/v9-subcaption-target-norm.json

AUDIT SUCCESS: Leakage prevention verified for caption blocks
V10 Splits -> Train: 6906, Val: 363, Test: 52 
Baselines(monitoring forecast MAE): zero = 16.4356, mean = 2.0004, ema = 1.1564, quad = 0.6462
Orthogonal initializer is being called on a matrix with more than 2000 (65536) elements: Slowness may result.
Orthogonal initializer is being called on a matrix with more than 2000 (65536) elements: Slowness may result.
Orthogonal initializer is being called on a matrix with more than 2000 (16384) elements: Slowness may result.
Orthogonal initializer is being called on a matrix with more than 2000 (16384) elements: Slowness may result.
___________________________________________________________________________________________________________________
Layer (type)               Input Shape                 Output shape             Param #     Receives inputs        
===================================================================================================================
sequence (InputLayer)      [[null,15,101]]             [null,15,101]            0                                  
___________________________________________________________________________________________________________________
bidirectional_Bidirectiona [[null,15,101]]             [null,15,256]            235520      sequence[0][0]         
___________________________________________________________________________________________________________________
layer_normalization_LayerN [[null,15,256]]             [null,15,256]            512         bidirectional_Bidirecti
___________________________________________________________________________________________________________________
bidirectional_Bidirectiona [[null,15,256]]             [null,15,128]            164352      layer_normalization_Lay
___________________________________________________________________________________________________________________
layer_normalization_LayerN [[null,15,128]]             [null,15,128]            256         bidirectional_Bidirecti
___________________________________________________________________________________________________________________
dense_Dense1 (Dense)       [[null,15,128]]             [null,15,1]              129         layer_normalization_Lay
___________________________________________________________________________________________________________________
reshape_Reshape1 (Reshape) [[null,15,1]]               [null,15]                0           dense_Dense1[0][0]     
___________________________________________________________________________________________________________________
mask (InputLayer)          [[null,15]]                 [null,15]                0                                  
___________________________________________________________________________________________________________________
masked_softmax_MaskedSoftm [[null,15],[null,15]]       [null,15]                0           reshape_Reshape1[0][0] 
                                                                                            mask[0][0]             
___________________________________________________________________________________________________________________
judge_ids (InputLayer)     [[null,8]]                  [null,8]                 0                                  
___________________________________________________________________________________________________________________
agnostic_show_id (InputLay [[null,1]]                  [null,1]                 0                                  
___________________________________________________________________________________________________________________
reshape_Reshape2 (Reshape) [[null,15]]                 [null,15,1]              0           masked_softmax_MaskedSo
___________________________________________________________________________________________________________________
judge_embedding (Embedding [[null,8]]                  [null,8,24]              5880        judge_ids[0][0]        
___________________________________________________________________________________________________________________
agnostic_show_embedding (E [[null,1]]                  [null,1,12]              4188        agnostic_show_id[0][0] 
___________________________________________________________________________________________________________________
attention_pool (AttentionP [[null,15,1],[null,15,128]] [null,128]               0           reshape_Reshape2[0][0] 
                                                                                            layer_normalization_Lay
___________________________________________________________________________________________________________________
static (InputLayer)        [[null,177]]                [null,177]               0                                  
___________________________________________________________________________________________________________________
flatten_Flatten1 (Flatten) [[null,8,24]]               [null,192]               0           judge_embedding[0][0]  
___________________________________________________________________________________________________________________
baseline_recap (InputLayer [[null,8]]                  [null,8]                 0                                  
___________________________________________________________________________________________________________________
last_step (LastStepLayer)  [[null,15,101]]             [null,101]               0           sequence[0][0]         
___________________________________________________________________________________________________________________
flatten_Flatten3 (Flatten) [[null,1,12]]               [null,12]                0           agnostic_show_embedding
___________________________________________________________________________________________________________________
concatenate_Concatenate1 ( [[null,128],[null,177],[nul [null,618]               0           attention_pool[0][0]   
                                                                                            static[0][0]           
                                                                                            flatten_Flatten1[0][0] 
                                                                                            baseline_recap[0][0]   
                                                                                            last_step[0][0]        
                                                                                            flatten_Flatten3[0][0] 
___________________________________________________________________________________________________________________
dense_Dense2 (Dense)       [[null,618]]                [null,512]               316928      concatenate_Concatenate
___________________________________________________________________________________________________________________
dropout_Dropout1 (Dropout) [[null,512]]                [null,512]               0           dense_Dense2[0][0]     
___________________________________________________________________________________________________________________
dense_Dense3 (Dense)       [[null,512]]                [null,256]               131328      dropout_Dropout1[0][0] 
___________________________________________________________________________________________________________________
dropout_Dropout2 (Dropout) [[null,256]]                [null,256]               0           dense_Dense3[0][0]     
___________________________________________________________________________________________________________________
strength (Dense)           [[null,128]]                [null,24]                3096        attention_pool[0][0]   
___________________________________________________________________________________________________________________
corps_id (InputLayer)      [[null,1]]                  [null,1]                 0                                  
___________________________________________________________________________________________________________________
concatenate_Concatenate2 ( [[null,256],[null,177],[nul [null,457]               0           dropout_Dropout2[0][0] 
                                                                                            static[0][0]           
                                                                                            strength[0][0]         
___________________________________________________________________________________________________________________
corps_embedding (Embedding [[null,1]]                  [null,1,20]              14180       corps_id[0][0]         
___________________________________________________________________________________________________________________
accuracy_trunk (Dense)     [[null,457]]                [null,128]               58624       concatenate_Concatenate
___________________________________________________________________________________________________________________
flatten_Flatten2 (Flatten) [[null,1,20]]               [null,20]                0           corps_embedding[0][0]  
___________________________________________________________________________________________________________________
dropout_Dropout3 (Dropout) [[null,128]]                [null,128]               0           accuracy_trunk[0][0]   
___________________________________________________________________________________________________________________
judge_bias_raw (Dense)     [[null,192]]                [null,8]                 1544        flatten_Flatten1[0][0] 
___________________________________________________________________________________________________________________
judge_bias_scale (InputLay [[null,1]]                  [null,1]                 0                                  
___________________________________________________________________________________________________________________
corps_corr_raw (Dense)     [[null,20]]                 [null,8]                 168         flatten_Flatten2[0][0] 
___________________________________________________________________________________________________________________
corps_scale (InputLayer)   [[null,1]]                  [null,1]                 0                                  
___________________________________________________________________________________________________________________
history_len (InputLayer)   [[null,1]]                  [null,1]                 0                                  
___________________________________________________________________________________________________________________
delta_q50_base (Dense)     [[null,128]]                [null,8]                 1032        dropout_Dropout3[0][0] 
___________________________________________________________________________________________________________________
judge_bias_gated (LambdaSc [[null,8],[null,1]]         [null,8]                 0           judge_bias_raw[0][0]   
                                                                                            judge_bias_scale[0][0] 
___________________________________________________________________________________________________________________
corps_corr_gated (LambdaSc [[null,8],[null,1]]         [null,8]                 0           corps_corr_raw[0][0]   
                                                                                            corps_scale[0][0]      
___________________________________________________________________________________________________________________
width_concat (Concatenate) [[null,457],[null,192],[nul [null,650]               0           concatenate_Concatenate
                                                                                            flatten_Flatten1[0][0] 
                                                                                            history_len[0][0]      
___________________________________________________________________________________________________________________
delta_q50 (Add)            [[null,8],[null,8],[null,8] [null,8]                 0           delta_q50_base[0][0]   
                                                                                            judge_bias_gated[0][0] 
                                                                                            corps_corr_gated[0][0] 
___________________________________________________________________________________________________________________
q10_width_raw (Dense)      [[null,650]]                [null,8]                 5208        width_concat[0][0]     
___________________________________________________________________________________________________________________
q10_width (Activation)     [[null,8]]                  [null,8]                 0           q10_width_raw[0][0]    
___________________________________________________________________________________________________________________
q90_width_raw (Dense)      [[null,650]]                [null,8]                 5208        width_concat[0][0]     
___________________________________________________________________________________________________________________
recap_head (RecapLayer)    [[null,8],[null,8]]         [null,8]                 0           delta_q50[0][0]        
                                                                                            baseline_recap[0][0]   
___________________________________________________________________________________________________________________
q10_width_neg (NegationLay [[null,8]]                  [null,8]                 0           q10_width[0][0]        
___________________________________________________________________________________________________________________
q90_width (Activation)     [[null,8]]                  [null,8]                 0           q90_width_raw[0][0]    
___________________________________________________________________________________________________________________
category_head (CategoryLay [[null,8]]                  [null,3]                 0           recap_head[0][0]       
___________________________________________________________________________________________________________________
q10_delta (Add)            [[null,8],[null,8]]         [null,8]                 0           delta_q50[0][0]        
                                                                                            q10_width_neg[0][0]    
___________________________________________________________________________________________________________________
q90_delta (Add)            [[null,8],[null,8]]         [null,8]                 0           delta_q50[0][0]        
                                                                                            q90_width[0][0]        
___________________________________________________________________________________________________________________
total_head (TotalLayer)    [[null,3]]                  [null,1]                 0           category_head[0][0]    
___________________________________________________________________________________________________________________
output (Concatenate)       [[null,8],[null,8],[null,8] [null,36]                0           q10_delta[0][0]        
                                                                                            delta_q50[0][0]        
                                                                                            q90_delta[0][0]        
                                                                                            recap_head[0][0]       
                                                                                            category_head[0][0]    
                                                                                            total_head[0][0]       
===================================================================================================================
Total params: 948153
Trainable params: 948153
Non-trainable params: 0
___________________________________________________________________________________________________________________

--- DERIVATION EXACTNESS CHECK ---
MaskedSoftmax shapes: [ 1, 15 ] [ 1, 15 ] [ 1, 15 ] [ 1, 15 ]
Recap Points: [
  '14.95', '15.07',
  '14.91', '15.09',
  '14.95', '15.05',
  '15.02', '14.92'
]
GE: Derived = 30.03, Expected = 30.03 
Visual: Derived = 22.47, Expected = 22.47 
Music: Derived = 22.50, Expected = 22.50 
Total: Derived = 75.00, Expected = 75.00 
DERIVATION CHECK SUCCESS

--- SCALE SANITY TEST ---
Sample Row Total: 71.15 (expecting DCI scale, not sum - of - 8)
Sum - of - 8: 113.60 
SCALE SANITY SUCCESS: target total is on DCI scale.


=== V9-IMPROVED: Enhanced Model for 0.2 MAE Target ===
Hyperparameters: lstm1=128, lstm2=64, dropout=0.2, lr=0.00075, batch=128, width_floor_pts=0.5, width_target_pts=2.5, width_penalty=0.5, coverage_target=0.8-0.85, over_coverage_weight=2, width_floor_schedule=0.1->1.5, baseline_dropout=0.1, baseline_noise_std=0.25
Curriculum: phaseAEnd=10, phaseBEnd=40, phaseCRamp=80, judgeScaleRamp=40, corpsScaleStart=25, corpsScaleRamp=35, auto=true, autoPatience=6, autoMinCoverage=0.9, autoMinDeltaGain=0.002
Model Capacity: 256→128 BiLSTM, Dense 512→256, AccuracyTrunk 128, Judge Emb 24, Corps Emb 20, Show Emb 12
Cached 363 validation samples(seqLen = 15, identityDropout = 0.0)

Epoch 0: Phase A (A_end=10, B_end=40, C_ramp=80) Weights {"totalWeight":0.05,"recapWeight":1,"deltaWeight":0.2,"categoryWeight":0.05,"quantileWeight":0.02,"consistencyWeight":0,"identityDropoutRate":0.95}, Scales {"judgeBias":0,"corps":0}, SeqLen 5, ID_Drop 0.948, WFW 0.100 
Epoch 0 memory(start): tensors=102, buffers=102, bytes=3.6MB

History Bucket Diagnostics (Avg Abs Error per sample, normalized units):
Hist | Count | MAE_Pred | MAE_Base | PredDevFromBase
-----|-------|----------|----------|----------------
0    | 8     | 3.7297   | 3.7696   | 0.4160 
1    | 9     | 1.0927   | 0.9160   | 0.5665 
2    | 11    | 0.6834   | 0.5551   | 0.5730 
3-5  | 59    | 0.5668   | 0.3926   | 0.4806 
6+   | 276   | 0.5323   | 0.2990   | 0.4572 

Epoch 0: loss = 0.730690 phase = A val_loss = 0.373828 delta_mae_pts = 0.6268 recap_mae_pts = 0.6268 cat_mae_pts = 0.7432 total_mae_pts = 1.5332 vs_inertia_pts = -0.2131 vs_quad_pts = 0.0193 lr_base = 0.000075 lr_mult = 1.0000 lr_eff = 0.000075 mon_cov = 0.309 mon_score = 2.1600 progress = 1/120 epoch_sec = 89.7 avg_epoch_sec = 89.7 elapsed = 00:01:30 eta = 02:57:57
Epoch 0 memory(end): tensors=180, buffers=180, bytes=11.1MB

-- - CAPTION STATS(Epoch 0)-- - 
GE1: delta_pts = 0.6152, recap_pts = 0.6152, cov = 0.218, width = 0.4254 
GE2: delta_pts = 0.6541, recap_pts = 0.6541, cov = 0.146, width = 0.2404 
VP: delta_pts = 0.6009, recap_pts = 0.6009, cov = 0.490, width = 1.2023 
VA: delta_pts = 0.5880, recap_pts = 0.5880, cov = 0.534, width = 1.0221 
CG: delta_pts = 0.6438, recap_pts = 0.6438, cov = 0.152, width = 0.2564 
MB: delta_pts = 0.6331, recap_pts = 0.6331, cov = 0.402, width = 0.8140 
MA: delta_pts = 0.5889, recap_pts = 0.5889, cov = 0.256, width = 0.5564 
MP: delta_pts = 0.6906, recap_pts = 0.6906, cov = 0.273, width = 0.5515 
----------------------------------

Saved BEST-DELTA checkpoint @epoch 0 delta_mae_pts = 0.6268 monitor_score = 2.1600 -> models\v9_subcaption_fixed\v9fix_datefwd_calib_auto_cov4_1779499112845\best 
Saved BEST-LOSS checkpoint @epoch 0 val_loss = 0.373828 delta_mae_pts = 0.6268 -> models\v9_subcaption_fixed\v9fix_datefwd_calib_auto_cov4_1779499112845\best_loss 
Saved BEST-PHASE-A checkpoint @epoch 0 delta_mae_pts = 0.6268 -> models\v9_subcaption_fixed\v9fix_datefwd_calib_auto_cov4_1779499112845\best_phase_a 
[curriculum] phase=A age=1/10 delta=0.6268 phase_best=0.6268 stall=0/6 cov=0.309/0.900 min=wait cov_gate=wait next=hold

Epoch 1: Phase A (A_end=10, B_end=40, C_ramp=80) Weights {"totalWeight":0.05,"recapWeight":1,"deltaWeight":0.2,"categoryWeight":0.05,"quantileWeight":0.02,"consistencyWeight":0,"identityDropoutRate":0.95}, Scales {"judgeBias":0.025,"corps":0}, SeqLen 5, ID_Drop 0.951, WFW 0.100 
Epoch 1 memory(start): tensors=258, buffers=180, bytes=18.3MB

History Bucket Diagnostics (Avg Abs Error per sample, normalized units):
Hist | Count | MAE_Pred | MAE_Base | PredDevFromBase
-----|-------|----------|----------|----------------
0    | 8     | 3.4168   | 3.7696   | 0.7465 
1    | 9     | 0.9830   | 0.9160   | 0.6084 
2    | 11    | 0.6166   | 0.5551   | 0.4776 
3-5  | 59    | 0.5014   | 0.3926   | 0.3922 
6+   | 276   | 0.4501   | 0.2990   | 0.3518 

Epoch 1: loss = 0.554303 phase = A val_loss = 0.307507 delta_mae_pts = 0.5421 recap_mae_pts = 0.5421 cat_mae_pts = 0.6369 total_mae_pts = 1.4277 vs_inertia_pts = -0.1284 vs_quad_pts = 0.1041 lr_base = 0.000150 lr_mult = 1.0000 lr_eff = 0.000150 mon_cov = 0.781 mon_score = 1.9697 progress = 2/120 epoch_sec = 90.3 avg_epoch_sec = 90.0 elapsed = 00:03:00 eta = 02:57:04
Epoch 1 memory(end): tensors=258, buffers=219, bytes=18.3MB
Saved BEST-DELTA checkpoint @epoch 1 delta_mae_pts = 0.5421 monitor_score = 1.9697 -> models\v9_subcaption_fixed\v9fix_datefwd_calib_auto_cov4_1779499112845\best 
Saved BEST-LOSS checkpoint @epoch 1 val_loss = 0.307507 delta_mae_pts = 0.5421 -> models\v9_subcaption_fixed\v9fix_datefwd_calib_auto_cov4_1779499112845\best_loss 
Saved BEST-PHASE-A checkpoint @epoch 1 delta_mae_pts = 0.5421 -> models\v9_subcaption_fixed\v9fix_datefwd_calib_auto_cov4_1779499112845\best_phase_a 
[curriculum] phase=A age=2/10 delta=0.5421 phase_best=0.5421 stall=0/6 cov=0.781/0.900 min=wait cov_gate=wait next=hold

Epoch 2: Phase A (A_end=10, B_end=40, C_ramp=80) Weights {"totalWeight":0.05,"recapWeight":1,"deltaWeight":0.2,"categoryWeight":0.05,"quantileWeight":0.02,"consistencyWeight":0,"identityDropoutRate":0.95}, Scales {"judgeBias":0.05,"corps":0}, SeqLen 5, ID_Drop 0.951, WFW 0.100 
Epoch 2 memory(start): tensors=258, buffers=180, bytes=18.3MB

History Bucket Diagnostics (Avg Abs Error per sample, normalized units):
Hist | Count | MAE_Pred | MAE_Base | PredDevFromBase
-----|-------|----------|----------|----------------
0    | 8     | 2.0360   | 3.7696   | 1.9117 
1    | 9     | 0.8953   | 0.9160   | 0.7138 
2    | 11    | 0.6437   | 0.5551   | 0.5262 
3-5  | 59    | 0.4859   | 0.3926   | 0.4167 
6+   | 276   | 0.4368   | 0.2990   | 0.3456 

Epoch 2: loss = 0.370575 phase = A val_loss = 0.196105 delta_mae_pts = 0.4976 recap_mae_pts = 0.4976 cat_mae_pts = 0.6149 total_mae_pts = 1.4158 vs_inertia_pts = -0.0839 vs_quad_pts = 0.1485 lr_base = 0.000225 lr_mult = 1.0000 lr_eff = 0.000225 mon_cov = 0.820 mon_score = 1.9135 progress = 3/120 epoch_sec = 90.2 avg_epoch_sec = 90.1 elapsed = 00:04:30 eta = 02:55:39
Epoch 2 memory(end): tensors=258, buffers=219, bytes=18.3MB
Saved BEST-DELTA checkpoint @epoch 2 delta_mae_pts = 0.4976 monitor_score = 1.9135 -> models\v9_subcaption_fixed\v9fix_datefwd_calib_auto_cov4_1779499112845\best 
Saved BEST-LOSS checkpoint @epoch 2 val_loss = 0.196105 delta_mae_pts = 0.4976 -> models\v9_subcaption_fixed\v9fix_datefwd_calib_auto_cov4_1779499112845\best_loss 
Saved BEST-PHASE-A checkpoint @epoch 2 delta_mae_pts = 0.4976 -> models\v9_subcaption_fixed\v9fix_datefwd_calib_auto_cov4_1779499112845\best_phase_a 
[curriculum] phase=A age=3/10 delta=0.4976 phase_best=0.4976 stall=0/6 cov=0.820/0.900 min=wait cov_gate=wait next=hold

Epoch 3: Phase A (A_end=10, B_end=40, C_ramp=80) Weights {"totalWeight":0.05,"recapWeight":1,"deltaWeight":0.2,"categoryWeight":0.05,"quantileWeight":0.02,"consistencyWeight":0,"identityDropoutRate":0.95}, Scales {"judgeBias":0.075,"corps":0}, SeqLen 5, ID_Drop 0.952, WFW 0.100 
Epoch 3 memory(start): tensors=258, buffers=180, bytes=18.3MB

History Bucket Diagnostics (Avg Abs Error per sample, normalized units):
Hist | Count | MAE_Pred | MAE_Base | PredDevFromBase
-----|-------|----------|----------|----------------
0    | 8     | 1.0524   | 3.7696   | 3.0212 
1    | 9     | 0.8625   | 0.9160   | 0.4930 
2    | 11    | 0.6426   | 0.5551   | 0.3495 
3-5  | 59    | 0.4932   | 0.3926   | 0.3253 
6+   | 276   | 0.4341   | 0.2990   | 0.3204 

Epoch 3: loss = 0.260301 phase = A val_loss = 0.148801 delta_mae_pts = 0.4743 recap_mae_pts = 0.4743 cat_mae_pts = 0.6037 total_mae_pts = 1.4273 vs_inertia_pts = -0.0605 vs_quad_pts = 0.1719 lr_base = 0.000300 lr_mult = 1.0000 lr_eff = 0.000300 mon_cov = 0.840 mon_score = 1.9015 progress = 4/120 epoch_sec = 91.0 avg_epoch_sec = 90.3 elapsed = 00:06:01 eta = 02:54:36
Epoch 3 memory(end): tensors=258, buffers=219, bytes=18.3MB
Saved BEST-DELTA checkpoint @epoch 3 delta_mae_pts = 0.4743 monitor_score = 1.9015 -> models\v9_subcaption_fixed\v9fix_datefwd_calib_auto_cov4_1779499112845\best 
Saved BEST-LOSS checkpoint @epoch 3 val_loss = 0.148801 delta_mae_pts = 0.4743 -> models\v9_subcaption_fixed\v9fix_datefwd_calib_auto_cov4_1779499112845\best_loss 
Saved BEST-PHASE-A checkpoint @epoch 3 delta_mae_pts = 0.4743 -> models\v9_subcaption_fixed\v9fix_datefwd_calib_auto_cov4_1779499112845\best_phase_a 
[curriculum] phase=A age=4/10 delta=0.4743 phase_best=0.4743 stall=0/6 cov=0.840/0.900 min=wait cov_gate=wait next=hold

Epoch 4: Phase A (A_end=10, B_end=40, C_ramp=80) Weights {"totalWeight":0.05,"recapWeight":1,"deltaWeight":0.2,"categoryWeight":0.05,"quantileWeight":0.02,"consistencyWeight":0,"identityDropoutRate":0.95}, Scales {"judgeBias":0.1,"corps":0}, SeqLen 5, ID_Drop 0.949, WFW 0.100 
Epoch 4 memory(start): tensors=258, buffers=180, bytes=18.3MB

History Bucket Diagnostics (Avg Abs Error per sample, normalized units):
Hist | Count | MAE_Pred | MAE_Base | PredDevFromBase
-----|-------|----------|----------|----------------
0    | 8     | 0.8015   | 3.7696   | 3.8132 
1    | 9     | 0.8064   | 0.9160   | 0.6725 
2    | 11    | 0.6138   | 0.5551   | 0.3767 
3-5  | 59    | 0.5006   | 0.3926   | 0.3157 
6+   | 276   | 0.4306   | 0.2990   | 0.2944 

Epoch 4: loss = 0.225019 phase = A val_loss = 0.145079 delta_mae_pts = 0.4650 recap_mae_pts = 0.4650 cat_mae_pts = 0.6350 total_mae_pts = 1.5907 vs_inertia_pts = -0.0513 vs_quad_pts = 0.1812 lr_base = 0.000375 lr_mult = 1.0000 lr_eff = 0.000375 mon_cov = 0.849 mon_score = 2.0557 progress = 5/120 epoch_sec = 90.1 avg_epoch_sec = 90.3 elapsed = 00:07:31 eta = 02:53:01
Epoch 4 memory(end): tensors=258, buffers=219, bytes=18.3MB
Saved BEST-DELTA checkpoint @epoch 4 delta_mae_pts = 0.4650 monitor_score = 1.9015 -> models\v9_subcaption_fixed\v9fix_datefwd_calib_auto_cov4_1779499112845\best 
Saved BEST-LOSS checkpoint @epoch 4 val_loss = 0.145079 delta_mae_pts = 0.4650 -> models\v9_subcaption_fixed\v9fix_datefwd_calib_auto_cov4_1779499112845\best_loss 
Saved BEST-PHASE-A checkpoint @epoch 4 delta_mae_pts = 0.4650 -> models\v9_subcaption_fixed\v9fix_datefwd_calib_auto_cov4_1779499112845\best_phase_a 
[curriculum] phase=A age=5/10 delta=0.4650 phase_best=0.4650 stall=0/6 cov=0.849/0.900 min=wait cov_gate=wait next=hold

Epoch 5: Phase A (A_end=10, B_end=40, C_ramp=80) Weights {"totalWeight":0.05,"recapWeight":1,"deltaWeight":0.2,"categoryWeight":0.05,"quantileWeight":0.02,"consistencyWeight":0,"identityDropoutRate":0.95}, Scales {"judgeBias":0.125,"corps":0}, SeqLen 5, ID_Drop 0.952, WFW 0.100 
Epoch 5 memory(start): tensors=258, buffers=180, bytes=18.3MB

History Bucket Diagnostics (Avg Abs Error per sample, normalized units):
Hist | Count | MAE_Pred | MAE_Base | PredDevFromBase
-----|-------|----------|----------|----------------
0    | 8     | 0.7634   | 3.7696   | 3.5371 
1    | 9     | 0.8775   | 0.9160   | 0.5216 
2    | 11    | 0.6074   | 0.5551   | 0.3712 
3-5  | 59    | 0.4654   | 0.3926   | 0.3999 
6+   | 276   | 0.4064   | 0.2990   | 0.3554 

Epoch 5: loss = 0.212394 phase = A val_loss = 0.136793 delta_mae_pts = 0.4416 recap_mae_pts = 0.4416 cat_mae_pts = 0.5553 total_mae_pts = 1.3179 vs_inertia_pts = -0.0279 vs_quad_pts = 0.2045 lr_base = 0.000450 lr_mult = 1.0000 lr_eff = 0.000450 mon_cov = 0.895 mon_score = 1.7595 progress = 6/120 epoch_sec = 90.8 avg_epoch_sec = 90.4 elapsed = 00:09:02 eta = 02:51:41
Epoch 5 memory(end): tensors=258, buffers=219, bytes=18.3MB
Saved BEST-DELTA checkpoint @epoch 5 delta_mae_pts = 0.4416 monitor_score = 1.7595 -> models\v9_subcaption_fixed\v9fix_datefwd_calib_auto_cov4_1779499112845\best 
Saved BEST-LOSS checkpoint @epoch 5 val_loss = 0.136793 delta_mae_pts = 0.4416 -> models\v9_subcaption_fixed\v9fix_datefwd_calib_auto_cov4_1779499112845\best_loss 
Saved BEST-PHASE-A checkpoint @epoch 5 delta_mae_pts = 0.4416 -> models\v9_subcaption_fixed\v9fix_datefwd_calib_auto_cov4_1779499112845\best_phase_a 
[curriculum] phase=A age=6/10 delta=0.4416 phase_best=0.4416 stall=0/6 cov=0.895/0.900 min=ok cov_gate=wait next=hold

Epoch 6: Phase A (A_end=10, B_end=40, C_ramp=80) Weights {"totalWeight":0.05,"recapWeight":1,"deltaWeight":0.2,"categoryWeight":0.05,"quantileWeight":0.02,"consistencyWeight":0,"identityDropoutRate":0.95}, Scales {"judgeBias":0.15,"corps":0}, SeqLen 5, ID_Drop 0.949, WFW 0.100 
Epoch 6 memory(start): tensors=258, buffers=180, bytes=18.3MB

History Bucket Diagnostics (Avg Abs Error per sample, normalized units):
Hist | Count | MAE_Pred | MAE_Base | PredDevFromBase
-----|-------|----------|----------|----------------
0    | 8     | 1.2805   | 3.7696   | 4.2484 
1    | 9     | 0.8480   | 0.9160   | 0.5917 
2    | 11    | 0.6533   | 0.5551   | 0.4331 
3-5  | 59    | 0.4686   | 0.3926   | 0.3480 
6+   | 276   | 0.4231   | 0.2990   | 0.3691 

Epoch 6: loss = 0.187761 phase = A val_loss = 0.146939 delta_mae_pts = 0.4669 recap_mae_pts = 0.4669 cat_mae_pts = 0.5910 total_mae_pts = 1.4670 vs_inertia_pts = -0.0531 vs_quad_pts = 0.1793 lr_base = 0.000525 lr_mult = 1.0000 lr_eff = 0.000525 mon_cov = 0.887 mon_score = 1.9338 progress = 7/120 epoch_sec = 90.3 avg_epoch_sec = 90.4 elapsed = 00:10:32 eta = 02:50:10
Epoch 6 memory(end): tensors=258, buffers=219, bytes=18.3MB
[curriculum] phase=A age=7/10 delta=0.4669 phase_best=0.4416 stall=1/6 cov=0.887/0.900 min=ok cov_gate=wait next=hold

Epoch 7: Phase A (A_end=10, B_end=40, C_ramp=80) Weights {"totalWeight":0.05,"recapWeight":1,"deltaWeight":0.2,"categoryWeight":0.05,"quantileWeight":0.02,"consistencyWeight":0,"identityDropoutRate":0.95}, Scales {"judgeBias":0.175,"corps":0}, SeqLen 5, ID_Drop 0.946, WFW 0.100 
Epoch 7 memory(start): tensors=258, buffers=219, bytes=18.3MB

History Bucket Diagnostics (Avg Abs Error per sample, normalized units):
Hist | Count | MAE_Pred | MAE_Base | PredDevFromBase
-----|-------|----------|----------|----------------
0    | 8     | 0.8667   | 3.7696   | 3.4147 
1    | 9     | 0.8536   | 0.9160   | 0.5263 
2    | 11    | 0.6274   | 0.5551   | 0.3997 
3-5  | 59    | 0.4627   | 0.3926   | 0.3457 
6+   | 276   | 0.4272   | 0.2990   | 0.3489 

Epoch 7: loss = 0.184815 phase = A val_loss = 0.139340 delta_mae_pts = 0.4593 recap_mae_pts = 0.4593 cat_mae_pts = 0.5998 total_mae_pts = 1.3132 vs_inertia_pts = -0.0456 vs_quad_pts = 0.1868 lr_base = 0.000600 lr_mult = 1.0000 lr_eff = 0.000600 mon_cov = 0.911 mon_score = 1.7726 progress = 8/120 epoch_sec = 89.9 avg_epoch_sec = 90.3 elapsed = 00:12:02 eta = 02:48:33
Epoch 7 memory(end): tensors=258, buffers=219, bytes=18.3MB
[curriculum] phase=A age=8/10 delta=0.4593 phase_best=0.4416 stall=2/6 cov=0.911/0.900 min=ok cov_gate=ok next=hold

Epoch 8: Phase A (A_end=10, B_end=40, C_ramp=80) Weights {"totalWeight":0.05,"recapWeight":1,"deltaWeight":0.2,"categoryWeight":0.05,"quantileWeight":0.02,"consistencyWeight":0,"identityDropoutRate":0.95}, Scales {"judgeBias":0.2,"corps":0}, SeqLen 5, ID_Drop 0.951, WFW 0.100 
Epoch 8 memory(start): tensors=258, buffers=219, bytes=18.3MB

History Bucket Diagnostics (Avg Abs Error per sample, normalized units):
Hist | Count | MAE_Pred | MAE_Base | PredDevFromBase
-----|-------|----------|----------|----------------
0    | 8     | 0.9664   | 3.7696   | 4.0264 
1    | 9     | 0.8254   | 0.9160   | 0.5721 
2    | 11    | 0.5649   | 0.5551   | 0.3831 
3-5  | 59    | 0.4845   | 0.3926   | 0.3154 
6+   | 276   | 0.4299   | 0.2990   | 0.3448 

Epoch 8: loss = 0.181163 phase = A val_loss = 0.145961 delta_mae_pts = 0.4645 recap_mae_pts = 0.4645 cat_mae_pts = 0.6139 total_mae_pts = 1.5998 vs_inertia_pts = -0.0508 vs_quad_pts = 0.1817 lr_base = 0.000675 lr_mult = 1.0000 lr_eff = 0.000675 mon_cov = 0.908 mon_score = 2.0643 progress = 9/120 epoch_sec = 90.4 avg_epoch_sec = 90.3 elapsed = 00:13:33 eta = 02:47:04
Epoch 8 memory(end): tensors=258, buffers=219, bytes=18.3MB
[curriculum] phase=A age=9/10 delta=0.4645 phase_best=0.4416 stall=3/6 cov=0.908/0.900 min=ok cov_gate=ok next=hold

Epoch 9: Phase A (A_end=10, B_end=40, C_ramp=80) Weights {"totalWeight":0.05,"recapWeight":1,"deltaWeight":0.2,"categoryWeight":0.05,"quantileWeight":0.02,"consistencyWeight":0,"identityDropoutRate":0.95}, Scales {"judgeBias":0.225,"corps":0}, SeqLen 5, ID_Drop 0.950, WFW 0.100 
Epoch 9 memory(start): tensors=258, buffers=219, bytes=18.3MB

History Bucket Diagnostics (Avg Abs Error per sample, normalized units):
Hist | Count | MAE_Pred | MAE_Base | PredDevFromBase
-----|-------|----------|----------|----------------
0    | 8     | 0.6012   | 3.7696   | 3.7633 
1    | 9     | 0.7193   | 0.9160   | 0.8183 
2    | 11    | 0.6135   | 0.5551   | 0.4257 
3-5  | 59    | 0.4470   | 0.3926   | 0.3431 
6+   | 276   | 0.3862   | 0.2990   | 0.3003 

Epoch 9: loss = 0.171112 phase = A val_loss = 0.126810 delta_mae_pts = 0.4160 recap_mae_pts = 0.4160 cat_mae_pts = 0.5055 total_mae_pts = 1.2271 vs_inertia_pts = -0.0023 vs_quad_pts = 0.2302 lr_base = 0.000750 lr_mult = 1.0000 lr_eff = 0.000750 mon_cov = 0.931 mon_score = 1.6431 progress = 10/120 epoch_sec = 90.6 avg_epoch_sec = 90.3 elapsed = 00:15:03 eta = 02:45:37
Epoch 9 memory(end): tensors=258, buffers=219, bytes=18.3MB
Saved BEST-DELTA checkpoint @epoch 9 delta_mae_pts = 0.4160 monitor_score = 1.6431 -> models\v9_subcaption_fixed\v9fix_datefwd_calib_auto_cov4_1779499112845\best 
Saved BEST-LOSS checkpoint @epoch 9 val_loss = 0.126810 delta_mae_pts = 0.4160 -> models\v9_subcaption_fixed\v9fix_datefwd_calib_auto_cov4_1779499112845\best_loss 
Saved BEST-PHASE-A checkpoint @epoch 9 delta_mae_pts = 0.4160 -> models\v9_subcaption_fixed\v9fix_datefwd_calib_auto_cov4_1779499112845\best_phase_a 
[curriculum] phase=A age=10/10 delta=0.4160 phase_best=0.4160 stall=0/6 cov=0.931/0.900 min=ok cov_gate=ok next=advance:max

--- AUTO CURRICULUM: A -> B at next epoch 10 (reason=max_epoch, delta=0.4160, coverage=0.931) ---

Epoch 10: Phase B (A_end=10, B_end=40, C_ramp=80) Weights {"totalWeight":0,"recapWeight":1,"deltaWeight":0.2,"categoryWeight":0.05,"quantileWeight":0.02,"consistencyWeight":0,"identityDropoutRate":0.95}, Scales {"judgeBias":0.25,"corps":0}, SeqLen 15, ID_Drop 0.948, WFW 0.100 
Epoch 10 memory(start): tensors=258, buffers=180, bytes=18.3MB

History Bucket Diagnostics (Avg Abs Error per sample, normalized units):
Hist | Count | MAE_Pred | MAE_Base | PredDevFromBase
-----|-------|----------|----------|----------------
0    | 8     | 1.1843   | 3.7696   | 4.1361 
1    | 9     | 0.7661   | 0.9160   | 0.6263 
2    | 11    | 0.8298   | 0.5551   | 0.4921 
3-5  | 59    | 0.6884   | 0.3926   | 0.4690 
6+   | 276   | 0.5450   | 0.2990   | 0.4066 

Epoch 10: loss = 0.177554 phase = B val_loss = 0.177078 delta_mae_pts = 0.5965 recap_mae_pts = 0.5965 cat_mae_pts = 0.8446 total_mae_pts = 2.3500 vs_inertia_pts = -0.1828 vs_quad_pts = 0.0496 lr_base = 0.000750 lr_mult = 1.0000 lr_eff = 0.000750 mon_cov = 0.810 mon_score = 2.9466 progress = 11/120 epoch_sec = 89.7 avg_epoch_sec = 90.3 elapsed = 00:16:33 eta = 02:44:00
Epoch 10 memory(end): tensors=258, buffers=219, bytes=18.3MB
Saved BEST-PHASE-B checkpoint @epoch 10 delta_mae_pts = 0.5965 -> models\v9_subcaption_fixed\v9fix_datefwd_calib_auto_cov4_1779499112845\best_phase_b 
[curriculum] phase=B age=1/30 delta=0.5965 phase_best=0.5965 stall=0/6 cov=0.810/0.900 min=wait cov_gate=wait next=hold

Epoch 11: Phase B (A_end=10, B_end=40, C_ramp=80) Weights {"totalWeight":0,"recapWeight":0.9766666666666667,"deltaWeight":0.22666666666666668,"categoryWeight":0.05,"quantileWeight":0.02266666666666667,"consistencyWeight":0,"identityDropoutRate":0.95}, Scales {"judgeBias":0.275,"corps":0}, SeqLen 15, ID_Drop 0.956, WFW 0.105 
Epoch 11 memory(start): tensors=258, buffers=219, bytes=18.3MB

History Bucket Diagnostics (Avg Abs Error per sample, normalized units):
Hist | Count | MAE_Pred | MAE_Base | PredDevFromBase
-----|-------|----------|----------|----------------
0    | 8     | 0.8352   | 3.7696   | 3.9148 
1    | 9     | 0.7819   | 0.9160   | 0.5796 
2    | 11    | 0.6267   | 0.5551   | 0.3624 
3-5  | 59    | 0.4763   | 0.3926   | 0.3583 
6+   | 276   | 0.4043   | 0.2990   | 0.3391 

Epoch 11: loss = 0.170681 phase = B val_loss = 0.130532 delta_mae_pts = 0.4416 recap_mae_pts = 0.4416 cat_mae_pts = 0.5488 total_mae_pts = 1.2806 vs_inertia_pts = -0.0279 vs_quad_pts = 0.2045 lr_base = 0.000750 lr_mult = 1.0000 lr_eff = 0.000750 mon_cov = 0.900 mon_score = 1.7223 progress = 12/120 epoch_sec = 90.3 avg_epoch_sec = 90.3 elapsed = 00:18:03 eta = 02:42:30
Epoch 11 memory(end): tensors=258, buffers=219, bytes=18.3MB
Saved BEST-PHASE-B checkpoint @epoch 11 delta_mae_pts = 0.4416 -> models\v9_subcaption_fixed\v9fix_datefwd_calib_auto_cov4_1779499112845\best_phase_b 
[curriculum] phase=B age=2/30 delta=0.4416 phase_best=0.4416 stall=0/6 cov=0.900/0.900 min=wait cov_gate=wait next=hold

Epoch 12: Phase B (A_end=10, B_end=40, C_ramp=80) Weights {"totalWeight":0,"recapWeight":0.9533333333333334,"deltaWeight":0.25333333333333335,"categoryWeight":0.05,"quantileWeight":0.025333333333333333,"consistencyWeight":0,"identityDropoutRate":0.95}, Scales {"judgeBias":0.3,"corps":0}, SeqLen 15, ID_Drop 0.949, WFW 0.118 
Epoch 12 memory(start): tensors=258, buffers=219, bytes=18.3MB

History Bucket Diagnostics (Avg Abs Error per sample, normalized units):
Hist | Count | MAE_Pred | MAE_Base | PredDevFromBase
-----|-------|----------|----------|----------------
0    | 8     | 0.9251   | 3.7696   | 3.5020 
1    | 9     | 0.8551   | 0.9160   | 0.5623 
2    | 11    | 0.7923   | 0.5551   | 0.4566 
3-5  | 59    | 0.5514   | 0.3926   | 0.3551 
6+   | 276   | 0.4086   | 0.2990   | 0.2960 

Epoch 12: loss = 0.167297 phase = B val_loss = 0.142401 delta_mae_pts = 0.4659 recap_mae_pts = 0.4659 cat_mae_pts = 0.6143 total_mae_pts = 1.6094 vs_inertia_pts = -0.0522 vs_quad_pts = 0.1803 lr_base = 0.000749 lr_mult = 1.0000 lr_eff = 0.000749 mon_cov = 0.878 mon_score = 2.0753 progress = 13/120 epoch_sec = 90.1 avg_epoch_sec = 90.3 elapsed = 00:19:33 eta = 02:40:58
Epoch 12 memory(end): tensors=258, buffers=219, bytes=18.3MB
[curriculum] phase=B age=3/30 delta=0.4659 phase_best=0.4416 stall=1/6 cov=0.878/0.900 min=wait cov_gate=wait next=hold

Epoch 13: Phase B (A_end=10, B_end=40, C_ramp=80) Weights {"totalWeight":0,"recapWeight":0.93,"deltaWeight":0.28,"categoryWeight":0.05,"quantileWeight":0.028,"consistencyWeight":0,"identityDropoutRate":0.95}, Scales {"judgeBias":0.325,"corps":0}, SeqLen 15, ID_Drop 0.950, WFW 0.139 
Epoch 13 memory(start): tensors=258, buffers=219, bytes=18.3MB

History Bucket Diagnostics (Avg Abs Error per sample, normalized units):
Hist | Count | MAE_Pred | MAE_Base | PredDevFromBase
-----|-------|----------|----------|----------------
0    | 8     | 0.8343   | 3.7696   | 3.5705 
1    | 9     | 0.7804   | 0.9160   | 0.7295 
2    | 11    | 0.5490   | 0.5551   | 0.3790 
3-5  | 59    | 0.4397   | 0.3926   | 0.2883 
6+   | 276   | 0.3629   | 0.2990   | 0.2535 

Epoch 13: loss = 0.163696 phase = B val_loss = 0.124196 delta_mae_pts = 0.4018 recap_mae_pts = 0.4018 cat_mae_pts = 0.4846 total_mae_pts = 1.1693 vs_inertia_pts = 0.0120 vs_quad_pts = 0.2444 lr_base = 0.000749 lr_mult = 1.0000 lr_eff = 0.000749 mon_cov = 0.909 mon_score = 1.5711 progress = 14/120 epoch_sec = 89.5 avg_epoch_sec = 90.2 elapsed = 00:21:03 eta = 02:39:22
Epoch 13 memory(end): tensors=258, buffers=219, bytes=18.3MB
Saved BEST-DELTA checkpoint @epoch 13 delta_mae_pts = 0.4018 monitor_score = 1.5711 -> models\v9_subcaption_fixed\v9fix_datefwd_calib_auto_cov4_1779499112845\best 
Saved BEST-LOSS checkpoint @epoch 13 val_loss = 0.124196 delta_mae_pts = 0.4018 -> models\v9_subcaption_fixed\v9fix_datefwd_calib_auto_cov4_1779499112845\best_loss 
Saved BEST-PHASE-B checkpoint @epoch 13 delta_mae_pts = 0.4018 -> models\v9_subcaption_fixed\v9fix_datefwd_calib_auto_cov4_1779499112845\best_phase_b 
[curriculum] phase=B age=4/30 delta=0.4018 phase_best=0.4018 stall=0/6 cov=0.909/0.900 min=wait cov_gate=ok next=hold

Epoch 14: Phase B (A_end=10, B_end=40, C_ramp=80) Weights {"totalWeight":0,"recapWeight":0.9066666666666667,"deltaWeight":0.3066666666666667,"categoryWeight":0.05,"quantileWeight":0.03066666666666667,"consistencyWeight":0,"identityDropoutRate":0.95}, Scales {"judgeBias":0.35,"corps":0}, SeqLen 15, ID_Drop 0.949, WFW 0.168 
Epoch 14 memory(start): tensors=258, buffers=180, bytes=18.3MB

History Bucket Diagnostics (Avg Abs Error per sample, normalized units):
Hist | Count | MAE_Pred | MAE_Base | PredDevFromBase
-----|-------|----------|----------|----------------
0    | 8     | 0.6429   | 3.7696   | 3.5293 
1    | 9     | 0.7337   | 0.9160   | 0.7041 
2    | 11    | 0.4779   | 0.5551   | 0.3436 
3-5  | 59    | 0.4816   | 0.3926   | 0.3055 
6+   | 276   | 0.3946   | 0.2990   | 0.2866 

Epoch 14: loss = 0.152073 phase = B val_loss = 0.131786 delta_mae_pts = 0.4251 recap_mae_pts = 0.4251 cat_mae_pts = 0.5597 total_mae_pts = 1.3619 vs_inertia_pts = -0.0114 vs_quad_pts = 0.2210 lr_base = 0.000748 lr_mult = 1.0000 lr_eff = 0.000748 mon_cov = 0.907 mon_score = 1.7870 progress = 15/120 epoch_sec = 90.2 avg_epoch_sec = 90.2 elapsed = 00:22:33 eta = 02:37:52
Epoch 14 memory(end): tensors=258, buffers=219, bytes=18.3MB
[curriculum] phase=B age=5/30 delta=0.4251 phase_best=0.4018 stall=1/6 cov=0.907/0.900 min=wait cov_gate=ok next=hold

Epoch 15: Phase B (A_end=10, B_end=40, C_ramp=80) Weights {"totalWeight":0,"recapWeight":0.8833333333333333,"deltaWeight":0.33333333333333337,"categoryWeight":0.05,"quantileWeight":0.03333333333333333,"consistencyWeight":0,"identityDropoutRate":0.95}, Scales {"judgeBias":0.375,"corps":0}, SeqLen 15, ID_Drop 0.951, WFW 0.204 
Epoch 15 memory(start): tensors=258, buffers=219, bytes=18.3MB

History Bucket Diagnostics (Avg Abs Error per sample, normalized units):
Hist | Count | MAE_Pred | MAE_Base | PredDevFromBase
-----|-------|----------|----------|----------------
0    | 8     | 0.7869   | 3.7696   | 4.1345 
1    | 9     | 0.8633   | 0.9160   | 1.0411 
2    | 11    | 0.5280   | 0.5551   | 0.5825 
3-5  | 59    | 0.4256   | 0.3926   | 0.4240 
6+   | 276   | 0.3994   | 0.2990   | 0.3661 

Epoch 15: loss = 0.150952 phase = B val_loss = 0.135194 delta_mae_pts = 0.4276 recap_mae_pts = 0.4276 cat_mae_pts = 0.5941 total_mae_pts = 1.4142 vs_inertia_pts = -0.0139 vs_quad_pts = 0.2186 lr_base = 0.000746 lr_mult = 1.0000 lr_eff = 0.000746 mon_cov = 0.925 mon_score = 1.8418 progress = 16/120 epoch_sec = 90.7 avg_epoch_sec = 90.2 elapsed = 00:24:04 eta = 02:36:25
Epoch 15 memory(end): tensors=258, buffers=219, bytes=18.3MB
[curriculum] phase=B age=6/30 delta=0.4276 phase_best=0.4018 stall=2/6 cov=0.925/0.900 min=wait cov_gate=ok next=hold

Epoch 16: Phase B (A_end=10, B_end=40, C_ramp=80) Weights {"totalWeight":0,"recapWeight":0.86,"deltaWeight":0.36000000000000004,"categoryWeight":0.05,"quantileWeight":0.036000000000000004,"consistencyWeight":0,"identityDropoutRate":0.95}, Scales {"judgeBias":0.4,"corps":0}, SeqLen 15, ID_Drop 0.949, WFW 0.246 
Epoch 16 memory(start): tensors=258, buffers=219, bytes=18.3MB

History Bucket Diagnostics (Avg Abs Error per sample, normalized units):
Hist | Count | MAE_Pred | MAE_Base | PredDevFromBase
-----|-------|----------|----------|----------------
0    | 8     | 0.9307   | 3.7696   | 3.6438 
1    | 9     | 0.9562   | 0.9160   | 0.3918 
2    | 11    | 0.9215   | 0.5551   | 0.5605 
3-5  | 59    | 0.7645   | 0.3926   | 0.5101 
6+   | 276   | 0.4665   | 0.2990   | 0.3311 

Epoch 16: loss = 0.153055 phase = B val_loss = 0.183369 delta_mae_pts = 0.5511 recap_mae_pts = 0.5511 cat_mae_pts = 0.8251 total_mae_pts = 2.3281 vs_inertia_pts = -0.1374 vs_quad_pts = 0.0951 lr_base = 0.000745 lr_mult = 1.0000 lr_eff = 0.000745 mon_cov = 0.849 mon_score = 2.8792 progress = 17/120 epoch_sec = 90.8 avg_epoch_sec = 90.3 elapsed = 00:25:35 eta = 02:34:58
Epoch 16 memory(end): tensors=258, buffers=219, bytes=18.3MB
[curriculum] phase=B age=7/30 delta=0.5511 phase_best=0.4018 stall=3/6 cov=0.849/0.900 min=wait cov_gate=wait next=hold

Epoch 17: Phase B (A_end=10, B_end=40, C_ramp=80) Weights {"totalWeight":0,"recapWeight":0.8366666666666667,"deltaWeight":0.3866666666666667,"categoryWeight":0.05,"quantileWeight":0.03866666666666667,"consistencyWeight":0,"identityDropoutRate":0.95}, Scales {"judgeBias":0.425,"corps":0}, SeqLen 15, ID_Drop 0.954, WFW 0.293 
Epoch 17 memory(start): tensors=258, buffers=219, bytes=18.3MB

History Bucket Diagnostics (Avg Abs Error per sample, normalized units):
Hist | Count | MAE_Pred | MAE_Base | PredDevFromBase
-----|-------|----------|----------|----------------
0    | 8     | 0.7969   | 3.7696   | 3.6514 
1    | 9     | 0.8858   | 0.9160   | 0.4447 
2    | 11    | 0.7751   | 0.5551   | 0.5008 
3-5  | 59    | 0.6667   | 0.3926   | 0.4729 
6+   | 276   | 0.4531   | 0.2990   | 0.3437 

Epoch 17: loss = 0.161555 phase = B val_loss = 0.176495 delta_mae_pts = 0.5159 recap_mae_pts = 0.5159 cat_mae_pts = 0.7598 total_mae_pts = 2.1383 vs_inertia_pts = -0.1022 vs_quad_pts = 0.1303 lr_base = 0.000743 lr_mult = 1.0000 lr_eff = 0.000743 mon_cov = 0.843 mon_score = 2.6542 progress = 18/120 epoch_sec = 89.9 avg_epoch_sec = 90.2 elapsed = 00:27:04 eta = 02:33:25
Epoch 17 memory(end): tensors=258, buffers=219, bytes=18.3MB
[curriculum] phase=B age=8/30 delta=0.5159 phase_best=0.4018 stall=4/6 cov=0.843/0.900 min=wait cov_gate=wait next=hold

Epoch 18: Phase B (A_end=10, B_end=40, C_ramp=80) Weights {"totalWeight":0,"recapWeight":0.8133333333333334,"deltaWeight":0.41333333333333333,"categoryWeight":0.05,"quantileWeight":0.04133333333333333,"consistencyWeight":0,"identityDropoutRate":0.95}, Scales {"judgeBias":0.45,"corps":0}, SeqLen 15, ID_Drop 0.951, WFW 0.346 
Epoch 18 memory(start): tensors=258, buffers=219, bytes=18.3MB

History Bucket Diagnostics (Avg Abs Error per sample, normalized units):
Hist | Count | MAE_Pred | MAE_Base | PredDevFromBase
-----|-------|----------|----------|----------------
0    | 8     | 0.8479   | 3.7696   | 4.2140 
1    | 9     | 0.7748   | 0.9160   | 0.8760 
2    | 11    | 0.4639   | 0.5551   | 0.4795 
3-5  | 59    | 0.4000   | 0.3926   | 0.3228 
6+   | 276   | 0.3410   | 0.2990   | 0.2791 

Epoch 18: loss = 0.152070 phase = B val_loss = 0.129391 delta_mae_pts = 0.3763 recap_mae_pts = 0.3763 cat_mae_pts = 0.4292 total_mae_pts = 0.9941 vs_inertia_pts = 0.0375 vs_quad_pts = 0.2699 lr_base = 0.000741 lr_mult = 1.0000 lr_eff = 0.000741 mon_cov = 0.944 mon_score = 1.3703 progress = 19/120 epoch_sec = 90.1 avg_epoch_sec = 90.2 elapsed = 00:28:35 eta = 02:31:54
Epoch 18 memory(end): tensors=258, buffers=219, bytes=18.3MB
Saved BEST-DELTA checkpoint @epoch 18 delta_mae_pts = 0.3763 monitor_score = 1.3703 -> models\v9_subcaption_fixed\v9fix_datefwd_calib_auto_cov4_1779499112845\best 
Saved BEST-PHASE-B checkpoint @epoch 18 delta_mae_pts = 0.3763 -> models\v9_subcaption_fixed\v9fix_datefwd_calib_auto_cov4_1779499112845\best_phase_b 
[curriculum] phase=B age=9/30 delta=0.3763 phase_best=0.3763 stall=0/6 cov=0.944/0.900 min=wait cov_gate=ok next=hold

Epoch 19: Phase B (A_end=10, B_end=40, C_ramp=80) Weights {"totalWeight":0,"recapWeight":0.79,"deltaWeight":0.44,"categoryWeight":0.05,"quantileWeight":0.044,"consistencyWeight":0,"identityDropoutRate":0.95}, Scales {"judgeBias":0.475,"corps":0}, SeqLen 15, ID_Drop 0.952, WFW 0.402 
Epoch 19 memory(start): tensors=258, buffers=219, bytes=18.3MB

History Bucket Diagnostics (Avg Abs Error per sample, normalized units):
Hist | Count | MAE_Pred | MAE_Base | PredDevFromBase
-----|-------|----------|----------|----------------
0    | 8     | 0.8370   | 3.7696   | 3.8058 
1    | 9     | 0.8347   | 0.9160   | 0.5499 
2    | 11    | 0.6898   | 0.5551   | 0.3884 
3-5  | 59    | 0.6282   | 0.3926   | 0.4313 
6+   | 276   | 0.3962   | 0.2990   | 0.2958 

Epoch 19: loss = 0.151288 phase = B val_loss = 0.161277 delta_mae_pts = 0.4634 recap_mae_pts = 0.4634 cat_mae_pts = 0.6376 total_mae_pts = 1.7361 vs_inertia_pts = -0.0497 vs_quad_pts = 0.1827 lr_base = 0.000738 lr_mult = 1.0000 lr_eff = 0.000738 mon_cov = 0.892 mon_score = 2.1995 progress = 20/120 epoch_sec = 89.2 avg_epoch_sec = 90.2 elapsed = 00:30:04 eta = 02:30:19
Epoch 19 memory(end): tensors=258, buffers=258, bytes=18.3MB
[curriculum] phase=B age=10/30 delta=0.4634 phase_best=0.3763 stall=1/6 cov=0.892/0.900 min=wait cov_gate=wait next=hold

Epoch 20: Phase B (A_end=10, B_end=40, C_ramp=80) Weights {"totalWeight":0,"recapWeight":0.7666666666666667,"deltaWeight":0.4666666666666667,"categoryWeight":0.05,"quantileWeight":0.04666666666666666,"consistencyWeight":0,"identityDropoutRate":0.95}, Scales {"judgeBias":0.5,"corps":0}, SeqLen 15, ID_Drop 0.947, WFW 0.463 
Epoch 20 memory(start): tensors=258, buffers=258, bytes=18.3MB

History Bucket Diagnostics (Avg Abs Error per sample, normalized units):
Hist | Count | MAE_Pred | MAE_Base | PredDevFromBase
-----|-------|----------|----------|----------------
0    | 8     | 0.6191   | 3.7696   | 3.6902 
1    | 9     | 0.7242   | 0.9160   | 0.5823 
2    | 11    | 0.5113   | 0.5551   | 0.3139 
3-5  | 59    | 0.4628   | 0.3926   | 0.2991 
6+   | 276   | 0.3671   | 0.2990   | 0.2919 

Epoch 20: loss = 0.151293 phase = B val_loss = 0.141313 delta_mae_pts = 0.4014 recap_mae_pts = 0.4014 cat_mae_pts = 0.5448 total_mae_pts = 1.3914 vs_inertia_pts = 0.0123 vs_quad_pts = 0.2447 lr_base = 0.000735 lr_mult = 1.0000 lr_eff = 0.000735 mon_cov = 0.937 mon_score = 1.7928 progress = 21/120 epoch_sec = 91.3 avg_epoch_sec = 90.2 elapsed = 00:31:35 eta = 02:28:54
Epoch 20 memory(end): tensors=258, buffers=258, bytes=18.3MB
[curriculum] phase=B age=11/30 delta=0.4014 phase_best=0.3763 stall=2/6 cov=0.937/0.900 min=wait cov_gate=ok next=hold

Epoch 21: Phase B (A_end=10, B_end=40, C_ramp=80) Weights {"totalWeight":0,"recapWeight":0.7433333333333334,"deltaWeight":0.49333333333333335,"categoryWeight":0.05,"quantileWeight":0.04933333333333333,"consistencyWeight":0,"identityDropoutRate":0.95}, Scales {"judgeBias":0.525,"corps":0}, SeqLen 15, ID_Drop 0.948, WFW 0.527 
Epoch 21 memory(start): tensors=258, buffers=258, bytes=18.3MB

History Bucket Diagnostics (Avg Abs Error per sample, normalized units):
Hist | Count | MAE_Pred | MAE_Base | PredDevFromBase
-----|-------|----------|----------|----------------
0    | 8     | 1.0401   | 3.7696   | 4.1953 
1    | 9     | 0.7424   | 0.9160   | 0.5937 
2    | 11    | 0.5572   | 0.5551   | 0.3641 
3-5  | 59    | 0.5430   | 0.3926   | 0.3532 
6+   | 276   | 0.3628   | 0.2990   | 0.2793 

Epoch 21: loss = 0.153869 phase = B val_loss = 0.153758 delta_mae_pts = 0.4223 recap_mae_pts = 0.4223 cat_mae_pts = 0.5608 total_mae_pts = 1.4513 vs_inertia_pts = -0.0086 vs_quad_pts = 0.2239 lr_base = 0.000732 lr_mult = 1.0000 lr_eff = 0.000732 mon_cov = 0.912 mon_score = 1.8736 progress = 22/120 epoch_sec = 90.4 avg_epoch_sec = 90.2 elapsed = 00:33:05 eta = 02:27:24
Epoch 21 memory(end): tensors=258, buffers=258, bytes=18.3MB
[curriculum] phase=B age=12/30 delta=0.4223 phase_best=0.3763 stall=3/6 cov=0.912/0.900 min=wait cov_gate=ok next=hold

Epoch 22: Phase B (A_end=10, B_end=40, C_ramp=80) Weights {"totalWeight":0,"recapWeight":0.72,"deltaWeight":0.52,"categoryWeight":0.05,"quantileWeight":0.052000000000000005,"consistencyWeight":0,"identityDropoutRate":0.95}, Scales {"judgeBias":0.55,"corps":0}, SeqLen 15, ID_Drop 0.952, WFW 0.593 
Epoch 22 memory(start): tensors=258, buffers=258, bytes=18.3MB

History Bucket Diagnostics (Avg Abs Error per sample, normalized units):
Hist | Count | MAE_Pred | MAE_Base | PredDevFromBase
-----|-------|----------|----------|----------------
0    | 8     | 0.6679   | 3.7696   | 3.9672 
1    | 9     | 0.9136   | 0.9160   | 1.2297 
2    | 11    | 0.6533   | 0.5551   | 0.7929 
3-5  | 59    | 0.4719   | 0.3926   | 0.5505 
6+   | 276   | 0.4155   | 0.2990   | 0.4519 

Epoch 22: loss = 0.155020 phase = B val_loss = 0.160527 delta_mae_pts = 0.4498 recap_mae_pts = 0.4498 cat_mae_pts = 0.6236 total_mae_pts = 1.6942 vs_inertia_pts = -0.0361 vs_quad_pts = 0.1964 lr_base = 0.000729 lr_mult = 1.0000 lr_eff = 0.000729 mon_cov = 0.921 mon_score = 2.1440 progress = 23/120 epoch_sec = 90.3 avg_epoch_sec = 90.3 elapsed = 00:34:36 eta = 02:25:54
Epoch 22 memory(end): tensors=258, buffers=258, bytes=18.3MB
[curriculum] phase=B age=13/30 delta=0.4498 phase_best=0.3763 stall=4/6 cov=0.921/0.900 min=wait cov_gate=ok next=hold

Epoch 23: Phase B (A_end=10, B_end=40, C_ramp=80) Weights {"totalWeight":0,"recapWeight":0.6966666666666667,"deltaWeight":0.5466666666666666,"categoryWeight":0.05,"quantileWeight":0.05466666666666667,"consistencyWeight":0,"identityDropoutRate":0.95}, Scales {"judgeBias":0.575,"corps":0}, SeqLen 15, ID_Drop 0.953, WFW 0.661 
Epoch 23 memory(start): tensors=258, buffers=258, bytes=18.3MB

History Bucket Diagnostics (Avg Abs Error per sample, normalized units):
Hist | Count | MAE_Pred | MAE_Base | PredDevFromBase
-----|-------|----------|----------|----------------
0    | 8     | 0.8032   | 3.7696   | 3.9240 
1    | 9     | 0.7457   | 0.9160   | 0.6357 
2    | 11    | 0.4654   | 0.5551   | 0.3591 
3-5  | 59    | 0.4023   | 0.3926   | 0.3238 
6+   | 276   | 0.3231   | 0.2990   | 0.2902 

Epoch 23: loss = 0.159639 phase = B val_loss = 0.135984 delta_mae_pts = 0.3614 recap_mae_pts = 0.3614 cat_mae_pts = 0.4566 total_mae_pts = 1.0860 vs_inertia_pts = 0.0524 vs_quad_pts = 0.2848 lr_base = 0.000725 lr_mult = 1.0000 lr_eff = 0.000725 mon_cov = 0.953 mon_score = 1.4473 progress = 24/120 epoch_sec = 89.4 avg_epoch_sec = 90.2 elapsed = 00:36:05 eta = 02:24:21
Epoch 23 memory(end): tensors=258, buffers=258, bytes=18.3MB
Saved BEST-DELTA checkpoint @epoch 23 delta_mae_pts = 0.3614 monitor_score = 1.3703 -> models\v9_subcaption_fixed\v9fix_datefwd_calib_auto_cov4_1779499112845\best 
Saved BEST-PHASE-B checkpoint @epoch 23 delta_mae_pts = 0.3614 -> models\v9_subcaption_fixed\v9fix_datefwd_calib_auto_cov4_1779499112845\best_phase_b 
[curriculum] phase=B age=14/30 delta=0.3614 phase_best=0.3614 stall=0/6 cov=0.953/0.900 min=wait cov_gate=ok next=hold

Epoch 24: Phase B (A_end=10, B_end=40, C_ramp=80) Weights {"totalWeight":0,"recapWeight":0.6733333333333333,"deltaWeight":0.5733333333333334,"categoryWeight":0.05,"quantileWeight":0.05733333333333333,"consistencyWeight":0,"identityDropoutRate":0.95}, Scales {"judgeBias":0.6,"corps":0}, SeqLen 15, ID_Drop 0.947, WFW 0.730 
Epoch 24 memory(start): tensors=258, buffers=219, bytes=18.3MB

History Bucket Diagnostics (Avg Abs Error per sample, normalized units):
Hist | Count | MAE_Pred | MAE_Base | PredDevFromBase
-----|-------|----------|----------|----------------
0    | 8     | 0.5848   | 3.7696   | 3.7783 
1    | 9     | 0.7491   | 0.9160   | 0.8711 
2    | 11    | 0.4735   | 0.5551   | 0.4105 
3-5  | 59    | 0.4086   | 0.3926   | 0.3217 
6+   | 276   | 0.3290   | 0.2990   | 0.2634 

Epoch 24: loss = 0.155456 phase = B val_loss = 0.137641 delta_mae_pts = 0.3624 recap_mae_pts = 0.3624 cat_mae_pts = 0.4423 total_mae_pts = 1.0662 vs_inertia_pts = 0.0513 vs_quad_pts = 0.2838 lr_base = 0.000722 lr_mult = 1.0000 lr_eff = 0.000722 mon_cov = 0.953 mon_score = 1.4286 progress = 25/120 epoch_sec = 90.5 avg_epoch_sec = 90.2 elapsed = 00:37:36 eta = 02:22:51
Epoch 24 memory(end): tensors=258, buffers=258, bytes=18.3MB
[curriculum] phase=B age=15/30 delta=0.3624 phase_best=0.3614 stall=1/6 cov=0.953/0.900 min=wait cov_gate=ok next=hold

Epoch 25: Phase B (A_end=10, B_end=40, C_ramp=80) Weights {"totalWeight":0,"recapWeight":0.65,"deltaWeight":0.6000000000000001,"categoryWeight":0.05,"quantileWeight":0.06,"consistencyWeight":0,"identityDropoutRate":0.95}, Scales {"judgeBias":0.625,"corps":0}, SeqLen 15, ID_Drop 0.947, WFW 0.800 
Epoch 25 memory(start): tensors=258, buffers=258, bytes=18.3MB

History Bucket Diagnostics (Avg Abs Error per sample, normalized units):
Hist | Count | MAE_Pred | MAE_Base | PredDevFromBase
-----|-------|----------|----------|----------------
0    | 8     | 0.6642   | 3.7696   | 3.8714 
1    | 9     | 0.7380   | 0.9160   | 0.6655 
2    | 11    | 0.4548   | 0.5551   | 0.3412 
3-5  | 59    | 0.3997   | 0.3926   | 0.2751 
6+   | 276   | 0.3174   | 0.2990   | 0.2509 

Epoch 25: loss = 0.158111 phase = B val_loss = 0.138625 delta_mae_pts = 0.3530 recap_mae_pts = 0.3530 cat_mae_pts = 0.4395 total_mae_pts = 1.0565 vs_inertia_pts = 0.0607 vs_quad_pts = 0.2931 lr_base = 0.000717 lr_mult = 1.0000 lr_eff = 0.000717 mon_cov = 0.962 mon_score = 1.4096 progress = 26/120 epoch_sec = 89.7 avg_epoch_sec = 90.2 elapsed = 00:39:05 eta = 02:21:19
Epoch 25 memory(end): tensors=258, buffers=258, bytes=18.3MB
Saved BEST-DELTA checkpoint @epoch 25 delta_mae_pts = 0.3530 monitor_score = 1.3703 -> models\v9_subcaption_fixed\v9fix_datefwd_calib_auto_cov4_1779499112845\best 
Saved BEST-PHASE-B checkpoint @epoch 25 delta_mae_pts = 0.3530 -> models\v9_subcaption_fixed\v9fix_datefwd_calib_auto_cov4_1779499112845\best_phase_b 
[curriculum] phase=B age=16/30 delta=0.3530 phase_best=0.3530 stall=0/6 cov=0.962/0.900 min=wait cov_gate=ok next=hold

Epoch 26: Phase B (A_end=10, B_end=40, C_ramp=80) Weights {"totalWeight":0,"recapWeight":0.6266666666666667,"deltaWeight":0.6266666666666667,"categoryWeight":0.05,"quantileWeight":0.06266666666666666,"consistencyWeight":0,"identityDropoutRate":0.95}, Scales {"judgeBias":0.65,"corps":0.02857142857142857}, SeqLen 15, ID_Drop 0.946, WFW 0.870 
Epoch 26 memory(start): tensors=258, buffers=219, bytes=18.3MB

History Bucket Diagnostics (Avg Abs Error per sample, normalized units):
Hist | Count | MAE_Pred | MAE_Base | PredDevFromBase
-----|-------|----------|----------|----------------
0    | 8     | 0.5750   | 3.7696   | 3.7226 
1    | 9     | 0.6945   | 0.9160   | 0.5986 
2    | 11    | 0.4507   | 0.5551   | 0.3234 
3-5  | 59    | 0.4236   | 0.3926   | 0.2869 
6+   | 276   | 0.3317   | 0.2990   | 0.2607 

Epoch 26: loss = 0.156296 phase = B val_loss = 0.143008 delta_mae_pts = 0.3646 recap_mae_pts = 0.3646 cat_mae_pts = 0.4343 total_mae_pts = 1.0583 vs_inertia_pts = 0.0491 vs_quad_pts = 0.2815 lr_base = 0.000713 lr_mult = 1.0000 lr_eff = 0.000713 mon_cov = 0.961 mon_score = 1.4229 progress = 27/120 epoch_sec = 90.4 avg_epoch_sec = 90.2 elapsed = 00:40:36 eta = 02:19:49
Epoch 26 memory(end): tensors=258, buffers=258, bytes=18.3MB
[curriculum] phase=B age=17/30 delta=0.3646 phase_best=0.3530 stall=1/6 cov=0.961/0.900 min=wait cov_gate=ok next=hold

Epoch 27: Phase B (A_end=10, B_end=40, C_ramp=80) Weights {"totalWeight":0,"recapWeight":0.6033333333333334,"deltaWeight":0.6533333333333333,"categoryWeight":0.05,"quantileWeight":0.06533333333333333,"consistencyWeight":0,"identityDropoutRate":0.95}, Scales {"judgeBias":0.675,"corps":0.05714285714285714}, SeqLen 15, ID_Drop 0.948, WFW 0.939 
Epoch 27 memory(start): tensors=258, buffers=258, bytes=18.3MB

History Bucket Diagnostics (Avg Abs Error per sample, normalized units):
Hist | Count | MAE_Pred | MAE_Base | PredDevFromBase
-----|-------|----------|----------|----------------
0    | 8     | 0.6550   | 3.7696   | 3.7100 
1    | 9     | 0.8057   | 0.9160   | 0.8411 
2    | 11    | 0.4668   | 0.5551   | 0.4910 
3-5  | 59    | 0.3970   | 0.3926   | 0.3782 
6+   | 276   | 0.3513   | 0.2990   | 0.3511 

Epoch 27: loss = 0.157998 phase = B val_loss = 0.151027 delta_mae_pts = 0.3802 recap_mae_pts = 0.3802 cat_mae_pts = 0.4923 total_mae_pts = 1.2443 vs_inertia_pts = 0.0335 vs_quad_pts = 0.2660 lr_base = 0.000708 lr_mult = 1.0000 lr_eff = 0.000708 mon_cov = 0.955 mon_score = 1.6245 progress = 28/120 epoch_sec = 90.5 avg_epoch_sec = 90.2 elapsed = 00:42:06 eta = 02:18:20
Epoch 27 memory(end): tensors=258, buffers=258, bytes=18.3MB
[curriculum] phase=B age=18/30 delta=0.3802 phase_best=0.3530 stall=2/6 cov=0.955/0.900 min=ok cov_gate=ok next=hold

Epoch 28: Phase B (A_end=10, B_end=40, C_ramp=80) Weights {"totalWeight":0,"recapWeight":0.5800000000000001,"deltaWeight":0.6799999999999999,"categoryWeight":0.05,"quantileWeight":0.068,"consistencyWeight":0,"identityDropoutRate":0.95}, Scales {"judgeBias":0.7,"corps":0.08571428571428572}, SeqLen 15, ID_Drop 0.949, WFW 1.007 
Epoch 28 memory(start): tensors=258, buffers=258, bytes=18.3MB

History Bucket Diagnostics (Avg Abs Error per sample, normalized units):
Hist | Count | MAE_Pred | MAE_Base | PredDevFromBase
-----|-------|----------|----------|----------------
0    | 8     | 0.6665   | 3.7696   | 3.9786 
1    | 9     | 0.7422   | 0.9160   | 0.8742 
2    | 11    | 0.4681   | 0.5551   | 0.5190 
3-5  | 59    | 0.3993   | 0.3926   | 0.3170 
6+   | 276   | 0.3288   | 0.2990   | 0.2658 

Epoch 28: loss = 0.161283 phase = B val_loss = 0.147526 delta_mae_pts = 0.3621 recap_mae_pts = 0.3621 cat_mae_pts = 0.4426 total_mae_pts = 1.0445 vs_inertia_pts = 0.0516 vs_quad_pts = 0.2840 lr_base = 0.000703 lr_mult = 1.0000 lr_eff = 0.000703 mon_cov = 0.948 mon_score = 1.4067 progress = 29/120 epoch_sec = 89.1 avg_epoch_sec = 90.2 elapsed = 00:43:35 eta = 02:16:46
Epoch 28 memory(end): tensors=258, buffers=258, bytes=18.3MB
[curriculum] phase=B age=19/30 delta=0.3621 phase_best=0.3530 stall=3/6 cov=0.948/0.900 min=ok cov_gate=ok next=hold

Epoch 29: Phase B (A_end=10, B_end=40, C_ramp=80) Weights {"totalWeight":0,"recapWeight":0.5566666666666666,"deltaWeight":0.7066666666666668,"categoryWeight":0.05,"quantileWeight":0.07066666666666667,"consistencyWeight":0,"identityDropoutRate":0.95}, Scales {"judgeBias":0.725,"corps":0.11428571428571428}, SeqLen 15, ID_Drop 0.945, WFW 1.073 
Epoch 29 memory(start): tensors=258, buffers=258, bytes=18.3MB

History Bucket Diagnostics (Avg Abs Error per sample, normalized units):
Hist | Count | MAE_Pred | MAE_Base | PredDevFromBase
-----|-------|----------|----------|----------------
0    | 8     | 0.5223   | 3.7696   | 3.5729 
1    | 9     | 0.6595   | 0.9160   | 0.7534 
2    | 11    | 0.5119   | 0.5551   | 0.4673 
3-5  | 59    | 0.3865   | 0.3926   | 0.3286 
6+   | 276   | 0.3223   | 0.2990   | 0.2647 

Epoch 29: loss = 0.164448 phase = B val_loss = 0.145698 delta_mae_pts = 0.3512 recap_mae_pts = 0.3512 cat_mae_pts = 0.4037 total_mae_pts = 0.9311 vs_inertia_pts = 0.0625 vs_quad_pts = 0.2949 lr_base = 0.000698 lr_mult = 1.0000 lr_eff = 0.000698 mon_cov = 0.963 mon_score = 1.2823 progress = 30/120 epoch_sec = 90.0 avg_epoch_sec = 90.2 elapsed = 00:45:05 eta = 02:15:16
Epoch 29 memory(end): tensors=258, buffers=258, bytes=18.3MB
Saved BEST-DELTA checkpoint @epoch 29 delta_mae_pts = 0.3512 monitor_score = 1.2823 -> models\v9_subcaption_fixed\v9fix_datefwd_calib_auto_cov4_1779499112845\best 
Saved BEST-PHASE-B checkpoint @epoch 29 delta_mae_pts = 0.3512 -> models\v9_subcaption_fixed\v9fix_datefwd_calib_auto_cov4_1779499112845\best_phase_b 
[curriculum] phase=B age=20/30 delta=0.3512 phase_best=0.3530 stall=4/6 cov=0.963/0.900 min=ok cov_gate=ok next=hold

Epoch 30: Phase B (A_end=10, B_end=40, C_ramp=80) Weights {"totalWeight":0,"recapWeight":0.5333333333333334,"deltaWeight":0.7333333333333334,"categoryWeight":0.05,"quantileWeight":0.07333333333333333,"consistencyWeight":0,"identityDropoutRate":0.95}, Scales {"judgeBias":0.75,"corps":0.14285714285714285}, SeqLen 15, ID_Drop 0.949, WFW 1.137 
Epoch 30 memory(start): tensors=258, buffers=219, bytes=18.3MB

History Bucket Diagnostics (Avg Abs Error per sample, normalized units):
Hist | Count | MAE_Pred | MAE_Base | PredDevFromBase
-----|-------|----------|----------|----------------
0    | 8     | 0.6524   | 3.7696   | 3.9162 
1    | 9     | 0.6802   | 0.9160   | 0.7253 
2    | 11    | 0.4882   | 0.5551   | 0.4019 
3-5  | 59    | 0.3901   | 0.3926   | 0.3015 
6+   | 276   | 0.3200   | 0.2990   | 0.2530 

Epoch 30: loss = 0.167347 phase = B val_loss = 0.150574 delta_mae_pts = 0.3527 recap_mae_pts = 0.3527 cat_mae_pts = 0.4416 total_mae_pts = 1.0341 vs_inertia_pts = 0.0610 vs_quad_pts = 0.2934 lr_base = 0.000693 lr_mult = 1.0000 lr_eff = 0.000693 mon_cov = 0.970 mon_score = 1.3868 progress = 31/120 epoch_sec = 90.3 avg_epoch_sec = 90.2 elapsed = 00:46:36 eta = 02:13:46
Epoch 30 memory(end): tensors=258, buffers=258, bytes=18.3MB
[curriculum] phase=B age=21/30 delta=0.3527 phase_best=0.3530 stall=5/6 cov=0.970/0.900 min=ok cov_gate=ok next=hold

Epoch 31: Phase B (A_end=10, B_end=40, C_ramp=80) Weights {"totalWeight":0,"recapWeight":0.51,"deltaWeight":0.76,"categoryWeight":0.05,"quantileWeight":0.076,"consistencyWeight":0,"identityDropoutRate":0.95}, Scales {"judgeBias":0.775,"corps":0.17142857142857143}, SeqLen 15, ID_Drop 0.955, WFW 1.198 
Epoch 31 memory(start): tensors=258, buffers=258, bytes=18.3MB

History Bucket Diagnostics (Avg Abs Error per sample, normalized units):
Hist | Count | MAE_Pred | MAE_Base | PredDevFromBase
-----|-------|----------|----------|----------------
0    | 8     | 0.5232   | 3.7696   | 3.6194 
1    | 9     | 0.7443   | 0.9160   | 0.7398 
2    | 11    | 0.5018   | 0.5551   | 0.4189 
3-5  | 59    | 0.4061   | 0.3926   | 0.3109 
6+   | 276   | 0.3218   | 0.2990   | 0.2554 

Epoch 31: loss = 0.162653 phase = B val_loss = 0.152351 delta_mae_pts = 0.3559 recap_mae_pts = 0.3559 cat_mae_pts = 0.4252 total_mae_pts = 0.9974 vs_inertia_pts = 0.0578 vs_quad_pts = 0.2903 lr_base = 0.000687 lr_mult = 1.0000 lr_eff = 0.000687 mon_cov = 0.962 mon_score = 1.3533 progress = 32/120 epoch_sec = 89.3 avg_epoch_sec = 90.2 elapsed = 00:48:05 eta = 02:12:14
Epoch 31 memory(end): tensors=258, buffers=258, bytes=18.3MB
[curriculum] phase=B age=22/30 delta=0.3559 phase_best=0.3530 stall=6/6 cov=0.962/0.900 min=ok cov_gate=ok next=advance:plateau

--- AUTO CURRICULUM: B -> C at next epoch 32 (reason=delta_plateau, delta=0.3559, coverage=0.962) ---

Epoch 32: Phase C (A_end=10, B_end=32, C_ramp=80) Weights {"totalWeight":0.02,"recapWeight":0.3,"deltaWeight":1,"categoryWeight":0.05,"quantileWeight":0.1,"consistencyWeight":0,"identityDropoutRate":1}, Scales {"judgeBias":0.8,"corps":0.2}, SeqLen 15, ID_Drop 1.000, WFW 1.500 
Epoch 32 memory(start): tensors=258, buffers=258, bytes=18.3MB

History Bucket Diagnostics (Avg Abs Error per sample, normalized units):
Hist | Count | MAE_Pred | MAE_Base | PredDevFromBase
-----|-------|----------|----------|----------------
0    | 8     | 0.6611   | 3.7696   | 3.9249 
1    | 9     | 0.7491   | 0.9160   | 0.8688 
2    | 11    | 0.4949   | 0.5551   | 0.5131 
3-5  | 59    | 0.3951   | 0.3926   | 0.3198 
6+   | 276   | 0.3085   | 0.2990   | 0.2539 

Epoch 32: loss = 0.184189 phase = C val_loss = 0.171349 delta_mae_pts = 0.3469 recap_mae_pts = 0.3469 cat_mae_pts = 0.4327 total_mae_pts = 1.0205 vs_inertia_pts = 0.0668 vs_quad_pts = 0.2993 lr_base = 0.000681 lr_mult = 1.0000 lr_eff = 0.000681 mon_cov = 0.966 mon_score = 0.4930 progress = 33/120 epoch_sec = 90.0 avg_epoch_sec = 90.1 elapsed = 00:49:35 eta = 02:10:43
Epoch 32 memory(end): tensors=258, buffers=258, bytes=18.3MB
Saved BEST-DELTA checkpoint @epoch 32 delta_mae_pts = 0.3469 monitor_score = 0.4930 -> models\v9_subcaption_fixed\v9fix_datefwd_calib_auto_cov4_1779499112845\best 
Saved BEST-PHASE-C checkpoint @epoch 32 delta_mae_pts = 0.3469 -> models\v9_subcaption_fixed\v9fix_datefwd_calib_auto_cov4_1779499112845\best_phase_c 
[curriculum] phase=C age=1 ramp=80 delta=0.3469 cov=0.966 best_global_delta=0.3469

Epoch 33: Phase C (A_end=10, B_end=32, C_ramp=80) Weights {"totalWeight":0.021,"recapWeight":0.296875,"deltaWeight":1.109375,"categoryWeight":0.05,"quantileWeight":0.1125,"consistencyWeight":0,"identityDropoutRate":1}, Scales {"judgeBias":0.825,"corps":0.22857142857142856}, SeqLen 15, ID_Drop 1.000, WFW 1.500 
Epoch 33 memory(start): tensors=258, buffers=219, bytes=18.3MB

History Bucket Diagnostics (Avg Abs Error per sample, normalized units):
Hist | Count | MAE_Pred | MAE_Base | PredDevFromBase
-----|-------|----------|----------|----------------
0    | 8     | 0.6021   | 3.7696   | 3.7668 
1    | 9     | 0.6909   | 0.9160   | 0.7079 
2    | 11    | 0.4735   | 0.5551   | 0.3777 
3-5  | 59    | 0.3923   | 0.3926   | 0.3006 
6+   | 276   | 0.3190   | 0.2990   | 0.2704 

Epoch 33: loss = 0.199207 phase = C val_loss = 0.184785 delta_mae_pts = 0.3510 recap_mae_pts = 0.3510 cat_mae_pts = 0.4245 total_mae_pts = 0.9996 vs_inertia_pts = 0.0627 vs_quad_pts = 0.2951 lr_base = 0.000675 lr_mult = 1.0000 lr_eff = 0.000675 mon_cov = 0.966 mon_score = 0.5359 progress = 34/120 epoch_sec = 89.4 avg_epoch_sec = 90.1 elapsed = 00:51:04 eta = 02:09:11
Epoch 33 memory(end): tensors=258, buffers=258, bytes=18.3MB
[curriculum] phase=C age=2 ramp=80 delta=0.3510 cov=0.966 best_global_delta=0.3469

Epoch 34: Phase C (A_end=10, B_end=32, C_ramp=80) Weights {"totalWeight":0.022,"recapWeight":0.29375,"deltaWeight":1.21875,"categoryWeight":0.05,"quantileWeight":0.125,"consistencyWeight":0,"identityDropoutRate":1}, Scales {"judgeBias":0.85,"corps":0.2571428571428571}, SeqLen 15, ID_Drop 1.000, WFW 1.500 
Epoch 34 memory(start): tensors=258, buffers=258, bytes=18.3MB

History Bucket Diagnostics (Avg Abs Error per sample, normalized units):
Hist | Count | MAE_Pred | MAE_Base | PredDevFromBase
-----|-------|----------|----------|----------------
0    | 8     | 0.6316   | 3.7696   | 3.5983 
1    | 9     | 0.7568   | 0.9160   | 0.5327 
2    | 11    | 0.5395   | 0.5551   | 0.3455 
3-5  | 59    | 0.5182   | 0.3926   | 0.4033 
6+   | 276   | 0.3609   | 0.2990   | 0.3077 

Epoch 34: loss = 0.211945 phase = C val_loss = 0.224250 delta_mae_pts = 0.4077 recap_mae_pts = 0.4077 cat_mae_pts = 0.5348 total_mae_pts = 1.3327 vs_inertia_pts = 0.0060 vs_quad_pts = 0.2385 lr_base = 0.000669 lr_mult = 1.0000 lr_eff = 0.000669 mon_cov = 0.933 mon_score = 0.6727 progress = 35/120 epoch_sec = 89.7 avg_epoch_sec = 90.1 elapsed = 00:52:34 eta = 02:07:40
Epoch 34 memory(end): tensors=258, buffers=258, bytes=18.3MB
[curriculum] phase=C age=3 ramp=80 delta=0.4077 cov=0.933 best_global_delta=0.3469

Epoch 35: Phase C (A_end=10, B_end=32, C_ramp=80) Weights {"totalWeight":0.023,"recapWeight":0.29062499999999997,"deltaWeight":1.328125,"categoryWeight":0.05,"quantileWeight":0.1375,"consistencyWeight":0,"identityDropoutRate":1}, Scales {"judgeBias":0.875,"corps":0.2857142857142857}, SeqLen 15, ID_Drop 1.000, WFW 1.500 
Epoch 35 memory(start): tensors=258, buffers=258, bytes=18.3MB

History Bucket Diagnostics (Avg Abs Error per sample, normalized units):
Hist | Count | MAE_Pred | MAE_Base | PredDevFromBase
-----|-------|----------|----------|----------------
0    | 8     | 0.6767   | 3.7696   | 3.8177 
1    | 9     | 0.7260   | 0.9160   | 0.7611 
2    | 11    | 0.5004   | 0.5551   | 0.3964 
3-5  | 59    | 0.4331   | 0.3926   | 0.2989 
6+   | 276   | 0.3333   | 0.2990   | 0.2563 

Epoch 35: loss = 0.225160 phase = C val_loss = 0.221184 delta_mae_pts = 0.3719 recap_mae_pts = 0.3719 cat_mae_pts = 0.4641 total_mae_pts = 1.1504 vs_inertia_pts = 0.0419 vs_quad_pts = 0.2743 lr_base = 0.000662 lr_mult = 1.0000 lr_eff = 0.000662 mon_cov = 0.959 mon_score = 0.6516 progress = 36/120 epoch_sec = 90.6 avg_epoch_sec = 90.1 elapsed = 00:54:05 eta = 02:06:11
Epoch 35 memory(end): tensors=258, buffers=258, bytes=18.3MB
[curriculum] phase=C age=4 ramp=80 delta=0.3719 cov=0.959 best_global_delta=0.3469

Epoch 36: Phase C (A_end=10, B_end=32, C_ramp=80) Weights {"totalWeight":0.024,"recapWeight":0.2875,"deltaWeight":1.4375,"categoryWeight":0.05,"quantileWeight":0.15000000000000002,"consistencyWeight":0,"identityDropoutRate":1}, Scales {"judgeBias":0.9,"corps":0.3142857142857143}, SeqLen 15, ID_Drop 1.000, WFW 1.500 
Epoch 36 memory(start): tensors=258, buffers=258, bytes=18.3MB

History Bucket Diagnostics (Avg Abs Error per sample, normalized units):
Hist | Count | MAE_Pred | MAE_Base | PredDevFromBase
-----|-------|----------|----------|----------------
0    | 8     | 0.5396   | 3.7696   | 3.6689 
1    | 9     | 0.7108   | 0.9160   | 0.7841 
2    | 11    | 0.4647   | 0.5551   | 0.4812 
3-5  | 59    | 0.3903   | 0.3926   | 0.3294 
6+   | 276   | 0.3278   | 0.2990   | 0.2793 

Epoch 36: loss = 0.243151 phase = C val_loss = 0.226602 delta_mae_pts = 0.3563 recap_mae_pts = 0.3563 cat_mae_pts = 0.4448 total_mae_pts = 1.0257 vs_inertia_pts = 0.0575 vs_quad_pts = 0.2899 lr_base = 0.000655 lr_mult = 1.0000 lr_eff = 0.000655 mon_cov = 0.951 mon_score = 0.6614 progress = 37/120 epoch_sec = 91.9 avg_epoch_sec = 90.2 elapsed = 00:55:37 eta = 02:04:45
Epoch 36 memory(end): tensors=258, buffers=258, bytes=18.3MB
[curriculum] phase=C age=5 ramp=80 delta=0.3563 cov=0.951 best_global_delta=0.3469

Epoch 37: Phase C (A_end=10, B_end=32, C_ramp=80) Weights {"totalWeight":0.025,"recapWeight":0.284375,"deltaWeight":1.546875,"categoryWeight":0.05,"quantileWeight":0.1625,"consistencyWeight":0,"identityDropoutRate":1}, Scales {"judgeBias":0.925,"corps":0.34285714285714286}, SeqLen 15, ID_Drop 1.000, WFW 1.500 
Epoch 37 memory(start): tensors=258, buffers=258, bytes=18.3MB

History Bucket Diagnostics (Avg Abs Error per sample, normalized units):
Hist | Count | MAE_Pred | MAE_Base | PredDevFromBase
-----|-------|----------|----------|----------------
0    | 8     | 0.7004   | 3.7696   | 4.0939 
1    | 9     | 0.7782   | 0.9160   | 1.0228 
2    | 11    | 0.5297   | 0.5551   | 0.6208 
3-5  | 59    | 0.4080   | 0.3926   | 0.3694 
6+   | 276   | 0.3485   | 0.2990   | 0.3067 

Epoch 37: loss = 0.254298 phase = C val_loss = 0.253231 delta_mae_pts = 0.3821 recap_mae_pts = 0.3821 cat_mae_pts = 0.4448 total_mae_pts = 1.0388 vs_inertia_pts = 0.0317 vs_quad_pts = 0.2641 lr_base = 0.000648 lr_mult = 1.0000 lr_eff = 0.000648 mon_cov = 0.939 mon_score = 0.7479 progress = 38/120 epoch_sec = 89.6 avg_epoch_sec = 90.2 elapsed = 00:57:06 eta = 02:03:13
Epoch 37 memory(end): tensors=258, buffers=258, bytes=18.3MB
[curriculum] phase=C age=6 ramp=80 delta=0.3821 cov=0.939 best_global_delta=0.3469

Epoch 38: Phase C (A_end=10, B_end=32, C_ramp=80) Weights {"totalWeight":0.026000000000000002,"recapWeight":0.28125,"deltaWeight":1.65625,"categoryWeight":0.05,"quantileWeight":0.175,"consistencyWeight":0,"identityDropoutRate":1}, Scales {"judgeBias":0.95,"corps":0.37142857142857144}, SeqLen 15, ID_Drop 1.000, WFW 1.500 
Epoch 38 memory(start): tensors=258, buffers=258, bytes=18.3MB

History Bucket Diagnostics (Avg Abs Error per sample, normalized units):
Hist | Count | MAE_Pred | MAE_Base | PredDevFromBase
-----|-------|----------|----------|----------------
0    | 8     | 0.5493   | 3.7696   | 3.6582 
1    | 9     | 0.6865   | 0.9160   | 0.7544 
2    | 11    | 0.4636   | 0.5551   | 0.4835 
3-5  | 59    | 0.3799   | 0.3926   | 0.3311 
6+   | 276   | 0.3223   | 0.2990   | 0.2827 

Epoch 38: loss = 0.272176 phase = C val_loss = 0.250762 delta_mae_pts = 0.3500 recap_mae_pts = 0.3500 cat_mae_pts = 0.4081 total_mae_pts = 0.9273 vs_inertia_pts = 0.0637 vs_quad_pts = 0.2962 lr_base = 0.000641 lr_mult = 1.0000 lr_eff = 0.000641 mon_cov = 0.955 mon_score = 0.7227 progress = 39/120 epoch_sec = 90.3 avg_epoch_sec = 90.2 elapsed = 00:58:37 eta = 02:01:44
Epoch 38 memory(end): tensors=258, buffers=258, bytes=18.3MB
[curriculum] phase=C age=7 ramp=80 delta=0.3500 cov=0.955 best_global_delta=0.3469

Epoch 39: Phase C (A_end=10, B_end=32, C_ramp=80) Weights {"totalWeight":0.027,"recapWeight":0.278125,"deltaWeight":1.765625,"categoryWeight":0.05,"quantileWeight":0.1875,"consistencyWeight":0,"identityDropoutRate":1}, Scales {"judgeBias":0.975,"corps":0.4}, SeqLen 15, ID_Drop 1.000, WFW 1.500 
Epoch 39 memory(start): tensors=258, buffers=258, bytes=18.3MB

History Bucket Diagnostics (Avg Abs Error per sample, normalized units):
Hist | Count | MAE_Pred | MAE_Base | PredDevFromBase
-----|-------|----------|----------|----------------
0    | 8     | 0.6437   | 3.7696   | 3.9027 
1    | 9     | 0.7129   | 0.9160   | 0.7206 
2    | 11    | 0.4457   | 0.5551   | 0.4264 
3-5  | 59    | 0.4045   | 0.3926   | 0.3004 
6+   | 276   | 0.3187   | 0.2990   | 0.2731 

Epoch 39: loss = 0.282181 phase = C val_loss = 0.264861 delta_mae_pts = 0.3534 recap_mae_pts = 0.3534 cat_mae_pts = 0.4381 total_mae_pts = 1.0220 vs_inertia_pts = 0.0603 vs_quad_pts = 0.2927 lr_base = 0.000633 lr_mult = 1.0000 lr_eff = 0.000633 mon_cov = 0.962 mon_score = 0.7718 progress = 40/120 epoch_sec = 89.6 avg_epoch_sec = 90.2 elapsed = 01:00:06 eta = 02:00:12
Epoch 39 memory(end): tensors=258, buffers=258, bytes=18.3MB
[curriculum] phase=C age=8 ramp=80 delta=0.3534 cov=0.962 best_global_delta=0.3469

Epoch 40: Phase C (A_end=10, B_end=32, C_ramp=80) Weights {"totalWeight":0.028,"recapWeight":0.27499999999999997,"deltaWeight":1.875,"categoryWeight":0.05,"quantileWeight":0.2,"consistencyWeight":0,"identityDropoutRate":1}, Scales {"judgeBias":1,"corps":0.42857142857142855}, SeqLen 15, ID_Drop 1.000, WFW 1.500 
Epoch 40 memory(start): tensors=258, buffers=258, bytes=18.3MB

History Bucket Diagnostics (Avg Abs Error per sample, normalized units):
Hist | Count | MAE_Pred | MAE_Base | PredDevFromBase
-----|-------|----------|----------|----------------
0    | 8     | 0.8378   | 3.7696   | 3.3241 
1    | 9     | 0.6615   | 0.9160   | 0.6576 
2    | 11    | 0.4815   | 0.5551   | 0.4237 
3-5  | 59    | 0.4449   | 0.3926   | 0.3152 
6+   | 276   | 0.3398   | 0.2990   | 0.2543 

Epoch 40: loss = 0.296588 phase = C val_loss = 0.296212 delta_mae_pts = 0.3801 recap_mae_pts = 0.3801 cat_mae_pts = 0.5030 total_mae_pts = 1.2708 vs_inertia_pts = 0.0336 vs_quad_pts = 0.2661 lr_base = 0.000626 lr_mult = 1.0000 lr_eff = 0.000626 mon_cov = 0.946 mon_score = 0.8780 progress = 41/120 epoch_sec = 90.2 avg_epoch_sec = 90.2 elapsed = 01:01:36 eta = 01:58:42
Epoch 40 memory(end): tensors=258, buffers=258, bytes=18.3MB
[curriculum] phase=C age=9 ramp=80 delta=0.3801 cov=0.946 best_global_delta=0.3469

Epoch 41: Phase C (A_end=10, B_end=32, C_ramp=80) Weights {"totalWeight":0.029,"recapWeight":0.271875,"deltaWeight":1.984375,"categoryWeight":0.05,"quantileWeight":0.21250000000000002,"consistencyWeight":0,"identityDropoutRate":1}, Scales {"judgeBias":1,"corps":0.45714285714285713}, SeqLen 15, ID_Drop 1.000, WFW 1.500 
Epoch 41 memory(start): tensors=258, buffers=258, bytes=18.3MB

History Bucket Diagnostics (Avg Abs Error per sample, normalized units):
Hist | Count | MAE_Pred | MAE_Base | PredDevFromBase
-----|-------|----------|----------|----------------
0    | 8     | 0.7928   | 3.7696   | 4.0737 
1    | 9     | 0.7645   | 0.9160   | 0.8472 
2    | 11    | 0.4587   | 0.5551   | 0.5460 
3-5  | 59    | 0.3923   | 0.3926   | 0.3427 
6+   | 276   | 0.3251   | 0.2990   | 0.2890 

Epoch 41: loss = 0.305809 phase = C val_loss = 0.295465 delta_mae_pts = 0.3613 recap_mae_pts = 0.3613 cat_mae_pts = 0.4362 total_mae_pts = 1.0150 vs_inertia_pts = 0.0525 vs_quad_pts = 0.2849 lr_base = 0.000618 lr_mult = 1.0000 lr_eff = 0.000618 mon_cov = 0.957 mon_score = 0.8664 progress = 42/120 epoch_sec = 90.4 avg_epoch_sec = 90.2 elapsed = 01:03:07 eta = 01:57:12
Epoch 41 memory(end): tensors=258, buffers=258, bytes=18.3MB
[curriculum] phase=C age=10 ramp=80 delta=0.3613 cov=0.957 best_global_delta=0.3469

Epoch 42: Phase C (A_end=10, B_end=32, C_ramp=80) Weights {"totalWeight":0.03,"recapWeight":0.26875,"deltaWeight":2.09375,"categoryWeight":0.05,"quantileWeight":0.225,"consistencyWeight":0,"identityDropoutRate":1}, Scales {"judgeBias":1,"corps":0.4857142857142857}, SeqLen 15, ID_Drop 1.000, WFW 1.500 
Epoch 42 memory(start): tensors=258, buffers=258, bytes=18.3MB

History Bucket Diagnostics (Avg Abs Error per sample, normalized units):
Hist | Count | MAE_Pred | MAE_Base | PredDevFromBase
-----|-------|----------|----------|----------------
0    | 8     | 0.8137   | 3.7696   | 3.2870 
1    | 9     | 0.6954   | 0.9160   | 0.8346 
2    | 11    | 0.4837   | 0.5551   | 0.5710 
3-5  | 59    | 0.3828   | 0.3926   | 0.3492 
6+   | 276   | 0.3294   | 0.2990   | 0.2868 

Epoch 42: loss = 0.322968 phase = C val_loss = 0.309086 delta_mae_pts = 0.3625 recap_mae_pts = 0.3625 cat_mae_pts = 0.4252 total_mae_pts = 0.9642 vs_inertia_pts = 0.0513 vs_quad_pts = 0.2837 lr_base = 0.000610 lr_mult = 1.0000 lr_eff = 0.000610 mon_cov = 0.959 mon_score = 0.9065 progress = 43/120 epoch_sec = 90.5 avg_epoch_sec = 90.2 elapsed = 01:04:37 eta = 01:55:43
Epoch 42 memory(end): tensors=258, buffers=258, bytes=18.3MB
[curriculum] phase=C age=11 ramp=80 delta=0.3625 cov=0.959 best_global_delta=0.3469

Epoch 43: Phase C (A_end=10, B_end=32, C_ramp=80) Weights {"totalWeight":0.031,"recapWeight":0.265625,"deltaWeight":2.203125,"categoryWeight":0.05,"quantileWeight":0.23750000000000002,"consistencyWeight":0,"identityDropoutRate":1}, Scales {"judgeBias":1,"corps":0.5142857142857142}, SeqLen 15, ID_Drop 1.000, WFW 1.500 
Epoch 43 memory(start): tensors=258, buffers=258, bytes=18.3MB

History Bucket Diagnostics (Avg Abs Error per sample, normalized units):
Hist | Count | MAE_Pred | MAE_Base | PredDevFromBase
-----|-------|----------|----------|----------------
0    | 8     | 0.6266   | 3.7696   | 3.6186 
1    | 9     | 0.7350   | 0.9160   | 0.6746 
2    | 11    | 0.4631   | 0.5551   | 0.4035 
3-5  | 59    | 0.4853   | 0.3926   | 0.3681 
6+   | 276   | 0.3477   | 0.2990   | 0.2815 

Epoch 43: loss = 0.328716 phase = C val_loss = 0.341917 delta_mae_pts = 0.3893 recap_mae_pts = 0.3893 cat_mae_pts = 0.4825 total_mae_pts = 1.1789 vs_inertia_pts = 0.0244 vs_quad_pts = 0.2568 lr_base = 0.000602 lr_mult = 1.0000 lr_eff = 0.000602 mon_cov = 0.949 mon_score = 1.0218 progress = 44/120 epoch_sec = 90.1 avg_epoch_sec = 90.2 elapsed = 01:06:07 eta = 01:54:13
Epoch 43 memory(end): tensors=258, buffers=258, bytes=18.3MB
[curriculum] phase=C age=12 ramp=80 delta=0.3893 cov=0.949 best_global_delta=0.3469

Epoch 44: Phase C (A_end=10, B_end=32, C_ramp=80) Weights {"totalWeight":0.032,"recapWeight":0.2625,"deltaWeight":2.3125,"categoryWeight":0.05,"quantileWeight":0.25,"consistencyWeight":0,"identityDropoutRate":1}, Scales {"judgeBias":1,"corps":0.5428571428571428}, SeqLen 15, ID_Drop 1.000, WFW 1.500 
Epoch 44 memory(start): tensors=258, buffers=258, bytes=18.3MB

History Bucket Diagnostics (Avg Abs Error per sample, normalized units):
Hist | Count | MAE_Pred | MAE_Base | PredDevFromBase
-----|-------|----------|----------|----------------
0    | 8     | 0.6398   | 3.7696   | 3.7832 
1    | 9     | 0.6678   | 0.9160   | 0.7103 
2    | 11    | 0.4432   | 0.5551   | 0.3755 
3-5  | 59    | 0.4292   | 0.3926   | 0.3348 
6+   | 276   | 0.3239   | 0.2990   | 0.2717 

Epoch 44: loss = 0.337731 phase = C val_loss = 0.334265 delta_mae_pts = 0.3601 recap_mae_pts = 0.3601 cat_mae_pts = 0.4391 total_mae_pts = 1.0260 vs_inertia_pts = 0.0536 vs_quad_pts = 0.2861 lr_base = 0.000593 lr_mult = 1.0000 lr_eff = 0.000593 mon_cov = 0.957 mon_score = 0.9820 progress = 45/120 epoch_sec = 90.7 avg_epoch_sec = 90.2 elapsed = 01:07:38 eta = 01:52:43
Epoch 44 memory(end): tensors=258, buffers=258, bytes=18.3MB
[curriculum] phase=C age=13 ramp=80 delta=0.3601 cov=0.957 best_global_delta=0.3469

Epoch 45: Phase C (A_end=10, B_end=32, C_ramp=80) Weights {"totalWeight":0.033,"recapWeight":0.25937499999999997,"deltaWeight":2.421875,"categoryWeight":0.05,"quantileWeight":0.2625,"consistencyWeight":0,"identityDropoutRate":1}, Scales {"judgeBias":1,"corps":0.5714285714285714}, SeqLen 15, ID_Drop 1.000, WFW 1.500 
Epoch 45 memory(start): tensors=258, buffers=258, bytes=18.3MB

History Bucket Diagnostics (Avg Abs Error per sample, normalized units):
Hist | Count | MAE_Pred | MAE_Base | PredDevFromBase
-----|-------|----------|----------|----------------
0    | 8     | 0.5913   | 3.7696   | 3.6940 
1    | 9     | 0.6591   | 0.9160   | 0.7244 
2    | 11    | 0.4994   | 0.5551   | 0.3968 
3-5  | 59    | 0.4170   | 0.3926   | 0.3159 
6+   | 276   | 0.3299   | 0.2990   | 0.2513 

Epoch 45: loss = 0.348204 phase = C val_loss = 0.349434 delta_mae_pts = 0.3631 recap_mae_pts = 0.3631 cat_mae_pts = 0.4511 total_mae_pts = 1.0927 vs_inertia_pts = 0.0506 vs_quad_pts = 0.2830 lr_base = 0.000585 lr_mult = 1.0000 lr_eff = 0.000585 mon_cov = 0.956 mon_score = 1.0322 progress = 46/120 epoch_sec = 90.9 avg_epoch_sec = 90.2 elapsed = 01:09:09 eta = 01:51:14
Epoch 45 memory(end): tensors=258, buffers=258, bytes=18.3MB
[curriculum] phase=C age=14 ramp=80 delta=0.3631 cov=0.956 best_global_delta=0.3469

Epoch 46: Phase C (A_end=10, B_end=32, C_ramp=80) Weights {"totalWeight":0.034,"recapWeight":0.25625,"deltaWeight":2.53125,"categoryWeight":0.05,"quantileWeight":0.275,"consistencyWeight":0,"identityDropoutRate":1}, Scales {"judgeBias":1,"corps":0.6}, SeqLen 15, ID_Drop 1.000, WFW 1.500 
Epoch 46 memory(start): tensors=258, buffers=258, bytes=18.3MB

History Bucket Diagnostics (Avg Abs Error per sample, normalized units):
Hist | Count | MAE_Pred | MAE_Base | PredDevFromBase
-----|-------|----------|----------|----------------
0    | 8     | 0.6618   | 3.7696   | 3.5792 
1    | 9     | 0.6946   | 0.9160   | 0.5948 
2    | 11    | 0.4642   | 0.5551   | 0.3500 
3-5  | 59    | 0.4802   | 0.3926   | 0.3631 
6+   | 276   | 0.3630   | 0.2990   | 0.2916 

Epoch 46: loss = 0.360031 phase = C val_loss = 0.394891 delta_mae_pts = 0.3999 recap_mae_pts = 0.3999 cat_mae_pts = 0.5286 total_mae_pts = 1.3369 vs_inertia_pts = 0.0138 vs_quad_pts = 0.2463 lr_base = 0.000576 lr_mult = 1.0000 lr_eff = 0.000576 mon_cov = 0.942 mon_score = 1.1867 progress = 47/120 epoch_sec = 90.6 avg_epoch_sec = 90.2 elapsed = 01:10:40 eta = 01:49:45
Epoch 46 memory(end): tensors=258, buffers=258, bytes=18.3MB
[curriculum] phase=C age=15 ramp=80 delta=0.3999 cov=0.942 best_global_delta=0.3469

Epoch 47: Phase C (A_end=10, B_end=32, C_ramp=80) Weights {"totalWeight":0.035,"recapWeight":0.253125,"deltaWeight":2.640625,"categoryWeight":0.05,"quantileWeight":0.2875,"consistencyWeight":0,"identityDropoutRate":1}, Scales {"judgeBias":1,"corps":0.6285714285714286}, SeqLen 15, ID_Drop 1.000, WFW 1.500 
Epoch 47 memory(start): tensors=258, buffers=258, bytes=18.3MB

History Bucket Diagnostics (Avg Abs Error per sample, normalized units):
Hist | Count | MAE_Pred | MAE_Base | PredDevFromBase
-----|-------|----------|----------|----------------
0    | 8     | 0.5926   | 3.7696   | 3.8114 
1    | 9     | 0.6885   | 0.9160   | 0.8212 
2    | 11    | 0.4491   | 0.5551   | 0.4699 
3-5  | 59    | 0.4169   | 0.3926   | 0.3298 
6+   | 276   | 0.3404   | 0.2990   | 0.2799 

Epoch 47: loss = 0.364631 phase = C val_loss = 0.381517 delta_mae_pts = 0.3703 recap_mae_pts = 0.3703 cat_mae_pts = 0.4447 total_mae_pts = 1.0617 vs_inertia_pts = 0.0435 vs_quad_pts = 0.2759 lr_base = 0.000567 lr_mult = 1.0000 lr_eff = 0.000567 mon_cov = 0.959 mon_score = 1.1309 progress = 48/120 epoch_sec = 93.7 avg_epoch_sec = 90.3 elapsed = 01:12:13 eta = 01:48:20
Epoch 47 memory(end): tensors=258, buffers=258, bytes=18.3MB
[curriculum] phase=C age=16 ramp=80 delta=0.3703 cov=0.959 best_global_delta=0.3469

Epoch 48: Phase C (A_end=10, B_end=32, C_ramp=80) Weights {"totalWeight":0.036000000000000004,"recapWeight":0.25,"deltaWeight":2.75,"categoryWeight":0.05,"quantileWeight":0.30000000000000004,"consistencyWeight":0,"identityDropoutRate":1}, Scales {"judgeBias":1,"corps":0.6571428571428571}, SeqLen 15, ID_Drop 1.000, WFW 1.500 
Epoch 48 memory(start): tensors=258, buffers=258, bytes=18.3MB

History Bucket Diagnostics (Avg Abs Error per sample, normalized units):
Hist | Count | MAE_Pred | MAE_Base | PredDevFromBase
-----|-------|----------|----------|----------------
0    | 8     | 0.5964   | 3.7696   | 3.6199 
1    | 9     | 0.6875   | 0.9160   | 0.7137 
2    | 11    | 0.4685   | 0.5551   | 0.4563 
3-5  | 59    | 0.4203   | 0.3926   | 0.3703 
6+   | 276   | 0.3376   | 0.2990   | 0.3094 

Epoch 48: loss = 0.378507 phase = C val_loss = 0.395674 delta_mae_pts = 0.3694 recap_mae_pts = 0.3694 cat_mae_pts = 0.4530 total_mae_pts = 1.1082 vs_inertia_pts = 0.0444 vs_quad_pts = 0.2768 lr_base = 0.000558 lr_mult = 1.0000 lr_eff = 0.000558 mon_cov = 0.959 mon_score = 1.1707 progress = 49/120 epoch_sec = 90.3 avg_epoch_sec = 90.3 elapsed = 01:13:44 eta = 01:46:50
Epoch 48 memory(end): tensors=258, buffers=258, bytes=18.3MB
[curriculum] phase=C age=17 ramp=80 delta=0.3694 cov=0.959 best_global_delta=0.3469

Epoch 49: Phase C (A_end=10, B_end=32, C_ramp=80) Weights {"totalWeight":0.037000000000000005,"recapWeight":0.24687499999999998,"deltaWeight":2.859375,"categoryWeight":0.05,"quantileWeight":0.3125,"consistencyWeight":0,"identityDropoutRate":1}, Scales {"judgeBias":1,"corps":0.6857142857142857}, SeqLen 15, ID_Drop 1.000, WFW 1.500 
Epoch 49 memory(start): tensors=258, buffers=258, bytes=18.3MB

History Bucket Diagnostics (Avg Abs Error per sample, normalized units):
Hist | Count | MAE_Pred | MAE_Base | PredDevFromBase
-----|-------|----------|----------|----------------
0    | 8     | 0.6675   | 3.7696   | 3.6255 
1    | 9     | 0.7118   | 0.9160   | 0.7530 
2    | 11    | 0.4249   | 0.5551   | 0.4527 
3-5  | 59    | 0.3922   | 0.3926   | 0.3361 
6+   | 276   | 0.3335   | 0.2990   | 0.2949 

Epoch 49: loss = 0.386667 phase = C val_loss = 0.400953 delta_mae_pts = 0.3625 recap_mae_pts = 0.3625 cat_mae_pts = 0.4498 total_mae_pts = 1.0365 vs_inertia_pts = 0.0512 vs_quad_pts = 0.2836 lr_base = 0.000549 lr_mult = 1.0000 lr_eff = 0.000549 mon_cov = 0.959 mon_score = 1.1870 progress = 50/120 epoch_sec = 91.2 avg_epoch_sec = 90.3 elapsed = 01:15:15 eta = 01:45:21
Epoch 49 memory(end): tensors=258, buffers=258, bytes=18.3MB
[curriculum] phase=C age=18 ramp=80 delta=0.3625 cov=0.959 best_global_delta=0.3469

Epoch 50: Phase C (A_end=10, B_end=32, C_ramp=80) Weights {"totalWeight":0.038000000000000006,"recapWeight":0.24375,"deltaWeight":2.96875,"categoryWeight":0.05,"quantileWeight":0.325,"consistencyWeight":0,"identityDropoutRate":1}, Scales {"judgeBias":1,"corps":0.7142857142857143}, SeqLen 15, ID_Drop 1.000, WFW 1.500 
Epoch 50 memory(start): tensors=258, buffers=258, bytes=18.3MB

History Bucket Diagnostics (Avg Abs Error per sample, normalized units):
Hist | Count | MAE_Pred | MAE_Base | PredDevFromBase
-----|-------|----------|----------|----------------
0    | 8     | 0.6428   | 3.7696   | 3.8899 
1    | 9     | 0.6781   | 0.9160   | 0.8241 
2    | 11    | 0.4660   | 0.5551   | 0.4889 
3-5  | 59    | 0.4101   | 0.3926   | 0.3407 
6+   | 276   | 0.3284   | 0.2990   | 0.2785 

Epoch 50: loss = 0.395287 phase = C val_loss = 0.413625 delta_mae_pts = 0.3615 recap_mae_pts = 0.3615 cat_mae_pts = 0.4324 total_mae_pts = 1.0358 vs_inertia_pts = 0.0523 vs_quad_pts = 0.2847 lr_base = 0.000540 lr_mult = 1.0000 lr_eff = 0.000540 mon_cov = 0.959 mon_score = 1.2221 progress = 51/120 epoch_sec = 90.3 avg_epoch_sec = 90.3 elapsed = 01:16:45 eta = 01:43:50
Epoch 50 memory(end): tensors=258, buffers=258, bytes=18.3MB

-- - CAPTION STATS(Epoch 50)-- - 
GE1: delta_pts = 0.3270, recap_pts = 0.3270, cov = 0.981, width = 1.9368 
GE2: delta_pts = 0.3260, recap_pts = 0.3260, cov = 0.981, width = 2.0150 
VP: delta_pts = 0.3939, recap_pts = 0.3939, cov = 0.959, width = 2.0041 
VA: delta_pts = 0.3298, recap_pts = 0.3298, cov = 0.970, width = 1.9986 
CG: delta_pts = 0.3597, recap_pts = 0.3597, cov = 0.950, width = 1.9851 
MB: delta_pts = 0.3304, recap_pts = 0.3304, cov = 0.981, width = 1.9972 
MA: delta_pts = 0.4001, recap_pts = 0.4001, cov = 0.937, width = 1.9742 
MP: delta_pts = 0.4247, recap_pts = 0.4247, cov = 0.917, width = 2.0276 
----------------------------------

[curriculum] phase=C age=19 ramp=80 delta=0.3615 cov=0.959 best_global_delta=0.3469

--- NO MONITOR IMPROVEMENT FOR 18 EPOCHS: plateau multiplier 1.0000 -> 0.5000, effective LR 0.000270 ---

Epoch 51: Phase C (A_end=10, B_end=32, C_ramp=80) Weights {"totalWeight":0.039,"recapWeight":0.24062499999999998,"deltaWeight":3.078125,"categoryWeight":0.05,"quantileWeight":0.3375,"consistencyWeight":0,"identityDropoutRate":1}, Scales {"judgeBias":1,"corps":0.7428571428571429}, SeqLen 15, ID_Drop 1.000, WFW 1.500 
Epoch 51 memory(start): tensors=258, buffers=258, bytes=18.3MB

History Bucket Diagnostics (Avg Abs Error per sample, normalized units):
Hist | Count | MAE_Pred | MAE_Base | PredDevFromBase
-----|-------|----------|----------|----------------
0    | 8     | 0.6236   | 3.7696   | 3.8047 
1    | 9     | 0.6930   | 0.9160   | 0.8178 
2    | 11    | 0.4595   | 0.5551   | 0.4640 
3-5  | 59    | 0.4305   | 0.3926   | 0.3625 
6+   | 276   | 0.3318   | 0.2990   | 0.2823 

Epoch 51: loss = 0.392042 phase = C val_loss = 0.431899 delta_mae_pts = 0.3671 recap_mae_pts = 0.3671 cat_mae_pts = 0.4561 total_mae_pts = 1.1047 vs_inertia_pts = 0.0466 vs_quad_pts = 0.2791 lr_base = 0.000530 lr_mult = 0.5000 lr_eff = 0.000265 mon_cov = 0.952 mon_score = 1.2841 progress = 52/120 epoch_sec = 90.6 avg_epoch_sec = 90.3 elapsed = 01:18:16 eta = 01:42:21
Epoch 51 memory(end): tensors=258, buffers=258, bytes=18.3MB
[curriculum] phase=C age=20 ramp=80 delta=0.3671 cov=0.952 best_global_delta=0.3469

Epoch 52: Phase C (A_end=10, B_end=32, C_ramp=80) Weights {"totalWeight":0.04,"recapWeight":0.2375,"deltaWeight":3.1875,"categoryWeight":0.05,"quantileWeight":0.35,"consistencyWeight":0,"identityDropoutRate":1}, Scales {"judgeBias":1,"corps":0.7714285714285715}, SeqLen 15, ID_Drop 1.000, WFW 1.500 
Epoch 52 memory(start): tensors=258, buffers=258, bytes=18.3MB

History Bucket Diagnostics (Avg Abs Error per sample, normalized units):
Hist | Count | MAE_Pred | MAE_Base | PredDevFromBase
-----|-------|----------|----------|----------------
0    | 8     | 0.6245   | 3.7696   | 3.8991 
1    | 9     | 0.6847   | 0.9160   | 0.9698 
2    | 11    | 0.4837   | 0.5551   | 0.5995 
3-5  | 59    | 0.4030   | 0.3926   | 0.3721 
6+   | 276   | 0.3160   | 0.2990   | 0.2929 

Epoch 52: loss = 0.401492 phase = C val_loss = 0.429345 delta_mae_pts = 0.3511 recap_mae_pts = 0.3511 cat_mae_pts = 0.4252 total_mae_pts = 0.9979 vs_inertia_pts = 0.0626 vs_quad_pts = 0.2950 lr_base = 0.000521 lr_mult = 0.5000 lr_eff = 0.000260 mon_cov = 0.956 mon_score = 1.2639 progress = 53/120 epoch_sec = 90.6 avg_epoch_sec = 90.3 elapsed = 01:19:46 eta = 01:40:51
Epoch 52 memory(end): tensors=258, buffers=258, bytes=18.3MB
[curriculum] phase=C age=21 ramp=80 delta=0.3511 cov=0.956 best_global_delta=0.3469

Epoch 53: Phase C (A_end=10, B_end=32, C_ramp=80) Weights {"totalWeight":0.041,"recapWeight":0.234375,"deltaWeight":3.296875,"categoryWeight":0.05,"quantileWeight":0.36250000000000004,"consistencyWeight":0,"identityDropoutRate":1}, Scales {"judgeBias":1,"corps":0.8}, SeqLen 15, ID_Drop 1.000, WFW 1.500 
Epoch 53 memory(start): tensors=258, buffers=258, bytes=18.3MB

History Bucket Diagnostics (Avg Abs Error per sample, normalized units):
Hist | Count | MAE_Pred | MAE_Base | PredDevFromBase
-----|-------|----------|----------|----------------
0    | 8     | 0.5736   | 3.7696   | 3.7388 
1    | 9     | 0.6923   | 0.9160   | 0.9237 
2    | 11    | 0.4679   | 0.5551   | 0.5467 
3-5  | 59    | 0.3986   | 0.3926   | 0.3352 
6+   | 276   | 0.3202   | 0.2990   | 0.2768 

Epoch 53: loss = 0.404779 phase = C val_loss = 0.442620 delta_mae_pts = 0.3522 recap_mae_pts = 0.3522 cat_mae_pts = 0.4283 total_mae_pts = 1.0115 vs_inertia_pts = 0.0615 vs_quad_pts = 0.2940 lr_base = 0.000511 lr_mult = 0.5000 lr_eff = 0.000255 mon_cov = 0.959 mon_score = 1.3066 progress = 54/120 epoch_sec = 91.5 avg_epoch_sec = 90.3 elapsed = 01:21:18 eta = 01:39:22
Epoch 53 memory(end): tensors=258, buffers=258, bytes=18.3MB
[curriculum] phase=C age=22 ramp=80 delta=0.3522 cov=0.959 best_global_delta=0.3469

Epoch 54: Phase C (A_end=10, B_end=32, C_ramp=80) Weights {"totalWeight":0.042,"recapWeight":0.23124999999999998,"deltaWeight":3.40625,"categoryWeight":0.05,"quantileWeight":0.375,"consistencyWeight":0,"identityDropoutRate":1}, Scales {"judgeBias":1,"corps":0.8285714285714286}, SeqLen 15, ID_Drop 1.000, WFW 1.500 
Epoch 54 memory(start): tensors=258, buffers=258, bytes=18.3MB

History Bucket Diagnostics (Avg Abs Error per sample, normalized units):
Hist | Count | MAE_Pred | MAE_Base | PredDevFromBase
-----|-------|----------|----------|----------------
0    | 8     | 0.6643   | 3.7696   | 3.7830 
1    | 9     | 0.6783   | 0.9160   | 0.8074 
2    | 11    | 0.4594   | 0.5551   | 0.5066 
3-5  | 59    | 0.4211   | 0.3926   | 0.3686 
6+   | 276   | 0.3328   | 0.2990   | 0.2919 

Epoch 54: loss = 0.413866 phase = C val_loss = 0.472321 delta_mae_pts = 0.3669 recap_mae_pts = 0.3669 cat_mae_pts = 0.4490 total_mae_pts = 1.0822 vs_inertia_pts = 0.0468 vs_quad_pts = 0.2793 lr_base = 0.000501 lr_mult = 0.5000 lr_eff = 0.000251 mon_cov = 0.953 mon_score = 1.4025 progress = 55/120 epoch_sec = 91.4 avg_epoch_sec = 90.3 elapsed = 01:22:49 eta = 01:37:53
Epoch 54 memory(end): tensors=258, buffers=258, bytes=18.3MB
[curriculum] phase=C age=23 ramp=80 delta=0.3669 cov=0.953 best_global_delta=0.3469

Epoch 55: Phase C (A_end=10, B_end=32, C_ramp=80) Weights {"totalWeight":0.043,"recapWeight":0.228125,"deltaWeight":3.515625,"categoryWeight":0.05,"quantileWeight":0.38749999999999996,"consistencyWeight":0,"identityDropoutRate":1}, Scales {"judgeBias":1,"corps":0.8571428571428571}, SeqLen 15, ID_Drop 1.000, WFW 1.500 
Epoch 55 memory(start): tensors=258, buffers=258, bytes=18.3MB

History Bucket Diagnostics (Avg Abs Error per sample, normalized units):
Hist | Count | MAE_Pred | MAE_Base | PredDevFromBase
-----|-------|----------|----------|----------------
0    | 8     | 0.6379   | 3.7696   | 3.7952 
1    | 9     | 0.7207   | 0.9160   | 0.9079 
2    | 11    | 0.4906   | 0.5551   | 0.5526 
3-5  | 59    | 0.3954   | 0.3926   | 0.3671 
6+   | 276   | 0.3167   | 0.2990   | 0.2999 

Epoch 55: loss = 0.425946 phase = C val_loss = 0.468401 delta_mae_pts = 0.3518 recap_mae_pts = 0.3518 cat_mae_pts = 0.4290 total_mae_pts = 1.0120 vs_inertia_pts = 0.0619 vs_quad_pts = 0.2943 lr_base = 0.000491 lr_mult = 0.5000 lr_eff = 0.000246 mon_cov = 0.958 mon_score = 1.3821 progress = 56/120 epoch_sec = 91.6 avg_epoch_sec = 90.4 elapsed = 01:24:21 eta = 01:36:24
Epoch 55 memory(end): tensors=258, buffers=258, bytes=18.3MB
[curriculum] phase=C age=24 ramp=80 delta=0.3518 cov=0.958 best_global_delta=0.3469

Epoch 56: Phase C (A_end=10, B_end=32, C_ramp=80) Weights {"totalWeight":0.044,"recapWeight":0.22499999999999998,"deltaWeight":3.625,"categoryWeight":0.05,"quantileWeight":0.4,"consistencyWeight":0,"identityDropoutRate":1}, Scales {"judgeBias":1,"corps":0.8857142857142857}, SeqLen 15, ID_Drop 1.000, WFW 1.500 
Epoch 56 memory(start): tensors=258, buffers=258, bytes=18.3MB

History Bucket Diagnostics (Avg Abs Error per sample, normalized units):
Hist | Count | MAE_Pred | MAE_Base | PredDevFromBase
-----|-------|----------|----------|----------------
0    | 8     | 0.6054   | 3.7696   | 3.7585 
1    | 9     | 0.6765   | 0.9160   | 0.8078 
2    | 11    | 0.4462   | 0.5551   | 0.4741 
3-5  | 59    | 0.4165   | 0.3926   | 0.3425 
6+   | 276   | 0.3302   | 0.2990   | 0.2719 

Epoch 56: loss = 0.434022 phase = C val_loss = 0.494164 delta_mae_pts = 0.3624 recap_mae_pts = 0.3624 cat_mae_pts = 0.4559 total_mae_pts = 1.0999 vs_inertia_pts = 0.0513 vs_quad_pts = 0.2838 lr_base = 0.000482 lr_mult = 0.5000 lr_eff = 0.000241 mon_cov = 0.956 mon_score = 1.4664 progress = 57/120 epoch_sec = 91.4 avg_epoch_sec = 90.4 elapsed = 01:25:52 eta = 01:34:55
Epoch 56 memory(end): tensors=258, buffers=258, bytes=18.3MB
[curriculum] phase=C age=25 ramp=80 delta=0.3624 cov=0.956 best_global_delta=0.3469

Epoch 57: Phase C (A_end=10, B_end=32, C_ramp=80) Weights {"totalWeight":0.045,"recapWeight":0.221875,"deltaWeight":3.734375,"categoryWeight":0.05,"quantileWeight":0.4125,"consistencyWeight":0,"identityDropoutRate":1}, Scales {"judgeBias":1,"corps":0.9142857142857143}, SeqLen 15, ID_Drop 1.000, WFW 1.500 
Epoch 57 memory(start): tensors=258, buffers=258, bytes=18.3MB

History Bucket Diagnostics (Avg Abs Error per sample, normalized units):
Hist | Count | MAE_Pred | MAE_Base | PredDevFromBase
-----|-------|----------|----------|----------------
0    | 8     | 0.6416   | 3.7696   | 3.7890 
1    | 9     | 0.7252   | 0.9160   | 0.9328 
2    | 11    | 0.5211   | 0.5551   | 0.5910 
3-5  | 59    | 0.3949   | 0.3926   | 0.3803 
6+   | 276   | 0.3307   | 0.2990   | 0.3196 

Epoch 57: loss = 0.442698 phase = C val_loss = 0.507798 delta_mae_pts = 0.3635 recap_mae_pts = 0.3635 cat_mae_pts = 0.4422 total_mae_pts = 1.0568 vs_inertia_pts = 0.0502 vs_quad_pts = 0.2826 lr_base = 0.000472 lr_mult = 0.5000 lr_eff = 0.000236 mon_cov = 0.958 mon_score = 1.5078 progress = 58/120 epoch_sec = 90.5 avg_epoch_sec = 90.4 elapsed = 01:27:23 eta = 01:33:24
Epoch 57 memory(end): tensors=258, buffers=258, bytes=18.3MB
[curriculum] phase=C age=26 ramp=80 delta=0.3635 cov=0.958 best_global_delta=0.3469

Epoch 58: Phase C (A_end=10, B_end=32, C_ramp=80) Weights {"totalWeight":0.046,"recapWeight":0.21875,"deltaWeight":3.84375,"categoryWeight":0.05,"quantileWeight":0.42500000000000004,"consistencyWeight":0,"identityDropoutRate":1}, Scales {"judgeBias":1,"corps":0.9428571428571428}, SeqLen 15, ID_Drop 1.000, WFW 1.500 
Epoch 58 memory(start): tensors=258, buffers=258, bytes=18.3MB

History Bucket Diagnostics (Avg Abs Error per sample, normalized units):
Hist | Count | MAE_Pred | MAE_Base | PredDevFromBase
-----|-------|----------|----------|----------------
0    | 8     | 0.6630   | 3.7696   | 3.7907 
1    | 9     | 0.6925   | 0.9160   | 0.7968 
2    | 11    | 0.4352   | 0.5551   | 0.4630 
3-5  | 59    | 0.4142   | 0.3926   | 0.3442 
6+   | 276   | 0.3239   | 0.2990   | 0.2863 

Epoch 58: loss = 0.449796 phase = C val_loss = 0.515092 delta_mae_pts = 0.3586 recap_mae_pts = 0.3586 cat_mae_pts = 0.4418 total_mae_pts = 1.0427 vs_inertia_pts = 0.0552 vs_quad_pts = 0.2876 lr_base = 0.000461 lr_mult = 0.5000 lr_eff = 0.000231 mon_cov = 0.955 mon_score = 1.5267 progress = 59/120 epoch_sec = 90.6 avg_epoch_sec = 90.4 elapsed = 01:28:53 eta = 01:31:54
Epoch 58 memory(end): tensors=258, buffers=258, bytes=18.3MB
[curriculum] phase=C age=27 ramp=80 delta=0.3586 cov=0.955 best_global_delta=0.3469

Epoch 59: Phase C (A_end=10, B_end=32, C_ramp=80) Weights {"totalWeight":0.047,"recapWeight":0.21562499999999998,"deltaWeight":3.953125,"categoryWeight":0.05,"quantileWeight":0.4375,"consistencyWeight":0,"identityDropoutRate":1}, Scales {"judgeBias":1,"corps":0.9714285714285714}, SeqLen 15, ID_Drop 1.000, WFW 1.500 
Epoch 59 memory(start): tensors=258, buffers=258, bytes=18.3MB

History Bucket Diagnostics (Avg Abs Error per sample, normalized units):
Hist | Count | MAE_Pred | MAE_Base | PredDevFromBase
-----|-------|----------|----------|----------------
0    | 8     | 0.6372   | 3.7696   | 3.8072 
1    | 9     | 0.7106   | 0.9160   | 0.8325 
2    | 11    | 0.4582   | 0.5551   | 0.5031 
3-5  | 59    | 0.3959   | 0.3926   | 0.3358 
6+   | 276   | 0.3165   | 0.2990   | 0.2765 

Epoch 59: loss = 0.458797 phase = C val_loss = 0.518035 delta_mae_pts = 0.3505 recap_mae_pts = 0.3505 cat_mae_pts = 0.4318 total_mae_pts = 1.0194 vs_inertia_pts = 0.0632 vs_quad_pts = 0.2956 lr_base = 0.000451 lr_mult = 0.5000 lr_eff = 0.000226 mon_cov = 0.956 mon_score = 1.5308 progress = 60/120 epoch_sec = 90.5 avg_epoch_sec = 90.4 elapsed = 01:30:24 eta = 01:30:24
Epoch 59 memory(end): tensors=258, buffers=258, bytes=18.3MB
[curriculum] phase=C age=28 ramp=80 delta=0.3505 cov=0.956 best_global_delta=0.3469

Epoch 60: Phase C (A_end=10, B_end=32, C_ramp=80) Weights {"totalWeight":0.048,"recapWeight":0.2125,"deltaWeight":4.0625,"categoryWeight":0.05,"quantileWeight":0.44999999999999996,"consistencyWeight":0,"identityDropoutRate":1}, Scales {"judgeBias":1,"corps":1}, SeqLen 15, ID_Drop 1.000, WFW 1.500 
Epoch 60 memory(start): tensors=258, buffers=258, bytes=18.3MB

History Bucket Diagnostics (Avg Abs Error per sample, normalized units):
Hist | Count | MAE_Pred | MAE_Base | PredDevFromBase
-----|-------|----------|----------|----------------
0    | 8     | 0.6644   | 3.7696   | 3.9065 
1    | 9     | 0.7311   | 0.9160   | 0.8852 
2    | 11    | 0.5001   | 0.5551   | 0.5781 
3-5  | 59    | 0.4083   | 0.3926   | 0.3872 
6+   | 276   | 0.3290   | 0.2990   | 0.3154 

Epoch 60: loss = 0.466000 phase = C val_loss = 0.549149 delta_mae_pts = 0.3644 recap_mae_pts = 0.3644 cat_mae_pts = 0.4535 total_mae_pts = 1.0661 vs_inertia_pts = 0.0493 vs_quad_pts = 0.2817 lr_base = 0.000441 lr_mult = 0.5000 lr_eff = 0.000221 mon_cov = 0.956 mon_score = 1.6318 progress = 61/120 epoch_sec = 89.9 avg_epoch_sec = 90.4 elapsed = 01:31:54 eta = 01:28:53
Epoch 60 memory(end): tensors=258, buffers=258, bytes=18.3MB
[curriculum] phase=C age=29 ramp=80 delta=0.3644 cov=0.956 best_global_delta=0.3469

Epoch 61: Phase C (A_end=10, B_end=32, C_ramp=80) Weights {"totalWeight":0.049,"recapWeight":0.20937499999999998,"deltaWeight":4.171875,"categoryWeight":0.05,"quantileWeight":0.4625,"consistencyWeight":0,"identityDropoutRate":1}, Scales {"judgeBias":1,"corps":1}, SeqLen 15, ID_Drop 1.000, WFW 1.500 
Epoch 61 memory(start): tensors=258, buffers=258, bytes=18.3MB

History Bucket Diagnostics (Avg Abs Error per sample, normalized units):
Hist | Count | MAE_Pred | MAE_Base | PredDevFromBase
-----|-------|----------|----------|----------------
0    | 8     | 0.6770   | 3.7696   | 3.8077 
1    | 9     | 0.6756   | 0.9160   | 0.7705 
2    | 11    | 0.4732   | 0.5551   | 0.4743 
3-5  | 59    | 0.4298   | 0.3926   | 0.3854 
6+   | 276   | 0.3309   | 0.2990   | 0.3139 

Epoch 61: loss = 0.471350 phase = C val_loss = 0.566469 delta_mae_pts = 0.3675 recap_mae_pts = 0.3675 cat_mae_pts = 0.4663 total_mae_pts = 1.1097 vs_inertia_pts = 0.0463 vs_quad_pts = 0.2787 lr_base = 0.000431 lr_mult = 0.5000 lr_eff = 0.000216 mon_cov = 0.952 mon_score = 1.6876 progress = 62/120 epoch_sec = 90.2 avg_epoch_sec = 90.4 elapsed = 01:33:24 eta = 01:27:22
Epoch 61 memory(end): tensors=258, buffers=258, bytes=18.3MB
[curriculum] phase=C age=30 ramp=80 delta=0.3675 cov=0.952 best_global_delta=0.3469

Epoch 62: Phase C (A_end=10, B_end=32, C_ramp=80) Weights {"totalWeight":0.05,"recapWeight":0.20625,"deltaWeight":4.28125,"categoryWeight":0.05,"quantileWeight":0.475,"consistencyWeight":0,"identityDropoutRate":1}, Scales {"judgeBias":1,"corps":1}, SeqLen 15, ID_Drop 1.000, WFW 1.500 
Epoch 62 memory(start): tensors=258, buffers=258, bytes=18.3MB

History Bucket Diagnostics (Avg Abs Error per sample, normalized units):
Hist | Count | MAE_Pred | MAE_Base | PredDevFromBase
-----|-------|----------|----------|----------------
0    | 8     | 0.6168   | 3.7696   | 3.7750 
1    | 9     | 0.6771   | 0.9160   | 0.8132 
2    | 11    | 0.4809   | 0.5551   | 0.4971 
3-5  | 59    | 0.4320   | 0.3926   | 0.3766 
6+   | 276   | 0.3492   | 0.2990   | 0.3198 

Epoch 62: loss = 0.478256 phase = C val_loss = 0.597323 delta_mae_pts = 0.3807 recap_mae_pts = 0.3807 cat_mae_pts = 0.4632 total_mae_pts = 1.1049 vs_inertia_pts = 0.0330 vs_quad_pts = 0.2655 lr_base = 0.000421 lr_mult = 0.5000 lr_eff = 0.000210 mon_cov = 0.956 mon_score = 1.7869 progress = 63/120 epoch_sec = 89.0 avg_epoch_sec = 90.4 elapsed = 01:34:53 eta = 01:25:51
Epoch 62 memory(end): tensors=258, buffers=258, bytes=18.3MB
[curriculum] phase=C age=31 ramp=80 delta=0.3807 cov=0.956 best_global_delta=0.3469

Epoch 63: Phase C (A_end=10, B_end=32, C_ramp=80) Weights {"totalWeight":0.051000000000000004,"recapWeight":0.203125,"deltaWeight":4.390625,"categoryWeight":0.05,"quantileWeight":0.48750000000000004,"consistencyWeight":0,"identityDropoutRate":1}, Scales {"judgeBias":1,"corps":1}, SeqLen 15, ID_Drop 1.000, WFW 1.500 
Epoch 63 memory(start): tensors=258, buffers=258, bytes=18.3MB

History Bucket Diagnostics (Avg Abs Error per sample, normalized units):
Hist | Count | MAE_Pred | MAE_Base | PredDevFromBase
-----|-------|----------|----------|----------------
0    | 8     | 0.6610   | 3.7696   | 3.8163 
1    | 9     | 0.6984   | 0.9160   | 0.8275 
2    | 11    | 0.4750   | 0.5551   | 0.5152 
3-5  | 59    | 0.4160   | 0.3926   | 0.3701 
6+   | 276   | 0.3382   | 0.2990   | 0.3060 

Epoch 63: loss = 0.483261 phase = C val_loss = 0.597489 delta_mae_pts = 0.3710 recap_mae_pts = 0.3710 cat_mae_pts = 0.4561 total_mae_pts = 1.0956 vs_inertia_pts = 0.0427 vs_quad_pts = 0.2752 lr_base = 0.000411 lr_mult = 0.5000 lr_eff = 0.000205 mon_cov = 0.954 mon_score = 1.7829 progress = 64/120 epoch_sec = 90.6 avg_epoch_sec = 90.4 elapsed = 01:36:24 eta = 01:24:21
Epoch 63 memory(end): tensors=258, buffers=258, bytes=18.3MB
[curriculum] phase=C age=32 ramp=80 delta=0.3710 cov=0.954 best_global_delta=0.3469

Epoch 64: Phase C (A_end=10, B_end=32, C_ramp=80) Weights {"totalWeight":0.052000000000000005,"recapWeight":0.19999999999999998,"deltaWeight":4.5,"categoryWeight":0.05,"quantileWeight":0.5,"consistencyWeight":0,"identityDropoutRate":1}, Scales {"judgeBias":1,"corps":1}, SeqLen 15, ID_Drop 1.000, WFW 1.500 
Epoch 64 memory(start): tensors=258, buffers=258, bytes=18.3MB

History Bucket Diagnostics (Avg Abs Error per sample, normalized units):
Hist | Count | MAE_Pred | MAE_Base | PredDevFromBase
-----|-------|----------|----------|----------------
0    | 8     | 0.6248   | 3.7696   | 3.7610 
1    | 9     | 0.6931   | 0.9160   | 0.8331 
2    | 11    | 0.4898   | 0.5551   | 0.5497 
3-5  | 59    | 0.4045   | 0.3926   | 0.3927 
6+   | 276   | 0.3307   | 0.2990   | 0.3224 

Epoch 64: loss = 0.497078 phase = C val_loss = 0.599699 delta_mae_pts = 0.3630 recap_mae_pts = 0.3630 cat_mae_pts = 0.4502 total_mae_pts = 1.0565 vs_inertia_pts = 0.0507 vs_quad_pts = 0.2832 lr_base = 0.000400 lr_mult = 0.5000 lr_eff = 0.000200 mon_cov = 0.959 mon_score = 1.7835 progress = 65/120 epoch_sec = 90.0 avg_epoch_sec = 90.4 elapsed = 01:37:54 eta = 01:22:50
Epoch 64 memory(end): tensors=258, buffers=258, bytes=18.3MB
[curriculum] phase=C age=33 ramp=80 delta=0.3630 cov=0.959 best_global_delta=0.3469

Epoch 65: Phase C (A_end=10, B_end=32, C_ramp=80) Weights {"totalWeight":0.053000000000000005,"recapWeight":0.196875,"deltaWeight":4.609375,"categoryWeight":0.05,"quantileWeight":0.5125,"consistencyWeight":0,"identityDropoutRate":1}, Scales {"judgeBias":1,"corps":1}, SeqLen 15, ID_Drop 1.000, WFW 1.500 
Epoch 65 memory(start): tensors=258, buffers=258, bytes=18.3MB

History Bucket Diagnostics (Avg Abs Error per sample, normalized units):
Hist | Count | MAE_Pred | MAE_Base | PredDevFromBase
-----|-------|----------|----------|----------------
0    | 8     | 0.6660   | 3.7696   | 3.7854 
1    | 9     | 0.6859   | 0.9160   | 0.7888 
2    | 11    | 0.4554   | 0.5551   | 0.4989 
3-5  | 59    | 0.4221   | 0.3926   | 0.3687 
6+   | 276   | 0.3301   | 0.2990   | 0.3091 

Epoch 65: loss = 0.501627 phase = C val_loss = 0.616138 delta_mae_pts = 0.3651 recap_mae_pts = 0.3651 cat_mae_pts = 0.4524 total_mae_pts = 1.0717 vs_inertia_pts = 0.0487 vs_quad_pts = 0.2811 lr_base = 0.000390 lr_mult = 0.5000 lr_eff = 0.000195 mon_cov = 0.954 mon_score = 1.8340 progress = 66/120 epoch_sec = 91.9 avg_epoch_sec = 90.4 elapsed = 01:39:25 eta = 01:21:21
Epoch 65 memory(end): tensors=258, buffers=258, bytes=18.3MB
[curriculum] phase=C age=34 ramp=80 delta=0.3651 cov=0.954 best_global_delta=0.3469

Epoch 66: Phase C (A_end=10, B_end=32, C_ramp=80) Weights {"totalWeight":0.054000000000000006,"recapWeight":0.19374999999999998,"deltaWeight":4.71875,"categoryWeight":0.05,"quantileWeight":0.525,"consistencyWeight":0,"identityDropoutRate":1}, Scales {"judgeBias":1,"corps":1}, SeqLen 15, ID_Drop 1.000, WFW 1.500 
Epoch 66 memory(start): tensors=258, buffers=258, bytes=18.3MB

History Bucket Diagnostics (Avg Abs Error per sample, normalized units):
Hist | Count | MAE_Pred | MAE_Base | PredDevFromBase
-----|-------|----------|----------|----------------
0    | 8     | 0.6282   | 3.7696   | 3.7622 
1    | 9     | 0.6851   | 0.9160   | 0.8076 
2    | 11    | 0.4589   | 0.5551   | 0.4893 
3-5  | 59    | 0.4177   | 0.3926   | 0.3620 
6+   | 276   | 0.3278   | 0.2990   | 0.2986 

Epoch 66: loss = 0.512477 phase = C val_loss = 0.625314 delta_mae_pts = 0.3619 recap_mae_pts = 0.3619 cat_mae_pts = 0.4564 total_mae_pts = 1.0935 vs_inertia_pts = 0.0519 vs_quad_pts = 0.2843 lr_base = 0.000380 lr_mult = 0.5000 lr_eff = 0.000190 mon_cov = 0.951 mon_score = 1.8595 progress = 67/120 epoch_sec = 90.6 avg_epoch_sec = 90.4 elapsed = 01:40:56 eta = 01:19:51
Epoch 66 memory(end): tensors=258, buffers=258, bytes=18.3MB
[curriculum] phase=C age=35 ramp=80 delta=0.3619 cov=0.951 best_global_delta=0.3469

Epoch 67: Phase C (A_end=10, B_end=32, C_ramp=80) Weights {"totalWeight":0.05500000000000001,"recapWeight":0.190625,"deltaWeight":4.828125,"categoryWeight":0.05,"quantileWeight":0.5375,"consistencyWeight":0,"identityDropoutRate":1}, Scales {"judgeBias":1,"corps":1}, SeqLen 15, ID_Drop 1.000, WFW 1.500 
Epoch 67 memory(start): tensors=258, buffers=258, bytes=18.3MB

History Bucket Diagnostics (Avg Abs Error per sample, normalized units):
Hist | Count | MAE_Pred | MAE_Base | PredDevFromBase
-----|-------|----------|----------|----------------
0    | 8     | 0.6398   | 3.7696   | 3.7744 
1    | 9     | 0.7012   | 0.9160   | 0.8947 
2    | 11    | 0.4876   | 0.5551   | 0.5251 
3-5  | 59    | 0.4088   | 0.3926   | 0.3692 
6+   | 276   | 0.3328   | 0.2990   | 0.3082 

Epoch 67: loss = 0.519134 phase = C val_loss = 0.643528 delta_mae_pts = 0.3657 recap_mae_pts = 0.3657 cat_mae_pts = 0.4388 total_mae_pts = 1.0170 vs_inertia_pts = 0.0480 vs_quad_pts = 0.2804 lr_base = 0.000369 lr_mult = 0.5000 lr_eff = 0.000185 mon_cov = 0.953 mon_score = 1.9135 progress = 68/120 epoch_sec = 90.9 avg_epoch_sec = 90.4 elapsed = 01:42:27 eta = 01:18:21
Epoch 67 memory(end): tensors=258, buffers=258, bytes=18.3MB
[curriculum] phase=C age=36 ramp=80 delta=0.3657 cov=0.953 best_global_delta=0.3469

Epoch 68: Phase C (A_end=10, B_end=32, C_ramp=80) Weights {"totalWeight":0.05600000000000001,"recapWeight":0.1875,"deltaWeight":4.9375,"categoryWeight":0.05,"quantileWeight":0.55,"consistencyWeight":0,"identityDropoutRate":1}, Scales {"judgeBias":1,"corps":1}, SeqLen 15, ID_Drop 1.000, WFW 1.500 
Epoch 68 memory(start): tensors=258, buffers=258, bytes=18.3MB

History Bucket Diagnostics (Avg Abs Error per sample, normalized units):
Hist | Count | MAE_Pred | MAE_Base | PredDevFromBase
-----|-------|----------|----------|----------------
0    | 8     | 0.5966   | 3.7696   | 3.7651 
1    | 9     | 0.6971   | 0.9160   | 0.8183 
2    | 11    | 0.4829   | 0.5551   | 0.5108 
3-5  | 59    | 0.4231   | 0.3926   | 0.3679 
6+   | 276   | 0.3300   | 0.2990   | 0.3037 

Epoch 68: loss = 0.523451 phase = C val_loss = 0.655545 delta_mae_pts = 0.3647 recap_mae_pts = 0.3647 cat_mae_pts = 0.4579 total_mae_pts = 1.0973 vs_inertia_pts = 0.0490 vs_quad_pts = 0.2814 lr_base = 0.000359 lr_mult = 0.5000 lr_eff = 0.000180 mon_cov = 0.952 mon_score = 1.9536 progress = 69/120 epoch_sec = 90.9 avg_epoch_sec = 90.4 elapsed = 01:43:58 eta = 01:16:51
Epoch 68 memory(end): tensors=258, buffers=258, bytes=18.3MB
[curriculum] phase=C age=37 ramp=80 delta=0.3647 cov=0.952 best_global_delta=0.3469

--- NO MONITOR IMPROVEMENT FOR 18 EPOCHS: plateau multiplier 0.5000 -> 0.2500, effective LR 0.000090 ---

Epoch 69: Phase C (A_end=10, B_end=32, C_ramp=80) Weights {"totalWeight":0.05700000000000001,"recapWeight":0.18437499999999998,"deltaWeight":5.046875,"categoryWeight":0.05,"quantileWeight":0.5625,"consistencyWeight":0,"identityDropoutRate":1}, Scales {"judgeBias":1,"corps":1}, SeqLen 15, ID_Drop 1.000, WFW 1.500 
Epoch 69 memory(start): tensors=258, buffers=258, bytes=18.3MB

History Bucket Diagnostics (Avg Abs Error per sample, normalized units):
Hist | Count | MAE_Pred | MAE_Base | PredDevFromBase
-----|-------|----------|----------|----------------
0    | 8     | 0.6501   | 3.7696   | 3.8814 
1    | 9     | 0.7063   | 0.9160   | 0.8781 
2    | 11    | 0.4645   | 0.5551   | 0.5261 
3-5  | 59    | 0.4181   | 0.3926   | 0.3769 
6+   | 276   | 0.3319   | 0.2990   | 0.3104 

Epoch 69: loss = 0.525386 phase = C val_loss = 0.671534 delta_mae_pts = 0.3663 recap_mae_pts = 0.3663 cat_mae_pts = 0.4527 total_mae_pts = 1.1012 vs_inertia_pts = 0.0475 vs_quad_pts = 0.2799 lr_base = 0.000349 lr_mult = 0.2500 lr_eff = 0.000087 mon_cov = 0.950 mon_score = 2.0014 progress = 70/120 epoch_sec = 90.5 avg_epoch_sec = 90.4 elapsed = 01:45:28 eta = 01:15:20
Epoch 69 memory(end): tensors=258, buffers=258, bytes=18.3MB
[curriculum] phase=C age=38 ramp=80 delta=0.3663 cov=0.950 best_global_delta=0.3469

Epoch 70: Phase C (A_end=10, B_end=32, C_ramp=80) Weights {"totalWeight":0.057999999999999996,"recapWeight":0.18125,"deltaWeight":5.15625,"categoryWeight":0.05,"quantileWeight":0.575,"consistencyWeight":0,"identityDropoutRate":1}, Scales {"judgeBias":1,"corps":1}, SeqLen 15, ID_Drop 1.000, WFW 1.500 
Epoch 70 memory(start): tensors=258, buffers=258, bytes=18.3MB

History Bucket Diagnostics (Avg Abs Error per sample, normalized units):
Hist | Count | MAE_Pred | MAE_Base | PredDevFromBase
-----|-------|----------|----------|----------------
0    | 8     | 0.6525   | 3.7696   | 3.8675 
1    | 9     | 0.6963   | 0.9160   | 0.8738 
2    | 11    | 0.4972   | 0.5551   | 0.5491 
3-5  | 59    | 0.4137   | 0.3926   | 0.3821 
6+   | 276   | 0.3286   | 0.2990   | 0.3124 

Epoch 70: loss = 0.526515 phase = C val_loss = 0.680470 delta_mae_pts = 0.3638 recap_mae_pts = 0.3638 cat_mae_pts = 0.4547 total_mae_pts = 1.0917 vs_inertia_pts = 0.0500 vs_quad_pts = 0.2824 lr_base = 0.000339 lr_mult = 0.2500 lr_eff = 0.000085 mon_cov = 0.955 mon_score = 2.0277 progress = 71/120 epoch_sec = 91.1 avg_epoch_sec = 90.4 elapsed = 01:46:59 eta = 01:13:50
Epoch 70 memory(end): tensors=258, buffers=258, bytes=18.3MB
[curriculum] phase=C age=39 ramp=80 delta=0.3638 cov=0.955 best_global_delta=0.3469

Epoch 71: Phase C (A_end=10, B_end=32, C_ramp=80) Weights {"totalWeight":0.059,"recapWeight":0.17812499999999998,"deltaWeight":5.265625,"categoryWeight":0.05,"quantileWeight":0.5875,"consistencyWeight":0,"identityDropoutRate":1}, Scales {"judgeBias":1,"corps":1}, SeqLen 15, ID_Drop 1.000, WFW 1.500 
Epoch 71 memory(start): tensors=258, buffers=258, bytes=18.3MB

History Bucket Diagnostics (Avg Abs Error per sample, normalized units):
Hist | Count | MAE_Pred | MAE_Base | PredDevFromBase
-----|-------|----------|----------|----------------
0    | 8     | 0.6187   | 3.7696   | 3.8119 
1    | 9     | 0.6970   | 0.9160   | 0.8576 
2    | 11    | 0.4771   | 0.5551   | 0.5416 
3-5  | 59    | 0.4221   | 0.3926   | 0.3835 
6+   | 276   | 0.3334   | 0.2990   | 0.3174 

Epoch 71: loss = 0.534390 phase = C val_loss = 0.700015 delta_mae_pts = 0.3675 recap_mae_pts = 0.3675 cat_mae_pts = 0.4564 total_mae_pts = 1.1059 vs_inertia_pts = 0.0463 vs_quad_pts = 0.2787 lr_base = 0.000329 lr_mult = 0.2500 lr_eff = 0.000082 mon_cov = 0.947 mon_score = 2.0884 progress = 72/120 epoch_sec = 91.0 avg_epoch_sec = 90.4 elapsed = 01:48:30 eta = 01:12:20
Epoch 71 memory(end): tensors=258, buffers=258, bytes=18.3MB
[curriculum] phase=C age=40 ramp=80 delta=0.3675 cov=0.947 best_global_delta=0.3469

Epoch 72: Phase C (A_end=10, B_end=32, C_ramp=80) Weights {"totalWeight":0.06,"recapWeight":0.175,"deltaWeight":5.375,"categoryWeight":0.05,"quantileWeight":0.6,"consistencyWeight":0,"identityDropoutRate":1}, Scales {"judgeBias":1,"corps":1}, SeqLen 15, ID_Drop 1.000, WFW 1.500 
Epoch 72 memory(start): tensors=258, buffers=258, bytes=18.3MB

History Bucket Diagnostics (Avg Abs Error per sample, normalized units):
Hist | Count | MAE_Pred | MAE_Base | PredDevFromBase
-----|-------|----------|----------|----------------
0    | 8     | 0.6498   | 3.7696   | 3.8412 
1    | 9     | 0.7127   | 0.9160   | 0.8867 
2    | 11    | 0.4985   | 0.5551   | 0.5639 
3-5  | 59    | 0.4181   | 0.3926   | 0.3913 
6+   | 276   | 0.3283   | 0.2990   | 0.3171 

Epoch 72: loss = 0.545611 phase = C val_loss = 0.709223 delta_mae_pts = 0.3646 recap_mae_pts = 0.3646 cat_mae_pts = 0.4566 total_mae_pts = 1.1063 vs_inertia_pts = 0.0491 vs_quad_pts = 0.2815 lr_base = 0.000319 lr_mult = 0.2500 lr_eff = 0.000080 mon_cov = 0.946 mon_score = 2.1130 progress = 73/120 epoch_sec = 90.2 avg_epoch_sec = 90.4 elapsed = 01:50:01 eta = 01:10:50
Epoch 72 memory(end): tensors=258, buffers=258, bytes=18.3MB
[curriculum] phase=C age=41 ramp=80 delta=0.3646 cov=0.946 best_global_delta=0.3469

Epoch 73: Phase C (A_end=10, B_end=32, C_ramp=80) Weights {"totalWeight":0.061,"recapWeight":0.171875,"deltaWeight":5.484375,"categoryWeight":0.05,"quantileWeight":0.6124999999999999,"consistencyWeight":0,"identityDropoutRate":0.988125}, Scales {"judgeBias":1,"corps":1}, SeqLen 15, ID_Drop 0.988, WFW 1.500 
Epoch 73 memory(start): tensors=258, buffers=258, bytes=18.3MB

History Bucket Diagnostics (Avg Abs Error per sample, normalized units):
Hist | Count | MAE_Pred | MAE_Base | PredDevFromBase
-----|-------|----------|----------|----------------
0    | 8     | 0.6286   | 3.7696   | 3.7825 
1    | 9     | 0.6941   | 0.9160   | 0.8436 
2    | 11    | 0.4765   | 0.5551   | 0.5335 
3-5  | 59    | 0.4193   | 0.3926   | 0.3772 
6+   | 276   | 0.3349   | 0.2990   | 0.3117 

Epoch 73: loss = 0.553895 phase = C val_loss = 0.728948 delta_mae_pts = 0.3683 recap_mae_pts = 0.3683 cat_mae_pts = 0.4619 total_mae_pts = 1.1226 vs_inertia_pts = 0.0454 vs_quad_pts = 0.2779 lr_base = 0.000308 lr_mult = 0.2500 lr_eff = 0.000077 mon_cov = 0.943 mon_score = 2.1748 progress = 74/120 epoch_sec = 91.7 avg_epoch_sec = 90.4 elapsed = 01:51:32 eta = 01:09:20
Epoch 73 memory(end): tensors=258, buffers=258, bytes=18.3MB
[curriculum] phase=C age=42 ramp=80 delta=0.3683 cov=0.943 best_global_delta=0.3469

Epoch 74: Phase C (A_end=10, B_end=32, C_ramp=80) Weights {"totalWeight":0.062,"recapWeight":0.16874999999999998,"deltaWeight":5.59375,"categoryWeight":0.05,"quantileWeight":0.625,"consistencyWeight":0,"identityDropoutRate":0.97625}, Scales {"judgeBias":1,"corps":1}, SeqLen 15, ID_Drop 0.977, WFW 1.500 
Epoch 74 memory(start): tensors=258, buffers=258, bytes=18.3MB

History Bucket Diagnostics (Avg Abs Error per sample, normalized units):
Hist | Count | MAE_Pred | MAE_Base | PredDevFromBase
-----|-------|----------|----------|----------------
0    | 8     | 0.6493   | 3.7696   | 3.8391 
1    | 9     | 0.6947   | 0.9160   | 0.8413 
2    | 11    | 0.4872   | 0.5551   | 0.5382 
3-5  | 59    | 0.4242   | 0.3926   | 0.3885 
6+   | 276   | 0.3343   | 0.2990   | 0.3207 

Epoch 74: loss = 0.558631 phase = C val_loss = 0.744528 delta_mae_pts = 0.3695 recap_mae_pts = 0.3695 cat_mae_pts = 0.4698 total_mae_pts = 1.1366 vs_inertia_pts = 0.0443 vs_quad_pts = 0.2767 lr_base = 0.000298 lr_mult = 0.2500 lr_eff = 0.000075 mon_cov = 0.944 mon_score = 2.2230 progress = 75/120 epoch_sec = 89.6 avg_epoch_sec = 90.4 elapsed = 01:53:02 eta = 01:07:49
Epoch 74 memory(end): tensors=258, buffers=258, bytes=18.3MB
[curriculum] phase=C age=43 ramp=80 delta=0.3695 cov=0.944 best_global_delta=0.3469

Epoch 75: Phase C (A_end=10, B_end=32, C_ramp=80) Weights {"totalWeight":0.063,"recapWeight":0.165625,"deltaWeight":5.703125,"categoryWeight":0.05,"quantileWeight":0.6375,"consistencyWeight":0,"identityDropoutRate":0.964375}, Scales {"judgeBias":1,"corps":1}, SeqLen 15, ID_Drop 0.969, WFW 1.500 
Epoch 75 memory(start): tensors=258, buffers=258, bytes=18.3MB

History Bucket Diagnostics (Avg Abs Error per sample, normalized units):
Hist | Count | MAE_Pred | MAE_Base | PredDevFromBase
-----|-------|----------|----------|----------------
0    | 8     | 0.6283   | 3.7696   | 3.7947 
1    | 9     | 0.6934   | 0.9160   | 0.8267 
2    | 11    | 0.4810   | 0.5551   | 0.5305 
3-5  | 59    | 0.4208   | 0.3926   | 0.3867 
6+   | 276   | 0.3327   | 0.2990   | 0.3218 

Epoch 75: loss = 0.570074 phase = C val_loss = 0.753047 delta_mae_pts = 0.3670 recap_mae_pts = 0.3670 cat_mae_pts = 0.4643 total_mae_pts = 1.1362 vs_inertia_pts = 0.0468 vs_quad_pts = 0.2792 lr_base = 0.000289 lr_mult = 0.2500 lr_eff = 0.000072 mon_cov = 0.946 mon_score = 2.2484 progress = 76/120 epoch_sec = 90.9 avg_epoch_sec = 90.4 elapsed = 01:54:33 eta = 01:06:19
Epoch 75 memory(end): tensors=258, buffers=258, bytes=18.3MB
[curriculum] phase=C age=44 ramp=80 delta=0.3670 cov=0.946 best_global_delta=0.3469

Epoch 76: Phase C (A_end=10, B_end=32, C_ramp=80) Weights {"totalWeight":0.064,"recapWeight":0.16249999999999998,"deltaWeight":5.8125,"categoryWeight":0.05,"quantileWeight":0.65,"consistencyWeight":0,"identityDropoutRate":0.9525}, Scales {"judgeBias":1,"corps":1}, SeqLen 15, ID_Drop 0.955, WFW 1.500 
Epoch 76 memory(start): tensors=258, buffers=258, bytes=18.3MB

History Bucket Diagnostics (Avg Abs Error per sample, normalized units):
Hist | Count | MAE_Pred | MAE_Base | PredDevFromBase
-----|-------|----------|----------|----------------
0    | 8     | 0.6496   | 3.7696   | 3.8745 
1    | 9     | 0.6995   | 0.9160   | 0.8404 
2    | 11    | 0.4891   | 0.5551   | 0.5355 
3-5  | 59    | 0.4256   | 0.3926   | 0.3868 
6+   | 276   | 0.3351   | 0.2990   | 0.3203 

Epoch 76: loss = 0.579800 phase = C val_loss = 0.773114 delta_mae_pts = 0.3704 recap_mae_pts = 0.3704 cat_mae_pts = 0.4718 total_mae_pts = 1.1545 vs_inertia_pts = 0.0433 vs_quad_pts = 0.2757 lr_base = 0.000279 lr_mult = 0.2500 lr_eff = 0.000070 mon_cov = 0.943 mon_score = 2.3109 progress = 77/120 epoch_sec = 91.6 avg_epoch_sec = 90.4 elapsed = 01:56:04 eta = 01:04:49
Epoch 76 memory(end): tensors=258, buffers=258, bytes=18.3MB
[curriculum] phase=C age=45 ramp=80 delta=0.3704 cov=0.943 best_global_delta=0.3469

Epoch 77: Phase C (A_end=10, B_end=32, C_ramp=80) Weights {"totalWeight":0.065,"recapWeight":0.159375,"deltaWeight":5.921875,"categoryWeight":0.05,"quantileWeight":0.6625,"consistencyWeight":0,"identityDropoutRate":0.940625}, Scales {"judgeBias":1,"corps":1}, SeqLen 15, ID_Drop 0.941, WFW 1.500 
Epoch 77 memory(start): tensors=258, buffers=258, bytes=18.3MB

History Bucket Diagnostics (Avg Abs Error per sample, normalized units):
Hist | Count | MAE_Pred | MAE_Base | PredDevFromBase
-----|-------|----------|----------|----------------
0    | 8     | 0.6508   | 3.7696   | 3.8406 
1    | 9     | 0.7055   | 0.9160   | 0.8392 
2    | 11    | 0.4777   | 0.5551   | 0.5262 
3-5  | 59    | 0.4247   | 0.3926   | 0.3904 
6+   | 276   | 0.3310   | 0.2990   | 0.3214 

Epoch 77: loss = 0.587745 phase = C val_loss = 0.780105 delta_mae_pts = 0.3670 recap_mae_pts = 0.3670 cat_mae_pts = 0.4679 total_mae_pts = 1.1405 vs_inertia_pts = 0.0467 vs_quad_pts = 0.2791 lr_base = 0.000269 lr_mult = 0.2500 lr_eff = 0.000067 mon_cov = 0.945 mon_score = 2.3295 progress = 78/120 epoch_sec = 88.9 avg_epoch_sec = 90.4 elapsed = 01:57:33 eta = 01:03:18
Epoch 77 memory(end): tensors=258, buffers=258, bytes=18.3MB
[curriculum] phase=C age=46 ramp=80 delta=0.3670 cov=0.945 best_global_delta=0.3469

Epoch 78: Phase C (A_end=10, B_end=32, C_ramp=80) Weights {"totalWeight":0.066,"recapWeight":0.15625,"deltaWeight":6.03125,"categoryWeight":0.05,"quantileWeight":0.6749999999999999,"consistencyWeight":0,"identityDropoutRate":0.92875}, Scales {"judgeBias":1,"corps":1}, SeqLen 15, ID_Drop 0.935, WFW 1.500 
Epoch 78 memory(start): tensors=258, buffers=258, bytes=18.3MB

History Bucket Diagnostics (Avg Abs Error per sample, normalized units):
Hist | Count | MAE_Pred | MAE_Base | PredDevFromBase
-----|-------|----------|----------|----------------
0    | 8     | 0.6618   | 3.7696   | 3.8392 
1    | 9     | 0.7208   | 0.9160   | 0.8578 
2    | 11    | 0.4742   | 0.5551   | 0.5332 
3-5  | 59    | 0.4169   | 0.3926   | 0.3814 
6+   | 276   | 0.3282   | 0.2990   | 0.3179 

Epoch 78: loss = 0.589516 phase = C val_loss = 0.788216 delta_mae_pts = 0.3641 recap_mae_pts = 0.3641 cat_mae_pts = 0.4589 total_mae_pts = 1.1180 vs_inertia_pts = 0.0496 vs_quad_pts = 0.2821 lr_base = 0.000259 lr_mult = 0.2500 lr_eff = 0.000065 mon_cov = 0.949 mon_score = 2.3496 progress = 79/120 epoch_sec = 89.7 avg_epoch_sec = 90.4 elapsed = 01:59:03 eta = 01:01:47
Epoch 78 memory(end): tensors=258, buffers=258, bytes=18.3MB
[curriculum] phase=C age=47 ramp=80 delta=0.3641 cov=0.949 best_global_delta=0.3469

Epoch 79: Phase C (A_end=10, B_end=32, C_ramp=80) Weights {"totalWeight":0.067,"recapWeight":0.15312499999999998,"deltaWeight":6.140625,"categoryWeight":0.05,"quantileWeight":0.6875,"consistencyWeight":0,"identityDropoutRate":0.916875}, Scales {"judgeBias":1,"corps":1}, SeqLen 15, ID_Drop 0.916, WFW 1.500 
Epoch 79 memory(start): tensors=258, buffers=258, bytes=18.3MB

History Bucket Diagnostics (Avg Abs Error per sample, normalized units):
Hist | Count | MAE_Pred | MAE_Base | PredDevFromBase
-----|-------|----------|----------|----------------
0    | 8     | 0.6268   | 3.7696   | 3.7898 
1    | 9     | 0.7029   | 0.9160   | 0.8811 
2    | 11    | 0.4990   | 0.5551   | 0.5615 
3-5  | 59    | 0.4100   | 0.3926   | 0.3846 
6+   | 276   | 0.3298   | 0.2990   | 0.3230 

Epoch 79: loss = 0.601843 phase = C val_loss = 0.800356 delta_mae_pts = 0.3638 recap_mae_pts = 0.3638 cat_mae_pts = 0.4563 total_mae_pts = 1.0972 vs_inertia_pts = 0.0500 vs_quad_pts = 0.2824 lr_base = 0.000250 lr_mult = 0.2500 lr_eff = 0.000062 mon_cov = 0.948 mon_score = 2.3857 progress = 80/120 epoch_sec = 90.1 avg_epoch_sec = 90.4 elapsed = 02:00:33 eta = 01:00:17
Epoch 79 memory(end): tensors=258, buffers=258, bytes=18.3MB
[curriculum] phase=C age=48 ramp=80 delta=0.3638 cov=0.948 best_global_delta=0.3469

Epoch 80: Phase C (A_end=10, B_end=32, C_ramp=80) Weights {"totalWeight":0.068,"recapWeight":0.15,"deltaWeight":6.25,"categoryWeight":0.05,"quantileWeight":0.7,"consistencyWeight":0,"identityDropoutRate":0.905}, Scales {"judgeBias":1,"corps":1}, SeqLen 15, ID_Drop 0.902, WFW 1.500 
Epoch 80 memory(start): tensors=258, buffers=258, bytes=18.3MB

History Bucket Diagnostics (Avg Abs Error per sample, normalized units):
Hist | Count | MAE_Pred | MAE_Base | PredDevFromBase
-----|-------|----------|----------|----------------
0    | 8     | 0.6444   | 3.7696   | 3.7694 
1    | 9     | 0.6913   | 0.9160   | 0.8213 
2    | 11    | 0.4779   | 0.5551   | 0.5213 
3-5  | 59    | 0.4235   | 0.3926   | 0.3746 
6+   | 276   | 0.3350   | 0.2990   | 0.3146 

Epoch 80: loss = 0.606806 phase = C val_loss = 0.825043 delta_mae_pts = 0.3694 recap_mae_pts = 0.3694 cat_mae_pts = 0.4667 total_mae_pts = 1.1360 vs_inertia_pts = 0.0444 vs_quad_pts = 0.2768 lr_base = 0.000240 lr_mult = 0.2500 lr_eff = 0.000060 mon_cov = 0.940 mon_score = 2.4644 progress = 81/120 epoch_sec = 90.1 avg_epoch_sec = 90.4 elapsed = 02:02:03 eta = 00:58:46
Epoch 80 memory(end): tensors=258, buffers=258, bytes=18.3MB
[curriculum] phase=C age=49 ramp=80 delta=0.3694 cov=0.940 best_global_delta=0.3469

Epoch 81: Phase C (A_end=10, B_end=32, C_ramp=80) Weights {"totalWeight":0.069,"recapWeight":0.14687499999999998,"deltaWeight":6.359375,"categoryWeight":0.05,"quantileWeight":0.7125,"consistencyWeight":0,"identityDropoutRate":0.893125}, Scales {"judgeBias":1,"corps":1}, SeqLen 15, ID_Drop 0.885, WFW 1.500 
Epoch 81 memory(start): tensors=258, buffers=258, bytes=18.3MB

History Bucket Diagnostics (Avg Abs Error per sample, normalized units):
Hist | Count | MAE_Pred | MAE_Base | PredDevFromBase
-----|-------|----------|----------|----------------
0    | 8     | 0.6427   | 3.7696   | 3.7778 
1    | 9     | 0.6953   | 0.9160   | 0.8293 
2    | 11    | 0.4736   | 0.5551   | 0.5183 
3-5  | 59    | 0.4196   | 0.3926   | 0.3797 
6+   | 276   | 0.3350   | 0.2990   | 0.3191 

Epoch 81: loss = 0.614272 phase = C val_loss = 0.837071 delta_mae_pts = 0.3687 recap_mae_pts = 0.3687 cat_mae_pts = 0.4677 total_mae_pts = 1.1380 vs_inertia_pts = 0.0450 vs_quad_pts = 0.2775 lr_base = 0.000231 lr_mult = 0.2500 lr_eff = 0.000058 mon_cov = 0.943 mon_score = 2.5006 progress = 82/120 epoch_sec = 91.0 avg_epoch_sec = 90.4 elapsed = 02:03:34 eta = 00:57:16
Epoch 81 memory(end): tensors=258, buffers=258, bytes=18.3MB
[curriculum] phase=C age=50 ramp=80 delta=0.3687 cov=0.943 best_global_delta=0.3469

Epoch 82: Phase C (A_end=10, B_end=32, C_ramp=80) Weights {"totalWeight":0.07,"recapWeight":0.14375,"deltaWeight":6.46875,"categoryWeight":0.05,"quantileWeight":0.725,"consistencyWeight":0,"identityDropoutRate":0.88125}, Scales {"judgeBias":1,"corps":1}, SeqLen 15, ID_Drop 0.882, WFW 1.500 
Epoch 82 memory(start): tensors=258, buffers=258, bytes=18.3MB

History Bucket Diagnostics (Avg Abs Error per sample, normalized units):
Hist | Count | MAE_Pred | MAE_Base | PredDevFromBase
-----|-------|----------|----------|----------------
0    | 8     | 0.6547   | 3.7696   | 3.8211 
1    | 9     | 0.6979   | 0.9160   | 0.8540 
2    | 11    | 0.4866   | 0.5551   | 0.5441 
3-5  | 59    | 0.4245   | 0.3926   | 0.3931 
6+   | 276   | 0.3331   | 0.2990   | 0.3240 

Epoch 82: loss = 0.626666 phase = C val_loss = 0.850559 delta_mae_pts = 0.3687 recap_mae_pts = 0.3687 cat_mae_pts = 0.4661 total_mae_pts = 1.1347 vs_inertia_pts = 0.0450 vs_quad_pts = 0.2775 lr_base = 0.000222 lr_mult = 0.2500 lr_eff = 0.000055 mon_cov = 0.942 mon_score = 2.5409 progress = 83/120 epoch_sec = 90.8 avg_epoch_sec = 90.4 elapsed = 02:05:05 eta = 00:55:46
Epoch 82 memory(end): tensors=258, buffers=258, bytes=18.3MB
[curriculum] phase=C age=51 ramp=80 delta=0.3687 cov=0.942 best_global_delta=0.3469

Epoch 83: Phase C (A_end=10, B_end=32, C_ramp=80) Weights {"totalWeight":0.071,"recapWeight":0.140625,"deltaWeight":6.578125,"categoryWeight":0.05,"quantileWeight":0.7374999999999999,"consistencyWeight":0,"identityDropoutRate":0.869375}, Scales {"judgeBias":1,"corps":1}, SeqLen 15, ID_Drop 0.873, WFW 1.500 
Epoch 83 memory(start): tensors=258, buffers=258, bytes=18.3MB

History Bucket Diagnostics (Avg Abs Error per sample, normalized units):
Hist | Count | MAE_Pred | MAE_Base | PredDevFromBase
-----|-------|----------|----------|----------------
0    | 8     | 0.6415   | 3.7696   | 3.8113 
1    | 9     | 0.6959   | 0.9160   | 0.8542 
2    | 11    | 0.4876   | 0.5551   | 0.5399 
3-5  | 59    | 0.4238   | 0.3926   | 0.3914 
6+   | 276   | 0.3357   | 0.2990   | 0.3225 

Epoch 83: loss = 0.630255 phase = C val_loss = 0.866943 delta_mae_pts = 0.3703 recap_mae_pts = 0.3703 cat_mae_pts = 0.4724 total_mae_pts = 1.1337 vs_inertia_pts = 0.0434 vs_quad_pts = 0.2759 lr_base = 0.000213 lr_mult = 0.2500 lr_eff = 0.000053 mon_cov = 0.946 mon_score = 2.5923 progress = 84/120 epoch_sec = 90.4 avg_epoch_sec = 90.4 elapsed = 02:06:35 eta = 00:54:15
Epoch 83 memory(end): tensors=258, buffers=258, bytes=18.3MB
[curriculum] phase=C age=52 ramp=80 delta=0.3703 cov=0.946 best_global_delta=0.3469

Epoch 84: Phase C (A_end=10, B_end=32, C_ramp=80) Weights {"totalWeight":0.07200000000000001,"recapWeight":0.13749999999999998,"deltaWeight":6.6875,"categoryWeight":0.05,"quantileWeight":0.75,"consistencyWeight":0,"identityDropoutRate":0.8575}, Scales {"judgeBias":1,"corps":1}, SeqLen 15, ID_Drop 0.848, WFW 1.500 
Epoch 84 memory(start): tensors=258, buffers=258, bytes=18.3MB

History Bucket Diagnostics (Avg Abs Error per sample, normalized units):
Hist | Count | MAE_Pred | MAE_Base | PredDevFromBase
-----|-------|----------|----------|----------------
0    | 8     | 0.6494   | 3.7696   | 3.8110 
1    | 9     | 0.6967   | 0.9160   | 0.8326 
2    | 11    | 0.4759   | 0.5551   | 0.5280 
3-5  | 59    | 0.4303   | 0.3926   | 0.3861 
6+   | 276   | 0.3368   | 0.2990   | 0.3248 

Epoch 84: loss = 0.639395 phase = C val_loss = 0.884382 delta_mae_pts = 0.3720 recap_mae_pts = 0.3720 cat_mae_pts = 0.4658 total_mae_pts = 1.1378 vs_inertia_pts = 0.0417 vs_quad_pts = 0.2742 lr_base = 0.000204 lr_mult = 0.2500 lr_eff = 0.000051 mon_cov = 0.940 mon_score = 2.6446 progress = 85/120 epoch_sec = 90.7 avg_epoch_sec = 90.4 elapsed = 02:08:06 eta = 00:52:45
Epoch 84 memory(end): tensors=258, buffers=258, bytes=18.3MB
[curriculum] phase=C age=53 ramp=80 delta=0.3720 cov=0.940 best_global_delta=0.3469

Epoch 85: Phase C (A_end=10, B_end=32, C_ramp=80) Weights {"totalWeight":0.073,"recapWeight":0.134375,"deltaWeight":6.796875,"categoryWeight":0.05,"quantileWeight":0.7625,"consistencyWeight":0,"identityDropoutRate":0.8456250000000001}, Scales {"judgeBias":1,"corps":1}, SeqLen 15, ID_Drop 0.851, WFW 1.500 
Epoch 85 memory(start): tensors=258, buffers=258, bytes=18.3MB

History Bucket Diagnostics (Avg Abs Error per sample, normalized units):
Hist | Count | MAE_Pred | MAE_Base | PredDevFromBase
-----|-------|----------|----------|----------------
0    | 8     | 0.6379   | 3.7696   | 3.7972 
1    | 9     | 0.6919   | 0.9160   | 0.8250 
2    | 11    | 0.4798   | 0.5551   | 0.5223 
3-5  | 59    | 0.4302   | 0.3926   | 0.3891 
6+   | 276   | 0.3330   | 0.2990   | 0.3219 

Epoch 85: loss = 0.641964 phase = C val_loss = 0.891397 delta_mae_pts = 0.3688 recap_mae_pts = 0.3688 cat_mae_pts = 0.4656 total_mae_pts = 1.1297 vs_inertia_pts = 0.0449 vs_quad_pts = 0.2773 lr_base = 0.000195 lr_mult = 0.2500 lr_eff = 0.000049 mon_cov = 0.940 mon_score = 2.6628 progress = 86/120 epoch_sec = 91.0 avg_epoch_sec = 90.4 elapsed = 02:09:37 eta = 00:51:15
Epoch 85 memory(end): tensors=258, buffers=258, bytes=18.3MB
[curriculum] phase=C age=54 ramp=80 delta=0.3688 cov=0.940 best_global_delta=0.3469

Epoch 86: Phase C (A_end=10, B_end=32, C_ramp=80) Weights {"totalWeight":0.07400000000000001,"recapWeight":0.13124999999999998,"deltaWeight":6.90625,"categoryWeight":0.05,"quantileWeight":0.775,"consistencyWeight":0,"identityDropoutRate":0.83375}, Scales {"judgeBias":1,"corps":1}, SeqLen 15, ID_Drop 0.833, WFW 1.500 
Epoch 86 memory(start): tensors=258, buffers=258, bytes=18.3MB

History Bucket Diagnostics (Avg Abs Error per sample, normalized units):
Hist | Count | MAE_Pred | MAE_Base | PredDevFromBase
-----|-------|----------|----------|----------------
0    | 8     | 0.6457   | 3.7696   | 3.8352 
1    | 9     | 0.6998   | 0.9160   | 0.8603 
2    | 11    | 0.4871   | 0.5551   | 0.5419 
3-5  | 59    | 0.4219   | 0.3926   | 0.3888 
6+   | 276   | 0.3329   | 0.2990   | 0.3218 

Epoch 86: loss = 0.652376 phase = C val_loss = 0.903636 delta_mae_pts = 0.3681 recap_mae_pts = 0.3681 cat_mae_pts = 0.4634 total_mae_pts = 1.1228 vs_inertia_pts = 0.0457 vs_quad_pts = 0.2781 lr_base = 0.000187 lr_mult = 0.2500 lr_eff = 0.000047 mon_cov = 0.940 mon_score = 2.6972 progress = 87/120 epoch_sec = 91.2 avg_epoch_sec = 90.4 elapsed = 02:11:08 eta = 00:49:45
Epoch 86 memory(end): tensors=258, buffers=258, bytes=18.3MB
[curriculum] phase=C age=55 ramp=80 delta=0.3681 cov=0.940 best_global_delta=0.3469

--- NO MONITOR IMPROVEMENT FOR 18 EPOCHS: plateau multiplier 0.2500 -> 0.1250, effective LR 0.000030 ---

Epoch 87: Phase C (A_end=10, B_end=32, C_ramp=80) Weights {"totalWeight":0.075,"recapWeight":0.128125,"deltaWeight":7.015625,"categoryWeight":0.05,"quantileWeight":0.7875,"consistencyWeight":0,"identityDropoutRate":0.821875}, Scales {"judgeBias":1,"corps":1}, SeqLen 15, ID_Drop 0.827, WFW 1.500 
Epoch 87 memory(start): tensors=258, buffers=258, bytes=18.3MB

History Bucket Diagnostics (Avg Abs Error per sample, normalized units):
Hist | Count | MAE_Pred | MAE_Base | PredDevFromBase
-----|-------|----------|----------|----------------
0    | 8     | 0.6508   | 3.7696   | 3.8468 
1    | 9     | 0.6988   | 0.9160   | 0.8510 
2    | 11    | 0.4885   | 0.5551   | 0.5449 
3-5  | 59    | 0.4283   | 0.3926   | 0.3935 
6+   | 276   | 0.3360   | 0.2990   | 0.3261 

Epoch 87: loss = 0.658241 phase = C val_loss = 0.924716 delta_mae_pts = 0.3716 recap_mae_pts = 0.3716 cat_mae_pts = 0.4671 total_mae_pts = 1.1327 vs_inertia_pts = 0.0421 vs_quad_pts = 0.2746 lr_base = 0.000178 lr_mult = 0.1250 lr_eff = 0.000030 mon_cov = 0.936 mon_score = 2.7637 progress = 88/120 epoch_sec = 90.7 avg_epoch_sec = 90.4 elapsed = 02:12:39 eta = 00:48:14
Epoch 87 memory(end): tensors=258, buffers=258, bytes=18.3MB
[curriculum] phase=C age=56 ramp=80 delta=0.3716 cov=0.936 best_global_delta=0.3469

Epoch 88: Phase C (A_end=10, B_end=32, C_ramp=80) Weights {"totalWeight":0.076,"recapWeight":0.125,"deltaWeight":7.125,"categoryWeight":0.05,"quantileWeight":0.7999999999999999,"consistencyWeight":0,"identityDropoutRate":0.81}, Scales {"judgeBias":1,"corps":1}, SeqLen 15, ID_Drop 0.807, WFW 1.500 
Epoch 88 memory(start): tensors=258, buffers=258, bytes=18.3MB

History Bucket Diagnostics (Avg Abs Error per sample, normalized units):
Hist | Count | MAE_Pred | MAE_Base | PredDevFromBase
-----|-------|----------|----------|----------------
0    | 8     | 0.6360   | 3.7696   | 3.7974 
1    | 9     | 0.6914   | 0.9160   | 0.8465 
2    | 11    | 0.4829   | 0.5551   | 0.5372 
3-5  | 59    | 0.4284   | 0.3926   | 0.3875 
6+   | 276   | 0.3362   | 0.2990   | 0.3234 

Epoch 88: loss = 0.664548 phase = C val_loss = 0.936854 delta_mae_pts = 0.3711 recap_mae_pts = 0.3711 cat_mae_pts = 0.4654 total_mae_pts = 1.1329 vs_inertia_pts = 0.0426 vs_quad_pts = 0.2751 lr_base = 0.000170 lr_mult = 0.1250 lr_eff = 0.000030 mon_cov = 0.939 mon_score = 2.8008 progress = 89/120 epoch_sec = 91.8 avg_epoch_sec = 90.5 elapsed = 02:14:11 eta = 00:46:44
Epoch 88 memory(end): tensors=258, buffers=258, bytes=18.3MB
[curriculum] phase=C age=57 ramp=80 delta=0.3711 cov=0.939 best_global_delta=0.3469

Epoch 89: Phase C (A_end=10, B_end=32, C_ramp=80) Weights {"totalWeight":0.077,"recapWeight":0.12187499999999998,"deltaWeight":7.234375,"categoryWeight":0.05,"quantileWeight":0.8125,"consistencyWeight":0,"identityDropoutRate":0.798125}, Scales {"judgeBias":1,"corps":1}, SeqLen 15, ID_Drop 0.787, WFW 1.500 
Epoch 89 memory(start): tensors=258, buffers=258, bytes=18.3MB

History Bucket Diagnostics (Avg Abs Error per sample, normalized units):
Hist | Count | MAE_Pred | MAE_Base | PredDevFromBase
-----|-------|----------|----------|----------------
0    | 8     | 0.6428   | 3.7696   | 3.8084 
1    | 9     | 0.6969   | 0.9160   | 0.8589 
2    | 11    | 0.4849   | 0.5551   | 0.5385 
3-5  | 59    | 0.4253   | 0.3926   | 0.3923 
6+   | 276   | 0.3344   | 0.2990   | 0.3247 

Epoch 89: loss = 0.670946 phase = C val_loss = 0.947172 delta_mae_pts = 0.3695 recap_mae_pts = 0.3695 cat_mae_pts = 0.4693 total_mae_pts = 1.1436 vs_inertia_pts = 0.0442 vs_quad_pts = 0.2767 lr_base = 0.000162 lr_mult = 0.1250 lr_eff = 0.000030 mon_cov = 0.938 mon_score = 2.8310 progress = 90/120 epoch_sec = 90.4 avg_epoch_sec = 90.5 elapsed = 02:15:41 eta = 00:45:14
Epoch 89 memory(end): tensors=258, buffers=258, bytes=18.3MB
[curriculum] phase=C age=58 ramp=80 delta=0.3695 cov=0.938 best_global_delta=0.3469

Epoch 90: Phase C (A_end=10, B_end=32, C_ramp=80) Weights {"totalWeight":0.078,"recapWeight":0.11875,"deltaWeight":7.34375,"categoryWeight":0.05,"quantileWeight":0.825,"consistencyWeight":0,"identityDropoutRate":0.78625}, Scales {"judgeBias":1,"corps":1}, SeqLen 15, ID_Drop 0.789, WFW 1.500 
Epoch 90 memory(start): tensors=258, buffers=258, bytes=18.3MB

History Bucket Diagnostics (Avg Abs Error per sample, normalized units):
Hist | Count | MAE_Pred | MAE_Base | PredDevFromBase
-----|-------|----------|----------|----------------
0    | 8     | 0.6630   | 3.7696   | 3.8377 
1    | 9     | 0.6896   | 0.9160   | 0.8493 
2    | 11    | 0.4831   | 0.5551   | 0.5485 
3-5  | 59    | 0.4228   | 0.3926   | 0.3975 
6+   | 276   | 0.3317   | 0.2990   | 0.3279 

Epoch 90: loss = 0.686359 phase = C val_loss = 0.955404 delta_mae_pts = 0.3672 recap_mae_pts = 0.3672 cat_mae_pts = 0.4680 total_mae_pts = 1.1271 vs_inertia_pts = 0.0465 vs_quad_pts = 0.2789 lr_base = 0.000154 lr_mult = 0.1250 lr_eff = 0.000030 mon_cov = 0.939 mon_score = 2.8535 progress = 91/120 epoch_sec = 89.5 avg_epoch_sec = 90.4 elapsed = 02:17:11 eta = 00:43:43
Epoch 90 memory(end): tensors=258, buffers=258, bytes=18.3MB
[curriculum] phase=C age=59 ramp=80 delta=0.3672 cov=0.939 best_global_delta=0.3469

Epoch 91: Phase C (A_end=10, B_end=32, C_ramp=80) Weights {"totalWeight":0.079,"recapWeight":0.11562499999999998,"deltaWeight":7.453125,"categoryWeight":0.05,"quantileWeight":0.8375,"consistencyWeight":0,"identityDropoutRate":0.774375}, Scales {"judgeBias":1,"corps":1}, SeqLen 15, ID_Drop 0.768, WFW 1.500 
Epoch 91 memory(start): tensors=258, buffers=258, bytes=18.3MB

History Bucket Diagnostics (Avg Abs Error per sample, normalized units):
Hist | Count | MAE_Pred | MAE_Base | PredDevFromBase
-----|-------|----------|----------|----------------
0    | 8     | 0.6435   | 3.7696   | 3.8054 
1    | 9     | 0.6843   | 0.9160   | 0.8291 
2    | 11    | 0.4886   | 0.5551   | 0.5394 
3-5  | 59    | 0.4219   | 0.3926   | 0.3870 
6+   | 276   | 0.3294   | 0.2990   | 0.3185 

Epoch 91: loss = 0.685740 phase = C val_loss = 0.963396 delta_mae_pts = 0.3650 recap_mae_pts = 0.3650 cat_mae_pts = 0.4609 total_mae_pts = 1.1213 vs_inertia_pts = 0.0488 vs_quad_pts = 0.2812 lr_base = 0.000147 lr_mult = 0.1250 lr_eff = 0.000030 mon_cov = 0.940 mon_score = 2.8757 progress = 92/120 epoch_sec = 90.9 avg_epoch_sec = 90.5 elapsed = 02:18:42 eta = 00:42:13
Epoch 91 memory(end): tensors=258, buffers=258, bytes=18.3MB
[curriculum] phase=C age=60 ramp=80 delta=0.3650 cov=0.940 best_global_delta=0.3469

Epoch 92: Phase C (A_end=10, B_end=32, C_ramp=80) Weights {"totalWeight":0.08,"recapWeight":0.11249999999999999,"deltaWeight":7.5625,"categoryWeight":0.05,"quantileWeight":0.85,"consistencyWeight":0,"identityDropoutRate":0.7625}, Scales {"judgeBias":1,"corps":1}, SeqLen 15, ID_Drop 0.765, WFW 1.500 
Epoch 92 memory(start): tensors=258, buffers=258, bytes=18.3MB

History Bucket Diagnostics (Avg Abs Error per sample, normalized units):
Hist | Count | MAE_Pred | MAE_Base | PredDevFromBase
-----|-------|----------|----------|----------------
0    | 8     | 0.6280   | 3.7696   | 3.8026 
1    | 9     | 0.6869   | 0.9160   | 0.8640 
2    | 11    | 0.4963   | 0.5551   | 0.5611 
3-5  | 59    | 0.4192   | 0.3926   | 0.3946 
6+   | 276   | 0.3324   | 0.2990   | 0.3245 

Epoch 92: loss = 0.699979 phase = C val_loss = 0.981083 delta_mae_pts = 0.3668 recap_mae_pts = 0.3668 cat_mae_pts = 0.4640 total_mae_pts = 1.1251 vs_inertia_pts = 0.0469 vs_quad_pts = 0.2794 lr_base = 0.000139 lr_mult = 0.1250 lr_eff = 0.000030 mon_cov = 0.937 mon_score = 2.9302 progress = 93/120 epoch_sec = 90.6 avg_epoch_sec = 90.5 elapsed = 02:20:12 eta = 00:40:42
Epoch 92 memory(end): tensors=258, buffers=258, bytes=18.3MB
[curriculum] phase=C age=61 ramp=80 delta=0.3668 cov=0.937 best_global_delta=0.3469

Epoch 93: Phase C (A_end=10, B_end=32, C_ramp=80) Weights {"totalWeight":0.081,"recapWeight":0.109375,"deltaWeight":7.671875,"categoryWeight":0.05,"quantileWeight":0.8624999999999999,"consistencyWeight":0,"identityDropoutRate":0.750625}, Scales {"judgeBias":1,"corps":1}, SeqLen 15, ID_Drop 0.751, WFW 1.500 
Epoch 93 memory(start): tensors=258, buffers=258, bytes=18.3MB

History Bucket Diagnostics (Avg Abs Error per sample, normalized units):
Hist | Count | MAE_Pred | MAE_Base | PredDevFromBase
-----|-------|----------|----------|----------------
0    | 8     | 0.6573   | 3.7696   | 3.8307 
1    | 9     | 0.6865   | 0.9160   | 0.8477 
2    | 11    | 0.4869   | 0.5551   | 0.5492 
3-5  | 59    | 0.4194   | 0.3926   | 0.3896 
6+   | 276   | 0.3326   | 0.2990   | 0.3249 

Epoch 93: loss = 0.704984 phase = C val_loss = 0.995909 delta_mae_pts = 0.3673 recap_mae_pts = 0.3673 cat_mae_pts = 0.4640 total_mae_pts = 1.1257 vs_inertia_pts = 0.0464 vs_quad_pts = 0.2788 lr_base = 0.000132 lr_mult = 0.1250 lr_eff = 0.000030 mon_cov = 0.935 mon_score = 2.9747 progress = 94/120 epoch_sec = 84.6 avg_epoch_sec = 90.4 elapsed = 02:21:37 eta = 00:39:10
Epoch 93 memory(end): tensors=258, buffers=258, bytes=18.3MB
[curriculum] phase=C age=62 ramp=80 delta=0.3673 cov=0.935 best_global_delta=0.3469

Epoch 94: Phase C (A_end=10, B_end=32, C_ramp=80) Weights {"totalWeight":0.082,"recapWeight":0.10624999999999998,"deltaWeight":7.78125,"categoryWeight":0.05,"quantileWeight":0.875,"consistencyWeight":0,"identityDropoutRate":0.73875}, Scales {"judgeBias":1,"corps":1}, SeqLen 15, ID_Drop 0.730, WFW 1.500 
Epoch 94 memory(start): tensors=258, buffers=258, bytes=18.3MB

History Bucket Diagnostics (Avg Abs Error per sample, normalized units):
Hist | Count | MAE_Pred | MAE_Base | PredDevFromBase
-----|-------|----------|----------|----------------
0    | 8     | 0.6405   | 3.7696   | 3.7971 
1    | 9     | 0.6870   | 0.9160   | 0.8587 
2    | 11    | 0.4896   | 0.5551   | 0.5559 
3-5  | 59    | 0.4177   | 0.3926   | 0.3879 
6+   | 276   | 0.3292   | 0.2990   | 0.3209 

Epoch 94: loss = 0.711616 phase = C val_loss = 1.001570 delta_mae_pts = 0.3642 recap_mae_pts = 0.3642 cat_mae_pts = 0.4565 total_mae_pts = 1.1084 vs_inertia_pts = 0.0496 vs_quad_pts = 0.2820 lr_base = 0.000125 lr_mult = 0.1250 lr_eff = 0.000030 mon_cov = 0.938 mon_score = 2.9884 progress = 95/120 epoch_sec = 91.5 avg_epoch_sec = 90.4 elapsed = 02:23:08 eta = 00:37:40
Epoch 94 memory(end): tensors=258, buffers=258, bytes=18.3MB
[curriculum] phase=C age=63 ramp=80 delta=0.3642 cov=0.938 best_global_delta=0.3469

Epoch 95: Phase C (A_end=10, B_end=32, C_ramp=80) Weights {"totalWeight":0.083,"recapWeight":0.103125,"deltaWeight":7.890625,"categoryWeight":0.05,"quantileWeight":0.8875,"consistencyWeight":0,"identityDropoutRate":0.726875}, Scales {"judgeBias":1,"corps":1}, SeqLen 15, ID_Drop 0.732, WFW 1.500 
Epoch 95 memory(start): tensors=258, buffers=258, bytes=18.3MB

History Bucket Diagnostics (Avg Abs Error per sample, normalized units):
Hist | Count | MAE_Pred | MAE_Base | PredDevFromBase
-----|-------|----------|----------|----------------
0    | 8     | 0.6523   | 3.7696   | 3.8518 
1    | 9     | 0.6889   | 0.9160   | 0.8694 
2    | 11    | 0.4867   | 0.5551   | 0.5590 
3-5  | 59    | 0.4186   | 0.3926   | 0.3860 
6+   | 276   | 0.3348   | 0.2990   | 0.3235 

Epoch 95: loss = 0.723793 phase = C val_loss = 1.026746 delta_mae_pts = 0.3688 recap_mae_pts = 0.3688 cat_mae_pts = 0.4654 total_mae_pts = 1.1315 vs_inertia_pts = 0.0449 vs_quad_pts = 0.2773 lr_base = 0.000118 lr_mult = 0.1250 lr_eff = 0.000030 mon_cov = 0.935 mon_score = 3.0679 progress = 96/120 epoch_sec = 91.4 avg_epoch_sec = 90.4 elapsed = 02:24:40 eta = 00:36:10
Epoch 95 memory(end): tensors=258, buffers=258, bytes=18.3MB
[curriculum] phase=C age=64 ramp=80 delta=0.3688 cov=0.935 best_global_delta=0.3469

Epoch 96: Phase C (A_end=10, B_end=32, C_ramp=80) Weights {"totalWeight":0.084,"recapWeight":0.09999999999999998,"deltaWeight":8,"categoryWeight":0.05,"quantileWeight":0.9,"consistencyWeight":0,"identityDropoutRate":0.7150000000000001}, Scales {"judgeBias":1,"corps":1}, SeqLen 15, ID_Drop 0.715, WFW 1.500 
Epoch 96 memory(start): tensors=258, buffers=258, bytes=18.3MB

History Bucket Diagnostics (Avg Abs Error per sample, normalized units):
Hist | Count | MAE_Pred | MAE_Base | PredDevFromBase
-----|-------|----------|----------|----------------
0    | 8     | 0.6495   | 3.7696   | 3.8094 
1    | 9     | 0.6885   | 0.9160   | 0.8438 
2    | 11    | 0.4855   | 0.5551   | 0.5488 
3-5  | 59    | 0.4232   | 0.3926   | 0.3949 
6+   | 276   | 0.3348   | 0.2990   | 0.3292 

Epoch 96: loss = 0.728759 phase = C val_loss = 1.041137 delta_mae_pts = 0.3694 recap_mae_pts = 0.3694 cat_mae_pts = 0.4664 total_mae_pts = 1.1226 vs_inertia_pts = 0.0443 vs_quad_pts = 0.2767 lr_base = 0.000111 lr_mult = 0.1250 lr_eff = 0.000030 mon_cov = 0.936 mon_score = 3.1126 progress = 97/120 epoch_sec = 92.1 avg_epoch_sec = 90.4 elapsed = 02:26:12 eta = 00:34:40
Epoch 96 memory(end): tensors=258, buffers=258, bytes=18.3MB
[curriculum] phase=C age=65 ramp=80 delta=0.3694 cov=0.936 best_global_delta=0.3469

Epoch 97: Phase C (A_end=10, B_end=32, C_ramp=80) Weights {"totalWeight":0.085,"recapWeight":0.09687499999999999,"deltaWeight":8.109375,"categoryWeight":0.05,"quantileWeight":0.9125,"consistencyWeight":0,"identityDropoutRate":0.703125}, Scales {"judgeBias":1,"corps":1}, SeqLen 15, ID_Drop 0.687, WFW 1.500 
Epoch 97 memory(start): tensors=258, buffers=258, bytes=18.3MB

History Bucket Diagnostics (Avg Abs Error per sample, normalized units):
Hist | Count | MAE_Pred | MAE_Base | PredDevFromBase
-----|-------|----------|----------|----------------
0    | 8     | 0.6353   | 3.7696   | 3.8268 
1    | 9     | 0.6829   | 0.9160   | 0.8547 
2    | 11    | 0.4889   | 0.5551   | 0.5542 
3-5  | 59    | 0.4221   | 0.3926   | 0.3900 
6+   | 276   | 0.3358   | 0.2990   | 0.3260 

Epoch 97: loss = 0.737957 phase = C val_loss = 1.055756 delta_mae_pts = 0.3697 recap_mae_pts = 0.3697 cat_mae_pts = 0.4625 total_mae_pts = 1.1269 vs_inertia_pts = 0.0441 vs_quad_pts = 0.2765 lr_base = 0.000105 lr_mult = 0.1250 lr_eff = 0.000030 mon_cov = 0.931 mon_score = 3.1550 progress = 98/120 epoch_sec = 90.7 avg_epoch_sec = 90.4 elapsed = 02:27:43 eta = 00:33:10
Epoch 97 memory(end): tensors=258, buffers=258, bytes=18.3MB
[curriculum] phase=C age=66 ramp=80 delta=0.3697 cov=0.931 best_global_delta=0.3469

Epoch 98: Phase C (A_end=10, B_end=32, C_ramp=80) Weights {"totalWeight":0.08600000000000001,"recapWeight":0.09375,"deltaWeight":8.21875,"categoryWeight":0.05,"quantileWeight":0.9249999999999999,"consistencyWeight":0,"identityDropoutRate":0.69125}, Scales {"judgeBias":1,"corps":1}, SeqLen 15, ID_Drop 0.695, WFW 1.500 
Epoch 98 memory(start): tensors=258, buffers=258, bytes=18.3MB

History Bucket Diagnostics (Avg Abs Error per sample, normalized units):
Hist | Count | MAE_Pred | MAE_Base | PredDevFromBase
-----|-------|----------|----------|----------------
0    | 8     | 0.6654   | 3.7696   | 3.8143 
1    | 9     | 0.6956   | 0.9160   | 0.8547 
2    | 11    | 0.4985   | 0.5551   | 0.5532 
3-5  | 59    | 0.4275   | 0.3926   | 0.3972 
6+   | 276   | 0.3381   | 0.2990   | 0.3291 

Epoch 98: loss = 0.751096 phase = C val_loss = 1.079127 delta_mae_pts = 0.3736 recap_mae_pts = 0.3736 cat_mae_pts = 0.4722 total_mae_pts = 1.1475 vs_inertia_pts = 0.0401 vs_quad_pts = 0.2726 lr_base = 0.000099 lr_mult = 0.1250 lr_eff = 0.000030 mon_cov = 0.932 mon_score = 3.2303 progress = 99/120 epoch_sec = 90.7 avg_epoch_sec = 90.4 elapsed = 02:29:13 eta = 00:31:39
Epoch 98 memory(end): tensors=258, buffers=258, bytes=18.3MB
[curriculum] phase=C age=67 ramp=80 delta=0.3736 cov=0.932 best_global_delta=0.3469

Epoch 99: Phase C (A_end=10, B_end=32, C_ramp=80) Weights {"totalWeight":0.08700000000000001,"recapWeight":0.09062499999999998,"deltaWeight":8.328125,"categoryWeight":0.05,"quantileWeight":0.9375,"consistencyWeight":0,"identityDropoutRate":0.6793750000000001}, Scales {"judgeBias":1,"corps":1}, SeqLen 15, ID_Drop 0.684, WFW 1.500 
Epoch 99 memory(start): tensors=258, buffers=258, bytes=18.3MB

History Bucket Diagnostics (Avg Abs Error per sample, normalized units):
Hist | Count | MAE_Pred | MAE_Base | PredDevFromBase
-----|-------|----------|----------|----------------
0    | 8     | 0.6498   | 3.7696   | 3.8179 
1    | 9     | 0.6857   | 0.9160   | 0.8486 
2    | 11    | 0.4966   | 0.5551   | 0.5490 
3-5  | 59    | 0.4247   | 0.3926   | 0.3941 
6+   | 276   | 0.3371   | 0.2990   | 0.3277 

Epoch 99: loss = 0.757376 phase = C val_loss = 1.088200 delta_mae_pts = 0.3717 recap_mae_pts = 0.3717 cat_mae_pts = 0.4721 total_mae_pts = 1.1477 vs_inertia_pts = 0.0420 vs_quad_pts = 0.2745 lr_base = 0.000093 lr_mult = 0.1250 lr_eff = 0.000030 mon_cov = 0.932 mon_score = 3.2555 progress = 100/120 epoch_sec = 91.2 avg_epoch_sec = 90.4 elapsed = 02:30:45 eta = 00:30:09
Epoch 99 memory(end): tensors=258, buffers=258, bytes=18.3MB
[curriculum] phase=C age=68 ramp=80 delta=0.3717 cov=0.932 best_global_delta=0.3469

Epoch 100: Phase C (A_end=10, B_end=32, C_ramp=80) Weights {"totalWeight":0.08800000000000001,"recapWeight":0.0875,"deltaWeight":8.4375,"categoryWeight":0.05,"quantileWeight":0.95,"consistencyWeight":0,"identityDropoutRate":0.6675}, Scales {"judgeBias":1,"corps":1}, SeqLen 15, ID_Drop 0.679, WFW 1.500 
Epoch 100 memory(start): tensors=258, buffers=258, bytes=18.3MB

History Bucket Diagnostics (Avg Abs Error per sample, normalized units):
Hist | Count | MAE_Pred | MAE_Base | PredDevFromBase
-----|-------|----------|----------|----------------
0    | 8     | 0.6647   | 3.7696   | 3.8412 
1    | 9     | 0.6883   | 0.9160   | 0.8557 
2    | 11    | 0.4944   | 0.5551   | 0.5492 
3-5  | 59    | 0.4224   | 0.3926   | 0.3885 
6+   | 276   | 0.3369   | 0.2990   | 0.3255 

Epoch 100: loss = 0.772191 phase = C val_loss = 1.101331 delta_mae_pts = 0.3715 recap_mae_pts = 0.3715 cat_mae_pts = 0.4676 total_mae_pts = 1.1343 vs_inertia_pts = 0.0422 vs_quad_pts = 0.2747 lr_base = 0.000087 lr_mult = 0.1250 lr_eff = 0.000030 mon_cov = 0.930 mon_score = 3.2928 progress = 101/120 epoch_sec = 91.9 avg_epoch_sec = 90.5 elapsed = 02:32:16 eta = 00:28:39
Epoch 100 memory(end): tensors=258, buffers=258, bytes=18.3MB

-- - CAPTION STATS(Epoch 100)-- - 
GE1: delta_pts = 0.3780, recap_pts = 0.3780, cov = 0.959, width = 1.9236 
GE2: delta_pts = 0.3207, recap_pts = 0.3207, cov = 0.972, width = 1.9571 
VP: delta_pts = 0.3970, recap_pts = 0.3970, cov = 0.956, width = 1.9684 
VA: delta_pts = 0.3145, recap_pts = 0.3145, cov = 0.917, width = 1.9733 
CG: delta_pts = 0.3628, recap_pts = 0.3628, cov = 0.964, width = 1.9879 
MB: delta_pts = 0.3731, recap_pts = 0.3731, cov = 0.879, width = 1.9612 
MA: delta_pts = 0.3995, recap_pts = 0.3995, cov = 0.926, width = 1.9261 
MP: delta_pts = 0.4264, recap_pts = 0.4264, cov = 0.865, width = 1.9873 
----------------------------------

[curriculum] phase=C age=69 ramp=80 delta=0.3715 cov=0.930 best_global_delta=0.3469

Epoch 101: Phase C (A_end=10, B_end=32, C_ramp=80) Weights {"totalWeight":0.08900000000000001,"recapWeight":0.08437499999999998,"deltaWeight":8.546875,"categoryWeight":0.05,"quantileWeight":0.9625,"consistencyWeight":0,"identityDropoutRate":0.655625}, Scales {"judgeBias":1,"corps":1}, SeqLen 15, ID_Drop 0.655, WFW 1.500 
Epoch 101 memory(start): tensors=258, buffers=258, bytes=18.3MB

History Bucket Diagnostics (Avg Abs Error per sample, normalized units):
Hist | Count | MAE_Pred | MAE_Base | PredDevFromBase
-----|-------|----------|----------|----------------
0    | 8     | 0.6471   | 3.7696   | 3.7869 
1    | 9     | 0.6870   | 0.9160   | 0.8274 
2    | 11    | 0.4833   | 0.5551   | 0.5403 
3-5  | 59    | 0.4224   | 0.3926   | 0.3934 
6+   | 276   | 0.3336   | 0.2990   | 0.3276 

Epoch 101: loss = 0.776315 phase = C val_loss = 1.106340 delta_mae_pts = 0.3682 recap_mae_pts = 0.3682 cat_mae_pts = 0.4655 total_mae_pts = 1.1291 vs_inertia_pts = 0.0455 vs_quad_pts = 0.2780 lr_base = 0.000082 lr_mult = 0.1250 lr_eff = 0.000030 mon_cov = 0.930 mon_score = 3.3044 progress = 102/120 epoch_sec = 90.6 avg_epoch_sec = 90.5 elapsed = 02:33:47 eta = 00:27:08
Epoch 101 memory(end): tensors=258, buffers=258, bytes=18.3MB
[curriculum] phase=C age=70 ramp=80 delta=0.3682 cov=0.930 best_global_delta=0.3469

Epoch 102: Phase C (A_end=10, B_end=32, C_ramp=80) Weights {"totalWeight":0.09000000000000001,"recapWeight":0.08124999999999999,"deltaWeight":8.65625,"categoryWeight":0.05,"quantileWeight":0.975,"consistencyWeight":0,"identityDropoutRate":0.64375}, Scales {"judgeBias":1,"corps":1}, SeqLen 15, ID_Drop 0.635, WFW 1.500 
Epoch 102 memory(start): tensors=258, buffers=258, bytes=18.3MB

History Bucket Diagnostics (Avg Abs Error per sample, normalized units):
Hist | Count | MAE_Pred | MAE_Base | PredDevFromBase
-----|-------|----------|----------|----------------
0    | 8     | 0.6766   | 3.7696   | 3.8419 
1    | 9     | 0.6873   | 0.9160   | 0.8390 
2    | 11    | 0.5020   | 0.5551   | 0.5521 
3-5  | 59    | 0.4281   | 0.3926   | 0.4012 
6+   | 276   | 0.3360   | 0.2990   | 0.3320 

Epoch 102: loss = 0.785617 phase = C val_loss = 1.130309 delta_mae_pts = 0.3722 recap_mae_pts = 0.3722 cat_mae_pts = 0.4749 total_mae_pts = 1.1610 vs_inertia_pts = 0.0415 vs_quad_pts = 0.2740 lr_base = 0.000077 lr_mult = 0.1250 lr_eff = 0.000030 mon_cov = 0.931 mon_score = 3.3830 progress = 103/120 epoch_sec = 91.0 avg_epoch_sec = 90.5 elapsed = 02:35:18 eta = 00:25:38
Epoch 102 memory(end): tensors=258, buffers=258, bytes=18.3MB
[curriculum] phase=C age=71 ramp=80 delta=0.3722 cov=0.931 best_global_delta=0.3469

Epoch 103: Phase C (A_end=10, B_end=32, C_ramp=80) Weights {"totalWeight":0.091,"recapWeight":0.078125,"deltaWeight":8.765625,"categoryWeight":0.05,"quantileWeight":0.9874999999999999,"consistencyWeight":0,"identityDropoutRate":0.631875}, Scales {"judgeBias":1,"corps":1}, SeqLen 15, ID_Drop 0.630, WFW 1.500 
Epoch 103 memory(start): tensors=258, buffers=258, bytes=18.3MB

History Bucket Diagnostics (Avg Abs Error per sample, normalized units):
Hist | Count | MAE_Pred | MAE_Base | PredDevFromBase
-----|-------|----------|----------|----------------
0    | 8     | 0.6743   | 3.7696   | 3.8454 
1    | 9     | 0.6875   | 0.9160   | 0.8456 
2    | 11    | 0.4940   | 0.5551   | 0.5502 
3-5  | 59    | 0.4180   | 0.3926   | 0.3931 
6+   | 276   | 0.3330   | 0.2990   | 0.3282 

Epoch 103: loss = 0.795807 phase = C val_loss = 1.132433 delta_mae_pts = 0.3680 recap_mae_pts = 0.3680 cat_mae_pts = 0.4626 total_mae_pts = 1.1258 vs_inertia_pts = 0.0457 vs_quad_pts = 0.2781 lr_base = 0.000072 lr_mult = 0.1250 lr_eff = 0.000030 mon_cov = 0.929 mon_score = 3.3828 progress = 104/120 epoch_sec = 92.1 avg_epoch_sec = 90.5 elapsed = 02:36:50 eta = 00:24:08
Epoch 103 memory(end): tensors=258, buffers=258, bytes=18.3MB
[curriculum] phase=C age=72 ramp=80 delta=0.3680 cov=0.929 best_global_delta=0.3469

Epoch 104: Phase C (A_end=10, B_end=32, C_ramp=80) Weights {"totalWeight":0.09200000000000001,"recapWeight":0.07499999999999998,"deltaWeight":8.875,"categoryWeight":0.05,"quantileWeight":1,"consistencyWeight":0,"identityDropoutRate":0.62}, Scales {"judgeBias":1,"corps":1}, SeqLen 15, ID_Drop 0.625, WFW 1.500 
Epoch 104 memory(start): tensors=258, buffers=258, bytes=18.3MB

History Bucket Diagnostics (Avg Abs Error per sample, normalized units):
Hist | Count | MAE_Pred | MAE_Base | PredDevFromBase
-----|-------|----------|----------|----------------
0    | 8     | 0.6538   | 3.7696   | 3.8315 
1    | 9     | 0.6801   | 0.9160   | 0.8593 
2    | 11    | 0.5086   | 0.5551   | 0.5657 
3-5  | 59    | 0.4147   | 0.3926   | 0.3928 
6+   | 276   | 0.3300   | 0.2990   | 0.3256 

Epoch 104: loss = 0.808592 phase = C val_loss = 1.137597 delta_mae_pts = 0.3650 recap_mae_pts = 0.3650 cat_mae_pts = 0.4609 total_mae_pts = 1.1156 vs_inertia_pts = 0.0487 vs_quad_pts = 0.2812 lr_base = 0.000067 lr_mult = 0.1250 lr_eff = 0.000030 mon_cov = 0.936 mon_score = 3.3952 progress = 105/120 epoch_sec = 92.2 avg_epoch_sec = 90.5 elapsed = 02:38:22 eta = 00:22:37
Epoch 104 memory(end): tensors=258, buffers=258, bytes=18.3MB
[curriculum] phase=C age=73 ramp=80 delta=0.3650 cov=0.936 best_global_delta=0.3469

Epoch 105: Phase C (A_end=10, B_end=32, C_ramp=80) Weights {"totalWeight":0.093,"recapWeight":0.071875,"deltaWeight":8.984375,"categoryWeight":0.05,"quantileWeight":1.0125,"consistencyWeight":0,"identityDropoutRate":0.608125}, Scales {"judgeBias":1,"corps":1}, SeqLen 15, ID_Drop 0.604, WFW 1.500 
Epoch 105 memory(start): tensors=258, buffers=258, bytes=18.3MB

History Bucket Diagnostics (Avg Abs Error per sample, normalized units):
Hist | Count | MAE_Pred | MAE_Base | PredDevFromBase
-----|-------|----------|----------|----------------
0    | 8     | 0.6519   | 3.7696   | 3.8489 
1    | 9     | 0.6860   | 0.9160   | 0.8633 
2    | 11    | 0.4959   | 0.5551   | 0.5610 
3-5  | 59    | 0.4214   | 0.3926   | 0.3908 
6+   | 276   | 0.3345   | 0.2990   | 0.3263 

Epoch 105: loss = 0.813478 phase = C val_loss = 1.162910 delta_mae_pts = 0.3693 recap_mae_pts = 0.3693 cat_mae_pts = 0.4651 total_mae_pts = 1.1351 vs_inertia_pts = 0.0445 vs_quad_pts = 0.2769 lr_base = 0.000063 lr_mult = 0.1250 lr_eff = 0.000030 mon_cov = 0.931 mon_score = 3.4754 progress = 106/120 epoch_sec = 90.1 avg_epoch_sec = 90.5 elapsed = 02:39:52 eta = 00:21:07
Epoch 105 memory(end): tensors=258, buffers=258, bytes=18.3MB
[curriculum] phase=C age=74 ramp=80 delta=0.3693 cov=0.931 best_global_delta=0.3469

Epoch 106: Phase C (A_end=10, B_end=32, C_ramp=80) Weights {"totalWeight":0.09400000000000001,"recapWeight":0.06874999999999998,"deltaWeight":9.09375,"categoryWeight":0.05,"quantileWeight":1.0250000000000001,"consistencyWeight":0,"identityDropoutRate":0.59625}, Scales {"judgeBias":1,"corps":1}, SeqLen 15, ID_Drop 0.597, WFW 1.500 
Epoch 106 memory(start): tensors=258, buffers=258, bytes=18.3MB

History Bucket Diagnostics (Avg Abs Error per sample, normalized units):
Hist | Count | MAE_Pred | MAE_Base | PredDevFromBase
-----|-------|----------|----------|----------------
0    | 8     | 0.6668   | 3.7696   | 3.8621 
1    | 9     | 0.6937   | 0.9160   | 0.8680 
2    | 11    | 0.4920   | 0.5551   | 0.5616 
3-5  | 59    | 0.4194   | 0.3926   | 0.3927 
6+   | 276   | 0.3310   | 0.2990   | 0.3282 

Epoch 106: loss = 0.815113 phase = C val_loss = 1.169582 delta_mae_pts = 0.3667 recap_mae_pts = 0.3667 cat_mae_pts = 0.4621 total_mae_pts = 1.1184 vs_inertia_pts = 0.0471 vs_quad_pts = 0.2795 lr_base = 0.000058 lr_mult = 0.1250 lr_eff = 0.000030 mon_cov = 0.933 mon_score = 3.4904 progress = 107/120 epoch_sec = 90.7 avg_epoch_sec = 90.5 elapsed = 02:41:23 eta = 00:19:36
Epoch 106 memory(end): tensors=258, buffers=258, bytes=18.3MB
[curriculum] phase=C age=75 ramp=80 delta=0.3667 cov=0.933 best_global_delta=0.3469

Epoch 107: Phase C (A_end=10, B_end=32, C_ramp=80) Weights {"totalWeight":0.095,"recapWeight":0.06562499999999999,"deltaWeight":9.203125,"categoryWeight":0.05,"quantileWeight":1.0375,"consistencyWeight":0,"identityDropoutRate":0.5843750000000001}, Scales {"judgeBias":1,"corps":1}, SeqLen 15, ID_Drop 0.584, WFW 1.500 
Epoch 107 memory(start): tensors=258, buffers=258, bytes=18.3MB

History Bucket Diagnostics (Avg Abs Error per sample, normalized units):
Hist | Count | MAE_Pred | MAE_Base | PredDevFromBase
-----|-------|----------|----------|----------------
0    | 8     | 0.6493   | 3.7696   | 3.8161 
1    | 9     | 0.6872   | 0.9160   | 0.8561 
2    | 11    | 0.4955   | 0.5551   | 0.5584 
3-5  | 59    | 0.4205   | 0.3926   | 0.3940 
6+   | 276   | 0.3305   | 0.2990   | 0.3256 

Epoch 107: loss = 0.827113 phase = C val_loss = 1.180742 delta_mae_pts = 0.3660 recap_mae_pts = 0.3660 cat_mae_pts = 0.4634 total_mae_pts = 1.1235 vs_inertia_pts = 0.0477 vs_quad_pts = 0.2802 lr_base = 0.000055 lr_mult = 0.1250 lr_eff = 0.000030 mon_cov = 0.934 mon_score = 3.5252 progress = 108/120 epoch_sec = 90.5 avg_epoch_sec = 90.5 elapsed = 02:42:54 eta = 00:18:06
Epoch 107 memory(end): tensors=258, buffers=258, bytes=18.3MB
[curriculum] phase=C age=76 ramp=80 delta=0.3660 cov=0.934 best_global_delta=0.3469

Epoch 108: Phase C (A_end=10, B_end=32, C_ramp=80) Weights {"totalWeight":0.096,"recapWeight":0.0625,"deltaWeight":9.3125,"categoryWeight":0.05,"quantileWeight":1.05,"consistencyWeight":0,"identityDropoutRate":0.5725}, Scales {"judgeBias":1,"corps":1}, SeqLen 15, ID_Drop 0.584, WFW 1.500 
Epoch 108 memory(start): tensors=258, buffers=258, bytes=18.3MB

History Bucket Diagnostics (Avg Abs Error per sample, normalized units):
Hist | Count | MAE_Pred | MAE_Base | PredDevFromBase
-----|-------|----------|----------|----------------
0    | 8     | 0.6491   | 3.7696   | 3.8203 
1    | 9     | 0.6911   | 0.9160   | 0.8453 
2    | 11    | 0.4953   | 0.5551   | 0.5638 
3-5  | 59    | 0.4243   | 0.3926   | 0.4010 
6+   | 276   | 0.3330   | 0.2990   | 0.3305 

Epoch 108: loss = 0.830762 phase = C val_loss = 1.201990 delta_mae_pts = 0.3686 recap_mae_pts = 0.3686 cat_mae_pts = 0.4679 total_mae_pts = 1.1360 vs_inertia_pts = 0.0452 vs_quad_pts = 0.2776 lr_base = 0.000051 lr_mult = 0.1250 lr_eff = 0.000030 mon_cov = 0.930 mon_score = 3.5904 progress = 109/120 epoch_sec = 90.0 avg_epoch_sec = 90.5 elapsed = 02:44:24 eta = 00:16:35
Epoch 108 memory(end): tensors=258, buffers=258, bytes=18.3MB
[curriculum] phase=C age=77 ramp=80 delta=0.3686 cov=0.930 best_global_delta=0.3469

Epoch 109: Phase C (A_end=10, B_end=32, C_ramp=80) Weights {"totalWeight":0.097,"recapWeight":0.05937499999999998,"deltaWeight":9.421875,"categoryWeight":0.05,"quantileWeight":1.0625,"consistencyWeight":0,"identityDropoutRate":0.5606249999999999}, Scales {"judgeBias":1,"corps":1}, SeqLen 15, ID_Drop 0.553, WFW 1.500 
Epoch 109 memory(start): tensors=258, buffers=258, bytes=18.3MB

History Bucket Diagnostics (Avg Abs Error per sample, normalized units):
Hist | Count | MAE_Pred | MAE_Base | PredDevFromBase
-----|-------|----------|----------|----------------
0    | 8     | 0.6458   | 3.7696   | 3.8085 
1    | 9     | 0.6796   | 0.9160   | 0.8540 
2    | 11    | 0.4976   | 0.5551   | 0.5682 
3-5  | 59    | 0.4200   | 0.3926   | 0.3996 
6+   | 276   | 0.3312   | 0.2990   | 0.3288 

Epoch 109: loss = 0.840967 phase = C val_loss = 1.207782 delta_mae_pts = 0.3662 recap_mae_pts = 0.3662 cat_mae_pts = 0.4602 total_mae_pts = 1.1220 vs_inertia_pts = 0.0475 vs_quad_pts = 0.2799 lr_base = 0.000048 lr_mult = 0.1250 lr_eff = 0.000030 mon_cov = 0.933 mon_score = 3.6070 progress = 110/120 epoch_sec = 90.2 avg_epoch_sec = 90.5 elapsed = 02:45:54 eta = 00:15:05
Epoch 109 memory(end): tensors=258, buffers=258, bytes=18.3MB
[curriculum] phase=C age=78 ramp=80 delta=0.3662 cov=0.933 best_global_delta=0.3469

Epoch 110: Phase C (A_end=10, B_end=32, C_ramp=80) Weights {"totalWeight":0.098,"recapWeight":0.056249999999999994,"deltaWeight":9.53125,"categoryWeight":0.05,"quantileWeight":1.075,"consistencyWeight":0,"identityDropoutRate":0.5487500000000001}, Scales {"judgeBias":1,"corps":1}, SeqLen 15, ID_Drop 0.544, WFW 1.500 
Epoch 110 memory(start): tensors=258, buffers=258, bytes=18.3MB

History Bucket Diagnostics (Avg Abs Error per sample, normalized units):
Hist | Count | MAE_Pred | MAE_Base | PredDevFromBase
-----|-------|----------|----------|----------------
0    | 8     | 0.6632   | 3.7696   | 3.8457 
1    | 9     | 0.6812   | 0.9160   | 0.8520 
2    | 11    | 0.4915   | 0.5551   | 0.5600 
3-5  | 59    | 0.4200   | 0.3926   | 0.3949 
6+   | 276   | 0.3353   | 0.2990   | 0.3309 

Epoch 110: loss = 0.848320 phase = C val_loss = 1.232056 delta_mae_pts = 0.3696 recap_mae_pts = 0.3696 cat_mae_pts = 0.4663 total_mae_pts = 1.1316 vs_inertia_pts = 0.0441 vs_quad_pts = 0.2765 lr_base = 0.000045 lr_mult = 0.1250 lr_eff = 0.000030 mon_cov = 0.928 mon_score = 3.6804 progress = 111/120 epoch_sec = 91.4 avg_epoch_sec = 90.5 elapsed = 02:47:25 eta = 00:13:34
Epoch 110 memory(end): tensors=258, buffers=258, bytes=18.3MB
[curriculum] phase=C age=79 ramp=80 delta=0.3696 cov=0.928 best_global_delta=0.3469

Epoch 111: Phase C (A_end=10, B_end=32, C_ramp=80) Weights {"totalWeight":0.099,"recapWeight":0.05312499999999998,"deltaWeight":9.640625,"categoryWeight":0.05,"quantileWeight":1.0875000000000001,"consistencyWeight":0,"identityDropoutRate":0.536875}, Scales {"judgeBias":1,"corps":1}, SeqLen 15, ID_Drop 0.527, WFW 1.500 
Epoch 111 memory(start): tensors=258, buffers=258, bytes=18.3MB

History Bucket Diagnostics (Avg Abs Error per sample, normalized units):
Hist | Count | MAE_Pred | MAE_Base | PredDevFromBase
-----|-------|----------|----------|----------------
0    | 8     | 0.6514   | 3.7696   | 3.8601 
1    | 9     | 0.6907   | 0.9160   | 0.8819 
2    | 11    | 0.5111   | 0.5551   | 0.5803 
3-5  | 59    | 0.4158   | 0.3926   | 0.3993 
6+   | 276   | 0.3315   | 0.2990   | 0.3322 

Epoch 111: loss = 0.857657 phase = C val_loss = 1.235292 delta_mae_pts = 0.3666 recap_mae_pts = 0.3666 cat_mae_pts = 0.4617 total_mae_pts = 1.1077 vs_inertia_pts = 0.0471 vs_quad_pts = 0.2796 lr_base = 0.000042 lr_mult = 0.1250 lr_eff = 0.000030 mon_cov = 0.936 mon_score = 3.6893 progress = 112/120 epoch_sec = 90.5 avg_epoch_sec = 90.5 elapsed = 02:48:56 eta = 00:12:04
Epoch 111 memory(end): tensors=258, buffers=258, bytes=18.3MB
[curriculum] phase=C age=80 ramp=80 delta=0.3666 cov=0.936 best_global_delta=0.3469

Epoch 112: Phase C (A_end=10, B_end=32, C_ramp=80) Weights {"totalWeight":0.1,"recapWeight":0.04999999999999999,"deltaWeight":9.75,"categoryWeight":0.05,"quantileWeight":1.1,"consistencyWeight":0,"identityDropoutRate":0.525}, Scales {"judgeBias":1,"corps":1}, SeqLen 15, ID_Drop 0.520, WFW 1.500 
Epoch 112 memory(start): tensors=258, buffers=258, bytes=18.3MB

History Bucket Diagnostics (Avg Abs Error per sample, normalized units):
Hist | Count | MAE_Pred | MAE_Base | PredDevFromBase
-----|-------|----------|----------|----------------
0    | 8     | 0.6385   | 3.7696   | 3.8291 
1    | 9     | 0.6871   | 0.9160   | 0.8649 
2    | 11    | 0.4980   | 0.5551   | 0.5575 
3-5  | 59    | 0.4175   | 0.3926   | 0.3926 
6+   | 276   | 0.3312   | 0.2990   | 0.3293 

Epoch 112: loss = 0.867913 phase = C val_loss = 1.247165 delta_mae_pts = 0.3659 recap_mae_pts = 0.3659 cat_mae_pts = 0.4620 total_mae_pts = 1.1183 vs_inertia_pts = 0.0479 vs_quad_pts = 0.2803 lr_base = 0.000039 lr_mult = 0.1250 lr_eff = 0.000030 mon_cov = 0.930 mon_score = 3.7229 progress = 113/120 epoch_sec = 90.6 avg_epoch_sec = 90.5 elapsed = 02:50:26 eta = 00:10:33
Epoch 112 memory(end): tensors=258, buffers=258, bytes=18.3MB
[curriculum] phase=C age=81 ramp=80 delta=0.3659 cov=0.930 best_global_delta=0.3469

Epoch 113: Phase C (A_end=10, B_end=32, C_ramp=80) Weights {"totalWeight":0.1,"recapWeight":0.04999999999999999,"deltaWeight":9.75,"categoryWeight":0.05,"quantileWeight":1.1,"consistencyWeight":0,"identityDropoutRate":0.513125}, Scales {"judgeBias":1,"corps":1}, SeqLen 15, ID_Drop 0.517, WFW 1.500 
Epoch 113 memory(start): tensors=258, buffers=258, bytes=18.3MB

History Bucket Diagnostics (Avg Abs Error per sample, normalized units):
Hist | Count | MAE_Pred | MAE_Base | PredDevFromBase
-----|-------|----------|----------|----------------
0    | 8     | 0.6514   | 3.7696   | 3.8587 
1    | 9     | 0.6908   | 0.9160   | 0.8702 
2    | 11    | 0.4995   | 0.5551   | 0.5651 
3-5  | 59    | 0.4172   | 0.3926   | 0.3960 
6+   | 276   | 0.3318   | 0.2990   | 0.3278 

Epoch 113: loss = 0.870227 phase = C val_loss = 1.249650 delta_mae_pts = 0.3667 recap_mae_pts = 0.3667 cat_mae_pts = 0.4656 total_mae_pts = 1.1256 vs_inertia_pts = 0.0470 vs_quad_pts = 0.2795 lr_base = 0.000037 lr_mult = 0.1250 lr_eff = 0.000030 mon_cov = 0.931 mon_score = 3.7323 progress = 114/120 epoch_sec = 94.1 avg_epoch_sec = 90.5 elapsed = 02:52:00 eta = 00:09:03
Epoch 113 memory(end): tensors=258, buffers=258, bytes=18.3MB
[curriculum] phase=C age=82 ramp=80 delta=0.3667 cov=0.931 best_global_delta=0.3469

Epoch 114: Phase C (A_end=10, B_end=32, C_ramp=80) Weights {"totalWeight":0.1,"recapWeight":0.04999999999999999,"deltaWeight":9.75,"categoryWeight":0.05,"quantileWeight":1.1,"consistencyWeight":0,"identityDropoutRate":0.50125}, Scales {"judgeBias":1,"corps":1}, SeqLen 15, ID_Drop 0.495, WFW 1.500 
Epoch 114 memory(start): tensors=258, buffers=258, bytes=18.3MB

History Bucket Diagnostics (Avg Abs Error per sample, normalized units):
Hist | Count | MAE_Pred | MAE_Base | PredDevFromBase
-----|-------|----------|----------|----------------
0    | 8     | 0.6554   | 3.7696   | 3.8356 
1    | 9     | 0.6886   | 0.9160   | 0.8542 
2    | 11    | 0.5005   | 0.5551   | 0.5685 
3-5  | 59    | 0.4149   | 0.3926   | 0.3978 
6+   | 276   | 0.3310   | 0.2990   | 0.3299 

Epoch 114: loss = 0.866592 phase = C val_loss = 1.247145 delta_mae_pts = 0.3658 recap_mae_pts = 0.3658 cat_mae_pts = 0.4582 total_mae_pts = 1.0998 vs_inertia_pts = 0.0479 vs_quad_pts = 0.2804 lr_base = 0.000035 lr_mult = 0.1250 lr_eff = 0.000030 mon_cov = 0.930 mon_score = 3.7205 progress = 115/120 epoch_sec = 93.6 avg_epoch_sec = 90.6 elapsed = 02:53:34 eta = 00:07:33
Epoch 114 memory(end): tensors=258, buffers=258, bytes=18.3MB
[curriculum] phase=C age=83 ramp=80 delta=0.3658 cov=0.930 best_global_delta=0.3469

Epoch 115: Phase C (A_end=10, B_end=32, C_ramp=80) Weights {"totalWeight":0.1,"recapWeight":0.04999999999999999,"deltaWeight":9.75,"categoryWeight":0.05,"quantileWeight":1.1,"consistencyWeight":0,"identityDropoutRate":0.489375}, Scales {"judgeBias":1,"corps":1}, SeqLen 15, ID_Drop 0.496, WFW 1.500 
Epoch 115 memory(start): tensors=258, buffers=258, bytes=18.3MB

History Bucket Diagnostics (Avg Abs Error per sample, normalized units):
Hist | Count | MAE_Pred | MAE_Base | PredDevFromBase
-----|-------|----------|----------|----------------
0    | 8     | 0.6657   | 3.7696   | 3.8305 
1    | 9     | 0.6931   | 0.9160   | 0.8507 
2    | 11    | 0.4950   | 0.5551   | 0.5577 
3-5  | 59    | 0.4208   | 0.3926   | 0.3989 
6+   | 276   | 0.3306   | 0.2990   | 0.3288 

Epoch 115: loss = 0.866133 phase = C val_loss = 1.249831 delta_mae_pts = 0.3666 recap_mae_pts = 0.3666 cat_mae_pts = 0.4644 total_mae_pts = 1.1220 vs_inertia_pts = 0.0471 vs_quad_pts = 0.2796 lr_base = 0.000034 lr_mult = 0.1250 lr_eff = 0.000030 mon_cov = 0.928 mon_score = 3.7304 progress = 116/120 epoch_sec = 92.0 avg_epoch_sec = 90.6 elapsed = 02:55:06 eta = 00:06:02
Epoch 115 memory(end): tensors=258, buffers=258, bytes=18.3MB
[curriculum] phase=C age=84 ramp=80 delta=0.3666 cov=0.928 best_global_delta=0.3469

Epoch 116: Phase C (A_end=10, B_end=32, C_ramp=80) Weights {"totalWeight":0.1,"recapWeight":0.04999999999999999,"deltaWeight":9.75,"categoryWeight":0.05,"quantileWeight":1.1,"consistencyWeight":0,"identityDropoutRate":0.47750000000000004}, Scales {"judgeBias":1,"corps":1}, SeqLen 15, ID_Drop 0.483, WFW 1.500 
Epoch 116 memory(start): tensors=258, buffers=258, bytes=18.3MB

History Bucket Diagnostics (Avg Abs Error per sample, normalized units):
Hist | Count | MAE_Pred | MAE_Base | PredDevFromBase
-----|-------|----------|----------|----------------
0    | 8     | 0.6692   | 3.7696   | 3.8328 
1    | 9     | 0.6802   | 0.9160   | 0.8314 
2    | 11    | 0.4930   | 0.5551   | 0.5482 
3-5  | 59    | 0.4209   | 0.3926   | 0.3980 
6+   | 276   | 0.3347   | 0.2990   | 0.3288 

Epoch 116: loss = 0.851414 phase = C val_loss = 1.258605 delta_mae_pts = 0.3695 recap_mae_pts = 0.3695 cat_mae_pts = 0.4659 total_mae_pts = 1.1326 vs_inertia_pts = 0.0442 vs_quad_pts = 0.2767 lr_base = 0.000032 lr_mult = 0.1250 lr_eff = 0.000030 mon_cov = 0.929 mon_score = 3.7599 progress = 117/120 epoch_sec = 91.5 avg_epoch_sec = 90.6 elapsed = 02:56:37 eta = 00:04:32
Epoch 116 memory(end): tensors=258, buffers=258, bytes=18.3MB
[curriculum] phase=C age=85 ramp=80 delta=0.3695 cov=0.929 best_global_delta=0.3469

Epoch 117: Phase C (A_end=10, B_end=32, C_ramp=80) Weights {"totalWeight":0.1,"recapWeight":0.04999999999999999,"deltaWeight":9.75,"categoryWeight":0.05,"quantileWeight":1.1,"consistencyWeight":0,"identityDropoutRate":0.46562500000000007}, Scales {"judgeBias":1,"corps":1}, SeqLen 15, ID_Drop 0.465, WFW 1.500 
Epoch 117 memory(start): tensors=258, buffers=258, bytes=18.3MB

History Bucket Diagnostics (Avg Abs Error per sample, normalized units):
Hist | Count | MAE_Pred | MAE_Base | PredDevFromBase
-----|-------|----------|----------|----------------
0    | 8     | 0.6489   | 3.7696   | 3.8167 
1    | 9     | 0.6794   | 0.9160   | 0.8334 
2    | 11    | 0.4756   | 0.5551   | 0.5387 
3-5  | 59    | 0.4227   | 0.3926   | 0.3932 
6+   | 276   | 0.3349   | 0.2990   | 0.3291 

Epoch 117: loss = 0.862882 phase = C val_loss = 1.257492 delta_mae_pts = 0.3689 recap_mae_pts = 0.3689 cat_mae_pts = 0.4641 total_mae_pts = 1.1320 vs_inertia_pts = 0.0448 vs_quad_pts = 0.2773 lr_base = 0.000031 lr_mult = 0.1250 lr_eff = 0.000030 mon_cov = 0.924 mon_score = 3.7536 progress = 118/120 epoch_sec = 93.0 avg_epoch_sec = 90.6 elapsed = 02:58:10 eta = 00:03:01
Epoch 117 memory(end): tensors=258, buffers=258, bytes=18.3MB
[curriculum] phase=C age=86 ramp=80 delta=0.3689 cov=0.924 best_global_delta=0.3469

Epoch 118: Phase C (A_end=10, B_end=32, C_ramp=80) Weights {"totalWeight":0.1,"recapWeight":0.04999999999999999,"deltaWeight":9.75,"categoryWeight":0.05,"quantileWeight":1.1,"consistencyWeight":0,"identityDropoutRate":0.4537500000000001}, Scales {"judgeBias":1,"corps":1}, SeqLen 15, ID_Drop 0.455, WFW 1.500 
Epoch 118 memory(start): tensors=258, buffers=258, bytes=18.3MB

History Bucket Diagnostics (Avg Abs Error per sample, normalized units):
Hist | Count | MAE_Pred | MAE_Base | PredDevFromBase
-----|-------|----------|----------|----------------
0    | 8     | 0.6403   | 3.7696   | 3.8217 
1    | 9     | 0.6828   | 0.9160   | 0.8502 
2    | 11    | 0.4811   | 0.5551   | 0.5511 
3-5  | 59    | 0.4233   | 0.3926   | 0.3943 
6+   | 276   | 0.3372   | 0.2990   | 0.3282 

Epoch 118: loss = 0.863608 phase = C val_loss = 1.263159 delta_mae_pts = 0.3708 recap_mae_pts = 0.3708 cat_mae_pts = 0.4672 total_mae_pts = 1.1270 vs_inertia_pts = 0.0429 vs_quad_pts = 0.2754 lr_base = 0.000031 lr_mult = 0.1250 lr_eff = 0.000030 mon_cov = 0.923 mon_score = 3.7719 progress = 119/120 epoch_sec = 93.0 avg_epoch_sec = 90.6 elapsed = 02:59:43 eta = 00:01:31
Epoch 118 memory(end): tensors=258, buffers=258, bytes=18.3MB
[curriculum] phase=C age=87 ramp=80 delta=0.3708 cov=0.923 best_global_delta=0.3469

Epoch 119: Phase C (A_end=10, B_end=32, C_ramp=80) Weights {"totalWeight":0.1,"recapWeight":0.04999999999999999,"deltaWeight":9.75,"categoryWeight":0.05,"quantileWeight":1.1,"consistencyWeight":0,"identityDropoutRate":0.441875}, Scales {"judgeBias":1,"corps":1}, SeqLen 15, ID_Drop 0.438, WFW 1.500 
Epoch 119 memory(start): tensors=258, buffers=258, bytes=18.3MB

History Bucket Diagnostics (Avg Abs Error per sample, normalized units):
Hist | Count | MAE_Pred | MAE_Base | PredDevFromBase
-----|-------|----------|----------|----------------
0    | 8     | 0.6435   | 3.7696   | 3.8410 
1    | 9     | 0.6816   | 0.9160   | 0.8493 
2    | 11    | 0.4934   | 0.5551   | 0.5610 
3-5  | 59    | 0.4231   | 0.3926   | 0.4018 
6+   | 276   | 0.3356   | 0.2990   | 0.3346 

Epoch 119: loss = 0.855944 phase = C val_loss = 1.260836 delta_mae_pts = 0.3699 recap_mae_pts = 0.3699 cat_mae_pts = 0.4688 total_mae_pts = 1.1297 vs_inertia_pts = 0.0438 vs_quad_pts = 0.2762 lr_base = 0.000030 lr_mult = 0.1250 lr_eff = 0.000030 mon_cov = 0.922 mon_score = 3.7638 progress = 120/120 epoch_sec = 91.5 avg_epoch_sec = 90.6 elapsed = 03:01:15 eta = 00:00:00
Epoch 119 memory(end): tensors=258, buffers=258, bytes=18.3MB
[curriculum] phase=C age=88 ramp=80 delta=0.3699 cov=0.922 best_global_delta=0.3469
Selecting final weights: best-delta-checkpoint (delta_mae_pts = 0.3469)
Saving final production model to models\v9_subcaption_fixed\v9fix_datefwd_calib_auto_cov4_1779499112845...

--- EVALUATION: validation (363 rows) ---
validation: delta_mae_pts=0.3680, recap_mae_pts=0.3680, total_mae_pts=1.0837, coverage=0.956, width=2.0102

--- EVALUATION: test_all (52 rows) ---
test_all: delta_mae_pts=0.3052, recap_mae_pts=0.3052, total_mae_pts=0.6138, coverage=0.981, width=1.8578

--- EVALUATION: test_world_class (33 rows) ---
test_world_class: delta_mae_pts=0.2904, recap_mae_pts=0.2904, total_mae_pts=0.7009, coverage=0.977, width=1.8093

--- EVALUATION: test_open_class (19 rows) ---
test_open_class: delta_mae_pts=0.3320, recap_mae_pts=0.3320, total_mae_pts=0.4653, coverage=0.987, width=1.9423

--- EVALUATION: test_championship_week (47 rows) ---
test_championship_week: delta_mae_pts=0.3010, recap_mae_pts=0.3010, total_mae_pts=0.5746, coverage=0.979, width=1.8424
Production training complete.
