2026-05-23 00:20:34.756811: I tensorflow/core/platform/cpu_feature_guard.cc:193] This TensorFlow binary is optimized with oneAPI Deep Neural Network Library (oneDNN) to use the following CPU instructions in performance-critical operations:  AVX2
To enable them in other operations, rebuild TensorFlow with the appropriate compiler flags.
Console log file: models\v9_subcaption_fixed\v9fix_datefwd_calib_auto_w1p0_cov4_1779510034812\training.log
coverage-sharpness=4 is aggressive; if training gets unstable, retry with --coverage-sharpness 3.0
Loading V9 sequence data...
Validation split (date-forward) grouped by show/date: 6906 train rows, 363 validation rows.
Saved normalization stats to ./results/v9-subcaption-target-norm.json

AUDIT SUCCESS: Leakage prevention verified for caption blocks
V10 Splits -> Train: 6906, Val: 363, Test: 52 
Baselines(monitoring forecast MAE): zero = 16.4356, mean = 2.0004, ema = 1.1564, quad = 0.6462
Orthogonal initializer is being called on a matrix with more than 2000 (65536) elements: Slowness may result.
Orthogonal initializer is being called on a matrix with more than 2000 (65536) elements: Slowness may result.
Orthogonal initializer is being called on a matrix with more than 2000 (16384) elements: Slowness may result.
Orthogonal initializer is being called on a matrix with more than 2000 (16384) elements: Slowness may result.
___________________________________________________________________________________________________________________
Layer (type)               Input Shape                 Output shape             Param #     Receives inputs        
===================================================================================================================
sequence (InputLayer)      [[null,15,101]]             [null,15,101]            0                                  
___________________________________________________________________________________________________________________
bidirectional_Bidirectiona [[null,15,101]]             [null,15,256]            235520      sequence[0][0]         
___________________________________________________________________________________________________________________
layer_normalization_LayerN [[null,15,256]]             [null,15,256]            512         bidirectional_Bidirecti
___________________________________________________________________________________________________________________
bidirectional_Bidirectiona [[null,15,256]]             [null,15,128]            164352      layer_normalization_Lay
___________________________________________________________________________________________________________________
layer_normalization_LayerN [[null,15,128]]             [null,15,128]            256         bidirectional_Bidirecti
___________________________________________________________________________________________________________________
dense_Dense1 (Dense)       [[null,15,128]]             [null,15,1]              129         layer_normalization_Lay
___________________________________________________________________________________________________________________
reshape_Reshape1 (Reshape) [[null,15,1]]               [null,15]                0           dense_Dense1[0][0]     
___________________________________________________________________________________________________________________
mask (InputLayer)          [[null,15]]                 [null,15]                0                                  
___________________________________________________________________________________________________________________
masked_softmax_MaskedSoftm [[null,15],[null,15]]       [null,15]                0           reshape_Reshape1[0][0] 
                                                                                            mask[0][0]             
___________________________________________________________________________________________________________________
judge_ids (InputLayer)     [[null,8]]                  [null,8]                 0                                  
___________________________________________________________________________________________________________________
agnostic_show_id (InputLay [[null,1]]                  [null,1]                 0                                  
___________________________________________________________________________________________________________________
reshape_Reshape2 (Reshape) [[null,15]]                 [null,15,1]              0           masked_softmax_MaskedSo
___________________________________________________________________________________________________________________
judge_embedding (Embedding [[null,8]]                  [null,8,24]              5880        judge_ids[0][0]        
___________________________________________________________________________________________________________________
agnostic_show_embedding (E [[null,1]]                  [null,1,12]              4188        agnostic_show_id[0][0] 
___________________________________________________________________________________________________________________
attention_pool (AttentionP [[null,15,1],[null,15,128]] [null,128]               0           reshape_Reshape2[0][0] 
                                                                                            layer_normalization_Lay
___________________________________________________________________________________________________________________
static (InputLayer)        [[null,177]]                [null,177]               0                                  
___________________________________________________________________________________________________________________
flatten_Flatten1 (Flatten) [[null,8,24]]               [null,192]               0           judge_embedding[0][0]  
___________________________________________________________________________________________________________________
baseline_recap (InputLayer [[null,8]]                  [null,8]                 0                                  
___________________________________________________________________________________________________________________
last_step (LastStepLayer)  [[null,15,101]]             [null,101]               0           sequence[0][0]         
___________________________________________________________________________________________________________________
flatten_Flatten3 (Flatten) [[null,1,12]]               [null,12]                0           agnostic_show_embedding
___________________________________________________________________________________________________________________
concatenate_Concatenate1 ( [[null,128],[null,177],[nul [null,618]               0           attention_pool[0][0]   
                                                                                            static[0][0]           
                                                                                            flatten_Flatten1[0][0] 
                                                                                            baseline_recap[0][0]   
                                                                                            last_step[0][0]        
                                                                                            flatten_Flatten3[0][0] 
___________________________________________________________________________________________________________________
dense_Dense2 (Dense)       [[null,618]]                [null,512]               316928      concatenate_Concatenate
___________________________________________________________________________________________________________________
dropout_Dropout1 (Dropout) [[null,512]]                [null,512]               0           dense_Dense2[0][0]     
___________________________________________________________________________________________________________________
dense_Dense3 (Dense)       [[null,512]]                [null,256]               131328      dropout_Dropout1[0][0] 
___________________________________________________________________________________________________________________
dropout_Dropout2 (Dropout) [[null,256]]                [null,256]               0           dense_Dense3[0][0]     
___________________________________________________________________________________________________________________
strength (Dense)           [[null,128]]                [null,24]                3096        attention_pool[0][0]   
___________________________________________________________________________________________________________________
corps_id (InputLayer)      [[null,1]]                  [null,1]                 0                                  
___________________________________________________________________________________________________________________
concatenate_Concatenate2 ( [[null,256],[null,177],[nul [null,457]               0           dropout_Dropout2[0][0] 
                                                                                            static[0][0]           
                                                                                            strength[0][0]         
___________________________________________________________________________________________________________________
corps_embedding (Embedding [[null,1]]                  [null,1,20]              14180       corps_id[0][0]         
___________________________________________________________________________________________________________________
accuracy_trunk (Dense)     [[null,457]]                [null,128]               58624       concatenate_Concatenate
___________________________________________________________________________________________________________________
flatten_Flatten2 (Flatten) [[null,1,20]]               [null,20]                0           corps_embedding[0][0]  
___________________________________________________________________________________________________________________
dropout_Dropout3 (Dropout) [[null,128]]                [null,128]               0           accuracy_trunk[0][0]   
___________________________________________________________________________________________________________________
judge_bias_raw (Dense)     [[null,192]]                [null,8]                 1544        flatten_Flatten1[0][0] 
___________________________________________________________________________________________________________________
judge_bias_scale (InputLay [[null,1]]                  [null,1]                 0                                  
___________________________________________________________________________________________________________________
corps_corr_raw (Dense)     [[null,20]]                 [null,8]                 168         flatten_Flatten2[0][0] 
___________________________________________________________________________________________________________________
corps_scale (InputLayer)   [[null,1]]                  [null,1]                 0                                  
___________________________________________________________________________________________________________________
history_len (InputLayer)   [[null,1]]                  [null,1]                 0                                  
___________________________________________________________________________________________________________________
delta_q50_base (Dense)     [[null,128]]                [null,8]                 1032        dropout_Dropout3[0][0] 
___________________________________________________________________________________________________________________
judge_bias_gated (LambdaSc [[null,8],[null,1]]         [null,8]                 0           judge_bias_raw[0][0]   
                                                                                            judge_bias_scale[0][0] 
___________________________________________________________________________________________________________________
corps_corr_gated (LambdaSc [[null,8],[null,1]]         [null,8]                 0           corps_corr_raw[0][0]   
                                                                                            corps_scale[0][0]      
___________________________________________________________________________________________________________________
width_concat (Concatenate) [[null,457],[null,192],[nul [null,650]               0           concatenate_Concatenate
                                                                                            flatten_Flatten1[0][0] 
                                                                                            history_len[0][0]      
___________________________________________________________________________________________________________________
delta_q50 (Add)            [[null,8],[null,8],[null,8] [null,8]                 0           delta_q50_base[0][0]   
                                                                                            judge_bias_gated[0][0] 
                                                                                            corps_corr_gated[0][0] 
___________________________________________________________________________________________________________________
q10_width_raw (Dense)      [[null,650]]                [null,8]                 5208        width_concat[0][0]     
___________________________________________________________________________________________________________________
q10_width (Activation)     [[null,8]]                  [null,8]                 0           q10_width_raw[0][0]    
___________________________________________________________________________________________________________________
q90_width_raw (Dense)      [[null,650]]                [null,8]                 5208        width_concat[0][0]     
___________________________________________________________________________________________________________________
recap_head (RecapLayer)    [[null,8],[null,8]]         [null,8]                 0           delta_q50[0][0]        
                                                                                            baseline_recap[0][0]   
___________________________________________________________________________________________________________________
q10_width_neg (NegationLay [[null,8]]                  [null,8]                 0           q10_width[0][0]        
___________________________________________________________________________________________________________________
q90_width (Activation)     [[null,8]]                  [null,8]                 0           q90_width_raw[0][0]    
___________________________________________________________________________________________________________________
category_head (CategoryLay [[null,8]]                  [null,3]                 0           recap_head[0][0]       
___________________________________________________________________________________________________________________
q10_delta (Add)            [[null,8],[null,8]]         [null,8]                 0           delta_q50[0][0]        
                                                                                            q10_width_neg[0][0]    
___________________________________________________________________________________________________________________
q90_delta (Add)            [[null,8],[null,8]]         [null,8]                 0           delta_q50[0][0]        
                                                                                            q90_width[0][0]        
___________________________________________________________________________________________________________________
total_head (TotalLayer)    [[null,3]]                  [null,1]                 0           category_head[0][0]    
___________________________________________________________________________________________________________________
output (Concatenate)       [[null,8],[null,8],[null,8] [null,36]                0           q10_delta[0][0]        
                                                                                            delta_q50[0][0]        
                                                                                            q90_delta[0][0]        
                                                                                            recap_head[0][0]       
                                                                                            category_head[0][0]    
                                                                                            total_head[0][0]       
===================================================================================================================
Total params: 948153
Trainable params: 948153
Non-trainable params: 0
___________________________________________________________________________________________________________________

--- DERIVATION EXACTNESS CHECK ---
MaskedSoftmax shapes: [ 1, 15 ] [ 1, 15 ] [ 1, 15 ] [ 1, 15 ]
Recap Points: [
  '14.98', '14.94',
  '15.06', '14.90',
  '14.84', '15.09',
  '15.13', '15.03'
]
GE: Derived = 29.92, Expected = 29.92 
Visual: Derived = 22.40, Expected = 22.40 
Music: Derived = 22.62, Expected = 22.62 
Total: Derived = 74.95, Expected = 74.95 
DERIVATION CHECK SUCCESS

--- SCALE SANITY TEST ---
Sample Row Total: 71.15 (expecting DCI scale, not sum - of - 8)
Sum - of - 8: 113.60 
SCALE SANITY SUCCESS: target total is on DCI scale.


=== V9-IMPROVED: Enhanced Model for 0.2 MAE Target ===
Hyperparameters: lstm1=128, lstm2=64, dropout=0.2, lr=0.00075, batch=128, width_floor_pts=0.5, width_target_pts=2.5, width_penalty=0.5, coverage_target=0.8-0.85, over_coverage_weight=2, width_floor_schedule=0.1->1.5, baseline_dropout=0.1, baseline_noise_std=0.25
Curriculum: phaseAEnd=10, phaseBEnd=40, phaseCRamp=80, judgeScaleRamp=40, corpsScaleStart=25, corpsScaleRamp=35, auto=true, autoPatience=6, autoMinCoverage=0.9, autoMinDeltaGain=0.002
Model Capacity: 256→128 BiLSTM, Dense 512→256, AccuracyTrunk 128, Judge Emb 24, Corps Emb 20, Show Emb 12
Cached 363 validation samples(seqLen = 15, identityDropout = 0.0)

Epoch 0: Phase A (A_end=10, B_end=40, C_ramp=80) Weights {"totalWeight":0.05,"recapWeight":1,"deltaWeight":0.2,"categoryWeight":0.05,"quantileWeight":0.02,"consistencyWeight":0,"identityDropoutRate":0.95}, Scales {"judgeBias":0,"corps":0}, SeqLen 5, ID_Drop 0.948, WFW 0.100 
Epoch 0 memory(start): tensors=102, buffers=102, bytes=3.6MB

History Bucket Diagnostics (Avg Abs Error per sample, normalized units):
Hist | Count | MAE_Pred | MAE_Base | PredDevFromBase
-----|-------|----------|----------|----------------
0    | 8     | 3.8202   | 3.7696   | 0.4852 
1    | 9     | 1.3192   | 0.9160   | 0.6229 
2    | 11    | 0.7804   | 0.5551   | 0.6541 
3-5  | 59    | 0.6105   | 0.3926   | 0.5454 
6+   | 276   | 0.5359   | 0.2990   | 0.4745 

Epoch 0: loss = 0.731268 phase = A val_loss = 0.383663 delta_mae_pts = 0.6472 recap_mae_pts = 0.6472 cat_mae_pts = 0.7454 total_mae_pts = 1.7073 vs_inertia_pts = -0.2335 vs_quad_pts = -0.0010 lr_base = 0.000075 lr_mult = 1.0000 lr_eff = 0.000075 mon_cov = 0.311 mon_score = 2.3545 progress = 1/120 epoch_sec = 91.9 avg_epoch_sec = 91.9 elapsed = 00:01:32 eta = 03:02:16
Epoch 0 memory(end): tensors=180, buffers=180, bytes=11.1MB

-- - CAPTION STATS(Epoch 0)-- - 
GE1: delta_pts = 0.5268, recap_pts = 0.5268, cov = 0.556, width = 1.3031 
GE2: delta_pts = 0.5613, recap_pts = 0.5613, cov = 0.303, width = 0.5173 
VP: delta_pts = 0.6774, recap_pts = 0.6774, cov = 0.069, width = 0.1278 
VA: delta_pts = 0.6583, recap_pts = 0.6583, cov = 0.441, width = 0.8112 
CG: delta_pts = 0.6781, recap_pts = 0.6781, cov = 0.259, width = 0.5032 
MB: delta_pts = 0.6506, recap_pts = 0.6506, cov = 0.314, width = 0.8240 
MA: delta_pts = 0.6185, recap_pts = 0.6185, cov = 0.311, width = 0.4627 
MP: delta_pts = 0.8068, recap_pts = 0.8068, cov = 0.234, width = 0.5379 
----------------------------------

Saved BEST-DELTA checkpoint @epoch 0 delta_mae_pts = 0.6472 monitor_score = 2.3545 -> models\v9_subcaption_fixed\v9fix_datefwd_calib_auto_w1p0_cov4_1779510034812\best 
Saved BEST-LOSS checkpoint @epoch 0 val_loss = 0.383663 delta_mae_pts = 0.6472 -> models\v9_subcaption_fixed\v9fix_datefwd_calib_auto_w1p0_cov4_1779510034812\best_loss 
Saved BEST-PHASE-A checkpoint @epoch 0 delta_mae_pts = 0.6472 -> models\v9_subcaption_fixed\v9fix_datefwd_calib_auto_w1p0_cov4_1779510034812\best_phase_a 
[curriculum] phase=A age=1/10 delta=0.6472 phase_best=0.6472 stall=0/6 cov=0.311/0.900 min=wait cov_gate=wait next=hold

Epoch 1: Phase A (A_end=10, B_end=40, C_ramp=80) Weights {"totalWeight":0.05,"recapWeight":1,"deltaWeight":0.2,"categoryWeight":0.05,"quantileWeight":0.02,"consistencyWeight":0,"identityDropoutRate":0.95}, Scales {"judgeBias":0.025,"corps":0}, SeqLen 5, ID_Drop 0.951, WFW 0.100 
Epoch 1 memory(start): tensors=258, buffers=180, bytes=18.3MB

History Bucket Diagnostics (Avg Abs Error per sample, normalized units):
Hist | Count | MAE_Pred | MAE_Base | PredDevFromBase
-----|-------|----------|----------|----------------
0    | 8     | 3.4979   | 3.7696   | 0.7586 
1    | 9     | 1.0125   | 0.9160   | 0.4774 
2    | 11    | 0.6278   | 0.5551   | 0.4585 
3-5  | 59    | 0.5216   | 0.3926   | 0.3900 
6+   | 276   | 0.4671   | 0.2990   | 0.3497 

Epoch 1: loss = 0.562985 phase = A val_loss = 0.316803 delta_mae_pts = 0.5611 recap_mae_pts = 0.5611 cat_mae_pts = 0.6914 total_mae_pts = 1.7616 vs_inertia_pts = -0.1474 vs_quad_pts = 0.0851 lr_base = 0.000150 lr_mult = 1.0000 lr_eff = 0.000150 mon_cov = 0.700 mon_score = 2.3228 progress = 2/120 epoch_sec = 92.6 avg_epoch_sec = 92.3 elapsed = 00:03:05 eta = 03:01:26
Epoch 1 memory(end): tensors=258, buffers=219, bytes=18.3MB
Saved BEST-DELTA checkpoint @epoch 1 delta_mae_pts = 0.5611 monitor_score = 2.3228 -> models\v9_subcaption_fixed\v9fix_datefwd_calib_auto_w1p0_cov4_1779510034812\best 
Saved BEST-LOSS checkpoint @epoch 1 val_loss = 0.316803 delta_mae_pts = 0.5611 -> models\v9_subcaption_fixed\v9fix_datefwd_calib_auto_w1p0_cov4_1779510034812\best_loss 
Saved BEST-PHASE-A checkpoint @epoch 1 delta_mae_pts = 0.5611 -> models\v9_subcaption_fixed\v9fix_datefwd_calib_auto_w1p0_cov4_1779510034812\best_phase_a 
[curriculum] phase=A age=2/10 delta=0.5611 phase_best=0.5611 stall=0/6 cov=0.700/0.900 min=wait cov_gate=wait next=hold

Epoch 2: Phase A (A_end=10, B_end=40, C_ramp=80) Weights {"totalWeight":0.05,"recapWeight":1,"deltaWeight":0.2,"categoryWeight":0.05,"quantileWeight":0.02,"consistencyWeight":0,"identityDropoutRate":0.95}, Scales {"judgeBias":0.05,"corps":0}, SeqLen 5, ID_Drop 0.951, WFW 0.100 
Epoch 2 memory(start): tensors=258, buffers=180, bytes=18.3MB

History Bucket Diagnostics (Avg Abs Error per sample, normalized units):
Hist | Count | MAE_Pred | MAE_Base | PredDevFromBase
-----|-------|----------|----------|----------------
0    | 8     | 2.5953   | 3.7696   | 1.6207 
1    | 9     | 0.9092   | 0.9160   | 0.5804 
2    | 11    | 0.6026   | 0.5551   | 0.5082 
3-5  | 59    | 0.4929   | 0.3926   | 0.4266 
6+   | 276   | 0.4412   | 0.2990   | 0.3455 

Epoch 2: loss = 0.391000 phase = A val_loss = 0.220210 delta_mae_pts = 0.5136 recap_mae_pts = 0.5136 cat_mae_pts = 0.5756 total_mae_pts = 1.3596 vs_inertia_pts = -0.0999 vs_quad_pts = 0.1326 lr_base = 0.000225 lr_mult = 1.0000 lr_eff = 0.000225 mon_cov = 0.757 mon_score = 1.8732 progress = 3/120 epoch_sec = 91.9 avg_epoch_sec = 92.1 elapsed = 00:04:36 eta = 02:59:38
Epoch 2 memory(end): tensors=258, buffers=219, bytes=18.3MB
Saved BEST-DELTA checkpoint @epoch 2 delta_mae_pts = 0.5136 monitor_score = 1.8732 -> models\v9_subcaption_fixed\v9fix_datefwd_calib_auto_w1p0_cov4_1779510034812\best 
Saved BEST-LOSS checkpoint @epoch 2 val_loss = 0.220210 delta_mae_pts = 0.5136 -> models\v9_subcaption_fixed\v9fix_datefwd_calib_auto_w1p0_cov4_1779510034812\best_loss 
Saved BEST-PHASE-A checkpoint @epoch 2 delta_mae_pts = 0.5136 -> models\v9_subcaption_fixed\v9fix_datefwd_calib_auto_w1p0_cov4_1779510034812\best_phase_a 
[curriculum] phase=A age=3/10 delta=0.5136 phase_best=0.5136 stall=0/6 cov=0.757/0.900 min=wait cov_gate=wait next=hold

Epoch 3: Phase A (A_end=10, B_end=40, C_ramp=80) Weights {"totalWeight":0.05,"recapWeight":1,"deltaWeight":0.2,"categoryWeight":0.05,"quantileWeight":0.02,"consistencyWeight":0,"identityDropoutRate":0.95}, Scales {"judgeBias":0.075,"corps":0}, SeqLen 5, ID_Drop 0.952, WFW 0.100 
Epoch 3 memory(start): tensors=258, buffers=180, bytes=18.3MB

History Bucket Diagnostics (Avg Abs Error per sample, normalized units):
Hist | Count | MAE_Pred | MAE_Base | PredDevFromBase
-----|-------|----------|----------|----------------
0    | 8     | 1.1539   | 3.7696   | 3.0072 
1    | 9     | 1.0177   | 0.9160   | 0.4514 
2    | 11    | 0.8419   | 0.5551   | 0.5194 
3-5  | 59    | 0.7010   | 0.3926   | 0.4596 
6+   | 276   | 0.5602   | 0.2990   | 0.4148 

Epoch 3: loss = 0.269315 phase = A val_loss = 0.201838 delta_mae_pts = 0.6160 recap_mae_pts = 0.6160 cat_mae_pts = 0.8117 total_mae_pts = 2.1647 vs_inertia_pts = -0.2023 vs_quad_pts = 0.0301 lr_base = 0.000300 lr_mult = 1.0000 lr_eff = 0.000300 mon_cov = 0.691 mon_score = 2.7807 progress = 4/120 epoch_sec = 92.1 avg_epoch_sec = 92.1 elapsed = 00:06:09 eta = 02:58:07
Epoch 3 memory(end): tensors=258, buffers=219, bytes=18.3MB
Saved BEST-LOSS checkpoint @epoch 3 val_loss = 0.201838 delta_mae_pts = 0.6160 -> models\v9_subcaption_fixed\v9fix_datefwd_calib_auto_w1p0_cov4_1779510034812\best_loss 
[curriculum] phase=A age=4/10 delta=0.6160 phase_best=0.5136 stall=1/6 cov=0.691/0.900 min=wait cov_gate=wait next=hold

Epoch 4: Phase A (A_end=10, B_end=40, C_ramp=80) Weights {"totalWeight":0.05,"recapWeight":1,"deltaWeight":0.2,"categoryWeight":0.05,"quantileWeight":0.02,"consistencyWeight":0,"identityDropoutRate":0.95}, Scales {"judgeBias":0.1,"corps":0}, SeqLen 5, ID_Drop 0.949, WFW 0.100 
Epoch 4 memory(start): tensors=258, buffers=219, bytes=18.3MB

History Bucket Diagnostics (Avg Abs Error per sample, normalized units):
Hist | Count | MAE_Pred | MAE_Base | PredDevFromBase
-----|-------|----------|----------|----------------
0    | 8     | 0.9289   | 3.7696   | 3.8183 
1    | 9     | 0.9738   | 0.9160   | 0.3919 
2    | 11    | 0.7544   | 0.5551   | 0.4919 
3-5  | 59    | 0.5758   | 0.3926   | 0.4256 
6+   | 276   | 0.4783   | 0.2990   | 0.3822 

Epoch 4: loss = 0.225877 phase = A val_loss = 0.168680 delta_mae_pts = 0.5248 recap_mae_pts = 0.5248 cat_mae_pts = 0.7048 total_mae_pts = 1.7212 vs_inertia_pts = -0.1110 vs_quad_pts = 0.1214 lr_base = 0.000375 lr_mult = 1.0000 lr_eff = 0.000375 mon_cov = 0.825 mon_score = 2.2460 progress = 5/120 epoch_sec = 92.2 avg_epoch_sec = 92.1 elapsed = 00:07:41 eta = 02:56:37
Epoch 4 memory(end): tensors=258, buffers=258, bytes=18.3MB
Saved BEST-LOSS checkpoint @epoch 4 val_loss = 0.168680 delta_mae_pts = 0.5248 -> models\v9_subcaption_fixed\v9fix_datefwd_calib_auto_w1p0_cov4_1779510034812\best_loss 
[curriculum] phase=A age=5/10 delta=0.5248 phase_best=0.5136 stall=2/6 cov=0.825/0.900 min=wait cov_gate=wait next=hold

Epoch 5: Phase A (A_end=10, B_end=40, C_ramp=80) Weights {"totalWeight":0.05,"recapWeight":1,"deltaWeight":0.2,"categoryWeight":0.05,"quantileWeight":0.02,"consistencyWeight":0,"identityDropoutRate":0.95}, Scales {"judgeBias":0.125,"corps":0}, SeqLen 5, ID_Drop 0.952, WFW 0.100 
Epoch 5 memory(start): tensors=258, buffers=219, bytes=18.3MB

History Bucket Diagnostics (Avg Abs Error per sample, normalized units):
Hist | Count | MAE_Pred | MAE_Base | PredDevFromBase
-----|-------|----------|----------|----------------
0    | 8     | 0.7196   | 3.7696   | 3.8376 
1    | 9     | 0.8125   | 0.9160   | 0.7888 
2    | 11    | 0.6578   | 0.5551   | 0.7121 
3-5  | 59    | 0.6298   | 0.3926   | 0.7261 
6+   | 276   | 0.5229   | 0.2990   | 0.5484 

Epoch 5: loss = 0.205735 phase = A val_loss = 0.167056 delta_mae_pts = 0.5558 recap_mae_pts = 0.5558 cat_mae_pts = 0.7995 total_mae_pts = 2.1665 vs_inertia_pts = -0.1421 vs_quad_pts = 0.0903 lr_base = 0.000450 lr_mult = 1.0000 lr_eff = 0.000450 mon_cov = 0.837 mon_score = 2.7223 progress = 6/120 epoch_sec = 92.7 avg_epoch_sec = 92.2 elapsed = 00:09:13 eta = 02:55:15
Epoch 5 memory(end): tensors=258, buffers=258, bytes=18.3MB
Saved BEST-LOSS checkpoint @epoch 5 val_loss = 0.167056 delta_mae_pts = 0.5558 -> models\v9_subcaption_fixed\v9fix_datefwd_calib_auto_w1p0_cov4_1779510034812\best_loss 
[curriculum] phase=A age=6/10 delta=0.5558 phase_best=0.5136 stall=3/6 cov=0.837/0.900 min=ok cov_gate=wait next=hold

Epoch 6: Phase A (A_end=10, B_end=40, C_ramp=80) Weights {"totalWeight":0.05,"recapWeight":1,"deltaWeight":0.2,"categoryWeight":0.05,"quantileWeight":0.02,"consistencyWeight":0,"identityDropoutRate":0.95}, Scales {"judgeBias":0.15,"corps":0}, SeqLen 5, ID_Drop 0.949, WFW 0.100 
Epoch 6 memory(start): tensors=258, buffers=219, bytes=18.3MB

History Bucket Diagnostics (Avg Abs Error per sample, normalized units):
Hist | Count | MAE_Pred | MAE_Base | PredDevFromBase
-----|-------|----------|----------|----------------
0    | 8     | 1.1741   | 3.7696   | 4.2796 
1    | 9     | 0.7654   | 0.9160   | 0.5411 
2    | 11    | 0.6823   | 0.5551   | 0.4427 
3-5  | 59    | 0.5300   | 0.3926   | 0.4546 
6+   | 276   | 0.4435   | 0.2990   | 0.4065 

Epoch 6: loss = 0.194074 phase = A val_loss = 0.151445 delta_mae_pts = 0.4889 recap_mae_pts = 0.4889 cat_mae_pts = 0.6329 total_mae_pts = 1.6695 vs_inertia_pts = -0.0752 vs_quad_pts = 0.1573 lr_base = 0.000525 lr_mult = 1.0000 lr_eff = 0.000525 mon_cov = 0.831 mon_score = 2.1584 progress = 7/120 epoch_sec = 91.5 avg_epoch_sec = 92.1 elapsed = 00:10:45 eta = 02:53:30
Epoch 6 memory(end): tensors=258, buffers=258, bytes=18.3MB
Saved BEST-DELTA checkpoint @epoch 6 delta_mae_pts = 0.4889 monitor_score = 1.8732 -> models\v9_subcaption_fixed\v9fix_datefwd_calib_auto_w1p0_cov4_1779510034812\best 
Saved BEST-LOSS checkpoint @epoch 6 val_loss = 0.151445 delta_mae_pts = 0.4889 -> models\v9_subcaption_fixed\v9fix_datefwd_calib_auto_w1p0_cov4_1779510034812\best_loss 
Saved BEST-PHASE-A checkpoint @epoch 6 delta_mae_pts = 0.4889 -> models\v9_subcaption_fixed\v9fix_datefwd_calib_auto_w1p0_cov4_1779510034812\best_phase_a 
[curriculum] phase=A age=7/10 delta=0.4889 phase_best=0.4889 stall=0/6 cov=0.831/0.900 min=ok cov_gate=wait next=hold

Epoch 7: Phase A (A_end=10, B_end=40, C_ramp=80) Weights {"totalWeight":0.05,"recapWeight":1,"deltaWeight":0.2,"categoryWeight":0.05,"quantileWeight":0.02,"consistencyWeight":0,"identityDropoutRate":0.95}, Scales {"judgeBias":0.175,"corps":0}, SeqLen 5, ID_Drop 0.946, WFW 0.100 
Epoch 7 memory(start): tensors=258, buffers=180, bytes=18.3MB

History Bucket Diagnostics (Avg Abs Error per sample, normalized units):
Hist | Count | MAE_Pred | MAE_Base | PredDevFromBase
-----|-------|----------|----------|----------------
0    | 8     | 0.8361   | 3.7696   | 3.4847 
1    | 9     | 0.7381   | 0.9160   | 0.5359 
2    | 11    | 0.5946   | 0.5551   | 0.4679 
3-5  | 59    | 0.4842   | 0.3926   | 0.4739 
6+   | 276   | 0.4629   | 0.2990   | 0.4718 

Epoch 7: loss = 0.188082 phase = A val_loss = 0.145119 delta_mae_pts = 0.4854 recap_mae_pts = 0.4854 cat_mae_pts = 0.6823 total_mae_pts = 1.8149 vs_inertia_pts = -0.0716 vs_quad_pts = 0.1608 lr_base = 0.000600 lr_mult = 1.0000 lr_eff = 0.000600 mon_cov = 0.847 mon_score = 2.3003 progress = 8/120 epoch_sec = 92.1 avg_epoch_sec = 92.1 elapsed = 00:12:17 eta = 02:51:58
Epoch 7 memory(end): tensors=258, buffers=219, bytes=18.3MB
Saved BEST-DELTA checkpoint @epoch 7 delta_mae_pts = 0.4854 monitor_score = 1.8732 -> models\v9_subcaption_fixed\v9fix_datefwd_calib_auto_w1p0_cov4_1779510034812\best 
Saved BEST-LOSS checkpoint @epoch 7 val_loss = 0.145119 delta_mae_pts = 0.4854 -> models\v9_subcaption_fixed\v9fix_datefwd_calib_auto_w1p0_cov4_1779510034812\best_loss 
Saved BEST-PHASE-A checkpoint @epoch 7 delta_mae_pts = 0.4854 -> models\v9_subcaption_fixed\v9fix_datefwd_calib_auto_w1p0_cov4_1779510034812\best_phase_a 
[curriculum] phase=A age=8/10 delta=0.4854 phase_best=0.4854 stall=0/6 cov=0.847/0.900 min=ok cov_gate=wait next=hold

Epoch 8: Phase A (A_end=10, B_end=40, C_ramp=80) Weights {"totalWeight":0.05,"recapWeight":1,"deltaWeight":0.2,"categoryWeight":0.05,"quantileWeight":0.02,"consistencyWeight":0,"identityDropoutRate":0.95}, Scales {"judgeBias":0.2,"corps":0}, SeqLen 5, ID_Drop 0.951, WFW 0.100 
Epoch 8 memory(start): tensors=258, buffers=180, bytes=18.3MB

History Bucket Diagnostics (Avg Abs Error per sample, normalized units):
Hist | Count | MAE_Pred | MAE_Base | PredDevFromBase
-----|-------|----------|----------|----------------
0    | 8     | 1.0255   | 3.7696   | 4.1226 
1    | 9     | 0.9171   | 0.9160   | 0.6383 
2    | 11    | 0.6269   | 0.5551   | 0.5120 
3-5  | 59    | 0.5227   | 0.3926   | 0.4586 
6+   | 276   | 0.5150   | 0.2990   | 0.5130 

Epoch 8: loss = 0.181543 phase = A val_loss = 0.166361 delta_mae_pts = 0.5408 recap_mae_pts = 0.5408 cat_mae_pts = 0.7337 total_mae_pts = 1.9961 vs_inertia_pts = -0.1271 vs_quad_pts = 0.1053 lr_base = 0.000675 lr_mult = 1.0000 lr_eff = 0.000675 mon_cov = 0.830 mon_score = 2.5369 progress = 9/120 epoch_sec = 92.7 avg_epoch_sec = 92.2 elapsed = 00:13:50 eta = 02:50:33
Epoch 8 memory(end): tensors=258, buffers=219, bytes=18.3MB
[curriculum] phase=A age=9/10 delta=0.5408 phase_best=0.4854 stall=1/6 cov=0.830/0.900 min=ok cov_gate=wait next=hold

Epoch 9: Phase A (A_end=10, B_end=40, C_ramp=80) Weights {"totalWeight":0.05,"recapWeight":1,"deltaWeight":0.2,"categoryWeight":0.05,"quantileWeight":0.02,"consistencyWeight":0,"identityDropoutRate":0.95}, Scales {"judgeBias":0.225,"corps":0}, SeqLen 5, ID_Drop 0.950, WFW 0.100 
Epoch 9 memory(start): tensors=258, buffers=219, bytes=18.3MB

History Bucket Diagnostics (Avg Abs Error per sample, normalized units):
Hist | Count | MAE_Pred | MAE_Base | PredDevFromBase
-----|-------|----------|----------|----------------
0    | 8     | 0.7018   | 3.7696   | 4.1641 
1    | 9     | 0.8022   | 0.9160   | 1.0879 
2    | 11    | 0.5596   | 0.5551   | 0.6116 
3-5  | 59    | 0.4474   | 0.3926   | 0.4050 
6+   | 276   | 0.4072   | 0.2990   | 0.3153 

Epoch 9: loss = 0.179521 phase = A val_loss = 0.131172 delta_mae_pts = 0.4346 recap_mae_pts = 0.4346 cat_mae_pts = 0.5601 total_mae_pts = 1.3872 vs_inertia_pts = -0.0209 vs_quad_pts = 0.2115 lr_base = 0.000750 lr_mult = 1.0000 lr_eff = 0.000750 mon_cov = 0.901 mon_score = 1.8218 progress = 10/120 epoch_sec = 92.3 avg_epoch_sec = 92.2 elapsed = 00:15:22 eta = 02:49:02
Epoch 9 memory(end): tensors=258, buffers=219, bytes=18.3MB
Saved BEST-DELTA checkpoint @epoch 9 delta_mae_pts = 0.4346 monitor_score = 1.8218 -> models\v9_subcaption_fixed\v9fix_datefwd_calib_auto_w1p0_cov4_1779510034812\best 
Saved BEST-LOSS checkpoint @epoch 9 val_loss = 0.131172 delta_mae_pts = 0.4346 -> models\v9_subcaption_fixed\v9fix_datefwd_calib_auto_w1p0_cov4_1779510034812\best_loss 
Saved BEST-PHASE-A checkpoint @epoch 9 delta_mae_pts = 0.4346 -> models\v9_subcaption_fixed\v9fix_datefwd_calib_auto_w1p0_cov4_1779510034812\best_phase_a 
[curriculum] phase=A age=10/10 delta=0.4346 phase_best=0.4346 stall=0/6 cov=0.901/0.900 min=ok cov_gate=ok next=advance:max

--- AUTO CURRICULUM: A -> B at next epoch 10 (reason=max_epoch, delta=0.4346, coverage=0.901) ---

Epoch 10: Phase B (A_end=10, B_end=40, C_ramp=80) Weights {"totalWeight":0,"recapWeight":1,"deltaWeight":0.2,"categoryWeight":0.05,"quantileWeight":0.02,"consistencyWeight":0,"identityDropoutRate":0.95}, Scales {"judgeBias":0.25,"corps":0}, SeqLen 15, ID_Drop 0.948, WFW 0.100 
Epoch 10 memory(start): tensors=258, buffers=180, bytes=18.3MB

History Bucket Diagnostics (Avg Abs Error per sample, normalized units):
Hist | Count | MAE_Pred | MAE_Base | PredDevFromBase
-----|-------|----------|----------|----------------
0    | 8     | 1.0440   | 3.7696   | 4.2407 
1    | 9     | 0.7659   | 0.9160   | 0.6047 
2    | 11    | 0.5436   | 0.5551   | 0.3405 
3-5  | 59    | 0.4670   | 0.3926   | 0.2912 
6+   | 276   | 0.4008   | 0.2990   | 0.2770 

Epoch 10: loss = 0.177564 phase = B val_loss = 0.129466 delta_mae_pts = 0.4391 recap_mae_pts = 0.4391 cat_mae_pts = 0.5629 total_mae_pts = 1.3438 vs_inertia_pts = -0.0254 vs_quad_pts = 0.2070 lr_base = 0.000750 lr_mult = 1.0000 lr_eff = 0.000750 mon_cov = 0.881 mon_score = 1.7829 progress = 11/120 epoch_sec = 91.8 avg_epoch_sec = 92.2 elapsed = 00:16:54 eta = 02:47:26
Epoch 10 memory(end): tensors=258, buffers=219, bytes=18.3MB
Saved BEST-LOSS checkpoint @epoch 10 val_loss = 0.129466 delta_mae_pts = 0.4391 -> models\v9_subcaption_fixed\v9fix_datefwd_calib_auto_w1p0_cov4_1779510034812\best_loss 
Saved BEST-PHASE-B checkpoint @epoch 10 delta_mae_pts = 0.4391 -> models\v9_subcaption_fixed\v9fix_datefwd_calib_auto_w1p0_cov4_1779510034812\best_phase_b 
[curriculum] phase=B age=1/30 delta=0.4391 phase_best=0.4391 stall=0/6 cov=0.881/0.900 min=wait cov_gate=wait next=hold

Epoch 11: Phase B (A_end=10, B_end=40, C_ramp=80) Weights {"totalWeight":0,"recapWeight":0.9766666666666667,"deltaWeight":0.22666666666666668,"categoryWeight":0.05,"quantileWeight":0.02266666666666667,"consistencyWeight":0,"identityDropoutRate":0.95}, Scales {"judgeBias":0.275,"corps":0}, SeqLen 15, ID_Drop 0.956, WFW 0.105 
Epoch 11 memory(start): tensors=258, buffers=219, bytes=18.3MB

History Bucket Diagnostics (Avg Abs Error per sample, normalized units):
Hist | Count | MAE_Pred | MAE_Base | PredDevFromBase
-----|-------|----------|----------|----------------
0    | 8     | 0.8752   | 3.7696   | 3.9117 
1    | 9     | 0.7743   | 0.9160   | 0.4968 
2    | 11    | 0.6645   | 0.5551   | 0.4503 
3-5  | 59    | 0.5838   | 0.3926   | 0.4544 
6+   | 276   | 0.4222   | 0.2990   | 0.3495 

Epoch 11: loss = 0.165691 phase = B val_loss = 0.142115 delta_mae_pts = 0.4746 recap_mae_pts = 0.4746 cat_mae_pts = 0.6115 total_mae_pts = 1.4941 vs_inertia_pts = -0.0608 vs_quad_pts = 0.1716 lr_base = 0.000750 lr_mult = 1.0000 lr_eff = 0.000750 mon_cov = 0.869 mon_score = 1.9686 progress = 12/120 epoch_sec = 92.6 avg_epoch_sec = 92.2 elapsed = 00:18:26 eta = 02:45:58
Epoch 11 memory(end): tensors=258, buffers=258, bytes=18.3MB
[curriculum] phase=B age=2/30 delta=0.4746 phase_best=0.4391 stall=1/6 cov=0.869/0.900 min=wait cov_gate=wait next=hold

Epoch 12: Phase B (A_end=10, B_end=40, C_ramp=80) Weights {"totalWeight":0,"recapWeight":0.9533333333333334,"deltaWeight":0.25333333333333335,"categoryWeight":0.05,"quantileWeight":0.025333333333333333,"consistencyWeight":0,"identityDropoutRate":0.95}, Scales {"judgeBias":0.3,"corps":0}, SeqLen 15, ID_Drop 0.949, WFW 0.118 
Epoch 12 memory(start): tensors=258, buffers=258, bytes=18.3MB

History Bucket Diagnostics (Avg Abs Error per sample, normalized units):
Hist | Count | MAE_Pred | MAE_Base | PredDevFromBase
-----|-------|----------|----------|----------------
0    | 8     | 0.8804   | 3.7696   | 3.8203 
1    | 9     | 0.7790   | 0.9160   | 0.5280 
2    | 11    | 0.6334   | 0.5551   | 0.4041 
3-5  | 59    | 0.5242   | 0.3926   | 0.3613 
6+   | 276   | 0.3913   | 0.2990   | 0.3053 

Epoch 12: loss = 0.160393 phase = B val_loss = 0.136698 delta_mae_pts = 0.4407 recap_mae_pts = 0.4407 cat_mae_pts = 0.5725 total_mae_pts = 1.3308 vs_inertia_pts = -0.0269 vs_quad_pts = 0.2055 lr_base = 0.000749 lr_mult = 1.0000 lr_eff = 0.000749 mon_cov = 0.883 mon_score = 1.7715 progress = 13/120 epoch_sec = 91.9 avg_epoch_sec = 92.2 elapsed = 00:19:58 eta = 02:44:23
Epoch 12 memory(end): tensors=258, buffers=258, bytes=18.3MB
[curriculum] phase=B age=3/30 delta=0.4407 phase_best=0.4391 stall=2/6 cov=0.883/0.900 min=wait cov_gate=wait next=hold

Epoch 13: Phase B (A_end=10, B_end=40, C_ramp=80) Weights {"totalWeight":0,"recapWeight":0.93,"deltaWeight":0.28,"categoryWeight":0.05,"quantileWeight":0.028,"consistencyWeight":0,"identityDropoutRate":0.95}, Scales {"judgeBias":0.325,"corps":0}, SeqLen 15, ID_Drop 0.950, WFW 0.139 
Epoch 13 memory(start): tensors=258, buffers=258, bytes=18.3MB

History Bucket Diagnostics (Avg Abs Error per sample, normalized units):
Hist | Count | MAE_Pred | MAE_Base | PredDevFromBase
-----|-------|----------|----------|----------------
0    | 8     | 0.8082   | 3.7696   | 3.5554 
1    | 9     | 0.6951   | 0.9160   | 0.6699 
2    | 11    | 0.4546   | 0.5551   | 0.4053 
3-5  | 59    | 0.4088   | 0.3926   | 0.3067 
6+   | 276   | 0.3866   | 0.2990   | 0.2840 

Epoch 13: loss = 0.158569 phase = B val_loss = 0.125432 delta_mae_pts = 0.4092 recap_mae_pts = 0.4092 cat_mae_pts = 0.4702 total_mae_pts = 1.1312 vs_inertia_pts = 0.0045 vs_quad_pts = 0.2370 lr_base = 0.000749 lr_mult = 1.0000 lr_eff = 0.000749 mon_cov = 0.925 mon_score = 1.5404 progress = 14/120 epoch_sec = 92.3 avg_epoch_sec = 92.2 elapsed = 00:21:31 eta = 02:42:52
Epoch 13 memory(end): tensors=258, buffers=258, bytes=18.3MB
Saved BEST-DELTA checkpoint @epoch 13 delta_mae_pts = 0.4092 monitor_score = 1.5404 -> models\v9_subcaption_fixed\v9fix_datefwd_calib_auto_w1p0_cov4_1779510034812\best 
Saved BEST-LOSS checkpoint @epoch 13 val_loss = 0.125432 delta_mae_pts = 0.4092 -> models\v9_subcaption_fixed\v9fix_datefwd_calib_auto_w1p0_cov4_1779510034812\best_loss 
Saved BEST-PHASE-B checkpoint @epoch 13 delta_mae_pts = 0.4092 -> models\v9_subcaption_fixed\v9fix_datefwd_calib_auto_w1p0_cov4_1779510034812\best_phase_b 
[curriculum] phase=B age=4/30 delta=0.4092 phase_best=0.4092 stall=0/6 cov=0.925/0.900 min=wait cov_gate=ok next=hold

Epoch 14: Phase B (A_end=10, B_end=40, C_ramp=80) Weights {"totalWeight":0,"recapWeight":0.9066666666666667,"deltaWeight":0.3066666666666667,"categoryWeight":0.05,"quantileWeight":0.03066666666666667,"consistencyWeight":0,"identityDropoutRate":0.95}, Scales {"judgeBias":0.35,"corps":0}, SeqLen 15, ID_Drop 0.949, WFW 0.168 
Epoch 14 memory(start): tensors=258, buffers=180, bytes=18.3MB

History Bucket Diagnostics (Avg Abs Error per sample, normalized units):
Hist | Count | MAE_Pred | MAE_Base | PredDevFromBase
-----|-------|----------|----------|----------------
0    | 8     | 0.8433   | 3.7696   | 3.4021 
1    | 9     | 0.7446   | 0.9160   | 0.5266 
2    | 11    | 0.6395   | 0.5551   | 0.3595 
3-5  | 59    | 0.6588   | 0.3926   | 0.4470 
6+   | 276   | 0.4731   | 0.2990   | 0.3725 

Epoch 14: loss = 0.151110 phase = B val_loss = 0.164499 delta_mae_pts = 0.5232 recap_mae_pts = 0.5232 cat_mae_pts = 0.6783 total_mae_pts = 1.8084 vs_inertia_pts = -0.1095 vs_quad_pts = 0.1230 lr_base = 0.000748 lr_mult = 1.0000 lr_eff = 0.000748 mon_cov = 0.853 mon_score = 2.3316 progress = 15/120 epoch_sec = 92.5 avg_epoch_sec = 92.2 elapsed = 00:23:03 eta = 02:41:22
Epoch 14 memory(end): tensors=258, buffers=219, bytes=18.3MB
[curriculum] phase=B age=5/30 delta=0.5232 phase_best=0.4092 stall=1/6 cov=0.853/0.900 min=wait cov_gate=wait next=hold

Epoch 15: Phase B (A_end=10, B_end=40, C_ramp=80) Weights {"totalWeight":0,"recapWeight":0.8833333333333333,"deltaWeight":0.33333333333333337,"categoryWeight":0.05,"quantileWeight":0.03333333333333333,"consistencyWeight":0,"identityDropoutRate":0.95}, Scales {"judgeBias":0.375,"corps":0}, SeqLen 15, ID_Drop 0.951, WFW 0.204 
Epoch 15 memory(start): tensors=258, buffers=219, bytes=18.3MB

History Bucket Diagnostics (Avg Abs Error per sample, normalized units):
Hist | Count | MAE_Pred | MAE_Base | PredDevFromBase
-----|-------|----------|----------|----------------
0    | 8     | 0.7026   | 3.7696   | 3.8951 
1    | 9     | 0.6765   | 0.9160   | 0.7407 
2    | 11    | 0.4471   | 0.5551   | 0.4203 
3-5  | 59    | 0.4269   | 0.3926   | 0.3510 
6+   | 276   | 0.3842   | 0.2990   | 0.3276 

Epoch 15: loss = 0.151009 phase = B val_loss = 0.130371 delta_mae_pts = 0.4073 recap_mae_pts = 0.4073 cat_mae_pts = 0.4819 total_mae_pts = 1.1595 vs_inertia_pts = 0.0064 vs_quad_pts = 0.2389 lr_base = 0.000746 lr_mult = 1.0000 lr_eff = 0.000746 mon_cov = 0.927 mon_score = 1.5668 progress = 16/120 epoch_sec = 92.9 avg_epoch_sec = 92.2 elapsed = 00:24:36 eta = 02:39:54
Epoch 15 memory(end): tensors=258, buffers=219, bytes=18.3MB
Saved BEST-DELTA checkpoint @epoch 15 delta_mae_pts = 0.4073 monitor_score = 1.5404 -> models\v9_subcaption_fixed\v9fix_datefwd_calib_auto_w1p0_cov4_1779510034812\best 
Saved BEST-PHASE-B checkpoint @epoch 15 delta_mae_pts = 0.4073 -> models\v9_subcaption_fixed\v9fix_datefwd_calib_auto_w1p0_cov4_1779510034812\best_phase_b 
[curriculum] phase=B age=6/30 delta=0.4073 phase_best=0.4092 stall=2/6 cov=0.927/0.900 min=wait cov_gate=ok next=hold

Epoch 16: Phase B (A_end=10, B_end=40, C_ramp=80) Weights {"totalWeight":0,"recapWeight":0.86,"deltaWeight":0.36000000000000004,"categoryWeight":0.05,"quantileWeight":0.036000000000000004,"consistencyWeight":0,"identityDropoutRate":0.95}, Scales {"judgeBias":0.4,"corps":0}, SeqLen 15, ID_Drop 0.949, WFW 0.246 
Epoch 16 memory(start): tensors=258, buffers=219, bytes=18.3MB

History Bucket Diagnostics (Avg Abs Error per sample, normalized units):
Hist | Count | MAE_Pred | MAE_Base | PredDevFromBase
-----|-------|----------|----------|----------------
0    | 8     | 0.8091   | 3.7696   | 3.9431 
1    | 9     | 0.7094   | 0.9160   | 0.6396 
2    | 11    | 0.4290   | 0.5551   | 0.3847 
3-5  | 59    | 0.4361   | 0.3926   | 0.2876 
6+   | 276   | 0.3681   | 0.2990   | 0.2500 

Epoch 16: loss = 0.147988 phase = B val_loss = 0.129833 delta_mae_pts = 0.3992 recap_mae_pts = 0.3992 cat_mae_pts = 0.5214 total_mae_pts = 1.3205 vs_inertia_pts = 0.0145 vs_quad_pts = 0.2470 lr_base = 0.000745 lr_mult = 1.0000 lr_eff = 0.000745 mon_cov = 0.925 mon_score = 1.7197 progress = 17/120 epoch_sec = 91.5 avg_epoch_sec = 92.2 elapsed = 00:26:07 eta = 02:38:17
Epoch 16 memory(end): tensors=258, buffers=258, bytes=18.3MB
Saved BEST-DELTA checkpoint @epoch 16 delta_mae_pts = 0.3992 monitor_score = 1.5404 -> models\v9_subcaption_fixed\v9fix_datefwd_calib_auto_w1p0_cov4_1779510034812\best 
Saved BEST-PHASE-B checkpoint @epoch 16 delta_mae_pts = 0.3992 -> models\v9_subcaption_fixed\v9fix_datefwd_calib_auto_w1p0_cov4_1779510034812\best_phase_b 
[curriculum] phase=B age=7/30 delta=0.3992 phase_best=0.3992 stall=0/6 cov=0.925/0.900 min=wait cov_gate=ok next=hold

Epoch 17: Phase B (A_end=10, B_end=40, C_ramp=80) Weights {"totalWeight":0,"recapWeight":0.8366666666666667,"deltaWeight":0.3866666666666667,"categoryWeight":0.05,"quantileWeight":0.03866666666666667,"consistencyWeight":0,"identityDropoutRate":0.95}, Scales {"judgeBias":0.425,"corps":0}, SeqLen 15, ID_Drop 0.954, WFW 0.293 
Epoch 17 memory(start): tensors=258, buffers=219, bytes=18.3MB

History Bucket Diagnostics (Avg Abs Error per sample, normalized units):
Hist | Count | MAE_Pred | MAE_Base | PredDevFromBase
-----|-------|----------|----------|----------------
0    | 8     | 0.8044   | 3.7696   | 3.8170 
1    | 9     | 0.7883   | 0.9160   | 0.4530 
2    | 11    | 0.4974   | 0.5551   | 0.4052 
3-5  | 59    | 0.5295   | 0.3926   | 0.4364 
6+   | 276   | 0.3857   | 0.2990   | 0.3497 

Epoch 17: loss = 0.147362 phase = B val_loss = 0.146750 delta_mae_pts = 0.4316 recap_mae_pts = 0.4316 cat_mae_pts = 0.5767 total_mae_pts = 1.5028 vs_inertia_pts = -0.0179 vs_quad_pts = 0.2145 lr_base = 0.000743 lr_mult = 1.0000 lr_eff = 0.000743 mon_cov = 0.915 mon_score = 1.9344 progress = 18/120 epoch_sec = 91.7 avg_epoch_sec = 92.2 elapsed = 00:27:39 eta = 02:36:42
Epoch 17 memory(end): tensors=258, buffers=258, bytes=18.3MB
[curriculum] phase=B age=8/30 delta=0.4316 phase_best=0.3992 stall=1/6 cov=0.915/0.900 min=wait cov_gate=ok next=hold

Epoch 18: Phase B (A_end=10, B_end=40, C_ramp=80) Weights {"totalWeight":0,"recapWeight":0.8133333333333334,"deltaWeight":0.41333333333333333,"categoryWeight":0.05,"quantileWeight":0.04133333333333333,"consistencyWeight":0,"identityDropoutRate":0.95}, Scales {"judgeBias":0.45,"corps":0}, SeqLen 15, ID_Drop 0.951, WFW 0.346 
Epoch 18 memory(start): tensors=258, buffers=258, bytes=18.3MB

History Bucket Diagnostics (Avg Abs Error per sample, normalized units):
Hist | Count | MAE_Pred | MAE_Base | PredDevFromBase
-----|-------|----------|----------|----------------
0    | 8     | 0.7190   | 3.7696   | 3.7553 
1    | 9     | 0.7005   | 0.9160   | 0.5797 
2    | 11    | 0.4382   | 0.5551   | 0.3257 
3-5  | 59    | 0.4425   | 0.3926   | 0.3056 
6+   | 276   | 0.3378   | 0.2990   | 0.2683 

Epoch 18: loss = 0.149473 phase = B val_loss = 0.128308 delta_mae_pts = 0.3752 recap_mae_pts = 0.3752 cat_mae_pts = 0.4712 total_mae_pts = 1.1042 vs_inertia_pts = 0.0385 vs_quad_pts = 0.2709 lr_base = 0.000741 lr_mult = 1.0000 lr_eff = 0.000741 mon_cov = 0.946 mon_score = 1.4794 progress = 19/120 epoch_sec = 91.7 avg_epoch_sec = 92.1 elapsed = 00:29:11 eta = 02:35:07
Epoch 18 memory(end): tensors=258, buffers=258, bytes=18.3MB
Saved BEST-DELTA checkpoint @epoch 18 delta_mae_pts = 0.3752 monitor_score = 1.4794 -> models\v9_subcaption_fixed\v9fix_datefwd_calib_auto_w1p0_cov4_1779510034812\best 
Saved BEST-PHASE-B checkpoint @epoch 18 delta_mae_pts = 0.3752 -> models\v9_subcaption_fixed\v9fix_datefwd_calib_auto_w1p0_cov4_1779510034812\best_phase_b 
[curriculum] phase=B age=9/30 delta=0.3752 phase_best=0.3752 stall=0/6 cov=0.946/0.900 min=wait cov_gate=ok next=hold

Epoch 19: Phase B (A_end=10, B_end=40, C_ramp=80) Weights {"totalWeight":0,"recapWeight":0.79,"deltaWeight":0.44,"categoryWeight":0.05,"quantileWeight":0.044,"consistencyWeight":0,"identityDropoutRate":0.95}, Scales {"judgeBias":0.475,"corps":0}, SeqLen 15, ID_Drop 0.952, WFW 0.402 
Epoch 19 memory(start): tensors=258, buffers=219, bytes=18.3MB

History Bucket Diagnostics (Avg Abs Error per sample, normalized units):
Hist | Count | MAE_Pred | MAE_Base | PredDevFromBase
-----|-------|----------|----------|----------------
0    | 8     | 1.0885   | 3.7696   | 4.0969 
1    | 9     | 0.7661   | 0.9160   | 0.4814 
2    | 11    | 0.7007   | 0.5551   | 0.3906 
3-5  | 59    | 0.7925   | 0.3926   | 0.5443 
6+   | 276   | 0.4213   | 0.2990   | 0.3085 

Epoch 19: loss = 0.148409 phase = B val_loss = 0.178786 delta_mae_pts = 0.5134 recap_mae_pts = 0.5134 cat_mae_pts = 0.7576 total_mae_pts = 2.1002 vs_inertia_pts = -0.0996 vs_quad_pts = 0.1328 lr_base = 0.000738 lr_mult = 1.0000 lr_eff = 0.000738 mon_cov = 0.875 mon_score = 2.6136 progress = 20/120 epoch_sec = 91.4 avg_epoch_sec = 92.1 elapsed = 00:30:42 eta = 02:33:31
Epoch 19 memory(end): tensors=258, buffers=258, bytes=18.3MB
[curriculum] phase=B age=10/30 delta=0.5134 phase_best=0.3752 stall=1/6 cov=0.875/0.900 min=wait cov_gate=wait next=hold

Epoch 20: Phase B (A_end=10, B_end=40, C_ramp=80) Weights {"totalWeight":0,"recapWeight":0.7666666666666667,"deltaWeight":0.4666666666666667,"categoryWeight":0.05,"quantileWeight":0.04666666666666666,"consistencyWeight":0,"identityDropoutRate":0.95}, Scales {"judgeBias":0.5,"corps":0}, SeqLen 15, ID_Drop 0.947, WFW 0.463 
Epoch 20 memory(start): tensors=258, buffers=258, bytes=18.3MB

History Bucket Diagnostics (Avg Abs Error per sample, normalized units):
Hist | Count | MAE_Pred | MAE_Base | PredDevFromBase
-----|-------|----------|----------|----------------
0    | 8     | 0.7296   | 3.7696   | 3.8130 
1    | 9     | 0.6819   | 0.9160   | 0.5351 
2    | 11    | 0.4396   | 0.5551   | 0.3089 
3-5  | 59    | 0.5028   | 0.3926   | 0.2998 
6+   | 276   | 0.3462   | 0.2990   | 0.2428 

Epoch 20: loss = 0.153627 phase = B val_loss = 0.138821 delta_mae_pts = 0.3912 recap_mae_pts = 0.3912 cat_mae_pts = 0.5005 total_mae_pts = 1.2711 vs_inertia_pts = 0.0225 vs_quad_pts = 0.2550 lr_base = 0.000735 lr_mult = 1.0000 lr_eff = 0.000735 mon_cov = 0.940 mon_score = 1.6623 progress = 21/120 epoch_sec = 93.4 avg_epoch_sec = 92.2 elapsed = 00:32:16 eta = 02:32:05
Epoch 20 memory(end): tensors=258, buffers=258, bytes=18.3MB
[curriculum] phase=B age=11/30 delta=0.3912 phase_best=0.3752 stall=2/6 cov=0.940/0.900 min=wait cov_gate=ok next=hold

Epoch 21: Phase B (A_end=10, B_end=40, C_ramp=80) Weights {"totalWeight":0,"recapWeight":0.7433333333333334,"deltaWeight":0.49333333333333335,"categoryWeight":0.05,"quantileWeight":0.04933333333333333,"consistencyWeight":0,"identityDropoutRate":0.95}, Scales {"judgeBias":0.525,"corps":0}, SeqLen 15, ID_Drop 0.948, WFW 0.527 
Epoch 21 memory(start): tensors=258, buffers=258, bytes=18.3MB

History Bucket Diagnostics (Avg Abs Error per sample, normalized units):
Hist | Count | MAE_Pred | MAE_Base | PredDevFromBase
-----|-------|----------|----------|----------------
0    | 8     | 0.8498   | 3.7696   | 4.0350 
1    | 9     | 0.6539   | 0.9160   | 0.6168 
2    | 11    | 0.4593   | 0.5551   | 0.4038 
3-5  | 59    | 0.4622   | 0.3926   | 0.3184 
6+   | 276   | 0.3349   | 0.2990   | 0.2659 

Epoch 21: loss = 0.152399 phase = B val_loss = 0.137319 delta_mae_pts = 0.3787 recap_mae_pts = 0.3787 cat_mae_pts = 0.4597 total_mae_pts = 1.0897 vs_inertia_pts = 0.0351 vs_quad_pts = 0.2675 lr_base = 0.000732 lr_mult = 1.0000 lr_eff = 0.000732 mon_cov = 0.936 mon_score = 1.4684 progress = 22/120 epoch_sec = 92.3 avg_epoch_sec = 92.2 elapsed = 00:33:48 eta = 02:30:34
Epoch 21 memory(end): tensors=258, buffers=258, bytes=18.3MB
[curriculum] phase=B age=12/30 delta=0.3787 phase_best=0.3752 stall=3/6 cov=0.936/0.900 min=wait cov_gate=ok next=hold

Epoch 22: Phase B (A_end=10, B_end=40, C_ramp=80) Weights {"totalWeight":0,"recapWeight":0.72,"deltaWeight":0.52,"categoryWeight":0.05,"quantileWeight":0.052000000000000005,"consistencyWeight":0,"identityDropoutRate":0.95}, Scales {"judgeBias":0.55,"corps":0}, SeqLen 15, ID_Drop 0.952, WFW 0.593 
Epoch 22 memory(start): tensors=258, buffers=258, bytes=18.3MB

History Bucket Diagnostics (Avg Abs Error per sample, normalized units):
Hist | Count | MAE_Pred | MAE_Base | PredDevFromBase
-----|-------|----------|----------|----------------
0    | 8     | 0.8744   | 3.7696   | 4.1671 
1    | 9     | 0.7185   | 0.9160   | 0.9229 
2    | 11    | 0.5293   | 0.5551   | 0.6411 
3-5  | 59    | 0.4453   | 0.3926   | 0.4999 
6+   | 276   | 0.4357   | 0.2990   | 0.4633 

Epoch 22: loss = 0.153273 phase = B val_loss = 0.162614 delta_mae_pts = 0.4568 recap_mae_pts = 0.4568 cat_mae_pts = 0.6611 total_mae_pts = 1.8112 vs_inertia_pts = -0.0430 vs_quad_pts = 0.1894 lr_base = 0.000729 lr_mult = 1.0000 lr_eff = 0.000729 mon_cov = 0.912 mon_score = 2.2679 progress = 23/120 epoch_sec = 92.1 avg_epoch_sec = 92.2 elapsed = 00:35:20 eta = 02:29:01
Epoch 22 memory(end): tensors=258, buffers=258, bytes=18.3MB
[curriculum] phase=B age=13/30 delta=0.4568 phase_best=0.3752 stall=4/6 cov=0.912/0.900 min=wait cov_gate=ok next=hold

Epoch 23: Phase B (A_end=10, B_end=40, C_ramp=80) Weights {"totalWeight":0,"recapWeight":0.6966666666666667,"deltaWeight":0.5466666666666666,"categoryWeight":0.05,"quantileWeight":0.05466666666666667,"consistencyWeight":0,"identityDropoutRate":0.95}, Scales {"judgeBias":0.575,"corps":0}, SeqLen 15, ID_Drop 0.953, WFW 0.661 
Epoch 23 memory(start): tensors=258, buffers=258, bytes=18.3MB

History Bucket Diagnostics (Avg Abs Error per sample, normalized units):
Hist | Count | MAE_Pred | MAE_Base | PredDevFromBase
-----|-------|----------|----------|----------------
0    | 8     | 0.7864   | 3.7696   | 3.7372 
1    | 9     | 0.7129   | 0.9160   | 0.5345 
2    | 11    | 0.4594   | 0.5551   | 0.4027 
3-5  | 59    | 0.4309   | 0.3926   | 0.3642 
6+   | 276   | 0.3213   | 0.2990   | 0.2909 

Epoch 23: loss = 0.155992 phase = B val_loss = 0.137519 delta_mae_pts = 0.3633 recap_mae_pts = 0.3633 cat_mae_pts = 0.4527 total_mae_pts = 1.0362 vs_inertia_pts = 0.0505 vs_quad_pts = 0.2829 lr_base = 0.000725 lr_mult = 1.0000 lr_eff = 0.000725 mon_cov = 0.951 mon_score = 1.3995 progress = 24/120 epoch_sec = 91.6 avg_epoch_sec = 92.2 elapsed = 00:36:52 eta = 02:27:27
Epoch 23 memory(end): tensors=258, buffers=258, bytes=18.3MB
Saved BEST-DELTA checkpoint @epoch 23 delta_mae_pts = 0.3633 monitor_score = 1.3995 -> models\v9_subcaption_fixed\v9fix_datefwd_calib_auto_w1p0_cov4_1779510034812\best 
Saved BEST-PHASE-B checkpoint @epoch 23 delta_mae_pts = 0.3633 -> models\v9_subcaption_fixed\v9fix_datefwd_calib_auto_w1p0_cov4_1779510034812\best_phase_b 
[curriculum] phase=B age=14/30 delta=0.3633 phase_best=0.3633 stall=0/6 cov=0.951/0.900 min=wait cov_gate=ok next=hold

Epoch 24: Phase B (A_end=10, B_end=40, C_ramp=80) Weights {"totalWeight":0,"recapWeight":0.6733333333333333,"deltaWeight":0.5733333333333334,"categoryWeight":0.05,"quantileWeight":0.05733333333333333,"consistencyWeight":0,"identityDropoutRate":0.95}, Scales {"judgeBias":0.6,"corps":0}, SeqLen 15, ID_Drop 0.947, WFW 0.730 
Epoch 24 memory(start): tensors=258, buffers=219, bytes=18.3MB

History Bucket Diagnostics (Avg Abs Error per sample, normalized units):
Hist | Count | MAE_Pred | MAE_Base | PredDevFromBase
-----|-------|----------|----------|----------------
0    | 8     | 0.6817   | 3.7696   | 3.7802 
1    | 9     | 0.6493   | 0.9160   | 0.6518 
2    | 11    | 0.4279   | 0.5551   | 0.3444 
3-5  | 59    | 0.4425   | 0.3926   | 0.3090 
6+   | 276   | 0.3158   | 0.2990   | 0.2406 

Epoch 24: loss = 0.155283 phase = B val_loss = 0.136172 delta_mae_pts = 0.3561 recap_mae_pts = 0.3561 cat_mae_pts = 0.4418 total_mae_pts = 1.0411 vs_inertia_pts = 0.0576 vs_quad_pts = 0.2900 lr_base = 0.000722 lr_mult = 1.0000 lr_eff = 0.000722 mon_cov = 0.954 mon_score = 1.3973 progress = 25/120 epoch_sec = 91.4 avg_epoch_sec = 92.1 elapsed = 00:38:23 eta = 02:25:52
Epoch 24 memory(end): tensors=258, buffers=258, bytes=18.3MB
Saved BEST-DELTA checkpoint @epoch 24 delta_mae_pts = 0.3561 monitor_score = 1.3973 -> models\v9_subcaption_fixed\v9fix_datefwd_calib_auto_w1p0_cov4_1779510034812\best 
Saved BEST-PHASE-B checkpoint @epoch 24 delta_mae_pts = 0.3561 -> models\v9_subcaption_fixed\v9fix_datefwd_calib_auto_w1p0_cov4_1779510034812\best_phase_b 
[curriculum] phase=B age=15/30 delta=0.3561 phase_best=0.3561 stall=0/6 cov=0.954/0.900 min=wait cov_gate=ok next=hold

Epoch 25: Phase B (A_end=10, B_end=40, C_ramp=80) Weights {"totalWeight":0,"recapWeight":0.65,"deltaWeight":0.6000000000000001,"categoryWeight":0.05,"quantileWeight":0.06,"consistencyWeight":0,"identityDropoutRate":0.95}, Scales {"judgeBias":0.625,"corps":0}, SeqLen 15, ID_Drop 0.947, WFW 0.800 
Epoch 25 memory(start): tensors=258, buffers=219, bytes=18.3MB

History Bucket Diagnostics (Avg Abs Error per sample, normalized units):
Hist | Count | MAE_Pred | MAE_Base | PredDevFromBase
-----|-------|----------|----------|----------------
0    | 8     | 0.7226   | 3.7696   | 3.7838 
1    | 9     | 0.6229   | 0.9160   | 0.5685 
2    | 11    | 0.4262   | 0.5551   | 0.3208 
3-5  | 59    | 0.4359   | 0.3926   | 0.2989 
6+   | 276   | 0.3177   | 0.2990   | 0.2547 

Epoch 25: loss = 0.155038 phase = B val_loss = 0.139265 delta_mae_pts = 0.3567 recap_mae_pts = 0.3567 cat_mae_pts = 0.4378 total_mae_pts = 1.0154 vs_inertia_pts = 0.0571 vs_quad_pts = 0.2895 lr_base = 0.000717 lr_mult = 1.0000 lr_eff = 0.000717 mon_cov = 0.957 mon_score = 1.3720 progress = 26/120 epoch_sec = 92.0 avg_epoch_sec = 92.1 elapsed = 00:39:55 eta = 02:24:19
Epoch 25 memory(end): tensors=258, buffers=258, bytes=18.3MB
[curriculum] phase=B age=16/30 delta=0.3567 phase_best=0.3561 stall=1/6 cov=0.957/0.900 min=wait cov_gate=ok next=hold

Epoch 26: Phase B (A_end=10, B_end=40, C_ramp=80) Weights {"totalWeight":0,"recapWeight":0.6266666666666667,"deltaWeight":0.6266666666666667,"categoryWeight":0.05,"quantileWeight":0.06266666666666666,"consistencyWeight":0,"identityDropoutRate":0.95}, Scales {"judgeBias":0.65,"corps":0.02857142857142857}, SeqLen 15, ID_Drop 0.946, WFW 0.870 
Epoch 26 memory(start): tensors=258, buffers=258, bytes=18.3MB

History Bucket Diagnostics (Avg Abs Error per sample, normalized units):
Hist | Count | MAE_Pred | MAE_Base | PredDevFromBase
-----|-------|----------|----------|----------------
0    | 8     | 0.7696   | 3.7696   | 3.9464 
1    | 9     | 0.6217   | 0.9160   | 0.5882 
2    | 11    | 0.4190   | 0.5551   | 0.3294 
3-5  | 59    | 0.4692   | 0.3926   | 0.3063 
6+   | 276   | 0.3308   | 0.2990   | 0.2558 

Epoch 26: loss = 0.154367 phase = B val_loss = 0.146230 delta_mae_pts = 0.3729 recap_mae_pts = 0.3729 cat_mae_pts = 0.4646 total_mae_pts = 1.1646 vs_inertia_pts = 0.0409 vs_quad_pts = 0.2733 lr_base = 0.000713 lr_mult = 1.0000 lr_eff = 0.000713 mon_cov = 0.941 mon_score = 1.5375 progress = 27/120 epoch_sec = 92.1 avg_epoch_sec = 92.1 elapsed = 00:41:27 eta = 02:22:47
Epoch 26 memory(end): tensors=258, buffers=258, bytes=18.3MB
[curriculum] phase=B age=17/30 delta=0.3729 phase_best=0.3561 stall=2/6 cov=0.941/0.900 min=wait cov_gate=ok next=hold

Epoch 27: Phase B (A_end=10, B_end=40, C_ramp=80) Weights {"totalWeight":0,"recapWeight":0.6033333333333334,"deltaWeight":0.6533333333333333,"categoryWeight":0.05,"quantileWeight":0.06533333333333333,"consistencyWeight":0,"identityDropoutRate":0.95}, Scales {"judgeBias":0.675,"corps":0.05714285714285714}, SeqLen 15, ID_Drop 0.948, WFW 0.939 
Epoch 27 memory(start): tensors=258, buffers=258, bytes=18.3MB

History Bucket Diagnostics (Avg Abs Error per sample, normalized units):
Hist | Count | MAE_Pred | MAE_Base | PredDevFromBase
-----|-------|----------|----------|----------------
0    | 8     | 0.7676   | 3.7696   | 3.5393 
1    | 9     | 0.7417   | 0.9160   | 0.8799 
2    | 11    | 0.4816   | 0.5551   | 0.5713 
3-5  | 59    | 0.4169   | 0.3926   | 0.3495 
6+   | 276   | 0.3112   | 0.2990   | 0.2515 

Epoch 27: loss = 0.158085 phase = B val_loss = 0.143744 delta_mae_pts = 0.3543 recap_mae_pts = 0.3543 cat_mae_pts = 0.4321 total_mae_pts = 0.9640 vs_inertia_pts = 0.0595 vs_quad_pts = 0.2919 lr_base = 0.000708 lr_mult = 1.0000 lr_eff = 0.000708 mon_cov = 0.962 mon_score = 1.3182 progress = 28/120 epoch_sec = 93.0 avg_epoch_sec = 92.1 elapsed = 00:43:00 eta = 02:21:18
Epoch 27 memory(end): tensors=258, buffers=258, bytes=18.3MB
Saved BEST-DELTA checkpoint @epoch 27 delta_mae_pts = 0.3543 monitor_score = 1.3182 -> models\v9_subcaption_fixed\v9fix_datefwd_calib_auto_w1p0_cov4_1779510034812\best 
Saved BEST-PHASE-B checkpoint @epoch 27 delta_mae_pts = 0.3543 -> models\v9_subcaption_fixed\v9fix_datefwd_calib_auto_w1p0_cov4_1779510034812\best_phase_b 
[curriculum] phase=B age=18/30 delta=0.3543 phase_best=0.3561 stall=3/6 cov=0.962/0.900 min=ok cov_gate=ok next=hold

Epoch 28: Phase B (A_end=10, B_end=40, C_ramp=80) Weights {"totalWeight":0,"recapWeight":0.5800000000000001,"deltaWeight":0.6799999999999999,"categoryWeight":0.05,"quantileWeight":0.068,"consistencyWeight":0,"identityDropoutRate":0.95}, Scales {"judgeBias":0.7,"corps":0.08571428571428572}, SeqLen 15, ID_Drop 0.949, WFW 1.007 
Epoch 28 memory(start): tensors=258, buffers=219, bytes=18.3MB

History Bucket Diagnostics (Avg Abs Error per sample, normalized units):
Hist | Count | MAE_Pred | MAE_Base | PredDevFromBase
-----|-------|----------|----------|----------------
0    | 8     | 0.7746   | 3.7696   | 3.9692 
1    | 9     | 0.6653   | 0.9160   | 0.6440 
2    | 11    | 0.4151   | 0.5551   | 0.3404 
3-5  | 59    | 0.5365   | 0.3926   | 0.3465 
6+   | 276   | 0.3561   | 0.2990   | 0.2638 

Epoch 28: loss = 0.161576 phase = B val_loss = 0.161992 delta_mae_pts = 0.4041 recap_mae_pts = 0.4041 cat_mae_pts = 0.5503 total_mae_pts = 1.4287 vs_inertia_pts = 0.0096 vs_quad_pts = 0.2420 lr_base = 0.000703 lr_mult = 1.0000 lr_eff = 0.000703 mon_cov = 0.933 mon_score = 1.8328 progress = 29/120 epoch_sec = 91.5 avg_epoch_sec = 92.1 elapsed = 00:44:32 eta = 02:19:44
Epoch 28 memory(end): tensors=258, buffers=258, bytes=18.3MB
[curriculum] phase=B age=19/30 delta=0.4041 phase_best=0.3561 stall=4/6 cov=0.933/0.900 min=ok cov_gate=ok next=hold

Epoch 29: Phase B (A_end=10, B_end=40, C_ramp=80) Weights {"totalWeight":0,"recapWeight":0.5566666666666666,"deltaWeight":0.7066666666666668,"categoryWeight":0.05,"quantileWeight":0.07066666666666667,"consistencyWeight":0,"identityDropoutRate":0.95}, Scales {"judgeBias":0.725,"corps":0.11428571428571428}, SeqLen 15, ID_Drop 0.945, WFW 1.073 
Epoch 29 memory(start): tensors=258, buffers=258, bytes=18.3MB

History Bucket Diagnostics (Avg Abs Error per sample, normalized units):
Hist | Count | MAE_Pred | MAE_Base | PredDevFromBase
-----|-------|----------|----------|----------------
0    | 8     | 0.6230   | 3.7696   | 3.4225 
1    | 9     | 0.6535   | 0.9160   | 0.5536 
2    | 11    | 0.4644   | 0.5551   | 0.3914 
3-5  | 59    | 0.4084   | 0.3926   | 0.3211 
6+   | 276   | 0.3069   | 0.2990   | 0.2447 

Epoch 29: loss = 0.166295 phase = B val_loss = 0.145440 delta_mae_pts = 0.3437 recap_mae_pts = 0.3437 cat_mae_pts = 0.4143 total_mae_pts = 0.8960 vs_inertia_pts = 0.0700 vs_quad_pts = 0.3024 lr_base = 0.000698 lr_mult = 1.0000 lr_eff = 0.000698 mon_cov = 0.967 mon_score = 1.2398 progress = 30/120 epoch_sec = 92.2 avg_epoch_sec = 92.1 elapsed = 00:46:04 eta = 02:18:12
Epoch 29 memory(end): tensors=258, buffers=258, bytes=18.3MB
Saved BEST-DELTA checkpoint @epoch 29 delta_mae_pts = 0.3437 monitor_score = 1.2398 -> models\v9_subcaption_fixed\v9fix_datefwd_calib_auto_w1p0_cov4_1779510034812\best 
Saved BEST-PHASE-B checkpoint @epoch 29 delta_mae_pts = 0.3437 -> models\v9_subcaption_fixed\v9fix_datefwd_calib_auto_w1p0_cov4_1779510034812\best_phase_b 
[curriculum] phase=B age=20/30 delta=0.3437 phase_best=0.3437 stall=0/6 cov=0.967/0.900 min=ok cov_gate=ok next=hold

Epoch 30: Phase B (A_end=10, B_end=40, C_ramp=80) Weights {"totalWeight":0,"recapWeight":0.5333333333333334,"deltaWeight":0.7333333333333334,"categoryWeight":0.05,"quantileWeight":0.07333333333333333,"consistencyWeight":0,"identityDropoutRate":0.95}, Scales {"judgeBias":0.75,"corps":0.14285714285714285}, SeqLen 15, ID_Drop 0.949, WFW 1.137 
Epoch 30 memory(start): tensors=258, buffers=219, bytes=18.3MB

History Bucket Diagnostics (Avg Abs Error per sample, normalized units):
Hist | Count | MAE_Pred | MAE_Base | PredDevFromBase
-----|-------|----------|----------|----------------
0    | 8     | 0.7720   | 3.7696   | 3.9156 
1    | 9     | 0.6058   | 0.9160   | 0.6312 
2    | 11    | 0.4507   | 0.5551   | 0.3692 
3-5  | 59    | 0.4460   | 0.3926   | 0.3001 
6+   | 276   | 0.3168   | 0.2990   | 0.2422 

Epoch 30: loss = 0.165193 phase = B val_loss = 0.151778 delta_mae_pts = 0.3591 recap_mae_pts = 0.3591 cat_mae_pts = 0.4450 total_mae_pts = 1.0252 vs_inertia_pts = 0.0547 vs_quad_pts = 0.2871 lr_base = 0.000693 lr_mult = 1.0000 lr_eff = 0.000693 mon_cov = 0.943 mon_score = 1.3842 progress = 31/120 epoch_sec = 93.0 avg_epoch_sec = 92.2 elapsed = 00:47:37 eta = 02:16:42
Epoch 30 memory(end): tensors=258, buffers=258, bytes=18.3MB
[curriculum] phase=B age=21/30 delta=0.3591 phase_best=0.3437 stall=1/6 cov=0.943/0.900 min=ok cov_gate=ok next=hold

Epoch 31: Phase B (A_end=10, B_end=40, C_ramp=80) Weights {"totalWeight":0,"recapWeight":0.51,"deltaWeight":0.76,"categoryWeight":0.05,"quantileWeight":0.076,"consistencyWeight":0,"identityDropoutRate":0.95}, Scales {"judgeBias":0.775,"corps":0.17142857142857143}, SeqLen 15, ID_Drop 0.955, WFW 1.198 
Epoch 31 memory(start): tensors=258, buffers=258, bytes=18.3MB

History Bucket Diagnostics (Avg Abs Error per sample, normalized units):
Hist | Count | MAE_Pred | MAE_Base | PredDevFromBase
-----|-------|----------|----------|----------------
0    | 8     | 0.6062   | 3.7696   | 3.6689 
1    | 9     | 0.6609   | 0.9160   | 0.6505 
2    | 11    | 0.4470   | 0.5551   | 0.4705 
3-5  | 59    | 0.4119   | 0.3926   | 0.3370 
6+   | 276   | 0.3085   | 0.2990   | 0.2606 

Epoch 31: loss = 0.163633 phase = B val_loss = 0.149157 delta_mae_pts = 0.3448 recap_mae_pts = 0.3448 cat_mae_pts = 0.4164 total_mae_pts = 0.9028 vs_inertia_pts = 0.0690 vs_quad_pts = 0.3014 lr_base = 0.000687 lr_mult = 1.0000 lr_eff = 0.000687 mon_cov = 0.962 mon_score = 1.2476 progress = 32/120 epoch_sec = 91.5 avg_epoch_sec = 92.1 elapsed = 00:49:08 eta = 02:15:08
Epoch 31 memory(end): tensors=258, buffers=258, bytes=18.3MB
[curriculum] phase=B age=22/30 delta=0.3448 phase_best=0.3437 stall=2/6 cov=0.962/0.900 min=ok cov_gate=ok next=hold

Epoch 32: Phase B (A_end=10, B_end=40, C_ramp=80) Weights {"totalWeight":0,"recapWeight":0.4866666666666667,"deltaWeight":0.7866666666666666,"categoryWeight":0.05,"quantileWeight":0.07866666666666666,"consistencyWeight":0,"identityDropoutRate":0.95}, Scales {"judgeBias":0.8,"corps":0.2}, SeqLen 15, ID_Drop 0.947, WFW 1.254 
Epoch 32 memory(start): tensors=258, buffers=258, bytes=18.3MB

History Bucket Diagnostics (Avg Abs Error per sample, normalized units):
Hist | Count | MAE_Pred | MAE_Base | PredDevFromBase
-----|-------|----------|----------|----------------
0    | 8     | 0.6934   | 3.7696   | 3.9450 
1    | 9     | 0.6182   | 0.9160   | 0.7230 
2    | 11    | 0.4194   | 0.5551   | 0.4954 
3-5  | 59    | 0.3917   | 0.3926   | 0.3158 
6+   | 276   | 0.3081   | 0.2990   | 0.2559 

Epoch 32: loss = 0.164652 phase = B val_loss = 0.150159 delta_mae_pts = 0.3412 recap_mae_pts = 0.3412 cat_mae_pts = 0.4191 total_mae_pts = 0.9348 vs_inertia_pts = 0.0725 vs_quad_pts = 0.3050 lr_base = 0.000681 lr_mult = 1.0000 lr_eff = 0.000681 mon_cov = 0.966 mon_score = 1.2760 progress = 33/120 epoch_sec = 92.7 avg_epoch_sec = 92.2 elapsed = 00:50:41 eta = 02:13:37
Epoch 32 memory(end): tensors=258, buffers=258, bytes=18.3MB
Saved BEST-DELTA checkpoint @epoch 32 delta_mae_pts = 0.3412 monitor_score = 1.2398 -> models\v9_subcaption_fixed\v9fix_datefwd_calib_auto_w1p0_cov4_1779510034812\best 
Saved BEST-PHASE-B checkpoint @epoch 32 delta_mae_pts = 0.3412 -> models\v9_subcaption_fixed\v9fix_datefwd_calib_auto_w1p0_cov4_1779510034812\best_phase_b 
[curriculum] phase=B age=23/30 delta=0.3412 phase_best=0.3412 stall=0/6 cov=0.966/0.900 min=ok cov_gate=ok next=hold

Epoch 33: Phase B (A_end=10, B_end=40, C_ramp=80) Weights {"totalWeight":0,"recapWeight":0.4633333333333334,"deltaWeight":0.8133333333333335,"categoryWeight":0.05,"quantileWeight":0.08133333333333334,"consistencyWeight":0,"identityDropoutRate":0.95}, Scales {"judgeBias":0.825,"corps":0.22857142857142856}, SeqLen 15, ID_Drop 0.950, WFW 1.307 
Epoch 33 memory(start): tensors=258, buffers=219, bytes=18.3MB

History Bucket Diagnostics (Avg Abs Error per sample, normalized units):
Hist | Count | MAE_Pred | MAE_Base | PredDevFromBase
-----|-------|----------|----------|----------------
0    | 8     | 0.7239   | 3.7696   | 3.9657 
1    | 9     | 0.6042   | 0.9160   | 0.6655 
2    | 11    | 0.4574   | 0.5551   | 0.4257 
3-5  | 59    | 0.4231   | 0.3926   | 0.3269 
6+   | 276   | 0.3194   | 0.2990   | 0.2709 

Epoch 33: loss = 0.167902 phase = B val_loss = 0.157319 delta_mae_pts = 0.3564 recap_mae_pts = 0.3564 cat_mae_pts = 0.4367 total_mae_pts = 0.9891 vs_inertia_pts = 0.0574 vs_quad_pts = 0.2898 lr_base = 0.000675 lr_mult = 1.0000 lr_eff = 0.000675 mon_cov = 0.956 mon_score = 1.3454 progress = 34/120 epoch_sec = 92.5 avg_epoch_sec = 92.2 elapsed = 00:52:14 eta = 02:12:06
Epoch 33 memory(end): tensors=258, buffers=258, bytes=18.3MB
[curriculum] phase=B age=24/30 delta=0.3564 phase_best=0.3412 stall=1/6 cov=0.956/0.900 min=ok cov_gate=ok next=hold

Epoch 34: Phase B (A_end=10, B_end=40, C_ramp=80) Weights {"totalWeight":0,"recapWeight":0.44000000000000006,"deltaWeight":0.8400000000000001,"categoryWeight":0.05,"quantileWeight":0.084,"consistencyWeight":0,"identityDropoutRate":0.95}, Scales {"judgeBias":0.85,"corps":0.2571428571428571}, SeqLen 15, ID_Drop 0.954, WFW 1.354 
Epoch 34 memory(start): tensors=258, buffers=258, bytes=18.3MB

History Bucket Diagnostics (Avg Abs Error per sample, normalized units):
Hist | Count | MAE_Pred | MAE_Base | PredDevFromBase
-----|-------|----------|----------|----------------
0    | 8     | 0.6911   | 3.7696   | 3.5333 
1    | 9     | 0.7169   | 0.9160   | 0.4888 
2    | 11    | 0.5101   | 0.5551   | 0.3278 
3-5  | 59    | 0.4973   | 0.3926   | 0.3866 
6+   | 276   | 0.3579   | 0.2990   | 0.3150 

Epoch 34: loss = 0.165938 phase = B val_loss = 0.176257 delta_mae_pts = 0.4014 recap_mae_pts = 0.4014 cat_mae_pts = 0.5057 total_mae_pts = 1.2263 vs_inertia_pts = 0.0123 vs_quad_pts = 0.2447 lr_base = 0.000669 lr_mult = 1.0000 lr_eff = 0.000669 mon_cov = 0.937 mon_score = 1.6278 progress = 35/120 epoch_sec = 92.5 avg_epoch_sec = 92.2 elapsed = 00:53:46 eta = 02:10:35
Epoch 34 memory(end): tensors=258, buffers=258, bytes=18.3MB
[curriculum] phase=B age=25/30 delta=0.4014 phase_best=0.3412 stall=2/6 cov=0.937/0.900 min=ok cov_gate=ok next=hold

Epoch 35: Phase B (A_end=10, B_end=40, C_ramp=80) Weights {"totalWeight":0,"recapWeight":0.41666666666666663,"deltaWeight":0.8666666666666667,"categoryWeight":0.05,"quantileWeight":0.08666666666666667,"consistencyWeight":0,"identityDropoutRate":0.95}, Scales {"judgeBias":0.875,"corps":0.2857142857142857}, SeqLen 15, ID_Drop 0.951, WFW 1.396 
Epoch 35 memory(start): tensors=258, buffers=258, bytes=18.3MB

History Bucket Diagnostics (Avg Abs Error per sample, normalized units):
Hist | Count | MAE_Pred | MAE_Base | PredDevFromBase
-----|-------|----------|----------|----------------
0    | 8     | 0.6438   | 3.7696   | 3.7325 
1    | 9     | 0.6632   | 0.9160   | 0.7118 
2    | 11    | 0.4779   | 0.5551   | 0.4386 
3-5  | 59    | 0.4483   | 0.3926   | 0.3355 
6+   | 276   | 0.3220   | 0.2990   | 0.2671 

Epoch 35: loss = 0.169713 phase = B val_loss = 0.164269 delta_mae_pts = 0.3628 recap_mae_pts = 0.3628 cat_mae_pts = 0.4379 total_mae_pts = 1.0120 vs_inertia_pts = 0.0509 vs_quad_pts = 0.2834 lr_base = 0.000662 lr_mult = 1.0000 lr_eff = 0.000662 mon_cov = 0.952 mon_score = 1.3748 progress = 36/120 epoch_sec = 91.4 avg_epoch_sec = 92.2 elapsed = 00:55:18 eta = 02:09:01
Epoch 35 memory(end): tensors=258, buffers=258, bytes=18.3MB
[curriculum] phase=B age=26/30 delta=0.3628 phase_best=0.3412 stall=3/6 cov=0.952/0.900 min=ok cov_gate=ok next=hold

Epoch 36: Phase B (A_end=10, B_end=40, C_ramp=80) Weights {"totalWeight":0,"recapWeight":0.3933333333333333,"deltaWeight":0.8933333333333333,"categoryWeight":0.05,"quantileWeight":0.08933333333333335,"consistencyWeight":0,"identityDropoutRate":0.95}, Scales {"judgeBias":0.9,"corps":0.3142857142857143}, SeqLen 15, ID_Drop 0.950, WFW 1.432 
Epoch 36 memory(start): tensors=258, buffers=258, bytes=18.3MB

History Bucket Diagnostics (Avg Abs Error per sample, normalized units):
Hist | Count | MAE_Pred | MAE_Base | PredDevFromBase
-----|-------|----------|----------|----------------
0    | 8     | 0.7008   | 3.7696   | 3.9225 
1    | 9     | 0.6353   | 0.9160   | 0.7115 
2    | 11    | 0.3961   | 0.5551   | 0.4506 
3-5  | 59    | 0.4405   | 0.3926   | 0.3408 
6+   | 276   | 0.3293   | 0.2990   | 0.2893 

Epoch 36: loss = 0.172211 phase = B val_loss = 0.168301 delta_mae_pts = 0.3652 recap_mae_pts = 0.3652 cat_mae_pts = 0.4480 total_mae_pts = 0.9989 vs_inertia_pts = 0.0485 vs_quad_pts = 0.2810 lr_base = 0.000655 lr_mult = 1.0000 lr_eff = 0.000655 mon_cov = 0.957 mon_score = 1.3641 progress = 37/120 epoch_sec = 91.9 avg_epoch_sec = 92.1 elapsed = 00:56:49 eta = 02:07:28
Epoch 36 memory(end): tensors=258, buffers=258, bytes=18.3MB
[curriculum] phase=B age=27/30 delta=0.3652 phase_best=0.3412 stall=4/6 cov=0.957/0.900 min=ok cov_gate=ok next=hold

Epoch 37: Phase B (A_end=10, B_end=40, C_ramp=80) Weights {"totalWeight":0,"recapWeight":0.37,"deltaWeight":0.9200000000000002,"categoryWeight":0.05,"quantileWeight":0.09200000000000001,"consistencyWeight":0,"identityDropoutRate":0.95}, Scales {"judgeBias":0.925,"corps":0.34285714285714286}, SeqLen 15, ID_Drop 0.945, WFW 1.461 
Epoch 37 memory(start): tensors=258, buffers=258, bytes=18.3MB

History Bucket Diagnostics (Avg Abs Error per sample, normalized units):
Hist | Count | MAE_Pred | MAE_Base | PredDevFromBase
-----|-------|----------|----------|----------------
0    | 8     | 0.6217   | 3.7696   | 3.9052 
1    | 9     | 0.6015   | 0.9160   | 0.9173 
2    | 11    | 0.4774   | 0.5551   | 0.5829 
3-5  | 59    | 0.3880   | 0.3926   | 0.3704 
6+   | 276   | 0.3464   | 0.2990   | 0.3174 

Epoch 37: loss = 0.175605 phase = B val_loss = 0.170189 delta_mae_pts = 0.3696 recap_mae_pts = 0.3696 cat_mae_pts = 0.4479 total_mae_pts = 1.0648 vs_inertia_pts = 0.0442 vs_quad_pts = 0.2766 lr_base = 0.000648 lr_mult = 1.0000 lr_eff = 0.000648 mon_cov = 0.955 mon_score = 1.4344 progress = 38/120 epoch_sec = 92.3 avg_epoch_sec = 92.1 elapsed = 00:58:22 eta = 02:05:56
Epoch 37 memory(end): tensors=258, buffers=258, bytes=18.3MB
[curriculum] phase=B age=28/30 delta=0.3696 phase_best=0.3412 stall=5/6 cov=0.955/0.900 min=ok cov_gate=ok next=hold

Epoch 38: Phase B (A_end=10, B_end=40, C_ramp=80) Weights {"totalWeight":0,"recapWeight":0.3466666666666667,"deltaWeight":0.9466666666666668,"categoryWeight":0.05,"quantileWeight":0.09466666666666668,"consistencyWeight":0,"identityDropoutRate":0.95}, Scales {"judgeBias":0.95,"corps":0.37142857142857144}, SeqLen 15, ID_Drop 0.954, WFW 1.482 
Epoch 38 memory(start): tensors=258, buffers=258, bytes=18.3MB

History Bucket Diagnostics (Avg Abs Error per sample, normalized units):
Hist | Count | MAE_Pred | MAE_Base | PredDevFromBase
-----|-------|----------|----------|----------------
0    | 8     | 0.7090   | 3.7696   | 3.8337 
1    | 9     | 0.6253   | 0.9160   | 0.6012 
2    | 11    | 0.4507   | 0.5551   | 0.4080 
3-5  | 59    | 0.4109   | 0.3926   | 0.3277 
6+   | 276   | 0.3265   | 0.2990   | 0.2938 

Epoch 38: loss = 0.177527 phase = B val_loss = 0.170048 delta_mae_pts = 0.3598 recap_mae_pts = 0.3598 cat_mae_pts = 0.4478 total_mae_pts = 1.0183 vs_inertia_pts = 0.0539 vs_quad_pts = 0.2864 lr_base = 0.000641 lr_mult = 1.0000 lr_eff = 0.000641 mon_cov = 0.954 mon_score = 1.3781 progress = 39/120 epoch_sec = 92.1 avg_epoch_sec = 92.1 elapsed = 00:59:54 eta = 02:04:24
Epoch 38 memory(end): tensors=258, buffers=258, bytes=18.3MB
[curriculum] phase=B age=29/30 delta=0.3598 phase_best=0.3412 stall=6/6 cov=0.954/0.900 min=ok cov_gate=ok next=advance:plateau

--- AUTO CURRICULUM: B -> C at next epoch 39 (reason=delta_plateau, delta=0.3598, coverage=0.954) ---

Epoch 39: Phase C (A_end=10, B_end=39, C_ramp=80) Weights {"totalWeight":0.02,"recapWeight":0.3,"deltaWeight":1,"categoryWeight":0.05,"quantileWeight":0.1,"consistencyWeight":0,"identityDropoutRate":1}, Scales {"judgeBias":0.975,"corps":0.4}, SeqLen 15, ID_Drop 1.000, WFW 1.500 
Epoch 39 memory(start): tensors=258, buffers=258, bytes=18.3MB

History Bucket Diagnostics (Avg Abs Error per sample, normalized units):
Hist | Count | MAE_Pred | MAE_Base | PredDevFromBase
-----|-------|----------|----------|----------------
0    | 8     | 0.7628   | 3.7696   | 4.0282 
1    | 9     | 0.6251   | 0.9160   | 0.7856 
2    | 11    | 0.4320   | 0.5551   | 0.4981 
3-5  | 59    | 0.4039   | 0.3926   | 0.3382 
6+   | 276   | 0.3219   | 0.2990   | 0.2799 

Epoch 39: loss = 0.180923 phase = C val_loss = 0.173869 delta_mae_pts = 0.3558 recap_mae_pts = 0.3558 cat_mae_pts = 0.4258 total_mae_pts = 0.9614 vs_inertia_pts = 0.0579 vs_quad_pts = 0.2903 lr_base = 0.000633 lr_mult = 1.0000 lr_eff = 0.000633 mon_cov = 0.963 mon_score = 0.5031 progress = 40/120 epoch_sec = 91.0 avg_epoch_sec = 92.1 elapsed = 01:01:25 eta = 02:02:50
Epoch 39 memory(end): tensors=258, buffers=258, bytes=18.3MB
Saved BEST-PHASE-C checkpoint @epoch 39 delta_mae_pts = 0.3558 -> models\v9_subcaption_fixed\v9fix_datefwd_calib_auto_w1p0_cov4_1779510034812\best_phase_c 
[curriculum] phase=C age=1 ramp=80 delta=0.3558 cov=0.963 best_global_delta=0.3412

Epoch 40: Phase C (A_end=10, B_end=39, C_ramp=80) Weights {"totalWeight":0.021,"recapWeight":0.296875,"deltaWeight":1.109375,"categoryWeight":0.05,"quantileWeight":0.1125,"consistencyWeight":0,"identityDropoutRate":1}, Scales {"judgeBias":1,"corps":0.42857142857142855}, SeqLen 15, ID_Drop 1.000, WFW 1.500 
Epoch 40 memory(start): tensors=258, buffers=258, bytes=18.3MB

History Bucket Diagnostics (Avg Abs Error per sample, normalized units):
Hist | Count | MAE_Pred | MAE_Base | PredDevFromBase
-----|-------|----------|----------|----------------
0    | 8     | 0.5669   | 3.7696   | 3.6270 
1    | 9     | 0.5809   | 0.9160   | 0.7278 
2    | 11    | 0.4672   | 0.5551   | 0.4557 
3-5  | 59    | 0.4660   | 0.3926   | 0.3523 
6+   | 276   | 0.3319   | 0.2990   | 0.2582 

Epoch 40: loss = 0.194613 phase = C val_loss = 0.192673 delta_mae_pts = 0.3692 recap_mae_pts = 0.3692 cat_mae_pts = 0.4629 total_mae_pts = 1.1217 vs_inertia_pts = 0.0446 vs_quad_pts = 0.2770 lr_base = 0.000626 lr_mult = 1.0000 lr_eff = 0.000626 mon_cov = 0.947 mon_score = 0.5658 progress = 41/120 epoch_sec = 92.4 avg_epoch_sec = 92.1 elapsed = 01:02:57 eta = 02:01:18
Epoch 40 memory(end): tensors=258, buffers=258, bytes=18.3MB
[curriculum] phase=C age=2 ramp=80 delta=0.3692 cov=0.947 best_global_delta=0.3412

Epoch 41: Phase C (A_end=10, B_end=39, C_ramp=80) Weights {"totalWeight":0.022,"recapWeight":0.29375,"deltaWeight":1.21875,"categoryWeight":0.05,"quantileWeight":0.125,"consistencyWeight":0,"identityDropoutRate":1}, Scales {"judgeBias":1,"corps":0.45714285714285713}, SeqLen 15, ID_Drop 1.000, WFW 1.500 
Epoch 41 memory(start): tensors=258, buffers=258, bytes=18.3MB

History Bucket Diagnostics (Avg Abs Error per sample, normalized units):
Hist | Count | MAE_Pred | MAE_Base | PredDevFromBase
-----|-------|----------|----------|----------------
0    | 8     | 0.8103   | 3.7696   | 4.0345 
1    | 9     | 0.6678   | 0.9160   | 0.7671 
2    | 11    | 0.4499   | 0.5551   | 0.4943 
3-5  | 59    | 0.4341   | 0.3926   | 0.3744 
6+   | 276   | 0.3229   | 0.2990   | 0.2933 

Epoch 41: loss = 0.203832 phase = C val_loss = 0.204436 delta_mae_pts = 0.3641 recap_mae_pts = 0.3641 cat_mae_pts = 0.4422 total_mae_pts = 1.0471 vs_inertia_pts = 0.0496 vs_quad_pts = 0.2820 lr_base = 0.000618 lr_mult = 1.0000 lr_eff = 0.000618 mon_cov = 0.961 mon_score = 0.5959 progress = 42/120 epoch_sec = 93.2 avg_epoch_sec = 92.2 elapsed = 01:04:30 eta = 01:59:48
Epoch 41 memory(end): tensors=258, buffers=258, bytes=18.3MB
[curriculum] phase=C age=3 ramp=80 delta=0.3641 cov=0.961 best_global_delta=0.3412

Epoch 42: Phase C (A_end=10, B_end=39, C_ramp=80) Weights {"totalWeight":0.023,"recapWeight":0.29062499999999997,"deltaWeight":1.328125,"categoryWeight":0.05,"quantileWeight":0.1375,"consistencyWeight":0,"identityDropoutRate":1}, Scales {"judgeBias":1,"corps":0.4857142857142857}, SeqLen 15, ID_Drop 1.000, WFW 1.500 
Epoch 42 memory(start): tensors=258, buffers=258, bytes=18.3MB

History Bucket Diagnostics (Avg Abs Error per sample, normalized units):
Hist | Count | MAE_Pred | MAE_Base | PredDevFromBase
-----|-------|----------|----------|----------------
0    | 8     | 0.6840   | 3.7696   | 3.5291 
1    | 9     | 0.6547   | 0.9160   | 0.8440 
2    | 11    | 0.5315   | 0.5551   | 0.5995 
3-5  | 59    | 0.4096   | 0.3926   | 0.3631 
6+   | 276   | 0.3273   | 0.2990   | 0.2918 

Epoch 42: loss = 0.220115 phase = C val_loss = 0.216862 delta_mae_pts = 0.3628 recap_mae_pts = 0.3628 cat_mae_pts = 0.4477 total_mae_pts = 1.0535 vs_inertia_pts = 0.0509 vs_quad_pts = 0.2833 lr_base = 0.000610 lr_mult = 1.0000 lr_eff = 0.000610 mon_cov = 0.956 mon_score = 0.6340 progress = 43/120 epoch_sec = 93.1 avg_epoch_sec = 92.2 elapsed = 01:06:04 eta = 01:58:17
Epoch 42 memory(end): tensors=258, buffers=258, bytes=18.3MB
[curriculum] phase=C age=4 ramp=80 delta=0.3628 cov=0.956 best_global_delta=0.3412

Epoch 43: Phase C (A_end=10, B_end=39, C_ramp=80) Weights {"totalWeight":0.024,"recapWeight":0.2875,"deltaWeight":1.4375,"categoryWeight":0.05,"quantileWeight":0.15000000000000002,"consistencyWeight":0,"identityDropoutRate":1}, Scales {"judgeBias":1,"corps":0.5142857142857142}, SeqLen 15, ID_Drop 1.000, WFW 1.500 
Epoch 43 memory(start): tensors=258, buffers=258, bytes=18.3MB

History Bucket Diagnostics (Avg Abs Error per sample, normalized units):
Hist | Count | MAE_Pred | MAE_Base | PredDevFromBase
-----|-------|----------|----------|----------------
0    | 8     | 0.6835   | 3.7696   | 3.4542 
1    | 9     | 0.7002   | 0.9160   | 0.5610 
2    | 11    | 0.4756   | 0.5551   | 0.3737 
3-5  | 59    | 0.5233   | 0.3926   | 0.3877 
6+   | 276   | 0.3552   | 0.2990   | 0.3032 

Epoch 43: loss = 0.232302 phase = C val_loss = 0.251403 delta_mae_pts = 0.4019 recap_mae_pts = 0.4019 cat_mae_pts = 0.5304 total_mae_pts = 1.3329 vs_inertia_pts = 0.0118 vs_quad_pts = 0.2442 lr_base = 0.000602 lr_mult = 1.0000 lr_eff = 0.000602 mon_cov = 0.923 mon_score = 0.7518 progress = 44/120 epoch_sec = 92.8 avg_epoch_sec = 92.2 elapsed = 01:07:36 eta = 01:56:46
Epoch 43 memory(end): tensors=258, buffers=258, bytes=18.3MB
[curriculum] phase=C age=5 ramp=80 delta=0.4019 cov=0.923 best_global_delta=0.3412

Epoch 44: Phase C (A_end=10, B_end=39, C_ramp=80) Weights {"totalWeight":0.025,"recapWeight":0.284375,"deltaWeight":1.546875,"categoryWeight":0.05,"quantileWeight":0.1625,"consistencyWeight":0,"identityDropoutRate":1}, Scales {"judgeBias":1,"corps":0.5428571428571428}, SeqLen 15, ID_Drop 1.000, WFW 1.500 
Epoch 44 memory(start): tensors=258, buffers=258, bytes=18.3MB

History Bucket Diagnostics (Avg Abs Error per sample, normalized units):
Hist | Count | MAE_Pred | MAE_Base | PredDevFromBase
-----|-------|----------|----------|----------------
0    | 8     | 0.8536   | 3.7696   | 3.9920 
1    | 9     | 0.6022   | 0.9160   | 0.6786 
2    | 11    | 0.4403   | 0.5551   | 0.3718 
3-5  | 59    | 0.4271   | 0.3926   | 0.3242 
6+   | 276   | 0.3193   | 0.2990   | 0.2705 

Epoch 44: loss = 0.246400 phase = C val_loss = 0.241608 delta_mae_pts = 0.3593 recap_mae_pts = 0.3593 cat_mae_pts = 0.4364 total_mae_pts = 1.0052 vs_inertia_pts = 0.0545 vs_quad_pts = 0.2869 lr_base = 0.000593 lr_mult = 1.0000 lr_eff = 0.000593 mon_cov = 0.952 mon_score = 0.7048 progress = 45/120 epoch_sec = 91.8 avg_epoch_sec = 92.2 elapsed = 01:09:08 eta = 01:55:14
Epoch 44 memory(end): tensors=258, buffers=258, bytes=18.3MB
[curriculum] phase=C age=6 ramp=80 delta=0.3593 cov=0.952 best_global_delta=0.3412

Epoch 45: Phase C (A_end=10, B_end=39, C_ramp=80) Weights {"totalWeight":0.026000000000000002,"recapWeight":0.28125,"deltaWeight":1.65625,"categoryWeight":0.05,"quantileWeight":0.175,"consistencyWeight":0,"identityDropoutRate":1}, Scales {"judgeBias":1,"corps":0.5714285714285714}, SeqLen 15, ID_Drop 1.000, WFW 1.500 
Epoch 45 memory(start): tensors=258, buffers=258, bytes=18.3MB

History Bucket Diagnostics (Avg Abs Error per sample, normalized units):
Hist | Count | MAE_Pred | MAE_Base | PredDevFromBase
-----|-------|----------|----------|----------------
0    | 8     | 0.5693   | 3.7696   | 3.6698 
1    | 9     | 0.6014   | 0.9160   | 0.6222 
2    | 11    | 0.4668   | 0.5551   | 0.4021 
3-5  | 59    | 0.4418   | 0.3926   | 0.3499 
6+   | 276   | 0.3249   | 0.2990   | 0.2705 

Epoch 45: loss = 0.256776 phase = C val_loss = 0.254700 delta_mae_pts = 0.3605 recap_mae_pts = 0.3605 cat_mae_pts = 0.4406 total_mae_pts = 1.0185 vs_inertia_pts = 0.0533 vs_quad_pts = 0.2857 lr_base = 0.000585 lr_mult = 1.0000 lr_eff = 0.000585 mon_cov = 0.946 mon_score = 0.7469 progress = 46/120 epoch_sec = 92.6 avg_epoch_sec = 92.2 elapsed = 01:10:41 eta = 01:53:42
Epoch 45 memory(end): tensors=258, buffers=258, bytes=18.3MB
[curriculum] phase=C age=7 ramp=80 delta=0.3605 cov=0.946 best_global_delta=0.3412

Epoch 46: Phase C (A_end=10, B_end=39, C_ramp=80) Weights {"totalWeight":0.027,"recapWeight":0.278125,"deltaWeight":1.765625,"categoryWeight":0.05,"quantileWeight":0.1875,"consistencyWeight":0,"identityDropoutRate":1}, Scales {"judgeBias":1,"corps":0.6}, SeqLen 15, ID_Drop 1.000, WFW 1.500 
Epoch 46 memory(start): tensors=258, buffers=258, bytes=18.3MB

History Bucket Diagnostics (Avg Abs Error per sample, normalized units):
Hist | Count | MAE_Pred | MAE_Base | PredDevFromBase
-----|-------|----------|----------|----------------
0    | 8     | 0.6642   | 3.7696   | 3.5627 
1    | 9     | 0.6835   | 0.9160   | 0.5035 
2    | 11    | 0.5170   | 0.5551   | 0.3535 
3-5  | 59    | 0.5492   | 0.3926   | 0.4262 
6+   | 276   | 0.3565   | 0.2990   | 0.3097 

Epoch 46: loss = 0.268240 phase = C val_loss = 0.297516 delta_mae_pts = 0.4076 recap_mae_pts = 0.4076 cat_mae_pts = 0.5282 total_mae_pts = 1.2692 vs_inertia_pts = 0.0061 vs_quad_pts = 0.2386 lr_base = 0.000576 lr_mult = 1.0000 lr_eff = 0.000576 mon_cov = 0.926 mon_score = 0.8937 progress = 47/120 epoch_sec = 91.9 avg_epoch_sec = 92.2 elapsed = 01:12:13 eta = 01:52:09
Epoch 46 memory(end): tensors=258, buffers=258, bytes=18.3MB
[curriculum] phase=C age=8 ramp=80 delta=0.4076 cov=0.926 best_global_delta=0.3412

Epoch 47: Phase C (A_end=10, B_end=39, C_ramp=80) Weights {"totalWeight":0.028,"recapWeight":0.27499999999999997,"deltaWeight":1.875,"categoryWeight":0.05,"quantileWeight":0.2,"consistencyWeight":0,"identityDropoutRate":1}, Scales {"judgeBias":1,"corps":0.6285714285714286}, SeqLen 15, ID_Drop 1.000, WFW 1.500 
Epoch 47 memory(start): tensors=258, buffers=258, bytes=18.3MB

History Bucket Diagnostics (Avg Abs Error per sample, normalized units):
Hist | Count | MAE_Pred | MAE_Base | PredDevFromBase
-----|-------|----------|----------|----------------
0    | 8     | 0.7116   | 3.7696   | 3.7726 
1    | 9     | 0.6252   | 0.9160   | 0.6517 
2    | 11    | 0.4608   | 0.5551   | 0.4530 
3-5  | 59    | 0.4312   | 0.3926   | 0.3453 
6+   | 276   | 0.3205   | 0.2990   | 0.2636 

Epoch 47: loss = 0.278187 phase = C val_loss = 0.280383 delta_mae_pts = 0.3589 recap_mae_pts = 0.3589 cat_mae_pts = 0.4322 total_mae_pts = 0.9775 vs_inertia_pts = 0.0548 vs_quad_pts = 0.2873 lr_base = 0.000567 lr_mult = 1.0000 lr_eff = 0.000567 mon_cov = 0.959 mon_score = 0.8206 progress = 48/120 epoch_sec = 92.0 avg_epoch_sec = 92.2 elapsed = 01:13:45 eta = 01:50:37
Epoch 47 memory(end): tensors=258, buffers=258, bytes=18.3MB
[curriculum] phase=C age=9 ramp=80 delta=0.3589 cov=0.959 best_global_delta=0.3412

Epoch 48: Phase C (A_end=10, B_end=39, C_ramp=80) Weights {"totalWeight":0.029,"recapWeight":0.271875,"deltaWeight":1.984375,"categoryWeight":0.05,"quantileWeight":0.21250000000000002,"consistencyWeight":0,"identityDropoutRate":1}, Scales {"judgeBias":1,"corps":0.6571428571428571}, SeqLen 15, ID_Drop 1.000, WFW 1.500 
Epoch 48 memory(start): tensors=258, buffers=258, bytes=18.3MB

History Bucket Diagnostics (Avg Abs Error per sample, normalized units):
Hist | Count | MAE_Pred | MAE_Base | PredDevFromBase
-----|-------|----------|----------|----------------
0    | 8     | 0.6436   | 3.7696   | 3.7049 
1    | 9     | 0.6295   | 0.9160   | 0.6366 
2    | 11    | 0.4720   | 0.5551   | 0.4550 
3-5  | 59    | 0.4609   | 0.3926   | 0.3662 
6+   | 276   | 0.3303   | 0.2990   | 0.2813 

Epoch 48: loss = 0.287342 phase = C val_loss = 0.300945 delta_mae_pts = 0.3702 recap_mae_pts = 0.3702 cat_mae_pts = 0.4563 total_mae_pts = 1.0840 vs_inertia_pts = 0.0436 vs_quad_pts = 0.2760 lr_base = 0.000558 lr_mult = 1.0000 lr_eff = 0.000558 mon_cov = 0.950 mon_score = 0.8894 progress = 49/120 epoch_sec = 91.2 avg_epoch_sec = 92.2 elapsed = 01:15:16 eta = 01:49:03
Epoch 48 memory(end): tensors=258, buffers=258, bytes=18.3MB
[curriculum] phase=C age=10 ramp=80 delta=0.3702 cov=0.950 best_global_delta=0.3412

Epoch 49: Phase C (A_end=10, B_end=39, C_ramp=80) Weights {"totalWeight":0.03,"recapWeight":0.26875,"deltaWeight":2.09375,"categoryWeight":0.05,"quantileWeight":0.225,"consistencyWeight":0,"identityDropoutRate":1}, Scales {"judgeBias":1,"corps":0.6857142857142857}, SeqLen 15, ID_Drop 1.000, WFW 1.500 
Epoch 49 memory(start): tensors=258, buffers=258, bytes=18.3MB

History Bucket Diagnostics (Avg Abs Error per sample, normalized units):
Hist | Count | MAE_Pred | MAE_Base | PredDevFromBase
-----|-------|----------|----------|----------------
0    | 8     | 0.6688   | 3.7696   | 3.5337 
1    | 9     | 0.6422   | 0.9160   | 0.6185 
2    | 11    | 0.4549   | 0.5551   | 0.4028 
3-5  | 59    | 0.4810   | 0.3926   | 0.3542 
6+   | 276   | 0.3470   | 0.2990   | 0.2841 

Epoch 49: loss = 0.298962 phase = C val_loss = 0.325237 delta_mae_pts = 0.3865 recap_mae_pts = 0.3865 cat_mae_pts = 0.4769 total_mae_pts = 1.1390 vs_inertia_pts = 0.0272 vs_quad_pts = 0.2597 lr_base = 0.000549 lr_mult = 1.0000 lr_eff = 0.000549 mon_cov = 0.945 mon_score = 0.9711 progress = 50/120 epoch_sec = 92.6 avg_epoch_sec = 92.2 elapsed = 01:16:48 eta = 01:47:32
Epoch 49 memory(end): tensors=258, buffers=258, bytes=18.3MB
[curriculum] phase=C age=11 ramp=80 delta=0.3865 cov=0.945 best_global_delta=0.3412

Epoch 50: Phase C (A_end=10, B_end=39, C_ramp=80) Weights {"totalWeight":0.031,"recapWeight":0.265625,"deltaWeight":2.203125,"categoryWeight":0.05,"quantileWeight":0.23750000000000002,"consistencyWeight":0,"identityDropoutRate":1}, Scales {"judgeBias":1,"corps":0.7142857142857143}, SeqLen 15, ID_Drop 1.000, WFW 1.500 
Epoch 50 memory(start): tensors=258, buffers=258, bytes=18.3MB

History Bucket Diagnostics (Avg Abs Error per sample, normalized units):
Hist | Count | MAE_Pred | MAE_Base | PredDevFromBase
-----|-------|----------|----------|----------------
0    | 8     | 0.6529   | 3.7696   | 3.4445 
1    | 9     | 0.6202   | 0.9160   | 0.6230 
2    | 11    | 0.4660   | 0.5551   | 0.4731 
3-5  | 59    | 0.4151   | 0.3926   | 0.3540 
6+   | 276   | 0.3149   | 0.2990   | 0.2803 

Epoch 50: loss = 0.308660 phase = C val_loss = 0.313497 delta_mae_pts = 0.3508 recap_mae_pts = 0.3508 cat_mae_pts = 0.4275 total_mae_pts = 0.9695 vs_inertia_pts = 0.0629 vs_quad_pts = 0.2954 lr_base = 0.000540 lr_mult = 1.0000 lr_eff = 0.000540 mon_cov = 0.961 mon_score = 0.9174 progress = 51/120 epoch_sec = 91.6 avg_epoch_sec = 92.2 elapsed = 01:18:20 eta = 01:45:59
Epoch 50 memory(end): tensors=258, buffers=258, bytes=18.3MB

-- - CAPTION STATS(Epoch 50)-- - 
GE1: delta_pts = 0.3209, recap_pts = 0.3209, cov = 0.972, width = 1.9254 
GE2: delta_pts = 0.3005, recap_pts = 0.3005, cov = 0.981, width = 1.9700 
VP: delta_pts = 0.3311, recap_pts = 0.3311, cov = 0.975, width = 1.9790 
VA: delta_pts = 0.3233, recap_pts = 0.3233, cov = 0.970, width = 2.0194 
CG: delta_pts = 0.3721, recap_pts = 0.3721, cov = 0.953, width = 2.0241 
MB: delta_pts = 0.3395, recap_pts = 0.3395, cov = 0.964, width = 1.9456 
MA: delta_pts = 0.3803, recap_pts = 0.3803, cov = 0.950, width = 2.0158 
MP: delta_pts = 0.4384, recap_pts = 0.4384, cov = 0.920, width = 1.9976 
----------------------------------

Saved BEST-PHASE-C checkpoint @epoch 50 delta_mae_pts = 0.3508 -> models\v9_subcaption_fixed\v9fix_datefwd_calib_auto_w1p0_cov4_1779510034812\best_phase_c 
[curriculum] phase=C age=12 ramp=80 delta=0.3508 cov=0.961 best_global_delta=0.3412

Epoch 51: Phase C (A_end=10, B_end=39, C_ramp=80) Weights {"totalWeight":0.032,"recapWeight":0.2625,"deltaWeight":2.3125,"categoryWeight":0.05,"quantileWeight":0.25,"consistencyWeight":0,"identityDropoutRate":1}, Scales {"judgeBias":1,"corps":0.7428571428571429}, SeqLen 15, ID_Drop 1.000, WFW 1.500 
Epoch 51 memory(start): tensors=258, buffers=258, bytes=18.3MB

History Bucket Diagnostics (Avg Abs Error per sample, normalized units):
Hist | Count | MAE_Pred | MAE_Base | PredDevFromBase
-----|-------|----------|----------|----------------
0    | 8     | 0.5899   | 3.7696   | 3.7585 
1    | 9     | 0.6310   | 0.9160   | 0.8222 
2    | 11    | 0.5173   | 0.5551   | 0.5487 
3-5  | 59    | 0.4309   | 0.3926   | 0.4245 
6+   | 276   | 0.3364   | 0.2990   | 0.3282 

Epoch 51: loss = 0.316498 phase = C val_loss = 0.339575 delta_mae_pts = 0.3701 recap_mae_pts = 0.3701 cat_mae_pts = 0.4513 total_mae_pts = 1.0209 vs_inertia_pts = 0.0436 vs_quad_pts = 0.2760 lr_base = 0.000530 lr_mult = 1.0000 lr_eff = 0.000530 mon_cov = 0.960 mon_score = 1.0084 progress = 52/120 epoch_sec = 91.5 avg_epoch_sec = 92.1 elapsed = 01:19:51 eta = 01:44:26
Epoch 51 memory(end): tensors=258, buffers=258, bytes=18.3MB
[curriculum] phase=C age=13 ramp=80 delta=0.3701 cov=0.960 best_global_delta=0.3412

Epoch 52: Phase C (A_end=10, B_end=39, C_ramp=80) Weights {"totalWeight":0.033,"recapWeight":0.25937499999999997,"deltaWeight":2.421875,"categoryWeight":0.05,"quantileWeight":0.2625,"consistencyWeight":0,"identityDropoutRate":1}, Scales {"judgeBias":1,"corps":0.7714285714285715}, SeqLen 15, ID_Drop 1.000, WFW 1.500 
Epoch 52 memory(start): tensors=258, buffers=258, bytes=18.3MB

History Bucket Diagnostics (Avg Abs Error per sample, normalized units):
Hist | Count | MAE_Pred | MAE_Base | PredDevFromBase
-----|-------|----------|----------|----------------
0    | 8     | 0.5473   | 3.7696   | 3.7553 
1    | 9     | 0.6248   | 0.9160   | 0.8070 
2    | 11    | 0.4424   | 0.5551   | 0.4859 
3-5  | 59    | 0.4520   | 0.3926   | 0.3669 
6+   | 276   | 0.3352   | 0.2990   | 0.2744 

Epoch 52: loss = 0.337205 phase = C val_loss = 0.353292 delta_mae_pts = 0.3692 recap_mae_pts = 0.3692 cat_mae_pts = 0.4837 total_mae_pts = 1.1513 vs_inertia_pts = 0.0445 vs_quad_pts = 0.2769 lr_base = 0.000521 lr_mult = 1.0000 lr_eff = 0.000521 mon_cov = 0.951 mon_score = 1.0522 progress = 53/120 epoch_sec = 91.8 avg_epoch_sec = 92.1 elapsed = 01:21:23 eta = 01:42:53
Epoch 52 memory(end): tensors=258, buffers=258, bytes=18.3MB
[curriculum] phase=C age=14 ramp=80 delta=0.3692 cov=0.951 best_global_delta=0.3412

Epoch 53: Phase C (A_end=10, B_end=39, C_ramp=80) Weights {"totalWeight":0.034,"recapWeight":0.25625,"deltaWeight":2.53125,"categoryWeight":0.05,"quantileWeight":0.275,"consistencyWeight":0,"identityDropoutRate":1}, Scales {"judgeBias":1,"corps":0.8}, SeqLen 15, ID_Drop 1.000, WFW 1.500 
Epoch 53 memory(start): tensors=258, buffers=258, bytes=18.3MB

History Bucket Diagnostics (Avg Abs Error per sample, normalized units):
Hist | Count | MAE_Pred | MAE_Base | PredDevFromBase
-----|-------|----------|----------|----------------
0    | 8     | 0.5760   | 3.7696   | 3.6376 
1    | 9     | 0.6075   | 0.9160   | 0.7692 
2    | 11    | 0.4768   | 0.5551   | 0.5354 
3-5  | 59    | 0.4439   | 0.3926   | 0.3964 
6+   | 276   | 0.3587   | 0.2990   | 0.3164 

Epoch 53: loss = 0.342857 phase = C val_loss = 0.381858 delta_mae_pts = 0.3871 recap_mae_pts = 0.3871 cat_mae_pts = 0.4888 total_mae_pts = 1.0666 vs_inertia_pts = 0.0266 vs_quad_pts = 0.2591 lr_base = 0.000511 lr_mult = 1.0000 lr_eff = 0.000511 mon_cov = 0.944 mon_score = 1.1397 progress = 54/120 epoch_sec = 92.1 avg_epoch_sec = 92.1 elapsed = 01:22:55 eta = 01:41:21
Epoch 53 memory(end): tensors=258, buffers=258, bytes=18.3MB
[curriculum] phase=C age=15 ramp=80 delta=0.3871 cov=0.944 best_global_delta=0.3412

Epoch 54: Phase C (A_end=10, B_end=39, C_ramp=80) Weights {"totalWeight":0.035,"recapWeight":0.253125,"deltaWeight":2.640625,"categoryWeight":0.05,"quantileWeight":0.2875,"consistencyWeight":0,"identityDropoutRate":1}, Scales {"judgeBias":1,"corps":0.8285714285714286}, SeqLen 15, ID_Drop 1.000, WFW 1.500 
Epoch 54 memory(start): tensors=258, buffers=258, bytes=18.3MB

History Bucket Diagnostics (Avg Abs Error per sample, normalized units):
Hist | Count | MAE_Pred | MAE_Base | PredDevFromBase
-----|-------|----------|----------|----------------
0    | 8     | 0.6277   | 3.7696   | 3.5128 
1    | 9     | 0.6134   | 0.9160   | 0.5365 
2    | 11    | 0.4470   | 0.5551   | 0.3828 
3-5  | 59    | 0.4833   | 0.3926   | 0.3675 
6+   | 276   | 0.3483   | 0.2990   | 0.2848 

Epoch 54: loss = 0.357724 phase = C val_loss = 0.395271 delta_mae_pts = 0.3860 recap_mae_pts = 0.3860 cat_mae_pts = 0.4910 total_mae_pts = 1.1989 vs_inertia_pts = 0.0278 vs_quad_pts = 0.2602 lr_base = 0.000501 lr_mult = 1.0000 lr_eff = 0.000501 mon_cov = 0.946 mon_score = 1.1834 progress = 55/120 epoch_sec = 94.0 avg_epoch_sec = 92.2 elapsed = 01:24:29 eta = 01:39:51
Epoch 54 memory(end): tensors=258, buffers=258, bytes=18.3MB
[curriculum] phase=C age=16 ramp=80 delta=0.3860 cov=0.946 best_global_delta=0.3412

Epoch 55: Phase C (A_end=10, B_end=39, C_ramp=80) Weights {"totalWeight":0.036000000000000004,"recapWeight":0.25,"deltaWeight":2.75,"categoryWeight":0.05,"quantileWeight":0.30000000000000004,"consistencyWeight":0,"identityDropoutRate":1}, Scales {"judgeBias":1,"corps":0.8571428571428571}, SeqLen 15, ID_Drop 1.000, WFW 1.500 
Epoch 55 memory(start): tensors=258, buffers=258, bytes=18.3MB

History Bucket Diagnostics (Avg Abs Error per sample, normalized units):
Hist | Count | MAE_Pred | MAE_Base | PredDevFromBase
-----|-------|----------|----------|----------------
0    | 8     | 0.6088   | 3.7696   | 3.7031 
1    | 9     | 0.6080   | 0.9160   | 0.8393 
2    | 11    | 0.4503   | 0.5551   | 0.5366 
3-5  | 59    | 0.4206   | 0.3926   | 0.3886 
6+   | 276   | 0.3359   | 0.2990   | 0.3053 

Epoch 55: loss = 0.365051 phase = C val_loss = 0.392000 delta_mae_pts = 0.3659 recap_mae_pts = 0.3659 cat_mae_pts = 0.4565 total_mae_pts = 0.9918 vs_inertia_pts = 0.0479 vs_quad_pts = 0.2803 lr_base = 0.000491 lr_mult = 1.0000 lr_eff = 0.000491 mon_cov = 0.961 mon_score = 1.1561 progress = 56/120 epoch_sec = 93.3 avg_epoch_sec = 92.2 elapsed = 01:26:03 eta = 01:38:20
Epoch 55 memory(end): tensors=258, buffers=258, bytes=18.3MB
[curriculum] phase=C age=17 ramp=80 delta=0.3659 cov=0.961 best_global_delta=0.3412

Epoch 56: Phase C (A_end=10, B_end=39, C_ramp=80) Weights {"totalWeight":0.037000000000000005,"recapWeight":0.24687499999999998,"deltaWeight":2.859375,"categoryWeight":0.05,"quantileWeight":0.3125,"consistencyWeight":0,"identityDropoutRate":1}, Scales {"judgeBias":1,"corps":0.8857142857142857}, SeqLen 15, ID_Drop 1.000, WFW 1.500 
Epoch 56 memory(start): tensors=258, buffers=258, bytes=18.3MB

History Bucket Diagnostics (Avg Abs Error per sample, normalized units):
Hist | Count | MAE_Pred | MAE_Base | PredDevFromBase
-----|-------|----------|----------|----------------
0    | 8     | 0.6516   | 3.7696   | 3.6109 
1    | 9     | 0.6175   | 0.9160   | 0.6831 
2    | 11    | 0.4654   | 0.5551   | 0.4056 
3-5  | 59    | 0.4725   | 0.3926   | 0.3796 
6+   | 276   | 0.3315   | 0.2990   | 0.2933 

Epoch 56: loss = 0.377126 phase = C val_loss = 0.410367 delta_mae_pts = 0.3726 recap_mae_pts = 0.3726 cat_mae_pts = 0.4630 total_mae_pts = 1.1058 vs_inertia_pts = 0.0411 vs_quad_pts = 0.2735 lr_base = 0.000482 lr_mult = 1.0000 lr_eff = 0.000482 mon_cov = 0.955 mon_score = 1.2216 progress = 57/120 epoch_sec = 92.5 avg_epoch_sec = 92.2 elapsed = 01:27:35 eta = 01:36:48
Epoch 56 memory(end): tensors=258, buffers=258, bytes=18.3MB
[curriculum] phase=C age=18 ramp=80 delta=0.3726 cov=0.955 best_global_delta=0.3412

Epoch 57: Phase C (A_end=10, B_end=39, C_ramp=80) Weights {"totalWeight":0.038000000000000006,"recapWeight":0.24375,"deltaWeight":2.96875,"categoryWeight":0.05,"quantileWeight":0.325,"consistencyWeight":0,"identityDropoutRate":1}, Scales {"judgeBias":1,"corps":0.9142857142857143}, SeqLen 15, ID_Drop 1.000, WFW 1.500 
Epoch 57 memory(start): tensors=258, buffers=258, bytes=18.3MB

History Bucket Diagnostics (Avg Abs Error per sample, normalized units):
Hist | Count | MAE_Pred | MAE_Base | PredDevFromBase
-----|-------|----------|----------|----------------
0    | 8     | 0.7120   | 3.7696   | 3.8465 
1    | 9     | 0.6245   | 0.9160   | 0.6979 
2    | 11    | 0.4303   | 0.5551   | 0.4680 
3-5  | 59    | 0.4377   | 0.3926   | 0.3962 
6+   | 276   | 0.3138   | 0.2990   | 0.2923 

Epoch 57: loss = 0.382144 phase = C val_loss = 0.407244 delta_mae_pts = 0.3540 recap_mae_pts = 0.3540 cat_mae_pts = 0.4440 total_mae_pts = 1.0382 vs_inertia_pts = 0.0597 vs_quad_pts = 0.2922 lr_base = 0.000472 lr_mult = 1.0000 lr_eff = 0.000472 mon_cov = 0.955 mon_score = 1.1988 progress = 58/120 epoch_sec = 91.9 avg_epoch_sec = 92.2 elapsed = 01:29:07 eta = 01:35:16
Epoch 57 memory(end): tensors=258, buffers=258, bytes=18.3MB
[curriculum] phase=C age=19 ramp=80 delta=0.3540 cov=0.955 best_global_delta=0.3412

--- NO MONITOR IMPROVEMENT FOR 18 EPOCHS: plateau multiplier 1.0000 -> 0.5000, effective LR 0.000236 ---

Epoch 58: Phase C (A_end=10, B_end=39, C_ramp=80) Weights {"totalWeight":0.039,"recapWeight":0.24062499999999998,"deltaWeight":3.078125,"categoryWeight":0.05,"quantileWeight":0.3375,"consistencyWeight":0,"identityDropoutRate":1}, Scales {"judgeBias":1,"corps":0.9428571428571428}, SeqLen 15, ID_Drop 1.000, WFW 1.500 
Epoch 58 memory(start): tensors=258, buffers=258, bytes=18.3MB

History Bucket Diagnostics (Avg Abs Error per sample, normalized units):
Hist | Count | MAE_Pred | MAE_Base | PredDevFromBase
-----|-------|----------|----------|----------------
0    | 8     | 0.6672   | 3.7696   | 3.7596 
1    | 9     | 0.6121   | 0.9160   | 0.7013 
2    | 11    | 0.4511   | 0.5551   | 0.4630 
3-5  | 59    | 0.4479   | 0.3926   | 0.3831 
6+   | 276   | 0.3226   | 0.2990   | 0.2927 

Epoch 58: loss = 0.374415 phase = C val_loss = 0.426131 delta_mae_pts = 0.3616 recap_mae_pts = 0.3616 cat_mae_pts = 0.4465 total_mae_pts = 1.0331 vs_inertia_pts = 0.0521 vs_quad_pts = 0.2846 lr_base = 0.000461 lr_mult = 0.5000 lr_eff = 0.000231 mon_cov = 0.948 mon_score = 1.2627 progress = 59/120 epoch_sec = 92.0 avg_epoch_sec = 92.2 elapsed = 01:30:39 eta = 01:33:43
Epoch 58 memory(end): tensors=258, buffers=258, bytes=18.3MB
[curriculum] phase=C age=20 ramp=80 delta=0.3616 cov=0.948 best_global_delta=0.3412

Epoch 59: Phase C (A_end=10, B_end=39, C_ramp=80) Weights {"totalWeight":0.04,"recapWeight":0.2375,"deltaWeight":3.1875,"categoryWeight":0.05,"quantileWeight":0.35,"consistencyWeight":0,"identityDropoutRate":1}, Scales {"judgeBias":1,"corps":0.9714285714285714}, SeqLen 15, ID_Drop 1.000, WFW 1.500 
Epoch 59 memory(start): tensors=258, buffers=258, bytes=18.3MB

History Bucket Diagnostics (Avg Abs Error per sample, normalized units):
Hist | Count | MAE_Pred | MAE_Base | PredDevFromBase
-----|-------|----------|----------|----------------
0    | 8     | 0.6499   | 3.7696   | 3.7875 
1    | 9     | 0.6019   | 0.9160   | 0.6903 
2    | 11    | 0.4481   | 0.5551   | 0.4505 
3-5  | 59    | 0.4680   | 0.3926   | 0.3840 
6+   | 276   | 0.3239   | 0.2990   | 0.2827 

Epoch 59: loss = 0.379194 phase = C val_loss = 0.443549 delta_mae_pts = 0.3651 recap_mae_pts = 0.3651 cat_mae_pts = 0.4621 total_mae_pts = 1.0714 vs_inertia_pts = 0.0486 vs_quad_pts = 0.2810 lr_base = 0.000451 lr_mult = 0.5000 lr_eff = 0.000226 mon_cov = 0.950 mon_score = 1.3166 progress = 60/120 epoch_sec = 92.4 avg_epoch_sec = 92.2 elapsed = 01:32:11 eta = 01:32:11
Epoch 59 memory(end): tensors=258, buffers=258, bytes=18.3MB
[curriculum] phase=C age=21 ramp=80 delta=0.3651 cov=0.950 best_global_delta=0.3412

Epoch 60: Phase C (A_end=10, B_end=39, C_ramp=80) Weights {"totalWeight":0.041,"recapWeight":0.234375,"deltaWeight":3.296875,"categoryWeight":0.05,"quantileWeight":0.36250000000000004,"consistencyWeight":0,"identityDropoutRate":1}, Scales {"judgeBias":1,"corps":1}, SeqLen 15, ID_Drop 1.000, WFW 1.500 
Epoch 60 memory(start): tensors=258, buffers=258, bytes=18.3MB

History Bucket Diagnostics (Avg Abs Error per sample, normalized units):
Hist | Count | MAE_Pred | MAE_Base | PredDevFromBase
-----|-------|----------|----------|----------------
0    | 8     | 0.6882   | 3.7696   | 3.9469 
1    | 9     | 0.6259   | 0.9160   | 0.7663 
2    | 11    | 0.4562   | 0.5551   | 0.5256 
3-5  | 59    | 0.4383   | 0.3926   | 0.3966 
6+   | 276   | 0.3207   | 0.2990   | 0.3050 

Epoch 60: loss = 0.390765 phase = C val_loss = 0.450513 delta_mae_pts = 0.3596 recap_mae_pts = 0.3596 cat_mae_pts = 0.4515 total_mae_pts = 1.0476 vs_inertia_pts = 0.0541 vs_quad_pts = 0.2866 lr_base = 0.000441 lr_mult = 0.5000 lr_eff = 0.000221 mon_cov = 0.952 mon_score = 1.3353 progress = 61/120 epoch_sec = 92.3 avg_epoch_sec = 92.2 elapsed = 01:33:44 eta = 01:30:39
Epoch 60 memory(end): tensors=258, buffers=258, bytes=18.3MB
[curriculum] phase=C age=22 ramp=80 delta=0.3596 cov=0.952 best_global_delta=0.3412

Epoch 61: Phase C (A_end=10, B_end=39, C_ramp=80) Weights {"totalWeight":0.042,"recapWeight":0.23124999999999998,"deltaWeight":3.40625,"categoryWeight":0.05,"quantileWeight":0.375,"consistencyWeight":0,"identityDropoutRate":1}, Scales {"judgeBias":1,"corps":1}, SeqLen 15, ID_Drop 1.000, WFW 1.500 
Epoch 61 memory(start): tensors=258, buffers=258, bytes=18.3MB

History Bucket Diagnostics (Avg Abs Error per sample, normalized units):
Hist | Count | MAE_Pred | MAE_Base | PredDevFromBase
-----|-------|----------|----------|----------------
0    | 8     | 0.6657   | 3.7696   | 3.8318 
1    | 9     | 0.6101   | 0.9160   | 0.7278 
2    | 11    | 0.4531   | 0.5551   | 0.4738 
3-5  | 59    | 0.4565   | 0.3926   | 0.3982 
6+   | 276   | 0.3254   | 0.2990   | 0.2999 

Epoch 61: loss = 0.393860 phase = C val_loss = 0.469696 delta_mae_pts = 0.3652 recap_mae_pts = 0.3652 cat_mae_pts = 0.4579 total_mae_pts = 1.0512 vs_inertia_pts = 0.0486 vs_quad_pts = 0.2810 lr_base = 0.000431 lr_mult = 0.5000 lr_eff = 0.000216 mon_cov = 0.952 mon_score = 1.3953 progress = 62/120 epoch_sec = 92.2 avg_epoch_sec = 92.2 elapsed = 01:35:16 eta = 01:29:07
Epoch 61 memory(end): tensors=258, buffers=258, bytes=18.3MB
[curriculum] phase=C age=23 ramp=80 delta=0.3652 cov=0.952 best_global_delta=0.3412

Epoch 62: Phase C (A_end=10, B_end=39, C_ramp=80) Weights {"totalWeight":0.043,"recapWeight":0.228125,"deltaWeight":3.515625,"categoryWeight":0.05,"quantileWeight":0.38749999999999996,"consistencyWeight":0,"identityDropoutRate":1}, Scales {"judgeBias":1,"corps":1}, SeqLen 15, ID_Drop 1.000, WFW 1.500 
Epoch 62 memory(start): tensors=258, buffers=258, bytes=18.3MB

History Bucket Diagnostics (Avg Abs Error per sample, normalized units):
Hist | Count | MAE_Pred | MAE_Base | PredDevFromBase
-----|-------|----------|----------|----------------
0    | 8     | 0.6424   | 3.7696   | 3.6859 
1    | 9     | 0.6237   | 0.9160   | 0.6663 
2    | 11    | 0.4347   | 0.5551   | 0.4550 
3-5  | 59    | 0.4713   | 0.3926   | 0.3914 
6+   | 276   | 0.3294   | 0.2990   | 0.2993 

Epoch 62: loss = 0.400688 phase = C val_loss = 0.489737 delta_mae_pts = 0.3699 recap_mae_pts = 0.3699 cat_mae_pts = 0.4718 total_mae_pts = 1.1143 vs_inertia_pts = 0.0439 vs_quad_pts = 0.2763 lr_base = 0.000421 lr_mult = 0.5000 lr_eff = 0.000210 mon_cov = 0.948 mon_score = 1.4562 progress = 63/120 epoch_sec = 91.4 avg_epoch_sec = 92.2 elapsed = 01:36:47 eta = 01:27:34
Epoch 62 memory(end): tensors=258, buffers=258, bytes=18.3MB
[curriculum] phase=C age=24 ramp=80 delta=0.3699 cov=0.948 best_global_delta=0.3412

Epoch 63: Phase C (A_end=10, B_end=39, C_ramp=80) Weights {"totalWeight":0.044,"recapWeight":0.22499999999999998,"deltaWeight":3.625,"categoryWeight":0.05,"quantileWeight":0.4,"consistencyWeight":0,"identityDropoutRate":1}, Scales {"judgeBias":1,"corps":1}, SeqLen 15, ID_Drop 1.000, WFW 1.500 
Epoch 63 memory(start): tensors=258, buffers=258, bytes=18.3MB

History Bucket Diagnostics (Avg Abs Error per sample, normalized units):
Hist | Count | MAE_Pred | MAE_Base | PredDevFromBase
-----|-------|----------|----------|----------------
0    | 8     | 0.7458   | 3.7696   | 3.7766 
1    | 9     | 0.5970   | 0.9160   | 0.6382 
2    | 11    | 0.4340   | 0.5551   | 0.4238 
3-5  | 59    | 0.4823   | 0.3926   | 0.4198 
6+   | 276   | 0.3290   | 0.2990   | 0.3113 

Epoch 63: loss = 0.409402 phase = C val_loss = 0.506572 delta_mae_pts = 0.3730 recap_mae_pts = 0.3730 cat_mae_pts = 0.4790 total_mae_pts = 1.1590 vs_inertia_pts = 0.0408 vs_quad_pts = 0.2732 lr_base = 0.000411 lr_mult = 0.5000 lr_eff = 0.000205 mon_cov = 0.946 mon_score = 1.5109 progress = 64/120 epoch_sec = 92.1 avg_epoch_sec = 92.2 elapsed = 01:38:19 eta = 01:26:02
Epoch 63 memory(end): tensors=258, buffers=258, bytes=18.3MB
[curriculum] phase=C age=25 ramp=80 delta=0.3730 cov=0.946 best_global_delta=0.3412

Epoch 64: Phase C (A_end=10, B_end=39, C_ramp=80) Weights {"totalWeight":0.045,"recapWeight":0.221875,"deltaWeight":3.734375,"categoryWeight":0.05,"quantileWeight":0.4125,"consistencyWeight":0,"identityDropoutRate":1}, Scales {"judgeBias":1,"corps":1}, SeqLen 15, ID_Drop 1.000, WFW 1.500 
Epoch 64 memory(start): tensors=258, buffers=258, bytes=18.3MB

History Bucket Diagnostics (Avg Abs Error per sample, normalized units):
Hist | Count | MAE_Pred | MAE_Base | PredDevFromBase
-----|-------|----------|----------|----------------
0    | 8     | 0.6787   | 3.7696   | 3.7722 
1    | 9     | 0.5990   | 0.9160   | 0.7121 
2    | 11    | 0.4462   | 0.5551   | 0.4765 
3-5  | 59    | 0.4552   | 0.3926   | 0.4089 
6+   | 276   | 0.3252   | 0.2990   | 0.3138 

Epoch 64: loss = 0.418871 phase = C val_loss = 0.509156 delta_mae_pts = 0.3645 recap_mae_pts = 0.3645 cat_mae_pts = 0.4616 total_mae_pts = 1.0717 vs_inertia_pts = 0.0492 vs_quad_pts = 0.2816 lr_base = 0.000400 lr_mult = 0.5000 lr_eff = 0.000200 mon_cov = 0.951 mon_score = 1.5135 progress = 65/120 epoch_sec = 91.0 avg_epoch_sec = 92.2 elapsed = 01:39:50 eta = 01:24:29
Epoch 64 memory(end): tensors=258, buffers=258, bytes=18.3MB
[curriculum] phase=C age=26 ramp=80 delta=0.3645 cov=0.951 best_global_delta=0.3412

Epoch 65: Phase C (A_end=10, B_end=39, C_ramp=80) Weights {"totalWeight":0.046,"recapWeight":0.21875,"deltaWeight":3.84375,"categoryWeight":0.05,"quantileWeight":0.42500000000000004,"consistencyWeight":0,"identityDropoutRate":1}, Scales {"judgeBias":1,"corps":1}, SeqLen 15, ID_Drop 1.000, WFW 1.500 
Epoch 65 memory(start): tensors=258, buffers=258, bytes=18.3MB

History Bucket Diagnostics (Avg Abs Error per sample, normalized units):
Hist | Count | MAE_Pred | MAE_Base | PredDevFromBase
-----|-------|----------|----------|----------------
0    | 8     | 0.6823   | 3.7696   | 3.8011 
1    | 9     | 0.6025   | 0.9160   | 0.7702 
2    | 11    | 0.4500   | 0.5551   | 0.4827 
3-5  | 59    | 0.4310   | 0.3926   | 0.3894 
6+   | 276   | 0.3192   | 0.2990   | 0.3011 

Epoch 65: loss = 0.428581 phase = C val_loss = 0.512511 delta_mae_pts = 0.3563 recap_mae_pts = 0.3563 cat_mae_pts = 0.4454 total_mae_pts = 1.0525 vs_inertia_pts = 0.0574 vs_quad_pts = 0.2898 lr_base = 0.000390 lr_mult = 0.5000 lr_eff = 0.000195 mon_cov = 0.952 mon_score = 1.5183 progress = 66/120 epoch_sec = 92.2 avg_epoch_sec = 92.2 elapsed = 01:41:23 eta = 01:22:57
Epoch 65 memory(end): tensors=258, buffers=258, bytes=18.3MB
[curriculum] phase=C age=27 ramp=80 delta=0.3563 cov=0.952 best_global_delta=0.3412

Epoch 66: Phase C (A_end=10, B_end=39, C_ramp=80) Weights {"totalWeight":0.047,"recapWeight":0.21562499999999998,"deltaWeight":3.953125,"categoryWeight":0.05,"quantileWeight":0.4375,"consistencyWeight":0,"identityDropoutRate":1}, Scales {"judgeBias":1,"corps":1}, SeqLen 15, ID_Drop 1.000, WFW 1.500 
Epoch 66 memory(start): tensors=258, buffers=258, bytes=18.3MB

History Bucket Diagnostics (Avg Abs Error per sample, normalized units):
Hist | Count | MAE_Pred | MAE_Base | PredDevFromBase
-----|-------|----------|----------|----------------
0    | 8     | 0.6832   | 3.7696   | 3.6859 
1    | 9     | 0.5927   | 0.9160   | 0.6923 
2    | 11    | 0.4493   | 0.5551   | 0.4176 
3-5  | 59    | 0.4880   | 0.3926   | 0.4013 
6+   | 276   | 0.3404   | 0.2990   | 0.3011 

Epoch 66: loss = 0.436352 phase = C val_loss = 0.557795 delta_mae_pts = 0.3815 recap_mae_pts = 0.3815 cat_mae_pts = 0.4934 total_mae_pts = 1.2018 vs_inertia_pts = 0.0322 vs_quad_pts = 0.2647 lr_base = 0.000380 lr_mult = 0.5000 lr_eff = 0.000190 mon_cov = 0.943 mon_score = 1.6715 progress = 67/120 epoch_sec = 92.5 avg_epoch_sec = 92.2 elapsed = 01:42:55 eta = 01:21:25
Epoch 66 memory(end): tensors=258, buffers=258, bytes=18.3MB
[curriculum] phase=C age=28 ramp=80 delta=0.3815 cov=0.943 best_global_delta=0.3412

Epoch 67: Phase C (A_end=10, B_end=39, C_ramp=80) Weights {"totalWeight":0.048,"recapWeight":0.2125,"deltaWeight":4.0625,"categoryWeight":0.05,"quantileWeight":0.44999999999999996,"consistencyWeight":0,"identityDropoutRate":1}, Scales {"judgeBias":1,"corps":1}, SeqLen 15, ID_Drop 1.000, WFW 1.500 
Epoch 67 memory(start): tensors=258, buffers=258, bytes=18.3MB

History Bucket Diagnostics (Avg Abs Error per sample, normalized units):
Hist | Count | MAE_Pred | MAE_Base | PredDevFromBase
-----|-------|----------|----------|----------------
0    | 8     | 0.7225   | 3.7696   | 3.8664 
1    | 9     | 0.6053   | 0.9160   | 0.6889 
2    | 11    | 0.4321   | 0.5551   | 0.4381 
3-5  | 59    | 0.4758   | 0.3926   | 0.3977 
6+   | 276   | 0.3302   | 0.2990   | 0.2970 

Epoch 67: loss = 0.443337 phase = C val_loss = 0.559848 delta_mae_pts = 0.3724 recap_mae_pts = 0.3724 cat_mae_pts = 0.4674 total_mae_pts = 1.1189 vs_inertia_pts = 0.0413 vs_quad_pts = 0.2737 lr_base = 0.000369 lr_mult = 0.5000 lr_eff = 0.000185 mon_cov = 0.946 mon_score = 1.6692 progress = 68/120 epoch_sec = 93.0 avg_epoch_sec = 92.2 elapsed = 01:44:28 eta = 01:19:53
Epoch 67 memory(end): tensors=258, buffers=258, bytes=18.3MB
[curriculum] phase=C age=29 ramp=80 delta=0.3724 cov=0.946 best_global_delta=0.3412

Epoch 68: Phase C (A_end=10, B_end=39, C_ramp=80) Weights {"totalWeight":0.049,"recapWeight":0.20937499999999998,"deltaWeight":4.171875,"categoryWeight":0.05,"quantileWeight":0.4625,"consistencyWeight":0,"identityDropoutRate":1}, Scales {"judgeBias":1,"corps":1}, SeqLen 15, ID_Drop 1.000, WFW 1.500 
Epoch 68 memory(start): tensors=258, buffers=258, bytes=18.3MB

History Bucket Diagnostics (Avg Abs Error per sample, normalized units):
Hist | Count | MAE_Pred | MAE_Base | PredDevFromBase
-----|-------|----------|----------|----------------
0    | 8     | 0.6744   | 3.7696   | 3.6791 
1    | 9     | 0.6220   | 0.9160   | 0.6523 
2    | 11    | 0.4393   | 0.5551   | 0.4229 
3-5  | 59    | 0.4828   | 0.3926   | 0.4063 
6+   | 276   | 0.3265   | 0.2990   | 0.2997 

Epoch 68: loss = 0.448003 phase = C val_loss = 0.571165 delta_mae_pts = 0.3703 recap_mae_pts = 0.3703 cat_mae_pts = 0.4712 total_mae_pts = 1.1468 vs_inertia_pts = 0.0434 vs_quad_pts = 0.2759 lr_base = 0.000359 lr_mult = 0.5000 lr_eff = 0.000180 mon_cov = 0.942 mon_score = 1.7021 progress = 69/120 epoch_sec = 92.6 avg_epoch_sec = 92.2 elapsed = 01:46:01 eta = 01:18:21
Epoch 68 memory(end): tensors=258, buffers=258, bytes=18.3MB
[curriculum] phase=C age=30 ramp=80 delta=0.3703 cov=0.942 best_global_delta=0.3412

Epoch 69: Phase C (A_end=10, B_end=39, C_ramp=80) Weights {"totalWeight":0.05,"recapWeight":0.20625,"deltaWeight":4.28125,"categoryWeight":0.05,"quantileWeight":0.475,"consistencyWeight":0,"identityDropoutRate":1}, Scales {"judgeBias":1,"corps":1}, SeqLen 15, ID_Drop 1.000, WFW 1.500 
Epoch 69 memory(start): tensors=258, buffers=258, bytes=18.3MB

History Bucket Diagnostics (Avg Abs Error per sample, normalized units):
Hist | Count | MAE_Pred | MAE_Base | PredDevFromBase
-----|-------|----------|----------|----------------
0    | 8     | 0.7173   | 3.7696   | 3.8461 
1    | 9     | 0.6095   | 0.9160   | 0.6753 
2    | 11    | 0.4376   | 0.5551   | 0.4559 
3-5  | 59    | 0.4919   | 0.3926   | 0.4185 
6+   | 276   | 0.3303   | 0.2990   | 0.3143 

Epoch 69: loss = 0.455860 phase = C val_loss = 0.591117 delta_mae_pts = 0.3753 recap_mae_pts = 0.3753 cat_mae_pts = 0.4786 total_mae_pts = 1.1401 vs_inertia_pts = 0.0384 vs_quad_pts = 0.2709 lr_base = 0.000349 lr_mult = 0.5000 lr_eff = 0.000174 mon_cov = 0.943 mon_score = 1.7650 progress = 70/120 epoch_sec = 92.1 avg_epoch_sec = 92.2 elapsed = 01:47:33 eta = 01:16:49
Epoch 69 memory(end): tensors=258, buffers=258, bytes=18.3MB
[curriculum] phase=C age=31 ramp=80 delta=0.3753 cov=0.943 best_global_delta=0.3412

Epoch 70: Phase C (A_end=10, B_end=39, C_ramp=80) Weights {"totalWeight":0.051000000000000004,"recapWeight":0.203125,"deltaWeight":4.390625,"categoryWeight":0.05,"quantileWeight":0.48750000000000004,"consistencyWeight":0,"identityDropoutRate":1}, Scales {"judgeBias":1,"corps":1}, SeqLen 15, ID_Drop 1.000, WFW 1.500 
Epoch 70 memory(start): tensors=258, buffers=258, bytes=18.3MB

History Bucket Diagnostics (Avg Abs Error per sample, normalized units):
Hist | Count | MAE_Pred | MAE_Base | PredDevFromBase
-----|-------|----------|----------|----------------
0    | 8     | 0.6486   | 3.7696   | 3.7537 
1    | 9     | 0.5864   | 0.9160   | 0.6915 
2    | 11    | 0.4541   | 0.5551   | 0.4684 
3-5  | 59    | 0.4771   | 0.3926   | 0.4140 
6+   | 276   | 0.3296   | 0.2990   | 0.3065 

Epoch 70: loss = 0.462997 phase = C val_loss = 0.598844 delta_mae_pts = 0.3708 recap_mae_pts = 0.3708 cat_mae_pts = 0.4781 total_mae_pts = 1.1454 vs_inertia_pts = 0.0430 vs_quad_pts = 0.2754 lr_base = 0.000339 lr_mult = 0.5000 lr_eff = 0.000169 mon_cov = 0.945 mon_score = 1.7855 progress = 71/120 epoch_sec = 93.2 avg_epoch_sec = 92.2 elapsed = 01:49:06 eta = 01:15:18
Epoch 70 memory(end): tensors=258, buffers=258, bytes=18.3MB
[curriculum] phase=C age=32 ramp=80 delta=0.3708 cov=0.945 best_global_delta=0.3412

Epoch 71: Phase C (A_end=10, B_end=39, C_ramp=80) Weights {"totalWeight":0.052000000000000005,"recapWeight":0.19999999999999998,"deltaWeight":4.5,"categoryWeight":0.05,"quantileWeight":0.5,"consistencyWeight":0,"identityDropoutRate":1}, Scales {"judgeBias":1,"corps":1}, SeqLen 15, ID_Drop 1.000, WFW 1.500 
Epoch 71 memory(start): tensors=258, buffers=258, bytes=18.3MB

History Bucket Diagnostics (Avg Abs Error per sample, normalized units):
Hist | Count | MAE_Pred | MAE_Base | PredDevFromBase
-----|-------|----------|----------|----------------
0    | 8     | 0.7066   | 3.7696   | 3.8537 
1    | 9     | 0.6012   | 0.9160   | 0.7716 
2    | 11    | 0.4573   | 0.5551   | 0.5192 
3-5  | 59    | 0.4675   | 0.3926   | 0.4142 
6+   | 276   | 0.3339   | 0.2990   | 0.3195 

Epoch 71: loss = 0.472021 phase = C val_loss = 0.616524 delta_mae_pts = 0.3742 recap_mae_pts = 0.3742 cat_mae_pts = 0.4774 total_mae_pts = 1.1273 vs_inertia_pts = 0.0395 vs_quad_pts = 0.2720 lr_base = 0.000329 lr_mult = 0.5000 lr_eff = 0.000164 mon_cov = 0.936 mon_score = 1.8413 progress = 72/120 epoch_sec = 92.9 avg_epoch_sec = 92.2 elapsed = 01:50:39 eta = 01:13:46
Epoch 71 memory(end): tensors=258, buffers=258, bytes=18.3MB
[curriculum] phase=C age=33 ramp=80 delta=0.3742 cov=0.936 best_global_delta=0.3412

Epoch 72: Phase C (A_end=10, B_end=39, C_ramp=80) Weights {"totalWeight":0.053000000000000005,"recapWeight":0.196875,"deltaWeight":4.609375,"categoryWeight":0.05,"quantileWeight":0.5125,"consistencyWeight":0,"identityDropoutRate":1}, Scales {"judgeBias":1,"corps":1}, SeqLen 15, ID_Drop 1.000, WFW 1.500 
Epoch 72 memory(start): tensors=258, buffers=258, bytes=18.3MB

History Bucket Diagnostics (Avg Abs Error per sample, normalized units):
Hist | Count | MAE_Pred | MAE_Base | PredDevFromBase
-----|-------|----------|----------|----------------
0    | 8     | 0.7261   | 3.7696   | 3.8129 
1    | 9     | 0.5839   | 0.9160   | 0.7195 
2    | 11    | 0.4491   | 0.5551   | 0.4754 
3-5  | 59    | 0.4719   | 0.3926   | 0.4023 
6+   | 276   | 0.3325   | 0.2990   | 0.3139 

Epoch 72: loss = 0.481498 phase = C val_loss = 0.629113 delta_mae_pts = 0.3736 recap_mae_pts = 0.3736 cat_mae_pts = 0.4768 total_mae_pts = 1.1300 vs_inertia_pts = 0.0402 vs_quad_pts = 0.2726 lr_base = 0.000319 lr_mult = 0.5000 lr_eff = 0.000159 mon_cov = 0.942 mon_score = 1.8792 progress = 73/120 epoch_sec = 92.4 avg_epoch_sec = 92.2 elapsed = 01:52:11 eta = 01:12:14
Epoch 72 memory(end): tensors=258, buffers=258, bytes=18.3MB
[curriculum] phase=C age=34 ramp=80 delta=0.3736 cov=0.942 best_global_delta=0.3412

Epoch 73: Phase C (A_end=10, B_end=39, C_ramp=80) Weights {"totalWeight":0.054000000000000006,"recapWeight":0.19374999999999998,"deltaWeight":4.71875,"categoryWeight":0.05,"quantileWeight":0.525,"consistencyWeight":0,"identityDropoutRate":1}, Scales {"judgeBias":1,"corps":1}, SeqLen 15, ID_Drop 1.000, WFW 1.500 
Epoch 73 memory(start): tensors=258, buffers=258, bytes=18.3MB

History Bucket Diagnostics (Avg Abs Error per sample, normalized units):
Hist | Count | MAE_Pred | MAE_Base | PredDevFromBase
-----|-------|----------|----------|----------------
0    | 8     | 0.7018   | 3.7696   | 3.7178 
1    | 9     | 0.6051   | 0.9160   | 0.6822 
2    | 11    | 0.4441   | 0.5551   | 0.4520 
3-5  | 59    | 0.4851   | 0.3926   | 0.4185 
6+   | 276   | 0.3339   | 0.2990   | 0.3119 

Epoch 73: loss = 0.487086 phase = C val_loss = 0.648906 delta_mae_pts = 0.3766 recap_mae_pts = 0.3766 cat_mae_pts = 0.4869 total_mae_pts = 1.1788 vs_inertia_pts = 0.0371 vs_quad_pts = 0.2695 lr_base = 0.000308 lr_mult = 0.5000 lr_eff = 0.000154 mon_cov = 0.934 mon_score = 1.9383 progress = 74/120 epoch_sec = 92.8 avg_epoch_sec = 92.2 elapsed = 01:53:44 eta = 01:10:42
Epoch 73 memory(end): tensors=258, buffers=258, bytes=18.3MB
[curriculum] phase=C age=35 ramp=80 delta=0.3766 cov=0.934 best_global_delta=0.3412

Epoch 74: Phase C (A_end=10, B_end=39, C_ramp=80) Weights {"totalWeight":0.05500000000000001,"recapWeight":0.190625,"deltaWeight":4.828125,"categoryWeight":0.05,"quantileWeight":0.5375,"consistencyWeight":0,"identityDropoutRate":1}, Scales {"judgeBias":1,"corps":1}, SeqLen 15, ID_Drop 1.000, WFW 1.500 
Epoch 74 memory(start): tensors=258, buffers=258, bytes=18.3MB

History Bucket Diagnostics (Avg Abs Error per sample, normalized units):
Hist | Count | MAE_Pred | MAE_Base | PredDevFromBase
-----|-------|----------|----------|----------------
0    | 8     | 0.7273   | 3.7696   | 3.7835 
1    | 9     | 0.5854   | 0.9160   | 0.7467 
2    | 11    | 0.4707   | 0.5551   | 0.4777 
3-5  | 59    | 0.4750   | 0.3926   | 0.4219 
6+   | 276   | 0.3327   | 0.2990   | 0.3171 

Epoch 74: loss = 0.492331 phase = C val_loss = 0.660127 delta_mae_pts = 0.3750 recap_mae_pts = 0.3750 cat_mae_pts = 0.4834 total_mae_pts = 1.1622 vs_inertia_pts = 0.0388 vs_quad_pts = 0.2712 lr_base = 0.000298 lr_mult = 0.5000 lr_eff = 0.000149 mon_cov = 0.936 mon_score = 1.9700 progress = 75/120 epoch_sec = 92.1 avg_epoch_sec = 92.2 elapsed = 01:55:16 eta = 01:09:10
Epoch 74 memory(end): tensors=258, buffers=258, bytes=18.3MB
[curriculum] phase=C age=36 ramp=80 delta=0.3750 cov=0.936 best_global_delta=0.3412

Epoch 75: Phase C (A_end=10, B_end=39, C_ramp=80) Weights {"totalWeight":0.05600000000000001,"recapWeight":0.1875,"deltaWeight":4.9375,"categoryWeight":0.05,"quantileWeight":0.55,"consistencyWeight":0,"identityDropoutRate":1}, Scales {"judgeBias":1,"corps":1}, SeqLen 15, ID_Drop 1.000, WFW 1.500 
Epoch 75 memory(start): tensors=258, buffers=258, bytes=18.3MB

History Bucket Diagnostics (Avg Abs Error per sample, normalized units):
Hist | Count | MAE_Pred | MAE_Base | PredDevFromBase
-----|-------|----------|----------|----------------
0    | 8     | 0.6528   | 3.7696   | 3.7203 
1    | 9     | 0.5885   | 0.9160   | 0.7245 
2    | 11    | 0.4728   | 0.5551   | 0.4863 
3-5  | 59    | 0.4952   | 0.3926   | 0.4334 
6+   | 276   | 0.3390   | 0.2990   | 0.3251 

Epoch 75: loss = 0.501475 phase = C val_loss = 0.683335 delta_mae_pts = 0.3816 recap_mae_pts = 0.3816 cat_mae_pts = 0.4918 total_mae_pts = 1.1730 vs_inertia_pts = 0.0322 vs_quad_pts = 0.2646 lr_base = 0.000289 lr_mult = 0.5000 lr_eff = 0.000144 mon_cov = 0.928 mon_score = 2.0458 progress = 76/120 epoch_sec = 92.2 avg_epoch_sec = 92.2 elapsed = 01:56:48 eta = 01:07:37
Epoch 75 memory(end): tensors=258, buffers=258, bytes=18.3MB
[curriculum] phase=C age=37 ramp=80 delta=0.3816 cov=0.928 best_global_delta=0.3412

--- NO MONITOR IMPROVEMENT FOR 18 EPOCHS: plateau multiplier 0.5000 -> 0.2500, effective LR 0.000072 ---

Epoch 76: Phase C (A_end=10, B_end=39, C_ramp=80) Weights {"totalWeight":0.05700000000000001,"recapWeight":0.18437499999999998,"deltaWeight":5.046875,"categoryWeight":0.05,"quantileWeight":0.5625,"consistencyWeight":0,"identityDropoutRate":1}, Scales {"judgeBias":1,"corps":1}, SeqLen 15, ID_Drop 1.000, WFW 1.500 
Epoch 76 memory(start): tensors=258, buffers=258, bytes=18.3MB

History Bucket Diagnostics (Avg Abs Error per sample, normalized units):
Hist | Count | MAE_Pred | MAE_Base | PredDevFromBase
-----|-------|----------|----------|----------------
0    | 8     | 0.7226   | 3.7696   | 3.8757 
1    | 9     | 0.5873   | 0.9160   | 0.7532 
2    | 11    | 0.4586   | 0.5551   | 0.4834 
3-5  | 59    | 0.4768   | 0.3926   | 0.4318 
6+   | 276   | 0.3295   | 0.2990   | 0.3244 

Epoch 76: loss = 0.504123 phase = C val_loss = 0.682676 delta_mae_pts = 0.3724 recap_mae_pts = 0.3724 cat_mae_pts = 0.4762 total_mae_pts = 1.1459 vs_inertia_pts = 0.0413 vs_quad_pts = 0.2738 lr_base = 0.000279 lr_mult = 0.2500 lr_eff = 0.000070 mon_cov = 0.937 mon_score = 2.0373 progress = 77/120 epoch_sec = 93.0 avg_epoch_sec = 92.2 elapsed = 01:58:21 eta = 01:06:06
Epoch 76 memory(end): tensors=258, buffers=258, bytes=18.3MB
[curriculum] phase=C age=38 ramp=80 delta=0.3724 cov=0.937 best_global_delta=0.3412

Epoch 77: Phase C (A_end=10, B_end=39, C_ramp=80) Weights {"totalWeight":0.057999999999999996,"recapWeight":0.18125,"deltaWeight":5.15625,"categoryWeight":0.05,"quantileWeight":0.575,"consistencyWeight":0,"identityDropoutRate":1}, Scales {"judgeBias":1,"corps":1}, SeqLen 15, ID_Drop 1.000, WFW 1.500 
Epoch 77 memory(start): tensors=258, buffers=258, bytes=18.3MB

History Bucket Diagnostics (Avg Abs Error per sample, normalized units):
Hist | Count | MAE_Pred | MAE_Base | PredDevFromBase
-----|-------|----------|----------|----------------
0    | 8     | 0.7140   | 3.7696   | 3.7939 
1    | 9     | 0.5963   | 0.9160   | 0.7110 
2    | 11    | 0.4515   | 0.5551   | 0.4449 
3-5  | 59    | 0.4941   | 0.3926   | 0.4314 
6+   | 276   | 0.3340   | 0.2990   | 0.3185 

Epoch 77: loss = 0.508390 phase = C val_loss = 0.707030 delta_mae_pts = 0.3785 recap_mae_pts = 0.3785 cat_mae_pts = 0.4897 total_mae_pts = 1.1920 vs_inertia_pts = 0.0353 vs_quad_pts = 0.2677 lr_base = 0.000269 lr_mult = 0.2500 lr_eff = 0.000067 mon_cov = 0.928 mon_score = 2.1136 progress = 78/120 epoch_sec = 91.3 avg_epoch_sec = 92.2 elapsed = 01:59:53 eta = 01:04:33
Epoch 77 memory(end): tensors=258, buffers=258, bytes=18.3MB
[curriculum] phase=C age=39 ramp=80 delta=0.3785 cov=0.928 best_global_delta=0.3412

Epoch 78: Phase C (A_end=10, B_end=39, C_ramp=80) Weights {"totalWeight":0.059,"recapWeight":0.17812499999999998,"deltaWeight":5.265625,"categoryWeight":0.05,"quantileWeight":0.5875,"consistencyWeight":0,"identityDropoutRate":1}, Scales {"judgeBias":1,"corps":1}, SeqLen 15, ID_Drop 1.000, WFW 1.500 
Epoch 78 memory(start): tensors=258, buffers=258, bytes=18.3MB

History Bucket Diagnostics (Avg Abs Error per sample, normalized units):
Hist | Count | MAE_Pred | MAE_Base | PredDevFromBase
-----|-------|----------|----------|----------------
0    | 8     | 0.6993   | 3.7696   | 3.7976 
1    | 9     | 0.5944   | 0.9160   | 0.7232 
2    | 11    | 0.4398   | 0.5551   | 0.4579 
3-5  | 59    | 0.4895   | 0.3926   | 0.4193 
6+   | 276   | 0.3360   | 0.2990   | 0.3191 

Epoch 78: loss = 0.511880 phase = C val_loss = 0.720929 delta_mae_pts = 0.3785 recap_mae_pts = 0.3785 cat_mae_pts = 0.4897 total_mae_pts = 1.1870 vs_inertia_pts = 0.0352 vs_quad_pts = 0.2677 lr_base = 0.000259 lr_mult = 0.2500 lr_eff = 0.000065 mon_cov = 0.931 mon_score = 2.1550 progress = 79/120 epoch_sec = 92.2 avg_epoch_sec = 92.2 elapsed = 02:01:25 eta = 01:03:01
Epoch 78 memory(end): tensors=258, buffers=258, bytes=18.3MB
[curriculum] phase=C age=40 ramp=80 delta=0.3785 cov=0.931 best_global_delta=0.3412

Epoch 79: Phase C (A_end=10, B_end=39, C_ramp=80) Weights {"totalWeight":0.06,"recapWeight":0.175,"deltaWeight":5.375,"categoryWeight":0.05,"quantileWeight":0.6,"consistencyWeight":0,"identityDropoutRate":1}, Scales {"judgeBias":1,"corps":1}, SeqLen 15, ID_Drop 1.000, WFW 1.500 
Epoch 79 memory(start): tensors=258, buffers=258, bytes=18.3MB

History Bucket Diagnostics (Avg Abs Error per sample, normalized units):
Hist | Count | MAE_Pred | MAE_Base | PredDevFromBase
-----|-------|----------|----------|----------------
0    | 8     | 0.6671   | 3.7696   | 3.7603 
1    | 9     | 0.5946   | 0.9160   | 0.7293 
2    | 11    | 0.4502   | 0.5551   | 0.4655 
3-5  | 59    | 0.4835   | 0.3926   | 0.4252 
6+   | 276   | 0.3331   | 0.2990   | 0.3186 

Epoch 79: loss = 0.521465 phase = C val_loss = 0.728308 delta_mae_pts = 0.3749 recap_mae_pts = 0.3749 cat_mae_pts = 0.4828 total_mae_pts = 1.1661 vs_inertia_pts = 0.0388 vs_quad_pts = 0.2713 lr_base = 0.000250 lr_mult = 0.2500 lr_eff = 0.000062 mon_cov = 0.929 mon_score = 2.1748 progress = 80/120 epoch_sec = 91.2 avg_epoch_sec = 92.2 elapsed = 02:02:56 eta = 01:01:28
Epoch 79 memory(end): tensors=258, buffers=258, bytes=18.3MB
[curriculum] phase=C age=41 ramp=80 delta=0.3749 cov=0.929 best_global_delta=0.3412

Epoch 80: Phase C (A_end=10, B_end=39, C_ramp=80) Weights {"totalWeight":0.061,"recapWeight":0.171875,"deltaWeight":5.484375,"categoryWeight":0.05,"quantileWeight":0.6124999999999999,"consistencyWeight":0,"identityDropoutRate":0.988125}, Scales {"judgeBias":1,"corps":1}, SeqLen 15, ID_Drop 0.987, WFW 1.500 
Epoch 80 memory(start): tensors=258, buffers=258, bytes=18.3MB

History Bucket Diagnostics (Avg Abs Error per sample, normalized units):
Hist | Count | MAE_Pred | MAE_Base | PredDevFromBase
-----|-------|----------|----------|----------------
0    | 8     | 0.7003   | 3.7696   | 3.7805 
1    | 9     | 0.5932   | 0.9160   | 0.7172 
2    | 11    | 0.4519   | 0.5551   | 0.4538 
3-5  | 59    | 0.4921   | 0.3926   | 0.4210 
6+   | 276   | 0.3329   | 0.2990   | 0.3168 

Epoch 80: loss = 0.525699 phase = C val_loss = 0.745979 delta_mae_pts = 0.3770 recap_mae_pts = 0.3770 cat_mae_pts = 0.4881 total_mae_pts = 1.1762 vs_inertia_pts = 0.0368 vs_quad_pts = 0.2692 lr_base = 0.000240 lr_mult = 0.2500 lr_eff = 0.000060 mon_cov = 0.924 mon_score = 2.2283 progress = 81/120 epoch_sec = 91.3 avg_epoch_sec = 92.2 elapsed = 02:04:27 eta = 00:59:55
Epoch 80 memory(end): tensors=258, buffers=258, bytes=18.3MB
[curriculum] phase=C age=42 ramp=80 delta=0.3770 cov=0.924 best_global_delta=0.3412

Epoch 81: Phase C (A_end=10, B_end=39, C_ramp=80) Weights {"totalWeight":0.062,"recapWeight":0.16874999999999998,"deltaWeight":5.59375,"categoryWeight":0.05,"quantileWeight":0.625,"consistencyWeight":0,"identityDropoutRate":0.97625}, Scales {"judgeBias":1,"corps":1}, SeqLen 15, ID_Drop 0.976, WFW 1.500 
Epoch 81 memory(start): tensors=258, buffers=258, bytes=18.3MB

History Bucket Diagnostics (Avg Abs Error per sample, normalized units):
Hist | Count | MAE_Pred | MAE_Base | PredDevFromBase
-----|-------|----------|----------|----------------
0    | 8     | 0.6936   | 3.7696   | 3.7706 
1    | 9     | 0.6046   | 0.9160   | 0.6831 
2    | 11    | 0.4467   | 0.5551   | 0.4417 
3-5  | 59    | 0.4977   | 0.3926   | 0.4285 
6+   | 276   | 0.3371   | 0.2990   | 0.3219 

Epoch 81: loss = 0.535653 phase = C val_loss = 0.767814 delta_mae_pts = 0.3810 recap_mae_pts = 0.3810 cat_mae_pts = 0.4960 total_mae_pts = 1.2216 vs_inertia_pts = 0.0327 vs_quad_pts = 0.2651 lr_base = 0.000231 lr_mult = 0.2500 lr_eff = 0.000058 mon_cov = 0.922 mon_score = 2.2963 progress = 82/120 epoch_sec = 93.2 avg_epoch_sec = 92.2 elapsed = 02:06:01 eta = 00:58:24
Epoch 81 memory(end): tensors=258, buffers=258, bytes=18.3MB
[curriculum] phase=C age=43 ramp=80 delta=0.3810 cov=0.922 best_global_delta=0.3412

Epoch 82: Phase C (A_end=10, B_end=39, C_ramp=80) Weights {"totalWeight":0.063,"recapWeight":0.165625,"deltaWeight":5.703125,"categoryWeight":0.05,"quantileWeight":0.6375,"consistencyWeight":0,"identityDropoutRate":0.964375}, Scales {"judgeBias":1,"corps":1}, SeqLen 15, ID_Drop 0.961, WFW 1.500 
Epoch 82 memory(start): tensors=258, buffers=258, bytes=18.3MB

History Bucket Diagnostics (Avg Abs Error per sample, normalized units):
Hist | Count | MAE_Pred | MAE_Base | PredDevFromBase
-----|-------|----------|----------|----------------
0    | 8     | 0.7228   | 3.7696   | 3.8166 
1    | 9     | 0.5986   | 0.9160   | 0.6836 
2    | 11    | 0.4432   | 0.5551   | 0.4377 
3-5  | 59    | 0.5042   | 0.3926   | 0.4292 
6+   | 276   | 0.3377   | 0.2990   | 0.3213 

Epoch 82: loss = 0.545918 phase = C val_loss = 0.785187 delta_mae_pts = 0.3829 recap_mae_pts = 0.3829 cat_mae_pts = 0.5007 total_mae_pts = 1.2270 vs_inertia_pts = 0.0308 vs_quad_pts = 0.2633 lr_base = 0.000222 lr_mult = 0.2500 lr_eff = 0.000055 mon_cov = 0.919 mon_score = 2.3496 progress = 83/120 epoch_sec = 92.7 avg_epoch_sec = 92.2 elapsed = 02:07:33 eta = 00:56:52
Epoch 82 memory(end): tensors=258, buffers=258, bytes=18.3MB
[curriculum] phase=C age=44 ramp=80 delta=0.3829 cov=0.919 best_global_delta=0.3412

Epoch 83: Phase C (A_end=10, B_end=39, C_ramp=80) Weights {"totalWeight":0.064,"recapWeight":0.16249999999999998,"deltaWeight":5.8125,"categoryWeight":0.05,"quantileWeight":0.65,"consistencyWeight":0,"identityDropoutRate":0.9525}, Scales {"judgeBias":1,"corps":1}, SeqLen 15, ID_Drop 0.955, WFW 1.500 
Epoch 83 memory(start): tensors=258, buffers=258, bytes=18.3MB

History Bucket Diagnostics (Avg Abs Error per sample, normalized units):
Hist | Count | MAE_Pred | MAE_Base | PredDevFromBase
-----|-------|----------|----------|----------------
0    | 8     | 0.7037   | 3.7696   | 3.7899 
1    | 9     | 0.5845   | 0.9160   | 0.6979 
2    | 11    | 0.4603   | 0.5551   | 0.4543 
3-5  | 59    | 0.4870   | 0.3926   | 0.4276 
6+   | 276   | 0.3356   | 0.2990   | 0.3222 

Epoch 83: loss = 0.554251 phase = C val_loss = 0.789576 delta_mae_pts = 0.3783 recap_mae_pts = 0.3783 cat_mae_pts = 0.4878 total_mae_pts = 1.1722 vs_inertia_pts = 0.0354 vs_quad_pts = 0.2679 lr_base = 0.000213 lr_mult = 0.2500 lr_eff = 0.000053 mon_cov = 0.928 mon_score = 2.3599 progress = 84/120 epoch_sec = 92.5 avg_epoch_sec = 92.2 elapsed = 02:09:06 eta = 00:55:20
Epoch 83 memory(end): tensors=258, buffers=258, bytes=18.3MB
[curriculum] phase=C age=45 ramp=80 delta=0.3783 cov=0.928 best_global_delta=0.3412

Epoch 84: Phase C (A_end=10, B_end=39, C_ramp=80) Weights {"totalWeight":0.065,"recapWeight":0.159375,"deltaWeight":5.921875,"categoryWeight":0.05,"quantileWeight":0.6625,"consistencyWeight":0,"identityDropoutRate":0.940625}, Scales {"judgeBias":1,"corps":1}, SeqLen 15, ID_Drop 0.936, WFW 1.500 
Epoch 84 memory(start): tensors=258, buffers=258, bytes=18.3MB

History Bucket Diagnostics (Avg Abs Error per sample, normalized units):
Hist | Count | MAE_Pred | MAE_Base | PredDevFromBase
-----|-------|----------|----------|----------------
0    | 8     | 0.7011   | 3.7696   | 3.7672 
1    | 9     | 0.5865   | 0.9160   | 0.6779 
2    | 11    | 0.4439   | 0.5551   | 0.4476 
3-5  | 59    | 0.5001   | 0.3926   | 0.4280 
6+   | 276   | 0.3366   | 0.2990   | 0.3260 

Epoch 84: loss = 0.558632 phase = C val_loss = 0.808286 delta_mae_pts = 0.3807 recap_mae_pts = 0.3807 cat_mae_pts = 0.4904 total_mae_pts = 1.1854 vs_inertia_pts = 0.0330 vs_quad_pts = 0.2655 lr_base = 0.000204 lr_mult = 0.2500 lr_eff = 0.000051 mon_cov = 0.923 mon_score = 2.4168 progress = 85/120 epoch_sec = 92.1 avg_epoch_sec = 92.2 elapsed = 02:10:38 eta = 00:53:47
Epoch 84 memory(end): tensors=258, buffers=258, bytes=18.3MB
[curriculum] phase=C age=46 ramp=80 delta=0.3807 cov=0.923 best_global_delta=0.3412

Epoch 85: Phase C (A_end=10, B_end=39, C_ramp=80) Weights {"totalWeight":0.066,"recapWeight":0.15625,"deltaWeight":6.03125,"categoryWeight":0.05,"quantileWeight":0.6749999999999999,"consistencyWeight":0,"identityDropoutRate":0.92875}, Scales {"judgeBias":1,"corps":1}, SeqLen 15, ID_Drop 0.933, WFW 1.500 
Epoch 85 memory(start): tensors=258, buffers=258, bytes=18.3MB

History Bucket Diagnostics (Avg Abs Error per sample, normalized units):
Hist | Count | MAE_Pred | MAE_Base | PredDevFromBase
-----|-------|----------|----------|----------------
0    | 8     | 0.6969   | 3.7696   | 3.7624 
1    | 9     | 0.5778   | 0.9160   | 0.6822 
2    | 11    | 0.4516   | 0.5551   | 0.4401 
3-5  | 59    | 0.5009   | 0.3926   | 0.4320 
6+   | 276   | 0.3366   | 0.2990   | 0.3229 

Epoch 85: loss = 0.561899 phase = C val_loss = 0.822214 delta_mae_pts = 0.3807 recap_mae_pts = 0.3807 cat_mae_pts = 0.4943 total_mae_pts = 1.1986 vs_inertia_pts = 0.0330 vs_quad_pts = 0.2655 lr_base = 0.000195 lr_mult = 0.2500 lr_eff = 0.000049 mon_cov = 0.921 mon_score = 2.4597 progress = 86/120 epoch_sec = 92.2 avg_epoch_sec = 92.2 elapsed = 02:12:10 eta = 00:52:15
Epoch 85 memory(end): tensors=258, buffers=258, bytes=18.3MB
[curriculum] phase=C age=47 ramp=80 delta=0.3807 cov=0.921 best_global_delta=0.3412

Epoch 86: Phase C (A_end=10, B_end=39, C_ramp=80) Weights {"totalWeight":0.067,"recapWeight":0.15312499999999998,"deltaWeight":6.140625,"categoryWeight":0.05,"quantileWeight":0.6875,"consistencyWeight":0,"identityDropoutRate":0.916875}, Scales {"judgeBias":1,"corps":1}, SeqLen 15, ID_Drop 0.921, WFW 1.500 
Epoch 86 memory(start): tensors=258, buffers=258, bytes=18.3MB

History Bucket Diagnostics (Avg Abs Error per sample, normalized units):
Hist | Count | MAE_Pred | MAE_Base | PredDevFromBase
-----|-------|----------|----------|----------------
0    | 8     | 0.7209   | 3.7696   | 3.8262 
1    | 9     | 0.5916   | 0.9160   | 0.7170 
2    | 11    | 0.4540   | 0.5551   | 0.4667 
3-5  | 59    | 0.4848   | 0.3926   | 0.4268 
6+   | 276   | 0.3347   | 0.2990   | 0.3227 

Epoch 86: loss = 0.569459 phase = C val_loss = 0.829808 delta_mae_pts = 0.3776 recap_mae_pts = 0.3776 cat_mae_pts = 0.4828 total_mae_pts = 1.1567 vs_inertia_pts = 0.0361 vs_quad_pts = 0.2686 lr_base = 0.000187 lr_mult = 0.2500 lr_eff = 0.000047 mon_cov = 0.927 mon_score = 2.4785 progress = 87/120 epoch_sec = 92.5 avg_epoch_sec = 92.2 elapsed = 02:13:43 eta = 00:50:43
Epoch 86 memory(end): tensors=258, buffers=258, bytes=18.3MB
[curriculum] phase=C age=48 ramp=80 delta=0.3776 cov=0.927 best_global_delta=0.3412

Epoch 87: Phase C (A_end=10, B_end=39, C_ramp=80) Weights {"totalWeight":0.068,"recapWeight":0.15,"deltaWeight":6.25,"categoryWeight":0.05,"quantileWeight":0.7,"consistencyWeight":0,"identityDropoutRate":0.905}, Scales {"judgeBias":1,"corps":1}, SeqLen 15, ID_Drop 0.906, WFW 1.500 
Epoch 87 memory(start): tensors=258, buffers=258, bytes=18.3MB

History Bucket Diagnostics (Avg Abs Error per sample, normalized units):
Hist | Count | MAE_Pred | MAE_Base | PredDevFromBase
-----|-------|----------|----------|----------------
0    | 8     | 0.7252   | 3.7696   | 3.8355 
1    | 9     | 0.5922   | 0.9160   | 0.7080 
2    | 11    | 0.4472   | 0.5551   | 0.4670 
3-5  | 59    | 0.4935   | 0.3926   | 0.4365 
6+   | 276   | 0.3326   | 0.2990   | 0.3250 

Epoch 87: loss = 0.580485 phase = C val_loss = 0.844326 delta_mae_pts = 0.3773 recap_mae_pts = 0.3773 cat_mae_pts = 0.4853 total_mae_pts = 1.1714 vs_inertia_pts = 0.0364 vs_quad_pts = 0.2689 lr_base = 0.000178 lr_mult = 0.2500 lr_eff = 0.000045 mon_cov = 0.925 mon_score = 2.5192 progress = 88/120 epoch_sec = 92.5 avg_epoch_sec = 92.2 elapsed = 02:15:15 eta = 00:49:11
Epoch 87 memory(end): tensors=258, buffers=258, bytes=18.3MB
[curriculum] phase=C age=49 ramp=80 delta=0.3773 cov=0.925 best_global_delta=0.3412

Epoch 88: Phase C (A_end=10, B_end=39, C_ramp=80) Weights {"totalWeight":0.069,"recapWeight":0.14687499999999998,"deltaWeight":6.359375,"categoryWeight":0.05,"quantileWeight":0.7125,"consistencyWeight":0,"identityDropoutRate":0.893125}, Scales {"judgeBias":1,"corps":1}, SeqLen 15, ID_Drop 0.893, WFW 1.500 
Epoch 88 memory(start): tensors=258, buffers=258, bytes=18.3MB

History Bucket Diagnostics (Avg Abs Error per sample, normalized units):
Hist | Count | MAE_Pred | MAE_Base | PredDevFromBase
-----|-------|----------|----------|----------------
0    | 8     | 0.6862   | 3.7696   | 3.7825 
1    | 9     | 0.5788   | 0.9160   | 0.7202 
2    | 11    | 0.4511   | 0.5551   | 0.4689 
3-5  | 59    | 0.4874   | 0.3926   | 0.4285 
6+   | 276   | 0.3316   | 0.2990   | 0.3205 

Epoch 88: loss = 0.587239 phase = C val_loss = 0.851653 delta_mae_pts = 0.3745 recap_mae_pts = 0.3745 cat_mae_pts = 0.4843 total_mae_pts = 1.1732 vs_inertia_pts = 0.0393 vs_quad_pts = 0.2717 lr_base = 0.000170 lr_mult = 0.2500 lr_eff = 0.000043 mon_cov = 0.927 mon_score = 2.5423 progress = 89/120 epoch_sec = 92.8 avg_epoch_sec = 92.2 elapsed = 02:16:48 eta = 00:47:39
Epoch 88 memory(end): tensors=258, buffers=258, bytes=18.3MB
[curriculum] phase=C age=50 ramp=80 delta=0.3745 cov=0.927 best_global_delta=0.3412

Epoch 89: Phase C (A_end=10, B_end=39, C_ramp=80) Weights {"totalWeight":0.07,"recapWeight":0.14375,"deltaWeight":6.46875,"categoryWeight":0.05,"quantileWeight":0.725,"consistencyWeight":0,"identityDropoutRate":0.88125}, Scales {"judgeBias":1,"corps":1}, SeqLen 15, ID_Drop 0.874, WFW 1.500 
Epoch 89 memory(start): tensors=258, buffers=258, bytes=18.3MB

History Bucket Diagnostics (Avg Abs Error per sample, normalized units):
Hist | Count | MAE_Pred | MAE_Base | PredDevFromBase
-----|-------|----------|----------|----------------
0    | 8     | 0.6993   | 3.7696   | 3.8079 
1    | 9     | 0.5786   | 0.9160   | 0.7430 
2    | 11    | 0.4555   | 0.5551   | 0.4840 
3-5  | 59    | 0.4846   | 0.3926   | 0.4353 
6+   | 276   | 0.3320   | 0.2990   | 0.3292 

Epoch 89: loss = 0.592974 phase = C val_loss = 0.865427 delta_mae_pts = 0.3748 recap_mae_pts = 0.3748 cat_mae_pts = 0.4847 total_mae_pts = 1.1673 vs_inertia_pts = 0.0390 vs_quad_pts = 0.2714 lr_base = 0.000162 lr_mult = 0.2500 lr_eff = 0.000041 mon_cov = 0.927 mon_score = 2.5850 progress = 90/120 epoch_sec = 91.8 avg_epoch_sec = 92.2 elapsed = 02:18:20 eta = 00:46:07
Epoch 89 memory(end): tensors=258, buffers=258, bytes=18.3MB
[curriculum] phase=C age=51 ramp=80 delta=0.3748 cov=0.927 best_global_delta=0.3412

Epoch 90: Phase C (A_end=10, B_end=39, C_ramp=80) Weights {"totalWeight":0.071,"recapWeight":0.140625,"deltaWeight":6.578125,"categoryWeight":0.05,"quantileWeight":0.7374999999999999,"consistencyWeight":0,"identityDropoutRate":0.869375}, Scales {"judgeBias":1,"corps":1}, SeqLen 15, ID_Drop 0.872, WFW 1.500 
Epoch 90 memory(start): tensors=258, buffers=258, bytes=18.3MB

History Bucket Diagnostics (Avg Abs Error per sample, normalized units):
Hist | Count | MAE_Pred | MAE_Base | PredDevFromBase
-----|-------|----------|----------|----------------
0    | 8     | 0.7398   | 3.7696   | 3.8472 
1    | 9     | 0.5824   | 0.9160   | 0.7578 
2    | 11    | 0.4519   | 0.5551   | 0.4903 
3-5  | 59    | 0.4767   | 0.3926   | 0.4347 
6+   | 276   | 0.3319   | 0.2990   | 0.3306 

Epoch 90: loss = 0.608582 phase = C val_loss = 0.878243 delta_mae_pts = 0.3743 recap_mae_pts = 0.3743 cat_mae_pts = 0.4826 total_mae_pts = 1.1591 vs_inertia_pts = 0.0395 vs_quad_pts = 0.2719 lr_base = 0.000154 lr_mult = 0.2500 lr_eff = 0.000039 mon_cov = 0.926 mon_score = 2.6221 progress = 91/120 epoch_sec = 92.1 avg_epoch_sec = 92.2 elapsed = 02:19:52 eta = 00:44:34
Epoch 90 memory(end): tensors=258, buffers=258, bytes=18.3MB
[curriculum] phase=C age=52 ramp=80 delta=0.3743 cov=0.926 best_global_delta=0.3412

Epoch 91: Phase C (A_end=10, B_end=39, C_ramp=80) Weights {"totalWeight":0.07200000000000001,"recapWeight":0.13749999999999998,"deltaWeight":6.6875,"categoryWeight":0.05,"quantileWeight":0.75,"consistencyWeight":0,"identityDropoutRate":0.8575}, Scales {"judgeBias":1,"corps":1}, SeqLen 15, ID_Drop 0.848, WFW 1.500 
Epoch 91 memory(start): tensors=258, buffers=258, bytes=18.3MB

History Bucket Diagnostics (Avg Abs Error per sample, normalized units):
Hist | Count | MAE_Pred | MAE_Base | PredDevFromBase
-----|-------|----------|----------|----------------
0    | 8     | 0.7091   | 3.7696   | 3.7967 
1    | 9     | 0.5758   | 0.9160   | 0.7239 
2    | 11    | 0.4495   | 0.5551   | 0.4659 
3-5  | 59    | 0.4825   | 0.3926   | 0.4257 
6+   | 276   | 0.3303   | 0.2990   | 0.3239 

Epoch 91: loss = 0.608656 phase = C val_loss = 0.889751 delta_mae_pts = 0.3731 recap_mae_pts = 0.3731 cat_mae_pts = 0.4795 total_mae_pts = 1.1608 vs_inertia_pts = 0.0406 vs_quad_pts = 0.2731 lr_base = 0.000147 lr_mult = 0.2500 lr_eff = 0.000037 mon_cov = 0.923 mon_score = 2.6553 progress = 92/120 epoch_sec = 92.5 avg_epoch_sec = 92.2 elapsed = 02:21:24 eta = 00:43:02
Epoch 91 memory(end): tensors=258, buffers=258, bytes=18.3MB
[curriculum] phase=C age=53 ramp=80 delta=0.3731 cov=0.923 best_global_delta=0.3412

Epoch 92: Phase C (A_end=10, B_end=39, C_ramp=80) Weights {"totalWeight":0.073,"recapWeight":0.134375,"deltaWeight":6.796875,"categoryWeight":0.05,"quantileWeight":0.7625,"consistencyWeight":0,"identityDropoutRate":0.8456250000000001}, Scales {"judgeBias":1,"corps":1}, SeqLen 15, ID_Drop 0.843, WFW 1.500 
Epoch 92 memory(start): tensors=258, buffers=258, bytes=18.3MB

History Bucket Diagnostics (Avg Abs Error per sample, normalized units):
Hist | Count | MAE_Pred | MAE_Base | PredDevFromBase
-----|-------|----------|----------|----------------
0    | 8     | 0.7052   | 3.7696   | 3.7919 
1    | 9     | 0.5758   | 0.9160   | 0.7447 
2    | 11    | 0.4538   | 0.5551   | 0.4728 
3-5  | 59    | 0.4875   | 0.3926   | 0.4339 
6+   | 276   | 0.3342   | 0.2990   | 0.3263 

Epoch 92: loss = 0.618997 phase = C val_loss = 0.911517 delta_mae_pts = 0.3769 recap_mae_pts = 0.3769 cat_mae_pts = 0.4863 total_mae_pts = 1.1753 vs_inertia_pts = 0.0368 vs_quad_pts = 0.2693 lr_base = 0.000139 lr_mult = 0.2500 lr_eff = 0.000035 mon_cov = 0.922 mon_score = 2.7237 progress = 93/120 epoch_sec = 92.4 avg_epoch_sec = 92.2 elapsed = 02:22:57 eta = 00:41:30
Epoch 92 memory(end): tensors=258, buffers=258, bytes=18.3MB
[curriculum] phase=C age=54 ramp=80 delta=0.3769 cov=0.922 best_global_delta=0.3412

Epoch 93: Phase C (A_end=10, B_end=39, C_ramp=80) Weights {"totalWeight":0.07400000000000001,"recapWeight":0.13124999999999998,"deltaWeight":6.90625,"categoryWeight":0.05,"quantileWeight":0.775,"consistencyWeight":0,"identityDropoutRate":0.83375}, Scales {"judgeBias":1,"corps":1}, SeqLen 15, ID_Drop 0.836, WFW 1.500 
Epoch 93 memory(start): tensors=258, buffers=258, bytes=18.3MB

History Bucket Diagnostics (Avg Abs Error per sample, normalized units):
Hist | Count | MAE_Pred | MAE_Base | PredDevFromBase
-----|-------|----------|----------|----------------
0    | 8     | 0.7312   | 3.7696   | 3.8214 
1    | 9     | 0.5806   | 0.9160   | 0.7392 
2    | 11    | 0.4465   | 0.5551   | 0.4722 
3-5  | 59    | 0.4852   | 0.3926   | 0.4329 
6+   | 276   | 0.3343   | 0.2990   | 0.3279 

Epoch 93: loss = 0.625026 phase = C val_loss = 0.925470 delta_mae_pts = 0.3771 recap_mae_pts = 0.3771 cat_mae_pts = 0.4865 total_mae_pts = 1.1739 vs_inertia_pts = 0.0367 vs_quad_pts = 0.2691 lr_base = 0.000132 lr_mult = 0.2500 lr_eff = 0.000033 mon_cov = 0.924 mon_score = 2.7663 progress = 94/120 epoch_sec = 93.1 avg_epoch_sec = 92.2 elapsed = 02:24:30 eta = 00:39:58
Epoch 93 memory(end): tensors=258, buffers=258, bytes=18.3MB
[curriculum] phase=C age=55 ramp=80 delta=0.3771 cov=0.924 best_global_delta=0.3412

--- NO MONITOR IMPROVEMENT FOR 18 EPOCHS: plateau multiplier 0.2500 -> 0.1250, effective LR 0.000030 ---

Epoch 94: Phase C (A_end=10, B_end=39, C_ramp=80) Weights {"totalWeight":0.075,"recapWeight":0.128125,"deltaWeight":7.015625,"categoryWeight":0.05,"quantileWeight":0.7875,"consistencyWeight":0,"identityDropoutRate":0.821875}, Scales {"judgeBias":1,"corps":1}, SeqLen 15, ID_Drop 0.817, WFW 1.500 
Epoch 94 memory(start): tensors=258, buffers=258, bytes=18.3MB

History Bucket Diagnostics (Avg Abs Error per sample, normalized units):
Hist | Count | MAE_Pred | MAE_Base | PredDevFromBase
-----|-------|----------|----------|----------------
0    | 8     | 0.7191   | 3.7696   | 3.8107 
1    | 9     | 0.5795   | 0.9160   | 0.7338 
2    | 11    | 0.4438   | 0.5551   | 0.4738 
3-5  | 59    | 0.4800   | 0.3926   | 0.4286 
6+   | 276   | 0.3304   | 0.2990   | 0.3252 

Epoch 94: loss = 0.632999 phase = C val_loss = 0.930281 delta_mae_pts = 0.3729 recap_mae_pts = 0.3729 cat_mae_pts = 0.4808 total_mae_pts = 1.1577 vs_inertia_pts = 0.0408 vs_quad_pts = 0.2733 lr_base = 0.000125 lr_mult = 0.1250 lr_eff = 0.000030 mon_cov = 0.928 mon_score = 2.7765 progress = 95/120 epoch_sec = 92.4 avg_epoch_sec = 92.2 elapsed = 02:26:02 eta = 00:38:26
Epoch 94 memory(end): tensors=258, buffers=258, bytes=18.3MB
[curriculum] phase=C age=56 ramp=80 delta=0.3729 cov=0.928 best_global_delta=0.3412

Epoch 95: Phase C (A_end=10, B_end=39, C_ramp=80) Weights {"totalWeight":0.076,"recapWeight":0.125,"deltaWeight":7.125,"categoryWeight":0.05,"quantileWeight":0.7999999999999999,"consistencyWeight":0,"identityDropoutRate":0.81}, Scales {"judgeBias":1,"corps":1}, SeqLen 15, ID_Drop 0.813, WFW 1.500 
Epoch 95 memory(start): tensors=258, buffers=258, bytes=18.3MB

History Bucket Diagnostics (Avg Abs Error per sample, normalized units):
Hist | Count | MAE_Pred | MAE_Base | PredDevFromBase
-----|-------|----------|----------|----------------
0    | 8     | 0.7255   | 3.7696   | 3.8458 
1    | 9     | 0.5729   | 0.9160   | 0.7537 
2    | 11    | 0.4502   | 0.5551   | 0.4875 
3-5  | 59    | 0.4762   | 0.3926   | 0.4277 
6+   | 276   | 0.3306   | 0.2990   | 0.3233 

Epoch 95: loss = 0.642064 phase = C val_loss = 0.943507 delta_mae_pts = 0.3726 recap_mae_pts = 0.3726 cat_mae_pts = 0.4812 total_mae_pts = 1.1638 vs_inertia_pts = 0.0411 vs_quad_pts = 0.2736 lr_base = 0.000118 lr_mult = 0.1250 lr_eff = 0.000030 mon_cov = 0.925 mon_score = 2.8158 progress = 96/120 epoch_sec = 81.8 avg_epoch_sec = 92.1 elapsed = 02:27:24 eta = 00:36:51
Epoch 95 memory(end): tensors=258, buffers=258, bytes=18.3MB
[curriculum] phase=C age=57 ramp=80 delta=0.3726 cov=0.925 best_global_delta=0.3412

Epoch 96: Phase C (A_end=10, B_end=39, C_ramp=80) Weights {"totalWeight":0.077,"recapWeight":0.12187499999999998,"deltaWeight":7.234375,"categoryWeight":0.05,"quantileWeight":0.8125,"consistencyWeight":0,"identityDropoutRate":0.798125}, Scales {"judgeBias":1,"corps":1}, SeqLen 15, ID_Drop 0.793, WFW 1.500 
Epoch 96 memory(start): tensors=258, buffers=258, bytes=18.3MB

History Bucket Diagnostics (Avg Abs Error per sample, normalized units):
Hist | Count | MAE_Pred | MAE_Base | PredDevFromBase
-----|-------|----------|----------|----------------
0    | 8     | 0.7151   | 3.7696   | 3.8116 
1    | 9     | 0.5840   | 0.9160   | 0.7134 
2    | 11    | 0.4464   | 0.5551   | 0.4637 
3-5  | 59    | 0.4839   | 0.3926   | 0.4301 
6+   | 276   | 0.3323   | 0.2990   | 0.3259 

Epoch 96: loss = 0.648172 phase = C val_loss = 0.962827 delta_mae_pts = 0.3751 recap_mae_pts = 0.3751 cat_mae_pts = 0.4845 total_mae_pts = 1.1586 vs_inertia_pts = 0.0386 vs_quad_pts = 0.2711 lr_base = 0.000111 lr_mult = 0.1250 lr_eff = 0.000030 mon_cov = 0.921 mon_score = 2.8744 progress = 97/120 epoch_sec = 92.2 avg_epoch_sec = 92.1 elapsed = 02:28:56 eta = 00:35:19
Epoch 96 memory(end): tensors=258, buffers=258, bytes=18.3MB
[curriculum] phase=C age=58 ramp=80 delta=0.3751 cov=0.921 best_global_delta=0.3412

Epoch 97: Phase C (A_end=10, B_end=39, C_ramp=80) Weights {"totalWeight":0.078,"recapWeight":0.11875,"deltaWeight":7.34375,"categoryWeight":0.05,"quantileWeight":0.825,"consistencyWeight":0,"identityDropoutRate":0.78625}, Scales {"judgeBias":1,"corps":1}, SeqLen 15, ID_Drop 0.779, WFW 1.500 
Epoch 97 memory(start): tensors=258, buffers=258, bytes=18.3MB

History Bucket Diagnostics (Avg Abs Error per sample, normalized units):
Hist | Count | MAE_Pred | MAE_Base | PredDevFromBase
-----|-------|----------|----------|----------------
0    | 8     | 0.7028   | 3.7696   | 3.8014 
1    | 9     | 0.5709   | 0.9160   | 0.7159 
2    | 11    | 0.4495   | 0.5551   | 0.4627 
3-5  | 59    | 0.4895   | 0.3926   | 0.4265 
6+   | 276   | 0.3341   | 0.2990   | 0.3244 

Epoch 97: loss = 0.654056 phase = C val_loss = 0.981063 delta_mae_pts = 0.3769 recap_mae_pts = 0.3769 cat_mae_pts = 0.4877 total_mae_pts = 1.1756 vs_inertia_pts = 0.0369 vs_quad_pts = 0.2693 lr_base = 0.000105 lr_mult = 0.1250 lr_eff = 0.000030 mon_cov = 0.916 mon_score = 2.9300 progress = 98/120 epoch_sec = 92.4 avg_epoch_sec = 92.1 elapsed = 02:30:29 eta = 00:33:47
Epoch 97 memory(end): tensors=258, buffers=258, bytes=18.3MB
[curriculum] phase=C age=59 ramp=80 delta=0.3769 cov=0.916 best_global_delta=0.3412

Epoch 98: Phase C (A_end=10, B_end=39, C_ramp=80) Weights {"totalWeight":0.079,"recapWeight":0.11562499999999998,"deltaWeight":7.453125,"categoryWeight":0.05,"quantileWeight":0.8375,"consistencyWeight":0,"identityDropoutRate":0.774375}, Scales {"judgeBias":1,"corps":1}, SeqLen 15, ID_Drop 0.778, WFW 1.500 
Epoch 98 memory(start): tensors=258, buffers=258, bytes=18.3MB

History Bucket Diagnostics (Avg Abs Error per sample, normalized units):
Hist | Count | MAE_Pred | MAE_Base | PredDevFromBase
-----|-------|----------|----------|----------------
0    | 8     | 0.7133   | 3.7696   | 3.8016 
1    | 9     | 0.5756   | 0.9160   | 0.7393 
2    | 11    | 0.4530   | 0.5551   | 0.4772 
3-5  | 59    | 0.4787   | 0.3926   | 0.4315 
6+   | 276   | 0.3292   | 0.2990   | 0.3268 

Epoch 98: loss = 0.666552 phase = C val_loss = 0.982461 delta_mae_pts = 0.3718 recap_mae_pts = 0.3718 cat_mae_pts = 0.4780 total_mae_pts = 1.1508 vs_inertia_pts = 0.0419 vs_quad_pts = 0.2744 lr_base = 0.000099 lr_mult = 0.1250 lr_eff = 0.000030 mon_cov = 0.924 mon_score = 2.9311 progress = 99/120 epoch_sec = 92.3 avg_epoch_sec = 92.1 elapsed = 02:32:01 eta = 00:32:15
Epoch 98 memory(end): tensors=258, buffers=258, bytes=18.3MB
[curriculum] phase=C age=60 ramp=80 delta=0.3718 cov=0.924 best_global_delta=0.3412

Epoch 99: Phase C (A_end=10, B_end=39, C_ramp=80) Weights {"totalWeight":0.08,"recapWeight":0.11249999999999999,"deltaWeight":7.5625,"categoryWeight":0.05,"quantileWeight":0.85,"consistencyWeight":0,"identityDropoutRate":0.7625}, Scales {"judgeBias":1,"corps":1}, SeqLen 15, ID_Drop 0.770, WFW 1.500 
Epoch 99 memory(start): tensors=258, buffers=258, bytes=18.3MB

History Bucket Diagnostics (Avg Abs Error per sample, normalized units):
Hist | Count | MAE_Pred | MAE_Base | PredDevFromBase
-----|-------|----------|----------|----------------
0    | 8     | 0.7157   | 3.7696   | 3.7952 
1    | 9     | 0.5761   | 0.9160   | 0.7241 
2    | 11    | 0.4509   | 0.5551   | 0.4718 
3-5  | 59    | 0.4827   | 0.3926   | 0.4307 
6+   | 276   | 0.3314   | 0.2990   | 0.3299 

Epoch 99: loss = 0.674384 phase = C val_loss = 1.002051 delta_mae_pts = 0.3741 recap_mae_pts = 0.3741 cat_mae_pts = 0.4838 total_mae_pts = 1.1608 vs_inertia_pts = 0.0396 vs_quad_pts = 0.2720 lr_base = 0.000093 lr_mult = 0.1250 lr_eff = 0.000030 mon_cov = 0.922 mon_score = 2.9907 progress = 100/120 epoch_sec = 92.9 avg_epoch_sec = 92.1 elapsed = 02:33:34 eta = 00:30:43
Epoch 99 memory(end): tensors=258, buffers=258, bytes=18.3MB
[curriculum] phase=C age=61 ramp=80 delta=0.3741 cov=0.922 best_global_delta=0.3412

Epoch 100: Phase C (A_end=10, B_end=39, C_ramp=80) Weights {"totalWeight":0.081,"recapWeight":0.109375,"deltaWeight":7.671875,"categoryWeight":0.05,"quantileWeight":0.8624999999999999,"consistencyWeight":0,"identityDropoutRate":0.750625}, Scales {"judgeBias":1,"corps":1}, SeqLen 15, ID_Drop 0.760, WFW 1.500 
Epoch 100 memory(start): tensors=258, buffers=258, bytes=18.3MB

History Bucket Diagnostics (Avg Abs Error per sample, normalized units):
Hist | Count | MAE_Pred | MAE_Base | PredDevFromBase
-----|-------|----------|----------|----------------
0    | 8     | 0.7508   | 3.7696   | 3.8466 
1    | 9     | 0.5799   | 0.9160   | 0.7301 
2    | 11    | 0.4430   | 0.5551   | 0.4721 
3-5  | 59    | 0.4867   | 0.3926   | 0.4288 
6+   | 276   | 0.3322   | 0.2990   | 0.3252 

Epoch 100: loss = 0.688980 phase = C val_loss = 1.020290 delta_mae_pts = 0.3760 recap_mae_pts = 0.3760 cat_mae_pts = 0.4851 total_mae_pts = 1.1759 vs_inertia_pts = 0.0377 vs_quad_pts = 0.2701 lr_base = 0.000087 lr_mult = 0.1250 lr_eff = 0.000030 mon_cov = 0.919 mon_score = 3.0473 progress = 101/120 epoch_sec = 93.5 avg_epoch_sec = 92.2 elapsed = 02:35:07 eta = 00:29:11
Epoch 100 memory(end): tensors=258, buffers=258, bytes=18.3MB

-- - CAPTION STATS(Epoch 100)-- - 
GE1: delta_pts = 0.3567, recap_pts = 0.3567, cov = 0.928, width = 1.9599 
GE2: delta_pts = 0.3352, recap_pts = 0.3352, cov = 0.887, width = 1.9657 
VP: delta_pts = 0.3687, recap_pts = 0.3687, cov = 0.950, width = 1.9890 
VA: delta_pts = 0.3631, recap_pts = 0.3631, cov = 0.920, width = 2.0103 
CG: delta_pts = 0.3868, recap_pts = 0.3868, cov = 0.945, width = 2.0126 
MB: delta_pts = 0.3693, recap_pts = 0.3693, cov = 0.948, width = 1.9705 
MA: delta_pts = 0.3782, recap_pts = 0.3782, cov = 0.898, width = 1.9893 
MP: delta_pts = 0.4503, recap_pts = 0.4503, cov = 0.876, width = 1.9898 
----------------------------------

[curriculum] phase=C age=62 ramp=80 delta=0.3760 cov=0.919 best_global_delta=0.3412

Epoch 101: Phase C (A_end=10, B_end=39, C_ramp=80) Weights {"totalWeight":0.082,"recapWeight":0.10624999999999998,"deltaWeight":7.78125,"categoryWeight":0.05,"quantileWeight":0.875,"consistencyWeight":0,"identityDropoutRate":0.73875}, Scales {"judgeBias":1,"corps":1}, SeqLen 15, ID_Drop 0.736, WFW 1.500 
Epoch 101 memory(start): tensors=258, buffers=258, bytes=18.3MB

History Bucket Diagnostics (Avg Abs Error per sample, normalized units):
Hist | Count | MAE_Pred | MAE_Base | PredDevFromBase
-----|-------|----------|----------|----------------
0    | 8     | 0.6941   | 3.7696   | 3.7757 
1    | 9     | 0.5821   | 0.9160   | 0.7116 
2    | 11    | 0.4485   | 0.5551   | 0.4637 
3-5  | 59    | 0.4862   | 0.3926   | 0.4348 
6+   | 276   | 0.3319   | 0.2990   | 0.3297 

Epoch 101: loss = 0.691816 phase = C val_loss = 1.030929 delta_mae_pts = 0.3747 recap_mae_pts = 0.3747 cat_mae_pts = 0.4828 total_mae_pts = 1.1676 vs_inertia_pts = 0.0390 vs_quad_pts = 0.2715 lr_base = 0.000082 lr_mult = 0.1250 lr_eff = 0.000030 mon_cov = 0.918 mon_score = 3.0773 progress = 102/120 epoch_sec = 92.5 avg_epoch_sec = 92.2 elapsed = 02:36:40 eta = 00:27:39
Epoch 101 memory(end): tensors=258, buffers=258, bytes=18.3MB
[curriculum] phase=C age=63 ramp=80 delta=0.3747 cov=0.918 best_global_delta=0.3412

Epoch 102: Phase C (A_end=10, B_end=39, C_ramp=80) Weights {"totalWeight":0.083,"recapWeight":0.103125,"deltaWeight":7.890625,"categoryWeight":0.05,"quantileWeight":0.8875,"consistencyWeight":0,"identityDropoutRate":0.726875}, Scales {"judgeBias":1,"corps":1}, SeqLen 15, ID_Drop 0.718, WFW 1.500 
Epoch 102 memory(start): tensors=258, buffers=258, bytes=18.3MB

History Bucket Diagnostics (Avg Abs Error per sample, normalized units):
Hist | Count | MAE_Pred | MAE_Base | PredDevFromBase
-----|-------|----------|----------|----------------
0    | 8     | 0.7465   | 3.7696   | 3.8481 
1    | 9     | 0.5751   | 0.9160   | 0.7364 
2    | 11    | 0.4486   | 0.5551   | 0.4788 
3-5  | 59    | 0.4826   | 0.3926   | 0.4360 
6+   | 276   | 0.3330   | 0.2990   | 0.3335 

Epoch 102: loss = 0.701768 phase = C val_loss = 1.047483 delta_mae_pts = 0.3760 recap_mae_pts = 0.3760 cat_mae_pts = 0.4856 total_mae_pts = 1.1760 vs_inertia_pts = 0.0377 vs_quad_pts = 0.2702 lr_base = 0.000077 lr_mult = 0.1250 lr_eff = 0.000030 mon_cov = 0.921 mon_score = 3.1294 progress = 103/120 epoch_sec = 92.6 avg_epoch_sec = 92.2 elapsed = 02:38:13 eta = 00:26:07
Epoch 102 memory(end): tensors=258, buffers=258, bytes=18.3MB
[curriculum] phase=C age=64 ramp=80 delta=0.3760 cov=0.921 best_global_delta=0.3412

Epoch 103: Phase C (A_end=10, B_end=39, C_ramp=80) Weights {"totalWeight":0.084,"recapWeight":0.09999999999999998,"deltaWeight":8,"categoryWeight":0.05,"quantileWeight":0.9,"consistencyWeight":0,"identityDropoutRate":0.7150000000000001}, Scales {"judgeBias":1,"corps":1}, SeqLen 15, ID_Drop 0.713, WFW 1.500 
Epoch 103 memory(start): tensors=258, buffers=258, bytes=18.3MB

History Bucket Diagnostics (Avg Abs Error per sample, normalized units):
Hist | Count | MAE_Pred | MAE_Base | PredDevFromBase
-----|-------|----------|----------|----------------
0    | 8     | 0.7353   | 3.7696   | 3.8386 
1    | 9     | 0.5699   | 0.9160   | 0.7310 
2    | 11    | 0.4573   | 0.5551   | 0.4754 
3-5  | 59    | 0.4806   | 0.3926   | 0.4311 
6+   | 276   | 0.3328   | 0.2990   | 0.3291 

Epoch 103: loss = 0.713509 phase = C val_loss = 1.060260 delta_mae_pts = 0.3754 recap_mae_pts = 0.3754 cat_mae_pts = 0.4874 total_mae_pts = 1.1799 vs_inertia_pts = 0.0384 vs_quad_pts = 0.2708 lr_base = 0.000072 lr_mult = 0.1250 lr_eff = 0.000030 mon_cov = 0.915 mon_score = 3.1655 progress = 104/120 epoch_sec = 93.7 avg_epoch_sec = 92.2 elapsed = 02:39:46 eta = 00:24:35
Epoch 103 memory(end): tensors=258, buffers=258, bytes=18.3MB
[curriculum] phase=C age=65 ramp=80 delta=0.3754 cov=0.915 best_global_delta=0.3412

Epoch 104: Phase C (A_end=10, B_end=39, C_ramp=80) Weights {"totalWeight":0.085,"recapWeight":0.09687499999999999,"deltaWeight":8.109375,"categoryWeight":0.05,"quantileWeight":0.9125,"consistencyWeight":0,"identityDropoutRate":0.703125}, Scales {"judgeBias":1,"corps":1}, SeqLen 15, ID_Drop 0.709, WFW 1.500 
Epoch 104 memory(start): tensors=258, buffers=258, bytes=18.3MB

History Bucket Diagnostics (Avg Abs Error per sample, normalized units):
Hist | Count | MAE_Pred | MAE_Base | PredDevFromBase
-----|-------|----------|----------|----------------
0    | 8     | 0.7200   | 3.7696   | 3.8085 
1    | 9     | 0.5725   | 0.9160   | 0.7180 
2    | 11    | 0.4505   | 0.5551   | 0.4700 
3-5  | 59    | 0.4797   | 0.3926   | 0.4273 
6+   | 276   | 0.3315   | 0.2990   | 0.3254 

Epoch 104: loss = 0.727535 phase = C val_loss = 1.070312 delta_mae_pts = 0.3737 recap_mae_pts = 0.3737 cat_mae_pts = 0.4824 total_mae_pts = 1.1654 vs_inertia_pts = 0.0400 vs_quad_pts = 0.2724 lr_base = 0.000067 lr_mult = 0.1250 lr_eff = 0.000030 mon_cov = 0.919 mon_score = 3.1920 progress = 105/120 epoch_sec = 93.2 avg_epoch_sec = 92.2 elapsed = 02:41:20 eta = 00:23:03
Epoch 104 memory(end): tensors=258, buffers=258, bytes=18.3MB
[curriculum] phase=C age=66 ramp=80 delta=0.3737 cov=0.919 best_global_delta=0.3412

Epoch 105: Phase C (A_end=10, B_end=39, C_ramp=80) Weights {"totalWeight":0.08600000000000001,"recapWeight":0.09375,"deltaWeight":8.21875,"categoryWeight":0.05,"quantileWeight":0.9249999999999999,"consistencyWeight":0,"identityDropoutRate":0.69125}, Scales {"judgeBias":1,"corps":1}, SeqLen 15, ID_Drop 0.684, WFW 1.500 
Epoch 105 memory(start): tensors=258, buffers=258, bytes=18.3MB

History Bucket Diagnostics (Avg Abs Error per sample, normalized units):
Hist | Count | MAE_Pred | MAE_Base | PredDevFromBase
-----|-------|----------|----------|----------------
0    | 8     | 0.7139   | 3.7696   | 3.8310 
1    | 9     | 0.5762   | 0.9160   | 0.7359 
2    | 11    | 0.4495   | 0.5551   | 0.4765 
3-5  | 59    | 0.4767   | 0.3926   | 0.4278 
6+   | 276   | 0.3296   | 0.2990   | 0.3275 

Epoch 105: loss = 0.730691 phase = C val_loss = 1.077995 delta_mae_pts = 0.3717 recap_mae_pts = 0.3717 cat_mae_pts = 0.4788 total_mae_pts = 1.1622 vs_inertia_pts = 0.0420 vs_quad_pts = 0.2744 lr_base = 0.000063 lr_mult = 0.1250 lr_eff = 0.000030 mon_cov = 0.925 mon_score = 3.2162 progress = 106/120 epoch_sec = 91.5 avg_epoch_sec = 92.2 elapsed = 02:42:51 eta = 00:21:31
Epoch 105 memory(end): tensors=258, buffers=258, bytes=18.3MB
[curriculum] phase=C age=67 ramp=80 delta=0.3717 cov=0.925 best_global_delta=0.3412

Epoch 106: Phase C (A_end=10, B_end=39, C_ramp=80) Weights {"totalWeight":0.08700000000000001,"recapWeight":0.09062499999999998,"deltaWeight":8.328125,"categoryWeight":0.05,"quantileWeight":0.9375,"consistencyWeight":0,"identityDropoutRate":0.6793750000000001}, Scales {"judgeBias":1,"corps":1}, SeqLen 15, ID_Drop 0.680, WFW 1.500 
Epoch 106 memory(start): tensors=258, buffers=258, bytes=18.3MB

History Bucket Diagnostics (Avg Abs Error per sample, normalized units):
Hist | Count | MAE_Pred | MAE_Base | PredDevFromBase
-----|-------|----------|----------|----------------
0    | 8     | 0.7339   | 3.7696   | 3.8449 
1    | 9     | 0.5819   | 0.9160   | 0.7331 
2    | 11    | 0.4522   | 0.5551   | 0.4921 
3-5  | 59    | 0.4787   | 0.3926   | 0.4357 
6+   | 276   | 0.3320   | 0.2990   | 0.3331 

Epoch 106: loss = 0.733300 phase = C val_loss = 1.099196 delta_mae_pts = 0.3745 recap_mae_pts = 0.3745 cat_mae_pts = 0.4811 total_mae_pts = 1.1659 vs_inertia_pts = 0.0392 vs_quad_pts = 0.2716 lr_base = 0.000058 lr_mult = 0.1250 lr_eff = 0.000030 mon_cov = 0.921 mon_score = 3.2807 progress = 107/120 epoch_sec = 91.9 avg_epoch_sec = 92.2 elapsed = 02:44:23 eta = 00:19:58
Epoch 106 memory(end): tensors=258, buffers=258, bytes=18.3MB
[curriculum] phase=C age=68 ramp=80 delta=0.3745 cov=0.921 best_global_delta=0.3412

Epoch 107: Phase C (A_end=10, B_end=39, C_ramp=80) Weights {"totalWeight":0.08800000000000001,"recapWeight":0.0875,"deltaWeight":8.4375,"categoryWeight":0.05,"quantileWeight":0.95,"consistencyWeight":0,"identityDropoutRate":0.6675}, Scales {"judgeBias":1,"corps":1}, SeqLen 15, ID_Drop 0.671, WFW 1.500 
Epoch 107 memory(start): tensors=258, buffers=258, bytes=18.3MB

History Bucket Diagnostics (Avg Abs Error per sample, normalized units):
Hist | Count | MAE_Pred | MAE_Base | PredDevFromBase
-----|-------|----------|----------|----------------
0    | 8     | 0.7148   | 3.7696   | 3.8121 
1    | 9     | 0.5741   | 0.9160   | 0.7405 
2    | 11    | 0.4530   | 0.5551   | 0.4891 
3-5  | 59    | 0.4747   | 0.3926   | 0.4320 
6+   | 276   | 0.3297   | 0.2990   | 0.3286 

Epoch 107: loss = 0.742121 phase = C val_loss = 1.104848 delta_mae_pts = 0.3715 recap_mae_pts = 0.3715 cat_mae_pts = 0.4778 total_mae_pts = 1.1493 vs_inertia_pts = 0.0422 vs_quad_pts = 0.2747 lr_base = 0.000055 lr_mult = 0.1250 lr_eff = 0.000030 mon_cov = 0.918 mon_score = 3.2941 progress = 108/120 epoch_sec = 92.1 avg_epoch_sec = 92.2 elapsed = 02:45:55 eta = 00:18:26
Epoch 107 memory(end): tensors=258, buffers=258, bytes=18.3MB
[curriculum] phase=C age=69 ramp=80 delta=0.3715 cov=0.918 best_global_delta=0.3412

Epoch 108: Phase C (A_end=10, B_end=39, C_ramp=80) Weights {"totalWeight":0.08900000000000001,"recapWeight":0.08437499999999998,"deltaWeight":8.546875,"categoryWeight":0.05,"quantileWeight":0.9625,"consistencyWeight":0,"identityDropoutRate":0.655625}, Scales {"judgeBias":1,"corps":1}, SeqLen 15, ID_Drop 0.663, WFW 1.500 
Epoch 108 memory(start): tensors=258, buffers=258, bytes=18.3MB

History Bucket Diagnostics (Avg Abs Error per sample, normalized units):
Hist | Count | MAE_Pred | MAE_Base | PredDevFromBase
-----|-------|----------|----------|----------------
0    | 8     | 0.7010   | 3.7696   | 3.7909 
1    | 9     | 0.5739   | 0.9160   | 0.7208 
2    | 11    | 0.4534   | 0.5551   | 0.4817 
3-5  | 59    | 0.4778   | 0.3926   | 0.4397 
6+   | 276   | 0.3308   | 0.2990   | 0.3333 

Epoch 108: loss = 0.746729 phase = C val_loss = 1.121664 delta_mae_pts = 0.3726 recap_mae_pts = 0.3726 cat_mae_pts = 0.4807 total_mae_pts = 1.1559 vs_inertia_pts = 0.0411 vs_quad_pts = 0.2736 lr_base = 0.000051 lr_mult = 0.1250 lr_eff = 0.000030 mon_cov = 0.922 mon_score = 3.3450 progress = 109/120 epoch_sec = 92.2 avg_epoch_sec = 92.2 elapsed = 02:47:27 eta = 00:16:54
Epoch 108 memory(end): tensors=258, buffers=258, bytes=18.3MB
[curriculum] phase=C age=70 ramp=80 delta=0.3726 cov=0.922 best_global_delta=0.3412

Epoch 109: Phase C (A_end=10, B_end=39, C_ramp=80) Weights {"totalWeight":0.09000000000000001,"recapWeight":0.08124999999999999,"deltaWeight":8.65625,"categoryWeight":0.05,"quantileWeight":0.975,"consistencyWeight":0,"identityDropoutRate":0.64375}, Scales {"judgeBias":1,"corps":1}, SeqLen 15, ID_Drop 0.636, WFW 1.500 
Epoch 109 memory(start): tensors=258, buffers=258, bytes=18.3MB

History Bucket Diagnostics (Avg Abs Error per sample, normalized units):
Hist | Count | MAE_Pred | MAE_Base | PredDevFromBase
-----|-------|----------|----------|----------------
0    | 8     | 0.7080   | 3.7696   | 3.7857 
1    | 9     | 0.5724   | 0.9160   | 0.7324 
2    | 11    | 0.4533   | 0.5551   | 0.4798 
3-5  | 59    | 0.4783   | 0.3926   | 0.4350 
6+   | 276   | 0.3318   | 0.2990   | 0.3320 

Epoch 109: loss = 0.759883 phase = C val_loss = 1.137675 delta_mae_pts = 0.3736 recap_mae_pts = 0.3736 cat_mae_pts = 0.4812 total_mae_pts = 1.1661 vs_inertia_pts = 0.0401 vs_quad_pts = 0.2726 lr_base = 0.000048 lr_mult = 0.1250 lr_eff = 0.000030 mon_cov = 0.919 mon_score = 3.3952 progress = 110/120 epoch_sec = 92.5 avg_epoch_sec = 92.2 elapsed = 02:49:00 eta = 00:15:22
Epoch 109 memory(end): tensors=258, buffers=258, bytes=18.3MB
[curriculum] phase=C age=71 ramp=80 delta=0.3736 cov=0.919 best_global_delta=0.3412

Epoch 110: Phase C (A_end=10, B_end=39, C_ramp=80) Weights {"totalWeight":0.091,"recapWeight":0.078125,"deltaWeight":8.765625,"categoryWeight":0.05,"quantileWeight":0.9874999999999999,"consistencyWeight":0,"identityDropoutRate":0.631875}, Scales {"judgeBias":1,"corps":1}, SeqLen 15, ID_Drop 0.623, WFW 1.500 
Epoch 110 memory(start): tensors=258, buffers=258, bytes=18.3MB

History Bucket Diagnostics (Avg Abs Error per sample, normalized units):
Hist | Count | MAE_Pred | MAE_Base | PredDevFromBase
-----|-------|----------|----------|----------------
0    | 8     | 0.7422   | 3.7696   | 3.8430 
1    | 9     | 0.5750   | 0.9160   | 0.7359 
2    | 11    | 0.4506   | 0.5551   | 0.4862 
3-5  | 59    | 0.4860   | 0.3926   | 0.4352 
6+   | 276   | 0.3334   | 0.2990   | 0.3322 

Epoch 110: loss = 0.766193 phase = C val_loss = 1.160578 delta_mae_pts = 0.3768 recap_mae_pts = 0.3768 cat_mae_pts = 0.4867 total_mae_pts = 1.1748 vs_inertia_pts = 0.0370 vs_quad_pts = 0.2694 lr_base = 0.000045 lr_mult = 0.1250 lr_eff = 0.000030 mon_cov = 0.916 mon_score = 3.4649 progress = 111/120 epoch_sec = 92.6 avg_epoch_sec = 92.2 elapsed = 02:50:32 eta = 00:13:50
Epoch 110 memory(end): tensors=258, buffers=258, bytes=18.3MB
[curriculum] phase=C age=72 ramp=80 delta=0.3768 cov=0.916 best_global_delta=0.3412

Epoch 111: Phase C (A_end=10, B_end=39, C_ramp=80) Weights {"totalWeight":0.09200000000000001,"recapWeight":0.07499999999999998,"deltaWeight":8.875,"categoryWeight":0.05,"quantileWeight":1,"consistencyWeight":0,"identityDropoutRate":0.62}, Scales {"judgeBias":1,"corps":1}, SeqLen 15, ID_Drop 0.611, WFW 1.500 
Epoch 111 memory(start): tensors=258, buffers=258, bytes=18.3MB

History Bucket Diagnostics (Avg Abs Error per sample, normalized units):
Hist | Count | MAE_Pred | MAE_Base | PredDevFromBase
-----|-------|----------|----------|----------------
0    | 8     | 0.7362   | 3.7696   | 3.8432 
1    | 9     | 0.5727   | 0.9160   | 0.7383 
2    | 11    | 0.4532   | 0.5551   | 0.4822 
3-5  | 59    | 0.4735   | 0.3926   | 0.4284 
6+   | 276   | 0.3316   | 0.2990   | 0.3328 

Epoch 111: loss = 0.775327 phase = C val_loss = 1.164092 delta_mae_pts = 0.3733 recap_mae_pts = 0.3733 cat_mae_pts = 0.4807 total_mae_pts = 1.1514 vs_inertia_pts = 0.0404 vs_quad_pts = 0.2729 lr_base = 0.000042 lr_mult = 0.1250 lr_eff = 0.000030 mon_cov = 0.918 mon_score = 3.4727 progress = 112/120 epoch_sec = 92.6 avg_epoch_sec = 92.2 elapsed = 02:52:05 eta = 00:12:17
Epoch 111 memory(end): tensors=258, buffers=258, bytes=18.3MB
[curriculum] phase=C age=73 ramp=80 delta=0.3733 cov=0.918 best_global_delta=0.3412

Epoch 112: Phase C (A_end=10, B_end=39, C_ramp=80) Weights {"totalWeight":0.093,"recapWeight":0.071875,"deltaWeight":8.984375,"categoryWeight":0.05,"quantileWeight":1.0125,"consistencyWeight":0,"identityDropoutRate":0.608125}, Scales {"judgeBias":1,"corps":1}, SeqLen 15, ID_Drop 0.602, WFW 1.500 
Epoch 112 memory(start): tensors=258, buffers=258, bytes=18.3MB

History Bucket Diagnostics (Avg Abs Error per sample, normalized units):
Hist | Count | MAE_Pred | MAE_Base | PredDevFromBase
-----|-------|----------|----------|----------------
0    | 8     | 0.7096   | 3.7696   | 3.8163 
1    | 9     | 0.5756   | 0.9160   | 0.7400 
2    | 11    | 0.4555   | 0.5551   | 0.4784 
3-5  | 59    | 0.4807   | 0.3926   | 0.4301 
6+   | 276   | 0.3309   | 0.2990   | 0.3296 

Epoch 112: loss = 0.782517 phase = C val_loss = 1.178456 delta_mae_pts = 0.3735 recap_mae_pts = 0.3735 cat_mae_pts = 0.4817 total_mae_pts = 1.1702 vs_inertia_pts = 0.0403 vs_quad_pts = 0.2727 lr_base = 0.000039 lr_mult = 0.1250 lr_eff = 0.000030 mon_cov = 0.919 mon_score = 3.5171 progress = 113/120 epoch_sec = 92.4 avg_epoch_sec = 92.2 elapsed = 02:53:37 eta = 00:10:45
Epoch 112 memory(end): tensors=258, buffers=258, bytes=18.3MB
[curriculum] phase=C age=74 ramp=80 delta=0.3735 cov=0.919 best_global_delta=0.3412

Epoch 113: Phase C (A_end=10, B_end=39, C_ramp=80) Weights {"totalWeight":0.09400000000000001,"recapWeight":0.06874999999999998,"deltaWeight":9.09375,"categoryWeight":0.05,"quantileWeight":1.0250000000000001,"consistencyWeight":0,"identityDropoutRate":0.59625}, Scales {"judgeBias":1,"corps":1}, SeqLen 15, ID_Drop 0.603, WFW 1.500 
Epoch 113 memory(start): tensors=258, buffers=258, bytes=18.3MB

History Bucket Diagnostics (Avg Abs Error per sample, normalized units):
Hist | Count | MAE_Pred | MAE_Base | PredDevFromBase
-----|-------|----------|----------|----------------
0    | 8     | 0.7118   | 3.7696   | 3.8143 
1    | 9     | 0.5718   | 0.9160   | 0.7462 
2    | 11    | 0.4580   | 0.5551   | 0.4887 
3-5  | 59    | 0.4796   | 0.3926   | 0.4338 
6+   | 276   | 0.3318   | 0.2990   | 0.3295 

Epoch 113: loss = 0.800166 phase = C val_loss = 1.193566 delta_mae_pts = 0.3740 recap_mae_pts = 0.3740 cat_mae_pts = 0.4823 total_mae_pts = 1.1666 vs_inertia_pts = 0.0398 vs_quad_pts = 0.2722 lr_base = 0.000037 lr_mult = 0.1250 lr_eff = 0.000030 mon_cov = 0.918 mon_score = 3.5620 progress = 114/120 epoch_sec = 92.8 avg_epoch_sec = 92.2 elapsed = 02:55:10 eta = 00:09:13
Epoch 113 memory(end): tensors=258, buffers=258, bytes=18.3MB
[curriculum] phase=C age=75 ramp=80 delta=0.3740 cov=0.918 best_global_delta=0.3412

Epoch 114: Phase C (A_end=10, B_end=39, C_ramp=80) Weights {"totalWeight":0.095,"recapWeight":0.06562499999999999,"deltaWeight":9.203125,"categoryWeight":0.05,"quantileWeight":1.0375,"consistencyWeight":0,"identityDropoutRate":0.5843750000000001}, Scales {"judgeBias":1,"corps":1}, SeqLen 15, ID_Drop 0.580, WFW 1.500 
Epoch 114 memory(start): tensors=258, buffers=258, bytes=18.3MB

History Bucket Diagnostics (Avg Abs Error per sample, normalized units):
Hist | Count | MAE_Pred | MAE_Base | PredDevFromBase
-----|-------|----------|----------|----------------
0    | 8     | 0.6979   | 3.7696   | 3.7936 
1    | 9     | 0.5771   | 0.9160   | 0.7192 
2    | 11    | 0.4596   | 0.5551   | 0.4865 
3-5  | 59    | 0.4804   | 0.3926   | 0.4354 
6+   | 276   | 0.3335   | 0.2990   | 0.3330 

Epoch 114: loss = 0.799566 phase = C val_loss = 1.211172 delta_mae_pts = 0.3753 recap_mae_pts = 0.3753 cat_mae_pts = 0.4831 total_mae_pts = 1.1514 vs_inertia_pts = 0.0384 vs_quad_pts = 0.2709 lr_base = 0.000035 lr_mult = 0.1250 lr_eff = 0.000030 mon_cov = 0.913 mon_score = 3.6136 progress = 115/120 epoch_sec = 92.8 avg_epoch_sec = 92.2 elapsed = 02:56:43 eta = 00:07:41
Epoch 114 memory(end): tensors=258, buffers=258, bytes=18.3MB
[curriculum] phase=C age=76 ramp=80 delta=0.3753 cov=0.913 best_global_delta=0.3412

Epoch 115: Phase C (A_end=10, B_end=39, C_ramp=80) Weights {"totalWeight":0.096,"recapWeight":0.0625,"deltaWeight":9.3125,"categoryWeight":0.05,"quantileWeight":1.05,"consistencyWeight":0,"identityDropoutRate":0.5725}, Scales {"judgeBias":1,"corps":1}, SeqLen 15, ID_Drop 0.575, WFW 1.500 
Epoch 115 memory(start): tensors=258, buffers=258, bytes=18.3MB

History Bucket Diagnostics (Avg Abs Error per sample, normalized units):
Hist | Count | MAE_Pred | MAE_Base | PredDevFromBase
-----|-------|----------|----------|----------------
0    | 8     | 0.7169   | 3.7696   | 3.8081 
1    | 9     | 0.5776   | 0.9160   | 0.7025 
2    | 11    | 0.4520   | 0.5551   | 0.4696 
3-5  | 59    | 0.4898   | 0.3926   | 0.4354 
6+   | 276   | 0.3342   | 0.2990   | 0.3316 

Epoch 115: loss = 0.808907 phase = C val_loss = 1.232177 delta_mae_pts = 0.3775 recap_mae_pts = 0.3775 cat_mae_pts = 0.4880 total_mae_pts = 1.1765 vs_inertia_pts = 0.0362 vs_quad_pts = 0.2687 lr_base = 0.000034 lr_mult = 0.1250 lr_eff = 0.000030 mon_cov = 0.912 mon_score = 3.6780 progress = 116/120 epoch_sec = 92.8 avg_epoch_sec = 92.2 elapsed = 02:58:16 eta = 00:06:09
Epoch 115 memory(end): tensors=258, buffers=258, bytes=18.3MB
[curriculum] phase=C age=77 ramp=80 delta=0.3775 cov=0.912 best_global_delta=0.3412

Epoch 116: Phase C (A_end=10, B_end=39, C_ramp=80) Weights {"totalWeight":0.097,"recapWeight":0.05937499999999998,"deltaWeight":9.421875,"categoryWeight":0.05,"quantileWeight":1.0625,"consistencyWeight":0,"identityDropoutRate":0.5606249999999999}, Scales {"judgeBias":1,"corps":1}, SeqLen 15, ID_Drop 0.571, WFW 1.500 
Epoch 116 memory(start): tensors=258, buffers=258, bytes=18.3MB

History Bucket Diagnostics (Avg Abs Error per sample, normalized units):
Hist | Count | MAE_Pred | MAE_Base | PredDevFromBase
-----|-------|----------|----------|----------------
0    | 8     | 0.7281   | 3.7696   | 3.8425 
1    | 9     | 0.5763   | 0.9160   | 0.7202 
2    | 11    | 0.4589   | 0.5551   | 0.4795 
3-5  | 59    | 0.4788   | 0.3926   | 0.4340 
6+   | 276   | 0.3305   | 0.2990   | 0.3298 

Epoch 116: loss = 0.806560 phase = C val_loss = 1.233855 delta_mae_pts = 0.3733 recap_mae_pts = 0.3733 cat_mae_pts = 0.4830 total_mae_pts = 1.1721 vs_inertia_pts = 0.0404 vs_quad_pts = 0.2728 lr_base = 0.000032 lr_mult = 0.1250 lr_eff = 0.000030 mon_cov = 0.915 mon_score = 3.6792 progress = 117/120 epoch_sec = 92.6 avg_epoch_sec = 92.2 elapsed = 02:59:48 eta = 00:04:37
Epoch 116 memory(end): tensors=258, buffers=258, bytes=18.3MB
[curriculum] phase=C age=78 ramp=80 delta=0.3733 cov=0.915 best_global_delta=0.3412

Epoch 117: Phase C (A_end=10, B_end=39, C_ramp=80) Weights {"totalWeight":0.098,"recapWeight":0.056249999999999994,"deltaWeight":9.53125,"categoryWeight":0.05,"quantileWeight":1.075,"consistencyWeight":0,"identityDropoutRate":0.5487500000000001}, Scales {"judgeBias":1,"corps":1}, SeqLen 15, ID_Drop 0.548, WFW 1.500 
Epoch 117 memory(start): tensors=258, buffers=258, bytes=18.3MB

History Bucket Diagnostics (Avg Abs Error per sample, normalized units):
Hist | Count | MAE_Pred | MAE_Base | PredDevFromBase
-----|-------|----------|----------|----------------
0    | 8     | 0.6991   | 3.7696   | 3.7849 
1    | 9     | 0.5801   | 0.9160   | 0.7013 
2    | 11    | 0.4525   | 0.5551   | 0.4691 
3-5  | 59    | 0.4878   | 0.3926   | 0.4344 
6+   | 276   | 0.3347   | 0.2990   | 0.3309 

Epoch 117: loss = 0.824328 phase = C val_loss = 1.259152 delta_mae_pts = 0.3773 recap_mae_pts = 0.3773 cat_mae_pts = 0.4865 total_mae_pts = 1.1767 vs_inertia_pts = 0.0364 vs_quad_pts = 0.2689 lr_base = 0.000031 lr_mult = 0.1250 lr_eff = 0.000030 mon_cov = 0.908 mon_score = 3.7583 progress = 118/120 epoch_sec = 92.7 avg_epoch_sec = 92.2 elapsed = 03:01:21 eta = 00:03:04
Epoch 117 memory(end): tensors=258, buffers=258, bytes=18.3MB
[curriculum] phase=C age=79 ramp=80 delta=0.3773 cov=0.908 best_global_delta=0.3412

Epoch 118: Phase C (A_end=10, B_end=39, C_ramp=80) Weights {"totalWeight":0.099,"recapWeight":0.05312499999999998,"deltaWeight":9.640625,"categoryWeight":0.05,"quantileWeight":1.0875000000000001,"consistencyWeight":0,"identityDropoutRate":0.536875}, Scales {"judgeBias":1,"corps":1}, SeqLen 15, ID_Drop 0.535, WFW 1.500 
Epoch 118 memory(start): tensors=258, buffers=258, bytes=18.3MB

History Bucket Diagnostics (Avg Abs Error per sample, normalized units):
Hist | Count | MAE_Pred | MAE_Base | PredDevFromBase
-----|-------|----------|----------|----------------
0    | 8     | 0.6866   | 3.7696   | 3.7941 
1    | 9     | 0.5743   | 0.9160   | 0.7282 
2    | 11    | 0.4555   | 0.5551   | 0.4822 
3-5  | 59    | 0.4831   | 0.3926   | 0.4327 
6+   | 276   | 0.3333   | 0.2990   | 0.3308 

Epoch 118: loss = 0.834831 phase = C val_loss = 1.266342 delta_mae_pts = 0.3751 recap_mae_pts = 0.3751 cat_mae_pts = 0.4839 total_mae_pts = 1.1663 vs_inertia_pts = 0.0386 vs_quad_pts = 0.2710 lr_base = 0.000031 lr_mult = 0.1250 lr_eff = 0.000030 mon_cov = 0.914 mon_score = 3.7777 progress = 119/120 epoch_sec = 92.3 avg_epoch_sec = 92.2 elapsed = 03:02:53 eta = 00:01:32
Epoch 118 memory(end): tensors=258, buffers=258, bytes=18.3MB
[curriculum] phase=C age=80 ramp=80 delta=0.3751 cov=0.914 best_global_delta=0.3412

Epoch 119: Phase C (A_end=10, B_end=39, C_ramp=80) Weights {"totalWeight":0.1,"recapWeight":0.04999999999999999,"deltaWeight":9.75,"categoryWeight":0.05,"quantileWeight":1.1,"consistencyWeight":0,"identityDropoutRate":0.525}, Scales {"judgeBias":1,"corps":1}, SeqLen 15, ID_Drop 0.521, WFW 1.500 
Epoch 119 memory(start): tensors=258, buffers=258, bytes=18.3MB

History Bucket Diagnostics (Avg Abs Error per sample, normalized units):
Hist | Count | MAE_Pred | MAE_Base | PredDevFromBase
-----|-------|----------|----------|----------------
0    | 8     | 0.7071   | 3.7696   | 3.8262 
1    | 9     | 0.5709   | 0.9160   | 0.7242 
2    | 11    | 0.4575   | 0.5551   | 0.4829 
3-5  | 59    | 0.4884   | 0.3926   | 0.4400 
6+   | 276   | 0.3340   | 0.2990   | 0.3327 

Epoch 119: loss = 0.834561 phase = C val_loss = 1.286330 delta_mae_pts = 0.3770 recap_mae_pts = 0.3770 cat_mae_pts = 0.4882 total_mae_pts = 1.1892 vs_inertia_pts = 0.0368 vs_quad_pts = 0.2692 lr_base = 0.000030 lr_mult = 0.1250 lr_eff = 0.000030 mon_cov = 0.909 mon_score = 3.8389 progress = 120/120 epoch_sec = 93.1 avg_epoch_sec = 92.2 elapsed = 03:04:26 eta = 00:00:00
Epoch 119 memory(end): tensors=258, buffers=258, bytes=18.3MB
[curriculum] phase=C age=81 ramp=80 delta=0.3770 cov=0.909 best_global_delta=0.3412
Selecting final weights: best-delta-checkpoint (delta_mae_pts = 0.3412)
Saving final production model to models\v9_subcaption_fixed\v9fix_datefwd_calib_auto_w1p0_cov4_1779510034812...

--- EVALUATION: validation (363 rows) ---
validation: delta_mae_pts=0.3608, recap_mae_pts=0.3608, total_mae_pts=0.9884, coverage=0.955, width=2.0272

--- EVALUATION: test_all (52 rows) ---
test_all: delta_mae_pts=0.2932, recap_mae_pts=0.2932, total_mae_pts=0.6685, coverage=0.974, width=1.9377

--- EVALUATION: test_world_class (33 rows) ---
test_world_class: delta_mae_pts=0.2818, recap_mae_pts=0.2818, total_mae_pts=0.6894, coverage=0.977, width=1.9268

--- EVALUATION: test_open_class (19 rows) ---
test_open_class: delta_mae_pts=0.3141, recap_mae_pts=0.3141, total_mae_pts=0.6704, coverage=0.967, width=1.9565

--- EVALUATION: test_championship_week (47 rows) ---
test_championship_week: delta_mae_pts=0.2915, recap_mae_pts=0.2915, total_mae_pts=0.6862, coverage=0.973, width=1.9348
Production training complete.
