2026-05-23 03:25:36.754318: I tensorflow/core/platform/cpu_feature_guard.cc:193] This TensorFlow binary is optimized with oneAPI Deep Neural Network Library (oneDNN) to use the following CPU instructions in performance-critical operations:  AVX2
To enable them in other operations, rebuild TensorFlow with the appropriate compiler flags.
Console log file: models\v9_subcaption_fixed\v9fix_datefwd_calib_auto_best_only_1779521136806\training.log
coverage-sharpness=4 is aggressive; if training gets unstable, retry with --coverage-sharpness 3.0
Loading V9 sequence data...
Validation split (date-forward) grouped by show/date: 6906 train rows, 363 validation rows.
Saved normalization stats to ./results/v9-subcaption-target-norm.json

AUDIT SUCCESS: Leakage prevention verified for caption blocks
V10 Splits -> Train: 6906, Val: 363, Test: 52 
Baselines(monitoring forecast MAE): zero = 16.4356, mean = 2.0004, ema = 1.1564, quad = 0.6462
Orthogonal initializer is being called on a matrix with more than 2000 (65536) elements: Slowness may result.
Orthogonal initializer is being called on a matrix with more than 2000 (65536) elements: Slowness may result.
Orthogonal initializer is being called on a matrix with more than 2000 (16384) elements: Slowness may result.
Orthogonal initializer is being called on a matrix with more than 2000 (16384) elements: Slowness may result.
___________________________________________________________________________________________________________________
Layer (type)               Input Shape                 Output shape             Param #     Receives inputs        
===================================================================================================================
sequence (InputLayer)      [[null,15,101]]             [null,15,101]            0                                  
___________________________________________________________________________________________________________________
bidirectional_Bidirectiona [[null,15,101]]             [null,15,256]            235520      sequence[0][0]         
___________________________________________________________________________________________________________________
layer_normalization_LayerN [[null,15,256]]             [null,15,256]            512         bidirectional_Bidirecti
___________________________________________________________________________________________________________________
bidirectional_Bidirectiona [[null,15,256]]             [null,15,128]            164352      layer_normalization_Lay
___________________________________________________________________________________________________________________
layer_normalization_LayerN [[null,15,128]]             [null,15,128]            256         bidirectional_Bidirecti
___________________________________________________________________________________________________________________
dense_Dense1 (Dense)       [[null,15,128]]             [null,15,1]              129         layer_normalization_Lay
___________________________________________________________________________________________________________________
reshape_Reshape1 (Reshape) [[null,15,1]]               [null,15]                0           dense_Dense1[0][0]     
___________________________________________________________________________________________________________________
mask (InputLayer)          [[null,15]]                 [null,15]                0                                  
___________________________________________________________________________________________________________________
masked_softmax_MaskedSoftm [[null,15],[null,15]]       [null,15]                0           reshape_Reshape1[0][0] 
                                                                                            mask[0][0]             
___________________________________________________________________________________________________________________
judge_ids (InputLayer)     [[null,8]]                  [null,8]                 0                                  
___________________________________________________________________________________________________________________
agnostic_show_id (InputLay [[null,1]]                  [null,1]                 0                                  
___________________________________________________________________________________________________________________
reshape_Reshape2 (Reshape) [[null,15]]                 [null,15,1]              0           masked_softmax_MaskedSo
___________________________________________________________________________________________________________________
judge_embedding (Embedding [[null,8]]                  [null,8,24]              5880        judge_ids[0][0]        
___________________________________________________________________________________________________________________
agnostic_show_embedding (E [[null,1]]                  [null,1,12]              4188        agnostic_show_id[0][0] 
___________________________________________________________________________________________________________________
attention_pool (AttentionP [[null,15,1],[null,15,128]] [null,128]               0           reshape_Reshape2[0][0] 
                                                                                            layer_normalization_Lay
___________________________________________________________________________________________________________________
static (InputLayer)        [[null,177]]                [null,177]               0                                  
___________________________________________________________________________________________________________________
flatten_Flatten1 (Flatten) [[null,8,24]]               [null,192]               0           judge_embedding[0][0]  
___________________________________________________________________________________________________________________
baseline_recap (InputLayer [[null,8]]                  [null,8]                 0                                  
___________________________________________________________________________________________________________________
last_step (LastStepLayer)  [[null,15,101]]             [null,101]               0           sequence[0][0]         
___________________________________________________________________________________________________________________
flatten_Flatten3 (Flatten) [[null,1,12]]               [null,12]                0           agnostic_show_embedding
___________________________________________________________________________________________________________________
concatenate_Concatenate1 ( [[null,128],[null,177],[nul [null,618]               0           attention_pool[0][0]   
                                                                                            static[0][0]           
                                                                                            flatten_Flatten1[0][0] 
                                                                                            baseline_recap[0][0]   
                                                                                            last_step[0][0]        
                                                                                            flatten_Flatten3[0][0] 
___________________________________________________________________________________________________________________
dense_Dense2 (Dense)       [[null,618]]                [null,512]               316928      concatenate_Concatenate
___________________________________________________________________________________________________________________
dropout_Dropout1 (Dropout) [[null,512]]                [null,512]               0           dense_Dense2[0][0]     
___________________________________________________________________________________________________________________
dense_Dense3 (Dense)       [[null,512]]                [null,256]               131328      dropout_Dropout1[0][0] 
___________________________________________________________________________________________________________________
dropout_Dropout2 (Dropout) [[null,256]]                [null,256]               0           dense_Dense3[0][0]     
___________________________________________________________________________________________________________________
strength (Dense)           [[null,128]]                [null,24]                3096        attention_pool[0][0]   
___________________________________________________________________________________________________________________
corps_id (InputLayer)      [[null,1]]                  [null,1]                 0                                  
___________________________________________________________________________________________________________________
concatenate_Concatenate2 ( [[null,256],[null,177],[nul [null,457]               0           dropout_Dropout2[0][0] 
                                                                                            static[0][0]           
                                                                                            strength[0][0]         
___________________________________________________________________________________________________________________
corps_embedding (Embedding [[null,1]]                  [null,1,20]              14180       corps_id[0][0]         
___________________________________________________________________________________________________________________
accuracy_trunk (Dense)     [[null,457]]                [null,128]               58624       concatenate_Concatenate
___________________________________________________________________________________________________________________
flatten_Flatten2 (Flatten) [[null,1,20]]               [null,20]                0           corps_embedding[0][0]  
___________________________________________________________________________________________________________________
dropout_Dropout3 (Dropout) [[null,128]]                [null,128]               0           accuracy_trunk[0][0]   
___________________________________________________________________________________________________________________
judge_bias_raw (Dense)     [[null,192]]                [null,8]                 1544        flatten_Flatten1[0][0] 
___________________________________________________________________________________________________________________
judge_bias_scale (InputLay [[null,1]]                  [null,1]                 0                                  
___________________________________________________________________________________________________________________
corps_corr_raw (Dense)     [[null,20]]                 [null,8]                 168         flatten_Flatten2[0][0] 
___________________________________________________________________________________________________________________
corps_scale (InputLayer)   [[null,1]]                  [null,1]                 0                                  
___________________________________________________________________________________________________________________
history_len (InputLayer)   [[null,1]]                  [null,1]                 0                                  
___________________________________________________________________________________________________________________
delta_q50_base (Dense)     [[null,128]]                [null,8]                 1032        dropout_Dropout3[0][0] 
___________________________________________________________________________________________________________________
judge_bias_gated (LambdaSc [[null,8],[null,1]]         [null,8]                 0           judge_bias_raw[0][0]   
                                                                                            judge_bias_scale[0][0] 
___________________________________________________________________________________________________________________
corps_corr_gated (LambdaSc [[null,8],[null,1]]         [null,8]                 0           corps_corr_raw[0][0]   
                                                                                            corps_scale[0][0]      
___________________________________________________________________________________________________________________
width_concat (Concatenate) [[null,457],[null,192],[nul [null,650]               0           concatenate_Concatenate
                                                                                            flatten_Flatten1[0][0] 
                                                                                            history_len[0][0]      
___________________________________________________________________________________________________________________
delta_q50 (Add)            [[null,8],[null,8],[null,8] [null,8]                 0           delta_q50_base[0][0]   
                                                                                            judge_bias_gated[0][0] 
                                                                                            corps_corr_gated[0][0] 
___________________________________________________________________________________________________________________
q10_width_raw (Dense)      [[null,650]]                [null,8]                 5208        width_concat[0][0]     
___________________________________________________________________________________________________________________
q10_width (Activation)     [[null,8]]                  [null,8]                 0           q10_width_raw[0][0]    
___________________________________________________________________________________________________________________
q90_width_raw (Dense)      [[null,650]]                [null,8]                 5208        width_concat[0][0]     
___________________________________________________________________________________________________________________
recap_head (RecapLayer)    [[null,8],[null,8]]         [null,8]                 0           delta_q50[0][0]        
                                                                                            baseline_recap[0][0]   
___________________________________________________________________________________________________________________
q10_width_neg (NegationLay [[null,8]]                  [null,8]                 0           q10_width[0][0]        
___________________________________________________________________________________________________________________
q90_width (Activation)     [[null,8]]                  [null,8]                 0           q90_width_raw[0][0]    
___________________________________________________________________________________________________________________
category_head (CategoryLay [[null,8]]                  [null,3]                 0           recap_head[0][0]       
___________________________________________________________________________________________________________________
q10_delta (Add)            [[null,8],[null,8]]         [null,8]                 0           delta_q50[0][0]        
                                                                                            q10_width_neg[0][0]    
___________________________________________________________________________________________________________________
q90_delta (Add)            [[null,8],[null,8]]         [null,8]                 0           delta_q50[0][0]        
                                                                                            q90_width[0][0]        
___________________________________________________________________________________________________________________
total_head (TotalLayer)    [[null,3]]                  [null,1]                 0           category_head[0][0]    
___________________________________________________________________________________________________________________
output (Concatenate)       [[null,8],[null,8],[null,8] [null,36]                0           q10_delta[0][0]        
                                                                                            delta_q50[0][0]        
                                                                                            q90_delta[0][0]        
                                                                                            recap_head[0][0]       
                                                                                            category_head[0][0]    
                                                                                            total_head[0][0]       
===================================================================================================================
Total params: 948153
Trainable params: 948153
Non-trainable params: 0
___________________________________________________________________________________________________________________

--- DERIVATION EXACTNESS CHECK ---
MaskedSoftmax shapes: [ 1, 15 ] [ 1, 15 ] [ 1, 15 ] [ 1, 15 ]
Recap Points: [
  '15.11', '14.92',
  '15.04', '14.94',
  '14.94', '14.88',
  '15.03', '15.05'
]
GE: Derived = 30.03, Expected = 30.03 
Visual: Derived = 22.46, Expected = 22.46 
Music: Derived = 22.47, Expected = 22.47 
Total: Derived = 74.96, Expected = 74.96 
DERIVATION CHECK SUCCESS

--- SCALE SANITY TEST ---
Sample Row Total: 71.15 (expecting DCI scale, not sum - of - 8)
Sum - of - 8: 113.60 
SCALE SANITY SUCCESS: target total is on DCI scale.


=== V9-IMPROVED: Enhanced Model for 0.2 MAE Target ===
Hyperparameters: lstm1=128, lstm2=64, dropout=0.2, lr=0.00075, batch=128, width_floor_pts=0.5, width_target_pts=2.5, width_penalty=0.5, coverage_target=0.8-0.85, over_coverage_weight=2, width_floor_schedule=0.1->1.5, baseline_dropout=0.1, baseline_noise_std=0.25
Curriculum: phaseAEnd=10, phaseBEnd=40, phaseCRamp=80, judgeScaleRamp=40, corpsScaleStart=25, corpsScaleRamp=35, auto=true, autoPatience=6, autoMinCoverage=0.9, autoMinDeltaGain=0.002
Model Capacity: 256→128 BiLSTM, Dense 512→256, AccuracyTrunk 128, Judge Emb 24, Corps Emb 20, Show Emb 12
Cached 363 validation samples(seqLen = 15, identityDropout = 0.0)

Epoch 0: Phase A (A_end=10, B_end=40, C_ramp=80) Weights {"totalWeight":0.05,"recapWeight":1,"deltaWeight":0.2,"categoryWeight":0.05,"quantileWeight":0.02,"consistencyWeight":0,"identityDropoutRate":0.95}, Scales {"judgeBias":0,"corps":0}, SeqLen 5, ID_Drop 0.948, WFW 0.100 
Epoch 0 memory(start): tensors=102, buffers=102, bytes=3.6MB

History Bucket Diagnostics (Avg Abs Error per sample, normalized units):
Hist | Count | MAE_Pred | MAE_Base | PredDevFromBase
-----|-------|----------|----------|----------------
0    | 8     | 3.7642   | 3.7696   | 0.4634 
1    | 9     | 1.0563   | 0.9160   | 0.6115 
2    | 11    | 0.7750   | 0.5551   | 0.6005 
3-5  | 59    | 0.5812   | 0.3926   | 0.5019 
6+   | 276   | 0.5210   | 0.2990   | 0.4477 

Epoch 0: loss = 0.800919 phase = A val_loss = 0.374151 delta_mae_pts = 0.6233 recap_mae_pts = 0.6233 cat_mae_pts = 0.6803 total_mae_pts = 1.5059 vs_inertia_pts = -0.2095 vs_quad_pts = 0.0229 lr_base = 0.000075 lr_mult = 1.0000 lr_eff = 0.000075 mon_cov = 0.257 mon_score = 2.1291 progress = 1/120 epoch_sec = 91.1 avg_epoch_sec = 91.1 elapsed = 00:01:31 eta = 03:00:40
Epoch 0 memory(end): tensors=180, buffers=180, bytes=11.1MB

-- - CAPTION STATS(Epoch 0)-- - 
GE1: delta_pts = 0.5768, recap_pts = 0.5768, cov = 0.430, width = 0.9041 
GE2: delta_pts = 0.5818, recap_pts = 0.5818, cov = 0.223, width = 0.3223 
VP: delta_pts = 0.6720, recap_pts = 0.6720, cov = 0.333, width = 0.8371 
VA: delta_pts = 0.5306, recap_pts = 0.5306, cov = 0.121, width = 0.3334 
CG: delta_pts = 0.6739, recap_pts = 0.6739, cov = 0.314, width = 0.6902 
MB: delta_pts = 0.6340, recap_pts = 0.6340, cov = 0.231, width = 0.4877 
MA: delta_pts = 0.6531, recap_pts = 0.6531, cov = 0.333, width = 0.7657 
MP: delta_pts = 0.6638, recap_pts = 0.6638, cov = 0.069, width = 0.1589 
----------------------------------

Saved BEST-DELTA checkpoint @epoch 0 delta_mae_pts = 0.6233 monitor_score = 2.1291 -> models\v9_subcaption_fixed\v9fix_datefwd_calib_auto_best_only_1779521136806\best 
Saved BEST-LOSS checkpoint @epoch 0 val_loss = 0.374151 delta_mae_pts = 0.6233 -> models\v9_subcaption_fixed\v9fix_datefwd_calib_auto_best_only_1779521136806\best_loss 
Saved BEST-PHASE-A checkpoint @epoch 0 delta_mae_pts = 0.6233 -> models\v9_subcaption_fixed\v9fix_datefwd_calib_auto_best_only_1779521136806\best_phase_a 
[curriculum] phase=A age=1/10 delta=0.6233 phase_best=0.6233 stall=0/6 cov=0.257/0.900 min=wait cov_gate=wait next=hold

Epoch 1: Phase A (A_end=10, B_end=40, C_ramp=80) Weights {"totalWeight":0.05,"recapWeight":1,"deltaWeight":0.2,"categoryWeight":0.05,"quantileWeight":0.02,"consistencyWeight":0,"identityDropoutRate":0.95}, Scales {"judgeBias":0.025,"corps":0}, SeqLen 5, ID_Drop 0.951, WFW 0.100 
Epoch 1 memory(start): tensors=258, buffers=180, bytes=18.3MB

History Bucket Diagnostics (Avg Abs Error per sample, normalized units):
Hist | Count | MAE_Pred | MAE_Base | PredDevFromBase
-----|-------|----------|----------|----------------
0    | 8     | 3.6165   | 3.7696   | 0.6049 
1    | 9     | 0.9549   | 0.9160   | 0.5620 
2    | 11    | 0.6995   | 0.5551   | 0.4925 
3-5  | 59    | 0.4844   | 0.3926   | 0.3620 
6+   | 276   | 0.4347   | 0.2990   | 0.3218 

Epoch 1: loss = 0.576017 phase = A val_loss = 0.307680 delta_mae_pts = 0.5338 recap_mae_pts = 0.5338 cat_mae_pts = 0.6389 total_mae_pts = 1.5533 vs_inertia_pts = -0.1201 vs_quad_pts = 0.1124 lr_base = 0.000150 lr_mult = 1.0000 lr_eff = 0.000150 mon_cov = 0.688 mon_score = 2.0871 progress = 2/120 epoch_sec = 92.0 avg_epoch_sec = 91.5 elapsed = 00:03:03 eta = 03:00:01
Epoch 1 memory(end): tensors=258, buffers=219, bytes=18.3MB
Saved BEST-DELTA checkpoint @epoch 1 delta_mae_pts = 0.5338 monitor_score = 2.0871 -> models\v9_subcaption_fixed\v9fix_datefwd_calib_auto_best_only_1779521136806\best 
Saved BEST-LOSS checkpoint @epoch 1 val_loss = 0.307680 delta_mae_pts = 0.5338 -> models\v9_subcaption_fixed\v9fix_datefwd_calib_auto_best_only_1779521136806\best_loss 
Saved BEST-PHASE-A checkpoint @epoch 1 delta_mae_pts = 0.5338 -> models\v9_subcaption_fixed\v9fix_datefwd_calib_auto_best_only_1779521136806\best_phase_a 
[curriculum] phase=A age=2/10 delta=0.5338 phase_best=0.5338 stall=0/6 cov=0.688/0.900 min=wait cov_gate=wait next=hold

Epoch 2: Phase A (A_end=10, B_end=40, C_ramp=80) Weights {"totalWeight":0.05,"recapWeight":1,"deltaWeight":0.2,"categoryWeight":0.05,"quantileWeight":0.02,"consistencyWeight":0,"identityDropoutRate":0.95}, Scales {"judgeBias":0.05,"corps":0}, SeqLen 5, ID_Drop 0.951, WFW 0.100 
Epoch 2 memory(start): tensors=258, buffers=180, bytes=18.3MB

History Bucket Diagnostics (Avg Abs Error per sample, normalized units):
Hist | Count | MAE_Pred | MAE_Base | PredDevFromBase
-----|-------|----------|----------|----------------
0    | 8     | 2.5977   | 3.7696   | 1.3854 
1    | 9     | 0.8828   | 0.9160   | 0.6048 
2    | 11    | 0.6704   | 0.5551   | 0.4987 
3-5  | 59    | 0.4469   | 0.3926   | 0.3782 
6+   | 276   | 0.4090   | 0.2990   | 0.3119 

Epoch 2: loss = 0.391535 phase = A val_loss = 0.211442 delta_mae_pts = 0.4831 recap_mae_pts = 0.4831 cat_mae_pts = 0.5706 total_mae_pts = 1.3533 vs_inertia_pts = -0.0693 vs_quad_pts = 0.1631 lr_base = 0.000225 lr_mult = 1.0000 lr_eff = 0.000225 mon_cov = 0.746 mon_score = 1.8363 progress = 3/120 epoch_sec = 91.3 avg_epoch_sec = 91.5 elapsed = 00:04:34 eta = 02:58:21
Epoch 2 memory(end): tensors=258, buffers=219, bytes=18.3MB
Saved BEST-DELTA checkpoint @epoch 2 delta_mae_pts = 0.4831 monitor_score = 1.8363 -> models\v9_subcaption_fixed\v9fix_datefwd_calib_auto_best_only_1779521136806\best 
Saved BEST-LOSS checkpoint @epoch 2 val_loss = 0.211442 delta_mae_pts = 0.4831 -> models\v9_subcaption_fixed\v9fix_datefwd_calib_auto_best_only_1779521136806\best_loss 
Saved BEST-PHASE-A checkpoint @epoch 2 delta_mae_pts = 0.4831 -> models\v9_subcaption_fixed\v9fix_datefwd_calib_auto_best_only_1779521136806\best_phase_a 
[curriculum] phase=A age=3/10 delta=0.4831 phase_best=0.4831 stall=0/6 cov=0.746/0.900 min=wait cov_gate=wait next=hold

Epoch 3: Phase A (A_end=10, B_end=40, C_ramp=80) Weights {"totalWeight":0.05,"recapWeight":1,"deltaWeight":0.2,"categoryWeight":0.05,"quantileWeight":0.02,"consistencyWeight":0,"identityDropoutRate":0.95}, Scales {"judgeBias":0.075,"corps":0}, SeqLen 5, ID_Drop 0.952, WFW 0.100 
Epoch 3 memory(start): tensors=258, buffers=180, bytes=18.3MB

History Bucket Diagnostics (Avg Abs Error per sample, normalized units):
Hist | Count | MAE_Pred | MAE_Base | PredDevFromBase
-----|-------|----------|----------|----------------
0    | 8     | 1.0122   | 3.7696   | 3.1249 
1    | 9     | 0.8477   | 0.9160   | 0.4813 
2    | 11    | 0.6492   | 0.5551   | 0.4001 
3-5  | 59    | 0.5036   | 0.3926   | 0.3221 
6+   | 276   | 0.4353   | 0.2990   | 0.3069 

Epoch 3: loss = 0.265031 phase = A val_loss = 0.149642 delta_mae_pts = 0.4758 recap_mae_pts = 0.4758 cat_mae_pts = 0.5904 total_mae_pts = 1.3725 vs_inertia_pts = -0.0621 vs_quad_pts = 0.1703 lr_base = 0.000300 lr_mult = 1.0000 lr_eff = 0.000300 mon_cov = 0.800 mon_score = 1.8484 progress = 4/120 epoch_sec = 91.0 avg_epoch_sec = 91.3 elapsed = 00:06:05 eta = 02:56:36
Epoch 3 memory(end): tensors=258, buffers=219, bytes=18.3MB
Saved BEST-DELTA checkpoint @epoch 3 delta_mae_pts = 0.4758 monitor_score = 1.8363 -> models\v9_subcaption_fixed\v9fix_datefwd_calib_auto_best_only_1779521136806\best 
Saved BEST-LOSS checkpoint @epoch 3 val_loss = 0.149642 delta_mae_pts = 0.4758 -> models\v9_subcaption_fixed\v9fix_datefwd_calib_auto_best_only_1779521136806\best_loss 
Saved BEST-PHASE-A checkpoint @epoch 3 delta_mae_pts = 0.4758 -> models\v9_subcaption_fixed\v9fix_datefwd_calib_auto_best_only_1779521136806\best_phase_a 
[curriculum] phase=A age=4/10 delta=0.4758 phase_best=0.4758 stall=0/6 cov=0.800/0.900 min=wait cov_gate=wait next=hold

Epoch 4: Phase A (A_end=10, B_end=40, C_ramp=80) Weights {"totalWeight":0.05,"recapWeight":1,"deltaWeight":0.2,"categoryWeight":0.05,"quantileWeight":0.02,"consistencyWeight":0,"identityDropoutRate":0.95}, Scales {"judgeBias":0.1,"corps":0}, SeqLen 5, ID_Drop 0.949, WFW 0.100 
Epoch 4 memory(start): tensors=258, buffers=180, bytes=18.3MB

History Bucket Diagnostics (Avg Abs Error per sample, normalized units):
Hist | Count | MAE_Pred | MAE_Base | PredDevFromBase
-----|-------|----------|----------|----------------
0    | 8     | 0.8610   | 3.7696   | 3.8037 
1    | 9     | 0.8099   | 0.9160   | 0.5499 
2    | 11    | 0.5960   | 0.5551   | 0.4494 
3-5  | 59    | 0.4467   | 0.3926   | 0.4071 
6+   | 276   | 0.4613   | 0.2990   | 0.4478 

Epoch 4: loss = 0.239777 phase = A val_loss = 0.144386 delta_mae_pts = 0.4804 recap_mae_pts = 0.4804 cat_mae_pts = 0.6427 total_mae_pts = 1.6078 vs_inertia_pts = -0.0667 vs_quad_pts = 0.1657 lr_base = 0.000375 lr_mult = 1.0000 lr_eff = 0.000375 mon_cov = 0.694 mon_score = 2.0882 progress = 5/120 epoch_sec = 89.7 avg_epoch_sec = 91.0 elapsed = 00:07:35 eta = 02:54:26
Epoch 4 memory(end): tensors=258, buffers=219, bytes=18.3MB
Saved BEST-LOSS checkpoint @epoch 4 val_loss = 0.144386 delta_mae_pts = 0.4804 -> models\v9_subcaption_fixed\v9fix_datefwd_calib_auto_best_only_1779521136806\best_loss 
[curriculum] phase=A age=5/10 delta=0.4804 phase_best=0.4758 stall=1/6 cov=0.694/0.900 min=wait cov_gate=wait next=hold

Epoch 5: Phase A (A_end=10, B_end=40, C_ramp=80) Weights {"totalWeight":0.05,"recapWeight":1,"deltaWeight":0.2,"categoryWeight":0.05,"quantileWeight":0.02,"consistencyWeight":0,"identityDropoutRate":0.95}, Scales {"judgeBias":0.125,"corps":0}, SeqLen 5, ID_Drop 0.952, WFW 0.100 
Epoch 5 memory(start): tensors=258, buffers=219, bytes=18.3MB

History Bucket Diagnostics (Avg Abs Error per sample, normalized units):
Hist | Count | MAE_Pred | MAE_Base | PredDevFromBase
-----|-------|----------|----------|----------------
0    | 8     | 0.9400   | 3.7696   | 3.7214 
1    | 9     | 0.8767   | 0.9160   | 0.5892 
2    | 11    | 0.6590   | 0.5551   | 0.4035 
3-5  | 59    | 0.4832   | 0.3926   | 0.4466 
6+   | 276   | 0.4719   | 0.2990   | 0.4584 

Epoch 5: loss = 0.206070 phase = A val_loss = 0.152768 delta_mae_pts = 0.4997 recap_mae_pts = 0.4997 cat_mae_pts = 0.6569 total_mae_pts = 1.7118 vs_inertia_pts = -0.0860 vs_quad_pts = 0.1464 lr_base = 0.000450 lr_mult = 1.0000 lr_eff = 0.000450 mon_cov = 0.732 mon_score = 2.2115 progress = 6/120 epoch_sec = 91.8 avg_epoch_sec = 91.1 elapsed = 00:09:07 eta = 02:53:10
Epoch 5 memory(end): tensors=258, buffers=258, bytes=18.3MB
[curriculum] phase=A age=6/10 delta=0.4997 phase_best=0.4758 stall=2/6 cov=0.732/0.900 min=ok cov_gate=wait next=hold

Epoch 6: Phase A (A_end=10, B_end=40, C_ramp=80) Weights {"totalWeight":0.05,"recapWeight":1,"deltaWeight":0.2,"categoryWeight":0.05,"quantileWeight":0.02,"consistencyWeight":0,"identityDropoutRate":0.95}, Scales {"judgeBias":0.15,"corps":0}, SeqLen 5, ID_Drop 0.949, WFW 0.100 
Epoch 6 memory(start): tensors=258, buffers=258, bytes=18.3MB

History Bucket Diagnostics (Avg Abs Error per sample, normalized units):
Hist | Count | MAE_Pred | MAE_Base | PredDevFromBase
-----|-------|----------|----------|----------------
0    | 8     | 1.3914   | 3.7696   | 4.4433 
1    | 9     | 0.7594   | 0.9160   | 0.6410 
2    | 11    | 0.6836   | 0.5551   | 0.4371 
3-5  | 59    | 0.5048   | 0.3926   | 0.4031 
6+   | 276   | 0.4472   | 0.2990   | 0.4011 

Epoch 6: loss = 0.184329 phase = A val_loss = 0.151133 delta_mae_pts = 0.4923 recap_mae_pts = 0.4923 cat_mae_pts = 0.6483 total_mae_pts = 1.6448 vs_inertia_pts = -0.0786 vs_quad_pts = 0.1539 lr_base = 0.000525 lr_mult = 1.0000 lr_eff = 0.000525 mon_cov = 0.753 mon_score = 2.1371 progress = 7/120 epoch_sec = 89.6 avg_epoch_sec = 90.9 elapsed = 00:10:36 eta = 02:51:15
Epoch 6 memory(end): tensors=258, buffers=258, bytes=18.3MB
[curriculum] phase=A age=7/10 delta=0.4923 phase_best=0.4758 stall=3/6 cov=0.753/0.900 min=ok cov_gate=wait next=hold

Epoch 7: Phase A (A_end=10, B_end=40, C_ramp=80) Weights {"totalWeight":0.05,"recapWeight":1,"deltaWeight":0.2,"categoryWeight":0.05,"quantileWeight":0.02,"consistencyWeight":0,"identityDropoutRate":0.95}, Scales {"judgeBias":0.175,"corps":0}, SeqLen 5, ID_Drop 0.946, WFW 0.100 
Epoch 7 memory(start): tensors=258, buffers=258, bytes=18.3MB

History Bucket Diagnostics (Avg Abs Error per sample, normalized units):
Hist | Count | MAE_Pred | MAE_Base | PredDevFromBase
-----|-------|----------|----------|----------------
0    | 8     | 0.7447   | 3.7696   | 3.5771 
1    | 9     | 0.7292   | 0.9160   | 0.5604 
2    | 11    | 0.6187   | 0.5551   | 0.4372 
3-5  | 59    | 0.4591   | 0.3926   | 0.3904 
6+   | 276   | 0.4132   | 0.2990   | 0.3873 

Epoch 7: loss = 0.180512 phase = A val_loss = 0.130325 delta_mae_pts = 0.4420 recap_mae_pts = 0.4420 cat_mae_pts = 0.5913 total_mae_pts = 1.4854 vs_inertia_pts = -0.0283 vs_quad_pts = 0.2042 lr_base = 0.000600 lr_mult = 1.0000 lr_eff = 0.000600 mon_cov = 0.795 mon_score = 1.9275 progress = 8/120 epoch_sec = 90.5 avg_epoch_sec = 90.9 elapsed = 00:12:07 eta = 02:49:38
Epoch 7 memory(end): tensors=258, buffers=258, bytes=18.3MB
Saved BEST-DELTA checkpoint @epoch 7 delta_mae_pts = 0.4420 monitor_score = 1.8363 -> models\v9_subcaption_fixed\v9fix_datefwd_calib_auto_best_only_1779521136806\best 
Saved BEST-LOSS checkpoint @epoch 7 val_loss = 0.130325 delta_mae_pts = 0.4420 -> models\v9_subcaption_fixed\v9fix_datefwd_calib_auto_best_only_1779521136806\best_loss 
Saved BEST-PHASE-A checkpoint @epoch 7 delta_mae_pts = 0.4420 -> models\v9_subcaption_fixed\v9fix_datefwd_calib_auto_best_only_1779521136806\best_phase_a 
[curriculum] phase=A age=8/10 delta=0.4420 phase_best=0.4420 stall=0/6 cov=0.795/0.900 min=ok cov_gate=wait next=hold

Epoch 8: Phase A (A_end=10, B_end=40, C_ramp=80) Weights {"totalWeight":0.05,"recapWeight":1,"deltaWeight":0.2,"categoryWeight":0.05,"quantileWeight":0.02,"consistencyWeight":0,"identityDropoutRate":0.95}, Scales {"judgeBias":0.2,"corps":0}, SeqLen 5, ID_Drop 0.951, WFW 0.100 
Epoch 8 memory(start): tensors=258, buffers=180, bytes=18.3MB

History Bucket Diagnostics (Avg Abs Error per sample, normalized units):
Hist | Count | MAE_Pred | MAE_Base | PredDevFromBase
-----|-------|----------|----------|----------------
0    | 8     | 0.7920   | 3.7696   | 3.9148 
1    | 9     | 0.7042   | 0.9160   | 0.5711 
2    | 11    | 0.6246   | 0.5551   | 0.3320 
3-5  | 59    | 0.4705   | 0.3926   | 0.2937 
6+   | 276   | 0.3794   | 0.2990   | 0.2805 

Epoch 8: loss = 0.182518 phase = A val_loss = 0.124155 delta_mae_pts = 0.4187 recap_mae_pts = 0.4187 cat_mae_pts = 0.5111 total_mae_pts = 1.1846 vs_inertia_pts = -0.0050 vs_quad_pts = 0.2274 lr_base = 0.000675 lr_mult = 1.0000 lr_eff = 0.000675 mon_cov = 0.854 mon_score = 1.6034 progress = 9/120 epoch_sec = 102.5 avg_epoch_sec = 92.2 elapsed = 00:13:50 eta = 02:50:31
Epoch 8 memory(end): tensors=258, buffers=219, bytes=18.3MB
Saved BEST-DELTA checkpoint @epoch 8 delta_mae_pts = 0.4187 monitor_score = 1.6034 -> models\v9_subcaption_fixed\v9fix_datefwd_calib_auto_best_only_1779521136806\best 
Saved BEST-LOSS checkpoint @epoch 8 val_loss = 0.124155 delta_mae_pts = 0.4187 -> models\v9_subcaption_fixed\v9fix_datefwd_calib_auto_best_only_1779521136806\best_loss 
Saved BEST-PHASE-A checkpoint @epoch 8 delta_mae_pts = 0.4187 -> models\v9_subcaption_fixed\v9fix_datefwd_calib_auto_best_only_1779521136806\best_phase_a 
[curriculum] phase=A age=9/10 delta=0.4187 phase_best=0.4187 stall=0/6 cov=0.854/0.900 min=ok cov_gate=wait next=hold

Epoch 9: Phase A (A_end=10, B_end=40, C_ramp=80) Weights {"totalWeight":0.05,"recapWeight":1,"deltaWeight":0.2,"categoryWeight":0.05,"quantileWeight":0.02,"consistencyWeight":0,"identityDropoutRate":0.95}, Scales {"judgeBias":0.225,"corps":0}, SeqLen 5, ID_Drop 0.950, WFW 0.100 
Epoch 9 memory(start): tensors=258, buffers=180, bytes=18.3MB

History Bucket Diagnostics (Avg Abs Error per sample, normalized units):
Hist | Count | MAE_Pred | MAE_Base | PredDevFromBase
-----|-------|----------|----------|----------------
0    | 8     | 0.6312   | 3.7696   | 3.9748 
1    | 9     | 0.6952   | 0.9160   | 0.8076 
2    | 11    | 0.5830   | 0.5551   | 0.4401 
3-5  | 59    | 0.4635   | 0.3926   | 0.3022 
6+   | 276   | 0.4449   | 0.2990   | 0.3147 

Epoch 9: loss = 0.162690 phase = A val_loss = 0.134789 delta_mae_pts = 0.4624 recap_mae_pts = 0.4624 cat_mae_pts = 0.6031 total_mae_pts = 1.5250 vs_inertia_pts = -0.0487 vs_quad_pts = 0.1838 lr_base = 0.000750 lr_mult = 1.0000 lr_eff = 0.000750 mon_cov = 0.883 mon_score = 1.9874 progress = 10/120 epoch_sec = 98.4 avg_epoch_sec = 92.8 elapsed = 00:15:28 eta = 02:50:07
Epoch 9 memory(end): tensors=258, buffers=219, bytes=18.3MB
[curriculum] phase=A age=10/10 delta=0.4624 phase_best=0.4187 stall=1/6 cov=0.883/0.900 min=ok cov_gate=wait next=advance:max

--- AUTO CURRICULUM: A -> B at next epoch 10 (reason=max_epoch, delta=0.4624, coverage=0.883) ---

Epoch 10: Phase B (A_end=10, B_end=40, C_ramp=80) Weights {"totalWeight":0,"recapWeight":1,"deltaWeight":0.2,"categoryWeight":0.05,"quantileWeight":0.02,"consistencyWeight":0,"identityDropoutRate":0.95}, Scales {"judgeBias":0.25,"corps":0}, SeqLen 15, ID_Drop 0.948, WFW 0.100 
Epoch 10 memory(start): tensors=258, buffers=219, bytes=18.3MB

History Bucket Diagnostics (Avg Abs Error per sample, normalized units):
Hist | Count | MAE_Pred | MAE_Base | PredDevFromBase
-----|-------|----------|----------|----------------
0    | 8     | 1.2912   | 3.7696   | 4.5524 
1    | 9     | 0.6794   | 0.9160   | 0.8546 
2    | 11    | 0.5641   | 0.5551   | 0.3523 
3-5  | 59    | 0.4483   | 0.3926   | 0.2907 
6+   | 276   | 0.3775   | 0.2990   | 0.3062 

Epoch 10: loss = 0.170883 phase = B val_loss = 0.129224 delta_mae_pts = 0.4223 recap_mae_pts = 0.4223 cat_mae_pts = 0.5130 total_mae_pts = 1.2536 vs_inertia_pts = -0.0086 vs_quad_pts = 0.2239 lr_base = 0.000750 lr_mult = 1.0000 lr_eff = 0.000750 mon_cov = 0.859 mon_score = 1.6759 progress = 11/120 epoch_sec = 91.4 avg_epoch_sec = 92.7 elapsed = 00:16:59 eta = 02:48:21
Epoch 10 memory(end): tensors=258, buffers=219, bytes=18.3MB
Saved BEST-PHASE-B checkpoint @epoch 10 delta_mae_pts = 0.4223 -> models\v9_subcaption_fixed\v9fix_datefwd_calib_auto_best_only_1779521136806\best_phase_b 
[curriculum] phase=B age=1/30 delta=0.4223 phase_best=0.4223 stall=0/6 cov=0.859/0.900 min=wait cov_gate=wait next=hold

Epoch 11: Phase B (A_end=10, B_end=40, C_ramp=80) Weights {"totalWeight":0,"recapWeight":0.9766666666666667,"deltaWeight":0.22666666666666668,"categoryWeight":0.05,"quantileWeight":0.02266666666666667,"consistencyWeight":0,"identityDropoutRate":0.95}, Scales {"judgeBias":0.275,"corps":0}, SeqLen 15, ID_Drop 0.956, WFW 0.105 
Epoch 11 memory(start): tensors=258, buffers=219, bytes=18.3MB

History Bucket Diagnostics (Avg Abs Error per sample, normalized units):
Hist | Count | MAE_Pred | MAE_Base | PredDevFromBase
-----|-------|----------|----------|----------------
0    | 8     | 0.9122   | 3.7696   | 3.9734 
1    | 9     | 0.7606   | 0.9160   | 0.5346 
2    | 11    | 0.7147   | 0.5551   | 0.3748 
3-5  | 59    | 0.6055   | 0.3926   | 0.3866 
6+   | 276   | 0.4238   | 0.2990   | 0.3187 

Epoch 11: loss = 0.166206 phase = B val_loss = 0.144935 delta_mae_pts = 0.4813 recap_mae_pts = 0.4813 cat_mae_pts = 0.6856 total_mae_pts = 1.8247 vs_inertia_pts = -0.0675 vs_quad_pts = 0.1649 lr_base = 0.000750 lr_mult = 1.0000 lr_eff = 0.000750 mon_cov = 0.884 mon_score = 2.3060 progress = 12/120 epoch_sec = 92.3 avg_epoch_sec = 92.6 elapsed = 00:18:32 eta = 02:46:45
Epoch 11 memory(end): tensors=258, buffers=219, bytes=18.3MB
[curriculum] phase=B age=2/30 delta=0.4813 phase_best=0.4223 stall=1/6 cov=0.884/0.900 min=wait cov_gate=wait next=hold

Epoch 12: Phase B (A_end=10, B_end=40, C_ramp=80) Weights {"totalWeight":0,"recapWeight":0.9533333333333334,"deltaWeight":0.25333333333333335,"categoryWeight":0.05,"quantileWeight":0.025333333333333333,"consistencyWeight":0,"identityDropoutRate":0.95}, Scales {"judgeBias":0.3,"corps":0}, SeqLen 15, ID_Drop 0.949, WFW 0.118 
Epoch 12 memory(start): tensors=258, buffers=219, bytes=18.3MB

History Bucket Diagnostics (Avg Abs Error per sample, normalized units):
Hist | Count | MAE_Pred | MAE_Base | PredDevFromBase
-----|-------|----------|----------|----------------
0    | 8     | 0.9624   | 3.7696   | 3.7783 
1    | 9     | 0.8953   | 0.9160   | 0.5173 
2    | 11    | 0.8154   | 0.5551   | 0.4629 
3-5  | 59    | 0.6013   | 0.3926   | 0.4053 
6+   | 276   | 0.4053   | 0.2990   | 0.3109 

Epoch 12: loss = 0.166715 phase = B val_loss = 0.150778 delta_mae_pts = 0.4740 recap_mae_pts = 0.4740 cat_mae_pts = 0.6368 total_mae_pts = 1.6771 vs_inertia_pts = -0.0603 vs_quad_pts = 0.1722 lr_base = 0.000749 lr_mult = 1.0000 lr_eff = 0.000749 mon_cov = 0.886 mon_score = 2.1511 progress = 13/120 epoch_sec = 91.4 avg_epoch_sec = 92.5 elapsed = 00:20:03 eta = 02:45:02
Epoch 12 memory(end): tensors=258, buffers=219, bytes=18.3MB
[curriculum] phase=B age=3/30 delta=0.4740 phase_best=0.4223 stall=2/6 cov=0.886/0.900 min=wait cov_gate=wait next=hold

Epoch 13: Phase B (A_end=10, B_end=40, C_ramp=80) Weights {"totalWeight":0,"recapWeight":0.93,"deltaWeight":0.28,"categoryWeight":0.05,"quantileWeight":0.028,"consistencyWeight":0,"identityDropoutRate":0.95}, Scales {"judgeBias":0.325,"corps":0}, SeqLen 15, ID_Drop 0.950, WFW 0.139 
Epoch 13 memory(start): tensors=258, buffers=219, bytes=18.3MB

History Bucket Diagnostics (Avg Abs Error per sample, normalized units):
Hist | Count | MAE_Pred | MAE_Base | PredDevFromBase
-----|-------|----------|----------|----------------
0    | 8     | 0.9096   | 3.7696   | 3.5605 
1    | 9     | 0.7941   | 0.9160   | 0.5215 
2    | 11    | 0.5966   | 0.5551   | 0.3643 
3-5  | 59    | 0.4729   | 0.3926   | 0.3196 
6+   | 276   | 0.3676   | 0.2990   | 0.2876 

Epoch 13: loss = 0.165455 phase = B val_loss = 0.129165 delta_mae_pts = 0.4142 recap_mae_pts = 0.4142 cat_mae_pts = 0.5048 total_mae_pts = 1.2219 vs_inertia_pts = -0.0004 vs_quad_pts = 0.2320 lr_base = 0.000749 lr_mult = 1.0000 lr_eff = 0.000749 mon_cov = 0.923 mon_score = 1.6361 progress = 14/120 epoch_sec = 91.0 avg_epoch_sec = 92.4 elapsed = 00:21:34 eta = 02:43:18
Epoch 13 memory(end): tensors=258, buffers=219, bytes=18.3MB
Saved BEST-DELTA checkpoint @epoch 13 delta_mae_pts = 0.4142 monitor_score = 1.6361 -> models\v9_subcaption_fixed\v9fix_datefwd_calib_auto_best_only_1779521136806\best 
Saved BEST-PHASE-B checkpoint @epoch 13 delta_mae_pts = 0.4142 -> models\v9_subcaption_fixed\v9fix_datefwd_calib_auto_best_only_1779521136806\best_phase_b 
[curriculum] phase=B age=4/30 delta=0.4142 phase_best=0.4142 stall=0/6 cov=0.923/0.900 min=wait cov_gate=ok next=hold

Epoch 14: Phase B (A_end=10, B_end=40, C_ramp=80) Weights {"totalWeight":0,"recapWeight":0.9066666666666667,"deltaWeight":0.3066666666666667,"categoryWeight":0.05,"quantileWeight":0.03066666666666667,"consistencyWeight":0,"identityDropoutRate":0.95}, Scales {"judgeBias":0.35,"corps":0}, SeqLen 15, ID_Drop 0.949, WFW 0.168 
Epoch 14 memory(start): tensors=258, buffers=219, bytes=18.3MB

History Bucket Diagnostics (Avg Abs Error per sample, normalized units):
Hist | Count | MAE_Pred | MAE_Base | PredDevFromBase
-----|-------|----------|----------|----------------
0    | 8     | 0.6282   | 3.7696   | 3.5835 
1    | 9     | 0.6983   | 0.9160   | 0.5861 
2    | 11    | 0.5655   | 0.5551   | 0.3538 
3-5  | 59    | 0.5309   | 0.3926   | 0.3236 
6+   | 276   | 0.4069   | 0.2990   | 0.3103 

Epoch 14: loss = 0.150612 phase = B val_loss = 0.137734 delta_mae_pts = 0.4439 recap_mae_pts = 0.4439 cat_mae_pts = 0.5793 total_mae_pts = 1.5300 vs_inertia_pts = -0.0302 vs_quad_pts = 0.2022 lr_base = 0.000748 lr_mult = 1.0000 lr_eff = 0.000748 mon_cov = 0.915 mon_score = 1.9739 progress = 15/120 epoch_sec = 91.0 avg_epoch_sec = 92.3 elapsed = 00:23:05 eta = 02:41:36
Epoch 14 memory(end): tensors=258, buffers=258, bytes=18.3MB
[curriculum] phase=B age=5/30 delta=0.4439 phase_best=0.4142 stall=1/6 cov=0.915/0.900 min=wait cov_gate=ok next=hold

Epoch 15: Phase B (A_end=10, B_end=40, C_ramp=80) Weights {"totalWeight":0,"recapWeight":0.8833333333333333,"deltaWeight":0.33333333333333337,"categoryWeight":0.05,"quantileWeight":0.03333333333333333,"consistencyWeight":0,"identityDropoutRate":0.95}, Scales {"judgeBias":0.375,"corps":0}, SeqLen 15, ID_Drop 0.951, WFW 0.204 
Epoch 15 memory(start): tensors=258, buffers=258, bytes=18.3MB

History Bucket Diagnostics (Avg Abs Error per sample, normalized units):
Hist | Count | MAE_Pred | MAE_Base | PredDevFromBase
-----|-------|----------|----------|----------------
0    | 8     | 0.6713   | 3.7696   | 3.8900 
1    | 9     | 0.6759   | 0.9160   | 0.8120 
2    | 11    | 0.5019   | 0.5551   | 0.4218 
3-5  | 59    | 0.3898   | 0.3926   | 0.3147 
6+   | 276   | 0.3573   | 0.2990   | 0.2986 

Epoch 15: loss = 0.151088 phase = B val_loss = 0.122115 delta_mae_pts = 0.3818 recap_mae_pts = 0.3818 cat_mae_pts = 0.4594 total_mae_pts = 1.0684 vs_inertia_pts = 0.0319 vs_quad_pts = 0.2644 lr_base = 0.000746 lr_mult = 1.0000 lr_eff = 0.000746 mon_cov = 0.934 mon_score = 1.4501 progress = 16/120 epoch_sec = 91.5 avg_epoch_sec = 92.3 elapsed = 00:24:37 eta = 02:39:58
Epoch 15 memory(end): tensors=258, buffers=258, bytes=18.3MB
Saved BEST-DELTA checkpoint @epoch 15 delta_mae_pts = 0.3818 monitor_score = 1.4501 -> models\v9_subcaption_fixed\v9fix_datefwd_calib_auto_best_only_1779521136806\best 
Saved BEST-LOSS checkpoint @epoch 15 val_loss = 0.122115 delta_mae_pts = 0.3818 -> models\v9_subcaption_fixed\v9fix_datefwd_calib_auto_best_only_1779521136806\best_loss 
Saved BEST-PHASE-B checkpoint @epoch 15 delta_mae_pts = 0.3818 -> models\v9_subcaption_fixed\v9fix_datefwd_calib_auto_best_only_1779521136806\best_phase_b 
[curriculum] phase=B age=6/30 delta=0.3818 phase_best=0.3818 stall=0/6 cov=0.934/0.900 min=wait cov_gate=ok next=hold

Epoch 16: Phase B (A_end=10, B_end=40, C_ramp=80) Weights {"totalWeight":0,"recapWeight":0.86,"deltaWeight":0.36000000000000004,"categoryWeight":0.05,"quantileWeight":0.036000000000000004,"consistencyWeight":0,"identityDropoutRate":0.95}, Scales {"judgeBias":0.4,"corps":0}, SeqLen 15, ID_Drop 0.949, WFW 0.246 
Epoch 16 memory(start): tensors=258, buffers=180, bytes=18.3MB

History Bucket Diagnostics (Avg Abs Error per sample, normalized units):
Hist | Count | MAE_Pred | MAE_Base | PredDevFromBase
-----|-------|----------|----------|----------------
0    | 8     | 0.6964   | 3.7696   | 3.8462 
1    | 9     | 0.6718   | 0.9160   | 0.6192 
2    | 11    | 0.4699   | 0.5551   | 0.3448 
3-5  | 59    | 0.4641   | 0.3926   | 0.2716 
6+   | 276   | 0.4038   | 0.2990   | 0.2667 

Epoch 16: loss = 0.146830 phase = B val_loss = 0.137523 delta_mae_pts = 0.4287 recap_mae_pts = 0.4287 cat_mae_pts = 0.5799 total_mae_pts = 1.5261 vs_inertia_pts = -0.0150 vs_quad_pts = 0.2175 lr_base = 0.000745 lr_mult = 1.0000 lr_eff = 0.000745 mon_cov = 0.923 mon_score = 1.9548 progress = 17/120 epoch_sec = 91.1 avg_epoch_sec = 92.2 elapsed = 00:26:08 eta = 02:38:18
Epoch 16 memory(end): tensors=258, buffers=219, bytes=18.3MB
[curriculum] phase=B age=7/30 delta=0.4287 phase_best=0.3818 stall=1/6 cov=0.923/0.900 min=wait cov_gate=ok next=hold

Epoch 17: Phase B (A_end=10, B_end=40, C_ramp=80) Weights {"totalWeight":0,"recapWeight":0.8366666666666667,"deltaWeight":0.3866666666666667,"categoryWeight":0.05,"quantileWeight":0.03866666666666667,"consistencyWeight":0,"identityDropoutRate":0.95}, Scales {"judgeBias":0.425,"corps":0}, SeqLen 15, ID_Drop 0.954, WFW 0.293 
Epoch 17 memory(start): tensors=258, buffers=219, bytes=18.3MB

History Bucket Diagnostics (Avg Abs Error per sample, normalized units):
Hist | Count | MAE_Pred | MAE_Base | PredDevFromBase
-----|-------|----------|----------|----------------
0    | 8     | 0.6821   | 3.7696   | 3.8630 
1    | 9     | 0.6809   | 0.9160   | 0.6053 
2    | 11    | 0.5558   | 0.5551   | 0.3871 
3-5  | 59    | 0.4616   | 0.3926   | 0.3134 
6+   | 276   | 0.3519   | 0.2990   | 0.2806 

Epoch 17: loss = 0.145861 phase = B val_loss = 0.130205 delta_mae_pts = 0.3913 recap_mae_pts = 0.3913 cat_mae_pts = 0.5130 total_mae_pts = 1.2946 vs_inertia_pts = 0.0224 vs_quad_pts = 0.2548 lr_base = 0.000743 lr_mult = 1.0000 lr_eff = 0.000743 mon_cov = 0.926 mon_score = 1.6859 progress = 18/120 epoch_sec = 91.8 avg_epoch_sec = 92.2 elapsed = 00:27:39 eta = 02:36:43
Epoch 17 memory(end): tensors=258, buffers=219, bytes=18.3MB
[curriculum] phase=B age=8/30 delta=0.3913 phase_best=0.3818 stall=2/6 cov=0.926/0.900 min=wait cov_gate=ok next=hold

Epoch 18: Phase B (A_end=10, B_end=40, C_ramp=80) Weights {"totalWeight":0,"recapWeight":0.8133333333333334,"deltaWeight":0.41333333333333333,"categoryWeight":0.05,"quantileWeight":0.04133333333333333,"consistencyWeight":0,"identityDropoutRate":0.95}, Scales {"judgeBias":0.45,"corps":0}, SeqLen 15, ID_Drop 0.951, WFW 0.346 
Epoch 18 memory(start): tensors=258, buffers=219, bytes=18.3MB

History Bucket Diagnostics (Avg Abs Error per sample, normalized units):
Hist | Count | MAE_Pred | MAE_Base | PredDevFromBase
-----|-------|----------|----------|----------------
0    | 8     | 0.7043   | 3.7696   | 3.7018 
1    | 9     | 0.7107   | 0.9160   | 0.5145 
2    | 11    | 0.5688   | 0.5551   | 0.3375 
3-5  | 59    | 0.4764   | 0.3926   | 0.3021 
6+   | 276   | 0.3540   | 0.2990   | 0.2594 

Epoch 18: loss = 0.145850 phase = B val_loss = 0.137167 delta_mae_pts = 0.3969 recap_mae_pts = 0.3969 cat_mae_pts = 0.4992 total_mae_pts = 1.2493 vs_inertia_pts = 0.0168 vs_quad_pts = 0.2492 lr_base = 0.000741 lr_mult = 1.0000 lr_eff = 0.000741 mon_cov = 0.935 mon_score = 1.6463 progress = 19/120 epoch_sec = 91.3 avg_epoch_sec = 92.1 elapsed = 00:29:11 eta = 02:35:06
Epoch 18 memory(end): tensors=258, buffers=219, bytes=18.3MB
[curriculum] phase=B age=9/30 delta=0.3969 phase_best=0.3818 stall=3/6 cov=0.935/0.900 min=wait cov_gate=ok next=hold

Epoch 19: Phase B (A_end=10, B_end=40, C_ramp=80) Weights {"totalWeight":0,"recapWeight":0.79,"deltaWeight":0.44,"categoryWeight":0.05,"quantileWeight":0.044,"consistencyWeight":0,"identityDropoutRate":0.95}, Scales {"judgeBias":0.475,"corps":0}, SeqLen 15, ID_Drop 0.952, WFW 0.402 
Epoch 19 memory(start): tensors=258, buffers=219, bytes=18.3MB

History Bucket Diagnostics (Avg Abs Error per sample, normalized units):
Hist | Count | MAE_Pred | MAE_Base | PredDevFromBase
-----|-------|----------|----------|----------------
0    | 8     | 0.9254   | 3.7696   | 3.9729 
1    | 9     | 0.7512   | 0.9160   | 0.4635 
2    | 11    | 0.7110   | 0.5551   | 0.3820 
3-5  | 59    | 0.6501   | 0.3926   | 0.4168 
6+   | 276   | 0.4005   | 0.2990   | 0.2800 

Epoch 19: loss = 0.147825 phase = B val_loss = 0.161699 delta_mae_pts = 0.4708 recap_mae_pts = 0.4708 cat_mae_pts = 0.6728 total_mae_pts = 1.8501 vs_inertia_pts = -0.0571 vs_quad_pts = 0.1754 lr_base = 0.000738 lr_mult = 1.0000 lr_eff = 0.000738 mon_cov = 0.904 mon_score = 2.3209 progress = 20/120 epoch_sec = 90.4 avg_epoch_sec = 92.1 elapsed = 00:30:41 eta = 02:33:25
Epoch 19 memory(end): tensors=258, buffers=219, bytes=18.3MB
[curriculum] phase=B age=10/30 delta=0.4708 phase_best=0.3818 stall=4/6 cov=0.904/0.900 min=wait cov_gate=ok next=hold

Epoch 20: Phase B (A_end=10, B_end=40, C_ramp=80) Weights {"totalWeight":0,"recapWeight":0.7666666666666667,"deltaWeight":0.4666666666666667,"categoryWeight":0.05,"quantileWeight":0.04666666666666666,"consistencyWeight":0,"identityDropoutRate":0.95}, Scales {"judgeBias":0.5,"corps":0}, SeqLen 15, ID_Drop 0.947, WFW 0.463 
Epoch 20 memory(start): tensors=258, buffers=219, bytes=18.3MB

History Bucket Diagnostics (Avg Abs Error per sample, normalized units):
Hist | Count | MAE_Pred | MAE_Base | PredDevFromBase
-----|-------|----------|----------|----------------
0    | 8     | 0.7129   | 3.7696   | 3.8601 
1    | 9     | 0.7128   | 0.9160   | 0.5757 
2    | 11    | 0.5736   | 0.5551   | 0.3730 
3-5  | 59    | 0.5738   | 0.3926   | 0.3634 
6+   | 276   | 0.4094   | 0.2990   | 0.3011 

Epoch 20: loss = 0.151611 phase = B val_loss = 0.159658 delta_mae_pts = 0.4553 recap_mae_pts = 0.4553 cat_mae_pts = 0.6256 total_mae_pts = 1.6799 vs_inertia_pts = -0.0416 vs_quad_pts = 0.1909 lr_base = 0.000735 lr_mult = 1.0000 lr_eff = 0.000735 mon_cov = 0.902 mon_score = 2.1352 progress = 21/120 epoch_sec = 92.8 avg_epoch_sec = 92.1 elapsed = 00:32:14 eta = 02:31:57
Epoch 20 memory(end): tensors=258, buffers=219, bytes=18.3MB
[curriculum] phase=B age=11/30 delta=0.4553 phase_best=0.3818 stall=5/6 cov=0.902/0.900 min=wait cov_gate=ok next=hold

Epoch 21: Phase B (A_end=10, B_end=40, C_ramp=80) Weights {"totalWeight":0,"recapWeight":0.7433333333333334,"deltaWeight":0.49333333333333335,"categoryWeight":0.05,"quantileWeight":0.04933333333333333,"consistencyWeight":0,"identityDropoutRate":0.95}, Scales {"judgeBias":0.525,"corps":0}, SeqLen 15, ID_Drop 0.948, WFW 0.527 
Epoch 21 memory(start): tensors=258, buffers=219, bytes=18.3MB

History Bucket Diagnostics (Avg Abs Error per sample, normalized units):
Hist | Count | MAE_Pred | MAE_Base | PredDevFromBase
-----|-------|----------|----------|----------------
0    | 8     | 0.9643   | 3.7696   | 4.0646 
1    | 9     | 0.6602   | 0.9160   | 0.5116 
2    | 11    | 0.6207   | 0.5551   | 0.3711 
3-5  | 59    | 0.5382   | 0.3926   | 0.3384 
6+   | 276   | 0.3885   | 0.2990   | 0.2892 

Epoch 21: loss = 0.152403 phase = B val_loss = 0.157946 delta_mae_pts = 0.4393 recap_mae_pts = 0.4393 cat_mae_pts = 0.6011 total_mae_pts = 1.6218 vs_inertia_pts = -0.0256 vs_quad_pts = 0.2068 lr_base = 0.000732 lr_mult = 1.0000 lr_eff = 0.000732 mon_cov = 0.902 mon_score = 2.0611 progress = 22/120 epoch_sec = 91.5 avg_epoch_sec = 92.1 elapsed = 00:33:45 eta = 02:30:22
Epoch 21 memory(end): tensors=258, buffers=219, bytes=18.3MB
[curriculum] phase=B age=12/30 delta=0.4393 phase_best=0.3818 stall=6/6 cov=0.902/0.900 min=wait cov_gate=ok next=hold

Epoch 22: Phase B (A_end=10, B_end=40, C_ramp=80) Weights {"totalWeight":0,"recapWeight":0.72,"deltaWeight":0.52,"categoryWeight":0.05,"quantileWeight":0.052000000000000005,"consistencyWeight":0,"identityDropoutRate":0.95}, Scales {"judgeBias":0.55,"corps":0}, SeqLen 15, ID_Drop 0.952, WFW 0.593 
Epoch 22 memory(start): tensors=258, buffers=219, bytes=18.3MB

History Bucket Diagnostics (Avg Abs Error per sample, normalized units):
Hist | Count | MAE_Pred | MAE_Base | PredDevFromBase
-----|-------|----------|----------|----------------
0    | 8     | 0.7858   | 3.7696   | 4.1163 
1    | 9     | 0.7149   | 0.9160   | 0.9587 
2    | 11    | 0.5260   | 0.5551   | 0.6070 
3-5  | 59    | 0.3815   | 0.3926   | 0.3963 
6+   | 276   | 0.3410   | 0.2990   | 0.3066 

Epoch 22: loss = 0.153792 phase = B val_loss = 0.137401 delta_mae_pts = 0.3723 recap_mae_pts = 0.3723 cat_mae_pts = 0.4679 total_mae_pts = 1.1385 vs_inertia_pts = 0.0414 vs_quad_pts = 0.2739 lr_base = 0.000729 lr_mult = 1.0000 lr_eff = 0.000729 mon_cov = 0.938 mon_score = 1.5108 progress = 23/120 epoch_sec = 91.6 avg_epoch_sec = 92.0 elapsed = 00:35:17 eta = 02:28:48
Epoch 22 memory(end): tensors=258, buffers=219, bytes=18.3MB
Saved BEST-DELTA checkpoint @epoch 22 delta_mae_pts = 0.3723 monitor_score = 1.4501 -> models\v9_subcaption_fixed\v9fix_datefwd_calib_auto_best_only_1779521136806\best 
Saved BEST-PHASE-B checkpoint @epoch 22 delta_mae_pts = 0.3723 -> models\v9_subcaption_fixed\v9fix_datefwd_calib_auto_best_only_1779521136806\best_phase_b 
[curriculum] phase=B age=13/30 delta=0.3723 phase_best=0.3723 stall=0/6 cov=0.938/0.900 min=wait cov_gate=ok next=hold

Epoch 23: Phase B (A_end=10, B_end=40, C_ramp=80) Weights {"totalWeight":0,"recapWeight":0.6966666666666667,"deltaWeight":0.5466666666666666,"categoryWeight":0.05,"quantileWeight":0.05466666666666667,"consistencyWeight":0,"identityDropoutRate":0.95}, Scales {"judgeBias":0.575,"corps":0}, SeqLen 15, ID_Drop 0.953, WFW 0.661 
Epoch 23 memory(start): tensors=258, buffers=219, bytes=18.3MB

History Bucket Diagnostics (Avg Abs Error per sample, normalized units):
Hist | Count | MAE_Pred | MAE_Base | PredDevFromBase
-----|-------|----------|----------|----------------
0    | 8     | 0.7386   | 3.7696   | 3.9563 
1    | 9     | 0.6837   | 0.9160   | 0.6777 
2    | 11    | 0.4713   | 0.5551   | 0.4411 
3-5  | 59    | 0.4008   | 0.3926   | 0.3639 
6+   | 276   | 0.3409   | 0.2990   | 0.3222 

Epoch 23: loss = 0.152080 phase = B val_loss = 0.139087 delta_mae_pts = 0.3719 recap_mae_pts = 0.3719 cat_mae_pts = 0.4664 total_mae_pts = 1.1180 vs_inertia_pts = 0.0418 vs_quad_pts = 0.2743 lr_base = 0.000725 lr_mult = 1.0000 lr_eff = 0.000725 mon_cov = 0.949 mon_score = 1.4898 progress = 24/120 epoch_sec = 91.0 avg_epoch_sec = 92.0 elapsed = 00:36:48 eta = 02:27:12
Epoch 23 memory(end): tensors=258, buffers=258, bytes=18.3MB
Saved BEST-DELTA checkpoint @epoch 23 delta_mae_pts = 0.3719 monitor_score = 1.4501 -> models\v9_subcaption_fixed\v9fix_datefwd_calib_auto_best_only_1779521136806\best 
Saved BEST-PHASE-B checkpoint @epoch 23 delta_mae_pts = 0.3719 -> models\v9_subcaption_fixed\v9fix_datefwd_calib_auto_best_only_1779521136806\best_phase_b 
[curriculum] phase=B age=14/30 delta=0.3719 phase_best=0.3723 stall=1/6 cov=0.949/0.900 min=wait cov_gate=ok next=hold

Epoch 24: Phase B (A_end=10, B_end=40, C_ramp=80) Weights {"totalWeight":0,"recapWeight":0.6733333333333333,"deltaWeight":0.5733333333333334,"categoryWeight":0.05,"quantileWeight":0.05733333333333333,"consistencyWeight":0,"identityDropoutRate":0.95}, Scales {"judgeBias":0.6,"corps":0}, SeqLen 15, ID_Drop 0.947, WFW 0.730 
Epoch 24 memory(start): tensors=258, buffers=219, bytes=18.3MB

History Bucket Diagnostics (Avg Abs Error per sample, normalized units):
Hist | Count | MAE_Pred | MAE_Base | PredDevFromBase
-----|-------|----------|----------|----------------
0    | 8     | 0.6008   | 3.7696   | 3.7014 
1    | 9     | 0.6828   | 0.9160   | 0.7572 
2    | 11    | 0.5322   | 0.5551   | 0.4139 
3-5  | 59    | 0.4176   | 0.3926   | 0.2998 
6+   | 276   | 0.3292   | 0.2990   | 0.2482 

Epoch 24: loss = 0.153638 phase = B val_loss = 0.138528 delta_mae_pts = 0.3645 recap_mae_pts = 0.3645 cat_mae_pts = 0.4411 total_mae_pts = 1.0462 vs_inertia_pts = 0.0492 vs_quad_pts = 0.2817 lr_base = 0.000722 lr_mult = 1.0000 lr_eff = 0.000722 mon_cov = 0.957 mon_score = 1.4107 progress = 25/120 epoch_sec = 91.5 avg_epoch_sec = 92.0 elapsed = 00:38:19 eta = 02:25:38
Epoch 24 memory(end): tensors=258, buffers=258, bytes=18.3MB
Saved BEST-DELTA checkpoint @epoch 24 delta_mae_pts = 0.3645 monitor_score = 1.4107 -> models\v9_subcaption_fixed\v9fix_datefwd_calib_auto_best_only_1779521136806\best 
Saved BEST-PHASE-B checkpoint @epoch 24 delta_mae_pts = 0.3645 -> models\v9_subcaption_fixed\v9fix_datefwd_calib_auto_best_only_1779521136806\best_phase_b 
[curriculum] phase=B age=15/30 delta=0.3645 phase_best=0.3645 stall=0/6 cov=0.957/0.900 min=wait cov_gate=ok next=hold

Epoch 25: Phase B (A_end=10, B_end=40, C_ramp=80) Weights {"totalWeight":0,"recapWeight":0.65,"deltaWeight":0.6000000000000001,"categoryWeight":0.05,"quantileWeight":0.06,"consistencyWeight":0,"identityDropoutRate":0.95}, Scales {"judgeBias":0.625,"corps":0}, SeqLen 15, ID_Drop 0.947, WFW 0.800 
Epoch 25 memory(start): tensors=258, buffers=219, bytes=18.3MB

History Bucket Diagnostics (Avg Abs Error per sample, normalized units):
Hist | Count | MAE_Pred | MAE_Base | PredDevFromBase
-----|-------|----------|----------|----------------
0    | 8     | 0.6509   | 3.7696   | 3.7412 
1    | 9     | 0.6540   | 0.9160   | 0.5786 
2    | 11    | 0.4731   | 0.5551   | 0.3307 
3-5  | 59    | 0.4280   | 0.3926   | 0.2644 
6+   | 276   | 0.3271   | 0.2990   | 0.2456 

Epoch 25: loss = 0.156951 phase = B val_loss = 0.141787 delta_mae_pts = 0.3632 recap_mae_pts = 0.3632 cat_mae_pts = 0.4580 total_mae_pts = 1.1238 vs_inertia_pts = 0.0506 vs_quad_pts = 0.2830 lr_base = 0.000717 lr_mult = 1.0000 lr_eff = 0.000717 mon_cov = 0.954 mon_score = 1.4870 progress = 26/120 epoch_sec = 91.0 avg_epoch_sec = 91.9 elapsed = 00:39:50 eta = 02:24:02
Epoch 25 memory(end): tensors=258, buffers=258, bytes=18.3MB
Saved BEST-DELTA checkpoint @epoch 25 delta_mae_pts = 0.3632 monitor_score = 1.4107 -> models\v9_subcaption_fixed\v9fix_datefwd_calib_auto_best_only_1779521136806\best 
Saved BEST-PHASE-B checkpoint @epoch 25 delta_mae_pts = 0.3632 -> models\v9_subcaption_fixed\v9fix_datefwd_calib_auto_best_only_1779521136806\best_phase_b 
[curriculum] phase=B age=16/30 delta=0.3632 phase_best=0.3645 stall=1/6 cov=0.954/0.900 min=wait cov_gate=ok next=hold

Epoch 26: Phase B (A_end=10, B_end=40, C_ramp=80) Weights {"totalWeight":0,"recapWeight":0.6266666666666667,"deltaWeight":0.6266666666666667,"categoryWeight":0.05,"quantileWeight":0.06266666666666666,"consistencyWeight":0,"identityDropoutRate":0.95}, Scales {"judgeBias":0.65,"corps":0.02857142857142857}, SeqLen 15, ID_Drop 0.946, WFW 0.870 
Epoch 26 memory(start): tensors=258, buffers=219, bytes=18.3MB

History Bucket Diagnostics (Avg Abs Error per sample, normalized units):
Hist | Count | MAE_Pred | MAE_Base | PredDevFromBase
-----|-------|----------|----------|----------------
0    | 8     | 0.6159   | 3.7696   | 3.6750 
1    | 9     | 0.6222   | 0.9160   | 0.5994 
2    | 11    | 0.4714   | 0.5551   | 0.3751 
3-5  | 59    | 0.4128   | 0.3926   | 0.2729 
6+   | 276   | 0.3356   | 0.2990   | 0.2757 

Epoch 26: loss = 0.156444 phase = B val_loss = 0.142990 delta_mae_pts = 0.3656 recap_mae_pts = 0.3656 cat_mae_pts = 0.4536 total_mae_pts = 1.0958 vs_inertia_pts = 0.0482 vs_quad_pts = 0.2806 lr_base = 0.000713 lr_mult = 1.0000 lr_eff = 0.000713 mon_cov = 0.943 mon_score = 1.4614 progress = 27/120 epoch_sec = 91.4 avg_epoch_sec = 91.9 elapsed = 00:41:22 eta = 02:22:28
Epoch 26 memory(end): tensors=258, buffers=258, bytes=18.3MB
[curriculum] phase=B age=17/30 delta=0.3656 phase_best=0.3645 stall=2/6 cov=0.943/0.900 min=wait cov_gate=ok next=hold

Epoch 27: Phase B (A_end=10, B_end=40, C_ramp=80) Weights {"totalWeight":0,"recapWeight":0.6033333333333334,"deltaWeight":0.6533333333333333,"categoryWeight":0.05,"quantileWeight":0.06533333333333333,"consistencyWeight":0,"identityDropoutRate":0.95}, Scales {"judgeBias":0.675,"corps":0.05714285714285714}, SeqLen 15, ID_Drop 0.948, WFW 0.939 
Epoch 27 memory(start): tensors=258, buffers=258, bytes=18.3MB

History Bucket Diagnostics (Avg Abs Error per sample, normalized units):
Hist | Count | MAE_Pred | MAE_Base | PredDevFromBase
-----|-------|----------|----------|----------------
0    | 8     | 0.8284   | 3.7696   | 3.4476 
1    | 9     | 0.7095   | 0.9160   | 0.6409 
2    | 11    | 0.4635   | 0.5551   | 0.4487 
3-5  | 59    | 0.4133   | 0.3926   | 0.3138 
6+   | 276   | 0.3282   | 0.2990   | 0.2742 

Epoch 27: loss = 0.157504 phase = B val_loss = 0.148999 delta_mae_pts = 0.3666 recap_mae_pts = 0.3666 cat_mae_pts = 0.4385 total_mae_pts = 1.0400 vs_inertia_pts = 0.0471 vs_quad_pts = 0.2796 lr_base = 0.000708 lr_mult = 1.0000 lr_eff = 0.000708 mon_cov = 0.952 mon_score = 1.4066 progress = 28/120 epoch_sec = 91.8 avg_epoch_sec = 91.9 elapsed = 00:42:54 eta = 02:20:56
Epoch 27 memory(end): tensors=258, buffers=258, bytes=18.3MB
[curriculum] phase=B age=18/30 delta=0.3666 phase_best=0.3645 stall=3/6 cov=0.952/0.900 min=ok cov_gate=ok next=hold

Epoch 28: Phase B (A_end=10, B_end=40, C_ramp=80) Weights {"totalWeight":0,"recapWeight":0.5800000000000001,"deltaWeight":0.6799999999999999,"categoryWeight":0.05,"quantileWeight":0.068,"consistencyWeight":0,"identityDropoutRate":0.95}, Scales {"judgeBias":0.7,"corps":0.08571428571428572}, SeqLen 15, ID_Drop 0.949, WFW 1.007 
Epoch 28 memory(start): tensors=258, buffers=258, bytes=18.3MB

History Bucket Diagnostics (Avg Abs Error per sample, normalized units):
Hist | Count | MAE_Pred | MAE_Base | PredDevFromBase
-----|-------|----------|----------|----------------
0    | 8     | 0.8394   | 3.7696   | 4.0383 
1    | 9     | 0.6886   | 0.9160   | 0.6944 
2    | 11    | 0.4889   | 0.5551   | 0.3588 
3-5  | 59    | 0.5005   | 0.3926   | 0.3244 
6+   | 276   | 0.3760   | 0.2990   | 0.2843 

Epoch 28: loss = 0.162633 phase = B val_loss = 0.166715 delta_mae_pts = 0.4176 recap_mae_pts = 0.4176 cat_mae_pts = 0.5657 total_mae_pts = 1.4737 vs_inertia_pts = -0.0039 vs_quad_pts = 0.2286 lr_base = 0.000703 lr_mult = 1.0000 lr_eff = 0.000703 mon_cov = 0.929 mon_score = 1.8913 progress = 29/120 epoch_sec = 90.9 avg_epoch_sec = 91.9 elapsed = 00:44:24 eta = 02:19:21
Epoch 28 memory(end): tensors=258, buffers=258, bytes=18.3MB
[curriculum] phase=B age=19/30 delta=0.4176 phase_best=0.3645 stall=4/6 cov=0.929/0.900 min=ok cov_gate=ok next=hold

Epoch 29: Phase B (A_end=10, B_end=40, C_ramp=80) Weights {"totalWeight":0,"recapWeight":0.5566666666666666,"deltaWeight":0.7066666666666668,"categoryWeight":0.05,"quantileWeight":0.07066666666666667,"consistencyWeight":0,"identityDropoutRate":0.95}, Scales {"judgeBias":0.725,"corps":0.11428571428571428}, SeqLen 15, ID_Drop 0.945, WFW 1.073 
Epoch 29 memory(start): tensors=258, buffers=258, bytes=18.3MB

History Bucket Diagnostics (Avg Abs Error per sample, normalized units):
Hist | Count | MAE_Pred | MAE_Base | PredDevFromBase
-----|-------|----------|----------|----------------
0    | 8     | 0.6179   | 3.7696   | 3.6530 
1    | 9     | 0.6592   | 0.9160   | 0.6106 
2    | 11    | 0.4636   | 0.5551   | 0.4771 
3-5  | 59    | 0.4011   | 0.3926   | 0.3514 
6+   | 276   | 0.3384   | 0.2990   | 0.3107 

Epoch 29: loss = 0.162889 phase = B val_loss = 0.151517 delta_mae_pts = 0.3665 recap_mae_pts = 0.3665 cat_mae_pts = 0.4538 total_mae_pts = 1.0798 vs_inertia_pts = 0.0472 vs_quad_pts = 0.2797 lr_base = 0.000698 lr_mult = 1.0000 lr_eff = 0.000698 mon_cov = 0.954 mon_score = 1.4463 progress = 30/120 epoch_sec = 91.6 avg_epoch_sec = 91.9 elapsed = 00:45:56 eta = 02:17:48
Epoch 29 memory(end): tensors=258, buffers=258, bytes=18.3MB
[curriculum] phase=B age=20/30 delta=0.3665 phase_best=0.3645 stall=5/6 cov=0.954/0.900 min=ok cov_gate=ok next=hold

Epoch 30: Phase B (A_end=10, B_end=40, C_ramp=80) Weights {"totalWeight":0,"recapWeight":0.5333333333333334,"deltaWeight":0.7333333333333334,"categoryWeight":0.05,"quantileWeight":0.07333333333333333,"consistencyWeight":0,"identityDropoutRate":0.95}, Scales {"judgeBias":0.75,"corps":0.14285714285714285}, SeqLen 15, ID_Drop 0.949, WFW 1.137 
Epoch 30 memory(start): tensors=258, buffers=258, bytes=18.3MB

History Bucket Diagnostics (Avg Abs Error per sample, normalized units):
Hist | Count | MAE_Pred | MAE_Base | PredDevFromBase
-----|-------|----------|----------|----------------
0    | 8     | 0.7630   | 3.7696   | 3.8753 
1    | 9     | 0.6647   | 0.9160   | 0.5286 
2    | 11    | 0.5009   | 0.5551   | 0.3477 
3-5  | 59    | 0.4427   | 0.3926   | 0.3042 
6+   | 276   | 0.3522   | 0.2990   | 0.2677 

Epoch 30: loss = 0.162439 phase = B val_loss = 0.161638 delta_mae_pts = 0.3882 recap_mae_pts = 0.3882 cat_mae_pts = 0.4996 total_mae_pts = 1.2157 vs_inertia_pts = 0.0255 vs_quad_pts = 0.2580 lr_base = 0.000693 lr_mult = 1.0000 lr_eff = 0.000693 mon_cov = 0.943 mon_score = 1.6039 progress = 31/120 epoch_sec = 92.3 avg_epoch_sec = 91.9 elapsed = 00:47:28 eta = 02:16:18
Epoch 30 memory(end): tensors=258, buffers=258, bytes=18.3MB
[curriculum] phase=B age=21/30 delta=0.3882 phase_best=0.3645 stall=6/6 cov=0.943/0.900 min=ok cov_gate=ok next=advance:plateau

--- AUTO CURRICULUM: B -> C at next epoch 31 (reason=delta_plateau, delta=0.3882, coverage=0.943) ---

Epoch 31: Phase C (A_end=10, B_end=31, C_ramp=80) Weights {"totalWeight":0.02,"recapWeight":0.3,"deltaWeight":1,"categoryWeight":0.05,"quantileWeight":0.1,"consistencyWeight":0,"identityDropoutRate":1}, Scales {"judgeBias":0.775,"corps":0.17142857142857143}, SeqLen 15, ID_Drop 1.000, WFW 1.500 
Epoch 31 memory(start): tensors=258, buffers=258, bytes=18.3MB

History Bucket Diagnostics (Avg Abs Error per sample, normalized units):
Hist | Count | MAE_Pred | MAE_Base | PredDevFromBase
-----|-------|----------|----------|----------------
0    | 8     | 0.5379   | 3.7696   | 3.6942 
1    | 9     | 0.6560   | 0.9160   | 0.6546 
2    | 11    | 0.4893   | 0.5551   | 0.4064 
3-5  | 59    | 0.4184   | 0.3926   | 0.3037 
6+   | 276   | 0.3362   | 0.2990   | 0.2512 

Epoch 31: loss = 0.188467 phase = C val_loss = 0.178309 delta_mae_pts = 0.3666 recap_mae_pts = 0.3666 cat_mae_pts = 0.4574 total_mae_pts = 1.0862 vs_inertia_pts = 0.0471 vs_quad_pts = 0.2796 lr_base = 0.000687 lr_mult = 1.0000 lr_eff = 0.000687 mon_cov = 0.951 mon_score = 0.5212 progress = 32/120 epoch_sec = 91.5 avg_epoch_sec = 91.9 elapsed = 00:49:00 eta = 02:14:45
Epoch 31 memory(end): tensors=258, buffers=258, bytes=18.3MB
Saved BEST-PHASE-C checkpoint @epoch 31 delta_mae_pts = 0.3666 -> models\v9_subcaption_fixed\v9fix_datefwd_calib_auto_best_only_1779521136806\best_phase_c 
[curriculum] phase=C age=1 ramp=80 delta=0.3666 cov=0.951 best_global_delta=0.3632

Epoch 32: Phase C (A_end=10, B_end=31, C_ramp=80) Weights {"totalWeight":0.021,"recapWeight":0.296875,"deltaWeight":1.109375,"categoryWeight":0.05,"quantileWeight":0.1125,"consistencyWeight":0,"identityDropoutRate":1}, Scales {"judgeBias":0.8,"corps":0.2}, SeqLen 15, ID_Drop 1.000, WFW 1.500 
Epoch 32 memory(start): tensors=258, buffers=258, bytes=18.3MB

History Bucket Diagnostics (Avg Abs Error per sample, normalized units):
Hist | Count | MAE_Pred | MAE_Base | PredDevFromBase
-----|-------|----------|----------|----------------
0    | 8     | 0.6082   | 3.7696   | 3.8157 
1    | 9     | 0.6524   | 0.9160   | 0.7089 
2    | 11    | 0.4308   | 0.5551   | 0.4183 
3-5  | 59    | 0.4076   | 0.3926   | 0.2767 
6+   | 276   | 0.3303   | 0.2990   | 0.2537 

Epoch 32: loss = 0.200678 phase = C val_loss = 0.189560 delta_mae_pts = 0.3600 recap_mae_pts = 0.3600 cat_mae_pts = 0.4589 total_mae_pts = 1.1078 vs_inertia_pts = 0.0537 vs_quad_pts = 0.2861 lr_base = 0.000681 lr_mult = 1.0000 lr_eff = 0.000681 mon_cov = 0.963 mon_score = 0.5525 progress = 33/120 epoch_sec = 92.4 avg_epoch_sec = 91.9 elapsed = 00:50:32 eta = 02:13:14
Epoch 32 memory(end): tensors=258, buffers=258, bytes=18.3MB
Saved BEST-DELTA checkpoint @epoch 32 delta_mae_pts = 0.3600 monitor_score = 0.5212 -> models\v9_subcaption_fixed\v9fix_datefwd_calib_auto_best_only_1779521136806\best 
Saved BEST-PHASE-C checkpoint @epoch 32 delta_mae_pts = 0.3600 -> models\v9_subcaption_fixed\v9fix_datefwd_calib_auto_best_only_1779521136806\best_phase_c 
[curriculum] phase=C age=2 ramp=80 delta=0.3600 cov=0.963 best_global_delta=0.3600

Epoch 33: Phase C (A_end=10, B_end=31, C_ramp=80) Weights {"totalWeight":0.022,"recapWeight":0.29375,"deltaWeight":1.21875,"categoryWeight":0.05,"quantileWeight":0.125,"consistencyWeight":0,"identityDropoutRate":1}, Scales {"judgeBias":0.825,"corps":0.22857142857142856}, SeqLen 15, ID_Drop 1.000, WFW 1.500 
Epoch 33 memory(start): tensors=258, buffers=219, bytes=18.3MB

History Bucket Diagnostics (Avg Abs Error per sample, normalized units):
Hist | Count | MAE_Pred | MAE_Base | PredDevFromBase
-----|-------|----------|----------|----------------
0    | 8     | 0.7279   | 3.7696   | 3.9272 
1    | 9     | 0.6297   | 0.9160   | 0.6903 
2    | 11    | 0.4763   | 0.5551   | 0.4488 
3-5  | 59    | 0.4135   | 0.3926   | 0.3068 
6+   | 276   | 0.3414   | 0.2990   | 0.3005 

Epoch 33: loss = 0.218396 phase = C val_loss = 0.207152 delta_mae_pts = 0.3729 recap_mae_pts = 0.3729 cat_mae_pts = 0.4830 total_mae_pts = 1.1437 vs_inertia_pts = 0.0408 vs_quad_pts = 0.2733 lr_base = 0.000675 lr_mult = 1.0000 lr_eff = 0.000675 mon_cov = 0.959 mon_score = 0.6133 progress = 34/120 epoch_sec = 91.1 avg_epoch_sec = 91.9 elapsed = 00:52:03 eta = 02:11:40
Epoch 33 memory(end): tensors=258, buffers=258, bytes=18.3MB
[curriculum] phase=C age=3 ramp=80 delta=0.3729 cov=0.959 best_global_delta=0.3600

Epoch 34: Phase C (A_end=10, B_end=31, C_ramp=80) Weights {"totalWeight":0.023,"recapWeight":0.29062499999999997,"deltaWeight":1.328125,"categoryWeight":0.05,"quantileWeight":0.1375,"consistencyWeight":0,"identityDropoutRate":1}, Scales {"judgeBias":0.85,"corps":0.2571428571428571}, SeqLen 15, ID_Drop 1.000, WFW 1.500 
Epoch 34 memory(start): tensors=258, buffers=258, bytes=18.3MB

History Bucket Diagnostics (Avg Abs Error per sample, normalized units):
Hist | Count | MAE_Pred | MAE_Base | PredDevFromBase
-----|-------|----------|----------|----------------
0    | 8     | 0.6488   | 3.7696   | 3.6930 
1    | 9     | 0.7355   | 0.9160   | 0.6410 
2    | 11    | 0.4774   | 0.5551   | 0.4573 
3-5  | 59    | 0.4112   | 0.3926   | 0.3744 
6+   | 276   | 0.3462   | 0.2990   | 0.3212 

Epoch 34: loss = 0.226009 phase = C val_loss = 0.223421 delta_mae_pts = 0.3771 recap_mae_pts = 0.3771 cat_mae_pts = 0.4826 total_mae_pts = 1.1713 vs_inertia_pts = 0.0366 vs_quad_pts = 0.2691 lr_base = 0.000669 lr_mult = 1.0000 lr_eff = 0.000669 mon_cov = 0.950 mon_score = 0.6615 progress = 35/120 epoch_sec = 91.6 avg_epoch_sec = 91.9 elapsed = 00:53:35 eta = 02:10:08
Epoch 34 memory(end): tensors=258, buffers=258, bytes=18.3MB
[curriculum] phase=C age=4 ramp=80 delta=0.3771 cov=0.950 best_global_delta=0.3600

Epoch 35: Phase C (A_end=10, B_end=31, C_ramp=80) Weights {"totalWeight":0.024,"recapWeight":0.2875,"deltaWeight":1.4375,"categoryWeight":0.05,"quantileWeight":0.15000000000000002,"consistencyWeight":0,"identityDropoutRate":1}, Scales {"judgeBias":0.875,"corps":0.2857142857142857}, SeqLen 15, ID_Drop 1.000, WFW 1.500 
Epoch 35 memory(start): tensors=258, buffers=258, bytes=18.3MB

History Bucket Diagnostics (Avg Abs Error per sample, normalized units):
Hist | Count | MAE_Pred | MAE_Base | PredDevFromBase
-----|-------|----------|----------|----------------
0    | 8     | 0.5605   | 3.7696   | 3.6999 
1    | 9     | 0.6782   | 0.9160   | 0.8425 
2    | 11    | 0.5762   | 0.5551   | 0.5191 
3-5  | 59    | 0.4526   | 0.3926   | 0.3495 
6+   | 276   | 0.3519   | 0.2990   | 0.2797 

Epoch 35: loss = 0.240433 phase = C val_loss = 0.241039 delta_mae_pts = 0.3878 recap_mae_pts = 0.3878 cat_mae_pts = 0.4526 total_mae_pts = 1.0768 vs_inertia_pts = 0.0259 vs_quad_pts = 0.2584 lr_base = 0.000662 lr_mult = 1.0000 lr_eff = 0.000662 mon_cov = 0.943 mon_score = 0.7174 progress = 36/120 epoch_sec = 89.9 avg_epoch_sec = 91.8 elapsed = 00:55:05 eta = 02:08:31
Epoch 35 memory(end): tensors=258, buffers=258, bytes=18.3MB
[curriculum] phase=C age=5 ramp=80 delta=0.3878 cov=0.943 best_global_delta=0.3600

Epoch 36: Phase C (A_end=10, B_end=31, C_ramp=80) Weights {"totalWeight":0.025,"recapWeight":0.284375,"deltaWeight":1.546875,"categoryWeight":0.05,"quantileWeight":0.1625,"consistencyWeight":0,"identityDropoutRate":1}, Scales {"judgeBias":0.9,"corps":0.3142857142857143}, SeqLen 15, ID_Drop 1.000, WFW 1.500 
Epoch 36 memory(start): tensors=258, buffers=258, bytes=18.3MB

History Bucket Diagnostics (Avg Abs Error per sample, normalized units):
Hist | Count | MAE_Pred | MAE_Base | PredDevFromBase
-----|-------|----------|----------|----------------
0    | 8     | 0.5048   | 3.7696   | 3.6552 
1    | 9     | 0.6543   | 0.9160   | 0.7072 
2    | 11    | 0.4476   | 0.5551   | 0.4499 
3-5  | 59    | 0.4214   | 0.3926   | 0.3049 
6+   | 276   | 0.3343   | 0.2990   | 0.2709 

Epoch 36: loss = 0.260353 phase = C val_loss = 0.242367 delta_mae_pts = 0.3636 recap_mae_pts = 0.3636 cat_mae_pts = 0.4517 total_mae_pts = 1.0889 vs_inertia_pts = 0.0502 vs_quad_pts = 0.2826 lr_base = 0.000655 lr_mult = 1.0000 lr_eff = 0.000655 mon_cov = 0.963 mon_score = 0.7156 progress = 37/120 epoch_sec = 92.2 avg_epoch_sec = 91.8 elapsed = 00:56:37 eta = 02:07:00
Epoch 36 memory(end): tensors=258, buffers=258, bytes=18.3MB
[curriculum] phase=C age=6 ramp=80 delta=0.3636 cov=0.963 best_global_delta=0.3600

Epoch 37: Phase C (A_end=10, B_end=31, C_ramp=80) Weights {"totalWeight":0.026000000000000002,"recapWeight":0.28125,"deltaWeight":1.65625,"categoryWeight":0.05,"quantileWeight":0.175,"consistencyWeight":0,"identityDropoutRate":1}, Scales {"judgeBias":0.925,"corps":0.34285714285714286}, SeqLen 15, ID_Drop 1.000, WFW 1.500 
Epoch 37 memory(start): tensors=258, buffers=258, bytes=18.3MB

History Bucket Diagnostics (Avg Abs Error per sample, normalized units):
Hist | Count | MAE_Pred | MAE_Base | PredDevFromBase
-----|-------|----------|----------|----------------
0    | 8     | 0.6506   | 3.7696   | 4.0842 
1    | 9     | 0.7255   | 0.9160   | 1.0545 
2    | 11    | 0.5428   | 0.5551   | 0.6851 
3-5  | 59    | 0.3811   | 0.3926   | 0.3510 
6+   | 276   | 0.3278   | 0.2990   | 0.2764 

Epoch 37: loss = 0.275916 phase = C val_loss = 0.254329 delta_mae_pts = 0.3600 recap_mae_pts = 0.3600 cat_mae_pts = 0.4417 total_mae_pts = 1.0671 vs_inertia_pts = 0.0537 vs_quad_pts = 0.2862 lr_base = 0.000648 lr_mult = 1.0000 lr_eff = 0.000648 mon_cov = 0.959 mon_score = 0.7473 progress = 38/120 epoch_sec = 91.6 avg_epoch_sec = 91.8 elapsed = 00:58:09 eta = 02:05:28
Epoch 37 memory(end): tensors=258, buffers=258, bytes=18.3MB
[curriculum] phase=C age=7 ramp=80 delta=0.3600 cov=0.959 best_global_delta=0.3600

Epoch 38: Phase C (A_end=10, B_end=31, C_ramp=80) Weights {"totalWeight":0.027,"recapWeight":0.278125,"deltaWeight":1.765625,"categoryWeight":0.05,"quantileWeight":0.1875,"consistencyWeight":0,"identityDropoutRate":1}, Scales {"judgeBias":0.95,"corps":0.37142857142857144}, SeqLen 15, ID_Drop 1.000, WFW 1.500 
Epoch 38 memory(start): tensors=258, buffers=258, bytes=18.3MB

History Bucket Diagnostics (Avg Abs Error per sample, normalized units):
Hist | Count | MAE_Pred | MAE_Base | PredDevFromBase
-----|-------|----------|----------|----------------
0    | 8     | 0.8325   | 3.7696   | 4.0652 
1    | 9     | 0.6432   | 0.9160   | 0.7668 
2    | 11    | 0.5250   | 0.5551   | 0.5220 
3-5  | 59    | 0.4124   | 0.3926   | 0.3230 
6+   | 276   | 0.3332   | 0.2990   | 0.2823 

Epoch 38: loss = 0.290485 phase = C val_loss = 0.274469 delta_mae_pts = 0.3706 recap_mae_pts = 0.3706 cat_mae_pts = 0.4450 total_mae_pts = 1.0595 vs_inertia_pts = 0.0431 vs_quad_pts = 0.2756 lr_base = 0.000641 lr_mult = 1.0000 lr_eff = 0.000641 mon_cov = 0.952 mon_score = 0.8083 progress = 39/120 epoch_sec = 91.9 avg_epoch_sec = 91.8 elapsed = 00:59:40 eta = 02:03:56
Epoch 38 memory(end): tensors=258, buffers=258, bytes=18.3MB
[curriculum] phase=C age=8 ramp=80 delta=0.3706 cov=0.952 best_global_delta=0.3600

Epoch 39: Phase C (A_end=10, B_end=31, C_ramp=80) Weights {"totalWeight":0.028,"recapWeight":0.27499999999999997,"deltaWeight":1.875,"categoryWeight":0.05,"quantileWeight":0.2,"consistencyWeight":0,"identityDropoutRate":1}, Scales {"judgeBias":0.975,"corps":0.4}, SeqLen 15, ID_Drop 1.000, WFW 1.500 
Epoch 39 memory(start): tensors=258, buffers=258, bytes=18.3MB

History Bucket Diagnostics (Avg Abs Error per sample, normalized units):
Hist | Count | MAE_Pred | MAE_Base | PredDevFromBase
-----|-------|----------|----------|----------------
0    | 8     | 0.8371   | 3.7696   | 4.0675 
1    | 9     | 0.6975   | 0.9160   | 0.7408 
2    | 11    | 0.4809   | 0.5551   | 0.4235 
3-5  | 59    | 0.4093   | 0.3926   | 0.2872 
6+   | 276   | 0.3235   | 0.2990   | 0.2618 

Epoch 39: loss = 0.304462 phase = C val_loss = 0.289168 delta_mae_pts = 0.3628 recap_mae_pts = 0.3628 cat_mae_pts = 0.4427 total_mae_pts = 1.0317 vs_inertia_pts = 0.0509 vs_quad_pts = 0.2834 lr_base = 0.000633 lr_mult = 1.0000 lr_eff = 0.000633 mon_cov = 0.970 mon_score = 0.8310 progress = 40/120 epoch_sec = 91.0 avg_epoch_sec = 91.8 elapsed = 01:01:11 eta = 02:02:23
Epoch 39 memory(end): tensors=258, buffers=258, bytes=18.3MB
[curriculum] phase=C age=9 ramp=80 delta=0.3628 cov=0.970 best_global_delta=0.3600

Epoch 40: Phase C (A_end=10, B_end=31, C_ramp=80) Weights {"totalWeight":0.029,"recapWeight":0.271875,"deltaWeight":1.984375,"categoryWeight":0.05,"quantileWeight":0.21250000000000002,"consistencyWeight":0,"identityDropoutRate":1}, Scales {"judgeBias":1,"corps":0.42857142857142855}, SeqLen 15, ID_Drop 1.000, WFW 1.500 
Epoch 40 memory(start): tensors=258, buffers=258, bytes=18.3MB

History Bucket Diagnostics (Avg Abs Error per sample, normalized units):
Hist | Count | MAE_Pred | MAE_Base | PredDevFromBase
-----|-------|----------|----------|----------------
0    | 8     | 0.6826   | 3.7696   | 3.5087 
1    | 9     | 0.6959   | 0.9160   | 0.7861 
2    | 11    | 0.4980   | 0.5551   | 0.5089 
3-5  | 59    | 0.3935   | 0.3926   | 0.3211 
6+   | 276   | 0.3290   | 0.2990   | 0.2715 

Epoch 40: loss = 0.309062 phase = C val_loss = 0.295594 delta_mae_pts = 0.3615 recap_mae_pts = 0.3615 cat_mae_pts = 0.4380 total_mae_pts = 1.0297 vs_inertia_pts = 0.0522 vs_quad_pts = 0.2846 lr_base = 0.000626 lr_mult = 1.0000 lr_eff = 0.000626 mon_cov = 0.956 mon_score = 0.8675 progress = 41/120 epoch_sec = 92.7 avg_epoch_sec = 91.8 elapsed = 01:02:44 eta = 02:00:53
Epoch 40 memory(end): tensors=258, buffers=258, bytes=18.3MB
[curriculum] phase=C age=10 ramp=80 delta=0.3615 cov=0.956 best_global_delta=0.3600

Epoch 41: Phase C (A_end=10, B_end=31, C_ramp=80) Weights {"totalWeight":0.03,"recapWeight":0.26875,"deltaWeight":2.09375,"categoryWeight":0.05,"quantileWeight":0.225,"consistencyWeight":0,"identityDropoutRate":1}, Scales {"judgeBias":1,"corps":0.45714285714285713}, SeqLen 15, ID_Drop 1.000, WFW 1.500 
Epoch 41 memory(start): tensors=258, buffers=258, bytes=18.3MB

History Bucket Diagnostics (Avg Abs Error per sample, normalized units):
Hist | Count | MAE_Pred | MAE_Base | PredDevFromBase
-----|-------|----------|----------|----------------
0    | 8     | 0.8005   | 3.7696   | 4.0205 
1    | 9     | 0.7701   | 0.9160   | 0.8600 
2    | 11    | 0.4481   | 0.5551   | 0.5192 
3-5  | 59    | 0.4120   | 0.3926   | 0.3445 
6+   | 276   | 0.3455   | 0.2990   | 0.3061 

Epoch 41: loss = 0.319962 phase = C val_loss = 0.322846 delta_mae_pts = 0.3800 recap_mae_pts = 0.3800 cat_mae_pts = 0.4644 total_mae_pts = 1.1000 vs_inertia_pts = 0.0338 vs_quad_pts = 0.2662 lr_base = 0.000618 lr_mult = 1.0000 lr_eff = 0.000618 mon_cov = 0.940 mon_score = 0.9539 progress = 42/120 epoch_sec = 91.9 avg_epoch_sec = 91.8 elapsed = 01:04:16 eta = 01:59:21
Epoch 41 memory(end): tensors=258, buffers=258, bytes=18.3MB
[curriculum] phase=C age=11 ramp=80 delta=0.3800 cov=0.940 best_global_delta=0.3600

Epoch 42: Phase C (A_end=10, B_end=31, C_ramp=80) Weights {"totalWeight":0.031,"recapWeight":0.265625,"deltaWeight":2.203125,"categoryWeight":0.05,"quantileWeight":0.23750000000000002,"consistencyWeight":0,"identityDropoutRate":1}, Scales {"judgeBias":1,"corps":0.4857142857142857}, SeqLen 15, ID_Drop 1.000, WFW 1.500 
Epoch 42 memory(start): tensors=258, buffers=258, bytes=18.3MB

History Bucket Diagnostics (Avg Abs Error per sample, normalized units):
Hist | Count | MAE_Pred | MAE_Base | PredDevFromBase
-----|-------|----------|----------|----------------
0    | 8     | 0.6856   | 3.7696   | 3.4135 
1    | 9     | 0.6871   | 0.9160   | 0.7927 
2    | 11    | 0.5088   | 0.5551   | 0.5607 
3-5  | 59    | 0.3901   | 0.3926   | 0.3555 
6+   | 276   | 0.3507   | 0.2990   | 0.3078 

Epoch 42: loss = 0.331865 phase = C val_loss = 0.333444 delta_mae_pts = 0.3776 recap_mae_pts = 0.3776 cat_mae_pts = 0.4354 total_mae_pts = 1.0383 vs_inertia_pts = 0.0361 vs_quad_pts = 0.2686 lr_base = 0.000610 lr_mult = 1.0000 lr_eff = 0.000610 mon_cov = 0.953 mon_score = 0.9862 progress = 43/120 epoch_sec = 91.5 avg_epoch_sec = 91.8 elapsed = 01:05:48 eta = 01:57:49
Epoch 42 memory(end): tensors=258, buffers=258, bytes=18.3MB
[curriculum] phase=C age=12 ramp=80 delta=0.3776 cov=0.953 best_global_delta=0.3600

Epoch 43: Phase C (A_end=10, B_end=31, C_ramp=80) Weights {"totalWeight":0.032,"recapWeight":0.2625,"deltaWeight":2.3125,"categoryWeight":0.05,"quantileWeight":0.25,"consistencyWeight":0,"identityDropoutRate":1}, Scales {"judgeBias":1,"corps":0.5142857142857142}, SeqLen 15, ID_Drop 1.000, WFW 1.500 
Epoch 43 memory(start): tensors=258, buffers=258, bytes=18.3MB

History Bucket Diagnostics (Avg Abs Error per sample, normalized units):
Hist | Count | MAE_Pred | MAE_Base | PredDevFromBase
-----|-------|----------|----------|----------------
0    | 8     | 0.6095   | 3.7696   | 3.4903 
1    | 9     | 0.7311   | 0.9160   | 0.6811 
2    | 11    | 0.4794   | 0.5551   | 0.4201 
3-5  | 59    | 0.4495   | 0.3926   | 0.3646 
6+   | 276   | 0.3573   | 0.2990   | 0.3171 

Epoch 43: loss = 0.345659 phase = C val_loss = 0.357813 delta_mae_pts = 0.3908 recap_mae_pts = 0.3908 cat_mae_pts = 0.5086 total_mae_pts = 1.2444 vs_inertia_pts = 0.0229 vs_quad_pts = 0.2554 lr_base = 0.000602 lr_mult = 1.0000 lr_eff = 0.000602 mon_cov = 0.936 mon_score = 1.0716 progress = 44/120 epoch_sec = 91.6 avg_epoch_sec = 91.8 elapsed = 01:07:19 eta = 01:56:17
Epoch 43 memory(end): tensors=258, buffers=258, bytes=18.3MB
[curriculum] phase=C age=13 ramp=80 delta=0.3908 cov=0.936 best_global_delta=0.3600

Epoch 44: Phase C (A_end=10, B_end=31, C_ramp=80) Weights {"totalWeight":0.033,"recapWeight":0.25937499999999997,"deltaWeight":2.421875,"categoryWeight":0.05,"quantileWeight":0.2625,"consistencyWeight":0,"identityDropoutRate":1}, Scales {"judgeBias":1,"corps":0.5428571428571428}, SeqLen 15, ID_Drop 1.000, WFW 1.500 
Epoch 44 memory(start): tensors=258, buffers=258, bytes=18.3MB

History Bucket Diagnostics (Avg Abs Error per sample, normalized units):
Hist | Count | MAE_Pred | MAE_Base | PredDevFromBase
-----|-------|----------|----------|----------------
0    | 8     | 0.5990   | 3.7696   | 3.7172 
1    | 9     | 0.6869   | 0.9160   | 0.6626 
2    | 11    | 0.4665   | 0.5551   | 0.4194 
3-5  | 59    | 0.4444   | 0.3926   | 0.3198 
6+   | 276   | 0.3352   | 0.2990   | 0.2695 

Epoch 44: loss = 0.356400 phase = C val_loss = 0.355507 delta_mae_pts = 0.3715 recap_mae_pts = 0.3715 cat_mae_pts = 0.4683 total_mae_pts = 1.1396 vs_inertia_pts = 0.0422 vs_quad_pts = 0.2747 lr_base = 0.000593 lr_mult = 1.0000 lr_eff = 0.000593 mon_cov = 0.951 mon_score = 1.0571 progress = 45/120 epoch_sec = 91.0 avg_epoch_sec = 91.8 elapsed = 01:08:50 eta = 01:54:44
Epoch 44 memory(end): tensors=258, buffers=258, bytes=18.3MB
[curriculum] phase=C age=14 ramp=80 delta=0.3715 cov=0.951 best_global_delta=0.3600

Epoch 45: Phase C (A_end=10, B_end=31, C_ramp=80) Weights {"totalWeight":0.034,"recapWeight":0.25625,"deltaWeight":2.53125,"categoryWeight":0.05,"quantileWeight":0.275,"consistencyWeight":0,"identityDropoutRate":1}, Scales {"judgeBias":1,"corps":0.5714285714285714}, SeqLen 15, ID_Drop 1.000, WFW 1.500 
Epoch 45 memory(start): tensors=258, buffers=258, bytes=18.3MB

History Bucket Diagnostics (Avg Abs Error per sample, normalized units):
Hist | Count | MAE_Pred | MAE_Base | PredDevFromBase
-----|-------|----------|----------|----------------
0    | 8     | 0.6173   | 3.7696   | 3.7484 
1    | 9     | 0.6563   | 0.9160   | 0.7002 
2    | 11    | 0.4971   | 0.5551   | 0.4474 
3-5  | 59    | 0.4155   | 0.3926   | 0.3494 
6+   | 276   | 0.3541   | 0.2990   | 0.3156 

Epoch 45: loss = 0.363696 phase = C val_loss = 0.377395 delta_mae_pts = 0.3817 recap_mae_pts = 0.3817 cat_mae_pts = 0.4731 total_mae_pts = 1.1298 vs_inertia_pts = 0.0320 vs_quad_pts = 0.2645 lr_base = 0.000585 lr_mult = 1.0000 lr_eff = 0.000585 mon_cov = 0.947 mon_score = 1.1260 progress = 46/120 epoch_sec = 91.8 avg_epoch_sec = 91.8 elapsed = 01:10:22 eta = 01:53:12
Epoch 45 memory(end): tensors=258, buffers=258, bytes=18.3MB
[curriculum] phase=C age=15 ramp=80 delta=0.3817 cov=0.947 best_global_delta=0.3600

Epoch 46: Phase C (A_end=10, B_end=31, C_ramp=80) Weights {"totalWeight":0.035,"recapWeight":0.253125,"deltaWeight":2.640625,"categoryWeight":0.05,"quantileWeight":0.2875,"consistencyWeight":0,"identityDropoutRate":1}, Scales {"judgeBias":1,"corps":0.6}, SeqLen 15, ID_Drop 1.000, WFW 1.500 
Epoch 46 memory(start): tensors=258, buffers=258, bytes=18.3MB

History Bucket Diagnostics (Avg Abs Error per sample, normalized units):
Hist | Count | MAE_Pred | MAE_Base | PredDevFromBase
-----|-------|----------|----------|----------------
0    | 8     | 0.7402   | 3.7696   | 3.8280 
1    | 9     | 0.6918   | 0.9160   | 0.6806 
2    | 11    | 0.4614   | 0.5551   | 0.4153 
3-5  | 59    | 0.4675   | 0.3926   | 0.3507 
6+   | 276   | 0.3578   | 0.2990   | 0.2941 

Epoch 46: loss = 0.373094 phase = C val_loss = 0.404568 delta_mae_pts = 0.3955 recap_mae_pts = 0.3955 cat_mae_pts = 0.5176 total_mae_pts = 1.3103 vs_inertia_pts = 0.0182 vs_quad_pts = 0.2507 lr_base = 0.000576 lr_mult = 1.0000 lr_eff = 0.000576 mon_cov = 0.949 mon_score = 1.2162 progress = 47/120 epoch_sec = 91.8 avg_epoch_sec = 91.8 elapsed = 01:11:54 eta = 01:51:40
Epoch 46 memory(end): tensors=258, buffers=258, bytes=18.3MB
[curriculum] phase=C age=16 ramp=80 delta=0.3955 cov=0.949 best_global_delta=0.3600

Epoch 47: Phase C (A_end=10, B_end=31, C_ramp=80) Weights {"totalWeight":0.036000000000000004,"recapWeight":0.25,"deltaWeight":2.75,"categoryWeight":0.05,"quantileWeight":0.30000000000000004,"consistencyWeight":0,"identityDropoutRate":1}, Scales {"judgeBias":1,"corps":0.6285714285714286}, SeqLen 15, ID_Drop 1.000, WFW 1.500 
Epoch 47 memory(start): tensors=258, buffers=258, bytes=18.3MB

History Bucket Diagnostics (Avg Abs Error per sample, normalized units):
Hist | Count | MAE_Pred | MAE_Base | PredDevFromBase
-----|-------|----------|----------|----------------
0    | 8     | 0.5742   | 3.7696   | 3.7032 
1    | 9     | 0.7086   | 0.9160   | 0.7293 
2    | 11    | 0.4863   | 0.5551   | 0.4894 
3-5  | 59    | 0.4110   | 0.3926   | 0.3258 
6+   | 276   | 0.3274   | 0.2990   | 0.2770 

Epoch 47: loss = 0.384693 phase = C val_loss = 0.386275 delta_mae_pts = 0.3607 recap_mae_pts = 0.3607 cat_mae_pts = 0.4378 total_mae_pts = 1.0410 vs_inertia_pts = 0.0531 vs_quad_pts = 0.2855 lr_base = 0.000567 lr_mult = 1.0000 lr_eff = 0.000567 mon_cov = 0.955 mon_score = 1.1414 progress = 48/120 epoch_sec = 92.8 avg_epoch_sec = 91.8 elapsed = 01:13:27 eta = 01:50:10
Epoch 47 memory(end): tensors=258, buffers=258, bytes=18.3MB
[curriculum] phase=C age=17 ramp=80 delta=0.3607 cov=0.955 best_global_delta=0.3600

Epoch 48: Phase C (A_end=10, B_end=31, C_ramp=80) Weights {"totalWeight":0.037000000000000005,"recapWeight":0.24687499999999998,"deltaWeight":2.859375,"categoryWeight":0.05,"quantileWeight":0.3125,"consistencyWeight":0,"identityDropoutRate":1}, Scales {"judgeBias":1,"corps":0.6571428571428571}, SeqLen 15, ID_Drop 1.000, WFW 1.500 
Epoch 48 memory(start): tensors=258, buffers=258, bytes=18.3MB

History Bucket Diagnostics (Avg Abs Error per sample, normalized units):
Hist | Count | MAE_Pred | MAE_Base | PredDevFromBase
-----|-------|----------|----------|----------------
0    | 8     | 0.7344   | 3.7696   | 3.9469 
1    | 9     | 0.6954   | 0.9160   | 0.7397 
2    | 11    | 0.4672   | 0.5551   | 0.5550 
3-5  | 59    | 0.3983   | 0.3926   | 0.3771 
6+   | 276   | 0.3332   | 0.2990   | 0.3271 

Epoch 48: loss = 0.403112 phase = C val_loss = 0.404026 delta_mae_pts = 0.3657 recap_mae_pts = 0.3657 cat_mae_pts = 0.4562 total_mae_pts = 1.1040 vs_inertia_pts = 0.0480 vs_quad_pts = 0.2805 lr_base = 0.000558 lr_mult = 1.0000 lr_eff = 0.000558 mon_cov = 0.961 mon_score = 1.1996 progress = 49/120 epoch_sec = 91.1 avg_epoch_sec = 91.8 elapsed = 01:14:58 eta = 01:48:37
Epoch 48 memory(end): tensors=258, buffers=258, bytes=18.3MB
[curriculum] phase=C age=18 ramp=80 delta=0.3657 cov=0.961 best_global_delta=0.3600

Epoch 49: Phase C (A_end=10, B_end=31, C_ramp=80) Weights {"totalWeight":0.038000000000000006,"recapWeight":0.24375,"deltaWeight":2.96875,"categoryWeight":0.05,"quantileWeight":0.325,"consistencyWeight":0,"identityDropoutRate":1}, Scales {"judgeBias":1,"corps":0.6857142857142857}, SeqLen 15, ID_Drop 1.000, WFW 1.500 
Epoch 49 memory(start): tensors=258, buffers=258, bytes=18.3MB

History Bucket Diagnostics (Avg Abs Error per sample, normalized units):
Hist | Count | MAE_Pred | MAE_Base | PredDevFromBase
-----|-------|----------|----------|----------------
0    | 8     | 0.6380   | 3.7696   | 3.6243 
1    | 9     | 0.7093   | 0.9160   | 0.6930 
2    | 11    | 0.4671   | 0.5551   | 0.4225 
3-5  | 59    | 0.4478   | 0.3926   | 0.3417 
6+   | 276   | 0.3348   | 0.2990   | 0.2816 

Epoch 49: loss = 0.407589 phase = C val_loss = 0.424581 delta_mae_pts = 0.3732 recap_mae_pts = 0.3732 cat_mae_pts = 0.4664 total_mae_pts = 1.1342 vs_inertia_pts = 0.0406 vs_quad_pts = 0.2730 lr_base = 0.000549 lr_mult = 1.0000 lr_eff = 0.000549 mon_cov = 0.954 mon_score = 1.2652 progress = 50/120 epoch_sec = 92.3 avg_epoch_sec = 91.8 elapsed = 01:16:30 eta = 01:47:06
Epoch 49 memory(end): tensors=258, buffers=258, bytes=18.3MB
[curriculum] phase=C age=19 ramp=80 delta=0.3732 cov=0.954 best_global_delta=0.3600

--- NO MONITOR IMPROVEMENT FOR 18 EPOCHS: plateau multiplier 1.0000 -> 0.5000, effective LR 0.000274 ---

Epoch 50: Phase C (A_end=10, B_end=31, C_ramp=80) Weights {"totalWeight":0.039,"recapWeight":0.24062499999999998,"deltaWeight":3.078125,"categoryWeight":0.05,"quantileWeight":0.3375,"consistencyWeight":0,"identityDropoutRate":1}, Scales {"judgeBias":1,"corps":0.7142857142857143}, SeqLen 15, ID_Drop 1.000, WFW 1.500 
Epoch 50 memory(start): tensors=258, buffers=258, bytes=18.3MB

History Bucket Diagnostics (Avg Abs Error per sample, normalized units):
Hist | Count | MAE_Pred | MAE_Base | PredDevFromBase
-----|-------|----------|----------|----------------
0    | 8     | 0.6147   | 3.7696   | 3.7565 
1    | 9     | 0.6905   | 0.9160   | 0.6704 
2    | 11    | 0.4820   | 0.5551   | 0.4241 
3-5  | 59    | 0.4132   | 0.3926   | 0.3171 
6+   | 276   | 0.3309   | 0.2990   | 0.2823 

Epoch 50: loss = 0.400560 phase = C val_loss = 0.428366 delta_mae_pts = 0.3641 recap_mae_pts = 0.3641 cat_mae_pts = 0.4409 total_mae_pts = 1.0473 vs_inertia_pts = 0.0497 vs_quad_pts = 0.2821 lr_base = 0.000540 lr_mult = 0.5000 lr_eff = 0.000270 mon_cov = 0.962 mon_score = 1.2711 progress = 51/120 epoch_sec = 90.5 avg_epoch_sec = 91.8 elapsed = 01:18:01 eta = 01:45:32
Epoch 50 memory(end): tensors=258, buffers=258, bytes=18.3MB

-- - CAPTION STATS(Epoch 50)-- - 
GE1: delta_pts = 0.3745, recap_pts = 0.3745, cov = 0.956, width = 1.9443 
GE2: delta_pts = 0.3417, recap_pts = 0.3417, cov = 0.959, width = 1.9409 
VP: delta_pts = 0.3675, recap_pts = 0.3675, cov = 0.961, width = 1.9871 
VA: delta_pts = 0.3129, recap_pts = 0.3129, cov = 0.989, width = 2.0297 
CG: delta_pts = 0.3719, recap_pts = 0.3719, cov = 0.961, width = 1.9981 
MB: delta_pts = 0.3360, recap_pts = 0.3360, cov = 0.970, width = 1.9970 
MA: delta_pts = 0.3826, recap_pts = 0.3826, cov = 0.950, width = 1.9494 
MP: delta_pts = 0.4254, recap_pts = 0.4254, cov = 0.950, width = 2.0435 
----------------------------------

[curriculum] phase=C age=20 ramp=80 delta=0.3641 cov=0.962 best_global_delta=0.3600

Epoch 51: Phase C (A_end=10, B_end=31, C_ramp=80) Weights {"totalWeight":0.04,"recapWeight":0.2375,"deltaWeight":3.1875,"categoryWeight":0.05,"quantileWeight":0.35,"consistencyWeight":0,"identityDropoutRate":1}, Scales {"judgeBias":1,"corps":0.7428571428571429}, SeqLen 15, ID_Drop 1.000, WFW 1.500 
Epoch 51 memory(start): tensors=258, buffers=258, bytes=18.3MB

History Bucket Diagnostics (Avg Abs Error per sample, normalized units):
Hist | Count | MAE_Pred | MAE_Base | PredDevFromBase
-----|-------|----------|----------|----------------
0    | 8     | 0.7646   | 3.7696   | 3.9667 
1    | 9     | 0.7368   | 0.9160   | 0.7463 
2    | 11    | 0.5201   | 0.5551   | 0.5021 
3-5  | 59    | 0.4075   | 0.3926   | 0.3668 
6+   | 276   | 0.3286   | 0.2990   | 0.3029 

Epoch 51: loss = 0.401912 phase = C val_loss = 0.444884 delta_mae_pts = 0.3670 recap_mae_pts = 0.3670 cat_mae_pts = 0.4366 total_mae_pts = 1.0253 vs_inertia_pts = 0.0467 vs_quad_pts = 0.2792 lr_base = 0.000530 lr_mult = 0.5000 lr_eff = 0.000265 mon_cov = 0.958 mon_score = 1.3198 progress = 52/120 epoch_sec = 91.0 avg_epoch_sec = 91.8 elapsed = 01:19:32 eta = 01:44:00
Epoch 51 memory(end): tensors=258, buffers=258, bytes=18.3MB
[curriculum] phase=C age=21 ramp=80 delta=0.3670 cov=0.958 best_global_delta=0.3600

Epoch 52: Phase C (A_end=10, B_end=31, C_ramp=80) Weights {"totalWeight":0.041,"recapWeight":0.234375,"deltaWeight":3.296875,"categoryWeight":0.05,"quantileWeight":0.36250000000000004,"consistencyWeight":0,"identityDropoutRate":1}, Scales {"judgeBias":1,"corps":0.7714285714285715}, SeqLen 15, ID_Drop 1.000, WFW 1.500 
Epoch 52 memory(start): tensors=258, buffers=258, bytes=18.3MB

History Bucket Diagnostics (Avg Abs Error per sample, normalized units):
Hist | Count | MAE_Pred | MAE_Base | PredDevFromBase
-----|-------|----------|----------|----------------
0    | 8     | 0.6866   | 3.7696   | 3.9661 
1    | 9     | 0.7025   | 0.9160   | 0.7969 
2    | 11    | 0.4551   | 0.5551   | 0.4912 
3-5  | 59    | 0.4133   | 0.3926   | 0.3563 
6+   | 276   | 0.3337   | 0.2990   | 0.3081 

Epoch 52: loss = 0.415923 phase = C val_loss = 0.458657 delta_mae_pts = 0.3672 recap_mae_pts = 0.3672 cat_mae_pts = 0.4593 total_mae_pts = 1.0893 vs_inertia_pts = 0.0465 vs_quad_pts = 0.2789 lr_base = 0.000521 lr_mult = 0.5000 lr_eff = 0.000260 mon_cov = 0.962 mon_score = 1.3644 progress = 53/120 epoch_sec = 91.4 avg_epoch_sec = 91.8 elapsed = 01:21:03 eta = 01:42:28
Epoch 52 memory(end): tensors=258, buffers=258, bytes=18.3MB
[curriculum] phase=C age=22 ramp=80 delta=0.3672 cov=0.962 best_global_delta=0.3600

Epoch 53: Phase C (A_end=10, B_end=31, C_ramp=80) Weights {"totalWeight":0.042,"recapWeight":0.23124999999999998,"deltaWeight":3.40625,"categoryWeight":0.05,"quantileWeight":0.375,"consistencyWeight":0,"identityDropoutRate":1}, Scales {"judgeBias":1,"corps":0.8}, SeqLen 15, ID_Drop 1.000, WFW 1.500 
Epoch 53 memory(start): tensors=258, buffers=258, bytes=18.3MB

History Bucket Diagnostics (Avg Abs Error per sample, normalized units):
Hist | Count | MAE_Pred | MAE_Base | PredDevFromBase
-----|-------|----------|----------|----------------
0    | 8     | 0.5763   | 3.7696   | 3.8638 
1    | 9     | 0.6650   | 0.9160   | 0.8052 
2    | 11    | 0.4736   | 0.5551   | 0.5033 
3-5  | 59    | 0.3992   | 0.3926   | 0.3284 
6+   | 276   | 0.3318   | 0.2990   | 0.2841 

Epoch 53: loss = 0.422304 phase = C val_loss = 0.463223 delta_mae_pts = 0.3607 recap_mae_pts = 0.3607 cat_mae_pts = 0.4426 total_mae_pts = 1.0508 vs_inertia_pts = 0.0531 vs_quad_pts = 0.2855 lr_base = 0.000511 lr_mult = 0.5000 lr_eff = 0.000255 mon_cov = 0.967 mon_score = 1.3782 progress = 54/120 epoch_sec = 91.9 avg_epoch_sec = 91.8 elapsed = 01:22:35 eta = 01:40:56
Epoch 53 memory(end): tensors=258, buffers=258, bytes=18.3MB
[curriculum] phase=C age=23 ramp=80 delta=0.3607 cov=0.967 best_global_delta=0.3600

Epoch 54: Phase C (A_end=10, B_end=31, C_ramp=80) Weights {"totalWeight":0.043,"recapWeight":0.228125,"deltaWeight":3.515625,"categoryWeight":0.05,"quantileWeight":0.38749999999999996,"consistencyWeight":0,"identityDropoutRate":1}, Scales {"judgeBias":1,"corps":0.8285714285714286}, SeqLen 15, ID_Drop 1.000, WFW 1.500 
Epoch 54 memory(start): tensors=258, buffers=258, bytes=18.3MB

History Bucket Diagnostics (Avg Abs Error per sample, normalized units):
Hist | Count | MAE_Pred | MAE_Base | PredDevFromBase
-----|-------|----------|----------|----------------
0    | 8     | 0.6269   | 3.7696   | 3.8583 
1    | 9     | 0.7019   | 0.9160   | 0.6917 
2    | 11    | 0.4511   | 0.5551   | 0.4550 
3-5  | 59    | 0.4177   | 0.3926   | 0.3286 
6+   | 276   | 0.3279   | 0.2990   | 0.2773 

Epoch 54: loss = 0.430825 phase = C val_loss = 0.479143 delta_mae_pts = 0.3621 recap_mae_pts = 0.3621 cat_mae_pts = 0.4607 total_mae_pts = 1.1146 vs_inertia_pts = 0.0516 vs_quad_pts = 0.2841 lr_base = 0.000501 lr_mult = 0.5000 lr_eff = 0.000251 mon_cov = 0.963 mon_score = 1.4265 progress = 55/120 epoch_sec = 92.2 avg_epoch_sec = 91.8 elapsed = 01:24:07 eta = 01:39:25
Epoch 54 memory(end): tensors=258, buffers=258, bytes=18.3MB
[curriculum] phase=C age=24 ramp=80 delta=0.3621 cov=0.963 best_global_delta=0.3600

Epoch 55: Phase C (A_end=10, B_end=31, C_ramp=80) Weights {"totalWeight":0.044,"recapWeight":0.22499999999999998,"deltaWeight":3.625,"categoryWeight":0.05,"quantileWeight":0.4,"consistencyWeight":0,"identityDropoutRate":1}, Scales {"judgeBias":1,"corps":0.8571428571428571}, SeqLen 15, ID_Drop 1.000, WFW 1.500 
Epoch 55 memory(start): tensors=258, buffers=258, bytes=18.3MB

History Bucket Diagnostics (Avg Abs Error per sample, normalized units):
Hist | Count | MAE_Pred | MAE_Base | PredDevFromBase
-----|-------|----------|----------|----------------
0    | 8     | 0.6853   | 3.7696   | 3.8485 
1    | 9     | 0.7112   | 0.9160   | 0.7443 
2    | 11    | 0.4706   | 0.5551   | 0.4625 
3-5  | 59    | 0.4194   | 0.3926   | 0.3485 
6+   | 276   | 0.3205   | 0.2990   | 0.2884 

Epoch 55: loss = 0.442079 phase = C val_loss = 0.489199 delta_mae_pts = 0.3589 recap_mae_pts = 0.3589 cat_mae_pts = 0.4388 total_mae_pts = 1.0573 vs_inertia_pts = 0.0549 vs_quad_pts = 0.2873 lr_base = 0.000491 lr_mult = 0.5000 lr_eff = 0.000246 mon_cov = 0.965 mon_score = 1.4500 progress = 56/120 epoch_sec = 92.3 avg_epoch_sec = 91.8 elapsed = 01:25:39 eta = 01:37:54
Epoch 55 memory(end): tensors=258, buffers=258, bytes=18.3MB
Saved BEST-DELTA checkpoint @epoch 55 delta_mae_pts = 0.3589 monitor_score = 0.5212 -> models\v9_subcaption_fixed\v9fix_datefwd_calib_auto_best_only_1779521136806\best 
Saved BEST-PHASE-C checkpoint @epoch 55 delta_mae_pts = 0.3589 -> models\v9_subcaption_fixed\v9fix_datefwd_calib_auto_best_only_1779521136806\best_phase_c 
[curriculum] phase=C age=25 ramp=80 delta=0.3589 cov=0.965 best_global_delta=0.3589

Epoch 56: Phase C (A_end=10, B_end=31, C_ramp=80) Weights {"totalWeight":0.045,"recapWeight":0.221875,"deltaWeight":3.734375,"categoryWeight":0.05,"quantileWeight":0.4125,"consistencyWeight":0,"identityDropoutRate":1}, Scales {"judgeBias":1,"corps":0.8857142857142857}, SeqLen 15, ID_Drop 1.000, WFW 1.500 
Epoch 56 memory(start): tensors=258, buffers=219, bytes=18.3MB

History Bucket Diagnostics (Avg Abs Error per sample, normalized units):
Hist | Count | MAE_Pred | MAE_Base | PredDevFromBase
-----|-------|----------|----------|----------------
0    | 8     | 0.6534   | 3.7696   | 3.8177 
1    | 9     | 0.7055   | 0.9160   | 0.7845 
2    | 11    | 0.4846   | 0.5551   | 0.4690 
3-5  | 59    | 0.4458   | 0.3926   | 0.3724 
6+   | 276   | 0.3434   | 0.2990   | 0.2993 

Epoch 56: loss = 0.448916 phase = C val_loss = 0.527539 delta_mae_pts = 0.3801 recap_mae_pts = 0.3801 cat_mae_pts = 0.4830 total_mae_pts = 1.1592 vs_inertia_pts = 0.0336 vs_quad_pts = 0.2660 lr_base = 0.000482 lr_mult = 0.5000 lr_eff = 0.000241 mon_cov = 0.955 mon_score = 1.5802 progress = 57/120 epoch_sec = 90.8 avg_epoch_sec = 91.8 elapsed = 01:27:10 eta = 01:36:21
Epoch 56 memory(end): tensors=258, buffers=258, bytes=18.3MB
[curriculum] phase=C age=26 ramp=80 delta=0.3801 cov=0.955 best_global_delta=0.3589

Epoch 57: Phase C (A_end=10, B_end=31, C_ramp=80) Weights {"totalWeight":0.046,"recapWeight":0.21875,"deltaWeight":3.84375,"categoryWeight":0.05,"quantileWeight":0.42500000000000004,"consistencyWeight":0,"identityDropoutRate":1}, Scales {"judgeBias":1,"corps":0.9142857142857143}, SeqLen 15, ID_Drop 1.000, WFW 1.500 
Epoch 57 memory(start): tensors=258, buffers=258, bytes=18.3MB

History Bucket Diagnostics (Avg Abs Error per sample, normalized units):
Hist | Count | MAE_Pred | MAE_Base | PredDevFromBase
-----|-------|----------|----------|----------------
0    | 8     | 0.6531   | 3.7696   | 3.8739 
1    | 9     | 0.6962   | 0.9160   | 0.7747 
2    | 11    | 0.4680   | 0.5551   | 0.4614 
3-5  | 59    | 0.4380   | 0.3926   | 0.3623 
6+   | 276   | 0.3345   | 0.2990   | 0.2953 

Epoch 57: loss = 0.462528 phase = C val_loss = 0.530700 delta_mae_pts = 0.3714 recap_mae_pts = 0.3714 cat_mae_pts = 0.4751 total_mae_pts = 1.1598 vs_inertia_pts = 0.0423 vs_quad_pts = 0.2748 lr_base = 0.000472 lr_mult = 0.5000 lr_eff = 0.000236 mon_cov = 0.960 mon_score = 1.5859 progress = 58/120 epoch_sec = 91.0 avg_epoch_sec = 91.7 elapsed = 01:28:41 eta = 01:34:48
Epoch 57 memory(end): tensors=258, buffers=258, bytes=18.3MB
[curriculum] phase=C age=27 ramp=80 delta=0.3714 cov=0.960 best_global_delta=0.3589

Epoch 58: Phase C (A_end=10, B_end=31, C_ramp=80) Weights {"totalWeight":0.047,"recapWeight":0.21562499999999998,"deltaWeight":3.953125,"categoryWeight":0.05,"quantileWeight":0.4375,"consistencyWeight":0,"identityDropoutRate":1}, Scales {"judgeBias":1,"corps":0.9428571428571428}, SeqLen 15, ID_Drop 1.000, WFW 1.500 
Epoch 58 memory(start): tensors=258, buffers=258, bytes=18.3MB

History Bucket Diagnostics (Avg Abs Error per sample, normalized units):
Hist | Count | MAE_Pred | MAE_Base | PredDevFromBase
-----|-------|----------|----------|----------------
0    | 8     | 0.6847   | 3.7696   | 3.7607 
1    | 9     | 0.7157   | 0.9160   | 0.7208 
2    | 11    | 0.4551   | 0.5551   | 0.4581 
3-5  | 59    | 0.4478   | 0.3926   | 0.3551 
6+   | 276   | 0.3393   | 0.2990   | 0.3024 

Epoch 58: loss = 0.465937 phase = C val_loss = 0.552121 delta_mae_pts = 0.3774 recap_mae_pts = 0.3774 cat_mae_pts = 0.4737 total_mae_pts = 1.1752 vs_inertia_pts = 0.0363 vs_quad_pts = 0.2688 lr_base = 0.000461 lr_mult = 0.5000 lr_eff = 0.000231 mon_cov = 0.951 mon_score = 1.6523 progress = 59/120 epoch_sec = 91.4 avg_epoch_sec = 91.7 elapsed = 01:30:13 eta = 01:33:16
Epoch 58 memory(end): tensors=258, buffers=258, bytes=18.3MB
[curriculum] phase=C age=28 ramp=80 delta=0.3774 cov=0.951 best_global_delta=0.3589

Epoch 59: Phase C (A_end=10, B_end=31, C_ramp=80) Weights {"totalWeight":0.048,"recapWeight":0.2125,"deltaWeight":4.0625,"categoryWeight":0.05,"quantileWeight":0.44999999999999996,"consistencyWeight":0,"identityDropoutRate":1}, Scales {"judgeBias":1,"corps":0.9714285714285714}, SeqLen 15, ID_Drop 1.000, WFW 1.500 
Epoch 59 memory(start): tensors=258, buffers=258, bytes=18.3MB

History Bucket Diagnostics (Avg Abs Error per sample, normalized units):
Hist | Count | MAE_Pred | MAE_Base | PredDevFromBase
-----|-------|----------|----------|----------------
0    | 8     | 0.6324   | 3.7696   | 3.9176 
1    | 9     | 0.6966   | 0.9160   | 0.8455 
2    | 11    | 0.4847   | 0.5551   | 0.5445 
3-5  | 59    | 0.3984   | 0.3926   | 0.3546 
6+   | 276   | 0.3281   | 0.2990   | 0.2911 

Epoch 59: loss = 0.473657 phase = C val_loss = 0.542897 delta_mae_pts = 0.3601 recap_mae_pts = 0.3601 cat_mae_pts = 0.4401 total_mae_pts = 1.0345 vs_inertia_pts = 0.0536 vs_quad_pts = 0.2861 lr_base = 0.000451 lr_mult = 0.5000 lr_eff = 0.000226 mon_cov = 0.966 mon_score = 1.6111 progress = 60/120 epoch_sec = 91.8 avg_epoch_sec = 91.7 elapsed = 01:31:44 eta = 01:31:44
Epoch 59 memory(end): tensors=258, buffers=258, bytes=18.3MB
[curriculum] phase=C age=29 ramp=80 delta=0.3601 cov=0.966 best_global_delta=0.3589

Epoch 60: Phase C (A_end=10, B_end=31, C_ramp=80) Weights {"totalWeight":0.049,"recapWeight":0.20937499999999998,"deltaWeight":4.171875,"categoryWeight":0.05,"quantileWeight":0.4625,"consistencyWeight":0,"identityDropoutRate":1}, Scales {"judgeBias":1,"corps":1}, SeqLen 15, ID_Drop 1.000, WFW 1.500 
Epoch 60 memory(start): tensors=258, buffers=258, bytes=18.3MB

History Bucket Diagnostics (Avg Abs Error per sample, normalized units):
Hist | Count | MAE_Pred | MAE_Base | PredDevFromBase
-----|-------|----------|----------|----------------
0    | 8     | 0.6839   | 3.7696   | 3.8884 
1    | 9     | 0.7124   | 0.9160   | 0.8044 
2    | 11    | 0.4638   | 0.5551   | 0.5399 
3-5  | 59    | 0.4118   | 0.3926   | 0.3777 
6+   | 276   | 0.3352   | 0.2990   | 0.3113 

Epoch 60: loss = 0.482133 phase = C val_loss = 0.567740 delta_mae_pts = 0.3686 recap_mae_pts = 0.3686 cat_mae_pts = 0.4699 total_mae_pts = 1.1070 vs_inertia_pts = 0.0451 vs_quad_pts = 0.2776 lr_base = 0.000441 lr_mult = 0.5000 lr_eff = 0.000221 mon_cov = 0.959 mon_score = 1.6926 progress = 61/120 epoch_sec = 91.6 avg_epoch_sec = 91.7 elapsed = 01:33:16 eta = 01:30:12
Epoch 60 memory(end): tensors=258, buffers=258, bytes=18.3MB
[curriculum] phase=C age=30 ramp=80 delta=0.3686 cov=0.959 best_global_delta=0.3589

Epoch 61: Phase C (A_end=10, B_end=31, C_ramp=80) Weights {"totalWeight":0.05,"recapWeight":0.20625,"deltaWeight":4.28125,"categoryWeight":0.05,"quantileWeight":0.475,"consistencyWeight":0,"identityDropoutRate":1}, Scales {"judgeBias":1,"corps":1}, SeqLen 15, ID_Drop 1.000, WFW 1.500 
Epoch 61 memory(start): tensors=258, buffers=258, bytes=18.3MB

History Bucket Diagnostics (Avg Abs Error per sample, normalized units):
Hist | Count | MAE_Pred | MAE_Base | PredDevFromBase
-----|-------|----------|----------|----------------
0    | 8     | 0.6833   | 3.7696   | 3.8574 
1    | 9     | 0.6748   | 0.9160   | 0.7880 
2    | 11    | 0.4584   | 0.5551   | 0.5059 
3-5  | 59    | 0.4257   | 0.3926   | 0.3658 
6+   | 276   | 0.3330   | 0.2990   | 0.3102 

Epoch 61: loss = 0.485237 phase = C val_loss = 0.579896 delta_mae_pts = 0.3680 recap_mae_pts = 0.3680 cat_mae_pts = 0.4608 total_mae_pts = 1.0914 vs_inertia_pts = 0.0457 vs_quad_pts = 0.2781 lr_base = 0.000431 lr_mult = 0.5000 lr_eff = 0.000216 mon_cov = 0.959 mon_score = 1.7292 progress = 62/120 epoch_sec = 91.5 avg_epoch_sec = 91.7 elapsed = 01:34:47 eta = 01:28:41
Epoch 61 memory(end): tensors=258, buffers=258, bytes=18.3MB
[curriculum] phase=C age=31 ramp=80 delta=0.3680 cov=0.959 best_global_delta=0.3589

Epoch 62: Phase C (A_end=10, B_end=31, C_ramp=80) Weights {"totalWeight":0.051000000000000004,"recapWeight":0.203125,"deltaWeight":4.390625,"categoryWeight":0.05,"quantileWeight":0.48750000000000004,"consistencyWeight":0,"identityDropoutRate":1}, Scales {"judgeBias":1,"corps":1}, SeqLen 15, ID_Drop 1.000, WFW 1.500 
Epoch 62 memory(start): tensors=258, buffers=258, bytes=18.3MB

History Bucket Diagnostics (Avg Abs Error per sample, normalized units):
Hist | Count | MAE_Pred | MAE_Base | PredDevFromBase
-----|-------|----------|----------|----------------
0    | 8     | 0.6524   | 3.7696   | 3.7600 
1    | 9     | 0.6970   | 0.9160   | 0.7427 
2    | 11    | 0.4858   | 0.5551   | 0.4791 
3-5  | 59    | 0.4442   | 0.3926   | 0.3745 
6+   | 276   | 0.3431   | 0.2990   | 0.3207 

Epoch 62: loss = 0.497021 phase = C val_loss = 0.609081 delta_mae_pts = 0.3795 recap_mae_pts = 0.3795 cat_mae_pts = 0.4687 total_mae_pts = 1.1407 vs_inertia_pts = 0.0343 vs_quad_pts = 0.2667 lr_base = 0.000421 lr_mult = 0.5000 lr_eff = 0.000210 mon_cov = 0.957 mon_score = 1.8247 progress = 63/120 epoch_sec = 90.9 avg_epoch_sec = 91.7 elapsed = 01:36:18 eta = 01:27:08
Epoch 62 memory(end): tensors=258, buffers=258, bytes=18.3MB
[curriculum] phase=C age=32 ramp=80 delta=0.3795 cov=0.957 best_global_delta=0.3589

Epoch 63: Phase C (A_end=10, B_end=31, C_ramp=80) Weights {"totalWeight":0.052000000000000005,"recapWeight":0.19999999999999998,"deltaWeight":4.5,"categoryWeight":0.05,"quantileWeight":0.5,"consistencyWeight":0,"identityDropoutRate":1}, Scales {"judgeBias":1,"corps":1}, SeqLen 15, ID_Drop 1.000, WFW 1.500 
Epoch 63 memory(start): tensors=258, buffers=258, bytes=18.3MB

History Bucket Diagnostics (Avg Abs Error per sample, normalized units):
Hist | Count | MAE_Pred | MAE_Base | PredDevFromBase
-----|-------|----------|----------|----------------
0    | 8     | 0.6622   | 3.7696   | 3.8082 
1    | 9     | 0.6842   | 0.9160   | 0.7448 
2    | 11    | 0.4691   | 0.5551   | 0.4783 
3-5  | 59    | 0.4501   | 0.3926   | 0.3772 
6+   | 276   | 0.3467   | 0.2990   | 0.3208 

Epoch 63: loss = 0.500140 phase = C val_loss = 0.627930 delta_mae_pts = 0.3826 recap_mae_pts = 0.3826 cat_mae_pts = 0.4793 total_mae_pts = 1.1664 vs_inertia_pts = 0.0312 vs_quad_pts = 0.2636 lr_base = 0.000411 lr_mult = 0.5000 lr_eff = 0.000205 mon_cov = 0.952 mon_score = 1.8827 progress = 64/120 epoch_sec = 91.3 avg_epoch_sec = 91.7 elapsed = 01:37:50 eta = 01:25:36
Epoch 63 memory(end): tensors=258, buffers=258, bytes=18.3MB
[curriculum] phase=C age=33 ramp=80 delta=0.3826 cov=0.952 best_global_delta=0.3589

Epoch 64: Phase C (A_end=10, B_end=31, C_ramp=80) Weights {"totalWeight":0.053000000000000005,"recapWeight":0.196875,"deltaWeight":4.609375,"categoryWeight":0.05,"quantileWeight":0.5125,"consistencyWeight":0,"identityDropoutRate":1}, Scales {"judgeBias":1,"corps":1}, SeqLen 15, ID_Drop 1.000, WFW 1.500 
Epoch 64 memory(start): tensors=258, buffers=258, bytes=18.3MB

History Bucket Diagnostics (Avg Abs Error per sample, normalized units):
Hist | Count | MAE_Pred | MAE_Base | PredDevFromBase
-----|-------|----------|----------|----------------
0    | 8     | 0.7338   | 3.7696   | 3.9072 
1    | 9     | 0.6859   | 0.9160   | 0.8093 
2    | 11    | 0.4797   | 0.5551   | 0.5259 
3-5  | 59    | 0.4160   | 0.3926   | 0.3876 
6+   | 276   | 0.3382   | 0.2990   | 0.3320 

Epoch 64: loss = 0.514412 phase = C val_loss = 0.627578 delta_mae_pts = 0.3724 recap_mae_pts = 0.3724 cat_mae_pts = 0.4741 total_mae_pts = 1.1481 vs_inertia_pts = 0.0413 vs_quad_pts = 0.2737 lr_base = 0.000400 lr_mult = 0.5000 lr_eff = 0.000200 mon_cov = 0.954 mon_score = 1.8746 progress = 65/120 epoch_sec = 90.2 avg_epoch_sec = 91.7 elapsed = 01:39:20 eta = 01:24:03
Epoch 64 memory(end): tensors=258, buffers=258, bytes=18.3MB
[curriculum] phase=C age=34 ramp=80 delta=0.3724 cov=0.954 best_global_delta=0.3589

Epoch 65: Phase C (A_end=10, B_end=31, C_ramp=80) Weights {"totalWeight":0.054000000000000006,"recapWeight":0.19374999999999998,"deltaWeight":4.71875,"categoryWeight":0.05,"quantileWeight":0.525,"consistencyWeight":0,"identityDropoutRate":1}, Scales {"judgeBias":1,"corps":1}, SeqLen 15, ID_Drop 1.000, WFW 1.500 
Epoch 65 memory(start): tensors=258, buffers=258, bytes=18.3MB

History Bucket Diagnostics (Avg Abs Error per sample, normalized units):
Hist | Count | MAE_Pred | MAE_Base | PredDevFromBase
-----|-------|----------|----------|----------------
0    | 8     | 0.7286   | 3.7696   | 3.8181 
1    | 9     | 0.6876   | 0.9160   | 0.7544 
2    | 11    | 0.4818   | 0.5551   | 0.5042 
3-5  | 59    | 0.4310   | 0.3926   | 0.3903 
6+   | 276   | 0.3357   | 0.2990   | 0.3277 

Epoch 65: loss = 0.522962 phase = C val_loss = 0.642010 delta_mae_pts = 0.3730 recap_mae_pts = 0.3730 cat_mae_pts = 0.4721 total_mae_pts = 1.1449 vs_inertia_pts = 0.0407 vs_quad_pts = 0.2732 lr_base = 0.000390 lr_mult = 0.5000 lr_eff = 0.000195 mon_cov = 0.948 mon_score = 1.9178 progress = 66/120 epoch_sec = 91.2 avg_epoch_sec = 91.7 elapsed = 01:40:51 eta = 01:22:31
Epoch 65 memory(end): tensors=258, buffers=258, bytes=18.3MB
[curriculum] phase=C age=35 ramp=80 delta=0.3730 cov=0.948 best_global_delta=0.3589

Epoch 66: Phase C (A_end=10, B_end=31, C_ramp=80) Weights {"totalWeight":0.05500000000000001,"recapWeight":0.190625,"deltaWeight":4.828125,"categoryWeight":0.05,"quantileWeight":0.5375,"consistencyWeight":0,"identityDropoutRate":1}, Scales {"judgeBias":1,"corps":1}, SeqLen 15, ID_Drop 1.000, WFW 1.500 
Epoch 66 memory(start): tensors=258, buffers=258, bytes=18.3MB

History Bucket Diagnostics (Avg Abs Error per sample, normalized units):
Hist | Count | MAE_Pred | MAE_Base | PredDevFromBase
-----|-------|----------|----------|----------------
0    | 8     | 0.6672   | 3.7696   | 3.8229 
1    | 9     | 0.6659   | 0.9160   | 0.7475 
2    | 11    | 0.4767   | 0.5551   | 0.5060 
3-5  | 59    | 0.4278   | 0.3926   | 0.3833 
6+   | 276   | 0.3474   | 0.2990   | 0.3230 

Epoch 66: loss = 0.530578 phase = C val_loss = 0.663837 delta_mae_pts = 0.3793 recap_mae_pts = 0.3793 cat_mae_pts = 0.4608 total_mae_pts = 1.1341 vs_inertia_pts = 0.0344 vs_quad_pts = 0.2669 lr_base = 0.000380 lr_mult = 0.5000 lr_eff = 0.000190 mon_cov = 0.955 mon_score = 1.9890 progress = 67/120 epoch_sec = 91.3 avg_epoch_sec = 91.7 elapsed = 01:42:22 eta = 01:20:59
Epoch 66 memory(end): tensors=258, buffers=258, bytes=18.3MB
[curriculum] phase=C age=36 ramp=80 delta=0.3793 cov=0.955 best_global_delta=0.3589

Epoch 67: Phase C (A_end=10, B_end=31, C_ramp=80) Weights {"totalWeight":0.05600000000000001,"recapWeight":0.1875,"deltaWeight":4.9375,"categoryWeight":0.05,"quantileWeight":0.55,"consistencyWeight":0,"identityDropoutRate":1}, Scales {"judgeBias":1,"corps":1}, SeqLen 15, ID_Drop 1.000, WFW 1.500 
Epoch 67 memory(start): tensors=258, buffers=258, bytes=18.3MB

History Bucket Diagnostics (Avg Abs Error per sample, normalized units):
Hist | Count | MAE_Pred | MAE_Base | PredDevFromBase
-----|-------|----------|----------|----------------
0    | 8     | 0.6359   | 3.7696   | 3.8448 
1    | 9     | 0.7065   | 0.9160   | 0.8593 
2    | 11    | 0.4590   | 0.5551   | 0.5337 
3-5  | 59    | 0.4171   | 0.3926   | 0.3835 
6+   | 276   | 0.3477   | 0.2990   | 0.3352 

Epoch 67: loss = 0.538414 phase = C val_loss = 0.674649 delta_mae_pts = 0.3776 recap_mae_pts = 0.3776 cat_mae_pts = 0.4539 total_mae_pts = 1.1141 vs_inertia_pts = 0.0361 vs_quad_pts = 0.2686 lr_base = 0.000369 lr_mult = 0.5000 lr_eff = 0.000185 mon_cov = 0.958 mon_score = 2.0203 progress = 68/120 epoch_sec = 95.5 avg_epoch_sec = 91.7 elapsed = 01:43:58 eta = 01:19:30
Epoch 67 memory(end): tensors=258, buffers=258, bytes=18.3MB
[curriculum] phase=C age=37 ramp=80 delta=0.3776 cov=0.958 best_global_delta=0.3589

--- NO MONITOR IMPROVEMENT FOR 18 EPOCHS: plateau multiplier 0.5000 -> 0.2500, effective LR 0.000092 ---

Epoch 68: Phase C (A_end=10, B_end=31, C_ramp=80) Weights {"totalWeight":0.05700000000000001,"recapWeight":0.18437499999999998,"deltaWeight":5.046875,"categoryWeight":0.05,"quantileWeight":0.5625,"consistencyWeight":0,"identityDropoutRate":1}, Scales {"judgeBias":1,"corps":1}, SeqLen 15, ID_Drop 1.000, WFW 1.500 
Epoch 68 memory(start): tensors=258, buffers=258, bytes=18.3MB

History Bucket Diagnostics (Avg Abs Error per sample, normalized units):
Hist | Count | MAE_Pred | MAE_Base | PredDevFromBase
-----|-------|----------|----------|----------------
0    | 8     | 0.6662   | 3.7696   | 3.8725 
1    | 9     | 0.6968   | 0.9160   | 0.8182 
2    | 11    | 0.4749   | 0.5551   | 0.5352 
3-5  | 59    | 0.4280   | 0.3926   | 0.3891 
6+   | 276   | 0.3385   | 0.2990   | 0.3260 

Epoch 68: loss = 0.533654 phase = C val_loss = 0.681564 delta_mae_pts = 0.3733 recap_mae_pts = 0.3733 cat_mae_pts = 0.4634 total_mae_pts = 1.1342 vs_inertia_pts = 0.0404 vs_quad_pts = 0.2729 lr_base = 0.000359 lr_mult = 0.2500 lr_eff = 0.000090 mon_cov = 0.956 mon_score = 2.0405 progress = 69/120 epoch_sec = 99.0 avg_epoch_sec = 91.8 elapsed = 01:45:37 eta = 01:18:04
Epoch 68 memory(end): tensors=258, buffers=258, bytes=18.3MB
[curriculum] phase=C age=38 ramp=80 delta=0.3733 cov=0.956 best_global_delta=0.3589

Epoch 69: Phase C (A_end=10, B_end=31, C_ramp=80) Weights {"totalWeight":0.057999999999999996,"recapWeight":0.18125,"deltaWeight":5.15625,"categoryWeight":0.05,"quantileWeight":0.575,"consistencyWeight":0,"identityDropoutRate":1}, Scales {"judgeBias":1,"corps":1}, SeqLen 15, ID_Drop 1.000, WFW 1.500 
Epoch 69 memory(start): tensors=258, buffers=258, bytes=18.3MB

History Bucket Diagnostics (Avg Abs Error per sample, normalized units):
Hist | Count | MAE_Pred | MAE_Base | PredDevFromBase
-----|-------|----------|----------|----------------
0    | 8     | 0.6824   | 3.7696   | 3.9407 
1    | 9     | 0.6958   | 0.9160   | 0.8183 
2    | 11    | 0.4783   | 0.5551   | 0.5444 
3-5  | 59    | 0.4304   | 0.3926   | 0.3832 
6+   | 276   | 0.3475   | 0.2990   | 0.3264 

Epoch 69: loss = 0.542018 phase = C val_loss = 0.707414 delta_mae_pts = 0.3810 recap_mae_pts = 0.3810 cat_mae_pts = 0.4667 total_mae_pts = 1.1378 vs_inertia_pts = 0.0327 vs_quad_pts = 0.2652 lr_base = 0.000349 lr_mult = 0.2500 lr_eff = 0.000087 mon_cov = 0.954 mon_score = 2.1228 progress = 70/120 epoch_sec = 97.5 avg_epoch_sec = 91.9 elapsed = 01:47:14 eta = 01:16:36
Epoch 69 memory(end): tensors=258, buffers=258, bytes=18.3MB
[curriculum] phase=C age=39 ramp=80 delta=0.3810 cov=0.954 best_global_delta=0.3589

Epoch 70: Phase C (A_end=10, B_end=31, C_ramp=80) Weights {"totalWeight":0.059,"recapWeight":0.17812499999999998,"deltaWeight":5.265625,"categoryWeight":0.05,"quantileWeight":0.5875,"consistencyWeight":0,"identityDropoutRate":1}, Scales {"judgeBias":1,"corps":1}, SeqLen 15, ID_Drop 1.000, WFW 1.500 
Epoch 70 memory(start): tensors=258, buffers=258, bytes=18.3MB

History Bucket Diagnostics (Avg Abs Error per sample, normalized units):
Hist | Count | MAE_Pred | MAE_Base | PredDevFromBase
-----|-------|----------|----------|----------------
0    | 8     | 0.7060   | 3.7696   | 3.9139 
1    | 9     | 0.6745   | 0.9160   | 0.7909 
2    | 11    | 0.4945   | 0.5551   | 0.5217 
3-5  | 59    | 0.4271   | 0.3926   | 0.3752 
6+   | 276   | 0.3351   | 0.2990   | 0.3155 

Epoch 70: loss = 0.545110 phase = C val_loss = 0.705938 delta_mae_pts = 0.3715 recap_mae_pts = 0.3715 cat_mae_pts = 0.4684 total_mae_pts = 1.1499 vs_inertia_pts = 0.0423 vs_quad_pts = 0.2747 lr_base = 0.000339 lr_mult = 0.2500 lr_eff = 0.000085 mon_cov = 0.956 mon_score = 2.1134 progress = 71/120 epoch_sec = 97.1 avg_epoch_sec = 92.0 elapsed = 01:48:51 eta = 01:15:08
Epoch 70 memory(end): tensors=258, buffers=258, bytes=18.3MB
[curriculum] phase=C age=40 ramp=80 delta=0.3715 cov=0.956 best_global_delta=0.3589

Epoch 71: Phase C (A_end=10, B_end=31, C_ramp=80) Weights {"totalWeight":0.06,"recapWeight":0.175,"deltaWeight":5.375,"categoryWeight":0.05,"quantileWeight":0.6,"consistencyWeight":0,"identityDropoutRate":1}, Scales {"judgeBias":1,"corps":1}, SeqLen 15, ID_Drop 1.000, WFW 1.500 
Epoch 71 memory(start): tensors=258, buffers=258, bytes=18.3MB

History Bucket Diagnostics (Avg Abs Error per sample, normalized units):
Hist | Count | MAE_Pred | MAE_Base | PredDevFromBase
-----|-------|----------|----------|----------------
0    | 8     | 0.6674   | 3.7696   | 3.8436 
1    | 9     | 0.6766   | 0.9160   | 0.7865 
2    | 11    | 0.4870   | 0.5551   | 0.5243 
3-5  | 59    | 0.4399   | 0.3926   | 0.3798 
6+   | 276   | 0.3403   | 0.2990   | 0.3195 

Epoch 71: loss = 0.555738 phase = C val_loss = 0.728064 delta_mae_pts = 0.3765 recap_mae_pts = 0.3765 cat_mae_pts = 0.4718 total_mae_pts = 1.1653 vs_inertia_pts = 0.0373 vs_quad_pts = 0.2697 lr_base = 0.000329 lr_mult = 0.2500 lr_eff = 0.000082 mon_cov = 0.957 mon_score = 2.1828 progress = 72/120 epoch_sec = 97.0 avg_epoch_sec = 92.1 elapsed = 01:50:28 eta = 01:13:39
Epoch 71 memory(end): tensors=258, buffers=258, bytes=18.3MB
[curriculum] phase=C age=41 ramp=80 delta=0.3765 cov=0.957 best_global_delta=0.3589

Epoch 72: Phase C (A_end=10, B_end=31, C_ramp=80) Weights {"totalWeight":0.061,"recapWeight":0.171875,"deltaWeight":5.484375,"categoryWeight":0.05,"quantileWeight":0.6124999999999999,"consistencyWeight":0,"identityDropoutRate":0.988125}, Scales {"judgeBias":1,"corps":1}, SeqLen 15, ID_Drop 0.988, WFW 1.500 
Epoch 72 memory(start): tensors=258, buffers=258, bytes=18.3MB

History Bucket Diagnostics (Avg Abs Error per sample, normalized units):
Hist | Count | MAE_Pred | MAE_Base | PredDevFromBase
-----|-------|----------|----------|----------------
0    | 8     | 0.6720   | 3.7696   | 3.8619 
1    | 9     | 0.6826   | 0.9160   | 0.7839 
2    | 11    | 0.4721   | 0.5551   | 0.5356 
3-5  | 59    | 0.4244   | 0.3926   | 0.3788 
6+   | 276   | 0.3339   | 0.2990   | 0.3166 

Epoch 72: loss = 0.566912 phase = C val_loss = 0.728911 delta_mae_pts = 0.3689 recap_mae_pts = 0.3689 cat_mae_pts = 0.4679 total_mae_pts = 1.1510 vs_inertia_pts = 0.0448 vs_quad_pts = 0.2773 lr_base = 0.000319 lr_mult = 0.2500 lr_eff = 0.000080 mon_cov = 0.958 mon_score = 2.1803 progress = 73/120 epoch_sec = 96.2 avg_epoch_sec = 92.1 elapsed = 01:52:05 eta = 01:12:10
Epoch 72 memory(end): tensors=258, buffers=258, bytes=18.3MB
[curriculum] phase=C age=42 ramp=80 delta=0.3689 cov=0.958 best_global_delta=0.3589

Epoch 73: Phase C (A_end=10, B_end=31, C_ramp=80) Weights {"totalWeight":0.062,"recapWeight":0.16874999999999998,"deltaWeight":5.59375,"categoryWeight":0.05,"quantileWeight":0.625,"consistencyWeight":0,"identityDropoutRate":0.97625}, Scales {"judgeBias":1,"corps":1}, SeqLen 15, ID_Drop 0.974, WFW 1.500 
Epoch 73 memory(start): tensors=258, buffers=258, bytes=18.3MB

History Bucket Diagnostics (Avg Abs Error per sample, normalized units):
Hist | Count | MAE_Pred | MAE_Base | PredDevFromBase
-----|-------|----------|----------|----------------
0    | 8     | 0.6426   | 3.7696   | 3.8034 
1    | 9     | 0.6757   | 0.9160   | 0.7782 
2    | 11    | 0.4808   | 0.5551   | 0.5075 
3-5  | 59    | 0.4392   | 0.3926   | 0.3782 
6+   | 276   | 0.3358   | 0.2990   | 0.3098 

Epoch 73: loss = 0.572972 phase = C val_loss = 0.748503 delta_mae_pts = 0.3722 recap_mae_pts = 0.3722 cat_mae_pts = 0.4754 total_mae_pts = 1.1832 vs_inertia_pts = 0.0415 vs_quad_pts = 0.2739 lr_base = 0.000308 lr_mult = 0.2500 lr_eff = 0.000077 mon_cov = 0.951 mon_score = 2.2420 progress = 74/120 epoch_sec = 97.0 avg_epoch_sec = 92.2 elapsed = 01:53:42 eta = 01:10:40
Epoch 73 memory(end): tensors=258, buffers=258, bytes=18.3MB
[curriculum] phase=C age=43 ramp=80 delta=0.3722 cov=0.951 best_global_delta=0.3589

Epoch 74: Phase C (A_end=10, B_end=31, C_ramp=80) Weights {"totalWeight":0.063,"recapWeight":0.165625,"deltaWeight":5.703125,"categoryWeight":0.05,"quantileWeight":0.6375,"consistencyWeight":0,"identityDropoutRate":0.964375}, Scales {"judgeBias":1,"corps":1}, SeqLen 15, ID_Drop 0.963, WFW 1.500 
Epoch 74 memory(start): tensors=258, buffers=258, bytes=18.3MB

History Bucket Diagnostics (Avg Abs Error per sample, normalized units):
Hist | Count | MAE_Pred | MAE_Base | PredDevFromBase
-----|-------|----------|----------|----------------
0    | 8     | 0.6994   | 3.7696   | 3.8391 
1    | 9     | 0.6831   | 0.9160   | 0.7577 
2    | 11    | 0.4824   | 0.5551   | 0.5017 
3-5  | 59    | 0.4362   | 0.3926   | 0.3739 
6+   | 276   | 0.3368   | 0.2990   | 0.3130 

Epoch 74: loss = 0.580292 phase = C val_loss = 0.765404 delta_mae_pts = 0.3740 recap_mae_pts = 0.3740 cat_mae_pts = 0.4792 total_mae_pts = 1.1816 vs_inertia_pts = 0.0397 vs_quad_pts = 0.2722 lr_base = 0.000298 lr_mult = 0.2500 lr_eff = 0.000075 mon_cov = 0.951 mon_score = 2.2932 progress = 75/120 epoch_sec = 96.3 avg_epoch_sec = 92.2 elapsed = 01:55:18 eta = 01:09:11
Epoch 74 memory(end): tensors=258, buffers=258, bytes=18.3MB
[curriculum] phase=C age=44 ramp=80 delta=0.3740 cov=0.951 best_global_delta=0.3589

Epoch 75: Phase C (A_end=10, B_end=31, C_ramp=80) Weights {"totalWeight":0.064,"recapWeight":0.16249999999999998,"deltaWeight":5.8125,"categoryWeight":0.05,"quantileWeight":0.65,"consistencyWeight":0,"identityDropoutRate":0.9525}, Scales {"judgeBias":1,"corps":1}, SeqLen 15, ID_Drop 0.958, WFW 1.500 
Epoch 75 memory(start): tensors=258, buffers=258, bytes=18.3MB

History Bucket Diagnostics (Avg Abs Error per sample, normalized units):
Hist | Count | MAE_Pred | MAE_Base | PredDevFromBase
-----|-------|----------|----------|----------------
0    | 8     | 0.6558   | 3.7696   | 3.8543 
1    | 9     | 0.6902   | 0.9160   | 0.7747 
2    | 11    | 0.4727   | 0.5551   | 0.5240 
3-5  | 59    | 0.4346   | 0.3926   | 0.3888 
6+   | 276   | 0.3408   | 0.2990   | 0.3241 

Epoch 75: loss = 0.589636 phase = C val_loss = 0.781595 delta_mae_pts = 0.3757 recap_mae_pts = 0.3757 cat_mae_pts = 0.4746 total_mae_pts = 1.1746 vs_inertia_pts = 0.0380 vs_quad_pts = 0.2705 lr_base = 0.000289 lr_mult = 0.2500 lr_eff = 0.000072 mon_cov = 0.954 mon_score = 2.3436 progress = 76/120 epoch_sec = 96.0 avg_epoch_sec = 92.3 elapsed = 01:56:54 eta = 01:07:41
Epoch 75 memory(end): tensors=258, buffers=258, bytes=18.3MB
[curriculum] phase=C age=45 ramp=80 delta=0.3757 cov=0.954 best_global_delta=0.3589

Epoch 76: Phase C (A_end=10, B_end=31, C_ramp=80) Weights {"totalWeight":0.065,"recapWeight":0.159375,"deltaWeight":5.921875,"categoryWeight":0.05,"quantileWeight":0.6625,"consistencyWeight":0,"identityDropoutRate":0.940625}, Scales {"judgeBias":1,"corps":1}, SeqLen 15, ID_Drop 0.945, WFW 1.500 
Epoch 76 memory(start): tensors=258, buffers=258, bytes=18.3MB

History Bucket Diagnostics (Avg Abs Error per sample, normalized units):
Hist | Count | MAE_Pred | MAE_Base | PredDevFromBase
-----|-------|----------|----------|----------------
0    | 8     | 0.6999   | 3.7696   | 3.9006 
1    | 9     | 0.6914   | 0.9160   | 0.7831 
2    | 11    | 0.4862   | 0.5551   | 0.5197 
3-5  | 59    | 0.4347   | 0.3926   | 0.3906 
6+   | 276   | 0.3360   | 0.2990   | 0.3262 

Epoch 76: loss = 0.598738 phase = C val_loss = 0.792013 delta_mae_pts = 0.3734 recap_mae_pts = 0.3734 cat_mae_pts = 0.4802 total_mae_pts = 1.2050 vs_inertia_pts = 0.0403 vs_quad_pts = 0.2727 lr_base = 0.000279 lr_mult = 0.2500 lr_eff = 0.000070 mon_cov = 0.950 mon_score = 2.3733 progress = 77/120 epoch_sec = 94.3 avg_epoch_sec = 92.3 elapsed = 01:58:28 eta = 01:06:10
Epoch 76 memory(end): tensors=258, buffers=258, bytes=18.3MB
[curriculum] phase=C age=46 ramp=80 delta=0.3734 cov=0.950 best_global_delta=0.3589

Epoch 77: Phase C (A_end=10, B_end=31, C_ramp=80) Weights {"totalWeight":0.066,"recapWeight":0.15625,"deltaWeight":6.03125,"categoryWeight":0.05,"quantileWeight":0.6749999999999999,"consistencyWeight":0,"identityDropoutRate":0.92875}, Scales {"judgeBias":1,"corps":1}, SeqLen 15, ID_Drop 0.929, WFW 1.500 
Epoch 77 memory(start): tensors=258, buffers=258, bytes=18.3MB

History Bucket Diagnostics (Avg Abs Error per sample, normalized units):
Hist | Count | MAE_Pred | MAE_Base | PredDevFromBase
-----|-------|----------|----------|----------------
0    | 8     | 0.6999   | 3.7696   | 3.8659 
1    | 9     | 0.6909   | 0.9160   | 0.7743 
2    | 11    | 0.4724   | 0.5551   | 0.4943 
3-5  | 59    | 0.4393   | 0.3926   | 0.3834 
6+   | 276   | 0.3402   | 0.2990   | 0.3266 

Epoch 77: loss = 0.608341 phase = C val_loss = 0.811495 delta_mae_pts = 0.3769 recap_mae_pts = 0.3769 cat_mae_pts = 0.4822 total_mae_pts = 1.2068 vs_inertia_pts = 0.0368 vs_quad_pts = 0.2692 lr_base = 0.000269 lr_mult = 0.2500 lr_eff = 0.000067 mon_cov = 0.950 mon_score = 2.4361 progress = 78/120 epoch_sec = 90.8 avg_epoch_sec = 92.3 elapsed = 01:59:59 eta = 01:04:36
Epoch 77 memory(end): tensors=258, buffers=258, bytes=18.3MB
[curriculum] phase=C age=47 ramp=80 delta=0.3769 cov=0.950 best_global_delta=0.3589

Epoch 78: Phase C (A_end=10, B_end=31, C_ramp=80) Weights {"totalWeight":0.067,"recapWeight":0.15312499999999998,"deltaWeight":6.140625,"categoryWeight":0.05,"quantileWeight":0.6875,"consistencyWeight":0,"identityDropoutRate":0.916875}, Scales {"judgeBias":1,"corps":1}, SeqLen 15, ID_Drop 0.924, WFW 1.500 
Epoch 78 memory(start): tensors=258, buffers=258, bytes=18.3MB

History Bucket Diagnostics (Avg Abs Error per sample, normalized units):
Hist | Count | MAE_Pred | MAE_Base | PredDevFromBase
-----|-------|----------|----------|----------------
0    | 8     | 0.6846   | 3.7696   | 3.8928 
1    | 9     | 0.7057   | 0.9160   | 0.8143 
2    | 11    | 0.4761   | 0.5551   | 0.5203 
3-5  | 59    | 0.4220   | 0.3926   | 0.3739 
6+   | 276   | 0.3322   | 0.2990   | 0.3196 

Epoch 78: loss = 0.610409 phase = C val_loss = 0.808744 delta_mae_pts = 0.3682 recap_mae_pts = 0.3682 cat_mae_pts = 0.4680 total_mae_pts = 1.1701 vs_inertia_pts = 0.0456 vs_quad_pts = 0.2780 lr_base = 0.000259 lr_mult = 0.2500 lr_eff = 0.000065 mon_cov = 0.953 mon_score = 2.4190 progress = 79/120 epoch_sec = 91.5 avg_epoch_sec = 92.3 elapsed = 02:01:30 eta = 01:03:04
Epoch 78 memory(end): tensors=258, buffers=258, bytes=18.3MB
[curriculum] phase=C age=48 ramp=80 delta=0.3682 cov=0.953 best_global_delta=0.3589

Epoch 79: Phase C (A_end=10, B_end=31, C_ramp=80) Weights {"totalWeight":0.068,"recapWeight":0.15,"deltaWeight":6.25,"categoryWeight":0.05,"quantileWeight":0.7,"consistencyWeight":0,"identityDropoutRate":0.905}, Scales {"judgeBias":1,"corps":1}, SeqLen 15, ID_Drop 0.902, WFW 1.500 
Epoch 79 memory(start): tensors=258, buffers=258, bytes=18.3MB

History Bucket Diagnostics (Avg Abs Error per sample, normalized units):
Hist | Count | MAE_Pred | MAE_Base | PredDevFromBase
-----|-------|----------|----------|----------------
0    | 8     | 0.6523   | 3.7696   | 3.8496 
1    | 9     | 0.6937   | 0.9160   | 0.8163 
2    | 11    | 0.4866   | 0.5551   | 0.5233 
3-5  | 59    | 0.4200   | 0.3926   | 0.3863 
6+   | 276   | 0.3362   | 0.2990   | 0.3281 

Epoch 79: loss = 0.621186 phase = C val_loss = 0.825826 delta_mae_pts = 0.3702 recap_mae_pts = 0.3702 cat_mae_pts = 0.4664 total_mae_pts = 1.1629 vs_inertia_pts = 0.0435 vs_quad_pts = 0.2760 lr_base = 0.000250 lr_mult = 0.2500 lr_eff = 0.000062 mon_cov = 0.954 mon_score = 2.4716 progress = 80/120 epoch_sec = 90.6 avg_epoch_sec = 92.3 elapsed = 02:03:01 eta = 01:01:31
Epoch 79 memory(end): tensors=258, buffers=258, bytes=18.3MB
[curriculum] phase=C age=49 ramp=80 delta=0.3702 cov=0.954 best_global_delta=0.3589

Epoch 80: Phase C (A_end=10, B_end=31, C_ramp=80) Weights {"totalWeight":0.069,"recapWeight":0.14687499999999998,"deltaWeight":6.359375,"categoryWeight":0.05,"quantileWeight":0.7125,"consistencyWeight":0,"identityDropoutRate":0.893125}, Scales {"judgeBias":1,"corps":1}, SeqLen 15, ID_Drop 0.892, WFW 1.500 
Epoch 80 memory(start): tensors=258, buffers=258, bytes=18.3MB

History Bucket Diagnostics (Avg Abs Error per sample, normalized units):
Hist | Count | MAE_Pred | MAE_Base | PredDevFromBase
-----|-------|----------|----------|----------------
0    | 8     | 0.6974   | 3.7696   | 3.8643 
1    | 9     | 0.6866   | 0.9160   | 0.8002 
2    | 11    | 0.4796   | 0.5551   | 0.5262 
3-5  | 59    | 0.4220   | 0.3926   | 0.3813 
6+   | 276   | 0.3338   | 0.2990   | 0.3249 

Epoch 80: loss = 0.628292 phase = C val_loss = 0.837672 delta_mae_pts = 0.3693 recap_mae_pts = 0.3693 cat_mae_pts = 0.4660 total_mae_pts = 1.1659 vs_inertia_pts = 0.0444 vs_quad_pts = 0.2769 lr_base = 0.000240 lr_mult = 0.2500 lr_eff = 0.000060 mon_cov = 0.951 mon_score = 2.5066 progress = 81/120 epoch_sec = 91.0 avg_epoch_sec = 92.2 elapsed = 02:04:32 eta = 00:59:58
Epoch 80 memory(end): tensors=258, buffers=258, bytes=18.3MB
[curriculum] phase=C age=50 ramp=80 delta=0.3693 cov=0.951 best_global_delta=0.3589

Epoch 81: Phase C (A_end=10, B_end=31, C_ramp=80) Weights {"totalWeight":0.07,"recapWeight":0.14375,"deltaWeight":6.46875,"categoryWeight":0.05,"quantileWeight":0.725,"consistencyWeight":0,"identityDropoutRate":0.88125}, Scales {"judgeBias":1,"corps":1}, SeqLen 15, ID_Drop 0.874, WFW 1.500 
Epoch 81 memory(start): tensors=258, buffers=258, bytes=18.3MB

History Bucket Diagnostics (Avg Abs Error per sample, normalized units):
Hist | Count | MAE_Pred | MAE_Base | PredDevFromBase
-----|-------|----------|----------|----------------
0    | 8     | 0.6688   | 3.7696   | 3.8419 
1    | 9     | 0.6845   | 0.9160   | 0.7779 
2    | 11    | 0.4836   | 0.5551   | 0.5031 
3-5  | 59    | 0.4373   | 0.3926   | 0.3773 
6+   | 276   | 0.3355   | 0.2990   | 0.3169 

Epoch 81: loss = 0.634147 phase = C val_loss = 0.857599 delta_mae_pts = 0.3725 recap_mae_pts = 0.3725 cat_mae_pts = 0.4787 total_mae_pts = 1.1942 vs_inertia_pts = 0.0412 vs_quad_pts = 0.2736 lr_base = 0.000231 lr_mult = 0.2500 lr_eff = 0.000058 mon_cov = 0.951 mon_score = 2.5709 progress = 82/120 epoch_sec = 91.8 avg_epoch_sec = 92.2 elapsed = 02:06:04 eta = 00:58:25
Epoch 81 memory(end): tensors=258, buffers=258, bytes=18.3MB
[curriculum] phase=C age=51 ramp=80 delta=0.3725 cov=0.951 best_global_delta=0.3589

Epoch 82: Phase C (A_end=10, B_end=31, C_ramp=80) Weights {"totalWeight":0.071,"recapWeight":0.140625,"deltaWeight":6.578125,"categoryWeight":0.05,"quantileWeight":0.7374999999999999,"consistencyWeight":0,"identityDropoutRate":0.869375}, Scales {"judgeBias":1,"corps":1}, SeqLen 15, ID_Drop 0.870, WFW 1.500 
Epoch 82 memory(start): tensors=258, buffers=258, bytes=18.3MB

History Bucket Diagnostics (Avg Abs Error per sample, normalized units):
Hist | Count | MAE_Pred | MAE_Base | PredDevFromBase
-----|-------|----------|----------|----------------
0    | 8     | 0.6503   | 3.7696   | 3.8191 
1    | 9     | 0.6816   | 0.9160   | 0.7651 
2    | 11    | 0.4887   | 0.5551   | 0.5206 
3-5  | 59    | 0.4357   | 0.3926   | 0.3898 
6+   | 276   | 0.3330   | 0.2990   | 0.3200 

Epoch 82: loss = 0.647472 phase = C val_loss = 0.866610 delta_mae_pts = 0.3700 recap_mae_pts = 0.3700 cat_mae_pts = 0.4743 total_mae_pts = 1.1760 vs_inertia_pts = 0.0437 vs_quad_pts = 0.2761 lr_base = 0.000222 lr_mult = 0.2500 lr_eff = 0.000055 mon_cov = 0.949 mon_score = 2.5935 progress = 83/120 epoch_sec = 91.6 avg_epoch_sec = 92.2 elapsed = 02:07:35 eta = 00:56:53
Epoch 82 memory(end): tensors=258, buffers=258, bytes=18.3MB
[curriculum] phase=C age=52 ramp=80 delta=0.3700 cov=0.949 best_global_delta=0.3589

Epoch 83: Phase C (A_end=10, B_end=31, C_ramp=80) Weights {"totalWeight":0.07200000000000001,"recapWeight":0.13749999999999998,"deltaWeight":6.6875,"categoryWeight":0.05,"quantileWeight":0.75,"consistencyWeight":0,"identityDropoutRate":0.8575}, Scales {"judgeBias":1,"corps":1}, SeqLen 15, ID_Drop 0.860, WFW 1.500 
Epoch 83 memory(start): tensors=258, buffers=258, bytes=18.3MB

History Bucket Diagnostics (Avg Abs Error per sample, normalized units):
Hist | Count | MAE_Pred | MAE_Base | PredDevFromBase
-----|-------|----------|----------|----------------
0    | 8     | 0.6644   | 3.7696   | 3.8694 
1    | 9     | 0.6769   | 0.9160   | 0.7951 
2    | 11    | 0.4868   | 0.5551   | 0.5314 
3-5  | 59    | 0.4204   | 0.3926   | 0.3854 
6+   | 276   | 0.3296   | 0.2990   | 0.3182 

Epoch 83: loss = 0.657773 phase = C val_loss = 0.869764 delta_mae_pts = 0.3651 recap_mae_pts = 0.3651 cat_mae_pts = 0.4648 total_mae_pts = 1.1525 vs_inertia_pts = 0.0486 vs_quad_pts = 0.2810 lr_base = 0.000213 lr_mult = 0.2500 lr_eff = 0.000053 mon_cov = 0.949 mon_score = 2.5985 progress = 84/120 epoch_sec = 91.5 avg_epoch_sec = 92.2 elapsed = 02:09:07 eta = 00:55:20
Epoch 83 memory(end): tensors=258, buffers=258, bytes=18.3MB
[curriculum] phase=C age=53 ramp=80 delta=0.3651 cov=0.949 best_global_delta=0.3589

Epoch 84: Phase C (A_end=10, B_end=31, C_ramp=80) Weights {"totalWeight":0.073,"recapWeight":0.134375,"deltaWeight":6.796875,"categoryWeight":0.05,"quantileWeight":0.7625,"consistencyWeight":0,"identityDropoutRate":0.8456250000000001}, Scales {"judgeBias":1,"corps":1}, SeqLen 15, ID_Drop 0.837, WFW 1.500 
Epoch 84 memory(start): tensors=258, buffers=258, bytes=18.3MB

History Bucket Diagnostics (Avg Abs Error per sample, normalized units):
Hist | Count | MAE_Pred | MAE_Base | PredDevFromBase
-----|-------|----------|----------|----------------
0    | 8     | 0.6966   | 3.7696   | 3.8540 
1    | 9     | 0.6868   | 0.9160   | 0.7568 
2    | 11    | 0.4787   | 0.5551   | 0.5200 
3-5  | 59    | 0.4364   | 0.3926   | 0.3854 
6+   | 276   | 0.3360   | 0.2990   | 0.3265 

Epoch 84: loss = 0.661962 phase = C val_loss = 0.900121 delta_mae_pts = 0.3733 recap_mae_pts = 0.3733 cat_mae_pts = 0.4732 total_mae_pts = 1.1811 vs_inertia_pts = 0.0404 vs_quad_pts = 0.2729 lr_base = 0.000204 lr_mult = 0.2500 lr_eff = 0.000051 mon_cov = 0.948 mon_score = 2.6976 progress = 85/120 epoch_sec = 91.7 avg_epoch_sec = 92.2 elapsed = 02:10:39 eta = 00:53:48
Epoch 84 memory(end): tensors=258, buffers=258, bytes=18.3MB
[curriculum] phase=C age=54 ramp=80 delta=0.3733 cov=0.948 best_global_delta=0.3589

Epoch 85: Phase C (A_end=10, B_end=31, C_ramp=80) Weights {"totalWeight":0.07400000000000001,"recapWeight":0.13124999999999998,"deltaWeight":6.90625,"categoryWeight":0.05,"quantileWeight":0.775,"consistencyWeight":0,"identityDropoutRate":0.83375}, Scales {"judgeBias":1,"corps":1}, SeqLen 15, ID_Drop 0.837, WFW 1.500 
Epoch 85 memory(start): tensors=258, buffers=258, bytes=18.3MB

History Bucket Diagnostics (Avg Abs Error per sample, normalized units):
Hist | Count | MAE_Pred | MAE_Base | PredDevFromBase
-----|-------|----------|----------|----------------
0    | 8     | 0.6760   | 3.7696   | 3.8671 
1    | 9     | 0.6892   | 0.9160   | 0.8076 
2    | 11    | 0.4964   | 0.5551   | 0.5494 
3-5  | 59    | 0.4271   | 0.3926   | 0.3959 
6+   | 276   | 0.3334   | 0.2990   | 0.3282 

Epoch 85: loss = 0.664962 phase = C val_loss = 0.906424 delta_mae_pts = 0.3699 recap_mae_pts = 0.3699 cat_mae_pts = 0.4722 total_mae_pts = 1.1708 vs_inertia_pts = 0.0438 vs_quad_pts = 0.2763 lr_base = 0.000195 lr_mult = 0.2500 lr_eff = 0.000049 mon_cov = 0.950 mon_score = 2.7141 progress = 86/120 epoch_sec = 90.3 avg_epoch_sec = 92.2 elapsed = 02:12:09 eta = 00:52:15
Epoch 85 memory(end): tensors=258, buffers=258, bytes=18.3MB
[curriculum] phase=C age=55 ramp=80 delta=0.3699 cov=0.950 best_global_delta=0.3589

--- NO MONITOR IMPROVEMENT FOR 18 EPOCHS: plateau multiplier 0.2500 -> 0.1250, effective LR 0.000030 ---

Epoch 86: Phase C (A_end=10, B_end=31, C_ramp=80) Weights {"totalWeight":0.075,"recapWeight":0.128125,"deltaWeight":7.015625,"categoryWeight":0.05,"quantileWeight":0.7875,"consistencyWeight":0,"identityDropoutRate":0.821875}, Scales {"judgeBias":1,"corps":1}, SeqLen 15, ID_Drop 0.821, WFW 1.500 
Epoch 86 memory(start): tensors=258, buffers=258, bytes=18.3MB

History Bucket Diagnostics (Avg Abs Error per sample, normalized units):
Hist | Count | MAE_Pred | MAE_Base | PredDevFromBase
-----|-------|----------|----------|----------------
0    | 8     | 0.6876   | 3.7696   | 3.8868 
1    | 9     | 0.6898   | 0.9160   | 0.7991 
2    | 11    | 0.4914   | 0.5551   | 0.5406 
3-5  | 59    | 0.4271   | 0.3926   | 0.3946 
6+   | 276   | 0.3296   | 0.2990   | 0.3244 

Epoch 86: loss = 0.671302 phase = C val_loss = 0.914271 delta_mae_pts = 0.3672 recap_mae_pts = 0.3672 cat_mae_pts = 0.4681 total_mae_pts = 1.1697 vs_inertia_pts = 0.0466 vs_quad_pts = 0.2790 lr_base = 0.000187 lr_mult = 0.1250 lr_eff = 0.000030 mon_cov = 0.950 mon_score = 2.7350 progress = 87/120 epoch_sec = 94.0 avg_epoch_sec = 92.2 elapsed = 02:13:43 eta = 00:50:43
Epoch 86 memory(end): tensors=258, buffers=258, bytes=18.3MB
[curriculum] phase=C age=56 ramp=80 delta=0.3672 cov=0.950 best_global_delta=0.3589

Epoch 87: Phase C (A_end=10, B_end=31, C_ramp=80) Weights {"totalWeight":0.076,"recapWeight":0.125,"deltaWeight":7.125,"categoryWeight":0.05,"quantileWeight":0.7999999999999999,"consistencyWeight":0,"identityDropoutRate":0.81}, Scales {"judgeBias":1,"corps":1}, SeqLen 15, ID_Drop 0.815, WFW 1.500 
Epoch 87 memory(start): tensors=258, buffers=258, bytes=18.3MB

History Bucket Diagnostics (Avg Abs Error per sample, normalized units):
Hist | Count | MAE_Pred | MAE_Base | PredDevFromBase
-----|-------|----------|----------|----------------
0    | 8     | 0.6949   | 3.7696   | 3.8931 
1    | 9     | 0.6851   | 0.9160   | 0.7691 
2    | 11    | 0.4834   | 0.5551   | 0.5168 
3-5  | 59    | 0.4383   | 0.3926   | 0.3914 
6+   | 276   | 0.3338   | 0.2990   | 0.3247 

Epoch 87: loss = 0.679913 phase = C val_loss = 0.938499 delta_mae_pts = 0.3720 recap_mae_pts = 0.3720 cat_mae_pts = 0.4784 total_mae_pts = 1.2033 vs_inertia_pts = 0.0418 vs_quad_pts = 0.2742 lr_base = 0.000178 lr_mult = 0.1250 lr_eff = 0.000030 mon_cov = 0.948 mon_score = 2.8132 progress = 88/120 epoch_sec = 96.0 avg_epoch_sec = 92.3 elapsed = 02:15:19 eta = 00:49:12
Epoch 87 memory(end): tensors=258, buffers=258, bytes=18.3MB
[curriculum] phase=C age=57 ramp=80 delta=0.3720 cov=0.948 best_global_delta=0.3589

Epoch 88: Phase C (A_end=10, B_end=31, C_ramp=80) Weights {"totalWeight":0.077,"recapWeight":0.12187499999999998,"deltaWeight":7.234375,"categoryWeight":0.05,"quantileWeight":0.8125,"consistencyWeight":0,"identityDropoutRate":0.798125}, Scales {"judgeBias":1,"corps":1}, SeqLen 15, ID_Drop 0.796, WFW 1.500 
Epoch 88 memory(start): tensors=258, buffers=258, bytes=18.3MB

History Bucket Diagnostics (Avg Abs Error per sample, normalized units):
Hist | Count | MAE_Pred | MAE_Base | PredDevFromBase
-----|-------|----------|----------|----------------
0    | 8     | 0.6583   | 3.7696   | 3.8422 
1    | 9     | 0.6757   | 0.9160   | 0.7666 
2    | 11    | 0.4845   | 0.5551   | 0.5131 
3-5  | 59    | 0.4462   | 0.3926   | 0.3911 
6+   | 276   | 0.3359   | 0.2990   | 0.3229 

Epoch 88: loss = 0.688932 phase = C val_loss = 0.956298 delta_mae_pts = 0.3739 recap_mae_pts = 0.3739 cat_mae_pts = 0.4795 total_mae_pts = 1.2033 vs_inertia_pts = 0.0398 vs_quad_pts = 0.2723 lr_base = 0.000170 lr_mult = 0.1250 lr_eff = 0.000030 mon_cov = 0.947 mon_score = 2.8683 progress = 89/120 epoch_sec = 97.8 avg_epoch_sec = 92.3 elapsed = 02:16:57 eta = 00:47:42
Epoch 88 memory(end): tensors=258, buffers=258, bytes=18.3MB
[curriculum] phase=C age=58 ramp=80 delta=0.3739 cov=0.947 best_global_delta=0.3589

Epoch 89: Phase C (A_end=10, B_end=31, C_ramp=80) Weights {"totalWeight":0.078,"recapWeight":0.11875,"deltaWeight":7.34375,"categoryWeight":0.05,"quantileWeight":0.825,"consistencyWeight":0,"identityDropoutRate":0.78625}, Scales {"judgeBias":1,"corps":1}, SeqLen 15, ID_Drop 0.774, WFW 1.500 
Epoch 89 memory(start): tensors=258, buffers=258, bytes=18.3MB

History Bucket Diagnostics (Avg Abs Error per sample, normalized units):
Hist | Count | MAE_Pred | MAE_Base | PredDevFromBase
-----|-------|----------|----------|----------------
0    | 8     | 0.6782   | 3.7696   | 3.8799 
1    | 9     | 0.6943   | 0.9160   | 0.7934 
2    | 11    | 0.4902   | 0.5551   | 0.5296 
3-5  | 59    | 0.4403   | 0.3926   | 0.3981 
6+   | 276   | 0.3376   | 0.2990   | 0.3294 

Epoch 89: loss = 0.700593 phase = C val_loss = 0.973357 delta_mae_pts = 0.3753 recap_mae_pts = 0.3753 cat_mae_pts = 0.4835 total_mae_pts = 1.2067 vs_inertia_pts = 0.0384 vs_quad_pts = 0.2709 lr_base = 0.000162 lr_mult = 0.1250 lr_eff = 0.000030 mon_cov = 0.944 mon_score = 2.9204 progress = 90/120 epoch_sec = 98.0 avg_epoch_sec = 92.4 elapsed = 02:18:35 eta = 00:46:12
Epoch 89 memory(end): tensors=258, buffers=258, bytes=18.3MB
[curriculum] phase=C age=59 ramp=80 delta=0.3753 cov=0.944 best_global_delta=0.3589

Epoch 90: Phase C (A_end=10, B_end=31, C_ramp=80) Weights {"totalWeight":0.079,"recapWeight":0.11562499999999998,"deltaWeight":7.453125,"categoryWeight":0.05,"quantileWeight":0.8375,"consistencyWeight":0,"identityDropoutRate":0.774375}, Scales {"judgeBias":1,"corps":1}, SeqLen 15, ID_Drop 0.778, WFW 1.500 
Epoch 90 memory(start): tensors=258, buffers=258, bytes=18.3MB

History Bucket Diagnostics (Avg Abs Error per sample, normalized units):
Hist | Count | MAE_Pred | MAE_Base | PredDevFromBase
-----|-------|----------|----------|----------------
0    | 8     | 0.7084   | 3.7696   | 3.9237 
1    | 9     | 0.6902   | 0.9160   | 0.8009 
2    | 11    | 0.4810   | 0.5551   | 0.5519 
3-5  | 59    | 0.4305   | 0.3926   | 0.4005 
6+   | 276   | 0.3322   | 0.2990   | 0.3251 

Epoch 90: loss = 0.712443 phase = C val_loss = 0.974387 delta_mae_pts = 0.3699 recap_mae_pts = 0.3699 cat_mae_pts = 0.4766 total_mae_pts = 1.1850 vs_inertia_pts = 0.0438 vs_quad_pts = 0.2763 lr_base = 0.000154 lr_mult = 0.1250 lr_eff = 0.000030 mon_cov = 0.950 mon_score = 2.9189 progress = 91/120 epoch_sec = 101.9 avg_epoch_sec = 92.5 elapsed = 02:20:16 eta = 00:44:42
Epoch 90 memory(end): tensors=258, buffers=258, bytes=18.3MB
[curriculum] phase=C age=60 ramp=80 delta=0.3699 cov=0.950 best_global_delta=0.3589

Epoch 91: Phase C (A_end=10, B_end=31, C_ramp=80) Weights {"totalWeight":0.08,"recapWeight":0.11249999999999999,"deltaWeight":7.5625,"categoryWeight":0.05,"quantileWeight":0.85,"consistencyWeight":0,"identityDropoutRate":0.7625}, Scales {"judgeBias":1,"corps":1}, SeqLen 15, ID_Drop 0.757, WFW 1.500 
Epoch 91 memory(start): tensors=258, buffers=258, bytes=18.3MB

History Bucket Diagnostics (Avg Abs Error per sample, normalized units):
Hist | Count | MAE_Pred | MAE_Base | PredDevFromBase
-----|-------|----------|----------|----------------
0    | 8     | 0.6725   | 3.7696   | 3.8714 
1    | 9     | 0.6719   | 0.9160   | 0.7703 
2    | 11    | 0.4822   | 0.5551   | 0.5204 
3-5  | 59    | 0.4404   | 0.3926   | 0.3899 
6+   | 276   | 0.3333   | 0.2990   | 0.3195 

Epoch 91: loss = 0.710771 phase = C val_loss = 0.990810 delta_mae_pts = 0.3711 recap_mae_pts = 0.3711 cat_mae_pts = 0.4794 total_mae_pts = 1.2022 vs_inertia_pts = 0.0426 vs_quad_pts = 0.2750 lr_base = 0.000147 lr_mult = 0.1250 lr_eff = 0.000030 mon_cov = 0.945 mon_score = 2.9706 progress = 92/120 epoch_sec = 103.5 avg_epoch_sec = 92.6 elapsed = 02:22:00 eta = 00:43:13
Epoch 91 memory(end): tensors=258, buffers=258, bytes=18.3MB
[curriculum] phase=C age=61 ramp=80 delta=0.3711 cov=0.945 best_global_delta=0.3589

Epoch 92: Phase C (A_end=10, B_end=31, C_ramp=80) Weights {"totalWeight":0.081,"recapWeight":0.109375,"deltaWeight":7.671875,"categoryWeight":0.05,"quantileWeight":0.8624999999999999,"consistencyWeight":0,"identityDropoutRate":0.750625}, Scales {"judgeBias":1,"corps":1}, SeqLen 15, ID_Drop 0.753, WFW 1.500 
Epoch 92 memory(start): tensors=258, buffers=258, bytes=18.3MB

History Bucket Diagnostics (Avg Abs Error per sample, normalized units):
Hist | Count | MAE_Pred | MAE_Base | PredDevFromBase
-----|-------|----------|----------|----------------
0    | 8     | 0.6478   | 3.7696   | 3.8668 
1    | 9     | 0.6757   | 0.9160   | 0.7912 
2    | 11    | 0.4858   | 0.5551   | 0.5326 
3-5  | 59    | 0.4374   | 0.3926   | 0.3957 
6+   | 276   | 0.3366   | 0.2990   | 0.3257 

Epoch 92: loss = 0.723607 phase = C val_loss = 1.007678 delta_mae_pts = 0.3727 recap_mae_pts = 0.3727 cat_mae_pts = 0.4760 total_mae_pts = 1.1902 vs_inertia_pts = 0.0410 vs_quad_pts = 0.2734 lr_base = 0.000139 lr_mult = 0.1250 lr_eff = 0.000030 mon_cov = 0.945 mon_score = 3.0229 progress = 93/120 epoch_sec = 102.4 avg_epoch_sec = 92.7 elapsed = 02:23:42 eta = 00:41:43
Epoch 92 memory(end): tensors=258, buffers=258, bytes=18.3MB
[curriculum] phase=C age=62 ramp=80 delta=0.3727 cov=0.945 best_global_delta=0.3589

Epoch 93: Phase C (A_end=10, B_end=31, C_ramp=80) Weights {"totalWeight":0.082,"recapWeight":0.10624999999999998,"deltaWeight":7.78125,"categoryWeight":0.05,"quantileWeight":0.875,"consistencyWeight":0,"identityDropoutRate":0.73875}, Scales {"judgeBias":1,"corps":1}, SeqLen 15, ID_Drop 0.738, WFW 1.500 
Epoch 93 memory(start): tensors=258, buffers=258, bytes=18.3MB

History Bucket Diagnostics (Avg Abs Error per sample, normalized units):
Hist | Count | MAE_Pred | MAE_Base | PredDevFromBase
-----|-------|----------|----------|----------------
0    | 8     | 0.6724   | 3.7696   | 3.8822 
1    | 9     | 0.6798   | 0.9160   | 0.7880 
2    | 11    | 0.4808   | 0.5551   | 0.5273 
3-5  | 59    | 0.4335   | 0.3926   | 0.3914 
6+   | 276   | 0.3348   | 0.2990   | 0.3260 

Epoch 93: loss = 0.730661 phase = C val_loss = 1.017859 delta_mae_pts = 0.3712 recap_mae_pts = 0.3712 cat_mae_pts = 0.4753 total_mae_pts = 1.1865 vs_inertia_pts = 0.0425 vs_quad_pts = 0.2749 lr_base = 0.000132 lr_mult = 0.1250 lr_eff = 0.000030 mon_cov = 0.947 mon_score = 3.0518 progress = 94/120 epoch_sec = 101.9 avg_epoch_sec = 92.8 elapsed = 02:25:24 eta = 00:40:13
Epoch 93 memory(end): tensors=258, buffers=258, bytes=18.3MB
[curriculum] phase=C age=63 ramp=80 delta=0.3712 cov=0.947 best_global_delta=0.3589

Epoch 94: Phase C (A_end=10, B_end=31, C_ramp=80) Weights {"totalWeight":0.083,"recapWeight":0.103125,"deltaWeight":7.890625,"categoryWeight":0.05,"quantileWeight":0.8875,"consistencyWeight":0,"identityDropoutRate":0.726875}, Scales {"judgeBias":1,"corps":1}, SeqLen 15, ID_Drop 0.717, WFW 1.500 
Epoch 94 memory(start): tensors=258, buffers=258, bytes=18.3MB

History Bucket Diagnostics (Avg Abs Error per sample, normalized units):
Hist | Count | MAE_Pred | MAE_Base | PredDevFromBase
-----|-------|----------|----------|----------------
0    | 8     | 0.6527   | 3.7696   | 3.8563 
1    | 9     | 0.6755   | 0.9160   | 0.7806 
2    | 11    | 0.4752   | 0.5551   | 0.5334 
3-5  | 59    | 0.4388   | 0.3926   | 0.3922 
6+   | 276   | 0.3361   | 0.2990   | 0.3270 

Epoch 94: loss = 0.738176 phase = C val_loss = 1.034349 delta_mae_pts = 0.3724 recap_mae_pts = 0.3724 cat_mae_pts = 0.4743 total_mae_pts = 1.1838 vs_inertia_pts = 0.0413 vs_quad_pts = 0.2737 lr_base = 0.000125 lr_mult = 0.1250 lr_eff = 0.000030 mon_cov = 0.945 mon_score = 3.1020 progress = 95/120 epoch_sec = 102.2 avg_epoch_sec = 92.9 elapsed = 02:27:06 eta = 00:38:43
Epoch 94 memory(end): tensors=258, buffers=258, bytes=18.3MB
[curriculum] phase=C age=64 ramp=80 delta=0.3724 cov=0.945 best_global_delta=0.3589

Epoch 95: Phase C (A_end=10, B_end=31, C_ramp=80) Weights {"totalWeight":0.084,"recapWeight":0.09999999999999998,"deltaWeight":8,"categoryWeight":0.05,"quantileWeight":0.9,"consistencyWeight":0,"identityDropoutRate":0.7150000000000001}, Scales {"judgeBias":1,"corps":1}, SeqLen 15, ID_Drop 0.719, WFW 1.500 
Epoch 95 memory(start): tensors=258, buffers=258, bytes=18.3MB

History Bucket Diagnostics (Avg Abs Error per sample, normalized units):
Hist | Count | MAE_Pred | MAE_Base | PredDevFromBase
-----|-------|----------|----------|----------------
0    | 8     | 0.6875   | 3.7696   | 3.9050 
1    | 9     | 0.6778   | 0.9160   | 0.7910 
2    | 11    | 0.4738   | 0.5551   | 0.5271 
3-5  | 59    | 0.4359   | 0.3926   | 0.3893 
6+   | 276   | 0.3354   | 0.2990   | 0.3245 

Epoch 95: loss = 0.751020 phase = C val_loss = 1.047633 delta_mae_pts = 0.3722 recap_mae_pts = 0.3722 cat_mae_pts = 0.4796 total_mae_pts = 1.1965 vs_inertia_pts = 0.0415 vs_quad_pts = 0.2740 lr_base = 0.000118 lr_mult = 0.1250 lr_eff = 0.000030 mon_cov = 0.946 mon_score = 3.1423 progress = 96/120 epoch_sec = 98.7 avg_epoch_sec = 93.0 elapsed = 02:28:45 eta = 00:37:11
Epoch 95 memory(end): tensors=258, buffers=258, bytes=18.3MB
[curriculum] phase=C age=65 ramp=80 delta=0.3722 cov=0.946 best_global_delta=0.3589

Epoch 96: Phase C (A_end=10, B_end=31, C_ramp=80) Weights {"totalWeight":0.085,"recapWeight":0.09687499999999999,"deltaWeight":8.109375,"categoryWeight":0.05,"quantileWeight":0.9125,"consistencyWeight":0,"identityDropoutRate":0.703125}, Scales {"judgeBias":1,"corps":1}, SeqLen 15, ID_Drop 0.703, WFW 1.500 
Epoch 96 memory(start): tensors=258, buffers=258, bytes=18.3MB

History Bucket Diagnostics (Avg Abs Error per sample, normalized units):
Hist | Count | MAE_Pred | MAE_Base | PredDevFromBase
-----|-------|----------|----------|----------------
0    | 8     | 0.6758   | 3.7696   | 3.8766 
1    | 9     | 0.6953   | 0.9160   | 0.7779 
2    | 11    | 0.4816   | 0.5551   | 0.5284 
3-5  | 59    | 0.4306   | 0.3926   | 0.3963 
6+   | 276   | 0.3345   | 0.2990   | 0.3309 

Epoch 96: loss = 0.753859 phase = C val_loss = 1.058249 delta_mae_pts = 0.3711 recap_mae_pts = 0.3711 cat_mae_pts = 0.4767 total_mae_pts = 1.1857 vs_inertia_pts = 0.0427 vs_quad_pts = 0.2751 lr_base = 0.000111 lr_mult = 0.1250 lr_eff = 0.000030 mon_cov = 0.946 mon_score = 3.1729 progress = 97/120 epoch_sec = 104.5 avg_epoch_sec = 93.1 elapsed = 02:30:30 eta = 00:35:41
Epoch 96 memory(end): tensors=258, buffers=258, bytes=18.3MB
[curriculum] phase=C age=66 ramp=80 delta=0.3711 cov=0.946 best_global_delta=0.3589

Epoch 97: Phase C (A_end=10, B_end=31, C_ramp=80) Weights {"totalWeight":0.08600000000000001,"recapWeight":0.09375,"deltaWeight":8.21875,"categoryWeight":0.05,"quantileWeight":0.9249999999999999,"consistencyWeight":0,"identityDropoutRate":0.69125}, Scales {"judgeBias":1,"corps":1}, SeqLen 15, ID_Drop 0.676, WFW 1.500 
Epoch 97 memory(start): tensors=258, buffers=258, bytes=18.3MB

History Bucket Diagnostics (Avg Abs Error per sample, normalized units):
Hist | Count | MAE_Pred | MAE_Base | PredDevFromBase
-----|-------|----------|----------|----------------
0    | 8     | 0.6820   | 3.7696   | 3.8935 
1    | 9     | 0.6846   | 0.9160   | 0.7885 
2    | 11    | 0.4746   | 0.5551   | 0.5242 
3-5  | 59    | 0.4425   | 0.3926   | 0.3866 
6+   | 276   | 0.3353   | 0.2990   | 0.3221 

Epoch 97: loss = 0.762891 phase = C val_loss = 1.077358 delta_mae_pts = 0.3732 recap_mae_pts = 0.3732 cat_mae_pts = 0.4797 total_mae_pts = 1.1998 vs_inertia_pts = 0.0405 vs_quad_pts = 0.2729 lr_base = 0.000105 lr_mult = 0.1250 lr_eff = 0.000030 mon_cov = 0.945 mon_score = 3.2331 progress = 98/120 epoch_sec = 101.8 avg_epoch_sec = 93.2 elapsed = 02:32:11 eta = 00:34:10
Epoch 97 memory(end): tensors=258, buffers=258, bytes=18.3MB
[curriculum] phase=C age=67 ramp=80 delta=0.3732 cov=0.945 best_global_delta=0.3589

Epoch 98: Phase C (A_end=10, B_end=31, C_ramp=80) Weights {"totalWeight":0.08700000000000001,"recapWeight":0.09062499999999998,"deltaWeight":8.328125,"categoryWeight":0.05,"quantileWeight":0.9375,"consistencyWeight":0,"identityDropoutRate":0.6793750000000001}, Scales {"judgeBias":1,"corps":1}, SeqLen 15, ID_Drop 0.684, WFW 1.500 
Epoch 98 memory(start): tensors=258, buffers=258, bytes=18.3MB

History Bucket Diagnostics (Avg Abs Error per sample, normalized units):
Hist | Count | MAE_Pred | MAE_Base | PredDevFromBase
-----|-------|----------|----------|----------------
0    | 8     | 0.6815   | 3.7696   | 3.8616 
1    | 9     | 0.6910   | 0.9160   | 0.7746 
2    | 11    | 0.4869   | 0.5551   | 0.5235 
3-5  | 59    | 0.4452   | 0.3926   | 0.3986 
6+   | 276   | 0.3371   | 0.2990   | 0.3283 

Epoch 98: loss = 0.775929 phase = C val_loss = 1.097458 delta_mae_pts = 0.3756 recap_mae_pts = 0.3756 cat_mae_pts = 0.4819 total_mae_pts = 1.2104 vs_inertia_pts = 0.0381 vs_quad_pts = 0.2706 lr_base = 0.000099 lr_mult = 0.1250 lr_eff = 0.000030 mon_cov = 0.942 mon_score = 3.2946 progress = 99/120 epoch_sec = 98.9 avg_epoch_sec = 93.2 elapsed = 02:33:50 eta = 00:32:38
Epoch 98 memory(end): tensors=258, buffers=258, bytes=18.3MB
[curriculum] phase=C age=68 ramp=80 delta=0.3756 cov=0.942 best_global_delta=0.3589

Epoch 99: Phase C (A_end=10, B_end=31, C_ramp=80) Weights {"totalWeight":0.08800000000000001,"recapWeight":0.0875,"deltaWeight":8.4375,"categoryWeight":0.05,"quantileWeight":0.95,"consistencyWeight":0,"identityDropoutRate":0.6675}, Scales {"judgeBias":1,"corps":1}, SeqLen 15, ID_Drop 0.670, WFW 1.500 
Epoch 99 memory(start): tensors=258, buffers=258, bytes=18.3MB

History Bucket Diagnostics (Avg Abs Error per sample, normalized units):
Hist | Count | MAE_Pred | MAE_Base | PredDevFromBase
-----|-------|----------|----------|----------------
0    | 8     | 0.6679   | 3.7696   | 3.8562 
1    | 9     | 0.6863   | 0.9160   | 0.7816 
2    | 11    | 0.4831   | 0.5551   | 0.5254 
3-5  | 59    | 0.4415   | 0.3926   | 0.3925 
6+   | 276   | 0.3383   | 0.2990   | 0.3318 

Epoch 99: loss = 0.781991 phase = C val_loss = 1.110189 delta_mae_pts = 0.3754 recap_mae_pts = 0.3754 cat_mae_pts = 0.4827 total_mae_pts = 1.2040 vs_inertia_pts = 0.0384 vs_quad_pts = 0.2708 lr_base = 0.000093 lr_mult = 0.1250 lr_eff = 0.000030 mon_cov = 0.943 mon_score = 3.3335 progress = 100/120 epoch_sec = 99.9 avg_epoch_sec = 93.3 elapsed = 02:35:30 eta = 00:31:06
Epoch 99 memory(end): tensors=258, buffers=258, bytes=18.3MB
[curriculum] phase=C age=69 ramp=80 delta=0.3754 cov=0.943 best_global_delta=0.3589

Epoch 100: Phase C (A_end=10, B_end=31, C_ramp=80) Weights {"totalWeight":0.08900000000000001,"recapWeight":0.08437499999999998,"deltaWeight":8.546875,"categoryWeight":0.05,"quantileWeight":0.9625,"consistencyWeight":0,"identityDropoutRate":0.655625}, Scales {"judgeBias":1,"corps":1}, SeqLen 15, ID_Drop 0.669, WFW 1.500 
Epoch 100 memory(start): tensors=258, buffers=258, bytes=18.3MB

History Bucket Diagnostics (Avg Abs Error per sample, normalized units):
Hist | Count | MAE_Pred | MAE_Base | PredDevFromBase
-----|-------|----------|----------|----------------
0    | 8     | 0.7387   | 3.7696   | 3.9380 
1    | 9     | 0.6951   | 0.9160   | 0.8003 
2    | 11    | 0.4796   | 0.5551   | 0.5386 
3-5  | 59    | 0.4440   | 0.3926   | 0.3944 
6+   | 276   | 0.3355   | 0.2990   | 0.3248 

Epoch 100: loss = 0.797553 phase = C val_loss = 1.124162 delta_mae_pts = 0.3753 recap_mae_pts = 0.3753 cat_mae_pts = 0.4855 total_mae_pts = 1.2146 vs_inertia_pts = 0.0384 vs_quad_pts = 0.2708 lr_base = 0.000087 lr_mult = 0.1250 lr_eff = 0.000030 mon_cov = 0.941 mon_score = 3.3753 progress = 101/120 epoch_sec = 102.0 avg_epoch_sec = 93.4 elapsed = 02:37:12 eta = 00:29:34
Epoch 100 memory(end): tensors=258, buffers=258, bytes=18.3MB

-- - CAPTION STATS(Epoch 100)-- - 
GE1: delta_pts = 0.3337, recap_pts = 0.3337, cov = 0.950, width = 1.9140 
GE2: delta_pts = 0.3498, recap_pts = 0.3498, cov = 0.945, width = 1.9489 
VP: delta_pts = 0.3799, recap_pts = 0.3799, cov = 0.956, width = 1.9511 
VA: delta_pts = 0.3254, recap_pts = 0.3254, cov = 0.975, width = 1.9904 
CG: delta_pts = 0.3933, recap_pts = 0.3933, cov = 0.945, width = 2.0026 
MB: delta_pts = 0.3673, recap_pts = 0.3673, cov = 0.953, width = 1.9598 
MA: delta_pts = 0.3981, recap_pts = 0.3981, cov = 0.901, width = 1.9419 
MP: delta_pts = 0.4550, recap_pts = 0.4550, cov = 0.906, width = 1.9785 
----------------------------------

[curriculum] phase=C age=70 ramp=80 delta=0.3753 cov=0.941 best_global_delta=0.3589

Epoch 101: Phase C (A_end=10, B_end=31, C_ramp=80) Weights {"totalWeight":0.09000000000000001,"recapWeight":0.08124999999999999,"deltaWeight":8.65625,"categoryWeight":0.05,"quantileWeight":0.975,"consistencyWeight":0,"identityDropoutRate":0.64375}, Scales {"judgeBias":1,"corps":1}, SeqLen 15, ID_Drop 0.644, WFW 1.500 
Epoch 101 memory(start): tensors=258, buffers=258, bytes=18.3MB

History Bucket Diagnostics (Avg Abs Error per sample, normalized units):
Hist | Count | MAE_Pred | MAE_Base | PredDevFromBase
-----|-------|----------|----------|----------------
0    | 8     | 0.6542   | 3.7696   | 3.8601 
1    | 9     | 0.6976   | 0.9160   | 0.7834 
2    | 11    | 0.4758   | 0.5551   | 0.5323 
3-5  | 59    | 0.4338   | 0.3926   | 0.3991 
6+   | 276   | 0.3331   | 0.2990   | 0.3319 

Epoch 101: loss = 0.802026 phase = C val_loss = 1.122883 delta_mae_pts = 0.3699 recap_mae_pts = 0.3699 cat_mae_pts = 0.4761 total_mae_pts = 1.1929 vs_inertia_pts = 0.0439 vs_quad_pts = 0.2763 lr_base = 0.000082 lr_mult = 0.1250 lr_eff = 0.000030 mon_cov = 0.947 mon_score = 3.3667 progress = 102/120 epoch_sec = 97.7 avg_epoch_sec = 93.4 elapsed = 02:38:50 eta = 00:28:02
Epoch 101 memory(end): tensors=258, buffers=258, bytes=18.3MB
[curriculum] phase=C age=71 ramp=80 delta=0.3699 cov=0.947 best_global_delta=0.3589

Epoch 102: Phase C (A_end=10, B_end=31, C_ramp=80) Weights {"totalWeight":0.091,"recapWeight":0.078125,"deltaWeight":8.765625,"categoryWeight":0.05,"quantileWeight":0.9874999999999999,"consistencyWeight":0,"identityDropoutRate":0.631875}, Scales {"judgeBias":1,"corps":1}, SeqLen 15, ID_Drop 0.622, WFW 1.500 
Epoch 102 memory(start): tensors=258, buffers=258, bytes=18.3MB

History Bucket Diagnostics (Avg Abs Error per sample, normalized units):
Hist | Count | MAE_Pred | MAE_Base | PredDevFromBase
-----|-------|----------|----------|----------------
0    | 8     | 0.7014   | 3.7696   | 3.9012 
1    | 9     | 0.6861   | 0.9160   | 0.7881 
2    | 11    | 0.4809   | 0.5551   | 0.5288 
3-5  | 59    | 0.4412   | 0.3926   | 0.3985 
6+   | 276   | 0.3372   | 0.2990   | 0.3331 

Epoch 102: loss = 0.812572 phase = C val_loss = 1.151040 delta_mae_pts = 0.3751 recap_mae_pts = 0.3751 cat_mae_pts = 0.4854 total_mae_pts = 1.2273 vs_inertia_pts = 0.0386 vs_quad_pts = 0.2710 lr_base = 0.000077 lr_mult = 0.1250 lr_eff = 0.000030 mon_cov = 0.945 mon_score = 3.4571 progress = 103/120 epoch_sec = 98.6 avg_epoch_sec = 93.5 elapsed = 02:40:29 eta = 00:26:29
Epoch 102 memory(end): tensors=258, buffers=258, bytes=18.3MB
[curriculum] phase=C age=72 ramp=80 delta=0.3751 cov=0.945 best_global_delta=0.3589

Epoch 103: Phase C (A_end=10, B_end=31, C_ramp=80) Weights {"totalWeight":0.09200000000000001,"recapWeight":0.07499999999999998,"deltaWeight":8.875,"categoryWeight":0.05,"quantileWeight":1,"consistencyWeight":0,"identityDropoutRate":0.62}, Scales {"judgeBias":1,"corps":1}, SeqLen 15, ID_Drop 0.619, WFW 1.500 
Epoch 103 memory(start): tensors=258, buffers=258, bytes=18.3MB

History Bucket Diagnostics (Avg Abs Error per sample, normalized units):
Hist | Count | MAE_Pred | MAE_Base | PredDevFromBase
-----|-------|----------|----------|----------------
0    | 8     | 0.7002   | 3.7696   | 3.9031 
1    | 9     | 0.6882   | 0.9160   | 0.7847 
2    | 11    | 0.4826   | 0.5551   | 0.5159 
3-5  | 59    | 0.4356   | 0.3926   | 0.3910 
6+   | 276   | 0.3351   | 0.2990   | 0.3280 

Epoch 103: loss = 0.820053 phase = C val_loss = 1.157984 delta_mae_pts = 0.3727 recap_mae_pts = 0.3727 cat_mae_pts = 0.4835 total_mae_pts = 1.2171 vs_inertia_pts = 0.0410 vs_quad_pts = 0.2735 lr_base = 0.000072 lr_mult = 0.1250 lr_eff = 0.000030 mon_cov = 0.946 mon_score = 3.4754 progress = 104/120 epoch_sec = 97.3 avg_epoch_sec = 93.5 elapsed = 02:42:06 eta = 00:24:56
Epoch 103 memory(end): tensors=258, buffers=258, bytes=18.3MB
[curriculum] phase=C age=73 ramp=80 delta=0.3727 cov=0.946 best_global_delta=0.3589

Epoch 104: Phase C (A_end=10, B_end=31, C_ramp=80) Weights {"totalWeight":0.093,"recapWeight":0.071875,"deltaWeight":8.984375,"categoryWeight":0.05,"quantileWeight":1.0125,"consistencyWeight":0,"identityDropoutRate":0.608125}, Scales {"judgeBias":1,"corps":1}, SeqLen 15, ID_Drop 0.614, WFW 1.500 
Epoch 104 memory(start): tensors=258, buffers=258, bytes=18.3MB

History Bucket Diagnostics (Avg Abs Error per sample, normalized units):
Hist | Count | MAE_Pred | MAE_Base | PredDevFromBase
-----|-------|----------|----------|----------------
0    | 8     | 0.6650   | 3.7696   | 3.8780 
1    | 9     | 0.6824   | 0.9160   | 0.7767 
2    | 11    | 0.4758   | 0.5551   | 0.5291 
3-5  | 59    | 0.4327   | 0.3926   | 0.3946 
6+   | 276   | 0.3320   | 0.2990   | 0.3283 

Epoch 104: loss = 0.837247 phase = C val_loss = 1.160677 delta_mae_pts = 0.3688 recap_mae_pts = 0.3688 cat_mae_pts = 0.4761 total_mae_pts = 1.1926 vs_inertia_pts = 0.0450 vs_quad_pts = 0.2774 lr_base = 0.000067 lr_mult = 0.1250 lr_eff = 0.000030 mon_cov = 0.946 mon_score = 3.4781 progress = 105/120 epoch_sec = 95.6 avg_epoch_sec = 93.5 elapsed = 02:43:41 eta = 00:23:23
Epoch 104 memory(end): tensors=258, buffers=258, bytes=18.3MB
[curriculum] phase=C age=74 ramp=80 delta=0.3688 cov=0.946 best_global_delta=0.3589

Epoch 105: Phase C (A_end=10, B_end=31, C_ramp=80) Weights {"totalWeight":0.09400000000000001,"recapWeight":0.06874999999999998,"deltaWeight":9.09375,"categoryWeight":0.05,"quantileWeight":1.0250000000000001,"consistencyWeight":0,"identityDropoutRate":0.59625}, Scales {"judgeBias":1,"corps":1}, SeqLen 15, ID_Drop 0.589, WFW 1.500 
Epoch 105 memory(start): tensors=258, buffers=258, bytes=18.3MB

History Bucket Diagnostics (Avg Abs Error per sample, normalized units):
Hist | Count | MAE_Pred | MAE_Base | PredDevFromBase
-----|-------|----------|----------|----------------
0    | 8     | 0.6963   | 3.7696   | 3.9125 
1    | 9     | 0.6872   | 0.9160   | 0.7859 
2    | 11    | 0.4808   | 0.5551   | 0.5354 
3-5  | 59    | 0.4366   | 0.3926   | 0.3978 
6+   | 276   | 0.3358   | 0.2990   | 0.3296 

Epoch 105: loss = 0.839400 phase = C val_loss = 1.186298 delta_mae_pts = 0.3732 recap_mae_pts = 0.3732 cat_mae_pts = 0.4811 total_mae_pts = 1.2031 vs_inertia_pts = 0.0405 vs_quad_pts = 0.2729 lr_base = 0.000063 lr_mult = 0.1250 lr_eff = 0.000030 mon_cov = 0.946 mon_score = 3.5607 progress = 106/120 epoch_sec = 95.2 avg_epoch_sec = 93.6 elapsed = 02:45:17 eta = 00:21:50
Epoch 105 memory(end): tensors=258, buffers=258, bytes=18.3MB
[curriculum] phase=C age=75 ramp=80 delta=0.3732 cov=0.946 best_global_delta=0.3589

Epoch 106: Phase C (A_end=10, B_end=31, C_ramp=80) Weights {"totalWeight":0.095,"recapWeight":0.06562499999999999,"deltaWeight":9.203125,"categoryWeight":0.05,"quantileWeight":1.0375,"consistencyWeight":0,"identityDropoutRate":0.5843750000000001}, Scales {"judgeBias":1,"corps":1}, SeqLen 15, ID_Drop 0.585, WFW 1.500 
Epoch 106 memory(start): tensors=258, buffers=258, bytes=18.3MB

History Bucket Diagnostics (Avg Abs Error per sample, normalized units):
Hist | Count | MAE_Pred | MAE_Base | PredDevFromBase
-----|-------|----------|----------|----------------
0    | 8     | 0.6845   | 3.7696   | 3.9122 
1    | 9     | 0.6936   | 0.9160   | 0.7988 
2    | 11    | 0.4744   | 0.5551   | 0.5402 
3-5  | 59    | 0.4330   | 0.3926   | 0.3977 
6+   | 276   | 0.3348   | 0.2990   | 0.3298 

Epoch 106: loss = 0.843470 phase = C val_loss = 1.195057 delta_mae_pts = 0.3716 recap_mae_pts = 0.3716 cat_mae_pts = 0.4815 total_mae_pts = 1.2076 vs_inertia_pts = 0.0421 vs_quad_pts = 0.2746 lr_base = 0.000058 lr_mult = 0.1250 lr_eff = 0.000030 mon_cov = 0.946 mon_score = 3.5868 progress = 107/120 epoch_sec = 95.5 avg_epoch_sec = 93.6 elapsed = 02:46:52 eta = 00:20:16
Epoch 106 memory(end): tensors=258, buffers=258, bytes=18.3MB
[curriculum] phase=C age=76 ramp=80 delta=0.3716 cov=0.946 best_global_delta=0.3589

Epoch 107: Phase C (A_end=10, B_end=31, C_ramp=80) Weights {"totalWeight":0.096,"recapWeight":0.0625,"deltaWeight":9.3125,"categoryWeight":0.05,"quantileWeight":1.05,"consistencyWeight":0,"identityDropoutRate":0.5725}, Scales {"judgeBias":1,"corps":1}, SeqLen 15, ID_Drop 0.571, WFW 1.500 
Epoch 107 memory(start): tensors=258, buffers=258, bytes=18.3MB

History Bucket Diagnostics (Avg Abs Error per sample, normalized units):
Hist | Count | MAE_Pred | MAE_Base | PredDevFromBase
-----|-------|----------|----------|----------------
0    | 8     | 0.6734   | 3.7696   | 3.8914 
1    | 9     | 0.6800   | 0.9160   | 0.7943 
2    | 11    | 0.4804   | 0.5551   | 0.5319 
3-5  | 59    | 0.4373   | 0.3926   | 0.3959 
6+   | 276   | 0.3325   | 0.2990   | 0.3259 

Epoch 107: loss = 0.851074 phase = C val_loss = 1.205148 delta_mae_pts = 0.3702 recap_mae_pts = 0.3702 cat_mae_pts = 0.4808 total_mae_pts = 1.2033 vs_inertia_pts = 0.0435 vs_quad_pts = 0.2760 lr_base = 0.000055 lr_mult = 0.1250 lr_eff = 0.000030 mon_cov = 0.944 mon_score = 3.6136 progress = 108/120 epoch_sec = 96.9 avg_epoch_sec = 93.6 elapsed = 02:48:29 eta = 00:18:43
Epoch 107 memory(end): tensors=258, buffers=258, bytes=18.3MB
[curriculum] phase=C age=77 ramp=80 delta=0.3702 cov=0.944 best_global_delta=0.3589

Epoch 108: Phase C (A_end=10, B_end=31, C_ramp=80) Weights {"totalWeight":0.097,"recapWeight":0.05937499999999998,"deltaWeight":9.421875,"categoryWeight":0.05,"quantileWeight":1.0625,"consistencyWeight":0,"identityDropoutRate":0.5606249999999999}, Scales {"judgeBias":1,"corps":1}, SeqLen 15, ID_Drop 0.569, WFW 1.500 
Epoch 108 memory(start): tensors=258, buffers=258, bytes=18.3MB

History Bucket Diagnostics (Avg Abs Error per sample, normalized units):
Hist | Count | MAE_Pred | MAE_Base | PredDevFromBase
-----|-------|----------|----------|----------------
0    | 8     | 0.6795   | 3.7696   | 3.8788 
1    | 9     | 0.6903   | 0.9160   | 0.7840 
2    | 11    | 0.4838   | 0.5551   | 0.5389 
3-5  | 59    | 0.4357   | 0.3926   | 0.4030 
6+   | 276   | 0.3360   | 0.2990   | 0.3343 

Epoch 108: loss = 0.852221 phase = C val_loss = 1.226756 delta_mae_pts = 0.3730 recap_mae_pts = 0.3730 cat_mae_pts = 0.4820 total_mae_pts = 1.2012 vs_inertia_pts = 0.0407 vs_quad_pts = 0.2731 lr_base = 0.000051 lr_mult = 0.1250 lr_eff = 0.000030 mon_cov = 0.946 mon_score = 3.6811 progress = 109/120 epoch_sec = 100.0 avg_epoch_sec = 93.7 elapsed = 02:50:09 eta = 00:17:10
Epoch 108 memory(end): tensors=258, buffers=258, bytes=18.3MB
[curriculum] phase=C age=78 ramp=80 delta=0.3730 cov=0.946 best_global_delta=0.3589

Epoch 109: Phase C (A_end=10, B_end=31, C_ramp=80) Weights {"totalWeight":0.098,"recapWeight":0.056249999999999994,"deltaWeight":9.53125,"categoryWeight":0.05,"quantileWeight":1.075,"consistencyWeight":0,"identityDropoutRate":0.5487500000000001}, Scales {"judgeBias":1,"corps":1}, SeqLen 15, ID_Drop 0.539, WFW 1.500 
Epoch 109 memory(start): tensors=258, buffers=258, bytes=18.3MB

History Bucket Diagnostics (Avg Abs Error per sample, normalized units):
Hist | Count | MAE_Pred | MAE_Base | PredDevFromBase
-----|-------|----------|----------|----------------
0    | 8     | 0.6630   | 3.7696   | 3.8744 
1    | 9     | 0.6809   | 0.9160   | 0.7882 
2    | 11    | 0.4887   | 0.5551   | 0.5306 
3-5  | 59    | 0.4377   | 0.3926   | 0.3987 
6+   | 276   | 0.3353   | 0.2990   | 0.3316 

Epoch 109: loss = 0.866761 phase = C val_loss = 1.238449 delta_mae_pts = 0.3724 recap_mae_pts = 0.3724 cat_mae_pts = 0.4782 total_mae_pts = 1.2043 vs_inertia_pts = 0.0414 vs_quad_pts = 0.2738 lr_base = 0.000048 lr_mult = 0.1250 lr_eff = 0.000030 mon_cov = 0.942 mon_score = 3.7155 progress = 110/120 epoch_sec = 101.3 avg_epoch_sec = 93.7 elapsed = 02:51:50 eta = 00:15:37
Epoch 109 memory(end): tensors=258, buffers=258, bytes=18.3MB
[curriculum] phase=C age=79 ramp=80 delta=0.3724 cov=0.942 best_global_delta=0.3589

Epoch 110: Phase C (A_end=10, B_end=31, C_ramp=80) Weights {"totalWeight":0.099,"recapWeight":0.05312499999999998,"deltaWeight":9.640625,"categoryWeight":0.05,"quantileWeight":1.0875000000000001,"consistencyWeight":0,"identityDropoutRate":0.536875}, Scales {"judgeBias":1,"corps":1}, SeqLen 15, ID_Drop 0.533, WFW 1.500 
Epoch 110 memory(start): tensors=258, buffers=258, bytes=18.3MB

History Bucket Diagnostics (Avg Abs Error per sample, normalized units):
Hist | Count | MAE_Pred | MAE_Base | PredDevFromBase
-----|-------|----------|----------|----------------
0    | 8     | 0.6805   | 3.7696   | 3.9011 
1    | 9     | 0.6900   | 0.9160   | 0.7926 
2    | 11    | 0.4881   | 0.5551   | 0.5410 
3-5  | 59    | 0.4385   | 0.3926   | 0.3954 
6+   | 276   | 0.3385   | 0.2990   | 0.3315 

Epoch 110: loss = 0.876618 phase = C val_loss = 1.261673 delta_mae_pts = 0.3755 recap_mae_pts = 0.3755 cat_mae_pts = 0.4873 total_mae_pts = 1.2145 vs_inertia_pts = 0.0382 vs_quad_pts = 0.2707 lr_base = 0.000045 lr_mult = 0.1250 lr_eff = 0.000030 mon_cov = 0.945 mon_score = 3.7883 progress = 111/120 epoch_sec = 100.2 avg_epoch_sec = 93.8 elapsed = 02:53:31 eta = 00:14:04
Epoch 110 memory(end): tensors=258, buffers=258, bytes=18.3MB
[curriculum] phase=C age=80 ramp=80 delta=0.3755 cov=0.945 best_global_delta=0.3589

Epoch 111: Phase C (A_end=10, B_end=31, C_ramp=80) Weights {"totalWeight":0.1,"recapWeight":0.04999999999999999,"deltaWeight":9.75,"categoryWeight":0.05,"quantileWeight":1.1,"consistencyWeight":0,"identityDropoutRate":0.525}, Scales {"judgeBias":1,"corps":1}, SeqLen 15, ID_Drop 0.514, WFW 1.500 
Epoch 111 memory(start): tensors=258, buffers=258, bytes=18.3MB

History Bucket Diagnostics (Avg Abs Error per sample, normalized units):
Hist | Count | MAE_Pred | MAE_Base | PredDevFromBase
-----|-------|----------|----------|----------------
0    | 8     | 0.6920   | 3.7696   | 3.9232 
1    | 9     | 0.6889   | 0.9160   | 0.8035 
2    | 11    | 0.4925   | 0.5551   | 0.5489 
3-5  | 59    | 0.4312   | 0.3926   | 0.4011 
6+   | 276   | 0.3394   | 0.2990   | 0.3397 

Epoch 111: loss = 0.882362 phase = C val_loss = 1.274737 delta_mae_pts = 0.3754 recap_mae_pts = 0.3754 cat_mae_pts = 0.4833 total_mae_pts = 1.2028 vs_inertia_pts = 0.0383 vs_quad_pts = 0.2708 lr_base = 0.000042 lr_mult = 0.1250 lr_eff = 0.000030 mon_cov = 0.945 mon_score = 3.8269 progress = 112/120 epoch_sec = 101.3 avg_epoch_sec = 93.9 elapsed = 02:55:12 eta = 00:12:31
Epoch 111 memory(end): tensors=258, buffers=258, bytes=18.3MB
[curriculum] phase=C age=81 ramp=80 delta=0.3754 cov=0.945 best_global_delta=0.3589

Epoch 112: Phase C (A_end=10, B_end=31, C_ramp=80) Weights {"totalWeight":0.1,"recapWeight":0.04999999999999999,"deltaWeight":9.75,"categoryWeight":0.05,"quantileWeight":1.1,"consistencyWeight":0,"identityDropoutRate":0.513125}, Scales {"judgeBias":1,"corps":1}, SeqLen 15, ID_Drop 0.506, WFW 1.500 
Epoch 112 memory(start): tensors=258, buffers=258, bytes=18.3MB

History Bucket Diagnostics (Avg Abs Error per sample, normalized units):
Hist | Count | MAE_Pred | MAE_Base | PredDevFromBase
-----|-------|----------|----------|----------------
0    | 8     | 0.6615   | 3.7696   | 3.8869 
1    | 9     | 0.6798   | 0.9160   | 0.7754 
2    | 11    | 0.4827   | 0.5551   | 0.5335 
3-5  | 59    | 0.4327   | 0.3926   | 0.3982 
6+   | 276   | 0.3374   | 0.2990   | 0.3367 

Epoch 112: loss = 0.884369 phase = C val_loss = 1.267193 delta_mae_pts = 0.3730 recap_mae_pts = 0.3730 cat_mae_pts = 0.4802 total_mae_pts = 1.1983 vs_inertia_pts = 0.0408 vs_quad_pts = 0.2732 lr_base = 0.000039 lr_mult = 0.1250 lr_eff = 0.000030 mon_cov = 0.941 mon_score = 3.8022 progress = 113/120 epoch_sec = 102.8 avg_epoch_sec = 93.9 elapsed = 02:56:55 eta = 00:10:58
Epoch 112 memory(end): tensors=258, buffers=258, bytes=18.3MB
[curriculum] phase=C age=82 ramp=80 delta=0.3730 cov=0.941 best_global_delta=0.3589

Epoch 113: Phase C (A_end=10, B_end=31, C_ramp=80) Weights {"totalWeight":0.1,"recapWeight":0.04999999999999999,"deltaWeight":9.75,"categoryWeight":0.05,"quantileWeight":1.1,"consistencyWeight":0,"identityDropoutRate":0.50125}, Scales {"judgeBias":1,"corps":1}, SeqLen 15, ID_Drop 0.508, WFW 1.500 
Epoch 113 memory(start): tensors=258, buffers=258, bytes=18.3MB

History Bucket Diagnostics (Avg Abs Error per sample, normalized units):
Hist | Count | MAE_Pred | MAE_Base | PredDevFromBase
-----|-------|----------|----------|----------------
0    | 8     | 0.6732   | 3.7696   | 3.9205 
1    | 9     | 0.6889   | 0.9160   | 0.8139 
2    | 11    | 0.4926   | 0.5551   | 0.5559 
3-5  | 59    | 0.4286   | 0.3926   | 0.3970 
6+   | 276   | 0.3345   | 0.2990   | 0.3310 

Epoch 113: loss = 0.887378 phase = C val_loss = 1.261104 delta_mae_pts = 0.3709 recap_mae_pts = 0.3709 cat_mae_pts = 0.4771 total_mae_pts = 1.1914 vs_inertia_pts = 0.0429 vs_quad_pts = 0.2753 lr_base = 0.000037 lr_mult = 0.1250 lr_eff = 0.000030 mon_cov = 0.945 mon_score = 3.7811 progress = 114/120 epoch_sec = 99.9 avg_epoch_sec = 94.0 elapsed = 02:58:35 eta = 00:09:24
Epoch 113 memory(end): tensors=258, buffers=258, bytes=18.3MB
[curriculum] phase=C age=83 ramp=80 delta=0.3709 cov=0.945 best_global_delta=0.3589

Epoch 114: Phase C (A_end=10, B_end=31, C_ramp=80) Weights {"totalWeight":0.1,"recapWeight":0.04999999999999999,"deltaWeight":9.75,"categoryWeight":0.05,"quantileWeight":1.1,"consistencyWeight":0,"identityDropoutRate":0.489375}, Scales {"judgeBias":1,"corps":1}, SeqLen 15, ID_Drop 0.484, WFW 1.500 
Epoch 114 memory(start): tensors=258, buffers=258, bytes=18.3MB

History Bucket Diagnostics (Avg Abs Error per sample, normalized units):
Hist | Count | MAE_Pred | MAE_Base | PredDevFromBase
-----|-------|----------|----------|----------------
0    | 8     | 0.6653   | 3.7696   | 3.8887 
1    | 9     | 0.6884   | 0.9160   | 0.7924 
2    | 11    | 0.4931   | 0.5551   | 0.5432 
3-5  | 59    | 0.4306   | 0.3926   | 0.3948 
6+   | 276   | 0.3347   | 0.2990   | 0.3309 

Epoch 114: loss = 0.882759 phase = C val_loss = 1.262176 delta_mae_pts = 0.3711 recap_mae_pts = 0.3711 cat_mae_pts = 0.4770 total_mae_pts = 1.1833 vs_inertia_pts = 0.0426 vs_quad_pts = 0.2750 lr_base = 0.000035 lr_mult = 0.1250 lr_eff = 0.000030 mon_cov = 0.942 mon_score = 3.7828 progress = 115/120 epoch_sec = 99.8 avg_epoch_sec = 94.0 elapsed = 03:00:14 eta = 00:07:50
Epoch 114 memory(end): tensors=258, buffers=258, bytes=18.3MB
[curriculum] phase=C age=84 ramp=80 delta=0.3711 cov=0.942 best_global_delta=0.3589

Epoch 115: Phase C (A_end=10, B_end=31, C_ramp=80) Weights {"totalWeight":0.1,"recapWeight":0.04999999999999999,"deltaWeight":9.75,"categoryWeight":0.05,"quantileWeight":1.1,"consistencyWeight":0,"identityDropoutRate":0.47750000000000004}, Scales {"judgeBias":1,"corps":1}, SeqLen 15, ID_Drop 0.484, WFW 1.500 
Epoch 115 memory(start): tensors=258, buffers=258, bytes=18.3MB

History Bucket Diagnostics (Avg Abs Error per sample, normalized units):
Hist | Count | MAE_Pred | MAE_Base | PredDevFromBase
-----|-------|----------|----------|----------------
0    | 8     | 0.6770   | 3.7696   | 3.8873 
1    | 9     | 0.6872   | 0.9160   | 0.7772 
2    | 11    | 0.4861   | 0.5551   | 0.5346 
3-5  | 59    | 0.4413   | 0.3926   | 0.3979 
6+   | 276   | 0.3371   | 0.2990   | 0.3330 

Epoch 115: loss = 0.886447 phase = C val_loss = 1.272963 delta_mae_pts = 0.3748 recap_mae_pts = 0.3748 cat_mae_pts = 0.4817 total_mae_pts = 1.2026 vs_inertia_pts = 0.0390 vs_quad_pts = 0.2714 lr_base = 0.000034 lr_mult = 0.1250 lr_eff = 0.000030 mon_cov = 0.940 mon_score = 3.8201 progress = 116/120 epoch_sec = 98.2 avg_epoch_sec = 94.1 elapsed = 03:01:53 eta = 00:06:16
Epoch 115 memory(end): tensors=258, buffers=258, bytes=18.3MB
[curriculum] phase=C age=85 ramp=80 delta=0.3748 cov=0.940 best_global_delta=0.3589

Epoch 116: Phase C (A_end=10, B_end=31, C_ramp=80) Weights {"totalWeight":0.1,"recapWeight":0.04999999999999999,"deltaWeight":9.75,"categoryWeight":0.05,"quantileWeight":1.1,"consistencyWeight":0,"identityDropoutRate":0.46562500000000007}, Scales {"judgeBias":1,"corps":1}, SeqLen 15, ID_Drop 0.469, WFW 1.500 
Epoch 116 memory(start): tensors=258, buffers=258, bytes=18.3MB

History Bucket Diagnostics (Avg Abs Error per sample, normalized units):
Hist | Count | MAE_Pred | MAE_Base | PredDevFromBase
-----|-------|----------|----------|----------------
0    | 8     | 0.6722   | 3.7696   | 3.8834 
1    | 9     | 0.6783   | 0.9160   | 0.7618 
2    | 11    | 0.4887   | 0.5551   | 0.5164 
3-5  | 59    | 0.4473   | 0.3926   | 0.3941 
6+   | 276   | 0.3390   | 0.2990   | 0.3305 

Epoch 116: loss = 0.872286 phase = C val_loss = 1.279762 delta_mae_pts = 0.3769 recap_mae_pts = 0.3769 cat_mae_pts = 0.4884 total_mae_pts = 1.2225 vs_inertia_pts = 0.0368 vs_quad_pts = 0.2692 lr_base = 0.000032 lr_mult = 0.1250 lr_eff = 0.000030 mon_cov = 0.938 mon_score = 3.8437 progress = 117/120 epoch_sec = 100.5 avg_epoch_sec = 94.1 elapsed = 03:03:33 eta = 00:04:42
Epoch 116 memory(end): tensors=258, buffers=258, bytes=18.3MB
[curriculum] phase=C age=86 ramp=80 delta=0.3769 cov=0.938 best_global_delta=0.3589

Epoch 117: Phase C (A_end=10, B_end=31, C_ramp=80) Weights {"totalWeight":0.1,"recapWeight":0.04999999999999999,"deltaWeight":9.75,"categoryWeight":0.05,"quantileWeight":1.1,"consistencyWeight":0,"identityDropoutRate":0.4537500000000001}, Scales {"judgeBias":1,"corps":1}, SeqLen 15, ID_Drop 0.448, WFW 1.500 
Epoch 117 memory(start): tensors=258, buffers=258, bytes=18.3MB

History Bucket Diagnostics (Avg Abs Error per sample, normalized units):
Hist | Count | MAE_Pred | MAE_Base | PredDevFromBase
-----|-------|----------|----------|----------------
0    | 8     | 0.6680   | 3.7696   | 3.8838 
1    | 9     | 0.6865   | 0.9160   | 0.7745 
2    | 11    | 0.4947   | 0.5551   | 0.5373 
3-5  | 59    | 0.4399   | 0.3926   | 0.3977 
6+   | 276   | 0.3358   | 0.2990   | 0.3343 

Epoch 117: loss = 0.883958 phase = C val_loss = 1.269003 delta_mae_pts = 0.3735 recap_mae_pts = 0.3735 cat_mae_pts = 0.4784 total_mae_pts = 1.1990 vs_inertia_pts = 0.0402 vs_quad_pts = 0.2726 lr_base = 0.000031 lr_mult = 0.1250 lr_eff = 0.000030 mon_cov = 0.941 mon_score = 3.8076 progress = 118/120 epoch_sec = 99.5 avg_epoch_sec = 94.2 elapsed = 03:05:13 eta = 00:03:08
Epoch 117 memory(end): tensors=258, buffers=258, bytes=18.3MB
[curriculum] phase=C age=87 ramp=80 delta=0.3735 cov=0.941 best_global_delta=0.3589

Epoch 118: Phase C (A_end=10, B_end=31, C_ramp=80) Weights {"totalWeight":0.1,"recapWeight":0.04999999999999999,"deltaWeight":9.75,"categoryWeight":0.05,"quantileWeight":1.1,"consistencyWeight":0,"identityDropoutRate":0.441875}, Scales {"judgeBias":1,"corps":1}, SeqLen 15, ID_Drop 0.444, WFW 1.500 
Epoch 118 memory(start): tensors=258, buffers=258, bytes=18.3MB

History Bucket Diagnostics (Avg Abs Error per sample, normalized units):
Hist | Count | MAE_Pred | MAE_Base | PredDevFromBase
-----|-------|----------|----------|----------------
0    | 8     | 0.6591   | 3.7696   | 3.8860 
1    | 9     | 0.6892   | 0.9160   | 0.7877 
2    | 11    | 0.4926   | 0.5551   | 0.5394 
3-5  | 59    | 0.4380   | 0.3926   | 0.4001 
6+   | 276   | 0.3363   | 0.2990   | 0.3323 

Epoch 118: loss = 0.884553 phase = C val_loss = 1.269406 delta_mae_pts = 0.3734 recap_mae_pts = 0.3734 cat_mae_pts = 0.4805 total_mae_pts = 1.1939 vs_inertia_pts = 0.0403 vs_quad_pts = 0.2728 lr_base = 0.000031 lr_mult = 0.1250 lr_eff = 0.000030 mon_cov = 0.939 mon_score = 3.8061 progress = 119/120 epoch_sec = 97.6 avg_epoch_sec = 94.2 elapsed = 03:06:50 eta = 00:01:34
Epoch 118 memory(end): tensors=258, buffers=258, bytes=18.3MB
[curriculum] phase=C age=88 ramp=80 delta=0.3734 cov=0.939 best_global_delta=0.3589

Epoch 119: Phase C (A_end=10, B_end=31, C_ramp=80) Weights {"totalWeight":0.1,"recapWeight":0.04999999999999999,"deltaWeight":9.75,"categoryWeight":0.05,"quantileWeight":1.1,"consistencyWeight":0,"identityDropoutRate":0.43000000000000005}, Scales {"judgeBias":1,"corps":1}, SeqLen 15, ID_Drop 0.429, WFW 1.500 
Epoch 119 memory(start): tensors=258, buffers=258, bytes=18.3MB

History Bucket Diagnostics (Avg Abs Error per sample, normalized units):
Hist | Count | MAE_Pred | MAE_Base | PredDevFromBase
-----|-------|----------|----------|----------------
0    | 8     | 0.6728   | 3.7696   | 3.8980 
1    | 9     | 0.6947   | 0.9160   | 0.7703 
2    | 11    | 0.4905   | 0.5551   | 0.5262 
3-5  | 59    | 0.4412   | 0.3926   | 0.4034 
6+   | 276   | 0.3398   | 0.2990   | 0.3371 

Epoch 119: loss = 0.874623 phase = C val_loss = 1.280256 delta_mae_pts = 0.3770 recap_mae_pts = 0.3770 cat_mae_pts = 0.4884 total_mae_pts = 1.2195 vs_inertia_pts = 0.0368 vs_quad_pts = 0.2692 lr_base = 0.000030 lr_mult = 0.1250 lr_eff = 0.000030 mon_cov = 0.934 mon_score = 3.8435 progress = 120/120 epoch_sec = 97.0 avg_epoch_sec = 94.2 elapsed = 03:08:27 eta = 00:00:00
Epoch 119 memory(end): tensors=258, buffers=258, bytes=18.3MB
[curriculum] phase=C age=89 ramp=80 delta=0.3770 cov=0.934 best_global_delta=0.3589
Selecting final weights: best-delta-checkpoint (delta_mae_pts = 0.3589)
Saving final production model to models\v9_subcaption_fixed\v9fix_datefwd_calib_auto_best_only_1779521136806...

--- EVALUATION: validation (363 rows) ---
validation: delta_mae_pts=0.3624, recap_mae_pts=0.3624, total_mae_pts=1.0617, coverage=0.964, width=1.9997

--- EVALUATION: test_all (52 rows) ---
test_all: delta_mae_pts=0.3090, recap_mae_pts=0.3090, total_mae_pts=0.6767, coverage=0.983, width=1.8956

--- EVALUATION: test_world_class (33 rows) ---
test_world_class: delta_mae_pts=0.2831, recap_mae_pts=0.2831, total_mae_pts=0.6390, coverage=0.989, width=1.8613

--- EVALUATION: test_open_class (19 rows) ---
test_open_class: delta_mae_pts=0.3546, recap_mae_pts=0.3546, total_mae_pts=0.7722, coverage=0.967, width=1.9544

--- EVALUATION: test_championship_week (47 rows) ---
test_championship_week: delta_mae_pts=0.3068, recap_mae_pts=0.3068, total_mae_pts=0.7097, coverage=0.981, width=1.8828
Production training complete.
