2026-02-07 06:34:02.052945: I tensorflow/core/platform/cpu_feature_guard.cc:193] This TensorFlow binary is optimized with oneAPI Deep Neural Network Library (oneDNN) to use the following CPU instructions in performance-critical operations:  AVX2
To enable them in other operations, rebuild TensorFlow with the appropriate compiler flags.
coverage-sharpness=4 is aggressive; if training gets unstable, retry with --coverage-sharpness 3.0
Loading V9 sequence data...
Saved normalization stats to ./results/v9-subcaption-target-norm.json
V10 Splits -> Train: 7651, Val: 402, Test: 56 
Baselines(monitoring forecast MAE): zero = 14.3894, mean = 2.5683, ema = 3.2358, quad = 2.0923
Orthogonal initializer is being called on a matrix with more than 2000 (65536) elements: Slowness may result.
Orthogonal initializer is being called on a matrix with more than 2000 (65536) elements: Slowness may result.
Orthogonal initializer is being called on a matrix with more than 2000 (16384) elements: Slowness may result.
Orthogonal initializer is being called on a matrix with more than 2000 (16384) elements: Slowness may result.
___________________________________________________________________________________________________________________
Layer (type)               Input Shape                 Output shape             Param #     Receives inputs        
===================================================================================================================
sequence (InputLayer)      [[null,15,101]]             [null,15,101]            0                                  
___________________________________________________________________________________________________________________
bidirectional_Bidirectiona [[null,15,101]]             [null,15,256]            235520      sequence[0][0]         
___________________________________________________________________________________________________________________
layer_normalization_LayerN [[null,15,256]]             [null,15,256]            512         bidirectional_Bidirecti
___________________________________________________________________________________________________________________
bidirectional_Bidirectiona [[null,15,256]]             [null,15,128]            164352      layer_normalization_Lay
___________________________________________________________________________________________________________________
layer_normalization_LayerN [[null,15,128]]             [null,15,128]            256         bidirectional_Bidirecti
___________________________________________________________________________________________________________________
dense_Dense1 (Dense)       [[null,15,128]]             [null,15,1]              129         layer_normalization_Lay
___________________________________________________________________________________________________________________
reshape_Reshape1 (Reshape) [[null,15,1]]               [null,15]                0           dense_Dense1[0][0]     
___________________________________________________________________________________________________________________
mask (InputLayer)          [[null,15]]                 [null,15]                0                                  
___________________________________________________________________________________________________________________
masked_softmax_MaskedSoftm [[null,15],[null,15]]       [null,15]                0           reshape_Reshape1[0][0] 
                                                                                            mask[0][0]             
___________________________________________________________________________________________________________________
judge_ids (InputLayer)     [[null,8]]                  [null,8]                 0                                  
___________________________________________________________________________________________________________________
agnostic_show_id (InputLay [[null,1]]                  [null,1]                 0                                  
___________________________________________________________________________________________________________________
reshape_Reshape2 (Reshape) [[null,15]]                 [null,15,1]              0           masked_softmax_MaskedSo
___________________________________________________________________________________________________________________
judge_embedding (Embedding [[null,8]]                  [null,8,24]              8544        judge_ids[0][0]        
___________________________________________________________________________________________________________________
agnostic_show_embedding (E [[null,1]]                  [null,1,12]              12          agnostic_show_id[0][0] 
___________________________________________________________________________________________________________________
attention_pool (AttentionP [[null,15,1],[null,15,128]] [null,128]               0           reshape_Reshape2[0][0] 
                                                                                            layer_normalization_Lay
___________________________________________________________________________________________________________________
static (InputLayer)        [[null,177]]                [null,177]               0                                  
___________________________________________________________________________________________________________________
flatten_Flatten1 (Flatten) [[null,8,24]]               [null,192]               0           judge_embedding[0][0]  
___________________________________________________________________________________________________________________
baseline_recap (InputLayer [[null,8]]                  [null,8]                 0                                  
___________________________________________________________________________________________________________________
last_step (LastStepLayer)  [[null,15,101]]             [null,101]               0           sequence[0][0]         
___________________________________________________________________________________________________________________
flatten_Flatten3 (Flatten) [[null,1,12]]               [null,12]                0           agnostic_show_embedding
___________________________________________________________________________________________________________________
concatenate_Concatenate1 ( [[null,128],[null,177],[nul [null,618]               0           attention_pool[0][0]   
                                                                                            static[0][0]           
                                                                                            flatten_Flatten1[0][0] 
                                                                                            baseline_recap[0][0]   
                                                                                            last_step[0][0]        
                                                                                            flatten_Flatten3[0][0] 
___________________________________________________________________________________________________________________
dense_Dense2 (Dense)       [[null,618]]                [null,512]               316928      concatenate_Concatenate
___________________________________________________________________________________________________________________
dropout_Dropout1 (Dropout) [[null,512]]                [null,512]               0           dense_Dense2[0][0]     
___________________________________________________________________________________________________________________
dense_Dense3 (Dense)       [[null,512]]                [null,256]               131328      dropout_Dropout1[0][0] 
___________________________________________________________________________________________________________________
dropout_Dropout2 (Dropout) [[null,256]]                [null,256]               0           dense_Dense3[0][0]     
___________________________________________________________________________________________________________________
strength (Dense)           [[null,128]]                [null,24]                3096        attention_pool[0][0]   
___________________________________________________________________________________________________________________
corps_id (InputLayer)      [[null,1]]                  [null,1]                 0                                  
___________________________________________________________________________________________________________________
concatenate_Concatenate2 ( [[null,256],[null,177],[nul [null,457]               0           dropout_Dropout2[0][0] 
                                                                                            static[0][0]           
                                                                                            strength[0][0]         
___________________________________________________________________________________________________________________
corps_embedding (Embedding [[null,1]]                  [null,1,20]              9080        corps_id[0][0]         
___________________________________________________________________________________________________________________
accuracy_trunk (Dense)     [[null,457]]                [null,128]               58624       concatenate_Concatenate
___________________________________________________________________________________________________________________
flatten_Flatten2 (Flatten) [[null,1,20]]               [null,20]                0           corps_embedding[0][0]  
___________________________________________________________________________________________________________________
dropout_Dropout3 (Dropout) [[null,128]]                [null,128]               0           accuracy_trunk[0][0]   
___________________________________________________________________________________________________________________
judge_bias_raw (Dense)     [[null,192]]                [null,8]                 1544        flatten_Flatten1[0][0] 
___________________________________________________________________________________________________________________
judge_bias_scale (InputLay [[null,1]]                  [null,1]                 0                                  
___________________________________________________________________________________________________________________
corps_corr_raw (Dense)     [[null,20]]                 [null,8]                 168         flatten_Flatten2[0][0] 
___________________________________________________________________________________________________________________
corps_scale (InputLayer)   [[null,1]]                  [null,1]                 0                                  
___________________________________________________________________________________________________________________
history_len (InputLayer)   [[null,1]]                  [null,1]                 0                                  
___________________________________________________________________________________________________________________
delta_q50_base (Dense)     [[null,128]]                [null,8]                 1032        dropout_Dropout3[0][0] 
___________________________________________________________________________________________________________________
judge_bias_gated (LambdaSc [[null,8],[null,1]]         [null,8]                 0           judge_bias_raw[0][0]   
                                                                                            judge_bias_scale[0][0] 
___________________________________________________________________________________________________________________
corps_corr_gated (LambdaSc [[null,8],[null,1]]         [null,8]                 0           corps_corr_raw[0][0]   
                                                                                            corps_scale[0][0]      
___________________________________________________________________________________________________________________
width_concat (Concatenate) [[null,457],[null,192],[nul [null,650]               0           concatenate_Concatenate
                                                                                            flatten_Flatten1[0][0] 
                                                                                            history_len[0][0]      
___________________________________________________________________________________________________________________
delta_q50 (Add)            [[null,8],[null,8],[null,8] [null,8]                 0           delta_q50_base[0][0]   
                                                                                            judge_bias_gated[0][0] 
                                                                                            corps_corr_gated[0][0] 
___________________________________________________________________________________________________________________
q10_width_raw (Dense)      [[null,650]]                [null,8]                 5208        width_concat[0][0]     
___________________________________________________________________________________________________________________
q10_width (Activation)     [[null,8]]                  [null,8]                 0           q10_width_raw[0][0]    
___________________________________________________________________________________________________________________
q90_width_raw (Dense)      [[null,650]]                [null,8]                 5208        width_concat[0][0]     
___________________________________________________________________________________________________________________
recap_head (RecapLayer)    [[null,8],[null,8]]         [null,8]                 0           delta_q50[0][0]        
                                                                                            baseline_recap[0][0]   
___________________________________________________________________________________________________________________
q10_width_neg (NegationLay [[null,8]]                  [null,8]                 0           q10_width[0][0]        
___________________________________________________________________________________________________________________
q90_width (Activation)     [[null,8]]                  [null,8]                 0           q90_width_raw[0][0]    
___________________________________________________________________________________________________________________
category_head (CategoryLay [[null,8]]                  [null,3]                 0           recap_head[0][0]       
___________________________________________________________________________________________________________________
q10_delta (Add)            [[null,8],[null,8]]         [null,8]                 0           delta_q50[0][0]        
                                                                                            q10_width_neg[0][0]    
___________________________________________________________________________________________________________________
q90_delta (Add)            [[null,8],[null,8]]         [null,8]                 0           delta_q50[0][0]        
                                                                                            q90_width[0][0]        
___________________________________________________________________________________________________________________
total_head (TotalLayer)    [[null,3]]                  [null,1]                 0           category_head[0][0]    
___________________________________________________________________________________________________________________
output (Concatenate)       [[null,8],[null,8],[null,8] [null,36]                0           q10_delta[0][0]        
                                                                                            delta_q50[0][0]        
                                                                                            q90_delta[0][0]        
                                                                                            recap_head[0][0]       
                                                                                            category_head[0][0]    
                                                                                            total_head[0][0]       
===================================================================================================================
Total params: 941541
Trainable params: 941541
Non-trainable params: 0
___________________________________________________________________________________________________________________

--- DERIVATION EXACTNESS CHECK ---
MaskedSoftmax shapes: [ 1, 15 ] [ 1, 15 ] [ 1, 15 ] [ 1, 15 ]
Recap Points: [
  '14.80', '14.90',
  '14.19', '14.71',
  '14.41', '14.89',
  '14.78', '14.48'
]
GE: Derived = 29.71, Expected = 29.71 
Visual: Derived = 21.66, Expected = 21.66 
Music: Derived = 22.07, Expected = 22.07 
Total: Derived = 73.44, Expected = 73.44 
DERIVATION CHECK SUCCESS

--- SCALE SANITY TEST ---
Sample Row Total: 74.60 (expecting DCI scale, not sum - of - 8)
Sum - of - 8: 119.05 
SCALE SANITY SUCCESS: target total is on DCI scale.


=== V9-IMPROVED: Enhanced Model for 0.2 MAE Target ===
Hyperparameters: lstm1=128, lstm2=64, dropout=0.2, lr=0.00075, batch=128, width_floor_pts=0.5, width_floor_schedule=0.1->1.5, baseline_dropout=0.1, baseline_noise_std=0.25
Model Capacity: 256→128 BiLSTM, Dense 512→256, AccuracyTrunk 128, Judge Emb 24, Corps Emb 20, Show Emb 12
Cached 402 validation samples(seqLen = 15, identityDropout = 0.0)

Epoch 0: Weights {"totalWeight":0.05,"recapWeight":1,"deltaWeight":0.2,"categoryWeight":0.05,"quantileWeight":0.02,"consistencyWeight":0,"identityDropoutRate":0.95}, Scales {"judgeBias":0,"corps":0}, SeqLen 5, ID_Drop 0.950, WFW 0.100 

History Bucket Diagnostics (Avg Abs Error per sample, normalized units):
Hist | Count | MAE_Pred | MAE_Base | PredDevFromBase
-----|-------|----------|----------|----------------
0    | 71    | 3.4094   | 2.2794   | 1.9753 
1    | 31    | 2.2691   | 1.2121   | 1.6580 
2    | 24    | 1.7036   | 1.0693   | 1.1647 
3-5  | 68    | 1.7308   | 0.9838   | 1.3792 
6+   | 208   | 1.0839   | 0.4743   | 0.9735 

Epoch 0: loss = 3.178140 delta_mae_pts = 1.7325 recap_mae_pts = 1.7325 cat_mae_pts = 1.9004 total_mae_pts = 4.2673 vs_inertia_pts = -0.7607 vs_quad_pts = 0.3598 mon_cov = 0.274 mon_score = 5.9998 time = 121.11 s

-- - CAPTION STATS(Epoch 0)-- - 
GE1: delta_pts = 1.1864, recap_pts = 1.1864, cov = 0.127, width = 0.5491 
GE2: delta_pts = 1.1456, recap_pts = 1.1456, cov = 0.221, width = 0.9323 
VP: delta_pts = 1.5792, recap_pts = 1.5792, cov = 0.391, width = 1.6987 
VA: delta_pts = 1.2199, recap_pts = 1.2199, cov = 0.261, width = 1.0686 
CG: delta_pts = 2.0915, recap_pts = 2.0915, cov = 0.415, width = 2.1521 
MB: delta_pts = 2.5998, recap_pts = 2.5998, cov = 0.420, width = 3.1417 
MA: delta_pts = 1.0783, recap_pts = 1.0783, cov = 0.065, width = 0.3064 
MP: delta_pts = 2.9590, recap_pts = 2.9590, cov = 0.289, width = 4.5188 
----------------------------------

Saved BEST checkpoint @epoch 0 score = 5.9998 -> models\v9_subcaption_fixed\v9fix_w1p0_cov4_1770464048897\best 

Epoch 1: Weights {"totalWeight":0.05,"recapWeight":1,"deltaWeight":0.2,"categoryWeight":0.05,"quantileWeight":0.02,"consistencyWeight":0,"identityDropoutRate":0.95}, Scales {"judgeBias":0.016666666666666666,"corps":0}, SeqLen 5, ID_Drop 0.951, WFW 0.100 

History Bucket Diagnostics (Avg Abs Error per sample, normalized units):
Hist | Count | MAE_Pred | MAE_Base | PredDevFromBase
-----|-------|----------|----------|----------------
0    | 71    | 2.4488   | 2.2794   | 1.4336 
1    | 31    | 1.6025   | 1.2121   | 0.9200 
2    | 24    | 1.3349   | 1.0693   | 0.7603 
3-5  | 68    | 1.4045   | 0.9838   | 0.9598 
6+   | 208   | 0.7554   | 0.4743   | 0.6003 

Epoch 1: loss = 1.472048 delta_mae_pts = 1.2642 recap_mae_pts = 1.2642 cat_mae_pts = 1.5269 total_mae_pts = 3.5451 vs_inertia_pts = -0.2925 vs_quad_pts = 0.8281 mon_cov = 0.485 mon_score = 4.8093 time = 238.41 s
Saved BEST checkpoint @epoch 1 score = 4.8093 -> models\v9_subcaption_fixed\v9fix_w1p0_cov4_1770464048897\best 

Epoch 2: Weights {"totalWeight":0.05,"recapWeight":1,"deltaWeight":0.2,"categoryWeight":0.05,"quantileWeight":0.02,"consistencyWeight":0,"identityDropoutRate":0.95}, Scales {"judgeBias":0.03333333333333333,"corps":0}, SeqLen 5, ID_Drop 0.953, WFW 0.100 

History Bucket Diagnostics (Avg Abs Error per sample, normalized units):
Hist | Count | MAE_Pred | MAE_Base | PredDevFromBase
-----|-------|----------|----------|----------------
0    | 71    | 2.0563   | 2.2794   | 1.6929 
1    | 31    | 1.5760   | 1.2121   | 0.8888 
2    | 24    | 1.3412   | 1.0693   | 0.7592 
3-5  | 68    | 1.2378   | 0.9838   | 0.8918 
6+   | 208   | 0.7147   | 0.4743   | 0.5820 

Epoch 2: loss = 0.768956 delta_mae_pts = 1.1439 recap_mae_pts = 1.1439 cat_mae_pts = 1.3817 total_mae_pts = 3.4339 vs_inertia_pts = -0.1722 vs_quad_pts = 0.9483 mon_cov = 0.632 mon_score = 4.5778 time = 356.24 s
Saved BEST checkpoint @epoch 2 score = 4.5778 -> models\v9_subcaption_fixed\v9fix_w1p0_cov4_1770464048897\best 

Epoch 3: Weights {"totalWeight":0.05,"recapWeight":1,"deltaWeight":0.2,"categoryWeight":0.05,"quantileWeight":0.02,"consistencyWeight":0,"identityDropoutRate":0.95}, Scales {"judgeBias":0.05,"corps":0}, SeqLen 5, ID_Drop 0.953, WFW 0.100 

History Bucket Diagnostics (Avg Abs Error per sample, normalized units):
Hist | Count | MAE_Pred | MAE_Base | PredDevFromBase
-----|-------|----------|----------|----------------
0    | 71    | 1.6596   | 2.2794   | 2.2187 
1    | 31    | 1.5775   | 1.2121   | 0.9555 
2    | 24    | 1.3070   | 1.0693   | 0.7877 
3-5  | 68    | 1.2112   | 0.9838   | 0.9370 
6+   | 208   | 0.8165   | 0.4743   | 0.7361 

Epoch 3: loss = 0.592069 delta_mae_pts = 1.1201 recap_mae_pts = 1.1201 cat_mae_pts = 1.3873 total_mae_pts = 3.5599 vs_inertia_pts = -0.1484 vs_quad_pts = 0.9722 mon_cov = 0.652 mon_score = 4.6800 time = 498.39 s

Epoch 4: Weights {"totalWeight":0.05,"recapWeight":1,"deltaWeight":0.2,"categoryWeight":0.05,"quantileWeight":0.02,"consistencyWeight":0,"identityDropoutRate":0.95}, Scales {"judgeBias":0.06666666666666667,"corps":0}, SeqLen 5, ID_Drop 0.950, WFW 0.100 

History Bucket Diagnostics (Avg Abs Error per sample, normalized units):
Hist | Count | MAE_Pred | MAE_Base | PredDevFromBase
-----|-------|----------|----------|----------------
0    | 71    | 1.9683   | 2.2794   | 2.4872 
1    | 31    | 1.8019   | 1.2121   | 1.1348 
2    | 24    | 1.3923   | 1.0693   | 0.7914 
3-5  | 68    | 1.2130   | 0.9838   | 0.9118 
6+   | 208   | 0.7354   | 0.4743   | 0.5621 

Epoch 4: loss = 0.513343 delta_mae_pts = 1.1554 recap_mae_pts = 1.1554 cat_mae_pts = 1.3593 total_mae_pts = 3.4171 vs_inertia_pts = -0.1837 vs_quad_pts = 0.9369 mon_cov = 0.706 mon_score = 4.5725 time = 583.63 s
Saved BEST checkpoint @epoch 4 score = 4.5725 -> models\v9_subcaption_fixed\v9fix_w1p0_cov4_1770464048897\best 

Epoch 5: Weights {"totalWeight":0.05,"recapWeight":1,"deltaWeight":0.2,"categoryWeight":0.05,"quantileWeight":0.02,"consistencyWeight":0,"identityDropoutRate":0.95}, Scales {"judgeBias":0.08333333333333333,"corps":0}, SeqLen 5, ID_Drop 0.953, WFW 0.100 

History Bucket Diagnostics (Avg Abs Error per sample, normalized units):
Hist | Count | MAE_Pred | MAE_Base | PredDevFromBase
-----|-------|----------|----------|----------------
0    | 71    | 1.5103   | 2.2794   | 2.6080 
1    | 31    | 1.4274   | 1.2121   | 0.7015 
2    | 24    | 1.1197   | 1.0693   | 0.7267 
3-5  | 68    | 1.1958   | 0.9838   | 0.9193 
6+   | 208   | 0.7909   | 0.4743   | 0.5995 

Epoch 5: loss = 0.427396 delta_mae_pts = 1.0552 recap_mae_pts = 1.0552 cat_mae_pts = 1.3126 total_mae_pts = 3.4577 vs_inertia_pts = -0.0834 vs_quad_pts = 1.0371 mon_cov = 0.710 mon_score = 4.5128 time = 701.31 s
Saved BEST checkpoint @epoch 5 score = 4.5128 -> models\v9_subcaption_fixed\v9fix_w1p0_cov4_1770464048897\best 

Epoch 6: Weights {"totalWeight":0.05,"recapWeight":1,"deltaWeight":0.2,"categoryWeight":0.05,"quantileWeight":0.02,"consistencyWeight":0,"identityDropoutRate":0.95}, Scales {"judgeBias":0.1,"corps":0}, SeqLen 5, ID_Drop 0.950, WFW 0.100 

History Bucket Diagnostics (Avg Abs Error per sample, normalized units):
Hist | Count | MAE_Pred | MAE_Base | PredDevFromBase
-----|-------|----------|----------|----------------
0    | 71    | 1.5455   | 2.2794   | 2.5124 
1    | 31    | 1.5515   | 1.2121   | 0.9143 
2    | 24    | 1.2217   | 1.0693   | 0.6786 
3-5  | 68    | 1.2795   | 0.9838   | 0.9657 
6+   | 208   | 0.9833   | 0.4743   | 0.7768 

Epoch 6: loss = 0.363024 delta_mae_pts = 1.1908 recap_mae_pts = 1.1908 cat_mae_pts = 1.5857 total_mae_pts = 4.4133 vs_inertia_pts = -0.2190 vs_quad_pts = 0.9015 mon_cov = 0.675 mon_score = 5.6040 time = 818.23 s

Epoch 7: Weights {"totalWeight":0.05,"recapWeight":1,"deltaWeight":0.2,"categoryWeight":0.05,"quantileWeight":0.02,"consistencyWeight":0,"identityDropoutRate":0.95}, Scales {"judgeBias":0.11666666666666667,"corps":0}, SeqLen 5, ID_Drop 0.946, WFW 0.100 

History Bucket Diagnostics (Avg Abs Error per sample, normalized units):
Hist | Count | MAE_Pred | MAE_Base | PredDevFromBase
-----|-------|----------|----------|----------------
0    | 71    | 1.3877   | 2.2794   | 2.4317 
1    | 31    | 1.4077   | 1.2121   | 0.7635 
2    | 24    | 1.2005   | 1.0693   | 0.7839 
3-5  | 68    | 1.0501   | 0.9838   | 0.8343 
6+   | 208   | 0.6520   | 0.4743   | 0.5473 

Epoch 7: loss = 0.316077 delta_mae_pts = 0.9403 recap_mae_pts = 0.9403 cat_mae_pts = 1.1187 total_mae_pts = 2.7466 vs_inertia_pts = 0.0314 vs_quad_pts = 1.1520 mon_cov = 0.825 mon_score = 3.6869 time = 934.33 s
Saved BEST checkpoint @epoch 7 score = 3.6869 -> models\v9_subcaption_fixed\v9fix_w1p0_cov4_1770464048897\best 

Epoch 8: Weights {"totalWeight":0.05,"recapWeight":1,"deltaWeight":0.2,"categoryWeight":0.05,"quantileWeight":0.02,"consistencyWeight":0,"identityDropoutRate":0.95}, Scales {"judgeBias":0.13333333333333333,"corps":0}, SeqLen 5, ID_Drop 0.952, WFW 0.100 

History Bucket Diagnostics (Avg Abs Error per sample, normalized units):
Hist | Count | MAE_Pred | MAE_Base | PredDevFromBase
-----|-------|----------|----------|----------------
0    | 71    | 1.3684   | 2.2794   | 2.4385 
1    | 31    | 1.3059   | 1.2121   | 0.8149 
2    | 24    | 1.1485   | 1.0693   | 0.7962 
3-5  | 68    | 1.0785   | 0.9838   | 0.8758 
6+   | 208   | 0.6655   | 0.4743   | 0.5343 

Epoch 8: loss = 0.315371 delta_mae_pts = 0.9377 recap_mae_pts = 0.9377 cat_mae_pts = 1.0907 total_mae_pts = 2.5254 vs_inertia_pts = 0.0340 vs_quad_pts = 1.1545 mon_cov = 0.813 mon_score = 3.4631 time = 1051.23 s
Saved BEST checkpoint @epoch 8 score = 3.4631 -> models\v9_subcaption_fixed\v9fix_w1p0_cov4_1770464048897\best 

Epoch 9: Weights {"totalWeight":0.05,"recapWeight":1,"deltaWeight":0.2,"categoryWeight":0.05,"quantileWeight":0.02,"consistencyWeight":0,"identityDropoutRate":0.95}, Scales {"judgeBias":0.15,"corps":0}, SeqLen 5, ID_Drop 0.951, WFW 0.100 

History Bucket Diagnostics (Avg Abs Error per sample, normalized units):
Hist | Count | MAE_Pred | MAE_Base | PredDevFromBase
-----|-------|----------|----------|----------------
0    | 71    | 1.6399   | 2.2794   | 2.6187 
1    | 31    | 1.4953   | 1.2121   | 0.9882 
2    | 24    | 1.1739   | 1.0693   | 1.0032 
3-5  | 68    | 1.0866   | 0.9838   | 1.0892 
6+   | 208   | 0.7523   | 0.4743   | 0.6960 

Epoch 9: loss = 0.342922 delta_mae_pts = 1.0481 recap_mae_pts = 1.0481 cat_mae_pts = 1.2396 total_mae_pts = 3.1991 vs_inertia_pts = -0.0764 vs_quad_pts = 1.0442 mon_cov = 0.789 mon_score = 4.2472 time = 1169.45 s

Epoch 10: Weights {"totalWeight":0.05,"recapWeight":1,"deltaWeight":0.2,"categoryWeight":0.05,"quantileWeight":0.02,"consistencyWeight":0,"identityDropoutRate":0.95}, Scales {"judgeBias":0.16666666666666666,"corps":0}, SeqLen 5, ID_Drop 0.948, WFW 0.100 

History Bucket Diagnostics (Avg Abs Error per sample, normalized units):
Hist | Count | MAE_Pred | MAE_Base | PredDevFromBase
-----|-------|----------|----------|----------------
0    | 71    | 1.7242   | 2.2794   | 2.9723 
1    | 31    | 1.6094   | 1.2121   | 1.2856 
2    | 24    | 1.2332   | 1.0693   | 1.1956 
3-5  | 68    | 1.2635   | 0.9838   | 1.3337 
6+   | 208   | 0.8750   | 0.4743   | 0.9080 

Epoch 10: loss = 0.375715 delta_mae_pts = 1.1687 recap_mae_pts = 1.1687 cat_mae_pts = 1.5743 total_mae_pts = 4.3030 vs_inertia_pts = -0.1970 vs_quad_pts = 0.9236 mon_cov = 0.789 mon_score = 5.4717 time = 1286.58 s

Epoch 11: Weights {"totalWeight":0.05,"recapWeight":1,"deltaWeight":0.2,"categoryWeight":0.05,"quantileWeight":0.02,"consistencyWeight":0,"identityDropoutRate":0.95}, Scales {"judgeBias":0.18333333333333332,"corps":0}, SeqLen 5, ID_Drop 0.957, WFW 0.100 

History Bucket Diagnostics (Avg Abs Error per sample, normalized units):
Hist | Count | MAE_Pred | MAE_Base | PredDevFromBase
-----|-------|----------|----------|----------------
0    | 71    | 1.8797   | 2.2794   | 2.9935 
1    | 31    | 1.4666   | 1.2121   | 1.1761 
2    | 24    | 1.0375   | 1.0693   | 0.7768 
3-5  | 68    | 1.0770   | 0.9838   | 0.8795 
6+   | 208   | 0.5982   | 0.4743   | 0.4577 

Epoch 11: loss = 0.575416 delta_mae_pts = 0.9987 recap_mae_pts = 0.9987 cat_mae_pts = 1.0407 total_mae_pts = 2.4591 vs_inertia_pts = -0.0270 vs_quad_pts = 1.0936 mon_cov = 0.835 mon_score = 3.4578 time = 1403.26 s
Saved BEST checkpoint @epoch 11 score = 3.4578 -> models\v9_subcaption_fixed\v9fix_w1p0_cov4_1770464048897\best 

Epoch 12: Weights {"totalWeight":0.05,"recapWeight":1,"deltaWeight":0.2,"categoryWeight":0.05,"quantileWeight":0.02,"consistencyWeight":0,"identityDropoutRate":0.95}, Scales {"judgeBias":0.2,"corps":0}, SeqLen 5, ID_Drop 0.949, WFW 0.100 

History Bucket Diagnostics (Avg Abs Error per sample, normalized units):
Hist | Count | MAE_Pred | MAE_Base | PredDevFromBase
-----|-------|----------|----------|----------------
0    | 71    | 1.4272   | 2.2794   | 2.7510 
1    | 31    | 1.7057   | 1.2121   | 1.2165 
2    | 24    | 0.9897   | 1.0693   | 0.8779 
3-5  | 68    | 1.0141   | 0.9838   | 0.9474 
6+   | 208   | 0.5673   | 0.4743   | 0.4303 

Epoch 12: loss = 0.372025 delta_mae_pts = 0.9077 recap_mae_pts = 0.9077 cat_mae_pts = 1.0238 total_mae_pts = 2.3952 vs_inertia_pts = 0.0640 vs_quad_pts = 1.1845 mon_cov = 0.865 mon_score = 3.3030 time = 1519.91 s
Saved BEST checkpoint @epoch 12 score = 3.3030 -> models\v9_subcaption_fixed\v9fix_w1p0_cov4_1770464048897\best 

Epoch 13: Weights {"totalWeight":0.05,"recapWeight":1,"deltaWeight":0.2,"categoryWeight":0.05,"quantileWeight":0.02,"consistencyWeight":0,"identityDropoutRate":0.95}, Scales {"judgeBias":0.21666666666666667,"corps":0}, SeqLen 5, ID_Drop 0.951, WFW 0.100 

History Bucket Diagnostics (Avg Abs Error per sample, normalized units):
Hist | Count | MAE_Pred | MAE_Base | PredDevFromBase
-----|-------|----------|----------|----------------
0    | 71    | 1.8194   | 2.2794   | 2.6615 
1    | 31    | 1.4574   | 1.2121   | 1.1976 
2    | 24    | 1.1969   | 1.0693   | 0.9073 
3-5  | 68    | 1.0241   | 0.9838   | 0.9375 
6+   | 208   | 0.6468   | 0.4743   | 0.6082 

Epoch 13: loss = 0.580326 delta_mae_pts = 1.0131 recap_mae_pts = 1.0131 cat_mae_pts = 1.2543 total_mae_pts = 3.2159 vs_inertia_pts = -0.0413 vs_quad_pts = 1.0792 mon_cov = 0.837 mon_score = 4.2290 time = 1638.06 s

Epoch 14: Weights {"totalWeight":0.05,"recapWeight":1,"deltaWeight":0.2,"categoryWeight":0.05,"quantileWeight":0.02,"consistencyWeight":0,"identityDropoutRate":0.95}, Scales {"judgeBias":0.23333333333333334,"corps":0}, SeqLen 5, ID_Drop 0.950, WFW 0.100 

History Bucket Diagnostics (Avg Abs Error per sample, normalized units):
Hist | Count | MAE_Pred | MAE_Base | PredDevFromBase
-----|-------|----------|----------|----------------
0    | 71    | 1.6032   | 2.2794   | 2.3959 
1    | 31    | 1.6210   | 1.2121   | 1.2677 
2    | 24    | 1.1000   | 1.0693   | 0.7250 
3-5  | 68    | 1.0873   | 0.9838   | 0.9079 
6+   | 208   | 0.6703   | 0.4743   | 0.4518 

Epoch 14: loss = 0.496354 delta_mae_pts = 1.0046 recap_mae_pts = 1.0046 cat_mae_pts = 1.2968 total_mae_pts = 3.4561 vs_inertia_pts = -0.0329 vs_quad_pts = 1.0877 mon_cov = 0.803 mon_score = 4.4607 time = 1753.96 s

Epoch 15: Weights {"totalWeight":0.05,"recapWeight":1,"deltaWeight":0.2,"categoryWeight":0.05,"quantileWeight":0.02,"consistencyWeight":0,"identityDropoutRate":0.95}, Scales {"judgeBias":0.25,"corps":0}, SeqLen 5, ID_Drop 0.952, WFW 0.100 

History Bucket Diagnostics (Avg Abs Error per sample, normalized units):
Hist | Count | MAE_Pred | MAE_Base | PredDevFromBase
-----|-------|----------|----------|----------------
0    | 71    | 1.5288   | 2.2794   | 2.2738 
1    | 31    | 1.4429   | 1.2121   | 0.9761 
2    | 24    | 1.0496   | 1.0693   | 0.6908 
3-5  | 68    | 0.9699   | 0.9838   | 0.8548 
6+   | 208   | 0.5661   | 0.4743   | 0.3647 

Epoch 15: loss = 0.416760 delta_mae_pts = 0.9009 recap_mae_pts = 0.9009 cat_mae_pts = 1.0534 total_mae_pts = 2.5203 vs_inertia_pts = 0.0708 vs_quad_pts = 1.1914 mon_cov = 0.865 mon_score = 3.4213 time = 1870.05 s

Epoch 16: Weights {"totalWeight":0.05,"recapWeight":1,"deltaWeight":0.2,"categoryWeight":0.05,"quantileWeight":0.02,"consistencyWeight":0,"identityDropoutRate":0.95}, Scales {"judgeBias":0.26666666666666666,"corps":0}, SeqLen 5, ID_Drop 0.950, WFW 0.100 

History Bucket Diagnostics (Avg Abs Error per sample, normalized units):
Hist | Count | MAE_Pred | MAE_Base | PredDevFromBase
-----|-------|----------|----------|----------------
0    | 71    | 1.2806   | 2.2794   | 2.3860 
1    | 31    | 1.3038   | 1.2121   | 0.9943 
2    | 24    | 0.9114   | 1.0693   | 0.8687 
3-5  | 68    | 0.9167   | 0.9838   | 0.9323 
6+   | 208   | 0.5437   | 0.4743   | 0.4334 

Epoch 16: loss = 0.385891 delta_mae_pts = 0.8175 recap_mae_pts = 0.8175 cat_mae_pts = 0.9440 total_mae_pts = 2.1514 vs_inertia_pts = 0.1542 vs_quad_pts = 1.2748 mon_cov = 0.885 mon_score = 2.9688 time = 1985.53 s
Saved BEST checkpoint @epoch 16 score = 2.9688 -> models\v9_subcaption_fixed\v9fix_w1p0_cov4_1770464048897\best 

Epoch 17: Weights {"totalWeight":0.05,"recapWeight":1,"deltaWeight":0.2,"categoryWeight":0.05,"quantileWeight":0.02,"consistencyWeight":0,"identityDropoutRate":0.95}, Scales {"judgeBias":0.2833333333333333,"corps":0}, SeqLen 5, ID_Drop 0.955, WFW 0.100 

History Bucket Diagnostics (Avg Abs Error per sample, normalized units):
Hist | Count | MAE_Pred | MAE_Base | PredDevFromBase
-----|-------|----------|----------|----------------
0    | 71    | 1.1683   | 2.2794   | 2.1998 
1    | 31    | 1.2334   | 1.2121   | 0.9465 
2    | 24    | 0.8920   | 1.0693   | 0.6728 
3-5  | 68    | 0.8846   | 0.9838   | 0.7358 
6+   | 208   | 0.5813   | 0.4743   | 0.4035 

Epoch 17: loss = 0.291979 delta_mae_pts = 0.8051 recap_mae_pts = 0.8051 cat_mae_pts = 0.9318 total_mae_pts = 2.2659 vs_inertia_pts = 0.1666 vs_quad_pts = 1.2872 mon_cov = 0.852 mon_score = 3.0710 time = 2101.92 s

Epoch 18: Weights {"totalWeight":0.05,"recapWeight":1,"deltaWeight":0.2,"categoryWeight":0.05,"quantileWeight":0.02,"consistencyWeight":0,"identityDropoutRate":0.95}, Scales {"judgeBias":0.3,"corps":0}, SeqLen 5, ID_Drop 0.951, WFW 0.100 

History Bucket Diagnostics (Avg Abs Error per sample, normalized units):
Hist | Count | MAE_Pred | MAE_Base | PredDevFromBase
-----|-------|----------|----------|----------------
0    | 71    | 1.2441   | 2.2794   | 2.4644 
1    | 31    | 1.3131   | 1.2121   | 1.0568 
2    | 24    | 0.9835   | 1.0693   | 0.8770 
3-5  | 68    | 0.9096   | 0.9838   | 0.8923 
6+   | 208   | 0.6357   | 0.4743   | 0.4471 

Epoch 18: loss = 0.269005 delta_mae_pts = 0.8625 recap_mae_pts = 0.8625 cat_mae_pts = 1.0290 total_mae_pts = 2.5983 vs_inertia_pts = 0.1092 vs_quad_pts = 1.2298 mon_cov = 0.863 mon_score = 3.4608 time = 2219.94 s

Epoch 19: Weights {"totalWeight":0.05,"recapWeight":1,"deltaWeight":0.2,"categoryWeight":0.05,"quantileWeight":0.02,"consistencyWeight":0,"identityDropoutRate":0.95}, Scales {"judgeBias":0.31666666666666665,"corps":0}, SeqLen 5, ID_Drop 0.953, WFW 0.100 

History Bucket Diagnostics (Avg Abs Error per sample, normalized units):
Hist | Count | MAE_Pred | MAE_Base | PredDevFromBase
-----|-------|----------|----------|----------------
0    | 71    | 1.2318   | 2.2794   | 2.1937 
1    | 31    | 1.1738   | 1.2121   | 1.1087 
2    | 24    | 0.8649   | 1.0693   | 0.7901 
3-5  | 68    | 0.8080   | 0.9838   | 0.6784 
6+   | 208   | 0.5056   | 0.4743   | 0.3269 

Epoch 19: loss = 0.271494 delta_mae_pts = 0.7580 recap_mae_pts = 0.7580 cat_mae_pts = 0.8488 total_mae_pts = 1.9089 vs_inertia_pts = 0.2137 vs_quad_pts = 1.3343 mon_cov = 0.889 mon_score = 2.6669 time = 2337.27 s
Saved BEST checkpoint @epoch 19 score = 2.6669 -> models\v9_subcaption_fixed\v9fix_w1p0_cov4_1770464048897\best 

Epoch 20: Weights {"totalWeight":0,"recapWeight":1,"deltaWeight":0.2,"categoryWeight":0.05,"quantileWeight":0.02,"consistencyWeight":0,"identityDropoutRate":0.95}, Scales {"judgeBias":0.3333333333333333,"corps":0}, SeqLen 15, ID_Drop 0.947, WFW 0.100 

History Bucket Diagnostics (Avg Abs Error per sample, normalized units):
Hist | Count | MAE_Pred | MAE_Base | PredDevFromBase
-----|-------|----------|----------|----------------
0    | 71    | 1.1312   | 2.2794   | 2.3197 
1    | 31    | 1.1458   | 1.2121   | 1.2111 
2    | 24    | 0.9164   | 1.0693   | 1.0079 
3-5  | 68    | 0.8668   | 0.9838   | 0.9832 
6+   | 208   | 0.5687   | 0.4743   | 0.5359 

Epoch 20: loss = 0.250920 delta_mae_pts = 0.7837 recap_mae_pts = 0.7837 cat_mae_pts = 0.9292 total_mae_pts = 2.2680 vs_inertia_pts = 0.1880 vs_quad_pts = 1.3085 mon_cov = 0.883 mon_score = 3.0517 time = 2454.65 s

Epoch 21: Weights {"totalWeight":0,"recapWeight":0.9825,"deltaWeight":0.22000000000000003,"categoryWeight":0.05,"quantileWeight":0.022,"consistencyWeight":0,"identityDropoutRate":0.95}, Scales {"judgeBias":0.35,"corps":0}, SeqLen 15, ID_Drop 0.948, WFW 0.103 

History Bucket Diagnostics (Avg Abs Error per sample, normalized units):
Hist | Count | MAE_Pred | MAE_Base | PredDevFromBase
-----|-------|----------|----------|----------------
0    | 71    | 1.1409   | 2.2794   | 2.1926 
1    | 31    | 1.1318   | 1.2121   | 1.0662 
2    | 24    | 0.8120   | 1.0693   | 0.8387 
3-5  | 68    | 0.7429   | 0.9838   | 0.7699 
6+   | 208   | 0.4998   | 0.4743   | 0.3860 

Epoch 21: loss = 0.234131 delta_mae_pts = 0.7215 recap_mae_pts = 0.7215 cat_mae_pts = 0.8070 total_mae_pts = 1.8338 vs_inertia_pts = 0.2502 vs_quad_pts = 1.3707 mon_cov = 0.893 mon_score = 2.5553 time = 2572.53 s
Saved BEST checkpoint @epoch 21 score = 2.5553 -> models\v9_subcaption_fixed\v9fix_w1p0_cov4_1770464048897\best 

Epoch 22: Weights {"totalWeight":0,"recapWeight":0.965,"deltaWeight":0.24000000000000002,"categoryWeight":0.05,"quantileWeight":0.024,"consistencyWeight":0,"identityDropoutRate":0.95}, Scales {"judgeBias":0.36666666666666664,"corps":0}, SeqLen 15, ID_Drop 0.952, WFW 0.110 

History Bucket Diagnostics (Avg Abs Error per sample, normalized units):
Hist | Count | MAE_Pred | MAE_Base | PredDevFromBase
-----|-------|----------|----------|----------------
0    | 71    | 1.1554   | 2.2794   | 2.2119 
1    | 31    | 1.1424   | 1.2121   | 1.4511 
2    | 24    | 0.8669   | 1.0693   | 0.8748 
3-5  | 68    | 0.7800   | 0.9838   | 0.8220 
6+   | 208   | 0.5362   | 0.4743   | 0.4070 

Epoch 22: loss = 0.227211 delta_mae_pts = 0.7533 recap_mae_pts = 0.7533 cat_mae_pts = 0.8464 total_mae_pts = 1.9071 vs_inertia_pts = 0.2184 vs_quad_pts = 1.3390 mon_cov = 0.889 mon_score = 2.6604 time = 2690.72 s

Epoch 23: Weights {"totalWeight":0,"recapWeight":0.9475,"deltaWeight":0.26,"categoryWeight":0.05,"quantileWeight":0.026000000000000002,"consistencyWeight":0,"identityDropoutRate":0.95}, Scales {"judgeBias":0.38333333333333336,"corps":0}, SeqLen 15, ID_Drop 0.954, WFW 0.122 

History Bucket Diagnostics (Avg Abs Error per sample, normalized units):
Hist | Count | MAE_Pred | MAE_Base | PredDevFromBase
-----|-------|----------|----------|----------------
0    | 71    | 1.1212   | 2.2794   | 2.1923 
1    | 31    | 1.1167   | 1.2121   | 1.0491 
2    | 24    | 0.9007   | 1.0693   | 0.7735 
3-5  | 68    | 0.8492   | 0.9838   | 0.7549 
6+   | 208   | 0.5496   | 0.4743   | 0.3877 

Epoch 23: loss = 0.269826 delta_mae_pts = 0.7659 recap_mae_pts = 0.7659 cat_mae_pts = 0.9102 total_mae_pts = 2.1184 vs_inertia_pts = 0.2058 vs_quad_pts = 1.3264 mon_cov = 0.857 mon_score = 2.8844 time = 2807.80 s

Epoch 24: Weights {"totalWeight":0,"recapWeight":0.93,"deltaWeight":0.28,"categoryWeight":0.05,"quantileWeight":0.028,"consistencyWeight":0,"identityDropoutRate":0.95}, Scales {"judgeBias":0.4,"corps":0}, SeqLen 15, ID_Drop 0.948, WFW 0.139 

History Bucket Diagnostics (Avg Abs Error per sample, normalized units):
Hist | Count | MAE_Pred | MAE_Base | PredDevFromBase
-----|-------|----------|----------|----------------
0    | 71    | 1.1444   | 2.2794   | 2.2504 
1    | 31    | 1.1853   | 1.2121   | 1.5000 
2    | 24    | 0.8163   | 1.0693   | 0.8927 
3-5  | 68    | 0.7489   | 0.9838   | 0.9060 
6+   | 208   | 0.5148   | 0.4743   | 0.4294 

Epoch 24: loss = 0.262450 delta_mae_pts = 0.7353 recap_mae_pts = 0.7353 cat_mae_pts = 0.8387 total_mae_pts = 1.9562 vs_inertia_pts = 0.2364 vs_quad_pts = 1.3570 mon_cov = 0.868 mon_score = 2.6915 time = 2924.44 s

Epoch 25: Weights {"totalWeight":0,"recapWeight":0.9125,"deltaWeight":0.30000000000000004,"categoryWeight":0.05,"quantileWeight":0.03,"consistencyWeight":0,"identityDropoutRate":0.95}, Scales {"judgeBias":0.4166666666666667,"corps":0}, SeqLen 15, ID_Drop 0.948, WFW 0.160 

History Bucket Diagnostics (Avg Abs Error per sample, normalized units):
Hist | Count | MAE_Pred | MAE_Base | PredDevFromBase
-----|-------|----------|----------|----------------
0    | 71    | 1.1335   | 2.2794   | 2.3389 
1    | 31    | 1.1739   | 1.2121   | 1.1091 
2    | 24    | 0.8526   | 1.0693   | 0.9299 
3-5  | 68    | 0.7980   | 0.9838   | 0.7912 
6+   | 208   | 0.4888   | 0.4743   | 0.4112 

Epoch 25: loss = 0.274239 delta_mae_pts = 0.7295 recap_mae_pts = 0.7295 cat_mae_pts = 0.8283 total_mae_pts = 1.9778 vs_inertia_pts = 0.2422 vs_quad_pts = 1.3627 mon_cov = 0.887 mon_score = 2.7073 time = 3039.94 s

Epoch 26: Weights {"totalWeight":0,"recapWeight":0.895,"deltaWeight":0.32,"categoryWeight":0.05,"quantileWeight":0.032,"consistencyWeight":0,"identityDropoutRate":0.95}, Scales {"judgeBias":0.43333333333333335,"corps":0}, SeqLen 15, ID_Drop 0.947, WFW 0.185 

History Bucket Diagnostics (Avg Abs Error per sample, normalized units):
Hist | Count | MAE_Pred | MAE_Base | PredDevFromBase
-----|-------|----------|----------|----------------
0    | 71    | 1.1759   | 2.2794   | 2.0585 
1    | 31    | 0.9407   | 1.2121   | 1.3144 
2    | 24    | 0.8338   | 1.0693   | 1.0485 
3-5  | 68    | 0.7856   | 0.9838   | 1.0235 
6+   | 208   | 0.5109   | 0.4743   | 0.5181 

Epoch 26: loss = 0.262668 delta_mae_pts = 0.7272 recap_mae_pts = 0.7272 cat_mae_pts = 0.8599 total_mae_pts = 2.0339 vs_inertia_pts = 0.2445 vs_quad_pts = 1.3651 mon_cov = 0.885 mon_score = 2.7611 time = 3156.11 s

Epoch 27: Weights {"totalWeight":0,"recapWeight":0.8775000000000001,"deltaWeight":0.33999999999999997,"categoryWeight":0.05,"quantileWeight":0.034,"consistencyWeight":0,"identityDropoutRate":0.95}, Scales {"judgeBias":0.45,"corps":0}, SeqLen 15, ID_Drop 0.949, WFW 0.214 

History Bucket Diagnostics (Avg Abs Error per sample, normalized units):
Hist | Count | MAE_Pred | MAE_Base | PredDevFromBase
-----|-------|----------|----------|----------------
0    | 71    | 1.1942   | 2.2794   | 2.4551 
1    | 31    | 0.9412   | 1.2121   | 1.1846 
2    | 24    | 0.9080   | 1.0693   | 1.0491 
3-5  | 68    | 0.8259   | 0.9838   | 0.9847 
6+   | 208   | 0.5674   | 0.4743   | 0.6009 

Epoch 27: loss = 0.271008 delta_mae_pts = 0.7710 recap_mae_pts = 0.7710 cat_mae_pts = 0.9097 total_mae_pts = 2.2571 vs_inertia_pts = 0.2008 vs_quad_pts = 1.3213 mon_cov = 0.890 mon_score = 3.0281 time = 3271.92 s

Epoch 28: Weights {"totalWeight":0,"recapWeight":0.86,"deltaWeight":0.36000000000000004,"categoryWeight":0.05,"quantileWeight":0.036000000000000004,"consistencyWeight":0,"identityDropoutRate":0.95}, Scales {"judgeBias":0.4666666666666667,"corps":0}, SeqLen 15, ID_Drop 0.950, WFW 0.246 

History Bucket Diagnostics (Avg Abs Error per sample, normalized units):
Hist | Count | MAE_Pred | MAE_Base | PredDevFromBase
-----|-------|----------|----------|----------------
0    | 71    | 1.1869   | 2.2794   | 2.2200 
1    | 31    | 0.8923   | 1.2121   | 1.1869 
2    | 24    | 0.7249   | 1.0693   | 0.9125 
3-5  | 68    | 0.7898   | 0.9838   | 0.8624 
6+   | 208   | 0.4621   | 0.4743   | 0.3570 

Epoch 28: loss = 0.305714 delta_mae_pts = 0.6944 recap_mae_pts = 0.6944 cat_mae_pts = 0.7534 total_mae_pts = 1.6730 vs_inertia_pts = 0.2773 vs_quad_pts = 1.3979 mon_cov = 0.898 mon_score = 2.3674 time = 3390.51 s
Saved BEST checkpoint @epoch 28 score = 2.3674 -> models\v9_subcaption_fixed\v9fix_w1p0_cov4_1770464048897\best 

Epoch 29: Weights {"totalWeight":0,"recapWeight":0.8425,"deltaWeight":0.38,"categoryWeight":0.05,"quantileWeight":0.038000000000000006,"consistencyWeight":0,"identityDropoutRate":0.95}, Scales {"judgeBias":0.48333333333333334,"corps":0}, SeqLen 15, ID_Drop 0.946, WFW 0.281 

History Bucket Diagnostics (Avg Abs Error per sample, normalized units):
Hist | Count | MAE_Pred | MAE_Base | PredDevFromBase
-----|-------|----------|----------|----------------
0    | 71    | 1.0664   | 2.2794   | 2.4027 
1    | 31    | 0.8629   | 1.2121   | 1.2731 
2    | 24    | 0.7871   | 1.0693   | 0.9829 
3-5  | 68    | 0.7544   | 0.9838   | 0.9016 
6+   | 208   | 0.4416   | 0.4743   | 0.3905 

Epoch 29: loss = 0.236765 delta_mae_pts = 0.6580 recap_mae_pts = 0.6580 cat_mae_pts = 0.7599 total_mae_pts = 1.5340 vs_inertia_pts = 0.3137 vs_quad_pts = 1.4343 mon_cov = 0.910 mon_score = 2.1919 time = 3507.82 s
Saved BEST checkpoint @epoch 29 score = 2.1919 -> models\v9_subcaption_fixed\v9fix_w1p0_cov4_1770464048897\best 

Epoch 30: Weights {"totalWeight":0,"recapWeight":0.825,"deltaWeight":0.4,"categoryWeight":0.05,"quantileWeight":0.04,"consistencyWeight":0,"identityDropoutRate":0.95}, Scales {"judgeBias":0.5,"corps":0}, SeqLen 15, ID_Drop 0.950, WFW 0.319 

History Bucket Diagnostics (Avg Abs Error per sample, normalized units):
Hist | Count | MAE_Pred | MAE_Base | PredDevFromBase
-----|-------|----------|----------|----------------
0    | 71    | 1.0384   | 2.2794   | 2.2490 
1    | 31    | 0.9475   | 1.2121   | 1.0047 
2    | 24    | 0.8048   | 1.0693   | 0.8076 
3-5  | 68    | 0.7631   | 0.9838   | 0.7783 
6+   | 208   | 0.4472   | 0.4743   | 0.3846 

Epoch 30: loss = 0.256369 delta_mae_pts = 0.6650 recap_mae_pts = 0.6650 cat_mae_pts = 0.7473 total_mae_pts = 1.6433 vs_inertia_pts = 0.3067 vs_quad_pts = 1.4273 mon_cov = 0.913 mon_score = 2.3082 time = 3625.33 s

Epoch 31: Weights {"totalWeight":0,"recapWeight":0.8075,"deltaWeight":0.42000000000000004,"categoryWeight":0.05,"quantileWeight":0.042,"consistencyWeight":0,"identityDropoutRate":0.95}, Scales {"judgeBias":0.5166666666666667,"corps":0}, SeqLen 15, ID_Drop 0.956, WFW 0.359 

History Bucket Diagnostics (Avg Abs Error per sample, normalized units):
Hist | Count | MAE_Pred | MAE_Base | PredDevFromBase
-----|-------|----------|----------|----------------
0    | 71    | 1.1523   | 2.2794   | 2.2937 
1    | 31    | 0.8693   | 1.2121   | 1.2222 
2    | 24    | 0.7260   | 1.0693   | 0.9195 
3-5  | 68    | 0.6858   | 0.9838   | 0.8031 
6+   | 208   | 0.4499   | 0.4743   | 0.3480 

Epoch 31: loss = 0.236451 delta_mae_pts = 0.6627 recap_mae_pts = 0.6627 cat_mae_pts = 0.7369 total_mae_pts = 1.6300 vs_inertia_pts = 0.3090 vs_quad_pts = 1.4296 mon_cov = 0.891 mon_score = 2.2927 time = 3742.96 s

Epoch 32: Weights {"totalWeight":0,"recapWeight":0.79,"deltaWeight":0.44,"categoryWeight":0.05,"quantileWeight":0.044,"consistencyWeight":0,"identityDropoutRate":0.95}, Scales {"judgeBias":0.5333333333333333,"corps":0}, SeqLen 15, ID_Drop 0.949, WFW 0.402 

History Bucket Diagnostics (Avg Abs Error per sample, normalized units):
Hist | Count | MAE_Pred | MAE_Base | PredDevFromBase
-----|-------|----------|----------|----------------
0    | 71    | 1.1267   | 2.2794   | 2.2685 
1    | 31    | 0.8281   | 1.2121   | 1.2341 
2    | 24    | 0.7751   | 1.0693   | 0.8910 
3-5  | 68    | 0.7253   | 0.9838   | 0.9391 
6+   | 208   | 0.4746   | 0.4743   | 0.4671 

Epoch 32: loss = 0.236374 delta_mae_pts = 0.6774 recap_mae_pts = 0.6774 cat_mae_pts = 0.7721 total_mae_pts = 1.7718 vs_inertia_pts = 0.2943 vs_quad_pts = 1.4149 mon_cov = 0.908 mon_score = 2.4491 time = 3857.86 s

Epoch 33: Weights {"totalWeight":0,"recapWeight":0.7725,"deltaWeight":0.46,"categoryWeight":0.05,"quantileWeight":0.046,"consistencyWeight":0,"identityDropoutRate":0.95}, Scales {"judgeBias":0.55,"corps":0}, SeqLen 15, ID_Drop 0.951, WFW 0.448 

History Bucket Diagnostics (Avg Abs Error per sample, normalized units):
Hist | Count | MAE_Pred | MAE_Base | PredDevFromBase
-----|-------|----------|----------|----------------
0    | 71    | 1.0862   | 2.2794   | 2.1475 
1    | 31    | 0.8628   | 1.2121   | 0.9747 
2    | 24    | 0.7446   | 1.0693   | 0.8391 
3-5  | 68    | 0.7069   | 0.9838   | 0.7730 
6+   | 208   | 0.4557   | 0.4743   | 0.3453 

Epoch 33: loss = 0.246032 delta_mae_pts = 0.6582 recap_mae_pts = 0.6582 cat_mae_pts = 0.7230 total_mae_pts = 1.5569 vs_inertia_pts = 0.3135 vs_quad_pts = 1.4341 mon_cov = 0.910 mon_score = 2.2151 time = 3972.42 s

Epoch 34: Weights {"totalWeight":0,"recapWeight":0.755,"deltaWeight":0.48,"categoryWeight":0.05,"quantileWeight":0.048,"consistencyWeight":0,"identityDropoutRate":0.95}, Scales {"judgeBias":0.5666666666666667,"corps":0}, SeqLen 15, ID_Drop 0.954, WFW 0.494 

History Bucket Diagnostics (Avg Abs Error per sample, normalized units):
Hist | Count | MAE_Pred | MAE_Base | PredDevFromBase
-----|-------|----------|----------|----------------
0    | 71    | 1.0555   | 2.2794   | 2.2175 
1    | 31    | 0.8838   | 1.2121   | 0.9868 
2    | 24    | 0.7443   | 1.0693   | 0.9398 
3-5  | 68    | 0.6910   | 0.9838   | 0.7964 
6+   | 208   | 0.4644   | 0.4743   | 0.3529 

Epoch 34: loss = 0.224773 delta_mae_pts = 0.6562 recap_mae_pts = 0.6562 cat_mae_pts = 0.7110 total_mae_pts = 1.5154 vs_inertia_pts = 0.3155 vs_quad_pts = 1.4361 mon_cov = 0.912 mon_score = 2.1716 time = 4086.02 s
Saved BEST checkpoint @epoch 34 score = 2.1716 -> models\v9_subcaption_fixed\v9fix_w1p0_cov4_1770464048897\best 

Epoch 35: Weights {"totalWeight":0,"recapWeight":0.7375,"deltaWeight":0.5,"categoryWeight":0.05,"quantileWeight":0.05,"consistencyWeight":0,"identityDropoutRate":0.95}, Scales {"judgeBias":0.5833333333333334,"corps":0}, SeqLen 15, ID_Drop 0.952, WFW 0.543 

History Bucket Diagnostics (Avg Abs Error per sample, normalized units):
Hist | Count | MAE_Pred | MAE_Base | PredDevFromBase
-----|-------|----------|----------|----------------
0    | 71    | 1.1774   | 2.2794   | 2.4311 
1    | 31    | 0.9194   | 1.2121   | 1.2367 
2    | 24    | 0.7121   | 1.0693   | 0.8254 
3-5  | 68    | 0.6778   | 0.9838   | 0.8340 
6+   | 208   | 0.4402   | 0.4743   | 0.3858 

Epoch 35: loss = 0.199058 delta_mae_pts = 0.6638 recap_mae_pts = 0.6638 cat_mae_pts = 0.7541 total_mae_pts = 1.7198 vs_inertia_pts = 0.3079 vs_quad_pts = 1.4285 mon_cov = 0.914 mon_score = 2.3836 time = 4203.97 s

Epoch 36: Weights {"totalWeight":0,"recapWeight":0.72,"deltaWeight":0.52,"categoryWeight":0.05,"quantileWeight":0.052000000000000005,"consistencyWeight":0,"identityDropoutRate":0.95}, Scales {"judgeBias":0.6,"corps":0}, SeqLen 15, ID_Drop 0.950, WFW 0.593 

History Bucket Diagnostics (Avg Abs Error per sample, normalized units):
Hist | Count | MAE_Pred | MAE_Base | PredDevFromBase
-----|-------|----------|----------|----------------
0    | 71    | 1.0976   | 2.2794   | 2.2064 
1    | 31    | 0.8247   | 1.2121   | 1.1279 
2    | 24    | 0.7790   | 1.0693   | 1.0680 
3-5  | 68    | 0.6900   | 0.9838   | 0.9552 
6+   | 208   | 0.4491   | 0.4743   | 0.3635 

Epoch 36: loss = 0.228879 delta_mae_pts = 0.6531 recap_mae_pts = 0.6531 cat_mae_pts = 0.6958 total_mae_pts = 1.4402 vs_inertia_pts = 0.3187 vs_quad_pts = 1.4392 mon_cov = 0.909 mon_score = 2.0932 time = 4310.30 s
Saved BEST checkpoint @epoch 36 score = 2.0932 -> models\v9_subcaption_fixed\v9fix_w1p0_cov4_1770464048897\best 

Epoch 37: Weights {"totalWeight":0,"recapWeight":0.7025,"deltaWeight":0.54,"categoryWeight":0.05,"quantileWeight":0.054000000000000006,"consistencyWeight":0,"identityDropoutRate":0.95}, Scales {"judgeBias":0.6166666666666667,"corps":0}, SeqLen 15, ID_Drop 0.945, WFW 0.644 

History Bucket Diagnostics (Avg Abs Error per sample, normalized units):
Hist | Count | MAE_Pred | MAE_Base | PredDevFromBase
-----|-------|----------|----------|----------------
0    | 71    | 1.0487   | 2.2794   | 2.2754 
1    | 31    | 0.8595   | 1.2121   | 1.3104 
2    | 24    | 0.7220   | 1.0693   | 0.8668 
3-5  | 68    | 0.6725   | 0.9838   | 0.8159 
6+   | 208   | 0.4299   | 0.4743   | 0.3625 

Epoch 37: loss = 0.206879 delta_mae_pts = 0.6308 recap_mae_pts = 0.6308 cat_mae_pts = 0.7071 total_mae_pts = 1.3955 vs_inertia_pts = 0.3409 vs_quad_pts = 1.4615 mon_cov = 0.921 mon_score = 2.0263 time = 4426.44 s
Saved BEST checkpoint @epoch 37 score = 2.0263 -> models\v9_subcaption_fixed\v9fix_w1p0_cov4_1770464048897\best 

Epoch 38: Weights {"totalWeight":0,"recapWeight":0.685,"deltaWeight":0.56,"categoryWeight":0.05,"quantileWeight":0.05600000000000001,"consistencyWeight":0,"identityDropoutRate":0.95}, Scales {"judgeBias":0.6333333333333333,"corps":0}, SeqLen 15, ID_Drop 0.954, WFW 0.695 

History Bucket Diagnostics (Avg Abs Error per sample, normalized units):
Hist | Count | MAE_Pred | MAE_Base | PredDevFromBase
-----|-------|----------|----------|----------------
0    | 71    | 1.0625   | 2.2794   | 2.3433 
1    | 31    | 0.7237   | 1.2121   | 1.0350 
2    | 24    | 0.7236   | 1.0693   | 0.9360 
3-5  | 68    | 0.6877   | 0.9838   | 0.8036 
6+   | 208   | 0.4343   | 0.4743   | 0.3452 

Epoch 38: loss = 0.205334 delta_mae_pts = 0.6277 recap_mae_pts = 0.6277 cat_mae_pts = 0.6948 total_mae_pts = 1.4148 vs_inertia_pts = 0.3440 vs_quad_pts = 1.4646 mon_cov = 0.921 mon_score = 2.0425 time = 4544.35 s

Epoch 39: Weights {"totalWeight":0,"recapWeight":0.6675,"deltaWeight":0.5800000000000001,"categoryWeight":0.05,"quantileWeight":0.057999999999999996,"consistencyWeight":0,"identityDropoutRate":0.95}, Scales {"judgeBias":0.65,"corps":0}, SeqLen 15, ID_Drop 0.945, WFW 0.748 

History Bucket Diagnostics (Avg Abs Error per sample, normalized units):
Hist | Count | MAE_Pred | MAE_Base | PredDevFromBase
-----|-------|----------|----------|----------------
0    | 71    | 1.2176   | 2.2794   | 2.4864 
1    | 31    | 0.8414   | 1.2121   | 1.2406 
2    | 24    | 0.7683   | 1.0693   | 0.7848 
3-5  | 68    | 0.7291   | 0.9838   | 0.7558 
6+   | 208   | 0.4371   | 0.4743   | 0.3400 

Epoch 39: loss = 0.208910 delta_mae_pts = 0.6753 recap_mae_pts = 0.6753 cat_mae_pts = 0.7407 total_mae_pts = 1.7330 vs_inertia_pts = 0.2964 vs_quad_pts = 1.4170 mon_cov = 0.901 mon_score = 2.4083 time = 4660.29 s

Epoch 40: Weights {"totalWeight":0,"recapWeight":0.65,"deltaWeight":0.6000000000000001,"categoryWeight":0.05,"quantileWeight":0.06,"consistencyWeight":0,"identityDropoutRate":0.95}, Scales {"judgeBias":0.6666666666666666,"corps":0}, SeqLen 15, ID_Drop 0.949, WFW 0.800 

History Bucket Diagnostics (Avg Abs Error per sample, normalized units):
Hist | Count | MAE_Pred | MAE_Base | PredDevFromBase
-----|-------|----------|----------|----------------
0    | 71    | 1.0544   | 2.2794   | 2.2875 
1    | 31    | 0.7079   | 1.2121   | 1.0490 
2    | 24    | 0.7028   | 1.0693   | 0.7661 
3-5  | 68    | 0.6844   | 0.9838   | 0.7894 
6+   | 208   | 0.4394   | 0.4743   | 0.3217 


--- PHASE TRANSITION (Epoch 40): Resetting Best Score & Patience ---
Epoch 40: loss = 0.210436 delta_mae_pts = 0.6259 recap_mae_pts = 0.6259 cat_mae_pts = 0.7107 total_mae_pts = 1.6285 vs_inertia_pts = 0.3458 vs_quad_pts = 1.4664 mon_cov = 0.927 mon_score = 1.3319 time = 4775.08 s
Saved BEST checkpoint @epoch 40 score = 1.3319 -> models\v9_subcaption_fixed\v9fix_w1p0_cov4_1770464048897\best 

Epoch 41: Weights {"totalWeight":0,"recapWeight":0.6325000000000001,"deltaWeight":0.6200000000000001,"categoryWeight":0.05,"quantileWeight":0.062,"consistencyWeight":0,"identityDropoutRate":0.95}, Scales {"judgeBias":0.6833333333333333,"corps":0.02}, SeqLen 15, ID_Drop 0.949, WFW 0.852 

History Bucket Diagnostics (Avg Abs Error per sample, normalized units):
Hist | Count | MAE_Pred | MAE_Base | PredDevFromBase
-----|-------|----------|----------|----------------
0    | 71    | 1.1652   | 2.2794   | 2.3542 
1    | 31    | 0.7898   | 1.2121   | 1.2851 
2    | 24    | 0.6902   | 1.0693   | 0.9276 
3-5  | 68    | 0.6446   | 0.9838   | 0.8886 
6+   | 208   | 0.4159   | 0.4743   | 0.3752 

Epoch 41: loss = 0.277316 delta_mae_pts = 0.6321 recap_mae_pts = 0.6321 cat_mae_pts = 0.6564 total_mae_pts = 1.4397 vs_inertia_pts = 0.3396 vs_quad_pts = 1.4602 mon_cov = 0.923 mon_score = 1.3036 time = 4889.72 s
Saved BEST checkpoint @epoch 41 score = 1.3036 -> models\v9_subcaption_fixed\v9fix_w1p0_cov4_1770464048897\best 

Epoch 42: Weights {"totalWeight":0,"recapWeight":0.615,"deltaWeight":0.6400000000000001,"categoryWeight":0.05,"quantileWeight":0.064,"consistencyWeight":0,"identityDropoutRate":0.95}, Scales {"judgeBias":0.7,"corps":0.04}, SeqLen 15, ID_Drop 0.949, WFW 0.905 

History Bucket Diagnostics (Avg Abs Error per sample, normalized units):
Hist | Count | MAE_Pred | MAE_Base | PredDevFromBase
-----|-------|----------|----------|----------------
0    | 71    | 1.0878   | 2.2794   | 2.2601 
1    | 31    | 0.7274   | 1.2121   | 1.1571 
2    | 24    | 0.7206   | 1.0693   | 1.0806 
3-5  | 68    | 0.7054   | 0.9838   | 0.8664 
6+   | 208   | 0.4280   | 0.4743   | 0.3832 

Epoch 42: loss = 0.242916 delta_mae_pts = 0.6320 recap_mae_pts = 0.6320 cat_mae_pts = 0.6506 total_mae_pts = 1.3576 vs_inertia_pts = 0.3397 vs_quad_pts = 1.4603 mon_cov = 0.931 mon_score = 1.3434 time = 5005.95 s

Epoch 43: Weights {"totalWeight":0,"recapWeight":0.5975,"deltaWeight":0.6599999999999999,"categoryWeight":0.05,"quantileWeight":0.066,"consistencyWeight":0,"identityDropoutRate":0.95}, Scales {"judgeBias":0.7166666666666667,"corps":0.06}, SeqLen 15, ID_Drop 0.948, WFW 0.956 

History Bucket Diagnostics (Avg Abs Error per sample, normalized units):
Hist | Count | MAE_Pred | MAE_Base | PredDevFromBase
-----|-------|----------|----------|----------------
0    | 71    | 1.0700   | 2.2794   | 2.2253 
1    | 31    | 0.9821   | 1.2121   | 1.2696 
2    | 24    | 0.7634   | 1.0693   | 0.7611 
3-5  | 68    | 0.7384   | 0.9838   | 0.7688 
6+   | 208   | 0.4609   | 0.4743   | 0.3507 

Epoch 43: loss = 0.203628 delta_mae_pts = 0.6737 recap_mae_pts = 0.6737 cat_mae_pts = 0.7493 total_mae_pts = 1.7678 vs_inertia_pts = 0.2981 vs_quad_pts = 1.4186 mon_cov = 0.909 mon_score = 1.3355 time = 5123.60 s

Epoch 44: Weights {"totalWeight":0,"recapWeight":0.5800000000000001,"deltaWeight":0.6799999999999999,"categoryWeight":0.05,"quantileWeight":0.068,"consistencyWeight":0,"identityDropoutRate":0.95}, Scales {"judgeBias":0.7333333333333333,"corps":0.08}, SeqLen 15, ID_Drop 0.954, WFW 1.007 

History Bucket Diagnostics (Avg Abs Error per sample, normalized units):
Hist | Count | MAE_Pred | MAE_Base | PredDevFromBase
-----|-------|----------|----------|----------------
0    | 71    | 1.1268   | 2.2794   | 2.1981 
1    | 31    | 0.7710   | 1.2121   | 0.9591 
2    | 24    | 0.7084   | 1.0693   | 0.8068 
3-5  | 68    | 0.6528   | 0.9838   | 0.7901 
6+   | 208   | 0.4244   | 0.4743   | 0.3235 

Epoch 44: loss = 0.203692 delta_mae_pts = 0.6308 recap_mae_pts = 0.6308 cat_mae_pts = 0.6293 total_mae_pts = 1.4135 vs_inertia_pts = 0.3409 vs_quad_pts = 1.4615 mon_cov = 0.924 mon_score = 1.2416 time = 5239.28 s
Saved BEST checkpoint @epoch 44 score = 1.2416 -> models\v9_subcaption_fixed\v9fix_w1p0_cov4_1770464048897\best 

Epoch 45: Weights {"totalWeight":0,"recapWeight":0.5625,"deltaWeight":0.7,"categoryWeight":0.05,"quantileWeight":0.07,"consistencyWeight":0,"identityDropoutRate":0.95}, Scales {"judgeBias":0.75,"corps":0.1}, SeqLen 15, ID_Drop 0.956, WFW 1.057 

History Bucket Diagnostics (Avg Abs Error per sample, normalized units):
Hist | Count | MAE_Pred | MAE_Base | PredDevFromBase
-----|-------|----------|----------|----------------
0    | 71    | 1.0761   | 2.2794   | 2.2619 
1    | 31    | 0.7418   | 1.2121   | 1.2509 
2    | 24    | 0.6347   | 1.0693   | 0.9913 
3-5  | 68    | 0.6550   | 0.9838   | 0.8835 
6+   | 208   | 0.4252   | 0.4743   | 0.3581 

Epoch 45: loss = 0.204282 delta_mae_pts = 0.6160 recap_mae_pts = 0.6160 cat_mae_pts = 0.6512 total_mae_pts = 1.4718 vs_inertia_pts = 0.3557 vs_quad_pts = 1.4763 mon_cov = 0.921 mon_score = 1.2403 time = 5355.94 s
Saved BEST checkpoint @epoch 45 score = 1.2403 -> models\v9_subcaption_fixed\v9fix_w1p0_cov4_1770464048897\best 

Epoch 46: Weights {"totalWeight":0,"recapWeight":0.545,"deltaWeight":0.72,"categoryWeight":0.05,"quantileWeight":0.07200000000000001,"consistencyWeight":0,"identityDropoutRate":0.95}, Scales {"judgeBias":0.7666666666666667,"corps":0.12}, SeqLen 15, ID_Drop 0.950, WFW 1.106 

History Bucket Diagnostics (Avg Abs Error per sample, normalized units):
Hist | Count | MAE_Pred | MAE_Base | PredDevFromBase
-----|-------|----------|----------|----------------
0    | 71    | 1.1487   | 2.2794   | 2.2415 
1    | 31    | 0.7660   | 1.2121   | 1.2033 
2    | 24    | 0.6023   | 1.0693   | 0.9691 
3-5  | 68    | 0.6647   | 0.9838   | 0.7788 
6+   | 208   | 0.4120   | 0.4743   | 0.3347 

Epoch 46: loss = 0.200919 delta_mae_pts = 0.6235 recap_mae_pts = 0.6235 cat_mae_pts = 0.6660 total_mae_pts = 1.4901 vs_inertia_pts = 0.3482 vs_quad_pts = 1.4688 mon_cov = 0.921 mon_score = 1.2546 time = 5473.14 s

Epoch 47: Weights {"totalWeight":0,"recapWeight":0.5275000000000001,"deltaWeight":0.74,"categoryWeight":0.05,"quantileWeight":0.07400000000000001,"consistencyWeight":0,"identityDropoutRate":0.95}, Scales {"judgeBias":0.7833333333333333,"corps":0.14}, SeqLen 15, ID_Drop 0.945, WFW 1.152 

History Bucket Diagnostics (Avg Abs Error per sample, normalized units):
Hist | Count | MAE_Pred | MAE_Base | PredDevFromBase
-----|-------|----------|----------|----------------
0    | 71    | 1.0425   | 2.2794   | 2.2182 
1    | 31    | 0.7562   | 1.2121   | 1.1237 
2    | 24    | 0.6407   | 1.0693   | 0.8685 
3-5  | 68    | 0.6337   | 0.9838   | 0.8130 
6+   | 208   | 0.4083   | 0.4743   | 0.3398 

Epoch 47: loss = 0.245540 delta_mae_pts = 0.5991 recap_mae_pts = 0.5991 cat_mae_pts = 0.6290 total_mae_pts = 1.2648 vs_inertia_pts = 0.3726 vs_quad_pts = 1.4932 mon_cov = 0.936 mon_score = 1.3017 time = 5588.76 s

Epoch 48: Weights {"totalWeight":0,"recapWeight":0.51,"deltaWeight":0.76,"categoryWeight":0.05,"quantileWeight":0.076,"consistencyWeight":0,"identityDropoutRate":0.95}, Scales {"judgeBias":0.8,"corps":0.16}, SeqLen 15, ID_Drop 0.951, WFW 1.198 

History Bucket Diagnostics (Avg Abs Error per sample, normalized units):
Hist | Count | MAE_Pred | MAE_Base | PredDevFromBase
-----|-------|----------|----------|----------------
0    | 71    | 1.2439   | 2.2794   | 2.4652 
1    | 31    | 0.9073   | 1.2121   | 1.3289 
2    | 24    | 0.6926   | 1.0693   | 1.0234 
3-5  | 68    | 0.6978   | 0.9838   | 0.9444 
6+   | 208   | 0.4227   | 0.4743   | 0.4158 

Epoch 48: loss = 0.253239 delta_mae_pts = 0.6677 recap_mae_pts = 0.6677 cat_mae_pts = 0.7600 total_mae_pts = 1.5947 vs_inertia_pts = 0.3040 vs_quad_pts = 1.4246 mon_cov = 0.925 mon_score = 1.3814 time = 5705.36 s

Epoch 49: Weights {"totalWeight":0,"recapWeight":0.49250000000000005,"deltaWeight":0.78,"categoryWeight":0.05,"quantileWeight":0.078,"consistencyWeight":0,"identityDropoutRate":0.95}, Scales {"judgeBias":0.8166666666666667,"corps":0.18}, SeqLen 15, ID_Drop 0.950, WFW 1.241 

History Bucket Diagnostics (Avg Abs Error per sample, normalized units):
Hist | Count | MAE_Pred | MAE_Base | PredDevFromBase
-----|-------|----------|----------|----------------
0    | 71    | 1.0742   | 2.2794   | 2.2064 
1    | 31    | 0.7948   | 1.2121   | 1.2274 
2    | 24    | 0.6648   | 1.0693   | 1.0043 
3-5  | 68    | 0.6338   | 0.9838   | 0.9115 
6+   | 208   | 0.3989   | 0.4743   | 0.3502 

Epoch 49: loss = 0.265500 delta_mae_pts = 0.6043 recap_mae_pts = 0.6043 cat_mae_pts = 0.6644 total_mae_pts = 1.4396 vs_inertia_pts = 0.3674 vs_quad_pts = 1.4880 mon_cov = 0.933 mon_score = 1.3008 time = 5821.02 s

Epoch 50: Weights {"totalWeight":0,"recapWeight":0.4750000000000001,"deltaWeight":0.8,"categoryWeight":0.05,"quantileWeight":0.08,"consistencyWeight":0,"identityDropoutRate":0.95}, Scales {"judgeBias":0.8333333333333334,"corps":0.2}, SeqLen 15, ID_Drop 0.948, WFW 1.281 

History Bucket Diagnostics (Avg Abs Error per sample, normalized units):
Hist | Count | MAE_Pred | MAE_Base | PredDevFromBase
-----|-------|----------|----------|----------------
0    | 71    | 1.0423   | 2.2794   | 2.1291 
1    | 31    | 0.8371   | 1.2121   | 1.2472 
2    | 24    | 0.7338   | 1.0693   | 0.9469 
3-5  | 68    | 0.6297   | 0.9838   | 0.8582 
6+   | 208   | 0.4199   | 0.4743   | 0.3510 

Epoch 50: loss = 0.243643 delta_mae_pts = 0.6162 recap_mae_pts = 0.6162 cat_mae_pts = 0.6438 total_mae_pts = 1.4216 vs_inertia_pts = 0.3555 vs_quad_pts = 1.4761 mon_cov = 0.929 mon_score = 1.2834 time = 5935.07 s

-- - CAPTION STATS(Epoch 50)-- - 
GE1: delta_pts = 0.4060, recap_pts = 0.4060, cov = 0.938, width = 1.9963 
GE2: delta_pts = 0.4075, recap_pts = 0.4075, cov = 0.913, width = 1.9498 
VP: delta_pts = 0.6160, recap_pts = 0.6160, cov = 0.933, width = 3.7456 
VA: delta_pts = 0.4382, recap_pts = 0.4382, cov = 0.928, width = 2.0776 
CG: delta_pts = 0.7081, recap_pts = 0.7081, cov = 0.935, width = 3.9570 
MB: delta_pts = 0.8746, recap_pts = 0.8746, cov = 0.933, width = 5.4958 
MA: delta_pts = 0.4635, recap_pts = 0.4635, cov = 0.903, width = 2.0979 
MP: delta_pts = 1.0158, recap_pts = 1.0158, cov = 0.948, width = 6.1277 
----------------------------------


Epoch 51: Weights {"totalWeight":0,"recapWeight":0.4575,"deltaWeight":0.8200000000000001,"categoryWeight":0.05,"quantileWeight":0.082,"consistencyWeight":0,"identityDropoutRate":0.95}, Scales {"judgeBias":0.85,"corps":0.22}, SeqLen 15, ID_Drop 0.950, WFW 1.319 

History Bucket Diagnostics (Avg Abs Error per sample, normalized units):
Hist | Count | MAE_Pred | MAE_Base | PredDevFromBase
-----|-------|----------|----------|----------------
0    | 71    | 1.0241   | 2.2794   | 2.3409 
1    | 31    | 0.7451   | 1.2121   | 1.2529 
2    | 24    | 0.6853   | 1.0693   | 0.9951 
3-5  | 68    | 0.6886   | 0.9838   | 0.8886 
6+   | 208   | 0.4090   | 0.4743   | 0.3671 

Epoch 51: loss = 0.252355 delta_mae_pts = 0.6074 recap_mae_pts = 0.6074 cat_mae_pts = 0.6633 total_mae_pts = 1.5109 vs_inertia_pts = 0.3644 vs_quad_pts = 1.4849 mon_cov = 0.931 mon_score = 1.3080 time = 6050.80 s

Epoch 52: Weights {"totalWeight":0,"recapWeight":0.44000000000000006,"deltaWeight":0.8400000000000001,"categoryWeight":0.05,"quantileWeight":0.084,"consistencyWeight":0,"identityDropoutRate":0.95}, Scales {"judgeBias":0.8666666666666667,"corps":0.24}, SeqLen 15, ID_Drop 0.952, WFW 1.354 

History Bucket Diagnostics (Avg Abs Error per sample, normalized units):
Hist | Count | MAE_Pred | MAE_Base | PredDevFromBase
-----|-------|----------|----------|----------------
0    | 71    | 1.0823   | 2.2794   | 2.2746 
1    | 31    | 0.7249   | 1.2121   | 1.1274 
2    | 24    | 0.6686   | 1.0693   | 0.9547 
3-5  | 68    | 0.6683   | 0.9838   | 0.8983 
6+   | 208   | 0.4134   | 0.4743   | 0.3724 

Epoch 52: loss = 0.243433 delta_mae_pts = 0.6139 recap_mae_pts = 0.6139 cat_mae_pts = 0.6408 total_mae_pts = 1.3262 vs_inertia_pts = 0.3578 vs_quad_pts = 1.4784 mon_cov = 0.923 mon_score = 1.2694 time = 6166.77 s

Epoch 53: Weights {"totalWeight":0,"recapWeight":0.4225000000000001,"deltaWeight":0.8600000000000001,"categoryWeight":0.05,"quantileWeight":0.08600000000000001,"consistencyWeight":0,"identityDropoutRate":0.95}, Scales {"judgeBias":0.8833333333333333,"corps":0.26}, SeqLen 15, ID_Drop 0.955, WFW 1.386 

History Bucket Diagnostics (Avg Abs Error per sample, normalized units):
Hist | Count | MAE_Pred | MAE_Base | PredDevFromBase
-----|-------|----------|----------|----------------
0    | 71    | 1.0298   | 2.2794   | 2.1200 
1    | 31    | 0.8580   | 1.2121   | 0.9595 
2    | 24    | 0.6874   | 1.0693   | 0.9446 
3-5  | 68    | 0.6488   | 0.9838   | 0.8959 
6+   | 208   | 0.4007   | 0.4743   | 0.3535 

Epoch 53: loss = 0.201081 delta_mae_pts = 0.6062 recap_mae_pts = 0.6062 cat_mae_pts = 0.6317 total_mae_pts = 1.3949 vs_inertia_pts = 0.3655 vs_quad_pts = 1.4861 mon_cov = 0.926 mon_score = 1.2289 time = 6283.43 s
Saved BEST checkpoint @epoch 53 score = 1.2289 -> models\v9_subcaption_fixed\v9fix_w1p0_cov4_1770464048897\best 

Epoch 54: Weights {"totalWeight":0,"recapWeight":0.405,"deltaWeight":0.8800000000000001,"categoryWeight":0.05,"quantileWeight":0.08800000000000001,"consistencyWeight":0,"identityDropoutRate":0.95}, Scales {"judgeBias":0.9,"corps":0.28}, SeqLen 15, ID_Drop 0.949, WFW 1.415 

History Bucket Diagnostics (Avg Abs Error per sample, normalized units):
Hist | Count | MAE_Pred | MAE_Base | PredDevFromBase
-----|-------|----------|----------|----------------
0    | 71    | 1.0464   | 2.2794   | 2.3131 
1    | 31    | 0.7444   | 1.2121   | 1.2224 
2    | 24    | 0.6685   | 1.0693   | 0.9786 
3-5  | 68    | 0.6685   | 0.9838   | 0.8546 
6+   | 208   | 0.4093   | 0.4743   | 0.3508 

Epoch 54: loss = 0.198409 delta_mae_pts = 0.6070 recap_mae_pts = 0.6070 cat_mae_pts = 0.6254 total_mae_pts = 1.4023 vs_inertia_pts = 0.3647 vs_quad_pts = 1.4853 mon_cov = 0.932 mon_score = 1.3039 time = 6400.54 s

Epoch 55: Weights {"totalWeight":0,"recapWeight":0.38750000000000007,"deltaWeight":0.9000000000000001,"categoryWeight":0.05,"quantileWeight":0.09000000000000001,"consistencyWeight":0,"identityDropoutRate":0.95}, Scales {"judgeBias":0.9166666666666666,"corps":0.3}, SeqLen 15, ID_Drop 0.948, WFW 1.440 

History Bucket Diagnostics (Avg Abs Error per sample, normalized units):
Hist | Count | MAE_Pred | MAE_Base | PredDevFromBase
-----|-------|----------|----------|----------------
0    | 71    | 1.0171   | 2.2794   | 2.2868 
1    | 31    | 0.8501   | 1.2121   | 1.3316 
2    | 24    | 0.6979   | 1.0693   | 0.8701 
3-5  | 68    | 0.6064   | 0.9838   | 0.8754 
6+   | 208   | 0.3999   | 0.4743   | 0.3688 

Epoch 55: loss = 0.199387 delta_mae_pts = 0.5963 recap_mae_pts = 0.5963 cat_mae_pts = 0.6353 total_mae_pts = 1.3881 vs_inertia_pts = 0.3754 vs_quad_pts = 1.4960 mon_cov = 0.923 mon_score = 1.2491 time = 6516.20 s

Epoch 56: Weights {"totalWeight":0,"recapWeight":0.37,"deltaWeight":0.9200000000000002,"categoryWeight":0.05,"quantileWeight":0.09200000000000001,"consistencyWeight":0,"identityDropoutRate":0.95}, Scales {"judgeBias":0.9333333333333333,"corps":0.32}, SeqLen 15, ID_Drop 0.953, WFW 1.461 

History Bucket Diagnostics (Avg Abs Error per sample, normalized units):
Hist | Count | MAE_Pred | MAE_Base | PredDevFromBase
-----|-------|----------|----------|----------------
0    | 71    | 1.0311   | 2.2794   | 2.2470 
1    | 31    | 0.7542   | 1.2121   | 1.1475 
2    | 24    | 0.6839   | 1.0693   | 0.9582 
3-5  | 68    | 0.5909   | 0.9838   | 0.9057 
6+   | 208   | 0.4033   | 0.4743   | 0.3468 

Epoch 56: loss = 0.196818 delta_mae_pts = 0.5897 recap_mae_pts = 0.5897 cat_mae_pts = 0.6024 total_mae_pts = 1.2631 vs_inertia_pts = 0.3820 vs_quad_pts = 1.5026 mon_cov = 0.921 mon_score = 1.1895 time = 6631.75 s
Saved BEST checkpoint @epoch 56 score = 1.1895 -> models\v9_subcaption_fixed\v9fix_w1p0_cov4_1770464048897\best 

Epoch 57: Weights {"totalWeight":0,"recapWeight":0.35250000000000004,"deltaWeight":0.9400000000000002,"categoryWeight":0.05,"quantileWeight":0.09400000000000001,"consistencyWeight":0,"identityDropoutRate":0.95}, Scales {"judgeBias":0.95,"corps":0.34}, SeqLen 15, ID_Drop 0.953, WFW 1.478 

History Bucket Diagnostics (Avg Abs Error per sample, normalized units):
Hist | Count | MAE_Pred | MAE_Base | PredDevFromBase
-----|-------|----------|----------|----------------
0    | 71    | 1.0013   | 2.2794   | 2.2924 
1    | 31    | 0.7873   | 1.2121   | 1.3374 
2    | 24    | 0.6897   | 1.0693   | 0.9520 
3-5  | 68    | 0.6296   | 0.9838   | 0.8382 
6+   | 208   | 0.4060   | 0.4743   | 0.3497 

Epoch 57: loss = 0.195879 delta_mae_pts = 0.5953 recap_mae_pts = 0.5953 cat_mae_pts = 0.6234 total_mae_pts = 1.3976 vs_inertia_pts = 0.3764 vs_quad_pts = 1.4969 mon_cov = 0.934 mon_score = 1.2609 time = 6747.73 s

Epoch 58: Weights {"totalWeight":0,"recapWeight":0.3350000000000001,"deltaWeight":0.96,"categoryWeight":0.05,"quantileWeight":0.096,"consistencyWeight":0,"identityDropoutRate":0.95}, Scales {"judgeBias":0.9666666666666667,"corps":0.36}, SeqLen 15, ID_Drop 0.947, WFW 1.490 

History Bucket Diagnostics (Avg Abs Error per sample, normalized units):
Hist | Count | MAE_Pred | MAE_Base | PredDevFromBase
-----|-------|----------|----------|----------------
0    | 71    | 1.0662   | 2.2794   | 2.2140 
1    | 31    | 0.7826   | 1.2121   | 1.2222 
2    | 24    | 0.6877   | 1.0693   | 0.8893 
3-5  | 68    | 0.6114   | 0.9838   | 0.8532 
6+   | 208   | 0.4174   | 0.4743   | 0.3271 

Epoch 58: loss = 0.207842 delta_mae_pts = 0.6091 recap_mae_pts = 0.6091 cat_mae_pts = 0.6442 total_mae_pts = 1.4274 vs_inertia_pts = 0.3626 vs_quad_pts = 1.4832 mon_cov = 0.936 mon_score = 1.3182 time = 6862.84 s

Epoch 59: Weights {"totalWeight":0,"recapWeight":0.3175,"deltaWeight":0.98,"categoryWeight":0.05,"quantileWeight":0.098,"consistencyWeight":0,"identityDropoutRate":0.95}, Scales {"judgeBias":0.9833333333333333,"corps":0.38}, SeqLen 15, ID_Drop 0.953, WFW 1.497 

History Bucket Diagnostics (Avg Abs Error per sample, normalized units):
Hist | Count | MAE_Pred | MAE_Base | PredDevFromBase
-----|-------|----------|----------|----------------
0    | 71    | 0.9084   | 2.2794   | 2.1139 
1    | 31    | 0.7191   | 1.2121   | 1.1662 
2    | 24    | 0.6864   | 1.0693   | 0.8704 
3-5  | 68    | 0.6021   | 0.9838   | 0.8791 
6+   | 208   | 0.3954   | 0.4743   | 0.3402 

Epoch 59: loss = 0.227365 delta_mae_pts = 0.5633 recap_mae_pts = 0.5633 cat_mae_pts = 0.6212 total_mae_pts = 1.3424 vs_inertia_pts = 0.4084 vs_quad_pts = 1.5290 mon_cov = 0.941 mon_score = 1.2560 time = 6978.61 s

Epoch 60: Weights {"totalWeight":0.1,"recapWeight":0.05,"deltaWeight":9.75,"categoryWeight":0.05,"quantileWeight":0.2,"consistencyWeight":0,"identityDropoutRate":1}, Scales {"judgeBias":1,"corps":0.4}, SeqLen 15, ID_Drop 1.000, WFW 1.500 

History Bucket Diagnostics (Avg Abs Error per sample, normalized units):
Hist | Count | MAE_Pred | MAE_Base | PredDevFromBase
-----|-------|----------|----------|----------------
0    | 71    | 0.9829   | 2.2794   | 2.1322 
1    | 31    | 0.8860   | 1.2121   | 1.1686 
2    | 24    | 0.6981   | 1.0693   | 0.8775 
3-5  | 68    | 0.6583   | 0.9838   | 0.7893 
6+   | 208   | 0.4268   | 0.4743   | 0.3274 

Epoch 60: loss = 1.218716 delta_mae_pts = 0.6158 recap_mae_pts = 0.6158 cat_mae_pts = 0.6781 total_mae_pts = 1.5373 vs_inertia_pts = 0.3560 vs_quad_pts = 1.4765 mon_cov = 0.928 mon_score = 6.7246 time = 7095.88 s

Epoch 61: Weights {"totalWeight":0.1,"recapWeight":0.05,"deltaWeight":9.75,"categoryWeight":0.05,"quantileWeight":0.2036,"consistencyWeight":0,"identityDropoutRate":1}, Scales {"judgeBias":1,"corps":0.42}, SeqLen 15, ID_Drop 1.000, WFW 1.500 

History Bucket Diagnostics (Avg Abs Error per sample, normalized units):
Hist | Count | MAE_Pred | MAE_Base | PredDevFromBase
-----|-------|----------|----------|----------------
0    | 71    | 0.9832   | 2.2794   | 2.0109 
1    | 31    | 0.6811   | 1.2121   | 1.1652 
2    | 24    | 0.6152   | 1.0693   | 0.8902 
3-5  | 68    | 0.6344   | 0.9838   | 0.8248 
6+   | 208   | 0.4115   | 0.4743   | 0.3083 

Epoch 61: loss = 1.205366 delta_mae_pts = 0.5831 recap_mae_pts = 0.5831 cat_mae_pts = 0.6346 total_mae_pts = 1.4112 vs_inertia_pts = 0.3886 vs_quad_pts = 1.5092 mon_cov = 0.928 mon_score = 6.3654 time = 7213.36 s

Epoch 62: Weights {"totalWeight":0.1,"recapWeight":0.05,"deltaWeight":9.75,"categoryWeight":0.05,"quantileWeight":0.20720000000000002,"consistencyWeight":0,"identityDropoutRate":1}, Scales {"judgeBias":1,"corps":0.44}, SeqLen 15, ID_Drop 1.000, WFW 1.500 

History Bucket Diagnostics (Avg Abs Error per sample, normalized units):
Hist | Count | MAE_Pred | MAE_Base | PredDevFromBase
-----|-------|----------|----------|----------------
0    | 71    | 0.9095   | 2.2794   | 1.9713 
1    | 31    | 0.9056   | 1.2121   | 0.7136 
2    | 24    | 0.6870   | 1.0693   | 0.7741 
3-5  | 68    | 0.6344   | 0.9838   | 0.7921 
6+   | 208   | 0.4048   | 0.4743   | 0.3263 

Epoch 62: loss = 1.191707 delta_mae_pts = 0.5882 recap_mae_pts = 0.5882 cat_mae_pts = 0.6299 total_mae_pts = 1.3895 vs_inertia_pts = 0.3835 vs_quad_pts = 1.5040 mon_cov = 0.933 mon_score = 6.4003 time = 7330.14 s

Epoch 63: Weights {"totalWeight":0.1,"recapWeight":0.05,"deltaWeight":9.75,"categoryWeight":0.05,"quantileWeight":0.21080000000000002,"consistencyWeight":0,"identityDropoutRate":1}, Scales {"judgeBias":1,"corps":0.46}, SeqLen 15, ID_Drop 1.000, WFW 1.500 

History Bucket Diagnostics (Avg Abs Error per sample, normalized units):
Hist | Count | MAE_Pred | MAE_Base | PredDevFromBase
-----|-------|----------|----------|----------------
0    | 71    | 1.0305   | 2.2794   | 2.2061 
1    | 31    | 0.8026   | 1.2121   | 1.1625 
2    | 24    | 0.5874   | 1.0693   | 0.9418 
3-5  | 68    | 0.6229   | 0.9838   | 0.8261 
6+   | 208   | 0.4075   | 0.4743   | 0.3374 

Epoch 63: loss = 1.158369 delta_mae_pts = 0.5952 recap_mae_pts = 0.5952 cat_mae_pts = 0.6581 total_mae_pts = 1.5310 vs_inertia_pts = 0.3766 vs_quad_pts = 1.4971 mon_cov = 0.933 mon_score = 6.4858 time = 7445.60 s

Epoch 64: Weights {"totalWeight":0.1,"recapWeight":0.05,"deltaWeight":9.75,"categoryWeight":0.05,"quantileWeight":0.2144,"consistencyWeight":0,"identityDropoutRate":1}, Scales {"judgeBias":1,"corps":0.48}, SeqLen 15, ID_Drop 1.000, WFW 1.500 

History Bucket Diagnostics (Avg Abs Error per sample, normalized units):
Hist | Count | MAE_Pred | MAE_Base | PredDevFromBase
-----|-------|----------|----------|----------------
0    | 71    | 0.9346   | 2.2794   | 2.0885 
1    | 31    | 0.6317   | 1.2121   | 1.0888 
2    | 24    | 0.7037   | 1.0693   | 1.0625 
3-5  | 68    | 0.6183   | 0.9838   | 0.9446 
6+   | 208   | 0.4069   | 0.4743   | 0.3902 

Epoch 64: loss = 1.175874 delta_mae_pts = 0.5709 recap_mae_pts = 0.5709 cat_mae_pts = 0.6043 total_mae_pts = 1.3138 vs_inertia_pts = 0.4008 vs_quad_pts = 1.5214 mon_cov = 0.939 mon_score = 6.2288 time = 7561.76 s

Epoch 65: Weights {"totalWeight":0.1,"recapWeight":0.05,"deltaWeight":9.75,"categoryWeight":0.05,"quantileWeight":0.21800000000000003,"consistencyWeight":0,"identityDropoutRate":1}, Scales {"judgeBias":1,"corps":0.5}, SeqLen 15, ID_Drop 1.000, WFW 1.500 

History Bucket Diagnostics (Avg Abs Error per sample, normalized units):
Hist | Count | MAE_Pred | MAE_Base | PredDevFromBase
-----|-------|----------|----------|----------------
0    | 71    | 0.9083   | 2.2794   | 2.1869 
1    | 31    | 0.8029   | 1.2121   | 0.8765 
2    | 24    | 0.6843   | 1.0693   | 0.8861 
3-5  | 68    | 0.6643   | 0.9838   | 0.7785 
6+   | 208   | 0.3887   | 0.4743   | 0.3346 

Epoch 65: loss = 1.134467 delta_mae_pts = 0.5766 recap_mae_pts = 0.5766 cat_mae_pts = 0.6144 total_mae_pts = 1.3475 vs_inertia_pts = 0.3951 vs_quad_pts = 1.5156 mon_cov = 0.927 mon_score = 6.2834 time = 7677.41 s

Epoch 66: Weights {"totalWeight":0.1,"recapWeight":0.05,"deltaWeight":9.75,"categoryWeight":0.05,"quantileWeight":0.22160000000000002,"consistencyWeight":0,"identityDropoutRate":1}, Scales {"judgeBias":1,"corps":0.52}, SeqLen 15, ID_Drop 1.000, WFW 1.500 

History Bucket Diagnostics (Avg Abs Error per sample, normalized units):
Hist | Count | MAE_Pred | MAE_Base | PredDevFromBase
-----|-------|----------|----------|----------------
0    | 71    | 0.9423   | 2.2794   | 2.1338 
1    | 31    | 0.6828   | 1.2121   | 1.0328 
2    | 24    | 0.7299   | 1.0693   | 0.7503 
3-5  | 68    | 0.6434   | 0.9838   | 0.7007 
6+   | 208   | 0.4377   | 0.4743   | 0.3361 

Epoch 66: loss = 1.158624 delta_mae_pts = 0.5980 recap_mae_pts = 0.5980 cat_mae_pts = 0.6831 total_mae_pts = 1.6229 vs_inertia_pts = 0.3737 vs_quad_pts = 1.4943 mon_cov = 0.928 mon_score = 6.5225 time = 7813.58 s

Epoch 67: Weights {"totalWeight":0.1,"recapWeight":0.05,"deltaWeight":9.75,"categoryWeight":0.05,"quantileWeight":0.2252,"consistencyWeight":0,"identityDropoutRate":1}, Scales {"judgeBias":1,"corps":0.54}, SeqLen 15, ID_Drop 1.000, WFW 1.500 

History Bucket Diagnostics (Avg Abs Error per sample, normalized units):
Hist | Count | MAE_Pred | MAE_Base | PredDevFromBase
-----|-------|----------|----------|----------------
0    | 71    | 1.0001   | 2.2794   | 2.2304 
1    | 31    | 0.7644   | 1.2121   | 1.3406 
2    | 24    | 0.6782   | 1.0693   | 1.1213 
3-5  | 68    | 0.5954   | 0.9838   | 0.9011 
6+   | 208   | 0.3861   | 0.4743   | 0.3678 

Epoch 67: loss = 1.216070 delta_mae_pts = 0.5766 recap_mae_pts = 0.5766 cat_mae_pts = 0.5965 total_mae_pts = 1.2580 vs_inertia_pts = 0.3952 vs_quad_pts = 1.5157 mon_cov = 0.940 mon_score = 6.3157 time = 7904.17 s

Epoch 68: Weights {"totalWeight":0.1,"recapWeight":0.05,"deltaWeight":9.75,"categoryWeight":0.05,"quantileWeight":0.2288,"consistencyWeight":0,"identityDropoutRate":1}, Scales {"judgeBias":1,"corps":0.56}, SeqLen 15, ID_Drop 1.000, WFW 1.500 

History Bucket Diagnostics (Avg Abs Error per sample, normalized units):
Hist | Count | MAE_Pred | MAE_Base | PredDevFromBase
-----|-------|----------|----------|----------------
0    | 71    | 0.8954   | 2.2794   | 2.1424 
1    | 31    | 0.7466   | 1.2121   | 1.1390 
2    | 24    | 0.6531   | 1.0693   | 0.9739 
3-5  | 68    | 0.5794   | 0.9838   | 0.8492 
6+   | 208   | 0.3941   | 0.4743   | 0.3352 

Epoch 68: loss = 1.261853 delta_mae_pts = 0.5566 recap_mae_pts = 0.5566 cat_mae_pts = 0.6119 total_mae_pts = 1.2810 vs_inertia_pts = 0.4151 vs_quad_pts = 1.5356 mon_cov = 0.941 mon_score = 6.0853 time = 8020.97 s

Epoch 69: Weights {"totalWeight":0.1,"recapWeight":0.05,"deltaWeight":9.75,"categoryWeight":0.05,"quantileWeight":0.2324,"consistencyWeight":0,"identityDropoutRate":1}, Scales {"judgeBias":1,"corps":0.58}, SeqLen 15, ID_Drop 1.000, WFW 1.500 

History Bucket Diagnostics (Avg Abs Error per sample, normalized units):
Hist | Count | MAE_Pred | MAE_Base | PredDevFromBase
-----|-------|----------|----------|----------------
0    | 71    | 0.8994   | 2.2794   | 2.0401 
1    | 31    | 0.6152   | 1.2121   | 1.0709 
2    | 24    | 0.6269   | 1.0693   | 0.9282 
3-5  | 68    | 0.6185   | 0.9838   | 0.8551 
6+   | 208   | 0.3897   | 0.4743   | 0.3284 

Epoch 69: loss = 1.168462 delta_mae_pts = 0.5500 recap_mae_pts = 0.5500 cat_mae_pts = 0.5792 total_mae_pts = 1.2050 vs_inertia_pts = 0.4217 vs_quad_pts = 1.5423 mon_cov = 0.940 mon_score = 6.0375 time = 8135.30 s

Epoch 70: Weights {"totalWeight":0.1,"recapWeight":0.05,"deltaWeight":9.75,"categoryWeight":0.05,"quantileWeight":0.23600000000000002,"consistencyWeight":0,"identityDropoutRate":1}, Scales {"judgeBias":1,"corps":0.6}, SeqLen 15, ID_Drop 1.000, WFW 1.500 

History Bucket Diagnostics (Avg Abs Error per sample, normalized units):
Hist | Count | MAE_Pred | MAE_Base | PredDevFromBase
-----|-------|----------|----------|----------------
0    | 71    | 0.9933   | 2.2794   | 1.9272 
1    | 31    | 0.7292   | 1.2121   | 0.9368 
2    | 24    | 0.6745   | 1.0693   | 0.9076 
3-5  | 68    | 0.6177   | 0.9838   | 0.8401 
6+   | 208   | 0.3977   | 0.4743   | 0.3257 

Epoch 70: loss = 1.129934 delta_mae_pts = 0.5822 recap_mae_pts = 0.5822 cat_mae_pts = 0.6258 total_mae_pts = 1.3761 vs_inertia_pts = 0.3895 vs_quad_pts = 1.5101 mon_cov = 0.928 mon_score = 6.3273 time = 8249.80 s

Epoch 71: Weights {"totalWeight":0.1,"recapWeight":0.05,"deltaWeight":9.75,"categoryWeight":0.05,"quantileWeight":0.2396,"consistencyWeight":0,"identityDropoutRate":1}, Scales {"judgeBias":1,"corps":0.62}, SeqLen 15, ID_Drop 1.000, WFW 1.500 

History Bucket Diagnostics (Avg Abs Error per sample, normalized units):
Hist | Count | MAE_Pred | MAE_Base | PredDevFromBase
-----|-------|----------|----------|----------------
0    | 71    | 0.9488   | 2.2794   | 2.1710 
1    | 31    | 0.7069   | 1.2121   | 1.1424 
2    | 24    | 0.7012   | 1.0693   | 0.9084 
3-5  | 68    | 0.5855   | 0.9838   | 0.8996 
6+   | 208   | 0.3896   | 0.4743   | 0.3545 

Epoch 71: loss = 1.220795 delta_mae_pts = 0.5646 recap_mae_pts = 0.5646 cat_mae_pts = 0.6018 total_mae_pts = 1.2818 vs_inertia_pts = 0.4071 vs_quad_pts = 1.5277 mon_cov = 0.940 mon_score = 6.1792 time = 8364.76 s

Epoch 72: Weights {"totalWeight":0.1,"recapWeight":0.05,"deltaWeight":9.75,"categoryWeight":0.05,"quantileWeight":0.24320000000000003,"consistencyWeight":0,"identityDropoutRate":1}, Scales {"judgeBias":1,"corps":0.64}, SeqLen 15, ID_Drop 1.000, WFW 1.500 

History Bucket Diagnostics (Avg Abs Error per sample, normalized units):
Hist | Count | MAE_Pred | MAE_Base | PredDevFromBase
-----|-------|----------|----------|----------------
0    | 71    | 1.1113   | 2.2794   | 2.3711 
1    | 31    | 0.6911   | 1.2121   | 1.1566 
2    | 24    | 0.6440   | 1.0693   | 0.9530 
3-5  | 68    | 0.6076   | 0.9838   | 0.8597 
6+   | 208   | 0.4039   | 0.4743   | 0.3643 

Epoch 72: loss = 1.222779 delta_mae_pts = 0.5998 recap_mae_pts = 0.5998 cat_mae_pts = 0.6470 total_mae_pts = 1.4120 vs_inertia_pts = 0.3719 vs_quad_pts = 1.4925 mon_cov = 0.931 mon_score = 6.4941 time = 8482.19 s

Epoch 73: Weights {"totalWeight":0.1,"recapWeight":0.05,"deltaWeight":9.75,"categoryWeight":0.05,"quantileWeight":0.24680000000000002,"consistencyWeight":0,"identityDropoutRate":1}, Scales {"judgeBias":1,"corps":0.66}, SeqLen 15, ID_Drop 1.000, WFW 1.500 

History Bucket Diagnostics (Avg Abs Error per sample, normalized units):
Hist | Count | MAE_Pred | MAE_Base | PredDevFromBase
-----|-------|----------|----------|----------------
0    | 71    | 1.1732   | 2.2794   | 2.4680 
1    | 31    | 0.7002   | 1.2121   | 1.1263 
2    | 24    | 0.5837   | 1.0693   | 0.9131 
3-5  | 68    | 0.5835   | 0.9838   | 0.8322 
6+   | 208   | 0.4041   | 0.4743   | 0.3613 

Epoch 73: loss = 1.243683 delta_mae_pts = 0.6038 recap_mae_pts = 0.6038 cat_mae_pts = 0.6205 total_mae_pts = 1.3457 vs_inertia_pts = 0.3679 vs_quad_pts = 1.4884 mon_cov = 0.935 mon_score = 6.5643 time = 8598.49 s

Epoch 74: Weights {"totalWeight":0.1,"recapWeight":0.05,"deltaWeight":9.75,"categoryWeight":0.05,"quantileWeight":0.2504,"consistencyWeight":0,"identityDropoutRate":1}, Scales {"judgeBias":1,"corps":0.68}, SeqLen 15, ID_Drop 1.000, WFW 1.500 

History Bucket Diagnostics (Avg Abs Error per sample, normalized units):
Hist | Count | MAE_Pred | MAE_Base | PredDevFromBase
-----|-------|----------|----------|----------------
0    | 71    | 1.1833   | 2.2794   | 2.3572 
1    | 31    | 0.7156   | 1.2121   | 1.1468 
2    | 24    | 0.7128   | 1.0693   | 0.8998 
3-5  | 68    | 0.6186   | 0.9838   | 0.8552 
6+   | 208   | 0.4168   | 0.4743   | 0.3609 

Epoch 74: loss = 1.213685 delta_mae_pts = 0.6271 recap_mae_pts = 0.6271 cat_mae_pts = 0.6762 total_mae_pts = 1.5073 vs_inertia_pts = 0.3447 vs_quad_pts = 1.4652 mon_cov = 0.934 mon_score = 6.7991 time = 8715.06 s

--- NO IMPROVEMENT FOR 18 EPOCHS: Reducing LR to 0.000375 ---

Epoch 75: Weights {"totalWeight":0.1,"recapWeight":0.05,"deltaWeight":9.75,"categoryWeight":0.05,"quantileWeight":0.254,"consistencyWeight":0,"identityDropoutRate":1}, Scales {"judgeBias":1,"corps":0.7}, SeqLen 15, ID_Drop 1.000, WFW 1.500 

History Bucket Diagnostics (Avg Abs Error per sample, normalized units):
Hist | Count | MAE_Pred | MAE_Base | PredDevFromBase
-----|-------|----------|----------|----------------
0    | 71    | 1.1492   | 2.2794   | 2.3993 
1    | 31    | 0.7767   | 1.2121   | 1.1766 
2    | 24    | 0.7484   | 1.0693   | 0.9622 
3-5  | 68    | 0.5803   | 0.9838   | 0.8950 
6+   | 208   | 0.4042   | 0.4743   | 0.3788 

Epoch 75: loss = 1.167862 delta_mae_pts = 0.6148 recap_mae_pts = 0.6148 cat_mae_pts = 0.6289 total_mae_pts = 1.3990 vs_inertia_pts = 0.3569 vs_quad_pts = 1.4774 mon_cov = 0.940 mon_score = 6.6823 time = 8832.19 s

Epoch 76: Weights {"totalWeight":0.1,"recapWeight":0.05,"deltaWeight":9.75,"categoryWeight":0.05,"quantileWeight":0.2576,"consistencyWeight":0,"identityDropoutRate":1}, Scales {"judgeBias":1,"corps":0.72}, SeqLen 15, ID_Drop 1.000, WFW 1.500 

History Bucket Diagnostics (Avg Abs Error per sample, normalized units):
Hist | Count | MAE_Pred | MAE_Base | PredDevFromBase
-----|-------|----------|----------|----------------
0    | 71    | 1.1198   | 2.2794   | 2.1664 
1    | 31    | 0.7161   | 1.2121   | 1.0448 
2    | 24    | 0.6456   | 1.0693   | 0.8451 
3-5  | 68    | 0.5989   | 0.9838   | 0.8614 
6+   | 208   | 0.3879   | 0.4743   | 0.3317 

Epoch 76: loss = 1.176282 delta_mae_pts = 0.5935 recap_mae_pts = 0.5935 cat_mae_pts = 0.6130 total_mae_pts = 1.3506 vs_inertia_pts = 0.3782 vs_quad_pts = 1.4988 mon_cov = 0.943 mon_score = 6.4541 time = 8947.98 s

Epoch 77: Weights {"totalWeight":0.1,"recapWeight":0.05,"deltaWeight":9.75,"categoryWeight":0.05,"quantileWeight":0.2612,"consistencyWeight":0,"identityDropoutRate":1}, Scales {"judgeBias":1,"corps":0.74}, SeqLen 15, ID_Drop 1.000, WFW 1.500 

History Bucket Diagnostics (Avg Abs Error per sample, normalized units):
Hist | Count | MAE_Pred | MAE_Base | PredDevFromBase
-----|-------|----------|----------|----------------
0    | 71    | 0.9794   | 2.2794   | 2.1762 
1    | 31    | 0.6313   | 1.2121   | 1.0212 
2    | 24    | 0.6853   | 1.0693   | 1.0455 
3-5  | 68    | 0.5811   | 0.9838   | 0.9674 
6+   | 208   | 0.3960   | 0.4743   | 0.3925 

Epoch 77: loss = 1.202908 delta_mae_pts = 0.5658 recap_mae_pts = 0.5658 cat_mae_pts = 0.5763 total_mae_pts = 1.2130 vs_inertia_pts = 0.4059 vs_quad_pts = 1.5265 mon_cov = 0.948 mon_score = 6.2104 time = 9063.26 s

Epoch 78: Weights {"totalWeight":0.1,"recapWeight":0.05,"deltaWeight":9.75,"categoryWeight":0.05,"quantileWeight":0.26480000000000004,"consistencyWeight":0,"identityDropoutRate":1}, Scales {"judgeBias":1,"corps":0.76}, SeqLen 15, ID_Drop 1.000, WFW 1.500 

History Bucket Diagnostics (Avg Abs Error per sample, normalized units):
Hist | Count | MAE_Pred | MAE_Base | PredDevFromBase
-----|-------|----------|----------|----------------
0    | 71    | 0.9733   | 2.2794   | 2.1854 
1    | 31    | 0.6339   | 1.2121   | 1.1109 
2    | 24    | 0.6864   | 1.0693   | 0.9899 
3-5  | 68    | 0.6047   | 0.9838   | 0.9447 
6+   | 208   | 0.3834   | 0.4743   | 0.3737 

Epoch 78: loss = 1.219689 delta_mae_pts = 0.5624 recap_mae_pts = 0.5624 cat_mae_pts = 0.5788 total_mae_pts = 1.2535 vs_inertia_pts = 0.4093 vs_quad_pts = 1.5298 mon_cov = 0.942 mon_score = 6.1411 time = 9179.01 s

Epoch 79: Weights {"totalWeight":0.1,"recapWeight":0.05,"deltaWeight":9.75,"categoryWeight":0.05,"quantileWeight":0.2684,"consistencyWeight":0,"identityDropoutRate":1}, Scales {"judgeBias":1,"corps":0.78}, SeqLen 15, ID_Drop 1.000, WFW 1.500 

History Bucket Diagnostics (Avg Abs Error per sample, normalized units):
Hist | Count | MAE_Pred | MAE_Base | PredDevFromBase
-----|-------|----------|----------|----------------
0    | 71    | 1.0114   | 2.2794   | 2.1943 
1    | 31    | 0.7766   | 1.2121   | 1.1106 
2    | 24    | 0.6780   | 1.0693   | 0.7668 
3-5  | 68    | 0.5945   | 0.9838   | 0.8156 
6+   | 208   | 0.3985   | 0.4743   | 0.3252 

Epoch 79: loss = 1.121075 delta_mae_pts = 0.5857 recap_mae_pts = 0.5857 cat_mae_pts = 0.6259 total_mae_pts = 1.4259 vs_inertia_pts = 0.3860 vs_quad_pts = 1.5066 mon_cov = 0.938 mon_score = 6.3863 time = 9296.67 s

Epoch 80: Weights {"totalWeight":0.1,"recapWeight":0.05,"deltaWeight":9.75,"categoryWeight":0.05,"quantileWeight":0.272,"consistencyWeight":0,"identityDropoutRate":1}, Scales {"judgeBias":1,"corps":0.8}, SeqLen 15, ID_Drop 1.000, WFW 1.500 

History Bucket Diagnostics (Avg Abs Error per sample, normalized units):
Hist | Count | MAE_Pred | MAE_Base | PredDevFromBase
-----|-------|----------|----------|----------------
0    | 71    | 0.9463   | 2.2794   | 2.1985 
1    | 31    | 0.6185   | 1.2121   | 1.0986 
2    | 24    | 0.6501   | 1.0693   | 0.9198 
3-5  | 68    | 0.5776   | 0.9838   | 0.8579 
6+   | 208   | 0.3809   | 0.4743   | 0.3508 

Epoch 80: loss = 1.163777 delta_mae_pts = 0.5484 recap_mae_pts = 0.5484 cat_mae_pts = 0.5726 total_mae_pts = 1.2049 vs_inertia_pts = 0.4233 vs_quad_pts = 1.5439 mon_cov = 0.943 mon_score = 6.0039 time = 9414.06 s

Epoch 81: Weights {"totalWeight":0.1,"recapWeight":0.05,"deltaWeight":9.75,"categoryWeight":0.05,"quantileWeight":0.2756,"consistencyWeight":0,"identityDropoutRate":1}, Scales {"judgeBias":1,"corps":0.82}, SeqLen 15, ID_Drop 1.000, WFW 1.500 

History Bucket Diagnostics (Avg Abs Error per sample, normalized units):
Hist | Count | MAE_Pred | MAE_Base | PredDevFromBase
-----|-------|----------|----------|----------------
0    | 71    | 0.9409   | 2.2794   | 2.0591 
1    | 31    | 0.6776   | 1.2121   | 1.0597 
2    | 24    | 0.6956   | 1.0693   | 0.7798 
3-5  | 68    | 0.6210   | 0.9838   | 0.8169 
6+   | 208   | 0.4055   | 0.4743   | 0.3406 

Epoch 81: loss = 1.169488 delta_mae_pts = 0.5748 recap_mae_pts = 0.5748 cat_mae_pts = 0.6245 total_mae_pts = 1.4067 vs_inertia_pts = 0.3969 vs_quad_pts = 1.5175 mon_cov = 0.934 mon_score = 6.3044 time = 9529.99 s

Epoch 82: Weights {"totalWeight":0.1,"recapWeight":0.05,"deltaWeight":9.75,"categoryWeight":0.05,"quantileWeight":0.2792,"consistencyWeight":0,"identityDropoutRate":1}, Scales {"judgeBias":1,"corps":0.84}, SeqLen 15, ID_Drop 1.000, WFW 1.500 

History Bucket Diagnostics (Avg Abs Error per sample, normalized units):
Hist | Count | MAE_Pred | MAE_Base | PredDevFromBase
-----|-------|----------|----------|----------------
0    | 71    | 1.0991   | 2.2794   | 2.2893 
1    | 31    | 0.6768   | 1.2121   | 1.1341 
2    | 24    | 0.6631   | 1.0693   | 0.9992 
3-5  | 68    | 0.5688   | 0.9838   | 0.9169 
6+   | 208   | 0.3804   | 0.4743   | 0.3896 

Epoch 82: loss = 1.154856 delta_mae_pts = 0.5789 recap_mae_pts = 0.5789 cat_mae_pts = 0.5988 total_mae_pts = 1.2693 vs_inertia_pts = 0.3928 vs_quad_pts = 1.5133 mon_cov = 0.939 mon_score = 6.3137 time = 9646.71 s

Epoch 83: Weights {"totalWeight":0.1,"recapWeight":0.05,"deltaWeight":9.75,"categoryWeight":0.05,"quantileWeight":0.2828,"consistencyWeight":0,"identityDropoutRate":1}, Scales {"judgeBias":1,"corps":0.86}, SeqLen 15, ID_Drop 1.000, WFW 1.500 

History Bucket Diagnostics (Avg Abs Error per sample, normalized units):
Hist | Count | MAE_Pred | MAE_Base | PredDevFromBase
-----|-------|----------|----------|----------------
0    | 71    | 1.0113   | 2.2794   | 2.1768 
1    | 31    | 0.6493   | 1.2121   | 0.8762 
2    | 24    | 0.7074   | 1.0693   | 0.7592 
3-5  | 68    | 0.5913   | 0.9838   | 0.7867 
6+   | 208   | 0.3807   | 0.4743   | 0.3293 

Epoch 83: loss = 1.155280 delta_mae_pts = 0.5679 recap_mae_pts = 0.5679 cat_mae_pts = 0.5892 total_mae_pts = 1.3090 vs_inertia_pts = 0.4038 vs_quad_pts = 1.5243 mon_cov = 0.944 mon_score = 6.2167 time = 9763.18 s

Epoch 84: Weights {"totalWeight":0.1,"recapWeight":0.05,"deltaWeight":9.75,"categoryWeight":0.05,"quantileWeight":0.2864,"consistencyWeight":0,"identityDropoutRate":1}, Scales {"judgeBias":1,"corps":0.88}, SeqLen 15, ID_Drop 1.000, WFW 1.500 

History Bucket Diagnostics (Avg Abs Error per sample, normalized units):
Hist | Count | MAE_Pred | MAE_Base | PredDevFromBase
-----|-------|----------|----------|----------------
0    | 71    | 1.0193   | 2.2794   | 2.1759 
1    | 31    | 0.6729   | 1.2121   | 1.1139 
2    | 24    | 0.6305   | 1.0693   | 0.8663 
3-5  | 68    | 0.5666   | 0.9838   | 0.8688 
6+   | 208   | 0.3990   | 0.4743   | 0.3707 

Epoch 84: loss = 1.216545 delta_mae_pts = 0.5718 recap_mae_pts = 0.5718 cat_mae_pts = 0.6089 total_mae_pts = 1.3462 vs_inertia_pts = 0.3999 vs_quad_pts = 1.5204 mon_cov = 0.939 mon_score = 6.2619 time = 9877.93 s

Epoch 85: Weights {"totalWeight":0.1,"recapWeight":0.05,"deltaWeight":9.75,"categoryWeight":0.05,"quantileWeight":0.29000000000000004,"consistencyWeight":0,"identityDropoutRate":1}, Scales {"judgeBias":1,"corps":0.9}, SeqLen 15, ID_Drop 1.000, WFW 1.500 

History Bucket Diagnostics (Avg Abs Error per sample, normalized units):
Hist | Count | MAE_Pred | MAE_Base | PredDevFromBase
-----|-------|----------|----------|----------------
0    | 71    | 1.0031   | 2.2794   | 2.2899 
1    | 31    | 0.8267   | 1.2121   | 1.2706 
2    | 24    | 0.6913   | 1.0693   | 0.7229 
3-5  | 68    | 0.5977   | 0.9838   | 0.8190 
6+   | 208   | 0.3954   | 0.4743   | 0.3248 

Epoch 85: loss = 1.123261 delta_mae_pts = 0.5879 recap_mae_pts = 0.5879 cat_mae_pts = 0.6178 total_mae_pts = 1.3879 vs_inertia_pts = 0.3838 vs_quad_pts = 1.5044 mon_cov = 0.938 mon_score = 6.4151 time = 9993.41 s

Epoch 86: Weights {"totalWeight":0.1,"recapWeight":0.05,"deltaWeight":9.75,"categoryWeight":0.05,"quantileWeight":0.2936,"consistencyWeight":0,"identityDropoutRate":1}, Scales {"judgeBias":1,"corps":0.92}, SeqLen 15, ID_Drop 1.000, WFW 1.500 

History Bucket Diagnostics (Avg Abs Error per sample, normalized units):
Hist | Count | MAE_Pred | MAE_Base | PredDevFromBase
-----|-------|----------|----------|----------------
0    | 71    | 1.0611   | 2.2794   | 2.3609 
1    | 31    | 0.6458   | 1.2121   | 1.1791 
2    | 24    | 0.6337   | 1.0693   | 0.9330 
3-5  | 68    | 0.5881   | 0.9838   | 0.9653 
6+   | 208   | 0.3893   | 0.4743   | 0.3715 

Epoch 86: loss = 1.111710 delta_mae_pts = 0.5760 recap_mae_pts = 0.5760 cat_mae_pts = 0.5852 total_mae_pts = 1.2725 vs_inertia_pts = 0.3957 vs_quad_pts = 1.5163 mon_cov = 0.941 mon_score = 6.2399 time = 10108.48 s

Epoch 87: Weights {"totalWeight":0.1,"recapWeight":0.05,"deltaWeight":9.75,"categoryWeight":0.05,"quantileWeight":0.2972,"consistencyWeight":0,"identityDropoutRate":1}, Scales {"judgeBias":1,"corps":0.94}, SeqLen 15, ID_Drop 1.000, WFW 1.500 

History Bucket Diagnostics (Avg Abs Error per sample, normalized units):
Hist | Count | MAE_Pred | MAE_Base | PredDevFromBase
-----|-------|----------|----------|----------------
0    | 71    | 1.0102   | 2.2794   | 2.2026 
1    | 31    | 0.6181   | 1.2121   | 1.1114 
2    | 24    | 0.6838   | 1.0693   | 0.9179 
3-5  | 68    | 0.5714   | 0.9838   | 0.9072 
6+   | 208   | 0.3962   | 0.4743   | 0.3690 

Epoch 87: loss = 1.074137 delta_mae_pts = 0.5686 recap_mae_pts = 0.5686 cat_mae_pts = 0.5973 total_mae_pts = 1.3269 vs_inertia_pts = 0.4032 vs_quad_pts = 1.5237 mon_cov = 0.942 mon_score = 6.2054 time = 10226.31 s

Epoch 88: Weights {"totalWeight":0.1,"recapWeight":0.05,"deltaWeight":9.75,"categoryWeight":0.05,"quantileWeight":0.3008,"consistencyWeight":0,"identityDropoutRate":1}, Scales {"judgeBias":1,"corps":0.96}, SeqLen 15, ID_Drop 1.000, WFW 1.500 

History Bucket Diagnostics (Avg Abs Error per sample, normalized units):
Hist | Count | MAE_Pred | MAE_Base | PredDevFromBase
-----|-------|----------|----------|----------------
0    | 71    | 1.0167   | 2.2794   | 2.2631 
1    | 31    | 0.6613   | 1.2121   | 1.1221 
2    | 24    | 0.6267   | 1.0693   | 0.8107 
3-5  | 68    | 0.6021   | 0.9838   | 0.8879 
6+   | 208   | 0.3884   | 0.4743   | 0.3537 

Epoch 88: loss = 1.089450 delta_mae_pts = 0.5708 recap_mae_pts = 0.5708 cat_mae_pts = 0.5882 total_mae_pts = 1.3247 vs_inertia_pts = 0.4009 vs_quad_pts = 1.5215 mon_cov = 0.942 mon_score = 6.2329 time = 10341.78 s

Epoch 89: Weights {"totalWeight":0.1,"recapWeight":0.05,"deltaWeight":9.75,"categoryWeight":0.05,"quantileWeight":0.3044,"consistencyWeight":0,"identityDropoutRate":1}, Scales {"judgeBias":1,"corps":0.98}, SeqLen 15, ID_Drop 1.000, WFW 1.500 

History Bucket Diagnostics (Avg Abs Error per sample, normalized units):
Hist | Count | MAE_Pred | MAE_Base | PredDevFromBase
-----|-------|----------|----------|----------------
0    | 71    | 0.9771   | 2.2794   | 2.2284 
1    | 31    | 0.5478   | 1.2121   | 1.0260 
2    | 24    | 0.6726   | 1.0693   | 0.8869 
3-5  | 68    | 0.5895   | 0.9838   | 0.8802 
6+   | 208   | 0.3950   | 0.4743   | 0.3949 

Epoch 89: loss = 1.074000 delta_mae_pts = 0.5591 recap_mae_pts = 0.5591 cat_mae_pts = 0.5777 total_mae_pts = 1.2127 vs_inertia_pts = 0.4126 vs_quad_pts = 1.5332 mon_cov = 0.945 mon_score = 6.1030 time = 10457.63 s

Epoch 90: Weights {"totalWeight":0.1,"recapWeight":0.05,"deltaWeight":9.75,"categoryWeight":0.05,"quantileWeight":0.308,"consistencyWeight":0,"identityDropoutRate":1}, Scales {"judgeBias":1,"corps":1}, SeqLen 15, ID_Drop 1.000, WFW 1.500 

History Bucket Diagnostics (Avg Abs Error per sample, normalized units):
Hist | Count | MAE_Pred | MAE_Base | PredDevFromBase
-----|-------|----------|----------|----------------
0    | 71    | 0.9827   | 2.2794   | 2.2060 
1    | 31    | 0.6314   | 1.2121   | 1.0758 
2    | 24    | 0.6720   | 1.0693   | 0.8317 
3-5  | 68    | 0.5919   | 0.9838   | 0.9000 
6+   | 208   | 0.3836   | 0.4743   | 0.3559 

Epoch 90: loss = 1.107454 delta_mae_pts = 0.5610 recap_mae_pts = 0.5610 cat_mae_pts = 0.5851 total_mae_pts = 1.1985 vs_inertia_pts = 0.4107 vs_quad_pts = 1.5313 mon_cov = 0.943 mon_score = 6.1015 time = 10570.26 s

Epoch 91: Weights {"totalWeight":0.1,"recapWeight":0.05,"deltaWeight":9.75,"categoryWeight":0.05,"quantileWeight":0.3116,"consistencyWeight":0,"identityDropoutRate":1}, Scales {"judgeBias":1,"corps":1}, SeqLen 15, ID_Drop 1.000, WFW 1.500 

History Bucket Diagnostics (Avg Abs Error per sample, normalized units):
Hist | Count | MAE_Pred | MAE_Base | PredDevFromBase
-----|-------|----------|----------|----------------
0    | 71    | 1.0404   | 2.2794   | 2.2253 
1    | 31    | 0.5928   | 1.2121   | 0.9737 
2    | 24    | 0.6222   | 1.0693   | 0.7973 
3-5  | 68    | 0.5462   | 0.9838   | 0.8419 
6+   | 208   | 0.3863   | 0.4743   | 0.3626 

Epoch 91: loss = 1.084657 delta_mae_pts = 0.5589 recap_mae_pts = 0.5589 cat_mae_pts = 0.6053 total_mae_pts = 1.2959 vs_inertia_pts = 0.4128 vs_quad_pts = 1.5334 mon_cov = 0.940 mon_score = 6.1021 time = 10685.77 s

Epoch 92: Weights {"totalWeight":0.1,"recapWeight":0.05,"deltaWeight":9.75,"categoryWeight":0.05,"quantileWeight":0.31520000000000004,"consistencyWeight":0,"identityDropoutRate":1}, Scales {"judgeBias":1,"corps":1}, SeqLen 15, ID_Drop 1.000, WFW 1.500 

History Bucket Diagnostics (Avg Abs Error per sample, normalized units):
Hist | Count | MAE_Pred | MAE_Base | PredDevFromBase
-----|-------|----------|----------|----------------
0    | 71    | 1.0270   | 2.2794   | 2.0382 
1    | 31    | 0.5793   | 1.2121   | 1.0753 
2    | 24    | 0.6477   | 1.0693   | 0.9086 
3-5  | 68    | 0.5807   | 0.9838   | 0.9151 
6+   | 208   | 0.3830   | 0.4743   | 0.3686 

Epoch 92: loss = 1.181270 delta_mae_pts = 0.5611 recap_mae_pts = 0.5611 cat_mae_pts = 0.5780 total_mae_pts = 1.2496 vs_inertia_pts = 0.4106 vs_quad_pts = 1.5311 mon_cov = 0.946 mon_score = 6.1369 time = 10800.58 s

--- NO IMPROVEMENT FOR 18 EPOCHS: Reducing LR to 0.000188 ---

Epoch 93: Weights {"totalWeight":0.1,"recapWeight":0.05,"deltaWeight":9.75,"categoryWeight":0.05,"quantileWeight":0.31880000000000003,"consistencyWeight":0,"identityDropoutRate":1}, Scales {"judgeBias":1,"corps":1}, SeqLen 15, ID_Drop 1.000, WFW 1.500 

History Bucket Diagnostics (Avg Abs Error per sample, normalized units):
Hist | Count | MAE_Pred | MAE_Base | PredDevFromBase
-----|-------|----------|----------|----------------
0    | 71    | 0.9607   | 2.2794   | 2.1892 
1    | 31    | 0.6818   | 1.2121   | 1.0890 
2    | 24    | 0.6686   | 1.0693   | 0.8667 
3-5  | 68    | 0.5755   | 0.9838   | 0.8855 
6+   | 208   | 0.3926   | 0.4743   | 0.3940 

Epoch 93: loss = 1.162820 delta_mae_pts = 0.5627 recap_mae_pts = 0.5627 cat_mae_pts = 0.5784 total_mae_pts = 1.3029 vs_inertia_pts = 0.4091 vs_quad_pts = 1.5296 mon_cov = 0.937 mon_score = 6.1304 time = 10917.65 s

Epoch 94: Weights {"totalWeight":0.1,"recapWeight":0.05,"deltaWeight":9.75,"categoryWeight":0.05,"quantileWeight":0.3224,"consistencyWeight":0,"identityDropoutRate":1}, Scales {"judgeBias":1,"corps":1}, SeqLen 15, ID_Drop 1.000, WFW 1.500 

History Bucket Diagnostics (Avg Abs Error per sample, normalized units):
Hist | Count | MAE_Pred | MAE_Base | PredDevFromBase
-----|-------|----------|----------|----------------
0    | 71    | 0.9354   | 2.2794   | 2.1256 
1    | 31    | 0.6451   | 1.2121   | 1.0804 
2    | 24    | 0.6496   | 1.0693   | 0.9006 
3-5  | 68    | 0.5566   | 0.9838   | 0.8991 
6+   | 208   | 0.3896   | 0.4743   | 0.3859 

Epoch 94: loss = 1.180603 delta_mae_pts = 0.5495 recap_mae_pts = 0.5495 cat_mae_pts = 0.5760 total_mae_pts = 1.2639 vs_inertia_pts = 0.4222 vs_quad_pts = 1.5428 mon_cov = 0.947 mon_score = 6.0489 time = 11033.64 s

Epoch 95: Weights {"totalWeight":0.1,"recapWeight":0.05,"deltaWeight":9.75,"categoryWeight":0.05,"quantileWeight":0.32600000000000007,"consistencyWeight":0,"identityDropoutRate":1}, Scales {"judgeBias":1,"corps":1}, SeqLen 15, ID_Drop 1.000, WFW 1.500 

History Bucket Diagnostics (Avg Abs Error per sample, normalized units):
Hist | Count | MAE_Pred | MAE_Base | PredDevFromBase
-----|-------|----------|----------|----------------
0    | 71    | 0.9728   | 2.2794   | 2.2316 
1    | 31    | 0.6244   | 1.2121   | 1.2076 
2    | 24    | 0.6272   | 1.0693   | 0.9875 
3-5  | 68    | 0.5454   | 0.9838   | 0.9066 
6+   | 208   | 0.3784   | 0.4743   | 0.3492 

Epoch 95: loss = 1.154418 delta_mae_pts = 0.5454 recap_mae_pts = 0.5454 cat_mae_pts = 0.5629 total_mae_pts = 1.2057 vs_inertia_pts = 0.4263 vs_quad_pts = 1.5469 mon_cov = 0.955 mon_score = 6.0405 time = 11150.82 s

Epoch 96: Weights {"totalWeight":0.1,"recapWeight":0.05,"deltaWeight":9.75,"categoryWeight":0.05,"quantileWeight":0.3296,"consistencyWeight":0,"identityDropoutRate":1}, Scales {"judgeBias":1,"corps":1}, SeqLen 15, ID_Drop 1.000, WFW 1.500 

History Bucket Diagnostics (Avg Abs Error per sample, normalized units):
Hist | Count | MAE_Pred | MAE_Base | PredDevFromBase
-----|-------|----------|----------|----------------
0    | 71    | 0.9543   | 2.2794   | 2.1633 
1    | 31    | 0.6170   | 1.2121   | 1.1820 
2    | 24    | 0.5757   | 1.0693   | 0.9231 
3-5  | 68    | 0.5209   | 0.9838   | 0.9089 
6+   | 208   | 0.3798   | 0.4743   | 0.3889 

Epoch 96: loss = 1.150787 delta_mae_pts = 0.5351 recap_mae_pts = 0.5351 cat_mae_pts = 0.5607 total_mae_pts = 1.2034 vs_inertia_pts = 0.4366 vs_quad_pts = 1.5572 mon_cov = 0.944 mon_score = 5.8435 time = 11268.11 s

Epoch 97: Weights {"totalWeight":0.1,"recapWeight":0.05,"deltaWeight":9.75,"categoryWeight":0.05,"quantileWeight":0.3332,"consistencyWeight":0,"identityDropoutRate":1}, Scales {"judgeBias":1,"corps":1}, SeqLen 15, ID_Drop 1.000, WFW 1.500 

History Bucket Diagnostics (Avg Abs Error per sample, normalized units):
Hist | Count | MAE_Pred | MAE_Base | PredDevFromBase
-----|-------|----------|----------|----------------
0    | 71    | 0.9328   | 2.2794   | 2.1227 
1    | 31    | 0.6204   | 1.2121   | 1.1081 
2    | 24    | 0.5974   | 1.0693   | 0.9223 
3-5  | 68    | 0.5174   | 0.9838   | 0.8697 
6+   | 208   | 0.3864   | 0.4743   | 0.3790 

Epoch 97: loss = 1.112781 delta_mae_pts = 0.5357 recap_mae_pts = 0.5357 cat_mae_pts = 0.5603 total_mae_pts = 1.2332 vs_inertia_pts = 0.4360 vs_quad_pts = 1.5566 mon_cov = 0.952 mon_score = 5.8934 time = 11384.05 s

Epoch 98: Weights {"totalWeight":0.1,"recapWeight":0.05,"deltaWeight":9.75,"categoryWeight":0.05,"quantileWeight":0.3368,"consistencyWeight":0,"identityDropoutRate":1}, Scales {"judgeBias":1,"corps":1}, SeqLen 15, ID_Drop 1.000, WFW 1.500 

History Bucket Diagnostics (Avg Abs Error per sample, normalized units):
Hist | Count | MAE_Pred | MAE_Base | PredDevFromBase
-----|-------|----------|----------|----------------
0    | 71    | 1.0788   | 2.2794   | 2.3044 
1    | 31    | 0.6024   | 1.2121   | 1.0042 
2    | 24    | 0.6691   | 1.0693   | 0.7401 
3-5  | 68    | 0.5597   | 0.9838   | 0.8183 
6+   | 208   | 0.3892   | 0.4743   | 0.3212 

Epoch 98: loss = 1.130295 delta_mae_pts = 0.5730 recap_mae_pts = 0.5730 cat_mae_pts = 0.6405 total_mae_pts = 1.4323 vs_inertia_pts = 0.3987 vs_quad_pts = 1.5193 mon_cov = 0.936 mon_score = 6.2716 time = 11502.74 s

Epoch 99: Weights {"totalWeight":0.1,"recapWeight":0.05,"deltaWeight":9.75,"categoryWeight":0.05,"quantileWeight":0.34040000000000004,"consistencyWeight":0,"identityDropoutRate":1}, Scales {"judgeBias":1,"corps":1}, SeqLen 15, ID_Drop 1.000, WFW 1.500 

History Bucket Diagnostics (Avg Abs Error per sample, normalized units):
Hist | Count | MAE_Pred | MAE_Base | PredDevFromBase
-----|-------|----------|----------|----------------
0    | 71    | 0.9927   | 2.2794   | 2.2245 
1    | 31    | 0.5826   | 1.2121   | 1.1090 
2    | 24    | 0.6558   | 1.0693   | 0.9741 
3-5  | 68    | 0.5585   | 0.9838   | 0.8971 
6+   | 208   | 0.3769   | 0.4743   | 0.3670 

Epoch 99: loss = 1.107691 delta_mae_pts = 0.5489 recap_mae_pts = 0.5489 cat_mae_pts = 0.5848 total_mae_pts = 1.2443 vs_inertia_pts = 0.4229 vs_quad_pts = 1.5434 mon_cov = 0.948 mon_score = 6.0253 time = 11607.04 s

Epoch 100: Weights {"totalWeight":0.1,"recapWeight":0.05,"deltaWeight":9.75,"categoryWeight":0.05,"quantileWeight":0.34400000000000003,"consistencyWeight":0,"identityDropoutRate":1}, Scales {"judgeBias":1,"corps":1}, SeqLen 15, ID_Drop 1.000, WFW 1.500 

History Bucket Diagnostics (Avg Abs Error per sample, normalized units):
Hist | Count | MAE_Pred | MAE_Base | PredDevFromBase
-----|-------|----------|----------|----------------
0    | 71    | 0.9725   | 2.2794   | 2.1631 
1    | 31    | 0.6279   | 1.2121   | 1.1515 
2    | 24    | 0.6470   | 1.0693   | 0.9222 
3-5  | 68    | 0.5346   | 0.9838   | 0.9146 
6+   | 208   | 0.3800   | 0.4743   | 0.3806 

Epoch 100: loss = 1.128695 delta_mae_pts = 0.5458 recap_mae_pts = 0.5458 cat_mae_pts = 0.5587 total_mae_pts = 1.1782 vs_inertia_pts = 0.4259 vs_quad_pts = 1.5465 mon_cov = 0.950 mon_score = 5.9937 time = 11724.50 s

-- - CAPTION STATS(Epoch 100)-- - 
GE1: delta_pts = 0.3554, recap_pts = 0.3554, cov = 0.958, width = 2.0290 
GE2: delta_pts = 0.3652, recap_pts = 0.3652, cov = 0.950, width = 2.0519 
VP: delta_pts = 0.5024, recap_pts = 0.5024, cov = 0.965, width = 3.7850 
VA: delta_pts = 0.4292, recap_pts = 0.4292, cov = 0.923, width = 2.1075 
CG: delta_pts = 0.6144, recap_pts = 0.6144, cov = 0.958, width = 3.9048 
MB: delta_pts = 0.8183, recap_pts = 0.8183, cov = 0.940, width = 5.6286 
MA: delta_pts = 0.4057, recap_pts = 0.4057, cov = 0.940, width = 2.1427 
MP: delta_pts = 0.8760, recap_pts = 0.8760, cov = 0.965, width = 6.3325 
----------------------------------


Epoch 101: Weights {"totalWeight":0.1,"recapWeight":0.05,"deltaWeight":9.75,"categoryWeight":0.05,"quantileWeight":0.3476,"consistencyWeight":0,"identityDropoutRate":0.99525}, Scales {"judgeBias":1,"corps":1}, SeqLen 15, ID_Drop 0.997, WFW 1.500 

History Bucket Diagnostics (Avg Abs Error per sample, normalized units):
Hist | Count | MAE_Pred | MAE_Base | PredDevFromBase
-----|-------|----------|----------|----------------
0    | 71    | 0.9896   | 2.2794   | 2.1946 
1    | 31    | 0.5557   | 1.2121   | 1.0397 
2    | 24    | 0.6034   | 1.0693   | 0.8787 
3-5  | 68    | 0.5847   | 0.9838   | 0.8683 
6+   | 208   | 0.3987   | 0.4743   | 0.3551 

Epoch 101: loss = 1.040491 delta_mae_pts = 0.5589 recap_mae_pts = 0.5589 cat_mae_pts = 0.5952 total_mae_pts = 1.3073 vs_inertia_pts = 0.4129 vs_quad_pts = 1.5334 mon_cov = 0.949 mon_score = 6.1332 time = 11842.05 s

Epoch 102: Weights {"totalWeight":0.1,"recapWeight":0.05,"deltaWeight":9.75,"categoryWeight":0.05,"quantileWeight":0.3512,"consistencyWeight":0,"identityDropoutRate":0.9905}, Scales {"judgeBias":1,"corps":1}, SeqLen 15, ID_Drop 0.990, WFW 1.500 

History Bucket Diagnostics (Avg Abs Error per sample, normalized units):
Hist | Count | MAE_Pred | MAE_Base | PredDevFromBase
-----|-------|----------|----------|----------------
0    | 71    | 0.9807   | 2.2794   | 2.1777 
1    | 31    | 0.5857   | 1.2121   | 1.0846 
2    | 24    | 0.5839   | 1.0693   | 0.9076 
3-5  | 68    | 0.5241   | 0.9838   | 0.9155 
6+   | 208   | 0.3861   | 0.4743   | 0.3694 

Epoch 102: loss = 1.032782 delta_mae_pts = 0.5417 recap_mae_pts = 0.5417 cat_mae_pts = 0.5690 total_mae_pts = 1.2599 vs_inertia_pts = 0.4301 vs_quad_pts = 1.5506 mon_cov = 0.952 mon_score = 5.9634 time = 11957.09 s

Epoch 103: Weights {"totalWeight":0.1,"recapWeight":0.05,"deltaWeight":9.75,"categoryWeight":0.05,"quantileWeight":0.3548,"consistencyWeight":0,"identityDropoutRate":0.98575}, Scales {"judgeBias":1,"corps":1}, SeqLen 15, ID_Drop 0.982, WFW 1.500 

History Bucket Diagnostics (Avg Abs Error per sample, normalized units):
Hist | Count | MAE_Pred | MAE_Base | PredDevFromBase
-----|-------|----------|----------|----------------
0    | 71    | 1.0420   | 2.2794   | 2.2480 
1    | 31    | 0.5821   | 1.2121   | 1.0556 
2    | 24    | 0.5970   | 1.0693   | 0.9343 
3-5  | 68    | 0.5790   | 0.9838   | 0.9196 
6+   | 208   | 0.3867   | 0.4743   | 0.3314 

Epoch 103: loss = 1.070988 delta_mae_pts = 0.5626 recap_mae_pts = 0.5626 cat_mae_pts = 0.5980 total_mae_pts = 1.3419 vs_inertia_pts = 0.4091 vs_quad_pts = 1.5297 mon_cov = 0.947 mon_score = 6.1711 time = 12071.97 s

Epoch 104: Weights {"totalWeight":0.1,"recapWeight":0.05,"deltaWeight":9.75,"categoryWeight":0.05,"quantileWeight":0.3584,"consistencyWeight":0,"identityDropoutRate":0.981}, Scales {"judgeBias":1,"corps":1}, SeqLen 15, ID_Drop 0.982, WFW 1.500 

History Bucket Diagnostics (Avg Abs Error per sample, normalized units):
Hist | Count | MAE_Pred | MAE_Base | PredDevFromBase
-----|-------|----------|----------|----------------
0    | 71    | 0.9869   | 2.2794   | 2.2043 
1    | 31    | 0.6199   | 1.2121   | 1.1449 
2    | 24    | 0.5959   | 1.0693   | 0.9557 
3-5  | 68    | 0.5641   | 0.9838   | 0.8593 
6+   | 208   | 0.3752   | 0.4743   | 0.3605 

Epoch 104: loss = 1.095876 delta_mae_pts = 0.5472 recap_mae_pts = 0.5472 cat_mae_pts = 0.5750 total_mae_pts = 1.2373 vs_inertia_pts = 0.4245 vs_quad_pts = 1.5450 mon_cov = 0.951 mon_score = 6.0169 time = 12187.90 s

Epoch 105: Weights {"totalWeight":0.1,"recapWeight":0.05,"deltaWeight":9.75,"categoryWeight":0.05,"quantileWeight":0.362,"consistencyWeight":0,"identityDropoutRate":0.97625}, Scales {"judgeBias":1,"corps":1}, SeqLen 15, ID_Drop 0.975, WFW 1.500 

History Bucket Diagnostics (Avg Abs Error per sample, normalized units):
Hist | Count | MAE_Pred | MAE_Base | PredDevFromBase
-----|-------|----------|----------|----------------
0    | 71    | 0.9336   | 2.2794   | 2.1316 
1    | 31    | 0.5693   | 1.2121   | 1.0740 
2    | 24    | 0.6016   | 1.0693   | 1.0591 
3-5  | 68    | 0.5165   | 0.9838   | 0.8952 
6+   | 208   | 0.3775   | 0.4743   | 0.3807 

Epoch 105: loss = 1.094925 delta_mae_pts = 0.5274 recap_mae_pts = 0.5274 cat_mae_pts = 0.5556 total_mae_pts = 1.2150 vs_inertia_pts = 0.4443 vs_quad_pts = 1.5649 mon_cov = 0.949 mon_score = 5.7789 time = 12306.09 s

Epoch 106: Weights {"totalWeight":0.1,"recapWeight":0.05,"deltaWeight":9.75,"categoryWeight":0.05,"quantileWeight":0.36560000000000004,"consistencyWeight":0,"identityDropoutRate":0.9715}, Scales {"judgeBias":1,"corps":1}, SeqLen 15, ID_Drop 0.970, WFW 1.500 

History Bucket Diagnostics (Avg Abs Error per sample, normalized units):
Hist | Count | MAE_Pred | MAE_Base | PredDevFromBase
-----|-------|----------|----------|----------------
0    | 71    | 1.0127   | 2.2794   | 2.3398 
1    | 31    | 0.5943   | 1.2121   | 1.2177 
2    | 24    | 0.6343   | 1.0693   | 0.9882 
3-5  | 68    | 0.5424   | 0.9838   | 0.9032 
6+   | 208   | 0.3666   | 0.4743   | 0.3835 

Epoch 106: loss = 1.083716 delta_mae_pts = 0.5440 recap_mae_pts = 0.5440 cat_mae_pts = 0.5594 total_mae_pts = 1.2260 vs_inertia_pts = 0.4277 vs_quad_pts = 1.5483 mon_cov = 0.953 mon_score = 5.9843 time = 12421.91 s

Epoch 107: Weights {"totalWeight":0.1,"recapWeight":0.05,"deltaWeight":9.75,"categoryWeight":0.05,"quantileWeight":0.36920000000000003,"consistencyWeight":0,"identityDropoutRate":0.96675}, Scales {"judgeBias":1,"corps":1}, SeqLen 15, ID_Drop 0.970, WFW 1.500 

History Bucket Diagnostics (Avg Abs Error per sample, normalized units):
Hist | Count | MAE_Pred | MAE_Base | PredDevFromBase
-----|-------|----------|----------|----------------
0    | 71    | 1.0185   | 2.2794   | 2.0597 
1    | 31    | 0.5868   | 1.2121   | 1.1479 
2    | 24    | 0.5644   | 1.0693   | 0.9679 
3-5  | 68    | 0.5217   | 0.9838   | 0.8875 
6+   | 208   | 0.3682   | 0.4743   | 0.3471 

Epoch 107: loss = 1.079036 delta_mae_pts = 0.5376 recap_mae_pts = 0.5376 cat_mae_pts = 0.5535 total_mae_pts = 1.2144 vs_inertia_pts = 0.4341 vs_quad_pts = 1.5547 mon_cov = 0.948 mon_score = 5.8656 time = 12538.25 s

Epoch 108: Weights {"totalWeight":0.1,"recapWeight":0.05,"deltaWeight":9.75,"categoryWeight":0.05,"quantileWeight":0.3728,"consistencyWeight":0,"identityDropoutRate":0.962}, Scales {"judgeBias":1,"corps":1}, SeqLen 15, ID_Drop 0.964, WFW 1.500 

History Bucket Diagnostics (Avg Abs Error per sample, normalized units):
Hist | Count | MAE_Pred | MAE_Base | PredDevFromBase
-----|-------|----------|----------|----------------
0    | 71    | 0.9444   | 2.2794   | 2.1342 
1    | 31    | 0.6247   | 1.2121   | 0.9450 
2    | 24    | 0.6454   | 1.0693   | 0.9326 
3-5  | 68    | 0.5535   | 0.9838   | 0.8196 
6+   | 208   | 0.3560   | 0.4743   | 0.3577 

Epoch 108: loss = 1.086610 delta_mae_pts = 0.5314 recap_mae_pts = 0.5314 cat_mae_pts = 0.5502 total_mae_pts = 1.1886 vs_inertia_pts = 0.4403 vs_quad_pts = 1.5609 mon_cov = 0.952 mon_score = 5.8364 time = 12654.93 s

Epoch 109: Weights {"totalWeight":0.1,"recapWeight":0.05,"deltaWeight":9.75,"categoryWeight":0.05,"quantileWeight":0.3764,"consistencyWeight":0,"identityDropoutRate":0.95725}, Scales {"judgeBias":1,"corps":1}, SeqLen 15, ID_Drop 0.959, WFW 1.500 

History Bucket Diagnostics (Avg Abs Error per sample, normalized units):
Hist | Count | MAE_Pred | MAE_Base | PredDevFromBase
-----|-------|----------|----------|----------------
0    | 71    | 0.9258   | 2.2794   | 2.2276 
1    | 31    | 0.5827   | 1.2121   | 1.1159 
2    | 24    | 0.6175   | 1.0693   | 1.1312 
3-5  | 68    | 0.5491   | 0.9838   | 0.9752 
6+   | 208   | 0.3710   | 0.4743   | 0.3934 

Epoch 109: loss = 1.105089 delta_mae_pts = 0.5302 recap_mae_pts = 0.5302 cat_mae_pts = 0.5714 total_mae_pts = 1.2437 vs_inertia_pts = 0.4415 vs_quad_pts = 1.5621 mon_cov = 0.951 mon_score = 5.8427 time = 12769.74 s

Epoch 110: Weights {"totalWeight":0.1,"recapWeight":0.05,"deltaWeight":9.75,"categoryWeight":0.05,"quantileWeight":0.38,"consistencyWeight":0,"identityDropoutRate":0.9525}, Scales {"judgeBias":1,"corps":1}, SeqLen 15, ID_Drop 0.950, WFW 1.500 

History Bucket Diagnostics (Avg Abs Error per sample, normalized units):
Hist | Count | MAE_Pred | MAE_Base | PredDevFromBase
-----|-------|----------|----------|----------------
0    | 71    | 0.9425   | 2.2794   | 2.1646 
1    | 31    | 0.5587   | 1.2121   | 1.0460 
2    | 24    | 0.6818   | 1.0693   | 0.9604 
3-5  | 68    | 0.5328   | 0.9838   | 0.8378 
6+   | 208   | 0.3583   | 0.4743   | 0.3789 

Epoch 110: loss = 1.118082 delta_mae_pts = 0.5258 recap_mae_pts = 0.5258 cat_mae_pts = 0.5584 total_mae_pts = 1.2516 vs_inertia_pts = 0.4459 vs_quad_pts = 1.5665 mon_cov = 0.947 mon_score = 5.7614 time = 12884.16 s

--- NO IMPROVEMENT FOR 18 EPOCHS: Reducing LR to 0.000094 ---

Epoch 111: Weights {"totalWeight":0.1,"recapWeight":0.05,"deltaWeight":9.75,"categoryWeight":0.05,"quantileWeight":0.3836,"consistencyWeight":0,"identityDropoutRate":0.94775}, Scales {"judgeBias":1,"corps":1}, SeqLen 15, ID_Drop 0.952, WFW 1.500 

History Bucket Diagnostics (Avg Abs Error per sample, normalized units):
Hist | Count | MAE_Pred | MAE_Base | PredDevFromBase
-----|-------|----------|----------|----------------
0    | 71    | 0.9428   | 2.2794   | 2.1372 
1    | 31    | 0.5255   | 1.2121   | 1.0316 
2    | 24    | 0.6328   | 1.0693   | 0.9203 
3-5  | 68    | 0.5448   | 0.9838   | 0.8624 
6+   | 208   | 0.3564   | 0.4743   | 0.3306 

Epoch 111: loss = 1.076638 delta_mae_pts = 0.5214 recap_mae_pts = 0.5214 cat_mae_pts = 0.5641 total_mae_pts = 1.2310 vs_inertia_pts = 0.4504 vs_quad_pts = 1.5709 mon_cov = 0.951 mon_score = 5.7330 time = 13000.12 s

Epoch 112: Weights {"totalWeight":0.1,"recapWeight":0.05,"deltaWeight":9.75,"categoryWeight":0.05,"quantileWeight":0.3872,"consistencyWeight":0,"identityDropoutRate":0.9430000000000001}, Scales {"judgeBias":1,"corps":1}, SeqLen 15, ID_Drop 0.944, WFW 1.500 

History Bucket Diagnostics (Avg Abs Error per sample, normalized units):
Hist | Count | MAE_Pred | MAE_Base | PredDevFromBase
-----|-------|----------|----------|----------------
0    | 71    | 0.9438   | 2.2794   | 2.2011 
1    | 31    | 0.5489   | 1.2121   | 1.0880 
2    | 24    | 0.5972   | 1.0693   | 0.9795 
3-5  | 68    | 0.5430   | 0.9838   | 0.8819 
6+   | 208   | 0.3436   | 0.4743   | 0.3551 

Epoch 112: loss = 1.110370 delta_mae_pts = 0.5143 recap_mae_pts = 0.5143 cat_mae_pts = 0.5303 total_mae_pts = 1.1380 vs_inertia_pts = 0.4574 vs_quad_pts = 1.5780 mon_cov = 0.953 mon_score = 5.6667 time = 13117.35 s

Epoch 113: Weights {"totalWeight":0.1,"recapWeight":0.05,"deltaWeight":9.75,"categoryWeight":0.05,"quantileWeight":0.39080000000000004,"consistencyWeight":0,"identityDropoutRate":0.93825}, Scales {"judgeBias":1,"corps":1}, SeqLen 15, ID_Drop 0.943, WFW 1.500 

History Bucket Diagnostics (Avg Abs Error per sample, normalized units):
Hist | Count | MAE_Pred | MAE_Base | PredDevFromBase
-----|-------|----------|----------|----------------
0    | 71    | 0.9641   | 2.2794   | 2.1852 
1    | 31    | 0.5412   | 1.2121   | 1.0313 
2    | 24    | 0.5493   | 1.0693   | 0.9217 
3-5  | 68    | 0.5122   | 0.9838   | 0.8269 
6+   | 208   | 0.3485   | 0.4743   | 0.3408 

Epoch 113: loss = 0.989931 delta_mae_pts = 0.5118 recap_mae_pts = 0.5118 cat_mae_pts = 0.5300 total_mae_pts = 1.1660 vs_inertia_pts = 0.4599 vs_quad_pts = 1.5805 mon_cov = 0.954 mon_score = 5.6505 time = 13235.26 s

Epoch 114: Weights {"totalWeight":0.1,"recapWeight":0.05,"deltaWeight":9.75,"categoryWeight":0.05,"quantileWeight":0.3944,"consistencyWeight":0,"identityDropoutRate":0.9335}, Scales {"judgeBias":1,"corps":1}, SeqLen 15, ID_Drop 0.935, WFW 1.500 

History Bucket Diagnostics (Avg Abs Error per sample, normalized units):
Hist | Count | MAE_Pred | MAE_Base | PredDevFromBase
-----|-------|----------|----------|----------------
0    | 71    | 0.9717   | 2.2794   | 2.1516 
1    | 31    | 0.5809   | 1.2121   | 1.1012 
2    | 24    | 0.5835   | 1.0693   | 0.9677 
3-5  | 68    | 0.5168   | 0.9838   | 0.8972 
6+   | 208   | 0.3607   | 0.4743   | 0.3974 

Epoch 114: loss = 1.001652 delta_mae_pts = 0.5253 recap_mae_pts = 0.5253 cat_mae_pts = 0.5629 total_mae_pts = 1.2369 vs_inertia_pts = 0.4464 vs_quad_pts = 1.5670 mon_cov = 0.951 mon_score = 5.7480 time = 13352.06 s

Epoch 115: Weights {"totalWeight":0.1,"recapWeight":0.05,"deltaWeight":9.75,"categoryWeight":0.05,"quantileWeight":0.398,"consistencyWeight":0,"identityDropoutRate":0.92875}, Scales {"judgeBias":1,"corps":1}, SeqLen 15, ID_Drop 0.934, WFW 1.500 

History Bucket Diagnostics (Avg Abs Error per sample, normalized units):
Hist | Count | MAE_Pred | MAE_Base | PredDevFromBase
-----|-------|----------|----------|----------------
0    | 71    | 0.9473   | 2.2794   | 2.1840 
1    | 31    | 0.5803   | 1.2121   | 1.0033 
2    | 24    | 0.5993   | 1.0693   | 0.8390 
3-5  | 68    | 0.5149   | 0.9838   | 0.8336 
6+   | 208   | 0.3438   | 0.4743   | 0.3581 

Epoch 115: loss = 0.995346 delta_mae_pts = 0.5128 recap_mae_pts = 0.5128 cat_mae_pts = 0.5335 total_mae_pts = 1.1728 vs_inertia_pts = 0.4589 vs_quad_pts = 1.5795 mon_cov = 0.951 mon_score = 5.6701 time = 13468.67 s

Epoch 116: Weights {"totalWeight":0.1,"recapWeight":0.05,"deltaWeight":9.75,"categoryWeight":0.05,"quantileWeight":0.4016,"consistencyWeight":0,"identityDropoutRate":0.924}, Scales {"judgeBias":1,"corps":1}, SeqLen 15, ID_Drop 0.924, WFW 1.500 

History Bucket Diagnostics (Avg Abs Error per sample, normalized units):
Hist | Count | MAE_Pred | MAE_Base | PredDevFromBase
-----|-------|----------|----------|----------------
0    | 71    | 0.9962   | 2.2794   | 2.2982 
1    | 31    | 0.5327   | 1.2121   | 1.0921 
2    | 24    | 0.5976   | 1.0693   | 0.9005 
3-5  | 68    | 0.5424   | 0.9838   | 0.8654 
6+   | 208   | 0.3382   | 0.4743   | 0.3721 

Epoch 116: loss = 0.977821 delta_mae_pts = 0.5194 recap_mae_pts = 0.5194 cat_mae_pts = 0.5426 total_mae_pts = 1.1953 vs_inertia_pts = 0.4523 vs_quad_pts = 1.5729 mon_cov = 0.953 mon_score = 5.7099 time = 13583.57 s

Epoch 117: Weights {"totalWeight":0.1,"recapWeight":0.05,"deltaWeight":9.75,"categoryWeight":0.05,"quantileWeight":0.4052,"consistencyWeight":0,"identityDropoutRate":0.91925}, Scales {"judgeBias":1,"corps":1}, SeqLen 15, ID_Drop 0.919, WFW 1.500 

History Bucket Diagnostics (Avg Abs Error per sample, normalized units):
Hist | Count | MAE_Pred | MAE_Base | PredDevFromBase
-----|-------|----------|----------|----------------
0    | 71    | 0.9549   | 2.2794   | 2.0827 
1    | 31    | 0.5772   | 1.2121   | 0.9156 
2    | 24    | 0.5824   | 1.0693   | 0.8361 
3-5  | 68    | 0.5273   | 0.9838   | 0.8802 
6+   | 208   | 0.3555   | 0.4743   | 0.3512 

Epoch 117: loss = 1.014106 delta_mae_pts = 0.5211 recap_mae_pts = 0.5211 cat_mae_pts = 0.5350 total_mae_pts = 1.1874 vs_inertia_pts = 0.4507 vs_quad_pts = 1.5712 mon_cov = 0.951 mon_score = 5.7436 time = 13698.97 s

Epoch 118: Weights {"totalWeight":0.1,"recapWeight":0.05,"deltaWeight":9.75,"categoryWeight":0.05,"quantileWeight":0.40880000000000005,"consistencyWeight":0,"identityDropoutRate":0.9145}, Scales {"judgeBias":1,"corps":1}, SeqLen 15, ID_Drop 0.921, WFW 1.500 

History Bucket Diagnostics (Avg Abs Error per sample, normalized units):
Hist | Count | MAE_Pred | MAE_Base | PredDevFromBase
-----|-------|----------|----------|----------------
0    | 71    | 0.9325   | 2.2794   | 2.2223 
1    | 31    | 0.5992   | 1.2121   | 1.1464 
2    | 24    | 0.5767   | 1.0693   | 0.9993 
3-5  | 68    | 0.5430   | 0.9838   | 0.8632 
6+   | 208   | 0.3602   | 0.4743   | 0.3753 

Epoch 118: loss = 1.056499 delta_mae_pts = 0.5235 recap_mae_pts = 0.5235 cat_mae_pts = 0.5381 total_mae_pts = 1.1630 vs_inertia_pts = 0.4482 vs_quad_pts = 1.5687 mon_cov = 0.955 mon_score = 5.7654 time = 13815.09 s

Epoch 119: Weights {"totalWeight":0.1,"recapWeight":0.05,"deltaWeight":9.75,"categoryWeight":0.05,"quantileWeight":0.4124,"consistencyWeight":0,"identityDropoutRate":0.9097500000000001}, Scales {"judgeBias":1,"corps":1}, SeqLen 15, ID_Drop 0.911, WFW 1.500 

History Bucket Diagnostics (Avg Abs Error per sample, normalized units):
Hist | Count | MAE_Pred | MAE_Base | PredDevFromBase
-----|-------|----------|----------|----------------
0    | 71    | 0.9139   | 2.2794   | 2.1192 
1    | 31    | 0.6105   | 1.2121   | 1.1514 
2    | 24    | 0.5218   | 1.0693   | 0.8954 
3-5  | 68    | 0.5076   | 0.9838   | 0.8412 
6+   | 208   | 0.3547   | 0.4743   | 0.3654 

Epoch 119: loss = 1.033939 delta_mae_pts = 0.5090 recap_mae_pts = 0.5090 cat_mae_pts = 0.5458 total_mae_pts = 1.1713 vs_inertia_pts = 0.4627 vs_quad_pts = 1.5833 mon_cov = 0.952 mon_score = 5.5764 time = 13932.41 s

Epoch 120: Weights {"totalWeight":0.1,"recapWeight":0.05,"deltaWeight":9.75,"categoryWeight":0.05,"quantileWeight":0.41600000000000004,"consistencyWeight":0,"identityDropoutRate":0.905}, Scales {"judgeBias":1,"corps":1}, SeqLen 15, ID_Drop 0.907, WFW 1.500 

History Bucket Diagnostics (Avg Abs Error per sample, normalized units):
Hist | Count | MAE_Pred | MAE_Base | PredDevFromBase
-----|-------|----------|----------|----------------
0    | 71    | 0.9447   | 2.2794   | 2.1158 
1    | 31    | 0.5643   | 1.2121   | 1.1290 
2    | 24    | 0.5731   | 1.0693   | 0.9377 
3-5  | 68    | 0.5218   | 0.9838   | 0.8749 
6+   | 208   | 0.3497   | 0.4743   | 0.4054 


--- PHASE TRANSITION (Epoch 120): Resetting Best Score & Patience ---
Epoch 120: loss = 1.050554 delta_mae_pts = 0.5138 recap_mae_pts = 0.5138 cat_mae_pts = 0.5353 total_mae_pts = 1.1772 vs_inertia_pts = 0.4579 vs_quad_pts = 1.5785 mon_cov = 0.957 mon_score = 5.6489 time = 14048.86 s
Saved BEST checkpoint @epoch 120 score = 5.6489 -> models\v9_subcaption_fixed\v9fix_w1p0_cov4_1770464048897\best 

Epoch 121: Weights {"totalWeight":0.1,"recapWeight":0.05,"deltaWeight":9.75,"categoryWeight":0.05,"quantileWeight":0.4196,"consistencyWeight":0,"identityDropoutRate":0.90025}, Scales {"judgeBias":1,"corps":1}, SeqLen 15, ID_Drop 0.903, WFW 1.500 

History Bucket Diagnostics (Avg Abs Error per sample, normalized units):
Hist | Count | MAE_Pred | MAE_Base | PredDevFromBase
-----|-------|----------|----------|----------------
0    | 71    | 0.9285   | 2.2794   | 2.1805 
1    | 31    | 0.6093   | 1.2121   | 1.2119 
2    | 24    | 0.5398   | 1.0693   | 0.9247 
3-5  | 68    | 0.5093   | 0.9838   | 0.8469 
6+   | 208   | 0.3484   | 0.4743   | 0.3639 

Epoch 121: loss = 1.046298 delta_mae_pts = 0.5096 recap_mae_pts = 0.5096 cat_mae_pts = 0.5431 total_mae_pts = 1.1038 vs_inertia_pts = 0.4621 vs_quad_pts = 1.5827 mon_cov = 0.953 mon_score = 5.5955 time = 14166.12 s
Saved BEST checkpoint @epoch 121 score = 5.5955 -> models\v9_subcaption_fixed\v9fix_w1p0_cov4_1770464048897\best 

Epoch 122: Weights {"totalWeight":0.1,"recapWeight":0.05,"deltaWeight":9.75,"categoryWeight":0.05,"quantileWeight":0.4232,"consistencyWeight":0,"identityDropoutRate":0.8955}, Scales {"judgeBias":1,"corps":1}, SeqLen 15, ID_Drop 0.896, WFW 1.500 

History Bucket Diagnostics (Avg Abs Error per sample, normalized units):
Hist | Count | MAE_Pred | MAE_Base | PredDevFromBase
-----|-------|----------|----------|----------------
0    | 71    | 0.9274   | 2.2794   | 2.1544 
1    | 31    | 0.5656   | 1.2121   | 1.1120 
2    | 24    | 0.5850   | 1.0693   | 0.9662 
3-5  | 68    | 0.5420   | 0.9838   | 0.8572 
6+   | 208   | 0.3620   | 0.4743   | 0.3874 

Epoch 122: loss = 1.023397 delta_mae_pts = 0.5213 recap_mae_pts = 0.5213 cat_mae_pts = 0.5519 total_mae_pts = 1.2454 vs_inertia_pts = 0.4504 vs_quad_pts = 1.5710 mon_cov = 0.951 mon_score = 5.7255 time = 14282.21 s

Epoch 123: Weights {"totalWeight":0.1,"recapWeight":0.05,"deltaWeight":9.75,"categoryWeight":0.05,"quantileWeight":0.4268,"consistencyWeight":0,"identityDropoutRate":0.89075}, Scales {"judgeBias":1,"corps":1}, SeqLen 15, ID_Drop 0.891, WFW 1.500 

History Bucket Diagnostics (Avg Abs Error per sample, normalized units):
Hist | Count | MAE_Pred | MAE_Base | PredDevFromBase
-----|-------|----------|----------|----------------
0    | 71    | 0.9846   | 2.2794   | 2.2268 
1    | 31    | 0.5369   | 1.2121   | 1.1209 
2    | 24    | 0.5683   | 1.0693   | 0.9941 
3-5  | 68    | 0.4963   | 0.9838   | 0.9078 
6+   | 208   | 0.3514   | 0.4743   | 0.3974 

Epoch 123: loss = 0.964431 delta_mae_pts = 0.5150 recap_mae_pts = 0.5150 cat_mae_pts = 0.5254 total_mae_pts = 1.1232 vs_inertia_pts = 0.4567 vs_quad_pts = 1.5773 mon_cov = 0.958 mon_score = 5.6723 time = 14396.72 s

Epoch 124: Weights {"totalWeight":0.1,"recapWeight":0.05,"deltaWeight":9.75,"categoryWeight":0.05,"quantileWeight":0.4304,"consistencyWeight":0,"identityDropoutRate":0.886}, Scales {"judgeBias":1,"corps":1}, SeqLen 15, ID_Drop 0.889, WFW 1.500 

History Bucket Diagnostics (Avg Abs Error per sample, normalized units):
Hist | Count | MAE_Pred | MAE_Base | PredDevFromBase
-----|-------|----------|----------|----------------
0    | 71    | 0.9672   | 2.2794   | 2.2171 
1    | 31    | 0.5198   | 1.2121   | 1.1060 
2    | 24    | 0.5928   | 1.0693   | 1.0445 
3-5  | 68    | 0.5046   | 0.9838   | 0.9196 
6+   | 208   | 0.3580   | 0.4743   | 0.3943 

Epoch 124: loss = 0.956094 delta_mae_pts = 0.5169 recap_mae_pts = 0.5169 cat_mae_pts = 0.5398 total_mae_pts = 1.2045 vs_inertia_pts = 0.4548 vs_quad_pts = 1.5754 mon_cov = 0.955 mon_score = 5.7210 time = 14512.83 s

Epoch 125: Weights {"totalWeight":0.1,"recapWeight":0.05,"deltaWeight":9.75,"categoryWeight":0.05,"quantileWeight":0.43400000000000005,"consistencyWeight":0,"identityDropoutRate":0.88125}, Scales {"judgeBias":1,"corps":1}, SeqLen 15, ID_Drop 0.887, WFW 1.500 

History Bucket Diagnostics (Avg Abs Error per sample, normalized units):
Hist | Count | MAE_Pred | MAE_Base | PredDevFromBase
-----|-------|----------|----------|----------------
0    | 71    | 0.9508   | 2.2794   | 2.2064 
1    | 31    | 0.5556   | 1.2121   | 0.9976 
2    | 24    | 0.5968   | 1.0693   | 0.9442 
3-5  | 68    | 0.5057   | 0.9838   | 0.8683 
6+   | 208   | 0.3428   | 0.4743   | 0.3832 

Epoch 125: loss = 0.978281 delta_mae_pts = 0.5093 recap_mae_pts = 0.5093 cat_mae_pts = 0.5362 total_mae_pts = 1.1574 vs_inertia_pts = 0.4624 vs_quad_pts = 1.5830 mon_cov = 0.956 mon_score = 5.6132 time = 14629.97 s

Epoch 126: Weights {"totalWeight":0.1,"recapWeight":0.05,"deltaWeight":9.75,"categoryWeight":0.05,"quantileWeight":0.4376,"consistencyWeight":0,"identityDropoutRate":0.8765000000000001}, Scales {"judgeBias":1,"corps":1}, SeqLen 15, ID_Drop 0.877, WFW 1.500 

History Bucket Diagnostics (Avg Abs Error per sample, normalized units):
Hist | Count | MAE_Pred | MAE_Base | PredDevFromBase
-----|-------|----------|----------|----------------
0    | 71    | 0.9415   | 2.2794   | 2.0671 
1    | 31    | 0.5280   | 1.2121   | 1.0120 
2    | 24    | 0.6281   | 1.0693   | 0.8719 
3-5  | 68    | 0.5438   | 0.9838   | 0.8471 
6+   | 208   | 0.3392   | 0.4743   | 0.3442 

Epoch 126: loss = 1.057034 delta_mae_pts = 0.5120 recap_mae_pts = 0.5120 cat_mae_pts = 0.5158 total_mae_pts = 1.1132 vs_inertia_pts = 0.4597 vs_quad_pts = 1.5803 mon_cov = 0.953 mon_score = 5.6175 time = 14748.50 s

Epoch 127: Weights {"totalWeight":0.1,"recapWeight":0.05,"deltaWeight":9.75,"categoryWeight":0.05,"quantileWeight":0.44120000000000004,"consistencyWeight":0,"identityDropoutRate":0.87175}, Scales {"judgeBias":1,"corps":1}, SeqLen 15, ID_Drop 0.875, WFW 1.500 

History Bucket Diagnostics (Avg Abs Error per sample, normalized units):
Hist | Count | MAE_Pred | MAE_Base | PredDevFromBase
-----|-------|----------|----------|----------------
0    | 71    | 0.8732   | 2.2794   | 2.1373 
1    | 31    | 0.5248   | 1.2121   | 1.0357 
2    | 24    | 0.5670   | 1.0693   | 0.9561 
3-5  | 68    | 0.5373   | 0.9838   | 0.8428 
6+   | 208   | 0.3571   | 0.4743   | 0.3615 

Epoch 127: loss = 1.043053 delta_mae_pts = 0.5042 recap_mae_pts = 0.5042 cat_mae_pts = 0.5323 total_mae_pts = 1.1665 vs_inertia_pts = 0.4675 vs_quad_pts = 1.5881 mon_cov = 0.951 mon_score = 5.5525 time = 14865.01 s
Saved BEST checkpoint @epoch 127 score = 5.5525 -> models\v9_subcaption_fixed\v9fix_w1p0_cov4_1770464048897\best 

Epoch 128: Weights {"totalWeight":0.1,"recapWeight":0.05,"deltaWeight":9.75,"categoryWeight":0.05,"quantileWeight":0.44480000000000003,"consistencyWeight":0,"identityDropoutRate":0.867}, Scales {"judgeBias":1,"corps":1}, SeqLen 15, ID_Drop 0.869, WFW 1.500 

History Bucket Diagnostics (Avg Abs Error per sample, normalized units):
Hist | Count | MAE_Pred | MAE_Base | PredDevFromBase
-----|-------|----------|----------|----------------
0    | 71    | 0.9269   | 2.2794   | 2.2990 
1    | 31    | 0.5289   | 1.2121   | 1.1139 
2    | 24    | 0.5770   | 1.0693   | 0.9896 
3-5  | 68    | 0.5277   | 0.9838   | 0.8827 
6+   | 208   | 0.3332   | 0.4743   | 0.3539 

Epoch 128: loss = 1.039447 delta_mae_pts = 0.5006 recap_mae_pts = 0.5006 cat_mae_pts = 0.5273 total_mae_pts = 1.1675 vs_inertia_pts = 0.4711 vs_quad_pts = 1.5917 mon_cov = 0.957 mon_score = 5.5359 time = 14981.30 s
Saved BEST checkpoint @epoch 128 score = 5.5359 -> models\v9_subcaption_fixed\v9fix_w1p0_cov4_1770464048897\best 

Epoch 129: Weights {"totalWeight":0.1,"recapWeight":0.05,"deltaWeight":9.75,"categoryWeight":0.05,"quantileWeight":0.4484,"consistencyWeight":0,"identityDropoutRate":0.86225}, Scales {"judgeBias":1,"corps":1}, SeqLen 15, ID_Drop 0.864, WFW 1.500 

History Bucket Diagnostics (Avg Abs Error per sample, normalized units):
Hist | Count | MAE_Pred | MAE_Base | PredDevFromBase
-----|-------|----------|----------|----------------
0    | 71    | 0.9412   | 2.2794   | 2.2252 
1    | 31    | 0.5252   | 1.2121   | 1.0641 
2    | 24    | 0.5689   | 1.0693   | 0.9464 
3-5  | 68    | 0.5115   | 0.9838   | 0.8264 
6+   | 208   | 0.3409   | 0.4743   | 0.3403 

Epoch 129: loss = 1.038423 delta_mae_pts = 0.5036 recap_mae_pts = 0.5036 cat_mae_pts = 0.5121 total_mae_pts = 1.1269 vs_inertia_pts = 0.4681 vs_quad_pts = 1.5887 mon_cov = 0.960 mon_score = 5.5812 time = 15114.95 s

Epoch 130: Weights {"totalWeight":0.1,"recapWeight":0.05,"deltaWeight":9.75,"categoryWeight":0.05,"quantileWeight":0.45200000000000007,"consistencyWeight":0,"identityDropoutRate":0.8575}, Scales {"judgeBias":1,"corps":1}, SeqLen 15, ID_Drop 0.863, WFW 1.500 

History Bucket Diagnostics (Avg Abs Error per sample, normalized units):
Hist | Count | MAE_Pred | MAE_Base | PredDevFromBase
-----|-------|----------|----------|----------------
0    | 71    | 0.9062   | 2.2794   | 2.0982 
1    | 31    | 0.5233   | 1.2121   | 1.0567 
2    | 24    | 0.5801   | 1.0693   | 0.9446 
3-5  | 68    | 0.5257   | 0.9838   | 0.9026 
6+   | 208   | 0.3383   | 0.4743   | 0.3639 

Epoch 130: loss = 1.021271 delta_mae_pts = 0.4990 recap_mae_pts = 0.4990 cat_mae_pts = 0.5139 total_mae_pts = 1.0885 vs_inertia_pts = 0.4727 vs_quad_pts = 1.5933 mon_cov = 0.959 mon_score = 5.4898 time = 15203.68 s
Saved BEST checkpoint @epoch 130 score = 5.4898 -> models\v9_subcaption_fixed\v9fix_w1p0_cov4_1770464048897\best 

Epoch 131: Weights {"totalWeight":0.1,"recapWeight":0.05,"deltaWeight":9.75,"categoryWeight":0.05,"quantileWeight":0.4556,"consistencyWeight":0,"identityDropoutRate":0.85275}, Scales {"judgeBias":1,"corps":1}, SeqLen 15, ID_Drop 0.856, WFW 1.500 

History Bucket Diagnostics (Avg Abs Error per sample, normalized units):
Hist | Count | MAE_Pred | MAE_Base | PredDevFromBase
-----|-------|----------|----------|----------------
0    | 71    | 0.8591   | 2.2794   | 2.1447 
1    | 31    | 0.5037   | 1.2121   | 1.0804 
2    | 24    | 0.5588   | 1.0693   | 1.0514 
3-5  | 68    | 0.4817   | 0.9838   | 0.9232 
6+   | 208   | 0.3417   | 0.4743   | 0.3829 

Epoch 131: loss = 1.016466 delta_mae_pts = 0.4822 recap_mae_pts = 0.4822 cat_mae_pts = 0.5097 total_mae_pts = 1.1235 vs_inertia_pts = 0.4895 vs_quad_pts = 1.6101 mon_cov = 0.963 mon_score = 5.3762 time = 15321.53 s
Saved BEST checkpoint @epoch 131 score = 5.3762 -> models\v9_subcaption_fixed\v9fix_w1p0_cov4_1770464048897\best 

Epoch 132: Weights {"totalWeight":0.1,"recapWeight":0.05,"deltaWeight":9.75,"categoryWeight":0.05,"quantileWeight":0.4592,"consistencyWeight":0,"identityDropoutRate":0.848}, Scales {"judgeBias":1,"corps":1}, SeqLen 15, ID_Drop 0.858, WFW 1.500 

History Bucket Diagnostics (Avg Abs Error per sample, normalized units):
Hist | Count | MAE_Pred | MAE_Base | PredDevFromBase
-----|-------|----------|----------|----------------
0    | 71    | 0.9194   | 2.2794   | 2.1032 
1    | 31    | 0.5123   | 1.2121   | 1.0878 
2    | 24    | 0.5853   | 1.0693   | 0.9881 
3-5  | 68    | 0.5112   | 0.9838   | 0.9344 
6+   | 208   | 0.3400   | 0.4743   | 0.3746 

Epoch 132: loss = 1.026999 delta_mae_pts = 0.4992 recap_mae_pts = 0.4992 cat_mae_pts = 0.5025 total_mae_pts = 1.1293 vs_inertia_pts = 0.4725 vs_quad_pts = 1.5931 mon_cov = 0.961 mon_score = 5.4928 time = 15438.69 s

Epoch 133: Weights {"totalWeight":0.1,"recapWeight":0.05,"deltaWeight":9.75,"categoryWeight":0.05,"quantileWeight":0.4628,"consistencyWeight":0,"identityDropoutRate":0.84325}, Scales {"judgeBias":1,"corps":1}, SeqLen 15, ID_Drop 0.849, WFW 1.500 

History Bucket Diagnostics (Avg Abs Error per sample, normalized units):
Hist | Count | MAE_Pred | MAE_Base | PredDevFromBase
-----|-------|----------|----------|----------------
0    | 71    | 0.9528   | 2.2794   | 2.1692 
1    | 31    | 0.5221   | 1.2121   | 1.0753 
2    | 24    | 0.5233   | 1.0693   | 0.8784 
3-5  | 68    | 0.5275   | 0.9838   | 0.8377 
6+   | 208   | 0.3515   | 0.4743   | 0.3654 

Epoch 133: loss = 1.004479 delta_mae_pts = 0.5109 recap_mae_pts = 0.5109 cat_mae_pts = 0.5276 total_mae_pts = 1.1357 vs_inertia_pts = 0.4608 vs_quad_pts = 1.5814 mon_cov = 0.954 mon_score = 5.6298 time = 15556.04 s

Epoch 134: Weights {"totalWeight":0.1,"recapWeight":0.05,"deltaWeight":9.75,"categoryWeight":0.05,"quantileWeight":0.4664,"consistencyWeight":0,"identityDropoutRate":0.8385}, Scales {"judgeBias":1,"corps":1}, SeqLen 15, ID_Drop 0.843, WFW 1.500 

History Bucket Diagnostics (Avg Abs Error per sample, normalized units):
Hist | Count | MAE_Pred | MAE_Base | PredDevFromBase
-----|-------|----------|----------|----------------
0    | 71    | 0.9075   | 2.2794   | 2.1027 
1    | 31    | 0.5480   | 1.2121   | 1.1144 
2    | 24    | 0.5312   | 1.0693   | 1.0056 
3-5  | 68    | 0.5012   | 0.9838   | 0.8861 
6+   | 208   | 0.3414   | 0.4743   | 0.3727 

Epoch 134: loss = 0.908790 delta_mae_pts = 0.4957 recap_mae_pts = 0.4957 cat_mae_pts = 0.5120 total_mae_pts = 1.1222 vs_inertia_pts = 0.4760 vs_quad_pts = 1.5966 mon_cov = 0.961 mon_score = 5.4742 time = 15672.29 s

Epoch 135: Weights {"totalWeight":0.1,"recapWeight":0.05,"deltaWeight":9.75,"categoryWeight":0.05,"quantileWeight":0.47000000000000003,"consistencyWeight":0,"identityDropoutRate":0.83375}, Scales {"judgeBias":1,"corps":1}, SeqLen 15, ID_Drop 0.831, WFW 1.500 

History Bucket Diagnostics (Avg Abs Error per sample, normalized units):
Hist | Count | MAE_Pred | MAE_Base | PredDevFromBase
-----|-------|----------|----------|----------------
0    | 71    | 0.9493   | 2.2794   | 2.0765 
1    | 31    | 0.5535   | 1.2121   | 1.1084 
2    | 24    | 0.5537   | 1.0693   | 0.9224 
3-5  | 68    | 0.5407   | 0.9838   | 0.8338 
6+   | 208   | 0.3556   | 0.4743   | 0.3422 

Epoch 135: loss = 0.906121 delta_mae_pts = 0.5189 recap_mae_pts = 0.5189 cat_mae_pts = 0.5335 total_mae_pts = 1.1678 vs_inertia_pts = 0.4529 vs_quad_pts = 1.5734 mon_cov = 0.945 mon_score = 5.6655 time = 15788.86 s

Epoch 136: Weights {"totalWeight":0.1,"recapWeight":0.05,"deltaWeight":9.75,"categoryWeight":0.05,"quantileWeight":0.4736,"consistencyWeight":0,"identityDropoutRate":0.829}, Scales {"judgeBias":1,"corps":1}, SeqLen 15, ID_Drop 0.836, WFW 1.500 

History Bucket Diagnostics (Avg Abs Error per sample, normalized units):
Hist | Count | MAE_Pred | MAE_Base | PredDevFromBase
-----|-------|----------|----------|----------------
0    | 71    | 0.8855   | 2.2794   | 2.1275 
1    | 31    | 0.5513   | 1.2121   | 1.1667 
2    | 24    | 0.5139   | 1.0693   | 0.9337 
3-5  | 68    | 0.4799   | 0.9838   | 0.9194 
6+   | 208   | 0.3367   | 0.4743   | 0.3930 

Epoch 136: loss = 1.002448 delta_mae_pts = 0.4850 recap_mae_pts = 0.4850 cat_mae_pts = 0.4829 total_mae_pts = 1.0492 vs_inertia_pts = 0.4867 vs_quad_pts = 1.6073 mon_cov = 0.956 mon_score = 5.3490 time = 15906.26 s
Saved BEST checkpoint @epoch 136 score = 5.3490 -> models\v9_subcaption_fixed\v9fix_w1p0_cov4_1770464048897\best 

Epoch 137: Weights {"totalWeight":0.1,"recapWeight":0.05,"deltaWeight":9.75,"categoryWeight":0.05,"quantileWeight":0.4772,"consistencyWeight":0,"identityDropoutRate":0.82425}, Scales {"judgeBias":1,"corps":1}, SeqLen 15, ID_Drop 0.829, WFW 1.500 

History Bucket Diagnostics (Avg Abs Error per sample, normalized units):
Hist | Count | MAE_Pred | MAE_Base | PredDevFromBase
-----|-------|----------|----------|----------------
0    | 71    | 0.9040   | 2.2794   | 2.2109 
1    | 31    | 0.5141   | 1.2121   | 1.1166 
2    | 24    | 0.5313   | 1.0693   | 0.9411 
3-5  | 68    | 0.5148   | 0.9838   | 0.8685 
6+   | 208   | 0.3493   | 0.4743   | 0.3644 

Epoch 137: loss = 0.978265 delta_mae_pts = 0.4988 recap_mae_pts = 0.4988 cat_mae_pts = 0.5359 total_mae_pts = 1.1239 vs_inertia_pts = 0.4729 vs_quad_pts = 1.5935 mon_cov = 0.956 mon_score = 5.5160 time = 16022.58 s

Epoch 138: Weights {"totalWeight":0.1,"recapWeight":0.05,"deltaWeight":9.75,"categoryWeight":0.05,"quantileWeight":0.4808,"consistencyWeight":0,"identityDropoutRate":0.8195}, Scales {"judgeBias":1,"corps":1}, SeqLen 15, ID_Drop 0.818, WFW 1.500 

History Bucket Diagnostics (Avg Abs Error per sample, normalized units):
Hist | Count | MAE_Pred | MAE_Base | PredDevFromBase
-----|-------|----------|----------|----------------
0    | 71    | 0.8766   | 2.2794   | 2.1045 
1    | 31    | 0.5778   | 1.2121   | 1.0919 
2    | 24    | 0.6506   | 1.0693   | 1.0422 
3-5  | 68    | 0.5003   | 0.9838   | 0.9448 
6+   | 208   | 0.3676   | 0.4743   | 0.4472 

Epoch 138: loss = 0.986491 delta_mae_pts = 0.5130 recap_mae_pts = 0.5130 cat_mae_pts = 0.5568 total_mae_pts = 1.3018 vs_inertia_pts = 0.4587 vs_quad_pts = 1.5793 mon_cov = 0.956 mon_score = 5.6640 time = 16139.23 s

Epoch 139: Weights {"totalWeight":0.1,"recapWeight":0.05,"deltaWeight":9.75,"categoryWeight":0.05,"quantileWeight":0.4844,"consistencyWeight":0,"identityDropoutRate":0.81475}, Scales {"judgeBias":1,"corps":1}, SeqLen 15, ID_Drop 0.807, WFW 1.500 

History Bucket Diagnostics (Avg Abs Error per sample, normalized units):
Hist | Count | MAE_Pred | MAE_Base | PredDevFromBase
-----|-------|----------|----------|----------------
0    | 71    | 0.8602   | 2.2794   | 2.1067 
1    | 31    | 0.5742   | 1.2121   | 1.0833 
2    | 24    | 0.5076   | 1.0693   | 0.9035 
3-5  | 68    | 0.5054   | 0.9838   | 0.8598 
6+   | 208   | 0.3389   | 0.4743   | 0.3424 

Epoch 139: loss = 0.952601 delta_mae_pts = 0.4874 recap_mae_pts = 0.4874 cat_mae_pts = 0.5174 total_mae_pts = 1.1458 vs_inertia_pts = 0.4844 vs_quad_pts = 1.6049 mon_cov = 0.958 mon_score = 5.3954 time = 16254.45 s

Epoch 140: Weights {"totalWeight":0.1,"recapWeight":0.05,"deltaWeight":9.75,"categoryWeight":0.05,"quantileWeight":0.48800000000000004,"consistencyWeight":0,"identityDropoutRate":0.81}, Scales {"judgeBias":1,"corps":1}, SeqLen 15, ID_Drop 0.811, WFW 1.500 

History Bucket Diagnostics (Avg Abs Error per sample, normalized units):
Hist | Count | MAE_Pred | MAE_Base | PredDevFromBase
-----|-------|----------|----------|----------------
0    | 71    | 0.8464   | 2.2794   | 2.1557 
1    | 31    | 0.5496   | 1.2121   | 1.0442 
2    | 24    | 0.5617   | 1.0693   | 0.8826 
3-5  | 68    | 0.5204   | 0.9838   | 0.8294 
6+   | 208   | 0.3450   | 0.4743   | 0.3642 

Epoch 140: loss = 0.936404 delta_mae_pts = 0.4919 recap_mae_pts = 0.4919 cat_mae_pts = 0.5238 total_mae_pts = 1.1570 vs_inertia_pts = 0.4798 vs_quad_pts = 1.6004 mon_cov = 0.948 mon_score = 5.4395 time = 16370.26 s

Epoch 141: Weights {"totalWeight":0.1,"recapWeight":0.05,"deltaWeight":9.75,"categoryWeight":0.05,"quantileWeight":0.49160000000000004,"consistencyWeight":0,"identityDropoutRate":0.80525}, Scales {"judgeBias":1,"corps":1}, SeqLen 15, ID_Drop 0.805, WFW 1.500 

History Bucket Diagnostics (Avg Abs Error per sample, normalized units):
Hist | Count | MAE_Pred | MAE_Base | PredDevFromBase
-----|-------|----------|----------|----------------
0    | 71    | 0.8305   | 2.2794   | 2.0479 
1    | 31    | 0.4955   | 1.2121   | 1.0111 
2    | 24    | 0.5332   | 1.0693   | 0.9575 
3-5  | 68    | 0.5057   | 0.9838   | 0.8764 
6+   | 208   | 0.3465   | 0.4743   | 0.3532 

Epoch 141: loss = 0.951570 delta_mae_pts = 0.4815 recap_mae_pts = 0.4815 cat_mae_pts = 0.4985 total_mae_pts = 1.0519 vs_inertia_pts = 0.4902 vs_quad_pts = 1.6107 mon_cov = 0.962 mon_score = 5.3101 time = 16485.26 s
Saved BEST checkpoint @epoch 141 score = 5.3101 -> models\v9_subcaption_fixed\v9fix_w1p0_cov4_1770464048897\best 

Epoch 142: Weights {"totalWeight":0.1,"recapWeight":0.05,"deltaWeight":9.75,"categoryWeight":0.05,"quantileWeight":0.49520000000000003,"consistencyWeight":0,"identityDropoutRate":0.8005}, Scales {"judgeBias":1,"corps":1}, SeqLen 15, ID_Drop 0.793, WFW 1.500 

History Bucket Diagnostics (Avg Abs Error per sample, normalized units):
Hist | Count | MAE_Pred | MAE_Base | PredDevFromBase
-----|-------|----------|----------|----------------
0    | 71    | 0.8638   | 2.2794   | 2.1809 
1    | 31    | 0.5085   | 1.2121   | 1.1011 
2    | 24    | 0.5429   | 1.0693   | 1.0015 
3-5  | 68    | 0.4778   | 0.9838   | 0.8941 
6+   | 208   | 0.3360   | 0.4743   | 0.3856 

Epoch 142: loss = 0.946395 delta_mae_pts = 0.4789 recap_mae_pts = 0.4789 cat_mae_pts = 0.5115 total_mae_pts = 1.1261 vs_inertia_pts = 0.4929 vs_quad_pts = 1.6134 mon_cov = 0.956 mon_score = 5.2988 time = 16602.98 s
Saved BEST checkpoint @epoch 142 score = 5.2988 -> models\v9_subcaption_fixed\v9fix_w1p0_cov4_1770464048897\best 

Epoch 143: Weights {"totalWeight":0.1,"recapWeight":0.05,"deltaWeight":9.75,"categoryWeight":0.05,"quantileWeight":0.4988,"consistencyWeight":0,"identityDropoutRate":0.79575}, Scales {"judgeBias":1,"corps":1}, SeqLen 15, ID_Drop 0.800, WFW 1.500 

History Bucket Diagnostics (Avg Abs Error per sample, normalized units):
Hist | Count | MAE_Pred | MAE_Base | PredDevFromBase
-----|-------|----------|----------|----------------
0    | 71    | 0.8249   | 2.2794   | 2.0931 
1    | 31    | 0.5458   | 1.2121   | 1.1651 
2    | 24    | 0.5051   | 1.0693   | 0.9671 
3-5  | 68    | 0.5050   | 0.9838   | 0.9070 
6+   | 208   | 0.3425   | 0.4743   | 0.4058 

Epoch 143: loss = 0.961801 delta_mae_pts = 0.4806 recap_mae_pts = 0.4806 cat_mae_pts = 0.5021 total_mae_pts = 1.1305 vs_inertia_pts = 0.4911 vs_quad_pts = 1.6117 mon_cov = 0.963 mon_score = 5.3448 time = 16721.29 s

Epoch 144: Weights {"totalWeight":0.1,"recapWeight":0.05,"deltaWeight":9.75,"categoryWeight":0.05,"quantileWeight":0.5024,"consistencyWeight":0,"identityDropoutRate":0.791}, Scales {"judgeBias":1,"corps":1}, SeqLen 15, ID_Drop 0.787, WFW 1.500 

History Bucket Diagnostics (Avg Abs Error per sample, normalized units):
Hist | Count | MAE_Pred | MAE_Base | PredDevFromBase
-----|-------|----------|----------|----------------
0    | 71    | 0.8743   | 2.2794   | 2.0190 
1    | 31    | 0.5205   | 1.2121   | 1.0708 
2    | 24    | 0.5900   | 1.0693   | 0.8968 
3-5  | 68    | 0.4987   | 0.9838   | 0.8547 
6+   | 208   | 0.3328   | 0.4743   | 0.3469 

Epoch 144: loss = 0.920483 delta_mae_pts = 0.4863 recap_mae_pts = 0.4863 cat_mae_pts = 0.5172 total_mae_pts = 1.1050 vs_inertia_pts = 0.4854 vs_quad_pts = 1.6059 mon_cov = 0.959 mon_score = 5.3727 time = 16837.87 s

Epoch 145: Weights {"totalWeight":0.1,"recapWeight":0.05,"deltaWeight":9.75,"categoryWeight":0.05,"quantileWeight":0.506,"consistencyWeight":0,"identityDropoutRate":0.78625}, Scales {"judgeBias":1,"corps":1}, SeqLen 15, ID_Drop 0.792, WFW 1.500 

History Bucket Diagnostics (Avg Abs Error per sample, normalized units):
Hist | Count | MAE_Pred | MAE_Base | PredDevFromBase
-----|-------|----------|----------|----------------
0    | 71    | 0.8733   | 2.2794   | 2.0490 
1    | 31    | 0.5421   | 1.2121   | 1.0575 
2    | 24    | 0.5439   | 1.0693   | 0.9438 
3-5  | 68    | 0.5203   | 0.9838   | 0.8691 
6+   | 208   | 0.3423   | 0.4743   | 0.3742 

Epoch 145: loss = 0.892032 delta_mae_pts = 0.4937 recap_mae_pts = 0.4937 cat_mae_pts = 0.5224 total_mae_pts = 1.1642 vs_inertia_pts = 0.4781 vs_quad_pts = 1.5986 mon_cov = 0.962 mon_score = 5.4559 time = 16953.90 s

Epoch 146: Weights {"totalWeight":0.1,"recapWeight":0.05,"deltaWeight":9.75,"categoryWeight":0.05,"quantileWeight":0.5096,"consistencyWeight":0,"identityDropoutRate":0.7815}, Scales {"judgeBias":1,"corps":1}, SeqLen 15, ID_Drop 0.782, WFW 1.500 

History Bucket Diagnostics (Avg Abs Error per sample, normalized units):
Hist | Count | MAE_Pred | MAE_Base | PredDevFromBase
-----|-------|----------|----------|----------------
0    | 71    | 0.8286   | 2.2794   | 2.0484 
1    | 31    | 0.5189   | 1.2121   | 1.0611 
2    | 24    | 0.5060   | 1.0693   | 0.8822 
3-5  | 68    | 0.5139   | 0.9838   | 0.8103 
6+   | 208   | 0.3501   | 0.4743   | 0.3596 

Epoch 146: loss = 0.896602 delta_mae_pts = 0.4846 recap_mae_pts = 0.4846 cat_mae_pts = 0.5160 total_mae_pts = 1.1295 vs_inertia_pts = 0.4871 vs_quad_pts = 1.6076 mon_cov = 0.959 mon_score = 5.3730 time = 17073.71 s

Epoch 147: Weights {"totalWeight":0.1,"recapWeight":0.05,"deltaWeight":9.75,"categoryWeight":0.05,"quantileWeight":0.5132,"consistencyWeight":0,"identityDropoutRate":0.77675}, Scales {"judgeBias":1,"corps":1}, SeqLen 15, ID_Drop 0.782, WFW 1.500 

History Bucket Diagnostics (Avg Abs Error per sample, normalized units):
Hist | Count | MAE_Pred | MAE_Base | PredDevFromBase
-----|-------|----------|----------|----------------
0    | 71    | 0.8806   | 2.2794   | 2.2346 
1    | 31    | 0.5298   | 1.2121   | 1.1352 
2    | 24    | 0.5460   | 1.0693   | 1.0252 
3-5  | 68    | 0.4977   | 0.9838   | 0.9232 
6+   | 208   | 0.3387   | 0.4743   | 0.3763 

Epoch 147: loss = 0.998380 delta_mae_pts = 0.4884 recap_mae_pts = 0.4884 cat_mae_pts = 0.5241 total_mae_pts = 1.1944 vs_inertia_pts = 0.4833 vs_quad_pts = 1.6039 mon_cov = 0.959 mon_score = 5.4342 time = 17190.03 s

Epoch 148: Weights {"totalWeight":0.1,"recapWeight":0.05,"deltaWeight":9.75,"categoryWeight":0.05,"quantileWeight":0.5167999999999999,"consistencyWeight":0,"identityDropoutRate":0.772}, Scales {"judgeBias":1,"corps":1}, SeqLen 15, ID_Drop 0.783, WFW 1.500 

History Bucket Diagnostics (Avg Abs Error per sample, normalized units):
Hist | Count | MAE_Pred | MAE_Base | PredDevFromBase
-----|-------|----------|----------|----------------
0    | 71    | 0.8623   | 2.2794   | 2.1198 
1    | 31    | 0.4877   | 1.2121   | 1.1085 
2    | 24    | 0.5350   | 1.0693   | 0.9552 
3-5  | 68    | 0.5017   | 0.9838   | 0.9115 
6+   | 208   | 0.3300   | 0.4743   | 0.3914 

Epoch 148: loss = 0.924320 delta_mae_pts = 0.4774 recap_mae_pts = 0.4774 cat_mae_pts = 0.5005 total_mae_pts = 1.0547 vs_inertia_pts = 0.4943 vs_quad_pts = 1.6148 mon_cov = 0.960 mon_score = 5.3033 time = 17306.83 s

Epoch 149: Weights {"totalWeight":0.1,"recapWeight":0.05,"deltaWeight":9.75,"categoryWeight":0.05,"quantileWeight":0.5204,"consistencyWeight":0,"identityDropoutRate":0.76725}, Scales {"judgeBias":1,"corps":1}, SeqLen 15, ID_Drop 0.769, WFW 1.500 

History Bucket Diagnostics (Avg Abs Error per sample, normalized units):
Hist | Count | MAE_Pred | MAE_Base | PredDevFromBase
-----|-------|----------|----------|----------------
0    | 71    | 0.8558   | 2.2794   | 2.0464 
1    | 31    | 0.5982   | 1.2121   | 0.9649 
2    | 24    | 0.5650   | 1.0693   | 0.8759 
3-5  | 68    | 0.5258   | 0.9838   | 0.8091 
6+   | 208   | 0.3506   | 0.4743   | 0.3486 

Epoch 149: loss = 0.929089 delta_mae_pts = 0.5014 recap_mae_pts = 0.5014 cat_mae_pts = 0.5497 total_mae_pts = 1.2297 vs_inertia_pts = 0.4703 vs_quad_pts = 1.5909 mon_cov = 0.953 mon_score = 5.5256 time = 17423.42 s

Epoch 150: Weights {"totalWeight":0.1,"recapWeight":0.05,"deltaWeight":9.75,"categoryWeight":0.05,"quantileWeight":0.524,"consistencyWeight":0,"identityDropoutRate":0.7625}, Scales {"judgeBias":1,"corps":1}, SeqLen 15, ID_Drop 0.771, WFW 1.500 

History Bucket Diagnostics (Avg Abs Error per sample, normalized units):
Hist | Count | MAE_Pred | MAE_Base | PredDevFromBase
-----|-------|----------|----------|----------------
0    | 71    | 0.8696   | 2.2794   | 2.0969 
1    | 31    | 0.5356   | 1.2121   | 1.0372 
2    | 24    | 0.5591   | 1.0693   | 0.8835 
3-5  | 68    | 0.4802   | 0.9838   | 0.8676 
6+   | 208   | 0.3412   | 0.4743   | 0.3566 

Epoch 150: loss = 0.955508 delta_mae_pts = 0.4860 recap_mae_pts = 0.4860 cat_mae_pts = 0.5151 total_mae_pts = 1.1424 vs_inertia_pts = 0.4857 vs_quad_pts = 1.6062 mon_cov = 0.956 mon_score = 5.3631 time = 17547.20 s

-- - CAPTION STATS(Epoch 150)-- - 
GE1: delta_pts = 0.3397, recap_pts = 0.3397, cov = 0.948, width = 1.9786 
GE2: delta_pts = 0.3436, recap_pts = 0.3436, cov = 0.965, width = 2.0161 
VP: delta_pts = 0.4404, recap_pts = 0.4404, cov = 0.975, width = 3.7283 
VA: delta_pts = 0.4123, recap_pts = 0.4123, cov = 0.935, width = 2.0702 
CG: delta_pts = 0.5313, recap_pts = 0.5313, cov = 0.965, width = 3.8344 
MB: delta_pts = 0.6738, recap_pts = 0.6738, cov = 0.948, width = 5.5568 
MA: delta_pts = 0.3945, recap_pts = 0.3945, cov = 0.940, width = 2.0872 
MP: delta_pts = 0.7527, recap_pts = 0.7527, cov = 0.975, width = 6.0864 
----------------------------------


Epoch 151: Weights {"totalWeight":0.1,"recapWeight":0.05,"deltaWeight":9.75,"categoryWeight":0.05,"quantileWeight":0.5276000000000001,"consistencyWeight":0,"identityDropoutRate":0.75775}, Scales {"judgeBias":1,"corps":1}, SeqLen 15, ID_Drop 0.768, WFW 1.500 

History Bucket Diagnostics (Avg Abs Error per sample, normalized units):
Hist | Count | MAE_Pred | MAE_Base | PredDevFromBase
-----|-------|----------|----------|----------------
0    | 71    | 0.9023   | 2.2794   | 2.1892 
1    | 31    | 0.5781   | 1.2121   | 1.1396 
2    | 24    | 0.5604   | 1.0693   | 0.9716 
3-5  | 68    | 0.4955   | 0.9838   | 0.8939 
6+   | 208   | 0.3299   | 0.4743   | 0.3857 

Epoch 151: loss = 0.889900 delta_mae_pts = 0.4919 recap_mae_pts = 0.4919 cat_mae_pts = 0.5042 total_mae_pts = 1.1227 vs_inertia_pts = 0.4798 vs_quad_pts = 1.6004 mon_cov = 0.962 mon_score = 5.4330 time = 17675.81 s

Epoch 152: Weights {"totalWeight":0.1,"recapWeight":0.05,"deltaWeight":9.75,"categoryWeight":0.05,"quantileWeight":0.5312,"consistencyWeight":0,"identityDropoutRate":0.753}, Scales {"judgeBias":1,"corps":1}, SeqLen 15, ID_Drop 0.763, WFW 1.500 

History Bucket Diagnostics (Avg Abs Error per sample, normalized units):
Hist | Count | MAE_Pred | MAE_Base | PredDevFromBase
-----|-------|----------|----------|----------------
0    | 71    | 0.9424   | 2.2794   | 2.2164 
1    | 31    | 0.5269   | 1.2121   | 1.0922 
2    | 24    | 0.5437   | 1.0693   | 0.9763 
3-5  | 68    | 0.4864   | 0.9838   | 0.8791 
6+   | 208   | 0.3285   | 0.4743   | 0.3857 

Epoch 152: loss = 0.874594 delta_mae_pts = 0.4918 recap_mae_pts = 0.4918 cat_mae_pts = 0.5094 total_mae_pts = 1.0977 vs_inertia_pts = 0.4799 vs_quad_pts = 1.6005 mon_cov = 0.961 mon_score = 5.4419 time = 17804.15 s

Epoch 153: Weights {"totalWeight":0.1,"recapWeight":0.05,"deltaWeight":9.75,"categoryWeight":0.05,"quantileWeight":0.5347999999999999,"consistencyWeight":0,"identityDropoutRate":0.7482500000000001}, Scales {"judgeBias":1,"corps":1}, SeqLen 15, ID_Drop 0.756, WFW 1.500 

History Bucket Diagnostics (Avg Abs Error per sample, normalized units):
Hist | Count | MAE_Pred | MAE_Base | PredDevFromBase
-----|-------|----------|----------|----------------
0    | 71    | 0.9133   | 2.2794   | 2.1766 
1    | 31    | 0.5422   | 1.2121   | 1.1128 
2    | 24    | 0.6006   | 1.0693   | 0.8831 
3-5  | 68    | 0.4981   | 0.9838   | 0.8557 
6+   | 208   | 0.3438   | 0.4743   | 0.3615 

Epoch 153: loss = 0.943323 delta_mae_pts = 0.5011 recap_mae_pts = 0.5011 cat_mae_pts = 0.5175 total_mae_pts = 1.1730 vs_inertia_pts = 0.4706 vs_quad_pts = 1.5912 mon_cov = 0.960 mon_score = 5.5337 time = 17927.84 s

Epoch 154: Weights {"totalWeight":0.1,"recapWeight":0.05,"deltaWeight":9.75,"categoryWeight":0.05,"quantileWeight":0.5384,"consistencyWeight":0,"identityDropoutRate":0.7435}, Scales {"judgeBias":1,"corps":1}, SeqLen 15, ID_Drop 0.753, WFW 1.500 

History Bucket Diagnostics (Avg Abs Error per sample, normalized units):
Hist | Count | MAE_Pred | MAE_Base | PredDevFromBase
-----|-------|----------|----------|----------------
0    | 71    | 0.9410   | 2.2794   | 2.2451 
1    | 31    | 0.5807   | 1.2121   | 1.1915 
2    | 24    | 0.6095   | 1.0693   | 1.0217 
3-5  | 68    | 0.5052   | 0.9838   | 0.9359 
6+   | 208   | 0.3481   | 0.4743   | 0.4246 

Epoch 154: loss = 0.951925 delta_mae_pts = 0.5130 recap_mae_pts = 0.5130 cat_mae_pts = 0.5436 total_mae_pts = 1.2626 vs_inertia_pts = 0.4588 vs_quad_pts = 1.5793 mon_cov = 0.956 mon_score = 5.6535 time = 18042.57 s

Epoch 155: Weights {"totalWeight":0.1,"recapWeight":0.05,"deltaWeight":9.75,"categoryWeight":0.05,"quantileWeight":0.542,"consistencyWeight":0,"identityDropoutRate":0.73875}, Scales {"judgeBias":1,"corps":1}, SeqLen 15, ID_Drop 0.735, WFW 1.500 

History Bucket Diagnostics (Avg Abs Error per sample, normalized units):
Hist | Count | MAE_Pred | MAE_Base | PredDevFromBase
-----|-------|----------|----------|----------------
0    | 71    | 0.9141   | 2.2794   | 2.1083 
1    | 31    | 0.5079   | 1.2121   | 1.0846 
2    | 24    | 0.5494   | 1.0693   | 0.9268 
3-5  | 68    | 0.4982   | 0.9838   | 0.8768 
6+   | 208   | 0.3409   | 0.4743   | 0.3866 

Epoch 155: loss = 0.919397 delta_mae_pts = 0.4941 recap_mae_pts = 0.4941 cat_mae_pts = 0.5041 total_mae_pts = 1.0884 vs_inertia_pts = 0.4777 vs_quad_pts = 1.5982 mon_cov = 0.959 mon_score = 5.4669 time = 18159.52 s

Epoch 156: Weights {"totalWeight":0.1,"recapWeight":0.05,"deltaWeight":9.75,"categoryWeight":0.05,"quantileWeight":0.5456000000000001,"consistencyWeight":0,"identityDropoutRate":0.734}, Scales {"judgeBias":1,"corps":1}, SeqLen 15, ID_Drop 0.740, WFW 1.500 

History Bucket Diagnostics (Avg Abs Error per sample, normalized units):
Hist | Count | MAE_Pred | MAE_Base | PredDevFromBase
-----|-------|----------|----------|----------------
0    | 71    | 0.9003   | 2.2794   | 2.1492 
1    | 31    | 0.5455   | 1.2121   | 1.0116 
2    | 24    | 0.5889   | 1.0693   | 0.9243 
3-5  | 68    | 0.5043   | 0.9838   | 0.8586 
6+   | 208   | 0.3256   | 0.4743   | 0.3753 

Epoch 156: loss = 0.911860 delta_mae_pts = 0.4900 recap_mae_pts = 0.4900 cat_mae_pts = 0.5171 total_mae_pts = 1.1189 vs_inertia_pts = 0.4817 vs_quad_pts = 1.6023 mon_cov = 0.959 mon_score = 5.4099 time = 18277.09 s

Epoch 157: Weights {"totalWeight":0.1,"recapWeight":0.05,"deltaWeight":9.75,"categoryWeight":0.05,"quantileWeight":0.5492,"consistencyWeight":0,"identityDropoutRate":0.72925}, Scales {"judgeBias":1,"corps":1}, SeqLen 15, ID_Drop 0.740, WFW 1.500 

History Bucket Diagnostics (Avg Abs Error per sample, normalized units):
Hist | Count | MAE_Pred | MAE_Base | PredDevFromBase
-----|-------|----------|----------|----------------
0    | 71    | 0.9116   | 2.2794   | 2.1466 
1    | 31    | 0.4995   | 1.2121   | 1.1261 
2    | 24    | 0.5481   | 1.0693   | 1.0237 
3-5  | 68    | 0.5011   | 0.9838   | 0.8945 
6+   | 208   | 0.3307   | 0.4743   | 0.4064 

Epoch 157: loss = 0.920231 delta_mae_pts = 0.4881 recap_mae_pts = 0.4881 cat_mae_pts = 0.5173 total_mae_pts = 1.1389 vs_inertia_pts = 0.4836 vs_quad_pts = 1.6042 mon_cov = 0.959 mon_score = 5.3966 time = 18394.78 s

Epoch 158: Weights {"totalWeight":0.1,"recapWeight":0.05,"deltaWeight":9.75,"categoryWeight":0.05,"quantileWeight":0.5528,"consistencyWeight":0,"identityDropoutRate":0.7245}, Scales {"judgeBias":1,"corps":1}, SeqLen 15, ID_Drop 0.729, WFW 1.500 

History Bucket Diagnostics (Avg Abs Error per sample, normalized units):
Hist | Count | MAE_Pred | MAE_Base | PredDevFromBase
-----|-------|----------|----------|----------------
0    | 71    | 0.9087   | 2.2794   | 2.1363 
1    | 31    | 0.5150   | 1.2121   | 1.0661 
2    | 24    | 0.5547   | 1.0693   | 0.8683 
3-5  | 68    | 0.5024   | 0.9838   | 0.8650 
6+   | 208   | 0.3296   | 0.4743   | 0.3758 

Epoch 158: loss = 0.852473 delta_mae_pts = 0.4889 recap_mae_pts = 0.4889 cat_mae_pts = 0.4971 total_mae_pts = 1.0879 vs_inertia_pts = 0.4828 vs_quad_pts = 1.6034 mon_cov = 0.958 mon_score = 5.4217 time = 18512.24 s

Epoch 159: Weights {"totalWeight":0.1,"recapWeight":0.05,"deltaWeight":9.75,"categoryWeight":0.05,"quantileWeight":0.5564,"consistencyWeight":0,"identityDropoutRate":0.71975}, Scales {"judgeBias":1,"corps":1}, SeqLen 15, ID_Drop 0.734, WFW 1.500 

History Bucket Diagnostics (Avg Abs Error per sample, normalized units):
Hist | Count | MAE_Pred | MAE_Base | PredDevFromBase
-----|-------|----------|----------|----------------
0    | 71    | 0.9329   | 2.2794   | 2.1909 
1    | 31    | 0.5313   | 1.2121   | 1.1124 
2    | 24    | 0.5658   | 1.0693   | 0.9571 
3-5  | 68    | 0.5057   | 0.9838   | 0.8575 
6+   | 208   | 0.3273   | 0.4743   | 0.3859 

Epoch 159: loss = 0.864465 delta_mae_pts = 0.4944 recap_mae_pts = 0.4944 cat_mae_pts = 0.5020 total_mae_pts = 1.0907 vs_inertia_pts = 0.4773 vs_quad_pts = 1.5979 mon_cov = 0.964 mon_score = 5.4635 time = 18627.19 s

Epoch 160: Weights {"totalWeight":0.1,"recapWeight":0.05,"deltaWeight":9.75,"categoryWeight":0.05,"quantileWeight":0.56,"consistencyWeight":0,"identityDropoutRate":0.7150000000000001}, Scales {"judgeBias":1,"corps":1}, SeqLen 15, ID_Drop 0.718, WFW 1.500 

History Bucket Diagnostics (Avg Abs Error per sample, normalized units):
Hist | Count | MAE_Pred | MAE_Base | PredDevFromBase
-----|-------|----------|----------|----------------
0    | 71    | 0.8788   | 2.2794   | 2.1307 
1    | 31    | 0.5135   | 1.2121   | 1.0749 
2    | 24    | 0.5639   | 1.0693   | 0.9847 
3-5  | 68    | 0.5138   | 0.9838   | 0.8603 
6+   | 208   | 0.3248   | 0.4743   | 0.4042 

Epoch 160: loss = 0.908886 delta_mae_pts = 0.4835 recap_mae_pts = 0.4835 cat_mae_pts = 0.5030 total_mae_pts = 1.1088 vs_inertia_pts = 0.4883 vs_quad_pts = 1.6088 mon_cov = 0.961 mon_score = 5.3212 time = 18761.44 s

--- NO IMPROVEMENT FOR 18 EPOCHS: Reducing LR to 0.000047 ---

Epoch 161: Weights {"totalWeight":0.1,"recapWeight":0.05,"deltaWeight":9.75,"categoryWeight":0.05,"quantileWeight":0.5636000000000001,"consistencyWeight":0,"identityDropoutRate":0.71025}, Scales {"judgeBias":1,"corps":1}, SeqLen 15, ID_Drop 0.715, WFW 1.500 

History Bucket Diagnostics (Avg Abs Error per sample, normalized units):
Hist | Count | MAE_Pred | MAE_Base | PredDevFromBase
-----|-------|----------|----------|----------------
0    | 71    | 0.8144   | 2.2794   | 2.1414 
1    | 31    | 0.5400   | 1.2121   | 1.0208 
2    | 24    | 0.5391   | 1.0693   | 0.9327 
3-5  | 68    | 0.5022   | 0.9838   | 0.8293 
6+   | 208   | 0.3268   | 0.4743   | 0.3754 

Epoch 161: loss = 0.835241 delta_mae_pts = 0.4717 recap_mae_pts = 0.4717 cat_mae_pts = 0.5143 total_mae_pts = 1.1034 vs_inertia_pts = 0.5000 vs_quad_pts = 1.6206 mon_cov = 0.962 mon_score = 5.2816 time = 18850.61 s
Saved BEST checkpoint @epoch 161 score = 5.2816 -> models\v9_subcaption_fixed\v9fix_w1p0_cov4_1770464048897\best 

Epoch 162: Weights {"totalWeight":0.1,"recapWeight":0.05,"deltaWeight":9.75,"categoryWeight":0.05,"quantileWeight":0.5671999999999999,"consistencyWeight":0,"identityDropoutRate":0.7055}, Scales {"judgeBias":1,"corps":1}, SeqLen 15, ID_Drop 0.696, WFW 1.500 

History Bucket Diagnostics (Avg Abs Error per sample, normalized units):
Hist | Count | MAE_Pred | MAE_Base | PredDevFromBase
-----|-------|----------|----------|----------------
0    | 71    | 0.8686   | 2.2794   | 2.2270 
1    | 31    | 0.5291   | 1.2121   | 1.0603 
2    | 24    | 0.5601   | 1.0693   | 0.8978 
3-5  | 68    | 0.4937   | 0.9838   | 0.8700 
6+   | 208   | 0.3284   | 0.4743   | 0.3723 

Epoch 162: loss = 0.834697 delta_mae_pts = 0.4811 recap_mae_pts = 0.4811 cat_mae_pts = 0.5203 total_mae_pts = 1.1312 vs_inertia_pts = 0.4906 vs_quad_pts = 1.6112 mon_cov = 0.961 mon_score = 5.3133 time = 18967.91 s

Epoch 163: Weights {"totalWeight":0.1,"recapWeight":0.05,"deltaWeight":9.75,"categoryWeight":0.05,"quantileWeight":0.5708,"consistencyWeight":0,"identityDropoutRate":0.70075}, Scales {"judgeBias":1,"corps":1}, SeqLen 15, ID_Drop 0.710, WFW 1.500 

History Bucket Diagnostics (Avg Abs Error per sample, normalized units):
Hist | Count | MAE_Pred | MAE_Base | PredDevFromBase
-----|-------|----------|----------|----------------
0    | 71    | 0.8318   | 2.2794   | 2.0817 
1    | 31    | 0.4910   | 1.2121   | 1.0634 
2    | 24    | 0.5788   | 1.0693   | 0.9956 
3-5  | 68    | 0.5078   | 0.9838   | 0.9112 
6+   | 208   | 0.3267   | 0.4743   | 0.4111 

Epoch 163: loss = 0.845325 delta_mae_pts = 0.4743 recap_mae_pts = 0.4743 cat_mae_pts = 0.5180 total_mae_pts = 1.1213 vs_inertia_pts = 0.4974 vs_quad_pts = 1.6180 mon_cov = 0.961 mon_score = 5.2596 time = 19083.01 s
Saved BEST checkpoint @epoch 163 score = 5.2596 -> models\v9_subcaption_fixed\v9fix_w1p0_cov4_1770464048897\best 

Epoch 164: Weights {"totalWeight":0.1,"recapWeight":0.05,"deltaWeight":9.75,"categoryWeight":0.05,"quantileWeight":0.5744,"consistencyWeight":0,"identityDropoutRate":0.696}, Scales {"judgeBias":1,"corps":1}, SeqLen 15, ID_Drop 0.687, WFW 1.500 

History Bucket Diagnostics (Avg Abs Error per sample, normalized units):
Hist | Count | MAE_Pred | MAE_Base | PredDevFromBase
-----|-------|----------|----------|----------------
0    | 71    | 0.8360   | 2.2794   | 2.0812 
1    | 31    | 0.5411   | 1.2121   | 1.1520 
2    | 24    | 0.5901   | 1.0693   | 0.9271 
3-5  | 68    | 0.4932   | 0.9838   | 0.8801 
6+   | 208   | 0.3251   | 0.4743   | 0.3954 

Epoch 164: loss = 0.877625 delta_mae_pts = 0.4763 recap_mae_pts = 0.4763 cat_mae_pts = 0.5058 total_mae_pts = 1.1079 vs_inertia_pts = 0.4955 vs_quad_pts = 1.6160 mon_cov = 0.964 mon_score = 5.2722 time = 19198.32 s

Epoch 165: Weights {"totalWeight":0.1,"recapWeight":0.05,"deltaWeight":9.75,"categoryWeight":0.05,"quantileWeight":0.5780000000000001,"consistencyWeight":0,"identityDropoutRate":0.69125}, Scales {"judgeBias":1,"corps":1}, SeqLen 15, ID_Drop 0.691, WFW 1.500 

History Bucket Diagnostics (Avg Abs Error per sample, normalized units):
Hist | Count | MAE_Pred | MAE_Base | PredDevFromBase
-----|-------|----------|----------|----------------
0    | 71    | 0.8308   | 2.2794   | 2.1360 
1    | 31    | 0.5080   | 1.2121   | 1.0748 
2    | 24    | 0.5543   | 1.0693   | 0.9336 
3-5  | 68    | 0.4905   | 0.9838   | 0.8999 
6+   | 208   | 0.3240   | 0.4743   | 0.4045 

Epoch 165: loss = 0.893145 delta_mae_pts = 0.4696 recap_mae_pts = 0.4696 cat_mae_pts = 0.5079 total_mae_pts = 1.1025 vs_inertia_pts = 0.5021 vs_quad_pts = 1.6227 mon_cov = 0.960 mon_score = 5.2298 time = 19314.93 s
Saved BEST checkpoint @epoch 165 score = 5.2298 -> models\v9_subcaption_fixed\v9fix_w1p0_cov4_1770464048897\best 

Epoch 166: Weights {"totalWeight":0.1,"recapWeight":0.05,"deltaWeight":9.75,"categoryWeight":0.05,"quantileWeight":0.5816,"consistencyWeight":0,"identityDropoutRate":0.6865}, Scales {"judgeBias":1,"corps":1}, SeqLen 15, ID_Drop 0.678, WFW 1.500 

History Bucket Diagnostics (Avg Abs Error per sample, normalized units):
Hist | Count | MAE_Pred | MAE_Base | PredDevFromBase
-----|-------|----------|----------|----------------
0    | 71    | 0.8458   | 2.2794   | 2.1555 
1    | 31    | 0.5648   | 1.2121   | 1.1373 
2    | 24    | 0.5989   | 1.0693   | 0.9654 
3-5  | 68    | 0.4798   | 0.9838   | 0.8996 
6+   | 208   | 0.3279   | 0.4743   | 0.3922 

Epoch 166: loss = 0.889497 delta_mae_pts = 0.4795 recap_mae_pts = 0.4795 cat_mae_pts = 0.5079 total_mae_pts = 1.1371 vs_inertia_pts = 0.4922 vs_quad_pts = 1.6128 mon_cov = 0.962 mon_score = 5.2983 time = 19431.10 s

Epoch 167: Weights {"totalWeight":0.1,"recapWeight":0.05,"deltaWeight":9.75,"categoryWeight":0.05,"quantileWeight":0.5851999999999999,"consistencyWeight":0,"identityDropoutRate":0.6817500000000001}, Scales {"judgeBias":1,"corps":1}, SeqLen 15, ID_Drop 0.691, WFW 1.500 

History Bucket Diagnostics (Avg Abs Error per sample, normalized units):
Hist | Count | MAE_Pred | MAE_Base | PredDevFromBase
-----|-------|----------|----------|----------------
0    | 71    | 0.8539   | 2.2794   | 2.0971 
1    | 31    | 0.5034   | 1.2121   | 1.0768 
2    | 24    | 0.5554   | 1.0693   | 0.9427 
3-5  | 68    | 0.4848   | 0.9838   | 0.8550 
6+   | 208   | 0.3296   | 0.4743   | 0.3848 

Epoch 167: loss = 0.909564 delta_mae_pts = 0.4754 recap_mae_pts = 0.4754 cat_mae_pts = 0.4978 total_mae_pts = 1.1255 vs_inertia_pts = 0.4964 vs_quad_pts = 1.6169 mon_cov = 0.962 mon_score = 5.2658 time = 19548.67 s

Epoch 168: Weights {"totalWeight":0.1,"recapWeight":0.05,"deltaWeight":9.75,"categoryWeight":0.05,"quantileWeight":0.5888,"consistencyWeight":0,"identityDropoutRate":0.677}, Scales {"judgeBias":1,"corps":1}, SeqLen 15, ID_Drop 0.691, WFW 1.500 

History Bucket Diagnostics (Avg Abs Error per sample, normalized units):
Hist | Count | MAE_Pred | MAE_Base | PredDevFromBase
-----|-------|----------|----------|----------------
0    | 71    | 0.8425   | 2.2794   | 2.1960 
1    | 31    | 0.5088   | 1.2121   | 1.0946 
2    | 24    | 0.5815   | 1.0693   | 0.9610 
3-5  | 68    | 0.4788   | 0.9838   | 0.8887 
6+   | 208   | 0.3266   | 0.4743   | 0.4043 

Epoch 168: loss = 0.833557 delta_mae_pts = 0.4727 recap_mae_pts = 0.4727 cat_mae_pts = 0.5002 total_mae_pts = 1.1193 vs_inertia_pts = 0.4990 vs_quad_pts = 1.6196 mon_cov = 0.964 mon_score = 5.2365 time = 19664.37 s

Epoch 169: Weights {"totalWeight":0.1,"recapWeight":0.05,"deltaWeight":9.75,"categoryWeight":0.05,"quantileWeight":0.5924,"consistencyWeight":0,"identityDropoutRate":0.67225}, Scales {"judgeBias":1,"corps":1}, SeqLen 15, ID_Drop 0.670, WFW 1.500 

History Bucket Diagnostics (Avg Abs Error per sample, normalized units):
Hist | Count | MAE_Pred | MAE_Base | PredDevFromBase
-----|-------|----------|----------|----------------
0    | 71    | 0.8773   | 2.2794   | 2.1259 
1    | 31    | 0.5520   | 1.2121   | 1.0561 
2    | 24    | 0.5438   | 1.0693   | 0.9301 
3-5  | 68    | 0.4897   | 0.9838   | 0.8654 
6+   | 208   | 0.3302   | 0.4743   | 0.3731 

Epoch 169: loss = 0.827477 delta_mae_pts = 0.4836 recap_mae_pts = 0.4836 cat_mae_pts = 0.4951 total_mae_pts = 1.0882 vs_inertia_pts = 0.4881 vs_quad_pts = 1.6086 mon_cov = 0.965 mon_score = 5.3527 time = 19780.33 s

Epoch 170: Weights {"totalWeight":0.1,"recapWeight":0.05,"deltaWeight":9.75,"categoryWeight":0.05,"quantileWeight":0.5960000000000001,"consistencyWeight":0,"identityDropoutRate":0.6675}, Scales {"judgeBias":1,"corps":1}, SeqLen 15, ID_Drop 0.673, WFW 1.500 

History Bucket Diagnostics (Avg Abs Error per sample, normalized units):
Hist | Count | MAE_Pred | MAE_Base | PredDevFromBase
-----|-------|----------|----------|----------------
0    | 71    | 0.8385   | 2.2794   | 2.1422 
1    | 31    | 0.5301   | 1.2121   | 1.1124 
2    | 24    | 0.5566   | 1.0693   | 0.9663 
3-5  | 68    | 0.4873   | 0.9838   | 0.8644 
6+   | 208   | 0.3285   | 0.4743   | 0.3863 

Epoch 170: loss = 0.819466 delta_mae_pts = 0.4746 recap_mae_pts = 0.4746 cat_mae_pts = 0.4972 total_mae_pts = 1.0263 vs_inertia_pts = 0.4971 vs_quad_pts = 1.6177 mon_cov = 0.962 mon_score = 5.2457 time = 19894.87 s

Epoch 171: Weights {"totalWeight":0.1,"recapWeight":0.05,"deltaWeight":9.75,"categoryWeight":0.05,"quantileWeight":0.5996,"consistencyWeight":0,"identityDropoutRate":0.66275}, Scales {"judgeBias":1,"corps":1}, SeqLen 15, ID_Drop 0.674, WFW 1.500 

History Bucket Diagnostics (Avg Abs Error per sample, normalized units):
Hist | Count | MAE_Pred | MAE_Base | PredDevFromBase
-----|-------|----------|----------|----------------
0    | 71    | 0.8591   | 2.2794   | 2.1246 
1    | 31    | 0.5003   | 1.2121   | 1.1216 
2    | 24    | 0.5490   | 1.0693   | 1.0489 
3-5  | 68    | 0.4792   | 0.9838   | 0.9169 
6+   | 208   | 0.3223   | 0.4743   | 0.4187 

Epoch 171: loss = 0.896551 delta_mae_pts = 0.4709 recap_mae_pts = 0.4709 cat_mae_pts = 0.4909 total_mae_pts = 1.0982 vs_inertia_pts = 0.5008 vs_quad_pts = 1.6214 mon_cov = 0.964 mon_score = 5.2268 time = 20012.36 s
Saved BEST checkpoint @epoch 171 score = 5.2268 -> models\v9_subcaption_fixed\v9fix_w1p0_cov4_1770464048897\best 

Epoch 172: Weights {"totalWeight":0.1,"recapWeight":0.05,"deltaWeight":9.75,"categoryWeight":0.05,"quantileWeight":0.6032,"consistencyWeight":0,"identityDropoutRate":0.658}, Scales {"judgeBias":1,"corps":1}, SeqLen 15, ID_Drop 0.654, WFW 1.500 

History Bucket Diagnostics (Avg Abs Error per sample, normalized units):
Hist | Count | MAE_Pred | MAE_Base | PredDevFromBase
-----|-------|----------|----------|----------------
0    | 71    | 0.8783   | 2.2794   | 2.0754 
1    | 31    | 0.5114   | 1.2121   | 1.0645 
2    | 24    | 0.5234   | 1.0693   | 0.9394 
3-5  | 68    | 0.4940   | 0.9838   | 0.8801 
6+   | 208   | 0.3234   | 0.4743   | 0.3985 

Epoch 172: loss = 0.897508 delta_mae_pts = 0.4767 recap_mae_pts = 0.4767 cat_mae_pts = 0.4892 total_mae_pts = 1.0795 vs_inertia_pts = 0.4950 vs_quad_pts = 1.6156 mon_cov = 0.968 mon_score = 5.2931 time = 20129.86 s

Epoch 173: Weights {"totalWeight":0.1,"recapWeight":0.05,"deltaWeight":9.75,"categoryWeight":0.05,"quantileWeight":0.6068,"consistencyWeight":0,"identityDropoutRate":0.65325}, Scales {"judgeBias":1,"corps":1}, SeqLen 15, ID_Drop 0.663, WFW 1.500 

History Bucket Diagnostics (Avg Abs Error per sample, normalized units):
Hist | Count | MAE_Pred | MAE_Base | PredDevFromBase
-----|-------|----------|----------|----------------
0    | 71    | 0.8623   | 2.2794   | 2.1856 
1    | 31    | 0.5378   | 1.2121   | 1.1379 
2    | 24    | 0.5309   | 1.0693   | 0.9639 
3-5  | 68    | 0.4704   | 0.9838   | 0.8906 
6+   | 208   | 0.3246   | 0.4743   | 0.4005 

Epoch 173: loss = 0.816935 delta_mae_pts = 0.4730 recap_mae_pts = 0.4730 cat_mae_pts = 0.4967 total_mae_pts = 1.0724 vs_inertia_pts = 0.4987 vs_quad_pts = 1.6193 mon_cov = 0.963 mon_score = 5.2467 time = 20246.60 s

Epoch 174: Weights {"totalWeight":0.1,"recapWeight":0.05,"deltaWeight":9.75,"categoryWeight":0.05,"quantileWeight":0.6104,"consistencyWeight":0,"identityDropoutRate":0.6485000000000001}, Scales {"judgeBias":1,"corps":1}, SeqLen 15, ID_Drop 0.654, WFW 1.500 

History Bucket Diagnostics (Avg Abs Error per sample, normalized units):
Hist | Count | MAE_Pred | MAE_Base | PredDevFromBase
-----|-------|----------|----------|----------------
0    | 71    | 0.8579   | 2.2794   | 2.1105 
1    | 31    | 0.5147   | 1.2121   | 1.0930 
2    | 24    | 0.5141   | 1.0693   | 0.9619 
3-5  | 68    | 0.4767   | 0.9838   | 0.9032 
6+   | 208   | 0.3262   | 0.4743   | 0.3822 

Epoch 174: loss = 0.801373 delta_mae_pts = 0.4713 recap_mae_pts = 0.4713 cat_mae_pts = 0.5021 total_mae_pts = 1.0518 vs_inertia_pts = 0.5004 vs_quad_pts = 1.6210 mon_cov = 0.966 mon_score = 5.2346 time = 20362.73 s

Epoch 175: Weights {"totalWeight":0.1,"recapWeight":0.05,"deltaWeight":9.75,"categoryWeight":0.05,"quantileWeight":0.6140000000000001,"consistencyWeight":0,"identityDropoutRate":0.64375}, Scales {"judgeBias":1,"corps":1}, SeqLen 15, ID_Drop 0.651, WFW 1.500 

History Bucket Diagnostics (Avg Abs Error per sample, normalized units):
Hist | Count | MAE_Pred | MAE_Base | PredDevFromBase
-----|-------|----------|----------|----------------
0    | 71    | 0.9414   | 2.2794   | 2.2319 
1    | 31    | 0.5288   | 1.2121   | 1.1110 
2    | 24    | 0.5532   | 1.0693   | 0.9462 
3-5  | 68    | 0.5048   | 0.9838   | 0.8974 
6+   | 208   | 0.3346   | 0.4743   | 0.3916 

Epoch 175: loss = 0.847589 delta_mae_pts = 0.4986 recap_mae_pts = 0.4986 cat_mae_pts = 0.4941 total_mae_pts = 1.0607 vs_inertia_pts = 0.4732 vs_quad_pts = 1.5937 mon_cov = 0.965 mon_score = 5.5010 time = 20478.83 s

Epoch 176: Weights {"totalWeight":0.1,"recapWeight":0.05,"deltaWeight":9.75,"categoryWeight":0.05,"quantileWeight":0.6176,"consistencyWeight":0,"identityDropoutRate":0.639}, Scales {"judgeBias":1,"corps":1}, SeqLen 15, ID_Drop 0.649, WFW 1.500 

History Bucket Diagnostics (Avg Abs Error per sample, normalized units):
Hist | Count | MAE_Pred | MAE_Base | PredDevFromBase
-----|-------|----------|----------|----------------
0    | 71    | 0.9221   | 2.2794   | 2.1719 
1    | 31    | 0.5102   | 1.2121   | 1.0467 
2    | 24    | 0.5477   | 1.0693   | 0.9904 
3-5  | 68    | 0.4736   | 0.9838   | 0.8936 
6+   | 208   | 0.3249   | 0.4743   | 0.3987 

Epoch 176: loss = 0.829019 delta_mae_pts = 0.4831 recap_mae_pts = 0.4831 cat_mae_pts = 0.4883 total_mae_pts = 1.0280 vs_inertia_pts = 0.4886 vs_quad_pts = 1.6092 mon_cov = 0.966 mon_score = 5.3478 time = 20594.72 s

Epoch 177: Weights {"totalWeight":0.1,"recapWeight":0.05,"deltaWeight":9.75,"categoryWeight":0.05,"quantileWeight":0.6212,"consistencyWeight":0,"identityDropoutRate":0.63425}, Scales {"judgeBias":1,"corps":1}, SeqLen 15, ID_Drop 0.643, WFW 1.500 

History Bucket Diagnostics (Avg Abs Error per sample, normalized units):
Hist | Count | MAE_Pred | MAE_Base | PredDevFromBase
-----|-------|----------|----------|----------------
0    | 71    | 0.8523   | 2.2794   | 2.0530 
1    | 31    | 0.5284   | 1.2121   | 1.0725 
2    | 24    | 0.5706   | 1.0693   | 0.8530 
3-5  | 68    | 0.5090   | 0.9838   | 0.8632 
6+   | 208   | 0.3258   | 0.4743   | 0.3876 

Epoch 177: loss = 0.815440 delta_mae_pts = 0.4800 recap_mae_pts = 0.4800 cat_mae_pts = 0.4942 total_mae_pts = 1.0723 vs_inertia_pts = 0.4917 vs_quad_pts = 1.6123 mon_cov = 0.959 mon_score = 5.3198 time = 20711.81 s

Epoch 178: Weights {"totalWeight":0.1,"recapWeight":0.05,"deltaWeight":9.75,"categoryWeight":0.05,"quantileWeight":0.6248,"consistencyWeight":0,"identityDropoutRate":0.6295}, Scales {"judgeBias":1,"corps":1}, SeqLen 15, ID_Drop 0.639, WFW 1.500 

History Bucket Diagnostics (Avg Abs Error per sample, normalized units):
Hist | Count | MAE_Pred | MAE_Base | PredDevFromBase
-----|-------|----------|----------|----------------
0    | 71    | 0.9099   | 2.2794   | 2.1331 
1    | 31    | 0.5249   | 1.2121   | 1.0400 
2    | 24    | 0.5355   | 1.0693   | 0.9276 
3-5  | 68    | 0.4815   | 0.9838   | 0.8688 
6+   | 208   | 0.3381   | 0.4743   | 0.3665 

Epoch 178: loss = 0.816990 delta_mae_pts = 0.4895 recap_mae_pts = 0.4895 cat_mae_pts = 0.4989 total_mae_pts = 1.1007 vs_inertia_pts = 0.4822 vs_quad_pts = 1.6027 mon_cov = 0.965 mon_score = 5.4197 time = 20831.49 s

Epoch 179: Weights {"totalWeight":0.1,"recapWeight":0.05,"deltaWeight":9.75,"categoryWeight":0.05,"quantileWeight":0.6284000000000001,"consistencyWeight":0,"identityDropoutRate":0.62475}, Scales {"judgeBias":1,"corps":1}, SeqLen 15, ID_Drop 0.630, WFW 1.500 

History Bucket Diagnostics (Avg Abs Error per sample, normalized units):
Hist | Count | MAE_Pred | MAE_Base | PredDevFromBase
-----|-------|----------|----------|----------------
0    | 71    | 0.8922   | 2.2794   | 2.1356 
1    | 31    | 0.5254   | 1.2121   | 1.1267 
2    | 24    | 0.5659   | 1.0693   | 1.0181 
3-5  | 68    | 0.4922   | 0.9838   | 0.8839 
6+   | 208   | 0.3288   | 0.4743   | 0.4030 

Epoch 179: loss = 0.796896 delta_mae_pts = 0.4852 recap_mae_pts = 0.4852 cat_mae_pts = 0.4979 total_mae_pts = 1.0883 vs_inertia_pts = 0.4865 vs_quad_pts = 1.6070 mon_cov = 0.963 mon_score = 5.3536 time = 20949.00 s

Epoch 180: Weights {"totalWeight":0.1,"recapWeight":0.05,"deltaWeight":9.75,"categoryWeight":0.05,"quantileWeight":0.632,"consistencyWeight":0,"identityDropoutRate":0.62}, Scales {"judgeBias":1,"corps":1}, SeqLen 15, ID_Drop 0.625, WFW 1.500 

History Bucket Diagnostics (Avg Abs Error per sample, normalized units):
Hist | Count | MAE_Pred | MAE_Base | PredDevFromBase
-----|-------|----------|----------|----------------
0    | 71    | 0.9316   | 2.2794   | 2.2130 
1    | 31    | 0.5440   | 1.2121   | 1.0490 
2    | 24    | 0.5385   | 1.0693   | 0.9696 
3-5  | 68    | 0.4928   | 0.9838   | 0.8935 
6+   | 208   | 0.3210   | 0.4743   | 0.3946 

Epoch 180: loss = 0.810298 delta_mae_pts = 0.4881 recap_mae_pts = 0.4881 cat_mae_pts = 0.5043 total_mae_pts = 1.1286 vs_inertia_pts = 0.4836 vs_quad_pts = 1.6042 mon_cov = 0.961 mon_score = 5.3943 time = 21065.89 s

Epoch 181: Weights {"totalWeight":0.1,"recapWeight":0.05,"deltaWeight":9.75,"categoryWeight":0.05,"quantileWeight":0.6355999999999999,"consistencyWeight":0,"identityDropoutRate":0.6152500000000001}, Scales {"judgeBias":1,"corps":1}, SeqLen 15, ID_Drop 0.626, WFW 1.500 

History Bucket Diagnostics (Avg Abs Error per sample, normalized units):
Hist | Count | MAE_Pred | MAE_Base | PredDevFromBase
-----|-------|----------|----------|----------------
0    | 71    | 0.9039   | 2.2794   | 2.1591 
1    | 31    | 0.5500   | 1.2121   | 1.1197 
2    | 24    | 0.5137   | 1.0693   | 0.9888 
3-5  | 68    | 0.4875   | 0.9838   | 0.8862 
6+   | 208   | 0.3234   | 0.4743   | 0.4023 

Epoch 181: loss = 0.786703 delta_mae_pts = 0.4825 recap_mae_pts = 0.4825 cat_mae_pts = 0.4915 total_mae_pts = 1.0928 vs_inertia_pts = 0.4892 vs_quad_pts = 1.6098 mon_cov = 0.963 mon_score = 5.3478 time = 21181.86 s

Epoch 182: Weights {"totalWeight":0.1,"recapWeight":0.05,"deltaWeight":9.75,"categoryWeight":0.05,"quantileWeight":0.6392,"consistencyWeight":0,"identityDropoutRate":0.6105}, Scales {"judgeBias":1,"corps":1}, SeqLen 15, ID_Drop 0.609, WFW 1.500 

History Bucket Diagnostics (Avg Abs Error per sample, normalized units):
Hist | Count | MAE_Pred | MAE_Base | PredDevFromBase
-----|-------|----------|----------|----------------
0    | 71    | 0.8944   | 2.2794   | 2.1179 
1    | 31    | 0.5321   | 1.2121   | 1.1244 
2    | 24    | 0.5495   | 1.0693   | 0.9902 
3-5  | 68    | 0.4790   | 0.9838   | 0.8848 
6+   | 208   | 0.3342   | 0.4743   | 0.3979 

Epoch 182: loss = 0.785178 delta_mae_pts = 0.4858 recap_mae_pts = 0.4858 cat_mae_pts = 0.5036 total_mae_pts = 1.1031 vs_inertia_pts = 0.4859 vs_quad_pts = 1.6065 mon_cov = 0.963 mon_score = 5.3722 time = 21297.36 s

Epoch 183: Weights {"totalWeight":0.1,"recapWeight":0.05,"deltaWeight":9.75,"categoryWeight":0.05,"quantileWeight":0.6428,"consistencyWeight":0,"identityDropoutRate":0.60575}, Scales {"judgeBias":1,"corps":1}, SeqLen 15, ID_Drop 0.620, WFW 1.500 

History Bucket Diagnostics (Avg Abs Error per sample, normalized units):
Hist | Count | MAE_Pred | MAE_Base | PredDevFromBase
-----|-------|----------|----------|----------------
0    | 71    | 0.9008   | 2.2794   | 2.1247 
1    | 31    | 0.5311   | 1.2121   | 1.1562 
2    | 24    | 0.5456   | 1.0693   | 1.0644 
3-5  | 68    | 0.4708   | 0.9838   | 0.9092 
6+   | 208   | 0.3276   | 0.4743   | 0.4123 

Epoch 183: loss = 0.834818 delta_mae_pts = 0.4818 recap_mae_pts = 0.4818 cat_mae_pts = 0.5161 total_mae_pts = 1.1005 vs_inertia_pts = 0.4899 vs_quad_pts = 1.6105 mon_cov = 0.965 mon_score = 5.3538 time = 21414.82 s

Epoch 184: Weights {"totalWeight":0.1,"recapWeight":0.05,"deltaWeight":9.75,"categoryWeight":0.05,"quantileWeight":0.6464000000000001,"consistencyWeight":0,"identityDropoutRate":0.601}, Scales {"judgeBias":1,"corps":1}, SeqLen 15, ID_Drop 0.611, WFW 1.500 

History Bucket Diagnostics (Avg Abs Error per sample, normalized units):
Hist | Count | MAE_Pred | MAE_Base | PredDevFromBase
-----|-------|----------|----------|----------------
0    | 71    | 0.8890   | 2.2794   | 2.1420 
1    | 31    | 0.5263   | 1.2121   | 1.1418 
2    | 24    | 0.5931   | 1.0693   | 1.0357 
3-5  | 68    | 0.4886   | 0.9838   | 0.9417 
6+   | 208   | 0.3350   | 0.4743   | 0.4243 

Epoch 184: loss = 0.795348 delta_mae_pts = 0.4890 recap_mae_pts = 0.4890 cat_mae_pts = 0.5103 total_mae_pts = 1.0995 vs_inertia_pts = 0.4827 vs_quad_pts = 1.6033 mon_cov = 0.964 mon_score = 5.4277 time = 21531.25 s

Epoch 185: Weights {"totalWeight":0.1,"recapWeight":0.05,"deltaWeight":9.75,"categoryWeight":0.05,"quantileWeight":0.65,"consistencyWeight":0,"identityDropoutRate":0.59625}, Scales {"judgeBias":1,"corps":1}, SeqLen 15, ID_Drop 0.605, WFW 1.500 

History Bucket Diagnostics (Avg Abs Error per sample, normalized units):
Hist | Count | MAE_Pred | MAE_Base | PredDevFromBase
-----|-------|----------|----------|----------------
0    | 71    | 0.9552   | 2.2794   | 2.1696 
1    | 31    | 0.5215   | 1.2121   | 1.1525 
2    | 24    | 0.5381   | 1.0693   | 0.9796 
3-5  | 68    | 0.4856   | 0.9838   | 0.9020 
6+   | 208   | 0.3331   | 0.4743   | 0.3884 

Epoch 185: loss = 0.791568 delta_mae_pts = 0.4955 recap_mae_pts = 0.4955 cat_mae_pts = 0.5045 total_mae_pts = 1.1207 vs_inertia_pts = 0.4762 vs_quad_pts = 1.5967 mon_cov = 0.961 mon_score = 5.4905 time = 21646.91 s

Epoch 186: Weights {"totalWeight":0.1,"recapWeight":0.05,"deltaWeight":9.75,"categoryWeight":0.05,"quantileWeight":0.6536,"consistencyWeight":0,"identityDropoutRate":0.5915}, Scales {"judgeBias":1,"corps":1}, SeqLen 15, ID_Drop 0.607, WFW 1.500 

History Bucket Diagnostics (Avg Abs Error per sample, normalized units):
Hist | Count | MAE_Pred | MAE_Base | PredDevFromBase
-----|-------|----------|----------|----------------
0    | 71    | 0.9433   | 2.2794   | 2.1200 
1    | 31    | 0.5245   | 1.2121   | 1.1033 
2    | 24    | 0.5727   | 1.0693   | 0.9402 
3-5  | 68    | 0.4811   | 0.9838   | 0.8805 
6+   | 208   | 0.3245   | 0.4743   | 0.4012 

Epoch 186: loss = 0.781627 delta_mae_pts = 0.4905 recap_mae_pts = 0.4905 cat_mae_pts = 0.5106 total_mae_pts = 1.1095 vs_inertia_pts = 0.4812 vs_quad_pts = 1.6018 mon_cov = 0.958 mon_score = 5.4069 time = 21762.69 s

Epoch 187: Weights {"totalWeight":0.1,"recapWeight":0.05,"deltaWeight":9.75,"categoryWeight":0.05,"quantileWeight":0.6572,"consistencyWeight":0,"identityDropoutRate":0.58675}, Scales {"judgeBias":1,"corps":1}, SeqLen 15, ID_Drop 0.609, WFW 1.500 

History Bucket Diagnostics (Avg Abs Error per sample, normalized units):
Hist | Count | MAE_Pred | MAE_Base | PredDevFromBase
-----|-------|----------|----------|----------------
0    | 71    | 0.8704   | 2.2794   | 2.0998 
1    | 31    | 0.5452   | 1.2121   | 1.1219 
2    | 24    | 0.5049   | 1.0693   | 0.9543 
3-5  | 68    | 0.4835   | 0.9838   | 0.8667 
6+   | 208   | 0.3214   | 0.4743   | 0.3908 

Epoch 187: loss = 0.829294 delta_mae_pts = 0.4740 recap_mae_pts = 0.4740 cat_mae_pts = 0.4980 total_mae_pts = 1.0597 vs_inertia_pts = 0.4977 vs_quad_pts = 1.6183 mon_cov = 0.963 mon_score = 5.2539 time = 21879.40 s

Epoch 188: Weights {"totalWeight":0.1,"recapWeight":0.05,"deltaWeight":9.75,"categoryWeight":0.05,"quantileWeight":0.6608,"consistencyWeight":0,"identityDropoutRate":0.5820000000000001}, Scales {"judgeBias":1,"corps":1}, SeqLen 15, ID_Drop 0.582, WFW 1.500 

History Bucket Diagnostics (Avg Abs Error per sample, normalized units):
Hist | Count | MAE_Pred | MAE_Base | PredDevFromBase
-----|-------|----------|----------|----------------
0    | 71    | 0.8711   | 2.2794   | 2.0790 
1    | 31    | 0.4989   | 1.2121   | 1.0910 
2    | 24    | 0.5353   | 1.0693   | 1.0086 
3-5  | 68    | 0.4818   | 0.9838   | 0.9069 
6+   | 208   | 0.3221   | 0.4743   | 0.4057 

Epoch 188: loss = 0.766642 delta_mae_pts = 0.4725 recap_mae_pts = 0.4725 cat_mae_pts = 0.4934 total_mae_pts = 1.0523 vs_inertia_pts = 0.4993 vs_quad_pts = 1.6198 mon_cov = 0.965 mon_score = 5.2253 time = 21996.73 s
Saved BEST checkpoint @epoch 188 score = 5.2253 -> models\v9_subcaption_fixed\v9fix_w1p0_cov4_1770464048897\best 

Epoch 189: Weights {"totalWeight":0.1,"recapWeight":0.05,"deltaWeight":9.75,"categoryWeight":0.05,"quantileWeight":0.6644000000000001,"consistencyWeight":0,"identityDropoutRate":0.57725}, Scales {"judgeBias":1,"corps":1}, SeqLen 15, ID_Drop 0.582, WFW 1.500 

History Bucket Diagnostics (Avg Abs Error per sample, normalized units):
Hist | Count | MAE_Pred | MAE_Base | PredDevFromBase
-----|-------|----------|----------|----------------
0    | 71    | 0.8708   | 2.2794   | 2.1036 
1    | 31    | 0.5585   | 1.2121   | 1.1653 
2    | 24    | 0.5393   | 1.0693   | 1.0536 
3-5  | 68    | 0.5150   | 0.9838   | 0.9304 
6+   | 208   | 0.3406   | 0.4743   | 0.4111 

Epoch 189: loss = 0.769396 delta_mae_pts = 0.4924 recap_mae_pts = 0.4924 cat_mae_pts = 0.5155 total_mae_pts = 1.1222 vs_inertia_pts = 0.4793 vs_quad_pts = 1.5999 mon_cov = 0.957 mon_score = 5.4237 time = 22115.21 s

Epoch 190: Weights {"totalWeight":0.1,"recapWeight":0.05,"deltaWeight":9.75,"categoryWeight":0.05,"quantileWeight":0.668,"consistencyWeight":0,"identityDropoutRate":0.5725}, Scales {"judgeBias":1,"corps":1}, SeqLen 15, ID_Drop 0.583, WFW 1.500 

History Bucket Diagnostics (Avg Abs Error per sample, normalized units):
Hist | Count | MAE_Pred | MAE_Base | PredDevFromBase
-----|-------|----------|----------|----------------
0    | 71    | 0.9304   | 2.2794   | 2.1647 
1    | 31    | 0.5481   | 1.2121   | 1.0899 
2    | 24    | 0.5103   | 1.0693   | 0.9650 
3-5  | 68    | 0.4965   | 0.9838   | 0.8754 
6+   | 208   | 0.3261   | 0.4743   | 0.3853 

Epoch 190: loss = 0.771568 delta_mae_pts = 0.4898 recap_mae_pts = 0.4898 cat_mae_pts = 0.5012 total_mae_pts = 1.0879 vs_inertia_pts = 0.4819 vs_quad_pts = 1.6025 mon_cov = 0.962 mon_score = 5.4039 time = 22231.91 s

Epoch 191: Weights {"totalWeight":0.1,"recapWeight":0.05,"deltaWeight":9.75,"categoryWeight":0.05,"quantileWeight":0.6716,"consistencyWeight":0,"identityDropoutRate":0.56775}, Scales {"judgeBias":1,"corps":1}, SeqLen 15, ID_Drop 0.583, WFW 1.500 

History Bucket Diagnostics (Avg Abs Error per sample, normalized units):
Hist | Count | MAE_Pred | MAE_Base | PredDevFromBase
-----|-------|----------|----------|----------------
0    | 71    | 0.8723   | 2.2794   | 2.1490 
1    | 31    | 0.5415   | 1.2121   | 1.1136 
2    | 24    | 0.5154   | 1.0693   | 0.9626 
3-5  | 68    | 0.4747   | 0.9838   | 0.8979 
6+   | 208   | 0.3156   | 0.4743   | 0.3952 

Epoch 191: loss = 0.782248 delta_mae_pts = 0.4702 recap_mae_pts = 0.4702 cat_mae_pts = 0.4828 total_mae_pts = 1.0560 vs_inertia_pts = 0.5015 vs_quad_pts = 1.6221 mon_cov = 0.965 mon_score = 5.2033 time = 22348.80 s
Saved BEST checkpoint @epoch 191 score = 5.2033 -> models\v9_subcaption_fixed\v9fix_w1p0_cov4_1770464048897\best 

Epoch 192: Weights {"totalWeight":0.1,"recapWeight":0.05,"deltaWeight":9.75,"categoryWeight":0.05,"quantileWeight":0.6752,"consistencyWeight":0,"identityDropoutRate":0.563}, Scales {"judgeBias":1,"corps":1}, SeqLen 15, ID_Drop 0.573, WFW 1.500 

History Bucket Diagnostics (Avg Abs Error per sample, normalized units):
Hist | Count | MAE_Pred | MAE_Base | PredDevFromBase
-----|-------|----------|----------|----------------
0    | 71    | 0.9291   | 2.2794   | 2.1658 
1    | 31    | 0.5432   | 1.2121   | 1.0991 
2    | 24    | 0.5312   | 1.0693   | 0.9334 
3-5  | 68    | 0.4828   | 0.9838   | 0.8669 
6+   | 208   | 0.3198   | 0.4743   | 0.4065 

Epoch 192: loss = 0.766381 delta_mae_pts = 0.4848 recap_mae_pts = 0.4848 cat_mae_pts = 0.4894 total_mae_pts = 1.0649 vs_inertia_pts = 0.4869 vs_quad_pts = 1.6074 mon_cov = 0.965 mon_score = 5.3621 time = 22464.25 s

Epoch 193: Weights {"totalWeight":0.1,"recapWeight":0.05,"deltaWeight":9.75,"categoryWeight":0.05,"quantileWeight":0.6788000000000001,"consistencyWeight":0,"identityDropoutRate":0.55825}, Scales {"judgeBias":1,"corps":1}, SeqLen 15, ID_Drop 0.561, WFW 1.500 

History Bucket Diagnostics (Avg Abs Error per sample, normalized units):
Hist | Count | MAE_Pred | MAE_Base | PredDevFromBase
-----|-------|----------|----------|----------------
0    | 71    | 0.8829   | 2.2794   | 2.1686 
1    | 31    | 0.5143   | 1.2121   | 1.1342 
2    | 24    | 0.5577   | 1.0693   | 1.0228 
3-5  | 68    | 0.4887   | 0.9838   | 0.9158 
6+   | 208   | 0.3344   | 0.4743   | 0.4230 

Epoch 193: loss = 0.838944 delta_mae_pts = 0.4846 recap_mae_pts = 0.4846 cat_mae_pts = 0.5073 total_mae_pts = 1.1104 vs_inertia_pts = 0.4872 vs_quad_pts = 1.6077 mon_cov = 0.963 mon_score = 5.3901 time = 22571.94 s

Epoch 194: Weights {"totalWeight":0.1,"recapWeight":0.05,"deltaWeight":9.75,"categoryWeight":0.05,"quantileWeight":0.6824000000000001,"consistencyWeight":0,"identityDropoutRate":0.5535000000000001}, Scales {"judgeBias":1,"corps":1}, SeqLen 15, ID_Drop 0.553, WFW 1.500 

History Bucket Diagnostics (Avg Abs Error per sample, normalized units):
Hist | Count | MAE_Pred | MAE_Base | PredDevFromBase
-----|-------|----------|----------|----------------
0    | 71    | 0.8817   | 2.2794   | 2.1607 
1    | 31    | 0.5139   | 1.2121   | 1.1374 
2    | 24    | 0.5658   | 1.0693   | 0.9780 
3-5  | 68    | 0.4903   | 0.9838   | 0.8908 
6+   | 208   | 0.3176   | 0.4743   | 0.4094 

Epoch 194: loss = 0.836377 delta_mae_pts = 0.4764 recap_mae_pts = 0.4764 cat_mae_pts = 0.5177 total_mae_pts = 1.0825 vs_inertia_pts = 0.4953 vs_quad_pts = 1.6159 mon_cov = 0.962 mon_score = 5.2707 time = 22688.82 s

Epoch 195: Weights {"totalWeight":0.1,"recapWeight":0.05,"deltaWeight":9.75,"categoryWeight":0.05,"quantileWeight":0.686,"consistencyWeight":0,"identityDropoutRate":0.5487500000000001}, Scales {"judgeBias":1,"corps":1}, SeqLen 15, ID_Drop 0.564, WFW 1.500 

History Bucket Diagnostics (Avg Abs Error per sample, normalized units):
Hist | Count | MAE_Pred | MAE_Base | PredDevFromBase
-----|-------|----------|----------|----------------
0    | 71    | 0.8913   | 2.2794   | 2.1450 
1    | 31    | 0.5301   | 1.2121   | 1.0962 
2    | 24    | 0.5170   | 1.0693   | 1.0071 
3-5  | 68    | 0.4717   | 0.9838   | 0.8812 
6+   | 208   | 0.3291   | 0.4743   | 0.3930 

Epoch 195: loss = 0.788941 delta_mae_pts = 0.4792 recap_mae_pts = 0.4792 cat_mae_pts = 0.5033 total_mae_pts = 1.1198 vs_inertia_pts = 0.4925 vs_quad_pts = 1.6131 mon_cov = 0.961 mon_score = 5.2838 time = 22806.01 s

Epoch 196: Weights {"totalWeight":0.1,"recapWeight":0.05,"deltaWeight":9.75,"categoryWeight":0.05,"quantileWeight":0.6896,"consistencyWeight":0,"identityDropoutRate":0.544}, Scales {"judgeBias":1,"corps":1}, SeqLen 15, ID_Drop 0.545, WFW 1.500 

History Bucket Diagnostics (Avg Abs Error per sample, normalized units):
Hist | Count | MAE_Pred | MAE_Base | PredDevFromBase
-----|-------|----------|----------|----------------
0    | 71    | 0.9053   | 2.2794   | 2.1742 
1    | 31    | 0.5157   | 1.2121   | 1.0575 
2    | 24    | 0.5475   | 1.0693   | 0.9817 
3-5  | 68    | 0.4870   | 0.9838   | 0.8682 
6+   | 208   | 0.3154   | 0.4743   | 0.4061 

Epoch 196: loss = 0.777960 delta_mae_pts = 0.4779 recap_mae_pts = 0.4779 cat_mae_pts = 0.5069 total_mae_pts = 1.0926 vs_inertia_pts = 0.4938 vs_quad_pts = 1.6144 mon_cov = 0.958 mon_score = 5.2807 time = 22922.18 s

Epoch 197: Weights {"totalWeight":0.1,"recapWeight":0.05,"deltaWeight":9.75,"categoryWeight":0.05,"quantileWeight":0.6932,"consistencyWeight":0,"identityDropoutRate":0.53925}, Scales {"judgeBias":1,"corps":1}, SeqLen 15, ID_Drop 0.541, WFW 1.500 

History Bucket Diagnostics (Avg Abs Error per sample, normalized units):
Hist | Count | MAE_Pred | MAE_Base | PredDevFromBase
-----|-------|----------|----------|----------------
0    | 71    | 0.8613   | 2.2794   | 2.1301 
1    | 31    | 0.5168   | 1.2121   | 1.0971 
2    | 24    | 0.5633   | 1.0693   | 0.9982 
3-5  | 68    | 0.4982   | 0.9838   | 0.8755 
6+   | 208   | 0.3153   | 0.4743   | 0.3927 

Epoch 197: loss = 0.846596 delta_mae_pts = 0.4730 recap_mae_pts = 0.4730 cat_mae_pts = 0.4873 total_mae_pts = 1.0730 vs_inertia_pts = 0.4987 vs_quad_pts = 1.6193 mon_cov = 0.966 mon_score = 5.2501 time = 23037.93 s

Epoch 198: Weights {"totalWeight":0.1,"recapWeight":0.05,"deltaWeight":9.75,"categoryWeight":0.05,"quantileWeight":0.6968000000000001,"consistencyWeight":0,"identityDropoutRate":0.5345}, Scales {"judgeBias":1,"corps":1}, SeqLen 15, ID_Drop 0.552, WFW 1.500 

History Bucket Diagnostics (Avg Abs Error per sample, normalized units):
Hist | Count | MAE_Pred | MAE_Base | PredDevFromBase
-----|-------|----------|----------|----------------
0    | 71    | 0.8713   | 2.2794   | 2.1397 
1    | 31    | 0.5119   | 1.2121   | 1.0862 
2    | 24    | 0.5661   | 1.0693   | 0.9651 
3-5  | 68    | 0.4928   | 0.9838   | 0.8680 
6+   | 208   | 0.3216   | 0.4743   | 0.4003 

Epoch 198: loss = 0.809089 delta_mae_pts = 0.4769 recap_mae_pts = 0.4769 cat_mae_pts = 0.4998 total_mae_pts = 1.0960 vs_inertia_pts = 0.4948 vs_quad_pts = 1.6153 mon_cov = 0.965 mon_score = 5.2778 time = 23155.15 s

Epoch 199: Weights {"totalWeight":0.1,"recapWeight":0.05,"deltaWeight":9.75,"categoryWeight":0.05,"quantileWeight":0.7004000000000001,"consistencyWeight":0,"identityDropoutRate":0.5297499999999999}, Scales {"judgeBias":1,"corps":1}, SeqLen 15, ID_Drop 0.530, WFW 1.500 

History Bucket Diagnostics (Avg Abs Error per sample, normalized units):
Hist | Count | MAE_Pred | MAE_Base | PredDevFromBase
-----|-------|----------|----------|----------------
0    | 71    | 0.8444   | 2.2794   | 2.1796 
1    | 31    | 0.4930   | 1.2121   | 1.1193 
2    | 24    | 0.5848   | 1.0693   | 0.9538 
3-5  | 68    | 0.4723   | 0.9838   | 0.8895 
6+   | 208   | 0.3209   | 0.4743   | 0.4083 

Epoch 199: loss = 0.798533 delta_mae_pts = 0.4680 recap_mae_pts = 0.4680 cat_mae_pts = 0.4902 total_mae_pts = 1.0739 vs_inertia_pts = 0.5037 vs_quad_pts = 1.6243 mon_cov = 0.964 mon_score = 5.1876 time = 23273.56 s
Saved BEST checkpoint @epoch 199 score = 5.1876 -> models\v9_subcaption_fixed\v9fix_w1p0_cov4_1770464048897\best 

Epoch 200: Weights {"totalWeight":0.1,"recapWeight":0.05,"deltaWeight":9.75,"categoryWeight":0.05,"quantileWeight":0.7040000000000002,"consistencyWeight":0,"identityDropoutRate":0.525}, Scales {"judgeBias":1,"corps":1}, SeqLen 15, ID_Drop 0.530, WFW 1.500 

History Bucket Diagnostics (Avg Abs Error per sample, normalized units):
Hist | Count | MAE_Pred | MAE_Base | PredDevFromBase
-----|-------|----------|----------|----------------
0    | 71    | 0.8255   | 2.2794   | 2.1058 
1    | 31    | 0.5234   | 1.2121   | 1.0443 
2    | 24    | 0.5174   | 1.0693   | 0.9662 
3-5  | 68    | 0.5094   | 0.9838   | 0.8565 
6+   | 208   | 0.3180   | 0.4743   | 0.3924 

Epoch 200: loss = 0.822617 delta_mae_pts = 0.4678 recap_mae_pts = 0.4678 cat_mae_pts = 0.4897 total_mae_pts = 1.0423 vs_inertia_pts = 0.5040 vs_quad_pts = 1.6245 mon_cov = 0.964 mon_score = 5.1846 time = 23390.59 s

-- - CAPTION STATS(Epoch 200)-- - 
GE1: delta_pts = 0.3393, recap_pts = 0.3393, cov = 0.943, width = 1.9862 
GE2: delta_pts = 0.3386, recap_pts = 0.3386, cov = 0.965, width = 2.0191 
VP: delta_pts = 0.4277, recap_pts = 0.4277, cov = 0.990, width = 3.7709 
VA: delta_pts = 0.3993, recap_pts = 0.3993, cov = 0.945, width = 2.0584 
CG: delta_pts = 0.5199, recap_pts = 0.5199, cov = 0.973, width = 3.8702 
MB: delta_pts = 0.6284, recap_pts = 0.6284, cov = 0.968, width = 5.5771 
MA: delta_pts = 0.3745, recap_pts = 0.3745, cov = 0.950, width = 2.1249 
MP: delta_pts = 0.7144, recap_pts = 0.7144, cov = 0.980, width = 6.1438 
----------------------------------

Saved BEST checkpoint @epoch 200 score = 5.1846 -> models\v9_subcaption_fixed\v9fix_w1p0_cov4_1770464048897\best 

Epoch 201: Weights {"totalWeight":0.1,"recapWeight":0.05,"deltaWeight":9.75,"categoryWeight":0.05,"quantileWeight":0.7076,"consistencyWeight":0,"identityDropoutRate":0.5202500000000001}, Scales {"judgeBias":1,"corps":1}, SeqLen 15, ID_Drop 0.518, WFW 1.500 

History Bucket Diagnostics (Avg Abs Error per sample, normalized units):
Hist | Count | MAE_Pred | MAE_Base | PredDevFromBase
-----|-------|----------|----------|----------------
0    | 71    | 0.8893   | 2.2794   | 2.1603 
1    | 31    | 0.5158   | 1.2121   | 1.1154 
2    | 24    | 0.5641   | 1.0693   | 0.9550 
3-5  | 68    | 0.4754   | 0.9838   | 0.8792 
6+   | 208   | 0.3108   | 0.4743   | 0.3916 

Epoch 201: loss = 0.813715 delta_mae_pts = 0.4717 recap_mae_pts = 0.4717 cat_mae_pts = 0.4952 total_mae_pts = 1.0891 vs_inertia_pts = 0.5000 vs_quad_pts = 1.6205 mon_cov = 0.968 mon_score = 5.2390 time = 23505.89 s

Epoch 202: Weights {"totalWeight":0.1,"recapWeight":0.05,"deltaWeight":9.75,"categoryWeight":0.05,"quantileWeight":0.7112,"consistencyWeight":0,"identityDropoutRate":0.5155000000000001}, Scales {"judgeBias":1,"corps":1}, SeqLen 15, ID_Drop 0.527, WFW 1.500 

History Bucket Diagnostics (Avg Abs Error per sample, normalized units):
Hist | Count | MAE_Pred | MAE_Base | PredDevFromBase
-----|-------|----------|----------|----------------
0    | 71    | 0.8335   | 2.2794   | 2.1262 
1    | 31    | 0.5310   | 1.2121   | 1.0834 
2    | 24    | 0.5684   | 1.0693   | 0.9617 
3-5  | 68    | 0.4658   | 0.9838   | 0.8714 
6+   | 208   | 0.3172   | 0.4743   | 0.3922 

Epoch 202: loss = 0.756558 delta_mae_pts = 0.4650 recap_mae_pts = 0.4650 cat_mae_pts = 0.5009 total_mae_pts = 1.0638 vs_inertia_pts = 0.5067 vs_quad_pts = 1.6273 mon_cov = 0.966 mon_score = 5.1658 time = 23621.15 s
Saved BEST checkpoint @epoch 202 score = 5.1658 -> models\v9_subcaption_fixed\v9fix_w1p0_cov4_1770464048897\best 

Epoch 203: Weights {"totalWeight":0.1,"recapWeight":0.05,"deltaWeight":9.75,"categoryWeight":0.05,"quantileWeight":0.7147999999999999,"consistencyWeight":0,"identityDropoutRate":0.51075}, Scales {"judgeBias":1,"corps":1}, SeqLen 15, ID_Drop 0.512, WFW 1.500 

History Bucket Diagnostics (Avg Abs Error per sample, normalized units):
Hist | Count | MAE_Pred | MAE_Base | PredDevFromBase
-----|-------|----------|----------|----------------
0    | 71    | 0.8504   | 2.2794   | 2.1537 
1    | 31    | 0.5099   | 1.2121   | 1.1248 
2    | 24    | 0.5307   | 1.0693   | 0.9351 
3-5  | 68    | 0.4897   | 0.9838   | 0.8877 
6+   | 208   | 0.3173   | 0.4743   | 0.3982 

Epoch 203: loss = 0.742419 delta_mae_pts = 0.4682 recap_mae_pts = 0.4682 cat_mae_pts = 0.4933 total_mae_pts = 1.1004 vs_inertia_pts = 0.5035 vs_quad_pts = 1.6241 mon_cov = 0.966 mon_score = 5.2022 time = 23738.55 s

Epoch 204: Weights {"totalWeight":0.1,"recapWeight":0.05,"deltaWeight":9.75,"categoryWeight":0.05,"quantileWeight":0.7183999999999999,"consistencyWeight":0,"identityDropoutRate":0.506}, Scales {"judgeBias":1,"corps":1}, SeqLen 15, ID_Drop 0.519, WFW 1.500 

History Bucket Diagnostics (Avg Abs Error per sample, normalized units):
Hist | Count | MAE_Pred | MAE_Base | PredDevFromBase
-----|-------|----------|----------|----------------
0    | 71    | 0.8243   | 2.2794   | 2.1310 
1    | 31    | 0.5311   | 1.2121   | 1.0818 
2    | 24    | 0.5350   | 1.0693   | 0.8978 
3-5  | 68    | 0.4715   | 0.9838   | 0.8605 
6+   | 208   | 0.3167   | 0.4743   | 0.3865 

Epoch 204: loss = 0.750543 delta_mae_pts = 0.4621 recap_mae_pts = 0.4621 cat_mae_pts = 0.4923 total_mae_pts = 1.0870 vs_inertia_pts = 0.5096 vs_quad_pts = 1.6302 mon_cov = 0.964 mon_score = 5.1376 time = 23856.19 s
Saved BEST checkpoint @epoch 204 score = 5.1376 -> models\v9_subcaption_fixed\v9fix_w1p0_cov4_1770464048897\best 

Epoch 205: Weights {"totalWeight":0.1,"recapWeight":0.05,"deltaWeight":9.75,"categoryWeight":0.05,"quantileWeight":0.722,"consistencyWeight":0,"identityDropoutRate":0.50125}, Scales {"judgeBias":1,"corps":1}, SeqLen 15, ID_Drop 0.507, WFW 1.500 

History Bucket Diagnostics (Avg Abs Error per sample, normalized units):
Hist | Count | MAE_Pred | MAE_Base | PredDevFromBase
-----|-------|----------|----------|----------------
0    | 71    | 0.8612   | 2.2794   | 2.0965 
1    | 31    | 0.4997   | 1.2121   | 1.1088 
2    | 24    | 0.5247   | 1.0693   | 0.9841 
3-5  | 68    | 0.4789   | 0.9838   | 0.9123 
6+   | 208   | 0.3160   | 0.4743   | 0.4065 

Epoch 205: loss = 0.810355 delta_mae_pts = 0.4664 recap_mae_pts = 0.4664 cat_mae_pts = 0.4961 total_mae_pts = 1.0395 vs_inertia_pts = 0.5053 vs_quad_pts = 1.6258 mon_cov = 0.967 mon_score = 5.1851 time = 23974.17 s

Epoch 206: Weights {"totalWeight":0.1,"recapWeight":0.05,"deltaWeight":9.75,"categoryWeight":0.05,"quantileWeight":0.7256,"consistencyWeight":0,"identityDropoutRate":0.49650000000000005}, Scales {"judgeBias":1,"corps":1}, SeqLen 15, ID_Drop 0.507, WFW 1.500 

History Bucket Diagnostics (Avg Abs Error per sample, normalized units):
Hist | Count | MAE_Pred | MAE_Base | PredDevFromBase
-----|-------|----------|----------|----------------
0    | 71    | 0.8517   | 2.2794   | 2.1299 
1    | 31    | 0.5169   | 1.2121   | 1.1014 
2    | 24    | 0.5566   | 1.0693   | 0.9539 
3-5  | 68    | 0.4914   | 0.9838   | 0.9012 
6+   | 208   | 0.3172   | 0.4743   | 0.4083 

Epoch 206: loss = 0.792273 delta_mae_pts = 0.4708 recap_mae_pts = 0.4708 cat_mae_pts = 0.4847 total_mae_pts = 1.0612 vs_inertia_pts = 0.5010 vs_quad_pts = 1.6215 mon_cov = 0.963 mon_score = 5.2214 time = 24089.93 s

Epoch 207: Weights {"totalWeight":0.1,"recapWeight":0.05,"deltaWeight":9.75,"categoryWeight":0.05,"quantileWeight":0.7292000000000001,"consistencyWeight":0,"identityDropoutRate":0.49175}, Scales {"judgeBias":1,"corps":1}, SeqLen 15, ID_Drop 0.486, WFW 1.500 

History Bucket Diagnostics (Avg Abs Error per sample, normalized units):
Hist | Count | MAE_Pred | MAE_Base | PredDevFromBase
-----|-------|----------|----------|----------------
0    | 71    | 0.8512   | 2.2794   | 2.1249 
1    | 31    | 0.5094   | 1.2121   | 1.1006 
2    | 24    | 0.5467   | 1.0693   | 0.9806 
3-5  | 68    | 0.4809   | 0.9838   | 0.9047 
6+   | 208   | 0.3107   | 0.4743   | 0.4055 

Epoch 207: loss = 0.716409 delta_mae_pts = 0.4644 recap_mae_pts = 0.4644 cat_mae_pts = 0.4749 total_mae_pts = 1.0337 vs_inertia_pts = 0.5073 vs_quad_pts = 1.6279 mon_cov = 0.968 mon_score = 5.1704 time = 24208.12 s

Epoch 208: Weights {"totalWeight":0.1,"recapWeight":0.05,"deltaWeight":9.75,"categoryWeight":0.05,"quantileWeight":0.7327999999999999,"consistencyWeight":0,"identityDropoutRate":0.487}, Scales {"judgeBias":1,"corps":1}, SeqLen 15, ID_Drop 0.501, WFW 1.500 

History Bucket Diagnostics (Avg Abs Error per sample, normalized units):
Hist | Count | MAE_Pred | MAE_Base | PredDevFromBase
-----|-------|----------|----------|----------------
0    | 71    | 0.8672   | 2.2794   | 2.1001 
1    | 31    | 0.5321   | 1.2121   | 1.0897 
2    | 24    | 0.5467   | 1.0693   | 0.9818 
3-5  | 68    | 0.4713   | 0.9838   | 0.9027 
6+   | 208   | 0.3183   | 0.4743   | 0.4180 

Epoch 208: loss = 0.721861 delta_mae_pts = 0.4712 recap_mae_pts = 0.4712 cat_mae_pts = 0.4907 total_mae_pts = 1.0593 vs_inertia_pts = 0.5005 vs_quad_pts = 1.6211 mon_cov = 0.967 mon_score = 5.2375 time = 24326.90 s

Epoch 209: Weights {"totalWeight":0.1,"recapWeight":0.05,"deltaWeight":9.75,"categoryWeight":0.05,"quantileWeight":0.7363999999999999,"consistencyWeight":0,"identityDropoutRate":0.48224999999999996}, Scales {"judgeBias":1,"corps":1}, SeqLen 15, ID_Drop 0.492, WFW 1.500 

History Bucket Diagnostics (Avg Abs Error per sample, normalized units):
Hist | Count | MAE_Pred | MAE_Base | PredDevFromBase
-----|-------|----------|----------|----------------
0    | 71    | 0.8433   | 2.2794   | 2.1052 
1    | 31    | 0.4922   | 1.2121   | 1.0897 
2    | 24    | 0.5295   | 1.0693   | 0.9272 
3-5  | 68    | 0.4756   | 0.9838   | 0.8728 
6+   | 208   | 0.3149   | 0.4743   | 0.3898 

Epoch 209: loss = 0.773786 delta_mae_pts = 0.4619 recap_mae_pts = 0.4619 cat_mae_pts = 0.4770 total_mae_pts = 1.0338 vs_inertia_pts = 0.5099 vs_quad_pts = 1.6304 mon_cov = 0.965 mon_score = 5.1256 time = 24444.90 s
Saved BEST checkpoint @epoch 209 score = 5.1256 -> models\v9_subcaption_fixed\v9fix_w1p0_cov4_1770464048897\best 

Epoch 210: Weights {"totalWeight":0.1,"recapWeight":0.05,"deltaWeight":9.75,"categoryWeight":0.05,"quantileWeight":0.74,"consistencyWeight":0,"identityDropoutRate":0.47750000000000004}, Scales {"judgeBias":1,"corps":1}, SeqLen 15, ID_Drop 0.489, WFW 1.500 

History Bucket Diagnostics (Avg Abs Error per sample, normalized units):
Hist | Count | MAE_Pred | MAE_Base | PredDevFromBase
-----|-------|----------|----------|----------------
0    | 71    | 0.8820   | 2.2794   | 2.1394 
1    | 31    | 0.5345   | 1.2121   | 1.0564 
2    | 24    | 0.5352   | 1.0693   | 0.9564 
3-5  | 68    | 0.4825   | 0.9838   | 0.8754 
6+   | 208   | 0.3155   | 0.4743   | 0.4047 

Epoch 210: loss = 0.715021 delta_mae_pts = 0.4738 recap_mae_pts = 0.4738 cat_mae_pts = 0.4895 total_mae_pts = 1.0596 vs_inertia_pts = 0.4979 vs_quad_pts = 1.6185 mon_cov = 0.965 mon_score = 5.2578 time = 24561.69 s

Epoch 211: Weights {"totalWeight":0.1,"recapWeight":0.05,"deltaWeight":9.75,"categoryWeight":0.05,"quantileWeight":0.7436,"consistencyWeight":0,"identityDropoutRate":0.47275}, Scales {"judgeBias":1,"corps":1}, SeqLen 15, ID_Drop 0.482, WFW 1.500 

History Bucket Diagnostics (Avg Abs Error per sample, normalized units):
Hist | Count | MAE_Pred | MAE_Base | PredDevFromBase
-----|-------|----------|----------|----------------
0    | 71    | 0.8670   | 2.2794   | 2.1763 
1    | 31    | 0.5081   | 1.2121   | 1.1035 
2    | 24    | 0.5074   | 1.0693   | 0.9693 
3-5  | 68    | 0.4634   | 0.9838   | 0.8955 
6+   | 208   | 0.3134   | 0.4743   | 0.4069 

Epoch 211: loss = 0.748769 delta_mae_pts = 0.4631 recap_mae_pts = 0.4631 cat_mae_pts = 0.4823 total_mae_pts = 1.0287 vs_inertia_pts = 0.5086 vs_quad_pts = 1.6292 mon_cov = 0.969 mon_score = 5.1489 time = 24677.33 s

Epoch 212: Weights {"totalWeight":0.1,"recapWeight":0.05,"deltaWeight":9.75,"categoryWeight":0.05,"quantileWeight":0.7472000000000001,"consistencyWeight":0,"identityDropoutRate":0.46799999999999997}, Scales {"judgeBias":1,"corps":1}, SeqLen 15, ID_Drop 0.476, WFW 1.500 

History Bucket Diagnostics (Avg Abs Error per sample, normalized units):
Hist | Count | MAE_Pred | MAE_Base | PredDevFromBase
-----|-------|----------|----------|----------------
0    | 71    | 0.8449   | 2.2794   | 2.1142 
1    | 31    | 0.5224   | 1.2121   | 1.0693 
2    | 24    | 0.5330   | 1.0693   | 0.9229 
3-5  | 68    | 0.4738   | 0.9838   | 0.8759 
6+   | 208   | 0.3175   | 0.4743   | 0.3884 

Epoch 212: loss = 0.729830 delta_mae_pts = 0.4658 recap_mae_pts = 0.4658 cat_mae_pts = 0.4843 total_mae_pts = 1.0543 vs_inertia_pts = 0.5059 vs_quad_pts = 1.6265 mon_cov = 0.964 mon_score = 5.1766 time = 24794.20 s

Epoch 213: Weights {"totalWeight":0.1,"recapWeight":0.05,"deltaWeight":9.75,"categoryWeight":0.05,"quantileWeight":0.7507999999999999,"consistencyWeight":0,"identityDropoutRate":0.46325000000000005}, Scales {"judgeBias":1,"corps":1}, SeqLen 15, ID_Drop 0.474, WFW 1.500 

History Bucket Diagnostics (Avg Abs Error per sample, normalized units):
Hist | Count | MAE_Pred | MAE_Base | PredDevFromBase
-----|-------|----------|----------|----------------
0    | 71    | 0.8660   | 2.2794   | 2.1453 
1    | 31    | 0.5086   | 1.2121   | 1.0543 
2    | 24    | 0.5287   | 1.0693   | 0.9302 
3-5  | 68    | 0.4725   | 0.9838   | 0.8783 
6+   | 208   | 0.3219   | 0.4743   | 0.4032 

Epoch 213: loss = 0.725395 delta_mae_pts = 0.4702 recap_mae_pts = 0.4702 cat_mae_pts = 0.4795 total_mae_pts = 1.0125 vs_inertia_pts = 0.5015 vs_quad_pts = 1.6221 mon_cov = 0.963 mon_score = 5.1924 time = 24910.49 s

Epoch 214: Weights {"totalWeight":0.1,"recapWeight":0.05,"deltaWeight":9.75,"categoryWeight":0.05,"quantileWeight":0.7544,"consistencyWeight":0,"identityDropoutRate":0.4585}, Scales {"judgeBias":1,"corps":1}, SeqLen 15, ID_Drop 0.465, WFW 1.500 

History Bucket Diagnostics (Avg Abs Error per sample, normalized units):
Hist | Count | MAE_Pred | MAE_Base | PredDevFromBase
-----|-------|----------|----------|----------------
0    | 71    | 0.9091   | 2.2794   | 2.1702 
1    | 31    | 0.5183   | 1.2121   | 1.0373 
2    | 24    | 0.5201   | 1.0693   | 0.9435 
3-5  | 68    | 0.5063   | 0.9838   | 0.8702 
6+   | 208   | 0.3206   | 0.4743   | 0.3933 

Epoch 214: loss = 0.726485 delta_mae_pts = 0.4831 recap_mae_pts = 0.4831 cat_mae_pts = 0.4940 total_mae_pts = 1.0726 vs_inertia_pts = 0.4886 vs_quad_pts = 1.6092 mon_cov = 0.962 mon_score = 5.3417 time = 25029.04 s

Epoch 215: Weights {"totalWeight":0.1,"recapWeight":0.05,"deltaWeight":9.75,"categoryWeight":0.05,"quantileWeight":0.758,"consistencyWeight":0,"identityDropoutRate":0.4537500000000001}, Scales {"judgeBias":1,"corps":1}, SeqLen 15, ID_Drop 0.464, WFW 1.500 

History Bucket Diagnostics (Avg Abs Error per sample, normalized units):
Hist | Count | MAE_Pred | MAE_Base | PredDevFromBase
-----|-------|----------|----------|----------------
0    | 71    | 0.8611   | 2.2794   | 2.1219 
1    | 31    | 0.5160   | 1.2121   | 1.0887 
2    | 24    | 0.5305   | 1.0693   | 0.9089 
3-5  | 68    | 0.4936   | 0.9838   | 0.8754 
6+   | 208   | 0.3177   | 0.4743   | 0.4016 

Epoch 215: loss = 0.729762 delta_mae_pts = 0.4714 recap_mae_pts = 0.4714 cat_mae_pts = 0.4960 total_mae_pts = 1.0626 vs_inertia_pts = 0.5003 vs_quad_pts = 1.6208 mon_cov = 0.965 mon_score = 5.2262 time = 25147.63 s

Epoch 216: Weights {"totalWeight":0.1,"recapWeight":0.05,"deltaWeight":9.75,"categoryWeight":0.05,"quantileWeight":0.7616,"consistencyWeight":0,"identityDropoutRate":0.44900000000000007}, Scales {"judgeBias":1,"corps":1}, SeqLen 15, ID_Drop 0.450, WFW 1.500 

History Bucket Diagnostics (Avg Abs Error per sample, normalized units):
Hist | Count | MAE_Pred | MAE_Base | PredDevFromBase
-----|-------|----------|----------|----------------
0    | 71    | 0.8754   | 2.2794   | 2.0697 
1    | 31    | 0.5276   | 1.2121   | 1.0631 
2    | 24    | 0.5619   | 1.0693   | 0.9111 
3-5  | 68    | 0.4891   | 0.9838   | 0.8992 
6+   | 208   | 0.3102   | 0.4743   | 0.4135 

Epoch 216: loss = 0.773035 delta_mae_pts = 0.4721 recap_mae_pts = 0.4721 cat_mae_pts = 0.4851 total_mae_pts = 1.0772 vs_inertia_pts = 0.4996 vs_quad_pts = 1.6202 mon_cov = 0.961 mon_score = 5.2445 time = 25265.55 s

Epoch 217: Weights {"totalWeight":0.1,"recapWeight":0.05,"deltaWeight":9.75,"categoryWeight":0.05,"quantileWeight":0.7652000000000001,"consistencyWeight":0,"identityDropoutRate":0.44425000000000003}, Scales {"judgeBias":1,"corps":1}, SeqLen 15, ID_Drop 0.444, WFW 1.500 

History Bucket Diagnostics (Avg Abs Error per sample, normalized units):
Hist | Count | MAE_Pred | MAE_Base | PredDevFromBase
-----|-------|----------|----------|----------------
0    | 71    | 0.9340   | 2.2794   | 2.2041 
1    | 31    | 0.5374   | 1.2121   | 1.1263 
2    | 24    | 0.5394   | 1.0693   | 0.9665 
3-5  | 68    | 0.4841   | 0.9838   | 0.9363 
6+   | 208   | 0.3210   | 0.4743   | 0.4190 

Epoch 217: loss = 0.724701 delta_mae_pts = 0.4866 recap_mae_pts = 0.4866 cat_mae_pts = 0.4993 total_mae_pts = 1.0685 vs_inertia_pts = 0.4851 vs_quad_pts = 1.6057 mon_cov = 0.963 mon_score = 5.3811 time = 25382.17 s

Epoch 218: Weights {"totalWeight":0.1,"recapWeight":0.05,"deltaWeight":9.75,"categoryWeight":0.05,"quantileWeight":0.7687999999999999,"consistencyWeight":0,"identityDropoutRate":0.4395}, Scales {"judgeBias":1,"corps":1}, SeqLen 15, ID_Drop 0.449, WFW 1.500 

History Bucket Diagnostics (Avg Abs Error per sample, normalized units):
Hist | Count | MAE_Pred | MAE_Base | PredDevFromBase
-----|-------|----------|----------|----------------
0    | 71    | 0.9003   | 2.2794   | 2.1906 
1    | 31    | 0.5210   | 1.2121   | 1.0781 
2    | 24    | 0.5129   | 1.0693   | 0.9633 
3-5  | 68    | 0.4999   | 0.9838   | 0.8757 
6+   | 208   | 0.3151   | 0.4743   | 0.3943 

Epoch 218: loss = 0.728643 delta_mae_pts = 0.4774 recap_mae_pts = 0.4774 cat_mae_pts = 0.4971 total_mae_pts = 1.1027 vs_inertia_pts = 0.4943 vs_quad_pts = 1.6149 mon_cov = 0.961 mon_score = 5.2995 time = 25498.00 s

Epoch 219: Weights {"totalWeight":0.1,"recapWeight":0.05,"deltaWeight":9.75,"categoryWeight":0.05,"quantileWeight":0.7724,"consistencyWeight":0,"identityDropoutRate":0.4347500000000001}, Scales {"judgeBias":1,"corps":1}, SeqLen 15, ID_Drop 0.458, WFW 1.500 

History Bucket Diagnostics (Avg Abs Error per sample, normalized units):
Hist | Count | MAE_Pred | MAE_Base | PredDevFromBase
-----|-------|----------|----------|----------------
0    | 71    | 0.8282   | 2.2794   | 2.0907 
1    | 31    | 0.5043   | 1.2121   | 1.1154 
2    | 24    | 0.5173   | 1.0693   | 0.9570 
3-5  | 68    | 0.4727   | 0.9838   | 0.8851 
6+   | 208   | 0.3114   | 0.4743   | 0.3981 

Epoch 219: loss = 0.786563 delta_mae_pts = 0.4571 recap_mae_pts = 0.4571 cat_mae_pts = 0.4876 total_mae_pts = 1.0616 vs_inertia_pts = 0.5146 vs_quad_pts = 1.6352 mon_cov = 0.967 mon_score = 5.0893 time = 25616.07 s
Saved BEST checkpoint @epoch 219 score = 5.0893 -> models\v9_subcaption_fixed\v9fix_w1p0_cov4_1770464048897\best 

Epoch 220: Weights {"totalWeight":0.1,"recapWeight":0.05,"deltaWeight":9.75,"categoryWeight":0.05,"quantileWeight":0.776,"consistencyWeight":0,"identityDropoutRate":0.43000000000000005}, Scales {"judgeBias":1,"corps":1}, SeqLen 15, ID_Drop 0.450, WFW 1.500 

History Bucket Diagnostics (Avg Abs Error per sample, normalized units):
Hist | Count | MAE_Pred | MAE_Base | PredDevFromBase
-----|-------|----------|----------|----------------
0    | 71    | 0.8783   | 2.2794   | 2.1596 
1    | 31    | 0.5224   | 1.2121   | 1.0842 
2    | 24    | 0.5296   | 1.0693   | 0.9512 
3-5  | 68    | 0.4925   | 0.9838   | 0.9038 
6+   | 208   | 0.3142   | 0.4743   | 0.3931 

Epoch 220: loss = 0.781489 delta_mae_pts = 0.4729 recap_mae_pts = 0.4729 cat_mae_pts = 0.4974 total_mae_pts = 1.0689 vs_inertia_pts = 0.4988 vs_quad_pts = 1.6194 mon_cov = 0.964 mon_score = 5.2370 time = 25734.58 s

Epoch 221: Weights {"totalWeight":0.1,"recapWeight":0.05,"deltaWeight":9.75,"categoryWeight":0.05,"quantileWeight":0.7796000000000001,"consistencyWeight":0,"identityDropoutRate":0.42525}, Scales {"judgeBias":1,"corps":1}, SeqLen 15, ID_Drop 0.434, WFW 1.500 

History Bucket Diagnostics (Avg Abs Error per sample, normalized units):
Hist | Count | MAE_Pred | MAE_Base | PredDevFromBase
-----|-------|----------|----------|----------------
0    | 71    | 0.8666   | 2.2794   | 2.1725 
1    | 31    | 0.5090   | 1.2121   | 1.0978 
2    | 24    | 0.5229   | 1.0693   | 0.9796 
3-5  | 68    | 0.4815   | 0.9838   | 0.9216 
6+   | 208   | 0.3163   | 0.4743   | 0.4185 

Epoch 221: loss = 0.791967 delta_mae_pts = 0.4686 recap_mae_pts = 0.4686 cat_mae_pts = 0.4928 total_mae_pts = 1.0657 vs_inertia_pts = 0.5031 vs_quad_pts = 1.6236 mon_cov = 0.968 mon_score = 5.2059 time = 25851.95 s

Epoch 222: Weights {"totalWeight":0.1,"recapWeight":0.05,"deltaWeight":9.75,"categoryWeight":0.05,"quantileWeight":0.7832000000000001,"consistencyWeight":0,"identityDropoutRate":0.4205}, Scales {"judgeBias":1,"corps":1}, SeqLen 15, ID_Drop 0.446, WFW 1.500 

History Bucket Diagnostics (Avg Abs Error per sample, normalized units):
Hist | Count | MAE_Pred | MAE_Base | PredDevFromBase
-----|-------|----------|----------|----------------
0    | 71    | 0.8579   | 2.2794   | 2.1560 
1    | 31    | 0.5247   | 1.2121   | 1.1749 
2    | 24    | 0.5322   | 1.0693   | 0.9827 
3-5  | 68    | 0.4772   | 0.9838   | 0.9096 
6+   | 208   | 0.3209   | 0.4743   | 0.4034 

Epoch 222: loss = 0.770254 delta_mae_pts = 0.4705 recap_mae_pts = 0.4705 cat_mae_pts = 0.4936 total_mae_pts = 1.0697 vs_inertia_pts = 0.5012 vs_quad_pts = 1.6218 mon_cov = 0.964 mon_score = 5.2231 time = 25969.05 s

Epoch 223: Weights {"totalWeight":0.1,"recapWeight":0.05,"deltaWeight":9.75,"categoryWeight":0.05,"quantileWeight":0.7867999999999999,"consistencyWeight":0,"identityDropoutRate":0.41575000000000006}, Scales {"judgeBias":1,"corps":1}, SeqLen 15, ID_Drop 0.442, WFW 1.500 

History Bucket Diagnostics (Avg Abs Error per sample, normalized units):
Hist | Count | MAE_Pred | MAE_Base | PredDevFromBase
-----|-------|----------|----------|----------------
0    | 71    | 0.8163   | 2.2794   | 2.0949 
1    | 31    | 0.5337   | 1.2121   | 1.0723 
2    | 24    | 0.5415   | 1.0693   | 0.9645 
3-5  | 68    | 0.4775   | 0.9838   | 0.8895 
6+   | 208   | 0.3105   | 0.4743   | 0.3911 

Epoch 223: loss = 0.771349 delta_mae_pts = 0.4591 recap_mae_pts = 0.4591 cat_mae_pts = 0.4864 total_mae_pts = 1.0810 vs_inertia_pts = 0.5126 vs_quad_pts = 1.6332 mon_cov = 0.963 mon_score = 5.1163 time = 26097.57 s

Epoch 224: Weights {"totalWeight":0.1,"recapWeight":0.05,"deltaWeight":9.75,"categoryWeight":0.05,"quantileWeight":0.7904,"consistencyWeight":0,"identityDropoutRate":0.41100000000000003}, Scales {"judgeBias":1,"corps":1}, SeqLen 15, ID_Drop 0.414, WFW 1.500 

History Bucket Diagnostics (Avg Abs Error per sample, normalized units):
Hist | Count | MAE_Pred | MAE_Base | PredDevFromBase
-----|-------|----------|----------|----------------
0    | 71    | 0.8543   | 2.2794   | 2.1197 
1    | 31    | 0.5021   | 1.2121   | 1.1164 
2    | 24    | 0.5218   | 1.0693   | 0.9309 
3-5  | 68    | 0.4781   | 0.9838   | 0.8779 
6+   | 208   | 0.3170   | 0.4743   | 0.4016 

Epoch 224: loss = 0.753419 delta_mae_pts = 0.4657 recap_mae_pts = 0.4657 cat_mae_pts = 0.4898 total_mae_pts = 1.0586 vs_inertia_pts = 0.5061 vs_quad_pts = 1.6266 mon_cov = 0.965 mon_score = 5.1844 time = 26199.10 s

Epoch 225: Weights {"totalWeight":0.1,"recapWeight":0.05,"deltaWeight":9.75,"categoryWeight":0.05,"quantileWeight":0.794,"consistencyWeight":0,"identityDropoutRate":0.40625}, Scales {"judgeBias":1,"corps":1}, SeqLen 15, ID_Drop 0.430, WFW 1.500 

History Bucket Diagnostics (Avg Abs Error per sample, normalized units):
Hist | Count | MAE_Pred | MAE_Base | PredDevFromBase
-----|-------|----------|----------|----------------
0    | 71    | 0.8619   | 2.2794   | 2.1342 
1    | 31    | 0.5343   | 1.2121   | 1.1418 
2    | 24    | 0.5198   | 1.0693   | 1.0001 
3-5  | 68    | 0.4871   | 0.9838   | 0.8949 
6+   | 208   | 0.3180   | 0.4743   | 0.4090 

Epoch 225: loss = 0.762064 delta_mae_pts = 0.4714 recap_mae_pts = 0.4714 cat_mae_pts = 0.4861 total_mae_pts = 1.0139 vs_inertia_pts = 0.5003 vs_quad_pts = 1.6209 mon_cov = 0.964 mon_score = 5.1998 time = 26317.40 s

Epoch 226: Weights {"totalWeight":0.1,"recapWeight":0.05,"deltaWeight":9.75,"categoryWeight":0.05,"quantileWeight":0.7976000000000001,"consistencyWeight":0,"identityDropoutRate":0.4015000000000001}, Scales {"judgeBias":1,"corps":1}, SeqLen 15, ID_Drop 0.427, WFW 1.500 

History Bucket Diagnostics (Avg Abs Error per sample, normalized units):
Hist | Count | MAE_Pred | MAE_Base | PredDevFromBase
-----|-------|----------|----------|----------------
0    | 71    | 0.8453   | 2.2794   | 2.1479 
1    | 31    | 0.5284   | 1.2121   | 1.1549 
2    | 24    | 0.5187   | 1.0693   | 0.9943 
3-5  | 68    | 0.4729   | 0.9838   | 0.9165 
6+   | 208   | 0.3155   | 0.4743   | 0.4130 

Epoch 226: loss = 0.770794 delta_mae_pts = 0.4642 recap_mae_pts = 0.4642 cat_mae_pts = 0.4913 total_mae_pts = 1.0655 vs_inertia_pts = 0.5075 vs_quad_pts = 1.6281 mon_cov = 0.966 mon_score = 5.1467 time = 26434.06 s

Epoch 227: Weights {"totalWeight":0.1,"recapWeight":0.05,"deltaWeight":9.75,"categoryWeight":0.05,"quantileWeight":0.8012000000000001,"consistencyWeight":0,"identityDropoutRate":0.39675000000000005}, Scales {"judgeBias":1,"corps":1}, SeqLen 15, ID_Drop 0.418, WFW 1.500 

History Bucket Diagnostics (Avg Abs Error per sample, normalized units):
Hist | Count | MAE_Pred | MAE_Base | PredDevFromBase
-----|-------|----------|----------|----------------
0    | 71    | 0.8753   | 2.2794   | 2.0722 
1    | 31    | 0.5157   | 1.2121   | 1.1509 
2    | 24    | 0.5281   | 1.0693   | 0.9814 
3-5  | 68    | 0.4670   | 0.9838   | 0.9186 
6+   | 208   | 0.3218   | 0.4743   | 0.4227 

Epoch 227: loss = 0.775372 delta_mae_pts = 0.4714 recap_mae_pts = 0.4714 cat_mae_pts = 0.5102 total_mae_pts = 1.0998 vs_inertia_pts = 0.5003 vs_quad_pts = 1.6209 mon_cov = 0.964 mon_score = 5.2140 time = 26549.82 s

Epoch 228: Weights {"totalWeight":0.1,"recapWeight":0.05,"deltaWeight":9.75,"categoryWeight":0.05,"quantileWeight":0.8048,"consistencyWeight":0,"identityDropoutRate":0.392}, Scales {"judgeBias":1,"corps":1}, SeqLen 15, ID_Drop 0.394, WFW 1.500 

History Bucket Diagnostics (Avg Abs Error per sample, normalized units):
Hist | Count | MAE_Pred | MAE_Base | PredDevFromBase
-----|-------|----------|----------|----------------
0    | 71    | 0.8909   | 2.2794   | 2.1713 
1    | 31    | 0.4971   | 1.2121   | 1.1317 
2    | 24    | 0.4985   | 1.0693   | 0.9623 
3-5  | 68    | 0.4708   | 0.9838   | 0.8980 
6+   | 208   | 0.3136   | 0.4743   | 0.3994 

Epoch 228: loss = 0.766592 delta_mae_pts = 0.4674 recap_mae_pts = 0.4674 cat_mae_pts = 0.4748 total_mae_pts = 1.0301 vs_inertia_pts = 0.5044 vs_quad_pts = 1.6249 mon_cov = 0.965 mon_score = 5.1724 time = 26668.24 s

Epoch 229: Weights {"totalWeight":0.1,"recapWeight":0.05,"deltaWeight":9.75,"categoryWeight":0.05,"quantileWeight":0.8084,"consistencyWeight":0,"identityDropoutRate":0.38725}, Scales {"judgeBias":1,"corps":1}, SeqLen 15, ID_Drop 0.395, WFW 1.500 

History Bucket Diagnostics (Avg Abs Error per sample, normalized units):
Hist | Count | MAE_Pred | MAE_Base | PredDevFromBase
-----|-------|----------|----------|----------------
0    | 71    | 0.8647   | 2.2794   | 2.1460 
1    | 31    | 0.5187   | 1.2121   | 1.1751 
2    | 24    | 0.5540   | 1.0693   | 0.9372 
3-5  | 68    | 0.4787   | 0.9838   | 0.9024 
6+   | 208   | 0.3161   | 0.4743   | 0.4052 

Epoch 229: loss = 0.734171 delta_mae_pts = 0.4703 recap_mae_pts = 0.4703 cat_mae_pts = 0.4985 total_mae_pts = 1.0971 vs_inertia_pts = 0.5014 vs_quad_pts = 1.6220 mon_cov = 0.965 mon_score = 5.2163 time = 26784.87 s

Epoch 230: Weights {"totalWeight":0.1,"recapWeight":0.05,"deltaWeight":9.75,"categoryWeight":0.05,"quantileWeight":0.812,"consistencyWeight":0,"identityDropoutRate":0.38250000000000006}, Scales {"judgeBias":1,"corps":1}, SeqLen 15, ID_Drop 0.395, WFW 1.500 

History Bucket Diagnostics (Avg Abs Error per sample, normalized units):
Hist | Count | MAE_Pred | MAE_Base | PredDevFromBase
-----|-------|----------|----------|----------------
0    | 71    | 0.7916   | 2.2794   | 2.1379 
1    | 31    | 0.5044   | 1.2121   | 1.1084 
2    | 24    | 0.5300   | 1.0693   | 1.0066 
3-5  | 68    | 0.4860   | 0.9838   | 0.8972 
6+   | 208   | 0.3138   | 0.4743   | 0.4106 

Epoch 230: loss = 0.772360 delta_mae_pts = 0.4550 recap_mae_pts = 0.4550 cat_mae_pts = 0.4900 total_mae_pts = 1.0494 vs_inertia_pts = 0.5168 vs_quad_pts = 1.6373 mon_cov = 0.964 mon_score = 5.0660 time = 26903.39 s
Saved BEST checkpoint @epoch 230 score = 5.0660 -> models\v9_subcaption_fixed\v9fix_w1p0_cov4_1770464048897\best 

Epoch 231: Weights {"totalWeight":0.1,"recapWeight":0.05,"deltaWeight":9.75,"categoryWeight":0.05,"quantileWeight":0.8156000000000001,"consistencyWeight":0,"identityDropoutRate":0.37775000000000003}, Scales {"judgeBias":1,"corps":1}, SeqLen 15, ID_Drop 0.390, WFW 1.500 

History Bucket Diagnostics (Avg Abs Error per sample, normalized units):
Hist | Count | MAE_Pred | MAE_Base | PredDevFromBase
-----|-------|----------|----------|----------------
0    | 71    | 0.8108   | 2.2794   | 2.1208 
1    | 31    | 0.5187   | 1.2121   | 1.1394 
2    | 24    | 0.5219   | 1.0693   | 0.9735 
3-5  | 68    | 0.4833   | 0.9838   | 0.9111 
6+   | 208   | 0.3131   | 0.4743   | 0.4149 

Epoch 231: loss = 0.679195 delta_mae_pts = 0.4581 recap_mae_pts = 0.4581 cat_mae_pts = 0.5024 total_mae_pts = 1.0534 vs_inertia_pts = 0.5136 vs_quad_pts = 1.6342 mon_cov = 0.962 mon_score = 5.0943 time = 27019.78 s

Epoch 232: Weights {"totalWeight":0.1,"recapWeight":0.05,"deltaWeight":9.75,"categoryWeight":0.05,"quantileWeight":0.8191999999999999,"consistencyWeight":0,"identityDropoutRate":0.373}, Scales {"judgeBias":1,"corps":1}, SeqLen 15, ID_Drop 0.366, WFW 1.500 

History Bucket Diagnostics (Avg Abs Error per sample, normalized units):
Hist | Count | MAE_Pred | MAE_Base | PredDevFromBase
-----|-------|----------|----------|----------------
0    | 71    | 0.8085   | 2.2794   | 2.1501 
1    | 31    | 0.5158   | 1.2121   | 1.1348 
2    | 24    | 0.5419   | 1.0693   | 1.0056 
3-5  | 68    | 0.4929   | 0.9838   | 0.9255 
6+   | 208   | 0.3111   | 0.4743   | 0.4129 

Epoch 232: loss = 0.687226 delta_mae_pts = 0.4593 recap_mae_pts = 0.4593 cat_mae_pts = 0.4899 total_mae_pts = 1.0511 vs_inertia_pts = 0.5124 vs_quad_pts = 1.6330 mon_cov = 0.967 mon_score = 5.1092 time = 27133.67 s

Epoch 233: Weights {"totalWeight":0.1,"recapWeight":0.05,"deltaWeight":9.75,"categoryWeight":0.05,"quantileWeight":0.8228,"consistencyWeight":0,"identityDropoutRate":0.36824999999999997}, Scales {"judgeBias":1,"corps":1}, SeqLen 15, ID_Drop 0.388, WFW 1.500 

History Bucket Diagnostics (Avg Abs Error per sample, normalized units):
Hist | Count | MAE_Pred | MAE_Base | PredDevFromBase
-----|-------|----------|----------|----------------
0    | 71    | 0.8004   | 2.2794   | 2.1148 
1    | 31    | 0.5005   | 1.2121   | 1.1569 
2    | 24    | 0.5306   | 1.0693   | 1.0070 
3-5  | 68    | 0.4764   | 0.9838   | 0.9158 
6+   | 208   | 0.3160   | 0.4743   | 0.4030 

Epoch 233: loss = 0.679345 delta_mae_pts = 0.4557 recap_mae_pts = 0.4557 cat_mae_pts = 0.4996 total_mae_pts = 1.0515 vs_inertia_pts = 0.5160 vs_quad_pts = 1.6366 mon_cov = 0.964 mon_score = 5.0822 time = 27254.24 s

Epoch 234: Weights {"totalWeight":0.1,"recapWeight":0.05,"deltaWeight":9.75,"categoryWeight":0.05,"quantileWeight":0.8264,"consistencyWeight":0,"identityDropoutRate":0.36350000000000005}, Scales {"judgeBias":1,"corps":1}, SeqLen 15, ID_Drop 0.361, WFW 1.500 

History Bucket Diagnostics (Avg Abs Error per sample, normalized units):
Hist | Count | MAE_Pred | MAE_Base | PredDevFromBase
-----|-------|----------|----------|----------------
0    | 71    | 0.8180   | 2.2794   | 2.1073 
1    | 31    | 0.4967   | 1.2121   | 1.1130 
2    | 24    | 0.5299   | 1.0693   | 0.9480 
3-5  | 68    | 0.4806   | 0.9838   | 0.8752 
6+   | 208   | 0.3182   | 0.4743   | 0.3963 

Epoch 234: loss = 0.734591 delta_mae_pts = 0.4603 recap_mae_pts = 0.4603 cat_mae_pts = 0.4733 total_mae_pts = 1.0377 vs_inertia_pts = 0.5114 vs_quad_pts = 1.6319 mon_cov = 0.965 mon_score = 5.1132 time = 27369.95 s

Epoch 235: Weights {"totalWeight":0.1,"recapWeight":0.05,"deltaWeight":9.75,"categoryWeight":0.05,"quantileWeight":0.8300000000000001,"consistencyWeight":0,"identityDropoutRate":0.35875}, Scales {"judgeBias":1,"corps":1}, SeqLen 15, ID_Drop 0.359, WFW 1.500 

History Bucket Diagnostics (Avg Abs Error per sample, normalized units):
Hist | Count | MAE_Pred | MAE_Base | PredDevFromBase
-----|-------|----------|----------|----------------
0    | 71    | 0.8224   | 2.2794   | 2.1110 
1    | 31    | 0.5113   | 1.2121   | 1.1299 
2    | 24    | 0.5427   | 1.0693   | 0.9784 
3-5  | 68    | 0.4771   | 0.9838   | 0.9279 
6+   | 208   | 0.3148   | 0.4743   | 0.4238 

Epoch 235: loss = 0.731272 delta_mae_pts = 0.4606 recap_mae_pts = 0.4606 cat_mae_pts = 0.4848 total_mae_pts = 1.0363 vs_inertia_pts = 0.5111 vs_quad_pts = 1.6316 mon_cov = 0.968 mon_score = 5.1131 time = 27486.36 s

Epoch 236: Weights {"totalWeight":0.1,"recapWeight":0.05,"deltaWeight":9.75,"categoryWeight":0.05,"quantileWeight":0.8335999999999999,"consistencyWeight":0,"identityDropoutRate":0.354}, Scales {"judgeBias":1,"corps":1}, SeqLen 15, ID_Drop 0.354, WFW 1.500 

History Bucket Diagnostics (Avg Abs Error per sample, normalized units):
Hist | Count | MAE_Pred | MAE_Base | PredDevFromBase
-----|-------|----------|----------|----------------
0    | 71    | 0.8349   | 2.2794   | 2.1110 
1    | 31    | 0.5127   | 1.2121   | 1.1375 
2    | 24    | 0.5286   | 1.0693   | 0.9870 
3-5  | 68    | 0.4968   | 0.9838   | 0.9212 
6+   | 208   | 0.3132   | 0.4743   | 0.4170 

Epoch 236: loss = 0.733889 delta_mae_pts = 0.4646 recap_mae_pts = 0.4646 cat_mae_pts = 0.4732 total_mae_pts = 1.0097 vs_inertia_pts = 0.5071 vs_quad_pts = 1.6277 mon_cov = 0.965 mon_score = 5.1446 time = 27603.14 s

Epoch 237: Weights {"totalWeight":0.1,"recapWeight":0.05,"deltaWeight":9.75,"categoryWeight":0.05,"quantileWeight":0.8371999999999999,"consistencyWeight":0,"identityDropoutRate":0.34924999999999995}, Scales {"judgeBias":1,"corps":1}, SeqLen 15, ID_Drop 0.349, WFW 1.500 

History Bucket Diagnostics (Avg Abs Error per sample, normalized units):
Hist | Count | MAE_Pred | MAE_Base | PredDevFromBase
-----|-------|----------|----------|----------------
0    | 71    | 0.8188   | 2.2794   | 2.0958 
1    | 31    | 0.5131   | 1.2121   | 1.1320 
2    | 24    | 0.5602   | 1.0693   | 0.9992 
3-5  | 68    | 0.4833   | 0.9838   | 0.9262 
6+   | 208   | 0.3120   | 0.4743   | 0.4196 

Epoch 237: loss = 0.718835 delta_mae_pts = 0.4608 recap_mae_pts = 0.4608 cat_mae_pts = 0.4824 total_mae_pts = 1.0611 vs_inertia_pts = 0.5109 vs_quad_pts = 1.6315 mon_cov = 0.967 mon_score = 5.1286 time = 27720.55 s

Epoch 238: Weights {"totalWeight":0.1,"recapWeight":0.05,"deltaWeight":9.75,"categoryWeight":0.05,"quantileWeight":0.8408,"consistencyWeight":0,"identityDropoutRate":0.34450000000000003}, Scales {"judgeBias":1,"corps":1}, SeqLen 15, ID_Drop 0.357, WFW 1.500 

History Bucket Diagnostics (Avg Abs Error per sample, normalized units):
Hist | Count | MAE_Pred | MAE_Base | PredDevFromBase
-----|-------|----------|----------|----------------
0    | 71    | 0.8363   | 2.2794   | 2.0845 
1    | 31    | 0.5181   | 1.2121   | 1.0927 
2    | 24    | 0.5205   | 1.0693   | 0.9422 
3-5  | 68    | 0.4736   | 0.9838   | 0.8810 
6+   | 208   | 0.3070   | 0.4743   | 0.4030 

Epoch 238: loss = 0.712604 delta_mae_pts = 0.4577 recap_mae_pts = 0.4577 cat_mae_pts = 0.4803 total_mae_pts = 1.0354 vs_inertia_pts = 0.5140 vs_quad_pts = 1.6346 mon_cov = 0.963 mon_score = 5.0954 time = 27837.49 s

Epoch 239: Weights {"totalWeight":0.1,"recapWeight":0.05,"deltaWeight":9.75,"categoryWeight":0.05,"quantileWeight":0.8444,"consistencyWeight":0,"identityDropoutRate":0.3397500000000001}, Scales {"judgeBias":1,"corps":1}, SeqLen 15, ID_Drop 0.351, WFW 1.500 

History Bucket Diagnostics (Avg Abs Error per sample, normalized units):
Hist | Count | MAE_Pred | MAE_Base | PredDevFromBase
-----|-------|----------|----------|----------------
0    | 71    | 0.8334   | 2.2794   | 2.1324 
1    | 31    | 0.5149   | 1.2121   | 1.1339 
2    | 24    | 0.5447   | 1.0693   | 0.9516 
3-5  | 68    | 0.4800   | 0.9838   | 0.8774 
6+   | 208   | 0.3142   | 0.4743   | 0.3991 

Epoch 239: loss = 0.734838 delta_mae_pts = 0.4632 recap_mae_pts = 0.4632 cat_mae_pts = 0.4861 total_mae_pts = 1.0554 vs_inertia_pts = 0.5085 vs_quad_pts = 1.6291 mon_cov = 0.966 mon_score = 5.1547 time = 27955.58 s

Epoch 240: Weights {"totalWeight":0.1,"recapWeight":0.05,"deltaWeight":9.75,"categoryWeight":0.05,"quantileWeight":0.8480000000000001,"consistencyWeight":0,"identityDropoutRate":0.3350000000000001}, Scales {"judgeBias":1,"corps":1}, SeqLen 15, ID_Drop 0.354, WFW 1.500 

History Bucket Diagnostics (Avg Abs Error per sample, normalized units):
Hist | Count | MAE_Pred | MAE_Base | PredDevFromBase
-----|-------|----------|----------|----------------
0    | 71    | 0.8051   | 2.2794   | 2.1689 
1    | 31    | 0.5126   | 1.2121   | 1.1282 
2    | 24    | 0.5454   | 1.0693   | 0.9859 
3-5  | 68    | 0.4905   | 0.9838   | 0.9158 
6+   | 208   | 0.3092   | 0.4743   | 0.4149 

Epoch 240: loss = 0.729275 delta_mae_pts = 0.4572 recap_mae_pts = 0.4572 cat_mae_pts = 0.4826 total_mae_pts = 1.0398 vs_inertia_pts = 0.5145 vs_quad_pts = 1.6350 mon_cov = 0.965 mon_score = 5.0877 time = 28073.81 s

Epoch 241: Weights {"totalWeight":0.1,"recapWeight":0.05,"deltaWeight":9.75,"categoryWeight":0.05,"quantileWeight":0.8515999999999999,"consistencyWeight":0,"identityDropoutRate":0.33025000000000004}, Scales {"judgeBias":1,"corps":1}, SeqLen 15, ID_Drop 0.338, WFW 1.500 

History Bucket Diagnostics (Avg Abs Error per sample, normalized units):
Hist | Count | MAE_Pred | MAE_Base | PredDevFromBase
-----|-------|----------|----------|----------------
0    | 71    | 0.8108   | 2.2794   | 2.0944 
1    | 31    | 0.5210   | 1.2121   | 1.1210 
2    | 24    | 0.5429   | 1.0693   | 0.9561 
3-5  | 68    | 0.4792   | 0.9838   | 0.9068 
6+   | 208   | 0.3101   | 0.4743   | 0.4194 

Epoch 241: loss = 0.721321 delta_mae_pts = 0.4573 recap_mae_pts = 0.4573 cat_mae_pts = 0.4918 total_mae_pts = 1.0519 vs_inertia_pts = 0.5144 vs_quad_pts = 1.6350 mon_cov = 0.964 mon_score = 5.0836 time = 28189.96 s

Epoch 242: Weights {"totalWeight":0.1,"recapWeight":0.05,"deltaWeight":9.75,"categoryWeight":0.05,"quantileWeight":0.8552,"consistencyWeight":0,"identityDropoutRate":0.3255}, Scales {"judgeBias":1,"corps":1}, SeqLen 15, ID_Drop 0.347, WFW 1.500 

History Bucket Diagnostics (Avg Abs Error per sample, normalized units):
Hist | Count | MAE_Pred | MAE_Base | PredDevFromBase
-----|-------|----------|----------|----------------
0    | 71    | 0.7948   | 2.2794   | 2.1144 
1    | 31    | 0.5442   | 1.2121   | 1.0692 
2    | 24    | 0.5308   | 1.0693   | 0.9315 
3-5  | 68    | 0.4978   | 0.9838   | 0.8630 
6+   | 208   | 0.3120   | 0.4743   | 0.3911 

Epoch 242: loss = 0.740587 delta_mae_pts = 0.4597 recap_mae_pts = 0.4597 cat_mae_pts = 0.5052 total_mae_pts = 1.1144 vs_inertia_pts = 0.5121 vs_quad_pts = 1.6326 mon_cov = 0.963 mon_score = 5.1157 time = 28307.83 s

Epoch 243: Weights {"totalWeight":0.1,"recapWeight":0.05,"deltaWeight":9.75,"categoryWeight":0.05,"quantileWeight":0.8588,"consistencyWeight":0,"identityDropoutRate":0.3207500000000001}, Scales {"judgeBias":1,"corps":1}, SeqLen 15, ID_Drop 0.332, WFW 1.500 

History Bucket Diagnostics (Avg Abs Error per sample, normalized units):
Hist | Count | MAE_Pred | MAE_Base | PredDevFromBase
-----|-------|----------|----------|----------------
0    | 71    | 0.8319   | 2.2794   | 2.1334 
1    | 31    | 0.5056   | 1.2121   | 1.1069 
2    | 24    | 0.5254   | 1.0693   | 0.9493 
3-5  | 68    | 0.4820   | 0.9838   | 0.8868 
6+   | 208   | 0.3124   | 0.4743   | 0.4137 

Epoch 243: loss = 0.738646 delta_mae_pts = 0.4605 recap_mae_pts = 0.4605 cat_mae_pts = 0.4917 total_mae_pts = 1.0816 vs_inertia_pts = 0.5113 vs_quad_pts = 1.6318 mon_cov = 0.963 mon_score = 5.1148 time = 28424.69 s

Epoch 244: Weights {"totalWeight":0.1,"recapWeight":0.05,"deltaWeight":9.75,"categoryWeight":0.05,"quantileWeight":0.8624,"consistencyWeight":0,"identityDropoutRate":0.31600000000000006}, Scales {"judgeBias":1,"corps":1}, SeqLen 15, ID_Drop 0.336, WFW 1.500 

History Bucket Diagnostics (Avg Abs Error per sample, normalized units):
Hist | Count | MAE_Pred | MAE_Base | PredDevFromBase
-----|-------|----------|----------|----------------
0    | 71    | 0.8102   | 2.2794   | 2.1648 
1    | 31    | 0.5148   | 1.2121   | 1.1103 
2    | 24    | 0.5206   | 1.0693   | 0.9584 
3-5  | 68    | 0.4718   | 0.9838   | 0.9041 
6+   | 208   | 0.3061   | 0.4743   | 0.4043 

Epoch 244: loss = 0.740822 delta_mae_pts = 0.4521 recap_mae_pts = 0.4521 cat_mae_pts = 0.4895 total_mae_pts = 1.0676 vs_inertia_pts = 0.5196 vs_quad_pts = 1.6402 mon_cov = 0.965 mon_score = 5.0375 time = 28541.17 s
Saved BEST checkpoint @epoch 244 score = 5.0375 -> models\v9_subcaption_fixed\v9fix_w1p0_cov4_1770464048897\best 

Epoch 245: Weights {"totalWeight":0.1,"recapWeight":0.05,"deltaWeight":9.75,"categoryWeight":0.05,"quantileWeight":0.8660000000000001,"consistencyWeight":0,"identityDropoutRate":0.31125}, Scales {"judgeBias":1,"corps":1}, SeqLen 15, ID_Drop 0.336, WFW 1.500 

History Bucket Diagnostics (Avg Abs Error per sample, normalized units):
Hist | Count | MAE_Pred | MAE_Base | PredDevFromBase
-----|-------|----------|----------|----------------
0    | 71    | 0.8148   | 2.2794   | 2.1270 
1    | 31    | 0.5285   | 1.2121   | 1.1080 
2    | 24    | 0.5114   | 1.0693   | 0.9798 
3-5  | 68    | 0.4734   | 0.9838   | 0.9200 
6+   | 208   | 0.3141   | 0.4743   | 0.4291 

Epoch 245: loss = 0.722155 delta_mae_pts = 0.4578 recap_mae_pts = 0.4578 cat_mae_pts = 0.4835 total_mae_pts = 1.0815 vs_inertia_pts = 0.5139 vs_quad_pts = 1.6345 mon_cov = 0.966 mon_score = 5.0919 time = 28659.49 s

Epoch 246: Weights {"totalWeight":0.1,"recapWeight":0.05,"deltaWeight":9.75,"categoryWeight":0.05,"quantileWeight":0.8695999999999999,"consistencyWeight":0,"identityDropoutRate":0.3065}, Scales {"judgeBias":1,"corps":1}, SeqLen 15, ID_Drop 0.318, WFW 1.500 

History Bucket Diagnostics (Avg Abs Error per sample, normalized units):
Hist | Count | MAE_Pred | MAE_Base | PredDevFromBase
-----|-------|----------|----------|----------------
0    | 71    | 0.8151   | 2.2794   | 2.1303 
1    | 31    | 0.5134   | 1.2121   | 1.0849 
2    | 24    | 0.5580   | 1.0693   | 0.9648 
3-5  | 68    | 0.4818   | 0.9838   | 0.9039 
6+   | 208   | 0.3175   | 0.4743   | 0.4246 

Epoch 246: loss = 0.727926 delta_mae_pts = 0.4626 recap_mae_pts = 0.4626 cat_mae_pts = 0.4829 total_mae_pts = 1.0378 vs_inertia_pts = 0.5091 vs_quad_pts = 1.6297 mon_cov = 0.963 mon_score = 5.1292 time = 28776.51 s

Epoch 247: Weights {"totalWeight":0.1,"recapWeight":0.05,"deltaWeight":9.75,"categoryWeight":0.05,"quantileWeight":0.8732,"consistencyWeight":0,"identityDropoutRate":0.3017500000000001}, Scales {"judgeBias":1,"corps":1}, SeqLen 15, ID_Drop 0.309, WFW 1.500 

History Bucket Diagnostics (Avg Abs Error per sample, normalized units):
Hist | Count | MAE_Pred | MAE_Base | PredDevFromBase
-----|-------|----------|----------|----------------
0    | 71    | 0.7945   | 2.2794   | 2.1039 
1    | 31    | 0.5223   | 1.2121   | 1.1533 
2    | 24    | 0.5256   | 1.0693   | 1.0110 
3-5  | 68    | 0.4619   | 0.9838   | 0.9366 
6+   | 208   | 0.3052   | 0.4743   | 0.4233 

Epoch 247: loss = 0.720085 delta_mae_pts = 0.4480 recap_mae_pts = 0.4480 cat_mae_pts = 0.4783 total_mae_pts = 1.0400 vs_inertia_pts = 0.5237 vs_quad_pts = 1.6442 mon_cov = 0.965 mon_score = 5.0004 time = 28891.53 s
Saved BEST checkpoint @epoch 247 score = 5.0004 -> models\v9_subcaption_fixed\v9fix_w1p0_cov4_1770464048897\best 

Epoch 248: Weights {"totalWeight":0.1,"recapWeight":0.05,"deltaWeight":9.75,"categoryWeight":0.05,"quantileWeight":0.8768,"consistencyWeight":0,"identityDropoutRate":0.29700000000000004}, Scales {"judgeBias":1,"corps":1}, SeqLen 15, ID_Drop 0.310, WFW 1.500 

History Bucket Diagnostics (Avg Abs Error per sample, normalized units):
Hist | Count | MAE_Pred | MAE_Base | PredDevFromBase
-----|-------|----------|----------|----------------
0    | 71    | 0.8058   | 2.2794   | 2.0872 
1    | 31    | 0.5000   | 1.2121   | 1.0906 
2    | 24    | 0.5311   | 1.0693   | 0.9364 
3-5  | 68    | 0.4696   | 0.9838   | 0.8813 
6+   | 208   | 0.3122   | 0.4743   | 0.3985 

Epoch 248: loss = 0.731794 delta_mae_pts = 0.4536 recap_mae_pts = 0.4536 cat_mae_pts = 0.4754 total_mae_pts = 1.0406 vs_inertia_pts = 0.5181 vs_quad_pts = 1.6387 mon_cov = 0.964 mon_score = 5.0410 time = 29009.49 s

Epoch 249: Weights {"totalWeight":0.1,"recapWeight":0.05,"deltaWeight":9.75,"categoryWeight":0.05,"quantileWeight":0.8804000000000001,"consistencyWeight":0,"identityDropoutRate":0.29225}, Scales {"judgeBias":1,"corps":1}, SeqLen 15, ID_Drop 0.317, WFW 1.500 

History Bucket Diagnostics (Avg Abs Error per sample, normalized units):
Hist | Count | MAE_Pred | MAE_Base | PredDevFromBase
-----|-------|----------|----------|----------------
0    | 71    | 0.7870   | 2.2794   | 2.1300 
1    | 31    | 0.5206   | 1.2121   | 1.1284 
2    | 24    | 0.5266   | 1.0693   | 0.9638 
3-5  | 68    | 0.4703   | 0.9838   | 0.9061 
6+   | 208   | 0.3174   | 0.4743   | 0.4015 

Epoch 249: loss = 0.718347 delta_mae_pts = 0.4544 recap_mae_pts = 0.4544 cat_mae_pts = 0.4858 total_mae_pts = 1.0555 vs_inertia_pts = 0.5174 vs_quad_pts = 1.6379 mon_cov = 0.965 mon_score = 5.0732 time = 29127.56 s

Epoch 250: Weights {"totalWeight":0.1,"recapWeight":0.05,"deltaWeight":9.75,"categoryWeight":0.05,"quantileWeight":0.8840000000000001,"consistencyWeight":0,"identityDropoutRate":0.2875000000000001}, Scales {"judgeBias":1,"corps":1}, SeqLen 15, ID_Drop 0.298, WFW 1.500 

History Bucket Diagnostics (Avg Abs Error per sample, normalized units):
Hist | Count | MAE_Pred | MAE_Base | PredDevFromBase
-----|-------|----------|----------|----------------
0    | 71    | 0.7869   | 2.2794   | 2.1046 
1    | 31    | 0.5014   | 1.2121   | 1.1483 
2    | 24    | 0.5329   | 1.0693   | 0.9750 
3-5  | 68    | 0.4786   | 0.9838   | 0.9280 
6+   | 208   | 0.3102   | 0.4743   | 0.4138 

Epoch 250: loss = 0.711494 delta_mae_pts = 0.4510 recap_mae_pts = 0.4510 cat_mae_pts = 0.4850 total_mae_pts = 1.0544 vs_inertia_pts = 0.5208 vs_quad_pts = 1.6413 mon_cov = 0.965 mon_score = 5.0182 time = 29245.45 s

-- - CAPTION STATS(Epoch 250)-- - 
GE1: delta_pts = 0.3476, recap_pts = 0.3476, cov = 0.950, width = 1.9892 
GE2: delta_pts = 0.3430, recap_pts = 0.3430, cov = 0.953, width = 2.0116 
VP: delta_pts = 0.4177, recap_pts = 0.4177, cov = 0.988, width = 3.7548 
VA: delta_pts = 0.3728, recap_pts = 0.3728, cov = 0.945, width = 2.0668 
CG: delta_pts = 0.4886, recap_pts = 0.4886, cov = 0.970, width = 3.8652 
MB: delta_pts = 0.5852, recap_pts = 0.5852, cov = 0.973, width = 5.5608 
MA: delta_pts = 0.3812, recap_pts = 0.3812, cov = 0.963, width = 2.1146 
MP: delta_pts = 0.6716, recap_pts = 0.6716, cov = 0.980, width = 6.1431 
----------------------------------


Epoch 251: Weights {"totalWeight":0.1,"recapWeight":0.05,"deltaWeight":9.75,"categoryWeight":0.05,"quantileWeight":0.8876,"consistencyWeight":0,"identityDropoutRate":0.28275000000000006}, Scales {"judgeBias":1,"corps":1}, SeqLen 15, ID_Drop 0.287, WFW 1.500 

History Bucket Diagnostics (Avg Abs Error per sample, normalized units):
Hist | Count | MAE_Pred | MAE_Base | PredDevFromBase
-----|-------|----------|----------|----------------
0    | 71    | 0.8196   | 2.2794   | 2.1492 
1    | 31    | 0.4896   | 1.2121   | 1.1155 
2    | 24    | 0.5343   | 1.0693   | 0.9479 
3-5  | 68    | 0.4804   | 0.9838   | 0.8922 
6+   | 208   | 0.3172   | 0.4743   | 0.4075 

Epoch 251: loss = 0.715786 delta_mae_pts = 0.4598 recap_mae_pts = 0.4598 cat_mae_pts = 0.4879 total_mae_pts = 1.0624 vs_inertia_pts = 0.5119 vs_quad_pts = 1.6325 mon_cov = 0.967 mon_score = 5.1199 time = 29361.67 s

Epoch 252: Weights {"totalWeight":0.1,"recapWeight":0.05,"deltaWeight":9.75,"categoryWeight":0.05,"quantileWeight":0.8912,"consistencyWeight":0,"identityDropoutRate":0.278}, Scales {"judgeBias":1,"corps":1}, SeqLen 15, ID_Drop 0.286, WFW 1.500 

History Bucket Diagnostics (Avg Abs Error per sample, normalized units):
Hist | Count | MAE_Pred | MAE_Base | PredDevFromBase
-----|-------|----------|----------|----------------
0    | 71    | 0.8010   | 2.2794   | 2.1264 
1    | 31    | 0.5147   | 1.2121   | 1.1561 
2    | 24    | 0.5292   | 1.0693   | 0.9661 
3-5  | 68    | 0.4755   | 0.9838   | 0.9008 
6+   | 208   | 0.3099   | 0.4743   | 0.4047 

Epoch 252: loss = 0.713501 delta_mae_pts = 0.4535 recap_mae_pts = 0.4535 cat_mae_pts = 0.4817 total_mae_pts = 1.0452 vs_inertia_pts = 0.5182 vs_quad_pts = 1.6388 mon_cov = 0.968 mon_score = 5.0675 time = 29478.40 s

Epoch 253: Weights {"totalWeight":0.1,"recapWeight":0.05,"deltaWeight":9.75,"categoryWeight":0.05,"quantileWeight":0.8948,"consistencyWeight":0,"identityDropoutRate":0.27325}, Scales {"judgeBias":1,"corps":1}, SeqLen 15, ID_Drop 0.277, WFW 1.500 

History Bucket Diagnostics (Avg Abs Error per sample, normalized units):
Hist | Count | MAE_Pred | MAE_Base | PredDevFromBase
-----|-------|----------|----------|----------------
0    | 71    | 0.8103   | 2.2794   | 2.0877 
1    | 31    | 0.5075   | 1.2121   | 1.0602 
2    | 24    | 0.5117   | 1.0693   | 0.9504 
3-5  | 68    | 0.4757   | 0.9838   | 0.8936 
6+   | 208   | 0.3131   | 0.4743   | 0.4108 

Epoch 253: loss = 0.674452 delta_mae_pts = 0.4553 recap_mae_pts = 0.4553 cat_mae_pts = 0.4888 total_mae_pts = 1.0622 vs_inertia_pts = 0.5164 vs_quad_pts = 1.6370 mon_cov = 0.964 mon_score = 5.0688 time = 29595.93 s

Epoch 254: Weights {"totalWeight":0.1,"recapWeight":0.05,"deltaWeight":9.75,"categoryWeight":0.05,"quantileWeight":0.8984000000000001,"consistencyWeight":0,"identityDropoutRate":0.26850000000000007}, Scales {"judgeBias":1,"corps":1}, SeqLen 15, ID_Drop 0.266, WFW 1.500 

History Bucket Diagnostics (Avg Abs Error per sample, normalized units):
Hist | Count | MAE_Pred | MAE_Base | PredDevFromBase
-----|-------|----------|----------|----------------
0    | 71    | 0.7971   | 2.2794   | 2.1214 
1    | 31    | 0.4925   | 1.2121   | 1.1232 
2    | 24    | 0.5266   | 1.0693   | 0.9881 
3-5  | 68    | 0.4765   | 0.9838   | 0.9266 
6+   | 208   | 0.3193   | 0.4743   | 0.4357 

Epoch 254: loss = 0.656574 delta_mae_pts = 0.4560 recap_mae_pts = 0.4560 cat_mae_pts = 0.4938 total_mae_pts = 1.0732 vs_inertia_pts = 0.5157 vs_quad_pts = 1.6363 mon_cov = 0.964 mon_score = 5.0708 time = 29728.87 s

Epoch 255: Weights {"totalWeight":0.1,"recapWeight":0.05,"deltaWeight":9.75,"categoryWeight":0.05,"quantileWeight":0.9020000000000001,"consistencyWeight":0,"identityDropoutRate":0.26375000000000004}, Scales {"judgeBias":1,"corps":1}, SeqLen 15, ID_Drop 0.267, WFW 1.500 

History Bucket Diagnostics (Avg Abs Error per sample, normalized units):
Hist | Count | MAE_Pred | MAE_Base | PredDevFromBase
-----|-------|----------|----------|----------------
0    | 71    | 0.7978   | 2.2794   | 2.0925 
1    | 31    | 0.5041   | 1.2121   | 1.1245 
2    | 24    | 0.5150   | 1.0693   | 1.0034 
3-5  | 68    | 0.4643   | 0.9838   | 0.9298 
6+   | 208   | 0.3076   | 0.4743   | 0.4232 

Epoch 255: loss = 0.651518 delta_mae_pts = 0.4482 recap_mae_pts = 0.4482 cat_mae_pts = 0.4924 total_mae_pts = 1.0590 vs_inertia_pts = 0.5235 vs_quad_pts = 1.6441 mon_cov = 0.966 mon_score = 5.0097 time = 29821.02 s

Epoch 256: Weights {"totalWeight":0.1,"recapWeight":0.05,"deltaWeight":9.75,"categoryWeight":0.05,"quantileWeight":0.9056,"consistencyWeight":0,"identityDropoutRate":0.259}, Scales {"judgeBias":1,"corps":1}, SeqLen 15, ID_Drop 0.279, WFW 1.500 

History Bucket Diagnostics (Avg Abs Error per sample, normalized units):
Hist | Count | MAE_Pred | MAE_Base | PredDevFromBase
-----|-------|----------|----------|----------------
0    | 71    | 0.8086   | 2.2794   | 2.1302 
1    | 31    | 0.5070   | 1.2121   | 1.1493 
2    | 24    | 0.5285   | 1.0693   | 0.9917 
3-5  | 68    | 0.4782   | 0.9838   | 0.9215 
6+   | 208   | 0.3100   | 0.4743   | 0.4187 

Epoch 256: loss = 0.656651 delta_mae_pts = 0.4547 recap_mae_pts = 0.4547 cat_mae_pts = 0.4836 total_mae_pts = 1.0431 vs_inertia_pts = 0.5170 vs_quad_pts = 1.6375 mon_cov = 0.964 mon_score = 5.0581 time = 29936.43 s

Epoch 257: Weights {"totalWeight":0.1,"recapWeight":0.05,"deltaWeight":9.75,"categoryWeight":0.05,"quantileWeight":0.9092,"consistencyWeight":0,"identityDropoutRate":0.25425}, Scales {"judgeBias":1,"corps":1}, SeqLen 15, ID_Drop 0.264, WFW 1.500 

History Bucket Diagnostics (Avg Abs Error per sample, normalized units):
Hist | Count | MAE_Pred | MAE_Base | PredDevFromBase
-----|-------|----------|----------|----------------
0    | 71    | 0.7937   | 2.2794   | 2.0945 
1    | 31    | 0.5027   | 1.2121   | 1.1161 
2    | 24    | 0.5217   | 1.0693   | 0.9951 
3-5  | 68    | 0.4678   | 0.9838   | 0.9363 
6+   | 208   | 0.3130   | 0.4743   | 0.4136 

Epoch 257: loss = 0.649808 delta_mae_pts = 0.4512 recap_mae_pts = 0.4512 cat_mae_pts = 0.4814 total_mae_pts = 1.0485 vs_inertia_pts = 0.5205 vs_quad_pts = 1.6411 mon_cov = 0.967 mon_score = 5.0350 time = 30053.21 s

Epoch 258: Weights {"totalWeight":0.1,"recapWeight":0.05,"deltaWeight":9.75,"categoryWeight":0.05,"quantileWeight":0.9128000000000001,"consistencyWeight":0,"identityDropoutRate":0.24950000000000006}, Scales {"judgeBias":1,"corps":1}, SeqLen 15, ID_Drop 0.265, WFW 1.500 

History Bucket Diagnostics (Avg Abs Error per sample, normalized units):
Hist | Count | MAE_Pred | MAE_Base | PredDevFromBase
-----|-------|----------|----------|----------------
0    | 71    | 0.8520   | 2.2794   | 2.1496 
1    | 31    | 0.5093   | 1.2121   | 1.0997 
2    | 24    | 0.5298   | 1.0693   | 0.9706 
3-5  | 68    | 0.4674   | 0.9838   | 0.8999 
6+   | 208   | 0.3084   | 0.4743   | 0.4167 

Epoch 258: loss = 0.722169 delta_mae_pts = 0.4600 recap_mae_pts = 0.4600 cat_mae_pts = 0.4799 total_mae_pts = 1.0488 vs_inertia_pts = 0.5117 vs_quad_pts = 1.6323 mon_cov = 0.963 mon_score = 5.1176 time = 30171.63 s

Epoch 259: Weights {"totalWeight":0.1,"recapWeight":0.05,"deltaWeight":9.75,"categoryWeight":0.05,"quantileWeight":0.9164000000000001,"consistencyWeight":0,"identityDropoutRate":0.24475000000000002}, Scales {"judgeBias":1,"corps":1}, SeqLen 15, ID_Drop 0.265, WFW 1.500 

History Bucket Diagnostics (Avg Abs Error per sample, normalized units):
Hist | Count | MAE_Pred | MAE_Base | PredDevFromBase
-----|-------|----------|----------|----------------
0    | 71    | 0.8167   | 2.2794   | 2.1437 
1    | 31    | 0.5235   | 1.2121   | 1.1611 
2    | 24    | 0.5067   | 1.0693   | 1.0093 
3-5  | 68    | 0.4715   | 0.9838   | 0.9137 
6+   | 208   | 0.3100   | 0.4743   | 0.4169 

Epoch 259: loss = 0.701849 delta_mae_pts = 0.4550 recap_mae_pts = 0.4550 cat_mae_pts = 0.4831 total_mae_pts = 1.0452 vs_inertia_pts = 0.5167 vs_quad_pts = 1.6373 mon_cov = 0.964 mon_score = 5.0706 time = 30286.86 s

Epoch 260: Weights {"totalWeight":0.1,"recapWeight":0.05,"deltaWeight":9.75,"categoryWeight":0.05,"quantileWeight":0.9200000000000002,"consistencyWeight":0,"identityDropoutRate":0.24}, Scales {"judgeBias":1,"corps":1}, SeqLen 15, ID_Drop 0.249, WFW 1.500 

History Bucket Diagnostics (Avg Abs Error per sample, normalized units):
Hist | Count | MAE_Pred | MAE_Base | PredDevFromBase
-----|-------|----------|----------|----------------
0    | 71    | 0.8343   | 2.2794   | 2.1449 
1    | 31    | 0.5082   | 1.2121   | 1.1419 
2    | 24    | 0.5102   | 1.0693   | 0.9771 
3-5  | 68    | 0.4723   | 0.9838   | 0.9045 
6+   | 208   | 0.3184   | 0.4743   | 0.4123 

Epoch 260: loss = 0.706000 delta_mae_pts = 0.4617 recap_mae_pts = 0.4617 cat_mae_pts = 0.4798 total_mae_pts = 1.0344 vs_inertia_pts = 0.5101 vs_quad_pts = 1.6306 mon_cov = 0.966 mon_score = 5.1307 time = 30404.23 s

Epoch 261: Weights {"totalWeight":0.1,"recapWeight":0.05,"deltaWeight":9.75,"categoryWeight":0.05,"quantileWeight":0.9236,"consistencyWeight":0,"identityDropoutRate":0.23524999999999996}, Scales {"judgeBias":1,"corps":1}, SeqLen 15, ID_Drop 0.254, WFW 1.500 

History Bucket Diagnostics (Avg Abs Error per sample, normalized units):
Hist | Count | MAE_Pred | MAE_Base | PredDevFromBase
-----|-------|----------|----------|----------------
0    | 71    | 0.8208   | 2.2794   | 2.1621 
1    | 31    | 0.5014   | 1.2121   | 1.1343 
2    | 24    | 0.5037   | 1.0693   | 0.9667 
3-5  | 68    | 0.4672   | 0.9838   | 0.9087 
6+   | 208   | 0.3089   | 0.4743   | 0.3959 

Epoch 261: loss = 0.722585 delta_mae_pts = 0.4526 recap_mae_pts = 0.4526 cat_mae_pts = 0.4817 total_mae_pts = 1.0351 vs_inertia_pts = 0.5191 vs_quad_pts = 1.6397 mon_cov = 0.966 mon_score = 5.0422 time = 30517.45 s

Epoch 262: Weights {"totalWeight":0.1,"recapWeight":0.05,"deltaWeight":9.75,"categoryWeight":0.05,"quantileWeight":0.9272,"consistencyWeight":0,"identityDropoutRate":0.23050000000000004}, Scales {"judgeBias":1,"corps":1}, SeqLen 15, ID_Drop 0.247, WFW 1.500 

History Bucket Diagnostics (Avg Abs Error per sample, normalized units):
Hist | Count | MAE_Pred | MAE_Base | PredDevFromBase
-----|-------|----------|----------|----------------
0    | 71    | 0.7926   | 2.2794   | 2.1026 
1    | 31    | 0.5080   | 1.2121   | 1.1438 
2    | 24    | 0.5053   | 1.0693   | 0.9765 
3-5  | 68    | 0.4675   | 0.9838   | 0.8996 
6+   | 208   | 0.3075   | 0.4743   | 0.4079 

Epoch 262: loss = 0.644572 delta_mae_pts = 0.4475 recap_mae_pts = 0.4475 cat_mae_pts = 0.4827 total_mae_pts = 1.0485 vs_inertia_pts = 0.5242 vs_quad_pts = 1.6447 mon_cov = 0.968 mon_score = 4.9998 time = 30636.16 s
Saved BEST checkpoint @epoch 262 score = 4.9998 -> models\v9_subcaption_fixed\v9fix_w1p0_cov4_1770464048897\best 

Epoch 263: Weights {"totalWeight":0.1,"recapWeight":0.05,"deltaWeight":9.75,"categoryWeight":0.05,"quantileWeight":0.9308000000000001,"consistencyWeight":0,"identityDropoutRate":0.22575000000000012}, Scales {"judgeBias":1,"corps":1}, SeqLen 15, ID_Drop 0.226, WFW 1.500 

History Bucket Diagnostics (Avg Abs Error per sample, normalized units):
Hist | Count | MAE_Pred | MAE_Base | PredDevFromBase
-----|-------|----------|----------|----------------
0    | 71    | 0.8423   | 2.2794   | 2.1390 
1    | 31    | 0.5033   | 1.2121   | 1.1532 
2    | 24    | 0.5083   | 1.0693   | 0.9982 
3-5  | 68    | 0.4811   | 0.9838   | 0.9282 
6+   | 208   | 0.3093   | 0.4743   | 0.4101 

Epoch 263: loss = 0.655779 delta_mae_pts = 0.4593 recap_mae_pts = 0.4593 cat_mae_pts = 0.4758 total_mae_pts = 1.0290 vs_inertia_pts = 0.5124 vs_quad_pts = 1.6330 mon_cov = 0.968 mon_score = 5.1042 time = 30755.18 s

Epoch 264: Weights {"totalWeight":0.1,"recapWeight":0.05,"deltaWeight":9.75,"categoryWeight":0.05,"quantileWeight":0.9343999999999999,"consistencyWeight":0,"identityDropoutRate":0.22100000000000009}, Scales {"judgeBias":1,"corps":1}, SeqLen 15, ID_Drop 0.230, WFW 1.500 

History Bucket Diagnostics (Avg Abs Error per sample, normalized units):
Hist | Count | MAE_Pred | MAE_Base | PredDevFromBase
-----|-------|----------|----------|----------------
0    | 71    | 0.8447   | 2.2794   | 2.1477 
1    | 31    | 0.5079   | 1.2121   | 1.0868 
2    | 24    | 0.5094   | 1.0693   | 0.9210 
3-5  | 68    | 0.4758   | 0.9838   | 0.8933 
6+   | 208   | 0.3159   | 0.4743   | 0.3996 

Epoch 264: loss = 0.668167 delta_mae_pts = 0.4627 recap_mae_pts = 0.4627 cat_mae_pts = 0.4956 total_mae_pts = 1.0885 vs_inertia_pts = 0.5090 vs_quad_pts = 1.6296 mon_cov = 0.964 mon_score = 5.1440 time = 30873.37 s

Epoch 265: Weights {"totalWeight":0.1,"recapWeight":0.05,"deltaWeight":9.75,"categoryWeight":0.05,"quantileWeight":0.938,"consistencyWeight":0,"identityDropoutRate":0.21625000000000005}, Scales {"judgeBias":1,"corps":1}, SeqLen 15, ID_Drop 0.238, WFW 1.500 

History Bucket Diagnostics (Avg Abs Error per sample, normalized units):
Hist | Count | MAE_Pred | MAE_Base | PredDevFromBase
-----|-------|----------|----------|----------------
0    | 71    | 0.7899   | 2.2794   | 2.1162 
1    | 31    | 0.5038   | 1.2121   | 1.1607 
2    | 24    | 0.5024   | 1.0693   | 0.9985 
3-5  | 68    | 0.4686   | 0.9838   | 0.9325 
6+   | 208   | 0.3110   | 0.4743   | 0.4172 

Epoch 265: loss = 0.712614 delta_mae_pts = 0.4485 recap_mae_pts = 0.4485 cat_mae_pts = 0.4752 total_mae_pts = 1.0300 vs_inertia_pts = 0.5232 vs_quad_pts = 1.6438 mon_cov = 0.968 mon_score = 4.9954 time = 30988.93 s
Saved BEST checkpoint @epoch 265 score = 4.9954 -> models\v9_subcaption_fixed\v9fix_w1p0_cov4_1770464048897\best 

Epoch 266: Weights {"totalWeight":0.1,"recapWeight":0.05,"deltaWeight":9.75,"categoryWeight":0.05,"quantileWeight":0.9416,"consistencyWeight":0,"identityDropoutRate":0.21150000000000002}, Scales {"judgeBias":1,"corps":1}, SeqLen 15, ID_Drop 0.217, WFW 1.500 

History Bucket Diagnostics (Avg Abs Error per sample, normalized units):
Hist | Count | MAE_Pred | MAE_Base | PredDevFromBase
-----|-------|----------|----------|----------------
0    | 71    | 0.8558   | 2.2794   | 2.1747 
1    | 31    | 0.5112   | 1.2121   | 1.1293 
2    | 24    | 0.4845   | 1.0693   | 0.9660 
3-5  | 68    | 0.4694   | 0.9838   | 0.9100 
6+   | 208   | 0.3078   | 0.4743   | 0.4173 

Epoch 266: loss = 0.697522 delta_mae_pts = 0.4582 recap_mae_pts = 0.4582 cat_mae_pts = 0.4811 total_mae_pts = 1.0354 vs_inertia_pts = 0.5136 vs_quad_pts = 1.6341 mon_cov = 0.966 mon_score = 5.0954 time = 31106.51 s

Epoch 267: Weights {"totalWeight":0.1,"recapWeight":0.05,"deltaWeight":9.75,"categoryWeight":0.05,"quantileWeight":0.9452,"consistencyWeight":0,"identityDropoutRate":0.2067500000000001}, Scales {"judgeBias":1,"corps":1}, SeqLen 15, ID_Drop 0.214, WFW 1.500 

History Bucket Diagnostics (Avg Abs Error per sample, normalized units):
Hist | Count | MAE_Pred | MAE_Base | PredDevFromBase
-----|-------|----------|----------|----------------
0    | 71    | 0.8321   | 2.2794   | 2.1565 
1    | 31    | 0.5221   | 1.2121   | 1.0854 
2    | 24    | 0.5078   | 1.0693   | 0.9577 
3-5  | 68    | 0.4760   | 0.9838   | 0.9154 
6+   | 208   | 0.3069   | 0.4743   | 0.4230 

Epoch 267: loss = 0.651215 delta_mae_pts = 0.4568 recap_mae_pts = 0.4568 cat_mae_pts = 0.4855 total_mae_pts = 1.0584 vs_inertia_pts = 0.5149 vs_quad_pts = 1.6354 mon_cov = 0.964 mon_score = 5.0822 time = 31223.62 s

Epoch 268: Weights {"totalWeight":0.1,"recapWeight":0.05,"deltaWeight":9.75,"categoryWeight":0.05,"quantileWeight":0.9488000000000001,"consistencyWeight":0,"identityDropoutRate":0.20200000000000007}, Scales {"judgeBias":1,"corps":1}, SeqLen 15, ID_Drop 0.208, WFW 1.500 

History Bucket Diagnostics (Avg Abs Error per sample, normalized units):
Hist | Count | MAE_Pred | MAE_Base | PredDevFromBase
-----|-------|----------|----------|----------------
0    | 71    | 0.8219   | 2.2794   | 2.1417 
1    | 31    | 0.5199   | 1.2121   | 1.1317 
2    | 24    | 0.5155   | 1.0693   | 0.9593 
3-5  | 68    | 0.4816   | 0.9838   | 0.8876 
6+   | 208   | 0.3084   | 0.4743   | 0.4023 

Epoch 268: loss = 0.641820 delta_mae_pts = 0.4571 recap_mae_pts = 0.4571 cat_mae_pts = 0.4828 total_mae_pts = 1.0443 vs_inertia_pts = 0.5147 vs_quad_pts = 1.6352 mon_cov = 0.966 mon_score = 5.0965 time = 31341.59 s

Epoch 269: Weights {"totalWeight":0.1,"recapWeight":0.05,"deltaWeight":9.75,"categoryWeight":0.05,"quantileWeight":0.9523999999999999,"consistencyWeight":0,"identityDropoutRate":0.19725000000000004}, Scales {"judgeBias":1,"corps":1}, SeqLen 15, ID_Drop 0.205, WFW 1.500 

History Bucket Diagnostics (Avg Abs Error per sample, normalized units):
Hist | Count | MAE_Pred | MAE_Base | PredDevFromBase
-----|-------|----------|----------|----------------
0    | 71    | 0.8393   | 2.2794   | 2.1740 
1    | 31    | 0.4943   | 1.2121   | 1.1138 
2    | 24    | 0.5231   | 1.0693   | 0.9603 
3-5  | 68    | 0.4636   | 0.9838   | 0.9019 
6+   | 208   | 0.3088   | 0.4743   | 0.4141 

Epoch 269: loss = 0.648816 delta_mae_pts = 0.4558 recap_mae_pts = 0.4558 cat_mae_pts = 0.4921 total_mae_pts = 1.0750 vs_inertia_pts = 0.5159 vs_quad_pts = 1.6365 mon_cov = 0.963 mon_score = 5.0695 time = 31460.50 s

Epoch 270: Weights {"totalWeight":0.1,"recapWeight":0.05,"deltaWeight":9.75,"categoryWeight":0.05,"quantileWeight":0.956,"consistencyWeight":0,"identityDropoutRate":0.1925}, Scales {"judgeBias":1,"corps":1}, SeqLen 15, ID_Drop 0.201, WFW 1.500 

History Bucket Diagnostics (Avg Abs Error per sample, normalized units):
Hist | Count | MAE_Pred | MAE_Base | PredDevFromBase
-----|-------|----------|----------|----------------
0    | 71    | 0.8212   | 2.2794   | 2.1804 
1    | 31    | 0.5243   | 1.2121   | 1.1217 
2    | 24    | 0.5200   | 1.0693   | 0.9688 
3-5  | 68    | 0.4568   | 0.9838   | 0.9219 
6+   | 208   | 0.3067   | 0.4743   | 0.4095 

Epoch 270: loss = 0.638498 delta_mae_pts = 0.4525 recap_mae_pts = 0.4525 cat_mae_pts = 0.4943 total_mae_pts = 1.0591 vs_inertia_pts = 0.5192 vs_quad_pts = 1.6398 mon_cov = 0.964 mon_score = 5.0297 time = 31576.29 s

Epoch 271: Weights {"totalWeight":0.1,"recapWeight":0.05,"deltaWeight":9.75,"categoryWeight":0.05,"quantileWeight":0.9596,"consistencyWeight":0,"identityDropoutRate":0.18775000000000008}, Scales {"judgeBias":1,"corps":1}, SeqLen 15, ID_Drop 0.199, WFW 1.500 

History Bucket Diagnostics (Avg Abs Error per sample, normalized units):
Hist | Count | MAE_Pred | MAE_Base | PredDevFromBase
-----|-------|----------|----------|----------------
0    | 71    | 0.8720   | 2.2794   | 2.1950 
1    | 31    | 0.5194   | 1.2121   | 1.1330 
2    | 24    | 0.5193   | 1.0693   | 0.9563 
3-5  | 68    | 0.4735   | 0.9838   | 0.9002 
6+   | 208   | 0.3091   | 0.4743   | 0.4199 

Epoch 271: loss = 0.643099 delta_mae_pts = 0.4651 recap_mae_pts = 0.4651 cat_mae_pts = 0.4921 total_mae_pts = 1.0695 vs_inertia_pts = 0.5066 vs_quad_pts = 1.6272 mon_cov = 0.966 mon_score = 5.1713 time = 31693.12 s

Epoch 272: Weights {"totalWeight":0.1,"recapWeight":0.05,"deltaWeight":9.75,"categoryWeight":0.05,"quantileWeight":0.9632000000000001,"consistencyWeight":0,"identityDropoutRate":0.18300000000000005}, Scales {"judgeBias":1,"corps":1}, SeqLen 15, ID_Drop 0.190, WFW 1.500 

History Bucket Diagnostics (Avg Abs Error per sample, normalized units):
Hist | Count | MAE_Pred | MAE_Base | PredDevFromBase
-----|-------|----------|----------|----------------
0    | 71    | 0.8281   | 2.2794   | 2.1412 
1    | 31    | 0.5110   | 1.2121   | 1.1357 
2    | 24    | 0.5208   | 1.0693   | 0.9828 
3-5  | 68    | 0.4703   | 0.9838   | 0.9201 
6+   | 208   | 0.3109   | 0.4743   | 0.4228 

Epoch 272: loss = 0.700585 delta_mae_pts = 0.4572 recap_mae_pts = 0.4572 cat_mae_pts = 0.4896 total_mae_pts = 1.0824 vs_inertia_pts = 0.5146 vs_quad_pts = 1.6351 mon_cov = 0.967 mon_score = 5.0900 time = 31810.41 s

Epoch 273: Weights {"totalWeight":0.1,"recapWeight":0.05,"deltaWeight":9.75,"categoryWeight":0.05,"quantileWeight":0.9668000000000001,"consistencyWeight":0,"identityDropoutRate":0.17825000000000002}, Scales {"judgeBias":1,"corps":1}, SeqLen 15, ID_Drop 0.193, WFW 1.500 

History Bucket Diagnostics (Avg Abs Error per sample, normalized units):
Hist | Count | MAE_Pred | MAE_Base | PredDevFromBase
-----|-------|----------|----------|----------------
0    | 71    | 0.8214   | 2.2794   | 2.1452 
1    | 31    | 0.5025   | 1.2121   | 1.1393 
2    | 24    | 0.5004   | 1.0693   | 0.9954 
3-5  | 68    | 0.4701   | 0.9838   | 0.9205 
6+   | 208   | 0.3079   | 0.4743   | 0.4133 

Epoch 273: loss = 0.693000 delta_mae_pts = 0.4525 recap_mae_pts = 0.4525 cat_mae_pts = 0.4792 total_mae_pts = 1.0231 vs_inertia_pts = 0.5192 vs_quad_pts = 1.6397 mon_cov = 0.963 mon_score = 5.0309 time = 31928.42 s

Epoch 274: Weights {"totalWeight":0.1,"recapWeight":0.05,"deltaWeight":9.75,"categoryWeight":0.05,"quantileWeight":0.9703999999999999,"consistencyWeight":0,"identityDropoutRate":0.1735}, Scales {"judgeBias":1,"corps":1}, SeqLen 15, ID_Drop 0.185, WFW 1.500 

History Bucket Diagnostics (Avg Abs Error per sample, normalized units):
Hist | Count | MAE_Pred | MAE_Base | PredDevFromBase
-----|-------|----------|----------|----------------
0    | 71    | 0.7921   | 2.2794   | 2.1118 
1    | 31    | 0.4973   | 1.2121   | 1.0957 
2    | 24    | 0.4985   | 1.0693   | 0.9430 
3-5  | 68    | 0.4634   | 0.9838   | 0.8966 
6+   | 208   | 0.3080   | 0.4743   | 0.3984 

Epoch 274: loss = 0.679980 delta_mae_pts = 0.4457 recap_mae_pts = 0.4457 cat_mae_pts = 0.4844 total_mae_pts = 1.0593 vs_inertia_pts = 0.5260 vs_quad_pts = 1.6465 mon_cov = 0.965 mon_score = 4.9710 time = 32044.85 s
Saved BEST checkpoint @epoch 274 score = 4.9710 -> models\v9_subcaption_fixed\v9fix_w1p0_cov4_1770464048897\best 

Epoch 275: Weights {"totalWeight":0.1,"recapWeight":0.05,"deltaWeight":9.75,"categoryWeight":0.05,"quantileWeight":0.974,"consistencyWeight":0,"identityDropoutRate":0.16875000000000007}, Scales {"judgeBias":1,"corps":1}, SeqLen 15, ID_Drop 0.177, WFW 1.500 

History Bucket Diagnostics (Avg Abs Error per sample, normalized units):
Hist | Count | MAE_Pred | MAE_Base | PredDevFromBase
-----|-------|----------|----------|----------------
0    | 71    | 0.8007   | 2.2794   | 2.1636 
1    | 31    | 0.4974   | 1.2121   | 1.1158 
2    | 24    | 0.5004   | 1.0693   | 0.9822 
3-5  | 68    | 0.4590   | 0.9838   | 0.9260 
6+   | 208   | 0.3089   | 0.4743   | 0.4179 

Epoch 275: loss = 0.620128 delta_mae_pts = 0.4471 recap_mae_pts = 0.4471 cat_mae_pts = 0.4771 total_mae_pts = 1.0277 vs_inertia_pts = 0.5246 vs_quad_pts = 1.6452 mon_cov = 0.965 mon_score = 4.9828 time = 32161.14 s

Epoch 276: Weights {"totalWeight":0.1,"recapWeight":0.05,"deltaWeight":9.75,"categoryWeight":0.05,"quantileWeight":0.9776,"consistencyWeight":0,"identityDropoutRate":0.16400000000000003}, Scales {"judgeBias":1,"corps":1}, SeqLen 15, ID_Drop 0.163, WFW 1.500 

History Bucket Diagnostics (Avg Abs Error per sample, normalized units):
Hist | Count | MAE_Pred | MAE_Base | PredDevFromBase
-----|-------|----------|----------|----------------
0    | 71    | 0.7891   | 2.2794   | 2.1596 
1    | 31    | 0.4965   | 1.2121   | 1.1111 
2    | 24    | 0.5115   | 1.0693   | 0.9887 
3-5  | 68    | 0.4648   | 0.9838   | 0.9191 
6+   | 208   | 0.3077   | 0.4743   | 0.4133 

Epoch 276: loss = 0.624020 delta_mae_pts = 0.4460 recap_mae_pts = 0.4460 cat_mae_pts = 0.4829 total_mae_pts = 1.0336 vs_inertia_pts = 0.5257 vs_quad_pts = 1.6463 mon_cov = 0.964 mon_score = 4.9719 time = 32278.85 s

Epoch 277: Weights {"totalWeight":0.1,"recapWeight":0.05,"deltaWeight":9.75,"categoryWeight":0.05,"quantileWeight":0.9812000000000001,"consistencyWeight":0,"identityDropoutRate":0.15925}, Scales {"judgeBias":1,"corps":1}, SeqLen 15, ID_Drop 0.170, WFW 1.500 

History Bucket Diagnostics (Avg Abs Error per sample, normalized units):
Hist | Count | MAE_Pred | MAE_Base | PredDevFromBase
-----|-------|----------|----------|----------------
0    | 71    | 0.7910   | 2.2794   | 2.1217 
1    | 31    | 0.5169   | 1.2121   | 1.1362 
2    | 24    | 0.4919   | 1.0693   | 0.9977 
3-5  | 68    | 0.4691   | 0.9838   | 0.9213 
6+   | 208   | 0.3093   | 0.4743   | 0.4159 

Epoch 277: loss = 0.625874 delta_mae_pts = 0.4483 recap_mae_pts = 0.4483 cat_mae_pts = 0.4757 total_mae_pts = 1.0281 vs_inertia_pts = 0.5234 vs_quad_pts = 1.6440 mon_cov = 0.965 mon_score = 5.0015 time = 32397.22 s

Epoch 278: Weights {"totalWeight":0.1,"recapWeight":0.05,"deltaWeight":9.75,"categoryWeight":0.05,"quantileWeight":0.9848000000000001,"consistencyWeight":0,"identityDropoutRate":0.15450000000000008}, Scales {"judgeBias":1,"corps":1}, SeqLen 15, ID_Drop 0.163, WFW 1.500 

History Bucket Diagnostics (Avg Abs Error per sample, normalized units):
Hist | Count | MAE_Pred | MAE_Base | PredDevFromBase
-----|-------|----------|----------|----------------
0    | 71    | 0.8103   | 2.2794   | 2.1860 
1    | 31    | 0.4960   | 1.2121   | 1.0927 
2    | 24    | 0.5133   | 1.0693   | 0.9533 
3-5  | 68    | 0.4643   | 0.9838   | 0.9074 
6+   | 208   | 0.3054   | 0.4743   | 0.4138 

Epoch 278: loss = 0.672292 delta_mae_pts = 0.4486 recap_mae_pts = 0.4486 cat_mae_pts = 0.4812 total_mae_pts = 1.0418 vs_inertia_pts = 0.5232 vs_quad_pts = 1.6437 mon_cov = 0.967 mon_score = 5.0047 time = 32514.66 s

Epoch 279: Weights {"totalWeight":0.1,"recapWeight":0.05,"deltaWeight":9.75,"categoryWeight":0.05,"quantileWeight":0.9884,"consistencyWeight":0,"identityDropoutRate":0.14975000000000005}, Scales {"judgeBias":1,"corps":1}, SeqLen 15, ID_Drop 0.153, WFW 1.500 

History Bucket Diagnostics (Avg Abs Error per sample, normalized units):
Hist | Count | MAE_Pred | MAE_Base | PredDevFromBase
-----|-------|----------|----------|----------------
0    | 71    | 0.7982   | 2.2794   | 2.1357 
1    | 31    | 0.5113   | 1.2121   | 1.0971 
2    | 24    | 0.5217   | 1.0693   | 0.9735 
3-5  | 68    | 0.4657   | 0.9838   | 0.9195 
6+   | 208   | 0.3044   | 0.4743   | 0.4175 

Epoch 279: loss = 0.629953 delta_mae_pts = 0.4478 recap_mae_pts = 0.4478 cat_mae_pts = 0.4801 total_mae_pts = 1.0540 vs_inertia_pts = 0.5239 vs_quad_pts = 1.6445 mon_cov = 0.965 mon_score = 4.9956 time = 32630.53 s

Epoch 280: Weights {"totalWeight":0.1,"recapWeight":0.05,"deltaWeight":9.75,"categoryWeight":0.05,"quantileWeight":0.992,"consistencyWeight":0,"identityDropoutRate":0.14500000000000002}, Scales {"judgeBias":1,"corps":1}, SeqLen 15, ID_Drop 0.149, WFW 1.500 

History Bucket Diagnostics (Avg Abs Error per sample, normalized units):
Hist | Count | MAE_Pred | MAE_Base | PredDevFromBase
-----|-------|----------|----------|----------------
0    | 71    | 0.8121   | 2.2794   | 2.1520 
1    | 31    | 0.5007   | 1.2121   | 1.1345 
2    | 24    | 0.4973   | 1.0693   | 0.9504 
3-5  | 68    | 0.4765   | 0.9838   | 0.9100 
6+   | 208   | 0.3042   | 0.4743   | 0.4107 

Epoch 280: loss = 0.623052 delta_mae_pts = 0.4498 recap_mae_pts = 0.4498 cat_mae_pts = 0.4859 total_mae_pts = 1.0441 vs_inertia_pts = 0.5220 vs_quad_pts = 1.6425 mon_cov = 0.964 mon_score = 5.0051 time = 32748.26 s

Epoch 281: Weights {"totalWeight":0.1,"recapWeight":0.05,"deltaWeight":9.75,"categoryWeight":0.05,"quantileWeight":0.9956,"consistencyWeight":0,"identityDropoutRate":0.14024999999999999}, Scales {"judgeBias":1,"corps":1}, SeqLen 15, ID_Drop 0.141, WFW 1.500 

History Bucket Diagnostics (Avg Abs Error per sample, normalized units):
Hist | Count | MAE_Pred | MAE_Base | PredDevFromBase
-----|-------|----------|----------|----------------
0    | 71    | 0.8111   | 2.2794   | 2.1566 
1    | 31    | 0.4951   | 1.2121   | 1.1361 
2    | 24    | 0.5224   | 1.0693   | 0.9818 
3-5  | 68    | 0.4732   | 0.9838   | 0.9101 
6+   | 208   | 0.3021   | 0.4743   | 0.4232 

Epoch 281: loss = 0.620086 delta_mae_pts = 0.4490 recap_mae_pts = 0.4490 cat_mae_pts = 0.4815 total_mae_pts = 1.0286 vs_inertia_pts = 0.5227 vs_quad_pts = 1.6433 mon_cov = 0.967 mon_score = 5.0021 time = 32866.23 s

Epoch 282: Weights {"totalWeight":0.1,"recapWeight":0.05,"deltaWeight":9.75,"categoryWeight":0.05,"quantileWeight":0.9992000000000001,"consistencyWeight":0,"identityDropoutRate":0.13550000000000006}, Scales {"judgeBias":1,"corps":1}, SeqLen 15, ID_Drop 0.146, WFW 1.500 

History Bucket Diagnostics (Avg Abs Error per sample, normalized units):
Hist | Count | MAE_Pred | MAE_Base | PredDevFromBase
-----|-------|----------|----------|----------------
0    | 71    | 0.8199   | 2.2794   | 2.1648 
1    | 31    | 0.4976   | 1.2121   | 1.1168 
2    | 24    | 0.5164   | 1.0693   | 0.9891 
3-5  | 68    | 0.4711   | 0.9838   | 0.9226 
6+   | 208   | 0.3053   | 0.4743   | 0.4173 

Epoch 282: loss = 0.620983 delta_mae_pts = 0.4517 recap_mae_pts = 0.4517 cat_mae_pts = 0.4843 total_mae_pts = 1.0436 vs_inertia_pts = 0.5200 vs_quad_pts = 1.6406 mon_cov = 0.966 mon_score = 5.0372 time = 32983.89 s

Epoch 283: Weights {"totalWeight":0.1,"recapWeight":0.05,"deltaWeight":9.75,"categoryWeight":0.05,"quantileWeight":1.0028000000000001,"consistencyWeight":0,"identityDropoutRate":0.13075000000000003}, Scales {"judgeBias":1,"corps":1}, SeqLen 15, ID_Drop 0.134, WFW 1.500 

History Bucket Diagnostics (Avg Abs Error per sample, normalized units):
Hist | Count | MAE_Pred | MAE_Base | PredDevFromBase
-----|-------|----------|----------|----------------
0    | 71    | 0.8165   | 2.2794   | 2.1689 
1    | 31    | 0.4862   | 1.2121   | 1.1263 
2    | 24    | 0.5361   | 1.0693   | 0.9931 
3-5  | 68    | 0.4764   | 0.9838   | 0.9370 
6+   | 208   | 0.3085   | 0.4743   | 0.4299 

Epoch 283: loss = 0.660527 delta_mae_pts = 0.4539 recap_mae_pts = 0.4539 cat_mae_pts = 0.4886 total_mae_pts = 1.0729 vs_inertia_pts = 0.5178 vs_quad_pts = 1.6384 mon_cov = 0.966 mon_score = 5.0528 time = 33102.03 s

Epoch 284: Weights {"totalWeight":0.1,"recapWeight":0.05,"deltaWeight":9.75,"categoryWeight":0.05,"quantileWeight":1.0064,"consistencyWeight":0,"identityDropoutRate":0.126}, Scales {"judgeBias":1,"corps":1}, SeqLen 15, ID_Drop 0.135, WFW 1.500 

History Bucket Diagnostics (Avg Abs Error per sample, normalized units):
Hist | Count | MAE_Pred | MAE_Base | PredDevFromBase
-----|-------|----------|----------|----------------
0    | 71    | 0.8078   | 2.2794   | 2.1086 
1    | 31    | 0.4939   | 1.2121   | 1.1075 
2    | 24    | 0.5132   | 1.0693   | 0.9630 
3-5  | 68    | 0.4760   | 0.9838   | 0.9106 
6+   | 208   | 0.3037   | 0.4743   | 0.4131 

Epoch 284: loss = 0.660193 delta_mae_pts = 0.4490 recap_mae_pts = 0.4490 cat_mae_pts = 0.4780 total_mae_pts = 1.0257 vs_inertia_pts = 0.5227 vs_quad_pts = 1.6432 mon_cov = 0.964 mon_score = 5.0055 time = 33216.83 s

Epoch 285: Weights {"totalWeight":0.1,"recapWeight":0.05,"deltaWeight":9.75,"categoryWeight":0.05,"quantileWeight":1.01,"consistencyWeight":0,"identityDropoutRate":0.12124999999999997}, Scales {"judgeBias":1,"corps":1}, SeqLen 15, ID_Drop 0.134, WFW 1.500 

History Bucket Diagnostics (Avg Abs Error per sample, normalized units):
Hist | Count | MAE_Pred | MAE_Base | PredDevFromBase
-----|-------|----------|----------|----------------
0    | 71    | 0.8067   | 2.2794   | 2.1699 
1    | 31    | 0.5126   | 1.2121   | 1.1445 
2    | 24    | 0.5112   | 1.0693   | 0.9844 
3-5  | 68    | 0.4831   | 0.9838   | 0.9121 
6+   | 208   | 0.3059   | 0.4743   | 0.4082 

Epoch 285: loss = 0.660326 delta_mae_pts = 0.4525 recap_mae_pts = 0.4525 cat_mae_pts = 0.4804 total_mae_pts = 1.0197 vs_inertia_pts = 0.5192 vs_quad_pts = 1.6398 mon_cov = 0.964 mon_score = 5.0394 time = 33397.38 s

Epoch 286: Weights {"totalWeight":0.1,"recapWeight":0.05,"deltaWeight":9.75,"categoryWeight":0.05,"quantileWeight":1.0136,"consistencyWeight":0,"identityDropoutRate":0.11650000000000005}, Scales {"judgeBias":1,"corps":1}, SeqLen 15, ID_Drop 0.124, WFW 1.500 

History Bucket Diagnostics (Avg Abs Error per sample, normalized units):
Hist | Count | MAE_Pred | MAE_Base | PredDevFromBase
-----|-------|----------|----------|----------------
0    | 71    | 0.7955   | 2.2794   | 2.1405 
1    | 31    | 0.4999   | 1.2121   | 1.1525 
2    | 24    | 0.4975   | 1.0693   | 0.9698 
3-5  | 68    | 0.4721   | 0.9838   | 0.9166 
6+   | 208   | 0.3100   | 0.4743   | 0.4109 

Epoch 286: loss = 0.650771 delta_mae_pts = 0.4490 recap_mae_pts = 0.4490 cat_mae_pts = 0.4734 total_mae_pts = 1.0153 vs_inertia_pts = 0.5227 vs_quad_pts = 1.6433 mon_cov = 0.968 mon_score = 5.0061 time = 33484.54 s

Epoch 287: Weights {"totalWeight":0.1,"recapWeight":0.05,"deltaWeight":9.75,"categoryWeight":0.05,"quantileWeight":1.0172,"consistencyWeight":0,"identityDropoutRate":0.11175000000000002}, Scales {"judgeBias":1,"corps":1}, SeqLen 15, ID_Drop 0.114, WFW 1.500 

History Bucket Diagnostics (Avg Abs Error per sample, normalized units):
Hist | Count | MAE_Pred | MAE_Base | PredDevFromBase
-----|-------|----------|----------|----------------
0    | 71    | 0.8021   | 2.2794   | 2.1119 
1    | 31    | 0.5062   | 1.2121   | 1.1234 
2    | 24    | 0.5077   | 1.0693   | 0.9670 
3-5  | 68    | 0.4655   | 0.9838   | 0.9100 
6+   | 208   | 0.3078   | 0.4743   | 0.4051 

Epoch 287: loss = 0.615933 delta_mae_pts = 0.4490 recap_mae_pts = 0.4490 cat_mae_pts = 0.4773 total_mae_pts = 1.0489 vs_inertia_pts = 0.5227 vs_quad_pts = 1.6433 mon_cov = 0.966 mon_score = 4.9981 time = 33600.62 s

Epoch 288: Weights {"totalWeight":0.1,"recapWeight":0.05,"deltaWeight":9.75,"categoryWeight":0.05,"quantileWeight":1.0208000000000002,"consistencyWeight":0,"identityDropoutRate":0.1070000000000001}, Scales {"judgeBias":1,"corps":1}, SeqLen 15, ID_Drop 0.114, WFW 1.500 

History Bucket Diagnostics (Avg Abs Error per sample, normalized units):
Hist | Count | MAE_Pred | MAE_Base | PredDevFromBase
-----|-------|----------|----------|----------------
0    | 71    | 0.8271   | 2.2794   | 2.1490 
1    | 31    | 0.5152   | 1.2121   | 1.1379 
2    | 24    | 0.5090   | 1.0693   | 0.9824 
3-5  | 68    | 0.4767   | 0.9838   | 0.9120 
6+   | 208   | 0.3071   | 0.4743   | 0.4170 

Epoch 288: loss = 0.614030 delta_mae_pts = 0.4557 recap_mae_pts = 0.4557 cat_mae_pts = 0.4798 total_mae_pts = 1.0242 vs_inertia_pts = 0.5160 vs_quad_pts = 1.6365 mon_cov = 0.969 mon_score = 5.0745 time = 33717.85 s

Epoch 289: Weights {"totalWeight":0.1,"recapWeight":0.05,"deltaWeight":9.75,"categoryWeight":0.05,"quantileWeight":1.0244,"consistencyWeight":0,"identityDropoutRate":0.10225000000000006}, Scales {"judgeBias":1,"corps":1}, SeqLen 15, ID_Drop 0.105, WFW 1.500 

History Bucket Diagnostics (Avg Abs Error per sample, normalized units):
Hist | Count | MAE_Pred | MAE_Base | PredDevFromBase
-----|-------|----------|----------|----------------
0    | 71    | 0.8325   | 2.2794   | 2.1269 
1    | 31    | 0.5088   | 1.2121   | 1.1413 
2    | 24    | 0.5101   | 1.0693   | 0.9943 
3-5  | 68    | 0.4700   | 0.9838   | 0.9328 
6+   | 208   | 0.3090   | 0.4743   | 0.4179 

Epoch 289: loss = 0.606504 delta_mae_pts = 0.4561 recap_mae_pts = 0.4561 cat_mae_pts = 0.4774 total_mae_pts = 1.0363 vs_inertia_pts = 0.5156 vs_quad_pts = 1.6362 mon_cov = 0.966 mon_score = 5.0712 time = 33836.11 s

Epoch 290: Weights {"totalWeight":0.1,"recapWeight":0.05,"deltaWeight":9.75,"categoryWeight":0.05,"quantileWeight":1.028,"consistencyWeight":0,"identityDropoutRate":0.09750000000000003}, Scales {"judgeBias":1,"corps":1}, SeqLen 15, ID_Drop 0.105, WFW 1.500 

History Bucket Diagnostics (Avg Abs Error per sample, normalized units):
Hist | Count | MAE_Pred | MAE_Base | PredDevFromBase
-----|-------|----------|----------|----------------
0    | 71    | 0.8332   | 2.2794   | 2.1443 
1    | 31    | 0.4907   | 1.2121   | 1.1050 
2    | 24    | 0.5037   | 1.0693   | 0.9669 
3-5  | 68    | 0.4696   | 0.9838   | 0.9073 
6+   | 208   | 0.3052   | 0.4743   | 0.4126 

Epoch 290: loss = 0.613758 delta_mae_pts = 0.4524 recap_mae_pts = 0.4524 cat_mae_pts = 0.4743 total_mae_pts = 1.0261 vs_inertia_pts = 0.5193 vs_quad_pts = 1.6399 mon_cov = 0.965 mon_score = 5.0408 time = 33954.05 s

Epoch 291: Weights {"totalWeight":0.1,"recapWeight":0.05,"deltaWeight":9.75,"categoryWeight":0.05,"quantileWeight":1.0316,"consistencyWeight":0,"identityDropoutRate":0.09275000000000011}, Scales {"judgeBias":1,"corps":1}, SeqLen 15, ID_Drop 0.094, WFW 1.500 

History Bucket Diagnostics (Avg Abs Error per sample, normalized units):
Hist | Count | MAE_Pred | MAE_Base | PredDevFromBase
-----|-------|----------|----------|----------------
0    | 71    | 0.8306   | 2.2794   | 2.1362 
1    | 31    | 0.4924   | 1.2121   | 1.1056 
2    | 24    | 0.5111   | 1.0693   | 0.9700 
3-5  | 68    | 0.4691   | 0.9838   | 0.9038 
6+   | 208   | 0.3079   | 0.4743   | 0.4096 

Epoch 291: loss = 0.610699 delta_mae_pts = 0.4539 recap_mae_pts = 0.4539 cat_mae_pts = 0.4744 total_mae_pts = 1.0228 vs_inertia_pts = 0.5178 vs_quad_pts = 1.6384 mon_cov = 0.965 mon_score = 5.0507 time = 34073.25 s

Epoch 292: Weights {"totalWeight":0.1,"recapWeight":0.05,"deltaWeight":9.75,"categoryWeight":0.05,"quantileWeight":1.0352000000000001,"consistencyWeight":0,"identityDropoutRate":0.08800000000000008}, Scales {"judgeBias":1,"corps":1}, SeqLen 15, ID_Drop 0.089, WFW 1.500 

History Bucket Diagnostics (Avg Abs Error per sample, normalized units):
Hist | Count | MAE_Pred | MAE_Base | PredDevFromBase
-----|-------|----------|----------|----------------
0    | 71    | 0.8229   | 2.2794   | 2.1556 
1    | 31    | 0.5015   | 1.2121   | 1.1291 
2    | 24    | 0.5066   | 1.0693   | 0.9953 
3-5  | 68    | 0.4721   | 0.9838   | 0.9048 
6+   | 208   | 0.3073   | 0.4743   | 0.4028 

Epoch 292: loss = 0.608045 delta_mae_pts = 0.4531 recap_mae_pts = 0.4531 cat_mae_pts = 0.4761 total_mae_pts = 1.0340 vs_inertia_pts = 0.5186 vs_quad_pts = 1.6392 mon_cov = 0.967 mon_score = 5.0467 time = 34190.03 s

--- NO IMPROVEMENT FOR 18 EPOCHS: Reducing LR to 0.000030 ---

Epoch 293: Weights {"totalWeight":0.1,"recapWeight":0.05,"deltaWeight":9.75,"categoryWeight":0.05,"quantileWeight":1.0388000000000002,"consistencyWeight":0,"identityDropoutRate":0.08325000000000005}, Scales {"judgeBias":1,"corps":1}, SeqLen 15, ID_Drop 0.094, WFW 1.500 

History Bucket Diagnostics (Avg Abs Error per sample, normalized units):
Hist | Count | MAE_Pred | MAE_Base | PredDevFromBase
-----|-------|----------|----------|----------------
0    | 71    | 0.8174   | 2.2794   | 2.1335 
1    | 31    | 0.4885   | 1.2121   | 1.1100 
2    | 24    | 0.4907   | 1.0693   | 0.9756 
3-5  | 68    | 0.4764   | 0.9838   | 0.9045 
6+   | 208   | 0.3087   | 0.4743   | 0.4024 

Epoch 293: loss = 0.650892 delta_mae_pts = 0.4517 recap_mae_pts = 0.4517 cat_mae_pts = 0.4846 total_mae_pts = 1.0311 vs_inertia_pts = 0.5201 vs_quad_pts = 1.6406 mon_cov = 0.964 mon_score = 5.0352 time = 34306.16 s

Epoch 294: Weights {"totalWeight":0.1,"recapWeight":0.05,"deltaWeight":9.75,"categoryWeight":0.05,"quantileWeight":1.0424,"consistencyWeight":0,"identityDropoutRate":0.07850000000000001}, Scales {"judgeBias":1,"corps":1}, SeqLen 15, ID_Drop 0.094, WFW 1.500 

History Bucket Diagnostics (Avg Abs Error per sample, normalized units):
Hist | Count | MAE_Pred | MAE_Base | PredDevFromBase
-----|-------|----------|----------|----------------
0    | 71    | 0.8059   | 2.2794   | 2.1116 
1    | 31    | 0.5010   | 1.2121   | 1.1309 
2    | 24    | 0.4902   | 1.0693   | 0.9824 
3-5  | 68    | 0.4729   | 0.9838   | 0.9089 
6+   | 208   | 0.3049   | 0.4743   | 0.4095 

Epoch 294: loss = 0.648933 delta_mae_pts = 0.4480 recap_mae_pts = 0.4480 cat_mae_pts = 0.4747 total_mae_pts = 1.0189 vs_inertia_pts = 0.5237 vs_quad_pts = 1.6443 mon_cov = 0.967 mon_score = 4.9946 time = 34425.06 s

Epoch 295: Weights {"totalWeight":0.1,"recapWeight":0.05,"deltaWeight":9.75,"categoryWeight":0.05,"quantileWeight":1.046,"consistencyWeight":0,"identityDropoutRate":0.0737500000000001}, Scales {"judgeBias":1,"corps":1}, SeqLen 15, ID_Drop 0.083, WFW 1.500 

History Bucket Diagnostics (Avg Abs Error per sample, normalized units):
Hist | Count | MAE_Pred | MAE_Base | PredDevFromBase
-----|-------|----------|----------|----------------
0    | 71    | 0.8053   | 2.2794   | 2.1474 
1    | 31    | 0.4936   | 1.2121   | 1.1079 
2    | 24    | 0.5047   | 1.0693   | 0.9859 
3-5  | 68    | 0.4640   | 0.9838   | 0.9054 
6+   | 208   | 0.3058   | 0.4743   | 0.4080 

Epoch 295: loss = 0.647766 delta_mae_pts = 0.4471 recap_mae_pts = 0.4471 cat_mae_pts = 0.4742 total_mae_pts = 1.0299 vs_inertia_pts = 0.5246 vs_quad_pts = 1.6452 mon_cov = 0.965 mon_score = 4.9796 time = 34545.31 s

Epoch 296: Weights {"totalWeight":0.1,"recapWeight":0.05,"deltaWeight":9.75,"categoryWeight":0.05,"quantileWeight":1.0496,"consistencyWeight":0,"identityDropoutRate":0.06900000000000006}, Scales {"judgeBias":1,"corps":1}, SeqLen 15, ID_Drop 0.075, WFW 1.500 

History Bucket Diagnostics (Avg Abs Error per sample, normalized units):
Hist | Count | MAE_Pred | MAE_Base | PredDevFromBase
-----|-------|----------|----------|----------------
0    | 71    | 0.7993   | 2.2794   | 2.1089 
1    | 31    | 0.5031   | 1.2121   | 1.1300 
2    | 24    | 0.5085   | 1.0693   | 0.9790 
3-5  | 68    | 0.4728   | 0.9838   | 0.9031 
6+   | 208   | 0.3052   | 0.4743   | 0.4125 

Epoch 296: loss = 0.603366 delta_mae_pts = 0.4482 recap_mae_pts = 0.4482 cat_mae_pts = 0.4772 total_mae_pts = 1.0395 vs_inertia_pts = 0.5235 vs_quad_pts = 1.6441 mon_cov = 0.965 mon_score = 4.9895 time = 34662.59 s

Epoch 297: Weights {"totalWeight":0.1,"recapWeight":0.05,"deltaWeight":9.75,"categoryWeight":0.05,"quantileWeight":1.0532,"consistencyWeight":0,"identityDropoutRate":0.06425000000000003}, Scales {"judgeBias":1,"corps":1}, SeqLen 15, ID_Drop 0.083, WFW 1.500 

History Bucket Diagnostics (Avg Abs Error per sample, normalized units):
Hist | Count | MAE_Pred | MAE_Base | PredDevFromBase
-----|-------|----------|----------|----------------
0    | 71    | 0.8128   | 2.2794   | 2.1511 
1    | 31    | 0.4958   | 1.2121   | 1.1328 
2    | 24    | 0.4896   | 1.0693   | 1.0045 
3-5  | 68    | 0.4777   | 0.9838   | 0.9182 
6+   | 208   | 0.3063   | 0.4743   | 0.4194 

Epoch 297: loss = 0.661532 delta_mae_pts = 0.4503 recap_mae_pts = 0.4503 cat_mae_pts = 0.4749 total_mae_pts = 1.0242 vs_inertia_pts = 0.5214 vs_quad_pts = 1.6420 mon_cov = 0.965 mon_score = 5.0235 time = 34779.28 s

Epoch 298: Weights {"totalWeight":0.1,"recapWeight":0.05,"deltaWeight":9.75,"categoryWeight":0.05,"quantileWeight":1.0568,"consistencyWeight":0,"identityDropoutRate":0.0595}, Scales {"judgeBias":1,"corps":1}, SeqLen 15, ID_Drop 0.072, WFW 1.500 

History Bucket Diagnostics (Avg Abs Error per sample, normalized units):
Hist | Count | MAE_Pred | MAE_Base | PredDevFromBase
-----|-------|----------|----------|----------------
0    | 71    | 0.7988   | 2.2794   | 2.1203 
1    | 31    | 0.4938   | 1.2121   | 1.1262 
2    | 24    | 0.4983   | 1.0693   | 0.9780 
3-5  | 68    | 0.4666   | 0.9838   | 0.9165 
6+   | 208   | 0.3061   | 0.4743   | 0.4148 

Epoch 298: loss = 0.659111 delta_mae_pts = 0.4462 recap_mae_pts = 0.4462 cat_mae_pts = 0.4740 total_mae_pts = 1.0109 vs_inertia_pts = 0.5255 vs_quad_pts = 1.6461 mon_cov = 0.966 mon_score = 4.9682 time = 34895.88 s
Saved BEST checkpoint @epoch 298 score = 4.9682 -> models\v9_subcaption_fixed\v9fix_w1p0_cov4_1770464048897\best 

Epoch 299: Weights {"totalWeight":0.1,"recapWeight":0.05,"deltaWeight":9.75,"categoryWeight":0.05,"quantileWeight":1.0604,"consistencyWeight":0,"identityDropoutRate":0.054750000000000076}, Scales {"judgeBias":1,"corps":1}, SeqLen 15, ID_Drop 0.073, WFW 1.500 

History Bucket Diagnostics (Avg Abs Error per sample, normalized units):
Hist | Count | MAE_Pred | MAE_Base | PredDevFromBase
-----|-------|----------|----------|----------------
0    | 71    | 0.8119   | 2.2794   | 2.1357 
1    | 31    | 0.4891   | 1.2121   | 1.1313 
2    | 24    | 0.4915   | 1.0693   | 0.9621 
3-5  | 68    | 0.4729   | 0.9838   | 0.9176 
6+   | 208   | 0.3030   | 0.4743   | 0.4137 

Epoch 299: loss = 0.653760 delta_mae_pts = 0.4473 recap_mae_pts = 0.4473 cat_mae_pts = 0.4730 total_mae_pts = 1.0129 vs_inertia_pts = 0.5245 vs_quad_pts = 1.6450 mon_cov = 0.967 mon_score = 4.9939 time = 35014.66 s

Epoch 300: Weights {"totalWeight":0.1,"recapWeight":0.05,"deltaWeight":9.75,"categoryWeight":0.05,"quantileWeight":1.064,"consistencyWeight":0,"identityDropoutRate":0.050000000000000044}, Scales {"judgeBias":1,"corps":1}, SeqLen 15, ID_Drop 0.067, WFW 1.500 

History Bucket Diagnostics (Avg Abs Error per sample, normalized units):
Hist | Count | MAE_Pred | MAE_Base | PredDevFromBase
-----|-------|----------|----------|----------------
0    | 71    | 0.7918   | 2.2794   | 2.1416 
1    | 31    | 0.4836   | 1.2121   | 1.1105 
2    | 24    | 0.4974   | 1.0693   | 0.9567 
3-5  | 68    | 0.4788   | 0.9838   | 0.9038 
6+   | 208   | 0.3060   | 0.4743   | 0.4040 

Epoch 300: loss = 0.669497 delta_mae_pts = 0.4462 recap_mae_pts = 0.4462 cat_mae_pts = 0.4808 total_mae_pts = 1.0402 vs_inertia_pts = 0.5255 vs_quad_pts = 1.6461 mon_cov = 0.967 mon_score = 4.9796 time = 35133.78 s

-- - CAPTION STATS(Epoch 300)-- - 
GE1: delta_pts = 0.3441, recap_pts = 0.3441, cov = 0.953, width = 1.9969 
GE2: delta_pts = 0.3318, recap_pts = 0.3318, cov = 0.963, width = 2.0195 
VP: delta_pts = 0.4004, recap_pts = 0.4004, cov = 0.990, width = 3.7708 
VA: delta_pts = 0.3634, recap_pts = 0.3634, cov = 0.958, width = 2.0843 
CG: delta_pts = 0.4944, recap_pts = 0.4944, cov = 0.973, width = 3.8771 
MB: delta_pts = 0.5929, recap_pts = 0.5929, cov = 0.965, width = 5.6006 
MA: delta_pts = 0.3717, recap_pts = 0.3717, cov = 0.950, width = 2.1290 
MP: delta_pts = 0.6708, recap_pts = 0.6708, cov = 0.983, width = 6.1870 
----------------------------------


Epoch 301: Weights {"totalWeight":0.1,"recapWeight":0.05,"deltaWeight":9.75,"categoryWeight":0.05,"quantileWeight":1.0676,"consistencyWeight":0,"identityDropoutRate":0.05}, Scales {"judgeBias":1,"corps":1}, SeqLen 15, ID_Drop 0.060, WFW 1.500 

History Bucket Diagnostics (Avg Abs Error per sample, normalized units):
Hist | Count | MAE_Pred | MAE_Base | PredDevFromBase
-----|-------|----------|----------|----------------
0    | 71    | 0.8219   | 2.2794   | 2.1389 
1    | 31    | 0.4959   | 1.2121   | 1.1071 
2    | 24    | 0.5021   | 1.0693   | 0.9753 
3-5  | 68    | 0.4760   | 0.9838   | 0.9149 
6+   | 208   | 0.3031   | 0.4743   | 0.4050 

Epoch 301: loss = 0.660811 delta_mae_pts = 0.4507 recap_mae_pts = 0.4507 cat_mae_pts = 0.4759 total_mae_pts = 1.0307 vs_inertia_pts = 0.5210 vs_quad_pts = 1.6415 mon_cov = 0.966 mon_score = 5.0214 time = 35254.49 s

Epoch 302: Weights {"totalWeight":0.1,"recapWeight":0.05,"deltaWeight":9.75,"categoryWeight":0.05,"quantileWeight":1.0712,"consistencyWeight":0,"identityDropoutRate":0.05}, Scales {"judgeBias":1,"corps":1}, SeqLen 15, ID_Drop 0.058, WFW 1.500 

History Bucket Diagnostics (Avg Abs Error per sample, normalized units):
Hist | Count | MAE_Pred | MAE_Base | PredDevFromBase
-----|-------|----------|----------|----------------
0    | 71    | 0.7890   | 2.2794   | 2.1233 
1    | 31    | 0.4962   | 1.2121   | 1.1289 
2    | 24    | 0.5026   | 1.0693   | 0.9824 
3-5  | 68    | 0.4767   | 0.9838   | 0.9119 
6+   | 208   | 0.3042   | 0.4743   | 0.4083 

Epoch 302: loss = 0.606692 delta_mae_pts = 0.4456 recap_mae_pts = 0.4456 cat_mae_pts = 0.4746 total_mae_pts = 1.0380 vs_inertia_pts = 0.5261 vs_quad_pts = 1.6466 mon_cov = 0.966 mon_score = 4.9762 time = 35367.98 s

Epoch 303: Weights {"totalWeight":0.1,"recapWeight":0.05,"deltaWeight":9.75,"categoryWeight":0.05,"quantileWeight":1.0748,"consistencyWeight":0,"identityDropoutRate":0.05}, Scales {"judgeBias":1,"corps":1}, SeqLen 15, ID_Drop 0.069, WFW 1.500 

History Bucket Diagnostics (Avg Abs Error per sample, normalized units):
Hist | Count | MAE_Pred | MAE_Base | PredDevFromBase
-----|-------|----------|----------|----------------
0    | 71    | 0.8111   | 2.2794   | 2.1372 
1    | 31    | 0.5033   | 1.2121   | 1.1271 
2    | 24    | 0.4995   | 1.0693   | 0.9657 
3-5  | 68    | 0.4774   | 0.9838   | 0.9055 
6+   | 208   | 0.3095   | 0.4743   | 0.4064 

Epoch 303: loss = 0.621261 delta_mae_pts = 0.4528 recap_mae_pts = 0.4528 cat_mae_pts = 0.4786 total_mae_pts = 1.0580 vs_inertia_pts = 0.5189 vs_quad_pts = 1.6395 mon_cov = 0.967 mon_score = 5.0536 time = 35484.52 s

Epoch 304: Weights {"totalWeight":0.1,"recapWeight":0.05,"deltaWeight":9.75,"categoryWeight":0.05,"quantileWeight":1.0784,"consistencyWeight":0,"identityDropoutRate":0.05}, Scales {"judgeBias":1,"corps":1}, SeqLen 15, ID_Drop 0.071, WFW 1.500 

History Bucket Diagnostics (Avg Abs Error per sample, normalized units):
Hist | Count | MAE_Pred | MAE_Base | PredDevFromBase
-----|-------|----------|----------|----------------
0    | 71    | 0.8086   | 2.2794   | 2.1457 
1    | 31    | 0.5003   | 1.2121   | 1.1563 
2    | 24    | 0.4998   | 1.0693   | 0.9898 
3-5  | 68    | 0.4694   | 0.9838   | 0.9191 
6+   | 208   | 0.3066   | 0.4743   | 0.4174 

Epoch 304: loss = 0.614045 delta_mae_pts = 0.4493 recap_mae_pts = 0.4493 cat_mae_pts = 0.4800 total_mae_pts = 1.0402 vs_inertia_pts = 0.5224 vs_quad_pts = 1.6430 mon_cov = 0.967 mon_score = 4.9958 time = 35601.21 s

Epoch 305: Weights {"totalWeight":0.1,"recapWeight":0.05,"deltaWeight":9.75,"categoryWeight":0.05,"quantileWeight":1.082,"consistencyWeight":0,"identityDropoutRate":0.05}, Scales {"judgeBias":1,"corps":1}, SeqLen 15, ID_Drop 0.065, WFW 1.500 

History Bucket Diagnostics (Avg Abs Error per sample, normalized units):
Hist | Count | MAE_Pred | MAE_Base | PredDevFromBase
-----|-------|----------|----------|----------------
0    | 71    | 0.7989   | 2.2794   | 2.1405 
1    | 31    | 0.4938   | 1.2121   | 1.1219 
2    | 24    | 0.4969   | 1.0693   | 0.9805 
3-5  | 68    | 0.4687   | 0.9838   | 0.9283 
6+   | 208   | 0.3069   | 0.4743   | 0.4203 

Epoch 305: loss = 0.615213 delta_mae_pts = 0.4469 recap_mae_pts = 0.4469 cat_mae_pts = 0.4784 total_mae_pts = 1.0535 vs_inertia_pts = 0.5248 vs_quad_pts = 1.6454 mon_cov = 0.966 mon_score = 4.9803 time = 35718.32 s

Epoch 306: Weights {"totalWeight":0.1,"recapWeight":0.05,"deltaWeight":9.75,"categoryWeight":0.05,"quantileWeight":1.0856000000000001,"consistencyWeight":0,"identityDropoutRate":0.05}, Scales {"judgeBias":1,"corps":1}, SeqLen 15, ID_Drop 0.061, WFW 1.500 

History Bucket Diagnostics (Avg Abs Error per sample, normalized units):
Hist | Count | MAE_Pred | MAE_Base | PredDevFromBase
-----|-------|----------|----------|----------------
0    | 71    | 0.8234   | 2.2794   | 2.1706 
1    | 31    | 0.4915   | 1.2121   | 1.1289 
2    | 24    | 0.4979   | 1.0693   | 0.9939 
3-5  | 68    | 0.4804   | 0.9838   | 0.9255 
6+   | 208   | 0.3058   | 0.4743   | 0.4177 

Epoch 306: loss = 0.600576 delta_mae_pts = 0.4526 recap_mae_pts = 0.4526 cat_mae_pts = 0.4828 total_mae_pts = 1.0475 vs_inertia_pts = 0.5192 vs_quad_pts = 1.6397 mon_cov = 0.968 mon_score = 5.0463 time = 35832.23 s

Epoch 307: Weights {"totalWeight":0.1,"recapWeight":0.05,"deltaWeight":9.75,"categoryWeight":0.05,"quantileWeight":1.0892,"consistencyWeight":0,"identityDropoutRate":0.05}, Scales {"judgeBias":1,"corps":1}, SeqLen 15, ID_Drop 0.066, WFW 1.500 

History Bucket Diagnostics (Avg Abs Error per sample, normalized units):
Hist | Count | MAE_Pred | MAE_Base | PredDevFromBase
-----|-------|----------|----------|----------------
0    | 71    | 0.7956   | 2.2794   | 2.1614 
1    | 31    | 0.4829   | 1.2121   | 1.1326 
2    | 24    | 0.4986   | 1.0693   | 0.9663 
3-5  | 68    | 0.4677   | 0.9838   | 0.9061 
6+   | 208   | 0.3072   | 0.4743   | 0.4083 

Epoch 307: loss = 0.602495 delta_mae_pts = 0.4456 recap_mae_pts = 0.4456 cat_mae_pts = 0.4869 total_mae_pts = 1.0634 vs_inertia_pts = 0.5261 vs_quad_pts = 1.6467 mon_cov = 0.967 mon_score = 4.9750 time = 35947.16 s

Epoch 308: Weights {"totalWeight":0.1,"recapWeight":0.05,"deltaWeight":9.75,"categoryWeight":0.05,"quantileWeight":1.0928,"consistencyWeight":0,"identityDropoutRate":0.05}, Scales {"judgeBias":1,"corps":1}, SeqLen 15, ID_Drop 0.062, WFW 1.500 

History Bucket Diagnostics (Avg Abs Error per sample, normalized units):
Hist | Count | MAE_Pred | MAE_Base | PredDevFromBase
-----|-------|----------|----------|----------------
0    | 71    | 0.8123   | 2.2794   | 2.1512 
1    | 31    | 0.4874   | 1.2121   | 1.1314 
2    | 24    | 0.4959   | 1.0693   | 0.9872 
3-5  | 68    | 0.4755   | 0.9838   | 0.9138 
6+   | 208   | 0.3070   | 0.4743   | 0.4097 

Epoch 308: loss = 0.604794 delta_mae_pts = 0.4499 recap_mae_pts = 0.4499 cat_mae_pts = 0.4845 total_mae_pts = 1.0650 vs_inertia_pts = 0.5218 vs_quad_pts = 1.6423 mon_cov = 0.966 mon_score = 5.0163 time = 36064.48 s

Epoch 309: Weights {"totalWeight":0.1,"recapWeight":0.05,"deltaWeight":9.75,"categoryWeight":0.05,"quantileWeight":1.0964,"consistencyWeight":0,"identityDropoutRate":0.05}, Scales {"judgeBias":1,"corps":1}, SeqLen 15, ID_Drop 0.063, WFW 1.500 

History Bucket Diagnostics (Avg Abs Error per sample, normalized units):
Hist | Count | MAE_Pred | MAE_Base | PredDevFromBase
-----|-------|----------|----------|----------------
0    | 71    | 0.8037   | 2.2794   | 2.1605 
1    | 31    | 0.4972   | 1.2121   | 1.1325 
2    | 24    | 0.5056   | 1.0693   | 0.9850 
3-5  | 68    | 0.4645   | 0.9838   | 0.9142 
6+   | 208   | 0.3067   | 0.4743   | 0.4179 

Epoch 309: loss = 0.596791 delta_mae_pts = 0.4477 recap_mae_pts = 0.4477 cat_mae_pts = 0.4871 total_mae_pts = 1.0704 vs_inertia_pts = 0.5240 vs_quad_pts = 1.6446 mon_cov = 0.966 mon_score = 4.9966 time = 36180.82 s

Epoch 310: Weights {"totalWeight":0.1,"recapWeight":0.05,"deltaWeight":9.75,"categoryWeight":0.05,"quantileWeight":1.1,"consistencyWeight":0,"identityDropoutRate":0.05}, Scales {"judgeBias":1,"corps":1}, SeqLen 15, ID_Drop 0.069, WFW 1.500 

History Bucket Diagnostics (Avg Abs Error per sample, normalized units):
Hist | Count | MAE_Pred | MAE_Base | PredDevFromBase
-----|-------|----------|----------|----------------
0    | 71    | 0.8086   | 2.2794   | 2.1649 
1    | 31    | 0.4789   | 1.2121   | 1.1200 
2    | 24    | 0.4956   | 1.0693   | 0.9663 
3-5  | 68    | 0.4670   | 0.9838   | 0.9030 
6+   | 208   | 0.3038   | 0.4743   | 0.4121 

Epoch 310: loss = 0.645088 delta_mae_pts = 0.4455 recap_mae_pts = 0.4455 cat_mae_pts = 0.4855 total_mae_pts = 1.0439 vs_inertia_pts = 0.5262 vs_quad_pts = 1.6468 mon_cov = 0.965 mon_score = 4.9691 time = 36295.90 s

Epoch 311: Weights {"totalWeight":0.1,"recapWeight":0.05,"deltaWeight":9.75,"categoryWeight":0.05,"quantileWeight":1.1,"consistencyWeight":0,"identityDropoutRate":0.05}, Scales {"judgeBias":1,"corps":1}, SeqLen 15, ID_Drop 0.066, WFW 1.500 

History Bucket Diagnostics (Avg Abs Error per sample, normalized units):
Hist | Count | MAE_Pred | MAE_Base | PredDevFromBase
-----|-------|----------|----------|----------------
0    | 71    | 0.8069   | 2.2794   | 2.1792 
1    | 31    | 0.4887   | 1.2121   | 1.1245 
2    | 24    | 0.4816   | 1.0693   | 0.9787 
3-5  | 68    | 0.4733   | 0.9838   | 0.9091 
6+   | 208   | 0.3045   | 0.4743   | 0.4051 

Epoch 311: loss = 0.647313 delta_mae_pts = 0.4466 recap_mae_pts = 0.4466 cat_mae_pts = 0.4851 total_mae_pts = 1.0483 vs_inertia_pts = 0.5251 vs_quad_pts = 1.6457 mon_cov = 0.965 mon_score = 4.9899 time = 36410.70 s

Epoch 312: Weights {"totalWeight":0.1,"recapWeight":0.05,"deltaWeight":9.75,"categoryWeight":0.05,"quantileWeight":1.1,"consistencyWeight":0,"identityDropoutRate":0.05}, Scales {"judgeBias":1,"corps":1}, SeqLen 15, ID_Drop 0.063, WFW 1.500 

History Bucket Diagnostics (Avg Abs Error per sample, normalized units):
Hist | Count | MAE_Pred | MAE_Base | PredDevFromBase
-----|-------|----------|----------|----------------
0    | 71    | 0.7960   | 2.2794   | 2.1447 
1    | 31    | 0.4858   | 1.2121   | 1.1373 
2    | 24    | 0.5007   | 1.0693   | 0.9872 
3-5  | 68    | 0.4653   | 0.9838   | 0.9108 
6+   | 208   | 0.3055   | 0.4743   | 0.4118 

Epoch 312: loss = 0.649090 delta_mae_pts = 0.4447 recap_mae_pts = 0.4447 cat_mae_pts = 0.4829 total_mae_pts = 1.0577 vs_inertia_pts = 0.5270 vs_quad_pts = 1.6476 mon_cov = 0.965 mon_score = 4.9756 time = 36527.49 s

Epoch 313: Weights {"totalWeight":0.1,"recapWeight":0.05,"deltaWeight":9.75,"categoryWeight":0.05,"quantileWeight":1.1,"consistencyWeight":0,"identityDropoutRate":0.05}, Scales {"judgeBias":1,"corps":1}, SeqLen 15, ID_Drop 0.063, WFW 1.500 

History Bucket Diagnostics (Avg Abs Error per sample, normalized units):
Hist | Count | MAE_Pred | MAE_Base | PredDevFromBase
-----|-------|----------|----------|----------------
0    | 71    | 0.8051   | 2.2794   | 2.1713 
1    | 31    | 0.4939   | 1.2121   | 1.1517 
2    | 24    | 0.5048   | 1.0693   | 0.9957 
3-5  | 68    | 0.4684   | 0.9838   | 0.9293 
6+   | 208   | 0.3019   | 0.4743   | 0.4166 

Epoch 313: loss = 0.644184 delta_mae_pts = 0.4459 recap_mae_pts = 0.4459 cat_mae_pts = 0.4820 total_mae_pts = 1.0500 vs_inertia_pts = 0.5259 vs_quad_pts = 1.6464 mon_cov = 0.965 mon_score = 4.9724 time = 36644.37 s

Epoch 314: Weights {"totalWeight":0.1,"recapWeight":0.05,"deltaWeight":9.75,"categoryWeight":0.05,"quantileWeight":1.1,"consistencyWeight":0,"identityDropoutRate":0.05}, Scales {"judgeBias":1,"corps":1}, SeqLen 15, ID_Drop 0.068, WFW 1.500 

History Bucket Diagnostics (Avg Abs Error per sample, normalized units):
Hist | Count | MAE_Pred | MAE_Base | PredDevFromBase
-----|-------|----------|----------|----------------
0    | 71    | 0.7884   | 2.2794   | 2.1117 
1    | 31    | 0.4854   | 1.2121   | 1.1216 
2    | 24    | 0.4973   | 1.0693   | 0.9807 
3-5  | 68    | 0.4636   | 0.9838   | 0.9193 
6+   | 208   | 0.3032   | 0.4743   | 0.4097 

Epoch 314: loss = 0.638442 delta_mae_pts = 0.4416 recap_mae_pts = 0.4416 cat_mae_pts = 0.4765 total_mae_pts = 1.0348 vs_inertia_pts = 0.5301 vs_quad_pts = 1.6506 mon_cov = 0.969 mon_score = 4.9337 time = 36759.79 s
Saved BEST checkpoint @epoch 314 score = 4.9337 -> models\v9_subcaption_fixed\v9fix_w1p0_cov4_1770464048897\best 

Epoch 315: Weights {"totalWeight":0.1,"recapWeight":0.05,"deltaWeight":9.75,"categoryWeight":0.05,"quantileWeight":1.1,"consistencyWeight":0,"identityDropoutRate":0.05}, Scales {"judgeBias":1,"corps":1}, SeqLen 15, ID_Drop 0.063, WFW 1.500 

History Bucket Diagnostics (Avg Abs Error per sample, normalized units):
Hist | Count | MAE_Pred | MAE_Base | PredDevFromBase
-----|-------|----------|----------|----------------
0    | 71    | 0.7962   | 2.2794   | 2.1476 
1    | 31    | 0.4962   | 1.2121   | 1.1232 
2    | 24    | 0.5014   | 1.0693   | 0.9569 
3-5  | 68    | 0.4669   | 0.9838   | 0.9125 
6+   | 208   | 0.3042   | 0.4743   | 0.4089 

Epoch 315: loss = 0.629843 delta_mae_pts = 0.4452 recap_mae_pts = 0.4452 cat_mae_pts = 0.4818 total_mae_pts = 1.0394 vs_inertia_pts = 0.5265 vs_quad_pts = 1.6471 mon_cov = 0.965 mon_score = 4.9720 time = 36873.35 s

Epoch 316: Weights {"totalWeight":0.1,"recapWeight":0.05,"deltaWeight":9.75,"categoryWeight":0.05,"quantileWeight":1.1,"consistencyWeight":0,"identityDropoutRate":0.05}, Scales {"judgeBias":1,"corps":1}, SeqLen 15, ID_Drop 0.068, WFW 1.500 

History Bucket Diagnostics (Avg Abs Error per sample, normalized units):
Hist | Count | MAE_Pred | MAE_Base | PredDevFromBase
-----|-------|----------|----------|----------------
0    | 71    | 0.8071   | 2.2794   | 2.1725 
1    | 31    | 0.4836   | 1.2121   | 1.1384 
2    | 24    | 0.4993   | 1.0693   | 0.9788 
3-5  | 68    | 0.4725   | 0.9838   | 0.9260 
6+   | 208   | 0.3055   | 0.4743   | 0.4184 

Epoch 316: loss = 0.643424 delta_mae_pts = 0.4476 recap_mae_pts = 0.4476 cat_mae_pts = 0.4815 total_mae_pts = 1.0455 vs_inertia_pts = 0.5241 vs_quad_pts = 1.6446 mon_cov = 0.969 mon_score = 4.9936 time = 36991.46 s

Epoch 317: Weights {"totalWeight":0.1,"recapWeight":0.05,"deltaWeight":9.75,"categoryWeight":0.05,"quantileWeight":1.1,"consistencyWeight":0,"identityDropoutRate":0.05}, Scales {"judgeBias":1,"corps":1}, SeqLen 15, ID_Drop 0.070, WFW 1.500 

History Bucket Diagnostics (Avg Abs Error per sample, normalized units):
Hist | Count | MAE_Pred | MAE_Base | PredDevFromBase
-----|-------|----------|----------|----------------
0    | 71    | 0.7998   | 2.2794   | 2.1578 
1    | 31    | 0.4834   | 1.2121   | 1.1385 
2    | 24    | 0.4989   | 1.0693   | 0.9768 
3-5  | 68    | 0.4697   | 0.9838   | 0.9257 
6+   | 208   | 0.3056   | 0.4743   | 0.4171 

Epoch 317: loss = 0.638961 delta_mae_pts = 0.4459 recap_mae_pts = 0.4459 cat_mae_pts = 0.4818 total_mae_pts = 1.0456 vs_inertia_pts = 0.5258 vs_quad_pts = 1.6464 mon_cov = 0.967 mon_score = 4.9814 time = 37110.63 s

Epoch 318: Weights {"totalWeight":0.1,"recapWeight":0.05,"deltaWeight":9.75,"categoryWeight":0.05,"quantileWeight":1.1,"consistencyWeight":0,"identityDropoutRate":0.05}, Scales {"judgeBias":1,"corps":1}, SeqLen 15, ID_Drop 0.066, WFW 1.500 

History Bucket Diagnostics (Avg Abs Error per sample, normalized units):
Hist | Count | MAE_Pred | MAE_Base | PredDevFromBase
-----|-------|----------|----------|----------------
0    | 71    | 0.7807   | 2.2794   | 2.1487 
1    | 31    | 0.4785   | 1.2121   | 1.1329 
2    | 24    | 0.4765   | 1.0693   | 0.9739 
3-5  | 68    | 0.4683   | 0.9838   | 0.9145 
6+   | 208   | 0.3078   | 0.4743   | 0.4125 

Epoch 318: loss = 0.639026 delta_mae_pts = 0.4417 recap_mae_pts = 0.4417 cat_mae_pts = 0.4826 total_mae_pts = 1.0568 vs_inertia_pts = 0.5300 vs_quad_pts = 1.6506 mon_cov = 0.966 mon_score = 4.9455 time = 37214.96 s

Epoch 319: Weights {"totalWeight":0.1,"recapWeight":0.05,"deltaWeight":9.75,"categoryWeight":0.05,"quantileWeight":1.1,"consistencyWeight":0,"identityDropoutRate":0.05}, Scales {"judgeBias":1,"corps":1}, SeqLen 15, ID_Drop 0.066, WFW 1.500 

History Bucket Diagnostics (Avg Abs Error per sample, normalized units):
Hist | Count | MAE_Pred | MAE_Base | PredDevFromBase
-----|-------|----------|----------|----------------
0    | 71    | 0.8490   | 2.2794   | 2.1846 
1    | 31    | 0.4876   | 1.2121   | 1.1365 
2    | 24    | 0.4962   | 1.0693   | 0.9835 
3-5  | 68    | 0.4729   | 0.9838   | 0.9234 
6+   | 208   | 0.3067   | 0.4743   | 0.4207 

Epoch 319: loss = 0.637096 delta_mae_pts = 0.4558 recap_mae_pts = 0.4558 cat_mae_pts = 0.4788 total_mae_pts = 1.0330 vs_inertia_pts = 0.5159 vs_quad_pts = 1.6364 mon_cov = 0.966 mon_score = 5.0696 time = 37330.03 s

Epoch 320: Weights {"totalWeight":0.1,"recapWeight":0.05,"deltaWeight":9.75,"categoryWeight":0.05,"quantileWeight":1.1,"consistencyWeight":0,"identityDropoutRate":0.05}, Scales {"judgeBias":1,"corps":1}, SeqLen 15, ID_Drop 0.062, WFW 1.500 

History Bucket Diagnostics (Avg Abs Error per sample, normalized units):
Hist | Count | MAE_Pred | MAE_Base | PredDevFromBase
-----|-------|----------|----------|----------------
0    | 71    | 0.8171   | 2.2794   | 2.1606 
1    | 31    | 0.4916   | 1.2121   | 1.1636 
2    | 24    | 0.4769   | 1.0693   | 1.0005 
3-5  | 68    | 0.4763   | 0.9838   | 0.9307 
6+   | 208   | 0.3073   | 0.4743   | 0.4188 

Epoch 320: loss = 0.646427 delta_mae_pts = 0.4502 recap_mae_pts = 0.4502 cat_mae_pts = 0.4826 total_mae_pts = 1.0472 vs_inertia_pts = 0.5215 vs_quad_pts = 1.6420 mon_cov = 0.967 mon_score = 5.0145 time = 37448.14 s

Epoch 321: Weights {"totalWeight":0.1,"recapWeight":0.05,"deltaWeight":9.75,"categoryWeight":0.05,"quantileWeight":1.1,"consistencyWeight":0,"identityDropoutRate":0.05}, Scales {"judgeBias":1,"corps":1}, SeqLen 15, ID_Drop 0.066, WFW 1.500 

History Bucket Diagnostics (Avg Abs Error per sample, normalized units):
Hist | Count | MAE_Pred | MAE_Base | PredDevFromBase
-----|-------|----------|----------|----------------
0    | 71    | 0.8136   | 2.2794   | 2.1364 
1    | 31    | 0.4762   | 1.2121   | 1.1407 
2    | 24    | 0.4785   | 1.0693   | 0.9932 
3-5  | 68    | 0.4752   | 0.9838   | 0.9237 
6+   | 208   | 0.3050   | 0.4743   | 0.4213 

Epoch 321: loss = 0.589965 delta_mae_pts = 0.4472 recap_mae_pts = 0.4472 cat_mae_pts = 0.4790 total_mae_pts = 1.0452 vs_inertia_pts = 0.5245 vs_quad_pts = 1.6451 mon_cov = 0.966 mon_score = 4.9886 time = 37565.64 s

Epoch 322: Weights {"totalWeight":0.1,"recapWeight":0.05,"deltaWeight":9.75,"categoryWeight":0.05,"quantileWeight":1.1,"consistencyWeight":0,"identityDropoutRate":0.05}, Scales {"judgeBias":1,"corps":1}, SeqLen 15, ID_Drop 0.063, WFW 1.500 

History Bucket Diagnostics (Avg Abs Error per sample, normalized units):
Hist | Count | MAE_Pred | MAE_Base | PredDevFromBase
-----|-------|----------|----------|----------------
0    | 71    | 0.7986   | 2.2794   | 2.1438 
1    | 31    | 0.4848   | 1.2121   | 1.1202 
2    | 24    | 0.4978   | 1.0693   | 0.9752 
3-5  | 68    | 0.4728   | 0.9838   | 0.9187 
6+   | 208   | 0.3044   | 0.4743   | 0.4153 

Epoch 322: loss = 0.586874 delta_mae_pts = 0.4456 recap_mae_pts = 0.4456 cat_mae_pts = 0.4852 total_mae_pts = 1.0455 vs_inertia_pts = 0.5261 vs_quad_pts = 1.6466 mon_cov = 0.965 mon_score = 4.9700 time = 37681.04 s

Epoch 323: Weights {"totalWeight":0.1,"recapWeight":0.05,"deltaWeight":9.75,"categoryWeight":0.05,"quantileWeight":1.1,"consistencyWeight":0,"identityDropoutRate":0.05}, Scales {"judgeBias":1,"corps":1}, SeqLen 15, ID_Drop 0.067, WFW 1.500 

History Bucket Diagnostics (Avg Abs Error per sample, normalized units):
Hist | Count | MAE_Pred | MAE_Base | PredDevFromBase
-----|-------|----------|----------|----------------
0    | 71    | 0.8023   | 2.2794   | 2.1367 
1    | 31    | 0.4849   | 1.2121   | 1.1297 
2    | 24    | 0.4876   | 1.0693   | 0.9868 
3-5  | 68    | 0.4690   | 0.9838   | 0.9239 
6+   | 208   | 0.3053   | 0.4743   | 0.4202 

Epoch 323: loss = 0.635802 delta_mae_pts = 0.4455 recap_mae_pts = 0.4455 cat_mae_pts = 0.4828 total_mae_pts = 1.0505 vs_inertia_pts = 0.5262 vs_quad_pts = 1.6468 mon_cov = 0.964 mon_score = 4.9648 time = 37795.53 s

Epoch 324: Weights {"totalWeight":0.1,"recapWeight":0.05,"deltaWeight":9.75,"categoryWeight":0.05,"quantileWeight":1.1,"consistencyWeight":0,"identityDropoutRate":0.05}, Scales {"judgeBias":1,"corps":1}, SeqLen 15, ID_Drop 0.063, WFW 1.500 

History Bucket Diagnostics (Avg Abs Error per sample, normalized units):
Hist | Count | MAE_Pred | MAE_Base | PredDevFromBase
-----|-------|----------|----------|----------------
0    | 71    | 0.8021   | 2.2794   | 2.1407 
1    | 31    | 0.4950   | 1.2121   | 1.1310 
2    | 24    | 0.4916   | 1.0693   | 0.9698 
3-5  | 68    | 0.4664   | 0.9838   | 0.9170 
6+   | 208   | 0.3057   | 0.4743   | 0.4091 

Epoch 324: loss = 0.632846 delta_mae_pts = 0.4462 recap_mae_pts = 0.4462 cat_mae_pts = 0.4851 total_mae_pts = 1.0566 vs_inertia_pts = 0.5255 vs_quad_pts = 1.6460 mon_cov = 0.966 mon_score = 4.9757 time = 37913.44 s

Epoch 325: Weights {"totalWeight":0.1,"recapWeight":0.05,"deltaWeight":9.75,"categoryWeight":0.05,"quantileWeight":1.1,"consistencyWeight":0,"identityDropoutRate":0.05}, Scales {"judgeBias":1,"corps":1}, SeqLen 15, ID_Drop 0.066, WFW 1.500 

History Bucket Diagnostics (Avg Abs Error per sample, normalized units):
Hist | Count | MAE_Pred | MAE_Base | PredDevFromBase
-----|-------|----------|----------|----------------
0    | 71    | 0.8035   | 2.2794   | 2.1323 
1    | 31    | 0.4866   | 1.2121   | 1.1438 
2    | 24    | 0.4820   | 1.0693   | 0.9856 
3-5  | 68    | 0.4708   | 0.9838   | 0.9170 
6+   | 208   | 0.3052   | 0.4743   | 0.4143 

Epoch 325: loss = 0.633433 delta_mae_pts = 0.4458 recap_mae_pts = 0.4458 cat_mae_pts = 0.4831 total_mae_pts = 1.0621 vs_inertia_pts = 0.5259 vs_quad_pts = 1.6465 mon_cov = 0.967 mon_score = 4.9761 time = 38030.55 s

Epoch 326: Weights {"totalWeight":0.1,"recapWeight":0.05,"deltaWeight":9.75,"categoryWeight":0.05,"quantileWeight":1.1,"consistencyWeight":0,"identityDropoutRate":0.05}, Scales {"judgeBias":1,"corps":1}, SeqLen 15, ID_Drop 0.076, WFW 1.500 

History Bucket Diagnostics (Avg Abs Error per sample, normalized units):
Hist | Count | MAE_Pred | MAE_Base | PredDevFromBase
-----|-------|----------|----------|----------------
0    | 71    | 0.7953   | 2.2794   | 2.1582 
1    | 31    | 0.4841   | 1.2121   | 1.1323 
2    | 24    | 0.4822   | 1.0693   | 0.9751 
3-5  | 68    | 0.4691   | 0.9838   | 0.9139 
6+   | 208   | 0.3037   | 0.4743   | 0.4112 

Epoch 326: loss = 0.637103 delta_mae_pts = 0.4431 recap_mae_pts = 0.4431 cat_mae_pts = 0.4847 total_mae_pts = 1.0499 vs_inertia_pts = 0.5287 vs_quad_pts = 1.6492 mon_cov = 0.967 mon_score = 4.9498 time = 38146.18 s

Epoch 327: Weights {"totalWeight":0.1,"recapWeight":0.05,"deltaWeight":9.75,"categoryWeight":0.05,"quantileWeight":1.1,"consistencyWeight":0,"identityDropoutRate":0.05}, Scales {"judgeBias":1,"corps":1}, SeqLen 15, ID_Drop 0.070, WFW 1.500 

History Bucket Diagnostics (Avg Abs Error per sample, normalized units):
Hist | Count | MAE_Pred | MAE_Base | PredDevFromBase
-----|-------|----------|----------|----------------
0    | 71    | 0.7937   | 2.2794   | 2.1408 
1    | 31    | 0.4838   | 1.2121   | 1.1471 
2    | 24    | 0.4856   | 1.0693   | 0.9987 
3-5  | 68    | 0.4659   | 0.9838   | 0.9296 
6+   | 208   | 0.3050   | 0.4743   | 0.4217 

Epoch 327: loss = 0.637882 delta_mae_pts = 0.4431 recap_mae_pts = 0.4431 cat_mae_pts = 0.4814 total_mae_pts = 1.0413 vs_inertia_pts = 0.5286 vs_quad_pts = 1.6492 mon_cov = 0.968 mon_score = 4.9453 time = 38260.76 s

Epoch 328: Weights {"totalWeight":0.1,"recapWeight":0.05,"deltaWeight":9.75,"categoryWeight":0.05,"quantileWeight":1.1,"consistencyWeight":0,"identityDropoutRate":0.05}, Scales {"judgeBias":1,"corps":1}, SeqLen 15, ID_Drop 0.073, WFW 1.500 

History Bucket Diagnostics (Avg Abs Error per sample, normalized units):
Hist | Count | MAE_Pred | MAE_Base | PredDevFromBase
-----|-------|----------|----------|----------------
0    | 71    | 0.8321   | 2.2794   | 2.1510 
1    | 31    | 0.4855   | 1.2121   | 1.1361 
2    | 24    | 0.4953   | 1.0693   | 0.9755 
3-5  | 68    | 0.4738   | 0.9838   | 0.9165 
6+   | 208   | 0.3042   | 0.4743   | 0.4134 

Epoch 328: loss = 0.634113 delta_mae_pts = 0.4515 recap_mae_pts = 0.4515 cat_mae_pts = 0.4799 total_mae_pts = 1.0424 vs_inertia_pts = 0.5202 vs_quad_pts = 1.6408 mon_cov = 0.966 mon_score = 5.0325 time = 38375.51 s

Epoch 329: Weights {"totalWeight":0.1,"recapWeight":0.05,"deltaWeight":9.75,"categoryWeight":0.05,"quantileWeight":1.1,"consistencyWeight":0,"identityDropoutRate":0.05}, Scales {"judgeBias":1,"corps":1}, SeqLen 15, ID_Drop 0.065, WFW 1.500 

History Bucket Diagnostics (Avg Abs Error per sample, normalized units):
Hist | Count | MAE_Pred | MAE_Base | PredDevFromBase
-----|-------|----------|----------|----------------
0    | 71    | 0.8100   | 2.2794   | 2.1431 
1    | 31    | 0.4837   | 1.2121   | 1.1360 
2    | 24    | 0.4874   | 1.0693   | 0.9804 
3-5  | 68    | 0.4697   | 0.9838   | 0.9121 
6+   | 208   | 0.3062   | 0.4743   | 0.4133 

Epoch 329: loss = 0.626809 delta_mae_pts = 0.4474 recap_mae_pts = 0.4474 cat_mae_pts = 0.4803 total_mae_pts = 1.0459 vs_inertia_pts = 0.5244 vs_quad_pts = 1.6449 mon_cov = 0.967 mon_score = 4.9918 time = 38491.79 s

Epoch 330: Weights {"totalWeight":0.1,"recapWeight":0.05,"deltaWeight":9.75,"categoryWeight":0.05,"quantileWeight":1.1,"consistencyWeight":0,"identityDropoutRate":0.05}, Scales {"judgeBias":1,"corps":1}, SeqLen 15, ID_Drop 0.067, WFW 1.500 

History Bucket Diagnostics (Avg Abs Error per sample, normalized units):
Hist | Count | MAE_Pred | MAE_Base | PredDevFromBase
-----|-------|----------|----------|----------------
0    | 71    | 0.8158   | 2.2794   | 2.1438 
1    | 31    | 0.4822   | 1.2121   | 1.1336 
2    | 24    | 0.5005   | 1.0693   | 0.9793 
3-5  | 68    | 0.4699   | 0.9838   | 0.9205 
6+   | 208   | 0.3058   | 0.4743   | 0.4176 

Epoch 330: loss = 0.626054 delta_mae_pts = 0.4489 recap_mae_pts = 0.4489 cat_mae_pts = 0.4818 total_mae_pts = 1.0494 vs_inertia_pts = 0.5228 vs_quad_pts = 1.6434 mon_cov = 0.966 mon_score = 4.9989 time = 38608.06 s

Epoch 331: Weights {"totalWeight":0.1,"recapWeight":0.05,"deltaWeight":9.75,"categoryWeight":0.05,"quantileWeight":1.1,"consistencyWeight":0,"identityDropoutRate":0.05}, Scales {"judgeBias":1,"corps":1}, SeqLen 15, ID_Drop 0.066, WFW 1.500 

History Bucket Diagnostics (Avg Abs Error per sample, normalized units):
Hist | Count | MAE_Pred | MAE_Base | PredDevFromBase
-----|-------|----------|----------|----------------
0    | 71    | 0.8077   | 2.2794   | 2.1500 
1    | 31    | 0.4834   | 1.2121   | 1.1484 
2    | 24    | 0.4912   | 1.0693   | 0.9878 
3-5  | 68    | 0.4723   | 0.9838   | 0.9242 
6+   | 208   | 0.3082   | 0.4743   | 0.4172 

Epoch 331: loss = 0.627264 delta_mae_pts = 0.4486 recap_mae_pts = 0.4486 cat_mae_pts = 0.4850 total_mae_pts = 1.0523 vs_inertia_pts = 0.5231 vs_quad_pts = 1.6437 mon_cov = 0.966 mon_score = 5.0020 time = 38721.38 s

Epoch 332: Weights {"totalWeight":0.1,"recapWeight":0.05,"deltaWeight":9.75,"categoryWeight":0.05,"quantileWeight":1.1,"consistencyWeight":0,"identityDropoutRate":0.05}, Scales {"judgeBias":1,"corps":1}, SeqLen 15, ID_Drop 0.069, WFW 1.500 

History Bucket Diagnostics (Avg Abs Error per sample, normalized units):
Hist | Count | MAE_Pred | MAE_Base | PredDevFromBase
-----|-------|----------|----------|----------------
0    | 71    | 0.8197   | 2.2794   | 2.1504 
1    | 31    | 0.4878   | 1.2121   | 1.1444 
2    | 24    | 0.4803   | 1.0693   | 0.9750 
3-5  | 68    | 0.4657   | 0.9838   | 0.9184 
6+   | 208   | 0.3062   | 0.4743   | 0.4111 

Epoch 332: loss = 0.628424 delta_mae_pts = 0.4483 recap_mae_pts = 0.4483 cat_mae_pts = 0.4824 total_mae_pts = 1.0428 vs_inertia_pts = 0.5234 vs_quad_pts = 1.6440 mon_cov = 0.967 mon_score = 4.9987 time = 38836.16 s

Epoch 333: Weights {"totalWeight":0.1,"recapWeight":0.05,"deltaWeight":9.75,"categoryWeight":0.05,"quantileWeight":1.1,"consistencyWeight":0,"identityDropoutRate":0.05}, Scales {"judgeBias":1,"corps":1}, SeqLen 15, ID_Drop 0.069, WFW 1.500 

History Bucket Diagnostics (Avg Abs Error per sample, normalized units):
Hist | Count | MAE_Pred | MAE_Base | PredDevFromBase
-----|-------|----------|----------|----------------
0    | 71    | 0.7980   | 2.2794   | 2.1373 
1    | 31    | 0.4835   | 1.2121   | 1.1427 
2    | 24    | 0.4889   | 1.0693   | 0.9813 
3-5  | 68    | 0.4650   | 0.9838   | 0.9234 
6+   | 208   | 0.3048   | 0.4743   | 0.4104 

Epoch 333: loss = 0.624611 delta_mae_pts = 0.4438 recap_mae_pts = 0.4438 cat_mae_pts = 0.4802 total_mae_pts = 1.0407 vs_inertia_pts = 0.5279 vs_quad_pts = 1.6485 mon_cov = 0.967 mon_score = 4.9590 time = 38952.39 s

Epoch 334: Weights {"totalWeight":0.1,"recapWeight":0.05,"deltaWeight":9.75,"categoryWeight":0.05,"quantileWeight":1.1,"consistencyWeight":0,"identityDropoutRate":0.05}, Scales {"judgeBias":1,"corps":1}, SeqLen 15, ID_Drop 0.068, WFW 1.500 

History Bucket Diagnostics (Avg Abs Error per sample, normalized units):
Hist | Count | MAE_Pred | MAE_Base | PredDevFromBase
-----|-------|----------|----------|----------------
0    | 71    | 0.8113   | 2.2794   | 2.1458 
1    | 31    | 0.4838   | 1.2121   | 1.1318 
2    | 24    | 0.4851   | 1.0693   | 0.9937 
3-5  | 68    | 0.4731   | 0.9838   | 0.9260 
6+   | 208   | 0.3038   | 0.4743   | 0.4118 

Epoch 334: loss = 0.625169 delta_mae_pts = 0.4468 recap_mae_pts = 0.4468 cat_mae_pts = 0.4806 total_mae_pts = 1.0441 vs_inertia_pts = 0.5249 vs_quad_pts = 1.6455 mon_cov = 0.967 mon_score = 4.9836 time = 39067.48 s

Epoch 335: Weights {"totalWeight":0.1,"recapWeight":0.05,"deltaWeight":9.75,"categoryWeight":0.05,"quantileWeight":1.1,"consistencyWeight":0,"identityDropoutRate":0.05}, Scales {"judgeBias":1,"corps":1}, SeqLen 15, ID_Drop 0.067, WFW 1.500 

History Bucket Diagnostics (Avg Abs Error per sample, normalized units):
Hist | Count | MAE_Pred | MAE_Base | PredDevFromBase
-----|-------|----------|----------|----------------
0    | 71    | 0.8115   | 2.2794   | 2.1491 
1    | 31    | 0.4782   | 1.2121   | 1.1446 
2    | 24    | 0.4862   | 1.0693   | 0.9927 
3-5  | 68    | 0.4701   | 0.9838   | 0.9143 
6+   | 208   | 0.3049   | 0.4743   | 0.4146 

Epoch 335: loss = 0.623913 delta_mae_pts = 0.4465 recap_mae_pts = 0.4465 cat_mae_pts = 0.4809 total_mae_pts = 1.0561 vs_inertia_pts = 0.5252 vs_quad_pts = 1.6458 mon_cov = 0.966 mon_score = 4.9844 time = 39183.45 s

Epoch 336: Weights {"totalWeight":0.1,"recapWeight":0.05,"deltaWeight":9.75,"categoryWeight":0.05,"quantileWeight":1.1,"consistencyWeight":0,"identityDropoutRate":0.05}, Scales {"judgeBias":1,"corps":1}, SeqLen 15, ID_Drop 0.064, WFW 1.500 

History Bucket Diagnostics (Avg Abs Error per sample, normalized units):
Hist | Count | MAE_Pred | MAE_Base | PredDevFromBase
-----|-------|----------|----------|----------------
0    | 71    | 0.7939   | 2.2794   | 2.1567 
1    | 31    | 0.4850   | 1.2121   | 1.1433 
2    | 24    | 0.4847   | 1.0693   | 0.9826 
3-5  | 68    | 0.4726   | 0.9838   | 0.9188 
6+   | 208   | 0.3043   | 0.4743   | 0.4126 

Epoch 336: loss = 0.622291 delta_mae_pts = 0.4439 recap_mae_pts = 0.4439 cat_mae_pts = 0.4840 total_mae_pts = 1.0452 vs_inertia_pts = 0.5278 vs_quad_pts = 1.6483 mon_cov = 0.965 mon_score = 4.9569 time = 39301.03 s

Epoch 337: Weights {"totalWeight":0.1,"recapWeight":0.05,"deltaWeight":9.75,"categoryWeight":0.05,"quantileWeight":1.1,"consistencyWeight":0,"identityDropoutRate":0.05}, Scales {"judgeBias":1,"corps":1}, SeqLen 15, ID_Drop 0.067, WFW 1.500 

History Bucket Diagnostics (Avg Abs Error per sample, normalized units):
Hist | Count | MAE_Pred | MAE_Base | PredDevFromBase
-----|-------|----------|----------|----------------
0    | 71    | 0.8221   | 2.2794   | 2.1364 
1    | 31    | 0.4830   | 1.2121   | 1.1590 
2    | 24    | 0.4800   | 1.0693   | 0.9913 
3-5  | 68    | 0.4746   | 0.9838   | 0.9226 
6+   | 208   | 0.3053   | 0.4743   | 0.4157 

Epoch 337: loss = 0.622840 delta_mae_pts = 0.4493 recap_mae_pts = 0.4493 cat_mae_pts = 0.4801 total_mae_pts = 1.0504 vs_inertia_pts = 0.5224 vs_quad_pts = 1.6430 mon_cov = 0.967 mon_score = 5.0096 time = 39416.73 s

Epoch 338: Weights {"totalWeight":0.1,"recapWeight":0.05,"deltaWeight":9.75,"categoryWeight":0.05,"quantileWeight":1.1,"consistencyWeight":0,"identityDropoutRate":0.05}, Scales {"judgeBias":1,"corps":1}, SeqLen 15, ID_Drop 0.068, WFW 1.500 

History Bucket Diagnostics (Avg Abs Error per sample, normalized units):
Hist | Count | MAE_Pred | MAE_Base | PredDevFromBase
-----|-------|----------|----------|----------------
0    | 71    | 0.7926   | 2.2794   | 2.1385 
1    | 31    | 0.4814   | 1.2121   | 1.1463 
2    | 24    | 0.4867   | 1.0693   | 0.9869 
3-5  | 68    | 0.4735   | 0.9838   | 0.9238 
6+   | 208   | 0.3058   | 0.4743   | 0.4204 

Epoch 338: loss = 0.621488 delta_mae_pts = 0.4445 recap_mae_pts = 0.4445 cat_mae_pts = 0.4831 total_mae_pts = 1.0447 vs_inertia_pts = 0.5272 vs_quad_pts = 1.6478 mon_cov = 0.966 mon_score = 4.9549 time = 39532.14 s

Epoch 339: Weights {"totalWeight":0.1,"recapWeight":0.05,"deltaWeight":9.75,"categoryWeight":0.05,"quantileWeight":1.1,"consistencyWeight":0,"identityDropoutRate":0.05}, Scales {"judgeBias":1,"corps":1}, SeqLen 15, ID_Drop 0.066, WFW 1.500 

History Bucket Diagnostics (Avg Abs Error per sample, normalized units):
Hist | Count | MAE_Pred | MAE_Base | PredDevFromBase
-----|-------|----------|----------|----------------
0    | 71    | 0.7958   | 2.2794   | 2.1447 
1    | 31    | 0.4805   | 1.2121   | 1.1436 
2    | 24    | 0.4864   | 1.0693   | 0.9835 
3-5  | 68    | 0.4713   | 0.9838   | 0.9271 
6+   | 208   | 0.3045   | 0.4743   | 0.4168 

Epoch 339: loss = 0.606124 delta_mae_pts = 0.4439 recap_mae_pts = 0.4439 cat_mae_pts = 0.4799 total_mae_pts = 1.0447 vs_inertia_pts = 0.5278 vs_quad_pts = 1.6484 mon_cov = 0.966 mon_score = 4.9583 time = 39647.28 s

Epoch 340: Weights {"totalWeight":0.1,"recapWeight":0.05,"deltaWeight":9.75,"categoryWeight":0.05,"quantileWeight":1.1,"consistencyWeight":0,"identityDropoutRate":0.05}, Scales {"judgeBias":1,"corps":1}, SeqLen 15, ID_Drop 0.055, WFW 1.500 

History Bucket Diagnostics (Avg Abs Error per sample, normalized units):
Hist | Count | MAE_Pred | MAE_Base | PredDevFromBase
-----|-------|----------|----------|----------------
0    | 71    | 0.7914   | 2.2794   | 2.1452 
1    | 31    | 0.4795   | 1.2121   | 1.1364 
2    | 24    | 0.4786   | 1.0693   | 0.9771 
3-5  | 68    | 0.4700   | 0.9838   | 0.9179 
6+   | 208   | 0.3064   | 0.4743   | 0.4127 

Epoch 340: loss = 0.560526 delta_mae_pts = 0.4434 recap_mae_pts = 0.4434 cat_mae_pts = 0.4797 total_mae_pts = 1.0550 vs_inertia_pts = 0.5283 vs_quad_pts = 1.6489 mon_cov = 0.965 mon_score = 4.9520 time = 39763.05 s

Epoch 341: Weights {"totalWeight":0.1,"recapWeight":0.05,"deltaWeight":9.75,"categoryWeight":0.05,"quantileWeight":1.1,"consistencyWeight":0,"identityDropoutRate":0.05}, Scales {"judgeBias":1,"corps":1}, SeqLen 15, ID_Drop 0.058, WFW 1.500 

History Bucket Diagnostics (Avg Abs Error per sample, normalized units):
Hist | Count | MAE_Pred | MAE_Base | PredDevFromBase
-----|-------|----------|----------|----------------
0    | 71    | 0.7953   | 2.2794   | 2.1313 
1    | 31    | 0.4859   | 1.2121   | 1.1415 
2    | 24    | 0.4943   | 1.0693   | 0.9718 
3-5  | 68    | 0.4680   | 0.9838   | 0.9260 
6+   | 208   | 0.3068   | 0.4743   | 0.4210 

Epoch 341: loss = 0.554963 delta_mae_pts = 0.4453 recap_mae_pts = 0.4453 cat_mae_pts = 0.4809 total_mae_pts = 1.0592 vs_inertia_pts = 0.5264 vs_quad_pts = 1.6470 mon_cov = 0.966 mon_score = 4.9697 time = 39880.17 s

Epoch 342: Weights {"totalWeight":0.1,"recapWeight":0.05,"deltaWeight":9.75,"categoryWeight":0.05,"quantileWeight":1.1,"consistencyWeight":0,"identityDropoutRate":0.05}, Scales {"judgeBias":1,"corps":1}, SeqLen 15, ID_Drop 0.062, WFW 1.500 

History Bucket Diagnostics (Avg Abs Error per sample, normalized units):
Hist | Count | MAE_Pred | MAE_Base | PredDevFromBase
-----|-------|----------|----------|----------------
0    | 71    | 0.7948   | 2.2794   | 2.1547 
1    | 31    | 0.4887   | 1.2121   | 1.1392 
2    | 24    | 0.4928   | 1.0693   | 0.9811 
3-5  | 68    | 0.4687   | 0.9838   | 0.9287 
6+   | 208   | 0.3067   | 0.4743   | 0.4190 

Epoch 342: loss = 0.608842 delta_mae_pts = 0.4455 recap_mae_pts = 0.4455 cat_mae_pts = 0.4840 total_mae_pts = 1.0603 vs_inertia_pts = 0.5263 vs_quad_pts = 1.6468 mon_cov = 0.966 mon_score = 4.9676 time = 39996.70 s

Epoch 343: Weights {"totalWeight":0.1,"recapWeight":0.05,"deltaWeight":9.75,"categoryWeight":0.05,"quantileWeight":1.1,"consistencyWeight":0,"identityDropoutRate":0.05}, Scales {"judgeBias":1,"corps":1}, SeqLen 15, ID_Drop 0.066, WFW 1.500 

History Bucket Diagnostics (Avg Abs Error per sample, normalized units):
Hist | Count | MAE_Pred | MAE_Base | PredDevFromBase
-----|-------|----------|----------|----------------
0    | 71    | 0.7879   | 2.2794   | 2.1401 
1    | 31    | 0.4874   | 1.2121   | 1.1354 
2    | 24    | 0.4811   | 1.0693   | 0.9761 
3-5  | 68    | 0.4723   | 0.9838   | 0.9190 
6+   | 208   | 0.3070   | 0.4743   | 0.4170 

Epoch 343: loss = 0.612799 delta_mae_pts = 0.4442 recap_mae_pts = 0.4442 cat_mae_pts = 0.4835 total_mae_pts = 1.0606 vs_inertia_pts = 0.5275 vs_quad_pts = 1.6481 mon_cov = 0.966 mon_score = 4.9634 time = 40111.54 s

Epoch 344: Weights {"totalWeight":0.1,"recapWeight":0.05,"deltaWeight":9.75,"categoryWeight":0.05,"quantileWeight":1.1,"consistencyWeight":0,"identityDropoutRate":0.05}, Scales {"judgeBias":1,"corps":1}, SeqLen 15, ID_Drop 0.064, WFW 1.500 

History Bucket Diagnostics (Avg Abs Error per sample, normalized units):
Hist | Count | MAE_Pred | MAE_Base | PredDevFromBase
-----|-------|----------|----------|----------------
0    | 71    | 0.7908   | 2.2794   | 2.1440 
1    | 31    | 0.4821   | 1.2121   | 1.1317 
2    | 24    | 0.4902   | 1.0693   | 0.9728 
3-5  | 68    | 0.4687   | 0.9838   | 0.9148 
6+   | 208   | 0.3053   | 0.4743   | 0.4151 

Epoch 344: loss = 0.607020 delta_mae_pts = 0.4434 recap_mae_pts = 0.4434 cat_mae_pts = 0.4834 total_mae_pts = 1.0481 vs_inertia_pts = 0.5284 vs_quad_pts = 1.6489 mon_cov = 0.967 mon_score = 4.9549 time = 40227.06 s

Epoch 345: Weights {"totalWeight":0.1,"recapWeight":0.05,"deltaWeight":9.75,"categoryWeight":0.05,"quantileWeight":1.1,"consistencyWeight":0,"identityDropoutRate":0.05}, Scales {"judgeBias":1,"corps":1}, SeqLen 15, ID_Drop 0.071, WFW 1.500 

History Bucket Diagnostics (Avg Abs Error per sample, normalized units):
Hist | Count | MAE_Pred | MAE_Base | PredDevFromBase
-----|-------|----------|----------|----------------
0    | 71    | 0.7867   | 2.2794   | 2.1355 
1    | 31    | 0.4845   | 1.2121   | 1.1351 
2    | 24    | 0.4834   | 1.0693   | 0.9805 
3-5  | 68    | 0.4700   | 0.9838   | 0.9178 
6+   | 208   | 0.3045   | 0.4743   | 0.4183 

Epoch 345: loss = 0.610676 delta_mae_pts = 0.4422 recap_mae_pts = 0.4422 cat_mae_pts = 0.4822 total_mae_pts = 1.0569 vs_inertia_pts = 0.5295 vs_quad_pts = 1.6501 mon_cov = 0.967 mon_score = 4.9424 time = 40344.61 s

Epoch 346: Weights {"totalWeight":0.1,"recapWeight":0.05,"deltaWeight":9.75,"categoryWeight":0.05,"quantileWeight":1.1,"consistencyWeight":0,"identityDropoutRate":0.05}, Scales {"judgeBias":1,"corps":1}, SeqLen 15, ID_Drop 0.060, WFW 1.500 

History Bucket Diagnostics (Avg Abs Error per sample, normalized units):
Hist | Count | MAE_Pred | MAE_Base | PredDevFromBase
-----|-------|----------|----------|----------------
0    | 71    | 0.7872   | 2.2794   | 2.1449 
1    | 31    | 0.4846   | 1.2121   | 1.1388 
2    | 24    | 0.4916   | 1.0693   | 0.9744 
3-5  | 68    | 0.4729   | 0.9838   | 0.9138 
6+   | 208   | 0.3061   | 0.4743   | 0.4136 

Epoch 346: loss = 0.561844 delta_mae_pts = 0.4441 recap_mae_pts = 0.4441 cat_mae_pts = 0.4840 total_mae_pts = 1.0581 vs_inertia_pts = 0.5276 vs_quad_pts = 1.6482 mon_cov = 0.967 mon_score = 4.9600 time = 40459.94 s

Epoch 347: Weights {"totalWeight":0.1,"recapWeight":0.05,"deltaWeight":9.75,"categoryWeight":0.05,"quantileWeight":1.1,"consistencyWeight":0,"identityDropoutRate":0.05}, Scales {"judgeBias":1,"corps":1}, SeqLen 15, ID_Drop 0.060, WFW 1.500 

History Bucket Diagnostics (Avg Abs Error per sample, normalized units):
Hist | Count | MAE_Pred | MAE_Base | PredDevFromBase
-----|-------|----------|----------|----------------
0    | 71    | 0.7891   | 2.2794   | 2.1345 
1    | 31    | 0.4817   | 1.2121   | 1.1328 
2    | 24    | 0.4871   | 1.0693   | 0.9803 
3-5  | 68    | 0.4713   | 0.9838   | 0.9195 
6+   | 208   | 0.3046   | 0.4743   | 0.4150 

Epoch 347: loss = 0.561097 delta_mae_pts = 0.4429 recap_mae_pts = 0.4429 cat_mae_pts = 0.4823 total_mae_pts = 1.0588 vs_inertia_pts = 0.5288 vs_quad_pts = 1.6493 mon_cov = 0.966 mon_score = 4.9465 time = 40574.26 s

Epoch 348: Weights {"totalWeight":0.1,"recapWeight":0.05,"deltaWeight":9.75,"categoryWeight":0.05,"quantileWeight":1.1,"consistencyWeight":0,"identityDropoutRate":0.05}, Scales {"judgeBias":1,"corps":1}, SeqLen 15, ID_Drop 0.064, WFW 1.500 

History Bucket Diagnostics (Avg Abs Error per sample, normalized units):
Hist | Count | MAE_Pred | MAE_Base | PredDevFromBase
-----|-------|----------|----------|----------------
0    | 71    | 0.7905   | 2.2794   | 2.1539 
1    | 31    | 0.4879   | 1.2121   | 1.1493 
2    | 24    | 0.4949   | 1.0693   | 0.9883 
3-5  | 68    | 0.4734   | 0.9838   | 0.9206 
6+   | 208   | 0.3059   | 0.4743   | 0.4208 

Epoch 348: loss = 0.560350 delta_mae_pts = 0.4451 recap_mae_pts = 0.4451 cat_mae_pts = 0.4858 total_mae_pts = 1.0651 vs_inertia_pts = 0.5266 vs_quad_pts = 1.6472 mon_cov = 0.966 mon_score = 4.9704 time = 40711.88 s

Epoch 349: Weights {"totalWeight":0.1,"recapWeight":0.05,"deltaWeight":9.75,"categoryWeight":0.05,"quantileWeight":1.1,"consistencyWeight":0,"identityDropoutRate":0.05}, Scales {"judgeBias":1,"corps":1}, SeqLen 15, ID_Drop 0.065, WFW 1.500 

History Bucket Diagnostics (Avg Abs Error per sample, normalized units):
Hist | Count | MAE_Pred | MAE_Base | PredDevFromBase
-----|-------|----------|----------|----------------
0    | 71    | 0.7916   | 2.2794   | 2.1311 
1    | 31    | 0.4814   | 1.2121   | 1.1361 
2    | 24    | 0.4898   | 1.0693   | 0.9669 
3-5  | 68    | 0.4743   | 0.9838   | 0.9062 
6+   | 208   | 0.3053   | 0.4743   | 0.4123 

Epoch 349: loss = 0.602976 delta_mae_pts = 0.4444 recap_mae_pts = 0.4444 cat_mae_pts = 0.4860 total_mae_pts = 1.0572 vs_inertia_pts = 0.5274 vs_quad_pts = 1.6479 mon_cov = 0.966 mon_score = 4.9641 time = 40800.74 s

Epoch 350: Weights {"totalWeight":0.1,"recapWeight":0.05,"deltaWeight":9.75,"categoryWeight":0.05,"quantileWeight":1.1,"consistencyWeight":0,"identityDropoutRate":0.05}, Scales {"judgeBias":1,"corps":1}, SeqLen 15, ID_Drop 0.069, WFW 1.500 

History Bucket Diagnostics (Avg Abs Error per sample, normalized units):
Hist | Count | MAE_Pred | MAE_Base | PredDevFromBase
-----|-------|----------|----------|----------------
0    | 71    | 0.7898   | 2.2794   | 2.1465 
1    | 31    | 0.4853   | 1.2121   | 1.1236 
2    | 24    | 0.4802   | 1.0693   | 0.9748 
3-5  | 68    | 0.4698   | 0.9838   | 0.9110 
6+   | 208   | 0.3055   | 0.4743   | 0.4146 

Epoch 350: loss = 0.602724 delta_mae_pts = 0.4431 recap_mae_pts = 0.4431 cat_mae_pts = 0.4824 total_mae_pts = 1.0543 vs_inertia_pts = 0.5286 vs_quad_pts = 1.6492 mon_cov = 0.965 mon_score = 4.9506 time = 40914.26 s

-- - CAPTION STATS(Epoch 350)-- - 
GE1: delta_pts = 0.3449, recap_pts = 0.3449, cov = 0.953, width = 1.9917 
GE2: delta_pts = 0.3354, recap_pts = 0.3354, cov = 0.958, width = 2.0195 
VP: delta_pts = 0.3984, recap_pts = 0.3984, cov = 0.990, width = 3.7794 
VA: delta_pts = 0.3659, recap_pts = 0.3659, cov = 0.948, width = 2.0745 
CG: delta_pts = 0.4839, recap_pts = 0.4839, cov = 0.968, width = 3.8833 
MB: delta_pts = 0.5660, recap_pts = 0.5660, cov = 0.975, width = 5.6011 
MA: delta_pts = 0.3763, recap_pts = 0.3763, cov = 0.945, width = 2.1245 
MP: delta_pts = 0.6742, recap_pts = 0.6742, cov = 0.980, width = 6.1795 
----------------------------------


Epoch 351: Weights {"totalWeight":0.1,"recapWeight":0.05,"deltaWeight":9.75,"categoryWeight":0.05,"quantileWeight":1.1,"consistencyWeight":0,"identityDropoutRate":0.05}, Scales {"judgeBias":1,"corps":1}, SeqLen 15, ID_Drop 0.064, WFW 1.500 

History Bucket Diagnostics (Avg Abs Error per sample, normalized units):
Hist | Count | MAE_Pred | MAE_Base | PredDevFromBase
-----|-------|----------|----------|----------------
0    | 71    | 0.7841   | 2.2794   | 2.1364 
1    | 31    | 0.4902   | 1.2121   | 1.1349 
2    | 24    | 0.4930   | 1.0693   | 0.9794 
3-5  | 68    | 0.4739   | 0.9838   | 0.9136 
6+   | 208   | 0.3058   | 0.4743   | 0.4131 

Epoch 351: loss = 0.603693 delta_mae_pts = 0.4441 recap_mae_pts = 0.4441 cat_mae_pts = 0.4824 total_mae_pts = 1.0499 vs_inertia_pts = 0.5276 vs_quad_pts = 1.6482 mon_cov = 0.965 mon_score = 4.9630 time = 41031.37 s

Epoch 352: Weights {"totalWeight":0.1,"recapWeight":0.05,"deltaWeight":9.75,"categoryWeight":0.05,"quantileWeight":1.1,"consistencyWeight":0,"identityDropoutRate":0.05}, Scales {"judgeBias":1,"corps":1}, SeqLen 15, ID_Drop 0.065, WFW 1.500 

History Bucket Diagnostics (Avg Abs Error per sample, normalized units):
Hist | Count | MAE_Pred | MAE_Base | PredDevFromBase
-----|-------|----------|----------|----------------
0    | 71    | 0.7745   | 2.2794   | 2.1499 
1    | 31    | 0.4885   | 1.2121   | 1.1437 
2    | 24    | 0.4977   | 1.0693   | 0.9887 
3-5  | 68    | 0.4760   | 0.9838   | 0.9264 
6+   | 208   | 0.3061   | 0.4743   | 0.4230 

Epoch 352: loss = 0.597696 delta_mae_pts = 0.4430 recap_mae_pts = 0.4430 cat_mae_pts = 0.4842 total_mae_pts = 1.0622 vs_inertia_pts = 0.5287 vs_quad_pts = 1.6492 mon_cov = 0.965 mon_score = 4.9497 time = 41148.91 s

Epoch 353: Weights {"totalWeight":0.1,"recapWeight":0.05,"deltaWeight":9.75,"categoryWeight":0.05,"quantileWeight":1.1,"consistencyWeight":0,"identityDropoutRate":0.05}, Scales {"judgeBias":1,"corps":1}, SeqLen 15, ID_Drop 0.066, WFW 1.500 

History Bucket Diagnostics (Avg Abs Error per sample, normalized units):
Hist | Count | MAE_Pred | MAE_Base | PredDevFromBase
-----|-------|----------|----------|----------------
0    | 71    | 0.7731   | 2.2794   | 2.1425 
1    | 31    | 0.4868   | 1.2121   | 1.1452 
2    | 24    | 0.4888   | 1.0693   | 0.9935 
3-5  | 68    | 0.4711   | 0.9838   | 0.9263 
6+   | 208   | 0.3048   | 0.4743   | 0.4198 

Epoch 353: loss = 0.598339 delta_mae_pts = 0.4407 recap_mae_pts = 0.4407 cat_mae_pts = 0.4803 total_mae_pts = 1.0515 vs_inertia_pts = 0.5310 vs_quad_pts = 1.6516 mon_cov = 0.967 mon_score = 4.9298 time = 41265.13 s
Saved BEST checkpoint @epoch 353 score = 4.9298 -> models\v9_subcaption_fixed\v9fix_w1p0_cov4_1770464048897\best 

Epoch 354: Weights {"totalWeight":0.1,"recapWeight":0.05,"deltaWeight":9.75,"categoryWeight":0.05,"quantileWeight":1.1,"consistencyWeight":0,"identityDropoutRate":0.05}, Scales {"judgeBias":1,"corps":1}, SeqLen 15, ID_Drop 0.069, WFW 1.500 

History Bucket Diagnostics (Avg Abs Error per sample, normalized units):
Hist | Count | MAE_Pred | MAE_Base | PredDevFromBase
-----|-------|----------|----------|----------------
0    | 71    | 0.7876   | 2.2794   | 2.1461 
1    | 31    | 0.4827   | 1.2121   | 1.1347 
2    | 24    | 0.4896   | 1.0693   | 0.9789 
3-5  | 68    | 0.4701   | 0.9838   | 0.9174 
6+   | 208   | 0.3062   | 0.4743   | 0.4126 

Epoch 354: loss = 0.612996 delta_mae_pts = 0.4435 recap_mae_pts = 0.4435 cat_mae_pts = 0.4824 total_mae_pts = 1.0487 vs_inertia_pts = 0.5282 vs_quad_pts = 1.6488 mon_cov = 0.966 mon_score = 4.9502 time = 41380.08 s

Epoch 355: Weights {"totalWeight":0.1,"recapWeight":0.05,"deltaWeight":9.75,"categoryWeight":0.05,"quantileWeight":1.1,"consistencyWeight":0,"identityDropoutRate":0.05}, Scales {"judgeBias":1,"corps":1}, SeqLen 15, ID_Drop 0.076, WFW 1.500 

History Bucket Diagnostics (Avg Abs Error per sample, normalized units):
Hist | Count | MAE_Pred | MAE_Base | PredDevFromBase
-----|-------|----------|----------|----------------
0    | 71    | 0.7766   | 2.2794   | 2.1498 
1    | 31    | 0.4812   | 1.2121   | 1.1362 
2    | 24    | 0.4825   | 1.0693   | 0.9760 
3-5  | 68    | 0.4731   | 0.9838   | 0.9210 
6+   | 208   | 0.3075   | 0.4743   | 0.4169 

Epoch 355: loss = 0.612728 delta_mae_pts = 0.4422 recap_mae_pts = 0.4422 cat_mae_pts = 0.4858 total_mae_pts = 1.0591 vs_inertia_pts = 0.5295 vs_quad_pts = 1.6501 mon_cov = 0.965 mon_score = 4.9433 time = 41495.34 s

Epoch 356: Weights {"totalWeight":0.1,"recapWeight":0.05,"deltaWeight":9.75,"categoryWeight":0.05,"quantileWeight":1.1,"consistencyWeight":0,"identityDropoutRate":0.05}, Scales {"judgeBias":1,"corps":1}, SeqLen 15, ID_Drop 0.071, WFW 1.500 

History Bucket Diagnostics (Avg Abs Error per sample, normalized units):
Hist | Count | MAE_Pred | MAE_Base | PredDevFromBase
-----|-------|----------|----------|----------------
0    | 71    | 0.7890   | 2.2794   | 2.1350 
1    | 31    | 0.4794   | 1.2121   | 1.1319 
2    | 24    | 0.4863   | 1.0693   | 0.9771 
3-5  | 68    | 0.4719   | 0.9838   | 0.9169 
6+   | 208   | 0.3052   | 0.4743   | 0.4195 

Epoch 356: loss = 0.605740 delta_mae_pts = 0.4431 recap_mae_pts = 0.4431 cat_mae_pts = 0.4808 total_mae_pts = 1.0647 vs_inertia_pts = 0.5287 vs_quad_pts = 1.6492 mon_cov = 0.967 mon_score = 4.9506 time = 41610.22 s

Epoch 357: Weights {"totalWeight":0.1,"recapWeight":0.05,"deltaWeight":9.75,"categoryWeight":0.05,"quantileWeight":1.1,"consistencyWeight":0,"identityDropoutRate":0.05}, Scales {"judgeBias":1,"corps":1}, SeqLen 15, ID_Drop 0.071, WFW 1.500 

History Bucket Diagnostics (Avg Abs Error per sample, normalized units):
Hist | Count | MAE_Pred | MAE_Base | PredDevFromBase
-----|-------|----------|----------|----------------
0    | 71    | 0.7810   | 2.2794   | 2.1554 
1    | 31    | 0.4778   | 1.2121   | 1.1384 
2    | 24    | 0.4789   | 1.0693   | 0.9826 
3-5  | 68    | 0.4705   | 0.9838   | 0.9179 
6+   | 208   | 0.3059   | 0.4743   | 0.4135 

Epoch 357: loss = 0.606123 delta_mae_pts = 0.4412 recap_mae_pts = 0.4412 cat_mae_pts = 0.4818 total_mae_pts = 1.0512 vs_inertia_pts = 0.5305 vs_quad_pts = 1.6511 mon_cov = 0.965 mon_score = 4.9285 time = 41726.10 s
Saved BEST checkpoint @epoch 357 score = 4.9285 -> models\v9_subcaption_fixed\v9fix_w1p0_cov4_1770464048897\best 

Epoch 358: Weights {"totalWeight":0.1,"recapWeight":0.05,"deltaWeight":9.75,"categoryWeight":0.05,"quantileWeight":1.1,"consistencyWeight":0,"identityDropoutRate":0.05}, Scales {"judgeBias":1,"corps":1}, SeqLen 15, ID_Drop 0.070, WFW 1.500 

History Bucket Diagnostics (Avg Abs Error per sample, normalized units):
Hist | Count | MAE_Pred | MAE_Base | PredDevFromBase
-----|-------|----------|----------|----------------
0    | 71    | 0.7935   | 2.2794   | 2.1447 
1    | 31    | 0.4821   | 1.2121   | 1.1351 
2    | 24    | 0.4925   | 1.0693   | 0.9868 
3-5  | 68    | 0.4686   | 0.9838   | 0.9238 
6+   | 208   | 0.3055   | 0.4743   | 0.4191 

Epoch 358: loss = 0.609253 delta_mae_pts = 0.4441 recap_mae_pts = 0.4441 cat_mae_pts = 0.4804 total_mae_pts = 1.0667 vs_inertia_pts = 0.5277 vs_quad_pts = 1.6482 mon_cov = 0.965 mon_score = 4.9624 time = 41842.33 s

Epoch 359: Weights {"totalWeight":0.1,"recapWeight":0.05,"deltaWeight":9.75,"categoryWeight":0.05,"quantileWeight":1.1,"consistencyWeight":0,"identityDropoutRate":0.05}, Scales {"judgeBias":1,"corps":1}, SeqLen 15, ID_Drop 0.071, WFW 1.500 

History Bucket Diagnostics (Avg Abs Error per sample, normalized units):
Hist | Count | MAE_Pred | MAE_Base | PredDevFromBase
-----|-------|----------|----------|----------------
0    | 71    | 0.7825   | 2.2794   | 2.1543 
1    | 31    | 0.4852   | 1.2121   | 1.1324 
2    | 24    | 0.4850   | 1.0693   | 0.9781 
3-5  | 68    | 0.4682   | 0.9838   | 0.9227 
6+   | 208   | 0.3054   | 0.4743   | 0.4166 

Epoch 359: loss = 0.608261 delta_mae_pts = 0.4418 recap_mae_pts = 0.4418 cat_mae_pts = 0.4838 total_mae_pts = 1.0663 vs_inertia_pts = 0.5300 vs_quad_pts = 1.6505 mon_cov = 0.965 mon_score = 4.9330 time = 41955.72 s

Epoch 360: Weights {"totalWeight":0.1,"recapWeight":0.05,"deltaWeight":9.75,"categoryWeight":0.05,"quantileWeight":1.1,"consistencyWeight":0,"identityDropoutRate":0.05}, Scales {"judgeBias":1,"corps":1}, SeqLen 15, ID_Drop 0.064, WFW 1.500 

History Bucket Diagnostics (Avg Abs Error per sample, normalized units):
Hist | Count | MAE_Pred | MAE_Base | PredDevFromBase
-----|-------|----------|----------|----------------
0    | 71    | 0.8209   | 2.2794   | 2.1466 
1    | 31    | 0.4820   | 1.2121   | 1.1464 
2    | 24    | 0.4873   | 1.0693   | 0.9860 
3-5  | 68    | 0.4760   | 0.9838   | 0.9155 
6+   | 208   | 0.3063   | 0.4743   | 0.4146 

Epoch 360: loss = 0.568035 delta_mae_pts = 0.4502 recap_mae_pts = 0.4502 cat_mae_pts = 0.4819 total_mae_pts = 1.0621 vs_inertia_pts = 0.5215 vs_quad_pts = 1.6421 mon_cov = 0.966 mon_score = 5.0222 time = 42071.79 s

Epoch 361: Weights {"totalWeight":0.1,"recapWeight":0.05,"deltaWeight":9.75,"categoryWeight":0.05,"quantileWeight":1.1,"consistencyWeight":0,"identityDropoutRate":0.05}, Scales {"judgeBias":1,"corps":1}, SeqLen 15, ID_Drop 0.062, WFW 1.500 

History Bucket Diagnostics (Avg Abs Error per sample, normalized units):
Hist | Count | MAE_Pred | MAE_Base | PredDevFromBase
-----|-------|----------|----------|----------------
0    | 71    | 0.7930   | 2.2794   | 2.1611 
1    | 31    | 0.4834   | 1.2121   | 1.1383 
2    | 24    | 0.4896   | 1.0693   | 0.9942 
3-5  | 68    | 0.4708   | 0.9838   | 0.9262 
6+   | 208   | 0.3048   | 0.4743   | 0.4217 

Epoch 361: loss = 0.569452 delta_mae_pts = 0.4439 recap_mae_pts = 0.4439 cat_mae_pts = 0.4831 total_mae_pts = 1.0607 vs_inertia_pts = 0.5278 vs_quad_pts = 1.6484 mon_cov = 0.965 mon_score = 4.9612 time = 42188.37 s

Epoch 362: Weights {"totalWeight":0.1,"recapWeight":0.05,"deltaWeight":9.75,"categoryWeight":0.05,"quantileWeight":1.1,"consistencyWeight":0,"identityDropoutRate":0.05}, Scales {"judgeBias":1,"corps":1}, SeqLen 15, ID_Drop 0.064, WFW 1.500 

History Bucket Diagnostics (Avg Abs Error per sample, normalized units):
Hist | Count | MAE_Pred | MAE_Base | PredDevFromBase
-----|-------|----------|----------|----------------
0    | 71    | 0.7891   | 2.2794   | 2.1476 
1    | 31    | 0.4827   | 1.2121   | 1.1384 
2    | 24    | 0.4905   | 1.0693   | 0.9774 
3-5  | 68    | 0.4723   | 0.9838   | 0.9182 
6+   | 208   | 0.3056   | 0.4743   | 0.4152 

Epoch 362: loss = 0.557002 delta_mae_pts = 0.4439 recap_mae_pts = 0.4439 cat_mae_pts = 0.4843 total_mae_pts = 1.0560 vs_inertia_pts = 0.5278 vs_quad_pts = 1.6484 mon_cov = 0.965 mon_score = 4.9622 time = 42302.47 s

Epoch 363: Weights {"totalWeight":0.1,"recapWeight":0.05,"deltaWeight":9.75,"categoryWeight":0.05,"quantileWeight":1.1,"consistencyWeight":0,"identityDropoutRate":0.05}, Scales {"judgeBias":1,"corps":1}, SeqLen 15, ID_Drop 0.057, WFW 1.500 

History Bucket Diagnostics (Avg Abs Error per sample, normalized units):
Hist | Count | MAE_Pred | MAE_Base | PredDevFromBase
-----|-------|----------|----------|----------------
0    | 71    | 0.7831   | 2.2794   | 2.1473 
1    | 31    | 0.4790   | 1.2121   | 1.1336 
2    | 24    | 0.4869   | 1.0693   | 0.9759 
3-5  | 68    | 0.4682   | 0.9838   | 0.9182 
6+   | 208   | 0.3037   | 0.4743   | 0.4156 

Epoch 363: loss = 0.550760 delta_mae_pts = 0.4407 recap_mae_pts = 0.4407 cat_mae_pts = 0.4805 total_mae_pts = 1.0481 vs_inertia_pts = 0.5311 vs_quad_pts = 1.6516 mon_cov = 0.966 mon_score = 4.9282 time = 42417.97 s
Saved BEST checkpoint @epoch 363 score = 4.9282 -> models\v9_subcaption_fixed\v9fix_w1p0_cov4_1770464048897\best 

Epoch 364: Weights {"totalWeight":0.1,"recapWeight":0.05,"deltaWeight":9.75,"categoryWeight":0.05,"quantileWeight":1.1,"consistencyWeight":0,"identityDropoutRate":0.05}, Scales {"judgeBias":1,"corps":1}, SeqLen 15, ID_Drop 0.069, WFW 1.500 

History Bucket Diagnostics (Avg Abs Error per sample, normalized units):
Hist | Count | MAE_Pred | MAE_Base | PredDevFromBase
-----|-------|----------|----------|----------------
0    | 71    | 0.7831   | 2.2794   | 2.1457 
1    | 31    | 0.4821   | 1.2121   | 1.1373 
2    | 24    | 0.4872   | 1.0693   | 0.9813 
3-5  | 68    | 0.4741   | 0.9838   | 0.9191 
6+   | 208   | 0.3060   | 0.4743   | 0.4172 

Epoch 364: loss = 0.596452 delta_mae_pts = 0.4431 recap_mae_pts = 0.4431 cat_mae_pts = 0.4842 total_mae_pts = 1.0560 vs_inertia_pts = 0.5286 vs_quad_pts = 1.6492 mon_cov = 0.966 mon_score = 4.9517 time = 42534.67 s

Epoch 365: Weights {"totalWeight":0.1,"recapWeight":0.05,"deltaWeight":9.75,"categoryWeight":0.05,"quantileWeight":1.1,"consistencyWeight":0,"identityDropoutRate":0.05}, Scales {"judgeBias":1,"corps":1}, SeqLen 15, ID_Drop 0.058, WFW 1.500 

History Bucket Diagnostics (Avg Abs Error per sample, normalized units):
Hist | Count | MAE_Pred | MAE_Base | PredDevFromBase
-----|-------|----------|----------|----------------
0    | 71    | 0.7814   | 2.2794   | 2.1562 
1    | 31    | 0.4834   | 1.2121   | 1.1410 
2    | 24    | 0.4842   | 1.0693   | 0.9831 
3-5  | 68    | 0.4703   | 0.9838   | 0.9240 
6+   | 208   | 0.3065   | 0.4743   | 0.4184 

Epoch 365: loss = 0.554321 delta_mae_pts = 0.4424 recap_mae_pts = 0.4424 cat_mae_pts = 0.4844 total_mae_pts = 1.0559 vs_inertia_pts = 0.5294 vs_quad_pts = 1.6499 mon_cov = 0.966 mon_score = 4.9407 time = 42650.29 s

Epoch 366: Weights {"totalWeight":0.1,"recapWeight":0.05,"deltaWeight":9.75,"categoryWeight":0.05,"quantileWeight":1.1,"consistencyWeight":0,"identityDropoutRate":0.05}, Scales {"judgeBias":1,"corps":1}, SeqLen 15, ID_Drop 0.064, WFW 1.500 

History Bucket Diagnostics (Avg Abs Error per sample, normalized units):
Hist | Count | MAE_Pred | MAE_Base | PredDevFromBase
-----|-------|----------|----------|----------------
0    | 71    | 0.7798   | 2.2794   | 2.1469 
1    | 31    | 0.4855   | 1.2121   | 1.1353 
2    | 24    | 0.4879   | 1.0693   | 0.9714 
3-5  | 68    | 0.4722   | 0.9838   | 0.9206 
6+   | 208   | 0.3047   | 0.4743   | 0.4162 

Epoch 366: loss = 0.552556 delta_mae_pts = 0.4418 recap_mae_pts = 0.4418 cat_mae_pts = 0.4861 total_mae_pts = 1.0620 vs_inertia_pts = 0.5299 vs_quad_pts = 1.6504 mon_cov = 0.966 mon_score = 4.9438 time = 42763.09 s

Epoch 367: Weights {"totalWeight":0.1,"recapWeight":0.05,"deltaWeight":9.75,"categoryWeight":0.05,"quantileWeight":1.1,"consistencyWeight":0,"identityDropoutRate":0.05}, Scales {"judgeBias":1,"corps":1}, SeqLen 15, ID_Drop 0.068, WFW 1.500 

History Bucket Diagnostics (Avg Abs Error per sample, normalized units):
Hist | Count | MAE_Pred | MAE_Base | PredDevFromBase
-----|-------|----------|----------|----------------
0    | 71    | 0.7846   | 2.2794   | 2.1483 
1    | 31    | 0.4818   | 1.2121   | 1.1314 
2    | 24    | 0.4847   | 1.0693   | 0.9754 
3-5  | 68    | 0.4724   | 0.9838   | 0.9235 
6+   | 208   | 0.3051   | 0.4743   | 0.4163 

Epoch 367: loss = 0.597243 delta_mae_pts = 0.4424 recap_mae_pts = 0.4424 cat_mae_pts = 0.4835 total_mae_pts = 1.0625 vs_inertia_pts = 0.5293 vs_quad_pts = 1.6498 mon_cov = 0.966 mon_score = 4.9451 time = 42879.35 s

Epoch 368: Weights {"totalWeight":0.1,"recapWeight":0.05,"deltaWeight":9.75,"categoryWeight":0.05,"quantileWeight":1.1,"consistencyWeight":0,"identityDropoutRate":0.05}, Scales {"judgeBias":1,"corps":1}, SeqLen 15, ID_Drop 0.062, WFW 1.500 

History Bucket Diagnostics (Avg Abs Error per sample, normalized units):
Hist | Count | MAE_Pred | MAE_Base | PredDevFromBase
-----|-------|----------|----------|----------------
0    | 71    | 0.7838   | 2.2794   | 2.1516 
1    | 31    | 0.4842   | 1.2121   | 1.1421 
2    | 24    | 0.4814   | 1.0693   | 0.9830 
3-5  | 68    | 0.4708   | 0.9838   | 0.9202 
6+   | 208   | 0.3052   | 0.4743   | 0.4156 

Epoch 368: loss = 0.595771 delta_mae_pts = 0.4420 recap_mae_pts = 0.4420 cat_mae_pts = 0.4833 total_mae_pts = 1.0595 vs_inertia_pts = 0.5297 vs_quad_pts = 1.6502 mon_cov = 0.966 mon_score = 4.9385 time = 42997.28 s

Epoch 369: Weights {"totalWeight":0.1,"recapWeight":0.05,"deltaWeight":9.75,"categoryWeight":0.05,"quantileWeight":1.1,"consistencyWeight":0,"identityDropoutRate":0.05}, Scales {"judgeBias":1,"corps":1}, SeqLen 15, ID_Drop 0.057, WFW 1.500 

History Bucket Diagnostics (Avg Abs Error per sample, normalized units):
Hist | Count | MAE_Pred | MAE_Base | PredDevFromBase
-----|-------|----------|----------|----------------
0    | 71    | 0.7784   | 2.2794   | 2.1433 
1    | 31    | 0.4796   | 1.2121   | 1.1386 
2    | 24    | 0.4868   | 1.0693   | 0.9814 
3-5  | 68    | 0.4711   | 0.9838   | 0.9237 
6+   | 208   | 0.3043   | 0.4743   | 0.4189 

Epoch 369: loss = 0.555613 delta_mae_pts = 0.4407 recap_mae_pts = 0.4407 cat_mae_pts = 0.4844 total_mae_pts = 1.0610 vs_inertia_pts = 0.5311 vs_quad_pts = 1.6516 mon_cov = 0.966 mon_score = 4.9256 time = 43113.14 s
Saved BEST checkpoint @epoch 369 score = 4.9256 -> models\v9_subcaption_fixed\v9fix_w1p0_cov4_1770464048897\best 

Epoch 370: Weights {"totalWeight":0.1,"recapWeight":0.05,"deltaWeight":9.75,"categoryWeight":0.05,"quantileWeight":1.1,"consistencyWeight":0,"identityDropoutRate":0.05}, Scales {"judgeBias":1,"corps":1}, SeqLen 15, ID_Drop 0.058, WFW 1.500 

History Bucket Diagnostics (Avg Abs Error per sample, normalized units):
Hist | Count | MAE_Pred | MAE_Base | PredDevFromBase
-----|-------|----------|----------|----------------
0    | 71    | 0.7785   | 2.2794   | 2.1504 
1    | 31    | 0.4805   | 1.2121   | 1.1471 
2    | 24    | 0.4896   | 1.0693   | 0.9893 
3-5  | 68    | 0.4723   | 0.9838   | 0.9284 
6+   | 208   | 0.3052   | 0.4743   | 0.4229 

Epoch 370: loss = 0.550824 delta_mae_pts = 0.4416 recap_mae_pts = 0.4416 cat_mae_pts = 0.4841 total_mae_pts = 1.0640 vs_inertia_pts = 0.5301 vs_quad_pts = 1.6507 mon_cov = 0.966 mon_score = 4.9360 time = 43227.31 s

Epoch 371: Weights {"totalWeight":0.1,"recapWeight":0.05,"deltaWeight":9.75,"categoryWeight":0.05,"quantileWeight":1.1,"consistencyWeight":0,"identityDropoutRate":0.05}, Scales {"judgeBias":1,"corps":1}, SeqLen 15, ID_Drop 0.057, WFW 1.500 

History Bucket Diagnostics (Avg Abs Error per sample, normalized units):
Hist | Count | MAE_Pred | MAE_Base | PredDevFromBase
-----|-------|----------|----------|----------------
0    | 71    | 0.7810   | 2.2794   | 2.1517 
1    | 31    | 0.4801   | 1.2121   | 1.1515 
2    | 24    | 0.4825   | 1.0693   | 0.9878 
3-5  | 68    | 0.4713   | 0.9838   | 0.9263 
6+   | 208   | 0.3056   | 0.4743   | 0.4232 

Epoch 371: loss = 0.546965 delta_mae_pts = 0.4416 recap_mae_pts = 0.4416 cat_mae_pts = 0.4822 total_mae_pts = 1.0590 vs_inertia_pts = 0.5301 vs_quad_pts = 1.6507 mon_cov = 0.966 mon_score = 4.9378 time = 43343.71 s

Epoch 372: Weights {"totalWeight":0.1,"recapWeight":0.05,"deltaWeight":9.75,"categoryWeight":0.05,"quantileWeight":1.1,"consistencyWeight":0,"identityDropoutRate":0.05}, Scales {"judgeBias":1,"corps":1}, SeqLen 15, ID_Drop 0.064, WFW 1.500 

History Bucket Diagnostics (Avg Abs Error per sample, normalized units):
Hist | Count | MAE_Pred | MAE_Base | PredDevFromBase
-----|-------|----------|----------|----------------
0    | 71    | 0.7743   | 2.2794   | 2.1469 
1    | 31    | 0.4886   | 1.2121   | 1.1442 
2    | 24    | 0.4862   | 1.0693   | 0.9871 
3-5  | 68    | 0.4711   | 0.9838   | 0.9199 
6+   | 208   | 0.3055   | 0.4743   | 0.4164 

Epoch 372: loss = 0.545274 delta_mae_pts = 0.4412 recap_mae_pts = 0.4412 cat_mae_pts = 0.4836 total_mae_pts = 1.0624 vs_inertia_pts = 0.5305 vs_quad_pts = 1.6510 mon_cov = 0.965 mon_score = 4.9331 time = 43459.62 s

Epoch 373: Weights {"totalWeight":0.1,"recapWeight":0.05,"deltaWeight":9.75,"categoryWeight":0.05,"quantileWeight":1.1,"consistencyWeight":0,"identityDropoutRate":0.05}, Scales {"judgeBias":1,"corps":1}, SeqLen 15, ID_Drop 0.057, WFW 1.500 

History Bucket Diagnostics (Avg Abs Error per sample, normalized units):
Hist | Count | MAE_Pred | MAE_Base | PredDevFromBase
-----|-------|----------|----------|----------------
0    | 71    | 0.7839   | 2.2794   | 2.1649 
1    | 31    | 0.4820   | 1.2121   | 1.1367 
2    | 24    | 0.4792   | 1.0693   | 0.9818 
3-5  | 68    | 0.4722   | 0.9838   | 0.9193 
6+   | 208   | 0.3067   | 0.4743   | 0.4165 

Epoch 373: loss = 0.547122 delta_mae_pts = 0.4428 recap_mae_pts = 0.4428 cat_mae_pts = 0.4847 total_mae_pts = 1.0639 vs_inertia_pts = 0.5289 vs_quad_pts = 1.6495 mon_cov = 0.965 mon_score = 4.9471 time = 43574.12 s

Epoch 374: Weights {"totalWeight":0.1,"recapWeight":0.05,"deltaWeight":9.75,"categoryWeight":0.05,"quantileWeight":1.1,"consistencyWeight":0,"identityDropoutRate":0.05}, Scales {"judgeBias":1,"corps":1}, SeqLen 15, ID_Drop 0.058, WFW 1.500 

History Bucket Diagnostics (Avg Abs Error per sample, normalized units):
Hist | Count | MAE_Pred | MAE_Base | PredDevFromBase
-----|-------|----------|----------|----------------
0    | 71    | 0.7785   | 2.2794   | 2.1482 
1    | 31    | 0.4858   | 1.2121   | 1.1370 
2    | 24    | 0.4860   | 1.0693   | 0.9839 
3-5  | 68    | 0.4699   | 0.9838   | 0.9238 
6+   | 208   | 0.3048   | 0.4743   | 0.4178 

Epoch 374: loss = 0.550128 delta_mae_pts = 0.4412 recap_mae_pts = 0.4412 cat_mae_pts = 0.4827 total_mae_pts = 1.0598 vs_inertia_pts = 0.5305 vs_quad_pts = 1.6511 mon_cov = 0.966 mon_score = 4.9352 time = 43690.13 s

Epoch 375: Weights {"totalWeight":0.1,"recapWeight":0.05,"deltaWeight":9.75,"categoryWeight":0.05,"quantileWeight":1.1,"consistencyWeight":0,"identityDropoutRate":0.05}, Scales {"judgeBias":1,"corps":1}, SeqLen 15, ID_Drop 0.058, WFW 1.500 

History Bucket Diagnostics (Avg Abs Error per sample, normalized units):
Hist | Count | MAE_Pred | MAE_Base | PredDevFromBase
-----|-------|----------|----------|----------------
0    | 71    | 0.7838   | 2.2794   | 2.1630 
1    | 31    | 0.4827   | 1.2121   | 1.1399 
2    | 24    | 0.4843   | 1.0693   | 0.9859 
3-5  | 68    | 0.4680   | 0.9838   | 0.9238 
6+   | 208   | 0.3063   | 0.4743   | 0.4174 

Epoch 375: loss = 0.548314 delta_mae_pts = 0.4422 recap_mae_pts = 0.4422 cat_mae_pts = 0.4839 total_mae_pts = 1.0588 vs_inertia_pts = 0.5295 vs_quad_pts = 1.6501 mon_cov = 0.965 mon_score = 4.9423 time = 43806.74 s

Epoch 376: Weights {"totalWeight":0.1,"recapWeight":0.05,"deltaWeight":9.75,"categoryWeight":0.05,"quantileWeight":1.1,"consistencyWeight":0,"identityDropoutRate":0.05}, Scales {"judgeBias":1,"corps":1}, SeqLen 15, ID_Drop 0.076, WFW 1.500 

History Bucket Diagnostics (Avg Abs Error per sample, normalized units):
Hist | Count | MAE_Pred | MAE_Base | PredDevFromBase
-----|-------|----------|----------|----------------
0    | 71    | 0.7901   | 2.2794   | 2.1422 
1    | 31    | 0.4864   | 1.2121   | 1.1393 
2    | 24    | 0.4903   | 1.0693   | 0.9796 
3-5  | 68    | 0.4700   | 0.9838   | 0.9188 
6+   | 208   | 0.3064   | 0.4743   | 0.4187 

Epoch 376: loss = 0.601159 delta_mae_pts = 0.4444 recap_mae_pts = 0.4444 cat_mae_pts = 0.4804 total_mae_pts = 1.0597 vs_inertia_pts = 0.5273 vs_quad_pts = 1.6479 mon_cov = 0.965 mon_score = 4.9633 time = 43923.90 s

Epoch 377: Weights {"totalWeight":0.1,"recapWeight":0.05,"deltaWeight":9.75,"categoryWeight":0.05,"quantileWeight":1.1,"consistencyWeight":0,"identityDropoutRate":0.05}, Scales {"judgeBias":1,"corps":1}, SeqLen 15, ID_Drop 0.074, WFW 1.500 

History Bucket Diagnostics (Avg Abs Error per sample, normalized units):
Hist | Count | MAE_Pred | MAE_Base | PredDevFromBase
-----|-------|----------|----------|----------------
0    | 71    | 0.7812   | 2.2794   | 2.1523 
1    | 31    | 0.4851   | 1.2121   | 1.1482 
2    | 24    | 0.4859   | 1.0693   | 0.9843 
3-5  | 68    | 0.4695   | 0.9838   | 0.9219 
6+   | 208   | 0.3062   | 0.4743   | 0.4208 

Epoch 377: loss = 0.599067 delta_mae_pts = 0.4422 recap_mae_pts = 0.4422 cat_mae_pts = 0.4825 total_mae_pts = 1.0591 vs_inertia_pts = 0.5295 vs_quad_pts = 1.6500 mon_cov = 0.965 mon_score = 4.9399 time = 44039.36 s

Epoch 378: Weights {"totalWeight":0.1,"recapWeight":0.05,"deltaWeight":9.75,"categoryWeight":0.05,"quantileWeight":1.1,"consistencyWeight":0,"identityDropoutRate":0.05}, Scales {"judgeBias":1,"corps":1}, SeqLen 15, ID_Drop 0.067, WFW 1.500 

History Bucket Diagnostics (Avg Abs Error per sample, normalized units):
Hist | Count | MAE_Pred | MAE_Base | PredDevFromBase
-----|-------|----------|----------|----------------
0    | 71    | 0.7768   | 2.2794   | 2.1570 
1    | 31    | 0.4818   | 1.2121   | 1.1371 
2    | 24    | 0.4903   | 1.0693   | 0.9901 
3-5  | 68    | 0.4732   | 0.9838   | 0.9226 
6+   | 208   | 0.3062   | 0.4743   | 0.4204 

Epoch 378: loss = 0.600581 delta_mae_pts = 0.4421 recap_mae_pts = 0.4421 cat_mae_pts = 0.4837 total_mae_pts = 1.0689 vs_inertia_pts = 0.5296 vs_quad_pts = 1.6502 mon_cov = 0.965 mon_score = 4.9410 time = 44158.13 s

Epoch 379: Weights {"totalWeight":0.1,"recapWeight":0.05,"deltaWeight":9.75,"categoryWeight":0.05,"quantileWeight":1.1,"consistencyWeight":0,"identityDropoutRate":0.05}, Scales {"judgeBias":1,"corps":1}, SeqLen 15, ID_Drop 0.074, WFW 1.500 

History Bucket Diagnostics (Avg Abs Error per sample, normalized units):
Hist | Count | MAE_Pred | MAE_Base | PredDevFromBase
-----|-------|----------|----------|----------------
0    | 71    | 0.7852   | 2.2794   | 2.1468 
1    | 31    | 0.4799   | 1.2121   | 1.1307 
2    | 24    | 0.4922   | 1.0693   | 0.9786 
3-5  | 68    | 0.4720   | 0.9838   | 0.9158 
6+   | 208   | 0.3056   | 0.4743   | 0.4142 

Epoch 379: loss = 0.601850 delta_mae_pts = 0.4431 recap_mae_pts = 0.4431 cat_mae_pts = 0.4822 total_mae_pts = 1.0547 vs_inertia_pts = 0.5287 vs_quad_pts = 1.6492 mon_cov = 0.965 mon_score = 4.9466 time = 44273.65 s

Epoch 380: Weights {"totalWeight":0.1,"recapWeight":0.05,"deltaWeight":9.75,"categoryWeight":0.05,"quantileWeight":1.1,"consistencyWeight":0,"identityDropoutRate":0.05}, Scales {"judgeBias":1,"corps":1}, SeqLen 15, ID_Drop 0.062, WFW 1.500 

History Bucket Diagnostics (Avg Abs Error per sample, normalized units):
Hist | Count | MAE_Pred | MAE_Base | PredDevFromBase
-----|-------|----------|----------|----------------
0    | 71    | 0.7887   | 2.2794   | 2.1626 
1    | 31    | 0.4845   | 1.2121   | 1.1496 
2    | 24    | 0.4940   | 1.0693   | 0.9866 
3-5  | 68    | 0.4713   | 0.9838   | 0.9232 
6+   | 208   | 0.3061   | 0.4743   | 0.4201 

Epoch 380: loss = 0.586573 delta_mae_pts = 0.4442 recap_mae_pts = 0.4442 cat_mae_pts = 0.4822 total_mae_pts = 1.0575 vs_inertia_pts = 0.5275 vs_quad_pts = 1.6481 mon_cov = 0.965 mon_score = 4.9604 time = 44396.61 s

Epoch 381: Weights {"totalWeight":0.1,"recapWeight":0.05,"deltaWeight":9.75,"categoryWeight":0.05,"quantileWeight":1.1,"consistencyWeight":0,"identityDropoutRate":0.05}, Scales {"judgeBias":1,"corps":1}, SeqLen 15, ID_Drop 0.070, WFW 1.500 

History Bucket Diagnostics (Avg Abs Error per sample, normalized units):
Hist | Count | MAE_Pred | MAE_Base | PredDevFromBase
-----|-------|----------|----------|----------------
0    | 71    | 0.7824   | 2.2794   | 2.1444 
1    | 31    | 0.4803   | 1.2121   | 1.1340 
2    | 24    | 0.4864   | 1.0693   | 0.9904 
3-5  | 68    | 0.4711   | 0.9838   | 0.9236 
6+   | 208   | 0.3055   | 0.4743   | 0.4189 

Epoch 381: loss = 0.587674 delta_mae_pts = 0.4420 recap_mae_pts = 0.4420 cat_mae_pts = 0.4827 total_mae_pts = 1.0550 vs_inertia_pts = 0.5297 vs_quad_pts = 1.6503 mon_cov = 0.966 mon_score = 4.9468 time = 44495.37 s

Epoch 382: Weights {"totalWeight":0.1,"recapWeight":0.05,"deltaWeight":9.75,"categoryWeight":0.05,"quantileWeight":1.1,"consistencyWeight":0,"identityDropoutRate":0.05}, Scales {"judgeBias":1,"corps":1}, SeqLen 15, ID_Drop 0.058, WFW 1.500 

History Bucket Diagnostics (Avg Abs Error per sample, normalized units):
Hist | Count | MAE_Pred | MAE_Base | PredDevFromBase
-----|-------|----------|----------|----------------
0    | 71    | 0.7828   | 2.2794   | 2.1504 
1    | 31    | 0.4829   | 1.2121   | 1.1394 
2    | 24    | 0.4766   | 1.0693   | 0.9897 
3-5  | 68    | 0.4713   | 0.9838   | 0.9206 
6+   | 208   | 0.3067   | 0.4743   | 0.4184 

Epoch 382: loss = 0.552086 delta_mae_pts = 0.4423 recap_mae_pts = 0.4423 cat_mae_pts = 0.4824 total_mae_pts = 1.0547 vs_inertia_pts = 0.5294 vs_quad_pts = 1.6499 mon_cov = 0.964 mon_score = 4.9401 time = 44611.74 s

Epoch 383: Weights {"totalWeight":0.1,"recapWeight":0.05,"deltaWeight":9.75,"categoryWeight":0.05,"quantileWeight":1.1,"consistencyWeight":0,"identityDropoutRate":0.05}, Scales {"judgeBias":1,"corps":1}, SeqLen 15, ID_Drop 0.058, WFW 1.500 

History Bucket Diagnostics (Avg Abs Error per sample, normalized units):
Hist | Count | MAE_Pred | MAE_Base | PredDevFromBase
-----|-------|----------|----------|----------------
0    | 71    | 0.7849   | 2.2794   | 2.1493 
1    | 31    | 0.4811   | 1.2121   | 1.1397 
2    | 24    | 0.4817   | 1.0693   | 0.9902 
3-5  | 68    | 0.4739   | 0.9838   | 0.9167 
6+   | 208   | 0.3077   | 0.4743   | 0.4168 

Epoch 383: loss = 0.547662 delta_mae_pts = 0.4438 recap_mae_pts = 0.4438 cat_mae_pts = 0.4832 total_mae_pts = 1.0567 vs_inertia_pts = 0.5279 vs_quad_pts = 1.6485 mon_cov = 0.965 mon_score = 4.9568 time = 44729.48 s

Epoch 384: Weights {"totalWeight":0.1,"recapWeight":0.05,"deltaWeight":9.75,"categoryWeight":0.05,"quantileWeight":1.1,"consistencyWeight":0,"identityDropoutRate":0.05}, Scales {"judgeBias":1,"corps":1}, SeqLen 15, ID_Drop 0.066, WFW 1.500 

History Bucket Diagnostics (Avg Abs Error per sample, normalized units):
Hist | Count | MAE_Pred | MAE_Base | PredDevFromBase
-----|-------|----------|----------|----------------
0    | 71    | 0.7778   | 2.2794   | 2.1382 
1    | 31    | 0.4753   | 1.2121   | 1.1413 
2    | 24    | 0.4773   | 1.0693   | 0.9944 
3-5  | 68    | 0.4726   | 0.9838   | 0.9237 
6+   | 208   | 0.3064   | 0.4743   | 0.4168 

Epoch 384: loss = 0.588323 delta_mae_pts = 0.4410 recap_mae_pts = 0.4410 cat_mae_pts = 0.4802 total_mae_pts = 1.0533 vs_inertia_pts = 0.5307 vs_quad_pts = 1.6513 mon_cov = 0.965 mon_score = 4.9287 time = 44848.08 s

Epoch 385: Weights {"totalWeight":0.1,"recapWeight":0.05,"deltaWeight":9.75,"categoryWeight":0.05,"quantileWeight":1.1,"consistencyWeight":0,"identityDropoutRate":0.05}, Scales {"judgeBias":1,"corps":1}, SeqLen 15, ID_Drop 0.067, WFW 1.500 

History Bucket Diagnostics (Avg Abs Error per sample, normalized units):
Hist | Count | MAE_Pred | MAE_Base | PredDevFromBase
-----|-------|----------|----------|----------------
0    | 71    | 0.7792   | 2.2794   | 2.1407 
1    | 31    | 0.4802   | 1.2121   | 1.1350 
2    | 24    | 0.4828   | 1.0693   | 0.9801 
3-5  | 68    | 0.4740   | 0.9838   | 0.9176 
6+   | 208   | 0.3061   | 0.4743   | 0.4144 

Epoch 385: loss = 0.592939 delta_mae_pts = 0.4420 recap_mae_pts = 0.4420 cat_mae_pts = 0.4821 total_mae_pts = 1.0557 vs_inertia_pts = 0.5297 vs_quad_pts = 1.6503 mon_cov = 0.966 mon_score = 4.9374 time = 44962.29 s

Epoch 386: Weights {"totalWeight":0.1,"recapWeight":0.05,"deltaWeight":9.75,"categoryWeight":0.05,"quantileWeight":1.1,"consistencyWeight":0,"identityDropoutRate":0.05}, Scales {"judgeBias":1,"corps":1}, SeqLen 15, ID_Drop 0.066, WFW 1.500 

History Bucket Diagnostics (Avg Abs Error per sample, normalized units):
Hist | Count | MAE_Pred | MAE_Base | PredDevFromBase
-----|-------|----------|----------|----------------
0    | 71    | 0.7768   | 2.2794   | 2.1405 
1    | 31    | 0.4810   | 1.2121   | 1.1343 
2    | 24    | 0.4846   | 1.0693   | 0.9806 
3-5  | 68    | 0.4725   | 0.9838   | 0.9188 
6+   | 208   | 0.3064   | 0.4743   | 0.4143 

Epoch 386: loss = 0.589461 delta_mae_pts = 0.4417 recap_mae_pts = 0.4417 cat_mae_pts = 0.4814 total_mae_pts = 1.0555 vs_inertia_pts = 0.5300 vs_quad_pts = 1.6506 mon_cov = 0.965 mon_score = 4.9389 time = 45077.86 s

Epoch 387: Weights {"totalWeight":0.1,"recapWeight":0.05,"deltaWeight":9.75,"categoryWeight":0.05,"quantileWeight":1.1,"consistencyWeight":0,"identityDropoutRate":0.05}, Scales {"judgeBias":1,"corps":1}, SeqLen 15, ID_Drop 0.058, WFW 1.500 

History Bucket Diagnostics (Avg Abs Error per sample, normalized units):
Hist | Count | MAE_Pred | MAE_Base | PredDevFromBase
-----|-------|----------|----------|----------------
0    | 71    | 0.7713   | 2.2794   | 2.1345 
1    | 31    | 0.4797   | 1.2121   | 1.1392 
2    | 24    | 0.4828   | 1.0693   | 0.9921 
3-5  | 68    | 0.4691   | 0.9838   | 0.9252 
6+   | 208   | 0.3068   | 0.4743   | 0.4182 

Epoch 387: loss = 0.586365 delta_mae_pts = 0.4401 recap_mae_pts = 0.4401 cat_mae_pts = 0.4804 total_mae_pts = 1.0589 vs_inertia_pts = 0.5316 vs_quad_pts = 1.6521 mon_cov = 0.966 mon_score = 4.9167 time = 45195.94 s
Saved BEST checkpoint @epoch 387 score = 4.9167 -> models\v9_subcaption_fixed\v9fix_w1p0_cov4_1770464048897\best 

Epoch 388: Weights {"totalWeight":0.1,"recapWeight":0.05,"deltaWeight":9.75,"categoryWeight":0.05,"quantileWeight":1.1,"consistencyWeight":0,"identityDropoutRate":0.05}, Scales {"judgeBias":1,"corps":1}, SeqLen 15, ID_Drop 0.049, WFW 1.500 

History Bucket Diagnostics (Avg Abs Error per sample, normalized units):
Hist | Count | MAE_Pred | MAE_Base | PredDevFromBase
-----|-------|----------|----------|----------------
0    | 71    | 0.7732   | 2.2794   | 2.1379 
1    | 31    | 0.4780   | 1.2121   | 1.1345 
2    | 24    | 0.4806   | 1.0693   | 0.9901 
3-5  | 68    | 0.4704   | 0.9838   | 0.9258 
6+   | 208   | 0.3072   | 0.4743   | 0.4182 

Epoch 388: loss = 0.546230 delta_mae_pts = 0.4407 recap_mae_pts = 0.4407 cat_mae_pts = 0.4802 total_mae_pts = 1.0565 vs_inertia_pts = 0.5311 vs_quad_pts = 1.6516 mon_cov = 0.965 mon_score = 4.9267 time = 45312.89 s

Epoch 389: Weights {"totalWeight":0.1,"recapWeight":0.05,"deltaWeight":9.75,"categoryWeight":0.05,"quantileWeight":1.1,"consistencyWeight":0,"identityDropoutRate":0.05}, Scales {"judgeBias":1,"corps":1}, SeqLen 15, ID_Drop 0.054, WFW 1.500 

History Bucket Diagnostics (Avg Abs Error per sample, normalized units):
Hist | Count | MAE_Pred | MAE_Base | PredDevFromBase
-----|-------|----------|----------|----------------
0    | 71    | 0.7741   | 2.2794   | 2.1450 
1    | 31    | 0.4786   | 1.2121   | 1.1350 
2    | 24    | 0.4827   | 1.0693   | 0.9890 
3-5  | 68    | 0.4707   | 0.9838   | 0.9219 
6+   | 208   | 0.3073   | 0.4743   | 0.4133 

Epoch 389: loss = 0.544952 delta_mae_pts = 0.4411 recap_mae_pts = 0.4411 cat_mae_pts = 0.4823 total_mae_pts = 1.0604 vs_inertia_pts = 0.5307 vs_quad_pts = 1.6512 mon_cov = 0.966 mon_score = 4.9298 time = 45426.08 s

Epoch 390: Weights {"totalWeight":0.1,"recapWeight":0.05,"deltaWeight":9.75,"categoryWeight":0.05,"quantileWeight":1.1,"consistencyWeight":0,"identityDropoutRate":0.05}, Scales {"judgeBias":1,"corps":1}, SeqLen 15, ID_Drop 0.055, WFW 1.500 

History Bucket Diagnostics (Avg Abs Error per sample, normalized units):
Hist | Count | MAE_Pred | MAE_Base | PredDevFromBase
-----|-------|----------|----------|----------------
0    | 71    | 0.7720   | 2.2794   | 2.1414 
1    | 31    | 0.4794   | 1.2121   | 1.1323 
2    | 24    | 0.4840   | 1.0693   | 0.9857 
3-5  | 68    | 0.4711   | 0.9838   | 0.9148 
6+   | 208   | 0.3060   | 0.4743   | 0.4127 

Epoch 390: loss = 0.539546 delta_mae_pts = 0.4402 recap_mae_pts = 0.4402 cat_mae_pts = 0.4799 total_mae_pts = 1.0584 vs_inertia_pts = 0.5315 vs_quad_pts = 1.6521 mon_cov = 0.966 mon_score = 4.9225 time = 45541.35 s

Epoch 391: Weights {"totalWeight":0.1,"recapWeight":0.05,"deltaWeight":9.75,"categoryWeight":0.05,"quantileWeight":1.1,"consistencyWeight":0,"identityDropoutRate":0.05}, Scales {"judgeBias":1,"corps":1}, SeqLen 15, ID_Drop 0.060, WFW 1.500 

History Bucket Diagnostics (Avg Abs Error per sample, normalized units):
Hist | Count | MAE_Pred | MAE_Base | PredDevFromBase
-----|-------|----------|----------|----------------
0    | 71    | 0.7741   | 2.2794   | 2.1467 
1    | 31    | 0.4808   | 1.2121   | 1.1507 
2    | 24    | 0.4824   | 1.0693   | 0.9977 
3-5  | 68    | 0.4700   | 0.9838   | 0.9289 
6+   | 208   | 0.3055   | 0.4743   | 0.4180 

Epoch 391: loss = 0.579484 delta_mae_pts = 0.4402 recap_mae_pts = 0.4402 cat_mae_pts = 0.4801 total_mae_pts = 1.0514 vs_inertia_pts = 0.5315 vs_quad_pts = 1.6521 mon_cov = 0.967 mon_score = 4.9222 time = 45658.09 s

Epoch 392: Weights {"totalWeight":0.1,"recapWeight":0.05,"deltaWeight":9.75,"categoryWeight":0.05,"quantileWeight":1.1,"consistencyWeight":0,"identityDropoutRate":0.05}, Scales {"judgeBias":1,"corps":1}, SeqLen 15, ID_Drop 0.071, WFW 1.500 

History Bucket Diagnostics (Avg Abs Error per sample, normalized units):
Hist | Count | MAE_Pred | MAE_Base | PredDevFromBase
-----|-------|----------|----------|----------------
0    | 71    | 0.7711   | 2.2794   | 2.1445 
1    | 31    | 0.4810   | 1.2121   | 1.1319 
2    | 24    | 0.4783   | 1.0693   | 0.9887 
3-5  | 68    | 0.4708   | 0.9838   | 0.9174 
6+   | 208   | 0.3067   | 0.4743   | 0.4168 

Epoch 392: loss = 0.591230 delta_mae_pts = 0.4402 recap_mae_pts = 0.4402 cat_mae_pts = 0.4802 total_mae_pts = 1.0599 vs_inertia_pts = 0.5315 vs_quad_pts = 1.6521 mon_cov = 0.966 mon_score = 4.9229 time = 45773.77 s

Epoch 393: Weights {"totalWeight":0.1,"recapWeight":0.05,"deltaWeight":9.75,"categoryWeight":0.05,"quantileWeight":1.1,"consistencyWeight":0,"identityDropoutRate":0.05}, Scales {"judgeBias":1,"corps":1}, SeqLen 15, ID_Drop 0.078, WFW 1.500 

History Bucket Diagnostics (Avg Abs Error per sample, normalized units):
Hist | Count | MAE_Pred | MAE_Base | PredDevFromBase
-----|-------|----------|----------|----------------
0    | 71    | 0.7872   | 2.2794   | 2.1416 
1    | 31    | 0.4824   | 1.2121   | 1.1329 
2    | 24    | 0.4843   | 1.0693   | 0.9880 
3-5  | 68    | 0.4718   | 0.9838   | 0.9214 
6+   | 208   | 0.3063   | 0.4743   | 0.4155 

Epoch 393: loss = 0.596666 delta_mae_pts = 0.4434 recap_mae_pts = 0.4434 cat_mae_pts = 0.4835 total_mae_pts = 1.0622 vs_inertia_pts = 0.5283 vs_quad_pts = 1.6489 mon_cov = 0.966 mon_score = 4.9559 time = 45887.22 s

Epoch 394: Weights {"totalWeight":0.1,"recapWeight":0.05,"deltaWeight":9.75,"categoryWeight":0.05,"quantileWeight":1.1,"consistencyWeight":0,"identityDropoutRate":0.05}, Scales {"judgeBias":1,"corps":1}, SeqLen 15, ID_Drop 0.071, WFW 1.500 

History Bucket Diagnostics (Avg Abs Error per sample, normalized units):
Hist | Count | MAE_Pred | MAE_Base | PredDevFromBase
-----|-------|----------|----------|----------------
0    | 71    | 0.7743   | 2.2794   | 2.1556 
1    | 31    | 0.4821   | 1.2121   | 1.1525 
2    | 24    | 0.4836   | 1.0693   | 0.9968 
3-5  | 68    | 0.4729   | 0.9838   | 0.9318 
6+   | 208   | 0.3055   | 0.4743   | 0.4186 

Epoch 394: loss = 0.587347 delta_mae_pts = 0.4408 recap_mae_pts = 0.4408 cat_mae_pts = 0.4836 total_mae_pts = 1.0586 vs_inertia_pts = 0.5309 vs_quad_pts = 1.6514 mon_cov = 0.967 mon_score = 4.9270 time = 46004.17 s

Epoch 395: Weights {"totalWeight":0.1,"recapWeight":0.05,"deltaWeight":9.75,"categoryWeight":0.05,"quantileWeight":1.1,"consistencyWeight":0,"identityDropoutRate":0.05}, Scales {"judgeBias":1,"corps":1}, SeqLen 15, ID_Drop 0.072, WFW 1.500 

History Bucket Diagnostics (Avg Abs Error per sample, normalized units):
Hist | Count | MAE_Pred | MAE_Base | PredDevFromBase
-----|-------|----------|----------|----------------
0    | 71    | 0.7858   | 2.2794   | 2.1435 
1    | 31    | 0.4820   | 1.2121   | 1.1461 
2    | 24    | 0.4830   | 1.0693   | 0.9888 
3-5  | 68    | 0.4705   | 0.9838   | 0.9224 
6+   | 208   | 0.3057   | 0.4743   | 0.4177 

Epoch 395: loss = 0.596643 delta_mae_pts = 0.4426 recap_mae_pts = 0.4426 cat_mae_pts = 0.4831 total_mae_pts = 1.0637 vs_inertia_pts = 0.5292 vs_quad_pts = 1.6497 mon_cov = 0.965 mon_score = 4.9449 time = 46120.93 s

Epoch 396: Weights {"totalWeight":0.1,"recapWeight":0.05,"deltaWeight":9.75,"categoryWeight":0.05,"quantileWeight":1.1,"consistencyWeight":0,"identityDropoutRate":0.05}, Scales {"judgeBias":1,"corps":1}, SeqLen 15, ID_Drop 0.073, WFW 1.500 

History Bucket Diagnostics (Avg Abs Error per sample, normalized units):
Hist | Count | MAE_Pred | MAE_Base | PredDevFromBase
-----|-------|----------|----------|----------------
0    | 71    | 0.7793   | 2.2794   | 2.1531 
1    | 31    | 0.4856   | 1.2121   | 1.1452 
2    | 24    | 0.4894   | 1.0693   | 0.9909 
3-5  | 68    | 0.4709   | 0.9838   | 0.9230 
6+   | 208   | 0.3065   | 0.4743   | 0.4195 

Epoch 396: loss = 0.593389 delta_mae_pts = 0.4426 recap_mae_pts = 0.4426 cat_mae_pts = 0.4839 total_mae_pts = 1.0638 vs_inertia_pts = 0.5292 vs_quad_pts = 1.6497 mon_cov = 0.966 mon_score = 4.9468 time = 46237.94 s

Epoch 397: Weights {"totalWeight":0.1,"recapWeight":0.05,"deltaWeight":9.75,"categoryWeight":0.05,"quantileWeight":1.1,"consistencyWeight":0,"identityDropoutRate":0.05}, Scales {"judgeBias":1,"corps":1}, SeqLen 15, ID_Drop 0.070, WFW 1.500 

History Bucket Diagnostics (Avg Abs Error per sample, normalized units):
Hist | Count | MAE_Pred | MAE_Base | PredDevFromBase
-----|-------|----------|----------|----------------
0    | 71    | 0.7785   | 2.2794   | 2.1467 
1    | 31    | 0.4881   | 1.2121   | 1.1464 
2    | 24    | 0.4849   | 1.0693   | 0.9922 
3-5  | 68    | 0.4700   | 0.9838   | 0.9242 
6+   | 208   | 0.3062   | 0.4743   | 0.4184 

Epoch 397: loss = 0.595701 delta_mae_pts = 0.4420 recap_mae_pts = 0.4420 cat_mae_pts = 0.4827 total_mae_pts = 1.0648 vs_inertia_pts = 0.5297 vs_quad_pts = 1.6503 mon_cov = 0.965 mon_score = 4.9428 time = 46353.46 s

Epoch 398: Weights {"totalWeight":0.1,"recapWeight":0.05,"deltaWeight":9.75,"categoryWeight":0.05,"quantileWeight":1.1,"consistencyWeight":0,"identityDropoutRate":0.05}, Scales {"judgeBias":1,"corps":1}, SeqLen 15, ID_Drop 0.064, WFW 1.500 

History Bucket Diagnostics (Avg Abs Error per sample, normalized units):
Hist | Count | MAE_Pred | MAE_Base | PredDevFromBase
-----|-------|----------|----------|----------------
0    | 71    | 0.7811   | 2.2794   | 2.1479 
1    | 31    | 0.4877   | 1.2121   | 1.1466 
2    | 24    | 0.4835   | 1.0693   | 0.9965 
3-5  | 68    | 0.4735   | 0.9838   | 0.9260 
6+   | 208   | 0.3059   | 0.4743   | 0.4203 

Epoch 398: loss = 0.555843 delta_mae_pts = 0.4428 recap_mae_pts = 0.4428 cat_mae_pts = 0.4850 total_mae_pts = 1.0637 vs_inertia_pts = 0.5289 vs_quad_pts = 1.6495 mon_cov = 0.966 mon_score = 4.9496 time = 46468.95 s

Epoch 399: Weights {"totalWeight":0.1,"recapWeight":0.05,"deltaWeight":9.75,"categoryWeight":0.05,"quantileWeight":1.1,"consistencyWeight":0,"identityDropoutRate":0.05}, Scales {"judgeBias":1,"corps":1}, SeqLen 15, ID_Drop 0.065, WFW 1.500 

History Bucket Diagnostics (Avg Abs Error per sample, normalized units):
Hist | Count | MAE_Pred | MAE_Base | PredDevFromBase
-----|-------|----------|----------|----------------
0    | 71    | 0.7774   | 2.2794   | 2.1514 
1    | 31    | 0.4849   | 1.2121   | 1.1441 
2    | 24    | 0.4866   | 1.0693   | 0.9965 
3-5  | 68    | 0.4734   | 0.9838   | 0.9247 
6+   | 208   | 0.3063   | 0.4743   | 0.4199 

Epoch 399: loss = 0.558971 delta_mae_pts = 0.4423 recap_mae_pts = 0.4423 cat_mae_pts = 0.4855 total_mae_pts = 1.0677 vs_inertia_pts = 0.5294 vs_quad_pts = 1.6500 mon_cov = 0.965 mon_score = 4.9403 time = 46586.81 s
Selecting final weights: SWA
Saving final production model to models\v9_subcaption_fixed\v9fix_w1p0_cov4_1770464048897...

--- FINAL TEST EVALUATION ---
TEST RESULTS: delta_mae_pts = 0.3605, recap_mae_pts = 0.3605, cat_mae_pts = 0.3963, total_mae_pts = 0.8006, coverage = 0.991, width = 3.2728, width_floor_pct = 0.000 
Production training complete.
