2026-02-06 08:48:43.243863: I tensorflow/core/platform/cpu_feature_guard.cc:193] This TensorFlow binary is optimized with oneAPI Deep Neural Network Library (oneDNN) to use the following CPU instructions in performance-critical operations:  AVX2
To enable them in other operations, rebuild TensorFlow with the appropriate compiler flags.
Loading V9 sequence data...
Saved normalization stats to ./results/v9-subcaption-target-norm.json
V10 Splits -> Train: 7651, Val: 402, Test: 56 
Baselines(monitoring forecast MAE): zero = 14.3894, mean = 2.5683, ema = 3.2358, quad = 2.0923
Orthogonal initializer is being called on a matrix with more than 2000 (65536) elements: Slowness may result.
Orthogonal initializer is being called on a matrix with more than 2000 (65536) elements: Slowness may result.
Orthogonal initializer is being called on a matrix with more than 2000 (16384) elements: Slowness may result.
Orthogonal initializer is being called on a matrix with more than 2000 (16384) elements: Slowness may result.
___________________________________________________________________________________________________________________
Layer (type)               Input Shape                 Output shape             Param #     Receives inputs        
===================================================================================================================
sequence (InputLayer)      [[null,15,101]]             [null,15,101]            0                                  
___________________________________________________________________________________________________________________
bidirectional_Bidirectiona [[null,15,101]]             [null,15,256]            235520      sequence[0][0]         
___________________________________________________________________________________________________________________
layer_normalization_LayerN [[null,15,256]]             [null,15,256]            512         bidirectional_Bidirecti
___________________________________________________________________________________________________________________
bidirectional_Bidirectiona [[null,15,256]]             [null,15,128]            164352      layer_normalization_Lay
___________________________________________________________________________________________________________________
layer_normalization_LayerN [[null,15,128]]             [null,15,128]            256         bidirectional_Bidirecti
___________________________________________________________________________________________________________________
dense_Dense1 (Dense)       [[null,15,128]]             [null,15,1]              129         layer_normalization_Lay
___________________________________________________________________________________________________________________
reshape_Reshape1 (Reshape) [[null,15,1]]               [null,15]                0           dense_Dense1[0][0]     
___________________________________________________________________________________________________________________
mask (InputLayer)          [[null,15]]                 [null,15]                0                                  
___________________________________________________________________________________________________________________
masked_softmax_MaskedSoftm [[null,15],[null,15]]       [null,15]                0           reshape_Reshape1[0][0] 
                                                                                            mask[0][0]             
___________________________________________________________________________________________________________________
judge_ids (InputLayer)     [[null,8]]                  [null,8]                 0                                  
___________________________________________________________________________________________________________________
agnostic_show_id (InputLay [[null,1]]                  [null,1]                 0                                  
___________________________________________________________________________________________________________________
reshape_Reshape2 (Reshape) [[null,15]]                 [null,15,1]              0           masked_softmax_MaskedSo
___________________________________________________________________________________________________________________
judge_embedding (Embedding [[null,8]]                  [null,8,24]              8544        judge_ids[0][0]        
___________________________________________________________________________________________________________________
agnostic_show_embedding (E [[null,1]]                  [null,1,12]              12          agnostic_show_id[0][0] 
___________________________________________________________________________________________________________________
attention_pool (AttentionP [[null,15,1],[null,15,128]] [null,128]               0           reshape_Reshape2[0][0] 
                                                                                            layer_normalization_Lay
___________________________________________________________________________________________________________________
static (InputLayer)        [[null,177]]                [null,177]               0                                  
___________________________________________________________________________________________________________________
flatten_Flatten1 (Flatten) [[null,8,24]]               [null,192]               0           judge_embedding[0][0]  
___________________________________________________________________________________________________________________
baseline_recap (InputLayer [[null,8]]                  [null,8]                 0                                  
___________________________________________________________________________________________________________________
last_step (LastStepLayer)  [[null,15,101]]             [null,101]               0           sequence[0][0]         
___________________________________________________________________________________________________________________
flatten_Flatten3 (Flatten) [[null,1,12]]               [null,12]                0           agnostic_show_embedding
___________________________________________________________________________________________________________________
concatenate_Concatenate1 ( [[null,128],[null,177],[nul [null,618]               0           attention_pool[0][0]   
                                                                                            static[0][0]           
                                                                                            flatten_Flatten1[0][0] 
                                                                                            baseline_recap[0][0]   
                                                                                            last_step[0][0]        
                                                                                            flatten_Flatten3[0][0] 
___________________________________________________________________________________________________________________
dense_Dense2 (Dense)       [[null,618]]                [null,512]               316928      concatenate_Concatenate
___________________________________________________________________________________________________________________
dropout_Dropout1 (Dropout) [[null,512]]                [null,512]               0           dense_Dense2[0][0]     
___________________________________________________________________________________________________________________
dense_Dense3 (Dense)       [[null,512]]                [null,256]               131328      dropout_Dropout1[0][0] 
___________________________________________________________________________________________________________________
dropout_Dropout2 (Dropout) [[null,256]]                [null,256]               0           dense_Dense3[0][0]     
___________________________________________________________________________________________________________________
strength (Dense)           [[null,128]]                [null,24]                3096        attention_pool[0][0]   
___________________________________________________________________________________________________________________
corps_id (InputLayer)      [[null,1]]                  [null,1]                 0                                  
___________________________________________________________________________________________________________________
concatenate_Concatenate2 ( [[null,256],[null,177],[nul [null,457]               0           dropout_Dropout2[0][0] 
                                                                                            static[0][0]           
                                                                                            strength[0][0]         
___________________________________________________________________________________________________________________
corps_embedding (Embedding [[null,1]]                  [null,1,20]              9080        corps_id[0][0]         
___________________________________________________________________________________________________________________
accuracy_trunk (Dense)     [[null,457]]                [null,128]               58624       concatenate_Concatenate
___________________________________________________________________________________________________________________
flatten_Flatten2 (Flatten) [[null,1,20]]               [null,20]                0           corps_embedding[0][0]  
___________________________________________________________________________________________________________________
dropout_Dropout3 (Dropout) [[null,128]]                [null,128]               0           accuracy_trunk[0][0]   
___________________________________________________________________________________________________________________
judge_bias_raw (Dense)     [[null,192]]                [null,8]                 1544        flatten_Flatten1[0][0] 
___________________________________________________________________________________________________________________
judge_bias_scale (InputLay [[null,1]]                  [null,1]                 0                                  
___________________________________________________________________________________________________________________
corps_corr_raw (Dense)     [[null,20]]                 [null,8]                 168         flatten_Flatten2[0][0] 
___________________________________________________________________________________________________________________
corps_scale (InputLayer)   [[null,1]]                  [null,1]                 0                                  
___________________________________________________________________________________________________________________
history_len (InputLayer)   [[null,1]]                  [null,1]                 0                                  
___________________________________________________________________________________________________________________
delta_q50_base (Dense)     [[null,128]]                [null,8]                 1032        dropout_Dropout3[0][0] 
___________________________________________________________________________________________________________________
judge_bias_gated (LambdaSc [[null,8],[null,1]]         [null,8]                 0           judge_bias_raw[0][0]   
                                                                                            judge_bias_scale[0][0] 
___________________________________________________________________________________________________________________
corps_corr_gated (LambdaSc [[null,8],[null,1]]         [null,8]                 0           corps_corr_raw[0][0]   
                                                                                            corps_scale[0][0]      
___________________________________________________________________________________________________________________
width_concat (Concatenate) [[null,457],[null,192],[nul [null,650]               0           concatenate_Concatenate
                                                                                            flatten_Flatten1[0][0] 
                                                                                            history_len[0][0]      
___________________________________________________________________________________________________________________
delta_q50 (Add)            [[null,8],[null,8],[null,8] [null,8]                 0           delta_q50_base[0][0]   
                                                                                            judge_bias_gated[0][0] 
                                                                                            corps_corr_gated[0][0] 
___________________________________________________________________________________________________________________
q10_width_raw (Dense)      [[null,650]]                [null,8]                 5208        width_concat[0][0]     
___________________________________________________________________________________________________________________
q10_width (Activation)     [[null,8]]                  [null,8]                 0           q10_width_raw[0][0]    
___________________________________________________________________________________________________________________
q90_width_raw (Dense)      [[null,650]]                [null,8]                 5208        width_concat[0][0]     
___________________________________________________________________________________________________________________
recap_head (RecapLayer)    [[null,8],[null,8]]         [null,8]                 0           delta_q50[0][0]        
                                                                                            baseline_recap[0][0]   
___________________________________________________________________________________________________________________
q10_width_neg (NegationLay [[null,8]]                  [null,8]                 0           q10_width[0][0]        
___________________________________________________________________________________________________________________
q90_width (Activation)     [[null,8]]                  [null,8]                 0           q90_width_raw[0][0]    
___________________________________________________________________________________________________________________
category_head (CategoryLay [[null,8]]                  [null,3]                 0           recap_head[0][0]       
___________________________________________________________________________________________________________________
q10_delta (Add)            [[null,8],[null,8]]         [null,8]                 0           delta_q50[0][0]        
                                                                                            q10_width_neg[0][0]    
___________________________________________________________________________________________________________________
q90_delta (Add)            [[null,8],[null,8]]         [null,8]                 0           delta_q50[0][0]        
                                                                                            q90_width[0][0]        
___________________________________________________________________________________________________________________
total_head (TotalLayer)    [[null,3]]                  [null,1]                 0           category_head[0][0]    
___________________________________________________________________________________________________________________
output (Concatenate)       [[null,8],[null,8],[null,8] [null,36]                0           q10_delta[0][0]        
                                                                                            delta_q50[0][0]        
                                                                                            q90_delta[0][0]        
                                                                                            recap_head[0][0]       
                                                                                            category_head[0][0]    
                                                                                            total_head[0][0]       
===================================================================================================================
Total params: 941541
Trainable params: 941541
Non-trainable params: 0
___________________________________________________________________________________________________________________

--- DERIVATION EXACTNESS CHECK ---
MaskedSoftmax shapes: [ 1, 15 ] [ 1, 15 ] [ 1, 15 ] [ 1, 15 ]
Recap Points: [
  '14.77', '14.77',
  '14.26', '14.72',
  '14.40', '14.75',
  '14.72', '15.16'
]
GE: Derived = 29.54, Expected = 29.54 
Visual: Derived = 21.69, Expected = 21.69 
Music: Derived = 22.32, Expected = 22.32 
Total: Derived = 73.54, Expected = 73.54 
DERIVATION CHECK SUCCESS

--- SCALE SANITY TEST ---
Sample Row Total: 74.60 (expecting DCI scale, not sum - of - 8)
Sum - of - 8: 119.05 
SCALE SANITY SUCCESS: target total is on DCI scale.


=== V9-IMPROVED: Enhanced Model for 0.2 MAE Target ===
Hyperparameters: lstm1=128, lstm2=64, dropout=0.2, lr=0.00075, batch=128, width_floor_pts=0.5, width_floor_schedule=0.1->1.5, baseline_dropout=0.1, baseline_noise_std=0.25
Model Capacity: 256→128 BiLSTM, Dense 512→256, AccuracyTrunk 128, Judge Emb 24, Corps Emb 20, Show Emb 12
Cached 402 validation samples(seqLen = 15, identityDropout = 0.0)

Epoch 0: Weights {"totalWeight":0.05,"recapWeight":1,"deltaWeight":0.2,"categoryWeight":0.05,"quantileWeight":0.02,"consistencyWeight":0,"identityDropoutRate":0.95}, Scales {"judgeBias":0,"corps":0}, SeqLen 5, ID_Drop 0.950, WFW 0.100 

History Bucket Diagnostics (Avg Abs Error per sample, normalized units):
Hist | Count | MAE_Pred | MAE_Base | PredDevFromBase
-----|-------|----------|----------|----------------
0    | 71    | 3.5757   | 2.2794   | 2.1344 
1    | 31    | 2.8576   | 1.2121   | 2.4296 
2    | 24    | 1.6820   | 1.0693   | 1.1567 
3-5  | 68    | 1.8519   | 0.9838   | 1.5273 
6+   | 208   | 1.2268   | 0.4743   | 1.0962 

Epoch 0: loss = 3.895561 delta_mae_pts = 1.9003 recap_mae_pts = 1.9003 cat_mae_pts = 2.0472 total_mae_pts = 4.6758 vs_inertia_pts = -0.9286 vs_quad_pts = 0.1920 mon_cov = 0.120 mon_score = 6.5761 time = 66.43 s

-- - CAPTION STATS(Epoch 0)-- - 
GE1: delta_pts = 1.0618, recap_pts = 1.0618, cov = 0.067, width = 0.4568 
GE2: delta_pts = 1.1464, recap_pts = 1.1464, cov = 0.107, width = 0.3405 
VP: delta_pts = 2.0365, recap_pts = 2.0365, cov = 0.132, width = 0.7783 
VA: delta_pts = 1.4284, recap_pts = 1.4284, cov = 0.144, width = 0.6099 
CG: delta_pts = 2.2848, recap_pts = 2.2848, cov = 0.127, width = 1.5213 
MB: delta_pts = 2.9028, recap_pts = 2.9028, cov = 0.159, width = 1.3215 
MA: delta_pts = 1.4140, recap_pts = 1.4140, cov = 0.090, width = 0.5598 
MP: delta_pts = 2.9277, recap_pts = 2.9277, cov = 0.132, width = 1.8250 
----------------------------------

Saved BEST checkpoint @epoch 0 score = 6.5761 -> models\v9_subcaption_fixed\v9fix_w1p0_1770385724733\best 

Epoch 1: Weights {"totalWeight":0.05,"recapWeight":1,"deltaWeight":0.2,"categoryWeight":0.05,"quantileWeight":0.02,"consistencyWeight":0,"identityDropoutRate":0.95}, Scales {"judgeBias":0.016666666666666666,"corps":0}, SeqLen 5, ID_Drop 0.951, WFW 0.100 

History Bucket Diagnostics (Avg Abs Error per sample, normalized units):
Hist | Count | MAE_Pred | MAE_Base | PredDevFromBase
-----|-------|----------|----------|----------------
0    | 71    | 2.6014   | 2.2794   | 1.5368 
1    | 31    | 1.9362   | 1.2121   | 1.1794 
2    | 24    | 1.4604   | 1.0693   | 0.8457 
3-5  | 68    | 1.4307   | 0.9838   | 1.0109 
6+   | 208   | 0.8944   | 0.4743   | 0.7088 

Epoch 1: loss = 1.878676 delta_mae_pts = 1.4007 recap_mae_pts = 1.4007 cat_mae_pts = 1.6092 total_mae_pts = 3.8019 vs_inertia_pts = -0.4290 vs_quad_pts = 0.6916 mon_cov = 0.346 mon_score = 5.2027 time = 130.76 s
Saved BEST checkpoint @epoch 1 score = 5.2027 -> models\v9_subcaption_fixed\v9fix_w1p0_1770385724733\best 

Epoch 2: Weights {"totalWeight":0.05,"recapWeight":1,"deltaWeight":0.2,"categoryWeight":0.05,"quantileWeight":0.02,"consistencyWeight":0,"identityDropoutRate":0.95}, Scales {"judgeBias":0.03333333333333333,"corps":0}, SeqLen 5, ID_Drop 0.953, WFW 0.100 

History Bucket Diagnostics (Avg Abs Error per sample, normalized units):
Hist | Count | MAE_Pred | MAE_Base | PredDevFromBase
-----|-------|----------|----------|----------------
0    | 71    | 2.1280   | 2.2794   | 1.7910 
1    | 31    | 1.7018   | 1.2121   | 1.0261 
2    | 24    | 1.4129   | 1.0693   | 0.8148 
3-5  | 68    | 1.3178   | 0.9838   | 0.9851 
6+   | 208   | 0.8242   | 0.4743   | 0.6912 

Epoch 2: loss = 0.880881 delta_mae_pts = 1.2408 recap_mae_pts = 1.2408 cat_mae_pts = 1.4225 total_mae_pts = 3.5325 vs_inertia_pts = -0.2691 vs_quad_pts = 0.8515 mon_cov = 0.541 mon_score = 4.7733 time = 195.29 s
Saved BEST checkpoint @epoch 2 score = 4.7733 -> models\v9_subcaption_fixed\v9fix_w1p0_1770385724733\best 

Epoch 3: Weights {"totalWeight":0.05,"recapWeight":1,"deltaWeight":0.2,"categoryWeight":0.05,"quantileWeight":0.02,"consistencyWeight":0,"identityDropoutRate":0.95}, Scales {"judgeBias":0.05,"corps":0}, SeqLen 5, ID_Drop 0.953, WFW 0.100 

History Bucket Diagnostics (Avg Abs Error per sample, normalized units):
Hist | Count | MAE_Pred | MAE_Base | PredDevFromBase
-----|-------|----------|----------|----------------
0    | 71    | 1.7744   | 2.2794   | 2.4045 
1    | 31    | 1.8180   | 1.2121   | 1.1481 
2    | 24    | 1.3393   | 1.0693   | 0.7701 
3-5  | 68    | 1.3264   | 0.9838   | 0.9943 
6+   | 208   | 0.8220   | 0.4743   | 0.7006 

Epoch 3: loss = 0.617808 delta_mae_pts = 1.1832 recap_mae_pts = 1.1832 cat_mae_pts = 1.3529 total_mae_pts = 3.2731 vs_inertia_pts = -0.2115 vs_quad_pts = 0.9091 mon_cov = 0.629 mon_score = 4.4563 time = 258.77 s
Saved BEST checkpoint @epoch 3 score = 4.4563 -> models\v9_subcaption_fixed\v9fix_w1p0_1770385724733\best 

Epoch 4: Weights {"totalWeight":0.05,"recapWeight":1,"deltaWeight":0.2,"categoryWeight":0.05,"quantileWeight":0.02,"consistencyWeight":0,"identityDropoutRate":0.95}, Scales {"judgeBias":0.06666666666666667,"corps":0}, SeqLen 5, ID_Drop 0.950, WFW 0.100 

History Bucket Diagnostics (Avg Abs Error per sample, normalized units):
Hist | Count | MAE_Pred | MAE_Base | PredDevFromBase
-----|-------|----------|----------|----------------
0    | 71    | 1.8541   | 2.2794   | 2.4264 
1    | 31    | 1.8331   | 1.2121   | 1.1319 
2    | 24    | 1.4214   | 1.0693   | 0.8874 
3-5  | 68    | 1.2450   | 0.9838   | 0.9952 
6+   | 208   | 0.7815   | 0.4743   | 0.6532 

Epoch 4: loss = 0.512041 delta_mae_pts = 1.1686 recap_mae_pts = 1.1686 cat_mae_pts = 1.2964 total_mae_pts = 3.0506 vs_inertia_pts = -0.1969 vs_quad_pts = 0.9237 mon_cov = 0.670 mon_score = 4.2192 time = 322.70 s
Saved BEST checkpoint @epoch 4 score = 4.2192 -> models\v9_subcaption_fixed\v9fix_w1p0_1770385724733\best 

Epoch 5: Weights {"totalWeight":0.05,"recapWeight":1,"deltaWeight":0.2,"categoryWeight":0.05,"quantileWeight":0.02,"consistencyWeight":0,"identityDropoutRate":0.95}, Scales {"judgeBias":0.08333333333333333,"corps":0}, SeqLen 5, ID_Drop 0.953, WFW 0.100 

History Bucket Diagnostics (Avg Abs Error per sample, normalized units):
Hist | Count | MAE_Pred | MAE_Base | PredDevFromBase
-----|-------|----------|----------|----------------
0    | 71    | 1.8058   | 2.2794   | 2.7663 
1    | 31    | 1.7548   | 1.2121   | 0.9794 
2    | 24    | 1.4556   | 1.0693   | 0.7641 
3-5  | 68    | 1.3821   | 0.9838   | 0.9915 
6+   | 208   | 0.9354   | 0.4743   | 0.7102 

Epoch 5: loss = 0.433385 delta_mae_pts = 1.2590 recap_mae_pts = 1.2590 cat_mae_pts = 1.6126 total_mae_pts = 4.3408 vs_inertia_pts = -0.2872 vs_quad_pts = 0.8333 mon_cov = 0.651 mon_score = 5.5998 time = 387.15 s

Epoch 6: Weights {"totalWeight":0.05,"recapWeight":1,"deltaWeight":0.2,"categoryWeight":0.05,"quantileWeight":0.02,"consistencyWeight":0,"identityDropoutRate":0.95}, Scales {"judgeBias":0.1,"corps":0}, SeqLen 5, ID_Drop 0.950, WFW 0.100 

History Bucket Diagnostics (Avg Abs Error per sample, normalized units):
Hist | Count | MAE_Pred | MAE_Base | PredDevFromBase
-----|-------|----------|----------|----------------
0    | 71    | 1.6085   | 2.2794   | 2.5881 
1    | 31    | 1.5411   | 1.2121   | 0.8357 
2    | 24    | 1.2027   | 1.0693   | 0.8308 
3-5  | 68    | 1.2493   | 0.9838   | 0.9742 
6+   | 208   | 0.7126   | 0.4743   | 0.5462 

Epoch 6: loss = 0.370956 delta_mae_pts = 1.0548 recap_mae_pts = 1.0548 cat_mae_pts = 1.1655 total_mae_pts = 2.7664 vs_inertia_pts = -0.0831 vs_quad_pts = 1.0375 mon_cov = 0.761 mon_score = 3.8212 time = 451.07 s
Saved BEST checkpoint @epoch 6 score = 3.8212 -> models\v9_subcaption_fixed\v9fix_w1p0_1770385724733\best 

Epoch 7: Weights {"totalWeight":0.05,"recapWeight":1,"deltaWeight":0.2,"categoryWeight":0.05,"quantileWeight":0.02,"consistencyWeight":0,"identityDropoutRate":0.95}, Scales {"judgeBias":0.11666666666666667,"corps":0}, SeqLen 5, ID_Drop 0.946, WFW 0.100 

History Bucket Diagnostics (Avg Abs Error per sample, normalized units):
Hist | Count | MAE_Pred | MAE_Base | PredDevFromBase
-----|-------|----------|----------|----------------
0    | 71    | 1.7217   | 2.2794   | 2.6730 
1    | 31    | 1.8307   | 1.2121   | 1.2101 
2    | 24    | 1.1995   | 1.0693   | 0.8688 
3-5  | 68    | 1.1595   | 0.9838   | 0.9252 
6+   | 208   | 0.7035   | 0.4743   | 0.5583 

Epoch 7: loss = 0.304250 delta_mae_pts = 1.0770 recap_mae_pts = 1.0770 cat_mae_pts = 1.2290 total_mae_pts = 2.9375 vs_inertia_pts = -0.1053 vs_quad_pts = 1.0153 mon_cov = 0.729 mon_score = 4.0145 time = 524.49 s

Epoch 8: Weights {"totalWeight":0.05,"recapWeight":1,"deltaWeight":0.2,"categoryWeight":0.05,"quantileWeight":0.02,"consistencyWeight":0,"identityDropoutRate":0.95}, Scales {"judgeBias":0.13333333333333333,"corps":0}, SeqLen 5, ID_Drop 0.952, WFW 0.100 

History Bucket Diagnostics (Avg Abs Error per sample, normalized units):
Hist | Count | MAE_Pred | MAE_Base | PredDevFromBase
-----|-------|----------|----------|----------------
0    | 71    | 1.5384   | 2.2794   | 2.6099 
1    | 31    | 1.5356   | 1.2121   | 0.9886 
2    | 24    | 1.2459   | 1.0693   | 0.9333 
3-5  | 68    | 1.3479   | 0.9838   | 0.9996 
6+   | 208   | 0.9608   | 0.4743   | 0.7414 

Epoch 8: loss = 0.344307 delta_mae_pts = 1.1897 recap_mae_pts = 1.1897 cat_mae_pts = 1.4494 total_mae_pts = 3.6650 vs_inertia_pts = -0.2179 vs_quad_pts = 0.9026 mon_cov = 0.714 mon_score = 4.8547 time = 614.39 s

Epoch 9: Weights {"totalWeight":0.05,"recapWeight":1,"deltaWeight":0.2,"categoryWeight":0.05,"quantileWeight":0.02,"consistencyWeight":0,"identityDropoutRate":0.95}, Scales {"judgeBias":0.15,"corps":0}, SeqLen 5, ID_Drop 0.951, WFW 0.100 

History Bucket Diagnostics (Avg Abs Error per sample, normalized units):
Hist | Count | MAE_Pred | MAE_Base | PredDevFromBase
-----|-------|----------|----------|----------------
0    | 71    | 1.7474   | 2.2794   | 2.8132 
1    | 31    | 1.7196   | 1.2121   | 1.3090 
2    | 24    | 1.2515   | 1.0693   | 1.0927 
3-5  | 68    | 1.1979   | 0.9838   | 1.1520 
6+   | 208   | 0.8443   | 0.4743   | 0.7987 

Epoch 9: loss = 0.347052 delta_mae_pts = 1.1554 recap_mae_pts = 1.1554 cat_mae_pts = 1.2929 total_mae_pts = 3.2366 vs_inertia_pts = -0.1837 vs_quad_pts = 0.9369 mon_cov = 0.732 mon_score = 4.3920 time = 705.19 s

Epoch 10: Weights {"totalWeight":0.05,"recapWeight":1,"deltaWeight":0.2,"categoryWeight":0.05,"quantileWeight":0.02,"consistencyWeight":0,"identityDropoutRate":0.95}, Scales {"judgeBias":0.16666666666666666,"corps":0}, SeqLen 5, ID_Drop 0.948, WFW 0.100 

History Bucket Diagnostics (Avg Abs Error per sample, normalized units):
Hist | Count | MAE_Pred | MAE_Base | PredDevFromBase
-----|-------|----------|----------|----------------
0    | 71    | 1.5718   | 2.2794   | 2.8626 
1    | 31    | 1.6619   | 1.2121   | 1.2580 
2    | 24    | 1.1630   | 1.0693   | 1.0530 
3-5  | 68    | 1.1304   | 0.9838   | 1.1271 
6+   | 208   | 0.8385   | 0.4743   | 0.8120 

Epoch 10: loss = 0.408172 delta_mae_pts = 1.1003 recap_mae_pts = 1.1003 cat_mae_pts = 1.3737 total_mae_pts = 3.6039 vs_inertia_pts = -0.1286 vs_quad_pts = 0.9920 mon_cov = 0.743 mon_score = 4.7041 time = 795.25 s

Epoch 11: Weights {"totalWeight":0.05,"recapWeight":1,"deltaWeight":0.2,"categoryWeight":0.05,"quantileWeight":0.02,"consistencyWeight":0,"identityDropoutRate":0.95}, Scales {"judgeBias":0.18333333333333332,"corps":0}, SeqLen 5, ID_Drop 0.957, WFW 0.100 

History Bucket Diagnostics (Avg Abs Error per sample, normalized units):
Hist | Count | MAE_Pred | MAE_Base | PredDevFromBase
-----|-------|----------|----------|----------------
0    | 71    | 2.0072   | 2.2794   | 2.9056 
1    | 31    | 1.4614   | 1.2121   | 1.0887 
2    | 24    | 1.1265   | 1.0693   | 0.9538 
3-5  | 68    | 1.0263   | 0.9838   | 0.9221 
6+   | 208   | 0.6052   | 0.4743   | 0.4841 

Epoch 11: loss = 0.458346 delta_mae_pts = 1.0212 recap_mae_pts = 1.0212 cat_mae_pts = 1.1466 total_mae_pts = 2.7844 vs_inertia_pts = -0.0495 vs_quad_pts = 1.0711 mon_cov = 0.821 mon_score = 3.8056 time = 884.57 s
Saved BEST checkpoint @epoch 11 score = 3.8056 -> models\v9_subcaption_fixed\v9fix_w1p0_1770385724733\best 

Epoch 12: Weights {"totalWeight":0.05,"recapWeight":1,"deltaWeight":0.2,"categoryWeight":0.05,"quantileWeight":0.02,"consistencyWeight":0,"identityDropoutRate":0.95}, Scales {"judgeBias":0.2,"corps":0}, SeqLen 5, ID_Drop 0.949, WFW 0.100 

History Bucket Diagnostics (Avg Abs Error per sample, normalized units):
Hist | Count | MAE_Pred | MAE_Base | PredDevFromBase
-----|-------|----------|----------|----------------
0    | 71    | 1.5410   | 2.2794   | 2.4795 
1    | 31    | 1.6040   | 1.2121   | 1.2101 
2    | 24    | 1.1399   | 1.0693   | 1.0026 
3-5  | 68    | 1.0006   | 0.9838   | 0.9981 
6+   | 208   | 0.6309   | 0.4743   | 0.5600 

Epoch 12: loss = 0.417902 delta_mae_pts = 0.9596 recap_mae_pts = 0.9596 cat_mae_pts = 1.1221 total_mae_pts = 2.7893 vs_inertia_pts = 0.0121 vs_quad_pts = 1.1327 mon_cov = 0.797 mon_score = 3.7489 time = 974.64 s
Saved BEST checkpoint @epoch 12 score = 3.7489 -> models\v9_subcaption_fixed\v9fix_w1p0_1770385724733\best 

Epoch 13: Weights {"totalWeight":0.05,"recapWeight":1,"deltaWeight":0.2,"categoryWeight":0.05,"quantileWeight":0.02,"consistencyWeight":0,"identityDropoutRate":0.95}, Scales {"judgeBias":0.21666666666666667,"corps":0}, SeqLen 5, ID_Drop 0.951, WFW 0.100 

History Bucket Diagnostics (Avg Abs Error per sample, normalized units):
Hist | Count | MAE_Pred | MAE_Base | PredDevFromBase
-----|-------|----------|----------|----------------
0    | 71    | 1.7434   | 2.2794   | 2.7238 
1    | 31    | 1.5411   | 1.2121   | 1.2757 
2    | 24    | 1.2853   | 1.0693   | 1.0232 
3-5  | 68    | 1.1010   | 0.9838   | 0.9882 
6+   | 208   | 0.7177   | 0.4743   | 0.6732 

Epoch 13: loss = 0.433817 delta_mae_pts = 1.0611 recap_mae_pts = 1.0611 cat_mae_pts = 1.2734 total_mae_pts = 3.3287 vs_inertia_pts = -0.0893 vs_quad_pts = 1.0312 mon_cov = 0.804 mon_score = 4.3898 time = 1065.67 s

Epoch 14: Weights {"totalWeight":0.05,"recapWeight":1,"deltaWeight":0.2,"categoryWeight":0.05,"quantileWeight":0.02,"consistencyWeight":0,"identityDropoutRate":0.95}, Scales {"judgeBias":0.23333333333333334,"corps":0}, SeqLen 5, ID_Drop 0.950, WFW 0.100 

History Bucket Diagnostics (Avg Abs Error per sample, normalized units):
Hist | Count | MAE_Pred | MAE_Base | PredDevFromBase
-----|-------|----------|----------|----------------
0    | 71    | 1.6882   | 2.2794   | 2.5084 
1    | 31    | 1.6205   | 1.2121   | 1.1865 
2    | 24    | 1.4699   | 1.0693   | 0.8616 
3-5  | 68    | 1.3836   | 0.9838   | 1.1130 
6+   | 208   | 0.9965   | 0.4743   | 0.7910 

Epoch 14: loss = 0.488979 delta_mae_pts = 1.2605 recap_mae_pts = 1.2605 cat_mae_pts = 1.7132 total_mae_pts = 4.7868 vs_inertia_pts = -0.2888 vs_quad_pts = 0.8317 mon_cov = 0.704 mon_score = 6.0473 time = 1157.55 s

Epoch 15: Weights {"totalWeight":0.05,"recapWeight":1,"deltaWeight":0.2,"categoryWeight":0.05,"quantileWeight":0.02,"consistencyWeight":0,"identityDropoutRate":0.95}, Scales {"judgeBias":0.25,"corps":0}, SeqLen 5, ID_Drop 0.952, WFW 0.100 

History Bucket Diagnostics (Avg Abs Error per sample, normalized units):
Hist | Count | MAE_Pred | MAE_Base | PredDevFromBase
-----|-------|----------|----------|----------------
0    | 71    | 1.4638   | 2.2794   | 2.3841 
1    | 31    | 1.4334   | 1.2121   | 0.9873 
2    | 24    | 1.0308   | 1.0693   | 0.6723 
3-5  | 68    | 0.9072   | 0.9838   | 0.8425 
6+   | 208   | 0.5674   | 0.4743   | 0.3702 

Epoch 15: loss = 0.435331 delta_mae_pts = 0.8776 recap_mae_pts = 0.8776 cat_mae_pts = 1.0123 total_mae_pts = 2.4850 vs_inertia_pts = 0.0941 vs_quad_pts = 1.2146 mon_cov = 0.865 mon_score = 3.3626 time = 1246.87 s
Saved BEST checkpoint @epoch 15 score = 3.3626 -> models\v9_subcaption_fixed\v9fix_w1p0_1770385724733\best 

Epoch 16: Weights {"totalWeight":0.05,"recapWeight":1,"deltaWeight":0.2,"categoryWeight":0.05,"quantileWeight":0.02,"consistencyWeight":0,"identityDropoutRate":0.95}, Scales {"judgeBias":0.26666666666666666,"corps":0}, SeqLen 5, ID_Drop 0.950, WFW 0.100 

History Bucket Diagnostics (Avg Abs Error per sample, normalized units):
Hist | Count | MAE_Pred | MAE_Base | PredDevFromBase
-----|-------|----------|----------|----------------
0    | 71    | 1.3350   | 2.2794   | 2.4455 
1    | 31    | 1.3144   | 1.2121   | 0.9283 
2    | 24    | 1.0115   | 1.0693   | 0.8427 
3-5  | 68    | 0.8459   | 0.9838   | 0.9232 
6+   | 208   | 0.5707   | 0.4743   | 0.4558 

Epoch 16: loss = 0.360264 delta_mae_pts = 0.8359 recap_mae_pts = 0.8359 cat_mae_pts = 0.9318 total_mae_pts = 2.1250 vs_inertia_pts = 0.1358 vs_quad_pts = 1.2564 mon_cov = 0.854 mon_score = 2.9609 time = 1337.32 s
Saved BEST checkpoint @epoch 16 score = 2.9609 -> models\v9_subcaption_fixed\v9fix_w1p0_1770385724733\best 

Epoch 17: Weights {"totalWeight":0.05,"recapWeight":1,"deltaWeight":0.2,"categoryWeight":0.05,"quantileWeight":0.02,"consistencyWeight":0,"identityDropoutRate":0.95}, Scales {"judgeBias":0.2833333333333333,"corps":0}, SeqLen 5, ID_Drop 0.955, WFW 0.100 

History Bucket Diagnostics (Avg Abs Error per sample, normalized units):
Hist | Count | MAE_Pred | MAE_Base | PredDevFromBase
-----|-------|----------|----------|----------------
0    | 71    | 1.2798   | 2.2794   | 2.1204 
1    | 31    | 1.2876   | 1.2121   | 0.9541 
2    | 24    | 0.9520   | 1.0693   | 0.7861 
3-5  | 68    | 0.8308   | 0.9838   | 0.8960 
6+   | 208   | 0.5605   | 0.4743   | 0.4542 

Epoch 17: loss = 0.293965 delta_mae_pts = 0.8127 recap_mae_pts = 0.8127 cat_mae_pts = 0.9081 total_mae_pts = 2.0204 vs_inertia_pts = 0.1590 vs_quad_pts = 1.2796 mon_cov = 0.875 mon_score = 2.8331 time = 1427.50 s
Saved BEST checkpoint @epoch 17 score = 2.8331 -> models\v9_subcaption_fixed\v9fix_w1p0_1770385724733\best 

Epoch 18: Weights {"totalWeight":0.05,"recapWeight":1,"deltaWeight":0.2,"categoryWeight":0.05,"quantileWeight":0.02,"consistencyWeight":0,"identityDropoutRate":0.95}, Scales {"judgeBias":0.3,"corps":0}, SeqLen 5, ID_Drop 0.951, WFW 0.100 

History Bucket Diagnostics (Avg Abs Error per sample, normalized units):
Hist | Count | MAE_Pred | MAE_Base | PredDevFromBase
-----|-------|----------|----------|----------------
0    | 71    | 1.1933   | 2.2794   | 2.2571 
1    | 31    | 1.3110   | 1.2121   | 0.9058 
2    | 24    | 0.9785   | 1.0693   | 0.8588 
3-5  | 68    | 0.8972   | 0.9838   | 0.9883 
6+   | 208   | 0.6002   | 0.4743   | 0.4663 

Epoch 18: loss = 0.293562 delta_mae_pts = 0.8326 recap_mae_pts = 0.8326 cat_mae_pts = 0.9786 total_mae_pts = 2.3216 vs_inertia_pts = 0.1391 vs_quad_pts = 1.2597 mon_cov = 0.858 mon_score = 3.1541 time = 1516.83 s

Epoch 19: Weights {"totalWeight":0.05,"recapWeight":1,"deltaWeight":0.2,"categoryWeight":0.05,"quantileWeight":0.02,"consistencyWeight":0,"identityDropoutRate":0.95}, Scales {"judgeBias":0.31666666666666665,"corps":0}, SeqLen 5, ID_Drop 0.953, WFW 0.100 

History Bucket Diagnostics (Avg Abs Error per sample, normalized units):
Hist | Count | MAE_Pred | MAE_Base | PredDevFromBase
-----|-------|----------|----------|----------------
0    | 71    | 1.4126   | 2.2794   | 2.3870 
1    | 31    | 1.2877   | 1.2121   | 1.1512 
2    | 24    | 0.9309   | 1.0693   | 0.8947 
3-5  | 68    | 0.8727   | 0.9838   | 0.8217 
6+   | 208   | 0.5183   | 0.4743   | 0.3857 

Epoch 19: loss = 0.310163 delta_mae_pts = 0.8202 recap_mae_pts = 0.8202 cat_mae_pts = 0.9078 total_mae_pts = 1.9931 vs_inertia_pts = 0.1515 vs_quad_pts = 1.2721 mon_cov = 0.892 mon_score = 2.8133 time = 1605.79 s
Saved BEST checkpoint @epoch 19 score = 2.8133 -> models\v9_subcaption_fixed\v9fix_w1p0_1770385724733\best 

Epoch 20: Weights {"totalWeight":0,"recapWeight":1,"deltaWeight":0.2,"categoryWeight":0.05,"quantileWeight":0.02,"consistencyWeight":0,"identityDropoutRate":0.95}, Scales {"judgeBias":0.3333333333333333,"corps":0}, SeqLen 15, ID_Drop 0.947, WFW 0.100 

History Bucket Diagnostics (Avg Abs Error per sample, normalized units):
Hist | Count | MAE_Pred | MAE_Base | PredDevFromBase
-----|-------|----------|----------|----------------
0    | 71    | 1.1869   | 2.2794   | 2.3741 
1    | 31    | 1.1794   | 1.2121   | 1.1126 
2    | 24    | 0.9303   | 1.0693   | 0.9821 
3-5  | 68    | 0.8323   | 0.9838   | 0.9527 
6+   | 208   | 0.5298   | 0.4743   | 0.4970 

Epoch 20: loss = 0.241469 delta_mae_pts = 0.7711 recap_mae_pts = 0.7711 cat_mae_pts = 0.8910 total_mae_pts = 2.1547 vs_inertia_pts = 0.2007 vs_quad_pts = 1.3212 mon_cov = 0.887 mon_score = 2.9258 time = 1696.91 s

Epoch 21: Weights {"totalWeight":0,"recapWeight":0.9825,"deltaWeight":0.22000000000000003,"categoryWeight":0.05,"quantileWeight":0.022,"consistencyWeight":0,"identityDropoutRate":0.95}, Scales {"judgeBias":0.35,"corps":0}, SeqLen 15, ID_Drop 0.948, WFW 0.103 

History Bucket Diagnostics (Avg Abs Error per sample, normalized units):
Hist | Count | MAE_Pred | MAE_Base | PredDevFromBase
-----|-------|----------|----------|----------------
0    | 71    | 1.2206   | 2.2794   | 2.3607 
1    | 31    | 1.1960   | 1.2121   | 1.0233 
2    | 24    | 0.8850   | 1.0693   | 0.9755 
3-5  | 68    | 0.8296   | 0.9838   | 0.9551 
6+   | 208   | 0.5485   | 0.4743   | 0.4620 

Epoch 21: loss = 0.234030 delta_mae_pts = 0.7848 recap_mae_pts = 0.7848 cat_mae_pts = 0.8905 total_mae_pts = 1.9184 vs_inertia_pts = 0.1869 vs_quad_pts = 1.3075 mon_cov = 0.877 mon_score = 2.7032 time = 1783.29 s
Saved BEST checkpoint @epoch 21 score = 2.7032 -> models\v9_subcaption_fixed\v9fix_w1p0_1770385724733\best 

Epoch 22: Weights {"totalWeight":0,"recapWeight":0.965,"deltaWeight":0.24000000000000002,"categoryWeight":0.05,"quantileWeight":0.024,"consistencyWeight":0,"identityDropoutRate":0.95}, Scales {"judgeBias":0.36666666666666664,"corps":0}, SeqLen 15, ID_Drop 0.952, WFW 0.110 

History Bucket Diagnostics (Avg Abs Error per sample, normalized units):
Hist | Count | MAE_Pred | MAE_Base | PredDevFromBase
-----|-------|----------|----------|----------------
0    | 71    | 1.1492   | 2.2794   | 2.1996 
1    | 31    | 1.1590   | 1.2121   | 1.1221 
2    | 24    | 0.8920   | 1.0693   | 0.9670 
3-5  | 68    | 0.7997   | 0.9838   | 0.9131 
6+   | 208   | 0.5384   | 0.4743   | 0.4616 

Epoch 22: loss = 0.226137 delta_mae_pts = 0.7594 recap_mae_pts = 0.7594 cat_mae_pts = 0.8423 total_mae_pts = 1.8539 vs_inertia_pts = 0.2123 vs_quad_pts = 1.3329 mon_cov = 0.881 mon_score = 2.6133 time = 1854.99 s
Saved BEST checkpoint @epoch 22 score = 2.6133 -> models\v9_subcaption_fixed\v9fix_w1p0_1770385724733\best 

Epoch 23: Weights {"totalWeight":0,"recapWeight":0.9475,"deltaWeight":0.26,"categoryWeight":0.05,"quantileWeight":0.026000000000000002,"consistencyWeight":0,"identityDropoutRate":0.95}, Scales {"judgeBias":0.38333333333333336,"corps":0}, SeqLen 15, ID_Drop 0.954, WFW 0.122 

History Bucket Diagnostics (Avg Abs Error per sample, normalized units):
Hist | Count | MAE_Pred | MAE_Base | PredDevFromBase
-----|-------|----------|----------|----------------
0    | 71    | 1.0997   | 2.2794   | 2.0889 
1    | 31    | 1.1402   | 1.2121   | 0.9024 
2    | 24    | 0.9560   | 1.0693   | 0.8149 
3-5  | 68    | 0.8384   | 0.9838   | 0.7943 
6+   | 208   | 0.5516   | 0.4743   | 0.4069 

Epoch 23: loss = 0.283630 delta_mae_pts = 0.7665 recap_mae_pts = 0.7665 cat_mae_pts = 0.9137 total_mae_pts = 2.0809 vs_inertia_pts = 0.2053 vs_quad_pts = 1.3258 mon_cov = 0.870 mon_score = 2.8473 time = 1921.53 s

Epoch 24: Weights {"totalWeight":0,"recapWeight":0.93,"deltaWeight":0.28,"categoryWeight":0.05,"quantileWeight":0.028,"consistencyWeight":0,"identityDropoutRate":0.95}, Scales {"judgeBias":0.4,"corps":0}, SeqLen 15, ID_Drop 0.948, WFW 0.139 

History Bucket Diagnostics (Avg Abs Error per sample, normalized units):
Hist | Count | MAE_Pred | MAE_Base | PredDevFromBase
-----|-------|----------|----------|----------------
0    | 71    | 1.1094   | 2.2794   | 2.2030 
1    | 31    | 1.0933   | 1.2121   | 1.2864 
2    | 24    | 0.8576   | 1.0693   | 0.8899 
3-5  | 68    | 0.7733   | 0.9838   | 0.8850 
6+   | 208   | 0.5038   | 0.4743   | 0.4285 

Epoch 24: loss = 0.261263 delta_mae_pts = 0.7229 recap_mae_pts = 0.7229 cat_mae_pts = 0.8042 total_mae_pts = 1.6890 vs_inertia_pts = 0.2488 vs_quad_pts = 1.3694 mon_cov = 0.896 mon_score = 2.4120 time = 1985.38 s
Saved BEST checkpoint @epoch 24 score = 2.4120 -> models\v9_subcaption_fixed\v9fix_w1p0_1770385724733\best 

Epoch 25: Weights {"totalWeight":0,"recapWeight":0.9125,"deltaWeight":0.30000000000000004,"categoryWeight":0.05,"quantileWeight":0.03,"consistencyWeight":0,"identityDropoutRate":0.95}, Scales {"judgeBias":0.4166666666666667,"corps":0}, SeqLen 15, ID_Drop 0.948, WFW 0.160 

History Bucket Diagnostics (Avg Abs Error per sample, normalized units):
Hist | Count | MAE_Pred | MAE_Base | PredDevFromBase
-----|-------|----------|----------|----------------
0    | 71    | 1.0440   | 2.2794   | 2.2435 
1    | 31    | 1.0527   | 1.2121   | 0.9899 
2    | 24    | 0.8807   | 1.0693   | 0.8862 
3-5  | 68    | 0.7896   | 0.9838   | 0.8465 
6+   | 208   | 0.4756   | 0.4743   | 0.3981 

Epoch 25: loss = 0.254482 delta_mae_pts = 0.6978 recap_mae_pts = 0.6978 cat_mae_pts = 0.7950 total_mae_pts = 1.6691 vs_inertia_pts = 0.2739 vs_quad_pts = 1.3945 mon_cov = 0.896 mon_score = 2.3669 time = 2056.03 s
Saved BEST checkpoint @epoch 25 score = 2.3669 -> models\v9_subcaption_fixed\v9fix_w1p0_1770385724733\best 

Epoch 26: Weights {"totalWeight":0,"recapWeight":0.895,"deltaWeight":0.32,"categoryWeight":0.05,"quantileWeight":0.032,"consistencyWeight":0,"identityDropoutRate":0.95}, Scales {"judgeBias":0.43333333333333335,"corps":0}, SeqLen 15, ID_Drop 0.947, WFW 0.185 

History Bucket Diagnostics (Avg Abs Error per sample, normalized units):
Hist | Count | MAE_Pred | MAE_Base | PredDevFromBase
-----|-------|----------|----------|----------------
0    | 71    | 1.1687   | 2.2794   | 2.1563 
1    | 31    | 1.1212   | 1.2121   | 1.3527 
2    | 24    | 0.9402   | 1.0693   | 1.1345 
3-5  | 68    | 0.8183   | 0.9838   | 1.1196 
6+   | 208   | 0.5298   | 0.4743   | 0.5346 

Epoch 26: loss = 0.248960 delta_mae_pts = 0.7615 recap_mae_pts = 0.7615 cat_mae_pts = 0.8886 total_mae_pts = 2.1710 vs_inertia_pts = 0.2102 vs_quad_pts = 1.3308 mon_cov = 0.891 mon_score = 2.9325 time = 2147.49 s

Epoch 27: Weights {"totalWeight":0,"recapWeight":0.8775000000000001,"deltaWeight":0.33999999999999997,"categoryWeight":0.05,"quantileWeight":0.034,"consistencyWeight":0,"identityDropoutRate":0.95}, Scales {"judgeBias":0.45,"corps":0}, SeqLen 15, ID_Drop 0.949, WFW 0.214 

History Bucket Diagnostics (Avg Abs Error per sample, normalized units):
Hist | Count | MAE_Pred | MAE_Base | PredDevFromBase
-----|-------|----------|----------|----------------
0    | 71    | 1.2008   | 2.2794   | 2.5151 
1    | 31    | 1.0870   | 1.2121   | 1.2892 
2    | 24    | 0.9082   | 1.0693   | 1.0675 
3-5  | 68    | 0.7823   | 0.9838   | 0.9744 
6+   | 208   | 0.5029   | 0.4743   | 0.5218 

Epoch 27: loss = 0.257504 delta_mae_pts = 0.7426 recap_mae_pts = 0.7426 cat_mae_pts = 0.9222 total_mae_pts = 2.2537 vs_inertia_pts = 0.2291 vs_quad_pts = 1.3496 mon_cov = 0.890 mon_score = 2.9963 time = 2239.85 s

Epoch 28: Weights {"totalWeight":0,"recapWeight":0.86,"deltaWeight":0.36000000000000004,"categoryWeight":0.05,"quantileWeight":0.036000000000000004,"consistencyWeight":0,"identityDropoutRate":0.95}, Scales {"judgeBias":0.4666666666666667,"corps":0}, SeqLen 15, ID_Drop 0.950, WFW 0.246 

History Bucket Diagnostics (Avg Abs Error per sample, normalized units):
Hist | Count | MAE_Pred | MAE_Base | PredDevFromBase
-----|-------|----------|----------|----------------
0    | 71    | 1.2269   | 2.2794   | 2.2404 
1    | 31    | 1.0566   | 1.2121   | 1.2234 
2    | 24    | 0.7724   | 1.0693   | 0.9186 
3-5  | 68    | 0.7417   | 0.9838   | 0.8241 
6+   | 208   | 0.4625   | 0.4743   | 0.3616 

Epoch 28: loss = 0.310985 delta_mae_pts = 0.7091 recap_mae_pts = 0.7091 cat_mae_pts = 0.7931 total_mae_pts = 1.7655 vs_inertia_pts = 0.2627 vs_quad_pts = 1.3832 mon_cov = 0.910 mon_score = 2.4746 time = 2322.14 s

Epoch 29: Weights {"totalWeight":0,"recapWeight":0.8425,"deltaWeight":0.38,"categoryWeight":0.05,"quantileWeight":0.038000000000000006,"consistencyWeight":0,"identityDropoutRate":0.95}, Scales {"judgeBias":0.48333333333333334,"corps":0}, SeqLen 15, ID_Drop 0.946, WFW 0.281 

History Bucket Diagnostics (Avg Abs Error per sample, normalized units):
Hist | Count | MAE_Pred | MAE_Base | PredDevFromBase
-----|-------|----------|----------|----------------
0    | 71    | 1.2289   | 2.2794   | 2.4522 
1    | 31    | 0.9080   | 1.2121   | 1.2037 
2    | 24    | 0.8071   | 1.0693   | 0.9115 
3-5  | 68    | 0.7350   | 0.9838   | 0.8871 
6+   | 208   | 0.4517   | 0.4743   | 0.3833 

Epoch 29: loss = 0.243045 delta_mae_pts = 0.6933 recap_mae_pts = 0.6933 cat_mae_pts = 0.8023 total_mae_pts = 1.5767 vs_inertia_pts = 0.2784 vs_quad_pts = 1.3990 mon_cov = 0.907 mon_score = 2.2700 time = 2407.78 s
Saved BEST checkpoint @epoch 29 score = 2.2700 -> models\v9_subcaption_fixed\v9fix_w1p0_1770385724733\best 

Epoch 30: Weights {"totalWeight":0,"recapWeight":0.825,"deltaWeight":0.4,"categoryWeight":0.05,"quantileWeight":0.04,"consistencyWeight":0,"identityDropoutRate":0.95}, Scales {"judgeBias":0.5,"corps":0}, SeqLen 15, ID_Drop 0.950, WFW 0.319 

History Bucket Diagnostics (Avg Abs Error per sample, normalized units):
Hist | Count | MAE_Pred | MAE_Base | PredDevFromBase
-----|-------|----------|----------|----------------
0    | 71    | 1.0919   | 2.2794   | 2.2548 
1    | 31    | 1.0376   | 1.2121   | 0.9905 
2    | 24    | 0.8037   | 1.0693   | 0.7919 
3-5  | 68    | 0.7637   | 0.9838   | 0.7987 
6+   | 208   | 0.4282   | 0.4743   | 0.3517 

Epoch 30: loss = 0.265135 delta_mae_pts = 0.6715 recap_mae_pts = 0.6715 cat_mae_pts = 0.7717 total_mae_pts = 1.7491 vs_inertia_pts = 0.3002 vs_quad_pts = 1.4207 mon_cov = 0.927 mon_score = 2.4207 time = 2498.90 s

Epoch 31: Weights {"totalWeight":0,"recapWeight":0.8075,"deltaWeight":0.42000000000000004,"categoryWeight":0.05,"quantileWeight":0.042,"consistencyWeight":0,"identityDropoutRate":0.95}, Scales {"judgeBias":0.5166666666666667,"corps":0}, SeqLen 15, ID_Drop 0.956, WFW 0.359 

History Bucket Diagnostics (Avg Abs Error per sample, normalized units):
Hist | Count | MAE_Pred | MAE_Base | PredDevFromBase
-----|-------|----------|----------|----------------
0    | 71    | 1.1171   | 2.2794   | 2.2549 
1    | 31    | 0.9435   | 1.2121   | 1.2588 
2    | 24    | 0.7626   | 1.0693   | 1.0183 
3-5  | 68    | 0.7351   | 0.9838   | 0.8492 
6+   | 208   | 0.4449   | 0.4743   | 0.3874 

Epoch 31: loss = 0.233737 delta_mae_pts = 0.6701 recap_mae_pts = 0.6701 cat_mae_pts = 0.7431 total_mae_pts = 1.5654 vs_inertia_pts = 0.3016 vs_quad_pts = 1.4222 mon_cov = 0.925 mon_score = 2.2355 time = 2589.26 s
Saved BEST checkpoint @epoch 31 score = 2.2355 -> models\v9_subcaption_fixed\v9fix_w1p0_1770385724733\best 

Epoch 32: Weights {"totalWeight":0,"recapWeight":0.79,"deltaWeight":0.44,"categoryWeight":0.05,"quantileWeight":0.044,"consistencyWeight":0,"identityDropoutRate":0.95}, Scales {"judgeBias":0.5333333333333333,"corps":0}, SeqLen 15, ID_Drop 0.949, WFW 0.402 

History Bucket Diagnostics (Avg Abs Error per sample, normalized units):
Hist | Count | MAE_Pred | MAE_Base | PredDevFromBase
-----|-------|----------|----------|----------------
0    | 71    | 1.1125   | 2.2794   | 2.3070 
1    | 31    | 0.8225   | 1.2121   | 1.1393 
2    | 24    | 0.7836   | 1.0693   | 0.9687 
3-5  | 68    | 0.7290   | 0.9838   | 0.9217 
6+   | 208   | 0.4542   | 0.4743   | 0.4528 

Epoch 32: loss = 0.237478 delta_mae_pts = 0.6650 recap_mae_pts = 0.6650 cat_mae_pts = 0.7601 total_mae_pts = 1.6133 vs_inertia_pts = 0.3067 vs_quad_pts = 1.4273 mon_cov = 0.921 mon_score = 2.2783 time = 2679.18 s

Epoch 33: Weights {"totalWeight":0,"recapWeight":0.7725,"deltaWeight":0.46,"categoryWeight":0.05,"quantileWeight":0.046,"consistencyWeight":0,"identityDropoutRate":0.95}, Scales {"judgeBias":0.55,"corps":0}, SeqLen 15, ID_Drop 0.951, WFW 0.448 

History Bucket Diagnostics (Avg Abs Error per sample, normalized units):
Hist | Count | MAE_Pred | MAE_Base | PredDevFromBase
-----|-------|----------|----------|----------------
0    | 71    | 1.0582   | 2.2794   | 2.1515 
1    | 31    | 0.8296   | 1.2121   | 0.9071 
2    | 24    | 0.7575   | 1.0693   | 0.8413 
3-5  | 68    | 0.6889   | 0.9838   | 0.8503 
6+   | 208   | 0.4413   | 0.4743   | 0.3678 

Epoch 33: loss = 0.222153 delta_mae_pts = 0.6410 recap_mae_pts = 0.6410 cat_mae_pts = 0.7327 total_mae_pts = 1.5513 vs_inertia_pts = 0.3308 vs_quad_pts = 1.4513 mon_cov = 0.921 mon_score = 2.1923 time = 2767.31 s
Saved BEST checkpoint @epoch 33 score = 2.1923 -> models\v9_subcaption_fixed\v9fix_w1p0_1770385724733\best 

Epoch 34: Weights {"totalWeight":0,"recapWeight":0.755,"deltaWeight":0.48,"categoryWeight":0.05,"quantileWeight":0.048,"consistencyWeight":0,"identityDropoutRate":0.95}, Scales {"judgeBias":0.5666666666666667,"corps":0}, SeqLen 15, ID_Drop 0.954, WFW 0.494 

History Bucket Diagnostics (Avg Abs Error per sample, normalized units):
Hist | Count | MAE_Pred | MAE_Base | PredDevFromBase
-----|-------|----------|----------|----------------
0    | 71    | 1.0438   | 2.2794   | 2.1836 
1    | 31    | 0.8203   | 1.2121   | 0.9873 
2    | 24    | 0.7691   | 1.0693   | 0.9079 
3-5  | 68    | 0.7063   | 0.9838   | 0.8112 
6+   | 208   | 0.4619   | 0.4743   | 0.3540 

Epoch 34: loss = 0.261241 delta_mae_pts = 0.6520 recap_mae_pts = 0.6520 cat_mae_pts = 0.7067 total_mae_pts = 1.4799 vs_inertia_pts = 0.3197 vs_quad_pts = 1.4403 mon_cov = 0.927 mon_score = 2.1319 time = 2856.64 s
Saved BEST checkpoint @epoch 34 score = 2.1319 -> models\v9_subcaption_fixed\v9fix_w1p0_1770385724733\best 

Epoch 35: Weights {"totalWeight":0,"recapWeight":0.7375,"deltaWeight":0.5,"categoryWeight":0.05,"quantileWeight":0.05,"consistencyWeight":0,"identityDropoutRate":0.95}, Scales {"judgeBias":0.5833333333333334,"corps":0}, SeqLen 15, ID_Drop 0.952, WFW 0.543 

History Bucket Diagnostics (Avg Abs Error per sample, normalized units):
Hist | Count | MAE_Pred | MAE_Base | PredDevFromBase
-----|-------|----------|----------|----------------
0    | 71    | 1.0699   | 2.2794   | 2.2845 
1    | 31    | 0.8208   | 1.2121   | 1.1022 
2    | 24    | 0.7656   | 1.0693   | 0.9062 
3-5  | 68    | 0.6695   | 0.9838   | 0.8417 
6+   | 208   | 0.4280   | 0.4743   | 0.4101 

Epoch 35: loss = 0.207636 delta_mae_pts = 0.6327 recap_mae_pts = 0.6327 cat_mae_pts = 0.7232 total_mae_pts = 1.6162 vs_inertia_pts = 0.3390 vs_quad_pts = 1.4596 mon_cov = 0.938 mon_score = 2.2489 time = 2949.03 s

Epoch 36: Weights {"totalWeight":0,"recapWeight":0.72,"deltaWeight":0.52,"categoryWeight":0.05,"quantileWeight":0.052000000000000005,"consistencyWeight":0,"identityDropoutRate":0.95}, Scales {"judgeBias":0.6,"corps":0}, SeqLen 15, ID_Drop 0.950, WFW 0.593 

History Bucket Diagnostics (Avg Abs Error per sample, normalized units):
Hist | Count | MAE_Pred | MAE_Base | PredDevFromBase
-----|-------|----------|----------|----------------
0    | 71    | 1.1379   | 2.2794   | 2.2171 
1    | 31    | 0.8454   | 1.2121   | 1.0439 
2    | 24    | 0.7884   | 1.0693   | 0.9898 
3-5  | 68    | 0.7263   | 0.9838   | 1.0014 
6+   | 208   | 0.4402   | 0.4743   | 0.4105 

Epoch 36: loss = 0.220082 delta_mae_pts = 0.6638 recap_mae_pts = 0.6638 cat_mae_pts = 0.7138 total_mae_pts = 1.5103 vs_inertia_pts = 0.3079 vs_quad_pts = 1.4284 mon_cov = 0.924 mon_score = 2.1741 time = 3029.55 s

Epoch 37: Weights {"totalWeight":0,"recapWeight":0.7025,"deltaWeight":0.54,"categoryWeight":0.05,"quantileWeight":0.054000000000000006,"consistencyWeight":0,"identityDropoutRate":0.95}, Scales {"judgeBias":0.6166666666666667,"corps":0}, SeqLen 15, ID_Drop 0.945, WFW 0.644 

History Bucket Diagnostics (Avg Abs Error per sample, normalized units):
Hist | Count | MAE_Pred | MAE_Base | PredDevFromBase
-----|-------|----------|----------|----------------
0    | 71    | 1.0821   | 2.2794   | 2.1231 
1    | 31    | 0.7317   | 1.2121   | 1.2014 
2    | 24    | 0.7576   | 1.0693   | 0.9735 
3-5  | 68    | 0.6571   | 0.9838   | 0.9072 
6+   | 208   | 0.4127   | 0.4743   | 0.4004 

Epoch 37: loss = 0.210457 delta_mae_pts = 0.6175 recap_mae_pts = 0.6175 cat_mae_pts = 0.6822 total_mae_pts = 1.4517 vs_inertia_pts = 0.3543 vs_quad_pts = 1.4748 mon_cov = 0.937 mon_score = 2.0692 time = 3120.89 s
Saved BEST checkpoint @epoch 37 score = 2.0692 -> models\v9_subcaption_fixed\v9fix_w1p0_1770385724733\best 

Epoch 38: Weights {"totalWeight":0,"recapWeight":0.685,"deltaWeight":0.56,"categoryWeight":0.05,"quantileWeight":0.05600000000000001,"consistencyWeight":0,"identityDropoutRate":0.95}, Scales {"judgeBias":0.6333333333333333,"corps":0}, SeqLen 15, ID_Drop 0.954, WFW 0.695 

History Bucket Diagnostics (Avg Abs Error per sample, normalized units):
Hist | Count | MAE_Pred | MAE_Base | PredDevFromBase
-----|-------|----------|----------|----------------
0    | 71    | 1.1126   | 2.2794   | 2.3013 
1    | 31    | 0.9600   | 1.2121   | 1.2589 
2    | 24    | 0.6959   | 1.0693   | 0.9367 
3-5  | 68    | 0.6891   | 0.9838   | 0.8107 
6+   | 208   | 0.4113   | 0.4743   | 0.3496 

Epoch 38: loss = 0.196551 delta_mae_pts = 0.6415 recap_mae_pts = 0.6415 cat_mae_pts = 0.6895 total_mae_pts = 1.4315 vs_inertia_pts = 0.3302 vs_quad_pts = 1.4508 mon_cov = 0.933 mon_score = 2.0730 time = 3212.34 s

Epoch 39: Weights {"totalWeight":0,"recapWeight":0.6675,"deltaWeight":0.5800000000000001,"categoryWeight":0.05,"quantileWeight":0.057999999999999996,"consistencyWeight":0,"identityDropoutRate":0.95}, Scales {"judgeBias":0.65,"corps":0}, SeqLen 15, ID_Drop 0.945, WFW 0.748 

History Bucket Diagnostics (Avg Abs Error per sample, normalized units):
Hist | Count | MAE_Pred | MAE_Base | PredDevFromBase
-----|-------|----------|----------|----------------
0    | 71    | 1.1718   | 2.2794   | 2.3765 
1    | 31    | 0.7785   | 1.2121   | 1.2001 
2    | 24    | 0.7216   | 1.0693   | 0.9129 
3-5  | 68    | 0.6854   | 0.9838   | 0.7892 
6+   | 208   | 0.4319   | 0.4743   | 0.3484 

Epoch 39: loss = 0.208797 delta_mae_pts = 0.6495 recap_mae_pts = 0.6495 cat_mae_pts = 0.7368 total_mae_pts = 1.5359 vs_inertia_pts = 0.3222 vs_quad_pts = 1.4428 mon_cov = 0.930 mon_score = 2.1853 time = 3297.43 s

Epoch 40: Weights {"totalWeight":0,"recapWeight":0.65,"deltaWeight":0.6000000000000001,"categoryWeight":0.05,"quantileWeight":0.06,"consistencyWeight":0,"identityDropoutRate":0.95}, Scales {"judgeBias":0.6666666666666666,"corps":0}, SeqLen 15, ID_Drop 0.949, WFW 0.800 

History Bucket Diagnostics (Avg Abs Error per sample, normalized units):
Hist | Count | MAE_Pred | MAE_Base | PredDevFromBase
-----|-------|----------|----------|----------------
0    | 71    | 1.0478   | 2.2794   | 2.2789 
1    | 31    | 0.7292   | 1.2121   | 0.9996 
2    | 24    | 0.7270   | 1.0693   | 0.8692 
3-5  | 68    | 0.6677   | 0.9838   | 0.8689 
6+   | 208   | 0.4117   | 0.4743   | 0.3441 


--- PHASE TRANSITION (Epoch 40): Resetting Best Score & Patience ---
Epoch 40: loss = 0.214036 delta_mae_pts = 0.6106 recap_mae_pts = 0.6106 cat_mae_pts = 0.6852 total_mae_pts = 1.4472 vs_inertia_pts = 0.3611 vs_quad_pts = 1.4817 mon_cov = 0.928 mon_score = 1.2017 time = 3361.28 s
Saved BEST checkpoint @epoch 40 score = 1.2017 -> models\v9_subcaption_fixed\v9fix_w1p0_1770385724733\best 

Epoch 41: Weights {"totalWeight":0,"recapWeight":0.6325000000000001,"deltaWeight":0.6200000000000001,"categoryWeight":0.05,"quantileWeight":0.062,"consistencyWeight":0,"identityDropoutRate":0.95}, Scales {"judgeBias":0.6833333333333333,"corps":0.02}, SeqLen 15, ID_Drop 0.949, WFW 0.852 

History Bucket Diagnostics (Avg Abs Error per sample, normalized units):
Hist | Count | MAE_Pred | MAE_Base | PredDevFromBase
-----|-------|----------|----------|----------------
0    | 71    | 1.2861   | 2.2794   | 2.4470 
1    | 31    | 0.7762   | 1.2121   | 1.2233 
2    | 24    | 0.7260   | 1.0693   | 0.9703 
3-5  | 68    | 0.6785   | 0.9838   | 0.8790 
6+   | 208   | 0.4247   | 0.4743   | 0.4170 

Epoch 41: loss = 0.274700 delta_mae_pts = 0.6649 recap_mae_pts = 0.6649 cat_mae_pts = 0.6830 total_mae_pts = 1.4612 vs_inertia_pts = 0.3069 vs_quad_pts = 1.4274 mon_cov = 0.930 mon_score = 1.3248 time = 3438.11 s

Epoch 42: Weights {"totalWeight":0,"recapWeight":0.615,"deltaWeight":0.6400000000000001,"categoryWeight":0.05,"quantileWeight":0.064,"consistencyWeight":0,"identityDropoutRate":0.95}, Scales {"judgeBias":0.7,"corps":0.04}, SeqLen 15, ID_Drop 0.949, WFW 0.905 

History Bucket Diagnostics (Avg Abs Error per sample, normalized units):
Hist | Count | MAE_Pred | MAE_Base | PredDevFromBase
-----|-------|----------|----------|----------------
0    | 71    | 1.0066   | 2.2794   | 2.1931 
1    | 31    | 0.7570   | 1.2121   | 1.0757 
2    | 24    | 0.7543   | 1.0693   | 0.9928 
3-5  | 68    | 0.7042   | 0.9838   | 0.8670 
6+   | 208   | 0.4298   | 0.4743   | 0.4166 

Epoch 42: loss = 0.247741 delta_mae_pts = 0.6227 recap_mae_pts = 0.6227 cat_mae_pts = 0.6597 total_mae_pts = 1.3838 vs_inertia_pts = 0.3490 vs_quad_pts = 1.4696 mon_cov = 0.932 mon_score = 1.2482 time = 3529.54 s

Epoch 43: Weights {"totalWeight":0,"recapWeight":0.5975,"deltaWeight":0.6599999999999999,"categoryWeight":0.05,"quantileWeight":0.066,"consistencyWeight":0,"identityDropoutRate":0.95}, Scales {"judgeBias":0.7166666666666667,"corps":0.06}, SeqLen 15, ID_Drop 0.948, WFW 0.956 

History Bucket Diagnostics (Avg Abs Error per sample, normalized units):
Hist | Count | MAE_Pred | MAE_Base | PredDevFromBase
-----|-------|----------|----------|----------------
0    | 71    | 1.1513   | 2.2794   | 2.3212 
1    | 31    | 0.8196   | 1.2121   | 1.0621 
2    | 24    | 0.7517   | 1.0693   | 0.8567 
3-5  | 68    | 0.6892   | 0.9838   | 0.7873 
6+   | 208   | 0.4128   | 0.4743   | 0.3610 

Epoch 43: loss = 0.199407 delta_mae_pts = 0.6416 recap_mae_pts = 0.6416 cat_mae_pts = 0.6901 total_mae_pts = 1.5370 vs_inertia_pts = 0.3301 vs_quad_pts = 1.4507 mon_cov = 0.938 mon_score = 1.3387 time = 3615.72 s

Epoch 44: Weights {"totalWeight":0,"recapWeight":0.5800000000000001,"deltaWeight":0.6799999999999999,"categoryWeight":0.05,"quantileWeight":0.068,"consistencyWeight":0,"identityDropoutRate":0.95}, Scales {"judgeBias":0.7333333333333333,"corps":0.08}, SeqLen 15, ID_Drop 0.954, WFW 1.007 

History Bucket Diagnostics (Avg Abs Error per sample, normalized units):
Hist | Count | MAE_Pred | MAE_Base | PredDevFromBase
-----|-------|----------|----------|----------------
0    | 71    | 1.1414   | 2.2794   | 2.1764 
1    | 31    | 0.7733   | 1.2121   | 0.9222 
2    | 24    | 0.7634   | 1.0693   | 0.7576 
3-5  | 68    | 0.6434   | 0.9838   | 0.7566 
6+   | 208   | 0.4254   | 0.4743   | 0.3353 

Epoch 44: loss = 0.200912 delta_mae_pts = 0.6358 recap_mae_pts = 0.6358 cat_mae_pts = 0.6622 total_mae_pts = 1.4816 vs_inertia_pts = 0.3360 vs_quad_pts = 1.4565 mon_cov = 0.937 mon_score = 1.2595 time = 3698.13 s

Epoch 45: Weights {"totalWeight":0,"recapWeight":0.5625,"deltaWeight":0.7,"categoryWeight":0.05,"quantileWeight":0.07,"consistencyWeight":0,"identityDropoutRate":0.95}, Scales {"judgeBias":0.75,"corps":0.1}, SeqLen 15, ID_Drop 0.956, WFW 1.057 

History Bucket Diagnostics (Avg Abs Error per sample, normalized units):
Hist | Count | MAE_Pred | MAE_Base | PredDevFromBase
-----|-------|----------|----------|----------------
0    | 71    | 1.1045   | 2.2794   | 2.1583 
1    | 31    | 0.6658   | 1.2121   | 1.0588 
2    | 24    | 0.6886   | 1.0693   | 0.9337 
3-5  | 68    | 0.6646   | 0.9838   | 0.8860 
6+   | 208   | 0.4112   | 0.4743   | 0.3673 

Epoch 45: loss = 0.198678 delta_mae_pts = 0.6127 recap_mae_pts = 0.6127 cat_mae_pts = 0.6488 total_mae_pts = 1.4276 vs_inertia_pts = 0.3590 vs_quad_pts = 1.4796 mon_cov = 0.944 mon_score = 1.3125 time = 3764.78 s

Epoch 46: Weights {"totalWeight":0,"recapWeight":0.545,"deltaWeight":0.72,"categoryWeight":0.05,"quantileWeight":0.07200000000000001,"consistencyWeight":0,"identityDropoutRate":0.95}, Scales {"judgeBias":0.7666666666666667,"corps":0.12}, SeqLen 15, ID_Drop 0.950, WFW 1.106 

History Bucket Diagnostics (Avg Abs Error per sample, normalized units):
Hist | Count | MAE_Pred | MAE_Base | PredDevFromBase
-----|-------|----------|----------|----------------
0    | 71    | 1.2449   | 2.2794   | 2.3000 
1    | 31    | 0.7356   | 1.2121   | 1.0444 
2    | 24    | 0.7102   | 1.0693   | 0.8686 
3-5  | 68    | 0.6724   | 0.9838   | 0.7750 
6+   | 208   | 0.4141   | 0.4743   | 0.3522 

Epoch 46: loss = 0.201723 delta_mae_pts = 0.6470 recap_mae_pts = 0.6470 cat_mae_pts = 0.6449 total_mae_pts = 1.4458 vs_inertia_pts = 0.3247 vs_quad_pts = 1.4453 mon_cov = 0.934 mon_score = 1.3357 time = 3841.09 s

Epoch 47: Weights {"totalWeight":0,"recapWeight":0.5275000000000001,"deltaWeight":0.74,"categoryWeight":0.05,"quantileWeight":0.07400000000000001,"consistencyWeight":0,"identityDropoutRate":0.95}, Scales {"judgeBias":0.7833333333333333,"corps":0.14}, SeqLen 15, ID_Drop 0.945, WFW 1.152 

History Bucket Diagnostics (Avg Abs Error per sample, normalized units):
Hist | Count | MAE_Pred | MAE_Base | PredDevFromBase
-----|-------|----------|----------|----------------
0    | 71    | 0.9442   | 2.2794   | 2.0947 
1    | 31    | 0.6986   | 1.2121   | 1.0186 
2    | 24    | 0.7157   | 1.0693   | 0.9133 
3-5  | 68    | 0.6445   | 0.9838   | 0.8005 
6+   | 208   | 0.4079   | 0.4743   | 0.3638 

Epoch 47: loss = 0.259000 delta_mae_pts = 0.5834 recap_mae_pts = 0.5834 cat_mae_pts = 0.6304 total_mae_pts = 1.4140 vs_inertia_pts = 0.3883 vs_quad_pts = 1.5089 mon_cov = 0.946 mon_score = 1.3137 time = 3909.14 s

Epoch 48: Weights {"totalWeight":0,"recapWeight":0.51,"deltaWeight":0.76,"categoryWeight":0.05,"quantileWeight":0.076,"consistencyWeight":0,"identityDropoutRate":0.95}, Scales {"judgeBias":0.8,"corps":0.16}, SeqLen 15, ID_Drop 0.951, WFW 1.198 

History Bucket Diagnostics (Avg Abs Error per sample, normalized units):
Hist | Count | MAE_Pred | MAE_Base | PredDevFromBase
-----|-------|----------|----------|----------------
0    | 71    | 1.1849   | 2.2794   | 2.3303 
1    | 31    | 0.8160   | 1.2121   | 1.1105 
2    | 24    | 0.7562   | 1.0693   | 1.1485 
3-5  | 68    | 0.6851   | 0.9838   | 0.9909 
6+   | 208   | 0.4421   | 0.4743   | 0.4914 

Epoch 48: loss = 0.246730 delta_mae_pts = 0.6620 recap_mae_pts = 0.6620 cat_mae_pts = 0.7271 total_mae_pts = 1.6787 vs_inertia_pts = 0.3097 vs_quad_pts = 1.4303 mon_cov = 0.938 mon_score = 1.3670 time = 3977.37 s

Epoch 49: Weights {"totalWeight":0,"recapWeight":0.49250000000000005,"deltaWeight":0.78,"categoryWeight":0.05,"quantileWeight":0.078,"consistencyWeight":0,"identityDropoutRate":0.95}, Scales {"judgeBias":0.8166666666666667,"corps":0.18}, SeqLen 15, ID_Drop 0.950, WFW 1.241 

History Bucket Diagnostics (Avg Abs Error per sample, normalized units):
Hist | Count | MAE_Pred | MAE_Base | PredDevFromBase
-----|-------|----------|----------|----------------
0    | 71    | 1.1530   | 2.2794   | 2.3533 
1    | 31    | 0.7688   | 1.2121   | 1.0758 
2    | 24    | 0.7421   | 1.0693   | 0.8007 
3-5  | 68    | 0.6411   | 0.9838   | 0.8546 
6+   | 208   | 0.4073   | 0.4743   | 0.3658 

Epoch 49: loss = 0.250596 delta_mae_pts = 0.6265 recap_mae_pts = 0.6265 cat_mae_pts = 0.7070 total_mae_pts = 1.5571 vs_inertia_pts = 0.3453 vs_quad_pts = 1.4658 mon_cov = 0.942 mon_score = 1.3180 time = 4065.84 s

Epoch 50: Weights {"totalWeight":0,"recapWeight":0.4750000000000001,"deltaWeight":0.8,"categoryWeight":0.05,"quantileWeight":0.08,"consistencyWeight":0,"identityDropoutRate":0.95}, Scales {"judgeBias":0.8333333333333334,"corps":0.2}, SeqLen 15, ID_Drop 0.948, WFW 1.281 

History Bucket Diagnostics (Avg Abs Error per sample, normalized units):
Hist | Count | MAE_Pred | MAE_Base | PredDevFromBase
-----|-------|----------|----------|----------------
0    | 71    | 1.1382   | 2.2794   | 2.1010 
1    | 31    | 0.7576   | 1.2121   | 1.1970 
2    | 24    | 0.7434   | 1.0693   | 0.9598 
3-5  | 68    | 0.6194   | 0.9838   | 0.9076 
6+   | 208   | 0.3972   | 0.4743   | 0.4011 

Epoch 50: loss = 0.252687 delta_mae_pts = 0.6141 recap_mae_pts = 0.6141 cat_mae_pts = 0.6435 total_mae_pts = 1.4309 vs_inertia_pts = 0.3576 vs_quad_pts = 1.4782 mon_cov = 0.942 mon_score = 1.3437 time = 4158.49 s

-- - CAPTION STATS(Epoch 50)-- - 
GE1: delta_pts = 0.3752, recap_pts = 0.3752, cov = 0.953, width = 1.9973 
GE2: delta_pts = 0.4015, recap_pts = 0.4015, cov = 0.943, width = 2.1081 
VP: delta_pts = 0.6101, recap_pts = 0.6101, cov = 0.935, width = 3.9022 
VA: delta_pts = 0.4336, recap_pts = 0.4336, cov = 0.928, width = 2.0998 
CG: delta_pts = 0.6655, recap_pts = 0.6655, cov = 0.945, width = 4.0926 
MB: delta_pts = 0.9327, recap_pts = 0.9327, cov = 0.960, width = 5.7740 
MA: delta_pts = 0.4547, recap_pts = 0.4547, cov = 0.923, width = 2.1218 
MP: delta_pts = 1.0398, recap_pts = 1.0398, cov = 0.945, width = 6.3600 
----------------------------------


Epoch 51: Weights {"totalWeight":0,"recapWeight":0.4575,"deltaWeight":0.8200000000000001,"categoryWeight":0.05,"quantileWeight":0.082,"consistencyWeight":0,"identityDropoutRate":0.95}, Scales {"judgeBias":0.85,"corps":0.22}, SeqLen 15, ID_Drop 0.950, WFW 1.319 

History Bucket Diagnostics (Avg Abs Error per sample, normalized units):
Hist | Count | MAE_Pred | MAE_Base | PredDevFromBase
-----|-------|----------|----------|----------------
0    | 71    | 0.9599   | 2.2794   | 2.3009 
1    | 31    | 0.7815   | 1.2121   | 1.1846 
2    | 24    | 0.8091   | 1.0693   | 0.9955 
3-5  | 68    | 0.6683   | 0.9838   | 0.9017 
6+   | 208   | 0.4001   | 0.4743   | 0.3740 

Epoch 51: loss = 0.241177 delta_mae_pts = 0.5982 recap_mae_pts = 0.5982 cat_mae_pts = 0.6635 total_mae_pts = 1.4999 vs_inertia_pts = 0.3735 vs_quad_pts = 1.4941 mon_cov = 0.936 mon_score = 1.2631 time = 4244.38 s

Epoch 52: Weights {"totalWeight":0,"recapWeight":0.44000000000000006,"deltaWeight":0.8400000000000001,"categoryWeight":0.05,"quantileWeight":0.084,"consistencyWeight":0,"identityDropoutRate":0.95}, Scales {"judgeBias":0.8666666666666667,"corps":0.24}, SeqLen 15, ID_Drop 0.952, WFW 1.354 

History Bucket Diagnostics (Avg Abs Error per sample, normalized units):
Hist | Count | MAE_Pred | MAE_Base | PredDevFromBase
-----|-------|----------|----------|----------------
0    | 71    | 1.0307   | 2.2794   | 2.1760 
1    | 31    | 0.8036   | 1.2121   | 0.8377 
2    | 24    | 0.6777   | 1.0693   | 0.8759 
3-5  | 68    | 0.6230   | 0.9838   | 0.8576 
6+   | 208   | 0.3940   | 0.4743   | 0.3895 

Epoch 52: loss = 0.229096 delta_mae_pts = 0.5937 recap_mae_pts = 0.5937 cat_mae_pts = 0.6181 total_mae_pts = 1.2547 vs_inertia_pts = 0.3780 vs_quad_pts = 1.4986 mon_cov = 0.940 mon_score = 1.2100 time = 4310.45 s

Epoch 53: Weights {"totalWeight":0,"recapWeight":0.4225000000000001,"deltaWeight":0.8600000000000001,"categoryWeight":0.05,"quantileWeight":0.08600000000000001,"consistencyWeight":0,"identityDropoutRate":0.95}, Scales {"judgeBias":0.8833333333333333,"corps":0.26}, SeqLen 15, ID_Drop 0.955, WFW 1.386 

History Bucket Diagnostics (Avg Abs Error per sample, normalized units):
Hist | Count | MAE_Pred | MAE_Base | PredDevFromBase
-----|-------|----------|----------|----------------
0    | 71    | 0.9768   | 2.2794   | 2.0637 
1    | 31    | 0.7137   | 1.2121   | 1.0309 
2    | 24    | 0.7006   | 1.0693   | 0.9497 
3-5  | 68    | 0.6181   | 0.9838   | 0.9302 
6+   | 208   | 0.3896   | 0.4743   | 0.3955 

Epoch 53: loss = 0.199980 delta_mae_pts = 0.5755 recap_mae_pts = 0.5755 cat_mae_pts = 0.6179 total_mae_pts = 1.3290 vs_inertia_pts = 0.3962 vs_quad_pts = 1.5168 mon_cov = 0.933 mon_score = 1.0901 time = 4376.59 s
Saved BEST checkpoint @epoch 53 score = 1.0901 -> models\v9_subcaption_fixed\v9fix_w1p0_1770385724733\best 

Epoch 54: Weights {"totalWeight":0,"recapWeight":0.405,"deltaWeight":0.8800000000000001,"categoryWeight":0.05,"quantileWeight":0.08800000000000001,"consistencyWeight":0,"identityDropoutRate":0.95}, Scales {"judgeBias":0.9,"corps":0.28}, SeqLen 15, ID_Drop 0.949, WFW 1.415 

History Bucket Diagnostics (Avg Abs Error per sample, normalized units):
Hist | Count | MAE_Pred | MAE_Base | PredDevFromBase
-----|-------|----------|----------|----------------
0    | 71    | 1.0993   | 2.2794   | 2.3194 
1    | 31    | 0.7183   | 1.2121   | 1.1290 
2    | 24    | 0.6625   | 1.0693   | 1.0294 
3-5  | 68    | 0.6187   | 0.9838   | 0.8448 
6+   | 208   | 0.3897   | 0.4743   | 0.3658 

Epoch 54: loss = 0.198196 delta_mae_pts = 0.5954 recap_mae_pts = 0.5954 cat_mae_pts = 0.6065 total_mae_pts = 1.2713 vs_inertia_pts = 0.3763 vs_quad_pts = 1.4969 mon_cov = 0.939 mon_score = 1.2373 time = 4441.66 s

Epoch 55: Weights {"totalWeight":0,"recapWeight":0.38750000000000007,"deltaWeight":0.9000000000000001,"categoryWeight":0.05,"quantileWeight":0.09000000000000001,"consistencyWeight":0,"identityDropoutRate":0.95}, Scales {"judgeBias":0.9166666666666666,"corps":0.3}, SeqLen 15, ID_Drop 0.948, WFW 1.440 

History Bucket Diagnostics (Avg Abs Error per sample, normalized units):
Hist | Count | MAE_Pred | MAE_Base | PredDevFromBase
-----|-------|----------|----------|----------------
0    | 71    | 1.0178   | 2.2794   | 2.2795 
1    | 31    | 0.7736   | 1.2121   | 1.1431 
2    | 24    | 0.6965   | 1.0693   | 0.8765 
3-5  | 68    | 0.5893   | 0.9838   | 0.8522 
6+   | 208   | 0.3917   | 0.4743   | 0.3594 

Epoch 55: loss = 0.196962 delta_mae_pts = 0.5834 recap_mae_pts = 0.5834 cat_mae_pts = 0.6055 total_mae_pts = 1.2863 vs_inertia_pts = 0.3883 vs_quad_pts = 1.5089 mon_cov = 0.946 mon_score = 1.2606 time = 4506.08 s

Epoch 56: Weights {"totalWeight":0,"recapWeight":0.37,"deltaWeight":0.9200000000000002,"categoryWeight":0.05,"quantileWeight":0.09200000000000001,"consistencyWeight":0,"identityDropoutRate":0.95}, Scales {"judgeBias":0.9333333333333333,"corps":0.32}, SeqLen 15, ID_Drop 0.953, WFW 1.461 

History Bucket Diagnostics (Avg Abs Error per sample, normalized units):
Hist | Count | MAE_Pred | MAE_Base | PredDevFromBase
-----|-------|----------|----------|----------------
0    | 71    | 1.0944   | 2.2794   | 2.3036 
1    | 31    | 0.7462   | 1.2121   | 1.0303 
2    | 24    | 0.7168   | 1.0693   | 0.9288 
3-5  | 68    | 0.5844   | 0.9838   | 0.8425 
6+   | 208   | 0.3985   | 0.4743   | 0.3720 

Epoch 56: loss = 0.196333 delta_mae_pts = 0.5986 recap_mae_pts = 0.5986 cat_mae_pts = 0.6202 total_mae_pts = 1.3256 vs_inertia_pts = 0.3731 vs_quad_pts = 1.4936 mon_cov = 0.947 mon_score = 1.3437 time = 4569.59 s

Epoch 57: Weights {"totalWeight":0,"recapWeight":0.35250000000000004,"deltaWeight":0.9400000000000002,"categoryWeight":0.05,"quantileWeight":0.09400000000000001,"consistencyWeight":0,"identityDropoutRate":0.95}, Scales {"judgeBias":0.95,"corps":0.34}, SeqLen 15, ID_Drop 0.953, WFW 1.478 

History Bucket Diagnostics (Avg Abs Error per sample, normalized units):
Hist | Count | MAE_Pred | MAE_Base | PredDevFromBase
-----|-------|----------|----------|----------------
0    | 71    | 1.0281   | 2.2794   | 2.3120 
1    | 31    | 0.7976   | 1.2121   | 1.2421 
2    | 24    | 0.7049   | 1.0693   | 1.0274 
3-5  | 68    | 0.6035   | 0.9838   | 0.9202 
6+   | 208   | 0.4048   | 0.4743   | 0.3923 

Epoch 57: loss = 0.199040 delta_mae_pts = 0.5967 recap_mae_pts = 0.5967 cat_mae_pts = 0.6213 total_mae_pts = 1.4014 vs_inertia_pts = 0.3750 vs_quad_pts = 1.4956 mon_cov = 0.945 mon_score = 1.2693 time = 4633.87 s

Epoch 58: Weights {"totalWeight":0,"recapWeight":0.3350000000000001,"deltaWeight":0.96,"categoryWeight":0.05,"quantileWeight":0.096,"consistencyWeight":0,"identityDropoutRate":0.95}, Scales {"judgeBias":0.9666666666666667,"corps":0.36}, SeqLen 15, ID_Drop 0.947, WFW 1.490 

History Bucket Diagnostics (Avg Abs Error per sample, normalized units):
Hist | Count | MAE_Pred | MAE_Base | PredDevFromBase
-----|-------|----------|----------|----------------
0    | 71    | 1.0466   | 2.2794   | 2.3418 
1    | 31    | 0.7403   | 1.2121   | 1.2062 
2    | 24    | 0.6798   | 1.0693   | 0.9631 
3-5  | 68    | 0.5839   | 0.9838   | 0.8446 
6+   | 208   | 0.3967   | 0.4743   | 0.3576 

Epoch 58: loss = 0.204728 delta_mae_pts = 0.5866 recap_mae_pts = 0.5866 cat_mae_pts = 0.6421 total_mae_pts = 1.3152 vs_inertia_pts = 0.3852 vs_quad_pts = 1.5057 mon_cov = 0.947 mon_score = 1.2768 time = 4697.74 s

Epoch 59: Weights {"totalWeight":0,"recapWeight":0.3175,"deltaWeight":0.98,"categoryWeight":0.05,"quantileWeight":0.098,"consistencyWeight":0,"identityDropoutRate":0.95}, Scales {"judgeBias":0.9833333333333333,"corps":0.38}, SeqLen 15, ID_Drop 0.953, WFW 1.497 

History Bucket Diagnostics (Avg Abs Error per sample, normalized units):
Hist | Count | MAE_Pred | MAE_Base | PredDevFromBase
-----|-------|----------|----------|----------------
0    | 71    | 0.9686   | 2.2794   | 2.2060 
1    | 31    | 0.7019   | 1.2121   | 1.2808 
2    | 24    | 0.7339   | 1.0693   | 1.0888 
3-5  | 68    | 0.6160   | 0.9838   | 1.0079 
6+   | 208   | 0.4240   | 0.4743   | 0.4544 

Epoch 59: loss = 0.233681 delta_mae_pts = 0.5926 recap_mae_pts = 0.5926 cat_mae_pts = 0.6763 total_mae_pts = 1.6046 vs_inertia_pts = 0.3791 vs_quad_pts = 1.4997 mon_cov = 0.942 mon_score = 1.2863 time = 4778.71 s

Epoch 60: Weights {"totalWeight":0.1,"recapWeight":0.05,"deltaWeight":9.75,"categoryWeight":0.05,"quantileWeight":0.2,"consistencyWeight":0,"identityDropoutRate":1}, Scales {"judgeBias":1,"corps":0.4}, SeqLen 15, ID_Drop 1.000, WFW 1.500 

History Bucket Diagnostics (Avg Abs Error per sample, normalized units):
Hist | Count | MAE_Pred | MAE_Base | PredDevFromBase
-----|-------|----------|----------|----------------
0    | 71    | 0.9134   | 2.2794   | 2.1525 
1    | 31    | 0.8646   | 1.2121   | 1.2389 
2    | 24    | 0.6936   | 1.0693   | 0.9149 
3-5  | 68    | 0.5956   | 0.9838   | 0.8584 
6+   | 208   | 0.4118   | 0.4743   | 0.3667 

Epoch 60: loss = 1.243218 delta_mae_pts = 0.5832 recap_mae_pts = 0.5832 cat_mae_pts = 0.6398 total_mae_pts = 1.4115 vs_inertia_pts = 0.3885 vs_quad_pts = 1.5091 mon_cov = 0.942 mon_score = 6.3742 time = 4849.57 s

Epoch 61: Weights {"totalWeight":0.1,"recapWeight":0.05,"deltaWeight":9.75,"categoryWeight":0.05,"quantileWeight":0.2036,"consistencyWeight":0,"identityDropoutRate":1}, Scales {"judgeBias":1,"corps":0.42}, SeqLen 15, ID_Drop 1.000, WFW 1.500 

History Bucket Diagnostics (Avg Abs Error per sample, normalized units):
Hist | Count | MAE_Pred | MAE_Base | PredDevFromBase
-----|-------|----------|----------|----------------
0    | 71    | 1.0167   | 2.2794   | 2.0647 
1    | 31    | 0.8745   | 1.2121   | 0.9995 
2    | 24    | 0.7194   | 1.0693   | 0.9723 
3-5  | 68    | 0.6268   | 0.9838   | 0.8620 
6+   | 208   | 0.4021   | 0.4743   | 0.3797 

Epoch 61: loss = 1.232864 delta_mae_pts = 0.6040 recap_mae_pts = 0.6040 cat_mae_pts = 0.6763 total_mae_pts = 1.5425 vs_inertia_pts = 0.3677 vs_quad_pts = 1.4883 mon_cov = 0.928 mon_score = 6.5355 time = 4914.71 s

Epoch 62: Weights {"totalWeight":0.1,"recapWeight":0.05,"deltaWeight":9.75,"categoryWeight":0.05,"quantileWeight":0.20720000000000002,"consistencyWeight":0,"identityDropoutRate":1}, Scales {"judgeBias":1,"corps":0.44}, SeqLen 15, ID_Drop 1.000, WFW 1.500 

History Bucket Diagnostics (Avg Abs Error per sample, normalized units):
Hist | Count | MAE_Pred | MAE_Base | PredDevFromBase
-----|-------|----------|----------|----------------
0    | 71    | 0.9803   | 2.2794   | 2.0176 
1    | 31    | 0.7098   | 1.2121   | 0.9510 
2    | 24    | 0.6655   | 1.0693   | 0.9408 
3-5  | 68    | 0.5860   | 0.9838   | 0.9192 
6+   | 208   | 0.3849   | 0.4743   | 0.3918 

Epoch 62: loss = 1.226500 delta_mae_pts = 0.5659 recap_mae_pts = 0.5659 cat_mae_pts = 0.6149 total_mae_pts = 1.3633 vs_inertia_pts = 0.4058 vs_quad_pts = 1.5264 mon_cov = 0.946 mon_score = 6.1896 time = 4979.57 s

Epoch 63: Weights {"totalWeight":0.1,"recapWeight":0.05,"deltaWeight":9.75,"categoryWeight":0.05,"quantileWeight":0.21080000000000002,"consistencyWeight":0,"identityDropoutRate":1}, Scales {"judgeBias":1,"corps":0.46}, SeqLen 15, ID_Drop 1.000, WFW 1.500 

History Bucket Diagnostics (Avg Abs Error per sample, normalized units):
Hist | Count | MAE_Pred | MAE_Base | PredDevFromBase
-----|-------|----------|----------|----------------
0    | 71    | 1.0097   | 2.2794   | 2.3223 
1    | 31    | 0.7248   | 1.2121   | 1.0295 
2    | 24    | 0.7866   | 1.0693   | 0.7806 
3-5  | 68    | 0.6504   | 0.9838   | 0.7589 
6+   | 208   | 0.4010   | 0.4743   | 0.3387 

Epoch 63: loss = 1.183809 delta_mae_pts = 0.5987 recap_mae_pts = 0.5987 cat_mae_pts = 0.6590 total_mae_pts = 1.4644 vs_inertia_pts = 0.3730 vs_quad_pts = 1.4936 mon_cov = 0.938 mon_score = 6.5344 time = 5050.14 s

Epoch 64: Weights {"totalWeight":0.1,"recapWeight":0.05,"deltaWeight":9.75,"categoryWeight":0.05,"quantileWeight":0.2144,"consistencyWeight":0,"identityDropoutRate":1}, Scales {"judgeBias":1,"corps":0.48}, SeqLen 15, ID_Drop 1.000, WFW 1.500 

History Bucket Diagnostics (Avg Abs Error per sample, normalized units):
Hist | Count | MAE_Pred | MAE_Base | PredDevFromBase
-----|-------|----------|----------|----------------
0    | 71    | 0.9778   | 2.2794   | 2.0170 
1    | 31    | 0.6993   | 1.2121   | 0.9379 
2    | 24    | 0.7071   | 1.0693   | 0.8897 
3-5  | 68    | 0.6285   | 0.9838   | 0.8683 
6+   | 208   | 0.4073   | 0.4743   | 0.3642 

Epoch 64: loss = 1.178728 delta_mae_pts = 0.5859 recap_mae_pts = 0.5859 cat_mae_pts = 0.6492 total_mae_pts = 1.4681 vs_inertia_pts = 0.3858 vs_quad_pts = 1.5064 mon_cov = 0.942 mon_score = 6.4056 time = 5140.48 s

Epoch 65: Weights {"totalWeight":0.1,"recapWeight":0.05,"deltaWeight":9.75,"categoryWeight":0.05,"quantileWeight":0.21800000000000003,"consistencyWeight":0,"identityDropoutRate":1}, Scales {"judgeBias":1,"corps":0.5}, SeqLen 15, ID_Drop 1.000, WFW 1.500 

History Bucket Diagnostics (Avg Abs Error per sample, normalized units):
Hist | Count | MAE_Pred | MAE_Base | PredDevFromBase
-----|-------|----------|----------|----------------
0    | 71    | 0.9293   | 2.2794   | 2.2182 
1    | 31    | 0.6633   | 1.2121   | 1.0762 
2    | 24    | 0.6824   | 1.0693   | 0.8324 
3-5  | 68    | 0.5864   | 0.9838   | 0.8733 
6+   | 208   | 0.4099   | 0.4743   | 0.3697 

Epoch 65: loss = 1.136606 delta_mae_pts = 0.5673 recap_mae_pts = 0.5673 cat_mae_pts = 0.6033 total_mae_pts = 1.2969 vs_inertia_pts = 0.4044 vs_quad_pts = 1.5250 mon_cov = 0.947 mon_score = 6.1936 time = 5230.33 s

Epoch 66: Weights {"totalWeight":0.1,"recapWeight":0.05,"deltaWeight":9.75,"categoryWeight":0.05,"quantileWeight":0.22160000000000002,"consistencyWeight":0,"identityDropoutRate":1}, Scales {"judgeBias":1,"corps":0.52}, SeqLen 15, ID_Drop 1.000, WFW 1.500 

History Bucket Diagnostics (Avg Abs Error per sample, normalized units):
Hist | Count | MAE_Pred | MAE_Base | PredDevFromBase
-----|-------|----------|----------|----------------
0    | 71    | 0.9269   | 2.2794   | 2.1492 
1    | 31    | 0.7357   | 1.2121   | 0.9843 
2    | 24    | 0.7786   | 1.0693   | 0.8757 
3-5  | 68    | 0.6057   | 0.9838   | 0.8436 
6+   | 208   | 0.4055   | 0.4743   | 0.3753 

Epoch 66: loss = 1.137958 delta_mae_pts = 0.5792 recap_mae_pts = 0.5792 cat_mae_pts = 0.6311 total_mae_pts = 1.3356 vs_inertia_pts = 0.3925 vs_quad_pts = 1.5131 mon_cov = 0.943 mon_score = 6.3064 time = 5320.17 s

Epoch 67: Weights {"totalWeight":0.1,"recapWeight":0.05,"deltaWeight":9.75,"categoryWeight":0.05,"quantileWeight":0.2252,"consistencyWeight":0,"identityDropoutRate":1}, Scales {"judgeBias":1,"corps":0.54}, SeqLen 15, ID_Drop 1.000, WFW 1.500 

History Bucket Diagnostics (Avg Abs Error per sample, normalized units):
Hist | Count | MAE_Pred | MAE_Base | PredDevFromBase
-----|-------|----------|----------|----------------
0    | 71    | 0.9791   | 2.2794   | 2.2145 
1    | 31    | 0.6555   | 1.2121   | 1.0676 
2    | 24    | 0.6845   | 1.0693   | 0.8930 
3-5  | 68    | 0.5465   | 0.9838   | 0.8712 
6+   | 208   | 0.3917   | 0.4743   | 0.3618 

Epoch 67: loss = 1.201078 delta_mae_pts = 0.5595 recap_mae_pts = 0.5595 cat_mae_pts = 0.5926 total_mae_pts = 1.2524 vs_inertia_pts = 0.4122 vs_quad_pts = 1.5328 mon_cov = 0.947 mon_score = 6.1308 time = 5411.06 s

Epoch 68: Weights {"totalWeight":0.1,"recapWeight":0.05,"deltaWeight":9.75,"categoryWeight":0.05,"quantileWeight":0.2288,"consistencyWeight":0,"identityDropoutRate":1}, Scales {"judgeBias":1,"corps":0.56}, SeqLen 15, ID_Drop 1.000, WFW 1.500 

History Bucket Diagnostics (Avg Abs Error per sample, normalized units):
Hist | Count | MAE_Pred | MAE_Base | PredDevFromBase
-----|-------|----------|----------|----------------
0    | 71    | 0.9245   | 2.2794   | 2.0379 
1    | 31    | 0.7706   | 1.2121   | 1.1631 
2    | 24    | 0.6669   | 1.0693   | 0.9112 
3-5  | 68    | 0.6051   | 0.9838   | 0.8065 
6+   | 208   | 0.3858   | 0.4743   | 0.3419 

Epoch 68: loss = 1.251040 delta_mae_pts = 0.5645 recap_mae_pts = 0.5645 cat_mae_pts = 0.5980 total_mae_pts = 1.2738 vs_inertia_pts = 0.4072 vs_quad_pts = 1.5278 mon_cov = 0.947 mon_score = 6.1855 time = 5502.62 s

Epoch 69: Weights {"totalWeight":0.1,"recapWeight":0.05,"deltaWeight":9.75,"categoryWeight":0.05,"quantileWeight":0.2324,"consistencyWeight":0,"identityDropoutRate":1}, Scales {"judgeBias":1,"corps":0.58}, SeqLen 15, ID_Drop 1.000, WFW 1.500 

History Bucket Diagnostics (Avg Abs Error per sample, normalized units):
Hist | Count | MAE_Pred | MAE_Base | PredDevFromBase
-----|-------|----------|----------|----------------
0    | 71    | 1.0056   | 2.2794   | 2.1628 
1    | 31    | 0.6811   | 1.2121   | 1.0418 
2    | 24    | 0.6203   | 1.0693   | 0.8842 
3-5  | 68    | 0.5692   | 0.9838   | 0.8254 
6+   | 208   | 0.3975   | 0.4743   | 0.3356 

Epoch 69: loss = 1.157058 delta_mae_pts = 0.5691 recap_mae_pts = 0.5691 cat_mae_pts = 0.6165 total_mae_pts = 1.3906 vs_inertia_pts = 0.4026 vs_quad_pts = 1.5232 mon_cov = 0.940 mon_score = 6.2035 time = 5592.05 s

Epoch 70: Weights {"totalWeight":0.1,"recapWeight":0.05,"deltaWeight":9.75,"categoryWeight":0.05,"quantileWeight":0.23600000000000002,"consistencyWeight":0,"identityDropoutRate":1}, Scales {"judgeBias":1,"corps":0.6}, SeqLen 15, ID_Drop 1.000, WFW 1.500 

History Bucket Diagnostics (Avg Abs Error per sample, normalized units):
Hist | Count | MAE_Pred | MAE_Base | PredDevFromBase
-----|-------|----------|----------|----------------
0    | 71    | 0.9781   | 2.2794   | 2.1764 
1    | 31    | 0.7092   | 1.2121   | 0.9674 
2    | 24    | 0.6991   | 1.0693   | 0.8810 
3-5  | 68    | 0.5538   | 0.9838   | 0.8226 
6+   | 208   | 0.3941   | 0.4743   | 0.3438 

Epoch 70: loss = 1.134211 delta_mae_pts = 0.5668 recap_mae_pts = 0.5668 cat_mae_pts = 0.5846 total_mae_pts = 1.2836 vs_inertia_pts = 0.4050 vs_quad_pts = 1.5255 mon_cov = 0.947 mon_score = 6.2186 time = 5682.29 s

Epoch 71: Weights {"totalWeight":0.1,"recapWeight":0.05,"deltaWeight":9.75,"categoryWeight":0.05,"quantileWeight":0.2396,"consistencyWeight":0,"identityDropoutRate":1}, Scales {"judgeBias":1,"corps":0.62}, SeqLen 15, ID_Drop 1.000, WFW 1.500 

History Bucket Diagnostics (Avg Abs Error per sample, normalized units):
Hist | Count | MAE_Pred | MAE_Base | PredDevFromBase
-----|-------|----------|----------|----------------
0    | 71    | 0.8996   | 2.2794   | 2.0777 
1    | 31    | 0.6849   | 1.2121   | 1.0718 
2    | 24    | 0.7238   | 1.0693   | 0.9160 
3-5  | 68    | 0.5531   | 0.9838   | 0.8722 
6+   | 208   | 0.3822   | 0.4743   | 0.3695 

Epoch 71: loss = 1.188086 delta_mae_pts = 0.5463 recap_mae_pts = 0.5463 cat_mae_pts = 0.5776 total_mae_pts = 1.3009 vs_inertia_pts = 0.4255 vs_quad_pts = 1.5460 mon_cov = 0.946 mon_score = 5.9957 time = 5772.59 s

--- NO IMPROVEMENT FOR 18 EPOCHS: Reducing LR to 0.000375 ---

Epoch 72: Weights {"totalWeight":0.1,"recapWeight":0.05,"deltaWeight":9.75,"categoryWeight":0.05,"quantileWeight":0.24320000000000003,"consistencyWeight":0,"identityDropoutRate":1}, Scales {"judgeBias":1,"corps":0.64}, SeqLen 15, ID_Drop 1.000, WFW 1.500 

History Bucket Diagnostics (Avg Abs Error per sample, normalized units):
Hist | Count | MAE_Pred | MAE_Base | PredDevFromBase
-----|-------|----------|----------|----------------
0    | 71    | 1.0077   | 2.2794   | 2.0912 
1    | 31    | 0.6880   | 1.2121   | 1.0648 
2    | 24    | 0.7316   | 1.0693   | 0.9420 
3-5  | 68    | 0.5604   | 0.9838   | 0.8694 
6+   | 208   | 0.3969   | 0.4743   | 0.3785 

Epoch 72: loss = 1.174103 delta_mae_pts = 0.5749 recap_mae_pts = 0.5749 cat_mae_pts = 0.6254 total_mae_pts = 1.4371 vs_inertia_pts = 0.3968 vs_quad_pts = 1.5174 mon_cov = 0.937 mon_score = 6.2247 time = 5863.15 s

Epoch 73: Weights {"totalWeight":0.1,"recapWeight":0.05,"deltaWeight":9.75,"categoryWeight":0.05,"quantileWeight":0.24680000000000002,"consistencyWeight":0,"identityDropoutRate":1}, Scales {"judgeBias":1,"corps":0.66}, SeqLen 15, ID_Drop 1.000, WFW 1.500 

History Bucket Diagnostics (Avg Abs Error per sample, normalized units):
Hist | Count | MAE_Pred | MAE_Base | PredDevFromBase
-----|-------|----------|----------|----------------
0    | 71    | 1.0685   | 2.2794   | 2.3160 
1    | 31    | 0.6521   | 1.2121   | 1.1612 
2    | 24    | 0.7205   | 1.0693   | 1.0543 
3-5  | 68    | 0.5210   | 0.9838   | 0.9088 
6+   | 208   | 0.3859   | 0.4743   | 0.3984 

Epoch 73: loss = 1.221929 delta_mae_pts = 0.5698 recap_mae_pts = 0.5698 cat_mae_pts = 0.6005 total_mae_pts = 1.2567 vs_inertia_pts = 0.4019 vs_quad_pts = 1.5225 mon_cov = 0.952 mon_score = 6.2385 time = 5953.15 s

Epoch 74: Weights {"totalWeight":0.1,"recapWeight":0.05,"deltaWeight":9.75,"categoryWeight":0.05,"quantileWeight":0.2504,"consistencyWeight":0,"identityDropoutRate":1}, Scales {"judgeBias":1,"corps":0.68}, SeqLen 15, ID_Drop 1.000, WFW 1.500 

History Bucket Diagnostics (Avg Abs Error per sample, normalized units):
Hist | Count | MAE_Pred | MAE_Base | PredDevFromBase
-----|-------|----------|----------|----------------
0    | 71    | 1.0731   | 2.2794   | 2.3669 
1    | 31    | 0.7196   | 1.2121   | 1.2237 
2    | 24    | 1.0297   | 1.0693   | 1.3398 
3-5  | 68    | 0.7352   | 0.9838   | 1.1734 
6+   | 208   | 0.5258   | 0.4743   | 0.5725 

Epoch 74: loss = 1.128970 delta_mae_pts = 0.7029 recap_mae_pts = 0.7029 cat_mae_pts = 0.8214 total_mae_pts = 2.0687 vs_inertia_pts = 0.2688 vs_quad_pts = 1.3894 mon_cov = 0.919 mon_score = 7.5830 time = 6043.76 s

Epoch 75: Weights {"totalWeight":0.1,"recapWeight":0.05,"deltaWeight":9.75,"categoryWeight":0.05,"quantileWeight":0.254,"consistencyWeight":0,"identityDropoutRate":1}, Scales {"judgeBias":1,"corps":0.7}, SeqLen 15, ID_Drop 1.000, WFW 1.500 

History Bucket Diagnostics (Avg Abs Error per sample, normalized units):
Hist | Count | MAE_Pred | MAE_Base | PredDevFromBase
-----|-------|----------|----------|----------------
0    | 71    | 1.0990   | 2.2794   | 2.2902 
1    | 31    | 0.6901   | 1.2121   | 1.0343 
2    | 24    | 0.8151   | 1.0693   | 0.9526 
3-5  | 68    | 0.5587   | 0.9838   | 0.8875 
6+   | 208   | 0.3863   | 0.4743   | 0.4037 

Epoch 75: loss = 1.135123 delta_mae_pts = 0.5903 recap_mae_pts = 0.5903 cat_mae_pts = 0.6119 total_mae_pts = 1.4236 vs_inertia_pts = 0.3814 vs_quad_pts = 1.5020 mon_cov = 0.946 mon_score = 6.4496 time = 6131.93 s

Epoch 76: Weights {"totalWeight":0.1,"recapWeight":0.05,"deltaWeight":9.75,"categoryWeight":0.05,"quantileWeight":0.2576,"consistencyWeight":0,"identityDropoutRate":1}, Scales {"judgeBias":1,"corps":0.72}, SeqLen 15, ID_Drop 1.000, WFW 1.500 

History Bucket Diagnostics (Avg Abs Error per sample, normalized units):
Hist | Count | MAE_Pred | MAE_Base | PredDevFromBase
-----|-------|----------|----------|----------------
0    | 71    | 1.0316   | 2.2794   | 2.1455 
1    | 31    | 0.7214   | 1.2121   | 1.0103 
2    | 24    | 0.7115   | 1.0693   | 0.8952 
3-5  | 68    | 0.6119   | 0.9838   | 0.9057 
6+   | 208   | 0.4048   | 0.4743   | 0.3544 

Epoch 76: loss = 1.128602 delta_mae_pts = 0.5932 recap_mae_pts = 0.5932 cat_mae_pts = 0.6116 total_mae_pts = 1.3450 vs_inertia_pts = 0.3785 vs_quad_pts = 1.4990 mon_cov = 0.941 mon_score = 6.4627 time = 6216.98 s

Epoch 77: Weights {"totalWeight":0.1,"recapWeight":0.05,"deltaWeight":9.75,"categoryWeight":0.05,"quantileWeight":0.2612,"consistencyWeight":0,"identityDropoutRate":1}, Scales {"judgeBias":1,"corps":0.74}, SeqLen 15, ID_Drop 1.000, WFW 1.500 

History Bucket Diagnostics (Avg Abs Error per sample, normalized units):
Hist | Count | MAE_Pred | MAE_Base | PredDevFromBase
-----|-------|----------|----------|----------------
0    | 71    | 1.0688   | 2.2794   | 2.3643 
1    | 31    | 0.6168   | 1.2121   | 0.9890 
2    | 24    | 0.6730   | 1.0693   | 1.0410 
3-5  | 68    | 0.5650   | 0.9838   | 0.9315 
6+   | 208   | 0.3928   | 0.4743   | 0.3896 

Epoch 77: loss = 1.207863 delta_mae_pts = 0.5753 recap_mae_pts = 0.5753 cat_mae_pts = 0.6188 total_mae_pts = 1.3840 vs_inertia_pts = 0.3964 vs_quad_pts = 1.5169 mon_cov = 0.939 mon_score = 6.2648 time = 6307.10 s

Epoch 78: Weights {"totalWeight":0.1,"recapWeight":0.05,"deltaWeight":9.75,"categoryWeight":0.05,"quantileWeight":0.26480000000000004,"consistencyWeight":0,"identityDropoutRate":1}, Scales {"judgeBias":1,"corps":0.76}, SeqLen 15, ID_Drop 1.000, WFW 1.500 

History Bucket Diagnostics (Avg Abs Error per sample, normalized units):
Hist | Count | MAE_Pred | MAE_Base | PredDevFromBase
-----|-------|----------|----------|----------------
0    | 71    | 1.0560   | 2.2794   | 1.9769 
1    | 31    | 0.6768   | 1.2121   | 1.0567 
2    | 24    | 0.7241   | 1.0693   | 0.9100 
3-5  | 68    | 0.6194   | 0.9838   | 0.9079 
6+   | 208   | 0.3715   | 0.4743   | 0.3689 

Epoch 78: loss = 1.198888 delta_mae_pts = 0.5789 recap_mae_pts = 0.5789 cat_mae_pts = 0.5988 total_mae_pts = 1.2948 vs_inertia_pts = 0.3928 vs_quad_pts = 1.5134 mon_cov = 0.939 mon_score = 6.2973 time = 6391.14 s

Epoch 79: Weights {"totalWeight":0.1,"recapWeight":0.05,"deltaWeight":9.75,"categoryWeight":0.05,"quantileWeight":0.2684,"consistencyWeight":0,"identityDropoutRate":1}, Scales {"judgeBias":1,"corps":0.78}, SeqLen 15, ID_Drop 1.000, WFW 1.500 

History Bucket Diagnostics (Avg Abs Error per sample, normalized units):
Hist | Count | MAE_Pred | MAE_Base | PredDevFromBase
-----|-------|----------|----------|----------------
0    | 71    | 1.0222   | 2.2794   | 2.2304 
1    | 31    | 0.7110   | 1.2121   | 1.1139 
2    | 24    | 0.7178   | 1.0693   | 0.9557 
3-5  | 68    | 0.5143   | 0.9838   | 0.9336 
6+   | 208   | 0.3699   | 0.4743   | 0.3754 

Epoch 79: loss = 1.147430 delta_mae_pts = 0.5566 recap_mae_pts = 0.5566 cat_mae_pts = 0.5814 total_mae_pts = 1.2913 vs_inertia_pts = 0.4151 vs_quad_pts = 1.5357 mon_cov = 0.947 mon_score = 6.0949 time = 6482.64 s

Epoch 80: Weights {"totalWeight":0.1,"recapWeight":0.05,"deltaWeight":9.75,"categoryWeight":0.05,"quantileWeight":0.272,"consistencyWeight":0,"identityDropoutRate":1}, Scales {"judgeBias":1,"corps":0.8}, SeqLen 15, ID_Drop 1.000, WFW 1.500 

History Bucket Diagnostics (Avg Abs Error per sample, normalized units):
Hist | Count | MAE_Pred | MAE_Base | PredDevFromBase
-----|-------|----------|----------|----------------
0    | 71    | 1.0263   | 2.2794   | 2.2036 
1    | 31    | 0.6327   | 1.2121   | 1.1135 
2    | 24    | 0.6735   | 1.0693   | 0.9071 
3-5  | 68    | 0.5593   | 0.9838   | 0.8817 
6+   | 208   | 0.3855   | 0.4743   | 0.3687 

Epoch 80: loss = 1.131290 delta_mae_pts = 0.5644 recap_mae_pts = 0.5644 cat_mae_pts = 0.5815 total_mae_pts = 1.2900 vs_inertia_pts = 0.4074 vs_quad_pts = 1.5279 mon_cov = 0.948 mon_score = 6.1685 time = 6573.72 s

Epoch 81: Weights {"totalWeight":0.1,"recapWeight":0.05,"deltaWeight":9.75,"categoryWeight":0.05,"quantileWeight":0.2756,"consistencyWeight":0,"identityDropoutRate":1}, Scales {"judgeBias":1,"corps":0.82}, SeqLen 15, ID_Drop 1.000, WFW 1.500 

History Bucket Diagnostics (Avg Abs Error per sample, normalized units):
Hist | Count | MAE_Pred | MAE_Base | PredDevFromBase
-----|-------|----------|----------|----------------
0    | 71    | 1.0230   | 2.2794   | 2.2862 
1    | 31    | 0.6747   | 1.2121   | 1.1609 
2    | 24    | 0.6796   | 1.0693   | 1.0629 
3-5  | 68    | 0.5695   | 0.9838   | 0.9176 
6+   | 208   | 0.3859   | 0.4743   | 0.3781 

Epoch 81: loss = 1.138172 delta_mae_pts = 0.5693 recap_mae_pts = 0.5693 cat_mae_pts = 0.6078 total_mae_pts = 1.3626 vs_inertia_pts = 0.4024 vs_quad_pts = 1.5230 mon_cov = 0.944 mon_score = 6.2184 time = 6663.61 s

Epoch 82: Weights {"totalWeight":0.1,"recapWeight":0.05,"deltaWeight":9.75,"categoryWeight":0.05,"quantileWeight":0.2792,"consistencyWeight":0,"identityDropoutRate":1}, Scales {"judgeBias":1,"corps":0.84}, SeqLen 15, ID_Drop 1.000, WFW 1.500 

History Bucket Diagnostics (Avg Abs Error per sample, normalized units):
Hist | Count | MAE_Pred | MAE_Base | PredDevFromBase
-----|-------|----------|----------|----------------
0    | 71    | 1.0077   | 2.2794   | 2.2537 
1    | 31    | 0.7455   | 1.2121   | 1.1151 
2    | 24    | 0.7258   | 1.0693   | 0.8989 
3-5  | 68    | 0.5379   | 0.9838   | 0.8875 
6+   | 208   | 0.3771   | 0.4743   | 0.3942 

Epoch 82: loss = 1.140225 delta_mae_pts = 0.5649 recap_mae_pts = 0.5649 cat_mae_pts = 0.5893 total_mae_pts = 1.2976 vs_inertia_pts = 0.4068 vs_quad_pts = 1.5274 mon_cov = 0.942 mon_score = 6.1452 time = 6754.14 s

Epoch 83: Weights {"totalWeight":0.1,"recapWeight":0.05,"deltaWeight":9.75,"categoryWeight":0.05,"quantileWeight":0.2828,"consistencyWeight":0,"identityDropoutRate":1}, Scales {"judgeBias":1,"corps":0.86}, SeqLen 15, ID_Drop 1.000, WFW 1.500 

History Bucket Diagnostics (Avg Abs Error per sample, normalized units):
Hist | Count | MAE_Pred | MAE_Base | PredDevFromBase
-----|-------|----------|----------|----------------
0    | 71    | 1.0544   | 2.2794   | 2.2279 
1    | 31    | 0.7106   | 1.2121   | 1.1365 
2    | 24    | 0.6769   | 1.0693   | 0.8576 
3-5  | 68    | 0.5942   | 0.9838   | 0.8240 
6+   | 208   | 0.3852   | 0.4743   | 0.3412 

Epoch 83: loss = 1.140354 delta_mae_pts = 0.5813 recap_mae_pts = 0.5813 cat_mae_pts = 0.6182 total_mae_pts = 1.3042 vs_inertia_pts = 0.3905 vs_quad_pts = 1.5110 mon_cov = 0.949 mon_score = 6.3763 time = 6827.80 s

Epoch 84: Weights {"totalWeight":0.1,"recapWeight":0.05,"deltaWeight":9.75,"categoryWeight":0.05,"quantileWeight":0.2864,"consistencyWeight":0,"identityDropoutRate":1}, Scales {"judgeBias":1,"corps":0.88}, SeqLen 15, ID_Drop 1.000, WFW 1.500 

History Bucket Diagnostics (Avg Abs Error per sample, normalized units):
Hist | Count | MAE_Pred | MAE_Base | PredDevFromBase
-----|-------|----------|----------|----------------
0    | 71    | 1.0701   | 2.2794   | 2.3430 
1    | 31    | 0.7149   | 1.2121   | 1.0246 
2    | 24    | 0.6797   | 1.0693   | 0.8200 
3-5  | 68    | 0.5628   | 0.9838   | 0.8842 
6+   | 208   | 0.3721   | 0.4743   | 0.3800 

Epoch 84: loss = 1.224771 delta_mae_pts = 0.5724 recap_mae_pts = 0.5724 cat_mae_pts = 0.5836 total_mae_pts = 1.2365 vs_inertia_pts = 0.3993 vs_quad_pts = 1.5198 mon_cov = 0.946 mon_score = 6.2941 time = 6893.58 s

Epoch 85: Weights {"totalWeight":0.1,"recapWeight":0.05,"deltaWeight":9.75,"categoryWeight":0.05,"quantileWeight":0.29000000000000004,"consistencyWeight":0,"identityDropoutRate":1}, Scales {"judgeBias":1,"corps":0.9}, SeqLen 15, ID_Drop 1.000, WFW 1.500 

History Bucket Diagnostics (Avg Abs Error per sample, normalized units):
Hist | Count | MAE_Pred | MAE_Base | PredDevFromBase
-----|-------|----------|----------|----------------
0    | 71    | 1.0224   | 2.2794   | 2.2270 
1    | 31    | 0.7466   | 1.2121   | 1.1864 
2    | 24    | 0.6315   | 1.0693   | 0.8700 
3-5  | 68    | 0.5282   | 0.9838   | 0.8525 
6+   | 208   | 0.3603   | 0.4743   | 0.3511 

Epoch 85: loss = 1.106948 delta_mae_pts = 0.5516 recap_mae_pts = 0.5516 cat_mae_pts = 0.5661 total_mae_pts = 1.2456 vs_inertia_pts = 0.4201 vs_quad_pts = 1.5407 mon_cov = 0.949 mon_score = 6.0402 time = 6959.21 s

Epoch 86: Weights {"totalWeight":0.1,"recapWeight":0.05,"deltaWeight":9.75,"categoryWeight":0.05,"quantileWeight":0.2936,"consistencyWeight":0,"identityDropoutRate":1}, Scales {"judgeBias":1,"corps":0.92}, SeqLen 15, ID_Drop 1.000, WFW 1.500 

History Bucket Diagnostics (Avg Abs Error per sample, normalized units):
Hist | Count | MAE_Pred | MAE_Base | PredDevFromBase
-----|-------|----------|----------|----------------
0    | 71    | 0.9731   | 2.2794   | 2.2229 
1    | 31    | 0.6847   | 1.2121   | 1.2511 
2    | 24    | 0.6147   | 1.0693   | 1.0293 
3-5  | 68    | 0.5507   | 0.9838   | 0.9361 
6+   | 208   | 0.3780   | 0.4743   | 0.4207 

Epoch 86: loss = 1.075406 delta_mae_pts = 0.5501 recap_mae_pts = 0.5501 cat_mae_pts = 0.5784 total_mae_pts = 1.2783 vs_inertia_pts = 0.4216 vs_quad_pts = 1.5422 mon_cov = 0.950 mon_score = 6.0167 time = 7026.23 s

Epoch 87: Weights {"totalWeight":0.1,"recapWeight":0.05,"deltaWeight":9.75,"categoryWeight":0.05,"quantileWeight":0.2972,"consistencyWeight":0,"identityDropoutRate":1}, Scales {"judgeBias":1,"corps":0.94}, SeqLen 15, ID_Drop 1.000, WFW 1.500 

History Bucket Diagnostics (Avg Abs Error per sample, normalized units):
Hist | Count | MAE_Pred | MAE_Base | PredDevFromBase
-----|-------|----------|----------|----------------
0    | 71    | 0.9880   | 2.2794   | 2.2014 
1    | 31    | 0.6435   | 1.2121   | 0.9796 
2    | 24    | 0.6836   | 1.0693   | 0.8826 
3-5  | 68    | 0.5189   | 0.9838   | 0.8601 
6+   | 208   | 0.3687   | 0.4743   | 0.3937 

Epoch 87: loss = 1.085135 delta_mae_pts = 0.5435 recap_mae_pts = 0.5435 cat_mae_pts = 0.5807 total_mae_pts = 1.2973 vs_inertia_pts = 0.4282 vs_quad_pts = 1.5488 mon_cov = 0.945 mon_score = 5.9342 time = 7091.28 s

Epoch 88: Weights {"totalWeight":0.1,"recapWeight":0.05,"deltaWeight":9.75,"categoryWeight":0.05,"quantileWeight":0.3008,"consistencyWeight":0,"identityDropoutRate":1}, Scales {"judgeBias":1,"corps":0.96}, SeqLen 15, ID_Drop 1.000, WFW 1.500 

History Bucket Diagnostics (Avg Abs Error per sample, normalized units):
Hist | Count | MAE_Pred | MAE_Base | PredDevFromBase
-----|-------|----------|----------|----------------
0    | 71    | 0.9702   | 2.2794   | 2.1657 
1    | 31    | 0.6404   | 1.2121   | 0.9970 
2    | 24    | 0.6274   | 1.0693   | 0.8370 
3-5  | 68    | 0.5283   | 0.9838   | 0.8664 
6+   | 208   | 0.3750   | 0.4743   | 0.3587 

Epoch 88: loss = 1.085492 delta_mae_pts = 0.5416 recap_mae_pts = 0.5416 cat_mae_pts = 0.5612 total_mae_pts = 1.2480 vs_inertia_pts = 0.4301 vs_quad_pts = 1.5507 mon_cov = 0.954 mon_score = 5.9501 time = 7156.82 s

Epoch 89: Weights {"totalWeight":0.1,"recapWeight":0.05,"deltaWeight":9.75,"categoryWeight":0.05,"quantileWeight":0.3044,"consistencyWeight":0,"identityDropoutRate":1}, Scales {"judgeBias":1,"corps":0.98}, SeqLen 15, ID_Drop 1.000, WFW 1.500 

History Bucket Diagnostics (Avg Abs Error per sample, normalized units):
Hist | Count | MAE_Pred | MAE_Base | PredDevFromBase
-----|-------|----------|----------|----------------
0    | 71    | 1.0000   | 2.2794   | 2.3004 
1    | 31    | 0.5694   | 1.2121   | 1.1479 
2    | 24    | 0.6580   | 1.0693   | 1.0521 
3-5  | 68    | 0.5246   | 0.9838   | 0.9136 
6+   | 208   | 0.3936   | 0.4743   | 0.4025 

Epoch 89: loss = 1.063041 delta_mae_pts = 0.5522 recap_mae_pts = 0.5522 cat_mae_pts = 0.5598 total_mae_pts = 1.2402 vs_inertia_pts = 0.4195 vs_quad_pts = 1.5401 mon_cov = 0.951 mon_score = 6.0206 time = 7222.63 s

--- NO IMPROVEMENT FOR 18 EPOCHS: Reducing LR to 0.000188 ---

Epoch 90: Weights {"totalWeight":0.1,"recapWeight":0.05,"deltaWeight":9.75,"categoryWeight":0.05,"quantileWeight":0.308,"consistencyWeight":0,"identityDropoutRate":1}, Scales {"judgeBias":1,"corps":1}, SeqLen 15, ID_Drop 1.000, WFW 1.500 

History Bucket Diagnostics (Avg Abs Error per sample, normalized units):
Hist | Count | MAE_Pred | MAE_Base | PredDevFromBase
-----|-------|----------|----------|----------------
0    | 71    | 0.9504   | 2.2794   | 2.2007 
1    | 31    | 0.5779   | 1.2121   | 1.1028 
2    | 24    | 0.6839   | 1.0693   | 0.9863 
3-5  | 68    | 0.5446   | 0.9838   | 0.9171 
6+   | 208   | 0.3827   | 0.4743   | 0.4037 

Epoch 90: loss = 1.097873 delta_mae_pts = 0.5434 recap_mae_pts = 0.5434 cat_mae_pts = 0.5799 total_mae_pts = 1.2588 vs_inertia_pts = 0.4283 vs_quad_pts = 1.5489 mon_cov = 0.954 mon_score = 5.9784 time = 7287.95 s

Epoch 91: Weights {"totalWeight":0.1,"recapWeight":0.05,"deltaWeight":9.75,"categoryWeight":0.05,"quantileWeight":0.3116,"consistencyWeight":0,"identityDropoutRate":1}, Scales {"judgeBias":1,"corps":1}, SeqLen 15, ID_Drop 1.000, WFW 1.500 

History Bucket Diagnostics (Avg Abs Error per sample, normalized units):
Hist | Count | MAE_Pred | MAE_Base | PredDevFromBase
-----|-------|----------|----------|----------------
0    | 71    | 0.9894   | 2.2794   | 2.2258 
1    | 31    | 0.5664   | 1.2121   | 1.0814 
2    | 24    | 0.6888   | 1.0693   | 0.9906 
3-5  | 68    | 0.5386   | 0.9838   | 0.9287 
6+   | 208   | 0.3824   | 0.4743   | 0.4157 

Epoch 91: loss = 1.074433 delta_mae_pts = 0.5485 recap_mae_pts = 0.5485 cat_mae_pts = 0.5730 total_mae_pts = 1.2411 vs_inertia_pts = 0.4232 vs_quad_pts = 1.5438 mon_cov = 0.948 mon_score = 5.9938 time = 7377.11 s

Epoch 92: Weights {"totalWeight":0.1,"recapWeight":0.05,"deltaWeight":9.75,"categoryWeight":0.05,"quantileWeight":0.31520000000000004,"consistencyWeight":0,"identityDropoutRate":1}, Scales {"judgeBias":1,"corps":1}, SeqLen 15, ID_Drop 1.000, WFW 1.500 

History Bucket Diagnostics (Avg Abs Error per sample, normalized units):
Hist | Count | MAE_Pred | MAE_Base | PredDevFromBase
-----|-------|----------|----------|----------------
0    | 71    | 0.9570   | 2.2794   | 2.0368 
1    | 31    | 0.7049   | 1.2121   | 1.0320 
2    | 24    | 0.6269   | 1.0693   | 0.7928 
3-5  | 68    | 0.5864   | 0.9838   | 0.8215 
6+   | 208   | 0.3750   | 0.4743   | 0.3506 

Epoch 92: loss = 1.129021 delta_mae_pts = 0.5541 recap_mae_pts = 0.5541 cat_mae_pts = 0.5765 total_mae_pts = 1.2830 vs_inertia_pts = 0.4177 vs_quad_pts = 1.5382 mon_cov = 0.950 mon_score = 6.0826 time = 7448.41 s

Epoch 93: Weights {"totalWeight":0.1,"recapWeight":0.05,"deltaWeight":9.75,"categoryWeight":0.05,"quantileWeight":0.31880000000000003,"consistencyWeight":0,"identityDropoutRate":1}, Scales {"judgeBias":1,"corps":1}, SeqLen 15, ID_Drop 1.000, WFW 1.500 

History Bucket Diagnostics (Avg Abs Error per sample, normalized units):
Hist | Count | MAE_Pred | MAE_Base | PredDevFromBase
-----|-------|----------|----------|----------------
0    | 71    | 1.0131   | 2.2794   | 2.2925 
1    | 31    | 0.5590   | 1.2121   | 1.0772 
2    | 24    | 0.6490   | 1.0693   | 0.8761 
3-5  | 68    | 0.5282   | 0.9838   | 0.9013 
6+   | 208   | 0.3701   | 0.4743   | 0.3700 

Epoch 93: loss = 1.160875 delta_mae_pts = 0.5416 recap_mae_pts = 0.5416 cat_mae_pts = 0.5542 total_mae_pts = 1.1926 vs_inertia_pts = 0.4301 vs_quad_pts = 1.5507 mon_cov = 0.955 mon_score = 5.9465 time = 7513.64 s

Epoch 94: Weights {"totalWeight":0.1,"recapWeight":0.05,"deltaWeight":9.75,"categoryWeight":0.05,"quantileWeight":0.3224,"consistencyWeight":0,"identityDropoutRate":1}, Scales {"judgeBias":1,"corps":1}, SeqLen 15, ID_Drop 1.000, WFW 1.500 

History Bucket Diagnostics (Avg Abs Error per sample, normalized units):
Hist | Count | MAE_Pred | MAE_Base | PredDevFromBase
-----|-------|----------|----------|----------------
0    | 71    | 0.9823   | 2.2794   | 2.2647 
1    | 31    | 0.6579   | 1.2121   | 1.2000 
2    | 24    | 0.6635   | 1.0693   | 1.1343 
3-5  | 68    | 0.5388   | 0.9838   | 0.9569 
6+   | 208   | 0.3912   | 0.4743   | 0.4133 

Epoch 94: loss = 1.178404 delta_mae_pts = 0.5574 recap_mae_pts = 0.5574 cat_mae_pts = 0.5912 total_mae_pts = 1.2592 vs_inertia_pts = 0.4143 vs_quad_pts = 1.5349 mon_cov = 0.954 mon_score = 6.0908 time = 7587.63 s

Epoch 95: Weights {"totalWeight":0.1,"recapWeight":0.05,"deltaWeight":9.75,"categoryWeight":0.05,"quantileWeight":0.32600000000000007,"consistencyWeight":0,"identityDropoutRate":1}, Scales {"judgeBias":1,"corps":1}, SeqLen 15, ID_Drop 1.000, WFW 1.500 

History Bucket Diagnostics (Avg Abs Error per sample, normalized units):
Hist | Count | MAE_Pred | MAE_Base | PredDevFromBase
-----|-------|----------|----------|----------------
0    | 71    | 0.9464   | 2.2794   | 2.0907 
1    | 31    | 0.6219   | 1.2121   | 1.1218 
2    | 24    | 0.6243   | 1.0693   | 0.9921 
3-5  | 68    | 0.5111   | 0.9838   | 0.8697 
6+   | 208   | 0.3738   | 0.4743   | 0.3516 

Epoch 95: loss = 1.143642 delta_mae_pts = 0.5323 recap_mae_pts = 0.5323 cat_mae_pts = 0.5590 total_mae_pts = 1.2223 vs_inertia_pts = 0.4395 vs_quad_pts = 1.5600 mon_cov = 0.949 mon_score = 5.8013 time = 7654.09 s

Epoch 96: Weights {"totalWeight":0.1,"recapWeight":0.05,"deltaWeight":9.75,"categoryWeight":0.05,"quantileWeight":0.3296,"consistencyWeight":0,"identityDropoutRate":1}, Scales {"judgeBias":1,"corps":1}, SeqLen 15, ID_Drop 1.000, WFW 1.500 

History Bucket Diagnostics (Avg Abs Error per sample, normalized units):
Hist | Count | MAE_Pred | MAE_Base | PredDevFromBase
-----|-------|----------|----------|----------------
0    | 71    | 0.9524   | 2.2794   | 2.1470 
1    | 31    | 0.6147   | 1.2121   | 1.0994 
2    | 24    | 0.5401   | 1.0693   | 0.9096 
3-5  | 68    | 0.5360   | 0.9838   | 0.8644 
6+   | 208   | 0.3718   | 0.4743   | 0.3638 

Epoch 96: loss = 1.149296 delta_mae_pts = 0.5309 recap_mae_pts = 0.5309 cat_mae_pts = 0.5516 total_mae_pts = 1.2116 vs_inertia_pts = 0.4408 vs_quad_pts = 1.5614 mon_cov = 0.952 mon_score = 5.8427 time = 7724.11 s

Epoch 97: Weights {"totalWeight":0.1,"recapWeight":0.05,"deltaWeight":9.75,"categoryWeight":0.05,"quantileWeight":0.3332,"consistencyWeight":0,"identityDropoutRate":1}, Scales {"judgeBias":1,"corps":1}, SeqLen 15, ID_Drop 1.000, WFW 1.500 

History Bucket Diagnostics (Avg Abs Error per sample, normalized units):
Hist | Count | MAE_Pred | MAE_Base | PredDevFromBase
-----|-------|----------|----------|----------------
0    | 71    | 0.9137   | 2.2794   | 2.1589 
1    | 31    | 0.5597   | 1.2121   | 0.9584 
2    | 24    | 0.6310   | 1.0693   | 0.8177 
3-5  | 68    | 0.5266   | 0.9838   | 0.8017 
6+   | 208   | 0.3728   | 0.4743   | 0.3622 

Epoch 97: loss = 1.175002 delta_mae_pts = 0.5242 recap_mae_pts = 0.5242 cat_mae_pts = 0.5670 total_mae_pts = 1.2131 vs_inertia_pts = 0.4476 vs_quad_pts = 1.5681 mon_cov = 0.946 mon_score = 5.7373 time = 7804.41 s

Epoch 98: Weights {"totalWeight":0.1,"recapWeight":0.05,"deltaWeight":9.75,"categoryWeight":0.05,"quantileWeight":0.3368,"consistencyWeight":0,"identityDropoutRate":1}, Scales {"judgeBias":1,"corps":1}, SeqLen 15, ID_Drop 1.000, WFW 1.500 

History Bucket Diagnostics (Avg Abs Error per sample, normalized units):
Hist | Count | MAE_Pred | MAE_Base | PredDevFromBase
-----|-------|----------|----------|----------------
0    | 71    | 1.1408   | 2.2794   | 2.4628 
1    | 31    | 0.6002   | 1.2121   | 1.1264 
2    | 24    | 0.6069   | 1.0693   | 0.9963 
3-5  | 68    | 0.5048   | 0.9838   | 0.9052 
6+   | 208   | 0.3700   | 0.4743   | 0.3903 

Epoch 98: loss = 1.140904 delta_mae_pts = 0.5608 recap_mae_pts = 0.5608 cat_mae_pts = 0.5822 total_mae_pts = 1.2930 vs_inertia_pts = 0.4109 vs_quad_pts = 1.5314 mon_cov = 0.953 mon_score = 6.1442 time = 7869.81 s

Epoch 99: Weights {"totalWeight":0.1,"recapWeight":0.05,"deltaWeight":9.75,"categoryWeight":0.05,"quantileWeight":0.34040000000000004,"consistencyWeight":0,"identityDropoutRate":1}, Scales {"judgeBias":1,"corps":1}, SeqLen 15, ID_Drop 1.000, WFW 1.500 

History Bucket Diagnostics (Avg Abs Error per sample, normalized units):
Hist | Count | MAE_Pred | MAE_Base | PredDevFromBase
-----|-------|----------|----------|----------------
0    | 71    | 0.9994   | 2.2794   | 2.2964 
1    | 31    | 0.6003   | 1.2121   | 1.1740 
2    | 24    | 0.6228   | 1.0693   | 0.9884 
3-5  | 68    | 0.4967   | 0.9838   | 0.9329 
6+   | 208   | 0.3739   | 0.4743   | 0.4127 

Epoch 99: loss = 1.121178 delta_mae_pts = 0.5374 recap_mae_pts = 0.5374 cat_mae_pts = 0.5595 total_mae_pts = 1.2297 vs_inertia_pts = 0.4343 vs_quad_pts = 1.5548 mon_cov = 0.954 mon_score = 5.8902 time = 7935.40 s

Epoch 100: Weights {"totalWeight":0.1,"recapWeight":0.05,"deltaWeight":9.75,"categoryWeight":0.05,"quantileWeight":0.34400000000000003,"consistencyWeight":0,"identityDropoutRate":1}, Scales {"judgeBias":1,"corps":1}, SeqLen 15, ID_Drop 1.000, WFW 1.500 

History Bucket Diagnostics (Avg Abs Error per sample, normalized units):
Hist | Count | MAE_Pred | MAE_Base | PredDevFromBase
-----|-------|----------|----------|----------------
0    | 71    | 0.9484   | 2.2794   | 2.1603 
1    | 31    | 0.5739   | 1.2121   | 1.1551 
2    | 24    | 0.5904   | 1.0693   | 0.9729 
3-5  | 68    | 0.4999   | 0.9838   | 0.9192 
6+   | 208   | 0.3669   | 0.4743   | 0.3800 

Epoch 100: loss = 1.119930 delta_mae_pts = 0.5214 recap_mae_pts = 0.5214 cat_mae_pts = 0.5328 total_mae_pts = 1.1463 vs_inertia_pts = 0.4503 vs_quad_pts = 1.5709 mon_cov = 0.959 mon_score = 5.7474 time = 8001.33 s

-- - CAPTION STATS(Epoch 100)-- - 
GE1: delta_pts = 0.3681, recap_pts = 0.3681, cov = 0.953, width = 2.0351 
GE2: delta_pts = 0.3548, recap_pts = 0.3548, cov = 0.950, width = 2.0335 
VP: delta_pts = 0.4728, recap_pts = 0.4728, cov = 0.975, width = 3.8231 
VA: delta_pts = 0.4045, recap_pts = 0.4045, cov = 0.945, width = 2.0974 
CG: delta_pts = 0.5883, recap_pts = 0.5883, cov = 0.958, width = 3.9376 
MB: delta_pts = 0.7586, recap_pts = 0.7586, cov = 0.980, width = 5.6235 
MA: delta_pts = 0.3639, recap_pts = 0.3639, cov = 0.948, width = 2.1298 
MP: delta_pts = 0.8603, recap_pts = 0.8603, cov = 0.963, width = 6.2604 
----------------------------------


Epoch 101: Weights {"totalWeight":0.1,"recapWeight":0.05,"deltaWeight":9.75,"categoryWeight":0.05,"quantileWeight":0.3476,"consistencyWeight":0,"identityDropoutRate":0.99525}, Scales {"judgeBias":1,"corps":1}, SeqLen 15, ID_Drop 0.997, WFW 1.500 

History Bucket Diagnostics (Avg Abs Error per sample, normalized units):
Hist | Count | MAE_Pred | MAE_Base | PredDevFromBase
-----|-------|----------|----------|----------------
0    | 71    | 0.9981   | 2.2794   | 2.3392 
1    | 31    | 0.5708   | 1.2121   | 1.0435 
2    | 24    | 0.6117   | 1.0693   | 0.9571 
3-5  | 68    | 0.4974   | 0.9838   | 0.9416 
6+   | 208   | 0.3934   | 0.4743   | 0.4140 

Epoch 101: loss = 1.013597 delta_mae_pts = 0.5445 recap_mae_pts = 0.5445 cat_mae_pts = 0.5932 total_mae_pts = 1.3249 vs_inertia_pts = 0.4272 vs_quad_pts = 1.5478 mon_cov = 0.958 mon_score = 6.0128 time = 8066.54 s

Epoch 102: Weights {"totalWeight":0.1,"recapWeight":0.05,"deltaWeight":9.75,"categoryWeight":0.05,"quantileWeight":0.3512,"consistencyWeight":0,"identityDropoutRate":0.9905}, Scales {"judgeBias":1,"corps":1}, SeqLen 15, ID_Drop 0.990, WFW 1.500 

History Bucket Diagnostics (Avg Abs Error per sample, normalized units):
Hist | Count | MAE_Pred | MAE_Base | PredDevFromBase
-----|-------|----------|----------|----------------
0    | 71    | 0.9942   | 2.2794   | 2.1743 
1    | 31    | 0.5906   | 1.2121   | 1.0622 
2    | 24    | 0.6370   | 1.0693   | 0.8857 
3-5  | 68    | 0.4762   | 0.9838   | 0.8852 
6+   | 208   | 0.3714   | 0.4743   | 0.3688 

Epoch 102: loss = 1.024198 delta_mae_pts = 0.5319 recap_mae_pts = 0.5319 cat_mae_pts = 0.5376 total_mae_pts = 1.1517 vs_inertia_pts = 0.4398 vs_quad_pts = 1.5604 mon_cov = 0.952 mon_score = 5.8215 time = 8131.59 s

Epoch 103: Weights {"totalWeight":0.1,"recapWeight":0.05,"deltaWeight":9.75,"categoryWeight":0.05,"quantileWeight":0.3548,"consistencyWeight":0,"identityDropoutRate":0.98575}, Scales {"judgeBias":1,"corps":1}, SeqLen 15, ID_Drop 0.982, WFW 1.500 

History Bucket Diagnostics (Avg Abs Error per sample, normalized units):
Hist | Count | MAE_Pred | MAE_Base | PredDevFromBase
-----|-------|----------|----------|----------------
0    | 71    | 1.0004   | 2.2794   | 2.2657 
1    | 31    | 0.6258   | 1.2121   | 1.0351 
2    | 24    | 0.6005   | 1.0693   | 0.9513 
3-5  | 68    | 0.5134   | 0.9838   | 0.8992 
6+   | 208   | 0.3835   | 0.4743   | 0.3458 

Epoch 103: loss = 1.073695 delta_mae_pts = 0.5461 recap_mae_pts = 0.5461 cat_mae_pts = 0.5683 total_mae_pts = 1.2454 vs_inertia_pts = 0.4256 vs_quad_pts = 1.5462 mon_cov = 0.954 mon_score = 5.9809 time = 8197.45 s

Epoch 104: Weights {"totalWeight":0.1,"recapWeight":0.05,"deltaWeight":9.75,"categoryWeight":0.05,"quantileWeight":0.3584,"consistencyWeight":0,"identityDropoutRate":0.981}, Scales {"judgeBias":1,"corps":1}, SeqLen 15, ID_Drop 0.982, WFW 1.500 

History Bucket Diagnostics (Avg Abs Error per sample, normalized units):
Hist | Count | MAE_Pred | MAE_Base | PredDevFromBase
-----|-------|----------|----------|----------------
0    | 71    | 0.9650   | 2.2794   | 2.0954 
1    | 31    | 0.6308   | 1.2121   | 1.2108 
2    | 24    | 0.6543   | 1.0693   | 0.9729 
3-5  | 68    | 0.5046   | 0.9838   | 0.9206 
6+   | 208   | 0.3658   | 0.4743   | 0.4187 

Epoch 104: loss = 1.080775 delta_mae_pts = 0.5328 recap_mae_pts = 0.5328 cat_mae_pts = 0.5579 total_mae_pts = 1.2505 vs_inertia_pts = 0.4389 vs_quad_pts = 1.5595 mon_cov = 0.955 mon_score = 5.8829 time = 8263.24 s

Epoch 105: Weights {"totalWeight":0.1,"recapWeight":0.05,"deltaWeight":9.75,"categoryWeight":0.05,"quantileWeight":0.362,"consistencyWeight":0,"identityDropoutRate":0.97625}, Scales {"judgeBias":1,"corps":1}, SeqLen 15, ID_Drop 0.975, WFW 1.500 

History Bucket Diagnostics (Avg Abs Error per sample, normalized units):
Hist | Count | MAE_Pred | MAE_Base | PredDevFromBase
-----|-------|----------|----------|----------------
0    | 71    | 0.9781   | 2.2794   | 2.1610 
1    | 31    | 0.5279   | 1.2121   | 1.0761 
2    | 24    | 0.5973   | 1.0693   | 1.0012 
3-5  | 68    | 0.5095   | 0.9838   | 0.9620 
6+   | 208   | 0.3637   | 0.4743   | 0.3939 

Epoch 105: loss = 1.079314 delta_mae_pts = 0.5235 recap_mae_pts = 0.5235 cat_mae_pts = 0.5338 total_mae_pts = 1.1232 vs_inertia_pts = 0.4483 vs_quad_pts = 1.5688 mon_cov = 0.960 mon_score = 5.7637 time = 8329.45 s

Epoch 106: Weights {"totalWeight":0.1,"recapWeight":0.05,"deltaWeight":9.75,"categoryWeight":0.05,"quantileWeight":0.36560000000000004,"consistencyWeight":0,"identityDropoutRate":0.9715}, Scales {"judgeBias":1,"corps":1}, SeqLen 15, ID_Drop 0.970, WFW 1.500 

History Bucket Diagnostics (Avg Abs Error per sample, normalized units):
Hist | Count | MAE_Pred | MAE_Base | PredDevFromBase
-----|-------|----------|----------|----------------
0    | 71    | 0.9748   | 2.2794   | 2.2726 
1    | 31    | 0.6662   | 1.2121   | 0.9707 
2    | 24    | 0.6515   | 1.0693   | 0.9374 
3-5  | 68    | 0.5387   | 0.9838   | 0.8578 
6+   | 208   | 0.3731   | 0.4743   | 0.3440 

Epoch 106: loss = 1.069746 delta_mae_pts = 0.5466 recap_mae_pts = 0.5466 cat_mae_pts = 0.5815 total_mae_pts = 1.2857 vs_inertia_pts = 0.4251 vs_quad_pts = 1.5457 mon_cov = 0.948 mon_score = 5.9674 time = 8394.27 s

Epoch 107: Weights {"totalWeight":0.1,"recapWeight":0.05,"deltaWeight":9.75,"categoryWeight":0.05,"quantileWeight":0.36920000000000003,"consistencyWeight":0,"identityDropoutRate":0.96675}, Scales {"judgeBias":1,"corps":1}, SeqLen 15, ID_Drop 0.970, WFW 1.500 

History Bucket Diagnostics (Avg Abs Error per sample, normalized units):
Hist | Count | MAE_Pred | MAE_Base | PredDevFromBase
-----|-------|----------|----------|----------------
0    | 71    | 0.9836   | 2.2794   | 2.0831 
1    | 31    | 0.5894   | 1.2121   | 1.1593 
2    | 24    | 0.5567   | 1.0693   | 1.0079 
3-5  | 68    | 0.4930   | 0.9838   | 0.9066 
6+   | 208   | 0.3749   | 0.4743   | 0.3910 

Epoch 107: loss = 1.086106 delta_mae_pts = 0.5298 recap_mae_pts = 0.5298 cat_mae_pts = 0.5666 total_mae_pts = 1.2655 vs_inertia_pts = 0.4419 vs_quad_pts = 1.5625 mon_cov = 0.959 mon_score = 5.8339 time = 8460.11 s

--- NO IMPROVEMENT FOR 18 EPOCHS: Reducing LR to 0.000094 ---

Epoch 108: Weights {"totalWeight":0.1,"recapWeight":0.05,"deltaWeight":9.75,"categoryWeight":0.05,"quantileWeight":0.3728,"consistencyWeight":0,"identityDropoutRate":0.962}, Scales {"judgeBias":1,"corps":1}, SeqLen 15, ID_Drop 0.964, WFW 1.500 

History Bucket Diagnostics (Avg Abs Error per sample, normalized units):
Hist | Count | MAE_Pred | MAE_Base | PredDevFromBase
-----|-------|----------|----------|----------------
0    | 71    | 1.0141   | 2.2794   | 2.2769 
1    | 31    | 0.6232   | 1.2121   | 0.9426 
2    | 24    | 0.6111   | 1.0693   | 0.9913 
3-5  | 68    | 0.4976   | 0.9838   | 0.8745 
6+   | 208   | 0.3662   | 0.4743   | 0.3589 

Epoch 108: loss = 1.080354 delta_mae_pts = 0.5373 recap_mae_pts = 0.5373 cat_mae_pts = 0.5548 total_mae_pts = 1.2232 vs_inertia_pts = 0.4344 vs_quad_pts = 1.5550 mon_cov = 0.955 mon_score = 5.8786 time = 8525.31 s

Epoch 109: Weights {"totalWeight":0.1,"recapWeight":0.05,"deltaWeight":9.75,"categoryWeight":0.05,"quantileWeight":0.3764,"consistencyWeight":0,"identityDropoutRate":0.95725}, Scales {"judgeBias":1,"corps":1}, SeqLen 15, ID_Drop 0.959, WFW 1.500 

History Bucket Diagnostics (Avg Abs Error per sample, normalized units):
Hist | Count | MAE_Pred | MAE_Base | PredDevFromBase
-----|-------|----------|----------|----------------
0    | 71    | 0.9928   | 2.2794   | 2.2710 
1    | 31    | 0.6931   | 1.2121   | 1.2132 
2    | 24    | 0.6142   | 1.0693   | 1.1430 
3-5  | 68    | 0.5215   | 0.9838   | 0.9473 
6+   | 208   | 0.3724   | 0.4743   | 0.3856 

Epoch 109: loss = 1.109733 delta_mae_pts = 0.5463 recap_mae_pts = 0.5463 cat_mae_pts = 0.5708 total_mae_pts = 1.3075 vs_inertia_pts = 0.4254 vs_quad_pts = 1.5459 mon_cov = 0.946 mon_score = 5.9421 time = 8590.00 s

Epoch 110: Weights {"totalWeight":0.1,"recapWeight":0.05,"deltaWeight":9.75,"categoryWeight":0.05,"quantileWeight":0.38,"consistencyWeight":0,"identityDropoutRate":0.9525}, Scales {"judgeBias":1,"corps":1}, SeqLen 15, ID_Drop 0.950, WFW 1.500 

History Bucket Diagnostics (Avg Abs Error per sample, normalized units):
Hist | Count | MAE_Pred | MAE_Base | PredDevFromBase
-----|-------|----------|----------|----------------
0    | 71    | 0.8758   | 2.2794   | 2.1712 
1    | 31    | 0.5676   | 1.2121   | 1.0957 
2    | 24    | 0.6058   | 1.0693   | 1.0318 
3-5  | 68    | 0.5257   | 0.9838   | 0.9382 
6+   | 208   | 0.3661   | 0.4743   | 0.4145 

Epoch 110: loss = 1.090332 delta_mae_pts = 0.5130 recap_mae_pts = 0.5130 cat_mae_pts = 0.5604 total_mae_pts = 1.2656 vs_inertia_pts = 0.4587 vs_quad_pts = 1.5793 mon_cov = 0.952 mon_score = 5.6523 time = 8656.12 s

Epoch 111: Weights {"totalWeight":0.1,"recapWeight":0.05,"deltaWeight":9.75,"categoryWeight":0.05,"quantileWeight":0.3836,"consistencyWeight":0,"identityDropoutRate":0.94775}, Scales {"judgeBias":1,"corps":1}, SeqLen 15, ID_Drop 0.952, WFW 1.500 

History Bucket Diagnostics (Avg Abs Error per sample, normalized units):
Hist | Count | MAE_Pred | MAE_Base | PredDevFromBase
-----|-------|----------|----------|----------------
0    | 71    | 1.0157   | 2.2794   | 2.2548 
1    | 31    | 0.5998   | 1.2121   | 1.0580 
2    | 24    | 0.5939   | 1.0693   | 0.9289 
3-5  | 68    | 0.5114   | 0.9838   | 0.8270 
6+   | 208   | 0.3498   | 0.4743   | 0.3528 

Epoch 111: loss = 1.107836 delta_mae_pts = 0.5286 recap_mae_pts = 0.5286 cat_mae_pts = 0.5653 total_mae_pts = 1.1953 vs_inertia_pts = 0.4431 vs_quad_pts = 1.5637 mon_cov = 0.951 mon_score = 5.8024 time = 8721.46 s

Epoch 112: Weights {"totalWeight":0.1,"recapWeight":0.05,"deltaWeight":9.75,"categoryWeight":0.05,"quantileWeight":0.3872,"consistencyWeight":0,"identityDropoutRate":0.9430000000000001}, Scales {"judgeBias":1,"corps":1}, SeqLen 15, ID_Drop 0.944, WFW 1.500 

History Bucket Diagnostics (Avg Abs Error per sample, normalized units):
Hist | Count | MAE_Pred | MAE_Base | PredDevFromBase
-----|-------|----------|----------|----------------
0    | 71    | 0.9677   | 2.2794   | 2.2684 
1    | 31    | 0.5706   | 1.2121   | 1.0388 
2    | 24    | 0.6195   | 1.0693   | 1.0895 
3-5  | 68    | 0.5228   | 0.9838   | 0.9266 
6+   | 208   | 0.3453   | 0.4743   | 0.3827 

Epoch 112: loss = 1.123325 delta_mae_pts = 0.5190 recap_mae_pts = 0.5190 cat_mae_pts = 0.5363 total_mae_pts = 1.0972 vs_inertia_pts = 0.4527 vs_quad_pts = 1.5733 mon_cov = 0.957 mon_score = 5.6942 time = 8787.74 s

Epoch 113: Weights {"totalWeight":0.1,"recapWeight":0.05,"deltaWeight":9.75,"categoryWeight":0.05,"quantileWeight":0.39080000000000004,"consistencyWeight":0,"identityDropoutRate":0.93825}, Scales {"judgeBias":1,"corps":1}, SeqLen 15, ID_Drop 0.943, WFW 1.500 

History Bucket Diagnostics (Avg Abs Error per sample, normalized units):
Hist | Count | MAE_Pred | MAE_Base | PredDevFromBase
-----|-------|----------|----------|----------------
0    | 71    | 0.9717   | 2.2794   | 2.2691 
1    | 31    | 0.5531   | 1.2121   | 1.0903 
2    | 24    | 0.6220   | 1.0693   | 0.9929 
3-5  | 68    | 0.4674   | 0.9838   | 0.8387 
6+   | 208   | 0.3498   | 0.4743   | 0.3590 

Epoch 113: loss = 0.978834 delta_mae_pts = 0.5114 recap_mae_pts = 0.5114 cat_mae_pts = 0.5309 total_mae_pts = 1.1787 vs_inertia_pts = 0.4603 vs_quad_pts = 1.5809 mon_cov = 0.953 mon_score = 5.6005 time = 8853.25 s

Epoch 114: Weights {"totalWeight":0.1,"recapWeight":0.05,"deltaWeight":9.75,"categoryWeight":0.05,"quantileWeight":0.3944,"consistencyWeight":0,"identityDropoutRate":0.9335}, Scales {"judgeBias":1,"corps":1}, SeqLen 15, ID_Drop 0.935, WFW 1.500 

History Bucket Diagnostics (Avg Abs Error per sample, normalized units):
Hist | Count | MAE_Pred | MAE_Base | PredDevFromBase
-----|-------|----------|----------|----------------
0    | 71    | 0.9586   | 2.2794   | 2.2506 
1    | 31    | 0.6461   | 1.2121   | 1.1411 
2    | 24    | 0.5979   | 1.0693   | 1.0790 
3-5  | 68    | 0.4585   | 0.9838   | 0.9197 
6+   | 208   | 0.3442   | 0.4743   | 0.3936 

Epoch 114: loss = 0.983943 delta_mae_pts = 0.5105 recap_mae_pts = 0.5105 cat_mae_pts = 0.5372 total_mae_pts = 1.1598 vs_inertia_pts = 0.4612 vs_quad_pts = 1.5818 mon_cov = 0.956 mon_score = 5.6193 time = 8918.52 s

Epoch 115: Weights {"totalWeight":0.1,"recapWeight":0.05,"deltaWeight":9.75,"categoryWeight":0.05,"quantileWeight":0.398,"consistencyWeight":0,"identityDropoutRate":0.92875}, Scales {"judgeBias":1,"corps":1}, SeqLen 15, ID_Drop 0.934, WFW 1.500 

History Bucket Diagnostics (Avg Abs Error per sample, normalized units):
Hist | Count | MAE_Pred | MAE_Base | PredDevFromBase
-----|-------|----------|----------|----------------
0    | 71    | 1.0537   | 2.2794   | 2.3656 
1    | 31    | 0.5953   | 1.2121   | 1.1290 
2    | 24    | 0.6306   | 1.0693   | 1.0809 
3-5  | 68    | 0.4959   | 0.9838   | 0.9670 
6+   | 208   | 0.3540   | 0.4743   | 0.4289 

Epoch 115: loss = 0.966474 delta_mae_pts = 0.5367 recap_mae_pts = 0.5367 cat_mae_pts = 0.5695 total_mae_pts = 1.3079 vs_inertia_pts = 0.4350 vs_quad_pts = 1.5556 mon_cov = 0.953 mon_score = 5.8981 time = 8984.00 s

Epoch 116: Weights {"totalWeight":0.1,"recapWeight":0.05,"deltaWeight":9.75,"categoryWeight":0.05,"quantileWeight":0.4016,"consistencyWeight":0,"identityDropoutRate":0.924}, Scales {"judgeBias":1,"corps":1}, SeqLen 15, ID_Drop 0.924, WFW 1.500 

History Bucket Diagnostics (Avg Abs Error per sample, normalized units):
Hist | Count | MAE_Pred | MAE_Base | PredDevFromBase
-----|-------|----------|----------|----------------
0    | 71    | 0.9406   | 2.2794   | 2.2233 
1    | 31    | 0.5854   | 1.2121   | 1.0387 
2    | 24    | 0.5872   | 1.0693   | 0.9414 
3-5  | 68    | 0.4864   | 0.9838   | 0.8889 
6+   | 208   | 0.3503   | 0.4743   | 0.3516 

Epoch 116: loss = 0.969895 delta_mae_pts = 0.5099 recap_mae_pts = 0.5099 cat_mae_pts = 0.5205 total_mae_pts = 1.1506 vs_inertia_pts = 0.4619 vs_quad_pts = 1.5824 mon_cov = 0.957 mon_score = 5.6094 time = 9049.71 s

Epoch 117: Weights {"totalWeight":0.1,"recapWeight":0.05,"deltaWeight":9.75,"categoryWeight":0.05,"quantileWeight":0.4052,"consistencyWeight":0,"identityDropoutRate":0.91925}, Scales {"judgeBias":1,"corps":1}, SeqLen 15, ID_Drop 0.919, WFW 1.500 

History Bucket Diagnostics (Avg Abs Error per sample, normalized units):
Hist | Count | MAE_Pred | MAE_Base | PredDevFromBase
-----|-------|----------|----------|----------------
0    | 71    | 0.9142   | 2.2794   | 2.2112 
1    | 31    | 0.6444   | 1.2121   | 1.1159 
2    | 24    | 0.5758   | 1.0693   | 0.9477 
3-5  | 68    | 0.4951   | 0.9838   | 0.8669 
6+   | 208   | 0.3584   | 0.4743   | 0.3497 

Epoch 117: loss = 0.991138 delta_mae_pts = 0.5147 recap_mae_pts = 0.5147 cat_mae_pts = 0.5279 total_mae_pts = 1.1875 vs_inertia_pts = 0.4570 vs_quad_pts = 1.5776 mon_cov = 0.962 mon_score = 5.7098 time = 9131.60 s

Epoch 118: Weights {"totalWeight":0.1,"recapWeight":0.05,"deltaWeight":9.75,"categoryWeight":0.05,"quantileWeight":0.40880000000000005,"consistencyWeight":0,"identityDropoutRate":0.9145}, Scales {"judgeBias":1,"corps":1}, SeqLen 15, ID_Drop 0.921, WFW 1.500 

History Bucket Diagnostics (Avg Abs Error per sample, normalized units):
Hist | Count | MAE_Pred | MAE_Base | PredDevFromBase
-----|-------|----------|----------|----------------
0    | 71    | 0.9047   | 2.2794   | 2.2467 
1    | 31    | 0.5400   | 1.2121   | 1.0386 
2    | 24    | 0.5682   | 1.0693   | 0.9441 
3-5  | 68    | 0.4828   | 0.9838   | 0.8776 
6+   | 208   | 0.3549   | 0.4743   | 0.3487 

Epoch 118: loss = 1.017220 delta_mae_pts = 0.5006 recap_mae_pts = 0.5006 cat_mae_pts = 0.5230 total_mae_pts = 1.1646 vs_inertia_pts = 0.4711 vs_quad_pts = 1.5916 mon_cov = 0.961 mon_score = 5.5377 time = 9198.03 s

Epoch 119: Weights {"totalWeight":0.1,"recapWeight":0.05,"deltaWeight":9.75,"categoryWeight":0.05,"quantileWeight":0.4124,"consistencyWeight":0,"identityDropoutRate":0.9097500000000001}, Scales {"judgeBias":1,"corps":1}, SeqLen 15, ID_Drop 0.911, WFW 1.500 

History Bucket Diagnostics (Avg Abs Error per sample, normalized units):
Hist | Count | MAE_Pred | MAE_Base | PredDevFromBase
-----|-------|----------|----------|----------------
0    | 71    | 0.9348   | 2.2794   | 2.1757 
1    | 31    | 0.5197   | 1.2121   | 1.1673 
2    | 24    | 0.6071   | 1.0693   | 1.1234 
3-5  | 68    | 0.4952   | 0.9838   | 0.9914 
6+   | 208   | 0.3455   | 0.4743   | 0.4284 

Epoch 119: loss = 1.018727 delta_mae_pts = 0.5039 recap_mae_pts = 0.5039 cat_mae_pts = 0.5229 total_mae_pts = 1.1683 vs_inertia_pts = 0.4678 vs_quad_pts = 1.5884 mon_cov = 0.961 mon_score = 5.5210 time = 9283.16 s

Epoch 120: Weights {"totalWeight":0.1,"recapWeight":0.05,"deltaWeight":9.75,"categoryWeight":0.05,"quantileWeight":0.41600000000000004,"consistencyWeight":0,"identityDropoutRate":0.905}, Scales {"judgeBias":1,"corps":1}, SeqLen 15, ID_Drop 0.907, WFW 1.500 

History Bucket Diagnostics (Avg Abs Error per sample, normalized units):
Hist | Count | MAE_Pred | MAE_Base | PredDevFromBase
-----|-------|----------|----------|----------------
0    | 71    | 0.9257   | 2.2794   | 2.2342 
1    | 31    | 0.5403   | 1.2121   | 1.1644 
2    | 24    | 0.5709   | 1.0693   | 1.0352 
3-5  | 68    | 0.4587   | 0.9838   | 0.9531 
6+   | 208   | 0.3425   | 0.4743   | 0.3902 


--- PHASE TRANSITION (Epoch 120): Resetting Best Score & Patience ---
Epoch 120: loss = 1.035757 delta_mae_pts = 0.4940 recap_mae_pts = 0.4940 cat_mae_pts = 0.5035 total_mae_pts = 1.1046 vs_inertia_pts = 0.4777 vs_quad_pts = 1.5983 mon_cov = 0.961 mon_score = 5.4376 time = 9392.63 s
Saved BEST checkpoint @epoch 120 score = 5.4376 -> models\v9_subcaption_fixed\v9fix_w1p0_1770385724733\best 

Epoch 121: Weights {"totalWeight":0.1,"recapWeight":0.05,"deltaWeight":9.75,"categoryWeight":0.05,"quantileWeight":0.4196,"consistencyWeight":0,"identityDropoutRate":0.90025}, Scales {"judgeBias":1,"corps":1}, SeqLen 15, ID_Drop 0.903, WFW 1.500 

History Bucket Diagnostics (Avg Abs Error per sample, normalized units):
Hist | Count | MAE_Pred | MAE_Base | PredDevFromBase
-----|-------|----------|----------|----------------
0    | 71    | 0.9248   | 2.2794   | 2.2969 
1    | 31    | 0.5418   | 1.2121   | 1.0226 
2    | 24    | 0.5912   | 1.0693   | 0.9046 
3-5  | 68    | 0.4693   | 0.9838   | 0.8753 
6+   | 208   | 0.3489   | 0.4743   | 0.3634 

Epoch 121: loss = 1.012454 delta_mae_pts = 0.5003 recap_mae_pts = 0.5003 cat_mae_pts = 0.5476 total_mae_pts = 1.1446 vs_inertia_pts = 0.4714 vs_quad_pts = 1.5920 mon_cov = 0.959 mon_score = 5.5038 time = 9514.53 s

Epoch 122: Weights {"totalWeight":0.1,"recapWeight":0.05,"deltaWeight":9.75,"categoryWeight":0.05,"quantileWeight":0.4232,"consistencyWeight":0,"identityDropoutRate":0.8955}, Scales {"judgeBias":1,"corps":1}, SeqLen 15, ID_Drop 0.896, WFW 1.500 

History Bucket Diagnostics (Avg Abs Error per sample, normalized units):
Hist | Count | MAE_Pred | MAE_Base | PredDevFromBase
-----|-------|----------|----------|----------------
0    | 71    | 0.9009   | 2.2794   | 2.1164 
1    | 31    | 0.5151   | 1.2121   | 1.0700 
2    | 24    | 0.6831   | 1.0693   | 0.8966 
3-5  | 68    | 0.4867   | 0.9838   | 0.8924 
6+   | 208   | 0.3602   | 0.4743   | 0.3982 

Epoch 122: loss = 1.021255 delta_mae_pts = 0.5083 recap_mae_pts = 0.5083 cat_mae_pts = 0.5230 total_mae_pts = 1.1445 vs_inertia_pts = 0.4634 vs_quad_pts = 1.5840 mon_cov = 0.957 mon_score = 5.5863 time = 9641.55 s

Epoch 123: Weights {"totalWeight":0.1,"recapWeight":0.05,"deltaWeight":9.75,"categoryWeight":0.05,"quantileWeight":0.4268,"consistencyWeight":0,"identityDropoutRate":0.89075}, Scales {"judgeBias":1,"corps":1}, SeqLen 15, ID_Drop 0.891, WFW 1.500 

History Bucket Diagnostics (Avg Abs Error per sample, normalized units):
Hist | Count | MAE_Pred | MAE_Base | PredDevFromBase
-----|-------|----------|----------|----------------
0    | 71    | 0.9344   | 2.2794   | 2.1635 
1    | 31    | 0.5278   | 1.2121   | 1.0573 
2    | 24    | 0.5646   | 1.0693   | 0.8835 
3-5  | 68    | 0.4860   | 0.9838   | 0.8724 
6+   | 208   | 0.3460   | 0.4743   | 0.3655 

Epoch 123: loss = 0.961139 delta_mae_pts = 0.5007 recap_mae_pts = 0.5007 cat_mae_pts = 0.5103 total_mae_pts = 1.1269 vs_inertia_pts = 0.4710 vs_quad_pts = 1.5916 mon_cov = 0.956 mon_score = 5.5163 time = 9732.83 s

Epoch 124: Weights {"totalWeight":0.1,"recapWeight":0.05,"deltaWeight":9.75,"categoryWeight":0.05,"quantileWeight":0.4304,"consistencyWeight":0,"identityDropoutRate":0.886}, Scales {"judgeBias":1,"corps":1}, SeqLen 15, ID_Drop 0.889, WFW 1.500 

History Bucket Diagnostics (Avg Abs Error per sample, normalized units):
Hist | Count | MAE_Pred | MAE_Base | PredDevFromBase
-----|-------|----------|----------|----------------
0    | 71    | 0.9606   | 2.2794   | 2.2395 
1    | 31    | 0.5829   | 1.2121   | 0.9568 
2    | 24    | 0.6695   | 1.0693   | 0.9651 
3-5  | 68    | 0.4987   | 0.9838   | 0.8922 
6+   | 208   | 0.3551   | 0.4743   | 0.3951 

Epoch 124: loss = 0.938726 delta_mae_pts = 0.5227 recap_mae_pts = 0.5227 cat_mae_pts = 0.5408 total_mae_pts = 1.1629 vs_inertia_pts = 0.4490 vs_quad_pts = 1.5696 mon_cov = 0.956 mon_score = 5.6902 time = 9827.58 s

Epoch 125: Weights {"totalWeight":0.1,"recapWeight":0.05,"deltaWeight":9.75,"categoryWeight":0.05,"quantileWeight":0.43400000000000005,"consistencyWeight":0,"identityDropoutRate":0.88125}, Scales {"judgeBias":1,"corps":1}, SeqLen 15, ID_Drop 0.887, WFW 1.500 

History Bucket Diagnostics (Avg Abs Error per sample, normalized units):
Hist | Count | MAE_Pred | MAE_Base | PredDevFromBase
-----|-------|----------|----------|----------------
0    | 71    | 0.9517   | 2.2794   | 2.2226 
1    | 31    | 0.5791   | 1.2121   | 1.0901 
2    | 24    | 0.5783   | 1.0693   | 1.0101 
3-5  | 68    | 0.4936   | 0.9838   | 0.9127 
6+   | 208   | 0.3451   | 0.4743   | 0.3731 

Epoch 125: loss = 0.967227 delta_mae_pts = 0.5093 recap_mae_pts = 0.5093 cat_mae_pts = 0.5237 total_mae_pts = 1.1204 vs_inertia_pts = 0.4624 vs_quad_pts = 1.5830 mon_cov = 0.959 mon_score = 5.5784 time = 9926.50 s

Epoch 126: Weights {"totalWeight":0.1,"recapWeight":0.05,"deltaWeight":9.75,"categoryWeight":0.05,"quantileWeight":0.4376,"consistencyWeight":0,"identityDropoutRate":0.8765000000000001}, Scales {"judgeBias":1,"corps":1}, SeqLen 15, ID_Drop 0.877, WFW 1.500 

History Bucket Diagnostics (Avg Abs Error per sample, normalized units):
Hist | Count | MAE_Pred | MAE_Base | PredDevFromBase
-----|-------|----------|----------|----------------
0    | 71    | 0.9033   | 2.2794   | 2.1862 
1    | 31    | 0.5878   | 1.2121   | 1.0162 
2    | 24    | 0.6291   | 1.0693   | 0.9467 
3-5  | 68    | 0.4973   | 0.9838   | 0.8856 
6+   | 208   | 0.3646   | 0.4743   | 0.3882 

Epoch 126: loss = 1.047678 delta_mae_pts = 0.5152 recap_mae_pts = 0.5152 cat_mae_pts = 0.5564 total_mae_pts = 1.2606 vs_inertia_pts = 0.4565 vs_quad_pts = 1.5771 mon_cov = 0.957 mon_score = 5.6628 time = 10024.77 s

Epoch 127: Weights {"totalWeight":0.1,"recapWeight":0.05,"deltaWeight":9.75,"categoryWeight":0.05,"quantileWeight":0.44120000000000004,"consistencyWeight":0,"identityDropoutRate":0.87175}, Scales {"judgeBias":1,"corps":1}, SeqLen 15, ID_Drop 0.875, WFW 1.500 

History Bucket Diagnostics (Avg Abs Error per sample, normalized units):
Hist | Count | MAE_Pred | MAE_Base | PredDevFromBase
-----|-------|----------|----------|----------------
0    | 71    | 0.8872   | 2.2794   | 2.1574 
1    | 31    | 0.5913   | 1.2121   | 1.0400 
2    | 24    | 0.6089   | 1.0693   | 1.0080 
3-5  | 68    | 0.4669   | 0.9838   | 0.9012 
6+   | 208   | 0.3437   | 0.4743   | 0.3919 

Epoch 127: loss = 1.027707 delta_mae_pts = 0.4954 recap_mae_pts = 0.4954 cat_mae_pts = 0.5273 total_mae_pts = 1.1500 vs_inertia_pts = 0.4763 vs_quad_pts = 1.5969 mon_cov = 0.958 mon_score = 5.4630 time = 10125.19 s

Epoch 128: Weights {"totalWeight":0.1,"recapWeight":0.05,"deltaWeight":9.75,"categoryWeight":0.05,"quantileWeight":0.44480000000000003,"consistencyWeight":0,"identityDropoutRate":0.867}, Scales {"judgeBias":1,"corps":1}, SeqLen 15, ID_Drop 0.869, WFW 1.500 

History Bucket Diagnostics (Avg Abs Error per sample, normalized units):
Hist | Count | MAE_Pred | MAE_Base | PredDevFromBase
-----|-------|----------|----------|----------------
0    | 71    | 0.8729   | 2.2794   | 2.1021 
1    | 31    | 0.6340   | 1.2121   | 0.9150 
2    | 24    | 0.6490   | 1.0693   | 0.8338 
3-5  | 68    | 0.4928   | 0.9838   | 0.8336 
6+   | 208   | 0.3460   | 0.4743   | 0.3511 

Epoch 128: loss = 1.031240 delta_mae_pts = 0.5042 recap_mae_pts = 0.5042 cat_mae_pts = 0.5408 total_mae_pts = 1.1939 vs_inertia_pts = 0.4675 vs_quad_pts = 1.5881 mon_cov = 0.956 mon_score = 5.5844 time = 10225.13 s

Epoch 129: Weights {"totalWeight":0.1,"recapWeight":0.05,"deltaWeight":9.75,"categoryWeight":0.05,"quantileWeight":0.4484,"consistencyWeight":0,"identityDropoutRate":0.86225}, Scales {"judgeBias":1,"corps":1}, SeqLen 15, ID_Drop 0.864, WFW 1.500 

History Bucket Diagnostics (Avg Abs Error per sample, normalized units):
Hist | Count | MAE_Pred | MAE_Base | PredDevFromBase
-----|-------|----------|----------|----------------
0    | 71    | 0.9489   | 2.2794   | 2.2725 
1    | 31    | 0.6812   | 1.2121   | 1.2482 
2    | 24    | 0.6213   | 1.0693   | 1.0288 
3-5  | 68    | 0.4921   | 0.9838   | 0.9547 
6+   | 208   | 0.3402   | 0.4743   | 0.4149 

Epoch 129: loss = 1.025887 delta_mae_pts = 0.5165 recap_mae_pts = 0.5165 cat_mae_pts = 0.5458 total_mae_pts = 1.1894 vs_inertia_pts = 0.4553 vs_quad_pts = 1.5758 mon_cov = 0.957 mon_score = 5.6952 time = 10309.89 s

Epoch 130: Weights {"totalWeight":0.1,"recapWeight":0.05,"deltaWeight":9.75,"categoryWeight":0.05,"quantileWeight":0.45200000000000007,"consistencyWeight":0,"identityDropoutRate":0.8575}, Scales {"judgeBias":1,"corps":1}, SeqLen 15, ID_Drop 0.863, WFW 1.500 

History Bucket Diagnostics (Avg Abs Error per sample, normalized units):
Hist | Count | MAE_Pred | MAE_Base | PredDevFromBase
-----|-------|----------|----------|----------------
0    | 71    | 0.9080   | 2.2794   | 2.1900 
1    | 31    | 0.5613   | 1.2121   | 1.0419 
2    | 24    | 0.5438   | 1.0693   | 0.9401 
3-5  | 68    | 0.4632   | 0.9838   | 0.8876 
6+   | 208   | 0.3397   | 0.4743   | 0.3603 

Epoch 130: loss = 1.017533 delta_mae_pts = 0.4902 recap_mae_pts = 0.4902 cat_mae_pts = 0.5135 total_mae_pts = 1.1450 vs_inertia_pts = 0.4815 vs_quad_pts = 1.6021 mon_cov = 0.958 mon_score = 5.4162 time = 10389.98 s
Saved BEST checkpoint @epoch 130 score = 5.4162 -> models\v9_subcaption_fixed\v9fix_w1p0_1770385724733\best 

Epoch 131: Weights {"totalWeight":0.1,"recapWeight":0.05,"deltaWeight":9.75,"categoryWeight":0.05,"quantileWeight":0.4556,"consistencyWeight":0,"identityDropoutRate":0.85275}, Scales {"judgeBias":1,"corps":1}, SeqLen 15, ID_Drop 0.856, WFW 1.500 

History Bucket Diagnostics (Avg Abs Error per sample, normalized units):
Hist | Count | MAE_Pred | MAE_Base | PredDevFromBase
-----|-------|----------|----------|----------------
0    | 71    | 0.8947   | 2.2794   | 2.1955 
1    | 31    | 0.5388   | 1.2121   | 1.1400 
2    | 24    | 0.5307   | 1.0693   | 1.0309 
3-5  | 68    | 0.4680   | 0.9838   | 0.9405 
6+   | 208   | 0.3509   | 0.4743   | 0.3912 

Epoch 131: loss = 1.012598 delta_mae_pts = 0.4920 recap_mae_pts = 0.4920 cat_mae_pts = 0.5027 total_mae_pts = 1.0908 vs_inertia_pts = 0.4797 vs_quad_pts = 1.6003 mon_cov = 0.960 mon_score = 5.4158 time = 10484.76 s
Saved BEST checkpoint @epoch 131 score = 5.4158 -> models\v9_subcaption_fixed\v9fix_w1p0_1770385724733\best 

Epoch 132: Weights {"totalWeight":0.1,"recapWeight":0.05,"deltaWeight":9.75,"categoryWeight":0.05,"quantileWeight":0.4592,"consistencyWeight":0,"identityDropoutRate":0.848}, Scales {"judgeBias":1,"corps":1}, SeqLen 15, ID_Drop 0.858, WFW 1.500 

History Bucket Diagnostics (Avg Abs Error per sample, normalized units):
Hist | Count | MAE_Pred | MAE_Base | PredDevFromBase
-----|-------|----------|----------|----------------
0    | 71    | 0.9035   | 2.2794   | 2.2489 
1    | 31    | 0.5518   | 1.2121   | 1.0804 
2    | 24    | 0.5721   | 1.0693   | 0.9491 
3-5  | 68    | 0.4664   | 0.9838   | 0.9282 
6+   | 208   | 0.3319   | 0.4743   | 0.3733 

Epoch 132: loss = 1.009702 delta_mae_pts = 0.4869 recap_mae_pts = 0.4869 cat_mae_pts = 0.4979 total_mae_pts = 1.1027 vs_inertia_pts = 0.4848 vs_quad_pts = 1.6054 mon_cov = 0.961 mon_score = 5.3690 time = 10578.55 s
Saved BEST checkpoint @epoch 132 score = 5.3690 -> models\v9_subcaption_fixed\v9fix_w1p0_1770385724733\best 

Epoch 133: Weights {"totalWeight":0.1,"recapWeight":0.05,"deltaWeight":9.75,"categoryWeight":0.05,"quantileWeight":0.4628,"consistencyWeight":0,"identityDropoutRate":0.84325}, Scales {"judgeBias":1,"corps":1}, SeqLen 15, ID_Drop 0.849, WFW 1.500 

History Bucket Diagnostics (Avg Abs Error per sample, normalized units):
Hist | Count | MAE_Pred | MAE_Base | PredDevFromBase
-----|-------|----------|----------|----------------
0    | 71    | 0.8803   | 2.2794   | 2.1470 
1    | 31    | 0.5690   | 1.2121   | 1.0288 
2    | 24    | 0.5739   | 1.0693   | 0.9360 
3-5  | 68    | 0.4683   | 0.9838   | 0.9141 
6+   | 208   | 0.3394   | 0.4743   | 0.3915 

Epoch 133: loss = 0.958883 delta_mae_pts = 0.4884 recap_mae_pts = 0.4884 cat_mae_pts = 0.4986 total_mae_pts = 1.0908 vs_inertia_pts = 0.4833 vs_quad_pts = 1.6039 mon_cov = 0.964 mon_score = 5.3720 time = 10669.12 s

Epoch 134: Weights {"totalWeight":0.1,"recapWeight":0.05,"deltaWeight":9.75,"categoryWeight":0.05,"quantileWeight":0.4664,"consistencyWeight":0,"identityDropoutRate":0.8385}, Scales {"judgeBias":1,"corps":1}, SeqLen 15, ID_Drop 0.843, WFW 1.500 

History Bucket Diagnostics (Avg Abs Error per sample, normalized units):
Hist | Count | MAE_Pred | MAE_Base | PredDevFromBase
-----|-------|----------|----------|----------------
0    | 71    | 0.8870   | 2.2794   | 2.0924 
1    | 31    | 0.5409   | 1.2121   | 1.0252 
2    | 24    | 0.5835   | 1.0693   | 1.0008 
3-5  | 68    | 0.4854   | 0.9838   | 0.9143 
6+   | 208   | 0.3459   | 0.4743   | 0.3709 

Epoch 134: loss = 0.884467 delta_mae_pts = 0.4943 recap_mae_pts = 0.4943 cat_mae_pts = 0.5092 total_mae_pts = 1.1410 vs_inertia_pts = 0.4774 vs_quad_pts = 1.5980 mon_cov = 0.960 mon_score = 5.4595 time = 10761.56 s

Epoch 135: Weights {"totalWeight":0.1,"recapWeight":0.05,"deltaWeight":9.75,"categoryWeight":0.05,"quantileWeight":0.47000000000000003,"consistencyWeight":0,"identityDropoutRate":0.83375}, Scales {"judgeBias":1,"corps":1}, SeqLen 15, ID_Drop 0.831, WFW 1.500 

History Bucket Diagnostics (Avg Abs Error per sample, normalized units):
Hist | Count | MAE_Pred | MAE_Base | PredDevFromBase
-----|-------|----------|----------|----------------
0    | 71    | 0.8761   | 2.2794   | 2.1568 
1    | 31    | 0.5597   | 1.2121   | 1.0489 
2    | 24    | 0.5319   | 1.0693   | 0.9579 
3-5  | 68    | 0.4612   | 0.9838   | 0.9110 
6+   | 208   | 0.3411   | 0.4743   | 0.3566 

Epoch 135: loss = 0.887048 delta_mae_pts = 0.4841 recap_mae_pts = 0.4841 cat_mae_pts = 0.5014 total_mae_pts = 1.0576 vs_inertia_pts = 0.4876 vs_quad_pts = 1.6081 mon_cov = 0.961 mon_score = 5.3357 time = 10853.21 s
Saved BEST checkpoint @epoch 135 score = 5.3357 -> models\v9_subcaption_fixed\v9fix_w1p0_1770385724733\best 

Epoch 136: Weights {"totalWeight":0.1,"recapWeight":0.05,"deltaWeight":9.75,"categoryWeight":0.05,"quantileWeight":0.4736,"consistencyWeight":0,"identityDropoutRate":0.829}, Scales {"judgeBias":1,"corps":1}, SeqLen 15, ID_Drop 0.836, WFW 1.500 

History Bucket Diagnostics (Avg Abs Error per sample, normalized units):
Hist | Count | MAE_Pred | MAE_Base | PredDevFromBase
-----|-------|----------|----------|----------------
0    | 71    | 0.9129   | 2.2794   | 2.2637 
1    | 31    | 0.5048   | 1.2121   | 1.1038 
2    | 24    | 0.5790   | 1.0693   | 0.9626 
3-5  | 68    | 0.4359   | 0.9838   | 0.9086 
6+   | 208   | 0.3378   | 0.4743   | 0.3700 

Epoch 136: loss = 0.961138 delta_mae_pts = 0.4832 recap_mae_pts = 0.4832 cat_mae_pts = 0.5113 total_mae_pts = 1.1268 vs_inertia_pts = 0.4885 vs_quad_pts = 1.6090 mon_cov = 0.961 mon_score = 5.3407 time = 10944.74 s

Epoch 137: Weights {"totalWeight":0.1,"recapWeight":0.05,"deltaWeight":9.75,"categoryWeight":0.05,"quantileWeight":0.4772,"consistencyWeight":0,"identityDropoutRate":0.82425}, Scales {"judgeBias":1,"corps":1}, SeqLen 15, ID_Drop 0.829, WFW 1.500 

History Bucket Diagnostics (Avg Abs Error per sample, normalized units):
Hist | Count | MAE_Pred | MAE_Base | PredDevFromBase
-----|-------|----------|----------|----------------
0    | 71    | 0.8734   | 2.2794   | 2.2465 
1    | 31    | 0.4891   | 1.2121   | 1.0280 
2    | 24    | 0.5492   | 1.0693   | 0.9307 
3-5  | 68    | 0.4404   | 0.9838   | 0.8838 
6+   | 208   | 0.3388   | 0.4743   | 0.3853 

Epoch 137: loss = 0.970504 delta_mae_pts = 0.4745 recap_mae_pts = 0.4745 cat_mae_pts = 0.4935 total_mae_pts = 1.0536 vs_inertia_pts = 0.4972 vs_quad_pts = 1.6177 mon_cov = 0.962 mon_score = 5.2336 time = 11036.58 s
Saved BEST checkpoint @epoch 137 score = 5.2336 -> models\v9_subcaption_fixed\v9fix_w1p0_1770385724733\best 

Epoch 138: Weights {"totalWeight":0.1,"recapWeight":0.05,"deltaWeight":9.75,"categoryWeight":0.05,"quantileWeight":0.4808,"consistencyWeight":0,"identityDropoutRate":0.8195}, Scales {"judgeBias":1,"corps":1}, SeqLen 15, ID_Drop 0.818, WFW 1.500 

History Bucket Diagnostics (Avg Abs Error per sample, normalized units):
Hist | Count | MAE_Pred | MAE_Base | PredDevFromBase
-----|-------|----------|----------|----------------
0    | 71    | 0.8571   | 2.2794   | 2.1325 
1    | 31    | 0.5445   | 1.2121   | 1.0563 
2    | 24    | 0.5950   | 1.0693   | 0.9191 
3-5  | 68    | 0.4516   | 0.9838   | 0.8854 
6+   | 208   | 0.3384   | 0.4743   | 0.3608 

Epoch 138: loss = 0.946375 delta_mae_pts = 0.4804 recap_mae_pts = 0.4804 cat_mae_pts = 0.5047 total_mae_pts = 1.0717 vs_inertia_pts = 0.4913 vs_quad_pts = 1.6119 mon_cov = 0.960 mon_score = 5.3237 time = 11129.28 s

Epoch 139: Weights {"totalWeight":0.1,"recapWeight":0.05,"deltaWeight":9.75,"categoryWeight":0.05,"quantileWeight":0.4844,"consistencyWeight":0,"identityDropoutRate":0.81475}, Scales {"judgeBias":1,"corps":1}, SeqLen 15, ID_Drop 0.807, WFW 1.500 

History Bucket Diagnostics (Avg Abs Error per sample, normalized units):
Hist | Count | MAE_Pred | MAE_Base | PredDevFromBase
-----|-------|----------|----------|----------------
0    | 71    | 0.8508   | 2.2794   | 2.1150 
1    | 31    | 0.5350   | 1.2121   | 1.0338 
2    | 24    | 0.5717   | 1.0693   | 0.9238 
3-5  | 68    | 0.4560   | 0.9838   | 0.8666 
6+   | 208   | 0.3401   | 0.4743   | 0.3577 

Epoch 139: loss = 0.922298 delta_mae_pts = 0.4788 recap_mae_pts = 0.4788 cat_mae_pts = 0.5026 total_mae_pts = 1.0952 vs_inertia_pts = 0.4929 vs_quad_pts = 1.6135 mon_cov = 0.959 mon_score = 5.2989 time = 11221.69 s

Epoch 140: Weights {"totalWeight":0.1,"recapWeight":0.05,"deltaWeight":9.75,"categoryWeight":0.05,"quantileWeight":0.48800000000000004,"consistencyWeight":0,"identityDropoutRate":0.81}, Scales {"judgeBias":1,"corps":1}, SeqLen 15, ID_Drop 0.811, WFW 1.500 

History Bucket Diagnostics (Avg Abs Error per sample, normalized units):
Hist | Count | MAE_Pred | MAE_Base | PredDevFromBase
-----|-------|----------|----------|----------------
0    | 71    | 0.8740   | 2.2794   | 2.2030 
1    | 31    | 0.5439   | 1.2121   | 1.0348 
2    | 24    | 0.5331   | 1.0693   | 0.9114 
3-5  | 68    | 0.4643   | 0.9838   | 0.8887 
6+   | 208   | 0.3409   | 0.4743   | 0.3641 

Epoch 140: loss = 0.921527 delta_mae_pts = 0.4831 recap_mae_pts = 0.4831 cat_mae_pts = 0.5062 total_mae_pts = 1.1291 vs_inertia_pts = 0.4887 vs_quad_pts = 1.6092 mon_cov = 0.957 mon_score = 5.3411 time = 11313.25 s

Epoch 141: Weights {"totalWeight":0.1,"recapWeight":0.05,"deltaWeight":9.75,"categoryWeight":0.05,"quantileWeight":0.49160000000000004,"consistencyWeight":0,"identityDropoutRate":0.80525}, Scales {"judgeBias":1,"corps":1}, SeqLen 15, ID_Drop 0.805, WFW 1.500 

History Bucket Diagnostics (Avg Abs Error per sample, normalized units):
Hist | Count | MAE_Pred | MAE_Base | PredDevFromBase
-----|-------|----------|----------|----------------
0    | 71    | 0.8333   | 2.2794   | 2.1692 
1    | 31    | 0.5388   | 1.2121   | 1.0925 
2    | 24    | 0.5750   | 1.0693   | 0.8952 
3-5  | 68    | 0.4720   | 0.9838   | 0.8892 
6+   | 208   | 0.3518   | 0.4743   | 0.3665 

Epoch 141: loss = 0.933385 delta_mae_pts = 0.4849 recap_mae_pts = 0.4849 cat_mae_pts = 0.5349 total_mae_pts = 1.1594 vs_inertia_pts = 0.4868 vs_quad_pts = 1.6074 mon_cov = 0.958 mon_score = 5.3905 time = 11405.95 s

Epoch 142: Weights {"totalWeight":0.1,"recapWeight":0.05,"deltaWeight":9.75,"categoryWeight":0.05,"quantileWeight":0.49520000000000003,"consistencyWeight":0,"identityDropoutRate":0.8005}, Scales {"judgeBias":1,"corps":1}, SeqLen 15, ID_Drop 0.793, WFW 1.500 

History Bucket Diagnostics (Avg Abs Error per sample, normalized units):
Hist | Count | MAE_Pred | MAE_Base | PredDevFromBase
-----|-------|----------|----------|----------------
0    | 71    | 0.8359   | 2.2794   | 2.1170 
1    | 31    | 0.5017   | 1.2121   | 1.0751 
2    | 24    | 0.5938   | 1.0693   | 0.9338 
3-5  | 68    | 0.4632   | 0.9838   | 0.8687 
6+   | 208   | 0.3220   | 0.4743   | 0.3717 

Epoch 142: loss = 0.936941 delta_mae_pts = 0.4668 recap_mae_pts = 0.4668 cat_mae_pts = 0.4904 total_mae_pts = 1.0370 vs_inertia_pts = 0.5050 vs_quad_pts = 1.6255 mon_cov = 0.965 mon_score = 5.1790 time = 11499.60 s
Saved BEST checkpoint @epoch 142 score = 5.1790 -> models\v9_subcaption_fixed\v9fix_w1p0_1770385724733\best 

Epoch 143: Weights {"totalWeight":0.1,"recapWeight":0.05,"deltaWeight":9.75,"categoryWeight":0.05,"quantileWeight":0.4988,"consistencyWeight":0,"identityDropoutRate":0.79575}, Scales {"judgeBias":1,"corps":1}, SeqLen 15, ID_Drop 0.800, WFW 1.500 

History Bucket Diagnostics (Avg Abs Error per sample, normalized units):
Hist | Count | MAE_Pred | MAE_Base | PredDevFromBase
-----|-------|----------|----------|----------------
0    | 71    | 0.8401   | 2.2794   | 2.1446 
1    | 31    | 0.5235   | 1.2121   | 1.0938 
2    | 24    | 0.5755   | 1.0693   | 0.9727 
3-5  | 68    | 0.4741   | 0.9838   | 0.9138 
6+   | 208   | 0.3448   | 0.4743   | 0.3853 

Epoch 143: loss = 0.904061 delta_mae_pts = 0.4817 recap_mae_pts = 0.4817 cat_mae_pts = 0.5030 total_mae_pts = 1.0945 vs_inertia_pts = 0.4900 vs_quad_pts = 1.6106 mon_cov = 0.961 mon_score = 5.3362 time = 11590.54 s

Epoch 144: Weights {"totalWeight":0.1,"recapWeight":0.05,"deltaWeight":9.75,"categoryWeight":0.05,"quantileWeight":0.5024,"consistencyWeight":0,"identityDropoutRate":0.791}, Scales {"judgeBias":1,"corps":1}, SeqLen 15, ID_Drop 0.787, WFW 1.500 

History Bucket Diagnostics (Avg Abs Error per sample, normalized units):
Hist | Count | MAE_Pred | MAE_Base | PredDevFromBase
-----|-------|----------|----------|----------------
0    | 71    | 0.8622   | 2.2794   | 2.0707 
1    | 31    | 0.5177   | 1.2121   | 1.0930 
2    | 24    | 0.6199   | 1.0693   | 0.9054 
3-5  | 68    | 0.4294   | 0.9838   | 0.9390 
6+   | 208   | 0.3359   | 0.4743   | 0.4026 

Epoch 144: loss = 0.908710 delta_mae_pts = 0.4757 recap_mae_pts = 0.4757 cat_mae_pts = 0.4966 total_mae_pts = 1.1028 vs_inertia_pts = 0.4960 vs_quad_pts = 1.6166 mon_cov = 0.958 mon_score = 5.2398 time = 11684.44 s

Epoch 145: Weights {"totalWeight":0.1,"recapWeight":0.05,"deltaWeight":9.75,"categoryWeight":0.05,"quantileWeight":0.506,"consistencyWeight":0,"identityDropoutRate":0.78625}, Scales {"judgeBias":1,"corps":1}, SeqLen 15, ID_Drop 0.792, WFW 1.500 

History Bucket Diagnostics (Avg Abs Error per sample, normalized units):
Hist | Count | MAE_Pred | MAE_Base | PredDevFromBase
-----|-------|----------|----------|----------------
0    | 71    | 0.8723   | 2.2794   | 2.0804 
1    | 31    | 0.5299   | 1.2121   | 1.0373 
2    | 24    | 0.6181   | 1.0693   | 0.9476 
3-5  | 68    | 0.4643   | 0.9838   | 0.9219 
6+   | 208   | 0.3438   | 0.4743   | 0.4075 

Epoch 145: loss = 0.869650 delta_mae_pts = 0.4883 recap_mae_pts = 0.4883 cat_mae_pts = 0.5170 total_mae_pts = 1.1551 vs_inertia_pts = 0.4835 vs_quad_pts = 1.6040 mon_cov = 0.963 mon_score = 5.4165 time = 11776.13 s

Epoch 146: Weights {"totalWeight":0.1,"recapWeight":0.05,"deltaWeight":9.75,"categoryWeight":0.05,"quantileWeight":0.5096,"consistencyWeight":0,"identityDropoutRate":0.7815}, Scales {"judgeBias":1,"corps":1}, SeqLen 15, ID_Drop 0.782, WFW 1.500 

History Bucket Diagnostics (Avg Abs Error per sample, normalized units):
Hist | Count | MAE_Pred | MAE_Base | PredDevFromBase
-----|-------|----------|----------|----------------
0    | 71    | 0.8565   | 2.2794   | 2.1423 
1    | 31    | 0.5565   | 1.2121   | 1.0869 
2    | 24    | 0.5838   | 1.0693   | 0.9323 
3-5  | 68    | 0.4670   | 0.9838   | 0.8992 
6+   | 208   | 0.3441   | 0.4743   | 0.3825 

Epoch 146: loss = 0.871318 delta_mae_pts = 0.4861 recap_mae_pts = 0.4861 cat_mae_pts = 0.5170 total_mae_pts = 1.1267 vs_inertia_pts = 0.4856 vs_quad_pts = 1.6062 mon_cov = 0.959 mon_score = 5.3775 time = 11873.99 s

Epoch 147: Weights {"totalWeight":0.1,"recapWeight":0.05,"deltaWeight":9.75,"categoryWeight":0.05,"quantileWeight":0.5132,"consistencyWeight":0,"identityDropoutRate":0.77675}, Scales {"judgeBias":1,"corps":1}, SeqLen 15, ID_Drop 0.782, WFW 1.500 

History Bucket Diagnostics (Avg Abs Error per sample, normalized units):
Hist | Count | MAE_Pred | MAE_Base | PredDevFromBase
-----|-------|----------|----------|----------------
0    | 71    | 0.8665   | 2.2794   | 2.1741 
1    | 31    | 0.5287   | 1.2121   | 1.1540 
2    | 24    | 0.5416   | 1.0693   | 0.9556 
3-5  | 68    | 0.4532   | 0.9838   | 0.8946 
6+   | 208   | 0.3395   | 0.4743   | 0.3873 

Epoch 147: loss = 0.967994 delta_mae_pts = 0.4785 recap_mae_pts = 0.4785 cat_mae_pts = 0.4984 total_mae_pts = 1.0924 vs_inertia_pts = 0.4933 vs_quad_pts = 1.6138 mon_cov = 0.964 mon_score = 5.3141 time = 11967.05 s

Epoch 148: Weights {"totalWeight":0.1,"recapWeight":0.05,"deltaWeight":9.75,"categoryWeight":0.05,"quantileWeight":0.5167999999999999,"consistencyWeight":0,"identityDropoutRate":0.772}, Scales {"judgeBias":1,"corps":1}, SeqLen 15, ID_Drop 0.783, WFW 1.500 

History Bucket Diagnostics (Avg Abs Error per sample, normalized units):
Hist | Count | MAE_Pred | MAE_Base | PredDevFromBase
-----|-------|----------|----------|----------------
0    | 71    | 0.8689   | 2.2794   | 2.1197 
1    | 31    | 0.5298   | 1.2121   | 1.1113 
2    | 24    | 0.6421   | 1.0693   | 0.9633 
3-5  | 68    | 0.4722   | 0.9838   | 0.9199 
6+   | 208   | 0.3435   | 0.4743   | 0.3909 

Epoch 148: loss = 0.898666 delta_mae_pts = 0.4903 recap_mae_pts = 0.4903 cat_mae_pts = 0.5115 total_mae_pts = 1.1094 vs_inertia_pts = 0.4815 vs_quad_pts = 1.6020 mon_cov = 0.956 mon_score = 5.4035 time = 12036.16 s

Epoch 149: Weights {"totalWeight":0.1,"recapWeight":0.05,"deltaWeight":9.75,"categoryWeight":0.05,"quantileWeight":0.5204,"consistencyWeight":0,"identityDropoutRate":0.76725}, Scales {"judgeBias":1,"corps":1}, SeqLen 15, ID_Drop 0.769, WFW 1.500 

History Bucket Diagnostics (Avg Abs Error per sample, normalized units):
Hist | Count | MAE_Pred | MAE_Base | PredDevFromBase
-----|-------|----------|----------|----------------
0    | 71    | 0.8655   | 2.2794   | 2.1538 
1    | 31    | 0.5432   | 1.2121   | 1.0933 
2    | 24    | 0.5697   | 1.0693   | 0.9241 
3-5  | 68    | 0.4574   | 0.9838   | 0.8841 
6+   | 208   | 0.3286   | 0.4743   | 0.3930 

Epoch 149: loss = 0.910294 delta_mae_pts = 0.4762 recap_mae_pts = 0.4762 cat_mae_pts = 0.4934 total_mae_pts = 1.0644 vs_inertia_pts = 0.4955 vs_quad_pts = 1.6161 mon_cov = 0.960 mon_score = 5.2884 time = 12124.14 s

Epoch 150: Weights {"totalWeight":0.1,"recapWeight":0.05,"deltaWeight":9.75,"categoryWeight":0.05,"quantileWeight":0.524,"consistencyWeight":0,"identityDropoutRate":0.7625}, Scales {"judgeBias":1,"corps":1}, SeqLen 15, ID_Drop 0.771, WFW 1.500 

History Bucket Diagnostics (Avg Abs Error per sample, normalized units):
Hist | Count | MAE_Pred | MAE_Base | PredDevFromBase
-----|-------|----------|----------|----------------
0    | 71    | 0.8955   | 2.2794   | 2.1517 
1    | 31    | 0.5435   | 1.2121   | 1.1196 
2    | 24    | 0.5428   | 1.0693   | 0.9935 
3-5  | 68    | 0.4648   | 0.9838   | 0.9189 
6+   | 208   | 0.3366   | 0.4743   | 0.3888 

Epoch 150: loss = 0.925054 delta_mae_pts = 0.4853 recap_mae_pts = 0.4853 cat_mae_pts = 0.4942 total_mae_pts = 1.0878 vs_inertia_pts = 0.4864 vs_quad_pts = 1.6070 mon_cov = 0.964 mon_score = 5.3547 time = 12229.57 s

-- - CAPTION STATS(Epoch 150)-- - 
GE1: delta_pts = 0.3233, recap_pts = 0.3233, cov = 0.958, width = 1.9763 
GE2: delta_pts = 0.3355, recap_pts = 0.3355, cov = 0.960, width = 2.0160 
VP: delta_pts = 0.4226, recap_pts = 0.4226, cov = 0.983, width = 3.7392 
VA: delta_pts = 0.3969, recap_pts = 0.3969, cov = 0.938, width = 2.0586 
CG: delta_pts = 0.5231, recap_pts = 0.5231, cov = 0.965, width = 3.8143 
MB: delta_pts = 0.7055, recap_pts = 0.7055, cov = 0.980, width = 5.5681 
MA: delta_pts = 0.3591, recap_pts = 0.3591, cov = 0.958, width = 2.1313 
MP: delta_pts = 0.8162, recap_pts = 0.8162, cov = 0.970, width = 6.1438 
----------------------------------


Epoch 151: Weights {"totalWeight":0.1,"recapWeight":0.05,"deltaWeight":9.75,"categoryWeight":0.05,"quantileWeight":0.5276000000000001,"consistencyWeight":0,"identityDropoutRate":0.75775}, Scales {"judgeBias":1,"corps":1}, SeqLen 15, ID_Drop 0.768, WFW 1.500 

History Bucket Diagnostics (Avg Abs Error per sample, normalized units):
Hist | Count | MAE_Pred | MAE_Base | PredDevFromBase
-----|-------|----------|----------|----------------
0    | 71    | 0.9460   | 2.2794   | 2.1948 
1    | 31    | 0.5009   | 1.2121   | 1.1045 
2    | 24    | 0.5840   | 1.0693   | 1.0327 
3-5  | 68    | 0.4462   | 0.9838   | 0.9391 
6+   | 208   | 0.3315   | 0.4743   | 0.4232 

Epoch 151: loss = 0.865213 delta_mae_pts = 0.4876 recap_mae_pts = 0.4876 cat_mae_pts = 0.4976 total_mae_pts = 1.1007 vs_inertia_pts = 0.4841 vs_quad_pts = 1.6047 mon_cov = 0.962 mon_score = 5.3881 time = 12356.40 s

Epoch 152: Weights {"totalWeight":0.1,"recapWeight":0.05,"deltaWeight":9.75,"categoryWeight":0.05,"quantileWeight":0.5312,"consistencyWeight":0,"identityDropoutRate":0.753}, Scales {"judgeBias":1,"corps":1}, SeqLen 15, ID_Drop 0.763, WFW 1.500 

History Bucket Diagnostics (Avg Abs Error per sample, normalized units):
Hist | Count | MAE_Pred | MAE_Base | PredDevFromBase
-----|-------|----------|----------|----------------
0    | 71    | 0.9138   | 2.2794   | 2.2215 
1    | 31    | 0.5101   | 1.2121   | 1.0979 
2    | 24    | 0.6067   | 1.0693   | 0.9170 
3-5  | 68    | 0.4470   | 0.9838   | 0.8544 
6+   | 208   | 0.3343   | 0.4743   | 0.3973 

Epoch 152: loss = 0.849756 delta_mae_pts = 0.4855 recap_mae_pts = 0.4855 cat_mae_pts = 0.4875 total_mae_pts = 1.0679 vs_inertia_pts = 0.4862 vs_quad_pts = 1.6068 mon_cov = 0.963 mon_score = 5.3786 time = 12482.68 s

Epoch 153: Weights {"totalWeight":0.1,"recapWeight":0.05,"deltaWeight":9.75,"categoryWeight":0.05,"quantileWeight":0.5347999999999999,"consistencyWeight":0,"identityDropoutRate":0.7482500000000001}, Scales {"judgeBias":1,"corps":1}, SeqLen 15, ID_Drop 0.756, WFW 1.500 

History Bucket Diagnostics (Avg Abs Error per sample, normalized units):
Hist | Count | MAE_Pred | MAE_Base | PredDevFromBase
-----|-------|----------|----------|----------------
0    | 71    | 0.9276   | 2.2794   | 2.2071 
1    | 31    | 0.5475   | 1.2121   | 1.0409 
2    | 24    | 0.5422   | 1.0693   | 0.9357 
3-5  | 68    | 0.4623   | 0.9838   | 0.8528 
6+   | 208   | 0.3370   | 0.4743   | 0.3593 

Epoch 153: loss = 0.930838 delta_mae_pts = 0.4910 recap_mae_pts = 0.4910 cat_mae_pts = 0.5179 total_mae_pts = 1.1558 vs_inertia_pts = 0.4807 vs_quad_pts = 1.6013 mon_cov = 0.963 mon_score = 5.4614 time = 12610.82 s

Epoch 154: Weights {"totalWeight":0.1,"recapWeight":0.05,"deltaWeight":9.75,"categoryWeight":0.05,"quantileWeight":0.5384,"consistencyWeight":0,"identityDropoutRate":0.7435}, Scales {"judgeBias":1,"corps":1}, SeqLen 15, ID_Drop 0.753, WFW 1.500 

History Bucket Diagnostics (Avg Abs Error per sample, normalized units):
Hist | Count | MAE_Pred | MAE_Base | PredDevFromBase
-----|-------|----------|----------|----------------
0    | 71    | 0.9445   | 2.2794   | 2.1824 
1    | 31    | 0.5526   | 1.2121   | 1.1097 
2    | 24    | 0.5846   | 1.0693   | 0.9884 
3-5  | 68    | 0.4726   | 0.9838   | 0.9086 
6+   | 208   | 0.3341   | 0.4743   | 0.4255 

Epoch 154: loss = 0.945563 delta_mae_pts = 0.4972 recap_mae_pts = 0.4972 cat_mae_pts = 0.5237 total_mae_pts = 1.1755 vs_inertia_pts = 0.4746 vs_quad_pts = 1.5951 mon_cov = 0.962 mon_score = 5.5069 time = 12737.53 s

Epoch 155: Weights {"totalWeight":0.1,"recapWeight":0.05,"deltaWeight":9.75,"categoryWeight":0.05,"quantileWeight":0.542,"consistencyWeight":0,"identityDropoutRate":0.73875}, Scales {"judgeBias":1,"corps":1}, SeqLen 15, ID_Drop 0.735, WFW 1.500 

History Bucket Diagnostics (Avg Abs Error per sample, normalized units):
Hist | Count | MAE_Pred | MAE_Base | PredDevFromBase
-----|-------|----------|----------|----------------
0    | 71    | 0.9768   | 2.2794   | 2.2629 
1    | 31    | 0.5086   | 1.2121   | 1.0947 
2    | 24    | 0.5905   | 1.0693   | 0.9660 
3-5  | 68    | 0.4589   | 0.9838   | 0.9084 
6+   | 208   | 0.3305   | 0.4743   | 0.3932 

Epoch 155: loss = 0.916335 delta_mae_pts = 0.4956 recap_mae_pts = 0.4956 cat_mae_pts = 0.5174 total_mae_pts = 1.1071 vs_inertia_pts = 0.4761 vs_quad_pts = 1.5967 mon_cov = 0.965 mon_score = 5.4708 time = 12860.36 s

Epoch 156: Weights {"totalWeight":0.1,"recapWeight":0.05,"deltaWeight":9.75,"categoryWeight":0.05,"quantileWeight":0.5456000000000001,"consistencyWeight":0,"identityDropoutRate":0.734}, Scales {"judgeBias":1,"corps":1}, SeqLen 15, ID_Drop 0.740, WFW 1.500 

History Bucket Diagnostics (Avg Abs Error per sample, normalized units):
Hist | Count | MAE_Pred | MAE_Base | PredDevFromBase
-----|-------|----------|----------|----------------
0    | 71    | 0.9542   | 2.2794   | 2.1712 
1    | 31    | 0.5410   | 1.2121   | 1.0048 
2    | 24    | 0.5876   | 1.0693   | 0.8891 
3-5  | 68    | 0.4558   | 0.9838   | 0.8764 
6+   | 208   | 0.3255   | 0.4743   | 0.3823 

Epoch 156: loss = 0.907341 delta_mae_pts = 0.4908 recap_mae_pts = 0.4908 cat_mae_pts = 0.5100 total_mae_pts = 1.1218 vs_inertia_pts = 0.4809 vs_quad_pts = 1.6015 mon_cov = 0.956 mon_score = 5.3946 time = 12982.00 s

Epoch 157: Weights {"totalWeight":0.1,"recapWeight":0.05,"deltaWeight":9.75,"categoryWeight":0.05,"quantileWeight":0.5492,"consistencyWeight":0,"identityDropoutRate":0.72925}, Scales {"judgeBias":1,"corps":1}, SeqLen 15, ID_Drop 0.740, WFW 1.500 

History Bucket Diagnostics (Avg Abs Error per sample, normalized units):
Hist | Count | MAE_Pred | MAE_Base | PredDevFromBase
-----|-------|----------|----------|----------------
0    | 71    | 0.9350   | 2.2794   | 2.1883 
1    | 31    | 0.5641   | 1.2121   | 1.0857 
2    | 24    | 0.5871   | 1.0693   | 1.0966 
3-5  | 68    | 0.4821   | 0.9838   | 0.9498 
6+   | 208   | 0.3219   | 0.4743   | 0.4046 

Epoch 157: loss = 0.899073 delta_mae_pts = 0.4918 recap_mae_pts = 0.4918 cat_mae_pts = 0.5129 total_mae_pts = 1.1425 vs_inertia_pts = 0.4799 vs_quad_pts = 1.6005 mon_cov = 0.960 mon_score = 5.4207 time = 13108.57 s

Epoch 158: Weights {"totalWeight":0.1,"recapWeight":0.05,"deltaWeight":9.75,"categoryWeight":0.05,"quantileWeight":0.5528,"consistencyWeight":0,"identityDropoutRate":0.7245}, Scales {"judgeBias":1,"corps":1}, SeqLen 15, ID_Drop 0.729, WFW 1.500 

History Bucket Diagnostics (Avg Abs Error per sample, normalized units):
Hist | Count | MAE_Pred | MAE_Base | PredDevFromBase
-----|-------|----------|----------|----------------
0    | 71    | 0.9960   | 2.2794   | 2.3169 
1    | 31    | 0.5158   | 1.2121   | 1.1306 
2    | 24    | 0.5658   | 1.0693   | 0.9956 
3-5  | 68    | 0.4720   | 0.9838   | 0.8762 
6+   | 208   | 0.3416   | 0.4743   | 0.3795 

Epoch 158: loss = 0.836198 delta_mae_pts = 0.5060 recap_mae_pts = 0.5060 cat_mae_pts = 0.5219 total_mae_pts = 1.1619 vs_inertia_pts = 0.4657 vs_quad_pts = 1.5863 mon_cov = 0.959 mon_score = 5.5933 time = 13232.79 s

Epoch 159: Weights {"totalWeight":0.1,"recapWeight":0.05,"deltaWeight":9.75,"categoryWeight":0.05,"quantileWeight":0.5564,"consistencyWeight":0,"identityDropoutRate":0.71975}, Scales {"judgeBias":1,"corps":1}, SeqLen 15, ID_Drop 0.734, WFW 1.500 

History Bucket Diagnostics (Avg Abs Error per sample, normalized units):
Hist | Count | MAE_Pred | MAE_Base | PredDevFromBase
-----|-------|----------|----------|----------------
0    | 71    | 0.9695   | 2.2794   | 2.2772 
1    | 31    | 0.5205   | 1.2121   | 1.0941 
2    | 24    | 0.6003   | 1.0693   | 0.9613 
3-5  | 68    | 0.4449   | 0.9838   | 0.8933 
6+   | 208   | 0.3359   | 0.4743   | 0.3917 

Epoch 159: loss = 0.867155 delta_mae_pts = 0.4962 recap_mae_pts = 0.4962 cat_mae_pts = 0.5007 total_mae_pts = 1.0831 vs_inertia_pts = 0.4755 vs_quad_pts = 1.5960 mon_cov = 0.960 mon_score = 5.4385 time = 13354.91 s

Epoch 160: Weights {"totalWeight":0.1,"recapWeight":0.05,"deltaWeight":9.75,"categoryWeight":0.05,"quantileWeight":0.56,"consistencyWeight":0,"identityDropoutRate":0.7150000000000001}, Scales {"judgeBias":1,"corps":1}, SeqLen 15, ID_Drop 0.718, WFW 1.500 

History Bucket Diagnostics (Avg Abs Error per sample, normalized units):
Hist | Count | MAE_Pred | MAE_Base | PredDevFromBase
-----|-------|----------|----------|----------------
0    | 71    | 0.9020   | 2.2794   | 2.2325 
1    | 31    | 0.4946   | 1.2121   | 1.1182 
2    | 24    | 0.5389   | 1.0693   | 1.0008 
3-5  | 68    | 0.4564   | 0.9838   | 0.9036 
6+   | 208   | 0.3268   | 0.4743   | 0.4012 

Epoch 160: loss = 0.922851 delta_mae_pts = 0.4759 recap_mae_pts = 0.4759 cat_mae_pts = 0.4793 total_mae_pts = 1.0307 vs_inertia_pts = 0.4958 vs_quad_pts = 1.6164 mon_cov = 0.961 mon_score = 5.2688 time = 13481.97 s

--- NO IMPROVEMENT FOR 18 EPOCHS: Reducing LR to 0.000047 ---

Epoch 161: Weights {"totalWeight":0.1,"recapWeight":0.05,"deltaWeight":9.75,"categoryWeight":0.05,"quantileWeight":0.5636000000000001,"consistencyWeight":0,"identityDropoutRate":0.71025}, Scales {"judgeBias":1,"corps":1}, SeqLen 15, ID_Drop 0.715, WFW 1.500 

History Bucket Diagnostics (Avg Abs Error per sample, normalized units):
Hist | Count | MAE_Pred | MAE_Base | PredDevFromBase
-----|-------|----------|----------|----------------
0    | 71    | 0.9001   | 2.2794   | 2.1537 
1    | 31    | 0.4904   | 1.2121   | 1.0381 
2    | 24    | 0.5457   | 1.0693   | 0.9095 
3-5  | 68    | 0.4724   | 0.9838   | 0.8569 
6+   | 208   | 0.3382   | 0.4743   | 0.3723 

Epoch 161: loss = 0.806778 delta_mae_pts = 0.4843 recap_mae_pts = 0.4843 cat_mae_pts = 0.5045 total_mae_pts = 1.1409 vs_inertia_pts = 0.4874 vs_quad_pts = 1.6080 mon_cov = 0.960 mon_score = 5.3873 time = 13610.32 s

Epoch 162: Weights {"totalWeight":0.1,"recapWeight":0.05,"deltaWeight":9.75,"categoryWeight":0.05,"quantileWeight":0.5671999999999999,"consistencyWeight":0,"identityDropoutRate":0.7055}, Scales {"judgeBias":1,"corps":1}, SeqLen 15, ID_Drop 0.696, WFW 1.500 

History Bucket Diagnostics (Avg Abs Error per sample, normalized units):
Hist | Count | MAE_Pred | MAE_Base | PredDevFromBase
-----|-------|----------|----------|----------------
0    | 71    | 0.8819   | 2.2794   | 2.1575 
1    | 31    | 0.4927   | 1.2121   | 1.0244 
2    | 24    | 0.5586   | 1.0693   | 0.9411 
3-5  | 68    | 0.4783   | 0.9838   | 0.8558 
6+   | 208   | 0.3332   | 0.4743   | 0.3678 

Epoch 162: loss = 0.807212 delta_mae_pts = 0.4804 recap_mae_pts = 0.4804 cat_mae_pts = 0.5021 total_mae_pts = 1.1072 vs_inertia_pts = 0.4913 vs_quad_pts = 1.6119 mon_cov = 0.961 mon_score = 5.3130 time = 13736.59 s

Epoch 163: Weights {"totalWeight":0.1,"recapWeight":0.05,"deltaWeight":9.75,"categoryWeight":0.05,"quantileWeight":0.5708,"consistencyWeight":0,"identityDropoutRate":0.70075}, Scales {"judgeBias":1,"corps":1}, SeqLen 15, ID_Drop 0.710, WFW 1.500 

History Bucket Diagnostics (Avg Abs Error per sample, normalized units):
Hist | Count | MAE_Pred | MAE_Base | PredDevFromBase
-----|-------|----------|----------|----------------
0    | 71    | 0.9110   | 2.2794   | 2.2190 
1    | 31    | 0.5355   | 1.2121   | 1.1386 
2    | 24    | 0.5469   | 1.0693   | 1.0362 
3-5  | 68    | 0.4610   | 0.9838   | 0.9115 
6+   | 208   | 0.3324   | 0.4743   | 0.3855 

Epoch 163: loss = 0.808795 delta_mae_pts = 0.4848 recap_mae_pts = 0.4848 cat_mae_pts = 0.5133 total_mae_pts = 1.1480 vs_inertia_pts = 0.4869 vs_quad_pts = 1.6075 mon_cov = 0.958 mon_score = 5.3634 time = 13863.81 s

Epoch 164: Weights {"totalWeight":0.1,"recapWeight":0.05,"deltaWeight":9.75,"categoryWeight":0.05,"quantileWeight":0.5744,"consistencyWeight":0,"identityDropoutRate":0.696}, Scales {"judgeBias":1,"corps":1}, SeqLen 15, ID_Drop 0.687, WFW 1.500 

History Bucket Diagnostics (Avg Abs Error per sample, normalized units):
Hist | Count | MAE_Pred | MAE_Base | PredDevFromBase
-----|-------|----------|----------|----------------
0    | 71    | 0.8724   | 2.2794   | 2.1508 
1    | 31    | 0.4913   | 1.2121   | 1.1058 
2    | 24    | 0.5423   | 1.0693   | 0.9726 
3-5  | 68    | 0.4570   | 0.9838   | 0.9050 
6+   | 208   | 0.3199   | 0.4743   | 0.4234 

Epoch 164: loss = 0.853519 delta_mae_pts = 0.4672 recap_mae_pts = 0.4672 cat_mae_pts = 0.4852 total_mae_pts = 1.0377 vs_inertia_pts = 0.5045 vs_quad_pts = 1.6251 mon_cov = 0.963 mon_score = 5.1915 time = 13992.02 s

Epoch 165: Weights {"totalWeight":0.1,"recapWeight":0.05,"deltaWeight":9.75,"categoryWeight":0.05,"quantileWeight":0.5780000000000001,"consistencyWeight":0,"identityDropoutRate":0.69125}, Scales {"judgeBias":1,"corps":1}, SeqLen 15, ID_Drop 0.691, WFW 1.500 

History Bucket Diagnostics (Avg Abs Error per sample, normalized units):
Hist | Count | MAE_Pred | MAE_Base | PredDevFromBase
-----|-------|----------|----------|----------------
0    | 71    | 0.8763   | 2.2794   | 2.2095 
1    | 31    | 0.5365   | 1.2121   | 1.0576 
2    | 24    | 0.5664   | 1.0693   | 0.9472 
3-5  | 68    | 0.4433   | 0.9838   | 0.9140 
6+   | 208   | 0.3233   | 0.4743   | 0.3863 

Epoch 165: loss = 0.903778 delta_mae_pts = 0.4722 recap_mae_pts = 0.4722 cat_mae_pts = 0.4968 total_mae_pts = 1.0590 vs_inertia_pts = 0.4995 vs_quad_pts = 1.6201 mon_cov = 0.959 mon_score = 5.2291 time = 14093.62 s

Epoch 166: Weights {"totalWeight":0.1,"recapWeight":0.05,"deltaWeight":9.75,"categoryWeight":0.05,"quantileWeight":0.5816,"consistencyWeight":0,"identityDropoutRate":0.6865}, Scales {"judgeBias":1,"corps":1}, SeqLen 15, ID_Drop 0.678, WFW 1.500 

History Bucket Diagnostics (Avg Abs Error per sample, normalized units):
Hist | Count | MAE_Pred | MAE_Base | PredDevFromBase
-----|-------|----------|----------|----------------
0    | 71    | 0.9041   | 2.2794   | 2.2639 
1    | 31    | 0.5256   | 1.2121   | 1.0756 
2    | 24    | 0.5212   | 1.0693   | 0.9822 
3-5  | 68    | 0.4641   | 0.9838   | 0.8689 
6+   | 208   | 0.3325   | 0.4743   | 0.3733 

Epoch 166: loss = 0.867378 delta_mae_pts = 0.4819 recap_mae_pts = 0.4819 cat_mae_pts = 0.5017 total_mae_pts = 1.1235 vs_inertia_pts = 0.4899 vs_quad_pts = 1.6104 mon_cov = 0.963 mon_score = 5.3352 time = 14161.07 s

Epoch 167: Weights {"totalWeight":0.1,"recapWeight":0.05,"deltaWeight":9.75,"categoryWeight":0.05,"quantileWeight":0.5851999999999999,"consistencyWeight":0,"identityDropoutRate":0.6817500000000001}, Scales {"judgeBias":1,"corps":1}, SeqLen 15, ID_Drop 0.691, WFW 1.500 

History Bucket Diagnostics (Avg Abs Error per sample, normalized units):
Hist | Count | MAE_Pred | MAE_Base | PredDevFromBase
-----|-------|----------|----------|----------------
0    | 71    | 0.8316   | 2.2794   | 2.1706 
1    | 31    | 0.4959   | 1.2121   | 1.0474 
2    | 24    | 0.5638   | 1.0693   | 1.0058 
3-5  | 68    | 0.4364   | 0.9838   | 0.9172 
6+   | 208   | 0.3301   | 0.4743   | 0.4077 

Epoch 167: loss = 0.868901 delta_mae_pts = 0.4634 recap_mae_pts = 0.4634 cat_mae_pts = 0.4854 total_mae_pts = 1.0816 vs_inertia_pts = 0.5083 vs_quad_pts = 1.6289 mon_cov = 0.964 mon_score = 5.1829 time = 14227.27 s

Epoch 168: Weights {"totalWeight":0.1,"recapWeight":0.05,"deltaWeight":9.75,"categoryWeight":0.05,"quantileWeight":0.5888,"consistencyWeight":0,"identityDropoutRate":0.677}, Scales {"judgeBias":1,"corps":1}, SeqLen 15, ID_Drop 0.691, WFW 1.500 

History Bucket Diagnostics (Avg Abs Error per sample, normalized units):
Hist | Count | MAE_Pred | MAE_Base | PredDevFromBase
-----|-------|----------|----------|----------------
0    | 71    | 0.8560   | 2.2794   | 2.1753 
1    | 31    | 0.5129   | 1.2121   | 1.1466 
2    | 24    | 0.5183   | 1.0693   | 1.0084 
3-5  | 68    | 0.4441   | 0.9838   | 0.9017 
6+   | 208   | 0.3276   | 0.4743   | 0.3770 

Epoch 168: loss = 0.806662 delta_mae_pts = 0.4663 recap_mae_pts = 0.4663 cat_mae_pts = 0.4890 total_mae_pts = 1.0985 vs_inertia_pts = 0.5054 vs_quad_pts = 1.6259 mon_cov = 0.964 mon_score = 5.1809 time = 14293.76 s

Epoch 169: Weights {"totalWeight":0.1,"recapWeight":0.05,"deltaWeight":9.75,"categoryWeight":0.05,"quantileWeight":0.5924,"consistencyWeight":0,"identityDropoutRate":0.67225}, Scales {"judgeBias":1,"corps":1}, SeqLen 15, ID_Drop 0.670, WFW 1.500 

History Bucket Diagnostics (Avg Abs Error per sample, normalized units):
Hist | Count | MAE_Pred | MAE_Base | PredDevFromBase
-----|-------|----------|----------|----------------
0    | 71    | 0.8982   | 2.2794   | 2.1711 
1    | 31    | 0.5058   | 1.2121   | 1.1123 
2    | 24    | 0.5830   | 1.0693   | 0.9571 
3-5  | 68    | 0.4634   | 0.9838   | 0.9138 
6+   | 208   | 0.3264   | 0.4743   | 0.4042 

Epoch 169: loss = 0.794254 delta_mae_pts = 0.4797 recap_mae_pts = 0.4797 cat_mae_pts = 0.5145 total_mae_pts = 1.1206 vs_inertia_pts = 0.4920 vs_quad_pts = 1.6126 mon_cov = 0.962 mon_score = 5.3564 time = 14364.10 s

Epoch 170: Weights {"totalWeight":0.1,"recapWeight":0.05,"deltaWeight":9.75,"categoryWeight":0.05,"quantileWeight":0.5960000000000001,"consistencyWeight":0,"identityDropoutRate":0.6675}, Scales {"judgeBias":1,"corps":1}, SeqLen 15, ID_Drop 0.673, WFW 1.500 

History Bucket Diagnostics (Avg Abs Error per sample, normalized units):
Hist | Count | MAE_Pred | MAE_Base | PredDevFromBase
-----|-------|----------|----------|----------------
0    | 71    | 0.8907   | 2.2794   | 2.2483 
1    | 31    | 0.5280   | 1.2121   | 1.1560 
2    | 24    | 0.5656   | 1.0693   | 1.0248 
3-5  | 68    | 0.4510   | 0.9838   | 0.9175 
6+   | 208   | 0.3311   | 0.4743   | 0.3932 

Epoch 170: loss = 0.800396 delta_mae_pts = 0.4794 recap_mae_pts = 0.4794 cat_mae_pts = 0.5041 total_mae_pts = 1.0955 vs_inertia_pts = 0.4923 vs_quad_pts = 1.6129 mon_cov = 0.962 mon_score = 5.3267 time = 14436.36 s

Epoch 171: Weights {"totalWeight":0.1,"recapWeight":0.05,"deltaWeight":9.75,"categoryWeight":0.05,"quantileWeight":0.5996,"consistencyWeight":0,"identityDropoutRate":0.66275}, Scales {"judgeBias":1,"corps":1}, SeqLen 15, ID_Drop 0.674, WFW 1.500 

History Bucket Diagnostics (Avg Abs Error per sample, normalized units):
Hist | Count | MAE_Pred | MAE_Base | PredDevFromBase
-----|-------|----------|----------|----------------
0    | 71    | 0.8703   | 2.2794   | 2.1702 
1    | 31    | 0.4729   | 1.2121   | 1.1103 
2    | 24    | 0.5603   | 1.0693   | 1.0060 
3-5  | 68    | 0.4360   | 0.9838   | 0.9108 
6+   | 208   | 0.3287   | 0.4743   | 0.4062 

Epoch 171: loss = 0.868382 delta_mae_pts = 0.4674 recap_mae_pts = 0.4674 cat_mae_pts = 0.4725 total_mae_pts = 1.0234 vs_inertia_pts = 0.5043 vs_quad_pts = 1.6248 mon_cov = 0.964 mon_score = 5.2011 time = 14505.15 s

Epoch 172: Weights {"totalWeight":0.1,"recapWeight":0.05,"deltaWeight":9.75,"categoryWeight":0.05,"quantileWeight":0.6032,"consistencyWeight":0,"identityDropoutRate":0.658}, Scales {"judgeBias":1,"corps":1}, SeqLen 15, ID_Drop 0.654, WFW 1.500 

History Bucket Diagnostics (Avg Abs Error per sample, normalized units):
Hist | Count | MAE_Pred | MAE_Base | PredDevFromBase
-----|-------|----------|----------|----------------
0    | 71    | 0.8738   | 2.2794   | 2.1300 
1    | 31    | 0.4859   | 1.2121   | 1.0770 
2    | 24    | 0.5722   | 1.0693   | 0.9119 
3-5  | 68    | 0.4572   | 0.9838   | 0.8618 
6+   | 208   | 0.3188   | 0.4743   | 0.3892 

Epoch 172: loss = 0.853025 delta_mae_pts = 0.4683 recap_mae_pts = 0.4683 cat_mae_pts = 0.4967 total_mae_pts = 1.0847 vs_inertia_pts = 0.5035 vs_quad_pts = 1.6240 mon_cov = 0.963 mon_score = 5.2156 time = 14575.93 s

Epoch 173: Weights {"totalWeight":0.1,"recapWeight":0.05,"deltaWeight":9.75,"categoryWeight":0.05,"quantileWeight":0.6068,"consistencyWeight":0,"identityDropoutRate":0.65325}, Scales {"judgeBias":1,"corps":1}, SeqLen 15, ID_Drop 0.663, WFW 1.500 

History Bucket Diagnostics (Avg Abs Error per sample, normalized units):
Hist | Count | MAE_Pred | MAE_Base | PredDevFromBase
-----|-------|----------|----------|----------------
0    | 71    | 0.8442   | 2.2794   | 2.1307 
1    | 31    | 0.5111   | 1.2121   | 1.0795 
2    | 24    | 0.5651   | 1.0693   | 0.9465 
3-5  | 68    | 0.4527   | 0.9838   | 0.8959 
6+   | 208   | 0.3193   | 0.4743   | 0.4081 

Epoch 173: loss = 0.784147 delta_mae_pts = 0.4640 recap_mae_pts = 0.4640 cat_mae_pts = 0.5028 total_mae_pts = 1.0787 vs_inertia_pts = 0.5077 vs_quad_pts = 1.6282 mon_cov = 0.962 mon_score = 5.1649 time = 14646.38 s
Saved BEST checkpoint @epoch 173 score = 5.1649 -> models\v9_subcaption_fixed\v9fix_w1p0_1770385724733\best 

Epoch 174: Weights {"totalWeight":0.1,"recapWeight":0.05,"deltaWeight":9.75,"categoryWeight":0.05,"quantileWeight":0.6104,"consistencyWeight":0,"identityDropoutRate":0.6485000000000001}, Scales {"judgeBias":1,"corps":1}, SeqLen 15, ID_Drop 0.654, WFW 1.500 

History Bucket Diagnostics (Avg Abs Error per sample, normalized units):
Hist | Count | MAE_Pred | MAE_Base | PredDevFromBase
-----|-------|----------|----------|----------------
0    | 71    | 0.8600   | 2.2794   | 2.1858 
1    | 31    | 0.5176   | 1.2121   | 1.1264 
2    | 24    | 0.5592   | 1.0693   | 0.9939 
3-5  | 68    | 0.4509   | 0.9838   | 0.9367 
6+   | 208   | 0.3270   | 0.4743   | 0.3850 

Epoch 174: loss = 0.766969 delta_mae_pts = 0.4706 recap_mae_pts = 0.4706 cat_mae_pts = 0.4891 total_mae_pts = 1.0505 vs_inertia_pts = 0.5011 vs_quad_pts = 1.6217 mon_cov = 0.967 mon_score = 5.2392 time = 14719.14 s

Epoch 175: Weights {"totalWeight":0.1,"recapWeight":0.05,"deltaWeight":9.75,"categoryWeight":0.05,"quantileWeight":0.6140000000000001,"consistencyWeight":0,"identityDropoutRate":0.64375}, Scales {"judgeBias":1,"corps":1}, SeqLen 15, ID_Drop 0.651, WFW 1.500 

History Bucket Diagnostics (Avg Abs Error per sample, normalized units):
Hist | Count | MAE_Pred | MAE_Base | PredDevFromBase
-----|-------|----------|----------|----------------
0    | 71    | 0.9563   | 2.2794   | 2.2449 
1    | 31    | 0.5129   | 1.2121   | 1.0914 
2    | 24    | 0.5808   | 1.0693   | 0.9859 
3-5  | 68    | 0.4666   | 0.9838   | 0.8940 
6+   | 208   | 0.3203   | 0.4743   | 0.3882 

Epoch 175: loss = 0.815834 delta_mae_pts = 0.4878 recap_mae_pts = 0.4878 cat_mae_pts = 0.4929 total_mae_pts = 1.0653 vs_inertia_pts = 0.4840 vs_quad_pts = 1.6045 mon_cov = 0.962 mon_score = 5.3802 time = 14790.53 s

Epoch 176: Weights {"totalWeight":0.1,"recapWeight":0.05,"deltaWeight":9.75,"categoryWeight":0.05,"quantileWeight":0.6176,"consistencyWeight":0,"identityDropoutRate":0.639}, Scales {"judgeBias":1,"corps":1}, SeqLen 15, ID_Drop 0.649, WFW 1.500 

History Bucket Diagnostics (Avg Abs Error per sample, normalized units):
Hist | Count | MAE_Pred | MAE_Base | PredDevFromBase
-----|-------|----------|----------|----------------
0    | 71    | 0.9327   | 2.2794   | 2.2528 
1    | 31    | 0.5170   | 1.2121   | 1.1019 
2    | 24    | 0.5689   | 1.0693   | 1.0394 
3-5  | 68    | 0.4634   | 0.9838   | 0.9594 
6+   | 208   | 0.3252   | 0.4743   | 0.4287 

Epoch 176: loss = 0.793766 delta_mae_pts = 0.4852 recap_mae_pts = 0.4852 cat_mae_pts = 0.4929 total_mae_pts = 1.0903 vs_inertia_pts = 0.4865 vs_quad_pts = 1.6071 mon_cov = 0.960 mon_score = 5.3482 time = 14859.50 s

Epoch 177: Weights {"totalWeight":0.1,"recapWeight":0.05,"deltaWeight":9.75,"categoryWeight":0.05,"quantileWeight":0.6212,"consistencyWeight":0,"identityDropoutRate":0.63425}, Scales {"judgeBias":1,"corps":1}, SeqLen 15, ID_Drop 0.643, WFW 1.500 

History Bucket Diagnostics (Avg Abs Error per sample, normalized units):
Hist | Count | MAE_Pred | MAE_Base | PredDevFromBase
-----|-------|----------|----------|----------------
0    | 71    | 0.9326   | 2.2794   | 2.2896 
1    | 31    | 0.5389   | 1.2121   | 1.0226 
2    | 24    | 0.5665   | 1.0693   | 0.9363 
3-5  | 68    | 0.4609   | 0.9838   | 0.9099 
6+   | 208   | 0.3196   | 0.4743   | 0.3943 

Epoch 177: loss = 0.782854 delta_mae_pts = 0.4834 recap_mae_pts = 0.4834 cat_mae_pts = 0.4957 total_mae_pts = 1.0680 vs_inertia_pts = 0.4883 vs_quad_pts = 1.6089 mon_cov = 0.960 mon_score = 5.3584 time = 14929.76 s

Epoch 178: Weights {"totalWeight":0.1,"recapWeight":0.05,"deltaWeight":9.75,"categoryWeight":0.05,"quantileWeight":0.6248,"consistencyWeight":0,"identityDropoutRate":0.6295}, Scales {"judgeBias":1,"corps":1}, SeqLen 15, ID_Drop 0.639, WFW 1.500 

History Bucket Diagnostics (Avg Abs Error per sample, normalized units):
Hist | Count | MAE_Pred | MAE_Base | PredDevFromBase
-----|-------|----------|----------|----------------
0    | 71    | 0.9237   | 2.2794   | 2.1840 
1    | 31    | 0.5130   | 1.2121   | 1.0587 
2    | 24    | 0.5569   | 1.0693   | 0.9386 
3-5  | 68    | 0.4608   | 0.9838   | 0.8884 
6+   | 208   | 0.3188   | 0.4743   | 0.3774 

Epoch 178: loss = 0.784261 delta_mae_pts = 0.4789 recap_mae_pts = 0.4789 cat_mae_pts = 0.4888 total_mae_pts = 1.0608 vs_inertia_pts = 0.4929 vs_quad_pts = 1.6134 mon_cov = 0.963 mon_score = 5.3170 time = 15001.50 s

Epoch 179: Weights {"totalWeight":0.1,"recapWeight":0.05,"deltaWeight":9.75,"categoryWeight":0.05,"quantileWeight":0.6284000000000001,"consistencyWeight":0,"identityDropoutRate":0.62475}, Scales {"judgeBias":1,"corps":1}, SeqLen 15, ID_Drop 0.630, WFW 1.500 

History Bucket Diagnostics (Avg Abs Error per sample, normalized units):
Hist | Count | MAE_Pred | MAE_Base | PredDevFromBase
-----|-------|----------|----------|----------------
0    | 71    | 0.9119   | 2.2794   | 2.1881 
1    | 31    | 0.5253   | 1.2121   | 1.0272 
2    | 24    | 0.5373   | 1.0693   | 0.9398 
3-5  | 68    | 0.4502   | 0.9838   | 0.8809 
6+   | 208   | 0.3250   | 0.4743   | 0.3735 

Epoch 179: loss = 0.770315 delta_mae_pts = 0.4780 recap_mae_pts = 0.4780 cat_mae_pts = 0.4846 total_mae_pts = 1.0557 vs_inertia_pts = 0.4938 vs_quad_pts = 1.6143 mon_cov = 0.961 mon_score = 5.2726 time = 15069.76 s

Epoch 180: Weights {"totalWeight":0.1,"recapWeight":0.05,"deltaWeight":9.75,"categoryWeight":0.05,"quantileWeight":0.632,"consistencyWeight":0,"identityDropoutRate":0.62}, Scales {"judgeBias":1,"corps":1}, SeqLen 15, ID_Drop 0.625, WFW 1.500 

History Bucket Diagnostics (Avg Abs Error per sample, normalized units):
Hist | Count | MAE_Pred | MAE_Base | PredDevFromBase
-----|-------|----------|----------|----------------
0    | 71    | 0.9414   | 2.2794   | 2.2470 
1    | 31    | 0.5192   | 1.2121   | 1.1113 
2    | 24    | 0.5852   | 1.0693   | 0.9821 
3-5  | 68    | 0.4557   | 0.9838   | 0.9171 
6+   | 208   | 0.3302   | 0.4743   | 0.4155 

Epoch 180: loss = 0.775274 delta_mae_pts = 0.4892 recap_mae_pts = 0.4892 cat_mae_pts = 0.5039 total_mae_pts = 1.1335 vs_inertia_pts = 0.4825 vs_quad_pts = 1.6031 mon_cov = 0.959 mon_score = 5.3900 time = 15140.29 s

Epoch 181: Weights {"totalWeight":0.1,"recapWeight":0.05,"deltaWeight":9.75,"categoryWeight":0.05,"quantileWeight":0.6355999999999999,"consistencyWeight":0,"identityDropoutRate":0.6152500000000001}, Scales {"judgeBias":1,"corps":1}, SeqLen 15, ID_Drop 0.626, WFW 1.500 

History Bucket Diagnostics (Avg Abs Error per sample, normalized units):
Hist | Count | MAE_Pred | MAE_Base | PredDevFromBase
-----|-------|----------|----------|----------------
0    | 71    | 0.9839   | 2.2794   | 2.2714 
1    | 31    | 0.5157   | 1.2121   | 1.1499 
2    | 24    | 0.5084   | 1.0693   | 1.0006 
3-5  | 68    | 0.4517   | 0.9838   | 0.9263 
6+   | 208   | 0.3289   | 0.4743   | 0.3919 

Epoch 181: loss = 0.757819 delta_mae_pts = 0.4905 recap_mae_pts = 0.4905 cat_mae_pts = 0.4990 total_mae_pts = 1.0913 vs_inertia_pts = 0.4812 vs_quad_pts = 1.6018 mon_cov = 0.965 mon_score = 5.4146 time = 15210.05 s

Epoch 182: Weights {"totalWeight":0.1,"recapWeight":0.05,"deltaWeight":9.75,"categoryWeight":0.05,"quantileWeight":0.6392,"consistencyWeight":0,"identityDropoutRate":0.6105}, Scales {"judgeBias":1,"corps":1}, SeqLen 15, ID_Drop 0.609, WFW 1.500 

History Bucket Diagnostics (Avg Abs Error per sample, normalized units):
Hist | Count | MAE_Pred | MAE_Base | PredDevFromBase
-----|-------|----------|----------|----------------
0    | 71    | 0.9424   | 2.2794   | 2.2296 
1    | 31    | 0.5424   | 1.2121   | 1.0730 
2    | 24    | 0.5985   | 1.0693   | 0.9381 
3-5  | 68    | 0.4402   | 0.9838   | 0.9011 
6+   | 208   | 0.3265   | 0.4743   | 0.4027 

Epoch 182: loss = 0.761052 delta_mae_pts = 0.4874 recap_mae_pts = 0.4874 cat_mae_pts = 0.5052 total_mae_pts = 1.1204 vs_inertia_pts = 0.4843 vs_quad_pts = 1.6049 mon_cov = 0.961 mon_score = 5.3902 time = 15279.12 s

Epoch 183: Weights {"totalWeight":0.1,"recapWeight":0.05,"deltaWeight":9.75,"categoryWeight":0.05,"quantileWeight":0.6428,"consistencyWeight":0,"identityDropoutRate":0.60575}, Scales {"judgeBias":1,"corps":1}, SeqLen 15, ID_Drop 0.620, WFW 1.500 

History Bucket Diagnostics (Avg Abs Error per sample, normalized units):
Hist | Count | MAE_Pred | MAE_Base | PredDevFromBase
-----|-------|----------|----------|----------------
0    | 71    | 0.9239   | 2.2794   | 2.2825 
1    | 31    | 0.5686   | 1.2121   | 1.1832 
2    | 24    | 0.5553   | 1.0693   | 1.0058 
3-5  | 68    | 0.4315   | 0.9838   | 0.9288 
6+   | 208   | 0.3201   | 0.4743   | 0.4023 

Epoch 183: loss = 0.808738 delta_mae_pts = 0.4788 recap_mae_pts = 0.4788 cat_mae_pts = 0.4981 total_mae_pts = 1.0590 vs_inertia_pts = 0.4929 vs_quad_pts = 1.6135 mon_cov = 0.964 mon_score = 5.3048 time = 15346.57 s

Epoch 184: Weights {"totalWeight":0.1,"recapWeight":0.05,"deltaWeight":9.75,"categoryWeight":0.05,"quantileWeight":0.6464000000000001,"consistencyWeight":0,"identityDropoutRate":0.601}, Scales {"judgeBias":1,"corps":1}, SeqLen 15, ID_Drop 0.611, WFW 1.500 

History Bucket Diagnostics (Avg Abs Error per sample, normalized units):
Hist | Count | MAE_Pred | MAE_Base | PredDevFromBase
-----|-------|----------|----------|----------------
0    | 71    | 0.9152   | 2.2794   | 2.2680 
1    | 31    | 0.5172   | 1.2121   | 1.0860 
2    | 24    | 0.5634   | 1.0693   | 1.0358 
3-5  | 68    | 0.4385   | 0.9838   | 0.9446 
6+   | 208   | 0.3299   | 0.4743   | 0.4155 

Epoch 184: loss = 0.758040 delta_mae_pts = 0.4800 recap_mae_pts = 0.4800 cat_mae_pts = 0.5062 total_mae_pts = 1.1399 vs_inertia_pts = 0.4917 vs_quad_pts = 1.6123 mon_cov = 0.961 mon_score = 5.3113 time = 15415.97 s

Epoch 185: Weights {"totalWeight":0.1,"recapWeight":0.05,"deltaWeight":9.75,"categoryWeight":0.05,"quantileWeight":0.65,"consistencyWeight":0,"identityDropoutRate":0.59625}, Scales {"judgeBias":1,"corps":1}, SeqLen 15, ID_Drop 0.605, WFW 1.500 

History Bucket Diagnostics (Avg Abs Error per sample, normalized units):
Hist | Count | MAE_Pred | MAE_Base | PredDevFromBase
-----|-------|----------|----------|----------------
0    | 71    | 0.9085   | 2.2794   | 2.1402 
1    | 31    | 0.5196   | 1.2121   | 1.0897 
2    | 24    | 0.5101   | 1.0693   | 0.9982 
3-5  | 68    | 0.4401   | 0.9838   | 0.8938 
6+   | 208   | 0.3249   | 0.4743   | 0.3895 

Epoch 185: loss = 0.760648 delta_mae_pts = 0.4735 recap_mae_pts = 0.4735 cat_mae_pts = 0.4860 total_mae_pts = 1.0971 vs_inertia_pts = 0.4982 vs_quad_pts = 1.6187 mon_cov = 0.963 mon_score = 5.2294 time = 15482.66 s

Epoch 186: Weights {"totalWeight":0.1,"recapWeight":0.05,"deltaWeight":9.75,"categoryWeight":0.05,"quantileWeight":0.6536,"consistencyWeight":0,"identityDropoutRate":0.5915}, Scales {"judgeBias":1,"corps":1}, SeqLen 15, ID_Drop 0.607, WFW 1.500 

History Bucket Diagnostics (Avg Abs Error per sample, normalized units):
Hist | Count | MAE_Pred | MAE_Base | PredDevFromBase
-----|-------|----------|----------|----------------
0    | 71    | 0.9316   | 2.2794   | 2.1921 
1    | 31    | 0.5194   | 1.2121   | 1.1058 
2    | 24    | 0.5482   | 1.0693   | 1.0066 
3-5  | 68    | 0.4335   | 0.9838   | 0.9068 
6+   | 208   | 0.3263   | 0.4743   | 0.4048 

Epoch 186: loss = 0.754922 delta_mae_pts = 0.4795 recap_mae_pts = 0.4795 cat_mae_pts = 0.4938 total_mae_pts = 1.1030 vs_inertia_pts = 0.4922 vs_quad_pts = 1.6128 mon_cov = 0.961 mon_score = 5.3311 time = 15551.22 s

Epoch 187: Weights {"totalWeight":0.1,"recapWeight":0.05,"deltaWeight":9.75,"categoryWeight":0.05,"quantileWeight":0.6572,"consistencyWeight":0,"identityDropoutRate":0.58675}, Scales {"judgeBias":1,"corps":1}, SeqLen 15, ID_Drop 0.609, WFW 1.500 

History Bucket Diagnostics (Avg Abs Error per sample, normalized units):
Hist | Count | MAE_Pred | MAE_Base | PredDevFromBase
-----|-------|----------|----------|----------------
0    | 71    | 0.8988   | 2.2794   | 2.1831 
1    | 31    | 0.5384   | 1.2121   | 1.1489 
2    | 24    | 0.5101   | 1.0693   | 0.9928 
3-5  | 68    | 0.4494   | 0.9838   | 0.9050 
6+   | 208   | 0.3151   | 0.4743   | 0.4102 

Epoch 187: loss = 0.811651 delta_mae_pts = 0.4698 recap_mae_pts = 0.4698 cat_mae_pts = 0.4915 total_mae_pts = 1.0602 vs_inertia_pts = 0.5019 vs_quad_pts = 1.6225 mon_cov = 0.963 mon_score = 5.2313 time = 15623.30 s

Epoch 188: Weights {"totalWeight":0.1,"recapWeight":0.05,"deltaWeight":9.75,"categoryWeight":0.05,"quantileWeight":0.6608,"consistencyWeight":0,"identityDropoutRate":0.5820000000000001}, Scales {"judgeBias":1,"corps":1}, SeqLen 15, ID_Drop 0.582, WFW 1.500 

History Bucket Diagnostics (Avg Abs Error per sample, normalized units):
Hist | Count | MAE_Pred | MAE_Base | PredDevFromBase
-----|-------|----------|----------|----------------
0    | 71    | 0.9010   | 2.2794   | 2.1248 
1    | 31    | 0.5024   | 1.2121   | 1.0580 
2    | 24    | 0.5885   | 1.0693   | 0.9276 
3-5  | 68    | 0.4400   | 0.9838   | 0.8975 
6+   | 208   | 0.3200   | 0.4743   | 0.3942 

Epoch 188: loss = 0.746060 delta_mae_pts = 0.4730 recap_mae_pts = 0.4730 cat_mae_pts = 0.4898 total_mae_pts = 1.1007 vs_inertia_pts = 0.4987 vs_quad_pts = 1.6193 mon_cov = 0.962 mon_score = 5.2525 time = 15693.91 s

Epoch 189: Weights {"totalWeight":0.1,"recapWeight":0.05,"deltaWeight":9.75,"categoryWeight":0.05,"quantileWeight":0.6644000000000001,"consistencyWeight":0,"identityDropoutRate":0.57725}, Scales {"judgeBias":1,"corps":1}, SeqLen 15, ID_Drop 0.582, WFW 1.500 

History Bucket Diagnostics (Avg Abs Error per sample, normalized units):
Hist | Count | MAE_Pred | MAE_Base | PredDevFromBase
-----|-------|----------|----------|----------------
0    | 71    | 0.8912   | 2.2794   | 2.2375 
1    | 31    | 0.5173   | 1.2121   | 1.1506 
2    | 24    | 0.5726   | 1.0693   | 1.0315 
3-5  | 68    | 0.4507   | 0.9838   | 0.9362 
6+   | 208   | 0.3353   | 0.4743   | 0.4091 

Epoch 189: loss = 0.744242 delta_mae_pts = 0.4812 recap_mae_pts = 0.4812 cat_mae_pts = 0.4970 total_mae_pts = 1.1232 vs_inertia_pts = 0.4905 vs_quad_pts = 1.6111 mon_cov = 0.961 mon_score = 5.3344 time = 15765.43 s

Epoch 190: Weights {"totalWeight":0.1,"recapWeight":0.05,"deltaWeight":9.75,"categoryWeight":0.05,"quantileWeight":0.668,"consistencyWeight":0,"identityDropoutRate":0.5725}, Scales {"judgeBias":1,"corps":1}, SeqLen 15, ID_Drop 0.583, WFW 1.500 

History Bucket Diagnostics (Avg Abs Error per sample, normalized units):
Hist | Count | MAE_Pred | MAE_Base | PredDevFromBase
-----|-------|----------|----------|----------------
0    | 71    | 0.9511   | 2.2794   | 2.2561 
1    | 31    | 0.5047   | 1.2121   | 1.1131 
2    | 24    | 0.5189   | 1.0693   | 0.9689 
3-5  | 68    | 0.4410   | 0.9838   | 0.9411 
6+   | 208   | 0.3229   | 0.4743   | 0.3953 

Epoch 190: loss = 0.747482 delta_mae_pts = 0.4795 recap_mae_pts = 0.4795 cat_mae_pts = 0.4881 total_mae_pts = 1.0342 vs_inertia_pts = 0.4922 vs_quad_pts = 1.6127 mon_cov = 0.963 mon_score = 5.3105 time = 15831.93 s

Epoch 191: Weights {"totalWeight":0.1,"recapWeight":0.05,"deltaWeight":9.75,"categoryWeight":0.05,"quantileWeight":0.6716,"consistencyWeight":0,"identityDropoutRate":0.56775}, Scales {"judgeBias":1,"corps":1}, SeqLen 15, ID_Drop 0.583, WFW 1.500 

History Bucket Diagnostics (Avg Abs Error per sample, normalized units):
Hist | Count | MAE_Pred | MAE_Base | PredDevFromBase
-----|-------|----------|----------|----------------
0    | 71    | 0.9054   | 2.2794   | 2.2278 
1    | 31    | 0.5335   | 1.2121   | 1.1200 
2    | 24    | 0.5358   | 1.0693   | 0.9813 
3-5  | 68    | 0.4386   | 0.9838   | 0.9274 
6+   | 208   | 0.3155   | 0.4743   | 0.3984 

Epoch 191: loss = 0.754811 delta_mae_pts = 0.4705 recap_mae_pts = 0.4705 cat_mae_pts = 0.4775 total_mae_pts = 1.0169 vs_inertia_pts = 0.5012 vs_quad_pts = 1.6218 mon_cov = 0.966 mon_score = 5.1951 time = 15900.19 s

--- NO IMPROVEMENT FOR 18 EPOCHS: Reducing LR to 0.000030 ---

Epoch 192: Weights {"totalWeight":0.1,"recapWeight":0.05,"deltaWeight":9.75,"categoryWeight":0.05,"quantileWeight":0.6752,"consistencyWeight":0,"identityDropoutRate":0.563}, Scales {"judgeBias":1,"corps":1}, SeqLen 15, ID_Drop 0.573, WFW 1.500 

History Bucket Diagnostics (Avg Abs Error per sample, normalized units):
Hist | Count | MAE_Pred | MAE_Base | PredDevFromBase
-----|-------|----------|----------|----------------
0    | 71    | 0.9074   | 2.2794   | 2.2030 
1    | 31    | 0.5451   | 1.2121   | 1.0755 
2    | 24    | 0.5309   | 1.0693   | 0.9568 
3-5  | 68    | 0.4463   | 0.9838   | 0.8707 
6+   | 208   | 0.3252   | 0.4743   | 0.3823 

Epoch 192: loss = 0.740031 delta_mae_pts = 0.4777 recap_mae_pts = 0.4777 cat_mae_pts = 0.4864 total_mae_pts = 1.0983 vs_inertia_pts = 0.4940 vs_quad_pts = 1.6145 mon_cov = 0.962 mon_score = 5.3098 time = 15968.51 s

Epoch 193: Weights {"totalWeight":0.1,"recapWeight":0.05,"deltaWeight":9.75,"categoryWeight":0.05,"quantileWeight":0.6788000000000001,"consistencyWeight":0,"identityDropoutRate":0.55825}, Scales {"judgeBias":1,"corps":1}, SeqLen 15, ID_Drop 0.561, WFW 1.500 

History Bucket Diagnostics (Avg Abs Error per sample, normalized units):
Hist | Count | MAE_Pred | MAE_Base | PredDevFromBase
-----|-------|----------|----------|----------------
0    | 71    | 0.9163   | 2.2794   | 2.1790 
1    | 31    | 0.5341   | 1.2121   | 1.1603 
2    | 24    | 0.5164   | 1.0693   | 0.9800 
3-5  | 68    | 0.4419   | 0.9838   | 0.9214 
6+   | 208   | 0.3254   | 0.4743   | 0.4031 

Epoch 193: loss = 0.803229 delta_mae_pts = 0.4769 recap_mae_pts = 0.4769 cat_mae_pts = 0.4829 total_mae_pts = 1.0865 vs_inertia_pts = 0.4948 vs_quad_pts = 1.6153 mon_cov = 0.963 mon_score = 5.2735 time = 16034.56 s

Epoch 194: Weights {"totalWeight":0.1,"recapWeight":0.05,"deltaWeight":9.75,"categoryWeight":0.05,"quantileWeight":0.6824000000000001,"consistencyWeight":0,"identityDropoutRate":0.5535000000000001}, Scales {"judgeBias":1,"corps":1}, SeqLen 15, ID_Drop 0.553, WFW 1.500 

History Bucket Diagnostics (Avg Abs Error per sample, normalized units):
Hist | Count | MAE_Pred | MAE_Base | PredDevFromBase
-----|-------|----------|----------|----------------
0    | 71    | 0.8957   | 2.2794   | 2.1939 
1    | 31    | 0.5046   | 1.2121   | 1.1353 
2    | 24    | 0.5417   | 1.0693   | 0.9738 
3-5  | 68    | 0.4282   | 0.9838   | 0.9291 
6+   | 208   | 0.3207   | 0.4743   | 0.4161 

Epoch 194: loss = 0.816159 delta_mae_pts = 0.4678 recap_mae_pts = 0.4678 cat_mae_pts = 0.4813 total_mae_pts = 1.0528 vs_inertia_pts = 0.5039 vs_quad_pts = 1.6245 mon_cov = 0.965 mon_score = 5.1948 time = 16105.13 s

Epoch 195: Weights {"totalWeight":0.1,"recapWeight":0.05,"deltaWeight":9.75,"categoryWeight":0.05,"quantileWeight":0.686,"consistencyWeight":0,"identityDropoutRate":0.5487500000000001}, Scales {"judgeBias":1,"corps":1}, SeqLen 15, ID_Drop 0.564, WFW 1.500 

History Bucket Diagnostics (Avg Abs Error per sample, normalized units):
Hist | Count | MAE_Pred | MAE_Base | PredDevFromBase
-----|-------|----------|----------|----------------
0    | 71    | 0.9100   | 2.2794   | 2.2386 
1    | 31    | 0.5172   | 1.2121   | 1.0890 
2    | 24    | 0.5541   | 1.0693   | 0.9661 
3-5  | 68    | 0.4355   | 0.9838   | 0.8972 
6+   | 208   | 0.3325   | 0.4743   | 0.3855 

Epoch 195: loss = 0.753021 delta_mae_pts = 0.4794 recap_mae_pts = 0.4794 cat_mae_pts = 0.4937 total_mae_pts = 1.0938 vs_inertia_pts = 0.4923 vs_quad_pts = 1.6129 mon_cov = 0.964 mon_score = 5.3036 time = 16175.17 s

Epoch 196: Weights {"totalWeight":0.1,"recapWeight":0.05,"deltaWeight":9.75,"categoryWeight":0.05,"quantileWeight":0.6896,"consistencyWeight":0,"identityDropoutRate":0.544}, Scales {"judgeBias":1,"corps":1}, SeqLen 15, ID_Drop 0.545, WFW 1.500 

History Bucket Diagnostics (Avg Abs Error per sample, normalized units):
Hist | Count | MAE_Pred | MAE_Base | PredDevFromBase
-----|-------|----------|----------|----------------
0    | 71    | 0.9268   | 2.2794   | 2.2533 
1    | 31    | 0.5005   | 1.2121   | 1.0856 
2    | 24    | 0.5363   | 1.0693   | 0.9785 
3-5  | 68    | 0.4546   | 0.9838   | 0.9053 
6+   | 208   | 0.3161   | 0.4743   | 0.3927 

Epoch 196: loss = 0.766905 delta_mae_pts = 0.4748 recap_mae_pts = 0.4748 cat_mae_pts = 0.4980 total_mae_pts = 1.0798 vs_inertia_pts = 0.4970 vs_quad_pts = 1.6175 mon_cov = 0.961 mon_score = 5.2662 time = 16243.72 s

Epoch 197: Weights {"totalWeight":0.1,"recapWeight":0.05,"deltaWeight":9.75,"categoryWeight":0.05,"quantileWeight":0.6932,"consistencyWeight":0,"identityDropoutRate":0.53925}, Scales {"judgeBias":1,"corps":1}, SeqLen 15, ID_Drop 0.541, WFW 1.500 

History Bucket Diagnostics (Avg Abs Error per sample, normalized units):
Hist | Count | MAE_Pred | MAE_Base | PredDevFromBase
-----|-------|----------|----------|----------------
0    | 71    | 0.8659   | 2.2794   | 2.1910 
1    | 31    | 0.5159   | 1.2121   | 1.1165 
2    | 24    | 0.5134   | 1.0693   | 1.0142 
3-5  | 68    | 0.4283   | 0.9838   | 0.9039 
6+   | 208   | 0.3199   | 0.4743   | 0.3969 

Epoch 197: loss = 0.830315 delta_mae_pts = 0.4613 recap_mae_pts = 0.4613 cat_mae_pts = 0.4682 total_mae_pts = 1.0466 vs_inertia_pts = 0.5104 vs_quad_pts = 1.6310 mon_cov = 0.966 mon_score = 5.1227 time = 16312.16 s
Saved BEST checkpoint @epoch 197 score = 5.1227 -> models\v9_subcaption_fixed\v9fix_w1p0_1770385724733\best 

Epoch 198: Weights {"totalWeight":0.1,"recapWeight":0.05,"deltaWeight":9.75,"categoryWeight":0.05,"quantileWeight":0.6968000000000001,"consistencyWeight":0,"identityDropoutRate":0.5345}, Scales {"judgeBias":1,"corps":1}, SeqLen 15, ID_Drop 0.552, WFW 1.500 

History Bucket Diagnostics (Avg Abs Error per sample, normalized units):
Hist | Count | MAE_Pred | MAE_Base | PredDevFromBase
-----|-------|----------|----------|----------------
0    | 71    | 0.8768   | 2.2794   | 2.1835 
1    | 31    | 0.5206   | 1.2121   | 1.1200 
2    | 24    | 0.5577   | 1.0693   | 0.9842 
3-5  | 68    | 0.4329   | 0.9838   | 0.9047 
6+   | 208   | 0.3331   | 0.4743   | 0.4012 

Epoch 198: loss = 0.789267 delta_mae_pts = 0.4739 recap_mae_pts = 0.4739 cat_mae_pts = 0.4887 total_mae_pts = 1.1121 vs_inertia_pts = 0.4978 vs_quad_pts = 1.6184 mon_cov = 0.962 mon_score = 5.2592 time = 16383.86 s

Epoch 199: Weights {"totalWeight":0.1,"recapWeight":0.05,"deltaWeight":9.75,"categoryWeight":0.05,"quantileWeight":0.7004000000000001,"consistencyWeight":0,"identityDropoutRate":0.5297499999999999}, Scales {"judgeBias":1,"corps":1}, SeqLen 15, ID_Drop 0.530, WFW 1.500 

History Bucket Diagnostics (Avg Abs Error per sample, normalized units):
Hist | Count | MAE_Pred | MAE_Base | PredDevFromBase
-----|-------|----------|----------|----------------
0    | 71    | 0.8473   | 2.2794   | 2.1714 
1    | 31    | 0.5148   | 1.2121   | 1.0995 
2    | 24    | 0.5325   | 1.0693   | 0.9701 
3-5  | 68    | 0.4424   | 0.9838   | 0.9095 
6+   | 208   | 0.3278   | 0.4743   | 0.3998 

Epoch 199: loss = 0.783465 delta_mae_pts = 0.4656 recap_mae_pts = 0.4656 cat_mae_pts = 0.4847 total_mae_pts = 1.0736 vs_inertia_pts = 0.5062 vs_quad_pts = 1.6267 mon_cov = 0.962 mon_score = 5.1696 time = 16456.78 s

Epoch 200: Weights {"totalWeight":0.1,"recapWeight":0.05,"deltaWeight":9.75,"categoryWeight":0.05,"quantileWeight":0.7040000000000002,"consistencyWeight":0,"identityDropoutRate":0.525}, Scales {"judgeBias":1,"corps":1}, SeqLen 15, ID_Drop 0.530, WFW 1.500 

History Bucket Diagnostics (Avg Abs Error per sample, normalized units):
Hist | Count | MAE_Pred | MAE_Base | PredDevFromBase
-----|-------|----------|----------|----------------
0    | 71    | 0.8392   | 2.2794   | 2.1567 
1    | 31    | 0.4978   | 1.2121   | 1.1346 
2    | 24    | 0.5309   | 1.0693   | 0.9458 
3-5  | 68    | 0.4431   | 0.9838   | 0.8978 
6+   | 208   | 0.3194   | 0.4743   | 0.3987 

Epoch 200: loss = 0.791885 delta_mae_pts = 0.4585 recap_mae_pts = 0.4585 cat_mae_pts = 0.4895 total_mae_pts = 1.1177 vs_inertia_pts = 0.5132 vs_quad_pts = 1.6338 mon_cov = 0.965 mon_score = 5.1172 time = 16528.96 s

-- - CAPTION STATS(Epoch 200)-- - 
GE1: delta_pts = 0.3417, recap_pts = 0.3417, cov = 0.950, width = 2.0211 
GE2: delta_pts = 0.3368, recap_pts = 0.3368, cov = 0.958, width = 2.0337 
VP: delta_pts = 0.4154, recap_pts = 0.4154, cov = 0.983, width = 3.7956 
VA: delta_pts = 0.3778, recap_pts = 0.3778, cov = 0.940, width = 2.0931 
CG: delta_pts = 0.4750, recap_pts = 0.4750, cov = 0.978, width = 3.8845 
MB: delta_pts = 0.6044, recap_pts = 0.6044, cov = 0.975, width = 5.5983 
MA: delta_pts = 0.3635, recap_pts = 0.3635, cov = 0.960, width = 2.1481 
MP: delta_pts = 0.7536, recap_pts = 0.7536, cov = 0.973, width = 6.2258 
----------------------------------

Saved BEST checkpoint @epoch 200 score = 5.1172 -> models\v9_subcaption_fixed\v9fix_w1p0_1770385724733\best 

Epoch 201: Weights {"totalWeight":0.1,"recapWeight":0.05,"deltaWeight":9.75,"categoryWeight":0.05,"quantileWeight":0.7076,"consistencyWeight":0,"identityDropoutRate":0.5202500000000001}, Scales {"judgeBias":1,"corps":1}, SeqLen 15, ID_Drop 0.518, WFW 1.500 

History Bucket Diagnostics (Avg Abs Error per sample, normalized units):
Hist | Count | MAE_Pred | MAE_Base | PredDevFromBase
-----|-------|----------|----------|----------------
0    | 71    | 0.8988   | 2.2794   | 2.2491 
1    | 31    | 0.5633   | 1.2121   | 1.1127 
2    | 24    | 0.5617   | 1.0693   | 0.9651 
3-5  | 68    | 0.4370   | 0.9838   | 0.9254 
6+   | 208   | 0.3263   | 0.4743   | 0.4003 

Epoch 201: loss = 0.782618 delta_mae_pts = 0.4785 recap_mae_pts = 0.4785 cat_mae_pts = 0.4963 total_mae_pts = 1.0985 vs_inertia_pts = 0.4932 vs_quad_pts = 1.6138 mon_cov = 0.963 mon_score = 5.3030 time = 16599.51 s

Epoch 202: Weights {"totalWeight":0.1,"recapWeight":0.05,"deltaWeight":9.75,"categoryWeight":0.05,"quantileWeight":0.7112,"consistencyWeight":0,"identityDropoutRate":0.5155000000000001}, Scales {"judgeBias":1,"corps":1}, SeqLen 15, ID_Drop 0.527, WFW 1.500 

History Bucket Diagnostics (Avg Abs Error per sample, normalized units):
Hist | Count | MAE_Pred | MAE_Base | PredDevFromBase
-----|-------|----------|----------|----------------
0    | 71    | 0.8844   | 2.2794   | 2.1982 
1    | 31    | 0.4910   | 1.2121   | 1.0912 
2    | 24    | 0.5470   | 1.0693   | 0.9856 
3-5  | 68    | 0.4249   | 0.9838   | 0.9171 
6+   | 208   | 0.3138   | 0.4743   | 0.4072 

Epoch 202: loss = 0.715563 delta_mae_pts = 0.4610 recap_mae_pts = 0.4610 cat_mae_pts = 0.4765 total_mae_pts = 1.0187 vs_inertia_pts = 0.5107 vs_quad_pts = 1.6313 mon_cov = 0.965 mon_score = 5.1223 time = 16671.43 s

Epoch 203: Weights {"totalWeight":0.1,"recapWeight":0.05,"deltaWeight":9.75,"categoryWeight":0.05,"quantileWeight":0.7147999999999999,"consistencyWeight":0,"identityDropoutRate":0.51075}, Scales {"judgeBias":1,"corps":1}, SeqLen 15, ID_Drop 0.512, WFW 1.500 

History Bucket Diagnostics (Avg Abs Error per sample, normalized units):
Hist | Count | MAE_Pred | MAE_Base | PredDevFromBase
-----|-------|----------|----------|----------------
0    | 71    | 0.8602   | 2.2794   | 2.2216 
1    | 31    | 0.4954   | 1.2121   | 1.1736 
2    | 24    | 0.5308   | 1.0693   | 1.0181 
3-5  | 68    | 0.4350   | 0.9838   | 0.9290 
6+   | 208   | 0.3225   | 0.4743   | 0.4103 

Epoch 203: loss = 0.726579 delta_mae_pts = 0.4623 recap_mae_pts = 0.4623 cat_mae_pts = 0.4771 total_mae_pts = 1.0784 vs_inertia_pts = 0.5094 vs_quad_pts = 1.6300 mon_cov = 0.967 mon_score = 5.1540 time = 16740.51 s

Epoch 204: Weights {"totalWeight":0.1,"recapWeight":0.05,"deltaWeight":9.75,"categoryWeight":0.05,"quantileWeight":0.7183999999999999,"consistencyWeight":0,"identityDropoutRate":0.506}, Scales {"judgeBias":1,"corps":1}, SeqLen 15, ID_Drop 0.519, WFW 1.500 

History Bucket Diagnostics (Avg Abs Error per sample, normalized units):
Hist | Count | MAE_Pred | MAE_Base | PredDevFromBase
-----|-------|----------|----------|----------------
0    | 71    | 0.8734   | 2.2794   | 2.1960 
1    | 31    | 0.4981   | 1.2121   | 1.1453 
2    | 24    | 0.5512   | 1.0693   | 0.9875 
3-5  | 68    | 0.4329   | 0.9838   | 0.9483 
6+   | 208   | 0.3223   | 0.4743   | 0.4144 

Epoch 204: loss = 0.713050 delta_mae_pts = 0.4655 recap_mae_pts = 0.4655 cat_mae_pts = 0.4910 total_mae_pts = 1.1008 vs_inertia_pts = 0.5062 vs_quad_pts = 1.6267 mon_cov = 0.964 mon_score = 5.1623 time = 16809.56 s

Epoch 205: Weights {"totalWeight":0.1,"recapWeight":0.05,"deltaWeight":9.75,"categoryWeight":0.05,"quantileWeight":0.722,"consistencyWeight":0,"identityDropoutRate":0.50125}, Scales {"judgeBias":1,"corps":1}, SeqLen 15, ID_Drop 0.507, WFW 1.500 

History Bucket Diagnostics (Avg Abs Error per sample, normalized units):
Hist | Count | MAE_Pred | MAE_Base | PredDevFromBase
-----|-------|----------|----------|----------------
0    | 71    | 0.8156   | 2.2794   | 2.1329 
1    | 31    | 0.5106   | 1.2121   | 1.1292 
2    | 24    | 0.5243   | 1.0693   | 1.0465 
3-5  | 68    | 0.4393   | 0.9838   | 0.9373 
6+   | 208   | 0.3226   | 0.4743   | 0.4242 

Epoch 205: loss = 0.780805 delta_mae_pts = 0.4559 recap_mae_pts = 0.4559 cat_mae_pts = 0.4912 total_mae_pts = 1.0984 vs_inertia_pts = 0.5158 vs_quad_pts = 1.6363 mon_cov = 0.967 mon_score = 5.0627 time = 16877.55 s
Saved BEST checkpoint @epoch 205 score = 5.0627 -> models\v9_subcaption_fixed\v9fix_w1p0_1770385724733\best 

Epoch 206: Weights {"totalWeight":0.1,"recapWeight":0.05,"deltaWeight":9.75,"categoryWeight":0.05,"quantileWeight":0.7256,"consistencyWeight":0,"identityDropoutRate":0.49650000000000005}, Scales {"judgeBias":1,"corps":1}, SeqLen 15, ID_Drop 0.507, WFW 1.500 

History Bucket Diagnostics (Avg Abs Error per sample, normalized units):
Hist | Count | MAE_Pred | MAE_Base | PredDevFromBase
-----|-------|----------|----------|----------------
0    | 71    | 0.7836   | 2.2794   | 2.1499 
1    | 31    | 0.5103   | 1.2121   | 1.1615 
2    | 24    | 0.5239   | 1.0693   | 1.0199 
3-5  | 68    | 0.4296   | 0.9838   | 0.9209 
6+   | 208   | 0.3161   | 0.4743   | 0.4105 

Epoch 206: loss = 0.765208 delta_mae_pts = 0.4452 recap_mae_pts = 0.4452 cat_mae_pts = 0.4832 total_mae_pts = 1.0829 vs_inertia_pts = 0.5265 vs_quad_pts = 1.6470 mon_cov = 0.966 mon_score = 4.9811 time = 16946.05 s
Saved BEST checkpoint @epoch 206 score = 4.9811 -> models\v9_subcaption_fixed\v9fix_w1p0_1770385724733\best 

Epoch 207: Weights {"totalWeight":0.1,"recapWeight":0.05,"deltaWeight":9.75,"categoryWeight":0.05,"quantileWeight":0.7292000000000001,"consistencyWeight":0,"identityDropoutRate":0.49175}, Scales {"judgeBias":1,"corps":1}, SeqLen 15, ID_Drop 0.486, WFW 1.500 

History Bucket Diagnostics (Avg Abs Error per sample, normalized units):
Hist | Count | MAE_Pred | MAE_Base | PredDevFromBase
-----|-------|----------|----------|----------------
0    | 71    | 0.7968   | 2.2794   | 2.1658 
1    | 31    | 0.5201   | 1.2121   | 1.1650 
2    | 24    | 0.6010   | 1.0693   | 0.9937 
3-5  | 68    | 0.4507   | 0.9838   | 0.9769 
6+   | 208   | 0.3227   | 0.4743   | 0.4275 

Epoch 207: loss = 0.688018 delta_mae_pts = 0.4599 recap_mae_pts = 0.4599 cat_mae_pts = 0.5077 total_mae_pts = 1.1336 vs_inertia_pts = 0.5118 vs_quad_pts = 1.6323 mon_cov = 0.962 mon_score = 5.1278 time = 17011.81 s

Epoch 208: Weights {"totalWeight":0.1,"recapWeight":0.05,"deltaWeight":9.75,"categoryWeight":0.05,"quantileWeight":0.7327999999999999,"consistencyWeight":0,"identityDropoutRate":0.487}, Scales {"judgeBias":1,"corps":1}, SeqLen 15, ID_Drop 0.501, WFW 1.500 

History Bucket Diagnostics (Avg Abs Error per sample, normalized units):
Hist | Count | MAE_Pred | MAE_Base | PredDevFromBase
-----|-------|----------|----------|----------------
0    | 71    | 0.8187   | 2.2794   | 2.1565 
1    | 31    | 0.5318   | 1.2121   | 1.1243 
2    | 24    | 0.5509   | 1.0693   | 1.0383 
3-5  | 68    | 0.4345   | 0.9838   | 0.9520 
6+   | 208   | 0.3288   | 0.4743   | 0.4297 

Epoch 208: loss = 0.715357 delta_mae_pts = 0.4621 recap_mae_pts = 0.4621 cat_mae_pts = 0.5160 total_mae_pts = 1.1638 vs_inertia_pts = 0.5096 vs_quad_pts = 1.6302 mon_cov = 0.965 mon_score = 5.1617 time = 17079.82 s

Epoch 209: Weights {"totalWeight":0.1,"recapWeight":0.05,"deltaWeight":9.75,"categoryWeight":0.05,"quantileWeight":0.7363999999999999,"consistencyWeight":0,"identityDropoutRate":0.48224999999999996}, Scales {"judgeBias":1,"corps":1}, SeqLen 15, ID_Drop 0.492, WFW 1.500 

History Bucket Diagnostics (Avg Abs Error per sample, normalized units):
Hist | Count | MAE_Pred | MAE_Base | PredDevFromBase
-----|-------|----------|----------|----------------
0    | 71    | 0.8370   | 2.2794   | 2.2279 
1    | 31    | 0.5208   | 1.2121   | 1.1875 
2    | 24    | 0.5250   | 1.0693   | 1.0098 
3-5  | 68    | 0.4405   | 0.9838   | 0.9553 
6+   | 208   | 0.3130   | 0.4743   | 0.4098 

Epoch 209: loss = 0.755151 delta_mae_pts = 0.4558 recap_mae_pts = 0.4558 cat_mae_pts = 0.4806 total_mae_pts = 1.0412 vs_inertia_pts = 0.5159 vs_quad_pts = 1.6365 mon_cov = 0.961 mon_score = 5.0538 time = 17153.86 s

Epoch 210: Weights {"totalWeight":0.1,"recapWeight":0.05,"deltaWeight":9.75,"categoryWeight":0.05,"quantileWeight":0.74,"consistencyWeight":0,"identityDropoutRate":0.47750000000000004}, Scales {"judgeBias":1,"corps":1}, SeqLen 15, ID_Drop 0.489, WFW 1.500 

History Bucket Diagnostics (Avg Abs Error per sample, normalized units):
Hist | Count | MAE_Pred | MAE_Base | PredDevFromBase
-----|-------|----------|----------|----------------
0    | 71    | 0.8223   | 2.2794   | 2.1497 
1    | 31    | 0.5089   | 1.2121   | 1.1198 
2    | 24    | 0.5160   | 1.0693   | 0.9773 
3-5  | 68    | 0.4421   | 0.9838   | 0.8868 
6+   | 208   | 0.3143   | 0.4743   | 0.3951 

Epoch 210: loss = 0.700006 delta_mae_pts = 0.4527 recap_mae_pts = 0.4527 cat_mae_pts = 0.4843 total_mae_pts = 1.0713 vs_inertia_pts = 0.5190 vs_quad_pts = 1.6396 mon_cov = 0.969 mon_score = 5.0608 time = 17226.39 s

Epoch 211: Weights {"totalWeight":0.1,"recapWeight":0.05,"deltaWeight":9.75,"categoryWeight":0.05,"quantileWeight":0.7436,"consistencyWeight":0,"identityDropoutRate":0.47275}, Scales {"judgeBias":1,"corps":1}, SeqLen 15, ID_Drop 0.482, WFW 1.500 

History Bucket Diagnostics (Avg Abs Error per sample, normalized units):
Hist | Count | MAE_Pred | MAE_Base | PredDevFromBase
-----|-------|----------|----------|----------------
0    | 71    | 0.8733   | 2.2794   | 2.1840 
1    | 31    | 0.5063   | 1.2121   | 1.1329 
2    | 24    | 0.5234   | 1.0693   | 0.9616 
3-5  | 68    | 0.4391   | 0.9838   | 0.8978 
6+   | 208   | 0.3289   | 0.4743   | 0.3938 

Epoch 211: loss = 0.710132 delta_mae_pts = 0.4690 recap_mae_pts = 0.4690 cat_mae_pts = 0.4973 total_mae_pts = 1.1291 vs_inertia_pts = 0.5027 vs_quad_pts = 1.6233 mon_cov = 0.963 mon_score = 5.2454 time = 17296.82 s

Epoch 212: Weights {"totalWeight":0.1,"recapWeight":0.05,"deltaWeight":9.75,"categoryWeight":0.05,"quantileWeight":0.7472000000000001,"consistencyWeight":0,"identityDropoutRate":0.46799999999999997}, Scales {"judgeBias":1,"corps":1}, SeqLen 15, ID_Drop 0.476, WFW 1.500 

History Bucket Diagnostics (Avg Abs Error per sample, normalized units):
Hist | Count | MAE_Pred | MAE_Base | PredDevFromBase
-----|-------|----------|----------|----------------
0    | 71    | 0.8744   | 2.2794   | 2.1845 
1    | 31    | 0.4959   | 1.2121   | 1.1118 
2    | 24    | 0.5435   | 1.0693   | 0.9704 
3-5  | 68    | 0.4332   | 0.9838   | 0.8995 
6+   | 208   | 0.3244   | 0.4743   | 0.4091 

Epoch 212: loss = 0.715797 delta_mae_pts = 0.4663 recap_mae_pts = 0.4663 cat_mae_pts = 0.4860 total_mae_pts = 1.0663 vs_inertia_pts = 0.5055 vs_quad_pts = 1.6260 mon_cov = 0.964 mon_score = 5.1930 time = 17367.94 s

Epoch 213: Weights {"totalWeight":0.1,"recapWeight":0.05,"deltaWeight":9.75,"categoryWeight":0.05,"quantileWeight":0.7507999999999999,"consistencyWeight":0,"identityDropoutRate":0.46325000000000005}, Scales {"judgeBias":1,"corps":1}, SeqLen 15, ID_Drop 0.474, WFW 1.500 

History Bucket Diagnostics (Avg Abs Error per sample, normalized units):
Hist | Count | MAE_Pred | MAE_Base | PredDevFromBase
-----|-------|----------|----------|----------------
0    | 71    | 0.8699   | 2.2794   | 2.2485 
1    | 31    | 0.5110   | 1.2121   | 1.1407 
2    | 24    | 0.5556   | 1.0693   | 1.0009 
3-5  | 68    | 0.4329   | 0.9838   | 0.9100 
6+   | 208   | 0.3189   | 0.4743   | 0.4016 

Epoch 213: loss = 0.699433 delta_mae_pts = 0.4645 recap_mae_pts = 0.4645 cat_mae_pts = 0.4878 total_mae_pts = 1.0733 vs_inertia_pts = 0.5072 vs_quad_pts = 1.6278 mon_cov = 0.964 mon_score = 5.1467 time = 17438.71 s

Epoch 214: Weights {"totalWeight":0.1,"recapWeight":0.05,"deltaWeight":9.75,"categoryWeight":0.05,"quantileWeight":0.7544,"consistencyWeight":0,"identityDropoutRate":0.4585}, Scales {"judgeBias":1,"corps":1}, SeqLen 15, ID_Drop 0.465, WFW 1.500 

History Bucket Diagnostics (Avg Abs Error per sample, normalized units):
Hist | Count | MAE_Pred | MAE_Base | PredDevFromBase
-----|-------|----------|----------|----------------
0    | 71    | 0.9009   | 2.2794   | 2.2222 
1    | 31    | 0.5008   | 1.2121   | 1.1019 
2    | 24    | 0.5207   | 1.0693   | 0.9588 
3-5  | 68    | 0.4267   | 0.9838   | 0.9064 
6+   | 208   | 0.3178   | 0.4743   | 0.3973 

Epoch 214: loss = 0.701455 delta_mae_pts = 0.4654 recap_mae_pts = 0.4654 cat_mae_pts = 0.4847 total_mae_pts = 1.0666 vs_inertia_pts = 0.5063 vs_quad_pts = 1.6268 mon_cov = 0.964 mon_score = 5.1721 time = 17508.75 s

Epoch 215: Weights {"totalWeight":0.1,"recapWeight":0.05,"deltaWeight":9.75,"categoryWeight":0.05,"quantileWeight":0.758,"consistencyWeight":0,"identityDropoutRate":0.4537500000000001}, Scales {"judgeBias":1,"corps":1}, SeqLen 15, ID_Drop 0.464, WFW 1.500 

History Bucket Diagnostics (Avg Abs Error per sample, normalized units):
Hist | Count | MAE_Pred | MAE_Base | PredDevFromBase
-----|-------|----------|----------|----------------
0    | 71    | 0.8637   | 2.2794   | 2.1709 
1    | 31    | 0.5130   | 1.2121   | 1.1580 
2    | 24    | 0.5360   | 1.0693   | 1.0033 
3-5  | 68    | 0.4221   | 0.9838   | 0.9438 
6+   | 208   | 0.3136   | 0.4743   | 0.4081 

Epoch 215: loss = 0.698863 delta_mae_pts = 0.4578 recap_mae_pts = 0.4578 cat_mae_pts = 0.4801 total_mae_pts = 1.0561 vs_inertia_pts = 0.5139 vs_quad_pts = 1.6345 mon_cov = 0.966 mon_score = 5.0812 time = 17577.89 s

Epoch 216: Weights {"totalWeight":0.1,"recapWeight":0.05,"deltaWeight":9.75,"categoryWeight":0.05,"quantileWeight":0.7616,"consistencyWeight":0,"identityDropoutRate":0.44900000000000007}, Scales {"judgeBias":1,"corps":1}, SeqLen 15, ID_Drop 0.450, WFW 1.500 

History Bucket Diagnostics (Avg Abs Error per sample, normalized units):
Hist | Count | MAE_Pred | MAE_Base | PredDevFromBase
-----|-------|----------|----------|----------------
0    | 71    | 0.8483   | 2.2794   | 2.1573 
1    | 31    | 0.5096   | 1.2121   | 1.1550 
2    | 24    | 0.5143   | 1.0693   | 1.0106 
3-5  | 68    | 0.4374   | 0.9838   | 0.9226 
6+   | 208   | 0.3169   | 0.4743   | 0.4067 

Epoch 216: loss = 0.758825 delta_mae_pts = 0.4578 recap_mae_pts = 0.4578 cat_mae_pts = 0.4821 total_mae_pts = 1.0576 vs_inertia_pts = 0.5139 vs_quad_pts = 1.6345 mon_cov = 0.966 mon_score = 5.1070 time = 17646.72 s

Epoch 217: Weights {"totalWeight":0.1,"recapWeight":0.05,"deltaWeight":9.75,"categoryWeight":0.05,"quantileWeight":0.7652000000000001,"consistencyWeight":0,"identityDropoutRate":0.44425000000000003}, Scales {"judgeBias":1,"corps":1}, SeqLen 15, ID_Drop 0.444, WFW 1.500 

History Bucket Diagnostics (Avg Abs Error per sample, normalized units):
Hist | Count | MAE_Pred | MAE_Base | PredDevFromBase
-----|-------|----------|----------|----------------
0    | 71    | 0.8762   | 2.2794   | 2.2377 
1    | 31    | 0.4821   | 1.2121   | 1.1082 
2    | 24    | 0.5585   | 1.0693   | 0.9454 
3-5  | 68    | 0.4350   | 0.9838   | 0.9102 
6+   | 208   | 0.3107   | 0.4743   | 0.4086 

Epoch 217: loss = 0.684316 delta_mae_pts = 0.4596 recap_mae_pts = 0.4596 cat_mae_pts = 0.4804 total_mae_pts = 1.0461 vs_inertia_pts = 0.5121 vs_quad_pts = 1.6326 mon_cov = 0.968 mon_score = 5.1244 time = 17715.88 s

Epoch 218: Weights {"totalWeight":0.1,"recapWeight":0.05,"deltaWeight":9.75,"categoryWeight":0.05,"quantileWeight":0.7687999999999999,"consistencyWeight":0,"identityDropoutRate":0.4395}, Scales {"judgeBias":1,"corps":1}, SeqLen 15, ID_Drop 0.449, WFW 1.500 

History Bucket Diagnostics (Avg Abs Error per sample, normalized units):
Hist | Count | MAE_Pred | MAE_Base | PredDevFromBase
-----|-------|----------|----------|----------------
0    | 71    | 0.9198   | 2.2794   | 2.2499 
1    | 31    | 0.5171   | 1.2121   | 1.1848 
2    | 24    | 0.5389   | 1.0693   | 1.0330 
3-5  | 68    | 0.4324   | 0.9838   | 0.9434 
6+   | 208   | 0.3236   | 0.4743   | 0.4257 

Epoch 218: loss = 0.708816 delta_mae_pts = 0.4751 recap_mae_pts = 0.4751 cat_mae_pts = 0.5006 total_mae_pts = 1.1222 vs_inertia_pts = 0.4966 vs_quad_pts = 1.6172 mon_cov = 0.965 mon_score = 5.2672 time = 17783.93 s

Epoch 219: Weights {"totalWeight":0.1,"recapWeight":0.05,"deltaWeight":9.75,"categoryWeight":0.05,"quantileWeight":0.7724,"consistencyWeight":0,"identityDropoutRate":0.4347500000000001}, Scales {"judgeBias":1,"corps":1}, SeqLen 15, ID_Drop 0.458, WFW 1.500 

History Bucket Diagnostics (Avg Abs Error per sample, normalized units):
Hist | Count | MAE_Pred | MAE_Base | PredDevFromBase
-----|-------|----------|----------|----------------
0    | 71    | 0.8495   | 2.2794   | 2.1745 
1    | 31    | 0.5118   | 1.2121   | 1.1125 
2    | 24    | 0.5875   | 1.0693   | 0.9514 
3-5  | 68    | 0.4439   | 0.9838   | 0.8947 
6+   | 208   | 0.3230   | 0.4743   | 0.3997 

Epoch 219: loss = 0.762718 delta_mae_pts = 0.4668 recap_mae_pts = 0.4668 cat_mae_pts = 0.4826 total_mae_pts = 1.0670 vs_inertia_pts = 0.5049 vs_quad_pts = 1.6255 mon_cov = 0.960 mon_score = 5.1759 time = 17850.65 s

Epoch 220: Weights {"totalWeight":0.1,"recapWeight":0.05,"deltaWeight":9.75,"categoryWeight":0.05,"quantileWeight":0.776,"consistencyWeight":0,"identityDropoutRate":0.43000000000000005}, Scales {"judgeBias":1,"corps":1}, SeqLen 15, ID_Drop 0.450, WFW 1.500 

History Bucket Diagnostics (Avg Abs Error per sample, normalized units):
Hist | Count | MAE_Pred | MAE_Base | PredDevFromBase
-----|-------|----------|----------|----------------
0    | 71    | 0.8359   | 2.2794   | 2.1512 
1    | 31    | 0.4978   | 1.2121   | 1.0825 
2    | 24    | 0.5557   | 1.0693   | 0.9769 
3-5  | 68    | 0.4372   | 0.9838   | 0.9032 
6+   | 208   | 0.3207   | 0.4743   | 0.3903 

Epoch 220: loss = 0.758266 delta_mae_pts = 0.4591 recap_mae_pts = 0.4591 cat_mae_pts = 0.4907 total_mae_pts = 1.0784 vs_inertia_pts = 0.5126 vs_quad_pts = 1.6332 mon_cov = 0.965 mon_score = 5.1002 time = 17916.93 s

Epoch 221: Weights {"totalWeight":0.1,"recapWeight":0.05,"deltaWeight":9.75,"categoryWeight":0.05,"quantileWeight":0.7796000000000001,"consistencyWeight":0,"identityDropoutRate":0.42525}, Scales {"judgeBias":1,"corps":1}, SeqLen 15, ID_Drop 0.434, WFW 1.500 

History Bucket Diagnostics (Avg Abs Error per sample, normalized units):
Hist | Count | MAE_Pred | MAE_Base | PredDevFromBase
-----|-------|----------|----------|----------------
0    | 71    | 0.8394   | 2.2794   | 2.2008 
1    | 31    | 0.5203   | 1.2121   | 1.1370 
2    | 24    | 0.5420   | 1.0693   | 0.9935 
3-5  | 68    | 0.4366   | 0.9838   | 0.9146 
6+   | 208   | 0.3119   | 0.4743   | 0.4119 

Epoch 221: loss = 0.756711 delta_mae_pts = 0.4560 recap_mae_pts = 0.4560 cat_mae_pts = 0.4765 total_mae_pts = 1.0484 vs_inertia_pts = 0.5157 vs_quad_pts = 1.6363 mon_cov = 0.966 mon_score = 5.0885 time = 17981.64 s

Epoch 222: Weights {"totalWeight":0.1,"recapWeight":0.05,"deltaWeight":9.75,"categoryWeight":0.05,"quantileWeight":0.7832000000000001,"consistencyWeight":0,"identityDropoutRate":0.4205}, Scales {"judgeBias":1,"corps":1}, SeqLen 15, ID_Drop 0.446, WFW 1.500 

History Bucket Diagnostics (Avg Abs Error per sample, normalized units):
Hist | Count | MAE_Pred | MAE_Base | PredDevFromBase
-----|-------|----------|----------|----------------
0    | 71    | 0.8353   | 2.2794   | 2.1775 
1    | 31    | 0.5018   | 1.2121   | 1.1186 
2    | 24    | 0.5475   | 1.0693   | 0.9981 
3-5  | 68    | 0.4246   | 0.9838   | 0.9192 
6+   | 208   | 0.3165   | 0.4743   | 0.3973 

Epoch 222: loss = 0.740040 delta_mae_pts = 0.4545 recap_mae_pts = 0.4545 cat_mae_pts = 0.4770 total_mae_pts = 1.0543 vs_inertia_pts = 0.5172 vs_quad_pts = 1.6378 mon_cov = 0.966 mon_score = 5.0611 time = 18048.95 s

Epoch 223: Weights {"totalWeight":0.1,"recapWeight":0.05,"deltaWeight":9.75,"categoryWeight":0.05,"quantileWeight":0.7867999999999999,"consistencyWeight":0,"identityDropoutRate":0.41575000000000006}, Scales {"judgeBias":1,"corps":1}, SeqLen 15, ID_Drop 0.442, WFW 1.500 

History Bucket Diagnostics (Avg Abs Error per sample, normalized units):
Hist | Count | MAE_Pred | MAE_Base | PredDevFromBase
-----|-------|----------|----------|----------------
0    | 71    | 0.8175   | 2.2794   | 2.0985 
1    | 31    | 0.5168   | 1.2121   | 1.1425 
2    | 24    | 0.5233   | 1.0693   | 1.0234 
3-5  | 68    | 0.4307   | 0.9838   | 0.9195 
6+   | 208   | 0.3296   | 0.4743   | 0.4086 

Epoch 223: loss = 0.755754 delta_mae_pts = 0.4589 recap_mae_pts = 0.4589 cat_mae_pts = 0.4804 total_mae_pts = 1.0618 vs_inertia_pts = 0.5128 vs_quad_pts = 1.6334 mon_cov = 0.962 mon_score = 5.1126 time = 18116.76 s

Epoch 224: Weights {"totalWeight":0.1,"recapWeight":0.05,"deltaWeight":9.75,"categoryWeight":0.05,"quantileWeight":0.7904,"consistencyWeight":0,"identityDropoutRate":0.41100000000000003}, Scales {"judgeBias":1,"corps":1}, SeqLen 15, ID_Drop 0.414, WFW 1.500 

History Bucket Diagnostics (Avg Abs Error per sample, normalized units):
Hist | Count | MAE_Pred | MAE_Base | PredDevFromBase
-----|-------|----------|----------|----------------
0    | 71    | 0.8449   | 2.2794   | 2.1798 
1    | 31    | 0.4921   | 1.2121   | 1.1428 
2    | 24    | 0.5391   | 1.0693   | 0.9107 
3-5  | 68    | 0.4278   | 0.9838   | 0.8867 
6+   | 208   | 0.3160   | 0.4743   | 0.3902 

Epoch 224: loss = 0.741463 delta_mae_pts = 0.4552 recap_mae_pts = 0.4552 cat_mae_pts = 0.4752 total_mae_pts = 1.0260 vs_inertia_pts = 0.5165 vs_quad_pts = 1.6371 mon_cov = 0.964 mon_score = 5.0728 time = 18186.41 s

Epoch 225: Weights {"totalWeight":0.1,"recapWeight":0.05,"deltaWeight":9.75,"categoryWeight":0.05,"quantileWeight":0.794,"consistencyWeight":0,"identityDropoutRate":0.40625}, Scales {"judgeBias":1,"corps":1}, SeqLen 15, ID_Drop 0.430, WFW 1.500 

History Bucket Diagnostics (Avg Abs Error per sample, normalized units):
Hist | Count | MAE_Pred | MAE_Base | PredDevFromBase
-----|-------|----------|----------|----------------
0    | 71    | 0.8577   | 2.2794   | 2.2059 
1    | 31    | 0.5380   | 1.2121   | 1.1660 
2    | 24    | 0.5572   | 1.0693   | 0.9855 
3-5  | 68    | 0.4366   | 0.9838   | 0.8894 
6+   | 208   | 0.3278   | 0.4743   | 0.4037 

Epoch 225: loss = 0.736438 delta_mae_pts = 0.4697 recap_mae_pts = 0.4697 cat_mae_pts = 0.4885 total_mae_pts = 1.0668 vs_inertia_pts = 0.5020 vs_quad_pts = 1.6226 mon_cov = 0.963 mon_score = 5.2113 time = 18253.19 s

Epoch 226: Weights {"totalWeight":0.1,"recapWeight":0.05,"deltaWeight":9.75,"categoryWeight":0.05,"quantileWeight":0.7976000000000001,"consistencyWeight":0,"identityDropoutRate":0.4015000000000001}, Scales {"judgeBias":1,"corps":1}, SeqLen 15, ID_Drop 0.427, WFW 1.500 

History Bucket Diagnostics (Avg Abs Error per sample, normalized units):
Hist | Count | MAE_Pred | MAE_Base | PredDevFromBase
-----|-------|----------|----------|----------------
0    | 71    | 0.8525   | 2.2794   | 2.1286 
1    | 31    | 0.4917   | 1.2121   | 1.0761 
2    | 24    | 0.5572   | 1.0693   | 0.9361 
3-5  | 68    | 0.4208   | 0.9838   | 0.9132 
6+   | 208   | 0.3151   | 0.4743   | 0.3884 

Epoch 226: loss = 0.744416 delta_mae_pts = 0.4559 recap_mae_pts = 0.4559 cat_mae_pts = 0.4803 total_mae_pts = 1.0654 vs_inertia_pts = 0.5158 vs_quad_pts = 1.6363 mon_cov = 0.968 mon_score = 5.0900 time = 18323.74 s

Epoch 227: Weights {"totalWeight":0.1,"recapWeight":0.05,"deltaWeight":9.75,"categoryWeight":0.05,"quantileWeight":0.8012000000000001,"consistencyWeight":0,"identityDropoutRate":0.39675000000000005}, Scales {"judgeBias":1,"corps":1}, SeqLen 15, ID_Drop 0.418, WFW 1.500 

History Bucket Diagnostics (Avg Abs Error per sample, normalized units):
Hist | Count | MAE_Pred | MAE_Base | PredDevFromBase
-----|-------|----------|----------|----------------
0    | 71    | 0.8764   | 2.2794   | 2.1807 
1    | 31    | 0.5029   | 1.2121   | 1.1051 
2    | 24    | 0.5676   | 1.0693   | 0.9356 
3-5  | 68    | 0.4404   | 0.9838   | 0.8968 
6+   | 208   | 0.3220   | 0.4743   | 0.3953 

Epoch 227: loss = 0.743854 delta_mae_pts = 0.4685 recap_mae_pts = 0.4685 cat_mae_pts = 0.5058 total_mae_pts = 1.1129 vs_inertia_pts = 0.5032 vs_quad_pts = 1.6237 mon_cov = 0.961 mon_score = 5.2132 time = 18390.61 s

Epoch 228: Weights {"totalWeight":0.1,"recapWeight":0.05,"deltaWeight":9.75,"categoryWeight":0.05,"quantileWeight":0.8048,"consistencyWeight":0,"identityDropoutRate":0.392}, Scales {"judgeBias":1,"corps":1}, SeqLen 15, ID_Drop 0.394, WFW 1.500 

History Bucket Diagnostics (Avg Abs Error per sample, normalized units):
Hist | Count | MAE_Pred | MAE_Base | PredDevFromBase
-----|-------|----------|----------|----------------
0    | 71    | 0.8803   | 2.2794   | 2.2356 
1    | 31    | 0.5026   | 1.2121   | 1.1698 
2    | 24    | 0.5395   | 1.0693   | 1.0022 
3-5  | 68    | 0.4213   | 0.9838   | 0.9334 
6+   | 208   | 0.3102   | 0.4743   | 0.4079 

Epoch 228: loss = 0.734483 delta_mae_pts = 0.4582 recap_mae_pts = 0.4582 cat_mae_pts = 0.4764 total_mae_pts = 1.0412 vs_inertia_pts = 0.5135 vs_quad_pts = 1.6341 mon_cov = 0.965 mon_score = 5.0844 time = 18457.39 s

Epoch 229: Weights {"totalWeight":0.1,"recapWeight":0.05,"deltaWeight":9.75,"categoryWeight":0.05,"quantileWeight":0.8084,"consistencyWeight":0,"identityDropoutRate":0.38725}, Scales {"judgeBias":1,"corps":1}, SeqLen 15, ID_Drop 0.395, WFW 1.500 

History Bucket Diagnostics (Avg Abs Error per sample, normalized units):
Hist | Count | MAE_Pred | MAE_Base | PredDevFromBase
-----|-------|----------|----------|----------------
0    | 71    | 0.8850   | 2.2794   | 2.2190 
1    | 31    | 0.5192   | 1.2121   | 1.1145 
2    | 24    | 0.5588   | 1.0693   | 0.9722 
3-5  | 68    | 0.4321   | 0.9838   | 0.9293 
6+   | 208   | 0.3185   | 0.4743   | 0.4075 

Epoch 229: loss = 0.729147 delta_mae_pts = 0.4676 recap_mae_pts = 0.4676 cat_mae_pts = 0.4907 total_mae_pts = 1.0516 vs_inertia_pts = 0.5041 vs_quad_pts = 1.6247 mon_cov = 0.963 mon_score = 5.1874 time = 18529.82 s

Epoch 230: Weights {"totalWeight":0.1,"recapWeight":0.05,"deltaWeight":9.75,"categoryWeight":0.05,"quantileWeight":0.812,"consistencyWeight":0,"identityDropoutRate":0.38250000000000006}, Scales {"judgeBias":1,"corps":1}, SeqLen 15, ID_Drop 0.395, WFW 1.500 

History Bucket Diagnostics (Avg Abs Error per sample, normalized units):
Hist | Count | MAE_Pred | MAE_Base | PredDevFromBase
-----|-------|----------|----------|----------------
0    | 71    | 0.8450   | 2.2794   | 2.1525 
1    | 31    | 0.4976   | 1.2121   | 1.1097 
2    | 24    | 0.5554   | 1.0693   | 0.9786 
3-5  | 68    | 0.4181   | 0.9838   | 0.9063 
6+   | 208   | 0.3187   | 0.4743   | 0.3929 

Epoch 230: loss = 0.737163 delta_mae_pts = 0.4564 recap_mae_pts = 0.4564 cat_mae_pts = 0.4791 total_mae_pts = 1.0665 vs_inertia_pts = 0.5154 vs_quad_pts = 1.6359 mon_cov = 0.965 mon_score = 5.0876 time = 18599.87 s

Epoch 231: Weights {"totalWeight":0.1,"recapWeight":0.05,"deltaWeight":9.75,"categoryWeight":0.05,"quantileWeight":0.8156000000000001,"consistencyWeight":0,"identityDropoutRate":0.37775000000000003}, Scales {"judgeBias":1,"corps":1}, SeqLen 15, ID_Drop 0.390, WFW 1.500 

History Bucket Diagnostics (Avg Abs Error per sample, normalized units):
Hist | Count | MAE_Pred | MAE_Base | PredDevFromBase
-----|-------|----------|----------|----------------
0    | 71    | 0.8295   | 2.2794   | 2.1426 
1    | 31    | 0.5002   | 1.2121   | 1.1153 
2    | 24    | 0.5275   | 1.0693   | 1.0279 
3-5  | 68    | 0.4198   | 0.9838   | 0.9378 
6+   | 208   | 0.3137   | 0.4743   | 0.4255 

Epoch 231: loss = 0.655385 delta_mae_pts = 0.4499 recap_mae_pts = 0.4499 cat_mae_pts = 0.4845 total_mae_pts = 1.0918 vs_inertia_pts = 0.5218 vs_quad_pts = 1.6424 mon_cov = 0.965 mon_score = 5.0256 time = 18669.10 s

Epoch 232: Weights {"totalWeight":0.1,"recapWeight":0.05,"deltaWeight":9.75,"categoryWeight":0.05,"quantileWeight":0.8191999999999999,"consistencyWeight":0,"identityDropoutRate":0.373}, Scales {"judgeBias":1,"corps":1}, SeqLen 15, ID_Drop 0.366, WFW 1.500 

History Bucket Diagnostics (Avg Abs Error per sample, normalized units):
Hist | Count | MAE_Pred | MAE_Base | PredDevFromBase
-----|-------|----------|----------|----------------
0    | 71    | 0.8520   | 2.2794   | 2.1853 
1    | 31    | 0.4882   | 1.2121   | 1.1164 
2    | 24    | 0.5401   | 1.0693   | 1.0030 
3-5  | 68    | 0.4304   | 0.9838   | 0.9319 
6+   | 208   | 0.3151   | 0.4743   | 0.4019 

Epoch 232: loss = 0.665046 delta_mae_pts = 0.4562 recap_mae_pts = 0.4562 cat_mae_pts = 0.4892 total_mae_pts = 1.0938 vs_inertia_pts = 0.5155 vs_quad_pts = 1.6361 mon_cov = 0.964 mon_score = 5.0915 time = 18738.75 s

Epoch 233: Weights {"totalWeight":0.1,"recapWeight":0.05,"deltaWeight":9.75,"categoryWeight":0.05,"quantileWeight":0.8228,"consistencyWeight":0,"identityDropoutRate":0.36824999999999997}, Scales {"judgeBias":1,"corps":1}, SeqLen 15, ID_Drop 0.388, WFW 1.500 

History Bucket Diagnostics (Avg Abs Error per sample, normalized units):
Hist | Count | MAE_Pred | MAE_Base | PredDevFromBase
-----|-------|----------|----------|----------------
0    | 71    | 0.8506   | 2.2794   | 2.1725 
1    | 31    | 0.4899   | 1.2121   | 1.1286 
2    | 24    | 0.5488   | 1.0693   | 0.9843 
3-5  | 68    | 0.4215   | 0.9838   | 0.9162 
6+   | 208   | 0.3119   | 0.4743   | 0.3963 

Epoch 233: loss = 0.659409 delta_mae_pts = 0.4535 recap_mae_pts = 0.4535 cat_mae_pts = 0.4829 total_mae_pts = 1.0721 vs_inertia_pts = 0.5183 vs_quad_pts = 1.6388 mon_cov = 0.967 mon_score = 5.0587 time = 18807.31 s

Epoch 234: Weights {"totalWeight":0.1,"recapWeight":0.05,"deltaWeight":9.75,"categoryWeight":0.05,"quantileWeight":0.8264,"consistencyWeight":0,"identityDropoutRate":0.36350000000000005}, Scales {"judgeBias":1,"corps":1}, SeqLen 15, ID_Drop 0.361, WFW 1.500 

History Bucket Diagnostics (Avg Abs Error per sample, normalized units):
Hist | Count | MAE_Pred | MAE_Base | PredDevFromBase
-----|-------|----------|----------|----------------
0    | 71    | 0.7814   | 2.2794   | 2.1300 
1    | 31    | 0.4928   | 1.2121   | 1.1233 
2    | 24    | 0.5407   | 1.0693   | 0.9923 
3-5  | 68    | 0.4208   | 0.9838   | 0.9194 
6+   | 208   | 0.3125   | 0.4743   | 0.4100 

Epoch 234: loss = 0.704139 delta_mae_pts = 0.4412 recap_mae_pts = 0.4412 cat_mae_pts = 0.4726 total_mae_pts = 1.0484 vs_inertia_pts = 0.5305 vs_quad_pts = 1.6511 mon_cov = 0.965 mon_score = 4.9326 time = 18876.34 s
Saved BEST checkpoint @epoch 234 score = 4.9326 -> models\v9_subcaption_fixed\v9fix_w1p0_1770385724733\best 

Epoch 235: Weights {"totalWeight":0.1,"recapWeight":0.05,"deltaWeight":9.75,"categoryWeight":0.05,"quantileWeight":0.8300000000000001,"consistencyWeight":0,"identityDropoutRate":0.35875}, Scales {"judgeBias":1,"corps":1}, SeqLen 15, ID_Drop 0.359, WFW 1.500 

History Bucket Diagnostics (Avg Abs Error per sample, normalized units):
Hist | Count | MAE_Pred | MAE_Base | PredDevFromBase
-----|-------|----------|----------|----------------
0    | 71    | 0.7806   | 2.2794   | 2.1101 
1    | 31    | 0.5132   | 1.2121   | 1.1240 
2    | 24    | 0.5406   | 1.0693   | 0.9948 
3-5  | 68    | 0.4221   | 0.9838   | 0.9172 
6+   | 208   | 0.3088   | 0.4743   | 0.4035 

Epoch 235: loss = 0.702631 delta_mae_pts = 0.4409 recap_mae_pts = 0.4409 cat_mae_pts = 0.4744 total_mae_pts = 1.0571 vs_inertia_pts = 0.5308 vs_quad_pts = 1.6514 mon_cov = 0.967 mon_score = 4.9233 time = 18952.98 s
Saved BEST checkpoint @epoch 235 score = 4.9233 -> models\v9_subcaption_fixed\v9fix_w1p0_1770385724733\best 

Epoch 236: Weights {"totalWeight":0.1,"recapWeight":0.05,"deltaWeight":9.75,"categoryWeight":0.05,"quantileWeight":0.8335999999999999,"consistencyWeight":0,"identityDropoutRate":0.354}, Scales {"judgeBias":1,"corps":1}, SeqLen 15, ID_Drop 0.354, WFW 1.500 

History Bucket Diagnostics (Avg Abs Error per sample, normalized units):
Hist | Count | MAE_Pred | MAE_Base | PredDevFromBase
-----|-------|----------|----------|----------------
0    | 71    | 0.7937   | 2.2794   | 2.1106 
1    | 31    | 0.4792   | 1.2121   | 1.1716 
2    | 24    | 0.5520   | 1.0693   | 1.0374 
3-5  | 68    | 0.4244   | 0.9838   | 0.9584 
6+   | 208   | 0.3111   | 0.4743   | 0.4339 

Epoch 236: loss = 0.693872 delta_mae_pts = 0.4429 recap_mae_pts = 0.4429 cat_mae_pts = 0.4779 total_mae_pts = 1.0881 vs_inertia_pts = 0.5289 vs_quad_pts = 1.6494 mon_cov = 0.966 mon_score = 4.9397 time = 19045.26 s

Epoch 237: Weights {"totalWeight":0.1,"recapWeight":0.05,"deltaWeight":9.75,"categoryWeight":0.05,"quantileWeight":0.8371999999999999,"consistencyWeight":0,"identityDropoutRate":0.34924999999999995}, Scales {"judgeBias":1,"corps":1}, SeqLen 15, ID_Drop 0.349, WFW 1.500 

History Bucket Diagnostics (Avg Abs Error per sample, normalized units):
Hist | Count | MAE_Pred | MAE_Base | PredDevFromBase
-----|-------|----------|----------|----------------
0    | 71    | 0.7886   | 2.2794   | 2.0937 
1    | 31    | 0.4937   | 1.2121   | 1.1159 
2    | 24    | 0.5558   | 1.0693   | 0.9828 
3-5  | 68    | 0.4305   | 0.9838   | 0.9198 
6+   | 208   | 0.3145   | 0.4743   | 0.4045 

Epoch 237: loss = 0.697572 delta_mae_pts = 0.4461 recap_mae_pts = 0.4461 cat_mae_pts = 0.4696 total_mae_pts = 1.0581 vs_inertia_pts = 0.5256 vs_quad_pts = 1.6462 mon_cov = 0.966 mon_score = 4.9801 time = 19139.00 s

Epoch 238: Weights {"totalWeight":0.1,"recapWeight":0.05,"deltaWeight":9.75,"categoryWeight":0.05,"quantileWeight":0.8408,"consistencyWeight":0,"identityDropoutRate":0.34450000000000003}, Scales {"judgeBias":1,"corps":1}, SeqLen 15, ID_Drop 0.357, WFW 1.500 

History Bucket Diagnostics (Avg Abs Error per sample, normalized units):
Hist | Count | MAE_Pred | MAE_Base | PredDevFromBase
-----|-------|----------|----------|----------------
0    | 71    | 0.7868   | 2.2794   | 2.1496 
1    | 31    | 0.5132   | 1.2121   | 1.1244 
2    | 24    | 0.5309   | 1.0693   | 0.9843 
3-5  | 68    | 0.4235   | 0.9838   | 0.9066 
6+   | 208   | 0.3150   | 0.4743   | 0.4021 

Epoch 238: loss = 0.694910 delta_mae_pts = 0.4448 recap_mae_pts = 0.4448 cat_mae_pts = 0.4777 total_mae_pts = 1.0619 vs_inertia_pts = 0.5269 vs_quad_pts = 1.6475 mon_cov = 0.964 mon_score = 4.9608 time = 19237.81 s

Epoch 239: Weights {"totalWeight":0.1,"recapWeight":0.05,"deltaWeight":9.75,"categoryWeight":0.05,"quantileWeight":0.8444,"consistencyWeight":0,"identityDropoutRate":0.3397500000000001}, Scales {"judgeBias":1,"corps":1}, SeqLen 15, ID_Drop 0.351, WFW 1.500 

History Bucket Diagnostics (Avg Abs Error per sample, normalized units):
Hist | Count | MAE_Pred | MAE_Base | PredDevFromBase
-----|-------|----------|----------|----------------
0    | 71    | 0.7923   | 2.2794   | 2.1221 
1    | 31    | 0.4996   | 1.2121   | 1.1144 
2    | 24    | 0.5592   | 1.0693   | 0.9763 
3-5  | 68    | 0.4224   | 0.9838   | 0.9064 
6+   | 208   | 0.3124   | 0.4743   | 0.4080 

Epoch 239: loss = 0.700883 delta_mae_pts = 0.4450 recap_mae_pts = 0.4450 cat_mae_pts = 0.4790 total_mae_pts = 1.0785 vs_inertia_pts = 0.5268 vs_quad_pts = 1.6473 mon_cov = 0.965 mon_score = 4.9720 time = 19336.11 s

Epoch 240: Weights {"totalWeight":0.1,"recapWeight":0.05,"deltaWeight":9.75,"categoryWeight":0.05,"quantileWeight":0.8480000000000001,"consistencyWeight":0,"identityDropoutRate":0.3350000000000001}, Scales {"judgeBias":1,"corps":1}, SeqLen 15, ID_Drop 0.354, WFW 1.500 

History Bucket Diagnostics (Avg Abs Error per sample, normalized units):
Hist | Count | MAE_Pred | MAE_Base | PredDevFromBase
-----|-------|----------|----------|----------------
0    | 71    | 0.7988   | 2.2794   | 2.1677 
1    | 31    | 0.5036   | 1.2121   | 1.1179 
2    | 24    | 0.5243   | 1.0693   | 1.0119 
3-5  | 68    | 0.4222   | 0.9838   | 0.9351 
6+   | 208   | 0.3161   | 0.4743   | 0.4197 

Epoch 240: loss = 0.701102 delta_mae_pts = 0.4462 recap_mae_pts = 0.4462 cat_mae_pts = 0.4850 total_mae_pts = 1.0738 vs_inertia_pts = 0.5255 vs_quad_pts = 1.6461 mon_cov = 0.966 mon_score = 4.9739 time = 19429.53 s

Epoch 241: Weights {"totalWeight":0.1,"recapWeight":0.05,"deltaWeight":9.75,"categoryWeight":0.05,"quantileWeight":0.8515999999999999,"consistencyWeight":0,"identityDropoutRate":0.33025000000000004}, Scales {"judgeBias":1,"corps":1}, SeqLen 15, ID_Drop 0.338, WFW 1.500 

History Bucket Diagnostics (Avg Abs Error per sample, normalized units):
Hist | Count | MAE_Pred | MAE_Base | PredDevFromBase
-----|-------|----------|----------|----------------
0    | 71    | 0.7880   | 2.2794   | 2.1325 
1    | 31    | 0.4897   | 1.2121   | 1.1318 
2    | 24    | 0.5458   | 1.0693   | 0.9971 
3-5  | 68    | 0.4197   | 0.9838   | 0.9200 
6+   | 208   | 0.3077   | 0.4743   | 0.4067 

Epoch 241: loss = 0.701741 delta_mae_pts = 0.4397 recap_mae_pts = 0.4397 cat_mae_pts = 0.4770 total_mae_pts = 1.0306 vs_inertia_pts = 0.5320 vs_quad_pts = 1.6526 mon_cov = 0.963 mon_score = 4.9198 time = 19523.79 s
Saved BEST checkpoint @epoch 241 score = 4.9198 -> models\v9_subcaption_fixed\v9fix_w1p0_1770385724733\best 

Epoch 242: Weights {"totalWeight":0.1,"recapWeight":0.05,"deltaWeight":9.75,"categoryWeight":0.05,"quantileWeight":0.8552,"consistencyWeight":0,"identityDropoutRate":0.3255}, Scales {"judgeBias":1,"corps":1}, SeqLen 15, ID_Drop 0.347, WFW 1.500 

History Bucket Diagnostics (Avg Abs Error per sample, normalized units):
Hist | Count | MAE_Pred | MAE_Base | PredDevFromBase
-----|-------|----------|----------|----------------
0    | 71    | 0.8006   | 2.2794   | 2.1564 
1    | 31    | 0.4968   | 1.2121   | 1.1365 
2    | 24    | 0.5489   | 1.0693   | 0.9645 
3-5  | 68    | 0.4136   | 0.9838   | 0.9226 
6+   | 208   | 0.3136   | 0.4743   | 0.4085 

Epoch 242: loss = 0.708667 delta_mae_pts = 0.4447 recap_mae_pts = 0.4447 cat_mae_pts = 0.4728 total_mae_pts = 1.0433 vs_inertia_pts = 0.5270 vs_quad_pts = 1.6476 mon_cov = 0.964 mon_score = 4.9785 time = 19616.02 s

Epoch 243: Weights {"totalWeight":0.1,"recapWeight":0.05,"deltaWeight":9.75,"categoryWeight":0.05,"quantileWeight":0.8588,"consistencyWeight":0,"identityDropoutRate":0.3207500000000001}, Scales {"judgeBias":1,"corps":1}, SeqLen 15, ID_Drop 0.332, WFW 1.500 

History Bucket Diagnostics (Avg Abs Error per sample, normalized units):
Hist | Count | MAE_Pred | MAE_Base | PredDevFromBase
-----|-------|----------|----------|----------------
0    | 71    | 0.7944   | 2.2794   | 2.1509 
1    | 31    | 0.5011   | 1.2121   | 1.1226 
2    | 24    | 0.5546   | 1.0693   | 0.9851 
3-5  | 68    | 0.4185   | 0.9838   | 0.9118 
6+   | 208   | 0.3042   | 0.4743   | 0.4059 

Epoch 243: loss = 0.715455 delta_mae_pts = 0.4402 recap_mae_pts = 0.4402 cat_mae_pts = 0.4789 total_mae_pts = 1.0512 vs_inertia_pts = 0.5315 vs_quad_pts = 1.6521 mon_cov = 0.965 mon_score = 4.9114 time = 19686.45 s
Saved BEST checkpoint @epoch 243 score = 4.9114 -> models\v9_subcaption_fixed\v9fix_w1p0_1770385724733\best 

Epoch 244: Weights {"totalWeight":0.1,"recapWeight":0.05,"deltaWeight":9.75,"categoryWeight":0.05,"quantileWeight":0.8624,"consistencyWeight":0,"identityDropoutRate":0.31600000000000006}, Scales {"judgeBias":1,"corps":1}, SeqLen 15, ID_Drop 0.336, WFW 1.500 

History Bucket Diagnostics (Avg Abs Error per sample, normalized units):
Hist | Count | MAE_Pred | MAE_Base | PredDevFromBase
-----|-------|----------|----------|----------------
0    | 71    | 0.8289   | 2.2794   | 2.2151 
1    | 31    | 0.4933   | 1.2121   | 1.1429 
2    | 24    | 0.5258   | 1.0693   | 1.0018 
3-5  | 68    | 0.4180   | 0.9838   | 0.9350 
6+   | 208   | 0.3096   | 0.4743   | 0.4209 

Epoch 244: loss = 0.697768 delta_mae_pts = 0.4468 recap_mae_pts = 0.4468 cat_mae_pts = 0.4708 total_mae_pts = 1.0442 vs_inertia_pts = 0.5250 vs_quad_pts = 1.6455 mon_cov = 0.966 mon_score = 4.9818 time = 19761.93 s

Epoch 245: Weights {"totalWeight":0.1,"recapWeight":0.05,"deltaWeight":9.75,"categoryWeight":0.05,"quantileWeight":0.8660000000000001,"consistencyWeight":0,"identityDropoutRate":0.31125}, Scales {"judgeBias":1,"corps":1}, SeqLen 15, ID_Drop 0.336, WFW 1.500 

History Bucket Diagnostics (Avg Abs Error per sample, normalized units):
Hist | Count | MAE_Pred | MAE_Base | PredDevFromBase
-----|-------|----------|----------|----------------
0    | 71    | 0.7884   | 2.2794   | 2.1501 
1    | 31    | 0.5095   | 1.2121   | 1.1941 
2    | 24    | 0.5740   | 1.0693   | 1.0167 
3-5  | 68    | 0.4304   | 0.9838   | 0.9427 
6+   | 208   | 0.3113   | 0.4743   | 0.4345 

Epoch 245: loss = 0.701592 delta_mae_pts = 0.4467 recap_mae_pts = 0.4467 cat_mae_pts = 0.4763 total_mae_pts = 1.0759 vs_inertia_pts = 0.5251 vs_quad_pts = 1.6456 mon_cov = 0.963 mon_score = 4.9878 time = 19850.56 s

Epoch 246: Weights {"totalWeight":0.1,"recapWeight":0.05,"deltaWeight":9.75,"categoryWeight":0.05,"quantileWeight":0.8695999999999999,"consistencyWeight":0,"identityDropoutRate":0.3065}, Scales {"judgeBias":1,"corps":1}, SeqLen 15, ID_Drop 0.318, WFW 1.500 

History Bucket Diagnostics (Avg Abs Error per sample, normalized units):
Hist | Count | MAE_Pred | MAE_Base | PredDevFromBase
-----|-------|----------|----------|----------------
0    | 71    | 0.7807   | 2.2794   | 2.1191 
1    | 31    | 0.4878   | 1.2121   | 1.1135 
2    | 24    | 0.5372   | 1.0693   | 1.0162 
3-5  | 68    | 0.4290   | 0.9838   | 0.9340 
6+   | 208   | 0.3107   | 0.4743   | 0.4111 

Epoch 246: loss = 0.690162 delta_mae_pts = 0.4409 recap_mae_pts = 0.4409 cat_mae_pts = 0.4743 total_mae_pts = 1.0542 vs_inertia_pts = 0.5308 vs_quad_pts = 1.6514 mon_cov = 0.966 mon_score = 4.9340 time = 19939.32 s

Epoch 247: Weights {"totalWeight":0.1,"recapWeight":0.05,"deltaWeight":9.75,"categoryWeight":0.05,"quantileWeight":0.8732,"consistencyWeight":0,"identityDropoutRate":0.3017500000000001}, Scales {"judgeBias":1,"corps":1}, SeqLen 15, ID_Drop 0.309, WFW 1.500 

History Bucket Diagnostics (Avg Abs Error per sample, normalized units):
Hist | Count | MAE_Pred | MAE_Base | PredDevFromBase
-----|-------|----------|----------|----------------
0    | 71    | 0.7885   | 2.2794   | 2.1236 
1    | 31    | 0.4925   | 1.2121   | 1.1658 
2    | 24    | 0.5316   | 1.0693   | 1.0033 
3-5  | 68    | 0.4266   | 0.9838   | 0.9420 
6+   | 208   | 0.3093   | 0.4743   | 0.4279 

Epoch 247: loss = 0.684769 delta_mae_pts = 0.4412 recap_mae_pts = 0.4412 cat_mae_pts = 0.4696 total_mae_pts = 1.0386 vs_inertia_pts = 0.5305 vs_quad_pts = 1.6511 mon_cov = 0.964 mon_score = 4.9287 time = 20017.09 s

Epoch 248: Weights {"totalWeight":0.1,"recapWeight":0.05,"deltaWeight":9.75,"categoryWeight":0.05,"quantileWeight":0.8768,"consistencyWeight":0,"identityDropoutRate":0.29700000000000004}, Scales {"judgeBias":1,"corps":1}, SeqLen 15, ID_Drop 0.310, WFW 1.500 

History Bucket Diagnostics (Avg Abs Error per sample, normalized units):
Hist | Count | MAE_Pred | MAE_Base | PredDevFromBase
-----|-------|----------|----------|----------------
0    | 71    | 0.7905   | 2.2794   | 2.1288 
1    | 31    | 0.4795   | 1.2121   | 1.1226 
2    | 24    | 0.5549   | 1.0693   | 0.9846 
3-5  | 68    | 0.4224   | 0.9838   | 0.9188 
6+   | 208   | 0.3052   | 0.4743   | 0.4147 

Epoch 248: loss = 0.699933 delta_mae_pts = 0.4391 recap_mae_pts = 0.4391 cat_mae_pts = 0.4688 total_mae_pts = 1.0106 vs_inertia_pts = 0.5327 vs_quad_pts = 1.6532 mon_cov = 0.965 mon_score = 4.9157 time = 20095.76 s

Epoch 249: Weights {"totalWeight":0.1,"recapWeight":0.05,"deltaWeight":9.75,"categoryWeight":0.05,"quantileWeight":0.8804000000000001,"consistencyWeight":0,"identityDropoutRate":0.29225}, Scales {"judgeBias":1,"corps":1}, SeqLen 15, ID_Drop 0.317, WFW 1.500 

History Bucket Diagnostics (Avg Abs Error per sample, normalized units):
Hist | Count | MAE_Pred | MAE_Base | PredDevFromBase
-----|-------|----------|----------|----------------
0    | 71    | 0.7928   | 2.2794   | 2.1089 
1    | 31    | 0.5021   | 1.2121   | 1.1061 
2    | 24    | 0.5171   | 1.0693   | 0.9638 
3-5  | 68    | 0.4240   | 0.9838   | 0.9210 
6+   | 208   | 0.3144   | 0.4743   | 0.3983 

Epoch 249: loss = 0.686590 delta_mae_pts = 0.4440 recap_mae_pts = 0.4440 cat_mae_pts = 0.4695 total_mae_pts = 1.0335 vs_inertia_pts = 0.5277 vs_quad_pts = 1.6483 mon_cov = 0.965 mon_score = 4.9735 time = 20169.31 s

Epoch 250: Weights {"totalWeight":0.1,"recapWeight":0.05,"deltaWeight":9.75,"categoryWeight":0.05,"quantileWeight":0.8840000000000001,"consistencyWeight":0,"identityDropoutRate":0.2875000000000001}, Scales {"judgeBias":1,"corps":1}, SeqLen 15, ID_Drop 0.298, WFW 1.500 

History Bucket Diagnostics (Avg Abs Error per sample, normalized units):
Hist | Count | MAE_Pred | MAE_Base | PredDevFromBase
-----|-------|----------|----------|----------------
0    | 71    | 0.7711   | 2.2794   | 2.1390 
1    | 31    | 0.5270   | 1.2121   | 1.1322 
2    | 24    | 0.5506   | 1.0693   | 1.0122 
3-5  | 68    | 0.4272   | 0.9838   | 0.9261 
6+   | 208   | 0.3096   | 0.4743   | 0.4120 

Epoch 250: loss = 0.688098 delta_mae_pts = 0.4422 recap_mae_pts = 0.4422 cat_mae_pts = 0.4843 total_mae_pts = 1.0656 vs_inertia_pts = 0.5296 vs_quad_pts = 1.6501 mon_cov = 0.963 mon_score = 4.9421 time = 20243.25 s

-- - CAPTION STATS(Epoch 250)-- - 
GE1: delta_pts = 0.3463, recap_pts = 0.3463, cov = 0.943, width = 1.9886 
GE2: delta_pts = 0.3514, recap_pts = 0.3514, cov = 0.945, width = 2.0164 
VP: delta_pts = 0.3861, recap_pts = 0.3861, cov = 0.985, width = 3.7613 
VA: delta_pts = 0.3760, recap_pts = 0.3760, cov = 0.923, width = 2.0670 
CG: delta_pts = 0.4712, recap_pts = 0.4712, cov = 0.983, width = 3.8839 
MB: delta_pts = 0.5635, recap_pts = 0.5635, cov = 0.983, width = 5.6132 
MA: delta_pts = 0.3593, recap_pts = 0.3593, cov = 0.968, width = 2.1290 
MP: delta_pts = 0.6835, recap_pts = 0.6835, cov = 0.978, width = 6.1906 
----------------------------------


Epoch 251: Weights {"totalWeight":0.1,"recapWeight":0.05,"deltaWeight":9.75,"categoryWeight":0.05,"quantileWeight":0.8876,"consistencyWeight":0,"identityDropoutRate":0.28275000000000006}, Scales {"judgeBias":1,"corps":1}, SeqLen 15, ID_Drop 0.287, WFW 1.500 

History Bucket Diagnostics (Avg Abs Error per sample, normalized units):
Hist | Count | MAE_Pred | MAE_Base | PredDevFromBase
-----|-------|----------|----------|----------------
0    | 71    | 0.7758   | 2.2794   | 2.1338 
1    | 31    | 0.5005   | 1.2121   | 1.1202 
2    | 24    | 0.5272   | 1.0693   | 0.9760 
3-5  | 68    | 0.4259   | 0.9838   | 0.9086 
6+   | 208   | 0.3124   | 0.4743   | 0.3947 

Epoch 251: loss = 0.690817 delta_mae_pts = 0.4408 recap_mae_pts = 0.4408 cat_mae_pts = 0.4636 total_mae_pts = 1.0423 vs_inertia_pts = 0.5309 vs_quad_pts = 1.6515 mon_cov = 0.963 mon_score = 4.9228 time = 20311.78 s

Epoch 252: Weights {"totalWeight":0.1,"recapWeight":0.05,"deltaWeight":9.75,"categoryWeight":0.05,"quantileWeight":0.8912,"consistencyWeight":0,"identityDropoutRate":0.278}, Scales {"judgeBias":1,"corps":1}, SeqLen 15, ID_Drop 0.286, WFW 1.500 

History Bucket Diagnostics (Avg Abs Error per sample, normalized units):
Hist | Count | MAE_Pred | MAE_Base | PredDevFromBase
-----|-------|----------|----------|----------------
0    | 71    | 0.8078   | 2.2794   | 2.1532 
1    | 31    | 0.5109   | 1.2121   | 1.1283 
2    | 24    | 0.5264   | 1.0693   | 0.9505 
3-5  | 68    | 0.4332   | 0.9838   | 0.9031 
6+   | 208   | 0.3188   | 0.4743   | 0.3987 

Epoch 252: loss = 0.689334 delta_mae_pts = 0.4517 recap_mae_pts = 0.4517 cat_mae_pts = 0.4789 total_mae_pts = 1.0800 vs_inertia_pts = 0.5200 vs_quad_pts = 1.6406 mon_cov = 0.965 mon_score = 5.0477 time = 20380.73 s

Epoch 253: Weights {"totalWeight":0.1,"recapWeight":0.05,"deltaWeight":9.75,"categoryWeight":0.05,"quantileWeight":0.8948,"consistencyWeight":0,"identityDropoutRate":0.27325}, Scales {"judgeBias":1,"corps":1}, SeqLen 15, ID_Drop 0.277, WFW 1.500 

History Bucket Diagnostics (Avg Abs Error per sample, normalized units):
Hist | Count | MAE_Pred | MAE_Base | PredDevFromBase
-----|-------|----------|----------|----------------
0    | 71    | 0.7912   | 2.2794   | 2.0936 
1    | 31    | 0.5172   | 1.2121   | 1.1158 
2    | 24    | 0.5269   | 1.0693   | 0.9886 
3-5  | 68    | 0.4153   | 0.9838   | 0.9285 
6+   | 208   | 0.3104   | 0.4743   | 0.4082 

Epoch 253: loss = 0.642109 delta_mae_pts = 0.4419 recap_mae_pts = 0.4419 cat_mae_pts = 0.4720 total_mae_pts = 1.0506 vs_inertia_pts = 0.5298 vs_quad_pts = 1.6504 mon_cov = 0.964 mon_score = 4.9550 time = 20464.02 s

Epoch 254: Weights {"totalWeight":0.1,"recapWeight":0.05,"deltaWeight":9.75,"categoryWeight":0.05,"quantileWeight":0.8984000000000001,"consistencyWeight":0,"identityDropoutRate":0.26850000000000007}, Scales {"judgeBias":1,"corps":1}, SeqLen 15, ID_Drop 0.266, WFW 1.500 

History Bucket Diagnostics (Avg Abs Error per sample, normalized units):
Hist | Count | MAE_Pred | MAE_Base | PredDevFromBase
-----|-------|----------|----------|----------------
0    | 71    | 0.7921   | 2.2794   | 2.1674 
1    | 31    | 0.5055   | 1.2121   | 1.1622 
2    | 24    | 0.5585   | 1.0693   | 1.0579 
3-5  | 68    | 0.4169   | 0.9838   | 0.9583 
6+   | 208   | 0.3144   | 0.4743   | 0.4307 

Epoch 254: loss = 0.626677 delta_mae_pts = 0.4454 recap_mae_pts = 0.4454 cat_mae_pts = 0.4766 total_mae_pts = 1.0760 vs_inertia_pts = 0.5263 vs_quad_pts = 1.6469 mon_cov = 0.965 mon_score = 4.9828 time = 20540.58 s

Epoch 255: Weights {"totalWeight":0.1,"recapWeight":0.05,"deltaWeight":9.75,"categoryWeight":0.05,"quantileWeight":0.9020000000000001,"consistencyWeight":0,"identityDropoutRate":0.26375000000000004}, Scales {"judgeBias":1,"corps":1}, SeqLen 15, ID_Drop 0.267, WFW 1.500 

History Bucket Diagnostics (Avg Abs Error per sample, normalized units):
Hist | Count | MAE_Pred | MAE_Base | PredDevFromBase
-----|-------|----------|----------|----------------
0    | 71    | 0.7700   | 2.2794   | 2.1151 
1    | 31    | 0.4981   | 1.2121   | 1.1320 
2    | 24    | 0.5019   | 1.0693   | 1.0397 
3-5  | 68    | 0.4153   | 0.9838   | 0.9450 
6+   | 208   | 0.3043   | 0.4743   | 0.4170 

Epoch 255: loss = 0.625241 delta_mae_pts = 0.4321 recap_mae_pts = 0.4321 cat_mae_pts = 0.4663 total_mae_pts = 1.0407 vs_inertia_pts = 0.5396 vs_quad_pts = 1.6602 mon_cov = 0.966 mon_score = 4.8432 time = 20631.60 s
Saved BEST checkpoint @epoch 255 score = 4.8432 -> models\v9_subcaption_fixed\v9fix_w1p0_1770385724733\best 

Epoch 256: Weights {"totalWeight":0.1,"recapWeight":0.05,"deltaWeight":9.75,"categoryWeight":0.05,"quantileWeight":0.9056,"consistencyWeight":0,"identityDropoutRate":0.259}, Scales {"judgeBias":1,"corps":1}, SeqLen 15, ID_Drop 0.279, WFW 1.500 

History Bucket Diagnostics (Avg Abs Error per sample, normalized units):
Hist | Count | MAE_Pred | MAE_Base | PredDevFromBase
-----|-------|----------|----------|----------------
0    | 71    | 0.7628   | 2.2794   | 2.1279 
1    | 31    | 0.5070   | 1.2121   | 1.1396 
2    | 24    | 0.5261   | 1.0693   | 1.0281 
3-5  | 68    | 0.4197   | 0.9838   | 0.9474 
6+   | 208   | 0.3057   | 0.4743   | 0.4181 

Epoch 256: loss = 0.628280 delta_mae_pts = 0.4344 recap_mae_pts = 0.4344 cat_mae_pts = 0.4666 total_mae_pts = 1.0206 vs_inertia_pts = 0.5373 vs_quad_pts = 1.6579 mon_cov = 0.964 mon_score = 4.8587 time = 20710.25 s

Epoch 257: Weights {"totalWeight":0.1,"recapWeight":0.05,"deltaWeight":9.75,"categoryWeight":0.05,"quantileWeight":0.9092,"consistencyWeight":0,"identityDropoutRate":0.25425}, Scales {"judgeBias":1,"corps":1}, SeqLen 15, ID_Drop 0.264, WFW 1.500 

History Bucket Diagnostics (Avg Abs Error per sample, normalized units):
Hist | Count | MAE_Pred | MAE_Base | PredDevFromBase
-----|-------|----------|----------|----------------
0    | 71    | 0.7640   | 2.2794   | 2.0987 
1    | 31    | 0.4919   | 1.2121   | 1.1099 
2    | 24    | 0.5213   | 1.0693   | 1.0074 
3-5  | 68    | 0.4206   | 0.9838   | 0.9308 
6+   | 208   | 0.3068   | 0.4743   | 0.4107 

Epoch 257: loss = 0.620839 delta_mae_pts = 0.4339 recap_mae_pts = 0.4339 cat_mae_pts = 0.4628 total_mae_pts = 1.0280 vs_inertia_pts = 0.5378 vs_quad_pts = 1.6584 mon_cov = 0.966 mon_score = 4.8529 time = 20805.30 s

Epoch 258: Weights {"totalWeight":0.1,"recapWeight":0.05,"deltaWeight":9.75,"categoryWeight":0.05,"quantileWeight":0.9128000000000001,"consistencyWeight":0,"identityDropoutRate":0.24950000000000006}, Scales {"judgeBias":1,"corps":1}, SeqLen 15, ID_Drop 0.265, WFW 1.500 

History Bucket Diagnostics (Avg Abs Error per sample, normalized units):
Hist | Count | MAE_Pred | MAE_Base | PredDevFromBase
-----|-------|----------|----------|----------------
0    | 71    | 0.8567   | 2.2794   | 2.2174 
1    | 31    | 0.4962   | 1.2121   | 1.1193 
2    | 24    | 0.5299   | 1.0693   | 0.9967 
3-5  | 68    | 0.4258   | 0.9838   | 0.9425 
6+   | 208   | 0.3106   | 0.4743   | 0.4152 

Epoch 258: loss = 0.683456 delta_mae_pts = 0.4539 recap_mae_pts = 0.4539 cat_mae_pts = 0.4650 total_mae_pts = 1.0296 vs_inertia_pts = 0.5178 vs_quad_pts = 1.6384 mon_cov = 0.968 mon_score = 5.0656 time = 20903.70 s

Epoch 259: Weights {"totalWeight":0.1,"recapWeight":0.05,"deltaWeight":9.75,"categoryWeight":0.05,"quantileWeight":0.9164000000000001,"consistencyWeight":0,"identityDropoutRate":0.24475000000000002}, Scales {"judgeBias":1,"corps":1}, SeqLen 15, ID_Drop 0.265, WFW 1.500 

History Bucket Diagnostics (Avg Abs Error per sample, normalized units):
Hist | Count | MAE_Pred | MAE_Base | PredDevFromBase
-----|-------|----------|----------|----------------
0    | 71    | 0.8430   | 2.2794   | 2.1849 
1    | 31    | 0.5057   | 1.2121   | 1.1184 
2    | 24    | 0.5315   | 1.0693   | 0.9820 
3-5  | 68    | 0.4138   | 0.9838   | 0.9245 
6+   | 208   | 0.3089   | 0.4743   | 0.4034 

Epoch 259: loss = 0.677354 delta_mae_pts = 0.4495 recap_mae_pts = 0.4495 cat_mae_pts = 0.4723 total_mae_pts = 1.0474 vs_inertia_pts = 0.5223 vs_quad_pts = 1.6428 mon_cov = 0.966 mon_score = 5.0038 time = 21006.73 s

Epoch 260: Weights {"totalWeight":0.1,"recapWeight":0.05,"deltaWeight":9.75,"categoryWeight":0.05,"quantileWeight":0.9200000000000002,"consistencyWeight":0,"identityDropoutRate":0.24}, Scales {"judgeBias":1,"corps":1}, SeqLen 15, ID_Drop 0.249, WFW 1.500 

History Bucket Diagnostics (Avg Abs Error per sample, normalized units):
Hist | Count | MAE_Pred | MAE_Base | PredDevFromBase
-----|-------|----------|----------|----------------
0    | 71    | 0.8092   | 2.2794   | 2.1387 
1    | 31    | 0.5095   | 1.2121   | 1.1546 
2    | 24    | 0.5443   | 1.0693   | 1.0070 
3-5  | 68    | 0.4184   | 0.9838   | 0.9436 
6+   | 208   | 0.3136   | 0.4743   | 0.4103 

Epoch 260: loss = 0.677385 delta_mae_pts = 0.4477 recap_mae_pts = 0.4477 cat_mae_pts = 0.4727 total_mae_pts = 1.0653 vs_inertia_pts = 0.5240 vs_quad_pts = 1.6445 mon_cov = 0.961 mon_score = 4.9956 time = 21104.62 s

Epoch 261: Weights {"totalWeight":0.1,"recapWeight":0.05,"deltaWeight":9.75,"categoryWeight":0.05,"quantileWeight":0.9236,"consistencyWeight":0,"identityDropoutRate":0.23524999999999996}, Scales {"judgeBias":1,"corps":1}, SeqLen 15, ID_Drop 0.254, WFW 1.500 

History Bucket Diagnostics (Avg Abs Error per sample, normalized units):
Hist | Count | MAE_Pred | MAE_Base | PredDevFromBase
-----|-------|----------|----------|----------------
0    | 71    | 0.8272   | 2.2794   | 2.2025 
1    | 31    | 0.5173   | 1.2121   | 1.1254 
2    | 24    | 0.5451   | 1.0693   | 0.9634 
3-5  | 68    | 0.4207   | 0.9838   | 0.9181 
6+   | 208   | 0.3115   | 0.4743   | 0.3962 

Epoch 261: loss = 0.681810 delta_mae_pts = 0.4509 recap_mae_pts = 0.4509 cat_mae_pts = 0.4836 total_mae_pts = 1.0422 vs_inertia_pts = 0.5208 vs_quad_pts = 1.6414 mon_cov = 0.965 mon_score = 5.0276 time = 21176.30 s

Epoch 262: Weights {"totalWeight":0.1,"recapWeight":0.05,"deltaWeight":9.75,"categoryWeight":0.05,"quantileWeight":0.9272,"consistencyWeight":0,"identityDropoutRate":0.23050000000000004}, Scales {"judgeBias":1,"corps":1}, SeqLen 15, ID_Drop 0.247, WFW 1.500 

History Bucket Diagnostics (Avg Abs Error per sample, normalized units):
Hist | Count | MAE_Pred | MAE_Base | PredDevFromBase
-----|-------|----------|----------|----------------
0    | 71    | 0.7858   | 2.2794   | 2.1116 
1    | 31    | 0.4939   | 1.2121   | 1.1200 
2    | 24    | 0.5589   | 1.0693   | 0.9780 
3-5  | 68    | 0.4200   | 0.9838   | 0.9259 
6+   | 208   | 0.3080   | 0.4743   | 0.4113 

Epoch 262: loss = 0.626617 delta_mae_pts = 0.4406 recap_mae_pts = 0.4406 cat_mae_pts = 0.4718 total_mae_pts = 1.0422 vs_inertia_pts = 0.5311 vs_quad_pts = 1.6516 mon_cov = 0.963 mon_score = 4.9199 time = 21254.90 s

Epoch 263: Weights {"totalWeight":0.1,"recapWeight":0.05,"deltaWeight":9.75,"categoryWeight":0.05,"quantileWeight":0.9308000000000001,"consistencyWeight":0,"identityDropoutRate":0.22575000000000012}, Scales {"judgeBias":1,"corps":1}, SeqLen 15, ID_Drop 0.226, WFW 1.500 

History Bucket Diagnostics (Avg Abs Error per sample, normalized units):
Hist | Count | MAE_Pred | MAE_Base | PredDevFromBase
-----|-------|----------|----------|----------------
0    | 71    | 0.8062   | 2.2794   | 2.1533 
1    | 31    | 0.5125   | 1.2121   | 1.1498 
2    | 24    | 0.5622   | 1.0693   | 0.9898 
3-5  | 68    | 0.4147   | 0.9838   | 0.9399 
6+   | 208   | 0.3075   | 0.4743   | 0.4129 

Epoch 263: loss = 0.619802 delta_mae_pts = 0.4447 recap_mae_pts = 0.4447 cat_mae_pts = 0.4704 total_mae_pts = 1.0502 vs_inertia_pts = 0.5270 vs_quad_pts = 1.6476 mon_cov = 0.965 mon_score = 4.9689 time = 21325.13 s

Epoch 264: Weights {"totalWeight":0.1,"recapWeight":0.05,"deltaWeight":9.75,"categoryWeight":0.05,"quantileWeight":0.9343999999999999,"consistencyWeight":0,"identityDropoutRate":0.22100000000000009}, Scales {"judgeBias":1,"corps":1}, SeqLen 15, ID_Drop 0.230, WFW 1.500 

History Bucket Diagnostics (Avg Abs Error per sample, normalized units):
Hist | Count | MAE_Pred | MAE_Base | PredDevFromBase
-----|-------|----------|----------|----------------
0    | 71    | 0.8704   | 2.2794   | 2.2106 
1    | 31    | 0.5156   | 1.2121   | 1.1303 
2    | 24    | 0.5279   | 1.0693   | 0.9657 
3-5  | 68    | 0.4261   | 0.9838   | 0.9398 
6+   | 208   | 0.3120   | 0.4743   | 0.4159 

Epoch 264: loss = 0.641015 delta_mae_pts = 0.4585 recap_mae_pts = 0.4585 cat_mae_pts = 0.4778 total_mae_pts = 1.0420 vs_inertia_pts = 0.5132 vs_quad_pts = 1.6338 mon_cov = 0.962 mon_score = 5.1036 time = 21418.75 s

Epoch 265: Weights {"totalWeight":0.1,"recapWeight":0.05,"deltaWeight":9.75,"categoryWeight":0.05,"quantileWeight":0.938,"consistencyWeight":0,"identityDropoutRate":0.21625000000000005}, Scales {"judgeBias":1,"corps":1}, SeqLen 15, ID_Drop 0.238, WFW 1.500 

History Bucket Diagnostics (Avg Abs Error per sample, normalized units):
Hist | Count | MAE_Pred | MAE_Base | PredDevFromBase
-----|-------|----------|----------|----------------
0    | 71    | 0.7758   | 2.2794   | 2.1140 
1    | 31    | 0.4937   | 1.2121   | 1.1211 
2    | 24    | 0.5378   | 1.0693   | 0.9842 
3-5  | 68    | 0.4227   | 0.9838   | 0.9301 
6+   | 208   | 0.3061   | 0.4743   | 0.4068 

Epoch 265: loss = 0.689128 delta_mae_pts = 0.4371 recap_mae_pts = 0.4371 cat_mae_pts = 0.4630 total_mae_pts = 1.0404 vs_inertia_pts = 0.5346 vs_quad_pts = 1.6552 mon_cov = 0.963 mon_score = 4.8969 time = 21518.88 s

Epoch 266: Weights {"totalWeight":0.1,"recapWeight":0.05,"deltaWeight":9.75,"categoryWeight":0.05,"quantileWeight":0.9416,"consistencyWeight":0,"identityDropoutRate":0.21150000000000002}, Scales {"judgeBias":1,"corps":1}, SeqLen 15, ID_Drop 0.217, WFW 1.500 

History Bucket Diagnostics (Avg Abs Error per sample, normalized units):
Hist | Count | MAE_Pred | MAE_Base | PredDevFromBase
-----|-------|----------|----------|----------------
0    | 71    | 0.8230   | 2.2794   | 2.1587 
1    | 31    | 0.4967   | 1.2121   | 1.1364 
2    | 24    | 0.5461   | 1.0693   | 0.9882 
3-5  | 68    | 0.4298   | 0.9838   | 0.9245 
6+   | 208   | 0.3081   | 0.4743   | 0.4076 

Epoch 266: loss = 0.677210 delta_mae_pts = 0.4484 recap_mae_pts = 0.4484 cat_mae_pts = 0.4689 total_mae_pts = 1.0364 vs_inertia_pts = 0.5233 vs_quad_pts = 1.6439 mon_cov = 0.965 mon_score = 5.0139 time = 21591.86 s

Epoch 267: Weights {"totalWeight":0.1,"recapWeight":0.05,"deltaWeight":9.75,"categoryWeight":0.05,"quantileWeight":0.9452,"consistencyWeight":0,"identityDropoutRate":0.2067500000000001}, Scales {"judgeBias":1,"corps":1}, SeqLen 15, ID_Drop 0.214, WFW 1.500 

History Bucket Diagnostics (Avg Abs Error per sample, normalized units):
Hist | Count | MAE_Pred | MAE_Base | PredDevFromBase
-----|-------|----------|----------|----------------
0    | 71    | 0.8241   | 2.2794   | 2.1780 
1    | 31    | 0.5072   | 1.2121   | 1.1439 
2    | 24    | 0.5669   | 1.0693   | 0.9642 
3-5  | 68    | 0.4326   | 0.9838   | 0.9240 
6+   | 208   | 0.3049   | 0.4743   | 0.4120 

Epoch 267: loss = 0.623711 delta_mae_pts = 0.4494 recap_mae_pts = 0.4494 cat_mae_pts = 0.4749 total_mae_pts = 1.0593 vs_inertia_pts = 0.5223 vs_quad_pts = 1.6428 mon_cov = 0.964 mon_score = 5.0022 time = 21665.23 s

Epoch 268: Weights {"totalWeight":0.1,"recapWeight":0.05,"deltaWeight":9.75,"categoryWeight":0.05,"quantileWeight":0.9488000000000001,"consistencyWeight":0,"identityDropoutRate":0.20200000000000007}, Scales {"judgeBias":1,"corps":1}, SeqLen 15, ID_Drop 0.208, WFW 1.500 

History Bucket Diagnostics (Avg Abs Error per sample, normalized units):
Hist | Count | MAE_Pred | MAE_Base | PredDevFromBase
-----|-------|----------|----------|----------------
0    | 71    | 0.8214   | 2.2794   | 2.1818 
1    | 31    | 0.4940   | 1.2121   | 1.1285 
2    | 24    | 0.5949   | 1.0693   | 1.0257 
3-5  | 68    | 0.4262   | 0.9838   | 0.9475 
6+   | 208   | 0.3057   | 0.4743   | 0.4238 

Epoch 268: loss = 0.617275 delta_mae_pts = 0.4490 recap_mae_pts = 0.4490 cat_mae_pts = 0.4738 total_mae_pts = 1.0549 vs_inertia_pts = 0.5227 vs_quad_pts = 1.6433 mon_cov = 0.963 mon_score = 4.9981 time = 21764.76 s

Epoch 269: Weights {"totalWeight":0.1,"recapWeight":0.05,"deltaWeight":9.75,"categoryWeight":0.05,"quantileWeight":0.9523999999999999,"consistencyWeight":0,"identityDropoutRate":0.19725000000000004}, Scales {"judgeBias":1,"corps":1}, SeqLen 15, ID_Drop 0.205, WFW 1.500 

History Bucket Diagnostics (Avg Abs Error per sample, normalized units):
Hist | Count | MAE_Pred | MAE_Base | PredDevFromBase
-----|-------|----------|----------|----------------
0    | 71    | 0.8175   | 2.2794   | 2.1559 
1    | 31    | 0.4999   | 1.2121   | 1.1030 
2    | 24    | 0.5525   | 1.0693   | 0.9436 
3-5  | 68    | 0.4263   | 0.9838   | 0.9070 
6+   | 208   | 0.3097   | 0.4743   | 0.4037 

Epoch 269: loss = 0.622289 delta_mae_pts = 0.4483 recap_mae_pts = 0.4483 cat_mae_pts = 0.4751 total_mae_pts = 1.0723 vs_inertia_pts = 0.5234 vs_quad_pts = 1.6440 mon_cov = 0.965 mon_score = 4.9912 time = 21841.00 s

Epoch 270: Weights {"totalWeight":0.1,"recapWeight":0.05,"deltaWeight":9.75,"categoryWeight":0.05,"quantileWeight":0.956,"consistencyWeight":0,"identityDropoutRate":0.1925}, Scales {"judgeBias":1,"corps":1}, SeqLen 15, ID_Drop 0.201, WFW 1.500 

History Bucket Diagnostics (Avg Abs Error per sample, normalized units):
Hist | Count | MAE_Pred | MAE_Base | PredDevFromBase
-----|-------|----------|----------|----------------
0    | 71    | 0.8137   | 2.2794   | 2.1723 
1    | 31    | 0.4985   | 1.2121   | 1.1567 
2    | 24    | 0.5427   | 1.0693   | 0.9923 
3-5  | 68    | 0.4325   | 0.9838   | 0.9273 
6+   | 208   | 0.3107   | 0.4743   | 0.4003 

Epoch 270: loss = 0.619631 delta_mae_pts = 0.4485 recap_mae_pts = 0.4485 cat_mae_pts = 0.4772 total_mae_pts = 1.0583 vs_inertia_pts = 0.5232 vs_quad_pts = 1.6438 mon_cov = 0.965 mon_score = 5.0164 time = 21907.83 s

Epoch 271: Weights {"totalWeight":0.1,"recapWeight":0.05,"deltaWeight":9.75,"categoryWeight":0.05,"quantileWeight":0.9596,"consistencyWeight":0,"identityDropoutRate":0.18775000000000008}, Scales {"judgeBias":1,"corps":1}, SeqLen 15, ID_Drop 0.199, WFW 1.500 

History Bucket Diagnostics (Avg Abs Error per sample, normalized units):
Hist | Count | MAE_Pred | MAE_Base | PredDevFromBase
-----|-------|----------|----------|----------------
0    | 71    | 0.8436   | 2.2794   | 2.1977 
1    | 31    | 0.4954   | 1.2121   | 1.1490 
2    | 24    | 0.5487   | 1.0693   | 0.9781 
3-5  | 68    | 0.4243   | 0.9838   | 0.9467 
6+   | 208   | 0.3057   | 0.4743   | 0.4088 

Epoch 271: loss = 0.611987 delta_mae_pts = 0.4499 recap_mae_pts = 0.4499 cat_mae_pts = 0.4735 total_mae_pts = 1.0460 vs_inertia_pts = 0.5218 vs_quad_pts = 1.6424 mon_cov = 0.964 mon_score = 5.0080 time = 21975.92 s

Epoch 272: Weights {"totalWeight":0.1,"recapWeight":0.05,"deltaWeight":9.75,"categoryWeight":0.05,"quantileWeight":0.9632000000000001,"consistencyWeight":0,"identityDropoutRate":0.18300000000000005}, Scales {"judgeBias":1,"corps":1}, SeqLen 15, ID_Drop 0.190, WFW 1.500 

History Bucket Diagnostics (Avg Abs Error per sample, normalized units):
Hist | Count | MAE_Pred | MAE_Base | PredDevFromBase
-----|-------|----------|----------|----------------
0    | 71    | 0.7902   | 2.2794   | 2.1531 
1    | 31    | 0.5093   | 1.2121   | 1.1797 
2    | 24    | 0.5333   | 1.0693   | 0.9976 
3-5  | 68    | 0.4179   | 0.9838   | 0.9353 
6+   | 208   | 0.3053   | 0.4743   | 0.4109 

Epoch 272: loss = 0.665424 delta_mae_pts = 0.4393 recap_mae_pts = 0.4393 cat_mae_pts = 0.4733 total_mae_pts = 1.0657 vs_inertia_pts = 0.5324 vs_quad_pts = 1.6529 mon_cov = 0.965 mon_score = 4.9101 time = 22049.02 s

Epoch 273: Weights {"totalWeight":0.1,"recapWeight":0.05,"deltaWeight":9.75,"categoryWeight":0.05,"quantileWeight":0.9668000000000001,"consistencyWeight":0,"identityDropoutRate":0.17825000000000002}, Scales {"judgeBias":1,"corps":1}, SeqLen 15, ID_Drop 0.193, WFW 1.500 

History Bucket Diagnostics (Avg Abs Error per sample, normalized units):
Hist | Count | MAE_Pred | MAE_Base | PredDevFromBase
-----|-------|----------|----------|----------------
0    | 71    | 0.8072   | 2.2794   | 2.1684 
1    | 31    | 0.4911   | 1.2121   | 1.1555 
2    | 24    | 0.5410   | 1.0693   | 0.9881 
3-5  | 68    | 0.4205   | 0.9838   | 0.9225 
6+   | 208   | 0.3050   | 0.4743   | 0.4063 

Epoch 273: loss = 0.670629 delta_mae_pts = 0.4417 recap_mae_pts = 0.4417 cat_mae_pts = 0.4636 total_mae_pts = 1.0462 vs_inertia_pts = 0.5301 vs_quad_pts = 1.6506 mon_cov = 0.965 mon_score = 4.9302 time = 22137.90 s

Epoch 274: Weights {"totalWeight":0.1,"recapWeight":0.05,"deltaWeight":9.75,"categoryWeight":0.05,"quantileWeight":0.9703999999999999,"consistencyWeight":0,"identityDropoutRate":0.1735}, Scales {"judgeBias":1,"corps":1}, SeqLen 15, ID_Drop 0.185, WFW 1.500 

History Bucket Diagnostics (Avg Abs Error per sample, normalized units):
Hist | Count | MAE_Pred | MAE_Base | PredDevFromBase
-----|-------|----------|----------|----------------
0    | 71    | 0.7631   | 2.2794   | 2.1301 
1    | 31    | 0.4971   | 1.2121   | 1.1273 
2    | 24    | 0.5654   | 1.0693   | 1.0111 
3-5  | 68    | 0.4204   | 0.9838   | 0.9327 
6+   | 208   | 0.3054   | 0.4743   | 0.4086 

Epoch 274: loss = 0.647976 delta_mae_pts = 0.4360 recap_mae_pts = 0.4360 cat_mae_pts = 0.4728 total_mae_pts = 1.0473 vs_inertia_pts = 0.5357 vs_quad_pts = 1.6563 mon_cov = 0.964 mon_score = 4.8666 time = 22220.01 s

Epoch 275: Weights {"totalWeight":0.1,"recapWeight":0.05,"deltaWeight":9.75,"categoryWeight":0.05,"quantileWeight":0.974,"consistencyWeight":0,"identityDropoutRate":0.16875000000000007}, Scales {"judgeBias":1,"corps":1}, SeqLen 15, ID_Drop 0.177, WFW 1.500 

History Bucket Diagnostics (Avg Abs Error per sample, normalized units):
Hist | Count | MAE_Pred | MAE_Base | PredDevFromBase
-----|-------|----------|----------|----------------
0    | 71    | 0.7709   | 2.2794   | 2.1591 
1    | 31    | 0.5120   | 1.2121   | 1.1603 
2    | 24    | 0.5401   | 1.0693   | 1.0248 
3-5  | 68    | 0.4285   | 0.9838   | 0.9248 
6+   | 208   | 0.3067   | 0.4743   | 0.4146 

Epoch 275: loss = 0.602685 delta_mae_pts = 0.4391 recap_mae_pts = 0.4391 cat_mae_pts = 0.4748 total_mae_pts = 1.0723 vs_inertia_pts = 0.5327 vs_quad_pts = 1.6532 mon_cov = 0.965 mon_score = 4.9141 time = 22304.81 s

Epoch 276: Weights {"totalWeight":0.1,"recapWeight":0.05,"deltaWeight":9.75,"categoryWeight":0.05,"quantileWeight":0.9776,"consistencyWeight":0,"identityDropoutRate":0.16400000000000003}, Scales {"judgeBias":1,"corps":1}, SeqLen 15, ID_Drop 0.163, WFW 1.500 

History Bucket Diagnostics (Avg Abs Error per sample, normalized units):
Hist | Count | MAE_Pred | MAE_Base | PredDevFromBase
-----|-------|----------|----------|----------------
0    | 71    | 0.7691   | 2.2794   | 2.1477 
1    | 31    | 0.4913   | 1.2121   | 1.1312 
2    | 24    | 0.5369   | 1.0693   | 0.9946 
3-5  | 68    | 0.4247   | 0.9838   | 0.9265 
6+   | 208   | 0.3058   | 0.4743   | 0.4050 

Epoch 276: loss = 0.598861 delta_mae_pts = 0.4359 recap_mae_pts = 0.4359 cat_mae_pts = 0.4730 total_mae_pts = 1.0472 vs_inertia_pts = 0.5359 vs_quad_pts = 1.6564 mon_cov = 0.965 mon_score = 4.8779 time = 22391.66 s

Epoch 277: Weights {"totalWeight":0.1,"recapWeight":0.05,"deltaWeight":9.75,"categoryWeight":0.05,"quantileWeight":0.9812000000000001,"consistencyWeight":0,"identityDropoutRate":0.15925}, Scales {"judgeBias":1,"corps":1}, SeqLen 15, ID_Drop 0.170, WFW 1.500 

History Bucket Diagnostics (Avg Abs Error per sample, normalized units):
Hist | Count | MAE_Pred | MAE_Base | PredDevFromBase
-----|-------|----------|----------|----------------
0    | 71    | 0.7658   | 2.2794   | 2.1469 
1    | 31    | 0.4905   | 1.2121   | 1.1410 
2    | 24    | 0.5276   | 1.0693   | 1.0052 
3-5  | 68    | 0.4283   | 0.9838   | 0.9360 
6+   | 208   | 0.3023   | 0.4743   | 0.4090 

Epoch 277: loss = 0.596455 delta_mae_pts = 0.4335 recap_mae_pts = 0.4335 cat_mae_pts = 0.4647 total_mae_pts = 1.0270 vs_inertia_pts = 0.5383 vs_quad_pts = 1.6588 mon_cov = 0.968 mon_score = 4.8589 time = 22472.85 s

Epoch 278: Weights {"totalWeight":0.1,"recapWeight":0.05,"deltaWeight":9.75,"categoryWeight":0.05,"quantileWeight":0.9848000000000001,"consistencyWeight":0,"identityDropoutRate":0.15450000000000008}, Scales {"judgeBias":1,"corps":1}, SeqLen 15, ID_Drop 0.163, WFW 1.500 

History Bucket Diagnostics (Avg Abs Error per sample, normalized units):
Hist | Count | MAE_Pred | MAE_Base | PredDevFromBase
-----|-------|----------|----------|----------------
0    | 71    | 0.7981   | 2.2794   | 2.1660 
1    | 31    | 0.5005   | 1.2121   | 1.1541 
2    | 24    | 0.5277   | 1.0693   | 1.0099 
3-5  | 68    | 0.4233   | 0.9838   | 0.9494 
6+   | 208   | 0.3033   | 0.4743   | 0.4198 

Epoch 278: loss = 0.646724 delta_mae_pts = 0.4396 recap_mae_pts = 0.4396 cat_mae_pts = 0.4674 total_mae_pts = 1.0404 vs_inertia_pts = 0.5321 vs_quad_pts = 1.6527 mon_cov = 0.967 mon_score = 4.9115 time = 22552.71 s

Epoch 279: Weights {"totalWeight":0.1,"recapWeight":0.05,"deltaWeight":9.75,"categoryWeight":0.05,"quantileWeight":0.9884,"consistencyWeight":0,"identityDropoutRate":0.14975000000000005}, Scales {"judgeBias":1,"corps":1}, SeqLen 15, ID_Drop 0.153, WFW 1.500 

History Bucket Diagnostics (Avg Abs Error per sample, normalized units):
Hist | Count | MAE_Pred | MAE_Base | PredDevFromBase
-----|-------|----------|----------|----------------
0    | 71    | 0.7871   | 2.2794   | 2.1591 
1    | 31    | 0.5213   | 1.2121   | 1.1415 
2    | 24    | 0.5339   | 1.0693   | 0.9935 
3-5  | 68    | 0.4231   | 0.9838   | 0.9280 
6+   | 208   | 0.3050   | 0.4743   | 0.4119 

Epoch 279: loss = 0.601006 delta_mae_pts = 0.4405 recap_mae_pts = 0.4405 cat_mae_pts = 0.4685 total_mae_pts = 1.0464 vs_inertia_pts = 0.5313 vs_quad_pts = 1.6518 mon_cov = 0.964 mon_score = 4.9262 time = 22637.31 s

Epoch 280: Weights {"totalWeight":0.1,"recapWeight":0.05,"deltaWeight":9.75,"categoryWeight":0.05,"quantileWeight":0.992,"consistencyWeight":0,"identityDropoutRate":0.14500000000000002}, Scales {"judgeBias":1,"corps":1}, SeqLen 15, ID_Drop 0.149, WFW 1.500 

History Bucket Diagnostics (Avg Abs Error per sample, normalized units):
Hist | Count | MAE_Pred | MAE_Base | PredDevFromBase
-----|-------|----------|----------|----------------
0    | 71    | 0.7970   | 2.2794   | 2.1761 
1    | 31    | 0.5214   | 1.2121   | 1.1738 
2    | 24    | 0.5181   | 1.0693   | 1.0183 
3-5  | 68    | 0.4207   | 0.9838   | 0.9587 
6+   | 208   | 0.3079   | 0.4743   | 0.4187 

Epoch 280: loss = 0.595373 delta_mae_pts = 0.4424 recap_mae_pts = 0.4424 cat_mae_pts = 0.4762 total_mae_pts = 1.0509 vs_inertia_pts = 0.5293 vs_quad_pts = 1.6499 mon_cov = 0.960 mon_score = 4.9386 time = 22724.86 s

Epoch 281: Weights {"totalWeight":0.1,"recapWeight":0.05,"deltaWeight":9.75,"categoryWeight":0.05,"quantileWeight":0.9956,"consistencyWeight":0,"identityDropoutRate":0.14024999999999999}, Scales {"judgeBias":1,"corps":1}, SeqLen 15, ID_Drop 0.141, WFW 1.500 

History Bucket Diagnostics (Avg Abs Error per sample, normalized units):
Hist | Count | MAE_Pred | MAE_Base | PredDevFromBase
-----|-------|----------|----------|----------------
0    | 71    | 0.7874   | 2.2794   | 2.1646 
1    | 31    | 0.4901   | 1.2121   | 1.1578 
2    | 24    | 0.5383   | 1.0693   | 0.9857 
3-5  | 68    | 0.4245   | 0.9838   | 0.9364 
6+   | 208   | 0.3110   | 0.4743   | 0.4226 

Epoch 281: loss = 0.598470 delta_mae_pts = 0.4417 recap_mae_pts = 0.4417 cat_mae_pts = 0.4761 total_mae_pts = 1.0721 vs_inertia_pts = 0.5300 vs_quad_pts = 1.6505 mon_cov = 0.962 mon_score = 4.9313 time = 22809.40 s

Epoch 282: Weights {"totalWeight":0.1,"recapWeight":0.05,"deltaWeight":9.75,"categoryWeight":0.05,"quantileWeight":0.9992000000000001,"consistencyWeight":0,"identityDropoutRate":0.13550000000000006}, Scales {"judgeBias":1,"corps":1}, SeqLen 15, ID_Drop 0.146, WFW 1.500 

History Bucket Diagnostics (Avg Abs Error per sample, normalized units):
Hist | Count | MAE_Pred | MAE_Base | PredDevFromBase
-----|-------|----------|----------|----------------
0    | 71    | 0.7933   | 2.2794   | 2.1679 
1    | 31    | 0.5163   | 1.2121   | 1.1235 
2    | 24    | 0.5436   | 1.0693   | 0.9700 
3-5  | 68    | 0.4302   | 0.9838   | 0.9188 
6+   | 208   | 0.3049   | 0.4743   | 0.4040 

Epoch 282: loss = 0.591757 delta_mae_pts = 0.4429 recap_mae_pts = 0.4429 cat_mae_pts = 0.4771 total_mae_pts = 1.0585 vs_inertia_pts = 0.5288 vs_quad_pts = 1.6494 mon_cov = 0.963 mon_score = 4.9530 time = 22896.20 s

Epoch 283: Weights {"totalWeight":0.1,"recapWeight":0.05,"deltaWeight":9.75,"categoryWeight":0.05,"quantileWeight":1.0028000000000001,"consistencyWeight":0,"identityDropoutRate":0.13075000000000003}, Scales {"judgeBias":1,"corps":1}, SeqLen 15, ID_Drop 0.134, WFW 1.500 

History Bucket Diagnostics (Avg Abs Error per sample, normalized units):
Hist | Count | MAE_Pred | MAE_Base | PredDevFromBase
-----|-------|----------|----------|----------------
0    | 71    | 0.7764   | 2.2794   | 2.1624 
1    | 31    | 0.5007   | 1.2121   | 1.1377 
2    | 24    | 0.5394   | 1.0693   | 0.9928 
3-5  | 68    | 0.4203   | 0.9838   | 0.9320 
6+   | 208   | 0.3066   | 0.4743   | 0.4206 

Epoch 283: loss = 0.637904 delta_mae_pts = 0.4377 recap_mae_pts = 0.4377 cat_mae_pts = 0.4769 total_mae_pts = 1.0700 vs_inertia_pts = 0.5340 vs_quad_pts = 1.6546 mon_cov = 0.964 mon_score = 4.8956 time = 22988.54 s

Epoch 284: Weights {"totalWeight":0.1,"recapWeight":0.05,"deltaWeight":9.75,"categoryWeight":0.05,"quantileWeight":1.0064,"consistencyWeight":0,"identityDropoutRate":0.126}, Scales {"judgeBias":1,"corps":1}, SeqLen 15, ID_Drop 0.135, WFW 1.500 

History Bucket Diagnostics (Avg Abs Error per sample, normalized units):
Hist | Count | MAE_Pred | MAE_Base | PredDevFromBase
-----|-------|----------|----------|----------------
0    | 71    | 0.7916   | 2.2794   | 2.1660 
1    | 31    | 0.5051   | 1.2121   | 1.1490 
2    | 24    | 0.5161   | 1.0693   | 0.9959 
3-5  | 68    | 0.4275   | 0.9838   | 0.9331 
6+   | 208   | 0.3063   | 0.4743   | 0.4086 

Epoch 284: loss = 0.636583 delta_mae_pts = 0.4404 recap_mae_pts = 0.4404 cat_mae_pts = 0.4752 total_mae_pts = 1.0546 vs_inertia_pts = 0.5314 vs_quad_pts = 1.6519 mon_cov = 0.964 mon_score = 4.9273 time = 23077.54 s

Epoch 285: Weights {"totalWeight":0.1,"recapWeight":0.05,"deltaWeight":9.75,"categoryWeight":0.05,"quantileWeight":1.01,"consistencyWeight":0,"identityDropoutRate":0.12124999999999997}, Scales {"judgeBias":1,"corps":1}, SeqLen 15, ID_Drop 0.134, WFW 1.500 

History Bucket Diagnostics (Avg Abs Error per sample, normalized units):
Hist | Count | MAE_Pred | MAE_Base | PredDevFromBase
-----|-------|----------|----------|----------------
0    | 71    | 0.7778   | 2.2794   | 2.1734 
1    | 31    | 0.4997   | 1.2121   | 1.1632 
2    | 24    | 0.5404   | 1.0693   | 1.0108 
3-5  | 68    | 0.4138   | 0.9838   | 0.9376 
6+   | 208   | 0.3099   | 0.4743   | 0.4193 

Epoch 285: loss = 0.632872 delta_mae_pts = 0.4385 recap_mae_pts = 0.4385 cat_mae_pts = 0.4745 total_mae_pts = 1.0479 vs_inertia_pts = 0.5332 vs_quad_pts = 1.6537 mon_cov = 0.963 mon_score = 4.8899 time = 23156.29 s

Epoch 286: Weights {"totalWeight":0.1,"recapWeight":0.05,"deltaWeight":9.75,"categoryWeight":0.05,"quantileWeight":1.0136,"consistencyWeight":0,"identityDropoutRate":0.11650000000000005}, Scales {"judgeBias":1,"corps":1}, SeqLen 15, ID_Drop 0.124, WFW 1.500 

History Bucket Diagnostics (Avg Abs Error per sample, normalized units):
Hist | Count | MAE_Pred | MAE_Base | PredDevFromBase
-----|-------|----------|----------|----------------
0    | 71    | 0.7615   | 2.2794   | 2.1273 
1    | 31    | 0.4862   | 1.2121   | 1.1481 
2    | 24    | 0.5160   | 1.0693   | 1.0034 
3-5  | 68    | 0.4267   | 0.9838   | 0.9387 
6+   | 208   | 0.3030   | 0.4743   | 0.4161 

Epoch 286: loss = 0.631207 delta_mae_pts = 0.4318 recap_mae_pts = 0.4318 cat_mae_pts = 0.4655 total_mae_pts = 1.0304 vs_inertia_pts = 0.5400 vs_quad_pts = 1.6605 mon_cov = 0.965 mon_score = 4.8373 time = 23225.46 s
Saved BEST checkpoint @epoch 286 score = 4.8373 -> models\v9_subcaption_fixed\v9fix_w1p0_1770385724733\best 

Epoch 287: Weights {"totalWeight":0.1,"recapWeight":0.05,"deltaWeight":9.75,"categoryWeight":0.05,"quantileWeight":1.0172,"consistencyWeight":0,"identityDropoutRate":0.11175000000000002}, Scales {"judgeBias":1,"corps":1}, SeqLen 15, ID_Drop 0.114, WFW 1.500 

History Bucket Diagnostics (Avg Abs Error per sample, normalized units):
Hist | Count | MAE_Pred | MAE_Base | PredDevFromBase
-----|-------|----------|----------|----------------
0    | 71    | 0.7658   | 2.2794   | 2.1539 
1    | 31    | 0.4928   | 1.2121   | 1.1241 
2    | 24    | 0.5534   | 1.0693   | 0.9762 
3-5  | 68    | 0.4192   | 0.9838   | 0.9305 
6+   | 208   | 0.3054   | 0.4743   | 0.4083 

Epoch 287: loss = 0.591713 delta_mae_pts = 0.4352 recap_mae_pts = 0.4352 cat_mae_pts = 0.4661 total_mae_pts = 1.0402 vs_inertia_pts = 0.5365 vs_quad_pts = 1.6571 mon_cov = 0.964 mon_score = 4.8735 time = 23312.35 s

Epoch 288: Weights {"totalWeight":0.1,"recapWeight":0.05,"deltaWeight":9.75,"categoryWeight":0.05,"quantileWeight":1.0208000000000002,"consistencyWeight":0,"identityDropoutRate":0.1070000000000001}, Scales {"judgeBias":1,"corps":1}, SeqLen 15, ID_Drop 0.114, WFW 1.500 

History Bucket Diagnostics (Avg Abs Error per sample, normalized units):
Hist | Count | MAE_Pred | MAE_Base | PredDevFromBase
-----|-------|----------|----------|----------------
0    | 71    | 0.8084   | 2.2794   | 2.1589 
1    | 31    | 0.5049   | 1.2121   | 1.1598 
2    | 24    | 0.5505   | 1.0693   | 0.9938 
3-5  | 68    | 0.4257   | 0.9838   | 0.9363 
6+   | 208   | 0.3080   | 0.4743   | 0.4225 

Epoch 288: loss = 0.593610 delta_mae_pts = 0.4459 recap_mae_pts = 0.4459 cat_mae_pts = 0.4720 total_mae_pts = 1.0482 vs_inertia_pts = 0.5258 vs_quad_pts = 1.6463 mon_cov = 0.965 mon_score = 4.9796 time = 23394.28 s

Epoch 289: Weights {"totalWeight":0.1,"recapWeight":0.05,"deltaWeight":9.75,"categoryWeight":0.05,"quantileWeight":1.0244,"consistencyWeight":0,"identityDropoutRate":0.10225000000000006}, Scales {"judgeBias":1,"corps":1}, SeqLen 15, ID_Drop 0.105, WFW 1.500 

History Bucket Diagnostics (Avg Abs Error per sample, normalized units):
Hist | Count | MAE_Pred | MAE_Base | PredDevFromBase
-----|-------|----------|----------|----------------
0    | 71    | 0.8134   | 2.2794   | 2.1473 
1    | 31    | 0.4925   | 1.2121   | 1.1443 
2    | 24    | 0.5341   | 1.0693   | 0.9813 
3-5  | 68    | 0.4162   | 0.9838   | 0.9267 
6+   | 208   | 0.3085   | 0.4743   | 0.4149 

Epoch 289: loss = 0.584982 delta_mae_pts = 0.4435 recap_mae_pts = 0.4435 cat_mae_pts = 0.4732 total_mae_pts = 1.0546 vs_inertia_pts = 0.5282 vs_quad_pts = 1.6487 mon_cov = 0.964 mon_score = 4.9565 time = 23482.70 s

Epoch 290: Weights {"totalWeight":0.1,"recapWeight":0.05,"deltaWeight":9.75,"categoryWeight":0.05,"quantileWeight":1.028,"consistencyWeight":0,"identityDropoutRate":0.09750000000000003}, Scales {"judgeBias":1,"corps":1}, SeqLen 15, ID_Drop 0.105, WFW 1.500 

History Bucket Diagnostics (Avg Abs Error per sample, normalized units):
Hist | Count | MAE_Pred | MAE_Base | PredDevFromBase
-----|-------|----------|----------|----------------
0    | 71    | 0.8191   | 2.2794   | 2.1759 
1    | 31    | 0.5121   | 1.2121   | 1.1552 
2    | 24    | 0.5441   | 1.0693   | 0.9758 
3-5  | 68    | 0.4218   | 0.9838   | 0.9358 
6+   | 208   | 0.3077   | 0.4743   | 0.4137 

Epoch 290: loss = 0.591721 delta_mae_pts = 0.4472 recap_mae_pts = 0.4472 cat_mae_pts = 0.4723 total_mae_pts = 1.0516 vs_inertia_pts = 0.5245 vs_quad_pts = 1.6451 mon_cov = 0.964 mon_score = 4.9825 time = 23551.00 s

Epoch 291: Weights {"totalWeight":0.1,"recapWeight":0.05,"deltaWeight":9.75,"categoryWeight":0.05,"quantileWeight":1.0316,"consistencyWeight":0,"identityDropoutRate":0.09275000000000011}, Scales {"judgeBias":1,"corps":1}, SeqLen 15, ID_Drop 0.094, WFW 1.500 

History Bucket Diagnostics (Avg Abs Error per sample, normalized units):
Hist | Count | MAE_Pred | MAE_Base | PredDevFromBase
-----|-------|----------|----------|----------------
0    | 71    | 0.8206   | 2.2794   | 2.1382 
1    | 31    | 0.5051   | 1.2121   | 1.1643 
2    | 24    | 0.5664   | 1.0693   | 0.9862 
3-5  | 68    | 0.4185   | 0.9838   | 0.9317 
6+   | 208   | 0.3070   | 0.4743   | 0.4125 

Epoch 291: loss = 0.589816 delta_mae_pts = 0.4473 recap_mae_pts = 0.4473 cat_mae_pts = 0.4782 total_mae_pts = 1.0605 vs_inertia_pts = 0.5244 vs_quad_pts = 1.6450 mon_cov = 0.965 mon_score = 5.0008 time = 23623.31 s

Epoch 292: Weights {"totalWeight":0.1,"recapWeight":0.05,"deltaWeight":9.75,"categoryWeight":0.05,"quantileWeight":1.0352000000000001,"consistencyWeight":0,"identityDropoutRate":0.08800000000000008}, Scales {"judgeBias":1,"corps":1}, SeqLen 15, ID_Drop 0.089, WFW 1.500 

History Bucket Diagnostics (Avg Abs Error per sample, normalized units):
Hist | Count | MAE_Pred | MAE_Base | PredDevFromBase
-----|-------|----------|----------|----------------
0    | 71    | 0.8010   | 2.2794   | 2.1461 
1    | 31    | 0.4987   | 1.2121   | 1.1635 
2    | 24    | 0.5433   | 1.0693   | 0.9988 
3-5  | 68    | 0.4120   | 0.9838   | 0.9325 
6+   | 208   | 0.3082   | 0.4743   | 0.4110 

Epoch 292: loss = 0.582002 delta_mae_pts = 0.4415 recap_mae_pts = 0.4415 cat_mae_pts = 0.4702 total_mae_pts = 1.0505 vs_inertia_pts = 0.5302 vs_quad_pts = 1.6507 mon_cov = 0.965 mon_score = 4.9275 time = 23691.56 s

Epoch 293: Weights {"totalWeight":0.1,"recapWeight":0.05,"deltaWeight":9.75,"categoryWeight":0.05,"quantileWeight":1.0388000000000002,"consistencyWeight":0,"identityDropoutRate":0.08325000000000005}, Scales {"judgeBias":1,"corps":1}, SeqLen 15, ID_Drop 0.094, WFW 1.500 

History Bucket Diagnostics (Avg Abs Error per sample, normalized units):
Hist | Count | MAE_Pred | MAE_Base | PredDevFromBase
-----|-------|----------|----------|----------------
0    | 71    | 0.8122   | 2.2794   | 2.1610 
1    | 31    | 0.5179   | 1.2121   | 1.1538 
2    | 24    | 0.5433   | 1.0693   | 0.9913 
3-5  | 68    | 0.4196   | 0.9838   | 0.9311 
6+   | 208   | 0.3088   | 0.4743   | 0.4063 

Epoch 293: loss = 0.633611 delta_mae_pts = 0.4466 recap_mae_pts = 0.4466 cat_mae_pts = 0.4840 total_mae_pts = 1.0397 vs_inertia_pts = 0.5251 vs_quad_pts = 1.6457 mon_cov = 0.965 mon_score = 4.9840 time = 23766.83 s

Epoch 294: Weights {"totalWeight":0.1,"recapWeight":0.05,"deltaWeight":9.75,"categoryWeight":0.05,"quantileWeight":1.0424,"consistencyWeight":0,"identityDropoutRate":0.07850000000000001}, Scales {"judgeBias":1,"corps":1}, SeqLen 15, ID_Drop 0.094, WFW 1.500 

History Bucket Diagnostics (Avg Abs Error per sample, normalized units):
Hist | Count | MAE_Pred | MAE_Base | PredDevFromBase
-----|-------|----------|----------|----------------
0    | 71    | 0.7929   | 2.2794   | 2.1559 
1    | 31    | 0.5095   | 1.2121   | 1.1245 
2    | 24    | 0.5422   | 1.0693   | 0.9941 
3-5  | 68    | 0.4185   | 0.9838   | 0.9348 
6+   | 208   | 0.3048   | 0.4743   | 0.4112 

Epoch 294: loss = 0.624071 delta_mae_pts = 0.4402 recap_mae_pts = 0.4402 cat_mae_pts = 0.4696 total_mae_pts = 1.0361 vs_inertia_pts = 0.5315 vs_quad_pts = 1.6521 mon_cov = 0.966 mon_score = 4.9208 time = 23860.93 s

Epoch 295: Weights {"totalWeight":0.1,"recapWeight":0.05,"deltaWeight":9.75,"categoryWeight":0.05,"quantileWeight":1.046,"consistencyWeight":0,"identityDropoutRate":0.0737500000000001}, Scales {"judgeBias":1,"corps":1}, SeqLen 15, ID_Drop 0.083, WFW 1.500 

History Bucket Diagnostics (Avg Abs Error per sample, normalized units):
Hist | Count | MAE_Pred | MAE_Base | PredDevFromBase
-----|-------|----------|----------|----------------
0    | 71    | 0.7902   | 2.2794   | 2.1493 
1    | 31    | 0.4988   | 1.2121   | 1.1499 
2    | 24    | 0.5660   | 1.0693   | 0.9775 
3-5  | 68    | 0.4172   | 0.9838   | 0.9329 
6+   | 208   | 0.3060   | 0.4743   | 0.4126 

Epoch 295: loss = 0.624147 delta_mae_pts = 0.4407 recap_mae_pts = 0.4407 cat_mae_pts = 0.4749 total_mae_pts = 1.0637 vs_inertia_pts = 0.5310 vs_quad_pts = 1.6515 mon_cov = 0.966 mon_score = 4.9264 time = 23931.80 s

Epoch 296: Weights {"totalWeight":0.1,"recapWeight":0.05,"deltaWeight":9.75,"categoryWeight":0.05,"quantileWeight":1.0496,"consistencyWeight":0,"identityDropoutRate":0.06900000000000006}, Scales {"judgeBias":1,"corps":1}, SeqLen 15, ID_Drop 0.075, WFW 1.500 

History Bucket Diagnostics (Avg Abs Error per sample, normalized units):
Hist | Count | MAE_Pred | MAE_Base | PredDevFromBase
-----|-------|----------|----------|----------------
0    | 71    | 0.7891   | 2.2794   | 2.1425 
1    | 31    | 0.5040   | 1.2121   | 1.1302 
2    | 24    | 0.5405   | 1.0693   | 0.9749 
3-5  | 68    | 0.4189   | 0.9838   | 0.9201 
6+   | 208   | 0.3058   | 0.4743   | 0.4056 

Epoch 296: loss = 0.577675 delta_mae_pts = 0.4396 recap_mae_pts = 0.4396 cat_mae_pts = 0.4712 total_mae_pts = 1.0406 vs_inertia_pts = 0.5321 vs_quad_pts = 1.6527 mon_cov = 0.964 mon_score = 4.9118 time = 24014.76 s

Epoch 297: Weights {"totalWeight":0.1,"recapWeight":0.05,"deltaWeight":9.75,"categoryWeight":0.05,"quantileWeight":1.0532,"consistencyWeight":0,"identityDropoutRate":0.06425000000000003}, Scales {"judgeBias":1,"corps":1}, SeqLen 15, ID_Drop 0.083, WFW 1.500 

History Bucket Diagnostics (Avg Abs Error per sample, normalized units):
Hist | Count | MAE_Pred | MAE_Base | PredDevFromBase
-----|-------|----------|----------|----------------
0    | 71    | 0.8147   | 2.2794   | 2.1760 
1    | 31    | 0.4981   | 1.2121   | 1.1540 
2    | 24    | 0.5586   | 1.0693   | 0.9957 
3-5  | 68    | 0.4225   | 0.9838   | 0.9357 
6+   | 208   | 0.3064   | 0.4743   | 0.4164 

Epoch 297: loss = 0.636935 delta_mae_pts = 0.4457 recap_mae_pts = 0.4457 cat_mae_pts = 0.4708 total_mae_pts = 1.0468 vs_inertia_pts = 0.5261 vs_quad_pts = 1.6466 mon_cov = 0.965 mon_score = 4.9761 time = 24121.98 s

Epoch 298: Weights {"totalWeight":0.1,"recapWeight":0.05,"deltaWeight":9.75,"categoryWeight":0.05,"quantileWeight":1.0568,"consistencyWeight":0,"identityDropoutRate":0.0595}, Scales {"judgeBias":1,"corps":1}, SeqLen 15, ID_Drop 0.072, WFW 1.500 

History Bucket Diagnostics (Avg Abs Error per sample, normalized units):
Hist | Count | MAE_Pred | MAE_Base | PredDevFromBase
-----|-------|----------|----------|----------------
0    | 71    | 0.7813   | 2.2794   | 2.1333 
1    | 31    | 0.4953   | 1.2121   | 1.1358 
2    | 24    | 0.5532   | 1.0693   | 0.9847 
3-5  | 68    | 0.4133   | 0.9838   | 0.9303 
6+   | 208   | 0.3068   | 0.4743   | 0.4098 

Epoch 298: loss = 0.630233 delta_mae_pts = 0.4379 recap_mae_pts = 0.4379 cat_mae_pts = 0.4716 total_mae_pts = 1.0489 vs_inertia_pts = 0.5338 vs_quad_pts = 1.6544 mon_cov = 0.966 mon_score = 4.8982 time = 24260.76 s

Epoch 299: Weights {"totalWeight":0.1,"recapWeight":0.05,"deltaWeight":9.75,"categoryWeight":0.05,"quantileWeight":1.0604,"consistencyWeight":0,"identityDropoutRate":0.054750000000000076}, Scales {"judgeBias":1,"corps":1}, SeqLen 15, ID_Drop 0.073, WFW 1.500 

History Bucket Diagnostics (Avg Abs Error per sample, normalized units):
Hist | Count | MAE_Pred | MAE_Base | PredDevFromBase
-----|-------|----------|----------|----------------
0    | 71    | 0.8200   | 2.2794   | 2.1532 
1    | 31    | 0.5102   | 1.2121   | 1.1406 
2    | 24    | 0.5501   | 1.0693   | 0.9785 
3-5  | 68    | 0.4166   | 0.9838   | 0.9342 
6+   | 208   | 0.3043   | 0.4743   | 0.4166 

Epoch 299: loss = 0.625696 delta_mae_pts = 0.4449 recap_mae_pts = 0.4449 cat_mae_pts = 0.4742 total_mae_pts = 1.0406 vs_inertia_pts = 0.5268 vs_quad_pts = 1.6473 mon_cov = 0.965 mon_score = 4.9685 time = 24400.18 s

Epoch 300: Weights {"totalWeight":0.1,"recapWeight":0.05,"deltaWeight":9.75,"categoryWeight":0.05,"quantileWeight":1.064,"consistencyWeight":0,"identityDropoutRate":0.050000000000000044}, Scales {"judgeBias":1,"corps":1}, SeqLen 15, ID_Drop 0.067, WFW 1.500 

History Bucket Diagnostics (Avg Abs Error per sample, normalized units):
Hist | Count | MAE_Pred | MAE_Base | PredDevFromBase
-----|-------|----------|----------|----------------
0    | 71    | 0.8068   | 2.2794   | 2.1379 
1    | 31    | 0.4963   | 1.2121   | 1.1280 
2    | 24    | 0.5468   | 1.0693   | 0.9684 
3-5  | 68    | 0.4199   | 0.9838   | 0.9269 
6+   | 208   | 0.3105   | 0.4743   | 0.4000 

Epoch 300: loss = 0.638575 delta_mae_pts = 0.4451 recap_mae_pts = 0.4451 cat_mae_pts = 0.4764 total_mae_pts = 1.0474 vs_inertia_pts = 0.5266 vs_quad_pts = 1.6472 mon_cov = 0.966 mon_score = 4.9638 time = 24539.74 s

-- - CAPTION STATS(Epoch 300)-- - 
GE1: delta_pts = 0.3418, recap_pts = 0.3418, cov = 0.955, width = 1.9938 
GE2: delta_pts = 0.3317, recap_pts = 0.3317, cov = 0.955, width = 2.0068 
VP: delta_pts = 0.3900, recap_pts = 0.3900, cov = 0.988, width = 3.7624 
VA: delta_pts = 0.3794, recap_pts = 0.3794, cov = 0.930, width = 2.0723 
CG: delta_pts = 0.4484, recap_pts = 0.4484, cov = 0.978, width = 3.8769 
MB: delta_pts = 0.5779, recap_pts = 0.5779, cov = 0.980, width = 5.5574 
MA: delta_pts = 0.3560, recap_pts = 0.3560, cov = 0.963, width = 2.1222 
MP: delta_pts = 0.7355, recap_pts = 0.7355, cov = 0.978, width = 6.1800 
----------------------------------


Epoch 301: Weights {"totalWeight":0.1,"recapWeight":0.05,"deltaWeight":9.75,"categoryWeight":0.05,"quantileWeight":1.0676,"consistencyWeight":0,"identityDropoutRate":0.05}, Scales {"judgeBias":1,"corps":1}, SeqLen 15, ID_Drop 0.060, WFW 1.500 

History Bucket Diagnostics (Avg Abs Error per sample, normalized units):
Hist | Count | MAE_Pred | MAE_Base | PredDevFromBase
-----|-------|----------|----------|----------------
0    | 71    | 0.7840   | 2.2794   | 2.1184 
1    | 31    | 0.5005   | 1.2121   | 1.1486 
2    | 24    | 0.5358   | 1.0693   | 0.9929 
3-5  | 68    | 0.4151   | 0.9838   | 0.9332 
6+   | 208   | 0.3037   | 0.4743   | 0.4119 

Epoch 301: loss = 0.641627 delta_mae_pts = 0.4364 recap_mae_pts = 0.4364 cat_mae_pts = 0.4691 total_mae_pts = 1.0502 vs_inertia_pts = 0.5353 vs_quad_pts = 1.6558 mon_cov = 0.964 mon_score = 4.8818 time = 24676.95 s

Epoch 302: Weights {"totalWeight":0.1,"recapWeight":0.05,"deltaWeight":9.75,"categoryWeight":0.05,"quantileWeight":1.0712,"consistencyWeight":0,"identityDropoutRate":0.05}, Scales {"judgeBias":1,"corps":1}, SeqLen 15, ID_Drop 0.058, WFW 1.500 

History Bucket Diagnostics (Avg Abs Error per sample, normalized units):
Hist | Count | MAE_Pred | MAE_Base | PredDevFromBase
-----|-------|----------|----------|----------------
0    | 71    | 0.8085   | 2.2794   | 2.1479 
1    | 31    | 0.5004   | 1.2121   | 1.1368 
2    | 24    | 0.5385   | 1.0693   | 0.9861 
3-5  | 68    | 0.4230   | 0.9838   | 0.9364 
6+   | 208   | 0.3056   | 0.4743   | 0.4089 

Epoch 302: loss = 0.582619 delta_mae_pts = 0.4432 recap_mae_pts = 0.4432 cat_mae_pts = 0.4717 total_mae_pts = 1.0565 vs_inertia_pts = 0.5285 vs_quad_pts = 1.6491 mon_cov = 0.965 mon_score = 4.9526 time = 24804.56 s

Epoch 303: Weights {"totalWeight":0.1,"recapWeight":0.05,"deltaWeight":9.75,"categoryWeight":0.05,"quantileWeight":1.0748,"consistencyWeight":0,"identityDropoutRate":0.05}, Scales {"judgeBias":1,"corps":1}, SeqLen 15, ID_Drop 0.069, WFW 1.500 

History Bucket Diagnostics (Avg Abs Error per sample, normalized units):
Hist | Count | MAE_Pred | MAE_Base | PredDevFromBase
-----|-------|----------|----------|----------------
0    | 71    | 0.7975   | 2.2794   | 2.1326 
1    | 31    | 0.5134   | 1.2121   | 1.1337 
2    | 24    | 0.5471   | 1.0693   | 0.9936 
3-5  | 68    | 0.4213   | 0.9838   | 0.9296 
6+   | 208   | 0.3075   | 0.4743   | 0.4114 

Epoch 303: loss = 0.598300 delta_mae_pts = 0.4435 recap_mae_pts = 0.4435 cat_mae_pts = 0.4786 total_mae_pts = 1.0893 vs_inertia_pts = 0.5282 vs_quad_pts = 1.6488 mon_cov = 0.965 mon_score = 4.9596 time = 24929.31 s

Epoch 304: Weights {"totalWeight":0.1,"recapWeight":0.05,"deltaWeight":9.75,"categoryWeight":0.05,"quantileWeight":1.0784,"consistencyWeight":0,"identityDropoutRate":0.05}, Scales {"judgeBias":1,"corps":1}, SeqLen 15, ID_Drop 0.071, WFW 1.500 

History Bucket Diagnostics (Avg Abs Error per sample, normalized units):
Hist | Count | MAE_Pred | MAE_Base | PredDevFromBase
-----|-------|----------|----------|----------------
0    | 71    | 0.8061   | 2.2794   | 2.1727 
1    | 31    | 0.5012   | 1.2121   | 1.1463 
2    | 24    | 0.5434   | 1.0693   | 0.9728 
3-5  | 68    | 0.4206   | 0.9838   | 0.9287 
6+   | 208   | 0.3092   | 0.4743   | 0.4063 

Epoch 304: loss = 0.590144 delta_mae_pts = 0.4446 recap_mae_pts = 0.4446 cat_mae_pts = 0.4733 total_mae_pts = 1.0727 vs_inertia_pts = 0.5271 vs_quad_pts = 1.6477 mon_cov = 0.965 mon_score = 4.9639 time = 25055.40 s

Epoch 305: Weights {"totalWeight":0.1,"recapWeight":0.05,"deltaWeight":9.75,"categoryWeight":0.05,"quantileWeight":1.082,"consistencyWeight":0,"identityDropoutRate":0.05}, Scales {"judgeBias":1,"corps":1}, SeqLen 15, ID_Drop 0.065, WFW 1.500 

History Bucket Diagnostics (Avg Abs Error per sample, normalized units):
Hist | Count | MAE_Pred | MAE_Base | PredDevFromBase
-----|-------|----------|----------|----------------
0    | 71    | 0.7976   | 2.2794   | 2.1707 
1    | 31    | 0.5058   | 1.2121   | 1.1571 
2    | 24    | 0.5376   | 1.0693   | 1.0174 
3-5  | 68    | 0.4171   | 0.9838   | 0.9536 
6+   | 208   | 0.3081   | 0.4743   | 0.4203 

Epoch 305: loss = 0.591261 delta_mae_pts = 0.4419 recap_mae_pts = 0.4419 cat_mae_pts = 0.4749 total_mae_pts = 1.0551 vs_inertia_pts = 0.5298 vs_quad_pts = 1.6504 mon_cov = 0.963 mon_score = 4.9426 time = 25182.79 s

Epoch 306: Weights {"totalWeight":0.1,"recapWeight":0.05,"deltaWeight":9.75,"categoryWeight":0.05,"quantileWeight":1.0856000000000001,"consistencyWeight":0,"identityDropoutRate":0.05}, Scales {"judgeBias":1,"corps":1}, SeqLen 15, ID_Drop 0.061, WFW 1.500 

History Bucket Diagnostics (Avg Abs Error per sample, normalized units):
Hist | Count | MAE_Pred | MAE_Base | PredDevFromBase
-----|-------|----------|----------|----------------
0    | 71    | 0.7832   | 2.2794   | 2.1568 
1    | 31    | 0.5003   | 1.2121   | 1.1526 
2    | 24    | 0.5494   | 1.0693   | 0.9901 
3-5  | 68    | 0.4145   | 0.9838   | 0.9300 
6+   | 208   | 0.3077   | 0.4743   | 0.4160 

Epoch 306: loss = 0.573030 delta_mae_pts = 0.4390 recap_mae_pts = 0.4390 cat_mae_pts = 0.4741 total_mae_pts = 1.0568 vs_inertia_pts = 0.5327 vs_quad_pts = 1.6533 mon_cov = 0.967 mon_score = 4.9192 time = 25309.20 s

Epoch 307: Weights {"totalWeight":0.1,"recapWeight":0.05,"deltaWeight":9.75,"categoryWeight":0.05,"quantileWeight":1.0892,"consistencyWeight":0,"identityDropoutRate":0.05}, Scales {"judgeBias":1,"corps":1}, SeqLen 15, ID_Drop 0.066, WFW 1.500 

History Bucket Diagnostics (Avg Abs Error per sample, normalized units):
Hist | Count | MAE_Pred | MAE_Base | PredDevFromBase
-----|-------|----------|----------|----------------
0    | 71    | 0.7894   | 2.2794   | 2.1622 
1    | 31    | 0.4973   | 1.2121   | 1.1202 
2    | 24    | 0.5358   | 1.0693   | 0.9763 
3-5  | 68    | 0.4204   | 0.9838   | 0.9202 
6+   | 208   | 0.3053   | 0.4743   | 0.4050 

Epoch 307: loss = 0.578596 delta_mae_pts = 0.4388 recap_mae_pts = 0.4388 cat_mae_pts = 0.4748 total_mae_pts = 1.0680 vs_inertia_pts = 0.5329 vs_quad_pts = 1.6535 mon_cov = 0.964 mon_score = 4.9121 time = 25434.69 s

Epoch 308: Weights {"totalWeight":0.1,"recapWeight":0.05,"deltaWeight":9.75,"categoryWeight":0.05,"quantileWeight":1.0928,"consistencyWeight":0,"identityDropoutRate":0.05}, Scales {"judgeBias":1,"corps":1}, SeqLen 15, ID_Drop 0.062, WFW 1.500 

History Bucket Diagnostics (Avg Abs Error per sample, normalized units):
Hist | Count | MAE_Pred | MAE_Base | PredDevFromBase
-----|-------|----------|----------|----------------
0    | 71    | 0.7779   | 2.2794   | 2.1689 
1    | 31    | 0.4997   | 1.2121   | 1.1440 
2    | 24    | 0.5434   | 1.0693   | 0.9788 
3-5  | 68    | 0.4187   | 0.9838   | 0.9180 
6+   | 208   | 0.3091   | 0.4743   | 0.4001 

Epoch 308: loss = 0.575738 delta_mae_pts = 0.4391 recap_mae_pts = 0.4391 cat_mae_pts = 0.4805 total_mae_pts = 1.0863 vs_inertia_pts = 0.5326 vs_quad_pts = 1.6532 mon_cov = 0.964 mon_score = 4.9130 time = 25560.89 s

Epoch 309: Weights {"totalWeight":0.1,"recapWeight":0.05,"deltaWeight":9.75,"categoryWeight":0.05,"quantileWeight":1.0964,"consistencyWeight":0,"identityDropoutRate":0.05}, Scales {"judgeBias":1,"corps":1}, SeqLen 15, ID_Drop 0.063, WFW 1.500 

History Bucket Diagnostics (Avg Abs Error per sample, normalized units):
Hist | Count | MAE_Pred | MAE_Base | PredDevFromBase
-----|-------|----------|----------|----------------
0    | 71    | 0.7866   | 2.2794   | 2.1418 
1    | 31    | 0.5053   | 1.2121   | 1.1571 
2    | 24    | 0.5432   | 1.0693   | 0.9903 
3-5  | 68    | 0.4163   | 0.9838   | 0.9293 
6+   | 208   | 0.3063   | 0.4743   | 0.4144 

Epoch 309: loss = 0.569921 delta_mae_pts = 0.4393 recap_mae_pts = 0.4393 cat_mae_pts = 0.4714 total_mae_pts = 1.0574 vs_inertia_pts = 0.5325 vs_quad_pts = 1.6530 mon_cov = 0.963 mon_score = 4.9108 time = 25685.95 s

Epoch 310: Weights {"totalWeight":0.1,"recapWeight":0.05,"deltaWeight":9.75,"categoryWeight":0.05,"quantileWeight":1.1,"consistencyWeight":0,"identityDropoutRate":0.05}, Scales {"judgeBias":1,"corps":1}, SeqLen 15, ID_Drop 0.069, WFW 1.500 

History Bucket Diagnostics (Avg Abs Error per sample, normalized units):
Hist | Count | MAE_Pred | MAE_Base | PredDevFromBase
-----|-------|----------|----------|----------------
0    | 71    | 0.7799   | 2.2794   | 2.1594 
1    | 31    | 0.5141   | 1.2121   | 1.1682 
2    | 24    | 0.5378   | 1.0693   | 1.0123 
3-5  | 68    | 0.4192   | 0.9838   | 0.9383 
6+   | 208   | 0.3097   | 0.4743   | 0.4148 

Epoch 310: loss = 0.626020 delta_mae_pts = 0.4406 recap_mae_pts = 0.4406 cat_mae_pts = 0.4736 total_mae_pts = 1.0715 vs_inertia_pts = 0.5311 vs_quad_pts = 1.6516 mon_cov = 0.965 mon_score = 4.9256 time = 25813.41 s

Epoch 311: Weights {"totalWeight":0.1,"recapWeight":0.05,"deltaWeight":9.75,"categoryWeight":0.05,"quantileWeight":1.1,"consistencyWeight":0,"identityDropoutRate":0.05}, Scales {"judgeBias":1,"corps":1}, SeqLen 15, ID_Drop 0.066, WFW 1.500 

History Bucket Diagnostics (Avg Abs Error per sample, normalized units):
Hist | Count | MAE_Pred | MAE_Base | PredDevFromBase
-----|-------|----------|----------|----------------
0    | 71    | 0.7770   | 2.2794   | 2.1631 
1    | 31    | 0.4918   | 1.2121   | 1.1468 
2    | 24    | 0.5272   | 1.0693   | 1.0222 
3-5  | 68    | 0.4154   | 0.9838   | 0.9387 
6+   | 208   | 0.3092   | 0.4743   | 0.4146 

Epoch 311: loss = 0.619937 delta_mae_pts = 0.4369 recap_mae_pts = 0.4369 cat_mae_pts = 0.4710 total_mae_pts = 1.0597 vs_inertia_pts = 0.5348 vs_quad_pts = 1.6554 mon_cov = 0.964 mon_score = 4.8856 time = 25939.35 s

Epoch 312: Weights {"totalWeight":0.1,"recapWeight":0.05,"deltaWeight":9.75,"categoryWeight":0.05,"quantileWeight":1.1,"consistencyWeight":0,"identityDropoutRate":0.05}, Scales {"judgeBias":1,"corps":1}, SeqLen 15, ID_Drop 0.063, WFW 1.500 

History Bucket Diagnostics (Avg Abs Error per sample, normalized units):
Hist | Count | MAE_Pred | MAE_Base | PredDevFromBase
-----|-------|----------|----------|----------------
0    | 71    | 0.7693   | 2.2794   | 2.1470 
1    | 31    | 0.4960   | 1.2121   | 1.1508 
2    | 24    | 0.5380   | 1.0693   | 0.9940 
3-5  | 68    | 0.4221   | 0.9838   | 0.9353 
6+   | 208   | 0.3051   | 0.4743   | 0.4123 

Epoch 312: loss = 0.621670 delta_mae_pts = 0.4355 recap_mae_pts = 0.4355 cat_mae_pts = 0.4722 total_mae_pts = 1.0623 vs_inertia_pts = 0.5362 vs_quad_pts = 1.6568 mon_cov = 0.964 mon_score = 4.8720 time = 26065.67 s

Epoch 313: Weights {"totalWeight":0.1,"recapWeight":0.05,"deltaWeight":9.75,"categoryWeight":0.05,"quantileWeight":1.1,"consistencyWeight":0,"identityDropoutRate":0.05}, Scales {"judgeBias":1,"corps":1}, SeqLen 15, ID_Drop 0.063, WFW 1.500 

History Bucket Diagnostics (Avg Abs Error per sample, normalized units):
Hist | Count | MAE_Pred | MAE_Base | PredDevFromBase
-----|-------|----------|----------|----------------
0    | 71    | 0.7682   | 2.2794   | 2.1492 
1    | 31    | 0.5039   | 1.2121   | 1.1535 
2    | 24    | 0.5396   | 1.0693   | 0.9991 
3-5  | 68    | 0.4217   | 0.9838   | 0.9433 
6+   | 208   | 0.3041   | 0.4743   | 0.4141 

Epoch 313: loss = 0.618883 delta_mae_pts = 0.4354 recap_mae_pts = 0.4354 cat_mae_pts = 0.4734 total_mae_pts = 1.0607 vs_inertia_pts = 0.5363 vs_quad_pts = 1.6568 mon_cov = 0.964 mon_score = 4.8682 time = 26190.16 s

Epoch 314: Weights {"totalWeight":0.1,"recapWeight":0.05,"deltaWeight":9.75,"categoryWeight":0.05,"quantileWeight":1.1,"consistencyWeight":0,"identityDropoutRate":0.05}, Scales {"judgeBias":1,"corps":1}, SeqLen 15, ID_Drop 0.068, WFW 1.500 

History Bucket Diagnostics (Avg Abs Error per sample, normalized units):
Hist | Count | MAE_Pred | MAE_Base | PredDevFromBase
-----|-------|----------|----------|----------------
0    | 71    | 0.7739   | 2.2794   | 2.1576 
1    | 31    | 0.5043   | 1.2121   | 1.1399 
2    | 24    | 0.5353   | 1.0693   | 1.0010 
3-5  | 68    | 0.4250   | 0.9838   | 0.9303 
6+   | 208   | 0.3081   | 0.4743   | 0.4087 

Epoch 314: loss = 0.611800 delta_mae_pts = 0.4388 recap_mae_pts = 0.4388 cat_mae_pts = 0.4788 total_mae_pts = 1.0715 vs_inertia_pts = 0.5329 vs_quad_pts = 1.6534 mon_cov = 0.964 mon_score = 4.9130 time = 26316.15 s

Epoch 315: Weights {"totalWeight":0.1,"recapWeight":0.05,"deltaWeight":9.75,"categoryWeight":0.05,"quantileWeight":1.1,"consistencyWeight":0,"identityDropoutRate":0.05}, Scales {"judgeBias":1,"corps":1}, SeqLen 15, ID_Drop 0.063, WFW 1.500 

History Bucket Diagnostics (Avg Abs Error per sample, normalized units):
Hist | Count | MAE_Pred | MAE_Base | PredDevFromBase
-----|-------|----------|----------|----------------
0    | 71    | 0.7682   | 2.2794   | 2.1384 
1    | 31    | 0.5025   | 1.2121   | 1.1314 
2    | 24    | 0.5464   | 1.0693   | 0.9931 
3-5  | 68    | 0.4194   | 0.9838   | 0.9381 
6+   | 208   | 0.3056   | 0.4743   | 0.4110 

Epoch 315: loss = 0.608133 delta_mae_pts = 0.4361 recap_mae_pts = 0.4361 cat_mae_pts = 0.4764 total_mae_pts = 1.0625 vs_inertia_pts = 0.5356 vs_quad_pts = 1.6562 mon_cov = 0.965 mon_score = 4.8901 time = 26441.93 s

Epoch 316: Weights {"totalWeight":0.1,"recapWeight":0.05,"deltaWeight":9.75,"categoryWeight":0.05,"quantileWeight":1.1,"consistencyWeight":0,"identityDropoutRate":0.05}, Scales {"judgeBias":1,"corps":1}, SeqLen 15, ID_Drop 0.068, WFW 1.500 

History Bucket Diagnostics (Avg Abs Error per sample, normalized units):
Hist | Count | MAE_Pred | MAE_Base | PredDevFromBase
-----|-------|----------|----------|----------------
0    | 71    | 0.8215   | 2.2794   | 2.2029 
1    | 31    | 0.4980   | 1.2121   | 1.1557 
2    | 24    | 0.5284   | 1.0693   | 0.9936 
3-5  | 68    | 0.4207   | 0.9838   | 0.9358 
6+   | 208   | 0.3092   | 0.4743   | 0.4092 

Epoch 316: loss = 0.619505 delta_mae_pts = 0.4462 recap_mae_pts = 0.4462 cat_mae_pts = 0.4744 total_mae_pts = 1.0504 vs_inertia_pts = 0.5255 vs_quad_pts = 1.6461 mon_cov = 0.964 mon_score = 4.9825 time = 26568.52 s

Epoch 317: Weights {"totalWeight":0.1,"recapWeight":0.05,"deltaWeight":9.75,"categoryWeight":0.05,"quantileWeight":1.1,"consistencyWeight":0,"identityDropoutRate":0.05}, Scales {"judgeBias":1,"corps":1}, SeqLen 15, ID_Drop 0.070, WFW 1.500 

History Bucket Diagnostics (Avg Abs Error per sample, normalized units):
Hist | Count | MAE_Pred | MAE_Base | PredDevFromBase
-----|-------|----------|----------|----------------
0    | 71    | 0.7611   | 2.2794   | 2.1606 
1    | 31    | 0.5026   | 1.2121   | 1.1548 
2    | 24    | 0.5277   | 1.0693   | 1.0148 
3-5  | 68    | 0.4206   | 0.9838   | 0.9444 
6+   | 208   | 0.3079   | 0.4743   | 0.4095 

Epoch 317: loss = 0.607914 delta_mae_pts = 0.4352 recap_mae_pts = 0.4352 cat_mae_pts = 0.4731 total_mae_pts = 1.0484 vs_inertia_pts = 0.5366 vs_quad_pts = 1.6571 mon_cov = 0.964 mon_score = 4.8710 time = 26695.52 s

Epoch 318: Weights {"totalWeight":0.1,"recapWeight":0.05,"deltaWeight":9.75,"categoryWeight":0.05,"quantileWeight":1.1,"consistencyWeight":0,"identityDropoutRate":0.05}, Scales {"judgeBias":1,"corps":1}, SeqLen 15, ID_Drop 0.066, WFW 1.500 

History Bucket Diagnostics (Avg Abs Error per sample, normalized units):
Hist | Count | MAE_Pred | MAE_Base | PredDevFromBase
-----|-------|----------|----------|----------------
0    | 71    | 0.7736   | 2.2794   | 2.1363 
1    | 31    | 0.4986   | 1.2121   | 1.1327 
2    | 24    | 0.5318   | 1.0693   | 1.0006 
3-5  | 68    | 0.4219   | 0.9838   | 0.9315 
6+   | 208   | 0.3083   | 0.4743   | 0.4098 

Epoch 318: loss = 0.612052 delta_mae_pts = 0.4377 recap_mae_pts = 0.4377 cat_mae_pts = 0.4690 total_mae_pts = 1.0582 vs_inertia_pts = 0.5340 vs_quad_pts = 1.6546 mon_cov = 0.965 mon_score = 4.8963 time = 26822.51 s

Epoch 319: Weights {"totalWeight":0.1,"recapWeight":0.05,"deltaWeight":9.75,"categoryWeight":0.05,"quantileWeight":1.1,"consistencyWeight":0,"identityDropoutRate":0.05}, Scales {"judgeBias":1,"corps":1}, SeqLen 15, ID_Drop 0.066, WFW 1.500 

History Bucket Diagnostics (Avg Abs Error per sample, normalized units):
Hist | Count | MAE_Pred | MAE_Base | PredDevFromBase
-----|-------|----------|----------|----------------
0    | 71    | 0.8088   | 2.2794   | 2.1805 
1    | 31    | 0.5057   | 1.2121   | 1.1722 
2    | 24    | 0.5361   | 1.0693   | 1.0012 
3-5  | 68    | 0.4185   | 0.9838   | 0.9360 
6+   | 208   | 0.3066   | 0.4743   | 0.4163 

Epoch 319: loss = 0.611331 delta_mae_pts = 0.4433 recap_mae_pts = 0.4433 cat_mae_pts = 0.4742 total_mae_pts = 1.0425 vs_inertia_pts = 0.5284 vs_quad_pts = 1.6490 mon_cov = 0.961 mon_score = 4.9456 time = 26948.67 s

Epoch 320: Weights {"totalWeight":0.1,"recapWeight":0.05,"deltaWeight":9.75,"categoryWeight":0.05,"quantileWeight":1.1,"consistencyWeight":0,"identityDropoutRate":0.05}, Scales {"judgeBias":1,"corps":1}, SeqLen 15, ID_Drop 0.062, WFW 1.500 

History Bucket Diagnostics (Avg Abs Error per sample, normalized units):
Hist | Count | MAE_Pred | MAE_Base | PredDevFromBase
-----|-------|----------|----------|----------------
0    | 71    | 0.7949   | 2.2794   | 2.1646 
1    | 31    | 0.5041   | 1.2121   | 1.1551 
2    | 24    | 0.5364   | 1.0693   | 1.0200 
3-5  | 68    | 0.4183   | 0.9838   | 0.9445 
6+   | 208   | 0.3070   | 0.4743   | 0.4220 

Epoch 320: loss = 0.621566 delta_mae_pts = 0.4409 recap_mae_pts = 0.4409 cat_mae_pts = 0.4753 total_mae_pts = 1.0570 vs_inertia_pts = 0.5308 vs_quad_pts = 1.6514 mon_cov = 0.964 mon_score = 4.9220 time = 27074.83 s

Epoch 321: Weights {"totalWeight":0.1,"recapWeight":0.05,"deltaWeight":9.75,"categoryWeight":0.05,"quantileWeight":1.1,"consistencyWeight":0,"identityDropoutRate":0.05}, Scales {"judgeBias":1,"corps":1}, SeqLen 15, ID_Drop 0.066, WFW 1.500 

History Bucket Diagnostics (Avg Abs Error per sample, normalized units):
Hist | Count | MAE_Pred | MAE_Base | PredDevFromBase
-----|-------|----------|----------|----------------
0    | 71    | 0.7694   | 2.2794   | 2.1406 
1    | 31    | 0.4986   | 1.2121   | 1.1550 
2    | 24    | 0.5400   | 1.0693   | 1.0088 
3-5  | 68    | 0.4226   | 0.9838   | 0.9473 
6+   | 208   | 0.3055   | 0.4743   | 0.4209 

Epoch 321: loss = 0.562757 delta_mae_pts = 0.4362 recap_mae_pts = 0.4362 cat_mae_pts = 0.4723 total_mae_pts = 1.0604 vs_inertia_pts = 0.5355 vs_quad_pts = 1.6561 mon_cov = 0.965 mon_score = 4.8880 time = 27201.67 s

Epoch 322: Weights {"totalWeight":0.1,"recapWeight":0.05,"deltaWeight":9.75,"categoryWeight":0.05,"quantileWeight":1.1,"consistencyWeight":0,"identityDropoutRate":0.05}, Scales {"judgeBias":1,"corps":1}, SeqLen 15, ID_Drop 0.063, WFW 1.500 

History Bucket Diagnostics (Avg Abs Error per sample, normalized units):
Hist | Count | MAE_Pred | MAE_Base | PredDevFromBase
-----|-------|----------|----------|----------------
0    | 71    | 0.7946   | 2.2794   | 2.1429 
1    | 31    | 0.4951   | 1.2121   | 1.1484 
2    | 24    | 0.5510   | 1.0693   | 1.0026 
3-5  | 68    | 0.4203   | 0.9838   | 0.9324 
6+   | 208   | 0.3062   | 0.4743   | 0.4167 

Epoch 322: loss = 0.559464 delta_mae_pts = 0.4409 recap_mae_pts = 0.4409 cat_mae_pts = 0.4731 total_mae_pts = 1.0705 vs_inertia_pts = 0.5308 vs_quad_pts = 1.6514 mon_cov = 0.964 mon_score = 4.9250 time = 27328.56 s

Epoch 323: Weights {"totalWeight":0.1,"recapWeight":0.05,"deltaWeight":9.75,"categoryWeight":0.05,"quantileWeight":1.1,"consistencyWeight":0,"identityDropoutRate":0.05}, Scales {"judgeBias":1,"corps":1}, SeqLen 15, ID_Drop 0.067, WFW 1.500 

History Bucket Diagnostics (Avg Abs Error per sample, normalized units):
Hist | Count | MAE_Pred | MAE_Base | PredDevFromBase
-----|-------|----------|----------|----------------
0    | 71    | 0.7874   | 2.2794   | 2.1370 
1    | 31    | 0.4977   | 1.2121   | 1.1598 
2    | 24    | 0.5458   | 1.0693   | 1.0012 
3-5  | 68    | 0.4114   | 0.9838   | 0.9434 
6+   | 208   | 0.3076   | 0.4743   | 0.4142 

Epoch 323: loss = 0.611803 delta_mae_pts = 0.4388 recap_mae_pts = 0.4388 cat_mae_pts = 0.4725 total_mae_pts = 1.0585 vs_inertia_pts = 0.5330 vs_quad_pts = 1.6535 mon_cov = 0.963 mon_score = 4.9012 time = 27453.90 s

Epoch 324: Weights {"totalWeight":0.1,"recapWeight":0.05,"deltaWeight":9.75,"categoryWeight":0.05,"quantileWeight":1.1,"consistencyWeight":0,"identityDropoutRate":0.05}, Scales {"judgeBias":1,"corps":1}, SeqLen 15, ID_Drop 0.063, WFW 1.500 

History Bucket Diagnostics (Avg Abs Error per sample, normalized units):
Hist | Count | MAE_Pred | MAE_Base | PredDevFromBase
-----|-------|----------|----------|----------------
0    | 71    | 0.7866   | 2.2794   | 2.1626 
1    | 31    | 0.5023   | 1.2121   | 1.1454 
2    | 24    | 0.5374   | 1.0693   | 0.9962 
3-5  | 68    | 0.4225   | 0.9838   | 0.9420 
6+   | 208   | 0.3058   | 0.4743   | 0.4191 

Epoch 324: loss = 0.610567 delta_mae_pts = 0.4395 recap_mae_pts = 0.4395 cat_mae_pts = 0.4783 total_mae_pts = 1.0642 vs_inertia_pts = 0.5323 vs_quad_pts = 1.6528 mon_cov = 0.965 mon_score = 4.9085 time = 27579.00 s

Epoch 325: Weights {"totalWeight":0.1,"recapWeight":0.05,"deltaWeight":9.75,"categoryWeight":0.05,"quantileWeight":1.1,"consistencyWeight":0,"identityDropoutRate":0.05}, Scales {"judgeBias":1,"corps":1}, SeqLen 15, ID_Drop 0.066, WFW 1.500 

History Bucket Diagnostics (Avg Abs Error per sample, normalized units):
Hist | Count | MAE_Pred | MAE_Base | PredDevFromBase
-----|-------|----------|----------|----------------
0    | 71    | 0.7887   | 2.2794   | 2.1500 
1    | 31    | 0.5112   | 1.2121   | 1.1673 
2    | 24    | 0.5451   | 1.0693   | 1.0131 
3-5  | 68    | 0.4215   | 0.9838   | 0.9338 
6+   | 208   | 0.3059   | 0.4743   | 0.4181 

Epoch 325: loss = 0.605424 delta_mae_pts = 0.4408 recap_mae_pts = 0.4408 cat_mae_pts = 0.4746 total_mae_pts = 1.0620 vs_inertia_pts = 0.5309 vs_quad_pts = 1.6515 mon_cov = 0.963 mon_score = 4.9300 time = 27712.70 s

Epoch 326: Weights {"totalWeight":0.1,"recapWeight":0.05,"deltaWeight":9.75,"categoryWeight":0.05,"quantileWeight":1.1,"consistencyWeight":0,"identityDropoutRate":0.05}, Scales {"judgeBias":1,"corps":1}, SeqLen 15, ID_Drop 0.076, WFW 1.500 

History Bucket Diagnostics (Avg Abs Error per sample, normalized units):
Hist | Count | MAE_Pred | MAE_Base | PredDevFromBase
-----|-------|----------|----------|----------------
0    | 71    | 0.7643   | 2.2794   | 2.1533 
1    | 31    | 0.4982   | 1.2121   | 1.1506 
2    | 24    | 0.5487   | 1.0693   | 0.9974 
3-5  | 68    | 0.4184   | 0.9838   | 0.9336 
6+   | 208   | 0.3051   | 0.4743   | 0.4129 

Epoch 326: loss = 0.614975 delta_mae_pts = 0.4348 recap_mae_pts = 0.4348 cat_mae_pts = 0.4706 total_mae_pts = 1.0475 vs_inertia_pts = 0.5369 vs_quad_pts = 1.6575 mon_cov = 0.963 mon_score = 4.8683 time = 27810.06 s

Epoch 327: Weights {"totalWeight":0.1,"recapWeight":0.05,"deltaWeight":9.75,"categoryWeight":0.05,"quantileWeight":1.1,"consistencyWeight":0,"identityDropoutRate":0.05}, Scales {"judgeBias":1,"corps":1}, SeqLen 15, ID_Drop 0.070, WFW 1.500 

History Bucket Diagnostics (Avg Abs Error per sample, normalized units):
Hist | Count | MAE_Pred | MAE_Base | PredDevFromBase
-----|-------|----------|----------|----------------
0    | 71    | 0.8069   | 2.2794   | 2.1797 
1    | 31    | 0.5055   | 1.2121   | 1.1441 
2    | 24    | 0.5391   | 1.0693   | 0.9915 
3-5  | 68    | 0.4184   | 0.9838   | 0.9273 
6+   | 208   | 0.3074   | 0.4743   | 0.4113 

Epoch 327: loss = 0.612057 delta_mae_pts = 0.4435 recap_mae_pts = 0.4435 cat_mae_pts = 0.4771 total_mae_pts = 1.0559 vs_inertia_pts = 0.5282 vs_quad_pts = 1.6488 mon_cov = 0.962 mon_score = 4.9570 time = 27931.96 s

Epoch 328: Weights {"totalWeight":0.1,"recapWeight":0.05,"deltaWeight":9.75,"categoryWeight":0.05,"quantileWeight":1.1,"consistencyWeight":0,"identityDropoutRate":0.05}, Scales {"judgeBias":1,"corps":1}, SeqLen 15, ID_Drop 0.073, WFW 1.500 

History Bucket Diagnostics (Avg Abs Error per sample, normalized units):
Hist | Count | MAE_Pred | MAE_Base | PredDevFromBase
-----|-------|----------|----------|----------------
0    | 71    | 0.7696   | 2.2794   | 2.1312 
1    | 31    | 0.5002   | 1.2121   | 1.1597 
2    | 24    | 0.5451   | 1.0693   | 0.9848 
3-5  | 68    | 0.4163   | 0.9838   | 0.9305 
6+   | 208   | 0.3079   | 0.4743   | 0.4087 

Epoch 328: loss = 0.602153 delta_mae_pts = 0.4368 recap_mae_pts = 0.4368 cat_mae_pts = 0.4698 total_mae_pts = 1.0513 vs_inertia_pts = 0.5350 vs_quad_pts = 1.6555 mon_cov = 0.964 mon_score = 4.8848 time = 28055.97 s

Epoch 329: Weights {"totalWeight":0.1,"recapWeight":0.05,"deltaWeight":9.75,"categoryWeight":0.05,"quantileWeight":1.1,"consistencyWeight":0,"identityDropoutRate":0.05}, Scales {"judgeBias":1,"corps":1}, SeqLen 15, ID_Drop 0.065, WFW 1.500 

History Bucket Diagnostics (Avg Abs Error per sample, normalized units):
Hist | Count | MAE_Pred | MAE_Base | PredDevFromBase
-----|-------|----------|----------|----------------
0    | 71    | 0.7840   | 2.2794   | 2.1616 
1    | 31    | 0.5107   | 1.2121   | 1.1559 
2    | 24    | 0.5398   | 1.0693   | 1.0094 
3-5  | 68    | 0.4196   | 0.9838   | 0.9335 
6+   | 208   | 0.3074   | 0.4743   | 0.4127 

Epoch 329: loss = 0.597060 delta_mae_pts = 0.4401 recap_mae_pts = 0.4401 cat_mae_pts = 0.4723 total_mae_pts = 1.0511 vs_inertia_pts = 0.5316 vs_quad_pts = 1.6522 mon_cov = 0.964 mon_score = 4.9173 time = 28180.27 s

Epoch 330: Weights {"totalWeight":0.1,"recapWeight":0.05,"deltaWeight":9.75,"categoryWeight":0.05,"quantileWeight":1.1,"consistencyWeight":0,"identityDropoutRate":0.05}, Scales {"judgeBias":1,"corps":1}, SeqLen 15, ID_Drop 0.067, WFW 1.500 

History Bucket Diagnostics (Avg Abs Error per sample, normalized units):
Hist | Count | MAE_Pred | MAE_Base | PredDevFromBase
-----|-------|----------|----------|----------------
0    | 71    | 0.7834   | 2.2794   | 2.1440 
1    | 31    | 0.4990   | 1.2121   | 1.1362 
2    | 24    | 0.5525   | 1.0693   | 0.9962 
3-5  | 68    | 0.4167   | 0.9838   | 0.9343 
6+   | 208   | 0.3058   | 0.4743   | 0.4139 

Epoch 330: loss = 0.597921 delta_mae_pts = 0.4385 recap_mae_pts = 0.4385 cat_mae_pts = 0.4726 total_mae_pts = 1.0532 vs_inertia_pts = 0.5332 vs_quad_pts = 1.6538 mon_cov = 0.962 mon_score = 4.9026 time = 28305.31 s

Epoch 331: Weights {"totalWeight":0.1,"recapWeight":0.05,"deltaWeight":9.75,"categoryWeight":0.05,"quantileWeight":1.1,"consistencyWeight":0,"identityDropoutRate":0.05}, Scales {"judgeBias":1,"corps":1}, SeqLen 15, ID_Drop 0.066, WFW 1.500 

History Bucket Diagnostics (Avg Abs Error per sample, normalized units):
Hist | Count | MAE_Pred | MAE_Base | PredDevFromBase
-----|-------|----------|----------|----------------
0    | 71    | 0.7808   | 2.2794   | 2.1502 
1    | 31    | 0.5006   | 1.2121   | 1.1537 
2    | 24    | 0.5510   | 1.0693   | 1.0064 
3-5  | 68    | 0.4201   | 0.9838   | 0.9369 
6+   | 208   | 0.3057   | 0.4743   | 0.4123 

Epoch 331: loss = 0.599537 delta_mae_pts = 0.4387 recap_mae_pts = 0.4387 cat_mae_pts = 0.4731 total_mae_pts = 1.0594 vs_inertia_pts = 0.5331 vs_quad_pts = 1.6536 mon_cov = 0.964 mon_score = 4.9097 time = 28428.79 s

Epoch 332: Weights {"totalWeight":0.1,"recapWeight":0.05,"deltaWeight":9.75,"categoryWeight":0.05,"quantileWeight":1.1,"consistencyWeight":0,"identityDropoutRate":0.05}, Scales {"judgeBias":1,"corps":1}, SeqLen 15, ID_Drop 0.069, WFW 1.500 

History Bucket Diagnostics (Avg Abs Error per sample, normalized units):
Hist | Count | MAE_Pred | MAE_Base | PredDevFromBase
-----|-------|----------|----------|----------------
0    | 71    | 0.7900   | 2.2794   | 2.1526 
1    | 31    | 0.5106   | 1.2121   | 1.1634 
2    | 24    | 0.5413   | 1.0693   | 1.0160 
3-5  | 68    | 0.4223   | 0.9838   | 0.9474 
6+   | 208   | 0.3057   | 0.4743   | 0.4168 

Epoch 332: loss = 0.597472 delta_mae_pts = 0.4408 recap_mae_pts = 0.4408 cat_mae_pts = 0.4755 total_mae_pts = 1.0619 vs_inertia_pts = 0.5309 vs_quad_pts = 1.6515 mon_cov = 0.965 mon_score = 4.9306 time = 28551.49 s

Epoch 333: Weights {"totalWeight":0.1,"recapWeight":0.05,"deltaWeight":9.75,"categoryWeight":0.05,"quantileWeight":1.1,"consistencyWeight":0,"identityDropoutRate":0.05}, Scales {"judgeBias":1,"corps":1}, SeqLen 15, ID_Drop 0.069, WFW 1.500 

History Bucket Diagnostics (Avg Abs Error per sample, normalized units):
Hist | Count | MAE_Pred | MAE_Base | PredDevFromBase
-----|-------|----------|----------|----------------
0    | 71    | 0.7724   | 2.2794   | 2.1406 
1    | 31    | 0.5047   | 1.2121   | 1.1405 
2    | 24    | 0.5441   | 1.0693   | 0.9945 
3-5  | 68    | 0.4220   | 0.9838   | 0.9338 
6+   | 208   | 0.3079   | 0.4743   | 0.4095 

Epoch 333: loss = 0.597690 delta_mae_pts = 0.4385 recap_mae_pts = 0.4385 cat_mae_pts = 0.4752 total_mae_pts = 1.0694 vs_inertia_pts = 0.5332 vs_quad_pts = 1.6538 mon_cov = 0.964 mon_score = 4.9064 time = 28676.25 s

Epoch 334: Weights {"totalWeight":0.1,"recapWeight":0.05,"deltaWeight":9.75,"categoryWeight":0.05,"quantileWeight":1.1,"consistencyWeight":0,"identityDropoutRate":0.05}, Scales {"judgeBias":1,"corps":1}, SeqLen 15, ID_Drop 0.068, WFW 1.500 

History Bucket Diagnostics (Avg Abs Error per sample, normalized units):
Hist | Count | MAE_Pred | MAE_Base | PredDevFromBase
-----|-------|----------|----------|----------------
0    | 71    | 0.7958   | 2.2794   | 2.1631 
1    | 31    | 0.5050   | 1.2121   | 1.1508 
2    | 24    | 0.5463   | 1.0693   | 1.0055 
3-5  | 68    | 0.4198   | 0.9838   | 0.9348 
6+   | 208   | 0.3056   | 0.4743   | 0.4100 

Epoch 334: loss = 0.598163 delta_mae_pts = 0.4412 recap_mae_pts = 0.4412 cat_mae_pts = 0.4761 total_mae_pts = 1.0585 vs_inertia_pts = 0.5305 vs_quad_pts = 1.6510 mon_cov = 0.962 mon_score = 4.9301 time = 28800.90 s

Epoch 335: Weights {"totalWeight":0.1,"recapWeight":0.05,"deltaWeight":9.75,"categoryWeight":0.05,"quantileWeight":1.1,"consistencyWeight":0,"identityDropoutRate":0.05}, Scales {"judgeBias":1,"corps":1}, SeqLen 15, ID_Drop 0.067, WFW 1.500 

History Bucket Diagnostics (Avg Abs Error per sample, normalized units):
Hist | Count | MAE_Pred | MAE_Base | PredDevFromBase
-----|-------|----------|----------|----------------
0    | 71    | 0.7981   | 2.2794   | 2.1651 
1    | 31    | 0.5119   | 1.2121   | 1.1557 
2    | 24    | 0.5420   | 1.0693   | 1.0036 
3-5  | 68    | 0.4192   | 0.9838   | 0.9293 
6+   | 208   | 0.3082   | 0.4743   | 0.4132 

Epoch 335: loss = 0.601350 delta_mae_pts = 0.4432 recap_mae_pts = 0.4432 cat_mae_pts = 0.4770 total_mae_pts = 1.0708 vs_inertia_pts = 0.5286 vs_quad_pts = 1.6491 mon_cov = 0.963 mon_score = 4.9495 time = 28924.78 s

Epoch 336: Weights {"totalWeight":0.1,"recapWeight":0.05,"deltaWeight":9.75,"categoryWeight":0.05,"quantileWeight":1.1,"consistencyWeight":0,"identityDropoutRate":0.05}, Scales {"judgeBias":1,"corps":1}, SeqLen 15, ID_Drop 0.064, WFW 1.500 

History Bucket Diagnostics (Avg Abs Error per sample, normalized units):
Hist | Count | MAE_Pred | MAE_Base | PredDevFromBase
-----|-------|----------|----------|----------------
0    | 71    | 0.7759   | 2.2794   | 2.1475 
1    | 31    | 0.5042   | 1.2121   | 1.1491 
2    | 24    | 0.5536   | 1.0693   | 0.9960 
3-5  | 68    | 0.4185   | 0.9838   | 0.9336 
6+   | 208   | 0.3049   | 0.4743   | 0.4179 

Epoch 336: loss = 0.596899 delta_mae_pts = 0.4375 recap_mae_pts = 0.4375 cat_mae_pts = 0.4735 total_mae_pts = 1.0582 vs_inertia_pts = 0.5342 vs_quad_pts = 1.6548 mon_cov = 0.964 mon_score = 4.8950 time = 29047.57 s

Epoch 337: Weights {"totalWeight":0.1,"recapWeight":0.05,"deltaWeight":9.75,"categoryWeight":0.05,"quantileWeight":1.1,"consistencyWeight":0,"identityDropoutRate":0.05}, Scales {"judgeBias":1,"corps":1}, SeqLen 15, ID_Drop 0.067, WFW 1.500 

History Bucket Diagnostics (Avg Abs Error per sample, normalized units):
Hist | Count | MAE_Pred | MAE_Base | PredDevFromBase
-----|-------|----------|----------|----------------
0    | 71    | 0.7842   | 2.2794   | 2.1505 
1    | 31    | 0.5076   | 1.2121   | 1.1635 
2    | 24    | 0.5340   | 1.0693   | 1.0134 
3-5  | 68    | 0.4221   | 0.9838   | 0.9354 
6+   | 208   | 0.3054   | 0.4743   | 0.4165 

Epoch 337: loss = 0.591923 delta_mae_pts = 0.4389 recap_mae_pts = 0.4389 cat_mae_pts = 0.4731 total_mae_pts = 1.0714 vs_inertia_pts = 0.5328 vs_quad_pts = 1.6534 mon_cov = 0.963 mon_score = 4.9107 time = 29171.48 s

Epoch 338: Weights {"totalWeight":0.1,"recapWeight":0.05,"deltaWeight":9.75,"categoryWeight":0.05,"quantileWeight":1.1,"consistencyWeight":0,"identityDropoutRate":0.05}, Scales {"judgeBias":1,"corps":1}, SeqLen 15, ID_Drop 0.068, WFW 1.500 

History Bucket Diagnostics (Avg Abs Error per sample, normalized units):
Hist | Count | MAE_Pred | MAE_Base | PredDevFromBase
-----|-------|----------|----------|----------------
0    | 71    | 0.7595   | 2.2794   | 2.1481 
1    | 31    | 0.5102   | 1.2121   | 1.1593 
2    | 24    | 0.5489   | 1.0693   | 1.0039 
3-5  | 68    | 0.4177   | 0.9838   | 0.9310 
6+   | 208   | 0.3078   | 0.4743   | 0.4149 

Epoch 338: loss = 0.592464 delta_mae_pts = 0.4362 recap_mae_pts = 0.4362 cat_mae_pts = 0.4758 total_mae_pts = 1.0655 vs_inertia_pts = 0.5355 vs_quad_pts = 1.6561 mon_cov = 0.963 mon_score = 4.8766 time = 29294.93 s

Epoch 339: Weights {"totalWeight":0.1,"recapWeight":0.05,"deltaWeight":9.75,"categoryWeight":0.05,"quantileWeight":1.1,"consistencyWeight":0,"identityDropoutRate":0.05}, Scales {"judgeBias":1,"corps":1}, SeqLen 15, ID_Drop 0.066, WFW 1.500 

History Bucket Diagnostics (Avg Abs Error per sample, normalized units):
Hist | Count | MAE_Pred | MAE_Base | PredDevFromBase
-----|-------|----------|----------|----------------
0    | 71    | 0.7674   | 2.2794   | 2.1389 
1    | 31    | 0.5043   | 1.2121   | 1.1401 
2    | 24    | 0.5496   | 1.0693   | 1.0016 
3-5  | 68    | 0.4225   | 0.9838   | 0.9321 
6+   | 208   | 0.3054   | 0.4743   | 0.4129 

Epoch 339: loss = 0.577469 delta_mae_pts = 0.4367 recap_mae_pts = 0.4367 cat_mae_pts = 0.4719 total_mae_pts = 1.0579 vs_inertia_pts = 0.5350 vs_quad_pts = 1.6555 mon_cov = 0.963 mon_score = 4.8910 time = 29418.31 s

Epoch 340: Weights {"totalWeight":0.1,"recapWeight":0.05,"deltaWeight":9.75,"categoryWeight":0.05,"quantileWeight":1.1,"consistencyWeight":0,"identityDropoutRate":0.05}, Scales {"judgeBias":1,"corps":1}, SeqLen 15, ID_Drop 0.055, WFW 1.500 

History Bucket Diagnostics (Avg Abs Error per sample, normalized units):
Hist | Count | MAE_Pred | MAE_Base | PredDevFromBase
-----|-------|----------|----------|----------------
0    | 71    | 0.7747   | 2.2794   | 2.1522 
1    | 31    | 0.5071   | 1.2121   | 1.1492 
2    | 24    | 0.5428   | 1.0693   | 1.0094 
3-5  | 68    | 0.4246   | 0.9838   | 0.9387 
6+   | 208   | 0.3068   | 0.4743   | 0.4157 

Epoch 340: loss = 0.535398 delta_mae_pts = 0.4389 recap_mae_pts = 0.4389 cat_mae_pts = 0.4765 total_mae_pts = 1.0697 vs_inertia_pts = 0.5328 vs_quad_pts = 1.6534 mon_cov = 0.963 mon_score = 4.9093 time = 29541.21 s

Epoch 341: Weights {"totalWeight":0.1,"recapWeight":0.05,"deltaWeight":9.75,"categoryWeight":0.05,"quantileWeight":1.1,"consistencyWeight":0,"identityDropoutRate":0.05}, Scales {"judgeBias":1,"corps":1}, SeqLen 15, ID_Drop 0.058, WFW 1.500 

History Bucket Diagnostics (Avg Abs Error per sample, normalized units):
Hist | Count | MAE_Pred | MAE_Base | PredDevFromBase
-----|-------|----------|----------|----------------
0    | 71    | 0.7696   | 2.2794   | 2.1357 
1    | 31    | 0.5094   | 1.2121   | 1.1449 
2    | 24    | 0.5450   | 1.0693   | 0.9880 
3-5  | 68    | 0.4195   | 0.9838   | 0.9285 
6+   | 208   | 0.3068   | 0.4743   | 0.4102 

Epoch 341: loss = 0.531496 delta_mae_pts = 0.4374 recap_mae_pts = 0.4374 cat_mae_pts = 0.4732 total_mae_pts = 1.0569 vs_inertia_pts = 0.5343 vs_quad_pts = 1.6548 mon_cov = 0.963 mon_score = 4.8941 time = 29665.12 s

Epoch 342: Weights {"totalWeight":0.1,"recapWeight":0.05,"deltaWeight":9.75,"categoryWeight":0.05,"quantileWeight":1.1,"consistencyWeight":0,"identityDropoutRate":0.05}, Scales {"judgeBias":1,"corps":1}, SeqLen 15, ID_Drop 0.062, WFW 1.500 

History Bucket Diagnostics (Avg Abs Error per sample, normalized units):
Hist | Count | MAE_Pred | MAE_Base | PredDevFromBase
-----|-------|----------|----------|----------------
0    | 71    | 0.7668   | 2.2794   | 2.1552 
1    | 31    | 0.5054   | 1.2121   | 1.1456 
2    | 24    | 0.5456   | 1.0693   | 0.9957 
3-5  | 68    | 0.4189   | 0.9838   | 0.9297 
6+   | 208   | 0.3037   | 0.4743   | 0.4088 

Epoch 342: loss = 0.583405 delta_mae_pts = 0.4350 recap_mae_pts = 0.4350 cat_mae_pts = 0.4735 total_mae_pts = 1.0581 vs_inertia_pts = 0.5367 vs_quad_pts = 1.6573 mon_cov = 0.964 mon_score = 4.8705 time = 29788.89 s

Epoch 343: Weights {"totalWeight":0.1,"recapWeight":0.05,"deltaWeight":9.75,"categoryWeight":0.05,"quantileWeight":1.1,"consistencyWeight":0,"identityDropoutRate":0.05}, Scales {"judgeBias":1,"corps":1}, SeqLen 15, ID_Drop 0.066, WFW 1.500 

History Bucket Diagnostics (Avg Abs Error per sample, normalized units):
Hist | Count | MAE_Pred | MAE_Base | PredDevFromBase
-----|-------|----------|----------|----------------
0    | 71    | 0.7558   | 2.2794   | 2.1387 
1    | 31    | 0.5149   | 1.2121   | 1.1574 
2    | 24    | 0.5470   | 1.0693   | 1.0105 
3-5  | 68    | 0.4163   | 0.9838   | 0.9394 
6+   | 208   | 0.3045   | 0.4743   | 0.4163 

Epoch 343: loss = 0.583837 delta_mae_pts = 0.4338 recap_mae_pts = 0.4338 cat_mae_pts = 0.4710 total_mae_pts = 1.0607 vs_inertia_pts = 0.5379 vs_quad_pts = 1.6584 mon_cov = 0.964 mon_score = 4.8600 time = 29913.13 s

Epoch 344: Weights {"totalWeight":0.1,"recapWeight":0.05,"deltaWeight":9.75,"categoryWeight":0.05,"quantileWeight":1.1,"consistencyWeight":0,"identityDropoutRate":0.05}, Scales {"judgeBias":1,"corps":1}, SeqLen 15, ID_Drop 0.064, WFW 1.500 

History Bucket Diagnostics (Avg Abs Error per sample, normalized units):
Hist | Count | MAE_Pred | MAE_Base | PredDevFromBase
-----|-------|----------|----------|----------------
0    | 71    | 0.7551   | 2.2794   | 2.1499 
1    | 31    | 0.5136   | 1.2121   | 1.1488 
2    | 24    | 0.5427   | 1.0693   | 0.9996 
3-5  | 68    | 0.4189   | 0.9838   | 0.9345 
6+   | 208   | 0.3055   | 0.4743   | 0.4107 

Epoch 344: loss = 0.582234 delta_mae_pts = 0.4343 recap_mae_pts = 0.4343 cat_mae_pts = 0.4703 total_mae_pts = 1.0570 vs_inertia_pts = 0.5374 vs_quad_pts = 1.6580 mon_cov = 0.963 mon_score = 4.8628 time = 30036.69 s

Epoch 345: Weights {"totalWeight":0.1,"recapWeight":0.05,"deltaWeight":9.75,"categoryWeight":0.05,"quantileWeight":1.1,"consistencyWeight":0,"identityDropoutRate":0.05}, Scales {"judgeBias":1,"corps":1}, SeqLen 15, ID_Drop 0.071, WFW 1.500 

History Bucket Diagnostics (Avg Abs Error per sample, normalized units):
Hist | Count | MAE_Pred | MAE_Base | PredDevFromBase
-----|-------|----------|----------|----------------
0    | 71    | 0.7608   | 2.2794   | 2.1506 
1    | 31    | 0.5072   | 1.2121   | 1.1511 
2    | 24    | 0.5308   | 1.0693   | 0.9944 
3-5  | 68    | 0.4189   | 0.9838   | 0.9271 
6+   | 208   | 0.3048   | 0.4743   | 0.4123 

Epoch 345: loss = 0.583316 delta_mae_pts = 0.4337 recap_mae_pts = 0.4337 cat_mae_pts = 0.4715 total_mae_pts = 1.0488 vs_inertia_pts = 0.5380 vs_quad_pts = 1.6586 mon_cov = 0.963 mon_score = 4.8589 time = 30159.91 s

Epoch 346: Weights {"totalWeight":0.1,"recapWeight":0.05,"deltaWeight":9.75,"categoryWeight":0.05,"quantileWeight":1.1,"consistencyWeight":0,"identityDropoutRate":0.05}, Scales {"judgeBias":1,"corps":1}, SeqLen 15, ID_Drop 0.060, WFW 1.500 

History Bucket Diagnostics (Avg Abs Error per sample, normalized units):
Hist | Count | MAE_Pred | MAE_Base | PredDevFromBase
-----|-------|----------|----------|----------------
0    | 71    | 0.7618   | 2.2794   | 2.1608 
1    | 31    | 0.5140   | 1.2121   | 1.1658 
2    | 24    | 0.5435   | 1.0693   | 1.0083 
3-5  | 68    | 0.4154   | 0.9838   | 0.9291 
6+   | 208   | 0.3048   | 0.4743   | 0.4146 

Epoch 346: loss = 0.540099 delta_mae_pts = 0.4346 recap_mae_pts = 0.4346 cat_mae_pts = 0.4728 total_mae_pts = 1.0585 vs_inertia_pts = 0.5371 vs_quad_pts = 1.6577 mon_cov = 0.962 mon_score = 4.8655 time = 30282.64 s

Epoch 347: Weights {"totalWeight":0.1,"recapWeight":0.05,"deltaWeight":9.75,"categoryWeight":0.05,"quantileWeight":1.1,"consistencyWeight":0,"identityDropoutRate":0.05}, Scales {"judgeBias":1,"corps":1}, SeqLen 15, ID_Drop 0.060, WFW 1.500 

History Bucket Diagnostics (Avg Abs Error per sample, normalized units):
Hist | Count | MAE_Pred | MAE_Base | PredDevFromBase
-----|-------|----------|----------|----------------
0    | 71    | 0.7579   | 2.2794   | 2.1563 
1    | 31    | 0.5006   | 1.2121   | 1.1511 
2    | 24    | 0.5452   | 1.0693   | 1.0115 
3-5  | 68    | 0.4187   | 0.9838   | 0.9381 
6+   | 208   | 0.3066   | 0.4743   | 0.4139 

Epoch 347: loss = 0.537005 delta_mae_pts = 0.4345 recap_mae_pts = 0.4345 cat_mae_pts = 0.4726 total_mae_pts = 1.0483 vs_inertia_pts = 0.5373 vs_quad_pts = 1.6578 mon_cov = 0.964 mon_score = 4.8688 time = 30407.38 s

Epoch 348: Weights {"totalWeight":0.1,"recapWeight":0.05,"deltaWeight":9.75,"categoryWeight":0.05,"quantileWeight":1.1,"consistencyWeight":0,"identityDropoutRate":0.05}, Scales {"judgeBias":1,"corps":1}, SeqLen 15, ID_Drop 0.064, WFW 1.500 

History Bucket Diagnostics (Avg Abs Error per sample, normalized units):
Hist | Count | MAE_Pred | MAE_Base | PredDevFromBase
-----|-------|----------|----------|----------------
0    | 71    | 0.7617   | 2.2794   | 2.1659 
1    | 31    | 0.5085   | 1.2121   | 1.1678 
2    | 24    | 0.5452   | 1.0693   | 1.0210 
3-5  | 68    | 0.4172   | 0.9838   | 0.9441 
6+   | 208   | 0.3076   | 0.4743   | 0.4210 

Epoch 348: loss = 0.538858 delta_mae_pts = 0.4360 recap_mae_pts = 0.4360 cat_mae_pts = 0.4760 total_mae_pts = 1.0613 vs_inertia_pts = 0.5357 vs_quad_pts = 1.6563 mon_cov = 0.963 mon_score = 4.8845 time = 30532.07 s

Epoch 349: Weights {"totalWeight":0.1,"recapWeight":0.05,"deltaWeight":9.75,"categoryWeight":0.05,"quantileWeight":1.1,"consistencyWeight":0,"identityDropoutRate":0.05}, Scales {"judgeBias":1,"corps":1}, SeqLen 15, ID_Drop 0.065, WFW 1.500 

History Bucket Diagnostics (Avg Abs Error per sample, normalized units):
Hist | Count | MAE_Pred | MAE_Base | PredDevFromBase
-----|-------|----------|----------|----------------
0    | 71    | 0.7542   | 2.2794   | 2.1496 
1    | 31    | 0.5061   | 1.2121   | 1.1661 
2    | 24    | 0.5412   | 1.0693   | 1.0137 
3-5  | 68    | 0.4153   | 0.9838   | 0.9388 
6+   | 208   | 0.3072   | 0.4743   | 0.4174 

Epoch 349: loss = 0.580693 delta_mae_pts = 0.4338 recap_mae_pts = 0.4338 cat_mae_pts = 0.4703 total_mae_pts = 1.0654 vs_inertia_pts = 0.5380 vs_quad_pts = 1.6585 mon_cov = 0.963 mon_score = 4.8562 time = 30655.38 s

Epoch 350: Weights {"totalWeight":0.1,"recapWeight":0.05,"deltaWeight":9.75,"categoryWeight":0.05,"quantileWeight":1.1,"consistencyWeight":0,"identityDropoutRate":0.05}, Scales {"judgeBias":1,"corps":1}, SeqLen 15, ID_Drop 0.069, WFW 1.500 

History Bucket Diagnostics (Avg Abs Error per sample, normalized units):
Hist | Count | MAE_Pred | MAE_Base | PredDevFromBase
-----|-------|----------|----------|----------------
0    | 71    | 0.7586   | 2.2794   | 2.1595 
1    | 31    | 0.5116   | 1.2121   | 1.1658 
2    | 24    | 0.5408   | 1.0693   | 1.0182 
3-5  | 68    | 0.4159   | 0.9838   | 0.9347 
6+   | 208   | 0.3057   | 0.4743   | 0.4152 

Epoch 350: loss = 0.575768 delta_mae_pts = 0.4342 recap_mae_pts = 0.4342 cat_mae_pts = 0.4741 total_mae_pts = 1.0631 vs_inertia_pts = 0.5375 vs_quad_pts = 1.6581 mon_cov = 0.963 mon_score = 4.8659 time = 30780.14 s

-- - CAPTION STATS(Epoch 350)-- - 
GE1: delta_pts = 0.3321, recap_pts = 0.3321, cov = 0.948, width = 1.9968 
GE2: delta_pts = 0.3335, recap_pts = 0.3335, cov = 0.948, width = 2.0173 
VP: delta_pts = 0.3905, recap_pts = 0.3905, cov = 0.993, width = 3.7775 
VA: delta_pts = 0.3647, recap_pts = 0.3647, cov = 0.925, width = 2.0816 
CG: delta_pts = 0.4491, recap_pts = 0.4491, cov = 0.970, width = 3.8887 
MB: delta_pts = 0.5455, recap_pts = 0.5455, cov = 0.983, width = 5.6090 
MA: delta_pts = 0.3616, recap_pts = 0.3616, cov = 0.960, width = 2.1280 
MP: delta_pts = 0.6967, recap_pts = 0.6967, cov = 0.975, width = 6.1900 
----------------------------------


Epoch 351: Weights {"totalWeight":0.1,"recapWeight":0.05,"deltaWeight":9.75,"categoryWeight":0.05,"quantileWeight":1.1,"consistencyWeight":0,"identityDropoutRate":0.05}, Scales {"judgeBias":1,"corps":1}, SeqLen 15, ID_Drop 0.064, WFW 1.500 

History Bucket Diagnostics (Avg Abs Error per sample, normalized units):
Hist | Count | MAE_Pred | MAE_Base | PredDevFromBase
-----|-------|----------|----------|----------------
0    | 71    | 0.7570   | 2.2794   | 2.1508 
1    | 31    | 0.5088   | 1.2121   | 1.1613 
2    | 24    | 0.5369   | 1.0693   | 1.0136 
3-5  | 68    | 0.4192   | 0.9838   | 0.9417 
6+   | 208   | 0.3067   | 0.4743   | 0.4139 

Epoch 351: loss = 0.582513 delta_mae_pts = 0.4346 recap_mae_pts = 0.4346 cat_mae_pts = 0.4728 total_mae_pts = 1.0581 vs_inertia_pts = 0.5371 vs_quad_pts = 1.6577 mon_cov = 0.964 mon_score = 4.8694 time = 30903.13 s

Epoch 352: Weights {"totalWeight":0.1,"recapWeight":0.05,"deltaWeight":9.75,"categoryWeight":0.05,"quantileWeight":1.1,"consistencyWeight":0,"identityDropoutRate":0.05}, Scales {"judgeBias":1,"corps":1}, SeqLen 15, ID_Drop 0.065, WFW 1.500 

History Bucket Diagnostics (Avg Abs Error per sample, normalized units):
Hist | Count | MAE_Pred | MAE_Base | PredDevFromBase
-----|-------|----------|----------|----------------
0    | 71    | 0.7481   | 2.2794   | 2.1303 
1    | 31    | 0.5085   | 1.2121   | 1.1585 
2    | 24    | 0.5376   | 1.0693   | 1.0131 
3-5  | 68    | 0.4227   | 0.9838   | 0.9393 
6+   | 208   | 0.3061   | 0.4743   | 0.4222 

Epoch 352: loss = 0.575224 delta_mae_pts = 0.4333 recap_mae_pts = 0.4333 cat_mae_pts = 0.4743 total_mae_pts = 1.0810 vs_inertia_pts = 0.5384 vs_quad_pts = 1.6590 mon_cov = 0.963 mon_score = 4.8541 time = 31027.33 s

Epoch 353: Weights {"totalWeight":0.1,"recapWeight":0.05,"deltaWeight":9.75,"categoryWeight":0.05,"quantileWeight":1.1,"consistencyWeight":0,"identityDropoutRate":0.05}, Scales {"judgeBias":1,"corps":1}, SeqLen 15, ID_Drop 0.066, WFW 1.500 

History Bucket Diagnostics (Avg Abs Error per sample, normalized units):
Hist | Count | MAE_Pred | MAE_Base | PredDevFromBase
-----|-------|----------|----------|----------------
0    | 71    | 0.7538   | 2.2794   | 2.1507 
1    | 31    | 0.5185   | 1.2121   | 1.1621 
2    | 24    | 0.5339   | 1.0693   | 1.0048 
3-5  | 68    | 0.4181   | 0.9838   | 0.9365 
6+   | 208   | 0.3051   | 0.4743   | 0.4140 

Epoch 353: loss = 0.574213 delta_mae_pts = 0.4336 recap_mae_pts = 0.4336 cat_mae_pts = 0.4729 total_mae_pts = 1.0576 vs_inertia_pts = 0.5381 vs_quad_pts = 1.6587 mon_cov = 0.963 mon_score = 4.8592 time = 31150.87 s

Epoch 354: Weights {"totalWeight":0.1,"recapWeight":0.05,"deltaWeight":9.75,"categoryWeight":0.05,"quantileWeight":1.1,"consistencyWeight":0,"identityDropoutRate":0.05}, Scales {"judgeBias":1,"corps":1}, SeqLen 15, ID_Drop 0.069, WFW 1.500 

History Bucket Diagnostics (Avg Abs Error per sample, normalized units):
Hist | Count | MAE_Pred | MAE_Base | PredDevFromBase
-----|-------|----------|----------|----------------
0    | 71    | 0.7625   | 2.2794   | 2.1468 
1    | 31    | 0.5059   | 1.2121   | 1.1474 
2    | 24    | 0.5409   | 1.0693   | 0.9979 
3-5  | 68    | 0.4205   | 0.9838   | 0.9264 
6+   | 208   | 0.3062   | 0.4743   | 0.4102 

Epoch 354: loss = 0.586282 delta_mae_pts = 0.4355 recap_mae_pts = 0.4355 cat_mae_pts = 0.4701 total_mae_pts = 1.0593 vs_inertia_pts = 0.5362 vs_quad_pts = 1.6567 mon_cov = 0.962 mon_score = 4.8735 time = 31275.76 s

Epoch 355: Weights {"totalWeight":0.1,"recapWeight":0.05,"deltaWeight":9.75,"categoryWeight":0.05,"quantileWeight":1.1,"consistencyWeight":0,"identityDropoutRate":0.05}, Scales {"judgeBias":1,"corps":1}, SeqLen 15, ID_Drop 0.076, WFW 1.500 

History Bucket Diagnostics (Avg Abs Error per sample, normalized units):
Hist | Count | MAE_Pred | MAE_Base | PredDevFromBase
-----|-------|----------|----------|----------------
0    | 71    | 0.7565   | 2.2794   | 2.1460 
1    | 31    | 0.5114   | 1.2121   | 1.1568 
2    | 24    | 0.5463   | 1.0693   | 1.0136 
3-5  | 68    | 0.4210   | 0.9838   | 0.9372 
6+   | 208   | 0.3057   | 0.4743   | 0.4146 

Epoch 355: loss = 0.583931 delta_mae_pts = 0.4351 recap_mae_pts = 0.4351 cat_mae_pts = 0.4721 total_mae_pts = 1.0623 vs_inertia_pts = 0.5367 vs_quad_pts = 1.6572 mon_cov = 0.963 mon_score = 4.8704 time = 31403.42 s

Epoch 356: Weights {"totalWeight":0.1,"recapWeight":0.05,"deltaWeight":9.75,"categoryWeight":0.05,"quantileWeight":1.1,"consistencyWeight":0,"identityDropoutRate":0.05}, Scales {"judgeBias":1,"corps":1}, SeqLen 15, ID_Drop 0.071, WFW 1.500 

History Bucket Diagnostics (Avg Abs Error per sample, normalized units):
Hist | Count | MAE_Pred | MAE_Base | PredDevFromBase
-----|-------|----------|----------|----------------
0    | 71    | 0.7517   | 2.2794   | 2.1411 
1    | 31    | 0.5050   | 1.2121   | 1.1508 
2    | 24    | 0.5437   | 1.0693   | 1.0070 
3-5  | 68    | 0.4191   | 0.9838   | 0.9295 
6+   | 208   | 0.3054   | 0.4743   | 0.4117 

Epoch 356: loss = 0.581358 delta_mae_pts = 0.4331 recap_mae_pts = 0.4331 cat_mae_pts = 0.4729 total_mae_pts = 1.0674 vs_inertia_pts = 0.5386 vs_quad_pts = 1.6592 mon_cov = 0.962 mon_score = 4.8476 time = 31513.00 s

Epoch 357: Weights {"totalWeight":0.1,"recapWeight":0.05,"deltaWeight":9.75,"categoryWeight":0.05,"quantileWeight":1.1,"consistencyWeight":0,"identityDropoutRate":0.05}, Scales {"judgeBias":1,"corps":1}, SeqLen 15, ID_Drop 0.071, WFW 1.500 

History Bucket Diagnostics (Avg Abs Error per sample, normalized units):
Hist | Count | MAE_Pred | MAE_Base | PredDevFromBase
-----|-------|----------|----------|----------------
0    | 71    | 0.7552   | 2.2794   | 2.1524 
1    | 31    | 0.5080   | 1.2121   | 1.1652 
2    | 24    | 0.5377   | 1.0693   | 1.0151 
3-5  | 68    | 0.4200   | 0.9838   | 0.9390 
6+   | 208   | 0.3058   | 0.4743   | 0.4144 

Epoch 357: loss = 0.585050 delta_mae_pts = 0.4339 recap_mae_pts = 0.4339 cat_mae_pts = 0.4744 total_mae_pts = 1.0584 vs_inertia_pts = 0.5378 vs_quad_pts = 1.6583 mon_cov = 0.962 mon_score = 4.8579 time = 31635.21 s

Epoch 358: Weights {"totalWeight":0.1,"recapWeight":0.05,"deltaWeight":9.75,"categoryWeight":0.05,"quantileWeight":1.1,"consistencyWeight":0,"identityDropoutRate":0.05}, Scales {"judgeBias":1,"corps":1}, SeqLen 15, ID_Drop 0.070, WFW 1.500 

History Bucket Diagnostics (Avg Abs Error per sample, normalized units):
Hist | Count | MAE_Pred | MAE_Base | PredDevFromBase
-----|-------|----------|----------|----------------
0    | 71    | 0.7639   | 2.2794   | 2.1413 
1    | 31    | 0.5083   | 1.2121   | 1.1565 
2    | 24    | 0.5462   | 1.0693   | 1.0063 
3-5  | 68    | 0.4177   | 0.9838   | 0.9343 
6+   | 208   | 0.3051   | 0.4743   | 0.4165 

Epoch 358: loss = 0.582683 delta_mae_pts = 0.4353 recap_mae_pts = 0.4353 cat_mae_pts = 0.4710 total_mae_pts = 1.0621 vs_inertia_pts = 0.5365 vs_quad_pts = 1.6570 mon_cov = 0.964 mon_score = 4.8775 time = 31759.12 s

Epoch 359: Weights {"totalWeight":0.1,"recapWeight":0.05,"deltaWeight":9.75,"categoryWeight":0.05,"quantileWeight":1.1,"consistencyWeight":0,"identityDropoutRate":0.05}, Scales {"judgeBias":1,"corps":1}, SeqLen 15, ID_Drop 0.071, WFW 1.500 

History Bucket Diagnostics (Avg Abs Error per sample, normalized units):
Hist | Count | MAE_Pred | MAE_Base | PredDevFromBase
-----|-------|----------|----------|----------------
0    | 71    | 0.7538   | 2.2794   | 2.1570 
1    | 31    | 0.5115   | 1.2121   | 1.1594 
2    | 24    | 0.5374   | 1.0693   | 1.0081 
3-5  | 68    | 0.4176   | 0.9838   | 0.9367 
6+   | 208   | 0.3062   | 0.4743   | 0.4138 

Epoch 359: loss = 0.580955 delta_mae_pts = 0.4337 recap_mae_pts = 0.4337 cat_mae_pts = 0.4714 total_mae_pts = 1.0635 vs_inertia_pts = 0.5380 vs_quad_pts = 1.6586 mon_cov = 0.965 mon_score = 4.8571 time = 31882.00 s

Epoch 360: Weights {"totalWeight":0.1,"recapWeight":0.05,"deltaWeight":9.75,"categoryWeight":0.05,"quantileWeight":1.1,"consistencyWeight":0,"identityDropoutRate":0.05}, Scales {"judgeBias":1,"corps":1}, SeqLen 15, ID_Drop 0.064, WFW 1.500 

History Bucket Diagnostics (Avg Abs Error per sample, normalized units):
Hist | Count | MAE_Pred | MAE_Base | PredDevFromBase
-----|-------|----------|----------|----------------
0    | 71    | 0.7857   | 2.2794   | 2.1652 
1    | 31    | 0.5087   | 1.2121   | 1.1536 
2    | 24    | 0.5397   | 1.0693   | 1.0026 
3-5  | 68    | 0.4200   | 0.9838   | 0.9299 
6+   | 208   | 0.3074   | 0.4743   | 0.4117 

Epoch 360: loss = 0.543263 delta_mae_pts = 0.4403 recap_mae_pts = 0.4403 cat_mae_pts = 0.4728 total_mae_pts = 1.0657 vs_inertia_pts = 0.5314 vs_quad_pts = 1.6520 mon_cov = 0.965 mon_score = 4.9215 time = 32006.23 s

Epoch 361: Weights {"totalWeight":0.1,"recapWeight":0.05,"deltaWeight":9.75,"categoryWeight":0.05,"quantileWeight":1.1,"consistencyWeight":0,"identityDropoutRate":0.05}, Scales {"judgeBias":1,"corps":1}, SeqLen 15, ID_Drop 0.062, WFW 1.500 

History Bucket Diagnostics (Avg Abs Error per sample, normalized units):
Hist | Count | MAE_Pred | MAE_Base | PredDevFromBase
-----|-------|----------|----------|----------------
0    | 71    | 0.7613   | 2.2794   | 2.1501 
1    | 31    | 0.5118   | 1.2121   | 1.1648 
2    | 24    | 0.5475   | 1.0693   | 1.0117 
3-5  | 68    | 0.4208   | 0.9838   | 0.9382 
6+   | 208   | 0.3070   | 0.4743   | 0.4172 

Epoch 361: loss = 0.544640 delta_mae_pts = 0.4366 recap_mae_pts = 0.4366 cat_mae_pts = 0.4725 total_mae_pts = 1.0704 vs_inertia_pts = 0.5351 vs_quad_pts = 1.6557 mon_cov = 0.964 mon_score = 4.8894 time = 32129.65 s

Epoch 362: Weights {"totalWeight":0.1,"recapWeight":0.05,"deltaWeight":9.75,"categoryWeight":0.05,"quantileWeight":1.1,"consistencyWeight":0,"identityDropoutRate":0.05}, Scales {"judgeBias":1,"corps":1}, SeqLen 15, ID_Drop 0.064, WFW 1.500 

History Bucket Diagnostics (Avg Abs Error per sample, normalized units):
Hist | Count | MAE_Pred | MAE_Base | PredDevFromBase
-----|-------|----------|----------|----------------
0    | 71    | 0.7640   | 2.2794   | 2.1504 
1    | 31    | 0.5097   | 1.2121   | 1.1585 
2    | 24    | 0.5448   | 1.0693   | 1.0099 
3-5  | 68    | 0.4174   | 0.9838   | 0.9377 
6+   | 208   | 0.3056   | 0.4743   | 0.4150 

Epoch 362: loss = 0.531870 delta_mae_pts = 0.4355 recap_mae_pts = 0.4355 cat_mae_pts = 0.4715 total_mae_pts = 1.0612 vs_inertia_pts = 0.5362 vs_quad_pts = 1.6568 mon_cov = 0.964 mon_score = 4.8773 time = 32254.05 s

Epoch 363: Weights {"totalWeight":0.1,"recapWeight":0.05,"deltaWeight":9.75,"categoryWeight":0.05,"quantileWeight":1.1,"consistencyWeight":0,"identityDropoutRate":0.05}, Scales {"judgeBias":1,"corps":1}, SeqLen 15, ID_Drop 0.057, WFW 1.500 

History Bucket Diagnostics (Avg Abs Error per sample, normalized units):
Hist | Count | MAE_Pred | MAE_Base | PredDevFromBase
-----|-------|----------|----------|----------------
0    | 71    | 0.7581   | 2.2794   | 2.1446 
1    | 31    | 0.5027   | 1.2121   | 1.1519 
2    | 24    | 0.5351   | 1.0693   | 1.0049 
3-5  | 68    | 0.4220   | 0.9838   | 0.9352 
6+   | 208   | 0.3059   | 0.4743   | 0.4117 

Epoch 363: loss = 0.526419 delta_mae_pts = 0.4342 recap_mae_pts = 0.4342 cat_mae_pts = 0.4693 total_mae_pts = 1.0603 vs_inertia_pts = 0.5375 vs_quad_pts = 1.6580 mon_cov = 0.964 mon_score = 4.8631 time = 32377.61 s

Epoch 364: Weights {"totalWeight":0.1,"recapWeight":0.05,"deltaWeight":9.75,"categoryWeight":0.05,"quantileWeight":1.1,"consistencyWeight":0,"identityDropoutRate":0.05}, Scales {"judgeBias":1,"corps":1}, SeqLen 15, ID_Drop 0.069, WFW 1.500 

History Bucket Diagnostics (Avg Abs Error per sample, normalized units):
Hist | Count | MAE_Pred | MAE_Base | PredDevFromBase
-----|-------|----------|----------|----------------
0    | 71    | 0.7664   | 2.2794   | 2.1604 
1    | 31    | 0.5158   | 1.2121   | 1.1525 
2    | 24    | 0.5331   | 1.0693   | 1.0049 
3-5  | 68    | 0.4210   | 0.9838   | 0.9286 
6+   | 208   | 0.3069   | 0.4743   | 0.4104 

Epoch 364: loss = 0.573491 delta_mae_pts = 0.4370 recap_mae_pts = 0.4370 cat_mae_pts = 0.4741 total_mae_pts = 1.0620 vs_inertia_pts = 0.5347 vs_quad_pts = 1.6553 mon_cov = 0.963 mon_score = 4.8931 time = 32500.92 s

Epoch 365: Weights {"totalWeight":0.1,"recapWeight":0.05,"deltaWeight":9.75,"categoryWeight":0.05,"quantileWeight":1.1,"consistencyWeight":0,"identityDropoutRate":0.05}, Scales {"judgeBias":1,"corps":1}, SeqLen 15, ID_Drop 0.058, WFW 1.500 

History Bucket Diagnostics (Avg Abs Error per sample, normalized units):
Hist | Count | MAE_Pred | MAE_Base | PredDevFromBase
-----|-------|----------|----------|----------------
0    | 71    | 0.7595   | 2.2794   | 2.1530 
1    | 31    | 0.5079   | 1.2121   | 1.1591 
2    | 24    | 0.5385   | 1.0693   | 1.0086 
3-5  | 68    | 0.4250   | 0.9838   | 0.9362 
6+   | 208   | 0.3065   | 0.4743   | 0.4151 

Epoch 365: loss = 0.532143 delta_mae_pts = 0.4359 recap_mae_pts = 0.4359 cat_mae_pts = 0.4758 total_mae_pts = 1.0690 vs_inertia_pts = 0.5358 vs_quad_pts = 1.6564 mon_cov = 0.962 mon_score = 4.8795 time = 32623.70 s

Epoch 366: Weights {"totalWeight":0.1,"recapWeight":0.05,"deltaWeight":9.75,"categoryWeight":0.05,"quantileWeight":1.1,"consistencyWeight":0,"identityDropoutRate":0.05}, Scales {"judgeBias":1,"corps":1}, SeqLen 15, ID_Drop 0.064, WFW 1.500 

History Bucket Diagnostics (Avg Abs Error per sample, normalized units):
Hist | Count | MAE_Pred | MAE_Base | PredDevFromBase
-----|-------|----------|----------|----------------
0    | 71    | 0.7546   | 2.2794   | 2.1533 
1    | 31    | 0.5090   | 1.2121   | 1.1574 
2    | 24    | 0.5528   | 1.0693   | 1.0103 
3-5  | 68    | 0.4216   | 0.9838   | 0.9377 
6+   | 208   | 0.3077   | 0.4743   | 0.4172 

Epoch 366: loss = 0.529531 delta_mae_pts = 0.4361 recap_mae_pts = 0.4361 cat_mae_pts = 0.4755 total_mae_pts = 1.0713 vs_inertia_pts = 0.5356 vs_quad_pts = 1.6562 mon_cov = 0.963 mon_score = 4.8817 time = 32746.15 s

Epoch 367: Weights {"totalWeight":0.1,"recapWeight":0.05,"deltaWeight":9.75,"categoryWeight":0.05,"quantileWeight":1.1,"consistencyWeight":0,"identityDropoutRate":0.05}, Scales {"judgeBias":1,"corps":1}, SeqLen 15, ID_Drop 0.068, WFW 1.500 

History Bucket Diagnostics (Avg Abs Error per sample, normalized units):
Hist | Count | MAE_Pred | MAE_Base | PredDevFromBase
-----|-------|----------|----------|----------------
0    | 71    | 0.7571   | 2.2794   | 2.1577 
1    | 31    | 0.5122   | 1.2121   | 1.1588 
2    | 24    | 0.5431   | 1.0693   | 1.0103 
3-5  | 68    | 0.4196   | 0.9838   | 0.9361 
6+   | 208   | 0.3077   | 0.4743   | 0.4182 

Epoch 367: loss = 0.573525 delta_mae_pts = 0.4358 recap_mae_pts = 0.4358 cat_mae_pts = 0.4749 total_mae_pts = 1.0658 vs_inertia_pts = 0.5359 vs_quad_pts = 1.6565 mon_cov = 0.964 mon_score = 4.8826 time = 32869.14 s

Epoch 368: Weights {"totalWeight":0.1,"recapWeight":0.05,"deltaWeight":9.75,"categoryWeight":0.05,"quantileWeight":1.1,"consistencyWeight":0,"identityDropoutRate":0.05}, Scales {"judgeBias":1,"corps":1}, SeqLen 15, ID_Drop 0.062, WFW 1.500 

History Bucket Diagnostics (Avg Abs Error per sample, normalized units):
Hist | Count | MAE_Pred | MAE_Base | PredDevFromBase
-----|-------|----------|----------|----------------
0    | 71    | 0.7428   | 2.2794   | 2.1461 
1    | 31    | 0.5111   | 1.2121   | 1.1644 
2    | 24    | 0.5426   | 1.0693   | 1.0078 
3-5  | 68    | 0.4203   | 0.9838   | 0.9375 
6+   | 208   | 0.3066   | 0.4743   | 0.4146 

Epoch 368: loss = 0.573621 delta_mae_pts = 0.4327 recap_mae_pts = 0.4327 cat_mae_pts = 0.4716 total_mae_pts = 1.0661 vs_inertia_pts = 0.5390 vs_quad_pts = 1.6595 mon_cov = 0.964 mon_score = 4.8457 time = 32992.71 s

Epoch 369: Weights {"totalWeight":0.1,"recapWeight":0.05,"deltaWeight":9.75,"categoryWeight":0.05,"quantileWeight":1.1,"consistencyWeight":0,"identityDropoutRate":0.05}, Scales {"judgeBias":1,"corps":1}, SeqLen 15, ID_Drop 0.057, WFW 1.500 

History Bucket Diagnostics (Avg Abs Error per sample, normalized units):
Hist | Count | MAE_Pred | MAE_Base | PredDevFromBase
-----|-------|----------|----------|----------------
0    | 71    | 0.7450   | 2.2794   | 2.1375 
1    | 31    | 0.5115   | 1.2121   | 1.1608 
2    | 24    | 0.5420   | 1.0693   | 1.0066 
3-5  | 68    | 0.4207   | 0.9838   | 0.9336 
6+   | 208   | 0.3057   | 0.4743   | 0.4157 

Epoch 369: loss = 0.531545 delta_mae_pts = 0.4327 recap_mae_pts = 0.4327 cat_mae_pts = 0.4713 total_mae_pts = 1.0593 vs_inertia_pts = 0.5390 vs_quad_pts = 1.6596 mon_cov = 0.964 mon_score = 4.8499 time = 33116.63 s

Epoch 370: Weights {"totalWeight":0.1,"recapWeight":0.05,"deltaWeight":9.75,"categoryWeight":0.05,"quantileWeight":1.1,"consistencyWeight":0,"identityDropoutRate":0.05}, Scales {"judgeBias":1,"corps":1}, SeqLen 15, ID_Drop 0.058, WFW 1.500 

History Bucket Diagnostics (Avg Abs Error per sample, normalized units):
Hist | Count | MAE_Pred | MAE_Base | PredDevFromBase
-----|-------|----------|----------|----------------
0    | 71    | 0.7452   | 2.2794   | 2.1520 
1    | 31    | 0.5130   | 1.2121   | 1.1633 
2    | 24    | 0.5501   | 1.0693   | 1.0125 
3-5  | 68    | 0.4208   | 0.9838   | 0.9330 
6+   | 208   | 0.3067   | 0.4743   | 0.4137 

Epoch 370: loss = 0.529312 delta_mae_pts = 0.4339 recap_mae_pts = 0.4339 cat_mae_pts = 0.4721 total_mae_pts = 1.0646 vs_inertia_pts = 0.5378 vs_quad_pts = 1.6584 mon_cov = 0.964 mon_score = 4.8592 time = 33239.83 s

Epoch 371: Weights {"totalWeight":0.1,"recapWeight":0.05,"deltaWeight":9.75,"categoryWeight":0.05,"quantileWeight":1.1,"consistencyWeight":0,"identityDropoutRate":0.05}, Scales {"judgeBias":1,"corps":1}, SeqLen 15, ID_Drop 0.057, WFW 1.500 

History Bucket Diagnostics (Avg Abs Error per sample, normalized units):
Hist | Count | MAE_Pred | MAE_Base | PredDevFromBase
-----|-------|----------|----------|----------------
0    | 71    | 0.7487   | 2.2794   | 2.1462 
1    | 31    | 0.5116   | 1.2121   | 1.1500 
2    | 24    | 0.5454   | 1.0693   | 0.9975 
3-5  | 68    | 0.4240   | 0.9838   | 0.9296 
6+   | 208   | 0.3063   | 0.4743   | 0.4127 

Epoch 371: loss = 0.523929 delta_mae_pts = 0.4345 recap_mae_pts = 0.4345 cat_mae_pts = 0.4729 total_mae_pts = 1.0634 vs_inertia_pts = 0.5373 vs_quad_pts = 1.6578 mon_cov = 0.963 mon_score = 4.8644 time = 33362.10 s

Epoch 372: Weights {"totalWeight":0.1,"recapWeight":0.05,"deltaWeight":9.75,"categoryWeight":0.05,"quantileWeight":1.1,"consistencyWeight":0,"identityDropoutRate":0.05}, Scales {"judgeBias":1,"corps":1}, SeqLen 15, ID_Drop 0.064, WFW 1.500 

History Bucket Diagnostics (Avg Abs Error per sample, normalized units):
Hist | Count | MAE_Pred | MAE_Base | PredDevFromBase
-----|-------|----------|----------|----------------
0    | 71    | 0.7435   | 2.2794   | 2.1516 
1    | 31    | 0.5146   | 1.2121   | 1.1677 
2    | 24    | 0.5409   | 1.0693   | 1.0133 
3-5  | 68    | 0.4214   | 0.9838   | 0.9377 
6+   | 208   | 0.3053   | 0.4743   | 0.4160 

Epoch 372: loss = 0.522389 delta_mae_pts = 0.4325 recap_mae_pts = 0.4325 cat_mae_pts = 0.4720 total_mae_pts = 1.0680 vs_inertia_pts = 0.5392 vs_quad_pts = 1.6598 mon_cov = 0.964 mon_score = 4.8489 time = 33484.47 s

Epoch 373: Weights {"totalWeight":0.1,"recapWeight":0.05,"deltaWeight":9.75,"categoryWeight":0.05,"quantileWeight":1.1,"consistencyWeight":0,"identityDropoutRate":0.05}, Scales {"judgeBias":1,"corps":1}, SeqLen 15, ID_Drop 0.057, WFW 1.500 

History Bucket Diagnostics (Avg Abs Error per sample, normalized units):
Hist | Count | MAE_Pred | MAE_Base | PredDevFromBase
-----|-------|----------|----------|----------------
0    | 71    | 0.7424   | 2.2794   | 2.1531 
1    | 31    | 0.5091   | 1.2121   | 1.1628 
2    | 24    | 0.5452   | 1.0693   | 1.0149 
3-5  | 68    | 0.4216   | 0.9838   | 0.9393 
6+   | 208   | 0.3060   | 0.4743   | 0.4175 

Epoch 373: loss = 0.521808 delta_mae_pts = 0.4326 recap_mae_pts = 0.4326 cat_mae_pts = 0.4737 total_mae_pts = 1.0663 vs_inertia_pts = 0.5392 vs_quad_pts = 1.6597 mon_cov = 0.964 mon_score = 4.8443 time = 33607.13 s

Epoch 374: Weights {"totalWeight":0.1,"recapWeight":0.05,"deltaWeight":9.75,"categoryWeight":0.05,"quantileWeight":1.1,"consistencyWeight":0,"identityDropoutRate":0.05}, Scales {"judgeBias":1,"corps":1}, SeqLen 15, ID_Drop 0.058, WFW 1.500 

History Bucket Diagnostics (Avg Abs Error per sample, normalized units):
Hist | Count | MAE_Pred | MAE_Base | PredDevFromBase
-----|-------|----------|----------|----------------
0    | 71    | 0.7407   | 2.2794   | 2.1556 
1    | 31    | 0.5088   | 1.2121   | 1.1555 
2    | 24    | 0.5504   | 1.0693   | 1.0044 
3-5  | 68    | 0.4221   | 0.9838   | 0.9321 
6+   | 208   | 0.3052   | 0.4743   | 0.4147 

Epoch 374: loss = 0.522742 delta_mae_pts = 0.4322 recap_mae_pts = 0.4322 cat_mae_pts = 0.4717 total_mae_pts = 1.0643 vs_inertia_pts = 0.5395 vs_quad_pts = 1.6601 mon_cov = 0.963 mon_score = 4.8471 time = 33730.87 s

Epoch 375: Weights {"totalWeight":0.1,"recapWeight":0.05,"deltaWeight":9.75,"categoryWeight":0.05,"quantileWeight":1.1,"consistencyWeight":0,"identityDropoutRate":0.05}, Scales {"judgeBias":1,"corps":1}, SeqLen 15, ID_Drop 0.058, WFW 1.500 

History Bucket Diagnostics (Avg Abs Error per sample, normalized units):
Hist | Count | MAE_Pred | MAE_Base | PredDevFromBase
-----|-------|----------|----------|----------------
0    | 71    | 0.7433   | 2.2794   | 2.1389 
1    | 31    | 0.5127   | 1.2121   | 1.1587 
2    | 24    | 0.5474   | 1.0693   | 1.0127 
3-5  | 68    | 0.4211   | 0.9838   | 0.9342 
6+   | 208   | 0.3056   | 0.4743   | 0.4152 

Epoch 375: loss = 0.524580 delta_mae_pts = 0.4328 recap_mae_pts = 0.4328 cat_mae_pts = 0.4711 total_mae_pts = 1.0627 vs_inertia_pts = 0.5389 vs_quad_pts = 1.6594 mon_cov = 0.964 mon_score = 4.8499 time = 33853.25 s

Epoch 376: Weights {"totalWeight":0.1,"recapWeight":0.05,"deltaWeight":9.75,"categoryWeight":0.05,"quantileWeight":1.1,"consistencyWeight":0,"identityDropoutRate":0.05}, Scales {"judgeBias":1,"corps":1}, SeqLen 15, ID_Drop 0.076, WFW 1.500 

History Bucket Diagnostics (Avg Abs Error per sample, normalized units):
Hist | Count | MAE_Pred | MAE_Base | PredDevFromBase
-----|-------|----------|----------|----------------
0    | 71    | 0.7709   | 2.2794   | 2.1527 
1    | 31    | 0.5145   | 1.2121   | 1.1604 
2    | 24    | 0.5500   | 1.0693   | 1.0043 
3-5  | 68    | 0.4214   | 0.9838   | 0.9313 
6+   | 208   | 0.3052   | 0.4743   | 0.4155 

Epoch 376: loss = 0.573257 delta_mae_pts = 0.4379 recap_mae_pts = 0.4379 cat_mae_pts = 0.4721 total_mae_pts = 1.0534 vs_inertia_pts = 0.5338 vs_quad_pts = 1.6544 mon_cov = 0.963 mon_score = 4.9016 time = 33977.12 s
Early stopping at epoch 376 
Selecting final weights: SWA
Saving final production model to models\v9_subcaption_fixed\v9fix_w1p0_1770385724733...

--- FINAL TEST EVALUATION ---
TEST RESULTS: delta_mae_pts = 0.3363, recap_mae_pts = 0.3363, cat_mae_pts = 0.3727, total_mae_pts = 0.7070, coverage = 0.991, width = 3.2237, width_floor_pct = 0.000 
Production training complete.
