2026-02-08 08:14:06.297633: I tensorflow/core/platform/cpu_feature_guard.cc:193] This TensorFlow binary is optimized with oneAPI Deep Neural Network Library (oneDNN) to use the following CPU instructions in performance-critical operations:  AVX2
To enable them in other operations, rebuild TensorFlow with the appropriate compiler flags.
Loading V9 sequence data...
Saved normalization stats to ./results/v9-subcaption-target-norm.json
V10 Splits -> Train: 7651, Val: 402, Test: 56 
Baselines(monitoring forecast MAE): zero = 14.3894, mean = 2.5683, ema = 3.2358, quad = 2.0923
Orthogonal initializer is being called on a matrix with more than 2000 (65536) elements: Slowness may result.
Orthogonal initializer is being called on a matrix with more than 2000 (65536) elements: Slowness may result.
Orthogonal initializer is being called on a matrix with more than 2000 (16384) elements: Slowness may result.
Orthogonal initializer is being called on a matrix with more than 2000 (16384) elements: Slowness may result.
___________________________________________________________________________________________________________________
Layer (type)               Input Shape                 Output shape             Param #     Receives inputs        
===================================================================================================================
sequence (InputLayer)      [[null,15,101]]             [null,15,101]            0                                  
___________________________________________________________________________________________________________________
bidirectional_Bidirectiona [[null,15,101]]             [null,15,256]            235520      sequence[0][0]         
___________________________________________________________________________________________________________________
layer_normalization_LayerN [[null,15,256]]             [null,15,256]            512         bidirectional_Bidirecti
___________________________________________________________________________________________________________________
bidirectional_Bidirectiona [[null,15,256]]             [null,15,128]            164352      layer_normalization_Lay
___________________________________________________________________________________________________________________
layer_normalization_LayerN [[null,15,128]]             [null,15,128]            256         bidirectional_Bidirecti
___________________________________________________________________________________________________________________
dense_Dense1 (Dense)       [[null,15,128]]             [null,15,1]              129         layer_normalization_Lay
___________________________________________________________________________________________________________________
reshape_Reshape1 (Reshape) [[null,15,1]]               [null,15]                0           dense_Dense1[0][0]     
___________________________________________________________________________________________________________________
mask (InputLayer)          [[null,15]]                 [null,15]                0                                  
___________________________________________________________________________________________________________________
masked_softmax_MaskedSoftm [[null,15],[null,15]]       [null,15]                0           reshape_Reshape1[0][0] 
                                                                                            mask[0][0]             
___________________________________________________________________________________________________________________
judge_ids (InputLayer)     [[null,8]]                  [null,8]                 0                                  
___________________________________________________________________________________________________________________
agnostic_show_id (InputLay [[null,1]]                  [null,1]                 0                                  
___________________________________________________________________________________________________________________
reshape_Reshape2 (Reshape) [[null,15]]                 [null,15,1]              0           masked_softmax_MaskedSo
___________________________________________________________________________________________________________________
judge_embedding (Embedding [[null,8]]                  [null,8,24]              8544        judge_ids[0][0]        
___________________________________________________________________________________________________________________
agnostic_show_embedding (E [[null,1]]                  [null,1,12]              12          agnostic_show_id[0][0] 
___________________________________________________________________________________________________________________
attention_pool (AttentionP [[null,15,1],[null,15,128]] [null,128]               0           reshape_Reshape2[0][0] 
                                                                                            layer_normalization_Lay
___________________________________________________________________________________________________________________
static (InputLayer)        [[null,177]]                [null,177]               0                                  
___________________________________________________________________________________________________________________
flatten_Flatten1 (Flatten) [[null,8,24]]               [null,192]               0           judge_embedding[0][0]  
___________________________________________________________________________________________________________________
baseline_recap (InputLayer [[null,8]]                  [null,8]                 0                                  
___________________________________________________________________________________________________________________
last_step (LastStepLayer)  [[null,15,101]]             [null,101]               0           sequence[0][0]         
___________________________________________________________________________________________________________________
flatten_Flatten3 (Flatten) [[null,1,12]]               [null,12]                0           agnostic_show_embedding
___________________________________________________________________________________________________________________
concatenate_Concatenate1 ( [[null,128],[null,177],[nul [null,618]               0           attention_pool[0][0]   
                                                                                            static[0][0]           
                                                                                            flatten_Flatten1[0][0] 
                                                                                            baseline_recap[0][0]   
                                                                                            last_step[0][0]        
                                                                                            flatten_Flatten3[0][0] 
___________________________________________________________________________________________________________________
dense_Dense2 (Dense)       [[null,618]]                [null,512]               316928      concatenate_Concatenate
___________________________________________________________________________________________________________________
dropout_Dropout1 (Dropout) [[null,512]]                [null,512]               0           dense_Dense2[0][0]     
___________________________________________________________________________________________________________________
dense_Dense3 (Dense)       [[null,512]]                [null,256]               131328      dropout_Dropout1[0][0] 
___________________________________________________________________________________________________________________
dropout_Dropout2 (Dropout) [[null,256]]                [null,256]               0           dense_Dense3[0][0]     
___________________________________________________________________________________________________________________
strength (Dense)           [[null,128]]                [null,24]                3096        attention_pool[0][0]   
___________________________________________________________________________________________________________________
corps_id (InputLayer)      [[null,1]]                  [null,1]                 0                                  
___________________________________________________________________________________________________________________
concatenate_Concatenate2 ( [[null,256],[null,177],[nul [null,457]               0           dropout_Dropout2[0][0] 
                                                                                            static[0][0]           
                                                                                            strength[0][0]         
___________________________________________________________________________________________________________________
corps_embedding (Embedding [[null,1]]                  [null,1,20]              9080        corps_id[0][0]         
___________________________________________________________________________________________________________________
accuracy_trunk (Dense)     [[null,457]]                [null,128]               58624       concatenate_Concatenate
___________________________________________________________________________________________________________________
flatten_Flatten2 (Flatten) [[null,1,20]]               [null,20]                0           corps_embedding[0][0]  
___________________________________________________________________________________________________________________
dropout_Dropout3 (Dropout) [[null,128]]                [null,128]               0           accuracy_trunk[0][0]   
___________________________________________________________________________________________________________________
judge_bias_raw (Dense)     [[null,192]]                [null,8]                 1544        flatten_Flatten1[0][0] 
___________________________________________________________________________________________________________________
judge_bias_scale (InputLay [[null,1]]                  [null,1]                 0                                  
___________________________________________________________________________________________________________________
corps_corr_raw (Dense)     [[null,20]]                 [null,8]                 168         flatten_Flatten2[0][0] 
___________________________________________________________________________________________________________________
corps_scale (InputLayer)   [[null,1]]                  [null,1]                 0                                  
___________________________________________________________________________________________________________________
history_len (InputLayer)   [[null,1]]                  [null,1]                 0                                  
___________________________________________________________________________________________________________________
delta_q50_base (Dense)     [[null,128]]                [null,8]                 1032        dropout_Dropout3[0][0] 
___________________________________________________________________________________________________________________
judge_bias_gated (LambdaSc [[null,8],[null,1]]         [null,8]                 0           judge_bias_raw[0][0]   
                                                                                            judge_bias_scale[0][0] 
___________________________________________________________________________________________________________________
corps_corr_gated (LambdaSc [[null,8],[null,1]]         [null,8]                 0           corps_corr_raw[0][0]   
                                                                                            corps_scale[0][0]      
___________________________________________________________________________________________________________________
width_concat (Concatenate) [[null,457],[null,192],[nul [null,650]               0           concatenate_Concatenate
                                                                                            flatten_Flatten1[0][0] 
                                                                                            history_len[0][0]      
___________________________________________________________________________________________________________________
delta_q50 (Add)            [[null,8],[null,8],[null,8] [null,8]                 0           delta_q50_base[0][0]   
                                                                                            judge_bias_gated[0][0] 
                                                                                            corps_corr_gated[0][0] 
___________________________________________________________________________________________________________________
q10_width_raw (Dense)      [[null,650]]                [null,8]                 5208        width_concat[0][0]     
___________________________________________________________________________________________________________________
q10_width (Activation)     [[null,8]]                  [null,8]                 0           q10_width_raw[0][0]    
___________________________________________________________________________________________________________________
q90_width_raw (Dense)      [[null,650]]                [null,8]                 5208        width_concat[0][0]     
___________________________________________________________________________________________________________________
recap_head (RecapLayer)    [[null,8],[null,8]]         [null,8]                 0           delta_q50[0][0]        
                                                                                            baseline_recap[0][0]   
___________________________________________________________________________________________________________________
q10_width_neg (NegationLay [[null,8]]                  [null,8]                 0           q10_width[0][0]        
___________________________________________________________________________________________________________________
q90_width (Activation)     [[null,8]]                  [null,8]                 0           q90_width_raw[0][0]    
___________________________________________________________________________________________________________________
category_head (CategoryLay [[null,8]]                  [null,3]                 0           recap_head[0][0]       
___________________________________________________________________________________________________________________
q10_delta (Add)            [[null,8],[null,8]]         [null,8]                 0           delta_q50[0][0]        
                                                                                            q10_width_neg[0][0]    
___________________________________________________________________________________________________________________
q90_delta (Add)            [[null,8],[null,8]]         [null,8]                 0           delta_q50[0][0]        
                                                                                            q90_width[0][0]        
___________________________________________________________________________________________________________________
total_head (TotalLayer)    [[null,3]]                  [null,1]                 0           category_head[0][0]    
___________________________________________________________________________________________________________________
output (Concatenate)       [[null,8],[null,8],[null,8] [null,36]                0           q10_delta[0][0]        
                                                                                            delta_q50[0][0]        
                                                                                            q90_delta[0][0]        
                                                                                            recap_head[0][0]       
                                                                                            category_head[0][0]    
                                                                                            total_head[0][0]       
===================================================================================================================
Total params: 941541
Trainable params: 941541
Non-trainable params: 0
___________________________________________________________________________________________________________________

--- DERIVATION EXACTNESS CHECK ---
MaskedSoftmax shapes: [ 1, 15 ] [ 1, 15 ] [ 1, 15 ] [ 1, 15 ]
Recap Points: [
  '14.77', '14.91',
  '14.13', '14.81',
  '14.20', '14.82',
  '14.81', '15.04'
]
GE: Derived = 29.69, Expected = 29.69 
Visual: Derived = 21.57, Expected = 21.57 
Music: Derived = 22.33, Expected = 22.33 
Total: Derived = 73.59, Expected = 73.59 
DERIVATION CHECK SUCCESS

--- SCALE SANITY TEST ---
Sample Row Total: 74.60 (expecting DCI scale, not sum - of - 8)
Sum - of - 8: 119.05 
SCALE SANITY SUCCESS: target total is on DCI scale.


=== V9-IMPROVED: Enhanced Model for 0.2 MAE Target ===
Hyperparameters: lstm1=128, lstm2=64, dropout=0.2, lr=0.00075, batch=128, width_floor_pts=0.5, width_floor_schedule=0.1->1.5, baseline_dropout=0.1, baseline_noise_std=0.25
Model Capacity: 256→128 BiLSTM, Dense 512→256, AccuracyTrunk 128, Judge Emb 24, Corps Emb 20, Show Emb 12
Cached 402 validation samples(seqLen = 15, identityDropout = 0.0)

Epoch 0: Weights {"totalWeight":0.05,"recapWeight":1,"deltaWeight":0.2,"categoryWeight":0.05,"quantileWeight":0.02,"consistencyWeight":0,"identityDropoutRate":0.95}, Scales {"judgeBias":0,"corps":0}, SeqLen 5, ID_Drop 0.950, WFW 0.100 

History Bucket Diagnostics (Avg Abs Error per sample, normalized units):
Hist | Count | MAE_Pred | MAE_Base | PredDevFromBase
-----|-------|----------|----------|----------------
0    | 71    | 3.3029   | 2.2794   | 1.8523 
1    | 31    | 2.2853   | 1.2121   | 1.6512 
2    | 24    | 1.7622   | 1.0693   | 1.2918 
3-5  | 68    | 1.6999   | 0.9838   | 1.3687 
6+   | 208   | 0.9579   | 0.4743   | 0.8008 

Epoch 0: loss = 3.089921 delta_mae_pts = 1.6480 recap_mae_pts = 1.6480 cat_mae_pts = 1.9348 total_mae_pts = 4.5332 vs_inertia_pts = -0.6763 vs_quad_pts = 0.4443 mon_cov = 0.229 mon_score = 6.1812 time = 112.70 s

-- - CAPTION STATS(Epoch 0)-- - 
GE1: delta_pts = 1.0422, recap_pts = 1.0422, cov = 0.174, width = 0.7543 
GE2: delta_pts = 1.2053, recap_pts = 1.2053, cov = 0.092, width = 0.3496 
VP: delta_pts = 1.7689, recap_pts = 1.7689, cov = 0.127, width = 0.7052 
VA: delta_pts = 1.1022, recap_pts = 1.1022, cov = 0.042, width = 0.4885 
CG: delta_pts = 1.9539, recap_pts = 1.9539, cov = 0.274, width = 1.6156 
MB: delta_pts = 2.5003, recap_pts = 2.5003, cov = 0.299, width = 2.2623 
MA: delta_pts = 1.2759, recap_pts = 1.2759, cov = 0.226, width = 0.9447 
MP: delta_pts = 2.3351, recap_pts = 2.3351, cov = 0.597, width = 6.4206 
----------------------------------

Saved BEST checkpoint @epoch 0 score = 6.1812 -> models\v9_subcaption_fixed\v9fix_swa_train_best_export_1770556452661\best 

Epoch 1: Weights {"totalWeight":0.05,"recapWeight":1,"deltaWeight":0.2,"categoryWeight":0.05,"quantileWeight":0.02,"consistencyWeight":0,"identityDropoutRate":0.95}, Scales {"judgeBias":0.016666666666666666,"corps":0}, SeqLen 5, ID_Drop 0.951, WFW 0.100 

History Bucket Diagnostics (Avg Abs Error per sample, normalized units):
Hist | Count | MAE_Pred | MAE_Base | PredDevFromBase
-----|-------|----------|----------|----------------
0    | 71    | 2.6451   | 2.2794   | 1.4589 
1    | 31    | 1.9218   | 1.2121   | 1.2972 
2    | 24    | 1.3615   | 1.0693   | 0.7812 
3-5  | 68    | 1.2861   | 0.9838   | 0.9377 
6+   | 208   | 0.7894   | 0.4743   | 0.6182 

Epoch 1: loss = 1.669768 delta_mae_pts = 1.3226 recap_mae_pts = 1.3226 cat_mae_pts = 1.5675 total_mae_pts = 3.9388 vs_inertia_pts = -0.3509 vs_quad_pts = 0.7696 mon_cov = 0.392 mon_score = 5.2615 time = 249.47 s
Saved BEST checkpoint @epoch 1 score = 5.2615 -> models\v9_subcaption_fixed\v9fix_swa_train_best_export_1770556452661\best 

Epoch 2: Weights {"totalWeight":0.05,"recapWeight":1,"deltaWeight":0.2,"categoryWeight":0.05,"quantileWeight":0.02,"consistencyWeight":0,"identityDropoutRate":0.95}, Scales {"judgeBias":0.03333333333333333,"corps":0}, SeqLen 5, ID_Drop 0.953, WFW 0.100 

History Bucket Diagnostics (Avg Abs Error per sample, normalized units):
Hist | Count | MAE_Pred | MAE_Base | PredDevFromBase
-----|-------|----------|----------|----------------
0    | 71    | 2.0536   | 2.2794   | 1.5870 
1    | 31    | 1.6454   | 1.2121   | 0.9618 
2    | 24    | 1.2424   | 1.0693   | 0.6528 
3-5  | 68    | 1.1107   | 0.9838   | 0.7606 
6+   | 208   | 0.6968   | 0.4743   | 0.5202 

Epoch 2: loss = 0.798539 delta_mae_pts = 1.1122 recap_mae_pts = 1.1122 cat_mae_pts = 1.3048 total_mae_pts = 3.2426 vs_inertia_pts = -0.1404 vs_quad_pts = 0.9801 mon_cov = 0.489 mon_score = 4.3547 time = 391.07 s
Saved BEST checkpoint @epoch 2 score = 4.3547 -> models\v9_subcaption_fixed\v9fix_swa_train_best_export_1770556452661\best 

Epoch 3: Weights {"totalWeight":0.05,"recapWeight":1,"deltaWeight":0.2,"categoryWeight":0.05,"quantileWeight":0.02,"consistencyWeight":0,"identityDropoutRate":0.95}, Scales {"judgeBias":0.05,"corps":0}, SeqLen 5, ID_Drop 0.953, WFW 0.100 

History Bucket Diagnostics (Avg Abs Error per sample, normalized units):
Hist | Count | MAE_Pred | MAE_Base | PredDevFromBase
-----|-------|----------|----------|----------------
0    | 71    | 1.8017   | 2.2794   | 2.2926 
1    | 31    | 1.8416   | 1.2121   | 1.2005 
2    | 24    | 1.2608   | 1.0693   | 0.6461 
3-5  | 68    | 1.1799   | 0.9838   | 0.8311 
6+   | 208   | 0.7062   | 0.4743   | 0.5406 

Epoch 3: loss = 0.614418 delta_mae_pts = 1.1005 recap_mae_pts = 1.1005 cat_mae_pts = 1.2636 total_mae_pts = 3.0250 vs_inertia_pts = -0.1288 vs_quad_pts = 0.9918 mon_cov = 0.604 mon_score = 4.1255 time = 520.20 s
Saved BEST checkpoint @epoch 3 score = 4.1255 -> models\v9_subcaption_fixed\v9fix_swa_train_best_export_1770556452661\best 

Epoch 4: Weights {"totalWeight":0.05,"recapWeight":1,"deltaWeight":0.2,"categoryWeight":0.05,"quantileWeight":0.02,"consistencyWeight":0,"identityDropoutRate":0.95}, Scales {"judgeBias":0.06666666666666667,"corps":0}, SeqLen 5, ID_Drop 0.950, WFW 0.100 

History Bucket Diagnostics (Avg Abs Error per sample, normalized units):
Hist | Count | MAE_Pred | MAE_Base | PredDevFromBase
-----|-------|----------|----------|----------------
0    | 71    | 2.0897   | 2.2794   | 2.4373 
1    | 31    | 2.0792   | 1.2121   | 1.3168 
2    | 24    | 1.3687   | 1.0693   | 0.8128 
3-5  | 68    | 1.1854   | 0.9838   | 0.9587 
6+   | 208   | 0.7825   | 0.4743   | 0.6595 

Epoch 4: loss = 0.542344 delta_mae_pts = 1.2165 recap_mae_pts = 1.2165 cat_mae_pts = 1.2679 total_mae_pts = 3.1823 vs_inertia_pts = -0.2448 vs_quad_pts = 0.8758 mon_cov = 0.598 mon_score = 4.3988 time = 639.93 s

Epoch 5: Weights {"totalWeight":0.05,"recapWeight":1,"deltaWeight":0.2,"categoryWeight":0.05,"quantileWeight":0.02,"consistencyWeight":0,"identityDropoutRate":0.95}, Scales {"judgeBias":0.08333333333333333,"corps":0}, SeqLen 5, ID_Drop 0.953, WFW 0.100 

History Bucket Diagnostics (Avg Abs Error per sample, normalized units):
Hist | Count | MAE_Pred | MAE_Base | PredDevFromBase
-----|-------|----------|----------|----------------
0    | 71    | 1.7910   | 2.2794   | 2.9884 
1    | 31    | 1.8725   | 1.2121   | 1.2122 
2    | 24    | 1.1650   | 1.0693   | 0.7608 
3-5  | 68    | 1.1401   | 0.9838   | 0.9022 
6+   | 208   | 0.7042   | 0.4743   | 0.5827 

Epoch 5: loss = 0.441470 delta_mae_pts = 1.0875 recap_mae_pts = 1.0875 cat_mae_pts = 1.2369 total_mae_pts = 3.0799 vs_inertia_pts = -0.1158 vs_quad_pts = 1.0048 mon_cov = 0.664 mon_score = 4.1674 time = 761.95 s

Epoch 6: Weights {"totalWeight":0.05,"recapWeight":1,"deltaWeight":0.2,"categoryWeight":0.05,"quantileWeight":0.02,"consistencyWeight":0,"identityDropoutRate":0.95}, Scales {"judgeBias":0.1,"corps":0}, SeqLen 5, ID_Drop 0.950, WFW 0.100 

History Bucket Diagnostics (Avg Abs Error per sample, normalized units):
Hist | Count | MAE_Pred | MAE_Base | PredDevFromBase
-----|-------|----------|----------|----------------
0    | 71    | 1.6502   | 2.2794   | 2.6683 
1    | 31    | 1.5076   | 1.2121   | 0.7821 
2    | 24    | 1.0408   | 1.0693   | 0.5761 
3-5  | 68    | 1.0405   | 0.9838   | 0.7693 
6+   | 208   | 0.6195   | 0.4743   | 0.4039 

Epoch 6: loss = 0.372866 delta_mae_pts = 0.9664 recap_mae_pts = 0.9664 cat_mae_pts = 1.1210 total_mae_pts = 2.8066 vs_inertia_pts = 0.0053 vs_quad_pts = 1.1259 mon_cov = 0.742 mon_score = 3.7730 time = 881.51 s
Saved BEST checkpoint @epoch 6 score = 3.7730 -> models\v9_subcaption_fixed\v9fix_swa_train_best_export_1770556452661\best 

Epoch 7: Weights {"totalWeight":0.05,"recapWeight":1,"deltaWeight":0.2,"categoryWeight":0.05,"quantileWeight":0.02,"consistencyWeight":0,"identityDropoutRate":0.95}, Scales {"judgeBias":0.11666666666666667,"corps":0}, SeqLen 5, ID_Drop 0.946, WFW 0.100 

History Bucket Diagnostics (Avg Abs Error per sample, normalized units):
Hist | Count | MAE_Pred | MAE_Base | PredDevFromBase
-----|-------|----------|----------|----------------
0    | 71    | 1.7575   | 2.2794   | 2.8253 
1    | 31    | 1.7900   | 1.2121   | 1.0513 
2    | 24    | 1.1926   | 1.0693   | 0.7272 
3-5  | 68    | 1.0197   | 0.9838   | 0.8781 
6+   | 208   | 0.6575   | 0.4743   | 0.5221 

Epoch 7: loss = 0.314571 delta_mae_pts = 1.0323 recap_mae_pts = 1.0323 cat_mae_pts = 1.2598 total_mae_pts = 3.3112 vs_inertia_pts = -0.0606 vs_quad_pts = 1.0600 mon_cov = 0.723 mon_score = 4.3435 time = 1000.41 s

Epoch 8: Weights {"totalWeight":0.05,"recapWeight":1,"deltaWeight":0.2,"categoryWeight":0.05,"quantileWeight":0.02,"consistencyWeight":0,"identityDropoutRate":0.95}, Scales {"judgeBias":0.13333333333333333,"corps":0}, SeqLen 5, ID_Drop 0.952, WFW 0.100 

History Bucket Diagnostics (Avg Abs Error per sample, normalized units):
Hist | Count | MAE_Pred | MAE_Base | PredDevFromBase
-----|-------|----------|----------|----------------
0    | 71    | 1.5606   | 2.2794   | 2.7919 
1    | 31    | 1.6120   | 1.2121   | 1.2211 
2    | 24    | 1.1663   | 1.0693   | 0.9734 
3-5  | 68    | 1.0354   | 0.9838   | 0.9411 
6+   | 208   | 0.6224   | 0.4743   | 0.4566 

Epoch 8: loss = 0.312362 delta_mae_pts = 0.9668 recap_mae_pts = 0.9668 cat_mae_pts = 1.1350 total_mae_pts = 2.8122 vs_inertia_pts = 0.0050 vs_quad_pts = 1.1255 mon_cov = 0.735 mon_score = 3.7790 time = 1132.22 s

Epoch 9: Weights {"totalWeight":0.05,"recapWeight":1,"deltaWeight":0.2,"categoryWeight":0.05,"quantileWeight":0.02,"consistencyWeight":0,"identityDropoutRate":0.95}, Scales {"judgeBias":0.15,"corps":0}, SeqLen 5, ID_Drop 0.951, WFW 0.100 

History Bucket Diagnostics (Avg Abs Error per sample, normalized units):
Hist | Count | MAE_Pred | MAE_Base | PredDevFromBase
-----|-------|----------|----------|----------------
0    | 71    | 1.6267   | 2.2794   | 2.8724 
1    | 31    | 1.5840   | 1.2121   | 1.0223 
2    | 24    | 1.2296   | 1.0693   | 0.7327 
3-5  | 68    | 0.9518   | 0.9838   | 0.7967 
6+   | 208   | 0.5398   | 0.4743   | 0.3810 

Epoch 9: loss = 0.342014 delta_mae_pts = 0.9231 recap_mae_pts = 0.9231 cat_mae_pts = 1.0857 total_mae_pts = 2.6601 vs_inertia_pts = 0.0486 vs_quad_pts = 1.1692 mon_cov = 0.775 mon_score = 3.5832 time = 1255.53 s
Saved BEST checkpoint @epoch 9 score = 3.5832 -> models\v9_subcaption_fixed\v9fix_swa_train_best_export_1770556452661\best 

Epoch 10: Weights {"totalWeight":0.05,"recapWeight":1,"deltaWeight":0.2,"categoryWeight":0.05,"quantileWeight":0.02,"consistencyWeight":0,"identityDropoutRate":0.95}, Scales {"judgeBias":0.16666666666666666,"corps":0}, SeqLen 5, ID_Drop 0.948, WFW 0.100 

History Bucket Diagnostics (Avg Abs Error per sample, normalized units):
Hist | Count | MAE_Pred | MAE_Base | PredDevFromBase
-----|-------|----------|----------|----------------
0    | 71    | 1.6077   | 2.2794   | 2.8851 
1    | 31    | 1.5102   | 1.2121   | 1.0213 
2    | 24    | 1.1777   | 1.0693   | 0.9090 
3-5  | 68    | 1.0695   | 0.9838   | 1.0185 
6+   | 208   | 0.6651   | 0.4743   | 0.5796 

Epoch 10: loss = 0.395293 delta_mae_pts = 0.9958 recap_mae_pts = 0.9958 cat_mae_pts = 1.2320 total_mae_pts = 3.0501 vs_inertia_pts = -0.0240 vs_quad_pts = 1.0965 mon_cov = 0.777 mon_score = 4.0458 time = 1369.16 s

Epoch 11: Weights {"totalWeight":0.05,"recapWeight":1,"deltaWeight":0.2,"categoryWeight":0.05,"quantileWeight":0.02,"consistencyWeight":0,"identityDropoutRate":0.95}, Scales {"judgeBias":0.18333333333333332,"corps":0}, SeqLen 5, ID_Drop 0.957, WFW 0.100 

History Bucket Diagnostics (Avg Abs Error per sample, normalized units):
Hist | Count | MAE_Pred | MAE_Base | PredDevFromBase
-----|-------|----------|----------|----------------
0    | 71    | 2.1018   | 2.2794   | 3.1865 
1    | 31    | 1.4953   | 1.2121   | 1.1066 
2    | 24    | 1.0526   | 1.0693   | 0.6184 
3-5  | 68    | 1.0071   | 0.9838   | 0.7688 
6+   | 208   | 0.5455   | 0.4743   | 0.3501 

Epoch 11: loss = 0.441191 delta_mae_pts = 1.0020 recap_mae_pts = 1.0020 cat_mae_pts = 1.0174 total_mae_pts = 2.3265 vs_inertia_pts = -0.0303 vs_quad_pts = 1.0903 mon_cov = 0.808 mon_score = 3.3285 time = 1489.69 s
Saved BEST checkpoint @epoch 11 score = 3.3285 -> models\v9_subcaption_fixed\v9fix_swa_train_best_export_1770556452661\best 

Epoch 12: Weights {"totalWeight":0.05,"recapWeight":1,"deltaWeight":0.2,"categoryWeight":0.05,"quantileWeight":0.02,"consistencyWeight":0,"identityDropoutRate":0.95}, Scales {"judgeBias":0.2,"corps":0}, SeqLen 5, ID_Drop 0.949, WFW 0.100 

History Bucket Diagnostics (Avg Abs Error per sample, normalized units):
Hist | Count | MAE_Pred | MAE_Base | PredDevFromBase
-----|-------|----------|----------|----------------
0    | 71    | 1.4415   | 2.2794   | 2.5382 
1    | 31    | 1.5601   | 1.2121   | 1.1250 
2    | 24    | 0.9696   | 1.0693   | 0.6902 
3-5  | 68    | 0.8915   | 0.9838   | 0.7742 
6+   | 208   | 0.4987   | 0.4743   | 0.3306 

Epoch 12: loss = 0.426824 delta_mae_pts = 0.8416 recap_mae_pts = 0.8416 cat_mae_pts = 1.0009 total_mae_pts = 2.3729 vs_inertia_pts = 0.1301 vs_quad_pts = 1.2507 mon_cov = 0.813 mon_score = 3.2145 time = 1613.67 s
Saved BEST checkpoint @epoch 12 score = 3.2145 -> models\v9_subcaption_fixed\v9fix_swa_train_best_export_1770556452661\best 

Epoch 13: Weights {"totalWeight":0.05,"recapWeight":1,"deltaWeight":0.2,"categoryWeight":0.05,"quantileWeight":0.02,"consistencyWeight":0,"identityDropoutRate":0.95}, Scales {"judgeBias":0.21666666666666667,"corps":0}, SeqLen 5, ID_Drop 0.951, WFW 0.100 

History Bucket Diagnostics (Avg Abs Error per sample, normalized units):
Hist | Count | MAE_Pred | MAE_Base | PredDevFromBase
-----|-------|----------|----------|----------------
0    | 71    | 1.3994   | 2.2794   | 2.2475 
1    | 31    | 1.2619   | 1.2121   | 0.8597 
2    | 24    | 0.9770   | 1.0693   | 0.6358 
3-5  | 68    | 0.8814   | 0.9838   | 0.7366 
6+   | 208   | 0.4958   | 0.4743   | 0.3075 

Epoch 13: loss = 0.515074 delta_mae_pts = 0.8084 recap_mae_pts = 0.8084 cat_mae_pts = 0.9289 total_mae_pts = 2.1276 vs_inertia_pts = 0.1633 vs_quad_pts = 1.2839 mon_cov = 0.808 mon_score = 2.9360 time = 1739.22 s
Saved BEST checkpoint @epoch 13 score = 2.9360 -> models\v9_subcaption_fixed\v9fix_swa_train_best_export_1770556452661\best 

Epoch 14: Weights {"totalWeight":0.05,"recapWeight":1,"deltaWeight":0.2,"categoryWeight":0.05,"quantileWeight":0.02,"consistencyWeight":0,"identityDropoutRate":0.95}, Scales {"judgeBias":0.23333333333333334,"corps":0}, SeqLen 5, ID_Drop 0.950, WFW 0.100 

History Bucket Diagnostics (Avg Abs Error per sample, normalized units):
Hist | Count | MAE_Pred | MAE_Base | PredDevFromBase
-----|-------|----------|----------|----------------
0    | 71    | 1.4910   | 2.2794   | 2.4725 
1    | 31    | 1.5477   | 1.2121   | 1.1723 
2    | 24    | 1.1094   | 1.0693   | 0.6156 
3-5  | 68    | 0.9218   | 0.9838   | 0.7274 
6+   | 208   | 0.5725   | 0.4743   | 0.3568 

Epoch 14: loss = 0.399846 delta_mae_pts = 0.9011 recap_mae_pts = 0.9011 cat_mae_pts = 1.0923 total_mae_pts = 2.6666 vs_inertia_pts = 0.0706 vs_quad_pts = 1.1912 mon_cov = 0.818 mon_score = 3.5677 time = 1866.80 s

Epoch 15: Weights {"totalWeight":0.05,"recapWeight":1,"deltaWeight":0.2,"categoryWeight":0.05,"quantileWeight":0.02,"consistencyWeight":0,"identityDropoutRate":0.95}, Scales {"judgeBias":0.25,"corps":0}, SeqLen 5, ID_Drop 0.952, WFW 0.100 

History Bucket Diagnostics (Avg Abs Error per sample, normalized units):
Hist | Count | MAE_Pred | MAE_Base | PredDevFromBase
-----|-------|----------|----------|----------------
0    | 71    | 1.3815   | 2.2794   | 2.3101 
1    | 31    | 1.4696   | 1.2121   | 0.8631 
2    | 24    | 0.9920   | 1.0693   | 0.5856 
3-5  | 68    | 0.8706   | 0.9838   | 0.6741 
6+   | 208   | 0.5078   | 0.4743   | 0.2887 

Epoch 15: loss = 0.371875 delta_mae_pts = 0.8265 recap_mae_pts = 0.8265 cat_mae_pts = 0.9221 total_mae_pts = 2.1468 vs_inertia_pts = 0.1452 vs_quad_pts = 1.2657 mon_cov = 0.852 mon_score = 2.9733 time = 1989.95 s

Epoch 16: Weights {"totalWeight":0.05,"recapWeight":1,"deltaWeight":0.2,"categoryWeight":0.05,"quantileWeight":0.02,"consistencyWeight":0,"identityDropoutRate":0.95}, Scales {"judgeBias":0.26666666666666666,"corps":0}, SeqLen 5, ID_Drop 0.950, WFW 0.100 

History Bucket Diagnostics (Avg Abs Error per sample, normalized units):
Hist | Count | MAE_Pred | MAE_Base | PredDevFromBase
-----|-------|----------|----------|----------------
0    | 71    | 1.3449   | 2.2794   | 2.4194 
1    | 31    | 1.3136   | 1.2121   | 0.9480 
2    | 24    | 0.9194   | 1.0693   | 0.7692 
3-5  | 68    | 0.8453   | 0.9838   | 0.8341 
6+   | 208   | 0.5175   | 0.4743   | 0.3725 

Epoch 16: loss = 0.353802 delta_mae_pts = 0.8045 recap_mae_pts = 0.8045 cat_mae_pts = 0.8645 total_mae_pts = 1.9544 vs_inertia_pts = 0.1673 vs_quad_pts = 1.2878 mon_cov = 0.857 mon_score = 2.7589 time = 2115.51 s
Saved BEST checkpoint @epoch 16 score = 2.7589 -> models\v9_subcaption_fixed\v9fix_swa_train_best_export_1770556452661\best 

Epoch 17: Weights {"totalWeight":0.05,"recapWeight":1,"deltaWeight":0.2,"categoryWeight":0.05,"quantileWeight":0.02,"consistencyWeight":0,"identityDropoutRate":0.95}, Scales {"judgeBias":0.2833333333333333,"corps":0}, SeqLen 5, ID_Drop 0.955, WFW 0.100 

History Bucket Diagnostics (Avg Abs Error per sample, normalized units):
Hist | Count | MAE_Pred | MAE_Base | PredDevFromBase
-----|-------|----------|----------|----------------
0    | 71    | 1.2225   | 2.2794   | 1.9792 
1    | 31    | 1.2472   | 1.2121   | 0.7966 
2    | 24    | 0.9033   | 1.0693   | 0.6003 
3-5  | 68    | 0.8183   | 0.9838   | 0.7487 
6+   | 208   | 0.5618   | 0.4743   | 0.3944 

Epoch 17: loss = 0.279750 delta_mae_pts = 0.7951 recap_mae_pts = 0.7951 cat_mae_pts = 0.8784 total_mae_pts = 1.9905 vs_inertia_pts = 0.1766 vs_quad_pts = 1.2972 mon_cov = 0.858 mon_score = 2.7856 time = 2239.72 s

Epoch 18: Weights {"totalWeight":0.05,"recapWeight":1,"deltaWeight":0.2,"categoryWeight":0.05,"quantileWeight":0.02,"consistencyWeight":0,"identityDropoutRate":0.95}, Scales {"judgeBias":0.3,"corps":0}, SeqLen 5, ID_Drop 0.951, WFW 0.100 

History Bucket Diagnostics (Avg Abs Error per sample, normalized units):
Hist | Count | MAE_Pred | MAE_Base | PredDevFromBase
-----|-------|----------|----------|----------------
0    | 71    | 1.3272   | 2.2794   | 2.5684 
1    | 31    | 1.2461   | 1.2121   | 1.0268 
2    | 24    | 0.9999   | 1.0693   | 0.8177 
3-5  | 68    | 0.8821   | 0.9838   | 0.9951 
6+   | 208   | 0.5702   | 0.4743   | 0.4544 

Epoch 18: loss = 0.260588 delta_mae_pts = 0.8344 recap_mae_pts = 0.8344 cat_mae_pts = 0.9231 total_mae_pts = 2.1369 vs_inertia_pts = 0.1373 vs_quad_pts = 1.2579 mon_cov = 0.869 mon_score = 2.9713 time = 2356.72 s

Epoch 19: Weights {"totalWeight":0.05,"recapWeight":1,"deltaWeight":0.2,"categoryWeight":0.05,"quantileWeight":0.02,"consistencyWeight":0,"identityDropoutRate":0.95}, Scales {"judgeBias":0.31666666666666665,"corps":0}, SeqLen 5, ID_Drop 0.953, WFW 0.100 

History Bucket Diagnostics (Avg Abs Error per sample, normalized units):
Hist | Count | MAE_Pred | MAE_Base | PredDevFromBase
-----|-------|----------|----------|----------------
0    | 71    | 1.4059   | 2.2794   | 2.3540 
1    | 31    | 1.0895   | 1.2121   | 0.9028 
2    | 24    | 1.0395   | 1.0693   | 0.8540 
3-5  | 68    | 0.8620   | 0.9838   | 0.8240 
6+   | 208   | 0.5094   | 0.4743   | 0.3877 

Epoch 19: loss = 0.280389 delta_mae_pts = 0.8037 recap_mae_pts = 0.8037 cat_mae_pts = 0.9057 total_mae_pts = 2.1423 vs_inertia_pts = 0.1680 vs_quad_pts = 1.2886 mon_cov = 0.872 mon_score = 2.9460 time = 2476.77 s

Epoch 20: Weights {"totalWeight":0,"recapWeight":1,"deltaWeight":0.2,"categoryWeight":0.05,"quantileWeight":0.02,"consistencyWeight":0,"identityDropoutRate":0.95}, Scales {"judgeBias":0.3333333333333333,"corps":0}, SeqLen 15, ID_Drop 0.947, WFW 0.100 

History Bucket Diagnostics (Avg Abs Error per sample, normalized units):
Hist | Count | MAE_Pred | MAE_Base | PredDevFromBase
-----|-------|----------|----------|----------------
0    | 71    | 1.1933   | 2.2794   | 2.2586 
1    | 31    | 1.0216   | 1.2121   | 1.0365 
2    | 24    | 0.8874   | 1.0693   | 0.7989 
3-5  | 68    | 0.8256   | 0.9838   | 0.8304 
6+   | 208   | 0.5028   | 0.4743   | 0.3970 

Epoch 20: loss = 0.233918 delta_mae_pts = 0.7423 recap_mae_pts = 0.7423 cat_mae_pts = 0.8191 total_mae_pts = 1.8810 vs_inertia_pts = 0.2294 vs_quad_pts = 1.3500 mon_cov = 0.880 mon_score = 2.6233 time = 2596.97 s
Saved BEST checkpoint @epoch 20 score = 2.6233 -> models\v9_subcaption_fixed\v9fix_swa_train_best_export_1770556452661\best 

Epoch 21: Weights {"totalWeight":0,"recapWeight":0.9825,"deltaWeight":0.22000000000000003,"categoryWeight":0.05,"quantileWeight":0.022,"consistencyWeight":0,"identityDropoutRate":0.95}, Scales {"judgeBias":0.35,"corps":0}, SeqLen 15, ID_Drop 0.948, WFW 0.103 

History Bucket Diagnostics (Avg Abs Error per sample, normalized units):
Hist | Count | MAE_Pred | MAE_Base | PredDevFromBase
-----|-------|----------|----------|----------------
0    | 71    | 1.1744   | 2.2794   | 2.1845 
1    | 31    | 1.0251   | 1.2121   | 0.8912 
2    | 24    | 0.8998   | 1.0693   | 0.6557 
3-5  | 68    | 0.8081   | 0.9838   | 0.7462 
6+   | 208   | 0.4978   | 0.4743   | 0.3489 

Epoch 21: loss = 0.235243 delta_mae_pts = 0.7345 recap_mae_pts = 0.7345 cat_mae_pts = 0.8186 total_mae_pts = 1.7238 vs_inertia_pts = 0.2373 vs_quad_pts = 1.3578 mon_cov = 0.890 mon_score = 2.4583 time = 2717.47 s
Saved BEST checkpoint @epoch 21 score = 2.4583 -> models\v9_subcaption_fixed\v9fix_swa_train_best_export_1770556452661\best 

Epoch 22: Weights {"totalWeight":0,"recapWeight":0.965,"deltaWeight":0.24000000000000002,"categoryWeight":0.05,"quantileWeight":0.024,"consistencyWeight":0,"identityDropoutRate":0.95}, Scales {"judgeBias":0.36666666666666664,"corps":0}, SeqLen 15, ID_Drop 0.952, WFW 0.110 

History Bucket Diagnostics (Avg Abs Error per sample, normalized units):
Hist | Count | MAE_Pred | MAE_Base | PredDevFromBase
-----|-------|----------|----------|----------------
0    | 71    | 1.0871   | 2.2794   | 2.1165 
1    | 31    | 1.0517   | 1.2121   | 1.2567 
2    | 24    | 0.9408   | 1.0693   | 0.7129 
3-5  | 68    | 0.7897   | 0.9838   | 0.8142 
6+   | 208   | 0.5115   | 0.4743   | 0.3883 

Epoch 22: loss = 0.225231 delta_mae_pts = 0.7275 recap_mae_pts = 0.7275 cat_mae_pts = 0.8192 total_mae_pts = 1.7373 vs_inertia_pts = 0.2442 vs_quad_pts = 1.3648 mon_cov = 0.890 mon_score = 2.4648 time = 2839.80 s

Epoch 23: Weights {"totalWeight":0,"recapWeight":0.9475,"deltaWeight":0.26,"categoryWeight":0.05,"quantileWeight":0.026000000000000002,"consistencyWeight":0,"identityDropoutRate":0.95}, Scales {"judgeBias":0.38333333333333336,"corps":0}, SeqLen 15, ID_Drop 0.954, WFW 0.122 

History Bucket Diagnostics (Avg Abs Error per sample, normalized units):
Hist | Count | MAE_Pred | MAE_Base | PredDevFromBase
-----|-------|----------|----------|----------------
0    | 71    | 1.1818   | 2.2794   | 1.8471 
1    | 31    | 1.0750   | 1.2121   | 0.8177 
2    | 24    | 0.8993   | 1.0693   | 0.6076 
3-5  | 68    | 0.8049   | 0.9838   | 0.6594 
6+   | 208   | 0.4640   | 0.4743   | 0.3005 

Epoch 23: loss = 0.259278 delta_mae_pts = 0.7216 recap_mae_pts = 0.7216 cat_mae_pts = 0.7843 total_mae_pts = 1.7238 vs_inertia_pts = 0.2501 vs_quad_pts = 1.3707 mon_cov = 0.888 mon_score = 2.4453 time = 2957.02 s
Saved BEST checkpoint @epoch 23 score = 2.4453 -> models\v9_subcaption_fixed\v9fix_swa_train_best_export_1770556452661\best 

Epoch 24: Weights {"totalWeight":0,"recapWeight":0.93,"deltaWeight":0.28,"categoryWeight":0.05,"quantileWeight":0.028,"consistencyWeight":0,"identityDropoutRate":0.95}, Scales {"judgeBias":0.4,"corps":0}, SeqLen 15, ID_Drop 0.948, WFW 0.139 

History Bucket Diagnostics (Avg Abs Error per sample, normalized units):
Hist | Count | MAE_Pred | MAE_Base | PredDevFromBase
-----|-------|----------|----------|----------------
0    | 71    | 1.0735   | 2.2794   | 2.1342 
1    | 31    | 1.0776   | 1.2121   | 1.2771 
2    | 24    | 0.9454   | 1.0693   | 0.6068 
3-5  | 68    | 0.7734   | 0.9838   | 0.7740 
6+   | 208   | 0.4741   | 0.4743   | 0.3880 

Epoch 24: loss = 0.261693 delta_mae_pts = 0.7052 recap_mae_pts = 0.7052 cat_mae_pts = 0.7963 total_mae_pts = 1.5833 vs_inertia_pts = 0.2665 vs_quad_pts = 1.3870 mon_cov = 0.888 mon_score = 2.2885 time = 3171.73 s
Saved BEST checkpoint @epoch 24 score = 2.2885 -> models\v9_subcaption_fixed\v9fix_swa_train_best_export_1770556452661\best 

Epoch 25: Weights {"totalWeight":0,"recapWeight":0.9125,"deltaWeight":0.30000000000000004,"categoryWeight":0.05,"quantileWeight":0.03,"consistencyWeight":0,"identityDropoutRate":0.95}, Scales {"judgeBias":0.4166666666666667,"corps":0}, SeqLen 15, ID_Drop 0.948, WFW 0.160 

History Bucket Diagnostics (Avg Abs Error per sample, normalized units):
Hist | Count | MAE_Pred | MAE_Base | PredDevFromBase
-----|-------|----------|----------|----------------
0    | 71    | 1.0346   | 2.2794   | 2.1803 
1    | 31    | 0.9440   | 1.2121   | 1.0667 
2    | 24    | 0.8512   | 1.0693   | 0.7247 
3-5  | 68    | 0.7715   | 0.9838   | 0.7924 
6+   | 208   | 0.4693   | 0.4743   | 0.3567 

Epoch 25: loss = 0.269769 delta_mae_pts = 0.6797 recap_mae_pts = 0.6797 cat_mae_pts = 0.7465 total_mae_pts = 1.6368 vs_inertia_pts = 0.2921 vs_quad_pts = 1.4126 mon_cov = 0.901 mon_score = 2.3165 time = 3264.37 s

Epoch 26: Weights {"totalWeight":0,"recapWeight":0.895,"deltaWeight":0.32,"categoryWeight":0.05,"quantileWeight":0.032,"consistencyWeight":0,"identityDropoutRate":0.95}, Scales {"judgeBias":0.43333333333333335,"corps":0}, SeqLen 15, ID_Drop 0.947, WFW 0.185 

History Bucket Diagnostics (Avg Abs Error per sample, normalized units):
Hist | Count | MAE_Pred | MAE_Base | PredDevFromBase
-----|-------|----------|----------|----------------
0    | 71    | 1.1551   | 2.2794   | 2.1773 
1    | 31    | 0.9364   | 1.2121   | 1.2161 
2    | 24    | 0.8867   | 1.0693   | 0.9814 
3-5  | 68    | 0.8067   | 0.9838   | 1.0060 
6+   | 208   | 0.5198   | 0.4743   | 0.5112 

Epoch 26: loss = 0.250580 delta_mae_pts = 0.7346 recap_mae_pts = 0.7346 cat_mae_pts = 0.8508 total_mae_pts = 2.0469 vs_inertia_pts = 0.2372 vs_quad_pts = 1.3577 mon_cov = 0.883 mon_score = 2.7814 time = 3383.24 s

Epoch 27: Weights {"totalWeight":0,"recapWeight":0.8775000000000001,"deltaWeight":0.33999999999999997,"categoryWeight":0.05,"quantileWeight":0.034,"consistencyWeight":0,"identityDropoutRate":0.95}, Scales {"judgeBias":0.45,"corps":0}, SeqLen 15, ID_Drop 0.949, WFW 0.214 

History Bucket Diagnostics (Avg Abs Error per sample, normalized units):
Hist | Count | MAE_Pred | MAE_Base | PredDevFromBase
-----|-------|----------|----------|----------------
0    | 71    | 1.0780   | 2.2794   | 2.3041 
1    | 31    | 0.8977   | 1.2121   | 1.0835 
2    | 24    | 0.8868   | 1.0693   | 0.6855 
3-5  | 68    | 0.8014   | 0.9838   | 0.7612 
6+   | 208   | 0.4507   | 0.4743   | 0.3390 

Epoch 27: loss = 0.259544 delta_mae_pts = 0.6813 recap_mae_pts = 0.6813 cat_mae_pts = 0.7271 total_mae_pts = 1.5719 vs_inertia_pts = 0.2904 vs_quad_pts = 1.4110 mon_cov = 0.909 mon_score = 2.2532 time = 3504.08 s
Saved BEST checkpoint @epoch 27 score = 2.2532 -> models\v9_subcaption_fixed\v9fix_swa_train_best_export_1770556452661\best 

Epoch 28: Weights {"totalWeight":0,"recapWeight":0.86,"deltaWeight":0.36000000000000004,"categoryWeight":0.05,"quantileWeight":0.036000000000000004,"consistencyWeight":0,"identityDropoutRate":0.95}, Scales {"judgeBias":0.4666666666666667,"corps":0}, SeqLen 15, ID_Drop 0.950, WFW 0.246 

History Bucket Diagnostics (Avg Abs Error per sample, normalized units):
Hist | Count | MAE_Pred | MAE_Base | PredDevFromBase
-----|-------|----------|----------|----------------
0    | 71    | 1.0672   | 2.2794   | 2.1174 
1    | 31    | 0.7973   | 1.2121   | 1.1124 
2    | 24    | 0.8040   | 1.0693   | 0.7275 
3-5  | 68    | 0.7736   | 0.9838   | 0.7136 
6+   | 208   | 0.4446   | 0.4743   | 0.3203 

Epoch 28: loss = 0.277228 delta_mae_pts = 0.6589 recap_mae_pts = 0.6589 cat_mae_pts = 0.7130 total_mae_pts = 1.5416 vs_inertia_pts = 0.3128 vs_quad_pts = 1.4334 mon_cov = 0.914 mon_score = 2.2005 time = 3621.75 s
Saved BEST checkpoint @epoch 28 score = 2.2005 -> models\v9_subcaption_fixed\v9fix_swa_train_best_export_1770556452661\best 

Epoch 29: Weights {"totalWeight":0,"recapWeight":0.8425,"deltaWeight":0.38,"categoryWeight":0.05,"quantileWeight":0.038000000000000006,"consistencyWeight":0,"identityDropoutRate":0.95}, Scales {"judgeBias":0.48333333333333334,"corps":0}, SeqLen 15, ID_Drop 0.946, WFW 0.281 

History Bucket Diagnostics (Avg Abs Error per sample, normalized units):
Hist | Count | MAE_Pred | MAE_Base | PredDevFromBase
-----|-------|----------|----------|----------------
0    | 71    | 1.0875   | 2.2794   | 2.3189 
1    | 31    | 0.8370   | 1.2121   | 1.1809 
2    | 24    | 0.8349   | 1.0693   | 0.9300 
3-5  | 68    | 0.7651   | 0.9838   | 0.8638 
6+   | 208   | 0.4430   | 0.4743   | 0.3912 

Epoch 29: loss = 0.240402 delta_mae_pts = 0.6651 recap_mae_pts = 0.6651 cat_mae_pts = 0.7288 total_mae_pts = 1.5680 vs_inertia_pts = 0.3066 vs_quad_pts = 1.4272 mon_cov = 0.917 mon_score = 2.2331 time = 3741.44 s

Epoch 30: Weights {"totalWeight":0,"recapWeight":0.825,"deltaWeight":0.4,"categoryWeight":0.05,"quantileWeight":0.04,"consistencyWeight":0,"identityDropoutRate":0.95}, Scales {"judgeBias":0.5,"corps":0}, SeqLen 15, ID_Drop 0.950, WFW 0.319 

History Bucket Diagnostics (Avg Abs Error per sample, normalized units):
Hist | Count | MAE_Pred | MAE_Base | PredDevFromBase
-----|-------|----------|----------|----------------
0    | 71    | 0.9929   | 2.2794   | 2.1165 
1    | 31    | 0.8679   | 1.2121   | 0.7801 
2    | 24    | 0.8522   | 1.0693   | 0.7732 
3-5  | 68    | 0.7618   | 0.9838   | 0.7574 
6+   | 208   | 0.4296   | 0.4743   | 0.3550 

Epoch 30: loss = 0.250069 delta_mae_pts = 0.6443 recap_mae_pts = 0.6443 cat_mae_pts = 0.6847 total_mae_pts = 1.5138 vs_inertia_pts = 0.3274 vs_quad_pts = 1.4480 mon_cov = 0.923 mon_score = 2.1581 time = 3862.32 s
Saved BEST checkpoint @epoch 30 score = 2.1581 -> models\v9_subcaption_fixed\v9fix_swa_train_best_export_1770556452661\best 

Epoch 31: Weights {"totalWeight":0,"recapWeight":0.8075,"deltaWeight":0.42000000000000004,"categoryWeight":0.05,"quantileWeight":0.042,"consistencyWeight":0,"identityDropoutRate":0.95}, Scales {"judgeBias":0.5166666666666667,"corps":0}, SeqLen 15, ID_Drop 0.956, WFW 0.359 

History Bucket Diagnostics (Avg Abs Error per sample, normalized units):
Hist | Count | MAE_Pred | MAE_Base | PredDevFromBase
-----|-------|----------|----------|----------------
0    | 71    | 0.9856   | 2.2794   | 2.1213 
1    | 31    | 0.7699   | 1.2121   | 0.9979 
2    | 24    | 0.7779   | 1.0693   | 0.8589 
3-5  | 68    | 0.7404   | 0.9838   | 0.7896 
6+   | 208   | 0.4321   | 0.4743   | 0.3540 

Epoch 31: loss = 0.224601 delta_mae_pts = 0.6287 recap_mae_pts = 0.6287 cat_mae_pts = 0.6779 total_mae_pts = 1.4588 vs_inertia_pts = 0.3430 vs_quad_pts = 1.4636 mon_cov = 0.924 mon_score = 2.0874 time = 3980.77 s
Saved BEST checkpoint @epoch 31 score = 2.0874 -> models\v9_subcaption_fixed\v9fix_swa_train_best_export_1770556452661\best 

Epoch 32: Weights {"totalWeight":0,"recapWeight":0.79,"deltaWeight":0.44,"categoryWeight":0.05,"quantileWeight":0.044,"consistencyWeight":0,"identityDropoutRate":0.95}, Scales {"judgeBias":0.5333333333333333,"corps":0}, SeqLen 15, ID_Drop 0.949, WFW 0.402 

History Bucket Diagnostics (Avg Abs Error per sample, normalized units):
Hist | Count | MAE_Pred | MAE_Base | PredDevFromBase
-----|-------|----------|----------|----------------
0    | 71    | 0.9561   | 2.2794   | 2.0675 
1    | 31    | 0.7505   | 1.2121   | 1.0711 
2    | 24    | 0.8349   | 1.0693   | 0.8062 
3-5  | 68    | 0.7194   | 0.9838   | 0.7729 
6+   | 208   | 0.4240   | 0.4743   | 0.3456 

Epoch 32: loss = 0.221366 delta_mae_pts = 0.6176 recap_mae_pts = 0.6176 cat_mae_pts = 0.6725 total_mae_pts = 1.4203 vs_inertia_pts = 0.3541 vs_quad_pts = 1.4746 mon_cov = 0.925 mon_score = 2.0380 time = 4091.53 s
Saved BEST checkpoint @epoch 32 score = 2.0380 -> models\v9_subcaption_fixed\v9fix_swa_train_best_export_1770556452661\best 

Epoch 33: Weights {"totalWeight":0,"recapWeight":0.7725,"deltaWeight":0.46,"categoryWeight":0.05,"quantileWeight":0.046,"consistencyWeight":0,"identityDropoutRate":0.95}, Scales {"judgeBias":0.55,"corps":0}, SeqLen 15, ID_Drop 0.951, WFW 0.448 

History Bucket Diagnostics (Avg Abs Error per sample, normalized units):
Hist | Count | MAE_Pred | MAE_Base | PredDevFromBase
-----|-------|----------|----------|----------------
0    | 71    | 1.0510   | 2.2794   | 2.0310 
1    | 31    | 0.7668   | 1.2121   | 0.9744 
2    | 24    | 0.7928   | 1.0693   | 0.7960 
3-5  | 68    | 0.7121   | 0.9838   | 0.7627 
6+   | 208   | 0.4179   | 0.4743   | 0.3299 

Epoch 33: loss = 0.217876 delta_mae_pts = 0.6288 recap_mae_pts = 0.6288 cat_mae_pts = 0.6913 total_mae_pts = 1.4777 vs_inertia_pts = 0.3429 vs_quad_pts = 1.4635 mon_cov = 0.935 mon_score = 2.1064 time = 4201.49 s

Epoch 34: Weights {"totalWeight":0,"recapWeight":0.755,"deltaWeight":0.48,"categoryWeight":0.05,"quantileWeight":0.048,"consistencyWeight":0,"identityDropoutRate":0.95}, Scales {"judgeBias":0.5666666666666667,"corps":0}, SeqLen 15, ID_Drop 0.954, WFW 0.494 

History Bucket Diagnostics (Avg Abs Error per sample, normalized units):
Hist | Count | MAE_Pred | MAE_Base | PredDevFromBase
-----|-------|----------|----------|----------------
0    | 71    | 1.0395   | 2.2794   | 2.2162 
1    | 31    | 0.7930   | 1.2121   | 0.9785 
2    | 24    | 0.8164   | 1.0693   | 0.7830 
3-5  | 68    | 0.7103   | 0.9838   | 0.7564 
6+   | 208   | 0.4288   | 0.4743   | 0.3373 

Epoch 34: loss = 0.230897 delta_mae_pts = 0.6355 recap_mae_pts = 0.6355 cat_mae_pts = 0.6796 total_mae_pts = 1.4658 vs_inertia_pts = 0.3362 vs_quad_pts = 1.4568 mon_cov = 0.924 mon_score = 2.1013 time = 4310.61 s

Epoch 35: Weights {"totalWeight":0,"recapWeight":0.7375,"deltaWeight":0.5,"categoryWeight":0.05,"quantileWeight":0.05,"consistencyWeight":0,"identityDropoutRate":0.95}, Scales {"judgeBias":0.5833333333333334,"corps":0}, SeqLen 15, ID_Drop 0.952, WFW 0.543 

History Bucket Diagnostics (Avg Abs Error per sample, normalized units):
Hist | Count | MAE_Pred | MAE_Base | PredDevFromBase
-----|-------|----------|----------|----------------
0    | 71    | 1.0368   | 2.2794   | 2.1988 
1    | 31    | 0.8262   | 1.2121   | 0.9572 
2    | 24    | 0.7674   | 1.0693   | 0.7362 
3-5  | 68    | 0.7062   | 0.9838   | 0.7389 
6+   | 208   | 0.4081   | 0.4743   | 0.3441 

Epoch 35: loss = 0.199984 delta_mae_pts = 0.6233 recap_mae_pts = 0.6233 cat_mae_pts = 0.6808 total_mae_pts = 1.5107 vs_inertia_pts = 0.3484 vs_quad_pts = 1.4690 mon_cov = 0.929 mon_score = 2.1340 time = 4421.19 s

Epoch 36: Weights {"totalWeight":0,"recapWeight":0.72,"deltaWeight":0.52,"categoryWeight":0.05,"quantileWeight":0.052000000000000005,"consistencyWeight":0,"identityDropoutRate":0.95}, Scales {"judgeBias":0.6,"corps":0}, SeqLen 15, ID_Drop 0.950, WFW 0.593 

History Bucket Diagnostics (Avg Abs Error per sample, normalized units):
Hist | Count | MAE_Pred | MAE_Base | PredDevFromBase
-----|-------|----------|----------|----------------
0    | 71    | 1.0936   | 2.2794   | 2.1506 
1    | 31    | 0.7969   | 1.2121   | 0.9271 
2    | 24    | 0.8447   | 1.0693   | 0.9584 
3-5  | 68    | 0.7081   | 0.9838   | 0.9445 
6+   | 208   | 0.4312   | 0.4743   | 0.3789 

Epoch 36: loss = 0.219989 delta_mae_pts = 0.6479 recap_mae_pts = 0.6479 cat_mae_pts = 0.6896 total_mae_pts = 1.5016 vs_inertia_pts = 0.3238 vs_quad_pts = 1.4444 mon_cov = 0.921 mon_score = 2.1495 time = 4532.56 s

Epoch 37: Weights {"totalWeight":0,"recapWeight":0.7025,"deltaWeight":0.54,"categoryWeight":0.05,"quantileWeight":0.054000000000000006,"consistencyWeight":0,"identityDropoutRate":0.95}, Scales {"judgeBias":0.6166666666666667,"corps":0}, SeqLen 15, ID_Drop 0.945, WFW 0.644 

History Bucket Diagnostics (Avg Abs Error per sample, normalized units):
Hist | Count | MAE_Pred | MAE_Base | PredDevFromBase
-----|-------|----------|----------|----------------
0    | 71    | 1.0816   | 2.2794   | 2.0633 
1    | 31    | 0.7202   | 1.2121   | 1.0777 
2    | 24    | 0.7528   | 1.0693   | 0.7847 
3-5  | 68    | 0.6896   | 0.9838   | 0.7741 
6+   | 208   | 0.4081   | 0.4743   | 0.3513 

Epoch 37: loss = 0.209994 delta_mae_pts = 0.6193 recap_mae_pts = 0.6193 cat_mae_pts = 0.6827 total_mae_pts = 1.5238 vs_inertia_pts = 0.3524 vs_quad_pts = 1.4730 mon_cov = 0.930 mon_score = 2.1432 time = 4641.70 s

Epoch 38: Weights {"totalWeight":0,"recapWeight":0.685,"deltaWeight":0.56,"categoryWeight":0.05,"quantileWeight":0.05600000000000001,"consistencyWeight":0,"identityDropoutRate":0.95}, Scales {"judgeBias":0.6333333333333333,"corps":0}, SeqLen 15, ID_Drop 0.954, WFW 0.695 

History Bucket Diagnostics (Avg Abs Error per sample, normalized units):
Hist | Count | MAE_Pred | MAE_Base | PredDevFromBase
-----|-------|----------|----------|----------------
0    | 71    | 1.0777   | 2.2794   | 2.2217 
1    | 31    | 0.8191   | 1.2121   | 1.2213 
2    | 24    | 0.7618   | 1.0693   | 0.8144 
3-5  | 68    | 0.6743   | 0.9838   | 0.7391 
6+   | 208   | 0.4009   | 0.4743   | 0.3342 

Epoch 38: loss = 0.199684 delta_mae_pts = 0.6205 recap_mae_pts = 0.6205 cat_mae_pts = 0.6613 total_mae_pts = 1.3849 vs_inertia_pts = 0.3512 vs_quad_pts = 1.4718 mon_cov = 0.928 mon_score = 2.0054 time = 4753.49 s
Saved BEST checkpoint @epoch 38 score = 2.0054 -> models\v9_subcaption_fixed\v9fix_swa_train_best_export_1770556452661\best 

Epoch 39: Weights {"totalWeight":0,"recapWeight":0.6675,"deltaWeight":0.5800000000000001,"categoryWeight":0.05,"quantileWeight":0.057999999999999996,"consistencyWeight":0,"identityDropoutRate":0.95}, Scales {"judgeBias":0.65,"corps":0}, SeqLen 15, ID_Drop 0.945, WFW 0.748 

History Bucket Diagnostics (Avg Abs Error per sample, normalized units):
Hist | Count | MAE_Pred | MAE_Base | PredDevFromBase
-----|-------|----------|----------|----------------
0    | 71    | 0.9746   | 2.2794   | 2.1690 
1    | 31    | 0.8011   | 1.2121   | 1.2342 
2    | 24    | 0.7248   | 1.0693   | 0.8515 
3-5  | 68    | 0.6733   | 0.9838   | 0.7688 
6+   | 208   | 0.4196   | 0.4743   | 0.3680 

Epoch 39: loss = 0.212097 delta_mae_pts = 0.6082 recap_mae_pts = 0.6082 cat_mae_pts = 0.6464 total_mae_pts = 1.4627 vs_inertia_pts = 0.3636 vs_quad_pts = 1.4841 mon_cov = 0.934 mon_score = 2.0708 time = 4862.86 s

Epoch 40: Weights {"totalWeight":0,"recapWeight":0.65,"deltaWeight":0.6000000000000001,"categoryWeight":0.05,"quantileWeight":0.06,"consistencyWeight":0,"identityDropoutRate":0.95}, Scales {"judgeBias":0.6666666666666666,"corps":0}, SeqLen 15, ID_Drop 0.949, WFW 0.800 

History Bucket Diagnostics (Avg Abs Error per sample, normalized units):
Hist | Count | MAE_Pred | MAE_Base | PredDevFromBase
-----|-------|----------|----------|----------------
0    | 71    | 0.9169   | 2.2794   | 2.1345 
1    | 31    | 0.7824   | 1.2121   | 1.0468 
2    | 24    | 0.7424   | 1.0693   | 0.7091 
3-5  | 68    | 0.6690   | 0.9838   | 0.7914 
6+   | 208   | 0.4124   | 0.4743   | 0.3109 


--- PHASE TRANSITION (Epoch 40): Resetting Best Score & Patience ---
Epoch 40: loss = 0.209689 delta_mae_pts = 0.5932 recap_mae_pts = 0.5932 cat_mae_pts = 0.6568 total_mae_pts = 1.4464 vs_inertia_pts = 0.3786 vs_quad_pts = 1.4991 mon_cov = 0.935 mon_score = 1.2591 time = 4972.08 s
Saved BEST checkpoint @epoch 40 score = 1.2591 -> models\v9_subcaption_fixed\v9fix_swa_train_best_export_1770556452661\best 

Epoch 41: Weights {"totalWeight":0,"recapWeight":0.6325000000000001,"deltaWeight":0.6200000000000001,"categoryWeight":0.05,"quantileWeight":0.062,"consistencyWeight":0,"identityDropoutRate":0.95}, Scales {"judgeBias":0.6833333333333333,"corps":0.02}, SeqLen 15, ID_Drop 0.949, WFW 0.852 

History Bucket Diagnostics (Avg Abs Error per sample, normalized units):
Hist | Count | MAE_Pred | MAE_Base | PredDevFromBase
-----|-------|----------|----------|----------------
0    | 71    | 0.9456   | 2.2794   | 2.0561 
1    | 31    | 0.6515   | 1.2121   | 1.1202 
2    | 24    | 0.7777   | 1.0693   | 0.8068 
3-5  | 68    | 0.6527   | 0.9838   | 0.8477 
6+   | 208   | 0.4142   | 0.4743   | 0.3629 

Epoch 41: loss = 0.292426 delta_mae_pts = 0.5884 recap_mae_pts = 0.5884 cat_mae_pts = 0.6315 total_mae_pts = 1.3909 vs_inertia_pts = 0.3833 vs_quad_pts = 1.5039 mon_cov = 0.931 mon_score = 1.1989 time = 5082.86 s
Saved BEST checkpoint @epoch 41 score = 1.1989 -> models\v9_subcaption_fixed\v9fix_swa_train_best_export_1770556452661\best 

Epoch 42: Weights {"totalWeight":0,"recapWeight":0.615,"deltaWeight":0.6400000000000001,"categoryWeight":0.05,"quantileWeight":0.064,"consistencyWeight":0,"identityDropoutRate":0.95}, Scales {"judgeBias":0.7,"corps":0.04}, SeqLen 15, ID_Drop 0.949, WFW 0.905 

History Bucket Diagnostics (Avg Abs Error per sample, normalized units):
Hist | Count | MAE_Pred | MAE_Base | PredDevFromBase
-----|-------|----------|----------|----------------
0    | 71    | 1.0511   | 2.2794   | 2.2220 
1    | 31    | 0.8092   | 1.2121   | 0.8405 
2    | 24    | 0.7711   | 1.0693   | 0.8551 
3-5  | 68    | 0.6787   | 0.9838   | 0.8152 
6+   | 208   | 0.4238   | 0.4743   | 0.3545 

Epoch 42: loss = 0.231260 delta_mae_pts = 0.6282 recap_mae_pts = 0.6282 cat_mae_pts = 0.6532 total_mae_pts = 1.4880 vs_inertia_pts = 0.3436 vs_quad_pts = 1.4641 mon_cov = 0.932 mon_score = 1.3174 time = 5191.14 s

Epoch 43: Weights {"totalWeight":0,"recapWeight":0.5975,"deltaWeight":0.6599999999999999,"categoryWeight":0.05,"quantileWeight":0.066,"consistencyWeight":0,"identityDropoutRate":0.95}, Scales {"judgeBias":0.7166666666666667,"corps":0.06}, SeqLen 15, ID_Drop 0.948, WFW 0.956 

History Bucket Diagnostics (Avg Abs Error per sample, normalized units):
Hist | Count | MAE_Pred | MAE_Base | PredDevFromBase
-----|-------|----------|----------|----------------
0    | 71    | 0.9175   | 2.2794   | 2.1351 
1    | 31    | 0.7437   | 1.2121   | 1.1617 
2    | 24    | 0.6966   | 1.0693   | 0.8118 
3-5  | 68    | 0.6985   | 0.9838   | 0.7855 
6+   | 208   | 0.4067   | 0.4743   | 0.3253 

Epoch 43: loss = 0.206609 delta_mae_pts = 0.5896 recap_mae_pts = 0.5896 cat_mae_pts = 0.6129 total_mae_pts = 1.3141 vs_inertia_pts = 0.3821 vs_quad_pts = 1.5027 mon_cov = 0.932 mon_score = 1.1559 time = 5301.69 s
Saved BEST checkpoint @epoch 43 score = 1.1559 -> models\v9_subcaption_fixed\v9fix_swa_train_best_export_1770556452661\best 

Epoch 44: Weights {"totalWeight":0,"recapWeight":0.5800000000000001,"deltaWeight":0.6799999999999999,"categoryWeight":0.05,"quantileWeight":0.068,"consistencyWeight":0,"identityDropoutRate":0.95}, Scales {"judgeBias":0.7333333333333333,"corps":0.08}, SeqLen 15, ID_Drop 0.954, WFW 1.007 

History Bucket Diagnostics (Avg Abs Error per sample, normalized units):
Hist | Count | MAE_Pred | MAE_Base | PredDevFromBase
-----|-------|----------|----------|----------------
0    | 71    | 1.0382   | 2.2794   | 1.9481 
1    | 31    | 0.7054   | 1.2121   | 0.9674 
2    | 24    | 0.6833   | 1.0693   | 0.7241 
3-5  | 68    | 0.7029   | 0.9838   | 0.6880 
6+   | 208   | 0.4077   | 0.4743   | 0.2815 

Epoch 44: loss = 0.203013 delta_mae_pts = 0.6084 recap_mae_pts = 0.6084 cat_mae_pts = 0.6506 total_mae_pts = 1.4535 vs_inertia_pts = 0.3633 vs_quad_pts = 1.4839 mon_cov = 0.930 mon_score = 1.2199 time = 5412.17 s

Epoch 45: Weights {"totalWeight":0,"recapWeight":0.5625,"deltaWeight":0.7,"categoryWeight":0.05,"quantileWeight":0.07,"consistencyWeight":0,"identityDropoutRate":0.95}, Scales {"judgeBias":0.75,"corps":0.1}, SeqLen 15, ID_Drop 0.956, WFW 1.057 

History Bucket Diagnostics (Avg Abs Error per sample, normalized units):
Hist | Count | MAE_Pred | MAE_Base | PredDevFromBase
-----|-------|----------|----------|----------------
0    | 71    | 1.0250   | 2.2794   | 2.0385 
1    | 31    | 0.6458   | 1.2121   | 1.0513 
2    | 24    | 0.6655   | 1.0693   | 0.8949 
3-5  | 68    | 0.6659   | 0.9838   | 0.8175 
6+   | 208   | 0.4079   | 0.4743   | 0.3341 

Epoch 45: loss = 0.202495 delta_mae_pts = 0.5942 recap_mae_pts = 0.5942 cat_mae_pts = 0.6125 total_mae_pts = 1.3030 vs_inertia_pts = 0.3775 vs_quad_pts = 1.4980 mon_cov = 0.942 mon_score = 1.2543 time = 5520.87 s

Epoch 46: Weights {"totalWeight":0,"recapWeight":0.545,"deltaWeight":0.72,"categoryWeight":0.05,"quantileWeight":0.07200000000000001,"consistencyWeight":0,"identityDropoutRate":0.95}, Scales {"judgeBias":0.7666666666666667,"corps":0.12}, SeqLen 15, ID_Drop 0.950, WFW 1.106 

History Bucket Diagnostics (Avg Abs Error per sample, normalized units):
Hist | Count | MAE_Pred | MAE_Base | PredDevFromBase
-----|-------|----------|----------|----------------
0    | 71    | 1.0808   | 2.2794   | 2.1196 
1    | 31    | 0.7252   | 1.2121   | 0.9984 
2    | 24    | 0.6518   | 1.0693   | 0.8424 
3-5  | 68    | 0.6732   | 0.9838   | 0.7443 
6+   | 208   | 0.3987   | 0.4743   | 0.3039 

Epoch 46: loss = 0.199516 delta_mae_pts = 0.6059 recap_mae_pts = 0.6059 cat_mae_pts = 0.6179 total_mae_pts = 1.3555 vs_inertia_pts = 0.3658 vs_quad_pts = 1.4864 mon_cov = 0.933 mon_score = 1.2862 time = 5630.41 s

Epoch 47: Weights {"totalWeight":0,"recapWeight":0.5275000000000001,"deltaWeight":0.74,"categoryWeight":0.05,"quantileWeight":0.07400000000000001,"consistencyWeight":0,"identityDropoutRate":0.95}, Scales {"judgeBias":0.7833333333333333,"corps":0.14}, SeqLen 15, ID_Drop 0.945, WFW 1.152 

History Bucket Diagnostics (Avg Abs Error per sample, normalized units):
Hist | Count | MAE_Pred | MAE_Base | PredDevFromBase
-----|-------|----------|----------|----------------
0    | 71    | 0.9716   | 2.2794   | 2.0438 
1    | 31    | 0.6948   | 1.2121   | 0.9861 
2    | 24    | 0.7543   | 1.0693   | 0.7925 
3-5  | 68    | 0.6456   | 0.9838   | 0.7189 
6+   | 208   | 0.4074   | 0.4743   | 0.3390 

Epoch 47: loss = 0.268518 delta_mae_pts = 0.5902 recap_mae_pts = 0.5902 cat_mae_pts = 0.6006 total_mae_pts = 1.3361 vs_inertia_pts = 0.3815 vs_quad_pts = 1.5021 mon_cov = 0.939 mon_score = 1.2073 time = 5738.70 s

Epoch 48: Weights {"totalWeight":0,"recapWeight":0.51,"deltaWeight":0.76,"categoryWeight":0.05,"quantileWeight":0.076,"consistencyWeight":0,"identityDropoutRate":0.95}, Scales {"judgeBias":0.8,"corps":0.16}, SeqLen 15, ID_Drop 0.951, WFW 1.198 

History Bucket Diagnostics (Avg Abs Error per sample, normalized units):
Hist | Count | MAE_Pred | MAE_Base | PredDevFromBase
-----|-------|----------|----------|----------------
0    | 71    | 1.0703   | 2.2794   | 2.2150 
1    | 31    | 0.8662   | 1.2121   | 1.3208 
2    | 24    | 0.7606   | 1.0693   | 1.1696 
3-5  | 68    | 0.7286   | 0.9838   | 0.9997 
6+   | 208   | 0.4654   | 0.4743   | 0.4838 

Epoch 48: loss = 0.260046 delta_mae_pts = 0.6653 recap_mae_pts = 0.6653 cat_mae_pts = 0.7232 total_mae_pts = 1.6767 vs_inertia_pts = 0.3064 vs_quad_pts = 1.4270 mon_cov = 0.928 mon_score = 1.4014 time = 5849.52 s

Epoch 49: Weights {"totalWeight":0,"recapWeight":0.49250000000000005,"deltaWeight":0.78,"categoryWeight":0.05,"quantileWeight":0.078,"consistencyWeight":0,"identityDropoutRate":0.95}, Scales {"judgeBias":0.8166666666666667,"corps":0.18}, SeqLen 15, ID_Drop 0.950, WFW 1.241 

History Bucket Diagnostics (Avg Abs Error per sample, normalized units):
Hist | Count | MAE_Pred | MAE_Base | PredDevFromBase
-----|-------|----------|----------|----------------
0    | 71    | 0.9775   | 2.2794   | 2.1119 
1    | 31    | 0.7385   | 1.2121   | 1.1325 
2    | 24    | 0.7282   | 1.0693   | 0.9016 
3-5  | 68    | 0.6257   | 0.9838   | 0.8584 
6+   | 208   | 0.4113   | 0.4743   | 0.3680 

Epoch 49: loss = 0.291944 delta_mae_pts = 0.5917 recap_mae_pts = 0.5917 cat_mae_pts = 0.5925 total_mae_pts = 1.3115 vs_inertia_pts = 0.3800 vs_quad_pts = 1.5005 mon_cov = 0.947 mon_score = 1.2865 time = 5957.55 s

Epoch 50: Weights {"totalWeight":0,"recapWeight":0.4750000000000001,"deltaWeight":0.8,"categoryWeight":0.05,"quantileWeight":0.08,"consistencyWeight":0,"identityDropoutRate":0.95}, Scales {"judgeBias":0.8333333333333334,"corps":0.2}, SeqLen 15, ID_Drop 0.948, WFW 1.281 

History Bucket Diagnostics (Avg Abs Error per sample, normalized units):
Hist | Count | MAE_Pred | MAE_Base | PredDevFromBase
-----|-------|----------|----------|----------------
0    | 71    | 1.2629   | 2.2794   | 2.1303 
1    | 31    | 0.8242   | 1.2121   | 1.2147 
2    | 24    | 0.7382   | 1.0693   | 0.7773 
3-5  | 68    | 0.6250   | 0.9838   | 0.7969 
6+   | 208   | 0.3910   | 0.4743   | 0.3247 

Epoch 50: loss = 0.251980 delta_mae_pts = 0.6387 recap_mae_pts = 0.6387 cat_mae_pts = 0.6562 total_mae_pts = 1.4120 vs_inertia_pts = 0.3330 vs_quad_pts = 1.4536 mon_cov = 0.937 mon_score = 1.3246 time = 6067.32 s

-- - CAPTION STATS(Epoch 50)-- - 
GE1: delta_pts = 0.3914, recap_pts = 0.3914, cov = 0.940, width = 2.0095 
GE2: delta_pts = 0.4235, recap_pts = 0.4235, cov = 0.925, width = 1.9982 
VP: delta_pts = 0.5980, recap_pts = 0.5980, cov = 0.935, width = 3.7157 
VA: delta_pts = 0.4218, recap_pts = 0.4218, cov = 0.920, width = 2.1311 
CG: delta_pts = 0.6589, recap_pts = 0.6589, cov = 0.945, width = 3.8099 
MB: delta_pts = 0.9786, recap_pts = 0.9786, cov = 0.950, width = 5.7144 
MA: delta_pts = 0.4437, recap_pts = 0.4437, cov = 0.938, width = 2.1410 
MP: delta_pts = 1.1936, recap_pts = 1.1936, cov = 0.938, width = 6.1190 
----------------------------------


Epoch 51: Weights {"totalWeight":0,"recapWeight":0.4575,"deltaWeight":0.8200000000000001,"categoryWeight":0.05,"quantileWeight":0.082,"consistencyWeight":0,"identityDropoutRate":0.95}, Scales {"judgeBias":0.85,"corps":0.22}, SeqLen 15, ID_Drop 0.950, WFW 1.319 

History Bucket Diagnostics (Avg Abs Error per sample, normalized units):
Hist | Count | MAE_Pred | MAE_Base | PredDevFromBase
-----|-------|----------|----------|----------------
0    | 71    | 0.9812   | 2.2794   | 2.2344 
1    | 31    | 0.7944   | 1.2121   | 1.0494 
2    | 24    | 0.7795   | 1.0693   | 0.8420 
3-5  | 68    | 0.6632   | 0.9838   | 0.8079 
6+   | 208   | 0.3952   | 0.4743   | 0.3290 

Epoch 51: loss = 0.239893 delta_mae_pts = 0.5978 recap_mae_pts = 0.5978 cat_mae_pts = 0.6158 total_mae_pts = 1.3159 vs_inertia_pts = 0.3739 vs_quad_pts = 1.4945 mon_cov = 0.938 mon_score = 1.2744 time = 6175.63 s

Epoch 52: Weights {"totalWeight":0,"recapWeight":0.44000000000000006,"deltaWeight":0.8400000000000001,"categoryWeight":0.05,"quantileWeight":0.084,"consistencyWeight":0,"identityDropoutRate":0.95}, Scales {"judgeBias":0.8666666666666667,"corps":0.24}, SeqLen 15, ID_Drop 0.952, WFW 1.354 

History Bucket Diagnostics (Avg Abs Error per sample, normalized units):
Hist | Count | MAE_Pred | MAE_Base | PredDevFromBase
-----|-------|----------|----------|----------------
0    | 71    | 0.9481   | 2.2794   | 1.9883 
1    | 31    | 0.8079   | 1.2121   | 0.7831 
2    | 24    | 0.6858   | 1.0693   | 0.7873 
3-5  | 68    | 0.6382   | 0.9838   | 0.7836 
6+   | 208   | 0.3899   | 0.4743   | 0.3440 

Epoch 52: loss = 0.233061 delta_mae_pts = 0.5804 recap_mae_pts = 0.5804 cat_mae_pts = 0.5872 total_mae_pts = 1.2323 vs_inertia_pts = 0.3913 vs_quad_pts = 1.5119 mon_cov = 0.941 mon_score = 1.2692 time = 6283.94 s

Epoch 53: Weights {"totalWeight":0,"recapWeight":0.4225000000000001,"deltaWeight":0.8600000000000001,"categoryWeight":0.05,"quantileWeight":0.08600000000000001,"consistencyWeight":0,"identityDropoutRate":0.95}, Scales {"judgeBias":0.8833333333333333,"corps":0.26}, SeqLen 15, ID_Drop 0.955, WFW 1.386 

History Bucket Diagnostics (Avg Abs Error per sample, normalized units):
Hist | Count | MAE_Pred | MAE_Base | PredDevFromBase
-----|-------|----------|----------|----------------
0    | 71    | 0.9826   | 2.2794   | 1.9471 
1    | 31    | 0.6337   | 1.2121   | 0.9248 
2    | 24    | 0.6671   | 1.0693   | 0.7679 
3-5  | 68    | 0.6304   | 0.9838   | 0.7755 
6+   | 208   | 0.3915   | 0.4743   | 0.3279 

Epoch 53: loss = 0.203174 delta_mae_pts = 0.5714 recap_mae_pts = 0.5714 cat_mae_pts = 0.5925 total_mae_pts = 1.3184 vs_inertia_pts = 0.4003 vs_quad_pts = 1.5209 mon_cov = 0.942 mon_score = 1.2165 time = 6394.79 s

Epoch 54: Weights {"totalWeight":0,"recapWeight":0.405,"deltaWeight":0.8800000000000001,"categoryWeight":0.05,"quantileWeight":0.08800000000000001,"consistencyWeight":0,"identityDropoutRate":0.95}, Scales {"judgeBias":0.9,"corps":0.28}, SeqLen 15, ID_Drop 0.949, WFW 1.415 

History Bucket Diagnostics (Avg Abs Error per sample, normalized units):
Hist | Count | MAE_Pred | MAE_Base | PredDevFromBase
-----|-------|----------|----------|----------------
0    | 71    | 1.0926   | 2.2794   | 2.3116 
1    | 31    | 0.7203   | 1.2121   | 1.0437 
2    | 24    | 0.7113   | 1.0693   | 0.9108 
3-5  | 68    | 0.6397   | 0.9838   | 0.7885 
6+   | 208   | 0.4005   | 0.4743   | 0.3354 

Epoch 54: loss = 0.201715 delta_mae_pts = 0.6064 recap_mae_pts = 0.6064 cat_mae_pts = 0.6245 total_mae_pts = 1.3382 vs_inertia_pts = 0.3653 vs_quad_pts = 1.4859 mon_cov = 0.940 mon_score = 1.3120 time = 6502.97 s

Epoch 55: Weights {"totalWeight":0,"recapWeight":0.38750000000000007,"deltaWeight":0.9000000000000001,"categoryWeight":0.05,"quantileWeight":0.09000000000000001,"consistencyWeight":0,"identityDropoutRate":0.95}, Scales {"judgeBias":0.9166666666666666,"corps":0.3}, SeqLen 15, ID_Drop 0.948, WFW 1.440 

History Bucket Diagnostics (Avg Abs Error per sample, normalized units):
Hist | Count | MAE_Pred | MAE_Base | PredDevFromBase
-----|-------|----------|----------|----------------
0    | 71    | 1.0346   | 2.2794   | 2.2276 
1    | 31    | 0.6867   | 1.2121   | 1.1248 
2    | 24    | 0.7281   | 1.0693   | 0.8959 
3-5  | 68    | 0.5965   | 0.9838   | 0.8685 
6+   | 208   | 0.3913   | 0.4743   | 0.3883 

Epoch 55: loss = 0.197649 delta_mae_pts = 0.5825 recap_mae_pts = 0.5825 cat_mae_pts = 0.5841 total_mae_pts = 1.2735 vs_inertia_pts = 0.3892 vs_quad_pts = 1.5098 mon_cov = 0.951 mon_score = 1.2899 time = 6613.39 s

Epoch 56: Weights {"totalWeight":0,"recapWeight":0.37,"deltaWeight":0.9200000000000002,"categoryWeight":0.05,"quantileWeight":0.09200000000000001,"consistencyWeight":0,"identityDropoutRate":0.95}, Scales {"judgeBias":0.9333333333333333,"corps":0.32}, SeqLen 15, ID_Drop 0.953, WFW 1.461 

History Bucket Diagnostics (Avg Abs Error per sample, normalized units):
Hist | Count | MAE_Pred | MAE_Base | PredDevFromBase
-----|-------|----------|----------|----------------
0    | 71    | 1.0162   | 2.2794   | 2.2436 
1    | 31    | 0.6501   | 1.2121   | 1.0760 
2    | 24    | 0.7058   | 1.0693   | 0.9673 
3-5  | 68    | 0.5931   | 0.9838   | 0.8714 
6+   | 208   | 0.4232   | 0.4743   | 0.3885 

Epoch 56: loss = 0.195091 delta_mae_pts = 0.5910 recap_mae_pts = 0.5910 cat_mae_pts = 0.5867 total_mae_pts = 1.2759 vs_inertia_pts = 0.3807 vs_quad_pts = 1.5013 mon_cov = 0.946 mon_score = 1.2953 time = 6722.45 s

Epoch 57: Weights {"totalWeight":0,"recapWeight":0.35250000000000004,"deltaWeight":0.9400000000000002,"categoryWeight":0.05,"quantileWeight":0.09400000000000001,"consistencyWeight":0,"identityDropoutRate":0.95}, Scales {"judgeBias":0.95,"corps":0.34}, SeqLen 15, ID_Drop 0.953, WFW 1.478 

History Bucket Diagnostics (Avg Abs Error per sample, normalized units):
Hist | Count | MAE_Pred | MAE_Base | PredDevFromBase
-----|-------|----------|----------|----------------
0    | 71    | 1.0205   | 2.2794   | 2.2928 
1    | 31    | 0.6881   | 1.2121   | 1.1785 
2    | 24    | 0.6682   | 1.0693   | 0.8959 
3-5  | 68    | 0.6023   | 0.9838   | 0.8543 
6+   | 208   | 0.3843   | 0.4743   | 0.3493 

Epoch 57: loss = 0.206191 delta_mae_pts = 0.5739 recap_mae_pts = 0.5739 cat_mae_pts = 0.5775 total_mae_pts = 1.1902 vs_inertia_pts = 0.3978 vs_quad_pts = 1.5184 mon_cov = 0.947 mon_score = 1.2127 time = 6841.56 s

Epoch 58: Weights {"totalWeight":0,"recapWeight":0.3350000000000001,"deltaWeight":0.96,"categoryWeight":0.05,"quantileWeight":0.096,"consistencyWeight":0,"identityDropoutRate":0.95}, Scales {"judgeBias":0.9666666666666667,"corps":0.36}, SeqLen 15, ID_Drop 0.947, WFW 1.490 

History Bucket Diagnostics (Avg Abs Error per sample, normalized units):
Hist | Count | MAE_Pred | MAE_Base | PredDevFromBase
-----|-------|----------|----------|----------------
0    | 71    | 1.0009   | 2.2794   | 2.1402 
1    | 31    | 0.7535   | 1.2121   | 1.1126 
2    | 24    | 0.7325   | 1.0693   | 0.7457 
3-5  | 68    | 0.6344   | 0.9838   | 0.7958 
6+   | 208   | 0.4054   | 0.4743   | 0.3491 

Epoch 58: loss = 0.206482 delta_mae_pts = 0.5957 recap_mae_pts = 0.5957 cat_mae_pts = 0.6184 total_mae_pts = 1.3144 vs_inertia_pts = 0.3760 vs_quad_pts = 1.4966 mon_cov = 0.944 mon_score = 1.2794 time = 6930.29 s

Epoch 59: Weights {"totalWeight":0,"recapWeight":0.3175,"deltaWeight":0.98,"categoryWeight":0.05,"quantileWeight":0.098,"consistencyWeight":0,"identityDropoutRate":0.95}, Scales {"judgeBias":0.9833333333333333,"corps":0.38}, SeqLen 15, ID_Drop 0.953, WFW 1.497 

History Bucket Diagnostics (Avg Abs Error per sample, normalized units):
Hist | Count | MAE_Pred | MAE_Base | PredDevFromBase
-----|-------|----------|----------|----------------
0    | 71    | 0.9391   | 2.2794   | 2.1321 
1    | 31    | 0.6932   | 1.2121   | 1.2001 
2    | 24    | 0.7081   | 1.0693   | 0.9211 
3-5  | 68    | 0.5963   | 0.9838   | 0.8518 
6+   | 208   | 0.3902   | 0.4743   | 0.3530 

Epoch 59: loss = 0.225818 delta_mae_pts = 0.5644 recap_mae_pts = 0.5644 cat_mae_pts = 0.5797 total_mae_pts = 1.2525 vs_inertia_pts = 0.4074 vs_quad_pts = 1.5279 mon_cov = 0.950 mon_score = 1.2505 time = 7040.81 s

Epoch 60: Weights {"totalWeight":0.1,"recapWeight":0.05,"deltaWeight":9.75,"categoryWeight":0.05,"quantileWeight":0.2,"consistencyWeight":0,"identityDropoutRate":1}, Scales {"judgeBias":1,"corps":0.4}, SeqLen 15, ID_Drop 1.000, WFW 1.500 

History Bucket Diagnostics (Avg Abs Error per sample, normalized units):
Hist | Count | MAE_Pred | MAE_Base | PredDevFromBase
-----|-------|----------|----------|----------------
0    | 71    | 1.0413   | 2.2794   | 1.9836 
1    | 31    | 0.7619   | 1.2121   | 1.0779 
2    | 24    | 0.7031   | 1.0693   | 0.9076 
3-5  | 68    | 0.6404   | 0.9838   | 0.8106 
6+   | 208   | 0.3877   | 0.4743   | 0.3209 

Epoch 60: loss = 1.232159 delta_mae_pts = 0.5935 recap_mae_pts = 0.5935 cat_mae_pts = 0.6067 total_mae_pts = 1.3248 vs_inertia_pts = 0.3782 vs_quad_pts = 1.4987 mon_cov = 0.942 mon_score = 6.4569 time = 7150.44 s

Epoch 61: Weights {"totalWeight":0.1,"recapWeight":0.05,"deltaWeight":9.75,"categoryWeight":0.05,"quantileWeight":0.2036,"consistencyWeight":0,"identityDropoutRate":1}, Scales {"judgeBias":1,"corps":0.42}, SeqLen 15, ID_Drop 1.000, WFW 1.500 

History Bucket Diagnostics (Avg Abs Error per sample, normalized units):
Hist | Count | MAE_Pred | MAE_Base | PredDevFromBase
-----|-------|----------|----------|----------------
0    | 71    | 1.0743   | 2.2794   | 2.3447 
1    | 31    | 0.7192   | 1.2121   | 1.1495 
2    | 24    | 0.7504   | 1.0693   | 0.8624 
3-5  | 68    | 0.6370   | 0.9838   | 0.8631 
6+   | 208   | 0.4010   | 0.4743   | 0.3367 

Epoch 61: loss = 1.208803 delta_mae_pts = 0.6052 recap_mae_pts = 0.6052 cat_mae_pts = 0.6359 total_mae_pts = 1.3390 vs_inertia_pts = 0.3665 vs_quad_pts = 1.4871 mon_cov = 0.936 mon_score = 6.5680 time = 7260.23 s

--- NO IMPROVEMENT FOR 18 EPOCHS: Reducing LR to 0.000375 ---

Epoch 62: Weights {"totalWeight":0.1,"recapWeight":0.05,"deltaWeight":9.75,"categoryWeight":0.05,"quantileWeight":0.20720000000000002,"consistencyWeight":0,"identityDropoutRate":1}, Scales {"judgeBias":1,"corps":0.44}, SeqLen 15, ID_Drop 1.000, WFW 1.500 

History Bucket Diagnostics (Avg Abs Error per sample, normalized units):
Hist | Count | MAE_Pred | MAE_Base | PredDevFromBase
-----|-------|----------|----------|----------------
0    | 71    | 0.9786   | 2.2794   | 2.2693 
1    | 31    | 0.8686   | 1.2121   | 0.7004 
2    | 24    | 0.7052   | 1.0693   | 0.8808 
3-5  | 68    | 0.6484   | 0.9838   | 0.8367 
6+   | 208   | 0.4054   | 0.4743   | 0.3696 

Epoch 62: loss = 1.244898 delta_mae_pts = 0.6013 recap_mae_pts = 0.6013 cat_mae_pts = 0.6327 total_mae_pts = 1.3452 vs_inertia_pts = 0.3704 vs_quad_pts = 1.4909 mon_cov = 0.944 mon_score = 6.5177 time = 7370.44 s

Epoch 63: Weights {"totalWeight":0.1,"recapWeight":0.05,"deltaWeight":9.75,"categoryWeight":0.05,"quantileWeight":0.21080000000000002,"consistencyWeight":0,"identityDropoutRate":1}, Scales {"judgeBias":1,"corps":0.46}, SeqLen 15, ID_Drop 1.000, WFW 1.500 

History Bucket Diagnostics (Avg Abs Error per sample, normalized units):
Hist | Count | MAE_Pred | MAE_Base | PredDevFromBase
-----|-------|----------|----------|----------------
0    | 71    | 1.0255   | 2.2794   | 2.2062 
1    | 31    | 0.6666   | 1.2121   | 1.0169 
2    | 24    | 0.7318   | 1.0693   | 0.8141 
3-5  | 68    | 0.6413   | 0.9838   | 0.7647 
6+   | 208   | 0.4017   | 0.4743   | 0.3393 

Epoch 63: loss = 1.225404 delta_mae_pts = 0.5926 recap_mae_pts = 0.5926 cat_mae_pts = 0.6168 total_mae_pts = 1.3062 vs_inertia_pts = 0.3792 vs_quad_pts = 1.4997 mon_cov = 0.940 mon_score = 6.4749 time = 7478.41 s

Epoch 64: Weights {"totalWeight":0.1,"recapWeight":0.05,"deltaWeight":9.75,"categoryWeight":0.05,"quantileWeight":0.2144,"consistencyWeight":0,"identityDropoutRate":1}, Scales {"judgeBias":1,"corps":0.48}, SeqLen 15, ID_Drop 1.000, WFW 1.500 

History Bucket Diagnostics (Avg Abs Error per sample, normalized units):
Hist | Count | MAE_Pred | MAE_Base | PredDevFromBase
-----|-------|----------|----------|----------------
0    | 71    | 1.0517   | 2.2794   | 1.9387 
1    | 31    | 0.7513   | 1.2121   | 0.7843 
2    | 24    | 0.7005   | 1.0693   | 0.7622 
3-5  | 68    | 0.6227   | 0.9838   | 0.7280 
6+   | 208   | 0.3897   | 0.4743   | 0.3171 

Epoch 64: loss = 1.224186 delta_mae_pts = 0.5925 recap_mae_pts = 0.5925 cat_mae_pts = 0.6355 total_mae_pts = 1.3401 vs_inertia_pts = 0.3792 vs_quad_pts = 1.4998 mon_cov = 0.940 mon_score = 6.4454 time = 7589.07 s

Epoch 65: Weights {"totalWeight":0.1,"recapWeight":0.05,"deltaWeight":9.75,"categoryWeight":0.05,"quantileWeight":0.21800000000000003,"consistencyWeight":0,"identityDropoutRate":1}, Scales {"judgeBias":1,"corps":0.5}, SeqLen 15, ID_Drop 1.000, WFW 1.500 

History Bucket Diagnostics (Avg Abs Error per sample, normalized units):
Hist | Count | MAE_Pred | MAE_Base | PredDevFromBase
-----|-------|----------|----------|----------------
0    | 71    | 0.9819   | 2.2794   | 2.2056 
1    | 31    | 0.6862   | 1.2121   | 0.9761 
2    | 24    | 0.6749   | 1.0693   | 0.8065 
3-5  | 68    | 0.6011   | 0.9838   | 0.8452 
6+   | 208   | 0.3894   | 0.4743   | 0.3284 

Epoch 65: loss = 1.172930 delta_mae_pts = 0.5698 recap_mae_pts = 0.5698 cat_mae_pts = 0.6048 total_mae_pts = 1.2157 vs_inertia_pts = 0.4019 vs_quad_pts = 1.5225 mon_cov = 0.947 mon_score = 6.2125 time = 7696.74 s

Epoch 66: Weights {"totalWeight":0.1,"recapWeight":0.05,"deltaWeight":9.75,"categoryWeight":0.05,"quantileWeight":0.22160000000000002,"consistencyWeight":0,"identityDropoutRate":1}, Scales {"judgeBias":1,"corps":0.52}, SeqLen 15, ID_Drop 1.000, WFW 1.500 

History Bucket Diagnostics (Avg Abs Error per sample, normalized units):
Hist | Count | MAE_Pred | MAE_Base | PredDevFromBase
-----|-------|----------|----------|----------------
0    | 71    | 1.0092   | 2.2794   | 1.9949 
1    | 31    | 0.6580   | 1.2121   | 0.9227 
2    | 24    | 0.8046   | 1.0693   | 0.7228 
3-5  | 68    | 0.5948   | 0.9838   | 0.7553 
6+   | 208   | 0.3938   | 0.4743   | 0.2997 

Epoch 66: loss = 1.147508 delta_mae_pts = 0.5814 recap_mae_pts = 0.5814 cat_mae_pts = 0.6154 total_mae_pts = 1.2916 vs_inertia_pts = 0.3903 vs_quad_pts = 1.5109 mon_cov = 0.941 mon_score = 6.3630 time = 7807.04 s

Epoch 67: Weights {"totalWeight":0.1,"recapWeight":0.05,"deltaWeight":9.75,"categoryWeight":0.05,"quantileWeight":0.2252,"consistencyWeight":0,"identityDropoutRate":1}, Scales {"judgeBias":1,"corps":0.54}, SeqLen 15, ID_Drop 1.000, WFW 1.500 

History Bucket Diagnostics (Avg Abs Error per sample, normalized units):
Hist | Count | MAE_Pred | MAE_Base | PredDevFromBase
-----|-------|----------|----------|----------------
0    | 71    | 0.9514   | 2.2794   | 2.1427 
1    | 31    | 0.6723   | 1.2121   | 1.0792 
2    | 24    | 0.6926   | 1.0693   | 1.0189 
3-5  | 68    | 0.6017   | 0.9838   | 0.8426 
6+   | 208   | 0.3882   | 0.4743   | 0.3515 

Epoch 67: loss = 1.224668 delta_mae_pts = 0.5639 recap_mae_pts = 0.5639 cat_mae_pts = 0.5771 total_mae_pts = 1.2229 vs_inertia_pts = 0.4078 vs_quad_pts = 1.5284 mon_cov = 0.943 mon_score = 6.1647 time = 7916.07 s

Epoch 68: Weights {"totalWeight":0.1,"recapWeight":0.05,"deltaWeight":9.75,"categoryWeight":0.05,"quantileWeight":0.2288,"consistencyWeight":0,"identityDropoutRate":1}, Scales {"judgeBias":1,"corps":0.56}, SeqLen 15, ID_Drop 1.000, WFW 1.500 

History Bucket Diagnostics (Avg Abs Error per sample, normalized units):
Hist | Count | MAE_Pred | MAE_Base | PredDevFromBase
-----|-------|----------|----------|----------------
0    | 71    | 0.9649   | 2.2794   | 1.8919 
1    | 31    | 0.7414   | 1.2121   | 0.9759 
2    | 24    | 0.7288   | 1.0693   | 0.7156 
3-5  | 68    | 0.5852   | 0.9838   | 0.7335 
6+   | 208   | 0.3870   | 0.4743   | 0.3080 

Epoch 68: loss = 1.241608 delta_mae_pts = 0.5703 recap_mae_pts = 0.5703 cat_mae_pts = 0.5993 total_mae_pts = 1.3042 vs_inertia_pts = 0.4014 vs_quad_pts = 1.5220 mon_cov = 0.949 mon_score = 6.2404 time = 8025.05 s

Epoch 69: Weights {"totalWeight":0.1,"recapWeight":0.05,"deltaWeight":9.75,"categoryWeight":0.05,"quantileWeight":0.2324,"consistencyWeight":0,"identityDropoutRate":1}, Scales {"judgeBias":1,"corps":0.58}, SeqLen 15, ID_Drop 1.000, WFW 1.500 

History Bucket Diagnostics (Avg Abs Error per sample, normalized units):
Hist | Count | MAE_Pred | MAE_Base | PredDevFromBase
-----|-------|----------|----------|----------------
0    | 71    | 0.9894   | 2.2794   | 2.1497 
1    | 31    | 0.6272   | 1.2121   | 0.9837 
2    | 24    | 0.6381   | 1.0693   | 0.9338 
3-5  | 68    | 0.5567   | 0.9838   | 0.8313 
6+   | 208   | 0.3930   | 0.4743   | 0.3367 

Epoch 69: loss = 1.166739 delta_mae_pts = 0.5587 recap_mae_pts = 0.5587 cat_mae_pts = 0.5727 total_mae_pts = 1.2314 vs_inertia_pts = 0.4130 vs_quad_pts = 1.5336 mon_cov = 0.948 mon_score = 6.1016 time = 8134.72 s

Epoch 70: Weights {"totalWeight":0.1,"recapWeight":0.05,"deltaWeight":9.75,"categoryWeight":0.05,"quantileWeight":0.23600000000000002,"consistencyWeight":0,"identityDropoutRate":1}, Scales {"judgeBias":1,"corps":0.6}, SeqLen 15, ID_Drop 1.000, WFW 1.500 

History Bucket Diagnostics (Avg Abs Error per sample, normalized units):
Hist | Count | MAE_Pred | MAE_Base | PredDevFromBase
-----|-------|----------|----------|----------------
0    | 71    | 0.9304   | 2.2794   | 2.0976 
1    | 31    | 0.6855   | 1.2121   | 1.1155 
2    | 24    | 0.6834   | 1.0693   | 0.8578 
3-5  | 68    | 0.6250   | 0.9838   | 0.7803 
6+   | 208   | 0.4021   | 0.4743   | 0.3448 

Epoch 70: loss = 1.142281 delta_mae_pts = 0.5718 recap_mae_pts = 0.5718 cat_mae_pts = 0.5886 total_mae_pts = 1.3041 vs_inertia_pts = 0.3999 vs_quad_pts = 1.5205 mon_cov = 0.944 mon_score = 6.2328 time = 8242.15 s

Epoch 71: Weights {"totalWeight":0.1,"recapWeight":0.05,"deltaWeight":9.75,"categoryWeight":0.05,"quantileWeight":0.2396,"consistencyWeight":0,"identityDropoutRate":1}, Scales {"judgeBias":1,"corps":0.62}, SeqLen 15, ID_Drop 1.000, WFW 1.500 

History Bucket Diagnostics (Avg Abs Error per sample, normalized units):
Hist | Count | MAE_Pred | MAE_Base | PredDevFromBase
-----|-------|----------|----------|----------------
0    | 71    | 0.9096   | 2.2794   | 1.9991 
1    | 31    | 0.6451   | 1.2121   | 1.0454 
2    | 24    | 0.7626   | 1.0693   | 0.8768 
3-5  | 68    | 0.6199   | 0.9838   | 0.9250 
6+   | 208   | 0.3929   | 0.4743   | 0.3578 

Epoch 71: loss = 1.200642 delta_mae_pts = 0.5641 recap_mae_pts = 0.5641 cat_mae_pts = 0.6012 total_mae_pts = 1.3228 vs_inertia_pts = 0.4077 vs_quad_pts = 1.5282 mon_cov = 0.941 mon_score = 6.1634 time = 8352.18 s

Epoch 72: Weights {"totalWeight":0.1,"recapWeight":0.05,"deltaWeight":9.75,"categoryWeight":0.05,"quantileWeight":0.24320000000000003,"consistencyWeight":0,"identityDropoutRate":1}, Scales {"judgeBias":1,"corps":0.64}, SeqLen 15, ID_Drop 1.000, WFW 1.500 

History Bucket Diagnostics (Avg Abs Error per sample, normalized units):
Hist | Count | MAE_Pred | MAE_Base | PredDevFromBase
-----|-------|----------|----------|----------------
0    | 71    | 1.1857   | 2.2794   | 2.1885 
1    | 31    | 0.6501   | 1.2121   | 1.1057 
2    | 24    | 0.7193   | 1.0693   | 0.9597 
3-5  | 68    | 0.5924   | 0.9838   | 0.8722 
6+   | 208   | 0.3964   | 0.4743   | 0.3576 

Epoch 72: loss = 1.195913 delta_mae_pts = 0.6078 recap_mae_pts = 0.6078 cat_mae_pts = 0.6476 total_mae_pts = 1.4686 vs_inertia_pts = 0.3639 vs_quad_pts = 1.4845 mon_cov = 0.928 mon_score = 6.6184 time = 8460.37 s

Epoch 73: Weights {"totalWeight":0.1,"recapWeight":0.05,"deltaWeight":9.75,"categoryWeight":0.05,"quantileWeight":0.24680000000000002,"consistencyWeight":0,"identityDropoutRate":1}, Scales {"judgeBias":1,"corps":0.66}, SeqLen 15, ID_Drop 1.000, WFW 1.500 

History Bucket Diagnostics (Avg Abs Error per sample, normalized units):
Hist | Count | MAE_Pred | MAE_Base | PredDevFromBase
-----|-------|----------|----------|----------------
0    | 71    | 0.9125   | 2.2794   | 2.0339 
1    | 31    | 0.6135   | 1.2121   | 1.0198 
2    | 24    | 0.7060   | 1.0693   | 0.9285 
3-5  | 68    | 0.5809   | 0.9838   | 0.9189 
6+   | 208   | 0.3953   | 0.4743   | 0.3812 

Epoch 73: loss = 1.231594 delta_mae_pts = 0.5534 recap_mae_pts = 0.5534 cat_mae_pts = 0.5707 total_mae_pts = 1.2192 vs_inertia_pts = 0.4183 vs_quad_pts = 1.5389 mon_cov = 0.950 mon_score = 6.0721 time = 8568.87 s

Epoch 74: Weights {"totalWeight":0.1,"recapWeight":0.05,"deltaWeight":9.75,"categoryWeight":0.05,"quantileWeight":0.2504,"consistencyWeight":0,"identityDropoutRate":1}, Scales {"judgeBias":1,"corps":0.68}, SeqLen 15, ID_Drop 1.000, WFW 1.500 

History Bucket Diagnostics (Avg Abs Error per sample, normalized units):
Hist | Count | MAE_Pred | MAE_Base | PredDevFromBase
-----|-------|----------|----------|----------------
0    | 71    | 0.9540   | 2.2794   | 2.1459 
1    | 31    | 0.5982   | 1.2121   | 1.1110 
2    | 24    | 0.7111   | 1.0693   | 0.9422 
3-5  | 68    | 0.5997   | 0.9838   | 0.8861 
6+   | 208   | 0.4067   | 0.4743   | 0.3734 

Epoch 74: loss = 1.130842 delta_mae_pts = 0.5690 recap_mae_pts = 0.5690 cat_mae_pts = 0.5746 total_mae_pts = 1.2675 vs_inertia_pts = 0.4028 vs_quad_pts = 1.5233 mon_cov = 0.947 mon_score = 6.2001 time = 8677.54 s

Epoch 75: Weights {"totalWeight":0.1,"recapWeight":0.05,"deltaWeight":9.75,"categoryWeight":0.05,"quantileWeight":0.254,"consistencyWeight":0,"identityDropoutRate":1}, Scales {"judgeBias":1,"corps":0.7}, SeqLen 15, ID_Drop 1.000, WFW 1.500 

History Bucket Diagnostics (Avg Abs Error per sample, normalized units):
Hist | Count | MAE_Pred | MAE_Base | PredDevFromBase
-----|-------|----------|----------|----------------
0    | 71    | 1.0310   | 2.2794   | 2.2042 
1    | 31    | 0.6730   | 1.2121   | 1.2075 
2    | 24    | 0.7798   | 1.0693   | 0.8980 
3-5  | 68    | 0.5717   | 0.9838   | 0.7748 
6+   | 208   | 0.3904   | 0.4743   | 0.3568 

Epoch 75: loss = 1.137104 delta_mae_pts = 0.5792 recap_mae_pts = 0.5792 cat_mae_pts = 0.5847 total_mae_pts = 1.2545 vs_inertia_pts = 0.3925 vs_quad_pts = 1.5130 mon_cov = 0.947 mon_score = 6.3374 time = 8784.78 s

Epoch 76: Weights {"totalWeight":0.1,"recapWeight":0.05,"deltaWeight":9.75,"categoryWeight":0.05,"quantileWeight":0.2576,"consistencyWeight":0,"identityDropoutRate":1}, Scales {"judgeBias":1,"corps":0.72}, SeqLen 15, ID_Drop 1.000, WFW 1.500 

History Bucket Diagnostics (Avg Abs Error per sample, normalized units):
Hist | Count | MAE_Pred | MAE_Base | PredDevFromBase
-----|-------|----------|----------|----------------
0    | 71    | 0.9421   | 2.2794   | 2.0879 
1    | 31    | 0.6388   | 1.2121   | 1.0320 
2    | 24    | 0.6815   | 1.0693   | 0.9215 
3-5  | 68    | 0.5988   | 0.9838   | 0.8192 
6+   | 208   | 0.3833   | 0.4743   | 0.3420 

Epoch 76: loss = 1.151496 delta_mae_pts = 0.5559 recap_mae_pts = 0.5559 cat_mae_pts = 0.5525 total_mae_pts = 1.1716 vs_inertia_pts = 0.4158 vs_quad_pts = 1.5363 mon_cov = 0.952 mon_score = 6.0739 time = 8896.35 s

Epoch 77: Weights {"totalWeight":0.1,"recapWeight":0.05,"deltaWeight":9.75,"categoryWeight":0.05,"quantileWeight":0.2612,"consistencyWeight":0,"identityDropoutRate":1}, Scales {"judgeBias":1,"corps":0.74}, SeqLen 15, ID_Drop 1.000, WFW 1.500 

History Bucket Diagnostics (Avg Abs Error per sample, normalized units):
Hist | Count | MAE_Pred | MAE_Base | PredDevFromBase
-----|-------|----------|----------|----------------
0    | 71    | 0.9525   | 2.2794   | 2.1094 
1    | 31    | 0.6123   | 1.2121   | 1.0840 
2    | 24    | 0.6752   | 1.0693   | 0.9332 
3-5  | 68    | 0.6242   | 0.9838   | 0.9210 
6+   | 208   | 0.3843   | 0.4743   | 0.3504 

Epoch 77: loss = 1.209229 delta_mae_pts = 0.5602 recap_mae_pts = 0.5602 cat_mae_pts = 0.5660 total_mae_pts = 1.1762 vs_inertia_pts = 0.4115 vs_quad_pts = 1.5321 mon_cov = 0.945 mon_score = 6.0916 time = 9004.00 s

Epoch 78: Weights {"totalWeight":0.1,"recapWeight":0.05,"deltaWeight":9.75,"categoryWeight":0.05,"quantileWeight":0.26480000000000004,"consistencyWeight":0,"identityDropoutRate":1}, Scales {"judgeBias":1,"corps":0.76}, SeqLen 15, ID_Drop 1.000, WFW 1.500 

History Bucket Diagnostics (Avg Abs Error per sample, normalized units):
Hist | Count | MAE_Pred | MAE_Base | PredDevFromBase
-----|-------|----------|----------|----------------
0    | 71    | 0.9284   | 2.2794   | 1.9838 
1    | 31    | 0.6401   | 1.2121   | 1.1001 
2    | 24    | 0.6510   | 1.0693   | 0.9375 
3-5  | 68    | 0.6047   | 0.9838   | 0.8997 
6+   | 208   | 0.3762   | 0.4743   | 0.3490 

Epoch 78: loss = 1.209996 delta_mae_pts = 0.5492 recap_mae_pts = 0.5492 cat_mae_pts = 0.5520 total_mae_pts = 1.2019 vs_inertia_pts = 0.4226 vs_quad_pts = 1.5431 mon_cov = 0.950 mon_score = 6.0844 time = 9115.22 s

Epoch 79: Weights {"totalWeight":0.1,"recapWeight":0.05,"deltaWeight":9.75,"categoryWeight":0.05,"quantileWeight":0.2684,"consistencyWeight":0,"identityDropoutRate":1}, Scales {"judgeBias":1,"corps":0.78}, SeqLen 15, ID_Drop 1.000, WFW 1.500 

History Bucket Diagnostics (Avg Abs Error per sample, normalized units):
Hist | Count | MAE_Pred | MAE_Base | PredDevFromBase
-----|-------|----------|----------|----------------
0    | 71    | 0.9972   | 2.2794   | 2.2799 
1    | 31    | 0.6948   | 1.2121   | 1.1907 
2    | 24    | 0.6183   | 1.0693   | 0.8749 
3-5  | 68    | 0.6002   | 0.9838   | 0.8899 
6+   | 208   | 0.3877   | 0.4743   | 0.3566 

Epoch 79: loss = 1.130154 delta_mae_pts = 0.5687 recap_mae_pts = 0.5687 cat_mae_pts = 0.5980 total_mae_pts = 1.3024 vs_inertia_pts = 0.4030 vs_quad_pts = 1.5236 mon_cov = 0.944 mon_score = 6.2248 time = 9224.69 s

--- NO IMPROVEMENT FOR 18 EPOCHS: Reducing LR to 0.000188 ---

Epoch 80: Weights {"totalWeight":0.1,"recapWeight":0.05,"deltaWeight":9.75,"categoryWeight":0.05,"quantileWeight":0.272,"consistencyWeight":0,"identityDropoutRate":1}, Scales {"judgeBias":1,"corps":0.8}, SeqLen 15, ID_Drop 1.000, WFW 1.500 

History Bucket Diagnostics (Avg Abs Error per sample, normalized units):
Hist | Count | MAE_Pred | MAE_Base | PredDevFromBase
-----|-------|----------|----------|----------------
0    | 71    | 0.9476   | 2.2794   | 2.0785 
1    | 31    | 0.6309   | 1.2121   | 1.0444 
2    | 24    | 0.6418   | 1.0693   | 0.8917 
3-5  | 68    | 0.5798   | 0.9838   | 0.8696 
6+   | 208   | 0.3759   | 0.4743   | 0.3471 

Epoch 80: loss = 1.165324 delta_mae_pts = 0.5469 recap_mae_pts = 0.5469 cat_mae_pts = 0.5268 total_mae_pts = 1.0684 vs_inertia_pts = 0.4248 vs_quad_pts = 1.5454 mon_cov = 0.953 mon_score = 5.9730 time = 9333.30 s

Epoch 81: Weights {"totalWeight":0.1,"recapWeight":0.05,"deltaWeight":9.75,"categoryWeight":0.05,"quantileWeight":0.2756,"consistencyWeight":0,"identityDropoutRate":1}, Scales {"judgeBias":1,"corps":0.82}, SeqLen 15, ID_Drop 1.000, WFW 1.500 

History Bucket Diagnostics (Avg Abs Error per sample, normalized units):
Hist | Count | MAE_Pred | MAE_Base | PredDevFromBase
-----|-------|----------|----------|----------------
0    | 71    | 0.9774   | 2.2794   | 2.1273 
1    | 31    | 0.6325   | 1.2121   | 1.0294 
2    | 24    | 0.6407   | 1.0693   | 0.9979 
3-5  | 68    | 0.6016   | 0.9838   | 0.9053 
6+   | 208   | 0.3815   | 0.4743   | 0.3534 

Epoch 81: loss = 1.161114 delta_mae_pts = 0.5588 recap_mae_pts = 0.5588 cat_mae_pts = 0.5743 total_mae_pts = 1.1955 vs_inertia_pts = 0.4129 vs_quad_pts = 1.5335 mon_cov = 0.950 mon_score = 6.0852 time = 9443.19 s

Epoch 82: Weights {"totalWeight":0.1,"recapWeight":0.05,"deltaWeight":9.75,"categoryWeight":0.05,"quantileWeight":0.2792,"consistencyWeight":0,"identityDropoutRate":1}, Scales {"judgeBias":1,"corps":0.84}, SeqLen 15, ID_Drop 1.000, WFW 1.500 

History Bucket Diagnostics (Avg Abs Error per sample, normalized units):
Hist | Count | MAE_Pred | MAE_Base | PredDevFromBase
-----|-------|----------|----------|----------------
0    | 71    | 1.0657   | 2.2794   | 2.1978 
1    | 31    | 0.7035   | 1.2121   | 1.1914 
2    | 24    | 0.6706   | 1.0693   | 0.8726 
3-5  | 68    | 0.5484   | 0.9838   | 0.8309 
6+   | 208   | 0.3805   | 0.4743   | 0.3594 

Epoch 82: loss = 1.156411 delta_mae_pts = 0.5721 recap_mae_pts = 0.5721 cat_mae_pts = 0.5736 total_mae_pts = 1.2296 vs_inertia_pts = 0.3996 vs_quad_pts = 1.5201 mon_cov = 0.947 mon_score = 6.2547 time = 9551.10 s

Epoch 83: Weights {"totalWeight":0.1,"recapWeight":0.05,"deltaWeight":9.75,"categoryWeight":0.05,"quantileWeight":0.2828,"consistencyWeight":0,"identityDropoutRate":1}, Scales {"judgeBias":1,"corps":0.86}, SeqLen 15, ID_Drop 1.000, WFW 1.500 

History Bucket Diagnostics (Avg Abs Error per sample, normalized units):
Hist | Count | MAE_Pred | MAE_Base | PredDevFromBase
-----|-------|----------|----------|----------------
0    | 71    | 0.9596   | 2.2794   | 2.0731 
1    | 31    | 0.6919   | 1.2121   | 1.1718 
2    | 24    | 0.6637   | 1.0693   | 0.8643 
3-5  | 68    | 0.5802   | 0.9838   | 0.8504 
6+   | 208   | 0.3860   | 0.4743   | 0.3127 

Epoch 83: loss = 1.143780 delta_mae_pts = 0.5603 recap_mae_pts = 0.5603 cat_mae_pts = 0.5723 total_mae_pts = 1.2216 vs_inertia_pts = 0.4114 vs_quad_pts = 1.5319 mon_cov = 0.954 mon_score = 6.1176 time = 9663.34 s

Epoch 84: Weights {"totalWeight":0.1,"recapWeight":0.05,"deltaWeight":9.75,"categoryWeight":0.05,"quantileWeight":0.2864,"consistencyWeight":0,"identityDropoutRate":1}, Scales {"judgeBias":1,"corps":0.88}, SeqLen 15, ID_Drop 1.000, WFW 1.500 

History Bucket Diagnostics (Avg Abs Error per sample, normalized units):
Hist | Count | MAE_Pred | MAE_Base | PredDevFromBase
-----|-------|----------|----------|----------------
0    | 71    | 0.9442   | 2.2794   | 2.1497 
1    | 31    | 0.6846   | 1.2121   | 1.0739 
2    | 24    | 0.6474   | 1.0693   | 0.8480 
3-5  | 68    | 0.6513   | 0.9838   | 0.8534 
6+   | 208   | 0.3896   | 0.4743   | 0.3269 

Epoch 84: loss = 1.224322 delta_mae_pts = 0.5700 recap_mae_pts = 0.5700 cat_mae_pts = 0.5781 total_mae_pts = 1.2530 vs_inertia_pts = 0.4017 vs_quad_pts = 1.5223 mon_cov = 0.947 mon_score = 6.2533 time = 9771.95 s

Epoch 85: Weights {"totalWeight":0.1,"recapWeight":0.05,"deltaWeight":9.75,"categoryWeight":0.05,"quantileWeight":0.29000000000000004,"consistencyWeight":0,"identityDropoutRate":1}, Scales {"judgeBias":1,"corps":0.9}, SeqLen 15, ID_Drop 1.000, WFW 1.500 

History Bucket Diagnostics (Avg Abs Error per sample, normalized units):
Hist | Count | MAE_Pred | MAE_Base | PredDevFromBase
-----|-------|----------|----------|----------------
0    | 71    | 0.9761   | 2.2794   | 2.2416 
1    | 31    | 0.7080   | 1.2121   | 1.2647 
2    | 24    | 0.6709   | 1.0693   | 0.8368 
3-5  | 68    | 0.5830   | 0.9838   | 0.8059 
6+   | 208   | 0.3763   | 0.4743   | 0.3442 

Epoch 85: loss = 1.124819 delta_mae_pts = 0.5604 recap_mae_pts = 0.5604 cat_mae_pts = 0.5567 total_mae_pts = 1.2250 vs_inertia_pts = 0.4113 vs_quad_pts = 1.5319 mon_cov = 0.944 mon_score = 6.0789 time = 9881.47 s

Epoch 86: Weights {"totalWeight":0.1,"recapWeight":0.05,"deltaWeight":9.75,"categoryWeight":0.05,"quantileWeight":0.2936,"consistencyWeight":0,"identityDropoutRate":1}, Scales {"judgeBias":1,"corps":0.92}, SeqLen 15, ID_Drop 1.000, WFW 1.500 

History Bucket Diagnostics (Avg Abs Error per sample, normalized units):
Hist | Count | MAE_Pred | MAE_Base | PredDevFromBase
-----|-------|----------|----------|----------------
0    | 71    | 1.0593   | 2.2794   | 2.2952 
1    | 31    | 0.6132   | 1.2121   | 1.0439 
2    | 24    | 0.7078   | 1.0693   | 0.8966 
3-5  | 68    | 0.5547   | 0.9838   | 0.8853 
6+   | 208   | 0.3822   | 0.4743   | 0.3587 

Epoch 86: loss = 1.098452 delta_mae_pts = 0.5682 recap_mae_pts = 0.5682 cat_mae_pts = 0.5735 total_mae_pts = 1.2604 vs_inertia_pts = 0.4035 vs_quad_pts = 1.5241 mon_cov = 0.945 mon_score = 6.1714 time = 9992.57 s

Epoch 87: Weights {"totalWeight":0.1,"recapWeight":0.05,"deltaWeight":9.75,"categoryWeight":0.05,"quantileWeight":0.2972,"consistencyWeight":0,"identityDropoutRate":1}, Scales {"judgeBias":1,"corps":0.94}, SeqLen 15, ID_Drop 1.000, WFW 1.500 

History Bucket Diagnostics (Avg Abs Error per sample, normalized units):
Hist | Count | MAE_Pred | MAE_Base | PredDevFromBase
-----|-------|----------|----------|----------------
0    | 71    | 1.0059   | 2.2794   | 2.2252 
1    | 31    | 0.6723   | 1.2121   | 0.9881 
2    | 24    | 0.6254   | 1.0693   | 0.8175 
3-5  | 68    | 0.5421   | 0.9838   | 0.8210 
6+   | 208   | 0.3850   | 0.4743   | 0.3287 

Epoch 87: loss = 1.081986 delta_mae_pts = 0.5577 recap_mae_pts = 0.5577 cat_mae_pts = 0.5778 total_mae_pts = 1.2595 vs_inertia_pts = 0.4140 vs_quad_pts = 1.5345 mon_cov = 0.951 mon_score = 6.0866 time = 10101.49 s

Epoch 88: Weights {"totalWeight":0.1,"recapWeight":0.05,"deltaWeight":9.75,"categoryWeight":0.05,"quantileWeight":0.3008,"consistencyWeight":0,"identityDropoutRate":1}, Scales {"judgeBias":1,"corps":0.96}, SeqLen 15, ID_Drop 1.000, WFW 1.500 

History Bucket Diagnostics (Avg Abs Error per sample, normalized units):
Hist | Count | MAE_Pred | MAE_Base | PredDevFromBase
-----|-------|----------|----------|----------------
0    | 71    | 1.0071   | 2.2794   | 2.1167 
1    | 31    | 0.6696   | 1.2121   | 1.0318 
2    | 24    | 0.6645   | 1.0693   | 0.8026 
3-5  | 68    | 0.5687   | 0.9838   | 0.8036 
6+   | 208   | 0.3786   | 0.4743   | 0.3198 

Epoch 88: loss = 1.069848 delta_mae_pts = 0.5613 recap_mae_pts = 0.5613 cat_mae_pts = 0.5819 total_mae_pts = 1.2662 vs_inertia_pts = 0.4104 vs_quad_pts = 1.5310 mon_cov = 0.950 mon_score = 6.1241 time = 10211.67 s

Epoch 89: Weights {"totalWeight":0.1,"recapWeight":0.05,"deltaWeight":9.75,"categoryWeight":0.05,"quantileWeight":0.3044,"consistencyWeight":0,"identityDropoutRate":1}, Scales {"judgeBias":1,"corps":0.98}, SeqLen 15, ID_Drop 1.000, WFW 1.500 

History Bucket Diagnostics (Avg Abs Error per sample, normalized units):
Hist | Count | MAE_Pred | MAE_Base | PredDevFromBase
-----|-------|----------|----------|----------------
0    | 71    | 1.0132   | 2.2794   | 2.2412 
1    | 31    | 0.6412   | 1.2121   | 1.0989 
2    | 24    | 0.6179   | 1.0693   | 0.8518 
3-5  | 68    | 0.6273   | 0.9838   | 0.8036 
6+   | 208   | 0.3927   | 0.4743   | 0.3293 

Epoch 89: loss = 1.095532 delta_mae_pts = 0.5746 recap_mae_pts = 0.5746 cat_mae_pts = 0.6033 total_mae_pts = 1.3860 vs_inertia_pts = 0.3971 vs_quad_pts = 1.5177 mon_cov = 0.951 mon_score = 6.3172 time = 10320.04 s

Epoch 90: Weights {"totalWeight":0.1,"recapWeight":0.05,"deltaWeight":9.75,"categoryWeight":0.05,"quantileWeight":0.308,"consistencyWeight":0,"identityDropoutRate":1}, Scales {"judgeBias":1,"corps":1}, SeqLen 15, ID_Drop 1.000, WFW 1.500 

History Bucket Diagnostics (Avg Abs Error per sample, normalized units):
Hist | Count | MAE_Pred | MAE_Base | PredDevFromBase
-----|-------|----------|----------|----------------
0    | 71    | 0.9724   | 2.2794   | 2.1094 
1    | 31    | 0.6391   | 1.2121   | 1.1363 
2    | 24    | 0.7012   | 1.0693   | 0.7769 
3-5  | 68    | 0.5930   | 0.9838   | 0.8308 
6+   | 208   | 0.3706   | 0.4743   | 0.3421 

Epoch 90: loss = 1.138891 delta_mae_pts = 0.5550 recap_mae_pts = 0.5550 cat_mae_pts = 0.5779 total_mae_pts = 1.2481 vs_inertia_pts = 0.4168 vs_quad_pts = 1.5373 mon_cov = 0.955 mon_score = 6.1018 time = 10522.99 s

Epoch 91: Weights {"totalWeight":0.1,"recapWeight":0.05,"deltaWeight":9.75,"categoryWeight":0.05,"quantileWeight":0.3116,"consistencyWeight":0,"identityDropoutRate":1}, Scales {"judgeBias":1,"corps":1}, SeqLen 15, ID_Drop 1.000, WFW 1.500 

History Bucket Diagnostics (Avg Abs Error per sample, normalized units):
Hist | Count | MAE_Pred | MAE_Base | PredDevFromBase
-----|-------|----------|----------|----------------
0    | 71    | 0.9788   | 2.2794   | 2.1513 
1    | 31    | 0.6244   | 1.2121   | 1.1654 
2    | 24    | 0.6576   | 1.0693   | 0.8886 
3-5  | 68    | 0.5469   | 0.9838   | 0.8628 
6+   | 208   | 0.3798   | 0.4743   | 0.3478 

Epoch 91: loss = 1.095940 delta_mae_pts = 0.5493 recap_mae_pts = 0.5493 cat_mae_pts = 0.5533 total_mae_pts = 1.1406 vs_inertia_pts = 0.4224 vs_quad_pts = 1.5430 mon_cov = 0.949 mon_score = 6.0019 time = 10598.62 s

Epoch 92: Weights {"totalWeight":0.1,"recapWeight":0.05,"deltaWeight":9.75,"categoryWeight":0.05,"quantileWeight":0.31520000000000004,"consistencyWeight":0,"identityDropoutRate":1}, Scales {"judgeBias":1,"corps":1}, SeqLen 15, ID_Drop 1.000, WFW 1.500 

History Bucket Diagnostics (Avg Abs Error per sample, normalized units):
Hist | Count | MAE_Pred | MAE_Base | PredDevFromBase
-----|-------|----------|----------|----------------
0    | 71    | 1.0566   | 2.2794   | 1.9352 
1    | 31    | 0.5962   | 1.2121   | 1.0955 
2    | 24    | 0.7311   | 1.0693   | 0.9874 
3-5  | 68    | 0.5470   | 0.9838   | 0.8638 
6+   | 208   | 0.4034   | 0.4743   | 0.3801 

Epoch 92: loss = 1.156959 delta_mae_pts = 0.5775 recap_mae_pts = 0.5775 cat_mae_pts = 0.6058 total_mae_pts = 1.3224 vs_inertia_pts = 0.3942 vs_quad_pts = 1.5148 mon_cov = 0.947 mon_score = 6.2956 time = 10708.55 s

Epoch 93: Weights {"totalWeight":0.1,"recapWeight":0.05,"deltaWeight":9.75,"categoryWeight":0.05,"quantileWeight":0.31880000000000003,"consistencyWeight":0,"identityDropoutRate":1}, Scales {"judgeBias":1,"corps":1}, SeqLen 15, ID_Drop 1.000, WFW 1.500 

History Bucket Diagnostics (Avg Abs Error per sample, normalized units):
Hist | Count | MAE_Pred | MAE_Base | PredDevFromBase
-----|-------|----------|----------|----------------
0    | 71    | 0.9338   | 2.2794   | 2.0944 
1    | 31    | 0.5581   | 1.2121   | 1.1456 
2    | 24    | 0.6894   | 1.0693   | 0.8879 
3-5  | 68    | 0.5466   | 0.9838   | 0.8382 
6+   | 208   | 0.3750   | 0.4743   | 0.3600 

Epoch 93: loss = 1.180165 delta_mae_pts = 0.5356 recap_mae_pts = 0.5356 cat_mae_pts = 0.5404 total_mae_pts = 1.1743 vs_inertia_pts = 0.4361 vs_quad_pts = 1.5567 mon_cov = 0.954 mon_score = 5.8959 time = 10816.07 s

Epoch 94: Weights {"totalWeight":0.1,"recapWeight":0.05,"deltaWeight":9.75,"categoryWeight":0.05,"quantileWeight":0.3224,"consistencyWeight":0,"identityDropoutRate":1}, Scales {"judgeBias":1,"corps":1}, SeqLen 15, ID_Drop 1.000, WFW 1.500 

History Bucket Diagnostics (Avg Abs Error per sample, normalized units):
Hist | Count | MAE_Pred | MAE_Base | PredDevFromBase
-----|-------|----------|----------|----------------
0    | 71    | 0.9145   | 2.2794   | 2.1440 
1    | 31    | 0.5954   | 1.2121   | 1.1478 
2    | 24    | 0.6453   | 1.0693   | 0.9509 
3-5  | 68    | 0.5896   | 0.9838   | 0.8426 
6+   | 208   | 0.3971   | 0.4743   | 0.3291 

Epoch 94: loss = 1.192601 delta_mae_pts = 0.5512 recap_mae_pts = 0.5512 cat_mae_pts = 0.5681 total_mae_pts = 1.1788 vs_inertia_pts = 0.4205 vs_quad_pts = 1.5411 mon_cov = 0.959 mon_score = 6.0747 time = 10925.85 s

Epoch 95: Weights {"totalWeight":0.1,"recapWeight":0.05,"deltaWeight":9.75,"categoryWeight":0.05,"quantileWeight":0.32600000000000007,"consistencyWeight":0,"identityDropoutRate":1}, Scales {"judgeBias":1,"corps":1}, SeqLen 15, ID_Drop 1.000, WFW 1.500 

History Bucket Diagnostics (Avg Abs Error per sample, normalized units):
Hist | Count | MAE_Pred | MAE_Base | PredDevFromBase
-----|-------|----------|----------|----------------
0    | 71    | 0.8925   | 2.2794   | 2.1384 
1    | 31    | 0.6746   | 1.2121   | 1.2618 
2    | 24    | 0.6893   | 1.0693   | 0.9849 
3-5  | 68    | 0.5640   | 0.9838   | 0.8301 
6+   | 208   | 0.3840   | 0.4743   | 0.3480 

Epoch 95: loss = 1.154207 delta_mae_pts = 0.5449 recap_mae_pts = 0.5449 cat_mae_pts = 0.5614 total_mae_pts = 1.1843 vs_inertia_pts = 0.4268 vs_quad_pts = 1.5474 mon_cov = 0.954 mon_score = 5.9741 time = 11035.92 s

Epoch 96: Weights {"totalWeight":0.1,"recapWeight":0.05,"deltaWeight":9.75,"categoryWeight":0.05,"quantileWeight":0.3296,"consistencyWeight":0,"identityDropoutRate":1}, Scales {"judgeBias":1,"corps":1}, SeqLen 15, ID_Drop 1.000, WFW 1.500 

History Bucket Diagnostics (Avg Abs Error per sample, normalized units):
Hist | Count | MAE_Pred | MAE_Base | PredDevFromBase
-----|-------|----------|----------|----------------
0    | 71    | 0.9605   | 2.2794   | 2.2398 
1    | 31    | 0.7007   | 1.2121   | 1.2804 
2    | 24    | 0.6744   | 1.0693   | 1.0605 
3-5  | 68    | 0.5121   | 0.9838   | 0.9451 
6+   | 208   | 0.3911   | 0.4743   | 0.3959 

Epoch 96: loss = 1.179277 delta_mae_pts = 0.5529 recap_mae_pts = 0.5529 cat_mae_pts = 0.5814 total_mae_pts = 1.2459 vs_inertia_pts = 0.4188 vs_quad_pts = 1.5393 mon_cov = 0.955 mon_score = 6.0547 time = 11144.39 s

Epoch 97: Weights {"totalWeight":0.1,"recapWeight":0.05,"deltaWeight":9.75,"categoryWeight":0.05,"quantileWeight":0.3332,"consistencyWeight":0,"identityDropoutRate":1}, Scales {"judgeBias":1,"corps":1}, SeqLen 15, ID_Drop 1.000, WFW 1.500 

History Bucket Diagnostics (Avg Abs Error per sample, normalized units):
Hist | Count | MAE_Pred | MAE_Base | PredDevFromBase
-----|-------|----------|----------|----------------
0    | 71    | 0.9338   | 2.2794   | 2.1470 
1    | 31    | 0.5982   | 1.2121   | 1.1608 
2    | 24    | 0.6286   | 1.0693   | 0.8746 
3-5  | 68    | 0.5196   | 0.9838   | 0.7968 
6+   | 208   | 0.3768   | 0.4743   | 0.3414 

Epoch 97: loss = 1.170206 delta_mae_pts = 0.5314 recap_mae_pts = 0.5314 cat_mae_pts = 0.5404 total_mae_pts = 1.1342 vs_inertia_pts = 0.4403 vs_quad_pts = 1.5608 mon_cov = 0.956 mon_score = 5.8140 time = 11256.54 s

--- NO IMPROVEMENT FOR 18 EPOCHS: Reducing LR to 0.000094 ---

Epoch 98: Weights {"totalWeight":0.1,"recapWeight":0.05,"deltaWeight":9.75,"categoryWeight":0.05,"quantileWeight":0.3368,"consistencyWeight":0,"identityDropoutRate":1}, Scales {"judgeBias":1,"corps":1}, SeqLen 15, ID_Drop 1.000, WFW 1.500 

History Bucket Diagnostics (Avg Abs Error per sample, normalized units):
Hist | Count | MAE_Pred | MAE_Base | PredDevFromBase
-----|-------|----------|----------|----------------
0    | 71    | 1.0206   | 2.2794   | 2.2009 
1    | 31    | 0.5545   | 1.2121   | 1.0683 
2    | 24    | 0.7240   | 1.0693   | 0.9187 
3-5  | 68    | 0.5506   | 0.9838   | 0.8645 
6+   | 208   | 0.3805   | 0.4743   | 0.3705 

Epoch 98: loss = 1.121237 delta_mae_pts = 0.5563 recap_mae_pts = 0.5563 cat_mae_pts = 0.5869 total_mae_pts = 1.2014 vs_inertia_pts = 0.4155 vs_quad_pts = 1.5360 mon_cov = 0.950 mon_score = 6.0761 time = 11365.00 s

Epoch 99: Weights {"totalWeight":0.1,"recapWeight":0.05,"deltaWeight":9.75,"categoryWeight":0.05,"quantileWeight":0.34040000000000004,"consistencyWeight":0,"identityDropoutRate":1}, Scales {"judgeBias":1,"corps":1}, SeqLen 15, ID_Drop 1.000, WFW 1.500 

History Bucket Diagnostics (Avg Abs Error per sample, normalized units):
Hist | Count | MAE_Pred | MAE_Base | PredDevFromBase
-----|-------|----------|----------|----------------
0    | 71    | 0.9032   | 2.2794   | 2.1766 
1    | 31    | 0.5715   | 1.2121   | 1.1037 
2    | 24    | 0.7089   | 1.0693   | 0.9016 
3-5  | 68    | 0.5453   | 0.9838   | 0.8511 
6+   | 208   | 0.3769   | 0.4743   | 0.3433 

Epoch 99: loss = 1.132719 delta_mae_pts = 0.5332 recap_mae_pts = 0.5332 cat_mae_pts = 0.5583 total_mae_pts = 1.1704 vs_inertia_pts = 0.4385 vs_quad_pts = 1.5591 mon_cov = 0.956 mon_score = 5.8598 time = 11475.99 s

Epoch 100: Weights {"totalWeight":0.1,"recapWeight":0.05,"deltaWeight":9.75,"categoryWeight":0.05,"quantileWeight":0.34400000000000003,"consistencyWeight":0,"identityDropoutRate":1}, Scales {"judgeBias":1,"corps":1}, SeqLen 15, ID_Drop 1.000, WFW 1.500 

History Bucket Diagnostics (Avg Abs Error per sample, normalized units):
Hist | Count | MAE_Pred | MAE_Base | PredDevFromBase
-----|-------|----------|----------|----------------
0    | 71    | 0.9506   | 2.2794   | 2.0902 
1    | 31    | 0.5472   | 1.2121   | 1.0275 
2    | 24    | 0.6545   | 1.0693   | 0.8083 
3-5  | 68    | 0.5389   | 0.9838   | 0.8363 
6+   | 208   | 0.3748   | 0.4743   | 0.3260 

Epoch 100: loss = 1.150337 delta_mae_pts = 0.5342 recap_mae_pts = 0.5342 cat_mae_pts = 0.5422 total_mae_pts = 1.1568 vs_inertia_pts = 0.4375 vs_quad_pts = 1.5581 mon_cov = 0.955 mon_score = 5.8450 time = 11585.99 s

-- - CAPTION STATS(Epoch 100)-- - 
GE1: delta_pts = 0.3536, recap_pts = 0.3536, cov = 0.943, width = 1.9959 
GE2: delta_pts = 0.3871, recap_pts = 0.3871, cov = 0.955, width = 2.0164 
VP: delta_pts = 0.5062, recap_pts = 0.5062, cov = 0.968, width = 3.6850 
VA: delta_pts = 0.4067, recap_pts = 0.4067, cov = 0.930, width = 2.1147 
CG: delta_pts = 0.5869, recap_pts = 0.5869, cov = 0.968, width = 3.8760 
MB: delta_pts = 0.7571, recap_pts = 0.7571, cov = 0.970, width = 5.5646 
MA: delta_pts = 0.3899, recap_pts = 0.3899, cov = 0.948, width = 2.1345 
MP: delta_pts = 0.8861, recap_pts = 0.8861, cov = 0.960, width = 6.0828 
----------------------------------


Epoch 101: Weights {"totalWeight":0.1,"recapWeight":0.05,"deltaWeight":9.75,"categoryWeight":0.05,"quantileWeight":0.3476,"consistencyWeight":0,"identityDropoutRate":0.99525}, Scales {"judgeBias":1,"corps":1}, SeqLen 15, ID_Drop 0.997, WFW 1.500 

History Bucket Diagnostics (Avg Abs Error per sample, normalized units):
Hist | Count | MAE_Pred | MAE_Base | PredDevFromBase
-----|-------|----------|----------|----------------
0    | 71    | 0.9553   | 2.2794   | 2.2107 
1    | 31    | 0.6438   | 1.2121   | 0.9331 
2    | 24    | 0.6276   | 1.0693   | 0.8450 
3-5  | 68    | 0.5586   | 0.9838   | 0.8296 
6+   | 208   | 0.3865   | 0.4743   | 0.3403 

Epoch 101: loss = 1.052382 delta_mae_pts = 0.5503 recap_mae_pts = 0.5503 cat_mae_pts = 0.5668 total_mae_pts = 1.2304 vs_inertia_pts = 0.4214 vs_quad_pts = 1.5420 mon_cov = 0.950 mon_score = 6.0524 time = 11696.34 s

Epoch 102: Weights {"totalWeight":0.1,"recapWeight":0.05,"deltaWeight":9.75,"categoryWeight":0.05,"quantileWeight":0.3512,"consistencyWeight":0,"identityDropoutRate":0.9905}, Scales {"judgeBias":1,"corps":1}, SeqLen 15, ID_Drop 0.990, WFW 1.500 

History Bucket Diagnostics (Avg Abs Error per sample, normalized units):
Hist | Count | MAE_Pred | MAE_Base | PredDevFromBase
-----|-------|----------|----------|----------------
0    | 71    | 0.9588   | 2.2794   | 2.1165 
1    | 31    | 0.6030   | 1.2121   | 1.0737 
2    | 24    | 0.6285   | 1.0693   | 0.8339 
3-5  | 68    | 0.5160   | 0.9838   | 0.8339 
6+   | 208   | 0.3760   | 0.4743   | 0.3546 

Epoch 102: loss = 1.044566 delta_mae_pts = 0.5352 recap_mae_pts = 0.5352 cat_mae_pts = 0.5519 total_mae_pts = 1.1738 vs_inertia_pts = 0.4365 vs_quad_pts = 1.5571 mon_cov = 0.957 mon_score = 5.8632 time = 11806.84 s

Epoch 103: Weights {"totalWeight":0.1,"recapWeight":0.05,"deltaWeight":9.75,"categoryWeight":0.05,"quantileWeight":0.3548,"consistencyWeight":0,"identityDropoutRate":0.98575}, Scales {"judgeBias":1,"corps":1}, SeqLen 15, ID_Drop 0.982, WFW 1.500 

History Bucket Diagnostics (Avg Abs Error per sample, normalized units):
Hist | Count | MAE_Pred | MAE_Base | PredDevFromBase
-----|-------|----------|----------|----------------
0    | 71    | 0.9097   | 2.2794   | 2.1720 
1    | 31    | 0.6250   | 1.2121   | 1.1656 
2    | 24    | 0.5838   | 1.0693   | 0.9693 
3-5  | 68    | 0.5607   | 0.9838   | 0.9552 
6+   | 208   | 0.3849   | 0.4743   | 0.3651 

Epoch 103: loss = 1.109981 delta_mae_pts = 0.5377 recap_mae_pts = 0.5377 cat_mae_pts = 0.5687 total_mae_pts = 1.2043 vs_inertia_pts = 0.4340 vs_quad_pts = 1.5546 mon_cov = 0.956 mon_score = 5.9093 time = 11914.75 s

Epoch 104: Weights {"totalWeight":0.1,"recapWeight":0.05,"deltaWeight":9.75,"categoryWeight":0.05,"quantileWeight":0.3584,"consistencyWeight":0,"identityDropoutRate":0.981}, Scales {"judgeBias":1,"corps":1}, SeqLen 15, ID_Drop 0.982, WFW 1.500 

History Bucket Diagnostics (Avg Abs Error per sample, normalized units):
Hist | Count | MAE_Pred | MAE_Base | PredDevFromBase
-----|-------|----------|----------|----------------
0    | 71    | 0.9445   | 2.2794   | 2.0612 
1    | 31    | 0.5881   | 1.2121   | 1.1845 
2    | 24    | 0.6591   | 1.0693   | 1.0174 
3-5  | 68    | 0.5337   | 0.9838   | 0.8374 
6+   | 208   | 0.3813   | 0.4743   | 0.3805 

Epoch 104: loss = 1.118560 delta_mae_pts = 0.5391 recap_mae_pts = 0.5391 cat_mae_pts = 0.5725 total_mae_pts = 1.2461 vs_inertia_pts = 0.4326 vs_quad_pts = 1.5532 mon_cov = 0.956 mon_score = 5.9125 time = 12025.97 s

Epoch 105: Weights {"totalWeight":0.1,"recapWeight":0.05,"deltaWeight":9.75,"categoryWeight":0.05,"quantileWeight":0.362,"consistencyWeight":0,"identityDropoutRate":0.97625}, Scales {"judgeBias":1,"corps":1}, SeqLen 15, ID_Drop 0.975, WFW 1.500 

History Bucket Diagnostics (Avg Abs Error per sample, normalized units):
Hist | Count | MAE_Pred | MAE_Base | PredDevFromBase
-----|-------|----------|----------|----------------
0    | 71    | 0.9308   | 2.2794   | 2.0148 
1    | 31    | 0.6361   | 1.2121   | 1.0252 
2    | 24    | 0.6039   | 1.0693   | 0.9652 
3-5  | 68    | 0.5314   | 0.9838   | 0.8612 
6+   | 208   | 0.3755   | 0.4743   | 0.3423 

Epoch 105: loss = 1.109481 delta_mae_pts = 0.5337 recap_mae_pts = 0.5337 cat_mae_pts = 0.5503 total_mae_pts = 1.1856 vs_inertia_pts = 0.4380 vs_quad_pts = 1.5586 mon_cov = 0.951 mon_score = 5.8522 time = 12134.20 s

Epoch 106: Weights {"totalWeight":0.1,"recapWeight":0.05,"deltaWeight":9.75,"categoryWeight":0.05,"quantileWeight":0.36560000000000004,"consistencyWeight":0,"identityDropoutRate":0.9715}, Scales {"judgeBias":1,"corps":1}, SeqLen 15, ID_Drop 0.970, WFW 1.500 

History Bucket Diagnostics (Avg Abs Error per sample, normalized units):
Hist | Count | MAE_Pred | MAE_Base | PredDevFromBase
-----|-------|----------|----------|----------------
0    | 71    | 0.9615   | 2.2794   | 2.2746 
1    | 31    | 0.5658   | 1.2121   | 1.0852 
2    | 24    | 0.6395   | 1.0693   | 0.9343 
3-5  | 68    | 0.5170   | 0.9838   | 0.8784 
6+   | 208   | 0.3702   | 0.4743   | 0.3703 

Epoch 106: loss = 1.108211 delta_mae_pts = 0.5306 recap_mae_pts = 0.5306 cat_mae_pts = 0.5581 total_mae_pts = 1.1774 vs_inertia_pts = 0.4411 vs_quad_pts = 1.5616 mon_cov = 0.953 mon_score = 5.7920 time = 12243.90 s

Epoch 107: Weights {"totalWeight":0.1,"recapWeight":0.05,"deltaWeight":9.75,"categoryWeight":0.05,"quantileWeight":0.36920000000000003,"consistencyWeight":0,"identityDropoutRate":0.96675}, Scales {"judgeBias":1,"corps":1}, SeqLen 15, ID_Drop 0.970, WFW 1.500 

History Bucket Diagnostics (Avg Abs Error per sample, normalized units):
Hist | Count | MAE_Pred | MAE_Base | PredDevFromBase
-----|-------|----------|----------|----------------
0    | 71    | 0.9295   | 2.2794   | 1.9921 
1    | 31    | 0.6524   | 1.2121   | 1.0524 
2    | 24    | 0.6198   | 1.0693   | 0.8878 
3-5  | 68    | 0.5103   | 0.9838   | 0.8092 
6+   | 208   | 0.3695   | 0.4743   | 0.3340 

Epoch 107: loss = 1.095441 delta_mae_pts = 0.5289 recap_mae_pts = 0.5289 cat_mae_pts = 0.5504 total_mae_pts = 1.2031 vs_inertia_pts = 0.4428 vs_quad_pts = 1.5633 mon_cov = 0.953 mon_score = 5.8131 time = 12352.49 s

Epoch 108: Weights {"totalWeight":0.1,"recapWeight":0.05,"deltaWeight":9.75,"categoryWeight":0.05,"quantileWeight":0.3728,"consistencyWeight":0,"identityDropoutRate":0.962}, Scales {"judgeBias":1,"corps":1}, SeqLen 15, ID_Drop 0.964, WFW 1.500 

History Bucket Diagnostics (Avg Abs Error per sample, normalized units):
Hist | Count | MAE_Pred | MAE_Base | PredDevFromBase
-----|-------|----------|----------|----------------
0    | 71    | 0.9415   | 2.2794   | 2.1704 
1    | 31    | 0.5583   | 1.2121   | 1.0837 
2    | 24    | 0.5970   | 1.0693   | 1.0177 
3-5  | 68    | 0.4967   | 0.9838   | 0.9003 
6+   | 208   | 0.3621   | 0.4743   | 0.3730 

Epoch 108: loss = 1.121189 delta_mae_pts = 0.5163 recap_mae_pts = 0.5163 cat_mae_pts = 0.5198 total_mae_pts = 1.1048 vs_inertia_pts = 0.4554 vs_quad_pts = 1.5759 mon_cov = 0.956 mon_score = 5.6576 time = 12461.60 s

Epoch 109: Weights {"totalWeight":0.1,"recapWeight":0.05,"deltaWeight":9.75,"categoryWeight":0.05,"quantileWeight":0.3764,"consistencyWeight":0,"identityDropoutRate":0.95725}, Scales {"judgeBias":1,"corps":1}, SeqLen 15, ID_Drop 0.959, WFW 1.500 

History Bucket Diagnostics (Avg Abs Error per sample, normalized units):
Hist | Count | MAE_Pred | MAE_Base | PredDevFromBase
-----|-------|----------|----------|----------------
0    | 71    | 1.0108   | 2.2794   | 2.2941 
1    | 31    | 0.5744   | 1.2121   | 1.1819 
2    | 24    | 0.6186   | 1.0693   | 1.1000 
3-5  | 68    | 0.5020   | 0.9838   | 0.8757 
6+   | 208   | 0.3572   | 0.4743   | 0.3686 

Epoch 109: loss = 1.113951 delta_mae_pts = 0.5295 recap_mae_pts = 0.5295 cat_mae_pts = 0.5550 total_mae_pts = 1.1967 vs_inertia_pts = 0.4422 vs_quad_pts = 1.5628 mon_cov = 0.959 mon_score = 5.8330 time = 12572.20 s

Epoch 110: Weights {"totalWeight":0.1,"recapWeight":0.05,"deltaWeight":9.75,"categoryWeight":0.05,"quantileWeight":0.38,"consistencyWeight":0,"identityDropoutRate":0.9525}, Scales {"judgeBias":1,"corps":1}, SeqLen 15, ID_Drop 0.950, WFW 1.500 

History Bucket Diagnostics (Avg Abs Error per sample, normalized units):
Hist | Count | MAE_Pred | MAE_Base | PredDevFromBase
-----|-------|----------|----------|----------------
0    | 71    | 0.9323   | 2.2794   | 2.1524 
1    | 31    | 0.5130   | 1.2121   | 1.1383 
2    | 24    | 0.6673   | 1.0693   | 0.9847 
3-5  | 68    | 0.5185   | 0.9838   | 0.8888 
6+   | 208   | 0.3641   | 0.4743   | 0.4002 

Epoch 110: loss = 1.143351 delta_mae_pts = 0.5201 recap_mae_pts = 0.5201 cat_mae_pts = 0.5547 total_mae_pts = 1.2049 vs_inertia_pts = 0.4516 vs_quad_pts = 1.5721 mon_cov = 0.956 mon_score = 5.7206 time = 12681.20 s

Epoch 111: Weights {"totalWeight":0.1,"recapWeight":0.05,"deltaWeight":9.75,"categoryWeight":0.05,"quantileWeight":0.3836,"consistencyWeight":0,"identityDropoutRate":0.94775}, Scales {"judgeBias":1,"corps":1}, SeqLen 15, ID_Drop 0.952, WFW 1.500 

History Bucket Diagnostics (Avg Abs Error per sample, normalized units):
Hist | Count | MAE_Pred | MAE_Base | PredDevFromBase
-----|-------|----------|----------|----------------
0    | 71    | 0.9110   | 2.2794   | 2.1313 
1    | 31    | 0.5426   | 1.2121   | 1.0927 
2    | 24    | 0.6164   | 1.0693   | 0.9147 
3-5  | 68    | 0.4979   | 0.9838   | 0.8124 
6+   | 208   | 0.3583   | 0.4743   | 0.3230 

Epoch 111: loss = 1.108181 delta_mae_pts = 0.5091 recap_mae_pts = 0.5091 cat_mae_pts = 0.5256 total_mae_pts = 1.1592 vs_inertia_pts = 0.4626 vs_quad_pts = 1.5831 mon_cov = 0.956 mon_score = 5.5897 time = 12792.52 s

Epoch 112: Weights {"totalWeight":0.1,"recapWeight":0.05,"deltaWeight":9.75,"categoryWeight":0.05,"quantileWeight":0.3872,"consistencyWeight":0,"identityDropoutRate":0.9430000000000001}, Scales {"judgeBias":1,"corps":1}, SeqLen 15, ID_Drop 0.944, WFW 1.500 

History Bucket Diagnostics (Avg Abs Error per sample, normalized units):
Hist | Count | MAE_Pred | MAE_Base | PredDevFromBase
-----|-------|----------|----------|----------------
0    | 71    | 0.8741   | 2.2794   | 2.0892 
1    | 31    | 0.5265   | 1.2121   | 0.9791 
2    | 24    | 0.6225   | 1.0693   | 0.9006 
3-5  | 68    | 0.5066   | 0.9838   | 0.8020 
6+   | 208   | 0.3523   | 0.4743   | 0.3308 

Epoch 112: loss = 1.097672 delta_mae_pts = 0.5002 recap_mae_pts = 0.5002 cat_mae_pts = 0.5161 total_mae_pts = 1.0867 vs_inertia_pts = 0.4716 vs_quad_pts = 1.5921 mon_cov = 0.964 mon_score = 5.5211 time = 12900.81 s

Epoch 113: Weights {"totalWeight":0.1,"recapWeight":0.05,"deltaWeight":9.75,"categoryWeight":0.05,"quantileWeight":0.39080000000000004,"consistencyWeight":0,"identityDropoutRate":0.93825}, Scales {"judgeBias":1,"corps":1}, SeqLen 15, ID_Drop 0.943, WFW 1.500 

History Bucket Diagnostics (Avg Abs Error per sample, normalized units):
Hist | Count | MAE_Pred | MAE_Base | PredDevFromBase
-----|-------|----------|----------|----------------
0    | 71    | 0.9195   | 2.2794   | 2.2026 
1    | 31    | 0.4928   | 1.2121   | 1.0743 
2    | 24    | 0.6581   | 1.0693   | 0.9063 
3-5  | 68    | 0.4886   | 0.9838   | 0.8432 
6+   | 208   | 0.3535   | 0.4743   | 0.3481 

Epoch 113: loss = 1.013662 delta_mae_pts = 0.5052 recap_mae_pts = 0.5052 cat_mae_pts = 0.5192 total_mae_pts = 1.0735 vs_inertia_pts = 0.4665 vs_quad_pts = 1.5870 mon_cov = 0.957 mon_score = 5.5095 time = 13012.55 s

Epoch 114: Weights {"totalWeight":0.1,"recapWeight":0.05,"deltaWeight":9.75,"categoryWeight":0.05,"quantileWeight":0.3944,"consistencyWeight":0,"identityDropoutRate":0.9335}, Scales {"judgeBias":1,"corps":1}, SeqLen 15, ID_Drop 0.935, WFW 1.500 

History Bucket Diagnostics (Avg Abs Error per sample, normalized units):
Hist | Count | MAE_Pred | MAE_Base | PredDevFromBase
-----|-------|----------|----------|----------------
0    | 71    | 0.9389   | 2.2794   | 2.0975 
1    | 31    | 0.5676   | 1.2121   | 1.1724 
2    | 24    | 0.6664   | 1.0693   | 0.9678 
3-5  | 68    | 0.4935   | 0.9838   | 0.8909 
6+   | 208   | 0.3504   | 0.4743   | 0.3803 

Epoch 114: loss = 1.012366 delta_mae_pts = 0.5142 recap_mae_pts = 0.5142 cat_mae_pts = 0.5325 total_mae_pts = 1.1798 vs_inertia_pts = 0.4576 vs_quad_pts = 1.5781 mon_cov = 0.959 mon_score = 5.6676 time = 13120.10 s

Epoch 115: Weights {"totalWeight":0.1,"recapWeight":0.05,"deltaWeight":9.75,"categoryWeight":0.05,"quantileWeight":0.398,"consistencyWeight":0,"identityDropoutRate":0.92875}, Scales {"judgeBias":1,"corps":1}, SeqLen 15, ID_Drop 0.934, WFW 1.500 

History Bucket Diagnostics (Avg Abs Error per sample, normalized units):
Hist | Count | MAE_Pred | MAE_Base | PredDevFromBase
-----|-------|----------|----------|----------------
0    | 71    | 0.9951   | 2.2794   | 2.2931 
1    | 31    | 0.5413   | 1.2121   | 1.0480 
2    | 24    | 0.6055   | 1.0693   | 0.9058 
3-5  | 68    | 0.5010   | 0.9838   | 0.8320 
6+   | 208   | 0.3475   | 0.4743   | 0.3406 

Epoch 115: loss = 1.001939 delta_mae_pts = 0.5182 recap_mae_pts = 0.5182 cat_mae_pts = 0.5345 total_mae_pts = 1.1530 vs_inertia_pts = 0.4535 vs_quad_pts = 1.5741 mon_cov = 0.956 mon_score = 5.7001 time = 13230.03 s

--- NO IMPROVEMENT FOR 18 EPOCHS: Reducing LR to 0.000047 ---

Epoch 116: Weights {"totalWeight":0.1,"recapWeight":0.05,"deltaWeight":9.75,"categoryWeight":0.05,"quantileWeight":0.4016,"consistencyWeight":0,"identityDropoutRate":0.924}, Scales {"judgeBias":1,"corps":1}, SeqLen 15, ID_Drop 0.924, WFW 1.500 

History Bucket Diagnostics (Avg Abs Error per sample, normalized units):
Hist | Count | MAE_Pred | MAE_Base | PredDevFromBase
-----|-------|----------|----------|----------------
0    | 71    | 0.9535   | 2.2794   | 2.2540 
1    | 31    | 0.5521   | 1.2121   | 1.1585 
2    | 24    | 0.6332   | 1.0693   | 0.8945 
3-5  | 68    | 0.4683   | 0.9838   | 0.8385 
6+   | 208   | 0.3413   | 0.4743   | 0.3566 

Epoch 116: loss = 1.009944 delta_mae_pts = 0.5046 recap_mae_pts = 0.5046 cat_mae_pts = 0.5133 total_mae_pts = 1.0869 vs_inertia_pts = 0.4671 vs_quad_pts = 1.5877 mon_cov = 0.961 mon_score = 5.5242 time = 13340.71 s

Epoch 117: Weights {"totalWeight":0.1,"recapWeight":0.05,"deltaWeight":9.75,"categoryWeight":0.05,"quantileWeight":0.4052,"consistencyWeight":0,"identityDropoutRate":0.91925}, Scales {"judgeBias":1,"corps":1}, SeqLen 15, ID_Drop 0.919, WFW 1.500 

History Bucket Diagnostics (Avg Abs Error per sample, normalized units):
Hist | Count | MAE_Pred | MAE_Base | PredDevFromBase
-----|-------|----------|----------|----------------
0    | 71    | 0.9209   | 2.2794   | 2.1450 
1    | 31    | 0.5607   | 1.2121   | 1.0194 
2    | 24    | 0.5940   | 1.0693   | 0.8499 
3-5  | 68    | 0.5128   | 0.9838   | 0.8376 
6+   | 208   | 0.3566   | 0.4743   | 0.3320 

Epoch 117: loss = 1.025296 delta_mae_pts = 0.5126 recap_mae_pts = 0.5126 cat_mae_pts = 0.5249 total_mae_pts = 1.1355 vs_inertia_pts = 0.4591 vs_quad_pts = 1.5797 mon_cov = 0.961 mon_score = 5.6538 time = 13451.08 s

Epoch 118: Weights {"totalWeight":0.1,"recapWeight":0.05,"deltaWeight":9.75,"categoryWeight":0.05,"quantileWeight":0.40880000000000005,"consistencyWeight":0,"identityDropoutRate":0.9145}, Scales {"judgeBias":1,"corps":1}, SeqLen 15, ID_Drop 0.921, WFW 1.500 

History Bucket Diagnostics (Avg Abs Error per sample, normalized units):
Hist | Count | MAE_Pred | MAE_Base | PredDevFromBase
-----|-------|----------|----------|----------------
0    | 71    | 0.8905   | 2.2794   | 2.1706 
1    | 31    | 0.5152   | 1.2121   | 1.0725 
2    | 24    | 0.5492   | 1.0693   | 0.9960 
3-5  | 68    | 0.5009   | 0.9838   | 0.8280 
6+   | 208   | 0.3616   | 0.4743   | 0.3403 

Epoch 118: loss = 1.075775 delta_mae_pts = 0.5016 recap_mae_pts = 0.5016 cat_mae_pts = 0.5249 total_mae_pts = 1.1454 vs_inertia_pts = 0.4701 vs_quad_pts = 1.5906 mon_cov = 0.963 mon_score = 5.5377 time = 13561.28 s

Epoch 119: Weights {"totalWeight":0.1,"recapWeight":0.05,"deltaWeight":9.75,"categoryWeight":0.05,"quantileWeight":0.4124,"consistencyWeight":0,"identityDropoutRate":0.9097500000000001}, Scales {"judgeBias":1,"corps":1}, SeqLen 15, ID_Drop 0.911, WFW 1.500 

History Bucket Diagnostics (Avg Abs Error per sample, normalized units):
Hist | Count | MAE_Pred | MAE_Base | PredDevFromBase
-----|-------|----------|----------|----------------
0    | 71    | 0.9112   | 2.2794   | 2.0630 
1    | 31    | 0.5877   | 1.2121   | 0.9885 
2    | 24    | 0.5914   | 1.0693   | 0.8941 
3-5  | 68    | 0.5379   | 0.9838   | 0.7571 
6+   | 208   | 0.3637   | 0.4743   | 0.3070 

Epoch 119: loss = 1.043501 delta_mae_pts = 0.5207 recap_mae_pts = 0.5207 cat_mae_pts = 0.5440 total_mae_pts = 1.1464 vs_inertia_pts = 0.4510 vs_quad_pts = 1.5715 mon_cov = 0.961 mon_score = 5.7210 time = 13670.77 s

Epoch 120: Weights {"totalWeight":0.1,"recapWeight":0.05,"deltaWeight":9.75,"categoryWeight":0.05,"quantileWeight":0.41600000000000004,"consistencyWeight":0,"identityDropoutRate":0.905}, Scales {"judgeBias":1,"corps":1}, SeqLen 15, ID_Drop 0.907, WFW 1.500 

History Bucket Diagnostics (Avg Abs Error per sample, normalized units):
Hist | Count | MAE_Pred | MAE_Base | PredDevFromBase
-----|-------|----------|----------|----------------
0    | 71    | 0.9280   | 2.2794   | 2.1824 
1    | 31    | 0.5129   | 1.2121   | 1.0681 
2    | 24    | 0.6162   | 1.0693   | 0.9720 
3-5  | 68    | 0.4772   | 0.9838   | 0.8587 
6+   | 208   | 0.3509   | 0.4743   | 0.3636 


--- PHASE TRANSITION (Epoch 120): Resetting Best Score & Patience ---
Epoch 120: loss = 1.064412 delta_mae_pts = 0.5025 recap_mae_pts = 0.5025 cat_mae_pts = 0.5321 total_mae_pts = 1.1351 vs_inertia_pts = 0.4692 vs_quad_pts = 1.5897 mon_cov = 0.965 mon_score = 5.5645 time = 13781.72 s
Saved BEST checkpoint @epoch 120 score = 5.5645 -> models\v9_subcaption_fixed\v9fix_swa_train_best_export_1770556452661\best 

Epoch 121: Weights {"totalWeight":0.1,"recapWeight":0.05,"deltaWeight":9.75,"categoryWeight":0.05,"quantileWeight":0.4196,"consistencyWeight":0,"identityDropoutRate":0.90025}, Scales {"judgeBias":1,"corps":1}, SeqLen 15, ID_Drop 0.903, WFW 1.500 

History Bucket Diagnostics (Avg Abs Error per sample, normalized units):
Hist | Count | MAE_Pred | MAE_Base | PredDevFromBase
-----|-------|----------|----------|----------------
0    | 71    | 0.8911   | 2.2794   | 2.1434 
1    | 31    | 0.5594   | 1.2121   | 1.0882 
2    | 24    | 0.5811   | 1.0693   | 1.0505 
3-5  | 68    | 0.4863   | 0.9838   | 0.8340 
6+   | 208   | 0.3527   | 0.4743   | 0.3614 

Epoch 121: loss = 1.060169 delta_mae_pts = 0.5000 recap_mae_pts = 0.5000 cat_mae_pts = 0.5367 total_mae_pts = 1.1373 vs_inertia_pts = 0.4718 vs_quad_pts = 1.5923 mon_cov = 0.961 mon_score = 5.5410 time = 13891.09 s
Saved BEST checkpoint @epoch 121 score = 5.5410 -> models\v9_subcaption_fixed\v9fix_swa_train_best_export_1770556452661\best 

Epoch 122: Weights {"totalWeight":0.1,"recapWeight":0.05,"deltaWeight":9.75,"categoryWeight":0.05,"quantileWeight":0.4232,"consistencyWeight":0,"identityDropoutRate":0.8955}, Scales {"judgeBias":1,"corps":1}, SeqLen 15, ID_Drop 0.896, WFW 1.500 

History Bucket Diagnostics (Avg Abs Error per sample, normalized units):
Hist | Count | MAE_Pred | MAE_Base | PredDevFromBase
-----|-------|----------|----------|----------------
0    | 71    | 0.9143   | 2.2794   | 2.1178 
1    | 31    | 0.5560   | 1.2121   | 1.0613 
2    | 24    | 0.6251   | 1.0693   | 0.8371 
3-5  | 68    | 0.4952   | 0.9838   | 0.8117 
6+   | 208   | 0.3655   | 0.4743   | 0.3402 

Epoch 122: loss = 1.035623 delta_mae_pts = 0.5145 recap_mae_pts = 0.5145 cat_mae_pts = 0.5319 total_mae_pts = 1.1504 vs_inertia_pts = 0.4572 vs_quad_pts = 1.5777 mon_cov = 0.959 mon_score = 5.6774 time = 14001.29 s

Epoch 123: Weights {"totalWeight":0.1,"recapWeight":0.05,"deltaWeight":9.75,"categoryWeight":0.05,"quantileWeight":0.4268,"consistencyWeight":0,"identityDropoutRate":0.89075}, Scales {"judgeBias":1,"corps":1}, SeqLen 15, ID_Drop 0.891, WFW 1.500 

History Bucket Diagnostics (Avg Abs Error per sample, normalized units):
Hist | Count | MAE_Pred | MAE_Base | PredDevFromBase
-----|-------|----------|----------|----------------
0    | 71    | 0.8951   | 2.2794   | 2.1176 
1    | 31    | 0.5079   | 1.2121   | 1.0107 
2    | 24    | 0.6295   | 1.0693   | 0.8911 
3-5  | 68    | 0.5041   | 0.9838   | 0.7813 
6+   | 208   | 0.3570   | 0.4743   | 0.3357 

Epoch 123: loss = 0.981634 delta_mae_pts = 0.5048 recap_mae_pts = 0.5048 cat_mae_pts = 0.5129 total_mae_pts = 1.1004 vs_inertia_pts = 0.4669 vs_quad_pts = 1.5874 mon_cov = 0.964 mon_score = 5.5485 time = 14112.12 s

Epoch 124: Weights {"totalWeight":0.1,"recapWeight":0.05,"deltaWeight":9.75,"categoryWeight":0.05,"quantileWeight":0.4304,"consistencyWeight":0,"identityDropoutRate":0.886}, Scales {"judgeBias":1,"corps":1}, SeqLen 15, ID_Drop 0.889, WFW 1.500 

History Bucket Diagnostics (Avg Abs Error per sample, normalized units):
Hist | Count | MAE_Pred | MAE_Base | PredDevFromBase
-----|-------|----------|----------|----------------
0    | 71    | 0.9933   | 2.2794   | 2.2649 
1    | 31    | 0.5087   | 1.2121   | 1.0714 
2    | 24    | 0.6184   | 1.0693   | 1.0098 
3-5  | 68    | 0.4929   | 0.9838   | 0.8363 
6+   | 208   | 0.3552   | 0.4743   | 0.3697 

Epoch 124: loss = 0.970691 delta_mae_pts = 0.5187 recap_mae_pts = 0.5187 cat_mae_pts = 0.5438 total_mae_pts = 1.1646 vs_inertia_pts = 0.4530 vs_quad_pts = 1.5736 mon_cov = 0.959 mon_score = 5.7550 time = 14223.82 s

Epoch 125: Weights {"totalWeight":0.1,"recapWeight":0.05,"deltaWeight":9.75,"categoryWeight":0.05,"quantileWeight":0.43400000000000005,"consistencyWeight":0,"identityDropoutRate":0.88125}, Scales {"judgeBias":1,"corps":1}, SeqLen 15, ID_Drop 0.887, WFW 1.500 

History Bucket Diagnostics (Avg Abs Error per sample, normalized units):
Hist | Count | MAE_Pred | MAE_Base | PredDevFromBase
-----|-------|----------|----------|----------------
0    | 71    | 0.9324   | 2.2794   | 2.1850 
1    | 31    | 0.5964   | 1.2121   | 0.8946 
2    | 24    | 0.6457   | 1.0693   | 0.8660 
3-5  | 68    | 0.4640   | 0.9838   | 0.7844 
6+   | 208   | 0.3479   | 0.4743   | 0.3420 

Epoch 125: loss = 1.025265 delta_mae_pts = 0.5077 recap_mae_pts = 0.5077 cat_mae_pts = 0.5238 total_mae_pts = 1.1258 vs_inertia_pts = 0.4640 vs_quad_pts = 1.5846 mon_cov = 0.958 mon_score = 5.5770 time = 14322.09 s

Epoch 126: Weights {"totalWeight":0.1,"recapWeight":0.05,"deltaWeight":9.75,"categoryWeight":0.05,"quantileWeight":0.4376,"consistencyWeight":0,"identityDropoutRate":0.8765000000000001}, Scales {"judgeBias":1,"corps":1}, SeqLen 15, ID_Drop 0.877, WFW 1.500 

History Bucket Diagnostics (Avg Abs Error per sample, normalized units):
Hist | Count | MAE_Pred | MAE_Base | PredDevFromBase
-----|-------|----------|----------|----------------
0    | 71    | 0.9208   | 2.2794   | 2.1862 
1    | 31    | 0.5287   | 1.2121   | 0.9786 
2    | 24    | 0.6216   | 1.0693   | 0.8221 
3-5  | 68    | 0.5190   | 0.9838   | 0.7740 
6+   | 208   | 0.3523   | 0.4743   | 0.3101 

Epoch 126: loss = 1.082028 delta_mae_pts = 0.5106 recap_mae_pts = 0.5106 cat_mae_pts = 0.5479 total_mae_pts = 1.1938 vs_inertia_pts = 0.4612 vs_quad_pts = 1.5817 mon_cov = 0.962 mon_score = 5.6209 time = 14431.61 s

Epoch 127: Weights {"totalWeight":0.1,"recapWeight":0.05,"deltaWeight":9.75,"categoryWeight":0.05,"quantileWeight":0.44120000000000004,"consistencyWeight":0,"identityDropoutRate":0.87175}, Scales {"judgeBias":1,"corps":1}, SeqLen 15, ID_Drop 0.875, WFW 1.500 

History Bucket Diagnostics (Avg Abs Error per sample, normalized units):
Hist | Count | MAE_Pred | MAE_Base | PredDevFromBase
-----|-------|----------|----------|----------------
0    | 71    | 0.9211   | 2.2794   | 2.1379 
1    | 31    | 0.5007   | 1.2121   | 1.0802 
2    | 24    | 0.6427   | 1.0693   | 1.0393 
3-5  | 68    | 0.4755   | 0.9838   | 0.8599 
6+   | 208   | 0.3484   | 0.4743   | 0.3634 

Epoch 127: loss = 1.061495 delta_mae_pts = 0.5004 recap_mae_pts = 0.5004 cat_mae_pts = 0.5213 total_mae_pts = 1.0639 vs_inertia_pts = 0.4713 vs_quad_pts = 1.5919 mon_cov = 0.964 mon_score = 5.5368 time = 14543.13 s
Saved BEST checkpoint @epoch 127 score = 5.5368 -> models\v9_subcaption_fixed\v9fix_swa_train_best_export_1770556452661\best 

Epoch 128: Weights {"totalWeight":0.1,"recapWeight":0.05,"deltaWeight":9.75,"categoryWeight":0.05,"quantileWeight":0.44480000000000003,"consistencyWeight":0,"identityDropoutRate":0.867}, Scales {"judgeBias":1,"corps":1}, SeqLen 15, ID_Drop 0.869, WFW 1.500 

History Bucket Diagnostics (Avg Abs Error per sample, normalized units):
Hist | Count | MAE_Pred | MAE_Base | PredDevFromBase
-----|-------|----------|----------|----------------
0    | 71    | 0.9232   | 2.2794   | 2.1985 
1    | 31    | 0.4905   | 1.2121   | 1.0355 
2    | 24    | 0.5994   | 1.0693   | 1.0289 
3-5  | 68    | 0.4816   | 0.9838   | 0.8732 
6+   | 208   | 0.3453   | 0.4743   | 0.3752 

Epoch 128: loss = 1.060454 delta_mae_pts = 0.4968 recap_mae_pts = 0.4968 cat_mae_pts = 0.5192 total_mae_pts = 1.1292 vs_inertia_pts = 0.4749 vs_quad_pts = 1.5955 mon_cov = 0.966 mon_score = 5.4990 time = 14651.53 s
Saved BEST checkpoint @epoch 128 score = 5.4990 -> models\v9_subcaption_fixed\v9fix_swa_train_best_export_1770556452661\best 

Epoch 129: Weights {"totalWeight":0.1,"recapWeight":0.05,"deltaWeight":9.75,"categoryWeight":0.05,"quantileWeight":0.4484,"consistencyWeight":0,"identityDropoutRate":0.86225}, Scales {"judgeBias":1,"corps":1}, SeqLen 15, ID_Drop 0.864, WFW 1.500 

History Bucket Diagnostics (Avg Abs Error per sample, normalized units):
Hist | Count | MAE_Pred | MAE_Base | PredDevFromBase
-----|-------|----------|----------|----------------
0    | 71    | 0.9485   | 2.2794   | 2.2089 
1    | 31    | 0.5661   | 1.2121   | 1.1237 
2    | 24    | 0.6565   | 1.0693   | 1.0663 
3-5  | 68    | 0.4879   | 0.9838   | 0.8279 
6+   | 208   | 0.3469   | 0.4743   | 0.3720 

Epoch 129: loss = 1.036113 delta_mae_pts = 0.5124 recap_mae_pts = 0.5124 cat_mae_pts = 0.5212 total_mae_pts = 1.0925 vs_inertia_pts = 0.4594 vs_quad_pts = 1.5799 mon_cov = 0.961 mon_score = 5.6400 time = 14763.02 s

Epoch 130: Weights {"totalWeight":0.1,"recapWeight":0.05,"deltaWeight":9.75,"categoryWeight":0.05,"quantileWeight":0.45200000000000007,"consistencyWeight":0,"identityDropoutRate":0.8575}, Scales {"judgeBias":1,"corps":1}, SeqLen 15, ID_Drop 0.863, WFW 1.500 

History Bucket Diagnostics (Avg Abs Error per sample, normalized units):
Hist | Count | MAE_Pred | MAE_Base | PredDevFromBase
-----|-------|----------|----------|----------------
0    | 71    | 0.9178   | 2.2794   | 2.2264 
1    | 31    | 0.6239   | 1.2121   | 1.1570 
2    | 24    | 0.6081   | 1.0693   | 0.9362 
3-5  | 68    | 0.4954   | 0.9838   | 0.8944 
6+   | 208   | 0.3500   | 0.4743   | 0.3738 

Epoch 130: loss = 1.035691 delta_mae_pts = 0.5114 recap_mae_pts = 0.5114 cat_mae_pts = 0.5358 total_mae_pts = 1.1989 vs_inertia_pts = 0.4603 vs_quad_pts = 1.5809 mon_cov = 0.962 mon_score = 5.6276 time = 14871.77 s

Epoch 131: Weights {"totalWeight":0.1,"recapWeight":0.05,"deltaWeight":9.75,"categoryWeight":0.05,"quantileWeight":0.4556,"consistencyWeight":0,"identityDropoutRate":0.85275}, Scales {"judgeBias":1,"corps":1}, SeqLen 15, ID_Drop 0.856, WFW 1.500 

History Bucket Diagnostics (Avg Abs Error per sample, normalized units):
Hist | Count | MAE_Pred | MAE_Base | PredDevFromBase
-----|-------|----------|----------|----------------
0    | 71    | 0.8327   | 2.2794   | 2.1329 
1    | 31    | 0.5391   | 1.2121   | 1.0585 
2    | 24    | 0.6383   | 1.0693   | 1.0223 
3-5  | 68    | 0.5021   | 0.9838   | 0.9113 
6+   | 208   | 0.3578   | 0.4743   | 0.3741 

Epoch 131: loss = 1.057326 delta_mae_pts = 0.4968 recap_mae_pts = 0.4968 cat_mae_pts = 0.5192 total_mae_pts = 1.0980 vs_inertia_pts = 0.4749 vs_quad_pts = 1.5955 mon_cov = 0.962 mon_score = 5.5030 time = 14980.48 s

Epoch 132: Weights {"totalWeight":0.1,"recapWeight":0.05,"deltaWeight":9.75,"categoryWeight":0.05,"quantileWeight":0.4592,"consistencyWeight":0,"identityDropoutRate":0.848}, Scales {"judgeBias":1,"corps":1}, SeqLen 15, ID_Drop 0.858, WFW 1.500 

History Bucket Diagnostics (Avg Abs Error per sample, normalized units):
Hist | Count | MAE_Pred | MAE_Base | PredDevFromBase
-----|-------|----------|----------|----------------
0    | 71    | 0.8713   | 2.2794   | 2.1266 
1    | 31    | 0.5314   | 1.2121   | 1.1070 
2    | 24    | 0.6144   | 1.0693   | 1.0222 
3-5  | 68    | 0.4917   | 0.9838   | 0.8595 
6+   | 208   | 0.3437   | 0.4743   | 0.3592 

Epoch 132: loss = 1.052557 delta_mae_pts = 0.4926 recap_mae_pts = 0.4926 cat_mae_pts = 0.5041 total_mae_pts = 1.0756 vs_inertia_pts = 0.4792 vs_quad_pts = 1.5997 mon_cov = 0.961 mon_score = 5.4336 time = 15092.47 s
Saved BEST checkpoint @epoch 132 score = 5.4336 -> models\v9_subcaption_fixed\v9fix_swa_train_best_export_1770556452661\best 

Epoch 133: Weights {"totalWeight":0.1,"recapWeight":0.05,"deltaWeight":9.75,"categoryWeight":0.05,"quantileWeight":0.4628,"consistencyWeight":0,"identityDropoutRate":0.84325}, Scales {"judgeBias":1,"corps":1}, SeqLen 15, ID_Drop 0.849, WFW 1.500 

History Bucket Diagnostics (Avg Abs Error per sample, normalized units):
Hist | Count | MAE_Pred | MAE_Base | PredDevFromBase
-----|-------|----------|----------|----------------
0    | 71    | 0.9017   | 2.2794   | 2.1990 
1    | 31    | 0.5246   | 1.2121   | 1.0434 
2    | 24    | 0.5940   | 1.0693   | 1.0147 
3-5  | 68    | 0.4884   | 0.9838   | 0.8268 
6+   | 208   | 0.3498   | 0.4743   | 0.3580 

Epoch 133: loss = 1.007587 delta_mae_pts = 0.4988 recap_mae_pts = 0.4988 cat_mae_pts = 0.5318 total_mae_pts = 1.1353 vs_inertia_pts = 0.4729 vs_quad_pts = 1.5935 mon_cov = 0.961 mon_score = 5.4861 time = 15203.04 s

Epoch 134: Weights {"totalWeight":0.1,"recapWeight":0.05,"deltaWeight":9.75,"categoryWeight":0.05,"quantileWeight":0.4664,"consistencyWeight":0,"identityDropoutRate":0.8385}, Scales {"judgeBias":1,"corps":1}, SeqLen 15, ID_Drop 0.843, WFW 1.500 

History Bucket Diagnostics (Avg Abs Error per sample, normalized units):
Hist | Count | MAE_Pred | MAE_Base | PredDevFromBase
-----|-------|----------|----------|----------------
0    | 71    | 0.8958   | 2.2794   | 2.1806 
1    | 31    | 0.5304   | 1.2121   | 1.1234 
2    | 24    | 0.6084   | 1.0693   | 0.9117 
3-5  | 68    | 0.4539   | 0.9838   | 0.8424 
6+   | 208   | 0.3406   | 0.4743   | 0.3475 

Epoch 134: loss = 0.941805 delta_mae_pts = 0.4884 recap_mae_pts = 0.4884 cat_mae_pts = 0.5089 total_mae_pts = 1.0811 vs_inertia_pts = 0.4833 vs_quad_pts = 1.6039 mon_cov = 0.964 mon_score = 5.3750 time = 15315.07 s
Saved BEST checkpoint @epoch 134 score = 5.3750 -> models\v9_subcaption_fixed\v9fix_swa_train_best_export_1770556452661\best 

Epoch 135: Weights {"totalWeight":0.1,"recapWeight":0.05,"deltaWeight":9.75,"categoryWeight":0.05,"quantileWeight":0.47000000000000003,"consistencyWeight":0,"identityDropoutRate":0.83375}, Scales {"judgeBias":1,"corps":1}, SeqLen 15, ID_Drop 0.831, WFW 1.500 

History Bucket Diagnostics (Avg Abs Error per sample, normalized units):
Hist | Count | MAE_Pred | MAE_Base | PredDevFromBase
-----|-------|----------|----------|----------------
0    | 71    | 0.8726   | 2.2794   | 2.1097 
1    | 31    | 0.5655   | 1.2121   | 0.9925 
2    | 24    | 0.6137   | 1.0693   | 0.9022 
3-5  | 68    | 0.4887   | 0.9838   | 0.8334 
6+   | 208   | 0.3576   | 0.4743   | 0.3497 

Epoch 135: loss = 0.932658 delta_mae_pts = 0.5021 recap_mae_pts = 0.5021 cat_mae_pts = 0.5305 total_mae_pts = 1.0963 vs_inertia_pts = 0.4697 vs_quad_pts = 1.5902 mon_cov = 0.957 mon_score = 5.5154 time = 15424.50 s

Epoch 136: Weights {"totalWeight":0.1,"recapWeight":0.05,"deltaWeight":9.75,"categoryWeight":0.05,"quantileWeight":0.4736,"consistencyWeight":0,"identityDropoutRate":0.829}, Scales {"judgeBias":1,"corps":1}, SeqLen 15, ID_Drop 0.836, WFW 1.500 

History Bucket Diagnostics (Avg Abs Error per sample, normalized units):
Hist | Count | MAE_Pred | MAE_Base | PredDevFromBase
-----|-------|----------|----------|----------------
0    | 71    | 0.9148   | 2.2794   | 2.2340 
1    | 31    | 0.5475   | 1.2121   | 1.1682 
2    | 24    | 0.5943   | 1.0693   | 1.0454 
3-5  | 68    | 0.4467   | 0.9838   | 0.9193 
6+   | 208   | 0.3373   | 0.4743   | 0.3701 

Epoch 136: loss = 1.017152 delta_mae_pts = 0.4893 recap_mae_pts = 0.4893 cat_mae_pts = 0.5282 total_mae_pts = 1.1583 vs_inertia_pts = 0.4824 vs_quad_pts = 1.6029 mon_cov = 0.961 mon_score = 5.4258 time = 15536.00 s

Epoch 137: Weights {"totalWeight":0.1,"recapWeight":0.05,"deltaWeight":9.75,"categoryWeight":0.05,"quantileWeight":0.4772,"consistencyWeight":0,"identityDropoutRate":0.82425}, Scales {"judgeBias":1,"corps":1}, SeqLen 15, ID_Drop 0.829, WFW 1.500 

History Bucket Diagnostics (Avg Abs Error per sample, normalized units):
Hist | Count | MAE_Pred | MAE_Base | PredDevFromBase
-----|-------|----------|----------|----------------
0    | 71    | 0.8533   | 2.2794   | 2.1519 
1    | 31    | 0.5012   | 1.2121   | 1.1249 
2    | 24    | 0.5633   | 1.0693   | 0.9844 
3-5  | 68    | 0.4926   | 0.9838   | 0.8815 
6+   | 208   | 0.3600   | 0.4743   | 0.3886 

Epoch 137: loss = 1.002059 delta_mae_pts = 0.4926 recap_mae_pts = 0.4926 cat_mae_pts = 0.5348 total_mae_pts = 1.1147 vs_inertia_pts = 0.4791 vs_quad_pts = 1.5997 mon_cov = 0.962 mon_score = 5.4271 time = 15645.88 s

Epoch 138: Weights {"totalWeight":0.1,"recapWeight":0.05,"deltaWeight":9.75,"categoryWeight":0.05,"quantileWeight":0.4808,"consistencyWeight":0,"identityDropoutRate":0.8195}, Scales {"judgeBias":1,"corps":1}, SeqLen 15, ID_Drop 0.818, WFW 1.500 

History Bucket Diagnostics (Avg Abs Error per sample, normalized units):
Hist | Count | MAE_Pred | MAE_Base | PredDevFromBase
-----|-------|----------|----------|----------------
0    | 71    | 0.8442   | 2.2794   | 2.0966 
1    | 31    | 0.5375   | 1.2121   | 1.1181 
2    | 24    | 0.5786   | 1.0693   | 0.9877 
3-5  | 68    | 0.4692   | 0.9838   | 0.8731 
6+   | 208   | 0.3400   | 0.4743   | 0.3725 

Epoch 138: loss = 0.986159 delta_mae_pts = 0.4804 recap_mae_pts = 0.4804 cat_mae_pts = 0.5072 total_mae_pts = 1.0705 vs_inertia_pts = 0.4913 vs_quad_pts = 1.6119 mon_cov = 0.965 mon_score = 5.3139 time = 15754.83 s
Saved BEST checkpoint @epoch 138 score = 5.3139 -> models\v9_subcaption_fixed\v9fix_swa_train_best_export_1770556452661\best 

Epoch 139: Weights {"totalWeight":0.1,"recapWeight":0.05,"deltaWeight":9.75,"categoryWeight":0.05,"quantileWeight":0.4844,"consistencyWeight":0,"identityDropoutRate":0.81475}, Scales {"judgeBias":1,"corps":1}, SeqLen 15, ID_Drop 0.807, WFW 1.500 

History Bucket Diagnostics (Avg Abs Error per sample, normalized units):
Hist | Count | MAE_Pred | MAE_Base | PredDevFromBase
-----|-------|----------|----------|----------------
0    | 71    | 0.8617   | 2.2794   | 2.1211 
1    | 31    | 0.4893   | 1.2121   | 1.0599 
2    | 24    | 0.5991   | 1.0693   | 0.9082 
3-5  | 68    | 0.4942   | 0.9838   | 0.8098 
6+   | 208   | 0.3411   | 0.4743   | 0.3561 

Epoch 139: loss = 0.992262 delta_mae_pts = 0.4858 recap_mae_pts = 0.4858 cat_mae_pts = 0.5140 total_mae_pts = 1.0878 vs_inertia_pts = 0.4859 vs_quad_pts = 1.6065 mon_cov = 0.968 mon_score = 5.3864 time = 15864.42 s

Epoch 140: Weights {"totalWeight":0.1,"recapWeight":0.05,"deltaWeight":9.75,"categoryWeight":0.05,"quantileWeight":0.48800000000000004,"consistencyWeight":0,"identityDropoutRate":0.81}, Scales {"judgeBias":1,"corps":1}, SeqLen 15, ID_Drop 0.811, WFW 1.500 

History Bucket Diagnostics (Avg Abs Error per sample, normalized units):
Hist | Count | MAE_Pred | MAE_Base | PredDevFromBase
-----|-------|----------|----------|----------------
0    | 71    | 0.8241   | 2.2794   | 1.9946 
1    | 31    | 0.5238   | 1.2121   | 1.0308 
2    | 24    | 0.5658   | 1.0693   | 0.9889 
3-5  | 68    | 0.5021   | 0.9838   | 0.8726 
6+   | 208   | 0.3450   | 0.4743   | 0.3777 

Epoch 140: loss = 0.955939 delta_mae_pts = 0.4832 recap_mae_pts = 0.4832 cat_mae_pts = 0.5098 total_mae_pts = 1.0760 vs_inertia_pts = 0.4886 vs_quad_pts = 1.6091 mon_cov = 0.965 mon_score = 5.3705 time = 15973.55 s

Epoch 141: Weights {"totalWeight":0.1,"recapWeight":0.05,"deltaWeight":9.75,"categoryWeight":0.05,"quantileWeight":0.49160000000000004,"consistencyWeight":0,"identityDropoutRate":0.80525}, Scales {"judgeBias":1,"corps":1}, SeqLen 15, ID_Drop 0.805, WFW 1.500 

History Bucket Diagnostics (Avg Abs Error per sample, normalized units):
Hist | Count | MAE_Pred | MAE_Base | PredDevFromBase
-----|-------|----------|----------|----------------
0    | 71    | 0.8002   | 2.2794   | 2.0826 
1    | 31    | 0.5378   | 1.2121   | 1.0480 
2    | 24    | 0.5115   | 1.0693   | 0.8945 
3-5  | 68    | 0.4815   | 0.9838   | 0.7998 
6+   | 208   | 0.3411   | 0.4743   | 0.3531 

Epoch 141: loss = 1.018600 delta_mae_pts = 0.4713 recap_mae_pts = 0.4713 cat_mae_pts = 0.4934 total_mae_pts = 1.0265 vs_inertia_pts = 0.5004 vs_quad_pts = 1.6210 mon_cov = 0.964 mon_score = 5.2216 time = 16085.73 s
Saved BEST checkpoint @epoch 141 score = 5.2216 -> models\v9_subcaption_fixed\v9fix_swa_train_best_export_1770556452661\best 

Epoch 142: Weights {"totalWeight":0.1,"recapWeight":0.05,"deltaWeight":9.75,"categoryWeight":0.05,"quantileWeight":0.49520000000000003,"consistencyWeight":0,"identityDropoutRate":0.8005}, Scales {"judgeBias":1,"corps":1}, SeqLen 15, ID_Drop 0.793, WFW 1.500 

History Bucket Diagnostics (Avg Abs Error per sample, normalized units):
Hist | Count | MAE_Pred | MAE_Base | PredDevFromBase
-----|-------|----------|----------|----------------
0    | 71    | 0.8022   | 2.2794   | 2.1043 
1    | 31    | 0.5324   | 1.2121   | 1.0973 
2    | 24    | 0.6026   | 1.0693   | 0.9607 
3-5  | 68    | 0.4940   | 0.9838   | 0.8430 
6+   | 208   | 0.3470   | 0.4743   | 0.3591 

Epoch 142: loss = 0.972967 delta_mae_pts = 0.4818 recap_mae_pts = 0.4818 cat_mae_pts = 0.5085 total_mae_pts = 1.0367 vs_inertia_pts = 0.4899 vs_quad_pts = 1.6105 mon_cov = 0.964 mon_score = 5.3360 time = 16195.35 s

Epoch 143: Weights {"totalWeight":0.1,"recapWeight":0.05,"deltaWeight":9.75,"categoryWeight":0.05,"quantileWeight":0.4988,"consistencyWeight":0,"identityDropoutRate":0.79575}, Scales {"judgeBias":1,"corps":1}, SeqLen 15, ID_Drop 0.800, WFW 1.500 

History Bucket Diagnostics (Avg Abs Error per sample, normalized units):
Hist | Count | MAE_Pred | MAE_Base | PredDevFromBase
-----|-------|----------|----------|----------------
0    | 71    | 0.7916   | 2.2794   | 1.9913 
1    | 31    | 0.5323   | 1.2121   | 1.0927 
2    | 24    | 0.5502   | 1.0693   | 0.9733 
3-5  | 68    | 0.4697   | 0.9838   | 0.8550 
6+   | 208   | 0.3436   | 0.4743   | 0.3917 

Epoch 143: loss = 0.971897 delta_mae_pts = 0.4709 recap_mae_pts = 0.4709 cat_mae_pts = 0.4921 total_mae_pts = 1.0529 vs_inertia_pts = 0.5008 vs_quad_pts = 1.6213 mon_cov = 0.967 mon_score = 5.2238 time = 16306.18 s

Epoch 144: Weights {"totalWeight":0.1,"recapWeight":0.05,"deltaWeight":9.75,"categoryWeight":0.05,"quantileWeight":0.5024,"consistencyWeight":0,"identityDropoutRate":0.791}, Scales {"judgeBias":1,"corps":1}, SeqLen 15, ID_Drop 0.787, WFW 1.500 

History Bucket Diagnostics (Avg Abs Error per sample, normalized units):
Hist | Count | MAE_Pred | MAE_Base | PredDevFromBase
-----|-------|----------|----------|----------------
0    | 71    | 0.8105   | 2.2794   | 1.9271 
1    | 31    | 0.5305   | 1.2121   | 1.0063 
2    | 24    | 0.6449   | 1.0693   | 0.9393 
3-5  | 68    | 0.4796   | 0.9838   | 0.8256 
6+   | 208   | 0.3345   | 0.4743   | 0.3499 

Epoch 144: loss = 0.950047 delta_mae_pts = 0.4768 recap_mae_pts = 0.4768 cat_mae_pts = 0.5074 total_mae_pts = 1.0801 vs_inertia_pts = 0.4950 vs_quad_pts = 1.6155 mon_cov = 0.969 mon_score = 5.2852 time = 16416.04 s

Epoch 145: Weights {"totalWeight":0.1,"recapWeight":0.05,"deltaWeight":9.75,"categoryWeight":0.05,"quantileWeight":0.506,"consistencyWeight":0,"identityDropoutRate":0.78625}, Scales {"judgeBias":1,"corps":1}, SeqLen 15, ID_Drop 0.792, WFW 1.500 

History Bucket Diagnostics (Avg Abs Error per sample, normalized units):
Hist | Count | MAE_Pred | MAE_Base | PredDevFromBase
-----|-------|----------|----------|----------------
0    | 71    | 0.8388   | 2.2794   | 2.0697 
1    | 31    | 0.4910   | 1.2121   | 1.1017 
2    | 24    | 0.5752   | 1.0693   | 0.9174 
3-5  | 68    | 0.4979   | 0.9838   | 0.8029 
6+   | 208   | 0.3450   | 0.4743   | 0.3567 

Epoch 145: loss = 0.918545 delta_mae_pts = 0.4831 recap_mae_pts = 0.4831 cat_mae_pts = 0.5001 total_mae_pts = 1.0605 vs_inertia_pts = 0.4886 vs_quad_pts = 1.6092 mon_cov = 0.963 mon_score = 5.3431 time = 16527.40 s

Epoch 146: Weights {"totalWeight":0.1,"recapWeight":0.05,"deltaWeight":9.75,"categoryWeight":0.05,"quantileWeight":0.5096,"consistencyWeight":0,"identityDropoutRate":0.7815}, Scales {"judgeBias":1,"corps":1}, SeqLen 15, ID_Drop 0.782, WFW 1.500 

History Bucket Diagnostics (Avg Abs Error per sample, normalized units):
Hist | Count | MAE_Pred | MAE_Base | PredDevFromBase
-----|-------|----------|----------|----------------
0    | 71    | 0.8129   | 2.2794   | 2.0435 
1    | 31    | 0.5223   | 1.2121   | 1.0179 
2    | 24    | 0.5621   | 1.0693   | 0.9559 
3-5  | 68    | 0.4903   | 0.9838   | 0.8503 
6+   | 208   | 0.3449   | 0.4743   | 0.3577 

Epoch 146: loss = 0.925213 delta_mae_pts = 0.4788 recap_mae_pts = 0.4788 cat_mae_pts = 0.5020 total_mae_pts = 1.0281 vs_inertia_pts = 0.4929 vs_quad_pts = 1.6135 mon_cov = 0.964 mon_score = 5.2751 time = 16638.50 s

Epoch 147: Weights {"totalWeight":0.1,"recapWeight":0.05,"deltaWeight":9.75,"categoryWeight":0.05,"quantileWeight":0.5132,"consistencyWeight":0,"identityDropoutRate":0.77675}, Scales {"judgeBias":1,"corps":1}, SeqLen 15, ID_Drop 0.782, WFW 1.500 

History Bucket Diagnostics (Avg Abs Error per sample, normalized units):
Hist | Count | MAE_Pred | MAE_Base | PredDevFromBase
-----|-------|----------|----------|----------------
0    | 71    | 0.8069   | 2.2794   | 2.0180 
1    | 31    | 0.5035   | 1.2121   | 1.0688 
2    | 24    | 0.5959   | 1.0693   | 0.8756 
3-5  | 68    | 0.4826   | 0.9838   | 0.8779 
6+   | 208   | 0.3342   | 0.4743   | 0.3571 

Epoch 147: loss = 0.983370 delta_mae_pts = 0.4715 recap_mae_pts = 0.4715 cat_mae_pts = 0.4881 total_mae_pts = 1.0260 vs_inertia_pts = 0.5003 vs_quad_pts = 1.6208 mon_cov = 0.965 mon_score = 5.2016 time = 16746.76 s
Saved BEST checkpoint @epoch 147 score = 5.2016 -> models\v9_subcaption_fixed\v9fix_swa_train_best_export_1770556452661\best 

Epoch 148: Weights {"totalWeight":0.1,"recapWeight":0.05,"deltaWeight":9.75,"categoryWeight":0.05,"quantileWeight":0.5167999999999999,"consistencyWeight":0,"identityDropoutRate":0.772}, Scales {"judgeBias":1,"corps":1}, SeqLen 15, ID_Drop 0.783, WFW 1.500 

History Bucket Diagnostics (Avg Abs Error per sample, normalized units):
Hist | Count | MAE_Pred | MAE_Base | PredDevFromBase
-----|-------|----------|----------|----------------
0    | 71    | 0.8392   | 2.2794   | 2.0444 
1    | 31    | 0.4968   | 1.2121   | 1.1014 
2    | 24    | 0.5548   | 1.0693   | 0.9538 
3-5  | 68    | 0.4841   | 0.9838   | 0.8129 
6+   | 208   | 0.3423   | 0.4743   | 0.3571 

Epoch 148: loss = 0.937640 delta_mae_pts = 0.4786 recap_mae_pts = 0.4786 cat_mae_pts = 0.5031 total_mae_pts = 1.0655 vs_inertia_pts = 0.4931 vs_quad_pts = 1.6136 mon_cov = 0.970 mon_score = 5.3115 time = 16858.70 s

Epoch 149: Weights {"totalWeight":0.1,"recapWeight":0.05,"deltaWeight":9.75,"categoryWeight":0.05,"quantileWeight":0.5204,"consistencyWeight":0,"identityDropoutRate":0.76725}, Scales {"judgeBias":1,"corps":1}, SeqLen 15, ID_Drop 0.769, WFW 1.500 

History Bucket Diagnostics (Avg Abs Error per sample, normalized units):
Hist | Count | MAE_Pred | MAE_Base | PredDevFromBase
-----|-------|----------|----------|----------------
0    | 71    | 0.8139   | 2.2794   | 2.0902 
1    | 31    | 0.5193   | 1.2121   | 1.1488 
2    | 24    | 0.6023   | 1.0693   | 0.9301 
3-5  | 68    | 0.4570   | 0.9838   | 0.8577 
6+   | 208   | 0.3322   | 0.4743   | 0.3802 

Epoch 149: loss = 0.947532 delta_mae_pts = 0.4689 recap_mae_pts = 0.4689 cat_mae_pts = 0.4879 total_mae_pts = 1.0281 vs_inertia_pts = 0.5028 vs_quad_pts = 1.6233 mon_cov = 0.968 mon_score = 5.2081 time = 16968.53 s

Epoch 150: Weights {"totalWeight":0.1,"recapWeight":0.05,"deltaWeight":9.75,"categoryWeight":0.05,"quantileWeight":0.524,"consistencyWeight":0,"identityDropoutRate":0.7625}, Scales {"judgeBias":1,"corps":1}, SeqLen 15, ID_Drop 0.771, WFW 1.500 

History Bucket Diagnostics (Avg Abs Error per sample, normalized units):
Hist | Count | MAE_Pred | MAE_Base | PredDevFromBase
-----|-------|----------|----------|----------------
0    | 71    | 0.8626   | 2.2794   | 2.2178 
1    | 31    | 0.5389   | 1.2121   | 1.1162 
2    | 24    | 0.5922   | 1.0693   | 0.9633 
3-5  | 68    | 0.4904   | 0.9838   | 0.8138 
6+   | 208   | 0.3357   | 0.4743   | 0.3629 

Epoch 150: loss = 0.957075 delta_mae_pts = 0.4859 recap_mae_pts = 0.4859 cat_mae_pts = 0.5140 total_mae_pts = 1.0998 vs_inertia_pts = 0.4858 vs_quad_pts = 1.6063 mon_cov = 0.965 mon_score = 5.3769 time = 17080.01 s

-- - CAPTION STATS(Epoch 150)-- - 
GE1: delta_pts = 0.3464, recap_pts = 0.3464, cov = 0.955, width = 1.9996 
GE2: delta_pts = 0.3414, recap_pts = 0.3414, cov = 0.960, width = 2.0286 
VP: delta_pts = 0.4249, recap_pts = 0.4249, cov = 0.985, width = 3.7680 
VA: delta_pts = 0.4070, recap_pts = 0.4070, cov = 0.933, width = 2.0876 
CG: delta_pts = 0.5564, recap_pts = 0.5564, cov = 0.968, width = 3.9061 
MB: delta_pts = 0.7044, recap_pts = 0.7044, cov = 0.973, width = 5.6064 
MA: delta_pts = 0.3544, recap_pts = 0.3544, cov = 0.973, width = 2.1303 
MP: delta_pts = 0.7526, recap_pts = 0.7526, cov = 0.973, width = 6.1372 
----------------------------------


Epoch 151: Weights {"totalWeight":0.1,"recapWeight":0.05,"deltaWeight":9.75,"categoryWeight":0.05,"quantileWeight":0.5276000000000001,"consistencyWeight":0,"identityDropoutRate":0.75775}, Scales {"judgeBias":1,"corps":1}, SeqLen 15, ID_Drop 0.768, WFW 1.500 

History Bucket Diagnostics (Avg Abs Error per sample, normalized units):
Hist | Count | MAE_Pred | MAE_Base | PredDevFromBase
-----|-------|----------|----------|----------------
0    | 71    | 0.8777   | 2.2794   | 2.0652 
1    | 31    | 0.5013   | 1.2121   | 1.0784 
2    | 24    | 0.6070   | 1.0693   | 0.9146 
3-5  | 68    | 0.4740   | 0.9838   | 0.8311 
6+   | 208   | 0.3312   | 0.4743   | 0.3710 

Epoch 151: loss = 0.906533 delta_mae_pts = 0.4815 recap_mae_pts = 0.4815 cat_mae_pts = 0.4889 total_mae_pts = 1.0432 vs_inertia_pts = 0.4902 vs_quad_pts = 1.6108 mon_cov = 0.966 mon_score = 5.3226 time = 17189.72 s

Epoch 152: Weights {"totalWeight":0.1,"recapWeight":0.05,"deltaWeight":9.75,"categoryWeight":0.05,"quantileWeight":0.5312,"consistencyWeight":0,"identityDropoutRate":0.753}, Scales {"judgeBias":1,"corps":1}, SeqLen 15, ID_Drop 0.763, WFW 1.500 

History Bucket Diagnostics (Avg Abs Error per sample, normalized units):
Hist | Count | MAE_Pred | MAE_Base | PredDevFromBase
-----|-------|----------|----------|----------------
0    | 71    | 0.9144   | 2.2794   | 2.1644 
1    | 31    | 0.5095   | 1.2121   | 1.0463 
2    | 24    | 0.6296   | 1.0693   | 0.9117 
3-5  | 68    | 0.4790   | 0.9838   | 0.8119 
6+   | 208   | 0.3421   | 0.4743   | 0.3847 

Epoch 152: loss = 0.901615 delta_mae_pts = 0.4964 recap_mae_pts = 0.4964 cat_mae_pts = 0.5135 total_mae_pts = 1.1409 vs_inertia_pts = 0.4753 vs_quad_pts = 1.5959 mon_cov = 0.963 mon_score = 5.4597 time = 17300.18 s

Epoch 153: Weights {"totalWeight":0.1,"recapWeight":0.05,"deltaWeight":9.75,"categoryWeight":0.05,"quantileWeight":0.5347999999999999,"consistencyWeight":0,"identityDropoutRate":0.7482500000000001}, Scales {"judgeBias":1,"corps":1}, SeqLen 15, ID_Drop 0.756, WFW 1.500 

History Bucket Diagnostics (Avg Abs Error per sample, normalized units):
Hist | Count | MAE_Pred | MAE_Base | PredDevFromBase
-----|-------|----------|----------|----------------
0    | 71    | 0.8833   | 2.2794   | 2.1944 
1    | 31    | 0.5094   | 1.2121   | 1.1643 
2    | 24    | 0.5887   | 1.0693   | 0.9990 
3-5  | 68    | 0.4915   | 0.9838   | 0.8611 
6+   | 208   | 0.3498   | 0.4743   | 0.3599 

Epoch 153: loss = 0.976182 delta_mae_pts = 0.4945 recap_mae_pts = 0.4945 cat_mae_pts = 0.5129 total_mae_pts = 1.1169 vs_inertia_pts = 0.4772 vs_quad_pts = 1.5977 mon_cov = 0.965 mon_score = 5.4668 time = 17410.49 s

Epoch 154: Weights {"totalWeight":0.1,"recapWeight":0.05,"deltaWeight":9.75,"categoryWeight":0.05,"quantileWeight":0.5384,"consistencyWeight":0,"identityDropoutRate":0.7435}, Scales {"judgeBias":1,"corps":1}, SeqLen 15, ID_Drop 0.753, WFW 1.500 

History Bucket Diagnostics (Avg Abs Error per sample, normalized units):
Hist | Count | MAE_Pred | MAE_Base | PredDevFromBase
-----|-------|----------|----------|----------------
0    | 71    | 0.8922   | 2.2794   | 2.2124 
1    | 31    | 0.4839   | 1.2121   | 1.1318 
2    | 24    | 0.5900   | 1.0693   | 0.9797 
3-5  | 68    | 0.4665   | 0.9838   | 0.8534 
6+   | 208   | 0.3308   | 0.4743   | 0.3807 

Epoch 154: loss = 0.965027 delta_mae_pts = 0.4802 recap_mae_pts = 0.4802 cat_mae_pts = 0.4919 total_mae_pts = 1.0728 vs_inertia_pts = 0.4915 vs_quad_pts = 1.6121 mon_cov = 0.966 mon_score = 5.2941 time = 17519.00 s

Epoch 155: Weights {"totalWeight":0.1,"recapWeight":0.05,"deltaWeight":9.75,"categoryWeight":0.05,"quantileWeight":0.542,"consistencyWeight":0,"identityDropoutRate":0.73875}, Scales {"judgeBias":1,"corps":1}, SeqLen 15, ID_Drop 0.735, WFW 1.500 

History Bucket Diagnostics (Avg Abs Error per sample, normalized units):
Hist | Count | MAE_Pred | MAE_Base | PredDevFromBase
-----|-------|----------|----------|----------------
0    | 71    | 0.8591   | 2.2794   | 2.1176 
1    | 31    | 0.5121   | 1.2121   | 1.0316 
2    | 24    | 0.5823   | 1.0693   | 0.9075 
3-5  | 68    | 0.4843   | 0.9838   | 0.8782 
6+   | 208   | 0.3444   | 0.4743   | 0.3570 

Epoch 155: loss = 0.959878 delta_mae_pts = 0.4861 recap_mae_pts = 0.4861 cat_mae_pts = 0.5117 total_mae_pts = 1.1140 vs_inertia_pts = 0.4856 vs_quad_pts = 1.6062 mon_cov = 0.967 mon_score = 5.4159 time = 17631.15 s

Epoch 156: Weights {"totalWeight":0.1,"recapWeight":0.05,"deltaWeight":9.75,"categoryWeight":0.05,"quantileWeight":0.5456000000000001,"consistencyWeight":0,"identityDropoutRate":0.734}, Scales {"judgeBias":1,"corps":1}, SeqLen 15, ID_Drop 0.740, WFW 1.500 

History Bucket Diagnostics (Avg Abs Error per sample, normalized units):
Hist | Count | MAE_Pred | MAE_Base | PredDevFromBase
-----|-------|----------|----------|----------------
0    | 71    | 0.9057   | 2.2794   | 2.1877 
1    | 31    | 0.5142   | 1.2121   | 1.1480 
2    | 24    | 0.5552   | 1.0693   | 0.9917 
3-5  | 68    | 0.4817   | 0.9838   | 0.8198 
6+   | 208   | 0.3320   | 0.4743   | 0.3566 

Epoch 156: loss = 0.952703 delta_mae_pts = 0.4860 recap_mae_pts = 0.4860 cat_mae_pts = 0.5116 total_mae_pts = 1.1191 vs_inertia_pts = 0.4857 vs_quad_pts = 1.6062 mon_cov = 0.963 mon_score = 5.3794 time = 17739.45 s

Epoch 157: Weights {"totalWeight":0.1,"recapWeight":0.05,"deltaWeight":9.75,"categoryWeight":0.05,"quantileWeight":0.5492,"consistencyWeight":0,"identityDropoutRate":0.72925}, Scales {"judgeBias":1,"corps":1}, SeqLen 15, ID_Drop 0.740, WFW 1.500 

History Bucket Diagnostics (Avg Abs Error per sample, normalized units):
Hist | Count | MAE_Pred | MAE_Base | PredDevFromBase
-----|-------|----------|----------|----------------
0    | 71    | 0.8699   | 2.2794   | 2.1116 
1    | 31    | 0.4959   | 1.2121   | 1.0627 
2    | 24    | 0.5259   | 1.0693   | 0.9867 
3-5  | 68    | 0.4689   | 0.9838   | 0.8550 
6+   | 208   | 0.3250   | 0.4743   | 0.3624 

Epoch 157: loss = 0.945282 delta_mae_pts = 0.4708 recap_mae_pts = 0.4708 cat_mae_pts = 0.4857 total_mae_pts = 1.0260 vs_inertia_pts = 0.5010 vs_quad_pts = 1.6215 mon_cov = 0.969 mon_score = 5.2134 time = 17858.51 s

Epoch 158: Weights {"totalWeight":0.1,"recapWeight":0.05,"deltaWeight":9.75,"categoryWeight":0.05,"quantileWeight":0.5528,"consistencyWeight":0,"identityDropoutRate":0.7245}, Scales {"judgeBias":1,"corps":1}, SeqLen 15, ID_Drop 0.729, WFW 1.500 

History Bucket Diagnostics (Avg Abs Error per sample, normalized units):
Hist | Count | MAE_Pred | MAE_Base | PredDevFromBase
-----|-------|----------|----------|----------------
0    | 71    | 0.9311   | 2.2794   | 2.2709 
1    | 31    | 0.5276   | 1.2121   | 1.2213 
2    | 24    | 0.5705   | 1.0693   | 1.0218 
3-5  | 68    | 0.4545   | 0.9838   | 0.8932 
6+   | 208   | 0.3342   | 0.4743   | 0.3933 

Epoch 158: loss = 0.884780 delta_mae_pts = 0.4890 recap_mae_pts = 0.4890 cat_mae_pts = 0.5051 total_mae_pts = 1.1207 vs_inertia_pts = 0.4827 vs_quad_pts = 1.6033 mon_cov = 0.965 mon_score = 5.3999 time = 17948.31 s

Epoch 159: Weights {"totalWeight":0.1,"recapWeight":0.05,"deltaWeight":9.75,"categoryWeight":0.05,"quantileWeight":0.5564,"consistencyWeight":0,"identityDropoutRate":0.71975}, Scales {"judgeBias":1,"corps":1}, SeqLen 15, ID_Drop 0.734, WFW 1.500 

History Bucket Diagnostics (Avg Abs Error per sample, normalized units):
Hist | Count | MAE_Pred | MAE_Base | PredDevFromBase
-----|-------|----------|----------|----------------
0    | 71    | 0.9042   | 2.2794   | 2.1774 
1    | 31    | 0.5141   | 1.2121   | 1.0924 
2    | 24    | 0.5453   | 1.0693   | 0.9981 
3-5  | 68    | 0.4916   | 0.9838   | 0.8269 
6+   | 208   | 0.3367   | 0.4743   | 0.3682 

Epoch 159: loss = 0.905887 delta_mae_pts = 0.4893 recap_mae_pts = 0.4893 cat_mae_pts = 0.4980 total_mae_pts = 1.0633 vs_inertia_pts = 0.4825 vs_quad_pts = 1.6030 mon_cov = 0.966 mon_score = 5.4027 time = 18059.97 s

Epoch 160: Weights {"totalWeight":0.1,"recapWeight":0.05,"deltaWeight":9.75,"categoryWeight":0.05,"quantileWeight":0.56,"consistencyWeight":0,"identityDropoutRate":0.7150000000000001}, Scales {"judgeBias":1,"corps":1}, SeqLen 15, ID_Drop 0.718, WFW 1.500 

History Bucket Diagnostics (Avg Abs Error per sample, normalized units):
Hist | Count | MAE_Pred | MAE_Base | PredDevFromBase
-----|-------|----------|----------|----------------
0    | 71    | 0.8850   | 2.2794   | 2.1424 
1    | 31    | 0.5097   | 1.2121   | 1.1546 
2    | 24    | 0.5558   | 1.0693   | 0.9822 
3-5  | 68    | 0.4560   | 0.9838   | 0.8908 
6+   | 208   | 0.3254   | 0.4743   | 0.4084 

Epoch 160: loss = 0.935492 delta_mae_pts = 0.4743 recap_mae_pts = 0.4743 cat_mae_pts = 0.5047 total_mae_pts = 1.1014 vs_inertia_pts = 0.4974 vs_quad_pts = 1.6180 mon_cov = 0.969 mon_score = 5.2560 time = 18167.91 s

Epoch 161: Weights {"totalWeight":0.1,"recapWeight":0.05,"deltaWeight":9.75,"categoryWeight":0.05,"quantileWeight":0.5636000000000001,"consistencyWeight":0,"identityDropoutRate":0.71025}, Scales {"judgeBias":1,"corps":1}, SeqLen 15, ID_Drop 0.715, WFW 1.500 

History Bucket Diagnostics (Avg Abs Error per sample, normalized units):
Hist | Count | MAE_Pred | MAE_Base | PredDevFromBase
-----|-------|----------|----------|----------------
0    | 71    | 0.8817   | 2.2794   | 2.1655 
1    | 31    | 0.5087   | 1.2121   | 1.0854 
2    | 24    | 0.5905   | 1.0693   | 1.0165 
3-5  | 68    | 0.4944   | 0.9838   | 0.8539 
6+   | 208   | 0.3325   | 0.4743   | 0.3936 

Epoch 161: loss = 0.864780 delta_mae_pts = 0.4859 recap_mae_pts = 0.4859 cat_mae_pts = 0.5193 total_mae_pts = 1.1202 vs_inertia_pts = 0.4858 vs_quad_pts = 1.6064 mon_cov = 0.964 mon_score = 5.3821 time = 18278.50 s

Epoch 162: Weights {"totalWeight":0.1,"recapWeight":0.05,"deltaWeight":9.75,"categoryWeight":0.05,"quantileWeight":0.5671999999999999,"consistencyWeight":0,"identityDropoutRate":0.7055}, Scales {"judgeBias":1,"corps":1}, SeqLen 15, ID_Drop 0.696, WFW 1.500 

History Bucket Diagnostics (Avg Abs Error per sample, normalized units):
Hist | Count | MAE_Pred | MAE_Base | PredDevFromBase
-----|-------|----------|----------|----------------
0    | 71    | 0.8744   | 2.2794   | 2.1897 
1    | 31    | 0.5425   | 1.2121   | 1.1486 
2    | 24    | 0.5402   | 1.0693   | 1.0075 
3-5  | 68    | 0.4915   | 0.9838   | 0.8797 
6+   | 208   | 0.3229   | 0.4743   | 0.3776 

Epoch 162: loss = 0.855130 delta_mae_pts = 0.4788 recap_mae_pts = 0.4788 cat_mae_pts = 0.5013 total_mae_pts = 1.0813 vs_inertia_pts = 0.4930 vs_quad_pts = 1.6135 mon_cov = 0.965 mon_score = 5.2894 time = 18388.31 s

Epoch 163: Weights {"totalWeight":0.1,"recapWeight":0.05,"deltaWeight":9.75,"categoryWeight":0.05,"quantileWeight":0.5708,"consistencyWeight":0,"identityDropoutRate":0.70075}, Scales {"judgeBias":1,"corps":1}, SeqLen 15, ID_Drop 0.710, WFW 1.500 

History Bucket Diagnostics (Avg Abs Error per sample, normalized units):
Hist | Count | MAE_Pred | MAE_Base | PredDevFromBase
-----|-------|----------|----------|----------------
0    | 71    | 0.8738   | 2.2794   | 2.1098 
1    | 31    | 0.5141   | 1.2121   | 1.0533 
2    | 24    | 0.5627   | 1.0693   | 0.9489 
3-5  | 68    | 0.4779   | 0.9838   | 0.8508 
6+   | 208   | 0.3304   | 0.4743   | 0.3804 

Epoch 163: loss = 0.860324 delta_mae_pts = 0.4793 recap_mae_pts = 0.4793 cat_mae_pts = 0.5049 total_mae_pts = 1.0579 vs_inertia_pts = 0.4924 vs_quad_pts = 1.6129 mon_cov = 0.969 mon_score = 5.3149 time = 18497.95 s

Epoch 164: Weights {"totalWeight":0.1,"recapWeight":0.05,"deltaWeight":9.75,"categoryWeight":0.05,"quantileWeight":0.5744,"consistencyWeight":0,"identityDropoutRate":0.696}, Scales {"judgeBias":1,"corps":1}, SeqLen 15, ID_Drop 0.687, WFW 1.500 

History Bucket Diagnostics (Avg Abs Error per sample, normalized units):
Hist | Count | MAE_Pred | MAE_Base | PredDevFromBase
-----|-------|----------|----------|----------------
0    | 71    | 0.8486   | 2.2794   | 2.1047 
1    | 31    | 0.5095   | 1.2121   | 1.0665 
2    | 24    | 0.5549   | 1.0693   | 0.9849 
3-5  | 68    | 0.4699   | 0.9838   | 0.8948 
6+   | 208   | 0.3240   | 0.4743   | 0.3896 

Epoch 164: loss = 0.908534 delta_mae_pts = 0.4694 recap_mae_pts = 0.4694 cat_mae_pts = 0.4965 total_mae_pts = 1.0679 vs_inertia_pts = 0.5023 vs_quad_pts = 1.6229 mon_cov = 0.972 mon_score = 5.2191 time = 18608.96 s

Epoch 165: Weights {"totalWeight":0.1,"recapWeight":0.05,"deltaWeight":9.75,"categoryWeight":0.05,"quantileWeight":0.5780000000000001,"consistencyWeight":0,"identityDropoutRate":0.69125}, Scales {"judgeBias":1,"corps":1}, SeqLen 15, ID_Drop 0.691, WFW 1.500 

History Bucket Diagnostics (Avg Abs Error per sample, normalized units):
Hist | Count | MAE_Pred | MAE_Base | PredDevFromBase
-----|-------|----------|----------|----------------
0    | 71    | 0.8498   | 2.2794   | 2.1852 
1    | 31    | 0.5414   | 1.2121   | 1.1865 
2    | 24    | 0.5885   | 1.0693   | 0.9823 
3-5  | 68    | 0.4578   | 0.9838   | 0.9213 
6+   | 208   | 0.3257   | 0.4743   | 0.3976 

Epoch 165: loss = 0.929704 delta_mae_pts = 0.4729 recap_mae_pts = 0.4729 cat_mae_pts = 0.4951 total_mae_pts = 1.0381 vs_inertia_pts = 0.4988 vs_quad_pts = 1.6194 mon_cov = 0.968 mon_score = 5.2503 time = 18718.48 s

--- NO IMPROVEMENT FOR 18 EPOCHS: Reducing LR to 0.000030 ---

Epoch 166: Weights {"totalWeight":0.1,"recapWeight":0.05,"deltaWeight":9.75,"categoryWeight":0.05,"quantileWeight":0.5816,"consistencyWeight":0,"identityDropoutRate":0.6865}, Scales {"judgeBias":1,"corps":1}, SeqLen 15, ID_Drop 0.678, WFW 1.500 

History Bucket Diagnostics (Avg Abs Error per sample, normalized units):
Hist | Count | MAE_Pred | MAE_Base | PredDevFromBase
-----|-------|----------|----------|----------------
0    | 71    | 0.8277   | 2.2794   | 2.0445 
1    | 31    | 0.4947   | 1.2121   | 1.0569 
2    | 24    | 0.5513   | 1.0693   | 0.9917 
3-5  | 68    | 0.4819   | 0.9838   | 0.8848 
6+   | 208   | 0.3272   | 0.4743   | 0.3884 

Epoch 166: loss = 0.923687 delta_mae_pts = 0.4681 recap_mae_pts = 0.4681 cat_mae_pts = 0.4918 total_mae_pts = 1.0376 vs_inertia_pts = 0.5036 vs_quad_pts = 1.6242 mon_cov = 0.965 mon_score = 5.1911 time = 18831.53 s
Saved BEST checkpoint @epoch 166 score = 5.1911 -> models\v9_subcaption_fixed\v9fix_swa_train_best_export_1770556452661\best 

Epoch 167: Weights {"totalWeight":0.1,"recapWeight":0.05,"deltaWeight":9.75,"categoryWeight":0.05,"quantileWeight":0.5851999999999999,"consistencyWeight":0,"identityDropoutRate":0.6817500000000001}, Scales {"judgeBias":1,"corps":1}, SeqLen 15, ID_Drop 0.691, WFW 1.500 

History Bucket Diagnostics (Avg Abs Error per sample, normalized units):
Hist | Count | MAE_Pred | MAE_Base | PredDevFromBase
-----|-------|----------|----------|----------------
0    | 71    | 0.8402   | 2.2794   | 2.0713 
1    | 31    | 0.5155   | 1.2121   | 1.1147 
2    | 24    | 0.5715   | 1.0693   | 0.9370 
3-5  | 68    | 0.4473   | 0.9838   | 0.8610 
6+   | 208   | 0.3220   | 0.4743   | 0.3838 

Epoch 167: loss = 0.939324 delta_mae_pts = 0.4645 recap_mae_pts = 0.4645 cat_mae_pts = 0.4862 total_mae_pts = 1.0204 vs_inertia_pts = 0.5072 vs_quad_pts = 1.6277 mon_cov = 0.970 mon_score = 5.1634 time = 18941.48 s
Saved BEST checkpoint @epoch 167 score = 5.1634 -> models\v9_subcaption_fixed\v9fix_swa_train_best_export_1770556452661\best 

Epoch 168: Weights {"totalWeight":0.1,"recapWeight":0.05,"deltaWeight":9.75,"categoryWeight":0.05,"quantileWeight":0.5888,"consistencyWeight":0,"identityDropoutRate":0.677}, Scales {"judgeBias":1,"corps":1}, SeqLen 15, ID_Drop 0.691, WFW 1.500 

History Bucket Diagnostics (Avg Abs Error per sample, normalized units):
Hist | Count | MAE_Pred | MAE_Base | PredDevFromBase
-----|-------|----------|----------|----------------
0    | 71    | 0.8036   | 2.2794   | 2.0946 
1    | 31    | 0.5311   | 1.2121   | 1.0624 
2    | 24    | 0.5432   | 1.0693   | 0.9332 
3-5  | 68    | 0.4683   | 0.9838   | 0.8714 
6+   | 208   | 0.3244   | 0.4743   | 0.3906 

Epoch 168: loss = 0.858457 delta_mae_pts = 0.4624 recap_mae_pts = 0.4624 cat_mae_pts = 0.4892 total_mae_pts = 1.0196 vs_inertia_pts = 0.5093 vs_quad_pts = 1.6299 mon_cov = 0.969 mon_score = 5.1455 time = 19053.07 s
Saved BEST checkpoint @epoch 168 score = 5.1455 -> models\v9_subcaption_fixed\v9fix_swa_train_best_export_1770556452661\best 

Epoch 169: Weights {"totalWeight":0.1,"recapWeight":0.05,"deltaWeight":9.75,"categoryWeight":0.05,"quantileWeight":0.5924,"consistencyWeight":0,"identityDropoutRate":0.67225}, Scales {"judgeBias":1,"corps":1}, SeqLen 15, ID_Drop 0.670, WFW 1.500 

History Bucket Diagnostics (Avg Abs Error per sample, normalized units):
Hist | Count | MAE_Pred | MAE_Base | PredDevFromBase
-----|-------|----------|----------|----------------
0    | 71    | 0.8584   | 2.2794   | 2.1106 
1    | 31    | 0.5195   | 1.2121   | 1.1190 
2    | 24    | 0.5990   | 1.0693   | 0.9154 
3-5  | 68    | 0.4710   | 0.9838   | 0.8891 
6+   | 208   | 0.3292   | 0.4743   | 0.4019 

Epoch 169: loss = 0.848555 delta_mae_pts = 0.4774 recap_mae_pts = 0.4774 cat_mae_pts = 0.5086 total_mae_pts = 1.0690 vs_inertia_pts = 0.4943 vs_quad_pts = 1.6149 mon_cov = 0.964 mon_score = 5.2868 time = 19163.35 s

Epoch 170: Weights {"totalWeight":0.1,"recapWeight":0.05,"deltaWeight":9.75,"categoryWeight":0.05,"quantileWeight":0.5960000000000001,"consistencyWeight":0,"identityDropoutRate":0.6675}, Scales {"judgeBias":1,"corps":1}, SeqLen 15, ID_Drop 0.673, WFW 1.500 

History Bucket Diagnostics (Avg Abs Error per sample, normalized units):
Hist | Count | MAE_Pred | MAE_Base | PredDevFromBase
-----|-------|----------|----------|----------------
0    | 71    | 0.8190   | 2.2794   | 2.0948 
1    | 31    | 0.5072   | 1.2121   | 1.0859 
2    | 24    | 0.5468   | 1.0693   | 0.9665 
3-5  | 68    | 0.4858   | 0.9838   | 0.8905 
6+   | 208   | 0.3337   | 0.4743   | 0.3967 

Epoch 170: loss = 0.855519 delta_mae_pts = 0.4712 recap_mae_pts = 0.4712 cat_mae_pts = 0.4895 total_mae_pts = 1.0361 vs_inertia_pts = 0.5005 vs_quad_pts = 1.6210 mon_cov = 0.968 mon_score = 5.2178 time = 19272.93 s

Epoch 171: Weights {"totalWeight":0.1,"recapWeight":0.05,"deltaWeight":9.75,"categoryWeight":0.05,"quantileWeight":0.5996,"consistencyWeight":0,"identityDropoutRate":0.66275}, Scales {"judgeBias":1,"corps":1}, SeqLen 15, ID_Drop 0.674, WFW 1.500 

History Bucket Diagnostics (Avg Abs Error per sample, normalized units):
Hist | Count | MAE_Pred | MAE_Base | PredDevFromBase
-----|-------|----------|----------|----------------
0    | 71    | 0.8395   | 2.2794   | 2.0455 
1    | 31    | 0.4937   | 1.2121   | 1.0941 
2    | 24    | 0.5324   | 1.0693   | 0.9757 
3-5  | 68    | 0.4553   | 0.9838   | 0.8840 
6+   | 208   | 0.3246   | 0.4743   | 0.3910 

Epoch 171: loss = 0.899330 delta_mae_pts = 0.4631 recap_mae_pts = 0.4631 cat_mae_pts = 0.4780 total_mae_pts = 1.0016 vs_inertia_pts = 0.5086 vs_quad_pts = 1.6292 mon_cov = 0.971 mon_score = 5.1532 time = 19382.99 s

Epoch 172: Weights {"totalWeight":0.1,"recapWeight":0.05,"deltaWeight":9.75,"categoryWeight":0.05,"quantileWeight":0.6032,"consistencyWeight":0,"identityDropoutRate":0.658}, Scales {"judgeBias":1,"corps":1}, SeqLen 15, ID_Drop 0.654, WFW 1.500 

History Bucket Diagnostics (Avg Abs Error per sample, normalized units):
Hist | Count | MAE_Pred | MAE_Base | PredDevFromBase
-----|-------|----------|----------|----------------
0    | 71    | 0.8071   | 2.2794   | 2.0930 
1    | 31    | 0.5031   | 1.2121   | 1.1107 
2    | 24    | 0.5717   | 1.0693   | 0.9327 
3-5  | 68    | 0.4709   | 0.9838   | 0.8556 
6+   | 208   | 0.3244   | 0.4743   | 0.3735 

Epoch 172: loss = 0.899342 delta_mae_pts = 0.4630 recap_mae_pts = 0.4630 cat_mae_pts = 0.4826 total_mae_pts = 1.0011 vs_inertia_pts = 0.5087 vs_quad_pts = 1.6293 mon_cov = 0.969 mon_score = 5.1578 time = 19492.38 s

Epoch 173: Weights {"totalWeight":0.1,"recapWeight":0.05,"deltaWeight":9.75,"categoryWeight":0.05,"quantileWeight":0.6068,"consistencyWeight":0,"identityDropoutRate":0.65325}, Scales {"judgeBias":1,"corps":1}, SeqLen 15, ID_Drop 0.663, WFW 1.500 

History Bucket Diagnostics (Avg Abs Error per sample, normalized units):
Hist | Count | MAE_Pred | MAE_Base | PredDevFromBase
-----|-------|----------|----------|----------------
0    | 71    | 0.8391   | 2.2794   | 2.1559 
1    | 31    | 0.5158   | 1.2121   | 1.1124 
2    | 24    | 0.5668   | 1.0693   | 0.9804 
3-5  | 68    | 0.4457   | 0.9838   | 0.8721 
6+   | 208   | 0.3255   | 0.4743   | 0.3924 

Epoch 173: loss = 0.823297 delta_mae_pts = 0.4656 recap_mae_pts = 0.4656 cat_mae_pts = 0.4867 total_mae_pts = 1.0272 vs_inertia_pts = 0.5061 vs_quad_pts = 1.6267 mon_cov = 0.968 mon_score = 5.1578 time = 19604.25 s

Epoch 174: Weights {"totalWeight":0.1,"recapWeight":0.05,"deltaWeight":9.75,"categoryWeight":0.05,"quantileWeight":0.6104,"consistencyWeight":0,"identityDropoutRate":0.6485000000000001}, Scales {"judgeBias":1,"corps":1}, SeqLen 15, ID_Drop 0.654, WFW 1.500 

History Bucket Diagnostics (Avg Abs Error per sample, normalized units):
Hist | Count | MAE_Pred | MAE_Base | PredDevFromBase
-----|-------|----------|----------|----------------
0    | 71    | 0.8212   | 2.2794   | 2.1170 
1    | 31    | 0.5102   | 1.2121   | 1.1491 
2    | 24    | 0.5776   | 1.0693   | 0.9911 
3-5  | 68    | 0.4747   | 0.9838   | 0.8480 
6+   | 208   | 0.3338   | 0.4743   | 0.3724 

Epoch 174: loss = 0.825601 delta_mae_pts = 0.4719 recap_mae_pts = 0.4719 cat_mae_pts = 0.5059 total_mae_pts = 1.0566 vs_inertia_pts = 0.4998 vs_quad_pts = 1.6204 mon_cov = 0.968 mon_score = 5.2321 time = 19713.33 s

Epoch 175: Weights {"totalWeight":0.1,"recapWeight":0.05,"deltaWeight":9.75,"categoryWeight":0.05,"quantileWeight":0.6140000000000001,"consistencyWeight":0,"identityDropoutRate":0.64375}, Scales {"judgeBias":1,"corps":1}, SeqLen 15, ID_Drop 0.651, WFW 1.500 

History Bucket Diagnostics (Avg Abs Error per sample, normalized units):
Hist | Count | MAE_Pred | MAE_Base | PredDevFromBase
-----|-------|----------|----------|----------------
0    | 71    | 0.8787   | 2.2794   | 2.1618 
1    | 31    | 0.5081   | 1.2121   | 1.1014 
2    | 24    | 0.5347   | 1.0693   | 0.9459 
3-5  | 68    | 0.4954   | 0.9838   | 0.8252 
6+   | 208   | 0.3389   | 0.4743   | 0.3485 

Epoch 175: loss = 0.857548 delta_mae_pts = 0.4855 recap_mae_pts = 0.4855 cat_mae_pts = 0.4987 total_mae_pts = 1.0866 vs_inertia_pts = 0.4863 vs_quad_pts = 1.6068 mon_cov = 0.967 mon_score = 5.4009 time = 19826.34 s

Epoch 176: Weights {"totalWeight":0.1,"recapWeight":0.05,"deltaWeight":9.75,"categoryWeight":0.05,"quantileWeight":0.6176,"consistencyWeight":0,"identityDropoutRate":0.639}, Scales {"judgeBias":1,"corps":1}, SeqLen 15, ID_Drop 0.649, WFW 1.500 

History Bucket Diagnostics (Avg Abs Error per sample, normalized units):
Hist | Count | MAE_Pred | MAE_Base | PredDevFromBase
-----|-------|----------|----------|----------------
0    | 71    | 0.8709   | 2.2794   | 2.1245 
1    | 31    | 0.4916   | 1.2121   | 1.1072 
2    | 24    | 0.5010   | 1.0693   | 1.0261 
3-5  | 68    | 0.4613   | 0.9838   | 0.8745 
6+   | 208   | 0.3290   | 0.4743   | 0.3903 

Epoch 176: loss = 0.835387 delta_mae_pts = 0.4699 recap_mae_pts = 0.4699 cat_mae_pts = 0.4824 total_mae_pts = 1.0128 vs_inertia_pts = 0.5018 vs_quad_pts = 1.6224 mon_cov = 0.967 mon_score = 5.1952 time = 19938.05 s

Epoch 177: Weights {"totalWeight":0.1,"recapWeight":0.05,"deltaWeight":9.75,"categoryWeight":0.05,"quantileWeight":0.6212,"consistencyWeight":0,"identityDropoutRate":0.63425}, Scales {"judgeBias":1,"corps":1}, SeqLen 15, ID_Drop 0.643, WFW 1.500 

History Bucket Diagnostics (Avg Abs Error per sample, normalized units):
Hist | Count | MAE_Pred | MAE_Base | PredDevFromBase
-----|-------|----------|----------|----------------
0    | 71    | 0.8735   | 2.2794   | 2.1628 
1    | 31    | 0.5501   | 1.2121   | 0.9856 
2    | 24    | 0.5468   | 1.0693   | 0.9331 
3-5  | 68    | 0.4858   | 0.9838   | 0.8394 
6+   | 208   | 0.3299   | 0.4743   | 0.3747 

Epoch 177: loss = 0.831074 delta_mae_pts = 0.4822 recap_mae_pts = 0.4822 cat_mae_pts = 0.5001 total_mae_pts = 1.0840 vs_inertia_pts = 0.4895 vs_quad_pts = 1.6101 mon_cov = 0.968 mon_score = 5.3449 time = 20050.32 s

Epoch 178: Weights {"totalWeight":0.1,"recapWeight":0.05,"deltaWeight":9.75,"categoryWeight":0.05,"quantileWeight":0.6248,"consistencyWeight":0,"identityDropoutRate":0.6295}, Scales {"judgeBias":1,"corps":1}, SeqLen 15, ID_Drop 0.639, WFW 1.500 

History Bucket Diagnostics (Avg Abs Error per sample, normalized units):
Hist | Count | MAE_Pred | MAE_Base | PredDevFromBase
-----|-------|----------|----------|----------------
0    | 71    | 0.8582   | 2.2794   | 2.1310 
1    | 31    | 0.5322   | 1.2121   | 1.1390 
2    | 24    | 0.5126   | 1.0693   | 1.0032 
3-5  | 68    | 0.4930   | 0.9838   | 0.8462 
6+   | 208   | 0.3449   | 0.4743   | 0.3743 

Epoch 178: loss = 0.828927 delta_mae_pts = 0.4851 recap_mae_pts = 0.4851 cat_mae_pts = 0.4947 total_mae_pts = 1.0664 vs_inertia_pts = 0.4867 vs_quad_pts = 1.6072 mon_cov = 0.967 mon_score = 5.3542 time = 20162.36 s

Epoch 179: Weights {"totalWeight":0.1,"recapWeight":0.05,"deltaWeight":9.75,"categoryWeight":0.05,"quantileWeight":0.6284000000000001,"consistencyWeight":0,"identityDropoutRate":0.62475}, Scales {"judgeBias":1,"corps":1}, SeqLen 15, ID_Drop 0.630, WFW 1.500 

History Bucket Diagnostics (Avg Abs Error per sample, normalized units):
Hist | Count | MAE_Pred | MAE_Base | PredDevFromBase
-----|-------|----------|----------|----------------
0    | 71    | 0.8774   | 2.2794   | 2.0726 
1    | 31    | 0.5177   | 1.2121   | 1.0925 
2    | 24    | 0.5745   | 1.0693   | 1.0087 
3-5  | 68    | 0.4669   | 0.9838   | 0.9006 
6+   | 208   | 0.3450   | 0.4743   | 0.4127 

Epoch 179: loss = 0.823851 delta_mae_pts = 0.4866 recap_mae_pts = 0.4866 cat_mae_pts = 0.4945 total_mae_pts = 1.0925 vs_inertia_pts = 0.4851 vs_quad_pts = 1.6056 mon_cov = 0.964 mon_score = 5.3730 time = 20272.33 s

Epoch 180: Weights {"totalWeight":0.1,"recapWeight":0.05,"deltaWeight":9.75,"categoryWeight":0.05,"quantileWeight":0.632,"consistencyWeight":0,"identityDropoutRate":0.62}, Scales {"judgeBias":1,"corps":1}, SeqLen 15, ID_Drop 0.625, WFW 1.500 

History Bucket Diagnostics (Avg Abs Error per sample, normalized units):
Hist | Count | MAE_Pred | MAE_Base | PredDevFromBase
-----|-------|----------|----------|----------------
0    | 71    | 0.9319   | 2.2794   | 2.2264 
1    | 31    | 0.5574   | 1.2121   | 1.1770 
2    | 24    | 0.5511   | 1.0693   | 1.0112 
3-5  | 68    | 0.4424   | 0.9838   | 0.9121 
6+   | 208   | 0.3286   | 0.4743   | 0.4083 

Epoch 180: loss = 0.830484 delta_mae_pts = 0.4853 recap_mae_pts = 0.4853 cat_mae_pts = 0.5106 total_mae_pts = 1.1184 vs_inertia_pts = 0.4864 vs_quad_pts = 1.6070 mon_cov = 0.965 mon_score = 5.3804 time = 20384.44 s

Epoch 181: Weights {"totalWeight":0.1,"recapWeight":0.05,"deltaWeight":9.75,"categoryWeight":0.05,"quantileWeight":0.6355999999999999,"consistencyWeight":0,"identityDropoutRate":0.6152500000000001}, Scales {"judgeBias":1,"corps":1}, SeqLen 15, ID_Drop 0.626, WFW 1.500 

History Bucket Diagnostics (Avg Abs Error per sample, normalized units):
Hist | Count | MAE_Pred | MAE_Base | PredDevFromBase
-----|-------|----------|----------|----------------
0    | 71    | 0.8847   | 2.2794   | 2.1519 
1    | 31    | 0.4967   | 1.2121   | 1.1071 
2    | 24    | 0.5243   | 1.0693   | 0.9584 
3-5  | 68    | 0.4506   | 0.9838   | 0.8905 
6+   | 208   | 0.3303   | 0.4743   | 0.3813 

Epoch 181: loss = 0.810337 delta_mae_pts = 0.4730 recap_mae_pts = 0.4730 cat_mae_pts = 0.4794 total_mae_pts = 1.0113 vs_inertia_pts = 0.4987 vs_quad_pts = 1.6193 mon_cov = 0.971 mon_score = 5.2326 time = 20493.69 s

Epoch 182: Weights {"totalWeight":0.1,"recapWeight":0.05,"deltaWeight":9.75,"categoryWeight":0.05,"quantileWeight":0.6392,"consistencyWeight":0,"identityDropoutRate":0.6105}, Scales {"judgeBias":1,"corps":1}, SeqLen 15, ID_Drop 0.609, WFW 1.500 

History Bucket Diagnostics (Avg Abs Error per sample, normalized units):
Hist | Count | MAE_Pred | MAE_Base | PredDevFromBase
-----|-------|----------|----------|----------------
0    | 71    | 0.8553   | 2.2794   | 2.1472 
1    | 31    | 0.5164   | 1.2121   | 1.1040 
2    | 24    | 0.5437   | 1.0693   | 0.9642 
3-5  | 68    | 0.4445   | 0.9838   | 0.8844 
6+   | 208   | 0.3318   | 0.4743   | 0.3819 

Epoch 182: loss = 0.822653 delta_mae_pts = 0.4702 recap_mae_pts = 0.4702 cat_mae_pts = 0.4825 total_mae_pts = 1.0219 vs_inertia_pts = 0.5015 vs_quad_pts = 1.6221 mon_cov = 0.970 mon_score = 5.2010 time = 20605.91 s

Epoch 183: Weights {"totalWeight":0.1,"recapWeight":0.05,"deltaWeight":9.75,"categoryWeight":0.05,"quantileWeight":0.6428,"consistencyWeight":0,"identityDropoutRate":0.60575}, Scales {"judgeBias":1,"corps":1}, SeqLen 15, ID_Drop 0.620, WFW 1.500 

History Bucket Diagnostics (Avg Abs Error per sample, normalized units):
Hist | Count | MAE_Pred | MAE_Base | PredDevFromBase
-----|-------|----------|----------|----------------
0    | 71    | 0.8454   | 2.2794   | 2.1240 
1    | 31    | 0.5130   | 1.2121   | 1.1065 
2    | 24    | 0.5345   | 1.0693   | 1.0336 
3-5  | 68    | 0.4751   | 0.9838   | 0.8678 
6+   | 208   | 0.3336   | 0.4743   | 0.3773 

Epoch 183: loss = 0.864132 delta_mae_pts = 0.4737 recap_mae_pts = 0.4737 cat_mae_pts = 0.4958 total_mae_pts = 1.0326 vs_inertia_pts = 0.4980 vs_quad_pts = 1.6185 mon_cov = 0.966 mon_score = 5.2588 time = 20714.63 s

Epoch 184: Weights {"totalWeight":0.1,"recapWeight":0.05,"deltaWeight":9.75,"categoryWeight":0.05,"quantileWeight":0.6464000000000001,"consistencyWeight":0,"identityDropoutRate":0.601}, Scales {"judgeBias":1,"corps":1}, SeqLen 15, ID_Drop 0.611, WFW 1.500 

History Bucket Diagnostics (Avg Abs Error per sample, normalized units):
Hist | Count | MAE_Pred | MAE_Base | PredDevFromBase
-----|-------|----------|----------|----------------
0    | 71    | 0.8732   | 2.2794   | 2.1610 
1    | 31    | 0.5059   | 1.2121   | 1.0986 
2    | 24    | 0.5675   | 1.0693   | 1.0262 
3-5  | 68    | 0.4586   | 0.9838   | 0.9232 
6+   | 208   | 0.3324   | 0.4743   | 0.3920 

Epoch 184: loss = 0.797554 delta_mae_pts = 0.4766 recap_mae_pts = 0.4766 cat_mae_pts = 0.4987 total_mae_pts = 1.0834 vs_inertia_pts = 0.4951 vs_quad_pts = 1.6156 mon_cov = 0.965 mon_score = 5.2670 time = 20826.05 s

Epoch 185: Weights {"totalWeight":0.1,"recapWeight":0.05,"deltaWeight":9.75,"categoryWeight":0.05,"quantileWeight":0.65,"consistencyWeight":0,"identityDropoutRate":0.59625}, Scales {"judgeBias":1,"corps":1}, SeqLen 15, ID_Drop 0.605, WFW 1.500 

History Bucket Diagnostics (Avg Abs Error per sample, normalized units):
Hist | Count | MAE_Pred | MAE_Base | PredDevFromBase
-----|-------|----------|----------|----------------
0    | 71    | 0.8850   | 2.2794   | 2.1449 
1    | 31    | 0.5054   | 1.2121   | 1.1030 
2    | 24    | 0.5383   | 1.0693   | 1.0260 
3-5  | 68    | 0.4655   | 0.9838   | 0.9192 
6+   | 208   | 0.3344   | 0.4743   | 0.3973 

Epoch 185: loss = 0.812121 delta_mae_pts = 0.4792 recap_mae_pts = 0.4792 cat_mae_pts = 0.4929 total_mae_pts = 1.0394 vs_inertia_pts = 0.4926 vs_quad_pts = 1.6131 mon_cov = 0.966 mon_score = 5.3238 time = 20937.38 s

Epoch 186: Weights {"totalWeight":0.1,"recapWeight":0.05,"deltaWeight":9.75,"categoryWeight":0.05,"quantileWeight":0.6536,"consistencyWeight":0,"identityDropoutRate":0.5915}, Scales {"judgeBias":1,"corps":1}, SeqLen 15, ID_Drop 0.607, WFW 1.500 

History Bucket Diagnostics (Avg Abs Error per sample, normalized units):
Hist | Count | MAE_Pred | MAE_Base | PredDevFromBase
-----|-------|----------|----------|----------------
0    | 71    | 0.9390   | 2.2794   | 2.2420 
1    | 31    | 0.5192   | 1.2121   | 1.1202 
2    | 24    | 0.5807   | 1.0693   | 1.0594 
3-5  | 68    | 0.4680   | 0.9838   | 0.9429 
6+   | 208   | 0.3395   | 0.4743   | 0.4393 

Epoch 186: loss = 0.804750 delta_mae_pts = 0.4954 recap_mae_pts = 0.4954 cat_mae_pts = 0.5160 total_mae_pts = 1.1873 vs_inertia_pts = 0.4763 vs_quad_pts = 1.5969 mon_cov = 0.965 mon_score = 5.4712 time = 21047.26 s

Epoch 187: Weights {"totalWeight":0.1,"recapWeight":0.05,"deltaWeight":9.75,"categoryWeight":0.05,"quantileWeight":0.6572,"consistencyWeight":0,"identityDropoutRate":0.58675}, Scales {"judgeBias":1,"corps":1}, SeqLen 15, ID_Drop 0.609, WFW 1.500 

History Bucket Diagnostics (Avg Abs Error per sample, normalized units):
Hist | Count | MAE_Pred | MAE_Base | PredDevFromBase
-----|-------|----------|----------|----------------
0    | 71    | 0.8999   | 2.2794   | 2.1675 
1    | 31    | 0.5163   | 1.2121   | 1.1022 
2    | 24    | 0.5318   | 1.0693   | 0.9983 
3-5  | 68    | 0.4575   | 0.9838   | 0.8857 
6+   | 208   | 0.3281   | 0.4743   | 0.3936 

Epoch 187: loss = 0.878861 delta_mae_pts = 0.4777 recap_mae_pts = 0.4777 cat_mae_pts = 0.4803 total_mae_pts = 1.0237 vs_inertia_pts = 0.4940 vs_quad_pts = 1.6146 mon_cov = 0.969 mon_score = 5.2755 time = 21158.56 s

Epoch 188: Weights {"totalWeight":0.1,"recapWeight":0.05,"deltaWeight":9.75,"categoryWeight":0.05,"quantileWeight":0.6608,"consistencyWeight":0,"identityDropoutRate":0.5820000000000001}, Scales {"judgeBias":1,"corps":1}, SeqLen 15, ID_Drop 0.582, WFW 1.500 

History Bucket Diagnostics (Avg Abs Error per sample, normalized units):
Hist | Count | MAE_Pred | MAE_Base | PredDevFromBase
-----|-------|----------|----------|----------------
0    | 71    | 0.8862   | 2.2794   | 2.1677 
1    | 31    | 0.5037   | 1.2121   | 1.0384 
2    | 24    | 0.5434   | 1.0693   | 0.9252 
3-5  | 68    | 0.4567   | 0.9838   | 0.8745 
6+   | 208   | 0.3331   | 0.4743   | 0.3871 

Epoch 188: loss = 0.784237 delta_mae_pts = 0.4774 recap_mae_pts = 0.4774 cat_mae_pts = 0.4824 total_mae_pts = 1.0502 vs_inertia_pts = 0.4943 vs_quad_pts = 1.6149 mon_cov = 0.966 mon_score = 5.2763 time = 21268.59 s

Epoch 189: Weights {"totalWeight":0.1,"recapWeight":0.05,"deltaWeight":9.75,"categoryWeight":0.05,"quantileWeight":0.6644000000000001,"consistencyWeight":0,"identityDropoutRate":0.57725}, Scales {"judgeBias":1,"corps":1}, SeqLen 15, ID_Drop 0.582, WFW 1.500 

History Bucket Diagnostics (Avg Abs Error per sample, normalized units):
Hist | Count | MAE_Pred | MAE_Base | PredDevFromBase
-----|-------|----------|----------|----------------
0    | 71    | 0.8674   | 2.2794   | 2.1481 
1    | 31    | 0.5119   | 1.2121   | 1.1213 
2    | 24    | 0.5416   | 1.0693   | 0.9906 
3-5  | 68    | 0.4379   | 0.9838   | 0.9070 
6+   | 208   | 0.3486   | 0.4743   | 0.4265 

Epoch 189: loss = 0.791731 delta_mae_pts = 0.4795 recap_mae_pts = 0.4795 cat_mae_pts = 0.5114 total_mae_pts = 1.0767 vs_inertia_pts = 0.4922 vs_quad_pts = 1.6128 mon_cov = 0.967 mon_score = 5.3060 time = 21381.00 s

Epoch 190: Weights {"totalWeight":0.1,"recapWeight":0.05,"deltaWeight":9.75,"categoryWeight":0.05,"quantileWeight":0.668,"consistencyWeight":0,"identityDropoutRate":0.5725}, Scales {"judgeBias":1,"corps":1}, SeqLen 15, ID_Drop 0.583, WFW 1.500 

History Bucket Diagnostics (Avg Abs Error per sample, normalized units):
Hist | Count | MAE_Pred | MAE_Base | PredDevFromBase
-----|-------|----------|----------|----------------
0    | 71    | 0.8795   | 2.2794   | 2.1924 
1    | 31    | 0.4888   | 1.2121   | 1.0881 
2    | 24    | 0.5057   | 1.0693   | 0.9936 
3-5  | 68    | 0.4712   | 0.9838   | 0.9018 
6+   | 208   | 0.3278   | 0.4743   | 0.3734 

Epoch 190: loss = 0.798195 delta_mae_pts = 0.4726 recap_mae_pts = 0.4726 cat_mae_pts = 0.4769 total_mae_pts = 1.0460 vs_inertia_pts = 0.4992 vs_quad_pts = 1.6197 mon_cov = 0.969 mon_score = 5.2496 time = 21498.71 s

Epoch 191: Weights {"totalWeight":0.1,"recapWeight":0.05,"deltaWeight":9.75,"categoryWeight":0.05,"quantileWeight":0.6716,"consistencyWeight":0,"identityDropoutRate":0.56775}, Scales {"judgeBias":1,"corps":1}, SeqLen 15, ID_Drop 0.583, WFW 1.500 

History Bucket Diagnostics (Avg Abs Error per sample, normalized units):
Hist | Count | MAE_Pred | MAE_Base | PredDevFromBase
-----|-------|----------|----------|----------------
0    | 71    | 0.8985   | 2.2794   | 2.1648 
1    | 31    | 0.5100   | 1.2121   | 1.1303 
2    | 24    | 0.5262   | 1.0693   | 0.9880 
3-5  | 68    | 0.4469   | 0.9838   | 0.8917 
6+   | 208   | 0.3339   | 0.4743   | 0.3766 

Epoch 191: loss = 0.795102 delta_mae_pts = 0.4778 recap_mae_pts = 0.4778 cat_mae_pts = 0.4855 total_mae_pts = 1.0540 vs_inertia_pts = 0.4939 vs_quad_pts = 1.6145 mon_cov = 0.969 mon_score = 5.2890 time = 21587.89 s

Epoch 192: Weights {"totalWeight":0.1,"recapWeight":0.05,"deltaWeight":9.75,"categoryWeight":0.05,"quantileWeight":0.6752,"consistencyWeight":0,"identityDropoutRate":0.563}, Scales {"judgeBias":1,"corps":1}, SeqLen 15, ID_Drop 0.573, WFW 1.500 

History Bucket Diagnostics (Avg Abs Error per sample, normalized units):
Hist | Count | MAE_Pred | MAE_Base | PredDevFromBase
-----|-------|----------|----------|----------------
0    | 71    | 0.9007   | 2.2794   | 2.1844 
1    | 31    | 0.4976   | 1.2121   | 1.0855 
2    | 24    | 0.5434   | 1.0693   | 0.9639 
3-5  | 68    | 0.4550   | 0.9838   | 0.9114 
6+   | 208   | 0.3233   | 0.4743   | 0.4025 

Epoch 192: loss = 0.786263 delta_mae_pts = 0.4741 recap_mae_pts = 0.4741 cat_mae_pts = 0.4705 total_mae_pts = 1.0189 vs_inertia_pts = 0.4976 vs_quad_pts = 1.6181 mon_cov = 0.971 mon_score = 5.2428 time = 21698.54 s

Epoch 193: Weights {"totalWeight":0.1,"recapWeight":0.05,"deltaWeight":9.75,"categoryWeight":0.05,"quantileWeight":0.6788000000000001,"consistencyWeight":0,"identityDropoutRate":0.55825}, Scales {"judgeBias":1,"corps":1}, SeqLen 15, ID_Drop 0.561, WFW 1.500 

History Bucket Diagnostics (Avg Abs Error per sample, normalized units):
Hist | Count | MAE_Pred | MAE_Base | PredDevFromBase
-----|-------|----------|----------|----------------
0    | 71    | 0.8717   | 2.2794   | 2.1453 
1    | 31    | 0.5297   | 1.2121   | 1.0805 
2    | 24    | 0.5892   | 1.0693   | 0.9471 
3-5  | 68    | 0.4835   | 0.9838   | 0.8709 
6+   | 208   | 0.3356   | 0.4743   | 0.4026 

Epoch 193: loss = 0.854142 delta_mae_pts = 0.4854 recap_mae_pts = 0.4854 cat_mae_pts = 0.4935 total_mae_pts = 1.1078 vs_inertia_pts = 0.4863 vs_quad_pts = 1.6069 mon_cov = 0.966 mon_score = 5.3618 time = 21810.65 s

Epoch 194: Weights {"totalWeight":0.1,"recapWeight":0.05,"deltaWeight":9.75,"categoryWeight":0.05,"quantileWeight":0.6824000000000001,"consistencyWeight":0,"identityDropoutRate":0.5535000000000001}, Scales {"judgeBias":1,"corps":1}, SeqLen 15, ID_Drop 0.553, WFW 1.500 

History Bucket Diagnostics (Avg Abs Error per sample, normalized units):
Hist | Count | MAE_Pred | MAE_Base | PredDevFromBase
-----|-------|----------|----------|----------------
0    | 71    | 0.8768   | 2.2794   | 2.2207 
1    | 31    | 0.5049   | 1.2121   | 1.1384 
2    | 24    | 0.5296   | 1.0693   | 0.9843 
3-5  | 68    | 0.4394   | 0.9838   | 0.9015 
6+   | 208   | 0.3208   | 0.4743   | 0.4028 

Epoch 194: loss = 0.852889 delta_mae_pts = 0.4657 recap_mae_pts = 0.4657 cat_mae_pts = 0.4825 total_mae_pts = 1.0745 vs_inertia_pts = 0.5060 vs_quad_pts = 1.6265 mon_cov = 0.968 mon_score = 5.1660 time = 21920.35 s

Epoch 195: Weights {"totalWeight":0.1,"recapWeight":0.05,"deltaWeight":9.75,"categoryWeight":0.05,"quantileWeight":0.686,"consistencyWeight":0,"identityDropoutRate":0.5487500000000001}, Scales {"judgeBias":1,"corps":1}, SeqLen 15, ID_Drop 0.564, WFW 1.500 

History Bucket Diagnostics (Avg Abs Error per sample, normalized units):
Hist | Count | MAE_Pred | MAE_Base | PredDevFromBase
-----|-------|----------|----------|----------------
0    | 71    | 0.8667   | 2.2794   | 2.1558 
1    | 31    | 0.4999   | 1.2121   | 1.1359 
2    | 24    | 0.5319   | 1.0693   | 1.0096 
3-5  | 68    | 0.4598   | 0.9838   | 0.9058 
6+   | 208   | 0.3248   | 0.4743   | 0.3986 

Epoch 195: loss = 0.809825 delta_mae_pts = 0.4692 recap_mae_pts = 0.4692 cat_mae_pts = 0.4893 total_mae_pts = 1.0556 vs_inertia_pts = 0.5025 vs_quad_pts = 1.6231 mon_cov = 0.969 mon_score = 5.2033 time = 22031.39 s

Epoch 196: Weights {"totalWeight":0.1,"recapWeight":0.05,"deltaWeight":9.75,"categoryWeight":0.05,"quantileWeight":0.6896,"consistencyWeight":0,"identityDropoutRate":0.544}, Scales {"judgeBias":1,"corps":1}, SeqLen 15, ID_Drop 0.545, WFW 1.500 

History Bucket Diagnostics (Avg Abs Error per sample, normalized units):
Hist | Count | MAE_Pred | MAE_Base | PredDevFromBase
-----|-------|----------|----------|----------------
0    | 71    | 0.8728   | 2.2794   | 2.2280 
1    | 31    | 0.4983   | 1.2121   | 1.0768 
2    | 24    | 0.5647   | 1.0693   | 0.9412 
3-5  | 68    | 0.4537   | 0.9838   | 0.8861 
6+   | 208   | 0.3179   | 0.4743   | 0.3895 

Epoch 196: loss = 0.812719 delta_mae_pts = 0.4675 recap_mae_pts = 0.4675 cat_mae_pts = 0.4820 total_mae_pts = 1.0476 vs_inertia_pts = 0.5042 vs_quad_pts = 1.6247 mon_cov = 0.968 mon_score = 5.2048 time = 22141.96 s

Epoch 197: Weights {"totalWeight":0.1,"recapWeight":0.05,"deltaWeight":9.75,"categoryWeight":0.05,"quantileWeight":0.6932,"consistencyWeight":0,"identityDropoutRate":0.53925}, Scales {"judgeBias":1,"corps":1}, SeqLen 15, ID_Drop 0.541, WFW 1.500 

History Bucket Diagnostics (Avg Abs Error per sample, normalized units):
Hist | Count | MAE_Pred | MAE_Base | PredDevFromBase
-----|-------|----------|----------|----------------
0    | 71    | 0.8623   | 2.2794   | 2.1702 
1    | 31    | 0.5122   | 1.2121   | 1.1035 
2    | 24    | 0.5359   | 1.0693   | 0.9712 
3-5  | 68    | 0.4527   | 0.9838   | 0.8659 
6+   | 208   | 0.3183   | 0.4743   | 0.3716 

Epoch 197: loss = 0.850257 delta_mae_pts = 0.4651 recap_mae_pts = 0.4651 cat_mae_pts = 0.4748 total_mae_pts = 1.0242 vs_inertia_pts = 0.5066 vs_quad_pts = 1.6272 mon_cov = 0.967 mon_score = 5.1669 time = 22250.87 s

Epoch 198: Weights {"totalWeight":0.1,"recapWeight":0.05,"deltaWeight":9.75,"categoryWeight":0.05,"quantileWeight":0.6968000000000001,"consistencyWeight":0,"identityDropoutRate":0.5345}, Scales {"judgeBias":1,"corps":1}, SeqLen 15, ID_Drop 0.552, WFW 1.500 

History Bucket Diagnostics (Avg Abs Error per sample, normalized units):
Hist | Count | MAE_Pred | MAE_Base | PredDevFromBase
-----|-------|----------|----------|----------------
0    | 71    | 0.8435   | 2.2794   | 2.1768 
1    | 31    | 0.5322   | 1.2121   | 1.1029 
2    | 24    | 0.5588   | 1.0693   | 0.9460 
3-5  | 68    | 0.4585   | 0.9838   | 0.8937 
6+   | 208   | 0.3219   | 0.4743   | 0.3895 

Epoch 198: loss = 0.839856 delta_mae_pts = 0.4675 recap_mae_pts = 0.4675 cat_mae_pts = 0.4876 total_mae_pts = 1.0537 vs_inertia_pts = 0.5042 vs_quad_pts = 1.6248 mon_cov = 0.970 mon_score = 5.1952 time = 22363.15 s

Epoch 199: Weights {"totalWeight":0.1,"recapWeight":0.05,"deltaWeight":9.75,"categoryWeight":0.05,"quantileWeight":0.7004000000000001,"consistencyWeight":0,"identityDropoutRate":0.5297499999999999}, Scales {"judgeBias":1,"corps":1}, SeqLen 15, ID_Drop 0.530, WFW 1.500 

History Bucket Diagnostics (Avg Abs Error per sample, normalized units):
Hist | Count | MAE_Pred | MAE_Base | PredDevFromBase
-----|-------|----------|----------|----------------
0    | 71    | 0.8077   | 2.2794   | 2.1125 
1    | 31    | 0.4945   | 1.2121   | 1.1048 
2    | 24    | 0.5552   | 1.0693   | 0.9786 
3-5  | 68    | 0.4591   | 0.9838   | 0.9139 
6+   | 208   | 0.3183   | 0.4743   | 0.4039 

Epoch 199: loss = 0.835680 delta_mae_pts = 0.4563 recap_mae_pts = 0.4563 cat_mae_pts = 0.4715 total_mae_pts = 0.9998 vs_inertia_pts = 0.5154 vs_quad_pts = 1.6360 mon_cov = 0.973 mon_score = 5.0795 time = 22472.71 s
Saved BEST checkpoint @epoch 199 score = 5.0795 -> models\v9_subcaption_fixed\v9fix_swa_train_best_export_1770556452661\best 

Epoch 200: Weights {"totalWeight":0.1,"recapWeight":0.05,"deltaWeight":9.75,"categoryWeight":0.05,"quantileWeight":0.7040000000000002,"consistencyWeight":0,"identityDropoutRate":0.525}, Scales {"judgeBias":1,"corps":1}, SeqLen 15, ID_Drop 0.530, WFW 1.500 

History Bucket Diagnostics (Avg Abs Error per sample, normalized units):
Hist | Count | MAE_Pred | MAE_Base | PredDevFromBase
-----|-------|----------|----------|----------------
0    | 71    | 0.8356   | 2.2794   | 2.1367 
1    | 31    | 0.4937   | 1.2121   | 1.1211 
2    | 24    | 0.5361   | 1.0693   | 0.9908 
3-5  | 68    | 0.4414   | 0.9838   | 0.8801 
6+   | 208   | 0.3265   | 0.4743   | 0.3958 

Epoch 200: loss = 0.836488 delta_mae_pts = 0.4613 recap_mae_pts = 0.4613 cat_mae_pts = 0.4823 total_mae_pts = 1.0430 vs_inertia_pts = 0.5105 vs_quad_pts = 1.6310 mon_cov = 0.968 mon_score = 5.1385 time = 22584.89 s

-- - CAPTION STATS(Epoch 200)-- - 
GE1: delta_pts = 0.3445, recap_pts = 0.3445, cov = 0.943, width = 2.0020 
GE2: delta_pts = 0.3254, recap_pts = 0.3254, cov = 0.970, width = 2.0098 
VP: delta_pts = 0.4072, recap_pts = 0.4072, cov = 0.990, width = 3.8078 
VA: delta_pts = 0.3900, recap_pts = 0.3900, cov = 0.950, width = 2.0921 
CG: delta_pts = 0.4994, recap_pts = 0.4994, cov = 0.980, width = 3.9267 
MB: delta_pts = 0.6470, recap_pts = 0.6470, cov = 0.978, width = 5.6424 
MA: delta_pts = 0.3551, recap_pts = 0.3551, cov = 0.963, width = 2.1385 
MP: delta_pts = 0.7216, recap_pts = 0.7216, cov = 0.973, width = 6.2160 
----------------------------------


Epoch 201: Weights {"totalWeight":0.1,"recapWeight":0.05,"deltaWeight":9.75,"categoryWeight":0.05,"quantileWeight":0.7076,"consistencyWeight":0,"identityDropoutRate":0.5202500000000001}, Scales {"judgeBias":1,"corps":1}, SeqLen 15, ID_Drop 0.518, WFW 1.500 

History Bucket Diagnostics (Avg Abs Error per sample, normalized units):
Hist | Count | MAE_Pred | MAE_Base | PredDevFromBase
-----|-------|----------|----------|----------------
0    | 71    | 0.8216   | 2.2794   | 2.1194 
1    | 31    | 0.4970   | 1.2121   | 1.0783 
2    | 24    | 0.5192   | 1.0693   | 0.9788 
3-5  | 68    | 0.4599   | 0.9838   | 0.8837 
6+   | 208   | 0.3226   | 0.4743   | 0.3877 

Epoch 201: loss = 0.831423 delta_mae_pts = 0.4592 recap_mae_pts = 0.4592 cat_mae_pts = 0.4764 total_mae_pts = 1.0100 vs_inertia_pts = 0.5126 vs_quad_pts = 1.6331 mon_cov = 0.973 mon_score = 5.1061 time = 22693.98 s

Epoch 202: Weights {"totalWeight":0.1,"recapWeight":0.05,"deltaWeight":9.75,"categoryWeight":0.05,"quantileWeight":0.7112,"consistencyWeight":0,"identityDropoutRate":0.5155000000000001}, Scales {"judgeBias":1,"corps":1}, SeqLen 15, ID_Drop 0.527, WFW 1.500 

History Bucket Diagnostics (Avg Abs Error per sample, normalized units):
Hist | Count | MAE_Pred | MAE_Base | PredDevFromBase
-----|-------|----------|----------|----------------
0    | 71    | 0.8049   | 2.2794   | 2.0808 
1    | 31    | 0.5014   | 1.2121   | 1.1033 
2    | 24    | 0.5253   | 1.0693   | 0.9533 
3-5  | 68    | 0.4573   | 0.9838   | 0.8759 
6+   | 208   | 0.3177   | 0.4743   | 0.3855 

Epoch 202: loss = 0.767859 delta_mae_pts = 0.4539 recap_mae_pts = 0.4539 cat_mae_pts = 0.4720 total_mae_pts = 1.0151 vs_inertia_pts = 0.5178 vs_quad_pts = 1.6383 mon_cov = 0.972 mon_score = 5.0531 time = 22804.69 s
Saved BEST checkpoint @epoch 202 score = 5.0531 -> models\v9_subcaption_fixed\v9fix_swa_train_best_export_1770556452661\best 

Epoch 203: Weights {"totalWeight":0.1,"recapWeight":0.05,"deltaWeight":9.75,"categoryWeight":0.05,"quantileWeight":0.7147999999999999,"consistencyWeight":0,"identityDropoutRate":0.51075}, Scales {"judgeBias":1,"corps":1}, SeqLen 15, ID_Drop 0.512, WFW 1.500 

History Bucket Diagnostics (Avg Abs Error per sample, normalized units):
Hist | Count | MAE_Pred | MAE_Base | PredDevFromBase
-----|-------|----------|----------|----------------
0    | 71    | 0.8214   | 2.2794   | 2.1355 
1    | 31    | 0.5273   | 1.2121   | 1.1581 
2    | 24    | 0.5359   | 1.0693   | 0.9512 
3-5  | 68    | 0.4607   | 0.9838   | 0.8673 
6+   | 208   | 0.3261   | 0.4743   | 0.3795 

Epoch 203: loss = 0.764542 delta_mae_pts = 0.4644 recap_mae_pts = 0.4644 cat_mae_pts = 0.4825 total_mae_pts = 1.0486 vs_inertia_pts = 0.5073 vs_quad_pts = 1.6279 mon_cov = 0.971 mon_score = 5.1663 time = 22915.64 s

Epoch 204: Weights {"totalWeight":0.1,"recapWeight":0.05,"deltaWeight":9.75,"categoryWeight":0.05,"quantileWeight":0.7183999999999999,"consistencyWeight":0,"identityDropoutRate":0.506}, Scales {"judgeBias":1,"corps":1}, SeqLen 15, ID_Drop 0.519, WFW 1.500 

History Bucket Diagnostics (Avg Abs Error per sample, normalized units):
Hist | Count | MAE_Pred | MAE_Base | PredDevFromBase
-----|-------|----------|----------|----------------
0    | 71    | 0.8235   | 2.2794   | 2.0981 
1    | 31    | 0.4927   | 1.2121   | 1.1177 
2    | 24    | 0.5227   | 1.0693   | 1.0120 
3-5  | 68    | 0.4415   | 0.9838   | 0.9255 
6+   | 208   | 0.3182   | 0.4743   | 0.4089 

Epoch 204: loss = 0.768028 delta_mae_pts = 0.4540 recap_mae_pts = 0.4540 cat_mae_pts = 0.4795 total_mae_pts = 1.0501 vs_inertia_pts = 0.5177 vs_quad_pts = 1.6383 mon_cov = 0.971 mon_score = 5.0603 time = 23026.31 s

Epoch 205: Weights {"totalWeight":0.1,"recapWeight":0.05,"deltaWeight":9.75,"categoryWeight":0.05,"quantileWeight":0.722,"consistencyWeight":0,"identityDropoutRate":0.50125}, Scales {"judgeBias":1,"corps":1}, SeqLen 15, ID_Drop 0.507, WFW 1.500 

History Bucket Diagnostics (Avg Abs Error per sample, normalized units):
Hist | Count | MAE_Pred | MAE_Base | PredDevFromBase
-----|-------|----------|----------|----------------
0    | 71    | 0.8290   | 2.2794   | 2.1306 
1    | 31    | 0.5189   | 1.2121   | 1.1405 
2    | 24    | 0.5530   | 1.0693   | 1.0514 
3-5  | 68    | 0.4744   | 0.9838   | 0.8890 
6+   | 208   | 0.3222   | 0.4743   | 0.4071 

Epoch 205: loss = 0.829166 delta_mae_pts = 0.4664 recap_mae_pts = 0.4664 cat_mae_pts = 0.4923 total_mae_pts = 1.0750 vs_inertia_pts = 0.5053 vs_quad_pts = 1.6259 mon_cov = 0.970 mon_score = 5.1985 time = 23137.79 s

Epoch 206: Weights {"totalWeight":0.1,"recapWeight":0.05,"deltaWeight":9.75,"categoryWeight":0.05,"quantileWeight":0.7256,"consistencyWeight":0,"identityDropoutRate":0.49650000000000005}, Scales {"judgeBias":1,"corps":1}, SeqLen 15, ID_Drop 0.507, WFW 1.500 

History Bucket Diagnostics (Avg Abs Error per sample, normalized units):
Hist | Count | MAE_Pred | MAE_Base | PredDevFromBase
-----|-------|----------|----------|----------------
0    | 71    | 0.8211   | 2.2794   | 2.1423 
1    | 31    | 0.5051   | 1.2121   | 1.1191 
2    | 24    | 0.5482   | 1.0693   | 0.9294 
3-5  | 68    | 0.4655   | 0.9838   | 0.8505 
6+   | 208   | 0.3163   | 0.4743   | 0.3871 

Epoch 206: loss = 0.817756 delta_mae_pts = 0.4591 recap_mae_pts = 0.4591 cat_mae_pts = 0.4813 total_mae_pts = 1.0496 vs_inertia_pts = 0.5126 vs_quad_pts = 1.6332 mon_cov = 0.969 mon_score = 5.1066 time = 23247.78 s

Epoch 207: Weights {"totalWeight":0.1,"recapWeight":0.05,"deltaWeight":9.75,"categoryWeight":0.05,"quantileWeight":0.7292000000000001,"consistencyWeight":0,"identityDropoutRate":0.49175}, Scales {"judgeBias":1,"corps":1}, SeqLen 15, ID_Drop 0.486, WFW 1.500 

History Bucket Diagnostics (Avg Abs Error per sample, normalized units):
Hist | Count | MAE_Pred | MAE_Base | PredDevFromBase
-----|-------|----------|----------|----------------
0    | 71    | 0.8008   | 2.2794   | 2.0867 
1    | 31    | 0.5114   | 1.2121   | 1.0744 
2    | 24    | 0.5213   | 1.0693   | 0.9431 
3-5  | 68    | 0.4846   | 0.9838   | 0.8733 
6+   | 208   | 0.3239   | 0.4743   | 0.3973 

Epoch 207: loss = 0.732025 delta_mae_pts = 0.4615 recap_mae_pts = 0.4615 cat_mae_pts = 0.4802 total_mae_pts = 1.0459 vs_inertia_pts = 0.5102 vs_quad_pts = 1.6307 mon_cov = 0.968 mon_score = 5.1386 time = 23359.14 s

Epoch 208: Weights {"totalWeight":0.1,"recapWeight":0.05,"deltaWeight":9.75,"categoryWeight":0.05,"quantileWeight":0.7327999999999999,"consistencyWeight":0,"identityDropoutRate":0.487}, Scales {"judgeBias":1,"corps":1}, SeqLen 15, ID_Drop 0.501, WFW 1.500 

History Bucket Diagnostics (Avg Abs Error per sample, normalized units):
Hist | Count | MAE_Pred | MAE_Base | PredDevFromBase
-----|-------|----------|----------|----------------
0    | 71    | 0.8400   | 2.2794   | 2.1029 
1    | 31    | 0.5055   | 1.2121   | 1.1142 
2    | 24    | 0.5452   | 1.0693   | 0.9757 
3-5  | 68    | 0.4693   | 0.9838   | 0.8850 
6+   | 208   | 0.3253   | 0.4743   | 0.3924 

Epoch 208: loss = 0.742745 delta_mae_pts = 0.4676 recap_mae_pts = 0.4676 cat_mae_pts = 0.5014 total_mae_pts = 1.0763 vs_inertia_pts = 0.5041 vs_quad_pts = 1.6247 mon_cov = 0.965 mon_score = 5.1960 time = 23469.31 s

Epoch 209: Weights {"totalWeight":0.1,"recapWeight":0.05,"deltaWeight":9.75,"categoryWeight":0.05,"quantileWeight":0.7363999999999999,"consistencyWeight":0,"identityDropoutRate":0.48224999999999996}, Scales {"judgeBias":1,"corps":1}, SeqLen 15, ID_Drop 0.492, WFW 1.500 

History Bucket Diagnostics (Avg Abs Error per sample, normalized units):
Hist | Count | MAE_Pred | MAE_Base | PredDevFromBase
-----|-------|----------|----------|----------------
0    | 71    | 0.8351   | 2.2794   | 2.1525 
1    | 31    | 0.5311   | 1.2121   | 1.1535 
2    | 24    | 0.4984   | 1.0693   | 1.0090 
3-5  | 68    | 0.4348   | 0.9838   | 0.9094 
6+   | 208   | 0.3150   | 0.4743   | 0.4016 

Epoch 209: loss = 0.801329 delta_mae_pts = 0.4548 recap_mae_pts = 0.4548 cat_mae_pts = 0.4749 total_mae_pts = 1.0412 vs_inertia_pts = 0.5169 vs_quad_pts = 1.6375 mon_cov = 0.969 mon_score = 5.0649 time = 23580.69 s

Epoch 210: Weights {"totalWeight":0.1,"recapWeight":0.05,"deltaWeight":9.75,"categoryWeight":0.05,"quantileWeight":0.74,"consistencyWeight":0,"identityDropoutRate":0.47750000000000004}, Scales {"judgeBias":1,"corps":1}, SeqLen 15, ID_Drop 0.489, WFW 1.500 

History Bucket Diagnostics (Avg Abs Error per sample, normalized units):
Hist | Count | MAE_Pred | MAE_Base | PredDevFromBase
-----|-------|----------|----------|----------------
0    | 71    | 0.8293   | 2.2794   | 2.1270 
1    | 31    | 0.5236   | 1.2121   | 1.1276 
2    | 24    | 0.5641   | 1.0693   | 0.9598 
3-5  | 68    | 0.4592   | 0.9838   | 0.8772 
6+   | 208   | 0.3243   | 0.4743   | 0.3870 

Epoch 210: loss = 0.752721 delta_mae_pts = 0.4660 recap_mae_pts = 0.4660 cat_mae_pts = 0.4810 total_mae_pts = 1.0070 vs_inertia_pts = 0.5057 vs_quad_pts = 1.6263 mon_cov = 0.967 mon_score = 5.1748 time = 23690.06 s

Epoch 211: Weights {"totalWeight":0.1,"recapWeight":0.05,"deltaWeight":9.75,"categoryWeight":0.05,"quantileWeight":0.7436,"consistencyWeight":0,"identityDropoutRate":0.47275}, Scales {"judgeBias":1,"corps":1}, SeqLen 15, ID_Drop 0.482, WFW 1.500 

History Bucket Diagnostics (Avg Abs Error per sample, normalized units):
Hist | Count | MAE_Pred | MAE_Base | PredDevFromBase
-----|-------|----------|----------|----------------
0    | 71    | 0.8368   | 2.2794   | 2.1424 
1    | 31    | 0.5041   | 1.2121   | 1.1258 
2    | 24    | 0.5493   | 1.0693   | 0.9304 
3-5  | 68    | 0.4469   | 0.9838   | 0.8739 
6+   | 208   | 0.3179   | 0.4743   | 0.3881 

Epoch 211: loss = 0.764028 delta_mae_pts = 0.4596 recap_mae_pts = 0.4596 cat_mae_pts = 0.4732 total_mae_pts = 1.0166 vs_inertia_pts = 0.5122 vs_quad_pts = 1.6327 mon_cov = 0.970 mon_score = 5.1227 time = 23802.05 s

Epoch 212: Weights {"totalWeight":0.1,"recapWeight":0.05,"deltaWeight":9.75,"categoryWeight":0.05,"quantileWeight":0.7472000000000001,"consistencyWeight":0,"identityDropoutRate":0.46799999999999997}, Scales {"judgeBias":1,"corps":1}, SeqLen 15, ID_Drop 0.476, WFW 1.500 

History Bucket Diagnostics (Avg Abs Error per sample, normalized units):
Hist | Count | MAE_Pred | MAE_Base | PredDevFromBase
-----|-------|----------|----------|----------------
0    | 71    | 0.8519   | 2.2794   | 2.0932 
1    | 31    | 0.4881   | 1.2121   | 1.1032 
2    | 24    | 0.5775   | 1.0693   | 0.9633 
3-5  | 68    | 0.4622   | 0.9838   | 0.9028 
6+   | 208   | 0.3187   | 0.4743   | 0.4081 

Epoch 212: loss = 0.746151 delta_mae_pts = 0.4657 recap_mae_pts = 0.4657 cat_mae_pts = 0.4817 total_mae_pts = 1.0529 vs_inertia_pts = 0.5060 vs_quad_pts = 1.6266 mon_cov = 0.971 mon_score = 5.1752 time = 23912.98 s

Epoch 213: Weights {"totalWeight":0.1,"recapWeight":0.05,"deltaWeight":9.75,"categoryWeight":0.05,"quantileWeight":0.7507999999999999,"consistencyWeight":0,"identityDropoutRate":0.46325000000000005}, Scales {"judgeBias":1,"corps":1}, SeqLen 15, ID_Drop 0.474, WFW 1.500 

History Bucket Diagnostics (Avg Abs Error per sample, normalized units):
Hist | Count | MAE_Pred | MAE_Base | PredDevFromBase
-----|-------|----------|----------|----------------
0    | 71    | 0.8606   | 2.2794   | 2.1556 
1    | 31    | 0.5168   | 1.2121   | 1.1249 
2    | 24    | 0.5607   | 1.0693   | 0.9693 
3-5  | 68    | 0.4513   | 0.9838   | 0.9107 
6+   | 208   | 0.3222   | 0.4743   | 0.4025 

Epoch 213: loss = 0.741696 delta_mae_pts = 0.4684 recap_mae_pts = 0.4684 cat_mae_pts = 0.4817 total_mae_pts = 1.0476 vs_inertia_pts = 0.5033 vs_quad_pts = 1.6239 mon_cov = 0.970 mon_score = 5.1962 time = 24022.77 s

Epoch 214: Weights {"totalWeight":0.1,"recapWeight":0.05,"deltaWeight":9.75,"categoryWeight":0.05,"quantileWeight":0.7544,"consistencyWeight":0,"identityDropoutRate":0.4585}, Scales {"judgeBias":1,"corps":1}, SeqLen 15, ID_Drop 0.465, WFW 1.500 

History Bucket Diagnostics (Avg Abs Error per sample, normalized units):
Hist | Count | MAE_Pred | MAE_Base | PredDevFromBase
-----|-------|----------|----------|----------------
0    | 71    | 0.8421   | 2.2794   | 2.1365 
1    | 31    | 0.5032   | 1.2121   | 1.0810 
2    | 24    | 0.5342   | 1.0693   | 0.9493 
3-5  | 68    | 0.4665   | 0.9838   | 0.8705 
6+   | 208   | 0.3216   | 0.4743   | 0.3765 

Epoch 214: loss = 0.751026 delta_mae_pts = 0.4647 recap_mae_pts = 0.4647 cat_mae_pts = 0.4815 total_mae_pts = 1.0439 vs_inertia_pts = 0.5070 vs_quad_pts = 1.6276 mon_cov = 0.968 mon_score = 5.1870 time = 24135.01 s

Epoch 215: Weights {"totalWeight":0.1,"recapWeight":0.05,"deltaWeight":9.75,"categoryWeight":0.05,"quantileWeight":0.758,"consistencyWeight":0,"identityDropoutRate":0.4537500000000001}, Scales {"judgeBias":1,"corps":1}, SeqLen 15, ID_Drop 0.464, WFW 1.500 

History Bucket Diagnostics (Avg Abs Error per sample, normalized units):
Hist | Count | MAE_Pred | MAE_Base | PredDevFromBase
-----|-------|----------|----------|----------------
0    | 71    | 0.9058   | 2.2794   | 2.1105 
1    | 31    | 0.5171   | 1.2121   | 1.1042 
2    | 24    | 0.5690   | 1.0693   | 0.9622 
3-5  | 68    | 0.4567   | 0.9838   | 0.8911 
6+   | 208   | 0.3205   | 0.4743   | 0.4050 

Epoch 215: loss = 0.758160 delta_mae_pts = 0.4769 recap_mae_pts = 0.4769 cat_mae_pts = 0.4880 total_mae_pts = 1.0765 vs_inertia_pts = 0.4948 vs_quad_pts = 1.6154 mon_cov = 0.968 mon_score = 5.2860 time = 24244.37 s

Epoch 216: Weights {"totalWeight":0.1,"recapWeight":0.05,"deltaWeight":9.75,"categoryWeight":0.05,"quantileWeight":0.7616,"consistencyWeight":0,"identityDropoutRate":0.44900000000000007}, Scales {"judgeBias":1,"corps":1}, SeqLen 15, ID_Drop 0.450, WFW 1.500 

History Bucket Diagnostics (Avg Abs Error per sample, normalized units):
Hist | Count | MAE_Pred | MAE_Base | PredDevFromBase
-----|-------|----------|----------|----------------
0    | 71    | 0.8538   | 2.2794   | 2.1724 
1    | 31    | 0.5001   | 1.2121   | 1.1462 
2    | 24    | 0.5225   | 1.0693   | 0.9949 
3-5  | 68    | 0.4564   | 0.9838   | 0.8998 
6+   | 208   | 0.3153   | 0.4743   | 0.3980 

Epoch 216: loss = 0.793466 delta_mae_pts = 0.4609 recap_mae_pts = 0.4609 cat_mae_pts = 0.4800 total_mae_pts = 1.0353 vs_inertia_pts = 0.5108 vs_quad_pts = 1.6314 mon_cov = 0.968 mon_score = 5.1156 time = 24357.60 s

Epoch 217: Weights {"totalWeight":0.1,"recapWeight":0.05,"deltaWeight":9.75,"categoryWeight":0.05,"quantileWeight":0.7652000000000001,"consistencyWeight":0,"identityDropoutRate":0.44425000000000003}, Scales {"judgeBias":1,"corps":1}, SeqLen 15, ID_Drop 0.444, WFW 1.500 

History Bucket Diagnostics (Avg Abs Error per sample, normalized units):
Hist | Count | MAE_Pred | MAE_Base | PredDevFromBase
-----|-------|----------|----------|----------------
0    | 71    | 0.8586   | 2.2794   | 2.1632 
1    | 31    | 0.5081   | 1.2121   | 1.1398 
2    | 24    | 0.5437   | 1.0693   | 0.9392 
3-5  | 68    | 0.4428   | 0.9838   | 0.8852 
6+   | 208   | 0.3188   | 0.4743   | 0.3907 

Epoch 217: loss = 0.737631 delta_mae_pts = 0.4631 recap_mae_pts = 0.4631 cat_mae_pts = 0.4751 total_mae_pts = 1.0192 vs_inertia_pts = 0.5086 vs_quad_pts = 1.6291 mon_cov = 0.973 mon_score = 5.1466 time = 24467.28 s

Epoch 218: Weights {"totalWeight":0.1,"recapWeight":0.05,"deltaWeight":9.75,"categoryWeight":0.05,"quantileWeight":0.7687999999999999,"consistencyWeight":0,"identityDropoutRate":0.4395}, Scales {"judgeBias":1,"corps":1}, SeqLen 15, ID_Drop 0.449, WFW 1.500 

History Bucket Diagnostics (Avg Abs Error per sample, normalized units):
Hist | Count | MAE_Pred | MAE_Base | PredDevFromBase
-----|-------|----------|----------|----------------
0    | 71    | 0.8606   | 2.2794   | 2.1881 
1    | 31    | 0.5020   | 1.2121   | 1.1323 
2    | 24    | 0.5395   | 1.0693   | 1.0377 
3-5  | 68    | 0.4738   | 0.9838   | 0.9463 
6+   | 208   | 0.3277   | 0.4743   | 0.4409 

Epoch 218: loss = 0.744773 delta_mae_pts = 0.4726 recap_mae_pts = 0.4726 cat_mae_pts = 0.4946 total_mae_pts = 1.0991 vs_inertia_pts = 0.4991 vs_quad_pts = 1.6197 mon_cov = 0.967 mon_score = 5.2293 time = 24580.43 s

Epoch 219: Weights {"totalWeight":0.1,"recapWeight":0.05,"deltaWeight":9.75,"categoryWeight":0.05,"quantileWeight":0.7724,"consistencyWeight":0,"identityDropoutRate":0.4347500000000001}, Scales {"judgeBias":1,"corps":1}, SeqLen 15, ID_Drop 0.458, WFW 1.500 

History Bucket Diagnostics (Avg Abs Error per sample, normalized units):
Hist | Count | MAE_Pred | MAE_Base | PredDevFromBase
-----|-------|----------|----------|----------------
0    | 71    | 0.8483   | 2.2794   | 2.1522 
1    | 31    | 0.4963   | 1.2121   | 1.1408 
2    | 24    | 0.5315   | 1.0693   | 0.9653 
3-5  | 68    | 0.4549   | 0.9838   | 0.8806 
6+   | 208   | 0.3269   | 0.4743   | 0.3845 

Epoch 219: loss = 0.803171 delta_mae_pts = 0.4659 recap_mae_pts = 0.4659 cat_mae_pts = 0.4873 total_mae_pts = 1.0624 vs_inertia_pts = 0.5058 vs_quad_pts = 1.6264 mon_cov = 0.970 mon_score = 5.1704 time = 24691.62 s

Epoch 220: Weights {"totalWeight":0.1,"recapWeight":0.05,"deltaWeight":9.75,"categoryWeight":0.05,"quantileWeight":0.776,"consistencyWeight":0,"identityDropoutRate":0.43000000000000005}, Scales {"judgeBias":1,"corps":1}, SeqLen 15, ID_Drop 0.450, WFW 1.500 

History Bucket Diagnostics (Avg Abs Error per sample, normalized units):
Hist | Count | MAE_Pred | MAE_Base | PredDevFromBase
-----|-------|----------|----------|----------------
0    | 71    | 0.8434   | 2.2794   | 2.1788 
1    | 31    | 0.5043   | 1.2121   | 1.1196 
2    | 24    | 0.5216   | 1.0693   | 0.9527 
3-5  | 68    | 0.4627   | 0.9838   | 0.8750 
6+   | 208   | 0.3283   | 0.4743   | 0.3809 

Epoch 220: loss = 0.793074 delta_mae_pts = 0.4671 recap_mae_pts = 0.4671 cat_mae_pts = 0.4934 total_mae_pts = 1.0830 vs_inertia_pts = 0.5046 vs_quad_pts = 1.6252 mon_cov = 0.969 mon_score = 5.1869 time = 24803.37 s

Epoch 221: Weights {"totalWeight":0.1,"recapWeight":0.05,"deltaWeight":9.75,"categoryWeight":0.05,"quantileWeight":0.7796000000000001,"consistencyWeight":0,"identityDropoutRate":0.42525}, Scales {"judgeBias":1,"corps":1}, SeqLen 15, ID_Drop 0.434, WFW 1.500 

History Bucket Diagnostics (Avg Abs Error per sample, normalized units):
Hist | Count | MAE_Pred | MAE_Base | PredDevFromBase
-----|-------|----------|----------|----------------
0    | 71    | 0.8374   | 2.2794   | 2.1721 
1    | 31    | 0.4868   | 1.2121   | 1.1207 
2    | 24    | 0.5343   | 1.0693   | 0.9733 
3-5  | 68    | 0.4614   | 0.9838   | 0.8881 
6+   | 208   | 0.3198   | 0.4743   | 0.3882 

Epoch 221: loss = 0.798894 delta_mae_pts = 0.4608 recap_mae_pts = 0.4608 cat_mae_pts = 0.4706 total_mae_pts = 1.0275 vs_inertia_pts = 0.5109 vs_quad_pts = 1.6314 mon_cov = 0.968 mon_score = 5.1189 time = 24915.05 s

Epoch 222: Weights {"totalWeight":0.1,"recapWeight":0.05,"deltaWeight":9.75,"categoryWeight":0.05,"quantileWeight":0.7832000000000001,"consistencyWeight":0,"identityDropoutRate":0.4205}, Scales {"judgeBias":1,"corps":1}, SeqLen 15, ID_Drop 0.446, WFW 1.500 

History Bucket Diagnostics (Avg Abs Error per sample, normalized units):
Hist | Count | MAE_Pred | MAE_Base | PredDevFromBase
-----|-------|----------|----------|----------------
0    | 71    | 0.8658   | 2.2794   | 2.1634 
1    | 31    | 0.4991   | 1.2121   | 1.1680 
2    | 24    | 0.5228   | 1.0693   | 1.0243 
3-5  | 68    | 0.4679   | 0.9838   | 0.9134 
6+   | 208   | 0.3224   | 0.4743   | 0.4007 

Epoch 222: loss = 0.795626 delta_mae_pts = 0.4685 recap_mae_pts = 0.4685 cat_mae_pts = 0.4890 total_mae_pts = 1.0790 vs_inertia_pts = 0.5032 vs_quad_pts = 1.6237 mon_cov = 0.966 mon_score = 5.1960 time = 25026.43 s

Epoch 223: Weights {"totalWeight":0.1,"recapWeight":0.05,"deltaWeight":9.75,"categoryWeight":0.05,"quantileWeight":0.7867999999999999,"consistencyWeight":0,"identityDropoutRate":0.41575000000000006}, Scales {"judgeBias":1,"corps":1}, SeqLen 15, ID_Drop 0.442, WFW 1.500 

History Bucket Diagnostics (Avg Abs Error per sample, normalized units):
Hist | Count | MAE_Pred | MAE_Base | PredDevFromBase
-----|-------|----------|----------|----------------
0    | 71    | 0.8283   | 2.2794   | 2.1588 
1    | 31    | 0.4826   | 1.2121   | 1.1102 
2    | 24    | 0.5358   | 1.0693   | 1.0154 
3-5  | 68    | 0.4724   | 0.9838   | 0.9072 
6+   | 208   | 0.3218   | 0.4743   | 0.4035 

Epoch 223: loss = 0.798699 delta_mae_pts = 0.4619 recap_mae_pts = 0.4619 cat_mae_pts = 0.4757 total_mae_pts = 1.0514 vs_inertia_pts = 0.5098 vs_quad_pts = 1.6304 mon_cov = 0.969 mon_score = 5.1599 time = 25145.76 s

Epoch 224: Weights {"totalWeight":0.1,"recapWeight":0.05,"deltaWeight":9.75,"categoryWeight":0.05,"quantileWeight":0.7904,"consistencyWeight":0,"identityDropoutRate":0.41100000000000003}, Scales {"judgeBias":1,"corps":1}, SeqLen 15, ID_Drop 0.414, WFW 1.500 

History Bucket Diagnostics (Avg Abs Error per sample, normalized units):
Hist | Count | MAE_Pred | MAE_Base | PredDevFromBase
-----|-------|----------|----------|----------------
0    | 71    | 0.8517   | 2.2794   | 2.1665 
1    | 31    | 0.4936   | 1.2121   | 1.0992 
2    | 24    | 0.5427   | 1.0693   | 0.9531 
3-5  | 68    | 0.4711   | 0.9838   | 0.8751 
6+   | 208   | 0.3237   | 0.4743   | 0.3762 

Epoch 224: loss = 0.812979 delta_mae_pts = 0.4680 recap_mae_pts = 0.4680 cat_mae_pts = 0.4760 total_mae_pts = 1.0307 vs_inertia_pts = 0.5037 vs_quad_pts = 1.6242 mon_cov = 0.969 mon_score = 5.1911 time = 25231.70 s

Epoch 225: Weights {"totalWeight":0.1,"recapWeight":0.05,"deltaWeight":9.75,"categoryWeight":0.05,"quantileWeight":0.794,"consistencyWeight":0,"identityDropoutRate":0.40625}, Scales {"judgeBias":1,"corps":1}, SeqLen 15, ID_Drop 0.430, WFW 1.500 

History Bucket Diagnostics (Avg Abs Error per sample, normalized units):
Hist | Count | MAE_Pred | MAE_Base | PredDevFromBase
-----|-------|----------|----------|----------------
0    | 71    | 0.8477   | 2.2794   | 2.1713 
1    | 31    | 0.4942   | 1.2121   | 1.1320 
2    | 24    | 0.5415   | 1.0693   | 0.9842 
3-5  | 68    | 0.4578   | 0.9838   | 0.9074 
6+   | 208   | 0.3213   | 0.4743   | 0.4002 

Epoch 225: loss = 0.788028 delta_mae_pts = 0.4638 recap_mae_pts = 0.4638 cat_mae_pts = 0.4725 total_mae_pts = 1.0110 vs_inertia_pts = 0.5079 vs_quad_pts = 1.6285 mon_cov = 0.971 mon_score = 5.1611 time = 25343.56 s

Epoch 226: Weights {"totalWeight":0.1,"recapWeight":0.05,"deltaWeight":9.75,"categoryWeight":0.05,"quantileWeight":0.7976000000000001,"consistencyWeight":0,"identityDropoutRate":0.4015000000000001}, Scales {"judgeBias":1,"corps":1}, SeqLen 15, ID_Drop 0.427, WFW 1.500 

History Bucket Diagnostics (Avg Abs Error per sample, normalized units):
Hist | Count | MAE_Pred | MAE_Base | PredDevFromBase
-----|-------|----------|----------|----------------
0    | 71    | 0.8718   | 2.2794   | 2.1681 
1    | 31    | 0.4927   | 1.2121   | 1.1179 
2    | 24    | 0.5467   | 1.0693   | 0.9848 
3-5  | 68    | 0.4756   | 0.9838   | 0.9076 
6+   | 208   | 0.3212   | 0.4743   | 0.4040 

Epoch 226: loss = 0.793579 delta_mae_pts = 0.4713 recap_mae_pts = 0.4713 cat_mae_pts = 0.4787 total_mae_pts = 1.0424 vs_inertia_pts = 0.5005 vs_quad_pts = 1.6210 mon_cov = 0.970 mon_score = 5.2195 time = 25454.01 s

Epoch 227: Weights {"totalWeight":0.1,"recapWeight":0.05,"deltaWeight":9.75,"categoryWeight":0.05,"quantileWeight":0.8012000000000001,"consistencyWeight":0,"identityDropoutRate":0.39675000000000005}, Scales {"judgeBias":1,"corps":1}, SeqLen 15, ID_Drop 0.418, WFW 1.500 

History Bucket Diagnostics (Avg Abs Error per sample, normalized units):
Hist | Count | MAE_Pred | MAE_Base | PredDevFromBase
-----|-------|----------|----------|----------------
0    | 71    | 0.8872   | 2.2794   | 2.0958 
1    | 31    | 0.4779   | 1.2121   | 1.0896 
2    | 24    | 0.5300   | 1.0693   | 0.9658 
3-5  | 68    | 0.4573   | 0.9838   | 0.8923 
6+   | 208   | 0.3272   | 0.4743   | 0.3872 

Epoch 227: loss = 0.797804 delta_mae_pts = 0.4718 recap_mae_pts = 0.4718 cat_mae_pts = 0.4987 total_mae_pts = 1.0700 vs_inertia_pts = 0.4999 vs_quad_pts = 1.6205 mon_cov = 0.969 mon_score = 5.2232 time = 25566.41 s

Epoch 228: Weights {"totalWeight":0.1,"recapWeight":0.05,"deltaWeight":9.75,"categoryWeight":0.05,"quantileWeight":0.8048,"consistencyWeight":0,"identityDropoutRate":0.392}, Scales {"judgeBias":1,"corps":1}, SeqLen 15, ID_Drop 0.394, WFW 1.500 

History Bucket Diagnostics (Avg Abs Error per sample, normalized units):
Hist | Count | MAE_Pred | MAE_Base | PredDevFromBase
-----|-------|----------|----------|----------------
0    | 71    | 0.9575   | 2.2794   | 2.2412 
1    | 31    | 0.5040   | 1.2121   | 1.1370 
2    | 24    | 0.5703   | 1.0693   | 0.9979 
3-5  | 68    | 0.4644   | 0.9838   | 0.9377 
6+   | 208   | 0.3188   | 0.4743   | 0.4090 

Epoch 228: loss = 0.786770 delta_mae_pts = 0.4855 recap_mae_pts = 0.4855 cat_mae_pts = 0.4896 total_mae_pts = 1.0593 vs_inertia_pts = 0.4862 vs_quad_pts = 1.6068 mon_cov = 0.966 mon_score = 5.3489 time = 25677.62 s

Epoch 229: Weights {"totalWeight":0.1,"recapWeight":0.05,"deltaWeight":9.75,"categoryWeight":0.05,"quantileWeight":0.8084,"consistencyWeight":0,"identityDropoutRate":0.38725}, Scales {"judgeBias":1,"corps":1}, SeqLen 15, ID_Drop 0.395, WFW 1.500 

History Bucket Diagnostics (Avg Abs Error per sample, normalized units):
Hist | Count | MAE_Pred | MAE_Base | PredDevFromBase
-----|-------|----------|----------|----------------
0    | 71    | 0.9121   | 2.2794   | 2.2193 
1    | 31    | 0.4912   | 1.2121   | 1.1235 
2    | 24    | 0.5432   | 1.0693   | 0.9989 
3-5  | 68    | 0.4421   | 0.9838   | 0.9077 
6+   | 208   | 0.3182   | 0.4743   | 0.3956 

Epoch 229: loss = 0.765809 delta_mae_pts = 0.4708 recap_mae_pts = 0.4708 cat_mae_pts = 0.4865 total_mae_pts = 1.0443 vs_inertia_pts = 0.5009 vs_quad_pts = 1.6215 mon_cov = 0.968 mon_score = 5.2159 time = 25790.86 s

Epoch 230: Weights {"totalWeight":0.1,"recapWeight":0.05,"deltaWeight":9.75,"categoryWeight":0.05,"quantileWeight":0.812,"consistencyWeight":0,"identityDropoutRate":0.38250000000000006}, Scales {"judgeBias":1,"corps":1}, SeqLen 15, ID_Drop 0.395, WFW 1.500 

History Bucket Diagnostics (Avg Abs Error per sample, normalized units):
Hist | Count | MAE_Pred | MAE_Base | PredDevFromBase
-----|-------|----------|----------|----------------
0    | 71    | 0.8669   | 2.2794   | 2.1357 
1    | 31    | 0.5022   | 1.2121   | 1.1027 
2    | 24    | 0.5284   | 1.0693   | 0.9743 
3-5  | 68    | 0.4596   | 0.9838   | 0.8910 
6+   | 208   | 0.3193   | 0.4743   | 0.3909 

Epoch 230: loss = 0.775706 delta_mae_pts = 0.4663 recap_mae_pts = 0.4663 cat_mae_pts = 0.4749 total_mae_pts = 1.0288 vs_inertia_pts = 0.5054 vs_quad_pts = 1.6260 mon_cov = 0.966 mon_score = 5.1648 time = 25900.77 s

Epoch 231: Weights {"totalWeight":0.1,"recapWeight":0.05,"deltaWeight":9.75,"categoryWeight":0.05,"quantileWeight":0.8156000000000001,"consistencyWeight":0,"identityDropoutRate":0.37775000000000003}, Scales {"judgeBias":1,"corps":1}, SeqLen 15, ID_Drop 0.390, WFW 1.500 

History Bucket Diagnostics (Avg Abs Error per sample, normalized units):
Hist | Count | MAE_Pred | MAE_Base | PredDevFromBase
-----|-------|----------|----------|----------------
0    | 71    | 0.8857   | 2.2794   | 2.1456 
1    | 31    | 0.5082   | 1.2121   | 1.1122 
2    | 24    | 0.5196   | 1.0693   | 0.9809 
3-5  | 68    | 0.4423   | 0.9838   | 0.9056 
6+   | 208   | 0.3182   | 0.4743   | 0.4056 

Epoch 231: loss = 0.707824 delta_mae_pts = 0.4661 recap_mae_pts = 0.4661 cat_mae_pts = 0.4722 total_mae_pts = 1.0202 vs_inertia_pts = 0.5056 vs_quad_pts = 1.6262 mon_cov = 0.968 mon_score = 5.1679 time = 26013.35 s

Epoch 232: Weights {"totalWeight":0.1,"recapWeight":0.05,"deltaWeight":9.75,"categoryWeight":0.05,"quantileWeight":0.8191999999999999,"consistencyWeight":0,"identityDropoutRate":0.373}, Scales {"judgeBias":1,"corps":1}, SeqLen 15, ID_Drop 0.366, WFW 1.500 

History Bucket Diagnostics (Avg Abs Error per sample, normalized units):
Hist | Count | MAE_Pred | MAE_Base | PredDevFromBase
-----|-------|----------|----------|----------------
0    | 71    | 0.8712   | 2.2794   | 2.1976 
1    | 31    | 0.5024   | 1.2121   | 1.1234 
2    | 24    | 0.5193   | 1.0693   | 0.9769 
3-5  | 68    | 0.4572   | 0.9838   | 0.9085 
6+   | 208   | 0.3205   | 0.4743   | 0.3974 

Epoch 232: loss = 0.705084 delta_mae_pts = 0.4668 recap_mae_pts = 0.4668 cat_mae_pts = 0.4696 total_mae_pts = 1.0278 vs_inertia_pts = 0.5049 vs_quad_pts = 1.6255 mon_cov = 0.970 mon_score = 5.1823 time = 26123.91 s

Epoch 233: Weights {"totalWeight":0.1,"recapWeight":0.05,"deltaWeight":9.75,"categoryWeight":0.05,"quantileWeight":0.8228,"consistencyWeight":0,"identityDropoutRate":0.36824999999999997}, Scales {"judgeBias":1,"corps":1}, SeqLen 15, ID_Drop 0.388, WFW 1.500 

History Bucket Diagnostics (Avg Abs Error per sample, normalized units):
Hist | Count | MAE_Pred | MAE_Base | PredDevFromBase
-----|-------|----------|----------|----------------
0    | 71    | 0.9025   | 2.2794   | 2.1320 
1    | 31    | 0.5106   | 1.2121   | 1.0939 
2    | 24    | 0.5234   | 1.0693   | 0.9701 
3-5  | 68    | 0.4455   | 0.9838   | 0.8914 
6+   | 208   | 0.3284   | 0.4743   | 0.3864 

Epoch 233: loss = 0.706709 delta_mae_pts = 0.4753 recap_mae_pts = 0.4753 cat_mae_pts = 0.4868 total_mae_pts = 1.0637 vs_inertia_pts = 0.4964 vs_quad_pts = 1.6170 mon_cov = 0.969 mon_score = 5.2776 time = 26235.25 s

Epoch 234: Weights {"totalWeight":0.1,"recapWeight":0.05,"deltaWeight":9.75,"categoryWeight":0.05,"quantileWeight":0.8264,"consistencyWeight":0,"identityDropoutRate":0.36350000000000005}, Scales {"judgeBias":1,"corps":1}, SeqLen 15, ID_Drop 0.361, WFW 1.500 

History Bucket Diagnostics (Avg Abs Error per sample, normalized units):
Hist | Count | MAE_Pred | MAE_Base | PredDevFromBase
-----|-------|----------|----------|----------------
0    | 71    | 0.8576   | 2.2794   | 2.1186 
1    | 31    | 0.4991   | 1.2121   | 1.1069 
2    | 24    | 0.5148   | 1.0693   | 0.9470 
3-5  | 68    | 0.4579   | 0.9838   | 0.9034 
6+   | 208   | 0.3225   | 0.4743   | 0.3965 

Epoch 234: loss = 0.756366 delta_mae_pts = 0.4650 recap_mae_pts = 0.4650 cat_mae_pts = 0.4789 total_mae_pts = 1.0149 vs_inertia_pts = 0.5067 vs_quad_pts = 1.6273 mon_cov = 0.970 mon_score = 5.1543 time = 26347.38 s

Epoch 235: Weights {"totalWeight":0.1,"recapWeight":0.05,"deltaWeight":9.75,"categoryWeight":0.05,"quantileWeight":0.8300000000000001,"consistencyWeight":0,"identityDropoutRate":0.35875}, Scales {"judgeBias":1,"corps":1}, SeqLen 15, ID_Drop 0.359, WFW 1.500 

History Bucket Diagnostics (Avg Abs Error per sample, normalized units):
Hist | Count | MAE_Pred | MAE_Base | PredDevFromBase
-----|-------|----------|----------|----------------
0    | 71    | 0.8556   | 2.2794   | 2.1260 
1    | 31    | 0.5099   | 1.2121   | 1.0898 
2    | 24    | 0.5494   | 1.0693   | 0.9438 
3-5  | 68    | 0.4647   | 0.9838   | 0.8754 
6+   | 208   | 0.3209   | 0.4743   | 0.3906 

Epoch 235: loss = 0.754868 delta_mae_pts = 0.4679 recap_mae_pts = 0.4679 cat_mae_pts = 0.4837 total_mae_pts = 1.0477 vs_inertia_pts = 0.5038 vs_quad_pts = 1.6244 mon_cov = 0.966 mon_score = 5.1844 time = 26457.52 s

Epoch 236: Weights {"totalWeight":0.1,"recapWeight":0.05,"deltaWeight":9.75,"categoryWeight":0.05,"quantileWeight":0.8335999999999999,"consistencyWeight":0,"identityDropoutRate":0.354}, Scales {"judgeBias":1,"corps":1}, SeqLen 15, ID_Drop 0.354, WFW 1.500 

History Bucket Diagnostics (Avg Abs Error per sample, normalized units):
Hist | Count | MAE_Pred | MAE_Base | PredDevFromBase
-----|-------|----------|----------|----------------
0    | 71    | 0.8162   | 2.2794   | 2.0795 
1    | 31    | 0.4955   | 1.2121   | 1.1102 
2    | 24    | 0.5448   | 1.0693   | 1.0182 
3-5  | 68    | 0.4686   | 0.9838   | 0.9192 
6+   | 208   | 0.3280   | 0.4743   | 0.4192 

Epoch 236: loss = 0.749761 delta_mae_pts = 0.4639 recap_mae_pts = 0.4639 cat_mae_pts = 0.4842 total_mae_pts = 1.0355 vs_inertia_pts = 0.5078 vs_quad_pts = 1.6284 mon_cov = 0.967 mon_score = 5.1459 time = 26569.90 s

Epoch 237: Weights {"totalWeight":0.1,"recapWeight":0.05,"deltaWeight":9.75,"categoryWeight":0.05,"quantileWeight":0.8371999999999999,"consistencyWeight":0,"identityDropoutRate":0.34924999999999995}, Scales {"judgeBias":1,"corps":1}, SeqLen 15, ID_Drop 0.349, WFW 1.500 

History Bucket Diagnostics (Avg Abs Error per sample, normalized units):
Hist | Count | MAE_Pred | MAE_Base | PredDevFromBase
-----|-------|----------|----------|----------------
0    | 71    | 0.8248   | 2.2794   | 2.1061 
1    | 31    | 0.5044   | 1.2121   | 1.1413 
2    | 24    | 0.5308   | 1.0693   | 0.9564 
3-5  | 68    | 0.4572   | 0.9838   | 0.9097 
6+   | 208   | 0.3109   | 0.4743   | 0.4040 

Epoch 237: loss = 0.749182 delta_mae_pts = 0.4545 recap_mae_pts = 0.4545 cat_mae_pts = 0.4680 total_mae_pts = 1.0244 vs_inertia_pts = 0.5173 vs_quad_pts = 1.6378 mon_cov = 0.968 mon_score = 5.0543 time = 26680.14 s

Epoch 238: Weights {"totalWeight":0.1,"recapWeight":0.05,"deltaWeight":9.75,"categoryWeight":0.05,"quantileWeight":0.8408,"consistencyWeight":0,"identityDropoutRate":0.34450000000000003}, Scales {"judgeBias":1,"corps":1}, SeqLen 15, ID_Drop 0.357, WFW 1.500 

History Bucket Diagnostics (Avg Abs Error per sample, normalized units):
Hist | Count | MAE_Pred | MAE_Base | PredDevFromBase
-----|-------|----------|----------|----------------
0    | 71    | 0.8188   | 2.2794   | 2.0707 
1    | 31    | 0.5186   | 1.2121   | 1.1032 
2    | 24    | 0.5390   | 1.0693   | 0.9526 
3-5  | 68    | 0.4736   | 0.9838   | 0.8863 
6+   | 208   | 0.3271   | 0.4743   | 0.3868 

Epoch 238: loss = 0.736489 delta_mae_pts = 0.4661 recap_mae_pts = 0.4661 cat_mae_pts = 0.4845 total_mae_pts = 1.0719 vs_inertia_pts = 0.5056 vs_quad_pts = 1.6262 mon_cov = 0.965 mon_score = 5.1859 time = 26793.29 s

Epoch 239: Weights {"totalWeight":0.1,"recapWeight":0.05,"deltaWeight":9.75,"categoryWeight":0.05,"quantileWeight":0.8444,"consistencyWeight":0,"identityDropoutRate":0.3397500000000001}, Scales {"judgeBias":1,"corps":1}, SeqLen 15, ID_Drop 0.351, WFW 1.500 

History Bucket Diagnostics (Avg Abs Error per sample, normalized units):
Hist | Count | MAE_Pred | MAE_Base | PredDevFromBase
-----|-------|----------|----------|----------------
0    | 71    | 0.7977   | 2.2794   | 2.0743 
1    | 31    | 0.5013   | 1.2121   | 1.0918 
2    | 24    | 0.5372   | 1.0693   | 1.0018 
3-5  | 68    | 0.4740   | 0.9838   | 0.8876 
6+   | 208   | 0.3282   | 0.4743   | 0.3954 

Epoch 239: loss = 0.753022 delta_mae_pts = 0.4616 recap_mae_pts = 0.4616 cat_mae_pts = 0.4854 total_mae_pts = 1.0667 vs_inertia_pts = 0.5101 vs_quad_pts = 1.6307 mon_cov = 0.968 mon_score = 5.1363 time = 26903.59 s

Epoch 240: Weights {"totalWeight":0.1,"recapWeight":0.05,"deltaWeight":9.75,"categoryWeight":0.05,"quantileWeight":0.8480000000000001,"consistencyWeight":0,"identityDropoutRate":0.3350000000000001}, Scales {"judgeBias":1,"corps":1}, SeqLen 15, ID_Drop 0.354, WFW 1.500 

History Bucket Diagnostics (Avg Abs Error per sample, normalized units):
Hist | Count | MAE_Pred | MAE_Base | PredDevFromBase
-----|-------|----------|----------|----------------
0    | 71    | 0.8109   | 2.2794   | 2.1466 
1    | 31    | 0.5273   | 1.2121   | 1.0720 
2    | 24    | 0.5125   | 1.0693   | 0.9831 
3-5  | 68    | 0.4798   | 0.9838   | 0.9089 
6+   | 208   | 0.3248   | 0.4743   | 0.4022 

Epoch 240: loss = 0.752595 delta_mae_pts = 0.4637 recap_mae_pts = 0.4637 cat_mae_pts = 0.4915 total_mae_pts = 1.0835 vs_inertia_pts = 0.5080 vs_quad_pts = 1.6286 mon_cov = 0.969 mon_score = 5.1570 time = 27015.12 s

Epoch 241: Weights {"totalWeight":0.1,"recapWeight":0.05,"deltaWeight":9.75,"categoryWeight":0.05,"quantileWeight":0.8515999999999999,"consistencyWeight":0,"identityDropoutRate":0.33025000000000004}, Scales {"judgeBias":1,"corps":1}, SeqLen 15, ID_Drop 0.338, WFW 1.500 

History Bucket Diagnostics (Avg Abs Error per sample, normalized units):
Hist | Count | MAE_Pred | MAE_Base | PredDevFromBase
-----|-------|----------|----------|----------------
0    | 71    | 0.8104   | 2.2794   | 2.0796 
1    | 31    | 0.5156   | 1.2121   | 1.0796 
2    | 24    | 0.5385   | 1.0693   | 0.9535 
3-5  | 68    | 0.4501   | 0.9838   | 0.8922 
6+   | 208   | 0.3265   | 0.4743   | 0.3928 

Epoch 241: loss = 0.750157 delta_mae_pts = 0.4601 recap_mae_pts = 0.4601 cat_mae_pts = 0.4852 total_mae_pts = 1.0458 vs_inertia_pts = 0.5116 vs_quad_pts = 1.6321 mon_cov = 0.970 mon_score = 5.1143 time = 27127.29 s

Epoch 242: Weights {"totalWeight":0.1,"recapWeight":0.05,"deltaWeight":9.75,"categoryWeight":0.05,"quantileWeight":0.8552,"consistencyWeight":0,"identityDropoutRate":0.3255}, Scales {"judgeBias":1,"corps":1}, SeqLen 15, ID_Drop 0.347, WFW 1.500 

History Bucket Diagnostics (Avg Abs Error per sample, normalized units):
Hist | Count | MAE_Pred | MAE_Base | PredDevFromBase
-----|-------|----------|----------|----------------
0    | 71    | 0.7948   | 2.2794   | 2.0821 
1    | 31    | 0.5140   | 1.2121   | 1.1172 
2    | 24    | 0.5235   | 1.0693   | 0.9794 
3-5  | 68    | 0.4557   | 0.9838   | 0.9041 
6+   | 208   | 0.3242   | 0.4743   | 0.3978 

Epoch 242: loss = 0.754543 delta_mae_pts = 0.4561 recap_mae_pts = 0.4561 cat_mae_pts = 0.4768 total_mae_pts = 1.0337 vs_inertia_pts = 0.5156 vs_quad_pts = 1.6362 mon_cov = 0.967 mon_score = 5.0731 time = 27237.69 s

Epoch 243: Weights {"totalWeight":0.1,"recapWeight":0.05,"deltaWeight":9.75,"categoryWeight":0.05,"quantileWeight":0.8588,"consistencyWeight":0,"identityDropoutRate":0.3207500000000001}, Scales {"judgeBias":1,"corps":1}, SeqLen 15, ID_Drop 0.332, WFW 1.500 

History Bucket Diagnostics (Avg Abs Error per sample, normalized units):
Hist | Count | MAE_Pred | MAE_Base | PredDevFromBase
-----|-------|----------|----------|----------------
0    | 71    | 0.8169   | 2.2794   | 2.1284 
1    | 31    | 0.5108   | 1.2121   | 1.1055 
2    | 24    | 0.5252   | 1.0693   | 0.9556 
3-5  | 68    | 0.4660   | 0.9838   | 0.8844 
6+   | 208   | 0.3221   | 0.4743   | 0.3878 

Epoch 243: loss = 0.747722 delta_mae_pts = 0.4605 recap_mae_pts = 0.4605 cat_mae_pts = 0.4842 total_mae_pts = 1.0550 vs_inertia_pts = 0.5112 vs_quad_pts = 1.6318 mon_cov = 0.970 mon_score = 5.1314 time = 27349.89 s

Epoch 244: Weights {"totalWeight":0.1,"recapWeight":0.05,"deltaWeight":9.75,"categoryWeight":0.05,"quantileWeight":0.8624,"consistencyWeight":0,"identityDropoutRate":0.31600000000000006}, Scales {"judgeBias":1,"corps":1}, SeqLen 15, ID_Drop 0.336, WFW 1.500 

History Bucket Diagnostics (Avg Abs Error per sample, normalized units):
Hist | Count | MAE_Pred | MAE_Base | PredDevFromBase
-----|-------|----------|----------|----------------
0    | 71    | 0.8159   | 2.2794   | 2.1577 
1    | 31    | 0.5199   | 1.2121   | 1.1247 
2    | 24    | 0.5453   | 1.0693   | 0.9705 
3-5  | 68    | 0.4639   | 0.9838   | 0.9150 
6+   | 208   | 0.3217   | 0.4743   | 0.4136 

Epoch 244: loss = 0.741445 delta_mae_pts = 0.4617 recap_mae_pts = 0.4617 cat_mae_pts = 0.4886 total_mae_pts = 1.0808 vs_inertia_pts = 0.5100 vs_quad_pts = 1.6306 mon_cov = 0.969 mon_score = 5.1306 time = 27459.65 s

Epoch 245: Weights {"totalWeight":0.1,"recapWeight":0.05,"deltaWeight":9.75,"categoryWeight":0.05,"quantileWeight":0.8660000000000001,"consistencyWeight":0,"identityDropoutRate":0.31125}, Scales {"judgeBias":1,"corps":1}, SeqLen 15, ID_Drop 0.336, WFW 1.500 

History Bucket Diagnostics (Avg Abs Error per sample, normalized units):
Hist | Count | MAE_Pred | MAE_Base | PredDevFromBase
-----|-------|----------|----------|----------------
0    | 71    | 0.8148   | 2.2794   | 2.0498 
1    | 31    | 0.5049   | 1.2121   | 1.0805 
2    | 24    | 0.5054   | 1.0693   | 0.9759 
3-5  | 68    | 0.4532   | 0.9838   | 0.8925 
6+   | 208   | 0.3208   | 0.4743   | 0.3911 

Epoch 245: loss = 0.738828 delta_mae_pts = 0.4557 recap_mae_pts = 0.4557 cat_mae_pts = 0.4794 total_mae_pts = 1.0339 vs_inertia_pts = 0.5160 vs_quad_pts = 1.6366 mon_cov = 0.967 mon_score = 5.0710 time = 27573.44 s

Epoch 246: Weights {"totalWeight":0.1,"recapWeight":0.05,"deltaWeight":9.75,"categoryWeight":0.05,"quantileWeight":0.8695999999999999,"consistencyWeight":0,"identityDropoutRate":0.3065}, Scales {"judgeBias":1,"corps":1}, SeqLen 15, ID_Drop 0.318, WFW 1.500 

History Bucket Diagnostics (Avg Abs Error per sample, normalized units):
Hist | Count | MAE_Pred | MAE_Base | PredDevFromBase
-----|-------|----------|----------|----------------
0    | 71    | 0.8088   | 2.2794   | 2.1299 
1    | 31    | 0.4967   | 1.2121   | 1.1081 
2    | 24    | 0.5360   | 1.0693   | 0.9675 
3-5  | 68    | 0.4521   | 0.9838   | 0.9014 
6+   | 208   | 0.3207   | 0.4743   | 0.3970 

Epoch 246: loss = 0.746091 delta_mae_pts = 0.4555 recap_mae_pts = 0.4555 cat_mae_pts = 0.4827 total_mae_pts = 1.0370 vs_inertia_pts = 0.5162 vs_quad_pts = 1.6367 mon_cov = 0.967 mon_score = 5.0693 time = 27683.43 s

Epoch 247: Weights {"totalWeight":0.1,"recapWeight":0.05,"deltaWeight":9.75,"categoryWeight":0.05,"quantileWeight":0.8732,"consistencyWeight":0,"identityDropoutRate":0.3017500000000001}, Scales {"judgeBias":1,"corps":1}, SeqLen 15, ID_Drop 0.309, WFW 1.500 

History Bucket Diagnostics (Avg Abs Error per sample, normalized units):
Hist | Count | MAE_Pred | MAE_Base | PredDevFromBase
-----|-------|----------|----------|----------------
0    | 71    | 0.8136   | 2.2794   | 2.0882 
1    | 31    | 0.5233   | 1.2121   | 1.0806 
2    | 24    | 0.5284   | 1.0693   | 0.9685 
3-5  | 68    | 0.4643   | 0.9838   | 0.8816 
6+   | 208   | 0.3202   | 0.4743   | 0.3932 

Epoch 247: loss = 0.741217 delta_mae_pts = 0.4598 recap_mae_pts = 0.4598 cat_mae_pts = 0.4867 total_mae_pts = 1.0607 vs_inertia_pts = 0.5119 vs_quad_pts = 1.6325 mon_cov = 0.968 mon_score = 5.0995 time = 27796.06 s

Epoch 248: Weights {"totalWeight":0.1,"recapWeight":0.05,"deltaWeight":9.75,"categoryWeight":0.05,"quantileWeight":0.8768,"consistencyWeight":0,"identityDropoutRate":0.29700000000000004}, Scales {"judgeBias":1,"corps":1}, SeqLen 15, ID_Drop 0.310, WFW 1.500 

History Bucket Diagnostics (Avg Abs Error per sample, normalized units):
Hist | Count | MAE_Pred | MAE_Base | PredDevFromBase
-----|-------|----------|----------|----------------
0    | 71    | 0.7975   | 2.2794   | 2.0836 
1    | 31    | 0.5152   | 1.2121   | 1.1177 
2    | 24    | 0.5279   | 1.0693   | 0.9667 
3-5  | 68    | 0.4520   | 0.9838   | 0.8804 
6+   | 208   | 0.3187   | 0.4743   | 0.3862 

Epoch 248: loss = 0.756815 delta_mae_pts = 0.4535 recap_mae_pts = 0.4535 cat_mae_pts = 0.4767 total_mae_pts = 1.0455 vs_inertia_pts = 0.5182 vs_quad_pts = 1.6388 mon_cov = 0.967 mon_score = 5.0361 time = 27906.92 s
Saved BEST checkpoint @epoch 248 score = 5.0361 -> models\v9_subcaption_fixed\v9fix_swa_train_best_export_1770556452661\best 

Epoch 249: Weights {"totalWeight":0.1,"recapWeight":0.05,"deltaWeight":9.75,"categoryWeight":0.05,"quantileWeight":0.8804000000000001,"consistencyWeight":0,"identityDropoutRate":0.29225}, Scales {"judgeBias":1,"corps":1}, SeqLen 15, ID_Drop 0.317, WFW 1.500 

History Bucket Diagnostics (Avg Abs Error per sample, normalized units):
Hist | Count | MAE_Pred | MAE_Base | PredDevFromBase
-----|-------|----------|----------|----------------
0    | 71    | 0.8012   | 2.2794   | 2.1354 
1    | 31    | 0.4950   | 1.2121   | 1.1462 
2    | 24    | 0.5196   | 1.0693   | 1.0023 
3-5  | 68    | 0.4531   | 0.9838   | 0.9133 
6+   | 208   | 0.3217   | 0.4743   | 0.4067 

Epoch 249: loss = 0.741079 delta_mae_pts = 0.4538 recap_mae_pts = 0.4538 cat_mae_pts = 0.4800 total_mae_pts = 1.0394 vs_inertia_pts = 0.5179 vs_quad_pts = 1.6385 mon_cov = 0.971 mon_score = 5.0613 time = 28019.38 s

Epoch 250: Weights {"totalWeight":0.1,"recapWeight":0.05,"deltaWeight":9.75,"categoryWeight":0.05,"quantileWeight":0.8840000000000001,"consistencyWeight":0,"identityDropoutRate":0.2875000000000001}, Scales {"judgeBias":1,"corps":1}, SeqLen 15, ID_Drop 0.298, WFW 1.500 

History Bucket Diagnostics (Avg Abs Error per sample, normalized units):
Hist | Count | MAE_Pred | MAE_Base | PredDevFromBase
-----|-------|----------|----------|----------------
0    | 71    | 0.8140   | 2.2794   | 2.1181 
1    | 31    | 0.5021   | 1.2121   | 1.1291 
2    | 24    | 0.5368   | 1.0693   | 1.0130 
3-5  | 68    | 0.4770   | 0.9838   | 0.9125 
6+   | 208   | 0.3182   | 0.4743   | 0.3993 

Epoch 250: loss = 0.732737 delta_mae_pts = 0.4599 recap_mae_pts = 0.4599 cat_mae_pts = 0.4840 total_mae_pts = 1.0424 vs_inertia_pts = 0.5118 vs_quad_pts = 1.6324 mon_cov = 0.969 mon_score = 5.1122 time = 28130.72 s

-- - CAPTION STATS(Epoch 250)-- - 
GE1: delta_pts = 0.3422, recap_pts = 0.3422, cov = 0.945, width = 2.0017 
GE2: delta_pts = 0.3190, recap_pts = 0.3190, cov = 0.970, width = 2.0266 
VP: delta_pts = 0.4142, recap_pts = 0.4142, cov = 0.990, width = 3.7671 
VA: delta_pts = 0.3917, recap_pts = 0.3917, cov = 0.948, width = 2.0836 
CG: delta_pts = 0.4819, recap_pts = 0.4819, cov = 0.985, width = 3.8662 
MB: delta_pts = 0.6554, recap_pts = 0.6554, cov = 0.978, width = 5.5933 
MA: delta_pts = 0.3547, recap_pts = 0.3547, cov = 0.968, width = 2.1259 
MP: delta_pts = 0.7199, recap_pts = 0.7199, cov = 0.968, width = 6.1672 
----------------------------------


Epoch 251: Weights {"totalWeight":0.1,"recapWeight":0.05,"deltaWeight":9.75,"categoryWeight":0.05,"quantileWeight":0.8876,"consistencyWeight":0,"identityDropoutRate":0.28275000000000006}, Scales {"judgeBias":1,"corps":1}, SeqLen 15, ID_Drop 0.287, WFW 1.500 

History Bucket Diagnostics (Avg Abs Error per sample, normalized units):
Hist | Count | MAE_Pred | MAE_Base | PredDevFromBase
-----|-------|----------|----------|----------------
0    | 71    | 0.7944   | 2.2794   | 2.1067 
1    | 31    | 0.4924   | 1.2121   | 1.0996 
2    | 24    | 0.5175   | 1.0693   | 0.9527 
3-5  | 68    | 0.4594   | 0.9838   | 0.8839 
6+   | 208   | 0.3210   | 0.4743   | 0.3963 

Epoch 251: loss = 0.743553 delta_mae_pts = 0.4530 recap_mae_pts = 0.4530 cat_mae_pts = 0.4797 total_mae_pts = 1.0560 vs_inertia_pts = 0.5187 vs_quad_pts = 1.6393 mon_cov = 0.969 mon_score = 5.0561 time = 28240.63 s

Epoch 252: Weights {"totalWeight":0.1,"recapWeight":0.05,"deltaWeight":9.75,"categoryWeight":0.05,"quantileWeight":0.8912,"consistencyWeight":0,"identityDropoutRate":0.278}, Scales {"judgeBias":1,"corps":1}, SeqLen 15, ID_Drop 0.286, WFW 1.500 

History Bucket Diagnostics (Avg Abs Error per sample, normalized units):
Hist | Count | MAE_Pred | MAE_Base | PredDevFromBase
-----|-------|----------|----------|----------------
0    | 71    | 0.8012   | 2.2794   | 2.0979 
1    | 31    | 0.5012   | 1.2121   | 1.0433 
2    | 24    | 0.5349   | 1.0693   | 0.9556 
3-5  | 68    | 0.4655   | 0.9838   | 0.8884 
6+   | 208   | 0.3183   | 0.4743   | 0.3853 

Epoch 252: loss = 0.733270 delta_mae_pts = 0.4555 recap_mae_pts = 0.4555 cat_mae_pts = 0.4767 total_mae_pts = 1.0470 vs_inertia_pts = 0.5162 vs_quad_pts = 1.6368 mon_cov = 0.969 mon_score = 5.0745 time = 28353.95 s

Epoch 253: Weights {"totalWeight":0.1,"recapWeight":0.05,"deltaWeight":9.75,"categoryWeight":0.05,"quantileWeight":0.8948,"consistencyWeight":0,"identityDropoutRate":0.27325}, Scales {"judgeBias":1,"corps":1}, SeqLen 15, ID_Drop 0.277, WFW 1.500 

History Bucket Diagnostics (Avg Abs Error per sample, normalized units):
Hist | Count | MAE_Pred | MAE_Base | PredDevFromBase
-----|-------|----------|----------|----------------
0    | 71    | 0.7996   | 2.2794   | 2.0715 
1    | 31    | 0.5055   | 1.2121   | 1.0660 
2    | 24    | 0.5251   | 1.0693   | 0.9648 
3-5  | 68    | 0.4628   | 0.9838   | 0.8928 
6+   | 208   | 0.3192   | 0.4743   | 0.3936 

Epoch 253: loss = 0.696992 delta_mae_pts = 0.4550 recap_mae_pts = 0.4550 cat_mae_pts = 0.4768 total_mae_pts = 1.0407 vs_inertia_pts = 0.5167 vs_quad_pts = 1.6373 mon_cov = 0.969 mon_score = 5.0697 time = 28464.00 s

Epoch 254: Weights {"totalWeight":0.1,"recapWeight":0.05,"deltaWeight":9.75,"categoryWeight":0.05,"quantileWeight":0.8984000000000001,"consistencyWeight":0,"identityDropoutRate":0.26850000000000007}, Scales {"judgeBias":1,"corps":1}, SeqLen 15, ID_Drop 0.266, WFW 1.500 

History Bucket Diagnostics (Avg Abs Error per sample, normalized units):
Hist | Count | MAE_Pred | MAE_Base | PredDevFromBase
-----|-------|----------|----------|----------------
0    | 71    | 0.8048   | 2.2794   | 2.1269 
1    | 31    | 0.4968   | 1.2121   | 1.1031 
2    | 24    | 0.5526   | 1.0693   | 0.9867 
3-5  | 68    | 0.4786   | 0.9838   | 0.9149 
6+   | 208   | 0.3203   | 0.4743   | 0.4108 

Epoch 254: loss = 0.675773 delta_mae_pts = 0.4601 recap_mae_pts = 0.4601 cat_mae_pts = 0.4810 total_mae_pts = 1.0567 vs_inertia_pts = 0.5116 vs_quad_pts = 1.6321 mon_cov = 0.966 mon_score = 5.1029 time = 28577.31 s

Epoch 255: Weights {"totalWeight":0.1,"recapWeight":0.05,"deltaWeight":9.75,"categoryWeight":0.05,"quantileWeight":0.9020000000000001,"consistencyWeight":0,"identityDropoutRate":0.26375000000000004}, Scales {"judgeBias":1,"corps":1}, SeqLen 15, ID_Drop 0.267, WFW 1.500 

History Bucket Diagnostics (Avg Abs Error per sample, normalized units):
Hist | Count | MAE_Pred | MAE_Base | PredDevFromBase
-----|-------|----------|----------|----------------
0    | 71    | 0.8023   | 2.2794   | 2.1023 
1    | 31    | 0.4993   | 1.2121   | 1.1064 
2    | 24    | 0.5220   | 1.0693   | 1.0122 
3-5  | 68    | 0.4477   | 0.9838   | 0.9295 
6+   | 208   | 0.3238   | 0.4743   | 0.4041 

Epoch 255: loss = 0.668685 delta_mae_pts = 0.4546 recap_mae_pts = 0.4546 cat_mae_pts = 0.4805 total_mae_pts = 1.0445 vs_inertia_pts = 0.5171 vs_quad_pts = 1.6377 mon_cov = 0.970 mon_score = 5.0690 time = 28687.10 s

Epoch 256: Weights {"totalWeight":0.1,"recapWeight":0.05,"deltaWeight":9.75,"categoryWeight":0.05,"quantileWeight":0.9056,"consistencyWeight":0,"identityDropoutRate":0.259}, Scales {"judgeBias":1,"corps":1}, SeqLen 15, ID_Drop 0.279, WFW 1.500 

History Bucket Diagnostics (Avg Abs Error per sample, normalized units):
Hist | Count | MAE_Pred | MAE_Base | PredDevFromBase
-----|-------|----------|----------|----------------
0    | 71    | 0.8033   | 2.2794   | 2.1414 
1    | 31    | 0.4932   | 1.2121   | 1.1249 
2    | 24    | 0.5253   | 1.0693   | 0.9961 
3-5  | 68    | 0.4503   | 0.9838   | 0.9448 
6+   | 208   | 0.3204   | 0.4743   | 0.4164 

Epoch 256: loss = 0.677700 delta_mae_pts = 0.4532 recap_mae_pts = 0.4532 cat_mae_pts = 0.4828 total_mae_pts = 1.0685 vs_inertia_pts = 0.5185 vs_quad_pts = 1.6391 mon_cov = 0.969 mon_score = 5.0535 time = 28790.99 s

Epoch 257: Weights {"totalWeight":0.1,"recapWeight":0.05,"deltaWeight":9.75,"categoryWeight":0.05,"quantileWeight":0.9092,"consistencyWeight":0,"identityDropoutRate":0.25425}, Scales {"judgeBias":1,"corps":1}, SeqLen 15, ID_Drop 0.264, WFW 1.500 

History Bucket Diagnostics (Avg Abs Error per sample, normalized units):
Hist | Count | MAE_Pred | MAE_Base | PredDevFromBase
-----|-------|----------|----------|----------------
0    | 71    | 0.7989   | 2.2794   | 2.1132 
1    | 31    | 0.5036   | 1.2121   | 1.0734 
2    | 24    | 0.5387   | 1.0693   | 0.9542 
3-5  | 68    | 0.4432   | 0.9838   | 0.8978 
6+   | 208   | 0.3203   | 0.4743   | 0.3970 

Epoch 257: loss = 0.671589 delta_mae_pts = 0.4528 recap_mae_pts = 0.4528 cat_mae_pts = 0.4785 total_mae_pts = 1.0187 vs_inertia_pts = 0.5189 vs_quad_pts = 1.6395 mon_cov = 0.971 mon_score = 5.0357 time = 28883.15 s
Saved BEST checkpoint @epoch 257 score = 5.0357 -> models\v9_subcaption_fixed\v9fix_swa_train_best_export_1770556452661\best 

Epoch 258: Weights {"totalWeight":0.1,"recapWeight":0.05,"deltaWeight":9.75,"categoryWeight":0.05,"quantileWeight":0.9128000000000001,"consistencyWeight":0,"identityDropoutRate":0.24950000000000006}, Scales {"judgeBias":1,"corps":1}, SeqLen 15, ID_Drop 0.265, WFW 1.500 

History Bucket Diagnostics (Avg Abs Error per sample, normalized units):
Hist | Count | MAE_Pred | MAE_Base | PredDevFromBase
-----|-------|----------|----------|----------------
0    | 71    | 0.8366   | 2.2794   | 2.1434 
1    | 31    | 0.5145   | 1.2121   | 1.1018 
2    | 24    | 0.5240   | 1.0693   | 0.9651 
3-5  | 68    | 0.4430   | 0.9838   | 0.9018 
6+   | 208   | 0.3223   | 0.4743   | 0.4028 

Epoch 258: loss = 0.727324 delta_mae_pts = 0.4604 recap_mae_pts = 0.4604 cat_mae_pts = 0.4796 total_mae_pts = 1.0601 vs_inertia_pts = 0.5113 vs_quad_pts = 1.6319 mon_cov = 0.971 mon_score = 5.1212 time = 28996.56 s

Epoch 259: Weights {"totalWeight":0.1,"recapWeight":0.05,"deltaWeight":9.75,"categoryWeight":0.05,"quantileWeight":0.9164000000000001,"consistencyWeight":0,"identityDropoutRate":0.24475000000000002}, Scales {"judgeBias":1,"corps":1}, SeqLen 15, ID_Drop 0.265, WFW 1.500 

History Bucket Diagnostics (Avg Abs Error per sample, normalized units):
Hist | Count | MAE_Pred | MAE_Base | PredDevFromBase
-----|-------|----------|----------|----------------
0    | 71    | 0.8236   | 2.2794   | 2.1367 
1    | 31    | 0.4888   | 1.2121   | 1.0907 
2    | 24    | 0.5181   | 1.0693   | 0.9617 
3-5  | 68    | 0.4744   | 0.9838   | 0.9003 
6+   | 208   | 0.3123   | 0.4743   | 0.3935 

Epoch 259: loss = 0.733099 delta_mae_pts = 0.4559 recap_mae_pts = 0.4559 cat_mae_pts = 0.4759 total_mae_pts = 1.0439 vs_inertia_pts = 0.5158 vs_quad_pts = 1.6364 mon_cov = 0.971 mon_score = 5.0575 time = 29110.00 s

Epoch 260: Weights {"totalWeight":0.1,"recapWeight":0.05,"deltaWeight":9.75,"categoryWeight":0.05,"quantileWeight":0.9200000000000002,"consistencyWeight":0,"identityDropoutRate":0.24}, Scales {"judgeBias":1,"corps":1}, SeqLen 15, ID_Drop 0.249, WFW 1.500 

History Bucket Diagnostics (Avg Abs Error per sample, normalized units):
Hist | Count | MAE_Pred | MAE_Base | PredDevFromBase
-----|-------|----------|----------|----------------
0    | 71    | 0.8146   | 2.2794   | 2.1318 
1    | 31    | 0.4988   | 1.2121   | 1.1326 
2    | 24    | 0.5362   | 1.0693   | 0.9946 
3-5  | 68    | 0.4607   | 0.9838   | 0.8908 
6+   | 208   | 0.3289   | 0.4743   | 0.4004 

Epoch 260: loss = 0.734544 delta_mae_pts = 0.4624 recap_mae_pts = 0.4624 cat_mae_pts = 0.4771 total_mae_pts = 1.0424 vs_inertia_pts = 0.5093 vs_quad_pts = 1.6299 mon_cov = 0.969 mon_score = 5.1526 time = 29222.99 s

Epoch 261: Weights {"totalWeight":0.1,"recapWeight":0.05,"deltaWeight":9.75,"categoryWeight":0.05,"quantileWeight":0.9236,"consistencyWeight":0,"identityDropoutRate":0.23524999999999996}, Scales {"judgeBias":1,"corps":1}, SeqLen 15, ID_Drop 0.254, WFW 1.500 

History Bucket Diagnostics (Avg Abs Error per sample, normalized units):
Hist | Count | MAE_Pred | MAE_Base | PredDevFromBase
-----|-------|----------|----------|----------------
0    | 71    | 0.8161   | 2.2794   | 2.1178 
1    | 31    | 0.4807   | 1.2121   | 1.1393 
2    | 24    | 0.5207   | 1.0693   | 1.0127 
3-5  | 68    | 0.4583   | 0.9838   | 0.9327 
6+   | 208   | 0.3147   | 0.4743   | 0.4040 

Epoch 261: loss = 0.729781 delta_mae_pts = 0.4527 recap_mae_pts = 0.4527 cat_mae_pts = 0.4701 total_mae_pts = 1.0204 vs_inertia_pts = 0.5191 vs_quad_pts = 1.6396 mon_cov = 0.972 mon_score = 5.0510 time = 29333.81 s

Epoch 262: Weights {"totalWeight":0.1,"recapWeight":0.05,"deltaWeight":9.75,"categoryWeight":0.05,"quantileWeight":0.9272,"consistencyWeight":0,"identityDropoutRate":0.23050000000000004}, Scales {"judgeBias":1,"corps":1}, SeqLen 15, ID_Drop 0.247, WFW 1.500 

History Bucket Diagnostics (Avg Abs Error per sample, normalized units):
Hist | Count | MAE_Pred | MAE_Base | PredDevFromBase
-----|-------|----------|----------|----------------
0    | 71    | 0.8445   | 2.2794   | 2.1644 
1    | 31    | 0.4919   | 1.2121   | 1.1298 
2    | 24    | 0.5192   | 1.0693   | 0.9885 
3-5  | 68    | 0.4482   | 0.9838   | 0.8999 
6+   | 208   | 0.3195   | 0.4743   | 0.4021 

Epoch 262: loss = 0.673411 delta_mae_pts = 0.4592 recap_mae_pts = 0.4592 cat_mae_pts = 0.4702 total_mae_pts = 1.0502 vs_inertia_pts = 0.5125 vs_quad_pts = 1.6331 mon_cov = 0.968 mon_score = 5.1056 time = 29446.46 s

Epoch 263: Weights {"totalWeight":0.1,"recapWeight":0.05,"deltaWeight":9.75,"categoryWeight":0.05,"quantileWeight":0.9308000000000001,"consistencyWeight":0,"identityDropoutRate":0.22575000000000012}, Scales {"judgeBias":1,"corps":1}, SeqLen 15, ID_Drop 0.226, WFW 1.500 

History Bucket Diagnostics (Avg Abs Error per sample, normalized units):
Hist | Count | MAE_Pred | MAE_Base | PredDevFromBase
-----|-------|----------|----------|----------------
0    | 71    | 0.8764   | 2.2794   | 2.1706 
1    | 31    | 0.4935   | 1.2121   | 1.1350 
2    | 24    | 0.5441   | 1.0693   | 0.9930 
3-5  | 68    | 0.4584   | 0.9838   | 0.9138 
6+   | 208   | 0.3198   | 0.4743   | 0.4060 

Epoch 263: loss = 0.670446 delta_mae_pts = 0.4684 recap_mae_pts = 0.4684 cat_mae_pts = 0.4859 total_mae_pts = 1.0862 vs_inertia_pts = 0.5033 vs_quad_pts = 1.6239 mon_cov = 0.969 mon_score = 5.2029 time = 29560.08 s

Epoch 264: Weights {"totalWeight":0.1,"recapWeight":0.05,"deltaWeight":9.75,"categoryWeight":0.05,"quantileWeight":0.9343999999999999,"consistencyWeight":0,"identityDropoutRate":0.22100000000000009}, Scales {"judgeBias":1,"corps":1}, SeqLen 15, ID_Drop 0.230, WFW 1.500 

History Bucket Diagnostics (Avg Abs Error per sample, normalized units):
Hist | Count | MAE_Pred | MAE_Base | PredDevFromBase
-----|-------|----------|----------|----------------
0    | 71    | 0.8226   | 2.2794   | 2.1060 
1    | 31    | 0.5019   | 1.2121   | 1.0790 
2    | 24    | 0.5256   | 1.0693   | 0.9833 
3-5  | 68    | 0.4652   | 0.9838   | 0.9233 
6+   | 208   | 0.3196   | 0.4743   | 0.4140 

Epoch 264: loss = 0.684283 delta_mae_pts = 0.4594 recap_mae_pts = 0.4594 cat_mae_pts = 0.4846 total_mae_pts = 1.0878 vs_inertia_pts = 0.5123 vs_quad_pts = 1.6329 mon_cov = 0.970 mon_score = 5.1172 time = 29671.13 s

Epoch 265: Weights {"totalWeight":0.1,"recapWeight":0.05,"deltaWeight":9.75,"categoryWeight":0.05,"quantileWeight":0.938,"consistencyWeight":0,"identityDropoutRate":0.21625000000000005}, Scales {"judgeBias":1,"corps":1}, SeqLen 15, ID_Drop 0.238, WFW 1.500 

History Bucket Diagnostics (Avg Abs Error per sample, normalized units):
Hist | Count | MAE_Pred | MAE_Base | PredDevFromBase
-----|-------|----------|----------|----------------
0    | 71    | 0.8179   | 2.2794   | 2.1405 
1    | 31    | 0.4875   | 1.2121   | 1.1122 
2    | 24    | 0.5168   | 1.0693   | 0.9909 
3-5  | 68    | 0.4631   | 0.9838   | 0.9062 
6+   | 208   | 0.3170   | 0.4743   | 0.3953 

Epoch 265: loss = 0.731227 delta_mae_pts = 0.4552 recap_mae_pts = 0.4552 cat_mae_pts = 0.4828 total_mae_pts = 1.0342 vs_inertia_pts = 0.5165 vs_quad_pts = 1.6370 mon_cov = 0.968 mon_score = 5.0631 time = 29783.33 s

Epoch 266: Weights {"totalWeight":0.1,"recapWeight":0.05,"deltaWeight":9.75,"categoryWeight":0.05,"quantileWeight":0.9416,"consistencyWeight":0,"identityDropoutRate":0.21150000000000002}, Scales {"judgeBias":1,"corps":1}, SeqLen 15, ID_Drop 0.217, WFW 1.500 

History Bucket Diagnostics (Avg Abs Error per sample, normalized units):
Hist | Count | MAE_Pred | MAE_Base | PredDevFromBase
-----|-------|----------|----------|----------------
0    | 71    | 0.8299   | 2.2794   | 2.1092 
1    | 31    | 0.4955   | 1.2121   | 1.1144 
2    | 24    | 0.5345   | 1.0693   | 0.9722 
3-5  | 68    | 0.4785   | 0.9838   | 0.8914 
6+   | 208   | 0.3188   | 0.4743   | 0.4011 

Epoch 266: loss = 0.723740 delta_mae_pts = 0.4626 recap_mae_pts = 0.4626 cat_mae_pts = 0.4726 total_mae_pts = 1.0214 vs_inertia_pts = 0.5092 vs_quad_pts = 1.6297 mon_cov = 0.969 mon_score = 5.1346 time = 29894.82 s

Epoch 267: Weights {"totalWeight":0.1,"recapWeight":0.05,"deltaWeight":9.75,"categoryWeight":0.05,"quantileWeight":0.9452,"consistencyWeight":0,"identityDropoutRate":0.2067500000000001}, Scales {"judgeBias":1,"corps":1}, SeqLen 15, ID_Drop 0.214, WFW 1.500 

History Bucket Diagnostics (Avg Abs Error per sample, normalized units):
Hist | Count | MAE_Pred | MAE_Base | PredDevFromBase
-----|-------|----------|----------|----------------
0    | 71    | 0.8717   | 2.2794   | 2.1938 
1    | 31    | 0.4855   | 1.2121   | 1.1329 
2    | 24    | 0.5271   | 1.0693   | 0.9869 
3-5  | 68    | 0.4552   | 0.9838   | 0.9128 
6+   | 208   | 0.3208   | 0.4743   | 0.4235 

Epoch 267: loss = 0.672625 delta_mae_pts = 0.4659 recap_mae_pts = 0.4659 cat_mae_pts = 0.4791 total_mae_pts = 1.0699 vs_inertia_pts = 0.5059 vs_quad_pts = 1.6264 mon_cov = 0.971 mon_score = 5.1707 time = 30007.76 s

Epoch 268: Weights {"totalWeight":0.1,"recapWeight":0.05,"deltaWeight":9.75,"categoryWeight":0.05,"quantileWeight":0.9488000000000001,"consistencyWeight":0,"identityDropoutRate":0.20200000000000007}, Scales {"judgeBias":1,"corps":1}, SeqLen 15, ID_Drop 0.208, WFW 1.500 

History Bucket Diagnostics (Avg Abs Error per sample, normalized units):
Hist | Count | MAE_Pred | MAE_Base | PredDevFromBase
-----|-------|----------|----------|----------------
0    | 71    | 0.8667   | 2.2794   | 2.1839 
1    | 31    | 0.4840   | 1.2121   | 1.1174 
2    | 24    | 0.5400   | 1.0693   | 0.9934 
3-5  | 68    | 0.4556   | 0.9838   | 0.9202 
6+   | 208   | 0.3124   | 0.4743   | 0.4142 

Epoch 268: loss = 0.660713 delta_mae_pts = 0.4614 recap_mae_pts = 0.4614 cat_mae_pts = 0.4779 total_mae_pts = 1.0471 vs_inertia_pts = 0.5104 vs_quad_pts = 1.6309 mon_cov = 0.971 mon_score = 5.1463 time = 30119.79 s

Epoch 269: Weights {"totalWeight":0.1,"recapWeight":0.05,"deltaWeight":9.75,"categoryWeight":0.05,"quantileWeight":0.9523999999999999,"consistencyWeight":0,"identityDropoutRate":0.19725000000000004}, Scales {"judgeBias":1,"corps":1}, SeqLen 15, ID_Drop 0.205, WFW 1.500 

History Bucket Diagnostics (Avg Abs Error per sample, normalized units):
Hist | Count | MAE_Pred | MAE_Base | PredDevFromBase
-----|-------|----------|----------|----------------
0    | 71    | 0.8603   | 2.2794   | 2.1814 
1    | 31    | 0.5053   | 1.2121   | 1.0820 
2    | 24    | 0.5152   | 1.0693   | 0.9609 
3-5  | 68    | 0.4695   | 0.9838   | 0.8880 
6+   | 208   | 0.3172   | 0.4743   | 0.4081 

Epoch 269: loss = 0.671554 delta_mae_pts = 0.4652 recap_mae_pts = 0.4652 cat_mae_pts = 0.4808 total_mae_pts = 1.0632 vs_inertia_pts = 0.5065 vs_quad_pts = 1.6271 mon_cov = 0.969 mon_score = 5.1789 time = 30232.41 s

Epoch 270: Weights {"totalWeight":0.1,"recapWeight":0.05,"deltaWeight":9.75,"categoryWeight":0.05,"quantileWeight":0.956,"consistencyWeight":0,"identityDropoutRate":0.1925}, Scales {"judgeBias":1,"corps":1}, SeqLen 15, ID_Drop 0.201, WFW 1.500 

History Bucket Diagnostics (Avg Abs Error per sample, normalized units):
Hist | Count | MAE_Pred | MAE_Base | PredDevFromBase
-----|-------|----------|----------|----------------
0    | 71    | 0.8638   | 2.2794   | 2.1697 
1    | 31    | 0.5064   | 1.2121   | 1.0702 
2    | 24    | 0.5182   | 1.0693   | 0.9588 
3-5  | 68    | 0.4792   | 0.9838   | 0.8848 
6+   | 208   | 0.3212   | 0.4743   | 0.3937 

Epoch 270: loss = 0.668323 delta_mae_pts = 0.4698 recap_mae_pts = 0.4698 cat_mae_pts = 0.4823 total_mae_pts = 1.0572 vs_inertia_pts = 0.5019 vs_quad_pts = 1.6225 mon_cov = 0.969 mon_score = 5.2158 time = 30343.25 s

Epoch 271: Weights {"totalWeight":0.1,"recapWeight":0.05,"deltaWeight":9.75,"categoryWeight":0.05,"quantileWeight":0.9596,"consistencyWeight":0,"identityDropoutRate":0.18775000000000008}, Scales {"judgeBias":1,"corps":1}, SeqLen 15, ID_Drop 0.199, WFW 1.500 

History Bucket Diagnostics (Avg Abs Error per sample, normalized units):
Hist | Count | MAE_Pred | MAE_Base | PredDevFromBase
-----|-------|----------|----------|----------------
0    | 71    | 0.8524   | 2.2794   | 2.1846 
1    | 31    | 0.5000   | 1.2121   | 1.1078 
2    | 24    | 0.5162   | 1.0693   | 0.9884 
3-5  | 68    | 0.4679   | 0.9838   | 0.9042 
6+   | 208   | 0.3161   | 0.4743   | 0.3985 

Epoch 271: loss = 0.664121 delta_mae_pts = 0.4626 recap_mae_pts = 0.4626 cat_mae_pts = 0.4791 total_mae_pts = 1.0482 vs_inertia_pts = 0.5091 vs_quad_pts = 1.6297 mon_cov = 0.967 mon_score = 5.1336 time = 30453.81 s

Epoch 272: Weights {"totalWeight":0.1,"recapWeight":0.05,"deltaWeight":9.75,"categoryWeight":0.05,"quantileWeight":0.9632000000000001,"consistencyWeight":0,"identityDropoutRate":0.18300000000000005}, Scales {"judgeBias":1,"corps":1}, SeqLen 15, ID_Drop 0.190, WFW 1.500 

History Bucket Diagnostics (Avg Abs Error per sample, normalized units):
Hist | Count | MAE_Pred | MAE_Base | PredDevFromBase
-----|-------|----------|----------|----------------
0    | 71    | 0.8250   | 2.2794   | 2.1322 
1    | 31    | 0.5024   | 1.2121   | 1.1327 
2    | 24    | 0.5355   | 1.0693   | 1.0050 
3-5  | 68    | 0.4633   | 0.9838   | 0.9088 
6+   | 208   | 0.3149   | 0.4743   | 0.4072 

Epoch 272: loss = 0.715658 delta_mae_pts = 0.4577 recap_mae_pts = 0.4577 cat_mae_pts = 0.4724 total_mae_pts = 1.0318 vs_inertia_pts = 0.5140 vs_quad_pts = 1.6346 mon_cov = 0.970 mon_score = 5.0960 time = 30566.14 s

Epoch 273: Weights {"totalWeight":0.1,"recapWeight":0.05,"deltaWeight":9.75,"categoryWeight":0.05,"quantileWeight":0.9668000000000001,"consistencyWeight":0,"identityDropoutRate":0.17825000000000002}, Scales {"judgeBias":1,"corps":1}, SeqLen 15, ID_Drop 0.193, WFW 1.500 

History Bucket Diagnostics (Avg Abs Error per sample, normalized units):
Hist | Count | MAE_Pred | MAE_Base | PredDevFromBase
-----|-------|----------|----------|----------------
0    | 71    | 0.8382   | 2.2794   | 2.1621 
1    | 31    | 0.5202   | 1.2121   | 1.1237 
2    | 24    | 0.5236   | 1.0693   | 0.9785 
3-5  | 68    | 0.4711   | 0.9838   | 0.8944 
6+   | 208   | 0.3205   | 0.4743   | 0.3929 

Epoch 273: loss = 0.714594 delta_mae_pts = 0.4649 recap_mae_pts = 0.4649 cat_mae_pts = 0.4840 total_mae_pts = 1.0589 vs_inertia_pts = 0.5068 vs_quad_pts = 1.6273 mon_cov = 0.968 mon_score = 5.1713 time = 30678.55 s

Epoch 274: Weights {"totalWeight":0.1,"recapWeight":0.05,"deltaWeight":9.75,"categoryWeight":0.05,"quantileWeight":0.9703999999999999,"consistencyWeight":0,"identityDropoutRate":0.1735}, Scales {"judgeBias":1,"corps":1}, SeqLen 15, ID_Drop 0.185, WFW 1.500 

History Bucket Diagnostics (Avg Abs Error per sample, normalized units):
Hist | Count | MAE_Pred | MAE_Base | PredDevFromBase
-----|-------|----------|----------|----------------
0    | 71    | 0.8244   | 2.2794   | 2.1489 
1    | 31    | 0.4848   | 1.2121   | 1.0982 
2    | 24    | 0.5354   | 1.0693   | 0.9555 
3-5  | 68    | 0.4652   | 0.9838   | 0.8910 
6+   | 208   | 0.3164   | 0.4743   | 0.3978 

Epoch 274: loss = 0.701760 delta_mae_pts = 0.4573 recap_mae_pts = 0.4573 cat_mae_pts = 0.4796 total_mae_pts = 1.0466 vs_inertia_pts = 0.5144 vs_quad_pts = 1.6349 mon_cov = 0.972 mon_score = 5.0899 time = 30791.29 s

Epoch 275: Weights {"totalWeight":0.1,"recapWeight":0.05,"deltaWeight":9.75,"categoryWeight":0.05,"quantileWeight":0.974,"consistencyWeight":0,"identityDropoutRate":0.16875000000000007}, Scales {"judgeBias":1,"corps":1}, SeqLen 15, ID_Drop 0.177, WFW 1.500 

History Bucket Diagnostics (Avg Abs Error per sample, normalized units):
Hist | Count | MAE_Pred | MAE_Base | PredDevFromBase
-----|-------|----------|----------|----------------
0    | 71    | 0.8325   | 2.2794   | 2.1693 
1    | 31    | 0.4982   | 1.2121   | 1.1090 
2    | 24    | 0.5140   | 1.0693   | 0.9801 
3-5  | 68    | 0.4511   | 0.9838   | 0.9049 
6+   | 208   | 0.3190   | 0.4743   | 0.4043 

Epoch 275: loss = 0.649172 delta_mae_pts = 0.4575 recap_mae_pts = 0.4575 cat_mae_pts = 0.4775 total_mae_pts = 1.0330 vs_inertia_pts = 0.5142 vs_quad_pts = 1.6348 mon_cov = 0.969 mon_score = 5.0863 time = 30903.05 s

Epoch 276: Weights {"totalWeight":0.1,"recapWeight":0.05,"deltaWeight":9.75,"categoryWeight":0.05,"quantileWeight":0.9776,"consistencyWeight":0,"identityDropoutRate":0.16400000000000003}, Scales {"judgeBias":1,"corps":1}, SeqLen 15, ID_Drop 0.163, WFW 1.500 

History Bucket Diagnostics (Avg Abs Error per sample, normalized units):
Hist | Count | MAE_Pred | MAE_Base | PredDevFromBase
-----|-------|----------|----------|----------------
0    | 71    | 0.8234   | 2.2794   | 2.1650 
1    | 31    | 0.5137   | 1.2121   | 1.1416 
2    | 24    | 0.5154   | 1.0693   | 1.0073 
3-5  | 68    | 0.4652   | 0.9838   | 0.9377 
6+   | 208   | 0.3165   | 0.4743   | 0.4062 

Epoch 276: loss = 0.646329 delta_mae_pts = 0.4583 recap_mae_pts = 0.4583 cat_mae_pts = 0.4802 total_mae_pts = 1.0501 vs_inertia_pts = 0.5135 vs_quad_pts = 1.6340 mon_cov = 0.971 mon_score = 5.0983 time = 31015.28 s

Epoch 277: Weights {"totalWeight":0.1,"recapWeight":0.05,"deltaWeight":9.75,"categoryWeight":0.05,"quantileWeight":0.9812000000000001,"consistencyWeight":0,"identityDropoutRate":0.15925}, Scales {"judgeBias":1,"corps":1}, SeqLen 15, ID_Drop 0.170, WFW 1.500 

History Bucket Diagnostics (Avg Abs Error per sample, normalized units):
Hist | Count | MAE_Pred | MAE_Base | PredDevFromBase
-----|-------|----------|----------|----------------
0    | 71    | 0.8281   | 2.2794   | 2.1513 
1    | 31    | 0.5009   | 1.2121   | 1.1172 
2    | 24    | 0.5154   | 1.0693   | 1.0083 
3-5  | 68    | 0.4570   | 0.9838   | 0.9259 
6+   | 208   | 0.3169   | 0.4743   | 0.4092 

Epoch 277: loss = 0.649099 delta_mae_pts = 0.4569 recap_mae_pts = 0.4569 cat_mae_pts = 0.4799 total_mae_pts = 1.0506 vs_inertia_pts = 0.5148 vs_quad_pts = 1.6353 mon_cov = 0.970 mon_score = 5.0867 time = 31124.99 s

Epoch 278: Weights {"totalWeight":0.1,"recapWeight":0.05,"deltaWeight":9.75,"categoryWeight":0.05,"quantileWeight":0.9848000000000001,"consistencyWeight":0,"identityDropoutRate":0.15450000000000008}, Scales {"judgeBias":1,"corps":1}, SeqLen 15, ID_Drop 0.163, WFW 1.500 

History Bucket Diagnostics (Avg Abs Error per sample, normalized units):
Hist | Count | MAE_Pred | MAE_Base | PredDevFromBase
-----|-------|----------|----------|----------------
0    | 71    | 0.8202   | 2.2794   | 2.1687 
1    | 31    | 0.4914   | 1.2121   | 1.1056 
2    | 24    | 0.5154   | 1.0693   | 0.9841 
3-5  | 68    | 0.4575   | 0.9838   | 0.9263 
6+   | 208   | 0.3167   | 0.4743   | 0.4136 

Epoch 278: loss = 0.694771 delta_mae_pts = 0.4548 recap_mae_pts = 0.4548 cat_mae_pts = 0.4749 total_mae_pts = 1.0386 vs_inertia_pts = 0.5169 vs_quad_pts = 1.6375 mon_cov = 0.970 mon_score = 5.0633 time = 31237.88 s

Epoch 279: Weights {"totalWeight":0.1,"recapWeight":0.05,"deltaWeight":9.75,"categoryWeight":0.05,"quantileWeight":0.9884,"consistencyWeight":0,"identityDropoutRate":0.14975000000000005}, Scales {"judgeBias":1,"corps":1}, SeqLen 15, ID_Drop 0.153, WFW 1.500 

History Bucket Diagnostics (Avg Abs Error per sample, normalized units):
Hist | Count | MAE_Pred | MAE_Base | PredDevFromBase
-----|-------|----------|----------|----------------
0    | 71    | 0.8209   | 2.2794   | 2.1483 
1    | 31    | 0.5065   | 1.2121   | 1.1224 
2    | 24    | 0.5175   | 1.0693   | 0.9940 
3-5  | 68    | 0.4653   | 0.9838   | 0.9201 
6+   | 208   | 0.3158   | 0.4743   | 0.4113 

Epoch 279: loss = 0.652167 delta_mae_pts = 0.4571 recap_mae_pts = 0.4571 cat_mae_pts = 0.4776 total_mae_pts = 1.0461 vs_inertia_pts = 0.5146 vs_quad_pts = 1.6352 mon_cov = 0.969 mon_score = 5.0854 time = 31348.89 s

Epoch 280: Weights {"totalWeight":0.1,"recapWeight":0.05,"deltaWeight":9.75,"categoryWeight":0.05,"quantileWeight":0.992,"consistencyWeight":0,"identityDropoutRate":0.14500000000000002}, Scales {"judgeBias":1,"corps":1}, SeqLen 15, ID_Drop 0.149, WFW 1.500 

History Bucket Diagnostics (Avg Abs Error per sample, normalized units):
Hist | Count | MAE_Pred | MAE_Base | PredDevFromBase
-----|-------|----------|----------|----------------
0    | 71    | 0.8254   | 2.2794   | 2.1664 
1    | 31    | 0.5135   | 1.2121   | 1.1449 
2    | 24    | 0.5094   | 1.0693   | 0.9789 
3-5  | 68    | 0.4565   | 0.9838   | 0.9072 
6+   | 208   | 0.3164   | 0.4743   | 0.4064 

Epoch 280: loss = 0.644055 delta_mae_pts = 0.4567 recap_mae_pts = 0.4567 cat_mae_pts = 0.4735 total_mae_pts = 1.0290 vs_inertia_pts = 0.5150 vs_quad_pts = 1.6356 mon_cov = 0.969 mon_score = 5.0729 time = 31462.01 s

Epoch 281: Weights {"totalWeight":0.1,"recapWeight":0.05,"deltaWeight":9.75,"categoryWeight":0.05,"quantileWeight":0.9956,"consistencyWeight":0,"identityDropoutRate":0.14024999999999999}, Scales {"judgeBias":1,"corps":1}, SeqLen 15, ID_Drop 0.141, WFW 1.500 

History Bucket Diagnostics (Avg Abs Error per sample, normalized units):
Hist | Count | MAE_Pred | MAE_Base | PredDevFromBase
-----|-------|----------|----------|----------------
0    | 71    | 0.8329   | 2.2794   | 2.1749 
1    | 31    | 0.4901   | 1.2121   | 1.1276 
2    | 24    | 0.5289   | 1.0693   | 0.9948 
3-5  | 68    | 0.4599   | 0.9838   | 0.9217 
6+   | 208   | 0.3238   | 0.4743   | 0.4261 

Epoch 281: loss = 0.646184 delta_mae_pts = 0.4618 recap_mae_pts = 0.4618 cat_mae_pts = 0.4860 total_mae_pts = 1.0701 vs_inertia_pts = 0.5099 vs_quad_pts = 1.6305 mon_cov = 0.968 mon_score = 5.1303 time = 31574.35 s

Epoch 282: Weights {"totalWeight":0.1,"recapWeight":0.05,"deltaWeight":9.75,"categoryWeight":0.05,"quantileWeight":0.9992000000000001,"consistencyWeight":0,"identityDropoutRate":0.13550000000000006}, Scales {"judgeBias":1,"corps":1}, SeqLen 15, ID_Drop 0.146, WFW 1.500 

History Bucket Diagnostics (Avg Abs Error per sample, normalized units):
Hist | Count | MAE_Pred | MAE_Base | PredDevFromBase
-----|-------|----------|----------|----------------
0    | 71    | 0.8248   | 2.2794   | 2.1504 
1    | 31    | 0.4963   | 1.2121   | 1.1232 
2    | 24    | 0.5297   | 1.0693   | 0.9687 
3-5  | 68    | 0.4653   | 0.9838   | 0.9138 
6+   | 208   | 0.3127   | 0.4743   | 0.4030 

Epoch 282: loss = 0.645325 delta_mae_pts = 0.4560 recap_mae_pts = 0.4560 cat_mae_pts = 0.4713 total_mae_pts = 1.0227 vs_inertia_pts = 0.5157 vs_quad_pts = 1.6362 mon_cov = 0.972 mon_score = 5.0758 time = 31686.34 s

Epoch 283: Weights {"totalWeight":0.1,"recapWeight":0.05,"deltaWeight":9.75,"categoryWeight":0.05,"quantileWeight":1.0028000000000001,"consistencyWeight":0,"identityDropoutRate":0.13075000000000003}, Scales {"judgeBias":1,"corps":1}, SeqLen 15, ID_Drop 0.134, WFW 1.500 

History Bucket Diagnostics (Avg Abs Error per sample, normalized units):
Hist | Count | MAE_Pred | MAE_Base | PredDevFromBase
-----|-------|----------|----------|----------------
0    | 71    | 0.8232   | 2.2794   | 2.1448 
1    | 31    | 0.5085   | 1.2121   | 1.0966 
2    | 24    | 0.5302   | 1.0693   | 0.9716 
3-5  | 68    | 0.4574   | 0.9838   | 0.9077 
6+   | 208   | 0.3193   | 0.4743   | 0.4007 

Epoch 283: loss = 0.679058 delta_mae_pts = 0.4588 recap_mae_pts = 0.4588 cat_mae_pts = 0.4767 total_mae_pts = 1.0484 vs_inertia_pts = 0.5129 vs_quad_pts = 1.6335 mon_cov = 0.969 mon_score = 5.1023 time = 31798.88 s

Epoch 284: Weights {"totalWeight":0.1,"recapWeight":0.05,"deltaWeight":9.75,"categoryWeight":0.05,"quantileWeight":1.0064,"consistencyWeight":0,"identityDropoutRate":0.126}, Scales {"judgeBias":1,"corps":1}, SeqLen 15, ID_Drop 0.135, WFW 1.500 

History Bucket Diagnostics (Avg Abs Error per sample, normalized units):
Hist | Count | MAE_Pred | MAE_Base | PredDevFromBase
-----|-------|----------|----------|----------------
0    | 71    | 0.8047   | 2.2794   | 2.1551 
1    | 31    | 0.5081   | 1.2121   | 1.1177 
2    | 24    | 0.5246   | 1.0693   | 0.9679 
3-5  | 68    | 0.4642   | 0.9838   | 0.9215 
6+   | 208   | 0.3177   | 0.4743   | 0.4118 

Epoch 284: loss = 0.684702 delta_mae_pts = 0.4555 recap_mae_pts = 0.4555 cat_mae_pts = 0.4762 total_mae_pts = 1.0371 vs_inertia_pts = 0.5162 vs_quad_pts = 1.6367 mon_cov = 0.969 mon_score = 5.0725 time = 31910.85 s

Epoch 285: Weights {"totalWeight":0.1,"recapWeight":0.05,"deltaWeight":9.75,"categoryWeight":0.05,"quantileWeight":1.01,"consistencyWeight":0,"identityDropoutRate":0.12124999999999997}, Scales {"judgeBias":1,"corps":1}, SeqLen 15, ID_Drop 0.134, WFW 1.500 

History Bucket Diagnostics (Avg Abs Error per sample, normalized units):
Hist | Count | MAE_Pred | MAE_Base | PredDevFromBase
-----|-------|----------|----------|----------------
0    | 71    | 0.8152   | 2.2794   | 2.1622 
1    | 31    | 0.5015   | 1.2121   | 1.1234 
2    | 24    | 0.5232   | 1.0693   | 1.0095 
3-5  | 68    | 0.4581   | 0.9838   | 0.9144 
6+   | 208   | 0.3225   | 0.4743   | 0.4193 

Epoch 285: loss = 0.690126 delta_mae_pts = 0.4582 recap_mae_pts = 0.4582 cat_mae_pts = 0.4806 total_mae_pts = 1.0623 vs_inertia_pts = 0.5135 vs_quad_pts = 1.6341 mon_cov = 0.969 mon_score = 5.0997 time = 32023.02 s

Epoch 286: Weights {"totalWeight":0.1,"recapWeight":0.05,"deltaWeight":9.75,"categoryWeight":0.05,"quantileWeight":1.0136,"consistencyWeight":0,"identityDropoutRate":0.11650000000000005}, Scales {"judgeBias":1,"corps":1}, SeqLen 15, ID_Drop 0.124, WFW 1.500 

History Bucket Diagnostics (Avg Abs Error per sample, normalized units):
Hist | Count | MAE_Pred | MAE_Base | PredDevFromBase
-----|-------|----------|----------|----------------
0    | 71    | 0.7923   | 2.2794   | 2.1222 
1    | 31    | 0.4923   | 1.2121   | 1.1218 
2    | 24    | 0.5123   | 1.0693   | 0.9594 
3-5  | 68    | 0.4519   | 0.9838   | 0.9097 
6+   | 208   | 0.3197   | 0.4743   | 0.3959 

Epoch 286: loss = 0.683121 delta_mae_pts = 0.4503 recap_mae_pts = 0.4503 cat_mae_pts = 0.4746 total_mae_pts = 1.0424 vs_inertia_pts = 0.5214 vs_quad_pts = 1.6420 mon_cov = 0.971 mon_score = 5.0246 time = 32134.85 s
Saved BEST checkpoint @epoch 286 score = 5.0246 -> models\v9_subcaption_fixed\v9fix_swa_train_best_export_1770556452661\best 

Epoch 287: Weights {"totalWeight":0.1,"recapWeight":0.05,"deltaWeight":9.75,"categoryWeight":0.05,"quantileWeight":1.0172,"consistencyWeight":0,"identityDropoutRate":0.11175000000000002}, Scales {"judgeBias":1,"corps":1}, SeqLen 15, ID_Drop 0.114, WFW 1.500 

History Bucket Diagnostics (Avg Abs Error per sample, normalized units):
Hist | Count | MAE_Pred | MAE_Base | PredDevFromBase
-----|-------|----------|----------|----------------
0    | 71    | 0.7950   | 2.2794   | 2.1187 
1    | 31    | 0.4957   | 1.2121   | 1.1282 
2    | 24    | 0.5207   | 1.0693   | 0.9861 
3-5  | 68    | 0.4567   | 0.9838   | 0.9167 
6+   | 208   | 0.3175   | 0.4743   | 0.4129 

Epoch 287: loss = 0.634112 delta_mae_pts = 0.4513 recap_mae_pts = 0.4513 cat_mae_pts = 0.4723 total_mae_pts = 1.0497 vs_inertia_pts = 0.5204 vs_quad_pts = 1.6410 mon_cov = 0.972 mon_score = 5.0371 time = 32248.13 s

Epoch 288: Weights {"totalWeight":0.1,"recapWeight":0.05,"deltaWeight":9.75,"categoryWeight":0.05,"quantileWeight":1.0208000000000002,"consistencyWeight":0,"identityDropoutRate":0.1070000000000001}, Scales {"judgeBias":1,"corps":1}, SeqLen 15, ID_Drop 0.114, WFW 1.500 

History Bucket Diagnostics (Avg Abs Error per sample, normalized units):
Hist | Count | MAE_Pred | MAE_Base | PredDevFromBase
-----|-------|----------|----------|----------------
0    | 71    | 0.8149   | 2.2794   | 2.1126 
1    | 31    | 0.5006   | 1.2121   | 1.1270 
2    | 24    | 0.5086   | 1.0693   | 1.0069 
3-5  | 68    | 0.4539   | 0.9838   | 0.9195 
6+   | 208   | 0.3230   | 0.4743   | 0.4255 

Epoch 288: loss = 0.643900 delta_mae_pts = 0.4568 recap_mae_pts = 0.4568 cat_mae_pts = 0.4771 total_mae_pts = 1.0458 vs_inertia_pts = 0.5149 vs_quad_pts = 1.6355 mon_cov = 0.970 mon_score = 5.0871 time = 32359.09 s

Epoch 289: Weights {"totalWeight":0.1,"recapWeight":0.05,"deltaWeight":9.75,"categoryWeight":0.05,"quantileWeight":1.0244,"consistencyWeight":0,"identityDropoutRate":0.10225000000000006}, Scales {"judgeBias":1,"corps":1}, SeqLen 15, ID_Drop 0.105, WFW 1.500 

History Bucket Diagnostics (Avg Abs Error per sample, normalized units):
Hist | Count | MAE_Pred | MAE_Base | PredDevFromBase
-----|-------|----------|----------|----------------
0    | 71    | 0.8213   | 2.2794   | 2.1234 
1    | 31    | 0.4906   | 1.2121   | 1.1257 
2    | 24    | 0.5222   | 1.0693   | 0.9907 
3-5  | 68    | 0.4564   | 0.9838   | 0.9131 
6+   | 208   | 0.3177   | 0.4743   | 0.4115 

Epoch 289: loss = 0.630883 delta_mae_pts = 0.4557 recap_mae_pts = 0.4557 cat_mae_pts = 0.4770 total_mae_pts = 1.0455 vs_inertia_pts = 0.5160 vs_quad_pts = 1.6366 mon_cov = 0.967 mon_score = 5.0696 time = 32468.79 s

Epoch 290: Weights {"totalWeight":0.1,"recapWeight":0.05,"deltaWeight":9.75,"categoryWeight":0.05,"quantileWeight":1.028,"consistencyWeight":0,"identityDropoutRate":0.09750000000000003}, Scales {"judgeBias":1,"corps":1}, SeqLen 15, ID_Drop 0.105, WFW 1.500 

History Bucket Diagnostics (Avg Abs Error per sample, normalized units):
Hist | Count | MAE_Pred | MAE_Base | PredDevFromBase
-----|-------|----------|----------|----------------
0    | 71    | 0.8180   | 2.2794   | 2.1585 
1    | 31    | 0.5038   | 1.2121   | 1.1024 
2    | 24    | 0.4948   | 1.0693   | 0.9981 
3-5  | 68    | 0.4661   | 0.9838   | 0.9113 
6+   | 208   | 0.3176   | 0.4743   | 0.4101 

Epoch 290: loss = 0.639881 delta_mae_pts = 0.4561 recap_mae_pts = 0.4561 cat_mae_pts = 0.4743 total_mae_pts = 1.0459 vs_inertia_pts = 0.5157 vs_quad_pts = 1.6362 mon_cov = 0.970 mon_score = 5.0760 time = 32572.28 s

Epoch 291: Weights {"totalWeight":0.1,"recapWeight":0.05,"deltaWeight":9.75,"categoryWeight":0.05,"quantileWeight":1.0316,"consistencyWeight":0,"identityDropoutRate":0.09275000000000011}, Scales {"judgeBias":1,"corps":1}, SeqLen 15, ID_Drop 0.094, WFW 1.500 

History Bucket Diagnostics (Avg Abs Error per sample, normalized units):
Hist | Count | MAE_Pred | MAE_Base | PredDevFromBase
-----|-------|----------|----------|----------------
0    | 71    | 0.8235   | 2.2794   | 2.1508 
1    | 31    | 0.4916   | 1.2121   | 1.1279 
2    | 24    | 0.5165   | 1.0693   | 0.9915 
3-5  | 68    | 0.4477   | 0.9838   | 0.9122 
6+   | 208   | 0.3154   | 0.4743   | 0.4103 

Epoch 291: loss = 0.637706 delta_mae_pts = 0.4531 recap_mae_pts = 0.4531 cat_mae_pts = 0.4696 total_mae_pts = 1.0314 vs_inertia_pts = 0.5186 vs_quad_pts = 1.6392 mon_cov = 0.971 mon_score = 5.0410 time = 32685.73 s

Epoch 292: Weights {"totalWeight":0.1,"recapWeight":0.05,"deltaWeight":9.75,"categoryWeight":0.05,"quantileWeight":1.0352000000000001,"consistencyWeight":0,"identityDropoutRate":0.08800000000000008}, Scales {"judgeBias":1,"corps":1}, SeqLen 15, ID_Drop 0.089, WFW 1.500 

History Bucket Diagnostics (Avg Abs Error per sample, normalized units):
Hist | Count | MAE_Pred | MAE_Base | PredDevFromBase
-----|-------|----------|----------|----------------
0    | 71    | 0.8158   | 2.2794   | 2.1258 
1    | 31    | 0.4920   | 1.2121   | 1.0974 
2    | 24    | 0.5185   | 1.0693   | 0.9867 
3-5  | 68    | 0.4558   | 0.9838   | 0.9104 
6+   | 208   | 0.3171   | 0.4743   | 0.4070 

Epoch 292: loss = 0.634133 delta_mae_pts = 0.4542 recap_mae_pts = 0.4542 cat_mae_pts = 0.4747 total_mae_pts = 1.0431 vs_inertia_pts = 0.5175 vs_quad_pts = 1.6381 mon_cov = 0.968 mon_score = 5.0466 time = 32797.42 s

Epoch 293: Weights {"totalWeight":0.1,"recapWeight":0.05,"deltaWeight":9.75,"categoryWeight":0.05,"quantileWeight":1.0388000000000002,"consistencyWeight":0,"identityDropoutRate":0.08325000000000005}, Scales {"judgeBias":1,"corps":1}, SeqLen 15, ID_Drop 0.094, WFW 1.500 

History Bucket Diagnostics (Avg Abs Error per sample, normalized units):
Hist | Count | MAE_Pred | MAE_Base | PredDevFromBase
-----|-------|----------|----------|----------------
0    | 71    | 0.8065   | 2.2794   | 2.1569 
1    | 31    | 0.4935   | 1.2121   | 1.1382 
2    | 24    | 0.5071   | 1.0693   | 0.9987 
3-5  | 68    | 0.4558   | 0.9838   | 0.9219 
6+   | 208   | 0.3156   | 0.4743   | 0.4159 

Epoch 293: loss = 0.670677 delta_mae_pts = 0.4512 recap_mae_pts = 0.4512 cat_mae_pts = 0.4821 total_mae_pts = 1.0390 vs_inertia_pts = 0.5206 vs_quad_pts = 1.6411 mon_cov = 0.968 mon_score = 5.0158 time = 32909.07 s
Saved BEST checkpoint @epoch 293 score = 5.0158 -> models\v9_subcaption_fixed\v9fix_swa_train_best_export_1770556452661\best 

Epoch 294: Weights {"totalWeight":0.1,"recapWeight":0.05,"deltaWeight":9.75,"categoryWeight":0.05,"quantileWeight":1.0424,"consistencyWeight":0,"identityDropoutRate":0.07850000000000001}, Scales {"judgeBias":1,"corps":1}, SeqLen 15, ID_Drop 0.094, WFW 1.500 

History Bucket Diagnostics (Avg Abs Error per sample, normalized units):
Hist | Count | MAE_Pred | MAE_Base | PredDevFromBase
-----|-------|----------|----------|----------------
0    | 71    | 0.8047   | 2.2794   | 2.1169 
1    | 31    | 0.4973   | 1.2121   | 1.1151 
2    | 24    | 0.5089   | 1.0693   | 1.0058 
3-5  | 68    | 0.4589   | 0.9838   | 0.8991 
6+   | 208   | 0.3185   | 0.4743   | 0.4071 

Epoch 294: loss = 0.673424 delta_mae_pts = 0.4533 recap_mae_pts = 0.4533 cat_mae_pts = 0.4752 total_mae_pts = 1.0434 vs_inertia_pts = 0.5184 vs_quad_pts = 1.6390 mon_cov = 0.970 mon_score = 5.0472 time = 33019.73 s

Epoch 295: Weights {"totalWeight":0.1,"recapWeight":0.05,"deltaWeight":9.75,"categoryWeight":0.05,"quantileWeight":1.046,"consistencyWeight":0,"identityDropoutRate":0.0737500000000001}, Scales {"judgeBias":1,"corps":1}, SeqLen 15, ID_Drop 0.083, WFW 1.500 

History Bucket Diagnostics (Avg Abs Error per sample, normalized units):
Hist | Count | MAE_Pred | MAE_Base | PredDevFromBase
-----|-------|----------|----------|----------------
0    | 71    | 0.8066   | 2.2794   | 2.1508 
1    | 31    | 0.4920   | 1.2121   | 1.1204 
2    | 24    | 0.5180   | 1.0693   | 0.9938 
3-5  | 68    | 0.4508   | 0.9838   | 0.9173 
6+   | 208   | 0.3175   | 0.4743   | 0.4130 

Epoch 295: loss = 0.671182 delta_mae_pts = 0.4519 recap_mae_pts = 0.4519 cat_mae_pts = 0.4708 total_mae_pts = 1.0265 vs_inertia_pts = 0.5199 vs_quad_pts = 1.6404 mon_cov = 0.969 mon_score = 5.0168 time = 33130.88 s

Epoch 296: Weights {"totalWeight":0.1,"recapWeight":0.05,"deltaWeight":9.75,"categoryWeight":0.05,"quantileWeight":1.0496,"consistencyWeight":0,"identityDropoutRate":0.06900000000000006}, Scales {"judgeBias":1,"corps":1}, SeqLen 15, ID_Drop 0.075, WFW 1.500 

History Bucket Diagnostics (Avg Abs Error per sample, normalized units):
Hist | Count | MAE_Pred | MAE_Base | PredDevFromBase
-----|-------|----------|----------|----------------
0    | 71    | 0.8078   | 2.2794   | 2.1231 
1    | 31    | 0.4907   | 1.2121   | 1.1104 
2    | 24    | 0.5278   | 1.0693   | 0.9756 
3-5  | 68    | 0.4567   | 0.9838   | 0.9046 
6+   | 208   | 0.3140   | 0.4743   | 0.4051 

Epoch 296: loss = 0.628763 delta_mae_pts = 0.4517 recap_mae_pts = 0.4517 cat_mae_pts = 0.4704 total_mae_pts = 1.0191 vs_inertia_pts = 0.5200 vs_quad_pts = 1.6405 mon_cov = 0.968 mon_score = 5.0314 time = 33244.09 s

Epoch 297: Weights {"totalWeight":0.1,"recapWeight":0.05,"deltaWeight":9.75,"categoryWeight":0.05,"quantileWeight":1.0532,"consistencyWeight":0,"identityDropoutRate":0.06425000000000003}, Scales {"judgeBias":1,"corps":1}, SeqLen 15, ID_Drop 0.083, WFW 1.500 

History Bucket Diagnostics (Avg Abs Error per sample, normalized units):
Hist | Count | MAE_Pred | MAE_Base | PredDevFromBase
-----|-------|----------|----------|----------------
0    | 71    | 0.8231   | 2.2794   | 2.1403 
1    | 31    | 0.4890   | 1.2121   | 1.1113 
2    | 24    | 0.5124   | 1.0693   | 0.9899 
3-5  | 68    | 0.4549   | 0.9838   | 0.9192 
6+   | 208   | 0.3145   | 0.4743   | 0.4149 

Epoch 297: loss = 0.680642 delta_mae_pts = 0.4533 recap_mae_pts = 0.4533 cat_mae_pts = 0.4667 total_mae_pts = 1.0393 vs_inertia_pts = 0.5184 vs_quad_pts = 1.6390 mon_cov = 0.971 mon_score = 5.0548 time = 33355.57 s

Epoch 298: Weights {"totalWeight":0.1,"recapWeight":0.05,"deltaWeight":9.75,"categoryWeight":0.05,"quantileWeight":1.0568,"consistencyWeight":0,"identityDropoutRate":0.0595}, Scales {"judgeBias":1,"corps":1}, SeqLen 15, ID_Drop 0.072, WFW 1.500 

History Bucket Diagnostics (Avg Abs Error per sample, normalized units):
Hist | Count | MAE_Pred | MAE_Base | PredDevFromBase
-----|-------|----------|----------|----------------
0    | 71    | 0.8174   | 2.2794   | 2.1260 
1    | 31    | 0.4916   | 1.2121   | 1.1300 
2    | 24    | 0.5139   | 1.0693   | 1.0146 
3-5  | 68    | 0.4503   | 0.9838   | 0.9135 
6+   | 208   | 0.3177   | 0.4743   | 0.4132 

Epoch 298: loss = 0.675990 delta_mae_pts = 0.4535 recap_mae_pts = 0.4535 cat_mae_pts = 0.4723 total_mae_pts = 1.0258 vs_inertia_pts = 0.5182 vs_quad_pts = 1.6388 mon_cov = 0.970 mon_score = 5.0490 time = 33468.93 s

Epoch 299: Weights {"totalWeight":0.1,"recapWeight":0.05,"deltaWeight":9.75,"categoryWeight":0.05,"quantileWeight":1.0604,"consistencyWeight":0,"identityDropoutRate":0.054750000000000076}, Scales {"judgeBias":1,"corps":1}, SeqLen 15, ID_Drop 0.073, WFW 1.500 

History Bucket Diagnostics (Avg Abs Error per sample, normalized units):
Hist | Count | MAE_Pred | MAE_Base | PredDevFromBase
-----|-------|----------|----------|----------------
0    | 71    | 0.8420   | 2.2794   | 2.1466 
1    | 31    | 0.5037   | 1.2121   | 1.1000 
2    | 24    | 0.5104   | 1.0693   | 0.9835 
3-5  | 68    | 0.4569   | 0.9838   | 0.9223 
6+   | 208   | 0.3166   | 0.4743   | 0.4185 

Epoch 299: loss = 0.678357 delta_mae_pts = 0.4591 recap_mae_pts = 0.4591 cat_mae_pts = 0.4749 total_mae_pts = 1.0333 vs_inertia_pts = 0.5126 vs_quad_pts = 1.6332 mon_cov = 0.971 mon_score = 5.1052 time = 33580.46 s

Epoch 300: Weights {"totalWeight":0.1,"recapWeight":0.05,"deltaWeight":9.75,"categoryWeight":0.05,"quantileWeight":1.064,"consistencyWeight":0,"identityDropoutRate":0.050000000000000044}, Scales {"judgeBias":1,"corps":1}, SeqLen 15, ID_Drop 0.067, WFW 1.500 

History Bucket Diagnostics (Avg Abs Error per sample, normalized units):
Hist | Count | MAE_Pred | MAE_Base | PredDevFromBase
-----|-------|----------|----------|----------------
0    | 71    | 0.8410   | 2.2794   | 2.1350 
1    | 31    | 0.5037   | 1.2121   | 1.0906 
2    | 24    | 0.5132   | 1.0693   | 0.9744 
3-5  | 68    | 0.4487   | 0.9838   | 0.8983 
6+   | 208   | 0.3162   | 0.4743   | 0.4000 

Epoch 300: loss = 0.687467 delta_mae_pts = 0.4575 recap_mae_pts = 0.4575 cat_mae_pts = 0.4733 total_mae_pts = 1.0499 vs_inertia_pts = 0.5142 vs_quad_pts = 1.6347 mon_cov = 0.968 mon_score = 5.0905 time = 33693.92 s

-- - CAPTION STATS(Epoch 300)-- - 
GE1: delta_pts = 0.3493, recap_pts = 0.3493, cov = 0.943, width = 1.9925 
GE2: delta_pts = 0.3193, recap_pts = 0.3193, cov = 0.968, width = 2.0137 
VP: delta_pts = 0.3982, recap_pts = 0.3982, cov = 0.985, width = 3.7755 
VA: delta_pts = 0.3765, recap_pts = 0.3765, cov = 0.953, width = 2.0815 
CG: delta_pts = 0.4736, recap_pts = 0.4736, cov = 0.988, width = 3.8837 
MB: delta_pts = 0.6659, recap_pts = 0.6659, cov = 0.973, width = 5.5801 
MA: delta_pts = 0.3641, recap_pts = 0.3641, cov = 0.958, width = 2.1324 
MP: delta_pts = 0.7133, recap_pts = 0.7133, cov = 0.978, width = 6.1891 
----------------------------------


Epoch 301: Weights {"totalWeight":0.1,"recapWeight":0.05,"deltaWeight":9.75,"categoryWeight":0.05,"quantileWeight":1.0676,"consistencyWeight":0,"identityDropoutRate":0.05}, Scales {"judgeBias":1,"corps":1}, SeqLen 15, ID_Drop 0.060, WFW 1.500 

History Bucket Diagnostics (Avg Abs Error per sample, normalized units):
Hist | Count | MAE_Pred | MAE_Base | PredDevFromBase
-----|-------|----------|----------|----------------
0    | 71    | 0.8402   | 2.2794   | 2.1457 
1    | 31    | 0.5065   | 1.2121   | 1.0975 
2    | 24    | 0.5078   | 1.0693   | 1.0039 
3-5  | 68    | 0.4604   | 0.9838   | 0.9159 
6+   | 208   | 0.3131   | 0.4743   | 0.4141 

Epoch 301: loss = 0.681243 delta_mae_pts = 0.4577 recap_mae_pts = 0.4577 cat_mae_pts = 0.4712 total_mae_pts = 1.0398 vs_inertia_pts = 0.5141 vs_quad_pts = 1.6346 mon_cov = 0.970 mon_score = 5.0817 time = 33804.11 s

Epoch 302: Weights {"totalWeight":0.1,"recapWeight":0.05,"deltaWeight":9.75,"categoryWeight":0.05,"quantileWeight":1.0712,"consistencyWeight":0,"identityDropoutRate":0.05}, Scales {"judgeBias":1,"corps":1}, SeqLen 15, ID_Drop 0.058, WFW 1.500 

History Bucket Diagnostics (Avg Abs Error per sample, normalized units):
Hist | Count | MAE_Pred | MAE_Base | PredDevFromBase
-----|-------|----------|----------|----------------
0    | 71    | 0.8380   | 2.2794   | 2.1579 
1    | 31    | 0.5059   | 1.2121   | 1.1058 
2    | 24    | 0.4988   | 1.0693   | 0.9983 
3-5  | 68    | 0.4542   | 0.9838   | 0.9062 
6+   | 208   | 0.3166   | 0.4743   | 0.4050 

Epoch 302: loss = 0.628324 delta_mae_pts = 0.4575 recap_mae_pts = 0.4575 cat_mae_pts = 0.4720 total_mae_pts = 1.0436 vs_inertia_pts = 0.5143 vs_quad_pts = 1.6348 mon_cov = 0.970 mon_score = 5.0871 time = 33915.79 s

Epoch 303: Weights {"totalWeight":0.1,"recapWeight":0.05,"deltaWeight":9.75,"categoryWeight":0.05,"quantileWeight":1.0748,"consistencyWeight":0,"identityDropoutRate":0.05}, Scales {"judgeBias":1,"corps":1}, SeqLen 15, ID_Drop 0.069, WFW 1.500 

History Bucket Diagnostics (Avg Abs Error per sample, normalized units):
Hist | Count | MAE_Pred | MAE_Base | PredDevFromBase
-----|-------|----------|----------|----------------
0    | 71    | 0.8258   | 2.2794   | 2.1435 
1    | 31    | 0.4948   | 1.2121   | 1.1178 
2    | 24    | 0.5209   | 1.0693   | 0.9941 
3-5  | 68    | 0.4548   | 0.9838   | 0.9229 
6+   | 208   | 0.3132   | 0.4743   | 0.4158 

Epoch 303: loss = 0.637147 delta_mae_pts = 0.4541 recap_mae_pts = 0.4541 cat_mae_pts = 0.4716 total_mae_pts = 1.0356 vs_inertia_pts = 0.5176 vs_quad_pts = 1.6382 mon_cov = 0.972 mon_score = 5.0594 time = 34026.03 s

Epoch 304: Weights {"totalWeight":0.1,"recapWeight":0.05,"deltaWeight":9.75,"categoryWeight":0.05,"quantileWeight":1.0784,"consistencyWeight":0,"identityDropoutRate":0.05}, Scales {"judgeBias":1,"corps":1}, SeqLen 15, ID_Drop 0.071, WFW 1.500 

History Bucket Diagnostics (Avg Abs Error per sample, normalized units):
Hist | Count | MAE_Pred | MAE_Base | PredDevFromBase
-----|-------|----------|----------|----------------
0    | 71    | 0.8353   | 2.2794   | 2.1654 
1    | 31    | 0.4955   | 1.2121   | 1.1145 
2    | 24    | 0.5137   | 1.0693   | 0.9932 
3-5  | 68    | 0.4528   | 0.9838   | 0.9154 
6+   | 208   | 0.3131   | 0.4743   | 0.4126 

Epoch 304: loss = 0.638495 delta_mae_pts = 0.4550 recap_mae_pts = 0.4550 cat_mae_pts = 0.4740 total_mae_pts = 1.0509 vs_inertia_pts = 0.5167 vs_quad_pts = 1.6373 mon_cov = 0.970 mon_score = 5.0573 time = 34136.78 s

Epoch 305: Weights {"totalWeight":0.1,"recapWeight":0.05,"deltaWeight":9.75,"categoryWeight":0.05,"quantileWeight":1.082,"consistencyWeight":0,"identityDropoutRate":0.05}, Scales {"judgeBias":1,"corps":1}, SeqLen 15, ID_Drop 0.065, WFW 1.500 

History Bucket Diagnostics (Avg Abs Error per sample, normalized units):
Hist | Count | MAE_Pred | MAE_Base | PredDevFromBase
-----|-------|----------|----------|----------------
0    | 71    | 0.8321   | 2.2794   | 2.1621 
1    | 31    | 0.4981   | 1.2121   | 1.1006 
2    | 24    | 0.5026   | 1.0693   | 1.0104 
3-5  | 68    | 0.4548   | 0.9838   | 0.9292 
6+   | 208   | 0.3167   | 0.4743   | 0.4197 

Epoch 305: loss = 0.639860 delta_mae_pts = 0.4562 recap_mae_pts = 0.4562 cat_mae_pts = 0.4756 total_mae_pts = 1.0489 vs_inertia_pts = 0.5155 vs_quad_pts = 1.6361 mon_cov = 0.970 mon_score = 5.0676 time = 34248.74 s

Epoch 306: Weights {"totalWeight":0.1,"recapWeight":0.05,"deltaWeight":9.75,"categoryWeight":0.05,"quantileWeight":1.0856000000000001,"consistencyWeight":0,"identityDropoutRate":0.05}, Scales {"judgeBias":1,"corps":1}, SeqLen 15, ID_Drop 0.061, WFW 1.500 

History Bucket Diagnostics (Avg Abs Error per sample, normalized units):
Hist | Count | MAE_Pred | MAE_Base | PredDevFromBase
-----|-------|----------|----------|----------------
0    | 71    | 0.8461   | 2.2794   | 2.1828 
1    | 31    | 0.5018   | 1.2121   | 1.1077 
2    | 24    | 0.5084   | 1.0693   | 0.9806 
3-5  | 68    | 0.4565   | 0.9838   | 0.9095 
6+   | 208   | 0.3144   | 0.4743   | 0.3968 

Epoch 306: loss = 0.627332 delta_mae_pts = 0.4584 recap_mae_pts = 0.4584 cat_mae_pts = 0.4777 total_mae_pts = 1.0513 vs_inertia_pts = 0.5133 vs_quad_pts = 1.6339 mon_cov = 0.969 mon_score = 5.1078 time = 34359.23 s

Epoch 307: Weights {"totalWeight":0.1,"recapWeight":0.05,"deltaWeight":9.75,"categoryWeight":0.05,"quantileWeight":1.0892,"consistencyWeight":0,"identityDropoutRate":0.05}, Scales {"judgeBias":1,"corps":1}, SeqLen 15, ID_Drop 0.066, WFW 1.500 

History Bucket Diagnostics (Avg Abs Error per sample, normalized units):
Hist | Count | MAE_Pred | MAE_Base | PredDevFromBase
-----|-------|----------|----------|----------------
0    | 71    | 0.8336   | 2.2794   | 2.1828 
1    | 31    | 0.4970   | 1.2121   | 1.0942 
2    | 24    | 0.5004   | 1.0693   | 0.9799 
3-5  | 68    | 0.4595   | 0.9838   | 0.9079 
6+   | 208   | 0.3147   | 0.4743   | 0.4051 

Epoch 307: loss = 0.628139 delta_mae_pts = 0.4560 recap_mae_pts = 0.4560 cat_mae_pts = 0.4744 total_mae_pts = 1.0476 vs_inertia_pts = 0.5157 vs_quad_pts = 1.6363 mon_cov = 0.971 mon_score = 5.0733 time = 34471.37 s

Epoch 308: Weights {"totalWeight":0.1,"recapWeight":0.05,"deltaWeight":9.75,"categoryWeight":0.05,"quantileWeight":1.0928,"consistencyWeight":0,"identityDropoutRate":0.05}, Scales {"judgeBias":1,"corps":1}, SeqLen 15, ID_Drop 0.062, WFW 1.500 

History Bucket Diagnostics (Avg Abs Error per sample, normalized units):
Hist | Count | MAE_Pred | MAE_Base | PredDevFromBase
-----|-------|----------|----------|----------------
0    | 71    | 0.8457   | 2.2794   | 2.1622 
1    | 31    | 0.4940   | 1.2121   | 1.1068 
2    | 24    | 0.5045   | 1.0693   | 1.0077 
3-5  | 68    | 0.4609   | 0.9838   | 0.9142 
6+   | 208   | 0.3163   | 0.4743   | 0.4070 

Epoch 308: loss = 0.626234 delta_mae_pts = 0.4592 recap_mae_pts = 0.4592 cat_mae_pts = 0.4778 total_mae_pts = 1.0566 vs_inertia_pts = 0.5125 vs_quad_pts = 1.6330 mon_cov = 0.969 mon_score = 5.1097 time = 34582.00 s

Epoch 309: Weights {"totalWeight":0.1,"recapWeight":0.05,"deltaWeight":9.75,"categoryWeight":0.05,"quantileWeight":1.0964,"consistencyWeight":0,"identityDropoutRate":0.05}, Scales {"judgeBias":1,"corps":1}, SeqLen 15, ID_Drop 0.063, WFW 1.500 

History Bucket Diagnostics (Avg Abs Error per sample, normalized units):
Hist | Count | MAE_Pred | MAE_Base | PredDevFromBase
-----|-------|----------|----------|----------------
0    | 71    | 0.8353   | 2.2794   | 2.1672 
1    | 31    | 0.4927   | 1.2121   | 1.1247 
2    | 24    | 0.5083   | 1.0693   | 1.0050 
3-5  | 68    | 0.4604   | 0.9838   | 0.9317 
6+   | 208   | 0.3166   | 0.4743   | 0.4169 

Epoch 309: loss = 0.616980 delta_mae_pts = 0.4575 recap_mae_pts = 0.4575 cat_mae_pts = 0.4747 total_mae_pts = 1.0489 vs_inertia_pts = 0.5142 vs_quad_pts = 1.6347 mon_cov = 0.970 mon_score = 5.0898 time = 34693.92 s

Epoch 310: Weights {"totalWeight":0.1,"recapWeight":0.05,"deltaWeight":9.75,"categoryWeight":0.05,"quantileWeight":1.1,"consistencyWeight":0,"identityDropoutRate":0.05}, Scales {"judgeBias":1,"corps":1}, SeqLen 15, ID_Drop 0.069, WFW 1.500 

History Bucket Diagnostics (Avg Abs Error per sample, normalized units):
Hist | Count | MAE_Pred | MAE_Base | PredDevFromBase
-----|-------|----------|----------|----------------
0    | 71    | 0.8522   | 2.2794   | 2.1954 
1    | 31    | 0.4863   | 1.2121   | 1.1012 
2    | 24    | 0.5139   | 1.0693   | 0.9802 
3-5  | 68    | 0.4581   | 0.9838   | 0.9084 
6+   | 208   | 0.3177   | 0.4743   | 0.4046 

Epoch 310: loss = 0.675690 delta_mae_pts = 0.4606 recap_mae_pts = 0.4606 cat_mae_pts = 0.4792 total_mae_pts = 1.0618 vs_inertia_pts = 0.5111 vs_quad_pts = 1.6317 mon_cov = 0.969 mon_score = 5.1181 time = 34805.06 s

Epoch 311: Weights {"totalWeight":0.1,"recapWeight":0.05,"deltaWeight":9.75,"categoryWeight":0.05,"quantileWeight":1.1,"consistencyWeight":0,"identityDropoutRate":0.05}, Scales {"judgeBias":1,"corps":1}, SeqLen 15, ID_Drop 0.066, WFW 1.500 

History Bucket Diagnostics (Avg Abs Error per sample, normalized units):
Hist | Count | MAE_Pred | MAE_Base | PredDevFromBase
-----|-------|----------|----------|----------------
0    | 71    | 0.8295   | 2.2794   | 2.1686 
1    | 31    | 0.4895   | 1.2121   | 1.1077 
2    | 24    | 0.5098   | 1.0693   | 0.9831 
3-5  | 68    | 0.4514   | 0.9838   | 0.9066 
6+   | 208   | 0.3140   | 0.4743   | 0.4055 

Epoch 311: loss = 0.670165 delta_mae_pts = 0.4535 recap_mae_pts = 0.4535 cat_mae_pts = 0.4737 total_mae_pts = 1.0510 vs_inertia_pts = 0.5182 vs_quad_pts = 1.6388 mon_cov = 0.972 mon_score = 5.0554 time = 34917.51 s

Epoch 312: Weights {"totalWeight":0.1,"recapWeight":0.05,"deltaWeight":9.75,"categoryWeight":0.05,"quantileWeight":1.1,"consistencyWeight":0,"identityDropoutRate":0.05}, Scales {"judgeBias":1,"corps":1}, SeqLen 15, ID_Drop 0.063, WFW 1.500 

History Bucket Diagnostics (Avg Abs Error per sample, normalized units):
Hist | Count | MAE_Pred | MAE_Base | PredDevFromBase
-----|-------|----------|----------|----------------
0    | 71    | 0.8187   | 2.2794   | 2.1442 
1    | 31    | 0.4943   | 1.2121   | 1.1004 
2    | 24    | 0.5052   | 1.0693   | 0.9860 
3-5  | 68    | 0.4648   | 0.9838   | 0.9148 
6+   | 208   | 0.3139   | 0.4743   | 0.4035 

Epoch 312: loss = 0.666477 delta_mae_pts = 0.4539 recap_mae_pts = 0.4539 cat_mae_pts = 0.4761 total_mae_pts = 1.0453 vs_inertia_pts = 0.5178 vs_quad_pts = 1.6384 mon_cov = 0.970 mon_score = 5.0606 time = 35027.54 s

Epoch 313: Weights {"totalWeight":0.1,"recapWeight":0.05,"deltaWeight":9.75,"categoryWeight":0.05,"quantileWeight":1.1,"consistencyWeight":0,"identityDropoutRate":0.05}, Scales {"judgeBias":1,"corps":1}, SeqLen 15, ID_Drop 0.063, WFW 1.500 

History Bucket Diagnostics (Avg Abs Error per sample, normalized units):
Hist | Count | MAE_Pred | MAE_Base | PredDevFromBase
-----|-------|----------|----------|----------------
0    | 71    | 0.8100   | 2.2794   | 2.1507 
1    | 31    | 0.4965   | 1.2121   | 1.1215 
2    | 24    | 0.5096   | 1.0693   | 0.9940 
3-5  | 68    | 0.4606   | 0.9838   | 0.9304 
6+   | 208   | 0.3164   | 0.4743   | 0.4161 

Epoch 313: loss = 0.670099 delta_mae_pts = 0.4534 recap_mae_pts = 0.4534 cat_mae_pts = 0.4781 total_mae_pts = 1.0520 vs_inertia_pts = 0.5183 vs_quad_pts = 1.6389 mon_cov = 0.970 mon_score = 5.0436 time = 35139.19 s

Epoch 314: Weights {"totalWeight":0.1,"recapWeight":0.05,"deltaWeight":9.75,"categoryWeight":0.05,"quantileWeight":1.1,"consistencyWeight":0,"identityDropoutRate":0.05}, Scales {"judgeBias":1,"corps":1}, SeqLen 15, ID_Drop 0.068, WFW 1.500 

History Bucket Diagnostics (Avg Abs Error per sample, normalized units):
Hist | Count | MAE_Pred | MAE_Base | PredDevFromBase
-----|-------|----------|----------|----------------
0    | 71    | 0.7995   | 2.2794   | 2.1453 
1    | 31    | 0.4880   | 1.2121   | 1.1123 
2    | 24    | 0.5231   | 1.0693   | 0.9939 
3-5  | 68    | 0.4550   | 0.9838   | 0.9235 
6+   | 208   | 0.3155   | 0.4743   | 0.4133 

Epoch 314: loss = 0.661097 delta_mae_pts = 0.4503 recap_mae_pts = 0.4503 cat_mae_pts = 0.4743 total_mae_pts = 1.0387 vs_inertia_pts = 0.5214 vs_quad_pts = 1.6420 mon_cov = 0.970 mon_score = 5.0197 time = 35248.34 s

Epoch 315: Weights {"totalWeight":0.1,"recapWeight":0.05,"deltaWeight":9.75,"categoryWeight":0.05,"quantileWeight":1.1,"consistencyWeight":0,"identityDropoutRate":0.05}, Scales {"judgeBias":1,"corps":1}, SeqLen 15, ID_Drop 0.063, WFW 1.500 

History Bucket Diagnostics (Avg Abs Error per sample, normalized units):
Hist | Count | MAE_Pred | MAE_Base | PredDevFromBase
-----|-------|----------|----------|----------------
0    | 71    | 0.8074   | 2.2794   | 2.1414 
1    | 31    | 0.4875   | 1.2121   | 1.1079 
2    | 24    | 0.5232   | 1.0693   | 0.9962 
3-5  | 68    | 0.4500   | 0.9838   | 0.9165 
6+   | 208   | 0.3182   | 0.4743   | 0.4123 

Epoch 315: loss = 0.658026 delta_mae_pts = 0.4522 recap_mae_pts = 0.4522 cat_mae_pts = 0.4773 total_mae_pts = 1.0491 vs_inertia_pts = 0.5195 vs_quad_pts = 1.6401 mon_cov = 0.969 mon_score = 5.0258 time = 35358.85 s

Epoch 316: Weights {"totalWeight":0.1,"recapWeight":0.05,"deltaWeight":9.75,"categoryWeight":0.05,"quantileWeight":1.1,"consistencyWeight":0,"identityDropoutRate":0.05}, Scales {"judgeBias":1,"corps":1}, SeqLen 15, ID_Drop 0.068, WFW 1.500 

History Bucket Diagnostics (Avg Abs Error per sample, normalized units):
Hist | Count | MAE_Pred | MAE_Base | PredDevFromBase
-----|-------|----------|----------|----------------
0    | 71    | 0.8331   | 2.2794   | 2.1550 
1    | 31    | 0.4955   | 1.2121   | 1.1034 
2    | 24    | 0.5217   | 1.0693   | 1.0135 
3-5  | 68    | 0.4559   | 0.9838   | 0.9303 
6+   | 208   | 0.3209   | 0.4743   | 0.4229 

Epoch 316: loss = 0.666075 delta_mae_pts = 0.4596 recap_mae_pts = 0.4596 cat_mae_pts = 0.4793 total_mae_pts = 1.0686 vs_inertia_pts = 0.5121 vs_quad_pts = 1.6326 mon_cov = 0.970 mon_score = 5.1125 time = 35471.06 s

Epoch 317: Weights {"totalWeight":0.1,"recapWeight":0.05,"deltaWeight":9.75,"categoryWeight":0.05,"quantileWeight":1.1,"consistencyWeight":0,"identityDropoutRate":0.05}, Scales {"judgeBias":1,"corps":1}, SeqLen 15, ID_Drop 0.070, WFW 1.500 

History Bucket Diagnostics (Avg Abs Error per sample, normalized units):
Hist | Count | MAE_Pred | MAE_Base | PredDevFromBase
-----|-------|----------|----------|----------------
0    | 71    | 0.8257   | 2.2794   | 2.1604 
1    | 31    | 0.4940   | 1.2121   | 1.1151 
2    | 24    | 0.5157   | 1.0693   | 0.9964 
3-5  | 68    | 0.4592   | 0.9838   | 0.9231 
6+   | 208   | 0.3171   | 0.4743   | 0.4153 

Epoch 317: loss = 0.659881 delta_mae_pts = 0.4564 recap_mae_pts = 0.4564 cat_mae_pts = 0.4750 total_mae_pts = 1.0631 vs_inertia_pts = 0.5153 vs_quad_pts = 1.6358 mon_cov = 0.970 mon_score = 5.0784 time = 35582.62 s

Epoch 318: Weights {"totalWeight":0.1,"recapWeight":0.05,"deltaWeight":9.75,"categoryWeight":0.05,"quantileWeight":1.1,"consistencyWeight":0,"identityDropoutRate":0.05}, Scales {"judgeBias":1,"corps":1}, SeqLen 15, ID_Drop 0.066, WFW 1.500 

History Bucket Diagnostics (Avg Abs Error per sample, normalized units):
Hist | Count | MAE_Pred | MAE_Base | PredDevFromBase
-----|-------|----------|----------|----------------
0    | 71    | 0.8272   | 2.2794   | 2.1409 
1    | 31    | 0.5003   | 1.2121   | 1.0965 
2    | 24    | 0.5124   | 1.0693   | 1.0086 
3-5  | 68    | 0.4533   | 0.9838   | 0.9187 
6+   | 208   | 0.3158   | 0.4743   | 0.4140 

Epoch 318: loss = 0.656634 delta_mae_pts = 0.4553 recap_mae_pts = 0.4553 cat_mae_pts = 0.4763 total_mae_pts = 1.0555 vs_inertia_pts = 0.5164 vs_quad_pts = 1.6369 mon_cov = 0.970 mon_score = 5.0658 time = 35693.94 s

Epoch 319: Weights {"totalWeight":0.1,"recapWeight":0.05,"deltaWeight":9.75,"categoryWeight":0.05,"quantileWeight":1.1,"consistencyWeight":0,"identityDropoutRate":0.05}, Scales {"judgeBias":1,"corps":1}, SeqLen 15, ID_Drop 0.066, WFW 1.500 

History Bucket Diagnostics (Avg Abs Error per sample, normalized units):
Hist | Count | MAE_Pred | MAE_Base | PredDevFromBase
-----|-------|----------|----------|----------------
0    | 71    | 0.8328   | 2.2794   | 2.1729 
1    | 31    | 0.4872   | 1.2121   | 1.1068 
2    | 24    | 0.5100   | 1.0693   | 0.9971 
3-5  | 68    | 0.4615   | 0.9838   | 0.9087 
6+   | 208   | 0.3183   | 0.4743   | 0.4087 

Epoch 319: loss = 0.661395 delta_mae_pts = 0.4579 recap_mae_pts = 0.4579 cat_mae_pts = 0.4765 total_mae_pts = 1.0604 vs_inertia_pts = 0.5139 vs_quad_pts = 1.6344 mon_cov = 0.971 mon_score = 5.0975 time = 35803.14 s

Epoch 320: Weights {"totalWeight":0.1,"recapWeight":0.05,"deltaWeight":9.75,"categoryWeight":0.05,"quantileWeight":1.1,"consistencyWeight":0,"identityDropoutRate":0.05}, Scales {"judgeBias":1,"corps":1}, SeqLen 15, ID_Drop 0.062, WFW 1.500 

History Bucket Diagnostics (Avg Abs Error per sample, normalized units):
Hist | Count | MAE_Pred | MAE_Base | PredDevFromBase
-----|-------|----------|----------|----------------
0    | 71    | 0.8254   | 2.2794   | 2.1629 
1    | 31    | 0.4908   | 1.2121   | 1.1183 
2    | 24    | 0.5096   | 1.0693   | 0.9985 
3-5  | 68    | 0.4478   | 0.9838   | 0.9167 
6+   | 208   | 0.3152   | 0.4743   | 0.4100 

Epoch 320: loss = 0.666200 delta_mae_pts = 0.4529 recap_mae_pts = 0.4529 cat_mae_pts = 0.4746 total_mae_pts = 1.0627 vs_inertia_pts = 0.5188 vs_quad_pts = 1.6394 mon_cov = 0.971 mon_score = 5.0403 time = 35915.65 s

Epoch 321: Weights {"totalWeight":0.1,"recapWeight":0.05,"deltaWeight":9.75,"categoryWeight":0.05,"quantileWeight":1.1,"consistencyWeight":0,"identityDropoutRate":0.05}, Scales {"judgeBias":1,"corps":1}, SeqLen 15, ID_Drop 0.066, WFW 1.500 

History Bucket Diagnostics (Avg Abs Error per sample, normalized units):
Hist | Count | MAE_Pred | MAE_Base | PredDevFromBase
-----|-------|----------|----------|----------------
0    | 71    | 0.8235   | 2.2794   | 2.1412 
1    | 31    | 0.4954   | 1.2121   | 1.1120 
2    | 24    | 0.5050   | 1.0693   | 0.9880 
3-5  | 68    | 0.4548   | 0.9838   | 0.9088 
6+   | 208   | 0.3163   | 0.4743   | 0.4045 

Epoch 321: loss = 0.614091 delta_mae_pts = 0.4544 recap_mae_pts = 0.4544 cat_mae_pts = 0.4759 total_mae_pts = 1.0609 vs_inertia_pts = 0.5173 vs_quad_pts = 1.6379 mon_cov = 0.972 mon_score = 5.0568 time = 36046.65 s

Epoch 322: Weights {"totalWeight":0.1,"recapWeight":0.05,"deltaWeight":9.75,"categoryWeight":0.05,"quantileWeight":1.1,"consistencyWeight":0,"identityDropoutRate":0.05}, Scales {"judgeBias":1,"corps":1}, SeqLen 15, ID_Drop 0.063, WFW 1.500 

History Bucket Diagnostics (Avg Abs Error per sample, normalized units):
Hist | Count | MAE_Pred | MAE_Base | PredDevFromBase
-----|-------|----------|----------|----------------
0    | 71    | 0.8224   | 2.2794   | 2.1474 
1    | 31    | 0.4874   | 1.2121   | 1.1140 
2    | 24    | 0.5138   | 1.0693   | 1.0016 
3-5  | 68    | 0.4470   | 0.9838   | 0.9290 
6+   | 208   | 0.3153   | 0.4743   | 0.4193 

Epoch 322: loss = 0.606454 delta_mae_pts = 0.4523 recap_mae_pts = 0.4523 cat_mae_pts = 0.4754 total_mae_pts = 1.0646 vs_inertia_pts = 0.5194 vs_quad_pts = 1.6400 mon_cov = 0.968 mon_score = 5.0454 time = 36131.21 s

Epoch 323: Weights {"totalWeight":0.1,"recapWeight":0.05,"deltaWeight":9.75,"categoryWeight":0.05,"quantileWeight":1.1,"consistencyWeight":0,"identityDropoutRate":0.05}, Scales {"judgeBias":1,"corps":1}, SeqLen 15, ID_Drop 0.067, WFW 1.500 

History Bucket Diagnostics (Avg Abs Error per sample, normalized units):
Hist | Count | MAE_Pred | MAE_Base | PredDevFromBase
-----|-------|----------|----------|----------------
0    | 71    | 0.8213   | 2.2794   | 2.1453 
1    | 31    | 0.4881   | 1.2121   | 1.1063 
2    | 24    | 0.5110   | 1.0693   | 0.9902 
3-5  | 68    | 0.4541   | 0.9838   | 0.9194 
6+   | 208   | 0.3152   | 0.4743   | 0.4152 

Epoch 323: loss = 0.658524 delta_mae_pts = 0.4531 recap_mae_pts = 0.4531 cat_mae_pts = 0.4760 total_mae_pts = 1.0537 vs_inertia_pts = 0.5186 vs_quad_pts = 1.6392 mon_cov = 0.968 mon_score = 5.0477 time = 36238.72 s

Epoch 324: Weights {"totalWeight":0.1,"recapWeight":0.05,"deltaWeight":9.75,"categoryWeight":0.05,"quantileWeight":1.1,"consistencyWeight":0,"identityDropoutRate":0.05}, Scales {"judgeBias":1,"corps":1}, SeqLen 15, ID_Drop 0.063, WFW 1.500 

History Bucket Diagnostics (Avg Abs Error per sample, normalized units):
Hist | Count | MAE_Pred | MAE_Base | PredDevFromBase
-----|-------|----------|----------|----------------
0    | 71    | 0.8275   | 2.2794   | 2.1552 
1    | 31    | 0.4903   | 1.2121   | 1.1062 
2    | 24    | 0.5089   | 1.0693   | 0.9875 
3-5  | 68    | 0.4536   | 0.9838   | 0.9134 
6+   | 208   | 0.3157   | 0.4743   | 0.4082 

Epoch 324: loss = 0.655430 delta_mae_pts = 0.4544 recap_mae_pts = 0.4544 cat_mae_pts = 0.4727 total_mae_pts = 1.0506 vs_inertia_pts = 0.5173 vs_quad_pts = 1.6379 mon_cov = 0.970 mon_score = 5.0594 time = 36350.85 s

Epoch 325: Weights {"totalWeight":0.1,"recapWeight":0.05,"deltaWeight":9.75,"categoryWeight":0.05,"quantileWeight":1.1,"consistencyWeight":0,"identityDropoutRate":0.05}, Scales {"judgeBias":1,"corps":1}, SeqLen 15, ID_Drop 0.066, WFW 1.500 

History Bucket Diagnostics (Avg Abs Error per sample, normalized units):
Hist | Count | MAE_Pred | MAE_Base | PredDevFromBase
-----|-------|----------|----------|----------------
0    | 71    | 0.8118   | 2.2794   | 2.1256 
1    | 31    | 0.4868   | 1.2121   | 1.1183 
2    | 24    | 0.5073   | 1.0693   | 0.9964 
3-5  | 68    | 0.4619   | 0.9838   | 0.9145 
6+   | 208   | 0.3156   | 0.4743   | 0.4083 

Epoch 325: loss = 0.655415 delta_mae_pts = 0.4526 recap_mae_pts = 0.4526 cat_mae_pts = 0.4781 total_mae_pts = 1.0623 vs_inertia_pts = 0.5191 vs_quad_pts = 1.6396 mon_cov = 0.970 mon_score = 5.0407 time = 36460.44 s

Epoch 326: Weights {"totalWeight":0.1,"recapWeight":0.05,"deltaWeight":9.75,"categoryWeight":0.05,"quantileWeight":1.1,"consistencyWeight":0,"identityDropoutRate":0.05}, Scales {"judgeBias":1,"corps":1}, SeqLen 15, ID_Drop 0.076, WFW 1.500 

History Bucket Diagnostics (Avg Abs Error per sample, normalized units):
Hist | Count | MAE_Pred | MAE_Base | PredDevFromBase
-----|-------|----------|----------|----------------
0    | 71    | 0.8042   | 2.2794   | 2.1426 
1    | 31    | 0.4869   | 1.2121   | 1.1123 
2    | 24    | 0.5084   | 1.0693   | 0.9986 
3-5  | 68    | 0.4549   | 0.9838   | 0.9187 
6+   | 208   | 0.3146   | 0.4743   | 0.4094 

Epoch 326: loss = 0.663158 delta_mae_pts = 0.4497 recap_mae_pts = 0.4497 cat_mae_pts = 0.4726 total_mae_pts = 1.0453 vs_inertia_pts = 0.5220 vs_quad_pts = 1.6426 mon_cov = 0.970 mon_score = 5.0153 time = 36573.01 s
Saved BEST checkpoint @epoch 326 score = 5.0153 -> models\v9_subcaption_fixed\v9fix_swa_train_best_export_1770556452661\best 

Epoch 327: Weights {"totalWeight":0.1,"recapWeight":0.05,"deltaWeight":9.75,"categoryWeight":0.05,"quantileWeight":1.1,"consistencyWeight":0,"identityDropoutRate":0.05}, Scales {"judgeBias":1,"corps":1}, SeqLen 15, ID_Drop 0.070, WFW 1.500 

History Bucket Diagnostics (Avg Abs Error per sample, normalized units):
Hist | Count | MAE_Pred | MAE_Base | PredDevFromBase
-----|-------|----------|----------|----------------
0    | 71    | 0.7955   | 2.2794   | 2.1273 
1    | 31    | 0.4795   | 1.2121   | 1.1051 
2    | 24    | 0.5110   | 1.0693   | 1.0076 
3-5  | 68    | 0.4567   | 0.9838   | 0.9227 
6+   | 208   | 0.3162   | 0.4743   | 0.4173 

Epoch 327: loss = 0.662791 delta_mae_pts = 0.4488 recap_mae_pts = 0.4488 cat_mae_pts = 0.4755 total_mae_pts = 1.0555 vs_inertia_pts = 0.5229 vs_quad_pts = 1.6435 mon_cov = 0.970 mon_score = 5.0036 time = 36681.54 s
Saved BEST checkpoint @epoch 327 score = 5.0036 -> models\v9_subcaption_fixed\v9fix_swa_train_best_export_1770556452661\best 

Epoch 328: Weights {"totalWeight":0.1,"recapWeight":0.05,"deltaWeight":9.75,"categoryWeight":0.05,"quantileWeight":1.1,"consistencyWeight":0,"identityDropoutRate":0.05}, Scales {"judgeBias":1,"corps":1}, SeqLen 15, ID_Drop 0.073, WFW 1.500 

History Bucket Diagnostics (Avg Abs Error per sample, normalized units):
Hist | Count | MAE_Pred | MAE_Base | PredDevFromBase
-----|-------|----------|----------|----------------
0    | 71    | 0.8248   | 2.2794   | 2.1420 
1    | 31    | 0.4785   | 1.2121   | 1.1135 
2    | 24    | 0.5140   | 1.0693   | 0.9913 
3-5  | 68    | 0.4598   | 0.9838   | 0.9183 
6+   | 208   | 0.3130   | 0.4743   | 0.4112 

Epoch 328: loss = 0.652840 delta_mae_pts = 0.4530 recap_mae_pts = 0.4530 cat_mae_pts = 0.4762 total_mae_pts = 1.0583 vs_inertia_pts = 0.5187 vs_quad_pts = 1.6393 mon_cov = 0.970 mon_score = 5.0465 time = 36793.10 s

Epoch 329: Weights {"totalWeight":0.1,"recapWeight":0.05,"deltaWeight":9.75,"categoryWeight":0.05,"quantileWeight":1.1,"consistencyWeight":0,"identityDropoutRate":0.05}, Scales {"judgeBias":1,"corps":1}, SeqLen 15, ID_Drop 0.065, WFW 1.500 

History Bucket Diagnostics (Avg Abs Error per sample, normalized units):
Hist | Count | MAE_Pred | MAE_Base | PredDevFromBase
-----|-------|----------|----------|----------------
0    | 71    | 0.8163   | 2.2794   | 2.1424 
1    | 31    | 0.4856   | 1.2121   | 1.1185 
2    | 24    | 0.5036   | 1.0693   | 1.0039 
3-5  | 68    | 0.4534   | 0.9838   | 0.9165 
6+   | 208   | 0.3138   | 0.4743   | 0.4149 

Epoch 329: loss = 0.643269 delta_mae_pts = 0.4507 recap_mae_pts = 0.4507 cat_mae_pts = 0.4736 total_mae_pts = 1.0542 vs_inertia_pts = 0.5210 vs_quad_pts = 1.6415 mon_cov = 0.970 mon_score = 5.0196 time = 36902.32 s

Epoch 330: Weights {"totalWeight":0.1,"recapWeight":0.05,"deltaWeight":9.75,"categoryWeight":0.05,"quantileWeight":1.1,"consistencyWeight":0,"identityDropoutRate":0.05}, Scales {"judgeBias":1,"corps":1}, SeqLen 15, ID_Drop 0.067, WFW 1.500 

History Bucket Diagnostics (Avg Abs Error per sample, normalized units):
Hist | Count | MAE_Pred | MAE_Base | PredDevFromBase
-----|-------|----------|----------|----------------
0    | 71    | 0.8216   | 2.2794   | 2.1512 
1    | 31    | 0.4838   | 1.2121   | 1.1174 
2    | 24    | 0.5128   | 1.0693   | 0.9953 
3-5  | 68    | 0.4581   | 0.9838   | 0.9072 
6+   | 208   | 0.3158   | 0.4743   | 0.4118 

Epoch 330: loss = 0.643641 delta_mae_pts = 0.4539 recap_mae_pts = 0.4539 cat_mae_pts = 0.4758 total_mae_pts = 1.0525 vs_inertia_pts = 0.5178 vs_quad_pts = 1.6384 mon_cov = 0.970 mon_score = 5.0582 time = 37014.58 s

Epoch 331: Weights {"totalWeight":0.1,"recapWeight":0.05,"deltaWeight":9.75,"categoryWeight":0.05,"quantileWeight":1.1,"consistencyWeight":0,"identityDropoutRate":0.05}, Scales {"judgeBias":1,"corps":1}, SeqLen 15, ID_Drop 0.066, WFW 1.500 

History Bucket Diagnostics (Avg Abs Error per sample, normalized units):
Hist | Count | MAE_Pred | MAE_Base | PredDevFromBase
-----|-------|----------|----------|----------------
0    | 71    | 0.8216   | 2.2794   | 2.1493 
1    | 31    | 0.4753   | 1.2121   | 1.1244 
2    | 24    | 0.5046   | 1.0693   | 1.0140 
3-5  | 68    | 0.4525   | 0.9838   | 0.9237 
6+   | 208   | 0.3176   | 0.4743   | 0.4146 

Epoch 331: loss = 0.647444 delta_mae_pts = 0.4528 recap_mae_pts = 0.4528 cat_mae_pts = 0.4751 total_mae_pts = 1.0542 vs_inertia_pts = 0.5190 vs_quad_pts = 1.6395 mon_cov = 0.971 mon_score = 5.0541 time = 37124.44 s

Epoch 332: Weights {"totalWeight":0.1,"recapWeight":0.05,"deltaWeight":9.75,"categoryWeight":0.05,"quantileWeight":1.1,"consistencyWeight":0,"identityDropoutRate":0.05}, Scales {"judgeBias":1,"corps":1}, SeqLen 15, ID_Drop 0.069, WFW 1.500 

History Bucket Diagnostics (Avg Abs Error per sample, normalized units):
Hist | Count | MAE_Pred | MAE_Base | PredDevFromBase
-----|-------|----------|----------|----------------
0    | 71    | 0.8203   | 2.2794   | 2.1453 
1    | 31    | 0.4803   | 1.2121   | 1.1177 
2    | 24    | 0.5035   | 1.0693   | 1.0074 
3-5  | 68    | 0.4600   | 0.9838   | 0.9262 
6+   | 208   | 0.3148   | 0.4743   | 0.4132 

Epoch 332: loss = 0.645485 delta_mae_pts = 0.4527 recap_mae_pts = 0.4527 cat_mae_pts = 0.4769 total_mae_pts = 1.0611 vs_inertia_pts = 0.5191 vs_quad_pts = 1.6396 mon_cov = 0.970 mon_score = 5.0506 time = 37235.48 s

Epoch 333: Weights {"totalWeight":0.1,"recapWeight":0.05,"deltaWeight":9.75,"categoryWeight":0.05,"quantileWeight":1.1,"consistencyWeight":0,"identityDropoutRate":0.05}, Scales {"judgeBias":1,"corps":1}, SeqLen 15, ID_Drop 0.069, WFW 1.500 

History Bucket Diagnostics (Avg Abs Error per sample, normalized units):
Hist | Count | MAE_Pred | MAE_Base | PredDevFromBase
-----|-------|----------|----------|----------------
0    | 71    | 0.8175   | 2.2794   | 2.1352 
1    | 31    | 0.4818   | 1.2121   | 1.1205 
2    | 24    | 0.4979   | 1.0693   | 1.0091 
3-5  | 68    | 0.4567   | 0.9838   | 0.9188 
6+   | 208   | 0.3178   | 0.4743   | 0.4072 

Epoch 333: loss = 0.643671 delta_mae_pts = 0.4530 recap_mae_pts = 0.4530 cat_mae_pts = 0.4742 total_mae_pts = 1.0512 vs_inertia_pts = 0.5188 vs_quad_pts = 1.6393 mon_cov = 0.969 mon_score = 5.0459 time = 37346.21 s

Epoch 334: Weights {"totalWeight":0.1,"recapWeight":0.05,"deltaWeight":9.75,"categoryWeight":0.05,"quantileWeight":1.1,"consistencyWeight":0,"identityDropoutRate":0.05}, Scales {"judgeBias":1,"corps":1}, SeqLen 15, ID_Drop 0.068, WFW 1.500 

History Bucket Diagnostics (Avg Abs Error per sample, normalized units):
Hist | Count | MAE_Pred | MAE_Base | PredDevFromBase
-----|-------|----------|----------|----------------
0    | 71    | 0.8203   | 2.2794   | 2.1491 
1    | 31    | 0.4856   | 1.2121   | 1.1145 
2    | 24    | 0.5021   | 1.0693   | 1.0024 
3-5  | 68    | 0.4594   | 0.9838   | 0.9225 
6+   | 208   | 0.3161   | 0.4743   | 0.4096 

Epoch 334: loss = 0.645970 delta_mae_pts = 0.4536 recap_mae_pts = 0.4536 cat_mae_pts = 0.4807 total_mae_pts = 1.0611 vs_inertia_pts = 0.5182 vs_quad_pts = 1.6387 mon_cov = 0.967 mon_score = 5.0541 time = 37455.96 s

Epoch 335: Weights {"totalWeight":0.1,"recapWeight":0.05,"deltaWeight":9.75,"categoryWeight":0.05,"quantileWeight":1.1,"consistencyWeight":0,"identityDropoutRate":0.05}, Scales {"judgeBias":1,"corps":1}, SeqLen 15, ID_Drop 0.067, WFW 1.500 

History Bucket Diagnostics (Avg Abs Error per sample, normalized units):
Hist | Count | MAE_Pred | MAE_Base | PredDevFromBase
-----|-------|----------|----------|----------------
0    | 71    | 0.8071   | 2.2794   | 2.1250 
1    | 31    | 0.4827   | 1.2121   | 1.0943 
2    | 24    | 0.5000   | 1.0693   | 0.9988 
3-5  | 68    | 0.4540   | 0.9838   | 0.9042 
6+   | 208   | 0.3155   | 0.4743   | 0.4023 

Epoch 335: loss = 0.651630 delta_mae_pts = 0.4496 recap_mae_pts = 0.4496 cat_mae_pts = 0.4756 total_mae_pts = 1.0554 vs_inertia_pts = 0.5221 vs_quad_pts = 1.6427 mon_cov = 0.969 mon_score = 5.0094 time = 37566.88 s

Epoch 336: Weights {"totalWeight":0.1,"recapWeight":0.05,"deltaWeight":9.75,"categoryWeight":0.05,"quantileWeight":1.1,"consistencyWeight":0,"identityDropoutRate":0.05}, Scales {"judgeBias":1,"corps":1}, SeqLen 15, ID_Drop 0.064, WFW 1.500 

History Bucket Diagnostics (Avg Abs Error per sample, normalized units):
Hist | Count | MAE_Pred | MAE_Base | PredDevFromBase
-----|-------|----------|----------|----------------
0    | 71    | 0.8220   | 2.2794   | 2.1530 
1    | 31    | 0.4891   | 1.2121   | 1.1166 
2    | 24    | 0.4983   | 1.0693   | 0.9941 
3-5  | 68    | 0.4550   | 0.9838   | 0.9186 
6+   | 208   | 0.3140   | 0.4743   | 0.4122 

Epoch 336: loss = 0.646087 delta_mae_pts = 0.4521 recap_mae_pts = 0.4521 cat_mae_pts = 0.4754 total_mae_pts = 1.0494 vs_inertia_pts = 0.5196 vs_quad_pts = 1.6402 mon_cov = 0.970 mon_score = 5.0339 time = 37683.32 s

Epoch 337: Weights {"totalWeight":0.1,"recapWeight":0.05,"deltaWeight":9.75,"categoryWeight":0.05,"quantileWeight":1.1,"consistencyWeight":0,"identityDropoutRate":0.05}, Scales {"judgeBias":1,"corps":1}, SeqLen 15, ID_Drop 0.067, WFW 1.500 

History Bucket Diagnostics (Avg Abs Error per sample, normalized units):
Hist | Count | MAE_Pred | MAE_Base | PredDevFromBase
-----|-------|----------|----------|----------------
0    | 71    | 0.8308   | 2.2794   | 2.1465 
1    | 31    | 0.4817   | 1.2121   | 1.1172 
2    | 24    | 0.5042   | 1.0693   | 0.9996 
3-5  | 68    | 0.4560   | 0.9838   | 0.9093 
6+   | 208   | 0.3174   | 0.4743   | 0.4148 

Epoch 337: loss = 0.642531 delta_mae_pts = 0.4554 recap_mae_pts = 0.4554 cat_mae_pts = 0.4772 total_mae_pts = 1.0627 vs_inertia_pts = 0.5163 vs_quad_pts = 1.6369 mon_cov = 0.970 mon_score = 5.0713 time = 37796.10 s

Epoch 338: Weights {"totalWeight":0.1,"recapWeight":0.05,"deltaWeight":9.75,"categoryWeight":0.05,"quantileWeight":1.1,"consistencyWeight":0,"identityDropoutRate":0.05}, Scales {"judgeBias":1,"corps":1}, SeqLen 15, ID_Drop 0.068, WFW 1.500 

History Bucket Diagnostics (Avg Abs Error per sample, normalized units):
Hist | Count | MAE_Pred | MAE_Base | PredDevFromBase
-----|-------|----------|----------|----------------
0    | 71    | 0.8210   | 2.2794   | 2.1471 
1    | 31    | 0.4859   | 1.2121   | 1.1179 
2    | 24    | 0.5095   | 1.0693   | 1.0160 
3-5  | 68    | 0.4532   | 0.9838   | 0.9258 
6+   | 208   | 0.3167   | 0.4743   | 0.4157 

Epoch 338: loss = 0.642523 delta_mae_pts = 0.4534 recap_mae_pts = 0.4534 cat_mae_pts = 0.4804 total_mae_pts = 1.0656 vs_inertia_pts = 0.5183 vs_quad_pts = 1.6389 mon_cov = 0.970 mon_score = 5.0593 time = 37906.16 s

Epoch 339: Weights {"totalWeight":0.1,"recapWeight":0.05,"deltaWeight":9.75,"categoryWeight":0.05,"quantileWeight":1.1,"consistencyWeight":0,"identityDropoutRate":0.05}, Scales {"judgeBias":1,"corps":1}, SeqLen 15, ID_Drop 0.066, WFW 1.500 

History Bucket Diagnostics (Avg Abs Error per sample, normalized units):
Hist | Count | MAE_Pred | MAE_Base | PredDevFromBase
-----|-------|----------|----------|----------------
0    | 71    | 0.8134   | 2.2794   | 2.1324 
1    | 31    | 0.4867   | 1.2121   | 1.1244 
2    | 24    | 0.5084   | 1.0693   | 1.0050 
3-5  | 68    | 0.4511   | 0.9838   | 0.9178 
6+   | 208   | 0.3151   | 0.4743   | 0.4137 

Epoch 339: loss = 0.631718 delta_mae_pts = 0.4509 recap_mae_pts = 0.4509 cat_mae_pts = 0.4784 total_mae_pts = 1.0558 vs_inertia_pts = 0.5208 vs_quad_pts = 1.6414 mon_cov = 0.971 mon_score = 5.0265 time = 38019.44 s

Epoch 340: Weights {"totalWeight":0.1,"recapWeight":0.05,"deltaWeight":9.75,"categoryWeight":0.05,"quantileWeight":1.1,"consistencyWeight":0,"identityDropoutRate":0.05}, Scales {"judgeBias":1,"corps":1}, SeqLen 15, ID_Drop 0.055, WFW 1.500 

History Bucket Diagnostics (Avg Abs Error per sample, normalized units):
Hist | Count | MAE_Pred | MAE_Base | PredDevFromBase
-----|-------|----------|----------|----------------
0    | 71    | 0.8146   | 2.2794   | 2.1362 
1    | 31    | 0.4924   | 1.2121   | 1.1026 
2    | 24    | 0.5061   | 1.0693   | 0.9941 
3-5  | 68    | 0.4581   | 0.9838   | 0.9118 
6+   | 208   | 0.3155   | 0.4743   | 0.4100 

Epoch 340: loss = 0.581899 delta_mae_pts = 0.4528 recap_mae_pts = 0.4528 cat_mae_pts = 0.4776 total_mae_pts = 1.0625 vs_inertia_pts = 0.5189 vs_quad_pts = 1.6395 mon_cov = 0.971 mon_score = 5.0439 time = 38129.46 s

Epoch 341: Weights {"totalWeight":0.1,"recapWeight":0.05,"deltaWeight":9.75,"categoryWeight":0.05,"quantileWeight":1.1,"consistencyWeight":0,"identityDropoutRate":0.05}, Scales {"judgeBias":1,"corps":1}, SeqLen 15, ID_Drop 0.058, WFW 1.500 

History Bucket Diagnostics (Avg Abs Error per sample, normalized units):
Hist | Count | MAE_Pred | MAE_Base | PredDevFromBase
-----|-------|----------|----------|----------------
0    | 71    | 0.8172   | 2.2794   | 2.1347 
1    | 31    | 0.4863   | 1.2121   | 1.1027 
2    | 24    | 0.5078   | 1.0693   | 0.9864 
3-5  | 68    | 0.4550   | 0.9838   | 0.9134 
6+   | 208   | 0.3154   | 0.4743   | 0.4093 

Epoch 341: loss = 0.576549 delta_mae_pts = 0.4523 recap_mae_pts = 0.4523 cat_mae_pts = 0.4772 total_mae_pts = 1.0579 vs_inertia_pts = 0.5194 vs_quad_pts = 1.6400 mon_cov = 0.970 mon_score = 5.0390 time = 38241.78 s

Epoch 342: Weights {"totalWeight":0.1,"recapWeight":0.05,"deltaWeight":9.75,"categoryWeight":0.05,"quantileWeight":1.1,"consistencyWeight":0,"identityDropoutRate":0.05}, Scales {"judgeBias":1,"corps":1}, SeqLen 15, ID_Drop 0.062, WFW 1.500 

History Bucket Diagnostics (Avg Abs Error per sample, normalized units):
Hist | Count | MAE_Pred | MAE_Base | PredDevFromBase
-----|-------|----------|----------|----------------
0    | 71    | 0.8135   | 2.2794   | 2.1574 
1    | 31    | 0.4866   | 1.2121   | 1.1207 
2    | 24    | 0.5074   | 1.0693   | 0.9985 
3-5  | 68    | 0.4482   | 0.9838   | 0.9058 
6+   | 208   | 0.3169   | 0.4743   | 0.4129 

Epoch 342: loss = 0.631041 delta_mae_pts = 0.4513 recap_mae_pts = 0.4513 cat_mae_pts = 0.4777 total_mae_pts = 1.0565 vs_inertia_pts = 0.5204 vs_quad_pts = 1.6410 mon_cov = 0.970 mon_score = 5.0293 time = 38351.11 s

Epoch 343: Weights {"totalWeight":0.1,"recapWeight":0.05,"deltaWeight":9.75,"categoryWeight":0.05,"quantileWeight":1.1,"consistencyWeight":0,"identityDropoutRate":0.05}, Scales {"judgeBias":1,"corps":1}, SeqLen 15, ID_Drop 0.066, WFW 1.500 

History Bucket Diagnostics (Avg Abs Error per sample, normalized units):
Hist | Count | MAE_Pred | MAE_Base | PredDevFromBase
-----|-------|----------|----------|----------------
0    | 71    | 0.8027   | 2.2794   | 2.1418 
1    | 31    | 0.4910   | 1.2121   | 1.1196 
2    | 24    | 0.4992   | 1.0693   | 0.9992 
3-5  | 68    | 0.4516   | 0.9838   | 0.9167 
6+   | 208   | 0.3152   | 0.4743   | 0.4125 

Epoch 343: loss = 0.632059 delta_mae_pts = 0.4489 recap_mae_pts = 0.4489 cat_mae_pts = 0.4770 total_mae_pts = 1.0571 vs_inertia_pts = 0.5228 vs_quad_pts = 1.6434 mon_cov = 0.972 mon_score = 5.0089 time = 38463.50 s

Epoch 344: Weights {"totalWeight":0.1,"recapWeight":0.05,"deltaWeight":9.75,"categoryWeight":0.05,"quantileWeight":1.1,"consistencyWeight":0,"identityDropoutRate":0.05}, Scales {"judgeBias":1,"corps":1}, SeqLen 15, ID_Drop 0.064, WFW 1.500 

History Bucket Diagnostics (Avg Abs Error per sample, normalized units):
Hist | Count | MAE_Pred | MAE_Base | PredDevFromBase
-----|-------|----------|----------|----------------
0    | 71    | 0.7994   | 2.2794   | 2.1303 
1    | 31    | 0.4805   | 1.2121   | 1.1067 
2    | 24    | 0.5030   | 1.0693   | 0.9832 
3-5  | 68    | 0.4505   | 0.9838   | 0.9035 
6+   | 208   | 0.3146   | 0.4743   | 0.4087 

Epoch 344: loss = 0.628472 delta_mae_pts = 0.4473 recap_mae_pts = 0.4473 cat_mae_pts = 0.4735 total_mae_pts = 1.0494 vs_inertia_pts = 0.5244 vs_quad_pts = 1.6450 mon_cov = 0.971 mon_score = 4.9928 time = 38573.11 s
Saved BEST checkpoint @epoch 344 score = 4.9928 -> models\v9_subcaption_fixed\v9fix_swa_train_best_export_1770556452661\best 

Epoch 345: Weights {"totalWeight":0.1,"recapWeight":0.05,"deltaWeight":9.75,"categoryWeight":0.05,"quantileWeight":1.1,"consistencyWeight":0,"identityDropoutRate":0.05}, Scales {"judgeBias":1,"corps":1}, SeqLen 15, ID_Drop 0.071, WFW 1.500 

History Bucket Diagnostics (Avg Abs Error per sample, normalized units):
Hist | Count | MAE_Pred | MAE_Base | PredDevFromBase
-----|-------|----------|----------|----------------
0    | 71    | 0.7943   | 2.2794   | 2.1357 
1    | 31    | 0.4863   | 1.2121   | 1.1157 
2    | 24    | 0.4991   | 1.0693   | 0.9959 
3-5  | 68    | 0.4553   | 0.9838   | 0.9100 
6+   | 208   | 0.3138   | 0.4743   | 0.4097 

Epoch 345: loss = 0.634938 delta_mae_pts = 0.4470 recap_mae_pts = 0.4470 cat_mae_pts = 0.4751 total_mae_pts = 1.0502 vs_inertia_pts = 0.5248 vs_quad_pts = 1.6453 mon_cov = 0.970 mon_score = 4.9881 time = 38683.93 s
Saved BEST checkpoint @epoch 345 score = 4.9881 -> models\v9_subcaption_fixed\v9fix_swa_train_best_export_1770556452661\best 

Epoch 346: Weights {"totalWeight":0.1,"recapWeight":0.05,"deltaWeight":9.75,"categoryWeight":0.05,"quantileWeight":1.1,"consistencyWeight":0,"identityDropoutRate":0.05}, Scales {"judgeBias":1,"corps":1}, SeqLen 15, ID_Drop 0.060, WFW 1.500 

History Bucket Diagnostics (Avg Abs Error per sample, normalized units):
Hist | Count | MAE_Pred | MAE_Base | PredDevFromBase
-----|-------|----------|----------|----------------
0    | 71    | 0.7938   | 2.2794   | 2.1432 
1    | 31    | 0.4859   | 1.2121   | 1.1250 
2    | 24    | 0.5060   | 1.0693   | 1.0042 
3-5  | 68    | 0.4545   | 0.9838   | 0.9161 
6+   | 208   | 0.3142   | 0.4743   | 0.4163 

Epoch 346: loss = 0.584635 delta_mae_pts = 0.4473 recap_mae_pts = 0.4473 cat_mae_pts = 0.4734 total_mae_pts = 1.0527 vs_inertia_pts = 0.5244 vs_quad_pts = 1.6450 mon_cov = 0.970 mon_score = 4.9901 time = 38794.05 s

Epoch 347: Weights {"totalWeight":0.1,"recapWeight":0.05,"deltaWeight":9.75,"categoryWeight":0.05,"quantileWeight":1.1,"consistencyWeight":0,"identityDropoutRate":0.05}, Scales {"judgeBias":1,"corps":1}, SeqLen 15, ID_Drop 0.060, WFW 1.500 

History Bucket Diagnostics (Avg Abs Error per sample, normalized units):
Hist | Count | MAE_Pred | MAE_Base | PredDevFromBase
-----|-------|----------|----------|----------------
0    | 71    | 0.7895   | 2.2794   | 2.1292 
1    | 31    | 0.4863   | 1.2121   | 1.1190 
2    | 24    | 0.4973   | 1.0693   | 0.9996 
3-5  | 68    | 0.4487   | 0.9838   | 0.9143 
6+   | 208   | 0.3148   | 0.4743   | 0.4108 

Epoch 347: loss = 0.582977 delta_mae_pts = 0.4454 recap_mae_pts = 0.4454 cat_mae_pts = 0.4746 total_mae_pts = 1.0529 vs_inertia_pts = 0.5263 vs_quad_pts = 1.6469 mon_cov = 0.970 mon_score = 4.9735 time = 38904.45 s
Saved BEST checkpoint @epoch 347 score = 4.9735 -> models\v9_subcaption_fixed\v9fix_swa_train_best_export_1770556452661\best 

Epoch 348: Weights {"totalWeight":0.1,"recapWeight":0.05,"deltaWeight":9.75,"categoryWeight":0.05,"quantileWeight":1.1,"consistencyWeight":0,"identityDropoutRate":0.05}, Scales {"judgeBias":1,"corps":1}, SeqLen 15, ID_Drop 0.064, WFW 1.500 

History Bucket Diagnostics (Avg Abs Error per sample, normalized units):
Hist | Count | MAE_Pred | MAE_Base | PredDevFromBase
-----|-------|----------|----------|----------------
0    | 71    | 0.7992   | 2.2794   | 2.1366 
1    | 31    | 0.4892   | 1.2121   | 1.1244 
2    | 24    | 0.5031   | 1.0693   | 1.0046 
3-5  | 68    | 0.4520   | 0.9838   | 0.9217 
6+   | 208   | 0.3154   | 0.4743   | 0.4142 

Epoch 348: loss = 0.581080 delta_mae_pts = 0.4486 recap_mae_pts = 0.4486 cat_mae_pts = 0.4765 total_mae_pts = 1.0565 vs_inertia_pts = 0.5231 vs_quad_pts = 1.6437 mon_cov = 0.970 mon_score = 5.0034 time = 39015.40 s

Epoch 349: Weights {"totalWeight":0.1,"recapWeight":0.05,"deltaWeight":9.75,"categoryWeight":0.05,"quantileWeight":1.1,"consistencyWeight":0,"identityDropoutRate":0.05}, Scales {"judgeBias":1,"corps":1}, SeqLen 15, ID_Drop 0.065, WFW 1.500 

History Bucket Diagnostics (Avg Abs Error per sample, normalized units):
Hist | Count | MAE_Pred | MAE_Base | PredDevFromBase
-----|-------|----------|----------|----------------
0    | 71    | 0.7965   | 2.2794   | 2.1516 
1    | 31    | 0.4823   | 1.2121   | 1.1201 
2    | 24    | 0.5045   | 1.0693   | 0.9981 
3-5  | 68    | 0.4508   | 0.9838   | 0.9161 
6+   | 208   | 0.3162   | 0.4743   | 0.4102 

Epoch 349: loss = 0.625294 delta_mae_pts = 0.4478 recap_mae_pts = 0.4478 cat_mae_pts = 0.4764 total_mae_pts = 1.0545 vs_inertia_pts = 0.5239 vs_quad_pts = 1.6445 mon_cov = 0.970 mon_score = 4.9932 time = 39125.91 s

Epoch 350: Weights {"totalWeight":0.1,"recapWeight":0.05,"deltaWeight":9.75,"categoryWeight":0.05,"quantileWeight":1.1,"consistencyWeight":0,"identityDropoutRate":0.05}, Scales {"judgeBias":1,"corps":1}, SeqLen 15, ID_Drop 0.069, WFW 1.500 

History Bucket Diagnostics (Avg Abs Error per sample, normalized units):
Hist | Count | MAE_Pred | MAE_Base | PredDevFromBase
-----|-------|----------|----------|----------------
0    | 71    | 0.7930   | 2.2794   | 2.1448 
1    | 31    | 0.4859   | 1.2121   | 1.1244 
2    | 24    | 0.5029   | 1.0693   | 1.0133 
3-5  | 68    | 0.4535   | 0.9838   | 0.9251 
6+   | 208   | 0.3142   | 0.4743   | 0.4154 

Epoch 350: loss = 0.621111 delta_mae_pts = 0.4469 recap_mae_pts = 0.4469 cat_mae_pts = 0.4748 total_mae_pts = 1.0528 vs_inertia_pts = 0.5249 vs_quad_pts = 1.6454 mon_cov = 0.970 mon_score = 4.9884 time = 39237.47 s

-- - CAPTION STATS(Epoch 350)-- - 
GE1: delta_pts = 0.3526, recap_pts = 0.3526, cov = 0.943, width = 2.0000 
GE2: delta_pts = 0.3187, recap_pts = 0.3187, cov = 0.968, width = 2.0199 
VP: delta_pts = 0.3997, recap_pts = 0.3997, cov = 0.990, width = 3.7772 
VA: delta_pts = 0.3795, recap_pts = 0.3795, cov = 0.953, width = 2.0784 
CG: delta_pts = 0.4601, recap_pts = 0.4601, cov = 0.988, width = 3.8837 
MB: delta_pts = 0.6209, recap_pts = 0.6209, cov = 0.978, width = 5.6013 
MA: delta_pts = 0.3593, recap_pts = 0.3593, cov = 0.955, width = 2.1278 
MP: delta_pts = 0.6839, recap_pts = 0.6839, cov = 0.983, width = 6.1956 
----------------------------------


Epoch 351: Weights {"totalWeight":0.1,"recapWeight":0.05,"deltaWeight":9.75,"categoryWeight":0.05,"quantileWeight":1.1,"consistencyWeight":0,"identityDropoutRate":0.05}, Scales {"judgeBias":1,"corps":1}, SeqLen 15, ID_Drop 0.064, WFW 1.500 

History Bucket Diagnostics (Avg Abs Error per sample, normalized units):
Hist | Count | MAE_Pred | MAE_Base | PredDevFromBase
-----|-------|----------|----------|----------------
0    | 71    | 0.7923   | 2.2794   | 2.1423 
1    | 31    | 0.4814   | 1.2121   | 1.1245 
2    | 24    | 0.5069   | 1.0693   | 1.0100 
3-5  | 68    | 0.4517   | 0.9838   | 0.9190 
6+   | 208   | 0.3154   | 0.4743   | 0.4140 

Epoch 351: loss = 0.628124 delta_mae_pts = 0.4469 recap_mae_pts = 0.4469 cat_mae_pts = 0.4755 total_mae_pts = 1.0631 vs_inertia_pts = 0.5248 vs_quad_pts = 1.6453 mon_cov = 0.971 mon_score = 4.9864 time = 39347.68 s

Epoch 352: Weights {"totalWeight":0.1,"recapWeight":0.05,"deltaWeight":9.75,"categoryWeight":0.05,"quantileWeight":1.1,"consistencyWeight":0,"identityDropoutRate":0.05}, Scales {"judgeBias":1,"corps":1}, SeqLen 15, ID_Drop 0.065, WFW 1.500 

History Bucket Diagnostics (Avg Abs Error per sample, normalized units):
Hist | Count | MAE_Pred | MAE_Base | PredDevFromBase
-----|-------|----------|----------|----------------
0    | 71    | 0.7942   | 2.2794   | 2.1243 
1    | 31    | 0.4857   | 1.2121   | 1.1240 
2    | 24    | 0.5054   | 1.0693   | 1.0054 
3-5  | 68    | 0.4556   | 0.9838   | 0.9193 
6+   | 208   | 0.3151   | 0.4743   | 0.4166 

Epoch 352: loss = 0.626083 delta_mae_pts = 0.4480 recap_mae_pts = 0.4480 cat_mae_pts = 0.4772 total_mae_pts = 1.0604 vs_inertia_pts = 0.5237 vs_quad_pts = 1.6443 mon_cov = 0.970 mon_score = 4.9930 time = 39459.81 s

Epoch 353: Weights {"totalWeight":0.1,"recapWeight":0.05,"deltaWeight":9.75,"categoryWeight":0.05,"quantileWeight":1.1,"consistencyWeight":0,"identityDropoutRate":0.05}, Scales {"judgeBias":1,"corps":1}, SeqLen 15, ID_Drop 0.066, WFW 1.500 

History Bucket Diagnostics (Avg Abs Error per sample, normalized units):
Hist | Count | MAE_Pred | MAE_Base | PredDevFromBase
-----|-------|----------|----------|----------------
0    | 71    | 0.7861   | 2.2794   | 2.1304 
1    | 31    | 0.4859   | 1.2121   | 1.1216 
2    | 24    | 0.5048   | 1.0693   | 1.0036 
3-5  | 68    | 0.4545   | 0.9838   | 0.9180 
6+   | 208   | 0.3155   | 0.4743   | 0.4109 

Epoch 353: loss = 0.617698 delta_mae_pts = 0.4466 recap_mae_pts = 0.4466 cat_mae_pts = 0.4744 total_mae_pts = 1.0486 vs_inertia_pts = 0.5251 vs_quad_pts = 1.6457 mon_cov = 0.970 mon_score = 4.9840 time = 39570.17 s

Epoch 354: Weights {"totalWeight":0.1,"recapWeight":0.05,"deltaWeight":9.75,"categoryWeight":0.05,"quantileWeight":1.1,"consistencyWeight":0,"identityDropoutRate":0.05}, Scales {"judgeBias":1,"corps":1}, SeqLen 15, ID_Drop 0.069, WFW 1.500 

History Bucket Diagnostics (Avg Abs Error per sample, normalized units):
Hist | Count | MAE_Pred | MAE_Base | PredDevFromBase
-----|-------|----------|----------|----------------
0    | 71    | 0.7931   | 2.2794   | 2.1393 
1    | 31    | 0.4860   | 1.2121   | 1.1060 
2    | 24    | 0.5007   | 1.0693   | 0.9946 
3-5  | 68    | 0.4527   | 0.9838   | 0.9074 
6+   | 208   | 0.3151   | 0.4743   | 0.4062 

Epoch 354: loss = 0.633748 delta_mae_pts = 0.4471 recap_mae_pts = 0.4471 cat_mae_pts = 0.4732 total_mae_pts = 1.0442 vs_inertia_pts = 0.5246 vs_quad_pts = 1.6452 mon_cov = 0.970 mon_score = 4.9832 time = 39706.80 s

Epoch 355: Weights {"totalWeight":0.1,"recapWeight":0.05,"deltaWeight":9.75,"categoryWeight":0.05,"quantileWeight":1.1,"consistencyWeight":0,"identityDropoutRate":0.05}, Scales {"judgeBias":1,"corps":1}, SeqLen 15, ID_Drop 0.076, WFW 1.500 

History Bucket Diagnostics (Avg Abs Error per sample, normalized units):
Hist | Count | MAE_Pred | MAE_Base | PredDevFromBase
-----|-------|----------|----------|----------------
0    | 71    | 0.8061   | 2.2794   | 2.1730 
1    | 31    | 0.4815   | 1.2121   | 1.1200 
2    | 24    | 0.5024   | 1.0693   | 1.0208 
3-5  | 68    | 0.4540   | 0.9838   | 0.9238 
6+   | 208   | 0.3148   | 0.4743   | 0.4131 

Epoch 355: loss = 0.630503 delta_mae_pts = 0.4492 recap_mae_pts = 0.4492 cat_mae_pts = 0.4724 total_mae_pts = 1.0492 vs_inertia_pts = 0.5225 vs_quad_pts = 1.6431 mon_cov = 0.969 mon_score = 5.0051 time = 39782.97 s

Epoch 356: Weights {"totalWeight":0.1,"recapWeight":0.05,"deltaWeight":9.75,"categoryWeight":0.05,"quantileWeight":1.1,"consistencyWeight":0,"identityDropoutRate":0.05}, Scales {"judgeBias":1,"corps":1}, SeqLen 15, ID_Drop 0.071, WFW 1.500 

History Bucket Diagnostics (Avg Abs Error per sample, normalized units):
Hist | Count | MAE_Pred | MAE_Base | PredDevFromBase
-----|-------|----------|----------|----------------
0    | 71    | 0.8048   | 2.2794   | 2.1589 
1    | 31    | 0.4878   | 1.2121   | 1.1161 
2    | 24    | 0.4997   | 1.0693   | 1.0061 
3-5  | 68    | 0.4515   | 0.9838   | 0.9188 
6+   | 208   | 0.3147   | 0.4743   | 0.4102 

Epoch 356: loss = 0.627267 delta_mae_pts = 0.4488 recap_mae_pts = 0.4488 cat_mae_pts = 0.4745 total_mae_pts = 1.0523 vs_inertia_pts = 0.5229 vs_quad_pts = 1.6435 mon_cov = 0.970 mon_score = 5.0069 time = 39892.24 s

Epoch 357: Weights {"totalWeight":0.1,"recapWeight":0.05,"deltaWeight":9.75,"categoryWeight":0.05,"quantileWeight":1.1,"consistencyWeight":0,"identityDropoutRate":0.05}, Scales {"judgeBias":1,"corps":1}, SeqLen 15, ID_Drop 0.071, WFW 1.500 

History Bucket Diagnostics (Avg Abs Error per sample, normalized units):
Hist | Count | MAE_Pred | MAE_Base | PredDevFromBase
-----|-------|----------|----------|----------------
0    | 71    | 0.8000   | 2.2794   | 2.1534 
1    | 31    | 0.4883   | 1.2121   | 1.1197 
2    | 24    | 0.5014   | 1.0693   | 0.9986 
3-5  | 68    | 0.4582   | 0.9838   | 0.9171 
6+   | 208   | 0.3149   | 0.4743   | 0.4106 

Epoch 357: loss = 0.634700 delta_mae_pts = 0.4493 recap_mae_pts = 0.4493 cat_mae_pts = 0.4740 total_mae_pts = 1.0551 vs_inertia_pts = 0.5224 vs_quad_pts = 1.6430 mon_cov = 0.971 mon_score = 5.0126 time = 40001.68 s

Epoch 358: Weights {"totalWeight":0.1,"recapWeight":0.05,"deltaWeight":9.75,"categoryWeight":0.05,"quantileWeight":1.1,"consistencyWeight":0,"identityDropoutRate":0.05}, Scales {"judgeBias":1,"corps":1}, SeqLen 15, ID_Drop 0.070, WFW 1.500 

History Bucket Diagnostics (Avg Abs Error per sample, normalized units):
Hist | Count | MAE_Pred | MAE_Base | PredDevFromBase
-----|-------|----------|----------|----------------
0    | 71    | 0.8141   | 2.2794   | 2.1495 
1    | 31    | 0.4868   | 1.2121   | 1.1148 
2    | 24    | 0.5034   | 1.0693   | 1.0067 
3-5  | 68    | 0.4568   | 0.9838   | 0.9195 
6+   | 208   | 0.3150   | 0.4743   | 0.4117 

Epoch 358: loss = 0.630402 delta_mae_pts = 0.4516 recap_mae_pts = 0.4516 cat_mae_pts = 0.4751 total_mae_pts = 1.0550 vs_inertia_pts = 0.5201 vs_quad_pts = 1.6407 mon_cov = 0.970 mon_score = 5.0322 time = 40114.56 s

Epoch 359: Weights {"totalWeight":0.1,"recapWeight":0.05,"deltaWeight":9.75,"categoryWeight":0.05,"quantileWeight":1.1,"consistencyWeight":0,"identityDropoutRate":0.05}, Scales {"judgeBias":1,"corps":1}, SeqLen 15, ID_Drop 0.071, WFW 1.500 

History Bucket Diagnostics (Avg Abs Error per sample, normalized units):
Hist | Count | MAE_Pred | MAE_Base | PredDevFromBase
-----|-------|----------|----------|----------------
0    | 71    | 0.8078   | 2.2794   | 2.1523 
1    | 31    | 0.4857   | 1.2121   | 1.1117 
2    | 24    | 0.5054   | 1.0693   | 0.9900 
3-5  | 68    | 0.4526   | 0.9838   | 0.9132 
6+   | 208   | 0.3142   | 0.4743   | 0.4124 

Epoch 359: loss = 0.632871 delta_mae_pts = 0.4494 recap_mae_pts = 0.4494 cat_mae_pts = 0.4732 total_mae_pts = 1.0523 vs_inertia_pts = 0.5223 vs_quad_pts = 1.6428 mon_cov = 0.970 mon_score = 5.0089 time = 40224.10 s

Epoch 360: Weights {"totalWeight":0.1,"recapWeight":0.05,"deltaWeight":9.75,"categoryWeight":0.05,"quantileWeight":1.1,"consistencyWeight":0,"identityDropoutRate":0.05}, Scales {"judgeBias":1,"corps":1}, SeqLen 15, ID_Drop 0.064, WFW 1.500 

History Bucket Diagnostics (Avg Abs Error per sample, normalized units):
Hist | Count | MAE_Pred | MAE_Base | PredDevFromBase
-----|-------|----------|----------|----------------
0    | 71    | 0.8195   | 2.2794   | 2.1805 
1    | 31    | 0.4832   | 1.2121   | 1.1168 
2    | 24    | 0.5053   | 1.0693   | 1.0070 
3-5  | 68    | 0.4515   | 0.9838   | 0.9141 
6+   | 208   | 0.3153   | 0.4743   | 0.4091 

Epoch 360: loss = 0.591172 delta_mae_pts = 0.4517 recap_mae_pts = 0.4517 cat_mae_pts = 0.4746 total_mae_pts = 1.0587 vs_inertia_pts = 0.5200 vs_quad_pts = 1.6406 mon_cov = 0.970 mon_score = 5.0376 time = 40336.20 s

Epoch 361: Weights {"totalWeight":0.1,"recapWeight":0.05,"deltaWeight":9.75,"categoryWeight":0.05,"quantileWeight":1.1,"consistencyWeight":0,"identityDropoutRate":0.05}, Scales {"judgeBias":1,"corps":1}, SeqLen 15, ID_Drop 0.062, WFW 1.500 

History Bucket Diagnostics (Avg Abs Error per sample, normalized units):
Hist | Count | MAE_Pred | MAE_Base | PredDevFromBase
-----|-------|----------|----------|----------------
0    | 71    | 0.8074   | 2.2794   | 2.1685 
1    | 31    | 0.4808   | 1.2121   | 1.1041 
2    | 24    | 0.5023   | 1.0693   | 0.9963 
3-5  | 68    | 0.4538   | 0.9838   | 0.9079 
6+   | 208   | 0.3153   | 0.4743   | 0.4046 

Epoch 361: loss = 0.591229 delta_mae_pts = 0.4496 recap_mae_pts = 0.4496 cat_mae_pts = 0.4740 total_mae_pts = 1.0576 vs_inertia_pts = 0.5221 vs_quad_pts = 1.6427 mon_cov = 0.970 mon_score = 5.0132 time = 40448.81 s

Epoch 362: Weights {"totalWeight":0.1,"recapWeight":0.05,"deltaWeight":9.75,"categoryWeight":0.05,"quantileWeight":1.1,"consistencyWeight":0,"identityDropoutRate":0.05}, Scales {"judgeBias":1,"corps":1}, SeqLen 15, ID_Drop 0.064, WFW 1.500 

History Bucket Diagnostics (Avg Abs Error per sample, normalized units):
Hist | Count | MAE_Pred | MAE_Base | PredDevFromBase
-----|-------|----------|----------|----------------
0    | 71    | 0.8117   | 2.2794   | 2.1525 
1    | 31    | 0.4858   | 1.2121   | 1.1101 
2    | 24    | 0.5054   | 1.0693   | 0.9988 
3-5  | 68    | 0.4548   | 0.9838   | 0.9207 
6+   | 208   | 0.3162   | 0.4743   | 0.4146 

Epoch 362: loss = 0.578401 delta_mae_pts = 0.4516 recap_mae_pts = 0.4516 cat_mae_pts = 0.4756 total_mae_pts = 1.0627 vs_inertia_pts = 0.5202 vs_quad_pts = 1.6407 mon_cov = 0.970 mon_score = 5.0345 time = 40563.59 s

Epoch 363: Weights {"totalWeight":0.1,"recapWeight":0.05,"deltaWeight":9.75,"categoryWeight":0.05,"quantileWeight":1.1,"consistencyWeight":0,"identityDropoutRate":0.05}, Scales {"judgeBias":1,"corps":1}, SeqLen 15, ID_Drop 0.057, WFW 1.500 

History Bucket Diagnostics (Avg Abs Error per sample, normalized units):
Hist | Count | MAE_Pred | MAE_Base | PredDevFromBase
-----|-------|----------|----------|----------------
0    | 71    | 0.8063   | 2.2794   | 2.1583 
1    | 31    | 0.4827   | 1.2121   | 1.1155 
2    | 24    | 0.5069   | 1.0693   | 1.0020 
3-5  | 68    | 0.4550   | 0.9838   | 0.9140 
6+   | 208   | 0.3145   | 0.4743   | 0.4111 

Epoch 363: loss = 0.576089 delta_mae_pts = 0.4496 recap_mae_pts = 0.4496 cat_mae_pts = 0.4759 total_mae_pts = 1.0602 vs_inertia_pts = 0.5221 vs_quad_pts = 1.6427 mon_cov = 0.971 mon_score = 5.0122 time = 40674.75 s

Epoch 364: Weights {"totalWeight":0.1,"recapWeight":0.05,"deltaWeight":9.75,"categoryWeight":0.05,"quantileWeight":1.1,"consistencyWeight":0,"identityDropoutRate":0.05}, Scales {"judgeBias":1,"corps":1}, SeqLen 15, ID_Drop 0.069, WFW 1.500 

History Bucket Diagnostics (Avg Abs Error per sample, normalized units):
Hist | Count | MAE_Pred | MAE_Base | PredDevFromBase
-----|-------|----------|----------|----------------
0    | 71    | 0.8028   | 2.2794   | 2.1499 
1    | 31    | 0.4873   | 1.2121   | 1.1100 
2    | 24    | 0.5050   | 1.0693   | 1.0034 
3-5  | 68    | 0.4544   | 0.9838   | 0.9138 
6+   | 208   | 0.3149   | 0.4743   | 0.4071 

Epoch 364: loss = 0.622143 delta_mae_pts = 0.4493 recap_mae_pts = 0.4493 cat_mae_pts = 0.4775 total_mae_pts = 1.0614 vs_inertia_pts = 0.5224 vs_quad_pts = 1.6430 mon_cov = 0.970 mon_score = 5.0106 time = 40787.18 s

Epoch 365: Weights {"totalWeight":0.1,"recapWeight":0.05,"deltaWeight":9.75,"categoryWeight":0.05,"quantileWeight":1.1,"consistencyWeight":0,"identityDropoutRate":0.05}, Scales {"judgeBias":1,"corps":1}, SeqLen 15, ID_Drop 0.058, WFW 1.500 

History Bucket Diagnostics (Avg Abs Error per sample, normalized units):
Hist | Count | MAE_Pred | MAE_Base | PredDevFromBase
-----|-------|----------|----------|----------------
0    | 71    | 0.8041   | 2.2794   | 2.1501 
1    | 31    | 0.4868   | 1.2121   | 1.1048 
2    | 24    | 0.5028   | 1.0693   | 0.9973 
3-5  | 68    | 0.4546   | 0.9838   | 0.9170 
6+   | 208   | 0.3157   | 0.4743   | 0.4129 

Epoch 365: loss = 0.579835 delta_mae_pts = 0.4498 recap_mae_pts = 0.4498 cat_mae_pts = 0.4779 total_mae_pts = 1.0603 vs_inertia_pts = 0.5219 vs_quad_pts = 1.6424 mon_cov = 0.971 mon_score = 5.0159 time = 40897.70 s

Epoch 366: Weights {"totalWeight":0.1,"recapWeight":0.05,"deltaWeight":9.75,"categoryWeight":0.05,"quantileWeight":1.1,"consistencyWeight":0,"identityDropoutRate":0.05}, Scales {"judgeBias":1,"corps":1}, SeqLen 15, ID_Drop 0.064, WFW 1.500 

History Bucket Diagnostics (Avg Abs Error per sample, normalized units):
Hist | Count | MAE_Pred | MAE_Base | PredDevFromBase
-----|-------|----------|----------|----------------
0    | 71    | 0.8060   | 2.2794   | 2.1496 
1    | 31    | 0.4849   | 1.2121   | 1.1058 
2    | 24    | 0.5095   | 1.0693   | 0.9966 
3-5  | 68    | 0.4531   | 0.9838   | 0.9090 
6+   | 208   | 0.3152   | 0.4743   | 0.4093 

Epoch 366: loss = 0.573747 delta_mae_pts = 0.4499 recap_mae_pts = 0.4499 cat_mae_pts = 0.4785 total_mae_pts = 1.0575 vs_inertia_pts = 0.5218 vs_quad_pts = 1.6424 mon_cov = 0.970 mon_score = 5.0184 time = 41007.72 s

Epoch 367: Weights {"totalWeight":0.1,"recapWeight":0.05,"deltaWeight":9.75,"categoryWeight":0.05,"quantileWeight":1.1,"consistencyWeight":0,"identityDropoutRate":0.05}, Scales {"judgeBias":1,"corps":1}, SeqLen 15, ID_Drop 0.068, WFW 1.500 

History Bucket Diagnostics (Avg Abs Error per sample, normalized units):
Hist | Count | MAE_Pred | MAE_Base | PredDevFromBase
-----|-------|----------|----------|----------------
0    | 71    | 0.8051   | 2.2794   | 2.1634 
1    | 31    | 0.4817   | 1.2121   | 1.1141 
2    | 24    | 0.5069   | 1.0693   | 1.0085 
3-5  | 68    | 0.4533   | 0.9838   | 0.9194 
6+   | 208   | 0.3153   | 0.4743   | 0.4187 

Epoch 367: loss = 0.620472 delta_mae_pts = 0.4494 recap_mae_pts = 0.4494 cat_mae_pts = 0.4771 total_mae_pts = 1.0632 vs_inertia_pts = 0.5223 vs_quad_pts = 1.6429 mon_cov = 0.971 mon_score = 5.0122 time = 41122.32 s

Epoch 368: Weights {"totalWeight":0.1,"recapWeight":0.05,"deltaWeight":9.75,"categoryWeight":0.05,"quantileWeight":1.1,"consistencyWeight":0,"identityDropoutRate":0.05}, Scales {"judgeBias":1,"corps":1}, SeqLen 15, ID_Drop 0.062, WFW 1.500 

History Bucket Diagnostics (Avg Abs Error per sample, normalized units):
Hist | Count | MAE_Pred | MAE_Base | PredDevFromBase
-----|-------|----------|----------|----------------
0    | 71    | 0.7989   | 2.2794   | 2.1498 
1    | 31    | 0.4835   | 1.2121   | 1.1189 
2    | 24    | 0.5018   | 1.0693   | 1.0024 
3-5  | 68    | 0.4522   | 0.9838   | 0.9132 
6+   | 208   | 0.3163   | 0.4743   | 0.4126 

Epoch 368: loss = 0.620654 delta_mae_pts = 0.4485 recap_mae_pts = 0.4485 cat_mae_pts = 0.4763 total_mae_pts = 1.0615 vs_inertia_pts = 0.5233 vs_quad_pts = 1.6438 mon_cov = 0.970 mon_score = 5.0002 time = 41235.24 s

Epoch 369: Weights {"totalWeight":0.1,"recapWeight":0.05,"deltaWeight":9.75,"categoryWeight":0.05,"quantileWeight":1.1,"consistencyWeight":0,"identityDropoutRate":0.05}, Scales {"judgeBias":1,"corps":1}, SeqLen 15, ID_Drop 0.057, WFW 1.500 

History Bucket Diagnostics (Avg Abs Error per sample, normalized units):
Hist | Count | MAE_Pred | MAE_Base | PredDevFromBase
-----|-------|----------|----------|----------------
0    | 71    | 0.7981   | 2.2794   | 2.1526 
1    | 31    | 0.4855   | 1.2121   | 1.1151 
2    | 24    | 0.5077   | 1.0693   | 1.0039 
3-5  | 68    | 0.4520   | 0.9838   | 0.9208 
6+   | 208   | 0.3144   | 0.4743   | 0.4182 

Epoch 369: loss = 0.580561 delta_mae_pts = 0.4479 recap_mae_pts = 0.4479 cat_mae_pts = 0.4760 total_mae_pts = 1.0599 vs_inertia_pts = 0.5239 vs_quad_pts = 1.6444 mon_cov = 0.970 mon_score = 4.9948 time = 41347.14 s

Epoch 370: Weights {"totalWeight":0.1,"recapWeight":0.05,"deltaWeight":9.75,"categoryWeight":0.05,"quantileWeight":1.1,"consistencyWeight":0,"identityDropoutRate":0.05}, Scales {"judgeBias":1,"corps":1}, SeqLen 15, ID_Drop 0.058, WFW 1.500 

History Bucket Diagnostics (Avg Abs Error per sample, normalized units):
Hist | Count | MAE_Pred | MAE_Base | PredDevFromBase
-----|-------|----------|----------|----------------
0    | 71    | 0.7993   | 2.2794   | 2.1550 
1    | 31    | 0.4891   | 1.2121   | 1.1138 
2    | 24    | 0.5046   | 1.0693   | 1.0060 
3-5  | 68    | 0.4551   | 0.9838   | 0.9196 
6+   | 208   | 0.3156   | 0.4743   | 0.4176 

Epoch 370: loss = 0.573086 delta_mae_pts = 0.4493 recap_mae_pts = 0.4493 cat_mae_pts = 0.4787 total_mae_pts = 1.0654 vs_inertia_pts = 0.5224 vs_quad_pts = 1.6430 mon_cov = 0.970 mon_score = 5.0106 time = 41459.10 s

Epoch 371: Weights {"totalWeight":0.1,"recapWeight":0.05,"deltaWeight":9.75,"categoryWeight":0.05,"quantileWeight":1.1,"consistencyWeight":0,"identityDropoutRate":0.05}, Scales {"judgeBias":1,"corps":1}, SeqLen 15, ID_Drop 0.057, WFW 1.500 

History Bucket Diagnostics (Avg Abs Error per sample, normalized units):
Hist | Count | MAE_Pred | MAE_Base | PredDevFromBase
-----|-------|----------|----------|----------------
0    | 71    | 0.7992   | 2.2794   | 2.1527 
1    | 31    | 0.4871   | 1.2121   | 1.1081 
2    | 24    | 0.5099   | 1.0693   | 1.0013 
3-5  | 68    | 0.4568   | 0.9838   | 0.9171 
6+   | 208   | 0.3142   | 0.4743   | 0.4171 

Epoch 371: loss = 0.569169 delta_mae_pts = 0.4490 recap_mae_pts = 0.4490 cat_mae_pts = 0.4773 total_mae_pts = 1.0629 vs_inertia_pts = 0.5227 vs_quad_pts = 1.6433 mon_cov = 0.970 mon_score = 5.0101 time = 41570.07 s

Epoch 372: Weights {"totalWeight":0.1,"recapWeight":0.05,"deltaWeight":9.75,"categoryWeight":0.05,"quantileWeight":1.1,"consistencyWeight":0,"identityDropoutRate":0.05}, Scales {"judgeBias":1,"corps":1}, SeqLen 15, ID_Drop 0.064, WFW 1.500 

History Bucket Diagnostics (Avg Abs Error per sample, normalized units):
Hist | Count | MAE_Pred | MAE_Base | PredDevFromBase
-----|-------|----------|----------|----------------
0    | 71    | 0.8027   | 2.2794   | 2.1487 
1    | 31    | 0.4854   | 1.2121   | 1.1166 
2    | 24    | 0.5083   | 1.0693   | 1.0023 
3-5  | 68    | 0.4578   | 0.9838   | 0.9132 
6+   | 208   | 0.3145   | 0.4743   | 0.4143 

Epoch 372: loss = 0.568454 delta_mae_pts = 0.4497 recap_mae_pts = 0.4497 cat_mae_pts = 0.4777 total_mae_pts = 1.0602 vs_inertia_pts = 0.5220 vs_quad_pts = 1.6426 mon_cov = 0.970 mon_score = 5.0170 time = 41679.27 s

Epoch 373: Weights {"totalWeight":0.1,"recapWeight":0.05,"deltaWeight":9.75,"categoryWeight":0.05,"quantileWeight":1.1,"consistencyWeight":0,"identityDropoutRate":0.05}, Scales {"judgeBias":1,"corps":1}, SeqLen 15, ID_Drop 0.057, WFW 1.500 

History Bucket Diagnostics (Avg Abs Error per sample, normalized units):
Hist | Count | MAE_Pred | MAE_Base | PredDevFromBase
-----|-------|----------|----------|----------------
0    | 71    | 0.7978   | 2.2794   | 2.1558 
1    | 31    | 0.4829   | 1.2121   | 1.1167 
2    | 24    | 0.5025   | 1.0693   | 1.0056 
3-5  | 68    | 0.4581   | 0.9838   | 0.9170 
6+   | 208   | 0.3161   | 0.4743   | 0.4128 

Epoch 373: loss = 0.569017 delta_mae_pts = 0.4492 recap_mae_pts = 0.4492 cat_mae_pts = 0.4772 total_mae_pts = 1.0566 vs_inertia_pts = 0.5225 vs_quad_pts = 1.6431 mon_cov = 0.970 mon_score = 5.0123 time = 41790.89 s

Epoch 374: Weights {"totalWeight":0.1,"recapWeight":0.05,"deltaWeight":9.75,"categoryWeight":0.05,"quantileWeight":1.1,"consistencyWeight":0,"identityDropoutRate":0.05}, Scales {"judgeBias":1,"corps":1}, SeqLen 15, ID_Drop 0.058, WFW 1.500 

History Bucket Diagnostics (Avg Abs Error per sample, normalized units):
Hist | Count | MAE_Pred | MAE_Base | PredDevFromBase
-----|-------|----------|----------|----------------
0    | 71    | 0.7979   | 2.2794   | 2.1563 
1    | 31    | 0.4857   | 1.2121   | 1.1081 
2    | 24    | 0.5068   | 1.0693   | 0.9968 
3-5  | 68    | 0.4592   | 0.9838   | 0.9148 
6+   | 208   | 0.3158   | 0.4743   | 0.4110 

Epoch 374: loss = 0.573788 delta_mae_pts = 0.4497 recap_mae_pts = 0.4497 cat_mae_pts = 0.4771 total_mae_pts = 1.0591 vs_inertia_pts = 0.5220 vs_quad_pts = 1.6426 mon_cov = 0.970 mon_score = 5.0186 time = 41900.52 s

Epoch 375: Weights {"totalWeight":0.1,"recapWeight":0.05,"deltaWeight":9.75,"categoryWeight":0.05,"quantileWeight":1.1,"consistencyWeight":0,"identityDropoutRate":0.05}, Scales {"judgeBias":1,"corps":1}, SeqLen 15, ID_Drop 0.058, WFW 1.500 

History Bucket Diagnostics (Avg Abs Error per sample, normalized units):
Hist | Count | MAE_Pred | MAE_Base | PredDevFromBase
-----|-------|----------|----------|----------------
0    | 71    | 0.7969   | 2.2794   | 2.1525 
1    | 31    | 0.4823   | 1.2121   | 1.1213 
2    | 24    | 0.5080   | 1.0693   | 1.0110 
3-5  | 68    | 0.4527   | 0.9838   | 0.9270 
6+   | 208   | 0.3162   | 0.4743   | 0.4212 

Epoch 375: loss = 0.573422 delta_mae_pts = 0.4484 recap_mae_pts = 0.4484 cat_mae_pts = 0.4764 total_mae_pts = 1.0654 vs_inertia_pts = 0.5233 vs_quad_pts = 1.6438 mon_cov = 0.971 mon_score = 5.0018 time = 42012.13 s

Epoch 376: Weights {"totalWeight":0.1,"recapWeight":0.05,"deltaWeight":9.75,"categoryWeight":0.05,"quantileWeight":1.1,"consistencyWeight":0,"identityDropoutRate":0.05}, Scales {"judgeBias":1,"corps":1}, SeqLen 15, ID_Drop 0.076, WFW 1.500 

History Bucket Diagnostics (Avg Abs Error per sample, normalized units):
Hist | Count | MAE_Pred | MAE_Base | PredDevFromBase
-----|-------|----------|----------|----------------
0    | 71    | 0.8042   | 2.2794   | 2.1542 
1    | 31    | 0.4876   | 1.2121   | 1.1083 
2    | 24    | 0.5033   | 1.0693   | 0.9993 
3-5  | 68    | 0.4566   | 0.9838   | 0.9158 
6+   | 208   | 0.3154   | 0.4743   | 0.4109 

Epoch 376: loss = 0.624600 delta_mae_pts = 0.4501 recap_mae_pts = 0.4501 cat_mae_pts = 0.4748 total_mae_pts = 1.0565 vs_inertia_pts = 0.5216 vs_quad_pts = 1.6422 mon_cov = 0.971 mon_score = 5.0236 time = 42122.51 s

Epoch 377: Weights {"totalWeight":0.1,"recapWeight":0.05,"deltaWeight":9.75,"categoryWeight":0.05,"quantileWeight":1.1,"consistencyWeight":0,"identityDropoutRate":0.05}, Scales {"judgeBias":1,"corps":1}, SeqLen 15, ID_Drop 0.074, WFW 1.500 

History Bucket Diagnostics (Avg Abs Error per sample, normalized units):
Hist | Count | MAE_Pred | MAE_Base | PredDevFromBase
-----|-------|----------|----------|----------------
0    | 71    | 0.8003   | 2.2794   | 2.1519 
1    | 31    | 0.4863   | 1.2121   | 1.1151 
2    | 24    | 0.5053   | 1.0693   | 1.0007 
3-5  | 68    | 0.4546   | 0.9838   | 0.9167 
6+   | 208   | 0.3151   | 0.4743   | 0.4137 

Epoch 377: loss = 0.621597 delta_mae_pts = 0.4490 recap_mae_pts = 0.4490 cat_mae_pts = 0.4753 total_mae_pts = 1.0510 vs_inertia_pts = 0.5228 vs_quad_pts = 1.6433 mon_cov = 0.970 mon_score = 5.0077 time = 42235.41 s

Epoch 378: Weights {"totalWeight":0.1,"recapWeight":0.05,"deltaWeight":9.75,"categoryWeight":0.05,"quantileWeight":1.1,"consistencyWeight":0,"identityDropoutRate":0.05}, Scales {"judgeBias":1,"corps":1}, SeqLen 15, ID_Drop 0.067, WFW 1.500 

History Bucket Diagnostics (Avg Abs Error per sample, normalized units):
Hist | Count | MAE_Pred | MAE_Base | PredDevFromBase
-----|-------|----------|----------|----------------
0    | 71    | 0.8041   | 2.2794   | 2.1539 
1    | 31    | 0.4858   | 1.2121   | 1.1122 
2    | 24    | 0.5050   | 1.0693   | 1.0057 
3-5  | 68    | 0.4527   | 0.9838   | 0.9228 
6+   | 208   | 0.3149   | 0.4743   | 0.4160 

Epoch 378: loss = 0.625190 delta_mae_pts = 0.4492 recap_mae_pts = 0.4492 cat_mae_pts = 0.4767 total_mae_pts = 1.0570 vs_inertia_pts = 0.5226 vs_quad_pts = 1.6431 mon_cov = 0.970 mon_score = 5.0068 time = 42345.97 s

Epoch 379: Weights {"totalWeight":0.1,"recapWeight":0.05,"deltaWeight":9.75,"categoryWeight":0.05,"quantileWeight":1.1,"consistencyWeight":0,"identityDropoutRate":0.05}, Scales {"judgeBias":1,"corps":1}, SeqLen 15, ID_Drop 0.074, WFW 1.500 

History Bucket Diagnostics (Avg Abs Error per sample, normalized units):
Hist | Count | MAE_Pred | MAE_Base | PredDevFromBase
-----|-------|----------|----------|----------------
0    | 71    | 0.8098   | 2.2794   | 2.1603 
1    | 31    | 0.4884   | 1.2121   | 1.1083 
2    | 24    | 0.5058   | 1.0693   | 0.9964 
3-5  | 68    | 0.4535   | 0.9838   | 0.9181 
6+   | 208   | 0.3155   | 0.4743   | 0.4103 

Epoch 379: loss = 0.623346 delta_mae_pts = 0.4509 recap_mae_pts = 0.4509 cat_mae_pts = 0.4748 total_mae_pts = 1.0546 vs_inertia_pts = 0.5209 vs_quad_pts = 1.6414 mon_cov = 0.971 mon_score = 5.0281 time = 42457.65 s

Epoch 380: Weights {"totalWeight":0.1,"recapWeight":0.05,"deltaWeight":9.75,"categoryWeight":0.05,"quantileWeight":1.1,"consistencyWeight":0,"identityDropoutRate":0.05}, Scales {"judgeBias":1,"corps":1}, SeqLen 15, ID_Drop 0.062, WFW 1.500 

History Bucket Diagnostics (Avg Abs Error per sample, normalized units):
Hist | Count | MAE_Pred | MAE_Base | PredDevFromBase
-----|-------|----------|----------|----------------
0    | 71    | 0.8103   | 2.2794   | 2.1672 
1    | 31    | 0.4914   | 1.2121   | 1.1098 
2    | 24    | 0.5139   | 1.0693   | 1.0018 
3-5  | 68    | 0.4564   | 0.9838   | 0.9162 
6+   | 208   | 0.3161   | 0.4743   | 0.4137 

Epoch 380: loss = 0.613092 delta_mae_pts = 0.4524 recap_mae_pts = 0.4524 cat_mae_pts = 0.4793 total_mae_pts = 1.0631 vs_inertia_pts = 0.5193 vs_quad_pts = 1.6398 mon_cov = 0.970 mon_score = 5.0428 time = 42568.41 s

Epoch 381: Weights {"totalWeight":0.1,"recapWeight":0.05,"deltaWeight":9.75,"categoryWeight":0.05,"quantileWeight":1.1,"consistencyWeight":0,"identityDropoutRate":0.05}, Scales {"judgeBias":1,"corps":1}, SeqLen 15, ID_Drop 0.070, WFW 1.500 

History Bucket Diagnostics (Avg Abs Error per sample, normalized units):
Hist | Count | MAE_Pred | MAE_Base | PredDevFromBase
-----|-------|----------|----------|----------------
0    | 71    | 0.8009   | 2.2794   | 2.1500 
1    | 31    | 0.4852   | 1.2121   | 1.1186 
2    | 24    | 0.5078   | 1.0693   | 1.0020 
3-5  | 68    | 0.4522   | 0.9838   | 0.9233 
6+   | 208   | 0.3164   | 0.4743   | 0.4148 

Epoch 381: loss = 0.609597 delta_mae_pts = 0.4494 recap_mae_pts = 0.4494 cat_mae_pts = 0.4756 total_mae_pts = 1.0537 vs_inertia_pts = 0.5223 vs_quad_pts = 1.6429 mon_cov = 0.971 mon_score = 5.0128 time = 42679.40 s

Epoch 382: Weights {"totalWeight":0.1,"recapWeight":0.05,"deltaWeight":9.75,"categoryWeight":0.05,"quantileWeight":1.1,"consistencyWeight":0,"identityDropoutRate":0.05}, Scales {"judgeBias":1,"corps":1}, SeqLen 15, ID_Drop 0.058, WFW 1.500 

History Bucket Diagnostics (Avg Abs Error per sample, normalized units):
Hist | Count | MAE_Pred | MAE_Base | PredDevFromBase
-----|-------|----------|----------|----------------
0    | 71    | 0.8014   | 2.2794   | 2.1517 
1    | 31    | 0.4880   | 1.2121   | 1.1150 
2    | 24    | 0.4996   | 1.0693   | 1.0048 
3-5  | 68    | 0.4582   | 0.9838   | 0.9224 
6+   | 208   | 0.3147   | 0.4743   | 0.4150 

Epoch 382: loss = 0.576358 delta_mae_pts = 0.4493 recap_mae_pts = 0.4493 cat_mae_pts = 0.4749 total_mae_pts = 1.0573 vs_inertia_pts = 0.5224 vs_quad_pts = 1.6430 mon_cov = 0.970 mon_score = 5.0088 time = 42791.90 s

Epoch 383: Weights {"totalWeight":0.1,"recapWeight":0.05,"deltaWeight":9.75,"categoryWeight":0.05,"quantileWeight":1.1,"consistencyWeight":0,"identityDropoutRate":0.05}, Scales {"judgeBias":1,"corps":1}, SeqLen 15, ID_Drop 0.058, WFW 1.500 

History Bucket Diagnostics (Avg Abs Error per sample, normalized units):
Hist | Count | MAE_Pred | MAE_Base | PredDevFromBase
-----|-------|----------|----------|----------------
0    | 71    | 0.8014   | 2.2794   | 2.1459 
1    | 31    | 0.4858   | 1.2121   | 1.1109 
2    | 24    | 0.5042   | 1.0693   | 0.9985 
3-5  | 68    | 0.4572   | 0.9838   | 0.9135 
6+   | 208   | 0.3158   | 0.4743   | 0.4104 

Epoch 383: loss = 0.572748 delta_mae_pts = 0.4498 recap_mae_pts = 0.4498 cat_mae_pts = 0.4766 total_mae_pts = 1.0552 vs_inertia_pts = 0.5219 vs_quad_pts = 1.6424 mon_cov = 0.970 mon_score = 5.0164 time = 42902.84 s

Epoch 384: Weights {"totalWeight":0.1,"recapWeight":0.05,"deltaWeight":9.75,"categoryWeight":0.05,"quantileWeight":1.1,"consistencyWeight":0,"identityDropoutRate":0.05}, Scales {"judgeBias":1,"corps":1}, SeqLen 15, ID_Drop 0.066, WFW 1.500 

History Bucket Diagnostics (Avg Abs Error per sample, normalized units):
Hist | Count | MAE_Pred | MAE_Base | PredDevFromBase
-----|-------|----------|----------|----------------
0    | 71    | 0.8004   | 2.2794   | 2.1606 
1    | 31    | 0.4859   | 1.2121   | 1.1150 
2    | 24    | 0.5091   | 1.0693   | 1.0091 
3-5  | 68    | 0.4570   | 0.9838   | 0.9260 
6+   | 208   | 0.3161   | 0.4743   | 0.4170 

Epoch 384: loss = 0.612124 delta_mae_pts = 0.4501 recap_mae_pts = 0.4501 cat_mae_pts = 0.4765 total_mae_pts = 1.0644 vs_inertia_pts = 0.5216 vs_quad_pts = 1.6422 mon_cov = 0.970 mon_score = 5.0185 time = 43014.83 s

Epoch 385: Weights {"totalWeight":0.1,"recapWeight":0.05,"deltaWeight":9.75,"categoryWeight":0.05,"quantileWeight":1.1,"consistencyWeight":0,"identityDropoutRate":0.05}, Scales {"judgeBias":1,"corps":1}, SeqLen 15, ID_Drop 0.067, WFW 1.500 

History Bucket Diagnostics (Avg Abs Error per sample, normalized units):
Hist | Count | MAE_Pred | MAE_Base | PredDevFromBase
-----|-------|----------|----------|----------------
0    | 71    | 0.8024   | 2.2794   | 2.1420 
1    | 31    | 0.4876   | 1.2121   | 1.1135 
2    | 24    | 0.5075   | 1.0693   | 0.9918 
3-5  | 68    | 0.4572   | 0.9838   | 0.9185 
6+   | 208   | 0.3148   | 0.4743   | 0.4099 

Epoch 385: loss = 0.616551 delta_mae_pts = 0.4498 recap_mae_pts = 0.4498 cat_mae_pts = 0.4777 total_mae_pts = 1.0537 vs_inertia_pts = 0.5219 vs_quad_pts = 1.6424 mon_cov = 0.970 mon_score = 5.0158 time = 43124.83 s

Epoch 386: Weights {"totalWeight":0.1,"recapWeight":0.05,"deltaWeight":9.75,"categoryWeight":0.05,"quantileWeight":1.1,"consistencyWeight":0,"identityDropoutRate":0.05}, Scales {"judgeBias":1,"corps":1}, SeqLen 15, ID_Drop 0.066, WFW 1.500 

History Bucket Diagnostics (Avg Abs Error per sample, normalized units):
Hist | Count | MAE_Pred | MAE_Base | PredDevFromBase
-----|-------|----------|----------|----------------
0    | 71    | 0.7963   | 2.2794   | 2.1459 
1    | 31    | 0.4857   | 1.2121   | 1.1132 
2    | 24    | 0.5084   | 1.0693   | 1.0031 
3-5  | 68    | 0.4563   | 0.9838   | 0.9188 
6+   | 208   | 0.3158   | 0.4743   | 0.4131 

Epoch 386: loss = 0.615474 delta_mae_pts = 0.4490 recap_mae_pts = 0.4490 cat_mae_pts = 0.4768 total_mae_pts = 1.0598 vs_inertia_pts = 0.5227 vs_quad_pts = 1.6433 mon_cov = 0.971 mon_score = 5.0098 time = 43238.51 s

Epoch 387: Weights {"totalWeight":0.1,"recapWeight":0.05,"deltaWeight":9.75,"categoryWeight":0.05,"quantileWeight":1.1,"consistencyWeight":0,"identityDropoutRate":0.05}, Scales {"judgeBias":1,"corps":1}, SeqLen 15, ID_Drop 0.058, WFW 1.500 

History Bucket Diagnostics (Avg Abs Error per sample, normalized units):
Hist | Count | MAE_Pred | MAE_Base | PredDevFromBase
-----|-------|----------|----------|----------------
0    | 71    | 0.7953   | 2.2794   | 2.1407 
1    | 31    | 0.4880   | 1.2121   | 1.1149 
2    | 24    | 0.5039   | 1.0693   | 1.0043 
3-5  | 68    | 0.4573   | 0.9838   | 0.9262 
6+   | 208   | 0.3160   | 0.4743   | 0.4143 

Epoch 387: loss = 0.612059 delta_mae_pts = 0.4490 recap_mae_pts = 0.4490 cat_mae_pts = 0.4767 total_mae_pts = 1.0589 vs_inertia_pts = 0.5227 vs_quad_pts = 1.6433 mon_cov = 0.972 mon_score = 5.0070 time = 43370.03 s

Epoch 388: Weights {"totalWeight":0.1,"recapWeight":0.05,"deltaWeight":9.75,"categoryWeight":0.05,"quantileWeight":1.1,"consistencyWeight":0,"identityDropoutRate":0.05}, Scales {"judgeBias":1,"corps":1}, SeqLen 15, ID_Drop 0.049, WFW 1.500 

History Bucket Diagnostics (Avg Abs Error per sample, normalized units):
Hist | Count | MAE_Pred | MAE_Base | PredDevFromBase
-----|-------|----------|----------|----------------
0    | 71    | 0.7939   | 2.2794   | 2.1512 
1    | 31    | 0.4862   | 1.2121   | 1.1139 
2    | 24    | 0.5080   | 1.0693   | 1.0021 
3-5  | 68    | 0.4571   | 0.9838   | 0.9208 
6+   | 208   | 0.3150   | 0.4743   | 0.4146 

Epoch 388: loss = 0.568940 delta_mae_pts = 0.4483 recap_mae_pts = 0.4483 cat_mae_pts = 0.4751 total_mae_pts = 1.0558 vs_inertia_pts = 0.5234 vs_quad_pts = 1.6440 mon_cov = 0.971 mon_score = 5.0012 time = 43450.11 s

Epoch 389: Weights {"totalWeight":0.1,"recapWeight":0.05,"deltaWeight":9.75,"categoryWeight":0.05,"quantileWeight":1.1,"consistencyWeight":0,"identityDropoutRate":0.05}, Scales {"judgeBias":1,"corps":1}, SeqLen 15, ID_Drop 0.054, WFW 1.500 

History Bucket Diagnostics (Avg Abs Error per sample, normalized units):
Hist | Count | MAE_Pred | MAE_Base | PredDevFromBase
-----|-------|----------|----------|----------------
0    | 71    | 0.7972   | 2.2794   | 2.1484 
1    | 31    | 0.4891   | 1.2121   | 1.1106 
2    | 24    | 0.5032   | 1.0693   | 1.0038 
3-5  | 68    | 0.4548   | 0.9838   | 0.9219 
6+   | 208   | 0.3153   | 0.4743   | 0.4124 

Epoch 389: loss = 0.564470 delta_mae_pts = 0.4486 recap_mae_pts = 0.4486 cat_mae_pts = 0.4749 total_mae_pts = 1.0516 vs_inertia_pts = 0.5231 vs_quad_pts = 1.6437 mon_cov = 0.971 mon_score = 5.0041 time = 43560.30 s

Epoch 390: Weights {"totalWeight":0.1,"recapWeight":0.05,"deltaWeight":9.75,"categoryWeight":0.05,"quantileWeight":1.1,"consistencyWeight":0,"identityDropoutRate":0.05}, Scales {"judgeBias":1,"corps":1}, SeqLen 15, ID_Drop 0.055, WFW 1.500 

History Bucket Diagnostics (Avg Abs Error per sample, normalized units):
Hist | Count | MAE_Pred | MAE_Base | PredDevFromBase
-----|-------|----------|----------|----------------
0    | 71    | 0.7952   | 2.2794   | 2.1451 
1    | 31    | 0.4862   | 1.2121   | 1.1057 
2    | 24    | 0.5077   | 1.0693   | 0.9899 
3-5  | 68    | 0.4548   | 0.9838   | 0.9136 
6+   | 208   | 0.3158   | 0.4743   | 0.4097 

Epoch 390: loss = 0.563557 delta_mae_pts = 0.4486 recap_mae_pts = 0.4486 cat_mae_pts = 0.4746 total_mae_pts = 1.0499 vs_inertia_pts = 0.5231 vs_quad_pts = 1.6437 mon_cov = 0.971 mon_score = 5.0045 time = 43673.04 s

Epoch 391: Weights {"totalWeight":0.1,"recapWeight":0.05,"deltaWeight":9.75,"categoryWeight":0.05,"quantileWeight":1.1,"consistencyWeight":0,"identityDropoutRate":0.05}, Scales {"judgeBias":1,"corps":1}, SeqLen 15, ID_Drop 0.060, WFW 1.500 

History Bucket Diagnostics (Avg Abs Error per sample, normalized units):
Hist | Count | MAE_Pred | MAE_Base | PredDevFromBase
-----|-------|----------|----------|----------------
0    | 71    | 0.7909   | 2.2794   | 2.1470 
1    | 31    | 0.4869   | 1.2121   | 1.1191 
2    | 24    | 0.5083   | 1.0693   | 1.0101 
3-5  | 68    | 0.4545   | 0.9838   | 0.9270 
6+   | 208   | 0.3154   | 0.4743   | 0.4178 

Epoch 391: loss = 0.604638 delta_mae_pts = 0.4477 recap_mae_pts = 0.4477 cat_mae_pts = 0.4741 total_mae_pts = 1.0549 vs_inertia_pts = 0.5241 vs_quad_pts = 1.6446 mon_cov = 0.971 mon_score = 4.9932 time = 43781.54 s

Epoch 392: Weights {"totalWeight":0.1,"recapWeight":0.05,"deltaWeight":9.75,"categoryWeight":0.05,"quantileWeight":1.1,"consistencyWeight":0,"identityDropoutRate":0.05}, Scales {"judgeBias":1,"corps":1}, SeqLen 15, ID_Drop 0.071, WFW 1.500 

History Bucket Diagnostics (Avg Abs Error per sample, normalized units):
Hist | Count | MAE_Pred | MAE_Base | PredDevFromBase
-----|-------|----------|----------|----------------
0    | 71    | 0.7959   | 2.2794   | 2.1531 
1    | 31    | 0.4878   | 1.2121   | 1.1174 
2    | 24    | 0.5064   | 1.0693   | 1.0048 
3-5  | 68    | 0.4541   | 0.9838   | 0.9233 
6+   | 208   | 0.3160   | 0.4743   | 0.4169 

Epoch 392: loss = 0.616223 delta_mae_pts = 0.4487 recap_mae_pts = 0.4487 cat_mae_pts = 0.4758 total_mae_pts = 1.0553 vs_inertia_pts = 0.5230 vs_quad_pts = 1.6435 mon_cov = 0.971 mon_score = 5.0034 time = 43894.36 s

Epoch 393: Weights {"totalWeight":0.1,"recapWeight":0.05,"deltaWeight":9.75,"categoryWeight":0.05,"quantileWeight":1.1,"consistencyWeight":0,"identityDropoutRate":0.05}, Scales {"judgeBias":1,"corps":1}, SeqLen 15, ID_Drop 0.078, WFW 1.500 

History Bucket Diagnostics (Avg Abs Error per sample, normalized units):
Hist | Count | MAE_Pred | MAE_Base | PredDevFromBase
-----|-------|----------|----------|----------------
0    | 71    | 0.8008   | 2.2794   | 2.1541 
1    | 31    | 0.4866   | 1.2121   | 1.1120 
2    | 24    | 0.5072   | 1.0693   | 0.9986 
3-5  | 68    | 0.4523   | 0.9838   | 0.9187 
6+   | 208   | 0.3149   | 0.4743   | 0.4127 

Epoch 393: loss = 0.622142 delta_mae_pts = 0.4487 recap_mae_pts = 0.4487 cat_mae_pts = 0.4767 total_mae_pts = 1.0515 vs_inertia_pts = 0.5230 vs_quad_pts = 1.6436 mon_cov = 0.970 mon_score = 5.0056 time = 44004.28 s

Epoch 394: Weights {"totalWeight":0.1,"recapWeight":0.05,"deltaWeight":9.75,"categoryWeight":0.05,"quantileWeight":1.1,"consistencyWeight":0,"identityDropoutRate":0.05}, Scales {"judgeBias":1,"corps":1}, SeqLen 15, ID_Drop 0.071, WFW 1.500 

History Bucket Diagnostics (Avg Abs Error per sample, normalized units):
Hist | Count | MAE_Pred | MAE_Base | PredDevFromBase
-----|-------|----------|----------|----------------
0    | 71    | 0.7977   | 2.2794   | 2.1549 
1    | 31    | 0.4887   | 1.2121   | 1.1199 
2    | 24    | 0.5106   | 1.0693   | 1.0067 
3-5  | 68    | 0.4539   | 0.9838   | 0.9251 
6+   | 208   | 0.3162   | 0.4743   | 0.4151 

Epoch 394: loss = 0.608964 delta_mae_pts = 0.4494 recap_mae_pts = 0.4494 cat_mae_pts = 0.4754 total_mae_pts = 1.0565 vs_inertia_pts = 0.5223 vs_quad_pts = 1.6429 mon_cov = 0.971 mon_score = 5.0087 time = 44117.32 s

Epoch 395: Weights {"totalWeight":0.1,"recapWeight":0.05,"deltaWeight":9.75,"categoryWeight":0.05,"quantileWeight":1.1,"consistencyWeight":0,"identityDropoutRate":0.05}, Scales {"judgeBias":1,"corps":1}, SeqLen 15, ID_Drop 0.072, WFW 1.500 

History Bucket Diagnostics (Avg Abs Error per sample, normalized units):
Hist | Count | MAE_Pred | MAE_Base | PredDevFromBase
-----|-------|----------|----------|----------------
0    | 71    | 0.8012   | 2.2794   | 2.1563 
1    | 31    | 0.4910   | 1.2121   | 1.1119 
2    | 24    | 0.5065   | 1.0693   | 1.0006 
3-5  | 68    | 0.4547   | 0.9838   | 0.9238 
6+   | 208   | 0.3169   | 0.4743   | 0.4128 

Epoch 395: loss = 0.620468 delta_mae_pts = 0.4505 recap_mae_pts = 0.4505 cat_mae_pts = 0.4764 total_mae_pts = 1.0575 vs_inertia_pts = 0.5212 vs_quad_pts = 1.6418 mon_cov = 0.972 mon_score = 5.0253 time = 44226.81 s

Epoch 396: Weights {"totalWeight":0.1,"recapWeight":0.05,"deltaWeight":9.75,"categoryWeight":0.05,"quantileWeight":1.1,"consistencyWeight":0,"identityDropoutRate":0.05}, Scales {"judgeBias":1,"corps":1}, SeqLen 15, ID_Drop 0.073, WFW 1.500 

History Bucket Diagnostics (Avg Abs Error per sample, normalized units):
Hist | Count | MAE_Pred | MAE_Base | PredDevFromBase
-----|-------|----------|----------|----------------
0    | 71    | 0.7973   | 2.2794   | 2.1587 
1    | 31    | 0.4868   | 1.2121   | 1.1207 
2    | 24    | 0.5069   | 1.0693   | 1.0097 
3-5  | 68    | 0.4567   | 0.9838   | 0.9266 
6+   | 208   | 0.3160   | 0.4743   | 0.4160 

Epoch 396: loss = 0.618524 delta_mae_pts = 0.4494 recap_mae_pts = 0.4494 cat_mae_pts = 0.4770 total_mae_pts = 1.0594 vs_inertia_pts = 0.5223 vs_quad_pts = 1.6429 mon_cov = 0.970 mon_score = 5.0118 time = 44340.04 s

Epoch 397: Weights {"totalWeight":0.1,"recapWeight":0.05,"deltaWeight":9.75,"categoryWeight":0.05,"quantileWeight":1.1,"consistencyWeight":0,"identityDropoutRate":0.05}, Scales {"judgeBias":1,"corps":1}, SeqLen 15, ID_Drop 0.070, WFW 1.500 

History Bucket Diagnostics (Avg Abs Error per sample, normalized units):
Hist | Count | MAE_Pred | MAE_Base | PredDevFromBase
-----|-------|----------|----------|----------------
0    | 71    | 0.8012   | 2.2794   | 2.1579 
1    | 31    | 0.4893   | 1.2121   | 1.1122 
2    | 24    | 0.5115   | 1.0693   | 0.9986 
3-5  | 68    | 0.4534   | 0.9838   | 0.9199 
6+   | 208   | 0.3152   | 0.4743   | 0.4126 

Epoch 397: loss = 0.621600 delta_mae_pts = 0.4496 recap_mae_pts = 0.4496 cat_mae_pts = 0.4759 total_mae_pts = 1.0525 vs_inertia_pts = 0.5222 vs_quad_pts = 1.6427 mon_cov = 0.971 mon_score = 5.0117 time = 44451.04 s

Epoch 398: Weights {"totalWeight":0.1,"recapWeight":0.05,"deltaWeight":9.75,"categoryWeight":0.05,"quantileWeight":1.1,"consistencyWeight":0,"identityDropoutRate":0.05}, Scales {"judgeBias":1,"corps":1}, SeqLen 15, ID_Drop 0.064, WFW 1.500 

History Bucket Diagnostics (Avg Abs Error per sample, normalized units):
Hist | Count | MAE_Pred | MAE_Base | PredDevFromBase
-----|-------|----------|----------|----------------
0    | 71    | 0.8029   | 2.2794   | 2.1611 
1    | 31    | 0.4898   | 1.2121   | 1.1185 
2    | 24    | 0.5037   | 1.0693   | 1.0091 
3-5  | 68    | 0.4560   | 0.9838   | 0.9221 
6+   | 208   | 0.3162   | 0.4743   | 0.4154 

Epoch 398: loss = 0.577714 delta_mae_pts = 0.4504 recap_mae_pts = 0.4504 cat_mae_pts = 0.4760 total_mae_pts = 1.0583 vs_inertia_pts = 0.5214 vs_quad_pts = 1.6419 mon_cov = 0.972 mon_score = 5.0235 time = 44561.94 s

Epoch 399: Weights {"totalWeight":0.1,"recapWeight":0.05,"deltaWeight":9.75,"categoryWeight":0.05,"quantileWeight":1.1,"consistencyWeight":0,"identityDropoutRate":0.05}, Scales {"judgeBias":1,"corps":1}, SeqLen 15, ID_Drop 0.065, WFW 1.500 

History Bucket Diagnostics (Avg Abs Error per sample, normalized units):
Hist | Count | MAE_Pred | MAE_Base | PredDevFromBase
-----|-------|----------|----------|----------------
0    | 71    | 0.8042   | 2.2794   | 2.1583 
1    | 31    | 0.4856   | 1.2121   | 1.1205 
2    | 24    | 0.5074   | 1.0693   | 1.0125 
3-5  | 68    | 0.4549   | 0.9838   | 0.9215 
6+   | 208   | 0.3160   | 0.4743   | 0.4158 

Epoch 399: loss = 0.582619 delta_mae_pts = 0.4502 recap_mae_pts = 0.4502 cat_mae_pts = 0.4765 total_mae_pts = 1.0572 vs_inertia_pts = 0.5215 vs_quad_pts = 1.6421 mon_cov = 0.970 mon_score = 5.0157 time = 44672.79 s
Selecting final weights: best-checkpoint
Saving final production model to models\v9_subcaption_fixed\v9fix_swa_train_best_export_1770556452661...

--- FINAL TEST EVALUATION ---
TEST RESULTS: delta_mae_pts = 0.3463, recap_mae_pts = 0.3463, cat_mae_pts = 0.4048, total_mae_pts = 0.9055, coverage = 0.969, width = 3.2414, width_floor_pct = 0.000 
Production training complete.
